#漢字	音標	解釋
㐁	tʰɑm3/tʰɑm3	
㐁	tʲʰɛm3/tʰiem3	
㐄	qʰwa2/kʰua2	
㐄	qʰwa3/kʰua3	
㐆	ʔˠi1/ʔɨi̯1	
㐆	ʔˠin2/ʔɨn2	
㐭	lˠim2/ɭim2	
㐱	tɕin2/tʃin2	
㐲	dɑj3/dɑi3	
㐸	kˠʰɛm3/kʰɨem3	
㑁	ʈˠwit4/ʈyt4	
㑃	ʔaw3/ʔɯau3	
㑉	sʲɨwk4/sɨuk4	
㑗	ɕin1/ʃin1	
㑙	tʲɛp4/tiep4	
㑛	sɨwk4/suk4	
㑛	ɕuk4/ʃɨuk4	
㑜	jɛj3/jiei3	
㑜	ʈˠʰɛj3/ʈʰiei3	
㑞	jɨŋ3/jiŋ3	
㑟	pɛŋ2/puɛŋ2	
㑥	ji3/ji3	
㑦	lʲɛj3/liei3	
㑮	ʁwɨn1/ɦun1	
㑮	ɴwɨn1/ŋun1	
㑳	tʂu1/tʂʅu1	
㑳	dʐɨw3/dʐʅᵊu3	
㑳	ɳap4/ɳɯap4	
㑵	dzʲit4/dzit4	
㑻	mat4/muat4	
㑿	dʐaw3/dʐɯau3	
㒄	ɲɛn2/ɲʒien2	
㒄	ɕɛn2/ʃien2	
㒅	kʲʰɛj2/kʰiei2	
㒇	ɱu2/mvu2	
㒈	χam3/hɯam3	
㒊	ʂip4/ʂʅᵊp4	
㒋	si1/si1	
㒌	ɡʲwɛŋ1/ɡyeŋ1	
㒓	tʰɑt4/tʰɑt4	
㒔	dɨwk4/duk4	
㒔	ʑuk4/ʒɨuk4	
㒚	ʔwɨn2/ʔun2	
㒚	ʔˠin3/ʔɨn3	
㒝	ɱɛt4/mvuɐt4	
㒝	mʲɛt4/miet4	
㒟	nʲɛw2/nieu2	
㒠	ʁaj3/ɦɯai3	
㒥	fʰuŋ1/pfʰuŋ1	
㒰	dzʲwɛn1/dzyen1	
㒳	lˠɑŋ2/ɭɨɔŋ2	
㒴	qwɨt4/kut4	
㒸	zʲwi3/zyi̯3	
㒹	tʲɛn1/tien1	
㒼	mɑn1/muon1	
㒽	kˠʰwɛn1/kʰʉon1	
㒾	ji3/ji3	
㒾	ɕi3/ʃi3	
㓃	tu3/tu3	
㓃	ʈa3/ʈɯa3	
㓄	ʈˠim3/ʈim3	
㓊	dɨwŋ3/duŋ3	
㓖	pʲit4/pit4	
㓚	qɨwŋ1/kuŋ1	
㓝	ɣʲɛŋ1/ɦieŋ1	
㓞	qʰat4/kʰɯat4	
㓠	tʲɛm2/tiem2	
㓢	lɑk4/lɑk4	
㓣	qʰap4/kʰɯap4	
㓤	qʰat4/kʰɯat4	
㓱	dɨw1/dəu1	
㓳	tʲɛj1/tiei1	
㓷	ŋˠɛj3/ŋɨei3	
㓹	tsʲʰwɛj3/tsʰyei3	
㓺	kˠɛn1/kɨen1	
㓻	qɑŋ1/kɑŋ1	
㓼	tʂʰit4/tʂʰʅᵊt4	
㓽	dʐɨwŋ1/dʐʅuŋ1	
㓽	dʐɨwŋ3/dʐʅuŋ3	
㔄	sʲuk4/sɨuk4	
㔆	dzɑm3/dzɑm3	
㔊	tɕɛn2/tʃien2	
㔋	qam1/kɯam1	
㔋	ʁam3/ɦɯam3	
㔋	lɑm3/lɑm3	
㔋	qam3/kɯam3	
㔌	dzɨw1/dzəu1	
㔌	dzɨw3/dzəu3	
㔍	tʂʰwat4/tʂʰuat4	
㔍	tʂʰwɛt4/tʂʰʯet4	
㔎	ŋˠit4/ŋɨt4	
㔎	sʲɛt4/siet4	
㔏	lʲɛk4/liek4	
㔒	ɣʲwɛj1/ɦyei1	
㔓	kˠɛn2/kɨen2	
㔗	vi3/bvi3	
㔙	pɛŋ1/puɛŋ1	
㔝	lˠɑŋ2/ɭɨɔŋ2	
㔞	qʰwaj1/kʰuai1	
㔠	χat4/hɯat4	
㔡	pʲɛt4/piet4	
㔢	tsʲwɛt4/tsyet4	
㔣	lwɑj1/luoi1	
㔣	lwɑj3/luoi3	
㔥	baj3/buai3	
㔩	ʔɑp4/ʔɑp4	
㔪	lu2/lu2	
㔮	nɑ1/nɑ1	
㔯	zʲwɛn1/zyen1	
㔴	jɨk4/jik4	
㔶	qɑm2/kɑm2	
㔶	qɨwŋ3/kuŋ3	
㔸	tʲʰɛj1/tʰiei1	
㔹	lɨk4/lək4	
㔻	pˠʰi1/pʰɨi̯1	
㕀	jɨw1/jiu̯1	
㕆	tu2/tu2	
㕆	ʁu3/ɦu3	
㕇	lɑp4/lɑp4	
㕈	ʔˠi2/ʔɨi̯2	
㕈	ʔɑj2/ʔɑi2	
㕈	ʔwɑj3/ʔuoi3	
㕊	fʰu1/pfʰu1	
㕋	ɡˠim1/ɡɨm1	
㕎	qʰɑp4/kʰɑp4	
㕒	ŋˠwi1/ŋɨui1	
㕗	jɨw2/jiu̯2	
㕙	tsʲʰwin1/tsʰyn1	
㕙	tsʲwin3/tsyn3	
㕚	tʂaw2/tʂɯau2	
㕛	ɰɨw2/ɨu̯2	
㕞	ʂwɛt4/ʂʯet4	
㕟	qʰwaj3/kʰuai3	
㕡	χɑk4/hɑk4	
㕢	ʁaj3/ɦɯai3	
㕢	qɑj3/kɑi3	
㕣	jwɛn2/jyen2	
㕦	ʁwa3/ɦua3	
㕧	xˠi3/hɨi̯3	
㕬	tɕuŋ1/tʃɨuŋ1	
㕭	ʔaw1/ʔɯau1	
㕮	fu2/pfu2	
㕮	vu3/bvu3	
㕯	nwɨt4/nut4	
㕯	ɳwat4/ɳuat4	
㕯	ɲwɛt4/ɲʒyet4	
㕰	χawk4/hɯak4	
㖃	ʁɨw3/ɦəu3	
㖃	χɨw2/həu2	
㖃	χɨw3/həu3	
㖅	sʲwit4/syt4	
㖏	nʲɛt4/niet4	
㖑	χaj3/hɯai3	
㖒	dʲɛj1/diei1	
㖘	tɕin1/tʃin1	
㖟	ʑɨw3/ʒiu̯3	
㖥	ɡˠun3/ɡɨun3	
㖩	tsʲu1/tsɨ̯u1	
㖪	χwɛk4/huɛk4	
㖷	ʑi1/dʒi1	
㗁	ɴɑk4/ŋɑk4	
㗉	lˠɑk4/ɭɨɔk4	
㗊	tʂip4/tʂʅᵊp4	
㗔	kˠʰɛn1/kʰɨen1	
㗕	qɨw1/kəu1	
㗗	pˠi2/pɨi̯2	
㗘	pɑk4/puɔk4	
㗙	ɳap4/ɳɯap4	
㗚	lˠit4/ɭit4	
㗛	sʲɛw3/sieu3	
㗢	ʁɨwŋ1/ɦuŋ1	
㗢	dɨwŋ3/duŋ3	
㗢	ʁɨwŋ3/ɦuŋ3	
㗤	tsʲɨwk4/tsɨuk4	
㗦	lɑw1/lɑu1	
㗧	ʈˠit4/ʈit4	
㗧	tʲɛt4/tiet4	
㗨	χaj1/hɯai1	
㗩	sʲip4/sip4	
㗫	tsʲʰɛt4/tsʰiet4	
㗬	ʈʰa1/ʈʰɯa1	
㗱	tsʲip4/tsip4	
㗲	ʁwɛk4/ɦuɛk4	
㗴	ɴan1/ŋɯan1	
㗵	xˠut4/hɨut4	
㗻	qwɑ1/kuɔ1	
㗻	ʁwɑ1/ɦuɔ1	
㗼	ŋˠɛp4/ŋɨep4	
㗾	xˠwɑ1/hʉɔ1	
㗿	χɑ2/hɑ2	
㗿	χa2/hɯa2	
㗿	χa3/hɯa3	
㘀	tsɑk4/tsɑk4	
㘀	tswɑk4/tsuɔk4	
㘁	jɛk4/jiek4	
㘆	tʰɑj2/tʰɑi2	
㘈	ŋˠi3/ŋɨi̯3	
㘈	ŋˠɨk4/ŋɨk4	
㘉	tʂit4/tʂʅᵊt4	
㘋	ɣʲɛn3/ɦien3	
㘋	ɣʲɛn1/ɦien1	
㘌	ɡˠɛk4/ɡɨek4	
㘓	lɑn1/lɑn1	
㘙	ŋˠɛk4/ŋɨek4	
㘝	ɳˠip4/ɳip4	
㘝	ɳap4/ɳɯap4	
㘠	pˠɨk4/pɨk4	
㘣	xʲwɛn1/hyen1	
㘣	zʲwɛn1/zyen1	
㘥	jɨw1/jiu̯1	
㘨	nʲɛp4/niep4	
㘰	tɕim1/tʃim1	
㘱	tʰɑm1/tʰɑm1	
㘲	kˠɨwk4/kɨuk4	
㘻	ʔʲin1/ʔin1	
㘿	nʲɛt4/niet4	
㙀	lˠɨw3/ɭiu̯3	
㙁	mɨwk4/mvuk4	
㙃	pɛŋ1/puɛŋ1	
㙄	bʲɛj3/biei3	
㙇	ʈˠʰuk4/ʈʰɨuk4	
㙊	ɖˠɑŋ1/ɖɨɔŋ1	
㙏	fʰuk4/pfʰuk4	
㙙	lˠuŋ2/ɭɨuŋ2	
㙠	ʔʲɛj1/ʔiei1	
㙠	ʔʲɛj3/ʔiei3	
㙤	χa3/hɯa3	
㙨	ɡˠi1/ɡɨi̯1	
㙩	lʲɛw1/lieu1	
㙩	lˠɛw3/ɭieu3	
㙪	ʔˠi3/ʔɨi̯3	
㙪	ʔʲɛj3/ʔiei3	
㙱	ʁɑw3/ɦɑu3	
㙴	tɕʰɛm3/tʃʰiem3	
㙷	ɖˠip4/ɖip4	
㙷	ɖˠɛp4/ɖiep4	
㙻	ɖˠɛn1/ɖien1	
㚀	xˠi1/hɨi̯1	
㚁	kˠʰɛw3/kʰɨeu3	
㚂	nɑŋ3/nɑŋ3	
㚃	ʔˠun1/ʔɨun1	
㚅	lˠɨwŋ1/ɭɨuŋ1	
㚇	tsɨwŋ1/tsuŋ1	
㚇	tsɨwŋ3/tsuŋ3	
㚊	qʰɑj1/kʰɑi1	
㚋	tʲɛw1/tieu1	
㚍	qʰwɑj2/kʰuoi2	
㚒	ɕɛm2/ʃiem2	
㚒	ɕɛk4/ʃiek4	
㚔	ɳˠɛp4/ɳiep4	
㚖	qɑw2/kɑu2	
㚖	tɕʰɛk4/tʃʰiek4	
㚗	dzʲa1/dzia1	
㚘	bɑn3/buon3	
㚛	xʲɛj3/hiei3	
㚛	xʲɛt4/hiet4	
㚜	ɰwɨk4/ʉik4	
㚠	xʲɛw1/hieu1	
㚠	kʲʰɛw1/kʰieu1	
㚢	nu1/nu1	
㚤	jɨk4/jik4	
㚫	sɑp4/sɑp4	
㚲	tɕʰɛm1/tʃʰiem1	
㚲	tɕʰɛp4/tʃʰiep4	
㚷	ɳaj2/ɳɯai2	
㛁	pʰɛŋ1/pʰuɛŋ1	
㛂	ɴwɑ2/ŋuɔ2	
㛂	nwɑ2/nuɔ2	
㛄	ʔˠi1/ʔɨi̯1	
㛅	ɲi3/ɲʒi3	
㛊	twɑ3/tuɔ3	
㛍	xˠɛm2/hɨem2	
㛍	kʲʰɛp4/kʰiep4	
㛍	xʲɛp4/hiep4	
㛐	sɑw2/sɑu2	
㛑	tsʰɑn3/tsʰɑn3	
㛒	dɨw3/dəu3	
㛗	swɑ1/suɔ1	
㛗	tsʰwɑ1/tsʰuɔ1	
㛘	pʰɨt4/pʰut4	
㛥	tʰɑp4/tʰɑp4	
㛧	mɑm2/muɔm2	
㛪	ʔˠɛm3/ʔɨem3	
㛮	sɑw2/sɑu2	
㛱	ʔwɑj2/ʔuoi2	
㛳	tɕɛj3/tʃiei3	
㛳	jɛj3/jiei3	
㛴	nɑw2/nɑu2	
㛶	tʰɑn3/tʰɑn3	
㛹	bʲɛn1/bien1	
㛼	tʂʰap4/tʂʰɯap4	
㜅	xˠɨwk4/hɨuk4	
㜇	ʔʲwi3/ʔyi̯3	
㜊	ʈˠɛn2/ʈien2	
㜌	qʰɨw3/kʰəu3	
㜎	ɣʲɛj1/ɦiei1	
㜓	tɑp4/tɑp4	
㜗	tsʰɑm1/tsʰɑm1	
㜗	tsʰɑm2/tsʰɑm2	
㜗	tsʰɑp4/tsʰɑp4	
㜘	tsʲa1/tsia1	
㜝	ɴɑm2/ŋɑm2	
㜝	ʁɑm3/ɦɑm3	
㜢	lˠu2/ɭɨ̯u2	
㜣	ɲɛn1/ɲʒien1	
㜣	ɕɛn2/ʃien2	
㜣	nʲɛn3/nien3	
㜤	ɕim2/ʃim2	
㜤	nʲɛm2/niem2	
㜪	ʂin1/ʂʅᵊn1	
㜮	lɑm3/lɑm3	
㜰	jɑk4/jɨɔk4	
㜰	ɕɑk4/ʃɨɔk4	
㜲	jɛŋ1/jieŋ1	
㜳	ʁwaj1/ɦuai1	
㜵	nʲɛw2/nieu2	
㜷	mʲi1/mi1	
㜸	ŋˠɛt4/ŋɨet4	
㜺	tsɑn3/tsɑn3	
㜺	dzɑn3/dzɑn3	
㜽	tsi2/tsi2	
㝂	tɕɛj3/tʃiei3	
㝃	ɱɛn2/mvuɐn2	
㝃	mˠɛn2/mɨen2	
㝅	nɨw2/nəu2	
㝅	qɨw3/kəu3	
㝈	ʂwan3/ʂuan3	
㝈	ʂwɛn3/ʂʯen3	
㝌	jɨw2/jiu̯2	
㝌	kˠɨw3/kɨu̯3	
㝏	qaj3/kɯai3	
㝐	juŋ1/jɨuŋ1	
㝖	ŋˠi1/ŋɨi̯1	
㝗	lɑŋ1/lɑŋ1	
㝗	lɑŋ2/lɑŋ2	
㝞	ʔa1/ʔɯa1	
㝢	ɰu2/ɨ̯u2	
㝣	ʔʲɛj3/ʔiei3	
㝣	ʔʲɛt4/ʔiet4	
㝤	qɨw3/kəu3	
㝩	qʰɑŋ1/kʰɑŋ1	
㝩	qʰɑŋ2/kʰɑŋ2	
㝪	tʲɛm3/tiem3	
㝪	tʲɛp4/tiep4	
㝯	ɡˠɛw1/ɡɨeu1	
㝰	mʲɛn1/mien1	
㝱	mɨwŋ3/mvuŋ3	
㝸	bˠɛn3/bɨen3	
㝻	ɡˠin3/ɡɨn3	
㝼	ʔˠu1/ʔɨ̯u1	
㝾	tsɑ2/tsɑ2	
㝾	tsɑ3/tsɑ3	
㝿	pɑ2/puɔ2	
㞁	jɛw3/jieu3	
㞂	tʰwɑj2/tʰuoi2	
㞄	ʔɑm1/ʔɑm1	
㞄	ʔɑm2/ʔɑm2	
㞆	kˠi2/kɨi̯2	
㞆	kˠʰi3/kʰɨi̯3	
㞇	ʔwɑj2/ʔuoi2	
㞋	ɳˠɛn2/ɳien2	
㞋	ɲwɛn2/ɲʒyen2	
㞏	ɖˠip4/ɖip4	
㞒	χaj3/hɯai3	
㞓	kʲʰi3/kʰi3	
㞙	nʲɛw3/nieu3	
㞚	tʂʰip4/tʂʰʅᵊp4	
㞚	tʂap4/tʂɯap4	
㞚	ʂap4/ʂɯap4	
㞛	kˠi2/kɨi̯2	
㞜	tʰwɑj1/tʰuoi1	
㞟	tʲɛŋ2/tieŋ2	
㞟	dʲɛn3/dien3	
㞡	ʈˠɛn2/ʈien2	
㞢	tɕi1/tʃi1	
㞣	vun1/bvun1	
㞣	fʰun1/pfʰun1	
㞥	dʐim1/dʐʅᵊm1	
㞦	kˠi2/kɨi̯2	
㞷	ɡˠwɑŋ1/ɡʉɔŋ1	
㞽	xˠwɛt4/hʉot4	
㟅	lɨwŋ1/luŋ1	
㟅	ɴɨwŋ1/ŋuŋ1	
㟅	ɴawŋ1/ŋɯaŋ1	
㟉	lɑw1/lɑu1	
㟋	dwɑj3/duoi3	
㟌	mawŋ1/muaŋ1	
㟍	lɑŋ1/lɑŋ1	
㟎	tʰwɑj2/tʰuoi2	
㟎	tʰwɑ2/tʰuɔ2	
㟏	χɑm1/hɑm1	
㟐	mɑŋ2/muɔŋ2	
㟐	mɑŋ3/muɔŋ3	
㟛	dzɑm3/dzɑm3	
㟞	dʐan3/dʐɯan3	
㟳	lˠit4/ɭit4	
㟸	qɑw1/kɑu1	
㟽	pʲɛw2/pieu2	
㟾	juŋ1/jɨuŋ1	
㠆	tɑn1/tɑn1	
㠇	dzʲɨw3/dziu̯3	
㠊	kˠʰɨ1/kʰɨ̯u1	
㠍	tsʲip4/tsip4	
㠑	dzʲwi3/dzyi̯3	
㠑	dzwɑj3/dzuoi3	
㠒	pʲɛw1/pieu1	
㠔	paj3/puai3	
㠖	ŋˠi2/ŋɨi̯2	
㠛	ʔwɛk4/ʔuɛk4	
㠠	lˠɨ1/ɭɨ̯u1	
㠢	ʁwaj1/ɦuai1	
㠥	lˠwi1/ɭyi̯1	
㠦	fʰuŋ1/pfʰuŋ1	
㠭	ʈˠɛn2/ʈien2	
㠯	ji2/ji2	
㠴	ɲit4/ɲʒit4	
㠵	χwɑŋ1/huɔŋ1	
㠷	qɑp4/kɑp4	
㠸	fu1/pfu1	
㠹	qaj3/kɯai3	
㠺	mʲɛw1/mieu1	
㠽	dɨwŋ1/duŋ1	
㠾	ʔˠwɛn1/ʔʉon1	
㠿	tsi1/tsi1	
㡀	bʲɛj3/biei3	
㡁	qʰwa2/kʰua2	
㡅	nɑ2/nɑ2	
㡆	χwɑŋ1/huɔŋ1	
㡇	tʲɛm1/tiem1	
㡇	ʈˠɛp4/ʈiep4	
㡇	tʲʰɛp4/tʰiep4	
㡉	kʲɛn1/kien1	
㡊	qʰap4/kʰɯap4	
㡋	ʔˠɛp4/ʔɨep4	
㡏	ʂu1/ʂʅu1	
㡏	ʂu3/ʂʅu3	
㡑	tsʲʰɛw1/tsʰieu1	
㡑	tsʲɛw2/tsieu2	
㡒	ɖˠwin1/ɖyn1	
㡒	ʈˠwin1/ʈyn1	
㡒	dwɨn3/dun3	
㡓	qwɨn1/kun1	
㡔	mu1/mu1	
㡔	ɱu3/mvu3	
㡔	mɨwk4/muk4	
㡗	dʲɛj1/diei1	
㡗	xʲɛj1/hiei1	
㡘	lˠɛm1/ɭiem1	
㡙	pʲɛj1/piei1	
㡜	ʂɛj3/ʂʅei3	
㡜	sʲɛt4/siet4	
㡜	sʲwɛt4/syet4	
㡝	vuŋ3/bvuŋ3	
㡟	tsɑw1/tsɑu1	
㡟	tsʰɑw1/tsʰɑu1	
㡥	ʔˠin3/ʔɨn3	
㡧	ʈɛŋ3/ʈɯɛŋ3	
㡨	tsʲʰɛm1/tsʰiem1	
㡨	tsʲɛm1/tsiem1	
㡯	ɖɛk4/ɖɯɛk4	
㡲	ʁwan1/ɦuan1	
㡷	pɨn2/pun2	
㡹	tsʰi3/tsʰi3	
㡺	tɑn3/tɑn3	
㡼	ji3/ji3	
㡿	tɕʰɛk4/tʃʰiek4	
㢀	tsʰi3/tsʰi3	
㢁	tɕʰi2/tʃʰi2	
㢂	ŋˠɛm2/ŋɨem2	
㢅	lɨwŋ3/luŋ3	
㢈	dwɑj1/duoi1	
㢊	ʔaj2/ʔɯai2	
㢋	tɕʰi2/tʃʰi2	
㢏	dɨw1/dəu1	
㢒	dʐa1/dʐɯa1	
㢓	tɕɑŋ3/tʃɨɔŋ3	
㢔	tsɨwŋ2/tsuŋ2	
㢖	pʰɑn1/pʰuon1	
㢗	kˠʰɛw3/kʰɨeu3	
㢚	lu1/lu1	
㢚	lu2/lu2	
㢝	su1/su1	
㢟	ʈˠʰɛn1/ʈʰien1	
㢟	ʈˠʰɛn2/ʈʰien2	
㢡	tsʲɑŋ2/tsɨɔŋ2	
㢥	dɨwŋ3/duŋ3	
㢨	ʁɑn3/ɦɑn3	
㢰	bˠi3/bɨi̯3	
㢵	xˠɛp4/hɨep4	
㢸	bˠit4/bɨt4	
㢻	ɳˠwi3/ɳyi̯3	
㢼	pʲɛt4/piet4	
㢾	kʲwɛn3/kyen3	
㣁	bˠi3/bɨi̯3	
㣂	ɴɛk4/ŋɯɛk4	
㣅	dzɑm3/dzɑm3	
㣇	ji3/ji3	
㣇	dʲɛj3/diei3	
㣈	si3/si3	
㣌	ʂam3/ʂɯam3	
㣎	mɨwk4/mvuk4	
㣑	juŋ1/jɨuŋ1	
㣙	dʲɛk4/diek4	
㣝	sʲɨwŋ1/sɨuŋ1	
㣟	xʲit4/hit4	
㣤	dzʲɛn3/dzien3	
㣫	tɕuŋ2/tʃɨuŋ2	
㣭	tsɨwŋ1/tsuŋ1	
㣱	dʐɛk4/dʐɯɛk4	
㣶	ʈan1/ʈɯan1	
㣻	ŋˠɛj3/ŋɨei3	
㣿	tʲɛw2/tieu2	
㣿	tɕɑk4/tʃɨɔk4	
㣿	tʲɛk4/tiek4	
㤄	pʰɑj3/pʰuoi3	
㤄	fʰɛj3/pfʰei3	
㤄	fʰɛt4/pfʰuɐt4	
㤄	pɑt4/puot4	
㤅	ʔɑj3/ʔɑi3	
㤆	fʰɛn3/pfʰuɐn3	
㤇	ʔɑw2/ʔɑu2	
㤉	qʰa1/kʰɯa1	
㤊	ʁaw1/ɦɯau1	
㤊	ʁaw3/ɦɯau3	
㤍	qʰaw1/kʰɯau1	
㤎	qɑ1/kɑ1	
㤏	dɨwŋ1/duŋ1	
㤒	qɑw1/kɑu1	
㤕	ʈˠʰwit4/ʈʰyt4	
㤕	ʈˠwit4/ʈyt4	
㤝	tɕʰɨwŋ1/tʃʰɨuŋ1	
㤞	dɑk4/dɑk4	
㤠	lˠɛt4/ɭiet4	
㤥	ʁɑj3/ɦɑi3	
㤨	kˠuŋ2/kɨuŋ2	
㤩	qʰɑk4/kʰɑk4	
㤮	kˠwɑŋ3/kʉɔŋ3	
㤮	ɰwɑŋ3/ʉɔŋ3	
㤱	fʰɨw2/pfʰuəu2	
㤱	fʰɨw3/pfʰuəu3	
㤲	kʲʰɛp4/kʰiep4	
㤴	tɕʰɛp4/tʃʰiep4	
㤴	ʈˠʰɛp4/ʈʰiep4	
㤸	xʲɛk4/hiek4	
㤻	lwɨn2/lun2	
㤾	sɑm3/sɑm3	
㤿	ʔʲɛm1/ʔiem1	
㤿	ʔˠɛm3/ʔɨem3	
㥂	tʰɨk4/tʰək4	
㥄	lˠɨŋ1/ɭiŋ1	
㥆	tʰwɑj3/tʰuoi3	
㥆	tʰwɨt4/tʰut4	
㥈	dʲɛp4/diep4	
㥊	bɛŋ1/buɛŋ1	
㥋	ʔˠi1/ʔɨi̯1	
㥋	ʔˠi2/ʔɨi̯2	
㥌	kˠɨwk4/kɨuk4	
㥏	tʲʰɛn2/tʰien2	
㥒	tsʰɑj2/tsʰɑi2	
㥓	kˠʰi1/kʰɨi̯1	
㥓	kˠʰi2/kʰɨi̯2	
㥚	ju1/jɨ̯u1	
㥚	ju2/jɨ̯u2	
㥛	kˠɨk4/kɨk4	
㥜	ɰwi3/ɨui3	
㥝	mʲi2/mi2	
㥟	ʁaj1/ɦɯai1	
㥠	sʲɨ1/sɨ̯u1	
㥠	sʲɨ2/sɨ̯u2	
㥢	dzʲɨw1/dziu̯1	
㥦	kʲʰɛp4/kʰiep4	
㥨	ʑwi3/ʒyi̯3	
㥯	ʔˠin2/ʔɨn2	
㥯	ʔˠin3/ʔɨn3	
㥴	ji1/ji1	
㥴	ji2/ji2	
㥶	sɨk4/sək4	
㥽	tʂʰɛk4/tʂʰɯɛk4	
㥾	ɳˠit4/ɳit4	
㥾	ɳˠɨk4/ɳik4	
㦁	lˠɛn1/ɭien1	
㦃	ʂan2/ʂɯan2	
㦃	tʂʰan2/tʂʰɯan2	
㦃	tʂʰwan2/tʂʰuan2	
㦄	ma1/mua1	
㦅	dʲɛt4/diet4	
㦌	χwɨt4/hut4	
㦎	χwɛk4/huɛk4	
㦒	lʲɛj1/liei1	
㦓	ɣʲɛn3/ɦien3	
㦗	kˠim1/kɨm1	
㦚	pʲɛn2/pien2	
㦚	bʲɛn3/bien3	
㦛	jɨ1/jɨ̯u1	
㦛	jɨ2/jɨ̯u2	
㦜	ʁwɑk4/ɦuɔk4	
㦝	mawk4/muak4	
㦟	maj1/muai1	
㦣	tsʲɛj3/tsiei3	
㦣	ɰwɛj3/ʉoi3	
㦣	ŋʲɛj3/ŋiei3	
㦦	xʲɛk4/hiek4	
㦬	lɑ2/lɑ2	
㦰	tsʲɛm1/tsiem1	
㦴	qɛk4/kɯɛk4	
㦵	ʈˠu1/ʈɨ̯u1	
㦺	ɲuk4/ɲʒɨuk4	
㦼	ʂawŋ3/ʂɯaŋ3	
㦿	qʰam2/kʰɯam2	
㧀	ɡˠip4/ɡɨp4	
㧁	kˠʰɨ3/kʰɨ̯u3	
㧁	qɑp4/kɑp4	
㧁	qʰɑp4/kʰɑp4	
㧁	ʁɑp4/ɦɑp4	
㧄	kˠʰɛm2/kʰɨem2	
㧆	kˠin3/kɨn3	
㧉	qɑj3/kɑi3	
㧊	pʰɑt4/pʰuot4	
㧒	ɰut4/ɨut4	
㧓	qwa1/kua1	
㧔	qwaj3/kuai3	
㧖	ʔɛk4/ʔɯɛk4	
㧗	tsi2/tsi2	
㧗	tʂi2/tʂʅi̯2	
㧗	tsʲɛj2/tsiei2	
㧘	dʐaj1/dʐɯai1	
㧘	ɡˠi3/ɡɨi̯3	
㧘	dzi3/dzi3	
㧡	ʁɑj3/ɦɑi3	
㧢	ʔʲin1/ʔin1	
㧦	xʲwɛn3/hyen3	
㧬	kˠuŋ2/kɨuŋ2	
㧲	sɑm2/sɑm2	
㧳	qat4/kɯat4	
㧴	ɴɑ2/ŋɑ2	
㧶	qʰɛŋ1/kʰɯɛŋ1	
㧹	tʰɨk4/tʰək4	
㧺	dɑp4/dɑp4	
㧻	ʈawk4/ʈɯak4	
㧾	qʰwɨt4/kʰut4	
㨁	ɖˠi3/ɖi3	
㨁	ʑɨk4/ʒik4	
㨅	ɳˠwi3/ɳyi̯3	
㨋	tɕʰa2/tʃʰia2	
㨍	pɑŋ1/puɔŋ1	
㨎	ɲwɛt4/ɲʒyet4	
㨏	tʰɑn1/tʰɑn1	
㨐	pɨw2/puəu2	
㨒	kʲʰwɛj1/kʰyei1	
㨖	ʈˠi2/ʈi2	
㨖	ʈˠi3/ʈi3	
㨙	ʁaj1/ɦɯai1	
㨙	ɣʲɛj3/ɦiei3	
㨝	sʲɛt4/siet4	
㨞	su3/su3	
㨟	qɑj1/kɑi1	
㨟	ʁɑj1/ɦɑi1	
㨠	mʲɛn2/mien2	
㨡	ʁwɨn1/ɦun1	
㨡	ʁwɨt4/ɦut4	
㨤	qʰwaj1/kʰuai1	
㨥	nɑp4/nɑp4	
㨨	ʈˠʰɨw1/ʈʰiu̯1	
㨵	tsʲɛn2/tsien2	
㨶	tɑw2/tɑu2	
㨷	ɡˠin1/ɡɨn1	
㨷	kˠin3/kɨn3	
㨹	tsʲwɛj3/tsyei3	
㨹	sʲwɛt4/syet4	
㨻	dzɑm1/dzɑm1	
㨻	ʂam2/ʂɯam2	
㨾	jɑŋ3/jɨɔŋ3	
㩇	χwɛk4/huɛk4	
㩇	ʁwɛk4/ɦuɛk4	
㩉	lɑp4/lɑp4	
㩉	tɑp4/tɑp4	
㩊	sʲwɛn1/syen1	
㩋	sʲɛw1/sieu1	
㩋	sʲɛw2/sieu2	
㩋	sʲɛw3/sieu3	
㩋	ʂɨwk4/ʂʅuk4	
㩋	sʲɨwk4/sɨuk4	
㩒	ɡˠim1/ɡɨm1	
㩓	xˠwi2/hɨui2	
㩢	mʲɛj3/miei3	
㩢	mat4/muat4	
㩢	mʲɛt4/miet4	
㩤	fʰu1/pfʰu1	
㩧	bawk4/buak4	
㩧	pʰawk4/pʰuak4	
㩨	ɣʲwɛj3/ɦyei3	
㩩	kʲʰwɛŋ2/kʰyeŋ2	
㩱	tsʲɑk4/tsɨɔk4	
㩳	sʲuŋ2/sɨuŋ2	
㩵	dzɑt4/dzɑt4	
㩵	ɴɑt4/ŋɑt4	
㩹	dʲɛp4/diep4	
㩻	kˠʰi1/kʰɨi̯1	
㩻	kˠwi3/kɨui3	
㩼	tɕi1/tʃi1	
㩼	tɕi3/tʃi3	
㩽	ɡˠi1/ɡɨi̯1	
㩾	ʈˠwi1/ʈyi̯1	
㩿	qʰwɨt4/kʰut4	
㪁	ɡˠim1/ɡɨm1	
㪁	qʰɑm1/kʰɑm1	
㪁	kˠʰɛm1/kʰɨem1	
㪁	kˠʰɛm3/kʰɨem3	
㪃	χɑ2/hɑ2	
㪆	tʲɛj2/tiei2	
㪇	sʲɛn3/sien3	
㪋	χɑ2/hɑ2	
㪋	ʁɑn3/ɦɑn3	
㪌	sɨwŋ2/suŋ2	
㪍	bɨt4/but4	
㪏	pʲɛj2/piei2	
㪏	pʲɛj3/piei3	
㪐	lwɨt4/lut4	
㪑	ʔˠɛp4/ʔɨep4	
㪒	ŋʲɛj1/ŋiei1	
㪒	ŋʲɛj2/ŋiei2	
㪖	lɨwk4/luk4	
㪖	lˠuk4/ɭɨuk4	
㪜	tʂʰwi2/tʂʰʯᵊi2	
㪜	tɕʰwɛn2/tʃʰyen2	
㪜	twɑ2/tuɔ2	
㪝	lʲɛn3/lien3	
㪡	qʰɑj3/kʰɑi3	
㪢	ʂaw2/ʂɯau2	
㪤	pʲit4/pit4	
㪥	tʂa1/tʂɯa1	
㪩	sʲɨwk4/sɨuk4	
㪬	ɖawk4/ɖɯak4	
㪬	ʈʰawk4/ʈʰɯak4	
㪭	lu1/lu1	
㪵	pɑn3/puon3	
㪷	tɨw2/təu2	
㪹	lɨw2/ləu2	
㪺	kˠu1/kɨ̯u1	
㪻	fʰɛn3/pfʰuɐn3	
㫂	tɕɨ3/tʃɨ̯u3	
㫃	ʔˠɛn2/ʔɨen2	
㫊	ʔɑ2/ʔɑ2	
㫍	jɛw1/jieu1	
㫎	xˠwi1/hɨui1	
㫏	ʔʲɛw2/ʔieu2	
㫐	ʔʲɛw1/ʔieu1	
㫐	ʔʲɛw2/ʔieu2	
㫘	mˠit4/mɨt4	
㫚	χwɨt4/hut4	
㫱	ɳan2/ɳɯan2	
㫹	ʂɨ3/ʂʅu3	
㫽	lˠuk4/ɭɨuk4	
㬄	ʈʰan3/ʈʰɯan3	
㬉	nwɑn2/nuon2	
㬊	ʁwɑn3/ɦuon3	
㬒	mɑŋ2/muɔŋ2	
㬓	pʲʰɛw3/pʰieu3	
㬗	nʲɛn3/nien3	
㬜	tsʲin3/tsin3	
㬝	sɨwŋ1/suŋ1	
㬤	kˠʰip4/kʰɨp4	
㬫	ʔʲɛn3/ʔien3	
㬮	ɳan1/ɳɯan1	
㬮	nɑn3/nɑn3	
㬱	tʲʰɛj3/tʰiei3	
㬵	ʁaw1/ɦɯau1	
㬻	χwɑŋ2/huɔŋ2	
㭁	ɲɨŋ1/ɲʒiŋ1	
㭁	ɲɨŋ3/ɲʒiŋ3	
㭂	tsʲɛw2/tsieu2	
㭈	kʲwɛt4/kyet4	
㭊	sʲɛk4/siek4	
㭋	bawŋ3/buaŋ3	
㭔	lu1/lu1	
㭔	lu2/lu2	
㭕	kˠʰɨ1/kʰɨ̯u1	
㭘	ʁɑp4/ɦɑp4	
㭘	qɑp4/kɑp4	
㭘	ɡˠɛp4/ɡɨep4	
㭚	lˠɨ2/ɭɨ̯u2	
㭛	pʰaj3/pʰuai3	
㭜	ɲɨwŋ1/ɲʒɨuŋ1	
㭝	ɡˠɨw1/ɡɨu̯1	
㭠	sʲɛn2/sien2	
㭩	lwɑt4/luot4	
㭩	lˠwɛt4/ɭyet4	
㭫	dzwɑ1/dzuɔ1	
㭭	pat4/puat4	
㭭	pʲɛt4/piet4	
㭯	ʈˠɛp4/ʈiep4	
㭰	tsʲwi1/tsyi̯1	
㭰	tsʲwi2/tsyi̯2	
㭸	du1/du1	
㭺	ʔˠɛm2/ʔɨem2	
㭼	dɑp4/dɑp4	
㭼	tʰɑp4/tʰɑp4	
㭿	ɴɑŋ1/ŋɑŋ1	
㮁	ʁaw1/ɦɯau1	
㮂	kˠuk4/kɨuk4	
㮃	ʔˠwi1/ʔɨui1	
㮅	tɕwi1/tʃyi̯1	
㮇	tʲʰɛm3/tʰiem3	
㮌	mʲɛn1/mien1	
㮍	tsʲɛn1/tsien1	
㮐	sʲɛŋ2/sieŋ2	
㮕	ɲwɛn2/ɲʒyen2	
㮖	qat4/kɯat4	
㮘	mɑw1/muɔu1	
㮙	ɴɑk4/ŋɑk4	
㮚	lˠit4/ɭit4	
㮝	ʁɛk4/ɦɯɛk4	
㮢	ʁɨw1/ɦəu1	
㮤	zʲuŋ1/zɨuŋ1	
㮥	bɨn3/bun3	
㮦	sɑk4/sɑk4	
㮧	ʔu1/ʔu1	
㮨	tsʲɨk4/tsik4	
㮩	sʲɨk4/sik4	
㮫	ʁɑt4/ɦɑt4	
㮬	ʔɨwŋ1/ʔuŋ1	
㮭	ʁam1/ɦɯam1	
㮯	ʁwɨn1/ɦun1	
㮯	ʁwɨn3/ɦun3	
㮰	bʲi1/bi1	
㮲	tʂʰɨw1/tʂʰʅᵊu1	
㮴	sɑw1/sɑu1	
㮶	ʂawk4/ʂɯak4	
㮷	kʲɛj1/kiei1	
㮿	pʲit4/pit4	
㯁	bɑj1/buoi1	
㯂	tɑj3/tɑi3	
㯃	tsʲʰit4/tsʰit4	
㯄	tɕi1/tʃi1	
㯅	bˠi1/bɨi̯1	
㯅	bʲi1/bi1	
㯅	pʲɛj1/piei1	
㯉	ʈˠʰɨ1/ʈʰɨ̯u1	
㯊	ʁɨn1/ɦən1	
㯋	kʲwɛŋ2/kyeŋ2	
㯍	tsʲɑŋ2/tsɨɔŋ2	
㯓	tʰɑp4/tʰɑp4	
㯔	tsʲʰwɛj3/tsʰyei3	
㯔	tʂʰwɛj3/tʂʰʯei3	
㯕	sʲɛj1/siei1	
㯙	ɖˠɛt4/ɖiet4	
㯚	tɑp4/tɑp4	
㯛	ʁu1/ɦu1	
㯞	kʲwɛn3/kyen3	
㯟	lɨwk4/luk4	
㯠	kʲʰɛn3/kʰien3	
㯡	baw1/buau1	
㯫	ɡˠɨ1/ɡɨ̯u1	
㯬	lˠɛm2/ɭiem2	
㯮	ʑuk4/ʒɨuk4	
㯯	qɨwŋ3/kuŋ3	
㯱	bʲɛw1/bieu1	
㯱	pʰɑw1/pʰuɔu1	
㯲	kˠim3/kɨm3	
㯸	tsʲin2/tsin2	
㯺	χɑm2/hɑm2	
㯺	ʁam3/ɦɯam3	
㯻	qwɨn2/kun2	
㯿	jɛp4/jiep4	
㯿	lˠɛp4/ɭiep4	
㰁	lɑ2/lɑ2	
㰂	ɕim2/ʃim2	
㰈	lˠɛm2/ɭiem2	
㰊	zʲɛm1/ziem1	
㰋	bʲin1/bin1	
㰍	lɨwŋ1/luŋ1	
㰘	ji1/ji1	
㰚	lˠi1/ɭi1	
㰠	χɑŋ1/hɑŋ1	
㰢	qʰɛŋ1/kʰɯɛŋ1	
㰣	tsi1/tsi1	
㰣	tsi3/tsi3	
㰤	χɑ2/hɑ2	
㰤	χɑ3/hɑ3	
㰤	qʰa3/kʰɯa3	
㰥	xʲɛj3/hiei3	
㰦	kˠʰɑ1/kʰɨɔ1	
㰦	kˠʰɨ3/kʰɨ̯u3	
㰨	χaj1/hɯai1	
㰪	kʲwɛj1/kyei1	
㰪	ʔaj1/ʔɯai1	
㰬	sʲwin1/syn1	
㰭	xˠu1/hɨ̯u1	
㰮	ʑin3/ʒin3	
㰯	tʰɨw3/tʰəu3	
㰯	χɨw3/həu3	
㰰	χap4/hɯap4	
㰲	ʔˠɨwk4/ʔɨuk4	
㰲	tɕuk4/tʃɨuk4	
㰲	xˠwɨk4/hʉik4	
㰳	ʔa3/ʔɯa3	
㰴	pʰɨw3/pʰuəu3	
㰵	tsʲwit4/tsyt4	
㰶	bˠɛw3/bɨeu3	
㰹	χam1/hɯam1	
㰻	ʔˠi2/ʔɨi̯2	
㰼	ʂɛp4/ʂʅep4	
㰽	ʔˠɛn3/ʔɨen3	
㰾	kʲɛw3/kieu3	
㰾	kʲɛk4/kiek4	
㱀	tʂʰwaj3/tʂʰuai3	
㱂	qʰɑŋ1/kʰɑŋ1	
㱃	ʔˠim2/ʔɨm2	
㱄	χɨk4/hək4	
㱇	xˠɨk4/hɨk4	
㱇	ʂɨk4/ʂʅᵊk4	
㱊	ʔˠɨw1/ʔɨu̯1	
㱍	lwɑn1/luon1	
㱎	qwɨn1/kun1	
㱒	χɑ1/hɑ1	
㱕	kˠwi1/kɨui1	
㱖	dzʲwi3/dzyi̯3	
㱙	xˠɨw2/hɨu̯2	
㱚	dzɑn1/dzɑn1	
㱚	ɴwat4/ŋuat4	
㱞	ŋˠip4/ŋɨp4	
㱟	pˠʰi1/pʰɨi̯1	
㱟	pˠʰi2/pʰɨi̯2	
㱠	qʰu1/kʰu1	
㱡	ʂɨŋ1/ʂʅᵊŋ1	
㱡	ʂɨŋ2/ʂʅᵊŋ2	
㱣	tʰwɑj2/tʰuoi2	
㱤	sʲɛk4/siek4	
㱥	lˠɨŋ1/ɭiŋ1	
㱥	lɨŋ3/ləŋ3	
㱦	kˠʰi1/kʰɨi̯1	
㱦	kˠi1/kɨi̯1	
㱦	kˠi2/kɨi̯2	
㱬	ʔwɑj2/ʔuoi2	
㱯	qɑj1/kɑi1	
㱯	ɴɑj1/ŋɑi1	
㱱	ʁwɑj3/ɦuoi3	
㱲	ʔʲi3/ʔi3	
㱴	dzi3/dzi3	
㱵	fun3/pfun3	
㱸	bʲɛk4/biek4	
㱻	lwɑj3/luoi3	
㱻	lwɑ3/luɔ3	
㱽	ɡˠim1/ɡɨm1	
㱽	ʈˠim2/ʈim2	
㱾	qʰɑj1/kʰɑi1	
㱿	qʰawk4/kʰɯak4	
㲀	tɕin1/tʃin1	
㲀	dʐin1/dʐʅᵊn1	
㲄	qʰɨwk4/kʰuk4	
㲅	kʲɛj3/kiei3	
㲈	ʑɛw1/dʒieu1	
㲉	qʰɨwk4/kʰuk4	
㲉	qʰawk4/kʰɯak4	
㲋	ʈˠʰɑk4/ʈʰɨɔk4	
㲍	tɕi1/tʃi1	
㲏	pʰɑw1/pʰuɔu1	
㲓	ɕu3/ʃɨ̯u3	
㲔	sʲɛn1/sien1	
㲕	lwɑj3/luoi3	
㲕	lˠwɛt4/ɭyet4	
㲖	sʲɛw1/sieu1	
㲗	fʰu1/pfʰu1	
㲚	ʂa1/ʂɯa1	
㲝	mɑw3/muɔu3	
㲞	swɨt4/sut4	
㲟	ʔˠɛŋ2/ʔɨeŋ2	
㲡	nɑj3/nɑi3	
㲢	bʲɛn3/bien3	
㲥	dɑŋ1/dɑŋ1	
㲦	ʁɑn3/ɦɑn3	
㲪	tɨŋ1/təŋ1	
㲫	bɨwk4/buk4	
㲬	tsʲɛw1/tsieu1	
㲰	ɳɛŋ1/ɳɯɛŋ1	
㲱	lˠɛp4/ɭiep4	
㲳	ʈˠit4/ʈit4	
㲺	tsʲit4/tsit4	
㲼	ŋˠɛj3/ŋɨei3	
㲽	ɕɑŋ1/ʃɨɔŋ1	
㲽	nʲɛn3/nien3	
㳀	qwɑ3/kuɔ3	
㳁	tʂɨk4/tʂʅᵊk4	
㳂	jwɛn1/jyen1	
㳄	zʲɛn1/zien1	
㳅	lˠɨw1/ɭiu̯1	
㳐	dʐat4/dʐɯat4	
㳗	tʂʰaj3/tʂʰɯai3	
㳘	tɕʰɨwŋ1/tʃʰɨuŋ1	
㳛	ju1/jɨ̯u1	
㳛	jɨw1/jiu̯1	
㳥	lɨwŋ3/luŋ3	
㳦	ʁaj3/ɦɯai3	
㳧	tɕʰɛp4/tʃʰiep4	
㳨	tsɑt4/tsɑt4	
㳬	zʲwɛn1/zyen1	
㳬	zʲwɛn3/zyen3	
㳶	nɨw2/nəu2	
㳹	ʔwɑŋ2/ʔuɔŋ2	
㳻	tsʰu3/tsʰu3	
㳻	tʂɛk4/tʂɯɛk4	
㳻	ʂɛk4/ʂɯɛk4	
㴂	tʰɑm1/tʰɑm1	
㴄	ʔwɛŋ2/ʔuɛŋ2	
㴐	mʲɛn3/mien3	
㴒	jɛk4/jiek4	
㴥	tsʲʰɛw3/tsʰieu3	
㴦	kˠɨwŋ1/kɨuŋ1	
㴧	sʲɨk4/sik4	
㴫	qwɨn3/kun3	
㴬	zʲa3/zia3	
㴯	tɕi1/tʃi1	
㴲	si1/si1	
㴴	ɖam3/ɖɯam3	
㴸	ɕɛm2/ʃiem2	
㴽	sʲɛt4/siet4	
㵂	ɕɨ3/ʃɨ̯u3	
㵋	maj2/muai2	
㵋	mʲɛk4/miek4	
㵐	kˠʰwɛt4/kʰʉot4	
㵑	ʁɑ3/ɦɑ3	
㵒	vi3/bvi3	
㵗	bˠɨŋ1/bɨŋ1	
㵝	jɛj3/jiei3	
㵞	dʐɨw1/dʐʅᵊu1	
㵟	mˠi1/mɨi̯1	
㵟	ɱi1/mvi1	
㵣	qʰɑt4/kʰɑt4	
㵧	qɑt4/kɑt4	
㵨	pʲʰi3/pʰi3	
㵩	jɛj3/jiei3	
㵫	ɳˠip4/ɳip4	
㵶	tsɑt4/tsɑt4	
㵶	tsʲɛt4/tsiet4	
㵶	tsʲɛk4/tsiek4	
㵺	pʰaj3/pʰuai3	
㵻	xˠɨw1/hɨu̯1	
㵽	lwɑj2/luoi2	
㵾	tʂʰɛŋ3/tʂʰɯɛŋ3	
㵾	dzʲɛŋ3/dzieŋ3	
㵿	ɣʲɛw3/ɦieu3	
㶀	qaw1/kɯau1	
㶁	qwɛk4/kuɛk4	
㶄	jɛm1/jiem1	
㶆	tɕɨ1/tʃɨ̯u1	
㶇	ʁwɛŋ1/ɦuɛŋ1	
㶇	ʁwɛŋ3/ɦuɛŋ3	
㶌	lˠɛn1/ɭien1	
㶏	ʔˠin1/ʔɨn1	
㶏	ʔˠin2/ʔɨn2	
㶏	ʔˠin3/ʔɨn3	
㶒	tʰɑm3/tʰɑm3	
㶔	baj3/buai3	
㶕	qan2/kɯan2	
㶖	ɕɨwk4/ʃɨuk4	
㶗	vɛn3/bvuɐn3	
㶘	dʲɛm3/diem3	
㶛	jɨ1/jɨ̯u1	
㶟	lˠwi1/ɭyi̯1	
㶟	lˠwi2/ɭyi̯2	
㶣	dɑm1/dɑm1	
㶣	ɖˠɛm1/ɖiem1	
㶧	nwɨn2/nun2	
㶳	dzʲin3/dzin3	
㶴	tɕʰi2/tʃʰi2	
㶼	xˠi1/hɨi̯1	
㶼	ʔɑj1/ʔɑi1	
㶿	bɨt4/but4	
㷄	χwɑj2/huoi2	
㷄	qwɑn3/kuon3	
㷅	tʂʰap4/tʂʰɯap4	
㷆	vɨw3/bvuəu3	
㷇	qʰwɑj1/kʰuoi1	
㷉	ʔˠwi3/ʔɨui3	
㷒	ŋˠu1/ŋɨ̯u1	
㷟	tʰwɑj1/tʰuoi1	
㷠	lˠin1/ɭin1	
㷤	χɨwk4/huk4	
㷭	fʰuŋ1/pfʰuŋ1	
㷮	tsɑw1/tsɑu1	
㷰	lˠi1/ɭi1	
㷰	ʈˠʰi1/ʈʰi1	
㷳	ɴɑn3/ŋɑn3	
㷷	tsʲwi1/tsyi̯1	
㷹	ɖaw3/ɖɯau3	
㸅	tsʲɛt4/tsiet4	
㸊	lɑj3/lɑi3	
㸎	ɳˠɛp4/ɳiep4	
㸏	mˠi1/mɨi̯1	
㸒	jim1/jim1	
㸙	tɕa1/tʃia1	
㸚	lˠi2/ɭi2	
㸚	lʲɛj3/liei3	
㸛	ʑɛw1/dʒieu1	
㸡	ʑu1/dʒɨ̯u1	
㸢	bˠi3/bɨi̯3	
㸣	ŋˠɛp4/ŋɨep4	
㸤	pʲʰɛn3/pʰien3	
㸪	ʑwin1/dʒyn1	
㸪	zʲwin1/zyn1	
㸬	pɑj3/puoi3	
㸰	dwɑ1/duɔ1	
㸰	qʰwɑ1/kʰuɔ1	
㸲	dzɑk4/dzɑk4	
㸳	lʲɛŋ1/lieŋ1	
㸶	ʔan1/ʔɯan1	
㸸	χɨw2/həu2	
㸸	ʔɨw2/ʔəu2	
㸸	qʰɨw2/kʰəu2	
㸹	lwɑt4/luot4	
㸹	lˠwɛt4/ɭyet4	
㸼	fʰuŋ1/pfʰuŋ1	
㹁	lˠɑŋ1/ɭɨɔŋ1	
㹁	lˠɑŋ3/ɭɨɔŋ3	
㹂	ʁan3/ɦɯan3	
㹂	kʲʰɛn2/kʰien2	
㹂	ɣʲɛt4/ɦiet4	
㹃	fi3/pfi3	
㹄	tsʲɨk4/tsik4	
㹉	ŋˠwɛn1/ŋʉon1	
㹊	ɴawk4/ŋɯak4	
㹌	ʂan2/ʂɯan2	
㹍	dʲɛk4/diek4	
㹏	kˠin2/kɨn2	
㹒	pʰawk4/pʰuak4	
㹔	kˠɑŋ1/kɨɔŋ1	
㹗	tɕʰɨw1/tʃʰiu̯1	
㹗	tʰɑw1/tʰɑu1	
㹘	ɲu3/ɲʒɨ̯u3	
㹛	ɲɛw1/ɲʒieu1	
㹜	ŋˠin1/ŋɨn1	
㹞	ŋˠin1/ŋɨn1	
㹠	dwɨn1/dun1	
㹤	kˠʰɛp4/kʰɨep4	
㹥	tɕu3/tʃɨ̯u3	
㹧	ʔɑŋ1/ʔɑŋ1	
㹭	jɛj3/jiei3	
㹮	mɛk4/muɛk4	
㹯	xˠɨw1/hɨu̯1	
㹱	tsʲʰuk4/tsʰɨuk4	
㹱	tsʲʰɑk4/tsʰɨɔk4	
㹲	χaw1/hɯau1	
㹳	ɴu1/ŋu1	
㹶	dʲɛŋ1/dieŋ1	
㹺	tʰɑp4/tʰɑp4	
㹼	kˠɨwk4/kɨuk4	
㹽	tʂʰan2/tʂʰɯan2	
㹾	bˠɛw3/bɨeu3	
㺁	nɑw2/nɑu2	
㺂	ɴam1/ŋɯam1	
㺇	si1/si1	
㺊	jɑŋ3/jɨɔŋ3	
㺌	ɣʲɛm3/ɦiem3	
㺌	ʁam3/ɦɯam3	
㺎	juŋ1/jɨuŋ1	
㺏	lˠu1/ɭɨ̯u1	
㺑	ʂam1/ʂɯam1	
㺑	ʂam2/ʂɯam2	
㺒	ʁaw3/ɦɯau3	
㺒	ɳaw2/ɳɯau2	
㺔	χɑj3/hɑi3	
㺕	vɛn1/bvuɐn1	
㺕	bˠɛn3/bɨen3	
㺖	χam2/hɯam2	
㺖	ʁɑm3/ɦɑm3	
㺖	tʂʰam3/tʂʰɯam3	
㺗	tɕʰɛn1/tʃʰien1	
㺛	tɕu3/tʃɨ̯u3	
㺜	nɨwŋ1/nuŋ1	
㺜	ɳaw1/ɳɯau1	
㺜	nɑw1/nɑu1	
㺝	ʁam3/ɦɯam3	
㺞	jɨ1/jɨ̯u1	
㺟	ɖawk4/ɖɯak4	
㺣	xˠi1/hɨi̯1	
㺥	dʐam1/dʐɯam1	
㺧	xˠɛw1/hɨeu1	
㺨	si1/si1	
㺪	pʰawk4/pʰuak4	
㺴	pat4/puat4	
㺹	bˠɛn3/bɨen3	
㺿	ji1/ji1	
㻌	tʰu1/tʰu1	
㻍	ɴu1/ŋu1	
㻒	ɡˠun3/ɡɨun3	
㻝	lɑt4/lɑt4	
㻞	pˠin1/pɨn1	
㻫	pʲit4/pit4	
㻬	tʰu1/tʰu1	
㻯	tʰu1/tʰu1	
㻶	pˠit4/pɨt4	
㻷	kˠɨk4/kɨk4	
㻸	tʂim1/tʂʅᵊm1	
㻾	ʔˠuŋ1/ʔɨuŋ1	
㻿	ʑuk4/ʒɨuk4	
㼉	ɖˠim3/ɖim3	
㼋	qu1/ku1	
㼋	ɲɨ2/ɲʒɨ̯u2	
㼌	ju2/jɨ̯u2	
㼎	bawk4/buak4	
㼏	nwɑj2/nuoi2	
㼐	bʲɛn1/bien1	
㼑	lʲɛn3/lien3	
㼒	tʰɑŋ2/tʰɑŋ2	
㼔	ʔwɨn1/ʔun1	
㼕	tɑŋ1/tɑŋ1	
㼗	dʲɛŋ1/dieŋ1	
㼛	ɣʲɛŋ1/ɦieŋ1	
㼟	pɛk4/puɛk4	
㼠	dɑ1/dɑ1	
㼡	ʑu1/dʒɨ̯u1	
㼢	ji1/ji1	
㼤	kʲʰɛt4/kʰiet4	
㼦	kˠuŋ2/kɨuŋ2	
㼧	dɨwŋ1/duŋ1	
㼪	tsʲɛp4/tsiep4	
㼬	ʁɛŋ3/ɦɯɛŋ3	
㼭	dʲɛm3/diem3	
㼮	tʂʰaj1/tʂʰɯai1	
㼯	tɨwŋ3/tuŋ3	
㼰	bʲɛj1/biei1	
㼱	ɲu1/ɲʒɨ̯u1	
㼱	ɲwɛn2/ɲʒyen2	
㼱	tsʲwin3/tsyn3	
㼲	lˠɛp4/ɭiep4	
㼲	lʲɛp4/liep4	
㼳	ʂɛŋ2/ʂɯɛŋ2	
㼴	ɴɨw2/ŋəu2	
㼵	dʲɛj3/diei3	
㼶	ju1/jɨ̯u1	
㼸	juŋ1/jɨuŋ1	
㼹	qʰawŋ1/kʰɯaŋ1	
㼹	qʰɑŋ1/kʰɑŋ1	
㼺	dɑŋ1/dɑŋ1	
㼻	dzɨwŋ1/dzuŋ1	
㼻	dʐawŋ1/dʐɯaŋ1	
㼽	tʂʰɑŋ2/tʂʰʅɔŋ2	
㼽	ʂɑŋ2/ʂʅɔŋ2	
㼾	lɨwk4/luk4	
㼿	dɨwŋ1/duŋ1	
㼿	tɕuŋ3/tʃɨuŋ3	
㽀	ɖˠɛŋ3/ɖieŋ3	
㽁	lʲɛk4/liek4	
㽃	pʰɑn1/pʰuon1	
㽄	si1/si1	
㽄	sʲɛj1/siei1	
㽅	tɨŋ1/təŋ1	
㽇	ʁɨwk4/ɦuk4	
㽈	ŋˠi3/ŋɨi̯3	
㽉	ʁam3/ɦɯam3	
㽌	lˠɨw3/ɭiu̯3	
㽎	xˠim1/hɨm1	
㽎	dɑm1/dɑm1	
㽐	xʲɛm1/hiem1	
㽑	dɑm1/dɑm1	
㽘	qɑŋ2/kɑŋ2	
㽚	ʈˠʰɨk4/ʈʰik4	
㽤	kˠɨwk4/kɨuk4	
㽥	ɲɨw1/ɲʒiu̯1	
㽦	zʲwin1/zyn1	
㽨	dzɑ1/dzɑ1	
㽩	tsʰɑm3/tsʰɑm3	
㽬	pˠʰɨk4/pʰɨk4	
㽰	ʂɨ1/ʂʅu1	
㽱	kˠɨw1/kɨu̯1	
㽱	kʲɨw1/kiu̯1	
㽱	qaw2/kɯau2	
㽲	xˠɨw2/hɨu̯2	
㽳	xˠu1/hɨ̯u1	
㽴	ɖˠɑŋ3/ɖɨɔŋ3	
㽵	tʂɑŋ1/tʂʅɔŋ1	
㽷	ɕwi3/ʃyi̯3	
㽸	ʑim1/dʒim1	
㽹	fʰɛn3/pfʰuɐn3	
㽺	kˠip4/kɨp4	
㽺	χɑp4/hɑp4	
㽻	tɕi1/tʃi1	
㽽	qu3/ku3	
㽾	ɴwɨt4/ŋut4	
㽿	qwɑ1/kuɔ1	
㽿	qʰwɑ1/kʰuɔ1	
㾀	kˠʰɛp4/kʰɨep4	
㾁	χwɨt4/hut4	
㾂	χɑj1/hɑi1	
㾄	dɨwk4/duk4	
㾆	tɕʰɛm1/tʃʰiem1	
㾆	ɲɛm1/ɲʒiem1	
㾇	mɨwk4/mvuk4	
㾈	vu3/bvu3	
㾉	lʲɛŋ1/lieŋ1	
㾊	ʂɛk4/ʂɯɛk4	
㾋	xˠɨw1/hɨu̯1	
㾍	nɑj1/nɑi1	
㾏	qaj3/kɯai3	
㾐	lˠɛj3/ɭiei3	
㾑	tɑp4/tɑp4	
㾑	χɑp4/hɑp4	
㾑	ɴɑp4/ŋɑp4	
㾓	ʔʲwɛn1/ʔyen1	
㾕	ʂin1/ʂʅᵊn1	
㾕	swɨn2/sun2	
㾕	ʂim2/ʂʅᵊm2	
㾖	lˠi1/ɭi1	
㾖	lˠi2/ɭi2	
㾙	xˠin2/hɨn2	
㾙	xˠin3/hɨn3	
㾛	tsʲʰim2/tsʰim2	
㾜	kʲʰɛp4/kʰiep4	
㾞	jɨw1/jiu̯1	
㾢	lɑj1/lɑi1	
㾢	lɑj3/lɑi3	
㾤	qʰawŋ1/kʰɯaŋ1	
㾦	pʰɑj1/pʰuoi1	
㾧	qʰwɑ3/kʰuɔ3	
㾨	ʔˠi1/ʔɨi̯1	
㾨	kˠʰi2/kʰɨi̯2	
㾩	qwaj1/kuai1	
㾪	ʂɛŋ2/ʂɯɛŋ2	
㾫	pʲʰɛn1/pʰien1	
㾭	tʂɨw3/tʂʅᵊu3	
㾯	χwɑj1/huoi1	
㾰	ʁu1/ɦu1	
㾶	qwɨt4/kut4	
㾷	si1/si1	
㾷	sʲɛj1/siei1	
㾹	dʐaj1/dʐɯai1	
㾹	dʐaj3/dʐɯai3	
㾺	man3/muan3	
㾺	ʈʰan3/ʈʰɯan3	
㾺	ma3/mua3	
㾻	ɖˠɨ1/ɖɨ̯u1	
㾻	ɖˠɨ3/ɖɨ̯u3	
㾻	ʈˠʰɨ3/ʈʰɨ̯u3	
㾾	xʲɛm1/hiem1	
㿁	jɛw1/jieu1	
㿃	ʈˠɛj3/ʈiei3	
㿃	tɑj3/tɑi3	
㿄	ʔˠi1/ʔɨi̯1	
㿄	ʔaj3/ʔɯai3	
㿉	dwɑj1/duoi1	
㿊	tsʲʰɛn1/tsʰien1	
㿋	sɑw3/sɑu3	
㿌	xˠɛm1/hɨem1	
㿎	vun3/bvun3	
㿑	jɑk4/jɨɔk4	
㿒	tɑw2/tɑu2	
㿒	ɖˠɨw3/ɖiu̯3	
㿓	qap4/kɯap4	
㿕	jɛm1/jiem1	
㿖	lu1/lu1	
㿖	lu3/lu3	
㿙	pˠʰi3/pʰɨi̯3	
㿚	lɑ3/lɑ3	
㿛	lˠi3/ɭi3	
㿛	lʲɛj3/liei3	
㿟	kʲɛw2/kieu2	
㿣	χɑt4/hɑt4	
㿥	ʁɨwk4/ɦuk4	
㿥	ʁawk4/ɦɯak4	
㿩	tʰɑŋ2/tʰɑŋ2	
㿪	ʁwɑn1/ɦuon1	
㿬	pa1/pua1	
㿭	ʈʰɛk4/ʈʰɯɛk4	
㿮	ʔˠɛŋ1/ʔɨeŋ1	
㿮	ʔˠɑŋ3/ʔɨɔŋ3	
㿯	tɑp4/tɑp4	
㿱	zʲwɛt4/zyet4	
㿳	tʂi1/tʂʅi̯1	
㿴	tɑp4/tɑp4	
㿷	tʂʰwi3/tʂʰʯᵊi3	
㿷	tsʰɑw3/tsʰɑu3	
㿸	ɱɛn2/mvuɐn2	
㿸	ɱɛn3/mvuɐn3	
㿺	pawk4/puak4	
㿻	qɑn1/kɑn1	
㿼	ŋʲɛn1/ŋien1	
㿿	ɴa2/ŋɯa2	
䀀	fʰɛm3/pfʰuɐm3	
䀁	ɰɨw2/ɨu̯2	
䀁	ɰɨw3/ɨu̯3	
䀂	ʔɑn1/ʔɑn1	
䀄	mɨwŋ1/muŋ1	
䀈	kˠʰi3/kʰɨi̯3	
䀈	xˠi3/hɨi̯3	
䀉	ɡˠɛw1/ɡɨeu1	
䀊	ʁaw3/ɦɯau3	
䀊	qaw2/kɯau2	
䀏	ɣʲwɛn3/ɦyen3	
䀐	ʂam1/ʂɯam1	
䀐	ʂam3/ʂɯam3	
䀓	ʁwɑn3/ɦuon3	
䀕	ɖˠin3/ɖin3	
䀗	kʲwɛt4/kyet4	
䀘	ɣʲwɛj1/ɦyei1	
䀙	tsʲʰɛj3/tsʰiei3	
䀛	maj3/muai3	
䀛	mɑt4/muot4	
䀠	kˠu1/kɨ̯u1	
䀠	kˠu3/kɨ̯u3	
䀡	tʲɛm1/tiem1	
䀡	ʈˠʰɛm3/ʈʰiem3	
䀡	tʲɛm3/tiem3	
䀢	ɕi1/ʃi1	
䀢	ɕim2/ʃim2	
䀢	ɕwin3/ʃyn3	
䀣	pˠi3/pɨi̯3	
䀣	mat4/muat4	
䀨	χwat4/huat4	
䀩	lˠɑk4/ɭɨɔk4	
䀩	lɑk4/lɑk4	
䀫	qap4/kɯap4	
䀬	dzʲwɛn1/dzyen1	
䀬	tʂwɛn1/tʂʯen1	
䀮	χwɑŋ1/huɔŋ1	
䀮	mɑŋ1/muɔŋ1	
䀰	qɨwk4/kuk4	
䀴	ŋʲɛŋ2/ŋieŋ2	
䀵	ɕi1/ʃi1	
䀶	lˠɑŋ3/ɭɨɔŋ3	
䀷	kˠɛp4/kɨep4	
䀸	tɕɛj3/tʃiei3	
䀸	ʈˠʰɛj3/ʈʰiei3	
䀸	tɕɛt4/tʃiet4	
䀹	tsʲɛp4/tsiep4	
䀼	ɲin3/ɲʒin3	
䀽	jɛn1/jien1	
䁁	lˠɑŋ3/ɭɨɔŋ3	
䁂	ʁan3/ɦɯan3	
䁅	mɛŋ2/muɛŋ2	
䁅	mɛŋ3/muɛŋ3	
䁆	ʔˠɛp4/ʔɨep4	
䁇	mˠɨk4/mɨk4	
䁇	mɨk4/muək4	
䁈	tu2/tu2	
䁈	kʲʰɛj3/kʰiei3	
䁊	ɳˠi3/ɳi3	
䁊	ʔwɑt4/ʔuot4	
䁋	dʲɛp4/diep4	
䁋	xʲɛp4/hiep4	
䁌	ɰut4/ɨut4	
䁍	qʰap4/kʰɯap4	
䁎	ɖɛŋ1/ɖɯɛŋ1	
䁒	tsʲip4/tsip4	
䁓	tsɨwŋ2/tsuŋ2	
䁓	tsɨwŋ3/tsuŋ3	
䁓	qaj3/kɯai3	
䁔	xˠwɛn1/hʉon1	
䁔	xˠwɛn2/hʉon2	
䁔	ʁwɑn3/ɦuon3	
䁘	jɛw2/jieu2	
䁙	ʔan3/ʔɯan3	
䁛	kˠwi3/kɨui3	
䁜	χwɑŋ2/huɔŋ2	
䁝	jwɛŋ1/jyeŋ1	
䁝	ɣʲwɛŋ1/ɦyeŋ1	
䁝	ʔwɛŋ2/ʔuɛŋ2	
䁢	zʲwɛn1/zyen1	
䁤	xʲwi2/hyi̯2	
䁤	xʲwi3/hyi̯3	
䁦	tsʲʰɨ3/tsʰɨ̯u3	
䁨	χwɑk4/huɔk4	
䁩	ŋˠɨ1/ŋɨ̯u1	
䁬	dzɨŋ1/dzəŋ1	
䁮	dzʲɛm1/dziem1	
䁮	dzʲɛm3/dziem3	
䁱	ʔɨw1/ʔəu1	
䁱	qʰɨw1/kʰəu1	
䁲	maj1/muai1	
䁳	mɑŋ2/muɔŋ2	
䁴	tɕɛn2/tʃien2	
䁴	ɕɛn2/ʃien2	
䁵	pˠɛn2/pɨen2	
䁷	ʔɨwk4/ʔuk4	
䁷	qawk4/kɯak4	
䁸	ɳawŋ1/ɳɯaŋ1	
䁺	ɕɛk4/ʃiek4	
䁻	ɕɑk4/ʃɨɔk4	
䁽	lˠɛp4/ɭiep4	
䁿	mɨk4/muək4	
䂃	tsʲɛw3/tsieu3	
䂄	xˠwɑk4/hʉɔk4	
䂇	ɳˠɨwk4/ɳɨuk4	
䂈	dɨwŋ1/duŋ1	
䂌	tɕʰuŋ1/tʃʰɨuŋ1	
䂎	tswɑn2/tsuon2	
䂎	tswɑn3/tsuon3	
䂎	tsʰwɑn3/tsʰuon3	
䂏	tʲɛw1/tieu1	
䂐	ʈˠwit4/ʈyt4	
䂐	tɕwɛt4/tʃyet4	
䂑	tsʲɛj1/tsiei1	
䂒	qʰat4/kʰɯat4	
䂕	xˠwɛj3/hʉoi3	
䂚	ʁaw1/ɦɯau1	
䂪	kʲʰɛw2/kʰieu2	
䂫	ʁɨwŋ1/ɦuŋ1	
䂬	ɡˠuŋ1/ɡɨuŋ1	
䂬	kˠuŋ2/kɨuŋ2	
䂭	qʰaw1/kʰɯau1	
䂮	lˠɑk4/ɭɨɔk4	
䂳	tsʰwɑ2/tsʰuɔ2	
䂳	tʂʰwa2/tʂʰua2	
䂸	qwɛk4/kuɛk4	
䂹	kˠi2/kɨi̯2	
䂹	ʂɛk4/ʂɯɛk4	
䂻	ɖɛŋ3/ɖɯɛŋ3	
䂽	dʲɛw3/dieu3	
䂿	dɑp4/dɑp4	
䃀	tsʰwɑj3/tsʰuoi3	
䃁	ʔa1/ʔɯa1	
䃂	qwɨn2/kun2	
䃊	tsʲɨ2/tsɨ̯u2	
䃊	tsʲɛk4/tsiek4	
䃍	dwɑj3/duoi3	
䃒	ʁɛk4/ɦɯɛk4	
䃓	qɨw3/kəu3	
䃔	ʁɨwŋ1/ɦuŋ1	
䃔	ʁɨwŋ3/ɦuŋ3	
䃕	lawk4/ɭɯak4	
䃖	ʔu2/ʔu2	
䃗	tʂʰawk4/tʂʰɯak4	
䃚	tsʰɨwk4/tsʰuk4	
䃛	lˠɛn1/ɭien1	
䃜	ʔʲɛj1/ʔiei1	
䃞	ʑɨwk4/ʒɨuk4	
䃤	sʲɛw2/sieu2	
䃤	sʲɨwk4/sɨuk4	
䃧	lɨwŋ1/luŋ1	
䃩	ɳaw1/ɳɯau1	
䃫	tɑm2/tɑm2	
䃬	ɴwɑj2/ŋuoi2	
䃭	qɑm2/kɑm2	
䃳	lˠɛp4/ɭiep4	
䃴	tɕɨ1/tʃɨ̯u1	
䃵	nʲɛw2/nieu2	
䃸	sʲɛm3/siem3	
䃺	mɑ3/muɔ3	
䃽	kˠwi2/kɨui2	
䃾	pʲi2/pi2	
䃾	bʲi3/bi3	
䃾	pʲi3/pi3	
䃿	fu1/pfu1	
䄃	ʔˠɑŋ1/ʔɨɔŋ1	
䄆	ʁwɑt4/ɦuot4	
䄆	qwat4/kuat4	
䄈	dɨw3/dəu3	
䄉	ɴɑ1/ŋɑ1	
䄌	ʈˠwɛj3/ʈyei3	
䄍	dʐa3/dʐɯa3	
䄐	kˠʰwɛn3/kʰʉon3	
䄓	ʁwɛŋ1/ɦuɛŋ1	
䄘	bɛŋ1/buɛŋ1	
䄚	dzɑw1/dzɑu1	
䄝	ʈʰawŋ1/ʈʰɯaŋ1	
䄠	ʑɛn3/ʒien3	
䄤	lɑj3/lɑi3	
䄩	jɨk4/jik4	
䄪	tʲɛw2/tieu2	
䄬	ji1/ji1	
䄮	fu1/pfu1	
䄱	fɑŋ1/pfuɔŋ1	
䄲	ɲwi3/ɲʒyi̯3	
䄶	bˠit4/bɨt4	
䄶	bɨt4/but4	
䄷	ʑɛk4/ʒiek4	
䄻	ɖaw1/ɖɯau1	
䄼	tʲʰɛm2/tʰiem2	
䄿	jɛj3/jiei3	
䅀	lˠɛj3/ɭiei3	
䅀	lˠɛt4/ɭiet4	
䅁	ʔɑn3/ʔɑn3	
䅂	ʁɑk4/ɦɑk4	
䅃	ɡˠuŋ1/ɡɨuŋ1	
䅃	ɡˠuŋ3/ɡɨuŋ3	
䅊	ɖa1/ɖɯa1	
䅊	ʈa1/ʈɯa1	
䅊	ɖa3/ɖɯa3	
䅌	kʲwɛn1/kyen1	
䅏	ɱi2/mvi2	
䅑	ɲwi1/ɲʒyi̯1	
䅑	sʲwi1/syi̯1	
䅓	kˠu2/kɨ̯u2	
䅗	sʲwi3/syi̯3	
䅘	lɑj1/lɑi1	
䅚	kˠʰwɛn2/kʰʉon2	
䅜	dwɑ3/duɔ3	
䅜	ʑwi3/ʒyi̯3	
䅝	qʰɨwŋ1/kʰuŋ1	
䅡	sʲu2/sɨ̯u2	
䅢	tsʲɨw3/tsiu̯3	
䅣	ʁwɑŋ1/ɦuɔŋ1	
䅥	qʰɑt4/kʰɑt4	
䅥	kˠɛt4/kɨet4	
䅧	ʔʲɛm1/ʔiem1	
䅧	ʔˠim3/ʔɨm3	
䅩	tɕi2/tʃi2	
䅬	ʔaj3/ʔɯai3	
䅭	bɑŋ1/buɔŋ1	
䅲	ɡʲi1/ɡi1	
䅳	dʐu1/dʐʅu1	
䅵	qɨwk4/kuk4	
䅵	tɕɑk4/tʃɨɔk4	
䅷	du1/du1	
䅹	lɨw2/ləu2	
䅻	lˠi1/ɭi1	
䅼	man1/muan1	
䅾	ɡˠim1/ɡɨm1	
䅾	dʐim1/dʐʅᵊm1	
䆀	mɑj2/muoi2	
䆀	mɑj3/muoi3	
䆁	qɑw1/kɑu1	
䆂	lˠɛm1/ɭiem1	
䆃	dɑw3/dɑu3	
䆄	tɕɛn2/tʃien2	
䆅	dzi1/dzi1	
䆊	dzʲwi3/dzyi̯3	
䆍	lɨwŋ1/luŋ1	
䆎	sʲɛm3/siem3	
䆏	vi3/bvi3	
䆑	ɖɛŋ1/ɖɯɛŋ1	
䆕	ʔʲwɛt4/ʔyet4	
䆘	ʔap4/ʔɯap4	
䆚	dɨwŋ1/duŋ1	
䆝	xʲwɛt4/hyet4	
䆞	ʔʲɛw2/ʔieu2	
䆞	ʔʲɛw3/ʔieu3	
䆟	qʰɑp4/kʰɑp4	
䆢	ʔʲwɛt4/ʔyet4	
䆨	nʲɛŋ1/nieŋ1	
䆱	tʰɑm1/tʰɑm1	
䆱	tʰɑm3/tʰɑm3	
䆵	ɖɛŋ1/ɖɯɛŋ1	
䆷	xʲwɛt4/hyet4	
䆸	ʈɛŋ1/ʈɯɛŋ1	
䆽	ɡˠɨ1/ɡɨ̯u1	
䆾	lɑm1/lɑm1	
䆾	lɑm3/lɑm3	
䇂	kˠʰɛn1/kʰɨen1	
䇎	tsʲʰɑk4/tsʰɨɔk4	
䇏	twɑj2/tuoi2	
䇐	lˠwi3/ɭyi̯3	
䇐	lˠi3/ɭi3	
䇐	lˠip4/ɭip4	
䇑	ba3/bua3	
䇔	lwɑ3/luɔ3	
䇗	tɕuŋ1/tʃɨuŋ1	
䇘	ʁu3/ɦu3	
䇜	kˠʰɛm2/kʰɨem2	
䇞	qɑm1/kɑm1	
䇞	qɑm2/kɑm2	
䇦	ʔɑŋ2/ʔɑŋ2	
䇨	qɨwŋ3/kuŋ3	
䇩	jɛj3/jiei3	
䇫	kˠi1/kɨi̯1	
䇬	tɕʰu1/tʃʰɨ̯u1	
䇮	ɲim2/ɲʒim2	
䇯	ɲuŋ1/ɲʒɨuŋ1	
䇷	pˠɛt4/pɨet4	
䇸	ɖˠɛŋ1/ɖieŋ1	
䇹	kˠun1/kɨun1	
䇽	tɕɛj3/tʃiei3	
䇾	ŋˠɛn1/ŋɨen1	
䈀	sɑn1/sɑn1	
䈀	sɑn3/sɑn3	
䈁	lˠwin1/ɭyn1	
䈂	bʲɛŋ1/bieŋ1	
䈃	tɕɛw2/tʃieu2	
䈄	ʁɑm1/ɦɑm1	
䈇	ʈaw3/ʈɯau3	
䈈	vi1/bvi1	
䈉	tsʲɛp4/tsiep4	
䈉	ʂap4/ʂɯap4	
䈋	tʰɑp4/tʰɑp4	
䈎	jɛp4/jiep4	
䈎	ʈˠʰɛp4/ʈʰiep4	
䈏	bawk4/buak4	
䈐	qwɑj3/kuoi3	
䈑	qwa2/kua2	
䈒	nɑm2/nɑm2	
䈓	qɑt4/kɑt4	
䈕	ʑi1/dʒi1	
䈖	qʰwɑ1/kʰuɔ1	
䈗	swɑ2/suɔ2	
䈙	ɖˠɨw3/ɖiu̯3	
䈚	dɑj1/dɑi1	
䈚	si2/si2	
䈚	dɑj3/dɑi3	
䈛	qʰwɑj1/kʰuoi1	
䈛	qʰwaj3/kʰuai3	
䈛	qwaj3/kuai3	
䈜	tsʲʰim3/tsʰim3	
䈝	sʲɨ1/sɨ̯u1	
䈠	ʁwɑn3/ɦuon3	
䈥	kˠin1/kɨn1	
䈪	xʲɛk4/hiek4	
䈮	kˠu3/kɨ̯u3	
䈰	ʂaw1/ʂɯau1	
䈱	tʰɑw1/tʰɑu1	
䈲	bɑn1/buon1	
䈲	pɑn1/puon1	
䈳	dɑp4/dɑp4	
䈵	ʔɨwŋ1/ʔuŋ1	
䈵	ʔɨwŋ2/ʔuŋ2	
䈶	juŋ1/jɨuŋ1	
䈸	ʁɨwk4/ɦuk4	
䈺	tɕɨwŋ1/tʃɨuŋ1	
䈻	bu1/bu1	
䈿	mʲɛk4/miek4	
䉁	lʲɛŋ1/lieŋ1	
䉂	lˠwi2/ɭyi̯2	
䉃	tsʲɑŋ2/tsɨɔŋ2	
䉈	sɑn2/sɑn2	
䉈	sɑt4/sɑt4	
䉉	ʁu1/ɦu1	
䉉	qu1/ku1	
䉋	mˠi3/mɨi̯3	
䉌	zʲwi3/zyi̯3	
䉎	dɑŋ1/dɑŋ1	
䉑	ɱu1/mvu1	
䉑	mu1/mu1	
䉔	tsʰɑn1/tsʰɑn1	
䉙	ɰun1/ɨun1	
䉚	mɛŋ1/muɛŋ1	
䉛	ʔˠɨwk4/ʔɨuk4	
䉞	tɑm2/tɑm2	
䉠	mˠi1/mɨi̯1	
䉠	ɱi1/mvi1	
䉢	ʂɨk4/ʂʅᵊk4	
䉣	sʲa3/sia3	
䉥	sɨwŋ2/suŋ2	
䉦	tsʲʰɛn1/tsʰien1	
䉧	lˠɨw1/ɭiu̯1	
䉧	lˠɨw2/ɭiu̯2	
䉨	ŋˠi3/ŋɨi̯3	
䉬	fɛj3/pfei3	
䉭	lˠɛp4/ɭiep4	
䉮	lˠin3/ɭin3	
䉰	qaw1/kɯau1	
䉰	ʁaw3/ɦɯau3	
䉰	qaw2/kɯau2	
䉳	sʲɛn1/sien1	
䉳	sʲɛn2/sien2	
䉴	ɲɑŋ1/ɲʒɨɔŋ1	
䉵	dʐwɛn3/dʐʯen3	
䉶	ʂawŋ1/ʂɯaŋ1	
䉷	ŋˠɛm1/ŋɨem1	
䉹	lʲɛŋ1/lieŋ1	
䉺	ʁɨwŋ1/ɦuŋ1	
䉻	ɡʲi1/ɡi1	
䉽	pɑn2/puon2	
䉾	pˠi3/pɨi̯3	
䊀	ʁu1/ɦu1	
䊆	ɡˠɨw3/ɡɨu̯3	
䊈	mɑj1/muoi1	
䊉	sɑm2/sɑm2	
䊊	ɱi3/mvi3	
䊋	tʂɑŋ1/tʂʅɔŋ1	
䊎	kˠʰwɛn2/kʰʉon2	
䊓	ɖˠi3/ɖi3	
䊓	ʑi3/ʒi3	
䊝	sʲit4/sit4	
䊝	sʲɛt4/siet4	
䊞	ʈɛk4/ʈɯɛk4	
䊟	mɨn1/mun1	
䊠	xˠi3/hɨi̯3	
䊡	mɑn1/muon1	
䊤	dɑm1/dɑm1	
䊤	dɑm3/dɑm3	
䊦	ʔʲɛt4/ʔiet4	
䊧	pʲʰi3/pʰi3	
䊧	fʰi3/pfʰi3	
䊫	tsʰwɑj2/tsʰuoi2	
䊬	ʈʰwa2/ʈʰua2	
䊭	dɑw3/dɑu3	
䊮	dʲɛk4/diek4	
䊲	ʂan2/ʂɯan2	
䊲	tʂʰwan2/tʂʰuan2	
䊳	mˠi1/mɨi̯1	
䊵	ɡˠɨw1/ɡɨu̯1	
䊷	tʂi1/tʂʅi̯1	
䊼	tɕʰi2/tʃʰi2	
䋀	ʁwa3/ɦua3	
䋂	ʁaw1/ɦɯau1	
䋃	mɑw3/muɔu3	
䋈	ɳa2/ɳɯa2	
䋉	ɣʲwɛt4/ɦyet4	
䋊	tɕɛŋ1/tʃieŋ1	
䋎	ɖan3/ɖɯan3	
䋏	dzɑk4/dzɑk4	
䋐	ɰwɛt4/ʉot4	
䋖	jwit4/jyt4	
䋙	ɲi2/ɲʒi2	
䋛	mʲɛj2/miei2	
䋟	ɡˠi3/ɡɨi̯3	
䋢	pʲɛt4/piet4	
䋢	pʲʰɛt4/pʰiet4	
䋣	vɛn1/bvuɐn1	
䋤	jɑk4/jɨɔk4	
䋨	fʰu2/pfʰu2	
䋪	ʔɑ1/ʔɑ1	
䋫	tʂɛŋ1/tʂɯɛŋ1	
䋭	jɨwk4/jɨuk4	
䋰	kˠuk4/kɨuk4	
䋱	lɑj1/lɑi1	
䋵	ʔˠɛj3/ʔɨei3	
䋷	mɨw1/mvuəu1	
䋷	mˠɨw1/miu̯1	
䋸	zʲwin1/zyn1	
䋻	ɳˠim1/ɳim1	
䋼	tʲʰɛŋ1/tʰieŋ1	
䋾	ʈa2/ʈɯa2	
䋿	ʔwɑj1/ʔuoi1	
䌌	tsʲʰɛp4/tsʰiep4	
䌎	lˠɑk4/ɭɨɔk4	
䌐	mʲɛk4/miek4	
䌑	kʲɛn1/kien1	
䌖	tsʲip4/tsip4	
䌖	dzʲɛp4/dziep4	
䌗	fʰu2/pfʰu2	
䌘	pʲɛt4/piet4	
䌜	ɳˠɛp4/ɳiep4	
䌞	lˠɛm2/ɭiem2	
䌟	bɛk4/buɛk4	
䌠	qɑm1/kɑm1	
䌠	kʲʰɛm1/kʰiem1	
䌠	xʲɛm1/hiem1	
䌠	qam1/kɯam1	
䌥	ʔˠin2/ʔɨn2	
䌦	dɑw3/dɑu3	
䌦	dʲɛk4/diek4	
䌨	tsʰɑt4/tsʰɑt4	
䌪	jɛm2/jiem2	
䌭	tsʲɛw1/tsieu1	
䌳	ɕi1/ʃi1	
䌳	si1/si1	
䌳	tɕʰi1/tʃʰi1	
䌴	lwɑ3/luɔ3	
䌵	tɕuk4/tʃɨuk4	
䍃	jɨw1/jiu̯1	
䍄	tʲɛm2/tiem2	
䍆	ʈˠɨ2/ʈɨ̯u2	
䍇	dɑp4/dɑp4	
䍊	qaw1/kɯau1	
䍊	kʲʰɛk4/kʰiek4	
䍌	vɨw1/bvuəu1	
䍌	bɨw1/buəu1	
䍌	bɨw3/buəu3	
䍍	fɨw1/pfuəu1	
䍍	qʰɨw3/kʰəu3	
䍍	qʰɨwk4/kʰuk4	
䍎	tsʰwɨn3/tsʰun3	
䍎	tsʲʰɛn3/tsʰien3	
䍐	χɑn2/hɑn2	
䍐	χɑn3/hɑn3	
䍔	qwɛŋ1/kuɛŋ1	
䍖	pʰaw1/pʰuau1	
䍖	vɨw1/bvuəu1	
䍘	mʲi1/mi1	
䍙	mɑj1/muoi1	
䍙	ɱu2/mvu2	
䍙	mɑj3/muoi3	
䍛	qu3/ku3	
䍜	ʈaw3/ʈɯau3	
䍝	tʰɑp4/tʰɑp4	
䍡	lɨwk4/luk4	
䍢	ɱu1/mvu1	
䍤	tsʲɛj2/tsiei2	
䍥	lʲɛk4/liek4	
䍦	lˠi1/ɭi1	
䍨	pʰɑt4/pʰuot4	
䍫	dɑ1/dɑ1	
䍬	pʰɛŋ1/pʰuɛŋ1	
䍮	ɖˠɛw3/ɖieu3	
䍱	zʲɨ1/zɨ̯u1	
䍲	ɳaj1/ɳɯai1	
䍴	ʔˠwi2/ʔɨui2	
䍴	ʔˠwi3/ʔɨui3	
䍶	tɨwŋ1/tuŋ1	
䍶	ɖˠin1/ɖin1	
䍶	tɨwŋ3/tuŋ3	
䍸	pɑk4/puɔk4	
䍺	ʁwan1/ɦuan1	
䍺	ʁwan3/ɦuan3	
䍻	zʲwɛn3/zyen3	
䍻	sʲwɛn3/syen3	
䍼	tsɑm1/tsɑm1	
䍼	tsɑp4/tsɑp4	
䍽	lʲɛk4/liek4	
䍿	ʁwɑŋ1/ɦuɔŋ1	
䎀	xʲwit4/hyt4	
䎀	xˠwɛt4/hʉot4	
䎂	pɑw2/puɔu2	
䎃	nɑm2/nɑm2	
䎃	ɲɛm2/ɲʒiem2	
䎄	xʲɛw1/hieu1	
䎈	jɛj3/jiei3	
䎌	tʂʰɨwk4/tʂʰʅuk4	
䎎	ɳˠɛp4/ɳiep4	
䎑	lɨwk4/luk4	
䎒	tʂan2/tʂɯan2	
䎒	tɕɛn2/tʃien2	
䎔	fʰu1/pfʰu1	
䎕	χwɛŋ1/huɛŋ1	
䎖	tsɨŋ1/tsəŋ1	
䎗	ɡˠɛw1/ɡɨeu1	
䎗	ɡʲɛw1/ɡieu1	
䎘	ʂɨwk4/ʂʅuk4	
䎘	sʲɨwk4/sɨuk4	
䎙	pʲʰin1/pʰin1	
䎠	ɲi1/ɲʒi1	
䎠	ʁwɑn1/ɦuon1	
䎠	nwɑ1/nuɔ1	
䎤	ɡˠuk4/ɡɨuk4	
䎦	jɛm2/jiem2	
䎧	bawŋ3/buaŋ3	
䎨	ʔˠɛp4/ʔɨep4	
䎩	tʂi1/tʂʅi̯1	
䎪	nɨk4/nək4	
䎫	tʂʰawŋ1/tʂʰɯaŋ1	
䎫	tʂʰawŋ3/tʂʰɯaŋ3	
䎮	tʲʰɛj3/tʰiei3	
䎯	χɑn3/hɑn3	
䎳	ɴwat4/ŋuat4	
䎶	ɲi3/ɲʒi3	
䎷	tɕu3/tʃɨ̯u3	
䎷	fʰu3/pfʰu3	
䎸	ɴu3/ŋu3	
䎺	tɕɛj3/tʃiei3	
䎿	tsʲɨw1/tsiu̯1	
䎿	dzʲɨw1/dziu̯1	
䏁	tsɑj2/tsɑi2	
䏂	sɨw2/səu2	
䏃	mʲɛn1/mien1	
䏄	tʲɛj2/tiei2	
䏅	tsʲʰɛj3/tsʰiei3	
䏆	dzʲɛw1/dzieu1	
䏆	dzɑw1/dzɑu1	
䏇	pʲʰɛw3/pʰieu3	
䏉	ɕip4/ʃip4	
䏐	kʲwɛt4/kyet4	
䏒	pʲʰɛn3/pʰien3	
䏔	ɳˠɨw2/ɳiu̯2	
䏕	ɲim2/ɲʒim2	
䏖	ɖˠin3/ɖin3	
䏖	jin2/jin2	
䏖	jin3/jin3	
䏘	pʲʰit4/pʰit4	
䏙	tʰɑm2/tʰɑm2	
䏟	bʲɛt4/biet4	
䏣	tsʲʰɨ1/tsʰɨ̯u1	
䏣	tsʲʰɨ3/tsʰɨ̯u3	
䏧	ɳa3/ɳɯa3	
䏨	χwɑj2/huoi2	
䏪	ɲi3/ɲʒi3	
䏰	ɲwin3/ɲʒyn3	
䏳	tɕɛt4/tʃiet4	
䏵	mɨwŋ2/muŋ2	
䏷	ʁɑn3/ɦɑn3	
䏼	dzɑn1/dzɑn1	
䏼	dzɑn3/dzɑn3	
䏽	bɨw1/buəu1	
䏽	bɨw3/buəu3	
䏿	kʲʰɛj2/kʰiei2	
䏿	kʲʰɛj3/kʰiei3	
䐀	kˠi3/kɨi̯3	
䐁	tɨwk4/tuk4	
䐁	ʈawk4/ʈɯak4	
䐃	ɡˠun3/ɡɨun3	
䐄	ʁɑm3/ɦɑm3	
䐄	ʁam3/ɦɯam3	
䐅	xʲi1/hi1	
䐆	tsʰɑj3/tsʰɑi3	
䐈	tɕɨk4/tʃik4	
䐈	ɖˠɨk4/ɖik4	
䐎	tʲɛj1/tiei1	
䐏	tɕʰwin2/tʃʰyn2	
䐑	ɖˠɛp4/ɖiep4	
䐒	ʈa1/ʈɯa1	
䐒	ʈa3/ʈɯa3	
䐓	ɲɨw1/ɲʒiu̯1	
䐗	ʈˠɨ1/ʈɨ̯u1	
䐘	ɡˠɑk4/ɡɨɔk4	
䐚	tsʲɨk4/tsik4	
䐜	tɕʰin1/tʃʰin1	
䐝	swɑ3/suɔ3	
䐞	ɲɑk4/ɲʒɨɔk4	
䐠	χɑŋ1/hɑŋ1	
䐢	tʂʰu3/tʂʰʅu3	
䐢	tʂɨw3/tʂʅᵊu3	
䐣	swɨn2/sun2	
䐤	tʂʰaj1/tʂʰɯai1	
䐤	tʂʰa1/tʂʰɯa1	
䐥	ʔɨwŋ2/ʔuŋ2	
䐨	qɨwk4/kuk4	
䐩	qwɑj1/kuoi1	
䐩	qɑj1/kɑi1	
䐩	qʰɑj2/kʰɑi2	
䐫	tsʲʰuŋ1/tsʰɨuŋ1	
䐬	dzɑw1/dzɑu1	
䐮	tʂʰan2/tʂʰɯan2	
䐯	lwaj1/ɭuai1	
䐲	ɖˠip4/ɖip4	
䐴	qwɑj3/kuoi3	
䐶	tsɑm1/tsɑm1	
䐶	tsʲim2/tsim2	
䐷	tɑn1/tɑn1	
䐸	χwɛk4/huɛk4	
䐹	ʂɨw1/ʂʅᵊu1	
䐹	sʲɛw3/sieu3	
䐺	tʰɑm3/tʰɑm3	
䐻	qu1/ku1	
䐼	ɣʲɛj3/ɦiei3	
䐼	ɣʲɛt4/ɦiet4	
䐾	dɑk4/dɑk4	
䐿	ʔɑw2/ʔɑu2	
䐿	ʔɑw3/ʔɑu3	
䐿	ʔˠɨwk4/ʔɨuk4	
䑁	ʔɨwk4/ʔuk4	
䑂	jɛj2/jiei2	
䑃	mɨwŋ1/muŋ1	
䑃	mɨwŋ2/muŋ2	
䑄	pˠʰi3/pʰɨi̯3	
䑄	bˠi3/bɨi̯3	
䑄	bʲi3/bi3	
䑇	tɕit4/tʃit4	
䑈	pawk4/puak4	
䑋	ɲɑŋ2/ɲʒɨɔŋ2	
䑎	tsʲʰɛm1/tsʰiem1	
䑎	tʂʰam2/tʂʰɯam2	
䑏	ɡˠwɛn1/ɡʉon1	
䑑	bɨwk4/buk4	
䑔	fʰɛj3/pfʰei3	
䑔	vɛt4/bvuɐt4	
䑗	dɑŋ3/dɑŋ3	
䑘	dzɑ1/dzɑ1	
䑜	tʲʰɛp4/tʰiep4	
䑞	ɕwin3/ʃyn3	
䑠	lʲɛw2/lieu2	
䑡	tʂʰa1/tʂʰɯa1	
䑢	ɴwɨt4/ŋut4	
䑣	ʈˠʰim1/ʈʰim1	
䑥	ɴɑp4/ŋɑp4	
䑦	qɨw1/kəu1	
䑫	pɛŋ1/puɛŋ1	
䑯	dʲɛj3/diei3	
䑳	lˠwin1/ɭyn1	
䑴	ɡˠi1/ɡɨi̯1	
䑶	tsʲʰɛn3/tsʰien3	
䑼	tʂɨw1/tʂʅᵊu1	
䑿	sʲɨwk4/sɨuk4	
䒀	fʰu1/pfʰu1	
䒀	bu3/bu3	
䒁	zʲip4/zip4	
䒆	ʈˠʰɛt4/ʈʰiet4	
䒈	vi3/bvi3	
䒉	ɱu2/mvu2	
䒊	xʲɛj1/hiei1	
䒌	mʲɛŋ3/mieŋ3	
䒍	pʰɑŋ2/pʰuɔŋ2	
䒎	mɑŋ2/muɔŋ2	
䒏	sɨŋ1/səŋ1	
䒐	mɨŋ1/muəŋ1	
䒓	qʰaj2/kʰɯai2	
䒕	sʲɛw2/sieu2	
䒗	xˠit4/hɨt4	
䒗	kˠʰit4/kʰɨt4	
䒘	sʲwi1/syi̯1	
䒚	ɕɛw2/ʃieu2	
䒞	ɖˠim1/ɖim1	
䒞	jim1/jim1	
䒞	tɑm2/tɑm2	
䒢	ɴɑŋ1/ŋɑŋ1	
䒢	ŋˠɑŋ2/ŋɨɔŋ2	
䒦	fʰɛm1/pfʰuɐm1	
䒦	fʰɛm3/pfʰuɐm3	
䒧	kˠʰɨ1/kʰɨ̯u1	
䒧	kˠʰɨ3/kʰɨ̯u3	
䒨	zi3/zi3	
䒩	ʁwɑ1/ɦuɔ1	
䒪	bˠɛn3/bɨen3	
䒰	kˠʰwɑŋ1/kʰʉɔŋ1	
䒱	tɕɨŋ1/tʃiŋ1	
䒲	ʈa3/ʈɯa3	
䒴	ɰɨw2/ɨu̯2	
䒶	tʲʰɛn1/tʰien1	
䒷	qwɑt4/kuot4	
䒸	xʲwɛt4/hyet4	
䒹	lwɑj3/luoi3	
䒼	kˠʰuk4/kʰɨuk4	
䓂	ŋˠɛn1/ŋɨen1	
䓃	ʔˠip4/ʔɨp4	
䓄	ŋˠin1/ŋɨn1	
䓈	jwi2/jyi̯2	
䓈	jwɛk4/jyek4	
䓉	ja1/jia1	
䓊	ɴu1/ŋu1	
䓌	tɕi3/tʃi3	
䓍	ʁɑn3/ɦɑn3	
䓏	fʰu1/pfʰu1	
䓘	qɑw1/kɑu1	
䓙	qʰwa1/kʰua1	
䓙	qʰwaj1/kʰuai1	老
䓛	qwɨt4/kut4	
䓜	tɕi1/tʃi1	
䓞	lʲɛj3/liei3	
䓠	tʰɑp4/tʰɑp4	
䓠	tɑp4/tɑp4	
䓭	tʂʰat4/tʂʰɯat4	
䓮	mɑw2/muɔu2	
䓮	mɨw3/muəu3	
䓲	jwɛj3/jyei3	
䓲	jwɛt4/jyet4	
䓳	ʁaj1/ɦɯai1	
䓳	ʁɨn3/ɦən3	
䓴	ɲwɛn2/ɲʒyen2	
䓵	fʰu1/pfʰu1	
䓶	lɑj3/lɑi3	
䓶	lɑt4/lɑt4	
䓾	sɑ1/sɑ1	
䔁	lˠit4/ɭit4	
䔂	tʂi2/tʂʅi̯2	
䔃	tsu2/tsu2	
䔄	jɛw1/jieu1	
䔄	jɛw3/jieu3	
䔇	kˠʰi2/kʰɨi̯2	
䔇	ʁwɑj3/ɦuoi3	
䔌	qɑw1/kɑu1	
䔏	tʂʰɨw3/tʂʰʅᵊu3	
䔑	ja1/jia1	
䔑	zʲa1/zia1	
䔕	bu1/bu1	
䔖	lˠɨŋ1/ɭiŋ1	
䔚	ʑwin1/dʒyn1	
䔛	kʲʰwɛŋ2/kʰyeŋ2	
䔜	tʰɑm1/tʰɑm1	
䔞	lˠwit4/ɭyt4	
䔟	ji1/ji1	
䔬	ji3/ji3	
䔭	nʲɛŋ2/nieŋ2	
䔮	si1/si1	
䔯	qʰu3/kʰu3	
䔰	fɨw3/pfuəu3	
䔰	fʰuk4/pfʰuk4	
䔲	tɨŋ1/təŋ1	
䔴	tʂʰɨk4/tʂʰʅᵊk4	
䔵	qan1/kɯan1	
䔷	ɡˠɨŋ1/ɡɨŋ1	
䔷	ɡˠim1/ɡɨm1	
䔸	pˠɛw2/pɨeu2	
䔺	jwi1/jyi̯1	
䔺	jwi2/jyi̯2	
䔽	ʔˠɛj3/ʔɨei3	
䔽	ʔɑj3/ʔɑi3	
䔾	kˠʰɛj3/kʰɨei3	
䔾	ʁɑt4/ɦɑt4	
䔿	tswɨn2/tsun2	
䕁	fi2/pfi2	
䕄	tɕɨŋ1/tʃiŋ1	
䕅	ʂɨw1/ʂʅᵊu1	
䕅	sɑw2/sɑu2	
䕆	dɨw3/dəu3	
䕇	qwɑj1/kuoi1	
䕇	ʁwɑj3/ɦuoi3	
䕈	sʲɛp4/siep4	
䕍	jɛj3/jiei3	
䕓	tʂʰat4/tʂʰɯat4	
䕘	lʲɛŋ1/lieŋ1	
䕘	lˠɛŋ2/ɭieŋ2	
䕙	dzʲɛt4/dziet4	
䕞	lɑŋ3/lɑŋ3	
䕡	lˠɨ1/ɭɨ̯u1	
䕦	jɛŋ1/jieŋ1	
䕧	ʁaw3/ɦɯau3	
䕧	qaw2/kɯau2	
䕩	lɑw2/lɑu2	
䕪	ɖɛk4/ɖɯɛk4	
䕭	zʲɛm1/ziem1	
䕸	qaj1/kɯai1	
䕸	ʁat4/ɦɯat4	
䕹	dzɑp4/dzɑp4	
䕹	dzʲɛp4/dziep4	
䕺	dzɨwŋ1/dzuŋ1	
䕻	lˠi1/ɭi1	
䕻	lʲɛj3/liei3	
䕼	ɲɛn1/ɲʒien1	
䖀	xˠɛw1/hɨeu1	
䖃	jɑk4/jɨɔk4	
䖆	ɲɑŋ2/ɲʒɨɔŋ2	
䖆	ɳˠɑŋ3/ɳɨɔŋ3	
䖊	ŋˠɛj3/ŋɨei3	
䖏	tɕʰɨ3/tʃʰɨ̯u3	
䖐	ŋˠin1/ŋɨn1	
䖑	mʲɛk4/miek4	
䖒	xˠi1/hɨi̯1	
䖔	qʰɑm2/kʰɑm2	
䖔	χɑm3/hɑm3	
䖘	du1/du1	
䖙	dʲɛj1/diei1	
䖙	tʲʰɛj1/tʰiei1	
䖜	ŋˠin1/ŋɨn1	
䖡	ɳˠɨwk4/ɳɨuk4	
䖢	mʲɛw1/mieu1	
䖤	ʔˠwɛn2/ʔʉon2	
䖦	tɕwɛt4/tʃyet4	
䖧	nɑt4/nɑt4	
䖩	bʲit4/bit4	
䖪	tsi1/tsi1	
䖭	kˠwɛn3/kʉon3	
䖮	xˠɑŋ2/hɨɔŋ2	
䖯	kʲʰwɛj1/kʰyei1	
䖱	kˠʰwɑŋ1/kʰʉɔŋ1	
䖲	zʲwin1/zyn1	
䖳	ɖa3/ɖɯa3	
䖵	qwɨn1/kun1	
䖶	χwɑj1/huoi1	
䖹	mʲi2/mi2	
䖻	lˠɨw1/ɭiu̯1	
䗁	kˠʰi1/kʰɨi̯1	
䗁	ɡˠi3/ɡɨi̯3	
䗂	χu2/hu2	
䗃	dʐan3/dʐɯan3	
䗅	ɖˠɑŋ1/ɖɨɔŋ1	
䗆	qwɑn2/kuon2	
䗇	ɡˠɨwk4/ɡɨuk4	
䗐	ɕi1/ʃi1	
䗐	ɕi3/ʃi3	
䗔	ʁɨw1/ɦəu1	
䗗	kʲɛj1/kiei1	
䗘	qɑp4/kɑp4	
䗚	pɑk4/puɔk4	
䗠	zʲwɛn1/zyen1	
䗡	ɰɛn1/ɨen1	
䗣	ʁɑm1/ɦɑm1	
䗣	ʁɑm3/ɦɑm3	
䗤	juŋ1/jɨuŋ1	
䗥	tsɨwŋ1/tsuŋ1	
䗥	tsʲʰuŋ1/tsʰɨuŋ1	
䗧	qʰɑŋ1/kʰɑŋ1	
䗪	tɕa3/tʃia3	
䗪	tɕɛk4/tʃiek4	
䗯	tsʲin3/tsin3	
䗱	bɨwk4/buk4	
䗲	lˠin3/ɭin3	
䗵	kˠɑŋ1/kɨɔŋ1	
䗶	lɑp4/lɑp4	
䗷	ʔˠɨk4/ʔɨk4	
䗽	jwi3/jyi̯3	
䗿	nʲɛŋ2/nieŋ2	
䘀	vɨw3/bvuəu3	
䘁	tsʲɛt4/tsiet4	
䘃	mɨk4/muək4	
䘄	tɕɨ3/tʃɨ̯u3	
䘅	nɨk4/nək4	
䘆	xˠin2/hɨn2	
䘆	xˠɛn2/hɨen2	
䘇	ɱun1/mvun1	
䘌	ɳˠit4/ɳit4	
䘎	ʔwan1/ʔuan1	
䘒	tswɑj1/tsuoi1	
䘓	qʰɑm3/kʰɑm3	
䘝	jɨk4/jik4	
䘢	ʈˠɨ2/ʈɨ̯u2	
䘨	kʲɛw2/kieu2	
䘪	tɕʰɨwŋ1/tʃʰɨuŋ1	
䘯	ʂaw1/ʂɯau1	
䘰	jɛn1/jien1	
䘰	ɕɛn1/ʃien1	
䘱	ju3/jɨ̯u3	
䘳	kˠim1/kɨm1	
䘷	pʲɛt4/piet4	
䘸	jɛk4/jiek4	
䘸	tɕɛk4/tʃiek4	
䘼	ʔˠwɛn2/ʔʉon2	
䘽	ŋʲɛj1/ŋiei1	
䘽	ŋʲɛj2/ŋiei2	
䘽	ŋʲɛt4/ŋiet4	
䘾	qwɑn2/kuon2	
䘾	qwɑn3/kuon3	
䘿	ɡˠut4/ɡɨut4	
䙄	tʂʰip4/tʂʰʅᵊp4	
䙄	tʂap4/tʂɯap4	
䙅	ʔʲɛw1/ʔieu1	
䙇	ɲwɛn1/ɲʒyen1	
䙈	ʁɨw1/ɦəu1	
䙎	ʁaj1/ɦɯai1	
䙏	pɑk4/puɔk4	
䙐	qʰɛk4/kʰɯɛk4	
䙔	ʔˠu1/ʔɨ̯u1	
䙔	ʔɨw1/ʔəu1	
䙔	ʔɨw2/ʔəu2	
䙔	ʔɨw3/ʔəu3	
䙕	sʲuŋ2/sɨuŋ2	
䙕	tsʲuŋ2/tsɨuŋ2	
䙘	tʂʰɨ2/tʂʰʅu2	
䙘	tsʲɨwk4/tsɨuk4	
䙟	ɰwi1/ɨui1	
䙡	kˠʰwi3/kʰɨui3	
䙢	tsʲɨŋ3/tsiŋ3	
䙬	ʔɛŋ3/ʔɯɛŋ3	
䙭	kˠʰɛn1/kʰɨen1	
䙭	kˠɛn2/kɨen2	
䙱	ʑuk4/ʒɨuk4	
䙵	ɣʲwɛj1/ɦyei1	
䙷	ɴɑj3/ŋɑi3	
䙷	tɨk4/tək4	
䙼	ʑɛw3/ʒieu3	
䙽	xʲɛt4/hiet4	
䙾	ɕi1/ʃi1	
䚄	lɨwk4/luk4	
䚄	lˠuk4/ɭɨuk4	
䚅	lɑj3/lɑi3	
䚇	ʂɛŋ2/ʂɯɛŋ2	
䚈	kʲwɛn3/kyen3	
䚋	ɰun3/ɨun3	
䚌	qɑw1/kɑu1	
䚎	ʈʰawŋ1/ʈʰɯaŋ1	
䚎	ʈʰawŋ3/ʈʰɯaŋ3	
䚐	tʲʰɛk4/tʰiek4	
䚐	dzʲɛk4/dziek4	
䚔	pʲin1/pin1	
䚔	pʲin3/pin3	
䚔	pʲʰin3/pʰin3	
䚕	lˠi3/ɭi3	
䚕	lʲɛj3/liei3	
䚘	dʐɛŋ1/dʐɯɛŋ1	
䚙	xˠi1/hɨi̯1	
䚙	xˠwɛn1/hʉon1	
䚜	pʲɛj1/piei1	
䚝	dzwɨt4/dzut4	
䚠	ʁwɨn3/ɦun3	
䚡	sɑj1/sɑi1	
䚢	ʈˠʰɛj3/ʈʰiei3	
䚢	ʈˠʰɛt4/ʈʰiet4	
䚣	tʲɛj1/tiei1	
䚣	dʲɛj1/diei1	
䚥	ɳawk4/ɳɯak4	
䚦	ɖˠi3/ɖi3	
䚧	lˠɨw1/ɭiu̯1	
䚨	fɛj3/pfei3	
䚨	bɑt4/buot4	
䚩	kˠɛw2/kɨeu2	
䚫	qawk4/kɯak4	
䚫	ɣʲɛk4/ɦiek4	
䚭	xˠwɛn1/hʉon1	
䚮	ɲɨŋ1/ɲʒiŋ1	
䚳	tɕi3/tʃi3	
䚴	ɴwat4/ŋuat4	
䚷	ʔʲɛj1/ʔiei1	
䚷	ʔʲɛj2/ʔiei2	
䚹	pʲʰi2/pʰi2	
䚻	jɨw1/jiu̯1	
䛄	ʔˠwɛn2/ʔʉon2	
䛄	ʔˠwɛn3/ʔʉon3	
䛅	χap4/hɯap4	
䛆	ɖˠɨw3/ɖiu̯3	
䛋	ɡˠi3/ɡɨi̯3	
䛋	tsʰi3/tsʰi3	
䛌	dɑw1/dɑu1	
䛍	fi3/pfi3	
䛎	xʲwɛt4/hyet4	
䛗	tɕi2/tʃi2	
䛘	ɲim1/ɲʒim1	
䛘	ɳˠim1/ɳim1	
䛚	lˠɑk4/ɭɨɔk4	
䛛	ʁwɑj3/ɦuoi3	
䛞	ʁɑn3/ɦɑn3	
䛠	tɨw3/təu3	
䛢	tʰwɑ1/tʰuɔ1	
䛢	tʰɨwk4/tʰuk4	
䛥	xˠit4/hɨt4	
䛩	ʔu2/ʔu2	
䛪	kˠʰɨwŋ3/kʰɨuŋ3	
䛬	dɑw1/dɑu1	
䛭	χɛŋ3/hɯɛŋ3	
䛮	ɡˠɨw3/ɡɨu̯3	
䛳	ʔˠɛm3/ʔɨem3	
䛹	tsʲʰɛn3/tsʰien3	
䛻	jɨw2/jiu̯2	
䛽	tʂap4/tʂɯap4	
䛾	su3/su3	
䜂	ʁɑw3/ɦɑu3	
䜃	twɑj1/tuoi1	
䜅	jwi1/jyi̯1	
䜅	ʑwi1/dʒyi̯1	
䜅	tsʲʰwi1/tsʰyi̯1	
䜆	tɕɛp4/tʃiep4	
䜈	tʂʰaw1/tʂʰɯau1	
䜉	tʂʰit4/tʂʰʅᵊt4	
䜋	ʁwɑj3/ɦuoi3	
䜌	lwɑn1/luon1	
䜌	lˠwɛn1/ɭyen1	
䜌	lˠwɛn3/ɭyen3	
䜏	tʰwɑ1/tʰuɔ1	
䜐	xʲwi1/hyi̯1	
䜑	ʔu3/ʔu3	
䜒	ʔɑw3/ʔɑu3	
䜕	χaj3/hɯai3	
䜕	maj3/muai3	
䜙	ɴɑm1/ŋɑm1	
䜚	dɑp4/dɑp4	
䜜	jwi3/jyi̯3	
䜢	xˠɛn2/hɨen2	
䜪	ɡˠɨw1/ɡɨu̯1	
䜫	qawŋ1/kɯaŋ1	
䜮	lʲɛw1/lieu1	
䜮	lɑw1/lɑu1	
䜯	ɡˠɨwk4/ɡɨuk4	
䜰	χɑw1/hɑu1	
䜱	mɑn1/muon1	
䜲	lˠɛp4/ɭiep4	
䜴	tʂʰu3/tʂʰʅu3	
䜶	ʁawŋ1/ɦɯaŋ1	
䜷	tsʲʰim1/tsʰim1	
䜸	mɑj2/muoi2	
䜺	tʂʰɛk4/tʂʰɯɛk4	
䜼	qɨwk4/kuk4	
䜽	ju1/jɨ̯u1	
䜾	ʔˠim1/ʔɨm1	
䝁	lɑw1/lɑu1	
䝄	ʂawŋ1/ʂɯaŋ1	
䝋	tsɨwŋ3/tsuŋ3	
䝍	kˠun3/kɨun3	
䝏	lˠu1/ɭɨ̯u1	
䝏	lɨw1/ləu1	
䝐	jwi1/jyi̯1	
䝐	jwi2/jyi̯2	
䝑	ʈˠʰuŋ1/ʈʰɨuŋ1	
䝒	dʐu3/dʐʅu3	
䝕	tɕɛp4/tʃiep4	
䝖	tʂaw2/tʂɯau2	
䝚	ɳˠi1/ɳi1	
䝜	swɑn1/suon1	
䝟	ʔat4/ʔɯat4	
䝡	ɱɛn3/mvuɐn3	
䝢	mɑn3/muon3	
䝣	ɡˠɨ1/ɡɨ̯u1	
䝤	ʈaw2/ʈɯau2	
䝤	lɑw2/lɑu2	
䝦	tɕɨwŋ1/tʃɨuŋ1	
䝪	ʂɨ2/ʂʅu2	
䝭	qɨw3/kəu3	
䝮	ɣʲwɛn3/ɦyen3	
䝶	lˠɑŋ1/ɭɨɔŋ1	
䝷	ʈˠi1/ʈi1	
䝸	ɡˠi3/ɡɨi̯3	
䝹	ʔwɑn2/ʔuon2	
䝻	kˠɨ1/kɨ̯u1	
䝼	dzʲɛŋ1/dzieŋ1	
䝼	dzʲɛŋ3/dzieŋ3	
䞀	ʁɨw3/ɦəu3	
䞁	ʔˠɛn2/ʔɨen2	
䞁	ʔˠɛn3/ʔɨen3	
䞂	ɲwɛn2/ɲʒyen2	
䞃	ʈˠi3/ʈi3	
䞈	kˠwi3/kɨui3	
䞋	tʂʰin3/tʂʰʅᵊn3	
䞓	ʈˠʰɛŋ1/ʈʰieŋ1	
䞔	ɱi2/mvi2	
䞕	ɲu1/ɲʒɨ̯u1	
䞗	tʂʰaj1/tʂʰɯai1	
䞗	tsʰɑj1/tsʰɑi1	
䞘	ɡˠit4/ɡɨt4	
䞙	tsɑp4/tsɑp4	
䞚	ɡʲi1/ɡi1	
䞚	kˠʰi2/kʰɨi̯2	
䞞	vut4/bvut4	
䞠	tɕɛk4/tʃiek4	
䞣	tɕʰa3/tʃʰia3	
䞣	tsʲʰa3/tsʰia3	
䞣	ʈʰɛk4/ʈʰɯɛk4	
䞤	ɡˠu1/ɡɨ̯u1	
䞤	fʰu2/pfʰu2	
䞥	ɰɨw3/ɨu̯3	
䞦	ʁɛk4/ɦɯɛk4	
䞧	ʁɨw3/ɦəu3	
䞨	kʲʰwi2/kʰyi̯2	
䞩	ʁap4/ɦɯap4	
䞪	dzʲɑŋ3/dzɨɔŋ3	
䞭	tsʰwɑj1/tsʰuoi1	
䞮	tʰu1/tʰu1	
䞯	fʰu3/pfʰu3	
䞰	dʐwɛk4/dʐuɛk4	
䞳	fʰu3/pfʰu3	
䞳	pʰɨw3/pʰuəu3	
䞳	bɨk4/buək4	
䞴	ʈaw1/ʈɯau1	
䞴	ʈaw3/ʈɯau3	
䞵	kˠwɛt4/kʉot4	
䞷	ɡˠwɛt4/ɡʉot4	
䞽	ʂɛk4/ʂɯɛk4	
䞾	ɖˠi1/ɖi1	
䞿	kˠʰɛn1/kʰɨen1	
䞿	xˠɛn1/hɨen1	
䟂	mɨn1/mun1	
䟂	mɑn1/muon1	
䟃	tsʰɑm1/tsʰɑm1	
䟃	tsʰɑp4/tsʰɑp4	
䟄	dʐwɛk4/dʐuɛk4	
䟄	tsʲʰɛk4/tsʰiek4	
䟅	dzʲɛm3/dziem3	
䟆	pʲit4/pit4	
䟇	kˠi1/kɨi̯1	
䟈	ɖˠit4/ɖit4	
䟉	tɕuk4/tʃɨuk4	
䟊	ɡˠɨ1/ɡɨ̯u1	
䟌	kʲit4/kit4	
䟌	dzʲɛt4/dziet4	
䟍	pʲɛn1/pien1	
䟍	ʔˠɛn2/ʔɨen2	
䟏	ɕɑk4/ʃɨɔk4	
䟏	lʲɛk4/liek4	
䟐	lʲɛk4/liek4	
䟑	jɑk4/jɨɔk4	
䟒	ɡˠwɛn1/ɡʉon1	
䟓	ʈʰɛŋ1/ʈʰɯɛŋ1	
䟓	ʈɛŋ1/ʈɯɛŋ1	
䟓	ʈˠʰɛŋ1/ʈʰieŋ1	
䟔	fʰu3/pfʰu3	
䟗	ʑi3/ʒi3	
䟘	ʁɑŋ3/ɦɑŋ3	
䟘	qɑŋ2/kɑŋ2	
䟙	tsʲʰɛt4/tsʰiet4	
䟛	fi3/pfi3	
䟛	bɑt4/buot4	
䟝	tʰɨw3/tʰəu3	
䟠	xˠwɛt4/hʉot4	
䟡	tʲɛj3/tiei3	
䟣	ʈˠʰwit4/ʈʰyt4	
䟧	dʲɛn1/dien1	
䟨	mʲin2/min2	
䟫	tɕʰɑŋ2/tʃʰɨɔŋ2	
䟯	qʰwɑt4/kʰuot4	
䟴	tɕin3/tʃin3	
䟵	ɡˠɨw1/ɡɨu̯1	
䟷	ʈˠʰɛj3/ʈʰiei3	
䟸	kˠwi1/kɨui1	
䟸	ɡˠwi1/ɡɨui1	
䟹	lˠwɛt4/ɭyet4	
䟺	pɑj3/puoi3	
䟺	bɑj3/buoi3	
䟾	ʈˠwɛt4/ʈyet4	
䟿	lˠuk4/ɭɨuk4	
䠄	tʲʰɛn2/tʰien2	
䠆	ɖˠɑŋ1/ɖɨɔŋ1	
䠇	kˠut4/kɨut4	
䠇	ɡˠut4/ɡɨut4	
䠈	tʰwɨt4/tʰut4	
䠊	vi3/bvi3	
䠍	ʁa1/ɦɯa1	
䠐	kʲʰwɛk4/kʰyek4	
䠑	kʲʰwi2/kʰyi̯2	
䠗	xˠɨwŋ3/hɨuŋ3	
䠗	kʲʰɨw3/kʰiu̯3	
䠘	pʲʰɛj3/pʰiei3	
䠙	bɑŋ1/buɔŋ1	
䠚	ʔwa3/ʔua3	
䠛	jɛw1/jieu1	
䠟	dʲɛp4/diep4	
䠠	tʲɛj3/tiei3	
䠠	tɕɛj3/tʃiei3	
䠡	dzɑ1/dzɑ1	
䠢	mɨwŋ3/mvuŋ3	
䠣	sʲwɛn3/syen3	
䠣	kˠʰwɛn3/kʰʉon3	
䠧	ɖa1/ɖɯa1	
䠨	tɕʰɛm3/tʃʰiem3	
䠪	tʰwɑn2/tʰuon2	
䠫	dzɨw3/dzəu3	
䠯	jɑk4/jɨɔk4	
䠰	ɡˠwɛn1/ɡʉon1	
䠱	ɖˠuk4/ɖɨuk4	
䠵	vu3/bvu3	
䠶	ʑa3/ʒia3	
䠷	tʲʰɛw2/tʰieu2	
䠸	qʰwa1/kʰua1	
䠻	kˠʰɨwŋ3/kʰɨuŋ3	
䠼	ɕu3/ʃɨ̯u3	
䠽	ʁɑj1/ɦɑi1	
䡀	tɕɛn2/tʃien2	
䡂	kˠɨw1/kɨu̯1	
䡅	ʈˠʰwin1/ʈʰyn1	
䡆	juŋ1/jɨuŋ1	
䡈	qawk4/kɯak4	
䡉	qʰɑŋ2/kʰɑŋ2	
䡉	qʰwɑŋ2/kʰuɔŋ2	
䡊	fɛn2/pfuɐn2	
䡋	tɕi1/tʃi1	
䡐	dɑ1/dɑ1	
䡓	kʲwɛn3/kyen3	
䡔	kʲʰɛj2/kʰiei2	
䡗	kˠuŋ2/kɨuŋ2	
䡘	dʲɛn1/dien1	
䡙	lɑŋ1/lɑŋ1	
䡚	maw3/muau3	
䡜	lˠɨwk4/ɭɨuk4	
䡝	ʔˠun1/ʔɨun1	
䡝	ʔˠwɛn1/ʔʉon1	
䡝	ʔˠun2/ʔɨun2	
䡞	kˠuk4/kɨuk4	
䡣	xˠɛn1/hɨen1	
䡣	ʁwɨn1/ɦun1	
䡧	ʔu2/ʔu2	
䡩	qʰɛŋ1/kʰɯɛŋ1	
䡬	ɱɛn3/mvuɐn3	
䡭	sʲɨw1/siu̯1	
䡮	tsʲuŋ1/tsɨuŋ1	
䡯	tsʰɨwŋ1/tsʰuŋ1	
䡰	qʰɛŋ1/kʰɯɛŋ1	
䡲	dʐan1/dʐɯan1	
䡲	dʐɛn1/dʐʅen1	
䡴	tɕʰuŋ1/tʃʰɨuŋ1	
䡴	ɖawŋ3/ɖɯaŋ3	
䡵	zʲwi3/zyi̯3	
䡼	lʲɛŋ1/lieŋ1	
䡽	tswɑn1/tsuon1	
䡾	ɴɑt4/ŋɑt4	
䡾	ŋˠɛt4/ŋɨet4	
䢃	ŋˠɛj3/ŋɨei3	
䢅	ʑin1/dʒin1	
䢇	ɲuŋ2/ɲʒɨuŋ2	
䢈	ʁwɑj3/ɦuoi3	
䢉	nɨwŋ1/nuŋ1	
䢌	pɑt4/puot4	
䢐	dzu1/dzu1	
䢒	qaw1/kɯau1	
䢓	ɰu1/ɨ̯u1	
䢔	ʁɑp4/ɦɑp4	
䢖	jwit4/jyt4	
䢙	baj3/buai3	
䢚	qɛŋ1/kɯɛŋ1	
䢝	ʔa3/ʔɯa3	
䢡	sʲɛp4/siep4	
䢦	ʂwit4/ʂʯᵊt4	
䢭	jɛn1/jien1	
䢭	zʲɛn3/zien3	
䢭	jɛn3/jien3	
䢰	tʲʰɛk4/tʰiek4	
䢱	dɨwk4/duk4	
䢲	ɰwɑk4/ʉɔk4	
䢳	kˠi2/kɨi̯2	
䢵	ɰun1/ɨun1	
䢸	tsʲʰɨ1/tsʰɨ̯u1	
䢹	kˠɨ2/kɨ̯u2	
䢻	ʑin1/dʒin1	
䢻	tɕin3/tʃin3	
䢼	kˠuŋ1/kɨuŋ1	
䢿	ʔɑn1/ʔɑn1	
䢿	ʔɑn3/ʔɑn3	
䣀	kˠwi2/kɨui2	
䣀	ɡˠwi3/ɡɨui3	
䣁	ɰu2/ɨ̯u2	
䣂	lwɑj2/luoi2	
䣂	lwɑj3/luoi3	
䣄	zʲɨ1/zɨ̯u1	
䣄	du1/du1	
䣅	ʑin1/dʒin1	
䣆	ɣʲɛŋ1/ɦieŋ1	
䣇	ɡˠɨw1/ɡɨu̯1	
䣍	ʔˠɛm1/ʔɨem1	
䣍	ʔˠɛm2/ʔɨem2	
䣎	tʂi1/tʂʅi̯1	
䣔	swɑ2/suɔ2	
䣕	ma2/mua2	
䣕	ma3/mua3	
䣗	qɑw1/kɑu1	
䣘	dɑŋ1/dɑŋ1	
䣙	bɑj1/buoi1	
䣙	pʰɨŋ2/pʰuəŋ2	
䣚	lˠu1/ɭɨ̯u1	
䣚	lɨw1/ləu1	
䣛	tsʲʰit4/tsʰit4	
䣜	dzɑ1/dzɑ1	
䣝	du1/du1	
䣝	ɖa1/ɖɯa1	
䣟	dzɑm1/dzɑm1	
䣟	dzɑp4/dzɑp4	
䣠	dzʲa3/dzia3	
䣡	ŋˠi1/ŋɨi̯1	
䣢	dzɑk4/dzɑk4	
䣢	dzʲɛk4/dziek4	
䣣	tɑŋ2/tɑŋ2	
䣤	ɡˠwɑk4/ɡʉɔk4	
䣧	jɨk4/jik4	
䣩	ɖˠwin1/ɖyn1	
䣩	ʑwin1/dʒyn1	
䣪	pʰɑt4/pʰuot4	
䣮	bɑt4/buot4	
䣵	ɳˠi3/ɳi3	
䣵	ɲi3/ɲʒi3	
䣸	ɲɛm2/ɲʒiem2	
䣹	vɛt4/bvuɐt4	
䣺	kʲwɛn3/kyen3	
䣼	lˠɑŋ1/ɭɨɔŋ1	
䣽	ʈˠi1/ʈi1	
䣿	ɰu1/ɨ̯u1	
䣿	xˠu1/hɨ̯u1	
䣿	ʔˠu1/ʔɨ̯u1	
䤁	jim1/jim1	
䤁	dzʲim1/dzim1	
䤂	mɑj1/muoi1	
䤃	ʔˠim1/ʔɨm1	
䤅	du1/du1	
䤅	dɨw1/dəu1	
䤉	mʲit4/mit4	
䤍	mʲɛj1/miei1	
䤎	kʲwit4/kyt4	
䤏	bˠi3/bɨi̯3	
䤐	tsʲʰim2/tsʰim2	
䤐	tsʲim2/tsim2	
䤑	ʔwɑŋ3/ʔuɔŋ3	
䤒	ɡˠi3/ɡɨi̯3	
䤔	dzʲɛm3/dziem3	
䤕	χawk4/hɯak4	
䤗	qɑm2/kɑm2	
䤘	tsʲʰɛm2/tsʰiem2	
䤘	tʂʰam2/tʂʰɯam2	
䤙	lʲɛk4/liek4	
䤢	pat4/puat4	
䤥	kˠwi2/kɨui2	
䤨	pʲʰɛk4/pʰiek4	
䤪	twɑ2/tuɔ2	
䤬	sɑ1/sɑ1	
䤮	ʑɛp4/ʒiep4	
䤳	dzʲa3/dzia3	
䤴	ʁɑm1/ɦɑm1	
䤶	ʔˠɛp4/ʔɨep4	
䤻	dwɑ3/duɔ3	
䤽	qwan1/kuan1	
䥈	mu2/mu2	
䥈	mɑŋ2/muɔŋ2	
䥉	ʔˠwɛn1/ʔʉon1	
䥍	tɕi3/tʃi3	
䥍	tɕip4/tʃip4	
䥏	ŋˠɨ2/ŋɨ̯u2	
䥗	qʰwɑn2/kʰuon2	
䥗	qʰwɑn3/kʰuon3	
䥛	kʲɛt4/kiet4	
䥝	ʔɑw1/ʔɑu1	
䥡	dʲɛp4/diep4	
䥩	ɱi1/mvi1	
䥯	baj3/buai3	
䥰	mɛŋ1/muɛŋ1	
䥵	kʲɛw2/kieu2	
䥵	xʲɛw2/hieu2	
䥶	lʲɛk4/liek4	
䥸	mʲi1/mi1	
䦈	tsʲa1/tsia1	
䦊	nʲɛw2/nieu2	
䦋	ɴɑw1/ŋɑu1	
䦍	ɴwɨt4/ŋut4	
䦏	ɣʲɛj3/ɦiei3	
䦏	ʁaj3/ɦɯai3	
䦑	xʲwɛt4/hyet4	
䦔	tʰɑn2/tʰɑn2	
䦖	ʁat4/ɦɯat4	
䦖	ɣʲɛt4/ɦiet4	
䦗	xˠwɨk4/hʉik4	
䦘	ʁan3/ɦɯan3	
䦝	χwɛk4/huɛk4	
䦪	ʔat4/ʔɯat4	
䦱	qʰwa1/kʰua1	
䦱	ɰwi2/ɨui2	
䦱	qʰwaj1/kʰuai1	老
䦲	jɛm1/jiem1	
䦲	tɕʰɛm3/tʃʰiem3	
䦳	xˠɑŋ3/hɨɔŋ3	
䦺	tʲɛŋ1/tieŋ1	
䦼	pˠʰɨk4/pʰɨk4	
䧁	ɡˠu1/ɡɨ̯u1	
䧁	xˠu2/hɨ̯u2	
䧅	ji1/ji1	
䧆	ʁɨwŋ1/ɦuŋ1	
䧇	ʔˠi1/ʔɨi̯1	
䧊	qʰɨwk4/kʰuk4	
䧊	qɨwk4/kuk4	
䧎	ɣʲwɛn3/ɦyen3	
䧑	tʲɛj1/tiei1	
䧘	ɖˠwɛn3/ɖyen3	
䧜	dɑŋ1/dɑŋ1	
䧞	vɨw3/bvuəu3	
䧞	ma3/mua3	
䧢	kˠʰu1/kʰɨ̯u1	
䧤	pɨwk4/puk4	
䧦	ɰwi1/ɨui1	
䧦	xˠwi1/hɨui1	
䧦	ɰwi2/ɨui2	
䧨	ŋˠɛp4/ŋɨep4	
䧪	tɕʰɛp4/tʃʰiep4	
䧰	ʁwɨn3/ɦun3	
䧴	tɕi1/tʃi1	
䧴	ɕi3/ʃi3	
䧼	qɨwk4/kuk4	
䨁	ɱu3/mvu3	
䨂	tsʲʰɨw1/tsʰiu̯1	
䨊	ʔʲwɛn1/ʔyen1	
䨐	ʁap4/ɦɯap4	
䨑	dʲɛj1/diei1	
䨒	ɰu3/ɨ̯u3	
䨕	ʔˠu1/ʔɨ̯u1	
䨗	vɨw1/bvuəu1	
䨘	sʲɛn3/sien3	
䨛	ʂɛk4/ʂɯɛk4	
䨞	ɰu2/ɨ̯u2	
䨡	ʁɑm1/ɦɑm1	
䨢	dɑm3/dɑm3	
䨣	qɛk4/kɯɛk4	
䨤	dʲɛk4/diek4	
䨥	ʁwɑk4/ɦuɔk4	
䨥	tɕɛk4/tʃiek4	
䨦	pʰɑŋ1/pʰuɔŋ1	
䨨	ʈˠwi1/ʈyi̯1	
䨮	sʲwɛt4/syet4	
䨰	pʰɑk4/pʰuɔk4	
䨲	nɨw1/nəu1	
䨳	xˠi3/hɨi̯3	
䨴	dwɑj3/duoi3	
䨻	bɛŋ3/buɛŋ3	
䨼	ʁu3/ɦu3	
䨽	vi1/bvi1	
䨽	fʰi2/pfʰi2	
䨽	bˠi3/bɨi̯3	
䨾	vi3/bvi3	
䩁	fʰi1/pfʰi1	
䩂	χam1/hɯam1	
䩃	ʑi3/ʒi3	
䩆	tʂan2/tʂɯan2	
䩇	ʈam1/ʈɯam1	
䩉	vu3/bvu3	
䩊	ʔwɑt4/ʔuot4	
䩌	dzʲɛw1/dzieu1	
䩌	tsʲɛw1/tsieu1	
䩌	tsʲɛw3/tsieu3	
䩍	lˠɛw2/ɭieu2	
䩏	mʲɛt4/miet4	
䩐	χwɨt4/hut4	
䩒	ɰu1/ɨ̯u1	
䩒	xˠu1/hɨ̯u1	
䩒	ʔˠu1/ʔɨ̯u1	
䩕	ɴɑŋ1/ŋɑŋ1	
䩙	ɣʲwɛn3/ɦyen3	
䩚	tʲɛj3/tiei3	
䩛	bʲit4/bit4	
䩞	tʲʰɛp4/tʰiep4	
䩞	tʲɛp4/tiep4	
䩠	tʲʰɛŋ1/tʰieŋ1	
䩡	qap4/kɯap4	
䩢	tɕɛj3/tʃiei3	
䩢	tɕɛt4/tʃiet4	
䩣	tʰu1/tʰu1	
䩤	xʲɛt4/hiet4	
䩥	dɑn3/dɑn3	
䩦	dʲɛw1/dieu1	
䩨	ʈˠʰɑŋ3/ʈʰɨɔŋ3	
䩩	ʔˠwɛn1/ʔʉon1	
䩩	ʔˠwɛn2/ʔʉon2	
䩪	qwɑn2/kuon2	
䩯	kˠʰɨk4/kʰɨk4	
䩱	ju1/jɨ̯u1	
䩱	ɕu3/ʃɨ̯u3	
䩲	tu1/tu1	
䩳	sɨw1/səu1	
䩵	ɰun3/ɨun3	
䩶	ʈˠʰɛn2/ʈʰien2	
䩶	ʈˠʰɛŋ2/ʈʰieŋ2	
䩸	ɲuŋ1/ɲʒɨuŋ1	
䩸	ɲuŋ3/ɲʒɨuŋ3	
䩹	ɴɛk4/ŋɯɛk4	
䩺	ʔɨwŋ1/ʔuŋ1	
䩼	vuŋ1/bvuŋ1	
䩽	ʔˠu1/ʔɨ̯u1	
䩿	vun1/bvun1	
䪁	pɨwk4/puk4	
䪁	fuk4/pfuk4	
䪂	qɛk4/kɯɛk4	
䪆	tʲʰɛj2/tʰiei2	
䪈	kʲʰɛn3/kʰien3	
䪉	lˠɛp4/ɭiep4	
䪊	lɨwŋ1/luŋ1	
䪌	dʐam3/dʐɯam3	
䪍	lɑn1/lɑn1	
䪎	ʂwi1/ʂʯᵊi1	
䪎	swɑj1/suoi1	
䪏	nɑp4/nɑp4	
䪐	pˠi3/pɨi̯3	
䪒	tɕu3/tʃɨ̯u3	
䪔	vu3/bvu3	
䪙	pʰɑk4/pʰuɔk4	
䪚	tɑp4/tɑp4	
䪜	tɕʰɛm1/tʃʰiem1	
䪜	tɕʰɛm3/tʃʰiem3	
䪝	ʔwɛk4/ʔuɛk4	
䪞	dzɑp4/dzɑp4	
䪡	tsʲɛj1/tsiei1	
䪥	ʁaj3/ɦɯai3	
䪦	ʁɨwŋ1/ɦuŋ1	
䪧	ɖˠi1/ɖi1	
䪩	ŋˠim1/ŋɨm1	
䪫	ʁɛŋ1/ɦɯɛŋ1	
䪬	pʰɨt4/pʰut4	
䪯	ʔʲwɛŋ1/ʔyeŋ1	
䪳	jwin2/jyn2	
䪴	tɕim2/tʃim2	
䪴	tɑm2/tɑm2	
䪷	χɨw3/həu3	
䪸	mˠin1/mɨn1	
䪹	pˠʰi1/pʰɨi̯1	
䪻	vɛn3/bvuɐn3	
䪻	bˠɛn3/bɨen3	
䪼	tɕwɛt4/tʃyet4	
䪾	tɕin2/tʃin2	
䪾	tɕin3/tʃin3	
䫀	qɨn2/kən2	
䫀	tʲɛn2/tien2	
䫁	bʲi3/bi3	
䫂	tɑ2/tɑ2	
䫄	ʈʰwat4/ʈʰuat4	
䫅	sɑm3/sɑm3	
䫆	ɡˠɛŋ1/ɡɨeŋ1	
䫆	ʑɛŋ1/dʒieŋ1	
䫉	maw3/muau3	
䫌	pʲʰɛj2/pʰiei2	
䫎	tɕwɛt4/tʃyet4	
䫏	kˠʰi1/kʰɨi̯1	
䫒	mɨn1/mun1	
䫔	kʲʰɛj3/kʰiei3	
䫔	kʲʰɛt4/kʰiet4	
䫖	ʈˠʰim2/ʈʰim2	
䫗	ʁa1/ɦɯa1	
䫘	ʁɑt4/ɦɑt4	
䫘	χɑt4/hɑt4	
䫛	ʁɨw1/ɦəu1	
䫜	ʔaw1/ʔɯau1	
䫞	xʲɛw1/hieu1	
䫞	kʲʰɛw1/kʰieu1	
䫟	ɰun2/ɨun2	
䫟	ʁwɨn3/ɦun3	
䫠	bˠi1/bɨi̯1	
䫠	pˠʰi1/pʰɨi̯1	
䫡	ɴam1/ŋɯam1	
䫡	qʰam2/kʰɯam2	
䫡	qʰam3/kʰɯam3	
䫡	qam3/kɯam3	
䫢	si1/si1	
䫤	mʲɛŋ1/mieŋ1	
䫥	kˠʰi1/kʰɨi̯1	
䫥	qʰwɑj2/kʰuoi2	
䫥	ɴwɑj2/ŋuoi2	
䫦	qɑp4/kɑp4	
䫧	ʁɑw1/ɦɑu1	
䫨	ɴɑw1/ŋɑu1	
䫨	ɴɑw3/ŋɑu3	
䫩	tsʰɑm2/tsʰɑm2	
䫩	sɑm2/sɑm2	
䫪	ʂɑŋ2/ʂʅɔŋ2	
䫪	tʂʰɑŋ2/tʂʰʅɔŋ2	
䫬	tɕim2/tʃim2	
䫲	χɑm2/hɑm2	
䫲	χɑm3/hɑm3	
䫳	dɨwk4/duk4	
䫴	ɡˠim3/ɡɨm3	
䫴	ɰim3/ɨm3	
䫵	mʲɛn1/mien1	
䫶	vun1/bvun1	
䫸	ʈʰaw1/ʈʰɯau1	
䫹	ʁɨwŋ1/ɦuŋ1	
䫻	ɰut4/ɨut4	
䫽	pʰɑw1/pʰuɔu1	
䫾	pʲʰɛt4/pʰiet4	
䫾	pˠɨk4/pɨk4	
䫿	ʈˠʰɛw1/ʈʰieu1	
䬀	ʔˠɨw2/ʔɨu̯2	
䬀	ʔʲɨw2/ʔiu̯2	
䬁	ji1/ji1	
䬂	xʲwit4/hyt4	
䬂	xˠwɛt4/hʉot4	
䬆	lˠi3/ɭi3	
䬆	lˠit4/ɭit4	
䬉	χwɛk4/huɛk4	
䬊	ʂap4/ʂɯap4	
䬌	fʰɨw1/pfʰuəu1	
䬍	xˠut4/hɨut4	
䬍	χwɨt4/hut4	
䬎	qwɛk4/kuɛk4	
䬐	ɲwi1/ɲʒyi̯1	
䬐	ʔwɑj1/ʔuoi1	
䬑	ɰwi3/ɨui3	
䬑	ɰut4/ɨut4	
䬘	χaw1/hɯau1	
䬝	ʁwɛŋ1/ɦuɛŋ1	
䬞	dɑw1/dɑu1	
䬞	ɖˠɨw1/ɖiu̯1	
䬟	lˠɨw1/ɭiu̯1	
䬠	fʰi1/pfʰi1	
䬡	tɕɨ3/tʃɨ̯u3	
䬦	tɨw3/təu3	
䬧	ŋˠwɛn1/ŋʉon1	
䬫	tʲɛj1/tiei1	
䬫	dʲɛj1/diei1	
䬬	ʔˠɑŋ2/ʔɨɔŋ2	
䬬	ʔˠɑŋ3/ʔɨɔŋ3	
䬮	ji1/ji1	
䬯	ɳˠɛm1/ɳiem1	
䬯	nʲɛm1/niem1	
䬰	ʑɛw3/ʒieu3	
䬳	pɑn2/puon2	
䬴	mɑt4/muot4	
䬵	qɑj1/kɑi1	
䬵	ʔaj3/ʔɯai3	
䬷	ɕa2/ʃia2	
䬼	ʔʲwɛn3/ʔyen3	
䬽	ɕwɛj3/ʃyei3	
䬽	lwɑj3/luoi3	
䬾	dʲɛj1/diei1	
䬿	ɱi2/mvi2	
䭁	tɕɛj3/tʃiei3	
䭂	ʔˠip4/ʔɨp4	
䭃	ɲim2/ɲʒim2	
䭆	ɳɛk4/ɳɯɛk4	
䭈	kˠɛn1/kɨen1	
䭉	sʲwi2/syi̯2	
䭐	jɑŋ3/jɨɔŋ3	
䭑	lˠɛm2/ɭiem2	
䭒	sʲɨk4/sik4	
䭓	ɴɨn3/ŋən3	
䭔	twɑj1/tuoi1	
䭕	tsɑm2/tsɑm2	
䭖	tɕɨ3/tʃɨ̯u3	
䭘	ʔˠɛŋ2/ʔɨeŋ2	
䭙	tsʲim2/tsim2	
䭡	ʔwɨn3/ʔun3	
䭡	ʔɨn3/ʔən3	
䭢	ɳɛŋ1/ɳɯɛŋ1	
䭤	kʲʰɛn2/kʰien2	
䭦	bɑk4/buɔk4	
䭨	ʂwi1/ʂʯᵊi1	
䭨	ɕwɛj3/ʃyei3	
䭩	mɑ1/muɔ1	
䭬	kʲʰɛj2/kʰiei2	
䭭	ɕɨw2/ʃiu̯2	
䭮	fʰut4/pfʰut4	
䭱	pʲʰɛt4/pʰiet4	
䭱	bʲɛt4/biet4	
䭴	ʁwan1/ɦuan1	
䭴	ɣʲwɛn3/ɦyen3	
䭸	vu3/bvu3	
䭹	ɴɑŋ1/ŋɑŋ1	
䭹	ɴɑŋ2/ŋɑŋ2	
䭹	ɴɑŋ3/ŋɑŋ3	
䭿	jit4/jit4	
䭿	dʲɛt4/diet4	
䮀	bawk4/buak4	
䮂	bɑt4/buot4	
䮄	ɣʲwɛn1/ɦyen1	
䮉	lˠɨ1/ɭɨ̯u1	
䮎	xˠi3/hɨi̯3	
䮒	pʰu1/pʰu1	
䮔	tɕwi1/tʃyi̯1	
䮔	tɕwi2/tʃyi̯2	
䮗	ɴɑn3/ŋɑn3	
䮙	ɰwɨk4/ʉik4	
䮝	ʁwɨn1/ɦun1	
䮠	pˠɨk4/pɨk4	
䮢	dʐap4/dʐɯap4	
䮤	qawk4/kɯak4	
䮤	ʁɑk4/ɦɑk4	
䮥	lʲɛk4/liek4	
䮧	ʁɑn1/ɦɑn1	
䮧	ʁɑn3/ɦɑn3	
䮩	qwɨt4/kut4	
䮭	mʲɛk4/miek4	
䮱	ɖˠɨwk4/ɖɨuk4	
䮳	vɛn1/bvuɐn1	
䮴	dɨŋ3/dəŋ3	
䮷	dɨwk4/duk4	
䮸	ʔɨwk4/ʔuk4	
䮸	qawk4/kɯak4	
䮸	ʔawk4/ʔɯak4	
䮹	ʔˠwɛj3/ʔʉoi3	
䮻	tɑw2/tɑu2	
䮾	bɨwŋ1/buŋ1	
䮾	lawŋ1/ɭɯaŋ1	
䯂	ʂin1/ʂʅᵊn1	
䯂	dʐip4/dʐʅᵊp4	
䯇	qʰwɨt4/kʰut4	
䯇	qʰwat4/kʰuat4	
䯈	ɴwɑn1/ŋuon1	
䯉	ʔwɨt4/ʔut4	
䯉	ʔwat4/ʔuat4	
䯊	qʰɑ1/kʰɑ1	
䯋	qʰɑt4/kʰɑt4	
䯋	bɑt4/buot4	
䯍	lʲɛŋ1/lieŋ1	
䯏	qwɑt4/kuot4	
䯑	qʰwɑŋ1/kʰuɔŋ1	
䯒	ʁɛŋ1/ɦɯɛŋ1	
䯓	kʲʰwɛj1/kʰyei1	
䯖	lɑŋ1/lɑŋ1	
䯗	bʲɛj3/biei3	
䯘	ʁwɑn3/ɦuon3	
䯜	sʲɛk4/siek4	
䯜	tʲʰɛk4/tʰiek4	
䯞	qʰwa1/kʰua1	
䯟	dwɑj3/duoi3	
䯠	ʔɑw2/ʔɑu2	
䯢	mɑ1/muɔ1	
䯣	kˠʰwi3/kʰɨui3	
䯤	qwɑj3/kuoi3	
䯦	mat4/muat4	
䯪	qʰɑw2/kʰɑu2	
䯪	qʰɑw3/kʰɑu3	
䯬	tɑ2/tɑ2	
䯰	qaj3/kɯai3	
䯳	sɨwŋ1/suŋ1	
䯷	sʲɨwŋ1/sɨuŋ1	
䯸	tsʰi3/tsʰi3	
䯹	sʲɛm1/siem1	
䯽	bɨw1/buəu1	
䯽	fʰu2/pfʰu2	
䯽	pʰɨw2/pʰuəu2	
䯾	tʲɛw1/tieu1	
䯾	dʲɛw1/dieu1	
䯾	tɕɨw3/tʃiu̯3	
䰂	tsʰɑj2/tsʰɑi2	
䰂	tsʰɑj3/tsʰɑi3	
䰃	bɛŋ1/buɛŋ1	
䰃	pɑŋ2/puɔŋ2	
䰆	ɲɨw1/ɲʒiu̯1	
䰈	dzɑ1/dzɑ1	
䰈	tsʰɑ2/tsʰɑ2	
䰉	bɑn1/buon1	
䰉	pan1/puan1	
䰍	xˠɨw1/hɨu̯1	
䰍	tsʰi3/tsʰi3	
䰎	kˠʰwi3/kʰɨui3	
䰏	tsʲɛj3/tsiei3	
䰏	tsʲɛt4/tsiet4	
䰐	lɑm1/lɑm1	
䰒	mɨwŋ1/muŋ1	
䰓	mʲɛn1/mien1	
䰕	lˠɨ1/ɭɨ̯u1	
䰕	lu1/lu1	
䰖	tsɑn2/tsɑn2	
䰖	tsɑn3/tsɑn3	
䰖	tsɑt4/tsɑt4	
䰘	lˠɨw1/ɭiu̯1	
䰘	kʲɛw2/kieu2	
䰙	ŋˠi2/ŋɨi̯2	
䰚	ɱun1/mvun1	
䰝	tsʲɨŋ3/tsiŋ3	
䰞	tɕɨ2/tʃɨ̯u2	
䰟	ʁwɨn1/ɦun1	
䰠	ɕin1/ʃin1	
䰡	ʈˠʰi3/ʈʰi3	
䰤	tɨwŋ1/tuŋ1	
䰧	χu1/hu1	
䰩	tɕʰa2/tʃʰia2	
䰫	tʂʰaw1/tʂʰɯau1	
䰫	dʐaw3/dʐɯau3	
䰯	ŋˠi3/ŋɨi̯3	
䰰	ɲu1/ɲʒɨ̯u1	
䰰	nɨw1/nəu1	
䰲	ʔat4/ʔɯat4	
䰴	kˠit4/kɨt4	
䰻	ŋˠɨ1/ŋɨ̯u1	
䰼	dzʲim1/dzim1	
䰼	ɕim2/ʃim2	
䰼	dzɑm3/dzɑm3	
䰽	pɑj3/puoi3	
䱂	ʔʲɛw1/ʔieu1	
䱂	ʔˠɨw2/ʔɨu̯2	
䱅	mɑt4/muot4	
䱊	mʲɛj2/miei2	
䱋	kˠuŋ2/kɨuŋ2	
䱌	ji1/ji1	
䱍	qɨŋ3/kəŋ3	
䱏	tʰɨw2/tʰəu2	
䱐	fʰu1/pfʰu1	
䱐	vɨw1/bvuəu1	
䱒	ʔˠɛp4/ʔɨep4	
䱕	mɨw1/mvuəu1	
䱖	lˠɨw1/ɭiu̯1	
䱚	lˠuk4/ɭɨuk4	
䱜	tsʲʰɑk4/tsʰɨɔk4	
䱜	tsʰɑk4/tsʰɑk4	
䱝	baj1/buai1	
䱟	kˠɨ3/kɨ̯u3	
䱡	kˠɨwk4/kɨuk4	
䱡	ɡˠɨwk4/ɡɨuk4	
䱡	kˠʰuk4/kʰɨuk4	
䱢	tʂɛŋ1/tʂɯɛŋ1	
䱣	tsʲwit4/tsyt4	
䱤	kʲɛm3/kiem3	
䱤	ʁam3/ɦɯam3	
䱥	tɕɛj3/tʃiei3	
䱬	sʲɨ1/sɨ̯u1	
䱮	ɴɛk4/ŋɯɛk4	
䱱	dʲɛj1/diei1	
䱲	jwɛn1/jyen1	
䱵	ʔɨwŋ1/ʔuŋ1	
䱷	ŋˠɨ1/ŋɨ̯u1	
䱺	ʁɑj1/ɦɑi1	
䱻	ʁwat4/ɦuat4	
䱾	lˠu1/ɭɨ̯u1	
䱾	lɨw1/ləu1	
䲀	tɕi3/tʃi3	
䲁	ʔˠwi3/ʔɨui3	
䲃	tsɑw2/tsɑu2	
䲊	jwi2/jyi̯2	
䲊	dwɑ3/duɔ3	
䲊	tʰwɑ2/tʰuɔ2	
䲌	qʰwɑn2/kʰuon2	
䲌	qʰwɑn3/kʰuon3	
䲐	lu2/lu2	
䲒	ʁaj3/ɦɯai3	
䲓	ŋˠɛm2/ŋɨem2	
䲔	ɡˠɑŋ1/ɡɨɔŋ1	
䲔	ɡˠɛŋ1/ɡɨeŋ1	
䲙	tsʲɛt4/tsiet4	
䲚	lɑj3/lɑi3	
䲚	tʰɑt4/tʰɑt4	
䲛	mɨŋ3/muəŋ3	
䲜	ŋˠɛp4/ŋɨep4	
䲦	dɑj3/dɑi3	
䲬	ɡʲi1/ɡi1	
䲯	ɡˠip4/ɡɨp4	
䲰	ɰun3/ɨun3	
䲸	qaj3/kɯai3	
䲹	bˠi1/bɨi̯1	
䲽	ʑɛk4/ʒiek4	
䲾	qʰaw2/kʰɯau2	
䳀	jit4/jit4	
䳀	dʲɛt4/diet4	
䳅	tɕi2/tʃi2	
䳇	ɱu2/mvu2	
䳇	mɨw2/muəu2	
䳊	pɑt4/puot4	
䳊	bɑt4/buot4	
䳋	dɨwŋ1/duŋ1	
䳍	kˠuŋ1/kɨuŋ1	
䳎	ɡˠɨw3/ɡɨu̯3	
䳏	kʲwɛj3/kyei3	
䳐	tsʰi3/tsʰi3	
䳑	ɰɨw2/ɨu̯2	
䳔	kˠɨwk4/kɨuk4	
䳕	vɨw1/bvuəu1	
䳖	ɳˠɛp4/ɳiep4	
䳚	qʰɑj3/kʰɑi3	
䳚	qʰɑn3/kʰɑn3	
䳚	qʰɑt4/kʰɑt4	
䳝	pʰɨw2/pʰuəu2	
䳟	mˠɛŋ1/mɨeŋ1	
䳢	ɡˠi1/ɡɨi̯1	
䳤	pʲɛt4/piet4	
䳦	xˠwɛn1/hʉon1	
䳦	sʲwɛn1/syen1	
䳩	ʔʲɛw1/ʔieu1	
䳫	ɡʲwi1/ɡyi̯1	
䳯	ɖˠuŋ1/ɖɨuŋ1	
䳲	tɕin3/tʃin3	
䳳	sʲwit4/syt4	
䳴	dɑp4/dɑp4	
䳺	ʔɑm1/ʔɑm1	
䳻	dzɑm1/dzɑm1	
䳻	dʐam3/dʐɯam3	
䳾	tɨŋ1/təŋ1	
䴀	dɨwŋ1/duŋ1	
䴁	ŋˠu1/ŋɨ̯u1	
䴁	ŋˠu3/ŋɨ̯u3	
䴃	ɳaw1/ɳɯau1	
䴅	vun1/bvun1	
䴅	pɨn1/pun1	
䴆	pʰɨwk4/pʰuk4	
䴆	bɨwk4/buk4	
䴇	lʲɛŋ1/lieŋ1	
䴊	ŋˠi1/ŋɨi̯1	
䴑	dʲɛp4/diep4	
䴚	qɑŋ2/kɑŋ2	
䴛	sʲɛw1/sieu1	
䴜	ʔwaj1/ʔuai1	
䴝	tʂʰwaj3/tʂʰuai3	
䴟	ʁwɑn1/ɦuon1	
䴠	ʔɑw2/ʔɑu2	
䴤	ʂɛŋ1/ʂɯɛŋ1	
䴥	qa1/kɯa1	
䴦	ŋˠin1/ŋɨn1	
䴧	ʔˠwi1/ʔɨui1	
䴬	ʑuk4/ʒɨuk4	
䴬	jɨk4/jik4	
䴭	dzɑj1/dzɑi1	
䴮	ʂan3/ʂɯan3	
䴲	mɑt4/muot4	
䴳	ʁwat4/ɦuat4	
䴵	pʲɛŋ2/pieŋ2	
䴷	ʁwɨn1/ɦun1	
䴷	ʁwan3/ɦuan3	
䴹	qwɑ2/kuɔ2	
䴹	ʁwa3/ɦua3	
䴺	bɨw3/buəu3	
䴻	lˠi1/ɭi1	
䴼	tʂʰan3/tʂʰɯan3	
䴽	bʲi1/bi1	
䴾	dzɑ1/dzɑ1	
䴿	mɨwŋ1/muŋ1	
䵀	swɑ2/suɔ2	
䵂	ɖˠɛk4/ɖiek4	
䵂	dʲɛk4/diek4	
䵃	qwɛŋ2/kuɛŋ2	
䵈	qʰɨwk4/kʰuk4	
䵋	ɰwi2/ɨui2	
䵋	qwɑj3/kuoi3	
䵌	xʲɛm1/hiem1	
䵎	tʰwɑn1/tʰuon1	
䵏	lɑw2/lɑu2	
䵐	tɕʰɛn2/tʃʰien2	
䵑	ɳˠit4/ɳit4	
䵒	ɳˠit4/ɳit4	
䵔	tɨwŋ2/tuŋ2	
䵖	kʲʰɛn2/kʰien2	
䵖	kʲʰɛn3/kʰien3	
䵗	bɨk4/buək4	
䵘	ʂaj3/ʂɯai3	
䵝	ʔˠi3/ʔɨi̯3	
䵞	ɡˠɛŋ1/ɡɨeŋ1	
䵟	qɑn2/kɑn2	
䵣	tɑt4/tɑt4	
䵤	ɣʲɛn3/ɦien3	
䵦	zʲa3/zia3	
䵧	tsɑj3/tsɑi3	
䵨	mawŋ1/muaŋ1	
䵬	tʰɑp4/tʰɑp4	
䵮	ɕɑŋ1/ʃɨɔŋ1	
䵱	xˠɨk4/hɨk4	
䵳	ʔwɑj3/ʔuoi3	
䵳	ʔwaj3/ʔuai3	
䵴	jɨŋ3/jiŋ3	
䵵	tʂʰwat4/tʂʰuat4	
䵵	tʂwɛt4/tʂʯet4	
䵸	tsʲʰɨw1/tsʰiu̯1	
䵹	ʈˠi1/ʈi1	
䵻	zʲwɛj3/zyei3	
䵼	ɕɑŋ1/ʃɨɔŋ1	
䵽	tsʰɑp4/tsʰɑp4	
䶀	tʰɑp4/tʰɑp4	
䶀	qʰɑp4/kʰɑp4	
䶂	paw3/puau3	
䶂	tɕɑk4/tʃɨɔk4	
䶂	tsʲɑk4/tsɨɔk4	
䶂	tʲɛk4/tiek4	
䶃	ʁɑm1/ɦɑm1	
䶃	qɑm1/kɑm1	
䶄	bʲɛŋ1/bieŋ1	
䶅	lɑk4/lɑk4	
䶅	ʁɑk4/ɦɑk4	
䶆	tɕwi1/tʃyi̯1	
䶈	pɑk4/puɔk4	
䶎	χap4/hɯap4	
䶐	ʔwɑj3/ʔuoi3	
䶐	ʔwaj3/ʔuai3	
䶒	dzʲɛj1/dziei1	
䶓	tsʲɛj3/tsiei3	
䶔	ɖˠi1/ɖi1	
䶖	ɡˠim3/ɡɨm3	
䶗	qʰa1/kʰɯa1	
䶘	lˠip4/ɭip4	
䶘	lɑp4/lɑp4	
䶙	ɡˠɨ3/ɡɨ̯u3	
䶛	lɑt4/lɑt4	
䶜	ʁɨwk4/ɦuk4	
䶜	qɨwk4/kuk4	
䶞	ɡˠi1/ɡɨi̯1	
䶞	kˠʰi1/kʰɨi̯1	
䶢	qʰap4/kʰɯap4	
䶢	qap4/kɯap4	
䶣	qɑj1/kɑi1	
䶥	tʂɨ1/tʂʅu1	
䶥	tʂa1/tʂɯa1	
䶥	dʐa1/dʐɯa1	
䶦	tʂʰɛk4/tʂʰɯɛk4	
䶩	dzʲɛj3/dziei3	
䶪	tʂʰat4/tʂʰɯat4	
䶬	kʲɛn1/kien1	
䶬	ŋˠɛt4/ŋɨet4	
䶱	tɕɨwŋ1/tʃɨuŋ1	
䶱	dɨwŋ1/duŋ1	
䶲	nɑm1/nɑm1	
䶲	ɲɛm1/ɲʒiem1	
䶴	tɕʰwi1/tʃʰyi̯1	
䶴	tɕʰwi3/tʃʰyi̯3	
䶵	ɖˠi1/ɖi1	
一	ʔʲit4/ʔit4	
丁	ʈɛŋ1/ʈɯɛŋ1	
丁	tʲɛŋ1/tieŋ1	
丂	qʰɑw2/kʰɑu2	
七	tsʲʰit4/tsʰit4	
丄	ʑɑŋ3/ʒɨɔŋ3	
丅	ʁa3/ɦɯa3	
万	ɱɛn3/mvuɐn3	
万	mɨk4/muək4	
丈	ɖˠɑŋ3/ɖɨɔŋ3	
三	sɑm1/sɑm1	
三	sɑm3/sɑm3	
上	ʑɑŋ3/ʒɨɔŋ3	
下	ʁa3/ɦɯa3	
不	fu1/pfu1	
不	fu2/pfu2	
不	fɨw1/pfuəu1	老
不	fɨw2/pfuəu2	老
与	jɨ2/jɨ̯u2	
丏	mʲɛn2/mien2	
丐	qɑj3/kɑi3	
丑	ʈˠʰɨw2/ʈʰiu̯2	
且	tsʲɨ1/tsɨ̯u1	
且	tsʲʰa2/tsʰia2	
丕	pˠʰi1/pʰɨi̯1	
世	ɕɛj3/ʃiei3	
丘	kˠʰɨw1/kʰɨu̯1	
丙	pˠɛŋ2/pɨeŋ2	
丞	ʑɨŋ1/dʒiŋ1	
丞	ʑɨŋ3/ʒiŋ3	
丠	kˠʰɨw1/kʰɨu̯1	
丣	jɨw2/jiu̯2	
並	bʲɛŋ3/bieŋ3	
丨	qwɨn2/kun2	
丩	kˠɨw1/kɨu̯1	
个	qɑ3/kɑ3	
丫	ʔa1/ʔɯa1	
中	ʈˠɨwŋ1/ʈɨuŋ1	
中	ʈˠɨwŋ3/ʈɨuŋ3	
丮	kˠɛk4/kɨek4	
丯	qaj3/kɯai3	
丰	fʰuŋ1/pfʰuŋ1	
丱	qwan3/kuan3	
串	qwan3/kuan3	
丳	tʂʰan2/tʂʰɯan2	
丵	dʐawk4/dʐɯak4	
丶	ʈˠu2/ʈɨ̯u2	
丸	ʁwɑn1/ɦuon1	
丹	tɑn1/tɑn1	
主	tɕu2/tʃɨ̯u2	
丼	tɑm2/tɑm2	
丽	lʲɛj3/liei3	
丿	jɛj3/jiei3	
丿	pʲʰɛt4/pʰiet4	
乀	fʰut4/pfʰut4	
乂	ŋˠɛj3/ŋɨei3	
乃	nɑj2/nɑi2	
久	kˠɨw2/kɨu̯2	
之	tɕi1/tʃi1	
乍	dʐa3/dʐɯa3	
乎	ʁu1/ɦu1	
乏	vɛp4/bvuɐp4	
乑	ŋˠim1/ŋɨm1	
乖	qwaj1/kuai1	
乘	ʑɨŋ1/dʒiŋ1	
乘	ʑɨŋ3/ʒiŋ3	
乙	ʔˠit4/ʔɨt4	
乜	mʲa2/mia2	
九	kˠɨw2/kɨu̯2	
乞	kˠʰit4/kʰɨt4	
也	ja2/jia2	
乳	ɲu2/ɲʒɨ̯u2	
乾	qɑn1/kɑn1	
乾	ɡˠɛn1/ɡɨen1	
亂	lwɑn3/luon3	
亄	ʔˠi3/ʔɨi̯3	
亄	ʔˠit4/ʔɨt4	
亅	ɡˠwɛt4/ɡʉot4	
了	lʲɛw2/lieu2	
予	jɨ1/jɨ̯u1	
予	jɨ2/jɨ̯u2	
事	tʂi3/tʂʅi̯3	
事	dʐi3/dʐʅi̯3	
二	ɲi3/ɲʒi3	
亍	ʈˠu3/ʈɨ̯u3	
亍	ʈˠʰuk4/ʈʰɨuk4	
于	ɰu1/ɨ̯u1	
云	ɰun1/ɨun1	
互	ʁu3/ɦu3	
五	ɴu2/ŋu2	
井	tsʲɛŋ2/tsieŋ2	
亖	si3/si3	
亙	qɨŋ3/kəŋ3	
些	sʲa1/sia1	
些	sʲɛj3/siei3	
些	sɑ3/sɑ3	
亞	ʔa3/ʔɯa3	
亟	kˠʰi3/kʰɨi̯3	
亟	kˠɨk4/kɨk4	
亡	ɱɑŋ1/mvuɔŋ1	
亢	qɑŋ1/kɑŋ1	
亢	qʰɑŋ3/kʰɑŋ3	
交	qaw1/kɯau1	
亥	ʁɑj3/ɦɑi3	
亦	jɛk4/jiek4	
亨	χɛŋ1/hɯɛŋ1	
亨	pʰɛŋ1/pʰuɛŋ1	
亨	xˠɑŋ2/hɨɔŋ2	
京	kˠɛŋ1/kɨeŋ1	
亭	dʲɛŋ1/dieŋ1	
亮	lˠɑŋ3/ɭɨɔŋ3	
亯	xˠɑŋ2/hɨɔŋ2	
亳	bɑk4/buɔk4	
亶	tɑn2/tɑn2	
亹	mɨn1/mun1	
亹	ɱi2/mvi2	
人	ɲin1/ɲʒin1	
亼	dzʲip4/dzip4	
什	ʑip4/ʒip4	
仁	ɲin1/ɲʒin1	
仂	lˠɨk4/ɭik4	
仂	lɨk4/lək4	
仃	tʲɛŋ1/tieŋ1	
仄	tʂɨk4/tʂʅᵊk4	
仆	fʰu3/pfʰu3	
仆	fʰɨw3/pfʰuəu3	
仆	pʰɨw3/pʰuəu3	
仆	bɨk4/buək4	
仇	ɡˠɨw1/ɡɨu̯1	
仉	tɕɑŋ2/tʃɨɔŋ2	
今	kˠim1/kɨm1	
介	qaj3/kɯai3	
仍	ɲɨŋ1/ɲʒiŋ1	
从	dzʲuŋ1/dzɨuŋ1	
仔	tsi1/tsi1	
仔	tsi2/tsi2	
仕	dʐi3/dʐʅi̯3	
他	tʰɑ1/tʰɑ1	
仗	ɖˠɑŋ3/ɖɨɔŋ3	
付	fu3/pfu3	
仙	sʲɛn1/sien1	
仚	xˠɛn1/hɨen1	
仛	dɑk4/dɑk4	
仜	ʁɨwŋ1/ɦuŋ1	
仝	dɨwŋ1/duŋ1	
仞	ɲin3/ɲʒin3	
仟	tsʲʰɛn1/tsʰien1	
仠	qɑn2/kɑn2	
仡	xˠit4/hɨt4	
仡	ŋˠit4/ŋɨt4	
仢	ʑɑk4/ʒɨɔk4	
代	dɑj3/dɑi3	
令	lˠɛn1/ɭien1	
令	lˠɛŋ1/ɭieŋ1	
令	lʲɛŋ1/lieŋ1	
令	lˠɛŋ3/ɭieŋ3	
令	lʲɛŋ3/lieŋ3	
以	ji2/ji2	
仯	tʂʰaw3/tʂʰɯau3	
仰	ŋˠɑŋ2/ŋɨɔŋ2	
仰	ŋˠɑŋ3/ŋɨɔŋ3	
仲	ɖˠɨwŋ3/ɖɨuŋ3	
仳	bʲi1/bi1	
仳	pʲʰi2/pʰi2	
仳	bˠi3/bɨi̯3	
仵	ɴu2/ŋu2	
件	ɡˠɛn3/ɡɨen3	
价	qaj3/kɯai3	
仸	ʔˠɛw2/ʔɨeu2	
仹	fʰuŋ1/pfʰuŋ1	
任	ɲim1/ɲʒim1	
任	ɲim3/ɲʒim3	
份	pˠin1/pɨn1	
仿	fʰɑŋ2/pfʰuɔŋ2	
伀	tɕuŋ1/tʃɨuŋ1	
企	kʲʰi2/kʰi2	
企	kʲʰi3/kʰi3	
伂	pɑj3/puoi3	
伃	jɨ1/jɨ̯u1	
伄	tʲɛw3/tieu3	
伆	ɱun2/mvun2	
伆	ɱut4/mvut4	
伈	sʲim2/sim2	
伉	qʰɑŋ3/kʰɑŋ3	
伊	ʔʲi1/ʔi1	
伋	kˠip4/kɨp4	
伍	ɴu2/ŋu2	
伎	ɡʲi1/ɡi1	
伎	ɡˠi3/ɡɨi̯3	
伎	tɕi3/tʃi3	
伏	vɨw3/bvuəu3	
伏	vuk4/bvuk4	
伐	vɛt4/bvuɐt4	
休	xˠɨw1/hɨu̯1	
伭	ɣʲɛn1/ɦien1	
伭	ɣʲwɛn1/ɦyen1	
伯	pɛk4/puɛk4	
估	qu2/ku2	
伱	ɳˠi2/ɳi2	
伴	bɑn3/buon3	
伶	lʲɛŋ1/lieŋ1	
伷	ɖˠɨw3/ɖiu̯3	
伸	ɕin1/ʃin1	
伹	tsʲʰɨ1/tsʰɨ̯u1	
伹	dzu3/dzu3	
伺	si1/si1	
伺	si3/si3	
伻	pʰɛŋ1/pʰuɛŋ1	
似	zi3/zi3	
伽	ɡˠɑ1/ɡɨɔ1	
伾	pˠʰi1/pʰɨi̯1	
伿	tɕi3/tʃi3	
伿	ji3/ji3	
佀	zi3/zi3	
佁	ji2/ji2	
佁	jɛj2/jiei2	
佁	ʈˠʰi3/ʈʰi3	
佂	tɕɛŋ1/tʃieŋ1	
佃	dʲɛn1/dien1	
佃	dʲɛn3/dien3	
佅	maj3/muai3	
但	dɑn1/dɑn1	
但	dɑn3/dɑn3	
佇	ɖˠɨ3/ɖɨ̯u3	
佈	pu3/pu3	
佉	kˠʰɑ1/kʰɨɔ1	
佊	pˠi2/pɨi̯2	
佊	pˠi3/pɨi̯3	
佋	ʑɛw1/dʒieu1	
佋	ʑɛw3/ʒieu3	
佌	tsʰi2/tsʰi2	
位	ɰwi3/ɨui3	
低	tʲɛj1/tiei1	
住	ɖˠu3/ɖɨ̯u3	
住	ʈˠu3/ʈɨ̯u3	
佐	tsɑ3/tsɑ3	
佑	ɰɨw3/ɨu̯3	
佒	ʔɑŋ1/ʔɑŋ1	
体	bɨn3/bun3	
佔	tʲɛm1/tiem1	
何	ʁɑ1/ɦɑ1	
何	ʁɑ3/ɦɑ3	
佖	bʲit4/bit4	
佖	bˠit4/bɨt4	
佗	dɑ1/dɑ1	
佗	tʰɑ1/tʰɑ1	
余	jɨ1/jɨ̯u1	
余	ʑa1/dʒia1	
佚	jit4/jit4	
佛	vut4/bvut4	
作	tsu3/tsu3	
作	tsɑ3/tsɑ3	
作	tsɑk4/tsɑk4	
佝	χɨw3/həu3	
佞	nʲɛŋ3/nieŋ3	
佟	dɨwŋ1/duŋ1	
佩	bɑj3/buoi3	
佪	ʁwɑj1/ɦuoi1	
佫	ʁɑk4/ɦɑk4	
佮	qɑp4/kɑp4	
佮	tʰɑp4/tʰɑp4	
佮	ʔɑp4/ʔɑp4	
佯	jɑŋ1/jɨɔŋ1	
佯	dzʲɑŋ1/dzɨɔŋ1	
佰	mɛk4/muɛk4	
佳	qa1/kɯa1	
佳	qaj1/kɯai1	老
佴	ɲi3/ɲʒi3	
佴	nɑj3/nɑi3	
併	pʲɛŋ2/pieŋ2	
併	bʲɛŋ3/bieŋ3	
併	pʲɛŋ3/pieŋ3	
佶	ɡˠit4/ɡɨt4	
佸	qwɑt4/kuot4	
佸	ʁwɑt4/ɦuot4	
佹	kˠwi2/kɨui2	
佺	tsʲʰwɛn1/tsʰyen1	
佻	tʲʰɛw1/tʰieu1	
佻	dʲɛw1/dieu1	
佼	qaw1/kɯau1	
佼	ʁaw3/ɦɯau3	
佼	qaw2/kɯau2	
佽	tsʰi3/tsʰi3	
佾	jit4/jit4	
使	ʂi2/ʂʅi̯2	
使	ʂi3/ʂʅi̯3	
侀	ɣʲɛŋ1/ɦieŋ1	
侁	ʂin1/ʂʅᵊn1	
侂	tʰɑk4/tʰɑk4	
侃	qʰɑn2/kʰɑn2	
侃	qʰɑn3/kʰɑn3	
侄	tɕit4/tʃit4	
侅	qʰɑj1/kʰɑi1	
侅	qɑj1/kɑi1	
侅	ʁaj3/ɦɯai3	
侅	ʁɑj3/ɦɑi3	
來	lɑj1/lɑi1	
侈	tɕʰi2/tʃʰi2	
侉	ʔɑ3/ʔɑ3	
侊	qwɑŋ1/kuɔŋ1	
侊	qwɛŋ1/kuɛŋ1	
例	lˠɛj3/ɭiei3	
侍	ʑi3/ʒi3	
侎	mʲi2/mi2	
侏	tɕu1/tʃɨ̯u1	
侐	xʲwi3/hyi̯3	
侐	xˠwɨk4/hʉik4	
侑	ɰɨw3/ɨu̯3	
侒	ʔɑn1/ʔɑn1	
侔	mɨw1/mvuəu1	
侖	lˠwin1/ɭyn1	
侗	dɨwŋ1/duŋ1	
侗	tʰɨwŋ1/tʰuŋ1	
侗	tʰɨwŋ2/tʰuŋ2	
侘	ʈʰa1/ʈʰɯa1	
侘	ʈʰa3/ʈʰɯa3	
侙	ʈˠʰɨk4/ʈʰik4	
侚	zʲwin3/zyn3	
供	kˠuŋ1/kɨuŋ1	
供	kˠuŋ3/kɨuŋ3	
侜	ʈˠɨw1/ʈiu̯1	
依	ʔˠi1/ʔɨi̯1	
侮	ɱu2/mvu2	
侯	ʁɨw1/ɦəu1	
侲	tɕin1/tʃin1	
侲	tɕin3/tʃin3	
侳	tswɑ1/tsuɔ1	
侳	tswɑ3/tsuɔ3	
侵	tsʲʰim1/tsʰim1	
侶	lˠɨ2/ɭɨ̯u2	
侷	ɡˠuk4/ɡɨuk4	
侸	tɨw1/təu1	
侹	tʲʰɛŋ2/tʰieŋ2	
侹	tʲʰɛŋ3/tʰieŋ3	
侺	ʑim3/ʒim3	
侻	tʰwɑt4/tʰuot4	
便	bʲɛn1/bien1	
便	bʲɛn3/bien3	
俁	ŋˠu2/ŋɨ̯u2	
係	kʲɛj3/kiei3	
促	tsʲʰuk4/tsʰɨuk4	
俄	ɴɑ1/ŋɑ1	
俅	ɡˠɨw1/ɡɨu̯1	
俆	zʲɨ1/zɨ̯u1	
俇	ɡˠwɑŋ3/ɡʉɔŋ3	
俇	kˠwɑŋ3/kʉɔŋ3	
俊	tsʲwin3/tsyn3	
俋	ɖˠip4/ɖip4	
俌	fu2/pfu2	
俌	fʰu2/pfʰu2	
俍	lɑŋ2/lɑŋ2	
俎	tʂɨ2/tʂʅu2	
俏	tsʲʰɛw3/tsʰieu3	
俑	tʰɨwŋ1/tʰuŋ1	
俑	juŋ2/jɨuŋ2	
俒	ʁwɨn1/ɦun1	
俒	ʁwɨn3/ɦun3	
俓	ŋʲɛn1/ŋien1	
俓	ɴɛŋ1/ŋɯɛŋ1	
俓	kʲɛŋ3/kieŋ3	
俔	ɣʲɛn3/ɦien3	
俔	kʲʰɛn3/kʰien3	
俕	sɑm3/sɑm3	
俖	pʰɑj2/pʰuoi2	
俗	zʲuk4/zɨuk4	
俘	fʰu1/pfʰu1	
俙	xˠi1/hɨi̯1	
俙	χaj1/hɯai1	
俙	xˠi2/hɨi̯2	
俚	lˠi2/ɭi2	
俛	mˠɛn2/mɨen2	
俜	pʲʰɛŋ1/pʰieŋ1	
俜	pʲʰɛŋ3/pʰieŋ3	
保	pɑw2/puɔu2	
俞	ju1/jɨ̯u1	
俞	ʈˠʰɨw3/ʈʰiu̯3	
俟	ɡˠi1/ɡɨi̯1	
俟	dʐi3/ʐʅi̯3	
俠	ɣʲɛp4/ɦiep4	
信	sʲin3/sin3	
修	sʲɨw1/siu̯1	
俯	fu2/pfu2	
俰	ʁwɑ3/ɦuɔ3	
俱	kˠu1/kɨ̯u1	
俳	baj1/buai1	
俴	dzʲɛn3/dzien3	
俴	tsʲɛn2/tsien2	
俵	pˠɛw3/pɨeu3	
俶	tɕʰɨwk4/tʃʰɨuk4	
俸	pɨwŋ2/puŋ2	
俸	vuŋ3/bvuŋ3	
俹	ʔa3/ʔɯa3	
俺	ʔˠɛm3/ʔɨem3	
俻	bˠi3/bɨi̯3	
俾	pʲi2/pi2	
倀	ʈˠʰɑŋ1/ʈʰɨɔŋ1	
倀	ʈɛŋ3/ʈɯɛŋ3	
倃	qɑw1/kɑu1	
倃	ɡˠɨw3/ɡɨu̯3	
倄	ʁaw1/ɦɯau1	
倄	ɰwɛj2/ʉoi2	
倅	tsʰwɑj3/tsʰuoi3	
倅	tswɨt4/tsut4	
倇	ʔˠwɛn2/ʔʉon2	
倈	lˠi1/ɭi1	
倉	tsʰɑŋ1/tsʰɑŋ1	
個	qɑ3/kɑ3	
倌	qwɑn1/kuon1	
倌	qwan3/kuan3	
倍	bɑj3/buoi3	
倏	ɕɨwk4/ʃɨuk4	
倒	tɑw2/tɑu2	
倒	tɑw3/tɑu3	
倓	dɑm1/dɑm1	
倓	dɑm3/dɑm3	
倔	ɡˠut4/ɡɨut4	
倕	ʑwi1/dʒyi̯1	
倖	ʁɛŋ3/ɦɯɛŋ3	
倗	bɨŋ1/buəŋ1	
倗	pʰɨŋ2/pʰuəŋ2	
倗	bɨŋ3/buəŋ3	
候	ʁɨw3/ɦəu3	
倚	ʔˠi2/ʔɨi̯2	
倚	ʔˠi3/ʔɨi̯3	
倜	tʲʰɛk4/tʰiek4	
倝	qɑn3/kɑn3	
倞	ɡˠɛŋ3/ɡɨeŋ3	
借	tsʲa3/tsia3	
借	tsʲɛk4/tsiek4	
倠	xʲwi1/hyi̯1	
倡	tɕʰɑŋ1/tʃʰɨɔŋ1	
倡	tɕʰɑŋ3/tʃʰɨɔŋ3	
倢	dzʲɛp4/dziep4	
倣	fɑŋ2/pfuɔŋ2	
倥	qʰɨwŋ1/kʰuŋ1	
倥	qʰɨwŋ2/kʰuŋ2	
倥	qʰɨwŋ3/kʰuŋ3	
倦	ɡˠwɛn3/ɡʉon3	
倧	tsɨwŋ1/tsuŋ1	
倨	kˠɨ3/kɨ̯u3	
倩	tsʲʰɛn3/tsʰien3	
倩	tsʲʰɛŋ3/tsʰieŋ3	
倪	ŋʲɛj1/ŋiei1	
倫	lˠwin1/ɭyn1	
倬	ʈawk4/ʈɯak4	
倭	ʔˠwi1/ʔɨui1	
倭	ʔwɑ1/ʔuɔ1	
倭	ʔwɑ2/ʔuɔ2	
倯	sʲuŋ1/sɨuŋ1	
倰	lɨŋ1/ləŋ1	
倱	ʁwɨn3/ɦun3	
倲	tɨwŋ1/tuŋ1	
倳	tʂi3/tʂʅi̯3	
值	ɖˠi3/ɖi3	
偁	tɕʰɨŋ1/tʃʰiŋ1	
偃	ʔˠɛn2/ʔɨen2	
偄	ɲwɛn2/ɲʒyen2	
偄	nwɑn3/nuon3	
偅	tɕuŋ3/tʃɨuŋ3	
偆	tɕʰwin2/tʃʰyn2	
偆	ʈˠʰwin2/ʈʰyn2	
假	qa2/kɯa2	
假	qa3/kɯa3	
偈	ɡˠɛj3/ɡɨei3	
偈	ɡˠɛt4/ɡɨet4	
偉	ɰwi2/ɨui2	
偋	bʲɛŋ3/bieŋ3	
偎	ʔwɑj1/ʔuoi1	
偏	pʲʰɛn1/pʰien1	
偏	pʲʰɛn3/pʰien3	
偐	ɴan3/ŋɯan3	
偑	fuŋ1/pfuŋ1	
偒	tʰɑŋ2/tʰɑŋ2	
偓	ʔawk4/ʔɯak4	
偔	ɴɑk4/ŋɑk4	
偕	qaj1/kɯai1	
偘	qʰɑn3/kʰɑn3	
偙	tʲɛj3/tiei3	
偛	tʂap4/tʂɯap4	
停	dʲɛŋ1/dieŋ1	
偝	bɑj3/buoi3	
偞	jɛp4/jiep4	
偞	xʲɛp4/hiep4	
偟	ʁwɑŋ1/ɦuɔŋ1	
偠	ʔʲɛw2/ʔieu2	
偡	ɖam3/ɖɯam3	
偤	jɨw1/jiu̯1	
健	ɡˠɛn3/ɡɨen3	
偩	vɨw3/bvuəu3	
偪	fuk4/pfuk4	
偪	pˠɨk4/pɨk4	
偫	ɖˠi3/ɖi3	
偭	mʲɛn2/mien2	
偭	mʲɛn3/mien3	
偯	ʔˠi2/ʔɨi̯2	
偰	sʲɛt4/siet4	
偲	si1/si1	
偲	tsʰɑj1/tsʰɑi1	
偳	twɑn1/tuon1	
偳	tʰwɑn1/tʰuon1	
側	tʂɨk4/tʂʅᵊk4	
偵	ʈˠʰɛŋ1/ʈʰieŋ1	
偵	ʈɛŋ3/ʈɯɛŋ3	
偵	ʈˠʰɛŋ3/ʈʰieŋ3	
偶	ɴɨw2/ŋəu2	
偶	ɴɨw3/ŋəu3	
偷	tʰɨw1/tʰəu1	
傀	qwɑj1/kuoi1	
傀	qʰwɑj2/kʰuoi2	
傁	sɨw2/səu2	
傂	si1/si1	
傂	ɖˠi1/ɖi1	
傂	ɖˠi3/ɖi3	
傃	su3/su3	
傄	χwat4/huat4	
傅	fu3/pfu3	
傆	ŋˠwɛn3/ŋʉon3	
傉	nɨwk4/nuk4	
傋	qawŋ2/kɯaŋ2	
傋	χawŋ2/hɯaŋ2	
傌	ma3/mua3	
傍	bɑŋ1/buɔŋ1	
傍	bɑŋ3/buɔŋ3	
傎	tʲɛn1/tien1	
傏	dɑŋ1/dɑŋ1	
傑	ɡˠɛt4/ɡɨet4	
傒	ɣʲɛj1/ɦiei1	
傓	ɕɛn3/ʃien3	
傔	kʲʰɛm3/kʰiem3	
傕	qawk4/kɯak4	
傖	dʐɛŋ1/dʐɯɛŋ1	
傗	ʈˠʰɨwk4/ʈʰɨuk4	
傘	sɑn2/sɑn2	
備	bˠi3/bɨi̯3	
傚	ʁaw3/ɦɯau3	
傛	juŋ1/jɨuŋ1	
傛	juŋ2/jɨuŋ2	
傜	jɛw1/jieu1	
傝	tʰɑm3/tʰɑm3	
傝	tʰɑp4/tʰɑp4	
傞	tsʰɑ1/tsʰɑ1	
傞	sɑ1/sɑ1	
傪	tsʰɑm1/tsʰɑm1	
傪	tsʰɑm2/tsʰɑm2	
催	tsʰwɑj1/tsʰuoi1	
傭	juŋ1/jɨuŋ1	
傭	ʈˠʰuŋ1/ʈʰɨuŋ1	
傮	tsɑw1/tsɑu1	
傯	tsɨwŋ2/tsuŋ2	
傯	tsɨwŋ3/tsuŋ3	
傱	sʲuŋ2/sɨuŋ2	
傲	ɴɑw3/ŋɑu3	
傳	ɖˠwɛn1/ɖyen1	
傳	ɖˠwɛn3/ɖyen3	
傳	ʈˠwɛn3/ʈyen3	
傴	ʔˠu2/ʔɨ̯u2	
債	tʂaj3/tʂɯai3	
債	tʂɛk4/tʂɯɛk4	
傶	tsɨwk4/tsuk4	
傷	ɕɑŋ1/ʃɨɔŋ1	
傷	ɕɑŋ3/ʃɨɔŋ3	
傸	tʂʰɑŋ2/tʂʰʅɔŋ2	
傺	ʈˠʰɛj3/ʈʰiei3	
傻	ʂwa2/ʂua2	
傻	ʂwa3/ʂua3	
傾	kʲʰwɛŋ1/kʰyeŋ1	
傿	ʔˠɛn3/ʔɨen3	
僀	tʲɛj3/tiei3	
僁	sʲit4/sit4	
僁	sʲɛt4/siet4	
僂	lɨw1/ləu1	
僂	lˠu2/ɭɨ̯u2	
僂	lɨw3/ləu3	
僄	pʲʰɛw1/pʰieu1	
僄	pʲʰɛw3/pʰieu3	
僅	ɡˠin3/ɡɨn3	
僆	lˠɛn2/ɭien2	
僆	lʲɛn3/lien3	
僇	lˠɨw3/ɭiu̯3	
僇	lˠɨwk4/ɭɨuk4	
僉	tsʲʰɛm1/tsʰiem1	
僊	sʲɛn1/sien1	
僋	tʰɑm3/tʰɑm3	
僋	lɑm3/lɑm3	
僎	tsʲwin1/tsyn1	
僎	dʐwɛn3/dʐʯen3	
像	zʲɑŋ3/zɨɔŋ3	
僐	ʑɛn3/ʒien3	
僑	ɡˠɛw1/ɡɨeu1	
僒	ɡˠun3/ɡɨun3	
僓	tʰwɑj2/tʰuoi2	
僓	ʁwɑj3/ɦuoi3	
僔	tswɨn2/tsun2	
僕	bɨwk4/buk4	
僖	xˠi1/hɨi̯1	
僗	lɑw3/lɑu3	
僘	tɕʰɑŋ2/tʃʰɨɔŋ2	
僙	qwɑŋ1/kuɔŋ1	
僚	lʲɛw1/lieu1	
僚	lˠɛw2/ɭieu2	
僛	kˠʰi1/kʰɨi̯1	
僜	ʈˠʰɨŋ1/ʈʰiŋ1	
僜	dɨŋ3/dəŋ3	
僝	dʐan1/dʐɯan1	
僝	dʐwɛn3/dʐʯen3	
僞	ŋˠwi3/ŋɨui3	
僟	kˠi1/kɨi̯1	
僢	tɕʰwin2/tʃʰyn2	
僣	tʲʰɛt4/tʰiet4	
僤	ʑɛn1/dʒien1	
僤	dɑn3/dɑn3	
僥	ŋʲɛw1/ŋieu1	
僦	tsʲɨw3/tsiu̯3	
僧	sɨŋ1/səŋ1	
僨	fun3/pfun3	
僩	ʁan3/ɦɯan3	
僩	qan2/kɯan2	
僬	dzʲɛw1/dzieu1	
僬	tsʲɛw1/tsieu1	
僬	tsʲɛw3/tsieu3	
僭	tsʲɛm3/tsiem3	
僮	dɨwŋ1/duŋ1	
僯	lˠin2/ɭin2	
僰	bɨk4/buək4	
僵	kˠɑŋ1/kɨɔŋ1	
僶	mʲin2/min2	
僸	ŋˠim2/ŋɨm2	
僸	kˠim3/kɨm3	
價	qa3/kɯa3	
僻	pʲʰɛk4/pʰiek4	
僽	dʐɨw3/dʐʅᵊu3	
僾	ʔˠi2/ʔɨi̯2	
僾	ʔɑj3/ʔɑi3	
僿	ɕi3/ʃi3	
儀	ŋˠi1/ŋɨi̯1	
儁	tsʲwin3/tsyn3	
儂	nɨwŋ1/nuŋ1	
儃	dɑn1/dɑn1	
儃	ʑɛn1/dʒien1	
億	ʔˠɨk4/ʔɨk4	
儅	tɑŋ1/tɑŋ1	
儅	tɑŋ3/tɑŋ3	
儆	kˠɛŋ2/kɨeŋ2	
儆	ɡˠɛŋ3/ɡɨeŋ3	
儇	xʲwɛn1/hyen1	
儈	qwɑj3/kuoi3	
儉	ɡˠɛm3/ɡɨem3	
儊	tʂʰɨ3/tʂʰʅu3	
儋	tɑm1/tɑm1	
儌	kʲɛw2/kieu2	
儐	pʲin1/pin1	
儐	pʲin3/pin3	
儑	ɴɑm3/ŋɑm3	
儑	ɴɑp4/ŋɑp4	
儒	ɲu1/ɲʒɨ̯u1	
儓	dɑj1/dɑi1	
儓	tʰɑj3/tʰɑi3	
儔	ɖˠɨw1/ɖiu̯1	
儔	dɑw3/dɑu3	
儕	dʐaj1/dʐɯai1	
儖	lɑm1/lɑm1	
儗	ŋˠi2/ŋɨi̯2	
儗	ŋˠi3/ŋɨi̯3	
儗	ɴɑj3/ŋɑi3	
儗	χɑj3/hɑi3	
儛	ɱu2/mvu2	
儜	ɳɛŋ1/ɳɯɛŋ1	
償	ʑɑŋ1/dʒɨɔŋ1	
償	ʑɑŋ3/ʒɨɔŋ3	
儠	lˠɛp4/ɭiep4	
儡	lwɑj1/luoi1	
儡	lwɑj2/luoi2	
儢	lˠɨ2/ɭɨ̯u2	
儥	dɨwk4/duk4	
儥	jɨwk4/jɨuk4	
儦	pˠɛw1/pɨeu1	
儩	si3/si3	
優	ʔˠɨw1/ʔɨu̯1	
儭	tʂʰin3/tʂʰʅᵊn3	
儭	tsʲʰin3/tsʰin3	
儯	dɨŋ1/dəŋ1	
儰	ɰwi2/ɨui2	
儱	lɨwŋ2/luŋ2	
儱	lˠuŋ3/ɭɨuŋ3	
儲	ɖˠɨ1/ɖɨ̯u1	
儳	dʐam1/dʐɯam1	
儳	dʐam3/dʐɯam3	
儳	tʂʰam3/tʂʰɯam3	
儴	ɲɑŋ1/ɲʒɨɔŋ1	
儵	ɕɨwk4/ʃɨuk4	
儶	ɣʲwɛj3/ɦyei3	
儷	lʲɛj3/liei3	
儸	lɑ1/lɑ1	
儹	tswɑn2/tsuon2	
儺	nɑ1/nɑ1	
儻	tʰɑŋ2/tʰɑŋ2	
儻	tʰɑŋ3/tʰɑŋ3	
儼	ŋˠɛm2/ŋɨem2	
儽	lˠwi1/ɭyi̯1	
儽	lwɑj3/luoi3	
儾	nɑŋ3/nɑŋ3	
兀	ɴwɨt4/ŋut4	
允	jwin2/jyn2	
兂	tʂim1/tʂʅᵊm1	
元	ŋˠwɛn1/ŋʉon1	
兄	xˠwɛŋ1/hʉeŋ1	
充	tɕʰɨwŋ1/tʃʰɨuŋ1	
兆	ɖˠɛw3/ɖieu3	
兇	xˠuŋ1/hɨuŋ1	
兇	xˠuŋ2/hɨuŋ2	
先	sʲɛn1/sien1	
先	sʲɛn3/sien3	
光	qwɑŋ1/kuɔŋ1	
光	qwɑŋ3/kuɔŋ3	
克	qʰɨk4/kʰək4	
兌	dwɑj3/duoi3	
免	mˠɛn2/mɨen2	
兒	ɲi1/ɲʒi1	
兒	ŋʲɛj1/ŋiei1	
兓	tsʲim1/tsim1	
兔	tʰu3/tʰu3	
兕	zi3/zi3	
兗	jwɛn2/jyen2	
兜	tɨw1/təu1	
兟	ʂin1/ʂʅᵊn1	
兢	kˠɨŋ1/kɨŋ1	
入	ɲip4/ɲʒip4	
內	nwɑj3/nuoi3	
全	dzʲwɛn1/dzyen1	
兩	lˠɑŋ2/ɭɨɔŋ2	
兩	lˠɑŋ3/ɭɨɔŋ3	
八	pat4/puat4	
公	qɨwŋ1/kuŋ1	
六	lˠɨwk4/ɭɨuk4	
兮	ɣʲɛj1/ɦiei1	
共	kˠuŋ1/kɨuŋ1	
共	ɡˠuŋ3/ɡɨuŋ3	
兵	pˠɛŋ1/pɨeŋ1	
其	ɡˠi1/ɡɨi̯1	
其	kˠi1/kɨi̯1	
具	ɡˠu3/ɡɨ̯u3	
典	tʲɛn2/tien2	
兹	dzi1/dzi1	
兹	tsi1/tsi1	
兼	kʲɛm1/kiem1	
兼	kʲɛm3/kiem3	
兾	kˠi3/kɨi̯3	
冀	kˠi3/kɨi̯3	
冂	mʲɛk4/miek4	
冃	mɑw3/muɔu3	
冉	ɲɛm1/ɲʒiem1	
冉	ɲɛm2/ɲʒiem2	
冊	tʂʰɛk4/tʂʰɯɛk4	
冋	kʲwɛŋ1/kyeŋ1	
冋	ɣʲwɛŋ3/ɦyeŋ3	
再	tsɑj3/tsɑi3	
冎	qwa2/kua2	
冑	ɖˠɨw3/ɖiu̯3	
冒	mɑw3/muɔu3	
冒	mɨk4/muək4	
冓	qɨw1/kəu1	
冓	qɨw3/kəu3	
冔	xˠu2/hɨ̯u2	
冕	mˠɛn2/mɨen2	
冘	jɨw1/jiu̯1	
冘	jim1/jim1	
冞	mʲi1/mi1	
冟	ɕɛk4/ʃiek4	
冠	qwɑn1/kuon1	
冠	qwɑn3/kuon3	
冡	mɨwŋ1/muŋ1	
冢	ʈˠuŋ2/ʈɨuŋ2	
冤	ʔˠwɛn1/ʔʉon1	
冥	mʲɛŋ1/mieŋ1	
冫	pˠɨŋ1/pɨŋ1	
冬	tɨwŋ1/tuŋ1	
冰	pˠɨŋ1/pɨŋ1	
冱	ʁu3/ɦu3	
况	xˠwɑŋ3/hʉɔŋ3	
冶	ja2/jia2	
冷	lʲɛŋ1/lieŋ1	
冷	lɛŋ2/ɭɯɛŋ2	
冷	lʲɛŋ2/lieŋ2	
冸	pʰɑn3/pʰuon3	
冹	fut4/pfut4	
冹	fɛt4/pfuɐt4	
冽	lˠɛt4/ɭiet4	
凄	tsʲʰɛj1/tsʰiei1	
凅	qu3/ku3	
准	tɕwin2/tʃyn2	
凇	zʲuŋ1/zɨuŋ1	
凇	sʲuŋ1/sɨuŋ1	
凇	sɨwŋ3/suŋ3	
凈	tʂʰɛŋ1/tʂʰɯɛŋ1	
凉	lˠɑŋ1/ɭɨɔŋ1	
凊	tsʲʰɛŋ3/tsʰieŋ3	
凋	tʲɛw1/tieu1	
凌	lˠɨŋ1/ɭiŋ1	
凍	tɨwŋ1/tuŋ1	
凍	tɨwŋ3/tuŋ3	
凒	ŋˠi1/ŋɨi̯1	
凓	lˠit4/ɭit4	
凔	tsʰɑŋ1/tsʰɑŋ1	
凔	tʂʰɑŋ3/tʂʰʅɔŋ3	
凘	si1/si1	
凙	dɑk4/dɑk4	
凚	ɡˠim3/ɡɨm3	
凜	ɡˠim1/ɡɨm1	
凜	lˠim2/ɭim2	
凝	ŋˠɨŋ1/ŋɨŋ1	
凝	ŋˠɨŋ3/ŋɨŋ3	
几	kˠi2/kɨi̯2	
凡	vɛm1/bvuɐm1	
凭	bˠɨŋ1/bɨŋ1	
凭	bˠɨŋ3/bɨŋ3	
凰	ʁwɑŋ1/ɦuɔŋ1	
凱	qʰɑj2/kʰɑi2	
凳	tɨŋ3/təŋ3	
凵	kˠʰɛm2/kʰɨem2	
凶	xˠuŋ1/hɨuŋ1	
凷	qʰwɑj3/kʰuoi3	
凸	dwɨt4/dut4	
凸	dʲɛt4/diet4	
凹	ʔap4/ʔɯap4	
出	tɕʰwi3/tʃʰyi̯3	
出	tɕʰwit4/tʃʰyt4	
函	ʁɑm1/ɦɑm1	
函	ʁam1/ɦɯam1	
刀	tɑw1/tɑu1	
刁	tʲɛw1/tieu1	
刃	ɲin3/ɲʒin3	
分	fun1/pfun1	
分	vun3/bvun3	
切	tsʲʰɛj3/tsʰiei3	
切	tsʲʰɛt4/tsʰiet4	
刈	ŋˠɛj3/ŋɨei3	
刊	qʰɑn1/kʰɑn1	
刌	tsʰwɨn2/tsʰun2	
刎	ɱun2/mvun2	
刏	ɡˠi1/ɡɨi̯1	
刏	kˠi1/kɨi̯1	
刏	qwɑj3/kuoi3	
刑	ɣʲɛŋ1/ɦieŋ1	
划	ʁwa1/ɦua1	
划	qwɑ2/kuɔ2	
划	qwɑ3/kuɔ3	
刓	ɴwɑn1/ŋuon1	
刕	lˠi1/ɭi1	
刖	ŋˠwɛt4/ŋʉot4	
刖	ɴwɨt4/ŋut4	
刖	ɴwat4/ŋuat4	
列	ʈˠu1/ʈɨ̯u1	
列	lˠɛt4/ɭiet4	
刜	vut4/bvut4	
刜	fʰut4/pfʰut4	
初	tʂʰɨ1/tʂʰʅu1	
刞	tsʲʰɨ3/tsʰɨ̯u3	
刡	mʲin2/min2	
刢	lʲɛŋ1/lieŋ1	
判	pʰɑn3/pʰuon3	
別	bˠɛt4/bɨet4	
別	pˠɛt4/pɨet4	
利	lˠi3/ɭi3	
刪	ʂan1/ʂɯan1	
刮	qwat4/kuat4	
到	tɑw3/tɑu3	
刱	tʂʰɑŋ3/tʂʰʅɔŋ3	
刲	kʲʰwɛj1/kʰyei1	
刳	qʰu1/kʰu1	
刵	ɲi3/ɲʒi3	
制	tɕɛj3/tʃiei3	
刷	ʂwat4/ʂuat4	
刷	ʂwɛt4/ʂʯet4	
券	kˠʰwɛn3/kʰʉon3	
刹	tʂʰat4/tʂʰɯat4	
刺	tsʰi3/tsʰi3	
刺	tsʲʰɛk4/tsʰiek4	
刻	qʰɨk4/kʰək4	
刾	tsʰi3/tsʰi3	
剁	twɑ3/tuɔ3	
剃	tʲʰɛj3/tʰiei3	
剄	kʲɛŋ2/kieŋ2	
剅	tɨw1/təu1	
剆	lɑ1/lɑ1	
剆	lɑ2/lɑ2	
則	tsɨk4/tsək4	
剈	ʔʲwɛn1/ʔyen1	
剉	tsʰwɑ3/tsʰuɔ3	
削	sʲɑk4/sɨɔk4	
剋	qʰɨk4/kʰək4	
剌	lɑt4/lɑt4	
前	dzʲɛn1/dzien1	
剒	tsʰɑk4/tsʰɑk4	
剔	tʲʰɛk4/tʰiek4	
剖	fʰu2/pfʰu2	
剖	pʰɨw2/pʰuəu2	
剗	tʂʰan2/tʂʰɯan2	
剚	tʂi3/tʂʅi̯3	
剛	qɑŋ1/kɑŋ1	
剜	ʔwɑn1/ʔuon1	
剝	pawk4/puak4	
剞	kˠi2/kɨi̯2	
剟	twɑt4/tuot4	
剟	ʈˠwɛt4/ʈyet4	
剠	ɡˠɛŋ1/ɡɨeŋ1	
剡	jɛm2/jiem2	
剡	ʑɛm3/ʒiem3	
剢	tɨwk4/tuk4	
剨	χwɛk4/huɛk4	
剩	ʑɨŋ3/ʒiŋ3	
剪	tsʲɛn2/tsien2	
剫	dɑk4/dɑk4	
剬	twɑn1/tuon1	
剬	tɕwɛn2/tʃyen2	
剭	ʔɨwk4/ʔuk4	
剮	qwa2/kua2	
副	fʰu3/pfʰu3	
副	fʰuk4/pfʰuk4	
副	pˠʰɨk4/pʰɨk4	
副	fʰɨw3/pfʰuəu3	老
割	qɑt4/kɑt4	
剴	qɑj1/kɑi1	
剴	ɴɑj1/ŋɑi1	
創	tʂʰɑŋ1/tʂʰʅɔŋ1	
創	tʂʰɑŋ3/tʂʰʅɔŋ3	
剶	tsʲwɛn1/tsyen1	
剶	ʈˠʰwɛn1/ʈʰyen1	
剸	dwɑn1/duon1	
剸	tɕwɛn2/tʃyen2	
剸	tɕwɛn3/tʃyen3	
剹	lˠɨwk4/ɭɨuk4	
剺	lˠi1/ɭi1	
剽	bʲɛw1/bieu1	
剽	pʲʰɛw3/pʰieu3	
剾	ʔɨw1/ʔəu1	
剾	qʰɨw1/kʰəu1	
剿	tsʲɛw2/tsieu2	
劀	qwat4/kuat4	
劁	dzʲɛw1/dzieu1	
劁	dzʲɛw3/dzieu3	
劂	kˠwɛt4/kʉot4	
劃	ʁwɛk4/ɦuɛk4	
劃	χwɛk4/huɛk4	
劄	ʈap4/ʈɯap4	
劇	ɡˠɛk4/ɡɨek4	
劈	pʲʰɛk4/pʰiek4	
劉	lˠɨw1/ɭiu̯1	
劊	qwɑj3/kuoi3	
劊	qwɑt4/kuot4	
劋	tsʲɛw2/tsieu2	
劌	kˠwɛj3/kʉoi3	
劐	χwɑk4/huɔk4	
劑	tsʲwi1/tsyi̯1	
劑	dzʲɛj3/dziei3	
劒	kˠɛm3/kɨem3	
劓	ŋˠi3/ŋɨi̯3	
劕	tɕit4/tʃit4	
劖	dʐam1/dʐɯam1	
劗	dzwɑn1/dzuon1	
劗	tswɑn1/tsuon1	
劘	mɑ1/muɔ1	
劙	lˠi1/ɭi1	
劙	lʲɛj2/liei2	
劙	lʲɛj3/liei3	
力	lˠɨk4/ɭik4	
劜	ʔat4/ʔɯat4	
功	qɨwŋ1/kuŋ1	
加	qa1/kɯa1	
劣	lˠwɛt4/ɭyet4	
劤	kˠin3/kɨn3	
劥	qʰɛŋ1/kʰɯɛŋ1	
劦	ɣʲɛp4/ɦiep4	
助	dʐɨ3/dʐʅu3	
努	nu2/nu2	
劫	kˠɛp4/kɨep4	
劬	ɡˠu1/ɡɨ̯u1	
劭	ʑɛw3/ʒieu3	
劮	jit4/jit4	
効	ʁaw3/ɦɯau3	
劺	mɨw1/mvuəu1	
劻	kˠʰwɑŋ1/kʰʉɔŋ1	
劼	qʰat4/kʰɯat4	
劾	qʰaj3/kʰɯai3	
劾	ʁɑj3/ɦɑi3	
劾	ʁɨk4/ɦək4	
勀	qʰɨk4/kʰək4	
勁	kʲɛŋ3/kieŋ3	
勃	bɨt4/but4	
勅	ʈˠʰɨk4/ʈʰik4	
勇	juŋ2/jɨuŋ2	
勉	mˠɛn2/mɨen2	
勍	ɡˠɛŋ1/ɡɨeŋ1	
勑	lɑj3/lɑi3	
勒	lɨk4/lək4	
勔	mʲɛn2/mien2	
動	dɨwŋ3/duŋ3	
勖	xˠuk4/hɨuk4	
勘	qʰɑm3/kʰɑm3	
務	ɱu3/mvu3	
勛	xˠun1/hɨun1	
勜	ʔɨwŋ2/ʔuŋ2	
勝	ɕɨŋ1/ʃiŋ1	
勝	ɕɨŋ3/ʃiŋ3	
勞	lɑw1/lɑu1	
勞	lɑw3/lɑu3	
募	mu3/mu3	
勠	lˠɨw1/ɭiu̯1	
勠	lˠɨw3/ɭiu̯3	
勠	lˠɨwk4/ɭɨuk4	
勡	pʲʰɛw3/pʰieu3	
勢	ɕɛj3/ʃiei3	
勣	tsʲɛk4/tsiek4	
勤	ɡˠin1/ɡɨn1	
勥	ɡˠɑŋ1/ɡɨɔŋ1	
勥	ɡˠɑŋ3/ɡɨɔŋ3	
勦	dʐaw1/dʐɯau1	
勦	tsʲɛw2/tsieu2	
勨	jɑŋ2/jɨɔŋ2	
勨	zʲɑŋ3/zɨɔŋ3	
勩	ji3/ji3	
勩	jɛj3/jiei3	
勬	kˠwɛn1/kʉon1	
勬	kˠwɛn3/kʉon3	
勮	ɡˠɨ3/ɡɨ̯u3	
勰	ɣʲɛp4/ɦiep4	
勱	maj3/muai3	
勳	xˠun1/hɨun1	
勴	lˠɨ3/ɭɨ̯u3	
勵	lˠɛj3/ɭiei3	
勷	ɲɑŋ1/ɲʒɨɔŋ1	
勸	kˠʰwɛn3/kʰʉon3	
勹	paw1/puau1	
勺	tɕɑk4/tʃɨɔk4	
勺	ʑɑk4/ʒɨɔk4	
勻	jwin1/jyn1	
勼	kˠɨw1/kɨu̯1	
勽	ɱun2/mvun2	
勽	bɑw3/buɔu3	
勿	ɱut4/mvut4	
匃	qɑj3/kɑi3	
匃	qɑt4/kɑt4	
包	paw1/puau1	
匈	xˠuŋ1/hɨuŋ1	
匉	pʰɛŋ1/pʰuɛŋ1	
匊	kˠɨwk4/kɨuk4	
匋	dɑw1/dɑu1	
匌	qɑp4/kɑp4	
匌	qʰɑp4/kʰɑp4	
匍	bu1/bu1	
匏	baw1/buau1	
匐	vuk4/bvuk4	
匐	bɨk4/buək4	
匑	kˠɨwŋ1/kɨuŋ1	
匑	kˠʰɨwŋ1/kʰɨuŋ1	
匓	kˠɨw3/kɨu̯3	
匕	pʲi2/pi2	
化	χwa3/hua3	
北	pɨk4/puək4	
匙	ʑi1/dʒi1	
匚	fɑŋ1/pfuɔŋ1	
匜	ji1/ji1	
匜	ji2/ji2	
匠	dzʲɑŋ3/dzɨɔŋ3	
匡	kˠʰwɑŋ1/kʰʉɔŋ1	
匣	ʁap4/ɦɯap4	
匤	kˠʰuk4/kʰɨuk4	
匥	bˠɛn3/bɨen3	
匧	kʲʰɛp4/kʰiep4	
匨	tsɑŋ1/tsɑŋ1	
匪	fi2/pfi2	
匫	χwɨt4/hut4	
匭	kˠwi2/kɨui2	
匯	qʰwaj1/kʰuai1	
匯	ʁwɑj3/ɦuoi3	
匰	tɑn1/tɑn1	
匱	ɡˠwi3/ɡɨui3	
匳	lˠɛm1/ɭiem1	
匴	swɑn2/suon2	
匵	dɨwk4/duk4	
匶	ɡˠɨw3/ɡɨu̯3	
匸	ɣʲɛj3/ɦiei3	
匹	pʲʰit4/pʰit4	
医	ʔʲɛj3/ʔiei3	
匽	ʔˠɛn2/ʔɨen2	
匾	pʲɛn2/pien2	
匿	ɳˠɨk4/ɳik4	
區	kˠʰu1/kʰɨ̯u1	
區	ʔɨw1/ʔəu1	
十	ʑip4/ʒip4	
卂	ʈˠwɛj3/ʈyei3	
卂	sʲin3/sin3	
千	tsʲʰɛn1/tsʰien1	
卅	sɑp4/sɑp4	
升	ɕɨŋ1/ʃiŋ1	
午	ɴu2/ŋu2	
卉	xˠwi2/hɨui2	
卉	xˠwi3/hɨui3	
半	pɑn3/puon3	
卌	sʲip4/sip4	
卑	pʲi1/pi1	
卒	tsʲwit4/tsyt4	
卒	tsʰwɨt4/tsʰut4	
卒	tswɨt4/tsut4	
卓	ʈawk4/ʈɯak4	
協	ɣʲɛp4/ɦiep4	
南	nɑm1/nɑm1	
卙	tɕʰip4/tʃʰip4	
博	pɑk4/puɔk4	
卛	kˠwɛn3/kʉon3	
卜	pɨwk4/puk4	
卝	ʁwɛŋ3/ɦuɛŋ3	
卞	bˠɛn3/bɨen3	
卟	kʲɛj1/kiei1	
卟	kʲʰɛj2/kʰiei2	
占	tɕɛm1/tʃiem1	
占	tɕɛm3/tʃiem3	
卣	jɨw1/jiu̯1	
卣	jɨw2/jiu̯2	
卤	sʲɛj1/siei1	
卦	qwa3/kua3	
卦	qwaj3/kuai3	老
卬	ɴɑŋ1/ŋɑŋ1	
卬	ŋˠɑŋ2/ŋɨɔŋ2	
卯	maw2/muau2	
印	ʔʲin3/ʔin3	
危	ŋˠwi1/ŋɨui1	
卲	ʑɛw3/ʒieu3	
即	tsʲɨk4/tsik4	
却	kˠʰɑk4/kʰɨɔk4	
卵	lwɑn2/luon2	
卵	lwɑ2/luɔ2	
卶	ɕi3/ʃi3	
卶	tɕʰi3/tʃʰi3	
卷	ɡˠwɛn1/ɡʉon1	
卷	ɡˠwɛn3/ɡʉon3	
卷	kˠwɛn2/kʉon2	
卷	kˠwɛn3/kʉon3	
卸	sʲa3/sia3	
卹	sʲwit4/syt4	
卻	kˠɑk4/kɨɔk4	
卻	kˠʰɑk4/kʰɨɔk4	
卽	tsʲɨk4/tsik4	
卿	kˠʰɛŋ1/kʰɨeŋ1	
厀	sʲit4/sit4	
厂	χɑn2/hɑn2	
厂	χɑn3/hɑn3	
厃	tɕɛm1/tʃiem1	
厄	ʔɛk4/ʔɯɛk4	
厇	ʈɛk4/ʈɯɛk4	
厊	ɴa2/ŋɯa2	
厎	tɕi2/tʃi2	
厏	tʂa2/tʂɯa2	
厏	dʐa3/dʐɯa3	
厒	qʰɑp4/kʰɑp4	
厓	ɴaj1/ŋɯai1	
厖	mawŋ1/muaŋ1	
厗	dʲɛj1/diei1	
厙	ɕa3/ʃia3	
厚	ʁɨw3/ɦəu3	
厜	tsʲwi1/tsyi̯1	
厝	tsʰu3/tsʰu3	
厝	tsʰɑk4/tsʰɑk4	
原	ŋˠwɛn1/ŋʉon1	
厤	lʲɛk4/liek4	
厥	kˠut4/kɨut4	
厥	kˠwɛt4/kʉot4	
厧	tʲɛn1/tien1	
厬	kˠwi2/kɨui2	
厭	ʔʲɛm2/ʔiem2	
厭	ʔʲɛm3/ʔiem3	
厭	ʔʲɛp4/ʔiep4	
厱	qʰam1/kʰɯam1	
厱	kˠʰɛm1/kʰɨem1	
厲	lˠɛj3/ɭiei3	
厴	ʔʲɛm2/ʔiem2	
厵	ŋˠwɛn1/ŋʉon1	
厶	si1/si1	
厸	mʲɛm2/miem2	
厹	ɡˠɨw1/ɡɨu̯1	
去	kˠʰɨ2/kʰɨ̯u2	
去	kˠʰɨ3/kʰɨ̯u3	
厽	lˠwi2/ɭyi̯2	
叀	ʑwɛn3/ʒyen3	
參	ʂim1/ʂʅᵊm1	
參	tʂʰim1/tʂʰʅᵊm1	
參	tsʰɑm1/tsʰɑm1	
參	sɑm1/sɑm1	
參	tsʰɑm3/tsʰɑm3	
又	ɰɨw3/ɨu̯3	
叉	tʂʰa1/tʂʰɯa1	
叉	tʂʰaj1/tʂʰɯai1	老
及	ɡˠip4/ɡɨp4	
友	ɰɨw2/ɨu̯2	
反	fʰɛn1/pfʰuɐn1	
反	fɛn2/pfuɐn2	
叒	ɲɑk4/ɲʒɨɔk4	
叔	ɕɨwk4/ʃɨuk4	
叕	ʈˠwɛt4/ʈyet4	
取	tsʲʰu2/tsʰɨ̯u2	
取	tsʰɨw2/tsʰəu2	
受	ʑɨw3/ʒiu̯3	
叚	qa2/kɯa2	
叛	bɑn3/buon3	
叜	sɨw2/səu2	
叟	sɨw2/səu2	
叡	jwɛj3/jyei3	
叢	dzɨwŋ1/dzuŋ1	
口	qʰɨw2/kʰəu2	
古	qu2/ku2	
句	ɡˠu1/ɡɨ̯u1	
句	qɨw1/kəu1	
句	kˠu3/kɨ̯u3	
句	qɨw3/kəu3	
叨	tʰɑw1/tʰɑu1	
叩	qʰɨw2/kʰəu2	
只	tɕi1/tʃi1	
只	tɕi2/tʃi2	
叫	kʲɛw3/kieu3	
召	ɖˠɛw3/ɖieu3	
召	ʑɛw3/ʒieu3	
叮	tʲɛŋ1/tieŋ1	
可	qʰɑ2/kʰɑ2	
台	ji1/ji1	
台	tʰɑj1/tʰɑi1	
叱	tɕʰit4/tʃʰit4	
史	ʂi2/ʂʅi̯2	
右	ɰɨw2/ɨu̯2	
右	ɰɨw3/ɨu̯3	
叴	ɡˠɨw1/ɡɨu̯1	
叵	pʰɑ2/pʰuɔ2	
叶	ɣʲɛp4/ɦiep4	
号	ʁɑw3/ɦɑu3	
司	si1/si1	
叿	χɨwŋ1/huŋ1	
吁	xˠu1/hɨ̯u1	
吁	ɰu3/ɨ̯u3	
吂	mɑŋ1/muɔŋ1	
吂	mɑŋ3/muɔŋ3	
吃	kˠit4/kɨt4	
各	qɑk4/kɑk4	
吅	xˠwɛn1/hʉon1	
吅	zʲuŋ3/zɨuŋ3	
合	ʁɑp4/ɦɑp4	
合	qɑp4/kɑp4	
吉	kʲit4/kit4	
同	dɨwŋ1/duŋ1	
名	mʲɛŋ1/mieŋ1	
后	ʁɨw3/ɦəu3	
吏	lˠi3/ɭi3	
吐	tʰu2/tʰu2	
吐	tʰu3/tʰu3	
向	ɕɑŋ3/ʃɨɔŋ3	
向	xˠɑŋ3/hɨɔŋ3	
吒	ʈa3/ʈɯa3	
君	kˠun1/kɨun1	
吝	lˠin3/ɭin3	
吞	tʰɨn1/tʰən1	
吞	tʲʰɛn1/tʰien1	
吟	ŋˠim1/ŋɨm1	
吟	ŋˠim3/ŋɨm3	
吠	vɛj3/bvei3	
吡	pʲʰi2/pʰi2	
吡	bʲit4/bit4	
吣	tsʲʰim3/tsʰim3	
否	bˠi3/bɨi̯3	
否	fu2/pfu2	
否	fɨw2/pfuəu2	
吧	pʰa1/pʰua1	
吧	pa1/pua1	
吨	tʰwɨn2/tʰun2	
吪	ɴwɑ1/ŋuɔ1	
含	ʁɑm1/ɦɑm1	
听	ŋˠin2/ŋɨn2	
吭	ʁɑŋ1/ɦɑŋ1	
吭	ʁɑŋ3/ɦɑŋ3	
吮	ʑwin3/ʒyn3	
吮	dzʲwɛn3/dzyen3	
启	kʲʰɛj2/kʰiei2	
吰	ʁwɛŋ1/ɦuɛŋ1	
吱	kʲʰi3/kʰi3	
吳	ɴu1/ŋu1	
吵	mʲɛw2/mieu2	
吵	tʂʰaw2/tʂʰɯau2	
吶	ɳˠwɛt4/ɳyet4	
吷	xʲwɛt4/hyet4	
吸	xˠip4/hɨp4	
吹	tɕʰwi1/tʃʰyi̯1	
吹	tɕʰwi3/tʃʰyi̯3	
吺	tɨw1/təu1	
吻	ɱun2/mvun2	
吼	χɨw2/həu2	
吼	χɨw3/həu3	
吽	χɨw2/həu2	
吾	ɴu1/ŋu1	
吾	ɴa1/ŋɯa1	
呀	ɴa1/ŋɯa1	
呀	χa1/hɯa1	
呁	kʲwin3/kyn3	
呂	lˠɨ2/ɭɨ̯u2	
呈	ɖˠɛŋ1/ɖieŋ1	
呈	ɖˠɛŋ3/ɖieŋ3	
告	qɑw3/kɑu3	
告	qɨwk4/kuk4	
呝	ʔaj3/ʔɯai3	
呝	ʔɛk4/ʔɯɛk4	
呞	ɕi1/ʃi1	
呢	ɳˠi1/ɳi1	
呣	mɨw1/muəu1	
呤	lʲɛŋ1/lieŋ1	
呥	ɲɛm1/ɲʒiem1	
呦	ʔʲɨw1/ʔiu̯1	
周	tɕɨw1/tʃiu̯1	
呪	tɕɨw3/tʃiu̯3	
呫	tʲʰɛp4/tʰiep4	
呬	xˠi3/hɨi̯3	
呭	jɛj3/jiei3	
呰	tsi2/tsi2	
呱	qu1/ku1	
味	ɱi3/mvi3	
呴	χɨw2/həu2	
呴	xˠu3/hɨ̯u3	
呵	χɑ1/hɑ1	
呵	χɑ3/hɑ3	
呶	ɳaw1/ɳɯau1	
呷	χap4/hɯap4	
呺	xˠɛw1/hɨeu1	
呻	ɕin1/ʃin1	
呼	χu1/hu1	
命	mˠɛŋ3/mɨeŋ3	
呾	tɑt4/tɑt4	
呾	ʔat4/ʔɯat4	
呿	kˠʰɑ1/kʰɨɔ1	
呿	kˠʰɨ3/kʰɨ̯u3	
呿	kˠʰɛp4/kʰɨep4	
咀	dzʲɨ3/dzɨ̯u3	
咀	tsʲɨ2/tsɨ̯u2	
咄	twɨt4/tut4	
咄	twɑt4/tuot4	
咅	tʰɨw3/tʰəu3	
咆	baw1/buau1	
咇	bʲit4/bit4	
咇	pˠit4/pɨt4	
咇	bʲɛt4/biet4	
咈	vut4/bvut4	
咉	ʔɑŋ1/ʔɑŋ1	
咉	ʔɑŋ2/ʔɑŋ2	
咊	ʁwɑ1/ɦuɔ1	
咋	tʂa3/tʂɯa3	
咋	dʐɛk4/dʐɯɛk4	
咋	tʂɛk4/tʂɯɛk4	
和	ʁwɑ1/ɦuɔ1	
和	ʁwɑ3/ɦuɔ3	
咍	χɑj1/hɑi1	
咎	qɑw1/kɑu1	
咎	ɡˠɨw3/ɡɨu̯3	
咏	ɰwɛŋ3/ʉeŋ3	
咟	ʁwɛk4/ɦuɛk4	
咠	tsʲʰip4/tsʰip4	
咠	tsʲip4/tsip4	
咡	ɲi1/ɲʒi1	
咡	ɲi3/ɲʒi3	
咢	ɴɑk4/ŋɑk4	
咤	ʈa1/ʈɯa1	
咤	ʈa3/ʈɯa3	
咥	ʈˠʰit4/ʈʰit4	
咥	dʲɛt4/diet4	
咥	tʲɛt4/tiet4	
咦	xʲi1/hi1	
咨	tsi1/tsi1	
咫	tɕi2/tʃi2	
咬	qaw1/kɯau1	
咬	ʔaw1/ʔɯau1	
咭	xʲit4/hit4	
咭	qʰat4/kʰɯat4	
咮	tɕu1/tʃɨ̯u1	
咮	ʈˠɨw1/ʈiu̯1	
咮	ʈˠu3/ʈɨ̯u3	
咮	ʈˠɨw3/ʈiu̯3	
咰	ʂwit4/ʂʯᵊt4	
咳	ʁɑj1/ɦɑi1	
咶	χwaj3/huai3	
咶	ʁwat4/ɦuat4	
咷	dɑw1/dɑu1	
咷	tʲʰɛw3/tʰieu3	
咸	ʁam1/ɦɯam1	
咹	ʔɑt4/ʔɑt4	
咺	xˠwɛn2/hʉon2	
咻	xˠɨw1/hɨu̯1	
咻	xˠu2/hɨ̯u2	
咼	qʰwa1/kʰua1	
咼	qʰwaj1/kʰuai1	老
咽	ʔʲɛn1/ʔien1	
咽	ʔʲɛn3/ʔien3	
咽	ʔʲɛt4/ʔiet4	
咿	ʔʲi1/ʔi1	
哀	ʔɑj1/ʔɑi1	
品	pˠʰim2/pʰɨm2	
哂	ɕin2/ʃin2	
哃	dɨwŋ1/duŋ1	
哄	ʁɨwŋ3/ɦuŋ3	
哆	ʈʰa1/ʈʰɯa1	
哆	tɕʰi2/tʃʰi2	
哆	tɑ2/tɑ2	
哆	tɕʰa2/tʃʰia2	
哆	tɕʰi3/tʃʰi3	
哆	tɑ3/tɑ3	
哆	ʈa3/ʈɯa3	
哇	ʔa1/ʔɯa1	
哇	ʔwa1/ʔua1	
哇	ʔaj1/ʔɯai1	老
哈	ɴɑp4/ŋɑp4	
哉	tsɑj1/tsɑi1	
哊	ɰɨwk4/ɨuk4	
員	ɰun1/ɨun1	
員	ɰwɛn1/ʉon1	
員	ɰun3/ɨun3	
哢	lɨwŋ3/luŋ3	
哤	mawŋ1/muaŋ1	
哥	qɑ1/kɑ1	
哦	ɴɑ1/ŋɑ1	
哨	sʲɛw1/sieu1	
哨	tsʲʰɛw3/tsʰieu3	
哫	tsʲuk4/tsɨuk4	
哭	qʰɨwk4/kʰuk4	
哮	χaw1/hɯau1	
哮	χaw3/hɯau3	
哯	ɣʲɛn3/ɦien3	
哰	lɑw1/lɑu1	
哱	pʰɨt4/pʰut4	
哲	ʈˠɛt4/ʈiet4	
哳	ʈat4/ʈɯat4	
哴	lɑŋ1/lɑŋ1	
哴	lˠɑŋ3/ɭɨɔŋ3	
哵	pat4/puat4	
哷	lˠwɛt4/ɭyet4	
哹	fɨw1/pfuəu1	
哹	vɨw1/bvuəu1	
哺	bu3/bu3	
哽	qɛŋ2/kɯɛŋ2	
哿	qɑ2/kɑ2	
唁	ŋˠɛn3/ŋɨen3	
唂	qɨwk4/kuk4	
唄	baj3/buai3	
唅	χɑm1/hɑm1	
唅	ʁɑm3/ɦɑm3	
唆	swɑ1/suɔ1	
唇	tɕin1/tʃin1	
唈	ʔˠip4/ʔɨp4	
唈	ʔɑp4/ʔɑp4	
唉	ʔɑj1/ʔɑi1	
唉	ʔaj2/ʔɯai2	
唊	kʲɛp4/kiep4	
唌	dɑn1/dɑn1	
唏	xˠi2/hɨi̯2	
唏	xˠi3/hɨi̯3	
唐	dɑŋ1/dɑŋ1	
唧	tsʲit4/tsit4	
唧	tsʲɨk4/tsik4	
唪	bɨwŋ3/buŋ3	
唪	vuŋ3/bvuŋ3	
唫	ŋˠim1/ŋɨm1	
唫	ɡˠim3/ɡɨm3	
唬	χa3/hɯa3	
唬	qwɛk4/kuɛk4	
唭	kˠʰi3/kʰɨi̯3	
售	ʑɨw3/ʒiu̯3	
唯	jwi1/jyi̯1	
唯	jwi2/jyi̯2	
唱	tɕʰɑŋ3/tʃʰɨɔŋ3	
唲	ɲi1/ɲʒi1	
唲	ʔaj1/ʔɯai1	
唳	lʲɛj3/liei3	
唳	lʲɛt4/liet4	
唴	kˠʰɑŋ3/kʰɨɔŋ3	
唵	ʔɑm2/ʔɑm2	
唶	tsʲa3/tsia3	
唸	tʲɛn3/tien3	
唸	tʲɛm3/tiem3	
唹	ʔˠɨ1/ʔɨ̯u1	
唻	lɑj1/lɑi1	
唻	lɑj2/lɑi2	
唾	tʰwɑ3/tʰuɔ3	
啀	ɴaj1/ŋɯai1	
啁	ʈaw1/ʈɯau1	
啁	ʈˠɨw1/ʈiu̯1	
啂	nɨw2/nəu2	
啄	tɨwk4/tuk4	
啄	ʈawk4/ʈɯak4	
啅	ʈawk4/ʈɯak4	
商	ɕɑŋ1/ʃɨɔŋ1	
啇	tʲɛk4/tiek4	
啉	lɑm1/lɑm1	
啌	χawŋ1/hɯaŋ1	
啍	dwɨn1/dun1	
啎	ɴu3/ŋu3	
問	ɱun3/mvun3	
啐	tʂʰwaj3/tʂʰuai3	
啐	tsʰwɑj3/tsʰuoi3	
啐	swɑj3/suoi3	
啐	tsʲwit4/tsyt4	
啑	tʲɛj3/tiei3	
啑	ʂap4/ʂɯap4	
啒	qwɨt4/kut4	
啒	χwɨt4/hut4	
啓	kʲʰɛj2/kʰiei2	
啕	dɑw1/dɑu1	
啖	dɑm3/dɑm3	
啗	dɑm3/dɑm3	
啙	tsʲɛj1/tsiei1	
啙	tsi2/tsi2	
啙	dzʲɛj3/dziei3	
啚	du1/du1	
啚	pˠi2/pɨi̯2	
啜	ʈˠwɛj3/ʈyei3	
啜	ʑwɛj3/ʒyei3	
啜	tɕʰwɛt4/tʃʰyet4	
啜	ʈˠwɛt4/ʈyet4	
啜	ʑwɛt4/ʒyet4	
啞	ʔa2/ʔɯa2	
啞	ʔa3/ʔɯa3	
啞	ʔɛk4/ʔɯɛk4	
啡	pʰɑj2/pʰuoi2	
啺	dɑŋ1/dɑŋ1	
啻	ɕi3/ʃi3	
啼	dʲɛj1/diei1	
啾	tsʲɨw1/tsiu̯1	
喀	qʰɛk4/kʰɯɛk4	
喁	ŋˠuŋ1/ŋɨuŋ1	
喃	ɳam1/ɳɯam1	
善	ʑɛn3/ʒien3	
喅	jɨwk4/jɨuk4	
喆	ʈˠɛt4/ʈiet4	
喈	qaj1/kɯai1	
喉	ʁɨw1/ɦəu1	
喊	χɑm2/hɑm2	
喊	ʁam3/ɦɯam3	
喊	χam2/hɯam2	
喋	dʲɛp4/diep4	
喋	tʲɛp4/tiep4	
喋	ɖap4/ɖɯap4	
喌	tɕɨw1/tʃiu̯1	
喌	tɕɨwk4/tʃɨuk4	
喎	qʰwa1/kʰua1	
喎	qʰwaj1/kʰuai1	老
喑	ʔˠim1/ʔɨm1	
喑	ʔɑm1/ʔɑm1	
喑	ʔˠim3/ʔɨm3	
喓	ʔʲɛw1/ʔieu1	
喔	ʔawk4/ʔɯak4	
喗	ŋˠun2/ŋɨun2	
喘	tɕʰwɛn2/tʃʰyen2	
喙	xˠwɛj3/hʉoi3	
喚	χwɑn3/huon3	
喛	xˠwɛn1/hʉon1	
喛	χwɑn3/huon3	
喜	xˠi2/hɨi̯2	
喝	ʔaj3/ʔɯai3	
喝	χɑt4/hɑt4	
喟	kˠʰwi3/kʰɨui3	
喟	qʰwaj3/kʰuai3	
喠	tɕuŋ2/tʃɨuŋ2	
喠	tɕʰuŋ2/tʃʰɨuŋ2	
喢	tɕʰɛp4/tʃʰiep4	
喢	ʂɛp4/ʂʅep4	
喢	tʂʰap4/tʂʰɯap4	
喢	ʂap4/ʂɯap4	
喣	xˠu2/hɨ̯u2	
喤	ʁwɛŋ1/ɦuɛŋ1	
喤	χwɛŋ1/huɛŋ1	
喥	dɑk4/dɑk4	
喦	ɲɛp4/ɲʒiep4	
喧	xˠwɛn1/hʉon1	
喪	sɑŋ1/sɑŋ1	
喪	sɑŋ3/sɑŋ3	
喫	kʲʰɛk4/kʰiek4	
喬	kˠɛw1/kɨeu1	
喬	ɡˠɛw1/ɡɨeu1	
喭	ɴɑn3/ŋɑn3	
喭	ŋˠɛn3/ŋɨen3	
單	tɑn1/tɑn1	
單	ʑɛn1/dʒien1	
單	ʑɛn3/ʒien3	
喻	ju3/jɨ̯u3	
喿	sɑw3/sɑu3	
嗀	χɨwk4/huk4	
嗀	χawk4/hɯak4	
嗁	dʲɛj1/diei1	
嗂	jɛw1/jieu1	
嗃	χaw1/hɯau1	
嗃	χaw3/hɯau3	
嗃	χɑk4/hɑk4	
嗄	ʔaj3/ʔɯai3	
嗄	ʂa3/ʂɯa3	
嗇	ʂɨk4/ʂʅᵊk4	
嗈	ʔˠuŋ1/ʔɨuŋ1	
嗉	su3/su3	
嗊	χɨwŋ2/huŋ2	
嗋	xˠɛp4/hɨep4	
嗌	ʔʲɛk4/ʔiek4	
嗑	ʁɑp4/ɦɑp4	
嗑	qɑp4/kɑp4	
嗒	tɑp4/tɑp4	
嗒	tʰɑp4/tʰɑp4	
嗔	tɕʰin1/tʃʰin1	
嗔	dʲɛn1/dien1	
嗕	ɲuk4/ɲʒɨuk4	
嗗	ʔwat4/ʔuat4	
嗙	pɛŋ1/puɛŋ1	
嗚	ʔu1/ʔu1	
嗛	kʲʰɛm2/kʰiem2	
嗜	ʑi3/ʒi3	
嗝	qɛk4/kɯɛk4	
嗞	tsi1/tsi1	
嗟	tsʲa1/tsia1	
嗢	ʔwɨt4/ʔut4	
嗢	ʔwat4/ʔuat4	
嗣	zi3/zi3	
嗤	tɕʰi1/tʃʰi1	
嗥	ʁɑw1/ɦɑu1	
嗷	ɴɑw1/ŋɑu1	
嗸	ɴɑw1/ŋɑu1	
嗹	lʲɛn1/lien1	
嗺	swɑj1/suoi1	
嗺	tswɑj1/tsuoi1	
嗻	tɕa3/tʃia3	
嗼	mɑk4/muɔk4	
嗼	mɛk4/muɛk4	
嗽	sɨw3/səu3	
嗽	sɨwk4/suk4	
嗽	ʂawk4/ʂɯak4	
嗾	sɨw2/səu2	
嗾	sɨw3/səu3	
嗾	tsʰɨw3/tsʰəu3	
嗿	tʰɑm2/tʰɑm2	
嘁	tsɑp4/tsɑp4	
嘂	kʲɛw3/kieu3	
嘄	ŋʲɛw3/ŋieu3	
嘅	qʰɑj3/kʰɑi3	
嘆	tʰɑn1/tʰɑn1	
嘆	tʰɑn3/tʰɑn3	
嘈	dzɑw1/dzɑu1	
嘉	qa1/kɯa1	
嘌	pʲʰɛw1/pʰieu1	
嘍	lɨw1/ləu1	
嘍	lɨw2/ləu2	
嘎	qat4/kɯat4	
嘏	qa2/kɯa2	
嘐	qaw1/kɯau1	
嘐	χaw1/hɯau1	
嘑	χu1/hu1	
嘒	xʲwɛj3/hyei3	
嘓	qwɛk4/kuɛk4	
嘔	ʔɨw1/ʔəu1	
嘔	ʔɨw2/ʔəu2	
嘕	xˠɛn1/hɨen1	
嘖	tʂɛk4/tʂɯɛk4	
嘖	dʐɛk4/dʐɯɛk4	
嘗	ʑɑŋ1/dʒɨɔŋ1	
嘪	maj2/muai2	
嘫	ɳan1/ɳɯan1	
嘬	tʂʰwaj3/tʂʰuai3	
嘮	ʈʰaw1/ʈʰɯau1	
嘯	sʲɛw3/sieu3	
嘰	kˠi1/kɨi̯1	
嘲	ʈaw1/ʈɯau1	
嘳	kˠʰwi3/kʰɨui3	
嘳	qʰwaj3/kʰuai3	
嘵	xʲɛw1/hieu1	
嘶	sʲɛj1/siei1	
嘹	lʲɛw1/lieu1	
嘹	lʲɛw3/lieu3	
嘺	ɡʲɛw1/ɡieu1	
嘻	xˠi1/hɨi̯1	
嘼	xˠɨw3/hɨu̯3	
嘽	tʰɑn1/tʰɑn1	
嘽	tɕʰɛn2/tʃʰien2	
嘾	dɑm3/dɑm3	
噁	ʔu3/ʔu3	
噂	tswɨn2/tsun2	
噅	xˠwi1/hɨui1	
噆	tsʰɑm2/tsʰɑm2	
噆	tsɑp4/tsɑp4	
噇	ɖawŋ1/ɖɯaŋ1	
噈	tsʲɨwk4/tsɨuk4	
噉	dɑm3/dɑm3	
噊	ʑwit4/ʒyt4	
噊	jwit4/jyt4	
噋	tʰwɨn1/tʰun1	
噋	qʰwɑk4/kʰuɔk4	
噌	tʂʰɛŋ1/tʂʰɯɛŋ1	
噍	tsʲɛw1/tsieu1	
噍	dzʲɛw3/dzieu3	
噎	ʔʲɛt4/ʔiet4	
噏	xˠip4/hɨp4	
噓	xˠɨ1/hɨ̯u1	
噓	xˠɨ3/hɨ̯u3	
噞	ŋˠɛm2/ŋɨem2	
噞	ŋˠɛm3/ŋɨem3	
噟	ʔˠɨŋ3/ʔɨŋ3	
噡	tɕɛm1/tʃiem1	
噢	ʔˠu2/ʔɨ̯u2	
噢	ʔˠɨwk4/ʔɨuk4	
噣	ʈˠɨw3/ʈiu̯3	
噣	tɨw3/təu3	
噣	tɕuk4/tʃɨuk4	
噣	ʈawk4/ʈɯak4	
噤	ɡˠim3/ɡɨm3	
噥	nɨwŋ1/nuŋ1	
噥	ɳawŋ1/ɳɯaŋ1	
噦	χwɑj3/huoi3	
噦	ʔˠwɛt4/ʔʉot4	
噧	χaj3/hɯai3	
噧	tʰɑt4/tʰɑt4	
器	kˠʰi3/kʰɨi̯3	
噩	ɴɑk4/ŋɑk4	
噪	sɑw3/sɑu3	
噫	ʔˠi1/ʔɨi̯1	
噫	ʔaj3/ʔɯai3	
噬	ʑɛj3/ʒiei3	
噭	kʲɛw3/kieu3	
噮	ʔʲwɛn3/ʔyen3	
噰	ʔˠuŋ1/ʔɨuŋ1	
噱	ɡˠɑk4/ɡɨɔk4	
噲	qʰwaj3/kʰuai3	
噳	ŋˠu2/ŋɨ̯u2	
噴	pʰɨn1/pʰun1	
噴	pʰɨn3/pʰun3	
噿	tsʲwi2/tsyi̯2	
嚀	nʲɛŋ1/nieŋ1	
嚂	χɑm2/hɑm2	
嚂	qʰɑm3/kʰɑm3	
嚂	lɑm3/lɑm3	
嚃	tʰɑp4/tʰɑp4	
嚄	ʁwɛk4/ɦuɛk4	
嚅	ɲu1/ɲʒɨ̯u1	
嚇	χa3/hɯa3	
嚇	χɛk4/hɯɛk4	
嚊	pˠʰi3/pʰɨi̯3	
嚌	dzʲɛj3/dziei3	
嚏	tʲɛj3/tiei3	
嚖	xʲwɛj3/hyei3	
嚗	pawk4/puak4	
嚘	ʔˠɨw1/ʔɨu̯1	
嚚	ŋˠin1/ŋɨn1	
嚛	χɨwk4/huk4	
嚜	mˠi3/mɨi̯3	
嚝	χwɛŋ1/huɛŋ1	
嚞	ʈˠɛt4/ʈiet4	
嚥	ʔʲɛn3/ʔien3	
嚧	lu1/lu1	
嚨	lɨwŋ1/luŋ1	
嚫	tʂʰin3/tʂʰʅᵊn3	
嚬	bʲin1/bin1	
嚭	pˠʰi2/pʰɨi̯2	
嚮	xˠɑŋ2/hɨɔŋ2	
嚮	xˠɑŋ3/hɨɔŋ3	
嚱	xˠi3/hɨi̯3	
嚲	tɑ2/tɑ2	
嚳	qʰɨwk4/kʰuk4	
嚴	ŋˠɛm1/ŋɨem1	
嚵	dʐam1/dʐɯam1	
嚵	dzʲɛm3/dziem3	
嚵	tʂʰam3/tʂʰɯam3	
嚶	ʔɛŋ1/ʔɯɛŋ1	
嚼	dzʲɑk4/dzɨɔk4	
嚾	χwɑn3/huon3	
囀	ʈˠwɛn3/ʈyen3	
囁	ɲɛp4/ɲʒiep4	
囁	tɕɛp4/tʃiep4	
囂	xˠɛw1/hɨeu1	
囃	tsʰɑp4/tsʰɑp4	
囈	ŋʲɛj3/ŋiei3	
囉	lɑ1/lɑ1	
囊	nɑŋ1/nɑŋ1	
囋	dzɑn3/dzɑn3	
囋	dzɑt4/dzɑt4	
囏	qan1/kɯan1	
囐	dzɑt4/dzɑt4	
囑	tɕuk4/tʃɨuk4	
囗	ɰwi1/ɨui1	
囚	zʲɨw1/ziu̯1	
四	si3/si3	
回	ʁwɑj1/ɦuoi1	
囟	sʲin3/sin3	
因	ʔʲin1/ʔin1	
囤	dwɨn3/dun3	
囦	ʔʲwɛn1/ʔyen1	
囧	kˠwɛŋ2/kʉeŋ2	
囩	ɰun1/ɨun1	
囪	tsʰɨwŋ1/tsʰuŋ1	
囪	tʂʰawŋ1/tʂʰɯaŋ1	
园	ɴwɑn1/ŋuon1	
囮	ɴwɑ1/ŋuɔ1	
囮	jɨw1/jiu̯1	
困	qʰwɨn3/kʰun3	
囷	kˠʰun1/kʰɨun1	
囹	lʲɛŋ1/lieŋ1	
固	qu3/ku3	
囿	ɰɨw3/ɨu̯3	
囿	ɰɨwk4/ɨuk4	
圁	ŋˠin1/ŋɨn1	
圂	ʁwɨn3/ɦun3	
圃	pu2/pu2	
圃	pu3/pu3	
圄	ŋˠɨ2/ŋɨ̯u2	
圅	ʁɑm1/ɦɑm1	
圈	ɡˠwɛn3/ɡʉon3	
圉	ŋˠɨ2/ŋɨ̯u2	
圊	tsʲʰɛŋ1/tsʰieŋ1	
國	qwɨk4/kuək4	
圌	ʑwi1/dʒyi̯1	
圌	ʑwɛn1/dʒyen1	
圍	ɰwi1/ɨui1	
圍	ɰwi3/ɨui3	
園	ɰwɛn1/ʉon1	
圓	ɰwɛn1/ʉon1	
圔	ʔap4/ʔɯap4	
圖	du1/du1	
團	dwɑn1/duon1	
圛	jɛk4/jiek4	
圜	ʁwan1/ɦuan1	
圜	ɰwɛn1/ʉon1	
圝	lwɑn1/luon1	
土	tʰu2/tʰu2	
土	du3/du3	
圠	ʔat4/ʔɯat4	
圢	tʲʰɛn2/tʰien2	
圢	tʲʰɛŋ2/tʰieŋ2	
圣	qʰwɨt4/kʰut4	
圤	pʰawk4/pʰuak4	
在	dzɑj3/dzɑi3	
圪	ŋˠit4/ŋɨt4	
圬	ʔu1/ʔu1	
圭	kʲwɛj1/kyei1	
圮	bˠi3/bɨi̯3	
圯	ji1/ji1	
地	dʲi3/di3	
圱	tsʲʰɛn1/tsʰien1	
圻	ɡˠi1/ɡɨi̯1	
圻	ŋˠin1/ŋɨn1	
圻	ɴɨn1/ŋən1	
圼	nʲɛt4/niet4	
圿	qat4/kɯat4	
址	tɕi2/tʃi2	
坁	tɕi2/tʃi2	
坂	fɛn2/pfuɐn2	
坄	dɨw1/dəu1	
坄	jwɛk4/jyek4	
坅	kˠʰim2/kʰɨm2	
均	kʲwin1/kyn1	
坉	dwɨn1/dun1	
坉	dwɨn3/dun3	
坊	vɑŋ1/bvuɔŋ1	
坊	fɑŋ1/pfuɔŋ1	
坌	vun3/bvun3	
坌	bɨn3/bun3	
坎	qʰɑm2/kʰɑm2	
坐	dzwɑ3/dzuɔ3	
坑	qʰɛŋ1/kʰɯɛŋ1	
坒	bʲi3/bi3	
坒	bʲit4/bit4	
坡	pʰɑ1/pʰuɔ1	
坢	pʰɑn2/pʰuon2	
坣	dɑŋ1/dɑŋ1	
坤	qʰwɨn1/kʰun1	
坥	tsʲʰɨ1/tsʰɨ̯u1	
坥	tsʲʰɨ3/tsʰɨ̯u3	
坦	tʰɑn2/tʰɑn2	
坩	qʰɑm1/kʰɑm1	
坪	bˠɛŋ1/bɨeŋ1	
坪	bˠɛŋ3/bɨeŋ3	
坫	ʈˠim1/ʈim1	
坫	tʲɛm3/tiem3	
坬	qwa3/kua3	
坭	nʲɛj2/niei2	
坯	pʰɑj1/pʰuoi1	
坰	kʲwɛŋ1/kyeŋ1	
坱	ʔɑŋ2/ʔɑŋ2	
坲	vut4/bvut4	
坳	ʔaw1/ʔɯau1	
坴	lˠɨwk4/ɭɨuk4	
坷	qʰɑ2/kʰɑ2	
坷	qʰɑ3/kʰɑ3	
坹	xʲwɛt4/hyet4	
坹	ɣʲwɛt4/ɦyet4	
坺	vɛt4/bvuɐt4	
坺	bɑt4/buot4	
坻	ɖˠi1/ɖi1	
坻	tɕi2/tʃi2	
坻	tʲɛj2/tiei2	
坼	ʈʰɛk4/ʈʰɯɛk4	
坿	vu1/bvu1	
坿	vu3/bvu3	
垂	ʑwi1/dʒyi̯1	
型	ɣʲɛŋ1/ɦieŋ1	
垍	ɡˠi3/ɡɨi̯3	
垎	ʁɛk4/ɦɯɛk4	
垐	dzi1/dzi1	
垐	dzʲɨk4/dzik4	
垑	tɕʰi2/tʃʰi2	
垒	lˠwi2/ɭyi̯2	
垒	lˠwi3/ɭyi̯3	
垓	qɑj1/kɑi1	
垔	ʔʲin1/ʔin1	
垕	ʁɨw3/ɦəu3	
垗	ɖˠɛw3/ɖieu3	
垘	bɨk4/buək4	
垙	qwɑŋ1/kuɔŋ1	
垚	ŋʲɛw1/ŋieu1	
垛	dwɑ3/duɔ3	
垝	kˠwi2/kɨui2	
垝	kˠwi3/kɨui3	
垠	ŋˠin1/ŋɨn1	
垠	ɴɨn1/ŋən1	
垡	vɛt4/bvuɐt4	
垢	qɨw2/kəu2	
垣	ɰwɛn1/ʉon1	
垤	dʲɛt4/diet4	
垶	sʲwɛŋ1/syeŋ1	
垷	kʲɛn2/kien2	
垷	ɣʲɛn3/ɦien3	
垸	ʁwɑn1/ɦuon1	
垸	ʁwɑn3/ɦuon3	
垹	pawŋ1/puaŋ1	
垻	pa3/pua3	
垼	jwɛk4/jyek4	
垽	ŋˠin3/ŋɨn3	
垾	ʁɑn3/ɦɑn3	
埂	qɛŋ1/kɯɛŋ1	
埂	qɛŋ2/kɯɛŋ2	
埃	ʔɑj1/ʔɑi1	
埆	qʰawk4/kʰɯak4	
埇	juŋ2/jɨuŋ2	
埈	sʲwin3/syn3	
埋	maj1/muai1	
埌	lɑŋ3/lɑŋ3	
埍	ɣʲwɛn3/ɦyen3	
埍	kʲwɛn2/kyen2	
城	ʑɛŋ1/dʒieŋ1	
埏	jɛn1/jien1	
埏	ɕɛn1/ʃien1	
埐	tsʲim1/tsim1	
埐	dzʲim1/dzim1	
埒	lˠwɛt4/ɭyet4	
埝	tʲɛm3/tiem3	
埝	nʲɛp4/niep4	
域	ɰwɨk4/ʉik4	
埢	kˠwɛn2/kʉon2	
埤	bʲi1/bi1	
埧	ɡˠu3/ɡɨ̯u3	
埩	dʐɛŋ1/dʐɯɛŋ1	
埩	tʂɛŋ1/tʂɯɛŋ1	
埪	qʰɨwŋ1/kʰuŋ1	
埫	ʈˠʰuŋ2/ʈʰɨuŋ2	
埬	tɨwŋ1/tuŋ1	
埭	dɑj3/dɑi3	
埯	ʔɑm2/ʔɑm2	
埯	ʔˠɛm2/ʔɨem2	
埰	tsʰɑj3/tsʰɑi3	
埱	tɕʰɨwk4/tʃʰɨuk4	
埲	bɨwŋ3/buŋ3	
埳	qʰɑm2/kʰɑm2	
埴	tɕʰi3/tʃʰi3	
埴	ʑɨk4/ʒik4	
埵	twɑ2/tuɔ2	
埶	ŋʲɛj3/ŋiei3	
執	tɕip4/tʃip4	
埸	jɛk4/jiek4	
培	bɑj1/buoi1	
培	bɨw3/buəu3	
基	kˠi1/kɨi̯1	
埻	tɕwin2/tʃyn2	
埻	qwɑk4/kuɔk4	
埻	qwɛk4/kuɛk4	
埽	sɑw2/sɑu2	
埽	sɑw3/sɑu3	
埾	dzʲu3/dzɨ̯u3	
埿	nʲɛj1/niei1	
埿	nʲɛj3/niei3	
埿	bam3/buam3	
堀	ɡˠut4/ɡɨut4	
堀	qʰwɨt4/kʰut4	
堁	qʰwɑ2/kʰuɔ2	
堁	qʰwɑj3/kʰuoi3	
堁	qʰwɑ3/kʰuɔ3	
堂	dɑŋ1/dɑŋ1	
堄	ŋʲɛj2/ŋiei2	
堄	ŋʲɛj3/ŋiei3	
堅	kʲɛn1/kien1	
堆	twɑj1/tuoi1	
堇	ɡˠin1/ɡɨn1	
堇	kˠin2/kɨn2	
堈	qɑŋ1/kɑŋ1	
堉	jɨwk4/jɨuk4	
堊	ʔɑk4/ʔɑk4	
堋	bɨŋ1/buəŋ1	
堋	pʰɨŋ1/pʰuəŋ1	
堋	pɨŋ3/puəŋ3	
堖	nɑw2/nɑu2	
堗	dwɨt4/dut4	
堙	ʔʲin1/ʔin1	
堛	pˠʰɨk4/pʰɨk4	
堜	lʲɛn3/lien3	
堝	qwɑ1/kuɔ1	
堞	dʲɛp4/diep4	
堟	ɖˠwɛn3/ɖyen3	
堠	ʁɨw3/ɦəu3	
堡	pɑw2/puɔu2	
堢	pɑw2/puɔu2	
堣	ŋˠu1/ŋɨ̯u1	
堤	ʑi1/dʒi1	
堤	tʲɛj1/tiei1	
堤	tʲɛj2/tiei2	
堥	mɑw1/muɔu1	
堥	mɨw1/mvuəu1	
堦	qaj1/kɯai1	
堧	ɲwɛn1/ɲʒyen1	
堧	nwɑ3/nuɔ3	
堨	ʔɑt4/ʔɑt4	
堩	qɨŋ3/kəŋ3	
堪	qʰɑm1/kʰɑm1	
堫	tsɨwŋ1/tsuŋ1	
堫	tʂʰawŋ1/tʂʰɯaŋ1	
堬	ju1/jɨ̯u1	
堭	ʁwɑŋ1/ɦuɔŋ1	
堮	ɴɑk4/ŋɑk4	
堯	ŋʲɛw1/ŋieu1	
堰	ʔˠɛn2/ʔɨen2	
堰	ʔˠɛn3/ʔɨen3	
報	pɑw3/puɔu3	
堲	tsʲit4/tsit4	
堲	tsʲɨk4/tsik4	
堲	dzʲɨk4/dzik4	
場	ɖˠɑŋ1/ɖɨɔŋ1	
堵	tu2/tu2	
堵	tɕa2/tʃia2	
堶	dwɑ1/duɔ1	
堸	vuŋ1/bvuŋ1	
堹	ʈˠuŋ3/ʈɨuŋ3	
塈	ɡˠi3/ɡɨi̯3	
塈	xˠi3/hɨi̯3	
塉	dzʲɛk4/dziek4	
塊	qʰwɑj3/kʰuoi3	
塋	jwɛŋ1/jyeŋ1	
塍	ʑɨŋ1/dʒiŋ1	
塎	juŋ2/jɨuŋ2	
塏	qʰɑj2/kʰɑi2	
塐	su3/su3	
塑	su3/su3	
塒	ʑi1/dʒi1	
塓	mʲɛk4/miek4	
塔	tʰɑp4/tʰɑp4	
塕	ʔɨwŋ2/ʔuŋ2	
塖	ʑɨŋ1/dʒiŋ1	
塗	du1/du1	
塗	ɖa1/ɖɯa1	
塘	dɑŋ1/dɑŋ1	
塙	qʰawk4/kʰɯak4	
塚	ʈˠuŋ2/ʈɨuŋ2	
塛	lˠit4/ɭit4	
塞	sɑj3/sɑi3	
塞	sɨk4/sək4	
塠	twɑj1/tuoi1	
塢	ʔu2/ʔu2	
塣	ɖˠɛŋ3/ɖieŋ3	
塤	xˠwɛn1/hʉon1	
塩	jɛm1/jiem1	
填	ʈˠin1/ʈin1	
填	dʲɛn1/dien1	
填	ʈˠin3/ʈin3	
填	dʲɛn3/dien3	
塯	lˠɨw3/ɭiu̯3	
塲	ɕɑŋ1/ʃɨɔŋ1	
塵	ɖˠin1/ɖin1	
塸	ʔɨw2/ʔəu2	
塹	tsʲʰɛm3/tsʰiem3	
塺	mɑj1/muoi1	
塺	mɑ3/muɔ3	
塻	mɑk4/muɔk4	
塽	ʂɑŋ2/ʂʅɔŋ2	
塾	ʑɨwk4/ʒɨuk4	
塿	lɨw2/ləu2	
墀	ɖˠi1/ɖi1	
墁	mɑn1/muon1	
墁	mɑn3/muon3	
境	kˠɛŋ2/kɨeŋ2	
墄	tsʰɨk4/tsʰək4	
墅	ʑɨ3/ʒɨ̯u3	
墆	dʲɛj3/diei3	
墆	dʲɛt4/diet4	
墇	tɕɑŋ1/tʃɨɔŋ1	
墇	tɕɑŋ3/tʃɨɔŋ3	
墉	juŋ1/jɨuŋ1	
墊	tʲɛm3/tiem3	
墊	dʲɛp4/diep4	
墋	tʂʰim2/tʂʰʅᵊm2	
墌	tɕɛk4/tʃiek4	
墐	ɡˠin1/ɡɨn1	
墐	ɡˠin3/ɡɨn3	
墓	mu3/mu3	
墜	ɖˠwi3/ɖyi̯3	
墝	qʰaw1/kʰɯau1	
增	tsɨŋ1/tsəŋ1	
增	tsɨŋ3/tsəŋ3	
墟	kˠʰɨ1/kʰɨ̯u1	
墠	ʑɛn3/ʒien3	
墡	ʑɛn3/ʒien3	
墣	pʰɨwk4/pʰuk4	
墣	pʰawk4/pʰuak4	
墤	dwɑj1/duoi1	
墤	qʰwaj3/kʰuai3	
墦	vɛn1/bvuɐn1	
墨	mɨk4/muək4	
墩	twɨn1/tun1	
墬	dʲi3/di3	
墭	ʑɛŋ3/ʒieŋ3	
墮	xʲwi1/hyi̯1	
墮	dwɑ3/duɔ3	
墮	tʰwɑ2/tʰuɔ2	
墲	ɱu1/mvu1	
墲	mu1/mu1	
墲	pʰu1/pʰu1	
墳	vun1/bvun1	
墳	vun3/bvun3	
墺	ʔɑw3/ʔɑu3	
墺	ʔˠɨwk4/ʔɨuk4	
墻	dzʲɑŋ1/dzɨɔŋ1	
墼	kʲɛk4/kiek4	
墽	kʲʰɛw1/kʰieu1	
墾	qʰɨn2/kʰən2	
墿	jɛk4/jiek4	
壁	pʲɛk4/piek4	
壂	dʲɛn3/dien3	
壃	kˠɑŋ1/kɨɔŋ1	
壅	ʔˠuŋ1/ʔɨuŋ1	
壅	ʔˠuŋ2/ʔɨuŋ2	
壅	ʔˠuŋ3/ʔɨuŋ3	
壇	dɑn1/dɑn1	
壈	lɑm2/lɑm2	
壍	tsʲʰɛm3/tsʰiem3	
壎	xˠwɛn1/hʉon1	
壏	χɑm2/hɑm2	
壏	ʁam3/ɦɯam3	
壐	si2/si2	
壑	χɑk4/hɑk4	
壒	ʔɑj3/ʔɑi3	
壓	ʔap4/ʔɯap4	
壔	tɑw2/tɑu2	
壕	ʁɑw1/ɦɑu1	
壘	lˠwi2/ɭyi̯2	
壙	qʰwɑŋ3/kʰuɔŋ3	
壚	lu1/lu1	
壛	jɛm1/jiem1	
壜	dɑm1/dɑm1	
壝	jwi1/jyi̯1	
壝	jwi2/jyi̯2	
壞	qwaj3/kuai3	
壞	ʁwaj3/ɦuai3	
壠	lˠuŋ2/ɭɨuŋ2	
壣	lˠin1/ɭin1	
壤	ɲɑŋ2/ɲʒɨɔŋ2	
士	dʐi3/dʐʅi̯3	
壬	ɲim1/ɲʒim1	
壯	tʂɑŋ3/tʂʅɔŋ3	
壴	ʈˠu3/ʈɨ̯u3	
壹	ʔʲit4/ʔit4	
壺	ʁu1/ɦu1	
壻	sʲɛj3/siei3	
壼	qʰwɨn2/kʰun2	
壽	ʑɨw3/ʒiu̯3	
壾	mɑŋ2/muɔŋ2	
壿	tsʲʰwin1/tsʰyn1	
夂	ʈˠi2/ʈi2	
夃	qu2/ku2	
夅	ʁawŋ1/ɦɯaŋ1	
夆	vuŋ1/bvuŋ1	
夊	tʂʰwi1/tʂʰʯᵊi1	
夊	sʲwi1/syi̯1	
夋	tsʲʰwin1/tsʰyn1	
夌	lˠɨŋ1/ɭiŋ1	
复	vuk4/bvuk4	
夎	tswɑj3/tsuoi3	
夎	tswɑ3/tsuɔ3	
夏	ʁa3/ɦɯa3	
夔	ɡˠwi1/ɡɨui1	
夕	zʲɛk4/ziek4	
外	ɴwɑj3/ŋuoi3	
夗	ʔˠwɛn2/ʔʉon2	
夙	sʲɨwk4/sɨuk4	
多	tɑ1/tɑ1	
夜	ja3/jia3	
夝	dzʲɛŋ1/dzieŋ1	
夠	qʰɨw1/kʰəu1	
夠	qɨw1/kəu1	
夡	kʲʰi3/kʰi3	
夢	mɨwŋ1/mvuŋ1	
夢	mɨwŋ3/mvuŋ3	
夤	jin1/jin1	
夥	ʁwaj3/ɦuai3	
夥	ʁwɑ3/ɦuɔ3	
大	dɑj3/dɑi3	
大	dɑ3/dɑ3	
夨	lʲɛt4/liet4	
夨	tʂɨk4/tʂʅᵊk4	
天	tʲʰɛn1/tʰien1	
太	tʰɑj3/tʰɑi3	
夫	vu1/bvu1	
夫	fu1/pfu1	
夬	qwaj3/kuai3	
夭	ʔˠɛw1/ʔɨeu1	
夭	ʔˠɛw2/ʔɨeu2	
夭	ʔɑw2/ʔɑu2	
央	ʔˠɑŋ1/ʔɨɔŋ1	
夰	ʁɑw3/ɦɑu3	
夰	qɑw2/kɑu2	
失	ɕit4/ʃit4	
夲	tʰɑw1/tʰɑu1	
夵	jɛm2/jiem2	
夷	ji1/ji1	
夸	qʰwa1/kʰua1	
夽	ŋˠun2/ŋɨun2	
夾	qap4/kɯap4	
奃	tʲɛj1/tiei1	
奄	ʔˠɛm2/ʔɨem2	
奅	pʰaw3/pʰuau3	
奇	ɡˠi1/ɡɨi̯1	
奇	kˠi1/kɨi̯1	
奈	nɑj3/nɑi3	
奈	nɑ3/nɑ3	
奉	vuŋ3/bvuŋ3	
奊	ɣʲɛt4/ɦiet4	
奎	kʲʰwɛj1/kʰyei1	
奏	tsɨw3/tsəu3	
奐	χwɑn3/huon3	
契	kʲʰɛj3/kʰiei3	
契	kˠʰit4/kʰɨt4	
契	kʲʰɛt4/kʰiet4	
奒	qʰɑj1/kʰɑi1	
奓	ʈa1/ʈɯa1	
奓	ʈa3/ʈɯa3	
奔	pɨn1/pun1	
奔	pɨn3/pun3	
奕	jɛk4/jiek4	
套	tʰɑw2/tʰɑu2	
奘	dzɑŋ3/dzɑŋ3	
奚	ɣʲɛj1/ɦiei1	
奜	fʰi2/pfʰi2	
奝	tʲɛw1/tieu1	
奞	sʲwi1/syi̯1	
奞	sʲɛw1/sieu1	
奞	sʲin3/sin3	
奞	sʲwin3/syn3	
奠	dʲɛn3/dien3	
奠	tʲɛŋ3/tieŋ3	
奡	ɴɑw3/ŋɑu3	
奢	ɕa1/ʃia1	
奣	ʔwɛŋ2/ʔuɛŋ2	
奤	pʰɑk4/pʰuɔk4	
奧	ʔɑw3/ʔɑu3	
奪	dwɑt4/duot4	
奫	ʔˠun1/ʔɨun1	
奭	ɕɛk4/ʃiek4	
奮	fun3/pfun3	
奯	χwɑt4/huot4	
奰	bˠi3/bɨi̯3	
奲	tɕʰa2/tʃʰia2	
女	ɳˠɨ2/ɳɨ̯u2	
女	ɳˠɨ3/ɳɨ̯u3	
奴	nu1/nu1	
奵	tʲɛŋ2/tieŋ2	
奸	qɑn1/kɑn1	
奻	ɳwan1/ɳuan1	
奻	ɳwan3/ɳuan3	
奼	ʈʰa2/ʈʰɯa2	
奼	tu3/tu3	
奼	ʈa3/ʈɯa3	
好	χɑw2/hɑu2	
好	χɑw3/hɑu3	
奿	fʰɛn3/pfʰuɐn3	
妀	kˠi2/kɨi̯2	
妁	tɕɑk4/tʃɨɔk4	
妁	ʑɑk4/ʒɨɔk4	
如	ɲɨ1/ɲʒɨ̯u1	
如	ɲɨ3/ɲʒɨ̯u3	
妃	fʰi1/pfʰi1	
妃	pʰɑj3/pʰuoi3	
妄	ɱɑŋ3/mvuɔŋ3	
妉	tɑm1/tɑm1	
妊	ɲim3/ɲʒim3	
妋	fu1/pfu1	
妋	ʔˠɨw1/ʔɨu̯1	
妌	dzʲɛŋ3/dzieŋ3	
妍	ŋʲɛn1/ŋien1	
妎	ɣʲɛj3/ɦiei3	
妎	ʁɑj3/ɦɑi3	
妐	tɕuŋ1/tʃɨuŋ1	
妑	pʰa1/pʰua1	
妒	tu3/tu3	
妓	kˠi1/kɨi̯1	
妓	ɡˠi3/ɡɨi̯3	
妖	ʔˠɛw1/ʔɨeu1	
妗	tɕʰɛm1/tʃʰiem1	
妗	xʲɛm1/hiem1	
妗	χam1/hɯam1	
妘	ɰun1/ɨun1	
妙	mʲɛw3/mieu3	
妛	tɕʰi1/tʃʰi1	
妜	ʔʲwɛt4/ʔyet4	
妝	tʂɑŋ1/tʂʅɔŋ1	
妠	nɑm3/nɑm3	
妠	ɳwat4/ɳuat4	
妠	nɑp4/nɑp4	
妢	vun1/bvun1	
妣	pʲi2/pi2	
妤	jɨ1/jɨ̯u1	
妥	tʰwɑ2/tʰuɔ2	
妦	fʰuŋ1/pfʰuŋ1	
妧	ɴwɑn3/ŋuon3	
妨	fʰɑŋ1/pfʰuɔŋ1	
妨	fʰɑŋ3/pfʰuɔŋ3	
妬	tu3/tu3	
妭	bɑt4/buot4	
妯	ʈˠʰɨw1/ʈʰiu̯1	
妯	ɖˠɨwk4/ɖɨuk4	
妲	tɑt4/tɑt4	
妵	tʰɨw2/tʰəu2	
妷	ɖˠit4/ɖit4	
妸	ʔɑ1/ʔɑ1	
妸	ʔɑ2/ʔɑ2	
妹	mɑj3/muoi3	
妺	mɑt4/muot4	
妻	tsʲʰɛj1/tsʰiei1	
妻	tsʲʰɛj3/tsʰiei3	
妼	bʲit4/bit4	
妾	tsʲʰɛp4/tsʰiep4	
妿	qɑ1/kɑ1	
妿	ʔɑ1/ʔɑ1	
姁	xˠu1/hɨ̯u1	
姁	ɡˠu1/ɡɨ̯u1	
姁	xˠu2/hɨ̯u2	
姁	xˠu3/hɨ̯u3	
姂	fʰɛm3/pfʰuɐm3	
姂	vɛp4/bvuɐp4	
姂	kˠʰɛp4/kʰɨep4	
姅	pɑn3/puon3	
姅	pʰɑn3/pʰuon3	
姆	mɨw3/muəu3	
姇	fʰu1/pfʰu1	
姈	lʲɛŋ1/lieŋ1	
姊	tsi2/tsi2	
始	ɕi2/ʃi2	
姌	ɲɛm2/ɲʒiem2	
姌	nʲɛm2/niem2	
姍	sɑn1/sɑn1	
姎	ʔɑŋ1/ʔɑŋ1	
姎	ʔɑŋ2/ʔɑŋ2	
姏	mɑm1/muɔm1	
姐	tsʲa2/tsia2	
姑	qu1/ku1	
姒	zi3/zi3	
姓	sʲɛŋ3/sieŋ3	
委	ʔˠwi1/ʔɨui1	
委	ʔˠwi2/ʔɨui2	
姕	tsi1/tsi1	
姕	tsʰi1/tsʰi1	
姘	pʰɛŋ1/pʰuɛŋ1	
姘	pʲʰɛŋ1/pʰieŋ1	
姚	jɛw1/jieu1	
姛	dɨwŋ3/duŋ3	
姜	kˠɑŋ1/kɨɔŋ1	
姝	tɕʰu1/tʃʰɨ̯u1	
姞	ɡˠit4/ɡɨt4	
姟	qɑj1/kɑi1	
姡	ʁwɑt4/ɦuot4	
姡	ʁwat4/ɦuat4	
姣	ʁaw1/ɦɯau1	
姣	qaw2/kɯau2	
姤	qɨw3/kəu3	
姥	mu2/mu2	
姦	qan1/kɯan1	
姨	ji1/ji1	
姪	ɖˠit4/ɖit4	
姪	dʲɛt4/diet4	
姬	ji1/ji1	
姬	kˠi1/kɨi̯1	
姭	xˠɛm3/hɨem3	
姰	sʲwin1/syn1	
姰	ɣʲwɛn3/ɦyen3	
姱	qʰwa1/kʰua1	
姳	mʲɛŋ2/mieŋ2	
姴	lˠɛt4/ɭiet4	
姶	ʔɑp4/ʔɑp4	
姷	ɰɨw3/ɨu̯3	
姺	ʂin1/ʂʅᵊn1	
姺	sʲɛn2/sien2	
姻	ʔʲin1/ʔin1	
姼	ʑi1/dʒi1	
姼	ʑi3/ʒi3	
姼	tɕʰi2/tʃʰi2	
姽	kˠwi2/kɨui2	
姽	ŋˠwi2/ŋɨui2	
姿	tsi1/tsi1	
娀	sʲɨwŋ1/sɨuŋ1	
威	ʔˠwi1/ʔɨui1	
娃	ʔa1/ʔɯa1	
娃	ʔaj1/ʔɯai1	老
娉	pʲʰɛŋ3/pʰieŋ3	
娋	ʂaw1/ʂɯau1	
娋	ʂaw3/ʂɯau3	
娌	lˠi2/ɭi2	
娎	ɖˠɛt4/ɖiet4	
娎	xˠɛt4/hɨet4	
娏	mawŋ1/muaŋ1	
娑	sɑ1/sɑ1	
娑	sɑ2/sɑ2	
娓	ɱi2/mvi2	
娓	mˠi3/mɨi̯3	
娕	tʂʰawk4/tʂʰɯak4	
娖	tʂʰawk4/tʂʰɯak4	
娗	dʲɛŋ1/dieŋ1	
娗	dʲɛŋ3/dieŋ3	
娘	ɳˠɑŋ1/ɳɨɔŋ1	
娙	ɴɛŋ1/ŋɯɛŋ1	
娙	ɣʲɛŋ1/ɦieŋ1	
娛	ŋˠu1/ŋɨ̯u1	
娛	ɴu3/ŋu3	
娜	nɑ2/nɑ2	
娝	pˠi2/pɨi̯2	
娞	nwɑj2/nuoi2	
娟	ʔʲwɛn1/ʔyen1	
娠	ɕin1/ʃin1	
娠	tɕin3/tʃin3	
娡	tɕi3/tʃi3	
娣	dʲɛj3/diei3	
娥	ɴɑ1/ŋɑ1	
娧	tʰwɑj3/tʰuoi3	
娧	jwɛt4/jyet4	
娨	ʁan3/ɦɯan3	
娩	ɱɛn2/mvuɐn2	
娩	mˠɛn2/mɨen2	
娩	ɱun3/mvun3	
娩	ɱɛn3/mvuɐn3	
娪	ɴu1/ŋu1	
娬	ɱu2/mvu2	
娭	xˠi1/hɨi̯1	
娵	tsʲu1/tsɨ̯u1	
娶	sʲu1/sɨ̯u1	
娶	tsʲʰu3/tsʰɨ̯u3	
娷	ʈˠwi3/ʈyi̯3	
娸	kˠʰi1/kʰɨi̯1	
娺	ʈˠwi1/ʈyi̯1	
娺	ʈwat4/ʈuat4	
娽	lɨwk4/luk4	
娽	lˠuk4/ɭɨuk4	
娾	ɴaj1/ŋɯai1	
娾	ɴaj2/ŋɯai2	
娿	ʔɑ1/ʔɑ1	
娿	ʔɑ2/ʔɑ2	
婁	lˠu1/ɭɨ̯u1	
婁	lɨw1/ləu1	
婄	bɑj1/buoi1	
婄	bɨw3/buəu3	
婄	pʰɨw2/pʰuəu2	
婆	bɑ1/buɔ1	
婉	ʔˠwɛn2/ʔʉon2	
婌	ʑɨwk4/ʒɨuk4	
婍	kˠʰi2/kʰɨi̯2	
婎	xʲwi1/hyi̯1	
婎	xʲwi3/hyi̯3	
婏	fʰu3/pfʰu3	
婏	fʰɛn3/pfʰuɐn3	
婐	qwa1/kua1	
婐	ʔwɑ2/ʔuɔ2	
婓	fʰi1/pfʰi1	
婕	tsʲɛp4/tsiep4	
婗	ŋʲɛj1/ŋiei1	
婘	ɡˠwɛn1/ɡʉon1	
婚	χwɨn1/hun1	
婞	ɣʲɛŋ3/ɦieŋ3	
婟	ʁu3/ɦu3	
婠	ʔwɑn1/ʔuon1	
婠	qwɑn3/kuon3	
婠	ʔwat4/ʔuat4	
婢	bʲi3/bi3	
婣	ʔʲin1/ʔin1	
婤	ʈˠʰɨw1/ʈʰiu̯1	
婤	tɕɨw1/tʃiu̯1	
婥	tɕʰɑk4/tʃʰɨɔk4	
婦	vu3/bvu3	
婦	vɨw3/bvuəu3	老
婧	tsʲɛŋ1/tsieŋ1	
婧	dzʲɛŋ3/dzieŋ3	
婪	lɑm1/lɑm1	
婬	jim1/jim1	
婭	ʔa3/ʔɯa3	
婱	ɣʲɛn1/ɦien1	
婸	dɑŋ3/dɑŋ3	
婹	ʔʲɛw2/ʔieu2	
婺	ɱu3/mvu3	
婼	ɲi1/ɲʒi1	
婼	ɲa1/ɲʒia1	
婼	ʈˠʰɑk4/ʈʰɨɔk4	
婽	qa2/kɯa2	
媀	ŋˠu3/ŋɨ̯u3	
媁	ʔˠwi1/ʔɨui1	
媁	ɰwi2/ɨui2	
媄	mˠi2/mɨi̯2	
媅	tɑm1/tɑm1	
媆	nwɨn3/nun3	
媉	ʔawk4/ʔɯak4	
媊	tsi1/tsi1	
媊	tsʲɛn2/tsien2	
媌	maw1/muau1	
媌	maw2/muau2	
媐	ji1/ji1	
媐	xˠi1/hɨi̯1	
媒	mɑj1/muoi1	
媓	ʁwɑŋ1/ɦuɔŋ1	
媕	ʔɑm1/ʔɑm1	
媕	ʔˠɛm2/ʔɨem2	
媕	ʔɑp4/ʔɑp4	
媖	ʔˠɛŋ1/ʔɨeŋ1	
媚	mˠi3/mɨi̯3	
媛	ɰwɛn1/ʉon1	
媛	ɰwɛn3/ʉon3	
媞	dʲɛj1/diei1	
媞	ʑi3/ʒi3	
媞	dʲɛj3/diei3	
媟	sʲɛt4/siet4	
媠	dwɑ3/duɔ3	
媢	mɑw2/muɔu2	
媢	mʲi3/mi3	
媢	mɑw3/muɔu3	
媢	mɨwk4/muk4	
媣	qɑm1/kɑm1	
媣	ɲɛm2/ɲʒiem2	
媥	pʲʰɛn1/pʰien1	
媦	ɰwi3/ɨui3	
媧	qwa1/kua1	
媧	qwaj1/kuai1	老
媨	tsʲɨw3/tsiu̯3	
媮	ju1/jɨ̯u1	
媮	tʰɨw1/tʰəu1	
媰	dʐu1/dʐʅu1	
媱	jɛw1/jieu1	
媲	pʲʰɛj3/pʰiei3	
媵	jɨŋ3/jiŋ3	
媵	ʑɨŋ3/ʒiŋ3	
媷	ɲuk4/ɲʒɨuk4	
媸	tɕʰi1/tʃʰi1	
媺	mˠi2/mɨi̯2	
媻	bɑn1/buon1	
媻	bɑ1/buɔ1	
媼	ʔɑw2/ʔɑu2	
媽	mu2/mu2	
媾	qɨw3/kəu3	
媿	kˠwi3/kɨui3	
嫁	qa3/kɯa3	
嫂	sɑw2/sɑu2	
嫄	ŋˠwɛn1/ŋʉon1	
嫇	mɛŋ1/muɛŋ1	
嫇	mʲɛŋ1/mieŋ1	
嫇	mʲɛŋ2/mieŋ2	
嫈	ʔɛŋ1/ʔɯɛŋ1	
嫈	ʔʲwɛŋ1/ʔyeŋ1	
嫈	ʔɛŋ3/ʔɯɛŋ3	
嫉	dzi3/dzi3	
嫉	dzʲit4/dzit4	
嫋	nʲɛw2/nieu2	
嫌	ɣʲɛm1/ɦiem1	
嫕	ʔʲɛj3/ʔiei3	
嫖	pʲʰɛw1/pʰieu1	
嫖	pʲʰɛw3/pʰieu3	
嫗	ʔˠu3/ʔɨ̯u3	
嫙	zʲwɛn1/zyen1	
嫙	zʲwɛn3/zyen3	
嫚	man3/muan3	
嫛	ʔʲɛj1/ʔiei1	
嫠	lˠi1/ɭi1	
嫡	ʈɛk4/ʈɯɛk4	
嫡	tʲɛk4/tiek4	
嫢	tsʲwi1/tsyi̯1	
嫢	ɡʲwi3/ɡyi̯3	
嫢	ɣʲɛn3/ɦien3	
嫣	xˠɛn1/hɨen1	
嫣	ʔˠɛn1/ʔɨen1	
嫣	ʔˠɛn2/ʔɨen2	
嫣	ʔˠɛn3/ʔɨen3	
嫥	tɕwɛn1/tʃyen1	
嫧	tʂɛk4/tʂɯɛk4	
嫧	tʂʰɛk4/tʂʰɯɛk4	
嫧	tsʲʰɛk4/tsʰiek4	
嫩	nwɨn3/nun3	
嫪	lɑw1/lɑu1	
嫪	lɑw3/lɑu3	
嫫	mu1/mu1	
嫭	ʁu3/ɦu3	
嫯	ɴɑw1/ŋɑu1	
嫯	ɴɑw3/ŋɑu3	
嫳	pʲʰɛt4/pʰiet4	
嫴	qu1/ku1	
嫵	ɱu2/mvu2	
嫷	dwɑ3/duɔ3	
嫷	tʰwɑ2/tʰuɔ2	
嫷	tʰwɑ3/tʰuɔ3	
嫸	tɕɛn2/tʃien2	
嫺	ʁan1/ɦɯan1	
嫼	ʔat4/ʔɯat4	
嫽	lʲɛw1/lieu1	
嫽	lˠɛw2/ɭieu2	
嫽	lʲɛw3/lieu3	
嫿	ʁwɛk4/ɦuɛk4	
嬀	kˠwi1/kɨui1	
嬃	sʲu1/sɨ̯u1	
嬆	xˠip4/hɨp4	
嬇	qʰwaj3/kʰuai3	
嬇	ʁwɑj3/ɦuoi3	
嬈	nʲɛw2/nieu2	
嬈	ɲɛw2/ɲʒieu2	
嬈	xʲɛw3/hieu3	
嬉	xˠi1/hɨi̯1	
嬉	xˠi3/hɨi̯3	
嬋	ʑɛn1/dʒien1	
嬌	kˠɛw1/kɨeu1	
嬌	ɡˠɛw1/ɡɨeu1	
嬌	kˠɛw2/kɨeu2	
嬎	fʰɛn3/pfʰuɐn3	
嬐	ŋˠɛm2/ŋɨem2	
嬒	ʔwɑj3/ʔuoi3	
嬒	ʔwɑt4/ʔuot4	
嬖	pʲɛj3/piei3	
嬗	tʰɑn1/tʰɑn1	
嬗	tɑn2/tɑn2	
嬗	ʑɛn3/ʒien3	
嬙	dzʲɑŋ1/dzɨɔŋ1	
嬙	ʂɨk4/ʂʅᵊk4	
嬚	lˠɛm2/ɭiem2	
嬛	xʲwɛn1/hyen1	
嬛	ʔʲwɛn1/ʔyen1	
嬛	ɡʲwɛŋ1/ɡyeŋ1	
嬜	xˠim1/hɨm1	
嬜	ʔɑm1/ʔɑm1	
嬜	χɑm1/hɑm1	
嬣	ɳɛŋ1/ɳɯɛŋ1	
嬥	dʲɛw1/dieu1	
嬥	dʲɛw3/dieu3	
嬥	ɖawk4/ɖɯak4	
嬩	jɨ1/jɨ̯u1	
嬪	bʲin1/bin1	
嬬	ɲu1/ɲʒɨ̯u1	
嬭	nʲɛj2/niei2	
嬭	ɳaj2/ɳɯai2	
嬮	ʔʲɛm1/ʔiem1	
嬮	ʔʲɛm3/ʔiem3	
嬮	ʔʲɛp4/ʔiep4	
嬯	dɑj1/dɑi1	
嬰	ʔʲɛŋ1/ʔieŋ1	
嬱	tsʲʰɛm3/tsʰiem3	
嬲	nʲɛw2/nieu2	
嬳	ʔˠwɑk4/ʔʉɔk4	
嬳	ʔwɑk4/ʔuɔk4	
嬴	jɛŋ1/jieŋ1	
嬹	xˠɨŋ1/hɨŋ1	
嬹	xˠɨŋ3/hɨŋ3	
嬻	dɨwk4/duk4	
嬼	lˠɨw2/ɭiu̯2	
嬼	lˠɨw3/ɭiu̯3	
嬾	lɑn2/lɑn2	
嬿	ʔʲɛn2/ʔien2	
嬿	ʔʲɛn3/ʔien3	
孀	ʂɑŋ1/ʂʅɔŋ1	
孁	lʲɛŋ1/lieŋ1	
孂	kˠɛw2/kɨeu2	
孂	kʲɨw2/kiu̯2	
孂	qɨk4/kək4	
孃	ɲɑŋ1/ɲʒɨɔŋ1	
孃	ɳˠɑŋ1/ɳɨɔŋ1	
孅	sʲɛm1/siem1	
孈	ji2/ji2	
孈	jwi2/jyi̯2	
孈	xʲwi3/hyi̯3	
孈	ʁwa3/ɦua3	
孈	ʁwaj3/ɦuai3	老
孉	ɡˠwɛn1/ɡʉon1	
孋	lˠi1/ɭi1	
孌	lˠwɛn2/ɭyen2	
孌	lˠwɛn3/ɭyen3	
孎	ʈˠuk4/ʈɨuk4	
孎	ʈawk4/ʈɯak4	
子	tsi2/tsi2	
孑	kʲɛt4/kiet4	
孒	kˠuŋ2/kɨuŋ2	
孒	kˠut4/kɨut4	
孒	kˠwɛt4/kʉot4	
孔	qʰɨwŋ2/kʰuŋ2	
孕	jɨŋ3/jiŋ3	
孖	tsi1/tsi1	
孖	dzi3/dzi3	
字	dzi3/dzi3	
存	dzwɨn1/dzun1	
孚	fʰu1/pfʰu1	
孛	bɑj3/buoi3	
孛	bɨt4/but4	
孜	tsi1/tsi1	
孝	χaw3/hɯau3	
孟	mɛŋ3/muɛŋ3	
孠	zi3/zi3	
孡	tʰɑj1/tʰɑi1	
季	kʲwi3/kyi̯3	
孤	qu1/ku1	
孥	nu1/nu1	
孨	tɕwɛn2/tʃyen2	
孨	tʂwɛn3/tʂʯen3	
孨	ɳˠip4/ɳip4	
孩	ʁɑj1/ɦɑi1	
孫	swɨn1/sun1	
孮	dzɨwŋ1/dzuŋ1	
孰	ʑɨwk4/ʒɨuk4	
孱	dʐan1/dʐɯan1	
孱	dʐɛn1/dʐʅen1	
孱	dʐan3/dʐɯan3	
孳	tsi1/tsi1	
孳	dzi3/dzi3	
孴	ŋˠi2/ŋɨi̯2	
孴	jip4/jip4	
孵	fʰu1/pfʰu1	
孷	lˠi1/ɭi1	
學	ʁawk4/ɦɯak4	
孺	ɲu3/ɲʒɨ̯u3	
孼	ŋˠɛt4/ŋɨet4	
宀	mʲɛn1/mien1	
宁	ɖˠɨ1/ɖɨ̯u1	
宁	ɖˠɨ3/ɖɨ̯u3	
宂	ɲuŋ2/ɲʒɨuŋ2	
它	tʰɑ1/tʰɑ1	
宄	kˠwi2/kɨui2	
宅	ɖɛk4/ɖɯɛk4	
宇	ɰu2/ɨ̯u2	
守	ɕɨw2/ʃiu̯2	
守	ɕɨw3/ʃiu̯3	
安	ʔɑn1/ʔɑn1	
宋	sɨwŋ3/suŋ3	
完	ʁwɑn1/ɦuon1	
宏	ʁwɛŋ1/ɦuɛŋ1	
宐	ŋˠi1/ŋɨi̯1	
宓	mʲit4/mit4	
宓	mˠit4/mɨt4	
宔	tɕu2/tʃɨ̯u2	
宕	dɑŋ3/dɑŋ3	
宖	ʁwɛŋ1/ɦuɛŋ1	
宖	ʔwɛŋ1/ʔuɛŋ1	
宗	tsɨwŋ1/tsuŋ1	
官	qwɑn1/kuon1	
宙	ɖˠɨw3/ɖiu̯3	
定	dʲɛŋ3/dieŋ3	
定	tʲɛŋ3/tieŋ3	
宛	ʔˠwɛn1/ʔʉon1	
宛	ʔˠwɛn2/ʔʉon2	
宜	ŋˠi1/ŋɨi̯1	
客	qʰɛk4/kʰɯɛk4	
宣	sʲwɛn1/syen1	
室	ɕit4/ʃit4	
宥	ɰɨw3/ɨu̯3	
宦	ʁwan3/ɦuan3	
宧	ji1/ji1	
宬	ʑɛŋ1/dʒieŋ1	
宭	ɡˠun1/ɡɨun1	
宭	kˠun1/kɨun1	
宮	kˠɨwŋ1/kɨuŋ1	
宰	tsɑj2/tsɑi2	
宲	pɑw2/puɔu2	
害	ʁɑj3/ɦɑi3	
宴	ʔʲɛn2/ʔien2	
宴	ʔʲɛn3/ʔien3	
宵	sʲɛw1/sieu1	
家	qa1/kɯa1	
宷	ɕim2/ʃim2	
宸	ʑin1/dʒin1	
容	juŋ1/jɨuŋ1	
宿	sʲɨw3/siu̯3	
宿	sʲɨwk4/sɨuk4	
寀	tsʰɑj2/tsʰɑi2	
寁	tsɑm2/tsɑm2	
寁	dzʲɛp4/dziep4	
寂	dzʲɛk4/dziek4	
寄	kˠi3/kɨi̯3	
寅	ji1/ji1	
寅	jin1/jin1	
密	mˠit4/mɨt4	
寇	qʰɨw3/kʰəu3	
寋	ɡˠɛn3/ɡɨen3	
富	fu3/pfu3	
富	fɨw3/pfuəu3	老
寍	nʲɛŋ1/nieŋ1	
寎	pˠɛŋ3/pɨeŋ3	
寏	ʁwɑn1/ɦuon1	
寐	mʲi3/mi3	
寑	tsʲʰim2/tsʰim2	
寒	ʁɑn1/ɦɑn1	
寓	ŋˠu3/ŋɨ̯u3	
寔	ʑɨk4/ʒik4	
寖	tsʲim2/tsim2	
寘	tɕi3/tʃi3	
寞	mɑk4/muɔk4	
察	tʂʰat4/tʂʰɯat4	
寡	qwa2/kua2	
寢	tsʲʰim2/tsʰim2	
寣	χwɨt4/hut4	
寤	ɴu3/ŋu3	
寥	lʲɛw1/lieu1	
寥	lʲɛk4/liek4	
實	ʑit4/ʒit4	
寧	nʲɛŋ1/nieŋ1	
寨	dʐaj3/dʐɯai3	
寨	sɨk4/sək4	
審	ɕim2/ʃim2	
寪	ɰwi2/ɨui2	
寫	sʲa2/sia2	
寬	qʰwɑn1/kʰuon1	
寮	lʲɛw1/lieu1	
寯	tsʲwin3/tsyn3	
寰	ʁwan1/ɦuan1	
寰	ɣʲwɛn3/ɦyen3	
寱	ŋʲɛj3/ŋiei3	
寴	tsʲʰin1/tsʰin1	
寴	tsʲʰin3/tsʰin3	
寵	ʈˠʰuŋ2/ʈʰɨuŋ2	
寶	pɑw2/puɔu2	
寷	fʰuŋ1/pfʰuŋ1	
寸	tsʰwɨn3/tsʰun3	
寺	zi3/zi3	
寽	lˠwit4/ɭyt4	
封	fuŋ1/pfuŋ1	
封	fuŋ3/pfuŋ3	
尃	fʰu1/pfʰu1	
射	ja3/jia3	
射	ʑa3/ʒia3	
射	jɛk4/jiek4	
射	ʑɛk4/ʒiek4	
將	tsʲɑŋ1/tsɨɔŋ1	
將	tsʲɑŋ3/tsɨɔŋ3	
專	tɕwɛn1/tʃyen1	
尉	ʔˠwi3/ʔɨui3	
尉	ʔˠut4/ʔɨut4	
尊	tswɨn1/tsun1	
尋	zʲim1/zim1	
尌	ʑu3/ʒɨ̯u3	
對	twɑj3/tuoi3	
導	dɑw3/dɑu3	
小	sʲɛw2/sieu2	
尐	tsʲɛt4/tsiet4	
少	ɕɛw2/ʃieu2	
少	ɕɛw3/ʃieu3	
尒	ɲi2/ɲʒi2	
尖	tsʲɛm1/tsiem1	
尗	ɕɨwk4/ʃɨuk4	
尚	ʑɑŋ1/dʒɨɔŋ1	
尚	ʑɑŋ3/ʒɨɔŋ3	
尞	lˠɛw3/ɭieu3	
尟	sʲɛn2/sien2	
尠	sʲɛn2/sien2	
尠	sʲu3/sɨ̯u3	
尢	ʔwɑŋ1/ʔuɔŋ1	
尤	ɰɨw1/ɨu̯1	
尥	baw1/buau1	
尥	lʲɛw3/lieu3	
尨	mawŋ1/muaŋ1	
尪	ʔwɑŋ1/ʔuɔŋ1	
尬	qaj3/kɯai3	
尯	kˠʰwi3/kʰɨui3	
尰	ʑuŋ3/ʒɨuŋ3	
就	dzʲɨw3/dziu̯3	
尲	qam1/kɯam1	
尳	qwɨt4/kut4	
尳	ʁwɨt4/ɦut4	
尵	ɖwaj1/ɖuai1	
尵	dwɑj1/duoi1	
尸	ɕi1/ʃi1	
尹	jwin2/jyn2	
尺	tɕʰɛk4/tʃʰiek4	
尻	qʰɑw1/kʰɑu1	
尼	ɳˠi1/ɳi1	
尾	ɱi2/mvi2	
尿	nʲɛw3/nieu3	
局	ɡˠuk4/ɡɨuk4	
屁	pʲʰi3/pʰi3	
居	kˠi1/kɨi̯1	
居	kˠɨ1/kɨ̯u1	
屆	qaj3/kɯai3	
屈	kˠut4/kɨut4	
屈	kˠʰut4/kʰɨut4	
屋	ʔɨwk4/ʔuk4	
屍	ɕi1/ʃi1	
屍	ɕi3/ʃi3	
屎	xʲi1/hi1	
屎	ɕi2/ʃi2	
屏	pʲɛŋ1/pieŋ1	
屏	bʲɛŋ1/bieŋ1	
屏	pʲɛŋ2/pieŋ2	
屐	ɡˠɛk4/ɡɨek4	
屑	swɨt4/sut4	
屑	sʲɛt4/siet4	
屒	ʑin1/dʒin1	
屒	ʈˠin2/ʈin2	
屓	xˠi3/hɨi̯3	
屔	nʲɛj1/niei1	
展	ʈˠɛn2/ʈien2	
屖	sʲɛj1/siei1	
屚	lɨw3/ləu3	
屝	vi3/bvi3	
属	tɕuk4/tʃɨuk4	
属	ʑuk4/ʒɨuk4	
屟	sʲɛp4/siep4	
屠	ɖˠɨ1/ɖɨ̯u1	
屠	du1/du1	
屢	lˠu3/ɭɨ̯u3	
屣	ʂi2/ʂʅi̯2	
屣	ʂi3/ʂʅi̯3	
層	dzɨŋ1/dzəŋ1	
履	lˠi2/ɭi2	
屧	sʲɛp4/siep4	
屨	kˠu3/kɨ̯u3	
屩	kˠɑk4/kɨɔk4	
屬	tɕuk4/tʃɨuk4	
屬	ʑuk4/ʒɨuk4	
屮	ʈˠʰɛt4/ʈʰiet4	
屯	ʈˠwin1/ʈyn1	
屯	dwɨn1/dun1	
屰	ŋˠɛk4/ŋɨek4	
山	ʂan1/ʂɯan1	
屴	lˠɨk4/ɭik4	
屵	ŋˠɛn2/ŋɨen2	
屵	ɴɑt4/ŋɑt4	
屸	lɨwŋ1/luŋ1	
屹	ŋˠit4/ŋɨt4	
屺	kˠʰi2/kʰɨi̯2	
屼	ɴwɨt4/ŋut4	
屾	ʂin1/ʂʅᵊn1	
岈	χa1/hɯa1	
岉	ɱut4/mvut4	
岌	ŋˠip4/ŋɨp4	
岍	kʲʰɛn1/kʰien1	
岏	ɴwɑn1/ŋuon1	
岐	ɡʲi1/ɡi1	
岑	dʐim1/dʐʅᵊm1	
岓	ɡˠi1/ɡɨi̯1	
岝	dzɑk4/dzɑk4	
岝	dʐɛk4/dʐɯɛk4	
岟	ʔˠɑŋ2/ʔɨɔŋ2	
岡	qɑŋ1/kɑŋ1	
岢	qʰɑ2/kʰɑ2	
岣	kˠu1/kɨ̯u1	
岣	qɨw2/kəu2	
岦	lˠip4/ɭip4	
岧	dʲɛw1/dieu1	
岨	tsʲʰɨ1/tsʰɨ̯u1	
岫	zʲɨw3/ziu̯3	
岭	lʲɛŋ1/lieŋ1	
岯	bˠi1/bɨi̯1	
岱	dɑj3/dɑi3	
岳	ɴawk4/ŋɯak4	
岵	ʁu3/ɦu3	
岷	mˠin1/mɨn1	
岸	ɴɑn3/ŋɑn3	
岻	ɖˠi1/ɖi1	
岻	tʲɛj1/tiei1	
峉	ɴɛk4/ŋɯɛk4	
峋	sʲwin1/syn1	
峏	ɲi1/ɲʒi1	
峐	qɑj1/kɑi1	
峑	tsʲʰwɛn1/tsʰyen1	
峒	dɨwŋ1/duŋ1	
峒	dɨwŋ3/duŋ3	
峓	ji1/ji1	
峔	mu2/mu2	
峗	ŋˠwi1/ŋɨui1	
峘	ʁwɑn1/ɦuon1	
峘	ʁɨŋ1/ɦəŋ1	
峙	ɖˠi3/ɖi3	
峛	lˠi2/ɭi2	
峞	ɴwɑj1/ŋuoi1	
峞	ɴwɑj2/ŋuoi2	
峨	ɴɑ1/ŋɑ1	
峬	pu1/pu1	
峭	tsʲʰɛw3/tsʰieu3	
峮	kˠʰun1/kʰɨun1	
峯	fʰuŋ1/pfʰuŋ1	
峱	nɑw1/nɑu1	
峴	ɣʲɛn3/ɦien3	
島	tɑw2/tɑu2	
峹	du1/du1	
峻	sʲwin3/syn3	
峽	ʁap4/ɦɯap4	
峿	ɴu1/ŋu1	
崀	lɑŋ2/lɑŋ2	
崆	qʰɨwŋ1/kʰuŋ1	
崆	qʰawŋ1/kʰɯaŋ1	
崇	dʐɨwŋ1/dʐʅuŋ1	
崈	dʐɨwŋ1/dʐʅuŋ1	
崋	ʁwa1/ɦua1	
崋	ʁwa3/ɦua3	
崌	kˠɨ1/kɨ̯u1	
崍	lɑj1/lɑi1	
崎	kˠʰi1/kʰɨi̯1	
崎	ɡˠi1/ɡɨi̯1	
崐	qwɨn1/kun1	
崒	dzʲwit4/dzyt4	
崒	dzwɨt4/dzut4	
崔	tsʰwɑj1/tsʰuoi1	
崔	dzwɑj1/dzuoi1	
崖	ŋˠi1/ŋɨi̯1	
崖	ɴa1/ŋɯa1	
崖	ɴaj1/ŋɯai1	
崗	qɑŋ1/kɑŋ1	
崘	lwɨn1/lun1	
崚	lˠɨŋ1/ɭiŋ1	
崛	ɡˠut4/ɡɨut4	
崛	ŋˠut4/ŋɨut4	
崝	dʐɛŋ1/dʐɯɛŋ1	
崞	qwɑk4/kuɔk4	
崟	ŋˠim1/ŋɨm1	
崠	tɨwŋ1/tuŋ1	
崢	dʐɛŋ1/dʐɯɛŋ1	
崤	ʁaw1/ɦɯau1	
崤	ʁɑw1/ɦɑu1	
崥	bʲɛj1/biei1	
崥	pʲi2/pi2	
崦	ʔˠɛm1/ʔɨem1	
崧	sʲɨwŋ1/sɨuŋ1	
崨	dzʲɛp4/dziep4	
崩	pɨŋ1/puəŋ1	
崱	dʐɨk4/dʐʅᵊk4	
崳	ju1/jɨ̯u1	
崴	ʔwaj1/ʔuai1	
崵	jɑŋ1/jɨɔŋ1	
崵	dɑŋ3/dɑŋ3	
崶	fuŋ1/pfuŋ1	
崷	dzʲɨw1/dziu̯1	
崹	dʲɛj1/diei1	
崺	ji2/ji2	
崽	ʂaj1/ʂɯai1	
崿	ɴɑk4/ŋɑk4	
嵀	ɖˠu3/ɖɨ̯u3	
嵁	qʰɑm1/kʰɑm1	
嵁	ɴɑm1/ŋɑm1	
嵁	qʰam1/kʰɯam1	
嵁	ɴɑm2/ŋɑm2	
嵁	dʐam3/dʐɯam3	
嵃	ŋˠɛn2/ŋɨen2	
嵇	ɣʲɛj1/ɦiei1	
嵈	ʁwɑn3/ɦuon3	
嵊	ʑɨŋ3/ʒiŋ3	
嵋	mˠi1/mɨi̯1	
嵌	qʰam1/kʰɯam1	
嵌	dzɑm3/dzɑm3	
嵍	ɱu3/mvu3	
嵎	ŋˠu1/ŋɨ̯u1	
嵐	lɑm1/lɑm1	
嵑	qʰɑt4/kʰɑt4	
嵒	ɴam1/ŋɯam1	
嵔	ʔˠwi1/ʔɨui1	
嵔	ʔˠwi2/ʔɨui2	
嵔	ʔwɑj2/ʔuoi2	
嵕	tsɨwŋ1/tsuŋ1	
嵞	du1/du1	
嵟	twɑj1/tuoi1	
嵠	kʲʰɛj1/kʰiei1	
嵣	dɑŋ3/dɑŋ3	
嵤	ʁwɛŋ1/ɦuɛŋ1	
嵥	ɡˠɛt4/ɡɨet4	
嵦	ɴɑj1/ŋɑi1	
嵧	lˠɨw1/ɭiu̯1	
嵩	sʲɨwŋ1/sɨuŋ1	
嵫	tsi1/tsi1	
嵬	ɴwɑj1/ŋuoi1	
嵬	ɴwɑj2/ŋuoi2	
嵯	tʂʰi1/tʂʰʅi̯1	
嵯	dzɑ1/dzɑ1	
嵰	kˠʰɛm2/kʰɨem2	
嵱	juŋ1/jɨuŋ1	
嵲	ŋʲɛt4/ŋiet4	
嵸	tsɨwŋ1/tsuŋ1	
嵸	tsɨwŋ2/tsuŋ2	
嵼	ʂan2/ʂɯan2	
嵽	dʲɛt4/diet4	
嵾	tʂʰim1/tʂʰʅᵊm1	
嶀	tʰu1/tʰu1	
嶁	lˠu1/ɭɨ̯u1	
嶁	lˠu2/ɭɨ̯u2	
嶁	lɨw2/ləu2	
嶂	tɕɑŋ3/tʃɨɔŋ3	
嶃	dʐam1/dʐɯam1	
嶃	dʐam3/dʐɯam3	
嶅	ɴɑw1/ŋɑu1	
嶇	kˠʰu1/kʰɨ̯u1	
嶈	tsʲʰɑŋ1/tsʰɨɔŋ1	
嶉	tsʲwi1/tsyi̯1	
嶉	tsʲu1/tsɨ̯u1	
嶉	tsʲwi2/tsyi̯2	
嶊	tswɑj2/tsuoi2	
嶏	pʰɑj3/pʰuoi3	
嶏	fʰut4/pfʰut4	
嶑	zʲɑŋ3/zɨɔŋ3	
嶒	dzʲɨŋ1/dziŋ1	
嶓	pɑ1/puɔ1	
嶔	kˠʰim1/kʰɨm1	
嶕	dzʲɛw1/dzieu1	
嶘	dʐan3/dʐɯan3	
嶙	lˠin1/ɭin1	
嶙	lˠin2/ɭin2	
嶚	lʲɛw1/lieu1	
嶜	dzʲim1/dzim1	
嶝	tɨŋ3/təŋ3	
嶞	dwɑ3/duɔ3	
嶟	tsʲwin1/tsyn1	
嶟	tswɨn1/tsun1	
嶠	ɡˠɛw1/ɡɨeu1	
嶠	ɡˠɛw3/ɡɨeu3	
嶢	ŋʲɛw1/ŋieu1	
嶧	jɛk4/jiek4	
嶨	qʰawk4/kʰɯak4	
嶨	ʁawk4/ɦɯak4	
嶩	nɑw1/nɑu1	
嶪	ŋˠɛp4/ŋɨep4	
嶭	ɴɑt4/ŋɑt4	
嶭	ŋʲɛt4/ŋiet4	
嶮	xˠɛm2/hɨem2	
嶮	ŋˠɛm2/ŋɨem2	
嶰	ʁaj3/ɦɯai3	
嶲	sʲwi2/syi̯2	
嶷	ŋˠi1/ŋɨi̯1	
嶷	ŋˠɨk4/ŋɨk4	
嶸	ɰwɛŋ1/ʉeŋ1	
嶸	ʁwɛŋ1/ɦuɛŋ1	
嶺	lˠɛŋ2/ɭieŋ2	
嶻	dzɑt4/dzɑt4	
嶻	dzʲɛt4/dziet4	
嶼	zʲɨ3/zɨ̯u3	
嶽	ɴawk4/ŋɯak4	
嶾	ʔˠin2/ʔɨn2	
巁	lˠɛj3/ɭiei3	
巂	ɣʲwɛj1/ɦyei1	
巃	lɨwŋ1/luŋ1	
巃	lɨwŋ2/luŋ2	
巇	xˠi1/hɨi̯1	
巈	kˠɨwk4/kɨuk4	
巉	dʐam1/dʐɯam1	
巉	dʐam3/dʐɯam3	
巊	ʔʲɛŋ2/ʔieŋ2	
巋	kˠʰwi1/kʰɨui1	
巋	kˠʰwi2/kʰɨui2	
巍	ŋˠwi1/ŋɨui1	
巎	nɑw1/nɑu1	
巐	ʈˠʰɛw2/ʈʰieu2	
巑	dzwɑn1/dzuon1	
巒	lwɑn1/luon1	
巔	tʲɛn1/tien1	
巖	ɴam1/ŋɯam1	
巘	ŋˠɛn2/ŋɨen2	
巜	qwɑj3/kuoi3	
川	tɕʰwɛn1/tʃʰyen1	
州	tɕɨw1/tʃiu̯1	
巟	χwɑŋ1/huɔŋ1	
巠	kʲɛŋ1/kieŋ1	
巡	zʲwin1/zyn1	
巢	dʐaw1/dʐɯau1	
巢	dʐaw3/dʐɯau3	
巤	lˠɛp4/ɭiep4	
工	qɨwŋ1/kuŋ1	
左	tsɑ2/tsɑ2	
左	tsɑ3/tsɑ3	
巧	qʰaw2/kʰɯau2	
巧	qʰaw3/kʰɯau3	
巨	ɡˠɨ3/ɡɨ̯u3	
巩	kˠuŋ2/kɨuŋ2	
巫	ɱu1/mvu1	
差	tʂʰi1/tʂʰʅi̯1	
差	tʂʰa1/tʂʰɯa1	
差	tʂʰa3/tʂʰɯa3	
差	tʂʰaj1/tʂʰɯai1	
差	tʂʰaj3/tʂʰɯai3	
己	kˠi2/kɨi̯2	
已	ji2/ji2	
已	ji3/ji3	
巳	zi3/zi3	
巴	pa1/pua1	
巵	tɕi1/tʃi1	
巷	ʁawŋ3/ɦɯaŋ3	
巸	ji1/ji1	
巹	kˠin2/kɨn2	
巽	swɨn3/sun3	
巾	kˠin1/kɨn1	
巿	fut4/pfut4	
帀	tsɑp4/tsɑp4	
市	ʑi3/ʒi3	
布	pu3/pu3	
帆	vɛm1/bvuɐm1	
帆	vɛm3/bvuɐm3	
帇	ɳˠɛp4/ɳiep4	
帊	pʰa3/pʰua3	
帋	tɕi2/tʃi2	
希	xˠi1/hɨi̯1	
帍	ʁu3/ɦu3	
帎	tɑm3/tɑm3	
帑	nu1/nu1	
帑	tʰɑŋ2/tʰɑŋ2	
帒	dɑj3/dɑi3	
帓	mat4/muat4	
帔	pˠʰi1/pʰɨi̯1	
帔	pˠʰi3/pʰɨi̯3	
帕	mat4/muat4	
帖	tʲʰɛp4/tʰiep4	
帗	fut4/pfut4	
帗	pɑt4/puot4	
帘	dʐin1/dʐʅᵊn1	
帘	lˠɛm1/ɭiem1	
帙	ɖˠit4/ɖit4	
帚	tɕɨw2/tʃiu̯2	
帛	bɛk4/buɛk4	
帝	tʲɛj3/tiei3	
帞	mɛk4/muɛk4	
帟	jɛk4/jiek4	
帢	qʰap4/kʰɯap4	
帣	kˠwɛn3/kʉon3	
帤	ɳˠɨ1/ɳɨ̯u1	
帥	ʂwi3/ʂʯᵊi3	
帥	ʂwit4/ʂʯᵊt4	
帨	tsʲʰwɛj3/tsʰyei3	
帨	ɕwɛj3/ʃyei3	
帩	tsʲʰɛw3/tsʰieu3	
帪	tɕin1/tʃin1	
師	ʂi1/ʂʅi̯1	
帬	ɡˠun1/ɡɨun1	
席	zʲɛk4/ziek4	
帳	ʈˠɑŋ3/ʈɨɔŋ3	
帴	dzɑn1/dzɑn1	
帴	tsʲɛn1/tsien1	
帴	tsʲɛn2/tsien2	
帴	sɑn3/sɑn3	
帴	ʂat4/ʂɯat4	
帵	ʔwɑn1/ʔuon1	
帶	tɑj3/tɑi3	
帷	ɰwi1/ɨui1	
常	ʑɑŋ1/dʒɨɔŋ1	
帹	ʂap4/ʂɯap4	
帺	ɡˠi3/ɡɨi̯3	
帽	mɑw3/muɔu3	
帾	tu2/tu2	
帿	ʁɨw1/ɦəu1	
幃	ɰwi1/ɨui1	
幄	ʔawk4/ʔɯak4	
幅	fuk4/pfuk4	
幅	pˠɨk4/pɨk4	
幋	bɑn1/buon1	
幌	ʁwɑŋ3/ɦuɔŋ3	
幍	tʰɑw1/tʰɑu1	
幎	mʲɛk4/miek4	
幏	qa1/kɯa1	
幏	qa3/kɯa3	
幐	dɨŋ1/dəŋ1	
幐	dɨŋ3/dəŋ3	
幑	xˠwi1/hɨui1	
幒	tsʲʰuŋ2/tsʰɨuŋ2	
幔	mɑn3/muon3	
幕	mɑk4/muɔk4	
幖	pʲɛw1/pieu1	
幗	qwɑj3/kuoi3	
幗	qwɛk4/kuɛk4	
幘	tʂɛk4/tʂɯɛk4	
幝	tɕʰɛn2/tʃʰien2	
幞	vuk4/bvuk4	
幟	ɕi3/ʃi3	
幟	tɕʰi3/tʃʰi3	
幠	χu1/hu1	
幡	fʰɛn1/pfʰuɐn1	
幢	ɖawŋ1/ɖɯaŋ1	
幢	ɖawŋ3/ɖɯaŋ3	
幣	bʲɛj3/biei3	
幦	mʲɛk4/miek4	
幧	tsʲʰɛw1/tsʰieu1	
幧	tsʰɑw1/tsʰɑu1	
幨	tɕʰɛm1/tʃʰiem1	
幨	tɕʰɛm3/tʃʰiem3	
幪	mɨwŋ1/muŋ1	
幫	pɑŋ1/puɔŋ1	
幬	ɖˠɨw1/ɖiu̯1	
幬	dɑw3/dɑu3	
幭	mʲɛt4/miet4	
幮	ɖˠu1/ɖɨ̯u1	
幯	tsʲɛt4/tsiet4	
幰	xˠɛn2/hɨen2	
幱	lɑn1/lɑn1	
干	qɑn1/kɑn1	
平	bʲɛn1/bien1	
平	bˠɛŋ1/bɨeŋ1	
年	nʲɛn1/nien1	
幵	kʲɛn1/kien1	
并	pʲɛŋ1/pieŋ1	
并	pʲɛŋ3/pieŋ3	
幸	ʁɛŋ3/ɦɯɛŋ3	
幹	qɑn3/kɑn3	
幺	ʔʲɛw1/ʔieu1	
幻	ʁwan3/ɦuan3	
幼	ʔʲɨw3/ʔiu̯3	
幽	ʔʲɨw1/ʔiu̯1	
幾	ɡˠi1/ɡɨi̯1	
幾	kˠi1/kɨi̯1	
幾	kˠi2/kɨi̯2	
幾	ɡˠi3/ɡɨi̯3	
广	ŋˠɛm2/ŋɨem2	
庀	pʲʰi2/pʰi2	
庁	tʲʰɛŋ1/tʰieŋ1	
庄	bɛŋ1/buɛŋ1	
庇	pʲi3/pi3	
庈	ɡˠim1/ɡɨm1	
庉	dwɨn1/dun1	
庉	dwɨn3/dun3	
床	dʐɑŋ1/dʐʅɔŋ1	
庋	kˠwi2/kɨui2	
庋	kˠi2/kɨi̯2	
庌	ɴa2/ŋɯa2	
序	zʲɨ3/zɨ̯u3	
底	tʲɛj2/tiei2	
庖	baw1/buau1	
店	tʲɛm3/tiem3	
庘	ʔap4/ʔɯap4	
庚	qɛŋ1/kɯɛŋ1	
庛	tsʰi3/tsʰi3	
府	fu2/pfu2	
庠	zʲɑŋ1/zɨɔŋ1	
庢	ʈˠit4/ʈit4	
庣	tʲʰɛw1/tʰieu1	
庤	ɖˠi3/ɖi3	
庥	xˠɨw1/hɨu̯1	
度	du3/du3	
度	dɑk4/dɑk4	
座	dzwɑ3/dzuɔ3	
庨	χaw1/hɯau1	
庩	tʰu1/tʰu1	
庪	kˠwi2/kɨui2	
庫	qʰu3/kʰu3	
庭	dʲɛŋ1/dieŋ1	
庮	jɨw1/jiu̯1	
庮	jɨw2/jiu̯2	
庯	pu1/pu1	
庰	bʲɛŋ3/bieŋ3	
庱	ʈˠʰɨŋ1/ʈʰiŋ1	
庱	ʈˠʰɨŋ2/ʈʰiŋ2	
庲	lɑj1/lɑi1	
庳	pʲi1/pi1	
庳	bʲi3/bi3	
庴	tsʲɛk4/tsiek4	
庴	dzʲɛk4/dziek4	
庵	ʔɑm1/ʔɑm1	
庵	ʔɑp4/ʔɑp4	
庶	ɕɨ3/ʃɨ̯u3	
庶	tɕɨ3/tʃɨ̯u3	
康	qʰɑŋ1/kʰɑŋ1	
庸	juŋ1/jɨuŋ1	
庽	ŋˠu3/ŋɨ̯u3	
庾	ju2/jɨ̯u2	
庿	mˠɛw3/mɨeu3	
廁	tʂʰi3/tʂʰʅi̯3	
廂	sʲɑŋ1/sɨɔŋ1	
廅	ʔɑp4/ʔɑp4	
廆	ʁwɑj3/ɦuoi3	
廇	lˠɨw3/ɭiu̯3	
廈	ʁa3/ɦɯa3	
廉	lˠɛm1/ɭiem1	
廊	lɑŋ1/lɑŋ1	
廋	ʂɨw1/ʂʅᵊu1	
廋	sɨw2/səu2	
廌	ɖˠi3/ɖi3	
廌	ɖaj3/ɖɯai3	
廏	kˠɨw3/kɨu̯3	
廑	ɡˠin3/ɡɨn3	
廓	qʰwɑk4/kʰuɔk4	
廔	lɨw1/ləu1	
廕	ʔˠim3/ʔɨm3	
廖	lʲɛw1/lieu1	
廖	lˠɨw3/ɭiu̯3	
廘	lɨwk4/luk4	
廙	ji3/ji3	
廙	jɨk4/jik4	
廚	ɖˠu1/ɖɨ̯u1	
廛	ɖˠɛn1/ɖien1	
廜	du1/du1	
廝	si1/si1	
廞	xˠim1/hɨm1	
廞	xˠim2/hɨm2	
廟	mˠɛw3/mɨeu3	
廠	tɕʰɑŋ2/tʃʰɨɔŋ2	
廠	tɕʰɑŋ3/tʃʰɨɔŋ3	
廡	ɱu2/mvu2	
廢	fɛj3/pfei3	
廣	qwɑŋ2/kuɔŋ2	
廥	qwɑj3/kuoi3	
廦	pʲʰɛk4/pʰiek4	
廦	pʲɛk4/piek4	
廧	dzʲɑŋ1/dzɨɔŋ1	
廨	qaj3/kɯai3	
廩	lˠim2/ɭim2	
廬	lˠɨ1/ɭɨ̯u1	
廮	ʔʲɛŋ2/ʔieŋ2	
廯	sʲɛn1/sien1	
廯	sʲɛn2/sien2	
廱	ʔˠuŋ1/ʔɨuŋ1	
廲	lʲɛj1/liei1	
廳	tʲʰɛŋ1/tʰieŋ1	
廴	jin2/jin2	
延	jɛn1/jien1	
延	jɛn3/jien3	
廷	dʲɛŋ1/dieŋ1	
廷	dʲɛŋ3/dieŋ3	
建	kˠɛn3/kɨen3	
廾	kˠuŋ1/kɨuŋ1	
廾	kˠuŋ2/kɨuŋ2	
廿	ɲip4/ɲʒip4	
弁	bˠɛn3/bɨen3	
异	ji1/ji1	
异	ji3/ji3	
弃	kʲʰi3/kʰi3	
弄	lɨwŋ3/luŋ3	
弅	vun3/bvun3	
弆	kˠɨ2/kɨ̯u2	
弆	kˠʰɨ2/kʰɨ̯u2	
弇	qɑm1/kɑm1	
弇	ʔˠɛm2/ʔɨem2	
弈	jɛk4/jiek4	
弊	bʲɛj3/biei3	
弋	jɨk4/jik4	
弌	ʔʲit4/ʔit4	
弍	ɲi3/ɲʒi3	
弎	sɑm1/sɑm1	
式	ɕɨk4/ʃik4	
弑	ɕi3/ʃi3	
弓	kˠɨwŋ1/kɨuŋ1	
弔	tʲɛw3/tieu3	
弔	tʲɛk4/tiek4	
引	jin2/jin2	
引	jin3/jin3	
弗	fut4/pfut4	
弘	ʁwɨŋ1/ɦuəŋ1	
弛	ɕi2/ʃi2	
弜	ɡˠi1/ɡɨi̯1	
弜	ɡˠɑŋ3/ɡɨɔŋ3	
弝	pa3/pua3	
弞	ɕin2/ʃin2	
弞	jin2/jin2	
弟	dʲɛj3/diei3	
弢	tʰɑw1/tʰɑu1	
弣	fʰu2/pfʰu2	
弤	twɨn1/tun1	
弤	tʲɛj2/tiei2	
弦	ɣʲɛn1/ɦien1	
弧	ʁu1/ɦu1	
弨	tɕʰɛw1/tʃʰieu1	
弨	tɕʰɛw2/tʃʰieu2	
弩	nu2/nu2	
弬	ji1/ji1	
弭	mʲi2/mi2	
弮	kˠʰwɛn1/kʰʉon1	
弮	kˠwɛn3/kʉon3	
弰	ʂaw1/ʂɯau1	
弱	ɲɑk4/ɲʒɨɔk4	
弲	ʔʲwɛn1/ʔyen1	
弲	xʲwɛn1/hyen1	
弴	twɨn1/tun1	
弴	tʲɛw1/tieu1	
張	ʈˠɑŋ1/ʈɨɔŋ1	
張	ʈˠɑŋ3/ʈɨɔŋ3	
弶	ɡˠɑŋ3/ɡɨɔŋ3	
強	ɡˠɑŋ1/ɡɨɔŋ1	
弸	pʰɛŋ1/pʰuɛŋ1	
弸	bɛŋ1/buɛŋ1	
弼	bˠit4/bɨt4	
弽	ɕɛp4/ʃiep4	
弽	xʲɛp4/hiep4	
彀	qɨw3/kəu3	
彃	pʲit4/pit4	
彄	qʰɨw1/kʰəu1	
彆	pʲɛj3/piei3	
彇	sʲɛw1/sieu1	
彈	dɑn1/dɑn1	
彈	dɑn3/dɑn3	
彉	χwɑk4/huɔk4	
彉	qwɑk4/kuɔk4	
彊	ɡˠɑŋ1/ɡɨɔŋ1	
彊	ɡˠɑŋ3/ɡɨɔŋ3	
彋	ʁwɛŋ1/ɦuɛŋ1	
彌	mʲi1/mi1	
彍	χwɑk4/huɔk4	
彍	qwɑk4/kuɔk4	
彎	ʔwan1/ʔuan1	
彏	xˠwɑk4/hʉɔk4	
彏	kˠwɑk4/kʉɔk4	
彐	kˠɛj3/kɨei3	
彔	lɨwk4/luk4	
彖	tʰwɑn3/tʰuon3	
彗	zʲwi3/zyi̯3	
彗	ɰwɛj3/ʉoi3	
彗	zʲwɛj3/zyei3	
彘	ɖˠɛj3/ɖiei3	
彙	ɰwi3/ɨui3	
彝	ji1/ji1	
彠	ʔˠwɑk4/ʔʉɔk4	
彠	ʔwɛk4/ʔuɛk4	
彠	ʁwɛk4/ɦuɛk4	
彡	sʲɛm1/siem1	
彡	ʂam1/ʂɯam1	
形	ɣʲɛŋ1/ɦieŋ1	
彣	ɱun1/mvun1	
彤	dɨwŋ1/duŋ1	
彥	ŋˠɛn3/ŋɨen3	
彧	ʔˠɨwk4/ʔɨuk4	
彩	tsʰɑj2/tsʰɑi2	
彪	pˠɨw1/piu̯1	
彫	tʲɛw1/tieu1	
彬	pˠin1/pɨn1	
彭	bɛŋ1/buɛŋ1	
彯	pʲʰɛw1/pʰieu1	
彯	pʲʰɛw3/pʰieu3	
彰	tɕɑŋ1/tʃɨɔŋ1	
影	ʔˠɛŋ2/ʔɨeŋ2	
彲	ʈˠʰi1/ʈʰi1	
彳	ʈˠʰɛk4/ʈʰiek4	
彴	tɕɑk4/tʃɨɔk4	
彶	kˠip4/kɨp4	
彷	bɑŋ1/buɔŋ1	
彷	fʰɑŋ2/pfʰuɔŋ2	
彸	tɕuŋ1/tʃɨuŋ1	
役	jwɛk4/jyek4	
彺	ɰwɑŋ1/ʉɔŋ1	
彼	pˠi2/pɨi̯2	
彽	ɖˠi1/ɖi1	
彾	lʲɛŋ1/lieŋ1	
彿	fʰut4/pfʰut4	
往	ɰwɑŋ2/ʉɔŋ2	
征	tɕɛŋ1/tʃieŋ1	
徂	dzu1/dzu1	
待	dɑj3/dɑi3	
徇	zʲwin3/zyn3	
很	ʁɨn3/ɦən3	
徉	jɑŋ1/jɨɔŋ1	
徊	ʁwɑj1/ɦuoi1	
律	lˠwit4/ɭyt4	
後	ʁɨw3/ɦəu3	
徎	ɖˠɛŋ3/ɖieŋ3	
徎	tʲʰɛŋ2/tʰieŋ2	
徐	zʲɨ1/zɨ̯u1	
徑	kʲɛŋ3/kieŋ3	
徒	du1/du1	
得	tɨk4/tək4	
徘	bɑj1/buoi1	
徙	si2/si2	
徛	ɡˠi3/ɡɨi̯3	
徛	kˠi3/kɨi̯3	
徜	ʑɑŋ1/dʒɨɔŋ1	
從	dzʲuŋ1/dzɨuŋ1	
從	tsʲʰuŋ1/tsʰɨuŋ1	
從	dzʲuŋ3/dzɨuŋ3	
徠	lɑj1/lɑi1	
徠	lɑj3/lɑi3	
御	ŋˠɨ3/ŋɨ̯u3	
徢	sʲɛp4/siep4	
徥	ʑi3/ʒi3	
徥	ɖˠi3/ɖi3	
徧	pʲɛn3/pien3	
徨	ʁwɑŋ1/ɦuɔŋ1	
復	vu3/bvu3	
復	vuk4/bvuk4	
復	vɨw3/bvuəu3	老
循	zʲwin1/zyn1	
徬	bɑŋ3/buɔŋ3	
微	ɱi1/mvi1	
徯	ɣʲɛj1/ɦiei1	
徯	ɣʲɛj3/ɦiei3	
徵	ʈˠɨŋ1/ʈiŋ1	
徵	ʈˠi2/ʈi2	
德	tɨk4/tək4	
徹	ɖˠɛt4/ɖiet4	
徹	ʈˠʰɛt4/ʈʰiet4	
徼	kʲɛw1/kieu1	
徼	kʲɛw3/kieu3	
徽	xˠwi1/hɨui1	
忀	sʲɑŋ1/sɨɔŋ1	
忂	ɡˠu1/ɡɨ̯u1	
心	sʲim1/sim1	
必	pʲit4/pit4	
忉	tɑw1/tɑu1	
忌	ɡˠi3/ɡɨi̯3	
忍	ɲin2/ɲʒin2	
忒	tʰɨk4/tʰək4	
忓	qɑn1/kɑn1	
忓	ʁɑn3/ɦɑn3	
忔	xˠit4/hɨt4	
忕	ʑɛj3/ʒiei3	
忕	tʰɑj3/tʰɑi3	
忕	dɑj3/dɑi3	
忖	tsʰwɨn2/tsʰun2	
志	tɕi3/tʃi3	
忘	ɱɑŋ3/mvuɔŋ3	
忙	mɑŋ1/muɔŋ1	
忚	xʲɛj1/hiei1	
忝	tʲʰɛm2/tʰiem2	
忝	tʲʰɛm3/tʰiem3	
忞	mˠin1/mɨn1	
忠	ʈˠɨwŋ1/ʈɨuŋ1	
忡	ʈˠʰɨwŋ1/ʈʰɨuŋ1	
忤	ɴu3/ŋu3	
忥	xˠi3/hɨi̯3	
忦	qat4/kɯat4	
忧	ɰɨw3/ɨu̯3	
忨	ɴwɑn1/ŋuon1	
忨	ɴwɑn3/ŋuon3	
忩	tsʰɨwŋ1/tsʰuŋ1	
忪	tɕuŋ1/tʃɨuŋ1	
快	qʰwaj3/kʰuai3	
忬	jɨ3/jɨ̯u3	
忭	bˠɛn3/bɨen3	
忮	tɕi3/tʃi3	
忯	ɡʲi1/ɡi1	
忯	ʑi1/dʒi1	
忱	ʑim1/dʒim1	
忳	dwɨn1/dun1	
念	nʲɛm3/niem3	
忶	ʁwɨn1/ɦun1	
忶	ɰun3/ɨun3	
忸	ɳˠɨwk4/ɳɨuk4	
忻	xˠin1/hɨn1	
忼	χɑŋ1/hɑŋ1	
忼	qʰɑŋ2/kʰɑŋ2	
忽	χwɨt4/hut4	
忾	xʲi1/hi1	
忿	fʰun2/pfʰun2	
忿	fʰun3/pfʰun3	
怊	ʈˠʰɛw1/ʈʰieu1	
怊	tɕʰɛw1/tʃʰieu1	
怋	mʲin1/min1	
怋	mɨn1/mun1	
怌	pˠʰi1/pʰɨi̯1	
怍	dzɑk4/dzɑk4	
怎	tsɨm2/tsəm2	
怏	ʔˠɑŋ2/ʔɨɔŋ2	
怏	ʔˠɑŋ3/ʔɨɔŋ3	
怐	kˠu3/kɨ̯u3	
怐	qʰɨw3/kʰəu3	
怐	qɨw3/kəu3	
怐	χɨw3/həu3	
怒	nu2/nu2	
怒	nu3/nu3	
怓	ɳaw1/ɳɯau1	
怔	tɕɛŋ1/tʃieŋ1	
怕	pʰa3/pʰua3	
怕	pʰɛk4/pʰuɛk4	
怖	pʰu3/pʰu3	
怗	tʲʰɛp4/tʰiep4	
怙	ʁu3/ɦu3	
怚	tsʲa1/tsia1	
怚	dzʲɨ3/dzɨ̯u3	
怚	tsʲɨ3/tsɨ̯u3	
怛	tɑn3/tɑn3	
怛	tɑt4/tɑt4	
怜	lʲɛn1/lien1	
怜	lʲɛŋ1/lieŋ1	
思	si1/si1	
思	si3/si3	
怞	ɖˠɨw1/ɖiu̯1	
怠	dɑj3/dɑi3	
怡	ji1/ji1	
怤	fʰu1/pfʰu1	
急	kˠip4/kɨp4	
怦	pʰɛŋ1/pʰuɛŋ1	
性	sʲɛŋ3/sieŋ3	
怨	ʔˠwɛn1/ʔʉon1	
怨	ʔˠwɛn3/ʔʉon3	
怩	ɳˠi1/ɳi1	
怪	qwaj3/kuai3	
怫	vi3/bvi3	
怫	vut4/bvut4	
怭	bʲit4/bit4	
怮	ʔʲɛw1/ʔieu1	
怮	ʔˠɨw1/ʔɨu̯1	
怮	ʔʲɨw1/ʔiu̯1	
怮	ʔʲɨw2/ʔiu̯2	
怯	kˠʰɛp4/kʰɨep4	
怲	pˠɛŋ2/pɨeŋ2	
怲	pˠɛŋ3/pɨeŋ3	
怳	xˠwɑŋ2/hʉɔŋ2	
怴	xʲwit4/hyt4	
怵	ʈˠʰwit4/ʈʰyt4	
恀	tɕi2/tʃi2	
恀	ʑi3/ʒi3	
恀	tɕʰi2/tʃʰi2	
恁	ɲim1/ɲʒim1	
恁	ɲim2/ɲʒim2	
恂	sʲwin1/syn1	
恃	ʑi3/ʒi3	
恄	xʲit4/hit4	
恅	lɑw2/lɑu2	
恆	ʁɨŋ1/ɦəŋ1	
恇	kˠʰwɑŋ1/kʰʉɔŋ1	
恈	mɨw1/mvuəu1	
恉	tɕi2/tʃi2	
恌	tʲʰɛw1/tʰieu1	
恌	jɛw1/jieu1	
恍	qwɑŋ1/kuɔŋ1	
恎	dʲɛt4/diet4	
恐	kˠʰuŋ2/kʰɨuŋ2	
恐	kˠʰuŋ3/kʰɨuŋ3	
恑	kˠwi2/kɨui2	
恔	kʲɛw2/kieu2	
恕	ɕɨ3/ʃɨ̯u3	
恖	si1/si1	
恗	χu1/hu1	
恙	jɑŋ3/jɨɔŋ3	
恚	ʔʲwi3/ʔyi̯3	
恜	ʈˠʰɨk4/ʈʰik4	
恞	ji1/ji1	
恟	xˠuŋ1/hɨuŋ1	
恠	qwaj3/kuai3	
恢	qʰwɑj1/kʰuoi1	
恣	tsi3/tsi3	
恤	sʲwit4/syt4	
恥	ʈˠʰi2/ʈʰi2	
恧	ɳˠɨwk4/ɳɨuk4	
恧	ɳˠɨk4/ɳik4	
恨	ʁɨn3/ɦən3	
恩	ʔɨn1/ʔən1	
恪	qʰɑk4/kʰɑk4	
恫	tʰɨwŋ1/tʰuŋ1	
恫	dɨwŋ3/duŋ3	
恬	dʲɛm1/diem1	
恭	kˠuŋ1/kɨuŋ1	
恮	tsʲʰwɛn1/tsʰyen1	
恮	tʂwɛn1/tʂʯen1	
息	sʲɨk4/sik4	
恰	qʰap4/kʰɯap4	
恲	pʰɛŋ1/pʰuɛŋ1	
恾	mɑŋ1/muɔŋ1	
恿	juŋ2/jɨuŋ2	
悀	juŋ2/jɨuŋ2	
悁	ʔʲwɛn1/ʔyen1	
悂	pʲʰi1/pʰi1	
悂	pʲɛj1/piei1	
悃	qʰwɨn2/kʰun2	
悄	tsʲʰɛw2/tsʰieu2	
悅	jwɛt4/jyet4	
悆	jɨ3/jɨ̯u3	
悇	tʰu1/tʰu1	
悇	jɨ3/jɨ̯u3	
悇	ʈˠʰɨ3/ʈʰɨ̯u3	
悈	qaj3/kɯai3	
悈	kˠɨk4/kɨk4	
悉	sʲit4/sit4	
悊	ʈˠɛt4/ʈiet4	
悋	lˠin3/ɭin3	
悌	dʲɛj3/diei3	
悍	ʁɑn3/ɦɑn3	
悏	kʲʰɛp4/kʰiep4	
悐	tʲʰɛk4/tʰiek4	
悑	pʰu3/pʰu3	
悒	ʔˠip4/ʔɨp4	
悔	χwɑj2/huoi2	
悔	χwɑj3/huoi3	
悕	xˠi1/hɨi̯1	
悖	bɑj3/buoi3	
悖	bɨt4/but4	
悗	mɑn1/muon1	
悙	χɛŋ1/hɯɛŋ1	
悚	sʲuŋ2/sɨuŋ2	
悛	tsʲʰwɛn1/tsʰyen1	
悜	ʈˠʰɛŋ2/ʈʰieŋ2	
悝	qʰwɑj1/kʰuoi1	
悝	lˠi2/ɭi2	
悞	ɴu3/ŋu3	
悟	ɴu3/ŋu3	
悠	jɨw1/jiu̯1	
悢	lˠɑŋ3/ɭɨɔŋ3	
患	ʁwan3/ɦuan3	
悤	tsʰɨwŋ1/tsʰuŋ1	
悰	dzɨwŋ1/dzuŋ1	
悱	fʰi2/pfʰi2	
悲	pˠi1/pɨi̯1	
悴	dzʲwi3/dzyi̯3	
悵	ʈˠʰɑŋ3/ʈʰɨɔŋ3	
悶	mɨn3/mun3	
悷	lʲɛj3/liei3	
悸	ɡʲwi3/ɡyi̯3	
悹	qwɑn1/kuon1	
悹	qwɑn2/kuon2	
悹	qwɑn3/kuon3	
悺	qwɑn3/kuon3	
悼	dɑw3/dɑu3	
悽	tsʲʰɛj1/tsʰiei1	
悾	qʰɨwŋ1/kʰuŋ1	
悾	qʰawŋ1/kʰɯaŋ1	
悾	qʰɨwŋ3/kʰuŋ3	
悿	tʲʰɛm2/tʰiem2	
惀	lˠwin1/ɭyn1	
惀	lwɨn2/lun2	
惁	sʲɛk4/siek4	
惂	qʰɑm2/kʰɑm2	
惃	qwɨn1/kun1	
惃	qwɨn2/kun2	
惄	nʲɛk4/niek4	
情	dzʲɛŋ1/dzieŋ1	
惆	ʈˠʰɨw1/ʈʰiu̯1	
惆	kˠʰɨw1/kʰiu̯1	
惇	tɕwin1/tʃyn1	
惇	twɨn1/tun1	
惈	qwɑ2/kuɔ2	
惋	ʔwɑn3/ʔuon3	
惌	ʔˠwɛn1/ʔʉon1	
惌	ʔˠwɛn2/ʔʉon2	
惎	ɡˠi3/ɡɨi̯3	
惏	lɑm1/lɑm1	
惑	ʁwɨk4/ɦuək4	
惔	dɑm1/dɑm1	
惔	dɑm3/dɑm3	
惕	tʲʰɛk4/tʰiek4	
惗	sʲɛn3/sien3	
惗	nʲɛp4/niep4	
惘	ɱɑŋ2/mvuɔŋ2	
惙	ʈˠwɛt4/ʈyet4	
惚	χwɨt4/hut4	
惛	χwɨn1/hun1	
惛	χwɨn2/hun2	
惛	χwɨn3/hun3	
惜	sʲɛk4/siek4	
惟	jwi1/jyi̯1	
惠	ɣʲwɛj3/ɦyei3	
惡	ʔu1/ʔu1	
惡	ʔu3/ʔu3	
惡	ʔɑk4/ʔɑk4	
惢	tsʲwi1/tsyi̯1	
惢	dzʲwi3/dzyi̯3	
惢	swɑ2/suɔ2	
惪	tɨk4/tək4	
惰	dwɑ3/duɔ3	
惱	nɑw2/nɑu2	
惲	ʔˠun2/ʔɨun2	
想	sʲɑŋ2/sɨɔŋ2	
惴	tɕwi3/tʃyi̯3	
惵	dʲɛp4/diep4	
惶	ʁwɑŋ1/ɦuɔŋ1	
惷	tɕʰwin2/tʃʰyn2	
惸	ɡʲwɛŋ1/ɡyeŋ1	
惹	ɲa2/ɲʒia2	
惹	ɲɑk4/ɲʒɨɔk4	
惺	sʲɛŋ1/sieŋ1	
惺	sʲɛŋ2/sieŋ2	
惻	tʂʰɨk4/tʂʰʅᵊk4	
惼	pʲɛn2/pien2	
愀	tsʲʰɛw2/tsʰieu2	
愀	dzʲɨw3/dziu̯3	
愁	dʐɨw1/dʐʅᵊu1	
愃	sʲwɛn1/syen1	
愃	xˠwɛn2/hʉon2	
愆	kˠʰɛn1/kʰɨen1	
愇	ɰwi2/ɨui2	
愈	ju2/jɨ̯u2	
愉	ju1/jɨ̯u1	
愊	pˠʰɨk4/pʰɨk4	
愋	xˠwɛn1/hʉon1	
愍	mˠin2/mɨn2	
愎	bˠɨk4/bɨk4	
意	ʔˠi3/ʔɨi̯3	
愐	mʲɛn2/mien2	
愒	kˠʰɛj3/kʰɨei3	
愒	qʰɑj3/kʰɑi3	
愒	kˠʰɛt4/kʰɨet4	
愓	dɑŋ3/dɑŋ3	
愔	ʔʲim1/ʔim1	
愕	ɴɑk4/ŋɑk4	
愖	ʑim1/dʒim1	
愗	mɨw3/muəu3	
愙	qʰɑk4/kʰɑk4	
愚	ŋˠu1/ŋɨ̯u1	
愛	ʔɑj3/ʔɑi3	
愜	kʲʰɛp4/kʰiep4	
愞	ɲwɛn2/ɲʒyen2	
愞	nwɑn3/nuon3	
愞	nwɑ3/nuɔ3	
感	qɑm2/kɑm2	
愢	sɑj1/sɑi1	
愧	kˠwi3/kɨui3	
愨	qʰawk4/kʰɯak4	
愩	qɨwŋ1/kuŋ1	
愪	ɰun1/ɨun1	
愪	ɰun2/ɨun2	
愬	su3/su3	
愬	ʂɛk4/ʂɯɛk4	
愭	ɡʲi1/ɡi1	
愮	jɛw1/jieu1	
愯	sʲuŋ2/sɨuŋ2	
愱	dzʲit4/dzit4	
愲	qwɨt4/kut4	
愴	tʂʰɑŋ2/tʂʰʅɔŋ2	
愴	tʂʰɑŋ3/tʂʰʅɔŋ3	
愵	nʲɛk4/niek4	
愶	xˠɛp4/hɨep4	
愷	qʰɑj2/kʰɑi2	
愺	tsʰɑw2/tsʰɑu2	
愻	swɨn3/sun3	
愾	xˠi3/hɨi̯3	
愾	qʰɑj3/kʰɑi3	
愿	ŋˠwɛn3/ŋʉon3	
慀	ɣʲɛj3/ɦiei3	
慁	ʁwɨn3/ɦun3	
慂	juŋ2/jɨuŋ2	
慃	ʔawŋ2/ʔɯaŋ2	
慄	lˠit4/ɭit4	
慅	sɑw1/sɑu1	
慅	tsʰɑw2/tsʰɑu2	
慆	tʰɑw1/tʰɑu1	
慇	ʔˠin1/ʔɨn1	
慈	dzi1/dzi1	
慉	xˠɨwk4/hɨuk4	
慊	kʲʰɛm2/kʰiem2	
態	tʰɑj3/tʰɑi3	
慌	χwɑŋ2/huɔŋ2	
慍	ʔˠun3/ʔɨun3	
慎	ʑin3/ʒin3	
慏	mʲɛŋ2/mieŋ2	
慒	dzɨwŋ1/dzuŋ1	
慒	zʲɨw1/ziu̯1	
慓	pʲʰɛw1/pʰieu1	
慓	bʲɛw3/bieu3	
慓	pʲʰɛw3/pʰieu3	
慔	mu3/mu3	
慕	mu3/mu3	
慖	qwɑj3/kuoi3	
慖	qwɛk4/kuɛk4	
慗	ʈˠʰɨk4/ʈʰik4	
慘	tsʰɑm2/tsʰɑm2	
慙	dzɑm1/dzɑm1	
慚	dzɑm1/dzɑm1	
慛	dzwɑj1/dzuoi1	
慜	mˠin2/mɨn2	
慝	tʰɨk4/tʰək4	
慞	tɕɑŋ1/tʃɨɔŋ1	
慟	dɨwŋ3/duŋ3	
慢	man3/muan3	
慣	qwan3/kuan3	
慥	tsʰɑw3/tsʰɑu3	
慧	ɣʲwɛj3/ɦyei3	
慨	qʰɑj3/kʰɑi3	
慫	sʲuŋ2/sɨuŋ2	
慬	ɡˠin1/ɡɨn1	
慬	kˠin2/kɨn2	
慮	lˠɨ3/ɭɨ̯u3	
慯	ɕɑŋ1/ʃɨɔŋ1	
慯	ɕɑŋ3/ʃɨɔŋ3	
慰	ʔˠwi3/ʔɨui3	
慱	dwɑn1/duon1	
慲	mɑn1/muon1	
慳	qʰan1/kʰɯan1	
慴	tɕɛp4/tʃiep4	
慴	dʲɛp4/diep4	
慵	ʑuŋ1/dʒɨuŋ1	
慶	kˠʰɛŋ3/kʰɨeŋ3	
慷	qʰɑŋ2/kʰɑŋ2	
慸	dʲɛj3/diei3	
慸	ʈˠʰɛj3/ʈʰiei3	
慸	ʈʰaj3/ʈʰɯai3	
慹	tɕip4/tʃip4	
慹	dzʲip4/dzip4	
慹	tɕɛp4/tʃiep4	
慹	nʲɛp4/niep4	
慺	lˠu1/ɭɨ̯u1	
慺	lɨw1/ləu1	
慺	lˠu2/ɭɨ̯u2	
慼	tsʲʰɛk4/tsʰiek4	
慽	tsʲʰɛk4/tsʰiek4	
慾	juk4/jɨuk4	
憀	lʲɛw1/lieu1	
憀	lˠɨw1/ɭiu̯1	
憁	tsʰɨwŋ3/tsʰuŋ3	
憂	ʔˠɨw1/ʔɨu̯1	
憃	ɕuŋ1/ʃɨuŋ1	
憃	ʈʰawŋ1/ʈʰɯaŋ1	
憃	ʈˠʰuŋ3/ʈʰɨuŋ3	
憉	bɛŋ1/buɛŋ1	
憊	baj3/buai3	
憋	pʲɛt4/piet4	
憋	pʲʰɛt4/pʰiet4	
憌	ɡʲwɛŋ1/ɡyeŋ1	
憍	kˠɛw1/kɨeu1	
憎	tsɨŋ1/tsəŋ1	
憐	lʲɛn1/lien1	
憑	bˠɨŋ1/bɨŋ1	
憒	qwɑj3/kuoi3	
憓	ɣʲwɛj3/ɦyei3	
憔	dzʲɛw1/dzieu1	
憕	ɖɛŋ1/ɖɯɛŋ1	
憕	ɖˠɨŋ1/ɖiŋ1	
憖	ŋˠin3/ŋɨn3	
憙	xˠi2/hɨi̯2	
憙	xˠi3/hɨi̯3	
憚	dɑn3/dɑn3	
憛	tʰɑm3/tʰɑm3	
憜	dwɑ3/duɔ3	
憝	dwɑj3/duoi3	
憞	dwɑj3/duoi3	
憟	sʲuk4/sɨuk4	
憠	ɡˠwɛt4/ɡʉot4	
憡	tʂʰɛk4/tʂʰɯɛk4	
憢	xʲɛw1/hieu1	
憤	vun3/bvun3	
憥	lɑw1/lɑu1	
憧	tɕʰuŋ1/tʃʰɨuŋ1	
憧	ɖawŋ3/ɖɯaŋ3	
憨	χɑm1/hɑm1	
憨	ʁɑm3/ɦɑm3	
憩	kˠʰɛj3/kʰɨei3	
憪	ʁan1/ɦɯan1	
憪	ʁan3/ɦɯan3	
憫	mˠin2/mɨn2	
憬	kˠwɛŋ2/kʉeŋ2	
憭	lʲɛw1/lieu1	
憭	lʲɛw2/lieu2	
憭	lˠɛw2/ɭieu2	
憮	ɱu1/mvu1	
憮	ɱu2/mvu2	
憯	tsʰɑm2/tsʰɑm2	
憯	tsʲʰɛm2/tsʰiem2	
憰	kʲwɛt4/kyet4	
憲	xˠɛn3/hɨen3	
憴	ʑɨŋ1/dʒiŋ1	
憵	pʲʰɛk4/pʰiek4	
憶	ʔˠɨk4/ʔɨk4	
憷	tʂʰɨ2/tʂʰʅu2	
憸	sʲɛm1/siem1	
憸	tsʲʰɛm1/tsʰiem1	
憸	xˠɛm2/hɨem2	
憸	tsʲʰɛm2/tsʰiem2	
憹	nɨwŋ1/nuŋ1	
憺	dɑm3/dɑm3	
憼	kˠɑŋ2/kɨɔŋ2	
憼	kˠɛŋ2/kɨeŋ2	
憾	ʁɑm3/ɦɑm3	
憿	kʲɛw1/kieu1	
懀	ʔwɑj3/ʔuoi3	
懀	ʔwaj3/ʔuai3	
懁	kʲwɛn3/kyen3	
懃	ɡˠin1/ɡɨn1	
懄	ɡˠin1/ɡɨn1	
懅	ɡˠɨ1/ɡɨ̯u1	
懆	tsʰɑw2/tsʰɑu2	
懇	qʰɨn2/kʰən2	
懈	qaj3/kɯai3	
應	ʔˠɨŋ1/ʔɨŋ1	
應	ʔˠɨŋ3/ʔɨŋ3	
懊	ʔɑw2/ʔɑu2	
懊	ʔɑw3/ʔɑu3	
懊	ʔˠɨwk4/ʔɨuk4	
懋	mu3/mu3	
懋	mɨw3/muəu3	老
懌	jɛk4/jiek4	
懍	lˠim2/ɭim2	
懎	ʂɨk4/ʂʅᵊk4	
懕	ʔʲɛm1/ʔiem1	
懖	qwɑt4/kuot4	
懘	tɕʰi2/tʃʰi2	
懘	tɕʰɛj3/tʃʰiei3	
懚	ʔˠin3/ʔɨn3	
懛	tɑj1/tɑi1	
懜	mɨwŋ1/mvuŋ1	
懜	mɨwŋ1/muŋ1	
懜	mɨŋ3/muəŋ3	
懝	ɴɑj3/ŋɑi3	
懝	ŋˠɨk4/ŋɨk4	
懟	ɖˠwi3/ɖyi̯3	
懠	dzʲɛj1/dziei1	
懠	dzʲɛj3/dziei3	
懡	mɑ2/muɔ2	
懢	lɑm1/lɑm1	
懢	lɑm3/lɑm3	
懣	mɨn2/mun2	
懣	mɑn2/muon2	
懣	mɨn3/mun3	
懤	ɖˠɨw1/ɖiu̯1	
懤	tɑw2/tɑu2	
懤	ɖˠɨw3/ɖiu̯3	
懥	tɕi3/tʃi3	
懥	ʈˠi3/ʈi3	
懦	ɲu1/ɲʒɨ̯u1	
懪	bawk4/buak4	
懫	ʈˠi3/ʈi3	
懫	tɕit4/tʃit4	
懬	qʰɑŋ2/kʰɑŋ2	
懬	qʰwɑŋ2/kʰuɔŋ2	
懮	ʔˠɨw2/ʔɨu̯2	
懰	lˠɨw1/ɭiu̯1	
懰	lˠɨw2/ɭiu̯2	
懱	mʲɛt4/miet4	
懲	ɖˠɨŋ1/ɖiŋ1	
懵	mɨwŋ2/muŋ2	
懵	mɨŋ3/muəŋ3	
懶	lɑn2/lɑn2	
懷	ʁwaj1/ɦuai1	
懸	ɣʲwɛn1/ɦyen1	
懹	ɲɑŋ3/ɲʒɨɔŋ3	
懺	tʂʰam3/tʂʰɯam3	
懻	kˠi3/kɨi̯3	
懼	ɡˠu3/ɡɨ̯u3	
懽	χwɑn1/huon1	
懽	qwɑn3/kuon3	
懾	tɕɛp4/tʃiep4	
懿	ʔˠi3/ʔɨi̯3	
戀	lˠwɛn3/ɭyen3	
戁	ɳan2/ɳɯan2	
戁	ɲɛn2/ɲʒien2	
戃	tʰɑŋ2/tʰɑŋ2	
戄	xˠwɑk4/hʉɔk4	
戄	ɡˠwɑk4/ɡʉɔk4	
戇	χɨwŋ3/huŋ3	
戇	ʈawŋ3/ʈɯaŋ3	
戈	qwɑ1/kuɔ1	
戉	ɰwɛt4/ʉot4	
戊	mu3/mu3	
戊	mɨw3/muəu3	老
戌	sʲwit4/syt4	
戍	ɕu3/ʃɨ̯u3	
戎	ɲɨwŋ1/ɲʒɨuŋ1	
成	ʑɛŋ1/dʒieŋ1	
我	ɴɑ2/ŋɑ2	
戒	qaj3/kɯai3	
戔	dzɑn1/dzɑn1	
戕	qɑ1/kɑ1	
戕	dzʲɑŋ1/dzɨɔŋ1	
戕	tsɑŋ1/tsɑŋ1	
或	ʁwɨk4/ɦuək4	
戚	tsʲʰɛk4/tsʰiek4	
戛	qat4/kɯat4	
戜	dʲɛt4/diet4	
戟	kˠɛk4/kɨek4	
戠	tɕɨk4/tʃik4	
戡	qʰɑm1/kʰɑm1	
戡	ʈˠim2/ʈim2	
戢	tʂip4/tʂʅᵊp4	
戣	ɡˠwi1/ɡɨui1	
戩	tsʲɛn2/tsien2	
截	dzʲɛt4/dziet4	
戫	ʔˠɨwk4/ʔɨuk4	
戭	jin2/jin2	
戭	jɛn2/jien2	
戮	lˠɨwk4/ɭɨuk4	
戰	tɕɛn3/tʃien3	
戲	xˠi1/hɨi̯1	
戲	χu1/hu1	
戲	xˠi3/hɨi̯3	
戴	tɑj3/tɑi3	
戵	ɡˠu1/ɡɨ̯u1	
戶	ʁu3/ɦu3	
戹	ʔɛk4/ʔɯɛk4	
戺	dʐi3/dʐʅi̯3	
戻	tʲʰɛj3/tʰiei3	
戼	maw2/muau2	
戽	χu2/hu2	
戽	ʁu3/ɦu3	
戽	χu3/hu3	
戾	lʲɛj3/liei3	
戾	lʲɛt4/liet4	
房	vɑŋ1/bvuɔŋ1	
房	bɑŋ1/buɔŋ1	
所	ʂɨ2/ʂʅu2	
扁	pʲʰɛn1/pʰien1	
扁	pʲɛn2/pien2	
扁	bʲɛn3/bien3	
扂	dʲɛm3/diem3	
扃	kʲwɛŋ1/kyeŋ1	
扅	ji1/ji1	
扆	ʔˠi2/ʔɨi̯2	
扇	ɕɛn1/ʃien1	
扇	ɕɛn3/ʃien3	
扈	ʁu3/ɦu3	
扉	fi1/pfi1	
扊	jɛm2/jiem2	
手	ɕɨw2/ʃiu̯2	
才	dzɑj1/dzɑi1	
扎	tʂat4/tʂɯat4	
扏	ɡˠɨw1/ɡɨu̯1	
扐	lɨk4/lək4	
扑	pʰɨwk4/pʰuk4	
扒	paj3/puai3	
扒	pat4/puat4	
扒	pˠɛt4/pɨet4	
打	tɛŋ2/tɯɛŋ2	
打	tʲɛŋ2/tieŋ2	
扔	ɲɨŋ1/ɲʒiŋ1	
扔	ɲɨŋ3/ɲʒiŋ3	
扚	tʲɛw2/tieu2	
扚	tʲɛk4/tiek4	
扛	qawŋ1/kɯaŋ1	
扜	xˠu1/hɨ̯u1	
扜	ʔˠu1/ʔɨ̯u1	
扝	ʔu1/ʔu1	
扝	qʰu1/kʰu1	
扞	ʁɑn3/ɦɑn3	
扟	ʂin1/ʂʅᵊn1	
扠	ʈʰa1/ʈʰɯa1	
扠	ʈʰaj1/ʈʰɯai1	老
扡	ji2/ji2	
扢	kˠit4/kɨt4	
扢	qwɨt4/kut4	
扢	ʁwɨt4/ɦut4	
扣	qʰɨw2/kʰəu2	
扣	qʰɨw3/kʰəu3	
扤	ŋˠwɛt4/ŋʉot4	
扤	ɴwɨt4/ŋut4	
扭	ɳˠɨw2/ɳiu̯2	
扭	ʈˠɨw2/ʈiu̯2	
扮	fun1/pfun1	
扮	qat4/kɯat4	
扮	fun2/pfun2	
扮	vun3/bvun3	
扮	pan3/puan3	
扱	tʂʰap4/tʂʰɯap4	
扳	pan1/puan1	
扳	pʰan1/pʰuan1	
扴	qat4/kɯat4	
扵	ʔˠɨ1/ʔɨ̯u1	
扶	vu1/bvu1	
扶	fu1/pfu1	
批	pʲʰɛj1/pʰiei1	
扺	tɕi2/tʃi2	
扽	twɨn3/tun3	
承	ʑɨŋ1/dʒiŋ1	
技	ɡˠi3/ɡɨi̯3	
抁	jwɛn2/jyen2	
抃	bˠɛn3/bɨen3	
抄	tʂʰaw1/tʂʰɯau1	
抄	tʂʰaw3/tʂʰɯau3	
抆	ɱun2/mvun2	
抆	ɱun3/mvun3	
抈	ŋˠwɛt4/ŋʉot4	
抉	kʲwɛt4/kyet4	
抉	ʔʲwɛt4/ʔyet4	
把	pa2/pua2	
抌	jɨw1/jiu̯1	
抌	ju2/jɨ̯u2	
抌	tɑm2/tɑm2	
抍	ɕɨŋ1/ʃiŋ1	
抍	tɕɨŋ2/tʃiŋ2	
抎	ɰun2/ɨun2	
抏	ɴwɑn1/ŋuon1	
抐	nwɨn3/nun3	
抐	nwɨt4/nut4	
抑	ʔˠɨk4/ʔɨk4	
抒	zʲɨ3/zɨ̯u3	
抒	ʑɨ3/ʒɨ̯u3	
抓	tʂaw1/tʂɯau1	
抓	tʂaw2/tʂɯau2	
抓	tʂaw3/tʂɯau3	
抔	pʰɑj1/pʰuoi1	
抔	bɨw1/buəu1	
投	dɨw1/dəu1	
抖	tɨw2/təu2	
抗	ʁɑŋ1/ɦɑŋ1	
抗	qʰɑŋ3/kʰɑŋ3	
折	dʲɛj1/diei1	
折	tɕɛt4/tʃiet4	
折	ʑɛt4/ʒiet4	
抧	tɕi2/tʃi2	
抨	pʰɛŋ1/pʰuɛŋ1	
抩	nɑm1/nɑm1	
抪	pu1/pu1	
抪	pu3/pu3	
披	pˠʰi1/pʰɨi̯1	
披	pˠʰi2/pʰɨi̯2	
抭	jɛw2/jieu2	
抮	xʲɛn2/hien2	
抯	tʂa1/tʂɯa1	
抯	zʲa3/zia3	
抯	tsʲa2/tsia2	
抱	bɑw3/buɔu3	
抲	χɑ1/hɑ1	
抴	jɛj3/jiei3	
抴	jɛt4/jiet4	
抵	tʲɛj2/tiei2	
抶	ʈˠʰit4/ʈʰit4	
抹	mɑt4/muot4	
抻	ɕin3/ʃin3	
押	ʔap4/ʔɯap4	
押	qap4/kɯap4	
抽	ʈˠʰɨw1/ʈʰiu̯1	
抾	kˠʰi1/kʰɨi̯1	
抾	kˠʰɛp4/kʰɨep4	
拂	fʰut4/pfʰut4	
拃	tʂan2/tʂɯan2	
拄	ʈˠu2/ʈɨ̯u2	
担	tɑn2/tɑn2	
拇	mu2/mu2	
拇	mɨw2/muəu2	老
拈	nʲɛm1/niem1	
拉	lɑp4/lɑp4	
拊	fʰu2/pfʰu2	
拋	pʰaw1/pʰuau1	
拋	pʰaw3/pʰuau3	
拌	pʰɑn1/pʰuon1	
拌	bɑn3/buon3	
拍	pʰɛk4/pʰuɛk4	
拎	lʲɛŋ1/lieŋ1	
拏	ɳa1/ɳɯa1	
拐	qwaj2/kuai2	
拑	ɡˠɛm1/ɡɨem1	
拒	ɡˠɨ3/ɡɨ̯u3	
拓	tʰɑk4/tʰɑk4	
拓	tɕɛk4/tʃiek4	
拔	vɛt4/bvuɐt4	
拔	bɑt4/buot4	
拔	bat4/buat4	
拕	tʰɑ1/tʰɑ1	
拕	dɑ3/dɑ3	
拖	tʰɑ3/tʰɑ3	
拗	ʔaw2/ʔɯau2	
拘	kˠu1/kɨ̯u1	
拙	tɕwɛt4/tʃyet4	
拚	fun3/pfun3	
拚	bˠɛn3/bɨen3	
招	tɕɛw1/tʃieu1	
拜	paj3/puai3	
拫	ʁɨn1/ɦən1	
括	qwɑt4/kuot4	
拭	ɕɨk4/ʃik4	
拮	kʲit4/kit4	
拮	kʲɛt4/kiet4	
拯	tɕɨŋ2/tʃiŋ2	
拰	ɳˠim2/ɳim2	
拱	kˠuŋ2/kɨuŋ2	
拲	kˠuŋ2/kɨuŋ2	
拲	kˠuk4/kɨuk4	
拳	ɡˠwɛn1/ɡʉon1	
拴	tsʲʰwɛn1/tsʰyen1	
拵	dzwɨn1/dzun1	
拶	tsɑt4/tsɑt4	
拸	ji1/ji1	
拹	xˠɛp4/hɨep4	
拺	tʂʰɛk4/tʂʰɯɛk4	
拺	ʂɛk4/ʂɯɛk4	
拼	pɛŋ1/puɛŋ1	
拾	ʑip4/ʒip4	
持	ɖˠi1/ɖi1	
挂	qwa3/kua3	
挂	qwaj3/kuai3	老
挃	ʈˠit4/ʈit4	
挆	twɑ2/tuɔ2	
挆	twɑ3/tuɔ3	
指	tɕi2/tʃi2	
挈	kʲʰɛt4/kʰiet4	
按	ʔɑn3/ʔɑn3	
挋	tɕin3/tʃin3	
挌	lɑk4/lɑk4	
挌	qɛk4/kɯɛk4	
挎	qʰu1/kʰu1	
挏	dɨwŋ1/duŋ1	
挏	dɨwŋ3/duŋ3	
挐	ɳˠɨ1/ɳɨ̯u1	
挐	ɳa1/ɳɯa1	
挑	tʲʰɛw1/tʰieu1	
挑	tʰɑw1/tʰɑu1	
挑	dʲɛw3/dieu3	
挒	lˠɛt4/ɭiet4	
挨	ʔaj2/ʔɯai2	
挨	ʔɑj2/ʔɑi2	
挩	dwɑt4/duot4	
挩	tʰwɑt4/tʰuot4	
挪	nɑ1/nɑ1	
挫	tswɑ3/tsuɔ3	
挬	bɨt4/but4	
挭	qɛŋ2/kɯɛŋ2	
挮	tʲʰɛj2/tʰiei2	
振	tɕin1/tʃin1	
振	tɕin3/tʃin3	
挰	ɖɛŋ1/ɖɯɛŋ1	
挱	sɑ1/sɑ1	
挲	sɑ1/sɑ1	
挴	mɑj2/muoi2	
挶	kˠuk4/kɨuk4	
挸	kʲɛn2/kien2	
挹	ʔʲip4/ʔip4	
挺	dʲɛŋ1/dieŋ1	
挺	dʲɛŋ3/dieŋ3	
挻	ɕɛn1/ʃien1	
挼	swɑj1/suoi1	
挽	ɱɛn2/mvuɐn2	
挾	ɣʲɛp4/ɦiep4	
捀	vuŋ1/bvuŋ1	
捀	vuŋ3/bvuŋ3	
捂	ɴu3/ŋu3	
捃	kˠun3/kɨun3	
捄	kˠu1/kɨ̯u1	
捄	ɡˠɨw1/ɡɨu̯1	
捅	tʰɨwŋ2/tʰuŋ2	
捇	χwɛk4/huɛk4	
捈	du1/du1	
捈	tʰu1/tʰu1	
捉	tʂawk4/tʂɯak4	
捊	baw1/buau1	
捊	bɨw1/buəu1	
捋	lwɑt4/luot4	
捌	pat4/puat4	
捍	ʁan3/ɦɯan3	
捍	ʁɑn3/ɦɑn3	
捎	sʲɛw1/sieu1	
捎	ʂaw1/ʂɯau1	
捏	nʲɛt4/niet4	
捐	jwɛn1/jyen1	
捒	ʂɨ3/ʂʅu3	
捒	ʂu3/ʂʅu3	
捔	qawk4/kɯak4	
捔	dʐawk4/dʐɯak4	
捕	bu3/bu3	
捖	ʁwɑn1/ɦuon1	
捘	tsʲʰwin1/tsʰyn1	
捘	tswɑj3/tsuoi3	
捘	tswɨn3/tsun3	
捥	ʔwɑn3/ʔuon3	
捦	ɡˠim1/ɡɨm1	
捧	fʰuŋ2/pfʰuŋ2	
捨	ɕa2/ʃia2	
捩	lʲɛj3/liei3	
捩	lʲɛt4/liet4	
捪	mˠin1/mɨn1	
捫	mɨn1/mun1	
捭	paj2/puai2	
据	kˠɨ1/kɨ̯u1	
捲	ɡˠwɛn1/ɡʉon1	
捲	kˠwɛn2/kʉon2	
捲	kˠwɛn3/kʉon3	
捳	ɴawk4/ŋɯak4	
捶	tɕwi2/tʃyi̯2	
捷	dzʲɛp4/dziep4	
捺	nɑt4/nɑt4	
捻	nʲɛp4/niep4	
捼	ɲwi1/ɲʒyi̯1	
捼	nwɑj1/nuoi1	
捼	nwɑ1/nuɔ1	
捽	dzʲwit4/dzyt4	
捽	dzwɨt4/dzut4	
捾	ʔwɑt4/ʔuot4	
掀	xˠɛn1/hɨen1	
掁	ɖɛŋ1/ɖɯɛŋ1	
掃	sɑw2/sɑu2	
掃	sɑw3/sɑu3	
掄	lˠwin1/ɭyn1	
掄	lwɨn1/lun1	
掅	tsʲʰɛŋ3/tsʰieŋ3	
掆	qɑŋ1/kɑŋ1	
掆	qɑŋ3/kɑŋ3	
掇	twɑt4/tuot4	
掇	ʈˠwɛt4/ʈyet4	
授	ʑɨw3/ʒiu̯3	
掉	dʲɛw3/dieu3	
掉	ɳawk4/ɳɯak4	
掊	baw1/buau1	
掊	vɨw1/bvuəu1	
掊	bɨw1/buəu1	
掊	pɨw2/puəu2	
掌	tɕɑŋ2/tʃɨɔŋ2	
掍	ʁwɨn3/ɦun3	
掎	kˠi1/kɨi̯1	
掎	kˠi2/kɨi̯2	
掎	kˠʰi3/kʰɨi̯3	
掏	dɑw1/dɑu1	
掐	qʰap4/kʰɯap4	
排	baj1/buai1	
掓	ɕɨwk4/ʃɨuk4	
掔	qʰan1/kʰɯan1	
掔	kʲʰɛn1/kʰien1	
掕	lˠɨŋ1/ɭiŋ1	
掖	jɛk4/jiek4	
掘	ɡˠut4/ɡɨut4	
掘	ɡˠwɛt4/ɡʉot4	
掛	qwa3/kua3	
掛	qwaj3/kuai3	老
掜	ɳaj1/ɳɯai1	
掜	ŋʲɛj2/ŋiei2	
掝	χwɛk4/huɛk4	
掞	ɕɛm3/ʃiem3	
掟	dʲɛŋ3/dieŋ3	
掠	lˠɑŋ3/ɭɨɔŋ3	
掠	lˠɑk4/ɭɨɔk4	
採	tsʰɑj2/tsʰɑi2	
探	tʰɑm1/tʰɑm1	
掣	tɕʰɛj3/tʃʰiei3	
掣	tɕʰɛt4/tʃʰiet4	
掤	pˠɨŋ1/pɨŋ1	
接	tsʲɛp4/tsiep4	
控	qʰawŋ1/kʰɯaŋ1	
控	qʰɨwŋ3/kʰuŋ3	
推	tɕʰwi1/tʃʰyi̯1	
推	tʰwɑj1/tʰuoi1	
掩	ʔˠɛm2/ʔɨem2	
措	tsʰu3/tsʰu3	
掫	tsʲu1/tsɨ̯u1	
掫	tsɨw1/tsəu1	
掫	tʂɨw2/tʂʅᵊu2	
掬	kˠɨwk4/kɨuk4	
掾	jwɛn3/jyen3	
揀	qan2/kɯan2	
揀	lʲɛn3/lien3	
揂	tsʲɨw1/tsiu̯1	
揃	tsʲɛn2/tsien2	
揄	ju1/jɨ̯u1	
揄	jɨw1/jiu̯1	
揄	dɨw1/dəu1	
揄	dɨw3/dəu3	
揅	ŋʲɛn1/ŋien1	
揆	ɡʲwi3/ɡyi̯3	
揇	nɑm2/nɑm2	
揈	χwɛŋ1/huɛŋ1	
揉	ɲɨw1/ɲʒiu̯1	
揊	pˠʰɨk4/pʰɨk4	
揋	ʔwɑj1/ʔuoi1	
揌	sɑj1/sɑi1	
揎	sʲwɛn1/syen1	
描	mˠɛw1/mɨeu1	
描	maw1/muau1	
提	ʑi1/dʒi1	
提	dʲɛj1/diei1	
插	tʂʰap4/tʂʰɯap4	
揕	ʈˠim3/ʈim3	
揖	ʔʲip4/ʔip4	
揗	zʲwin1/zyn1	
揗	ʑwin3/ʒyn3	
揘	ɰwɛŋ1/ʉeŋ1	
揙	pʲɛn1/pien1	
揚	jɑŋ1/jɨɔŋ1	
換	ʁwɑn3/ɦuon3	
揜	ʔɑm2/ʔɑm2	
揜	ʔˠɛm2/ʔɨem2	
揞	ʔɑm2/ʔɑm2	
揞	ʔam3/ʔɯam3	
揟	sʲɨ1/sɨ̯u1	
揠	ʔat4/ʔɯat4	
握	ʔawk4/ʔɯak4	
揢	qʰɛk4/kʰɯɛk4	
揣	tʂʰwi2/tʂʰʯᵊi2	
揣	twɑ2/tuɔ2	
揤	dzʲit4/dzit4	
揤	tsʲɨk4/tsik4	
揥	tʲɛj1/tiei1	
揥	tʲʰɛj3/tʰiei3	
揥	ʈˠʰɛj3/ʈʰiei3	
揧	lɑt4/lɑt4	
揨	ɖɛŋ1/ɖɯɛŋ1	
揩	qʰaj1/kʰɯai1	
揩	qʰaj3/kʰɯai3	
揫	tsʲɨw1/tsiu̯1	
揬	dwɨt4/dut4	
揭	kˠʰɛj3/kʰɨei3	
揭	kˠɛt4/kɨet4	
揭	ɡˠɛt4/ɡɨet4	
揭	kˠʰɛt4/kʰɨet4	
揮	xˠwi1/hɨui1	
揯	qɨŋ1/kəŋ1	
揯	qɨŋ3/kəŋ3	
揱	sʲɛw1/sieu1	
揱	ʂaw3/ʂɯau3	
揱	ʂawk4/ʂɯak4	
揲	ʑɛt4/ʒiet4	
揲	jɛp4/jiep4	
揲	dʲɛp4/diep4	
揳	sʲɛt4/siet4	
援	ɰwɛn1/ʉon1	
援	ɰwɛn3/ʉon3	
揵	ɡˠɛn1/ɡɨen1	
揵	kˠɛn2/kɨen2	
搆	qɨw3/kəu3	
搈	juŋ1/jɨuŋ1	
搉	qawk4/kɯak4	
搉	qʰawk4/kʰɯak4	
搊	tʂu1/tʂʅu1	
搊	tʂʰɨw1/tʂʰʅᵊu1	
搊	tʂɨw2/tʂʅᵊu2	
搋	ʈʰa1/ʈʰɯa1	
搋	ʈʰaj1/ʈʰɯai1	老
搌	ʈˠɛn2/ʈien2	
搌	ʈˠʰɛn2/ʈʰien2	
損	swɨn2/sun2	
搎	swɨn1/sun1	
搏	fu3/pfu3	
搏	pʰɑk4/pʰuɔk4	
搏	pɑk4/puɔk4	
搑	ɲuŋ1/ɲʒɨuŋ1	
搑	ɲuŋ2/ɲʒɨuŋ2	
搒	bɛŋ1/buɛŋ1	
搒	pɑŋ3/puɔŋ3	
搓	tsʰɑ1/tsʰɑ1	
搔	sɑw1/sɑu1	
搕	ʔɑp4/ʔɑp4	
搖	jɛw1/jieu1	
搖	jɛw3/jieu3	
搙	nɨwk4/nuk4	
搙	ɳawk4/ɳɯak4	
搚	lɑp4/lɑp4	
搜	ʂɨw1/ʂʅᵊu1	
搢	tsʲin3/tsin3	
搣	mʲɛt4/miet4	
搤	ʔɛk4/ʔɯɛk4	
搥	twɑj1/tuoi1	
搦	ɳawk4/ɳɯak4	
搦	ɳɛk4/ɳɯɛk4	
搨	tɑp4/tɑp4	
搩	ɡˠɛt4/ɡɨet4	
搪	dɑŋ1/dɑŋ1	
搫	bɑn1/buon1	
搫	bɑ1/buɔ1	
搭	tʰɑp4/tʰɑp4	
搮	lˠit4/ɭit4	
搯	tʰɑw1/tʰɑu1	
搰	ʁwɨt4/ɦut4	
搱	ɳaj1/ɳɯai1	
搴	kˠɛn2/kɨen2	
搵	ʔˠun2/ʔɨun2	
搵	ʔwɨn3/ʔun3	
搵	ʔwɨt4/ʔut4	
搶	tsʲʰɑŋ1/tsʰɨɔŋ1	
搶	tʂʰɑŋ2/tʂʰʅɔŋ2	
搶	tsʲʰɑŋ2/tsʰɨɔŋ2	
搷	dʲɛn1/dien1	
搸	tʂin1/tʂʅᵊn1	
搹	qɛk4/kɯɛk4	
携	ɣʲwɛj1/ɦyei1	
摋	sɑt4/sɑt4	
摌	ʂan2/ʂɯan2	
摍	ʂɨwk4/ʂʅuk4	
摎	qaw1/kɯau1	
摎	lˠɨw1/ɭiu̯1	
摏	ɕuŋ1/ʃɨuŋ1	
摐	tsʲʰuŋ1/tsʰɨuŋ1	
摐	tʂʰawŋ1/tʂʰɯaŋ1	
摑	qwɛk4/kuɛk4	
摒	pʲɛŋ3/pieŋ3	
摕	tʲɛj3/tiei3	
摕	dʲɛj3/diei3	
摕	dʲɛt4/diet4	
摖	tsʲʰɛj3/tsʰiei3	
摗	sɨw1/səu1	
摘	ʈɛk4/ʈɯɛk4	
摘	tʲʰɛk4/tʰiek4	
摙	lˠɛn2/ɭien2	
摙	lˠɛn3/ɭien3	
摛	ʈˠʰi1/ʈʰi1	
摜	qwan3/kuan3	
摝	lɨwk4/luk4	
摞	lwɑ1/luɔ1	
摞	lwɑ3/luɔ3	
摟	lˠu1/ɭɨ̯u1	
摟	lɨw1/ləu1	
摠	tsɨwŋ2/tsuŋ2	
摡	xˠi3/hɨi̯3	
摡	qɑj3/kɑi3	
摣	ɳa1/ɳɯa1	
摤	tsʲʰɑŋ2/tsʰɨɔŋ2	
摥	tʰɑŋ3/tʰɑŋ3	
摦	ʁwa3/ɦua3	
摧	dzwɑj1/dzuoi1	
摩	mɑ1/muɔ1	
摩	mɑ3/muɔ3	
摫	kʲwi1/kyi̯1	
摬	ʔˠɛŋ2/ʔɨeŋ2	
摭	tɕɛk4/tʃiek4	
摮	ɴɑw1/ŋɑu1	
摯	tɕi3/tʃi3	
摲	tʂʰam3/tʂʰɯam3	
摳	kˠʰu1/kʰɨ̯u1	
摳	qʰɨw1/kʰəu1	
摴	ʈˠʰɨ1/ʈʰɨ̯u1	
摵	ʂɨwk4/ʂʅuk4	
摵	tsʲɨwk4/tsɨuk4	
摵	ʂɛk4/ʂɯɛk4	
摶	dwɑn1/duon1	
摶	ɖˠwɛn3/ɖyen3	
摷	lʲɛw1/lieu1	
摷	tʂaw1/tʂɯau1	
摸	mu1/mu1	
摸	mɑk4/muɔk4	
摺	lɑp4/lɑp4	
摺	tɕɛp4/tʃiep4	
摻	ʂam1/ʂɯam1	
摻	ʂam2/ʂɯam2	
摼	qʰɛŋ1/kʰɯɛŋ1	
摽	pʲʰɛw1/pʰieu1	
摽	bʲɛw3/bieu3	
摽	pʲʰɛw3/pʰieu3	
撅	kˠwɛt4/kʉot4	
撅	ɡˠwɛt4/ɡʉot4	
撆	pʲʰɛt4/pʰiet4	
撈	lɑw1/lɑu1	
撋	ɲwɛn1/ɲʒyen1	
撍	tʂim1/tʂʅᵊm1	
撍	tsɑm1/tsɑm1	
撍	tsɑm2/tsɑm2	
撍	tsɑm3/tsɑm3	
撎	ʔˠi3/ʔɨi̯3	
撏	zʲim1/zim1	
撏	dzɑm1/dzɑm1	
撏	ʑɛm1/dʒiem1	
撓	χɑw1/hɑu1	
撓	ɳaw2/ɳɯau2	
撕	sʲɛj1/siei1	
撖	qʰɑm1/kʰɑm1	
撖	qʰam2/kʰɯam2	
撖	ʁam3/ɦɯam3	
撘	tɑp4/tɑp4	
撙	tswɨn2/tsun2	
撚	nʲɛn2/nien2	
撛	lˠin2/ɭin2	
撛	lˠin3/ɭin3	
撜	tɕɨŋ2/tʃiŋ2	
撝	xˠwi1/hɨui1	
撞	ɖawŋ1/ɖɯaŋ1	
撞	ɖawŋ3/ɖɯaŋ3	
撟	kˠɛw1/kɨeu1	
撟	kˠɛw2/kɨeu2	
撠	kˠɛk4/kɨek4	
撢	jim1/jim1	
撢	tʰɑm1/tʰɑm1	
撢	tʰɑm3/tʰɑm3	
撣	dɑn1/dɑn1	
撣	ʑɛn1/dʒien1	
撣	dɑn3/dɑn3	
撤	ɖˠɛt4/ɖiet4	
撤	ʈˠʰɛt4/ʈʰiet4	
撥	pɑt4/puot4	
撦	tɕʰa2/tʃʰia2	
撨	sʲɛw1/sieu1	
撨	dzʲɛw1/dzieu1	
撩	lʲɛw1/lieu1	
撩	lʲɛw2/lieu2	
撫	fʰu2/pfʰu2	
播	pɑ3/puɔ3	
撮	tswɑt4/tsuot4	
撮	tsʰwɑt4/tsʰuot4	
撰	dʐwan3/dʐuan3	
撰	dʐwɛn3/dʐʯen3	
撱	jwi2/jyi̯2	
撲	pʰɨwk4/pʰuk4	
撻	tʰɑt4/tʰɑt4	
撼	ʁɑm3/ɦɑm3	
撿	lˠɛm2/ɭiem2	
擁	ʔˠuŋ2/ʔɨuŋ2	
擄	lu2/lu2	
擅	ʑɛn3/ʒien3	
擆	ʈˠɑk4/ʈɨɔk4	
擇	ɖɛk4/ɖɯɛk4	
擉	tʂʰawk4/tʂʰɯak4	
擊	kʲɛk4/kiek4	
擋	tɑŋ3/tɑŋ3	
擌	ʂɛk4/ʂɯɛk4	
操	tsʰɑw1/tsʰɑu1	
操	tsʰɑw3/tsʰɑu3	
擎	ɡˠɛŋ1/ɡɨeŋ1	
擐	qwan1/kuan1	
擐	ʁwan3/ɦuan3	
擒	ɡˠim1/ɡɨm1	
擔	tɑm1/tɑm1	
擔	tɑm3/tɑm3	
擖	qʰat4/kʰɯat4	
擖	qat4/kɯat4	
擖	ɖap4/ɖɯap4	
擗	bʲɛk4/biek4	
擘	pɛk4/puɛk4	
據	kˠɨ3/kɨ̯u3	
擠	tsʲɛj1/tsiei1	
擠	tsʲɛj3/tsiei3	
擡	dɑj1/dɑi1	
擢	ɖawk4/ɖɯak4	
擣	tɑw2/tɑu2	
擥	lɑm1/lɑm1	
擥	lɑm2/lɑm2	
擧	jɨ1/jɨ̯u1	
擨	ja1/jia1	
擩	ɲwi1/ɲʒyi̯1	
擩	ɲu2/ɲʒɨ̯u2	
擩	ɲu3/ɲʒɨ̯u3	
擩	nɨw3/nəu3	
擪	ʔʲɛm2/ʔiem2	
擪	ʔʲɛp4/ʔiep4	
擬	ŋˠi2/ŋɨi̯2	
擭	ʁu3/ɦu3	
擭	ʁwɑk4/ɦuɔk4	
擭	ʔwɛk4/ʔuɛk4	
擯	pʲin3/pin3	
擲	ɖˠɛk4/ɖiek4	
擳	tʂit4/tʂʅᵊt4	
擴	ʁwɑŋ3/ɦuɔŋ3	
擷	ɣʲɛt4/ɦiet4	
擷	xʲɛt4/hiet4	
擸	lɑp4/lɑp4	
擸	lˠɛp4/ɭiep4	
擹	tʰɑn1/tʰɑn1	
擺	paj2/puai2	
擻	sɨw2/səu2	
擽	lˠɑk4/ɭɨɔk4	
擽	lʲɛk4/liek4	
擾	ɲɛw2/ɲʒieu2	
擿	ɖˠɛk4/ɖiek4	
攀	pʰan1/pʰuan1	
攂	lwɑj3/luoi3	
攃	sɑt4/sɑt4	
攃	tsʰɑt4/tsʰɑt4	
攄	ʈˠʰɨ1/ʈʰɨ̯u1	
攇	xˠɛn2/hɨen2	
攈	kˠun3/kɨun3	
攉	χwɑk4/huɔk4	
攊	lʲɛk4/liek4	
攋	lɑt4/lɑt4	
攍	jɛŋ1/jieŋ1	
攎	lu1/lu1	
攏	lɨwŋ2/luŋ2	
攐	kˠʰɛn1/kʰɨen1	
攑	kˠʰɛn1/kʰɨen1	
攔	lɑn1/lɑn1	
攕	ʂam1/ʂɯam1	
攖	ʔʲɛŋ1/ʔieŋ1	
攗	mˠi1/mɨi̯1	
攘	ɲɑŋ1/ɲʒɨɔŋ1	
攘	ɲɑŋ2/ɲʒɨɔŋ2	
攘	ɲɑŋ3/ɲʒɨɔŋ3	
攙	dʐam1/dʐɯam1	
攙	tʂʰam1/tʂʰɯam1	
攜	ɣʲwɛj1/ɦyei1	
攝	ɕɛp4/ʃiep4	
攝	nʲɛp4/niep4	
攞	lɑ2/lɑ2	
攡	lˠi1/ɭi1	
攢	tsɑn3/tsɑn3	
攢	dzwɑn3/dzuon3	
攣	lˠwɛn1/ɭyen1	
攤	tʰɑn1/tʰɑn1	
攤	nɑn2/nɑn2	
攤	nɑn3/nɑn3	
攥	tswɑt4/tsuot4	
攨	ʔwa3/ʔua3	
攩	tʰɑŋ2/tʰɑŋ2	
攩	ʁwɑŋ3/ɦuɔŋ3	
攪	qaw2/kɯau2	
攫	kˠwɑk4/kʉɔk4	
攬	lɑm2/lɑm2	
支	tɕi1/tʃi1	
攱	kˠwi2/kɨui2	
攱	kˠwi3/kɨui3	
攲	kˠʰi1/kʰɨi̯1	
攲	kˠi1/kɨi̯1	
攲	kˠi2/kɨi̯2	
攴	pʰɨwk4/pʰuk4	
攴	pʰawk4/pʰuak4	
收	ɕɨw1/ʃiu̯1	
收	ɕɨw3/ʃiu̯3	
攷	qʰɑw2/kʰɑu2	
攸	jɨw1/jiu̯1	
改	qɑj2/kɑi2	
攺	ji2/ji2	
攺	zi3/zi3	
攻	qɨwŋ1/kuŋ1	
攽	pˠin1/pɨn1	
放	fɑŋ2/pfuɔŋ2	
放	fɑŋ3/pfuɔŋ3	
政	tɕɛŋ3/tʃieŋ3	
敀	pɛk4/puɛk4	
敀	pʰɛk4/pʰuɛk4	
敁	tʲɛm1/tiem1	
敂	qɨw2/kəu2	
敃	mˠin2/mɨn2	
敄	ɱu2/mvu2	
敄	ɱu3/mvu3	
故	qu3/ku3	
敆	qɑp4/kɑp4	
效	ʁaw3/ɦɯau3	
敉	mʲi2/mi2	
敊	ʈˠʰɨwk4/ʈʰɨuk4	
敌	ʁwat4/ɦuat4	
敏	mˠin2/mɨn2	
敐	ʑin1/dʒin1	
敐	tɕin2/tʃin2	
救	kˠɨw3/kɨu̯3	
敓	dwɑt4/duot4	
敔	ŋˠɨ2/ŋɨ̯u2	
敕	ʈˠʰɨk4/ʈʰik4	
敖	ɴɑw1/ŋɑu1	
敗	baj3/buai3	
敗	paj3/puai3	
敘	zʲɨ3/zɨ̯u3	
教	qaw1/kɯau1	
教	qaw3/kɯau3	
敜	nʲɛp4/niep4	
敝	bʲɛj3/biei3	
敞	tɕʰɑŋ2/tʃʰɨɔŋ2	
敠	twɑt4/tuot4	
敠	tsʲʰwɛt4/tsʰyet4	
敡	ji3/ji3	
敢	qɑm2/kɑm2	
散	sɑn2/sɑn2	
散	sɑn3/sɑn3	
敤	qʰwɑ2/kʰuɔ2	
敤	qʰwɑ3/kʰuɔ3	
敦	twɑj1/tuoi1	
敦	twɨn1/tun1	
敦	dwɑn1/duon1	
敦	twɨn3/tun3	
敫	jɑk4/jɨɔk4	
敬	kˠɛŋ3/kɨeŋ3	
敭	jɑŋ1/jɨɔŋ1	
敮	χap4/hɯap4	
敲	qʰaw1/kʰɯau1	
敲	qʰaw3/kʰɯau3	
敳	ɴɑj1/ŋɑi1	
整	tɕɛŋ2/tʃieŋ2	
敵	dʲɛk4/diek4	
敶	ɖˠin1/ɖin1	
敶	ɖˠin3/ɖin3	
敷	fʰu1/pfʰu1	
數	ʂu2/ʂʅu2	
數	ʂu3/ʂʅu3	
數	ʂawk4/ʂɯak4	
敹	lʲɛw1/lieu1	
敺	kˠʰu1/kʰɨ̯u1	
敻	xʲwɛn3/hyen3	
敻	xʲwɛŋ3/hyeŋ3	
敽	kˠɛw2/kɨeu2	
斀	ʈawk4/ʈɯak4	
斁	du3/du3	
斁	tu3/tu3	
斁	jɛk4/jiek4	
斂	lˠɛm2/ɭiem2	
斂	lˠɛm3/ɭiem3	
斃	bʲɛj3/biei3	
斄	lˠi1/ɭi1	
斄	lɑj1/lɑi1	
斅	ʁaw3/ɦɯau3	
文	ɱun1/mvun1	
斌	pˠin1/pɨn1	
斐	fʰi2/pfʰi2	
斑	pan1/puan1	
斒	pan1/puan1	
斕	lan1/ɭɯan1	
斖	ɱi2/mvi2	
斗	tɨw2/təu2	
料	lʲɛw1/lieu1	
料	lʲɛw3/lieu3	
斛	ʁɨwk4/ɦuk4	
斜	ja1/jia1	
斜	zʲa1/zia1	
斝	qa2/kɯa2	
斞	ju2/jɨ̯u2	
斟	tɕim1/tʃim1	
斠	qawk4/kɯak4	
斡	ʔwɑt4/ʔuot4	
斢	tʰɨw2/tʰəu2	
斣	tɨw3/təu3	
斤	kˠin1/kɨn1	
斤	kˠin3/kɨn3	
斥	tɕʰa3/tʃʰia3	
斥	tɕʰɛk4/tʃʰiek4	
斦	ŋˠin1/ŋɨn1	
斧	fu2/pfu2	
斨	tsʲʰɑŋ1/tsʰɨɔŋ1	
斪	ɡˠu1/ɡɨ̯u1	
斫	tɕɑk4/tʃɨɔk4	
斬	tʂam2/tʂɯam2	
斮	tʂawk4/tʂɯak4	
斮	tʂɑk4/tʂʅɔk4	
斯	si1/si1	
新	sʲin1/sin1	
斲	ʈawk4/ʈɯak4	
斷	twɑn2/tuon2	
斷	dwɑn3/duon3	
斷	twɑn3/tuon3	
斸	ʈˠuk4/ʈɨuk4	
方	vɑŋ1/bvuɔŋ1	
方	fɑŋ1/pfuɔŋ1	
於	ʔˠɨ1/ʔɨ̯u1	
於	ʔu1/ʔu1	
施	ɕi1/ʃi1	
施	ɕi3/ʃi3	
斿	jɨw1/jiu̯1	
旁	bɑŋ1/buɔŋ1	
旂	ɡˠi1/ɡɨi̯1	
旃	tɕɛn1/tʃien1	
旄	mɑw1/muɔu1	
旄	mɑw3/muɔu3	
旅	lˠɨ2/ɭɨ̯u2	
旆	bɑj3/buoi3	
旇	pˠʰi1/pʰɨi̯1	
旇	bˠi3/bɨi̯3	
旋	zʲwɛn1/zyen1	
旋	zʲwɛn3/zyen3	
旌	tsʲɛŋ1/tsieŋ1	
旍	tsʲɛŋ1/tsieŋ1	
旎	ɳˠi2/ɳi2	
族	dzɨwk4/dzuk4	
旐	ɖˠɛw3/ɖieu3	
旒	lˠɨw1/ɭiu̯1	
旓	ʂaw1/ʂɯau1	
旔	kˠɛn3/kɨen3	
旖	ʔˠi1/ʔɨi̯1	
旖	ʔˠi2/ʔɨi̯2	
旗	ɡˠi1/ɡɨi̯1	
旚	pʲʰɛw1/pʰieu1	
旛	vɛn1/bvuɐn1	
旛	fʰɛn1/pfʰuɐn1	
旜	tɕɛn1/tʃien1	
旝	qwɑj3/kuoi3	
旞	zʲwi3/zyi̯3	
旟	jɨ1/jɨ̯u1	
无	ɱu1/mvu1	
无	mu1/mu1	
旡	kˠi3/kɨi̯3	
既	kˠi3/kɨi̯3	
日	ɲit4/ɲʒit4	
旦	tɑn3/tɑn3	
旨	tɕi2/tʃi2	
早	tsɑw2/tsɑu2	
旬	zʲwin1/zyn1	
旭	xˠuk4/hɨuk4	
旰	qɑn3/kɑn3	
旱	ʁɑn3/ɦɑn3	
旴	xˠu1/hɨ̯u1	
旵	ʈʰam2/ʈʰɯam2	
旹	ʑi1/dʒi1	
旺	ɰwɑŋ3/ʉɔŋ3	
旻	mˠin1/mɨn1	
旼	mˠin1/mɨn1	
旿	ɴu2/ŋu2	
昂	ɴɑŋ1/ŋɑŋ1	
昃	tʂɨk4/tʂʅᵊk4	
昄	pɑn2/puon2	
昄	pan2/puan2	
昄	ban3/buan3	
昅	ɡˠɛp4/ɡɨep4	
昆	qwɨn1/kun1	
昇	ɕɨŋ1/ʃiŋ1	
昈	ʁu3/ɦu3	
昉	fɑŋ2/pfuɔŋ2	
昊	ʁɑw3/ɦɑu3	
昋	kʲwɛj3/kyei3	
昌	tɕʰɑŋ1/tʃʰɨɔŋ1	
明	mˠɛŋ1/mɨeŋ1	
昏	χwɨn1/hun1	
昒	ɱut4/mvut4	
昒	χwɨt4/hut4	
易	ji3/ji3	
易	jɛk4/jiek4	
昔	sʲɛk4/siek4	
昕	xˠin1/hɨn1	
昚	ʑin3/ʒin3	
昜	jɑŋ1/jɨɔŋ1	
昝	tsɑm2/tsɑm2	
昞	pˠɛŋ2/pɨeŋ2	
星	sʲɛŋ1/sieŋ1	
映	ʔɑŋ2/ʔɑŋ2	
映	ʔˠɛŋ3/ʔɨeŋ3	
昢	pʰɑj3/pʰuoi3	
昢	pʰɨt4/pʰut4	
昤	lʲɛŋ1/lieŋ1	
春	tɕʰwin1/tʃʰyn1	
昦	ʁɑw3/ɦɑu3	
昧	mɑj3/muoi3	
昨	dzɑk4/dzɑk4	
昩	mɑt4/muot4	
昪	bˠɛn3/bɨen3	
昫	xˠu3/hɨ̯u3	
昭	tɕɛw1/tʃieu1	
是	ʑi3/ʒi3	
昱	jɨwk4/jɨuk4	
昲	fʰi3/pfʰi3	
昳	dʲɛt4/diet4	
昴	maw2/muau2	
昵	ɳˠit4/ɳit4	
昶	ʈˠʰɑŋ2/ʈʰɨɔŋ2	
昶	ʈˠʰɑŋ3/ʈʰɨɔŋ3	
晁	ɖˠɛw1/ɖieu1	
時	ʑi1/dʒi1	
晃	ʁwɑŋ3/ɦuɔŋ3	
晈	kʲɛw2/kieu2	
晉	tsʲin3/tsin3	
晊	tɕit4/tʃit4	
晏	ʔɑn3/ʔɑn3	
晏	ʔan3/ʔɯan3	
晐	qɑj1/kɑi1	
晙	sʲwin3/syn3	
晙	tsʲwin3/tsyn3	
晚	ɱɛn2/mvuɐn2	
晛	ɣʲɛn3/ɦien3	
晛	nʲɛn3/nien3	
晜	qwɨn1/kun1	
晝	ʈˠɨw3/ʈiu̯3	
晞	xˠi1/hɨi̯1	
晟	ʑɛŋ3/ʒieŋ3	
晡	pu1/pu1	
晢	tɕɛj3/tʃiei3	
晢	tɕɛt4/tʃiet4	
晣	tɕɛt4/tʃiet4	
晤	ɴu3/ŋu3	
晥	ʁwɑn3/ɦuon3	
晦	χwɑj3/huoi3	
晧	ʁɑw3/ɦɑu3	
晨	ʑin1/dʒin1	
晪	tʲʰɛn2/tʰien2	
晫	ʈawk4/ʈɯak4	
晫	ʈʰawk4/ʈʰɯak4	
晬	tswɑj3/tsuoi3	
晭	tɕɨw2/tʃiu̯2	
普	pʰu2/pʰu2	
景	kˠɛŋ2/kɨeŋ2	
晲	ŋʲɛj2/ŋiei2	
晴	dzʲɛŋ1/dzieŋ1	
晵	kʲʰɛj2/kʰiei2	
晵	kʲʰɛn3/kʰien3	
晶	tsʲɛŋ1/tsieŋ1	
晷	kˠwi2/kɨui2	
晹	ɕɛk4/ʃiek4	
智	ʈˠi3/ʈi3	
晻	ʔɑm2/ʔɑm2	
晻	ʔˠɛm2/ʔɨem2	
晼	ʔˠwɛn2/ʔʉon2	
暀	ɰwɑŋ2/ʉɔŋ2	
暀	ɰwɑŋ3/ʉɔŋ3	
暀	ʁwɑŋ3/ɦuɔŋ3	
暄	xˠwɛn1/hʉon1	
暅	xˠwɛn2/hʉon2	
暆	ji1/ji1	
暇	ʁa3/ɦɯa3	
暈	ɰun3/ɨun3	
暉	xˠwi1/hɨui1	
暍	ʔˠɛt4/ʔɨet4	
暍	χɑt4/hɑt4	
暎	ʔˠɛŋ3/ʔɨeŋ3	
暏	tu2/tu2	
暐	ɰwi2/ɨui2	
暑	ɕɨ2/ʃɨ̯u2	
暕	qan2/kɯan2	
暖	nwɑn2/nuon2	
暗	ʔɑm3/ʔɑm3	
暘	jɑŋ1/jɨɔŋ1	
暜	tʲʰɛj3/tʰiei3	
暝	mʲɛŋ1/mieŋ1	
暝	mʲɛŋ3/mieŋ3	
暟	qʰɑj2/kʰɑi2	
暠	qɑw2/kɑu2	
暡	ʔɨwŋ2/ʔuŋ2	
暢	ʈˠʰɑŋ3/ʈʰɨɔŋ3	
暤	ʁɑw3/ɦɑu3	
暨	ɡˠi3/ɡɨi̯3	
暨	kˠi3/kɨi̯3	
暨	kˠit4/kɨt4	
暫	dzɑm3/dzɑm3	
暬	sʲɛt4/siet4	
暬	nʲɛp4/niep4	
暮	mu3/mu3	
暰	tsʲʰuŋ1/tsʰɨuŋ1	
暱	ɳˠit4/ɳit4	
暲	tɕɑŋ1/tʃɨɔŋ1	
暳	xʲwɛj3/hyei3	
暴	bɑw3/buɔu3	
暴	bɨwk4/buk4	
暵	χɑn2/hɑn2	
暵	χɑn3/hɑn3	
暹	sʲɛm1/siem1	
暻	kˠwɛŋ2/kʉeŋ2	
暼	pʲʰɛt4/pʰiet4	
暾	tʰwɨn1/tʰun1	
曀	ʔʲɛj3/ʔiei3	
曃	tʰɑj3/tʰɑi3	
曄	ɰip4/ɨp4	
曄	ɰɛp4/ɨep4	
曅	ɰɛp4/ɨep4	
曆	lʲɛk4/liek4	
曇	dɑm1/dɑm1	
曈	dɨwŋ1/duŋ1	
曈	tʰɨwŋ1/tʰuŋ1	
曈	tʰɨwŋ2/tʰuŋ2	
曉	xʲɛw2/hieu2	
曏	xˠɑŋ2/hɨɔŋ2	
曏	ɕɑŋ2/ʃɨɔŋ2	
曏	ɕɑŋ3/ʃɨɔŋ3	
曏	xˠɑŋ3/hɨɔŋ3	
曐	sʲɛŋ1/sieŋ1	
曑	ʂim1/ʂʅᵊm1	
曔	ɡˠɛŋ3/ɡɨeŋ3	
曖	ʔɑj3/ʔɑi3	
曙	ʑɨ3/ʒɨ̯u3	
曚	mɨwŋ2/muŋ2	
曛	xˠun1/hɨun1	
曜	jɛw3/jieu3	
曝	bɑw3/buɔu3	
曝	bɨwk4/buk4	
曠	qʰwɑŋ3/kʰuɔŋ3	
曡	dʲɛp4/diep4	
曦	xˠi1/hɨi̯1	
曨	lɨwŋ1/luŋ1	
曨	lɨwŋ2/luŋ2	
曩	nɑŋ2/nɑŋ2	
曪	lɑ2/lɑ2	
曫	lwɑn1/luon1	
曬	ʂi3/ʂʅi̯3	
曬	ʂaj3/ʂɯai3	
曭	tʰɑŋ2/tʰɑŋ2	
曮	ŋˠɛm2/ŋɨem2	
曰	ɰwɛt4/ʉot4	
曲	kˠʰuk4/kʰɨuk4	
曳	jɛj3/jiei3	
更	qɛŋ1/kɯɛŋ1	
更	qɛŋ3/kɯɛŋ3	
曷	ʁɑt4/ɦɑt4	
書	ɕɨ1/ʃɨ̯u1	
曹	dzɑw1/dzɑu1	
曼	mɑn1/muon1	
曼	ɱɛn3/mvuɐn3	
曾	tsɨŋ1/tsəŋ1	
曾	dzɨŋ1/dzəŋ1	
替	tʲʰɛj3/tʰiei3	
最	tswɑj3/tsuoi3	
朁	dzʲɛm1/dziem1	
朁	tsʰɑm2/tsʰɑm2	
會	ʁwɑj3/ɦuoi3	
會	qwɑj3/kuoi3	
朄	jin3/jin3	
朅	kˠʰɛt4/kʰɨet4	
月	ŋˠwɛt4/ŋʉot4	
有	ɰɨw2/ɨu̯2	
朋	bɨŋ1/buəŋ1	
服	vuk4/bvuk4	
朏	fʰi2/pfʰi2	
朏	pʰɑj2/pʰuoi2	
朒	ɳˠɨwk4/ɳɨuk4	
朓	tʲʰɛw1/tʰieu1	
朓	tʲʰɛw2/tʰieu2	
朔	ʂawk4/ʂɯak4	
朕	ɖˠim3/ɖim3	
朖	lɑŋ2/lɑŋ2	
朗	lɑŋ2/lɑŋ2	
朚	ɱɑŋ1/mvuɔŋ1	
朚	mɑŋ1/muɔŋ1	
朚	mɛŋ3/muɛŋ3	
望	ɱɑŋ1/mvuɔŋ1	
望	ɱɑŋ3/mvuɔŋ3	
朝	ʈˠɛw1/ʈieu1	
朝	ɖˠɛw1/ɖieu1	
朞	kˠi1/kɨi̯1	
期	ɡˠi1/ɡɨi̯1	
朢	ɱɑŋ1/mvuɔŋ1	
朢	ɱɑŋ3/mvuɔŋ3	
朦	mɨwŋ1/muŋ1	
朧	lɨwŋ1/luŋ1	
木	mɨwk4/muk4	
未	ɱi3/mvi3	
末	mɑt4/muot4	
本	pɨn2/pun2	
札	tʂat4/tʂɯat4	
朮	ʑwit4/ʒyt4	
朮	ɖˠwit4/ɖyt4	
朱	tɕu1/tʃɨ̯u1	
朲	ɲin1/ɲʒin1	
朳	pat4/puat4	
朴	pʰawk4/pʰuak4	
朵	twɑ2/tuɔ2	
朶	twɑ2/tuɔ2	
朷	tɑw1/tɑu1	
朷	mɨwk4/muk4	
朸	lˠɨk4/ɭik4	
朸	lɨk4/lək4	
朹	ɡˠɨw1/ɡɨu̯1	
朹	kˠwi2/kɨui2	
机	kˠi1/kɨi̯1	
机	kˠi2/kɨi̯2	
朻	kˠɨw1/kɨu̯1	
朻	kʲɨw1/kiu̯1	
朻	kʲɨw2/kiu̯2	
朼	pʲi2/pi2	
朽	xˠɨw2/hɨu̯2	
朾	ʈɛŋ1/ʈɯɛŋ1	
朾	ɖɛŋ1/ɖɯɛŋ1	
朿	tsʰi3/tsʰi3	
杄	tsʲʰɛn1/tsʰien1	
杅	ɰu1/ɨ̯u1	
杆	qɑn3/kɑn3	
杇	ʔu1/ʔu1	
杈	tʂʰa1/tʂʰɯa1	
杈	tʂʰa3/tʂʰɯa3	
杈	tʂʰaj3/tʂʰɯai3	老
杉	ʂam1/ʂɯam1	
杌	ɴwɨt4/ŋut4	
杍	tsi2/tsi2	
李	lˠi2/ɭi2	
杏	ʁɛŋ3/ɦɯɛŋ3	
材	dzɑj1/dzɑi1	
村	tsʰwɨn1/tsʰun1	
杒	ɲin3/ɲʒin3	
杓	pʲɛw1/pieu1	
杓	pʲʰɛw1/pʰieu1	
杓	ʑɑk4/ʒɨɔk4	
杓	tʲɛk4/tiek4	
杔	ʈɛk4/ʈɯɛk4	
杕	dʲɛj3/diei3	
杖	ɖˠɑŋ3/ɖɨɔŋ3	
杗	ɱɑŋ1/mvuɔŋ1	
杗	mɑŋ1/muɔŋ1	
杘	ʈˠʰi3/ʈʰi3	
杙	jɨk4/jik4	
杜	du3/du3	
杝	ji1/ji1	
杝	ɖˠi3/ɖi3	
杞	kˠʰi2/kʰɨi̯2	
束	ɕuk4/ʃɨuk4	
杠	qawŋ1/kɯaŋ1	
杪	mʲɛw2/mieu2	
杫	si3/si3	
杬	ŋˠwɛn1/ŋʉon1	
杭	ʁɑŋ1/ɦɑŋ1	
杮	fʰɛj3/pfʰei3	
杯	pɑj1/puoi1	
杰	ɡˠɛt4/ɡɨet4	
東	tɨwŋ1/tuŋ1	
杲	qɑw2/kɑu2	
杳	ʔʲɛw2/ʔieu2	
杴	xˠɛm1/hɨem1	
杵	tɕʰɨ2/tʃʰɨ̯u2	
杶	ʈˠʰwin1/ʈʰyn1	
杷	ba1/bua1	
杷	baj3/buai3	
杷	ba3/bua3	
杸	ʑu1/dʒɨ̯u1	
杹	χwa3/hua3	
杺	sʲim1/sim1	
杻	ɳˠɨw2/ɳiu̯2	
杻	ʈˠʰɨw2/ʈʰiu̯2	
杼	ɖˠɨ3/ɖɨ̯u3	
杼	ʑɨ3/ʒɨ̯u3	
杽	ʈˠʰɨw2/ʈʰiu̯2	
松	zʲuŋ1/zɨuŋ1	
板	pan2/puan2	
极	ɡˠɛp4/ɡɨep4	
枂	ŋˠwɛt4/ŋʉot4	
枂	ɴwɑt4/ŋuot4	
枃	tsʲin3/tsin3	
枅	kʲɛj1/kiei1	
枆	mɑw1/muɔu1	
枇	bʲi1/bi1	
枇	pʲi2/pi2	
枇	bʲi3/bi3	
枉	ʔˠwɑŋ2/ʔʉɔŋ2	
枊	ɴɑŋ1/ŋɑŋ1	
枊	ɴɑŋ3/ŋɑŋ3	
枋	fɑŋ1/pfuɔŋ1	
枌	vun1/bvun1	
枍	ʔʲɛj3/ʔiei3	
枎	vu1/bvu1	
析	sʲɛk4/siek4	
枑	ʁu3/ɦu3	
枒	ɴa1/ŋɯa1	
枒	ɴa3/ŋɯa3	
枓	tɕu2/tʃɨ̯u2	
枓	tɨw2/təu2	
枔	zʲim1/zim1	
枕	ɖˠim1/ɖim1	
枕	tɕim2/tʃim2	
枕	tɕim3/tʃim3	
枖	ʔˠɛw1/ʔɨeu1	
林	lˠim1/ɭim1	
枘	ɲwɛj3/ɲʒyei3	
枚	mɑj1/muoi1	
果	qwɑ2/kuɔ2	
枝	tɕi1/tʃi1	
枮	ʈˠim1/ʈim1	
枮	sʲɛm1/siem1	
枯	qʰu1/kʰu1	
枰	bˠɛŋ1/bɨeŋ1	
枰	bˠɛŋ3/bɨeŋ3	
枲	si2/si2	
枳	tɕi2/tʃi2	
枳	kʲi2/ki2	
枴	qwaj2/kuai2	
枵	xˠɛw1/hɨeu1	
架	qa3/kɯa3	
枷	ɡˠɑ1/ɡɨɔ1	
枷	qa1/kɯa1	
枸	qɨw1/kəu1	
枸	kˠu2/kɨ̯u2	
枸	qɨw2/kəu2	
枹	vu1/bvu1	
枹	paw1/puau1	
枹	vɨw1/bvuəu1	
枺	mɑj3/muoi3	
枻	jɛj3/jiei3	
枼	jɛp4/jiep4	
枿	ɴɑt4/ŋɑt4	
柀	pˠi2/pɨi̯2	
柁	dɑ3/dɑ3	
柃	lʲɛŋ1/lieŋ1	
柃	lˠɛŋ2/ɭieŋ2	
柄	pˠɛŋ3/pɨeŋ3	
柅	ɳˠi1/ɳi1	
柅	ɳˠi2/ɳi2	
柈	bɑn1/buon1	
柉	vɛm1/bvuɐm1	
柊	tɕɨwŋ1/tʃɨuŋ1	
柌	zi1/zi1	
柍	ʔˠɑŋ2/ʔɨɔŋ2	
柎	fu1/pfu1	
柏	pɛk4/puɛk4	
某	mu2/mu2	
某	mɨw2/muəu2	老
柑	qɑm1/kɑm1	
柒	tsʲʰit4/tsʰit4	
染	ɲɛm2/ɲʒiem2	
染	ɲɛm3/ɲʒiem3	
柔	ɲɨw1/ɲʒiu̯1	
柖	ʑɛw1/dʒieu1	
柘	tɕa3/tʃia3	
柙	ʁap4/ɦɯap4	
柚	jɨw3/jiu̯3	
柚	ɖˠɨwk4/ɖɨuk4	
柛	ɕin1/ʃin1	
柜	kˠɨ2/kɨ̯u2	
柝	tʰɑk4/tʰɑk4	
柞	tsɑk4/tsɑk4	
柞	dzɑk4/dzɑk4	
柟	nɑm1/nɑm1	
柟	ɲɛm1/ɲʒiem1	
柟	ɲɛm2/ɲʒiem2	
柠	ʈˠʰɨ2/ʈʰɨ̯u2	
柢	tʲɛj1/tiei1	
柢	tʲɛj2/tiei2	
柢	tʲɛj3/tiei3	
柣	ɖˠit4/ɖit4	
柣	tsʲʰɛt4/tsʰiet4	
柤	tʂa1/tʂɯa1	
查	dʐa1/dʐɯa1	
查	dʐaj1/dʐɯai1	老
柧	qu1/ku1	
柩	ɡˠɨw3/ɡɨu̯3	
柫	fut4/pfut4	
柬	qan2/kɯan2	
柮	twɨt4/tut4	
柮	dzwɑt4/dzuot4	
柯	qɑ1/kɑ1	
柰	nɑj3/nɑi3	
柱	ɖˠu3/ɖɨ̯u3	
柱	ʈˠu2/ʈɨ̯u2	
柲	pˠi3/pɨi̯3	
柲	bʲit4/bit4	
柲	pˠit4/pɨt4	
柲	bʲɛt4/biet4	
柳	lˠɨw2/ɭiu̯2	
柴	dʐa1/dʐɯa1	
柴	dʐaj1/dʐɯai1	老
柵	ʂan3/ʂɯan3	
柵	tʂʰɛk4/tʂʰɯɛk4	
柶	si3/si3	
柷	tɕʰɨwk4/tʃʰɨuk4	
柷	tɕɨwk4/tʃɨuk4	
柹	dʐi3/dʐʅi̯3	
栐	ɰwɛŋ2/ʉeŋ2	
栓	ʂwɛn1/ʂʯen1	
栔	kʲʰɛj3/kʰiei3	
栔	kʲʰɛt4/kʰiet4	
栖	sʲɛj1/siei1	
栖	sʲɛj3/siei3	
栗	lˠit4/ɭit4	
栘	ji1/ji1	
栘	ʑɛj1/dʒiei1	
栙	ʁawŋ1/ɦɯaŋ1	
栚	ɖˠim3/ɖim3	
栛	lʲɛj3/liei3	
栜	ʂɛk4/ʂɯɛk4	
栝	tʲʰɛm2/tʰiem2	
栝	qwɑt4/kuot4	
栞	qʰɑn1/kʰɑn1	
栟	pʲɛŋ1/pieŋ1	
栠	ɲim2/ɲʒim2	
校	ʁaw3/ɦɯau3	
校	qaw3/kɯau3	
栩	ɰu2/ɨ̯u2	
栩	xˠu2/hɨ̯u2	
株	ʈˠu1/ʈɨ̯u1	
栫	dzwɨn3/dzun3	
栫	dzʲɛn3/dzien3	
栭	ɲi1/ɲʒi1	
栯	ɰɨw2/ɨu̯2	
栯	ʔˠɨwk4/ʔɨuk4	
栰	vɛt4/bvuɐt4	
栱	kˠuŋ2/kɨuŋ2	
栲	qʰɑw2/kʰɑu2	
栳	lɑw2/lɑu2	
栴	tɕɛn1/tʃien1	
栵	lˠɛj3/ɭiei3	
栵	lˠɛt4/ɭiet4	
样	jɑŋ1/jɨɔŋ1	
样	tsɑŋ1/tsɑŋ1	
核	ʁɛk4/ɦɯɛk4	
根	qɨn1/kən1	
栺	tɕi1/tʃi1	
栺	ŋʲɛj3/ŋiei3	
栻	ʈˠʰɨk4/ʈʰik4	
格	qɑk4/kɑk4	
格	qɛk4/kɯɛk4	
栽	tsɑj1/tsɑi1	
栽	dzɑj3/dzɑi3	
栿	vuk4/bvuk4	
桀	ɡˠɛt4/ɡɨet4	
桁	ʁɑŋ1/ɦɑŋ1	
桁	ʁɛŋ1/ɦɯɛŋ1	
桂	kʲwɛj3/kyei3	
桃	dɑw1/dɑu1	
桄	qwɑŋ1/kuɔŋ1	
桄	qwɑŋ3/kuɔŋ3	
桅	ɴwɑj1/ŋuoi1	
桅	kˠwi2/kɨui2	
框	kˠʰwɑŋ1/kʰʉɔŋ1	
案	ʔɑn3/ʔɑn3	
桊	kˠwɛn3/kʉon3	
桋	ji1/ji1	
桋	dʲɛj1/diei1	
桌	ʈawk4/ʈɯak4	
桎	tɕit4/tʃit4	
桏	ɡˠuŋ1/ɡɨuŋ1	
桐	dɨwŋ1/duŋ1	
桑	sɑŋ1/sɑŋ1	
桒	sɑŋ1/sɑŋ1	
桓	ʁwɑn1/ɦuon1	
桔	kʲɛt4/kiet4	
桘	ɖˠwi1/ɖyi̯1	
桫	sɑ1/sɑ1	
桬	ʂa1/ʂɯa1	
桭	tɕin1/tʃin1	
桭	ʑin1/dʒin1	
桮	pɑj1/puoi1	
桯	ɣʲɛŋ1/ɦieŋ1	
桯	tʲʰɛŋ1/tʰieŋ1	
桱	kʲɛŋ3/kieŋ3	
桲	bɨt4/but4	
桴	fʰu1/pfʰu1	
桴	vu1/bvu1	
桴	vɨw1/bvuəu1	老
桵	ɲwi1/ɲʒyi̯1	
桶	tʰɨwŋ2/tʰuŋ2	
桶	dɨwŋ3/duŋ3	
桷	qawk4/kɯak4	
桸	xˠi1/hɨi̯1	
桹	lɑŋ1/lɑŋ1	
桻	fʰuŋ1/pfʰuŋ1	
桼	tsʲʰit4/tsʰit4	
桾	kˠun1/kɨun1	
梀	sɨwk4/suk4	
梀	tsʰɨwk4/tsʰuk4	
梀	ʈˠʰuk4/ʈʰɨuk4	
梁	lˠɑŋ1/ɭɨɔŋ1	
梂	ɡˠɨw1/ɡɨu̯1	
梃	dʲɛŋ3/dieŋ3	
梄	jɨw2/jiu̯2	
梅	mɑj1/muoi1	
梆	pawŋ1/puaŋ1	
梇	lɨwŋ3/luŋ3	
梋	xʲwɛn1/hyen1	
梌	du1/du1	
梌	tʰu1/tʰu1	
梌	ɖa1/ɖɯa1	
梎	ʔaw1/ʔɯau1	
梏	qɨwk4/kuk4	
梏	qawk4/kɯak4	
梐	pʲɛj1/piei1	
梐	bʲɛj3/biei3	
梑	dʲɛk4/diek4	
梒	ʁɑm1/ɦɑm1	
梓	tsi2/tsi2	
梔	tɕi1/tʃi1	
梗	qɛŋ2/kɯɛŋ2	
梜	kʲɛp4/kiep4	
梜	qap4/kɯap4	
條	dʲɛw1/dieu1	
梞	ɡˠi3/ɡɨi̯3	
梟	kʲɛw1/kieu1	
梠	lˠɨ2/ɭɨ̯u2	
梡	ʁwɑn1/ɦuon1	
梡	ʁwɑn3/ɦuon3	
梡	qʰwɑn2/kʰuon2	
梢	ʂaw1/ʂɯau1	
梣	dzʲim1/dzim1	
梣	dʐim1/dʐʅᵊm1	
梤	vun1/bvun1	
梧	ɴu1/ŋu1	
梨	lˠi1/ɭi1	
梩	lˠi1/ɭi1	
梪	dɨw3/dəu3	
梫	tsʲim1/tsim1	
梫	tʂʰim1/tʂʰʅᵊm1	
梫	tsʲʰim2/tsʰim2	
梬	jɛŋ2/jieŋ2	
梭	swɑ1/suɔ1	
梮	kˠuk4/kɨuk4	
梯	tʲʰɛj1/tʰiei1	
械	ʁaj3/ɦɯai3	
梱	ɴwɨn1/ŋun1	
梱	qʰwɨn2/kʰun2	
梲	tʰwɨt4/tʰut4	
梲	tʰwɑt4/tʰuot4	
梲	tɕwɛt4/tʃyet4	
梳	ʂɨ1/ʂʅu1	
梴	ʈˠʰɛn1/ʈʰien1	
梵	vuŋ1/bvuŋ1	
梵	vɛm3/bvuɐm3	
棃	lˠi1/ɭi1	
棄	kʲʰi3/kʰi3	
棅	pˠɛŋ3/pɨeŋ3	
棆	lˠwin1/ɭyn1	
棈	tsʲʰɛn3/tsʰien3	
棉	mʲɛn1/mien1	
棊	ɡˠi1/ɡɨi̯1	
棌	tsʰɑj3/tsʰɑi3	
棍	ʁwɨn3/ɦun3	
棎	ʑɛm1/dʒiem1	
棏	ʈɛk4/ʈɯɛk4	
棏	dɨk4/dək4	
棐	fi2/pfi2	
棑	baj1/buai1	
棑	baj3/buai3	
棒	bawŋ3/buaŋ3	
棓	bɑj1/buoi1	
棓	vɨw1/bvuəu1	
棓	bawŋ3/buaŋ3	
棔	χwɨn1/hun1	
棖	ɖɛŋ1/ɖɯɛŋ1	
棗	tsɑw2/tsɑu2	
棘	kˠɨk4/kɨk4	
棚	bɛŋ1/buɛŋ1	
棚	bɨŋ1/buəŋ1	
棛	jɨwk4/jɨuk4	
棜	ʔˠɨ3/ʔɨ̯u3	
棝	qu3/ku3	
棟	tɨwŋ3/tuŋ3	
棠	dɑŋ1/dɑŋ1	
棢	ɱɑŋ2/mvuɔŋ2	
棣	dʲɛj3/diei3	
棤	sʲɛk4/siek4	
棥	vɛn1/bvuɐn1	
棦	tʂʰɛŋ1/tʂʰɯɛŋ1	
棧	dʐan3/dʐɯan3	
棧	dʐɛn3/dʐʅen3	
棨	kʲʰɛj2/kʰiei2	
棪	jɛm2/jiem2	
棫	ɰwɨk4/ʉik4	
棬	kˠʰwɛn1/kʰʉon1	
森	ʂim1/ʂʅᵊm1	
棯	ɲim2/ɲʒim2	
棱	lɨŋ1/ləŋ1	
棲	sʲɛj1/siei1	
棴	sɨwk4/suk4	
棴	vuk4/bvuk4	
棵	ʁwɑn3/ɦuon3	
棵	qʰwɑn2/kʰuon2	
棶	lɑj1/lɑi1	
棷	tʂɨw1/tʂʅᵊu1	
棷	tsɨw1/tsəu1	
棷	sɨw2/səu2	
棷	tsʰɨw2/tsʰəu2	
棸	ɖˠɨw1/ɖiu̯1	
棸	ɖˠɨw3/ɖiu̯3	
棹	ɖaw3/ɖɯau3	
棺	qwɑn1/kuon1	
棺	qwɑn3/kuon3	
棻	vun1/bvun1	
棻	fʰun1/pfʰun1	
棼	vun1/bvun1	
棽	ʈˠʰim1/ʈʰim1	
棽	ʂim1/ʂʅᵊm1	
棿	ŋʲɛj1/ŋiei1	
椀	ʔwɑn2/ʔuon2	
椁	qwɑk4/kuɔk4	
椄	tsʲɛp4/tsiep4	
椅	ʔˠi1/ʔɨi̯1	
椅	ʔˠi2/ʔɨi̯2	
椆	ɖˠɨw1/ɖiu̯1	
椆	tɕɨw3/tʃiu̯3	
椇	kˠu2/kɨ̯u2	
椈	kˠɨwk4/kɨuk4	
椉	ʑɨŋ1/dʒiŋ1	
椊	dzwɨt4/dzut4	
椋	lˠɑŋ1/ɭɨɔŋ1	
椌	qʰɨwŋ1/kʰuŋ1	
椌	qʰawŋ1/kʰɯaŋ1	
植	ɖˠi3/ɖi3	
植	ʑɨk4/ʒik4	
椎	ɖˠwi1/ɖyi̯1	
椏	ʔa1/ʔɯa1	
椏	ʔɑ2/ʔɑ2	
椐	kˠɨ1/kɨ̯u1	
椐	kˠʰɨ1/kʰɨ̯u1	
椐	kˠɨ3/kɨ̯u3	
椑	pʲi1/pi1	
椑	bʲɛj1/biei1	
椑	bʲɛk4/biek4	
椒	tsʲɛw1/tsieu1	
椔	tʂi1/tʂʅi̯1	
椔	tʂi3/tʂʅi̯3	
椯	ʑwɛn1/dʒyen1	
椰	ja1/jia1	
椱	vɨw3/bvuəu3	
椱	vuk4/bvuk4	
椲	ɰwi2/ɨui2	
椳	ʔwɑj1/ʔuoi1	
椴	dwɑn3/duon3	
椵	qa2/kɯa2	
椵	qa3/kɯa3	
椶	tsɨwŋ1/tsuŋ1	
椷	ʁam1/ɦɯam1	
椹	ʈˠim1/ʈim1	
椺	ɣʲɛk4/ɦiek4	
椽	ɖˠwɛn1/ɖyen1	
椿	ʈˠʰwin1/ʈʰyn1	
楀	ɰu2/ɨ̯u2	
楀	kˠu2/kɨ̯u2	
楁	ʁɛk4/ɦɯɛk4	
楂	dʐa1/dʐɯa1	
楃	ʔawk4/ʔɯak4	
楄	bʲɛn1/bien1	
楅	fuk4/pfuk4	
楅	pˠɨk4/pɨk4	
楇	qwɑ1/kuɔ1	
楈	sʲɨ1/sɨ̯u1	
楈	sʲɨ2/sɨ̯u2	
楉	ɲɑk4/ɲʒɨɔk4	
楊	jɑŋ1/jɨɔŋ1	
楋	lɑt4/lɑt4	
楌	ɴan1/ŋɯan1	
楎	xˠwi1/hɨui1	
楎	ʁwɨn1/ɦun1	
楏	kʲʰwɛj1/kʰyei1	
楑	ɡʲwi1/ɡyi̯1	
楑	ɡʲwi3/ɡyi̯3	
楒	si1/si1	
楓	fuŋ1/pfuŋ1	
楔	qat4/kɯat4	
楔	sʲɛt4/siet4	
楖	tsʲit4/tsit4	
楖	tʂit4/tʂʅᵊt4	
楖	tsʲɨk4/tsik4	
楗	ɡˠɛn3/ɡɨen3	
楘	mɨwk4/muk4	
楙	mɨw3/muəu3	
楚	tʂʰɨ2/tʂʰʅu2	
楚	tʂʰɨ3/tʂʰʅu3	
楛	ʁu3/ɦu3	
楝	lʲɛn3/lien3	
楞	lɨŋ1/ləŋ1	
楟	dʲɛŋ1/dieŋ1	
楠	nɑm1/nɑm1	
楢	jɨw1/jiu̯1	
楢	tɕʰɛw2/tʃʰieu2	
楣	mˠi1/mɨi̯1	
楥	xˠwɛn3/hʉon3	
楦	xˠwɛn3/hʉon3	
楧	ʔˠɛŋ1/ʔɨeŋ1	
楨	ʈˠɛŋ1/ʈieŋ1	
楩	bʲɛn1/bien1	
楩	bʲɛn3/bien3	
楪	jɛp4/jiep4	
楫	tsʲɛp4/tsiep4	
楬	ɡˠɛt4/ɡɨet4	
楬	qʰat4/kʰɯat4	
業	ŋˠɛp4/ŋɨep4	
楮	ʈˠʰɨ2/ʈʰɨ̯u2	
楮	tu2/tu2	
楯	ʈˠʰwin1/ʈʰyn1	
楯	zʲwin1/zyn1	
楯	ʑwin3/ʒyn3	
楰	ju1/jɨ̯u1	
楰	ju2/jɨ̯u2	
楱	tsʰɨw3/tsʰəu3	
楱	dzɨw3/dzəu3	
楲	ʔˠwi1/ʔɨui1	
極	ɡˠɨk4/ɡɨk4	
楶	tsʲɛt4/tsiet4	
楷	qaj1/kɯai1	
楷	qʰaj2/kʰɯai2	
楸	tsʲʰɨw1/tsʰiu̯1	
楹	jɛŋ1/jieŋ1	
楺	ɲɨw2/ɲʒiu̯2	
榆	ju1/jɨ̯u1	
榍	sʲɛt4/siet4	
榎	qa2/kɯa2	
榑	vu1/bvu1	
榓	mʲit4/mit4	
榔	lɑŋ1/lɑŋ1	
榔	lɑŋ2/lɑŋ2	
榖	qɨwk4/kuk4	
榗	tsʲɛn3/tsien3	
榘	kˠu2/kɨ̯u2	
榙	ʁɑp4/ɦɑp4	
榛	tʂin1/tʂʅᵊn1	
榜	bɛŋ1/buɛŋ1	
榜	pɑŋ2/puɔŋ2	
榜	pɛŋ3/puɛŋ3	
榝	ʂat4/ʂɯat4	
榝	ʂɛt4/ʂʅet4	
榞	ŋˠwɛn1/ŋʉon1	
榠	mʲɛŋ1/mieŋ1	
榣	jɛw1/jieu1	
榤	ɡˠɛt4/ɡɨet4	
榥	ʁwɑŋ3/ɦuɔŋ3	
榦	qɑn3/kɑn3	
榧	fi2/pfi2	
榨	tʂa3/tʂɯa3	
榩	ɡˠɛn1/ɡɨen1	
榪	ma3/mua3	
榬	ɰwɛn1/ʉon1	
榭	zʲa3/zia3	
榮	ɰwɛŋ1/ʉeŋ1	
榯	ʑi1/dʒi1	
榰	tɕi1/tʃi1	
榱	ʂwi1/ʂʯᵊi1	
榲	ʔwɨt4/ʔut4	
榴	lˠɨw1/ɭiu̯1	
榵	ɲuŋ1/ɲʒɨuŋ1	
榶	dɑŋ1/dɑŋ1	
榷	qawk4/kɯak4	
榸	ʈaj1/ʈɯai1	
榹	si1/si1	
榺	ɕɨŋ3/ʃiŋ3	
榻	tʰɑp4/tʰɑp4	
榼	qʰɑp4/kʰɑp4	
榽	ɣʲɛj1/ɦiei1	
榽	ʁaj1/ɦɯai1	
榾	qwɨt4/kut4	
槀	qɑw2/kɑu2	
槀	qʰɑw2/kʰɑu2	
槃	bɑn1/buon1	
槄	tʰɑw1/tʰɑu1	
槄	tʰɑw2/tʰɑu2	
槅	qɛk4/kɯɛk4	
槆	sʲwin1/syn1	
槈	nɨw3/nəu3	
槉	dzʲit4/dzit4	
槊	ʂawk4/ʂɯak4	
構	qɨw3/kəu3	
槌	ɖˠwi1/ɖyi̯1	
槌	ɖˠwi3/ɖyi̯3	
槍	tsʲʰɑŋ1/tsʰɨɔŋ1	
槍	tʂʰɛŋ1/tʂʰɯɛŋ1	
槎	dʐa1/dʐɯa1	
槎	dʐa3/dʐɯa3	
槏	qʰam2/kʰɯam2	
槐	ʁwaj1/ɦuai1	
槐	ʁwɑj1/ɦuoi1	
槔	qɑw1/kɑu1	
槙	tʲɛn1/tien1	
槙	tɕin2/tʃin2	
槢	zʲip4/zip4	
槤	lˠɛn1/ɭien1	
槥	ɰwɛj3/ʉoi3	
槥	zʲwɛj3/zyei3	
槦	juŋ1/jɨuŋ1	
槧	tsʲʰɛm1/tsʰiem1	
槧	dzɑm3/dzɑm3	
槧	dzʲɛm3/dziem3	
槧	tsʲʰɛm3/tsʰiem3	
槨	qwɑk4/kuɔk4	
槩	qɑj3/kɑi3	
槭	tsʲɨwk4/tsɨuk4	
槮	ʂim1/ʂʅᵊm1	
槮	tʂʰim1/tʂʰʅᵊm1	
槮	ʂim2/ʂʅᵊm2	
槮	sɑm2/sɑm2	
槯	dzwɑj1/dzuoi1	
槱	jɨw2/jiu̯2	
槱	jɨw3/jiu̯3	
槲	ʁɨwk4/ɦuk4	
槳	tsʲɑŋ2/tsɨɔŋ2	
槵	ʁwan3/ɦuan3	
槷	ŋʲɛt4/ŋiet4	
槸	ŋʲɛj3/ŋiei3	
槺	qʰɑŋ1/kʰɑŋ1	
槻	kʲwi1/kyi̯1	
槽	tsɑw1/tsɑu1	
槽	dzɑw1/dzɑu1	
槾	mɑn1/muon1	
槿	kˠin2/kɨn2	
樀	tʲɛk4/tiek4	
樀	dʲɛk4/diek4	
樁	ʈawŋ1/ʈɯaŋ1	
樂	ɴaw3/ŋɯau3	
樂	ɴawk4/ŋɯak4	
樂	lɑk4/lɑk4	
樅	tsʲuŋ1/tsɨuŋ1	
樅	tsʲʰuŋ1/tsʰɨuŋ1	
樆	lˠi1/ɭi1	
樇	sʲɨw1/siu̯1	
樈	ɡˠɛŋ1/ɡɨeŋ1	
樉	ʂɑŋ2/ʂʅɔŋ2	
樊	vɛn1/bvuɐn1	
樌	qwɑn3/kuon3	
樍	tsʲɛk4/tsiek4	
樎	ʂɨwk4/ʂʅuk4	
樏	lˠwi2/ɭyi̯2	
樐	lu2/lu2	
樒	mˠit4/mɨt4	
樓	lɨw1/ləu1	
樔	dʐaw1/dʐɯau1	
樕	sɨwk4/suk4	
樘	ʈʰɛŋ1/ʈʰɯɛŋ1	
標	pʲɛw1/pieu1	
標	pʲɛw2/pieu2	
樛	kʲɨw1/kiu̯1	
樜	ɕɨ3/ʃɨ̯u3	
樜	tɕa3/tʃia3	
樝	tʂa1/tʂɯa1	
樞	tɕʰu1/tʃʰɨ̯u1	
樟	tɕɑŋ1/tʃɨɔŋ1	
樠	ɱɛn1/mvuɐn1	
樠	mɨn1/mun1	
樠	mɑn1/muon1	
模	mu1/mu1	
樤	dʲɛw1/dieu1	
樬	tsʰɨwŋ1/tsʰuŋ1	
樲	ɲi3/ɲʒi3	
樳	zʲim1/zim1	
樴	tɕɨk4/tʃik4	
樴	dɨk4/dək4	
樵	dzʲɛw1/dzieu1	
樸	bu1/bu1	
樸	bɨwk4/buk4	
樸	pɨwk4/puk4	
樸	pʰawk4/pʰuak4	
樹	ʑu3/ʒɨ̯u3	
樺	ʁwa1/ɦua1	
樺	ʁwa3/ɦua3	
樻	ɡˠwi3/ɡɨui3	
樻	kˠʰwi3/kʰɨui3	
樼	tʂin1/tʂʅᵊn1	
樽	tswɨn1/tsun1	
樾	ɰwɛt4/ʉot4	
樿	tɕɛn2/tʃien2	
橀	xʲɛj1/hiei1	
橀	χɑj2/hɑi2	
橃	fɛj3/pfei3	
橃	vɛt4/bvuɐt4	
橄	qɑm2/kɑm2	
橅	mu1/mu1	
橇	kˠʰɛw1/kʰɨeu1	
橈	ɲɛw1/ɲʒieu1	
橈	ɳaw3/ɳɯau3	
橉	lˠin2/ɭin2	
橉	lˠin3/ɭin3	
橋	ɡˠɛw1/ɡɨeu1	
橌	ʁan3/ɦɯan3	
橎	fɛn2/pfuɐn2	
橏	tɕɛn2/tʃien2	
橐	tʰɑk4/tʰɑk4	
橑	lʲɛw1/lieu1	
橑	lɑw2/lɑu2	
橒	ɰun1/ɨun1	
橕	ʈʰɛŋ1/ʈʰɯɛŋ1	
橖	dɑŋ1/dɑŋ1	
橘	kʲwit4/kyt4	
橙	ɖɛŋ1/ɖɯɛŋ1	
橙	tɨŋ3/təŋ3	
橚	sʲɛw1/sieu1	
橚	sʲɨwk4/sɨuk4	
橜	kˠwɛt4/kʉot4	
橜	ɡˠwɛt4/ɡʉot4	
橝	dɑm1/dɑm1	
橝	dʲɛm3/diem3	
橞	ɣʲwɛj3/ɦyei3	
機	kˠi1/kɨi̯1	
橠	nɑ2/nɑ2	
橡	zʲɑŋ3/zɨɔŋ3	
橢	tʰwɑ2/tʰuɔ2	
橦	dɨwŋ1/duŋ1	
橦	tɕuŋ1/tʃɨuŋ1	
橦	ɖawŋ1/ɖɯaŋ1	
橧	dzʲɨŋ1/dziŋ1	
橧	tsɨŋ1/tsəŋ1	
橨	vun1/bvun1	
橨	vi3/bvi3	
橪	ʔʲɛn1/ʔien1	
橪	ɲɛn2/ɲʒien2	
橫	qwɑŋ1/kuɔŋ1	
橫	ʁwɛŋ1/ɦuɛŋ1	
橫	ʁwɛŋ3/ɦuɛŋ3	
橭	qu1/ku1	
橭	qʰu1/kʰu1	
橾	ʂu1/ʂʅu1	
橾	sɨw2/səu2	
橿	kˠɑŋ1/kɨɔŋ1	
檀	dɑn1/dɑn1	
檂	ɳˠuŋ1/ɳɨuŋ1	
檄	ɣʲɛk4/ɦiek4	
檆	ʂam1/ʂɯam1	
檇	tsʲwi1/tsyi̯1	
檇	dzwɑj1/dzuoi1	
檇	tsʲwi3/tsyi̯3	
檈	sʲwin1/syn1	
檈	zʲwɛn1/zyen1	
檉	ʈˠʰɛŋ1/ʈʰieŋ1	
檍	ʔˠɨk4/ʔɨk4	
檎	ɡˠim1/ɡɨm1	
檐	jɛm1/jiem1	
檒	fuŋ1/pfuŋ1	
檓	xˠwi2/hɨui2	
檔	tɑŋ1/tɑŋ1	
檕	kʲʰɛj1/kʰiei1	
檕	kʲɛj3/kiei3	
檖	zʲwi3/zyi̯3	
檗	pɛk4/puɛk4	
檛	ʈwa1/ʈua1	
檜	qwɑj3/kuoi3	
檜	qwɑt4/kuot4	
檝	dzʲip4/dzip4	
檝	tsʲɛp4/tsiep4	
檞	qaj2/kɯai2	
檟	qa2/kɯa2	
檠	ɡˠɛŋ1/ɡɨeŋ1	
檠	kˠɛŋ2/kɨeŋ2	
檠	ɡˠɛŋ3/ɡɨeŋ3	
檡	ɖɛk4/ɖɯɛk4	
檡	ɕɛk4/ʃiek4	
檢	kˠɛm2/kɨem2	
檣	dzʲɑŋ1/dzɨɔŋ1	
檥	ŋˠi2/ŋɨi̯2	
檬	mɨwŋ1/muŋ1	
檭	ŋˠin1/ŋɨn1	
檮	dɑw1/dɑu1	
檮	ɖˠɨw1/ɖiu̯1	
檮	tɑw2/tɑu2	
檯	dɑj1/dɑi1	
檳	pʲin1/pin1	
檴	ʁwa3/ɦua3	
檴	ʁwɑk4/ɦuɔk4	
檵	kʲɛj3/kiei3	
檷	mʲi1/mi1	
檷	nʲɛj2/niei2	
檸	ɳɛŋ2/ɳɯɛŋ2	
檹	ʔˠi1/ʔɨi̯1	
檻	ʁam3/ɦɯam3	
檼	ʔˠin3/ʔɨn3	
檾	kʲʰwɛŋ2/kʰyeŋ2	
檿	ʔʲɛm2/ʔiem2	
櫀	ɡˠi1/ɡɨi̯1	
櫂	ɖaw3/ɖɯau3	
櫃	ɡˠwi3/ɡɨui3	
櫄	ʈˠʰwin1/ʈʰyn1	
櫅	tsʲɛj1/tsiei1	
櫋	mʲɛn1/mien1	
櫌	ʔˠɨw1/ʔɨu̯1	
櫍	tɕit4/tʃit4	
櫎	ʁwɑŋ3/ɦuɔŋ3	
櫏	tsʲʰɛn1/tsʰien1	
櫐	lˠwi2/ɭyi̯2	
櫑	lwɑj1/luoi1	
櫑	lwɑj2/luoi2	
櫓	lu2/lu2	
櫔	lˠɛj3/ɭiei3	
櫖	lˠɨ1/ɭɨ̯u1	
櫖	lˠɨ3/ɭɨ̯u3	
櫘	sʲwɛj3/syei3	
櫙	ʔɨw1/ʔəu1	
櫚	lˠɨ1/ɭɨ̯u1	
櫛	tʂit4/tʂʅᵊt4	
櫜	qɑw1/kɑu1	
櫝	dɨwk4/duk4	
櫞	jwɛn1/jyen1	
櫟	jɑk4/jɨɔk4	
櫟	lʲɛk4/liek4	
櫡	ʈˠɑk4/ʈɨɔk4	
櫧	tɕɨ1/tʃɨ̯u1	
櫨	lu1/lu1	
櫩	jɛm1/jiem1	
櫪	lʲɛk4/liek4	
櫫	ʈˠɨ1/ʈɨ̯u1	
櫬	tʂʰin3/tʂʰʅᵊn3	
櫭	ɡˠɛt4/ɡɨet4	
櫰	ʁwaj1/ɦuai1	
櫰	qwɑj1/kuoi1	
櫱	ɴɑt4/ŋɑt4	
櫱	ŋˠɛt4/ŋɨet4	
櫳	lɨwŋ1/luŋ1	
櫸	kˠɨ2/kɨ̯u2	
櫺	lʲɛŋ1/lieŋ1	
櫻	ʔɛŋ1/ʔɯɛŋ1	
櫼	ʂam1/ʂɯam1	
櫽	ʔˠin2/ʔɨn2	
櫾	jɨw1/jiu̯1	
櫾	jɨw3/jiu̯3	
欀	sʲɑŋ1/sɨɔŋ1	
欀	ɲɑŋ3/ɲʒɨɔŋ3	
欂	pɑk4/puɔk4	
欂	bˠɛk4/bɨek4	
欂	bɛk4/buɛk4	
欃	dʐam1/dʐɯam1	
欃	dʐam3/dʐɯam3	
欄	lɑn1/lɑn1	
欇	ɕɛp4/ʃiep4	
欇	ʑɛp4/ʒiep4	
欈	jwi1/jyi̯1	
權	ɡˠwɛn1/ɡʉon1	
欋	ɡˠu1/ɡɨ̯u1	
欏	lɑ1/lɑ1	
欐	ʂi1/ʂʅi̯1	
欐	lʲɛj2/liei2	
欐	lʲɛj3/liei3	
欑	dzwɑn1/dzuon1	
欒	lwɑn1/luon1	
欓	tɑŋ2/tɑŋ2	
欖	lɑm2/lɑm2	
欘	ʈˠuk4/ʈɨuk4	
欘	ɖawk4/ɖɯak4	
欙	lˠwi1/ɭyi̯1	
欚	lʲɛj2/liei2	
欛	pa3/pua3	
欝	ʔˠut4/ʔɨut4	
欠	kˠʰɛm3/kʰɨem3	
次	tsʰi3/tsʰi3	
欣	xˠin1/hɨn1	
欥	jit4/jit4	
欥	jwit4/jyt4	
欦	xʲɛm1/hiem1	
欦	kˠʰɛm2/kʰɨem2	
欦	χam2/hɯam2	
欦	χɑm1/hɑm1	
欨	xˠu1/hɨ̯u1	
欨	xˠu2/hɨ̯u2	
欩	ʈˠʰɛw1/ʈʰieu1	
欪	xʲit4/hit4	
欪	ʈˠʰwit4/ʈʰyt4	
欬	ʔaj3/ʔɯai3	
欬	qʰɑj3/kʰɑi3	
欭	ʔˠi3/ʔɨi̯3	
欮	kˠwɛt4/kʉot4	
欯	xʲit4/hit4	
欰	sʲwit4/syt4	
欱	χɑp4/hɑp4	
欱	χap4/hɯap4	
欲	juk4/jɨuk4	
欴	lɑŋ1/lɑŋ1	
欵	qʰwɑn2/kʰuon2	
欶	sɨw3/səu3	
欶	ʂawk4/ʂɯak4	
欷	xˠi1/hɨi̯1	
欷	xˠi3/hɨi̯3	
欸	ʔɑj1/ʔɑi1	
欸	ʔɑj2/ʔɑi2	
欸	χaj3/hɯai3	
欹	ʔˠi1/ʔɨi̯1	
欺	kˠʰi1/kʰɨi̯1	
欻	xˠut4/hɨut4	
欼	tʂʰwaj3/tʂʰuai3	
欽	kˠʰim1/kʰɨm1	
款	qʰwɑn2/kʰuon2	
欿	ʁɑm3/ɦɑm3	
歀	qʰwɑn2/kʰuon2	
歁	qʰɑm2/kʰɑm2	
歁	qʰɑp4/kʰɑp4	
歂	ʑwɛn1/dʒyen1	
歂	ʑwɛn3/ʒyen3	
歃	ʂɛp4/ʂʅep4	
歃	ʂap4/ʂɯap4	
歄	qwa1/kua1	
歄	qwaj1/kuai1	老
歅	ʔʲin1/ʔin1	
歆	xˠim1/hɨm1	
歇	xˠɛt4/hɨet4	
歈	ju1/jɨ̯u1	
歈	dɨw1/dəu1	
歉	kʲʰɛm2/kʰiem2	
歉	qʰam2/kʰɯam2	
歉	qʰam3/kʰɯam3	
歊	xˠɛw1/hɨeu1	
歊	χɨwk4/huk4	
歋	ji1/ji1	
歌	qɑ1/kɑ1	
歍	ʔu1/ʔu1	
歎	tʰɑn3/tʰɑn3	
歏	ɡˠin3/ɡɨn3	
歐	ʔɨw1/ʔəu1	
歐	ʔɨw2/ʔəu2	
歑	χu1/hu1	
歔	xˠɨ1/hɨ̯u1	
歕	pʰɨn1/pʰun1	
歕	pʰɨn3/pʰun3	
歖	xˠi1/hɨi̯1	
歗	sʲɛw3/sieu3	
歙	xˠip4/hɨp4	
歙	ɕɛp4/ʃiep4	
歛	χɑm1/hɑm1	
歜	dzɑm3/dzɑm3	
歜	tɕʰuk4/tʃʰɨuk4	
歟	jɨ1/jɨ̯u1	
歟	jɨ2/jɨ̯u2	
歟	jɨ3/jɨ̯u3	
歠	tɕʰwɛt4/tʃʰyet4	
歡	χwɑn1/huon1	
止	tɕi2/tʃi2	
正	tɕɛŋ1/tʃieŋ1	
正	tɕɛŋ3/tʃieŋ3	
此	tsʰi2/tsʰi2	
步	bu3/bu3	
武	ɱu2/mvu2	
歧	ɡʲi1/ɡi1	
歫	ɡˠɨ3/ɡɨ̯u3	
歬	dzʲɛn1/dzien1	
歭	ɖˠi3/ɖi3	
歰	ʂip4/ʂʅᵊp4	
歱	tɕuŋ2/tʃɨuŋ2	
歲	sʲwɛj3/syei3	
歷	lʲɛk4/liek4	
歸	kˠwi1/kɨui1	
歺	ɴɑt4/ŋɑt4	
死	si2/si2	
歿	mɨt4/mut4	
殀	ʔˠɛw2/ʔɨeu2	
殂	dzu1/dzu1	
殃	ʔˠɑŋ1/ʔɨɔŋ1	
殄	dʲɛn3/dien3	
殆	dɑj3/dɑi3	
殈	xʲwɛk4/hyek4	
殉	zʲwin3/zyn3	
殊	ʑu1/dʒɨ̯u1	
殍	fʰu1/pfʰu1	
殍	bˠi3/bɨi̯3	
殍	bˠɛw3/bɨeu3	
殏	ɡˠɨw1/ɡɨu̯1	
殐	sɨwk4/suk4	
殑	ɡˠɨŋ1/ɡɨŋ1	
殑	ɡˠɨŋ3/ɡɨŋ3	
殔	ji3/ji3	
殕	fʰu2/pfʰu2	
殕	fɨw2/pfuəu2	
殕	ʔɨk4/ʔək4	
殖	ʑɨk4/ʒik4	
殗	ʔˠɛp4/ʔɨep4	
殘	dzɑn1/dzɑn1	
殙	χwɨn1/hun1	
殛	kˠɨk4/kɨk4	
殜	jɛp4/jiep4	
殜	ɖˠɛp4/ɖiep4	
殞	ɰun2/ɨun2	
殟	ʔwɨn1/ʔun1	
殟	ʔwɨt4/ʔut4	
殠	xˠɨw2/hɨu̯2	
殠	tɕʰɨw3/tʃʰiu̯3	
殢	tʲʰɛj3/tʰiei3	
殢	xʲɛj3/hiei3	
殣	ɡˠin3/ɡɨn3	
殤	ɕɑŋ1/ʃɨɔŋ1	
殧	dzʲɨw3/dziu̯3	
殧	tsʲʰɨwk4/tsʰɨuk4	
殧	tsʲɨwk4/tsɨuk4	
殨	ʁwɑj3/ɦuoi3	
殩	tsʰwɑn3/tsʰuon3	
殪	ʔʲɛj3/ʔiei3	
殫	tɑn1/tɑn1	
殬	tu3/tu3	
殭	kˠɑŋ1/kɨɔŋ1	
殭	kˠɑŋ3/kɨɔŋ3	
殮	lˠɛm3/ɭiem3	
殯	pʲin3/pin3	
殰	dɨwk4/duk4	
殲	tsʲɛm1/tsiem1	
殳	ʑu1/dʒɨ̯u1	
段	dwɑn3/duon3	
殷	ʔˠin1/ʔɨn1	
殷	ʔan1/ʔɯan1	
殸	qʰɛŋ1/kʰɯɛŋ1	
殸	kʲʰɛŋ3/kʰieŋ3	
殹	ʔʲɛj3/ʔiei3	
殺	ʂaj3/ʂɯai3	
殺	ʂat4/ʂɯat4	
殽	ʁaw1/ɦɯau1	
殿	dʲɛn3/dien3	
殿	tʲɛn3/tien3	
毀	xˠwi2/hɨui2	
毀	xˠwi3/hɨui3	
毃	qʰawk4/kʰɯak4	
毅	ŋˠi3/ŋɨi̯3	
毆	ʔɨw2/ʔəu2	
毇	xˠwi2/hɨui2	
毈	dwɑn3/duon3	
毉	ʔˠi1/ʔɨi̯1	
毊	xˠɛw1/hɨeu1	
毊	ɡˠɛw1/ɡɨeu1	
毋	ɱu1/mvu1	
毌	qwɑn1/kuon1	
毌	qwɑn3/kuon3	
母	mu2/mu2	
母	mɨw2/muəu2	老
每	mɑj2/muoi2	
每	mɑj3/muoi3	
毐	ʔɑj1/ʔɑi1	
毐	ʔɑj2/ʔɑi2	
毒	dɨwk4/duk4	
毓	jɨwk4/jɨuk4	
比	bʲi1/bi1	
比	pʲi2/pi2	
比	bʲi3/bi3	
比	pʲi3/pi3	
比	bʲit4/bit4	
毖	pˠi3/pɨi̯3	
毗	bʲi1/bi1	
毚	dʐam1/dʐɯam1	
毛	mɑw1/muɔu1	
毛	mɑw3/muɔu3	
毢	sɑj1/sɑi1	
毣	mɨwk4/muk4	
毣	mawk4/muak4	
毤	tʰwɑ3/tʰuɔ3	
毦	ɲi3/ɲʒi3	
毨	sʲɛn2/sien2	
毫	ʁɑw1/ɦɑu1	
毬	ɡˠɨw1/ɡɨu̯1	
毭	dɨw3/dəu3	
毯	tʰɑm2/tʰɑm2	
毰	bɑj1/buoi1	
毱	ɡˠɨwk4/ɡɨuk4	
毳	tsʲʰwɛj3/tsʰyei3	
毳	tʂʰwɛj3/tʂʰʯei3	
毸	swɑj1/suoi1	
毹	ʂu1/ʂʅu1	
毻	tʰwɑj3/tʰuoi3	
毻	tʰwɑ3/tʰuɔ3	
毼	ʁɑt4/ɦɑt4	
毾	tʰɑp4/tʰɑp4	
毿	sɑm1/sɑm1	
氀	lˠu1/ɭɨ̯u1	
氂	lˠi1/ɭi1	
氂	mɑw1/muɔu1	
氄	ɲuŋ2/ɲʒɨuŋ2	
氅	tɕʰɑŋ2/tʃʰɨɔŋ2	
氈	tɕɛn1/tʃien1	
氍	ɡˠu1/ɡɨ̯u1	
氎	dʲɛp4/diep4	
氏	tɕi1/tʃi1	
氏	tsʲɛŋ1/tsieŋ1	
氏	ʑi3/ʒi3	
氐	ʈˠi1/ʈi1	
氐	tʲɛj1/tiei1	
民	mʲin1/min1	
氒	kˠwɛt4/kʉot4	
氓	mɛŋ1/muɛŋ1	
气	kˠʰi3/kʰɨi̯3	
氛	vun1/bvun1	
氛	fʰun1/pfʰun1	
氣	kˠʰi3/kʰɨi̯3	
氣	xˠi3/hɨi̯3	
氤	ʔʲin1/ʔin1	
氳	ʔˠun1/ʔɨun1	
水	ɕwi2/ʃyi̯2	
氶	tɕɨŋ2/tʃiŋ2	
永	ɰwɛŋ2/ʉeŋ2	
氾	vɛm1/bvuɐm1	
氾	fʰɛm3/pfʰuɐm3	
氿	kˠwi2/kɨui2	
汀	tʲʰɛŋ1/tʰieŋ1	
汀	tʲʰɛŋ3/tʰieŋ3	
汁	tɕip4/tʃip4	
求	ɡˠɨw1/ɡɨu̯1	
汃	pˠin1/pɨn1	
汃	pʰat4/pʰuat4	
汅	mʲɛn2/mien2	
汋	dʐawk4/dʐɯak4	
汋	ʑɑk4/ʒɨɔk4	
汍	ʁwɑn1/ɦuon1	
汎	vuŋ1/bvuŋ1	
汎	fʰɛm3/pfʰuɐm3	
汏	dɑj3/dɑi3	
汏	tʰɑt4/tʰɑt4	
汐	zʲɛk4/ziek4	
汒	mɑŋ1/muɔŋ1	
汒	ɱɑŋ3/mvuɔŋ3	
汓	zʲɨw1/ziu̯1	
汔	xˠit4/hɨt4	
汕	ʂan2/ʂɯan2	
汕	ʂan3/ʂɯan3	
汗	ʁɑn1/ɦɑn1	
汗	qɑn1/kɑn1	
汗	ʁɑn3/ɦɑn3	
汘	tsʲʰɛn1/tsʰien1	
汙	ɰu1/ɨ̯u1	
汙	ʔu3/ʔu3	
汚	ʔu1/ʔu1	
汛	ʂaj3/ʂɯai3	
汛	sʲin3/sin3	
汛	sʲɛn3/sien3	
汜	zi3/zi3	
汝	ɲɨ2/ɲʒɨ̯u2	
汞	ʁɨwŋ3/ɦuŋ3	
江	qawŋ1/kɯaŋ1	
池	ɖˠi1/ɖi1	
池	dɑ1/dɑ1	
汥	tɕi1/tʃi1	
汥	ɡʲi1/ɡi1	
汥	ɡˠi3/ɡɨi̯3	
汦	tɕi2/tʃi2	
汧	kʲʰɛn1/kʰien1	
汧	kʲʰɛn3/kʰien3	
汨	qwɨt4/kut4	
汨	mʲɛk4/miek4	
汩	ɰut4/ɨut4	
汪	ʔwɑŋ1/ʔuɔŋ1	
汪	ʔˠwɑŋ2/ʔʉɔŋ2	
汪	ʔwɑŋ3/ʔuɔŋ3	
汫	dzʲɛŋ3/dzieŋ3	
汭	ɲwɛj3/ɲʒyei3	
汮	kˠun1/kɨun1	
汮	kʲwin1/kyn1	
汰	tʰɑj3/tʰɑi3	
汱	kʲwɛn2/kyen2	
汲	kˠip4/kɨp4	
汳	fʰɛn3/pfʰuɐn3	
汴	bˠɛn3/bɨen3	
汶	mˠin1/mɨn1	
汶	ɱun1/mvun1	
汶	ɱun3/mvun3	
汸	fɑŋ1/pfuɔŋ1	
決	xʲwɛt4/hyet4	
決	kʲwɛt4/kyet4	
汻	χɑŋ2/hɑŋ2	
汾	vun1/bvun1	
沁	tsʲʰim3/tsʰim3	
沂	ŋˠi1/ŋɨi̯1	
沃	ʔɨwk4/ʔuk4	
沄	ɰun1/ɨun1	
沄	ʁwɨn1/ɦun1	
沅	ŋˠwɛn1/ŋʉon1	
沆	ʁɑŋ1/ɦɑŋ1	
沆	ʁɑŋ3/ɦɑŋ3	
沇	jwɛn2/jyen2	
沈	ɖˠim1/ɖim1	
沈	ɕim2/ʃim2	
沈	ɖˠim3/ɖim3	
沉	ɖˠim1/ɖim1	
沋	ɰɨw1/ɨu̯1	
沌	dwɨn1/dun1	
沌	dwɨn3/dun3	
沌	ɖˠwɛn3/ɖyen3	
沏	tsʲʰɛt4/tsʰiet4	
沐	mɨwk4/muk4	
沑	ɲɨw2/ɲʒiu̯2	
沑	ɳˠɨwk4/ɳɨuk4	
沒	mɨt4/mut4	
沓	dɑp4/dɑp4	
沔	mʲɛn2/mien2	
沕	mˠit4/mɨt4	
沕	ɱut4/mvut4	
沖	ɖˠɨwŋ1/ɖɨuŋ1	
沘	bʲi1/bi1	
沘	pʲi2/pi2	
沙	ʂa1/ʂɯa1	
沙	ʂa3/ʂɯa3	
沚	tɕi2/tʃi2	
沛	pɑj3/puoi3	
沛	pʰɑj3/pʰuoi3	
沜	pʰɑn3/pʰuon3	
沝	tɕwi2/tʃyi̯2	
沞	tsɑp4/tsɑp4	
沫	mɑj3/muoi3	
沫	mɑt4/muot4	
沬	ɱi3/mvi3	
沭	ʑwit4/ʒyt4	
沮	tsʲʰɨ1/tsʰɨ̯u1	
沮	tsʲɨ1/tsɨ̯u1	
沮	tʂɨ1/tʂʅu1	
沮	dzʲɨ3/dzɨ̯u3	
沮	tsʲɨ3/tsɨ̯u3	
沰	tʰɑk4/tʰɑk4	
沱	dɑ1/dɑ1	
沱	dɑ3/dɑ3	
河	ʁɑ1/ɦɑ1	
沴	lʲɛj3/liei3	
沶	ji1/ji1	
沸	fi3/pfi3	
油	jɨw1/jiu̯1	
油	jɨw3/jiu̯3	
沺	dʲɛn1/dien1	
治	ɖˠi1/ɖi1	
治	ɖˠi3/ɖi3	
沼	tɕɛw2/tʃieu2	
沽	qu1/ku1	
沽	qu2/ku2	
沽	qu3/ku3	
沾	ʈˠɛm1/ʈiem1	
沾	tʲʰɛm1/tʰiem1	
沾	tʲɛm3/tiem3	
沿	jwɛn1/jyen1	
況	xˠwɑŋ3/hʉɔŋ3	
泂	ɣʲwɛŋ3/ɦyeŋ3	
泄	jɛj3/jiei3	
泄	sʲɛt4/siet4	
泅	zʲɨw1/ziu̯1	
泆	jit4/jit4	
泆	dʲɛt4/diet4	
泈	tɕɨwŋ1/tʃɨuŋ1	
泉	dzʲwɛn1/dzyen1	
泊	bɑk4/buɔk4	
泋	xˠwi3/hɨui3	
泌	pˠi3/pɨi̯3	
泌	bʲit4/bit4	
泌	pˠit4/pɨt4	
泎	dʐɛk4/dʐɯɛk4	
泏	ʈˠwit4/ʈyt4	
泏	qʰwɨt4/kʰut4	
泐	lɨk4/lək4	
泑	ʔʲɨw1/ʔiu̯1	
泑	ʔʲɨw2/ʔiu̯2	
泒	qu1/ku1	
泓	ʔwɛŋ1/ʔuɛŋ1	
泔	qɑm1/kɑm1	
法	fɛp4/pfuɐp4	
泖	maw2/muau2	
泗	si3/si3	
泙	bˠɛŋ1/bɨeŋ1	
泚	tsʰi2/tsʰi2	
泚	tsʲʰɛj2/tsʰiei2	
泛	fʰɛm3/pfʰuɐm3	
泛	vɛp4/bvuɐp4	
泜	tɕi1/tʃi1	
泜	ɖˠi1/ɖi1	
泝	su3/su3	
泠	lʲɛŋ1/lieŋ1	
泡	pʰaw1/pʰuau1	
泡	baw1/buau1	
波	pɑ1/puɔ1	
泣	kˠʰip4/kʰɨp4	
泤	zi3/zi3	
泥	nʲɛj1/niei1	
泥	nʲɛj3/niei3	
泦	kˠɨwk4/kɨuk4	
泧	ɰwɛt4/ʉot4	
泧	xˠwɛt4/hʉot4	
泧	χwɑt4/huot4	
注	tɕu3/tʃɨ̯u3	
泫	ɣʲwɛn3/ɦyen3	
泬	xʲwɛt4/hyet4	
泭	vu1/bvu1	
泭	fʰu1/pfʰu1	
泮	pʰɑn3/pʰuon3	
泯	mʲin1/min1	
泯	mʲin2/min2	
泰	tʰɑj3/tʰɑi3	
泱	ʔˠɑŋ1/ʔɨɔŋ1	
泱	ʔɑŋ2/ʔɑŋ2	
泳	ɰwɛŋ3/ʉeŋ3	
泿	ŋˠin1/ŋɨn1	
泿	ɴɨn1/ŋən1	
洁	kʲit4/kit4	
洄	ʁwɑj1/ɦuoi1	
洅	tswɑj2/tsuoi2	
洇	ʔʲin1/ʔin1	
洈	ŋˠwi1/ŋɨui1	
洈	kˠwi2/kɨui2	
洊	dzʲɛn3/dzien3	
洋	jɑŋ1/jɨɔŋ1	
洋	zʲɑŋ1/zɨɔŋ1	
洌	lˠɛj3/ɭiei3	
洌	lˠɛt4/ɭiet4	
洍	ji1/ji1	
洍	zi3/zi3	
洎	kˠi3/kɨi̯3	
洎	ɡˠi3/ɡɨi̯3	
洏	ɲi1/ɲʒi1	
洐	ʁɛŋ1/ɦɯɛŋ1	
洑	vuk4/bvuk4	
洒	sʲɛj2/siei2	
洒	ʂaj3/ʂɯai3	
洓	tsʲʰɛk4/tsʰiek4	
洔	tɕi2/tʃi2	
洔	ɖˠi3/ɖi3	
洕	jin3/jin3	
洗	sʲɛj2/siei2	
洗	sʲɛn2/sien2	
洘	qʰɑw2/kʰɑu2	
洙	ʑu1/dʒɨ̯u1	
洚	ʁɨwŋ1/ɦuŋ1	
洚	ʁawŋ1/ɦɯaŋ1	
洚	qawŋ3/kɯaŋ3	
洛	lɑk4/lɑk4	
洝	ʔɑn3/ʔɑn3	
洞	dɨwŋ1/duŋ1	
洞	dɨwŋ3/duŋ3	
洟	ji1/ji1	
洟	tʲʰɛj3/tʰiei3	
洣	mʲɛj2/miei2	
津	tsʲin1/tsin1	
洦	mɛk4/muɛk4	
洦	pʰɛk4/pʰuɛk4	
洧	ɰwi2/ɨui2	
洨	ʁaw1/ɦɯau1	
洩	jɛj3/jiei3	
洪	ʁɨwŋ1/ɦuŋ1	
洫	xˠwɨk4/hʉik4	
洬	sɨwk4/suk4	
洭	kˠʰwɑŋ1/kʰʉɔŋ1	
洮	jɛw1/jieu1	
洮	tʰɑw1/tʰɑu1	
洱	ɲi2/ɲʒi2	
洱	ɲi3/ɲʒi3	
洲	tɕɨw1/tʃiu̯1	
洳	ɲɨ1/ɲʒɨ̯u1	
洳	ɲɨ3/ɲʒɨ̯u3	
洴	bʲɛŋ1/bieŋ1	
洵	sʲwin1/syn1	
洵	zʲwin1/zyn1	
洶	xˠuŋ1/hɨuŋ1	
洶	xˠuŋ2/hɨuŋ2	
洸	qwɑŋ1/kuɔŋ1	
洸	ʔwɑŋ1/ʔuɔŋ1	
洹	ɰwɛn1/ʉon1	
洹	ʁwɑn1/ɦuon1	
洺	mʲɛŋ1/mieŋ1	
活	qwɑt4/kuot4	
活	ʁwɑt4/ɦuot4	
洼	kʲwɛj1/kyei1	
洼	ʔa1/ʔɯa1	
洼	ʔwa1/ʔua1	
洼	ʔaj1/ʔɯai1	老
洽	ʁap4/ɦɯap4	
派	pʰa3/pʰua3	
派	pʰaj3/pʰuai3	
洿	ʔu1/ʔu1	
洿	ʁu3/ɦu3	
流	lˠɨw1/ɭiu̯1	
浖	lˠwɛt4/ɭyet4	
浘	ɱi2/mvi2	
浙	tɕɛt4/tʃiet4	
浚	sʲwin3/syn3	
浛	ʁɑm3/ɦɑm3	
浜	pɛŋ1/puɛŋ1	
浜	pɛŋ2/puɛŋ2	
浝	mawŋ1/muaŋ1	
浞	dʐawk4/dʐɯak4	
浟	jɨw1/jiu̯1	
浡	bɨt4/but4	
浢	dɨw3/dəu3	
浣	ʁwɑn3/ɦuon3	
浤	ʁwɛŋ1/ɦuɛŋ1	
浥	ʔˠip4/ʔɨp4	
浥	ʔap4/ʔɯap4	
浥	ʔˠɛp4/ʔɨep4	
浦	pʰu2/pʰu2	
浧	jɛŋ2/jieŋ2	
浨	lɑm2/lɑm2	
浩	ʁɑw3/ɦɑu3	
浩	qɑp4/kɑp4	
浪	lɑŋ1/lɑŋ1	
浪	lɑŋ3/lɑŋ3	
浭	qɛŋ1/kɯɛŋ1	
浮	vu1/bvu1	
浮	vɨw1/bvuəu1	老
浯	ɴu1/ŋu1	
浰	lʲɛn3/lien3	
浴	juk4/jɨuk4	
浵	dɨwŋ1/duŋ1	
海	χɑj2/hɑi2	
浸	tsʲʰim1/tsʰim1	
浸	tsʲim3/tsim3	
浹	tsʲɛp4/tsiep4	
浺	ʈˠʰɨwŋ1/ʈʰɨuŋ1	
浼	mɑj2/muoi2	
浽	sʲwi1/syi̯1	
浽	nwɑj2/nuoi2	
浾	tʂa1/tʂɯa1	
浿	pʰɑj3/pʰuoi3	
浿	pʰaj3/pʰuai3	
涀	ɣʲɛj3/ɦiei3	
涀	kʲʰɛn3/kʰien3	
涀	ɣʲɛn3/ɦien3	
涂	ɖˠɨ1/ɖɨ̯u1	
涂	du1/du1	
涃	qʰwɨn3/kʰun3	
涅	nʲɛt4/niet4	
涆	qɑn3/kɑn3	
涇	kʲɛŋ1/kieŋ1	
消	sʲɛw1/sieu1	
涉	ʑɛp4/ʒiep4	
涉	tʲɛp4/tiep4	
涊	ɲin2/ɲʒin2	
涊	nʲɛn2/nien2	
涌	juŋ2/jɨuŋ2	
涍	χaw1/hɯau1	
涍	χaw3/hɯau3	
涎	zʲɛn1/zien1	
涎	jɛn3/jien3	
涏	dʲɛŋ3/dieŋ3	
涏	dʲɛn3/dien3	
涐	ɴɑ1/ŋɑ1	
涑	sɨw1/səu1	
涑	sɨwk4/suk4	
涑	sʲuk4/sɨuk4	
涒	tʰwɨn1/tʰun1	
涓	kʲwɛn1/kyen1	
涔	dʐim1/dʐʅᵊm1	
涕	tʲʰɛj2/tʰiei2	
涕	tʲʰɛj3/tʰiei3	
涖	lˠi3/ɭi3	
涖	lʲɛj3/liei3	
涗	ɕwɛj3/ʃyei3	
涘	dʐi3/ʐʅi̯3	
涪	vɨw1/bvuəu1	
涫	qwɑn1/kuon1	
涫	qwɑn3/kuon3	
涬	ɣʲɛŋ3/ɦieŋ3	
涮	ʂwan3/ʂuan3	
涯	ŋˠi1/ŋɨi̯1	
涯	ɴa1/ŋɯa1	
涯	ɴaj1/ŋɯai1	老
液	jɛk4/jiek4	
涳	qʰɨwŋ1/kʰuŋ1	
涳	ɳawŋ1/ɳɯaŋ1	
涳	qʰawŋ1/kʰɯaŋ1	
涴	ʔwɑ3/ʔuɔ3	
涵	ʁɑm1/ɦɑm1	
涵	ʁɑm3/ɦɑm3	
涶	tʰwɑ1/tʰuɔ1	
涶	tʰwɑ3/tʰuɔ3	
涷	tɨwŋ1/tuŋ1	
涷	tɨwŋ3/tuŋ3	
涸	ʁɑk4/ɦɑk4	
涹	ʔwɑ1/ʔuɔ1	
涺	kˠɨ1/kɨ̯u1	
涻	ɕa3/ʃia3	
涼	lˠɑŋ1/ɭɨɔŋ1	
涼	lˠɑŋ3/ɭɨɔŋ3	
涾	dɑp4/dɑp4	
涿	ʈawk4/ʈɯak4	
淀	dʲɛn3/dien3	
淁	tsʲʰɛp4/tsʰiep4	
淂	tɨk4/tək4	
淃	ɡˠwɛn3/ɡʉon3	
淄	tʂi1/tʂʅi̯1	
淅	sʲɛk4/siek4	
淆	ʁaw1/ɦɯau1	
淇	ɡˠi1/ɡɨi̯1	
淈	qwɨt4/kut4	
淈	ʁɨt4/ɦət4	
淊	ʔam1/ʔɯam1	
淊	ʁɑm3/ɦɑm3	
淊	jɛm2/jiem2	
淊	ʔam3/ʔɯam3	
淋	lˠim1/ɭim1	
淑	ʑɨwk4/ʒɨuk4	
淒	tsʲʰɛj1/tsʰiei1	
淓	fʰɑŋ1/pfʰuɔŋ1	
淔	ʈˠʰɨk4/ʈʰik4	
淕	lˠɨwk4/ɭɨuk4	
淖	ɳaw3/ɳɯau3	
淙	dzɨwŋ1/dzuŋ1	
淙	dʐawŋ1/dʐɯaŋ1	
淙	ʂawŋ3/ʂɯaŋ3	
淚	lˠwi3/ɭyi̯3	
淛	tɕɛj3/tʃiei3	
淜	bˠɨŋ1/bɨŋ1	
淝	vi1/bvi1	
淞	sʲuŋ1/sɨuŋ1	
淟	tʲʰɛn2/tʰien2	
淠	pˠʰi3/pʰɨi̯3	
淠	pʲʰɛj3/pʰiei3	
淡	dɑm1/dɑm1	
淡	dɑm3/dɑm3	
淡	jɛm2/jiem2	
淢	ɰwɨk4/ʉik4	
淢	xˠwɨk4/hʉik4	
淤	ʔˠɨ1/ʔɨ̯u1	
淤	ʔˠɨ3/ʔɨ̯u3	
淥	lɨwk4/luk4	
淥	lˠuk4/ɭɨuk4	
淦	qɑm1/kɑm1	
淦	qɑm3/kɑm3	
淧	mʲit4/mit4	
淨	dzʲɛŋ3/dzieŋ3	
淩	lˠɨŋ1/ɭiŋ1	
淪	lˠwin1/ɭyn1	
淫	jim1/jim1	
淬	tsʰwɑj3/tsʰuoi3	
淭	ɡˠɨ1/ɡɨ̯u1	
淮	ʁwaj1/ɦuai1	
淯	jɨwk4/jɨuk4	
淰	ɕim2/ʃim2	
淰	nʲɛm2/niem2	
淰	ɳam2/ɳɯam2	
深	ɕim1/ʃim1	
深	ɕim3/ʃim3	
淲	bˠɨw1/biu̯1	
淳	ʑwin1/dʒyn1	
淴	ʔwɨt4/ʔut4	
淵	ʔʲwɛn1/ʔyen1	
淶	lɑj1/lɑi1	
混	ʁwɨn3/ɦun3	
淹	ʔˠɛm1/ʔɨem1	
淹	ʔˠɛm3/ʔɨem3	
淺	tsʲɛn1/tsien1	
淺	tsʲʰɛn2/tsʰien2	
添	tʲʰɛm1/tʰiem1	
淼	mʲɛw2/mieu2	
清	tsʲʰɛŋ1/tsʰieŋ1	
渒	pʲi1/pi1	
渙	χwɑj3/huoi3	
渙	χwɑn3/huon3	
渚	tɕɨ2/tʃɨ̯u2	
減	ʁam3/ɦɯam3	
減	qam2/kɯam2	
渜	nwɑn2/nuon2	
渜	nwɑn3/nuon3	
渝	ju1/jɨ̯u1	
渟	dʲɛŋ1/dieŋ1	
渠	ɡˠɨ1/ɡɨ̯u1	
渡	du3/du3	
渢	vuŋ1/bvuŋ1	
渣	tʂa1/tʂɯa1	
渤	bɨt4/but4	
渥	ʔawk4/ʔɯak4	
渦	qwɑ1/kuɔ1	
渦	ʔwɑ1/ʔuɔ1	
渧	tʲɛj3/tiei3	
渨	ʔwɑj1/ʔuoi1	
渫	sʲɛt4/siet4	
渫	dʐap4/dʐɯap4	
測	tʂʰɨk4/tʂʰʅᵊk4	
渭	ɰwi3/ɨui3	
渮	qɑ1/kɑ1	
港	qawŋ2/kɯaŋ2	
港	ʁɨwŋ3/ɦuŋ3	
渰	ʔˠɛm2/ʔɨem2	
渱	ʁɨwŋ1/ɦuŋ1	
渲	sʲwɛn3/syen3	
渳	mʲi2/mi2	
渴	qʰɑt4/kʰɑt4	
渴	ɡˠɛt4/ɡɨet4	
渶	ʔˠɛŋ1/ʔɨeŋ1	
渷	jwɛn2/jyen2	
游	jɨw1/jiu̯1	
渹	χwɛŋ1/huɛŋ1	
渺	mʲɛw2/mieu2	
渻	ʂɛŋ2/ʂɯɛŋ2	
渻	sʲɛŋ2/sieŋ2	
渼	mˠi2/mɨi̯2	
渽	tsɑj1/tsɑi1	
渾	ʁwɨn1/ɦun1	
渾	ʁwɨn3/ɦun3	
渿	nɑj3/nɑi3	
湀	kʲʰwɛj1/kʰyei1	
湀	ɡʲwi3/ɡyi̯3	
湀	kʲwi2/kyi̯2	
湀	kʲʰwɛt4/kʰyet4	
湁	ʈˠʰip4/ʈʰip4	
湂	ɴɑk4/ŋɑk4	
湃	pʰaj3/pʰuai3	
湄	mˠi1/mɨi̯1	
湅	lʲɛn3/lien3	
湆	kˠʰip4/kʰɨp4	
湉	dʲɛm1/diem1	
湊	tsʰɨw3/tsʰəu3	
湋	ɰwi1/ɨui1	
湌	tsʰɑn1/tsʰɑn1	
湍	tʰwɑn1/tʰuon1	
湍	tɕwɛn1/tʃyen1	
湎	mʲɛn2/mien2	
湐	pɛk4/puɛk4	
湑	sʲɨ1/sɨ̯u1	
湑	sʲɨ2/sɨ̯u2	
湒	tsʲip4/tsip4	
湓	bɨn1/bun1	
湓	fʰun3/pfʰun3	
湓	pʰɨn3/pʰun3	
湔	dzʲɛn1/dzien1	
湔	tsʲɛn1/tsien1	
湔	tsʲɛn3/tsien3	
湕	kˠɛn2/kɨen2	
湖	ʁu1/ɦu1	
湘	sʲɑŋ1/sɨɔŋ1	
湛	ɖˠim1/ɖim1	
湛	tɑm1/tɑm1	
湛	ɖam3/ɖɯam3	
湜	ʑɨk4/ʒik4	
湝	qaj1/kɯai1	
湝	ʁaj1/ɦɯai1	
湞	ɖɛŋ1/ɖɯɛŋ1	
湞	ʈˠɛŋ1/ʈieŋ1	
湟	ʁwɑŋ1/ɦuɔŋ1	
湠	tʰɑn3/tʰɑn3	
湡	ŋˠu1/ŋɨ̯u1	
湢	pˠɨk4/pɨk4	
湨	kʲwɛk4/kyek4	
湩	tɨwŋ2/tuŋ2	
湩	tɨwŋ3/tuŋ3	
湩	ʈˠuŋ3/ʈɨuŋ3	
湪	tʰwɑn3/tʰuon3	
湫	tsʲʰɨw1/tsʰiu̯1	
湫	tsʲɨw1/tsiu̯1	
湫	tsʲɛw2/tsieu2	
湫	dzʲɨw3/dziu̯3	
湮	ʔʲin1/ʔin1	
湮	ʔʲɛn1/ʔien1	
湯	ɕɑŋ1/ʃɨɔŋ1	
湯	tʰɑŋ1/tʰɑŋ1	
湯	tʰɑŋ3/tʰɑŋ3	
湱	χwɛk4/huɛk4	
湲	ʁwan1/ɦuan1	
湲	ɰwɛn1/ʉon1	
湳	nɑm2/nɑm2	
湴	bam3/buam3	
溉	kˠi3/kɨi̯3	
溉	qɑj3/kɑi3	
溎	ʔʲɛn3/ʔien3	
溏	dɑŋ1/dɑŋ1	
源	ŋˠwɛn1/ŋʉon1	
溑	swɑ2/suɔ2	
溒	ɰwɛn1/ʉon1	
溓	lʲɛm1/liem1	
溓	lˠɛm2/ɭiem2	
溓	lʲɛm2/liem2	
溔	jɛw2/jieu2	
準	tɕwin2/tʃyn2	
準	tɕwɛt4/tʃyet4	
溗	ʑɨŋ1/dʒiŋ1	
溘	qʰɑj3/kʰɑi3	
溘	qʰɑp4/kʰɑp4	
溜	lˠɨw3/ɭiu̯3	
溝	qɨw1/kəu1	
溞	sɑw1/sɑu1	
溟	mʲɛŋ1/mieŋ1	
溟	mʲɛŋ2/mieŋ2	
溠	tsʰɑ1/tsʰɑ1	
溠	tʂa1/tʂɯa1	
溠	tʂa3/tʂɯa3	
溢	jit4/jit4	
溣	lwɨn3/lun3	
溥	pʰu2/pʰu2	
溥	pɑk4/puɔk4	
溧	lˠit4/ɭit4	
溨	dzɑj1/dzɑi1	
溩	ʔu2/ʔu2	
溪	kʲʰɛj1/kʰiei1	
溫	ʔwɨn1/ʔun1	
溭	dʐɨk4/dʐʅᵊk4	
溱	tʂin1/tʂʅᵊn1	
溲	ʂɨw1/ʂʅᵊu1	
溲	ʂɨw2/ʂʅᵊu2	
溳	ɰun1/ɨun1	
溳	ɰun2/ɨun2	
溵	ʔˠin1/ʔɨn1	
溶	juŋ1/jɨuŋ1	
溶	juŋ2/jɨuŋ2	
溷	ʁwɨn3/ɦun3	
溹	sɑk4/sɑk4	
溹	ʂɛk4/ʂɯɛk4	
溺	ɲɑk4/ɲʒɨɔk4	
溺	nʲɛk4/niek4	
溼	ɕip4/ʃip4	
溽	ɲuk4/ɲʒɨuk4	
溾	ʔwaj1/ʔuai1	
溾	ʁwɑj3/ɦuoi3	
滀	ʈˠʰɨwk4/ʈʰɨuk4	
滁	ɖˠɨ1/ɖɨ̯u1	
滂	pʰɑŋ1/pʰuɔŋ1	
滃	ʔɨwŋ2/ʔuŋ2	
滄	tsʰɑŋ1/tsʰɑŋ1	
滅	mʲɛt4/miet4	
滆	ʁɛk4/ɦɯɛk4	
滇	dʲɛn1/dien1	
滇	tʲɛn1/tien1	
滇	tʲʰɛn3/tʰien3	
滈	ʁɑw3/ɦɑu3	
滈	χawk4/hɯak4	
滉	ʁwɑŋ3/ɦuɔŋ3	
滋	tsi1/tsi1	
滌	dʲɛk4/diek4	
滍	ɖˠi3/ɖi3	
滎	ɣʲwɛŋ1/ɦyeŋ1	
滏	vu3/bvu3	
滐	ɡˠɛt4/ɡɨet4	
滑	qwɨt4/kut4	
滑	ʁwɨt4/ɦut4	
滑	ʁwat4/ɦuat4	
滒	qɑ1/kɑ1	
滓	tʂi2/tʂʅi̯2	
滔	tʰɑw1/tʰɑu1	
滕	dɨŋ1/dəŋ1	
滫	sʲɨw2/siu̯2	
滬	ʁu3/ɦu3	
滭	pʲit4/pit4	
滯	ɖˠɛj3/ɖiei3	
滰	ɡˠɑŋ3/ɡɨɔŋ3	
滱	qʰɨw1/kʰəu1	
滱	qʰɨw3/kʰəu3	
滲	ʂim3/ʂʅᵊm3	
滴	tʲɛk4/tiek4	
滵	mˠit4/mɨt4	
滶	ɴɑw1/ŋɑu1	
滷	lu2/lu2	
滷	tɕʰɛk4/tʃʰiek4	
滷	dʲɛk4/diek4	
滸	χu2/hu2	
滹	χu1/hu1	
滻	ʂan2/ʂɯan2	
滽	juŋ1/jɨuŋ1	
滿	mɑn2/muon2	
漁	ŋˠɨ1/ŋɨ̯u1	
漂	pʲʰɛw1/pʰieu1	
漂	pʲʰɛw3/pʰieu3	
漅	tsʲɛw2/tsieu2	
漆	tsʲʰit4/tsʰit4	
漉	lɨwk4/luk4	
漊	lˠu2/ɭɨ̯u2	
漊	lɨw2/ləu2	
漌	kˠin2/kɨn2	
漍	qwɛk4/kuɛk4	
漏	lɨw3/ləu3	
漐	ʈˠʰip4/ʈʰip4	
漓	lˠi1/ɭi1	
演	jɛn2/jien2	
漕	dzɑw1/dzɑu1	
漕	dzɑw3/dzɑu3	
漘	ʑwin1/dʒyn1	
漙	dwɑn1/duon1	
漚	ʔɨw1/ʔəu1	
漚	ʔɨw3/ʔəu3	
漞	mʲɛk4/miek4	
漠	mɑk4/muɔk4	
漢	χɑn3/hɑn3	
漣	lˠɛn1/ɭien1	
漤	lɑm2/lɑm2	
漦	dʐi1/ʐʅi̯1	
漧	qɑn1/kɑn1	
漨	vuŋ1/bvuŋ1	
漪	ʔˠi1/ʔɨi̯1	
漫	mɑn3/muon3	
漬	dzi3/dzi3	
漭	mɑŋ2/muɔŋ2	
漭	mɑŋ3/muɔŋ3	
漮	qʰɑŋ1/kʰɑŋ1	
漯	tʰɑp4/tʰɑp4	
漰	pʰɨŋ1/pʰuəŋ1	
漱	ʂɨw3/ʂʅᵊu3	
漱	sɨw3/səu3	
漲	ʈˠɑŋ1/ʈɨɔŋ1	
漲	ʈˠɑŋ3/ʈɨɔŋ3	
漳	tɕɑŋ1/tʃɨɔŋ1	
漴	dʐawŋ3/dʐɯaŋ3	
漵	zʲɨ3/zɨ̯u3	
漶	ʁwɑn3/ɦuon3	
漷	qʰwɑk4/kʰuɔk4	
漷	χwɛk4/huɛk4	
漸	tsʲɛm1/tsiem1	
漸	dzʲɛm3/dziem3	
漹	ɰɛn1/ɨen1	
漹	ʔˠɛn3/ʔɨen3	
漺	tʂʰɑŋ2/tʂʰʅɔŋ2	
漺	ʂɑŋ2/ʂʅɔŋ2	
漻	lʲɛw1/lieu1	
漼	tsʰwɑj2/tsʰuoi2	
漾	jɑŋ3/jɨɔŋ3	
漿	tsʲɑŋ1/tsɨɔŋ1	
潀	tɕɨwŋ1/tʃɨuŋ1	
潀	dzɨwŋ1/dzuŋ1	
潁	jwɛŋ2/jyeŋ2	
潎	pʲʰɛj3/pʰiei3	
潎	pʲʰɛt4/pʰiet4	
潏	ʑwit4/ʒyt4	
潏	jwit4/jyt4	
潏	kʲwɛt4/kyet4	
潐	tsʲɛw3/tsieu3	
潒	zʲɑŋ3/zɨɔŋ3	
潒	dɑŋ3/dɑŋ3	
潓	ɣʲwɛj3/ɦyei3	
潔	kʲɛt4/kiet4	
潕	ɱu2/mvu2	
潗	tsʲip4/tsip4	
潘	pʰɑn1/pʰuon1	
潙	ɰwi1/ɨui1	
潙	kˠwi1/kɨui1	
潚	sʲɛw1/sieu1	
潚	sʲɨwk4/sɨuk4	
潛	dzʲɛm1/dziem1	
潛	dzʲɛm3/dziem3	
潝	xˠip4/hɨp4	
潞	lu3/lu3	
潟	sʲɛk4/siek4	
潠	swɨn3/sun3	
潢	ʁwɑŋ1/ɦuɔŋ1	
潢	ʁwɑŋ3/ɦuɔŋ3	
潣	mɑj2/muoi2	
潣	mˠin2/mɨn2	
潤	ɲwin3/ɲʒyn3	
潦	lɑw2/lɑu2	
潦	lɑw3/lɑu3	
潧	tʂin1/tʂʅᵊn1	
潩	ji3/ji3	
潩	jɨk4/jik4	
潪	ʈˠi3/ʈi3	
潪	ɖˠɛk4/ɖiek4	
潫	ʔwan1/ʔuan1	
潫	ʔʲwɛn1/ʔyen1	
潫	ʔˠwɛn1/ʔʉon1	
潬	dɑn3/dɑn3	
潭	dɑm1/dɑm1	
潭	jim2/jim2	
潮	ɖˠɛw1/ɖieu1	
潯	zʲim1/zim1	
潰	ʁwɑj3/ɦuoi3	
潲	ʂaw3/ʂɯau3	
潶	χɨk4/hək4	
潷	pˠit4/pɨt4	
潸	ʂan1/ʂɯan1	
潸	ʂan2/ʂɯan2	
潺	dʐan1/dʐɯan1	
潺	dʐɛn1/dʐʅen1	
潼	dɨwŋ1/duŋ1	
潼	tɕʰuŋ1/tʃʰɨuŋ1	
潾	lˠin1/ɭin1	
潾	lan1/ɭɯan1	
潿	ɰwi1/ɨui1	
澀	ʂip4/ʂʅᵊp4	
澁	ʂip4/ʂʅᵊp4	
澂	ɖˠɨŋ1/ɖiŋ1	
澄	ɖɛŋ1/ɖɯɛŋ1	
澄	ɖˠɨŋ1/ɖiŋ1	
澅	ʁwa3/ɦua3	
澅	ʁwaj3/ɦuai3	老
澆	kʲɛw1/kieu1	
澆	ŋʲɛw3/ŋieu3	
澇	lɑw1/lɑu1	
澇	lɑw2/lɑu2	
澇	lɑw3/lɑu3	
澈	ɖˠɛt4/ɖiet4	
澉	qɑm2/kɑm2	
澉	tʰɑm3/tʰɑm3	
澋	ʁwɛŋ3/ɦuɛŋ3	
澌	si3/si3	
澍	ʑu3/ʒɨ̯u3	
澍	tɕu3/tʃɨ̯u3	
澎	bɛŋ1/buɛŋ1	
澎	pʰɛŋ1/pʰuɛŋ1	
澐	ɰun1/ɨun1	
澒	ʁɨwŋ3/ɦuŋ3	
澓	vuk4/bvuk4	
澗	qan3/kɯan3	
澞	ŋˠu1/ŋɨ̯u1	
澠	ʑɨŋ1/dʒiŋ1	
澠	mʲin2/min2	
澡	tsɑw2/tsɑu2	
澣	ʁwɑn3/ɦuon3	
澤	ɖɛk4/ɖɯɛk4	
澥	ʁaj3/ɦɯai3	
澦	jɨ3/jɨ̯u3	
澧	lʲɛj2/liei2	
澨	ʑɛj3/ʒiei3	
澩	ʁaw3/ɦɯau3	
澩	dʐawk4/dʐɯak4	
澩	ʁawk4/ɦɯak4	
澪	lʲɛŋ1/lieŋ1	
澬	tsi1/tsi1	
澬	dzi1/dzi1	
澭	ʔˠuŋ1/ʔɨuŋ1	
澮	qwɑj3/kuoi3	
澱	dʲɛn3/dien3	
澲	ŋˠɛp4/ŋɨep4	
澳	ʔɑw3/ʔɑu3	
澳	ʔˠɨwk4/ʔɨuk4	
澴	ʁwan1/ɦuan1	
澶	ʑɛn1/dʒien1	
澶	dɑn3/dɑn3	
澹	dɑm1/dɑm1	
澹	dɑm3/dɑm3	
澺	ʔˠɨk4/ʔɨk4	
澻	zʲwi3/zyi̯3	
澼	pʲʰɛk4/pʰiek4	
澽	kˠɨ3/kɨ̯u3	
澽	ɡˠɨ3/ɡɨ̯u3	
澾	tʰɑt4/tʰɑt4	
澿	ɡˠim1/ɡɨm1	
激	kʲɛw3/kieu3	
激	kʲɛk4/kiek4	
濁	ɖawk4/ɖɯak4	
濂	lʲɛm1/liem1	
濃	ɳˠuŋ1/ɳɨuŋ1	
濄	ʔwɑ1/ʔuɔ1	
濅	tsʲim3/tsim3	
濆	vun1/bvun1	
濆	pʰɨn1/pʰun1	
濇	ʂɨk4/ʂʅᵊk4	
濇	ʂip4/ʂʅᵊp4	
濈	tʂip4/tʂʅᵊp4	
濉	sʲwi1/syi̯1	
濊	χwɑj3/huoi3	
濊	ʔwɑj3/ʔuoi3	
濊	ʔˠwɛj3/ʔʉoi3	
濊	χwɑt4/huot4	
濋	tʂʰɨ2/tʂʰʅu2	
濌	tʰɑp4/tʰɑp4	
濎	tʲɛŋ2/tieŋ2	
濔	mʲi2/mi2	
濕	ɕip4/ʃip4	
濕	tʰɑp4/tʰɑp4	
濗	mʲɛk4/miek4	
濘	nʲɛŋ2/nieŋ2	
濘	nʲɛj3/niei3	
濘	nʲɛŋ3/nieŋ3	
濙	ʔʲwɛŋ2/ʔyeŋ2	
濛	mɨwŋ1/muŋ1	
濛	mɨwŋ2/muŋ2	
濜	tsʲin1/tsin1	
濜	dzʲin3/dzin3	
濜	dʐin3/dʐʅᵊn3	
濞	pˠʰi3/pʰɨi̯3	
濞	pʲʰɛj3/pʰiei3	
濟	tsʲɛj2/tsiei2	
濟	tsʲɛj3/tsiei3	
濠	ʁɑw1/ɦɑu1	
濡	ɲu1/ɲʒɨ̯u1	
濡	nwɑn1/nuon1	
濢	tsʲwi2/tsyi̯2	
濢	tsʲʰwi3/tsʰyi̯3	
濤	dɑw1/dɑu1	
濥	jin2/jin2	
濥	jin3/jin3	
濧	dwɑj3/duoi3	
濨	dzi1/dzi1	
濩	ʁu3/ɦu3	
濩	ʁwɑk4/ɦuɔk4	
濩	ʔwɛk4/ʔuɛk4	
濫	ʁam3/ɦɯam3	
濫	lɑm3/lɑm3	
濬	sʲwin3/syn3	
濮	pɨwk4/puk4	
濯	ɖaw3/ɖɯau3	
濯	ɖawk4/ɖɯak4	
濰	jwi1/jyi̯1	
濱	pʲin1/pin1	
濴	jwɛŋ1/jyeŋ1	
濺	tsʲɛn1/tsien1	
濺	tsʲɛn3/tsien3	
濼	lɨwk4/luk4	
濼	pʰɨwk4/pʰuk4	
濼	lɑk4/lɑk4	
濼	pʰɑk4/pʰuɔk4	
濼	lʲɛk4/liek4	
濿	lˠɛj3/ɭiei3	
瀀	ʔˠɨw1/ʔɨu̯1	
瀁	jɑŋ2/jɨɔŋ2	
瀁	jɑŋ3/jɨɔŋ3	
瀄	tʂit4/tʂʅᵊt4	
瀅	ʔʲwɛŋ3/ʔyeŋ3	
瀆	dɨwk4/duk4	
瀇	ʔwɑŋ2/ʔuɔŋ2	
瀈	xˠwi1/hɨui1	
瀉	sʲa2/sia2	
瀉	sʲa3/sia3	
瀋	tɕʰim2/tʃʰim2	
瀌	pˠɛw1/pɨeu1	
瀌	bˠɨw1/biu̯1	
瀍	ɖˠɛn1/ɖien1	
瀎	mɑt4/muot4	
瀎	mʲɛt4/miet4	
瀏	lˠɨw1/ɭiu̯1	
瀏	lˠɨw2/ɭiu̯2	
瀑	bɑw3/buɔu3	
瀑	bɨwk4/buk4	
瀔	qɨwk4/kuk4	
瀖	χwɑk4/huɔk4	
瀗	xˠɛn3/hɨen3	
瀘	lu1/lu1	
瀙	tʂin1/tʂʅᵊn1	
瀙	tʂʰin3/tʂʰʅᵊn3	
瀙	tsʲʰin3/tsʰin3	
瀚	ʁɑn3/ɦɑn3	
瀛	jɛŋ1/jieŋ1	
瀜	jɨwŋ1/jɨuŋ1	
瀝	lʲɛk4/liek4	
瀡	sʲwi3/syi̯3	
瀢	jwi2/jyi̯2	
瀢	dwɑj3/duoi3	
瀣	ʁaj3/ɦɯai3	
瀣	ʁɑj3/ɦɑi3	
瀤	ʁwaj1/ɦuai1	
瀥	χawk4/hɯak4	
瀦	ʈˠɨ1/ʈɨ̯u1	
瀧	lɨwŋ1/luŋ1	
瀧	lawŋ1/ɭɯaŋ1	
瀧	ʂawŋ1/ʂɯaŋ1	
瀨	lɑj3/lɑi3	
瀰	mʲi1/mi1	
瀰	mʲi2/mi2	
瀰	nʲɛj2/niei2	
瀱	kˠɛj3/kɨei3	
瀲	lˠɛm2/ɭiem2	
瀲	lˠɛm3/ɭiem3	
瀳	tsʲɛn1/tsien1	
瀳	dzʲɛn3/dzien3	
瀴	mʲɛŋ2/mieŋ2	
瀴	ʔʲɛŋ2/ʔieŋ2	
瀴	ʔɛŋ3/ʔɯɛŋ3	
瀵	fʰun3/pfʰun3	
瀵	fun3/pfun3	
瀶	lˠim1/ɭim1	
瀷	jɨk4/jik4	
瀷	tɕʰɨk4/tʃʰik4	
瀸	tsʲɛm1/tsiem1	
瀹	jɑk4/jɨɔk4	
瀺	dʐam3/dʐɯam3	
瀼	ɲɑŋ1/ɲʒɨɔŋ1	
瀾	lɑn1/lɑn1	
瀾	lɑn3/lɑn3	
瀿	vɛn1/bvuɐn1	
灂	dʐawk4/dʐɯak4	
灃	fʰuŋ1/pfʰuŋ1	
灄	ɕɛp4/ʃiep4	
灈	ɡˠu1/ɡɨ̯u1	
灉	ʔˠuŋ1/ʔɨuŋ1	
灉	ʔˠuŋ3/ʔɨuŋ3	
灊	zʲim1/zim1	
灊	dzʲim1/dzim1	
灊	dzʲɛm1/dziem1	
灋	fɛp4/pfuɐp4	
灌	qwɑn3/kuon3	
灑	ʂi2/ʂʅi̯2	
灑	ʂa2/ʂɯa2	
灑	ʂi3/ʂʅi̯3	
灑	ʂaj2/ʂɯai2	老
灒	tsɑn3/tsɑn3	
灓	lwɑn1/luon1	
灓	lwɑn3/luon3	
灓	lˠwɛn3/ɭyen3	
灕	lˠi1/ɭi1	
灘	tʰɑn1/tʰɑn1	
灘	χɑn2/hɑn2	
灘	nɑn3/nɑn3	
灛	tɕʰɛn2/tʃʰien2	
灝	ʁɑw3/ɦɑu3	
灝	qɑm2/kɑm2	
灞	pa3/pua3	
灢	nɑŋ2/nɑŋ2	
灢	nɑŋ3/nɑŋ3	
灣	ʔwan1/ʔuan1	
灤	lwɑn1/luon1	
灥	zʲwin1/zyn1	
灥	tɕʰwɛn1/tʃʰyen1	
灨	qɑm2/kɑm2	
灨	qɑm3/kɑm3	
灩	jɛm3/jiem3	
灪	ʔˠut4/ʔɨut4	
火	χwɑ2/huɔ2	
灮	qwɑŋ1/kuɔŋ1	
灰	χwɑj1/huoi1	
灱	χaw1/hɯau1	
灵	lʲɛŋ1/lieŋ1	
灸	kˠɨw2/kɨu̯2	
灸	kˠɨw3/kɨu̯3	
灹	ʈa3/ʈɯa3	
灺	zʲa3/zia3	
灼	tɕɑk4/tʃɨɔk4	
災	tsɑj1/tsɑi1	
灾	tsɑj1/tsɑi1	
炁	kˠʰi3/kʰɨi̯3	
炂	tɕuŋ1/tʃɨuŋ1	
炅	kʲwɛŋ2/kyeŋ2	
炅	kʲwɛj3/kyei3	
炈	jwɛk4/jyek4	
炊	tɕʰwi1/tʃʰyi̯1	
炎	ɰɛm1/ɨem1	
炒	tʂʰaw2/tʂʰɯau2	
炓	lʲɛw3/lieu3	
炔	kʲwɛj3/kyei3	
炕	χɑŋ1/hɑŋ1	
炕	qʰɑŋ3/kʰɑŋ3	
炘	xˠin1/hɨn1	
炘	xˠin3/hɨn3	
炙	tɕa3/tʃia3	
炙	tɕɛk4/tʃiek4	
炟	tɑt4/tɑt4	
炠	ʁap4/ɦɯap4	
炢	ɖˠwit4/ɖyt4	
炤	tɕɛw3/tʃieu3	
炥	vut4/bvut4	
炦	bɑt4/buot4	
炪	ʈˠʰwit4/ʈʰyt4	
炪	tɕwɛt4/tʃyet4	
炫	ɣʲwɛn3/ɦyen3	
炬	ɡˠɨ3/ɡɨ̯u3	
炭	tʰɑn3/tʰɑn3	
炮	baw1/buau1	
炮	pʰaw3/pʰuau3	
炯	ɣʲwɛŋ3/ɦyeŋ3	
炯	kʲwɛŋ2/kyeŋ2	
炰	baw1/buau1	
炱	dɑj1/dɑi1	
炳	pˠɛŋ2/pɨeŋ2	
炴	ʔˠɑŋ2/ʔɨɔŋ2	
炵	dɨwŋ1/duŋ1	
炵	tʰɨwŋ1/tʰuŋ1	
炶	ʁɑm1/ɦɑm1	
炷	tɕu2/tʃɨ̯u2	
炷	tɕu3/tʃɨ̯u3	
為	ɰwi1/ɨui1	
烄	qaw2/kɯau2	
烄	qɑw3/kɑu3	
烈	lˠɛt4/ɭiet4	
烊	jɑŋ1/jɨɔŋ1	
烋	xˠɨw1/hiu̯1	
烏	ʔu1/ʔu1	
烑	jɛw1/jieu1	
烒	ɕɨk4/ʃik4	
烓	ʔʲwɛj1/ʔyei1	
烓	kʲʰwɛŋ2/kʰyeŋ2	
烔	dɨwŋ1/duŋ1	
烕	xʲwɛt4/hyet4	
烖	tsɑj1/tsɑi1	
烗	qʰaj3/kʰɯai3	
烘	ʁɨwŋ1/ɦuŋ1	
烘	χɨwŋ1/huŋ1	
烘	ʁɨwŋ3/ɦuŋ3	
烘	χɨwŋ3/huŋ3	
烙	lɑk4/lɑk4	
烚	ʁap4/ɦɯap4	
烜	xˠwi2/hɨui2	
烜	xˠwɛn2/hʉon2	
烝	tɕɨŋ1/tʃiŋ1	
烝	tɕɨŋ3/tʃiŋ3	
烟	ʔʲin1/ʔin1	
烟	ʔʲɛn1/ʔien1	
烠	ʁwɑj1/ɦuoi1	
烰	vɨw1/bvuəu1	
烳	pʰu2/pʰu2	
烴	kʲɛŋ2/kieŋ2	
烼	xˠut4/hɨut4	
烽	fʰuŋ1/pfʰuŋ1	
烾	tɕʰɛk4/tʃʰiek4	
焀	ʁɨwk4/ɦuk4	
焁	xˠi1/hɨi̯1	
焁	xʲi1/hi1	
焃	χwɛk4/huɛk4	
焄	xˠun1/hɨun1	
焅	qʰɨwk4/kʰuk4	
焆	kʲwɛn1/kyen1	
焆	ʔʲwɛt4/ʔyet4	
焆	ʔˠɛt4/ʔɨet4	
焇	sʲɛw1/sieu1	
焉	ʔˠɛn1/ʔɨen1	
焉	ɰɛn1/ɨen1	
焊	χɑn2/hɑn2	
焌	tsʲwin3/tsyn3	
焌	tswɨn3/tsun3	
焌	tsʲʰwit4/tsʰyt4	
焎	xˠɛt4/hɨet4	
焚	vun1/bvun1	
焜	ʁwɨn3/ɦun3	
焞	ʑwin1/dʒyn1	
焟	sʲɛk4/siek4	
焠	tsʰwɑj3/tsʰuoi3	
無	ɱu1/mvu1	
焥	ʔwɑt4/ʔuot4	
焦	tsʲɛw1/tsieu1	
焪	kˠʰɨwŋ1/kʰɨuŋ1	
焪	kˠʰɨwŋ3/kʰɨuŋ3	
焫	ɲwɛt4/ɲʒyet4	
焭	ɡʲwɛŋ1/ɡyeŋ1	
焮	xˠin3/hɨn3	
焯	tɕɑk4/tʃɨɔk4	
焰	jɛm3/jiem3	
焱	jɛm3/jiem3	
焱	xʲwɛk4/hyek4	
焲	jɛk4/jiek4	
焴	jɨwk4/jɨuk4	
然	ɲɛn1/ɲʒien1	
焷	bʲi1/bi1	
焸	qu2/ku2	
煁	ʑim1/dʒim1	
煆	χa1/hɯa1	
煆	χa3/hɯa3	
煇	xˠwi1/hɨui1	
煇	ʁwɨn1/ɦun1	
煇	ʁwɨn3/ɦun3	
煌	ʁwɑŋ1/ɦuɔŋ1	
煎	tsʲɛn1/tsien1	
煎	tsʲɛn3/tsien3	
煑	tɕɨ2/tʃɨ̯u2	
煒	ɰwi2/ɨui2	
煓	tʰwɑn1/tʰuon1	
煔	ʁɑm1/ɦɑm1	
煔	ɕɛm3/ʃiem3	
煔	tʲʰɛm3/tʰiem3	
煖	xˠwɛn1/hʉon1	
煖	nwɑn2/nuon2	
煗	nwɑn2/nuon2	
煙	ʔʲɛn1/ʔien1	
煚	kˠwɛŋ2/kʉeŋ2	
煜	jɨwk4/jɨuk4	
煜	ɰip4/ɨp4	
煝	mˠi3/mɨi̯3	
煞	ʂat4/ʂɯat4	
煟	ɰwi3/ɨui3	
煠	jɛp4/jiep4	
煠	ʈˠʰɛp4/ʈʰiep4	
煠	dʐap4/dʐɯap4	
煢	ɡʲwɛŋ1/ɡyeŋ1	
煣	ɲɨw2/ɲʒiu̯2	
煣	ɲɨw3/ɲʒiu̯3	
煤	mɑj1/muoi1	
煥	χwɑn3/huon3	
煦	xˠu2/hɨ̯u2	
煦	xˠu3/hɨ̯u3	
照	tɕɛw3/tʃieu3	
煨	ʔwɑj1/ʔuoi1	
煩	vɛn1/bvuɐn1	
煪	dzʲɨw1/dziu̯1	
煬	jɑŋ1/jɨɔŋ1	
煬	jɑŋ3/jɨɔŋ3	
煹	qɨw3/kəu3	
煻	dɑŋ1/dɑŋ1	
煼	tʂʰaw2/tʂʰɯau2	
煽	ɕɛn1/ʃien1	
煽	ɕɛn3/ʃien3	
煾	ʔɨn1/ʔən1	
熁	xˠɛp4/hɨep4	
熂	xˠi3/hɨi̯3	
熄	sʲɨk4/sik4	
熅	ʔˠun1/ʔɨun1	
熆	ʁɑp4/ɦɑp4	
熇	χɨwk4/huk4	
熇	χɑk4/hɑk4	
熊	ɣˠɨwŋ1/ɨuŋ1	
熏	xˠun1/hɨun1	
熑	lʲɛm1/liem1	
熒	ɣʲwɛŋ1/ɦyeŋ1	
熙	xˠi1/hɨi̯1	
熚	pʲit4/pit4	
熛	pʲɛw1/pieu1	
熜	tsʰɨwŋ1/tsʰuŋ1	
熜	tsɨwŋ2/tsuŋ2	
熟	ʑɨwk4/ʒɨuk4	
熠	ɰip4/ɨp4	
熠	jip4/jip4	
熧	tsʲuŋ1/tsɨuŋ1	
熨	ʔˠwi3/ʔɨui3	
熨	ʔˠut4/ʔɨut4	
熪	ji1/ji1	
熬	ɴɑw1/ŋɑu1	
熭	ɰwɛj3/ʉoi3	
熭	ɰwɛt4/ʉot4	
熮	lʲɛw1/lieu1	
熮	lˠɨw2/ɭiu̯2	
熮	lˠɛw3/ɭieu3	
熯	χɑn2/hɑn2	
熯	ɲɛn2/ɲʒien2	
熯	χɑn3/hɑn3	
熱	ɲɛt4/ɲʒiet4	
熲	kʲwɛŋ2/kyeŋ2	
熷	tsɨŋ1/tsəŋ1	
熸	tsʲɛm1/tsiem1	
熹	xˠi1/hɨi̯1	
熻	xˠip4/hɨp4	
熼	jɨk4/jik4	
熽	sʲɛw3/sieu3	
熾	tɕʰi3/tʃʰi3	
燀	tɕʰɛn1/tʃʰien1	
燀	tɕɛn2/tʃien2	
燀	tɕʰɛn2/tʃʰien2	
燁	ɰɛp4/ɨep4	
燂	dɑm1/dɑm1	
燂	dzʲɛm1/dziem1	
燃	ɲɛn1/ɲʒien1	
燄	jɛm2/jiem2	
燅	zʲɛm1/ziem1	
燈	tɨŋ1/təŋ1	
燉	tʰwɨn1/tʰun1	
燉	dwɨn1/dun1	
燊	ʂin1/ʂʅᵊn1	
燋	tsʲɛw1/tsieu1	
燋	tsʲɑk4/tsɨɔk4	
燌	vun1/bvun1	
燍	si1/si1	
燎	lˠɛw1/ɭieu1	
燎	lˠɛw2/ɭieu2	
燎	lˠɛw3/ɭieu3	
燏	jwit4/jyt4	
燐	lˠin1/ɭin1	
燐	lˠin3/ɭin3	
燒	ɕɛw1/ʃieu1	
燒	ɕɛw3/ʃieu3	
燔	vɛn1/bvuɐn1	
燕	ʔʲɛn1/ʔien1	
燕	ʔʲɛn3/ʔien3	
燖	zʲɛm1/ziem1	
燘	χwɑj2/huoi2	
燘	mɑj2/muoi2	
營	jwɛŋ1/jyeŋ1	
燠	ʔɑw2/ʔɑu2	
燠	ʔɑw3/ʔɑu3	
燠	ʔˠɨwk4/ʔɨuk4	
燡	jɛk4/jiek4	
燣	lɑm1/lɑm1	
燣	lɑm2/lɑm2	
燥	sɑw2/sɑu2	
燦	tsʰɑn3/tsʰɑn3	
燧	zʲwi3/zyi̯3	
燩	qʰawk4/kʰɯak4	
燩	kʲʰɛk4/kʰiek4	
燫	lʲɛm1/liem1	
燬	xˠwi2/hɨui2	
燭	tɕuk4/tʃɨuk4	
燮	sʲɛp4/siep4	
燹	sʲɛn2/sien2	
燹	xˠwi3/hɨui3	
燺	qʰɑw2/kʰɑu2	
燻	xˠun1/hɨun1	
燼	dzʲin3/dzin3	
燽	ɖˠɨw1/ɖiu̯1	
燾	dɑw1/dɑu1	
燾	dɑw3/dɑu3	
燿	jɛw3/jieu3	
爀	χɛk4/hɯɛk4	
爁	lɑm2/lɑm2	
爁	lɑm3/lɑm3	
爁	lˠɛm3/ɭiem3	
爆	paw3/puau3	
爆	pawk4/puak4	
爆	pɑk4/puɔk4	
爇	ɲwɛt4/ɲʒyet4	
爈	lˠɨ1/ɭɨ̯u1	
爋	xˠun3/hɨun3	
爌	χwɑŋ2/huɔŋ2	
爌	qʰwɑŋ2/kʰuɔŋ2	
爌	qʰwɑŋ3/kʰuɔŋ3	
爍	ɕɑk4/ʃɨɔk4	
爐	lu1/lu1	
爒	lʲɛw2/lieu2	
爒	lˠɛw2/ɭieu2	
爓	zʲɛm1/ziem1	
爓	jɛm3/jiem3	
爗	ɰɛp4/ɨep4	
爚	jɑk4/jɨɔk4	
爚	ɕɑk4/ʃɨɔk4	
爛	lɑn3/lɑn3	
爝	tsʲɛw3/tsieu3	
爝	tsʲɑk4/tsɨɔk4	
爝	dzʲɑk4/dzɨɔk4	
爞	ɖˠɨwŋ1/ɖɨuŋ1	
爞	dɨwŋ1/duŋ1	
爟	qwɑn3/kuon3	
爣	tʰɑŋ2/tʰɑŋ2	
爤	lɑn3/lɑn3	
爧	lʲɛŋ1/lieŋ1	
爨	tsʰwɑn3/tsʰuon3	
爩	ʔˠut4/ʔɨut4	
爪	tʂaw2/tʂɯau2	
爬	ba1/bua1	
爭	tʂɛŋ1/tʂɯɛŋ1	
爯	tɕʰɨŋ1/tʃʰiŋ1	
爰	ɰwɛn1/ʉon1	
爲	ɰwi1/ɨui1	
爲	ɰwi3/ɨui3	
爵	tsʲɑk4/tsɨɔk4	
父	fu2/pfu2	
父	vu3/bvu3	
爸	bɑ3/buɔ3	
爹	tʲa1/tia1	
爹	dɑ3/dɑ3	
爻	ʁaw1/ɦɯau1	
爽	ʂɑŋ2/ʂʅɔŋ2	
爾	ɲi2/ɲʒi2	
牀	dʐɑŋ1/dʐʅɔŋ1	
牁	qɑ1/kɑ1	
牂	tsɑŋ1/tsɑŋ1	
牃	dʲɛp4/diep4	
牄	tsʲʰɑŋ1/tsʰɨɔŋ1	
牆	dzʲɑŋ1/dzɨɔŋ1	
片	pʲʰɛn3/pʰien3	
版	pan2/puan2	
牉	pʰɑn3/pʰuon3	
牋	tsʲɛn1/tsien1	
牌	baj1/buai1	
牏	ju1/jɨ̯u1	
牏	dɨw1/dəu1	
牏	ɖˠu3/ɖɨ̯u3	
牐	dʐap4/dʐɯap4	
牑	pʲɛn1/pien1	
牒	dʲɛp4/diep4	
牓	pɑŋ2/puɔŋ2	
牕	tʂʰawŋ1/tʂʰɯaŋ1	
牖	jɨw2/jiu̯2	
牘	dɨwk4/duk4	
牙	ɴa1/ŋɯa1	
牚	ʈʰɛŋ3/ʈʰɯɛŋ3	
牛	ŋˠɨw1/ŋɨu̯1	
牝	bʲi3/bi3	
牝	bʲin3/bin3	
牟	mu1/mvu1	
牟	mɨw1/mvuəu1	老
牡	mu2/mu2	
牡	mɨw2/muəu2	老
牢	lɑw1/lɑu1	
牣	ɲin3/ɲʒin3	
牥	fɑŋ1/pfuɔŋ1	
牧	mɨwk4/mvuk4	
牨	qɑŋ1/kɑŋ1	
物	ɱut4/mvut4	
牭	si3/si3	
牯	qu2/ku2	
牰	zʲɨw3/ziu̯3	
牰	jɨw3/jiu̯3	
牲	ʂɛŋ1/ʂɯɛŋ1	
牴	tʲɛj2/tiei2	
牷	dzʲwɛn1/dzyen1	
牸	dzi3/dzi3	
特	dɨk4/dək4	
牻	mawŋ1/muaŋ1	
牼	qʰɛŋ1/kʰɯɛŋ1	
牼	ʁɛŋ1/ɦɯɛŋ1	
牽	kʲʰɛn1/kʰien1	
牽	kʲʰɛn3/kʰien3	
牿	qɨwk4/kuk4	
犀	sʲɛj1/siei1	
犁	lʲɛj1/liei1	
犂	lˠi1/ɭi1	
犃	bɨw3/buəu3	
犄	ʔˠi1/ʔɨi̯1	
犅	qɑŋ1/kɑŋ1	
犆	ɖˠɨk4/ɖik4	
犇	pɨn1/pun1	
犈	ɡˠwɛn1/ɡʉon1	
犈	kˠwɛn3/kʉon3	
犉	ɲwin1/ɲʒyn1	
犌	qa1/kɯa1	
犍	kˠɛn1/kɨen1	
犍	ɡˠɛn1/ɡɨen1	
犎	fuŋ1/pfuŋ1	
犐	qʰwɑ1/kʰuɔ1	
犑	kʲwɛk4/kyek4	
犒	qʰɑw3/kʰɑu3	
犓	tʂʰu1/tʂʰʅu1	
犔	xˠi3/hɨi̯3	
犕	bˠi3/bɨi̯3	
犖	lawk4/ɭɯak4	
犗	qaj3/kɯai3	
犘	ma1/mua1	
犙	ʂɨw1/ʂʅᵊu1	
犙	ʂam1/ʂɯam1	
犙	sɑm1/sɑm1	
犚	ʔˠwi3/ʔɨui3	
犛	lˠi1/ɭi1	
犛	lɑj1/lɑi1	
犛	maw1/muau1	
犝	dɨwŋ1/duŋ1	
犡	lˠɛj3/ɭiei3	
犡	lɑj3/lɑi3	
犢	dɨwk4/duk4	
犣	lˠɛp4/ɭiep4	
犤	bˠi1/bɨi̯1	
犤	baj1/buai1	
犥	pʲʰɛw1/pʰieu1	
犥	pʲʰɛw2/pʰieu2	
犦	pɨwk4/puk4	
犦	bawk4/buak4	
犧	xˠi1/hɨi̯1	
犨	tɕʰɨw1/tʃʰiu̯1	
犩	ŋˠwi1/ŋɨui1	
犩	ŋˠwi3/ŋɨui3	
犪	ɡˠwi1/ɡɨui1	
犫	tɕʰɨw1/tʃʰiu̯1	
犬	kʲʰwɛn2/kʰyen2	
犮	bɑt4/buot4	
犯	vɛm3/bvuɐm3	
犰	ɡˠɨw1/ɡɨu̯1	
犳	tɕɑk4/tʃɨɔk4	
犴	ɴɑn1/ŋɑn1	
犴	ɴɑn3/ŋɑn3	
犺	qʰɑŋ3/kʰɑŋ3	
犽	ɴa3/ŋɯa3	
犿	χwɑn1/huon1	
狀	dʐɑŋ3/dʐʅɔŋ3	
狁	jwin2/jyn2	
狂	ɡˠwɑŋ1/ɡʉɔŋ1	
狂	ɡˠwɑŋ3/ɡʉɔŋ3	
狃	ɳˠɨw2/ɳiu̯2	
狃	ɳˠɨw3/ɳiu̯3	
狄	dʲɛk4/diek4	
狊	kʲwɛk4/kyek4	
狊	xʲwɛk4/hyek4	
狋	ŋˠi1/ŋɨi̯1	
狋	ɡˠwɛn1/ɡʉon1	
狌	ʂɛŋ1/ʂɯɛŋ1	
狍	baw1/buau1	
狎	ʁap4/ɦɯap4	
狐	ʁu1/ɦu1	
狑	lʲɛŋ1/lieŋ1	
狒	vi3/bvi3	
狓	pˠʰi1/pʰɨi̯1	
狔	ɳˠi2/ɳi2	
狕	ʔaw2/ʔɯau2	
狖	jɨw3/jiu̯3	
狗	qɨw2/kəu2	
狘	xˠwɛt4/hʉot4	
狙	tsʲʰɨ1/tsʰɨ̯u1	
狚	tɑn2/tɑn2	
狚	tɑn3/tɑn3	
狚	tɑt4/tɑt4	
狟	ʁwɑn1/ɦuon1	
狡	qaw2/kɯau2	
狢	ʁɑk4/ɦɑk4	
狣	ɖˠɛw3/ɖieu3	
狤	kʲit4/kit4	
狤	ɡˠit4/ɡɨt4	
狤	kʲɛt4/kiet4	
狦	ʂan1/ʂɯan1	
狦	ʂan3/ʂɯan3	
狧	tʰɑp4/tʰɑp4	
狨	ɲɨwŋ1/ɲʒɨuŋ1	
狩	ɕɨw3/ʃiu̯3	
狳	jɨ1/jɨ̯u1	
狴	pʲɛj1/piei1	
狵	mawŋ1/muaŋ1	
狷	kʲwɛn3/kyen3	
狸	lˠi1/ɭi1	
狹	ʁap4/ɦɯap4	
狺	ŋˠin1/ŋɨn1	
狻	swɑn1/suon1	
狼	lɑŋ1/lɑŋ1	
狽	pɑj3/puoi3	
狾	tɕɛj3/tʃiei3	
狿	jɛn1/jien1	
狿	jɛn3/jien3	
猆	fi1/pfi1	
猇	ʁaw1/ɦɯau1	
猇	χaw1/hɯau1	
猈	baj1/buai1	
猈	baj3/buai3	
猊	ŋʲɛj1/ŋiei1	
猋	pʲɛw1/pieu1	
猌	ŋˠin3/ŋɨn3	
猍	lɑj1/lɑi1	
猎	dzʲɛk4/dziek4	
猏	kʲɛn1/kien1	
猐	kˠʰɑŋ1/kʰɨɔŋ1	
猑	qwɨn1/kun1	
猒	ʔʲɛm1/ʔiem1	
猒	ʔʲɛm3/ʔiem3	
猓	qwɑ2/kuɔ2	
猖	tɕʰɑŋ1/tʃʰɨɔŋ1	
猗	ʔˠi1/ʔɨi̯1	
猗	ʔˠi2/ʔɨi̯2	
猘	kˠɛj3/kɨei3	
猙	tʂɛŋ1/tʂɯɛŋ1	
猙	dzʲɛŋ3/dzieŋ3	
猚	ɴaj1/ŋɯai1	
猚	lˠwi2/ɭyi̯2	
猛	mɛŋ2/muɛŋ2	
猜	tsʰɑj1/tsʰɑi1	
猝	tsʰwɨt4/tsʰut4	
猢	ʁu1/ɦu1	
猣	tsɨwŋ1/tsuŋ1	
猣	tsɨwŋ2/tsuŋ2	
猤	ɡʲwi3/ɡyi̯3	
猥	ʔwɑj2/ʔuoi2	
猦	fuŋ1/pfuŋ1	
猨	ɰwɛn1/ʉon1	
猩	ʂɛŋ1/ʂɯɛŋ1	
猩	sʲɛŋ1/sieŋ1	
猪	ʈˠɨ1/ʈɨ̯u1	
猫	mˠɛw1/mɨeu1	
猭	ʈˠʰwɛn1/ʈʰyen1	
猭	ʈˠʰwɛn3/ʈʰyen3	
猰	ʔat4/ʔɯat4	
猰	qat4/kɯat4	
猰	kʲʰɛt4/kʰiet4	
猱	nɑw1/nɑu1	
猱	ɳˠɨw3/ɳiu̯3	
猲	xˠɛt4/hɨet4	
猲	χɑt4/hɑt4	
猲	kˠʰɛp4/kʰɨep4	
猳	qa1/kɯa1	
猴	ʁɨw1/ɦəu1	
猵	pʲɛn1/pien1	
猵	bʲin3/bin3	
猶	jɨw1/jiu̯1	
猶	kˠɨw3/kɨu̯3	
猶	jɨw3/jiu̯3	
猷	jɨw1/jiu̯1	
猺	jɛw1/jieu1	
猻	swɨn1/sun1	
猼	pɑk4/puɔk4	
猽	mʲɛŋ1/mieŋ1	
猾	ʁwat4/ɦuat4	
猿	ɰwɛn1/ʉon1	
獀	ʂɨw1/ʂʅᵊu1	
獂	ŋˠwɛn1/ŋʉon1	
獃	ɴɑj1/ŋɑi1	
獄	ŋˠuk4/ŋɨuk4	
獅	ʂi1/ʂʅi̯1	
獆	ʁɑw1/ɦɑu1	
獌	man1/muan1	
獌	ɱɛn3/mvuɐn3	
獌	mɑn3/muon3	
獍	kˠɛŋ3/kɨeŋ3	
獎	tsʲɑŋ2/tsɨɔŋ2	
獐	tɕɑŋ1/tʃɨɔŋ1	
獑	dʐam1/dʐɯam1	
獒	ɴɑw1/ŋɑu1	
獖	bɨn3/bun3	
獚	ʁwɑŋ1/ɦuɔŋ1	
獛	pɨwk4/puk4	
獜	lˠin1/ɭin1	
獜	lʲɛŋ1/lieŋ1	
獝	xʲwit4/hyt4	
獟	ŋʲɛw3/ŋieu3	
獠	lʲɛw1/lieu1	
獠	ʈaw2/ʈɯau2	
獠	lɑw2/lɑu2	
獡	ɕɑk4/ʃɨɔk4	
獢	xˠɛw1/hɨeu1	
獥	kʲɛw3/kieu3	
獥	kʲɛk4/kiek4	
獥	ɣʲɛk4/ɦiek4	
獦	qɑt4/kɑt4	
獦	lˠɛp4/ɭiep4	
獧	kʲwɛn3/kyen3	
獨	dɨwk4/duk4	
獩	ʔˠwɛj3/ʔʉoi3	
獪	qwɑj3/kuoi3	
獪	qwaj3/kuai3	
獫	lˠɛm1/ɭiem1	
獫	lˠɛm2/ɭiem2	
獫	xˠɛm2/hɨem2	
獫	lˠɛm3/ɭiem3	
獬	ʁaj3/ɦɯai3	
獮	sʲɛn2/sien2	
獯	xˠun1/hɨun1	
獰	ɳɛŋ1/ɳɯɛŋ1	
獱	bʲin1/bin1	
獲	ʁwɛk4/ɦuɛk4	
獳	ɲu1/ɲʒɨ̯u1	
獳	nɨw1/nəu1	
獵	lˠɛp4/ɭiep4	
獶	ʔˠɨw1/ʔɨu̯1	
獷	kˠwɑŋ2/kʉɔŋ2	
獷	qwɛŋ2/kuɛŋ2	
獸	ɕɨw3/ʃiu̯3	
獹	lu1/lu1	
獺	tʰɑt4/tʰɑt4	
獺	ʈʰat4/ʈʰɯat4	
獻	sɑ1/sɑ1	
獻	xˠɛn3/hɨen3	
獼	mʲi1/mi1	
獽	ɲɑŋ1/ɲʒɨɔŋ1	
獾	χwɑn1/huon1	
獿	nɑw1/nɑu1	
獿	ɳaw2/ɳɯau2	
玁	xˠɛm2/hɨem2	
玂	ɡˠi1/ɡɨi̯1	
玃	kˠwɑk4/kʉɔk4	
玄	ɣʲwɛn1/ɦyen1	
玅	mʲɛw3/mieu3	
玆	ɣʲwɛn1/ɦyen1	
率	ʂwi3/ʂʯᵊi3	
率	ʂwit4/ʂʯᵊt4	
玈	lu1/lu1	
玉	ŋˠuk4/ŋɨuk4	
玊	sʲɨwk4/sɨuk4	
玊	sʲuk4/sɨuk4	
王	ɰwɑŋ1/ʉɔŋ1	
王	ɰwɑŋ3/ʉɔŋ3	
玎	ʈɛŋ1/ʈɯɛŋ1	
玎	tʲɛŋ1/tieŋ1	
玏	lɨk4/lək4	
玐	pat4/puat4	
玒	qɨwŋ1/kuŋ1	
玒	qawŋ1/kɯaŋ1	
玓	tʲɛk4/tiek4	
玕	qɑn1/kɑn1	
玖	kˠɨw2/kɨu̯2	
玗	ɰu1/ɨ̯u1	
玘	kˠʰi2/kʰɨi̯2	
玞	fu1/pfu1	
玟	mɑj1/muoi1	
玠	qaj3/kɯai3	
玢	pˠin1/pɨn1	
玤	bawŋ3/buaŋ3	
玥	ŋˠwɛt4/ŋʉot4	
玦	kʲwɛt4/kyet4	
玧	jwin2/jyn2	
玩	ɴwɑn3/ŋuon3	
玪	qam1/kɯam1	
玭	bʲin1/bin1	
玭	bʲɛn1/bien1	
玲	lʲɛŋ1/lieŋ1	
玷	tʲɛm2/tiem2	
玸	vu1/bvu1	
玹	ɣʲwɛn1/ɦyen1	
玹	ɣʲwɛn3/ɦyen3	
玻	pʰɑ1/pʰuɔ1	
玼	dzi1/dzi1	
玼	tsʰi2/tsʰi2	
玼	tsʲʰɛj2/tsʰiei2	
玽	qɨw2/kəu2	
玾	qap4/kɯap4	
玿	ʑɛw1/dʒieu1	
珀	pʰɛk4/pʰuɛk4	
珂	qʰɑ1/kʰɑ1	
珄	ʂɛŋ1/ʂɯɛŋ1	
珆	ji1/ji1	
珇	tsu2/tsu2	
珈	qa1/kɯa1	
珉	mˠin1/mɨn1	
珊	sɑn1/sɑn1	
珋	lˠɨw2/ɭiu̯2	
珌	pʲit4/pit4	
珍	ʈˠin1/ʈin1	
珏	qawk4/kɯak4	
珓	qaw3/kɯau3	
珕	lˠi3/ɭi3	
珕	lʲɛj3/liei3	
珙	kˠuŋ1/kɨuŋ1	
珙	kˠuŋ2/kɨuŋ2	
珛	xˠɨw3/hɨu̯3	
珝	xˠu2/hɨ̯u2	
珞	lɑk4/lɑk4	
珠	tɕu1/tʃɨ̯u1	
珢	ŋˠin1/ŋɨn1	
珢	qɨn1/kən1	
珢	qɨn3/kən3	
珣	sʲwin1/syn1	
珤	pɑw2/puɔu2	
珥	ɲi3/ɲʒi3	
珦	ɕɑŋ3/ʃɨɔŋ3	
珦	xˠɑŋ3/hɨɔŋ3	
珧	jɛw1/jieu1	
珨	ʁap4/ɦɯap4	
珩	ʁɛŋ1/ɦɯɛŋ1	
珪	kʲwɛj1/kyei1	
珫	tɕʰɨwŋ1/tʃʰɨuŋ1	
珬	sʲwit4/syt4	
班	pan1/puan1	
珮	bɑj3/buoi3	
珵	ɖˠɛŋ1/ɖieŋ1	
珷	ɱu2/mvu2	
珸	ɴu1/ŋu1	
珹	ʑɛŋ1/dʒieŋ1	
珽	tʲʰɛŋ2/tʰieŋ2	
現	ɣʲɛn3/ɦien3	
珿	tʂʰɨwk4/tʂʰʅuk4	
琀	ʁɑm3/ɦɑm3	
琁	zʲwɛn1/zyen1	
琂	ŋˠɛn1/ŋɨen1	
球	ɡˠɨw1/ɡɨu̯1	
琄	ɣʲwɛn3/ɦyen3	
琅	lɑŋ1/lɑŋ1	
理	lˠi2/ɭi2	
琇	jɨw2/jiu̯2	
琇	sʲɨw3/siu̯3	
琈	vɨw1/bvuəu1	
琕	bʲɛn1/bien1	
琖	tʂan2/tʂɯan2	
琙	ɰwɨk4/ʉik4	
琚	kˠɨ1/kɨ̯u1	
琛	ʈˠʰim1/ʈʰim1	
琟	jwi1/jyi̯1	
琠	tʲʰɛn2/tʰien2	
琡	tɕʰɨwk4/tʃʰɨuk4	
琡	tɕɨwk4/tʃɨuk4	
琢	ʈawk4/ʈɯak4	
琤	tʂʰɛŋ1/tʂʰɯɛŋ1	
琥	χu2/hu2	
琦	ɡˠi1/ɡɨi̯1	
琨	qwɨn1/kun1	
琩	tɕʰɑŋ1/tʃʰɨɔŋ1	
琪	ɡˠi1/ɡɨi̯1	
琫	pɨwŋ2/puŋ2	
琬	ʔˠwɛn2/ʔʉon2	
琬	ʔwɑn3/ʔuon3	
琭	lɨwk4/luk4	
琮	dzɨwŋ1/dzuŋ1	
琯	qwɑn2/kuon2	
琯	qwɨn3/kun3	
琰	jɛm2/jiem2	
琱	tʲɛw1/tieu1	
琲	bɑj3/buoi3	
琳	lˠim1/ɭim1	
琴	ɡˠim1/ɡɨm1	
琵	bʲi1/bi1	
琶	ba1/bua1	
琿	ʁwɨn1/ɦun1	
瑀	ɰu2/ɨ̯u2	
瑁	mɑj3/muoi3	
瑁	mɑw3/muɔu3	
瑁	mɨwk4/muk4	
瑂	mˠi1/mɨi̯1	
瑃	ʈˠʰwin1/ʈʰyn1	
瑄	sʲwɛn1/syen1	
瑅	dʲɛj1/diei1	
瑇	dɑj3/dɑi3	
瑇	dɨwk4/duk4	
瑈	ɲɨw1/ɲʒiu̯1	
瑊	tɕim1/tʃim1	
瑊	qam1/kɯam1	
瑋	ɰwi2/ɨui2	
瑌	ɲwɛn1/ɲʒyen1	
瑌	ɲwɛn2/ɲʒyen2	
瑎	ʁaj1/ɦɯai1	
瑑	ɖˠwɛn3/ɖyen3	
瑒	jɑŋ1/jɨɔŋ1	
瑒	ɖɛŋ3/ɖɯɛŋ3	
瑕	ʁa1/ɦɯa1	
瑖	twɑn3/tuon3	
瑗	ɰwɛn3/ʉon3	
瑘	ja1/jia1	
瑚	ʁu1/ɦu1	
瑛	ʔˠɛŋ1/ʔɨeŋ1	
瑜	ju1/jɨ̯u1	
瑝	ʁwɛŋ1/ɦuɛŋ1	
瑞	ʑwi3/ʒyi̯3	
瑟	ʂit4/ʂʅᵊt4	
瑠	lˠɨw1/ɭiu̯1	
瑢	juŋ1/jɨuŋ1	
瑣	swɑ2/suɔ2	
瑤	jɛw1/jieu1	
瑦	ʔu1/ʔu1	
瑦	ʔu2/ʔu2	
瑨	tsʲin3/tsin3	
瑩	ɰwɛŋ1/ʉeŋ1	
瑩	ʔʲwɛŋ3/ʔyeŋ3	
瑫	tʰɑw1/tʰɑu1	
瑬	lˠɨw1/ɭiu̯1	
瑭	dɑŋ1/dɑŋ1	
瑮	lˠit4/ɭit4	
瑯	lɑŋ1/lɑŋ1	
瑰	ʁwɑj1/ɦuoi1	
瑰	qwɑj1/kuoi1	
瑱	ʈˠin3/ʈin3	
瑱	tʲʰɛn3/tʰien3	
瑲	tsʲʰɑŋ1/tsʰɨɔŋ1	
瑳	tsʰɑ1/tsʰɑ1	
瑳	tsʰɑ2/tsʰɑ2	
瑴	qɨwk4/kuk4	
瑴	qawk4/kɯak4	
瑵	tʂaw2/tʂɯau2	
瑹	ɕɨ1/ʃɨ̯u1	
瑻	qwɨn1/kun1	
瑽	tsʲʰuŋ1/tsʰɨuŋ1	
瑾	ɡˠin3/ɡɨn3	
璀	tsʰwɑj2/tsʰuoi2	
璁	tsʰɨwŋ1/tsʰuŋ1	
璂	ɡˠi1/ɡɨi̯1	
璃	lˠi1/ɭi1	
璄	ʔˠɛŋ2/ʔɨeŋ2	
璅	tsɑw2/tsɑu2	
璆	ɡˠɨw1/ɡɨu̯1	
璆	ɡʲɨw1/ɡiu̯1	
璇	zʲwɛn1/zyen1	
璉	lˠɛn2/ɭien2	
璊	mɨn1/mun1	
璋	tɕɑŋ1/tʃɨɔŋ1	
璏	ɰwɛj3/ʉoi3	
璏	ɖˠɛj3/ɖiei3	
璏	ɰwɛt4/ʉot4	
璐	lu3/lu3	
璑	ɱu1/mvu1	
璒	tɨŋ1/təŋ1	
璖	ɡˠɨ1/ɡɨ̯u1	
璗	dɑŋ3/dɑŋ3	
璘	lˠin1/ɭin1	
璙	lʲɛw1/lieu1	
璙	lˠɛw2/ɭieu2	
璙	lʲɛw3/lieu3	
璚	ɡʲwɛŋ1/ɡyeŋ1	
璛	sʲɨwk4/sɨuk4	
璜	ʁwɑŋ1/ɦuɔŋ1	
璞	pʰawk4/pʰuak4	
璟	ʔˠɛŋ2/ʔɨeŋ2	
璟	kˠwɛŋ2/kʉeŋ2	
璠	vɛn1/bvuɐn1	
璡	tsʲin1/tsin1	
璡	tsʲin3/tsin3	
璣	kˠi1/kɨi̯1	
璥	kˠɛŋ2/kɨeŋ2	
璦	ʔɑj3/ʔɑi3	
璧	pʲɛk4/piek4	
璨	tsʰɑn3/tsʰɑn3	
璩	ɡˠɨ1/ɡɨ̯u1	
璪	tsɑw2/tsɑu2	
璫	tɑŋ1/tɑŋ1	
璬	kʲɛw2/kieu2	
璭	qwɨn3/kun3	
璯	qʰwaj3/kʰuai3	
環	ʁwan1/ɦuan1	
璱	ʂit4/ʂʅᵊt4	
璲	zʲwi3/zyi̯3	
璵	jɨ1/jɨ̯u1	
璶	dzʲin3/dzin3	
璷	lˠɨ1/ɭɨ̯u1	
璹	ʑɨw3/ʒiu̯3	
璹	ʑɨwk4/ʒɨuk4	
璺	ɱun3/mvun3	
璽	si2/si2	
璿	zʲwɛn1/zyen1	
瓁	ɴwɑk4/ŋuɔk4	
瓃	lˠwi1/ɭyi̯1	
瓃	lwɑj1/luoi1	
瓃	lˠwi3/ɭyi̯3	
瓄	dɨwk4/duk4	
瓅	lʲɛk4/liek4	
瓈	lʲɛj1/liei1	
瓊	ɡʲwɛŋ1/ɡyeŋ1	
瓌	qwɑj1/kuoi1	
瓏	lɨwŋ1/luŋ1	
瓐	lu1/lu1	
瓔	ʔʲɛŋ1/ʔieŋ1	
瓕	mʲi1/mi1	
瓖	sʲɑŋ1/sɨɔŋ1	
瓗	jwi3/jyi̯3	
瓘	qwɑn3/kuon3	
瓚	dzɑn3/dzɑn3	
瓛	ʁwɑn1/ɦuon1	
瓜	qwa1/kua1	
瓝	bawk4/buak4	
瓞	dʲɛt4/diet4	
瓟	baw1/buau1	
瓟	bawk4/buak4	
瓠	ʁu1/ɦu1	
瓠	ʁu3/ɦu3	
瓡	tɕip4/tʃip4	
瓢	bʲɛw1/bieu1	
瓣	ban3/buan3	
瓤	ɲɑŋ1/ɲʒɨɔŋ1	
瓤	ɳˠɑŋ1/ɳɨɔŋ1	
瓦	ɴwa2/ŋua2	
瓦	ɴwa3/ŋua3	
瓨	ʁawŋ1/ɦɯaŋ1	
瓪	pɑn2/puon2	
瓪	pan2/puan2	
瓬	fɑŋ2/pfuɔŋ2	
瓭	tɑm2/tɑm2	
瓮	ʔɨwŋ3/ʔuŋ3	
瓳	ʁu1/ɦu1	
瓴	lʲɛŋ1/lieŋ1	
瓵	ji1/ji1	
瓶	bʲɛŋ1/bieŋ1	
瓷	dzi1/dzi1	
瓹	kʲwɛn3/kyen3	
瓺	ɖˠɑŋ1/ɖɨɔŋ1	
瓺	ɖˠɑŋ3/ɖɨɔŋ3	
瓻	ʈˠʰi1/ʈʰi1	
瓽	tɑŋ3/tɑŋ3	
瓿	vu1/bvu1	
瓿	bɨw3/buəu3	
甀	ɖˠwi1/ɖyi̯1	
甀	ɖˠwi3/ɖyi̯3	
甂	pʲɛn1/pien1	
甃	tʂɨw3/tʂʅᵊu3	
甄	tɕin1/tʃin1	
甄	kʲɛn1/kien1	
甈	ŋʲɛj3/ŋiei3	
甈	kˠʰɛj3/kʰɨei3	
甉	ʁam1/ɦɯam1	
甉	ʁam3/ɦɯam3	
甊	lɨw2/ləu2	
甋	tʲɛk4/tiek4	
甌	ʔɨw1/ʔəu1	
甍	mɛŋ1/muɛŋ1	
甎	tɕwɛn1/tʃyen1	
甐	lˠin3/ɭin3	
甑	tsʲɨŋ3/tsiŋ3	
甒	ɱu2/mvu2	
甓	bʲɛk4/biek4	
甔	tɑm1/tɑm1	
甔	tɑm3/tɑm3	
甕	ʔɨwŋ3/ʔuŋ3	
甖	ʔɛŋ1/ʔɯɛŋ1	
甗	ŋˠɛn1/ŋɨen1	
甗	ŋˠɛn2/ŋɨen2	
甗	ŋˠɛn3/ŋɨen3	
甘	qɑm1/kɑm1	
甚	ʑim3/ʒim3	
甜	dʲɛm1/diem1	
甝	ʁɑm1/ɦɑm1	
甞	ʑɑŋ1/dʒɨɔŋ1	
生	ʂɛŋ1/ʂɯɛŋ1	
生	ʂɛŋ3/ʂɯɛŋ3	
甡	ʂin1/ʂʅᵊn1	
產	ʂan2/ʂɯan2	
甤	ɲwi1/ɲʒyi̯1	
甤	ɲwi2/ɲʒyi̯2	
甥	ʂɛŋ1/ʂɯɛŋ1	
用	juŋ3/jɨuŋ3	
甫	fu2/pfu2	
甬	juŋ2/jɨuŋ2	
甯	nʲɛŋ3/nieŋ3	
田	dʲɛn1/dien1	
由	jɨw1/jiu̯1	
甲	qap4/kɯap4	
申	ɕin1/ʃin1	
甶	fut4/pfut4	
男	nɑm1/nɑm1	
甸	dʲɛn3/dien3	
甹	pʲʰɛŋ1/pʰieŋ1	
町	tʲʰɛŋ1/tʰieŋ1	
町	tʲʰɛn2/tʰien2	
町	dʲɛŋ3/dieŋ3	
町	tʲʰɛŋ2/tʰieŋ2	
甾	tʂi1/tʂʅi̯1	
甿	mɛŋ1/muɛŋ1	
畀	pʲi3/pi3	
畂	lˠɨw3/ɭiu̯3	
畇	sʲwin1/syn1	
畇	jwin1/jyn1	
畇	zʲwin1/zyn1	
畇	dʲɛn1/dien1	
畈	fɛn3/pfuɐn3	
畋	dʲɛn1/dien1	
畋	dʲɛn3/dien3	
界	qaj3/kɯai3	
畎	kʲwɛn2/kyen2	
畏	ʔˠwi3/ʔɨui3	
畐	vuk4/bvuk4	
畐	pˠʰɨk4/pʰɨk4	
畔	bɑn3/buon3	
畕	kˠɑŋ1/kɨɔŋ1	
畖	ʔwa1/ʔua1	
留	lˠɨw1/ɭiu̯1	
留	lˠɨw3/ɭiu̯3	
畚	pɨn2/pun2	
畛	tɕin1/tʃin1	
畛	tɕin2/tʃin2	
畜	ʈˠʰɨw3/ʈʰiu̯3	
畜	xˠɨwk4/hɨuk4	
畝	mu2/mu2	
畝	mɨw2/muəu2	老
畞	mɨw2/muəu2	
畟	tʂʰɨk4/tʂʰʅᵊk4	
畟	tsʲɨk4/tsik4	
畢	pʲit4/pit4	
畣	tɑp4/tɑp4	
畤	tɕi2/tʃi2	
畤	ʑi3/ʒi3	
畤	ɖˠi3/ɖi3	
略	lˠɑk4/ɭɨɔk4	
畦	ɣʲwɛj1/ɦyei1	
番	vɛn1/bvuɐn1	
番	fʰɛn1/pfʰuɐn1	
番	pʰɑn1/pʰuon1	
番	pɑ1/puɔ1	
番	pɑ3/puɔ3	
畫	ʁwa3/ɦua3	
畫	ʁwɛk4/ɦuɛk4	
畫	ʁwaj3/ɦuai3	老
畬	jɨ1/jɨ̯u1	
畬	ɕa1/ʃia1	
畮	mu2/mu2	
畮	mɨw2/muəu2	老
畯	tsʲwin3/tsyn3	
異	ji3/ji3	
當	tɑŋ1/tɑŋ1	
當	tɑŋ3/tɑŋ3	
畷	ʈˠwɛj3/ʈyei3	
畷	ʈˠwɛt4/ʈyet4	
畸	kˠi1/kɨi̯1	
畹	ʔˠwɛn2/ʔʉon2	
畺	kˠɑŋ1/kɨɔŋ1	
畼	ʈˠʰɑŋ3/ʈʰɨɔŋ3	
畽	tʰwɨn2/tʰun2	
畾	lwɑj1/luoi1	
畿	ɡˠi1/ɡɨi̯1	
疀	tʂʰap4/tʂʰɯap4	
疁	lˠɨw1/ɭiu̯1	
疃	tʰwɑn2/tʰuon2	
疄	lˠin1/ɭin1	
疄	lˠin3/ɭin3	
疆	kˠɑŋ1/kɨɔŋ1	
疇	ɖˠɨw1/ɖiu̯1	
疈	pˠʰɨk4/pʰɨk4	
疊	dʲɛp4/diep4	
疋	ʂɨ1/ʂʅu1	
疋	ʂɨ2/ʂʅu2	
疋	ɴa2/ŋɯa2	
疌	dzʲɛp4/dziep4	
疎	ʂɨ1/ʂʅu1	
疏	ʂɨ1/ʂʅu1	
疏	ʂɨ3/ʂʅu3	
疐	ʈˠi3/ʈi3	
疐	tʲɛj3/tiei3	
疑	ŋˠi1/ŋɨi̯1	
疒	dʐɑŋ1/dʐʅɔŋ1	
疒	ɳɛk4/ɳɯɛk4	
疓	nɑj2/nɑi2	
疕	pʲʰi2/pʰi2	
疕	pʲi2/pi2	
疕	pˠʰi2/pʰɨi̯2	
疘	qɨwŋ1/kuŋ1	
疙	ŋˠit4/ŋɨt4	
疚	kˠɨw3/kɨu̯3	
疛	ʈˠɨw2/ʈiu̯2	
疛	ɖˠɨw3/ɖiu̯3	
疝	ʂan1/ʂɯan1	
疝	ʂan3/ʂɯan3	
疢	ʈˠʰin3/ʈʰin3	
疣	ɰɨw1/ɨu̯1	
疥	qaj3/kɯai3	
疦	xʲwɛt4/hyet4	
疦	kʲwɛt4/kyet4	
疧	ɡʲi1/ɡi1	
疨	χa1/hɯa1	
疫	jwɛk4/jyek4	
疰	tɕu3/tʃɨ̯u3	
疲	bˠi1/bɨi̯1	
疴	qʰa3/kʰɯa3	
疵	dzi1/dzi1	
疶	sʲɛt4/siet4	
疷	ʈˠi1/ʈi1	
疸	tɑn2/tɑn2	
疸	tɑn3/tɑn3	
疹	tɕin2/tʃin2	
疻	tɕi1/tʃi1	
疼	dɨwŋ1/duŋ1	
疽	tsʲʰɨ1/tsʰɨ̯u1	
疾	dzʲit4/dzit4	
疿	fi3/pfi3	
痀	kˠu1/kɨ̯u1	
痁	ɕɛm1/ʃiem1	
痁	tʲɛm3/tiem3	
痂	qa1/kɯa1	
痃	ɣʲɛn1/ɦien1	
痄	tʂa2/tʂɯa2	
病	bˠɛŋ3/bɨeŋ3	
痆	ɳat4/ɳɯat4	
痊	tsʲʰwɛn1/tsʰyen1	
痋	dɨwŋ1/duŋ1	
痌	tʰɨwŋ1/tʰuŋ1	
痍	ji1/ji1	
痎	qaj1/kɯai1	
痏	ɰwi2/ɨui2	
痑	tʰɑn1/tʰɑn1	
痑	tʰɑ1/tʰɑ1	
痑	tɑ3/tɑ3	
痒	zʲɑŋ1/zɨɔŋ1	
痒	jɑŋ2/jɨɔŋ2	
痓	tɕʰi3/tʃʰi3	
痔	ɖˠi3/ɖi3	
痕	ʁɨn1/ɦən1	
痗	mɑj3/muoi3	
痗	χwɑj3/huoi3	
痙	ɡʲɛŋ3/ɡieŋ3	
痛	tʰɨwŋ3/tʰuŋ3	
痝	mawŋ1/muaŋ1	
痞	pˠi2/pɨi̯2	
痞	bˠi3/bɨi̯3	
痞	fɨw2/pfuəu2	
痟	sʲɛw1/sieu1	
痠	swɑn1/suon1	
痡	fʰu1/pfʰu1	
痡	pʰu1/pʰu1	
痢	lˠi3/ɭi3	
痣	tɕi3/tʃi3	
痤	dzwɑ1/dzuɔ1	
痥	dwɑt4/duot4	
痬	jɛk4/jiek4	
痮	ʈˠɑŋ3/ʈɨɔŋ3	
痯	qwɑn2/kuon2	
痯	qwɑn3/kuon3	
痰	dɑm1/dɑm1	
痱	vi1/bvi1	
痱	bɑj3/buoi3	
痱	vi3/bvi3	
痲	ma1/mua1	
痳	lˠim1/ɭim1	
痴	ʈˠʰi1/ʈʰi1	
痵	ɡʲwi3/ɡyi̯3	
痶	tʲʰɛn2/tʰien2	
痸	tɕʰɛj3/tʃʰiei3	
痹	pʲi3/pi3	
痻	mˠin1/mɨn1	
痼	qu3/ku3	
痾	ʔɑ1/ʔɑ1	
痿	ʔˠwi1/ʔɨui1	
痿	ɲwi1/ɲʒyi̯1	
瘀	ʔˠɨ3/ʔɨ̯u3	
瘁	dzʲwi3/dzyi̯3	
瘂	ʔa2/ʔɯa2	
瘃	ʈˠuk4/ʈɨuk4	
瘉	ju1/jɨ̯u1	
瘉	ju2/jɨ̯u2	
瘊	ʁɨw1/ɦəu1	
瘌	lɑt4/lɑt4	
瘍	jɑŋ1/jɨɔŋ1	
瘎	ʑim1/dʒim1	
瘏	du1/du1	
瘑	qwɑ1/kuɔ1	
瘒	ɴwɨn1/ŋun1	
瘓	tʰwɑn2/tʰuon2	
瘕	qa1/kɯa1	
瘕	qa2/kɯa2	
瘕	qa3/kɯa3	
瘖	ʔˠim1/ʔɨm1	
瘙	sɑw3/sɑu3	
瘚	kˠwɛt4/kʉot4	
瘛	ɣʲɛj3/ɦiei3	
瘛	tɕʰɛj3/tʃʰiei3	
瘛	tɕʰɛt4/tʃʰiet4	
瘜	sʲɨk4/sik4	
瘞	ʔˠɛj3/ʔɨei3	
瘠	dzʲɛk4/dziek4	
瘡	tʂʰɑŋ1/tʂʰʅɔŋ1	
瘢	bɑn1/buon1	
瘣	ʁwɑj3/ɦuoi3	
瘤	lˠɨw1/ɭiu̯1	
瘤	lˠɨw3/ɭiu̯3	
瘥	dzɑ1/dzɑ1	
瘥	tsʲa1/tsia1	
瘥	tʂʰaj3/tʂʰɯai3	
瘦	ʂɨw3/ʂʅᵊu3	
瘧	ŋˠɑk4/ŋɨɔk4	
瘨	tʲɛn1/tien1	
瘭	pʲɛw1/pieu1	
瘮	ʂim2/ʂʅᵊm2	
瘯	tsʰɨwk4/tsʰuk4	
瘰	lwɑ2/luɔ2	
瘱	ʔʲɛj3/ʔiei3	
瘲	tsʲuŋ3/tsɨuŋ3	
瘳	ʈˠʰɨw1/ʈʰiu̯1	
瘴	tɕɑŋ3/tʃɨɔŋ3	
瘵	tʂaj3/tʂɯai3	
瘶	sɨw3/səu3	
瘸	ɡˠwɑ1/ɡʉɔ1	
瘹	tʲɛw3/tieu3	
瘻	lˠu1/ɭɨ̯u1	
瘻	lɨw3/ləu3	
瘼	mɑk4/muɔk4	
瘽	ɡˠin1/ɡɨn1	
瘽	ɡˠin3/ɡɨn3	
癀	ʁwɑŋ1/ɦuɔŋ1	
療	lˠɛw3/ɭieu3	
癃	lˠɨwŋ1/ɭɨuŋ1	
癄	tʂaw3/tʂɯau3	
癆	lɑw3/lɑu3	
癇	ʁan1/ɦɯan1	
癈	fɛj3/pfei3	
癉	tɑn1/tɑn1	
癉	dɑn1/dɑn1	
癉	tɑ2/tɑ2	
癉	tɑ3/tɑ3	
癏	qwan1/kuan1	
癑	nɨwŋ3/nuŋ3	
癓	ɱi1/mvi1	
癔	ʔˠɨk4/ʔɨk4	
癖	pʲʰɛk4/pʰiek4	
癗	lwɑj2/luoi2	
癘	lˠɛj3/ɭiei3	
癙	ɕɨ2/ʃɨ̯u2	
癛	lˠim2/ɭim2	
癟	bʲɛt4/biet4	
癟	pʲʰɛt4/pʰiet4	
癠	dzʲɛj1/dziei1	
癠	dzʲɛj3/dziei3	
癠	tsʲɛj2/tsiei2	
癡	ʈˠʰi1/ʈʰi1	
癢	jɑŋ2/jɨɔŋ2	
癤	tsʲɛt4/tsiet4	
癥	ʈˠɨŋ1/ʈiŋ1	
癧	lʲɛk4/liek4	
癨	χwɑk4/huɔk4	
癩	lɑj3/lɑi3	
癩	lɑt4/lɑt4	
癬	sʲɛn2/sien2	
癭	ʔʲɛŋ2/ʔieŋ2	
癯	ɡˠu1/ɡɨ̯u1	
癰	ʔˠuŋ1/ʔɨuŋ1	
癲	tʲɛn1/tien1	
癶	pɑt4/puot4	
癸	kʲwi2/kyi̯2	
癹	bɑt4/buot4	
登	tɨŋ1/təŋ1	
發	fɛt4/pfuɐt4	
白	bɛk4/buɛk4	
百	pɛk4/puɛk4	
皀	xˠɑŋ1/hɨɔŋ1	
皀	pˠɨk4/pɨk4	
皀	kˠip4/kɨp4	
皀	pˠip4/pɨp4	
皁	dzɑw3/dzɑu3	
皃	maw3/muau3	
皃	mawk4/muak4	
的	tʲɛk4/tiek4	
皆	qaj1/kɯai1	
皇	ʁwɑŋ1/ɦuɔŋ1	
皉	tsʲʰɛj2/tsʰiei2	
皋	qɑw1/kɑu1	
皎	kʲɛw2/kieu2	
皏	pʰɛŋ2/pʰuɛŋ2	
皐	qɑw1/kɑu1	
皔	ʁɑn3/ɦɑn3	
皕	pˠɨk4/pɨk4	
皖	ʁwan3/ɦuan3	
皙	sʲɛk4/siek4	
皚	ɴɑj1/ŋɑi1	
皛	ɣʲɛw3/ɦieu3	
皛	pʰɛk4/pʰuɛk4	
皝	ʁwɑŋ3/ɦuɔŋ3	
皟	tʂʰɛk4/tʂʰɯɛk4	
皠	tsʰwɑj2/tsʰuoi2	
皢	xʲɛw2/hieu2	
皣	ɰɛp4/ɨep4	
皤	bɑ1/buɔ1	
皤	pɑ1/puɔ1	
皦	kʲɛw2/kieu2	
皪	lʲɛk4/liek4	
皫	pʲʰɛw2/pʰieu2	
皭	tsʲɛw3/tsieu3	
皭	dzʲɑk4/dzɨɔk4	
皮	bˠi1/bɨi̯1	
皯	qɑn2/kɑn2	
皰	pʰaw3/pʰuau3	
皰	baw3/buau3	
皴	tsʲʰwin1/tsʰyn1	
皵	tsʲʰɑk4/tsʰɨɔk4	
皵	tsʲʰɛk4/tsʰiek4	
皸	kˠun1/kɨun1	
皸	kˠun3/kɨun3	
皺	tʂɨw3/tʂʅᵊu3	
皻	tʂa1/tʂɯa1	
皽	tɕɛw1/tʃieu1	
皽	ʈˠɛn2/ʈien2	
皽	tɕɛn2/tʃien2	
皾	dɨwk4/duk4	
皿	mˠɛŋ2/mɨeŋ2	
盂	ɰu1/ɨ̯u1	
盃	pɑj1/puoi1	
盄	tɕɛw1/tʃieu1	
盅	ɖˠɨwŋ1/ɖɨuŋ1	
盅	ʈˠʰɨwŋ1/ʈʰɨuŋ1	
盆	bɨn1/bun1	
盈	jɛŋ1/jieŋ1	
盉	ʁwɑ1/ɦuɔ1	
盉	ʁwɑ3/ɦuɔ3	
益	ʔʲɛk4/ʔiek4	
盋	pɑt4/puot4	
盌	ʔwɑn2/ʔuon2	
盍	ʁɑp4/ɦɑp4	
盎	ʔɑŋ2/ʔɑŋ2	
盎	ʔɑŋ3/ʔɑŋ3	
盒	ʁɑp4/ɦɑp4	
盓	ʔu1/ʔu1	
盔	qʰwɑj1/kʰuoi1	
盛	ʑɛŋ1/dʒieŋ1	
盛	ʑɛŋ3/ʒieŋ3	
盜	dɑw3/dɑu3	
盝	lɨwk4/luk4	
盞	tʂan2/tʂɯan2	
盟	mˠɛŋ1/mɨeŋ1	
盟	mɛŋ3/muɛŋ3	
盠	lʲɛj1/liei1	
盠	lʲɛj2/liei2	
盡	dzʲin3/dzin3	
盡	tsʲin2/tsin2	
監	qam1/kɯam1	
監	qam3/kɯam3	
盤	bɑn1/buon1	
盥	qwɑn2/kuon2	
盥	qwɑn3/kuon3	
盦	ʔɑm1/ʔɑm1	
盦	ʔɑp4/ʔɑp4	
盧	lu1/lu1	
盨	ʂɨ2/ʂʅu2	
盩	ʈˠɨw1/ʈiu̯1	
盪	tʰɑŋ1/tʰɑŋ1	
盪	dɑŋ3/dɑŋ3	
盪	tʰɑŋ3/tʰɑŋ3	
盬	qu1/ku1	
盬	qu2/ku2	
盭	lʲɛj3/liei3	
盭	lʲɛt4/liet4	
目	mɨwk4/mvuk4	
盯	ɖɛŋ1/ɖɯɛŋ1	
盯	ʈɛŋ2/ʈɯɛŋ2	
盰	qɑn3/kɑn3	
盱	xˠu1/hɨ̯u1	
盲	mɛŋ1/muɛŋ1	
直	ɖˠɨk4/ɖik4	
盵	kˠʰi3/kʰɨi̯3	
盷	ɣʲwɛn1/ɦyen1	
相	sʲɑŋ1/sɨɔŋ1	
相	sʲɑŋ3/sɨɔŋ3	
盹	tɕwin3/tʃyn3	
盻	ŋʲɛj3/ŋiei3	
盻	ɣʲɛj3/ɦiei3	
盼	pʰan3/pʰuan3	
盾	ʑwin3/ʒyn3	
盾	dwɨn3/dun3	
盿	mˠin1/mɨn1	
省	ʂɛŋ2/ʂɯɛŋ2	
省	sʲɛŋ2/sieŋ2	
眂	ʑi1/dʒi1	
眄	mʲɛn2/mien2	
眄	mʲɛn3/mien3	
眅	pʰan1/pʰuan1	
眅	pʰan2/pʰuan2	
眇	mʲɛw2/mieu2	
眈	dɑm1/dɑm1	
眈	tɑm1/tɑm1	
眉	mˠi1/mɨi̯1	
眊	mɑw3/muɔu3	
眊	mawk4/muak4	
看	qʰɑn1/kʰɑn1	
看	qʰɑn3/kʰɑn3	
眎	ʑi3/ʒi3	
眏	ʔɑŋ1/ʔɑŋ1	
眐	tɕɛŋ1/tʃieŋ1	
眑	ʔaw1/ʔɯau1	
眑	ʔʲɨw2/ʔiu̯2	
眒	ɕin1/ʃin1	
眒	ɕin3/ʃin3	
眓	χwɑt4/huot4	
眔	dɑp4/dɑp4	
眕	tɕin2/tʃin2	
眗	kˠu1/kɨ̯u1	
眙	ji1/ji1	
眙	ʈˠʰi3/ʈʰi3	
眚	ʂɛŋ2/ʂɯɛŋ2	
眛	mɑj3/muoi3	
眜	mɑj3/muoi3	
眜	mɑt4/muot4	
眝	ɖˠɨ3/ɖɨ̯u3	
真	tɕin1/tʃin1	
眠	mʲɛn1/mien1	
眡	tʲɛj1/tiei1	
眡	ʑi3/ʒi3	
眢	ʔˠwɛn1/ʔʉon1	
眢	ʔwɑn1/ʔuon1	
眣	ʈˠʰit4/ʈʰit4	
眣	ʈat4/ʈɯat4	
眣	dʲɛt4/diet4	
眥	dzi3/dzi3	
眥	dzʲɛj3/dziei3	
眦	dʐaj3/dʐɯai3	
眧	tɕʰɛw2/tʃʰieu2	
眨	tʂap4/tʂɯap4	
眩	ɣʲwɛn1/ɦyen1	
眩	ɣʲwɛn3/ɦyen3	
眭	xʲwi1/hyi̯1	
眭	sʲwi1/syi̯1	
眭	ɣʲwɛj1/ɦyei1	
眮	dɨwŋ1/duŋ1	
眮	dɨwŋ3/duŋ3	
眯	mʲɛj2/miei2	
眱	ji1/ji1	
眲	ɲi3/ɲʒi3	
眲	ɳɛk4/ɳɯɛk4	
眳	mʲɛŋ2/mieŋ2	
眴	sʲwin1/syn1	
眴	ɲwin1/ɲʒyn1	
眴	ɕwin3/ʃyn3	
眴	xʲwɛn3/hyen3	
眴	ɣʲwɛn3/ɦyen3	
眵	tɕi1/tʃi1	
眵	tɕʰi1/tʃʰi1	
眶	kˠʰwɑŋ1/kʰʉɔŋ1	
眷	kˠwɛn3/kʉon3	
眸	mɨw1/mvuəu1	
眹	ɖˠin3/ɖin3	
眺	tʲʰɛw3/tʰieu3	
眻	jɑŋ1/jɨɔŋ1	
眻	jɑŋ3/jɨɔŋ3	
眼	ɴan2/ŋɯan2	
眽	mɛk4/muɛk4	
眾	tɕɨwŋ1/tʃɨuŋ1	
眾	tɕɨwŋ3/tʃɨuŋ3	
睂	mˠi1/mɨi̯1	
睅	ʁwan3/ɦuan3	
睆	ʁwan3/ɦuan3	
睇	tʲʰɛj1/tʰiei1	
睇	dʲɛj3/diei3	
睈	ʈˠʰɛŋ2/ʈʰieŋ2	
睉	dzwɑ1/dzuɔ1	
睊	kʲwɛn1/kyen1	
睊	kʲwɛn3/kyen3	
睋	ɴɑ1/ŋɑ1	
睍	ɣʲɛn3/ɦien3	
睎	xˠi1/hɨi̯1	
睒	ɕɛm2/ʃiem2	
睒	tʰɑm3/tʰɑm3	
睔	ʁwɨn3/ɦun3	
睔	lwɨn2/lun2	
睔	qwɨn3/kun3	
睕	ʔˠwɛn2/ʔʉon2	
睕	ʔwɑn3/ʔuon3	
睕	ʔwɑt4/ʔuot4	
睖	ʈˠʰɨŋ1/ʈʰiŋ1	
睗	ɕɛk4/ʃiek4	
睘	ɡʲwɛŋ1/ɡyeŋ1	
睚	ɴaj3/ŋɯai3	
睛	tsʲɛŋ1/tsieŋ1	
睛	tsʲʰɛŋ2/tsʰieŋ2	
睜	dzʲɛŋ3/dzieŋ3	
睞	lɑj3/lɑi3	
睟	sʲwi3/syi̯3	
睠	kˠwɛn3/kʉon3	
睡	ʑwi3/ʒyi̯3	
睢	xʲwi1/hyi̯1	
睢	sʲwi1/syi̯1	
睢	xʲwi3/hyi̯3	
督	tɨwk4/tuk4	
睥	pʲʰɛj3/pʰiei3	
睦	mɨwk4/mvuk4	
睧	mˠin1/mɨn1	
睧	mʲin1/min1	
睨	ŋʲɛj3/ŋiei3	
睩	lɨwk4/luk4	
睪	jɛk4/jiek4	
睪	ɳˠɛp4/ɳiep4	
睫	tsʲɛp4/tsiep4	
睰	mat4/muat4	
睲	sʲɛŋ2/sieŋ2	
睲	sʲɛŋ3/sieŋ3	
睳	xʲwɛj1/hyei1	
睴	ʁwɨn3/ɦun3	
睴	qwɨn3/kun3	
睵	tsɑj1/tsɑi1	
睵	tsʰɑj1/tsʰɑi1	
睹	tu2/tu2	
睺	ʁɨw1/ɦəu1	
睺	ʁɨw3/ɦəu3	
睼	dʲɛj1/diei1	
睼	tʲʰɛn3/tʰien3	
睽	kʲʰwɛj1/kʰyei1	
睿	jwɛj3/jyei3	
瞀	mɨw3/muəu3	
瞀	mawk4/muak4	
瞁	xʲwɛk4/hyek4	
瞂	vɛt4/bvuɐt4	
瞉	qʰɨw3/kʰəu3	
瞋	tɕʰin1/tʃʰin1	
瞍	sʲɛw1/sieu1	
瞍	sɨw2/səu2	
瞎	χat4/hɯat4	
瞐	mawk4/muak4	
瞑	mʲɛn1/mien1	
瞑	mʲɛŋ1/mieŋ1	
瞑	mʲɛn3/mien3	
瞖	ʔʲɛj3/ʔiei3	
瞗	tʲɛw1/tieu1	
瞘	ʔɨw1/ʔəu1	
瞙	mɑk4/muɔk4	
瞚	ɕwin3/ʃyn3	
瞜	lˠu1/ɭɨ̯u1	
瞜	lɨw1/ləu1	
瞞	mɑn1/muon1	
瞟	pʲʰɛw1/pʰieu1	
瞟	pʲʰɛw2/pʰieu2	
瞠	ʈʰɛŋ1/ʈʰɯɛŋ1	
瞡	kʲwi3/kyi̯3	
瞢	mɨwŋ1/mvuŋ1	
瞢	mɨŋ1/muəŋ1	
瞢	mɨwŋ3/mvuŋ3	
瞤	ɲwin1/ɲʒyn1	
瞥	pʲʰɛt4/pʰiet4	
瞦	xˠi1/hɨi̯1	
瞪	ɖɛŋ1/ɖɯɛŋ1	
瞪	ɖˠɨŋ1/ɖiŋ1	
瞪	ɖˠɨŋ3/ɖiŋ3	
瞫	ɕim2/ʃim2	
瞫	dɑm3/dɑm3	
瞬	ɕwin3/ʃyn3	
瞭	lʲɛw1/lieu1	
瞭	lʲɛw2/lieu2	
瞯	ʁan1/ɦɯan1	
瞰	qʰɑm3/kʰɑm3	
瞱	ɰɛp4/ɨep4	
瞲	xʲwɛt4/hyet4	
瞳	dɨwŋ1/duŋ1	
瞴	ɱu1/mvu1	
瞴	ɱu2/mvu2	
瞵	lˠin1/ɭin1	
瞵	lˠin3/ɭin3	
瞶	jwi3/jyi̯3	
瞶	kˠwi3/kɨui3	
瞺	ʔwɑj3/ʔuoi3	
瞻	tɕɛm1/tʃiem1	
瞼	kˠɛm2/kɨem2	
瞽	qu2/ku2	
瞿	ɡˠu1/ɡɨ̯u1	
瞿	kˠu3/kɨ̯u3	
矀	mˠi1/mɨi̯1	
矀	ɱi1/mvi1	
矆	xˠwɑk4/hʉɔk4	
矇	mɨwŋ1/muŋ1	
矉	pʲin1/pin1	
矊	mʲɛn1/mien1	
矌	qʰwɑŋ3/kʰuɔŋ3	
矍	kˠwɑk4/kʉɔk4	
矎	xʲwɛn1/hyen1	
矎	xʲwɛŋ3/hyeŋ3	
矏	mʲɛn1/mien1	
矐	χɑk4/hɑk4	
矐	χwɑk4/huɔk4	
矑	lu1/lu1	
矔	qwɑn3/kuon3	
矔	qwan3/kuan3	
矕	man2/muan2	
矖	lˠi1/ɭi1	
矖	ʂi2/ʂʅi̯2	
矗	tʂʰɨwk4/tʂʰʅuk4	
矗	ʈˠʰɨwk4/ʈʰɨuk4	
矘	tʰɑŋ2/tʰɑŋ2	
矚	tɕuk4/tʃɨuk4	
矛	mu1/mvu1	
矛	mɨw1/mvuəu1	老
矜	kˠɨŋ1/kɨŋ1	
矞	jwit4/jyt4	
矟	ʂawk4/ʂɯak4	
矠	dʐɛk4/dʐɯɛk4	
矠	tʂʰɛk4/tʂʰɯɛk4	
矢	ɕi2/ʃi2	
矣	ɰi2/ɨi̯2	
矤	ɕin2/ʃin2	
知	ʈˠi1/ʈi1	
矦	ʁɨw1/ɦəu1	
矧	ɕin2/ʃin2	
矨	ŋʲɛŋ2/ŋieŋ2	
矩	kˠu2/kɨ̯u2	
矪	ʈˠɨw1/ʈiu̯1	
矬	dzwɑ1/dzuɔ1	
短	twɑn2/tuon2	
矮	ʔaj2/ʔɯai2	
矯	kˠɛw2/kɨeu2	
矰	tsɨŋ1/tsəŋ1	
矲	baj3/buai3	
石	ʑɛk4/ʒiek4	
矴	tʲɛŋ3/tieŋ3	
矸	qɑn2/kɑn2	
矸	ʁɑn3/ɦɑn3	
矸	qɑn3/kɑn3	
矹	ɴwɨt4/ŋut4	
矺	tʰɑk4/tʰɑk4	
矺	ʈɛk4/ʈɯɛk4	
矺	tɑp4/tɑp4	
矻	qʰwɨt4/kʰut4	
矼	qawŋ1/kɯaŋ1	
砂	ʂa1/ʂɯa1	
砅	lˠɛj3/ɭiei3	
砉	χwɛk4/huɛk4	
砉	xʲwɛk4/hyek4	
砊	qʰɛŋ1/kʰɯɛŋ1	
砊	qʰɑŋ3/kʰɑŋ3	
砌	tsʲʰɛj3/tsʰiei3	
砎	qaj3/kɯai3	
砎	qat4/kɯat4	
砎	ʁat4/ɦɯat4	
砏	pˠin1/pɨn1	
砏	pˠʰin1/pʰɨn1	
砏	fʰun1/pfʰun1	
砐	ɴɑp4/ŋɑp4	
砑	ɴa3/ŋɯa3	
研	ŋʲɛn1/ŋien1	
研	ŋʲɛn3/ŋien3	
砝	qɑp4/kɑp4	
砝	kˠɛp4/kɨep4	
砟	dzɑk4/dzɑk4	
砠	tsʲʰɨ1/tsʰɨ̯u1	
砡	ŋˠɨwk4/ŋɨuk4	
砢	lɑ2/lɑ2	
砥	tɕi1/tʃi1	
砥	tɕi2/tʃi2	
砦	dʐaj3/dʐɯai3	
砧	ʈˠim1/ʈim1	
砩	fɛj3/pfei3	
砬	lˠip4/ɭip4	
砭	pˠɛm1/pɨem1	
砭	pˠɛm3/pɨem3	
砮	nu1/nu1	
砮	nu2/nu2	
砯	pˠʰɨŋ1/pʰɨŋ1	
砰	pʰɛŋ1/pʰuɛŋ1	
砱	lʲɛŋ1/lieŋ1	
破	pʰɑ3/pʰuɔ3	
硂	tsʲʰwɛn1/tsʰyen1	
硃	tɕu1/tʃɨ̯u1	
硅	χwɛk4/huɛk4	
硈	qʰat4/kʰɯat4	
硉	lwɨt4/lut4	
硊	ŋˠwi2/ŋɨui2	
硋	ɴɑj3/ŋɑi3	
硌	lɑk4/lɑk4	
硍	ʁan3/ɦɯan3	
硎	qʰɛŋ1/kʰɯɛŋ1	
硎	ɣʲɛŋ1/ɦieŋ1	
硐	dɨwŋ1/duŋ1	
硐	dɨwŋ3/duŋ3	
硜	qʰɛŋ1/kʰɯɛŋ1	
硝	sʲɛw1/sieu1	
硞	qʰɨwk4/kʰuk4	
硞	qʰawk4/kʰɯak4	
硟	sʲɛn1/sien1	
硟	tɕʰɛn3/tʃʰien3	
硠	lɑŋ1/lɑŋ1	
硤	ʁap4/ɦɯap4	
硦	lwɑk4/luɔk4	
硨	tɕʰa1/tʃʰia1	
硩	ʈˠʰɛt4/ʈʰiet4	
硩	tʲʰɛk4/tʰiek4	
硪	ɴɑ1/ŋɑ1	
硪	ɴɑ2/ŋɑ2	
硫	lˠɨw1/ɭiu̯1	
硬	ɴɛŋ3/ŋɯɛŋ3	
硭	ɱɑŋ1/mvuɔŋ1	
确	ʁawk4/ɦɯak4	
硯	ŋʲɛn3/ŋien3	
硰	ʂa1/ʂɯa1	
硰	tsʰɑ2/tsʰɑ2	
硱	kˠʰɨŋ1/kʰɨŋ1	
硱	qʰwɨn2/kʰun2	
硹	sʲɨwŋ1/sɨuŋ1	
硻	qʰɛŋ1/kʰɯɛŋ1	
硾	ɖˠwi3/ɖyi̯3	
硿	qʰɨwŋ1/kʰuŋ1	
碁	ɡˠi1/ɡɨi̯1	
碆	bɑ1/buɔ1	
碆	pɑ1/puɔ1	
碌	lɨwk4/luk4	
碌	lˠuk4/ɭɨuk4	
碎	swɑj3/suoi3	
碏	tsʲʰɑk4/tsʰɨɔk4	
碑	pˠi1/pɨi̯1	
碓	twɑj3/tuoi3	
碔	ɱu2/mvu2	
碕	ɡˠi1/ɡɨi̯1	
碕	kˠʰi1/kʰɨi̯1	
碕	kˠʰi2/kʰɨi̯2	
碖	lwɨn2/lun2	
碖	lwɨn3/lun3	
碝	ɲwɛn2/ɲʒyen2	
碞	ŋˠim1/ŋɨm1	
碞	ɴam1/ŋɯam1	
碡	dɨwk4/duk4	
碡	ɖˠɨwk4/ɖɨuk4	
碢	dwɑ1/duɔ1	
碣	ɡˠɛt4/ɡɨet4	
碥	pʲɛn2/pien2	
碧	pˠɛk4/pɨek4	
碨	ʔwaj1/ʔuai1	
碨	ʔwɑj2/ʔuoi2	
碩	ʑɛk4/ʒiek4	
碪	ʈˠim1/ʈim1	
碫	twɑn3/tuon3	
碭	dɑŋ1/dɑŋ1	
碭	dɑŋ3/dɑŋ3	
碯	nɑw2/nɑu2	
確	qʰawk4/kʰɯak4	
碻	qʰawk4/kʰɯak4	
碼	ma2/mua2	
碽	qɨwŋ1/kuŋ1	
碾	ɳˠɛn3/ɳien3	
磃	si1/si1	
磄	dɑŋ1/dɑŋ1	
磅	pʰɑŋ1/pʰuɔŋ1	
磅	pʰɛŋ1/pʰuɛŋ1	
磆	ʁwat4/ɦuat4	
磇	pʲʰɛj1/pʰiei1	
磈	ʔˠwi2/ʔɨui2	
磈	qʰwɑj2/kʰuoi2	
磉	sɑŋ2/sɑŋ2	
磊	lwɑj2/luoi2	
磋	tsʰɑ1/tsʰɑ1	
磋	tsʰɑ3/tsʰɑ3	
磌	tɕin1/tʃin1	
磌	dʲɛn1/dien1	
磍	qat4/kɯat4	
磍	qʰat4/kʰɯat4	
磎	kʲʰɛj1/kʰiei1	
磐	bɑn1/buon1	
磑	ɴwɑj1/ŋuoi1	
磑	ɴwɑj3/ŋuoi3	
磒	ɰun2/ɨun2	
磓	twɑj1/tuoi1	
磔	ʈɛk4/ʈɯɛk4	
磕	qʰɑj3/kʰɑi3	
磕	qʰɑt4/kʰɑt4	
磕	qʰɑp4/kʰɑp4	
磖	lɑp4/lɑp4	
磝	ɴaw1/ŋɯau1	
磟	lɨwk4/luk4	
磟	lˠɨwk4/ɭɨuk4	
磡	qʰɑm3/kʰɑm3	
磢	tʂʰɑŋ2/tʂʰʅɔŋ2	
磣	tʂʰim2/tʂʰʅᵊm2	
磤	ʔˠin2/ʔɨn2	
磥	lwɑj2/luoi2	
磧	tsʲʰɛk4/tsʰiek4	
磨	mɑ1/muɔ1	
磨	mɑ3/muɔ3	
磩	tsʲʰɛk4/tsʰiek4	
磫	tsʲuŋ1/tsɨuŋ1	
磬	kʲʰɛŋ3/kʰieŋ3	
磭	ŋˠin2/ŋɨn2	
磭	tɕʰɑk4/tʃʰɨɔk4	
磭	ŋˠɑk4/ŋɨɔk4	
磯	kˠi1/kɨi̯1	
磰	ʑɛn3/ʒien3	
磲	ɡˠɨ1/ɡɨ̯u1	
磳	dʐɨŋ1/dʐʅᵊŋ1	
磳	tsɨŋ1/tsəŋ1	
磴	tɨŋ3/təŋ3	
磶	sʲɛk4/siek4	
磷	lˠin1/ɭin1	
磷	lˠin3/ɭin3	
磹	dʲɛm3/diem3	
磻	bɑn1/buon1	
磼	dzɑp4/dzɑp4	
磽	qʰaw1/kʰɯau1	
磽	kʲʰɛw2/kʰieu2	
磽	ɴaw3/ŋɯau3	
磾	tʲɛj1/tiei1	
磿	lʲɛk4/liek4	
礉	qʰaw1/kʰɯau1	
礉	qʰaw3/kʰɯau3	
礊	qʰɛk4/kʰɯɛk4	
礊	χwɛk4/huɛk4	
礎	tʂʰɨ2/tʂʰʅu2	
礏	ɴɑp4/ŋɑp4	
礐	ʁɨwk4/ɦuk4	
礐	qʰawk4/kʰɯak4	
礐	lɛk4/ɭɯɛk4	
礒	ŋˠi2/ŋɨi̯2	
礓	kˠɑŋ1/kɨɔŋ1	
礘	ɴɑp4/ŋɑp4	
礙	ɴɑj3/ŋɑi3	
礛	qam1/kɯam1	
礜	jɨ3/jɨ̯u3	
礠	dzi1/dzi1	
礣	mat4/muat4	
礤	tsʰɑt4/tsʰɑt4	
礥	ɣʲɛn3/ɦien3	
礥	ɣʲɛn1/ɦien1	
礦	qwɛŋ2/kuɛŋ2	
礧	lwɑj2/luoi2	
礧	lwɑj3/luoi3	
礩	tɕi3/tʃi3	
礩	tɕit4/tʃit4	
礪	lˠɛj3/ɭiei3	
礫	lʲɛk4/liek4	
礬	vɛn1/bvuɐn1	
礮	pʰaw3/pʰuau3	
礱	lɨwŋ1/luŋ1	
礱	lɨwŋ3/luŋ3	
礴	bɑk4/buɔk4	
礹	ɴam1/ŋɯam1	
礹	ŋˠɛm2/ŋɨem2	
示	ɡʲi1/ɡi1	
示	ʑi3/ʒi3	
礼	lʲɛj2/liei2	
礽	ɲɨŋ1/ɲʒiŋ1	
社	ʑa3/ʒia3	
礿	jɑk4/jɨɔk4	
祀	zi3/zi3	
祁	ɡʲi1/ɡi1	
祁	tɕi2/tʃi2	
祅	ʔˠɛw1/ʔɨeu1	
祆	xʲɛn1/hien1	
祇	ɡʲi1/ɡi1	
祈	ɡˠi1/ɡɨi̯1	
祉	ʈˠʰi2/ʈʰi2	
祊	pɛŋ1/puɛŋ1	
祋	twɑj3/tuoi3	
祋	twɑt4/tuot4	
祏	ʑɛk4/ʒiek4	
祐	ɰɨw3/ɨu̯3	
祓	fɛj3/pfei3	
祓	fʰut4/pfʰut4	
祔	vu3/bvu3	
祕	pˠi3/pɨi̯3	
祖	tsu2/tsu2	
祗	tɕi1/tʃi1	
祘	swɑn3/suon3	
祚	dzu3/dzu3	
祜	ʁu3/ɦu3	
祝	tɕɨw3/tʃiu̯3	
祝	tɕɨwk4/tʃɨuk4	
神	ʑin1/dʒin1	
祟	sʲwi3/syi̯3	
祠	zi1/zi1	
祡	dʐaj1/dʐɯai1	
祣	lˠɨ2/ɭɨ̯u2	
祤	ɰu2/ɨ̯u2	
祤	xˠu2/hɨ̯u2	
祥	zʲɑŋ1/zɨɔŋ1	
祦	ɴu1/ŋu1	
祧	tʲʰɛw1/tʰieu1	
祩	tɕu1/tʃɨ̯u1	
祩	tɕu3/tʃɨ̯u3	
祪	kˠwi2/kɨui2	
祫	ʁap4/ɦɯap4	
祭	tsʲɛj3/tsiei3	
祭	tʂaj3/tʂɯai3	
祰	qʰɑw2/kʰɑu2	
祰	qɨwk4/kuk4	
祲	tsʲim1/tsim1	
祲	tsʲim3/tsim3	
祳	ʑin3/ʒin3	
祴	qɑj1/kɑi1	
祺	ɡˠi1/ɡɨi̯1	
祼	qwɑn3/kuon3	
祽	tswɑj3/tsuoi3	
祾	lˠɨŋ1/ɭiŋ1	
祾	lɨŋ1/ləŋ1	
祿	lɨwk4/luk4	
禁	kˠim1/kɨm1	
禁	kˠim3/kɨm3	
禂	tɑw2/tɑu2	
禊	ɣʲɛj3/ɦiei3	
禋	ʔʲin1/ʔin1	
禍	ʁwɑ3/ɦuɔ3	
禎	ʈˠɛŋ1/ʈieŋ1	
福	fuk4/pfuk4	
禓	jɑŋ1/jɨɔŋ1	
禓	ɕɑŋ1/ʃɨɔŋ1	
禔	tɕi1/tʃi1	
禔	ʑi1/dʒi1	
禔	dʲɛj1/diei1	
禕	ʔˠi1/ʔɨi̯1	
禖	mɑj1/muoi1	
禗	si1/si1	
禘	dʲɛj3/diei3	
禚	tɕɑk4/tʃɨɔk4	
禛	tɕin1/tʃin1	
禜	ɰwɛŋ1/ʉeŋ1	
禜	ɰwɛŋ3/ʉeŋ3	
禠	si1/si1	
禡	ma3/mua3	
禥	ɡˠi1/ɡɨi̯1	
禦	ŋˠɨ2/ŋɨ̯u2	
禧	xˠi1/hɨi̯1	
禨	kˠi1/kɨi̯1	
禨	kˠi3/kɨi̯3	
禩	zi3/zi3	
禪	ʑɛn1/dʒien1	
禪	ʑɛn3/ʒien3	
禫	dɑm3/dɑm3	
禬	ʁwɑj3/ɦuoi3	
禬	qwɑj3/kuoi3	
禮	lʲɛj2/liei2	
禰	nʲɛj2/niei2	
禱	tɑw2/tɑu2	
禱	tɑw3/tɑu3	
禲	lˠɛj3/ɭiei3	
禳	ɲɑŋ1/ɲʒɨɔŋ1	
禴	jɑk4/jɨɔk4	
禶	dzɑn3/dzɑn3	
禷	lˠwi3/ɭyi̯3	
禸	ɳˠɨw2/ɳiu̯2	
禸	ɲɨw2/ɲʒiu̯2	
禹	ɰu2/ɨ̯u2	
禺	ŋˠu1/ŋɨ̯u1	
禺	ŋˠu3/ŋɨ̯u3	
离	lˠi1/ɭi1	
离	ʈˠʰi1/ʈʰi1	
禼	sʲɛt4/siet4	
禽	ɡˠim1/ɡɨm1	
禾	ʁwɑ1/ɦuɔ1	
禿	tʰɨwk4/tʰuk4	
秀	sʲɨw3/siu̯3	
私	si1/si1	
秄	tsi2/tsi2	
秅	ɖa1/ɖɯa1	
秅	tu3/tu3	
秆	qɑn2/kɑn2	
秈	sʲɛn1/sien1	
秉	pˠɛŋ2/pɨeŋ2	
秊	nʲɛn1/nien1	
秋	tsʲʰɨw1/tsʰiu̯1	
秌	tsʲʰɨw1/tsʰiu̯1	
种	ɖˠɨwŋ1/ɖɨuŋ1	
秎	vun3/bvun3	
秏	χwɑj3/huoi3	
秏	χɑw3/hɑu3	
科	qʰwɑ1/kʰuɔ1	
科	qʰwɑ3/kʰuɔ3	
秒	mʲɛw2/mieu2	
秔	qɛŋ1/kɯɛŋ1	
秕	pʲi2/pi2	
秛	pˠʰi1/pʰɨi̯1	
秛	pˠʰi3/pʰɨi̯3	
秜	lˠi1/ɭi1	
秝	lʲɛk4/liek4	
秞	jɨw1/jiu̯1	
租	tsu1/tsu1	
秠	pˠʰi1/pʰɨi̯1	
秠	fʰɨw1/pfʰuəu1	
秠	pˠʰi2/pʰɨi̯2	
秠	fʰɨw2/pfʰuəu2	
秢	lʲɛŋ1/lieŋ1	
秣	mɑt4/muot4	
秤	tɕʰɨŋ3/tʃʰiŋ3	
秦	dzʲin1/dzin1	
秧	ʔˠɑŋ1/ʔɨɔŋ1	
秧	ʔˠɑŋ2/ʔɨɔŋ2	
秨	dzu3/dzu3	
秨	dzɑk4/dzɑk4	
秩	ɖˠit4/ɖit4	
秪	ʈˠi1/ʈi1	
秫	ʑwit4/ʒyt4	
秬	ɡˠɨ3/ɡɨ̯u3	
秭	tsi2/tsi2	
秲	ɖˠi3/ɖi3	
秲	ʑi3/ʒi3	
秳	ʁwɑt4/ɦuot4	
秷	ʈˠit4/ʈit4	
秸	qat4/kɯat4	
秺	tu3/tu3	
移	ji1/ji1	
秿	fʰu1/pfʰu1	
秿	pu1/pu1	
秿	vu3/bvu3	
稀	xˠi1/hɨi̯1	
稂	lɑŋ1/lɑŋ1	
稃	fʰu1/pfʰu1	
稄	tʂɨk4/tʂʅᵊk4	
稅	ɕwɛj3/ʃyei3	
稇	qʰwɨn2/kʰun2	
稈	qɑn2/kɑn2	
稉	qɛŋ1/kɯɛŋ1	
稊	dʲɛj1/diei1	
程	ɖˠɛŋ1/ɖieŋ1	
稌	tʰu1/tʰu1	
稌	tʰu2/tʰu2	
稍	ʂaw3/ʂɯau3	
稏	ʔa3/ʔɯa3	
稑	lˠɨwk4/ɭɨuk4	
稒	qu3/ku3	
稔	ɲim2/ɲʒim2	
稕	tɕwin3/tʃyn3	
稗	baj3/buai3	
稘	kˠi1/kɨi̯1	
稙	ʈˠɨk4/ʈik4	
稚	ɖˠi3/ɖi3	
稜	lɨŋ1/ləŋ1	
稞	qʰwɑ1/kʰuɔ1	
稞	ʁwa3/ɦua3	
稟	pˠim2/pɨm2	
稠	ɖˠɨw1/ɖiu̯1	
稡	tswɨt4/tsut4	
稧	ɣʲɛj3/ɦiei3	
稫	pˠʰɨk4/pʰɨk4	
稬	nwɑn2/nuon2	
稬	nwɑn3/nuon3	
稬	nwɑ3/nuɔ3	
稭	qaj1/kɯai1	
稭	qat4/kɯat4	
種	tɕuŋ2/tʃɨuŋ2	
種	tɕuŋ3/tʃɨuŋ3	
稯	tsɨwŋ1/tsuŋ1	
稰	sʲɨ1/sɨ̯u1	
稰	sʲɨ2/sɨ̯u2	
稱	tɕʰɨŋ1/tʃʰiŋ1	
稱	tɕʰɨŋ3/tʃʰiŋ3	
稴	ɣʲɛm1/ɦiem1	
稴	ʁam1/ɦɯam1	
稴	lʲɛm2/liem2	
稴	lʲɛm3/liem3	
稵	tsi1/tsi1	
稶	ʔˠɨwk4/ʔɨuk4	
稷	tsʲɨk4/tsik4	
稸	xˠɨwk4/hɨuk4	
稸	ʈˠʰɨwk4/ʈʰɨuk4	
稹	tɕin1/tʃin1	
稹	tɕin2/tʃin2	
稺	ɖˠi3/ɖi3	
稻	dɑw3/dɑu3	
稼	qa3/kɯa3	
稽	kʲɛj1/kiei1	
稽	kʲʰɛj2/kʰiei2	
稾	qɑw2/kɑu2	
稾	qʰɑw3/kʰɑu3	
穀	qɨwk4/kuk4	
穁	ɲuŋ1/ɲʒɨuŋ1	
穁	ɲuŋ2/ɲʒɨuŋ2	
穄	tsʲɛj3/tsiei3	
穅	qʰɑŋ1/kʰɑŋ1	
穆	mɨwk4/mvuk4	
穇	ʂam1/ʂɯam1	
穊	kˠi3/kɨi̯3	
穋	lˠɨwk4/ɭɨuk4	
穌	su1/su1	
積	tsi3/tsi3	
積	tsʲɛk4/tsiek4	
穎	jwɛŋ2/jyeŋ2	
穕	tsʲʰɛp4/tsʰiep4	
穖	kˠi2/kɨi̯2	
穗	zʲwi3/zyi̯3	
穘	χaw1/hɯau1	
穙	bɨwk4/buk4	
穚	kˠɛw1/kɨeu1	
穛	tʂawk4/tʂɯak4	
穜	dɨwŋ1/duŋ1	
穜	ɖˠuŋ1/ɖɨuŋ1	
穟	zʲwi3/zyi̯3	
穠	ɳˠuŋ1/ɳɨuŋ1	
穠	ɲuŋ1/ɲʒɨuŋ1	
穡	ʂɨk4/ʂʅᵊk4	
穢	ʔˠwɛj3/ʔʉoi3	
穥	jɨ3/jɨ̯u3	
穧	tsʲɛj3/tsiei3	
穧	dzʲɛj3/dziei3	
穨	dwɑj1/duoi1	
穩	ʔwɨn2/ʔun2	
穫	ʁwɑk4/ɦuɔk4	
穬	qwɛŋ2/kuɛŋ2	
穭	lˠɨ2/ɭɨ̯u2	
穰	ɲɑŋ1/ɲʒɨɔŋ1	
穰	ɲɑŋ2/ɲʒɨɔŋ2	
穱	tʂawk4/tʂɯak4	
穲	lˠi1/ɭi1	
穳	dzwɑn1/dzuon1	
穳	dzɑn3/dzɑn3	
穴	ɣʲwɛt4/ɦyet4	
穵	ʔwat4/ʔuat4	
穵	ʔat4/ʔɯat4	
究	kˠɨw3/kɨu̯3	
穸	zʲɛk4/ziek4	
穹	kˠʰɨwŋ1/kʰɨuŋ1	
空	qʰɨwŋ1/kʰuŋ1	
空	qʰɨwŋ3/kʰuŋ3	
穼	ʂim1/ʂʅᵊm1	
穽	dzʲɛŋ3/dzieŋ3	
穿	tɕʰwɛn1/tʃʰyen1	
穿	tɕʰwɛn3/tʃʰyen3	
窀	ʈˠwin1/ʈyn1	
窀	dwɨn1/dun1	
窀	ɖwan1/ɖuan1	
突	tʰwɨt4/tʰut4	
突	dwɨt4/dut4	
窂	lɑw1/lɑu1	
窄	tʂɛk4/tʂɯɛk4	
窅	ʔaw1/ʔɯau1	
窅	ʔʲɛw2/ʔieu2	
窆	pˠɛm3/pɨem3	
窇	bawk4/buak4	
窈	ʔʲɛw2/ʔieu2	
窉	pˠɛŋ2/pɨeŋ2	
窊	ʔwa1/ʔua1	
窊	ʔwa3/ʔua3	
窋	ʈˠwit4/ʈyt4	
窌	law1/ɭɯau1	
窌	pʰaw3/pʰuau3	
窌	lˠɨw3/ɭiu̯3	
窐	kʲwɛj1/kyei1	
窐	ɣʲwɛj1/ɦyei1	
窒	ʈˠit4/ʈit4	
窒	tʲɛt4/tiet4	
窓	tʂʰawŋ1/tʂʰɯaŋ1	
窔	ʔʲɛw3/ʔieu3	
窕	dʲɛw3/dieu3	
窖	qaw3/kɯau3	
窘	ɡˠun3/ɡɨun3	
窙	χaw1/hɯau1	
窞	dɑm3/dɑm3	
窟	qʰwɨt4/kʰut4	
窠	qʰwɑ1/kʰuɔ1	
窡	ʈwat4/ʈuat4	
窣	swɨt4/sut4	
窨	ʔˠim3/ʔɨm3	
窪	ʔwa1/ʔua1	
窫	ʔat4/ʔɯat4	
窬	ju1/jɨ̯u1	
窬	dɨw1/dəu1	
窬	dɨw3/dəu3	
窮	ɡˠɨwŋ1/ɡɨuŋ1	
窯	jɛw1/jieu1	
窰	jɛw1/jieu1	
窱	tʲʰɛw2/tʰieu2	
窱	tʲʰɛw3/tʰieu3	
窳	ju2/jɨ̯u2	
窴	dʲɛn1/dien1	
窴	dʲɛn3/dien3	
窵	tʲɛw3/tieu3	
窶	ɡˠu3/ɡɨ̯u3	
窸	sʲit4/sit4	
窹	ɴu3/ŋu3	
窺	kʲʰwi1/kʰyi̯1	
窻	tʂʰawŋ1/tʂʰɯaŋ1	
窾	qʰwɑn2/kʰuon2	
窿	lˠɨwŋ1/ɭɨuŋ1	
竀	ʈʰɛŋ1/ʈʰɯɛŋ1	
竀	ʈˠʰɛŋ1/ʈʰieŋ1	
竁	tsʲʰwɛj3/tsʰyei3	
竁	tʂʰwɛj3/tʂʰʯei3	
竁	tɕʰwɛn3/tʃʰyen3	
竂	lʲɛw1/lieu1	
竄	tsʰwɑn3/tsʰuon3	
竅	kʲʰɛw3/kʰieu3	
竇	dɨw3/dəu3	
竈	tsɑw3/tsɑu3	
竉	lɨwŋ2/luŋ2	
竊	tsʲʰɛt4/tsʰiet4	
立	lˠip4/ɭip4	
竑	ʁwɛŋ1/ɦuɛŋ1	
竘	kˠʰu2/kʰɨ̯u2	
竘	qʰɨw2/kʰəu2	
站	ʈam3/ʈɯam3	
竚	ɖˠɨ3/ɖɨ̯u3	
竛	lʲɛŋ1/lieŋ1	
竝	bʲɛŋ3/bieŋ3	
竟	kˠɛŋ3/kɨeŋ3	
章	tɕɑŋ1/tʃɨɔŋ1	
竢	dʐi3/ʐʅi̯3	
竣	tsʲʰwin1/tsʰyn1	
童	dɨwŋ1/duŋ1	
竦	sʲuŋ2/sɨuŋ2	
竩	ŋˠi3/ŋɨi̯3	
竪	ʑu3/ʒɨ̯u3	
竫	dzʲɛŋ3/dzieŋ3	
竭	ɡˠɛt4/ɡɨet4	
竮	pʲʰɛŋ1/pʰieŋ1	
竮	bʲɛŋ1/bieŋ1	
端	twɑn1/tuon1	
竱	twɑn1/tuon1	
竱	tɕwɛn2/tʃyen2	
竲	dzʲɨŋ1/dziŋ1	
竲	tsɨŋ1/tsəŋ1	
竴	tsʲʰwin1/tsʰyn1	
竵	χwa1/hua1	
竵	χwaj1/huai1	老
競	ɡˠɛŋ3/ɡɨeŋ3	
竷	qʰɑm2/kʰɑm2	
竷	qʰɑm3/kʰɑm3	
竹	ʈˠɨwk4/ʈɨuk4	
竺	tɨwk4/tuk4	
竺	ʈˠɨwk4/ʈɨuk4	
竻	lɨk4/lək4	
竽	ɰu1/ɨ̯u1	
竿	qɑn1/kɑn1	
笄	kʲɛj1/kiei1	
笅	ʁaw1/ɦɯau1	
笆	pa1/pua1	
笆	ba3/bua3	
笇	swɑn3/suon3	
笈	ɡˠip4/ɡɨp4	
笈	ɡˠɛp4/ɡɨep4	
笈	tʂʰap4/tʂʰɯap4	
笉	ɰun2/ɨun2	
笊	tʂaw2/tʂɯau2	
笊	tʂaw3/tʂɯau3	
笋	sʲwin2/syn2	
笍	ɲwɛj3/ɲʒyei3	
笍	ʈˠwɛj3/ʈyei3	
笏	χwɨt4/hut4	
笐	qɑŋ1/kɑŋ1	
笐	ʁɑŋ3/ɦɑŋ3	
笑	sʲɛw3/sieu3	
笒	dʐim1/dʐʅᵊm1	
笒	ɡˠim3/ɡɨm3	
笓	bʲɛj1/biei1	
笗	tɨwŋ1/tuŋ1	
笘	tʲɛp4/tiep4	
笙	ʂɛŋ1/ʂɯɛŋ1	
笚	tɑp4/tɑp4	
笚	ʁap4/ɦɯap4	
笛	dʲɛk4/diek4	
笝	nɑp4/nɑp4	
笞	ʈˠʰi1/ʈʰi1	
笠	lˠip4/ɭip4	
笡	tsʲʰa3/tsʰia3	
笢	mˠin1/mɨn1	
笢	mʲin2/min2	
笥	si3/si3	
符	vu1/bvu1	
笧	tʂʰɛk4/tʂʰɯɛk4	
笨	pɨn2/pun2	
笨	bɨn3/bun3	
笪	tɑn2/tɑn2	
笪	tɑn3/tɑn3	
笪	tɑt4/tɑt4	
笫	tʂi2/tʂʅi̯2	
第	dʲɛj3/diei3	
笭	lʲɛŋ1/lieŋ1	
笭	lʲɛŋ2/lieŋ2	
笮	tʂa3/tʂɯa3	
笮	dzɑk4/dzɑk4	
笮	tʂɛk4/tʂɯɛk4	
笯	nu1/nu1	
笯	ɳa1/ɳɯa1	
笯	nu3/nu3	
笰	fut4/pfut4	
笱	qɨw2/kəu2	
笲	vɛn1/bvuɐn1	
笲	vɛn3/bvuɐn3	
笲	bˠɛn3/bɨen3	
笳	qa1/kɯa1	
笴	qɑn2/kɑn2	
笴	qɑ2/kɑ2	
笵	vɛm3/bvuɐm3	
笿	lɑk4/lɑk4	
筀	kʲwɛj3/kyei3	
筄	jɛw3/jieu3	
筅	sʲɛn2/sien2	
筆	pˠit4/pɨt4	
筇	ɡˠuŋ1/ɡɨuŋ1	
筈	qwɑt4/kuot4	
筈	qʰwɑt4/kʰuot4	
等	tɑj2/tɑi2	
等	tɨŋ2/təŋ2	
筊	ʁaw1/ɦɯau1	
筊	qaw2/kɯau2	
筋	kˠin1/kɨn1	
筌	tsʲʰwɛn1/tsʰyen1	
筍	sʲwin2/syn2	
筏	vɛt4/bvuɐt4	
筏	pɑt4/puot4	
筐	kˠʰwɑŋ1/kʰʉɔŋ1	
筑	ɖˠɨwk4/ɖɨuk4	
筑	ʈˠɨwk4/ʈɨuk4	
筒	dɨwŋ1/duŋ1	
筒	dɨwŋ3/duŋ3	
答	tɑp4/tɑp4	
筕	ʁɑŋ1/ɦɑŋ1	
筕	ʁɛŋ1/ɦɯɛŋ1	
策	tʂʰɛk4/tʂʰɯɛk4	
筟	fʰu1/pfʰu1	
筠	ɰun1/ɨun1	
筡	ʈˠʰɨ1/ʈʰɨ̯u1	
筡	du1/du1	
筣	lˠi1/ɭi1	
筣	lʲɛj1/liei1	
筤	lɑŋ1/lɑŋ1	
筥	kˠɨ2/kɨ̯u2	
筦	qwɑn2/kuon2	
筧	kʲɛn2/kien2	
筨	ʁɑm1/ɦɑm1	
筩	dɨwŋ1/duŋ1	
筬	ʑɛŋ1/dʒieŋ1	
筭	swɑn3/suon3	
筮	ʑɛj3/ʒiei3	
筯	ɖˠɨ3/ɖɨ̯u3	
筰	dzɑk4/dzɑk4	
筱	sʲɛw2/sieu2	
筲	ʂaw1/ʂɯau1	
筳	dʲɛŋ1/dieŋ1	
筴	tʂʰɛk4/tʂʰɯɛk4	
筴	kʲɛp4/kiep4	
筴	qap4/kɯap4	
筵	jɛn1/jien1	
箁	bɨw1/buəu1	
箃	tʂɨw1/tʂʅᵊu1	
箄	pʲi1/pi1	
箄	pʲɛj1/piei1	
箄	pʲi2/pi2	
箅	pʲɛj3/piei3	
箇	qɑ3/kɑ3	
箉	daj3/dɯai3	
箊	ʔˠɨ1/ʔɨ̯u1	
箋	tsʲɛn1/tsien1	
箍	qu1/ku1	
箏	tʂɛŋ1/tʂɯɛŋ1	
箐	tsʲɛŋ1/tsieŋ1	
箑	ʂɛp4/ʂʅep4	
箑	dʐap4/dʐɯap4	
箑	ʂap4/ʂɯap4	
箒	tɕɨw2/tʃiu̯2	
箓	lɨwk4/luk4	
箔	bɑk4/buɔk4	
箕	kˠi1/kɨi̯1	
箖	lˠim1/ɭim1	
算	swɑn2/suon2	
箘	kˠʰun1/kʰɨun1	
箘	ɡˠun3/ɡɨun3	
箙	vuk4/bvuk4	
箛	qu1/ku1	
箜	qʰɨwŋ1/kʰuŋ1	
箝	ɡˠɛm1/ɡɨem1	
箟	kˠʰun1/kʰɨun1	
箠	ʈˠwi1/ʈyi̯1	
箠	tɕwi2/tʃyi̯2	
管	qwɑn2/kuon2	
箬	ɲɑk4/ɲʒɨɔk4	
箭	tsʲɛn3/tsien3	
箯	bʲɛn1/bien1	
箯	pʲɛn1/pien1	
箰	sʲwin2/syn2	
箱	sʲɑŋ1/sɨɔŋ1	
箲	sʲɛn2/sien2	
箳	pʲɛŋ1/pieŋ1	
箳	bʲɛŋ1/bieŋ1	
箴	tɕim1/tʃim1	
箵	sʲɛŋ2/sieŋ2	
箶	ʁu1/ɦu1	
箷	ji1/ji1	
箸	ʈˠɨ3/ʈɨ̯u3	
箸	ɖˠɨ3/ɖɨ̯u3	
箹	ʔaw3/ʔɯau3	
箹	ʔawk4/ʔɯak4	
箽	tɨwŋ2/tuŋ2	
箾	sʲɛw1/sieu1	
箾	ʂawk4/ʂɯak4	
箿	dzʲip4/dzip4	
節	tsʲɛt4/tsiet4	
篁	ʁwɑŋ1/ɦuɔŋ1	
篂	sʲɛŋ1/sieŋ1	
篃	mˠi3/mɨi̯3	
範	vɛm3/bvuɐm3	
篅	ʑwi1/dʒyi̯1	
篅	ʑwɛn1/dʒyen1	
篆	ɖˠwɛn3/ɖyen3	
篇	pʲʰɛn1/pʰien1	
築	ʈˠɨwk4/ʈɨuk4	
篋	kʲʰɛp4/kʰiep4	
篌	ʁɨw1/ɦəu1	
篍	tsʲʰɛw1/tsʰieu1	
篍	tsʲʰɨw1/tsʰiu̯1	
篍	tsʲʰɛw3/tsʰieu3	
篎	mʲɛw2/mieu2	
篎	mʲɛw3/mieu3	
篔	ɰun1/ɨun1	
篕	ʁɑp4/ɦɑp4	
篖	dɑŋ1/dɑŋ1	
篘	tʂʰɨw1/tʂʰʅᵊu1	
篙	qɑw1/kɑu1	
篚	fi2/pfi2	
篜	tɕɨŋ1/tʃiŋ1	
篝	qɨw1/kəu1	
篞	nʲɛt4/niet4	
篟	tsʲʰɛn3/tsʰien3	
篠	sʲɛw2/sieu2	
篡	tʂʰwan3/tʂʰuan3	
篢	qɨwŋ1/kuŋ1	
篣	bɑŋ1/buɔŋ1	
篣	bɛŋ1/buɛŋ1	
篤	tɨwk4/tuk4	
篥	lˠit4/ɭit4	
篦	pʲɛj1/piei1	
篧	dʐawk4/dʐɯak4	
篧	tʂawk4/tʂɯak4	
篨	ɖˠɨ1/ɖɨ̯u1	
篩	ʂi1/ʂʅi̯1	
篪	ɖˠi1/ɖi1	
篰	bɨw3/buəu3	
篲	zʲwɛj3/zyei3	
篳	pʲit4/pit4	
篴	ɖˠɨwk4/ɖɨuk4	
篴	dʲɛk4/diek4	
篷	bɨwŋ1/buŋ1	
篸	tsɑm1/tsɑm1	
篸	tsɑm3/tsɑm3	
篹	swɑn2/suon2	
篻	mʲɛw1/mieu1	
篻	pʲʰɛw2/pʰieu2	
篼	tɨw1/təu1	
篽	ŋˠɨ2/ŋɨ̯u2	
篾	mʲɛt4/miet4	
篿	dwɑn1/duon1	
篿	tɕwɛn1/tʃyen1	
簀	tʂɛk4/tʂɯɛk4	
簁	ʂi1/ʂʅi̯1	
簁	ʂi2/ʂʅi̯2	
簂	qwɑj3/kuoi3	
簃	ji1/ji1	
簃	ɖˠi1/ɖi1	
簄	ʁu3/ɦu3	
簅	ʂan2/ʂɯan2	
簆	qʰɨw3/kʰəu3	
簇	tsʰɨwk4/tsʰuk4	
簉	tʂʰɨw3/tʂʰʅᵊu3	
簋	kˠwi2/kɨui2	
簍	lɨw1/ləu1	
簍	lˠu2/ɭɨ̯u2	
簍	lɨw2/ləu2	
簎	dʐawk4/dʐɯak4	
簎	tʂʰɛk4/tʂʰɯɛk4	
簎	dzʲɛk4/dziek4	
簏	lɨwk4/luk4	
簙	pɑk4/puɔk4	
簜	tʰɑŋ1/tʰɑŋ1	
簜	dɑŋ3/dɑŋ3	
簝	lʲɛw1/lieu1	
簝	lɑw1/lɑu1	
簞	tɑn1/tɑn1	
簟	dʲɛm3/diem3	
簠	fu1/pfu1	
簠	fu2/pfu2	
簠	fʰu3/pfʰu3	
簡	qan2/kɯan2	
簢	mˠin2/mɨn2	
簣	ɡˠwi3/ɡɨui3	
簣	qʰwaj3/kʰuai3	
簥	kˠɛw1/kɨeu1	
簦	tɨŋ1/təŋ1	
簧	ʁwɑŋ1/ɦuɔŋ1	
簨	sʲwin2/syn2	
簩	lɑw1/lɑu1	
簪	tʂim1/tʂʅᵊm1	
簪	tsɑm1/tsɑm1	
簫	sʲɛw1/sieu1	
簬	lu3/lu3	
簭	ʑɛj3/ʒiei3	
簳	qɑn2/kɑn2	
簵	lu3/lu3	
簶	lɨwk4/luk4	
簷	jɛm1/jiem1	
簸	pɑ2/puɔ2	
簸	pɑ3/puɔ3	
簹	tɑŋ1/tɑŋ1	
簺	sɑj3/sɑi3	
簻	qʰwɑ1/kʰuɔ1	
簻	ʈwa1/ʈua1	
簾	lˠɛm1/ɭiem1	
簿	bu3/bu3	
簿	bɑk4/buɔk4	
籀	ɖˠɨw3/ɖiu̯3	
籃	lɑm1/lɑm1	
籈	tɕin1/tʃin1	
籈	kʲɛn1/kien1	
籉	dɑj1/dɑi1	
籊	dʲɛk4/diek4	
籊	tʲʰɛk4/tʰiek4	
籋	ɳˠɛp4/ɳiep4	
籋	nʲɛp4/niep4	
籌	ɖˠɨw1/ɖiu̯1	
籍	dzʲɛk4/dziek4	
籓	fɛn1/pfuɐn1	
籔	ʂu2/ʂʅu2	
籔	sɨw2/səu2	
籗	qʰwɑk4/kʰuɔk4	
籙	lˠuk4/ɭɨuk4	
籚	lu1/lu1	
籛	tsʲɛn1/tsien1	
籛	tsʲɛn2/tsien2	
籛	tsʲɛn3/tsien3	
籜	tʰɑk4/tʰɑk4	
籝	jɛŋ1/jieŋ1	
籞	ŋˠɨ2/ŋɨ̯u2	
籟	lɑj3/lɑi3	
籠	lɨwŋ1/luŋ1	
籠	lˠuŋ1/ɭɨuŋ1	
籠	lɨwŋ2/luŋ2	
籢	lˠɛm1/ɭiem1	
籣	lɑn1/lɑn1	
籤	tsʲʰɛm1/tsʰiem1	
籥	jɑk4/jɨɔk4	
籦	tɕuŋ1/tʃɨuŋ1	
籧	ɡˠɨ1/ɡɨ̯u1	
籩	pʲɛn1/pien1	
籫	tswɑn2/tsuon2	
籬	lˠi1/ɭi1	
籭	ʂi1/ʂʅi̯1	
籭	ʂaj1/ʂɯai1	
籮	lɑ1/lɑ1	
籰	ɰwɑk4/ʉɔk4	
籲	ju3/jɨ̯u3	
米	mʲɛj2/miei2	
籴	dʲɛk4/diek4	
籸	ʂin1/ʂʅᵊn1	
籹	ɳˠɨ2/ɳɨ̯u2	
籺	ɣʲɛt4/ɦiet4	
粄	pɑn2/puon2	
粈	ɲɨw2/ɲʒiu̯2	
粉	fun2/pfun2	
粊	pˠi3/pɨi̯3	
粒	lˠip4/ɭip4	
粔	ɡˠɨ3/ɡɨ̯u3	
粕	pʰɑk4/pʰuɔk4	
粖	mɑt4/muot4	
粖	mʲɛt4/miet4	
粗	dzu3/dzu3	
粘	ɳˠɛm1/ɳiem1	
粞	sʲɛj1/siei1	
粞	sɑj1/sɑi1	
粟	sʲuk4/sɨuk4	
粢	tsi1/tsi1	
粥	jɨwk4/jɨuk4	
粥	tɕɨwk4/tʃɨuk4	
粦	lˠin3/ɭin3	
粮	lˠɑŋ1/ɭɨɔŋ1	
粯	ʁan3/ɦɯan3	
粰	vɨw1/bvuəu1	
粱	lˠɑŋ1/ɭɨɔŋ1	
粲	tsʰɑn3/tsʰɑn3	
粳	qɛŋ1/kɯɛŋ1	
粵	ɰwɛt4/ʉot4	
粹	sʲwi3/syi̯3	
粺	baj3/buai3	
粻	ʈˠɑŋ1/ʈɨɔŋ1	
粼	lˠin1/ɭin1	
粼	lˠin3/ɭin3	
粽	tsɨwŋ3/tsuŋ3	
精	tsʲɛŋ1/tsieŋ1	
精	tsʲɛŋ3/tsieŋ3	
粿	qwɑ2/kuɔ2	
糂	sɑm2/sɑm2	
糄	pʲɛn2/pien2	
糅	ɳˠɨw3/ɳiu̯3	
糇	ʁɨw1/ɦəu1	
糈	sʲɨ2/sɨ̯u2	
糈	ʂɨ2/ʂʅu2	
糉	tsɨwŋ3/tsuŋ3	
糊	ʁu1/ɦu1	
糏	sʲɛt4/siet4	
糒	bˠi3/bɨi̯3	
糓	qɨwk4/kuk4	
糔	sʲɨw2/siu̯2	
糖	dɑŋ1/dɑŋ1	
糗	kˠʰɨw2/kʰɨu̯2	
糙	tsʰɑw3/tsʰɑu3	
糛	dɑŋ1/dɑŋ1	
糜	mˠi1/mɨi̯1	
糝	sɑm2/sɑm2	
糞	fun3/pfun3	
糟	tsɑw1/tsɑu1	
糠	qʰɑŋ1/kʰɑŋ1	
糣	sɑm2/sɑm2	
糤	sɑn2/sɑn2	
糦	tɕʰi3/tʃʰi3	
糧	lˠɑŋ1/ɭɨɔŋ1	
糪	pɛk4/puɛk4	
糪	pʰɛk4/pʰuɛk4	
糫	ʁwan1/ɦuan1	
糱	ŋˠɛt4/ŋɨet4	
糲	lˠɛj3/ɭiei3	
糲	lɑj3/lɑi3	
糲	lɑt4/lɑt4	
糳	tsɑk4/tsɑk4	
糴	dʲɛk4/diek4	
糶	tʲʰɛw3/tʰieu3	
糷	lɑn3/lɑn3	
糸	mʲɛk4/miek4	
系	ɣʲɛj3/ɦiei3	
糾	kʲɨw2/kiu̯2	
紀	kˠi2/kɨi̯2	
紂	ɖˠɨw3/ɖiu̯3	
紃	ʑwin1/dʒyn1	
紃	zʲwin1/zyn1	
約	ʔʲɛw3/ʔieu3	
約	ʔˠɑk4/ʔɨɔk4	
紅	ʁɨwŋ1/ɦuŋ1	
紆	ʔˠu1/ʔɨ̯u1	
紇	ʁɨt4/ɦət4	
紇	ɣʲɛt4/ɦiet4	
紈	ʁwɑn1/ɦuon1	
紉	ɳˠin1/ɳin1	
紊	ɱun3/mvun3	
紋	ɱun1/mvun1	
納	nɑp4/nɑp4	
紐	ɳˠɨw2/ɳiu̯2	
紑	fʰɨw1/pfʰuəu1	
紑	fɨw1/pfuəu1	
紑	fʰɨw2/pfʰuəu2	
紓	ɕɨ1/ʃɨ̯u1	
紓	ʑɨ3/ʒɨ̯u3	
純	ʑwin1/dʒyn1	
純	tɕwin2/tʃyn2	
紕	bʲi1/bi1	
紕	pʲʰi1/pʰi1	
紖	ɖˠin3/ɖin3	
紗	ʂa1/ʂɯa1	
紘	ʁwɛŋ1/ɦuɛŋ1	
紙	tɕi2/tʃi2	
級	kˠip4/kɨp4	
紛	fʰun1/pfʰun1	
紜	ɰun1/ɨun1	
紝	ɲim1/ɲʒim1	
紞	tɑm2/tɑm2	
紟	ɡˠim3/ɡɨm3	
素	su3/su3	
紡	fʰɑŋ2/pfʰuɔŋ2	
索	sɑk4/sɑk4	
索	ʂɛk4/ʂɯɛk4	
紨	fʰu1/pfʰu1	
紩	ɖˠit4/ɖit4	
紫	tsi2/tsi2	
紬	ɖˠɨw1/ɖiu̯1	
紭	ʁwɛŋ1/ɦuɛŋ1	
紮	tʂat4/tʂɯat4	
累	lˠwi2/ɭyi̯2	
累	lˠwi3/ɭyi̯3	
細	sʲɛj3/siei3	
紱	fut4/pfut4	
紲	sʲɛt4/siet4	
紳	ɕin1/ʃin1	
紴	pɑ1/puɔ1	
紴	pˠʰi2/pʰɨi̯2	
紵	ɖˠɨ3/ɖɨ̯u3	
紷	lʲɛŋ1/lieŋ1	
紹	ʑɛw3/ʒieu3	
紺	qɑm3/kɑm3	
紻	ʔˠɑŋ2/ʔɨɔŋ2	
紼	fut4/pfut4	
紽	dɑ1/dɑ1	
紾	tɕin2/tʃin2	
紾	ʈˠɛn2/ʈien2	
紿	dɑj3/dɑi3	
絀	ʈˠwit4/ʈyt4	
絁	ɕi1/ʃi1	
終	tɕɨwŋ1/tʃɨuŋ1	
絃	ɣʲɛn1/ɦien1	
絃	xʲwɛn3/hyen3	
組	tsu2/tsu2	
絅	kʲwɛŋ1/kyeŋ1	
絅	kʲʰwɛŋ2/kʰyeŋ2	
絆	pɑn3/puon3	
絇	ɡˠu1/ɡɨ̯u1	
絇	kˠu3/kɨ̯u3	
絍	ɲim3/ɲʒim3	
絎	ʁɛŋ3/ɦɯɛŋ3	
結	kʲɛt4/kiet4	
絑	tɕu1/tʃɨ̯u1	
絓	qʰwa1/kʰua1	
絓	ʁwa3/ɦua3	
絓	qʰwaj1/kʰuai1	老
絓	ʁwaj3/ɦuai3	老
絕	dzʲwɛt4/dzyet4	
絘	tsʰi3/tsʰi3	
絙	ʁwɑn1/ɦuon1	
絙	qɨŋ1/kəŋ1	
絛	tʰɑw1/tʰɑu1	
絜	kʲɛt4/kiet4	
絜	ɣʲɛt4/ɦiet4	
絝	qʰu3/kʰu3	
絞	qaw2/kɯau2	
絟	tsʲʰwɛn1/tsʰyen1	
絟	tsʲʰwɛt4/tsʰyet4	
絠	qɑj2/kɑi2	
絡	lɑk4/lɑk4	
絢	xʲwɛn3/hyen3	
絣	pɛŋ1/puɛŋ1	
絥	bˠi3/bɨi̯3	
絥	vuk4/bvuk4	
給	kˠip4/kɨp4	
絧	dɨwŋ1/duŋ1	
絧	dɨwŋ3/duŋ3	
絨	ɲɨwŋ1/ɲʒɨuŋ1	
絩	tʲʰɛw3/tʰieu3	
絪	ʔʲin1/ʔin1	
絫	lˠwi2/ɭyi̯2	
絬	sʲɛt4/siet4	
絭	kˠʰwɛn3/kʰʉon3	
絭	kˠwɛn3/kʉon3	
絭	kˠuk4/kɨuk4	
絮	sʲɨ3/sɨ̯u3	
絮	ɳˠɨ3/ɳɨ̯u3	
絮	ʈˠʰɨ3/ʈʰɨ̯u3	
絮	ɳa3/ɳɯa3	
絯	qɑj1/kɑi1	
絯	ʁaj3/ɦɯai3	
絰	dʲɛt4/diet4	
統	tʰɨwŋ3/tʰuŋ3	
絲	si1/si1	
絳	qawŋ3/kɯaŋ3	
絸	kʲɛn2/kien2	
絹	kʲwɛn3/kyen3	
絺	ʈˠʰi1/ʈʰi1	
絻	mɑn1/muon1	
絻	mˠɛn2/mɨen2	
絻	ɱun3/mvun3	
絽	lˠɨ2/ɭɨ̯u2	
絿	ɡˠɨw1/ɡɨu̯1	
綀	ʂɨ1/ʂʅu1	
綃	sʲɛw1/sieu1	
綃	ʂaw1/ʂɯau1	
綄	ʁwɑn1/ɦuon1	
綄	ʁwɑn3/ɦuon3	
綅	tsʲʰim1/tsʰim1	
綅	tsʲim1/tsim1	
綅	sʲɛm1/siem1	
綆	qɛŋ2/kɯɛŋ2	
綈	dʲɛj1/diei1	
綊	ɣʲɛp4/ɦiep4	
綌	kˠʰɛk4/kʰɨek4	
綍	fut4/pfut4	
綎	dʲɛŋ1/dieŋ1	
綎	tʲʰɛŋ1/tʰieŋ1	
綏	sʲwi1/syi̯1	
綐	dwɑj3/duoi3	
經	kʲɛŋ1/kieŋ1	
經	kʲɛŋ3/kieŋ3	
綖	jɛn1/jien1	
綜	tsɨwŋ3/tsuŋ3	
綝	ʈˠʰim1/ʈʰim1	
綞	twɑ2/tuɔ2	
綟	lʲɛj3/liei3	
綟	lʲɛt4/liet4	
綠	lˠuk4/ɭɨuk4	
綡	lˠɑŋ1/ɭɨɔŋ1	
綢	tʰɑw1/tʰɑu1	
綢	ɖˠɨw1/ɖiu̯1	
綣	kˠʰwɛn2/kʰʉon2	
綣	kˠʰwɛn3/kʰʉon3	
綤	ʑɛw3/ʒieu3	
綦	ɡˠi1/ɡɨi̯1	
綨	ɡˠi1/ɡɨi̯1	
綪	tʂɛŋ1/tʂɯɛŋ1	
綪	tsʲʰɛn3/tsʰien3	
綫	sʲɛn3/sien3	
綬	ʑɨw3/ʒiu̯3	
維	jwi1/jyi̯1	
綮	kʲʰɛj2/kʰiei2	
綯	dɑw1/dɑu1	
綰	ʔwan2/ʔuan2	
綰	ʔwan3/ʔuan3	
綱	qɑŋ1/kɑŋ1	
網	ɱɑŋ2/mvuɔŋ2	
綴	ʈˠwɛj3/ʈyei3	
綴	ʈˠwɛt4/ʈyet4	
綵	tsʰɑj2/tsʰɑi2	
綷	tswɑj3/tsuoi3	
綸	lˠwin1/ɭyn1	
綸	qwan1/kuan1	
綹	lˠɨw2/ɭiu̯2	
綺	kˠʰi2/kʰɨi̯2	
綻	ɖan3/ɖɯan3	
綼	bʲit4/bit4	
綼	pʲɛk4/piek4	
綽	tɕʰɑk4/tʃʰɨɔk4	
綾	lˠɨŋ1/ɭiŋ1	
綿	mʲɛn1/mien1	
緀	tsʲʰɛj1/tsʰiei1	
緀	tsʲʰɛj2/tsʰiei2	
緁	tsʲʰɛp4/tsʰiep4	
緂	tʰɑm1/tʰɑm1	
緂	tɕʰɛm1/tʃʰiem1	
緂	tʰɑm2/tʰɑm2	
緄	qwɨn2/kun2	
緅	tʂɨw1/tʂʅᵊu1	
緅	tsɨw1/tsəu1	
緅	tsʲu3/tsɨ̯u3	
緆	sʲɛk4/siek4	
緇	tʂi1/tʂʅi̯1	
緈	ɣʲɛŋ3/ɦieŋ3	
緉	lˠɑŋ2/ɭɨɔŋ2	
緉	lˠɑŋ3/ɭɨɔŋ3	
緊	kʲin2/kin2	
緋	fi1/pfi1	
緌	ɲwi1/ɲʒyi̯1	
緍	mˠin1/mɨn1	
緎	ɰwɨk4/ʉik4	
緎	xˠwɨk4/hʉik4	
緒	zʲɨ3/zɨ̯u3	
緗	sʲɑŋ1/sɨɔŋ1	
緘	qam1/kɯam1	
緙	qʰɛk4/kʰɯɛk4	
線	sʲɛn3/sien3	
緛	ɲwɛn2/ɲʒyen2	
緜	mʲɛn1/mien1	
緝	tsʲʰip4/tsʰip4	
緞	dwɑn3/duon3	
緟	ɖˠuŋ1/ɖɨuŋ1	
緟	ɖˠuŋ3/ɖɨuŋ3	
締	dʲɛj1/diei1	
締	dʲɛj3/diei3	
緢	mˠɛw1/mɨeu1	
緢	maw2/muau2	
緢	maw3/muau3	
緣	jwɛn1/jyen1	
緣	jwɛn3/jyen3	
緤	sʲɛt4/siet4	
緥	pɑw2/puɔu2	
緦	si1/si1	
緧	tsʲʰɨw1/tsʰiu̯1	
編	pʲɛn1/pien1	
編	pʲɛn2/pien2	
緩	ʁwɑn3/ɦuon3	
緪	qɨŋ1/kəŋ1	
緪	qɨŋ3/kəŋ3	
緬	mʲɛn2/mien2	
緭	ɰwi3/ɨui3	
緯	ɰwi3/ɨui3	
緰	sʲu1/sɨ̯u1	
緰	dɨw1/dəu1	
緱	qɨw1/kəu1	
練	lʲɛn3/lien3	
緵	tsɨwŋ1/tsuŋ1	
緵	tsɨwŋ3/tsuŋ3	
緶	bʲɛn1/bien1	
緶	pʲɛn2/pien2	
緷	ʁwɨn3/ɦun3	
緷	qwɨn2/kun2	
緷	ɰun3/ɨun3	
緹	dʲɛj1/diei1	
緹	tʲʰɛj2/tʰiei2	
緺	qwa1/kua1	
緺	qwɑ1/kuɔ1	
緺	qwaj1/kuai1	老
緻	ɖˠi3/ɖi3	
緾	ɖˠɛn1/ɖien1	
縈	ʔʲwɛŋ1/ʔyeŋ1	
縉	tsʲin3/tsin3	
縊	ʔʲi3/ʔi3	
縊	ʔʲɛj3/ʔiei3	
縋	ɖˠwi3/ɖyi̯3	
縌	ŋˠɛk4/ŋɨek4	
縍	pɑŋ1/puɔŋ1	
縎	qwɨt4/kut4	
縏	bɑn1/buon1	
縐	tʂʰaw3/tʂʰɯau3	
縐	tʂɨw3/tʂʅᵊu3	
縑	kʲɛm1/kiem1	
縒	tʂʰi1/tʂʰʅi̯1	
縒	sɑ2/sɑ2	
縒	tsʰɑk4/tsʰɑk4	
縓	tsʲʰwɛn1/tsʰyen1	
縓	tsʲʰwɛn3/tsʰyen3	
縕	ʔˠun1/ʔɨun1	
縕	ʔwɨn1/ʔun1	
縕	ʔˠun2/ʔɨun2	
縕	ʔˠun3/ʔɨun3	
縖	ʁat4/ɦɯat4	
縗	tsʰwɑj1/tsʰuoi1	
縚	tʰɑw1/tʰɑu1	
縛	vɑ3/bvuɔ3	
縛	vɑk4/bvuɔk4	
縜	ɰun1/ɨun1	
縝	ʈˠʰin1/ʈʰin1	
縝	tɕʰin1/tʃʰin1	
縝	tɕin2/tʃin2	
縞	qɑw2/kɑu2	
縞	qɑw3/kɑu3	
縟	ɲuk4/ɲʒɨuk4	
縠	ʁɨwk4/ɦuk4	
縡	tsɑj2/tsɑi2	
縡	tsɑj3/tsɑi3	
縢	dɨŋ1/dəŋ1	
縣	ɣʲwɛn1/ɦyen1	
縣	ɣʲwɛn3/ɦyen3	
縪	pʲit4/pit4	
縫	vuŋ1/bvuŋ1	
縫	vuŋ3/bvuŋ3	
縬	tsʲɨwk4/tsɨuk4	
縬	tʂɨwk4/tʂʅuk4	
縭	lˠi1/ɭi1	
縮	ʂɨwk4/ʂʅuk4	
縯	jin2/jin2	
縯	jɛn2/jien2	
縰	ʂi2/ʂʅi̯2	
縱	tsʲuŋ1/tsɨuŋ1	
縱	tsʲuŋ3/tsɨuŋ3	
縴	kʲʰɛn1/kʰien1	
縵	mɑn3/muon3	
縵	man3/muan3	
縶	ʈˠip4/ʈip4	
縷	lˠu2/ɭɨ̯u2	
縹	pʲʰɛw2/pʰieu2	
縺	lʲɛn1/lien1	
縻	mˠi1/mɨi̯1	
縼	zʲwɛn3/zyen3	
總	tsɨwŋ2/tsuŋ2	
績	tsʲɛk4/tsiek4	
縿	ʂam1/ʂɯam1	
繀	swɑj3/suoi3	
繁	vɛn1/bvuɐn1	
繁	bɑn1/buon1	
繁	bɑ1/buɔ1	
繂	lˠwit4/ɭyt4	
繃	pɛŋ1/puɛŋ1	
繄	ʔʲɛj1/ʔiei1	
繄	ʔʲɛj3/ʔiei3	
繅	sɑw1/sɑu1	
繅	tsɑw2/tsɑu2	
繆	mɨw1/mvuəu1	
繆	mˠɨw1/miu̯1	
繆	mˠɨw3/miu̯3	
繆	mɨwk4/mvuk4	
繇	jɛw1/jieu1	
繇	jɨw1/jiu̯1	
繇	ɖˠɨw3/ɖiu̯3	
繈	kˠɑŋ2/kɨɔŋ2	
繎	ɲɛn1/ɲʒien1	
繎	ɲwɛn1/ɲʒyen1	
繏	sʲwɛn3/syen3	
繐	ɣʲwɛj3/ɦyei3	
繐	sʲwɛj3/syei3	
繑	kʲʰɛw1/kʰieu1	
繒	dzʲɨŋ1/dziŋ1	
繓	tswɑt4/tsuot4	
織	tɕi3/tʃi3	
織	tɕɨk4/tʃik4	
繕	ʑɛn3/ʒien3	
繖	sɑn2/sɑn2	
繖	sɑn3/sɑn3	
繗	lˠin1/ɭin1	
繘	kʲwit4/kyt4	
繘	jwit4/jyt4	
繙	vɛn1/bvuɐn1	
繙	fʰɛn1/pfʰuɐn1	
繚	lʲɛw1/lieu1	
繚	lʲɛw2/lieu2	
繚	lˠɛw2/ɭieu2	
繛	tɕʰɑk4/tʃʰɨɔk4	
繜	tswɨn1/tsun1	
繞	ɲɛw2/ɲʒieu2	
繞	ɲɛw3/ɲʒieu3	
繟	dɑn1/dɑn1	
繟	tɕʰɛn2/tʃʰien2	
繠	ɲwi2/ɲʒyi̯2	
繡	sʲɨw3/siu̯3	
繢	ʁwɑj3/ɦuoi3	
繣	ʁwa3/ɦua3	
繣	χwɛk4/huɛk4	
繣	ʁwaj3/ɦuai3	老
繤	tswɑn2/tsuon2	
繩	ʑɨŋ1/dʒiŋ1	
繪	ʁwɑj3/ɦuoi3	
繫	kʲɛj3/kiei3	
繫	ɣʲɛj3/ɦiei3	
繬	ʂɨk4/ʂʅᵊk4	
繭	kʲɛn2/kien2	
繮	kˠɑŋ1/kɨɔŋ1	
繯	ɣʲwɛn3/ɦyen3	
繯	ʁwan3/ɦuan3	
繰	sɑw1/sɑu1	
繰	tsɑw2/tsɑu2	
繲	qaj3/kɯai3	
繳	kʲɛw2/kieu2	
繳	tɕɑk4/tʃɨɔk4	
繳	ʁɛk4/ɦɯɛk4	
繴	bɛk4/buɛk4	
繴	pʲɛk4/piek4	
繵	dɑn3/dɑn3	
繶	ʔˠɨk4/ʔɨk4	
繹	jɛk4/jiek4	
繻	ɲu1/ɲʒɨ̯u1	
繻	sʲu1/sɨ̯u1	
繼	kʲɛj3/kiei3	
繽	pʲʰin1/pʰin1	
繾	kʲʰɛn2/kʰien2	
繾	kʲʰɛn3/kʰien3	
纀	pɨwk4/puk4	
纁	xˠun1/hɨun1	
纂	tswɑn2/tsuon2	
纅	jɑk4/jɨɔk4	
纆	mɨk4/muək4	
纇	lwɑj3/luoi3	
纈	ɣʲɛt4/ɦiet4	
纊	qʰwɑŋ3/kʰuɔŋ3	
纋	ʔˠɨw1/ʔɨu̯1	
續	zʲuk4/zɨuk4	
纍	lˠwi1/ɭyi̯1	
纍	lˠwi3/ɭyi̯3	
纏	ɖˠɛn1/ɖien1	
纏	ɖˠɛn3/ɖien3	
纑	lu1/lu1	
纓	ʔʲɛŋ1/ʔieŋ1	
纔	dzɑj1/dzɑi1	
纔	ʂam1/ʂɯam1	
纔	dzɑj3/dzɑi3	
纕	sʲɑŋ1/sɨɔŋ1	
纖	sʲɛm1/siem1	
纗	tsʲwi1/tsyi̯1	
纗	ɣʲwɛj1/ɦyei1	
纗	jwi3/jyi̯3	
纗	ʁwa3/ɦua3	
纗	ʁwaj3/ɦuai3	老
纘	tswɑn2/tsuon2	
纚	ʂi2/ʂʅi̯2	
纛	dɑw3/dɑu3	
纛	dɨwk4/duk4	
纜	lɑm3/lɑm3	
纝	lˠwi1/ɭyi̯1	
缶	fu2/pfu2	
缶	fɨw2/pfuəu2	老
缸	ʁawŋ1/ɦɯaŋ1	
缹	fɨw2/pfuəu2	
缺	kʲʰwɛt4/kʰyet4	
缾	bʲɛŋ1/bieŋ1	
缿	ʁawŋ3/ɦɯaŋ3	
罃	ʔɛŋ1/ʔɯɛŋ1	
罄	kʲʰɛŋ3/kʰieŋ3	
罅	χa3/hɯa3	
罇	tswɨn1/tsun1	
罊	kʲʰɛj3/kʰiei3	
罊	qʰɛk4/kʰɯɛk4	
罋	ʔˠuŋ1/ʔɨuŋ1	
罋	ʔɨwŋ3/ʔuŋ3	
罌	ʔɛŋ1/ʔɯɛŋ1	
罍	lwɑj1/luoi1	
罏	lu1/lu1	
罐	qwɑn3/kuon3	
网	ɱɑŋ2/mvuɔŋ2	
罔	ɱɑŋ2/mvuɔŋ2	
罘	vu1/bvu1	
罘	vɨw1/bvuəu1	老
罛	qu1/ku1	
罜	tɕu3/tʃɨ̯u3	
罜	dɨwk4/duk4	
罝	tsʲa1/tsia1	
罞	mɨwŋ1/muŋ1	
罞	maw1/muau1	
罟	qu2/ku2	
罠	mˠin1/mɨn1	
罣	kʲwɛj3/kyei3	
罣	qwa3/kua3	
罣	ʁwa3/ɦua3	
罣	qwaj3/kuai3	老
罣	ʁwaj3/ɦuai3	老
罤	dʲɛj1/diei1	
罥	kʲwɛn2/kyen2	
罥	kʲwɛn3/kyen3	
罦	fʰu1/pfʰu1	
罦	vu1/bvu1	
罦	vɨw1/bvuəu1	老
罧	sʲim2/sim2	
罧	ʂim3/ʂʅᵊm3	
罨	ʔˠɛm2/ʔɨem2	
罨	ʔɑp4/ʔɑp4	
罨	ʔˠɛp4/ʔɨep4	
罩	ʈaw3/ʈɯau3	
罪	dzwɑj3/dzuoi3	
罬	ʈˠwɛt4/ʈyet4	
罬	kˠwɛt4/kʉot4	
罭	ɰwɨk4/ʉik4	
置	ʈˠi3/ʈi3	
罯	ʔɑm2/ʔɑm2	
罯	ʔɑp4/ʔɑp4	
罰	vɛt4/bvuɐt4	
罱	lɑm2/lɑm2	
署	ʑɨ3/ʒɨ̯u3	
罳	si1/si1	
罵	ma2/mua2	
罵	ma3/mua3	
罶	lˠɨw2/ɭiu̯2	
罷	bˠi1/bɨi̯1	
罷	bˠi3/bɨi̯3	
罷	ba3/bua3	
罷	baj3/buai3	老
罹	lˠi1/ɭi1	
罺	tʂaw1/tʂɯau1	
罺	tʂʰaw3/tʂʰɯau3	
罻	ʔˠwi3/ʔɨui3	
罼	pʲit4/pit4	
罽	kˠɛj3/kɨei3	
罾	tsɨŋ1/tsəŋ1	
罿	dɨwŋ1/duŋ1	
罿	tɕʰuŋ1/tʃʰɨuŋ1	
羂	kʲwɛn2/kyen2	
羃	mʲɛk4/miek4	
羅	lɑ1/lɑ1	
羆	pˠi1/pɨi̯1	
羇	kˠi1/kɨi̯1	
羈	kˠi1/kɨi̯1	
羉	lwɑn1/luon1	
羊	jɑŋ1/jɨɔŋ1	
羋	mʲi2/mi2	
羌	kˠʰɑŋ1/kʰɨɔŋ1	
羍	tʰɑt4/tʰɑt4	
美	mˠi2/mɨi̯2	
羑	jɨw2/jiu̯2	
羒	vun1/bvun1	
羔	qɑw1/kɑu1	
羕	jɑŋ3/jɨɔŋ3	
羖	qu2/ku2	
羚	lʲɛŋ1/lieŋ1	
羛	xˠi1/hɨi̯1	
羛	ŋˠi2/ŋɨi̯2	
羜	ɖˠɨ3/ɖɨ̯u3	
羝	tʲɛj1/tiei1	
羞	sʲɨw1/siu̯1	
羠	ji1/ji1	
羠	zi3/zi3	
羣	ɡˠun1/ɡɨun1	
羥	qʰan1/kʰɯan1	
羥	qʰɛŋ1/kʰɯɛŋ1	
羨	ji1/ji1	
羨	zʲɛn3/zien3	
羨	jɛn3/jien3	
義	ŋˠi3/ŋɨi̯3	
羫	qʰawŋ1/kʰɯaŋ1	
羬	ɡˠɛm1/ɡɨem1	
羬	ɴam1/ŋɯam1	
羭	ju1/jɨ̯u1	
羯	kˠɛt4/kɨet4	
羱	ŋˠwɛn1/ŋʉon1	
羱	ɴwɑn1/ŋuon1	
羲	xˠi1/hɨi̯1	
羳	vɛn1/bvuɐn1	
羴	χan1/hɯan1	
羵	vun1/bvun1	
羶	ɕɛn1/ʃien1	
羷	lˠɛm2/ɭiem2	
羸	lˠwi1/ɭyi̯1	
羹	qɛŋ1/kɯɛŋ1	
羺	nɨw1/nəu1	
羻	kˠʰɑŋ3/kʰɨɔŋ3	
羼	tʂʰan2/tʂʰɯan2	
羼	tʂʰan3/tʂʰɯan3	
羽	ɰu2/ɨ̯u2	
羽	ɰu3/ɨ̯u3	
羾	qɨwŋ3/kuŋ3	
羿	ŋʲɛj3/ŋiei3	
翀	ɖˠɨwŋ1/ɖɨuŋ1	
翁	ʔɨwŋ1/ʔuŋ1	
翃	ʁwɛŋ1/ɦuɛŋ1	
翄	ɡʲi1/ɡi1	
翄	ɕi3/ʃi3	
翅	ɕi3/ʃi3	
翇	fut4/pfut4	
翈	ʁap4/ɦɯap4	
翉	pʰɨn2/pʰun2	
翊	jɨk4/jik4	
翌	jɨk4/jik4	
翍	pˠʰi1/pʰɨi̯1	
翎	lʲɛŋ1/lieŋ1	
翏	lʲɛw1/lieu1	
翏	lˠɨw3/ɭiu̯3	
翐	ɖˠit4/ɖit4	
習	zʲip4/zip4	
翓	ɣʲɛt4/ɦiet4	
翔	zʲɑŋ1/zɨɔŋ1	
翕	xˠip4/hɨp4	
翖	xˠip4/hɨp4	
翛	sʲɛw1/sieu1	
翛	ɕɨwk4/ʃɨuk4	
翜	ʂip4/ʂʅᵊp4	
翜	ʂap4/ʂɯap4	
翟	ɖɛk4/ɖɯɛk4	
翟	dʲɛk4/diek4	
翠	tsʲʰwi3/tsʰyi̯3	
翡	vi3/bvi3	
翢	tʰɑw1/tʰɑu1	
翢	dɑw1/dɑu1	
翣	ʂap4/ʂɯap4	
翥	tɕɨ3/tʃɨ̯u3	
翦	tsʲɛn2/tsien2	
翧	xˠwɛn1/hʉon1	
翨	ɕi3/ʃi3	
翨	kʲi3/ki3	
翩	pʲʰɛn1/pʰien1	
翪	tsɨwŋ1/tsuŋ1	
翪	tsɨwŋ2/tsuŋ2	
翫	ɴwɑn3/ŋuon3	
翬	xˠwi1/hɨui1	
翭	ʁɨw1/ɦəu1	
翮	ʁɛk4/ɦɯɛk4	
翯	ʁɨwk4/ɦuk4	
翯	ʁawk4/ɦɯak4	
翯	χawk4/hɯak4	
翰	ʁɑn1/ɦɑn1	
翰	ʁɑn3/ɦɑn3	
翱	ɴɑw1/ŋɑu1	
翲	pʲʰɛw1/pʰieu1	
翲	pʲʰɛw3/pʰieu3	
翳	ʔʲɛj1/ʔiei1	
翳	ʔʲɛj3/ʔiei3	
翴	lˠɛn1/ɭien1	
翵	ɡˠu1/ɡɨ̯u1	
翵	ʁɨw1/ɦəu1	
翷	lˠin1/ɭin1	
翹	ɡʲɛw1/ɡieu1	
翹	ɡʲɛw3/ɡieu3	
翻	fʰɛn1/pfʰuɐn1	
翼	jɨk4/jik4	
翽	χwɑj3/huoi3	
翾	xʲwɛn1/hyen1	
翿	dɑw1/dɑu1	
翿	dɑw3/dɑu3	
耀	jɛw3/jieu3	
老	lɑw2/lɑu2	
考	qʰɑw2/kʰɑu2	
耄	mɑw3/muɔu3	
者	tɕa2/tʃia2	
耆	ɡʲi1/ɡi1	
耇	qɨw2/kəu2	
耋	dʲɛt4/diet4	
而	ɲi1/ɲʒi1	
耎	ɲwɛn2/ɲʒyen2	
耏	ɲi1/ɲʒi1	
耏	nɑj3/nɑi3	
耐	nɑj3/nɑi3	
耑	twɑn1/tuon1	
耒	lˠwi2/ɭyi̯2	
耒	lwɑj3/luoi3	
耔	tsi2/tsi2	
耕	qɛŋ1/kɯɛŋ1	
耖	tʂʰaw3/tʂʰɯau3	
耘	ɰun1/ɨun1	
耚	pˠʰi1/pʰɨi̯1	
耜	zi3/zi3	
耠	ʁɑp4/ɦɑp4	
耡	dʐɨ1/dʐʅu1	
耡	dʐɨ3/dʐʅu3	
耣	lˠwin2/ɭyn2	
耤	dzʲɛk4/dziek4	
耦	ɴɨw2/ŋəu2	
耨	nɨw3/nəu3	
耨	nɨwk4/nuk4	
耩	qawŋ2/kɯaŋ2	
耫	dʐat4/dʐɯat4	
耫	dʐɛk4/dʐɯɛk4	
耬	lɨw1/ləu1	
耰	ʔˠɨw1/ʔɨu̯1	
耳	ɲi2/ɲʒi2	
耴	ŋˠit4/ŋɨt4	
耴	ʈˠɛp4/ʈiep4	
耵	tʲɛŋ2/tieŋ2	
耶	ja1/jia1	
耷	tɑp4/tɑp4	
耹	ɡˠim1/ɡɨm1	
耺	ɰun1/ɨun1	
耽	tɑm1/tɑm1	
耽	tɑm2/tɑm2	
耾	ʁwɛŋ1/ɦuɛŋ1	
耿	qɛŋ2/kɯɛŋ2	
聃	tʰɑm1/tʰɑm1	
聅	dɑn1/dɑn1	
聅	ʈˠʰɛt4/ʈʰiet4	
聆	lʲɛŋ1/lieŋ1	
聉	tʰwɑj2/tʰuoi2	
聉	ŋˠit4/ŋɨt4	
聉	ʈwat4/ʈuat4	
聉	ɴwat4/ŋuat4	
聊	lʲɛw1/lieu1	
聎	tʲʰɛw1/tʰieu1	
聐	ɴat4/ŋɯat4	
聑	tʲɛp4/tiep4	
聒	qwɑt4/kuot4	
聖	ɕɛŋ3/ʃieŋ3	
聘	pʲʰɛŋ3/pʰieŋ3	
聙	tsʲɛŋ1/tsieŋ1	
聚	dzʲu3/dzɨ̯u3	
聝	qwɛk4/kuɛk4	
聞	ɱun1/mvun1	
聞	ɱun3/mvun3	
聤	dʲɛŋ1/dieŋ1	
聥	ɰu2/ɨ̯u2	
聥	kˠu2/kɨ̯u2	
聧	kʲʰwɛj1/kʰyei1	
聭	kˠwi3/kɨui3	
聮	lˠɛn1/ɭien1	
聰	tsʰɨwŋ1/tsʰuŋ1	
聱	ɴaw1/ŋɯau1	
聱	ɴɑw1/ŋɑu1	
聱	ŋʲɨw1/ŋiu̯1	
聲	ɕɛŋ1/ʃieŋ1	
聳	sʲuŋ2/sɨuŋ2	
聵	ɴwaj3/ŋuai3	
聶	ɳˠɛp4/ɳiep4	
職	tɕɨk4/tʃik4	
聸	tɑm1/tɑm1	
聹	nʲɛŋ1/nieŋ1	
聹	nʲɛŋ2/nieŋ2	
聻	ɳˠi2/ɳi2	
聽	tʲʰɛŋ1/tʰieŋ1	
聽	tʲʰɛŋ3/tʰieŋ3	
聾	lɨwŋ1/luŋ1	
聿	jwit4/jyt4	
肁	ɖˠɛw3/ɖieu3	
肂	si3/si3	
肄	ji3/ji3	
肅	sʲɨwk4/sɨuk4	
肆	si3/si3	
肈	ɖˠɛw3/ɖieu3	
肉	ɲɨwk4/ɲʒɨuk4	
肊	ʔˠɨk4/ʔɨk4	
肋	lɨk4/lək4	
肌	kˠi1/kɨi̯1	
肍	ɡˠɨw1/ɡɨu̯1	
肎	qʰɨŋ2/kʰəŋ2	
肑	pawk4/puak4	
肑	tʲɛk4/tiek4	
肒	ʁwɑn3/ɦuon3	
肓	χwɑŋ1/huɔŋ1	
肔	ji2/ji2	
肕	ɲin3/ɲʒin3	
肖	sʲɛw3/sieu3	
肗	ɲɨ2/ɲʒɨ̯u2	
肘	ʈˠɨw2/ʈiu̯2	
肙	ʔʲwɛn3/ʔyen3	
肚	du3/du3	
肚	tu2/tu2	
肛	qawŋ1/kɯaŋ1	
肛	χawŋ1/hɯaŋ1	
肜	jɨwŋ1/jɨuŋ1	
肝	qɑn1/kɑn1	
股	qu2/ku2	
肢	tɕi1/tʃi1	
肣	ʁɑm1/ɦɑm1	
肣	ʁɑm3/ɦɑm3	
肤	fu1/pfu1	
肥	vi1/bvi1	
肦	vun1/bvun1	
肦	pan1/puan1	
肧	pʰɑj1/pʰuoi1	
肧	fʰɨw1/pfʰuəu1	
肨	pʰawŋ3/pʰuaŋ3	
肩	kʲɛn1/kien1	
肪	vɑŋ1/bvuɔŋ1	
肪	fɑŋ1/pfuɔŋ1	
肫	tɕwin1/tʃyn1	
肬	ɰɨw1/ɨu̯1	
肭	nwɨt4/nut4	
肭	ɳwat4/ɳuat4	
肮	ʁɑŋ1/ɦɑŋ1	
肯	qʰɨŋ2/kʰəŋ2	
肰	ɲɛn1/ɲʒien1	
肱	qwɨŋ1/kuəŋ1	
育	jɨwk4/jɨuk4	
肴	ʁaw1/ɦɯau1	
肶	bʲi1/bi1	
肸	xˠit4/hɨt4	
肺	fʰɛj3/pfʰei3	
胂	ʈˠʰin1/ʈʰin1	
胂	ɕin1/ʃin1	
胃	ɰwi3/ɨui3	
胄	ɖˠɨw3/ɖiu̯3	
胅	dʲɛt4/diet4	
胆	dɑn1/dɑn1	
胇	bˠit4/bɨt4	
胈	bɑt4/buot4	
胉	pʰɑk4/pʰuɔk4	
胊	ɡˠu1/ɡɨ̯u1	
背	bɑj3/buoi3	
背	pɑj3/puoi3	
胍	qu1/ku1	
胎	tʰɑj1/tʰɑi1	
胏	tʂi2/tʂʅi̯2	
胐	qʰwɨt4/kʰut4	
胑	tɕi1/tʃi1	
胓	bˠɛŋ1/bɨeŋ1	
胔	dzi1/dzi1	
胔	tsʰi1/tsʰi1	
胔	dzi3/dzi3	
胕	vu3/bvu3	
胖	pʰɑn3/pʰuon3	
胗	tɕin2/tʃin2	
胗	kʲin2/kin2	
胘	ɣʲɛn1/ɦien1	
胘	ɣʲwɛn1/ɦyen1	
胙	dzu3/dzu3	
胛	qap4/kɯap4	
胜	sʲɛŋ1/sieŋ1	
胝	ʈˠi1/ʈi1	
胞	paw1/puau1	
胞	pʰaw1/pʰuau1	
胟	mɨw2/muəu2	
胠	kˠʰɨ1/kʰɨ̯u1	
胠	kˠʰɨ3/kʰɨ̯u3	
胠	kˠʰɛp4/kʰɨep4	
胡	ʁu1/ɦu1	
胤	jin3/jin3	
胥	sʲɨ1/sɨ̯u1	
胥	sʲɨ2/sɨ̯u2	
胦	ʔawŋ1/ʔɯaŋ1	
胦	ʔˠɑŋ1/ʔɨɔŋ1	
胭	ʔʲɛn1/ʔien1	
胮	pʰawŋ1/pʰuaŋ1	
胮	bawŋ1/buaŋ1	
胯	qʰwa1/kʰua1	
胯	qʰu3/kʰu3	
胯	qʰwa3/kʰua3	
胰	ji1/ji1	
胱	qwɑŋ1/kuɔŋ1	
胲	qɑj1/kɑi1	
胳	qɑk4/kɑk4	
胴	dɨwŋ3/duŋ3	
胵	tɕʰi1/tʃʰi1	
胷	xˠuŋ1/hɨuŋ1	
胹	ɲi1/ɲʒi1	
胺	ʔɑt4/ʔɑt4	
胻	ʁɑŋ1/ɦɑŋ1	
胻	ʁɛŋ1/ɦɯɛŋ1	
胻	ʁɛŋ3/ɦɯɛŋ3	
胼	bʲɛn1/bien1	
能	nɑj1/nɑi1	
能	nɨŋ1/nəŋ1	
能	nɨŋ2/nəŋ2	
能	nɑj3/nɑi3	
胾	tʂi3/tʂʅi̯3	
胿	ɣʲɛj1/ɦiei1	
胿	kʲwɛj1/kyei1	
脀	tɕɨŋ1/tʃiŋ1	
脁	ʈˠʰɛw3/ʈʰieu3	
脂	tɕi1/tʃi1	
脃	tsʲʰwɛj3/tsʰyei3	
脄	mɑj1/muoi1	
脄	mɑj3/muoi3	
脅	xˠɛm3/hɨem3	
脅	xˠɛp4/hɨep4	
脆	tsʲʰwɛj3/tsʰyei3	
脉	mɛk4/muɛk4	
脊	tsʲɛk4/tsiek4	
脕	ɱɛn2/mvuɐn2	
脕	ɱun3/mvun3	
脕	ɱɛn3/mvuɐn3	
脖	bɨt4/but4	
脗	mʲin2/min2	
脘	qwɑn2/kuon2	
脙	xˠɨw1/hɨu̯1	
脙	ɡˠɨw1/ɡɨu̯1	
脚	kˠɑk4/kɨɔk4	
脛	ɣʲɛŋ3/ɦieŋ3	
脝	χɛŋ1/hɯɛŋ1	
脞	tsʰwɑ1/tsʰuɔ1	
脞	tsʰwɑ2/tsʰuɔ2	
脟	lˠwɛn2/ɭyen2	
脟	lˠwɛt4/ɭyet4	
脠	ɕɛn1/ʃien1	
脠	ʈˠʰɛn1/ʈʰien1	
脡	tʲʰɛŋ2/tʰieŋ2	
脢	mɑj1/muoi1	
脢	mɑj3/muoi3	
脣	ʑwin1/dʒyn1	
脤	ʑin3/ʒin3	
脥	kʲʰɛm2/kʰiem2	
脧	tswɑj1/tsuoi1	
脧	tsʲwɛn1/tsyen1	
脩	sʲɨw1/siu̯1	
脪	ʈˠʰi1/ʈʰi1	
脪	xˠin2/hɨn2	
脪	xˠin3/hɨn3	
脫	dwɑt4/duot4	
脫	tʰwɑt4/tʰuot4	
脬	pʰaw1/pʰuau1	
脮	tʰwɑj2/tʰuoi2	
脮	nwɑj2/nuoi2	
脯	fu2/pfu2	
脰	dɨw3/dəu3	
脹	ʈˠɑŋ3/ʈɨɔŋ3	
脼	lˠɑŋ2/ɭɨɔŋ2	
脽	ʑwi1/dʒyi̯1	
脾	bʲi1/bi1	
腃	kˠʰwi3/kʰɨui3	
腄	ʈˠwi1/ʈyi̯1	
腄	ɰɨw1/ɨu̯1	
腄	ɖˠwi3/ɖyi̯3	
腅	dɑm3/dɑm3	
腆	tʲʰɛn2/tʰien2	
腊	sʲɛk4/siek4	
腋	jɛk4/jiek4	
腌	ʔˠɛm1/ʔɨem1	
腌	ʔˠɛp4/ʔɨep4	
腍	ɲim2/ɲʒim2	
腎	ʑin3/ʒin3	
腏	ʈˠwɛj3/ʈyei3	
腏	twɑt4/tuot4	
腏	ʈˠwɛt4/ʈyet4	
腐	vu3/bvu3	
腑	fu2/pfu2	
腒	kˠɨ1/kɨ̯u1	
腒	ɡˠɨ1/ɡɨ̯u1	
腓	vi1/bvi1	
腓	vi3/bvi3	
腔	qʰawŋ1/kʰɯaŋ1	
腕	ʔwɑn3/ʔuon3	
腛	ʔawk4/ʔɯak4	
腜	mɑj1/muoi1	
腝	ɲwɛn2/ɲʒyen2	
腝	nwɨn3/nun3	
腝	nɑw3/nɑu3	
腠	tsʰɨw3/tsʰəu3	
腡	qwa1/kua1	
腡	lwɑ1/luɔ1	
腡	qwaj1/kuai1	老
腣	tʲɛj1/tiei1	
腣	tʲɛj3/tiei3	
腤	ʔɑm1/ʔɑm1	
腥	sʲɛŋ1/sieŋ1	
腥	sʲɛŋ3/sieŋ3	
腦	nɑw2/nɑu2	
腦	nɑw3/nɑu3	
腧	ɕu3/ʃɨ̯u3	
腨	ʑwɛn3/ʒyen3	
腩	nɑm2/nɑm2	
腫	tɕuŋ2/tʃɨuŋ2	
腬	ɲɨw1/ɲʒiu̯1	
腬	ɳˠɨw3/ɳiu̯3	
腯	dwɨt4/dut4	
腰	ʔʲɛw1/ʔieu1	
腱	kˠɛn1/kɨen1	
腱	ɡˠɛn3/ɡɨen3	
腲	ʔwɑj2/ʔuoi2	
腳	kˠɑk4/kɨɔk4	
腴	ju1/jɨ̯u1	
腶	twɑn3/tuon3	
腷	bˠɨk4/bɨk4	
腸	ɖˠɑŋ1/ɖɨɔŋ1	
腹	fuk4/pfuk4	
腿	tʰwɑj2/tʰuoi2	
膀	bɑŋ1/buɔŋ1	
膁	kʲʰɛm2/kʰiem2	
膂	lˠɨ2/ɭɨ̯u2	
膃	ʔwɨt4/ʔut4	
膆	su3/su3	
膇	ɖˠwi3/ɖyi̯3	
膈	qɛk4/kɯɛk4	
膉	ʔʲɛk4/ʔiek4	
膊	pʰɑk4/pʰuɔk4	
膋	lʲɛw1/lieu1	
膌	dzʲɛk4/dziek4	
膍	bʲi1/bi1	
膍	bʲɛj1/biei1	
膎	ʁaj1/ɦɯai1	
膏	qɑw1/kɑu1	
膏	qɑw3/kɑu3	
膒	ʔɨw1/ʔəu1	
膕	qwɛk4/kuɛk4	
膗	dʐwaj1/dʐuai1	
膘	bʲɛw3/bieu3	
膘	pʲʰɛw2/pʰieu2	
膘	tsʲɛw2/tsieu2	
膙	kˠɑŋ2/kɨɔŋ2	
膚	fu1/pfu1	
膜	mu1/mu1	
膜	mɑk4/muɔk4	
膝	sʲit4/sit4	
膞	tɕwɛn1/tʃyen1	
膞	ʑwɛn3/ʒyen3	
膞	tɕwɛn2/tʃyen2	
膟	lˠwit4/ɭyt4	
膠	qaw1/kɯau1	
膠	qaw3/kɯau3	
膡	jɨŋ3/jiŋ3	
膡	ɕɨŋ3/ʃiŋ3	
膢	lˠu1/ɭɨ̯u1	
膢	lɨw1/ləu1	
膦	lˠɛn2/ɭien2	
膨	bɛŋ1/buɛŋ1	
膨	bɛŋ3/buɛŋ3	
膩	ɳˠi3/ɳi3	
膪	ʈaj3/ʈɯai3	
膪	ʈa3/ʈɯa3	
膫	lʲɛw1/lieu1	
膫	lˠɛw3/ɭieu3	
膬	tsʲʰwɛj3/tsʰyei3	
膬	tsʲʰwɛt4/tsʰyet4	
膭	qwɑj1/kuoi1	
膭	ʁwɑj3/ɦuoi3	
膮	xʲɛw1/hieu1	
膮	xʲɛw2/hieu2	
膯	tʰɨŋ1/tʰəŋ1	
膰	vɛn1/bvuɐn1	
膱	tɕɨk4/tʃik4	
膲	tsʲɛw1/tsieu1	
膳	ʑɛn3/ʒien3	
膴	ɱu1/mvu1	
膴	χu1/hu1	
膴	ɱu2/mvu2	
膷	xˠɑŋ1/hɨɔŋ1	
膹	vi3/bvi3	
膹	vun3/bvun3	
膺	ʔˠɨŋ1/ʔɨŋ1	
膻	dɑn3/dɑn3	
膼	ʈwa1/ʈua1	
膽	tɑm2/tɑm2	
膾	qwɑj3/kuoi3	
膿	nɨwŋ1/nuŋ1	
臀	dwɨn1/dun1	
臂	pʲi3/pi3	
臄	ɡˠɑk4/ɡɨɔk4	
臅	tɕʰuk4/tʃʰɨuk4	
臆	ʔˠɨk4/ʔɨk4	
臇	tsʲwi1/tsyi̯1	
臇	tsʲwɛn2/tsyen2	
臈	lɑp4/lɑp4	
臉	tsʲʰɛm1/tsʰiem1	
臉	lam2/ɭɯam2	
臊	sɑw1/sɑu1	
臍	dzʲɛj1/dziei1	
臎	tsʲwi2/tsyi̯2	
臎	tsʲʰwi3/tsʰyi̯3	
臏	bʲin3/bin3	
臐	xˠun1/hɨun1	
臐	xˠun3/hɨun3	
臑	ɲu1/ɲʒɨ̯u1	
臒	ʔˠwɑk4/ʔʉɔk4	
臒	ʔwɑk4/ʔuɔk4	
臔	ɣʲɛn3/ɦien3	
臕	pˠɛw1/pɨeu1	
臖	xˠɨŋ3/hɨŋ3	
臗	qʰwɨn1/kʰun1	
臘	lɑp4/lɑp4	
臚	lˠɨ1/ɭɨ̯u1	
臛	χɨwk4/huk4	
臝	lwɑ2/luɔ2	
臞	ɡˠu1/ɡɨ̯u1	
臞	ɡˠu3/ɡɨ̯u3	
臠	lwɑn1/luon1	
臠	lˠwɛn2/ɭyen2	
臡	nʲɛj1/niei1	
臡	ɲɛj1/ɲʒiei1	
臡	nɑ1/nɑ1	
臣	ʑin1/dʒin1	
臤	qʰɑn1/kʰɑn1	
臤	qʰan1/kʰɯan1	
臤	ɣʲɛn1/ɦien1	
臤	kʲʰin3/kʰin3	
臥	ɴwɑ3/ŋuɔ3	
臦	kˠwɑŋ3/kʉɔŋ3	
臧	tsɑŋ1/tsɑŋ1	
臨	lˠim1/ɭim1	
臨	lˠim3/ɭim3	
臩	kˠwɑŋ2/kʉɔŋ2	
臩	kˠwɛŋ2/kʉeŋ2	
自	dzi3/dzi3	
臬	ŋʲɛt4/ŋiet4	
臭	tɕʰɨw3/tʃʰiu̯3	
臮	ɡˠi3/ɡɨi̯3	
臱	mʲɛn1/mien1	
臲	ŋʲɛt4/ŋiet4	
至	tɕi3/tʃi3	
致	ʈˠi3/ʈi3	
臶	dzwɨn3/dzun3	
臶	dzʲɛn3/dzien3	
臸	tɕi1/tʃi1	
臸	ɲit4/ɲʒit4	
臺	dɑj1/dɑi1	
臻	tʂin1/tʂʅᵊn1	
臼	ɡˠɨw3/ɡɨu̯3	
臽	qʰɑm2/kʰɑm2	
臽	ʁam3/ɦɯam3	
臾	ju1/jɨ̯u1	
臾	ɡˠwi3/ɡɨui3	
臿	tʂʰap4/tʂʰɯap4	
舀	ju1/jɨ̯u1	
舀	jɨw1/jiu̯1	
舀	jɛw2/jieu2	
舁	jɨ1/jɨ̯u1	
舂	ɕuŋ1/ʃɨuŋ1	
舄	tsʲʰɑk4/tsʰɨɔk4	
舄	sʲɛk4/siek4	
舅	ɡˠɨw3/ɡɨu̯3	
與	jɨ1/jɨ̯u1	
與	jɨ2/jɨ̯u2	
與	jɨ3/jɨ̯u3	
興	xˠɨŋ1/hɨŋ1	
興	xˠɨŋ3/hɨŋ3	
舉	kˠɨ2/kɨ̯u2	
舊	ɡˠɨw3/ɡɨu̯3	
舋	xˠin3/hɨn3	
舌	ʁwat4/ɦuat4	
舌	ʑɛt4/ʒiet4	
舍	ɕa2/ʃia2	
舍	ɕa3/ʃia3	
舐	ʑi3/ʒi3	
舑	tʰɑm1/tʰɑm1	
舑	ɲɛm1/ɲʒiem1	
舒	ɕɨ1/ʃɨ̯u1	
舓	ʑi3/ʒi3	
舕	tʰɑm3/tʰɑm3	
舚	tʲʰɛm1/tʰiem1	
舚	tʲʰɛm3/tʰiem3	
舛	tɕʰwɛn2/tʃʰyen2	
舜	ɕwin3/ʃyn3	
舝	ʁat4/ɦɯat4	
舞	ɱu2/mvu2	
舟	tɕɨw1/tʃiu̯1	
舠	tɑw1/tɑu1	
舡	χawŋ1/hɯaŋ1	
舥	pʰa1/pʰua1	
舩	ʑwɛn1/dʒyen1	
航	ʁɑŋ1/ɦɑŋ1	
舫	fɑŋ3/pfuɔŋ3	
舫	pɑŋ3/puɔŋ3	
般	bɑn1/buon1	
般	pɑn1/puon1	
般	pan1/puan1	
舲	lʲɛŋ1/lieŋ1	
舳	ɖˠɨwk4/ɖɨuk4	
舴	ʈɛk4/ʈɯɛk4	
舴	tʂɛk4/tʂɯɛk4	
舵	dɑ3/dɑ3	
舶	bɛk4/buɛk4	
舷	ɣʲɛn1/ɦien1	
舸	qɑ2/kɑ2	
船	ʑwɛn1/dʒyen1	
舼	ɡˠuŋ1/ɡɨuŋ1	
舽	bawŋ1/buaŋ1	
艀	vɨw1/bvuəu1	
艁	dzɑw3/dzɑu3	
艁	tsʰɑw3/tsʰɑu3	
艃	lˠi1/ɭi1	
艅	jɨ1/jɨ̯u1	
艆	lɑŋ1/lɑŋ1	
艇	dʲɛŋ3/dieŋ3	
艋	mɛŋ2/muɛŋ2	
艎	ʁwɑŋ1/ɦuɔŋ1	
艐	tsɨwŋ1/tsuŋ1	
艐	qaj3/kɯai3	
艐	qʰɑ3/kʰɑ3	
艑	bʲɛn3/bien3	
艒	mɨwk4/muk4	
艒	mɨk4/muək4	
艖	dzɑ1/dzɑ1	
艖	tʂʰa1/tʂʰɯa1	
艗	ŋʲɛk4/ŋiek4	
艘	sʲɛw1/sieu1	
艘	sɑw1/sɑu1	
艚	dzɑw1/dzɑu1	
艛	lɨw1/ləu1	
艜	tɑj3/tɑi3	
艞	jɛw3/jieu3	
艟	tɕʰuŋ1/tʃʰɨuŋ1	
艟	ɖawŋ3/ɖɯaŋ3	
艣	lu2/lu2	
艤	ŋˠi2/ŋɨi̯2	
艦	ʁam3/ɦɯam3	
艨	mɨwŋ1/muŋ1	
艨	mɨwŋ3/muŋ3	
艫	lu1/lu1	
艬	dʐam1/dʐɯam1	
艬	dʐam3/dʐɯam3	
艭	ʂawŋ1/ʂɯaŋ1	
艮	qɨn3/kən3	
良	lˠɑŋ1/ɭɨɔŋ1	
艱	qan1/kɯan1	
色	ʂɨk4/ʂʅᵊk4	
艴	fʰut4/pfʰut4	
艴	bɨt4/but4	
艵	pʲʰɛŋ1/pʰieŋ1	
艷	jɛm3/jiem3	
艸	tsʰɑw2/tsʰɑu2	
艻	lɨk4/lək4	
艼	tʲʰɛŋ1/tʰieŋ1	
艼	tʲʰɛŋ2/tʰieŋ2	
艽	ɡˠwi1/ɡɨui1	
艽	ɡˠɨw1/ɡɨu̯1	
艾	ɴɑj3/ŋɑi3	
艾	ŋˠɛj3/ŋɨei3	
艿	ɲɨŋ1/ɲʒiŋ1	
芀	tʲɛw1/tieu1	
芀	dʲɛw1/dieu1	
芃	vuŋ1/bvuŋ1	
芃	bɨwŋ1/buŋ1	
芄	ʁwɑn1/ɦuon1	
芅	jɨk4/jik4	
芆	tʂʰaj1/tʂʰɯai1	
芇	mɑn1/muon1	
芇	mʲɛn1/mien1	
芇	mʲɛn2/mien2	
芊	tsʲʰɛn1/tsʰien1	
芊	tsʲʰɛn3/tsʰien3	
芋	ɰu1/ɨ̯u1	
芋	ɰu3/ɨ̯u3	
芍	ɣʲɛw3/ɦieu3	
芍	ʑɑk4/ʒɨɔk4	
芍	tsʲʰɑk4/tsʰɨɔk4	
芍	ʈˠɑk4/ʈɨɔk4	
芍	tʲɛk4/tiek4	
芎	kˠʰɨwŋ1/kʰɨuŋ1	
芏	tʰu2/tʰu2	
芐	ʁu3/ɦu3	
芐	ʁa3/ɦɯa3	
芑	kˠʰi2/kʰɨi̯2	
芒	ɱɑŋ1/mvuɔŋ1	
芒	mɑŋ1/muɔŋ1	
芓	dzi3/dzi3	
芔	xˠwi3/hɨui3	
芘	bʲi1/bi1	
芘	bʲi3/bi3	
芙	vu1/bvu1	
芚	dwɨn1/dun1	
芛	jwi2/jyi̯2	
芛	jwit4/jyt4	
芝	tɕi1/tʃi1	
芟	ʂam1/ʂɯam1	
芡	ɡˠɛm3/ɡɨem3	
芣	vɨw1/bvuəu1	
芥	qaj3/kɯai3	
芧	ɖˠɨ3/ɖɨ̯u3	
芨	kˠip4/kɨp4	
芩	ɡˠim1/ɡɨm1	
芪	ɡʲi1/ɡi1	
芫	ŋˠwɛn1/ŋʉon1	
芬	fʰun1/pfʰun1	
芭	pa1/pua1	
芮	ɲwɛj3/ɲʒyei3	
芰	ɡˠi3/ɡɨi̯3	
花	χwa1/hua1	
芳	fʰɑŋ1/pfʰuɔŋ1	
芴	ɱut4/mvut4	
芵	kʲwɛt4/kyet4	
芷	tɕi2/tʃi2	
芸	ɰun1/ɨun1	
芹	ɡˠin1/ɡɨn1	
芺	ʔˠɛw2/ʔɨeu2	
芺	ʔɑw2/ʔɑu2	
芻	tʂʰu1/tʂʰʅu1	
芼	mɑw1/muɔu1	
芼	mɑw3/muɔu3	
芽	ɴa1/ŋɯa1	
芾	fi3/pfi3	
芾	pɑj3/puoi3	
芾	fut4/pfut4	
芿	ɲɨŋ3/ɲʒiŋ3	
苀	qɑŋ1/kɑŋ1	
苀	ʁɑŋ1/ɦɑŋ1	
苑	ʔˠwɛn2/ʔʉon2	
苒	ɲɛm2/ɲʒiem2	
苓	lʲɛŋ1/lieŋ1	
苔	dɑj1/dɑi1	
苕	dʲɛw1/dieu1	
苖	ʈˠʰɨwk4/ʈʰɨuk4	
苖	dʲɛk4/diek4	
苗	mˠɛw1/mɨeu1	
苘	kʲʰwɛŋ2/kʰyeŋ2	
苙	ɡˠip4/ɡɨp4	
苙	lˠip4/ɭip4	
苛	ʁɑ1/ɦɑ1	
苜	mɨwk4/mvuk4	
苝	bɑj3/buoi3	
苞	paw1/puau1	
苟	qɨw2/kəu2	
苡	ji2/ji2	
苢	ji2/ji2	
苣	ɡˠɨ3/ɡɨ̯u3	
若	ɲa1/ɲʒia1	
若	ɲa2/ɲʒia2	
若	ɲɑk4/ɲʒɨɔk4	
苦	qʰu2/kʰu2	
苦	qʰu3/kʰu3	
苧	ɖˠɨ3/ɖɨ̯u3	
苨	nʲɛj2/niei2	
苪	pˠɛŋ2/pɨeŋ2	
苫	ɕɛm1/ʃiem1	
苫	ɕɛm3/ʃiem3	
苬	zʲɨw1/ziu̯1	
苭	ʔʲɛw2/ʔieu2	
苮	sʲɛn1/sien1	
苯	pɨn2/pun2	
苰	ʁwɨŋ1/ɦuəŋ1	
英	ʔˠɛŋ1/ʔɨeŋ1	
苳	tɨwŋ1/tuŋ1	
苴	tsʲʰɨ1/tsʰɨ̯u1	
苴	tsʲɨ1/tsɨ̯u1	
苴	dʐa1/dʐɯa1	
苴	tsʲɨ2/tsɨ̯u2	
苵	dʲɛt4/diet4	
苶	nʲɛt4/niet4	
苶	ɲɛt4/ɲʒiet4	
苶	nʲɛp4/niep4	
苷	qɑm1/kɑm1	
苸	χu1/hu1	
苹	bˠɛŋ1/bɨeŋ1	
苺	mɨw3/muəu3	
苻	vu1/bvu1	
苽	qu1/ku1	
苾	bʲit4/bit4	
苾	bʲɛt4/biet4	
茀	fi3/pfi3	
茀	fʰut4/pfʰut4	
茁	ʈˠwit4/ʈyt4	
茁	tʂwat4/tʂuat4	
茁	tʂwɛt4/tʂʯet4	
茂	mu3/mu3	
茂	mɨw3/muəu3	老
范	vɛm3/bvuɐm3	
茄	ɡˠɑ1/ɡɨɔ1	
茄	qa1/kɯa1	
茅	maw1/muau1	
茆	maw2/muau2	
茆	lˠɨw2/ɭiu̯2	
茇	pɑt4/puot4	
茇	bɑt4/buot4	
茈	dzi1/dzi1	
茈	dʐaj1/dʐɯai1	
茈	tsi2/tsi2	
茋	tɕi2/tʃi2	
茍	kˠɨk4/kɨk4	
茖	qɛk4/kɯɛk4	
茗	mʲɛŋ2/mieŋ2	
茙	ɲɨwŋ1/ɲʒɨuŋ1	
茛	qɨn3/kən3	
茜	tsʲʰɛn3/tsʰien3	
茝	tɕi2/tʃi2	
茝	tɕʰɛj2/tʃʰiei2	
茞	ʑin1/dʒin1	
茠	χɑw1/hɑu1	
茡	dzi3/dzi3	
茢	lˠɛt4/ɭiet4	
茥	kʲwɛj1/kyei1	
茥	kʲʰwɛj1/kʰyei1	
茨	dzi1/dzi1	
茩	qɨw2/kəu2	
茪	qwɑŋ1/kuɔŋ1	
茫	mɑŋ1/muɔŋ1	
茬	tʂi1/tʂʅi̯1	
茬	dʐi1/dʐʅi̯1	
茭	qaw1/kɯau1	
茮	tsʲɛw1/tsieu1	
茯	vuk4/bvuk4	
茱	ʑu1/dʒɨ̯u1	
茳	qawŋ1/kɯaŋ1	
茴	ʁwɑj1/ɦuoi1	
茵	ʔʲin1/ʔin1	
茶	ɖa1/ɖɯa1	
茷	pɑj3/puoi3	
茷	vɛj3/bvei3	
茷	vɛt4/bvuɐt4	
茸	ɲuŋ1/ɲʒɨuŋ1	
茹	ɲɨ1/ɲʒɨ̯u1	
茹	ɲɨ2/ɲʒɨ̯u2	
茹	ɲɨ3/ɲʒɨ̯u3	
茺	tɕʰɨwŋ1/tʃʰɨuŋ1	
茻	mɑŋ2/muɔŋ2	
茿	ʈˠɨwk4/ʈɨuk4	
荀	sʲwin1/syn1	
荁	ʁwɑn1/ɦuon1	
荂	xˠu1/hɨ̯u1	
荂	fʰu1/pfʰu1	
荃	tsʲʰwɛn1/tsʰyen1	
荄	qaj1/kɯai1	
荄	qɑj1/kɑi1	
荅	tɑp4/tɑp4	
荇	ʁɛŋ3/ɦɯɛŋ3	
荈	tɕʰwɛn2/tʃʰyen2	
草	tsʰɑw2/tsʰɑu2	
荊	kˠɛŋ1/kɨeŋ1	
荌	ʔɑn3/ʔɑn3	
荍	ɡʲɛw1/ɡieu1	
荎	ɖˠi1/ɖi1	
荎	dʲɛt4/diet4	
荏	ɲim2/ɲʒim2	
荐	dzʲɛn3/dzien3	
荑	ji1/ji1	
荑	dʲɛj1/diei1	
荒	χwɑŋ1/huɔŋ1	
荒	χwɑŋ3/huɔŋ3	
荓	bʲɛŋ1/bieŋ1	
荔	lˠi3/ɭi3	
荔	lʲɛj3/liei3	
荰	du3/du3	
荲	xˠɨwk4/hɨuk4	
荲	ʈˠʰɨwk4/ʈʰɨuk4	
荲	ʈˠʰɨk4/ʈʰik4	
荳	dɨw3/dəu3	
荵	ɲin2/ɲʒin2	
荶	ŋˠim1/ŋɨm1	
荷	ʁɑ1/ɦɑ1	
荷	ʁɑ3/ɦɑ3	
荹	bu1/bu1	
荹	bu3/bu3	
荺	ɰun1/ɨun1	
荺	ɰun2/ɨun2	
荻	dʲɛk4/diek4	
荼	du1/du1	
荼	ʑa1/dʒia1	
荼	ɖa1/ɖɯa1	
荽	sʲwi1/syi̯1	
荾	sʲwi1/syi̯1	
莁	ɱu1/mvu1	
莂	pˠɛt4/pɨet4	
莃	xˠi1/hɨi̯1	
莅	lˠi3/ɭi3	
莆	fu2/pfu2	
莈	mɨt4/mut4	
莉	ɖˠi1/ɖi1	
莉	lʲɛj1/liei1	
莊	tʂɑŋ1/tʂʅɔŋ1	
莋	dzɑk4/dzɑk4	
莌	dwɑt4/duot4	
莌	tʰwɑt4/tʰuot4	
莍	ɡˠɨw1/ɡɨu̯1	
莎	swɑ1/suɔ1	
莏	swɑ1/suɔ1	
莐	ɖˠim1/ɖim1	
莑	fʰuŋ1/pfʰuŋ1	
莒	kˠɨ2/kɨ̯u2	
莓	mɑj1/muoi1	
莓	mɑj3/muoi3	
莓	mɨw3/mvuəu3	
莔	mɛŋ1/muɛŋ1	
莔	xˠit4/hɨt4	
莕	ʁɛŋ3/ɦɯɛŋ3	
莖	ʁɛŋ1/ɦɯɛŋ1	
莖	ʔɛŋ1/ʔɯɛŋ1	
莘	ʂin1/ʂʅᵊn1	
莙	kˠun1/kɨun1	
莙	ɡˠun3/ɡɨun3	
莚	jɛn1/jien1	
莚	jɛn3/jien3	
莛	dʲɛŋ1/dieŋ1	
莛	dʲɛŋ3/dieŋ3	
莜	dʲɛw3/dieu3	
莝	tsʰwɑ3/tsʰuɔ3	
莞	ʁwɑn1/ɦuon1	
莞	qwɑn1/kuon1	
莞	ʁwan3/ɦuan3	
莟	ʁɑm3/ɦɑm3	
莠	jɨw2/jiu̯2	
莡	tsʰɑk4/tsʰɑk4	
莢	kʲɛp4/kiep4	
莣	ɱɑŋ1/mvuɔŋ1	
莤	ʂɨwk4/ʂʅuk4	
莥	ɳˠɨw2/ɳiu̯2	
莦	sʲɛw1/sieu1	
莦	ʂaw1/ʂɯau1	
莧	ʁan3/ɦɯan3	
莨	lɑŋ1/lɑŋ1	
莩	fʰu1/pfʰu1	
莩	bˠɛw3/bɨeu3	
莪	ɴɑ1/ŋɑ1	
莫	mɑk4/muɔk4	
莬	ɱun3/mvun3	
莽	mu2/mu2	
莽	mɑŋ2/muɔŋ2	
莽	mɨw2/muəu2	
莿	tsʰi3/tsʰi3	
菀	ʔˠwɛn2/ʔʉon2	
菀	ʔˠut4/ʔɨut4	
菁	tsʲɛŋ1/tsieŋ1	
菄	tɨwŋ1/tuŋ1	
菅	qan1/kɯan1	
菆	dzwɑn1/dzuon1	
菆	tʂɨw1/tʂʅᵊu1	
菆	tʂʰu3/tʂʰʅu3	
菈	lɑp4/lɑp4	
菉	lˠuk4/ɭɨuk4	
菊	kˠɨwk4/kɨuk4	
菋	ɱi3/mvi3	
菌	ɡˠun3/ɡɨun3	
菌	ɡˠwɛn3/ɡʉon3	
菍	nʲɛt4/niet4	
菍	nʲɛp4/niep4	
菎	qwɨn1/kun1	
菏	ʁɑ1/ɦɑ1	
菐	bɨwk4/buk4	
菐	fuk4/pfuk4	
菑	tʂi1/tʂʅi̯1	
菑	tsɑj1/tsɑi1	
菒	qɑw2/kɑu2	
菓	qwɑ2/kuɔ2	
菔	vuk4/bvuk4	
菔	bɨk4/buək4	
菕	lwɨn1/lun1	
菖	tɕʰɑŋ1/tʃʰɨɔŋ1	
菗	ɖˠɨw1/ɖiu̯1	
菘	sʲɨwŋ1/sɨuŋ1	
菙	ʑwi3/ʒyi̯3	
菜	tsʰɑj3/tsʰɑi3	
菝	bɑt4/buot4	
菝	bat4/buat4	
菟	du1/du1	
菟	tʰu3/tʰu3	
菡	ʁɑm3/ɦɑm3	
菢	bɑw3/buɔu3	
菣	kʲʰin3/kʰin3	
菣	kʲʰɛn3/kʰien3	
菤	kˠwɛn2/kʉon2	
菥	si1/si1	
菥	sʲɛk4/siek4	
菦	kˠin2/kɨn2	
菨	tsʲɛp4/tsiep4	
菩	bu1/bu1	
菩	bɑj3/buoi3	
菩	vɨw3/bvuəu3	
菩	bɨk4/buək4	
菬	dzʲɛw1/dzieu1	
菬	tɕɛw2/tʃieu2	
菭	ɖˠi1/ɖi1	
菭	dɑj1/dɑi1	
華	ʁwa1/ɦua1	
華	χwa1/hua1	
華	ʁwa3/ɦua3	
菰	qu1/ku1	
菱	lˠɨŋ1/ɭiŋ1	
菲	fʰi1/pfʰi1	
菲	fʰi2/pfʰi2	
菲	vi3/bvi3	
菳	kˠʰim1/kʰɨm1	
菴	ʔɑm1/ʔɑm1	
菴	ʔˠɛm1/ʔɨem1	
菵	ɱɑŋ2/mvuɔŋ2	
菶	pɨwŋ2/puŋ2	
菶	bɨwŋ3/buŋ3	
菸	ʔˠɨ3/ʔɨ̯u3	
菹	tʂɨ1/tʂʅu1	
菺	kʲɛn1/kien1	
菻	lˠim2/ɭim2	
菼	tʰɑm2/tʰɑm2	
菽	ɕɨwk4/ʃɨuk4	
菾	dʲɛm1/diem1	
菿	tɑw3/tɑu3	
菿	ʈawk4/ʈɯak4	
萀	χu2/hu2	
萁	ɡˠi1/ɡɨi̯1	
萁	kˠi1/kɨi̯1	
萃	dzʲwi3/dzyi̯3	
萄	dɑw1/dɑu1	
萆	bʲɛk4/biek4	
萇	ɖˠɑŋ1/ɖɨɔŋ1	
萈	ʁwɑn1/ɦuon1	
萉	vun1/bvun1	
萉	vi3/bvi3	
萊	lɑj1/lɑi1	
萊	lɑj3/lɑi3	
萋	tsʲʰɛj1/tsʰiei1	
萌	mɛŋ1/muɛŋ1	
萍	bʲɛŋ1/bieŋ1	
萎	ʔˠwi1/ʔɨui1	
萎	ʔˠwi3/ʔɨui3	
萏	dɑm3/dɑm3	
萐	ʂɛp4/ʂʅep4	
萐	ʂap4/ʂɯap4	
萑	tɕwi1/tʃyi̯1	
萩	tsʲʰɨw1/tsʰiu̯1	
萪	qʰwɑ1/kʰuɔ1	
萫	xˠɑŋ3/hɨɔŋ3	
萬	ɱɛn3/mvuɐn3	
萭	ɰu2/ɨ̯u2	
萭	kˠu2/kɨ̯u2	
萮	ju1/jɨ̯u1	
萯	vɨw3/bvuəu3	
萰	lʲɛn3/lien3	
萱	xˠwɛn1/hʉon1	
萳	nɑm2/nɑm2	
萴	dʐɨk4/dʐʅᵊk4	
萴	tʂɨk4/tʂʅᵊk4	
萸	ju1/jɨ̯u1	
萹	pʲɛn1/pien1	
萹	pʲʰɛn1/pʰien1	
萹	pʲɛn2/pien2	
萺	mɨwk4/mvuk4	
萺	mɨwk4/muk4	
萼	ɴɑk4/ŋɑk4	
落	lɑk4/lɑk4	
萿	qwɑt4/kuot4	
葀	qwɑt4/kuot4	
葃	dzɑk4/dzɑk4	
葃	dʐɛk4/dʐɯɛk4	
葃	dzʲɛk4/dziek4	
葆	pɑw2/puɔu2	
葇	ɲɨw1/ɲʒiu̯1	
葇	ɲɨw2/ɲʒiu̯2	
葉	jɛp4/jiep4	
葉	ɕɛp4/ʃiep4	
葋	ɡˠu1/ɡɨ̯u1	
葌	qan1/kɯan1	
葍	fuk4/pfuk4	
葎	lˠwit4/ɭyt4	
葏	tsʲɛn1/tsien1	
葐	vun1/bvun1	
葐	bɨn1/bun1	
葑	fuŋ1/pfuŋ1	
葑	fuŋ3/pfuŋ3	
葒	ʁɨwŋ1/ɦuŋ1	
葓	ʁɨwŋ1/ɦuŋ1	
葔	ʁɨw1/ɦəu1	
葖	dwɨt4/dut4	
著	ɖˠɨ1/ɖɨ̯u1	
著	ʈˠɨ2/ʈɨ̯u2	
著	ʈˠɨ3/ʈɨ̯u3	
著	ʈˠɑk4/ʈɨɔk4	
著	ɖˠɑk4/ɖɨɔk4	
葙	sʲɑŋ1/sɨɔŋ1	
葚	ʑim3/ʒim3	
葛	qɑt4/kɑt4	
葝	ɡˠɛŋ1/ɡɨeŋ1	
葝	ɡʲɛŋ1/ɡieŋ1	
葞	mʲi2/mi2	
葟	ʁwɑŋ1/ɦuɔŋ1	
董	tɨwŋ2/tuŋ2	
葤	ɖˠɨw3/ɖiu̯3	
葥	tsʲɛn3/tsien3	
葦	ɰwi2/ɨui2	
葨	ʔwɑj1/ʔuoi1	
葩	pʰa1/pʰua1	
葫	ʁu1/ɦu1	
葫	χu1/hu1	
葬	tsɑŋ3/tsɑŋ3	
葭	qa1/kɯa1	
葯	ʔawk4/ʔɯak4	
葯	ʔˠɑk4/ʔɨɔk4	
葰	sʲwi1/syi̯1	
葰	swɑ2/suɔ2	
葰	ʂwa2/ʂua2	
葲	dzʲwɛn1/dzyen1	
葳	ʔˠwi1/ʔɨui1	
葴	tɕim1/tʃim1	
葵	ɡʲwi1/ɡyi̯1	
葶	dʲɛŋ1/dieŋ1	
葶	tʲɛŋ2/tieŋ2	
葷	xˠun1/hɨun1	
葸	si2/si2	
葹	ɕi1/ʃi1	
葺	tsʲʰip4/tsʰip4	
葺	tsʲip4/tsip4	
葻	lɑm1/lɑm1	
葼	tsɨwŋ1/tsuŋ1	
葽	ʔʲɛw1/ʔieu1	
葽	ʔʲɛw2/ʔieu2	
葽	ʔʲɛw3/ʔieu3	
葾	ʔˠwɛn1/ʔʉon1	
葿	mˠi1/mɨi̯1	
蒁	ɰut4/ɨut4	
蒐	ʂɨw1/ʂʅᵊu1	
蒒	ʂi1/ʂʅi̯1	
蒓	ʑwin1/dʒyn1	
蒔	ʑi1/dʒi1	
蒔	ʑi3/ʒi3	
蒕	ʔˠun1/ʔɨun1	
蒖	tɕin1/tʃin1	
蒗	lɑŋ3/lɑŋ3	
蒘	ɳˠɨ1/ɳɨ̯u1	
蒘	ɳa1/ɳɯa1	
蒙	mɨwŋ1/muŋ1	
蒚	ʁɛk4/ɦɯɛk4	
蒚	lʲɛk4/liek4	
蒛	kʲʰwɛt4/kʰyet4	
蒜	swɑn3/suon3	
蒝	ŋˠwɛn1/ŋʉon1	
蒟	kˠu2/kɨ̯u2	
蒟	kˠu3/kɨ̯u3	
蒠	sʲɨk4/sik4	
蒡	bɛŋ1/buɛŋ1	
蒡	pɑŋ2/puɔŋ2	
蒢	ɖˠɨ1/ɖɨ̯u1	
蒤	du1/du1	
蒥	lˠɨw1/ɭiu̯1	
蒨	tsʲʰɛn3/tsʰien3	
蒩	tsʲʰɨ1/tsʰɨ̯u1	
蒩	tsu1/tsu1	
蒩	tsu2/tsu2	
蒪	pʰɑk4/pʰuɔk4	
蒫	tsi1/tsi1	
蒫	dzɑ1/dzɑ1	
蒫	tsʲa1/tsia1	
蒬	ʔˠwɛn1/ʔʉon1	
蒮	jɨwk4/jɨuk4	
蒯	qʰwaj3/kʰuai3	
蒱	bu1/bu1	
蒲	bu1/bu1	
蒳	nɑp4/nɑp4	
蒴	ʂawk4/ʂɯak4	
蒵	ɣʲɛj1/ɦiei1	
蒵	ɣʲɛj3/ɦiei3	
蒸	tɕɨŋ1/tʃiŋ1	
蒹	kʲɛm1/kiem1	
蒺	dzʲit4/dzit4	
蒻	ɲɑk4/ɲʒɨɔk4	
蒼	tsʰɑŋ1/tsʰɑŋ1	
蒼	tsʰɑŋ2/tsʰɑŋ2	
蒿	χɑw1/hɑu1	
蓀	swɨn1/sun1	
蓁	tʂin1/tʂʅᵊn1	
蓂	mʲɛŋ1/mieŋ1	
蓂	mʲɛk4/miek4	
蓄	xˠɨwk4/hɨuk4	
蓄	ʈˠʰɨwk4/ʈʰɨuk4	
蓆	zʲɛk4/ziek4	
蓇	qwɨt4/kut4	
蓈	lɑŋ1/lɑŋ1	
蓉	juŋ1/jɨuŋ1	
蓊	ʔɨwŋ1/ʔuŋ1	
蓊	ʔɨwŋ2/ʔuŋ2	
蓋	qɑj3/kɑi3	
蓋	ʁɑp4/ɦɑp4	
蓋	qɑp4/kɑp4	
蓍	ɕi1/ʃi1	
蓎	dɑŋ1/dɑŋ1	
蓏	lwɑ2/luɔ2	
蓐	ɲuk4/ɲʒɨuk4	
蓑	swɑj1/suoi1	
蓑	swɑ1/suɔ1	
蓒	xˠɛn1/hɨen1	
蓓	bɑj3/buoi3	
蓖	pʲɛj1/piei1	
蓧	tʲʰɛw1/tʰieu1	
蓧	dʲɛk4/diek4	
蓨	tʲʰɛk4/tʰiek4	
蓩	mɑw2/muɔu2	
蓩	mɨwk4/muk4	
蓪	tʰɨwŋ1/tʰuŋ1	
蓫	ɖˠɨwk4/ɖɨuk4	
蓫	xˠɨwk4/hɨuk4	
蓫	ʈˠʰɨwk4/ʈʰɨuk4	
蓬	bɨwŋ1/buŋ1	
蓮	lʲɛn1/lien1	
蓮	lˠɛn2/ɭien2	
蓯	tsɨwŋ2/tsuŋ2	
蓱	bʲɛŋ1/bieŋ1	
蓲	ʔˠu1/ʔɨ̯u1	
蓲	kˠʰɨw1/kʰɨu̯1	
蓲	ʔɨw1/ʔəu1	
蓲	ʔˠu3/ʔɨ̯u3	
蓴	ʑwin1/dʒyn1	
蓶	jwi1/jyi̯1	
蓶	jwi2/jyi̯2	
蓷	tɕʰwi1/tʃʰyi̯1	
蓷	tʰwɑj1/tʰuoi1	
蓸	dzɑw1/dzɑu1	
蓺	ŋʲɛj3/ŋiei3	
蓻	tsʲip4/tsip4	
蓼	lʲɛw2/lieu2	
蓼	lˠɨwk4/ɭɨuk4	
蓽	pʲit4/pit4	
蓾	lu2/lu2	
蓿	sʲɨwk4/sɨuk4	
蔀	bɨw3/buəu3	
蔀	pʰɨw2/pʰuəu2	
蔁	tɕɑŋ1/tʃɨɔŋ1	
蔄	man3/muan3	
蔄	lɨw3/ləu3	
蔆	lˠɨŋ1/ɭiŋ1	
蔇	kˠi3/kɨi̯3	
蔈	pʲɛw1/pieu1	
蔉	qwɨn2/kun2	
蔊	χɑn2/hɑn2	
蔋	dʲɛk4/diek4	
蔌	sɨwk4/suk4	
蔍	lɨwk4/luk4	
蔎	ɕɛt4/ʃiet4	
蔏	ɕɑŋ1/ʃɨɔŋ1	
蔑	mʲɛt4/miet4	
蔓	mɑn1/muon1	
蔓	ɱɛn3/mvuɐn3	
蔔	bɨk4/buək4	
蔕	tʲɛj3/tiei3	
蔖	dzɑ1/dzɑ1	
蔖	tsʰu2/tsʰu2	
蔗	tɕa3/tʃia3	
蔘	ʂim1/ʂʅᵊm1	
蔘	sɑm1/sɑm1	
蔚	ʔˠwi3/ʔɨui3	
蔚	ʔˠut4/ʔɨut4	
蔛	ʁɨwk4/ɦuk4	
蔜	ɴɑw1/ŋɑu1	
蔝	mʲɛj2/miei2	
蔞	lˠu1/ɭɨ̯u1	
蔞	lɨw1/ləu1	
蔞	lˠu2/ɭɨ̯u2	
蔟	tsʰɨw3/tsʰəu3	
蔟	tsʰɨwk4/tsʰuk4	
蔠	tɕɨwŋ1/tʃɨuŋ1	
蔡	tsʰɑj3/tsʰɑi3	
蔢	bɑ1/buɔ1	
蔣	tsʲɑŋ1/tsɨɔŋ1	
蔣	tsʲɑŋ2/tsɨɔŋ2	
蔤	mˠit4/mɨt4	
蔥	tsʰɨwŋ1/tsʰuŋ1	
蔦	tʲɛw2/tieu2	
蔦	tʲɛw3/tieu3	
蔧	zʲwi3/zyi̯3	
蔨	ɡˠun3/ɡɨun3	
蔨	ɡˠwɛn3/ɡʉon3	
蔩	ji1/ji1	
蔩	jin1/jin1	
蔩	jɛn2/jien2	
蔪	dzʲɛm3/dziem3	
蔫	ʔˠɛn1/ʔɨen1	
蔬	ʂɨ1/ʂʅu1	
蔭	ʔˠim3/ʔɨm3	
蔮	qwɑj3/kuoi3	
蔱	ʂɛj3/ʂʅei3	
蔱	ʂat4/ʂɯat4	
蔻	χɨw3/həu3	
蔽	pʲɛj3/piei3	
蔾	lˠi1/ɭi1	
蔾	lʲɛj1/liei1	
蔿	ɰwi2/ɨui2	
蕀	kˠɨk4/kɨk4	
蕁	dɑm1/dɑm1	
蕂	ɕɨŋ3/ʃiŋ3	
蕃	vɛn1/bvuɐn1	
蕃	fɛn1/pfuɐn1	
蕄	mɛŋ1/muɛŋ1	
蕄	mɨŋ1/muəŋ1	
蕅	ɴɨw2/ŋəu2	
蕆	ʈˠʰɛn2/ʈʰien2	
蕇	tʲɛn2/tien2	
蕈	dzʲim3/dzim3	
蕉	tsʲɛw1/tsieu1	
蕊	ɲwi2/ɲʒyi̯2	
蕍	ju1/jɨ̯u1	
蕎	kˠɛw1/kɨeu1	
蕎	ɡˠɛw1/ɡɨeu1	
蕒	maj2/muai2	
蕓	ɰun1/ɨun1	
蕕	jɨw1/jiu̯1	
蕖	ɡˠɨ1/ɡɨ̯u1	
蕘	ɲɛw1/ɲʒieu1	
蕙	ɣʲwɛj3/ɦyei3	
蕛	dʲɛj1/diei1	
蕝	tsʲwɛj3/tsyei3	
蕝	tsʲwɛt4/tsyet4	
蕞	dzwɑj3/dzuoi3	
蕠	ɲɨ1/ɲʒɨ̯u1	
蕡	vun1/bvun1	
蕢	ɡˠwi3/ɡɨui3	
蕢	qʰwaj3/kʰuai3	
蕣	ɕwin3/ʃyn3	
蕤	ɲwi1/ɲʒyi̯1	
蕦	sʲu1/sɨ̯u1	
蕧	vuk4/bvuk4	
蕧	fʰuk4/pfʰuk4	
蕨	kˠwɛt4/kʉot4	
蕩	dɑŋ3/dɑŋ3	
蕩	tʰɑŋ3/tʰɑŋ3	
蕪	ɱu1/mvu1	
蕫	dɨwŋ1/duŋ1	
蕫	tɨwŋ2/tuŋ2	
蕬	si1/si1	
蕭	sʲɛw1/sieu1	
蕮	sʲɛk4/siek4	
蕳	qan1/kɯan1	
蕵	swɨn1/sun1	
蕶	lʲɛŋ1/lieŋ1	
蕷	jɨ3/jɨ̯u3	
蕸	ʁa1/ɦɯa1	
蕺	tʂip4/tʂʅᵊp4	
蕻	ʁɨwŋ3/ɦuŋ3	
蕼	si3/si3	
蕾	lwɑj2/luoi2	
薀	ʔwɨn1/ʔun1	
薀	ʔˠun2/ʔɨun2	
薀	ʔˠun3/ʔɨun3	
薁	ʔˠɨwk4/ʔɨuk4	
薂	ɣʲɛk4/ɦiek4	
薃	ʁɑw3/ɦɑu3	
薄	bɑk4/buɔk4	
薅	χɑw1/hɑu1	
薆	ʔɑj3/ʔɑi3	
薇	mˠi1/mɨi̯1	
薇	ɱi1/mvi1	
薈	ʔwɑj3/ʔuoi3	
薉	ʔˠwɛj3/ʔʉoi3	
薊	kʲɛj3/kiei3	
薋	dzi1/dzi1	
薌	xˠɑŋ1/hɨɔŋ1	
薍	ɴwan3/ŋuan3	
薏	ʔˠɨk4/ʔɨk4	
薑	kˠɑŋ1/kɨɔŋ1	
薒	tsʰɑn3/tsʰɑn3	
薓	ʂim1/ʂʅᵊm1	
薔	dzʲɑŋ1/dzɨɔŋ1	
薔	ʂɨk4/ʂʅᵊk4	
薕	lˠɛm1/ɭiem1	
薕	lʲɛm1/liem1	
薖	qʰwɑ1/kʰuɔ1	
薘	dɑt4/dɑt4	
薙	zi3/zi3	
薙	ɖˠi3/ɖi3	
薙	tʲʰɛj3/tʰiei3	
薚	tʰɑŋ1/tʰɑŋ1	
薛	sʲɛt4/siet4	
薜	bʲɛj3/biei3	
薜	pɛk4/puɛk4	
薟	lˠɛm1/ɭiem1	
薟	lˠɛm2/ɭiem2	
薠	vɛn1/bvuɐn1	
薡	tʲɛŋ2/tieŋ2	
薢	qaj1/kɯai1	
薢	qaj2/kɯai2	
薢	qaj3/kɯai3	
薤	ʁaj3/ɦɯai3	
薦	tsʲɛn3/tsien3	
薧	χɑw1/hɑu1	
薧	qʰɑw2/kʰɑu2	
薨	χwɨŋ1/huəŋ1	
薩	sɑt4/sɑt4	
薪	sʲin1/sin1	
薯	ʑɨ3/ʒɨ̯u3	
薰	xˠun1/hɨun1	
薰	xˠun3/hɨun3	
薱	dwɑj3/duoi3	
薲	bʲin1/bin1	
薳	ɰwi2/ɨui2	
薴	ɳɛŋ1/ɳɯɛŋ1	
薵	ɖˠɨw1/ɖiu̯1	
薶	maj1/muai1	
薸	bʲɛw1/bieu1	
薹	dɑj1/dɑi1	
薺	dzi1/dzi1	
薺	dzʲɛj3/dziei3	
薻	tsɑw2/tsɑu2	
薽	tɕin1/tʃin1	
薽	kʲɛn1/kien1	
薾	nʲɛj2/niei2	
薿	ŋˠi2/ŋɨi̯2	
薿	ŋˠɨk4/ŋɨk4	
藁	qɑw2/kɑu2	
藂	dzɨwŋ1/dzuŋ1	
藃	xˠɛw1/hɨeu1	
藃	χaw1/hɯau1	
藃	χɑw3/hɑu3	
藄	ɡˠi1/ɡɨi̯1	
藅	vɛt4/bvuɐt4	
藆	kˠɛn2/kɨen2	
藇	jɨ1/jɨ̯u1	
藇	sʲɨ1/sɨ̯u1	
藇	jɨ2/jɨ̯u2	
藇	zʲɨ3/zɨ̯u3	
藇	jɨ3/jɨ̯u3	
藈	kʲʰwɛj1/kʰyei1	
藉	dzʲa3/dzia3	
藉	dzʲɛk4/dziek4	
藋	dʲɛw3/dieu3	
藍	lɑm1/lɑm1	
藎	dzʲin3/dzin3	
藏	dzɑŋ1/dzɑŋ1	
藏	dzɑŋ3/dzɑŋ3	
藐	mʲɛw2/mieu2	
藐	mawk4/muak4	
藑	ɡʲwɛŋ1/ɡyeŋ1	
藒	kˠʰɛt4/kʰɨet4	
藕	ɴɨw2/ŋəu2	
藖	ʁan1/ɦɯan1	
藖	ʁan3/ɦɯan3	
藗	sɨwk4/suk4	
藘	lˠɨ1/ɭɨ̯u1	
藙	ŋˠi3/ŋɨi̯3	
藚	zʲuk4/zɨuk4	
藜	lʲɛj1/liei1	
藝	ŋʲɛj3/ŋiei3	
藞	la2/ɭɯa2	
藟	lˠwi2/ɭyi̯2	
藣	pˠi1/pɨi̯1	
藣	pˠi3/pɨi̯3	
藤	dɨŋ1/dəŋ1	
藥	jɑk4/jɨɔk4	
藨	pˠɛw1/pɨeu1	
藨	pʰɑw1/pʰuɔu1	
藨	bˠɛw3/bɨeu3	
藩	vɛn1/bvuɐn1	
藩	fɛn1/pfuɐn1	
藪	sɨw2/səu2	
藫	dɑm1/dɑm1	
藬	tʰwɑj1/tʰuoi1	
藭	ɡˠɨwŋ1/ɡɨuŋ1	
藶	lʲɛk4/liek4	
藷	tɕɨ1/tʃɨ̯u1	
藷	ʑɨ3/ʒɨ̯u3	
藸	ʈˠɨ1/ʈɨ̯u1	
藸	ɖˠɨ1/ɖɨ̯u1	
藹	ʔɑj3/ʔɑi3	
藺	lˠin3/ɭin3	
藻	tsɑw2/tsɑu2	
藾	lɑj3/lɑi3	
藿	χwɑk4/huɔk4	
蘀	tʰɑk4/tʰɑk4	
蘂	ɲwi2/ɲʒyi̯2	
蘄	ɡˠi1/ɡɨi̯1	
蘄	kˠi1/kɨi̯1	
蘄	ɡˠin1/ɡɨn1	
蘅	ʁɛŋ1/ɦɯɛŋ1	
蘆	lˠɨ1/ɭɨ̯u1	
蘆	lu1/lu1	
蘇	su1/su1	
蘈	dwɑj1/duoi1	
蘉	mɑŋ1/muɔŋ1	
蘊	ʔˠun1/ʔɨun1	
蘊	ʔˠun2/ʔɨun2	
蘋	bʲin1/bin1	
蘌	ŋˠɨ2/ŋɨ̯u2	
蘘	ɲɑŋ1/ɲʒɨɔŋ1	
蘙	ʔʲɛj3/ʔiei3	
蘚	sʲɛn2/sien2	
蘛	ju1/jɨ̯u1	
蘛	jɨwk4/jɨuk4	
蘜	kˠɨwk4/kɨuk4	
蘞	lˠɛm1/ɭiem1	
蘞	xˠɛm1/hɨem1	
蘞	lˠɛm2/ɭiem2	
蘠	dzʲɑŋ1/dzɨɔŋ1	
蘡	ʔʲɛŋ1/ʔieŋ1	
蘢	lɨwŋ1/luŋ1	
蘢	lˠuŋ1/ɭɨuŋ1	
蘣	tʰɨw2/tʰəu2	
蘤	ɰwi2/ɨui2	
蘥	jɑk4/jɨɔk4	
蘦	lʲɛŋ1/lieŋ1	
蘧	ɡˠɨ1/ɡɨ̯u1	
蘧	ɡˠu1/ɡɨ̯u1	
蘨	jɛw1/jieu1	
蘨	jɨw1/jiu̯1	
蘩	vɛn1/bvuɐn1	
蘪	mˠi1/mɨi̯1	
蘫	lɑm1/lɑm1	
蘫	χɑm3/hɑm3	
蘬	kˠʰwi1/kʰɨui1	
蘬	kˠʰwi2/kʰɨui2	
蘭	lɑn1/lɑn1	
蘮	kˠɛj3/kɨei3	
蘱	lˠwi3/ɭyi̯3	
蘱	lwɑj3/luoi3	
蘳	xʲwi1/hyi̯1	
蘳	ʁwa3/ɦua3	
蘴	fʰuŋ1/pfʰuŋ1	
蘸	tʂam3/tʂɯam3	
蘺	lˠi1/ɭi1	
蘻	kʲɛj3/kiei3	
蘼	mˠi1/mɨi̯1	
蘼	mˠi2/mɨi̯2	
蘽	lˠwi2/ɭyi̯2	
蘾	ʁwaj3/ɦuai3	
蘿	lɑ1/lɑ1	
虂	lu3/lu3	
虃	tsʲɛm1/tsiem1	
虆	lˠwi1/ɭyi̯1	
虇	kˠʰwɛn2/kʰʉon2	
虇	kˠʰwɛn3/kʰʉon3	
虉	ɴɛk4/ŋɯɛk4	
虉	ŋʲɛk4/ŋiek4	
虋	mɨn1/mun1	
虌	pʲɛt4/piet4	
虍	χu1/hu1	
虎	χu2/hu2	
虐	ŋˠɑk4/ŋɨɔk4	
虒	si1/si1	
虓	χaw1/hɯau1	
虔	ɡˠɛn1/ɡɨen1	
處	tɕʰɨ2/tʃʰɨ̯u2	
處	tɕʰɨ3/tʃʰɨ̯u3	
虖	xˠu1/hɨ̯u1	
虖	ʁu1/ɦu1	
虖	χu1/hu1	
虘	dzɑ1/dzɑ1	
虙	vuk4/bvuk4	
虛	xˠɨ1/hɨ̯u1	
虛	kˠʰɨ1/kʰɨ̯u1	
虜	lu2/lu2	
虞	ŋˠu1/ŋɨ̯u1	
號	ʁɑw1/ɦɑu1	
號	ʁɑw3/ɦɑu3	
虡	ɡˠɨ3/ɡɨ̯u3	
虢	qwɛk4/kuɛk4	
虣	bɑw3/buɔu3	
虤	ɴan1/ŋɯan1	
虥	dʐan1/dʐɯan1	
虥	dʐan3/dʐɯan3	
虧	kˠʰwi1/kʰɨui1	
虨	pˠin1/pɨn1	
虨	pˠʰin1/pʰɨn1	
虨	pan1/puan1	
虩	xˠɛk4/hɨek4	
虩	ʂɛk4/ʂɯɛk4	
虪	ɕɨwk4/ʃɨuk4	
虫	xˠwi2/hɨui2	
虮	kˠi1/kɨi̯1	
虯	ɡʲɨw1/ɡiu̯1	
虰	ɖɛŋ1/ɖɯɛŋ1	
虰	ʈˠʰɛŋ1/ʈʰieŋ1	
虰	tʲɛŋ1/tieŋ1	
虴	ʈɛk4/ʈɯɛk4	
虵	ji1/ji1	
虵	ʑa1/dʒia1	
虵	ja2/jia2	
虶	ʔˠu1/ʔɨ̯u1	
虷	ʁɑn1/ɦɑn1	
虸	tsi2/tsi2	
虹	ʁɨwŋ1/ɦuŋ1	
虹	qɨwŋ3/kuŋ3	
虹	qawŋ3/kɯaŋ3	
虺	χwaj1/huai1	
虺	χwɑj1/huoi1	
虺	xˠwi2/hɨui2	
蚄	fɑŋ1/pfuɔŋ1	
蚅	ʔɛk4/ʔɯɛk4	
蚆	pʰa1/pʰua1	
蚆	pa1/pua1	
蚇	tɕʰɛk4/tʃʰiek4	
蚈	kʲʰɛn1/kʰien1	
蚊	ɱun1/mvun1	
蚌	bawŋ3/buaŋ3	
蚍	bʲi1/bi1	
蚏	ɰwɛt4/ʉot4	
蚑	ɡʲi1/ɡi1	
蚑	kʲʰi3/kʰi3	
蚓	jin2/jin2	
蚔	ɡʲi1/ɡi1	
蚕	tʲʰɛn2/tʰien2	
蚖	ŋˠwɛn1/ŋʉon1	
蚖	ɴwɑn1/ŋuon1	
蚗	kʲwɛt4/kyet4	
蚘	ʁwɑj1/ɦuoi1	
蚚	ɡˠi1/ɡɨi̯1	
蚚	ʁwɑj3/ɦuoi3	
蚝	tsʰi3/tsʰi3	
蚞	mɨwk4/muk4	
蚟	ɰwɑŋ1/ʉɔŋ1	
蚡	vun1/bvun1	
蚡	vun3/bvun3	
蚢	ʁɑŋ1/ɦɑŋ1	
蚢	ʁɑŋ3/ɦɑŋ3	
蚢	qʰɑŋ3/kʰɑŋ3	
蚣	qɨwŋ1/kuŋ1	
蚣	tɕuŋ1/tʃɨuŋ1	
蚤	tsɑw2/tsɑu2	
蚥	fu2/pfu2	
蚥	vu3/bvu3	
蚨	vu1/bvu1	
蚩	tɕʰi1/tʃʰi1	
蚪	tɨw2/təu2	
蚭	ɳˠi1/ɳi1	
蚯	kˠʰɨw1/kʰɨu̯1	
蚰	jɨw1/jiu̯1	
蚱	tʂɛk4/tʂɯɛk4	
蚲	bˠɛŋ1/bɨeŋ1	
蚳	ɖˠi1/ɖi1	
蚴	ʔʲɨw2/ʔiu̯2	
蚵	ʁɑ1/ɦɑ1	
蚵	qʰɑ3/kʰɑ3	
蚶	χɑm1/hɑm1	
蚸	lʲɛk4/liek4	
蚹	vu3/bvu3	
蚺	ɲɛm1/ɲʒiem1	
蚻	tʂat4/tʂɯat4	
蚼	ɡˠu1/ɡɨ̯u1	
蚼	χɨw2/həu2	
蚿	ɣʲɛn1/ɦien1	
蛀	tɕu3/tʃɨ̯u3	
蛁	tʲɛw1/tieu1	
蛂	bʲɛt4/biet4	
蛃	pˠɛŋ2/pɨeŋ2	
蛄	qu1/ku1	
蛅	ɲɛm1/ɲʒiem1	
蛆	tsʲʰɨ1/tsʰɨ̯u1	
蛆	tsʲɨ1/tsɨ̯u1	
蛇	ji1/ji1	
蛇	tʰɑ1/tʰɑ1	
蛇	ʑa1/dʒia1	
蛈	tʲʰɛt4/tʰiet4	
蛉	lʲɛŋ1/lieŋ1	
蛑	mɨw1/mvuəu1	
蛒	qɛk4/kɯɛk4	
蛓	tsʰi3/tsʰi3	
蛕	ʁwɑj1/ɦuoi1	
蛕	χwɑj2/huoi2	
蛖	mawŋ1/muaŋ1	
蛘	jɑŋ1/jɨɔŋ1	
蛙	ʔwa1/ʔua1	
蛙	ʔwaj1/ʔuai1	老
蛚	lˠɛt4/ɭiet4	
蛛	ʈˠu1/ʈɨ̯u1	
蛜	ʔʲi1/ʔi1	
蛝	ʁan1/ɦɯan1	
蛞	qʰwɑt4/kʰuot4	
蛟	qaw1/kɯau1	
蛡	jɨk4/jik4	
蛢	bʲɛŋ1/bieŋ1	
蛣	kʲʰit4/kʰit4	
蛤	qɑp4/kɑp4	
蛥	ʑɛt4/ʒiet4	
蛦	ji1/ji1	
蛧	ɱɑŋ2/mvuɔŋ2	
蛨	mɛk4/muɛk4	
蛩	ɡˠuŋ1/ɡɨuŋ1	
蛪	kʲʰɛt4/kʰiet4	
蛫	kˠwi2/kɨui2	
蛬	ɡˠuŋ1/ɡɨuŋ1	
蛬	kˠuŋ2/kɨuŋ2	
蛭	tɕit4/tʃit4	
蛭	ʈˠit4/ʈit4	
蛭	tʲɛt4/tiet4	
蛵	xʲɛŋ1/hieŋ1	
蛶	lwɑt4/luot4	
蛶	lˠwɛt4/ɭyet4	
蛷	ɡˠɨw1/ɡɨu̯1	
蛸	sʲɛw1/sieu1	
蛸	ʂaw1/ʂɯau1	
蛹	juŋ2/jɨuŋ2	
蛺	kʲɛp4/kiep4	
蛻	ɕwɛj3/ʃyei3	
蛻	tʰwɑj3/tʰuoi3	
蛻	tʰwɑ3/tʰuɔ3	
蛻	jwɛt4/jyet4	
蛾	ɴɑ1/ŋɑ1	
蛾	ŋˠi2/ŋɨi̯2	
蜀	ʑuk4/ʒɨuk4	
蜁	zʲwɛn1/zyen1	
蜂	bɨwŋ1/buŋ1	
蜂	fʰuŋ1/pfʰuŋ1	
蜃	ʑin3/ʒin3	
蜅	bu1/bu1	
蜅	fu2/pfu2	
蜆	ɣʲɛn3/ɦien3	
蜆	xʲɛn2/hien2	
蜆	kʲʰɛn3/kʰien3	
蜇	ʈˠɛt4/ʈiet4	
蜈	ɴu1/ŋu1	
蜉	vu1/bvu1	
蜉	vɨw1/bvuəu1	老
蜊	lˠi1/ɭi1	
蜋	lˠɑŋ1/ɭɨɔŋ1	
蜋	lɑŋ1/lɑŋ1	
蜍	jɨ1/jɨ̯u1	
蜍	ʑɨ1/dʒɨ̯u1	
蜎	ʔʲwɛn1/ʔyen1	
蜎	ɡʲwɛn3/ɡyen3	
蜏	jɨw2/jiu̯2	
蜏	sʲɨw3/siu̯3	
蜏	jɨw3/jiu̯3	
蜐	kˠɛp4/kɨep4	
蜑	dɑn3/dɑn3	
蜒	jɛn1/jien1	
蜓	dʲɛŋ1/dieŋ1	
蜓	dʲɛn3/dien3	
蜓	dʲɛŋ3/dieŋ3	
蜘	ʈˠi1/ʈi1	
蜙	sʲuŋ1/sɨuŋ1	
蜚	fi2/pfi2	
蜚	vi3/bvi3	
蜛	kˠɨ1/kɨ̯u1	
蜜	mʲit4/mit4	
蜝	ɡˠi1/ɡɨi̯1	
蜟	jɨwk4/jɨuk4	
蜠	kˠʰun1/kʰɨun1	
蜠	ɡˠun3/ɡɨun3	
蜡	tsʲʰɨ3/tsʰɨ̯u3	
蜡	dʐa3/dʐɯa3	
蜢	mɛŋ2/muɛŋ2	
蜣	kˠʰɑŋ1/kʰɨɔŋ1	
蜤	si1/si1	
蜥	sʲɛk4/siek4	
蜦	lˠwin1/ɭyn1	
蜦	lʲɛj3/liei3	
蜧	lʲɛj3/liei3	
蜨	sʲɛp4/siep4	
蜩	dʲɛw1/dieu1	
蜪	tʰɑw1/tʰɑu1	
蜪	dɑw1/dɑu1	
蜫	qwɨn1/kun1	
蜬	ʁɑm1/ɦɑm1	
蜬	qɑm1/kɑm1	
蜭	ʁɑm3/ɦɑm3	
蜮	ɰwɨk4/ʉik4	
蜮	ʁwɨk4/ɦuək4	
蜯	bawŋ3/buaŋ3	
蜰	vi1/bvi1	
蜰	fi2/pfi2	
蜰	vi3/bvi3	
蜱	bʲi1/bi1	
蜱	mʲɛw1/mieu1	
蜲	ʔˠwi1/ʔɨui1	
蜲	ʔˠwi2/ʔɨui2	
蜴	jɛk4/jiek4	
蜷	ɡˠwɛn1/ɡʉon1	
蜸	kʲʰɛn2/kʰien2	
蜹	ɲwɛj3/ɲʒyei3	
蜹	jwɛj3/jyei3	
蜹	ɲwɛt4/ɲʒyet4	
蜺	ŋʲɛj1/ŋiei1	
蜺	ŋʲɛt4/ŋiet4	
蜻	tsʲɛŋ1/tsieŋ1	
蜻	tsʲʰɛŋ1/tsʰieŋ1	
蜼	lˠwi2/ɭyi̯2	
蜼	jwi3/jyi̯3	
蜼	jɨw3/jiu̯3	
蜽	lˠɑŋ2/ɭɨɔŋ2	
蜾	qwɑ2/kuɔ2	
蜿	ʔˠwɛn1/ʔʉon1	
蜿	ʔwɑn1/ʔuon1	
蜿	ʔˠwɛn2/ʔʉon2	
蝀	tɨwŋ1/tuŋ1	
蝀	tɨwŋ2/tuŋ2	
蝁	ʔɑk4/ʔɑk4	
蝂	pan2/puan2	
蝃	tʲɛj3/tiei3	
蝃	tɕwɛt4/tʃyet4	
蝆	jɑŋ2/jɨɔŋ2	
蝌	qʰwɑ1/kʰuɔ1	
蝍	tsʲit4/tsit4	
蝍	tsʲɛt4/tsiet4	
蝍	tsʲɨk4/tsik4	
蝎	ʁɑt4/ɦɑt4	
蝑	sʲɨ1/sɨ̯u1	
蝑	sʲa3/sia3	
蝒	mʲɛn1/mien1	
蝓	ju1/jɨ̯u1	
蝔	qaj1/kɯai1	
蝔	ʁaj1/ɦɯai1	
蝕	ʑɨk4/ʒik4	
蝖	xˠwɛn1/hʉon1	
蝗	ʁwɑŋ1/ɦuɔŋ1	
蝗	ʁwɛŋ1/ɦuɛŋ1	
蝗	ʁwɛŋ3/ɦuɛŋ3	
蝘	ʔˠɛn2/ʔɨen2	
蝘	ʔʲɛn2/ʔien2	
蝙	pʲɛn1/pien1	
蝚	ɲɨw1/ɲʒiu̯1	
蝛	ʔˠwi1/ʔɨui1	
蝜	vɨw3/bvuəu3	
蝝	jwɛn1/jyen1	
蝞	mˠi3/mɨi̯3	
蝟	ɰwi3/ɨui3	
蝠	fuk4/pfuk4	
蝡	ɲwɛn2/ɲʒyen2	
蝣	jɨw1/jiu̯1	
蝤	tsʲɨw1/tsiu̯1	
蝤	dzʲɨw1/dziu̯1	
蝥	ɱu1/mvu1	
蝥	maw1/muau1	
蝥	mɨw1/mvuəu1	
蝥	ɱu3/mvu3	
蝦	ʁa1/ɦɯa1	
蝨	ʂit4/ʂʅᵊt4	
蝩	ɖˠuŋ1/ɖɨuŋ1	
蝪	tʰɑŋ1/tʰɑŋ1	
蝬	tsɨwŋ1/tsuŋ1	
蝭	dʲɛj1/diei1	
蝭	tʲɛj3/tiei3	
蝮	fʰuk4/pfʰuk4	
蝯	ɰwɛn1/ʉon1	
蝰	kʲʰwɛj1/kʰyei1	
蝱	mɛŋ1/muɛŋ1	
蝲	lɑt4/lɑt4	
蝳	dɨwk4/duk4	
蝶	tʲʰɛp4/tʰiep4	
蝶	dʲɛp4/diep4	
蝸	qwa1/kua1	
蝸	qwaj1/kuai1	老
蝹	ʔˠun1/ʔɨun1	
蝹	ʔɑw2/ʔɑu2	
螃	bɑŋ1/buɔŋ1	
螃	pɑŋ2/puɔŋ2	
螃	pɑŋ3/puɔŋ3	
螄	ʂi1/ʂʅi̯1	
螆	tsʰi3/tsʰi3	
螇	ɣʲɛj1/ɦiei1	
螇	kʲʰɛj1/kʰiei1	
螉	ʔɨwŋ1/ʔuŋ1	
螋	ʂu1/ʂʅu1	
螋	ʂɨw1/ʂʅᵊu1	
螌	pan1/puan1	
融	jɨwŋ1/jɨuŋ1	
螐	ʔu1/ʔu1	
螒	ʁɑn3/ɦɑn3	
螓	dzʲin1/dzin1	
螔	ji1/ji1	
螔	si1/si1	
螕	pʲɛj1/piei1	
螖	ʁwat4/ɦuat4	
螗	dɑŋ1/dɑŋ1	
螘	ŋˠi2/ŋɨi̯2	
螙	tu3/tu3	
螚	nɑj3/nɑi3	
螜	ʁɨwk4/ɦuk4	
螝	kˠwi1/kɨui1	
螝	ʁwɑj3/ɦuoi3	
螟	mʲɛŋ1/mieŋ1	
螠	ʔʲi3/ʔi3	
螢	ɣʲwɛŋ1/ɦyeŋ1	
螣	dɨŋ1/dəŋ1	
螣	ɖˠim3/ɖim3	
螣	dɨk4/dək4	
螪	ɕɑŋ1/ʃɨɔŋ1	
螫	ɕɛk4/ʃiek4	
螬	dzɑw1/dzɑu1	
螭	ʈˠʰi1/ʈʰi1	
螮	tʲɛj3/tiei3	
螯	ɴɑw1/ŋɑu1	
螰	lɨwk4/luk4	
螱	ʔˠwi3/ʔɨui3	
螲	ʈˠit4/ʈit4	
螳	dɑŋ1/dɑŋ1	
螵	bʲɛw1/bieu1	
螵	pʲʰɛw1/pʰieu1	
螶	ɡˠɨ1/ɡɨ̯u1	
螷	bʲi1/bi1	
螷	bɛŋ3/buɛŋ3	
螸	ju1/jɨ̯u1	
螹	dzʲɛm1/dziem1	
螹	dzʲɛm3/dziem3	
螺	lwɑ1/luɔ1	
螻	lɨw1/ləu1	
螼	kʲʰin2/kʰin2	
螼	kʲʰin3/kʰin3	
螽	tɕɨwŋ1/tʃɨuŋ1	
螾	jin1/jin1	
螾	jin2/jin2	
螿	tsʲɑŋ1/tsɨɔŋ1	
蟀	ʂwit4/ʂʯᵊt4	
蟁	ɱun1/mvun1	
蟂	kʲɛw1/kieu1	
蟃	ɱɛn3/mvuɐn3	
蟄	ɖˠip4/ɖip4	
蟆	ma1/mua1	
蟈	qwɛk4/kuɛk4	
蟉	ɡʲɨw1/ɡiu̯1	
蟉	lˠɨw1/ɭiu̯1	
蟉	ɡʲɨw3/ɡiu̯3	
蟊	mɨw1/mvuəu1	
蟋	sʲit4/sit4	
蟋	ʂit4/ʂʅᵊt4	
蟌	tsʰɨwŋ1/tsʰuŋ1	
蟍	lˠi1/ɭi1	
蟒	mɑŋ2/muɔŋ2	
蟓	zʲɑŋ3/zɨɔŋ3	
蟓	ɕɑŋ3/ʃɨɔŋ3	
蟗	tsʲʰɨw1/tsʰiu̯1	
蟙	tɕɨk4/tʃik4	
蟚	bɛŋ1/buɛŋ1	
蟜	ɡˠɛw1/ɡɨeu1	
蟜	kˠɛw2/kɨeu2	
蟝	ɡˠɨ1/ɡɨ̯u1	
蟟	lʲɛw1/lieu1	
蟠	vɛn1/bvuɐn1	
蟠	bɑn1/buon1	
蟡	ʔˠwi1/ʔɨui1	
蟡	kˠwi2/kɨui2	
蟢	xˠi2/hɨi̯2	
蟣	ɡˠi1/ɡɨi̯1	
蟣	kˠi2/kɨi̯2	
蟤	tʂwɛn1/tʂʯen1	
蟥	ʁwɑŋ1/ɦuɔŋ1	
蟦	vi1/bvi1	
蟦	vi3/bvi3	
蟧	lʲɛw1/lieu1	
蟧	lɑw1/lɑu1	
蟨	kˠwɛt4/kʉot4	
蟩	kˠwɛt4/kʉot4	
蟪	ɣʲwɛj3/ɦyei3	
蟫	jim1/jim1	
蟫	dɑm1/dɑm1	
蟬	ʑɛn1/dʒien1	
蟭	tsʲɛw1/tsieu1	
蟯	ɲɛw1/ɲʒieu1	
蟯	ʔʲɛw1/ʔieu1	
蟰	sʲɛw1/sieu1	
蟰	sʲɨwk4/sɨuk4	
蟲	ɖˠɨwŋ1/ɖɨuŋ1	
蟲	ɖˠɨwŋ3/ɖɨuŋ3	
蟴	si1/si1	
蟶	ʈˠʰɛŋ1/ʈʰieŋ1	
蟷	tɑŋ1/tɑŋ1	
蟹	ʁaj3/ɦɯai3	
蟺	ʑɛn3/ʒien3	
蟻	ŋˠi2/ŋɨi̯2	
蟼	qa1/kɯa1	
蟼	kˠɛŋ1/kɨeŋ1	
蟼	kˠɛŋ2/kɨeŋ2	
蟾	tɕɛm1/tʃiem1	
蟾	ʑɛm1/dʒiem1	
蟿	kʲʰi3/kʰi3	
蟿	kʲʰɛj3/kʰiei3	
蠀	tsʰi1/tsʰi1	
蠁	xˠɑŋ2/hɨɔŋ2	
蠁	xˠɑŋ3/hɨɔŋ3	
蠃	lwɑ1/luɔ1	
蠃	lwɑ2/luɔ2	
蠅	jɨŋ1/jiŋ1	
蠆	ʈʰaj3/ʈʰɯai3	
蠇	lˠɛj3/ɭiei3	
蠈	dzɨk4/dzək4	
蠉	xʲwɛn1/hyen1	
蠉	xʲwɛn2/hyen2	
蠊	lˠɛm1/ɭiem1	
蠋	tɕuk4/tʃɨuk4	
蠋	ɖˠuk4/ɖɨuk4	
蠌	ɖɛk4/ɖɯɛk4	
蠍	xˠɛt4/hɨet4	
蠐	dzi1/dzi1	
蠐	dzʲɛj1/dziei1	
蠑	ɰwɛŋ1/ʉeŋ1	
蠒	kʲɛn2/kien2	
蠓	mɨwŋ1/muŋ1	
蠓	mɨwŋ2/muŋ2	
蠖	ʔwɑk4/ʔuɔk4	
蠗	ɖawk4/ɖɯak4	
蠙	bʲin1/bin1	
蠙	bʲɛn1/bien1	
蠚	ʈˠʰɑk4/ʈʰɨɔk4	
蠚	χɑk4/hɑk4	
蠛	mʲɛt4/miet4	
蠜	vɛn1/bvuɐn1	
蠞	dzʲɛt4/dziet4	
蠟	lɑp4/lɑp4	
蠡	lˠi1/ɭi1	
蠡	lwɑ1/luɔ1	
蠡	lʲɛj2/liei2	
蠢	tɕʰwin2/tʃʰyn2	
蠣	lˠɛj3/ɭiei3	
蠥	ŋˠɛt4/ŋɨet4	
蠦	lu1/lu1	
蠩	tɕɨ1/tʃɨ̯u1	
蠪	lɨwŋ1/luŋ1	
蠭	fʰuŋ1/pfʰuŋ1	
蠮	ʔʲɛt4/ʔiet4	
蠯	bʲi1/bi1	
蠯	baj1/buai1	
蠯	bɛŋ3/buɛŋ3	
蠰	ʂɑŋ1/ʂʅɔŋ1	
蠰	nɑŋ1/nɑŋ1	
蠰	ɲɑŋ2/ɲʒɨɔŋ2	
蠰	ɕɑŋ3/ʃɨɔŋ3	
蠱	qu2/ku2	
蠲	kʲwɛn1/kyen1	
蠵	jwi1/jyi̯1	
蠵	ɣʲwɛj1/ɦyei1	
蠶	dzɑm1/dzɑm1	
蠷	ɡˠu1/ɡɨ̯u1	
蠸	ɡˠwɛn1/ɡʉon1	
蠹	tu3/tu3	
蠻	man1/muan1	
蠾	tɕuk4/tʃɨuk4	
蠾	ʑuk4/ʒɨuk4	
血	xʲwɛt4/hyet4	
衁	χwɑŋ1/huɔŋ1	
衃	pʰɑj1/pʰuoi1	
衃	fʰɨw1/pfʰuəu1	
衄	ɲɨwk4/ɲʒɨuk4	
衄	ɳˠɨwk4/ɳɨuk4	
衅	xˠin3/hɨn3	
衇	mɛk4/muɛk4	
衈	ɲi3/ɲʒi3	
衊	mʲɛt4/miet4	
衋	xˠɨk4/hɨk4	
行	ʁɑŋ1/ɦɑŋ1	
行	ʁɛŋ1/ɦɯɛŋ1	
行	ʁɑŋ3/ɦɑŋ3	
行	ʁɛŋ3/ɦɯɛŋ3	
衍	jɛn2/jien2	
衍	jɛn3/jien3	
衎	qʰɑn2/kʰɑn2	
衎	qʰɑn3/kʰɑn3	
衒	ɣʲwɛn3/ɦyen3	
術	ʑwit4/ʒyt4	
衕	dɨwŋ1/duŋ1	
衕	dɨwŋ3/duŋ3	
衖	ʁawŋ3/ɦɯaŋ3	
街	qaj1/kɯai1	
衙	ŋˠɨ1/ŋɨ̯u1	
衙	ɴa1/ŋɯa1	
衙	ŋˠɨ2/ŋɨ̯u2	
衛	ɰwɛj3/ʉoi3	
衝	tɕʰuŋ1/tʃʰɨuŋ1	
衟	dɑw3/dɑu3	
衡	ʁɛŋ1/ɦɯɛŋ1	
衢	ɡˠu1/ɡɨ̯u1	
衣	ʔˠi1/ʔɨi̯1	
衣	ʔˠi3/ʔɨi̯3	
衦	qɑn2/kɑn2	
表	pˠɛw2/pɨeu2	
衩	tʂʰa3/tʂʰɯa3	
衩	tʂʰaj3/tʂʰɯai3	老
衪	ji1/ji1	
衪	ji2/ji2	
衫	ʂam1/ʂɯam1	
衭	fu1/pfu1	
衯	fʰun1/pfʰun1	
衰	tʂʰwi1/tʂʰʯᵊi1	
衰	ʂwi1/ʂʯᵊi1	
衱	ɡˠɛp4/ɡɨep4	
衱	kˠɛp4/kɨep4	
衲	nɑp4/nɑp4	
衳	tɕuŋ1/tʃɨuŋ1	
衴	tɑm2/tɑm2	
衵	ɲit4/ɲʒit4	
衵	ɳˠit4/ɳit4	
衷	ʈˠɨwŋ1/ʈɨuŋ1	
衷	ʈˠɨwŋ3/ʈɨuŋ3	
衸	qaj3/kɯai3	
衸	ʁaj3/ɦɯai3	
衹	tɕi1/tʃi1	
衹	ɡʲi1/ɡi1	
衺	zʲa1/zia1	
衼	tɕi1/tʃi1	
衽	ɲim3/ɲʒim3	
衾	kˠʰim1/kʰɨm1	
衿	kˠim1/kɨm1	
袀	kʲwin1/kyn1	
袁	ɰwɛn1/ʉon1	
袂	mʲɛj3/miei3	
袈	qa1/kɯa1	
袉	dɑ1/dɑ1	
袉	dɑ3/dɑ3	
袉	tʰɑ2/tʰɑ2	
袊	lˠɛŋ2/ɭieŋ2	
袋	dɑj3/dɑi3	
袌	bɑw1/buɔu1	
袍	bɑw1/buɔu1	
袍	bɑw3/buɔu3	
袎	ʔaw3/ʔɯau3	
袏	tsɑ3/tsɑ3	
袑	ʑɛw3/ʒieu3	
袒	dɑn3/dɑn3	
袒	ɖan3/ɖɯan3	
袓	tsʲa1/tsia1	
袓	dzʲɨ3/dzɨ̯u3	
袔	ʁɑ3/ɦɑ3	
袕	ʑwit4/ʒyt4	
袕	ɣʲwɛt4/ɦyet4	
袖	zʲɨw3/ziu̯3	
袗	tɕin2/tʃin2	
袗	tɕin3/tʃin3	
袚	pɑt4/puot4	
袛	tʲɛj1/tiei1	
袜	mɑt4/muot4	
袞	qwɨn2/kun2	
袠	ɖˠit4/ɖit4	
袡	ɲɛm1/ɲʒiem1	
袢	vɛn1/bvuɐn1	
袣	jɛj3/jiei3	
袤	mɨw3/muəu3	
袥	tʰɑk4/tʰɑk4	
袦	ɳwat4/ɳuat4	
袨	ɣʲwɛn3/ɦyen3	
袪	kˠʰɨ1/kʰɨ̯u1	
被	bˠi3/bɨi̯3	
袲	ji1/ji1	
袲	tɕʰi2/tʃʰi2	
袲	nɑ2/nɑ2	
袳	tɕʰi2/tʃʰi2	
袴	qʰu3/kʰu3	
袵	ɲim2/ɲʒim2	
袷	qap4/kɯap4	
袷	kˠɛp4/kɨep4	
袸	dzwɨn1/dzun1	
袸	dzʲɛn3/dzien3	
袹	mɛk4/muɛk4	
袺	qat4/kɯat4	
袺	kʲɛt4/kiet4	
袼	lɑk4/lɑk4	
袼	qɑk4/kɑk4	
袽	ɳˠɨ1/ɳɨ̯u1	
袾	ʈˠu1/ʈɨ̯u1	
袾	tɕʰu1/tʃʰɨ̯u1	
袿	kʲwɛj1/kyei1	
裀	ʔʲin1/ʔin1	
裁	dzɑj1/dzɑi1	
裁	dzɑj3/dzɑi3	
裂	lˠɛt4/ɭiet4	
裋	ʑu3/ʒɨ̯u3	
裌	qap4/kɯap4	
裍	qʰwɨn2/kʰun2	
裎	ɖˠɛŋ1/ɖieŋ1	
裎	ʈˠʰɛŋ2/ʈʰieŋ2	
裏	lˠi2/ɭi2	
裒	bɨw1/buəu1	
裓	qɨk4/kək4	
裔	jɛj3/jiei3	
裕	ju3/jɨ̯u3	
裖	tɕin2/tʃin2	
裗	lˠɨw1/ɭiu̯1	
裘	ɡˠɨw1/ɡɨu̯1	
裛	ʔˠip4/ʔɨp4	
裛	ʔˠɛp4/ʔɨep4	
補	pu2/pu2	
裝	tʂɑŋ1/tʂʅɔŋ1	
裝	tʂɑŋ3/tʂʅɔŋ3	
裞	ɕwɛj3/ʃyei3	
裞	tʰwɑj3/tʰuoi3	
裟	ʂa1/ʂɯa1	
裠	ɡˠun1/ɡɨun1	
裧	tɕʰɛm1/tʃʰiem1	
裧	tʰɑm2/tʰɑm2	
裧	tɕʰɛm3/tʃʰiem3	
裨	pʲi1/pi1	
裨	bʲi1/bi1	
裪	dɑw1/dɑu1	
裫	ʔʲwɛn3/ʔyen3	
裮	tɕʰɑŋ1/tʃʰɨɔŋ1	
裯	ɖˠu1/ɖɨ̯u1	
裯	tɑw1/tɑu1	
裯	ɖˠɨw1/ɖiu̯1	
裰	twɑt4/tuot4	
裱	pˠɛw3/pɨeu3	
裳	ʑɑŋ1/dʒɨɔŋ1	
裴	vi1/bvi1	
裴	bɑj1/buoi1	
裶	fʰi1/pfʰi1	
裷	ʔˠwɛn1/ʔʉon1	
裷	kˠʰwɛn2/kʰʉon2	
裸	lwɑ2/luɔ2	
裹	qwɑ2/kuɔ2	
裹	qwɑ3/kuɔ3	
裺	ʔˠɛm2/ʔɨem2	
裺	ʔˠɛm3/ʔɨem3	
裻	tɨwk4/tuk4	
裻	sɨwk4/suk4	
裼	sʲɛk4/siek4	
製	tɕɛj3/tʃiei3	
裾	kˠɨ1/kɨ̯u1	
褆	dʲɛj1/diei1	
褆	ʑi3/ʒi3	
褆	ɖˠi3/ɖi3	
複	vu3/bvu3	
複	fuk4/pfuk4	
複	vɨw3/bvuəu3	老
褈	tɕʰuŋ1/tʃʰɨuŋ1	
褈	ɖˠuŋ1/ɖɨuŋ1	
褉	xʲɛt4/hiet4	
褊	pʲɛn2/pien2	
褋	dʲɛp4/diep4	
褌	qwɨn1/kun1	
褍	twɑn1/tuon1	
褍	twɑ2/tuɔ2	
褎	jɨw3/jiu̯3	
褐	ʁɑt4/ɦɑt4	
褑	ɰwɛn3/ʉon3	
褒	pɑw1/puɔu1	
褓	pɑw2/puɔu2	
褔	fʰɨw3/pfʰuəu3	
褕	ju1/jɨ̯u1	
褕	jɛw1/jieu1	
褖	tʰwɑn3/tʰuon3	
褗	ʔˠɛn2/ʔɨen2	
褗	ʔˠɛn3/ʔɨen3	
褘	xˠwi1/hɨui1	
褚	ʈˠɨ2/ʈɨ̯u2	
褚	ʈˠʰɨ2/ʈʰɨ̯u2	
褞	ʔˠun2/ʔɨun2	
褠	qɨw1/kəu1	
褡	tɑp4/tɑp4	
褢	ʁwaj1/ɦuai1	
褣	juŋ1/jɨuŋ1	
褥	nɨwk4/nuk4	
褥	ɲuk4/ɲʒɨuk4	
褧	kʲʰwɛŋ2/kʰyeŋ2	
褨	sɑ2/sɑ2	
褫	ɖˠi1/ɖi1	
褫	ɖˠi3/ɖi3	
褫	ʈˠʰi2/ʈʰi2	
褭	nʲɛw2/nieu2	
褮	ʔɛŋ1/ʔɯɛŋ1	
褮	ʔʲwɛŋ1/ʔyeŋ1	
褮	ɣʲwɛŋ1/ɦyeŋ1	
褯	dzʲa3/dzia3	
褰	kˠʰɛn1/kʰɨen1	
褱	ʁwaj1/ɦuai1	
褵	lˠi1/ɭi1	
褶	ʑip4/ʒip4	
褶	zʲip4/zip4	
褶	dʲɛp4/diep4	
褷	ʂi1/ʂʅi̯1	
褸	lɨw1/ləu1	
褸	lˠu2/ɭɨ̯u2	
褹	ŋʲɛj3/ŋiei3	
褹	ɳaj3/ɳɯai3	
褺	dʲɛp4/diep4	
褻	sʲɛt4/siet4	
褽	ʔˠwi3/ʔɨui3	
褾	pʲɛw2/pieu2	
褿	dzɑw1/dzɑu1	
襀	tsʲɛk4/tsiek4	
襁	kˠɑŋ2/kɨɔŋ2	
襃	pɑw1/puɔu1	
襄	sʲɑŋ1/sɨɔŋ1	
襆	pɨwk4/puk4	
襆	vuk4/bvuk4	
襇	qan3/kɯan3	
襈	ɡˠwɛn3/ɡʉon3	
襈	dʐwɛn3/dʐʯen3	
襊	tsʰwɑj3/tsʰuoi3	
襊	tsʰwɑt4/tsʰuot4	
襋	kˠɨk4/kɨk4	
襌	tɑn1/tɑn1	
襎	vɛn1/bvuɐn1	
襏	pɑt4/puot4	
襐	zʲɑŋ3/zɨɔŋ3	
襑	zʲim1/zim1	
襑	tʰɑm2/tʰɑm2	
襒	bʲɛt4/biet4	
襓	ɲɛw1/ɲʒieu1	
襖	ʔɑw2/ʔɑu2	
襗	dɑk4/dɑk4	
襗	ɖɛk4/ɖɯɛk4	
襗	jɛk4/jiek4	
襘	qwɑj3/kuoi3	
襚	zʲwi3/zyi̯3	
襛	ɳˠuŋ1/ɳɨuŋ1	
襛	ɲuŋ1/ɲʒɨuŋ1	
襜	tɕʰɛm1/tʃʰiem1	
襜	tɕʰɛm3/tʃʰiem3	
襞	pʲɛk4/piek4	
襟	kˠim1/kɨm1	
襠	tɑŋ1/tɑŋ1	
襡	tɨw2/təu2	
襡	dɨw3/dəu3	
襡	tɨw3/təu3	
襡	dɨwk4/duk4	
襡	ʑuk4/ʒɨuk4	
襢	dɑn3/dɑn3	
襢	ʈˠɛn2/ʈien2	
襢	ʈˠɛn3/ʈien3	
襣	bʲi3/bi3	
襤	lɑm1/lɑm1	
襦	ɲu1/ɲʒɨ̯u1	
襩	ʑuk4/ʒɨuk4	
襪	ɱɛt4/mvuɐt4	
襫	ɕɛk4/ʃiek4	
襬	pˠi1/pɨi̯1	
襬	pˠʰi3/pʰɨi̯3	
襭	ɣʲɛt4/ɦiet4	
襮	pɨwk4/puk4	
襮	pɑk4/puɔk4	
襯	tʂʰin3/tʂʰʅᵊn3	
襱	lɨwŋ1/luŋ1	
襱	lɨwŋ2/luŋ2	
襱	ɖˠuŋ3/ɖɨuŋ3	
襲	zʲip4/zip4	
襳	ʂim1/ʂʅᵊm1	
襳	sʲɛm1/siem1	
襳	ʂɛm1/ʂʅem1	
襵	tɕɛp4/tʃiep4	
襵	ʈˠɛp4/ʈiep4	
襸	dzwɑn1/dzuon1	
襸	tsɑn3/tsɑn3	
襹	ʂi1/ʂʅi̯1	
襹	ʂi3/ʂʅi̯3	
襺	kʲɛn2/kien2	
襻	pʰan3/pʰuan3	
襾	χa2/hɯa2	
襾	ʔa3/ʔɯa3	
西	sʲɛj1/siei1	
要	ʔʲɛw1/ʔieu1	
要	ʔʲɛw3/ʔieu3	
覂	fuŋ2/pfuŋ2	
覃	dɑm1/dɑm1	
覆	fʰu3/pfʰu3	
覆	vu3/bvu3	
覆	fʰuk4/pfʰuk4	
覆	pʰɨk4/pʰuək4	
覆	fʰɨw3/pfʰuəu3	老
覆	vɨw3/bvuəu3	老
覈	ɣʲɛt4/ɦiet4	
覈	ʁɛk4/ɦɯɛk4	
見	kʲɛn3/kien3	
見	ɣʲɛn3/ɦien3	
覎	ʔˠɛm3/ʔɨem3	
規	kʲwi1/kyi̯1	
覒	mɑw3/muɔu3	
覓	mʲɛk4/miek4	
覕	pʲin3/pin3	
覕	mʲɛt4/miet4	
視	ʑi3/ʒi3	
覗	si1/si1	
覗	si3/si3	
覘	ʈˠʰɛm1/ʈʰiem1	
覘	ʈˠʰɛm3/ʈʰiem3	
覛	mɛk4/muɛk4	
覛	mʲɛk4/miek4	
覜	tʲʰɛw3/tʰieu3	
覝	lˠɛm1/ɭiem1	
覞	jɛw3/jieu3	
覡	ɣʲɛk4/ɦiek4	
覢	ɕɛm2/ʃiem2	
覣	ʔˠwi1/ʔɨui1	
覦	ju1/jɨ̯u1	
覦	ju3/jɨ̯u3	
覩	tu2/tu2	
親	tsʲʰin1/tsʰin1	
親	tsʲʰin3/tsʰin3	
覬	kˠi3/kɨi̯3	
覭	mʲɛŋ1/mieŋ1	
覭	mʲɛk4/miek4	
覮	pʲʰɛŋ1/pʰieŋ1	
覯	qɨw3/kəu3	
覰	tsʲʰɨ3/tsʰɨ̯u3	
覱	tʂam3/tʂɯam3	
覲	ɡˠin3/ɡɨn3	
覴	ʈˠʰɨŋ3/ʈʰiŋ3	
覸	qan1/kɯan1	
覸	pˠɛn2/pɨen2	
覸	qan3/kɯan3	
覹	mˠi1/mɨi̯1	
覺	qaw3/kɯau3	
覺	qawk4/kɯak4	
覼	lwɑ1/luɔ1	
覽	lɑm2/lɑm2	
覿	dʲɛk4/diek4	
觀	qwɑn1/kuon1	
觀	qwɑn3/kuon3	
角	lɨwk4/luk4	
角	qawk4/kɯak4	
觓	ɡʲɨw1/ɡiu̯1	
觕	tsʰu1/tsʰu1	
觕	dzu3/dzu3	
觕	tɕʰuk4/tʃʰɨuk4	
觖	kʲʰwi3/kʰyi̯3	
觖	kʲwɛt4/kyet4	
觘	tʂʰaw3/tʂʰɯau3	
觚	qu1/ku1	
觛	tɑn2/tɑn2	
觛	dɑn3/dɑn3	
觛	tɑn3/tɑn3	
觜	tsi1/tsi1	
觜	tsʲwi1/tsyi̯1	
觜	tsʲwi2/tsyi̯2	
觝	tʲɛj2/tiei2	
觟	ʁwa3/ɦua3	
觠	ɡˠwɛn1/ɡʉon1	
觠	kˠwɛn3/kʉon3	
觡	qɛk4/kɯɛk4	
觢	ʑɛj3/ʒiei3	
解	ʁa3/ɦɯa3	
解	qa2/kɯa2	
解	qa3/kɯa3	
解	ʁaj3/ɦɯai3	
解	qaj2/kɯai2	
解	qaj3/kɯai3	
觤	kˠwi2/kɨui2	
觥	qwɛŋ1/kuɛŋ1	
觩	ɡʲɨw1/ɡiu̯1	
觪	sʲwɛŋ1/syeŋ1	
觬	ŋʲɛj1/ŋiei1	
觬	ŋʲɛj2/ŋiei2	
觭	kˠʰi1/kʰɨi̯1	
觭	kˠʰi2/kʰɨi̯2	
觰	ʈa1/ʈɯa1	
觰	ʈa2/ʈɯa2	
觱	pʲit4/pit4	
觱	ɰut4/ɨut4	
觳	ʁɨwk4/ɦuk4	
觳	qʰawk4/kʰɯak4	
觴	ɕɑŋ1/ʃɨɔŋ1	
觵	qwɛŋ1/kuɛŋ1	
觶	tɕi1/tʃi1	
觶	tɕi3/tʃi3	
觷	ʔɨwk4/ʔuk4	
觷	ɴawk4/ŋɯak4	
觷	ʁawk4/ɦɯak4	
觸	tɕʰuk4/tʃʰɨuk4	
觺	ŋˠi1/ŋɨi̯1	
觺	ŋˠɨk4/ŋɨk4	
觻	lɨwk4/luk4	
觻	lʲɛk4/liek4	
觼	kʲwɛt4/kyet4	
觿	xʲwi1/hyi̯1	
觿	ɣʲwɛj1/ɦyei1	
言	ŋˠɛn1/ŋɨen1	
訂	tʲʰɛŋ1/tʰieŋ1	
訂	dʲɛŋ3/dieŋ3	
訂	tʲɛŋ3/tieŋ3	
訃	fʰu3/pfʰu3	
訄	qʰɑw1/kʰɑu1	
訄	kˠʰɨw1/kʰɨu̯1	
訄	ɡˠɨw1/ɡɨu̯1	
訅	ɡˠɨw1/ɡɨu̯1	
訆	kʲɛw3/kieu3	
訇	ɣʲwɛn1/ɦyen1	
訇	χwɛŋ1/huɛŋ1	
計	kʲɛj3/kiei3	
訊	sʲin3/sin3	
訌	ʁɨwŋ1/ɦuŋ1	
訍	tʂʰaj3/tʂʰɯai3	
討	tʰɑw2/tʰɑu2	
訏	xˠu1/hɨ̯u1	
訐	kˠɛj3/kɨei3	
訐	kˠɛt4/kɨet4	
訒	ɲin3/ɲʒin3	
訓	xˠun3/hɨun3	
訔	ŋˠin1/ŋɨn1	
訕	ʂan1/ʂɯan1	
訕	ʂan3/ʂɯan3	
訖	kˠit4/kɨt4	
託	tʰɑk4/tʰɑk4	
記	kˠi3/kɨi̯3	
訙	sʲin3/sin3	
訛	ɴwɑ1/ŋuɔ1	
訝	ɴa3/ŋɯa3	
訞	ʔˠɛw1/ʔɨeu1	
訟	zʲuŋ1/zɨuŋ1	
訟	zʲuŋ3/zɨuŋ3	
訠	ɕin2/ʃin2	
訡	ŋˠim1/ŋɨm1	
訢	xˠin1/hɨn1	
訣	kʲwɛt4/kyet4	
訥	nwɨt4/nut4	
訦	ʑim1/dʒim1	
訦	ʑim3/ʒim3	
訧	ɰɨw1/ɨu̯1	
訩	xˠuŋ1/hɨuŋ1	
訪	fʰɑŋ3/pfʰuɔŋ3	
訬	tʂʰaw1/tʂʰɯau1	
訬	mʲɛw2/mieu2	
設	ɕɛt4/ʃiet4	
訮	ɴan1/ŋɯan1	
訮	tʲʰɛn1/tʰien1	
訮	xʲɛn1/hien1	
訰	tɕwin1/tʃyn1	
訰	tɕwin3/tʃyn3	
許	xˠɨ2/hɨ̯u2	
訴	su3/su3	
訵	ʈˠʰi1/ʈʰi1	
訵	ʈˠʰi3/ʈʰi3	
訶	χɑ1/hɑ1	
訷	ɕin1/ʃin1	
訹	sʲwit4/syt4	
診	tɕin2/tʃin2	
診	ɖˠin3/ɖin3	
註	tɕu3/tʃɨ̯u3	
註	ʈˠu3/ʈɨ̯u3	
証	tɕɛŋ3/tʃieŋ3	
訽	ʁɨw3/ɦəu3	
訽	χɨw3/həu3	
訾	tsi1/tsi1	
訾	tsi2/tsi2	
訿	tsi2/tsi2	
詀	tʲɛm1/tiem1	
詀	ʈam1/ʈɯam1	
詀	ɖam3/ɖɯam3	
詀	tɕʰɛp4/tʃʰiep4	
詁	qu2/ku2	
詃	kʲwɛn2/kyen2	
詄	ɕi3/ʃi3	
詄	dʲɛt4/diet4	
詅	lʲɛŋ1/lieŋ1	
詅	lˠɛŋ3/ɭieŋ3	
詆	dʲɛj1/diei1	
詆	tʲɛj2/tiei2	
詆	tʲʰɛk4/tʰiek4	
詇	ʔˠɑŋ2/ʔɨɔŋ2	
詇	ʔˠɑŋ3/ʔɨɔŋ3	
詇	ʔˠɛŋ3/ʔɨeŋ3	
詈	lˠi3/ɭi3	
詉	ɳa1/ɳɯa1	
詍	jɛj3/jiei3	
詎	ɡˠɨ3/ɡɨ̯u3	
詐	tʂa3/tʂɯa3	
詑	ji1/ji1	
詑	xʲi1/hi1	
詑	dɑ1/dɑ1	
詑	tʰwɑ1/tʰuɔ1	
詑	dɑ3/dɑ3	
詒	ji1/ji1	
詒	dɑj3/dɑi3	
詔	tɕɛw3/tʃieu3	
評	bˠɛŋ1/bɨeŋ1	
評	bˠɛŋ3/bɨeŋ3	
詖	pˠi1/pɨi̯1	
詖	pˠi3/pɨi̯3	
詗	xʲwɛŋ2/hyeŋ2	
詗	xʲwɛŋ3/hyeŋ3	
詘	kˠʰut4/kʰɨut4	
詛	tʂɨ3/tʂʅu3	
詜	tʰɑw1/tʰɑu1	
詝	ʈˠɨ2/ʈɨ̯u2	
詞	zi1/zi1	
詠	ɰwɛŋ3/ʉeŋ3	
詡	xˠu2/hɨ̯u2	
詢	sʲwin1/syn1	
詣	ŋʲɛj3/ŋiei3	
詥	ʁɑp4/ɦɑp4	
試	ɕi3/ʃi3	
詧	tʂʰat4/tʂʰɯat4	
詧	tsʲʰɛt4/tsʰiet4	
詨	qaw1/kɯau1	
詨	ʁaw3/ɦɯau3	
詨	χaw3/hɯau3	
詩	ɕi1/ʃi1	
詪	qɨn2/kən2	
詪	ɣʲɛn3/ɦien3	
詪	qɨn3/kən3	
詫	ʈʰa3/ʈʰɯa3	
詬	qɨw2/kəu2	
詬	qʰɨw3/kʰəu3	
詬	χɨw3/həu3	
詭	kˠwi2/kɨui2	
詮	tsʲʰwɛn1/tsʰyen1	
詯	χwɑj3/huoi3	
詯	ʁwɑj3/ɦuoi3	
詰	kʲʰit4/kʰit4	
話	ʁwa3/ɦua3	
話	ʁwaj3/ɦuai3	老
該	qɑj1/kɑi1	
詳	jɑŋ1/jɨɔŋ1	
詳	zʲɑŋ1/zɨɔŋ1	
詵	ʂin1/ʂʅᵊn1	
詶	ʑɨw1/dʒiu̯1	
詶	ʑɨw3/ʒiu̯3	
詷	dɨwŋ3/duŋ3	
詹	tɕɛm1/tʃiem1	
詺	mʲɛŋ3/mieŋ3	
詻	ɴɛk4/ŋɯɛk4	
詼	qʰwɑj1/kʰuoi1	
詾	xˠuŋ2/hɨuŋ2	
詿	qwa3/kua3	
詿	ʁwa3/ɦua3	
詿	qwaj3/kuai3	老
詿	ʁwaj3/ɦuai3	老
誀	ɲi1/ɲʒi1	
誀	ɲi3/ɲʒi3	
誂	dʲɛw3/dieu3	
誃	ɖˠi1/ɖi1	
誃	tɕʰi2/tʃʰi2	
誄	lˠwi2/ɭyi̯2	
誅	ʈˠu1/ʈɨ̯u1	
誆	ɡˠwɑŋ3/ɡʉɔŋ3	
誇	qʰwa1/kʰua1	
誋	ɡˠi3/ɡɨi̯3	
誌	tɕi3/tʃi3	
認	ɲin3/ɲʒin3	
認	ɲɨŋ3/ɲʒiŋ3	
誎	tsʲʰuk4/tsʰɨuk4	
誏	lɑŋ2/lɑŋ2	
誐	ɴɑ1/ŋɑ1	
誑	kˠwɑŋ3/kʉɔŋ3	
誒	xˠi1/hɨi̯1	
誓	ʑɛj3/ʒiei3	
誔	dʲɛŋ3/dieŋ3	
誕	dɑn3/dɑn3	
誖	bɑj3/buoi3	
誖	pɑj3/puoi3	
誖	bɨt4/but4	
誗	ɖˠɛm1/ɖiem1	
誘	jɨw2/jiu̯2	
誙	qʰɛŋ1/kʰɯɛŋ1	
誚	dzʲɛw3/dzieu3	
誜	ʂwa3/ʂua3	
語	ŋˠɨ2/ŋɨ̯u2	
語	ŋˠɨ3/ŋɨ̯u3	
誠	ʑɛŋ1/dʒieŋ1	
誡	qaj3/kɯai3	
誣	ɱu1/mvu1	
誤	ɴu3/ŋu3	
誥	qɑw3/kɑu3	
誦	zʲuŋ3/zɨuŋ3	
誧	pu1/pu1	
誧	pʰu1/pʰu1	
誧	pʰu2/pʰu2	
誧	pʰu3/pʰu3	
誨	χwɑj3/huoi3	
誩	ɡˠɑŋ3/ɡɨɔŋ3	
誩	ɡˠɛŋ3/ɡɨeŋ3	
誩	tʰɑm3/tʰɑm3	
說	ɕwɛj3/ʃyei3	
說	jwɛt4/jyet4	
說	ɕwɛt4/ʃyet4	
誰	ʑwi1/dʒyi̯1	
誱	dzʲɛp4/dziep4	
課	qʰwɑ1/kʰuɔ1	
課	qʰwɑ3/kʰuɔ3	
誴	dzɨwŋ1/dzuŋ1	
誶	sʲwi3/syi̯3	
誶	swɑj3/suoi3	
誶	dzʲwit4/dzyt4	
誷	ɱɑŋ2/mvuɔŋ2	
誹	fi1/pfi1	
誹	fi3/pfi3	
誺	ʈˠʰi1/ʈʰi1	
誺	ʈˠʰi3/ʈʰi3	
誺	lɑj3/lɑi3	
誻	dɑp4/dɑp4	
誼	ŋˠi3/ŋɨi̯3	
誽	ɳaj1/ɳɯai1	
誾	ŋˠin1/ŋɨn1	
調	dʲɛw1/dieu1	
調	ʈˠɨw1/ʈiu̯1	
調	dʲɛw3/dieu3	
諀	pʲʰi2/pʰi2	
諂	ʈˠʰɛm2/ʈʰiem2	
諄	tɕwin1/tʃyn1	
諄	tɕwin3/tʃyn3	
諅	kˠi1/kɨi̯1	
諅	ɡˠi3/ɡɨi̯3	
諆	kˠi1/kɨi̯1	
談	dɑm1/dɑm1	
諈	ʈˠwi3/ʈyi̯3	
諉	ɳˠwi3/ɳyi̯3	
諊	kˠɨwk4/kɨuk4	
請	dzʲɛŋ1/dzieŋ1	
請	tsʲʰɛŋ2/tsʰieŋ2	
請	dzʲɛŋ3/dzieŋ3	
諍	tʂɛŋ3/tʂɯɛŋ3	
諎	tsʰɑ3/tsʰɑ3	
諎	tʂɛk4/tʂɯɛk4	
諏	tsʲu1/tsɨ̯u1	
諐	kˠʰɛn1/kʰɨen1	
諑	ʈawk4/ʈɯak4	
諒	lˠɑŋ3/ɭɨɔŋ3	
諓	dzʲɛn3/dzien3	
諕	χwɛk4/huɛk4	
論	lˠwin1/ɭyn1	
論	lwɨn1/lun1	
論	lwɨn3/lun3	
諗	ɕim2/ʃim2	
諛	ju1/jɨ̯u1	
諜	dʲɛp4/diep4	
諝	sʲɨ1/sɨ̯u1	
諝	sʲɨ2/sɨ̯u2	
諞	bʲɛn1/bien1	
諞	bˠɛn3/bɨen3	
諞	bʲɛn3/bien3	
諟	ʑi3/ʒi3	
諠	xˠwɛn1/hʉon1	
諡	ʑi3/ʒi3	
諢	ɴwɨn3/ŋun3	
諣	χwa3/hua3	
諣	χwaj3/huai3	老
諤	ɴɑk4/ŋɑk4	
諥	ʈˠuŋ3/ʈɨuŋ3	
諦	tʲɛj3/tiei3	
諧	ʁaj1/ɦɯai1	
諫	qan3/kɯan3	
諭	ju3/jɨ̯u3	
諮	tsi1/tsi1	
諯	tɕwɛn1/tʃyen1	
諯	ʑwɛn1/dʒyen1	
諯	tɕʰwɛn3/tʃʰyen3	
諯	tsʲʰwɛn3/tsʰyen3	
諰	ʂaj1/ʂɯai1	
諰	si2/si2	
諱	xˠwi3/hɨui3	
諲	ʔʲin1/ʔin1	
諳	ʔɑm1/ʔɑm1	
諴	ʁam1/ɦɯam1	
諵	ɳam1/ɳɯam1	
諵	ɳam3/ɳɯam3	
諶	ʑim1/dʒim1	
諷	fuŋ3/pfuŋ3	
諸	tɕɨ1/tʃɨ̯u1	
諸	tɕa1/tʃia1	
諹	jɑŋ1/jɨɔŋ1	
諹	jɑŋ3/jɨɔŋ3	
諺	ŋˠɛn3/ŋɨen3	
諻	χwɛŋ1/huɛŋ1	
諼	xˠwɛn1/hʉon1	
諼	xˠwɛn2/hʉon2	
諽	qʰɛk4/kʰɯɛk4	
諽	qɛk4/kɯɛk4	
諾	nɑk4/nɑk4	
諿	tsʲʰip4/tsʰip4	
謀	mu1/mvu1	
謀	mɨw1/mvuəu1	老
謁	ʔˠɛt4/ʔɨet4	
謂	ɰwi3/ɨui3	
謄	dɨŋ1/dəŋ1	
謅	tʂʰɨw1/tʂʰʅᵊu1	
謅	tʂʰaw2/tʂʰɯau2	
謇	kˠɛn2/kɨen2	
謈	bawk4/buak4	
謈	pʰawk4/pʰuak4	
謉	twɑj2/tuoi2	
謉	kˠwi3/kɨui3	
謋	χwɛk4/huɛk4	
謌	qɑ1/kɑ1	
謍	χwɛŋ1/huɛŋ1	
謍	ʔwɛŋ1/ʔuɛŋ1	
謍	jwɛŋ1/jyeŋ1	
謎	mʲɛj3/miei3	
謏	sʲɛw2/sieu2	
謏	sɨw2/səu2	
謏	sɨw3/səu3	
謏	ʂɨwk4/ʂʅuk4	
謐	mʲit4/mit4	
謑	ɣʲɛj3/ɦiei3	
謑	χaj3/hɯai3	
謑	χa3/hɯa3	
謓	tɕʰin1/tʃʰin1	
謔	xˠɑk4/hɨɔk4	
謕	si1/si1	
謕	dʲɛj1/diei1	
謕	tʲʰɛj1/tʰiei1	
謖	ʂɨwk4/ʂʅuk4	
謗	pɑŋ3/puɔŋ3	
謘	ɖˠi1/ɖi1	
謘	ɖˠi3/ɖi3	
謙	kʲʰɛm1/kʰiem1	
謚	ʑi3/ʒi3	
謚	ʔʲɛk4/ʔiek4	
講	qawŋ2/kɯaŋ2	
謜	ŋˠwɛn1/ŋʉon1	
謜	tsʲʰwɛn1/tsʰyen1	
謝	zʲa3/zia3	
謞	χawk4/hɯak4	
謞	χɑk4/hɑk4	
謟	tʰɑw1/tʰɑu1	
謠	jɛw1/jieu1	
謣	ɰu1/ɨ̯u1	
謥	tsʰɨwŋ3/tsʰuŋ3	
謦	kʲʰɛŋ2/kʰieŋ2	
謧	lˠi1/ɭi1	
謧	lʲɛj1/liei1	
謨	mu1/mu1	
謫	ʈɛk4/ʈɯɛk4	
謬	mˠɨw3/miu̯3	
謮	tʂɛk4/tʂɯɛk4	
謯	tsʲa1/tsia1	
謯	tʂa2/tʂɯa2	
謱	lɨw1/ləu1	
謱	lˠu2/ɭɨ̯u2	
謱	lɨw2/ləu2	
謲	tsʰɑm3/tsʰɑm3	
謳	ʔɨw1/ʔəu1	
謴	qwɨn3/kun3	
謵	tɕʰɛp4/tʃʰiep4	
謶	tɕɑk4/tʃɨɔk4	
謷	ɴaw1/ŋɯau1	
謷	ɴɑw1/ŋɑu1	
謷	ɴɑw3/ŋɑu3	
謹	kˠin2/kɨn2	
謺	tɕɛp4/tʃiep4	
謻	ji1/ji1	
謼	χu1/hu1	
謼	χu3/hu3	
謾	mɑn1/muon1	
謾	man1/muan1	
謾	mʲɛn1/mien1	
謾	mɑn3/muon3	
謾	man3/muan3	
譀	ʁɑm3/ɦɑm3	
譀	χam3/hɯam3	
譀	χap4/hɯap4	
譁	χwa1/hua1	
譄	tsɨŋ1/tsəŋ1	
譆	xˠi1/hɨi̯1	
譈	dwɑj3/duoi3	
證	tɕɨŋ3/tʃiŋ3	
譊	ɳaw1/ɳɯau1	
譌	ɴwɑ1/ŋuɔ1	
譍	ʔˠɨŋ3/ʔɨŋ3	
譎	kʲwɛt4/kyet4	
譏	kˠi1/kɨi̯1	
譐	tswɨn2/tsun2	
譑	kˠɛw2/kɨeu2	
譑	kˠʰɛw3/kʰɨeu3	
譒	pɑ3/puɔ3	
譓	ɣʲwɛj3/ɦyei3	
譔	tsʲʰwɛn1/tsʰyen1	
譔	dʐwɛn3/dʐʯen3	
譕	ɱu1/mvu1	
譖	tʂim3/tʂʅᵊm3	
識	tɕi3/tʃi3	
識	ɕɨk4/ʃik4	
譙	dzʲɛw1/dzieu1	
譚	dɑm1/dɑm1	
譚	dɑm3/dɑm3	
譜	pu2/pu2	
譝	ʑɨŋ1/dʒiŋ1	
譞	xʲwɛn1/hyen1	
譟	sɑw3/sɑu3	
譠	tʰɑn1/tʰɑn1	
譠	ʈan1/ʈɯan1	
譡	tɑŋ3/tɑŋ3	
譢	sʲwi3/syi̯3	
譣	tsʲʰɛm1/tsʰiem1	
譣	xˠɛm2/hɨem2	
譥	kʲɛw3/kieu3	
警	kˠɛŋ2/kɨeŋ2	
譧	ɖam3/ɖɯam3	
譩	ʔˠi1/ʔɨi̯1	
譩	ʔˠi2/ʔɨi̯2	
譫	dɑp4/dɑp4	
譫	tɕɛp4/tʃiep4	
譬	pʲʰi3/pʰi3	
譭	xˠwi2/hɨui2	
譮	χaj3/hɯai3	
譯	jɛk4/jiek4	
議	ŋˠi3/ŋɨi̯3	
譱	ʑɛn3/ʒien3	
譳	nɨw3/nəu3	
譴	kʲʰɛn3/kʰien3	
譶	ɖˠip4/ɖip4	
譶	dɑp4/dɑp4	
護	ʁu3/ɦu3	
譸	ʈˠɨw1/ʈiu̯1	
譺	ŋˠi2/ŋɨi̯2	
譺	ŋˠi3/ŋɨi̯3	
譺	ɴaj3/ŋɯai3	
譻	ʔɛŋ1/ʔɯɛŋ1	
譽	jɨ1/jɨ̯u1	
譽	jɨ3/jɨ̯u3	
讀	dɨwk4/duk4	
讁	ʈɛk4/ʈɯɛk4	
讂	xʲwɛn3/hyen3	
讂	kʲwɛn3/kyen3	
讄	lˠwi2/ɭyi̯2	
讆	ɰwɛj3/ʉoi3	
讇	ʈˠʰɛm2/ʈʰiem2	
變	pˠɛn3/pɨen3	
讋	tɕɛp4/tʃiep4	
讌	ʔʲɛn3/ʔien3	
讎	ʑɨw1/dʒiu̯1	
讑	jɛw3/jieu3	
讒	dʐam1/dʐɯam1	
讒	dʐam3/dʐɯam3	
讓	ɲɑŋ3/ɲʒɨɔŋ3	
讕	lɑn1/lɑn1	
讕	lɑn2/lɑn2	
讕	lɑn3/lɑn3	
讖	tʂʰim3/tʂʰʅᵊm3	
讗	ɣʲwɛj1/ɦyei1	
讗	qwɛk4/kuɛk4	
讘	ɲɛp4/ɲʒiep4	
讙	xˠwɛn1/hʉon1	
讙	χwɑn1/huon1	
讚	tsɑn3/tsɑn3	
讜	tɑŋ2/tɑŋ2	
讞	ŋˠɛn2/ŋɨen2	
讞	ŋˠɛt4/ŋɨet4	
讟	dɨwk4/duk4	
谷	qɨwk4/kuk4	
谷	lɨwk4/luk4	
谷	juk4/jɨuk4	
谸	tsʲʰɛn1/tsʰien1	
谺	χa1/hɯa1	
谻	ɡˠɛk4/ɡɨek4	
谻	kˠɛk4/kɨek4	
谼	ʁɨwŋ1/ɦuŋ1	
谽	χɑm1/hɑm1	
谾	χɨwŋ1/huŋ1	
谾	χawŋ1/hɯaŋ1	
谿	kʲʰɛj1/kʰiei1	
豁	χwɑt4/huot4	
豂	lʲɛw1/lieu1	
豃	χam2/hɯam2	
豄	dɨwk4/duk4	
豅	lɨwŋ1/luŋ1	
豆	dɨw3/dəu3	
豇	qawŋ1/kɯaŋ1	
豈	kˠʰi2/kʰɨi̯2	
豉	ʑi3/ʒi3	
豊	lʲɛj2/liei2	
豌	ʔwɑn1/ʔuon1	
豍	pʲɛj1/piei1	
豎	ʑu3/ʒɨ̯u3	
豏	ʁam3/ɦɯam3	
豐	fʰuŋ1/pfʰuŋ1	
豑	ɖˠit4/ɖit4	
豔	jɛm3/jiem3	
豕	ɕi2/ʃi2	
豖	ʈˠʰuk4/ʈʰɨuk4	
豗	χwɑj1/huoi1	
豘	dwɨn1/dun1	
豙	ŋˠi3/ŋɨi̯3	
豚	dwɨn1/dun1	
豛	jwɛk4/jyek4	
豜	kʲɛn1/kien1	
豜	ŋʲɛn3/ŋien3	
豝	pa1/pua1	
豞	χɨw3/həu3	
豞	χawk4/hɯak4	
豟	ʔɛk4/ʔɯɛk4	
豠	dʐɨ1/dʐʅu1	
象	zʲɑŋ3/zɨɔŋ3	
豢	ʁwan3/ɦuan3	
豤	qʰwɨn1/kʰun1	
豤	qʰɨn2/kʰən2	
豤	kʲʰɛn2/kʰien2	
豥	qɑj1/kɑi1	
豥	ʁɑj1/ɦɑi1	
豦	ɡˠɨ1/ɡɨ̯u1	
豦	kˠɨ3/kɨ̯u3	
豧	fʰu1/pfʰu1	
豧	fʰu3/pfʰu3	
豧	pʰɨw3/pʰuəu3	
豨	xˠi1/hɨi̯1	
豨	xˠi2/hɨi̯2	
豪	ʁɑw1/ɦɑu1	
豫	jɨ3/jɨ̯u3	
豬	ʈˠɨ1/ʈɨ̯u1	
豭	qa1/kɯa1	
豯	ɣʲɛj1/ɦiei1	
豰	tɨwk4/tuk4	
豰	χɨwk4/huk4	
豰	bawk4/buak4	
豱	ʔwɨn1/ʔun1	
豲	ʁwɑn1/ɦuon1	
豳	pˠin1/pɨn1	
豵	tsɨwŋ1/tsuŋ1	
豵	tsʲuŋ1/tsɨuŋ1	
豶	vun1/bvun1	
豷	xˠwi3/hɨui3	
豷	ʔʲɛj3/ʔiei3	
豸	ɖˠi3/ɖi3	
豸	ɖaj3/ɖɯai3	
豹	paw3/puau3	
豺	dʐaj1/dʐɯai1	
豻	ɴɑn1/ŋɑn1	
豻	qʰan1/kʰɯan1	
豻	ʁɑn3/ɦɑn3	
豻	ɴɑn3/ŋɑn3	
豼	bʲi1/bi1	
豽	ɳwat4/ɳuat4	
豾	pˠʰi1/pʰɨi̯1	
豿	qɨw2/kəu2	
貀	ɳwat4/ɳuat4	
貁	jɨw3/jiu̯3	
貂	tʲɛw1/tieu1	
貅	xˠɨw1/hɨu̯1	
貆	xˠwɛn1/hʉon1	
貆	ʁwɑn1/ɦuon1	
貆	χwɑn1/huon1	
貈	ʁɑk4/ɦɑk4	
貉	ʁɑk4/ɦɑk4	
貉	mɛk4/muɛk4	
貊	mɛk4/muɛk4	
貌	maw3/muau3	
貍	lˠi1/ɭi1	
貎	ŋʲɛj1/ŋiei1	
貐	ju2/jɨ̯u2	
貑	qa1/kɯa1	
貒	tʰwɑn1/tʰuon1	
貒	tʰwɑn3/tʰuon3	
貓	mˠɛw1/mɨeu1	
貓	maw1/muau1	
貔	bʲi1/bi1	
貕	ɣʲɛj1/ɦiei1	
貖	ʔɛk4/ʔɯɛk4	
貗	ɡˠu3/ɡɨ̯u3	
貘	mɛk4/muɛk4	
貙	ʈˠʰu1/ʈʰɨ̯u1	
貚	dɑn1/dɑn1	
貚	dʲɛn1/dien1	
貛	χwɑn1/huon1	
貜	kˠwɑk4/kʉɔk4	
貜	ɡˠwɑk4/ɡʉɔk4	
貝	pɑj3/puoi3	
貞	ʈˠɛŋ1/ʈieŋ1	
負	vu3/bvu3	
負	vɨw3/bvuəu3	老
財	dzɑj1/dzɑi1	
貢	qɨwŋ3/kuŋ3	
貣	tʰɨk4/tʰək4	
貣	dɨk4/dək4	
貤	ji3/ji3	
貤	ʑi3/ʒi3	
貦	ɴwɑn3/ŋuon3	
貧	bˠin1/bɨn1	
貨	χwɑ3/huɔ3	
販	fɛn3/pfuɐn3	
貪	tʰɑm1/tʰɑm1	
貫	qwɑn1/kuon1	
貫	qwɑn3/kuon3	
責	tʂɛk4/tʂɯɛk4	
貯	ʈˠɨ2/ʈɨ̯u2	
貰	ɕɛj3/ʃiei3	
貰	ʑa3/ʒia3	
貱	pˠi3/pɨi̯3	
貲	tsi1/tsi1	
貳	ɲi3/ɲʒi3	
貴	kˠwi3/kɨui3	
貶	pˠɛm2/pɨem2	
買	maj2/muai2	
貸	tʰɑj3/tʰɑi3	
貹	ʂɛŋ3/ʂɯɛŋ3	
貺	xˠwɑŋ3/hʉɔŋ3	
費	pˠi3/pɨi̯3	
費	fʰi3/pfʰi3	
費	vi3/bvi3	
貼	tʲʰɛp4/tʰiep4	
貽	ji1/ji1	
貾	ɖˠi1/ɖi1	
貿	mɨw3/muəu3	
賀	ʁɑ3/ɦɑ3	
賁	vi1/bvi1	
賁	vun1/bvun1	
賁	pɨn1/pun1	
賁	pˠi3/pɨi̯3	
賂	lu3/lu3	
賃	ɳˠim3/ɳim3	
賄	χwɑj2/huoi2	
賅	qɑj1/kɑi1	
賆	bʲɛn1/bien1	
資	tsi1/tsi1	
賈	qu2/ku2	
賈	qa2/kɯa2	
賈	qa3/kɯa3	
賉	sʲwit4/syt4	
賊	dzɨk4/dzək4	
賏	ʔʲɛŋ1/ʔieŋ1	
賏	ʔˠɛŋ3/ʔɨeŋ3	
賑	tɕin2/tʃin2	
賑	tɕin3/tʃin3	
賒	ɕa1/ʃia1	
賓	pʲin1/pin1	
賕	ɡˠɨw1/ɡɨu̯1	
賙	tɕɨw1/tʃiu̯1	
賚	lɑj3/lɑi3	
賜	si3/si3	
賝	ʈˠʰim1/ʈʰim1	
賞	ɕɑŋ2/ʃɨɔŋ2	
賟	tʲʰɛn2/tʰien2	
賡	qɛŋ1/kɯɛŋ1	
賢	ɣʲɛn1/ɦien1	
賣	maj3/muai3	
賤	dzʲɛn3/dzien3	
賥	sʲwi3/syi̯3	
賦	fu3/pfu3	
賧	tʰɑm3/tʰɑm3	
賨	dzɨwŋ1/dzuŋ1	
質	ʈˠi3/ʈi3	
質	tɕit4/tʃit4	
賭	tu2/tu2	
賮	dzʲin3/dzin3	
賰	ɕwin2/ʃyn2	
賱	ʔˠun2/ʔɨun2	
賲	pɑw2/puɔu2	
賴	lɑj3/lɑi3	
賵	fʰuŋ3/pfʰuŋ3	
賷	tsʲɛj1/tsiei1	
賸	jɨŋ3/jiŋ3	
賸	ʑɨŋ3/ʒiŋ3	
賹	ʔaj3/ʔɯai3	
賻	vu3/bvu3	
購	qɨw3/kəu3	
賽	sɑj3/sɑi3	
賾	dʐɛk4/dʐɯɛk4	
賿	law1/ɭɯau1	
贀	jwi3/jyi̯3	
贁	baj3/buai3	
贃	ʔwan3/ʔuan3	
贄	tɕi3/tʃi3	
贅	tɕwɛj3/tʃyei3	
贆	pʲɛw1/pieu1	
贇	ʔˠun1/ʔɨun1	
贈	dzɨŋ3/dzəŋ3	
贉	dɑm3/dɑm3	
贊	tsɑn3/tsɑn3	
贍	ʑɛm3/ʒiem3	
贎	ɱɛn3/mvuɐn3	
贏	jɛŋ1/jieŋ1	
贑	qɑm2/kɑm2	
贓	tsɑŋ1/tsɑŋ1	
贔	bˠi3/bɨi̯3	
贕	dɨwk4/duk4	
贖	ʑuk4/ʒɨuk4	
贗	ɴan3/ŋɯan3	
贙	ɣʲwɛn3/ɦyen3	
贚	lˠuŋ3/ɭɨuŋ3	
贛	qɑm2/kɑm2	
贛	qɨwŋ3/kuŋ3	
贛	qɑm3/kɑm3	
赤	tɕʰɛk4/tʃʰiek4	
赥	xʲɛk4/hiek4	
赦	ɕa3/ʃia3	
赧	ɳan2/ɳɯan2	
赨	dɨwŋ1/duŋ1	
赩	xˠɨk4/hɨk4	
赫	χɛk4/hɯɛk4	
赬	ʈˠʰɛŋ1/ʈʰieŋ1	
赭	tɕa2/tʃia2	
赮	ʁa1/ɦɯa1	
赯	dɑŋ1/dɑŋ1	
走	tsɨw2/tsəu2	
走	tsɨw3/tsəu3	
赳	kʲɨw2/kiu̯2	
赴	fʰu3/pfʰu3	
赶	ɡˠɛn1/ɡɨen1	
赶	ɡˠwɛt4/ɡʉot4	
起	kˠʰi2/kʰɨi̯2	
赹	ɡʲwɛŋ1/ɡyeŋ1	
赽	kʲwɛt4/kyet4	
赾	kˠʰin2/kʰɨn2	
趀	tsʰi1/tsʰi1	
趁	ɖˠin1/ɖin1	
趁	ɳˠɛn2/ɳien2	
趁	ʈˠʰin3/ʈʰin3	
趃	dʲɛt4/diet4	
趄	tsʲʰɨ1/tsʰɨ̯u1	
超	ʈˠʰɛw1/ʈʰieu1	
趆	tʲɛj1/tiei1	
趆	tʲɛj3/tiei3	
趉	kˠut4/kɨut4	
越	ɰwɛt4/ʉot4	
越	ʁwɑt4/ɦuot4	
趌	kʲit4/kit4	
趌	kʲʰit4/kʰit4	
趌	ɡˠit4/ɡɨt4	
趌	kʲɛt4/kiet4	
趍	ɖˠi1/ɖi1	
趍	tsʲʰu1/tsʰɨ̯u1	
趎	ɖˠu1/ɖɨ̯u1	
趏	qʰat4/kʰɯat4	
趏	qwat4/kuat4	
趑	tsʰi1/tsʰi1	
趒	tʲʰɛw1/tʰieu1	
趒	dʲɛw1/dieu1	
趒	tʲʰɛw3/tʰieu3	
趖	swɑ1/suɔ1	
趗	tsʰɨwk4/tsʰuk4	
趗	tsʲʰuk4/tsʰɨuk4	
趙	ɖˠɛw3/ɖieu3	
趛	ŋˠim2/ŋɨm2	
趜	kˠɨwk4/kɨuk4	
趜	ɡˠɨwk4/ɡɨuk4	
趝	kʲɛm3/kiem3	
趞	tsʲʰɑk4/tsʰɨɔk4	
趟	ʈɛŋ1/ʈɯɛŋ1	
趟	ʈɛŋ3/ʈɯɛŋ3	
趠	ʈʰaw3/ʈʰɯau3	
趠	ʈʰawk4/ʈʰɯak4	
趡	tsʲʰwi2/tsʰyi̯2	
趢	lɨwk4/luk4	
趢	lˠuk4/ɭɨuk4	
趣	tsʰɨw2/tsʰəu2	
趣	tsʲʰu3/tsʰɨ̯u3	
趥	tsʲʰɨw1/tsʰiu̯1	
趥	tsʲʰɨwŋ3/tsʰɨuŋ3	
趧	dʲɛj1/diei1	
趨	tsʲʰu1/tsʰɨ̯u1	
趩	ʈˠʰɨk4/ʈʰik4	
趪	ʁwɑŋ1/ɦuɔŋ1	
趫	ɡˠɛw1/ɡɨeu1	
趫	kˠʰɛw1/kʰɨeu1	
趬	kʲʰɛw1/kʰieu1	
趬	kˠʰɛw3/kʰɨeu3	
趭	jɛw3/jieu3	
趭	dzʲɛw3/dzieu3	
趭	tsʲɛw3/tsieu3	
趮	tsɑw3/tsɑu3	
趯	tʲʰɛk4/tʰiek4	
趲	dzɑn3/dzɑn3	
趲	tsɑn3/tsɑn3	
足	tsʲu3/tsɨ̯u3	
足	tsʲuk4/tsɨuk4	
趵	pawk4/puak4	
趹	kʲwɛt4/kyet4	
趺	fu1/pfu1	
趼	ŋʲɛn1/ŋien1	
趼	kʲɛn2/kien2	
趼	ŋʲɛn3/ŋien3	
趽	fɑŋ1/pfuɔŋ1	
趽	bɑŋ1/buɔŋ1	
趽	fɑŋ3/pfuɔŋ3	
趾	tɕi2/tʃi2	
趿	sɑp4/sɑp4	
跀	ŋˠwɛt4/ŋʉot4	
跁	ba3/bua3	
跂	ɡʲi1/ɡi1	
跂	kʲʰi2/kʰi2	
跂	kʲʰi3/kʰi3	
跅	tʰɑk4/tʰɑk4	
跆	dɑj1/dɑi1	
跇	jɛj3/jiei3	
跇	ʈˠʰɛj3/ʈʰiei3	
跈	dʲɛn3/dien3	
跈	nʲɛn2/nien2	
跉	lˠɛŋ1/ɭieŋ1	
跉	lʲɛŋ1/lieŋ1	
跋	bɑt4/buot4	
跌	dʲɛt4/diet4	
跍	qʰu1/kʰu1	
跎	dɑ1/dɑ1	
跏	qa1/kɯa1	
跐	tsʰi2/tsʰi2	
跐	tsi2/tsi2	
跐	tʂi2/tʂʅi̯2	
跑	baw1/buau1	
跑	bawk4/buak4	
跒	qʰa2/kʰɯa2	
跓	ɖˠu3/ɖɨ̯u3	
跔	kˠu1/kɨ̯u1	
跕	tʲʰɛp4/tʰiep4	
跕	tʲɛp4/tiep4	
跖	tɕɛk4/tʃiek4	
跗	fu1/pfu1	
跗	vu3/bvu3	
跙	dzʲɨ3/dzɨ̯u3	
跚	sɑn1/sɑn1	
跛	pɑ2/puɔ2	
跛	pˠi3/pɨi̯3	
跜	ɳˠi1/ɳi1	
距	ɡˠɨ3/ɡɨ̯u3	
跟	qɨn1/kən1	
跠	ji1/ji1	
跡	tsʲɛk4/tsiek4	
跢	tɑj3/tɑi3	
跢	tɑ3/tɑ3	
跣	sʲɛn2/sien2	
跤	qʰaw1/kʰɯau1	
跦	ʈˠu1/ʈɨ̯u1	
跧	tsʲwin1/tsyn1	
跧	tʂwan1/tʂuan1	
跧	tʂwɛn1/tʂʯen1	
跨	qʰwa1/kʰua1	
跨	qʰwa2/kʰua2	
跨	qʰu3/kʰu3	
跨	qʰwa3/kʰua3	
跪	kˠʰwi2/kʰɨui2	
跪	ɡˠwi3/ɡɨui3	
跫	qʰawŋ1/kʰɯaŋ1	
跬	kʲʰwi2/kʰyi̯2	
跭	ʁawŋ1/ɦɯaŋ1	
跮	ʈˠʰi3/ʈʰi3	
跮	ʈˠʰit4/ʈʰit4	
路	lu3/lu3	
跰	bʲɛn1/bien1	
跰	pɛŋ3/puɛŋ3	
跱	ɖˠi3/ɖi3	
跲	qap4/kɯap4	
跲	kˠɛp4/kɨep4	
跲	ɡˠɛp4/ɡɨep4	
跳	dʲɛw1/dieu1	
跼	ɡˠuk4/ɡɨuk4	
跽	ɡˠi3/ɡɨi̯3	
跾	ɕɨwk4/ʃɨuk4	
踁	ɣʲɛŋ3/ɦieŋ3	
踂	ɳˠɛp4/ɳiep4	
踃	sʲɛw1/sieu1	
踄	bɑk4/buɔk4	
踆	tsʲʰwin1/tsʰyn1	
踇	mɨw2/muəu2	
踉	lˠɑŋ1/ɭɨɔŋ1	
踉	lɑŋ1/lɑŋ1	
踉	lˠɑŋ3/ɭɨɔŋ3	
踊	juŋ2/jɨuŋ2	
踏	tʰɑp4/tʰɑp4	
踐	dzʲɛn3/dzien3	
踑	ɡˠi1/ɡɨi̯1	
踒	ʔwɑ1/ʔuɔ1	
踓	tsʲʰwi2/tsʰyi̯2	
踓	jwi2/jyi̯2	
踔	ʈʰaw3/ʈʰɯau3	
踔	ʈʰawk4/ʈʰɯak4	
踕	dzʲɛp4/dziep4	
踖	tsʲʰɑk4/tsʰɨɔk4	
踖	tsʲɛk4/tsiek4	
踖	dzʲɛk4/dziek4	
踘	kˠɨwk4/kɨuk4	
踘	ɡˠɨwk4/ɡɨuk4	
踚	lˠwin1/ɭyn1	
踛	lˠɨwk4/ɭɨuk4	
踜	lɨŋ3/ləŋ3	
踝	ʁwa3/ɦua3	
踞	kˠɨ3/kɨ̯u3	
踟	ɖˠi1/ɖi1	
踠	ʔˠwɛn2/ʔʉon2	
踡	ɡˠwɛn1/ɡʉon1	
踢	tʲʰɛk4/tʰiek4	
踣	pʰɨw3/pʰuəu3	
踣	bɨk4/buək4	
踤	dzʲwit4/dzyt4	
踥	tsʲʰɛp4/tsʰiep4	
踦	kˠʰi1/kʰɨi̯1	
踦	kˠi2/kɨi̯2	
踧	tsʲɨwk4/tsɨuk4	
踧	dʲɛk4/diek4	
踰	ju1/jɨ̯u1	
踱	dɑk4/dɑk4	
踳	tɕʰwin2/tʃʰyn2	
踵	tɕuŋ2/tʃɨuŋ2	
踶	ɖˠi3/ɖi3	
踶	dʲɛj3/diei3	
踸	ʈˠʰim2/ʈʰim2	
踹	ʑwɛn3/ʒyen3	
踹	twɑn3/tuon3	
踼	dɑŋ1/dɑŋ1	
踼	tʰɑŋ1/tʰɑŋ1	
踼	dɑŋ3/dɑŋ3	
踽	kˠʰu2/kʰɨ̯u2	
踽	kˠu2/kɨ̯u2	
踾	fuk4/pfuk4	
踾	pˠʰɨk4/pʰɨk4	
踾	bˠɨk4/bɨk4	
蹀	dʲɛp4/diep4	
蹁	bʲɛn1/bien1	
蹁	pʲɛn1/pien1	
蹂	ɲɨw1/ɲʒiu̯1	
蹂	ɲɨw2/ɲʒiu̯2	
蹂	ɲɨw3/ɲʒiu̯3	
蹃	ɳˠɑk4/ɳɨɔk4	
蹃	ɳɛk4/ɳɯɛk4	
蹄	dʲɛj1/diei1	
蹇	kˠɛn2/kɨen2	
蹈	dɑw3/dɑu3	
蹉	tsʰɑ1/tsʰɑ1	
蹊	ɣʲɛj1/ɦiei1	
蹋	dɑp4/dɑp4	
蹌	tsʲʰɑŋ1/tsʰɨɔŋ1	
蹎	tʲɛn1/tien1	
蹏	dʲɛj1/diei1	
蹐	tsʲɛk4/tsiek4	
蹔	dzɑm3/dzɑm3	
蹕	pʲit4/pit4	
蹖	ɕuŋ1/ʃɨuŋ1	
蹙	tsʲɨwk4/tsɨuk4	
蹛	ɖˠɛj3/ɖiei3	
蹛	tɑj3/tɑi3	
蹜	ʂɨwk4/ʂʅuk4	
蹟	tsʲɛk4/tsiek4	
蹠	tɕɛk4/tʃiek4	
蹡	tsʲʰɑŋ1/tsʰɨɔŋ1	
蹡	tsʲʰɑŋ3/tsʰɨɔŋ3	
蹢	ɖˠɛk4/ɖiek4	
蹢	tʲɛk4/tiek4	
蹣	bɑn1/buon1	
蹣	mɑn1/muon1	
蹤	tsʲuŋ1/tsɨuŋ1	
蹨	nʲɛn2/nien2	
蹨	ɲɛn2/ɲʒien2	
蹩	bʲɛt4/biet4	
蹪	dwɑj1/duoi1	
蹬	dɨŋ3/dəŋ3	
蹭	tsʰɨŋ3/tsʰəŋ3	
蹮	sʲɛn1/sien1	
蹯	vɛn1/bvuɐn1	
蹱	tɕuŋ1/tʃɨuŋ1	
蹱	ʈˠʰuŋ1/ʈʰɨuŋ1	
蹱	ʈˠʰuŋ3/ʈʰɨuŋ3	
蹲	dzwɨn1/dzun1	
蹴	tsʲʰɨwk4/tsʰɨuk4	
蹴	tsʲɨwk4/tsɨuk4	
蹶	kˠwɛj3/kʉoi3	
蹶	kˠwɛt4/kʉot4	
蹶	ɡˠwɛt4/ɡʉot4	
蹹	dɑp4/dɑp4	
蹺	kʲʰɛw1/kʰieu1	
蹻	ɡˠɛw1/ɡɨeu1	
蹻	kʲʰɛw1/kʰieu1	
蹻	kˠɛw2/kɨeu2	
蹻	kˠɑk4/kɨɔk4	
蹻	ɡˠɑk4/ɡɨɔk4	
蹼	pɨwk4/puk4	
躁	tsɑw3/tsɑu3	
躂	tʰɑt4/tʰɑt4	
躄	bʲɛk4/biek4	
躄	pʲɛk4/piek4	
躅	ɖˠuk4/ɖɨuk4	
躇	ɖˠɨ1/ɖɨ̯u1	
躊	ɖˠɨw1/ɖiu̯1	
躋	tsʲɛj1/tsiei1	
躋	tsʲɛj3/tsiei3	
躍	jɑk4/jɨɔk4	
躐	lˠɛp4/ɭiep4	
躑	ɖˠɛk4/ɖiek4	
躒	lɑk4/lɑk4	
躒	lʲɛk4/liek4	
躓	ʈˠi3/ʈi3	
躔	ɖˠɛn1/ɖien1	
躕	ɖˠu1/ɖɨ̯u1	
躗	χwaj3/huai3	
躘	lˠuŋ1/ɭɨuŋ1	
躘	lˠuŋ3/ɭɨuŋ3	
躙	lˠin3/ɭin3	
躚	sʲɛn1/sien1	
躝	lɑn1/lɑn1	
躞	sʲɛp4/siep4	
躟	ɲɑŋ1/ɲʒɨɔŋ1	
躟	ɲɑŋ2/ɲʒɨɔŋ2	
躠	sɑt4/sɑt4	
躡	ɳˠɛp4/ɳiep4	
躢	dɑp4/dɑp4	
躣	ɡˠu1/ɡɨ̯u1	
躤	dzʲa3/dzia3	
躦	dzɑ1/dzɑ1	
躧	ʂi2/ʂʅi̯2	
躧	ʂaj2/ʂɯai2	
躨	ɡˠwi1/ɡɨui1	
躩	kˠwɑk4/kʉɔk4	
躩	kˠʰwɑk4/kʰʉɔk4	
身	ɕin1/ʃin1	
躬	kˠɨwŋ1/kɨuŋ1	
躳	kˠɨwŋ1/kɨuŋ1	
躴	lɑŋ1/lɑŋ1	
躶	lwɑ2/luɔ2	
躷	ʔaj2/ʔɯai2	
躸	kˠi1/kɨi̯1	
躽	ʔʲɛn2/ʔien2	
躽	ʔˠɛn3/ʔɨen3	
躿	qʰɑŋ1/kʰɑŋ1	
軀	kˠʰu1/kʰɨ̯u1	
軄	tɕɨk4/tʃik4	
軆	tʲʰɛj2/tʰiei2	
車	kˠɨ1/kɨ̯u1	
車	tɕʰa1/tʃʰia1	
軋	ʔat4/ʔɯat4	
軌	kˠwi2/kɨui2	
軍	kˠun1/kɨun1	
軎	ɰwɛj3/ʉoi3	
軎	zʲwɛj3/zyei3	
軏	ŋˠwɛt4/ŋʉot4	
軏	ɴwɨt4/ŋut4	
軐	sʲɛn3/sien3	
軑	dʲɛj3/diei3	
軑	dɑj3/dɑi3	
軒	xˠɛn1/hɨen1	
軓	vɛm3/bvuɐm3	
軔	ɲin3/ɲʒin3	
軖	ɡˠwɑŋ1/ɡʉɔŋ1	
軘	dwɨn1/dun1	
軜	nɑp4/nɑp4	
軝	ɡʲi1/ɡi1	
軟	ɲwɛn2/ɲʒyen2	
軤	χu1/hu1	
軥	ɡˠu1/ɡɨ̯u1	
軥	qɨw1/kəu1	
軥	qɨw3/kəu3	
軧	tʲɛj2/tiei2	
軨	lʲɛŋ1/lieŋ1	
軩	dɑj3/dɑi3	
軪	ʔaw1/ʔɯau1	
軪	ʔaw3/ʔɯau3	
軫	tɕin2/tʃin2	
軬	vɛn3/bvuɐn3	
軭	kˠʰwɑŋ1/kʰʉɔŋ1	
軭	ɡˠwɑŋ1/ɡʉɔŋ1	
軮	ʔɑŋ2/ʔɑŋ2	
軱	qu1/ku1	
軲	qʰu1/kʰu1	
軳	bɑw1/buɔu1	
軴	ʈˠu3/ʈɨ̯u3	
軵	ɲuŋ2/ɲʒɨuŋ2	
軶	ʔɛk4/ʔɯɛk4	
軷	bɑj3/buoi3	
軷	bɑt4/buot4	
軸	ɖˠɨwk4/ɖɨuk4	
軹	tɕi2/tʃi2	
軺	jɛw1/jieu1	
軺	ʑɛw1/dʒieu1	
軻	qʰɑ1/kʰɑ1	
軻	qʰɑ2/kʰɑ2	
軻	qʰɑ3/kʰɑ3	
軼	jit4/jit4	
軼	dʲɛt4/diet4	
軾	ɕɨk4/ʃik4	
軿	bʲɛn1/bien1	
軿	bʲɛŋ1/bieŋ1	
輀	ɲi1/ɲʒi1	
輁	ɡˠuŋ1/ɡɨuŋ1	
輁	kˠuŋ2/kɨuŋ2	
輂	kˠuk4/kɨuk4	
較	qaw3/kɯau3	
較	qawk4/kɯak4	
輄	qwɑŋ1/kuɔŋ1	
輅	lu3/lu3	
輆	qʰɑj2/kʰɑi2	
輇	ʑwɛn1/dʒyen1	
輈	ʈˠɨw1/ʈiu̯1	
載	tsɑj2/tsɑi2	
載	tsɑj3/tsɑi3	
載	dzɑj3/dzɑi3	
輊	ʈˠi3/ʈi3	
輍	juk4/jɨuk4	
輎	ʂaw1/ʂɯau1	
輑	kˠʰun1/kʰɨun1	
輒	ʈˠɛp4/ʈiep4	
輓	ɱɛn2/mvuɐn2	
輓	ɱɛn3/mvuɐn3	
輔	vu3/bvu3	
輕	kʲʰɛŋ1/kʰieŋ1	
輕	kʲʰɛŋ3/kʰieŋ3	
輖	tɕɨw1/tʃiu̯1	
輗	ŋʲɛj1/ŋiei1	
輘	lɨŋ1/ləŋ1	
輚	dʐan3/dʐɯan3	
輜	tʂʰi1/tʂʰʅi̯1	
輜	tʂi1/tʂʅi̯1	
輝	xˠwi1/hɨui1	
輞	ɱɑŋ2/mvuɔŋ2	
輟	ʈˠwɛj3/ʈyei3	
輟	ʈˠwɛt4/ʈyet4	
輠	ʁwɑj3/ɦuoi3	
輠	qwɑ2/kuɔ2	
輠	ʁwɑ3/ɦuɔ3	
輠	ʁwa3/ɦua3	
輡	qʰɑm2/kʰɑm2	
輢	ʔˠi2/ʔɨi̯2	
輢	ɡˠi3/ɡɨi̯3	
輢	ʔˠi3/ʔɨi̯3	
輣	bɛŋ1/buɛŋ1	
輤	tsʲʰɛn3/tsʰien3	
輥	qwɨn2/kun2	
輦	lˠɛn2/ɭien2	
輨	qwɑn2/kuon2	
輩	pɑj3/puoi3	
輪	lˠwin1/ɭyn1	
輫	baj1/buai1	
輫	bɑj1/buoi1	
輬	lˠɑŋ1/ɭɨɔŋ1	
輭	ɲwɛn2/ɲʒyen2	
輮	ɲɨw2/ɲʒiu̯2	
輮	ɲɨw3/ɲʒiu̯3	
輯	dzʲip4/dzip4	
輰	jɑŋ1/jɨɔŋ1	
輱	ʁam1/ɦɯam1	
輲	ʑwɛn1/dʒyen1	
輳	tsʰɨw3/tsʰəu3	
輴	ʈˠʰwin1/ʈʰyn1	
輵	qɑt4/kɑt4	
輶	jɨw1/jiu̯1	
輶	jɨw2/jiu̯2	
輶	jɨw3/jiu̯3	
輷	χwɛŋ1/huɛŋ1	
輷	χwɛŋ3/huɛŋ3	
輸	ɕu1/ʃɨ̯u1	
輸	ɕu3/ʃɨ̯u3	
輹	fuk4/pfuk4	
輹	vuk4/bvuk4	
輻	fɨw3/pfuəu3	
輻	fuk4/pfuk4	
輾	ʈˠɛn2/ʈien2	
輾	ɳˠɛn3/ɳien3	
輿	jɨ1/jɨ̯u1	
輿	jɨ3/jɨ̯u3	
轀	ʔwɨn1/ʔun1	
轂	qɨwk4/kuk4	
轃	tʂin1/tʂʅᵊn1	
轃	tsʲɛn1/tsien1	
轄	qʰɑj3/kʰɑi3	
轄	ʁat4/ɦɯat4	
轅	ɰwɛn1/ʉon1	
轆	lɨwk4/luk4	
轇	qaw1/kɯau1	
轈	dʐaw1/dʐɯau1	
轉	ʈˠwɛn2/ʈyen2	
轉	ʈˠwɛn3/ʈyen3	
轊	ɰwɛj3/ʉoi3	
轊	zʲwɛj3/zyei3	
轍	ɖˠɛt4/ɖiet4	
轎	ɡˠɛw1/ɡɨeu1	
轎	ɡˠɛw3/ɡɨeu3	
轏	dʐan3/dʐɯan3	
轐	pɨwk4/puk4	
轐	bɨwk4/buk4	
轑	lɑw2/lɑu2	
轒	vun1/bvun1	
轒	vun3/bvun3	
轓	fʰɛn1/pfʰuɐn1	
轓	fɛn1/pfuɐn1	
轔	lˠin1/ɭin1	
轔	lˠin3/ɭin3	
轖	ʂɨk4/ʂʅᵊk4	
轗	qʰɑm2/kʰɑm2	
轗	qʰɑm3/kʰɑm3	
轘	ʁwan1/ɦuan1	
轘	ʁwan3/ɦuan3	
轙	ŋˠi1/ŋɨi̯1	
轙	ŋˠi2/ŋɨi̯2	
轚	kʲɛj3/kiei3	
轚	kʲɛk4/kiek4	
轛	ʈˠwi3/ʈyi̯3	
轛	twɑj3/tuoi3	
轞	ʁam3/ɦɯam3	
轟	χwɛŋ1/huɛŋ1	
轟	χwɛŋ3/huɛŋ3	
轠	lwɑj1/luoi1	
轠	lˠwi2/ɭyi̯2	
轡	pˠi3/pɨi̯3	
轢	lɑt4/lɑt4	
轢	lɑk4/lɑk4	
轢	lʲɛk4/liek4	
轤	lu1/lu1	
轥	lˠin3/ɭin3	
辛	sʲin1/sin1	
辜	qu1/ku1	
辝	zi1/zi1	
辟	bʲɛk4/biek4	
辟	pʲɛk4/piek4	
辟	pʲʰɛk4/pʰiek4	
辠	dzwɑj3/dzuoi3	
辡	bˠɛn3/bɨen3	
辡	pˠɛn2/pɨen2	
辢	lɑt4/lɑt4	
辤	zi1/zi1	
辥	sʲɛt4/siet4	
辦	ban3/buan3	
辨	bˠɛn3/bɨen3	
辨	ban3/buan3	
辬	pan1/puan1	
辭	zi1/zi1	
辮	bʲɛn3/bien3	
辯	bˠɛn3/bɨen3	
辰	ʑin1/dʒin1	
辱	ɲuk4/ɲʒɨuk4	
農	nɨwŋ1/nuŋ1	
辳	nɨwŋ1/nuŋ1	
辴	ʈˠʰi1/ʈʰi1	
辴	ʈˠʰin2/ʈʰin2	
辵	ʈˠʰɑk4/ʈʰɨɔk4	
辸	ɲɨŋ1/ɲʒiŋ1	
达	tʲʰɛj3/tʰiei3	
迀	qɑn1/kɑn1	
迁	tsʲʰɛn1/tsʰien1	
迂	ɰu1/ɨ̯u1	
迂	ʔˠu1/ʔɨ̯u1	
迂	ʔˠu2/ʔɨ̯u2	
迄	xˠit4/hɨt4	
迅	sʲin3/sin3	
迅	sʲwin3/syn3	
迆	ji1/ji1	
迆	ji2/ji2	
迊	tsɑp4/tsɑp4	
迋	kˠwɑŋ2/kʉɔŋ2	
迋	ɰwɑŋ3/ʉɔŋ3	
迍	ʈˠwin1/ʈyn1	
迎	ŋˠɛŋ1/ŋɨeŋ1	
迎	ŋˠɛŋ3/ŋɨeŋ3	
近	ɡˠin3/ɡɨn3	
迒	qɑŋ1/kɑŋ1	
迒	ʁɑŋ1/ɦɑŋ1	
迓	ɴa3/ŋɯa3	
返	fɛn2/pfuɐn2	
迕	ɴu3/ŋu3	
迡	nʲɛj3/niei3	
迢	dʲɛw1/dieu1	
迣	tɕɛj3/tʃiei3	
迥	ɣʲwɛŋ3/ɦyeŋ3	
迦	kˠɑ1/kɨɔ1	
迦	qa1/kɯa1	
迨	dɑj3/dɑi3	
迪	dʲɛk4/diek4	
迫	pɛk4/puɛk4	
迭	dʲɛt4/diet4	
迮	tsɑk4/tsɑk4	
迮	tʂɛk4/tʂɯɛk4	
述	ʑwit4/ʒyt4	
迱	dɑ1/dɑ1	
迴	ʁwɑj1/ɦuoi1	
迴	ʁwɑj3/ɦuoi3	
迵	dɨwŋ3/duŋ3	
迷	mʲɛj1/miei1	
迸	pɛŋ3/puɛŋ3	
迹	tsʲɛk4/tsiek4	
迺	nɑj2/nɑi2	
迻	ji1/ji1	
追	ʈˠwi1/ʈyi̯1	
迾	lˠɛt4/ɭiet4	
迿	sʲwin3/syn3	
迿	ɣʲwɛn3/ɦyen3	
退	tʰwɑj3/tʰuoi3	
送	sɨwŋ3/suŋ3	
适	qwɑt4/kuot4	
适	qʰwɑt4/kʰuot4	
逃	dɑw1/dɑu1	
逄	bawŋ1/buaŋ1	
逅	ʁɨw3/ɦəu3	
逆	ŋˠɛk4/ŋɨek4	
逋	pu1/pu1	
逍	sʲɛw1/sieu1	
逎	tsʲɨw1/tsiu̯1	
透	tʰɨw3/tʰəu3	
透	ɕɨwk4/ʃɨuk4	
逐	ɖˠɨwk4/ɖɨuk4	
逑	ɡˠɨw1/ɡɨu̯1	
途	du1/du1	
逕	kʲɛŋ3/kieŋ3	
逖	tʲʰɛk4/tʰiek4	
逗	ɖˠu3/ɖɨ̯u3	
逗	dɨw3/dəu3	
這	ŋˠɛn3/ŋɨen3	
這	tɕa1/tʃia1	遮
這	tɕa2/tʃia2	者
這	tɕɛk4/tʃiek4	適
通	tʰɨwŋ1/tʰuŋ1	
逛	kˠwɑŋ2/kʉɔŋ2	
逜	ɴu3/ŋu3	
逝	ʑɛj3/ʒiei3	
逞	ʈˠʰɛŋ2/ʈʰieŋ2	
速	sɨwk4/suk4	
造	dzɑw3/dzɑu3	
造	tsʰɑw3/tsʰɑu3	
逡	tsʲʰwin1/tsʰyn1	
逢	vuŋ1/bvuŋ1	
連	lˠɛn1/ɭien1	
逨	lɑj1/lɑi1	
逨	lɑj3/lɑi3	
逪	tsʰɑk4/tsʰɑk4	
逫	ʈˠwit4/ʈyt4	
逭	ʁwɑn3/ɦuon3	
逮	dʲɛj3/diei3	
逮	dɑj3/dɑi3	
逯	lˠuk4/ɭɨuk4	
進	tsʲin3/tsin3	
逳	jɨwk4/jɨuk4	
逴	ʈʰawk4/ʈʰɯak4	
逴	ʈˠʰɑk4/ʈʰɨɔk4	
逵	ɡˠwi1/ɡɨui1	
逶	ʔˠwi1/ʔɨui1	
逷	tʲʰɛk4/tʰiek4	
逸	jit4/jit4	
逼	pˠɨk4/pɨk4	
逽	ɳˠɑk4/ɳɨɔk4	
逾	ju1/jɨ̯u1	
逿	dɑŋ3/dɑŋ3	
遁	dwɨn3/dun3	
遂	zʲwi3/zyi̯3	
遃	ŋˠɛn2/ŋɨen2	
遄	ʑwɛn1/dʒyen1	
遇	ŋˠu3/ŋɨ̯u3	
遈	ʑɨk4/ʒik4	
遉	ʈˠʰɛŋ3/ʈʰieŋ3	
遊	jɨw1/jiu̯1	
運	ɰun3/ɨun3	
遌	ɴɑk4/ŋɑk4	
遍	pʲɛn3/pien3	
過	qwɑ1/kuɔ1	
過	qwɑ3/kuɔ3	
遏	ʔɑt4/ʔɑt4	
遐	ʁa1/ɦɯa1	
遑	ʁwɑŋ1/ɦuɔŋ1	
遒	tsʲɨw1/tsiu̯1	
遒	dzʲɨw1/dziu̯1	
道	dɑw3/dɑu3	
達	tʰɑt4/tʰɑt4	
達	dɑt4/dɑt4	
違	ɰwi1/ɨui1	
遘	qɨw3/kəu3	
遙	jɛw1/jieu1	
遚	tʂʰɨw3/tʂʰʅᵊu3	
遛	lˠɨw1/ɭiu̯1	
遜	swɨn3/sun3	
遝	dɑp4/dɑp4	
遞	dʲɛj3/diei3	
遟	ɖˠi1/ɖi1	
遟	ɖˠi3/ɖi3	
遠	ɰwɛn2/ʉon2	
遠	ɰwɛn3/ʉon3	
遡	su3/su3	
遢	tʰɑp4/tʰɑp4	
遣	kʲʰɛn2/kʰien2	
遣	kʲʰɛn3/kʰien3	
遦	qwɑn3/kuon3	
遨	ɴɑw1/ŋɑu1	
適	ɕɛk4/ʃiek4	
適	tɕɛk4/tʃiek4	
適	tʲɛk4/tiek4	
遪	tsʰɑp4/tsʰɑp4	
遫	ʈˠʰɨk4/ʈʰik4	
遬	sɨwk4/suk4	
遭	tsɑw1/tsɑu1	
遮	tɕa1/tʃia1	
遯	dwɨn3/dun3	
遰	dʲɛj3/diei3	
遱	lɨw1/ləu1	
遲	ɖˠi1/ɖi1	
遳	tsʰwɑ1/tsʰuɔ1	
遴	lˠin3/ɭin3	
遵	tsʲwin1/tsyn1	
遶	ɲɛw2/ɲʒieu2	
遷	tsʲʰɛn1/tsʰien1	
選	sʲwɛn2/syen2	
選	sʲwɛn3/syen3	
遹	jwit4/jyt4	
遺	jwi1/jyi̯1	
遺	jwi3/jyi̯3	
遻	ɴu3/ŋu3	
遼	lʲɛw1/lieu1	
遽	ɡˠɨ3/ɡɨ̯u3	
遾	ʑɛj3/ʒiei3	
避	bʲi3/bi3	
邀	kʲɛw1/kieu1	
邀	ʔʲɛw1/ʔieu1	
邁	maj3/muai3	
邂	ʁaj3/ɦɯai3	
邃	sʲwi3/syi̯3	
還	ʁwan1/ɦuan1	
還	zʲwɛn1/zyen1	
邅	ʈˠɛn1/ʈien1	
邅	ɖˠɛn3/ɖien3	
邇	ɲi2/ɲʒi2	
邈	mawk4/muak4	
邊	pʲɛn1/pien1	
邋	lɑp4/lɑp4	
邋	lˠɛp4/ɭiep4	
邌	lʲɛj1/liei1	
邏	lɑ3/lɑ3	
邐	lˠi2/ɭi2	
邑	ʔˠip4/ʔɨp4	
邔	kˠʰi2/kʰɨi̯2	
邔	ɡˠi3/ɡɨi̯3	
邕	ʔˠuŋ1/ʔɨuŋ1	
邖	ʂan1/ʂɯan1	
邗	ʁɑn1/ɦɑn1	
邗	qɑn1/kɑn1	
邘	ɰu1/ɨ̯u1	
邙	ɱɑŋ1/mvuɔŋ1	
邙	mɑŋ1/muɔŋ1	
邛	ɡˠuŋ1/ɡɨuŋ1	
邞	fu1/pfu1	
邟	qʰɑŋ1/kʰɑŋ1	
邟	ʁɑŋ1/ɦɑŋ1	
邟	qʰɑŋ3/kʰɑŋ3	
邠	pˠin1/pɨn1	
邡	fɑŋ1/pfuɔŋ1	
邡	fʰɑŋ3/pfʰuɔŋ3	
邢	kʲʰɛn1/kʰien1	
邢	ɣʲɛŋ1/ɦieŋ1	
那	nɑ1/nɑ1	
那	nɑ2/nɑ2	
那	nɑ3/nɑ3	
邤	xˠin1/hɨn1	
邥	ɕim2/ʃim2	
邦	pawŋ1/puaŋ1	
邧	ŋˠwɛn1/ŋʉon1	
邧	ŋˠwɛn2/ŋʉon2	
邨	dwɨn1/dun1	
邩	χwɑ2/huɔ2	
邪	ja1/jia1	
邪	zʲa1/zia1	
邭	kˠu3/kɨ̯u3	
邮	jɨw1/jiu̯1	
邮	dʲɛk4/diek4	
邯	ʁɑn1/ɦɑn1	
邯	ʁɑm1/ɦɑm1	
邰	tʰɑj1/tʰɑi1	
邱	kˠʰɨw1/kʰɨu̯1	
邲	bʲit4/bit4	
邲	bˠit4/bɨt4	
邳	bˠi1/bɨi̯1	
邴	pˠɛŋ2/pɨeŋ2	
邴	pˠɛŋ3/pɨeŋ3	
邵	ʑɛw3/ʒieu3	
邶	bɑj3/buoi3	
邷	ɴwa2/ŋua2	
邸	tʲɛj2/tiei2	
邼	kˠʰwɑŋ1/kʰʉɔŋ1	
邽	kʲwɛj1/kyei1	
邾	ʈˠu1/ʈɨ̯u1	
邿	ɕi1/ʃi1	
郀	qʰu1/kʰu1	
郁	ʔˠɨwk4/ʔɨuk4	
郂	qɑj1/kɑi1	
郃	ʁɑp4/ɦɑp4	
郃	qɑp4/kɑp4	
郅	tɕit4/tʃit4	
郆	kʲit4/kit4	
郇	sʲwin1/syn1	
郇	ʁwan1/ɦuan1	
郈	ʁɨw3/ɦəu3	
郊	qaw1/kɯau1	
郋	ɣʲɛj1/ɦiei1	
郎	lɑŋ1/lɑŋ1	
郔	jɛn1/jien1	
郕	ʑɛŋ1/dʒieŋ1	
郖	tɨw1/təu1	
郖	dɨw3/dəu3	
郗	ʈˠʰi1/ʈʰi1	
郘	lˠɨ2/ɭɨ̯u2	
郙	fʰu1/pfʰu1	
郙	fu2/pfu2	
郚	ɴu1/ŋu1	
郛	fʰu1/pfʰu1	
郜	qɑw3/kɑu3	
郜	qɨwk4/kuk4	
郝	χɑk4/hɑk4	
郝	ɕɛk4/ʃiek4	
郝	tɕʰɛk4/tʃʰiek4	
郟	qap4/kɯap4	
郠	qɛŋ2/kɯɛŋ2	
郡	ɡˠun3/ɡɨun3	
郢	jɛŋ2/jieŋ2	
郣	bɨt4/but4	
郤	kˠʰɛk4/kʰɨek4	
部	bu3/bu3	
部	bɨw3/buəu3	老
郩	ʔɑw2/ʔɑu2	
郪	tsʰi1/tsʰi1	
郪	tsʲʰɛj1/tsʰiei1	
郫	bˠi1/bɨi̯1	
郫	bʲi1/bi1	
郫	baj1/buai1	
郭	qwɑk4/kuɔk4	
郮	tɕɨw1/tʃiu̯1	
郯	dɑm1/dɑm1	
郰	tʂɨw1/tʂʅᵊu1	
郱	bʲɛŋ1/bieŋ1	
郲	lɑj1/lɑi1	
郲	lwɑj2/luoi2	
郳	ŋʲɛj1/ŋiei1	
郴	ʈˠʰim1/ʈʰim1	
郵	ɰɨw1/ɨu̯1	
郹	kʲwɛk4/kyek4	
郺	ʔˠuŋ1/ʔɨuŋ1	
郺	ʔɨwŋ2/ʔuŋ2	
郻	kʲʰɛw1/kʰieu1	
郼	ʔˠi1/ʔɨi̯1	
都	tu1/tu1	
郾	ʔˠɛn2/ʔɨen2	
郾	ʔˠɛn3/ʔɨen3	
郿	mˠi1/mɨi̯1	
郿	mˠi3/mɨi̯3	
鄀	ɲɑk4/ɲʒɨɔk4	
鄁	bɑj3/buoi3	
鄂	ɴɑk4/ŋɑk4	
鄃	ju1/jɨ̯u1	
鄃	ɕu1/ʃɨ̯u1	
鄄	kʲwɛn3/kyen3	
鄅	ɰu2/ɨ̯u2	
鄆	ɰun3/ɨun3	
鄇	ʁɨw1/ɦəu1	
鄇	ʁɨw3/ɦəu3	
鄈	ɡʲwi1/ɡyi̯1	
鄉	xˠɑŋ1/hɨɔŋ1	
鄋	ʂɨw1/ʂʅᵊu1	
鄍	mʲɛŋ1/mieŋ1	
鄎	sʲɨk4/sik4	
鄏	ɲuk4/ɲʒɨuk4	
鄐	xˠɨwk4/hɨuk4	
鄐	ʈˠʰɨwk4/ʈʰɨuk4	
鄑	tsi1/tsi1	
鄒	tʂɨw1/tʂʅᵊu1	
鄔	ʔu1/ʔu1	
鄔	ʔu2/ʔu2	
鄔	ʔˠɨ3/ʔɨ̯u3	
鄖	ɰun1/ɨun1	
鄗	qʰaw1/kʰɯau1	
鄗	ʁɑw3/ɦɑu3	
鄗	χɑk4/hɑk4	
鄘	juŋ1/jɨuŋ1	
鄙	pˠi2/pɨi̯2	
鄚	mɑk4/muɔk4	
鄛	dʐaw1/dʐɯau1	
鄜	fʰu1/pfʰu1	
鄜	lɨwk4/luk4	
鄝	lʲɛw2/lieu2	
鄞	ŋˠin1/ŋɨn1	
鄟	dwɑn1/duon1	
鄟	tɕwɛn1/tʃyen1	
鄟	ʑwɛn3/ʒyen3	
鄠	ʁu3/ɦu3	
鄡	kʲʰɛw1/kʰieu1	
鄢	ʔˠɛn1/ʔɨen1	
鄢	ʔˠɛn2/ʔɨen2	
鄢	ʔˠɛn3/ʔɨen3	
鄣	tɕɑŋ1/tʃɨɔŋ1	
鄦	xˠɨ2/hɨ̯u2	
鄧	dɨŋ3/dəŋ3	
鄨	pʲɛj3/piei3	
鄨	pʲɛt4/piet4	
鄩	zʲim1/zim1	
鄪	pˠi3/pɨi̯3	
鄫	dzʲɨŋ1/dziŋ1	
鄬	ɰwi1/ɨui1	
鄬	ɰwi2/ɨui2	
鄭	ɖˠɛŋ3/ɖieŋ3	
鄮	mɨw3/muəu3	
鄯	ʑɛn3/ʒien3	
鄰	lˠin1/ɭin1	
鄱	bɑ1/buɔ1	
鄲	tɑn1/tɑn1	
鄳	mɛŋ1/muɛŋ1	
鄳	mɛŋ2/muɛŋ2	
鄴	ŋˠɛp4/ŋɨep4	
鄵	tsʰɑw3/tsʰɑu3	
鄶	qwɑj3/kuoi3	
鄸	mɨwŋ1/mvuŋ1	
鄸	mɨwŋ3/mvuŋ3	
鄹	tʂɨw1/tʂʅᵊu1	
鄹	dzʲu3/dzɨ̯u3	
鄺	χwɑŋ1/huɔŋ1	
鄺	qwɑŋ2/kuɔŋ2	
鄻	lˠɛn2/ɭien2	
鄽	ɖˠɛn1/ɖien1	
鄾	ʔˠɨw1/ʔɨu̯1	
酀	ʔʲɛn3/ʔien3	
酁	dʐam1/dʐɯam1	
酃	lʲɛŋ1/lieŋ1	
酄	χwɑn1/huon1	
酅	ɣʲwɛj1/ɦyei1	
酆	fʰuŋ1/pfʰuŋ1	
酇	dzwɑn1/dzuon1	
酇	tswɑn2/tsuon2	
酇	tsɑn3/tsɑn3	
酈	lˠi1/ɭi1	
酈	lʲɛk4/liek4	
酉	jɨw2/jiu̯2	
酊	tʲɛŋ2/tieŋ2	
酋	dzʲɨw1/dziu̯1	
酌	tɕɑk4/tʃɨɔk4	
配	pʰɑj3/pʰuoi3	
酎	ɖˠɨw3/ɖiu̯3	
酏	ji1/ji1	
酏	ji2/ji2	
酐	χɑŋ2/hɑŋ2	
酒	tsʲɨw2/tsiu̯2	
酓	ʔʲɛm2/ʔiem2	
酓	ʔʲɛm3/ʔiem3	
酕	mɑw1/muɔu1	
酖	tɑm1/tɑm1	
酗	xˠu3/hɨ̯u3	
酘	dɨw3/dəu3	
酡	dɑ1/dɑ1	
酢	dzɑk4/dzɑk4	
酣	ʁɑm1/ɦɑm1	
酤	qu1/ku1	
酤	ʁu3/ɦu3	
酤	qu3/ku3	
酥	su1/su1	
酨	dɑj3/dɑi3	
酨	dzɑj3/dzɑi3	
酩	mʲɛŋ2/mieŋ2	
酪	lɑk4/lɑk4	
酬	ʑɨw1/dʒiu̯1	
酭	ɰɨw3/ɨu̯3	
酮	dɨwŋ1/duŋ1	
酮	dɨwŋ3/duŋ3	
酲	ɖˠɛŋ1/ɖieŋ1	
酳	jin3/jin3	
酴	du1/du1	
酵	qaw3/kɯau3	
酷	qʰɨwk4/kʰuk4	
酸	swɑn1/suon1	
酹	lwɑj3/luoi3	
酺	bu1/bu1	
醁	lˠuk4/ɭɨuk4	
醂	lɑm2/lɑm2	
醃	ʔˠɛm1/ʔɨem1	
醅	pʰɑj1/pʰuoi1	
醅	fʰɨw1/pfʰuəu1	
醆	tʂan2/tʂɯan2	
醆	tɕɛn2/tʃien2	
醇	ʑwin1/dʒyn1	
醉	tsʲwi3/tsyi̯3	
醊	ʈˠwɛj3/ʈyei3	
醊	ʈˠwɛt4/ʈyet4	
醋	tsʰu3/tsʰu3	
醍	dʲɛj1/diei1	
醍	tʲʰɛj2/tʰiei2	
醎	ʁam1/ɦɯam1	
醏	tu1/tu1	
醐	ʁu1/ɦu1	
醑	sʲɨ2/sɨ̯u2	
醒	sʲɛŋ1/sieŋ1	
醒	sʲɛŋ2/sieŋ2	
醒	sʲɛŋ3/sieŋ3	
醔	tʂʰɨw1/tʂʰʅᵊu1	
醙	ʂɨw1/ʂʅᵊu1	
醙	sʲɨw2/siu̯2	
醜	tɕʰɨw2/tʃʰiu̯2	
醝	dzɑ1/dzɑ1	
醞	ʔˠun2/ʔɨun2	
醞	ʔˠun3/ʔɨun3	
醟	ɰwɛŋ3/ʉeŋ3	
醟	xʲwɛŋ3/hyeŋ3	
醠	ʔɑŋ2/ʔɑŋ2	
醠	ʔɑŋ3/ʔɑŋ3	
醡	tʂa3/tʂɯa3	
醢	χɑj2/hɑi2	
醥	pʲʰɛw2/pʰieu2	
醦	tʂʰim2/tʂʰʅᵊm2	
醦	ʂam2/ʂɯam2	
醧	ʔɨw1/ʔəu1	
醧	ʔˠɨ3/ʔɨ̯u3	
醨	lˠi1/ɭi1	
醩	tsɑw1/tsɑu1	
醪	lɑw1/lɑu1	
醫	ʔˠi1/ʔɨi̯1	
醬	tsʲɑŋ3/tsɨɔŋ3	
醭	pʰɨwk4/pʰuk4	
醮	tsʲɛw3/tsieu3	
醯	xʲɛj1/hiei1	
醰	dɑm3/dɑm3	
醲	ɳˠuŋ1/ɳɨuŋ1	
醳	jɛk4/jiek4	
醴	lʲɛj2/liei2	
醵	ɡˠɨ1/ɡɨ̯u1	
醵	ɡˠɨ3/ɡɨ̯u3	
醵	ɡˠɑk4/ɡɨɔk4	
醶	lam2/ɭɯam2	
醶	tʂʰam2/tʂʰɯam2	
醷	ʔˠi2/ʔɨi̯2	
醷	ʔˠɨk4/ʔɨk4	
醹	ɲu1/ɲʒɨ̯u1	
醹	ɲu2/ɲʒɨ̯u2	
醺	xˠun1/hɨun1	
醻	ʑɨw1/dʒiu̯1	
醼	ʔʲɛn3/ʔien3	
醽	lʲɛŋ1/lieŋ1	
醿	mˠi1/mɨi̯1	
釀	ɳˠɑŋ3/ɳɨɔŋ3	
釁	xˠin3/hɨn3	
釂	tsʲɛw3/tsieu3	
釃	ʂi1/ʂʅi̯1	
釃	ʂɨ1/ʂʅu1	
釃	ʂi2/ʂʅi̯2	
釅	ŋˠɛm3/ŋɨem3	
釆	ban3/buan3	
采	tsʰɑj2/tsʰɑi2	
釋	ɕɛk4/ʃiek4	
里	lˠi2/ɭi2	
重	ɖˠuŋ1/ɖɨuŋ1	
重	ɖˠuŋ3/ɖɨuŋ3	
野	ʑɨ3/ʒɨ̯u3	
野	ja2/jia2	
量	lˠɑŋ1/ɭɨɔŋ1	
量	lˠɑŋ3/ɭɨɔŋ3	
釐	lˠi1/ɭi1	
金	kˠim1/kɨm1	
釕	tʲɛw2/tieu2	
釗	kʲɛw1/kieu1	
釗	tɕɛw1/tʃieu1	
釘	tʲɛŋ1/tieŋ1	
釘	tʲɛŋ3/tieŋ3	
釚	ɡˠɨw1/ɡɨu̯1	
釜	vu3/bvu3	
針	tɕim1/tʃim1	
針	tɕim3/tʃim3	
釟	pat4/puat4	
釣	tʲɛw3/tieu3	
釤	ʂam3/ʂɯam3	
釥	tsʲʰɛw2/tsʰieu2	
釦	qʰɨw2/kʰəu2	
釧	tɕʰwɛn3/tʃʰyen3	
釩	fʰɛm2/pfʰuɐm2	
釪	ɰu1/ɨ̯u1	
釫	ʔu1/ʔu1	
釫	ʁwa1/ɦua1	
釬	ʁɑn3/ɦɑn3	
釭	qɨwŋ1/kuŋ1	
釭	qawŋ1/kɯaŋ1	
釱	dʲɛj3/diei3	
釱	dɑj3/dɑi3	
釳	xˠit4/hɨt4	
釴	jɨk4/jik4	
釵	tʂʰa1/tʂʰɯa1	
釵	tʂʰaj1/tʂʰɯai1	老
釾	ja1/jia1	
釿	kˠin1/kɨn1	
釿	ŋˠin2/ŋɨn2	
鈀	pʰa1/pʰua1	
鈀	pa1/pua1	
鈁	fɑŋ1/pfuɔŋ1	
鈂	ɖˠim1/ɖim1	
鈂	dzʲim1/dzim1	
鈃	ɣʲɛŋ1/ɦieŋ1	
鈄	tʰɨw2/tʰəu2	
鈅	ŋˠwɛt4/ŋʉot4	
鈆	tɕuŋ1/tʃɨuŋ1	
鈆	jwɛn1/jyen1	
鈇	fu1/pfu1	
鈉	ɲwɛj3/ɲʒyei3	
鈋	ɴwɑ1/ŋuɔ1	
鈌	kʲwɛt4/kyet4	
鈍	dwɨn3/dun3	
鈏	jin2/jin2	
鈏	jin3/jin3	
鈐	ɡˠɛm1/ɡɨem1	
鈑	pan2/puan2	
鈒	ʂip4/ʂʅᵊp4	
鈒	sɑp4/sɑp4	
鈔	tʂʰaw1/tʂʰɯau1	
鈔	tʂʰaw3/tʂʰɯau3	
鈕	ɳˠɨw2/ɳiu̯2	
鈙	ɡˠim3/ɡɨm3	
鈚	bʲi1/bi1	
鈚	pʲʰɛj1/pʰiei1	
鈜	ʁwɛŋ1/ɦuɛŋ1	
鈞	kʲwin1/kyn1	
鈠	jwɛk4/jyek4	
鈭	tsi1/tsi1	
鈭	tsʰi1/tsʰi1	
鈯	dwɨt4/dut4	
鈱	mˠin1/mɨn1	
鈳	ʔɑ1/ʔɑ1	
鈴	lʲɛŋ1/lieŋ1	
鈵	pˠɛŋ3/pɨeŋ3	
鈶	zi3/zi3	
鈷	qu2/ku2	
鈸	bɑt4/buot4	
鈹	pˠʰi1/pʰɨi̯1	
鈼	dzɑk4/dzɑk4	
鈿	dʲɛn1/dien1	
鈿	dʲɛn3/dien3	
鉀	qɑp4/kɑp4	
鉀	qap4/kɯap4	
鉅	ɡˠɨ3/ɡɨ̯u3	
鉆	ɡˠɛm1/ɡɨem1	
鉆	tʲʰɛp4/tʰiep4	
鉈	ɕi1/ʃi1	
鉈	ʑa1/dʒia1	
鉉	ɣʲwɛn3/ɦyen3	
鉊	tɕɛw1/tʃieu1	
鉋	baw1/buau1	
鉋	baw3/buau3	
鉌	ʁwɑ1/ɦuɔ1	
鉍	pˠi3/pɨi̯3	
鉍	pˠit4/pɨt4	
鉎	ʂɛŋ1/ʂɯɛŋ1	
鉎	sʲɛŋ1/sieŋ1	
鉏	dʐɨ1/dʐʅu1	
鉏	dʐɨ3/dʐʅu3	
鉐	ʑɛk4/ʒiek4	
鉒	ʈˠu3/ʈɨ̯u3	
鉖	dɨwŋ1/duŋ1	
鉗	ɡˠɛm1/ɡɨem1	
鉛	jwɛn1/jyen1	
鉜	vɨw1/bvuəu1	
鉞	ɰwɛt4/ʉot4	
鉟	bˠi1/bɨi̯1	
鉟	pˠʰi1/pʰɨi̯1	
鉠	ʔˠɑŋ1/ʔɨɔŋ1	
鉠	ʔˠɛŋ1/ʔɨeŋ1	
鉢	pɑt4/puot4	
鉣	kˠɛp4/kɨep4	
鉤	qɨw1/kəu1	
鉦	tɕɛŋ1/tʃieŋ1	
鉵	dɨwŋ1/duŋ1	
鉶	ɣʲɛŋ1/ɦieŋ1	
鉷	ʁɨwŋ1/ɦuŋ1	
鉸	qaw1/kɯau1	
鉸	qaw2/kɯau2	
鉸	qaw3/kɯau3	
鉹	ji1/ji1	
鉹	tɕʰi2/tʃʰi2	
鉻	lɑk4/lɑk4	
鉻	qɛk4/kɯɛk4	
鉼	pʲɛŋ2/pieŋ2	
鉽	ɕɨk4/ʃik4	
鉿	qɑp4/kɑp4	
銀	ŋˠin1/ŋɨn1	
銃	tɕʰɨwŋ3/tʃʰɨuŋ3	
銅	dɨwŋ1/duŋ1	
銆	mɛk4/muɛk4	
銇	lwɑj3/luoi3	
銉	jwit4/jyt4	
銊	sʲwit4/syt4	
銋	ɲim1/ɲʒim1	
銋	ɲim2/ɲʒim2	
銍	tɕit4/tʃit4	
銍	ʈˠit4/ʈit4	
銎	xˠuŋ1/hɨuŋ1	
銎	kˠʰuŋ1/kʰɨuŋ1	
銐	tɕʰɛj3/tʃʰiei3	
銐	ɖˠɛj3/ɖiei3	
銑	sʲɛn2/sien2	
銓	tsʲʰwɛn1/tsʰyen1	
銕	dʲɛj1/diei1	
銕	tʲʰɛt4/tʰiet4	
銖	ʑu1/dʒɨ̯u1	
銗	ʁɨw1/ɦəu1	
銘	mʲɛŋ1/mieŋ1	
銙	qʰwa2/kʰua2	
銚	tʲʰɛw1/tʰieu1	
銚	jɛw1/jieu1	
銚	dʲɛw3/dieu3	
銛	sʲɛm1/siem1	
銛	tʲʰɛm2/tʰiem2	
銛	qwɑt4/kuot4	
銜	ʁam1/ɦɯam1	
銳	jwɛj3/jyei3	
銳	dwɑj3/duoi3	
銴	jwɛj3/jyei3	
銴	ʑɛj3/ʒiei3	
銵	qʰɛŋ1/kʰɯɛŋ1	
銶	ɡˠɨw1/ɡɨu̯1	
銷	sʲɛw1/sieu1	
銻	dʲɛj1/diei1	
銼	dzwɑ1/dzuɔ1	
銼	tsʰwɑ3/tsʰuɔ3	
銼	dzɨwk4/dzuk4	
銿	juŋ1/jɨuŋ1	
鋀	tʰɨw1/tʰəu1	
鋂	mɑj1/muoi1	
鋃	lɑŋ1/lɑŋ1	
鋇	pɑj3/puoi3	
鋈	ʔɨwk4/ʔuk4	
鋊	juk4/jɨuk4	
鋋	jɛn1/jien1	
鋋	ʑɛn1/dʒien1	
鋌	dʲɛŋ3/dieŋ3	
鋏	kʲɛp4/kiep4	
鋑	tsʲwɛn1/tsyen1	
鋒	fʰuŋ1/pfʰuŋ1	
鋖	si1/si1	
鋗	xʲwɛn1/hyen1	
鋘	ɴu1/ŋu1	
鋘	ʁwa1/ɦua1	
鋙	ŋˠɨ1/ŋɨ̯u1	
鋙	ŋˠɨ2/ŋɨ̯u2	
鋚	dʲɛw1/dieu1	
鋜	dʐawk4/dʐɯak4	
鋝	lˠwɛt4/ɭyet4	
鋞	ɣʲɛŋ1/ɦieŋ1	
鋞	ɣʲɛŋ3/ɦieŋ3	
鋟	tsʲɛm1/tsiem1	
鋟	tsʲʰim2/tsʰim2	
鋠	ʑin3/ʒin3	
鋡	ʁɑm1/ɦɑm1	
鋤	dʐɨ1/dʐʅu1	
鋥	ɖɛŋ3/ɖɯɛŋ3	
鋦	kˠuk4/kɨuk4	
鋩	ɱɑŋ1/mvuɔŋ1	
鋪	fʰu1/pfʰu1	
鋪	pʰu1/pʰu1	
鋪	pʰu3/pʰu3	
鋸	kˠɨ3/kɨ̯u3	
鋹	ʈˠʰɑŋ2/ʈʰɨɔŋ2	
鋻	kʲɛn1/kien1	
鋻	kʲɛn3/kien3	
鋼	qɑŋ1/kɑŋ1	
鋼	qɑŋ3/kɑŋ3	
鋽	tʲʰɛw3/tʰieu3	
鋿	ʑɑŋ1/dʒɨɔŋ1	
錀	fʰun1/pfʰun1	
錄	lˠuk4/ɭɨuk4	
錉	mˠin1/mɨn1	
錊	tsɨwk4/tsuk4	
錍	pʲi1/pi1	
錍	pʲʰɛj1/pʰiei1	
錎	qʰɑm2/kʰɑm2	
錎	ʁam3/ɦɯam3	
錏	ʔa1/ʔɯa1	
錐	tɕwi1/tʃyi̯1	
錑	lwɑj3/luoi3	
錔	tʰɑp4/tʰɑp4	
錕	qwɨn1/kun1	
錕	qwɨn2/kun2	
錖	tɨwk4/tuk4	
錘	ɖˠwi1/ɖyi̯1	
錘	ɖˠwi3/ɖyi̯3	
錙	tʂi1/tʂʅi̯1	
錚	tʂʰɛŋ1/tʂʰɯɛŋ1	
錜	nʲɛp4/niep4	
錝	tsɨwŋ3/tsuŋ3	
錞	ʑwin1/dʒyn1	
錞	dwɑj3/duoi3	
錟	dɑm1/dɑm1	
錠	dʲɛŋ3/dieŋ3	
錠	tʲɛŋ3/tieŋ3	
錡	ɡˠi1/ɡɨi̯1	
錡	ɡˠi3/ɡɨi̯3	
錡	ŋˠi2/ŋɨi̯2	
錢	dzʲɛn1/dzien1	
錢	tsʲɛn2/tsien2	
錣	ʈˠwɛj3/ʈyei3	
錣	ʈwat4/ʈuat4	
錤	ɡˠi1/ɡɨi̯1	
錤	kˠi1/kɨi̯1	
錥	jɨwk4/jɨuk4	
錦	kˠim2/kɨm2	
錧	qwɑn2/kuon2	
錧	qwɑn3/kuon3	
錪	tʲʰɛn2/tʰien2	
錪	tʲɛn2/tien2	
錫	sʲɛk4/siek4	
錭	dɑw1/dɑu1	
錮	qu3/ku3	
錯	tsʰu3/tsʰu3	
錯	tsʰɑk4/tsʰɑk4	
錽	ɱɛm2/mvuɐm2	
鍇	qaj1/kɯai1	
鍇	qʰaj2/kʰɯai2	
鍉	tʲɛj1/tiei1	
鍊	lʲɛn3/lien3	
鍋	qwɑ1/kuɔ1	
鍍	du1/du1	
鍍	du3/du3	
鍎	dwɨt4/dut4	
鍏	ɰwi1/ɨui1	
鍏	ɰwi2/ɨui2	
鍑	fɨw3/pfuəu3	
鍑	fuk4/pfuk4	
鍒	ɲɨw1/ɲʒiu̯1	
鍔	ɴɑk4/ŋɑk4	
鍖	ʈˠʰim2/ʈʰim2	
鍚	jɑŋ1/jɨɔŋ1	
鍛	twɑn3/tuon3	
鍜	ʁa1/ɦɯa1	
鍝	ŋˠu1/ŋɨ̯u1	
鍠	ʁwɛŋ1/ɦuɛŋ1	
鍡	ʔwɑj2/ʔuoi2	
鍤	ʈˠʰɛp4/ʈʰiep4	
鍤	tʂʰap4/tʂʰɯap4	
鍥	kʲɛt4/kiet4	
鍥	kʲʰɛt4/kʰiet4	
鍦	ɕi1/ʃi1	
鍦	ʑa1/dʒia1	
鍦	ɕi3/ʃi3	
鍧	χwɛŋ1/huɛŋ1	
鍨	ɡˠwi1/ɡɨui1	
鍪	mɨw1/mvuəu1	
鍫	tsʲʰɛw1/tsʰieu1	
鍭	ʁɨw1/ɦəu1	
鍭	ʁɨw3/ɦəu3	
鍮	tʰɨw1/tʰəu1	
鍰	ʁwan1/ɦuan1	
鍱	jɛp4/jiep4	
鍴	twɑn1/tuon1	
鍵	ɡˠɛn1/ɡɨen1	
鍵	ɡˠɛn3/ɡɨen3	
鍺	twɑ2/tuɔ2	
鍻	kˠɛt4/kɨet4	
鍼	tɕim1/tʃim1	
鍼	ɡˠɛm1/ɡɨem1	
鍼	ɡʲɛm1/ɡiem1	
鍾	tɕuŋ1/tʃɨuŋ1	
鎁	ja1/jia1	
鎈	tʂʰa1/tʂʰɯa1	
鎊	pʰɑŋ1/pʰuɔŋ1	
鎋	ʁat4/ɦɯat4	
鎌	lˠɛm1/ɭiem1	
鎎	xˠi3/hɨi̯3	
鎐	tsɨwk4/tsuk4	
鎒	nɨw3/nəu3	
鎔	juŋ1/jɨuŋ1	
鎕	dɑŋ1/dɑŋ1	
鎖	swɑ2/suɔ2	
鎗	tʂʰɛŋ1/tʂʰɯɛŋ1	
鎘	lʲɛk4/liek4	
鎚	ɖˠwi1/ɖyi̯1	
鎚	twɑj1/tuoi1	
鎚	ɖˠwi3/ɖyi̯3	
鎛	pɑk4/puɔk4	
鎜	bɑn1/buon1	
鎞	pʲɛj1/piei1	
鎡	tsi1/tsi1	
鎢	ʔu1/ʔu1	
鎣	jwɛŋ1/jyeŋ1	
鎣	ʔʲwɛŋ3/ʔyeŋ3	
鎦	lˠɨw1/ɭiu̯1	
鎧	qʰɑj2/kʰɑi2	
鎧	qʰɑj3/kʰɑi3	
鎩	ʂɛj3/ʂʅei3	
鎩	ʂaj3/ʂɯai3	
鎩	ʂat4/ʂɯat4	
鎪	ʂɨw1/ʂʅᵊu1	
鎬	ʁɑw3/ɦɑu3	
鎮	ʈˠin1/ʈin1	
鎮	ʈˠin3/ʈin3	
鎰	jit4/jit4	
鏀	lu2/lu2	
鏂	ʔɨw1/ʔəu1	
鏃	tsɨwk4/tsuk4	
鏆	qwɑn3/kuon3	
鏇	zʲwɛn1/zyen1	
鏇	zʲwɛn3/zyen3	
鏈	ʈˠʰɛn1/ʈʰien1	
鏈	lˠɛn1/ɭien1	
鏉	sɨw1/səu1	
鏉	ʂɨw3/ʂʅᵊu3	
鏉	sɨw3/səu3	
鏊	ɴɑw3/ŋɑu3	
鏋	mɑn2/muon2	
鏌	mɑk4/muɔk4	
鏎	pʲit4/pit4	
鏏	zʲwɛj3/zyei3	
鏐	lˠɨw1/ɭiu̯1	
鏑	tʲɛk4/tiek4	
鏓	tsʰɨwŋ1/tsʰuŋ1	
鏔	ji1/ji1	
鏕	lɨwk4/luk4	
鏖	ʔɑw1/ʔɑu1	
鏗	qʰɛŋ1/kʰɯɛŋ1	
鏘	tsʲʰɑŋ1/tsʰɨɔŋ1	
鏙	tsʰwɑj2/tsʰuoi2	
鏚	tsʲʰɛk4/tsʰiek4	
鏜	tʰɑŋ1/tʰɑŋ1	
鏝	mɑn1/muon1	
鏝	mɑn3/muon3	
鏞	juŋ1/jɨuŋ1	
鏟	tʂʰan2/tʂʰɯan2	
鏟	tʂʰan3/tʂʰɯan3	
鏡	kˠɛŋ3/kɨeŋ3	
鏢	pʲʰɛw1/pʰieu1	
鏤	lˠu1/ɭɨ̯u1	
鏤	lɨw3/ləu3	
鏦	tsʲʰuŋ1/tsʰɨuŋ1	
鏦	tʂʰawŋ1/tʂʰɯaŋ1	
鏨	dzɑm1/dzɑm1	
鏨	dʐam1/dʐɯam1	
鏨	dzɑm3/dzɑm3	
鏨	dzʲɛm3/dziem3	
鏳	dʐɛŋ1/dʐɯɛŋ1	
鏵	ʁwa1/ɦua1	
鏶	dzʲip4/dzip4	
鏶	tsʲʰɛp4/tsʰiep4	
鏷	bɨwk4/buk4	
鏸	ɣʲwɛj3/ɦyei3	
鏹	kˠɑŋ2/kɨɔŋ2	
鏺	pʰɑt4/pʰuot4	
鏻	lˠin1/ɭin1	
鏻	lʲɛŋ1/lieŋ1	
鏻	lˠin3/ɭin3	
鏾	sɑn2/sɑn2	
鐁	si1/si1	
鐃	ɳaw1/ɳɯau1	
鐄	ʁwɛŋ1/ɦuɛŋ1	
鐅	pʲʰɛt4/pʰiet4	
鐆	zʲwi3/zyi̯3	
鐇	vɛn1/bvuɐn1	
鐇	fɛn1/pfuɐn1	
鐈	ɡˠɛw1/ɡɨeu1	
鐉	tsʲʰwɛn1/tsʰyen1	
鐋	tʰɑŋ3/tʰɑŋ3	
鐍	kʲwɛt4/kyet4	
鐎	dzʲɛw1/dzieu1	
鐎	tsʲɛw1/tsieu1	
鐏	dzwɨn3/dzun3	
鐐	lʲɛw1/lieu1	
鐐	lʲɛw3/lieu3	
鐓	dwɑj3/duoi3	
鐔	zʲim1/zim1	
鐔	jim1/jim1	
鐔	dɑm1/dɑm1	
鐕	tsɑm1/tsɑm1	
鐖	kˠi1/kɨi̯1	
鐘	tɕuŋ1/tʃɨuŋ1	
鐙	tɨŋ3/təŋ3	
鐧	qan3/kɯan3	
鐩	zʲwi3/zyi̯3	
鐪	lu2/lu2	
鐫	tsʲwɛn1/tsyen1	
鐬	χwɑj3/huoi3	
鐮	lˠɛm1/ɭiem1	
鐯	ʈˠɑk4/ʈɨɔk4	
鐰	tsʲʰɛw1/tsʰieu1	
鐰	dzɑw1/dzɑu1	
鐲	ʑuk4/ʒɨuk4	
鐲	ɖawk4/ɖɯak4	
鐳	lwɑj1/luoi1	
鐴	pʲɛk4/piek4	
鐵	tʲʰɛt4/tʰiet4	
鐶	ʁwan1/ɦuan1	
鐸	dɑk4/dɑk4	
鐹	qwɑ2/kuɔ2	
鐹	qwɑ3/kuɔ3	
鐺	tɑŋ1/tɑŋ1	
鐺	tʂʰɛŋ1/tʂʰɯɛŋ1	
鐻	ɡˠɨ1/ɡɨ̯u1	
鐻	ɡˠɨ3/ɡɨ̯u3	
鐻	kˠɨ3/kɨ̯u3	
鐼	vun1/bvun1	
鐼	xˠun3/hɨun3	
鑄	tɕu3/tʃɨ̯u3	
鑈	nʲɛj2/niei2	
鑈	nʲɛp4/niep4	
鑊	ʁwɑk4/ɦuɔk4	
鑋	kʲʰɛŋ1/kʰieŋ1	
鑋	kʲʰɛŋ3/kʰieŋ3	
鑌	pʲin1/pin1	
鑏	ɳɛŋ1/ɳɯɛŋ1	
鑐	sʲu1/sɨ̯u1	
鑑	qam1/kɯam1	
鑑	qam3/kɯam3	
鑒	qam3/kɯam3	
鑕	tɕit4/tʃit4	
鑗	lˠi1/ɭi1	
鑘	lwɑj1/luoi1	
鑘	lwɑj2/luoi2	
鑛	qwɛŋ2/kuɛŋ2	
鑞	lɑp4/lɑp4	
鑠	ɕɑk4/ʃɨɔk4	
鑢	lˠɨ3/ɭɨ̯u3	
鑣	pˠɛw1/pɨeu1	
鑩	ɴɑk4/ŋɑk4	
鑪	lu1/lu1	
鑭	lɑn3/lɑn3	
鑮	bɑk4/buɔk4	
鑮	pɑk4/puɔk4	
鑯	tsʲɛm1/tsiem1	
鑰	jɑk4/jɨɔk4	
鑱	dʐam1/dʐɯam1	
鑱	dʐam3/dʐɯam3	
鑲	ɲɑŋ1/ɲʒɨɔŋ1	
鑲	sʲɑŋ1/sɨɔŋ1	
鑲	ɳˠɑŋ1/ɳɨɔŋ1	
鑳	ɡˠɛn3/ɡɨen3	
鑴	xʲwi1/hyi̯1	
鑴	ɣʲwɛj1/ɦyei1	
鑷	ɳˠɛp4/ɳiep4	
鑹	tsʰwɑn3/tsʰuon3	
鑺	ɡˠu1/ɡɨ̯u1	
鑼	lɑ1/lɑ1	
鑽	tswɑn1/tsuon1	
鑽	tswɑn3/tsuon3	
鑾	lwɑn1/luon1	
鑿	dzɨwk4/dzuk4	
鑿	tsɑk4/tsɑk4	
鑿	dzɑk4/dzɑk4	
钀	ŋˠɛt4/ŋɨet4	
钁	kˠwɑk4/kʉɔk4	
钃	ʈˠuk4/ʈɨuk4	
長	ɖˠɑŋ1/ɖɨɔŋ1	
長	ʈˠɑŋ2/ʈɨɔŋ2	
長	ɖˠɑŋ3/ɖɨɔŋ3	
镺	ʔɑw2/ʔɑu2	
镺	ʔɑw3/ʔɑu3	
镻	dʲɛt4/diet4	
镽	lʲɛw2/lieu2	
镾	mʲi1/mi1	
門	mɨn1/mun1	
閃	ɕɛm2/ʃiem2	
閃	ɕɛm3/ʃiem3	
閇	pʲɛj3/piei3	
閈	ʁɑn3/ɦɑn3	
閉	pʲɛj3/piei3	
閉	pʲɛt4/piet4	
開	qʰɑj1/kʰɑi1	
閌	qʰɑŋ3/kʰɑŋ3	
閍	pɛŋ1/puɛŋ1	
閎	ʁwɛŋ1/ɦuɛŋ1	
閏	ɲwin3/ɲʒyn3	
閐	sɑm3/sɑm3	
閑	ʁan1/ɦɯan1	
閒	qan1/kɯan1	
閒	qan3/kɯan3	
閔	mˠin2/mɨn2	
閘	qɑp4/kɑp4	
閘	ʔap4/ʔɯap4	
閛	pʰɛŋ1/pʰuɛŋ1	
閜	χa2/hɯa2	
閝	lʲɛŋ1/lieŋ1	
閞	vɛn3/bvuɐn3	
閞	bˠɛn3/bɨen3	
閟	pˠi3/pɨi̯3	
閡	ɴɑj3/ŋɑi3	
関	qwan1/kuan1	
閣	qɑk4/kɑk4	
閤	qɑp4/kɑp4	
閥	vɛt4/bvuɐt4	
閨	kʲwɛj1/kyei1	
閩	mˠin1/mɨn1	
閩	ɱun1/mvun1	
閫	qʰwɨn2/kʰun2	
閬	lɑŋ1/lɑŋ1	
閬	lɑŋ3/lɑŋ3	
閭	lˠɨ1/ɭɨ̯u1	
閰	kˠɨwk4/kɨuk4	
閱	jwɛt4/jyet4	
閵	lˠin3/ɭin3	
閶	tɕʰɑŋ1/tʃʰɨɔŋ1	
閷	ʂaj3/ʂɯai3	
閹	ʔˠɛm1/ʔɨem1	
閹	ʔˠɛm2/ʔɨem2	
閻	jɛm1/jiem1	
閼	ʔʲɛn1/ʔien1	
閼	ʔˠɛn1/ʔɨen1	
閼	ʔˠɛt4/ʔɨet4	
閼	ʔɑt4/ʔɑt4	
閽	χwɨn1/hun1	
閾	xˠwɨk4/hʉik4	
闃	kʲʰwɛk4/kʰyek4	
闄	ʔʲɛw2/ʔieu2	
闅	mˠin1/mɨn1	
闅	mʲin1/min1	
闅	ɱun1/mvun1	
闇	ʔɑm3/ʔɑm3	
闈	ɰwi1/ɨui1	
闉	ʔʲin1/ʔin1	
闊	qʰwɑt4/kʰuot4	
闋	kʲʰwɛt4/kʰyet4	
闌	lɑn1/lɑn1	
闍	tu1/tu1	
闍	ʑa1/dʒia1	
闐	dʲɛn1/dien1	
闐	dʲɛn3/dien3	
闑	ŋʲɛt4/ŋiet4	
闑	ŋˠɛt4/ŋɨet4	
闒	dɑp4/dɑp4	
闓	qʰɑj2/kʰɑi2	
闓	qʰɑj3/kʰɑi3	
闔	ʁɑp4/ɦɑp4	
闕	kˠʰwɛt4/kʰʉot4	
闖	ʈˠʰim3/ʈʰim3	
闙	kʲʰɛj2/kʰiei2	
闚	kʲʰwi1/kʰyi̯1	
闛	dɑŋ1/dɑŋ1	
闛	tʰɑŋ1/tʰɑŋ1	
關	qwan1/kuan1	
闞	qʰɑm3/kʰɑm3	
闞	χam3/hɯam3	
闟	xˠip4/hɨp4	
闠	ʁwɑj3/ɦuoi3	
闡	tɕʰɛn2/tʃʰien2	
闢	bʲɛk4/biek4	
闣	tɑŋ3/tɑŋ3	
闤	ʁwan1/ɦuan1	
闥	tʰɑt4/tʰɑt4	
阜	vu3/bvu3	
阜	vɨw3/bvuəu3	老
阞	lɨk4/lək4	
阠	ʂin1/ʂʅᵊn1	
阠	sʲin3/sin3	
阠	ɕin3/ʃin3	
阡	tsʲʰɛn1/tsʰien1	
阤	ɖˠi3/ɖi3	
阤	ɕi2/ʃi2	
阧	tɨw2/təu2	
阪	fɛn2/pfuɐn2	
阪	ban3/buan3	
阬	qʰɛŋ1/kʰɯɛŋ1	
阬	qʰɑŋ3/kʰɑŋ3	
阮	ŋˠwɛn1/ŋʉon1	
阮	ŋˠwɛn2/ŋʉon2	
阯	tɕi2/tʃi2	
阰	bʲi1/bi1	
阱	dzʲɛŋ3/dzieŋ3	
防	vɑŋ1/bvuɔŋ1	
防	vɑŋ3/bvuɔŋ3	
阸	ʔaj3/ʔɯai3	
阸	ʔɛk4/ʔɯɛk4	
阹	kˠʰɨ1/kʰɨ̯u1	
阺	ɖˠi1/ɖi1	
阻	tʂɨ2/tʂʅu2	
阻	tʂɨ3/tʂʅu3	
阼	dzu3/dzu3	
阽	jɛm1/jiem1	
阾	lʲɛŋ1/lieŋ1	
阾	lˠɛŋ2/ɭieŋ2	
阿	ʔɑ1/ʔɑ1	
陀	dɑ1/dɑ1	
陂	pˠi1/pɨi̯1	
陂	pˠi3/pɨi̯3	
附	vu3/bvu3	
陊	ɖˠi3/ɖi3	
陊	dɑ3/dɑ3	
陋	lɨw3/ləu3	
陌	mɛk4/muɛk4	
降	ʁawŋ1/ɦɯaŋ1	
降	qawŋ3/kɯaŋ3	
陎	ʑu1/dʒɨ̯u1	
限	ʁan3/ɦɯan3	
陑	ɲi1/ɲʒi1	
陒	kˠwi2/kɨui2	
陓	ʔˠu1/ʔɨ̯u1	
陔	qɑj1/kɑi1	
陖	sʲwin3/syn3	
陗	tsʲʰɛw3/tsʰieu3	
陘	ɣʲɛŋ1/ɦieŋ1	
陙	ʑwin1/dʒyn1	
陚	fu3/pfu3	
陛	bʲɛj3/biei3	
陜	ʁap4/ɦɯap4	
陝	ɕɛm2/ʃiem2	
陞	ɕɨŋ1/ʃiŋ1	
陟	ʈˠɨk4/ʈik4	
陠	pu1/pu1	
陠	pʰu1/pʰu1	
陡	tɨw2/təu2	
院	ʁwɑn1/ɦuon1	
院	ɰwɛn3/ʉon3	
陣	ɖˠin3/ɖin3	
除	ɖˠɨ1/ɖɨ̯u1	
除	ɖˠɨ3/ɖɨ̯u3	
陧	ŋʲɛt4/ŋiet4	
陪	bɑj1/buoi1	
陫	vi3/bvi3	
陬	tsʲu1/tsɨ̯u1	
陬	tʂɨw1/tʂʅᵊu1	
陬	tsɨw1/tsəu1	
陭	ʔˠi1/ʔɨi̯1	
陭	ʔˠi3/ʔɨi̯3	
陮	dwɑj3/duoi3	
陯	lˠwin1/ɭyn1	
陰	ʔˠim1/ʔɨm1	
陲	ʑwi1/dʒyi̯1	
陳	ɖˠin1/ɖin1	
陳	ɖˠin3/ɖin3	
陴	bʲi1/bi1	
陵	lˠɨŋ1/ɭiŋ1	
陶	jɛw1/jieu1	
陶	dɑw1/dɑu1	
陷	ʁam3/ɦɯam3	
陸	lˠɨwk4/ɭɨuk4	
陻	ʔʲin1/ʔin1	
陼	tɕɨ2/tʃɨ̯u2	
陽	jɑŋ1/jɨɔŋ1	
陾	ɲi1/ɲʒi1	
陾	nɨw2/nəu2	
陿	ʁap4/ɦɯap4	
隃	sʲu1/sɨ̯u1	
隃	ju1/jɨ̯u1	
隃	ɕu1/ʃɨ̯u1	
隃	ɕu3/ʃɨ̯u3	
隄	tʲɛj1/tiei1	
隄	dʲɛj1/diei1	
隅	ŋˠu1/ŋɨ̯u1	
隆	lˠɨwŋ1/ɭɨuŋ1	
隇	ʔˠwi1/ʔɨui1	
隈	ʔwɑj1/ʔuoi1	
隈	ʔwɑj3/ʔuoi3	
隊	dwɑj3/duoi3	
隋	zʲwi1/zyi̯1	
隋	tʰwɑ2/tʰuɔ2	
隌	ʔˠim1/ʔɨm1	
隌	ʔɑm2/ʔɑm2	
隍	ʁwɑŋ1/ɦuɔŋ1	
階	qaj1/kɯai1	
隑	ɴɑj1/ŋɑi1	
隒	ŋˠɛm2/ŋɨem2	
隓	xʲwi1/hyi̯1	
隔	qɛk4/kɯɛk4	
隕	ɰun2/ɨun2	
隖	ʔu2/ʔu2	
隗	ɴwɑj2/ŋuoi2	
隘	ʔaj3/ʔɯai3	
隙	kˠʰɛk4/kʰɨek4	
隚	dɑŋ1/dɑŋ1	
際	tsʲɛj3/tsiei3	
障	tɕɑŋ1/tʃɨɔŋ1	
障	tɕɑŋ3/tʃɨɔŋ3	
隤	dwɑj1/duoi1	
隥	tɨŋ3/təŋ3	
隧	zʲwi3/zyi̯3	
隨	zʲwi1/zyi̯1	
隩	ʔɑw3/ʔɑu3	
隩	ʔˠɨwk4/ʔɨuk4	
險	xˠɛm2/hɨem2	
隮	tsʲɛj1/tsiei1	
隮	tsʲɛj3/tsiei3	
隰	zʲip4/zip4	
隱	ʔˠin2/ʔɨn2	
隱	ʔˠin3/ʔɨn3	
隳	xʲwi1/hyi̯1	
隴	lˠuŋ2/ɭɨuŋ2	
隵	xˠi1/hɨi̯1	
隶	ji3/ji3	
隷	lʲɛj3/liei3	
隸	lʲɛj3/liei3	
隹	tɕwi1/tʃyi̯1	
隺	ʁɨwk4/ɦuk4	
隻	tɕɛk4/tʃiek4	
隼	sʲwin2/syn2	
隽	dzʲwɛn3/dzyen3	
隿	jɨk4/jik4	
雀	tsʲɑk4/tsɨɔk4	
雁	ɴan3/ŋɯan3	
雂	ɡˠim1/ɡɨm1	
雂	ɡˠɛm1/ɡɨem1	
雃	ɴɑn1/ŋɑn1	
雃	kʲʰɛn1/kʰien1	
雄	ɣˠɨwŋ1/ɨuŋ1	
雅	ɴa2/ŋɯa2	
集	dzʲip4/dzip4	
雇	ʁu3/ɦu3	
雇	qu3/ku3	
雈	ʁwɑn1/ɦuon1	
雉	ɖˠi3/ɖi3	
雊	qɨw3/kəu3	
雋	dzʲwɛn3/dzyen3	
雌	tsʰi1/tsʰi1	
雍	ʔˠuŋ1/ʔɨuŋ1	
雍	ʔˠuŋ3/ʔɨuŋ3	
雎	tsʲʰɨ1/tsʰɨ̯u1	
雐	χu1/hu1	
雒	lɑk4/lɑk4	
雓	jɨ1/jɨ̯u1	
雔	ʑɨw1/dʒiu̯1	
雕	tʲɛw1/tieu1	
雖	sʲwi1/syi̯1	
雗	ʁɑn3/ɦɑn3	
雘	ʔwɑk4/ʔuɔk4	
雙	ʂawŋ1/ʂɯaŋ1	
雚	qwɑn3/kuon3	
雛	dʐu1/dʐʅu1	
雜	dzɑp4/dzɑp4	
雝	ʔˠuŋ1/ʔɨuŋ1	
雞	kʲɛj1/kiei1	
離	lˠi1/ɭi1	
離	lˠi3/ɭi3	
離	lʲɛj3/liei3	
難	nɑn1/nɑn1	
難	nɑn3/nɑn3	
雥	dzɑp4/dzɑp4	
雨	ɰu2/ɨ̯u2	
雨	ɰu3/ɨ̯u3	
雩	ɰu1/ɨ̯u1	
雩	xˠu1/hɨ̯u1	
雪	sʲwɛt4/syet4	
雭	ʂip4/ʂʅᵊp4	
雯	ɱun1/mvun1	
雰	fʰun1/pfʰun1	
雱	pʰɑŋ1/pʰuɔŋ1	
雲	ɰun1/ɨun1	
雴	ʈˠʰip4/ʈʰip4	
零	lʲɛn1/lien1	
零	lʲɛŋ1/lieŋ1	
零	lʲɛŋ3/lieŋ3	
雷	lwɑj1/luoi1	
雹	bawk4/buak4	
雺	mɨwŋ1/muŋ1	
雺	mɨw1/mvuəu1	
雺	mɨwŋ3/muŋ3	
雺	mɨw3/muəu3	
電	dʲɛn3/dien3	
需	sʲu1/sɨ̯u1	
霂	mɨwk4/muk4	
霃	ɖˠim1/ɖim1	
霄	sʲɛw1/sieu1	
霅	sɑp4/sɑp4	
霅	tɕɛp4/tʃiep4	
霅	ʁap4/ɦɯap4	
霅	ɖap4/ɖɯap4	
霆	dʲɛŋ1/dieŋ1	
霆	dʲɛŋ3/dieŋ3	
震	tɕin3/tʃin3	
霈	pʰɑj3/pʰuoi3	
霋	tsʲʰɛj1/tsʰiei1	
霍	χwɑk4/huɔk4	
霎	ʂɛp4/ʂʅep4	
霎	ʂap4/ʂɯap4	
霏	fʰi1/pfʰi1	
霑	ʈˠɛm1/ʈiem1	
霓	ŋʲɛj1/ŋiei1	
霓	ŋʲɛj3/ŋiei3	
霓	ŋʲɛt4/ŋiet4	
霔	tɕu3/tʃɨ̯u3	
霖	lˠim1/ɭim1	
霙	ʔˠɑŋ1/ʔɨɔŋ1	
霙	ʔˠɛŋ1/ʔɨeŋ1	
霚	mɨwŋ1/muŋ1	
霚	ɱu3/mvu3	
霛	lʲɛŋ1/lieŋ1	
霜	ʂɑŋ1/ʂʅɔŋ1	
霝	lʲɛŋ1/lieŋ1	
霞	ʁa1/ɦɯa1	
霠	ʔˠim1/ʔɨm1	
霢	mɛk4/muɛk4	
霣	ɰun2/ɨun2	
霤	lˠɨw3/ɭiu̯3	
霦	pˠin1/pɨn1	
霧	ɱu3/mvu3	
霩	χwɑk4/huɔk4	
霪	jim1/jim1	
霫	zʲip4/zip4	
霫	sʲip4/sip4	
霰	sʲɛn3/sien3	
霱	jwit4/jyt4	
露	lu3/lu3	
霳	lˠɨwŋ1/ɭɨuŋ1	
霵	tʂip4/tʂʅᵊp4	
霵	dʐip4/dʐʅᵊp4	
霶	pʰɑŋ1/pʰuɔŋ1	
霸	pa3/pua3	
霹	pʲʰɛk4/pʰiek4	
霼	xˠi2/hɨi̯2	
霼	xˠi3/hɨi̯3	
霽	tsʲɛj3/tsiei3	
霾	maj1/muai1	
霿	mɨwŋ1/muŋ1	
霿	mɨwŋ3/muŋ3	
靀	mɨwŋ1/muŋ1	
靂	lʲɛk4/liek4	
靃	sʲwi2/syi̯2	
靃	χwɑk4/huɔk4	
靄	ʔɑj3/ʔɑi3	
靄	ʔɑt4/ʔɑt4	
靅	fʰi3/pfʰi3	
靆	dɑj3/dɑi3	
靈	lʲɛŋ1/lieŋ1	
靉	ʔˠi2/ʔɨi̯2	
靉	ʔɑj3/ʔɑi3	
靐	bˠɨŋ3/bɨŋ3	
青	tsʲʰɛŋ1/tsʰieŋ1	
靖	dzʲɛŋ3/dzieŋ3	
靘	tsʲʰɛŋ1/tsʰieŋ1	
靘	tsʲʰɛŋ3/tsʰieŋ3	
靚	dzʲɛŋ3/dzieŋ3	
靜	dzʲɛŋ3/dzieŋ3	
非	fi1/pfi1	
靠	qʰɑw3/kʰɑu3	
靡	mˠi2/mɨi̯2	
面	mʲɛn3/mien3	
靤	baw3/buau3	
靦	tʲʰɛn2/tʰien2	
靧	χwɑj3/huoi3	
靨	ʔʲɛp4/ʔiep4	
革	qɛk4/kɯɛk4	
靪	tʲɛŋ1/tieŋ1	
靪	tʲɛŋ2/tieŋ2	
靫	tʂʰaj1/tʂʰɯai1	
靫	tʂʰa1/tʂʰɯa1	
靬	kˠɛn1/kɨen1	
靬	qʰɑn1/kʰɑn1	
靬	qan1/kɯan1	
靬	qʰɑn3/kʰɑn3	
靮	tʲɛk4/tiek4	
靯	du3/du3	
靲	ɡˠim1/ɡɨm1	
靳	kˠin3/kɨn3	
靴	xˠwɑ1/hʉɔ1	
靶	pa3/pua3	
靷	jin2/jin2	
靷	jin3/jin3	
靸	sɑp4/sɑp4	
靺	mɑt4/muot4	
靻	tsu2/tsu2	
靼	tɑt4/tɑt4	
靼	tɕɛt4/tʃiet4	
靽	pɑn3/puon3	
靾	jɛj3/jiei3	
靿	ʔaw3/ʔɯau3	
鞀	dɑw1/dɑu1	
鞁	bˠi3/bɨi̯3	
鞂	qat4/kɯat4	
鞃	ʁwɨŋ1/ɦuəŋ1	
鞄	baw1/buau1	
鞄	baw3/buau3	
鞄	pʰawk4/pʰuak4	
鞅	ʔˠɑŋ2/ʔɨɔŋ2	
鞇	ʔʲin1/ʔin1	
鞈	qɑp4/kɑp4	
鞈	qap4/kɯap4	
鞉	dɑw1/dɑu1	
鞋	ʁaj1/ɦɯai1	
鞌	ʔɑn1/ʔɑn1	
鞎	ʁɨn1/ɦən1	
鞏	kˠuŋ2/kɨuŋ2	
鞓	tʲʰɛŋ1/tʰieŋ1	
鞔	mɑn1/muon1	
鞕	ɴɛŋ3/ŋɯɛŋ3	
鞘	ʂaw1/ʂɯau1	
鞘	sʲɛw3/sieu3	
鞙	kʲwɛn1/kyen1	
鞙	ɣʲwɛn3/ɦyen3	
鞚	qʰɨwŋ3/kʰuŋ3	
鞜	tʰɑp4/tʰɑp4	
鞞	pʲi1/pi1	
鞞	bʲɛj1/biei1	
鞞	pʲi2/pi2	
鞞	pʲɛŋ2/pieŋ2	
鞠	kˠɨwk4/kɨuk4	
鞠	kˠʰɨwk4/kʰɨuk4	
鞠	ɡˠɨwk4/ɡɨuk4	
鞢	sʲɛp4/siep4	
鞣	ɲɨw1/ɲʒiu̯1	
鞣	ɲɨw3/ɲʒiu̯3	
鞤	pɑŋ1/puɔŋ1	
鞥	ʔɑp4/ʔɑp4	
鞦	tsʲʰɨw1/tsʰiu̯1	
鞧	tsʲʰɨw1/tsʰiu̯1	
鞨	ʁɑt4/ɦɑt4	
鞨	ʑɛt4/ʒiet4	
鞪	mɨw1/mvuəu1	
鞪	mɨwk4/muk4	
鞫	kˠɨwk4/kɨuk4	
鞬	kˠɛn1/kɨen1	
鞭	pʲɛn1/pien1	
鞮	tʲɛj1/tiei1	
鞳	tʰɑp4/tʰɑp4	
鞴	bˠi3/bɨi̯3	
鞴	bu3/bu3	
鞴	vuk4/bvuk4	
鞵	ʁaj1/ɦɯai1	
鞶	bɑn1/buon1	
鞹	qʰwɑk4/kʰuɔk4	
鞻	lɨw1/ləu1	
鞼	qwɑj1/kuoi1	
鞼	ɡˠwi3/ɡɨui3	
鞽	kˠʰɛw1/kʰɨeu1	
鞾	xˠwɑ1/hʉɔ1	
鞿	kˠi1/kɨi̯1	
韁	kˠɑŋ1/kɨɔŋ1	
韂	tɕʰɛm3/tʃʰiem3	
韄	ʁu3/ɦu3	
韅	xʲɛn2/hien2	
韆	tsʲʰɛn1/tsʰien1	
韇	dɨwk4/duk4	
韈	ɱɛt4/mvuɐt4	
韉	tsʲɛn1/tsien1	
韋	ɰwi1/ɨui1	
韌	ɲin3/ɲʒin3	
韍	fut4/pfut4	
韎	maj3/muai3	
韎	mɑt4/muot4	
韏	kˠwɛn2/kʉon2	
韏	kˠʰwɛn3/kʰʉon3	
韏	ɡˠwɛn3/ɡʉon3	
韐	qɑp4/kɑp4	
韐	qap4/kɯap4	
韒	sʲɛw3/sieu3	
韔	ʈˠʰɑŋ3/ʈʰɨɔŋ3	
韖	ɲɨw2/ɲʒiu̯2	
韗	ɰun3/ɨun3	
韗	xˠwɛn3/hʉon3	
韘	ɕɛp4/ʃiep4	
韘	sʲɛp4/siep4	
韙	ɰwi2/ɨui2	
韛	baj3/buai3	
韜	tʰɑw1/tʰɑu1	
韝	qʰɨw1/kʰəu1	
韝	qɨw1/kəu1	
韞	ʔwɨn1/ʔun1	
韞	ʔˠun2/ʔɨun2	
韠	pʲit4/pit4	
韡	ɰwi2/ɨui2	
韢	tsʲʰwɛj3/tsʰyei3	
韣	dɨwk4/duk4	
韣	tɕuk4/tʃɨuk4	
韣	ʑuk4/ʒɨuk4	
韤	ɱɛt4/mvuɐt4	
韭	kˠɨw2/kɨu̯2	
韰	ʁaj3/ɦɯai3	
韱	sʲɛm1/siem1	
音	ʔˠim1/ʔɨm1	
韴	dzɑp4/dzɑp4	
韶	ʑɛw1/dʒieu1	
韸	bɨwŋ1/buŋ1	
韹	ʁwɑŋ1/ɦuɔŋ1	
韹	ʁwɛŋ1/ɦuɛŋ1	
韺	ʔˠɛŋ1/ʔɨeŋ1	
韻	ɰun3/ɨun3	
韽	ʔɑm1/ʔɑm1	
韽	ʔam3/ʔɯam3	
韾	ʔʲim1/ʔim1	
響	xˠɑŋ2/hɨɔŋ2	
頀	ʁu3/ɦu3	
頁	ɣʲɛt4/ɦiet4	
頂	tʲɛŋ2/tieŋ2	
頃	kʲʰwɛŋ1/kʰyeŋ1	
頃	kʲʰwɛŋ2/kʰyeŋ2	
頄	ɡˠwi1/ɡɨui1	
頄	ɡˠɨw1/ɡɨu̯1	
項	ʁawŋ3/ɦɯaŋ3	
順	ʑwin3/ʒyn3	
頇	χɑn1/hɑn1	
頇	ɴɑn3/ŋɑn3	
頇	ɴɑt4/ŋɑt4	
須	sʲu1/sɨ̯u1	
頊	ŋˠuk4/ŋɨuk4	
頊	xˠuk4/hɨuk4	
頋	qu3/ku3	
頌	juŋ1/jɨuŋ1	
頌	zʲuŋ3/zɨuŋ3	
頍	kʲʰwi2/kʰyi̯2	
頎	ɡˠi1/ɡɨi̯1	
頏	ʁɑŋ1/ɦɑŋ1	
頏	qʰɑŋ3/kʰɑŋ3	
預	jɨ3/jɨ̯u3	
頑	ɴwan1/ŋuan1	
頒	vun1/bvun1	
頒	pan1/puan1	
頓	twɨn3/tun3	
頔	dʲɛk4/diek4	
頕	tɑm1/tɑm1	
頖	pʰɑn3/pʰuon3	
頗	pʰɑ1/pʰuɔ1	
頗	pʰɑ2/pʰuɔ2	
頗	pʰɑ3/pʰuɔ3	
領	lˠɛŋ2/ɭieŋ2	
頛	lwɑj2/luoi2	
頜	ʁɑm3/ɦɑm3	
頜	qɑp4/kɑp4	
頝	qʰaw1/kʰɯau1	
頞	ʔɑt4/ʔɑt4	
頟	ɴɛk4/ŋɯɛk4	
頠	ŋˠwi2/ŋɨui2	
頠	ɴwɑj2/ŋuoi2	
頡	qat4/kɯat4	
頡	ɣʲɛt4/ɦiet4	
頢	qwɑt4/kuot4	
頢	ʁwat4/ɦuat4	
頣	ɕin2/ʃin2	
頤	ji1/ji1	
頦	ʁɑj1/ɦɑi1	
頦	qɑj2/kɑi2	
頧	twɑj1/tuoi1	
頧	twɑj2/tuoi2	
頨	xʲwɛn1/hyen1	
頨	ɰu2/ɨ̯u2	
頩	pʲʰɛŋ1/pʰieŋ1	
頩	pʲʰɛŋ2/pʰieŋ2	
頪	lwɑj3/luoi3	
頫	fu2/pfu2	
頫	tʲʰɛw3/tʰieu3	
頭	dɨw1/dəu1	
頮	χwɑj3/huoi3	
頯	ɡˠwi1/ɡɨui1	
頯	kˠwi2/kɨui2	
頰	kʲɛp4/kiep4	
頲	tʲʰɛŋ2/tʰieŋ2	
頵	kˠun1/kɨun1	
頵	ʔˠun1/ʔɨun1	
頶	ʁɨwk4/ɦuk4	
頷	ʁɑm1/ɦɑm1	
頷	ʁɑm3/ɦɑm3	
頸	ɡʲɛŋ1/ɡieŋ1	
頸	kʲɛŋ2/kieŋ2	
頹	dwɑj1/duoi1	
頻	bʲin1/bin1	
頿	tsi1/tsi1	
顀	ɖˠwi1/ɖyi̯1	
顁	tʲɛŋ3/tieŋ3	
顄	ʁɑm1/ɦɑm1	
顄	ʁɑm3/ɦɑm3	
顅	qʰan1/kʰɯan1	
顆	qʰwɑ2/kʰuɔ2	
顇	dzʲwi3/dzyi̯3	
顈	ɣʲɛn3/ɦien3	
顈	kʲʰwɛŋ2/kʰyeŋ2	
顉	kˠʰim1/kʰɨm1	
顉	kˠʰim2/kʰɨm2	
顉	ɴɑm2/ŋɑm2	
顋	sɑj1/sɑi1	
題	dʲɛj1/diei1	
題	dʲɛj3/diei3	
額	ɴɛk4/ŋɯɛk4	
顎	ɴɑk4/ŋɑk4	
顏	ɴan1/ŋɯan1	
顐	ʁwɨn1/ɦun1	
顐	ɴwɨn1/ŋun1	
顐	ɴwɨn3/ŋun3	
顑	qʰɑm2/kʰɑm2	
顑	ɴam3/ŋɯam3	
顒	ŋˠuŋ1/ŋɨuŋ1	
顓	tɕwɛn1/tʃyen1	
顖	sʲin3/sin3	
顗	ŋˠi2/ŋɨi̯2	
願	ŋˠwɛn3/ŋʉon3	
顙	sɑŋ2/sɑŋ2	
顛	tʲɛn1/tien1	
顛	tʲʰɛn3/tʰien3	
顝	qʰwɑj1/kʰuoi1	
顝	qʰwɑj2/kʰuoi2	
顝	qʰwɨt4/kʰut4	
類	lˠwi3/ɭyi̯3	
顟	law1/ɭɯau1	
顠	bʲɛw3/bieu3	
顠	pʲʰɛw2/pʰieu2	
顡	ɴwɑj2/ŋuoi2	
顡	ŋˠi3/ŋɨi̯3	
顡	ʈwaj3/ʈuai3	
顢	mɑn1/muon1	
顣	tsʲɨwk4/tsɨuk4	
顤	ŋʲɛw1/ŋieu1	
顤	χaw1/hɯau1	
顤	ŋʲɛw3/ŋieu3	
顥	ʁɑw3/ɦɑu3	
顦	dzʲɛw1/dzieu1	
顧	qu3/ku3	
顨	swɨn3/sun3	
顩	ɖˠim3/ɖim3	
顩	ŋˠɛm2/ŋɨem2	
顪	xˠwɛj3/hʉoi3	
顫	tɕɛn3/tʃien3	
顬	ɲu1/ɲʒɨ̯u1	
顮	pʲin1/pin1	
顯	xʲɛn2/hien2	
顰	bʲin1/bin1	
顱	lu1/lu1	
顲	lˠim2/ɭim2	
顲	lɑm2/lɑm2	
顲	lɑm3/lɑm3	
顳	ɲɛp4/ɲʒiep4	
顴	ɡˠwɛn1/ɡʉon1	
風	fuŋ1/pfuŋ1	
風	fuŋ3/pfuŋ3	
颫	vu1/bvu1	
颬	χa1/hɯa1	
颭	tɕɛm2/tʃiem2	
颮	baw1/buau1	
颮	pʰawk4/pʰuak4	
颯	sɑp4/sɑp4	
颰	fɛt4/pfuɐt4	
颰	bɑt4/buot4	
颲	lˠɛt4/ɭiet4	
颵	ʂaw1/ʂɯau1	
颸	tʂʰi1/tʂʰʅi̯1	
颺	jɑŋ1/jɨɔŋ1	
颺	jɑŋ3/jɨɔŋ3	
颻	jɛw1/jieu1	
颼	ʂɨw1/ʂʅᵊu1	
颽	qʰɑj2/kʰɑi2	
颾	sɑw1/sɑu1	
颿	vɛm1/bvuɐm1	
颿	vɛm3/bvuɐm3	
飀	lˠɨw1/ɭiu̯1	
飁	zʲip4/zip4	
飂	lˠɨw1/ɭiu̯1	
飂	lˠɨw3/ɭiu̯3	
飄	bʲɛw1/bieu1	
飄	pʲʰɛw1/pʰieu1	
飆	pʲɛw1/pieu1	
飉	lʲɛw1/lieu1	
飋	ʂit4/ʂʅᵊt4	
飌	fuŋ1/pfuŋ1	
飍	xʲɨw1/hiu̯1	
飛	fi1/pfi1	
飜	fʰɛn1/pfʰuɐn1	
食	ji3/ji3	
食	ʑɨk4/ʒik4	
飢	kˠi1/kɨi̯1	
飣	tʲɛŋ3/tieŋ3	
飤	zi3/zi3	
飥	tʰɑk4/tʰɑk4	
飧	swɨn1/sun1	
飩	dwɨn1/dun1	
飪	ɲim2/ɲʒim2	
飫	ʔˠɨ3/ʔɨ̯u3	
飭	ʈˠʰɨk4/ʈʰik4	
飯	vɛn3/bvuɐn3	
飲	ʔˠim2/ʔɨm2	
飲	ʔˠim3/ʔɨm3	
飳	tʰɨw2/tʰəu2	
飴	ji1/ji1	
飵	dzu3/dzu3	
飵	dzɑk4/dzɑk4	
飶	bʲit4/bit4	
飶	bʲɛt4/biet4	
飷	tsʲa2/tsia2	
飺	dzi1/dzi1	
飻	tʲʰɛt4/tʰiet4	
飼	zi3/zi3	
飽	paw2/puau2	
飾	ɕɨk4/ʃik4	
餀	χɑj3/hɑi3	
餁	ɲim2/ɲʒim2	
餄	qap4/kɯap4	
餅	pʲɛŋ2/pieŋ2	
餆	jɛw1/jieu1	
餈	dzi1/dzi1	
餉	ɕɑŋ3/ʃɨɔŋ3	
養	jɑŋ2/jɨɔŋ2	
養	jɑŋ3/jɨɔŋ3	
餋	kˠwɛn3/kʉon3	
餌	ɲi3/ɲʒi3	
餐	tsʰɑn1/tsʰɑn1	
餑	bɨt4/but4	
餒	nwɑj2/nuoi2	
餓	ɴɑ3/ŋɑ3	
餔	pu1/pu1	
餔	bu3/bu3	
餕	tsʲwin3/tsyn3	
餖	dɨw3/dəu3	
餗	sɨwk4/suk4	
餘	jɨ1/jɨ̯u1	
餚	ʁaw1/ɦɯau1	
餛	ʁwɨn1/ɦun1	
餞	dzʲɛn3/dzien3	
餟	ʈˠwɛj3/ʈyei3	
餟	ʈˠwɛt4/ʈyet4	
餣	ʔˠɛp4/ʔɨep4	
餤	dɑm1/dɑm1	
餥	fi1/pfi1	
餥	fi2/pfi2	
餦	ʈˠɑŋ1/ʈɨɔŋ1	
餧	nwɑj2/nuoi2	
餧	ʔˠwi3/ʔɨui3	
館	qwɑn3/kuon3	
餩	ʔɨk4/ʔək4	
餪	nwɑn2/nuon2	
餫	ʁwɨn1/ɦun1	
餫	ɰun3/ɨun3	
餬	ʁu1/ɦu1	
餭	ʁwɑŋ1/ɦuɔŋ1	
餮	tʲʰɛt4/tʰiet4	
餯	xˠwɛj3/hʉoi3	
餱	ʁɨw1/ɦəu1	
餲	ʔˠɛj3/ʔɨei3	
餲	ʔaj3/ʔɯai3	
餲	ʁɑt4/ɦɑt4	
餲	ʔɑt4/ʔɑt4	
餴	fun1/pfun1	
餹	dɑŋ1/dɑŋ1	
餺	pɑk4/puɔk4	
餻	qɑw1/kɑu1	
餼	xˠi3/hɨi̯3	
餽	ɡˠwi3/ɡɨui3	
餾	lˠɨw1/ɭiu̯1	
餾	lˠɨw3/ɭiu̯3	
餿	ʂɨw1/ʂʅᵊu1	
饁	ɰɛp4/ɨep4	
饅	mɑn1/muon1	
饆	pʲit4/pit4	
饇	ʔˠu3/ʔɨ̯u3	
饉	ɡˠin3/ɡɨn3	
饊	sɑn2/sɑn2	
饋	ɡˠwi3/ɡɨui3	
饌	dʐwan3/dʐuan3	
饌	dʐwɛn3/dʐʯen3	
饍	ʑɛn3/ʒien3	
饎	tɕʰi3/tʃʰi3	
饐	ʔˠi3/ʔɨi̯3	
饑	kˠi1/kɨi̯1	
饒	ɲɛw1/ɲʒieu1	
饒	ɲɛw3/ɲʒieu3	
饔	ʔˠuŋ1/ʔɨuŋ1	
饕	tʰɑw1/tʰɑu1	
饖	ʔˠwɛj3/ʔʉoi3	
饗	xˠɑŋ2/hɨɔŋ2	
饘	tɕɛn1/tʃien1	
饘	tɕɛn2/tʃien2	
饙	fun1/pfun1	
饛	mɨwŋ1/muŋ1	
饜	ʔʲɛm1/ʔiem1	
饜	ʔʲɛm3/ʔiem3	
饞	dʐam1/dʐɯam1	
饟	ɕɑŋ1/ʃɨɔŋ1	
饟	ɕɑŋ2/ʃɨɔŋ2	
饟	ɕɑŋ3/ʃɨɔŋ3	
饠	lɑ1/lɑ1	
饡	tsɑn3/tsɑn3	
首	ɕɨw2/ʃiu̯2	
首	ɕɨw3/ʃiu̯3	
馗	ɡˠwi1/ɡɨui1	
馗	ɡˠɨw1/ɡɨu̯1	
馘	qwɛk4/kuɛk4	
香	xˠɑŋ1/hɨɔŋ1	
馚	vun1/bvun1	
馛	bɑt4/buot4	
馝	bʲit4/bit4	
馝	bʲɛt4/biet4	
馞	bɨt4/but4	
馞	pʰɨt4/pʰut4	
馠	χɑm1/hɑm1	
馡	fi1/pfi1	
馣	ʔɑm1/ʔɑm1	
馤	ʔɑj3/ʔɑi3	
馥	vuk4/bvuk4	
馥	bˠɨk4/bɨk4	
馦	xʲɛm1/hiem1	
馧	ʔˠun1/ʔɨun1	
馧	ʔwɨt4/ʔut4	
馨	xʲɛŋ1/hieŋ1	
馩	vun1/bvun1	
馬	ma2/mua2	
馭	ŋˠɨ3/ŋɨ̯u3	
馮	vuŋ1/bvuŋ1	
馮	bˠɨŋ1/bɨŋ1	
馯	qʰan1/kʰɯan1	
馯	ʁɑn3/ɦɑn3	
馰	tʲɛk4/tiek4	
馱	dɑ1/dɑ1	
馱	dɑ3/dɑ3	
馲	lɑk4/lɑk4	
馲	tʰɑk4/tʰɑk4	
馲	ʈɛk4/ʈɯɛk4	
馳	ɖˠi1/ɖi1	
馴	zʲwin1/zyn1	
馵	tɕu3/tʃɨ̯u3	
馶	tɕi1/tʃi1	
馶	ɡʲi1/ɡi1	
馶	ɕi3/ʃi3	
馶	kʲi3/ki3	
馹	ɲit4/ɲʒit4	
馺	sɑp4/sɑp4	
馻	jwin2/jyn2	
馻	jwɛn2/jyen2	
馼	ɱun1/mvun1	
馽	ʈˠip4/ʈip4	
馾	tɑm3/tɑm3	
駁	pawk4/puak4	
駂	pɑw2/puɔu2	
駃	qʰwaj3/kʰuai3	
駃	kʲwɛt4/kyet4	
駉	kʲwɛŋ1/kyeŋ1	
駊	pɑ2/puɔ2	
駊	pʰɑ2/pʰuɔ2	
駎	ɖˠɨw3/ɖiu̯3	
駏	ɡˠɨ3/ɡɨ̯u3	
駐	ʈˠu3/ʈɨ̯u3	
駑	nu1/nu1	
駒	kˠu1/kɨ̯u1	
駓	pˠʰi1/pʰɨi̯1	
駔	dzu3/dzu3	
駔	tsɑŋ2/tsɑŋ2	
駕	qa3/kɯa3	
駖	lʲɛŋ1/lieŋ1	
駗	lˠin1/ɭin1	
駗	tɕin2/tʃin2	
駘	dɑj1/dɑi1	
駘	dɑj3/dɑi3	
駙	vu3/bvu3	
駚	ʔˠɑŋ2/ʔɨɔŋ2	
駚	ʔɑŋ2/ʔɑŋ2	
駛	ʂi2/ʂʅi̯2	
駛	ʂi3/ʂʅi̯3	
駜	bʲit4/bit4	
駜	bˠit4/bɨt4	
駝	dɑ1/dɑ1	
駞	dɑ1/dɑ1	
駟	si3/si3	
駠	lˠɨw1/ɭiu̯1	
駢	bʲɛn1/bien1	
駣	dɑw1/dɑu1	
駣	ɖˠɛw3/ɖieu3	
駣	dɑw3/dɑu3	
駤	ʈˠi3/ʈi3	
駥	ɲɨwŋ1/ɲʒɨuŋ1	
駧	dɨwŋ3/duŋ3	
駩	tsʲʰwɛn1/tsʰyen1	
駪	ʂin1/ʂʅᵊn1	
駫	kʲwɛŋ1/kyeŋ1	
駬	ɲi2/ɲʒi2	
駭	ʁaj3/ɦɯai3	
駮	pawk4/puak4	
駰	ʔʲin1/ʔin1	
駰	ʔˠin1/ʔɨn1	
駱	lɑk4/lɑk4	
駴	ʁaj3/ɦɯai3	
駶	ɡˠuk4/ɡɨuk4	
駷	sʲuŋ2/sɨuŋ2	
駷	sɨw2/səu2	
駸	tsʲʰim1/tsʰim1	
駸	tʂʰim1/tʂʰʅᵊm1	
駹	mawŋ1/muaŋ1	
駺	lɑŋ1/lɑŋ1	
駻	ʁɑn3/ɦɑn3	
駼	du1/du1	
駽	xʲwɛn1/hyen1	
駽	xʲwɛn3/hyen3	
駾	tʰwɑj3/tʰuoi3	
駿	tsʲwin3/tsyn3	
騀	ɴɑ2/ŋɑ2	
騁	ʈˠʰɛŋ2/ʈʰieŋ2	
騂	sʲwɛŋ1/syeŋ1	
騃	dʐi3/ʐʅi̯3	
騃	ɴaj2/ŋɯai2	
騄	lˠuk4/ɭɨuk4	
騅	tɕwi1/tʃyi̯1	
騇	ɕa2/ʃia2	
騇	ɕa3/ʃia3	
騉	qwɨn1/kun1	
騊	dɑw1/dɑu1	
騋	lɑj1/lɑi1	
騎	ɡˠi1/ɡɨi̯1	
騎	ɡˠi3/ɡɨi̯3	
騏	ɡˠi1/ɡɨi̯1	
騑	fʰi1/pfʰi1	
騑	fi1/pfi1	
騕	ʔʲɛw2/ʔieu2	
騖	ɱu3/mvu3	
騗	pʲʰɛn3/pʰien3	
騚	dzʲɛn1/dzien1	
騛	fi1/pfi1	
騜	ʁwɑŋ1/ɦuɔŋ1	
騝	kˠɛn1/kɨen1	
騝	ɡˠɛn1/ɡɨen1	
騟	ju1/jɨ̯u1	
騠	dʲɛj1/diei1	
騢	ʁa1/ɦɯa1	
騣	tsɨwŋ1/tsuŋ1	
騤	ɡˠwi1/ɡɨui1	
騤	kʲwɛt4/kyet4	
騥	ɲɨw1/ɲʒiu̯1	
騧	qwa1/kua1	
騧	qwaj1/kuai1	老
騩	kˠwi1/kɨui1	
騩	kˠwi3/kɨui3	
騪	ʂɨw1/ʂʅᵊu1	
騫	kˠʰɛn1/kʰɨen1	
騬	ʑɨŋ1/dʒiŋ1	
騭	tɕit4/tʃit4	
騮	lˠɨw1/ɭiu̯1	
騯	bɑŋ1/buɔŋ1	
騯	pɛŋ1/puɛŋ1	
騯	bɛŋ1/buɛŋ1	
騰	dɨŋ1/dəŋ1	
騱	ɣʲɛj1/ɦiei1	
騲	tsʰɑw2/tsʰɑu2	
騴	ʔan3/ʔɯan3	
騵	ŋˠwɛn1/ŋʉon1	
騶	tʂɨw1/tʂʅᵊu1	
騷	sɑw1/sɑu1	
騺	ʈˠi3/ʈi3	
騻	ʂɑŋ1/ʂʅɔŋ1	
騼	lɨwk4/luk4	
騽	zʲip4/zip4	
騽	ɰip4/ɨp4	
騾	lwɑ1/luɔ1	
驀	mɛk4/muɛk4	
驁	ɴɑw1/ŋɑu1	
驁	ɴɑw3/ŋɑu3	
驂	tsʰɑm1/tsʰɑm1	
驃	bʲɛw3/bieu3	
驄	tsʰɨwŋ1/tsʰuŋ1	
驅	kˠʰu1/kʰɨ̯u1	
驅	kˠʰu3/kʰɨ̯u3	
驈	ʑwit4/ʒyt4	
驈	jwit4/jyt4	
驉	xˠɨ1/hɨ̯u1	
驊	ʁwa1/ɦua1	
驋	pɑt4/puot4	
驌	sʲɨwk4/sɨuk4	
驍	kʲɛw1/kieu1	
驎	lˠin1/ɭin1	
驐	twɨn1/tun1	
驒	dɑn1/dɑn1	
驒	tʲɛn1/tien1	
驒	dɑ1/dɑ1	
驓	dzʲɨŋ1/dziŋ1	
驔	dʲɛm3/diem3	
驕	kˠɛw1/kɨeu1	
驖	dʲɛt4/diet4	
驖	tʲʰɛt4/tʰiet4	
驗	ŋˠɛm3/ŋɨem3	
驘	lwɑ1/luɔ1	
驙	dɑn1/dɑn1	
驙	ʈˠɛn1/ʈien1	
驚	kˠɛŋ1/kɨeŋ1	
驛	jɛk4/jiek4	
驜	ŋˠɛp4/ŋɨep4	
驟	dʐɨw3/dʐʅᵊu3	
驠	ʔʲɛn1/ʔien1	
驠	ʔʲɛn3/ʔien3	
驡	lˠuŋ1/ɭɨuŋ1	
驡	tsɑŋ2/tsɑŋ2	
驢	lˠɨ1/ɭɨ̯u1	
驤	sʲɑŋ1/sɨɔŋ1	
驥	kˠi3/kɨi̯3	
驦	ʂɑŋ1/ʂʅɔŋ1	
驧	ɡˠɨwk4/ɡɨuk4	
驨	ɣʲwɛj1/ɦyei1	
驩	χwɑn1/huon1	
驪	lˠi1/ɭi1	
驪	lʲɛj1/liei1	
驫	pʲɛw1/pieu1	
驫	pˠɨw1/piu̯1	
骨	qwɨt4/kut4	
骫	ʔˠwi2/ʔɨui2	
骬	ɰu1/ɨ̯u1	
骭	qɑn3/kɑn3	
骭	ʁan3/ɦɯan3	
骯	ʁɑŋ3/ɦɑŋ3	
骯	qʰɑŋ2/kʰɑŋ2	
骰	dɨw1/dəu1	
骱	ʁɑt4/ɦɑt4	
骱	qat4/kɯat4	
骲	baw3/buau3	
骲	pʰɨwk4/pʰuk4	
骲	bawk4/buak4	
骳	mˠi2/mɨi̯2	
骴	dzi1/dzi1	
骴	dzi3/dzi3	
骶	tʲɛj3/tiei3	
骸	ʁaj1/ɦɯai1	
骹	qʰaw1/kʰɯau1	
骺	ʁɨw1/ɦəu1	
骻	qʰwa2/kʰua2	
骼	qɛk4/kɯɛk4	
骽	tʰwɑj2/tʰuoi2	
骾	qɛŋ2/kɯɛŋ2	
骿	bʲɛn1/bien1	
髀	pʲi2/pi2	
髀	bʲɛj3/biei3	
髁	qʰwɑ1/kʰuɔ1	
髁	qʰwa2/kʰua2	
髁	qʰwɑ3/kʰuɔ3	
髂	qʰa3/kʰɯa3	
髃	ŋˠu1/ŋɨ̯u1	
髃	ɴɨw2/ŋəu2	
髆	pɑk4/puɔk4	
髇	χaw1/hɯau1	
髈	bɑŋ1/buɔŋ1	
髈	pʰɑŋ2/pʰuɔŋ2	
髉	pawk4/puak4	
髊	dzi3/dzi3	
髎	lʲɛw1/lieu1	
髎	lˠɛw1/ɭieu1	
髏	lɨw1/ləu1	
髑	dɨwk4/duk4	
髒	tsɑŋ2/tsɑŋ2	
髓	sʲwi2/syi̯2	
體	tʲʰɛj2/tʰiei2	
髕	bʲin3/bin3	
髖	qʰwɨn1/kʰun1	
髖	qʰwɑn1/kʰuon1	
髗	lu1/lu1	
高	qɑw1/kɑu1	
髝	lɑw1/lɑu1	
髝	lɑw3/lɑu3	
髞	sɑw3/sɑu3	
髟	pʲɛw1/pieu1	
髟	pˠɨw1/piu̯1	
髟	ʂam1/ʂɯam1	
髡	qʰwɨn1/kʰun1	
髢	dʲɛj3/diei3	
髣	fʰɑŋ2/pfʰuɔŋ2	
髤	xˠɨw1/hɨu̯1	
髦	mɑw1/muɔu1	
髧	dɑm3/dɑm3	
髫	dʲɛw1/dieu1	
髬	pˠʰi1/pʰɨi̯1	
髮	fɛt4/pfuɐt4	
髯	ɲɛm1/ɲʒiem1	
髯	ɲɛm3/ɲʒiem3	
髲	bˠi3/bɨi̯3	
髳	mɨwŋ1/muŋ1	
髴	fʰi3/pfʰi3	
髴	fut4/pfut4	
髴	fʰut4/pfʰut4	
髵	ɲi1/ɲʒi1	
髶	ɲi3/ɲʒi3	
髸	kˠuŋ1/kɨuŋ1	
髺	qwɑt4/kuot4	
髻	kʲɛj3/kiei3	
髼	bɨwŋ1/buŋ1	
髽	tʂwa1/tʂua1	
髾	ʂaw1/ʂɯau1	
髿	swɑ1/suɔ1	
髿	ʂa1/ʂɯa1	
鬀	tʲʰɛj3/tʰiei3	
鬀	dʲɛj3/diei3	
鬃	dzɨwŋ1/dzuŋ1	
鬃	dʐawŋ1/dʐɯaŋ1	
鬄	sʲɛk4/siek4	
鬅	bɨŋ1/buəŋ1	
鬆	sɨwŋ1/suŋ1	
鬆	sʲuŋ1/sɨuŋ1	
鬆	tsʲʰuŋ1/tsʰɨuŋ1	
鬆	sɨwŋ3/suŋ3	
鬇	dʐɛŋ1/dʐɯɛŋ1	
鬈	ɡˠwɛn1/ɡʉon1	
鬈	kˠʰwɛn1/kʰʉon1	
鬉	tsɨwŋ1/tsuŋ1	
鬊	ɕwin3/ʃyn3	
鬋	tsʲɛn1/tsien1	
鬋	tsʲɛn2/tsien2	
鬋	tsʲɛn3/tsien3	
鬌	ɖˠwi1/ɖyi̯1	
鬌	twɑ2/tuɔ2	
鬌	dwɑ3/duɔ3	
鬐	ɡʲi1/ɡi1	
鬑	lˠɛm1/ɭiem1	
鬑	lʲɛm1/liem1	
鬒	tɕin2/tʃin2	
鬕	ma3/mua3	
鬖	sɑm1/sɑm1	
鬗	mɑn1/muon1	
鬗	ɱɛn3/mvuɐn3	
鬘	man1/muan1	
鬙	sɨŋ1/səŋ1	
鬚	sʲu1/sɨ̯u1	
鬜	qʰan1/kʰɯan1	
鬜	qʰat4/kʰɯat4	
鬞	ɳawŋ1/ɳɯaŋ1	
鬟	ʁwan1/ɦuan1	
鬠	qwɑj3/kuoi3	
鬠	ʁwɑt4/ɦuot4	
鬡	ɳɛŋ1/ɳɯɛŋ1	
鬢	pʲin3/pin3	
鬣	lˠɛp4/ɭiep4	
鬤	ɲɑŋ1/ɲʒɨɔŋ1	
鬤	ɳɛŋ1/ɳɯɛŋ1	
鬥	tɨw3/təu3	
鬧	ɳaw3/ɳɯau3	
鬨	ʁɨwŋ3/ɦuŋ3	
鬨	ʁawŋ3/ɦɯaŋ3	
鬩	xʲɛk4/hiek4	
鬪	tɨw3/təu3	
鬫	χam2/hɯam2	
鬬	tɨw3/təu3	
鬮	kˠɨw1/kɨu̯1	
鬮	kʲɨw2/kiu̯2	
鬯	ʈˠʰɑŋ3/ʈʰɨɔŋ3	
鬱	ʔˠut4/ʔɨut4	
鬲	qɛk4/kɯɛk4	
鬲	lʲɛk4/liek4	
鬳	ŋˠɛn3/ŋɨen3	
鬴	vu3/bvu3	
鬵	zʲim1/zim1	
鬵	dzʲim1/dzim1	
鬵	dzʲɛm1/dziem1	
鬷	tsɨwŋ1/tsuŋ1	
鬷	tsɨwŋ2/tsuŋ2	
鬹	kʲwi1/kyi̯1	
鬻	jɨwk4/jɨuk4	
鬼	kˠwi2/kɨui2	
鬽	mˠi3/mɨi̯3	
鬾	ɡˠi1/ɡɨi̯1	
鬾	ɡˠi3/ɡɨi̯3	
魁	qʰwɑj1/kʰuoi1	
魃	bɑt4/buot4	
魄	tʰɑk4/tʰɑk4	
魄	pʰɛk4/pʰuɛk4	
魅	mˠi3/mɨi̯3	
魈	sʲɛw1/sieu1	
魊	ɰwɨk4/ʉik4	
魊	ʁwɨk4/ɦuək4	
魋	dwɑj1/duoi1	
魌	kˠʰi1/kʰɨi̯1	
魍	ɱɑŋ2/mvuɔŋ2	
魎	lˠɑŋ2/ɭɨɔŋ2	
魏	ŋˠwi3/ŋɨui3	
魑	ʈˠʰi1/ʈʰi1	
魔	mɑ1/muɔ1	
魖	xˠɨ1/hɨ̯u1	
魗	ʑɨw1/dʒiu̯1	
魗	tɕʰɨw2/tʃʰiu̯2	
魘	ʔʲɛm2/ʔiem2	
魘	ʔʲɛp4/ʔiep4	
魚	ŋˠɨ1/ŋɨ̯u1	
魛	tɑw1/tɑu1	
魝	kʲɛt4/kiet4	
魟	qɨwŋ1/kuŋ1	
魟	ʁɨwŋ1/ɦuŋ1	
魟	χɨwŋ1/huŋ1	
魠	tʰɑk4/tʰɑk4	
魡	tʲɛk4/tiek4	
魤	ɴwɑ1/ŋuɔ1	
魥	ɴɑp4/ŋɑp4	
魥	kˠʰɛp4/kʰɨep4	
魦	swɑ1/suɔ1	
魦	ʂa1/ʂɯa1	
魧	qɑŋ1/kɑŋ1	
魧	ʁɑŋ1/ɦɑŋ1	
魪	qaj3/kɯai3	
魫	ɕim2/ʃim2	
魬	ban3/buan3	
魮	bʲi1/bi1	
魯	lu2/lu2	
魱	ʁu1/ɦu1	
魳	tsɑp4/tsɑp4	
魴	vɑŋ1/bvuɔŋ1	
魵	vun1/bvun1	
魵	vun3/bvun3	
魵	fʰun2/pfʰun2	
魵	fʰun3/pfʰun3	
魶	nɑp4/nɑp4	
魺	ʁɑ1/ɦɑ1	
魼	kˠʰɨ1/kʰɨ̯u1	
魼	tʰɑp4/tʰɑp4	
魽	ʁɑm1/ɦɑm1	
魾	bˠi1/bɨi̯1	
魾	pˠʰi1/pʰɨi̯1	
魿	ɡˠin1/ɡɨn1	
魿	lʲɛŋ1/lieŋ1	
鮀	dɑ1/dɑ1	
鮂	tsʲɨw1/tsiu̯1	
鮂	zʲɨw1/ziu̯1	
鮅	pʲit4/pit4	
鮅	bʲit4/bit4	
鮆	tsi1/tsi1	
鮆	dzʲɛj3/dziei3	
鮇	ɱi3/mvi3	
鮈	kˠu1/kɨ̯u1	
鮊	bɛk4/buɛk4	
鮋	jɨw1/jiu̯1	
鮋	ʑɨw1/dʒiu̯1	
鮋	ɖˠɨw1/ɖiu̯1	
鮍	pˠʰi1/pʰɨi̯1	
鮎	nʲɛm1/niem1	
鮏	sʲɛŋ1/sieŋ1	
鮐	tʰɑj1/tʰɑi1	
鮑	baw3/buau3	
鮒	vu3/bvu3	
鮓	tʂa2/tʂɯa2	
鮚	ɡˠit4/ɡɨt4	
鮛	ɕɨwk4/ʃɨuk4	
鮜	ʁɨw3/ɦəu3	
鮞	ɲi1/ɲʒi1	
鮞	ɲɨwk4/ɲʒɨuk4	
鮠	ɴwɑj1/ŋuoi1	
鮡	dʲɛw1/dieu1	
鮡	ɖˠɛw3/ɖieu3	
鮢	tɕu1/tʃɨ̯u1	
鮣	ʔʲin3/ʔin3	
鮤	lˠɛj3/ɭiei3	
鮤	lˠɛt4/ɭiet4	
鮥	lɑk4/lɑk4	
鮦	dɨwŋ1/duŋ1	
鮦	ɖˠuŋ3/ɖɨuŋ3	
鮦	ɖˠɨw3/ɖiu̯3	
鮧	ji1/ji1	
鮧	dʲɛj1/diei1	
鮨	ɡʲi1/ɡi1	
鮩	bɛŋ3/buɛŋ3	
鮩	bʲɛŋ3/bieŋ3	
鮩	bʲit4/bit4	
鮪	ɰwi2/ɨui2	
鮫	qaw1/kɯau1	
鮬	qʰu1/kʰu1	
鮬	bu3/bu3	
鮭	kʲwɛj1/kyei1	
鮭	kʲʰwɛj1/kʰyei1	
鮭	ʁaj1/ɦɯai1	
鮮	sʲɛn1/sien1	
鮮	sʲɛn2/sien2	
鮮	sʲɛn3/sien3	
鮯	qɑp4/kɑp4	
鮵	dwɑt4/duot4	
鮶	kˠun1/kɨun1	
鮷	dʲɛj1/diei1	
鮸	mˠɛn2/mɨen2	
鮹	sʲɛw1/sieu1	
鮹	ʂaw1/ʂɯau1	
鮾	nwɑj2/nuoi2	
鮿	ʈˠɛp4/ʈiep4	
鯀	qwɨn2/kun2	
鯁	qɛŋ2/kɯɛŋ2	
鯃	ɴu1/ŋu1	
鯅	ɕɛn1/ʃien1	
鯆	pu1/pu1	
鯆	pʰu1/pʰu1	
鯆	fu2/pfu2	
鯇	ʁwan3/ɦuan3	
鯈	jɨw1/jiu̯1	
鯈	ɖˠɨw1/ɖiu̯1	
鯉	lˠi2/ɭi2	
鯊	ʂa1/ʂɯa1	
鯔	tʂi1/tʂʅi̯1	
鯕	ɡˠi1/ɡɨi̯1	
鯖	tɕɛŋ1/tʃieŋ1	
鯖	tsʲʰɛŋ1/tsʰieŋ1	
鯗	sʲɑŋ2/sɨɔŋ2	
鯛	tʲɛw1/tieu1	
鯜	tsʲɛp4/tsiep4	
鯜	tsʲʰɛp4/tsʰiep4	
鯝	qu3/ku3	
鯞	tɕɨw2/tʃiu̯2	
鯟	tɨwŋ1/tuŋ1	
鯠	lɑj1/lɑi1	
鯡	fi3/pfi3	
鯢	ŋʲɛj1/ŋiei1	
鯤	qwɨn1/kun1	
鯥	lˠɨwk4/ɭɨuk4	
鯧	tɕʰɑŋ1/tʃʰɨɔŋ1	
鯨	ɡˠɛŋ1/ɡɨeŋ1	
鯩	lˠwin1/ɭyn1	
鯪	lˠɨŋ1/ɭiŋ1	
鯫	tsʲʰu1/tsʰɨ̯u1	
鯫	dzɨw1/dzəu1	
鯫	dzɨw3/dzəu3	
鯬	lˠi1/ɭi1	
鯬	lʲɛj1/liei1	
鯶	ʁwɨn3/ɦun3	
鯷	dʲɛj1/diei1	
鯷	ʑi3/ʒi3	
鯷	dʲɛj3/diei3	
鯸	ʁɨw1/ɦəu1	
鯹	sʲɛŋ1/sieŋ1	
鯼	tsɨwŋ1/tsuŋ1	
鯼	tsɨwŋ3/tsuŋ3	
鯽	tsʲɛk4/tsiek4	
鯽	tsʲɨk4/tsik4	
鯾	pʲɛn1/pien1	
鯿	pan1/puan1	
鯿	pʲɛn1/pien1	
鰀	ʁwɑn3/ɦuon3	
鰂	dzɨk4/dzək4	
鰃	ʔwɑj1/ʔuoi1	
鰄	ʔˠwi1/ʔɨui1	
鰅	ŋˠuŋ1/ŋɨuŋ1	
鰅	ŋˠu1/ŋɨ̯u1	
鰇	ɲɨw1/ɲʒiu̯1	
鰈	tʰɑp4/tʰɑp4	
鰊	lʲɛn3/lien3	
鰋	ʔˠɛn2/ʔɨen2	
鰌	dzʲɨw1/dziu̯1	
鰍	tsʲʰɨw1/tsʰiu̯1	
鰐	ɴɑk4/ŋɑk4	
鰑	jɑŋ1/jɨɔŋ1	
鰒	vuk4/bvuk4	
鰒	bawk4/buak4	
鰓	sɑj1/sɑi1	
鰕	ʁa1/ɦɯa1	
鰜	kʲɛm1/kiem1	
鰜	ʁam1/ɦɯam1	
鰝	ʁɑw3/ɦɑu3	
鰝	χɑk4/hɑk4	
鰞	ʔu1/ʔu1	
鰠	sɑw1/sɑu1	
鰡	lˠɨw1/ɭiu̯1	
鰢	ma2/mua2	
鰣	ʑi1/dʒi1	
鰤	ʂi1/ʂʅi̯1	
鰥	qwan1/kuan1	
鰥	qwan3/kuan3	
鰦	tsi1/tsi1	
鰧	dɨŋ1/dəŋ1	
鰧	ɖˠim3/ɖim3	
鰨	tʰɑp4/tʰɑp4	
鰩	jɛw1/jieu1	
鰪	ʔɑp4/ʔɑp4	
鰬	ɡˠɛn1/ɡɨen1	
鰭	ɡʲi1/ɡi1	
鰱	lˠɛn1/ɭien1	
鰲	ɴɑw1/ŋɑu1	
鰴	xˠwi1/hɨui1	
鰵	mˠin2/mɨn2	
鰶	tsʲɛj3/tsiei3	
鰷	dʲɛw1/dieu1	
鰸	kˠʰu1/kʰɨ̯u1	
鰹	kʲɛn1/kien1	
鰻	mɑn1/muon1	
鰻	ɱɛn3/mvuɐn3	
鰼	zʲip4/zip4	
鰾	bʲɛw3/bieu3	
鰿	dʐɛk4/dʐɯɛk4	
鰿	tsʲɛk4/tsiek4	
鱀	ɡˠi3/ɡɨi̯3	
鱁	ɖˠɨwk4/ɖɨuk4	
鱂	tsʲɑŋ1/tsɨɔŋ1	
鱄	tɕwɛn1/tʃyen1	
鱄	tɕwɛn2/tʃyen2	
鱅	juŋ1/jɨuŋ1	
鱅	ʑuŋ1/dʒɨuŋ1	
鱊	ʑwit4/ʒyt4	
鱊	jwit4/jyt4	
鱊	qwat4/kuat4	
鱌	zʲɑŋ3/zɨɔŋ3	
鱍	pɑt4/puot4	
鱍	pʰɑt4/pʰuot4	
鱎	kˠɛw2/kɨeu2	
鱏	zʲim1/zim1	
鱏	jim1/jim1	
鱐	sʲɨwk4/sɨuk4	
鱑	ʁwɑŋ1/ɦuɔŋ1	
鱒	dzwɨn3/dzun3	
鱓	ʑɛn3/ʒien3	
鱕	fɛn1/pfuɐn1	
鱖	kˠwɛj3/kʉoi3	
鱖	kˠwɛt4/kʉot4	
鱗	lˠin1/ɭin1	
鱝	vun3/bvun3	
鱟	ʁɨw3/ɦəu3	
鱟	ʔɨwk4/ʔuk4	
鱠	qwɑj3/kuoi3	
鱡	dzɨk4/dzək4	
鱢	sɑw1/sɑu1	
鱣	ʈˠɛn1/ʈien1	
鱤	qɑm2/kɑm2	
鱦	ʑɨŋ1/dʒiŋ1	
鱦	mɛŋ2/muɛŋ2	
鱦	jɨŋ3/jiŋ3	
鱦	ʑɨŋ3/ʒiŋ3	
鱧	lʲɛj2/liei2	
鱬	ɲu1/ɲʒɨ̯u1	
鱭	dzʲɛj3/dziei3	
鱮	zʲɨ3/zɨ̯u3	
鱯	ʁu3/ɦu3	
鱯	ʁwa3/ɦua3	
鱯	ʁwɛk4/ɦuɛk4	
鱲	lˠɛp4/ɭiep4	
鱴	mʲɛt4/miet4	
鱵	tɕim1/tʃim1	
鱸	lu1/lu1	
鱺	lʲɛj2/liei2	
鱻	sʲɛn1/sien1	
鳥	tʲɛw2/tieu2	
鳦	ʔˠit4/ʔɨt4	
鳧	vu1/bvu1	
鳨	lˠɨk4/ɭik4	
鳩	kˠɨw1/kɨu̯1	
鳪	pɨwk4/puk4	
鳫	ɴan3/ŋɯan3	
鳭	ʈaw1/ʈɯau1	
鳱	qɑn1/kɑn1	
鳲	ɕi1/ʃi1	
鳳	vuŋ3/bvuŋ3	
鳴	mˠɛŋ1/mɨeŋ1	
鳶	jwɛn1/jyen1	
鳷	tɕi1/tʃi1	
鳹	ɡˠɛm1/ɡɨem1	
鳺	fu1/pfu1	
鳻	vun1/bvun1	
鳻	pan1/puan1	
鳼	ɱun1/mvun1	
鳽	kʲɛn1/kien1	
鳽	ŋʲɛn1/ŋien1	
鳽	qʰɛŋ1/kʰɯɛŋ1	
鳽	ɴɛk4/ŋɯɛk4	
鳿	ŋˠuk4/ŋɨuk4	
鴀	fɨw1/pfuəu1	
鴀	fɨw2/pfuəu2	
鴂	kʲwɛt4/kyet4	
鴅	χwɑn1/huon1	
鴆	ɖˠim3/ɖim3	
鴇	pɑw2/puɔu2	
鴈	ɴan3/ŋɯan3	
鴉	ʔa1/ʔɯa1	
鴊	tɕɛŋ1/tʃieŋ1	
鴊	tɕɛŋ3/tʃieŋ3	
鴋	vɑŋ1/bvuɔŋ1	
鴋	fɑŋ1/pfuɔŋ1	
鴋	fʰɑŋ2/pfʰuɔŋ2	
鴏	dɨk4/dək4	
鴐	qa1/kɯa1	
鴒	lʲɛŋ1/lieŋ1	
鴓	mʲɛt4/miet4	
鴗	lˠip4/ɭip4	
鴘	pˠɛn2/pɨen2	
鴘	pˠʰɛn2/pʰɨen2	
鴚	qɑ1/kɑ1	
鴛	ʔˠwɛn1/ʔʉon1	
鴛	ʔwɨn1/ʔun1	
鴜	dzi1/dzi1	
鴜	tsi1/tsi1	
鴝	ɡˠu1/ɡɨ̯u1	
鴝	qɨw1/kəu1	
鴞	ɰɛw1/ɨeu1	
鴟	tɕʰi1/tʃʰi1	
鴠	tɑn3/tɑn3	
鴢	ʔʲɛw2/ʔieu2	
鴢	ʔaw2/ʔɯau2	
鴣	qu1/ku1	
鴤	tɕɨwŋ1/tʃɨuŋ1	
鴤	tɨwŋ1/tuŋ1	
鴦	ʔˠɑŋ1/ʔɨɔŋ1	
鴦	ʔɑŋ1/ʔɑŋ1	
鴨	ʔap4/ʔɯap4	
鴪	jwit4/jyt4	
鴭	twɑj1/tuoi1	
鴮	ʔu1/ʔu1	
鴯	ɲi1/ɲʒi1	
鴰	qwɑt4/kuot4	
鴰	qwat4/kuat4	
鴱	ɴɑj3/ŋɑi3	
鴲	tɕi1/tʃi1	
鴲	tɕi3/tʃi3	
鴳	ʔan3/ʔɯan3	
鴶	qat4/kɯat4	
鴷	lˠɛt4/ɭiet4	
鴸	ʈˠu1/ʈɨ̯u1	
鴸	tɕu1/tʃɨ̯u1	
鴹	jɑŋ1/jɨɔŋ1	
鴺	ji1/ji1	
鴺	dʲɛj1/diei1	
鴻	ʁɨwŋ1/ɦuŋ1	
鴻	ʁɨwŋ3/ɦuŋ3	
鴽	ɲɨ1/ɲʒɨ̯u1	
鴾	mɨw1/mvuəu1	
鴿	qɑp4/kɑp4	
鵀	ɲim1/ɲʒim1	
鵀	ɳˠim1/ɳim1	
鵀	ɲim3/ɲʒim3	
鵁	qaw1/kɯau1	
鵂	xˠɨw1/hɨu̯1	
鵃	tɕɛw1/tʃieu1	
鵃	ʈaw1/ʈɯau1	
鵅	lɑk4/lɑk4	
鵅	qɛk4/kɯɛk4	
鵊	qap4/kɯap4	
鵋	ɡˠi3/ɡɨi̯3	
鵌	jɨ1/jɨ̯u1	
鵌	du1/du1	
鵎	tʰwɑ2/tʰuɔ2	
鵏	pu1/pu1	
鵏	bu3/bu3	
鵐	ɱu1/mvu1	
鵑	kʲwɛn1/kyen1	
鵒	juk4/jɨuk4	
鵓	bɨt4/but4	
鵕	sʲwin3/syn3	
鵖	pˠip4/pɨp4	
鵖	kˠɛp4/kɨep4	
鵗	xˠi1/hɨi̯1	
鵚	tʰɨwk4/tʰuk4	
鵛	kʲɛŋ1/kieŋ1	
鵜	dʲɛj1/diei1	
鵝	ɴɑ1/ŋɑ1	
鵟	ɡˠwɑŋ1/ɡʉɔŋ1	
鵠	ʁɨwk4/ɦuk4	
鵡	ɱu2/mvu2	
鵣	lɑj3/lɑi3	
鵧	bʲi1/bi1	
鵨	ɕɨ1/ʃɨ̯u1	
鵩	vuk4/bvuk4	
鵫	ʈaw3/ʈɯau3	
鵫	ɖawk4/ɖɯak4	
鵬	bɨŋ1/buəŋ1	
鵭	ɡˠim1/ɡɨm1	
鵮	ʈam1/ʈɯam1	
鵮	qʰam1/kʰɯam1	
鵯	pʲi1/pi1	
鵯	pʲʰit4/pʰit4	
鵰	tʲɛw1/tieu1	
鵱	lˠɨwk4/ɭɨuk4	
鵲	tsʲʰɑk4/tsʰɨɔk4	
鵳	kʲɛn1/kien1	
鵴	kˠɨwk4/kɨuk4	
鵴	ɡˠɨwk4/ɡɨuk4	
鵵	tʰu3/tʰu3	
鵶	ʔa1/ʔɯa1	
鵷	ʔˠwɛn1/ʔʉon1	
鵸	ɡˠi1/ɡɨi̯1	
鵹	lˠi1/ɭi1	
鵺	ja3/jia3	
鵻	tɕwi1/tʃyi̯1	
鵻	sʲwin2/syn2	
鵼	qʰɨwŋ1/kʰuŋ1	
鵽	twɑt4/tuot4	
鵽	ʈwat4/ʈuat4	
鵾	qwɨn1/kun1	
鶁	kˠɛŋ1/kɨeŋ1	
鶂	ŋʲɛk4/ŋiek4	
鶄	tsʲɛŋ1/tsieŋ1	
鶄	tsʲʰɛŋ1/tsʰieŋ1	
鶅	tʂi1/tʂʅi̯1	
鶅	tʂi3/tʂʅi̯3	
鶆	lɑj1/lɑi1	
鶇	tɨwŋ1/tuŋ1	
鶈	tsʲʰɛj1/tsʰiei1	
鶉	ʑwin1/dʒyn1	
鶊	qɛŋ1/kɯɛŋ1	
鶋	kˠɨ1/kɨ̯u1	
鶌	kˠut4/kɨut4	
鶔	ɲɨw1/ɲʒiu̯1	
鶖	tsʲʰɨw1/tsʰiu̯1	
鶘	ʁu1/ɦu1	
鶙	dʲɛj1/diei1	
鶚	ɴɑk4/ŋɑk4	
鶛	qaj1/kɯai1	
鶜	maw1/muau1	
鶝	fuk4/pfuk4	
鶝	bˠɨk4/bɨk4	
鶞	ʈˠʰwin1/ʈʰyn1	
鶟	dwɨt4/dut4	
鶠	ʔˠɛn2/ʔɨen2	
鶡	ʁɑt4/ɦɑt4	
鶢	ɰwɛn1/ʉon1	
鶤	qwɨn1/kun1	
鶤	ɰun3/ɨun3	
鶥	mˠi1/mɨi̯1	
鶧	ʔˠɛŋ1/ʔɨeŋ1	
鶨	dwɨn3/dun3	
鶨	ʈˠʰwɛn3/ʈʰyen3	
鶩	ɱu3/mvu3	
鶩	mɨwk4/muk4	
鶪	kʲwɛk4/kyek4	
鶬	tsʰɑŋ1/tsʰɑŋ1	
鶭	fʰɑŋ2/pfʰuɔŋ2	
鶯	ʔɛŋ1/ʔɯɛŋ1	
鶱	xˠɛn1/hɨen1	
鶴	ʁɑk4/ɦɑk4	
鶵	dʐu1/dʐʅu1	
鶶	dɑŋ1/dɑŋ1	
鶷	ʁat4/ɦɯat4	
鶹	lˠɨw1/ɭiu̯1	
鶻	qwɨt4/kut4	
鶻	ʁwɨt4/ɦut4	
鶻	ʁwat4/ɦuat4	
鶼	kʲɛm1/kiem1	
鶾	ʁɑn1/ɦɑn1	
鶿	dzi1/dzi1	
鶿	tsi1/tsi1	
鷁	ŋʲɛk4/ŋiek4	
鷂	jɛw1/jieu1	
鷂	jɛw3/jieu3	
鷃	ʔan3/ʔɯan3	
鷄	kʲɛj1/kiei1	
鷅	lˠit4/ɭit4	
鷇	qʰɨw3/kʰəu3	
鷈	tʲʰɛj1/tʰiei1	
鷌	ma2/mua2	
鷎	qɑw1/kɑu1	
鷏	dʲɛn1/dien1	
鷐	ʑin1/dʒin1	
鷒	dwɑn1/duon1	
鷒	tɕwɛn1/tʃyen1	
鷓	tɕa3/tʃia3	
鷔	ɴɑw1/ŋɑu1	
鷔	ɴɑw3/ŋɑu3	
鷕	jwi2/jyi̯2	
鷖	ʔʲɛj1/ʔiei1	
鷗	ʔɨw1/ʔəu1	
鷘	ʈˠʰɨk4/ʈʰik4	
鷙	tɕi3/tʃi3	
鷚	mɨw1/mvuəu1	
鷚	ɡʲɨw1/ɡiu̯1	
鷚	mˠɨw1/miu̯1	
鷚	lˠɨw3/ɭiu̯3	
鷜	lˠu1/ɭɨ̯u1	
鷜	lɨw1/ləu1	
鷝	pʲit4/pit4	
鷞	ʂɑŋ1/ʂʅɔŋ1	
鷞	ʂɑŋ2/ʂʅɔŋ2	
鷟	dʐawk4/dʐɯak4	
鷡	ɱu1/mvu1	
鷢	ɡˠwɛt4/ɡʉot4	
鷣	jim1/jim1	
鷣	jɛw3/jieu3	
鷤	dʲɛj1/diei1	
鷤	dɑn1/dɑn1	
鷤	dʲɛj3/diei3	
鷦	tsʲɛw1/tsieu1	
鷧	ʔˠi3/ʔɨi̯3	
鷨	ʁwa1/ɦua1	
鷩	pʲɛj3/piei3	
鷩	pʲɛt4/piet4	
鷫	sʲɨwk4/sɨuk4	
鷭	vɛn1/bvuɐn1	
鷮	kˠɛw1/kɨeu1	
鷮	ɡˠɛw1/ɡɨeu1	
鷯	lʲɛw1/lieu1	
鷯	lˠɛw3/ɭieu3	
鷰	ʔʲɛn3/ʔien3	
鷲	dzʲɨw3/dziu̯3	
鷴	ʁan1/ɦɯan1	
鷵	du1/du1	
鷶	maj2/muai2	
鷷	tsʲwin1/tsyn1	
鷷	dzʲwin1/dzyn1	
鷸	jwit4/jyt4	
鷹	ʔˠɨŋ1/ʔɨŋ1	
鷺	lu3/lu3	
鷽	ʔawk4/ʔɯak4	
鷽	ʁawk4/ɦɯak4	
鷾	ʔˠi3/ʔɨi̯3	
鷿	bʲɛk4/biek4	
鸀	dɨwk4/duk4	
鸀	tɕuk4/tʃɨuk4	
鸀	ɖawk4/ɖɯak4	
鸁	lwɑ1/luɔ1	
鸂	kʲʰɛj1/kʰiei1	
鸄	kʲɛw3/kieu3	
鸄	kʲɛk4/kiek4	
鸄	ɣʲɛk4/ɦiek4	
鸅	ɖɛk4/ɖɯɛk4	
鸆	ŋˠu1/ŋɨ̯u1	
鸇	tɕɛn1/tʃien1	
鸈	ŋˠɛp4/ŋɨep4	
鸉	jɑŋ1/jɨɔŋ1	
鸋	nʲɛŋ1/nieŋ1	
鸋	nʲɛŋ3/nieŋ3	
鸌	ʔwɑk4/ʔuɔk4	
鸍	ɕi1/ʃi1	
鸍	mʲi1/mi1	
鸎	ʔɛŋ1/ʔɯɛŋ1	
鸏	mɨwŋ1/muŋ1	
鸏	mɨwŋ2/muŋ2	
鸐	ɖawk4/ɖɯak4	
鸑	ɴawk4/ŋɯak4	
鸒	jɨ1/jɨ̯u1	
鸒	jɨ3/jɨ̯u3	
鸓	lˠwi1/ɭyi̯1	
鸓	lˠwi2/ɭyi̯2	
鸕	lu1/lu1	
鸗	lɨwŋ1/luŋ1	
鸗	lˠuŋ1/ɭɨuŋ1	
鸘	ʂɑŋ1/ʂʅɔŋ1	
鸙	jɑk4/jɨɔk4	
鸚	ʔɛŋ1/ʔɯɛŋ1	
鸛	qwɑn3/kuon3	
鸜	ɡˠu1/ɡɨ̯u1	
鸝	lˠi1/ɭi1	
鸞	lwɑn1/luon1	
鹵	lu2/lu2	
鹷	lʲɛŋ1/lieŋ1	
鹹	ʁam1/ɦɯam1	
鹺	dzɑ1/dzɑ1	
鹻	qam2/kɯam2	
鹼	tsʲʰɛm1/tsʰiem1	
鹼	qam2/kɯam2	
鹽	jɛm1/jiem1	
鹽	jɛm3/jiem3	
鹿	lɨwk4/luk4	
麀	ʔˠɨw1/ʔɨu̯1	
麁	tsʰu1/tsʰu1	
麂	kˠi2/kɨi̯2	
麃	baw1/buau1	
麃	pˠʰɛw2/pʰɨeu2	
麆	dzu3/dzu3	
麆	dʐɨ3/dʐʅu3	
麇	kˠun1/kɨun1	
麈	tɕu2/tʃɨ̯u2	
麉	kʲɛn1/kien1	
麊	mʲi1/mi1	
麋	mˠi1/mɨi̯1	
麌	ɴu1/ŋu1	
麌	ŋˠu2/ŋɨ̯u2	
麎	ʑin1/dʒin1	
麏	kˠun1/kɨun1	
麐	lˠin1/ɭin1	
麐	lˠin3/ɭin3	
麑	ŋʲɛj1/ŋiei1	
麒	ɡˠi1/ɡɨi̯1	
麓	lɨwk4/luk4	
麔	ɡˠɨw3/ɡɨu̯3	
麕	kˠun1/kɨun1	
麖	kˠɛŋ1/kɨeŋ1	
麗	lˠi1/ɭi1	
麗	lʲɛj3/liei3	
麙	ɴam1/ŋɯam1	
麚	qa1/kɯa1	
麛	mʲɛj1/miei1	
麜	lˠit4/ɭit4	
麝	ʑa3/ʒia3	
麝	ʑɛk4/ʒiek4	
麞	tɕɑŋ1/tʃɨɔŋ1	
麟	lˠin1/ɭin1	
麠	kˠɛŋ1/kɨeŋ1	
麡	dzʲɛj1/dziei1	
麡	tsʲɛj1/tsiei1	
麡	dʐaj1/dʐɯai1	
麢	lʲɛŋ1/lieŋ1	
麤	tsʰu1/tsʰu1	
麥	mɛk4/muɛk4	
麧	ʁɨt4/ɦət4	
麨	tɕʰɛw2/tʃʰieu2	
麩	fʰu1/pfʰu1	
麪	mʲɛn3/mien3	
麮	kˠʰɨ2/kʰɨ̯u2	
麮	kˠʰɨ3/kʰɨ̯u3	
麰	mɨw1/mvuəu1	
麱	fʰu1/pfʰu1	
麳	lɑj1/lɑi1	
麴	kˠʰɨwk4/kʰɨuk4	
麵	mʲɛn3/mien3	
麷	fʰuŋ1/pfʰuŋ1	
麷	fʰuŋ3/pfʰuŋ3	
麻	ma1/mua1	
麼	mɑ2/muɔ2	
麾	xˠwi1/hɨui1	
黀	tʂɨw1/tʂʅᵊu1	
黁	nwɨn1/nun1	
黂	vi3/bvi3	
黃	ʁwɑŋ1/ɦuɔŋ1	
黅	kˠim1/kɨm1	
黇	tʲʰɛm1/tʰiem1	
黈	tʰɨw2/tʰəu2	
黊	ɣʲwɛj1/ɦyei1	
黊	ʁwa3/ɦua3	
黊	ʁwaj3/ɦuai3	老
黌	ʁwɛŋ1/ɦuɛŋ1	
黍	ɕɨ2/ʃɨ̯u2	
黎	lʲɛj1/liei1	
黏	ɳˠɛm1/ɳiem1	
黐	lˠi1/ɭi1	
黐	ʈˠʰi1/ʈʰi1	
黑	χɨk4/hək4	
黓	jɨk4/jik4	
黔	ɡˠim1/ɡɨm1	
黔	ɡˠɛm1/ɡɨem1	
黕	tɑm2/tɑm2	
黖	xˠi3/hɨi̯3	
黗	tʰwɨn1/tʰun1	
黗	tʰwɨn2/tʰun2	
默	mɨk4/muək4	
黚	ɡˠim1/ɡɨm1	
黚	ɡˠɛm1/ɡɨem1	
黛	dɑj3/dɑi3	
黜	ʈˠʰwit4/ʈʰyt4	
黝	ʔʲi1/ʔi1	
黝	ʔʲɨw2/ʔiu̯2	
點	tʲɛm2/tiem2	
黟	ʔʲi1/ʔi1	
黟	ʔʲɛj1/ʔiei1	
黠	ʁat4/ɦɯat4	
黤	ʔɑm2/ʔɑm2	
黤	ʔam2/ʔɯam2	
黥	ɡˠɛŋ1/ɡɨeŋ1	
黦	ʔˠut4/ʔɨut4	
黦	ʔˠwɛt4/ʔʉot4	
黦	ʔˠɛt4/ʔɨet4	
黧	lʲɛj1/liei1	
黨	tɑŋ2/tɑŋ2	
黫	ʔan1/ʔɯan1	
黬	qam1/kɯam1	
黬	ɴam1/ŋɯam1	
黭	ʔɑm2/ʔɑm2	
黮	dɑm3/dɑm3	
黮	tʰɑm2/tʰɑm2	
黯	ʔam1/ʔɯam1	
黯	ʔam2/ʔɯam2	
黰	ʔan1/ʔɯan1	
黰	tɕin2/tʃin2	
黱	dɑj3/dɑi3	
黲	tsʰɑm2/tsʰɑm2	
黳	ʔʲɛj1/ʔiei1	
黴	mˠi1/mɨi̯1	
黴	mɑj3/muoi3	
黵	tɑm2/tɑm2	
黶	ʔʲɛm2/ʔiem2	
黷	dɨwk4/duk4	
黸	lu1/lu1	
黹	ʈˠi2/ʈi2	
黺	fun2/pfun2	
黻	fut4/pfut4	
黼	fu2/pfu2	
黽	mʲin2/min2	
黽	mʲɛn2/mien2	
黽	mɛŋ2/muɛŋ2	
黿	ŋˠwɛn1/ŋʉon1	
黿	ɴwɑn1/ŋuon1	
鼀	tsʲʰɨwk4/tsʰɨuk4	
鼁	kˠʰɨ3/kʰɨ̯u3	
鼂	ɖˠɛw1/ɖieu1	
鼃	ʔwa1/ʔua1	
鼃	ʁwa1/ɦua1	
鼃	ʔwaj1/ʔuai1	老
鼃	ʁwaj1/ɦuai1	老
鼄	ʈˠu1/ʈɨ̯u1	
鼅	ʈˠi1/ʈi1	
鼆	mɛŋ2/muɛŋ2	
鼇	ɴɑw1/ŋɑu1	
鼈	pʲɛt4/piet4	
鼉	dɑ1/dɑ1	
鼊	pʲɛk4/piek4	
鼎	tʲɛŋ2/tieŋ2	
鼏	mʲɛk4/miek4	
鼐	nɑj2/nɑi2	
鼐	nɑj3/nɑi3	
鼒	tsi1/tsi1	
鼒	dzɑj1/dzɑi1	
鼓	qu2/ku2	
鼔	qu2/ku2	
鼕	dɨwŋ1/duŋ1	
鼖	vun1/bvun1	
鼗	dɑw1/dɑu1	
鼘	ʔˠin1/ʔɨn1	
鼘	ʔʲwɛn1/ʔyen1	
鼙	bʲɛj1/biei1	
鼚	ʈˠʰɑŋ1/ʈʰɨɔŋ1	
鼛	qɑw1/kɑu1	
鼜	tsʲʰɛk4/tsʰiek4	
鼞	tʰɑŋ1/tʰɑŋ1	
鼟	tʰɨŋ1/tʰəŋ1	
鼠	ɕɨ2/ʃɨ̯u2	
鼢	vun1/bvun1	
鼢	vun3/bvun3	
鼣	vɛj3/bvei3	
鼤	ɱun1/mvun1	
鼤	ɱun3/mvun3	
鼧	dɑ1/dɑ1	
鼧	tʰɑ1/tʰɑ1	
鼨	tɕɨwŋ1/tʃɨuŋ1	
鼩	ɡˠu1/ɡɨ̯u1	
鼪	ʂɛŋ1/ʂɯɛŋ1	
鼪	ʂɛŋ3/ʂɯɛŋ3	
鼫	ʑɛk4/ʒiek4	
鼬	jɨw3/jiu̯3	
鼭	ʑi1/dʒi1	
鼮	dʲɛŋ1/dieŋ1	
鼯	ɴu1/ŋu1	
鼱	tsʲɛŋ1/tsieŋ1	
鼲	ʁwɨn1/ɦun1	
鼳	kʲwɛk4/kyek4	
鼴	ʔˠɛn2/ʔɨen2	
鼵	dwɨt4/dut4	
鼶	si1/si1	
鼶	dʲɛj1/diei1	
鼷	ɣʲɛj1/ɦiei1	
鼸	ɣʲɛm3/ɦiem3	
鼻	bʲi3/bi3	
鼼	ŋʲɛw3/ŋieu3	
鼼	ŋˠɨw3/ŋɨu̯3	
鼽	ɡˠɨw1/ɡɨu̯1	
鼾	χɑn1/hɑn1	
鼾	ʁɑn3/ɦɑn3	
鼿	χwɑj1/huoi1	
鼿	ɴwɨt4/ŋut4	
齁	χɨw1/həu1	
齂	xˠi3/hɨi̯3	
齂	χaj3/hɯai3	
齂	mat4/muat4	
齃	ʔɑt4/ʔɑt4	
齅	xˠɨw3/hɨu̯3	
齈	nɨwŋ3/nuŋ3	
齊	dzʲɛj1/dziei1	
齊	dzʲɛj3/dziei3	
齋	tʂaj1/tʂɯai1	
齌	tsʲʰɛj1/tsʰiei1	
齌	tsʲɛj1/tsiei1	
齌	dzʲɛj3/dziei3	
齍	tsi1/tsi1	
齎	tsi1/tsi1	
齎	tsʲɛj1/tsiei1	
齏	tsʲɛj1/tsiei1	
齒	tɕʰi2/tʃʰi2	
齔	tʂʰin2/tʂʰʅᵊn2	
齔	tʂʰin3/tʂʰʅᵊn3	
齕	ʁɨt4/ɦət4	
齕	ɣʲɛt4/ɦiet4	
齖	ɴa1/ŋɯa1	
齖	ɴa3/ŋɯa3	
齗	ŋˠin1/ŋɨn1	
齗	ŋˠin2/ŋɨn2	
齘	ʁaj3/ɦɯai3	
齚	dʐɛk4/dʐɯɛk4	
齛	sʲɛt4/siet4	
齜	tʂi1/tʂʅi̯1	
齝	ɕi1/ʃi1	
齝	ʈˠʰi1/ʈʰi1	
齞	ŋʲɛn2/ŋien2	
齟	dʐɨ3/dʐʅu3	
齡	lʲɛŋ1/lieŋ1	
齤	ɡˠwɛn1/ɡʉon1	
齦	ŋˠin1/ŋɨn1	
齦	qʰɨn2/kʰən2	
齦	qʰan2/kʰɯan2	
齧	ŋʲɛt4/ŋiet4	
齨	ɡˠɨw3/ɡɨu̯3	
齩	ɴaw2/ŋɯau2	
齪	tʂʰawk4/tʂʰɯak4	
齫	qʰwɨn2/kʰun2	
齬	ŋˠɨ1/ŋɨ̯u1	
齬	ɴu1/ŋu1	
齬	ŋˠɨ2/ŋɨ̯u2	
齭	ʂɨ2/ʂʅu2	
齭	tʂʰɨ2/tʂʰʅu2	
齮	ŋˠi2/ŋɨi̯2	
齯	ŋʲɛj1/ŋiei1	
齰	dʐa3/dʐɯa3	
齰	dʐɛk4/dʐɯɛk4	
齱	tʂɨw1/tʂʅᵊu1	
齱	tʂʰawk4/tʂʰɯak4	
齲	kˠʰu2/kʰɨ̯u2	
齳	ŋˠun2/ŋɨun2	
齴	ŋˠɛn2/ŋɨen2	
齵	ŋˠu1/ŋɨ̯u1	
齵	ɴɨw1/ŋəu1	
齶	ɴɑk4/ŋɑk4	
齷	ʔawk4/ʔɯak4	
齸	jit4/jit4	
齸	ʔʲɛk4/ʔiek4	
齹	tʂʰi1/tʂʰʅi̯1	
齹	dʐi1/dʐʅi̯1	
齹	dzɑ1/dzɑ1	
齺	dʐawk4/dʐɯak4	
齻	tʲɛn1/tien1	
齼	tʂʰɨ2/tʂʰʅu2	
齽	ɡˠim3/ɡɨm3	
齾	ɴɑt4/ŋɑt4	
齾	ɴat4/ŋɯat4	
龍	lˠuŋ1/ɭɨuŋ1	
龏	kˠuŋ3/kɨuŋ3	
龏	ʔawk4/ʔɯak4	
龐	bawŋ1/buaŋ1	
龓	lɨwŋ1/luŋ1	
龓	lɨwŋ2/luŋ2	
龔	kˠuŋ1/kɨuŋ1	
龕	qʰɑm1/kʰɑm1	
龖	dɑp4/dɑp4	
龗	lʲɛŋ1/lieŋ1	
龜	kˠwi1/kɨui1	
龜	kˠɨw1/kɨu̯1	
龠	jɑk4/jɨɔk4	
龢	ʁwɑ1/ɦuɔ1	
龣	lɨwk4/luk4	
龣	qawk4/kɯak4	
龤	ʁaj1/ɦɯai1	
𠀔	kˠut4/kɨut4	
𠀘	tʲʰɛn1/tʰien1	
𠀽	lwɨt4/lut4	
𠁁	dɨw3/dəu3	
𠁥	qwaj2/kuai2	
𠁥	qwa2/kua2	
𠁫	kˠʰɨw1/kʰiu̯1	
𠁭	ɡʲi1/ɡi1	
𠂄	χwɑn1/huon1	
𠂆	jɛj3/jiei3	
𠂇	tsɑ2/tsɑ2	
𠂔	tʂi2/tʂʅi̯2	
𠂕	ɕi2/ʃi2	
𠂞	ʁu1/ɦu1	
𠂢	pʰaj3/pʰuai3	
𠂤	twɑj1/tuoi1	
𠂬	ɴwɑ1/ŋuɔ1	
𠂬	ɴwɑ2/ŋuɔ2	
𠂼	dʲɛm3/diem3	
𠃀	ʑwi1/dʒyi̯1	
𠃊	ʔˠin2/ʔɨn2	
𠃚	kʲɨw1/kiu̯1	
𠃾	kˠwi1/kɨui1	
𠄅	ŋˠɛp4/ŋɨep4	
𠄈	lˠin3/ɭin3	
𠄌	kˠwɛt4/kʉot4	
𠄏	tʲɛw2/tieu2	
𠄔	ɣʲɛw3/ɦieu3	
𠄖	lʲɛŋ1/lieŋ1	
𠅞	ʑɨŋ1/dʒiŋ1	
𠅬	pɑw1/puɔu1	
𠆎	ɰwi1/ɨui1	
𠆩	vɛm1/bvuɐm1	
𠆩	fʰɛm3/pfʰuɐm3	
𠆲	ŋˠɛm2/ŋɨem2	
𠆴	ɳaw3/ɳɯau3	
𠆵	ŋʲɛj1/ŋiei1	
𠇗	qʰwa1/kʰua1	
𠇱	mɑt4/muot4	
𠈇	sʲɨwk4/sɨuk4	
𠈈	tsʰi2/tsʰi2	
𠈈	si2/si2	
𠈋	ɲɨwŋ1/ɲʒɨuŋ1	
𠈱	sɑ1/sɑ1	
𠈵	mawŋ1/muaŋ1	
𠈵	mawŋ2/muaŋ2	
𠈺	bʲɛj3/biei3	
𠉤	dɑp4/dɑp4	
𠉦	sʲɨwk4/sɨuk4	
𠊧	bɛŋ3/buɛŋ3	
𠊩	dʐan3/dʐɯan3	
𠊪	ʑu3/ʒɨ̯u3	
𠊬	ɡˠɑk4/ɡɨɔk4	
𠊬	kˠʰɛk4/kʰɨek4	
𠊰	qwa2/kua2	
𠊷	ɖˠi3/ɖi3	
𠊾	ɡˠwi1/ɡɨui1	
𠊾	ɡʲwi3/ɡyi̯3	
𠋧	kˠʰɑ1/kʰɨɔ1	
𠋩	fuk4/pfuk4	
𠋬	kʲwɛk4/kyek4	
𠋺	sɑw1/sɑu1	
𠌖	ɡˠuŋ1/ɡɨuŋ1	
𠌪	tʰɑw1/tʰɑu1	
𠌭	ʂwit4/ʂʯᵊt4	
𠌮	tɕa1/tʃia1	
𠌰	qɑj3/kɑi3	
𠌶	ɰu1/ɨ̯u1	
𠌶	xˠu1/hɨ̯u1	
𠍀	tɨwŋ1/tuŋ1	
𠍜	ɖˠi3/ɖi3	
𠍴	kˠʰɛn1/kʰɨen1	
𠍹	ʈap4/ʈɯap4	
𠎷	sɑp4/sɑp4	
𠏀	qʰwɑ1/kʰuɔ1	
𠏃	ʔˠwɑ1/ʔʉɔ1	
𠏢	lwɑ3/luɔ3	
𠏤	kˠwɑŋ2/kʉɔŋ2	
𠏭	dzɨwŋ3/dzuŋ3	
𠏮	twɑj3/tuoi3	
𠐀	ji1/ji1	
𠐋	pʰaw1/pʰuau1	
𠐋	law1/ɭɯau1	
𠐌	pˠi2/pɨi̯2	
𠐤	qwɑj1/kuoi1	
𠐩	ʈʰam2/ʈʰɯam2	
𠐻	ɡˠɛn3/ɡɨen3	
𠐻	kˠɛn2/kɨen2	
𠐼	lˠim3/ɭim3	
𠐽	ɡˠwi1/ɡɨui1	
𠐽	kˠwi3/kɨui3	
𠐾	kˠʰi1/kʰɨi̯1	
𠐿	χwɨŋ1/huəŋ1	
𠑅	ʈɛŋ1/ʈɯɛŋ1	
𠑆	ʈˠʰɛm2/ʈʰiem2	
𠑗	sʲɛn1/sien1	
𠑘	tʲɛn1/tien1	
𠑟	pʲɛn1/pien1	
𠑹	qu2/ku2	
𠒃	zi3/zi3	
𠒅	zi3/zi3	
𠒆	ɲi1/ɲʒi1	
𠒢	ɴwɑn1/ŋuon1	
𠓋	jɛk4/jiek4	
𠓗	fʰu3/pfʰu3	
𠓗	pʰɛk4/pʰuɛk4	
𠓭	lɑm2/lɑm2	
𠔙	tɨwŋ1/tuŋ1	
𠔯	pan1/puan1	
𠔺	qʰam1/kʰɯam1	
𠔼	mɑw2/muɔu2	
𠔼	mɨw3/muəu3	
𠕓	qʰawk4/kʰɯak4	
𠕣	qʰap4/kʰɯap4	
𠕦	ju3/jɨ̯u3	
𠖶	tsʲʰim3/tsʰim3	
𠖷	kʲwɛŋ2/kyeŋ2	
𠗂	ʁɑk4/ɦɑk4	
𠗉	ɣʲɛp4/ɦiep4	
𠗉	tsʲɛp4/tsiep4	
𠗉	ʁap4/ɦɯap4	
𠗊	ɡʲɛŋ3/ɡieŋ3	
𠗨	dʲɛp4/diep4	
𠗨	ɖap4/ɖɯap4	
𠗲	lˠɨŋ1/ɭiŋ1	
𠗴	ʁɑm1/ɦɑm1	
𠗺	ji1/ji1	
𠘂	sɨw1/səu1	
𠘧	ʑu1/dʒɨ̯u1	
𠘱	tɕin2/tʃin2	
𠙶	ʔɨw2/ʔəu2	
𠚡	tʰɑw1/tʰɑu1	
𠚥	tʲɛw1/tieu1	
𠛂	tʂʰɑŋ1/tʂʰʅɔŋ1	
𠛎	qɨw1/kəu1	
𠛐	tɕɛj3/tʃiei3	
𠛑	ɣʲɛn1/ɦien1	
𠛮	tsʲʰwɛn1/tsʰyen1	
𠛱	tsɑt4/tsɑt4	
𠛱	lˠɛt4/ɭiet4	
𠛺	fʰu2/pfʰu2	
𠜓	tʲʰɛk4/tʰiek4	
𠜖	lwɑt4/luot4	
𠜙	pu3/pu3	
𠜱	pʲʰɛj1/pʰiei1	
𠜲	ʔa1/ʔɯa1	
𠜵	qat4/kɯat4	
𠜶	nɑw2/nɑu2	
𠜻	χwɛk4/huɛk4	
𠜾	kˠwɛj3/kʉoi3	
𠜾	kˠut4/kɨut4	
𠝃	ʔʲwɛn1/ʔyen1	
𠝟	ʔˠɛŋ2/ʔɨeŋ2	
𠝤	tɕʰuŋ1/tʃʰɨuŋ1	
𠝥	kʲʰwɛj1/kʰyei1	
𠞂	sʲɛj1/siei1	
𠞇	pʲʰɛj3/pʰiei3	
𠞈	tɑp4/tɑp4	
𠞉	lˠit4/ɭit4	
𠞊	tʂʰaj1/tʂʰɯai1	
𠞊	tʂʰa1/tʂʰɯa1	
𠞩	tʂʰit4/tʂʰʅᵊt4	
𠞩	ʂwit4/ʂʯᵊt4	
𠞭	lɨw1/ləu1	
𠞭	lɨw3/ləu3	
𠞮	tʂʰɑŋ2/tʂʰʅɔŋ2	
𠞱	ɡˠin3/ɡɨn3	
𠟂	tsʰɨŋ3/tsʰəŋ3	
𠟃	tswɨn2/tsun2	
𠟉	tɕɛn2/tʃien2	
𠟍	tɕʰuŋ1/tʃʰɨuŋ1	
𠟎	ɴɑk4/ŋɑk4	
𠟪	tsʲʰɛp4/tsʰiep4	
𠟪	ŋˠɛp4/ŋɨep4	
𠟭	tsɨk4/tsək4	
𠟻	tsɨk4/tsək4	
𠟼	ʁwan1/ɦuan1	
𠟽	qwat4/kuat4	
𠠃	tsʲʰɛm1/tsʰiem1	
𠠍	lˠi1/ɭi1	
𠠎	qʰwɑk4/kʰuɔk4	
𠠎	qʰwɛk4/kʰuɛk4	
𠠗	lˠɛp4/ɭiep4	
𠠜	ʔɛŋ1/ʔɯɛŋ1	
𠠫	lʲɛj3/liei3	
𠠳	kˠɨw1/kɨu̯1	
𠡂	bˠit4/bɨt4	
𠡃	tsɑ3/tsɑ3	
𠡝	ŋˠit4/ŋɨt4	
𠢆	ʁat4/ɦɯat4	
𠢈	kˠɨ2/kɨ̯u2	
𠢓	mɑk4/muɔk4	
𠢕	ʁɑw1/ɦɑu1	
𠢠	lˠɨk4/ɭik4	
𠢤	kˠwɛt4/kʉot4	
𠢲	qʰaj2/kʰɯai2	
𠢳	ʂɨk4/ʂʅᵊk4	
𠣊	lˠɨ3/ɭɨ̯u3	
𠣑	ʔaw1/ʔɯau1	
𠣙	zʲwin1/zyn1	
𠣟	tsʲʰwin1/tsʰyn1	
𠣨	ŋˠi1/ŋɨi̯1	
𠣪	ɡˠu1/ɡɨ̯u1	
𠣫	ʑɛw3/ʒieu3	
𠣬	sʲwin2/syn2	
𠣵	bɨk4/buək4	
𠣾	pʰɨk4/pʰuək4	
𠤄	kˠʰɨwk4/kʰɨuk4	
𠤄	ɡˠɨwk4/ɡɨuk4	
𠤈	vuŋ3/bvuŋ3	
𠤎	χwa3/hua3	
𠤏	pɑw2/puɔu2	
𠤼	dʲɛw1/dieu1	
𠥐	tsʰɑŋ1/tsʰɑŋ1	
𠥗	kˠwi2/kɨui2	
𠥙	tsʲʰwɛn1/tsʰyen1	
𠥜	ʔɑt4/ʔɑt4	
𠥦	jɨk4/jik4	
𠥴	ʁɑm1/ɦɑm1	
𠥸	tʲʰɛj1/tʰiei1	
𠦂	tʰɑw1/tʰɑu1	
𠦒	pɑn1/puon1	
𠦒	pʲit4/pit4	
𠦪	xˠut4/hɨut4	
𠦫	dzʲip4/dzip4	
𠦬	qwaj1/kuai1	
𠧙	ʑɛw1/dʒieu1	
𠧙	tɕɛw3/tʃieu3	
𠧙	ʑɛw3/ʒieu3	
𠧚	tɕʰɛk4/tʃʰiek4	
𠧞	ɖˠɛw3/ɖieu3	
𠧧	sʲɛj1/siei1	
𠧩	χwɑj3/huoi3	
𠧪	dʲɛw1/dieu1	
𠧴	jɨw1/jiu̯1	
𠧵	tɕʰɛk4/tʃʰiek4	
𠨍	tsʲɛj2/tsiei2	
𠨎	dʐwɛn3/dʐʯen3	
𠨘	pˠi3/pɨi̯3	
𠨜	ɴwɨt4/ŋut4	
𠨧	tsʲʰɛn1/tsʰien1	
𠨮	tʂɨk4/tʂʅᵊk4	
𠨴	qaj3/kɯai3	
𠩁	dɨwŋ1/duŋ1	
𠩂	kˠʰɛp4/kʰɨep4	
𠩃	jɑk4/jɨɔk4	
𠩄	ʂɨ2/ʂʅu2	
𠩗	ji1/ji1	
𠩘	qap4/kɯap4	
𠩫	ŋʲɛk4/ŋiek4	
𠩬	lˠi1/ɭi1	
𠩺	xˠi1/hɨi̯1	
𠪙	si2/si2	
𠪚	ŋˠim1/ŋɨm1	
𠪚	tʰɑm2/tʰɑm2	
𠪚	qʰɑm2/kʰɑm2	
𠪮	tɕɛk4/tʃiek4	
𠫓	tʰwɨt4/tʰut4	
𠬈	pʲi2/pi2	
𠬛	mɨt4/mut4	
𠬝	tsʲɛt4/tsiet4	
𠬢	tʰɑw1/tʰɑu1	
𠬪	bˠɛw3/bɨeu3	
𠭖	qɑm2/kɑm2	
𠭙	ɕin1/ʃin1	
𠭥	sʲwi3/syi̯3	
𠭥	tɕwɛj3/tʃyei3	
𠭰	lˠi1/ɭi1	
𠭴	tʂwit4/tʂʯᵊt4	
𠭴	tɕwɛt4/tʃyet4	
𠮊	tɨk4/tək4	
𠮌	tʂwit4/tʂʯᵊt4	
𠮯	kˠi2/kɨi̯2	
𠯋	ʔʲɛj2/ʔiei2	
𠯔	pʲʰit4/pʰit4	
𠯗	tsɑp4/tsɑp4	
𠯘	pɑn3/puon3	
𠯙	tsʲɛt4/tsiet4	
𠰉	ʈˠʰɛw1/ʈʰieu1	
𠰒	ɲa2/ɲʒia2	
𠱘	ŋˠɛk4/ŋɨek4	
𠱝	ʔˠɛt4/ʔɨet4	
𠱠	lʲɛŋ1/lieŋ1	
𠱡	ʂaj3/ʂɯai3	
𠱡	sɑt4/sɑt4	
𠱥	ɴɑt4/ŋɑt4	
𠲗	ɴɑt4/ŋɑt4	
𠲮	kʲɛŋ3/kieŋ3	
𠲳	ɕin1/ʃin1	
𠲷	tʲɛp4/tiep4	
𠳃	ʁɨwŋ3/ɦuŋ3	
𠳋	kʲʰɛn2/kʰien2	
𠳌	qʰɑ1/kʰɑ1	
𠳌	qʰa3/kʰɯa3	
𠴦	tɕu3/tʃɨ̯u3	
𠴨	qwan1/kuan1	
𠴪	ʂwɛt4/ʂʯet4	
𠴫	tsʲɨwk4/tsɨuk4	
𠴫	dzʲɛk4/dziek4	
𠴱	ʁu1/ɦu1	
𠶷	ʔˠɨk4/ʔɨk4	
𠶸	ɡˠɑk4/ɡɨɔk4	
𠶸	kˠʰɛk4/kʰɨek4	
𠷂	dɑj3/dɑi3	
𠷈	lˠwit4/ɭyt4	
𠷎	ɖˠɨw1/ɖiu̯1	
𠷏	xˠwi2/hɨui2	
𠷏	ʔˠwi2/ʔɨui2	
𠷑	pʰɑt4/pʰuot4	
𠷓	xʲɛŋ1/hieŋ1	
𠷞	qu1/ku1	
𠷾	xˠwɨk4/hʉik4	
𠸶	sɑŋ1/sɑŋ1	
𠸶	sɑŋ3/sɑŋ3	
𠸹	ʔˠɨwk4/ʔɨuk4	
𠹀	swɨn3/sun3	
𠹈	nɑ1/nɑ1	
𠹊	tsʰɑw2/tsʰɑu2	
𠹋	dzʲit4/dzit4	
𠹝	ʔɨw3/ʔəu3	
𠺛	dɑw3/dɑu3	
𠻚	mu1/mu1	
𠻛	sɨw2/səu2	
𠻜	ʂwɛj3/ʂʯei3	
𠻜	ʂwɛt4/ʂʯet4	
𠻡	lɑ2/lɑ2	
𠻤	jin2/jin2	
𠻤	jɛn2/jien2	
𠻤	jɛn3/jien3	
𠽧	dʲɛt4/diet4	
𠽶	tʂʰwaj3/tʂʰuai3	
𠿈	tʂaw1/tʂɯau1	
𠿈	tʂɨw1/tʂʅᵊu1	
𠿊	kʲʰɛk4/kʰiek4	
𠿍	tʲɛn3/tien3	
𠿎	χwa1/hua1	
𠿎	χwaj1/huai1	老
𠿒	χɑt4/hɑt4	
𠿓	sɑp4/sɑp4	
𠿕	kˠʰɛw3/kʰɨeu3	
𠿝	tʂʰɨ1/tʂʰʅu1	
𠿟	ʔawk4/ʔɯak4	
𠿠	tʂip4/tʂʅᵊp4	
𠿡	ʈwat4/ʈuat4	
𡀾	ɴɑp4/ŋɑp4	
𡀿	lˠu3/ɭɨ̯u3	
𡁆	lawk4/ɭɯak4	
𡁉	ʈˠip4/ʈip4	
𡁋	ʔwɨn2/ʔun2	
𡁶	tsʲit4/tsit4	
𡂏	lˠɛp4/ɭiep4	
𡂒	tɕit4/tʃit4	
𡂕	lɑw2/lɑu2	
𡂖	lɑj3/lɑi3	
𡂟	baw3/buau3	
𡂩	lʲɛp4/liep4	
𡃡	lɨwŋ1/luŋ1	
𡄑	tsʲɛm1/tsiem1	
𡄑	tsʲɛm3/tsiem3	
𡄴	ʁwɛk4/ɦuɛk4	
𡅡	ɴɑk4/ŋɑk4	
𡅽	χɑn3/hɑn3	
𡅽	χwɑn3/huon3	
𡆑	ɴam1/ŋɯam1	
𡇈	dɑŋ3/dɑŋ3	
𡇓	tʲɛt4/tiet4	
𡇠	ʈɛk4/ʈɯɛk4	
𡇰	tɕwɛn2/tʃyen2	
𡇱	qʰawk4/kʰɯak4	
𡇶	ʁɑp4/ɦɑp4	
𡇼	ʔat4/ʔɯat4	
𡈋	kˠʰun1/kʰɨun1	
𡈋	qʰwɨn2/kʰun2	
𡈗	mɑk4/muɔk4	
𡈣	sʲwɛn1/syen1	
𡈼	tʲʰɛŋ2/tʰieŋ2	
𡉚	fuŋ1/pfuŋ1	
𡊁	ʔˠɨk4/ʔɨk4	
𡊅	fun1/pfun1	
𡊅	fun3/pfun3	
𡊉	mɑt4/muot4	
𡊻	lˠɛt4/ɭiet4	
𡋯	bɨt4/but4	
𡋲	dzwɑ3/dzuɔ3	
𡌦	vi3/bvi3	
𡌪	qwaj3/kuai3	
𡌲	kʲwɛj1/kyei1	
𡍖	dɑj3/dɑi3	
𡍦	ʁwɨn1/ɦun1	
𡍦	ʁwan1/ɦuan1	
𡍨	du3/du3	
𡍪	tʂʰip4/tʂʰʅᵊp4	
𡍫	tʂʰɨk4/tʂʰʅᵊk4	
𡍮	ʑwi1/dʒyi̯1	
𡎬	tʂwa2/tʂua2	
𡎯	ʁwaj3/ɦuai3	
𡎰	ɖˠi1/ɖi1	
𡎺	tʂɨwk4/tʂʅuk4	
𡎻	dʐan1/dʐɯan1	
𡎻	dʐɛn1/dʐʅen1	
𡏩	twɑj1/tuoi1	
𡏮	dʐaw1/dʐɯau1	
𡏳	kˠin2/kɨn2	
𡐔	jin1/jin1	
𡐞	pʲɛt4/piet4	
𡐠	kʲʰwɛj1/kʰyei1	
𡐠	qwaj2/kuai2	
𡐠	qwa3/kua3	
𡐠	qwaj3/kuai3	老
𡐤	kˠʰɛt4/kʰɨet4	
𡐨	ja2/jia2	
𡑈	twɑj2/tuoi2	
𡑟	ʔwɑ1/ʔuɔ1	
𡑠	tɕʰi3/tʃʰi3	
𡑠	ʑɨk4/ʒik4	
𡑣	qʰwɨt4/kʰut4	
𡒊	jɨ3/jɨ̯u3	
𡓐	ɴɑk4/ŋɑk4	
𡔇	lwɑj3/luoi3	
𡔞	ɱɑŋ2/mvuɔŋ2	
𡔢	kʲɛt4/kiet4	
𡔢	kʲʰɛt4/kʰiet4	
𡕗	ʁɑj3/ɦɑi3	
𡕢	mʲɛm2/miem2	
𡕢	ɱɛm2/mvuɐm2	
𡕬	ʁɑŋ3/ɦɑŋ3	
𡕮	lˠɨŋ1/ɭiŋ1	
𡕮	kˠɨk4/kɨk4	
𡖓	tɑm1/tɑm1	
𡖓	tɑm2/tɑm2	
𡖔	nɑ1/nɑ1	
𡖯	sɨwk4/suk4	
𡖶	mɛk4/muɛk4	
𡖾	kˠʰi1/kʰɨi̯1	
𡖿	ʁwɑ3/ɦuɔ3	
𡗞	ɣʲɛj1/ɦiei1	
𡗥	ʑwin1/dʒyn1	
𡗷	qu1/ku1	
𡗹	fʰɛn3/pfʰuɐn3	
𡗻	fut4/pfut4	
𡘌	tsʰi2/tsʰi2	
𡘌	χaj3/hɯai3	
𡘴	pʲɛt4/piet4	
𡘸	kʲɛn2/kien2	
𡙜	dwɑt4/duot4	
𡙳	kˠɨwk4/kɨuk4	
𡙷	ʔˠɛn3/ʔɨen3	
𡚊	χwɑn1/huon1	
𡚠	kˠwɑk4/kʉɔk4	
𡚠	ɡˠwɑk4/ɡʉɔk4	
𡚤	bˠi3/bɨi̯3	
𡚮	kˠɨw2/kɨu̯2	
𡚼	tɕʰi2/tʃʰi2	
𡚽	χɑw2/hɑu2	
𡚽	χɑw3/hɑu3	
𡛗	pˠi3/pɨi̯3	
𡛟	ɰwɛt4/ʉot4	
𡜂	ʁu3/ɦu3	
𡜊	fʰɨw1/pfʰuəu1	
𡜊	fɨw2/pfuəu2	
𡝐	ɖa1/ɖɯa1	
𡝡	mʲɛj1/miei1	
𡝦	nɨw2/nəu2	
𡝫	ɕɛm1/ʃiem1	
𡝫	ʈˠʰɛm1/ʈʰiem1	
𡞘	sʲɛp4/siep4	
𡞞	ʂɛŋ2/ʂɯɛŋ2	
𡞟	bɑn3/buon3	
𡞢	qʰɨk4/kʰək4	
𡞣	ʁam3/ɦɯam3	
𡞦	ɡʲwɛŋ1/ɡyeŋ1	
𡟨	ɕɛm2/ʃiem2	
𡟰	ʔˠwɛn1/ʔʉon1	
𡟷	ʁɑw3/ɦɑu3	
𡠗	tɕi3/tʃi3	
𡠗	tɕip4/tʃip4	
𡠚	pʲit4/pit4	
𡠜	mɛk4/muɛk4	
𡠼	sɨw1/səu1	
𡡉	mɑ1/muɔ1	
𡡏	ʂaw1/ʂɯau1	
𡡐	pɨwk4/puk4	
𡡕	ʔˠwɛt4/ʔʉot4	
𡡗	lˠwɛn2/ɭyen2	
𡢑	ʈˠwit4/ʈyt4	
𡢕	xˠwi2/hɨui2	
𡢖	qʰaj2/kʰɯai2	
𡢖	kʲʰɛj3/kʰiei3	
𡢖	qʰaj3/kʰɯai3	
𡣪	ɕɛk4/ʃiek4	
𡣫	mɨk4/muək4	
𡣬	ʔwan1/ʔuan1	
𡣬	ʔʲwɛn1/ʔyen1	
𡣬	ʔˠwɛn1/ʔʉon1	
𡤉	bʲin1/bin1	
𡤙	ɳap4/ɳɯap4	
𡤫	qʰa1/kʰɯa1	
𡤬	ʔˠwɑk4/ʔʉɔk4	
𡤯	lˠwi1/ɭyi̯1	
𡥀	pɑw2/puɔu2	
𡥈	qaw3/kɯau3	
𡦄	vɨw1/bvuəu1	
𡦗	ɲu3/ɲʒɨ̯u3	
𡦳	χaw3/hɯau3	
𡦼	ɲuŋ2/ɲʒɨuŋ2	
𡧋	bˠin1/bɨn1	
𡧍	mʲɛn3/mien3	
𡧘	dzʲɛk4/dziek4	
𡧮	ʔʲɛw2/ʔieu2	
𡧯	dzʲɛk4/dziek4	
𡧽	χwɑŋ2/huɔŋ2	
𡨀	ɖa1/ɖɯa1	
𡨃	ɡˠɨw1/ɡɨu̯1	
𡨢	kˠɨ1/kɨ̯u1	
𡨾	ʔʲɛn1/ʔien1	
𡩆	dɑ1/dɑ1	
𡩇	kʲʰɛw1/kʰieu1	
𡩡	ʂɛk4/ʂɯɛk4	
𡩩	mɑŋ1/muɔŋ1	
𡪁	ɴɑm1/ŋɑm1	
𡪄	ʈˠɨ2/ʈɨ̯u2	
𡪔	tsʲʰin1/tsʰin1	
𡪢	tsʲʰim2/tsʰim2	
𡪶	χɑm1/hɑm1	
𡫀	kʲɛk4/kiek4	
𡫬	kˠɨwk4/kɨuk4	
𡫺	fʰɨw1/pfʰuəu1	
𡫼	sɨk4/sək4	
𡫽	ɲɨ1/ɲʒɨ̯u1	
𡫽	ɲɨ2/ɲʒɨ̯u2	
𡫽	ʔˠɨ3/ʔɨ̯u3	
𡬄	ɡʲwi3/ɡyi̯3	
𡬍	mˠi2/mɨi̯2	
𡬍	mʲɛj2/miei2	
𡬓	tsʲʰim2/tsʰim2	
𡬖	χɑm1/hɑm1	
𡬙	sɨŋ3/səŋ3	
𡬹	dɑw3/dɑu3	
𡭊	twɑj3/tuoi3	
𡭐	ʑwɛn3/ʒyen3	
𡭴	kˠʰɛk4/kʰɨek4	
𡭾	nɨw2/nəu2	
𡮞	ʈˠɨk4/ʈik4	
𡯄	lˠɨk4/ɭik4	
𡯋	qɑn1/kɑn1	
𡯱	ŋˠwɛn2/ŋʉon2	
𡯵	tʰwɑj3/tʰuoi3	
𡰄	dʲɛj1/diei1	
𡰅	ʁwɨt4/ɦut4	
𡰖	tʲɛj1/tiei1	
𡰖	dʲɛj1/diei1	
𡰝	ɡˠwɛn1/ɡʉon1	
𡰠	lˠwi1/ɭyi̯1	
𡰠	lwɑ3/luɔ3	
𡰢	ɣʲwɛj1/ɦyei1	
𡰥	ji1/ji1	
𡰪	tɨwk4/tuk4	
𡰾	tsʰi1/tsʰi1	
𡰿	bɨwk4/buk4	
𡱂	dwɨn1/dun1	
𡱂	dʲɛn3/dien3	
𡱐	ji1/ji1	
𡱣	zʲɨ3/zɨ̯u3	
𡱣	jɨ3/jɨ̯u3	
𡱥	tswɑj1/tsuoi1	
𡱺	ɡˠu1/ɡɨ̯u1	
𡱼	qʰwɑ3/kʰuɔ3	
𡱿	jɛk4/jiek4	
𡲃	ʔɨwk4/ʔuk4	
𡲕	tʲʰɛj3/tʰiei3	
𡲗	ɡˠut4/ɡɨut4	
𡲣	qawŋ3/kɯaŋ3	
𡲬	ɡˠut4/ɡɨut4	
𡳅	kˠʰɛj3/kʰɨei3	
𡳆	tsʲʰɨ1/tsʰɨ̯u1	
𡳠	tsʰi1/tsʰi1	
𡳭	ʈˠʰi2/ʈʰi2	
𡳭	ʈˠʰi3/ʈʰi3	
𡳸	lʲɛk4/liek4	
𡴀	fʰuŋ1/pfʰuŋ1	
𡴆	lˠɨwk4/ɭɨuk4	
𡴎	ŋʲɛt4/ŋiet4	
𡴎	ŋˠɛt4/ŋɨet4	
𡴘	ʁɛŋ3/ɦɯɛŋ3	
𡴞	jwin2/jyn2	
𡴥	ʈˠʰi1/ʈʰi1	
𡴺	tsʲɛt4/tsiet4	
𡴺	dzʲɛt4/dziet4	
𡵙	ɴɑŋ3/ŋɑŋ3	
𡶇	mˠit4/mɨt4	
𡶎	ɱi3/mvi3	
𡶒	vut4/bvut4	
𡷘	bˠɛt4/bɨet4	
𡷛	ʁɑn3/ɦɑn3	
𡷝	ɳˠɛp4/ɳiep4	
𡷡	ʔʲwɛn1/ʔyen1	
𡷥	qʰɨwk4/kʰuk4	
𡷨	qʰɛŋ1/kʰɯɛŋ1	
𡸂	tʰu1/tʰu1	
𡸓	kˠʰɑŋ1/kʰɨɔŋ1	
𡸔	ɣʲwɛj1/ɦyei1	
𡸜	ɖˠɨk4/ɖik4	
𡸦	dʐɨk4/dʐʅᵊk4	
𡸨	tsʲu1/tsɨ̯u1	
𡹆	dɨwk4/duk4	
𡹮	ʔˠɛm2/ʔɨem2	
𡹼	ɴɑn3/ŋɑn3	
𡺮	pˠʰi2/pʰɨi̯2	
𡺲	sʲwin3/syn3	
𡺵	dʐaj1/dʐɯai1	
𡻚	qʰɑŋ2/kʰɑŋ2	
𡻝	dzʲɛw1/dzieu1	
𡻝	dʐaw1/dʐɯau1	
𡻞	pʲit4/pit4	
𡻠	tɕɨ3/tʃɨ̯u3	
𡻡	ʁɑm3/ɦɑm3	
𡻭	lˠwi2/ɭyi̯2	
𡻮	ʁu3/ɦu3	
𡼄	dʲɛt4/diet4	
𡼊	lwɑj2/luoi2	
𡼿	qʰwɨt4/kʰut4	
𡽆	tɕi3/tʃi3	
𡽐	lʲɛw1/lieu1	
𡽜	ɴɑn1/ŋɑn1	
𡽠	pʰɑ2/pʰuɔ2	
𡽧	ɳaw1/ɳɯau1	
𡾅	lˠɨ3/ɭɨ̯u3	
𡾋	lwɑj2/luoi2	
𡾙	ɴɑk4/ŋɑk4	
𡾰	kˠɛn2/kɨen2	
𡾰	ɡˠɛn3/ɡɨen3	
𡿔	lˠwi1/ɭyi̯1	
𡿖	ɴat4/ŋɯat4	
𡿖	ŋʲɛt4/ŋiet4	
𡿦	qʰwɨn1/kʰun1	
𡿧	tsɑj1/tsɑi1	
𡿨	kʲwɛn2/kyen2	
𡿪	ŋˠit4/ŋɨt4	
𡿪	lˠɛt4/ɭiet4	
𡿮	tʰwɨt4/tʰut4	
𡿮	dwɨt4/dut4	
𡿯	ɰut4/ɨut4	
𡿿	ʁwɨk4/ɦuək4	
𢁁	ʈawk4/ʈɯak4	
𢁕	tʲɛw2/tieu2	
𢁗	qɑn3/kɑn3	
𢁘	sɑm1/sɑm1	
𢁥	fʰun1/pfʰun1	
𢁦	bˠi3/bɨi̯3	
𢁬	tʂaw2/tʂɯau2	
𢁮	ɡˠɛm1/ɡɨem1	
𢁼	ʈˠɨ2/ʈɨ̯u2	
𢁾	ʈˠʰɛw1/ʈʰieu1	
𢂀	fʰut4/pfʰut4	
𢂁	qʰɨw1/kʰəu1	
𢂃	dzɑk4/dzɑk4	
𢂊	ʔaw2/ʔɯau2	
𢂏	pɑj3/puoi3	
𢂐	ɣʲɛp4/ɦiep4	
𢂑	ɕɨk4/ʃik4	
𢂤	bɑj3/buoi3	
𢂥	lˠɛj3/ɭiei3	
𢂷	qɑp4/kɑp4	
𢂷	qap4/kɯap4	
𢂹	maw3/muau3	
𢂺	tsʲʰɛn3/tsʰien3	
𢂻	ɲin3/ɲʒin3	
𢂼	jɛj3/jiei3	
𢂿	qʰap4/kʰɯap4	
𢃀	ɱu1/mvu1	
𢃍	pʲi1/pi1	
𢃏	dzɨwŋ1/dzuŋ1	
𢃐	qʰɨwŋ1/kʰuŋ1	
𢃒	tswɑj3/tsuoi3	
𢃓	tsʲʰuŋ2/tsʰɨuŋ2	
𢃔	tɕʰɛm1/tʃʰiem1	
𢃕	tʰɑp4/tʰɑp4	
𢃖	ɖˠɨw1/ɖiu̯1	
𢃗	ʁɑm3/ɦɑm3	
𢃛	ɡˠi1/ɡɨi̯1	
𢃤	χwɨk4/huək4	
𢃬	tsʲɛn1/tsien1	
𢃮	mʲɛn2/mien2	
𢃳	ʑɛw1/dʒieu1	
𢃴	lɑt4/lɑt4	
𢃶	dɨwk4/duk4	
𢄇	qɨw3/kəu3	
𢄋	ʔʲwɛŋ1/ʔyeŋ1	
𢄏	mɨk4/muək4	
𢄐	mɨwŋ1/muŋ1	
𢄐	mɨwŋ3/muŋ3	
𢄓	ʔu2/ʔu2	
𢄔	tɑj3/tɑi3	
𢄢	tɕi3/tʃi3	
𢄢	ɕwɛj3/ʃyei3	
𢄳	qʰwa2/kʰua2	
𢄴	nɑ2/nɑ2	
𢄶	χwɛk4/huɛk4	
𢄹	kˠʰɛw1/kʰɨeu1	
𢄺	lʲɛw2/lieu2	
𢄺	tsʲɛw2/tsieu2	
𢄻	sɑn2/sɑn2	
𢄼	sʲu1/sɨ̯u1	
𢅉	maw3/muau3	
𢅎	kʲɛw2/kieu2	
𢅎	kʲɛw3/kieu3	
𢅫	zʲwɛj3/zyei3	
𢅮	zʲɛm1/ziem1	
𢅯	vun3/bvun3	
𢅰	χɛk4/hɯɛk4	
𢅹	jɑk4/jɨɔk4	
𢆃	nwɑj1/nuoi1	
𢆃	nɑn3/nɑn3	
𢆉	ɲim2/ɲʒim2	
𢆞	kʲɛn2/kien2	
𢆶	ʔˠɨw1/ʔɨu̯1	
𢆶	ʔʲɨw1/ʔiu̯1	
𢆸	pɛŋ1/puɛŋ1	
𢇇	qwan1/kuan1	
𢇌	si2/si2	
𢇓	ɡˠit4/ɡɨt4	
𢇘	ŋˠɛm2/ŋɨem2	
𢇞	ʁɑm3/ɦɑm3	
𢇫	fuŋ2/pfuŋ2	
𢇷	bɑt4/buot4	
𢈉	dɨwŋ1/duŋ1	
𢈌	kˠwi3/kɨui3	
𢈕	paj3/puai3	
𢈙	ʁap4/ɦɯap4	
𢈚	lˠɨ2/ɭɨ̯u2	
𢈹	twɑj1/tuoi1	
𢉤	qa3/kɯa3	
𢉥	ʔˠɛt4/ʔɨet4	
𢉥	ʔɑt4/ʔɑt4	
𢉨	lɑt4/lɑt4	
𢊄	xʲwi1/hyi̯1	
𢊕	tsʰɨwŋ1/tsʰuŋ1	
𢊕	tsɨwŋ2/tsuŋ2	
𢊖	ɕim3/ʃim3	
𢊗	mɑk4/muɔk4	
𢊰	sʲɛn3/sien3	
𢊿	xʲwi1/hyi̯1	
𢋅	ju1/jɨ̯u1	
𢋅	jɨw1/jiu̯1	
𢋑	ɱu2/mvu2	
𢋒	ʁwɑk4/ɦuɔk4	
𢌨	jɛn1/jien1	
𢌱	jɨ2/jɨ̯u2	
𢌳	ɡˠwi1/ɡɨui1	
𢌻	jɨwk4/jɨuk4	
𢍁	ɡˠi1/ɡɨi̯1	
𢍁	ɡˠi3/ɡɨi̯3	
𢍏	kˠwɛn3/kʉon3	
𢍚	ɰwi3/ɨui3	
𢎀	jɨk4/jik4	
𢎘	ʁɑm1/ɦɑm1	
𢎘	ʁɑm3/ɦɑm3	
𢎛	tsʲɛt4/tsiet4	
𢎢	jin2/jin2	
𢎦	ʑu1/dʒɨ̯u1	
𢎰	ʔu1/ʔu1	
𢎰	qʰu1/kʰu1	
𢏏	mʲi1/mi1	
𢏕	dɨwŋ1/duŋ1	
𢏗	ŋʲɛj3/ŋiei3	
𢏤	sʲwin3/syn3	
𢐀	bˠit4/bɨt4	
𢐂	ʑi3/ʒi3	
𢐂	ʈˠi3/ʈi3	
𢐄	jwɛn3/jyen3	
𢐲	vɛn1/bvuɐn1	
𢐸	lu1/lu1	
𢑄	jɛw1/jieu1	
𢑆	ɡˠwɛn1/ɡʉon1	
𢑢	χwɨt4/hut4	
𢒔	ʈˠuk4/ʈɨuk4	
𢒔	ʈˠʰuk4/ʈʰɨuk4	
𢒞	lɑn3/lɑn3	
𢒫	zʲim1/zim1	
𢓀	jɨk4/jik4	
𢓈	zʲwin3/zyn3	
𢓕	jim1/jim1	
𢓜	qɛk4/kɯɛk4	
𢓠	ʂin1/ʂʅᵊn1	
𢓡	ji1/ji1	
𢓪	dʐi3/ʐʅi̯3	
𢓱	fʰuŋ1/pfʰuŋ1	
𢓴	tʰwɑj3/tʰuoi3	
𢔀	tsʲʰim1/tsʰim1	
𢔅	tɨwŋ1/tuŋ1	
𢔋	sʲuŋ1/sɨuŋ1	
𢔌	pʲi2/pi2	
𢔟	ɳˠɨw2/ɳiu̯2	
𢔠	xʲwɛk4/hyek4	
𢔡	qʰaj1/kʰɯai1	
𢔢	ju1/jɨ̯u1	
𢔥	ɰut4/ɨut4	
𢔭	dʲɛj1/diei1	
𢕒	vɨw3/bvuəu3	
𢕕	sɑm2/sɑm2	
𢕘	tsʰwɑj1/tsʰuoi1	
𢕚	ʈˠɨk4/ʈik4	
𢕬	tʂʰip4/tʂʰʅᵊp4	
𢕬	sɑp4/sɑp4	
𢕮	ʈaj3/ʈɯai3	
𢕮	ʈa3/ʈɯa3	
𢖊	pʲʰɛŋ1/pʰieŋ1	
𢖒	ʔˠɨw1/ʔɨu̯1	
𢖔	paw3/puau3	
𢖦	kˠʰwɑk4/kʰʉɔk4	
𢖫	ŋˠi3/ŋɨi̯3	
𢖳	xˠu1/hɨ̯u1	
𢖶	kˠʰuŋ2/kʰɨuŋ2	
𢖶	kˠʰuŋ3/kʰɨuŋ3	
𢖺	jɨk4/jik4	
𢗊	χaj3/hɯai3	
𢗋	ʑwin1/dʒyn1	
𢗋	ɡʲwɛŋ1/ɡyeŋ1	
𢗒	bawŋ3/buaŋ3	
𢗿	mɑt4/muot4	
𢘁	sʲɛm1/siem1	
𢘉	ʁap4/ɦɯap4	
𢘌	ʁwɛŋ1/ɦuɛŋ1	
𢘍	bˠit4/bɨt4	
𢘎	ɲwɛn2/ɲʒyen2	
𢘐	tɨwŋ1/tuŋ1	
𢘽	jɛj3/jiei3	
𢘽	ʈˠʰɛj3/ʈʰiei3	
𢘿	swɑ1/suɔ1	
𢙣	ʔɑk4/ʔɑk4	
𢙱	lɨwŋ3/luŋ3	
𢙼	ɣʲɛŋ3/ɦieŋ3	
𢚃	lˠwɛt4/ɭyet4	
𢛁	tɑt4/tɑt4	
𢛃	ɡˠɨw1/ɡɨu̯1	
𢛃	ɡˠɨw3/ɡɨu̯3	
𢛆	ɣʲɛn1/ɦien1	
𢛈	tɕʰɛm1/tʃʰiem1	
𢛎	bʲɛt4/biet4	
𢛓	lan1/ɭɯan1	
𢛢	ʁɨŋ1/ɦəŋ1	
𢛳	tɨk4/tək4	
𢜩	kˠʰɛm1/kʰɨem1	
𢜩	qʰam2/kʰɯam2	
𢜫	sʲɛŋ2/sieŋ2	
𢜬	dɑk4/dɑk4	
𢜭	ɡˠɛk4/ɡɨek4	
𢜭	kˠɛk4/kɨek4	
𢜮	ɱu1/mvu1	
𢜮	ɱu2/mvu2	
𢜮	mu2/mu2	
𢜰	ʔʲɛm3/ʔiem3	
𢜰	ʔˠɛm3/ʔɨem3	
𢜳	tɕʰɛj3/tʃʰiei3	
𢜽	ɡʲwi1/ɡyi̯1	
𢜽	ɡʲwi3/ɡyi̯3	
𢝁	χwɛŋ1/huɛŋ1	
𢝆	ɖˠuŋ3/ɖɨuŋ3	
𢝇	χwɛk4/huɛk4	
𢝰	tsɨwŋ2/tsuŋ2	
𢝹	tʲʰɛj3/tʰiei3	
𢞎	baj3/buai3	
𢞏	kˠʰɨwŋ1/kʰɨuŋ1	
𢞐	ʁɑj3/ɦɑi3	
𢞒	tʲʰɛk4/tʰiek4	
𢞒	kʲʰɛk4/kʰiek4	
𢞗	pʲʰi1/pʰi1	
𢞝	sɑj3/sɑi3	
𢞡	χawŋ2/hɯaŋ2	
𢞣	ɕɨwk4/ʃɨuk4	
𢞦	vu1/bvu1	
𢟢	lˠi1/ɭi1	
𢟤	lˠi1/ɭi1	
𢟤	lˠi3/ɭi3	
𢟪	xˠi3/hɨi̯3	
𢟪	ʔɑj3/ʔɑi3	
𢟮	mɑn2/muon2	
𢟰	ɴaj3/ŋɯai3	
𢠜	bɨt4/but4	
𢠳	pʲʰɛt4/pʰiet4	
𢠵	tɕʰɑŋ2/tʃʰɨɔŋ2	
𢠶	ʁwan3/ɦuan3	
𢠽	dɑŋ3/dɑŋ3	
𢡍	qɛk4/kɯɛk4	
𢡹	ʑuŋ3/ʒɨuŋ3	
𢢗	ɖawk4/ɖɯak4	
𢢜	ŋˠɛp4/ŋɨep4	
𢢝	sʲwi3/syi̯3	
𢢞	kʲʰɛj3/kʰiei3	
𢣏	ʔɑj3/ʔɑi3	
𢣐	pʲʰin1/pʰin1	
𢣒	ʁwɨn1/ɦun1	
𢣔	mʲɛn1/mien1	
𢣘	jwi3/jyi̯3	
𢣙	ʔʲwɛŋ3/ʔyeŋ3	
𢣻	lˠɨ1/ɭɨ̯u1	
𢤁	sɑw3/sɑu3	
𢤂	lˠi1/ɭi1	
𢤄	sɨwŋ1/suŋ1	
𢤆	lˠɛj3/ɭiei3	
𢤇	nʲɛj3/niei3	
𢤋	xˠɨk4/hɨk4	
𢤤	ɖawŋ3/ɖɯaŋ3	
𢤦	tɨwŋ2/tuŋ2	
𢤬	vun3/bvun3	
𢤱	lɨwŋ2/luŋ2	
𢥎	tsʲɛj1/tsiei1	
𢥗	lˠi1/ɭi1	
𢥘	ɣʲwɛj1/ɦyei1	
𢥛	sɨk4/sək4	
𢥞	dɨwŋ1/duŋ1	
𢥠	ʂawŋ1/ʂɯaŋ1	
𢦅	χɨwŋ2/huŋ2	
𢦏	tsɑj1/tsɑi1	
𢦚	ʁwa3/ɦua3	
𢦟	qʰɑm1/kʰɑm1	
𢦦	ɲɨwŋ1/ɲʒɨuŋ1	
𢦧	mɨw1/mvuəu1	
𢦩	ʑɛŋ1/dʒieŋ1	
𢧀	qɑn1/kɑn1	
𢧖	ʈat4/ʈɯat4	
𢧤	ɖˠit4/ɖit4	
𢧧	qɨk4/kək4	
𢧨	tɕʰwin2/tʃʰyn2	
𢧳	juŋ1/jɨuŋ1	
𢧴	ɴɑw1/ŋɑu1	
𢨔	ɱɛm2/mvuɐm2	
𢨛	xˠi1/hɨi̯1	
𢨪	dʐi3/dʐʅi̯3	
𢨸	ʈˠʰu3/ʈʰɨ̯u3	
𢩭	tsʰwɨn2/tsʰun2	
𢪃	tsʰwɨt4/tsʰut4	
𢪇	tsʲɑŋ1/tsɨɔŋ1	
𢪍	tsʲit4/tsit4	
𢪍	tsʲɛt4/tsiet4	
𢪎	xˠwɑ1/hʉɔ1	
𢪏	ʁwɨt4/ɦut4	
𢪒	kˠuŋ2/kɨuŋ2	
𢫦	mɛk4/muɛk4	
𢫨	ɲuŋ2/ɲʒɨuŋ2	
𢫨	ɳˠuŋ3/ɳɨuŋ3	
𢫯	bɨk4/buək4	
𢫷	nwɑ2/nuɔ2	
𢬆	tʂʰɨw1/tʂʰʅᵊu1	
𢬳	tʰɨwk4/tʰuk4	
𢬴	ʈˠɛp4/ʈiep4	
𢬴	tʲɛp4/tiep4	
𢭃	twɑn2/tuon2	
𢭆	ʈˠʰɨw1/ʈʰiu̯1	
𢮁	ʔˠɨ2/ʔɨ̯u2	
𢮁	ʔˠɨ3/ʔɨ̯u3	
𢮂	kʲɛn1/kien1	
𢮂	ɣʲɛn1/ɦien1	
𢮟	ʁat4/ɦɯat4	
𢮨	ʑwɛn3/ʒyen3	
𢯩	tʂɨk4/tʂʅᵊk4	
𢯩	dzʲɨk4/dzik4	
𢯮	ɰut4/ɨut4	
𢯱	ʂɨw1/ʂʅᵊu1	
𢯲	ʔwɑn3/ʔuon3	
𢯴	qaw2/kɯau2	
𢯷	ɰwi2/ɨui2	
𢯸	pʰɑt4/pʰuot4	
𢯻	jwɛn2/jyen2	
𢯼	jin2/jin2	
𢯼	jin3/jin3	
𢯽	tsʰɑ3/tsʰɑ3	
𢯾	mɑw3/muɔu3	
𢰂	tʲɛj3/tiei3	
𢰂	dʲɛj3/diei3	
𢰇	ʔaj1/ʔɯai1	
𢱡	swɑ2/suɔ2	
𢱢	sɑk4/sɑk4	
𢱧	bʲɛt4/biet4	
𢲵	dzɑw3/dzɑu3	
𢲸	lu2/lu2	
𢲼	dʲɛt4/diet4	
𢳁	bɑj3/buoi3	
𢳄	zʲwɛn3/zyen3	
𢳋	pʲi2/pi2	
𢳚	kˠɛn1/kɨen1	
𢴧	ɖˠi3/ɖi3	
𢴩	pˠit4/pɨt4	
𢴮	kˠʰɨ1/kʰɨ̯u1	
𢴲	ɣʲɛt4/ɦiet4	
𢴲	xʲɛt4/hiet4	
𢴵	jɛm3/jiem3	
𢵈	kʲɛn2/kien2	
𢶀	dʐwaj1/dʐuai1	
𢶃	vɛn1/bvuɐn1	
𢶆	kˠɛt4/kɨet4	
𢶇	ɡʲwɛŋ1/ɡyeŋ1	
𢶉	pʰɛk4/pʰuɛk4	
𢶋	tʲʰɛt4/tʰiet4	
𢶍	sɑp4/sɑp4	
𢶍	dzɑp4/dzɑp4	
𢶒	qwɑj3/kuoi3	
𢶜	ʔˠuŋ2/ʔɨuŋ2	
𢶡	kʲʰɛw3/kʰieu3	
𢶡	kʲʰɛk4/kʰiek4	
𢷎	paj3/puai3	
𢷏	bawk4/buak4	
𢷒	ɡˠɛt4/ɡɨet4	
𢷕	mawk4/muak4	
𢷖	twɑn2/tuon2	
𢷘	kˠɛn2/kɨen2	
𢷟	ʈˠi3/ʈi3	
𢷶	lˠɨw1/ɭiu̯1	
𢷾	ʂwɛk4/ʂuɛk4	
𢸁	kˠuŋ2/kɨuŋ2	
𢸣	nʲɛw2/nieu2	
𢸧	zʲɛm1/ziem1	
𢹍	xˠi1/hɨi̯1	
𢹎	ɲɛw2/ɲʒieu2	
𢹕	kʲɛn2/kien2	
𢹖	qwɛk4/kuɛk4	
𢹰	bʲɛw3/bieu3	
𢺃	kʲɛn2/kien2	
𢺑	lwɑ3/luɔ3	
𢺰	lʲɛŋ1/lieŋ1	
𢺰	lʲɛŋ3/lieŋ3	
𢺵	kʲʰi3/kʰi3	
𢺷	ɡˠi1/ɡɨi̯1	
𢻃	ʑi3/ʒi3	
𢻚	ɡʲi1/ɡi1	
𢻢	lˠɛw2/ɭieu2	
𢻫	ɕi1/ʃi1	
𢻬	fʰu2/pfʰu2	
𢻳	vu1/bvu1	
𢻹	pʲʰi1/pʰi1	
𢻹	bˠi3/bɨi̯3	
𢻹	pˠʰi2/pʰɨi̯2	
𢼂	qaw3/kɯau3	
𢼛	qɛk4/kɯɛk4	
𢼛	qwɛk4/kuɛk4	
𢼟	ʔˠwɑŋ2/ʔʉɔŋ2	
𢼣	qʰat4/kʰɯat4	
𢼸	ɱi1/mvi1	
𢼹	pʰu1/pʰu1	
𢽚	tɨwk4/tuk4	
𢽚	ʈawk4/ʈɯak4	
𢽝	dʐam1/dʐɯam1	
𢽣	qʰam1/kʰɯam1	
𢽤	qɑm2/kɑm2	
𢽳	sɑn2/sɑn2	
𢽹	mˠin2/mɨn2	
𢾁	ɰwi1/ɨui1	
𢾅	du3/du3	
𢾇	pˠʰɨk4/pʰɨk4	
𢾊	ɖɛŋ1/ɖɯɛŋ1	
𢾎	tɕʰwin2/tʃʰyn2	
𢾫	ʈˠi2/ʈi2	
𢾮	dɨwŋ1/duŋ1	
𢿏	pʰaw1/pʰuau1	
𢿢	lwɑn3/luon3	
𢿣	kʲʰɛw1/kʰieu1	
𢿣	ɴaw1/ŋɯau1	
𢿣	kʲʰɛk4/kʰiek4	
𢿥	pɑ3/puɔ3	
𢿦	ɖɛŋ1/ɖɯɛŋ1	
𢿱	sɑn2/sɑn2	
𢿱	sɑn3/sɑn3	
𢿾	tsʰɑw1/tsʰɑu1	
𣀃	lˠɛm1/ɭiem1	
𣀒	dzɨwŋ3/dzuŋ3	
𣀓	ʑɨw1/dʒiu̯1	
𣀔	fʰɛn3/pfʰuɐn3	
𣀔	tʂʰwɛn3/tʂʰʯen3	
𣀣	vut4/bvut4	
𣀤	qwaj3/kuai3	
𣀮	ɲɑŋ1/ɲʒɨɔŋ1	
𣀳	ɳˠɛp4/ɳiep4	
𣀶	tswɑn1/tsuon1	
𣀷	lˠi1/ɭi1	
𣀷	lʲɛj2/liei2	
𣁗	tʰɑn3/tʰɑn3	
𣁜	mɑn3/muon3	
𣁟	lˠi1/ɭi1	
𣁣	lan1/ɭɯan1	
𣁳	χwɑt4/huot4	
𣁳	ʔwɑt4/ʔuot4	
𣁳	ʔwat4/ʔuat4	
𣁴	qʰap4/kʰɯap4	
𣂁	tʲʰɛw1/tʰieu1	
𣂆	pʰɑŋ1/pʰuɔŋ1	
𣂆	bɛŋ1/buɛŋ1	
𣂉	tʲɛk4/tiek4	
𣂞	lɑ2/lɑ2	
𣂯	ʑɛj3/ʒiei3	
𣃈	ʈˠɑk4/ʈɨɔk4	
𣃍	tsʲʰwɛj3/tsʰyei3	
𣃍	tʂʰwɛj3/tʂʰʯei3	
𣃘	ɖawŋ1/ɖɯaŋ1	
𣃘	ʈˠɨŋ1/ʈiŋ1	
𣃘	ʈˠʰɛn2/ʈʰien2	
𣃦	ɱut4/mvut4	
𣃳	ʔˠɛm2/ʔɨem2	
𣃳	ʔʲɛp4/ʔiep4	
𣄝	ŋˠɛm3/ŋɨem3	
𣄠	pʲɛw1/pieu1	
𣄧	jwi1/jyi̯1	
𣄲	kˠʰwi2/kʰɨui2	
𣄴	lˠɑŋ1/ɭɨɔŋ1	
𣄴	lˠɑŋ3/ɭɨɔŋ3	
𣄸	ʁwɑ3/ɦuɔ3	
𣅔	tʂɨk4/tʂʅᵊk4	
𣆖	χwɑŋ1/huɔŋ1	
𣆖	χwɑŋ2/huɔŋ2	
𣇩	ʔa3/ʔɯa3	
𣈡	tʲʰɛj2/tʰiei2	
𣉘	nɑj3/nɑi3	
𣉘	nɨk4/nək4	
𣉻	ʈˠi3/ʈi3	
𣊟	qʰɑm3/kʰɑm3	
𣊡	xʲɛn2/hien2	
𣊡	ɴɑp4/ŋɑp4	
𣋞	ʔɑj3/ʔɑi3	
𣋟	mɑ2/muɔ2	
𣋲	lˠɛp4/ɭiep4	
𣌍	ɳˠɛp4/ɳiep4	
𣌏	tɨk4/tək4	
𣌧	tʂʰɛk4/tʂʰɯɛk4	
𣍆	tɕʰi1/tʃʰi1	
𣍆	nʲɛŋ1/nieŋ1	
𣍘	dzɑw1/dzɑu1	
𣍦	xˠwɑŋ3/hʉɔŋ3	
𣎛	kʲwit4/kyt4	
𣎜	ʑɨŋ3/ʒiŋ3	
𣎟	zʲim1/zim1	
𣎲	tʰɑŋ2/tʰɑŋ2	
𣎳	pʰaj3/pʰuai3	
𣎳	pʲʰin3/pʰin3	
𣎴	ɴɑt4/ŋɑt4	
𣏔	qʰwɨn3/kʰun3	
𣏚	ʑi1/dʒi1	
𣏜	mʲɛn1/mien1	
𣏞	ɰɨw1/ɨu̯1	
𣏟	pʰaj3/pʰuai3	
𣐉	ʈˠʰi3/ʈʰi3	
𣐊	kˠɨwk4/kɨuk4	
𣐋	ɰwɛt4/ʉot4	
𣐑	dzi1/dzi1	
𣐵	ji1/ji1	
𣐾	χɑw1/hɑu1	
𣑍	qwa2/kua2	
𣑫	twɑ1/tuɔ1	
𣑫	twɑ3/tuɔ3	
𣓀	tʂin1/tʂʅᵊn1	
𣓀	tʂin2/tʂʅᵊn2	
𣓁	qʰɑn1/kʰɑn1	
𣓅	qʰam2/kʰɯam2	
𣓈	lˠɑŋ2/ɭɨɔŋ2	
𣓌	qɑw1/kɑu1	
𣓌	qɑw2/kɑu2	
𣓗	χwɨt4/hut4	
𣓧	ʈˠwɛn2/ʈyen2	
𣔴	jɨw1/jiu̯1	
𣔺	mɑw3/muɔu3	
𣔺	mɨwk4/muk4	
𣔻	dwɨt4/dut4	
𣔾	zʲwi3/zyi̯3	
𣕁	ʔʲɛj1/ʔiei1	
𣕁	ŋʲɛj1/ŋiei1	
𣕄	kʲwɛŋ1/kyeŋ1	
𣕇	ʂaw3/ʂɯau3	
𣕍	sʲwin2/syn2	
𣖄	tsʲʰɛw1/tsʰieu1	
𣖅	dʲɛj1/diei1	
𣖬	ɡˠwɛt4/ɡʉot4	
𣖹	ɳˠɨ1/ɳɨ̯u1	
𣖼	sʲwin1/syn1	
𣖾	bˠi3/bɨi̯3	
𣗻	ɖˠit4/ɖit4	
𣘖	kˠɛn1/kɨen1	
𣘘	ʂin1/ʂʅᵊn1	
𣘟	qʰa1/kʰɯa1	
𣘢	ɴɑw1/ŋɑu1	
𣘤	tʂʰat4/tʂʰɯat4	
𣘥	bʲɛj3/biei3	
𣘧	vu1/bvu1	
𣘨	ʔɑ2/ʔɑ2	
𣘪	lɑw1/lɑu1	
𣘫	ʁɑw1/ɦɑu1	
𣘯	qwɛŋ1/kuɛŋ1	
𣘻	du1/du1	
𣘻	ɖa1/ɖɯa1	
𣙿	fʰi3/pfʰi3	
𣚃	kʲɛt4/kiet4	
𣚊	ɲi1/ɲʒi1	
𣚍	ʔˠɨk4/ʔɨk4	
𣚏	xˠu1/hɨ̯u1	
𣚕	ʔʲɛp4/ʔiep4	
𣚙	tsʲɛn1/tsien1	
𣛒	lʲɛj3/liei3	
𣛗	lɑk4/lɑk4	
𣛱	dɑm3/dɑm3	
𣛺	tsʲʰit4/tsʰit4	
𣜄	lwɑ1/luɔ1	
𣜣	dzʲim1/dzim1	
𣜤	swɑ1/suɔ1	
𣜨	ɡˠwɛn3/ɡʉon3	
𣝂	ʁwɨn1/ɦun1	
𣝉	twɑj3/tuoi3	
𣝋	dɑp4/dɑp4	
𣝍	bˠɛk4/bɨek4	
𣝏	qɑw3/kɑu3	
𣝑	jɨ3/jɨ̯u3	
𣝒	ʑa3/ʒia3	
𣝕	tsʲɛn1/tsien1	
𣝗	ʁwɨt4/ɦut4	
𣝞	dʐaw1/dʐɯau1	
𣞐	sʲa2/sia2	
𣞑	mɛŋ1/muɛŋ1	
𣞒	fʰu1/pfʰu1	
𣞖	tsʰɑj3/tsʰɑi3	
𣞙	sɑŋ2/sɑŋ2	
𣞟	tɕʰin1/tʃʰin1	
𣞟	tɕin2/tʃin2	
𣞤	ɱu2/mvu2	
𣞰	lʲɛn3/lien3	
𣞵	ʑim3/ʒim3	
𣞷	sɨwŋ1/suŋ1	
𣞷	sɨwŋ2/suŋ2	
𣟄	tʰɑk4/tʰɑk4	
𣟉	χwaj3/huai3	
𣟌	lʲɛj3/liei3	
𣟳	zʲwɛn1/zyen1	
𣟴	ʂwan1/ʂuan1	
𣟼	tsʲʰɛw1/tsʰieu1	
𣟼	tsʲɨw1/tsiu̯1	
𣟽	lɑw3/lɑu3	
𣠏	tsɨw1/tsəu1	
𣠚	lˠɨw1/ɭiu̯1	
𣠞	tɕʰɛp4/tʃʰiep4	
𣠞	tɕɛp4/tʃiep4	
𣠟	dʐim1/dʐʅᵊm1	
𣠺	tsʲʰɛp4/tsʰiep4	
𣠼	lɑw2/lɑu2	
𣡆	sɑŋ2/sɑŋ2	
𣡌	ɴɑt4/ŋɑt4	
𣡖	baj3/buai3	
𣡞	jɛm1/jiem1	
𣡠	mʲɛn1/mien1	
𣡶	jɛm1/jiem1	
𣡷	lˠit4/ɭit4	
𣢂	xʲi1/hi1	
𣢆	kˠi3/kɨi̯3	
𣢉	ɴwa1/ŋua1	
𣢑	xˠi1/hɨi̯1	
𣢗	χap4/hɯap4	
𣢘	ɕin1/ʃin1	
𣢜	ʔʲɨw1/ʔiu̯1	
𣢜	ʔʲɨw2/ʔiu̯2	
𣢜	ʔˠɨwk4/ʔɨuk4	
𣢠	bʲit4/bit4	
𣢩	xˠɛp4/hɨep4	
𣢫	ʔˠwɑŋ2/ʔʉɔŋ2	
𣢰	tsʲɨwk4/tsɨuk4	
𣢲	fʰɛm1/pfʰuɐm1	
𣢺	χɑm1/hɑm1	
𣣉	xʲɛk4/hiek4	
𣣋	lˠɨŋ1/ɭiŋ1	
𣣌	tsi3/tsi3	
𣣌	tsʰi3/tsʰi3	
𣣏	χwɨn1/hun1	
𣣢	ji1/ji1	
𣣲	xˠɛp4/hɨep4	
𣣳	jɛw1/jieu1	
𣣸	jɨw2/jiu̯2	
𣣹	χɑp4/hɑp4	
𣤇	qʰawk4/kʰɯak4	
𣤊	lɑp4/lɑp4	
𣤋	lɨw3/ləu3	
𣤌	tʂʰwaj3/tʂʰuai3	
𣤢	tʲʰɛj3/tʰiei3	
𣤩	tʲʰɛk4/tʰiek4	
𣤴	xˠi1/hɨi̯1	
𣤵	ʔʲɛŋ2/ʔieŋ2	
𣤶	tsʲɨwk4/tsɨuk4	
𣤶	dzʲɨwk4/dzɨuk4	
𣤶	tsɑp4/tsɑp4	
𣥂	tʰɑt4/tʰɑt4	
𣥦	qɨn1/kən1	
𣥹	tɕʰɨwk4/tʃʰɨuk4	
𣥺	ɖɛŋ1/ɖɯɛŋ1	
𣦞	ɡˠwi1/ɡɨui1	
𣦢	pʲɛk4/piek4	
𣦼	dzɑn1/dzɑn1	
𣧂	tʲʰɛj3/tʰiei3	
𣧍	nwɨt4/nut4	
𣧎	kʲwɛj3/kyei3	
𣧑	xˠuŋ1/hɨuŋ1	
𣧖	tʂat4/tʂɯat4	
𣧖	tsʲɛt4/tsiet4	
𣧡	xʲwɛt4/hyet4	
𣧩	tɕɨwŋ1/tʃɨuŋ1	
𣧱	ʂan1/ʂɯan1	
𣧳	lɑk4/lɑk4	
𣧻	dzɑn3/dzɑn3	
𣨍	qɨwk4/kuk4	
𣨐	dzu1/dzu1	
𣨙	ʔˠwi1/ʔɨui1	
𣨙	ʔˠwi3/ʔɨui3	
𣨛	tsʲwit4/tsyt4	
𣨛	tsʰwɨt4/tsʰut4	
𣨶	xˠwɛj3/hʉoi3	
𣩄	qʰɑp4/kʰɑp4	
𣩈	dzɑ1/dzɑ1	
𣩈	tsʲa1/tsia1	
𣩎	mɑk4/muɔk4	
𣩒	tsɑw1/tsɑu1	
𣩟	dɨŋ3/dəŋ3	
𣩠	si3/si3	
𣩡	swɑj3/suoi3	
𣩱	ʔɑj3/ʔɑi3	
𣪌	dɨw1/dəu1	
𣪏	qɑm2/kɑm2	
𣪘	kˠʰɨw1/kʰiu̯1	
𣪘	kˠɨw3/kɨu̯3	
𣪠	kʲʰɛk4/kʰiek4	
𣪲	tsɨwk4/tsuk4	
𣫌	nɨw3/nəu3	
𣫎	sɨwk4/suk4	
𣫐	ʑɨw1/dʒiu̯1	
𣫓	qʰɨwk4/kʰuk4	
𣫞	dzɑk4/dzɑk4	
𣫣	lɨwŋ1/luŋ1	
𣫴	ɣʲwɛj1/ɦyei1	
𣬈	bʲi1/bi1	
𣬎	kʲwɛt4/kyet4	
𣬕	sʲa2/sia2	
𣬜	tʰɨwk4/tʰuk4	
𣬩	fʰun1/pfʰun1	
𣬪	pɑj3/puoi3	
𣬬	sɑp4/sɑp4	
𣬸	dʲɛw1/dieu1	
𣬹	lʲɛŋ1/lieŋ1	
𣭝	qɑp4/kɑp4	
𣭠	ɳˠɨ1/ɳɨ̯u1	
𣭲	ɲuŋ2/ɲʒɨuŋ2	
𣭷	bɨt4/but4	
𣮉	lˠi1/ɭi1	
𣮉	lɑj1/lɑi1	
𣮊	ʈˠɨk4/ʈik4	
𣮐	bʲɛk4/biek4	
𣮧	pɑŋ2/puɔŋ2	
𣮫	qa1/kɯa1	
𣯅	kˠɛj3/kɨei3	
𣯉	dʲɛp4/diep4	
𣯍	ɲwin2/ɲʒyn2	
𣯨	tsʲuŋ1/tsɨuŋ1	
𣯩	mɨn1/mun1	
𣯻	fun1/pfun1	
𣯼	sʲuk4/sɨuk4	
𣰊	ɳawŋ1/ɳɯaŋ1	
𣱐	ʈˠi3/ʈi3	
𣱐	ʔʲin3/ʔin3	
𣱓	ʁaw3/ɦɯau3	
𣱦	vun1/bvun1	
𣲒	lˠɨk4/ɭik4	
𣲵	tɕi2/tʃi2	
𣲷	ɳˠip4/ɳip4	
𣲿	ɳaw1/ɳɯau1	
𣳤	ʈam3/ʈɯam3	
𣳦	sʲɛj3/siei3	
𣳩	tsi1/tsi1	
𣳪	ʂi3/ʂʅi̯3	
𣴞	bɨn3/bun3	
𣴣	tʂɑŋ3/tʂʅɔŋ3	
𣴵	χwɑj3/huoi3	
𣵻	dɑ3/dɑ3	
𣶏	tsʲɛp4/tsiep4	
𣷾	kˠwi2/kɨui2	
𣸃	sʲwit4/syt4	
𣸆	tsi2/tsi2	
𣸍	pʰɑt4/pʰuot4	
𣸎	χwaj3/huai3	
𣹟	qɨwŋ3/kuŋ3	
𣹠	ʔˠwɛn1/ʔʉon1	
𣹢	ʁɑm1/ɦɑm1	
𣹩	xˠɛp4/hɨep4	
𣹪	mɑw1/muɔu1	
𣹬	ʁɨwk4/ɦuk4	
𣹮	pʲʰɛj3/pʰiei3	
𣹲	dʲɛj1/diei1	
𣹵	ɳˠɛp4/ɳiep4	
𣺬	χwɑŋ1/huɔŋ1	
𣻐	tsʲʰɨ1/tsʰɨ̯u1	
𣻑	ʂat4/ʂɯat4	
𣻒	tsʲɛŋ1/tsieŋ1	
𣻛	ʈawŋ1/ʈɯaŋ1	
𣻜	vu1/bvu1	
𣻣	ʑɛp4/ʒiep4	
𣻥	vu1/bvu1	
𣽅	qwɑt4/kuot4	
𣽅	ʁwɑt4/ɦuot4	
𣽍	ɡˠi3/ɡɨi̯3	
𣽒	sʲɛt4/siet4	
𣽤	ʂɛk4/ʂɯɛk4	
𣿂	sʲwi2/syi̯2	
𣿆	vu1/bvu1	
𣿊	lʲɛn3/lien3	
𣿐	dzɑj3/dzɑi3	
𣿐	dzɨk4/dzək4	
𣿒	tsʰwɑj2/tsʰuoi2	
𣿓	tsʰwɑj2/tsʰuoi2	
𤀨	dɨw3/dəu3	
𤀷	jwi3/jyi̯3	
𤁡	dɑm3/dɑm3	
𤁪	ʁwat4/ɦuat4	
𤁫	ʈʰwat4/ʈʰuat4	
𤁳	ɖap4/ɖɯap4	
𤁵	lˠɨ1/ɭɨ̯u1	
𤁸	lʲɛw2/lieu2	
𤁹	χwɛk4/huɛk4	
𤂥	ɖɛk4/ɖɯɛk4	
𤂳	tsʲʰwɛj3/tsʰyei3	
𤂳	sʲwɛn3/syen3	
𤂿	sʲwɛn3/syen3	
𤃀	lʲɛj3/liei3	
𤃨	lɑm3/lɑm3	
𤃪	xˠi1/hɨi̯1	
𤃫	χwɨŋ1/huəŋ1	
𤃭	tsʲɛw2/tsieu2	
𤃱	mˠi1/mɨi̯1	
𤃴	χwɑt4/huot4	
𤃶	tʰɨŋ1/tʰəŋ1	
𤃶	tʰɨŋ3/tʰəŋ3	
𤃷	ʔˠim2/ʔɨm2	
𤃷	ʔɑm2/ʔɑm2	
𤄎	xʲɛk4/hiek4	
𤄜	fʰɛn1/pfʰuɐn1	
𤄫	fʰɛn1/pfʰuɐn1	
𤄶	jɑk4/jɨɔk4	
𤄷	lɑ1/lɑ1	
𤄺	pʲɛn1/pien1	
𤅊	ŋˠɛt4/ŋɨet4	
𤅢	jɑk4/jɨɔk4	
𤅣	mɨn1/mun1	
𤅩	χɑn3/hɑn3	
𤅸	jɛm1/jiem1	
𤅸	jɛm3/jiem3	
𤆎	tsɑj1/tsɑi1	
𤆝	pʰawk4/pʰuak4	
𤇯	ʔɨn1/ʔən1	
𤈥	tʲʰɛk4/tʰiek4	
𤈦	xˠwi2/hɨui2	
𤈧	ʁɛk4/ɦɯɛk4	
𤈪	qʰaj3/kʰɯai3	
𤉐	dʐawk4/dʐɯak4	
𤉧	qaw2/kɯau2	
𤊯	tʰwɨn2/tʰun2	
𤊸	fut4/pfut4	
𤊾	mʲɛt4/miet4	
𤌉	tʂʰaw2/tʂʰɯau2	
𤌍	ʁɨwk4/ɦuk4	
𤌎	lˠin3/ɭin3	
𤌏	ʔɨwŋ2/ʔuŋ2	
𤍙	zʲɛm1/ziem1	
𤎟	ʔʲɛn1/ʔien1	
𤎡	ʁɑm3/ɦɑm3	
𤎢	dzʲɛm1/dziem1	
𤎥	tɕʰɛm1/tʃʰiem1	
𤎥	tʰɑm2/tʰɑm2	
𤎩	zʲwi3/zyi̯3	
𤎭	lˠim2/ɭim2	
𤎱	tsʲwi1/tsyi̯1	
𤎱	tsʲwɛn2/tsyen2	
𤏶	ʔɑw1/ʔɑu1	
𤏻	sʲɛp4/siep4	
𤐧	bˠɨk4/bɨk4	
𤐨	sʲɛn2/sien2	
𤐫	pʲʰɛw1/pʰieu1	
𤐰	ʁwɑk4/ɦuɔk4	
𤑹	jɛk4/jiek4	
𤑿	lˠɛn2/ɭien2	
𤒀	jɑk4/jɨɔk4	
𤒻	dɑp4/dɑp4	
𤓉	ɲɛn1/ɲʒien1	
𤓪	tsʲɛw1/tsieu1	
𤓫	zʲwi3/zyi̯3	
𤓯	tɕɑŋ2/tʃɨɔŋ2	
𤓷	ɳa1/ɳɯa1	
𤓾	tɑw3/tɑu3	
𤔌	ʔˠin3/ʔɨn3	
𤔔	lwɑn3/luon3	
𤔣	bɑw3/buɔu3	
𤕟	ʂɨ1/ʂʅu1	
𤕤	ʂɑŋ2/ʂʅɔŋ2	
𤕦	ɳɛŋ1/ɳɯɛŋ1	
𤕷	dʲɛw3/dieu3	
𤕺	dzʲit4/dzit4	
𤖟	pɛk4/puɛk4	
𤖱	ʁwɑ1/ɦuɔ1	
𤖴	ʈʰɛk4/ʈʰɯɛk4	
𤖻	ɡʲɛw1/ɡieu1	
𤖻	ɕi3/ʃi3	
𤖼	pʰɛk4/pʰuɛk4	
𤗁	tsʲʰuk4/tsʰɨuk4	
𤗇	qʰɨwŋ3/kʰuŋ3	
𤗈	sʲɛp4/siep4	
𤗍	ʔˠwɛn2/ʔʉon2	
𤗎	ʔˠɛm2/ʔɨem2	
𤗏	bɑj1/buoi1	
𤗚	pˠʰɨk4/pʰɨk4	
𤗚	bˠɨk4/bɨk4	
𤗛	lʲɛn3/lien3	
𤗨	dʲɛp4/diep4	
𤗬	lˠu1/ɭɨ̯u1	
𤗯	swɑj1/suoi1	
𤗴	dwɑj1/duoi1	
𤘌	kˠʰi1/kʰɨi̯1	
𤘘	qʰɨw2/kʰəu2	
𤘟	nɑ1/nɑ1	
𤘡	ɡˠim3/ɡɨm3	
𤘣	ɖˠim1/ɖim1	
𤘸	tʰɑw1/tʰɑu1	
𤘺	ɲuŋ2/ɲʒɨuŋ2	
𤘽	χɨw2/həu2	
𤘾	pʰɛŋ1/pʰuɛŋ1	
𤙒	ɣʲɛp4/ɦiep4	
𤙛	du1/du1	
𤙞	bʲɛj3/biei3	
𤙠	ɡʲɨw1/ɡiu̯1	
𤙡	sʲwɛŋ1/syeŋ1	
𤙰	dɨk4/dək4	
𤚩	dzʲin1/dzin1	
𤚫	dɑŋ1/dɑŋ1	
𤚼	qɨw3/kəu3	
𤛊	lɑp4/lɑp4	
𤛋	dɑŋ1/dɑŋ1	
𤛎	mˠi2/mɨi̯2	
𤛎	mˠin2/mɨn2	
𤛐	kˠʰu3/kʰɨ̯u3	
𤛑	juŋ1/jɨuŋ1	
𤛹	ɴɨwk4/ŋuk4	
𤛾	ɲɛw2/ɲʒieu2	
𤛿	lʲɛj1/liei1	
𤜂	ɰwɛj3/ʉoi3	
𤜂	kˠwɛj3/kʉoi3	
𤜂	ɡˠwɛj3/ɡʉoi3	
𤜄	ʁwaj1/ɦuai1	
𤜑	pˠi1/pɨi̯1	
𤜖	lˠwi1/ɭyi̯1	
𤜡	ʁwɑj1/ɦuoi1	
𤜢	sʲin3/sin3	
𤜣	ʑi3/ʒi3	
𤜤	ʈɛk4/ʈɯɛk4	
𤜯	tʂʰap4/tʂʰɯap4	
𤜵	ɴan3/ŋɯan3	
𤜵	qan3/kɯan3	
𤜵	ŋʲɛn3/ŋien3	
𤜹	ju1/jɨ̯u1	
𤜾	kˠɛk4/kɨek4	
𤝕	mɨw2/muəu2	
𤝞	ʈˠʰwit4/ʈʰyt4	
𤝡	ba3/bua3	
𤝰	tɑp4/tɑp4	
𤝱	ʔʲɛt4/ʔiet4	
𤝹	tɕu1/tʃɨ̯u1	
𤝻	ji1/ji1	
𤞚	sʲɛw1/sieu1	
𤞛	dzʲɑŋ1/dzɨɔŋ1	
𤞞	qɨwk4/kuk4	
𤞞	juk4/jɨuk4	
𤟄	qʰawŋ1/kʰɯaŋ1	
𤟍	ʈɛk4/ʈɯɛk4	
𤟟	ʔam1/ʔɯam1	
𤟟	ʔam3/ʔɯam3	
𤟣	jɛŋ1/jieŋ1	
𤟤	xˠwi1/hɨui1	
𤟤	ʁwɨn1/ɦun1	
𤟧	si2/si2	
𤟩	dɨwk4/duk4	
𤟭	ʈˠʰɑk4/ʈʰɨɔk4	
𤠍	bɑn1/buon1	
𤠎	tsʲɨk4/tsik4	
𤠑	lˠɨw1/ɭiu̯1	
𤠙	qa1/kɯa1	
𤠾	ʈˠʰu1/ʈʰɨ̯u1	
𤡁	mɑn1/muon1	
𤡥	ɴan1/ŋɯan1	
𤡥	ʁan3/ɦɯan3	
𤡧	ʁaj3/ɦɯai3	
𤡬	xˠi3/hɨi̯3	
𤡮	ɲɛn1/ɲʒien1	
𤢍	zʲwi3/zyi̯3	
𤢔	xˠɛt4/hɨet4	
𤢘	su3/su3	
𤢹	lˠwi2/ɭyi̯2	
𤢻	tɕʰɛj3/tʃʰiei3	
𤣆	ʈˠʰin1/ʈʰin1	
𤣆	ɖan1/ɖɯan1	
𤣆	lˠɛn1/ɭien1	
𤣗	sʲɛn2/sien2	
𤣘	lʲɛŋ1/lieŋ1	
𤣜	nɑw1/nɑu1	
𤣤	lʲɛŋ1/lieŋ1	
𤣻	mɨt4/mut4	
𤣽	mɑw3/muɔu3	
𤤐	su3/su3	
𤤶	ɡˠuŋ1/ɡɨuŋ1	
𤤺	jɛj3/jiei3	
𤥔	sʲɨwk4/sɨuk4	
𤦃	lɑj1/lɑi1	
𤧙	ju1/jɨ̯u1	
𤨕	lɨk4/lək4	
𤩂	lɑw1/lɑu1	
𤩄	dʐwɛn3/dʐʯen3	
𤩅	zʲwɛn1/zyen1	
𤩚	lʲɛk4/liek4	
𤩭	ʁɑw3/ɦɑu3	
𤪌	ɡˠi1/ɡɨi̯1	
𤪍	ʁat4/ɦɯat4	
𤪎	jɨw1/jiu̯1	
𤪎	jɨw2/jiu̯2	
𤪎	jɛw3/jieu3	
𤪿	qwɑj1/kuoi1	
𤫀	zʲwɛn1/zyen1	
𤫉	sʲɛp4/siep4	
𤫕	nɑw1/nɑu1	
𤫣	ŋˠɛn2/ŋɨen2	
𤫭	dwɨn1/dun1	
𤫱	qɨw1/kəu1	
𤫲	lʲɛŋ1/lieŋ1	
𤫵	qʰwɑt4/kʰuot4	
𤫶	qʰat4/kʰɯat4	
𤬂	tɨwk4/tuk4	
𤬃	pʰɑj1/pʰuoi1	
𤬏	lɨw1/ləu1	
𤬐	ɣʲɛŋ1/ɦieŋ1	
𤬓	lʲɛm2/liem2	
𤬖	ɕɛw1/ʃieu1	
𤬖	jɛw1/jieu1	
𤬝	ŋˠɛn3/ŋɨen3	
𤬩	jɨk4/jik4	
𤬪	qʰɑm1/kʰɑm1	
𤬪	du3/du3	
𤬯	kˠʰɛm3/kʰɨem3	
𤬵	tʲɛj3/tiei3	
𤬷	ɳwat4/ɳuat4	
𤬾	dwɑ3/duɔ3	
𤭁	dɨwŋ1/duŋ1	
𤭏	ʈˠʰɛk4/ʈʰiek4	
𤭓	ɣʲɛŋ1/ɦieŋ1	
𤭙	ʁɑm1/ɦɑm1	
𤭛	qɑŋ1/kɑŋ1	
𤭞	twɨn1/tun1	
𤭢	swɑj3/suoi3	
𤭧	qaj1/kɯai1	
𤮇	juŋ1/jɨuŋ1	
𤮊	qʰɑŋ1/kʰɑŋ1	
𤮏	ʁwɛŋ1/ɦuɛŋ1	
𤮚	lwɑj1/luoi1	
𤮜	ʑɛn3/ʒien3	
𤮧	lu1/lu1	
𤮨	lɨwŋ1/luŋ1	
𤮪	tsʲwin3/tsyn3	
𤮭	tʂʰam3/tʂʰɯam3	
𤮰	ʔʲwɛj1/ʔyei1	
𤮼	dɑj3/dɑi3	
𤯍	qʰɑm1/kʰɑm1	
𤯍	qɑm1/kɑm1	
𤯍	ʁɑm1/ɦɑm1	
𤯷	ʁwɑŋ1/ɦuɔŋ1	
𤰇	bˠi3/bɨi̯3	
𤰈	bˠi3/bɨi̯3	
𤰝	kʲwɛn2/kyen2	
𤰟	χɑŋ2/hɑŋ2	
𤰩	jɨ1/jɨ̯u1	
𤰫	pawŋ1/puaŋ1	
𤱍	pˠʰi1/pʰɨi̯1	
𤱣	nɑm1/nɑm1	
𤱨	kˠuŋ1/kɨuŋ1	
𤱩	dʲɛw3/dieu3	
𤱹	tʲʰɛŋ2/tʰieŋ2	
𤱽	vu1/bvu1	
𤱾	kʲwɛj3/kyei3	
𤲍	ʁap4/ɦɯap4	
𤲑	ʈˠɨ2/ʈɨ̯u2	
𤲓	lɑj1/lɑi1	
𤲖	tʲʰɛn2/tʰien2	
𤲙	pɨn2/pun2	
𤲫	tʰwɑn2/tʰuon2	
𤲬	ɲwɛn1/ɲʒyen1	
𤲬	ɲwɛn2/ɲʒyen2	
𤲬	ɲwɛn3/ɲʒyen3	
𤲬	nwɑ3/nuɔ3	
𤲰	mɨk4/muək4	
𤲸	xˠɨwk4/hɨuk4	
𤳈	ɕɑŋ1/ʃɨɔŋ1	
𤳉	χɑn3/hɑn3	
𤳊	bʲɛŋ1/bieŋ1	
𤳐	tɕɨ3/tʃɨ̯u3	
𤳕	jɨwk4/jɨuk4	
𤳖	pɑn1/puon1	
𤳤	kʲʰɛj1/kʰiei1	
𤳯	tɕɨ3/tʃɨ̯u3	
𤴘	ɳˠɛp4/ɳiep4	
𤴨	ɰɨw3/ɨu̯3	
𤴯	ʁwɑn3/ɦuon3	
𤴰	ɴwɨt4/ŋut4	
𤴱	tu3/tu3	
𤴼	kˠʰɛp4/kʰɨep4	
𤴾	xˠin3/hɨn3	
𤵝	mɨw2/muəu2	
𤵸	pʰawŋ1/pʰuaŋ1	
𤵺	jɛj3/jiei3	
𤵼	ɕɑŋ3/ʃɨɔŋ3	
𤵽	χɑj3/hɑi3	
𤵾	ʈʰa1/ʈʰɯa1	
𤶗	ɴaj2/ŋɯai2	
𤶘	χwɨt4/hut4	
𤶚	nʲɛt4/niet4	
𤶠	ɖa1/ɖɯa1	
𤶠	ʈa1/ʈɯa1	
𤶡	ʈˠɨw2/ʈiu̯2	
𤷂	vi1/bvi1	
𤷃	dzʲɛn3/dzien3	
𤷄	ɡˠwɛn1/ɡʉon1	
𤷇	χwɛk4/huɛk4	
𤷇	xˠwɨk4/hʉik4	
𤷈	nɑt4/nɑt4	
𤷈	ɳat4/ɳɯat4	
𤷌	kʲin2/kin2	
𤷑	ɡˠɨw3/ɡɨu̯3	
𤷚	ʈˠuk4/ʈɨuk4	
𤷜	ʔˠim3/ʔɨm3	
𤷽	kˠʰɑk4/kʰɨɔk4	
𤷾	kˠʰɛp4/kʰɨep4	
𤸁	xˠwɛj3/hʉoi3	
𤸃	ʂɨw3/ʂʅᵊu3	
𤸎	qʰɑt4/kʰɑt4	
𤸑	fʰɨw3/pfʰuəu3	
𤸑	vɨw3/bvuəu3	
𤸑	vuk4/bvuk4	
𤸒	ŋˠu3/ŋɨ̯u3	
𤸪	tɕʰɛj3/tʃʰiei3	
𤸫	ɰun2/ɨun2	
𤸫	ɰun3/ɨun3	
𤸬	ʂwi1/ʂʯᵊi1	
𤸱	ʔɑp4/ʔɑp4	
𤸵	pʰu3/pʰu3	
𤸵	bu3/bu3	
𤸶	baj3/buai3	
𤸷	ɡˠun1/ɡɨun1	
𤸷	ɴwan1/ŋuan1	
𤹝	bʲi3/bi3	
𤹡	tʂa1/tʂɯa1	
𤹨	lˠɛn3/ɭien3	
𤺄	ʑuŋ3/ʒɨuŋ3	
𤺉	ɰwi2/ɨui2	
𤺊	sʲɛj1/siei1	
𤺏	pʰɑn1/pʰuon1	
𤺘	ʔa2/ʔɯa2	
𤺺	tɑn2/tɑn2	
𤺻	dzʲwɛn3/dzyen3	
𤻘	ʔˠin2/ʔɨn2	
𤻙	ʁwɑk4/ɦuɔk4	
𤻱	lu3/lu3	
𤻲	lˠɛw3/ɭieu3	
𤻲	lɑk4/lɑk4	
𤻴	dɨŋ1/dəŋ1	
𤻶	bʲɛn3/bien3	
𤼌	jɨk4/jik4	
𤼐	qwɑn3/kuon3	
𤼒	jwi2/jyi̯2	
𤼙	lwɑn1/luon1	
𤼙	lˠwɛn1/ɭyen1	
𤼠	lwɑ2/luɔ2	
𤼺	fɛj3/pfei3	
𤽊	pʲɛj2/piei2	
𤽥	lɑk4/lɑk4	
𤽺	lɨwk4/luk4	
𤽼	lɑk4/lɑk4	
𤾕	tʲʰɛj3/tʰiei3	
𤾬	mɨwŋ2/muŋ2	
𤿊	qɑn2/kɑn2	
𤿎	pˠʰi1/pʰɨi̯1	
𤿕	mʲin2/min2	
𤿙	bˠi3/bɨi̯3	
𤿙	tʂi3/tʂʅi̯3	
𤿚	tsʰu1/tsʰu1	
𤿚	tsʲʰɨ2/tsʰɨ̯u2	
𤿠	kʲit4/kit4	
𤿧	ʁɑn3/ɦɑn3	
𤿩	qʰawk4/kʰɯak4	
𤿫	ʈˠʰwɛt4/ʈʰyet4	
𤿳	kʲʰin2/kʰin2	
𥀁	du3/du3	
𥀁	tu2/tu2	
𥀃	ʁɨw3/ɦəu3	
𥀈	tʂap4/tʂɯap4	
𥀍	pˠi1/pɨi̯1	
𥀕	pʲit4/pit4	
𥀣	ʁawk4/ɦɯak4	
𥀰	lɑp4/lɑp4	
𥀹	kʲɛn2/kien2	
𥁑	mʲit4/mit4	
𥁓	ɰɨw2/ɨu̯2	
𥁓	ɰɨw3/ɨu̯3	
𥁔	fʰɛm3/pfʰuɐm3	
𥁕	ʔwɨn1/ʔun1	
𥁠	ɡˠwɛn1/ɡʉon1	
𥁮	dʲɛw3/dieu3	
𥁰	mˠɛŋ1/mɨeŋ1	
𥁰	mˠɛŋ2/mɨeŋ2	
𥁹	ʑa3/ʒia3	
𥁼	tɕi1/tʃi1	
𥂇	lɨwk4/luk4	
𥂈	pu1/pu1	
𥂓	mɑ1/muɔ1	
𥂓	ma1/mua1	
𥂔	qaw2/kɯau2	
𥂖	lɨwk4/luk4	
𥂩	qu2/ku2	
𥂫	dzɑn1/dzɑn1	
𥂸	jɑŋ1/jɨɔŋ1	
𥃐	ʈʰap4/ʈʰɯap4	
𥃔	ɡˠu1/ɡɨ̯u1	
𥃧	kˠɛw2/kɨeu2	
𥄀	ʔaw2/ʔɯau2	
𥄉	kʲɛw1/kieu1	
𥄎	ɱɛt4/mvuɐt4	
𥄎	xʲwɛt4/hyet4	
𥄎	xʲwɛk4/hyek4	
𥄎	xˠwɨk4/hʉik4	
𥄑	vu1/bvu1	
𥄔	pɑj3/puoi3	
𥄔	pʰɑj3/pʰuoi3	
𥄕	mɑt4/muot4	
𥄗	ʔwɑt4/ʔuot4	
𥄱	vi3/bvi3	
𥄱	pʰɑt4/pʰuot4	
𥄵	xʲwit4/hyt4	
𥄶	si1/si1	
𥅧	xʲwɛt4/hyet4	
𥆊	tsʲʰwɛn3/tsʰyen3	
𥆌	qɨwk4/kuk4	
𥆖	tɨw1/təu1	
𥆗	ɡˠwɛn1/ɡʉon1	
𥆙	mawŋ1/muaŋ1	
𥆛	xʲwɛk4/hyek4	
𥆝	sɑ1/sɑ1	
𥇅	man2/muan2	
𥇉	kˠʰɑŋ3/kʰɨɔŋ3	
𥇔	ʈˠʰɑŋ3/ʈʰɨɔŋ3	
𥇖	fʰi1/pfʰi1	
𥇖	pˠin1/pɨn1	
𥇙	χwɨk4/huək4	
𥇛	kˠu1/kɨ̯u1	
𥇜	tɕwin1/tʃyn1	
𥇜	tɕwin3/tʃyn3	
𥈄	ʈʰawŋ3/ʈʰɯaŋ3	
𥈆	mɑw3/muɔu3	
𥈆	xˠɨwk4/hɨuk4	
𥈈	xˠu1/hɨ̯u1	
𥈉	χwɑn3/huon3	
𥈌	ʈˠʰɨw1/ʈʰiu̯1	
𥈔	ʔʲɛn2/ʔien2	
𥈔	ʔˠɛn3/ʔɨen3	
𥈔	ʔat4/ʔɯat4	
𥈙	lɑt4/lɑt4	
𥈜	xˠɨk4/hɨk4	
𥈼	bɑn1/buon1	
𥈾	ʔʲwɛt4/ʔyet4	
𥉁	qʰwɛŋ2/kʰuɛŋ2	
𥉁	kʲwɛŋ2/kyeŋ2	
𥉁	kˠu3/kɨ̯u3	
𥉅	qɛk4/kɯɛk4	
𥉈	tʲʰɛk4/tʰiek4	
𥉋	dɨŋ1/dəŋ1	
𥉍	tɕʰi1/tʃʰi1	
𥉏	qʰɑn1/kʰɑn1	
𥉐	ɣʲɛj3/ɦiei3	
𥉑	jɨwk4/jɨuk4	
𥉑	ʁɑk4/ɦɑk4	
𥉓	mʲi1/mi1	
𥉓	mʲɛt4/miet4	
𥉔	qɛŋ2/kɯɛŋ2	
𥉘	dʲɛj1/diei1	
𥉙	ɡʲi1/ɡi1	
𥉛	ʔʲɛn3/ʔien3	
𥉴	mˠit4/mɨt4	
𥉶	lɨwk4/luk4	
𥉸	qʰɛŋ1/kʰɯɛŋ1	
𥉺	tʲɛt4/tiet4	
𥉻	tsʲʰɛj3/tsʰiei3	
𥉻	ʈˠʰɛj3/ʈʰiei3	
𥉻	tʂʰat4/tʂʰɯat4	
𥉽	qʰɑŋ1/kʰɑŋ1	
𥉾	qʰaw1/kʰɯau1	
𥊬	tʂip4/tʂʅᵊp4	
𥊮	χwɛk4/huɛk4	
𥊯	ɣʲɛt4/ɦiet4	
𥊳	tɕɛn2/tʃien2	
𥊴	swɑj3/suoi3	
𥊸	tʰɨk4/tʰək4	
𥊼	ɖɛŋ3/ɖɯɛŋ3	
𥊽	qwɨn1/kun1	
𥋙	ɴɑp4/ŋɑp4	
𥋝	mɛŋ1/muɛŋ1	
𥋝	mɛŋ2/muɛŋ2	
𥋱	mʲit4/mit4	
𥋿	χɛk4/hɯɛk4	
𥌂	mʲɛn1/mien1	
𥌄	qʰwɨt4/kʰut4	
𥌈	qam1/kɯam1	
𥌈	qam3/kɯam3	
𥌊	ban3/buan3	
𥌊	pʰan3/pʰuan3	
𥌛	lʲɛj1/liei1	
𥌨	mʲɛt4/miet4	
𥌭	ɣʲwɛn1/ɦyen1	
𥌭	xʲwɛn1/hyen1	
𥌭	ɣʲwɛn3/ɦyen3	
𥌮	lʲɛk4/liek4	
𥌯	mɛŋ1/muɛŋ1	
𥌰	jwi1/jyi̯1	
𥌺	jɛw3/jieu3	
𥌺	jɑk4/jɨɔk4	
𥍉	ɕɛp4/ʃiep4	
𥍔	lˠwi1/ɭyi̯1	
𥍟	xʲwɛk4/hyek4	
𥍠	xʲɛk4/hiek4	
𥍫	lɑŋ1/lɑŋ1	
𥍭	tɕɛj3/tʃiei3	
𥍯	tsʲʰim1/tsʰim1	
𥍯	tsʲim1/tsim1	
𥍰	kʲʰɛk4/kʰiek4	
𥍸	ʑa1/dʒia1	
𥍹	kˠɛn2/kɨen2	
𥎂	ɲuŋ1/ɲʒɨuŋ1	
𥎆	qʰɑj3/kʰɑi3	
𥎊	ɡˠin1/ɡɨn1	
𥎋	tʂʰawŋ1/tʂʰɯaŋ1	
𥎌	vuŋ1/bvuŋ1	
𥎐	jwit4/jyt4	
𥎖	mʲi1/mi1	
𥎗	zʲɨ3/zɨ̯u3	
𥎦	ʁɨw1/ɦəu1	
𥎰	fʰɛp4/pfʰuɐp4	
𥎱	bat4/buat4	
𥎹	ʈˠit4/ʈit4	
𥎻	ʈˠɨw1/ʈiu̯1	
𥏙	kˠʰwɛj3/kʰʉoi3	
𥏠	pʲɛj1/piei1	
𥏪	qʰaj2/kʰɯai2	
𥏬	dɑŋ1/dɑŋ1	
𥏳	dʐi3/ʐʅi̯3	
𥏻	ɕɑŋ1/ʃɨɔŋ1	
𥏻	tsʲʰɑŋ1/tsʰɨɔŋ1	
𥐁	bɨwk4/buk4	
𥐗	pˠɛm1/pɨem1	
𥐙	pʰat4/pʰuat4	
𥐝	tʲɛk4/tiek4	
𥐞	mɑŋ1/muɔŋ1	
𥐪	ʁwɛŋ1/ɦuɛŋ1	
𥑇	dʲɛt4/diet4	
𥑋	qwaj3/kuai3	
𥑐	qap4/kɯap4	
𥑻	sʲɛn1/sien1	
𥒰	fu2/pfu2	
𥓋	ŋʲɛn1/ŋien1	
𥓍	tɨwk4/tuk4	
𥓎	lwɨt4/lut4	
𥓔	ʔwɑj2/ʔuoi2	
𥓖	qɑw2/kɑu2	
𥓻	tsɨwŋ1/tsuŋ1	
𥔂	qɨŋ3/kəŋ3	
𥔄	nʲɛt4/niet4	
𥔢	ju1/jɨ̯u1	
𥔭	swɑ2/suɔ2	
𥕌	dzʲɛm3/dziem3	
𥕐	tʲɛk4/tiek4	
𥕗	χwɛŋ1/huɛŋ1	
𥕲	kˠwɛt4/kʉot4	
𥕶	si1/si1	
𥕸	swɑj3/suoi3	
𥕹	tsʲʰwɛt4/tsʰyet4	
𥖝	lˠɛm1/ɭiem1	
𥖪	lɛk4/ɭɯɛk4	
𥗀	lʲɛw2/lieu2	
𥗁	ʈˠɑk4/ʈɨɔk4	
𥗝	ɲɑŋ2/ɲʒɨɔŋ2	
𥗫	ɡˠu1/ɡɨ̯u1	
𥗫	kˠu1/kɨ̯u1	
𥗭	tsʰɑp4/tsʰɑp4	
𥘄	ʔˠut4/ʔɨut4	
𥘰	zi3/zi3	
𥙫	jɨw2/jiu̯2	
𥙮	sʲɛn2/sien2	
𥚁	ʁwɑ3/ɦuɔ3	
𥚊	lˠɨwk4/ɭɨuk4	
𥚋	sʲwit4/syt4	
𥚩	sʲɨ2/sɨ̯u2	
𥛅	lˠɨw3/ɭiu̯3	
𥛘	pʲit4/pit4	
𥛚	tʲʰɛk4/tʰiek4	
𥛛	ʔʲin1/ʔin1	
𥛝	vuŋ1/bvuŋ1	
𥛞	lɨwk4/luk4	
𥛟	pʰawk4/pʰuak4	
𥛱	pɛŋ1/puɛŋ1	
𥛲	tsʲɛw3/tsieu3	
𥛳	xˠɨ1/hɨ̯u1	
𥜃	jɛk4/jiek4	
𥜒	ʔʲɛm2/ʔiem2	
𥝁	sʲɛt4/siet4	
𥝋	vi3/bvi3	
𥝌	kʲɛj1/kiei1	
𥝌	ɴɑj3/ŋɑi3	
𥝖	ʁɨt4/ɦət4	
𥝢	lˠi3/ɭi3	
𥝧	ba3/bua3	
𥝩	zʲwi3/zyi̯3	
𥞃	tɕʰwi3/tʃʰyi̯3	
𥞴	qʰɨwk4/kʰuk4	
𥞵	kʲɛp4/kiep4	
𥟔	tʂɨk4/tʂʅᵊk4	
𥟕	xˠɛm1/hɨem1	
𥟿	ʔwɑ1/ʔuɔ1	
𥟿	ʔwɑ2/ʔuɔ2	
𥠀	sʲɛŋ1/sieŋ1	
𥠄	twɑn1/tuon1	
𥠄	twɑ2/tuɔ2	
𥠈	tʂit4/tʂʅᵊt4	
𥠊	ɲɨw2/ɲʒiu̯2	
𥠋	tsʲip4/tsip4	
𥠥	ji1/ji1	
𥠴	ʈˠʰɑŋ3/ʈʰɨɔŋ3	
𥠵	pʰu1/pʰu1	
𥠺	ʔˠun1/ʔɨun1	
𥡃	χwɑŋ1/huɔŋ1	
𥡜	lwɑ1/luɔ1	
𥡟	ʈʰawŋ1/ʈʰɯaŋ1	
𥡤	tsʲɛw3/tsieu3	
𥡧	tʂa1/tʂɯa1	
𥡪	jɨk4/jik4	
𥡬	tsʲʰuŋ1/tsʰɨuŋ1	
𥢌	vɛn1/bvuɐn1	
𥢑	ʁɑw3/ɦɑu3	
𥢔	ʈawk4/ʈɯak4	
𥢵	lwɑ1/luɔ1	
𥢶	qʰwɑj3/kʰuoi3	
𥢶	qʰwaj3/kʰuai3	
𥢸	qɑt4/kɑt4	
𥢹	ɣʲɛt4/ɦiet4	
𥣖	ŋˠi2/ŋɨi̯2	
𥣗	ɳɛŋ1/ɳɯɛŋ1	
𥣙	dʐɨw3/dʐʅᵊu3	
𥣚	dzwɑn1/dzuon1	
𥣜	pʰɨwk4/pʰuk4	
𥣫	mʲɛt4/miet4	
𥣬	lwɑj3/luoi3	
𥣭	lˠɛj3/ɭiei3	
𥣰	pʲɛn1/pien1	
𥣰	pʲɛn2/pien2	
𥤇	tʂʰim1/tʂʰʅᵊm1	
𥤓	pʲɛn2/pien2	
𥤞	lʲɛŋ1/lieŋ1	
𥤼	ɕwi3/ʃyi̯3	
𥥈	ʔwɛŋ3/ʔuɛŋ3	
𥥉	zʲɨw3/ziu̯3	
𥥊	mˠɛŋ2/mɨeŋ2	
𥥍	ʂim1/ʂʅᵊm1	
𥥍	dɑm3/dɑm3	
𥥥	ʂi3/ʂʅi̯3	
𥥸	ɖa1/ɖɯa1	
𥥻	kʲʰɛŋ3/kʰieŋ3	
𥦜	pɨŋ3/puəŋ3	
𥦠	ju2/jɨ̯u2	
𥧓	ma2/mua2	
𥧬	kʲʰɛn2/kʰien2	
𥧮	ʈɛk4/ʈɯɛk4	
𥧲	tsʲim3/tsim3	
𥨍	vuk4/bvuk4	
𥨍	fʰuk4/pfʰuk4	
𥨒	tsʰwɑj3/tsʰuoi3	
𥨪	ɡˠɨwŋ1/ɡɨuŋ1	
𥩁	kˠɨwk4/kɨuk4	
𥩡	ɰwɛt4/ʉot4	
𥩲	ʁɑj3/ɦɑi3	
𥪂	lˠɛp4/ɭiep4	
𥪋	lɨwk4/luk4	
𥪋	vuk4/bvuk4	
𥪥	sʲu1/sɨ̯u1	
𥪰	ɡˠɛŋ3/ɡɨeŋ3	
𥫃	ŋˠi1/ŋɨi̯1	
𥫃	ŋˠi3/ŋɨi̯3	
𥫱	dwɨn3/dun3	
𥫵	tʲʰɛj3/tʰiei3	
𥬎	mɑt4/muot4	
𥬔	kˠʰɨ1/kʰɨ̯u1	
𥬕	ɲɛm2/ɲʒiem2	
𥬪	ɲɨwŋ1/ɲʒɨuŋ1	
𥬬	ɳˠɛp4/ɳiep4	
𥬲	ʈwa1/ʈua1	
𥬲	dwɑ3/duɔ3	
𥭐	lˠwit4/ɭyt4	
𥭑	ɡˠɨw1/ɡɨu̯1	
𥭓	bawk4/buak4	
𥭓	tʂʰawk4/tʂʰɯak4	
𥭖	pawk4/puak4	
𥭗	bɨwŋ1/buŋ1	
𥭘	ʈˠʰi1/ʈʰi1	
𥭜	ɡˠi3/ɡɨi̯3	
𥭮	mɛŋ1/muɛŋ1	
𥮍	jim1/jim1	
𥮏	tʲɛn2/tien2	
𥮒	dzʲɛn1/dzien1	
𥮒	dzʲɛm1/dziem1	
𥯕	dɑŋ3/dɑŋ3	
𥯕	tʰɑŋ2/tʰɑŋ2	
𥯖	du3/du3	
𥯗	sʲwin2/syn2	
𥯘	ja1/jia1	
𥯥	ʈˠʰɛp4/ʈʰiep4	
𥯨	si1/si1	
𥯩	tɕɑk4/tʃɨɔk4	
𥯮	ju1/jɨ̯u1	
𥯶	qʰu2/kʰu2	
𥰛	vɨw1/bvuəu1	
𥰝	sʲɨk4/sik4	
𥰠	lˠɨ2/ɭɨ̯u2	
𥰢	ɕɛn3/ʃien3	
𥰣	lˠɨw1/ɭiu̯1	
𥰥	ɣʲɛj3/ɦiei3	
𥰨	dɑm1/dɑm1	
𥰭	dzɑ1/dzɑ1	
𥰭	tʂa2/tʂɯa2	
𥰮	qɑ2/kɑ2	
𥰳	sʲɛn3/sien3	
𥰶	ʁat4/ɦɯat4	
𥰸	tsʲɛn2/tsien2	
𥰻	mu3/mu3	
𥱩	kˠɨwk4/kɨuk4	
𥱵	zʲwɛj3/zyei3	
𥱵	zʲip4/zip4	
𥱻	ʈˠʰɨ1/ʈʰɨ̯u1	
𥱼	baj1/buai1	
𥲄	dɑm3/dɑm3	
𥲅	ɖˠɨw1/ɖiu̯1	
𥲈	mɑn2/muon2	
𥲊	lʲɛw1/lieu1	
𥳇	fuk4/pfuk4	
𥳉	tu1/tu1	
𥳊	fɛj3/pfei3	
𥳎	kˠʰɨwŋ1/kʰɨuŋ1	
𥳎	ɡˠuŋ1/ɡɨuŋ1	
𥳎	kˠʰuŋ1/kʰɨuŋ1	
𥳐	kʲʰɛn2/kʰien2	
𥳒	qam2/kɯam2	
𥳔	dwɑ3/duɔ3	
𥳙	ʑwi1/dʒyi̯1	
𥳚	ɲɛn1/ɲʒien1	
𥳞	lˠin3/ɭin3	
𥳟	tsʲɛn2/tsien2	
𥳣	dzwɑj3/dzuoi3	
𥳧	ʂaj1/ʂɯai1	
𥳭	tsʲɛn3/tsien3	
𥴁	ʈˠɨwk4/ʈɨuk4	
𥴡	lʲɛj2/liei2	
𥴤	ɡˠɛn1/ɡɨen1	
𥴧	ɡˠɨ1/ɡɨ̯u1	
𥴧	kˠɨ2/kɨ̯u2	
𥴨	ʔɑj3/ʔɑi3	
𥴩	qɛk4/kɯɛk4	
𥴫	dwɨn1/dun1	
𥴬	bʲɛj3/biei3	
𥴭	qʰat4/kʰɯat4	
𥴮	pʰɑk4/pʰuɔk4	
𥴮	pɑk4/puɔk4	
𥴲	mˠin2/mɨn2	
𥴴	qɨw1/kəu1	
𥴶	tɑm2/tɑm2	
𥵣	twɑn1/tuon1	
𥵫	dzɨwŋ1/dzuŋ1	
𥶆	lˠɨ1/ɭɨ̯u1	
𥶌	lˠɨ3/ɭɨ̯u3	
𥶓	pˠi1/pɨi̯1	
𥶛	dʲɛj1/diei1	
𥶛	dʲɛj3/diei3	
𥶜	ʁu1/ɦu1	
𥶵	xˠwi2/hɨui2	
𥶶	kˠʰɨwk4/kʰɨuk4	
𥶷	sʲwɛn2/syen2	
𥶻	zʲwi1/zyi̯1	
𥶽	ɰwɛj3/ʉoi3	
𥶾	lˠi3/ɭi3	
𥶾	lʲɛj3/liei3	
𥷀	ʔʲɛn1/ʔien1	
𥷕	dʲɛp4/diep4	
𥷚	kˠɨwk4/kɨuk4	
𥷰	dzʲɛn1/dzien1	
𥷼	tsʲɨwk4/tsɨuk4	
𥸀	mʲi1/mi1	
𥸘	ɰwɑk4/ʉɔk4	
𥸡	qɑm2/kɑm2	
𥸢	tsɑm1/tsɑm1	
𥸴	mʲɛt4/miet4	
𥸸	lʲɛt4/liet4	
𥹃	fʰu1/pfʰu1	
𥹄	mʲi1/mi1	
𥹆	mʲɛŋ1/mieŋ1	
𥹇	vɛn3/bvuɐn3	
𥹜	qaw1/kɯau1	
𥹵	ʈˠʰuk4/ʈʰɨuk4	
𥹷	lˠɨw1/ɭiu̯1	
𥺋	tʲʰɛw3/tʰieu3	
𥺝	tɕɨw1/tʃiu̯1	
𥻂	lɑn2/lɑn2	
𥻄	qʰaj1/kʰɯai1	
𥻅	bˠɨk4/bɨk4	
𥻆	sʲuk4/sɨuk4	
𥻇	ʁam3/ɦɯam3	
𥻔	fun3/pfun3	
𥻤	tʂʰɨw1/tʂʰʅᵊu1	
𥻦	sɑt4/sɑt4	
𥻧	kʲɛm1/kiem1	
𥻨	ʂɛk4/ʂɯɛk4	
𥻩	mʲɛn3/mien3	
𥼚	tʂawk4/tʂɯak4	
𥼡	tsʰu1/tsʰu1	
𥼶	ɕɛk4/ʃiek4	
𥼺	tsʰwɑj2/tsʰuoi2	
𥽂	kˠʰwi3/kʰɨui3	
𥽏	ʁam3/ɦɯam3	
𥽗	lʲɛk4/liek4	
𥽘	mɑt4/muot4	
𥽬	ɳˠɑŋ3/ɳɨɔŋ3	
𥽭	lɑn2/lɑn2	
𥾍	qɑn2/kɑn2	
𥾛	tsʰwɨt4/tsʰut4	
𥾝	mʲɛt4/miet4	
𥾣	tɕi1/tʃi1	
𥾩	dʐi3/ʐʅi̯3	
𥿄	tʲɛj1/tiei1	
𥿆	dzi1/dzi1	
𥿆	zi1/zi1	
𥿇	ʂɨ1/ʂʅu1	
𥿇	kˠʰɨ2/kʰɨ̯u2	
𥿋	vɛn1/bvuɐn1	
𥿫	ji3/ji3	
𥿬	ŋˠɛk4/ŋɨek4	
𥿮	ɕɨk4/ʃik4	
𥿯	pʰaj3/pʰuai3	
𥿳	sʲɛj3/siei3	
𥿼	χwɑŋ1/huɔŋ1	
𦀉	twɑ2/tuɔ2	
𦀒	xˠu1/hɨ̯u1	
𦀒	xˠu2/hɨ̯u2	
𦀖	ʔˠɛp4/ʔɨep4	
𦀖	kˠɛp4/kɨep4	
𦀘	pʲʰi1/pʰi1	
𦀘	pʲɛj1/piei1	
𦀚	tʲʰɛŋ1/tʰieŋ1	
𦁆	ɖˠwɛn3/ɖyen3	
𦁍	sʲim1/sim1	
𦁎	dzɑk4/dzɑk4	
𦁐	kˠut4/kɨut4	
𦁐	kˠʰwɛt4/kʰʉot4	
𦁕	χwɨt4/hut4	
𦁙	jwɛn2/jyen2	
𦁤	nʲɛm3/niem3	
𦂀	dɑp4/dɑp4	
𦂁	zʲwi3/zyi̯3	
𦂄	qʰaj1/kʰɯai1	
𦂇	kˠɛn2/kɨen2	
𦂌	pɨwŋ2/puŋ2	
𦂌	pawŋ2/puaŋ2	
𦂔	ɱɛn3/mvuɐn3	
𦂗	ʂawk4/ʂɯak4	
𦃇	lʲɛj1/liei1	
𦃈	tsʲʰɨw1/tsʰiu̯1	
𦃊	lˠit4/ɭit4	
𦃌	sʲɛm1/siem1	
𦃓	lˠɨw1/ɭiu̯1	
𦃕	χwɨn2/hun2	
𦃖	tʰɑm2/tʰɑm2	
𦃘	ɖˠi3/ɖi3	
𦃟	ɣʲɛj3/ɦiei3	
𦃢	kˠʰun2/kʰɨun2	
𦄍	ʂɑŋ2/ʂʅɔŋ2	
𦄐	kˠʰun2/kʰɨun2	
𦄑	sʲwɛj3/syei3	
𦄒	pʲɛn2/pien2	
𦄼	sʲuŋ2/sɨuŋ2	
𦄼	sʲu2/sɨ̯u2	
𦄼	sʲɨw2/siu̯2	
𦄽	ɡˠɨ1/ɡɨ̯u1	
𦅀	zʲim1/zim1	
𦅇	sɑŋ1/sɑŋ1	
𦅶	lɑp4/lɑp4	
𦅽	kˠuk4/kɨuk4	
𦆀	tɕʰɛn2/tʃʰien2	
𦆀	zʲɛn3/zien3	
𦆄	ʂit4/ʂʅᵊt4	
𦆈	tswɑn2/tsuon2	
𦆞	ɱu3/mvu3	
𦆠	ɡˠwi3/ɡɨui3	
𦇎	tsʰɨwŋ1/tsʰuŋ1	
𦇖	bʲin1/bin1	
𦇧	kˠɛj3/kɨei3	
𦈸	ɰwɨk4/ʉik4	
𦈼	ʑwi1/dʒyi̯1	
𦉕	ʑɛn3/ʒien3	
𦉢	lʲɛŋ1/lieŋ1	
𦉥	ʔɨwŋ3/ʔuŋ3	
𦉬	tʲʰɛŋ1/tʰieŋ1	
𦉬	tʲʰɛŋ2/tʰieŋ2	
𦉭	si3/si3	
𦉹	tʲɛk4/tiek4	
𦊁	bʲi1/bi1	
𦊂	ʁu3/ɦu3	
𦊐	ɡˠɨ3/ɡɨ̯u3	
𦊑	lˠɨw2/ɭiu̯2	
𦊒	qɨw2/kəu2	
𦊓	lʲɛŋ2/lieŋ2	
𦊔	ɳam2/ɳɯam2	
𦊼	lˠɨ3/ɭɨ̯u3	
𦋅	ɣʲwɛj1/ɦyei1	
𦋞	ʂawk4/ʂɯak4	
𦋰	kʲɛm1/kiem1	
𦌒	lʲɛw3/lieu3	
𦌔	sʲwɛn2/syen2	
𦌔	ʂan3/ʂɯan3	
𦌔	sʲwɛn3/syen3	
𦌕	lu3/lu3	
𦌟	lɨwk4/luk4	
𦌠	bɛk4/buɛk4	
𦌡	mˠin2/mɨn2	
𦌫	ɳam2/ɳɯam2	
𦌬	ɱu1/mvu1	
𦌬	ɱu2/mvu2	
𦌵	lwɑj1/luoi1	
𦌾	kʲwɛn3/kyen3	
𦌿	ʂɨ1/ʂʅu1	
𦍀	nɑn3/nɑn3	
𦍒	tʰɑt4/tʰɑt4	
𦍙	zʲɑŋ1/zɨɔŋ1	
𦍧	tsʰi1/tsʰi1	
𦍩	qu2/ku2	
𦍹	jɑŋ1/jɨɔŋ1	
𦍻	dɨwŋ1/duŋ1	
𦎣	ʔʲɛj1/ʔiei1	
𦎣	ʔʲin1/ʔin1	
𦎣	ʔan1/ʔɯan1	
𦎦	ɱu3/mvu3	
𦎫	ʑwin1/dʒyn1	
𦎷	tsʲin3/tsin3	
𦎸	tsi3/tsi3	
𦎸	dzi3/dzi3	
𦎹	lɨw1/ləu1	
𦏆	dɨwŋ1/duŋ1	
𦏇	jɨw2/jiu̯2	
𦏊	ʁwɑn1/ɦuon1	
𦏖	ʁwan1/ɦuan1	
𦏰	lʲɛŋ1/lieŋ1	
𦏴	ɰu1/ɨ̯u1	
𦏵	jɨk4/jik4	
𦏺	ʁɨwŋ1/ɦuŋ1	
𦐄	ʁɑŋ1/ɦɑŋ1	
𦐇	tʰɑp4/tʰɑp4	
𦐈	fʰun1/pfʰun1	
𦐉	tɕʰi1/tʃʰi1	
𦐊	ɕi3/ʃi3	
𦐋	xʲwɛt4/hyet4	
𦐛	ɡˠu1/ɡɨ̯u1	
𦐛	kˠu2/kɨ̯u2	
𦐦	pʰɑk4/pʰuɔk4	
𦐧	ŋʲɛj3/ŋiei3	
𦐹	ʂin1/ʂʅᵊn1	
𦐺	sʲɛw1/sieu1	
𦑇	tʰɑp4/tʰɑp4	
𦑌	χwɛk4/huɛk4	
𦑌	xˠwɨk4/hʉik4	
𦑎	ʔˠɛm3/ʔɨem3	
𦑜	qɛk4/kɯɛk4	
𦑟	χwɛŋ1/huɛŋ1	
𦑡	ʑi1/dʒi1	
𦑣	ʈˠʰɛp4/ʈʰiep4	
𦑲	dɑp4/dɑp4	
𦑹	vu1/bvu1	
𦒆	lɑp4/lɑp4	
𦒎	ɣʲwɛj3/ɦyei3	
𦒎	jɛj3/jiei3	
𦒔	jwit4/jyt4	
𦒜	xˠɛn1/hɨen1	
𦒦	lɑp4/lɑp4	
𦒧	χwɛk4/huɛk4	
𦒸	ʑu3/ʒɨ̯u3	
𦒻	tʲɛm2/tiem2	
𦒻	tʲɛm3/tiem3	
𦓀	ɡʲi1/ɡi1	
𦓒	ɲi1/ɲʒi1	
𦓝	tɕwi2/tʃyi̯2	
𦓝	tɕwɛn2/tʃyen2	
𦓤	lˠwɛt4/ɭyet4	
𦓨	zi3/zi3	
𦓯	kʲwɛj1/kyei1	
𦓴	ʂaw3/ʂɯau3	
𦓷	ɰun1/ɨun1	
𦓾	lˠwin2/ɭyn2	
𦔅	dwɨt4/dut4	
𦔎	tʂʰɨk4/tʂʰʅᵊk4	
𦔐	ɰun1/ɨun1	
𦔔	mɑn1/muon1	
𦔔	mɑn3/muon3	
𦔜	jɨk4/jik4	
𦔥	jɛk4/jiek4	
𦔥	ɕɛk4/ʃiek4	
𦔩	pˠɛw1/pɨeu1	
𦔫	tɕʰɨk4/tʃʰik4	
𦔯	ʂa3/ʂɯa3	
𦔼	sʲɛp4/siep4	
𦕀	tsʲʰɛj3/tsʰiei3	
𦕑	tɕin2/tʃin2	
𦕒	tʲɛm1/tiem1	
𦖉	ɱɑŋ2/mvuɔŋ2	
𦖊	kˠʰi1/kʰɨi̯1	
𦖍	ʁwa3/ɦua3	
𦖞	ɱun1/mvun1	
𦖢	ɲi3/ɲʒi3	
𦖥	ɴwaj3/ŋuai3	
𦖩	lʲɛp4/liep4	
𦗂	ɳˠɨwk4/ɳɨuk4	
𦗐	ɴaj3/ŋɯai3	
𦗔	tʂaw1/tʂɯau1	
𦗕	mˠi1/mɨi̯1	
𦗕	mˠi2/mɨi̯2	
𦗖	lʲɛw1/lieu1	
𦗖	lɑw1/lɑu1	
𦗡	dɑm1/dɑm1	
𦗢	tɕɛn2/tʃien2	
𦗣	ʁwɨt4/ɦut4	
𦗳	ɳawŋ1/ɳɯaŋ1	
𦗾	qwɑt4/kuot4	
𦘅	qwɑk4/kuɔk4	
𦘍	ɴwat4/ŋuat4	
𦘔	tsʲin1/tsin1	
𦘭	tʲɛŋ3/tieŋ3	
𦘴	tu1/tu1	
𦘴	tu3/tu3	
𦘹	ŋˠwɛt4/ŋʉot4	
𦙫	tɕɛŋ1/tʃieŋ1	
𦙮	kʲwit4/kyt4	
𦙱	sɑn1/sɑn1	
𦙶	qu2/ku2	
𦙺	qa3/kɯa3	
𦚈	tʰɑk4/tʰɑk4	
𦚟	ji1/ji1	
𦚢	ʔˠwɑ1/ʔʉɔ1	
𦚦	tɕɨŋ1/tʃiŋ1	
𦚧	tɕʰwin2/tʃʰyn2	
𦚨	ʑɛj3/ʒiei3	
𦚪	jɛj2/jiei2	
𦛔	jwɛn1/jyen1	
𦛔	zʲwɛn3/zyen3	
𦛖	tɕʰɛp4/tʃʰiep4	
𦛝	ɖa1/ɖɯa1	
𦛠	nʲɛt4/niet4	
𦜌	kʲin2/kin2	
𦜒	fɛm2/pfuɐm2	
𦜓	xˠin3/hɨn3	
𦜖	ʔa3/ʔɯa3	
𦜗	tɕɛj3/tʃiei3	
𦜵	xˠɨw1/hɨu̯1	
𦜵	ɡˠɨw1/ɡɨu̯1	
𦝚	jɛŋ1/jieŋ1	
𦝜	ɣʲɛj3/ɦiei3	
𦝢	ɡʲwi1/ɡyi̯1	
𦝢	ɡˠwi1/ɡɨui1	
𦝨	qaj1/kɯai1	
𦝨	qʰaj2/kʰɯai2	
𦝭	lˠwi3/ɭyi̯3	
𦝮	ɱun2/mvun2	
𦝲	ʔˠɛj3/ʔɨei3	
𦞙	twɑj2/tuoi2	
𦞚	sʲɛt4/siet4	
𦞜	sʲɨk4/sik4	
𦞠	dwɨn1/dun1	
𦞤	si3/si3	
𦞦	χɨwk4/huk4	
𦞦	χɑk4/hɑk4	
𦞵	xʲɛw1/hieu1	
𦟘	jin1/jin1	
𦟛	ʈˠʰuŋ1/ʈʰɨuŋ1	
𦟜	tʂɛk4/tʂɯɛk4	
𦟟	mɑ1/muɔ1	
𦟠	tsʲɨwk4/tsɨuk4	
𦠁	tsʲʰuk4/tsʰɨuk4	
𦠄	ɡˠi1/ɡɨi̯1	
𦠆	swɨn2/sun2	
𦠆	dʐwɛn3/dʐʯen3	
𦠌	ɲi1/ɲʒi1	
𦠎	pʲɛw1/pieu1	
𦠎	pʲʰɛw1/pʰieu1	
𦠓	lʲɛk4/liek4	
𦠡	sʲɛk4/siek4	
𦡁	tɑŋ1/tɑŋ1	
𦡴	ɖˠɨw1/ɖiu̯1	
𦡴	ɖˠɨw3/ɖiu̯3	
𦡸	ɳˠi3/ɳi3	
𦡺	ʔʲɛŋ2/ʔieŋ2	
𦢊	pawk4/puak4	
𦢊	bawk4/buak4	
𦢏	lwɑj2/luoi2	
𦢨	zʲɛm1/ziem1	
𦢸	pʰɑk4/pʰuɔk4	
𦣀	ɲɛp4/ɲʒiep4	
𦣆	mɑ1/muɔ1	
𦣍	ʁɛŋ1/ɦɯɛŋ1	
𦣛	lˠwɑ1/ɭyɔ1	
𦣞	ji1/ji1	
𦣴	ʁwan1/ɦuan1	
𦣻	ɕɨw2/ʃiu̯2	
𦤂	ʑu1/dʒɨ̯u1	
𦤘	juŋ1/jɨuŋ1	
𦤙	ɴwat4/ŋuat4	
𦤡	ʔˠɛp4/ʔɨep4	
𦤢	pˠʰi3/pʰɨi̯3	
𦤦	χɑj3/hɑi3	
𦤦	χɑt4/hɑt4	
𦤧	ɖaj3/ɖɯai3	
𦤬	χaj3/hɯai3	
𦤻	ʈˠit4/ʈit4	
𦤿	ʔɨwk4/ʔuk4	
𦥊	ʈˠʰi3/ʈʰi3	
𦥐	ɖˠi3/ɖi3	
𦥑	kˠɨwk4/kɨuk4	
𦥑	kˠuk4/kɨuk4	
𦥘	pˠɛm2/pɨem2	
𦥨	jɛw2/jieu2	
𦥭	pʰɑk4/pʰuɔk4	
𦥻	tɕwi3/tʃyi̯3	
𦦇	tɕwi3/tʃyi̯3	
𦦔	vi3/bvi3	
𦦣	tsʰwɑj3/tsʰuoi3	
𦧇	ʑi3/ʒi3	
𦧈	ɡˠim3/ɡɨm3	
𦧝	tʲʰɛn1/tʰien1	
𦧟	tʰɑp4/tʰɑp4	
𦧠	ʁwat4/ɦuat4	
𦧭	tʰɑp4/tʰɑp4	
𦧴	tʰɑn1/tʰɑn1	
𦧴	dʲɛn1/dien1	
𦨇	ŋˠit4/ŋɨt4	
𦨈	vuk4/bvuk4	
𦨉	ɴwɨt4/ŋut4	
𦨖	tʂʰaw3/tʂʰɯau3	
𦨢	tʲɛj3/tiei3	
𦨣	tʲɛw1/tieu1	
𦨰	ɡˠuŋ1/ɡɨuŋ1	
𦨲	vɛm1/bvuɐm1	
𦨴	dɨwŋ1/duŋ1	
𦨼	ɴu1/ŋu1	
𦨽	ɡˠim3/ɡɨm3	
𦩋	baj3/buai3	
𦩌	sʲɛp4/siep4	
𦩎	ɖˠim3/ɖim3	
𦩝	ɰwi3/ɨui3	
𦩣	kʲʰɛj3/kʰiei3	
𦩤	dwɨt4/dut4	
𦩶	ɣʲɛj3/ɦiei3	
𦩻	ʈˠɛw1/ʈieu1	
𦪆	ɡˠi1/ɡɨi̯1	
𦪇	lɨwk4/luk4	
𦪈	ɴɑw1/ŋɑu1	
𦪉	tsʲin1/tsin1	
𦪑	pɑt4/puot4	
𦪙	tʰɑp4/tʰɑp4	
𦪚	dzwɨn3/dzun3	
𦪬	xˠɛt4/hɨet4	
𦪽	lˠuŋ1/ɭɨuŋ1	
𦫈	lʲɛj2/liei2	
𦫊	lʲɛŋ1/lieŋ1	
𦫔	pʰɑt4/pʰuot4	
𦫕	mɑt4/muot4	
𦫙	ba3/bua3	
𦫬	xʲɛj1/hiei1	
𦫰	mɨwŋ1/mvuŋ1	
𦫶	qaw1/kɯau1	
𦫶	pʰaw1/pʰuau1	
𦫶	kˠɨw1/kɨu̯1	
𦬁	dzɑj1/dzɑi1	
𦬂	ɴwɨt4/ŋut4	
𦬔	tʂaw2/tʂɯau2	
𦬕	ʈˠɨwŋ1/ʈɨuŋ1	
𦬕	ɖˠɨwŋ1/ɖɨuŋ1	
𦬖	ɡˠɨw1/ɡɨu̯1	
𦬘	tɕuŋ1/tʃɨuŋ1	
𦬚	ʁu3/ɦu3	
𦬸	ɖˠwit4/ɖyt4	
𦬹	tɑt4/tɑt4	
𦬺	xˠwɛŋ2/hʉeŋ2	
𦭭	ɡˠuŋ1/ɡɨuŋ1	
𦭮	ɖˠɛj3/ɖiei3	
𦭯	lˠu2/ɭɨ̯u2	
𦭲	ɡʲi1/ɡi1	
𦭵	jɑŋ1/jɨɔŋ1	
𦭶	sʲɛn2/sien2	
𦭷	mɨw1/mvuəu1	
𦭼	bʲɛw3/bieu3	
𦭿	ja1/jia1	
𦮃	qwaj1/kuai1	
𦮶	ɱun2/mvun2	
𦮸	ɰi2/ɨi̯2	
𦮹	vɨw1/bvuəu1	
𦮺	si1/si1	
𦮻	kʲwɛn1/kyen1	
𦮾	ɳˠip4/ɳip4	
𦯈	tsʲʰim2/tsʰim2	
𦯉	pɛk4/puɛk4	
𦯊	kʲwɛt4/kyet4	
𦯍	ʈˠɛp4/ʈiep4	
𦯏	ʔawk4/ʔɯak4	
𦯐	ʑɛw1/dʒieu1	
𦯑	dzɑw3/dzɑu3	
𦯔	dʲɛj1/diei1	
𦯖	nʲɛt4/niet4	
𦯪	ɣʲɛw3/ɦieu3	
𦰫	nʲɛj2/niei2	
𦰬	bɛk4/buɛk4	
𦰳	ja1/jia1	
𦰺	vɨw3/bvuəu3	
𦰾	χawk4/hɯak4	
𦱀	jɨwk4/jɨuk4	
𦱁	ɣʲɛn1/ɦien1	
𦱂	ɰwɨk4/ʉik4	
𦱃	ɰu1/ɨ̯u1	
𦱅	kˠɨ1/kɨ̯u1	
𦱇	qʰɨwŋ1/kʰuŋ1	
𦱊	dʐɛŋ1/dʐɯɛŋ1	
𦱒	mɨwk4/mvuk4	
𦱓	si2/si2	
𦱔	pʲɛj1/piei1	
𦱟	mɨŋ1/muəŋ1	
𦱠	kʲɨw1/kiu̯1	
𦲯	ɱɛm3/mvuɐm3	
𦳆	jwɛn2/jyen2	
𦳆	ɡˠwɛn3/ɡʉon3	
𦳇	dʲɛm1/diem1	
𦳈	bʲi1/bi1	
𦳊	ɕi2/ʃi2	
𦳋	qwaj3/kuai3	
𦳌	kˠip4/kɨp4	
𦳏	tʂa1/tʂɯa1	
𦳖	ɣʲwɛŋ3/ɦyeŋ3	
𦳚	ʑi1/dʒi1	
𦳝	ʈˠʰɑŋ1/ʈʰɨɔŋ1	
𦳝	tʰɑŋ1/tʰɑŋ1	
𦳢	ɰwi3/ɨui3	
𦳤	bˠɛw3/bɨeu3	
𦳥	mʲɛw2/mieu2	
𦳦	tsɑj1/tsɑi1	
𦳩	ɰɨw3/ɨu̯3	
𦳬	ʁɑp4/ɦɑp4	
𦳮	tɕwɛk4/tʃyek4	
𦳲	ɡʲɛŋ1/ɡieŋ1	
𦳷	jɨw1/jiu̯1	
𦵡	kˠʰɨwŋ1/kʰɨuŋ1	
𦵧	lɑŋ1/lɑŋ1	
𦵩	tsɑw1/tsɑu1	
𦵩	dzʲɨw1/dziu̯1	
𦵫	sɑk4/sɑk4	
𦵯	ʁat4/ɦɯat4	
𦵱	sʲɛt4/siet4	
𦵵	jɨw1/jiu̯1	
𦵸	qɛŋ2/kɯɛŋ2	
𦵹	tʰɑm2/tʰɑm2	
𦵿	fʰu2/pfʰu2	
𦶀	ʔu1/ʔu1	
𦶂	ʔˠip4/ʔɨp4	
𦶋	ɕɛn3/ʃien3	
𦶌	tʲɛw1/tieu1	
𦶍	ɡˠip4/ɡɨp4	
𦶎	χwa1/hua1	
𦶎	χwaj1/huai1	老
𦶏	dwɑj3/duoi3	
𦶐	kˠʰuŋ2/kʰɨuŋ2	
𦶐	kˠʰuŋ3/kʰɨuŋ3	
𦶑	tʰɑp4/tʰɑp4	
𦶩	ʔʲɛk4/ʔiek4	
𦷛	tɑ1/tɑ1	
𦸁	tʰɑm1/tʰɑm1	
𦸂	ɕim1/ʃim1	
𦸈	qwɑt4/kuot4	
𦸉	qʰat4/kʰɯat4	
𦸐	lˠɨwk4/ɭɨuk4	
𦸓	tsʲʰit4/tsʰit4	
𦸗	tsʲʰɛk4/tsʰiek4	
𦸚	zʲip4/zip4	
𦸜	tʂi1/tʂʅi̯1	
𦸝	sʲit4/sit4	
𦸢	lɨw3/ləu3	
𦸣	pʲi2/pi2	
𦸣	bʲɛj3/biei3	
𦸣	pʲi3/pi3	
𦸦	bɨt4/but4	
𦸺	tsʲwi1/tsyi̯1	
𦹬	qʰwa1/kʰua1	
𦹬	qʰwaj1/kʰuai1	老
𦺇	dɨwk4/duk4	
𦺊	ʁwɨn1/ɦun1	
𦺍	tsʲɛn2/tsien2	
𦺔	ʁaw1/ɦɯau1	
𦺖	man2/muan2	
𦺖	kʲwit4/kyt4	
𦺗	ɕɨ1/ʃɨ̯u1	
𦺦	ʁɑn1/ɦɑn1	
𦺨	zʲɑŋ3/zɨɔŋ3	
𦺬	kˠi1/kɨi̯1	
𦺮	ju1/jɨ̯u1	
𦺮	ju2/jɨ̯u2	
𦺱	tsi1/tsi1	
𦺲	ʑwɛn3/ʒyen3	
𦺳	ʔˠɨk4/ʔɨk4	
𦺴	dzʲip4/dzip4	
𦺸	lˠin3/ɭin3	
𦻃	ʁwɑn1/ɦuon1	
𦻝	kˠɛk4/kɨek4	
𦼏	tsɨŋ1/tsəŋ1	
𦼧	sɑt4/sɑt4	
𦼪	mɨw3/muəu3	
𦼫	ɡˠɨ1/ɡɨ̯u1	
𦼫	ɡˠɨ3/ɡɨ̯u3	
𦼮	qɑn2/kɑn2	
𦼯	zʲwi3/zyi̯3	
𦼱	dzʲwɛn3/dzyen3	
𦼷	kʲɛk4/kiek4	
𦽀	ɴɑw2/ŋɑu2	
𦽏	vu1/bvu1	
𦽑	tɕwin3/tʃyn3	
𦽒	dzɨk4/dzək4	
𦽓	ɡʲwɛŋ1/ɡyeŋ1	
𦾏	ʁap4/ɦɯap4	
𦾱	tʂʰaw1/tʂʰɯau1	
𦾵	ɡʲwɛŋ1/ɡyeŋ1	
𦾶	dzʲɛm3/dziem3	
𦾷	lˠɨwk4/ɭɨuk4	
𦾸	twɑn1/tuon1	
𦾺	jɛw1/jieu1	
𦾽	dɑp4/dɑp4	
𦿀	ɖˠɨ1/ɖɨ̯u1	
𦿁	fuk4/pfuk4	
𦿂	jwɛn1/jyen1	
𦿆	dɑŋ3/dɑŋ3	
𦿊	lu1/lu1	
𦿌	lʲɛw1/lieu1	
𦿌	lwɑ1/luɔ1	
𦿍	pʰɑk4/pʰuɔk4	
𦿏	mɨwŋ1/muŋ1	
𦿒	dʐin1/dʐʅᵊn1	
𦿕	dzʲɛw1/dzieu1	
𧀄	ʈˠʰɑŋ3/ʈʰɨɔŋ3	
𧀥	ʔˠɨw1/ʔɨu̯1	
𧀦	lu2/lu2	
𧀧	mɨŋ3/muəŋ3	
𧀩	si3/si3	
𧀬	sʲit4/sit4	
𧀮	fʰu1/pfʰu1	
𧀯	ɕim2/ʃim2	
𧀲	jwɛt4/jyet4	
𧀴	fu1/pfu1	
𧀵	ʂam2/ʂɯam2	
𧀺	ɣʲɛt4/ɦiet4	
𧁾	lɨw1/ləu1	
𧂄	dɑm3/dɑm3	
𧂇	dɑm1/dɑm1	
𧂈	tsʲɛw2/tsieu2	
𧂏	lʲɛw1/lieu1	
𧂐	tsi3/tsi3	
𧂒	tʂawk4/tʂɯak4	
𧂔	ʁɨwk4/ɦuk4	
𧂕	mɑw3/muɔu3	
𧂘	ɳɛŋ1/ɳɯɛŋ1	
𧂛	mɛŋ1/muɛŋ1	
𧂝	mʲɛt4/miet4	
𧃓	kˠɨwk4/kɨuk4	
𧃔	ɖawk4/ɖɯak4	
𧃘	dzu3/dzu3	
𧃙	ʁɑn1/ɦɑn1	
𧃙	ʁɑn3/ɦɑn3	
𧃝	tɕʰɨw2/tʃʰiu̯2	
𧃟	jɨk4/jik4	
𧃹	ɖap4/ɖɯap4	
𧄍	ɡʲɛw1/ɡieu1	
𧄓	tɨwŋ2/tuŋ2	
𧄔	tɕɨ1/tʃɨ̯u1	
𧄔	ʑɨ1/dʒɨ̯u1	
𧄕	tɕɨk4/tʃik4	
𧄶	lwɑn1/luon1	
𧄹	ɕɨk4/ʃik4	
𧄼	tɨŋ3/təŋ3	
𧄿	lwɑ1/luɔ1	
𧅁	kˠɑŋ1/kɨɔŋ1	
𧅗	tɑŋ2/tɑŋ2	
𧅙	ŋˠi3/ŋɨi̯3	
𧅚	ɰwɑk4/ʉɔk4	
𧆉	fuŋ1/pfuŋ1	
𧆌	tsʲɛj1/tsiei1	
𧆐	qɑm2/kɑm2	
𧆐	qɨwŋ3/kuŋ3	
𧆐	qɑm3/kɑm3	
𧆓	tsʰu1/tsʰu1	
𧆓	tsʰu2/tsʰu2	
𧆥	ʁap4/ɦɯap4	
𧆨	lu1/lu1	
𧆫	ŋˠit4/ŋɨt4	
𧆺	lʲɛŋ1/lieŋ1	
𧇄	lu1/lu1	
𧇠	ŋˠɛw3/ŋɨeu3	
𧇡	qu1/ku1	
𧇱	ɴam1/ŋɯam1	
𧇼	ʁɑw3/ɦɑu3	
𧇽	ɡˠɨ3/ɡɨ̯u3	
𧇿	dzu3/dzu3	
𧈑	qɛk4/kɯɛk4	
𧈜	dɨŋ1/dəŋ1	
𧈟	ɳˠɨk4/ɳik4	
𧈩	dɨk4/dək4	
𧈪	ʈˠʰɛn2/ʈʰien2	
𧈭	ɴwɨt4/ŋut4	
𧈻	jwɛk4/jyek4	
𧉃	jwin2/jyn2	
𧉄	mʲɛn1/mien1	
𧉊	fu2/pfu2	
𧉍	tsʲit4/tsit4	
𧉟	tʰɑj1/tʰɑi1	
𧉠	tsʰi3/tsʰi3	
𧉤	vɛn3/bvuɐn3	
𧉥	pɨk4/puək4	
𧉧	kˠʰɨ2/kʰɨ̯u2	
𧉩	pu3/pu3	
𧉪	qa1/kɯa1	
𧉫	ʈap4/ʈɯap4	
𧉭	nu2/nu2	
𧊎	ɰwɛt4/ʉot4	
𧊒	tsʰi3/tsʰi3	
𧊔	jɛn2/jien2	
𧊕	sʲɨwŋ1/sɨuŋ1	
𧊜	ɴɑk4/ŋɑk4	
𧊥	sʲwit4/syt4	
𧊸	sʲɛk4/siek4	
𧋋	ɴu1/ŋu1	
𧋍	zʲwɛt4/zyet4	
𧋑	qɛŋ2/kɯɛŋ2	
𧋔	ʁɨwŋ3/ɦuŋ3	
𧋘	dʲɛj1/diei1	
𧌁	dʲɛw1/dieu1	
𧌆	qʰɨwŋ1/kʰuŋ1	
𧌈	vɨw3/bvuəu3	
𧌉	lˠɨwk4/ɭɨuk4	
𧌍	lɨwk4/luk4	
𧌏	dɑp4/dɑp4	
𧌑	kˠʰut4/kʰɨut4	
𧌔	tɕi1/tʃi1	
𧌗	tʂɨw2/tʂʅᵊu2	
𧍓	ʂwit4/ʂʯᵊt4	
𧍔	ʔʲɛw1/ʔieu1	
𧍕	ɡˠɑk4/ɡɨɔk4	
𧍕	qʰwɛk4/kʰuɛk4	
𧍘	ʔʲɨw1/ʔiu̯1	
𧍙	vɛm3/bvuɐm3	
𧍜	ɡʲwi1/ɡyi̯1	
𧍞	ɴɑk4/ŋɑk4	
𧍢	jɛn2/jien2	
𧍧	χam1/hɯam1	
𧍩	kʲɛt4/kiet4	
𧍪	ŋˠu1/ŋɨ̯u1	
𧍭	dzʲwɛn1/dzyen1	
𧍮	kʲwɛŋ2/kyeŋ2	
𧍲	bʲɛn1/bien1	
𧎢	dɨk4/dək4	
𧎥	ɕɛn3/ʃien3	
𧎮	tsɑw2/tsɑu2	
𧎰	ʈˠɛn2/ʈien2	
𧎾	lˠɑk4/ɭɨɔk4	
𧎿	dzʲit4/dzit4	
𧏹	ɴaj3/ŋɯai3	
𧏺	xˠu3/hɨ̯u3	
𧏾	ɳˠɨk4/ɳik4	
𧏿	ɖˠɨwk4/ɖɨuk4	
𧐍	ɕuŋ1/ʃɨuŋ1	
𧐎	mʲɛk4/miek4	
𧐐	tʂɛk4/tʂɯɛk4	
𧐐	tsʲɛk4/tsiek4	
𧐒	sɨwk4/suk4	
𧐕	dwɑn1/duon1	
𧐴	ʂɨwk4/ʂʅuk4	
𧐶	tsʲʰɛk4/tsʰiek4	
𧑄	tɕɨwŋ1/tʃɨuŋ1	
𧑌	jɨk4/jik4	
𧑍	ʁwa1/ɦua1	
𧑎	tsʲʰwɛj3/tsʰyei3	
𧑎	tsʲwɛj3/tsyei3	
𧑎	tswɑj3/tsuoi3	
𧑐	ʑwit4/ʒyt4	
𧑐	jwit4/jyt4	
𧑒	tʰwɨn1/tʰun1	
𧑓	ɕɨ2/ʃɨ̯u2	
𧑙	tsʲɨwk4/tsɨuk4	
𧑜	bʲi1/bi1	
𧒒	fʰuŋ1/pfʰuŋ1	
𧒔	ɡˠɨw1/ɡɨu̯1	
𧒕	tsʲʰɛk4/tsʰiek4	
𧒖	qwɑ1/kuɔ1	
𧒖	qwɑ3/kuɔ3	
𧒗	ʂɨk4/ʂʅᵊk4	
𧓎	bʲi1/bi1	
𧓕	tɨwŋ1/tuŋ1	
𧓲	jɑŋ2/jɨɔŋ2	
𧓴	dʲɛŋ1/dieŋ1	
𧓸	ɖˠɛk4/ɖiek4	
𧔊	ɖˠɛn1/ɖien1	
𧔞	ŋˠwɛn1/ŋʉon1	
𧔢	dzʲɛn1/dzien1	
𧔥	jwi1/jyi̯1	
𧔥	jwi3/jyi̯3	
𧕄	ʔˠɨŋ1/ʔɨŋ1	
𧕅	lʲɛŋ1/lieŋ1	
𧕆	xˠi1/hɨi̯1	
𧕇	sʲɛn2/sien2	
𧕈	ʔˠwi3/ʔɨui3	
𧕊	sʲɛp4/siep4	
𧕋	jɑk4/jɨɔk4	
𧕛	dɑ1/dɑ1	
𧕝	nʲɛŋ1/nieŋ1	
𧕡	pʰɨk4/pʰuək4	
𧕣	tsʲwɛn2/tsyen2	
𧕮	lˠi1/ɭi1	
𧕯	lˠi1/ɭi1	
𧕯	ʂi1/ʂʅi̯1	
𧕱	ʁat4/ɦɯat4	
𧕾	tsʲɛt4/tsiet4	
𧕿	vi3/bvi3	
𧖀	ʈˠwɛt4/ʈyet4	
𧖅	mʲit4/mit4	
𧖈	bʲi1/bi1	
𧖔	lˠin3/ɭin3	
𧖜	lʲɛŋ1/lieŋ1	
𧖧	dʲɛŋ1/dieŋ1	
𧖴	mɛk4/muɛk4	
𧖷	nʲɛk4/niek4	
𧖺	tʰɑm2/tʰɑm2	
𧖻	qwɛk4/kuɛk4	
𧗀	qʰɑm3/kʰɑm3	
𧗇	kˠi1/kɨi̯1	
𧗕	nɨwŋ1/nuŋ1	
𧗘	tʂɨ1/tʂʅu1	
𧗜	dɑm3/dɑm3	
𧗝	kˠwi2/kɨui2	
𧗳	ɣʲwɛn3/ɦyen3	
𧗴	juŋ2/jɨuŋ2	
𧗸	dzʲɛn3/dzien3	
𧗿	ʂwit4/ʂʯᵊt4	
𧘂	tɕʰuŋ1/tʃʰɨuŋ1	
𧘈	lʲɛw2/lieu2	
𧘑	tɕɑk4/tʃɨɔk4	
𧘘	ɰu1/ɨ̯u1	
𧘝	pˠɛw2/pɨeu2	
𧘟	pʰɑt4/pʰuot4	
𧘨	tʲɛw1/tieu1	
𧘽	ɳa1/ɳɯa1	
𧘿	tɕɛŋ1/tʃieŋ1	
𧙁	tʂi3/tʂʅi̯3	
𧙂	fi3/pfi3	
𧙃	ʔɑ2/ʔɑ2	
𧙆	xˠu1/hɨ̯u1	
𧙉	lʲɛk4/liek4	
𧙞	tsʲʰɛk4/tsʰiek4	
𧙥	lɨwŋ1/luŋ1	
𧙧	qan3/kɯan3	
𧚊	tʲɛm1/tiem1	
𧚊	tʲɛp4/tiep4	
𧚋	bɨwŋ1/buŋ1	
𧚍	ɡˠɨw1/ɡɨu̯1	
𧚨	tsʲʰip4/tsʰip4	
𧚨	tsʲip4/tsip4	
𧚫	tsʲʰɛn3/tsʰien3	
𧚭	pɛŋ2/puɛŋ2	
𧛒	tʲʰɛj3/tʰiei3	
𧛔	tɑw3/tɑu3	
𧛔	tɨwk4/tuk4	
𧛞	ʁu1/ɦu1	
𧛢	ʈˠi2/ʈi2	
𧛾	qʰɑp4/kʰɑp4	
𧜀	mʲɛk4/miek4	
𧜁	ʂaj3/ʂɯai3	
𧜅	qaj3/kɯai3	
𧜠	ʂwit4/ʂʯᵊt4	
𧜣	tʲɛw1/tieu1	
𧜣	tʲɛw2/tieu2	
𧜧	ʈʰawŋ1/ʈʰɯaŋ1	
𧝂	ʁɑ3/ɦɑ3	
𧝃	kʲwɛt4/kyet4	
𧝋	dwɑj1/duoi1	
𧝍	tʰwɑ3/tʰuɔ3	
𧝍	dwɑ3/duɔ3	
𧝑	ʈˠɛn3/ʈien3	
𧝒	ʁwɛŋ1/ɦuɛŋ1	
𧝔	ɡˠɨ1/ɡɨ̯u1	
𧝕	ɰwi1/ɨui1	
𧝴	tɨwk4/tuk4	
𧝷	kˠʰwi3/kʰɨui3	
𧝹	lwɑ2/luɔ2	
𧞍	ɳat4/ɳɯat4	
𧞐	tɨwk4/tuk4	
𧞓	tsi1/tsi1	
𧞛	tsʲɛt4/tsiet4	
𧞧	pˠɛw2/pɨeu2	
𧞶	tɨwk4/tuk4	
𧞷	ʁwaj1/ɦuai1	
𧟉	qan2/kɯan2	
𧟌	lɑ3/lɑ3	
𧟨	ɣʲwɛn1/ɦyen1	
𧟱	bɨk4/buək4	
𧟶	pa3/pua3	
𧟼	ʔʲwɛj1/ʔyei1	
𧠜	ɕi1/ʃi1	
𧠞	ʔɛk4/ʔɯɛk4	
𧠠	mʲɛj1/miei1	
𧠥	tsʰi1/tsʰi1	
𧠪	tsʲʰɛk4/tsʰiek4	
𧠫	dʲɛk4/diek4	
𧡋	ɴaj2/ŋɯai2	
𧡎	ŋʲɛj3/ŋiei3	
𧡒	mɛk4/muɛk4	
𧡡	ʁwɨn1/ɦun1	
𧡡	ɰun3/ɨun3	
𧡨	dʲɛj1/diei1	
𧡨	dʲɛj3/diei3	
𧡩	xˠwɛn2/hʉon2	
𧡩	ʁwɑn3/ɦuon3	
𧡪	tɕʰim1/tʃʰim1	
𧡪	tɑm1/tɑm1	
𧡪	dɑm3/dɑm3	
𧡬	ʈˠʰim1/ʈʰim1	
𧡬	ʈˠʰim3/ʈʰim3	
𧡷	jɛw3/jieu3	
𧡸	tɨw1/təu1	
𧡹	jɨw1/jiu̯1	
𧡺	ɡʲi1/ɡi1	
𧢄	pʲɛw2/pieu2	
𧢜	vɛn1/bvuɐn1	
𧢞	qʰan1/kʰɯan1	
𧢢	jɛw3/jieu3	
𧢢	jɑk4/jɨɔk4	
𧢦	ɡˠwi1/ɡɨui1	
𧢦	kˠʰwi1/kʰɨui1	
𧢸	tɕuŋ1/tʃɨuŋ1	
𧢸	qawŋ1/kɯaŋ1	
𧢺	ɳawk4/ɳɯak4	
𧣃	pʰa1/pʰua1	
𧣒	ɡˠɨ3/ɡɨ̯u3	
𧣡	qɨwk4/kuk4	
𧣴	tʂan2/tʂɯan2	
𧣸	kˠwɛt4/kʉot4	
𧣺	ɳawk4/ɳɯak4	
𧣻	kˠɨ3/kɨ̯u3	
𧤏	tʂip4/tʂʅᵊp4	
𧤐	qwa2/kua2	
𧤑	kˠuk4/kɨuk4	
𧤕	dzʲɨw1/dziu̯1	
𧤖	ʔwɑj1/ʔuoi1	
𧤗	twɑn1/tuon1	
𧤛	tʂin2/tʂʅᵊn2	
𧤼	ɡˠwɛt4/ɡʉot4	
𧤽	ɰwɑk4/ʉɔk4	
𧤾	kʲwɛt4/kyet4	
𧥄	tʂip4/tʂʅᵊp4	
𧥍	pˠɛw1/pɨeu1	
𧥛	kˠʰɛn2/kʰɨen2	
𧥜	ŋˠɛn2/ŋɨen2	
𧥣	qʰɨw2/kʰəu2	
𧥮	ʁu3/ɦu3	
𧥱	vu1/bvu1	
𧥺	ɣʲɛn3/ɦien3	
𧥺	kʲwin3/kyn3	
𧦝	χu1/hu1	
𧦦	ɲɛm1/ɲʒiem1	
𧦪	bˠɛn3/bɨen3	
𧦭	tʰwɑ1/tʰuɔ1	
𧦮	ɳa1/ɳɯa1	
𧧒	tsʰi3/tsʰi3	
𧧗	xˠuŋ1/hɨuŋ1	
𧧢	χwɑŋ1/huɔŋ1	
𧧢	xˠwɑŋ2/hʉɔŋ2	
𧧢	χwɑŋ2/huɔŋ2	
𧧷	kˠɨw3/kɨu̯3	
𧧸	pˠɛt4/pɨet4	
𧧹	ɣʲɛj3/ɦiei3	
𧧺	pʲʰi1/pʰi1	
𧧻	dʐa3/dʐɯa3	
𧨀	swɑ1/suɔ1	
𧨁	tsʲa1/tsia1	
𧨃	xʲɛk4/hiek4	
𧨹	lˠuk4/ɭɨuk4	
𧩦	kˠɨk4/kɨk4	
𧩧	dɑk4/dɑk4	
𧩮	sʲɛw2/sieu2	
𧩶	qʰa3/kʰɯa3	
𧩼	ʈˠi2/ʈi2	
𧩼	ʈˠʰi3/ʈʰi3	
𧪘	tʂʰaj3/tʂʰɯai3	
𧪜	su3/su3	
𧪞	sʲwit4/syt4	
𧪞	qɑp4/kɑp4	
𧪠	dzʲit4/dzit4	
𧪡	tɕʰi1/tʃʰi1	
𧪦	tʰɑp4/tʰɑp4	
𧪨	ma3/mua3	
𧪮	χwa1/hua1	
𧫒	χa3/hɯa3	
𧫚	dʲɛj3/diei3	
𧫝	ʂwa2/ʂua2	
𧫞	lɨw3/ləu3	
𧫢	ɱɑŋ3/mvuɔŋ3	
𧫦	ʔʲɛj1/ʔiei1	
𧫷	sɨwk4/suk4	
𧬅	ʈa1/ʈɯa1	
𧬇	ʔʲɛj3/ʔiei3	
𧬈	xˠip4/hɨp4	
𧬊	sʲɛj1/siei1	
𧬌	ɴam1/ŋɯam1	
𧬨	χwɑj3/huoi3	
𧬪	qwɨn3/kun3	
𧬭	qwa1/kua1	
𧬭	qwaj1/kuai1	老
𧬮	ʈʰa3/ʈʰɯa3	
𧬮	qwa3/kua3	
𧬰	xˠɑŋ3/hɨɔŋ3	
𧭈	ɳɛŋ1/ɳɯɛŋ1	
𧭣	qwɛk4/kuɛk4	
𧭤	paw3/puau3	
𧭥	lɑk4/lɑk4	
𧭹	bʲin1/bin1	
𧮑	dɑp4/dɑp4	
𧮓	dwɑj1/duoi1	
𧮫	ɡˠɑk4/ɡɨɔk4	
𧮯	ʁwɛŋ1/ɦuɛŋ1	
𧮰	χam1/hɯam1	
𧮱	vun1/bvun1	
𧮶	ʁɨw1/ɦəu1	
𧮺	dʐan3/dʐɯan3	
𧯆	χwɑt4/huot4	
𧯈	kˠʰɛk4/kʰɨek4	
𧯠	tɨw1/təu1	
𧯦	ɡˠwɛn3/ɡʉon3	
𧯦	kˠwɛn3/kʉon3	
𧯩	tʂʰɨwk4/tʂʰʅuk4	
𧯫	ʈɛŋ1/ʈɯɛŋ1	
𧯯	ɡˠi1/ɡɨi̯1	
𧯷	kˠin2/kɨn2	
𧰉	lɑw1/lɑu1	
𧰙	ɡˠi1/ɡɨi̯1	
𧰥	tʰɨŋ1/tʰəŋ1	
𧰲	tɕʰi2/tʃʰi2	
𧰽	zi3/zi3	
𧰿	ɴɑj3/ŋɑi3	
𧱁	dɨwŋ1/duŋ1	
𧱑	dʐɨ1/dʐʅu1	
𧱘	maj3/muai3	
𧱚	kʲɛn1/kien1	
𧱛	dʐu3/dʐʅu3	
𧱝	kˠun3/kɨun3	
𧱝	kˠut4/kɨut4	
𧱝	ɡˠut4/ɡɨut4	
𧱝	kˠwɛt4/kʉot4	
𧱦	tɨw3/təu3	
𧱪	tsʰɨw3/tsʰəu3	
𧱫	dwɑ3/duɔ3	
𧱲	xˠi3/hɨi̯3	
𧱳	χwaj3/huai3	
𧱴	mʲɛŋ1/mieŋ1	
𧱹	pʰu1/pʰu1	
𧱻	mʲɛk4/miek4	
𧲂	lˠin1/ɭin1	
𧲌	ʂap4/ʂɯap4	
𧲎	mɨwŋ1/mvuŋ1	
𧲔	ɰwɛj3/ʉoi3	
𧲚	jwi1/jyi̯1	
𧲛	tsʲɛn3/tsien3	
𧲜	pʲɛk4/piek4	
𧲝	ɰwɛj3/ʉoi3	
𧲡	lˠɨk4/ɭik4	
𧲱	ʔɑŋ1/ʔɑŋ1	
𧲴	tɨwŋ1/tuŋ1	
𧳅	ʂi3/ʂʅi̯3	
𧳆	tʰɨwŋ1/tʰuŋ1	
𧳋	ɖaj3/ɖɯai3	
𧳙	si3/si3	
𧳙	ɡˠi3/ɡɨi̯3	
𧳛	ʂap4/ʂɯap4	
𧳜	tɕɨw2/tʃiu̯2	
𧳟	lɑj1/lɑi1	
𧳦	nɑw2/nɑu2	
𧳨	ɲɛw2/ɲʒieu2	
𧴄	juŋ1/jɨuŋ1	
𧴎	bˠɛw3/bɨeu3	
𧴗	ʔˠuŋ1/ʔɨuŋ1	
𧴤	pʰawk4/pʰuak4	
𧴪	swɑ2/suɔ2	
𧴭	ɕɛm2/ʃiem2	
𧵊	χɑm1/hɑm1	
𧵊	χɑm3/hɑm3	
𧵌	ʔˠɑŋ2/ʔɨɔŋ2	
𧵣	xʲwɛŋ1/hyeŋ1	
𧵣	ɣʲwɛŋ1/ɦyeŋ1	
𧵪	dzɨk4/dzək4	
𧶅	χwɑj2/huoi2	
𧶆	lˠin3/ɭin3	
𧶇	ʈat4/ʈɯat4	
𧶉	pʲin1/pin1	
𧶊	ɰun1/ɨun1	
𧶊	ɰun3/ɨun3	
𧶜	ɕɑŋ1/ʃɨɔŋ1	
𧶲	ʁwɑn3/ɦuon3	
𧶷	tʂʰɛk4/tʂʰɯɛk4	
𧷎	qʰwɨt4/kʰut4	
𧷎	ʁat4/ɦɯat4	
𧷗	jɨwk4/jɨuk4	
𧷡	lɨw3/ləu3	
𧷿	tu1/tu1	
𧸈	pʲin3/pin3	
𧸖	ɖam3/ɖɯam3	
𧸘	lˠɛm3/ɭiem3	
𧸩	sʲwin3/syn3	
𧸱	lˠɛj3/ɭiei3	
𧹝	dɨwŋ1/duŋ1	
𧹭	xˠwɨk4/hʉik4	
𧹲	χɨwk4/huk4	
𧹳	qɑn3/kɑn3	
𧺡	bɑt4/buot4	
𧺢	tʰɨw3/tʰəu3	
𧺣	tsʲuŋ1/tsɨuŋ1	
𧺣	tsʲʰuŋ1/tsʰɨuŋ1	
𧺶	ʈˠʰwit4/ʈʰyt4	
𧺹	kˠɨ2/kɨ̯u2	
𧺺	bɑt4/buot4	
𧺼	tsʰi2/tsʰi2	
𧺾	pʰɑn2/pʰuon2	
𧻓	pɛŋ3/puɛŋ3	
𧻕	tsʲʰɛk4/tsʰiek4	
𧻖	ʈˠɨw1/ʈiu̯1	
𧻙	mɛk4/muɛk4	
𧻙	pʰɛk4/pʰuɛk4	
𧻚	ɰwɛn1/ʉon1	
𧻱	ɡˠɨw1/ɡɨu̯1	
𧻲	ʁɑj1/ɦɑi1	
𧻵	ʂap4/ʂɯap4	
𧻶	xˠi1/hɨi̯1	
𧻷	pu1/pu1	
𧻸	ʑɛj3/ʒiei3	
𧻹	juŋ2/jɨuŋ2	
𧼏	ɣʲɛn1/ɦien1	
𧼐	ŋˠun2/ŋɨun2	
𧼐	kˠʰun2/kʰɨun2	
𧼒	ɡʲin1/ɡin1	
𧼒	kʲʰin2/kʰin2	
𧼒	kʲʰin3/kʰin3	
𧼙	ʈˠʰuŋ2/ʈʰɨuŋ2	
𧼙	ʈˠʰuk4/ʈʰɨuk4	
𧼞	kˠwɛt4/kʉot4	
𧼨	kˠɛt4/kɨet4	
𧼪	ʈˠʰɛj3/ʈʰiei3	
𧼮	tʰɑŋ1/tʰɑŋ1	
𧼯	ɕu3/ʃɨ̯u3	
𧼰	dʐap4/dʐɯap4	
𧽋	ʔu2/ʔu2	
𧽌	ʁwat4/ɦuat4	
𧽍	tʲɛn1/tien1	
𧽍	dʲɛn3/dien3	
𧽏	ʂɨw1/ʂʅᵊu1	
𧽏	ʂɨwk4/ʂʅuk4	
𧽐	kˠʰɛn1/kʰɨen1	
𧽒	xˠɨwŋ3/hɨuŋ3	
𧽟	dzʲɨ3/dzɨ̯u3	
𧽠	tsʰwɑj1/tsʰuoi1	
𧽤	pʲɛw1/pieu1	
𧽤	pʲʰɛw1/pʰieu1	
𧽸	kˠwɛt4/kʉot4	
𧽻	kʲwit4/kyt4	
𧽼	dɑm1/dɑm1	
𧾍	ʈˠɛn1/ʈien1	
𧾍	ɖˠɛn1/ɖien1	
𧾎	xʲwɛn1/hyen1	
𧾒	tsʰi1/tsʰi1	
𧾚	jɨ1/jɨ̯u1	
𧾛	ɡˠwɛk4/ɡʉek4	
𧾣	xʲwɛn2/hyen2	
𧾣	xˠwɛj3/hʉoi3	
𧾣	xʲwɛn3/hyen3	
𧾣	kʲwit4/kyt4	
𧾨	xˠɛn3/hɨen3	
𧾩	zʲwin1/zyn1	
𧾩	zʲwɛn3/zyen3	
𧾯	kʲɛt4/kiet4	
𧾰	jɨk4/jik4	
𧾱	ɡˠu1/ɡɨ̯u1	
𧾵	kˠwɑk4/kʉɔk4	
𧾵	ɡˠwɑk4/ɡʉɔk4	
𧾻	ɡʲɨw3/ɡiu̯3	
𧿁	ŋˠwɛt4/ŋʉot4	
𧿅	sʲip4/sip4	
𧿲	tʂi2/tʂʅi̯2	
𧿳	fʰut4/pfʰut4	
𧿹	mɨw2/muəu2	
𧿻	kˠɨwk4/kɨuk4	
𨀘	zʲɑŋ1/zɨɔŋ1	
𨀜	tʰɨwŋ1/tʰuŋ1	
𨀝	ɲɑk4/ɲʒɨɔk4	
𨀨	tsɑt4/tsɑt4	
𨁃	tʲʰɛj1/tʰiei1	
𨁈	ʁɑŋ1/ɦɑŋ1	
𨁍	ŋʲɛn3/ŋien3	
𨁏	pʰu1/pʰu1	
𨁸	lwɨt4/lut4	
𨁹	jɛm2/jiem2	
𨁽	tɨk4/tək4	
𨂁	ʔɑp4/ʔɑp4	
𨂁	ʔap4/ʔɯap4	
𨂝	bam1/buam1	
𨂢	tsʲɨk4/tsik4	
𨂣	ɱu3/mvu3	
𨂩	pʰɑt4/pʰuot4	
𨂰	ʈˠʰɛj3/ʈʰiei3	
𨃘	tʂɨw1/tʂʅᵊu1	
𨄏	pʲʰɛw1/pʰieu1	
𨄚	tsʲʰɑŋ1/tsʰɨɔŋ1	
𨅎	tsʰwɑj3/tsʰuoi3	
𨅔	dzɑm1/dzɑm1	
𨅔	dzɑp4/dzɑp4	
𨅗	pˠit4/pɨt4	
𨅞	tɑp4/tɑp4	
𨆁	tʲʰɛn2/tʰien2	
𨆂	sɑp4/sɑp4	
𨆌	vɛn1/bvuɐn1	
𨆪	kʲʰɛŋ1/kʰieŋ1	
𨆪	kʲʰɛŋ3/kʰieŋ3	
𨆫	ʈˠi3/ʈi3	
𨆮	dzʲɛk4/dziek4	
𨆳	sʲɛt4/siet4	
𨇆	lɑj3/lɑi3	
𨇙	kˠwɛj3/kʉoi3	
𨇧	ʈˠʰɛm2/ʈʰiem2	
𨇮	kˠwɛt4/kʉot4	
𨇯	ʂawŋ1/ʂɯaŋ1	
𨇱	pʲɛn1/pien1	
𨇻	mˠi2/mɨi̯2	
𨈈	dʲɛp4/diep4	
𨈋	jɑk4/jɨɔk4	
𨈚	bʲi1/bi1	
𨈛	tɕi1/tʃi1	
𨈭	tʰɑm1/tʰɑm1	
𨉢	ɖˠuŋ3/ɖɨuŋ3	
𨊳	sʲim1/sim1	
𨊼	ɣʲwɛn3/ɦyen3	
𨋐	pʰat4/pʰuat4	
𨋕	ŋˠɑŋ3/ŋɨɔŋ3	
𨋖	lˠɨw2/ɭiu̯2	
𨋙	jin3/jin3	
𨋚	ɳˠɛn2/ɳien2	
𨋩	vuk4/bvuk4	
𨋬	ʑɨŋ1/dʒiŋ1	
𨋬	tɕɨŋ2/tʃiŋ2	
𨋱	tʰwɑj1/tʰuoi1	
𨌄	dzɑŋ3/dzɑŋ3	
𨌅	tsʰi1/tsʰi1	
𨌅	dzi1/dzi1	
𨌅	dʐaj1/dʐɯai1	
𨌈	dʲɛn1/dien1	
𨌗	kˠʰwi3/kʰɨui3	
𨌠	lɨwk4/luk4	
𨌥	vuk4/bvuk4	
𨌭	tʰɑp4/tʰɑp4	
𨌲	mʲin2/min2	
𨌴	tʰwɑj1/tʰuoi1	
𨍇	ʁɛk4/ɦɯɛk4	
𨍈	tsɨwŋ2/tsuŋ2	
𨍋	qwɑ1/kuɔ1	
𨍎	mɨwk4/muk4	
𨍏	dɑk4/dɑk4	
𨍩	bɛŋ1/buɛŋ1	
𨍫	lˠit4/ɭit4	
𨍰	qʰɑp4/kʰɑp4	
𨍴	dɑŋ1/dɑŋ1	
𨍶	ɡʲwɛŋ1/ɡyeŋ1	
𨍷	ɲuŋ2/ɲʒɨuŋ2	
𨍺	ɡˠɛk4/ɡɨek4	
𨎌	ʈˠi3/ʈi3	
𨎩	qwɑŋ1/kuɔŋ1	
𨎪	ɲi1/ɲʒi1	
𨎬	kʲɛw3/kieu3	
𨎴	tɑŋ1/tɑŋ1	
𨎶	ɡˠɨ1/ɡɨ̯u1	
𨎷	lˠɛm1/ɭiem1	
𨎹	lɑm2/lɑm2	
𨏈	ʔˠin2/ʔɨn2	
𨏉	ʂwɛn1/ʂʯen1	
𨏉	ʂwɛn3/ʂʯen3	
𨏊	ʁam3/ɦɯam3	
𨏒	lɑk4/lɑk4	
𨏔	lɨwk4/luk4	
𨏠	lɨwŋ1/luŋ1	
𨏩	lʲɛn1/lien1	
𨏪	ʂam1/ʂɯam1	
𨏵	mˠin2/mɨn2	
𨏹	kˠwɑk4/kʉɔk4	
𨐁	dʲɛp4/diep4	
𨐔	ʂin1/ʂʅᵊn1	
𨐖	sɑt4/sɑt4	
𨐨	pʲɛk4/piek4	
𨐶	χwɛk4/huɛk4	
𨑊	ɳˠuŋ1/ɳɨuŋ1	
𨑊	nɨwŋ2/nuŋ2	
𨑋	nɨwŋ1/nuŋ1	
𨑒	du1/du1	
𨑤	kʲʰi3/kʰi3	
𨑥	ɱut4/mvut4	
𨑥	χwɨt4/hut4	
𨑩	tʲɛw3/tieu3	
𨑩	tʲɛk4/tiek4	
𨑪	tsʲʰuŋ1/tsʰɨuŋ1	
𨒇	qap4/kɯap4	
𨒋	ɰwɛt4/ʉot4	
𨒌	tɕɛŋ1/tʃieŋ1	
𨒛	ɲi2/ɲʒi2	
𨒥	ʁɨw3/ɦəu3	
𨒪	tsʲɛk4/tsiek4	
𨒬	tɕʰi1/tʃʰi1	
𨒰	jɨw1/jiu̯1	
𨓊	tʲɛp4/tiep4	
𨓤	tʰwɑj3/tʰuoi3	
𨓯	ʔʲwɛn1/ʔyen1	
𨔝	dɨwŋ3/duŋ3	
𨔣	qa1/kɯa1	
𨔥	tsʲɛn1/tsien1	
𨕤	ɡˠip4/ɡɨp4	
𨖏	kˠɨw3/kɨu̯3	
𨖶	zʲɑŋ3/zɨɔŋ3	
𨖹	ʈˠit4/ʈit4	
𨘇	ʁwɑj3/ɦuoi3	
𨘇	ɣʲɛn3/ɦien3	
𨘌	ʁwɑ3/ɦuɔ3	
𨙂	jɛw1/jieu1	
𨙂	jɨw1/jiu̯1	
𨙅	ŋˠwɛn1/ŋʉon1	
𨙒	jɨk4/jik4	
𨙔	ʈˠʰuŋ1/ʈʰɨuŋ1	
𨙔	ʈˠu3/ʈɨ̯u3	
𨙙	tsʲʰɛn1/tsʰien1	
𨙫	qʰɨw2/kʰəu2	
𨙶	pɑj3/puoi3	
𨙷	tsʲɛŋ2/tsieŋ2	
𨙸	ɡʲi1/ɡi1	
𨙹	ɕɛw2/ʃieu2	
𨙹	tsʲɛw2/tsieu2	
𨙺	ɳˠɨw2/ɳiu̯2	
𨙽	ɡˠim1/ɡɨm1	
𨚓	fut4/pfut4	
𨚔	pʰaw1/pʰuau1	
𨚔	pɑw1/puɔu1	
𨚖	tsi1/tsi1	
𨚙	ɰɛw1/ɨeu1	
𨚙	ʁɑw1/ɦɑu1	
𨚯	dɨwŋ1/duŋ1	
𨚲	dzwɨn1/dzun1	
𨚴	ɲɨ1/ɲʒɨ̯u1	
𨚵	tsɑj3/tsɑi3	
𨚶	nʲɛn1/nien1	
𨚶	nʲɛŋ1/nieŋ1	
𨛋	lˠi2/ɭi2	
𨛌	ɱɑŋ1/mvuɔŋ1	
𨛌	mɑŋ1/muɔŋ1	
𨛍	ʂaw3/ʂɯau3	
𨛒	bu3/bu3	
𨛖	qʰaj3/kʰɯai3	
𨛫	lʲɛj1/liei1	
𨛬	bɑj1/buoi1	
𨛭	ɕɨ1/ʃɨ̯u1	
𨛳	zʲɛk4/ziek4	
𨛴	ʁɑw3/ɦɑu3	
𨛵	χu2/hu2	
𨛶	ɲɨw1/ɲʒiu̯1	
𨛸	ʁu3/ɦu3	
𨜏	jɛŋ1/jieŋ1	
𨜒	kʲɛj3/kiei3	
𨜓	ʈˠɛŋ1/ʈieŋ1	
𨜓	ɖˠɛŋ1/ɖieŋ1	
𨜔	ʁwɑŋ1/ɦuɔŋ1	
𨜖	ŋˠu1/ŋɨ̯u1	
𨜘	ʔɨwk4/ʔuk4	
𨜜	ʂɛŋ2/ʂɯɛŋ2	
𨜳	dɨwŋ1/duŋ1	
𨜴	qʰɑj3/kʰɑi3	
𨜴	ʁɑp4/ɦɑp4	
𨜴	qɑp4/kɑp4	
𨜵	ʔwɨn1/ʔun1	
𨜶	ʔʲɛk4/ʔiek4	
𨜷	bɑŋ1/buɔŋ1	
𨜻	ɡˠɛn1/ɡɨen1	
𨜿	sʲwit4/syt4	
𨝀	ʔwɑj2/ʔuoi2	
𨝀	ʁwɑj3/ɦuoi3	
𨝋	tʂaj3/tʂɯai3	
𨝌	qɑn1/kɑn1	
𨝍	tsʲʰɛn1/tsʰien1	
𨝫	xˠip4/hɨp4	
𨝭	vuŋ1/bvuŋ1	
𨝯	dɨwŋ1/duŋ1	
𨝰	kˠɛw2/kɨeu2	
𨝱	dzʲɛw1/dzieu1	
𨝴	ʁwɑŋ1/ɦuɔŋ1	
𨝸	dɑm1/dɑm1	
𨞓	ʔˠɨwk4/ʔɨuk4	
𨞙	ɡˠɨ1/ɡɨ̯u1	
𨞚	mɛŋ1/muɛŋ1	
𨞛	qɑt4/kɑt4	
𨞜	kˠu1/kɨ̯u1	
𨞪	ʑɨw1/dʒiu̯1	
𨞪	ɖˠɨw1/ɖiu̯1	
𨞪	ʑɨw3/ʒiu̯3	
𨞼	ɱɛn3/mvuɐn3	
𨞾	xˠɨŋ1/hɨŋ1	
𨟀	lˠi1/ɭi1	
𨟃	ʈˠɨŋ1/ʈiŋ1	
𨟄	vɛn1/bvuɐn1	
𨟍	qwɑk4/kuɔk4	
𨟏	jim1/jim1	
𨟙	ʔʲɛŋ1/ʔieŋ1	
𨟙	ʔʲɛŋ2/ʔieŋ2	
𨟚	ɲɑŋ1/ɲʒɨɔŋ1	
𨟠	kˠʰwɛn1/kʰʉon1	
𨟠	kˠʰɑk4/kʰɨɔk4	
𨟻	tsʲɑŋ3/tsɨɔŋ3	
𨟼	qɑŋ2/kɑŋ2	
𨠒	fʰɛn3/pfʰuɐn3	
𨠔	bʲit4/bit4	
𨠦	ʁaw1/ɦɯau1	
𨡌	nwɑj1/nuoi1	
𨡩	pʰɑt4/pʰuot4	
𨡫	ʁwɨn3/ɦun3	
𨡭	mu1/mu1	
𨡭	mɨw1/mvuəu1	
𨡰	tsʲɑŋ3/tsɨɔŋ3	
𨡸	tɕwɛt4/tʃyet4	
𨢊	mɨwŋ1/muŋ1	
𨢋	ʁɨwk4/ɦuk4	
𨢌	lʲɛk4/liek4	
𨢍	ʑi3/ʒi3	
𨢐	pɑŋ1/puɔŋ1	
𨢡	bʲɛj3/biei3	
𨢦	ʂaj3/ʂɯai3	
𨢹	tɕɛŋ1/tʃieŋ1	
𨣆	jɨw2/jiu̯2	
𨣉	qan3/kɯan3	
𨣘	mɨwŋ1/muŋ1	
𨣦	zʲɨ3/zɨ̯u3	
𨣧	dzʲɛj3/dziei3	
𨣨	lɑm3/lɑm3	
𨣱	mɑt4/muot4	
𨣻	ʔʲɛm1/ʔiem1	
𨣼	tsʰɨwŋ1/tsʰuŋ1	
𨤩	ʈˠʰuŋ1/ʈʰɨuŋ1	
𨥂	kʲɛt4/kiet4	
𨥥	qwɛŋ2/kuɛŋ2	
𨥦	dzʲɛj1/dziei1	
𨥦	tsʲɛj1/tsiei1	
𨦂	lɑj2/lɑi2	
𨦄	kˠʰɛm1/kʰɨem1	
𨦭	lɑw1/lɑu1	
𨧦	pˠi1/pɨi̯1	
𨧨	ɖˠwɛj3/ɖyei3	
𨩪	ʈˠʰɛn2/ʈʰien2	
𨪉	dʲɛj1/diei1	
𨪌	ɡʲi1/ɡi1	
𨪎	ʔˠɨwk4/ʔɨuk4	
𨪐	dɨw3/dəu3	
𨪴	kʲɛj1/kiei1	
𨫒	lɨw3/ləu3	
𨫔	bʲɛj3/biei3	
𨫔	sʲɛt4/siet4	
𨬅	lɑ2/lɑ2	
𨬐	ɡˠwɛt4/ɡʉot4	
𨬖	tʂin1/tʂʅᵊn1	
𨬖	dʐan1/dʐɯan1	
𨬖	dʐɛn1/dʐʅen1	
𨬟	qu1/ku1	
𨭖	tɕɛn2/tʃien2	
𨮒	mɨŋ3/muəŋ3	
𨯝	dwɑj3/duoi3	
𨰉	dʐat4/dʐɯat4	
𨰟	pˠi1/pɨi̯1	
𨰠	lwɑ1/luɔ1	
𨱜	ɡʲi1/ɡi1	
𨱧	ʔʲɛw2/ʔieu2	
𨱵	dɑw3/dɑu3	
𨱵	nɑw2/nɑu2	
𨱵	nɑw3/nɑu3	
𨲊	ɴɑn3/ŋɑn3	
𨲟	juŋ1/jɨuŋ1	
𨲠	tsʲa1/tsia1	
𨲭	ɡˠɛw3/ɡɨeu3	
𨲳	ɳˠuŋ1/ɳɨuŋ1	
𨳌	ɖˠin3/ɖin3	
𨳗	tɕuŋ1/tʃɨuŋ1	
𨳝	tʲʰɛŋ2/tʰieŋ2	
𨳳	ʈˠʰu3/ʈʰɨ̯u3	
𨳺	dʲɛt4/diet4	
𨴒	kʲʰwɛt4/kʰyet4	
𨴖	tʂʰɨwk4/tʂʰʅuk4	
𨴗	tʲɛt4/tiet4	
𨴬	ʁɨwk4/ɦuk4	
𨵊	dʐɛt4/dʐʅet4	
𨵌	ʔɑ2/ʔɑ2	
𨵥	ʂɛŋ2/ʂɯɛŋ2	
𨵦	ju1/jɨ̯u1	
𨵨	xˠwɨk4/hʉik4	
𨵪	ɣʲɛt4/ɦiet4	
𨵫	ɳˠɑk4/ɳɨɔk4	
𨶃	ʈa3/ʈɯa3	
𨶆	tsʲʰɑŋ1/tsʰɨɔŋ1	
𨶈	dɑŋ1/dɑŋ1	
𨶩	ʁɑp4/ɦɑp4	
𨷙	ʑɨwk4/ʒɨuk4	
𨷭	ɖˠɛn1/ɖien1	
𨷱	tɕwɛn2/tʃyen2	
𨷲	jɑk4/jɨɔk4	
𨷳	dzʲɛn3/dzien3	
𨷻	lɑn1/lɑn1	
𨸏	vɨw3/bvuəu3	
𨸜	χɑj1/hɑi1	
𨸭	pʰɑ1/pʰuɔ1	
𨸰	kˠɨwk4/kɨuk4	
𨸱	nʲɛm2/niem2	
𨸱	tʲʰɛm3/tʰiem3	
𨹁	ʁɨwŋ1/ɦuŋ1	
𨹁	qɨwŋ3/kuŋ3	
𨹄	twɑ1/tuɔ1	
𨹄	twɑ2/tuɔ2	
𨹵	kˠwɛn2/kʉon2	
𨹸	tɕɛw3/tʃieu3	
𨺅	vɨw3/bvuəu3	
𨺟	ʈˠɛŋ1/ʈieŋ1	
𨺫	kʲʰɛn2/kʰien2	
𨻵	tsʰwɑj1/tsʰuoi1	
𨻷	qʰɑŋ1/kʰɑŋ1	
𨻻	lɨw1/ləu1	
𨻻	lˠu2/ɭɨ̯u2	
𨻼	pʲɛj1/piei1	
𨻼	pʲʰɛj1/pʰiei1	
𨻾	lwɑj2/luoi2	
𨼊	ɱu1/mvu1	
𨼍	ʁɑw1/ɦɑu1	
𨼎	tsʲwɛt4/tsyet4	
𨼏	ɲi1/ɲʒi1	
𨼑	ɖa1/ɖɯa1	
𨼒	tɕʰɛn2/tʃʰien2	
𨼔	zʲim1/zim1	
𨼬	ʁaj3/ɦɯai3	
𨼮	dʐam3/dʐɯam3	
𨼰	tʰwɑ2/tʰuɔ2	
𨽄	ʂi3/ʂʅi̯3	
𨽍	dɨwk4/duk4	
𨽴	ʔaj3/ʔɯai3	
𨽿	dɑj3/dɑi3	
𨾂	ɰwi3/ɨui3	
𨾉	kˠɨw2/kɨu̯2	
𨾊	ʁɨwŋ1/ɦuŋ1	
𨾎	ɡˠwi1/ɡɨui1	
𨾔	fɑŋ3/pfuɔŋ3	
𨾚	kʲwi1/kyi̯1	
𨾦	tɕʰi1/tʃʰi1	
𨾴	kʲwɛj1/kyei1	
𨾵	ɲɨ1/ɲʒɨ̯u1	
𨿐	tsʲʰwi2/tsʰyi̯2	
𨿠	ʑwi1/dʒyi̯1	
𨿠	ʑwi3/ʒyi̯3	
𨿯	lʲɛj1/liei1	
𨿿	tɕʰuŋ2/tʃʰɨuŋ2	
𩀋	ɲwin1/ɲʒyn1	
𩀑	juk4/jɨuk4	
𩀞	tsʰɑŋ1/tsʰɑŋ1	
𩀰	dzʲuŋ1/dzɨuŋ1	
𩀼	sɑn2/sɑn2	
𩀼	sɑn3/sɑn3	
𩀿	tsʲim1/tsim1	
𩁌	jwi1/jyi̯1	
𩁚	nɑn1/nɑn1	
𩁢	nɑn1/nɑn1	
𩁧	ʁwɑn3/ɦuon3	
𩁺	ʂam1/ʂɯam1	
𩂆	fʰɨw2/pfʰuəu2	
𩂓	tɨwŋ1/tuŋ1	
𩂢	ɴaj1/ŋɯai1	
𩂢	ŋˠim1/ŋɨm1	
𩂣	lɑk4/lɑk4	
𩂥	ʔʲin3/ʔin3	
𩂩	lwɑj1/luoi1	
𩂹	jwɛk4/jyek4	
𩂻	ʈˠʰɛp4/ʈʰiep4	
𩃔	tsʲɛm1/tsiem1	
𩃔	ʂam1/ʂɯam1	
𩃗	ʔˠɛm2/ʔɨem2	
𩃙	qwɛŋ1/kuɛŋ1	
𩃵	ɲɛm2/ɲʒiem2	
𩃶	bɑt4/buot4	
𩄁	xˠwi2/hɨui2	
𩄙	ʁɑm1/ɦɑm1	
𩄚	tsi1/tsi1	
𩄡	lˠɛm1/ɭiem1	
𩅀	tʲɛm3/tiem3	
𩅀	ʈˠip4/ʈip4	
𩅂	dwɑn1/duon1	
𩅄	lɨwk4/luk4	
𩅟	bawk4/buak4	
𩅦	ʔwan1/ʔuan1	
𩅧	tɕɨwŋ1/tʃɨuŋ1	
𩅨	dʐim1/dʐʅᵊm1	
𩅼	tsʲɛm1/tsiem1	
𩅼	lˠɛm3/ɭiem3	
𩅼	tʂam3/tʂɯam3	
𩅽	nɨwŋ1/nuŋ1	
𩅿	fʰɑk4/pfʰuɔk4	
𩆂	tsi1/tsi1	
𩆂	dzi1/dzi1	
𩆈	lʲɛŋ1/lieŋ1	
𩆊	ɱɛn3/mvuɐn3	
𩆑	swɑn1/suon1	
𩆚	lʲɛŋ1/lieŋ1	
𩆜	lʲɛŋ1/lieŋ1	
𩆮	lʲɛŋ1/lieŋ1	
𩆵	si1/si1	
𩆵	sʲɛn3/sien3	
𩆶	ɲɑŋ1/ɲʒɨɔŋ1	
𩆸	ɖawk4/ɖɯak4	
𩇕	dzʲɛŋ3/dzieŋ3	
𩇜	ʈˠʰɛŋ3/ʈʰieŋ3	
𩇠	ʔɑp4/ʔɑp4	
𩇪	vi3/bvi3	
𩈉	tɑm3/tɑm3	
𩈜	twɑj1/tuoi1	
𩈡	xʲɛŋ3/hieŋ3	
𩈣	χɑm1/hɑm1	
𩈬	ʔwan3/ʔuan3	
𩈭	ŋˠi3/ŋɨi̯3	
𩈵	lɑm1/lɑm1	
𩈶	ɳan2/ɳɯan2	
𩈹	mʲɛn3/mien3	
𩈻	tsɑm1/tsɑm1	
𩈻	tʂam3/tʂɯam3	
𩉥	ɣʲwɛn3/ɦyen3	
𩉦	qwɨŋ1/kuəŋ1	
𩉪	ɲuŋ3/ɲʒɨuŋ3	
𩉬	ɡʲi1/ɡi1	
𩉺	dɑ1/dɑ1	
𩉼	ɕin1/ʃin1	
𩊄	ɖˠɨw3/ɖiu̯3	
𩊙	vuk4/bvuk4	
𩊚	lɑk4/lɑk4	
𩊜	twɑ2/tuɔ2	
𩊜	dwɑ3/duɔ3	
𩊝	tɕi3/tʃi3	
𩊞	tɕi3/tʃi3	
𩊪	dɨw3/dəu3	
𩊭	dwɑj3/duoi3	
𩊮	sɑ1/sɑ1	
𩊮	ʂa1/ʂɯa1	
𩊯	ʂɛk4/ʂɯɛk4	
𩋁	ʈˠwɛt4/ʈyet4	
𩋄	tʂʰɨw2/tʂʰʅᵊu2	
𩋆	qʰan1/kʰɯan1	
𩋇	pʲɛt4/piet4	
𩋊	ʔɑp4/ʔɑp4	
𩋊	ʔˠɛp4/ʔɨep4	
𩋏	nʲɛp4/niep4	
𩋟	vuk4/bvuk4	
𩋠	mʲɛn2/mien2	
𩋡	ɕit4/ʃit4	
𩋢	xˠwɛn3/hʉon3	
𩋩	ɖˠi3/ɖi3	
𩋪	nʲɛj2/niei2	
𩋬	jɑŋ1/jɨɔŋ1	
𩌃	ɡˠwi3/ɡɨui3	
𩌄	tʂʰɨw2/tʂʰʅᵊu2	
𩌈	sɑk4/sɑk4	
𩌊	χawk4/hɯak4	
𩌍	qap4/kɯap4	
𩌏	bɨw3/buəu3	
𩌏	pɑk4/puɔk4	
𩌑	ʔˠwɛn2/ʔʉon2	
𩌦	ʂi2/ʂʅi̯2	
𩌦	ʂaj2/ʂɯai2	
𩌦	ʂi3/ʂʅi̯3	
𩌨	ʑuŋ1/dʒɨuŋ1	
𩌬	tɕɑŋ1/tʃɨɔŋ1	
𩌮	ʑuk4/ʒɨuk4	
𩌮	zʲuk4/zɨuk4	
𩌰	ʂam1/ʂɯam1	
𩌱	sɨw1/səu1	
𩍃	maj1/muai1	
𩍅	dɨwŋ1/duŋ1	
𩍆	sʲɛk4/siek4	
𩍔	kˠʰɨwk4/kʰɨuk4	
𩍕	tɕɛt4/tʃiet4	
𩍖	ʔˠɨk4/ʔɨk4	
𩍙	ʂɨk4/ʂʅᵊk4	
𩍜	dɑk4/dɑk4	
𩍦	nʲɛj2/niei2	
𩍲	tɕi1/tʃi1	
𩍿	bɑk4/buɔk4	
𩎀	kˠɛn1/kɨen1	
𩎈	dzwɑn1/dzuon1	
𩎈	tswɑn1/tsuon1	
𩎉	ʂi2/ʂʅi̯2	
𩎌	xʲɛn3/hien3	
𩎑	tswɑn1/tsuon1	
𩎓	bˠi3/bɨi̯3	
𩎔	qaw1/kɯau1	
𩎕	sʲip4/sip4	
𩎕	sɑp4/sɑp4	
𩎚	ʈʰɛk4/ʈʰɯɛk4	
𩎧	vuk4/bvuk4	
𩎯	ɰwi1/ɨui1	
𩎺	ʔˠwɛn2/ʔʉon2	
𩏇	dwɑn3/duon3	
𩏑	ʁɑn1/ɦɑn1	
𩏚	zʲwi3/zyi̯3	
𩏠	ʈɛŋ3/ʈɯɛŋ3	
𩏩	xˠɛm1/hɨem1	
𩏩	xˠɛm2/hɨem2	
𩏪	ɖɛk4/ɖɯɛk4	
𩐅	sɑp4/sɑp4	
𩐌	dwɑj3/duoi3	
𩐏	vɛn1/bvuɐn1	
𩐟	pawk4/puak4	
𩐠	χɨwŋ1/huŋ1	
𩐨	pʰawŋ1/pʰuaŋ1	
𩐨	bawŋ1/buaŋ1	
𩐭	nʲɛp4/niep4	
𩐱	jɛp4/jiep4	
𩐵	dɨwŋ3/duŋ3	
𩑂	ɖawk4/ɖɯak4	
𩑃	ŋˠɛp4/ŋɨep4	
𩑐	tʂʰaj1/tʂʰɯai1	
𩑒	dɑk4/dɑk4	
𩑒	ʈɛk4/ʈɯɛk4	
𩑒	ʈʰɛk4/ʈʰɯɛk4	
𩑔	qʰwɨn2/kʰun2	
𩑔	qʰwɨt4/kʰut4	
𩑛	fɛt4/pfuɐt4	
𩑟	qʰɑm1/kʰɑm1	
𩑢	baj1/buai1	
𩑢	bɑj1/buoi1	
𩑣	ɰɨw3/ɨu̯3	
𩑤	ɴɑw2/ŋɑu2	
𩑦	mɨt4/mut4	
𩑦	ʔwɨt4/ʔut4	
𩑳	kˠʰɛm2/kʰɨem2	
𩑵	ɱi3/mvi3	
𩑶	ʁu1/ɦu1	
𩑷	mɑt4/muot4	
𩑸	χɑ1/hɑ1	
𩑸	χɑ2/hɑ2	
𩑹	ɣʲwɛn3/ɦyen3	
𩒣	kˠʰim2/kʰɨm2	
𩒣	kˠʰɛm2/kʰɨem2	
𩒮	ɡˠɨw1/ɡɨu̯1	
𩒰	ɴɑ1/ŋɑ1	
𩒰	ɴɑ2/ŋɑ2	
𩒱	qʰwɨn1/kʰun1	
𩒱	qʰwɨn3/kʰun3	
𩒵	kʲʰwɛŋ2/kʰyeŋ2	
𩒺	vu3/bvu3	
𩓝	bʲɛt4/biet4	
𩓞	dzʲɛŋ3/dzieŋ3	
𩓡	kʲwi1/kyi̯1	
𩓣	sʲu1/sɨ̯u1	
𩓥	ɴawk4/ŋɯak4	
𩓨	tsʲɛŋ1/tsieŋ1	
𩓬	ɖwaj1/ɖuai1	
𩓸	kʲwi1/kyi̯1	
𩓾	ɲɛm1/ɲʒiem1	
𩔀	ɴwaj3/ŋuai3	
𩔁	χwɑj3/huoi3	
𩔂	dwɨn3/dun3	
𩔃	ɰwɛn2/ʉon2	
𩔇	lɑw2/lɑu2	
𩔈	pʰɑk4/pʰuɔk4	
𩔊	dʐwɛn3/dʐʯen3	
𩔚	ʔɨwŋ1/ʔuŋ1	
𩔞	ʁɑm1/ɦɑm1	
𩔣	tɕɛn1/tʃien1	
𩔳	tʂɛk4/tʂɯɛk4	
𩔴	xˠuk4/hɨuk4	
𩔶	ma1/mua1	
𩔹	pʲi1/pi1	
𩕊	tɕɛn2/tʃien2	
𩕏	bɑ1/buɔ1	
𩕐	lʲɛw3/lieu3	
𩕔	lˠin2/ɭin2	
𩕔	lˠin3/ɭin3	
𩕖	sʲwɛn1/syen1	
𩕡	ʂɨk4/ʂʅᵊk4	
𩕢	tʲɛŋ2/tieŋ2	
𩕯	tɑw1/tɑu1	
𩕲	ʔˠi1/ʔɨi̯1	
𩕳	nʲɛŋ2/nieŋ2	
𩕾	ŋˠwɛn3/ŋʉon3	
𩖄	kˠʰim2/kʰɨm2	
𩖊	lʲɛŋ1/lieŋ1	
𩖎	χwɨŋ1/huəŋ1	
𩖛	bɨwŋ1/buŋ1	
𩖛	bˠɨw1/biu̯1	
𩖣	zʲim1/zim1	
𩖴	lˠɨw2/ɭiu̯2	
𩖶	xʲwɛt4/hyet4	
𩖼	fut4/pfut4	
𩗄	χɨwŋ1/huŋ1	
𩗔	nwɑj2/nuoi2	
𩗬	lˠɑŋ1/ɭɨɔŋ1	
𩗬	lˠɑŋ3/ɭɨɔŋ3	
𩘅	qaj1/kɯai1	
𩘍	jwɛn2/jyen2	
𩘍	jwɛn3/jyen3	
𩘎	ʁɨwŋ1/ɦuŋ1	
𩘐	xˠut4/hɨut4	
𩘑	ʔˠɛŋ2/ʔɨeŋ2	
𩘚	ɰwi2/ɨui2	
𩘡	lʲɛj3/liei3	
𩘹	ʂɨwk4/ʂʅuk4	
𩘹	sʲɨwk4/sɨuk4	
𩘽	ʈɛŋ1/ʈɯɛŋ1	
𩙅	jwit4/jyt4	
𩙒	pʲʰɛw1/pʰieu1	
𩙚	sʲɛw1/sieu1	
𩙛	χwɨŋ1/huəŋ1	
𩙲	fi1/pfi1	
𩙺	jɨk4/jik4	
𩙽	ʁwan1/ɦuan1	
𩚖	ɳˠɨw3/ɳiu̯3	
𩚛	nɑp4/nɑp4	
𩚬	ʔɛk4/ʔɯɛk4	
𩚭	bɨw1/buəu1	
𩚯	ɳˠi1/ɳi1	
𩚱	kʲwɛŋ2/kyeŋ2	
𩚳	vɛn3/bvuɐn3	
𩚴	ʔˠut4/ʔɨut4	
𩚴	ʔˠwɛt4/ʔʉot4	
𩚹	lʲɛŋ1/lieŋ1	
𩛁	paw2/puau2	
𩛌	dʐi3/dʐʅi̯3	
𩛎	mɑm2/muɔm2	
𩛛	ji1/ji1	
𩛠	tswɑ1/tsuɔ1	
𩛢	sʲɨw1/siu̯1	
𩛥	tsɑj3/tsɑi3	
𩛺	kˠɨwk4/kɨuk4	
𩛻	tsɑn3/tsɑn3	
𩛿	zʲɛŋ1/zieŋ1	
𩜁	lˠɨŋ1/ɭiŋ1	
𩜁	lˠɨŋ3/ɭiŋ3	
𩜉	ɕa2/ʃia2	
𩜍	tɨwŋ1/tuŋ1	
𩜏	ʔˠɨ3/ʔɨ̯u3	
𩜮	tɕʰi3/tʃʰi3	
𩜰	pˠʰɨk4/pʰɨk4	
𩜴	dzi1/dzi1	
𩜾	tɕɛn1/tʃien1	
𩜿	paw2/puau2	
𩝙	ʑi3/ʒi3	
𩝛	ʁat4/ɦɯat4	
𩝝	qʰɑw3/kʰɑu3	
𩝡	kʲʰɛn2/kʰien2	
𩝣	tɑp4/tɑp4	
𩝧	sʲɨw1/siu̯1	
𩝨	χwa1/hua1	
𩝨	χwaj1/huai1	老
𩝸	ʔˠwɛn1/ʔʉon1	
𩞁	mɑ1/muɔ1	
𩞃	ɕɑŋ2/ʃɨɔŋ2	
𩞉	dʐɨwŋ1/dʐʅuŋ1	
𩞐	dʐawŋ1/dʐɯaŋ1	
𩞧	ɕɑŋ2/ʃɨɔŋ2	
𩞬	tɨŋ3/təŋ3	
𩞿	χɑm3/hɑm3	
𩟂	qwɑ3/kuɔ3	
𩟃	lʲɛŋ1/lieŋ1	
𩟇	ʔɑw3/ʔɑu3	
𩟊	nɨwŋ1/nuŋ1	
𩟊	ɳawŋ1/ɳɯaŋ1	
𩟓	ʔwɑk4/ʔuɔk4	
𩟗	tsʲɛm2/tsiem2	
𩟙	dzʲɛt4/dziet4	
𩟭	lɨwŋ1/luŋ1	
𩠐	ɕɨw2/ʃiu̯2	
𩠑	tʲɛŋ2/tieŋ2	
𩠖	fɛt4/pfuɐt4	
𩠢	ji1/ji1	
𩠣	kʲɛp4/kiep4	
𩠹	tɕwɛn1/tʃyen1	
𩡔	χɑt4/hɑt4	
𩡕	bɛŋ1/buɛŋ1	
𩡝	dɑm1/dɑm1	
𩡩	pat4/puat4	
𩡺	qaj3/kɯai3	
𩡻	ʔʲɛw2/ʔieu2	
𩢎	twɨt4/tut4	
𩢑	tsʰi2/tsʰi2	
𩢔	pɑn3/puon3	
𩢕	bu3/bu3	
𩢛	qɑt4/kɑt4	
𩢮	xˠɨw1/hɨu̯1	
𩢰	vuk4/bvuk4	
𩢱	ʁwɑj1/ɦuoi1	
𩢳	ɡˠu1/ɡɨ̯u1	
𩢴	kʲʰit4/kʰit4	
𩢷	mɛk4/muɛk4	
𩢸	ʈˠɨw1/ʈiu̯1	
𩢼	kˠʰwɑŋ1/kʰʉɔŋ1	
𩢽	ɡˠuŋ1/ɡɨuŋ1	
𩢾	lˠɛj3/ɭiei3	
𩢾	lˠɛt4/ɭiet4	
𩣐	χwɑŋ1/huɔŋ1	
𩣘	ɳˠɛp4/ɳiep4	
𩣝	bu3/bu3	
𩣡	bawk4/buak4	
𩣡	bɨt4/but4	
𩣯	dɑp4/dɑp4	
𩣱	lˠɨwk4/ɭɨuk4	
𩣸	vɨw3/bvuəu3	
𩣽	ɡˠɨwk4/ɡɨuk4	
𩤛	ŋˠuŋ1/ŋɨuŋ1	
𩤠	ʁaj1/ɦɯai1	
𩤡	sʲwɛn1/syen1	
𩤥	ʁam1/ɦɯam1	
𩤽	tʲʰɛj1/tʰiei1	
𩥄	tʲɛn1/tien1	
𩥆	lˠɨ3/ɭɨ̯u3	
𩥇	ʈˠɛn3/ʈien3	
𩥈	ʔwɨn1/ʔun1	
𩥉	kˠi3/kɨi̯3	
𩥑	tʰɑp4/tʰɑp4	
𩥓	tʰɑw1/tʰɑu1	
𩥮	ʂan2/ʂɯan2	
𩦂	ʁan1/ɦɯan1	
𩦌	sɑŋ1/sɑŋ1	
𩦎	fʰi2/pfʰi2	
𩦠	bʲɛw1/bieu1	
𩦡	jɨ1/jɨ̯u1	
𩦡	jɨ3/jɨ̯u3	
𩦢	ŋˠu1/ŋɨ̯u1	
𩦶	dɨwŋ1/duŋ1	
𩦺	mɨwŋ1/muŋ1	
𩧃	lˠɛj3/ɭiei3	
𩧉	qwɑŋ1/kuɔŋ1	
𩧋	lʲɛj1/liei1	
𩧐	lɑk4/lɑk4	
𩧐	tʰɑk4/tʰɑk4	
𩨭	kˠʰwɑ1/kʰʉɔ1	
𩨳	twɨt4/tut4	
𩨴	jɛw2/jieu2	
𩨷	kˠʰwɑ1/kʰʉɔ1	
𩨾	ɴwa1/ŋua1	
𩩌	qwɨn2/kun2	
𩩘	ʔˠɨ2/ʔɨ̯u2	
𩩝	qʰawŋ1/kʰɯaŋ1	
𩩠	dzwɨt4/dzut4	
𩩯	bʲɛn3/bien3	
𩩱	qʰa3/kʰɯa3	
𩩲	ʁɑt4/ɦɑt4	
𩪉	xˠuk4/hɨuk4	
𩪋	ɴɑw1/ŋɑu1	
𩪍	tɕʰu1/tʃʰɨ̯u1	
𩪐	qwɛk4/kuɛk4	
𩪘	ɖawŋ1/ɖɯaŋ1	
𩪜	ɡˠwɛt4/ɡʉot4	
𩪡	dwɨn1/dun1	
𩪧	bʲɛk4/biek4	
𩪲	ʁat4/ɦɯat4	
𩫀	qʰɑj3/kʰɑi3	
𩫏	qwɑk4/kuɔk4	
𩫥	dzɑw1/dzɑu1	
𩫧	ɰwɛn1/ʉon1	
𩫫	bʲi1/bi1	
𩫿	dʐɛŋ1/dʐɯɛŋ1	
𩬑	tʲɛm1/tiem1	
𩬙	fu1/pfu1	
𩬙	fu3/pfu3	
𩬜	kˠɨwk4/kɨuk4	
𩬠	tʰɑj1/tʰɑi1	
𩬰	ɡˠuŋ1/ɡɨuŋ1	
𩬳	twɑj2/tuoi2	
𩬶	si3/si3	
𩬹	kˠʰwɑŋ1/kʰʉɔŋ1	
𩭇	lˠi1/ɭi1	
𩭓	tsʲɨw1/tsiu̯1	
𩭩	tɨwŋ3/tuŋ3	
𩭾	mɨw1/mvuəu1	
𩭿	ɳat4/ɳɯat4	
𩮁	qʰat4/kʰɯat4	
𩮁	qat4/kɯat4	
𩮂	χat4/hɯat4	
𩮙	ɲuŋ1/ɲʒɨuŋ1	
𩮜	ɕɛk4/ʃiek4	
𩮜	tʲʰɛk4/tʰiek4	
𩮝	ɴat4/ŋɯat4	
𩮰	tsɨwŋ1/tsuŋ1	
𩮰	tsɨwŋ2/tsuŋ2	
𩮳	bʲɛw3/bieu3	
𩮶	sɨw1/səu1	
𩮷	tɨw1/təu1	
𩯄	tswɨn3/tsun3	
𩯅	fʰɨw3/pfʰuəu3	
𩯅	fʰuk4/pfʰuk4	
𩯊	lʲɛw1/lieu1	
𩯋	kˠɛk4/kɨek4	
𩯌	pɑt4/puot4	
𩯏	pɨwk4/puk4	
𩯨	nʲɛj2/niei2	
𩰎	ʔwɛŋ1/ʔuɛŋ1	
𩰗	pʲʰin3/pʰin3	
𩰝	pʲʰin1/pʰin1	
𩰞	mʲi2/mi2	
𩰞	nʲɛj2/niei2	
𩰟	fʰun1/pfʰun1	
𩰢	ʂi2/ʂʅi̯2	
𩰢	ʂi3/ʂʅi̯3	
𩰥	tsʲɑk4/tsɨɔk4	
𩰪	ʔˠut4/ʔɨut4	
𩰫	qwɑ1/kuɔ1	
𩰬	qwɑ1/kuɔ1	
𩰳	ɣʲwɛj1/ɦyei1	
𩰴	ɲi1/ɲʒi1	
𩰹	kʲɛŋ3/kieŋ3	
𩰾	fi3/pfi3	
𩱈	tʂʰaw2/tʂʰɯau2	
𩱓	ɲi3/ɲʒi3	
𩱖	sɨwk4/suk4	
𩱘	qʰɛk4/kʰɯɛk4	
𩱚	bɨt4/but4	
𩱡	kˠɛn1/kɨen1	
𩱤	kˠɛn1/kɨen1	
𩱦	tʂʰaw2/tʂʰɯau2	
𩱧	qɛŋ1/kɯɛŋ1	
𩱨	ɲuk4/ɲʒɨuk4	
𩱭	tsʲɨŋ3/tsiŋ3	
𩱱	jɨwk4/jɨuk4	
𩱲	jɑk4/jɨɔk4	
𩱴	xˠɛw1/hɨeu1	
𩱷	mɑt4/muot4	
𩱷	mʲɛt4/miet4	
𩲄	ʔwɑj3/ʔuoi3	
𩲏	χwa3/hua3	
𩳍	ʔʲɛŋ2/ʔieŋ2	
𩳔	ɴaw3/ŋɯau3	
𩴆	ɡˠi1/ɡɨi̯1	
𩴆	kˠi2/kɨi̯2	
𩴓	nɑ1/nɑ1	
𩴱	pʲin1/pin1	
𩴱	pʲʰin1/pʰin1	
𩴱	bʲin1/bin1	
𩴳	tʂʰat4/tʂʰɯat4	
𩵀	lʲɛŋ1/lieŋ1	
𩵌	sʲɛw2/sieu2	
𩵏	χwa3/hua3	
𩵖	sʲɛw2/sieu2	
𩵢	χɑp4/hɑp4	
𩵣	pʰɑj1/pʰuoi1	
𩵥	vɛj3/bvei3	
𩵩	fu1/pfu1	
𩵭	ɰwɑŋ1/ʉɔŋ1	
𩶁	bɛŋ3/buɛŋ3	
𩶅	tɕʰi1/tʃʰi1	
𩶇	ɕim2/ʃim2	
𩶤	sʲɛn2/sien2	
𩷍	jwɛk4/jyek4	
𩷎	dʲɛk4/diek4	
𩷏	ɡʲɛŋ1/ɡieŋ1	
𩷏	ɣʲɛŋ3/ɦieŋ3	
𩷒	dzʲim1/dzim1	
𩷕	lɑŋ1/lɑŋ1	
𩸄	ʁwa3/ɦua3	
𩹂	ɰwi3/ɨui3	
𩹄	χɑj3/hɑi3	
𩹇	dʲɛŋ1/dieŋ1	
𩹈	ɖˠi3/ɖi3	
𩹉	fi1/pfi1	
𩹍	ɡʲwi1/ɡyi̯1	
𩹏	ba3/bua3	
𩹟	nɑj3/nɑi3	
𩹲	pʰu1/pʰu1	
𩹳	swɑ2/suɔ2	
𩹶	dɑŋ1/dɑŋ1	
𩹺	qɛk4/kɯɛk4	
𩹼	ʁɑn3/ɦɑn3	
𩹿	qɛk4/kɯɛk4	
𩺀	tsʲɛk4/tsiek4	
𩺰	ŋˠɨ1/ŋɨ̯u1	
𩺱	ɳˠɨk4/ɳik4	
𩺵	ʂin1/ʂʅᵊn1	
𩻛	tsʲim1/tsim1	
𩻛	dʐim1/dʐʅᵊm1	
𩻜	lˠin1/ɭin1	
𩻝	dʐwɛn3/dʐʯen3	
𩻟	ɰwi1/ɨui1	
𩻟	xˠwi1/hɨui1	
𩻼	ɖˠɛj3/ɖiei3	
𩼅	ɲuŋ3/ɲʒɨuŋ3	
𩼈	ʔɑw3/ʔɑu3	
𩼊	lwɑ1/luɔ1	
𩼋	ŋˠɛp4/ŋɨep4	
𩼝	ʑɑŋ1/dʒɨɔŋ1	
𩼪	ŋˠɨ1/ŋɨ̯u1	
𩼼	ʈˠɛn1/ʈien1	
𩽏	lʲɛk4/liek4	
𩽛	bɑk4/buɔk4	
𩽜	kˠɛn2/kɨen2	
𩽵	lʲɛj2/liei2	
𩾔	tsʰi3/tsʰi3	
𩾗	tʲɛw1/tieu1	
𩾗	tsʲɛw1/tsieu1	
𩾘	ŋˠɛj3/ŋɨei3	
𩾞	ʁwɑn1/ɦuon1	
𩾷	qwɑ1/kuɔ1	
𩾺	tɑm3/tɑm3	
𩾼	sʲɛk4/siek4	
𩾾	χaw1/hɯau1	
𩾿	vu3/bvu3	
𩿀	ɖˠɨwŋ3/ɖɨuŋ3	
𩿂	mɑw3/muɔu3	
𩿇	ʁu3/ɦu3	
𩿟	kˠʰɨ3/kʰɨ̯u3	
𩿡	dɑj1/dɑi1	
𩿢	tʰɨw2/tʰəu2	
𩿢	dɨw3/dəu3	
𩿣	mɑt4/muot4	
𩿤	tʂat4/tʂɯat4	
𩿧	fu1/pfu1	
𪀐	kˠip4/kɨp4	
𪀐	bˠip4/bɨp4	
𪀐	ɡˠɛp4/ɡɨep4	
𪀒	tɕʰi1/tʃʰi1	
𪀒	dʲɛt4/diet4	
𪀕	jɛj3/jiei3	
𪀗	kˠwi2/kɨui2	
𪀗	ŋˠwi2/ŋɨui2	
𪀘	dzʲɑŋ3/dzɨɔŋ3	
𪀚	sʲɨwŋ1/sɨuŋ1	
𪀠	zʲwin1/zyn1	
𪀥	ɖɛk4/ɖɯɛk4	
𪀦	ʈˠʰɨk4/ʈʰik4	
𪁁	ɡˠɨwk4/ɡɨuk4	
𪁍	qɑp4/kɑp4	
𪁘	ʔwɑŋ1/ʔuɔŋ1	
𪁙	ɴu1/ŋu1	
𪁛	jwɛk4/jyek4	
𪁜	lɑŋ1/lɑŋ1	
𪁞	dɨw1/dəu1	
𪁪	mɨwŋ2/muŋ2	
𪁪	mawŋ2/muaŋ2	
𪁾	ʔɑw2/ʔɑu2	
𪂅	tɕi1/tʃi1	
𪂆	mˠin1/mɨn1	
𪂈	jɛm1/jiem1	
𪂉	ɰwɨk4/ʉik4	
𪂌	tʰɑp4/tʰɑp4	
𪂸	sʲɨwk4/sɨuk4	
𪂽	bɨn1/bun1	
𪂿	dʲɛj1/diei1	
𪂿	dʲɛj3/diei3	
𪃃	vuk4/bvuk4	
𪃄	sɑj1/sɑi1	
𪃈	qat4/kɯat4	
𪃈	kʲɛt4/kiet4	
𪃍	ŋˠu1/ŋɨ̯u1	
𪃓	vɨw3/bvuəu3	
𪃦	mʲɛw1/mieu1	
𪃹	tsʲɛk4/tsiek4	
𪃹	tsʲɨk4/tsik4	
𪃾	juŋ1/jɨuŋ1	
𪄀	bɑn1/buon1	
𪄆	pʲʰɛj1/pʰiei1	
𪄉	ʔˠuŋ1/ʔɨuŋ1	
𪄛	sʲɨk4/sik4	
𪄭	tsʲʰit4/tsʰit4	
𪄮	ʁu3/ɦu3	
𪄱	ʈɛk4/ʈɯɛk4	
𪄱	tʲɛk4/tiek4	
𪄲	ɕɑŋ1/ʃɨɔŋ1	
𪄶	zʲip4/zip4	
𪄸	tsʲɛk4/tsiek4	
𪄹	ʑɑŋ1/dʒɨɔŋ1	
𪄻	ɕuŋ1/ʃɨuŋ1	
𪅂	tɕɑŋ1/tʃɨɔŋ1	
𪅃	pʲʰɛw1/pʰieu1	
𪅄	swɨt4/sut4	
𪅆	lˠi1/ɭi1	
𪅟	juŋ1/jɨuŋ1	
𪅮	mˠit4/mɨt4	
𪅲	xˠip4/hɨp4	
𪅶	tɕʰɑŋ2/tʃʰɨɔŋ2	
𪅺	χɨw1/həu1	
𪅼	lʲɛk4/liek4	
𪅾	kˠʰi1/kʰɨi̯1	
𪆁	si1/si1	
𪆃	dwɑn1/duon1	
𪆇	ɖˠɨw1/ɖiu̯1	
𪆫	ɡˠɨ1/ɡɨ̯u1	
𪆯	ɳawŋ1/ɳɯaŋ1	
𪆰	ʔat4/ʔɯat4	
𪆱	lˠɨw1/ɭiu̯1	
𪆶	tsʰɑn3/tsʰɑn3	
𪆷	dʐɨ1/dʐʅu1	
𪆻	tɑm2/tɑm2	
𪇖	lɑm1/lɑm1	
𪇗	qɨwk4/kuk4	
𪇘	ɖˠɨw1/ɖiu̯1	
𪇭	tsʰɑj3/tsʰɑi3	
𪇰	bɑw3/buɔu3	
𪇰	pɨwk4/puk4	
𪇰	pawk4/puak4	
𪇱	lɑk4/lɑk4	
𪇲	tsʲɛt4/tsiet4	
𪇴	mʲɛt4/miet4	
𪇹	lɑp4/lɑp4	
𪇼	nɑn1/nɑn1	
𪈁	tɕim1/tʃim1	
𪈓	kˠɨwk4/kɨuk4	
𪈜	lˠu2/ɭɨ̯u2	
𪈟	qat4/kɯat4	
𪈩	χwɑn1/huon1	
𪈮	man1/muan1	
𪈴	kˠwɑk4/kʉɔk4	
𪈻	ɡˠwɛn1/ɡʉon1	
𪈿	mɨn1/mun1	
𪉜	ʈam1/ʈɯam1	
𪉜	ʈam3/ʈɯam3	
𪉦	qɑm3/kɑm3	
𪉦	qam3/kɯam3	
𪉧	tʰɑm3/tʰɑm3	
𪉮	tsʰɨw3/tsʰəu3	
𪉯	qʰɑm3/kʰɑm3	
𪉱	bʲɛn3/bien3	
𪉸	ʔwɨn1/ʔun1	
𪉿	qʰɑm3/kʰɑm3	
𪉿	qɑm3/kɑm3	
𪊇	tʰɑm3/tʰɑm3	
𪊉	ʁwaj1/ɦuai1	
𪊍	zi3/zi3	
𪊑	kʲɛn1/kien1	
𪊑	kʲʰɛn1/kʰien1	
𪊑	kʲʰɛŋ3/kʰieŋ3	
𪊧	kʲwɛj1/kyei1	
𪊨	kˠi2/kɨi̯2	
𪋆	qwɨn1/kun1	
𪋇	tɕwi1/tʃyi̯1	
𪋎	ʔˠɨw1/ʔɨu̯1	
𪋐	nwɑn3/nuon3	
𪋝	sɨwk4/suk4	
𪋮	jɨ1/jɨ̯u1	
𪋮	jɨ3/jɨ̯u3	
𪋯	ɲu1/ɲʒɨ̯u1	
𪋯	sʲu1/sɨ̯u1	
𪌈	bʲi1/bi1	
𪌘	tʰɨw2/tʰəu2	
𪌣	qɛk4/kɯɛk4	
𪌯	swɨt4/sut4	
𪍑	tɕʰɛw2/tʃʰieu2	
𪍒	ʁu1/ɦu1	
𪍛	swɨt4/sut4	
𪍠	qʰɨwk4/kʰuk4	
𪍣	lɨw2/ləu2	
𪍦	lˠɛn2/ɭien2	
𪍴	lʲɛn1/lien1	
𪍶	ʑɛn3/ʒien3	
𪍺	ʁwan3/ɦuan3	
𪍿	qwɛŋ2/kuɛŋ2	
𪎂	lɑj1/lɑi1	
𪎓	mˠi2/mɨi̯2	
𪎕	mˠi1/mɨi̯1	
𪎣	lˠɨw1/ɭiu̯1	
𪎥	sʲɛk4/siek4	
𪎨	dɨw1/dəu1	
𪎭	mˠi1/mɨi̯1	
𪎮	xˠwi1/hɨui1	
𪎵	qʰɑŋ3/kʰɑŋ3	
𪎶	dwɨn1/dun1	
𪎽	tɕʰɨwŋ1/tʃʰɨuŋ1	
𪎽	tʰɨwŋ3/tʰuŋ3	
𪏂	ɖˠɛm1/ɖiem1	
𪏆	tʰwɨn1/tʰun1	
𪏆	tʰwɑn1/tʰuon1	
𪏉	ʈˠɛm1/ʈiem1	
𪏓	ʁwɛŋ1/ɦuɛŋ1	
𪏚	ɰun2/ɨun2	
𪏤	qwɑj3/kuoi3	
𪏮	ɲɨ2/ɲʒɨ̯u2	
𪏴	kˠin2/kɨn2	
𪏻	ʁu1/ɦu1	
𪏿	ʈˠu1/ʈɨ̯u1	
𪐂	kˠʰwɛn2/kʰʉon2	
𪐄	pʲi2/pi2	
𪐄	baj3/buai3	
𪐏	ʈɛk4/ʈɯɛk4	
𪐏	ʈˠɛk4/ʈiek4	
𪐙	pʰɨwk4/pʰuk4	
𪐝	dɑj3/dɑi3	
𪐤	ɰɨw1/ɨu̯1	
𪐴	ʈˠu2/ʈɨ̯u2	
𪐿	pʰawŋ1/pʰuaŋ1	
𪑊	tsʲʰɛw3/tsʰieu3	
𪑙	kˠim1/kɨm1	
𪑚	lɑj1/lɑi1	
𪑝	ʔˠɨwk4/ʔɨuk4	
𪑝	ɰwɨk4/ʉik4	
𪑝	xˠwɨk4/hʉik4	
𪑧	dʲɛp4/diep4	
𪑧	lʲɛp4/liep4	
𪑩	dʲɛn3/dien3	
𪑪	man1/muan1	
𪑬	ɖˠɨŋ3/ɖiŋ3	
𪑱	ʔɨwk4/ʔuk4	
𪑱	ʔawk4/ʔɯak4	
𪑾	ɲuk4/ɲʒɨuk4	
𪑿	tsi1/tsi1	
𪒀	bɑn1/buon1	
𪒄	mʲɛk4/miek4	
𪒑	tsʲʰɛk4/tsʰiek4	
𪒒	ʈˠʰuŋ1/ʈʰɨuŋ1	
𪒘	ɖˠɨŋ3/ɖiŋ3	
𪒜	mat4/muat4	
𪒟	dzɨŋ3/dzəŋ3	
𪒠	ʔam2/ʔɯam2	
𪒠	ʔam3/ʔɯam3	
𪒬	ɳˠuŋ1/ɳɨuŋ1	
𪒴	dɑj1/dɑi1	
𪒴	tɑj1/tɑi1	
𪒹	qam1/kɯam1	
𪒿	dɨwŋ1/duŋ1	
𪓌	tswɑj3/tsuoi3	
𪓐	tʂʰɨ2/tʂʰʅu2	
𪓞	ɡˠu1/ɡɨ̯u1	
𪓞	qɨw1/kəu1	
𪓬	mʲɛj1/miei1	
𪓰	tsʲʰɨw1/tsʰiu̯1	
𪓷	ɣʲɛj1/ɦiei1	
𪓹	ma1/mua1	
𪓿	ɕi1/ʃi1	
𪔅	ɰun1/ɨun1	
𪔔	pʰawŋ1/pʰuaŋ1	
𪔗	ʔˠin1/ʔɨn1	
𪔜	dɨwŋ1/duŋ1	
𪔢	lɨwŋ1/luŋ1	
𪔧	tʲʰɛp4/tʰiep4	
𪔪	tsʲʰip4/tsʰip4	
𪔰	ɰim3/ɨm3	
𪔳	lˠɨwŋ1/ɭɨuŋ1	
𪔵	vun1/bvun1	
𪔿	pʰɨwk4/pʰuk4	
𪕊	tsi1/tsi1	
𪕋	lˠɨw1/ɭiu̯1	
𪕋	lˠɨw2/ɭiu̯2	
𪕌	lʲɛŋ1/lieŋ1	
𪕍	kʲwɛŋ1/kyeŋ1	
𪕎	ɲuŋ2/ɲʒɨuŋ2	
𪕏	jɨw3/jiu̯3	
𪕔	ɲi2/ɲʒi2	
𪕞	tsʲwin3/tsyn3	
𪕭	ʔɑj3/ʔɑi3	
𪕯	ɣʲɛt4/ɦiet4	
𪕯	ɣʲɛk4/ɦiek4	
𪕱	ʁu1/ɦu1	
𪕶	ʔɛk4/ʔɯɛk4	
𪕶	ʔʲɛk4/ʔiek4	
𪕸	qɨwk4/kuk4	
𪕹	dɑŋ1/dɑŋ1	
𪖂	lˠi1/ɭi1	
𪖇	vɛn1/bvuɐn1	
𪖎	dʐam1/dʐɯam1	
𪖛	kˠʰɨw3/kʰɨu̯3	
𪖥	xˠi2/hɨi̯2	
𪖵	ʔɨwŋ3/ʔuŋ3	
𪖶	swɨt4/sut4	
𪖼	tsʲim1/tsim1	
𪗂	dʐam1/dʐɯam1	
𪗉	tsi1/tsi1	
𪗋	tsi1/tsi1	
𪗍	dzʲɛj1/dziei1	
𪗔	pʰat4/pʰuat4	
𪗙	ɴan2/ŋɯan2	
𪗛	ŋˠɛn2/ŋɨen2	
𪗨	dʐit4/dʐʅᵊt4	
𪗪	ɕi1/ʃi1	
𪗭	ʈa1/ʈɯa1	
𪗶	dʐaj1/dʐɯai1	
𪗻	ʈˠit4/ʈit4	
𪗻	dʲɛt4/diet4	
𪗾	ʁat4/ɦɯat4	
𪗾	χat4/hɯat4	
𪘁	ʁɑp4/ɦɑp4	
𪘁	tʰɑp4/tʰɑp4	
𪘏	tʂʰɨwk4/tʂʰʅuk4	
𪘏	tʂʰawk4/tʂʰɯak4	
𪘓	tsʰɑ1/tsʰɑ1	
𪘓	dzɑ1/dzɑ1	
𪘘	ʁap4/ɦɯap4	
𪘧	tʂʰit4/tʂʰʅᵊt4	
𪘧	dzwɨt4/dzut4	
𪘨	ʈaj1/ʈɯai1	
𪘩	ŋˠun2/ŋɨun2	
𪘪	dʐan3/dʐɯan3	
𪘲	ɴaj1/ŋɯai1	
𪙊	ŋˠɛm1/ŋɨem1	
𪙊	ɴam1/ŋɯam1	
𪙊	ŋˠɛm3/ŋɨem3	
𪙌	tsʲʰɛt4/tsʰiet4	
𪙍	pɑk4/puɔk4	
𪙤	ŋˠin2/ŋɨn2	
𪙧	ɡˠi1/ɡɨi̯1	
𪙷	lɑp4/lɑp4	
𪙽	lʲɛk4/liek4	
𪚀	lˠɛn1/ɭien1	
𪚗	lɨwŋ1/luŋ1	
𪚝	lˠuŋ1/ɭɨuŋ1	
𪚠	lˠuŋ1/ɭɨuŋ1	
𪚦	kˠwi1/kɨui1	
𪚱	tsʲɛw1/tsieu1	
𪛊	ŋˠin1/ŋɨn1	
𪛋	tɕʰɑŋ3/tʃʰɨɔŋ3	
