#漢字	音標	解釋
㐁	tʰam3	
㐁	tʰjɛm3	
㐄	kʰwa2	
㐄	kʰwa3	
㐆	ʔi1	
㐆	ʔin2	
㐭	ˀlim2	
㐱	tʂin2	
㐲	daj3	
㐸	kʰjɛm3	
㑁	tɻyt4	
㑃	ʔaw3	
㑉	siwk4	
㑗	ʂin1	
㑙	tjɛp4	
㑛	suk4	
㑛	ʂywk4	
㑜	ji3	
㑜	tɻʰi3	
㑞	jiŋ3	
㑟	piˤŋ2	
㑥	ji3	
㑦	li3	
㑮	ɣun1	
㑮	ŋun1	
㑳	tʂu1	
㑳	dʐɨw3	
㑳	nap4	
㑵	dzit4	
㑻	mat4	
㑿	dʐaw3	
㒄	ˀɻjɛn2	
㒄	ʂjɛn2	
㒅	kʲʰi2	
㒇	ˀʋu2	
㒈	xam3	
㒊	ʂɨp4	
㒋	sɨ1	
㒌	ɡʲʰyjŋ1	
㒓	tʰat4	
㒔	duk4	
㒔	ʐywk4	
㒚	ʔun2	
㒚	ʔin3	
㒝	ʋat4	
㒝	mʲjɛt4	
㒟	ˀnjɛw2	
㒠	ɣaj3	
㒥	fuŋ1	
㒰	dzʰɥɛn1	
㒳	ˀljɑŋ2	
㒴	kut4	
㒸	zyj3	
㒹	tjɛn1	
㒼	mwɑn1	
㒽	kʰɥɛn1	
㒾	ji3	
㒾	ʂjɨ3	
㓃	tu3	
㓃	tɻa3	
㓄	tɻim3	
㓊	duŋ3	
㓖	pʲit4	
㓚	kuŋ1	
㓝	ɣʲiŋ1	
㓞	kʰat4	
㓠	tjɛm2	
㓢	lɑk4	
㓣	kʰap4	
㓤	kʰat4	
㓱	dʰɨw1	
㓳	ti1	
㓷	ŋi3	
㓹	tsʰyj3	
㓺	kjɛn1	
㓻	kɑŋ1	
㓼	tʂʰɨt4	
㓽	dʐʰuŋ1	
㓽	dʐuŋ3	
㔄	sywk4	
㔆	dzam3	
㔊	tʂjɛn2	
㔋	kam1	
㔋	ɣam3	
㔋	lam3	
㔋	kam3	
㔌	dzʰɨw1	
㔌	dzɨw3	
㔍	tʂʰwat4	
㔎	ŋit4	
㔎	sjɛt4	
㔏	lik4	
㔒	ɣʲyj1	
㔓	kjɛn2	
㔗	vʲi3	
㔙	piˤŋ1	
㔝	ˀljɑŋ2	
㔞	kʰwaj1	
㔠	xat4	
㔡	pʲjɛt4	
㔢	tsɥɛt4	
㔣	luj1	
㔣	luj3	
㔥	baj3	
㔩	ʔɑp4	
㔪	ˀlu2	
㔮	nʌ1	
㔯	zɥɛn1	
㔴	jik4	
㔶	kɑm2	
㔶	kuŋ3	
㔸	tʰi1	
㔹	lɨjk4	
㔻	pʰi1	
㕀	jiw1	
㕆	tu2	
㕆	ɣu3	
㕇	lap4	
㕈	ʔi2	
㕈	ʔɑj2	
㕈	ʔuj3	
㕊	fu1	
㕋	ɡʰim1	
㕎	kʰɑp4	
㕒	ŋyj1	
㕗	ˀjiw2	
㕙	tsʰyn1	
㕙	tsyn3	
㕚	tʂaw2	
㕛	ˀɰiw2	
㕞	ʂwat4	
㕟	kʰwaj3	
㕡	xɑk4	
㕢	ɣaj3	
㕢	kɑj3	
㕣	ˀjɥɛn2	
㕦	ɣwa3	
㕧	xi3	
㕬	tʂywŋ1	
㕭	ʔaw1	
㕮	fu2	
㕮	vu3	
㕯	nut4	
㕯	nwat4	
㕯	ɻɥɛt4	
㕰	xak4	
㖃	ɣɨw3	
㖃	xɨw2	
㖃	xɨw3	
㖅	syt4	
㖏	njɛt4	
㖑	xaj3	
㖒	dʰi1	
㖘	tʂin1	
㖟	ʐiw3	
㖥	ɡyn3	
㖩	tsɥu1	
㖪	xwiˤk4	
㖷	dʐʰjɨ1	
㗁	ŋɑk4	
㗉	ljɑk4	
㗊	tʂɨp4	
㗔	kʰjɛn1	
㗕	kɨw1	
㗗	pi2	
㗘	pɑk4	
㗙	nap4	
㗚	lit4	
㗛	sjɛw3	
㗢	ɣuŋ1	
㗢	duŋ3	
㗢	ɣuŋ3	
㗤	tsiwk4	
㗦	lɑw1	
㗧	tɻit4	
㗧	tjɛt4	
㗨	xaj1	
㗩	sip4	
㗫	tsʰjɛt4	
㗬	tɻʰa1	
㗱	tsip4	
㗲	ɣwiˤk4	
㗴	ŋan1	
㗵	xyt4	
㗻	kwʌ1	
㗻	ɣwʌ1	
㗼	ŋjɛp4	
㗾	xɥa1	
㗿	xʌ2	
㗿	xa2	
㗿	xa3	
㘀	tsɑk4	
㘀	tswɑk4	
㘁	jik4	
㘆	tʰaj2	
㘈	ŋi3	
㘈	ŋik4	
㘉	tʂɨt4	
㘋	ɣʲjɛn3	
㘋	ɣʲjɛn1	
㘌	ɡik4	
㘓	lan1	
㘙	ŋik4	
㘝	nip4	
㘝	nap4	
㘠	pik4	
㘣	xʲɥɛn1	
㘣	zɥɛn1	
㘥	jiw1	
㘨	njɛp4	
㘰	tʂim1	
㘱	tʰam1	
㘲	kiwk4	
㘻	ʔʲin1	
㘿	njɛt4	
㙀	liw3	
㙁	muk4	
㙃	piˤŋ1	
㙄	bʲi3	
㙇	tɻʰywk4	
㙊	dɻʰjɑŋ1	
㙏	fuk4	
㙙	ˀlywŋ2	
㙠	ʔʲi1	
㙠	ʔʲi3	
㙤	xa3	
㙨	ɡʰi1	
㙩	ljɛw1	
㙩	ljɛw3	
㙪	ʔi3	
㙪	ʔʲi3	
㙱	ɣɑw3	
㙴	tʂʰjɛm3	
㙷	dɻip4	
㙷	dɻjɛp4	
㙻	dɻʰjɛn1	
㚀	xi1	
㚁	kʰjɛw3	
㚂	nɑŋ3	
㚃	ʔyn1	
㚅	liwŋ1	
㚇	tsuŋ1	
㚇	tsuŋ3	
㚊	kʰɑj1	
㚋	tjɛw1	
㚍	kʰuj2	
㚒	ʂjɛm2	
㚒	ʂik4	
㚔	njɛp4	
㚖	kɑw2	
㚖	tʂʰik4	
㚗	dzʰja1	
㚘	bwɑn3	
㚛	xʲi3	
㚛	xʲjɛt4	
㚜	ɰyjk4	
㚠	xʲjɛw1	
㚠	kʲʰjɛw1	
㚢	nu1	
㚤	jik4	
㚫	sap4	
㚲	tʂʰjɛm1	
㚲	tʂʰjɛp4	
㚷	ˀnaj2	
㛁	pʰiˤŋ1	
㛂	ˀŋwʌ2	
㛂	ˀnwʌ2	
㛄	ʔi1	
㛅	ɻjɨ3	
㛊	twʌ3	
㛍	xjɛm2	
㛍	kʲʰjɛp4	
㛍	xʲjɛp4	
㛐	sɑw2	
㛑	tsʰan3	
㛒	dɨw3	
㛗	swʌ1	
㛗	tsʰwʌ1	
㛘	pʰut4	
㛥	tʰap4	
㛧	ˀmɑm2	
㛪	ʔjɛm3	
㛮	sɑw2	
㛱	ʔuj2	
㛳	tʂi3	
㛳	ji3	
㛴	ˀnɑw2	
㛶	tʰan3	
㛹	bʲʰjɛn1	
㛼	tʂʰap4	
㜅	xiwk4	
㜇	ʔʲyj3	
㜊	tɻjɛn2	
㜌	kʰɨw3	
㜎	ɣʲi1	
㜓	tap4	
㜗	tsʰam1	
㜗	tsʰam2	
㜗	tsʰap4	
㜘	tsja1	
㜝	ˀŋɑm2	
㜝	ɣɑm3	
㜢	ˀlɥu2	
㜣	ɻjɛn1	
㜣	ʂjɛn2	
㜣	njɛn3	
㜤	ʂim2	
㜤	ˀnjɛm2	
㜪	ʂɨn1	
㜮	lam3	
㜰	jɑk4	
㜰	ʂjɑk4	
㜲	jiŋ1	
㜳	ɣwaj1	
㜵	ˀnjɛw2	
㜷	mʲi1	
㜸	ŋjɛt4	
㜺	tsan3	
㜺	dzan3	
㜽	tsɨ2	
㝂	tʂi3	
㝃	ˀʋan2	
㝃	ˀmjɛn2	
㝅	ˀnɨw2	
㝅	kɨw3	
㝈	ʂwan3	
㝌	ˀjiw2	
㝌	kiw3	
㝏	kaj3	
㝐	jywŋ1	
㝖	ŋi1	
㝗	lɑŋ1	
㝗	ˀlɑŋ2	
㝞	ʔa1	
㝢	ˀɰɥu2	
㝣	ʔʲi3	
㝣	ʔʲjɛt4	
㝤	kɨw3	
㝩	kʰɑŋ1	
㝩	kʰɑŋ2	
㝪	tjɛm3	
㝪	tjɛp4	
㝯	ɡʰjɛw1	
㝰	mʲjɛn1	
㝱	muŋ3	
㝸	bjɛn3	
㝻	ɡin3	
㝼	ʔɥu1	
㝾	tsʌ2	
㝾	tsʌ3	
㝿	pwʌ2	
㞁	jɛw3	
㞂	tʰuj2	
㞄	ʔɑm1	
㞄	ʔɑm2	
㞆	ki2	
㞆	kʰi3	
㞇	ʔuj2	
㞋	ˀnjɛn2	
㞋	ˀɻɥɛn2	
㞏	dɻip4	
㞒	xaj3	
㞓	kʲʰi3	
㞙	njɛw3	
㞚	tʂʰɨp4	
㞚	tʂap4	
㞚	ʂap4	
㞛	ki2	
㞜	tʰuj1	
㞟	tiŋ2	
㞟	djɛn3	
㞡	tɻjɛn2	
㞢	tʂjɨ1	
㞣	vun1	
㞣	fun1	
㞥	dʐʰɨm1	
㞦	ki2	
㞷	ɡʰɥɑŋ1	
㞽	xɥɛt4	
㟅	luŋ1	
㟅	ŋuŋ1	
㟅	ŋaŋ1	
㟉	lɑw1	
㟋	duj3	
㟌	maŋ1	
㟍	lɑŋ1	
㟎	tʰuj2	
㟎	tʰwʌ2	
㟏	xɑm1	
㟐	ˀmɑŋ2	
㟐	mɑŋ3	
㟛	dzam3	
㟞	dʐan3	
㟳	lit4	
㟸	kɑw1	
㟽	pʲjɛw2	
㟾	jywŋ1	
㠆	tan1	
㠇	dziw3	
㠊	kʰjɯ1	
㠍	tsip4	
㠑	dzyj3	
㠑	dzuj3	
㠒	pʲjɛw1	
㠔	paj3	
㠖	ˀŋi2	
㠛	ʔwiˤk4	
㠠	ljɯ1	
㠢	ɣwaj1	
㠥	lyj1	
㠦	fuŋ1	
㠭	tɻjɛn2	
㠯	ˀji2	
㠴	ɻit4	
㠵	xwɑŋ1	
㠷	kɑp4	
㠸	fu1	
㠹	kaj3	
㠺	mʲjɛw1	
㠽	dʰuŋ1	
㠾	ʔɥɛn1	
㠿	tsɨ1	
㡀	bʲi3	
㡁	kʰwa2	
㡅	ˀnʌ2	
㡆	xwɑŋ1	
㡇	tjɛm1	
㡇	tɻjɛp4	
㡇	tʰjɛp4	
㡉	kʲjɛn1	
㡊	kʰap4	
㡋	ʔjɛp4	
㡏	ʂu1	
㡏	ʂu3	
㡑	tsʰjɛw1	
㡑	tsjɛw2	
㡒	dɻʰyn1	
㡒	tɻyn1	
㡒	dun3	
㡓	kun1	
㡔	mu1	
㡔	ʋu3	
㡔	muk4	
㡗	dʰi1	
㡗	xʲi1	
㡘	ljɛm1	
㡙	pʲi1	
㡜	ʂaj3	
㡜	sjɛt4	
㡜	sɥɛt4	
㡝	vuŋ3	
㡟	tsɑw1	
㡟	tsʰɑw1	
㡥	ʔin3	
㡧	tɻiˤŋ3	
㡨	tsʰjɛm1	
㡨	tsjɛm1	
㡯	dɻiˤk4	
㡲	ɣwan1	
㡷	pun2	
㡹	tsʰɨ3	
㡺	tan3	
㡼	ji3	
㡿	tʂʰik4	
㢀	tsʰɨ3	
㢁	tʂʰjɨ2	
㢂	ˀŋjɛm2	
㢅	luŋ3	
㢈	dʰuj1	
㢊	ʔaj2	
㢋	tʂʰjɨ2	
㢏	dʰɨw1	
㢒	dʐʰa1	
㢓	tʂjɑŋ3	
㢔	tsuŋ2	
㢖	pʰwɑn1	
㢗	kʰjɛw3	
㢚	lu1	
㢚	ˀlu2	
㢝	su1	
㢟	tɻʰjɛn1	
㢟	tɻʰjɛn2	
㢡	tsjɑŋ2	
㢥	duŋ3	
㢨	ɣɑn3	
㢰	bi3	
㢵	xjɛp4	
㢸	bit4	
㢻	nyj3	
㢼	pʲjɛt4	
㢾	kʲɥɛn3	
㣁	bi3	
㣂	ŋiˤk4	
㣅	dzam3	
㣇	ji3	
㣇	di3	
㣈	sɨ3	
㣌	ʂam3	
㣎	muk4	
㣑	jywŋ1	
㣙	dik4	
㣝	siwŋ1	
㣟	xʲit4	
㣤	dzjɛn3	
㣫	tʂywŋ2	
㣭	tsuŋ1	
㣱	dʐiˤk4	
㣶	tɻan1	
㣻	ŋi3	
㣿	tjɛw2	
㣿	tʂjɑk4	
㣿	tik4	
㤄	pʰuj3	
㤄	fʲi3	
㤄	fat4	
㤄	pwɑt4	
㤅	ʔɑj3	
㤆	fan3	
㤇	ʔɑw2	
㤉	kʰa1	
㤊	ɰaw1	
㤊	ɣaw3	
㤍	kʰaw1	
㤎	kʌ1	
㤏	dʰuŋ1	
㤒	kɑw1	
㤕	tɻʰyt4	
㤕	tɻyt4	
㤝	tʂʰiwŋ1	
㤞	dɑk4	
㤠	ljɛt4	
㤥	ɣɑj3	
㤨	kywŋ2	
㤩	kʰɑk4	
㤮	kɥɑŋ3	
㤮	ɰɥɑŋ3	
㤱	fɨw2	
㤱	fɨw3	
㤲	kʲʰjɛp4	
㤴	tʂʰjɛp4	
㤴	tɻʰjɛp4	
㤸	xʲik4	
㤻	ˀlun2	
㤾	sam3	
㤿	ʔʲjɛm1	
㤿	ʔjɛm3	
㥂	tʰɨjk4	
㥄	liŋ1	
㥆	tʰuj3	
㥆	tʰut4	
㥈	djɛp4	
㥊	bʰiˤŋ1	
㥋	ʔi1	
㥋	ʔi2	
㥌	kiwk4	
㥏	tʰjɛn2	
㥒	tsʰaj2	
㥓	kʰi1	
㥓	kʰi2	
㥚	jɥu1	
㥚	ˀjɥu2	
㥛	kik4	
㥜	ɰyj3	
㥝	ˀmʲi2	
㥟	ɣaj1	
㥠	sjɯ1	
㥠	sjɯ2	
㥢	dzʰiw1	
㥦	kʲʰjɛp4	
㥨	ʐyj3	
㥯	ʔin2	
㥯	ʔin3	
㥴	ji1	
㥴	ˀji2	
㥶	sɨjk4	
㥽	tʂʰiˤk4	
㥾	nit4	
㥾	nik4	
㦁	ljɛn1	
㦃	ʂan2	
㦃	tʂʰan2	
㦃	tʂʰwan2	
㦄	ma1	
㦅	djɛt4	
㦌	xut4	
㦎	xwiˤk4	
㦒	li1	
㦓	ɣʲjɛn3	
㦗	kim1	
㦚	pʲjɛn2	
㦚	bʲjɛn3	
㦛	jɯ1	
㦛	ˀjɯ2	
㦜	ɣwɑk4	
㦝	mak4	
㦟	maj1	
㦣	tsi3	
㦣	ɰyj3	
㦣	ŋʲi3	
㦦	xʲik4	
㦬	ˀlʌ2	
㦰	tsjɛm1	
㦴	kiˤk4	
㦵	tɻɥu1	
㦺	ɻywk4	
㦼	ʂwaŋ3	
㦿	kʰam2	
㧀	ɡip4	
㧁	kʰjɯ3	
㧁	kɑp4	
㧁	kʰɑp4	
㧁	ɣɑp4	
㧄	kʰjɛm2	
㧆	kin3	
㧉	kɑj3	
㧊	pʰwɑt4	
㧒	ɰyt4	
㧓	kwa1	
㧔	kwaj3	
㧖	ʔiˤk4	
㧗	tsɨ2	
㧗	tʂɨ2	
㧗	tsi2	
㧘	dʐʰaj1	
㧘	ɡi3	
㧘	dzɨ3	
㧡	ɣɑj3	
㧢	ʔʲin1	
㧦	xʲɥɛn3	
㧬	kywŋ2	
㧲	sam2	
㧳	kat4	
㧴	ˀŋʌ2	
㧶	kʰiˤŋ1	
㧹	tʰɨjk4	
㧺	dap4	
㧻	tɻwak4	
㧾	kʰut4	
㨁	dɻi3	
㨁	ʐik4	
㨅	nyj3	
㨋	tʂʰja2	
㨍	pɑŋ1	
㨎	ɻɥɛt4	
㨏	tʰan1	
㨐	pɨw2	
㨒	kʲʰyj1	
㨖	tɻi2	
㨖	tɻi3	
㨙	ɣaj1	
㨙	ɣʲi3	
㨝	sjɛt4	
㨞	su3	
㨟	kɑj1	
㨟	ɣɑj1	
㨠	ˀmʲjɛn2	
㨡	ɣun1	
㨡	ɣut4	
㨤	kʰwaj1	
㨥	nap4	
㨨	tɻʰiw1	
㨵	tsjɛn2	
㨶	tɑw2	
㨷	ɡʰin1	
㨷	kin3	
㨹	tsyj3	
㨹	sɥɛt4	
㨻	dzʰam1	
㨻	ʂam2	
㨾	jɑŋ3	
㩇	xwiˤk4	
㩇	ɣwiˤk4	
㩉	lap4	
㩉	tap4	
㩊	sɥɛn1	
㩋	sjɛw1	
㩋	sjɛw2	
㩋	sjɛw3	
㩋	ʂuk4	
㩋	siwk4	
㩒	ɡʰim1	
㩓	xyj2	
㩢	mʲi3	
㩢	mat4	
㩢	mʲjɛt4	
㩤	fu1	
㩧	bak4	
㩧	pʰak4	
㩨	ɣʲyj3	
㩩	kʲʰyjŋ2	
㩱	tsjɑk4	
㩳	sywŋ2	
㩵	dzat4	
㩵	ŋɑt4	
㩹	djɛp4	
㩻	kʰi1	
㩻	kyj3	
㩼	tʂjɨ1	
㩼	tʂjɨ3	
㩽	ɡʰi1	
㩾	tɻyj1	
㩿	kʰut4	
㪁	ɡʰim1	
㪁	kʰɑm1	
㪁	kʰjɛm1	
㪁	kʰjɛm3	
㪃	xʌ2	
㪆	ti2	
㪇	sjɛn3	
㪋	xʌ2	
㪋	ɣɑn3	
㪌	suŋ2	
㪍	but4	
㪏	pʲi2	
㪏	pʲi3	
㪐	lut4	
㪑	ʔjɛp4	
㪒	ŋʲi1	
㪒	ˀŋʲi2	
㪖	luk4	
㪖	lywk4	
㪜	tʂʰwɨ2	
㪜	tʂʰɥɛn2	
㪜	twʌ2	
㪝	ljɛn3	
㪡	kʰɑj3	
㪢	ʂaw2	
㪤	pʲit4	
㪥	tʂa1	
㪩	siwk4	
㪬	dɻwak4	
㪬	tɻʰwak4	
㪭	lu1	
㪵	pwɑn3	
㪷	tɨw2	
㪹	ˀlɨw2	
㪺	kɥu1	
㪻	fan3	
㫂	tʂjɯ3	
㫃	ʔjɛn2	
㫊	ʔʌ2	
㫍	jɛw1	
㫎	xyj1	
㫏	ʔʲjɛw2	
㫐	ʔʲjɛw1	
㫐	ʔʲjɛw2	
㫘	mit4	
㫚	xut4	
㫱	ˀnan2	
㫹	ʂɯ3	
㫽	lywk4	
㬄	tɻʰan3	
㬉	ˀnwɑn2	
㬊	ɣwɑn3	
㬒	ˀmɑŋ2	
㬓	pʲʰjɛw3	
㬗	njɛn3	
㬜	tsin3	
㬝	suŋ1	
㬤	kʰip4	
㬫	ʔʲjɛn3	
㬮	nan1	
㬮	nan3	
㬱	tʰi3	
㬵	ɰaw1	
㬻	xwɑŋ2	
㭁	ɻiŋ1	
㭁	ɻiŋ3	
㭂	tsjɛw2	
㭈	kʲɥɛt4	
㭊	sik4	
㭋	baŋ3	
㭔	lu1	
㭔	ˀlu2	
㭕	kʰjɯ1	
㭘	ɣɑp4	
㭘	kɑp4	
㭘	ɡjɛp4	
㭚	ˀljɯ2	
㭛	pʰaj3	
㭜	ɻiwŋ1	
㭝	ɡʰiw1	
㭠	sjɛn2	
㭩	lwɑt4	
㭩	lɥɛt4	
㭫	dzʰwʌ1	
㭭	pat4	
㭭	pʲjɛt4	
㭯	tɻjɛp4	
㭰	tsyj1	
㭰	tsyj2	
㭸	dʰu1	
㭺	ʔjɛm2	
㭼	dap4	
㭼	tʰap4	
㭿	ŋɑŋ1	
㮁	ɰaw1	
㮂	kywk4	
㮃	ʔyj1	
㮅	tʂyj1	
㮇	tʰjɛm3	
㮌	mʲjɛn1	
㮍	tsjɛn1	
㮐	siŋ2	
㮕	ˀɻɥɛn2	
㮖	kat4	
㮘	mɑw1	
㮙	ŋɑk4	
㮚	lit4	
㮝	ɣiˤk4	
㮢	ɣɨw1	
㮤	zywŋ1	
㮥	bun3	
㮦	sɑk4	
㮧	ʔu1	
㮨	tsik4	
㮩	sik4	
㮫	ɣɑt4	
㮬	ʔuŋ1	
㮭	ɣam1	
㮯	ɣun1	
㮯	ɣun3	
㮰	bʲʰi1	
㮲	tʂʰɨw1	
㮴	sɑw1	
㮶	ʂwak4	
㮷	kʲi1	
㮿	pʲit4	
㯁	bʰuj1	
㯂	taj3	
㯃	tsʰit4	
㯄	tʂjɨ1	
㯅	bʰi1	
㯅	bʲʰi1	
㯅	pʲi1	
㯉	tɻʰjɯ1	
㯊	ɣɨn1	
㯋	kʲyjŋ2	
㯍	tsjɑŋ2	
㯓	tʰap4	
㯔	tsʰyj3	
㯔	tʂʰwaj3	
㯕	si1	
㯙	dɻjɛt4	
㯚	tap4	
㯛	ɣu1	
㯞	kʲɥɛn3	
㯟	luk4	
㯠	kʲʰjɛn3	
㯡	bʰaw1	
㯫	ɡʰjɯ1	
㯬	ˀljɛm2	
㯮	ʐywk4	
㯯	kuŋ3	
㯱	bʲʰjɛw1	
㯱	pʰɑw1	
㯲	kim3	
㯸	tsin2	
㯺	xɑm2	
㯺	ɣam3	
㯻	kun2	
㯿	jɛp4	
㯿	ljɛp4	
㰁	ˀlʌ2	
㰂	ʂim2	
㰈	ˀljɛm2	
㰊	zjɛm1	
㰋	bʲʰin1	
㰍	luŋ1	
㰘	ji1	
㰚	li1	
㰠	xɑŋ1	
㰢	kʰiˤŋ1	
㰣	tsɨ1	
㰣	tsɨ3	
㰤	xʌ2	
㰤	xʌ3	
㰤	kʰa3	
㰥	xʲi3	
㰦	kʰja1	
㰦	kʰjɯ3	
㰨	xaj1	
㰪	kʲyj1	
㰪	ʔaj1	
㰬	syn1	
㰭	xɥu1	
㰮	ʐin3	
㰯	tʰɨw3	
㰯	xɨw3	
㰰	xap4	
㰲	ʔiwk4	
㰲	tʂywk4	
㰲	xyjk4	
㰳	ʔa3	
㰴	pʰɨw3	
㰵	tsyt4	
㰶	bjɛw3	
㰹	xam1	
㰻	ʔi2	
㰼	ʂap4	
㰽	ʔjɛn3	
㰾	kʲjɛw3	
㰾	kʲik4	
㱀	tʂʰwaj3	
㱂	kʰɑŋ1	
㱃	ʔim2	
㱄	xɨjk4	
㱇	xik4	
㱇	ʂiˤk4	
㱊	ʔiw1	
㱍	lwɑn1	
㱎	kun1	
㱒	xʌ1	
㱕	kyj1	
㱖	dzyj3	
㱙	xiw2	
㱚	dzʰan1	
㱚	ŋwat4	
㱞	ŋip4	
㱟	pʰi1	
㱟	pʰi2	
㱠	kʰu1	
㱡	ʂiˤŋ1	
㱡	ʂiˤŋ2	
㱣	tʰuj2	
㱤	sik4	
㱥	liŋ1	
㱥	lɨjŋ3	
㱦	kʰi1	
㱦	ki1	
㱦	ki2	
㱬	ʔuj2	
㱯	kɑj1	
㱯	ŋɑj1	
㱱	ɣuj3	
㱲	ʔʲi3	
㱴	dzɨ3	
㱵	fun3	
㱸	bʲik4	
㱻	luj3	
㱻	lwʌ3	
㱽	ɡʰim1	
㱽	tɻim2	
㱾	kʰɑj1	
㱿	kʰak4	
㲀	tʂin1	
㲀	dʐʰɨn1	
㲄	kʰuk4	
㲅	kʲi3	
㲈	dʐʰjɛw1	
㲉	kʰuk4	
㲉	kʰak4	
㲋	tɻʰjɑk4	
㲍	tʂjɨ1	
㲏	pʰɑw1	
㲓	ʂɥu3	
㲔	sjɛn1	
㲕	luj3	
㲕	lɥɛt4	
㲖	sjɛw1	
㲗	fu1	
㲚	ʂa1	
㲝	mɑw3	
㲞	sut4	
㲟	ʔiŋ2	
㲡	nɑj3	
㲢	bʲjɛn3	
㲥	dʰɑŋ1	
㲦	ɣɑn3	
㲪	tɨjŋ1	
㲫	buk4	
㲬	tsjɛw1	
㲰	niˤŋ1	
㲱	ljɛp4	
㲳	tɻit4	
㲺	tsit4	
㲼	ŋi3	
㲽	ʂjɑŋ1	
㲽	njɛn3	
㳀	kwʌ3	
㳁	tʂiˤk4	
㳂	jɥɛn1	
㳄	zjɛn1	
㳅	liw1	
㳐	dʐat4	
㳗	tʂʰaj3	
㳘	tʂʰiwŋ1	
㳛	jɥu1	
㳛	jiw1	
㳥	luŋ3	
㳦	ɣaj3	
㳧	tʂʰjɛp4	
㳨	tsat4	
㳬	zɥɛn1	
㳬	zɥɛn3	
㳶	ˀnɨw2	
㳹	ʔwɑŋ2	
㳻	tsʰu3	
㳻	tʂiˤk4	
㳻	ʂiˤk4	
㴂	tʰam1	
㴄	ʔwiˤŋ2	
㴐	mʲjɛn3	
㴒	jik4	
㴥	tsʰjɛw3	
㴦	kiwŋ1	
㴧	sik4	
㴫	kun3	
㴬	zja3	
㴯	tʂjɨ1	
㴲	sɨ1	
㴴	dɻam3	
㴸	ʂjɛm2	
㴽	sjɛt4	
㵂	ʂjɯ3	
㵋	ˀmaj2	
㵋	mʲik4	
㵐	kʰɥɛt4	
㵑	ɣʌ3	
㵒	vʲi3	
㵗	bʰiŋ1	
㵝	ji3	
㵞	dʐʰɨw1	
㵟	mi1	
㵟	ʋʲi1	
㵣	kʰɑt4	
㵧	kɑt4	
㵨	pʲʰi3	
㵩	ji3	
㵫	nip4	
㵶	tsat4	
㵶	tsjɛt4	
㵶	tsik4	
㵺	pʰaj3	
㵻	xiw1	
㵽	ˀluj2	
㵾	tʂʰiˤŋ3	
㵾	dziŋ3	
㵿	ɣʲjɛw3	
㶀	kaw1	
㶁	kwiˤk4	
㶄	jɛm1	
㶆	tʂjɯ1	
㶇	ɣwiˤŋ1	
㶇	ɣwiˤŋ3	
㶌	ljɛn1	
㶏	ʔin1	
㶏	ʔin2	
㶏	ʔin3	
㶒	tʰam3	
㶔	baj3	
㶕	kan2	
㶖	ʂiwk4	
㶗	van3	
㶘	djɛm3	
㶛	jɯ1	
㶟	lyj1	
㶟	ˀlyj2	
㶣	dʰam1	
㶣	dɻʰjɛm1	
㶧	ˀnun2	
㶳	dzin3	
㶴	tʂʰjɨ2	
㶼	xi1	
㶼	ʔɑj1	
㶿	but4	
㷄	xuj2	
㷄	kwɑn3	
㷅	tʂʰap4	
㷆	vɨw3	
㷇	kʰuj1	
㷉	ʔyj3	
㷒	ŋɥu1	
㷟	tʰuj1	
㷠	lin1	
㷤	xuk4	
㷭	fuŋ1	
㷮	tsɑw1	
㷰	li1	
㷰	tɻʰi1	
㷳	ŋɑn3	
㷷	tsyj1	
㷹	dɻaw3	
㸅	tsjɛt4	
㸊	laj3	
㸎	njɛp4	
㸏	mi1	
㸒	jim1	
㸙	tʂja1	
㸚	ˀli2	
㸚	li3	
㸛	dʐʰjɛw1	
㸡	dʐʰɥu1	
㸢	bi3	
㸣	ŋjɛp4	
㸤	pʲʰjɛn3	
㸪	ʐyn1	
㸪	zyn1	
㸬	puj3	
㸰	dʰwʌ1	
㸰	kʰwʌ1	
㸲	dzɑk4	
㸳	liŋ1	
㸶	ʔan1	
㸸	xɨw2	
㸸	ʔɨw2	
㸸	kʰɨw2	
㸹	lwɑt4	
㸹	lɥɛt4	
㸼	fuŋ1	
㹁	ljɑŋ1	
㹁	ljɑŋ3	
㹂	ɣan3	
㹂	kʲʰjɛn2	
㹂	ɣʲjɛt4	
㹃	fʲi3	
㹄	tsik4	
㹉	ŋɥɛn1	
㹊	ŋak4	
㹌	ʂan2	
㹍	dik4	
㹏	kin2	
㹒	pʰak4	
㹔	kjɑŋ1	
㹗	tʂʰiw1	
㹗	tʰɑw1	
㹘	ɻɥu3	
㹛	ɻjɛw1	
㹜	ŋin1	
㹞	ŋin1	
㹠	dʰun1	
㹤	kʰjɛp4	
㹥	tʂɥu3	
㹧	ʔɑŋ1	
㹭	ji3	
㹮	miˤk4	
㹯	xiw1	
㹱	tsʰywk4	
㹱	tsʰjɑk4	
㹲	xaw1	
㹳	ŋu1	
㹶	dʰiŋ1	
㹺	tʰap4	
㹼	kiwk4	
㹽	tʂʰan2	
㹾	bjɛw3	
㺁	ˀnɑw2	
㺂	ŋam1	
㺇	sɨ1	
㺊	jɑŋ3	
㺌	ɣʲjɛm3	
㺌	ɣam3	
㺎	jywŋ1	
㺏	lɥu1	
㺑	ʂam1	
㺑	ʂam2	
㺒	ɣaw3	
㺒	ˀnaw2	
㺔	xɑj3	
㺕	van1	
㺕	bjɛn3	
㺖	xam2	
㺖	ɣɑm3	
㺖	tʂʰam3	
㺗	tʂʰjɛn1	
㺛	tʂɥu3	
㺜	nuŋ1	
㺜	naw1	
㺜	nɑw1	
㺝	ɣam3	
㺞	jɯ1	
㺟	dɻwak4	
㺣	xi1	
㺥	dʐʰam1	
㺧	xjɛw1	
㺨	sɨ1	
㺪	pʰak4	
㺴	pat4	
㺹	bjɛn3	
㺿	ji1	
㻌	tʰu1	
㻍	ŋu1	
㻒	ɡyn3	
㻝	lat4	
㻞	pin1	
㻫	pʲit4	
㻬	tʰu1	
㻯	tʰu1	
㻶	pit4	
㻷	kik4	
㻸	tʂɨm1	
㻾	ʔywŋ1	
㻿	ʐywk4	
㼉	dɻim3	
㼋	ku1	
㼋	ˀɻjɯ2	
㼌	ˀjɥu2	
㼎	bak4	
㼏	ˀnuj2	
㼐	bʲʰjɛn1	
㼑	ljɛn3	
㼒	tʰɑŋ2	
㼔	ʔun1	
㼕	tɑŋ1	
㼗	dʰiŋ1	
㼛	ɣʲiŋ1	
㼟	piˤk4	
㼠	dʰʌ1	
㼡	dʐʰɥu1	
㼢	ji1	
㼤	kʲʰjɛt4	
㼦	kywŋ2	
㼧	dʰuŋ1	
㼪	tsjɛp4	
㼬	ɣiˤŋ3	
㼭	djɛm3	
㼮	tʂʰaj1	
㼯	tuŋ3	
㼰	bʲʰi1	
㼱	ɻɥu1	
㼱	ˀɻɥɛn2	
㼱	tsyn3	
㼲	ljɛp4	
㼳	ʂiˤŋ2	
㼴	ˀŋɨw2	
㼵	di3	
㼶	jɥu1	
㼸	jywŋ1	
㼹	kʰaŋ1	
㼹	kʰɑŋ1	
㼺	dʰɑŋ1	
㼻	dzʰuŋ1	
㼻	dʐʰwaŋ1	
㼽	tʂʰaŋ2	
㼽	ʂaŋ2	
㼾	luk4	
㼿	dʰuŋ1	
㼿	tʂywŋ3	
㽀	dɻiŋ3	
㽁	lik4	
㽃	pʰwɑn1	
㽄	sɨ1	
㽄	si1	
㽅	tɨjŋ1	
㽇	ɣuk4	
㽈	ŋi3	
㽉	ɣam3	
㽌	liw3	
㽎	xim1	
㽎	dʰam1	
㽐	xʲjɛm1	
㽑	dʰam1	
㽘	kɑŋ2	
㽚	tɻʰik4	
㽤	kiwk4	
㽥	ɻiw1	
㽦	zyn1	
㽨	dzʰʌ1	
㽩	tsʰam3	
㽬	pʰik4	
㽰	ʂɯ1	
㽱	kiw1	
㽱	kʲiw1	
㽱	kaw2	
㽲	xiw2	
㽳	xɥu1	
㽴	dɻjɑŋ3	
㽵	tʂaŋ1	
㽷	ʂyj3	
㽸	dʐʰim1	
㽹	fan3	
㽺	kip4	
㽺	xɑp4	
㽻	tʂjɨ1	
㽽	ku3	
㽾	ŋut4	
㽿	kwʌ1	
㽿	kʰwʌ1	
㾀	kʰjɛp4	
㾁	xut4	
㾂	xɑj1	
㾄	duk4	
㾆	tʂʰjɛm1	
㾆	ɻjɛm1	
㾇	muk4	
㾈	vu3	
㾉	liŋ1	
㾊	ʂiˤk4	
㾋	xiw1	
㾍	nɑj1	
㾏	kaj3	
㾐	li3	
㾑	tap4	
㾑	xɑp4	
㾑	ŋɑp4	
㾓	ʔʲɥɛn1	
㾕	ʂɨn1	
㾕	sun2	
㾕	ʂɨm2	
㾖	li1	
㾖	ˀli2	
㾙	xin2	
㾙	xin3	
㾛	tsʰim2	
㾜	kʲʰjɛp4	
㾞	jiw1	
㾢	laj1	
㾢	laj3	
㾤	kʰaŋ1	
㾦	pʰuj1	
㾧	kʰwʌ3	
㾨	ʔi1	
㾨	kʰi2	
㾩	kwaj1	
㾪	ʂiˤŋ2	
㾫	pʲʰjɛn1	
㾭	tʂɨw3	
㾯	xuj1	
㾰	ɣu1	
㾶	kut4	
㾷	sɨ1	
㾷	si1	
㾹	dʐʰaj1	
㾹	dʐaj3	
㾺	man3	
㾺	tɻʰan3	
㾺	ma3	
㾻	dɻʰjɯ1	
㾻	dɻjɯ3	
㾻	tɻʰjɯ3	
㾾	xʲjɛm1	
㿁	jɛw1	
㿃	tɻi3	
㿃	taj3	
㿄	ʔi1	
㿄	ʔaj3	
㿉	dʰuj1	
㿊	tsʰjɛn1	
㿋	sɑw3	
㿌	xjɛm1	
㿎	vun3	
㿑	jɑk4	
㿒	tɑw2	
㿒	dɻiw3	
㿓	kap4	
㿕	jɛm1	
㿖	lu1	
㿖	lu3	
㿙	pʰi3	
㿚	lʌ3	
㿛	li3	
㿟	kʲjɛw2	
㿣	xɑt4	
㿥	ɣuk4	
㿥	ɣak4	
㿩	tʰɑŋ2	
㿪	ɣwɑn1	
㿬	pa1	
㿭	tɻʰiˤk4	
㿮	ʔiŋ1	
㿮	ʔjɑŋ3	
㿯	tap4	
㿱	zɥɛt4	
㿳	tʂɨ1	
㿴	tap4	
㿷	tʂʰwɨ3	
㿷	tsʰɑw3	
㿸	ˀʋan2	
㿸	ʋan3	
㿺	pak4	
㿻	kɑn1	
㿼	ŋʲjɛn1	
㿿	ˀŋa2	
䀀	fam3	
䀁	ˀɰiw2	
䀁	ɰiw3	
䀂	ʔɑn1	
䀄	muŋ1	
䀈	kʰi3	
䀈	xi3	
䀉	ɡʰjɛw1	
䀊	ɣaw3	
䀊	kaw2	
䀏	ɣʲɥɛn3	
䀐	ʂam1	
䀐	ʂam3	
䀓	ɣwɑn3	
䀕	dɻin3	
䀗	kʲɥɛt4	
䀘	ɣʲyj1	
䀙	tsʰi3	
䀛	maj3	
䀛	mwɑt4	
䀠	kɥu1	
䀠	kɥu3	
䀡	tjɛm1	
䀡	tɻʰjɛm3	
䀡	tjɛm3	
䀢	ʂjɨ1	
䀢	ʂim2	
䀢	ʂyn3	
䀣	pi3	
䀣	mat4	
䀨	xwat4	
䀩	ljɑk4	
䀩	lɑk4	
䀫	kap4	
䀬	dzʰɥɛn1	
䀬	tʂwan1	
䀮	xwɑŋ1	
䀮	mɑŋ1	
䀰	kuk4	
䀴	ˀŋʲiŋ2	
䀵	ʂjɨ1	
䀶	ljɑŋ3	
䀷	kjɛp4	
䀸	tʂi3	
䀸	tɻʰi3	
䀸	tʂjɛt4	
䀹	tsjɛp4	
䀼	ɻin3	
䀽	jɛn1	
䁁	ljɑŋ3	
䁂	ɣan3	
䁅	ˀmiˤŋ2	
䁅	miˤŋ3	
䁆	ʔjɛp4	
䁇	mik4	
䁇	mujk4	
䁈	tu2	
䁈	kʲʰi3	
䁊	ni3	
䁊	ʔwɑt4	
䁋	djɛp4	
䁋	xʲjɛp4	
䁌	ɰyt4	
䁍	kʰap4	
䁎	dɻʰiˤŋ1	
䁒	tsip4	
䁓	tsuŋ2	
䁓	tsuŋ3	
䁓	kaj3	
䁔	xɥɛn1	
䁔	xɥɛn2	
䁔	ɣwɑn3	
䁘	ˀjɛw2	
䁙	ʔan3	
䁛	kyj3	
䁜	xwɑŋ2	
䁝	jyjŋ1	
䁝	ɣʲyjŋ1	
䁝	ʔwiˤŋ2	
䁢	zɥɛn1	
䁤	xʲyj2	
䁤	xʲyj3	
䁦	tsʰjɯ3	
䁨	xwɑk4	
䁩	ŋjɯ1	
䁬	dzʰɨjŋ1	
䁮	dzʰjɛm1	
䁮	dzjɛm3	
䁱	ʔɨw1	
䁱	kʰɨw1	
䁲	maj1	
䁳	ˀmɑŋ2	
䁴	tʂjɛn2	
䁴	ʂjɛn2	
䁵	pjɛn2	
䁷	ʔuk4	
䁷	kak4	
䁸	nwaŋ1	
䁺	ʂik4	
䁻	ʂjɑk4	
䁽	ljɛp4	
䁿	mujk4	
䂃	tsjɛw3	
䂄	xɥɑk4	
䂇	niwk4	
䂈	dʰuŋ1	
䂌	tʂʰywŋ1	
䂎	tswɑn2	
䂎	tswɑn3	
䂎	tsʰwɑn3	
䂏	tjɛw1	
䂐	tɻyt4	
䂐	tʂɥɛt4	
䂑	tsi1	
䂒	kʰat4	
䂕	xyj3	
䂚	ɰaw1	
䂪	kʲʰjɛw2	
䂫	ɣuŋ1	
䂬	ɡʰywŋ1	
䂬	kywŋ2	
䂭	kʰaw1	
䂮	ljɑk4	
䂳	tsʰwʌ2	
䂳	tʂʰwa2	
䂸	kwiˤk4	
䂹	ki2	
䂹	ʂiˤk4	
䂻	dɻiˤŋ3	
䂽	djɛw3	
䂿	dap4	
䃀	tsʰuj3	
䃁	ʔa1	
䃂	kun2	
䃊	tsjɯ2	
䃊	tsik4	
䃍	duj3	
䃒	ɣiˤk4	
䃓	kɨw3	
䃔	ɣuŋ1	
䃔	ɣuŋ3	
䃕	lwak4	
䃖	ʔu2	
䃗	tʂʰwak4	
䃚	tsʰuk4	
䃛	ljɛn1	
䃜	ʔʲi1	
䃞	ʐiwk4	
䃤	sjɛw2	
䃤	siwk4	
䃧	luŋ1	
䃩	naw1	
䃫	tam2	
䃬	ˀŋuj2	
䃭	kɑm2	
䃳	ljɛp4	
䃴	tʂjɯ1	
䃵	ˀnjɛw2	
䃸	sjɛm3	
䃺	mwʌ3	
䃽	kyj2	
䃾	pʲi2	
䃾	bʲi3	
䃾	pʲi3	
䃿	fu1	
䄃	ʔjɑŋ1	
䄆	ɣwɑt4	
䄆	kwat4	
䄈	dɨw3	
䄉	ŋʌ1	
䄌	tɻyj3	
䄍	dʐa3	
䄐	kʰɥɛn3	
䄓	ɣwiˤŋ1	
䄘	bʰiˤŋ1	
䄚	dzʰɑw1	
䄝	tɻʰwaŋ1	
䄠	ʐjɛn3	
䄤	laj3	
䄩	jik4	
䄪	tjɛw2	
䄬	ji1	
䄮	fu1	
䄱	fɑŋ1	
䄲	ɻyj3	
䄶	bit4	
䄶	but4	
䄷	ʐik4	
䄻	dɻʰaw1	
䄼	tʰjɛm2	
䄿	ji3	
䅀	li3	
䅀	ljɛt4	
䅁	ʔɑn3	
䅂	ɣɑk4	
䅃	ɡʰywŋ1	
䅃	ɡywŋ3	
䅊	dɻʰa1	
䅊	tɻa1	
䅊	dɻa3	
䅌	kʲɥɛn1	
䅏	ˀʋʲi2	
䅑	ɻyj1	
䅑	syj1	
䅓	kɥu2	
䅗	syj3	
䅘	laj1	
䅚	kʰɥɛn2	
䅜	dwʌ3	
䅜	ʐyj3	
䅝	kʰuŋ1	
䅡	sɥu2	
䅢	tsiw3	
䅣	ɣwɑŋ1	
䅥	kʰɑt4	
䅥	kjɛt4	
䅧	ʔʲjɛm1	
䅧	ʔim3	
䅩	tʂjɨ2	
䅬	ʔaj3	
䅭	bʰɑŋ1	
䅲	ɡʲʰi1	
䅳	dʐʰu1	
䅵	kuk4	
䅵	tʂjɑk4	
䅷	dʰu1	
䅹	ˀlɨw2	
䅻	li1	
䅼	man1	
䅾	ɡʰim1	
䅾	dʐʰɨm1	
䆀	ˀmuj2	
䆀	muj3	
䆁	kɑw1	
䆂	ljɛm1	
䆃	dɑw3	
䆄	tʂjɛn2	
䆅	dzʰɨ1	
䆊	dzyj3	
䆍	luŋ1	
䆎	sjɛm3	
䆏	vʲi3	
䆑	dɻʰiˤŋ1	
䆕	ʔʲɥɛt4	
䆘	ʔap4	
䆚	dʰuŋ1	
䆝	xʲɥɛt4	
䆞	ʔʲjɛw2	
䆞	ʔʲjɛw3	
䆟	kʰɑp4	
䆢	ʔʲɥɛt4	
䆨	niŋ1	
䆱	tʰam1	
䆱	tʰam3	
䆵	dɻʰiˤŋ1	
䆷	xʲɥɛt4	
䆸	tɻiˤŋ1	
䆽	ɡʰjɯ1	
䆾	lam1	
䆾	lam3	
䇂	kʰjɛn1	
䇎	tsʰjɑk4	
䇏	tuj2	
䇐	lyj3	
䇐	li3	
䇐	lip4	
䇑	ba3	
䇔	lwʌ3	
䇗	tʂywŋ1	
䇘	ɣu3	
䇜	kʰjɛm2	
䇞	kɑm1	
䇞	kɑm2	
䇦	ʔɑŋ2	
䇨	kuŋ3	
䇩	ji3	
䇫	ki1	
䇬	tʂʰɥu1	
䇮	ˀɻim2	
䇯	ɻywŋ1	
䇷	pjɛt4	
䇸	dɻʰiŋ1	
䇹	kyn1	
䇽	tʂi3	
䇾	ŋjɛn1	
䈀	san1	
䈀	san3	
䈁	lyn1	
䈂	bʲʰiŋ1	
䈃	tʂjɛw2	
䈄	ɣɑm1	
䈇	tɻaw3	
䈈	vʲi1	
䈉	tsjɛp4	
䈉	ʂap4	
䈋	tʰap4	
䈎	jɛp4	
䈎	tɻʰjɛp4	
䈏	bak4	
䈐	kuj3	
䈑	kwa2	
䈒	ˀnam2	
䈓	kɑt4	
䈕	dʐʰjɨ1	
䈖	kʰwʌ1	
䈗	swʌ2	
䈙	dɻiw3	
䈚	dʰaj1	
䈚	sɨ2	
䈚	daj3	
䈛	kʰuj1	
䈛	kʰwaj3	
䈛	kwaj3	
䈜	tsʰim3	
䈝	sjɯ1	
䈠	ɣwɑn3	
䈥	kin1	
䈪	xʲik4	
䈮	kɥu3	
䈰	ʂaw1	
䈱	tʰɑw1	
䈲	bʰwɑn1	
䈲	pwɑn1	
䈳	dap4	
䈵	ʔuŋ1	
䈵	ʔuŋ2	
䈶	jywŋ1	
䈸	ɣuk4	
䈺	tʂiwŋ1	
䈻	bʰu1	
䈿	mʲik4	
䉁	liŋ1	
䉂	ˀlyj2	
䉃	tsjɑŋ2	
䉈	san2	
䉈	sat4	
䉉	ɣu1	
䉉	ku1	
䉋	mi3	
䉌	zyj3	
䉎	dʰɑŋ1	
䉑	ʋu1	
䉑	mu1	
䉔	tsʰan1	
䉙	ɰyn1	
䉚	miˤŋ1	
䉛	ʔiwk4	
䉞	tam2	
䉠	mi1	
䉠	ʋʲi1	
䉢	ʂiˤk4	
䉣	sja3	
䉥	suŋ2	
䉦	tsʰjɛn1	
䉧	liw1	
䉧	ˀliw2	
䉨	ŋi3	
䉬	fʲi3	
䉭	ljɛp4	
䉮	lin3	
䉰	kaw1	
䉰	ɣaw3	
䉰	kaw2	
䉳	sjɛn1	
䉳	sjɛn2	
䉴	ɻjɑŋ1	
䉵	dʐwan3	
䉶	ʂwaŋ1	
䉷	ŋjɛm1	
䉹	liŋ1	
䉺	ɣuŋ1	
䉻	ɡʲʰi1	
䉽	pwɑn2	
䉾	pi3	
䊀	ɣu1	
䊆	ɡiw3	
䊈	muj1	
䊉	sam2	
䊊	ʋʲi3	
䊋	tʂaŋ1	
䊎	kʰɥɛn2	
䊓	dɻi3	
䊓	ʐjɨ3	
䊝	sit4	
䊝	sjɛt4	
䊞	tɻiˤk4	
䊟	mun1	
䊠	xi3	
䊡	mwɑn1	
䊤	dʰam1	
䊤	dam3	
䊦	ʔʲjɛt4	
䊧	pʲʰi3	
䊧	fʲi3	
䊫	tsʰuj2	
䊬	tɻʰwa2	
䊭	dɑw3	
䊮	dik4	
䊲	ʂan2	
䊲	tʂʰwan2	
䊳	mi1	
䊵	ɡʰiw1	
䊷	tʂɨ1	
䊼	tʂʰjɨ2	
䋀	ɣwa3	
䋂	ɰaw1	
䋃	mɑw3	
䋈	ˀna2	
䋉	ɣʲɥɛt4	
䋊	tʂiŋ1	
䋎	dɻan3	
䋏	dzɑk4	
䋐	ɰɥɛt4	
䋖	jyt4	
䋙	ˀɻjɨ2	
䋛	ˀmʲi2	
䋟	ɡi3	
䋢	pʲjɛt4	
䋢	pʲʰjɛt4	
䋣	van1	
䋤	jɑk4	
䋨	fu2	
䋪	ʔʌ1	
䋫	tʂiˤŋ1	
䋭	jiwk4	
䋰	kywk4	
䋱	laj1	
䋵	ʔi3	
䋷	mɨw1	
䋷	miw1	
䋸	zyn1	
䋻	nim1	
䋼	tʰiŋ1	
䋾	tɻa2	
䋿	ʔuj1	
䌌	tsʰjɛp4	
䌎	ljɑk4	
䌐	mʲik4	
䌑	kʲjɛn1	
䌖	tsip4	
䌖	dzjɛp4	
䌗	fu2	
䌘	pʲjɛt4	
䌜	njɛp4	
䌞	ˀljɛm2	
䌟	biˤk4	
䌠	kɑm1	
䌠	kʲʰjɛm1	
䌠	xʲjɛm1	
䌠	kam1	
䌥	ʔin2	
䌦	dɑw3	
䌦	dik4	
䌨	tsʰat4	
䌪	ˀjɛm2	
䌭	tsjɛw1	
䌳	ʂjɨ1	
䌳	sɨ1	
䌳	tʂʰjɨ1	
䌴	lwʌ3	
䌵	tʂywk4	
䍃	jiw1	
䍄	tjɛm2	
䍆	tɻjɯ2	
䍇	dap4	
䍊	kaw1	
䍊	kʲʰik4	
䍌	vɨw1	
䍌	bʰɨw1	
䍌	bɨw3	
䍍	fɨw1	
䍍	kʰɨw3	
䍍	kʰuk4	
䍎	tsʰun3	
䍎	tsʰjɛn3	
䍐	xɑn2	
䍐	xɑn3	
䍔	kwiˤŋ1	
䍖	pʰaw1	
䍖	vɨw1	
䍘	mʲi1	
䍙	muj1	
䍙	ˀʋu2	
䍙	muj3	
䍛	ku3	
䍜	tɻaw3	
䍝	tʰap4	
䍡	luk4	
䍢	ʋu1	
䍤	tsi2	
䍥	lik4	
䍦	li1	
䍨	pʰwɑt4	
䍫	dʰʌ1	
䍬	pʰiˤŋ1	
䍮	dɻjɛw3	
䍱	zjɯ1	
䍲	naj1	
䍴	ʔyj2	
䍴	ʔyj3	
䍶	tuŋ1	
䍶	dɻʰin1	
䍶	tuŋ3	
䍸	pɑk4	
䍺	ɣwan1	
䍺	ɣwan3	
䍻	zɥɛn3	
䍻	sɥɛn3	
䍼	tsam1	
䍼	tsap4	
䍽	lik4	
䍿	ɣwɑŋ1	
䎀	xʲyt4	
䎀	xɥɛt4	
䎂	pɑw2	
䎃	ˀnam2	
䎃	ˀɻjɛm2	
䎄	xʲjɛw1	
䎈	ji3	
䎌	tʂʰuk4	
䎎	njɛp4	
䎑	luk4	
䎒	tʂan2	
䎒	tʂjɛn2	
䎔	fu1	
䎕	xwiˤŋ1	
䎖	tsɨjŋ1	
䎗	ɡʰjɛw1	
䎗	ɡʲʰjɛw1	
䎘	ʂuk4	
䎘	siwk4	
䎙	pʲʰin1	
䎠	ɻjɨ1	
䎠	ɣwɑn1	
䎠	nwʌ1	
䎤	ɡywk4	
䎦	ˀjɛm2	
䎧	baŋ3	
䎨	ʔjɛp4	
䎩	tʂɨ1	
䎪	nɨjk4	
䎫	tʂʰwaŋ1	
䎫	tʂʰwaŋ3	
䎮	tʰi3	
䎯	xɑn3	
䎳	ŋwat4	
䎶	ɻjɨ3	
䎷	tʂɥu3	
䎷	fu3	
䎸	ŋu3	
䎺	tʂi3	
䎿	tsiw1	
䎿	dzʰiw1	
䏁	tsaj2	
䏂	sɨw2	
䏃	mʲjɛn1	
䏄	ti2	
䏅	tsʰi3	
䏆	dzʰjɛw1	
䏆	dzʰɑw1	
䏇	pʲʰjɛw3	
䏉	ʂip4	
䏐	kʲɥɛt4	
䏒	pʲʰjɛn3	
䏔	ˀniw2	
䏕	ˀɻim2	
䏖	dɻin3	
䏖	ˀjin2	
䏖	jin3	
䏘	pʲʰit4	
䏙	tʰam2	
䏟	bʲjɛt4	
䏣	tsʰjɯ1	
䏣	tsʰjɯ3	
䏧	na3	
䏨	xuj2	
䏪	ɻjɨ3	
䏰	ɻyn3	
䏳	tʂjɛt4	
䏵	ˀmuŋ2	
䏷	ɣɑn3	
䏼	dzʰan1	
䏼	dzan3	
䏽	bʰɨw1	
䏽	bɨw3	
䏿	kʲʰi2	
䏿	kʲʰi3	
䐀	ki3	
䐁	tuk4	
䐁	tɻwak4	
䐃	ɡyn3	
䐄	ɣɑm3	
䐄	ɣam3	
䐅	xʲi1	
䐆	tsʰaj3	
䐈	tʂik4	
䐈	dɻik4	
䐎	ti1	
䐏	tʂʰyn2	
䐑	dɻjɛp4	
䐒	tɻa1	
䐒	tɻa3	
䐓	ɻiw1	
䐗	tɻjɯ1	
䐘	ɡjɑk4	
䐚	tsik4	
䐜	tʂʰin1	
䐝	swʌ3	
䐞	ɻjɑk4	
䐠	xɑŋ1	
䐢	tʂʰu3	
䐢	tʂɨw3	
䐣	sun2	
䐤	tʂʰaj1	
䐤	tʂʰa1	
䐥	ʔuŋ2	
䐨	kuk4	
䐩	kuj1	
䐩	kɑj1	
䐩	kʰɑj2	
䐫	tsʰywŋ1	
䐬	dzʰɑw1	
䐮	tʂʰan2	
䐯	lwaj1	
䐲	dɻip4	
䐴	kuj3	
䐶	tsam1	
䐶	tsim2	
䐷	tan1	
䐸	xwiˤk4	
䐹	ʂɨw1	
䐹	sjɛw3	
䐺	tʰam3	
䐻	ku1	
䐼	ɣʲi3	
䐼	ɣʲjɛt4	
䐾	dɑk4	
䐿	ʔɑw2	
䐿	ʔɑw3	
䐿	ʔiwk4	
䑁	ʔuk4	
䑂	ˀji2	
䑃	muŋ1	
䑃	ˀmuŋ2	
䑄	pʰi3	
䑄	bi3	
䑄	bʲi3	
䑇	tʂit4	
䑈	pak4	
䑋	ˀɻjɑŋ2	
䑎	tsʰjɛm1	
䑎	tʂʰam2	
䑏	ɡʰɥɛn1	
䑑	buk4	
䑔	fʲi3	
䑔	vat4	
䑗	dɑŋ3	
䑘	dzʰʌ1	
䑜	tʰjɛp4	
䑞	ʂyn3	
䑠	ˀljɛw2	
䑡	tʂʰa1	
䑢	ŋut4	
䑣	tɻʰim1	
䑥	ŋɑp4	
䑦	kɨw1	
䑫	piˤŋ1	
䑯	di3	
䑳	lyn1	
䑴	ɡʰi1	
䑶	tsʰjɛn3	
䑼	tʂɨw1	
䑿	siwk4	
䒀	fu1	
䒀	bu3	
䒁	zip4	
䒆	tɻʰjɛt4	
䒈	vʲi3	
䒉	ˀʋu2	
䒊	xʲi1	
䒌	mʲiŋ3	
䒍	pʰɑŋ2	
䒎	ˀmɑŋ2	
䒏	sɨjŋ1	
䒐	mujŋ1	
䒓	kʰaj2	
䒕	sjɛw2	
䒗	xit4	
䒗	kʰit4	
䒘	syj1	
䒚	ʂjɛw2	
䒞	dɻʰim1	
䒞	jim1	
䒞	tam2	
䒢	ŋɑŋ1	
䒢	ˀŋjɑŋ2	
䒦	fam1	
䒦	fam3	
䒧	kʰjɯ1	
䒧	kʰjɯ3	
䒨	zɨ3	
䒩	ɣwʌ1	
䒪	bjɛn3	
䒰	kʰɥɑŋ1	
䒱	tʂiŋ1	
䒲	tɻa3	
䒴	ˀɰiw2	
䒶	tʰjɛn1	
䒷	kwɑt4	
䒸	xʲɥɛt4	
䒹	luj3	
䒼	kʰywk4	
䓂	ŋjɛn1	
䓃	ʔip4	
䓄	ŋin1	
䓈	ˀjyj2	
䓈	jyjk4	
䓉	ja1	
䓊	ŋu1	
䓌	tʂjɨ3	
䓍	ɣɑn3	
䓏	fu1	
䓘	kɑw1	
䓙	kʰwa1	
䓛	kut4	
䓜	tʂjɨ1	
䓞	li3	
䓠	tʰap4	
䓠	tap4	
䓭	tʂʰat4	
䓮	ˀmɑw2	
䓮	mɨw3	
䓲	jyj3	
䓲	jɥɛt4	
䓳	ɣaj1	
䓳	ɣɨn3	
䓴	ˀɻɥɛn2	
䓵	fu1	
䓶	laj3	
䓶	lat4	
䓾	sʌ1	
䔁	lit4	
䔂	tʂɨ2	
䔃	tsu2	
䔄	jɛw1	
䔄	jɛw3	
䔇	kʰi2	
䔇	ɣuj3	
䔌	kɑw1	
䔏	tʂʰɨw3	
䔑	ja1	
䔑	zja1	
䔕	bʰu1	
䔖	liŋ1	
䔚	ʐyn1	
䔛	kʲʰyjŋ2	
䔜	tʰam1	
䔞	lyt4	
䔟	ji1	
䔬	ji3	
䔭	ˀniŋ2	
䔮	sɨ1	
䔯	kʰu3	
䔰	fɨw3	
䔰	fuk4	
䔲	tɨjŋ1	
䔴	tʂʰiˤk4	
䔵	kan1	
䔷	ɡʰiŋ1	
䔷	ɡʰim1	
䔸	pjɛw2	
䔺	jyj1	
䔺	ˀjyj2	
䔽	ʔi3	
䔽	ʔɑj3	
䔾	kʰi3	
䔾	ɣɑt4	
䔿	tsun2	
䕁	fʲi2	
䕄	tʂiŋ1	
䕅	ʂɨw1	
䕅	sɑw2	
䕆	dɨw3	
䕇	kuj1	
䕇	ɣuj3	
䕈	sjɛp4	
䕍	ji3	
䕓	tʂʰat4	
䕘	liŋ1	
䕘	ˀliŋ2	
䕙	dzjɛt4	
䕞	lɑŋ3	
䕡	ljɯ1	
䕦	jiŋ1	
䕧	ɣaw3	
䕧	kaw2	
䕩	ˀlɑw2	
䕪	dɻiˤk4	
䕭	zjɛm1	
䕸	kaj1	
䕸	ɣat4	
䕹	dzap4	
䕹	dzjɛp4	
䕺	dzʰuŋ1	
䕻	li1	
䕻	li3	
䕼	ɻjɛn1	
䖀	xjɛw1	
䖃	jɑk4	
䖆	ˀɻjɑŋ2	
䖆	njɑŋ3	
䖊	ŋi3	
䖏	tʂʰjɯ3	
䖐	ŋin1	
䖑	mʲik4	
䖒	xi1	
䖔	kʰɑm2	
䖔	xɑm3	
䖘	dʰu1	
䖙	dʰi1	
䖙	tʰi1	
䖜	ŋin1	
䖡	niwk4	
䖢	mʲjɛw1	
䖤	ʔɥɛn2	
䖦	tʂɥɛt4	
䖧	nat4	
䖩	bʲit4	
䖪	tsɨ1	
䖭	kɥɛn3	
䖮	xjɑŋ2	
䖯	kʲʰyj1	
䖱	kʰɥɑŋ1	
䖲	zyn1	
䖳	dɻa3	
䖵	kun1	
䖶	xuj1	
䖹	ˀmʲi2	
䖻	liw1	
䗁	kʰi1	
䗁	ɡi3	
䗂	xu2	
䗃	dʐan3	
䗅	dɻʰjɑŋ1	
䗆	kwɑn2	
䗇	ɡiwk4	
䗐	ʂjɨ1	
䗐	ʂjɨ3	
䗔	ɣɨw1	
䗗	kʲi1	
䗘	kɑp4	
䗚	pɑk4	
䗠	zɥɛn1	
䗡	ɰjɛn1	
䗣	ɣɑm1	
䗣	ɣɑm3	
䗤	jywŋ1	
䗥	tsuŋ1	
䗥	tsʰywŋ1	
䗧	kʰɑŋ1	
䗪	tʂja3	
䗪	tʂik4	
䗯	tsin3	
䗱	buk4	
䗲	lin3	
䗵	kjɑŋ1	
䗶	lap4	
䗷	ʔik4	
䗽	jyj3	
䗿	ˀniŋ2	
䘀	vɨw3	
䘁	tsjɛt4	
䘃	mujk4	
䘄	tʂjɯ3	
䘅	nɨjk4	
䘆	xin2	
䘆	xjɛn2	
䘇	ʋun1	
䘌	nit4	
䘎	ʔwan1	
䘒	tsuj1	
䘓	kʰɑm3	
䘝	jik4	
䘢	tɻjɯ2	
䘨	kʲjɛw2	
䘪	tʂʰiwŋ1	
䘯	ʂaw1	
䘰	jɛn1	
䘰	ʂjɛn1	
䘱	jɥu3	
䘳	kim1	
䘷	pʲjɛt4	
䘸	jik4	
䘸	tʂik4	
䘼	ʔɥɛn2	
䘽	ŋʲi1	
䘽	ˀŋʲi2	
䘽	ŋʲjɛt4	
䘾	kwɑn2	
䘾	kwɑn3	
䘿	ɡyt4	
䙄	tʂʰɨp4	
䙄	tʂap4	
䙅	ʔʲjɛw1	
䙇	ɻɥɛn1	
䙈	ɣɨw1	
䙎	ɣaj1	
䙏	pɑk4	
䙐	kʰiˤk4	
䙔	ʔɥu1	
䙔	ʔɨw1	
䙔	ʔɨw2	
䙔	ʔɨw3	
䙕	sywŋ2	
䙕	tsywŋ2	
䙘	tʂʰɯ2	
䙘	tsiwk4	
䙟	ɰyj1	
䙡	kʰyj3	
䙢	tsiŋ3	
䙬	ʔiˤŋ3	
䙭	kʰjɛn1	
䙭	kjɛn2	
䙱	ʐywk4	
䙵	ɣʲyj1	
䙷	ŋɑj3	
䙷	tɨjk4	
䙼	ʐjɛw3	
䙽	xʲjɛt4	
䙾	ʂjɨ1	
䚄	luk4	
䚄	lywk4	
䚅	laj3	
䚇	ʂiˤŋ2	
䚈	kʲɥɛn3	
䚋	ɰyn3	
䚌	kɑw1	
䚎	tɻʰwaŋ1	
䚎	tɻʰwaŋ3	
䚐	tʰik4	
䚐	dzik4	
䚔	pʲin1	
䚔	pʲin3	
䚔	pʲʰin3	
䚕	li3	
䚘	dʐʰiˤŋ1	
䚙	xi1	
䚙	xɥɛn1	
䚜	pʲi1	
䚝	dzut4	
䚠	ɣun3	
䚡	saj1	
䚢	tɻʰi3	
䚢	tɻʰjɛt4	
䚣	ti1	
䚣	dʰi1	
䚥	nwak4	
䚦	dɻi3	
䚧	liw1	
䚨	fʲi3	
䚨	bwɑt4	
䚩	kjɛw2	
䚫	kak4	
䚫	ɣʲik4	
䚭	xɥɛn1	
䚮	ɻiŋ1	
䚳	tʂjɨ3	
䚴	ŋwat4	
䚷	ʔʲi1	
䚷	ʔʲi2	
䚹	pʲʰi2	
䚻	jiw1	
䛄	ʔɥɛn2	
䛄	ʔɥɛn3	
䛅	xap4	
䛆	dɻiw3	
䛋	ɡi3	
䛋	tsʰɨ3	
䛌	dʰɑw1	
䛍	fʲi3	
䛎	xʲɥɛt4	
䛗	tʂjɨ2	
䛘	ɻim1	
䛘	nim1	
䛚	ljɑk4	
䛛	ɣuj3	
䛞	ɣɑn3	
䛠	tɨw3	
䛢	tʰwʌ1	
䛢	tʰuk4	
䛥	xit4	
䛩	ʔu2	
䛪	kʰiwŋ3	
䛬	dʰɑw1	
䛭	xiˤŋ3	
䛮	ɡiw3	
䛳	ʔjɛm3	
䛹	tsʰjɛn3	
䛻	ˀjiw2	
䛽	tʂap4	
䛾	su3	
䜂	ɣɑw3	
䜃	tuj1	
䜅	jyj1	
䜅	dʐʰyj1	
䜅	tsʰyj1	
䜆	tʂjɛp4	
䜈	tʂʰaw1	
䜉	tʂʰɨt4	
䜋	ɣuj3	
䜌	lwɑn1	
䜌	lɥɛn1	
䜌	lɥɛn3	
䜏	tʰwʌ1	
䜐	xʲyj1	
䜑	ʔu3	
䜒	ʔɑw3	
䜕	xaj3	
䜕	maj3	
䜙	ŋɑm1	
䜚	dap4	
䜜	jyj3	
䜢	xjɛn2	
䜪	ɡʰiw1	
䜫	kaŋ1	
䜮	ljɛw1	
䜮	lɑw1	
䜯	ɡiwk4	
䜰	xɑw1	
䜱	mwɑn1	
䜲	ljɛp4	
䜴	tʂʰu3	
䜶	ɣaŋ1	
䜷	tsʰim1	
䜸	ˀmuj2	
䜺	tʂʰiˤk4	
䜼	kuk4	
䜽	jɥu1	
䜾	ʔim1	
䝁	lɑw1	
䝄	ʂwaŋ1	
䝋	tsuŋ3	
䝍	kyn3	
䝏	lɥu1	
䝏	lɨw1	
䝐	jyj1	
䝐	ˀjyj2	
䝑	tɻʰywŋ1	
䝒	dʐu3	
䝕	tʂjɛp4	
䝖	tʂaw2	
䝚	ni1	
䝜	swɑn1	
䝟	ʔat4	
䝡	ʋan3	
䝢	mwɑn3	
䝣	ɡʰjɯ1	
䝤	tɻaw2	
䝤	ˀlɑw2	
䝦	tʂiwŋ1	
䝪	ʂɯ2	
䝭	kɨw3	
䝮	ɣʲɥɛn3	
䝶	ljɑŋ1	
䝷	tɻi1	
䝸	ɡi3	
䝹	ʔwɑn2	
䝻	kjɯ1	
䝼	dzʰiŋ1	
䝼	dziŋ3	
䞀	ɣɨw3	
䞁	ʔjɛn2	
䞁	ʔjɛn3	
䞂	ˀɻɥɛn2	
䞃	tɻi3	
䞈	kyj3	
䞋	tʂʰɨn3	
䞓	tɻʰiŋ1	
䞔	ˀʋʲi2	
䞕	ɻɥu1	
䞗	tʂʰaj1	
䞗	tsʰaj1	
䞘	ɡit4	
䞙	tsap4	
䞚	ɡʲʰi1	
䞚	kʰi2	
䞞	vut4	
䞠	tʂik4	
䞣	tʂʰja3	
䞣	tsʰja3	
䞣	tɻʰiˤk4	
䞤	ɡʰɥu1	
䞤	fu2	
䞥	ɰiw3	
䞦	ɣiˤk4	
䞧	ɣɨw3	
䞨	kʲʰyj2	
䞩	ɣap4	
䞪	dzjɑŋ3	
䞭	tsʰuj1	
䞮	tʰu1	
䞯	fu3	
䞰	dʐwiˤk4	
䞳	fu3	
䞳	pʰɨw3	
䞳	bujk4	
䞴	tɻaw1	
䞴	tɻaw3	
䞵	kɥɛt4	
䞷	ɡɥɛt4	
䞽	ʂiˤk4	
䞾	dɻʰi1	
䞿	kʰjɛn1	
䞿	xjɛn1	
䟂	mun1	
䟂	mwɑn1	
䟃	tsʰam1	
䟃	tsʰap4	
䟄	dʐwiˤk4	
䟄	tsʰik4	
䟅	dzjɛm3	
䟆	pʲit4	
䟇	ki1	
䟈	dɻit4	
䟉	tʂywk4	
䟊	ɡʰjɯ1	
䟌	kʲit4	
䟌	dzjɛt4	
䟍	pʲjɛn1	
䟍	ʔjɛn2	
䟏	ʂjɑk4	
䟏	lik4	
䟐	lik4	
䟑	jɑk4	
䟒	ɡʰɥɛn1	
䟓	tɻʰiˤŋ1	
䟓	tɻiˤŋ1	
䟓	tɻʰiŋ1	
䟔	fu3	
䟗	ʐjɨ3	
䟘	ɣɑŋ3	
䟘	kɑŋ2	
䟙	tsʰjɛt4	
䟛	fʲi3	
䟛	bwɑt4	
䟝	tʰɨw3	
䟠	xɥɛt4	
䟡	ti3	
䟣	tɻʰyt4	
䟧	dʰjɛn1	
䟨	ˀmʲin2	
䟫	tʂʰjɑŋ2	
䟯	kʰwɑt4	
䟴	tʂin3	
䟵	ɡʰiw1	
䟷	tɻʰi3	
䟸	kyj1	
䟸	ɡʰyj1	
䟹	lɥɛt4	
䟺	puj3	
䟺	buj3	
䟾	tɻɥɛt4	
䟿	lywk4	
䠄	tʰjɛn2	
䠆	dɻʰjɑŋ1	
䠇	kyt4	
䠇	ɡyt4	
䠈	tʰut4	
䠊	vʲi3	
䠍	ɣa1	
䠐	kʲʰyjk4	
䠑	kʲʰyj2	
䠗	xiwŋ3	
䠗	kʲʰiw3	
䠘	pʲʰi3	
䠙	bʰɑŋ1	
䠚	ʔwa3	
䠛	jɛw1	
䠟	djɛp4	
䠠	ti3	
䠠	tʂi3	
䠡	dzʰʌ1	
䠢	muŋ3	
䠣	sɥɛn3	
䠣	kʰɥɛn3	
䠧	dɻʰa1	
䠨	tʂʰjɛm3	
䠪	tʰwɑn2	
䠫	dzɨw3	
䠯	jɑk4	
䠰	ɡʰɥɛn1	
䠱	dɻywk4	
䠵	vu3	
䠶	ʐja3	
䠷	tʰjɛw2	
䠸	kʰwa1	
䠻	kʰiwŋ3	
䠼	ʂɥu3	
䠽	ɣɑj1	
䡀	tʂjɛn2	
䡂	kiw1	
䡅	tɻʰyn1	
䡆	jywŋ1	
䡈	kak4	
䡉	kʰɑŋ2	
䡉	kʰwɑŋ2	
䡊	fan2	
䡋	tʂjɨ1	
䡐	dʰʌ1	
䡓	kʲɥɛn3	
䡔	kʲʰi2	
䡗	kywŋ2	
䡘	dʰjɛn1	
䡙	lɑŋ1	
䡚	maw3	
䡜	liwk4	
䡝	ʔyn1	
䡝	ʔɥɛn1	
䡝	ʔyn2	
䡞	kywk4	
䡣	xjɛn1	
䡣	ɣun1	
䡧	ʔu2	
䡩	kʰiˤŋ1	
䡬	ʋan3	
䡭	siw1	
䡮	tsywŋ1	
䡯	tsʰuŋ1	
䡰	kʰiˤŋ1	
䡲	dʐʰan1	
䡴	tʂʰywŋ1	
䡴	dɻwaŋ3	
䡵	zyj3	
䡼	liŋ1	
䡽	tswɑn1	
䡾	ŋɑt4	
䡾	ŋjɛt4	
䢃	ŋi3	
䢅	dʐʰin1	
䢇	ˀɻywŋ2	
䢈	ɣuj3	
䢉	nuŋ1	
䢌	pwɑt4	
䢐	dzʰu1	
䢒	kaw1	
䢓	ɰɥu1	
䢔	ɣɑp4	
䢖	jyt4	
䢙	baj3	
䢚	kiˤŋ1	
䢝	ʔa3	
䢡	sjɛp4	
䢦	ʂut4	
䢭	jɛn1	
䢭	zjɛn3	
䢭	jɛn3	
䢰	tʰik4	
䢱	duk4	
䢲	ɰɥɑk4	
䢳	ki2	
䢵	ɰyn1	
䢸	tsʰjɯ1	
䢹	kjɯ2	
䢻	dʐʰin1	
䢻	tʂin3	
䢼	kywŋ1	
䢿	ʔɑn1	
䢿	ʔɑn3	
䣀	kyj2	
䣀	ɡyj3	
䣁	ˀɰɥu2	
䣂	ˀluj2	
䣂	luj3	
䣄	zjɯ1	
䣄	dʰu1	
䣅	dʐʰin1	
䣆	ɣʲiŋ1	
䣇	ɡʰiw1	
䣍	ʔjɛm1	
䣍	ʔjɛm2	
䣎	tʂɨ1	
䣔	swʌ2	
䣕	ˀma2	
䣕	ma3	
䣗	kɑw1	
䣘	dʰɑŋ1	
䣙	bʰuj1	
䣙	pʰujŋ2	
䣚	lɥu1	
䣚	lɨw1	
䣛	tsʰit4	
䣜	dzʰʌ1	
䣝	dʰu1	
䣝	dɻʰa1	
䣟	dzʰam1	
䣟	dzap4	
䣠	dzja3	
䣡	ŋi1	
䣢	dzɑk4	
䣢	dzik4	
䣣	tɑŋ2	
䣤	ɡɥɑk4	
䣧	jik4	
䣩	dɻʰyn1	
䣩	dʐʰyn1	
䣪	pʰwɑt4	
䣮	bwɑt4	
䣵	ni3	
䣵	ɻjɨ3	
䣸	ˀɻjɛm2	
䣹	vat4	
䣺	kʲɥɛn3	
䣼	ljɑŋ1	
䣽	tɻi1	
䣿	ɰɥu1	
䣿	xɥu1	
䣿	ʔɥu1	
䤁	jim1	
䤁	dzʰim1	
䤂	muj1	
䤃	ʔim1	
䤅	dʰu1	
䤅	dʰɨw1	
䤉	mʲit4	
䤍	mʲi1	
䤎	kʲyt4	
䤏	bi3	
䤐	tsʰim2	
䤐	tsim2	
䤑	ʔwɑŋ3	
䤒	ɡi3	
䤔	dzjɛm3	
䤕	xak4	
䤗	kɑm2	
䤘	tsʰjɛm2	
䤘	tʂʰam2	
䤙	lik4	
䤢	pat4	
䤥	kyj2	
䤨	pʲʰik4	
䤪	twʌ2	
䤬	sʌ1	
䤮	ʐjɛp4	
䤳	dzja3	
䤴	ɣɑm1	
䤶	ʔjɛp4	
䤻	dwʌ3	
䤽	kwan1	
䥈	ˀmu2	
䥈	ˀmɑŋ2	
䥉	ʔɥɛn1	
䥍	tʂjɨ3	
䥍	tʂip4	
䥏	ˀŋjɯ2	
䥗	kʰwɑn2	
䥗	kʰwɑn3	
䥛	kʲjɛt4	
䥝	ʔɑw1	
䥡	djɛp4	
䥩	ʋʲi1	
䥯	baj3	
䥰	miˤŋ1	
䥵	kʲjɛw2	
䥵	xʲjɛw2	
䥶	lik4	
䥸	mʲi1	
䦈	tsja1	
䦊	ˀnjɛw2	
䦋	ŋɑw1	
䦍	ŋut4	
䦏	ɣʲi3	
䦏	ɣaj3	
䦑	xʲɥɛt4	
䦔	tʰan2	
䦖	ɣat4	
䦖	ɣʲjɛt4	
䦗	xyjk4	
䦘	ɣan3	
䦝	xwiˤk4	
䦪	ʔat4	
䦱	kʰwa1	
䦱	ˀɰyj2	
䦲	jɛm1	
䦲	tʂʰjɛm3	
䦳	xjɑŋ3	
䦺	tiŋ1	
䦼	pʰik4	
䧁	ɡʰɥu1	
䧁	xɥu2	
䧅	ji1	
䧆	ɣuŋ1	
䧇	ʔi1	
䧊	kʰuk4	
䧊	kuk4	
䧎	ɣʲɥɛn3	
䧑	ti1	
䧘	dɻɥɛn3	
䧜	dʰɑŋ1	
䧞	vɨw3	
䧞	ma3	
䧢	kʰɥu1	
䧤	puk4	
䧦	ɰyj1	
䧦	xyj1	
䧦	ˀɰyj2	
䧨	ŋjɛp4	
䧪	tʂʰjɛp4	
䧰	ɣun3	
䧴	tʂjɨ1	
䧴	ʂjɨ3	
䧼	kuk4	
䨁	ʋu3	
䨂	tsʰiw1	
䨊	ʔʲɥɛn1	
䨐	ɣap4	
䨑	dʰi1	
䨒	ɰɥu3	
䨕	ʔɥu1	
䨗	vɨw1	
䨘	sjɛn3	
䨛	ʂiˤk4	
䨞	ˀɰɥu2	
䨡	ɣɑm1	
䨢	dam3	
䨣	kiˤk4	
䨤	dik4	
䨥	ɣwɑk4	
䨥	tʂik4	
䨦	pʰɑŋ1	
䨨	tɻyj1	
䨮	sɥɛt4	
䨰	pʰɑk4	
䨲	nɨw1	
䨳	xi3	
䨴	duj3	
䨻	biˤŋ3	
䨼	ɣu3	
䨽	vʲi1	
䨽	fʲi2	
䨽	bi3	
䨾	vʲi3	
䩁	fʲi1	
䩂	xam1	
䩃	ʐjɨ3	
䩆	tʂan2	
䩇	tɻam1	
䩉	vu3	
䩊	ʔwɑt4	
䩌	dzʰjɛw1	
䩌	tsjɛw1	
䩌	tsjɛw3	
䩍	ˀljɛw2	
䩏	mʲjɛt4	
䩐	xut4	
䩒	ɰɥu1	
䩒	xɥu1	
䩒	ʔɥu1	
䩕	ŋɑŋ1	
䩙	ɣʲɥɛn3	
䩚	ti3	
䩛	bʲit4	
䩞	tʰjɛp4	
䩞	tjɛp4	
䩠	tʰiŋ1	
䩡	kap4	
䩢	tʂi3	
䩢	tʂjɛt4	
䩣	tʰu1	
䩤	xʲjɛt4	
䩥	dan3	
䩦	dʰjɛw1	
䩨	tɻʰjɑŋ3	
䩩	ʔɥɛn1	
䩩	ʔɥɛn2	
䩪	kwɑn2	
䩯	kʰik4	
䩱	jɥu1	
䩱	ʂɥu3	
䩲	tu1	
䩳	sɨw1	
䩵	ɰyn3	
䩶	tɻʰjɛn2	
䩶	tɻʰiŋ2	
䩸	ɻywŋ1	
䩸	ɻywŋ3	
䩹	ŋiˤk4	
䩺	ʔuŋ1	
䩼	vuŋ1	
䩽	ʔɥu1	
䩿	vun1	
䪁	puk4	
䪁	fuk4	
䪂	kiˤk4	
䪆	tʰi2	
䪈	kʲʰjɛn3	
䪉	ljɛp4	
䪊	luŋ1	
䪌	dʐam3	
䪍	lan1	
䪎	ʂwɨ1	
䪎	suj1	
䪏	nap4	
䪐	pi3	
䪒	tʂɥu3	
䪔	vu3	
䪙	pʰɑk4	
䪚	tap4	
䪜	tʂʰjɛm1	
䪜	tʂʰjɛm3	
䪝	ʔwiˤk4	
䪞	dzap4	
䪡	tsi1	
䪥	ɣaj3	
䪦	ɣuŋ1	
䪧	dɻʰi1	
䪩	ŋim1	
䪫	ɣiˤŋ1	
䪬	pʰut4	
䪯	ʔʲyjŋ1	
䪳	ˀjyn2	
䪴	tʂim2	
䪴	tam2	
䪷	xɨw3	
䪸	min1	
䪹	pʰi1	
䪻	van3	
䪻	bjɛn3	
䪼	tʂɥɛt4	
䪾	tʂin2	
䪾	tʂin3	
䫀	kɨn2	
䫀	tjɛn2	
䫁	bʲi3	
䫂	tʌ2	
䫄	tɻʰwat4	
䫅	sam3	
䫆	ɡʰiŋ1	
䫆	dʐʰiŋ1	
䫉	maw3	
䫌	pʲʰi2	
䫎	tʂɥɛt4	
䫏	kʰi1	
䫒	mun1	
䫔	kʲʰi3	
䫔	kʲʰjɛt4	
䫖	tɻʰim2	
䫗	ɣa1	
䫘	ɣɑt4	
䫘	xɑt4	
䫛	ɣɨw1	
䫜	ʔaw1	
䫞	xʲjɛw1	
䫞	kʲʰjɛw1	
䫟	ˀɰyn2	
䫟	ɣun3	
䫠	bʰi1	
䫠	pʰi1	
䫡	ŋam1	
䫡	kʰam2	
䫡	kʰam3	
䫡	kam3	
䫢	sɨ1	
䫤	mʲiŋ1	
䫥	kʰi1	
䫥	kʰuj2	
䫥	ˀŋuj2	
䫦	kɑp4	
䫧	ɣɑw1	
䫨	ŋɑw1	
䫨	ŋɑw3	
䫩	tsʰam2	
䫩	sam2	
䫪	ʂaŋ2	
䫪	tʂʰaŋ2	
䫬	tʂim2	
䫲	xɑm2	
䫲	xɑm3	
䫳	duk4	
䫴	ɡim3	
䫴	ɰim3	
䫵	mʲjɛn1	
䫶	vun1	
䫸	tɻʰaw1	
䫹	ɣuŋ1	
䫻	ɰyt4	
䫽	pʰɑw1	
䫾	pʲʰjɛt4	
䫾	pik4	
䫿	tɻʰjɛw1	
䬀	ʔiw2	
䬀	ʔʲiw2	
䬁	ji1	
䬂	xʲyt4	
䬂	xɥɛt4	
䬆	li3	
䬆	lit4	
䬉	xwiˤk4	
䬊	ʂap4	
䬌	fɨw1	
䬍	xyt4	
䬍	xut4	
䬎	kwiˤk4	
䬐	ɻyj1	
䬐	ʔuj1	
䬑	ɰyj3	
䬑	ɰyt4	
䬘	xaw1	
䬝	ɣwiˤŋ1	
䬞	dʰɑw1	
䬞	dɻʰiw1	
䬟	liw1	
䬠	fʲi1	
䬡	tʂjɯ3	
䬦	tɨw3	
䬧	ŋɥɛn1	
䬫	ti1	
䬫	dʰi1	
䬬	ʔjɑŋ2	
䬬	ʔjɑŋ3	
䬮	ji1	
䬯	njɛm1	
䬰	ʐjɛw3	
䬳	pwɑn2	
䬴	mwɑt4	
䬵	kɑj1	
䬵	ʔaj3	
䬷	ʂja2	
䬼	ʔʲɥɛn3	
䬽	ʂyj3	
䬽	luj3	
䬾	dʰi1	
䬿	ˀʋʲi2	
䭁	tʂi3	
䭂	ʔip4	
䭃	ˀɻim2	
䭆	niˤk4	
䭈	kjɛn1	
䭉	syj2	
䭐	jɑŋ3	
䭑	ˀljɛm2	
䭒	sik4	
䭓	ŋɨn3	
䭔	tuj1	
䭕	tsam2	
䭖	tʂjɯ3	
䭘	ʔiŋ2	
䭙	tsim2	
䭡	ʔun3	
䭡	ʔɨn3	
䭢	niˤŋ1	
䭤	kʲʰjɛn2	
䭦	bɑk4	
䭨	ʂwɨ1	
䭨	ʂyj3	
䭩	mwʌ1	
䭬	kʲʰi2	
䭭	ʂiw2	
䭮	fut4	
䭱	pʲʰjɛt4	
䭱	bʲjɛt4	
䭴	ɣwan1	
䭴	ɣʲɥɛn3	
䭸	vu3	
䭹	ŋɑŋ1	
䭹	ˀŋɑŋ2	
䭹	ŋɑŋ3	
䭿	jit4	
䭿	djɛt4	
䮀	bak4	
䮂	bwɑt4	
䮄	ɣʲɥɛn1	
䮉	ljɯ1	
䮎	xi3	
䮒	pʰu1	
䮔	tʂyj1	
䮔	tʂyj2	
䮗	ŋɑn3	
䮙	ɰyjk4	
䮝	ɣun1	
䮠	pik4	
䮢	dʐap4	
䮤	kak4	
䮤	ɣɑk4	
䮥	lik4	
䮧	ɣɑn1	
䮧	ɣɑn3	
䮩	kut4	
䮭	mʲik4	
䮱	dɻiwk4	
䮳	van1	
䮴	dɨjŋ3	
䮷	duk4	
䮸	ʔuk4	
䮸	kak4	
䮸	ʔak4	
䮹	ʔyj3	
䮻	tɑw2	
䮾	bʰuŋ1	
䮾	lwaŋ1	
䯂	ʂɨn1	
䯂	dʐɨp4	
䯇	kʰut4	
䯇	kʰwat4	
䯈	ŋwɑn1	
䯉	ʔut4	
䯉	ʔwat4	
䯊	kʰʌ1	
䯋	kʰɑt4	
䯋	bwɑt4	
䯍	liŋ1	
䯏	kwɑt4	
䯑	kʰwɑŋ1	
䯒	ɣiˤŋ1	
䯓	kʲʰyj1	
䯖	lɑŋ1	
䯗	bʲi3	
䯘	ɣwɑn3	
䯜	sik4	
䯜	tʰik4	
䯞	kʰwa1	
䯟	duj3	
䯠	ʔɑw2	
䯢	mwʌ1	
䯣	kʰyj3	
䯤	kuj3	
䯦	mat4	
䯪	kʰɑw2	
䯪	kʰɑw3	
䯬	tʌ2	
䯰	kaj3	
䯳	suŋ1	
䯷	siwŋ1	
䯸	tsʰɨ3	
䯹	sjɛm1	
䯽	bʰɨw1	
䯽	fu2	
䯽	pʰɨw2	
䯾	tjɛw1	
䯾	dʰjɛw1	
䯾	tʂiw3	
䰂	tsʰaj2	
䰂	tsʰaj3	
䰃	bʰiˤŋ1	
䰃	pɑŋ2	
䰆	ɻiw1	
䰈	dzʰʌ1	
䰈	tsʰʌ2	
䰉	bʰwɑn1	
䰉	pan1	
䰍	xiw1	
䰍	tsʰɨ3	
䰎	kʰyj3	
䰏	tsi3	
䰏	tsjɛt4	
䰐	lam1	
䰒	muŋ1	
䰓	mʲjɛn1	
䰕	ljɯ1	
䰕	lu1	
䰖	tsan2	
䰖	tsan3	
䰖	tsat4	
䰘	liw1	
䰘	kʲjɛw2	
䰙	ˀŋi2	
䰚	ʋun1	
䰝	tsiŋ3	
䰞	tʂjɯ2	
䰟	ɣun1	
䰠	ʂin1	
䰡	tɻʰi3	
䰤	tuŋ1	
䰧	xu1	
䰩	tʂʰja2	
䰫	tʂʰaw1	
䰫	dʐaw3	
䰯	ŋi3	
䰰	ɻɥu1	
䰰	nɨw1	
䰲	ʔat4	
䰴	kit4	
䰻	ŋjɯ1	
䰼	dzʰim1	
䰼	ʂim2	
䰼	dzam3	
䰽	puj3	
䱂	ʔʲjɛw1	
䱂	ʔiw2	
䱅	mwɑt4	
䱊	ˀmʲi2	
䱋	kywŋ2	
䱌	ji1	
䱍	kɨjŋ3	
䱏	tʰɨw2	
䱐	fu1	
䱐	vɨw1	
䱒	ʔjɛp4	
䱕	mɨw1	
䱖	liw1	
䱚	lywk4	
䱜	tsʰjɑk4	
䱜	tsʰɑk4	
䱝	bʰaj1	
䱟	kjɯ3	
䱡	kiwk4	
䱡	ɡiwk4	
䱡	kʰywk4	
䱢	tʂiˤŋ1	
䱣	tsyt4	
䱤	kʲjɛm3	
䱤	ɣam3	
䱥	tʂi3	
䱬	sjɯ1	
䱮	ŋiˤk4	
䱱	dʰi1	
䱲	jɥɛn1	
䱵	ʔuŋ1	
䱷	ŋjɯ1	
䱺	ɣɑj1	
䱻	ɣwat4	
䱾	lɥu1	
䱾	lɨw1	
䲀	tʂjɨ3	
䲁	ʔyj3	
䲃	tsɑw2	
䲊	ˀjyj2	
䲊	dwʌ3	
䲊	tʰwʌ2	
䲌	kʰwɑn2	
䲌	kʰwɑn3	
䲐	ˀlu2	
䲒	ɣaj3	
䲓	ˀŋjɛm2	
䲔	ɡʰjɑŋ1	
䲔	ɡʰiŋ1	
䲙	tsjɛt4	
䲚	laj3	
䲚	tʰat4	
䲛	mujŋ3	
䲜	ŋjɛp4	
䲦	daj3	
䲬	ɡʲʰi1	
䲯	ɡip4	
䲰	ɰyn3	
䲸	kaj3	
䲹	bʰi1	
䲽	ʐik4	
䲾	kʰaw2	
䳀	jit4	
䳀	djɛt4	
䳅	tʂjɨ2	
䳇	ˀʋu2	
䳇	ˀmɨw2	
䳊	pwɑt4	
䳊	bwɑt4	
䳋	dʰuŋ1	
䳍	kywŋ1	
䳎	ɡiw3	
䳏	kʲyj3	
䳐	tsʰɨ3	
䳑	ˀɰiw2	
䳔	kiwk4	
䳕	vɨw1	
䳖	njɛp4	
䳚	kʰɑj3	
䳚	kʰɑn3	
䳚	kʰɑt4	
䳝	pʰɨw2	
䳟	miŋ1	
䳢	ɡʰi1	
䳤	pʲjɛt4	
䳦	xɥɛn1	
䳦	sɥɛn1	
䳩	ʔʲjɛw1	
䳫	ɡʲʰyj1	
䳯	dɻʰywŋ1	
䳲	tʂin3	
䳳	syt4	
䳴	dap4	
䳺	ʔɑm1	
䳻	dzʰam1	
䳻	dʐam3	
䳾	tɨjŋ1	
䴀	dʰuŋ1	
䴁	ŋɥu1	
䴁	ŋɥu3	
䴃	naw1	
䴅	vun1	
䴅	pun1	
䴆	pʰuk4	
䴆	buk4	
䴇	liŋ1	
䴊	ŋi1	
䴑	djɛp4	
䴚	kɑŋ2	
䴛	sjɛw1	
䴜	ʔwaj1	
䴝	tʂʰwaj3	
䴟	ɣwɑn1	
䴠	ʔɑw2	
䴤	ʂiˤŋ1	
䴥	ka1	
䴦	ŋin1	
䴧	ʔyj1	
䴬	ʐywk4	
䴬	jik4	
䴭	dzʰaj1	
䴮	ʂan3	
䴲	mwɑt4	
䴳	ɣwat4	
䴵	pʲiŋ2	
䴷	ɣun1	
䴷	ɣwan3	
䴹	kwʌ2	
䴹	ɣwa3	
䴺	bɨw3	
䴻	li1	
䴼	tʂʰan3	
䴽	bʲʰi1	
䴾	dzʰʌ1	
䴿	muŋ1	
䵀	swʌ2	
䵂	dɻik4	
䵂	dik4	
䵃	kwiˤŋ2	
䵈	kʰuk4	
䵋	ˀɰyj2	
䵋	kuj3	
䵌	xʲjɛm1	
䵎	tʰwɑn1	
䵏	ˀlɑw2	
䵐	tʂʰjɛn2	
䵑	nit4	
䵒	nit4	
䵔	tuŋ2	
䵖	kʲʰjɛn2	
䵖	kʲʰjɛn3	
䵗	bujk4	
䵘	ʂaj3	
䵝	ʔi3	
䵞	ɡʰiŋ1	
䵟	kɑn2	
䵣	tat4	
䵤	ɣʲjɛn3	
䵦	zja3	
䵧	tsaj3	
䵨	maŋ1	
䵬	tʰap4	
䵮	ʂjɑŋ1	
䵱	xik4	
䵳	ʔuj3	
䵳	ʔwaj3	
䵴	jiŋ3	
䵵	tʂʰwat4	
䵵	tʂwat4	
䵸	tsʰiw1	
䵹	tɻi1	
䵻	zyj3	
䵼	ʂjɑŋ1	
䵽	tsʰap4	
䶀	tʰap4	
䶀	kʰɑp4	
䶂	paw3	
䶂	tʂjɑk4	
䶂	tsjɑk4	
䶂	tik4	
䶃	ɣɑm1	
䶃	kɑm1	
䶄	bʲʰiŋ1	
䶅	lɑk4	
䶅	ɣɑk4	
䶆	tʂyj1	
䶈	pɑk4	
䶎	xap4	
䶐	ʔuj3	
䶐	ʔwaj3	
䶒	dzʰi1	
䶓	tsi3	
䶔	dɻʰi1	
䶖	ɡim3	
䶗	kʰa1	
䶘	lip4	
䶘	lap4	
䶙	ɡjɯ3	
䶛	lat4	
䶜	ɣuk4	
䶜	kuk4	
䶞	ɡʰi1	
䶞	kʰi1	
䶢	kʰap4	
䶢	kap4	
䶣	kɑj1	
䶥	tʂɯ1	
䶥	tʂa1	
䶥	dʐʰa1	
䶦	tʂʰiˤk4	
䶩	dzi3	
䶪	tʂʰat4	
䶬	kʲjɛn1	
䶬	ŋjɛt4	
䶱	tʂiwŋ1	
䶱	dʰuŋ1	
䶲	nam1	
䶲	ɻjɛm1	
䶴	tʂʰyj1	
䶴	tʂʰyj3	
䶵	dɻʰi1	
一	ʔʲit4	
丁	tɻiˤŋ1	
丁	tiŋ1	
丂	kʰɑw2	
七	tsʰit4	
丄	ʐjɑŋ3	
丅	ɣa3	
万	ʋan3	
万	mujk4	
丈	dɻjɑŋ3	
三	sam1	
三	sam3	
上	ʐjɑŋ3	
下	ɣa3	
不	fu1	
不	fu2	
不	fut4	
不	put4	白
与	ˀjɯ2	
丏	ˀmʲjɛn2	
丐	kɑj3	
丑	tɻʰiw2	
且	tsjɯ1	
且	tsʰja2	
丕	pʰi1	
世	ʂi3	
丘	kʰiw1	
丙	piŋ2	
丞	dʐʰiŋ1	
丞	ʐiŋ3	
丠	kʰiw1	
丣	ˀjiw2	
並	bʲiŋ3	
丨	kun2	
丩	kiw1	
个	kʌ3	
丫	ʔa1	
中	tɻiwŋ1	
中	tɻiwŋ3	
丮	kik4	
丯	kaj3	
丰	fuŋ1	
丱	kwan3	
串	kwan3	
丳	tʂʰan2	
丵	dʐwak4	
丶	tɻɥu2	
丸	ɣwɑn1	
丹	tan1	
主	tʂɥu2	
丼	tam2	
丽	li3	
丿	ji3	
丿	pʲʰjɛt4	
乀	fut4	
乂	ŋi3	
乃	ˀnɑj2	
久	kiw2	
之	tʂjɨ1	
乍	dʐa3	
乎	ɣu1	
乏	vap4	
乑	ŋim1	
乖	kwaj1	
乘	ʐiŋ1	
乘	ʐiŋ3	
乙	ʔit4	
乜	ˀmʲja2	
九	kiw2	
乞	kʰit4	
也	ˀja2	
乳	ˀɻɥu2	
乾	kɑn1	
乾	ɡʰjɛn1	
亂	lwɑn3	
亄	ʔi3	
亄	ʔit4	
亅	ɡɥɛt4	
了	ˀljɛw2	
予	jɯ1	
予	ˀjɯ2	
事	tʂɨ3	
事	ʐɨ3	
二	ɻjɨ3	
亍	tɻɥu3	
亍	tɻʰywk4	
于	ɰɥu1	
云	ɰyn1	
互	ɣu3	
五	ˀŋu2	
井	tsiŋ2	
亖	sɨ3	
亙	kɨjŋ3	
些	sja1	
些	si3	
些	sʌ3	
亞	ʔa3	
亟	kʰi3	
亟	kik4	
亡	ʋɑŋ1	
亢	kɑŋ1	
亢	kʰɑŋ3	
交	kaw1	
亥	ɣɑj3	
亦	jik4	
亨	xiˤŋ1	
亨	pʰiˤŋ1	
亨	xjɑŋ2	
京	kiŋ1	
亭	dʰiŋ1	
亮	ljɑŋ3	
亯	xjɑŋ2	
亳	bɑk4	
亶	tan2	
亹	mun1	
亹	ˀʋʲi2	
人	ɻin1	
亼	dzip4	
什	ʐip4	
仁	ɻin1	
仂	lik4	
仂	lɨjk4	
仃	tiŋ1	
仄	tʂiˤk4	
仆	fu3	
仆	fɨw3	
仆	pʰɨw3	
仆	bujk4	
仇	ɡʰiw1	
仉	tʂjɑŋ2	
今	kim1	
介	kaj3	
仍	ɻiŋ1	
从	dzʰywŋ1	
仔	tsɨ1	
仔	tsɨ2	
仕	ʐɨ3	
他	tʰʌ1	
他	tʰa1	白
仗	dɻjɑŋ3	
付	fu3	
仙	sjɛn1	
仚	xjɛn1	
仛	dɑk4	
仜	ɣuŋ1	
仝	dʰuŋ1	
仞	ɻin3	
仟	tsʰjɛn1	
仠	kɑn2	
仡	xit4	
仡	ŋit4	
仢	ʐjɑk4	
代	daj3	
令	ljɛn1	
令	liŋ1	
令	liŋ3	
以	ˀji2	
仯	tʂʰaw3	
仰	ˀŋjɑŋ2	
仰	ŋjɑŋ3	
仲	dɻiwŋ3	
仳	bʲʰi1	
仳	pʲʰi2	
仳	bi3	
仵	ˀŋu2	
件	ɡjɛn3	
价	kaj3	
仸	ʔjɛw2	
仹	fuŋ1	
任	ɻim1	
任	ɻim3	
份	pin1	
仿	fɑŋ2	
伀	tʂywŋ1	
企	kʲʰi2	
企	kʲʰi3	
伂	puj3	
伃	jɯ1	
伄	tjɛw3	
伆	ˀʋun2	
伆	ʋut4	
伈	sim2	
伉	kʰɑŋ3	
伊	ʔʲi1	
伋	kip4	
伍	ˀŋu2	
伎	ɡʲʰi1	
伎	ɡi3	
伎	tʂjɨ3	
伏	vɨw3	
伏	vuk4	
伐	vat4	
休	xiw1	
伭	ɣʲjɛn1	
伭	ɣʲɥɛn1	
伯	piˤk4	
估	ku2	
伱	ˀni2	
伴	bwɑn3	
伶	liŋ1	
伷	dɻiw3	
伸	ʂin1	
伹	tsʰjɯ1	
伹	dzu3	
伺	sɨ1	
伺	sɨ3	
伻	pʰiˤŋ1	
似	zɨ3	
伽	ɡʰja1	
伾	pʰi1	
伿	tʂjɨ3	
伿	ji3	
佀	zɨ3	
佁	ˀji2	
佁	tɻʰi3	
佂	tʂiŋ1	
佃	dʰjɛn1	
佃	djɛn3	
佅	maj3	
但	dʰan1	
但	dan3	
佇	dɻjɯ3	
佈	pu3	
佉	kʰja1	
佊	pi2	
佊	pi3	
佋	dʐʰjɛw1	
佋	ʐjɛw3	
佌	tsʰɨ2	
位	ɰyj3	
低	ti1	
住	dɻɥu3	
住	tɻɥu3	
佐	tsʌ3	
佑	ɰiw3	
佒	ʔɑŋ1	
体	bun3	
佔	tjɛm1	
何	ɣʌ1	
何	ɣʌ3	
佖	bʲit4	
佖	bit4	
佗	dʰʌ1	
佗	tʰʌ1	
余	jɯ1	
余	dʐʰja1	
佚	jit4	
佛	vut4	
作	tsu3	
作	tsʌ3	
作	tsɑk4	
佝	xɨw3	
佞	niŋ3	
佟	dʰuŋ1	
佩	buj3	
佪	ɣuj1	
佫	ɣɑk4	
佮	kɑp4	
佮	tʰap4	
佮	ʔɑp4	
佯	jɑŋ1	
佯	dzʰjɑŋ1	
佰	miˤk4	
佳	ka1	
佴	ɻjɨ3	
佴	nɑj3	
併	pʲiŋ2	
併	bʲiŋ3	
併	pʲiŋ3	
佶	ɡit4	
佸	kwɑt4	
佸	ɣwɑt4	
佹	kyj2	
佺	tsʰɥɛn1	
佻	tʰjɛw1	
佻	dʰjɛw1	
佼	kaw1	
佼	ɣaw3	
佼	kaw2	
佽	tsʰɨ3	
佾	jit4	
使	ʂɨ2	
使	ʂɨ3	
侀	ɣʲiŋ1	
侁	ʂɨn1	
侂	tʰɑk4	
侃	kʰɑn2	
侃	kʰɑn3	
侄	tʂit4	
侅	kʰɑj1	
侅	kɑj1	
侅	ɣaj3	
侅	ɣɑj3	
來	laj1	
侈	tʂʰjɨ2	
侉	ʔʌ3	
侊	kwɑŋ1	
侊	kwiˤŋ1	
例	li3	
侍	ʐjɨ3	
侎	ˀmʲi2	
侏	tʂɥu1	
侐	xʲyj3	
侐	xyjk4	
侑	ɰiw3	
侒	ʔɑn1	
侔	mɨw1	
侖	lyn1	
侗	dʰuŋ1	
侗	tʰuŋ1	
侗	tʰuŋ2	
侘	tɻʰa1	
侘	tɻʰa3	
侙	tɻʰik4	
侚	zyn3	
供	kywŋ1	
供	kywŋ3	
侜	tɻiw1	
依	ʔi1	
侮	ˀʋu2	
侯	ɣɨw1	
侲	tʂin1	
侲	tʂin3	
侳	tswʌ1	
侳	tswʌ3	
侵	tsʰim1	
侶	ˀljɯ2	
侷	ɡywk4	
侸	tɨw1	
侹	tʰiŋ2	
侹	tʰiŋ3	
侺	ʐim3	
侻	tʰwɑt4	
便	bʲʰjɛn1	
便	bʲjɛn3	
俁	ˀŋɥu2	
係	kʲi3	
促	tsʰywk4	
俄	ŋʌ1	
俅	ɡʰiw1	
俆	zjɯ1	
俇	ɡɥɑŋ3	
俇	kɥɑŋ3	
俊	tsyn3	
俋	dɻip4	
俌	fu2	
俍	ˀlɑŋ2	
俎	tʂɯ2	
俏	tsʰjɛw3	
俑	tʰuŋ1	
俑	ˀjywŋ2	
俒	ɣun1	
俒	ɣun3	
俓	ŋʲjɛn1	
俓	ŋiˤŋ1	
俓	kʲiŋ3	
俔	ɣʲjɛn3	
俔	kʲʰjɛn3	
俕	sam3	
俖	pʰuj2	
俗	zywk4	
俘	fu1	
俙	xi1	
俙	xaj1	
俙	xi2	
俚	ˀli2	
俛	ˀmjɛn2	
俜	pʲʰiŋ1	
俜	pʲʰiŋ3	
保	pɑw2	
俞	jɥu1	
俞	tɻʰiw3	
俟	ɡʰi1	
俟	ʐɨ3	
俠	ɣʲjɛp4	
信	sin3	
修	siw1	
俯	fu2	
俰	ɣwʌ3	
俱	kɥu1	
俳	bʰaj1	
俴	dzjɛn3	
俴	tsjɛn2	
俵	pjɛw3	
俶	tʂʰiwk4	
俸	puŋ2	
俸	vuŋ3	
俹	ʔa3	
俺	ʔjɛm3	
俻	bi3	
俾	pʲi2	
倀	tɻʰjɑŋ1	
倀	tɻiˤŋ3	
倃	kɑw1	
倃	ɡiw3	
倄	ɰaw1	
倄	ˀɰyj2	
倅	tsʰuj3	
倅	tsut4	
倇	ʔɥɛn2	
倈	li1	
倉	tsʰɑŋ1	
個	kʌ3	
倌	kwɑn1	
倌	kwan3	
倍	buj3	
倏	ʂiwk4	
倒	tɑw2	
倒	tɑw3	
倓	dʰam1	
倓	dam3	
倔	ɡyt4	
倕	dʐʰyj1	
倖	ɣiˤŋ3	
倗	bʰujŋ1	
倗	pʰujŋ2	
倗	bujŋ3	
候	ɣɨw3	
倚	ʔi2	
倚	ʔi3	
倜	tʰik4	
倝	kɑn3	
倞	ɡiŋ3	
借	tsja3	
借	tsik4	
倠	xʲyj1	
倡	tʂʰjɑŋ1	
倡	tʂʰjɑŋ3	
倢	dzjɛp4	
倣	fɑŋ2	
倥	kʰuŋ1	
倥	kʰuŋ2	
倥	kʰuŋ3	
倦	ɡɥɛn3	
倧	tsuŋ1	
倨	kjɯ3	
倩	tsʰjɛn3	
倩	tsʰiŋ3	
倪	ŋʲi1	
倫	lyn1	
倬	tɻwak4	
倭	ʔyj1	
倭	ʔwʌ1	
倭	ʔwʌ2	
倯	sywŋ1	
倰	lɨjŋ1	
倱	ɣun3	
倲	tuŋ1	
倳	tʂɨ3	
值	dɻi3	
偁	tʂʰiŋ1	
偃	ʔjɛn2	
偄	ˀɻɥɛn2	
偄	nwɑn3	
偅	tʂywŋ3	
偆	tʂʰyn2	
偆	tɻʰyn2	
假	ka2	
假	ka3	
偈	ɡi3	
偈	ɡjɛt4	
偉	ˀɰyj2	
偋	bʲiŋ3	
偎	ʔuj1	
偏	pʲʰjɛn1	
偏	pʲʰjɛn3	
偐	ŋan3	
偑	fuŋ1	
偒	tʰɑŋ2	
偓	ʔak4	
偔	ŋɑk4	
偕	kaj1	
偘	kʰɑn3	
偙	ti3	
偛	tʂap4	
停	dʰiŋ1	
偝	buj3	
偞	jɛp4	
偞	xʲjɛp4	
偟	ɣwɑŋ1	
偠	ʔʲjɛw2	
偡	dɻam3	
偤	jiw1	
健	ɡjɛn3	
偩	vɨw3	
偪	fuk4	
偪	pik4	
偫	dɻi3	
偭	ˀmʲjɛn2	
偭	mʲjɛn3	
偯	ʔi2	
偰	sjɛt4	
偲	sɨ1	
偲	tsʰaj1	
偳	twɑn1	
偳	tʰwɑn1	
側	tʂiˤk4	
偵	tɻʰiŋ1	
偵	tɻiˤŋ3	
偵	tɻʰiŋ3	
偶	ˀŋɨw2	
偶	ŋɨw3	
偷	tʰɨw1	
傀	kuj1	
傀	kʰuj2	
傁	sɨw2	
傂	sɨ1	
傂	dɻʰi1	
傂	dɻi3	
傃	su3	
傄	xwat4	
傅	fu3	
傆	ŋɥɛn3	
傉	nuk4	
傋	kaŋ2	
傋	xaŋ2	
傌	ma3	
傍	bʰɑŋ1	
傍	bɑŋ3	
傎	tjɛn1	
傏	dʰɑŋ1	
傑	ɡjɛt4	
傒	ɣʲi1	
傓	ʂjɛn3	
傔	kʲʰjɛm3	
傕	kak4	
傖	dʐʰiˤŋ1	
傗	tɻʰiwk4	
傘	san2	
備	bi3	
傚	ɣaw3	
傛	jywŋ1	
傛	ˀjywŋ2	
傜	jɛw1	
傝	tʰam3	
傝	tʰap4	
傞	tsʰʌ1	
傞	sʌ1	
傪	tsʰam1	
傪	tsʰam2	
催	tsʰuj1	
傭	jywŋ1	
傭	tɻʰywŋ1	
傮	tsɑw1	
傯	tsuŋ2	
傯	tsuŋ3	
傱	sywŋ2	
傲	ŋɑw3	
傳	dɻʰɥɛn1	
傳	dɻɥɛn3	
傳	tɻɥɛn3	
傴	ʔɥu2	
債	tʂaj3	
債	tʂiˤk4	
傶	tsuk4	
傷	ʂjɑŋ1	
傷	ʂjɑŋ3	
傸	tʂʰaŋ2	
傺	tɻʰi3	
傻	ʂwa2	
傻	ʂwa3	
傾	kʲʰyjŋ1	
傿	ʔjɛn3	
僀	ti3	
僁	sit4	
僁	sjɛt4	
僂	lɨw1	
僂	ˀlɥu2	
僂	lɨw3	
僄	pʲʰjɛw1	
僄	pʲʰjɛw3	
僅	ɡin3	
僆	ˀljɛn2	
僆	ljɛn3	
僇	liw3	
僇	liwk4	
僉	tsʰjɛm1	
僊	sjɛn1	
僋	tʰam3	
僋	lam3	
僎	tsyn1	
僎	dʐwan3	
像	zjɑŋ3	
僐	ʐjɛn3	
僑	ɡʰjɛw1	
僒	ɡyn3	
僓	tʰuj2	
僓	ɣuj3	
僔	tsun2	
僕	buk4	
僖	xi1	
僗	lɑw3	
僘	tʂʰjɑŋ2	
僙	kwɑŋ1	
僚	ljɛw1	
僚	ˀljɛw2	
僛	kʰi1	
僜	tɻʰiŋ1	
僜	dɨjŋ3	
僝	dʐʰan1	
僝	dʐwan3	
僞	ŋyj3	
僟	ki1	
僢	tʂʰyn2	
僣	tʰjɛt4	
僤	dʐʰjɛn1	
僤	dan3	
僥	ŋʲjɛw1	
僦	tsiw3	
僧	sɨjŋ1	
僨	fun3	
僩	ɣan3	
僩	kan2	
僬	dzʰjɛw1	
僬	tsjɛw1	
僬	tsjɛw3	
僭	tsjɛm3	
僮	dʰuŋ1	
僯	ˀlin2	
僰	bujk4	
僵	kjɑŋ1	
僶	ˀmʲin2	
僸	ˀŋim2	
僸	kim3	
價	ka3	
僻	pʲʰik4	
僽	dʐɨw3	
僾	ʔi2	
僾	ʔɑj3	
僿	ʂjɨ3	
儀	ŋi1	
儁	tsyn3	
儂	nuŋ1	
儃	dʰan1	
儃	dʐʰjɛn1	
億	ʔik4	
儅	tɑŋ1	
儅	tɑŋ3	
儆	kiŋ2	
儆	ɡiŋ3	
儇	xʲɥɛn1	
儈	kuj3	
儉	ɡjɛm3	
儊	tʂʰɯ3	
儋	tam1	
儌	kʲjɛw2	
儐	pʲin1	
儐	pʲin3	
儑	ŋɑm3	
儑	ŋɑp4	
儒	ɻɥu1	
儓	dʰaj1	
儓	tʰaj3	
儔	dɻʰiw1	
儔	dɑw3	
儕	dʐʰaj1	
儖	lam1	
儗	ˀŋi2	
儗	ŋi3	
儗	ŋɑj3	
儗	xɑj3	
儛	ˀʋu2	
儜	niˤŋ1	
償	dʐʰjɑŋ1	
償	ʐjɑŋ3	
儠	ljɛp4	
儡	luj1	
儡	ˀluj2	
儢	ˀljɯ2	
儥	duk4	
儥	jiwk4	
儦	pjɛw1	
儩	sɨ3	
優	ʔiw1	
儭	tʂʰɨn3	
儭	tsʰin3	
儯	dʰɨjŋ1	
儰	ˀɰyj2	
儱	ˀluŋ2	
儱	lywŋ3	
儲	dɻʰjɯ1	
儳	dʐʰam1	
儳	dʐam3	
儳	tʂʰam3	
儴	ɻjɑŋ1	
儵	ʂiwk4	
儶	ɣʲyj3	
儷	li3	
儸	lʌ1	
儹	tswɑn2	
儺	nʌ1	
儻	tʰɑŋ2	
儻	tʰɑŋ3	
儼	ˀŋjɛm2	
儽	lyj1	
儽	luj3	
儾	nɑŋ3	
兀	ŋut4	
允	ˀjyn2	
兂	tʂɨm1	
元	ŋɥɛn1	
兄	xyjŋ1	
充	tʂʰiwŋ1	
兆	dɻjɛw3	
兇	xywŋ1	
兇	xywŋ2	
先	sjɛn1	
先	sjɛn3	
光	kwɑŋ1	
光	kwɑŋ3	
克	kʰɨjk4	
兌	duj3	
免	ˀmjɛn2	
兒	ɻjɨ1	
兒	ŋʲi1	
兓	tsim1	
兔	tʰu3	
兕	zɨ3	
兗	ˀjɥɛn2	
兜	tɨw1	
兟	ʂɨn1	
兢	kiŋ1	
入	ɻip4	
內	nuj3	
全	dzʰɥɛn1	
兩	ˀljɑŋ2	
兩	ljɑŋ3	
八	pat4	
公	kuŋ1	
六	liwk4	
兮	ɣʲi1	
共	kywŋ1	
共	ɡywŋ3	
兵	piŋ1	
其	ɡʰi1	
其	ki1	
具	ɡɥu3	
典	tjɛn2	
兹	dzʰɨ1	
兹	tsɨ1	
兼	kʲjɛm1	
兼	kʲjɛm3	
兾	ki3	
冀	ki3	
冂	mʲik4	
冃	mɑw3	
冉	ɻjɛm1	
冉	ˀɻjɛm2	
冊	tʂʰiˤk4	
冋	kʲyjŋ1	
冋	ɣʲyjŋ3	
再	tsaj3	
冎	kwa2	
冑	dɻiw3	
冒	mɑw3	
冒	mujk4	
冓	kɨw1	
冓	kɨw3	
冔	xɥu2	
冕	ˀmjɛn2	
冘	jiw1	
冘	jim1	
冞	mʲi1	
冟	ʂik4	
冠	kwɑn1	
冠	kwɑn3	
冡	muŋ1	
冢	tɻywŋ2	
冤	ʔɥɛn1	
冥	mʲiŋ1	
冫	piŋ1	
冬	tuŋ1	
冰	piŋ1	
冱	ɣu3	
况	xɥɑŋ3	
冶	ˀja2	
冷	liŋ1	
冷	ˀliˤŋ2	
冷	ˀliŋ2	
冸	pʰwɑn3	
冹	fut4	
冹	fat4	
冽	ljɛt4	
凄	tsʰi1	
凅	ku3	
准	tʂyn2	
凇	zywŋ1	
凇	sywŋ1	
凇	suŋ3	
凈	tʂʰiˤŋ1	
凉	ljɑŋ1	
凊	tsʰiŋ3	
凋	tjɛw1	
凌	liŋ1	
凍	tuŋ1	
凍	tuŋ3	
凒	ŋi1	
凓	lit4	
凔	tsʰɑŋ1	
凔	tʂʰaŋ3	
凘	sɨ1	
凙	dɑk4	
凚	ɡim3	
凜	ɡʰim1	
凜	ˀlim2	
凝	ŋiŋ1	
凝	ŋiŋ3	
几	ki2	
凡	vam1	
凭	bʰiŋ1	
凭	biŋ3	
凰	ɣwɑŋ1	
凱	kʰɑj2	
凳	tɨjŋ3	
凵	kʰjɛm2	
凶	xywŋ1	
凷	kʰuj3	
凸	dut4	
凸	djɛt4	
凹	ʔap4	
出	tʂʰyj3	
出	tʂʰyt4	
函	ɣɑm1	
函	ɣam1	
刀	tɑw1	
刁	tjɛw1	
刃	ɻin3	
分	fun1	
分	vun3	
切	tsʰi3	
切	tsʰjɛt4	
刈	ŋi3	
刊	kʰɑn1	
刌	tsʰun2	
刎	ˀʋun2	
刏	ɡʰi1	
刏	ki1	
刏	kuj3	
刑	ɣʲiŋ1	
划	ɣwa1	
划	kwʌ2	
划	kwʌ3	
刓	ŋwɑn1	
刕	li1	
刖	ŋɥɛt4	
刖	ŋut4	
刖	ŋwat4	
列	tɻɥu1	
列	ljɛt4	
刜	vut4	
刜	fut4	
初	tʂʰɯ1	
刞	tsʰjɯ3	
刡	ˀmʲin2	
刢	liŋ1	
判	pʰwɑn3	
別	bjɛt4	
別	pjɛt4	
利	li3	
刪	ʂan1	
刮	kwat4	
到	tɑw3	
刱	tʂʰaŋ3	
刲	kʲʰyj1	
刳	kʰu1	
刵	ɻjɨ3	
制	tʂi3	
刷	ʂwat4	
券	kʰɥɛn3	
刹	tʂʰat4	
刺	tsʰɨ3	
刺	tsʰik4	
刻	kʰɨjk4	
刾	tsʰɨ3	
剁	twʌ3	
剃	tʰi3	
剄	kʲiŋ2	
剅	tɨw1	
剆	lʌ1	
剆	ˀlʌ2	
則	tsɨjk4	
剈	ʔʲɥɛn1	
剉	tsʰwʌ3	
削	sjɑk4	
剋	kʰɨjk4	
剌	lat4	
前	dzʰjɛn1	
剒	tsʰɑk4	
剔	tʰik4	
剖	fu2	
剖	pʰɨw2	
剗	tʂʰan2	
剚	tʂɨ3	
剛	kɑŋ1	
剜	ʔwɑn1	
剝	pak4	
剞	ki2	
剟	twɑt4	
剟	tɻɥɛt4	
剠	ɡʰiŋ1	
剡	ˀjɛm2	
剡	ʐjɛm3	
剢	tuk4	
剨	xwiˤk4	
剩	ʐiŋ3	
剪	tsjɛn2	
剫	dɑk4	
剬	twɑn1	
剬	tʂɥɛn2	
剭	ʔuk4	
剮	kwa2	
副	fu3	
副	fuk4	
副	pʰik4	
割	kɑt4	
剴	kɑj1	
剴	ŋɑj1	
創	tʂʰaŋ1	
創	tʂʰaŋ3	
剶	tsɥɛn1	
剶	tɻʰɥɛn1	
剸	dʰwɑn1	
剸	tʂɥɛn2	
剸	tʂɥɛn3	
剹	liwk4	
剺	li1	
剽	bʲʰjɛw1	
剽	pʲʰjɛw3	
剾	ʔɨw1	
剾	kʰɨw1	
剿	tsjɛw2	
劀	kwat4	
劁	dzʰjɛw1	
劁	dzjɛw3	
劂	kɥɛt4	
劃	ɣwiˤk4	
劃	xwiˤk4	
劄	tɻap4	
劇	ɡik4	
劈	pʲʰik4	
劉	liw1	
劊	kuj3	
劊	kwɑt4	
劋	tsjɛw2	
劌	kyj3	
劐	xwɑk4	
劑	tsyj1	
劑	dzi3	
劒	kjɛm3	
劓	ŋi3	
劕	tʂit4	
劖	dʐʰam1	
劗	dzʰwɑn1	
劗	tswɑn1	
劘	mwʌ1	
劙	li1	
劙	ˀli2	
劙	li3	
力	lik4	
劜	ʔat4	
功	kuŋ1	
加	ka1	
劣	lɥɛt4	
劤	kin3	
劥	kʰiˤŋ1	
劦	ɣʲjɛp4	
助	dʐɯ3	
努	ˀnu2	
劫	kjɛp4	
劬	ɡʰɥu1	
劭	ʐjɛw3	
劮	jit4	
効	ɣaw3	
劺	mɨw1	
劻	kʰɥɑŋ1	
劼	kʰat4	
劾	kʰaj3	
劾	ɣɑj3	
劾	ɣɨjk4	
勀	kʰɨjk4	
勁	kʲiŋ3	
勃	but4	
勅	tɻʰik4	
勇	ˀjywŋ2	
勉	ˀmjɛn2	
勍	ɡʰiŋ1	
勑	laj3	
勒	lɨjk4	
勔	ˀmʲjɛn2	
動	duŋ3	
勖	xywk4	
勘	kʰɑm3	
務	ʋu3	
勛	xyn1	
勜	ʔuŋ2	
勝	ʂiŋ1	
勝	ʂiŋ3	
勞	lɑw1	
勞	lɑw3	
募	mu3	
勠	liw1	
勠	liw3	
勠	liwk4	
勡	pʲʰjɛw3	
勢	ʂi3	
勣	tsik4	
勤	ɡʰin1	
勥	ɡʰjɑŋ1	
勥	ɡjɑŋ3	
勦	dʐʰaw1	
勦	tsjɛw2	
勨	ˀjɑŋ2	
勨	zjɑŋ3	
勩	ji3	
勬	kɥɛn1	
勬	kɥɛn3	
勮	ɡjɯ3	
勰	ɣʲjɛp4	
勱	maj3	
勳	xyn1	
勴	ljɯ3	
勵	li3	
勷	ɻjɑŋ1	
勸	kʰɥɛn3	
勹	paw1	
勺	tʂjɑk4	
勺	ʐjɑk4	
勻	jyn1	
勼	kiw1	
勽	ˀʋun2	
勽	bɑw3	
勿	ʋut4	
匃	kɑj3	
匃	kɑt4	
包	paw1	
匈	xywŋ1	
匉	pʰiˤŋ1	
匊	kiwk4	
匋	dʰɑw1	
匌	kɑp4	
匌	kʰɑp4	
匍	bʰu1	
匏	bʰaw1	
匐	vuk4	
匐	bujk4	
匑	kiwŋ1	
匑	kʰiwŋ1	
匓	kiw3	
匕	pʲi2	
化	xwa3	
北	pujk4	
匙	dʐʰjɨ1	
匚	fɑŋ1	
匜	ji1	
匜	ˀji2	
匠	dzjɑŋ3	
匡	kʰɥɑŋ1	
匣	ɣap4	
匤	kʰywk4	
匥	bjɛn3	
匧	kʲʰjɛp4	
匨	tsɑŋ1	
匪	fʲi2	
匫	xut4	
匭	kyj2	
匯	kʰwaj1	
匯	ɣuj3	
匰	tan1	
匱	ɡyj3	
匳	ljɛm1	
匴	swɑn2	
匵	duk4	
匶	ɡiw3	
匸	ɣʲi3	
匹	pʲʰit4	
医	ʔʲi3	
匽	ʔjɛn2	
匾	pʲjɛn2	
匿	nik4	
區	kʰɥu1	
區	ʔɨw1	
十	ʐip4	
卂	tɻyj3	
卂	sin3	
千	tsʰjɛn1	
卅	sap4	
升	ʂiŋ1	
午	ˀŋu2	
卉	xyj2	
卉	xyj3	
半	pwɑn3	
卌	sip4	
卑	pʲi1	
卒	tsyt4	
卒	tsʰut4	
卒	tsut4	
卓	tɻwak4	
協	ɣʲjɛp4	
南	nam1	
卙	tʂʰip4	
博	pɑk4	
卛	kɥɛn3	
卜	puk4	
卝	ɣwiˤŋ3	
卞	bjɛn3	
卟	kʲi1	
卟	kʲʰi2	
占	tʂjɛm1	
占	tʂjɛm3	
卣	jiw1	
卣	ˀjiw2	
卤	si1	
卦	kwa3	
卬	ŋɑŋ1	
卬	ˀŋjɑŋ2	
卯	ˀmaw2	
印	ʔʲin3	
危	ŋyj1	
卲	ʐjɛw3	
即	tsik4	
却	kʰjɑk4	
卵	ˀlwɑn2	
卵	ˀlwʌ2	
卶	ʂjɨ3	
卶	tʂʰjɨ3	
卷	ɡʰɥɛn1	
卷	ɡɥɛn3	
卷	kɥɛn2	
卷	kɥɛn3	
卸	sja3	
卹	syt4	
卻	kjɑk4	
卻	kʰjɑk4	
卽	tsik4	
卿	kʰiŋ1	
厀	sit4	
厂	xɑn2	
厂	xɑn3	
厃	tʂjɛm1	
厄	ʔiˤk4	
厇	tɻiˤk4	
厊	ˀŋa2	
厎	tʂjɨ2	
厏	tʂa2	
厏	dʐa3	
厒	kʰɑp4	
厓	ŋaj1	
厖	maŋ1	
厗	dʰi1	
厙	ʂja3	
厚	ɣɨw3	
厜	tsyj1	
厝	tsʰu3	
厝	tsʰɑk4	
原	ŋɥɛn1	
厤	lik4	
厥	kyt4	
厥	kɥɛt4	
厧	tjɛn1	
厬	kyj2	
厭	ʔʲjɛm2	
厭	ʔʲjɛm3	
厭	ʔʲjɛp4	
厱	kʰam1	
厱	kʰjɛm1	
厲	li3	
厴	ʔʲjɛm2	
厵	ŋɥɛn1	
厶	sɨ1	
厸	ˀmʲjɛm2	
厹	ɡʰiw1	
去	kʰjɯ2	
去	kʰjɯ3	
厽	ˀlyj2	
叀	ʐɥɛn3	
參	ʂɨm1	
參	tʂʰɨm1	
參	tsʰam1	
參	sam1	
參	tsʰam3	
又	ɰiw3	
叉	tʂʰa1	
及	ɡip4	
友	ˀɰiw2	
反	fan1	
反	fan2	
叒	ɻjɑk4	
叔	ʂiwk4	
叕	tɻɥɛt4	
取	tsʰɥu2	
取	tsʰɨw2	
受	ʐiw3	
叚	ka2	
叛	bwɑn3	
叜	sɨw2	
叟	sɨw2	
叡	jyj3	
叢	dzʰuŋ1	
口	kʰɨw2	
古	ku2	
句	ɡʰɥu1	
句	kɨw1	
句	kɥu3	
句	kɨw3	
叨	tʰɑw1	
叩	kʰɨw2	
只	tʂjɨ1	
只	tʂjɨ2	
叫	kʲjɛw3	
召	dɻjɛw3	
召	ʐjɛw3	
叮	tiŋ1	
可	kʰʌ2	
台	ji1	
台	tʰaj1	
叱	tʂʰit4	
史	ʂɨ2	
右	ˀɰiw2	
右	ɰiw3	
叴	ɡʰiw1	
叵	pʰwʌ2	
叶	ɣʲjɛp4	
号	ɣɑw3	
司	sɨ1	
叿	xuŋ1	
吁	xɥu1	
吁	ɰɥu3	
吂	mɑŋ1	
吂	mɑŋ3	
吃	kit4	
各	kɑk4	
吅	xɥɛn1	
吅	zywŋ3	
合	ɣɑp4	
合	kɑp4	
吉	kʲit4	
同	dʰuŋ1	
名	mʲiŋ1	
后	ɣɨw3	
吏	li3	
吐	tʰu2	
吐	tʰu3	
向	ʂjɑŋ3	
向	xjɑŋ3	
吒	tɻa3	
君	kyn1	
吝	lin3	
吞	tʰɨn1	
吞	tʰjɛn1	
吟	ŋim1	
吟	ŋim3	
吠	vʲi3	
吡	pʲʰi2	
吡	bʲit4	
吣	tsʰim3	
否	bi3	
否	fu2	
吧	pʰa1	
吧	pa1	
吨	tʰun2	
吪	ŋwʌ1	
含	ɣɑm1	
听	ˀŋin2	
吭	ɣɑŋ1	
吭	ɣɑŋ3	
吮	ʐyn3	
吮	dzɥɛn3	
启	kʲʰi2	
吰	ɣwiˤŋ1	
吱	kʲʰi3	
吳	ŋu1	
吵	ˀmʲjɛw2	
吵	tʂʰaw2	
吶	nɥɛt4	
吷	xʲɥɛt4	
吸	xip4	
吹	tʂʰyj1	
吹	tʂʰyj3	
吺	tɨw1	
吻	ˀʋun2	
吼	xɨw2	
吼	xɨw3	
吽	xɨw2	
吾	ŋu1	
吾	ŋa1	
呀	ŋa1	
呀	xa1	
呁	kʲyn3	
呂	ˀljɯ2	
呈	dɻʰiŋ1	
呈	dɻiŋ3	
告	kɑw3	
告	kuk4	
呝	ʔaj3	
呝	ʔiˤk4	
呞	ʂjɨ1	
呢	ni1	
呣	mɨw1	
呤	liŋ1	
呥	ɻjɛm1	
呦	ʔʲiw1	
周	tʂiw1	
呪	tʂiw3	
呫	tʰjɛp4	
呬	xi3	
呭	ji3	
呰	tsɨ2	
呱	ku1	
味	ʋʲi3	
呴	xɨw2	
呴	xɥu3	
呵	xʌ1	
呵	xʌ3	
呶	naw1	
呷	xap4	
呺	xjɛw1	
呻	ʂin1	
呼	xu1	
命	miŋ3	
呾	tat4	
呾	ʔat4	
呿	kʰja1	
呿	kʰjɯ3	
呿	kʰjɛp4	
咀	dzjɯ3	
咀	tsjɯ2	
咄	tut4	
咄	twɑt4	
咅	tʰɨw3	
咆	bʰaw1	
咇	bʲit4	
咇	pit4	
咇	bʲjɛt4	
咈	vut4	
咉	ʔɑŋ1	
咉	ʔɑŋ2	
咊	ɣwʌ1	
咋	tʂa3	
咋	dʐiˤk4	
咋	tʂiˤk4	
和	ɣwʌ1	
和	ɣwʌ3	
咍	xɑj1	
咎	kɑw1	
咎	ɡiw3	
咏	ɰyjŋ3	
咟	ɣwiˤk4	
咠	tsʰip4	
咠	tsip4	
咡	ɻjɨ1	
咡	ɻjɨ3	
咢	ŋɑk4	
咤	tɻa1	
咤	tɻa3	
咥	tɻʰit4	
咥	djɛt4	
咥	tjɛt4	
咦	xʲi1	
咨	tsɨ1	
咫	tʂjɨ2	
咬	kaw1	
咬	ʔaw1	
咭	xʲit4	
咭	kʰat4	
咮	tʂɥu1	
咮	tɻiw1	
咮	tɻɥu3	
咮	tɻiw3	
咰	ʂut4	
咳	ɣɑj1	
咶	xwaj3	
咶	ɣwat4	
咷	dʰɑw1	
咷	tʰjɛw3	
咸	ɣam1	
咹	ʔɑt4	
咺	xɥɛn2	
咻	xiw1	
咻	xɥu2	
咼	kʰwa1	
咽	ʔʲjɛn1	
咽	ʔʲjɛn3	
咽	ʔʲjɛt4	
咿	ʔʲi1	
哀	ʔɑj1	
品	pʰim2	
哂	ʂin2	
哃	dʰuŋ1	
哄	ɣuŋ3	
哆	tɻʰa1	
哆	tʂʰjɨ2	
哆	tʌ2	
哆	tʂʰja2	
哆	tʂʰjɨ3	
哆	tʌ3	
哆	tɻa3	
哇	ʔa1	
哇	ʔwa1	
哈	ŋɑp4	
哉	tsaj1	
哊	ɰiwk4	
員	ɰyn1	
員	ɰɥɛn1	
員	ɰyn3	
哢	luŋ3	
哤	maŋ1	
哥	kʌ1	
哦	ŋʌ1	
哨	sjɛw1	
哨	tsʰjɛw3	
哪	ˀnʌ2	
哪	ˀna2	白
哫	tsywk4	
哭	kʰuk4	
哮	xaw1	
哮	xaw3	
哯	ɣʲjɛn3	
哰	lɑw1	
哱	pʰut4	
哲	tɻjɛt4	
哳	tɻat4	
哴	lɑŋ1	
哴	ljɑŋ3	
哵	pat4	
哷	lɥɛt4	
哹	fɨw1	
哹	vɨw1	
哺	bu3	
哽	kiˤŋ2	
哿	kʌ2	
唁	ŋjɛn3	
唂	kuk4	
唄	baj3	
唅	xɑm1	
唅	ɣɑm3	
唆	swʌ1	
唇	tʂin1	
唈	ʔip4	
唈	ʔɑp4	
唉	ʔɑj1	
唉	ʔaj2	
唊	kʲjɛp4	
唌	dʰan1	
唏	xi2	
唏	xi3	
唐	dʰɑŋ1	
唧	tsit4	
唧	tsik4	
唪	buŋ3	
唪	vuŋ3	
唫	ŋim1	
唫	ɡim3	
唬	xa3	
唬	kwiˤk4	
唭	kʰi3	
售	ʐiw3	
唯	jyj1	
唯	ˀjyj2	
唱	tʂʰjɑŋ3	
唲	ɻjɨ1	
唲	ʔaj1	
唳	li3	
唳	ljɛt4	
唴	kʰjɑŋ3	
唵	ʔɑm2	
唶	tsja3	
唸	tjɛn3	
唸	tjɛm3	
唹	ʔjɯ1	
唻	laj1	
唻	ˀlaj2	
唾	tʰwʌ3	
啀	ŋaj1	
啁	tɻaw1	
啁	tɻiw1	
啂	ˀnɨw2	
啄	tuk4	
啄	tɻwak4	
啅	tɻwak4	
商	ʂjɑŋ1	
啇	tik4	
啉	lam1	
啌	xaŋ1	
啍	dʰun1	
啎	ŋu3	
問	ʋun3	
啐	tʂʰwaj3	
啐	tsʰuj3	
啐	suj3	
啐	tsyt4	
啑	ti3	
啑	ʂap4	
啒	kut4	
啒	xut4	
啓	kʲʰi2	
啕	dʰɑw1	
啖	dam3	
啗	dam3	
啙	tsi1	
啙	tsɨ2	
啙	dzi3	
啚	dʰu1	
啚	pi2	
啜	tɻyj3	
啜	ʐyj3	
啜	tʂʰɥɛt4	
啜	tɻɥɛt4	
啜	ʐɥɛt4	
啞	ʔa2	
啞	ʔa3	
啞	ʔiˤk4	
啡	pʰuj2	
啺	dʰɑŋ1	
啻	ʂjɨ3	
啼	dʰi1	
啾	tsiw1	
喀	kʰiˤk4	
喁	ŋywŋ1	
喃	nam1	
善	ʐjɛn3	
喅	jiwk4	
喆	tɻjɛt4	
喈	kaj1	
喉	ɣɨw1	
喊	xɑm2	
喊	ɣam3	
喊	xam2	
喋	djɛp4	
喋	tjɛp4	
喋	dɻap4	
喌	tʂiw1	
喌	tʂiwk4	
喎	kʰwa1	
喑	ʔim1	
喑	ʔɑm1	
喑	ʔim3	
喓	ʔʲjɛw1	
喔	ʔak4	
喗	ˀŋyn2	
喘	tʂʰɥɛn2	
喙	xyj3	
喚	xwɑn3	
喛	xɥɛn1	
喛	xwɑn3	
喜	xi2	
喝	ʔaj3	
喝	xɑt4	
喟	kʰyj3	
喟	kʰwaj3	
喠	tʂywŋ2	
喠	tʂʰywŋ2	
喢	tʂʰjɛp4	
喢	ʂap4	
喢	tʂʰap4	
喣	xɥu2	
喤	ɣwiˤŋ1	
喤	xwiˤŋ1	
喥	dɑk4	
喦	ɻjɛp4	
喧	xɥɛn1	
喪	sɑŋ1	
喪	sɑŋ3	
喫	kʲʰik4	
喬	kjɛw1	
喬	ɡʰjɛw1	
喭	ŋɑn3	
喭	ŋjɛn3	
單	tan1	
單	dʐʰjɛn1	
單	ʐjɛn3	
喻	jɥu3	
喿	sɑw3	
嗀	xuk4	
嗀	xak4	
嗁	dʰi1	
嗂	jɛw1	
嗃	xaw1	
嗃	xaw3	
嗃	xɑk4	
嗄	ʔaj3	
嗄	ʂa3	
嗇	ʂiˤk4	
嗈	ʔywŋ1	
嗉	su3	
嗊	xuŋ2	
嗋	xjɛp4	
嗌	ʔʲik4	
嗑	ɣɑp4	
嗑	kɑp4	
嗒	tap4	
嗒	tʰap4	
嗔	tʂʰin1	
嗔	dʰjɛn1	
嗕	ɻywk4	
嗗	ʔwat4	
嗙	piˤŋ1	
嗚	ʔu1	
嗛	kʲʰjɛm2	
嗜	ʐjɨ3	
嗝	kiˤk4	
嗞	tsɨ1	
嗟	tsja1	
嗢	ʔut4	
嗢	ʔwat4	
嗣	zɨ3	
嗤	tʂʰjɨ1	
嗥	ɣɑw1	
嗷	ŋɑw1	
嗸	ŋɑw1	
嗹	ljɛn1	
嗺	suj1	
嗺	tsuj1	
嗻	tʂja3	
嗼	mɑk4	
嗼	miˤk4	
嗽	sɨw3	
嗽	suk4	
嗽	ʂwak4	
嗾	sɨw2	
嗾	sɨw3	
嗾	tsʰɨw3	
嗿	tʰam2	
嘁	tsap4	
嘂	kʲjɛw3	
嘄	ŋʲjɛw3	
嘅	kʰɑj3	
嘆	tʰan1	
嘆	tʰan3	
嘈	dzʰɑw1	
嘉	ka1	
嘌	pʲʰjɛw1	
嘍	lɨw1	
嘍	ˀlɨw2	
嘎	kat4	
嘏	ka2	
嘐	kaw1	
嘐	xaw1	
嘑	xu1	
嘒	xʲyj3	
嘓	kwiˤk4	
嘔	ʔɨw1	
嘔	ʔɨw2	
嘕	xjɛn1	
嘖	tʂiˤk4	
嘖	dʐiˤk4	
嘗	dʐʰjɑŋ1	
嘪	ˀmaj2	
嘫	nan1	
嘬	tʂʰwaj3	
嘮	tɻʰaw1	
嘯	sjɛw3	
嘰	ki1	
嘲	tɻaw1	
嘳	kʰyj3	
嘳	kʰwaj3	
嘵	xʲjɛw1	
嘶	si1	
嘹	ljɛw1	
嘹	ljɛw3	
嘺	ɡʲʰjɛw1	
嘻	xi1	
嘼	xiw3	
嘽	tʰan1	
嘽	tʂʰjɛn2	
嘾	dam3	
噁	ʔu3	
噂	tsun2	
噅	xyj1	
噆	tsʰam2	
噆	tsap4	
噇	dɻʰwaŋ1	
噈	tsiwk4	
噉	dam3	
噊	ʐyt4	
噊	jyt4	
噋	tʰun1	
噋	kʰwɑk4	
噌	tʂʰiˤŋ1	
噍	tsjɛw1	
噍	dzjɛw3	
噎	ʔʲjɛt4	
噏	xip4	
噓	xjɯ1	
噓	xjɯ3	
噞	ˀŋjɛm2	
噞	ŋjɛm3	
噟	ʔiŋ3	
噡	tʂjɛm1	
噢	ʔɥu2	
噢	ʔiwk4	
噣	tɻiw3	
噣	tɨw3	
噣	tʂywk4	
噣	tɻwak4	
噤	ɡim3	
噥	nuŋ1	
噥	nwaŋ1	
噦	xuj3	
噦	ʔɥɛt4	
噧	xaj3	
噧	tʰat4	
器	kʰi3	
噩	ŋɑk4	
噪	sɑw3	
噫	ʔi1	
噫	ʔaj3	
噬	ʐi3	
噭	kʲjɛw3	
噮	ʔʲɥɛn3	
噰	ʔywŋ1	
噱	ɡjɑk4	
噲	kʰwaj3	
噳	ˀŋɥu2	
噴	pʰun1	
噴	pʰun3	
噿	tsyj2	
嚀	niŋ1	
嚂	xɑm2	
嚂	kʰɑm3	
嚂	lam3	
嚃	tʰap4	
嚄	ɣwiˤk4	
嚅	ɻɥu1	
嚇	xa3	
嚇	xiˤk4	
嚊	pʰi3	
嚌	dzi3	
嚏	ti3	
嚖	xʲyj3	
嚗	pak4	
嚘	ʔiw1	
嚚	ŋin1	
嚛	xuk4	
嚜	mi3	
嚝	xwiˤŋ1	
嚞	tɻjɛt4	
嚥	ʔʲjɛn3	
嚧	lu1	
嚨	luŋ1	
嚫	tʂʰɨn3	
嚬	bʲʰin1	
嚭	pʰi2	
嚮	xjɑŋ2	
嚮	xjɑŋ3	
嚱	xi3	
嚲	tʌ2	
嚳	kʰuk4	
嚴	ŋjɛm1	
嚵	dʐʰam1	
嚵	dzjɛm3	
嚵	tʂʰam3	
嚶	ʔiˤŋ1	
嚼	dzjɑk4	
嚾	xwɑn3	
囀	tɻɥɛn3	
囁	ɻjɛp4	
囁	tʂjɛp4	
囂	xjɛw1	
囃	tsʰap4	
囈	ŋʲi3	
囉	lʌ1	
囊	nɑŋ1	
囋	dzan3	
囋	dzat4	
囏	kan1	
囐	dzat4	
囑	tʂywk4	
囗	ɰyj1	
囚	ziw1	
四	sɨ3	
回	ɣuj1	
囟	sin3	
因	ʔʲin1	
囤	dun3	
囦	ʔʲɥɛn1	
囧	kyjŋ2	
囩	ɰyn1	
囪	tsʰuŋ1	
囪	tʂʰwaŋ1	
园	ŋwɑn1	
囮	ŋwʌ1	
囮	jiw1	
困	kʰun3	
囷	kʰyn1	
囹	liŋ1	
固	ku3	
囿	ɰiw3	
囿	ɰiwk4	
圁	ŋin1	
圂	ɣun3	
圃	pu2	
圃	pu3	
圄	ˀŋjɯ2	
圅	ɣɑm1	
圈	ɡɥɛn3	
圉	ˀŋjɯ2	
圊	tsʰiŋ1	
國	kujk4	
圌	dʐʰyj1	
圌	dʐʰɥɛn1	
圍	ɰyj1	
圍	ɰyj3	
園	ɰɥɛn1	
圓	ɰɥɛn1	
圔	ʔap4	
圖	dʰu1	
團	dʰwɑn1	
圛	jik4	
圜	ɣwan1	
圜	ɰɥɛn1	
圝	lwɑn1	
土	tʰu2	
土	du3	
圠	ʔat4	
圢	tʰjɛn2	
圢	tʰiŋ2	
圣	kʰut4	
圤	pʰak4	
在	dzaj3	
圪	ŋit4	
圬	ʔu1	
圭	kʲyj1	
圮	bi3	
圯	ji1	
地	di3	
圱	tsʰjɛn1	
圻	ɡʰi1	
圻	ŋin1	
圻	ŋɨn1	
圼	njɛt4	
圿	kat4	
址	tʂjɨ2	
坁	tʂjɨ2	
坂	fan2	
坄	dʰɨw1	
坄	jyjk4	
坅	kʰim2	
均	kʲyn1	
坉	dʰun1	
坉	dun3	
坊	vɑŋ1	
坊	fɑŋ1	
坌	vun3	
坌	bun3	
坎	kʰɑm2	
坐	dzwʌ3	
坑	kʰiˤŋ1	
坒	bʲi3	
坒	bʲit4	
坡	pʰwʌ1	
坢	pʰwɑn2	
坣	dʰɑŋ1	
坤	kʰun1	
坥	tsʰjɯ1	
坥	tsʰjɯ3	
坦	tʰan2	
坩	kʰɑm1	
坪	bʰiŋ1	
坪	biŋ3	
坫	tɻim1	
坫	tjɛm3	
坬	kwa3	
坭	ˀni2	
坯	pʰuj1	
坰	kʲyjŋ1	
坱	ʔɑŋ2	
坲	vut4	
坳	ʔaw1	
坴	liwk4	
坷	kʰʌ2	
坷	kʰʌ3	
坹	xʲɥɛt4	
坹	ɣʲɥɛt4	
坺	vat4	
坺	bwɑt4	
坻	dɻʰi1	
坻	tʂjɨ2	
坻	ti2	
坼	tɻʰiˤk4	
坿	vu1	
坿	vu3	
垂	dʐʰyj1	
型	ɣʲiŋ1	
垍	ɡi3	
垎	ɣiˤk4	
垐	dzʰɨ1	
垐	dzik4	
垑	tʂʰjɨ2	
垒	ˀlyj2	
垒	lyj3	
垓	kɑj1	
垔	ʔʲin1	
垕	ɣɨw3	
垗	dɻjɛw3	
垘	bujk4	
垙	kwɑŋ1	
垚	ŋʲjɛw1	
垛	dwʌ3	
垝	kyj2	
垝	kyj3	
垠	ŋin1	
垠	ŋɨn1	
垡	vat4	
垢	kɨw2	
垣	ɰɥɛn1	
垤	djɛt4	
垶	syjŋ1	
垷	kʲjɛn2	
垷	ɣʲjɛn3	
垸	ɣwɑn1	
垸	ɣwɑn3	
垹	paŋ1	
垻	pa3	
垼	jyjk4	
垽	ŋin3	
垾	ɣɑn3	
埂	kiˤŋ1	
埂	kiˤŋ2	
埃	ʔɑj1	
埆	kʰak4	
埇	ˀjywŋ2	
埈	syn3	
埋	maj1	
埌	lɑŋ3	
埍	ɣʲɥɛn3	
埍	kʲɥɛn2	
城	dʐʰiŋ1	
埏	jɛn1	
埏	ʂjɛn1	
埐	tsim1	
埐	dzʰim1	
埒	lɥɛt4	
埝	tjɛm3	
埝	njɛp4	
域	ɰyjk4	
埢	kɥɛn2	
埤	bʲʰi1	
埧	ɡɥu3	
埩	dʐʰiˤŋ1	
埩	tʂiˤŋ1	
埪	kʰuŋ1	
埫	tɻʰywŋ2	
埬	tuŋ1	
埭	daj3	
埯	ʔɑm2	
埯	ʔjɛm2	
埰	tsʰaj3	
埱	tʂʰiwk4	
埲	buŋ3	
埳	kʰɑm2	
埴	tʂʰjɨ3	
埴	ʐik4	
埵	twʌ2	
埶	ŋʲi3	
執	tʂip4	
埸	jik4	
培	bʰuj1	
培	bɨw3	
基	ki1	
埻	tʂyn2	
埻	kwɑk4	
埻	kwiˤk4	
埽	sɑw2	
埽	sɑw3	
埾	dzɥu3	
埿	ni1	
埿	ni3	
埿	bam3	
堀	ɡyt4	
堀	kʰut4	
堁	kʰwʌ2	
堁	kʰuj3	
堁	kʰwʌ3	
堂	dʰɑŋ1	
堄	ˀŋʲi2	
堄	ŋʲi3	
堅	kʲjɛn1	
堆	tuj1	
堇	ɡʰin1	
堇	kin2	
堈	kɑŋ1	
堉	jiwk4	
堊	ʔɑk4	
堋	bʰujŋ1	
堋	pʰujŋ1	
堋	pujŋ3	
堖	ˀnɑw2	
堗	dut4	
堙	ʔʲin1	
堛	pʰik4	
堜	ljɛn3	
堝	kwʌ1	
堞	djɛp4	
堟	dɻɥɛn3	
堠	ɣɨw3	
堡	pɑw2	
堢	pɑw2	
堣	ŋɥu1	
堤	dʐʰjɨ1	
堤	ti1	
堤	ti2	
堥	mɑw1	
堥	mɨw1	
堦	kaj1	
堧	ɻɥɛn1	
堧	nwʌ3	
堨	ʔɑt4	
堩	kɨjŋ3	
堪	kʰɑm1	
堫	tsuŋ1	
堫	tʂʰwaŋ1	
堬	jɥu1	
堭	ɣwɑŋ1	
堮	ŋɑk4	
堯	ŋʲjɛw1	
堰	ʔjɛn2	
堰	ʔjɛn3	
報	pɑw3	
堲	tsit4	
堲	tsik4	
堲	dzik4	
場	dɻʰjɑŋ1	
堵	tu2	
堵	tʂja2	
堶	dʰwʌ1	
堸	vuŋ1	
堹	tɻywŋ3	
塈	ɡi3	
塈	xi3	
塉	dzik4	
塊	kʰuj3	
塋	jyjŋ1	
塍	ʐiŋ1	
塎	ˀjywŋ2	
塏	kʰɑj2	
塐	su3	
塑	su3	
塒	dʐʰjɨ1	
塓	mʲik4	
塔	tʰap4	
塕	ʔuŋ2	
塖	ʐiŋ1	
塗	dʰu1	
塗	dɻʰa1	
塘	dʰɑŋ1	
塙	kʰak4	
塚	tɻywŋ2	
塛	lit4	
塞	saj3	
塞	sɨjk4	
塠	tuj1	
塢	ʔu2	
塣	dɻiŋ3	
塤	xɥɛn1	
塩	jɛm1	
填	tɻin1	
填	dʰjɛn1	
填	tɻin3	
填	djɛn3	
塯	liw3	
塲	ʂjɑŋ1	
塵	dɻʰin1	
塸	ʔɨw2	
塹	tsʰjɛm3	
塺	muj1	
塺	mwʌ3	
塻	mɑk4	
塽	ʂaŋ2	
塾	ʐiwk4	
塿	ˀlɨw2	
墀	dɻʰi1	
墁	mwɑn1	
墁	mwɑn3	
境	kiŋ2	
墄	tsʰɨjk4	
墅	ʐjɯ3	
墆	di3	
墆	djɛt4	
墇	tʂjɑŋ1	
墇	tʂjɑŋ3	
墉	jywŋ1	
墊	tjɛm3	
墊	djɛp4	
墋	tʂʰɨm2	
墌	tʂik4	
墐	ɡʰin1	
墐	ɡin3	
墓	mu3	
墜	dɻyj3	
墝	kʰaw1	
增	tsɨjŋ1	
增	tsɨjŋ3	
墟	kʰjɯ1	
墠	ʐjɛn3	
墡	ʐjɛn3	
墣	pʰuk4	
墣	pʰak4	
墤	dʰuj1	
墤	kʰwaj3	
墦	van1	
墨	mujk4	
墩	tun1	
墬	di3	
墭	ʐiŋ3	
墮	xʲyj1	
墮	dwʌ3	
墮	tʰwʌ2	
墲	ʋu1	
墲	mu1	
墲	pʰu1	
墳	vun1	
墳	vun3	
墺	ʔɑw3	
墺	ʔiwk4	
墻	dzʰjɑŋ1	
墼	kʲik4	
墽	kʲʰjɛw1	
墾	kʰɨn2	
墿	jik4	
壁	pʲik4	
壂	djɛn3	
壃	kjɑŋ1	
壅	ʔywŋ1	
壅	ʔywŋ2	
壅	ʔywŋ3	
壇	dʰan1	
壈	ˀlam2	
壍	tsʰjɛm3	
壎	xɥɛn1	
壏	xɑm2	
壏	ɣam3	
壐	sɨ2	
壑	xɑk4	
壒	ʔɑj3	
壓	ʔap4	
壔	tɑw2	
壕	ɣɑw1	
壘	ˀlyj2	
壙	kʰwɑŋ3	
壚	lu1	
壛	jɛm1	
壜	dʰam1	
壝	jyj1	
壝	ˀjyj2	
壞	kwaj3	
壞	ɣwaj3	
壠	ˀlywŋ2	
壣	lin1	
壤	ˀɻjɑŋ2	
士	ʐɨ3	
壬	ɻim1	
壯	tʂaŋ3	
壴	tɻɥu3	
壹	ʔʲit4	
壺	ɣu1	
壻	si3	
壼	kʰun2	
壽	ʐiw3	
壾	ˀmɑŋ2	
壿	tsʰyn1	
夂	tɻi2	
夃	ku2	
夅	ɣaŋ1	
夆	vuŋ1	
夊	tʂʰwɨ1	
夊	syj1	
夋	tsʰyn1	
夌	liŋ1	
复	vuk4	
夎	tsuj3	
夎	tswʌ3	
夏	ɣa3	
夔	ɡʰyj1	
夕	zik4	
外	ŋuj3	
夗	ʔɥɛn2	
夙	siwk4	
多	tʌ1	
夜	ja3	
夝	dzʰiŋ1	
夠	kʰɨw1	
夠	kɨw1	
夡	kʲʰi3	
夢	muŋ1	
夢	muŋ3	
夤	jin1	
夥	ɣwaj3	
夥	ɣwʌ3	
大	daj3	
大	dʌ3	
大	da3	白
夨	ljɛt4	
夨	tʂiˤk4	
天	tʰjɛn1	
太	tʰaj3	
夫	vu1	
夫	fu1	
夬	kwaj3	
夭	ʔjɛw1	
夭	ʔjɛw2	
夭	ʔɑw2	
央	ʔjɑŋ1	
夰	ɣɑw3	
夰	kɑw2	
失	ʂit4	
夲	tʰɑw1	
夵	ˀjɛm2	
夷	ji1	
夸	kʰwa1	
夽	ˀŋyn2	
夾	kap4	
奃	ti1	
奄	ʔjɛm2	
奅	pʰaw3	
奇	ɡʰi1	
奇	ki1	
奈	nɑj3	
奈	nʌ3	
奉	vuŋ3	
奊	ɣʲjɛt4	
奎	kʲʰyj1	
奏	tsɨw3	
奐	xwɑn3	
契	kʲʰi3	
契	kʰit4	
契	kʲʰjɛt4	
奒	kʰɑj1	
奓	tɻa1	
奓	tɻa3	
奔	pun1	
奔	pun3	
奕	jik4	
套	tʰɑw2	
奘	dzɑŋ3	
奚	ɣʲi1	
奜	fʲi2	
奝	tjɛw1	
奞	syj1	
奞	sjɛw1	
奞	sin3	
奞	syn3	
奠	djɛn3	
奠	tiŋ3	
奡	ŋɑw3	
奢	ʂja1	
奣	ʔwiˤŋ2	
奤	pʰɑk4	
奧	ʔɑw3	
奪	dwɑt4	
奫	ʔyn1	
奭	ʂik4	
奮	fun3	
奯	xwɑt4	
奰	bi3	
奲	tʂʰja2	
女	ˀnjɯ2	
女	njɯ3	
奴	nu1	
奵	tiŋ2	
奸	kɑn1	
奻	nwan1	
奻	nwan3	
奼	tɻʰa2	
奼	tu3	
奼	tɻa3	
好	xɑw2	
好	xɑw3	
奿	fan3	
妀	ki2	
妁	tʂjɑk4	
妁	ʐjɑk4	
如	ɻjɯ1	
如	ɻjɯ3	
妃	fʲi1	
妃	pʰuj3	
妄	ʋɑŋ3	
妉	tam1	
妊	ɻim3	
妋	fu1	
妋	ʔiw1	
妌	dziŋ3	
妍	ŋʲjɛn1	
妎	ɣʲi3	
妎	ɣɑj3	
妐	tʂywŋ1	
妑	pʰa1	
妒	tu3	
妓	ki1	
妓	ɡi3	
妖	ʔjɛw1	
妗	tʂʰjɛm1	
妗	xʲjɛm1	
妗	xam1	
妘	ɰyn1	
妙	mʲjɛw3	
妛	tʂʰjɨ1	
妜	ʔʲɥɛt4	
妝	tʂaŋ1	
妠	nam3	
妠	nwat4	
妠	nap4	
妢	vun1	
妣	pʲi2	
妤	jɯ1	
妥	tʰwʌ2	
妦	fuŋ1	
妧	ŋwɑn3	
妨	fɑŋ1	
妨	fɑŋ3	
妬	tu3	
妭	bwɑt4	
妯	tɻʰiw1	
妯	dɻiwk4	
妲	tat4	
妵	tʰɨw2	
妷	dɻit4	
妸	ʔʌ1	
妸	ʔʌ2	
妹	muj3	
妺	mwɑt4	
妻	tsʰi1	
妻	tsʰi3	
妼	bʲit4	
妾	tsʰjɛp4	
妿	kʌ1	
妿	ʔʌ1	
姁	xɥu1	
姁	ɡʰɥu1	
姁	xɥu2	
姁	xɥu3	
姂	fam3	
姂	vap4	
姂	kʰjɛp4	
姅	pwɑn3	
姅	pʰwɑn3	
姆	mɨw3	
姇	fu1	
姈	liŋ1	
姊	tsɨ2	
始	ʂjɨ2	
姌	ˀɻjɛm2	
姌	ˀnjɛm2	
姍	san1	
姎	ʔɑŋ1	
姎	ʔɑŋ2	
姏	mɑm1	
姐	tsja2	
姑	ku1	
姒	zɨ3	
姓	siŋ3	
委	ʔyj1	
委	ʔyj2	
姕	tsɨ1	
姕	tsʰɨ1	
姘	pʰiˤŋ1	
姘	pʲʰiŋ1	
姚	jɛw1	
姛	duŋ3	
姜	kjɑŋ1	
姝	tʂʰɥu1	
姞	ɡit4	
姟	kɑj1	
姡	ɣwɑt4	
姡	ɣwat4	
姣	ɰaw1	
姣	kaw2	
姤	kɨw3	
姥	ˀmu2	
姦	kan1	
姨	ji1	
姪	dɻit4	
姪	djɛt4	
姬	ji1	
姬	ki1	
姭	xjɛm3	
姰	syn1	
姰	ɣʲɥɛn3	
姱	kʰwa1	
姳	ˀmʲiŋ2	
姴	ljɛt4	
姶	ʔɑp4	
姷	ɰiw3	
姺	ʂɨn1	
姺	sjɛn2	
姻	ʔʲin1	
姼	dʐʰjɨ1	
姼	ʐjɨ3	
姼	tʂʰjɨ2	
姽	kyj2	
姽	ˀŋyj2	
姿	tsɨ1	
娀	siwŋ1	
威	ʔyj1	
娃	ʔa1	
娉	pʲʰiŋ3	
娋	ʂaw1	
娋	ʂaw3	
娌	ˀli2	
娎	dɻjɛt4	
娎	xjɛt4	
娏	maŋ1	
娑	sʌ1	
娑	sʌ2	
娓	ˀʋʲi2	
娓	mi3	
娕	tʂʰwak4	
娖	tʂʰwak4	
娗	dʰiŋ1	
娗	diŋ3	
娘	njɑŋ1	
娙	ŋiˤŋ1	
娙	ɣʲiŋ1	
娛	ŋɥu1	
娛	ŋu3	
娜	ˀnʌ2	
娝	pi2	
娞	ˀnuj2	
娟	ʔʲɥɛn1	
娠	ʂin1	
娠	tʂin3	
娡	tʂjɨ3	
娣	di3	
娥	ŋʌ1	
娧	tʰuj3	
娧	jɥɛt4	
娨	ɣan3	
娩	ˀʋan2	
娩	ˀmjɛn2	
娩	ʋun3	
娩	ʋan3	
娪	ŋu1	
娬	ˀʋu2	
娭	xi1	
娵	tsɥu1	
娶	sɥu1	
娶	tsʰɥu3	
娷	tɻyj3	
娸	kʰi1	
娺	tɻyj1	
娺	tɻwat4	
娽	luk4	
娽	lywk4	
娾	ŋaj1	
娾	ˀŋaj2	
娿	ʔʌ1	
娿	ʔʌ2	
婁	lɥu1	
婁	lɨw1	
婄	bʰuj1	
婄	bɨw3	
婄	pʰɨw2	
婆	bʰwʌ1	
婉	ʔɥɛn2	
婌	ʐiwk4	
婍	kʰi2	
婎	xʲyj1	
婎	xʲyj3	
婏	fu3	
婏	fan3	
婐	kwa1	
婐	ʔwʌ2	
婓	fʲi1	
婕	tsjɛp4	
婗	ŋʲi1	
婘	ɡʰɥɛn1	
婚	xun1	
婞	ɣʲiŋ3	
婟	ɣu3	
婠	ʔwɑn1	
婠	kwɑn3	
婠	ʔwat4	
婢	bʲi3	
婣	ʔʲin1	
婤	tɻʰiw1	
婤	tʂiw1	
婥	tʂʰjɑk4	
婦	vu3	
婧	tsiŋ1	
婧	dziŋ3	
婪	lam1	
婬	jim1	
婭	ʔa3	
婱	ɣʲjɛn1	
婸	dɑŋ3	
婹	ʔʲjɛw2	
婺	ʋu3	
婼	ɻjɨ1	
婼	ɻja1	
婼	tɻʰjɑk4	
婽	ka2	
媀	ŋɥu3	
媁	ʔyj1	
媁	ˀɰyj2	
媄	ˀmi2	
媅	tam1	
媆	nun3	
媉	ʔak4	
媊	tsɨ1	
媊	tsjɛn2	
媌	maw1	
媌	ˀmaw2	
媐	ji1	
媐	xi1	
媒	muj1	
媓	ɣwɑŋ1	
媕	ʔɑm1	
媕	ʔjɛm2	
媕	ʔɑp4	
媖	ʔiŋ1	
媚	mi3	
媛	ɰɥɛn1	
媛	ɰɥɛn3	
媞	dʰi1	
媞	ʐjɨ3	
媞	di3	
媟	sjɛt4	
媠	dwʌ3	
媢	ˀmɑw2	
媢	mʲi3	
媢	mɑw3	
媢	muk4	
媣	kɑm1	
媣	ˀɻjɛm2	
媥	pʲʰjɛn1	
媦	ɰyj3	
媧	kwa1	
媨	tsiw3	
媮	jɥu1	
媮	tʰɨw1	
媰	dʐʰu1	
媱	jɛw1	
媲	pʲʰi3	
媵	jiŋ3	
媵	ʐiŋ3	
媷	ɻywk4	
媸	tʂʰjɨ1	
媺	ˀmi2	
媻	bʰwɑn1	
媻	bʰwʌ1	
媼	ʔɑw2	
媽	ˀmu2	
媾	kɨw3	
媿	kyj3	
嫁	ka3	
嫂	sɑw2	
嫄	ŋɥɛn1	
嫇	miˤŋ1	
嫇	mʲiŋ1	
嫇	ˀmʲiŋ2	
嫈	ʔiˤŋ1	
嫈	ʔʲyjŋ1	
嫈	ʔiˤŋ3	
嫉	dzɨ3	
嫉	dzit4	
嫋	ˀnjɛw2	
嫌	ɣʲjɛm1	
嫕	ʔʲi3	
嫖	pʲʰjɛw1	
嫖	pʲʰjɛw3	
嫗	ʔɥu3	
嫙	zɥɛn1	
嫙	zɥɛn3	
嫚	man3	
嫛	ʔʲi1	
嫠	li1	
嫡	tɻiˤk4	
嫡	tik4	
嫢	tsyj1	
嫢	ɡʲyj3	
嫢	ɣʲjɛn3	
嫣	xjɛn1	
嫣	ʔjɛn1	
嫣	ʔjɛn2	
嫣	ʔjɛn3	
嫥	tʂɥɛn1	
嫧	tʂiˤk4	
嫧	tʂʰiˤk4	
嫧	tsʰik4	
嫩	nun3	
嫪	lɑw1	
嫪	lɑw3	
嫫	mu1	
嫭	ɣu3	
嫯	ŋɑw1	
嫯	ŋɑw3	
嫳	pʲʰjɛt4	
嫴	ku1	
嫵	ˀʋu2	
嫷	dwʌ3	
嫷	tʰwʌ2	
嫷	tʰwʌ3	
嫸	tʂjɛn2	
嫺	ɣan1	
嫼	ʔat4	
嫽	ljɛw1	
嫽	ˀljɛw2	
嫽	ljɛw3	
嫿	ɣwiˤk4	
嬀	kyj1	
嬃	sɥu1	
嬆	xip4	
嬇	kʰwaj3	
嬇	ɣuj3	
嬈	ˀnjɛw2	
嬈	ˀɻjɛw2	
嬈	xʲjɛw3	
嬉	xi1	
嬉	xi3	
嬋	dʐʰjɛn1	
嬌	kjɛw1	
嬌	ɡʰjɛw1	
嬌	kjɛw2	
嬎	fan3	
嬐	ˀŋjɛm2	
嬒	ʔuj3	
嬒	ʔwɑt4	
嬖	pʲi3	
嬗	tʰan1	
嬗	tan2	
嬗	ʐjɛn3	
嬙	dzʰjɑŋ1	
嬙	ʂiˤk4	
嬚	ˀljɛm2	
嬛	xʲɥɛn1	
嬛	ʔʲɥɛn1	
嬛	ɡʲʰyjŋ1	
嬜	xim1	
嬜	ʔɑm1	
嬜	xɑm1	
嬣	niˤŋ1	
嬥	dʰjɛw1	
嬥	djɛw3	
嬥	dɻwak4	
嬩	jɯ1	
嬪	bʲʰin1	
嬬	ɻɥu1	
嬭	ˀni2	
嬭	ˀnaj2	
嬮	ʔʲjɛm1	
嬮	ʔʲjɛm3	
嬮	ʔʲjɛp4	
嬯	dʰaj1	
嬰	ʔʲiŋ1	
嬱	tsʰjɛm3	
嬲	ˀnjɛw2	
嬳	ʔɥɑk4	
嬳	ʔwɑk4	
嬴	jiŋ1	
嬹	xiŋ1	
嬹	xiŋ3	
嬻	duk4	
嬼	ˀliw2	
嬼	liw3	
嬾	ˀlan2	
嬿	ʔʲjɛn2	
嬿	ʔʲjɛn3	
孀	ʂaŋ1	
孁	liŋ1	
孂	kjɛw2	
孂	kʲiw2	
孂	kɨjk4	
孃	ɻjɑŋ1	
孃	njɑŋ1	
孅	sjɛm1	
孈	ˀji2	
孈	ˀjyj2	
孈	xʲyj3	
孈	ɣwa3	
孉	ɡʰɥɛn1	
孋	li1	
孌	ˀlɥɛn2	
孌	lɥɛn3	
孎	tɻywk4	
孎	tɻwak4	
子	tsɨ2	
孑	kʲjɛt4	
孒	kywŋ2	
孒	kyt4	
孒	kɥɛt4	
孔	kʰuŋ2	
孕	jiŋ3	
孖	tsɨ1	
孖	dzɨ3	
字	dzɨ3	
存	dzʰun1	
孚	fu1	
孛	buj3	
孛	but4	
孜	tsɨ1	
孝	xaw3	
孟	miˤŋ3	
孠	zɨ3	
孡	tʰaj1	
季	kʲyj3	
孤	ku1	
孥	nu1	
孨	tʂɥɛn2	
孨	tʂwan3	
孨	nip4	
孩	ɣɑj1	
孫	sun1	
孮	dzʰuŋ1	
孰	ʐiwk4	
孱	dʐʰan1	
孱	dʐan3	
孳	tsɨ1	
孳	dzɨ3	
孴	ˀŋi2	
孴	jip4	
孵	fu1	
孷	li1	
學	ɣak4	
孺	ɻɥu3	
孼	ŋjɛt4	
宀	mʲjɛn1	
宁	dɻʰjɯ1	
宁	dɻjɯ3	
宂	ˀɻywŋ2	
它	tʰʌ1	
宄	kyj2	
宅	dɻiˤk4	
宇	ˀɰɥu2	
守	ʂiw2	
守	ʂiw3	
安	ʔɑn1	
宋	suŋ3	
完	ɣwɑn1	
宏	ɣwiˤŋ1	
宐	ŋi1	
宓	mʲit4	
宓	mit4	
宔	tʂɥu2	
宕	dɑŋ3	
宖	ɣwiˤŋ1	
宖	ʔwiˤŋ1	
宗	tsuŋ1	
官	kwɑn1	
宙	dɻiw3	
定	diŋ3	
定	tiŋ3	
宛	ʔɥɛn1	
宛	ʔɥɛn2	
宜	ŋi1	
客	kʰiˤk4	
宣	sɥɛn1	
室	ʂit4	
宥	ɰiw3	
宦	ɣwan3	
宧	ji1	
宬	dʐʰiŋ1	
宭	ɡʰyn1	
宭	kyn1	
宮	kiwŋ1	
宰	tsaj2	
宲	pɑw2	
害	ɣɑj3	
宴	ʔʲjɛn2	
宴	ʔʲjɛn3	
宵	sjɛw1	
家	ka1	
宷	ʂim2	
宸	dʐʰin1	
容	jywŋ1	
宿	siw3	
宿	siwk4	
寀	tsʰaj2	
寁	tsam2	
寁	dzjɛp4	
寂	dzik4	
寄	ki3	
寅	ji1	
寅	jin1	
密	mit4	
寇	kʰɨw3	
寋	ɡjɛn3	
富	fu3	
寍	niŋ1	
寎	piŋ3	
寏	ɣwɑn1	
寐	mʲi3	
寑	tsʰim2	
寒	ɣɑn1	
寓	ŋɥu3	
寔	ʐik4	
寖	tsim2	
寘	tʂjɨ3	
寞	mɑk4	
察	tʂʰat4	
寡	kwa2	
寢	tsʰim2	
寣	xut4	
寤	ŋu3	
寥	ljɛw1	
寥	lik4	
實	ʐit4	
寧	niŋ1	
寨	dʐaj3	
寨	sɨjk4	
審	ʂim2	
寪	ˀɰyj2	
寫	sja2	
寬	kʰwɑn1	
寮	ljɛw1	
寯	tsyn3	
寰	ɣwan1	
寰	ɣʲɥɛn3	
寱	ŋʲi3	
寴	tsʰin1	
寴	tsʰin3	
寵	tɻʰywŋ2	
寶	pɑw2	
寷	fuŋ1	
寸	tsʰun3	
寺	zɨ3	
寽	lyt4	
封	fuŋ1	
封	fuŋ3	
尃	fu1	
射	ja3	
射	ʐja3	
射	jik4	
射	ʐik4	
將	tsjɑŋ1	
將	tsjɑŋ3	
專	tʂɥɛn1	
尉	ʔyj3	
尉	ʔyt4	
尊	tsun1	
尋	zim1	
尌	ʐɥu3	
對	tuj3	
導	dɑw3	
小	sjɛw2	
尐	tsjɛt4	
少	ʂjɛw2	
少	ʂjɛw3	
尒	ˀɻjɨ2	
尖	tsjɛm1	
尗	ʂiwk4	
尚	dʐʰjɑŋ1	
尚	ʐjɑŋ3	
尞	ljɛw3	
尟	sjɛn2	
尠	sjɛn2	
尠	sɥu3	
尢	ʔwɑŋ1	
尤	ɰiw1	
尥	bʰaw1	
尥	ljɛw3	
尨	maŋ1	
尪	ʔwɑŋ1	
尬	kaj3	
尯	kʰyj3	
尰	ʐywŋ3	
就	dziw3	
尲	kam1	
尳	kut4	
尳	ɣut4	
尵	dɻʰwaj1	
尵	dʰuj1	
尸	ʂjɨ1	
尹	ˀjyn2	
尺	tʂʰik4	
尻	kʰɑw1	
尼	ni1	
尾	ˀʋʲi2	
尿	njɛw3	
局	ɡywk4	
屁	pʲʰi3	
居	ki1	
居	kjɯ1	
屆	kaj3	
屈	kyt4	
屈	kʰyt4	
屋	ʔuk4	
屍	ʂjɨ1	
屍	ʂjɨ3	
屎	xʲi1	
屎	ʂjɨ2	
屏	pʲiŋ1	
屏	bʲʰiŋ1	
屏	pʲiŋ2	
屐	ɡik4	
屑	sut4	
屑	sjɛt4	
屒	dʐʰin1	
屒	tɻin2	
屓	xi3	
屔	ni1	
展	tɻjɛn2	
屖	si1	
屚	lɨw3	
屝	vʲi3	
属	tʂywk4	
属	ʐywk4	
屟	sjɛp4	
屠	dɻʰjɯ1	
屠	dʰu1	
屢	lɥu3	
屣	ʂɨ2	
屣	ʂɨ3	
層	dzʰɨjŋ1	
履	ˀli2	
屧	sjɛp4	
屨	kɥu3	
屩	kjɑk4	
屬	tʂywk4	
屬	ʐywk4	
屮	tɻʰjɛt4	
屯	tɻyn1	
屯	dʰun1	
屰	ŋik4	
山	ʂan1	
屴	lik4	
屵	ˀŋjɛn2	
屵	ŋɑt4	
屸	luŋ1	
屹	ŋit4	
屺	kʰi2	
屼	ŋut4	
屾	ʂɨn1	
岈	xa1	
岉	ʋut4	
岌	ŋip4	
岍	kʲʰjɛn1	
岏	ŋwɑn1	
岐	ɡʲʰi1	
岑	dʐʰɨm1	
岓	ɡʰi1	
岝	dzɑk4	
岝	dʐiˤk4	
岟	ʔjɑŋ2	
岡	kɑŋ1	
岢	kʰʌ2	
岣	kɥu1	
岣	kɨw2	
岦	lip4	
岧	dʰjɛw1	
岨	tsʰjɯ1	
岫	ziw3	
岭	liŋ1	
岯	bʰi1	
岱	daj3	
岳	ŋak4	
岵	ɣu3	
岷	min1	
岸	ŋɑn3	
岻	dɻʰi1	
岻	ti1	
峉	ŋiˤk4	
峋	syn1	
峏	ɻjɨ1	
峐	kɑj1	
峑	tsʰɥɛn1	
峒	dʰuŋ1	
峒	duŋ3	
峓	ji1	
峔	ˀmu2	
峗	ŋyj1	
峘	ɣwɑn1	
峘	ɣɨjŋ1	
峙	dɻi3	
峛	ˀli2	
峞	ŋuj1	
峞	ˀŋuj2	
峨	ŋʌ1	
峬	pu1	
峭	tsʰjɛw3	
峮	kʰyn1	
峯	fuŋ1	
峱	nɑw1	
峴	ɣʲjɛn3	
島	tɑw2	
峹	dʰu1	
峻	syn3	
峽	ɣap4	
峿	ŋu1	
崀	ˀlɑŋ2	
崆	kʰuŋ1	
崆	kʰaŋ1	
崇	dʐʰuŋ1	
崈	dʐʰuŋ1	
崋	ɣwa1	
崋	ɣwa3	
崌	kjɯ1	
崍	laj1	
崎	kʰi1	
崎	ɡʰi1	
崐	kun1	
崒	dzyt4	
崒	dzut4	
崔	tsʰuj1	
崔	dzʰuj1	
崖	ŋi1	
崖	ŋa1	
崗	kɑŋ1	
崘	lun1	
崚	liŋ1	
崛	ɡyt4	
崛	ŋyt4	
崝	dʐʰiˤŋ1	
崞	kwɑk4	
崟	ŋim1	
崠	tuŋ1	
崢	dʐʰiˤŋ1	
崤	ɰaw1	
崤	ɣɑw1	
崥	bʲʰi1	
崥	pʲi2	
崦	ʔjɛm1	
崧	siwŋ1	
崨	dzjɛp4	
崩	pujŋ1	
崱	dʐiˤk4	
崳	jɥu1	
崴	ʔwaj1	
崵	jɑŋ1	
崵	dɑŋ3	
崶	fuŋ1	
崷	dzʰiw1	
崹	dʰi1	
崺	ˀji2	
崽	ʂaj1	
崿	ŋɑk4	
嵀	dɻɥu3	
嵁	kʰɑm1	
嵁	ŋɑm1	
嵁	kʰam1	
嵁	ˀŋɑm2	
嵁	dʐam3	
嵃	ˀŋjɛn2	
嵇	ɣʲi1	
嵈	ɣwɑn3	
嵊	ʐiŋ3	
嵋	mi1	
嵌	kʰam1	
嵌	dzam3	
嵍	ʋu3	
嵎	ŋɥu1	
嵐	lam1	
嵑	kʰɑt4	
嵒	ŋam1	
嵔	ʔyj1	
嵔	ʔyj2	
嵔	ʔuj2	
嵕	tsuŋ1	
嵞	dʰu1	
嵟	tuj1	
嵠	kʲʰi1	
嵣	dɑŋ3	
嵤	ɣwiˤŋ1	
嵥	ɡjɛt4	
嵦	ŋɑj1	
嵧	liw1	
嵩	siwŋ1	
嵫	tsɨ1	
嵬	ŋuj1	
嵬	ˀŋuj2	
嵯	tʂʰɨ1	
嵯	dzʰʌ1	
嵰	kʰjɛm2	
嵱	jywŋ1	
嵲	ŋʲjɛt4	
嵸	tsuŋ1	
嵸	tsuŋ2	
嵼	ʂan2	
嵽	djɛt4	
嵾	tʂʰɨm1	
嶀	tʰu1	
嶁	lɥu1	
嶁	ˀlɥu2	
嶁	ˀlɨw2	
嶂	tʂjɑŋ3	
嶃	dʐʰam1	
嶃	dʐam3	
嶅	ŋɑw1	
嶇	kʰɥu1	
嶈	tsʰjɑŋ1	
嶉	tsyj1	
嶉	tsɥu1	
嶉	tsyj2	
嶊	tsuj2	
嶏	pʰuj3	
嶏	fut4	
嶑	zjɑŋ3	
嶒	dzʰiŋ1	
嶓	pwʌ1	
嶔	kʰim1	
嶕	dzʰjɛw1	
嶘	dʐan3	
嶙	lin1	
嶙	ˀlin2	
嶚	ljɛw1	
嶜	dzʰim1	
嶝	tɨjŋ3	
嶞	dwʌ3	
嶟	tsyn1	
嶟	tsun1	
嶠	ɡʰjɛw1	
嶠	ɡjɛw3	
嶢	ŋʲjɛw1	
嶧	jik4	
嶨	kʰak4	
嶨	ɣak4	
嶩	nɑw1	
嶪	ŋjɛp4	
嶭	ŋɑt4	
嶭	ŋʲjɛt4	
嶮	xjɛm2	
嶮	ˀŋjɛm2	
嶰	ɣaj3	
嶲	syj2	
嶷	ŋi1	
嶷	ŋik4	
嶸	ɰyjŋ1	
嶸	ɣwiˤŋ1	
嶺	ˀliŋ2	
嶻	dzat4	
嶻	dzjɛt4	
嶼	zjɯ3	
嶽	ŋak4	
嶾	ʔin2	
巁	li3	
巂	ɣʲyj1	
巃	luŋ1	
巃	ˀluŋ2	
巇	xi1	
巈	kiwk4	
巉	dʐʰam1	
巉	dʐam3	
巊	ʔʲiŋ2	
巋	kʰyj1	
巋	kʰyj2	
巍	ŋyj1	
巎	nɑw1	
巐	tɻʰjɛw2	
巑	dzʰwɑn1	
巒	lwɑn1	
巔	tjɛn1	
巖	ŋam1	
巘	ˀŋjɛn2	
巜	kuj3	
川	tʂʰɥɛn1	
州	tʂiw1	
巟	xwɑŋ1	
巠	kʲiŋ1	
巡	zyn1	
巢	dʐʰaw1	
巢	dʐaw3	
巤	ljɛp4	
工	kuŋ1	
左	tsʌ2	
左	tsʌ3	
巧	kʰaw2	
巧	kʰaw3	
巨	ɡjɯ3	
巩	kywŋ2	
巫	ʋu1	
差	tʂʰɨ1	
差	tʂʰa1	
差	tʂʰa3	
己	ki2	
已	ˀji2	
已	ji3	
巳	zɨ3	
巴	pa1	
巵	tʂjɨ1	
巷	ɣaŋ3	
巸	ji1	
巹	kin2	
巽	sun3	
巾	kin1	
巿	fut4	
帀	tsap4	
市	ʐjɨ3	
布	pu3	
帆	vam1	
帆	vam3	
帇	njɛp4	
帊	pʰa3	
帋	tʂjɨ2	
希	xi1	
帍	ɣu3	
帎	tam3	
帑	nu1	
帑	tʰɑŋ2	
帒	daj3	
帓	mat4	
帔	pʰi1	
帔	pʰi3	
帕	mat4	
帖	tʰjɛp4	
帗	fut4	
帗	pwɑt4	
帘	dʐʰɨn1	
帘	ljɛm1	
帙	dɻit4	
帚	tʂiw2	
帛	biˤk4	
帝	ti3	
帞	miˤk4	
帟	jik4	
帢	kʰap4	
帣	kɥɛn3	
帤	njɯ1	
帥	ʂwɨ3	
帥	ʂut4	
帨	tsʰyj3	
帨	ʂyj3	
帩	tsʰjɛw3	
帪	tʂin1	
師	ʂɨ1	
帬	ɡʰyn1	
席	zik4	
帳	tɻjɑŋ3	
帴	dzʰan1	
帴	tsjɛn1	
帴	tsjɛn2	
帴	san3	
帴	ʂat4	
帵	ʔwɑn1	
帶	taj3	
帷	ɰyj1	
常	dʐʰjɑŋ1	
帹	ʂap4	
帺	ɡi3	
帽	mɑw3	
帾	tu2	
帿	ɣɨw1	
幃	ɰyj1	
幄	ʔak4	
幅	fuk4	
幅	pik4	
幋	bʰwɑn1	
幌	ɣwɑŋ3	
幍	tʰɑw1	
幎	mʲik4	
幏	ka1	
幏	ka3	
幐	dʰɨjŋ1	
幐	dɨjŋ3	
幑	xyj1	
幒	tsʰywŋ2	
幔	mwɑn3	
幕	mɑk4	
幖	pʲjɛw1	
幗	kuj3	
幗	kwiˤk4	
幘	tʂiˤk4	
幝	tʂʰjɛn2	
幞	vuk4	
幟	ʂjɨ3	
幟	tʂʰjɨ3	
幠	xu1	
幡	fan1	
幢	dɻʰwaŋ1	
幢	dɻwaŋ3	
幣	bʲi3	
幦	mʲik4	
幧	tsʰjɛw1	
幧	tsʰɑw1	
幨	tʂʰjɛm1	
幨	tʂʰjɛm3	
幪	muŋ1	
幫	pɑŋ1	
幬	dɻʰiw1	
幬	dɑw3	
幭	mʲjɛt4	
幮	dɻʰɥu1	
幯	tsjɛt4	
幰	xjɛn2	
幱	lan1	
干	kɑn1	
平	bʲʰjɛn1	
平	bʰiŋ1	
年	njɛn1	
幵	kʲjɛn1	
并	pʲiŋ1	
并	pʲiŋ3	
幸	ɣiˤŋ3	
幹	kɑn3	
幺	ʔʲjɛw1	
幻	ɣwan3	
幼	ʔʲiw3	
幽	ʔʲiw1	
幾	ɡʰi1	
幾	ki1	
幾	ki2	
幾	ɡi3	
广	ˀŋjɛm2	
庀	pʲʰi2	
庁	tʰiŋ1	
庄	bʰiˤŋ1	
庇	pʲi3	
庈	ɡʰim1	
庉	dʰun1	
庉	dun3	
床	dʐʰaŋ1	
庋	kyj2	
庋	ki2	
庌	ˀŋa2	
序	zjɯ3	
底	ti2	
庖	bʰaw1	
店	tjɛm3	
庘	ʔap4	
庚	kiˤŋ1	
庛	tsʰɨ3	
府	fu2	
庠	zjɑŋ1	
庢	tɻit4	
庣	tʰjɛw1	
庤	dɻi3	
庥	xiw1	
度	du3	
度	dɑk4	
座	dzwʌ3	
庨	xaw1	
庩	tʰu1	
庪	kyj2	
庫	kʰu3	
庭	dʰiŋ1	
庮	jiw1	
庮	ˀjiw2	
庯	pu1	
庰	bʲiŋ3	
庱	tɻʰiŋ1	
庱	tɻʰiŋ2	
庲	laj1	
庳	pʲi1	
庳	bʲi3	
庴	tsik4	
庴	dzik4	
庵	ʔɑm1	
庵	ʔɑp4	
庶	ʂjɯ3	
庶	tʂjɯ3	
康	kʰɑŋ1	
庸	jywŋ1	
庽	ŋɥu3	
庾	ˀjɥu2	
庿	mjɛw3	
廁	tʂʰɨ3	
廂	sjɑŋ1	
廅	ʔɑp4	
廆	ɣuj3	
廇	liw3	
廈	ɣa3	
廉	ljɛm1	
廊	lɑŋ1	
廋	ʂɨw1	
廋	sɨw2	
廌	dɻi3	
廌	dɻaj3	
廏	kiw3	
廑	ɡin3	
廓	kʰwɑk4	
廔	lɨw1	
廕	ʔim3	
廖	ljɛw1	
廖	liw3	
廘	luk4	
廙	ji3	
廙	jik4	
廚	dɻʰɥu1	
廛	dɻʰjɛn1	
廜	dʰu1	
廝	sɨ1	
廞	xim1	
廞	xim2	
廟	mjɛw3	
廠	tʂʰjɑŋ2	
廠	tʂʰjɑŋ3	
廡	ˀʋu2	
廢	fʲi3	
廣	kwɑŋ2	
廥	kuj3	
廦	pʲʰik4	
廦	pʲik4	
廧	dzʰjɑŋ1	
廨	kaj3	
廩	ˀlim2	
廬	ljɯ1	
廮	ʔʲiŋ2	
廯	sjɛn1	
廯	sjɛn2	
廱	ʔywŋ1	
廲	li1	
廳	tʰiŋ1	
廴	ˀjin2	
延	jɛn1	
延	jɛn3	
廷	dʰiŋ1	
廷	diŋ3	
建	kjɛn3	
廾	kywŋ1	
廾	kywŋ2	
廿	ɻip4	
弁	bjɛn3	
异	ji1	
异	ji3	
弃	kʲʰi3	
弄	luŋ3	
弅	vun3	
弆	kjɯ2	
弆	kʰjɯ2	
弇	kɑm1	
弇	ʔjɛm2	
弈	jik4	
弊	bʲi3	
弋	jik4	
弌	ʔʲit4	
弍	ɻjɨ3	
弎	sam1	
式	ʂik4	
弑	ʂjɨ3	
弓	kiwŋ1	
弔	tjɛw3	
弔	tik4	
引	ˀjin2	
引	jin3	
弗	fut4	
弘	ɣujŋ1	
弛	ʂjɨ2	
弜	ɡʰi1	
弜	ɡjɑŋ3	
弝	pa3	
弞	ʂin2	
弞	ˀjin2	
弟	di3	
弢	tʰɑw1	
弣	fu2	
弤	tun1	
弤	ti2	
弦	ɣʲjɛn1	
弧	ɣu1	
弨	tʂʰjɛw1	
弨	tʂʰjɛw2	
弩	ˀnu2	
弬	ji1	
弭	ˀmʲi2	
弮	kʰɥɛn1	
弮	kɥɛn3	
弰	ʂaw1	
弱	ɻjɑk4	
弲	ʔʲɥɛn1	
弲	xʲɥɛn1	
弴	tun1	
弴	tjɛw1	
張	tɻjɑŋ1	
張	tɻjɑŋ3	
弶	ɡjɑŋ3	
強	ɡʰjɑŋ1	
弸	pʰiˤŋ1	
弸	bʰiˤŋ1	
弼	bit4	
弽	ʂjɛp4	
弽	xʲjɛp4	
彀	kɨw3	
彃	pʲit4	
彄	kʰɨw1	
彆	pʲi3	
彇	sjɛw1	
彈	dʰan1	
彈	dan3	
彉	xwɑk4	
彉	kwɑk4	
彊	ɡʰjɑŋ1	
彊	ɡjɑŋ3	
彋	ɣwiˤŋ1	
彌	mʲi1	
彍	xwɑk4	
彍	kwɑk4	
彎	ʔwan1	
彏	xɥɑk4	
彏	kɥɑk4	
彐	ki3	
彔	luk4	
彖	tʰwɑn3	
彗	zyj3	
彗	ɰyj3	
彘	dɻi3	
彙	ɰyj3	
彝	ji1	
彠	ʔɥɑk4	
彠	ʔwiˤk4	
彠	ɣwiˤk4	
彡	sjɛm1	
彡	ʂam1	
形	ɣʲiŋ1	
彣	ʋun1	
彤	dʰuŋ1	
彥	ŋjɛn3	
彧	ʔiwk4	
彩	tsʰaj2	
彪	piw1	
彫	tjɛw1	
彬	pin1	
彭	bʰiˤŋ1	
彯	pʲʰjɛw1	
彯	pʲʰjɛw3	
彰	tʂjɑŋ1	
影	ʔiŋ2	
彲	tɻʰi1	
彳	tɻʰik4	
彴	tʂjɑk4	
彶	kip4	
彷	bʰɑŋ1	
彷	fɑŋ2	
彸	tʂywŋ1	
役	jyjk4	
彺	ɰɥɑŋ1	
彼	pi2	
彽	dɻʰi1	
彾	liŋ1	
彿	fut4	
往	ˀɰɥɑŋ2	
征	tʂiŋ1	
徂	dzʰu1	
待	daj3	
徇	zyn3	
很	ɣɨn3	
徉	jɑŋ1	
徊	ɣuj1	
律	lyt4	
後	ɣɨw3	
徎	dɻiŋ3	
徎	tʰiŋ2	
徐	zjɯ1	
徑	kʲiŋ3	
徒	dʰu1	
得	tɨjk4	
徘	bʰuj1	
徙	sɨ2	
徛	ɡi3	
徛	ki3	
徜	dʐʰjɑŋ1	
從	dzʰywŋ1	
從	tsʰywŋ1	
從	dzywŋ3	
徠	laj1	
徠	laj3	
御	ŋjɯ3	
徢	sjɛp4	
徥	ʐjɨ3	
徥	dɻi3	
徧	pʲjɛn3	
徨	ɣwɑŋ1	
復	vu3	
復	vuk4	
循	zyn1	
徬	bɑŋ3	
微	ʋʲi1	
徯	ɣʲi1	
徯	ɣʲi3	
徵	tɻiŋ1	
徵	tɻi2	
德	tɨjk4	
徹	dɻjɛt4	
徹	tɻʰjɛt4	
徼	kʲjɛw1	
徼	kʲjɛw3	
徽	xyj1	
忀	sjɑŋ1	
忂	ɡʰɥu1	
心	sim1	
必	pʲit4	
忉	tɑw1	
忌	ɡi3	
忍	ˀɻin2	
忒	tʰɨjk4	
忓	kɑn1	
忓	ɣɑn3	
忔	xit4	
忕	ʐi3	
忕	tʰaj3	
忕	daj3	
忖	tsʰun2	
志	tʂjɨ3	
忘	ʋɑŋ3	
忙	mɑŋ1	
忚	xʲi1	
忝	tʰjɛm2	
忝	tʰjɛm3	
忞	min1	
忠	tɻiwŋ1	
忡	tɻʰiwŋ1	
忤	ŋu3	
忥	xi3	
忦	kat4	
忧	ɰiw3	
忨	ŋwɑn1	
忨	ŋwɑn3	
忩	tsʰuŋ1	
忪	tʂywŋ1	
快	kʰwaj3	
忬	jɯ3	
忭	bjɛn3	
忮	tʂjɨ3	
忯	ɡʲʰi1	
忯	dʐʰjɨ1	
忱	dʐʰim1	
忳	dʰun1	
念	njɛm3	
忶	ɣun1	
忶	ɰyn3	
忸	niwk4	
忻	xin1	
忼	xɑŋ1	
忼	kʰɑŋ2	
忽	xut4	
忾	xʲi1	
忿	fun2	
忿	fun3	
怊	tɻʰjɛw1	
怊	tʂʰjɛw1	
怋	mʲin1	
怋	mun1	
怌	pʰi1	
怍	dzɑk4	
怎	tsɨm2	
怏	ʔjɑŋ2	
怏	ʔjɑŋ3	
怐	kɥu3	
怐	kʰɨw3	
怐	kɨw3	
怐	xɨw3	
怒	ˀnu2	
怒	nu3	
怓	naw1	
怔	tʂiŋ1	
怕	pʰa3	
怕	pʰiˤk4	
怖	pʰu3	
怗	tʰjɛp4	
怙	ɣu3	
怚	tsja1	
怚	dzjɯ3	
怚	tsjɯ3	
怛	tan3	
怛	tat4	
怜	ljɛn1	
怜	liŋ1	
思	sɨ1	
思	sɨ3	
怞	dɻʰiw1	
怠	daj3	
怡	ji1	
怤	fu1	
急	kip4	
怦	pʰiˤŋ1	
性	siŋ3	
怨	ʔɥɛn1	
怨	ʔɥɛn3	
怩	ni1	
怪	kwaj3	
怫	vʲi3	
怫	vut4	
怭	bʲit4	
怮	ʔʲjɛw1	
怮	ʔiw1	
怮	ʔʲiw1	
怮	ʔʲiw2	
怯	kʰjɛp4	
怲	piŋ2	
怲	piŋ3	
怳	xɥɑŋ2	
怴	xʲyt4	
怵	tɻʰyt4	
恀	tʂjɨ2	
恀	ʐjɨ3	
恀	tʂʰjɨ2	
恁	ɻim1	
恁	ˀɻim2	
恂	syn1	
恃	ʐjɨ3	
恄	xʲit4	
恅	ˀlɑw2	
恆	ɣɨjŋ1	
恇	kʰɥɑŋ1	
恈	mɨw1	
恉	tʂjɨ2	
恌	tʰjɛw1	
恌	jɛw1	
恍	kwɑŋ1	
恎	djɛt4	
恐	kʰywŋ2	
恐	kʰywŋ3	
恑	kyj2	
恔	kʲjɛw2	
恕	ʂjɯ3	
恖	sɨ1	
恗	xu1	
恙	jɑŋ3	
恚	ʔʲyj3	
恜	tɻʰik4	
恞	ji1	
恟	xywŋ1	
恠	kwaj3	
恢	kʰuj1	
恣	tsɨ3	
恤	syt4	
恥	tɻʰi2	
恧	niwk4	
恧	nik4	
恨	ɣɨn3	
恩	ʔɨn1	
恪	kʰɑk4	
恫	tʰuŋ1	
恫	duŋ3	
恬	dʰjɛm1	
恭	kywŋ1	
恮	tsʰɥɛn1	
恮	tʂwan1	
息	sik4	
恰	kʰap4	
恲	pʰiˤŋ1	
恾	mɑŋ1	
恿	ˀjywŋ2	
悀	ˀjywŋ2	
悁	ʔʲɥɛn1	
悂	pʲʰi1	
悂	pʲi1	
悃	kʰun2	
悄	tsʰjɛw2	
悅	jɥɛt4	
悆	jɯ3	
悇	tʰu1	
悇	jɯ3	
悇	tɻʰjɯ3	
悈	kaj3	
悈	kik4	
悉	sit4	
悊	tɻjɛt4	
悋	lin3	
悌	di3	
悍	ɣɑn3	
悏	kʲʰjɛp4	
悐	tʰik4	
悑	pʰu3	
悒	ʔip4	
悔	xuj2	
悔	xuj3	
悕	xi1	
悖	buj3	
悖	but4	
悗	mwɑn1	
悙	xiˤŋ1	
悚	sywŋ2	
悛	tsʰɥɛn1	
悜	tɻʰiŋ2	
悝	kʰuj1	
悝	ˀli2	
悞	ŋu3	
悟	ŋu3	
悠	jiw1	
悢	ljɑŋ3	
患	ɣwan3	
悤	tsʰuŋ1	
悰	dzʰuŋ1	
悱	fʲi2	
悲	pi1	
悴	dzyj3	
悵	tɻʰjɑŋ3	
悶	mun3	
悷	li3	
悸	ɡʲyj3	
悹	kwɑn1	
悹	kwɑn2	
悹	kwɑn3	
悺	kwɑn3	
悼	dɑw3	
悽	tsʰi1	
悾	kʰuŋ1	
悾	kʰaŋ1	
悾	kʰuŋ3	
悿	tʰjɛm2	
惀	lyn1	
惀	ˀlun2	
惁	sik4	
惂	kʰɑm2	
惃	kun1	
惃	kun2	
惄	nik4	
情	dzʰiŋ1	
惆	tɻʰiw1	
惆	kʰiw1	
惇	tʂyn1	
惇	tun1	
惈	kwʌ2	
惋	ʔwɑn3	
惌	ʔɥɛn1	
惌	ʔɥɛn2	
惎	ɡi3	
惏	lam1	
惑	ɣujk4	
惔	dʰam1	
惔	dam3	
惕	tʰik4	
惗	sjɛn3	
惗	njɛp4	
惘	ˀʋɑŋ2	
惙	tɻɥɛt4	
惚	xut4	
惛	xun1	
惛	xun2	
惛	xun3	
惜	sik4	
惟	jyj1	
惠	ɣʲyj3	
惡	ʔu1	
惡	ʔu3	
惡	ʔɑk4	
惢	tsyj1	
惢	dzyj3	
惢	swʌ2	
惪	tɨjk4	
惰	dwʌ3	
惱	ˀnɑw2	
惲	ʔyn2	
想	sjɑŋ2	
惴	tʂyj3	
惵	djɛp4	
惶	ɣwɑŋ1	
惷	tʂʰyn2	
惸	ɡʲʰyjŋ1	
惹	ˀɻja2	
惹	ɻjɑk4	
惺	siŋ1	
惺	siŋ2	
惻	tʂʰiˤk4	
惼	pʲjɛn2	
愀	tsʰjɛw2	
愀	dziw3	
愁	dʐʰɨw1	
愃	sɥɛn1	
愃	xɥɛn2	
愆	kʰjɛn1	
愇	ˀɰyj2	
愈	ˀjɥu2	
愉	jɥu1	
愊	pʰik4	
愋	xɥɛn1	
愍	ˀmin2	
愎	bik4	
意	ʔi3	
愐	ˀmʲjɛn2	
愒	kʰi3	
愒	kʰɑj3	
愒	kʰjɛt4	
愓	dɑŋ3	
愔	ʔʲim1	
愕	ŋɑk4	
愖	dʐʰim1	
愗	mɨw3	
愙	kʰɑk4	
愚	ŋɥu1	
愛	ʔɑj3	
愜	kʲʰjɛp4	
愞	ˀɻɥɛn2	
愞	nwɑn3	
愞	nwʌ3	
感	kɑm2	
愢	saj1	
愧	kyj3	
愨	kʰak4	
愩	kuŋ1	
愪	ɰyn1	
愪	ˀɰyn2	
愬	su3	
愬	ʂiˤk4	
愭	ɡʲʰi1	
愮	jɛw1	
愯	sywŋ2	
愱	dzit4	
愲	kut4	
愴	tʂʰaŋ2	
愴	tʂʰaŋ3	
愵	nik4	
愶	xjɛp4	
愷	kʰɑj2	
愺	tsʰɑw2	
愻	sun3	
愾	xi3	
愾	kʰɑj3	
愿	ŋɥɛn3	
慀	ɣʲi3	
慁	ɣun3	
慂	ˀjywŋ2	
慃	ʔaŋ2	
慄	lit4	
慅	sɑw1	
慅	tsʰɑw2	
慆	tʰɑw1	
慇	ʔin1	
慈	dzʰɨ1	
慉	xiwk4	
慊	kʲʰjɛm2	
態	tʰaj3	
慌	xwɑŋ2	
慍	ʔyn3	
慎	ʐin3	
慏	ˀmʲiŋ2	
慒	dzʰuŋ1	
慒	ziw1	
慓	pʲʰjɛw1	
慓	bʲjɛw3	
慓	pʲʰjɛw3	
慔	mu3	
慕	mu3	
慖	kuj3	
慖	kwiˤk4	
慗	tɻʰik4	
慘	tsʰam2	
慙	dzʰam1	
慚	dzʰam1	
慛	dzʰuj1	
慜	ˀmin2	
慝	tʰɨjk4	
慞	tʂjɑŋ1	
慟	duŋ3	
慢	man3	
慣	kwan3	
慥	tsʰɑw3	
慧	ɣʲyj3	
慨	kʰɑj3	
慫	sywŋ2	
慬	ɡʰin1	
慬	kin2	
慮	ljɯ3	
慯	ʂjɑŋ1	
慯	ʂjɑŋ3	
慰	ʔyj3	
慱	dʰwɑn1	
慲	mwɑn1	
慳	kʰan1	
慴	tʂjɛp4	
慴	djɛp4	
慵	dʐʰywŋ1	
慶	kʰiŋ3	
慷	kʰɑŋ2	
慸	di3	
慸	tɻʰi3	
慸	tɻʰaj3	
慹	tʂip4	
慹	dzip4	
慹	tʂjɛp4	
慹	njɛp4	
慺	lɥu1	
慺	lɨw1	
慺	ˀlɥu2	
慼	tsʰik4	
慽	tsʰik4	
慾	jywk4	
憀	ljɛw1	
憀	liw1	
憁	tsʰuŋ3	
憂	ʔiw1	
憃	ʂywŋ1	
憃	tɻʰwaŋ1	
憃	tɻʰywŋ3	
憉	bʰiˤŋ1	
憊	baj3	
憋	pʲjɛt4	
憋	pʲʰjɛt4	
憌	ɡʲʰyjŋ1	
憍	kjɛw1	
憎	tsɨjŋ1	
憐	ljɛn1	
憑	bʰiŋ1	
憒	kuj3	
憓	ɣʲyj3	
憔	dzʰjɛw1	
憕	dɻʰiˤŋ1	
憕	dɻʰiŋ1	
憖	ŋin3	
憙	xi2	
憙	xi3	
憚	dan3	
憛	tʰam3	
憜	dwʌ3	
憝	duj3	
憞	duj3	
憟	sywk4	
憠	ɡɥɛt4	
憡	tʂʰiˤk4	
憢	xʲjɛw1	
憤	vun3	
憥	lɑw1	
憧	tʂʰywŋ1	
憧	dɻwaŋ3	
憨	xɑm1	
憨	ɣɑm3	
憩	kʰi3	
憪	ɣan1	
憪	ɣan3	
憫	ˀmin2	
憬	kyjŋ2	
憭	ljɛw1	
憭	ˀljɛw2	
憮	ʋu1	
憮	ˀʋu2	
憯	tsʰam2	
憯	tsʰjɛm2	
憰	kʲɥɛt4	
憲	xjɛn3	
憴	ʐiŋ1	
憵	pʲʰik4	
憶	ʔik4	
憷	tʂʰɯ2	
憸	sjɛm1	
憸	tsʰjɛm1	
憸	xjɛm2	
憸	tsʰjɛm2	
憹	nuŋ1	
憺	dam3	
憼	kjɑŋ2	
憼	kiŋ2	
憾	ɣɑm3	
憿	kʲjɛw1	
懀	ʔuj3	
懀	ʔwaj3	
懁	kʲɥɛn3	
懃	ɡʰin1	
懄	ɡʰin1	
懅	ɡʰjɯ1	
懆	tsʰɑw2	
懇	kʰɨn2	
懈	kaj3	
應	ʔiŋ1	
應	ʔiŋ3	
懊	ʔɑw2	
懊	ʔɑw3	
懊	ʔiwk4	
懋	mu3	
懌	jik4	
懍	ˀlim2	
懎	ʂiˤk4	
懕	ʔʲjɛm1	
懖	kwɑt4	
懘	tʂʰjɨ2	
懘	tʂʰi3	
懚	ʔin3	
懛	taj1	
懜	muŋ1	
懜	mujŋ3	
懝	ŋɑj3	
懝	ŋik4	
懟	dɻyj3	
懠	dzʰi1	
懠	dzi3	
懡	ˀmwʌ2	
懢	lam1	
懢	lam3	
懣	ˀmun2	
懣	ˀmwɑn2	
懣	mun3	
懤	dɻʰiw1	
懤	tɑw2	
懤	dɻiw3	
懥	tʂjɨ3	
懥	tɻi3	
懦	ɻɥu1	
懪	bak4	
懫	tɻi3	
懫	tʂit4	
懬	kʰɑŋ2	
懬	kʰwɑŋ2	
懮	ʔiw2	
懰	liw1	
懰	ˀliw2	
懱	mʲjɛt4	
懲	dɻʰiŋ1	
懵	ˀmuŋ2	
懵	mujŋ3	
懶	ˀlan2	
懷	ɣwaj1	
懸	ɣʲɥɛn1	
懹	ɻjɑŋ3	
懺	tʂʰam3	
懻	ki3	
懼	ɡɥu3	
懽	xwɑn1	
懽	kwɑn3	
懾	tʂjɛp4	
懿	ʔi3	
戀	lɥɛn3	
戁	ˀnan2	
戁	ˀɻjɛn2	
戃	tʰɑŋ2	
戄	xɥɑk4	
戄	ɡɥɑk4	
戇	xuŋ3	
戇	tɻwaŋ3	
戈	kwʌ1	
戉	ɰɥɛt4	
戊	mu3	
戌	syt4	
戍	ʂɥu3	
戎	ɻiwŋ1	
成	dʐʰiŋ1	
我	ˀŋʌ2	
戒	kaj3	
戔	dzʰan1	
戕	kʌ1	
戕	dzʰjɑŋ1	
戕	tsɑŋ1	
或	ɣujk4	
戚	tsʰik4	
戛	kat4	
戜	djɛt4	
戟	kik4	
戠	tʂik4	
戡	kʰɑm1	
戡	tɻim2	
戢	tʂɨp4	
戣	ɡʰyj1	
戩	tsjɛn2	
截	dzjɛt4	
戫	ʔiwk4	
戭	ˀjin2	
戭	ˀjɛn2	
戮	liwk4	
戰	tʂjɛn3	
戲	xi1	
戲	xu1	
戲	xi3	
戴	taj3	
戵	ɡʰɥu1	
戶	ɣu3	
戹	ʔiˤk4	
戺	ʐɨ3	
戻	tʰi3	
戼	ˀmaw2	
戽	xu2	
戽	ɣu3	
戽	xu3	
戾	li3	
戾	ljɛt4	
房	vɑŋ1	
房	bʰɑŋ1	
所	ʂɯ2	
扁	pʲʰjɛn1	
扁	pʲjɛn2	
扁	bʲjɛn3	
扂	djɛm3	
扃	kʲyjŋ1	
扅	ji1	
扆	ʔi2	
扇	ʂjɛn1	
扇	ʂjɛn3	
扈	ɣu3	
扉	fʲi1	
扊	ˀjɛm2	
手	ʂiw2	
才	dzʰaj1	
扎	tʂat4	
扏	ɡʰiw1	
扐	lɨjk4	
扑	pʰuk4	
扒	paj3	
扒	pat4	
扒	pjɛt4	
打	tiˤŋ2	
打	tiŋ2	
打	ta2	白
扔	ɻiŋ1	
扔	ɻiŋ3	
扚	tjɛw2	
扚	tik4	
扛	kaŋ1	
扜	xɥu1	
扜	ʔɥu1	
扝	ʔu1	
扝	kʰu1	
扞	ɣɑn3	
扟	ʂɨn1	
扠	tɻʰa1	
扡	ˀji2	
扢	kit4	
扢	kut4	
扢	ɣut4	
扣	kʰɨw2	
扣	kʰɨw3	
扤	ŋɥɛt4	
扤	ŋut4	
扭	ˀniw2	
扭	tɻiw2	
扮	fun1	
扮	kat4	
扮	fun2	
扮	vun3	
扮	pan3	
扱	tʂʰap4	
扳	pan1	
扳	pʰan1	
扴	kat4	
扵	ʔjɯ1	
扶	vu1	
扶	fu1	
批	pʲʰi1	
扺	tʂjɨ2	
扽	tun3	
承	dʐʰiŋ1	
技	ɡi3	
抁	ˀjɥɛn2	
抃	bjɛn3	
抄	tʂʰaw1	
抄	tʂʰaw3	
抆	ˀʋun2	
抆	ʋun3	
抈	ŋɥɛt4	
抉	kʲɥɛt4	
抉	ʔʲɥɛt4	
把	pa2	
抌	jiw1	
抌	ˀjɥu2	
抌	tam2	
抍	ʂiŋ1	
抍	tʂiŋ2	
抎	ˀɰyn2	
抏	ŋwɑn1	
抐	nun3	
抐	nut4	
抑	ʔik4	
抒	zjɯ3	
抒	ʐjɯ3	
抓	tʂaw1	
抓	tʂaw2	
抓	tʂaw3	
抔	pʰuj1	
抔	bʰɨw1	
投	dʰɨw1	
抖	tɨw2	
抗	ɣɑŋ1	
抗	kʰɑŋ3	
折	dʰi1	
折	tʂjɛt4	
折	ʐjɛt4	
抧	tʂjɨ2	
抨	pʰiˤŋ1	
抩	nam1	
抪	pu1	
抪	pu3	
披	pʰi1	
披	pʰi2	
抭	ˀjɛw2	
抮	xʲjɛn2	
抯	tʂa1	
抯	zja3	
抯	tsja2	
抱	bɑw3	
抲	xʌ1	
抴	ji3	
抴	jɛt4	
抵	ti2	
抶	tɻʰit4	
抹	mwɑt4	
抻	ʂin3	
押	ʔap4	
押	kap4	
抽	tɻʰiw1	
抾	kʰi1	
抾	kʰjɛp4	
拂	fut4	
拃	tʂan2	
拄	tɻɥu2	
担	tan2	
拇	ˀmu2	
拈	njɛm1	
拉	lap4	
拊	fu2	
拋	pʰaw1	
拋	pʰaw3	
拌	pʰwɑn1	
拌	bwɑn3	
拍	pʰiˤk4	
拎	liŋ1	
拏	na1	
拐	kwaj2	
拑	ɡʰjɛm1	
拒	ɡjɯ3	
拓	tʰɑk4	
拓	tʂik4	
拔	vat4	
拔	bwɑt4	
拔	bat4	
拕	tʰʌ1	
拕	dʌ3	
拖	tʰʌ3	
拗	ʔaw2	
拘	kɥu1	
拙	tʂɥɛt4	
拚	fun3	
拚	bjɛn3	
招	tʂjɛw1	
拜	paj3	
拫	ɣɨn1	
括	kwɑt4	
拭	ʂik4	
拮	kʲit4	
拮	kʲjɛt4	
拯	tʂiŋ2	
拰	ˀnim2	
拱	kywŋ2	
拲	kywŋ2	
拲	kywk4	
拳	ɡʰɥɛn1	
拴	tsʰɥɛn1	
拵	dzʰun1	
拶	tsat4	
拸	ji1	
拹	xjɛp4	
拺	tʂʰiˤk4	
拺	ʂiˤk4	
拼	piˤŋ1	
拾	ʐip4	
持	dɻʰi1	
挂	kwa3	
挃	tɻit4	
挆	twʌ2	
挆	twʌ3	
指	tʂjɨ2	
挈	kʲʰjɛt4	
按	ʔɑn3	
挋	tʂin3	
挌	lɑk4	
挌	kiˤk4	
挎	kʰu1	
挏	dʰuŋ1	
挏	duŋ3	
挐	njɯ1	
挐	na1	
挑	tʰjɛw1	
挑	tʰɑw1	
挑	djɛw3	
挒	ljɛt4	
挨	ʔaj2	
挨	ʔɑj2	
挩	dwɑt4	
挩	tʰwɑt4	
挪	nʌ1	
挫	tswʌ3	
挬	but4	
挭	kiˤŋ2	
挮	tʰi2	
振	tʂin1	
振	tʂin3	
挰	dɻʰiˤŋ1	
挱	sʌ1	
挲	sʌ1	
挴	ˀmuj2	
挶	kywk4	
挸	kʲjɛn2	
挹	ʔʲip4	
挺	dʰiŋ1	
挺	diŋ3	
挻	ʂjɛn1	
挼	suj1	
挽	ˀʋan2	
挾	ɣʲjɛp4	
捀	vuŋ1	
捀	vuŋ3	
捂	ŋu3	
捃	kyn3	
捄	kɥu1	
捄	ɡʰiw1	
捅	tʰuŋ2	
捇	xwiˤk4	
捈	dʰu1	
捈	tʰu1	
捉	tʂwak4	
捊	bʰaw1	
捊	bʰɨw1	
捋	lwɑt4	
捌	pat4	
捍	ɣan3	
捍	ɣɑn3	
捎	sjɛw1	
捎	ʂaw1	
捏	njɛt4	
捐	jɥɛn1	
捒	ʂɯ3	
捒	ʂu3	
捔	kak4	
捔	dʐwak4	
捕	bu3	
捖	ɣwɑn1	
捘	tsʰyn1	
捘	tsuj3	
捘	tsun3	
捥	ʔwɑn3	
捦	ɡʰim1	
捧	fuŋ2	
捨	ʂja2	
捩	li3	
捩	ljɛt4	
捪	min1	
捫	mun1	
捭	paj2	
据	kjɯ1	
捲	ɡʰɥɛn1	
捲	kɥɛn2	
捲	kɥɛn3	
捳	ŋak4	
捶	tʂyj2	
捷	dzjɛp4	
捺	nat4	
捻	njɛp4	
捼	ɻyj1	
捼	nuj1	
捼	nwʌ1	
捽	dzyt4	
捽	dzut4	
捾	ʔwɑt4	
掀	xjɛn1	
掁	dɻʰiˤŋ1	
掃	sɑw2	
掃	sɑw3	
掄	lyn1	
掄	lun1	
掅	tsʰiŋ3	
掆	kɑŋ1	
掆	kɑŋ3	
掇	twɑt4	
掇	tɻɥɛt4	
授	ʐiw3	
掉	djɛw3	
掉	nwak4	
掊	bʰaw1	
掊	vɨw1	
掊	bʰɨw1	
掊	pɨw2	
掌	tʂjɑŋ2	
掍	ɣun3	
掎	ki1	
掎	ki2	
掎	kʰi3	
掏	dʰɑw1	
掐	kʰap4	
排	bʰaj1	
掓	ʂiwk4	
掔	kʰan1	
掔	kʲʰjɛn1	
掕	liŋ1	
掖	jik4	
掘	ɡyt4	
掘	ɡɥɛt4	
掛	kwa3	
掜	naj1	
掜	ˀŋʲi2	
掝	xwiˤk4	
掞	ʂjɛm3	
掟	diŋ3	
掠	ljɑŋ3	
掠	ljɑk4	
採	tsʰaj2	
探	tʰam1	
掣	tʂʰi3	
掣	tʂʰjɛt4	
掤	piŋ1	
接	tsjɛp4	
控	kʰaŋ1	
控	kʰuŋ3	
推	tʂʰyj1	
推	tʰuj1	
掩	ʔjɛm2	
措	tsʰu3	
掫	tsɥu1	
掫	tsɨw1	
掫	tʂɨw2	
掬	kiwk4	
掾	jɥɛn3	
揀	kan2	
揀	ljɛn3	
揂	tsiw1	
揃	tsjɛn2	
揄	jɥu1	
揄	jiw1	
揄	dʰɨw1	
揄	dɨw3	
揅	ŋʲjɛn1	
揆	ɡʲyj3	
揇	ˀnam2	
揈	xwiˤŋ1	
揉	ɻiw1	
揊	pʰik4	
揋	ʔuj1	
揌	saj1	
揎	sɥɛn1	
描	mjɛw1	
描	maw1	
提	dʐʰjɨ1	
提	dʰi1	
插	tʂʰap4	
揕	tɻim3	
揖	ʔʲip4	
揗	zyn1	
揗	ʐyn3	
揘	ɰyjŋ1	
揙	pʲjɛn1	
揚	jɑŋ1	
換	ɣwɑn3	
揜	ʔɑm2	
揜	ʔjɛm2	
揞	ʔɑm2	
揞	ʔam3	
揟	sjɯ1	
揠	ʔat4	
握	ʔak4	
揢	kʰiˤk4	
揣	tʂʰwɨ2	
揣	twʌ2	
揤	dzit4	
揤	tsik4	
揥	ti1	
揥	tʰi3	
揥	tɻʰi3	
揧	lat4	
揨	dɻʰiˤŋ1	
揩	kʰaj1	
揩	kʰaj3	
揫	tsiw1	
揬	dut4	
揭	kʰi3	
揭	kjɛt4	
揭	ɡjɛt4	
揭	kʰjɛt4	
揮	xyj1	
揯	kɨjŋ1	
揯	kɨjŋ3	
揱	sjɛw1	
揱	ʂaw3	
揱	ʂwak4	
揲	ʐjɛt4	
揲	jɛp4	
揲	djɛp4	
揳	sjɛt4	
援	ɰɥɛn1	
援	ɰɥɛn3	
揵	ɡʰjɛn1	
揵	kjɛn2	
搆	kɨw3	
搈	jywŋ1	
搉	kak4	
搉	kʰak4	
搊	tʂu1	
搊	tʂʰɨw1	
搊	tʂɨw2	
搋	tɻʰa1	
搌	tɻjɛn2	
搌	tɻʰjɛn2	
損	sun2	
搎	sun1	
搏	fu3	
搏	pʰɑk4	
搏	pɑk4	
搑	ɻywŋ1	
搑	ˀɻywŋ2	
搒	bʰiˤŋ1	
搒	pɑŋ3	
搓	tsʰʌ1	
搔	sɑw1	
搕	ʔɑp4	
搖	jɛw1	
搖	jɛw3	
搙	nuk4	
搙	nwak4	
搚	lap4	
搜	ʂɨw1	
搢	tsin3	
搣	mʲjɛt4	
搤	ʔiˤk4	
搥	tuj1	
搦	nwak4	
搦	niˤk4	
搨	tap4	
搩	ɡjɛt4	
搪	dʰɑŋ1	
搫	bʰwɑn1	
搫	bʰwʌ1	
搭	tʰap4	
搮	lit4	
搯	tʰɑw1	
搰	ɣut4	
搱	naj1	
搴	kjɛn2	
搵	ʔyn2	
搵	ʔun3	
搵	ʔut4	
搶	tsʰjɑŋ1	
搶	tʂʰaŋ2	
搶	tsʰjɑŋ2	
搷	dʰjɛn1	
搸	tʂɨn1	
搹	kiˤk4	
携	ɣʲyj1	
摋	sat4	
摌	ʂan2	
摍	ʂuk4	
摎	kaw1	
摎	liw1	
摏	ʂywŋ1	
摐	tsʰywŋ1	
摐	tʂʰwaŋ1	
摑	kwiˤk4	
摒	pʲiŋ3	
摕	ti3	
摕	di3	
摕	djɛt4	
摖	tsʰi3	
摗	sɨw1	
摘	tɻiˤk4	
摘	tʰik4	
摙	ˀljɛn2	
摙	ljɛn3	
摛	tɻʰi1	
摜	kwan3	
摝	luk4	
摞	lwʌ1	
摞	lwʌ3	
摟	lɥu1	
摟	lɨw1	
摠	tsuŋ2	
摡	xi3	
摡	kɑj3	
摣	na1	
摤	tsʰjɑŋ2	
摥	tʰɑŋ3	
摦	ɣwa3	
摧	dzʰuj1	
摩	mwʌ1	
摩	mwʌ3	
摫	kʲyj1	
摬	ʔiŋ2	
摭	tʂik4	
摮	ŋɑw1	
摯	tʂjɨ3	
摲	tʂʰam3	
摳	kʰɥu1	
摳	kʰɨw1	
摴	tɻʰjɯ1	
摵	ʂuk4	
摵	tsiwk4	
摵	ʂiˤk4	
摶	dʰwɑn1	
摶	dɻɥɛn3	
摷	ljɛw1	
摷	tʂaw1	
摸	mu1	
摸	mɑk4	
摺	lap4	
摺	tʂjɛp4	
摻	ʂam1	
摻	ʂam2	
摼	kʰiˤŋ1	
摽	pʲʰjɛw1	
摽	bʲjɛw3	
摽	pʲʰjɛw3	
撅	kɥɛt4	
撅	ɡɥɛt4	
撆	pʲʰjɛt4	
撈	lɑw1	
撋	ɻɥɛn1	
撍	tʂɨm1	
撍	tsam1	
撍	tsam2	
撍	tsam3	
撎	ʔi3	
撏	zim1	
撏	dzʰam1	
撏	dʐʰjɛm1	
撓	xɑw1	
撓	ˀnaw2	
撕	si1	
撖	kʰɑm1	
撖	kʰam2	
撖	ɣam3	
撘	tap4	
撙	tsun2	
撚	ˀnjɛn2	
撛	ˀlin2	
撛	lin3	
撜	tʂiŋ2	
撝	xyj1	
撞	dɻʰwaŋ1	
撞	dɻwaŋ3	
撟	kjɛw1	
撟	kjɛw2	
撠	kik4	
撢	jim1	
撢	tʰam1	
撢	tʰam3	
撣	dʰan1	
撣	dʐʰjɛn1	
撣	dan3	
撤	dɻjɛt4	
撤	tɻʰjɛt4	
撥	pwɑt4	
撦	tʂʰja2	
撨	sjɛw1	
撨	dzʰjɛw1	
撩	ljɛw1	
撩	ˀljɛw2	
撫	fu2	
播	pwʌ3	
撮	tswɑt4	
撮	tsʰwɑt4	
撰	dʐwan3	
撱	ˀjyj2	
撲	pʰuk4	
撻	tʰat4	
撼	ɣɑm3	
撿	ˀljɛm2	
擁	ʔywŋ2	
擄	ˀlu2	
擅	ʐjɛn3	
擆	tɻjɑk4	
擇	dɻiˤk4	
擉	tʂʰwak4	
擊	kʲik4	
擋	tɑŋ3	
擌	ʂiˤk4	
操	tsʰɑw1	
操	tsʰɑw3	
擎	ɡʰiŋ1	
擐	kwan1	
擐	ɣwan3	
擒	ɡʰim1	
擔	tam1	
擔	tam3	
擖	kʰat4	
擖	kat4	
擖	dɻap4	
擗	bʲik4	
擘	piˤk4	
據	kjɯ3	
擠	tsi1	
擠	tsi3	
擡	dʰaj1	
擢	dɻwak4	
擣	tɑw2	
擥	lam1	
擥	ˀlam2	
擧	jɯ1	
擨	ja1	
擩	ɻyj1	
擩	ˀɻɥu2	
擩	ɻɥu3	
擩	nɨw3	
擪	ʔʲjɛm2	
擪	ʔʲjɛp4	
擬	ˀŋi2	
擭	ɣu3	
擭	ɣwɑk4	
擭	ʔwiˤk4	
擯	pʲin3	
擲	dɻik4	
擳	tʂɨt4	
擴	ɣwɑŋ3	
擷	ɣʲjɛt4	
擷	xʲjɛt4	
擸	lap4	
擸	ljɛp4	
擹	tʰan1	
擺	paj2	
擻	sɨw2	
擽	ljɑk4	
擽	lik4	
擾	ˀɻjɛw2	
擿	dɻik4	
攀	pʰan1	
攂	luj3	
攃	sat4	
攃	tsʰat4	
攄	tɻʰjɯ1	
攇	xjɛn2	
攈	kyn3	
攉	xwɑk4	
攊	lik4	
攋	lat4	
攍	jiŋ1	
攎	lu1	
攏	ˀluŋ2	
攐	kʰjɛn1	
攑	kʰjɛn1	
攔	lan1	
攕	ʂam1	
攖	ʔʲiŋ1	
攗	mi1	
攘	ɻjɑŋ1	
攘	ˀɻjɑŋ2	
攘	ɻjɑŋ3	
攙	dʐʰam1	
攙	tʂʰam1	
攜	ɣʲyj1	
攝	ʂjɛp4	
攝	njɛp4	
攞	ˀlʌ2	
攡	li1	
攢	tsan3	
攢	dzwɑn3	
攣	lɥɛn1	
攤	tʰan1	
攤	ˀnan2	
攤	nan3	
攥	tswɑt4	
攨	ʔwa3	
攩	tʰɑŋ2	
攩	ɣwɑŋ3	
攪	kaw2	
攫	kɥɑk4	
攬	ˀlam2	
支	tʂjɨ1	
攱	kyj2	
攱	kyj3	
攲	kʰi1	
攲	ki1	
攲	ki2	
攴	pʰuk4	
攴	pʰak4	
收	ʂiw1	
收	ʂiw3	
攷	kʰɑw2	
攸	jiw1	
改	kɑj2	
攺	ˀji2	
攺	zɨ3	
攻	kuŋ1	
攽	pin1	
放	fɑŋ2	
放	fɑŋ3	
政	tʂiŋ3	
敀	piˤk4	
敀	pʰiˤk4	
敁	tjɛm1	
敂	kɨw2	
敃	ˀmin2	
敄	ˀʋu2	
敄	ʋu3	
故	ku3	
敆	kɑp4	
效	ɣaw3	
敉	ˀmʲi2	
敊	tɻʰiwk4	
敌	ɣwat4	
敏	ˀmin2	
敐	dʐʰin1	
敐	tʂin2	
救	kiw3	
敓	dwɑt4	
敔	ˀŋjɯ2	
敕	tɻʰik4	
敖	ŋɑw1	
敗	baj3	
敗	paj3	
敘	zjɯ3	
教	kaw1	
教	kaw3	
敜	njɛp4	
敝	bʲi3	
敞	tʂʰjɑŋ2	
敠	twɑt4	
敠	tsʰɥɛt4	
敡	ji3	
敢	kɑm2	
散	san2	
散	san3	
敤	kʰwʌ2	
敤	kʰwʌ3	
敦	tuj1	
敦	tun1	
敦	dʰwɑn1	
敦	tun3	
敫	jɑk4	
敬	kiŋ3	
敭	jɑŋ1	
敮	xap4	
敲	kʰaw1	
敲	kʰaw3	
敳	ŋɑj1	
整	tʂiŋ2	
敵	dik4	
敶	dɻʰin1	
敶	dɻin3	
敷	fu1	
數	ʂu2	
數	ʂu3	
數	ʂwak4	
敹	ljɛw1	
敺	kʰɥu1	
敻	xʲɥɛn3	
敻	xʲyjŋ3	
敽	kjɛw2	
斀	tɻwak4	
斁	du3	
斁	tu3	
斁	jik4	
斂	ˀljɛm2	
斂	ljɛm3	
斃	bʲi3	
斄	li1	
斄	laj1	
斅	ɣaw3	
文	ʋun1	
斌	pin1	
斐	fʲi2	
斑	pan1	
斒	pan1	
斕	lan1	
斖	ˀʋʲi2	
斗	tɨw2	
料	ljɛw1	
料	ljɛw3	
斛	ɣuk4	
斜	ja1	
斜	zja1	
斝	ka2	
斞	ˀjɥu2	
斟	tʂim1	
斠	kak4	
斡	ʔwɑt4	
斢	tʰɨw2	
斣	tɨw3	
斤	kin1	
斤	kin3	
斥	tʂʰja3	
斥	tʂʰik4	
斦	ŋin1	
斧	fu2	
斨	tsʰjɑŋ1	
斪	ɡʰɥu1	
斫	tʂjɑk4	
斬	tʂam2	
斮	tʂwak4	
斮	tʂak4	
斯	sɨ1	
新	sin1	
斲	tɻwak4	
斷	twɑn2	
斷	dwɑn3	
斷	twɑn3	
斸	tɻywk4	
方	vɑŋ1	
方	fɑŋ1	
於	ʔjɯ1	
於	ʔu1	
施	ʂjɨ1	
施	ʂjɨ3	
斿	jiw1	
旁	bʰɑŋ1	
旂	ɡʰi1	
旃	tʂjɛn1	
旄	mɑw1	
旄	mɑw3	
旅	ˀljɯ2	
旆	buj3	
旇	pʰi1	
旇	bi3	
旋	zɥɛn1	
旋	zɥɛn3	
旌	tsiŋ1	
旍	tsiŋ1	
旎	ˀni2	
族	dzuk4	
旐	dɻjɛw3	
旒	liw1	
旓	ʂaw1	
旔	kjɛn3	
旖	ʔi1	
旖	ʔi2	
旗	ɡʰi1	
旚	pʲʰjɛw1	
旛	van1	
旛	fan1	
旜	tʂjɛn1	
旝	kuj3	
旞	zyj3	
旟	jɯ1	
无	ʋu1	
无	mu1	
旡	ki3	
既	ki3	
日	ɻit4	
旦	tan3	
旨	tʂjɨ2	
早	tsɑw2	
旬	zyn1	
旭	xywk4	
旰	kɑn3	
旱	ɣɑn3	
旴	xɥu1	
旵	tɻʰam2	
旹	dʐʰjɨ1	
旺	ɰɥɑŋ3	
旻	min1	
旼	min1	
旿	ˀŋu2	
昂	ŋɑŋ1	
昃	tʂiˤk4	
昄	pwɑn2	
昄	pan2	
昄	ban3	
昅	ɡjɛp4	
昆	kun1	
昇	ʂiŋ1	
昈	ɣu3	
昉	fɑŋ2	
昊	ɣɑw3	
昋	kʲyj3	
昌	tʂʰjɑŋ1	
明	miŋ1	
昏	xun1	
昒	ʋut4	
昒	xut4	
易	ji3	
易	jik4	
昔	sik4	
昕	xin1	
昚	ʐin3	
昜	jɑŋ1	
昝	tsam2	
昞	piŋ2	
星	siŋ1	
映	ʔɑŋ2	
映	ʔiŋ3	
昢	pʰuj3	
昢	pʰut4	
昤	liŋ1	
春	tʂʰyn1	
昦	ɣɑw3	
昧	muj3	
昨	dzɑk4	
昩	mwɑt4	
昪	bjɛn3	
昫	xɥu3	
昭	tʂjɛw1	
是	ʐjɨ3	
昱	jiwk4	
昲	fʲi3	
昳	djɛt4	
昴	ˀmaw2	
昵	nit4	
昶	tɻʰjɑŋ2	
昶	tɻʰjɑŋ3	
晁	dɻʰjɛw1	
時	dʐʰjɨ1	
晃	ɣwɑŋ3	
晈	kʲjɛw2	
晉	tsin3	
晊	tʂit4	
晏	ʔɑn3	
晏	ʔan3	
晐	kɑj1	
晙	syn3	
晙	tsyn3	
晚	ˀʋan2	
晛	ɣʲjɛn3	
晛	njɛn3	
晜	kun1	
晝	tɻiw3	
晞	xi1	
晟	ʐiŋ3	
晡	pu1	
晢	tʂi3	
晢	tʂjɛt4	
晣	tʂjɛt4	
晤	ŋu3	
晥	ɣwɑn3	
晦	xuj3	
晧	ɣɑw3	
晨	dʐʰin1	
晨	ʐin1	
晪	tʰjɛn2	
晫	tɻwak4	
晫	tɻʰwak4	
晬	tsuj3	
晭	tʂiw2	
普	pʰu2	
景	kiŋ2	
晲	ˀŋʲi2	
晴	dzʰiŋ1	
晵	kʲʰi2	
晵	kʲʰjɛn3	
晶	tsiŋ1	
晷	kyj2	
晹	ʂik4	
智	tɻi3	
晻	ʔɑm2	
晻	ʔjɛm2	
晼	ʔɥɛn2	
暀	ˀɰɥɑŋ2	
暀	ɰɥɑŋ3	
暀	ɣwɑŋ3	
暄	xɥɛn1	
暅	xɥɛn2	
暆	ji1	
暇	ɣa3	
暈	ɰyn3	
暉	xyj1	
暍	ʔjɛt4	
暍	xɑt4	
暎	ʔiŋ3	
暏	tu2	
暐	ˀɰyj2	
暑	ʂjɯ2	
暕	kan2	
暖	ˀnwɑn2	
暗	ʔɑm3	
暘	jɑŋ1	
暜	tʰi3	
暝	mʲiŋ1	
暝	mʲiŋ3	
暟	kʰɑj2	
暠	kɑw2	
暡	ʔuŋ2	
暢	tɻʰjɑŋ3	
暤	ɣɑw3	
暨	ɡi3	
暨	ki3	
暨	kit4	
暫	dzam3	
暬	sjɛt4	
暬	njɛp4	
暮	mu3	
暰	tsʰywŋ1	
暱	nit4	
暲	tʂjɑŋ1	
暳	xʲyj3	
暴	bɑw3	
暴	buk4	
暵	xɑn2	
暵	xɑn3	
暹	sjɛm1	
暻	kyjŋ2	
暼	pʲʰjɛt4	
暾	tʰun1	
曀	ʔʲi3	
曃	tʰaj3	
曄	ɰip4	
曄	ɰjɛp4	
曅	ɰjɛp4	
曆	lik4	
曇	dʰam1	
曈	dʰuŋ1	
曈	tʰuŋ1	
曈	tʰuŋ2	
曉	xʲjɛw2	
曏	xjɑŋ2	
曏	ʂjɑŋ2	
曏	ʂjɑŋ3	
曏	xjɑŋ3	
曐	siŋ1	
曑	ʂɨm1	
曔	ɡiŋ3	
曖	ʔɑj3	
曙	ʐjɯ3	
曚	ˀmuŋ2	
曛	xyn1	
曜	jɛw3	
曝	bɑw3	
曝	buk4	
曠	kʰwɑŋ3	
曡	djɛp4	
曦	xi1	
曨	luŋ1	
曨	ˀluŋ2	
曩	ˀnɑŋ2	
曪	ˀlʌ2	
曫	lwɑn1	
曬	ʂɨ3	
曬	ʂaj3	
曭	tʰɑŋ2	
曮	ˀŋjɛm2	
曰	ɰɥɛt4	
曲	kʰywk4	
曳	ji3	
更	kiˤŋ1	
更	kiˤŋ3	
曷	ɣɑt4	
書	ʂjɯ1	
曹	dzʰɑw1	
曼	mwɑn1	
曼	ʋan3	
曾	tsɨjŋ1	
曾	dzʰɨjŋ1	
替	tʰi3	
最	tsuj3	
朁	dzʰjɛm1	
朁	tsʰam2	
會	ɣuj3	
會	kuj3	
朄	jin3	
朅	kʰjɛt4	
月	ŋɥɛt4	
有	ˀɰiw2	
朋	bʰujŋ1	
服	vuk4	
朏	fʲi2	
朏	pʰuj2	
朒	niwk4	
朓	tʰjɛw1	
朓	tʰjɛw2	
朔	ʂwak4	
朕	dɻim3	
朖	ˀlɑŋ2	
朗	ˀlɑŋ2	
朚	ʋɑŋ1	
朚	mɑŋ1	
朚	miˤŋ3	
望	ʋɑŋ1	
望	ʋɑŋ3	
朝	tɻjɛw1	
朝	dɻʰjɛw1	
朞	ki1	
期	ɡʰi1	
朢	ʋɑŋ1	
朢	ʋɑŋ3	
朦	muŋ1	
朧	luŋ1	
木	muk4	
未	ʋʲi3	
末	mwɑt4	
本	pun2	
札	tʂat4	
朮	ʐyt4	
朮	dɻyt4	
朱	tʂɥu1	
朲	ɻin1	
朳	pat4	
朴	pʰak4	
朵	twʌ2	
朶	twʌ2	
朷	tɑw1	
朷	muk4	
朸	lik4	
朸	lɨjk4	
朹	ɡʰiw1	
朹	kyj2	
机	ki1	
机	ki2	
朻	kiw1	
朻	kʲiw1	
朻	kʲiw2	
朼	pʲi2	
朽	xiw2	
朾	tɻiˤŋ1	
朾	dɻʰiˤŋ1	
朿	tsʰɨ3	
杄	tsʰjɛn1	
杅	ɰɥu1	
杆	kɑn3	
杇	ʔu1	
杈	tʂʰa1	
杈	tʂʰa3	
杉	ʂam1	
杌	ŋut4	
杍	tsɨ2	
李	ˀli2	
杏	ɣiˤŋ3	
材	dzʰaj1	
村	tsʰun1	
杒	ɻin3	
杓	pʲjɛw1	
杓	pʲʰjɛw1	
杓	ʐjɑk4	
杓	tik4	
杔	tɻiˤk4	
杕	di3	
杖	dɻjɑŋ3	
杗	ʋɑŋ1	
杗	mɑŋ1	
杘	tɻʰi3	
杙	jik4	
杜	du3	
杝	ji1	
杝	dɻi3	
杞	kʰi2	
束	ʂywk4	
杠	kaŋ1	
杪	ˀmʲjɛw2	
杫	sɨ3	
杬	ŋɥɛn1	
杭	ɣɑŋ1	
杮	fʲi3	
杯	puj1	
杰	ɡjɛt4	
東	tuŋ1	
杲	kɑw2	
杳	ʔʲjɛw2	
杴	xjɛm1	
杵	tʂʰjɯ2	
杶	tɻʰyn1	
杷	bʰa1	
杷	baj3	
杷	ba3	
杸	dʐʰɥu1	
杹	xwa3	
杺	sim1	
杻	ˀniw2	
杻	tɻʰiw2	
杼	dɻjɯ3	
杼	ʐjɯ3	
杽	tɻʰiw2	
松	zywŋ1	
板	pan2	
极	ɡjɛp4	
枂	ŋɥɛt4	
枂	ŋwɑt4	
枃	tsin3	
枅	kʲi1	
枆	mɑw1	
枇	bʲʰi1	
枇	pʲi2	
枇	bʲi3	
枉	ʔɥɑŋ2	
枊	ŋɑŋ1	
枊	ŋɑŋ3	
枋	fɑŋ1	
枌	vun1	
枍	ʔʲi3	
枎	vu1	
析	sik4	
枑	ɣu3	
枒	ŋa1	
枒	ŋa3	
枓	tʂɥu2	
枓	tɨw2	
枔	zim1	
枕	dɻʰim1	
枕	tʂim2	
枕	tʂim3	
枖	ʔjɛw1	
林	lim1	
枘	ɻyj3	
枚	muj1	
果	kwʌ2	
枝	tʂjɨ1	
枮	tɻim1	
枮	sjɛm1	
枯	kʰu1	
枰	bʰiŋ1	
枰	biŋ3	
枲	sɨ2	
枳	tʂjɨ2	
枳	kʲi2	
枴	kwaj2	
枵	xjɛw1	
架	ka3	
枷	ɡʰja1	
枷	ka1	
枸	kɨw1	
枸	kɥu2	
枸	kɨw2	
枹	vu1	
枹	paw1	
枹	vɨw1	
枺	muj3	
枻	ji3	
枼	jɛp4	
枿	ŋɑt4	
柀	pi2	
柁	dʌ3	
柃	liŋ1	
柃	ˀliŋ2	
柄	piŋ3	
柅	ni1	
柅	ˀni2	
柈	bʰwɑn1	
柉	vam1	
柊	tʂiwŋ1	
柌	zɨ1	
柍	ʔjɑŋ2	
柎	fu1	
柏	piˤk4	
某	ˀmu2	
柑	kɑm1	
柒	tsʰit4	
染	ˀɻjɛm2	
染	ɻjɛm3	
柔	ɻiw1	
柖	dʐʰjɛw1	
柘	tʂja3	
柙	ɣap4	
柚	jiw3	
柚	dɻiwk4	
柛	ʂin1	
柜	kjɯ2	
柝	tʰɑk4	
柞	tsɑk4	
柞	dzɑk4	
柟	nam1	
柟	ɻjɛm1	
柟	ˀɻjɛm2	
柠	tɻʰjɯ2	
柢	ti1	
柢	ti2	
柢	ti3	
柣	dɻit4	
柣	tsʰjɛt4	
柤	tʂa1	
查	dʐʰa1	
柧	ku1	
柩	ɡiw3	
柫	fut4	
柬	kan2	
柮	tut4	
柮	dzwɑt4	
柯	kʌ1	
柰	nɑj3	
柱	dɻɥu3	
柱	tɻɥu2	
柲	pi3	
柲	bʲit4	
柲	pit4	
柲	bʲjɛt4	
柳	ˀliw2	
柴	dʐʰa1	
柵	ʂan3	
柵	tʂʰiˤk4	
柶	sɨ3	
柷	tʂʰiwk4	
柷	tʂiwk4	
柹	ʐɨ3	
栐	ˀɰyjŋ2	
栓	ʂwan1	
栔	kʲʰi3	
栔	kʲʰjɛt4	
栖	si1	
栖	si3	
栗	lit4	
栘	ji1	
栘	dʐʰi1	
栙	ɣaŋ1	
栚	dɻim3	
栛	li3	
栜	ʂiˤk4	
栝	tʰjɛm2	
栝	kwɑt4	
栞	kʰɑn1	
栟	pʲiŋ1	
栠	ˀɻim2	
校	ɣaw3	
校	kaw3	
栩	ˀɰɥu2	
栩	xɥu2	
株	tɻɥu1	
栫	dzun3	
栫	dzjɛn3	
栭	ɻjɨ1	
栯	ˀɰiw2	
栯	ʔiwk4	
栰	vat4	
栱	kywŋ2	
栲	kʰɑw2	
栳	ˀlɑw2	
栴	tʂjɛn1	
栵	li3	
栵	ljɛt4	
样	jɑŋ1	
样	tsɑŋ1	
核	ɣiˤk4	
根	kɨn1	
栺	tʂjɨ1	
栺	ŋʲi3	
栻	tɻʰik4	
格	kɑk4	
格	kiˤk4	
栽	tsaj1	
栽	dzaj3	
栿	vuk4	
桀	ɡjɛt4	
桁	ɣɑŋ1	
桁	ɣiˤŋ1	
桂	kʲyj3	
桃	dʰɑw1	
桄	kwɑŋ1	
桄	kwɑŋ3	
桅	ŋuj1	
桅	kyj2	
框	kʰɥɑŋ1	
案	ʔɑn3	
桊	kɥɛn3	
桋	ji1	
桋	dʰi1	
桌	tɻwak4	
桎	tʂit4	
桏	ɡʰywŋ1	
桐	dʰuŋ1	
桑	sɑŋ1	
桒	sɑŋ1	
桓	ɣwɑn1	
桔	kʲjɛt4	
桘	dɻʰyj1	
桫	sʌ1	
桬	ʂa1	
桭	tʂin1	
桭	dʐʰin1	
桮	puj1	
桯	ɣʲiŋ1	
桯	tʰiŋ1	
桱	kʲiŋ3	
桲	but4	
桴	fu1	
桴	vu1	
桵	ɻyj1	
桶	tʰuŋ2	
桶	duŋ3	
桷	kak4	
桸	xi1	
桹	lɑŋ1	
桻	fuŋ1	
桼	tsʰit4	
桾	kyn1	
梀	suk4	
梀	tsʰuk4	
梀	tɻʰywk4	
梁	ljɑŋ1	
梂	ɡʰiw1	
梃	diŋ3	
梄	ˀjiw2	
梅	muj1	
梆	paŋ1	
梇	luŋ3	
梋	xʲɥɛn1	
梌	dʰu1	
梌	tʰu1	
梌	dɻʰa1	
梎	ʔaw1	
梏	kuk4	
梏	kak4	
梐	pʲi1	
梐	bʲi3	
梑	dik4	
梒	ɣɑm1	
梓	tsɨ2	
梔	tʂjɨ1	
梗	kiˤŋ2	
梜	kʲjɛp4	
梜	kap4	
條	dʰjɛw1	
梞	ɡi3	
梟	kʲjɛw1	
梠	ˀljɯ2	
梡	ɣwɑn1	
梡	ɣwɑn3	
梡	kʰwɑn2	
梢	ʂaw1	
梣	dzʰim1	
梣	dʐʰɨm1	
梤	vun1	
梧	ŋu1	
梨	li1	
梩	li1	
梪	dɨw3	
梫	tsim1	
梫	tʂʰɨm1	
梫	tsʰim2	
梬	ˀjiŋ2	
梭	swʌ1	
梮	kywk4	
梯	tʰi1	
械	ɣaj3	
梱	ŋun1	
梱	kʰun2	
梲	tʰut4	
梲	tʰwɑt4	
梲	tʂɥɛt4	
梳	ʂɯ1	
梴	tɻʰjɛn1	
梵	vuŋ1	
梵	vam3	
棃	li1	
棄	kʲʰi3	
棅	piŋ3	
棆	lyn1	
棈	tsʰjɛn3	
棉	mʲjɛn1	
棊	ɡʰi1	
棌	tsʰaj3	
棍	ɣun3	
棎	dʐʰjɛm1	
棏	tɻiˤk4	
棏	dɨjk4	
棐	fʲi2	
棑	bʰaj1	
棑	baj3	
棒	baŋ3	
棓	bʰuj1	
棓	vɨw1	
棓	baŋ3	
棔	xun1	
棖	dɻʰiˤŋ1	
棗	tsɑw2	
棘	kik4	
棚	bʰiˤŋ1	
棚	bʰujŋ1	
棛	jiwk4	
棜	ʔjɯ3	
棝	ku3	
棟	tuŋ3	
棠	dʰɑŋ1	
棢	ˀʋɑŋ2	
棣	di3	
棤	sik4	
棥	van1	
棦	tʂʰiˤŋ1	
棧	dʐan3	
棨	kʲʰi2	
棪	ˀjɛm2	
棫	ɰyjk4	
棬	kʰɥɛn1	
森	ʂɨm1	
棯	ˀɻim2	
棱	lɨjŋ1	
棲	si1	
棴	suk4	
棴	vuk4	
棵	ɣwɑn3	
棵	kʰwɑn2	
棶	laj1	
棷	tʂɨw1	
棷	tsɨw1	
棷	sɨw2	
棷	tsʰɨw2	
棸	dɻʰiw1	
棸	dɻiw3	
棹	dɻaw3	
棺	kwɑn1	
棺	kwɑn3	
棻	vun1	
棻	fun1	
棼	vun1	
棽	tɻʰim1	
棽	ʂɨm1	
棿	ŋʲi1	
椀	ʔwɑn2	
椁	kwɑk4	
椄	tsjɛp4	
椅	ʔi1	
椅	ʔi2	
椆	dɻʰiw1	
椆	tʂiw3	
椇	kɥu2	
椈	kiwk4	
椉	ʐiŋ1	
椊	dzut4	
椋	ljɑŋ1	
椌	kʰuŋ1	
椌	kʰaŋ1	
植	dɻi3	
植	ʐik4	
椎	dɻʰyj1	
椏	ʔa1	
椏	ʔʌ2	
椐	kjɯ1	
椐	kʰjɯ1	
椐	kjɯ3	
椑	pʲi1	
椑	bʲʰi1	
椑	bʲik4	
椒	tsjɛw1	
椔	tʂɨ1	
椔	tʂɨ3	
椯	dʐʰɥɛn1	
椰	ja1	
椱	vɨw3	
椱	vuk4	
椲	ˀɰyj2	
椳	ʔuj1	
椴	dwɑn3	
椵	ka2	
椵	ka3	
椶	tsuŋ1	
椷	ɣam1	
椹	tɻim1	
椺	ɣʲik4	
椽	dɻʰɥɛn1	
椿	tɻʰyn1	
楀	ˀɰɥu2	
楀	kɥu2	
楁	ɣiˤk4	
楂	dʐʰa1	
楃	ʔak4	
楄	bʲʰjɛn1	
楅	fuk4	
楅	pik4	
楇	kwʌ1	
楈	sjɯ1	
楈	sjɯ2	
楉	ɻjɑk4	
楊	jɑŋ1	
楋	lat4	
楌	ŋan1	
楎	xyj1	
楎	ɣun1	
楏	kʲʰyj1	
楑	ɡʲʰyj1	
楑	ɡʲyj3	
楒	sɨ1	
楓	fuŋ1	
楔	kat4	
楔	sjɛt4	
楖	tsit4	
楖	tʂɨt4	
楖	tsik4	
楗	ɡjɛn3	
楘	muk4	
楙	mɨw3	
楚	tʂʰɯ2	
楚	tʂʰɯ3	
楛	ɣu3	
楝	ljɛn3	
楞	lɨjŋ1	
楟	dʰiŋ1	
楠	nam1	
楢	jiw1	
楢	tʂʰjɛw2	
楣	mi1	
楥	xɥɛn3	
楦	xɥɛn3	
楧	ʔiŋ1	
楨	tɻiŋ1	
楩	bʲʰjɛn1	
楩	bʲjɛn3	
楪	jɛp4	
楫	tsjɛp4	
楬	ɡjɛt4	
楬	kʰat4	
業	ŋjɛp4	
楮	tɻʰjɯ2	
楮	tu2	
楯	tɻʰyn1	
楯	zyn1	
楯	ʐyn3	
楰	jɥu1	
楰	ˀjɥu2	
楱	tsʰɨw3	
楱	dzɨw3	
楲	ʔyj1	
極	ɡik4	
楶	tsjɛt4	
楷	kaj1	
楷	kʰaj2	
楸	tsʰiw1	
楹	jiŋ1	
楺	ˀɻiw2	
榆	jɥu1	
榍	sjɛt4	
榎	ka2	
榑	vu1	
榓	mʲit4	
榔	lɑŋ1	
榔	ˀlɑŋ2	
榖	kuk4	
榗	tsjɛn3	
榘	kɥu2	
榙	ɣɑp4	
榛	tʂɨn1	
榜	bʰiˤŋ1	
榜	pɑŋ2	
榜	piˤŋ3	
榝	ʂat4	
榞	ŋɥɛn1	
榠	mʲiŋ1	
榣	jɛw1	
榤	ɡjɛt4	
榥	ɣwɑŋ3	
榦	kɑn3	
榧	fʲi2	
榨	tʂa3	
榩	ɡʰjɛn1	
榪	ma3	
榬	ɰɥɛn1	
榭	zja3	
榮	ɰyjŋ1	
榯	dʐʰjɨ1	
榰	tʂjɨ1	
榱	ʂwɨ1	
榲	ʔut4	
榴	liw1	
榵	ɻywŋ1	
榶	dʰɑŋ1	
榷	kak4	
榸	tɻaj1	
榹	sɨ1	
榺	ʂiŋ3	
榻	tʰap4	
榼	kʰɑp4	
榽	ɣʲi1	
榽	ɣaj1	
榾	kut4	
槀	kɑw2	
槀	kʰɑw2	
槃	bʰwɑn1	
槄	tʰɑw1	
槄	tʰɑw2	
槅	kiˤk4	
槆	syn1	
槈	nɨw3	
槉	dzit4	
槊	ʂwak4	
構	kɨw3	
槌	dɻʰyj1	
槌	dɻyj3	
槍	tsʰjɑŋ1	
槍	tʂʰiˤŋ1	
槎	dʐʰa1	
槎	dʐa3	
槏	kʰam2	
槐	ɣwaj1	
槐	ɣuj1	
槔	kɑw1	
槙	tjɛn1	
槙	tʂin2	
槢	zip4	
槤	ljɛn1	
槥	ɰyj3	
槥	zyj3	
槦	jywŋ1	
槧	tsʰjɛm1	
槧	dzam3	
槧	dzjɛm3	
槧	tsʰjɛm3	
槨	kwɑk4	
槩	kɑj3	
槭	tsiwk4	
槮	ʂɨm1	
槮	tʂʰɨm1	
槮	ʂɨm2	
槮	sam2	
槯	dzʰuj1	
槱	ˀjiw2	
槱	jiw3	
槲	ɣuk4	
槳	tsjɑŋ2	
槵	ɣwan3	
槷	ŋʲjɛt4	
槸	ŋʲi3	
槺	kʰɑŋ1	
槻	kʲyj1	
槽	tsɑw1	
槽	dzʰɑw1	
槾	mwɑn1	
槿	kin2	
樀	tik4	
樀	dik4	
樁	tɻwaŋ1	
樂	ŋaw3	
樂	ŋak4	
樂	lɑk4	
樅	tsywŋ1	
樅	tsʰywŋ1	
樆	li1	
樇	siw1	
樈	ɡʰiŋ1	
樉	ʂaŋ2	
樊	van1	
樌	kwɑn3	
樍	tsik4	
樎	ʂuk4	
樏	ˀlyj2	
樐	ˀlu2	
樒	mit4	
樓	lɨw1	
樔	dʐʰaw1	
樕	suk4	
樘	tɻʰiˤŋ1	
標	pʲjɛw1	
標	pʲjɛw2	
樛	kʲiw1	
樜	ʂjɯ3	
樜	tʂja3	
樝	tʂa1	
樞	tʂʰɥu1	
樟	tʂjɑŋ1	
樠	ʋan1	
樠	mun1	
樠	mwɑn1	
模	mu1	
樤	dʰjɛw1	
樬	tsʰuŋ1	
樲	ɻjɨ3	
樳	zim1	
樴	tʂik4	
樴	dɨjk4	
樵	dzʰjɛw1	
樸	bʰu1	
樸	buk4	
樸	puk4	
樸	pʰak4	
樹	ʐɥu3	
樺	ɣwa1	
樺	ɣwa3	
樻	ɡyj3	
樻	kʰyj3	
樼	tʂɨn1	
樽	tsun1	
樾	ɰɥɛt4	
樿	tʂjɛn2	
橀	xʲi1	
橀	xɑj2	
橃	fʲi3	
橃	vat4	
橄	kɑm2	
橅	mu1	
橇	kʰjɛw1	
橈	ɻjɛw1	
橈	naw3	
橉	ˀlin2	
橉	lin3	
橋	ɡʰjɛw1	
橌	ɣan3	
橎	fan2	
橏	tʂjɛn2	
橐	tʰɑk4	
橑	ljɛw1	
橑	ˀlɑw2	
橒	ɰyn1	
橕	tɻʰiˤŋ1	
橖	dʰɑŋ1	
橘	kʲyt4	
橙	dɻʰiˤŋ1	
橙	tɨjŋ3	
橚	sjɛw1	
橚	siwk4	
橜	kɥɛt4	
橜	ɡɥɛt4	
橝	dʰam1	
橝	djɛm3	
橞	ɣʲyj3	
機	ki1	
橠	ˀnʌ2	
橡	zjɑŋ3	
橢	tʰwʌ2	
橦	dʰuŋ1	
橦	tʂywŋ1	
橦	dɻʰwaŋ1	
橧	dzʰiŋ1	
橧	tsɨjŋ1	
橨	vun1	
橨	vʲi3	
橪	ʔʲjɛn1	
橪	ˀɻjɛn2	
橫	kwɑŋ1	
橫	ɣwiˤŋ1	
橫	ɣwiˤŋ3	
橭	ku1	
橭	kʰu1	
橾	ʂu1	
橾	sɨw2	
橿	kjɑŋ1	
檀	dʰan1	
檂	nywŋ1	
檄	ɣʲik4	
檆	ʂam1	
檇	tsyj1	
檇	dzʰuj1	
檇	tsyj3	
檈	syn1	
檈	zɥɛn1	
檉	tɻʰiŋ1	
檍	ʔik4	
檎	ɡʰim1	
檐	jɛm1	
檒	fuŋ1	
檓	xyj2	
檔	tɑŋ1	
檕	kʲʰi1	
檕	kʲi3	
檖	zyj3	
檗	piˤk4	
檛	tɻwa1	
檜	kuj3	
檜	kwɑt4	
檝	dzip4	
檝	tsjɛp4	
檞	kaj2	
檟	ka2	
檠	ɡʰiŋ1	
檠	kiŋ2	
檠	ɡiŋ3	
檡	dɻiˤk4	
檡	ʂik4	
檢	kjɛm2	
檣	dzʰjɑŋ1	
檥	ˀŋi2	
檬	muŋ1	
檭	ŋin1	
檮	dʰɑw1	
檮	dɻʰiw1	
檮	tɑw2	
檯	dʰaj1	
檳	pʲin1	
檴	ɣwa3	
檴	ɣwɑk4	
檵	kʲi3	
檷	mʲi1	
檷	ˀni2	
檸	ˀniˤŋ2	
檹	ʔi1	
檻	ɣam3	
檼	ʔin3	
檾	kʲʰyjŋ2	
檿	ʔʲjɛm2	
櫀	ɡʰi1	
櫂	dɻaw3	
櫃	ɡyj3	
櫄	tɻʰyn1	
櫅	tsi1	
櫋	mʲjɛn1	
櫌	ʔiw1	
櫍	tʂit4	
櫎	ɣwɑŋ3	
櫏	tsʰjɛn1	
櫐	ˀlyj2	
櫑	luj1	
櫑	ˀluj2	
櫓	ˀlu2	
櫔	li3	
櫖	ljɯ1	
櫖	ljɯ3	
櫘	syj3	
櫙	ʔɨw1	
櫚	ljɯ1	
櫛	tʂɨt4	
櫜	kɑw1	
櫝	duk4	
櫞	jɥɛn1	
櫟	jɑk4	
櫟	lik4	
櫡	tɻjɑk4	
櫧	tʂjɯ1	
櫨	lu1	
櫩	jɛm1	
櫪	lik4	
櫫	tɻjɯ1	
櫬	tʂʰɨn3	
櫭	ɡjɛt4	
櫰	ɣwaj1	
櫰	kuj1	
櫱	ŋɑt4	
櫱	ŋjɛt4	
櫳	luŋ1	
櫸	kjɯ2	
櫺	liŋ1	
櫻	ʔiˤŋ1	
櫼	ʂam1	
櫽	ʔin2	
櫾	jiw1	
櫾	jiw3	
欀	sjɑŋ1	
欀	ɻjɑŋ3	
欂	pɑk4	
欂	bik4	
欂	biˤk4	
欃	dʐʰam1	
欃	dʐam3	
欄	lan1	
欇	ʂjɛp4	
欇	ʐjɛp4	
欈	jyj1	
權	ɡʰɥɛn1	
欋	ɡʰɥu1	
欏	lʌ1	
欐	ʂɨ1	
欐	ˀli2	
欐	li3	
欑	dzʰwɑn1	
欒	lwɑn1	
欓	tɑŋ2	
欖	ˀlam2	
欘	tɻywk4	
欘	dɻwak4	
欙	lyj1	
欚	ˀli2	
欛	pa3	
欝	ʔyt4	
欠	kʰjɛm3	
次	tsʰɨ3	
欣	xin1	
欥	jit4	
欥	jyt4	
欦	xʲjɛm1	
欦	kʰjɛm2	
欦	xam2	
欦	xɑm1	
欨	xɥu1	
欨	xɥu2	
欩	tɻʰjɛw1	
欪	xʲit4	
欪	tɻʰyt4	
欬	ʔaj3	
欬	kʰɑj3	
欭	ʔi3	
欮	kɥɛt4	
欯	xʲit4	
欰	syt4	
欱	xɑp4	
欱	xap4	
欲	jywk4	
欴	lɑŋ1	
欵	kʰwɑn2	
欶	sɨw3	
欶	ʂwak4	
欷	xi1	
欷	xi3	
欸	ʔɑj1	
欸	ʔɑj2	
欸	xaj3	
欹	ʔi1	
欺	kʰi1	
欻	xyt4	
欼	tʂʰwaj3	
欽	kʰim1	
款	kʰwɑn2	
欿	ɣɑm3	
歀	kʰwɑn2	
歁	kʰɑm2	
歁	kʰɑp4	
歂	dʐʰɥɛn1	
歂	ʐɥɛn3	
歃	ʂap4	
歄	kwa1	
歅	ʔʲin1	
歆	xim1	
歇	xjɛt4	
歈	jɥu1	
歈	dʰɨw1	
歉	kʲʰjɛm2	
歉	kʰam2	
歉	kʰam3	
歊	xjɛw1	
歊	xuk4	
歋	ji1	
歌	kʌ1	
歍	ʔu1	
歎	tʰan3	
歏	ɡin3	
歐	ʔɨw1	
歐	ʔɨw2	
歑	xu1	
歔	xjɯ1	
歕	pʰun1	
歕	pʰun3	
歖	xi1	
歗	sjɛw3	
歙	xip4	
歙	ʂjɛp4	
歛	xɑm1	
歜	dzam3	
歜	tʂʰywk4	
歟	jɯ1	
歟	ˀjɯ2	
歟	jɯ3	
歠	tʂʰɥɛt4	
歡	xwɑn1	
止	tʂjɨ2	
正	tʂiŋ1	
正	tʂiŋ3	
此	tsʰɨ2	
步	bu3	
武	ˀʋu2	
歧	ɡʲʰi1	
歫	ɡjɯ3	
歬	dzʰjɛn1	
歭	dɻi3	
歰	ʂɨp4	
歱	tʂywŋ2	
歲	syj3	
歷	lik4	
歸	kyj1	
歺	ŋɑt4	
死	sɨ2	
歿	mut4	
殀	ʔjɛw2	
殂	dzʰu1	
殃	ʔjɑŋ1	
殄	djɛn3	
殆	daj3	
殈	xʲyjk4	
殉	zyn3	
殊	dʐʰɥu1	
殍	fu1	
殍	bi3	
殍	bjɛw3	
殏	ɡʰiw1	
殐	suk4	
殑	ɡʰiŋ1	
殑	ɡiŋ3	
殔	ji3	
殕	fu2	
殕	fɨw2	
殕	ʔɨjk4	
殖	ʐik4	
殗	ʔjɛp4	
殘	dzʰan1	
殙	xun1	
殛	kik4	
殜	jɛp4	
殜	dɻjɛp4	
殞	ˀɰyn2	
殟	ʔun1	
殟	ʔut4	
殠	xiw2	
殠	tʂʰiw3	
殢	tʰi3	
殢	xʲi3	
殣	ɡin3	
殤	ʂjɑŋ1	
殧	dziw3	
殧	tsʰiwk4	
殧	tsiwk4	
殨	ɣuj3	
殩	tsʰwɑn3	
殪	ʔʲi3	
殫	tan1	
殬	tu3	
殭	kjɑŋ1	
殭	kjɑŋ3	
殮	ljɛm3	
殯	pʲin3	
殰	duk4	
殲	tsjɛm1	
殳	dʐʰɥu1	
段	dwɑn3	
殷	ʔin1	
殷	ʔan1	
殸	kʰiˤŋ1	
殸	kʲʰiŋ3	
殹	ʔʲi3	
殺	ʂaj3	
殺	ʂat4	
殽	ɰaw1	
殿	djɛn3	
殿	tjɛn3	
毀	xyj2	
毀	xyj3	
毃	kʰak4	
毅	ŋi3	
毆	ʔɨw2	
毇	xyj2	
毈	dwɑn3	
毉	ʔi1	
毊	xjɛw1	
毊	ɡʰjɛw1	
毋	ʋu1	
毌	kwɑn1	
毌	kwɑn3	
母	ˀmu2	
每	ˀmuj2	
每	muj3	
毐	ʔɑj1	
毐	ʔɑj2	
毒	duk4	
毓	jiwk4	
比	bʲʰi1	
比	pʲi2	
比	bʲi3	
比	pʲi3	
比	bʲit4	
毖	pi3	
毗	bʲʰi1	
毚	dʐʰam1	
毛	mɑw1	
毛	mɑw3	
毢	saj1	
毣	muk4	
毣	mak4	
毤	tʰwʌ3	
毦	ɻjɨ3	
毨	sjɛn2	
毫	ɣɑw1	
毬	ɡʰiw1	
毭	dɨw3	
毯	tʰam2	
毰	bʰuj1	
毱	ɡiwk4	
毳	tsʰyj3	
毳	tʂʰwaj3	
毸	suj1	
毹	ʂu1	
毻	tʰuj3	
毻	tʰwʌ3	
毼	ɣɑt4	
毾	tʰap4	
毿	sam1	
氀	lɥu1	
氂	li1	
氂	mɑw1	
氄	ˀɻywŋ2	
氅	tʂʰjɑŋ2	
氈	tʂjɛn1	
氍	ɡʰɥu1	
氎	djɛp4	
氏	tʂjɨ1	
氏	tsiŋ1	
氏	ʐjɨ3	
氐	tɻi1	
氐	ti1	
民	mʲin1	
氒	kɥɛt4	
氓	miˤŋ1	
气	kʰi3	
氛	vun1	
氛	fun1	
氣	kʰi3	
氣	xi3	
氤	ʔʲin1	
氳	ʔyn1	
水	ʂyj2	
氶	tʂiŋ2	
永	ˀɰyjŋ2	
氾	vam1	
氾	fam3	
氿	kyj2	
汀	tʰiŋ1	
汀	tʰiŋ3	
汁	tʂip4	
求	ɡʰiw1	
汃	pin1	
汃	pʰat4	
汅	ˀmʲjɛn2	
汋	dʐwak4	
汋	ʐjɑk4	
汍	ɣwɑn1	
汎	vuŋ1	
汎	fam3	
汏	daj3	
汏	tʰat4	
汐	zik4	
汒	mɑŋ1	
汒	ʋɑŋ3	
汓	ziw1	
汔	xit4	
汕	ʂan2	
汕	ʂan3	
汗	ɣɑn1	
汗	kɑn1	
汗	ɣɑn3	
汘	tsʰjɛn1	
汙	ɰɥu1	
汙	ʔu3	
汚	ʔu1	
汛	ʂaj3	
汛	sin3	
汛	sjɛn3	
汜	zɨ3	
汝	ˀɻjɯ2	
汞	ɣuŋ3	
江	kaŋ1	
池	dɻʰi1	
池	dʰʌ1	
汥	tʂjɨ1	
汥	ɡʲʰi1	
汥	ɡi3	
汦	tʂjɨ2	
汧	kʲʰjɛn1	
汧	kʲʰjɛn3	
汨	kut4	
汨	mʲik4	
汩	ɰyt4	
汪	ʔwɑŋ1	
汪	ʔɥɑŋ2	
汪	ʔwɑŋ3	
汫	dziŋ3	
汭	ɻyj3	
汮	kyn1	
汮	kʲyn1	
汰	tʰaj3	
汱	kʲɥɛn2	
汲	kip4	
汳	fan3	
汴	bjɛn3	
汶	min1	
汶	ʋun1	
汶	ʋun3	
汸	fɑŋ1	
決	xʲɥɛt4	
決	kʲɥɛt4	
汻	xɑŋ2	
汾	vun1	
沁	tsʰim3	
沂	ŋi1	
沃	ʔuk4	
沄	ɰyn1	
沄	ɣun1	
沅	ŋɥɛn1	
沆	ɣɑŋ1	
沆	ɣɑŋ3	
沇	ˀjɥɛn2	
沈	dɻʰim1	
沈	ʂim2	
沈	dɻim3	
沉	dɻʰim1	
沋	ɰiw1	
沌	dʰun1	
沌	dun3	
沌	dɻɥɛn3	
沏	tsʰjɛt4	
沐	muk4	
沑	ˀɻiw2	
沑	niwk4	
沒	mut4	
沓	dap4	
沔	ˀmʲjɛn2	
沕	mit4	
沕	ʋut4	
沖	dɻʰiwŋ1	
沘	bʲʰi1	
沘	pʲi2	
沙	ʂa1	
沙	ʂa3	
沚	tʂjɨ2	
沛	puj3	
沛	pʰuj3	
沜	pʰwɑn3	
沝	tʂyj2	
沞	tsap4	
沫	muj3	
沫	mwɑt4	
沬	ʋʲi3	
沭	ʐyt4	
沮	tsʰjɯ1	
沮	tsjɯ1	
沮	tʂɯ1	
沮	dzjɯ3	
沮	tsjɯ3	
沰	tʰɑk4	
沱	dʰʌ1	
沱	dʌ3	
河	ɣʌ1	
沴	li3	
沶	ji1	
沸	fʲi3	
油	jiw1	
油	jiw3	
沺	dʰjɛn1	
治	dɻʰi1	
治	dɻi3	
沼	tʂjɛw2	
沽	ku1	
沽	ku2	
沽	ku3	
沾	tɻjɛm1	
沾	tʰjɛm1	
沾	tjɛm3	
沿	jɥɛn1	
況	xɥɑŋ3	
泂	ɣʲyjŋ3	
泄	ji3	
泄	sjɛt4	
泅	ziw1	
泆	jit4	
泆	djɛt4	
泈	tʂiwŋ1	
泉	dzʰɥɛn1	
泊	bɑk4	
泋	xyj3	
泌	pi3	
泌	bʲit4	
泌	pit4	
泎	dʐiˤk4	
泏	tɻyt4	
泏	kʰut4	
泐	lɨjk4	
泑	ʔʲiw1	
泑	ʔʲiw2	
泒	ku1	
泓	ʔwiˤŋ1	
泔	kɑm1	
法	fap4	
泖	ˀmaw2	
泗	sɨ3	
泙	bʰiŋ1	
泚	tsʰɨ2	
泚	tsʰi2	
泛	fam3	
泛	vap4	
泜	tʂjɨ1	
泜	dɻʰi1	
泝	su3	
泠	liŋ1	
泡	pʰaw1	
泡	bʰaw1	
波	pwʌ1	
泣	kʰip4	
泤	zɨ3	
泥	ni1	
泥	ni3	
泦	kiwk4	
泧	ɰɥɛt4	
泧	xɥɛt4	
泧	xwɑt4	
注	tʂɥu3	
泫	ɣʲɥɛn3	
泬	xʲɥɛt4	
泭	vu1	
泭	fu1	
泮	pʰwɑn3	
泯	mʲin1	
泯	ˀmʲin2	
泰	tʰaj3	
泱	ʔjɑŋ1	
泱	ʔɑŋ2	
泳	ɰyjŋ3	
泿	ŋin1	
泿	ŋɨn1	
洁	kʲit4	
洄	ɣuj1	
洅	tsuj2	
洇	ʔʲin1	
洈	ŋyj1	
洈	kyj2	
洊	dzjɛn3	
洋	jɑŋ1	
洋	zjɑŋ1	
洌	li3	
洌	ljɛt4	
洍	ji1	
洍	zɨ3	
洎	ki3	
洎	ɡi3	
洏	ɻjɨ1	
洐	ɣiˤŋ1	
洑	vuk4	
洒	si2	
洒	ʂaj3	
洓	tsʰik4	
洔	tʂjɨ2	
洔	dɻi3	
洕	jin3	
洗	si2	
洗	sjɛn2	
洘	kʰɑw2	
洙	dʐʰɥu1	
洚	ɣuŋ1	
洚	ɣaŋ1	
洚	kaŋ3	
洛	lɑk4	
洝	ʔɑn3	
洞	dʰuŋ1	
洞	duŋ3	
洟	ji1	
洟	tʰi3	
洣	ˀmʲi2	
津	tsin1	
洦	miˤk4	
洦	pʰiˤk4	
洧	ˀɰyj2	
洨	ɰaw1	
洩	ji3	
洪	ɣuŋ1	
洫	xyjk4	
洬	suk4	
洭	kʰɥɑŋ1	
洮	jɛw1	
洮	tʰɑw1	
洱	ˀɻjɨ2	
洱	ɻjɨ3	
洲	tʂiw1	
洳	ɻjɯ1	
洳	ɻjɯ3	
洴	bʲʰiŋ1	
洵	syn1	
洵	zyn1	
洶	xywŋ1	
洶	xywŋ2	
洸	kwɑŋ1	
洸	ʔwɑŋ1	
洹	ɰɥɛn1	
洹	ɣwɑn1	
洺	mʲiŋ1	
活	kwɑt4	
活	ɣwɑt4	
洼	kʲyj1	
洼	ʔa1	
洼	ʔwa1	
洽	ɣap4	
派	pʰa3	
洿	ʔu1	
洿	ɣu3	
流	liw1	
浖	lɥɛt4	
浘	ˀʋʲi2	
浙	tʂjɛt4	
浚	syn3	
浛	ɣɑm3	
浜	piˤŋ1	
浜	piˤŋ2	
浝	maŋ1	
浞	dʐwak4	
浟	jiw1	
浡	but4	
浢	dɨw3	
浣	ɣwɑn3	
浤	ɣwiˤŋ1	
浥	ʔip4	
浥	ʔap4	
浥	ʔjɛp4	
浦	pʰu2	
浧	ˀjiŋ2	
浨	ˀlam2	
浩	ɣɑw3	
浩	kɑp4	
浪	lɑŋ1	
浪	lɑŋ3	
浭	kiˤŋ1	
浮	vu1	
浯	ŋu1	
浰	ljɛn3	
浴	jywk4	
浵	dʰuŋ1	
海	xɑj2	
浸	tsʰim1	
浸	tsim3	
浹	tsjɛp4	
浺	tɻʰiwŋ1	
浼	ˀmuj2	
浽	syj1	
浽	ˀnuj2	
浾	tʂa1	
浿	pʰuj3	
浿	pʰaj3	
涀	ɣʲi3	
涀	kʲʰjɛn3	
涀	ɣʲjɛn3	
涂	dɻʰjɯ1	
涂	dʰu1	
涃	kʰun3	
涅	njɛt4	
涆	kɑn3	
涇	kʲiŋ1	
消	sjɛw1	
涉	ʐjɛp4	
涉	tjɛp4	
涊	ˀɻin2	
涊	ˀnjɛn2	
涌	ˀjywŋ2	
涍	xaw1	
涍	xaw3	
涎	zjɛn1	
涎	jɛn3	
涏	diŋ3	
涏	djɛn3	
涐	ŋʌ1	
涑	sɨw1	
涑	suk4	
涑	sywk4	
涒	tʰun1	
涓	kʲɥɛn1	
涔	dʐʰɨm1	
涕	tʰi2	
涕	tʰi3	
涖	li3	
涗	ʂyj3	
涘	ʐɨ3	
涪	vɨw1	
涫	kwɑn1	
涫	kwɑn3	
涬	ɣʲiŋ3	
涮	ʂwan3	
涯	ŋi1	
涯	ŋa1	
液	jik4	
涳	kʰuŋ1	
涳	nwaŋ1	
涳	kʰaŋ1	
涴	ʔwʌ3	
涵	ɣɑm1	
涵	ɣɑm3	
涶	tʰwʌ1	
涶	tʰwʌ3	
涷	tuŋ1	
涷	tuŋ3	
涸	ɣɑk4	
涹	ʔwʌ1	
涺	kjɯ1	
涻	ʂja3	
涼	ljɑŋ1	
涼	ljɑŋ3	
涾	dap4	
涿	tɻwak4	
淀	djɛn3	
淁	tsʰjɛp4	
淂	tɨjk4	
淃	ɡɥɛn3	
淄	tʂɨ1	
淅	sik4	
淆	ɰaw1	
淇	ɡʰi1	
淈	kut4	
淈	ɣɨt4	
淊	ʔam1	
淊	ɣɑm3	
淊	ˀjɛm2	
淊	ʔam3	
淋	lim1	
淑	ʐiwk4	
淒	tsʰi1	
淓	fɑŋ1	
淔	tɻʰik4	
淕	liwk4	
淖	naw3	
淙	dzʰuŋ1	
淙	dʐʰwaŋ1	
淙	ʂwaŋ3	
淚	lyj3	
淛	tʂi3	
淜	bʰiŋ1	
淝	vʲi1	
淞	sywŋ1	
淟	tʰjɛn2	
淠	pʰi3	
淠	pʲʰi3	
淡	dʰam1	
淡	dam3	
淡	ˀjɛm2	
淢	ɰyjk4	
淢	xyjk4	
淤	ʔjɯ1	
淤	ʔjɯ3	
淥	luk4	
淥	lywk4	
淦	kɑm1	
淦	kɑm3	
淧	mʲit4	
淨	dziŋ3	
淩	liŋ1	
淪	lyn1	
淫	jim1	
淬	tsʰuj3	
淭	ɡʰjɯ1	
淮	ɣwaj1	
淯	jiwk4	
淰	ʂim2	
淰	ˀnjɛm2	
淰	ˀnam2	
深	ʂim1	
深	ʂim3	
淲	bʰiw1	
淳	dʐʰyn1	
淴	ʔut4	
淵	ʔʲɥɛn1	
淶	laj1	
混	ɣun3	
淹	ʔjɛm1	
淹	ʔjɛm3	
淺	tsjɛn1	
淺	tsʰjɛn2	
添	tʰjɛm1	
淼	ˀmʲjɛw2	
清	tsʰiŋ1	
渒	pʲi1	
渙	xuj3	
渙	xwɑn3	
渚	tʂjɯ2	
減	ɣam3	
減	kam2	
渜	ˀnwɑn2	
渜	nwɑn3	
渝	jɥu1	
渟	dʰiŋ1	
渠	ɡʰjɯ1	
渡	du3	
渢	vuŋ1	
渣	tʂa1	
渤	but4	
渥	ʔak4	
渦	kwʌ1	
渦	ʔwʌ1	
渧	ti3	
渨	ʔuj1	
渫	sjɛt4	
渫	dʐap4	
測	tʂʰiˤk4	
渭	ɰyj3	
渮	kʌ1	
港	kaŋ2	
港	ɣuŋ3	
渰	ʔjɛm2	
渱	ɣuŋ1	
渲	sɥɛn3	
渳	ˀmʲi2	
渴	kʰɑt4	
渴	ɡjɛt4	
渶	ʔiŋ1	
渷	ˀjɥɛn2	
游	jiw1	
渹	xwiˤŋ1	
渺	ˀmʲjɛw2	
渻	ʂiˤŋ2	
渻	siŋ2	
渼	ˀmi2	
渽	tsaj1	
渾	ɣun1	
渾	ɣun3	
渿	nɑj3	
湀	kʲʰyj1	
湀	ɡʲyj3	
湀	kʲyj2	
湀	kʲʰɥɛt4	
湁	tɻʰip4	
湂	ŋɑk4	
湃	pʰaj3	
湄	mi1	
湅	ljɛn3	
湆	kʰip4	
湉	dʰjɛm1	
湊	tsʰɨw3	
湋	ɰyj1	
湌	tsʰan1	
湍	tʰwɑn1	
湍	tʂɥɛn1	
湎	ˀmʲjɛn2	
湐	piˤk4	
湑	sjɯ1	
湑	sjɯ2	
湒	tsip4	
湓	bʰun1	
湓	fun3	
湓	pʰun3	
湔	dzʰjɛn1	
湔	tsjɛn1	
湔	tsjɛn3	
湕	kjɛn2	
湖	ɣu1	
湘	sjɑŋ1	
湛	dɻʰim1	
湛	tam1	
湛	dɻam3	
湜	ʐik4	
湝	kaj1	
湝	ɣaj1	
湞	dɻʰiˤŋ1	
湞	tɻiŋ1	
湟	ɣwɑŋ1	
湠	tʰan3	
湡	ŋɥu1	
湢	pik4	
湨	kʲyjk4	
湩	tuŋ2	
湩	tuŋ3	
湩	tɻywŋ3	
湪	tʰwɑn3	
湫	tsʰiw1	
湫	tsiw1	
湫	tsjɛw2	
湫	dziw3	
湮	ʔʲin1	
湮	ʔʲjɛn1	
湯	ʂjɑŋ1	
湯	tʰɑŋ1	
湯	tʰɑŋ3	
湱	xwiˤk4	
湲	ɣwan1	
湲	ɰɥɛn1	
湳	ˀnam2	
湴	bam3	
溉	ki3	
溉	kɑj3	
溎	ʔʲjɛn3	
溏	dʰɑŋ1	
源	ŋɥɛn1	
溑	swʌ2	
溒	ɰɥɛn1	
溓	ljɛm1	
溓	ˀljɛm2	
溔	ˀjɛw2	
準	tʂyn2	
準	tʂɥɛt4	
溗	ʐiŋ1	
溘	kʰɑj3	
溘	kʰɑp4	
溜	liw3	
溝	kɨw1	
溞	sɑw1	
溟	mʲiŋ1	
溟	ˀmʲiŋ2	
溠	tsʰʌ1	
溠	tʂa1	
溠	tʂa3	
溢	jit4	
溣	lun3	
溥	pʰu2	
溥	pɑk4	
溧	lit4	
溨	dzʰaj1	
溩	ʔu2	
溪	kʲʰi1	
溫	ʔun1	
溭	dʐiˤk4	
溱	tʂɨn1	
溲	ʂɨw1	
溲	ʂɨw2	
溳	ɰyn1	
溳	ˀɰyn2	
溵	ʔin1	
溶	jywŋ1	
溶	ˀjywŋ2	
溷	ɣun3	
溹	sɑk4	
溹	ʂiˤk4	
溺	ɻjɑk4	
溺	nik4	
溼	ʂip4	
溽	ɻywk4	
溾	ʔwaj1	
溾	ɣuj3	
滀	tɻʰiwk4	
滁	dɻʰjɯ1	
滂	pʰɑŋ1	
滃	ʔuŋ2	
滄	tsʰɑŋ1	
滅	mʲjɛt4	
滆	ɣiˤk4	
滇	dʰjɛn1	
滇	tjɛn1	
滇	tʰjɛn3	
滈	ɣɑw3	
滈	xak4	
滉	ɣwɑŋ3	
滋	tsɨ1	
滌	dik4	
滍	dɻi3	
滎	ɣʲyjŋ1	
滏	vu3	
滐	ɡjɛt4	
滑	kut4	
滑	ɣut4	
滑	ɣwat4	
滒	kʌ1	
滓	tʂɨ2	
滔	tʰɑw1	
滕	dʰɨjŋ1	
滫	siw2	
滬	ɣu3	
滭	pʲit4	
滯	dɻi3	
滰	ɡjɑŋ3	
滱	kʰɨw1	
滱	kʰɨw3	
滲	ʂɨm3	
滴	tik4	
滵	mit4	
滶	ŋɑw1	
滷	ˀlu2	
滷	tʂʰik4	
滷	dik4	
滸	xu2	
滹	xu1	
滻	ʂan2	
滽	jywŋ1	
滿	ˀmwɑn2	
漁	ŋjɯ1	
漂	pʲʰjɛw1	
漂	pʲʰjɛw3	
漅	tsjɛw2	
漆	tsʰit4	
漉	luk4	
漊	ˀlɥu2	
漊	ˀlɨw2	
漌	kin2	
漍	kwiˤk4	
漏	lɨw3	
漐	tɻʰip4	
漓	li1	
演	ˀjɛn2	
漕	dzʰɑw1	
漕	dzɑw3	
漘	ʐyn1	
漙	dʰwɑn1	
漚	ʔɨw1	
漚	ʔɨw3	
漞	mʲik4	
漠	mɑk4	
漢	xɑn3	
漣	ljɛn1	
漤	ˀlam2	
漦	ʐɨ1	
漧	kɑn1	
漨	vuŋ1	
漪	ʔi1	
漫	mwɑn3	
漬	dzɨ3	
漭	ˀmɑŋ2	
漭	mɑŋ3	
漮	kʰɑŋ1	
漯	tʰap4	
漰	pʰujŋ1	
漱	ʂɨw3	
漱	sɨw3	
漲	tɻjɑŋ1	
漲	tɻjɑŋ3	
漳	tʂjɑŋ1	
漴	dʐwaŋ3	
漵	zjɯ3	
漶	ɣwɑn3	
漷	kʰwɑk4	
漷	xwiˤk4	
漸	tsjɛm1	
漸	dzjɛm3	
漹	ɰjɛn1	
漹	ʔjɛn3	
漺	tʂʰaŋ2	
漺	ʂaŋ2	
漻	ljɛw1	
漼	tsʰuj2	
漾	jɑŋ3	
漿	tsjɑŋ1	
潀	tʂiwŋ1	
潀	dzʰuŋ1	
潁	ˀjyjŋ2	
潎	pʲʰi3	
潎	pʲʰjɛt4	
潏	ʐyt4	
潏	jyt4	
潏	kʲɥɛt4	
潐	tsjɛw3	
潒	zjɑŋ3	
潒	dɑŋ3	
潓	ɣʲyj3	
潔	kʲjɛt4	
潕	ˀʋu2	
潗	tsip4	
潘	pʰwɑn1	
潙	ɰyj1	
潙	kyj1	
潚	sjɛw1	
潚	siwk4	
潛	dzʰjɛm1	
潛	dzjɛm3	
潝	xip4	
潞	lu3	
潟	sik4	
潠	sun3	
潢	ɣwɑŋ1	
潢	ɣwɑŋ3	
潣	ˀmuj2	
潣	ˀmin2	
潤	ɻyn3	
潦	ˀlɑw2	
潦	lɑw3	
潧	tʂɨn1	
潩	ji3	
潩	jik4	
潪	tɻi3	
潪	dɻik4	
潫	ʔwan1	
潫	ʔʲɥɛn1	
潫	ʔɥɛn1	
潬	dan3	
潭	dʰam1	
潭	ˀjim2	
潮	dɻʰjɛw1	
潯	zim1	
潰	ɣuj3	
潲	ʂaw3	
潶	xɨjk4	
潷	pit4	
潸	ʂan1	
潸	ʂan2	
潺	dʐʰan1	
潼	dʰuŋ1	
潼	tʂʰywŋ1	
潾	lin1	
潾	lan1	
潿	ɰyj1	
澀	ʂɨp4	
澁	ʂɨp4	
澂	dɻʰiŋ1	
澄	dɻʰiˤŋ1	
澄	dɻʰiŋ1	
澅	ɣwa3	
澆	kʲjɛw1	
澆	ŋʲjɛw3	
澇	lɑw1	
澇	ˀlɑw2	
澇	lɑw3	
澈	dɻjɛt4	
澉	kɑm2	
澉	tʰam3	
澋	ɣwiˤŋ3	
澌	sɨ3	
澍	ʐɥu3	
澍	tʂɥu3	
澎	bʰiˤŋ1	
澎	pʰiˤŋ1	
澐	ɰyn1	
澒	ɣuŋ3	
澓	vuk4	
澗	kan3	
澞	ŋɥu1	
澠	ʐiŋ1	
澠	ˀmʲin2	
澡	tsɑw2	
澣	ɣwɑn3	
澤	dɻiˤk4	
澥	ɣaj3	
澦	jɯ3	
澧	ˀli2	
澨	ʐi3	
澩	ɣaw3	
澩	dʐwak4	
澩	ɣak4	
澪	liŋ1	
澬	tsɨ1	
澬	dzʰɨ1	
澭	ʔywŋ1	
澮	kuj3	
澱	djɛn3	
澲	ŋjɛp4	
澳	ʔɑw3	
澳	ʔiwk4	
澴	ɣwan1	
澶	dʐʰjɛn1	
澶	dan3	
澹	dʰam1	
澹	dam3	
澺	ʔik4	
澻	zyj3	
澼	pʲʰik4	
澽	kjɯ3	
澽	ɡjɯ3	
澾	tʰat4	
澿	ɡʰim1	
激	kʲjɛw3	
激	kʲik4	
濁	dɻwak4	
濂	ljɛm1	
濃	nywŋ1	
濄	ʔwʌ1	
濅	tsim3	
濆	vun1	
濆	pʰun1	
濇	ʂiˤk4	
濇	ʂɨp4	
濈	tʂɨp4	
濉	syj1	
濊	xuj3	
濊	ʔuj3	
濊	ʔyj3	
濊	xwɑt4	
濋	tʂʰɯ2	
濌	tʰap4	
濎	tiŋ2	
濔	ˀmʲi2	
濕	ʂip4	
濕	tʰap4	
濗	mʲik4	
濘	ˀniŋ2	
濘	ni3	
濘	niŋ3	
濙	ʔʲyjŋ2	
濛	muŋ1	
濛	ˀmuŋ2	
濜	tsin1	
濜	dzin3	
濜	dʐɨn3	
濞	pʰi3	
濞	pʲʰi3	
濟	tsi2	
濟	tsi3	
濠	ɣɑw1	
濡	ɻɥu1	
濡	nwɑn1	
濢	tsyj2	
濢	tsʰyj3	
濤	dʰɑw1	
濥	ˀjin2	
濥	jin3	
濧	duj3	
濨	dzʰɨ1	
濩	ɣu3	
濩	ɣwɑk4	
濩	ʔwiˤk4	
濫	ɣam3	
濫	lam3	
濬	syn3	
濮	puk4	
濯	dɻaw3	
濯	dɻwak4	
濰	jyj1	
濱	pʲin1	
濴	jyjŋ1	
濺	tsjɛn1	
濺	tsjɛn3	
濼	luk4	
濼	pʰuk4	
濼	lɑk4	
濼	pʰɑk4	
濼	lik4	
濿	li3	
瀀	ʔiw1	
瀁	ˀjɑŋ2	
瀁	jɑŋ3	
瀄	tʂɨt4	
瀅	ʔʲyjŋ3	
瀆	duk4	
瀇	ʔwɑŋ2	
瀈	xyj1	
瀉	sja2	
瀉	sja3	
瀋	tʂʰim2	
瀌	pjɛw1	
瀌	bʰiw1	
瀍	dɻʰjɛn1	
瀎	mwɑt4	
瀎	mʲjɛt4	
瀏	liw1	
瀏	ˀliw2	
瀑	bɑw3	
瀑	buk4	
瀔	kuk4	
瀖	xwɑk4	
瀗	xjɛn3	
瀘	lu1	
瀙	tʂɨn1	
瀙	tʂʰɨn3	
瀙	tsʰin3	
瀚	ɣɑn3	
瀛	jiŋ1	
瀜	jiwŋ1	
瀝	lik4	
瀡	syj3	
瀢	ˀjyj2	
瀢	duj3	
瀣	ɣaj3	
瀣	ɣɑj3	
瀤	ɣwaj1	
瀥	xak4	
瀦	tɻjɯ1	
瀧	luŋ1	
瀧	lwaŋ1	
瀧	ʂwaŋ1	
瀨	laj3	
瀰	mʲi1	
瀰	ˀmʲi2	
瀰	ˀni2	
瀱	ki3	
瀲	ˀljɛm2	
瀲	ljɛm3	
瀳	tsjɛn1	
瀳	dzjɛn3	
瀴	ˀmʲiŋ2	
瀴	ʔʲiŋ2	
瀴	ʔiˤŋ3	
瀵	fun3	
瀶	lim1	
瀷	jik4	
瀷	tʂʰik4	
瀸	tsjɛm1	
瀹	jɑk4	
瀺	dʐam3	
瀼	ɻjɑŋ1	
瀾	lan1	
瀾	lan3	
瀿	van1	
灂	dʐwak4	
灃	fuŋ1	
灄	ʂjɛp4	
灈	ɡʰɥu1	
灉	ʔywŋ1	
灉	ʔywŋ3	
灊	zim1	
灊	dzʰim1	
灊	dzʰjɛm1	
灋	fap4	
灌	kwɑn3	
灑	ʂɨ2	
灑	ʂa2	
灑	ʂɨ3	
灒	tsan3	
灓	lwɑn1	
灓	lwɑn3	
灓	lɥɛn3	
灕	li1	
灘	tʰan1	
灘	xɑn2	
灘	nan3	
灛	tʂʰjɛn2	
灝	ɣɑw3	
灝	kɑm2	
灞	pa3	
灢	ˀnɑŋ2	
灢	nɑŋ3	
灣	ʔwan1	
灤	lwɑn1	
灥	zyn1	
灥	tʂʰɥɛn1	
灨	kɑm2	
灨	kɑm3	
灩	jɛm3	
灪	ʔyt4	
火	xwʌ2	
灮	kwɑŋ1	
灰	xuj1	
灱	xaw1	
灵	liŋ1	
灸	kiw2	
灸	kiw3	
灹	tɻa3	
灺	zja3	
灼	tʂjɑk4	
災	tsaj1	
灾	tsaj1	
炁	kʰi3	
炂	tʂywŋ1	
炅	kʲyjŋ2	
炅	kʲyj3	
炈	jyjk4	
炊	tʂʰyj1	
炎	ɰjɛm1	
炒	tʂʰaw2	
炓	ljɛw3	
炔	kʲyj3	
炕	xɑŋ1	
炕	kʰɑŋ3	
炘	xin1	
炘	xin3	
炙	tʂja3	
炙	tʂik4	
炟	tat4	
炠	ɣap4	
炢	dɻyt4	
炤	tʂjɛw3	
炥	vut4	
炦	bwɑt4	
炪	tɻʰyt4	
炪	tʂɥɛt4	
炫	ɣʲɥɛn3	
炬	ɡjɯ3	
炭	tʰan3	
炮	bʰaw1	
炮	pʰaw3	
炯	ɣʲyjŋ3	
炯	kʲyjŋ2	
炰	bʰaw1	
炱	dʰaj1	
炳	piŋ2	
炴	ʔjɑŋ2	
炵	dʰuŋ1	
炵	tʰuŋ1	
炶	ɣɑm1	
炷	tʂɥu2	
炷	tʂɥu3	
為	ɰyj1	
烄	kaw2	
烄	kɑw3	
烈	ljɛt4	
烊	jɑŋ1	
烋	xiw1	
烏	ʔu1	
烑	jɛw1	
烒	ʂik4	
烓	ʔʲyj1	
烓	kʲʰyjŋ2	
烔	dʰuŋ1	
烕	xʲɥɛt4	
烖	tsaj1	
烗	kʰaj3	
烘	ɣuŋ1	
烘	xuŋ1	
烘	ɣuŋ3	
烘	xuŋ3	
烙	lɑk4	
烚	ɣap4	
烜	xyj2	
烜	xɥɛn2	
烝	tʂiŋ1	
烝	tʂiŋ3	
烟	ʔʲin1	
烟	ʔʲjɛn1	
烠	ɣuj1	
烰	vɨw1	
烳	pʰu2	
烴	kʲiŋ2	
烼	xyt4	
烽	fuŋ1	
烾	tʂʰik4	
焀	ɣuk4	
焁	xi1	
焁	xʲi1	
焃	xwiˤk4	
焄	xyn1	
焅	kʰuk4	
焆	kʲɥɛn1	
焆	ʔʲɥɛt4	
焆	ʔjɛt4	
焇	sjɛw1	
焉	ʔjɛn1	
焉	ɰjɛn1	
焊	xɑn2	
焌	tsyn3	
焌	tsun3	
焌	tsʰyt4	
焎	xjɛt4	
焚	vun1	
焜	ɣun3	
焞	dʐʰyn1	
焟	sik4	
焠	tsʰuj3	
無	ʋu1	
焥	ʔwɑt4	
焦	tsjɛw1	
焪	kʰiwŋ1	
焪	kʰiwŋ3	
焫	ɻɥɛt4	
焭	ɡʲʰyjŋ1	
焮	xin3	
焯	tʂjɑk4	
焰	jɛm3	
焱	jɛm3	
焱	xʲyjk4	
焲	jik4	
焴	jiwk4	
然	ɻjɛn1	
焷	bʲʰi1	
焸	ku2	
煁	dʐʰim1	
煆	xa1	
煆	xa3	
煇	xyj1	
煇	ɣun1	
煇	ɣun3	
煌	ɣwɑŋ1	
煎	tsjɛn1	
煎	tsjɛn3	
煑	tʂjɯ2	
煒	ˀɰyj2	
煓	tʰwɑn1	
煔	ɣɑm1	
煔	ʂjɛm3	
煔	tʰjɛm3	
煖	xɥɛn1	
煖	ˀnwɑn2	
煗	ˀnwɑn2	
煙	ʔʲjɛn1	
煚	kyjŋ2	
煜	jiwk4	
煜	ɰip4	
煝	mi3	
煞	ʂat4	
煟	ɰyj3	
煠	jɛp4	
煠	tɻʰjɛp4	
煠	dʐap4	
煢	ɡʲʰyjŋ1	
煣	ˀɻiw2	
煣	ɻiw3	
煤	muj1	
煥	xwɑn3	
煦	xɥu2	
煦	xɥu3	
照	tʂjɛw3	
煨	ʔuj1	
煩	van1	
煪	dzʰiw1	
煬	jɑŋ1	
煬	jɑŋ3	
煹	kɨw3	
煻	dʰɑŋ1	
煼	tʂʰaw2	
煽	ʂjɛn1	
煽	ʂjɛn3	
煾	ʔɨn1	
熁	xjɛp4	
熂	xi3	
熄	sik4	
熅	ʔyn1	
熆	ɣɑp4	
熇	xuk4	
熇	xɑk4	
熊	ɣiwŋ1	
熏	xyn1	
熑	ljɛm1	
熒	ɣʲyjŋ1	
熙	xi1	
熚	pʲit4	
熛	pʲjɛw1	
熜	tsʰuŋ1	
熜	tsuŋ2	
熟	ʐiwk4	
熠	ɰip4	
熠	jip4	
熧	tsywŋ1	
熨	ʔyj3	
熨	ʔyt4	
熪	ji1	
熬	ŋɑw1	
熭	ɰyj3	
熭	ɰɥɛt4	
熮	ljɛw1	
熮	ˀliw2	
熮	ljɛw3	
熯	xɑn2	
熯	ˀɻjɛn2	
熯	xɑn3	
熱	ɻjɛt4	
熲	kʲyjŋ2	
熷	tsɨjŋ1	
熸	tsjɛm1	
熹	xi1	
熻	xip4	
熼	jik4	
熽	sjɛw3	
熾	tʂʰjɨ3	
燀	tʂʰjɛn1	
燀	tʂjɛn2	
燀	tʂʰjɛn2	
燁	ɰjɛp4	
燂	dʰam1	
燂	dzʰjɛm1	
燃	ɻjɛn1	
燄	ˀjɛm2	
燅	zjɛm1	
燈	tɨjŋ1	
燉	tʰun1	
燉	dʰun1	
燊	ʂɨn1	
燋	tsjɛw1	
燋	tsjɑk4	
燌	vun1	
燍	sɨ1	
燎	ljɛw1	
燎	ˀljɛw2	
燎	ljɛw3	
燏	jyt4	
燐	lin1	
燐	lin3	
燒	ʂjɛw1	
燒	ʂjɛw3	
燔	van1	
燕	ʔʲjɛn1	
燕	ʔʲjɛn3	
燖	zjɛm1	
燘	xuj2	
燘	ˀmuj2	
營	jyjŋ1	
燠	ʔɑw2	
燠	ʔɑw3	
燠	ʔiwk4	
燡	jik4	
燣	lam1	
燣	ˀlam2	
燥	sɑw2	
燦	tsʰan3	
燧	zyj3	
燩	kʰak4	
燩	kʲʰik4	
燫	ljɛm1	
燬	xyj2	
燭	tʂywk4	
燮	sjɛp4	
燹	sjɛn2	
燹	xyj3	
燺	kʰɑw2	
燻	xyn1	
燼	dzin3	
燽	dɻʰiw1	
燾	dʰɑw1	
燾	dɑw3	
燿	jɛw3	
爀	xiˤk4	
爁	ˀlam2	
爁	lam3	
爁	ljɛm3	
爆	paw3	
爆	pak4	
爆	pɑk4	
爇	ɻɥɛt4	
爈	ljɯ1	
爋	xyn3	
爌	xwɑŋ2	
爌	kʰwɑŋ2	
爌	kʰwɑŋ3	
爍	ʂjɑk4	
爐	lu1	
爒	ˀljɛw2	
爓	zjɛm1	
爓	jɛm3	
爗	ɰjɛp4	
爚	jɑk4	
爚	ʂjɑk4	
爛	lan3	
爝	tsjɛw3	
爝	tsjɑk4	
爝	dzjɑk4	
爞	dɻʰiwŋ1	
爞	dʰuŋ1	
爟	kwɑn3	
爣	tʰɑŋ2	
爤	lan3	
爧	liŋ1	
爨	tsʰwɑn3	
爩	ʔyt4	
爪	tʂaw2	
爬	bʰa1	
爭	tʂiˤŋ1	
爯	tʂʰiŋ1	
爰	ɰɥɛn1	
爲	ɰyj1	
爲	ɰyj3	
爵	tsjɑk4	
父	fu2	
父	vu3	
爸	bwʌ3	
爹	tja1	
爹	dʌ3	
爻	ɰaw1	
爽	ʂaŋ2	
爾	ˀɻjɨ2	
牀	dʐʰaŋ1	
牁	kʌ1	
牂	tsɑŋ1	
牃	djɛp4	
牄	tsʰjɑŋ1	
牆	dzʰjɑŋ1	
片	pʲʰjɛn3	
版	pan2	
牉	pʰwɑn3	
牋	tsjɛn1	
牌	bʰaj1	
牏	jɥu1	
牏	dʰɨw1	
牏	dɻɥu3	
牐	dʐap4	
牑	pʲjɛn1	
牒	djɛp4	
牓	pɑŋ2	
牕	tʂʰwaŋ1	
牖	ˀjiw2	
牘	duk4	
牙	ŋa1	
牚	tɻʰiˤŋ3	
牛	ŋiw1	
牝	bʲi3	
牝	bʲin3	
牟	mu1	
牡	ˀmu2	
牢	lɑw1	
牣	ɻin3	
牥	fɑŋ1	
牧	muk4	
牨	kɑŋ1	
物	ʋut4	
牭	sɨ3	
牯	ku2	
牰	ziw3	
牰	jiw3	
牲	ʂiˤŋ1	
牴	ti2	
牷	dzʰɥɛn1	
牸	dzɨ3	
特	dɨjk4	
牻	maŋ1	
牼	kʰiˤŋ1	
牼	ɣiˤŋ1	
牽	kʲʰjɛn1	
牽	kʲʰjɛn3	
牿	kuk4	
犀	si1	
犁	li1	
犂	li1	
犃	bɨw3	
犄	ʔi1	
犅	kɑŋ1	
犆	dɻik4	
犇	pun1	
犈	ɡʰɥɛn1	
犈	kɥɛn3	
犉	ɻyn1	
犌	ka1	
犍	kjɛn1	
犍	ɡʰjɛn1	
犎	fuŋ1	
犐	kʰwʌ1	
犑	kʲyjk4	
犒	kʰɑw3	
犓	tʂʰu1	
犔	xi3	
犕	bi3	
犖	lwak4	
犗	kaj3	
犘	ma1	
犙	ʂɨw1	
犙	ʂam1	
犙	sam1	
犚	ʔyj3	
犛	li1	
犛	laj1	
犛	maw1	
犝	dʰuŋ1	
犡	li3	
犡	laj3	
犢	duk4	
犣	ljɛp4	
犤	bʰi1	
犤	bʰaj1	
犥	pʲʰjɛw1	
犥	pʲʰjɛw2	
犦	puk4	
犦	bak4	
犧	xi1	
犨	tʂʰiw1	
犩	ŋyj1	
犩	ŋyj3	
犪	ɡʰyj1	
犫	tʂʰiw1	
犬	kʲʰɥɛn2	
犮	bwɑt4	
犯	vam3	
犰	ɡʰiw1	
犳	tʂjɑk4	
犴	ŋɑn1	
犴	ŋɑn3	
犺	kʰɑŋ3	
犽	ŋa3	
犿	xwɑn1	
狀	dʐaŋ3	
狁	ˀjyn2	
狂	ɡʰɥɑŋ1	
狂	ɡɥɑŋ3	
狃	ˀniw2	
狃	niw3	
狄	dik4	
狊	kʲyjk4	
狊	xʲyjk4	
狋	ŋi1	
狋	ɡʰɥɛn1	
狌	ʂiˤŋ1	
狍	bʰaw1	
狎	ɣap4	
狐	ɣu1	
狑	liŋ1	
狒	vʲi3	
狓	pʰi1	
狔	ˀni2	
狕	ʔaw2	
狖	jiw3	
狗	kɨw2	
狘	xɥɛt4	
狙	tsʰjɯ1	
狚	tan2	
狚	tan3	
狚	tat4	
狟	ɣwɑn1	
狡	kaw2	
狢	ɣɑk4	
狣	dɻjɛw3	
狤	kʲit4	
狤	ɡit4	
狤	kʲjɛt4	
狦	ʂan1	
狦	ʂan3	
狧	tʰap4	
狨	ɻiwŋ1	
狩	ʂiw3	
狳	jɯ1	
狴	pʲi1	
狵	maŋ1	
狷	kʲɥɛn3	
狸	li1	
狹	ɣap4	
狺	ŋin1	
狻	swɑn1	
狼	lɑŋ1	
狽	puj3	
狾	tʂi3	
狿	jɛn1	
狿	jɛn3	
猆	fʲi1	
猇	ɰaw1	
猇	xaw1	
猈	bʰaj1	
猈	baj3	
猊	ŋʲi1	
猋	pʲjɛw1	
猌	ŋin3	
猍	laj1	
猎	dzik4	
猏	kʲjɛn1	
猐	kʰjɑŋ1	
猑	kun1	
猒	ʔʲjɛm1	
猒	ʔʲjɛm3	
猓	kwʌ2	
猖	tʂʰjɑŋ1	
猗	ʔi1	
猗	ʔi2	
猘	ki3	
猙	tʂiˤŋ1	
猙	dziŋ3	
猚	ŋaj1	
猚	ˀlyj2	
猛	ˀmiˤŋ2	
猜	tsʰaj1	
猝	tsʰut4	
猢	ɣu1	
猣	tsuŋ1	
猣	tsuŋ2	
猤	ɡʲyj3	
猥	ʔuj2	
猦	fuŋ1	
猨	ɰɥɛn1	
猩	ʂiˤŋ1	
猩	siŋ1	
猪	tɻjɯ1	
猫	mjɛw1	
猭	tɻʰɥɛn1	
猭	tɻʰɥɛn3	
猰	ʔat4	
猰	kat4	
猰	kʲʰjɛt4	
猱	nɑw1	
猱	niw3	
猲	xjɛt4	
猲	xɑt4	
猲	kʰjɛp4	
猳	ka1	
猴	ɣɨw1	
猵	pʲjɛn1	
猵	bʲin3	
猶	jiw1	
猶	kiw3	
猶	jiw3	
猷	jiw1	
猺	jɛw1	
猻	sun1	
猼	pɑk4	
猽	mʲiŋ1	
猾	ɣwat4	
猿	ɰɥɛn1	
獀	ʂɨw1	
獂	ŋɥɛn1	
獃	ŋɑj1	
獄	ŋywk4	
獅	ʂɨ1	
獆	ɣɑw1	
獌	man1	
獌	ʋan3	
獌	mwɑn3	
獍	kiŋ3	
獎	tsjɑŋ2	
獐	tʂjɑŋ1	
獑	dʐʰam1	
獒	ŋɑw1	
獖	bun3	
獚	ɣwɑŋ1	
獛	puk4	
獜	lin1	
獜	liŋ1	
獝	xʲyt4	
獟	ŋʲjɛw3	
獠	ljɛw1	
獠	tɻaw2	
獠	ˀlɑw2	
獡	ʂjɑk4	
獢	xjɛw1	
獥	kʲjɛw3	
獥	kʲik4	
獥	ɣʲik4	
獦	kɑt4	
獦	ljɛp4	
獧	kʲɥɛn3	
獨	duk4	
獩	ʔyj3	
獪	kuj3	
獪	kwaj3	
獫	ljɛm1	
獫	ˀljɛm2	
獫	xjɛm2	
獫	ljɛm3	
獬	ɣaj3	
獮	sjɛn2	
獯	xyn1	
獰	niˤŋ1	
獱	bʲʰin1	
獲	ɣwiˤk4	
獳	ɻɥu1	
獳	nɨw1	
獵	ljɛp4	
獶	ʔiw1	
獷	kɥɑŋ2	
獷	kwiˤŋ2	
獸	ʂiw3	
獹	lu1	
獺	tʰat4	
獺	tɻʰat4	
獻	sʌ1	
獻	xjɛn3	
獼	mʲi1	
獽	ɻjɑŋ1	
獾	xwɑn1	
獿	nɑw1	
獿	ˀnaw2	
玁	xjɛm2	
玂	ɡʰi1	
玃	kɥɑk4	
玄	ɣʲɥɛn1	
玅	mʲjɛw3	
玆	ɣʲɥɛn1	
率	ʂwɨ3	
率	ʂut4	
玈	lu1	
玉	ŋywk4	
玊	siwk4	
玊	sywk4	
王	ɰɥɑŋ1	
王	ɰɥɑŋ3	
玎	tɻiˤŋ1	
玎	tiŋ1	
玏	lɨjk4	
玐	pat4	
玒	kuŋ1	
玒	kaŋ1	
玓	tik4	
玕	kɑn1	
玖	kiw2	
玗	ɰɥu1	
玘	kʰi2	
玞	fu1	
玟	muj1	
玠	kaj3	
玢	pin1	
玤	baŋ3	
玥	ŋɥɛt4	
玦	kʲɥɛt4	
玧	ˀjyn2	
玩	ŋwɑn3	
玪	kam1	
玭	bʲʰin1	
玭	bʲʰjɛn1	
玲	liŋ1	
玷	tjɛm2	
玸	vu1	
玹	ɣʲɥɛn1	
玹	ɣʲɥɛn3	
玻	pʰwʌ1	
玼	dzʰɨ1	
玼	tsʰɨ2	
玼	tsʰi2	
玽	kɨw2	
玾	kap4	
玿	dʐʰjɛw1	
珀	pʰiˤk4	
珂	kʰʌ1	
珄	ʂiˤŋ1	
珆	ji1	
珇	tsu2	
珈	ka1	
珉	min1	
珊	san1	
珋	ˀliw2	
珌	pʲit4	
珍	tɻin1	
珏	kak4	
珓	kaw3	
珕	li3	
珙	kywŋ1	
珙	kywŋ2	
珛	xiw3	
珝	xɥu2	
珞	lɑk4	
珠	tʂɥu1	
珢	ŋin1	
珢	kɨn1	
珢	kɨn3	
珣	syn1	
珤	pɑw2	
珥	ɻjɨ3	
珦	ʂjɑŋ3	
珦	xjɑŋ3	
珧	jɛw1	
珨	ɣap4	
珩	ɣiˤŋ1	
珪	kʲyj1	
珫	tʂʰiwŋ1	
珬	syt4	
班	pan1	
珮	buj3	
珵	dɻʰiŋ1	
珷	ˀʋu2	
珸	ŋu1	
珹	dʐʰiŋ1	
珽	tʰiŋ2	
現	ɣʲjɛn3	
珿	tʂʰuk4	
琀	ɣɑm3	
琁	zɥɛn1	
琂	ŋjɛn1	
球	ɡʰiw1	
琄	ɣʲɥɛn3	
琅	lɑŋ1	
理	ˀli2	
琇	ˀjiw2	
琇	siw3	
琈	vɨw1	
琕	bʲʰjɛn1	
琖	tʂan2	
琙	ɰyjk4	
琚	kjɯ1	
琛	tɻʰim1	
琟	jyj1	
琠	tʰjɛn2	
琡	tʂʰiwk4	
琡	tʂiwk4	
琢	tɻwak4	
琤	tʂʰiˤŋ1	
琥	xu2	
琦	ɡʰi1	
琨	kun1	
琩	tʂʰjɑŋ1	
琪	ɡʰi1	
琫	puŋ2	
琬	ʔɥɛn2	
琬	ʔwɑn3	
琭	luk4	
琮	dzʰuŋ1	
琯	kwɑn2	
琯	kun3	
琰	ˀjɛm2	
琱	tjɛw1	
琲	buj3	
琳	lim1	
琴	ɡʰim1	
琵	bʲʰi1	
琶	bʰa1	
琿	ɣun1	
瑀	ˀɰɥu2	
瑁	muj3	
瑁	mɑw3	
瑁	muk4	
瑂	mi1	
瑃	tɻʰyn1	
瑄	sɥɛn1	
瑅	dʰi1	
瑇	daj3	
瑇	duk4	
瑈	ɻiw1	
瑊	tʂim1	
瑊	kam1	
瑋	ˀɰyj2	
瑌	ɻɥɛn1	
瑌	ˀɻɥɛn2	
瑎	ɣaj1	
瑑	dɻɥɛn3	
瑒	jɑŋ1	
瑒	dɻiˤŋ3	
瑕	ɣa1	
瑖	twɑn3	
瑗	ɰɥɛn3	
瑘	ja1	
瑚	ɣu1	
瑛	ʔiŋ1	
瑜	jɥu1	
瑝	ɣwiˤŋ1	
瑞	ʐyj3	
瑟	ʂɨt4	
瑠	liw1	
瑢	jywŋ1	
瑣	swʌ2	
瑤	jɛw1	
瑦	ʔu1	
瑦	ʔu2	
瑨	tsin3	
瑩	ɰyjŋ1	
瑩	ʔʲyjŋ3	
瑫	tʰɑw1	
瑬	liw1	
瑭	dʰɑŋ1	
瑮	lit4	
瑯	lɑŋ1	
瑰	ɣuj1	
瑰	kuj1	
瑱	tɻin3	
瑱	tʰjɛn3	
瑲	tsʰjɑŋ1	
瑳	tsʰʌ1	
瑳	tsʰʌ2	
瑴	kuk4	
瑴	kak4	
瑵	tʂaw2	
瑹	ʂjɯ1	
瑻	kun1	
瑽	tsʰywŋ1	
瑾	ɡin3	
璀	tsʰuj2	
璁	tsʰuŋ1	
璂	ɡʰi1	
璃	li1	
璄	ʔiŋ2	
璅	tsɑw2	
璆	ɡʰiw1	
璆	ɡʲʰiw1	
璇	zɥɛn1	
璉	ˀljɛn2	
璊	mun1	
璋	tʂjɑŋ1	
璏	ɰyj3	
璏	dɻi3	
璏	ɰɥɛt4	
璐	lu3	
璑	ʋu1	
璒	tɨjŋ1	
璖	ɡʰjɯ1	
璗	dɑŋ3	
璘	lin1	
璙	ljɛw1	
璙	ˀljɛw2	
璙	ljɛw3	
璚	ɡʲʰyjŋ1	
璛	siwk4	
璜	ɣwɑŋ1	
璞	pʰak4	
璟	ʔiŋ2	
璟	kyjŋ2	
璠	van1	
璡	tsin1	
璡	tsin3	
璣	ki1	
璥	kiŋ2	
璦	ʔɑj3	
璧	pʲik4	
璨	tsʰan3	
璩	ɡʰjɯ1	
璪	tsɑw2	
璫	tɑŋ1	
璬	kʲjɛw2	
璭	kun3	
璯	kʰwaj3	
環	ɣwan1	
璱	ʂɨt4	
璲	zyj3	
璵	jɯ1	
璶	dzin3	
璷	ljɯ1	
璹	ʐiw3	
璹	ʐiwk4	
璺	ʋun3	
璽	sɨ2	
璿	zɥɛn1	
瓁	ŋwɑk4	
瓃	lyj1	
瓃	luj1	
瓃	lyj3	
瓄	duk4	
瓅	lik4	
瓈	li1	
瓊	ɡʲʰyjŋ1	
瓌	kuj1	
瓏	luŋ1	
瓐	lu1	
瓔	ʔʲiŋ1	
瓕	mʲi1	
瓖	sjɑŋ1	
瓗	jyj3	
瓘	kwɑn3	
瓚	dzan3	
瓛	ɣwɑn1	
瓜	kwa1	
瓝	bak4	
瓞	djɛt4	
瓟	bʰaw1	
瓟	bak4	
瓠	ɣu1	
瓠	ɣu3	
瓡	tʂip4	
瓢	bʲʰjɛw1	
瓣	ban3	
瓤	ɻjɑŋ1	
瓤	njɑŋ1	
瓦	ˀŋwa2	
瓦	ŋwa3	
瓨	ɣaŋ1	
瓪	pwɑn2	
瓪	pan2	
瓬	fɑŋ2	
瓭	tam2	
瓮	ʔuŋ3	
瓳	ɣu1	
瓴	liŋ1	
瓵	ji1	
瓶	bʲʰiŋ1	
瓷	dzʰɨ1	
瓹	kʲɥɛn3	
瓺	dɻʰjɑŋ1	
瓺	dɻjɑŋ3	
瓻	tɻʰi1	
瓽	tɑŋ3	
瓿	vu1	
瓿	bɨw3	
甀	dɻʰyj1	
甀	dɻyj3	
甂	pʲjɛn1	
甃	tʂɨw3	
甄	tʂin1	
甄	kʲjɛn1	
甈	ŋʲi3	
甈	kʰi3	
甉	ɣam1	
甉	ɣam3	
甊	ˀlɨw2	
甋	tik4	
甌	ʔɨw1	
甍	miˤŋ1	
甎	tʂɥɛn1	
甐	lin3	
甑	tsiŋ3	
甒	ˀʋu2	
甓	bʲik4	
甔	tam1	
甔	tam3	
甕	ʔuŋ3	
甖	ʔiˤŋ1	
甗	ŋjɛn1	
甗	ˀŋjɛn2	
甗	ŋjɛn3	
甘	kɑm1	
甚	ʐim3	
甜	dʰjɛm1	
甝	ɣɑm1	
甞	dʐʰjɑŋ1	
生	ʂiˤŋ1	
生	ʂiˤŋ3	
甡	ʂɨn1	
產	ʂan2	
甤	ɻyj1	
甤	ˀɻyj2	
甥	ʂiˤŋ1	
用	jywŋ3	
甫	fu2	
甬	ˀjywŋ2	
甯	niŋ3	
田	dʰjɛn1	
由	jiw1	
甲	kap4	
申	ʂin1	
甶	fut4	
男	nam1	
甸	djɛn3	
甹	pʲʰiŋ1	
町	tʰiŋ1	
町	tʰjɛn2	
町	diŋ3	
町	tʰiŋ2	
甾	tʂɨ1	
甿	miˤŋ1	
畀	pʲi3	
畂	liw3	
畇	syn1	
畇	jyn1	
畇	zyn1	
畇	dʰjɛn1	
畈	fan3	
畋	dʰjɛn1	
畋	djɛn3	
界	kaj3	
畎	kʲɥɛn2	
畏	ʔyj3	
畐	vuk4	
畐	pʰik4	
畔	bwɑn3	
畕	kjɑŋ1	
畖	ʔwa1	
留	liw1	
留	liw3	
畚	pun2	
畛	tʂin1	
畛	tʂin2	
畜	tɻʰiw3	
畜	xiwk4	
畝	ˀmu2	
畞	ˀmɨw2	
畟	tʂʰiˤk4	
畟	tsik4	
畢	pʲit4	
畣	tap4	
畤	tʂjɨ2	
畤	ʐjɨ3	
畤	dɻi3	
略	ljɑk4	
畦	ɣʲyj1	
番	van1	
番	fan1	
番	pʰwɑn1	
番	pwʌ1	
番	pwʌ3	
畫	ɣwa3	
畫	ɣwiˤk4	
畬	jɯ1	
畬	ʂja1	
畮	ˀmu2	
畯	tsyn3	
異	ji3	
當	tɑŋ1	
當	tɑŋ3	
畷	tɻyj3	
畷	tɻɥɛt4	
畸	ki1	
畹	ʔɥɛn2	
畺	kjɑŋ1	
畼	tɻʰjɑŋ3	
畽	tʰun2	
畾	luj1	
畿	ɡʰi1	
疀	tʂʰap4	
疁	liw1	
疃	tʰwɑn2	
疄	lin1	
疄	lin3	
疆	kjɑŋ1	
疇	dɻʰiw1	
疈	pʰik4	
疊	djɛp4	
疋	ʂɯ1	
疋	ʂɯ2	
疋	ˀŋa2	
疌	dzjɛp4	
疎	ʂɯ1	
疏	ʂɯ1	
疏	ʂɯ3	
疐	tɻi3	
疐	ti3	
疑	ŋi1	
疒	dʐʰaŋ1	
疒	niˤk4	
疓	ˀnɑj2	
疕	pʲʰi2	
疕	pʲi2	
疕	pʰi2	
疘	kuŋ1	
疙	ŋit4	
疚	kiw3	
疛	tɻiw2	
疛	dɻiw3	
疝	ʂan1	
疝	ʂan3	
疢	tɻʰin3	
疣	ɰiw1	
疥	kaj3	
疦	xʲɥɛt4	
疦	kʲɥɛt4	
疧	ɡʲʰi1	
疨	xa1	
疫	jyjk4	
疰	tʂɥu3	
疲	bʰi1	
疴	kʰa3	
疵	dzʰɨ1	
疶	sjɛt4	
疷	tɻi1	
疸	tan2	
疸	tan3	
疹	tʂin2	
疻	tʂjɨ1	
疼	dʰuŋ1	
疽	tsʰjɯ1	
疾	dzit4	
疿	fʲi3	
痀	kɥu1	
痁	ʂjɛm1	
痁	tjɛm3	
痂	ka1	
痃	ɣʲjɛn1	
痄	tʂa2	
病	biŋ3	
痆	nat4	
痊	tsʰɥɛn1	
痋	dʰuŋ1	
痌	tʰuŋ1	
痍	ji1	
痎	kaj1	
痏	ˀɰyj2	
痑	tʰan1	
痑	tʰʌ1	
痑	tʌ3	
痒	zjɑŋ1	
痒	ˀjɑŋ2	
痓	tʂʰjɨ3	
痔	dɻi3	
痕	ɣɨn1	
痗	muj3	
痗	xuj3	
痙	ɡʲiŋ3	
痛	tʰuŋ3	
痝	maŋ1	
痞	pi2	
痞	bi3	
痞	fɨw2	
痟	sjɛw1	
痠	swɑn1	
痡	fu1	
痡	pʰu1	
痢	li3	
痣	tʂjɨ3	
痤	dzʰwʌ1	
痥	dwɑt4	
痬	jik4	
痮	tɻjɑŋ3	
痯	kwɑn2	
痯	kwɑn3	
痰	dʰam1	
痱	vʲi1	
痱	buj3	
痱	vʲi3	
痲	ma1	
痳	lim1	
痴	tɻʰi1	
痵	ɡʲyj3	
痶	tʰjɛn2	
痸	tʂʰi3	
痹	pʲi3	
痻	min1	
痼	ku3	
痾	ʔʌ1	
痿	ʔyj1	
痿	ɻyj1	
瘀	ʔjɯ3	
瘁	dzyj3	
瘂	ʔa2	
瘃	tɻywk4	
瘉	jɥu1	
瘉	ˀjɥu2	
瘊	ɣɨw1	
瘌	lat4	
瘍	jɑŋ1	
瘎	dʐʰim1	
瘏	dʰu1	
瘑	kwʌ1	
瘒	ŋun1	
瘓	tʰwɑn2	
瘕	ka1	
瘕	ka2	
瘕	ka3	
瘖	ʔim1	
瘙	sɑw3	
瘚	kɥɛt4	
瘛	ɣʲi3	
瘛	tʂʰi3	
瘛	tʂʰjɛt4	
瘜	sik4	
瘞	ʔi3	
瘠	dzik4	
瘡	tʂʰaŋ1	
瘢	bʰwɑn1	
瘣	ɣuj3	
瘤	liw1	
瘤	liw3	
瘥	dzʰʌ1	
瘥	tsja1	
瘥	tʂʰaj3	
瘦	ʂɨw3	
瘧	ŋjɑk4	
瘨	tjɛn1	
瘭	pʲjɛw1	
瘮	ʂɨm2	
瘯	tsʰuk4	
瘰	ˀlwʌ2	
瘱	ʔʲi3	
瘲	tsywŋ3	
瘳	tɻʰiw1	
瘴	tʂjɑŋ3	
瘵	tʂaj3	
瘶	sɨw3	
瘸	ɡʰɥa1	
瘹	tjɛw3	
瘻	lɥu1	
瘻	lɨw3	
瘼	mɑk4	
瘽	ɡʰin1	
瘽	ɡin3	
癀	ɣwɑŋ1	
療	ljɛw3	
癃	liwŋ1	
癄	tʂaw3	
癆	lɑw3	
癇	ɣan1	
癈	fʲi3	
癉	tan1	
癉	dʰan1	
癉	tʌ2	
癉	tʌ3	
癏	kwan1	
癑	nuŋ3	
癓	ʋʲi1	
癔	ʔik4	
癖	pʲʰik4	
癗	ˀluj2	
癘	li3	
癙	ʂjɯ2	
癛	ˀlim2	
癟	bʲjɛt4	
癟	pʲʰjɛt4	
癠	dzʰi1	
癠	dzi3	
癠	tsi2	
癡	tɻʰi1	
癢	ˀjɑŋ2	
癤	tsjɛt4	
癥	tɻiŋ1	
癧	lik4	
癨	xwɑk4	
癩	laj3	
癩	lat4	
癬	sjɛn2	
癭	ʔʲiŋ2	
癯	ɡʰɥu1	
癰	ʔywŋ1	
癲	tjɛn1	
癶	pwɑt4	
癸	kʲyj2	
癹	bwɑt4	
登	tɨjŋ1	
發	fat4	
白	biˤk4	
百	piˤk4	
皀	xjɑŋ1	
皀	pik4	
皀	kip4	
皀	pip4	
皁	dzɑw3	
皃	maw3	
皃	mak4	
的	tik4	
皆	kaj1	
皇	ɣwɑŋ1	
皉	tsʰi2	
皋	kɑw1	
皎	kʲjɛw2	
皏	pʰiˤŋ2	
皐	kɑw1	
皔	ɣɑn3	
皕	pik4	
皖	ɣwan3	
皙	sik4	
皚	ŋɑj1	
皛	ɣʲjɛw3	
皛	pʰiˤk4	
皝	ɣwɑŋ3	
皟	tʂʰiˤk4	
皠	tsʰuj2	
皢	xʲjɛw2	
皣	ɰjɛp4	
皤	bʰwʌ1	
皤	pwʌ1	
皦	kʲjɛw2	
皪	lik4	
皫	pʲʰjɛw2	
皭	tsjɛw3	
皭	dzjɑk4	
皮	bʰi1	
皯	kɑn2	
皰	pʰaw3	
皰	baw3	
皴	tsʰyn1	
皵	tsʰjɑk4	
皵	tsʰik4	
皸	kyn1	
皸	kyn3	
皺	tʂɨw3	
皻	tʂa1	
皽	tʂjɛw1	
皽	tɻjɛn2	
皽	tʂjɛn2	
皾	duk4	
皿	ˀmiŋ2	
盂	ɰɥu1	
盃	puj1	
盄	tʂjɛw1	
盅	dɻʰiwŋ1	
盅	tɻʰiwŋ1	
盆	bʰun1	
盈	jiŋ1	
盉	ɣwʌ1	
盉	ɣwʌ3	
益	ʔʲik4	
盋	pwɑt4	
盌	ʔwɑn2	
盍	ɣɑp4	
盎	ʔɑŋ2	
盎	ʔɑŋ3	
盒	ɣɑp4	
盓	ʔu1	
盔	kʰuj1	
盛	dʐʰiŋ1	
盛	ʐiŋ3	
盜	dɑw3	
盝	luk4	
盞	tʂan2	
盟	miŋ1	
盟	miˤŋ3	
盠	li1	
盠	ˀli2	
盡	dzin3	
盡	tsin2	
監	kam1	
監	kam3	
盤	bʰwɑn1	
盥	kwɑn2	
盥	kwɑn3	
盦	ʔɑm1	
盦	ʔɑp4	
盧	lu1	
盨	ʂɯ2	
盩	tɻiw1	
盪	tʰɑŋ1	
盪	dɑŋ3	
盪	tʰɑŋ3	
盬	ku1	
盬	ku2	
盭	li3	
盭	ljɛt4	
目	muk4	
盯	dɻʰiˤŋ1	
盯	tɻiˤŋ2	
盰	kɑn3	
盱	xɥu1	
盲	miˤŋ1	
直	dɻik4	
盵	kʰi3	
盷	ɣʲɥɛn1	
相	sjɑŋ1	
相	sjɑŋ3	
盹	tʂyn3	
盻	ŋʲi3	
盻	ɣʲi3	
盼	pʰan3	
盾	ʐyn3	
盾	dun3	
盿	min1	
省	ʂiˤŋ2	
省	siŋ2	
眂	dʐʰjɨ1	
眄	ˀmʲjɛn2	
眄	mʲjɛn3	
眅	pʰan1	
眅	pʰan2	
眇	ˀmʲjɛw2	
眈	dʰam1	
眈	tam1	
眉	mi1	
眊	mɑw3	
眊	mak4	
看	kʰɑn1	
看	kʰɑn3	
眎	ʐjɨ3	
眏	ʔɑŋ1	
眐	tʂiŋ1	
眑	ʔaw1	
眑	ʔʲiw2	
眒	ʂin1	
眒	ʂin3	
眓	xwɑt4	
眔	dap4	
眕	tʂin2	
眗	kɥu1	
眙	ji1	
眙	tɻʰi3	
眚	ʂiˤŋ2	
眛	muj3	
眜	muj3	
眜	mwɑt4	
眝	dɻjɯ3	
真	tʂin1	
眠	mʲjɛn1	
眡	ti1	
眡	ʐjɨ3	
眢	ʔɥɛn1	
眢	ʔwɑn1	
眣	tɻʰit4	
眣	tɻat4	
眣	djɛt4	
眥	dzɨ3	
眥	dzi3	
眦	dʐaj3	
眧	tʂʰjɛw2	
眨	tʂap4	
眩	ɣʲɥɛn1	
眩	ɣʲɥɛn3	
眭	xʲyj1	
眭	syj1	
眭	ɣʲyj1	
眮	dʰuŋ1	
眮	duŋ3	
眯	ˀmʲi2	
眱	ji1	
眲	ɻjɨ3	
眲	niˤk4	
眳	ˀmʲiŋ2	
眴	syn1	
眴	ɻyn1	
眴	ʂyn3	
眴	xʲɥɛn3	
眴	ɣʲɥɛn3	
眵	tʂjɨ1	
眵	tʂʰjɨ1	
眶	kʰɥɑŋ1	
眷	kɥɛn3	
眸	mɨw1	
眹	dɻin3	
眺	tʰjɛw3	
眻	jɑŋ1	
眻	jɑŋ3	
眼	ˀŋan2	
眽	miˤk4	
眾	tʂiwŋ1	
眾	tʂiwŋ3	
睂	mi1	
睅	ɣwan3	
睆	ɣwan3	
睇	tʰi1	
睇	di3	
睈	tɻʰiŋ2	
睉	dzʰwʌ1	
睊	kʲɥɛn1	
睊	kʲɥɛn3	
睋	ŋʌ1	
睍	ɣʲjɛn3	
睎	xi1	
睒	ʂjɛm2	
睒	tʰam3	
睔	ɣun3	
睔	ˀlun2	
睔	kun3	
睕	ʔɥɛn2	
睕	ʔwɑn3	
睕	ʔwɑt4	
睖	tɻʰiŋ1	
睗	ʂik4	
睘	ɡʲʰyjŋ1	
睚	ŋaj3	
睛	tsiŋ1	
睛	tsʰiŋ2	
睜	dziŋ3	
睞	laj3	
睟	syj3	
睠	kɥɛn3	
睡	ʐyj3	
睢	xʲyj1	
睢	syj1	
睢	xʲyj3	
督	tuk4	
睥	pʲʰi3	
睦	muk4	
睧	min1	
睧	mʲin1	
睨	ŋʲi3	
睩	luk4	
睪	jik4	
睪	njɛp4	
睫	tsjɛp4	
睰	mat4	
睲	siŋ2	
睲	siŋ3	
睳	xʲyj1	
睴	ɣun3	
睴	kun3	
睵	tsaj1	
睵	tsʰaj1	
睹	tu2	
睺	ɣɨw1	
睺	ɣɨw3	
睼	dʰi1	
睼	tʰjɛn3	
睽	kʲʰyj1	
睿	jyj3	
瞀	mɨw3	
瞀	mak4	
瞁	xʲyjk4	
瞂	vat4	
瞉	kʰɨw3	
瞋	tʂʰin1	
瞍	sjɛw1	
瞍	sɨw2	
瞎	xat4	
瞐	mak4	
瞑	mʲjɛn1	
瞑	mʲiŋ1	
瞑	mʲjɛn3	
瞖	ʔʲi3	
瞗	tjɛw1	
瞘	ʔɨw1	
瞙	mɑk4	
瞚	ʂyn3	
瞜	lɥu1	
瞜	lɨw1	
瞞	mwɑn1	
瞟	pʲʰjɛw1	
瞟	pʲʰjɛw2	
瞠	tɻʰiˤŋ1	
瞡	kʲyj3	
瞢	muŋ1	
瞢	mujŋ1	
瞢	muŋ3	
瞤	ɻyn1	
瞥	pʲʰjɛt4	
瞦	xi1	
瞪	dɻʰiˤŋ1	
瞪	dɻʰiŋ1	
瞪	dɻiŋ3	
瞫	ʂim2	
瞫	dam3	
瞬	ʂyn3	
瞭	ljɛw1	
瞭	ˀljɛw2	
瞯	ɣan1	
瞰	kʰɑm3	
瞱	ɰjɛp4	
瞲	xʲɥɛt4	
瞳	dʰuŋ1	
瞴	ʋu1	
瞴	ˀʋu2	
瞵	lin1	
瞵	lin3	
瞶	jyj3	
瞶	kyj3	
瞺	ʔuj3	
瞻	tʂjɛm1	
瞼	kjɛm2	
瞽	ku2	
瞿	ɡʰɥu1	
瞿	kɥu3	
矀	mi1	
矀	ʋʲi1	
矆	xɥɑk4	
矇	muŋ1	
矉	pʲin1	
矊	mʲjɛn1	
矌	kʰwɑŋ3	
矍	kɥɑk4	
矎	xʲɥɛn1	
矎	xʲyjŋ3	
矏	mʲjɛn1	
矐	xɑk4	
矐	xwɑk4	
矑	lu1	
矔	kwɑn3	
矔	kwan3	
矕	ˀman2	
矖	li1	
矖	ʂɨ2	
矗	tʂʰuk4	
矗	tɻʰiwk4	
矘	tʰɑŋ2	
矚	tʂywk4	
矛	mu1	
矜	kiŋ1	
矞	jyt4	
矟	ʂwak4	
矠	dʐiˤk4	
矠	tʂʰiˤk4	
矢	ʂjɨ2	
矣	ˀɰi2	
矤	ʂin2	
知	tɻi1	
矦	ɣɨw1	
矧	ʂin2	
矨	ˀŋʲiŋ2	
矩	kɥu2	
矪	tɻiw1	
矬	dzʰwʌ1	
短	twɑn2	
矮	ʔaj2	
矯	kjɛw2	
矰	tsɨjŋ1	
矲	baj3	
石	ʐik4	
矴	tiŋ3	
矸	kɑn2	
矸	ɣɑn3	
矸	kɑn3	
矹	ŋut4	
矺	tʰɑk4	
矺	tɻiˤk4	
矺	tap4	
矻	kʰut4	
矼	kaŋ1	
砂	ʂa1	
砅	li3	
砉	xwiˤk4	
砉	xʲyjk4	
砊	kʰiˤŋ1	
砊	kʰɑŋ3	
砌	tsʰi3	
砎	kaj3	
砎	kat4	
砎	ɣat4	
砏	pin1	
砏	pʰin1	
砏	fun1	
砐	ŋɑp4	
砑	ŋa3	
研	ŋʲjɛn1	
研	ŋʲjɛn3	
砝	kɑp4	
砝	kjɛp4	
砟	dzɑk4	
砠	tsʰjɯ1	
砡	ŋiwk4	
砢	ˀlʌ2	
砥	tʂjɨ1	
砥	tʂjɨ2	
砦	dʐaj3	
砧	tɻim1	
砩	fʲi3	
砬	lip4	
砭	pjɛm1	
砭	pjɛm3	
砮	nu1	
砮	ˀnu2	
砯	pʰiŋ1	
砰	pʰiˤŋ1	
砱	liŋ1	
破	pʰwʌ3	
硂	tsʰɥɛn1	
硃	tʂɥu1	
硅	xwiˤk4	
硈	kʰat4	
硉	lut4	
硊	ˀŋyj2	
硋	ŋɑj3	
硌	lɑk4	
硍	ɣan3	
硎	kʰiˤŋ1	
硎	ɣʲiŋ1	
硐	dʰuŋ1	
硐	duŋ3	
硜	kʰiˤŋ1	
硝	sjɛw1	
硞	kʰuk4	
硞	kʰak4	
硟	sjɛn1	
硟	tʂʰjɛn3	
硠	lɑŋ1	
硤	ɣap4	
硦	lwɑk4	
硨	tʂʰja1	
硩	tɻʰjɛt4	
硩	tʰik4	
硪	ŋʌ1	
硪	ˀŋʌ2	
硫	liw1	
硬	ŋiˤŋ3	
硭	ʋɑŋ1	
确	ɣak4	
硯	ŋʲjɛn3	
硰	ʂa1	
硰	tsʰʌ2	
硱	kʰiŋ1	
硱	kʰun2	
硹	siwŋ1	
硻	kʰiˤŋ1	
硾	dɻyj3	
硿	kʰuŋ1	
碁	ɡʰi1	
碆	bʰwʌ1	
碆	pwʌ1	
碌	luk4	
碌	lywk4	
碎	suj3	
碏	tsʰjɑk4	
碑	pi1	
碓	tuj3	
碔	ˀʋu2	
碕	ɡʰi1	
碕	kʰi1	
碕	kʰi2	
碖	ˀlun2	
碖	lun3	
碝	ˀɻɥɛn2	
碞	ŋim1	
碞	ŋam1	
碡	duk4	
碡	dɻiwk4	
碢	dʰwʌ1	
碣	ɡjɛt4	
碥	pʲjɛn2	
碧	pik4	
碨	ʔwaj1	
碨	ʔuj2	
碩	ʐik4	
碪	tɻim1	
碫	twɑn3	
碭	dʰɑŋ1	
碭	dɑŋ3	
碯	ˀnɑw2	
確	kʰak4	
碻	kʰak4	
碼	ˀma2	
碽	kuŋ1	
碾	njɛn3	
磃	sɨ1	
磄	dʰɑŋ1	
磅	pʰɑŋ1	
磅	pʰiˤŋ1	
磆	ɣwat4	
磇	pʲʰi1	
磈	ʔyj2	
磈	kʰuj2	
磉	sɑŋ2	
磊	ˀluj2	
磋	tsʰʌ1	
磋	tsʰʌ3	
磌	tʂin1	
磌	dʰjɛn1	
磍	kat4	
磍	kʰat4	
磎	kʲʰi1	
磐	bʰwɑn1	
磑	ŋuj1	
磑	ŋuj3	
磒	ˀɰyn2	
磓	tuj1	
磔	tɻiˤk4	
磕	kʰɑj3	
磕	kʰɑt4	
磕	kʰɑp4	
磖	lap4	
磝	ŋaw1	
磟	luk4	
磟	liwk4	
磡	kʰɑm3	
磢	tʂʰaŋ2	
磣	tʂʰɨm2	
磤	ʔin2	
磥	ˀluj2	
磧	tsʰik4	
磨	mwʌ1	
磨	mwʌ3	
磩	tsʰik4	
磫	tsywŋ1	
磬	kʲʰiŋ3	
磭	ˀŋin2	
磭	tʂʰjɑk4	
磭	ŋjɑk4	
磯	ki1	
磰	ʐjɛn3	
磲	ɡʰjɯ1	
磳	dʐʰiˤŋ1	
磳	tsɨjŋ1	
磴	tɨjŋ3	
磶	sik4	
磷	lin1	
磷	lin3	
磹	djɛm3	
磻	bʰwɑn1	
磼	dzap4	
磽	kʰaw1	
磽	kʲʰjɛw2	
磽	ŋaw3	
磾	ti1	
磿	lik4	
礉	kʰaw1	
礉	kʰaw3	
礊	kʰiˤk4	
礊	xwiˤk4	
礎	tʂʰɯ2	
礏	ŋɑp4	
礐	ɣuk4	
礐	kʰak4	
礐	liˤk4	
礒	ˀŋi2	
礓	kjɑŋ1	
礘	ŋɑp4	
礙	ŋɑj3	
礛	kam1	
礜	jɯ3	
礠	dzʰɨ1	
礣	mat4	
礤	tsʰat4	
礥	ɣʲjɛn3	
礥	ɣʲjɛn1	
礦	kwiˤŋ2	
礧	ˀluj2	
礧	luj3	
礩	tʂjɨ3	
礩	tʂit4	
礪	li3	
礫	lik4	
礬	van1	
礮	pʰaw3	
礱	luŋ1	
礱	luŋ3	
礴	bɑk4	
礹	ŋam1	
礹	ˀŋjɛm2	
示	ɡʲʰi1	
示	ʐjɨ3	
礼	ˀli2	
礽	ɻiŋ1	
社	ʐja3	
礿	jɑk4	
祀	zɨ3	
祁	ɡʲʰi1	
祁	tʂjɨ2	
祅	ʔjɛw1	
祆	xʲjɛn1	
祇	ɡʲʰi1	
祈	ɡʰi1	
祉	tɻʰi2	
祊	piˤŋ1	
祋	tuj3	
祋	twɑt4	
祏	ʐik4	
祐	ɰiw3	
祓	fʲi3	
祓	fut4	
祔	vu3	
祕	pi3	
祖	tsu2	
祗	tʂjɨ1	
祘	swɑn3	
祚	dzu3	
祜	ɣu3	
祝	tʂiw3	
祝	tʂiwk4	
神	ʐin1	
祟	syj3	
祠	zɨ1	
祡	dʐʰaj1	
祣	ˀljɯ2	
祤	ˀɰɥu2	
祤	xɥu2	
祥	zjɑŋ1	
祦	ŋu1	
祧	tʰjɛw1	
祩	tʂɥu1	
祩	tʂɥu3	
祪	kyj2	
祫	ɣap4	
祭	tsi3	
祭	tʂaj3	
祰	kʰɑw2	
祰	kuk4	
祲	tsim1	
祲	tsim3	
祳	ʐin3	
祴	kɑj1	
祺	ɡʰi1	
祼	kwɑn3	
祽	tsuj3	
祾	liŋ1	
祾	lɨjŋ1	
祿	luk4	
禁	kim1	
禁	kim3	
禂	tɑw2	
禊	ɣʲi3	
禋	ʔʲin1	
禍	ɣwʌ3	
禎	tɻiŋ1	
福	fuk4	
禓	jɑŋ1	
禓	ʂjɑŋ1	
禔	tʂjɨ1	
禔	dʐʰjɨ1	
禔	dʰi1	
禕	ʔi1	
禖	muj1	
禗	sɨ1	
禘	di3	
禚	tʂjɑk4	
禛	tʂin1	
禜	ɰyjŋ1	
禜	ɰyjŋ3	
禠	sɨ1	
禡	ma3	
禥	ɡʰi1	
禦	ˀŋjɯ2	
禧	xi1	
禨	ki1	
禨	ki3	
禩	zɨ3	
禪	dʐʰjɛn1	
禪	ʐjɛn3	
禫	dam3	
禬	ɣuj3	
禬	kuj3	
禮	ˀli2	
禰	ˀni2	
禱	tɑw2	
禱	tɑw3	
禲	li3	
禳	ɻjɑŋ1	
禴	jɑk4	
禶	dzan3	
禷	lyj3	
禸	ˀniw2	
禸	ˀɻiw2	
禹	ˀɰɥu2	
禺	ŋɥu1	
禺	ŋɥu3	
离	li1	
离	tɻʰi1	
禼	sjɛt4	
禽	ɡʰim1	
禾	ɣwʌ1	
禿	tʰuk4	
秀	siw3	
私	sɨ1	
秄	tsɨ2	
秅	dɻʰa1	
秅	tu3	
秆	kɑn2	
秈	sjɛn1	
秉	piŋ2	
秊	njɛn1	
秋	tsʰiw1	
秌	tsʰiw1	
种	dɻʰiwŋ1	
秎	vun3	
秏	xuj3	
秏	xɑw3	
科	kʰwʌ1	
科	kʰwʌ3	
秒	ˀmʲjɛw2	
秔	kiˤŋ1	
秕	pʲi2	
秛	pʰi1	
秛	pʰi3	
秜	li1	
秝	lik4	
秞	jiw1	
租	tsu1	
秠	pʰi1	
秠	fɨw1	
秠	pʰi2	
秠	fɨw2	
秢	liŋ1	
秣	mwɑt4	
秤	tʂʰiŋ3	
秦	dzʰin1	
秧	ʔjɑŋ1	
秧	ʔjɑŋ2	
秨	dzu3	
秨	dzɑk4	
秩	dɻit4	
秪	tɻi1	
秫	ʐyt4	
秬	ɡjɯ3	
秭	tsɨ2	
秲	dɻi3	
秲	ʐjɨ3	
秳	ɣwɑt4	
秷	tɻit4	
秸	kat4	
秺	tu3	
移	ji1	
秿	fu1	
秿	pu1	
秿	vu3	
稀	xi1	
稂	lɑŋ1	
稃	fu1	
稄	tʂiˤk4	
稅	ʂyj3	
稇	kʰun2	
稈	kɑn2	
稉	kiˤŋ1	
稊	dʰi1	
程	dɻʰiŋ1	
稌	tʰu1	
稌	tʰu2	
稍	ʂaw3	
稏	ʔa3	
稑	liwk4	
稒	ku3	
稔	ˀɻim2	
稕	tʂyn3	
稗	baj3	
稘	ki1	
稙	tɻik4	
稚	dɻi3	
稜	lɨjŋ1	
稞	kʰwʌ1	
稞	ɣwa3	
稟	pim2	
稠	dɻʰiw1	
稡	tsut4	
稧	ɣʲi3	
稫	pʰik4	
稬	ˀnwɑn2	
稬	nwɑn3	
稬	nwʌ3	
稭	kaj1	
稭	kat4	
種	tʂywŋ2	
種	tʂywŋ3	
稯	tsuŋ1	
稰	sjɯ1	
稰	sjɯ2	
稱	tʂʰiŋ1	
稱	tʂʰiŋ3	
稴	ɣʲjɛm1	
稴	ɣam1	
稴	ˀljɛm2	
稴	ljɛm3	
稵	tsɨ1	
稶	ʔiwk4	
稷	tsik4	
稸	xiwk4	
稸	tɻʰiwk4	
稹	tʂin1	
稹	tʂin2	
稺	dɻi3	
稻	dɑw3	
稼	ka3	
稽	kʲi1	
稽	kʲʰi2	
稾	kɑw2	
稾	kʰɑw3	
穀	kuk4	
穁	ɻywŋ1	
穁	ˀɻywŋ2	
穄	tsi3	
穅	kʰɑŋ1	
穆	muk4	
穇	ʂam1	
穊	ki3	
穋	liwk4	
穌	su1	
積	tsɨ3	
積	tsik4	
穎	ˀjyjŋ2	
穕	tsʰjɛp4	
穖	ki2	
穗	zyj3	
穘	xaw1	
穙	buk4	
穚	kjɛw1	
穛	tʂwak4	
穜	dʰuŋ1	
穜	dɻʰywŋ1	
穟	zyj3	
穠	nywŋ1	
穠	ɻywŋ1	
穡	ʂiˤk4	
穢	ʔyj3	
穥	jɯ3	
穧	tsi3	
穧	dzi3	
穨	dʰuj1	
穩	ʔun2	
穫	ɣwɑk4	
穬	kwiˤŋ2	
穭	ˀljɯ2	
穰	ɻjɑŋ1	
穰	ˀɻjɑŋ2	
穱	tʂwak4	
穲	li1	
穳	dzʰwɑn1	
穳	dzan3	
穴	ɣʲɥɛt4	
穵	ʔwat4	
穵	ʔat4	
究	kiw3	
穸	zik4	
穹	kʰiwŋ1	
空	kʰuŋ1	
空	kʰuŋ3	
穼	ʂɨm1	
穽	dziŋ3	
穿	tʂʰɥɛn1	
穿	tʂʰɥɛn3	
窀	tɻyn1	
窀	dʰun1	
窀	dɻʰwan1	
突	tʰut4	
突	dut4	
窂	lɑw1	
窄	tʂiˤk4	
窅	ʔaw1	
窅	ʔʲjɛw2	
窆	pjɛm3	
窇	bak4	
窈	ʔʲjɛw2	
窉	piŋ2	
窊	ʔwa1	
窊	ʔwa3	
窋	tɻyt4	
窌	law1	
窌	pʰaw3	
窌	liw3	
窐	kʲyj1	
窐	ɣʲyj1	
窒	tɻit4	
窒	tjɛt4	
窓	tʂʰwaŋ1	
窔	ʔʲjɛw3	
窕	djɛw3	
窖	kaw3	
窘	ɡyn3	
窙	xaw1	
窞	dam3	
窟	kʰut4	
窠	kʰwʌ1	
窡	tɻwat4	
窣	sut4	
窨	ʔim3	
窪	ʔwa1	
窫	ʔat4	
窬	jɥu1	
窬	dʰɨw1	
窬	dɨw3	
窮	ɡʰiwŋ1	
窯	jɛw1	
窰	jɛw1	
窱	tʰjɛw2	
窱	tʰjɛw3	
窳	ˀjɥu2	
窴	dʰjɛn1	
窴	djɛn3	
窵	tjɛw3	
窶	ɡɥu3	
窸	sit4	
窹	ŋu3	
窺	kʲʰyj1	
窻	tʂʰwaŋ1	
窾	kʰwɑn2	
窿	liwŋ1	
竀	tɻʰiˤŋ1	
竀	tɻʰiŋ1	
竁	tsʰyj3	
竁	tʂʰwaj3	
竁	tʂʰɥɛn3	
竂	ljɛw1	
竄	tsʰwɑn3	
竅	kʲʰjɛw3	
竇	dɨw3	
竈	tsɑw3	
竉	ˀluŋ2	
竊	tsʰjɛt4	
立	lip4	
竑	ɣwiˤŋ1	
竘	kʰɥu2	
竘	kʰɨw2	
站	tɻam3	
竚	dɻjɯ3	
竛	liŋ1	
竝	bʲiŋ3	
竟	kiŋ3	
章	tʂjɑŋ1	
竢	ʐɨ3	
竣	tsʰyn1	
童	dʰuŋ1	
竦	sywŋ2	
竩	ŋi3	
竪	ʐɥu3	
竫	dziŋ3	
竭	ɡjɛt4	
竮	pʲʰiŋ1	
竮	bʲʰiŋ1	
端	twɑn1	
竱	twɑn1	
竱	tʂɥɛn2	
竲	dzʰiŋ1	
竲	tsɨjŋ1	
竴	tsʰyn1	
竵	xwa1	
競	ɡiŋ3	
竷	kʰɑm2	
竷	kʰɑm3	
竹	tɻiwk4	
竺	tuk4	
竺	tɻiwk4	
竻	lɨjk4	
竽	ɰɥu1	
竿	kɑn1	
笄	kʲi1	
笅	ɰaw1	
笆	pa1	
笆	ba3	
笇	swɑn3	
笈	ɡip4	
笈	ɡjɛp4	
笈	tʂʰap4	
笉	ˀɰyn2	
笊	tʂaw2	
笊	tʂaw3	
笋	syn2	
笍	ɻyj3	
笍	tɻyj3	
笏	xut4	
笐	kɑŋ1	
笐	ɣɑŋ3	
笑	sjɛw3	
笒	dʐʰɨm1	
笒	ɡim3	
笓	bʲʰi1	
笗	tuŋ1	
笘	tjɛp4	
笙	ʂiˤŋ1	
笚	tap4	
笚	ɣap4	
笛	dik4	
笝	nap4	
笞	tɻʰi1	
笠	lip4	
笡	tsʰja3	
笢	min1	
笢	ˀmʲin2	
笥	sɨ3	
符	vu1	
笧	tʂʰiˤk4	
笨	pun2	
笨	bun3	
笪	tan2	
笪	tan3	
笪	tat4	
笫	tʂɨ2	
第	di3	
笭	liŋ1	
笭	ˀliŋ2	
笮	tʂa3	
笮	dzɑk4	
笮	tʂiˤk4	
笯	nu1	
笯	na1	
笯	nu3	
笰	fut4	
笱	kɨw2	
笲	van1	
笲	van3	
笲	bjɛn3	
笳	ka1	
笴	kɑn2	
笴	kʌ2	
笵	vam3	
笿	lɑk4	
筀	kʲyj3	
筄	jɛw3	
筅	sjɛn2	
筆	pit4	
筇	ɡʰywŋ1	
筈	kwɑt4	
筈	kʰwɑt4	
等	taj2	
等	tɨjŋ2	
筊	ɰaw1	
筊	kaw2	
筋	kin1	
筌	tsʰɥɛn1	
筍	syn2	
筏	vat4	
筏	pwɑt4	
筐	kʰɥɑŋ1	
筑	dɻiwk4	
筑	tɻiwk4	
筒	dʰuŋ1	
筒	duŋ3	
答	tap4	
筕	ɣɑŋ1	
筕	ɣiˤŋ1	
策	tʂʰiˤk4	
筟	fu1	
筠	ɰyn1	
筡	tɻʰjɯ1	
筡	dʰu1	
筣	li1	
筤	lɑŋ1	
筥	kjɯ2	
筦	kwɑn2	
筧	kʲjɛn2	
筨	ɣɑm1	
筩	dʰuŋ1	
筬	dʐʰiŋ1	
筭	swɑn3	
筮	ʐi3	
筯	dɻjɯ3	
筰	dzɑk4	
筱	sjɛw2	
筲	ʂaw1	
筳	dʰiŋ1	
筴	tʂʰiˤk4	
筴	kʲjɛp4	
筴	kap4	
筵	jɛn1	
箁	bʰɨw1	
箃	tʂɨw1	
箄	pʲi1	
箄	pʲi2	
箅	pʲi3	
箇	kʌ3	
箉	daj3	
箊	ʔjɯ1	
箋	tsjɛn1	
箍	ku1	
箏	tʂiˤŋ1	
箐	tsiŋ1	
箑	ʂap4	
箑	dʐap4	
箒	tʂiw2	
箓	luk4	
箔	bɑk4	
箕	ki1	
箖	lim1	
算	swɑn2	
箘	kʰyn1	
箘	ɡyn3	
箙	vuk4	
箛	ku1	
箜	kʰuŋ1	
箝	ɡʰjɛm1	
箟	kʰyn1	
箠	tɻyj1	
箠	tʂyj2	
管	kwɑn2	
箬	ɻjɑk4	
箭	tsjɛn3	
箯	bʲʰjɛn1	
箯	pʲjɛn1	
箰	syn2	
箱	sjɑŋ1	
箲	sjɛn2	
箳	pʲiŋ1	
箳	bʲʰiŋ1	
箴	tʂim1	
箵	siŋ2	
箶	ɣu1	
箷	ji1	
箸	tɻjɯ3	
箸	dɻjɯ3	
箹	ʔaw3	
箹	ʔak4	
箽	tuŋ2	
箾	sjɛw1	
箾	ʂwak4	
箿	dzip4	
節	tsjɛt4	
篁	ɣwɑŋ1	
篂	siŋ1	
篃	mi3	
範	vam3	
篅	dʐʰyj1	
篅	dʐʰɥɛn1	
篆	dɻɥɛn3	
篇	pʲʰjɛn1	
築	tɻiwk4	
篋	kʲʰjɛp4	
篌	ɣɨw1	
篍	tsʰjɛw1	
篍	tsʰiw1	
篍	tsʰjɛw3	
篎	ˀmʲjɛw2	
篎	mʲjɛw3	
篔	ɰyn1	
篕	ɣɑp4	
篖	dʰɑŋ1	
篘	tʂʰɨw1	
篙	kɑw1	
篚	fʲi2	
篜	tʂiŋ1	
篝	kɨw1	
篞	njɛt4	
篟	tsʰjɛn3	
篠	sjɛw2	
篡	tʂʰwan3	
篢	kuŋ1	
篣	bʰɑŋ1	
篣	bʰiˤŋ1	
篤	tuk4	
篥	lit4	
篦	pʲi1	
篧	dʐwak4	
篧	tʂwak4	
篨	dɻʰjɯ1	
篩	ʂɨ1	
篪	dɻʰi1	
篰	bɨw3	
篲	zyj3	
篳	pʲit4	
篴	dɻiwk4	
篴	dik4	
篷	bʰuŋ1	
篸	tsam1	
篸	tsam3	
篹	swɑn2	
篻	mʲjɛw1	
篻	pʲʰjɛw2	
篼	tɨw1	
篽	ˀŋjɯ2	
篾	mʲjɛt4	
篿	dʰwɑn1	
篿	tʂɥɛn1	
簀	tʂiˤk4	
簁	ʂɨ1	
簁	ʂɨ2	
簂	kuj3	
簃	ji1	
簃	dɻʰi1	
簄	ɣu3	
簅	ʂan2	
簆	kʰɨw3	
簇	tsʰuk4	
簉	tʂʰɨw3	
簋	kyj2	
簍	lɨw1	
簍	ˀlɥu2	
簍	ˀlɨw2	
簎	dʐwak4	
簎	tʂʰiˤk4	
簎	dzik4	
簏	luk4	
簙	pɑk4	
簜	tʰɑŋ1	
簜	dɑŋ3	
簝	ljɛw1	
簝	lɑw1	
簞	tan1	
簟	djɛm3	
簠	fu1	
簠	fu2	
簠	fu3	
簡	kan2	
簢	ˀmin2	
簣	ɡyj3	
簣	kʰwaj3	
簥	kjɛw1	
簦	tɨjŋ1	
簧	ɣwɑŋ1	
簨	syn2	
簩	lɑw1	
簪	tʂɨm1	
簪	tsam1	
簫	sjɛw1	
簬	lu3	
簭	ʐi3	
簳	kɑn2	
簵	lu3	
簶	luk4	
簷	jɛm1	
簸	pwʌ2	
簸	pwʌ3	
簹	tɑŋ1	
簺	saj3	
簻	kʰwʌ1	
簻	tɻwa1	
簾	ljɛm1	
簿	bu3	
簿	bɑk4	
籀	dɻiw3	
籃	lam1	
籈	tʂin1	
籈	kʲjɛn1	
籉	dʰaj1	
籊	dik4	
籊	tʰik4	
籋	njɛp4	
籌	dɻʰiw1	
籍	dzik4	
籓	fan1	
籔	ʂu2	
籔	sɨw2	
籗	kʰwɑk4	
籙	lywk4	
籚	lu1	
籛	tsjɛn1	
籛	tsjɛn2	
籛	tsjɛn3	
籜	tʰɑk4	
籝	jiŋ1	
籞	ˀŋjɯ2	
籟	laj3	
籠	luŋ1	
籠	lywŋ1	
籠	ˀluŋ2	
籢	ljɛm1	
籣	lan1	
籤	tsʰjɛm1	
籥	jɑk4	
籦	tʂywŋ1	
籧	ɡʰjɯ1	
籩	pʲjɛn1	
籫	tswɑn2	
籬	li1	
籭	ʂɨ1	
籭	ʂaj1	
籮	lʌ1	
籰	ɰɥɑk4	
籲	jɥu3	
米	ˀmʲi2	
籴	dik4	
籸	ʂɨn1	
籹	ˀnjɯ2	
籺	ɣʲjɛt4	
粄	pwɑn2	
粈	ˀɻiw2	
粉	fun2	
粊	pi3	
粒	lip4	
粔	ɡjɯ3	
粕	pʰɑk4	
粖	mwɑt4	
粖	mʲjɛt4	
粗	dzu3	
粘	njɛm1	
粞	si1	
粞	saj1	
粟	sywk4	
粢	tsɨ1	
粥	jiwk4	
粥	tʂiwk4	
粦	lin3	
粮	ljɑŋ1	
粯	ɣan3	
粰	vɨw1	
粱	ljɑŋ1	
粲	tsʰan3	
粳	kiˤŋ1	
粵	ɰɥɛt4	
粹	syj3	
粺	baj3	
粻	tɻjɑŋ1	
粼	lin1	
粼	lin3	
粽	tsuŋ3	
精	tsiŋ1	
精	tsiŋ3	
粿	kwʌ2	
糂	sam2	
糄	pʲjɛn2	
糅	niw3	
糇	ɣɨw1	
糈	sjɯ2	
糈	ʂɯ2	
糉	tsuŋ3	
糊	ɣu1	
糏	sjɛt4	
糒	bi3	
糓	kuk4	
糔	siw2	
糖	dʰɑŋ1	
糗	kʰiw2	
糙	tsʰɑw3	
糛	dʰɑŋ1	
糜	mi1	
糝	sam2	
糞	fun3	
糟	tsɑw1	
糠	kʰɑŋ1	
糣	sam2	
糤	san2	
糦	tʂʰjɨ3	
糧	ljɑŋ1	
糪	piˤk4	
糪	pʰiˤk4	
糫	ɣwan1	
糱	ŋjɛt4	
糲	li3	
糲	laj3	
糲	lat4	
糳	tsɑk4	
糴	dik4	
糶	tʰjɛw3	
糷	lan3	
糸	mʲik4	
系	ɣʲi3	
糾	kʲiw2	
紀	ki2	
紂	dɻiw3	
紃	ʐyn1	
紃	zyn1	
約	ʔʲjɛw3	
約	ʔjɑk4	
紅	ɣuŋ1	
紆	ʔɥu1	
紇	ɣɨt4	
紇	ɣʲjɛt4	
紈	ɣwɑn1	
紉	nin1	
紊	ʋun3	
紋	ʋun1	
納	nap4	
紐	ˀniw2	
紑	fɨw1	
紑	fɨw2	
紓	ʂjɯ1	
紓	ʐjɯ3	
純	dʐʰyn1	
純	tʂyn2	
紕	bʲʰi1	
紕	pʲʰi1	
紖	dɻin3	
紗	ʂa1	
紘	ɣwiˤŋ1	
紙	tʂjɨ2	
級	kip4	
紛	fun1	
紜	ɰyn1	
紝	ɻim1	
紞	tam2	
紟	ɡim3	
素	su3	
紡	fɑŋ2	
索	sɑk4	
索	ʂiˤk4	
紨	fu1	
紩	dɻit4	
紫	tsɨ2	
紬	dɻʰiw1	
紭	ɣwiˤŋ1	
紮	tʂat4	
累	ˀlyj2	
累	lyj3	
細	si3	
紱	fut4	
紲	sjɛt4	
紳	ʂin1	
紴	pwʌ1	
紴	pʰi2	
紵	dɻjɯ3	
紷	liŋ1	
紹	ʐjɛw3	
紺	kɑm3	
紻	ʔjɑŋ2	
紼	fut4	
紽	dʰʌ1	
紾	tʂin2	
紾	tɻjɛn2	
紿	daj3	
絀	tɻyt4	
絁	ʂjɨ1	
終	tʂiwŋ1	
絃	ɣʲjɛn1	
絃	xʲɥɛn3	
組	tsu2	
絅	kʲyjŋ1	
絅	kʲʰyjŋ2	
絆	pwɑn3	
絇	ɡʰɥu1	
絇	kɥu3	
絍	ɻim3	
絎	ɣiˤŋ3	
結	kʲjɛt4	
絑	tʂɥu1	
絓	kʰwa1	
絓	ɣwa3	
絕	dzɥɛt4	
絘	tsʰɨ3	
絙	ɣwɑn1	
絙	kɨjŋ1	
絛	tʰɑw1	
絜	kʲjɛt4	
絜	ɣʲjɛt4	
絝	kʰu3	
絞	kaw2	
絟	tsʰɥɛn1	
絟	tsʰɥɛt4	
絠	kɑj2	
絡	lɑk4	
絢	xʲɥɛn3	
絣	piˤŋ1	
絥	bi3	
絥	vuk4	
給	kip4	
絧	dʰuŋ1	
絧	duŋ3	
絨	ɻiwŋ1	
絩	tʰjɛw3	
絪	ʔʲin1	
絫	ˀlyj2	
絬	sjɛt4	
絭	kʰɥɛn3	
絭	kɥɛn3	
絭	kywk4	
絮	sjɯ3	
絮	njɯ3	
絮	tɻʰjɯ3	
絮	na3	
絯	kɑj1	
絯	ɣaj3	
絰	djɛt4	
統	tʰuŋ3	
絲	sɨ1	
絳	kaŋ3	
絸	kʲjɛn2	
絹	kʲɥɛn3	
絺	tɻʰi1	
絻	mwɑn1	
絻	ˀmjɛn2	
絻	ʋun3	
絽	ˀljɯ2	
絿	ɡʰiw1	
綀	ʂɯ1	
綃	sjɛw1	
綃	ʂaw1	
綄	ɣwɑn1	
綄	ɣwɑn3	
綅	tsʰim1	
綅	tsim1	
綅	sjɛm1	
綆	kiˤŋ2	
綈	dʰi1	
綊	ɣʲjɛp4	
綌	kʰik4	
綍	fut4	
綎	dʰiŋ1	
綎	tʰiŋ1	
綏	syj1	
綐	duj3	
經	kʲiŋ1	
經	kʲiŋ3	
綖	jɛn1	
綜	tsuŋ3	
綝	tɻʰim1	
綞	twʌ2	
綟	li3	
綟	ljɛt4	
綠	lywk4	
綡	ljɑŋ1	
綢	tʰɑw1	
綢	dɻʰiw1	
綣	kʰɥɛn2	
綣	kʰɥɛn3	
綤	ʐjɛw3	
綦	ɡʰi1	
綨	ɡʰi1	
綪	tʂiˤŋ1	
綪	tsʰjɛn3	
綫	sjɛn3	
綬	ʐiw3	
維	jyj1	
綮	kʲʰi2	
綯	dʰɑw1	
綰	ʔwan2	
綰	ʔwan3	
綱	kɑŋ1	
網	ˀʋɑŋ2	
綴	tɻyj3	
綴	tɻɥɛt4	
綵	tsʰaj2	
綷	tsuj3	
綸	lyn1	
綸	kwan1	
綹	ˀliw2	
綺	kʰi2	
綻	dɻan3	
綼	bʲit4	
綼	pʲik4	
綽	tʂʰjɑk4	
綾	liŋ1	
綿	mʲjɛn1	
緀	tsʰi1	
緀	tsʰi2	
緁	tsʰjɛp4	
緂	tʰam1	
緂	tʂʰjɛm1	
緂	tʰam2	
緄	kun2	
緅	tʂɨw1	
緅	tsɨw1	
緅	tsɥu3	
緆	sik4	
緇	tʂɨ1	
緈	ɣʲiŋ3	
緉	ˀljɑŋ2	
緉	ljɑŋ3	
緊	kʲin2	
緋	fʲi1	
緌	ɻyj1	
緍	min1	
緎	ɰyjk4	
緎	xyjk4	
緒	zjɯ3	
緗	sjɑŋ1	
緘	kam1	
緙	kʰiˤk4	
線	sjɛn3	
緛	ˀɻɥɛn2	
緜	mʲjɛn1	
緝	tsʰip4	
緞	dwɑn3	
緟	dɻʰywŋ1	
緟	dɻywŋ3	
締	dʰi1	
締	di3	
緢	mjɛw1	
緢	ˀmaw2	
緢	maw3	
緣	jɥɛn1	
緣	jɥɛn3	
緤	sjɛt4	
緥	pɑw2	
緦	sɨ1	
緧	tsʰiw1	
編	pʲjɛn1	
編	pʲjɛn2	
緩	ɣwɑn3	
緪	kɨjŋ1	
緪	kɨjŋ3	
緬	ˀmʲjɛn2	
緭	ɰyj3	
緯	ɰyj3	
緰	sɥu1	
緰	dʰɨw1	
緱	kɨw1	
練	ljɛn3	
緵	tsuŋ1	
緵	tsuŋ3	
緶	bʲʰjɛn1	
緶	pʲjɛn2	
緷	ɣun3	
緷	kun2	
緷	ɰyn3	
緹	dʰi1	
緹	tʰi2	
緺	kwa1	
緺	kwʌ1	
緻	dɻi3	
緾	dɻʰjɛn1	
縈	ʔʲyjŋ1	
縉	tsin3	
縊	ʔʲi3	
縋	dɻyj3	
縌	ŋik4	
縍	pɑŋ1	
縎	kut4	
縏	bʰwɑn1	
縐	tʂʰaw3	
縐	tʂɨw3	
縑	kʲjɛm1	
縒	tʂʰɨ1	
縒	sʌ2	
縒	tsʰɑk4	
縓	tsʰɥɛn1	
縓	tsʰɥɛn3	
縕	ʔyn1	
縕	ʔun1	
縕	ʔyn2	
縕	ʔyn3	
縖	ɣat4	
縗	tsʰuj1	
縚	tʰɑw1	
縛	vwʌ3	
縛	vɑk4	
縜	ɰyn1	
縝	tɻʰin1	
縝	tʂʰin1	
縝	tʂin2	
縞	kɑw2	
縞	kɑw3	
縟	ɻywk4	
縠	ɣuk4	
縡	tsaj2	
縡	tsaj3	
縢	dʰɨjŋ1	
縣	ɣʲɥɛn1	
縣	ɣʲɥɛn3	
縪	pʲit4	
縫	vuŋ1	
縫	vuŋ3	
縬	tsiwk4	
縬	tʂuk4	
縭	li1	
縮	ʂuk4	
縯	ˀjin2	
縯	ˀjɛn2	
縰	ʂɨ2	
縱	tsywŋ1	
縱	tsywŋ3	
縴	kʲʰjɛn1	
縵	mwɑn3	
縵	man3	
縶	tɻip4	
縷	ˀlɥu2	
縹	pʲʰjɛw2	
縺	ljɛn1	
縻	mi1	
縼	zɥɛn3	
總	tsuŋ2	
績	tsik4	
縿	ʂam1	
繀	suj3	
繁	van1	
繁	bʰwɑn1	
繁	bʰwʌ1	
繂	lyt4	
繃	piˤŋ1	
繄	ʔʲi1	
繄	ʔʲi3	
繅	sɑw1	
繅	tsɑw2	
繆	mɨw1	
繆	miw1	
繆	miw3	
繆	muk4	
繇	jɛw1	
繇	jiw1	
繇	dɻiw3	
繈	kjɑŋ2	
繎	ɻjɛn1	
繎	ɻɥɛn1	
繏	sɥɛn3	
繐	ɣʲyj3	
繐	syj3	
繑	kʲʰjɛw1	
繒	dzʰiŋ1	
繓	tswɑt4	
織	tʂjɨ3	
織	tʂik4	
繕	ʐjɛn3	
繖	san2	
繖	san3	
繗	lin1	
繘	kʲyt4	
繘	jyt4	
繙	van1	
繙	fan1	
繚	ljɛw1	
繚	ˀljɛw2	
繛	tʂʰjɑk4	
繜	tsun1	
繞	ˀɻjɛw2	
繞	ɻjɛw3	
繟	dʰan1	
繟	tʂʰjɛn2	
繠	ˀɻyj2	
繡	siw3	
繢	ɣuj3	
繣	ɣwa3	
繣	xwiˤk4	
繤	tswɑn2	
繩	ʐiŋ1	
繪	ɣuj3	
繫	kʲi3	
繫	ɣʲi3	
繬	ʂiˤk4	
繭	kʲjɛn2	
繮	kjɑŋ1	
繯	ɣʲɥɛn3	
繯	ɣwan3	
繰	sɑw1	
繰	tsɑw2	
繲	kaj3	
繳	kʲjɛw2	
繳	tʂjɑk4	
繳	ɣiˤk4	
繴	biˤk4	
繴	pʲik4	
繵	dan3	
繶	ʔik4	
繹	jik4	
繻	ɻɥu1	
繻	sɥu1	
繼	kʲi3	
繽	pʲʰin1	
繾	kʲʰjɛn2	
繾	kʲʰjɛn3	
纀	puk4	
纁	xyn1	
纂	tswɑn2	
纅	jɑk4	
纆	mujk4	
纇	luj3	
纈	ɣʲjɛt4	
纊	kʰwɑŋ3	
纋	ʔiw1	
續	zywk4	
纍	lyj1	
纍	lyj3	
纏	dɻʰjɛn1	
纏	dɻjɛn3	
纑	lu1	
纓	ʔʲiŋ1	
纔	dzʰaj1	
纔	ʂam1	
纔	dzaj3	
纕	sjɑŋ1	
纖	sjɛm1	
纗	tsyj1	
纗	ɣʲyj1	
纗	jyj3	
纗	ɣwa3	
纘	tswɑn2	
纚	ʂɨ2	
纛	dɑw3	
纛	duk4	
纜	lam3	
纝	lyj1	
缶	fu2	
缸	ɣaŋ1	
缹	fɨw2	
缺	kʲʰɥɛt4	
缾	bʲʰiŋ1	
缿	ɣaŋ3	
罃	ʔiˤŋ1	
罄	kʲʰiŋ3	
罅	xa3	
罇	tsun1	
罊	kʲʰi3	
罊	kʰiˤk4	
罋	ʔywŋ1	
罋	ʔuŋ3	
罌	ʔiˤŋ1	
罍	luj1	
罏	lu1	
罐	kwɑn3	
网	ˀʋɑŋ2	
罔	ˀʋɑŋ2	
罘	vu1	
罛	ku1	
罜	tʂɥu3	
罜	duk4	
罝	tsja1	
罞	muŋ1	
罞	maw1	
罟	ku2	
罠	min1	
罣	kʲyj3	
罣	kwa3	
罣	ɣwa3	
罤	dʰi1	
罥	kʲɥɛn2	
罥	kʲɥɛn3	
罦	fu1	
罦	vu1	
罧	sim2	
罧	ʂɨm3	
罨	ʔjɛm2	
罨	ʔɑp4	
罨	ʔjɛp4	
罩	tɻaw3	
罪	dzuj3	
罬	tɻɥɛt4	
罬	kɥɛt4	
罭	ɰyjk4	
置	tɻi3	
罯	ʔɑm2	
罯	ʔɑp4	
罰	vat4	
罱	ˀlam2	
署	ʐjɯ3	
罳	sɨ1	
罵	ˀma2	
罵	ma3	
罶	ˀliw2	
罷	bʰi1	
罷	bi3	
罷	ba3	
罹	li1	
罺	tʂaw1	
罺	tʂʰaw3	
罻	ʔyj3	
罼	pʲit4	
罽	ki3	
罾	tsɨjŋ1	
罿	dʰuŋ1	
罿	tʂʰywŋ1	
羂	kʲɥɛn2	
羃	mʲik4	
羅	lʌ1	
羆	pi1	
羇	ki1	
羈	ki1	
羉	lwɑn1	
羊	jɑŋ1	
羋	ˀmʲi2	
羌	kʰjɑŋ1	
羍	tʰat4	
美	ˀmi2	
羑	ˀjiw2	
羒	vun1	
羔	kɑw1	
羕	jɑŋ3	
羖	ku2	
羚	liŋ1	
羛	xi1	
羛	ˀŋi2	
羜	dɻjɯ3	
羝	ti1	
羞	siw1	
羠	ji1	
羠	zɨ3	
羣	ɡʰyn1	
羥	kʰan1	
羥	kʰiˤŋ1	
羨	ji1	
羨	zjɛn3	
羨	jɛn3	
義	ŋi3	
羫	kʰaŋ1	
羬	ɡʰjɛm1	
羬	ŋam1	
羭	jɥu1	
羯	kjɛt4	
羱	ŋɥɛn1	
羱	ŋwɑn1	
羲	xi1	
羳	van1	
羴	xan1	
羵	vun1	
羶	ʂjɛn1	
羷	ˀljɛm2	
羸	lyj1	
羹	kiˤŋ1	
羺	nɨw1	
羻	kʰjɑŋ3	
羼	tʂʰan2	
羼	tʂʰan3	
羽	ˀɰɥu2	
羽	ɰɥu3	
羾	kuŋ3	
羿	ŋʲi3	
翀	dɻʰiwŋ1	
翁	ʔuŋ1	
翃	ɣwiˤŋ1	
翄	ɡʲʰi1	
翄	ʂjɨ3	
翅	ʂjɨ3	
翇	fut4	
翈	ɣap4	
翉	pʰun2	
翊	jik4	
翌	jik4	
翍	pʰi1	
翎	liŋ1	
翏	ljɛw1	
翏	liw3	
翐	dɻit4	
習	zip4	
翓	ɣʲjɛt4	
翔	zjɑŋ1	
翕	xip4	
翖	xip4	
翛	sjɛw1	
翛	ʂiwk4	
翜	ʂɨp4	
翜	ʂap4	
翟	dɻiˤk4	
翟	dik4	
翠	tsʰyj3	
翡	vʲi3	
翢	tʰɑw1	
翢	dʰɑw1	
翣	ʂap4	
翥	tʂjɯ3	
翦	tsjɛn2	
翧	xɥɛn1	
翨	ʂjɨ3	
翨	kʲi3	
翩	pʲʰjɛn1	
翪	tsuŋ1	
翪	tsuŋ2	
翫	ŋwɑn3	
翬	xyj1	
翭	ɣɨw1	
翮	ɣiˤk4	
翯	ɣuk4	
翯	ɣak4	
翯	xak4	
翰	ɣɑn1	
翰	ɣɑn3	
翱	ŋɑw1	
翲	pʲʰjɛw1	
翲	pʲʰjɛw3	
翳	ʔʲi1	
翳	ʔʲi3	
翴	ljɛn1	
翵	ɡʰɥu1	
翵	ɣɨw1	
翷	lin1	
翹	ɡʲʰjɛw1	
翹	ɡʲjɛw3	
翻	fan1	
翼	jik4	
翽	xuj3	
翾	xʲɥɛn1	
翿	dʰɑw1	
翿	dɑw3	
耀	jɛw3	
老	ˀlɑw2	
考	kʰɑw2	
耄	mɑw3	
者	tʂja2	
耆	ɡʲʰi1	
耇	kɨw2	
耋	djɛt4	
而	ɻjɨ1	
耎	ˀɻɥɛn2	
耏	ɻjɨ1	
耏	nɑj3	
耐	nɑj3	
耑	twɑn1	
耒	ˀlyj2	
耒	luj3	
耔	tsɨ2	
耕	kiˤŋ1	
耖	tʂʰaw3	
耘	ɰyn1	
耚	pʰi1	
耜	zɨ3	
耠	ɣɑp4	
耡	dʐʰɯ1	
耡	dʐɯ3	
耣	ˀlyn2	
耤	dzik4	
耦	ˀŋɨw2	
耨	nɨw3	
耨	nuk4	
耩	kaŋ2	
耫	dʐat4	
耫	dʐiˤk4	
耬	lɨw1	
耰	ʔiw1	
耳	ˀɻjɨ2	
耴	ŋit4	
耴	tɻjɛp4	
耵	tiŋ2	
耶	ja1	
耷	tap4	
耹	ɡʰim1	
耺	ɰyn1	
耽	tam1	
耽	tam2	
耾	ɣwiˤŋ1	
耿	kiˤŋ2	
聃	tʰam1	
聅	dʰan1	
聅	tɻʰjɛt4	
聆	liŋ1	
聉	tʰuj2	
聉	ŋit4	
聉	tɻwat4	
聉	ŋwat4	
聊	ljɛw1	
聎	tʰjɛw1	
聐	ŋat4	
聑	tjɛp4	
聒	kwɑt4	
聖	ʂiŋ3	
聘	pʲʰiŋ3	
聙	tsiŋ1	
聚	dzɥu3	
聝	kwiˤk4	
聞	ʋun1	
聞	ʋun3	
聤	dʰiŋ1	
聥	ˀɰɥu2	
聥	kɥu2	
聧	kʲʰyj1	
聭	kyj3	
聮	ljɛn1	
聰	tsʰuŋ1	
聱	ŋaw1	
聱	ŋɑw1	
聱	ŋʲiw1	
聲	ʂiŋ1	
聳	sywŋ2	
聵	ŋwaj3	
聶	njɛp4	
職	tʂik4	
聸	tam1	
聹	niŋ1	
聹	ˀniŋ2	
聻	ˀni2	
聽	tʰiŋ1	
聽	tʰiŋ3	
聾	luŋ1	
聿	jyt4	
肁	dɻjɛw3	
肂	sɨ3	
肄	ji3	
肅	siwk4	
肆	sɨ3	
肈	dɻjɛw3	
肉	ɻiwk4	
肊	ʔik4	
肋	lɨjk4	
肌	ki1	
肍	ɡʰiw1	
肎	kʰɨjŋ2	
肑	pak4	
肑	tik4	
肒	ɣwɑn3	
肓	xwɑŋ1	
肔	ˀji2	
肕	ɻin3	
肖	sjɛw3	
肗	ˀɻjɯ2	
肘	tɻiw2	
肙	ʔʲɥɛn3	
肚	du3	
肚	tu2	
肛	kaŋ1	
肛	xaŋ1	
肜	jiwŋ1	
肝	kɑn1	
股	ku2	
肢	tʂjɨ1	
肣	ɣɑm1	
肣	ɣɑm3	
肤	fu1	
肥	vʲi1	
肦	vun1	
肦	pan1	
肧	pʰuj1	
肧	fɨw1	
肨	pʰaŋ3	
肩	kʲjɛn1	
肪	vɑŋ1	
肪	fɑŋ1	
肫	tʂyn1	
肬	ɰiw1	
肭	nut4	
肭	nwat4	
肮	ɣɑŋ1	
肯	kʰɨjŋ2	
肰	ɻjɛn1	
肱	kujŋ1	
育	jiwk4	
肴	ɰaw1	
肶	bʲʰi1	
肸	xit4	
肺	fʲi3	
胂	tɻʰin1	
胂	ʂin1	
胃	ɰyj3	
胄	dɻiw3	
胅	djɛt4	
胆	dʰan1	
胇	bit4	
胈	bwɑt4	
胉	pʰɑk4	
胊	ɡʰɥu1	
背	buj3	
背	puj3	
胍	ku1	
胎	tʰaj1	
胏	tʂɨ2	
胐	kʰut4	
胑	tʂjɨ1	
胓	bʰiŋ1	
胔	dzʰɨ1	
胔	tsʰɨ1	
胔	dzɨ3	
胕	vu3	
胖	pʰwɑn3	
胗	tʂin2	
胗	kʲin2	
胘	ɣʲjɛn1	
胘	ɣʲɥɛn1	
胙	dzu3	
胛	kap4	
胜	siŋ1	
胝	tɻi1	
胞	paw1	
胞	pʰaw1	
胟	ˀmɨw2	
胠	kʰjɯ1	
胠	kʰjɯ3	
胠	kʰjɛp4	
胡	ɣu1	
胤	jin3	
胥	sjɯ1	
胥	sjɯ2	
胦	ʔaŋ1	
胦	ʔjɑŋ1	
胭	ʔʲjɛn1	
胮	pʰaŋ1	
胮	bʰaŋ1	
胯	kʰwa1	
胯	kʰu3	
胯	kʰwa3	
胰	ji1	
胱	kwɑŋ1	
胲	kɑj1	
胳	kɑk4	
胴	duŋ3	
胵	tʂʰjɨ1	
胷	xywŋ1	
胹	ɻjɨ1	
胺	ʔɑt4	
胻	ɣɑŋ1	
胻	ɣiˤŋ1	
胻	ɣiˤŋ3	
胼	bʲʰjɛn1	
能	nɑj1	
能	nɨjŋ1	
能	ˀnɨjŋ2	
能	nɑj3	
胾	tʂɨ3	
胿	ɣʲi1	
胿	kʲyj1	
脀	tʂiŋ1	
脁	tɻʰjɛw3	
脂	tʂjɨ1	
脃	tsʰyj3	
脄	muj1	
脄	muj3	
脅	xjɛm3	
脅	xjɛp4	
脆	tsʰyj3	
脉	miˤk4	
脊	tsik4	
脕	ˀʋan2	
脕	ʋun3	
脕	ʋan3	
脖	but4	
脗	ˀmʲin2	
脘	kwɑn2	
脙	xiw1	
脙	ɡʰiw1	
脚	kjɑk4	
脛	ɣʲiŋ3	
脝	xiˤŋ1	
脞	tsʰwʌ1	
脞	tsʰwʌ2	
脟	ˀlɥɛn2	
脟	lɥɛt4	
脠	ʂjɛn1	
脠	tɻʰjɛn1	
脡	tʰiŋ2	
脢	muj1	
脢	muj3	
脣	ʐyn1	
脤	ʐin3	
脥	kʲʰjɛm2	
脧	tsuj1	
脧	tsɥɛn1	
脩	siw1	
脪	tɻʰi1	
脪	xin2	
脪	xin3	
脫	dwɑt4	
脫	tʰwɑt4	
脬	pʰaw1	
脮	tʰuj2	
脮	ˀnuj2	
脯	fu2	
脰	dɨw3	
脹	tɻjɑŋ3	
脼	ˀljɑŋ2	
脽	dʐʰyj1	
脾	bʲʰi1	
腃	kʰyj3	
腄	tɻyj1	
腄	ɰiw1	
腄	dɻyj3	
腅	dam3	
腆	tʰjɛn2	
腊	sik4	
腋	jik4	
腌	ʔjɛm1	
腌	ʔjɛp4	
腍	ˀɻim2	
腎	ʐin3	
腏	tɻyj3	
腏	twɑt4	
腏	tɻɥɛt4	
腐	vu3	
腑	fu2	
腒	kjɯ1	
腒	ɡʰjɯ1	
腓	vʲi1	
腓	vʲi3	
腔	kʰaŋ1	
腕	ʔwɑn3	
腛	ʔak4	
腜	muj1	
腝	ˀɻɥɛn2	
腝	nun3	
腝	nɑw3	
腠	tsʰɨw3	
腡	kwa1	
腡	lwʌ1	
腣	ti1	
腣	ti3	
腤	ʔɑm1	
腥	siŋ1	
腥	siŋ3	
腦	ˀnɑw2	
腦	nɑw3	
腧	ʂɥu3	
腨	ʐɥɛn3	
腩	ˀnam2	
腫	tʂywŋ2	
腬	ɻiw1	
腬	niw3	
腯	dut4	
腰	ʔʲjɛw1	
腱	kjɛn1	
腱	ɡjɛn3	
腲	ʔuj2	
腳	kjɑk4	
腴	jɥu1	
腶	twɑn3	
腷	bik4	
腸	dɻʰjɑŋ1	
腹	fuk4	
腿	tʰuj2	
膀	bʰɑŋ1	
膁	kʲʰjɛm2	
膂	ˀljɯ2	
膃	ʔut4	
膆	su3	
膇	dɻyj3	
膈	kiˤk4	
膉	ʔʲik4	
膊	pʰɑk4	
膋	ljɛw1	
膌	dzik4	
膍	bʲʰi1	
膎	ɣaj1	
膏	kɑw1	
膏	kɑw3	
膒	ʔɨw1	
膕	kwiˤk4	
膗	dʐʰwaj1	
膘	bʲjɛw3	
膘	pʲʰjɛw2	
膘	tsjɛw2	
膙	kjɑŋ2	
膚	fu1	
膜	mu1	
膜	mɑk4	
膝	sit4	
膞	tʂɥɛn1	
膞	ʐɥɛn3	
膞	tʂɥɛn2	
膟	lyt4	
膠	kaw1	
膠	kaw3	
膡	jiŋ3	
膡	ʂiŋ3	
膢	lɥu1	
膢	lɨw1	
膦	ˀljɛn2	
膨	bʰiˤŋ1	
膨	biˤŋ3	
膩	ni3	
膪	tɻaj3	
膪	tɻa3	
膫	ljɛw1	
膫	ljɛw3	
膬	tsʰyj3	
膬	tsʰɥɛt4	
膭	kuj1	
膭	ɣuj3	
膮	xʲjɛw1	
膮	xʲjɛw2	
膯	tʰɨjŋ1	
膰	van1	
膱	tʂik4	
膲	tsjɛw1	
膳	ʐjɛn3	
膴	ʋu1	
膴	xu1	
膴	ˀʋu2	
膷	xjɑŋ1	
膹	vʲi3	
膹	vun3	
膺	ʔiŋ1	
膻	dan3	
膼	tɻwa1	
膽	tam2	
膾	kuj3	
膿	nuŋ1	
臀	dʰun1	
臂	pʲi3	
臄	ɡjɑk4	
臅	tʂʰywk4	
臆	ʔik4	
臇	tsyj1	
臇	tsɥɛn2	
臈	lap4	
臉	tsʰjɛm1	
臉	ˀlam2	
臊	sɑw1	
臍	dzʰi1	
臎	tsyj2	
臎	tsʰyj3	
臏	bʲin3	
臐	xyn1	
臐	xyn3	
臑	ɻɥu1	
臒	ʔɥɑk4	
臒	ʔwɑk4	
臔	ɣʲjɛn3	
臕	pjɛw1	
臖	xiŋ3	
臗	kʰun1	
臘	lap4	
臚	ljɯ1	
臛	xuk4	
臝	ˀlwʌ2	
臞	ɡʰɥu1	
臞	ɡɥu3	
臠	lwɑn1	
臠	ˀlɥɛn2	
臡	ni1	
臡	ɻi1	
臡	nʌ1	
臣	dʐʰin1	
臤	kʰɑn1	
臤	kʰan1	
臤	ɣʲjɛn1	
臤	kʲʰin3	
臥	ŋwʌ3	
臦	kɥɑŋ3	
臧	tsɑŋ1	
臨	lim1	
臨	lim3	
臩	kɥɑŋ2	
臩	kyjŋ2	
自	dzɨ3	
臬	ŋʲjɛt4	
臭	tʂʰiw3	
臮	ɡi3	
臱	mʲjɛn1	
臲	ŋʲjɛt4	
至	tʂjɨ3	
致	tɻi3	
臶	dzun3	
臶	dzjɛn3	
臸	tʂjɨ1	
臸	ɻit4	
臺	dʰaj1	
臻	tʂɨn1	
臼	ɡiw3	
臽	kʰɑm2	
臽	ɣam3	
臾	jɥu1	
臾	ɡyj3	
臿	tʂʰap4	
舀	jɥu1	
舀	jiw1	
舀	ˀjɛw2	
舁	jɯ1	
舂	ʂywŋ1	
舄	tsʰjɑk4	
舄	sik4	
舅	ɡiw3	
與	jɯ1	
與	ˀjɯ2	
與	jɯ3	
興	xiŋ1	
興	xiŋ3	
舉	kjɯ2	
舊	ɡiw3	
舋	xin3	
舌	ɣwat4	
舌	ʐjɛt4	
舍	ʂja2	
舍	ʂja3	
舐	ʐjɨ3	
舑	tʰam1	
舑	ɻjɛm1	
舒	ʂjɯ1	
舓	ʐjɨ3	
舕	tʰam3	
舚	tʰjɛm1	
舚	tʰjɛm3	
舛	tʂʰɥɛn2	
舜	ʂyn3	
舝	ɣat4	
舞	ˀʋu2	
舟	tʂiw1	
舠	tɑw1	
舡	xaŋ1	
舥	pʰa1	
舩	ʐɥɛn1	
航	ɣɑŋ1	
舫	fɑŋ3	
舫	pɑŋ3	
般	bʰwɑn1	
般	pwɑn1	
般	pan1	
舲	liŋ1	
舳	dɻiwk4	
舴	tɻiˤk4	
舴	tʂiˤk4	
舵	dʌ3	
舶	biˤk4	
舷	ɣʲjɛn1	
舸	kʌ2	
船	ʐɥɛn1	
舼	ɡʰywŋ1	
舽	bʰaŋ1	
艀	vɨw1	
艁	dzɑw3	
艁	tsʰɑw3	
艃	li1	
艅	jɯ1	
艆	lɑŋ1	
艇	diŋ3	
艋	ˀmiˤŋ2	
艎	ɣwɑŋ1	
艐	tsuŋ1	
艐	kaj3	
艐	kʰʌ3	
艑	bʲjɛn3	
艒	muk4	
艒	mujk4	
艖	dzʰʌ1	
艖	tʂʰa1	
艗	ŋʲik4	
艘	sjɛw1	
艘	sɑw1	
艚	dzʰɑw1	
艛	lɨw1	
艜	taj3	
艞	jɛw3	
艟	tʂʰywŋ1	
艟	dɻwaŋ3	
艣	ˀlu2	
艤	ˀŋi2	
艦	ɣam3	
艨	muŋ1	
艨	muŋ3	
艫	lu1	
艬	dʐʰam1	
艬	dʐam3	
艭	ʂwaŋ1	
艮	kɨn3	
良	ljɑŋ1	
艱	kan1	
色	ʂiˤk4	
艴	fut4	
艴	but4	
艵	pʲʰiŋ1	
艷	jɛm3	
艸	tsʰɑw2	
艻	lɨjk4	
艼	tʰiŋ1	
艼	tʰiŋ2	
艽	ɡʰyj1	
艽	ɡʰiw1	
艾	ŋɑj3	
艾	ŋi3	
艿	ɻiŋ1	
芀	tjɛw1	
芀	dʰjɛw1	
芃	vuŋ1	
芃	bʰuŋ1	
芄	ɣwɑn1	
芅	jik4	
芆	tʂʰaj1	
芇	mwɑn1	
芇	mʲjɛn1	
芇	ˀmʲjɛn2	
芊	tsʰjɛn1	
芊	tsʰjɛn3	
芋	ɰɥu1	
芋	ɰɥu3	
芍	ɣʲjɛw3	
芍	ʐjɑk4	
芍	tsʰjɑk4	
芍	tɻjɑk4	
芍	tik4	
芎	kʰiwŋ1	
芏	tʰu2	
芐	ɣu3	
芐	ɣa3	
芑	kʰi2	
芒	ʋɑŋ1	
芒	mɑŋ1	
芓	dzɨ3	
芔	xyj3	
芘	bʲʰi1	
芘	bʲi3	
芙	vu1	
芚	dʰun1	
芛	ˀjyj2	
芛	jyt4	
芝	tʂjɨ1	
芟	ʂam1	
芡	ɡjɛm3	
芣	vɨw1	
芥	kaj3	
芧	dɻjɯ3	
芨	kip4	
芩	ɡʰim1	
芪	ɡʲʰi1	
芫	ŋɥɛn1	
芬	fun1	
芭	pa1	
芮	ɻyj3	
芰	ɡi3	
花	xwa1	
芳	fɑŋ1	
芴	ʋut4	
芵	kʲɥɛt4	
芷	tʂjɨ2	
芸	ɰyn1	
芹	ɡʰin1	
芺	ʔjɛw2	
芺	ʔɑw2	
芻	tʂʰu1	
芼	mɑw1	
芼	mɑw3	
芽	ŋa1	
芾	fʲi3	
芾	puj3	
芾	fut4	
芿	ɻiŋ3	
苀	kɑŋ1	
苀	ɣɑŋ1	
苑	ʔɥɛn2	
苒	ˀɻjɛm2	
苓	liŋ1	
苔	dʰaj1	
苕	dʰjɛw1	
苖	tɻʰiwk4	
苖	dik4	
苗	mjɛw1	
苘	kʲʰyjŋ2	
苙	ɡip4	
苙	lip4	
苛	ɣʌ1	
苜	muk4	
苝	buj3	
苞	paw1	
苟	kɨw2	
苡	ˀji2	
苢	ˀji2	
苣	ɡjɯ3	
若	ɻja1	
若	ˀɻja2	
若	ɻjɑk4	
苦	kʰu2	
苦	kʰu3	
苧	dɻjɯ3	
苨	ˀni2	
苪	piŋ2	
苫	ʂjɛm1	
苫	ʂjɛm3	
苬	ziw1	
苭	ʔʲjɛw2	
苮	sjɛn1	
苯	pun2	
苰	ɣujŋ1	
英	ʔiŋ1	
苳	tuŋ1	
苴	tsʰjɯ1	
苴	tsjɯ1	
苴	dʐʰa1	
苴	tsjɯ2	
苵	djɛt4	
苶	njɛt4	
苶	ɻjɛt4	
苶	njɛp4	
苷	kɑm1	
苸	xu1	
苹	bʰiŋ1	
苺	mɨw3	
苻	vu1	
苽	ku1	
苾	bʲit4	
苾	bʲjɛt4	
茀	fʲi3	
茀	fut4	
茁	tɻyt4	
茁	tʂwat4	
茂	mu3	
范	vam3	
茄	ɡʰja1	
茄	ka1	
茅	maw1	
茆	ˀmaw2	
茆	ˀliw2	
茇	pwɑt4	
茇	bwɑt4	
茈	dzʰɨ1	
茈	dʐʰaj1	
茈	tsɨ2	
茋	tʂjɨ2	
茍	kik4	
茖	kiˤk4	
茗	ˀmʲiŋ2	
茙	ɻiwŋ1	
茛	kɨn3	
茜	tsʰjɛn3	
茝	tʂjɨ2	
茝	tʂʰi2	
茞	dʐʰin1	
茠	xɑw1	
茡	dzɨ3	
茢	ljɛt4	
茥	kʲyj1	
茥	kʲʰyj1	
茨	dzʰɨ1	
茩	kɨw2	
茪	kwɑŋ1	
茫	mɑŋ1	
茬	tʂɨ1	
茬	dʐʰɨ1	
茭	kaw1	
茮	tsjɛw1	
茯	vuk4	
茱	dʐʰɥu1	
茳	kaŋ1	
茴	ɣuj1	
茵	ʔʲin1	
茶	dɻʰa1	
茷	puj3	
茷	vʲi3	
茷	vat4	
茸	ɻywŋ1	
茹	ɻjɯ1	
茹	ˀɻjɯ2	
茹	ɻjɯ3	
茺	tʂʰiwŋ1	
茻	ˀmɑŋ2	
茿	tɻiwk4	
荀	syn1	
荁	ɣwɑn1	
荂	xɥu1	
荂	fu1	
荃	tsʰɥɛn1	
荄	kaj1	
荄	kɑj1	
荅	tap4	
荇	ɣiˤŋ3	
荈	tʂʰɥɛn2	
草	tsʰɑw2	
荊	kiŋ1	
荌	ʔɑn3	
荍	ɡʲʰjɛw1	
荎	dɻʰi1	
荎	djɛt4	
荏	ˀɻim2	
荐	dzjɛn3	
荑	ji1	
荑	dʰi1	
荒	xwɑŋ1	
荒	xwɑŋ3	
荓	bʲʰiŋ1	
荔	li3	
荰	du3	
荲	xiwk4	
荲	tɻʰiwk4	
荲	tɻʰik4	
荳	dɨw3	
荵	ˀɻin2	
荶	ŋim1	
荷	ɣʌ1	
荷	ɣʌ3	
荹	bʰu1	
荹	bu3	
荺	ɰyn1	
荺	ˀɰyn2	
荻	dik4	
荼	dʰu1	
荼	ʐja1	
荼	dɻʰa1	
荽	syj1	
荾	syj1	
莁	ʋu1	
莂	pjɛt4	
莃	xi1	
莅	li3	
莆	fu2	
莈	mut4	
莉	dɻʰi1	
莉	li1	
莊	tʂaŋ1	
莋	dzɑk4	
莌	dwɑt4	
莌	tʰwɑt4	
莍	ɡʰiw1	
莎	swʌ1	
莏	swʌ1	
莐	dɻʰim1	
莑	fuŋ1	
莒	kjɯ2	
莓	muj1	
莓	muj3	
莓	mɨw3	
莔	miˤŋ1	
莔	xit4	
莕	ɣiˤŋ3	
莖	ɣiˤŋ1	
莖	ʔiˤŋ1	
莘	ʂɨn1	
莙	kyn1	
莙	ɡyn3	
莚	jɛn1	
莚	jɛn3	
莛	dʰiŋ1	
莛	diŋ3	
莜	djɛw3	
莝	tsʰwʌ3	
莞	ɣwɑn1	
莞	kwɑn1	
莞	ɣwan3	
莟	ɣɑm3	
莠	ˀjiw2	
莡	tsʰɑk4	
莢	kʲjɛp4	
莣	ʋɑŋ1	
莤	ʂuk4	
莥	ˀniw2	
莦	sjɛw1	
莦	ʂaw1	
莧	ɣan3	
莨	lɑŋ1	
莩	fu1	
莩	bjɛw3	
莪	ŋʌ1	
莫	mɑk4	
莬	ʋun3	
莽	ˀmu2	
莽	ˀmɑŋ2	
莽	ˀmɨw2	
莿	tsʰɨ3	
菀	ʔɥɛn2	
菀	ʔyt4	
菁	tsiŋ1	
菄	tuŋ1	
菅	kan1	
菆	dzʰwɑn1	
菆	tʂɨw1	
菆	tʂʰu3	
菈	lap4	
菉	lywk4	
菊	kiwk4	
菋	ʋʲi3	
菌	ɡyn3	
菌	ɡɥɛn3	
菍	njɛt4	
菍	njɛp4	
菎	kun1	
菏	ɣʌ1	
菐	buk4	
菐	fuk4	
菑	tʂɨ1	
菑	tsaj1	
菒	kɑw2	
菓	kwʌ2	
菔	vuk4	
菔	bujk4	
菕	lun1	
菖	tʂʰjɑŋ1	
菗	dɻʰiw1	
菘	siwŋ1	
菙	ʐyj3	
菜	tsʰaj3	
菝	bwɑt4	
菝	bat4	
菟	dʰu1	
菟	tʰu3	
菡	ɣɑm3	
菢	bɑw3	
菣	kʲʰin3	
菣	kʲʰjɛn3	
菤	kɥɛn2	
菥	sɨ1	
菥	sik4	
菦	kin2	
菨	tsjɛp4	
菩	bʰu1	
菩	buj3	
菩	vɨw3	
菩	bujk4	
菬	dzʰjɛw1	
菬	tʂjɛw2	
菭	dɻʰi1	
菭	dʰaj1	
華	ɣwa1	
華	xwa1	
華	ɣwa3	
菰	ku1	
菱	liŋ1	
菲	fʲi1	
菲	fʲi2	
菲	vʲi3	
菳	kʰim1	
菴	ʔɑm1	
菴	ʔjɛm1	
菵	ˀʋɑŋ2	
菶	puŋ2	
菶	buŋ3	
菸	ʔjɯ3	
菹	tʂɯ1	
菺	kʲjɛn1	
菻	ˀlim2	
菼	tʰam2	
菽	ʂiwk4	
菾	dʰjɛm1	
菿	tɑw3	
菿	tɻwak4	
萀	xu2	
萁	ɡʰi1	
萁	ki1	
萃	dzyj3	
萄	dʰɑw1	
萆	bʲik4	
萇	dɻʰjɑŋ1	
萈	ɣwɑn1	
萉	vun1	
萉	vʲi3	
萊	laj1	
萊	laj3	
萋	tsʰi1	
萌	miˤŋ1	
萍	bʲʰiŋ1	
萎	ʔyj1	
萎	ʔyj3	
萏	dam3	
萐	ʂap4	
萑	tʂyj1	
萩	tsʰiw1	
萪	kʰwʌ1	
萫	xjɑŋ3	
萬	ʋan3	
萭	ˀɰɥu2	
萭	kɥu2	
萮	jɥu1	
萯	vɨw3	
萰	ljɛn3	
萱	xɥɛn1	
萳	ˀnam2	
萴	dʐiˤk4	
萴	tʂiˤk4	
萸	jɥu1	
萹	pʲjɛn1	
萹	pʲʰjɛn1	
萹	pʲjɛn2	
萺	muk4	
萼	ŋɑk4	
落	lɑk4	
萿	kwɑt4	
葀	kwɑt4	
葃	dzɑk4	
葃	dʐiˤk4	
葃	dzik4	
葆	pɑw2	
葇	ɻiw1	
葇	ˀɻiw2	
葉	jɛp4	
葉	ʂjɛp4	
葋	ɡʰɥu1	
葌	kan1	
葍	fuk4	
葎	lyt4	
葏	tsjɛn1	
葐	vun1	
葐	bʰun1	
葑	fuŋ1	
葑	fuŋ3	
葒	ɣuŋ1	
葓	ɣuŋ1	
葔	ɣɨw1	
葖	dut4	
著	dɻʰjɯ1	
著	tɻjɯ2	
著	tɻjɯ3	
著	tɻjɑk4	
著	dɻjɑk4	
葙	sjɑŋ1	
葚	ʐim3	
葛	kɑt4	
葝	ɡʰiŋ1	
葝	ɡʲʰiŋ1	
葞	ˀmʲi2	
葟	ɣwɑŋ1	
董	tuŋ2	
葤	dɻiw3	
葥	tsjɛn3	
葦	ˀɰyj2	
葨	ʔuj1	
葩	pʰa1	
葫	ɣu1	
葫	xu1	
葬	tsɑŋ3	
葭	ka1	
葯	ʔak4	
葯	ʔjɑk4	
葰	syj1	
葰	swʌ2	
葰	ʂwa2	
葲	dzʰɥɛn1	
葳	ʔyj1	
葴	tʂim1	
葵	ɡʲʰyj1	
葶	dʰiŋ1	
葶	tiŋ2	
葷	xyn1	
葸	sɨ2	
葹	ʂjɨ1	
葺	tsʰip4	
葺	tsip4	
葻	lam1	
葼	tsuŋ1	
葽	ʔʲjɛw1	
葽	ʔʲjɛw2	
葽	ʔʲjɛw3	
葾	ʔɥɛn1	
葿	mi1	
蒁	ɰyt4	
蒐	ʂɨw1	
蒒	ʂɨ1	
蒓	dʐʰyn1	
蒔	dʐʰjɨ1	
蒔	ʐjɨ3	
蒕	ʔyn1	
蒖	tʂin1	
蒗	lɑŋ3	
蒘	njɯ1	
蒘	na1	
蒙	muŋ1	
蒚	ɣiˤk4	
蒚	lik4	
蒛	kʲʰɥɛt4	
蒜	swɑn3	
蒝	ŋɥɛn1	
蒟	kɥu2	
蒟	kɥu3	
蒠	sik4	
蒡	bʰiˤŋ1	
蒡	pɑŋ2	
蒢	dɻʰjɯ1	
蒤	dʰu1	
蒥	liw1	
蒨	tsʰjɛn3	
蒩	tsʰjɯ1	
蒩	tsu1	
蒩	tsu2	
蒪	pʰɑk4	
蒫	tsɨ1	
蒫	dzʰʌ1	
蒫	tsja1	
蒬	ʔɥɛn1	
蒮	jiwk4	
蒯	kʰwaj3	
蒱	bʰu1	
蒲	bʰu1	
蒳	nap4	
蒴	ʂwak4	
蒵	ɣʲi1	
蒵	ɣʲi3	
蒸	tʂiŋ1	
蒹	kʲjɛm1	
蒺	dzit4	
蒻	ɻjɑk4	
蒼	tsʰɑŋ1	
蒼	tsʰɑŋ2	
蒿	xɑw1	
蓀	sun1	
蓁	tʂɨn1	
蓂	mʲiŋ1	
蓂	mʲik4	
蓄	xiwk4	
蓄	tɻʰiwk4	
蓆	zik4	
蓇	kut4	
蓈	lɑŋ1	
蓉	jywŋ1	
蓊	ʔuŋ1	
蓊	ʔuŋ2	
蓋	kɑj3	
蓋	ɣɑp4	
蓋	kɑp4	
蓍	ʂjɨ1	
蓎	dʰɑŋ1	
蓏	ˀlwʌ2	
蓐	ɻywk4	
蓑	suj1	
蓑	swʌ1	
蓒	xjɛn1	
蓓	buj3	
蓖	pʲi1	
蓧	tʰjɛw1	
蓧	dik4	
蓨	tʰik4	
蓩	ˀmɑw2	
蓩	muk4	
蓪	tʰuŋ1	
蓫	dɻiwk4	
蓫	xiwk4	
蓫	tɻʰiwk4	
蓬	bʰuŋ1	
蓮	ljɛn1	
蓮	ˀljɛn2	
蓯	tsuŋ2	
蓱	bʲʰiŋ1	
蓲	ʔɥu1	
蓲	kʰiw1	
蓲	ʔɨw1	
蓲	ʔɥu3	
蓴	dʐʰyn1	
蓶	jyj1	
蓶	ˀjyj2	
蓷	tʂʰyj1	
蓷	tʰuj1	
蓸	dzʰɑw1	
蓺	ŋʲi3	
蓻	tsip4	
蓼	ˀljɛw2	
蓼	liwk4	
蓽	pʲit4	
蓾	ˀlu2	
蓿	siwk4	
蔀	bɨw3	
蔀	pʰɨw2	
蔁	tʂjɑŋ1	
蔄	man3	
蔄	lɨw3	
蔆	liŋ1	
蔇	ki3	
蔈	pʲjɛw1	
蔉	kun2	
蔊	xɑn2	
蔋	dik4	
蔌	suk4	
蔍	luk4	
蔎	ʂjɛt4	
蔏	ʂjɑŋ1	
蔑	mʲjɛt4	
蔓	mwɑn1	
蔓	ʋan3	
蔔	bujk4	
蔕	ti3	
蔖	dzʰʌ1	
蔖	tsʰu2	
蔗	tʂja3	
蔘	ʂɨm1	
蔘	sam1	
蔚	ʔyj3	
蔚	ʔyt4	
蔛	ɣuk4	
蔜	ŋɑw1	
蔝	ˀmʲi2	
蔞	lɥu1	
蔞	lɨw1	
蔞	ˀlɥu2	
蔟	tsʰɨw3	
蔟	tsʰuk4	
蔠	tʂiwŋ1	
蔡	tsʰaj3	
蔢	bʰwʌ1	
蔣	tsjɑŋ1	
蔣	tsjɑŋ2	
蔤	mit4	
蔥	tsʰuŋ1	
蔦	tjɛw2	
蔦	tjɛw3	
蔧	zyj3	
蔨	ɡyn3	
蔨	ɡɥɛn3	
蔩	ji1	
蔩	jin1	
蔩	ˀjɛn2	
蔪	dzjɛm3	
蔫	ʔjɛn1	
蔬	ʂɯ1	
蔭	ʔim3	
蔮	kuj3	
蔱	ʂaj3	
蔱	ʂat4	
蔻	xɨw3	
蔽	pʲi3	
蔾	li1	
蔿	ˀɰyj2	
蕀	kik4	
蕁	dʰam1	
蕂	ʂiŋ3	
蕃	van1	
蕃	fan1	
蕄	miˤŋ1	
蕄	mujŋ1	
蕅	ˀŋɨw2	
蕆	tɻʰjɛn2	
蕇	tjɛn2	
蕈	dzim3	
蕉	tsjɛw1	
蕊	ˀɻyj2	
蕍	jɥu1	
蕎	kjɛw1	
蕎	ɡʰjɛw1	
蕒	ˀmaj2	
蕓	ɰyn1	
蕕	jiw1	
蕖	ɡʰjɯ1	
蕘	ɻjɛw1	
蕙	ɣʲyj3	
蕛	dʰi1	
蕝	tsyj3	
蕝	tsɥɛt4	
蕞	dzuj3	
蕠	ɻjɯ1	
蕡	vun1	
蕢	ɡyj3	
蕢	kʰwaj3	
蕣	ʂyn3	
蕤	ɻyj1	
蕦	sɥu1	
蕧	vuk4	
蕧	fuk4	
蕨	kɥɛt4	
蕩	dɑŋ3	
蕩	tʰɑŋ3	
蕪	ʋu1	
蕫	dʰuŋ1	
蕫	tuŋ2	
蕬	sɨ1	
蕭	sjɛw1	
蕮	sik4	
蕳	kan1	
蕵	sun1	
蕶	liŋ1	
蕷	jɯ3	
蕸	ɣa1	
蕺	tʂɨp4	
蕻	ɣuŋ3	
蕼	sɨ3	
蕾	ˀluj2	
薀	ʔun1	
薀	ʔyn2	
薀	ʔyn3	
薁	ʔiwk4	
薂	ɣʲik4	
薃	ɣɑw3	
薄	bɑk4	
薅	xɑw1	
薆	ʔɑj3	
薇	mi1	
薇	ʋʲi1	
薈	ʔuj3	
薉	ʔyj3	
薊	kʲi3	
薋	dzʰɨ1	
薌	xjɑŋ1	
薍	ŋwan3	
薏	ʔik4	
薑	kjɑŋ1	
薒	tsʰan3	
薓	ʂɨm1	
薔	dzʰjɑŋ1	
薔	ʂiˤk4	
薕	ljɛm1	
薖	kʰwʌ1	
薘	dat4	
薙	zɨ3	
薙	dɻi3	
薙	tʰi3	
薚	tʰɑŋ1	
薛	sjɛt4	
薜	bʲi3	
薜	piˤk4	
薟	ljɛm1	
薟	ˀljɛm2	
薠	van1	
薡	tiŋ2	
薢	kaj1	
薢	kaj2	
薢	kaj3	
薤	ɣaj3	
薦	tsjɛn3	
薧	xɑw1	
薧	kʰɑw2	
薨	xujŋ1	
薩	sat4	
薪	sin1	
薯	ʐjɯ3	
薰	xyn1	
薰	xyn3	
薱	duj3	
薲	bʲʰin1	
薳	ˀɰyj2	
薴	niˤŋ1	
薵	dɻʰiw1	
薶	maj1	
薸	bʲʰjɛw1	
薹	dʰaj1	
薺	dzʰɨ1	
薺	dzi3	
薻	tsɑw2	
薽	tʂin1	
薽	kʲjɛn1	
薾	ˀni2	
薿	ˀŋi2	
薿	ŋik4	
藁	kɑw2	
藂	dzʰuŋ1	
藃	xjɛw1	
藃	xaw1	
藃	xɑw3	
藄	ɡʰi1	
藅	vat4	
藆	kjɛn2	
藇	jɯ1	
藇	sjɯ1	
藇	ˀjɯ2	
藇	zjɯ3	
藇	jɯ3	
藈	kʲʰyj1	
藉	dzja3	
藉	dzik4	
藋	djɛw3	
藍	lam1	
藎	dzin3	
藏	dzʰɑŋ1	
藏	dzɑŋ3	
藐	ˀmʲjɛw2	
藐	mak4	
藑	ɡʲʰyjŋ1	
藒	kʰjɛt4	
藕	ˀŋɨw2	
藖	ɣan1	
藖	ɣan3	
藗	suk4	
藘	ljɯ1	
藙	ŋi3	
藚	zywk4	
藜	li1	
藝	ŋʲi3	
藞	ˀla2	
藟	ˀlyj2	
藣	pi1	
藣	pi3	
藤	dʰɨjŋ1	
藥	jɑk4	
藨	pjɛw1	
藨	pʰɑw1	
藨	bjɛw3	
藩	van1	
藩	fan1	
藪	sɨw2	
藫	dʰam1	
藬	tʰuj1	
藭	ɡʰiwŋ1	
藶	lik4	
藷	tʂjɯ1	
藷	ʐjɯ3	
藸	tɻjɯ1	
藸	dɻʰjɯ1	
藹	ʔɑj3	
藺	lin3	
藻	tsɑw2	
藾	laj3	
藿	xwɑk4	
蘀	tʰɑk4	
蘂	ˀɻyj2	
蘄	ɡʰi1	
蘄	ki1	
蘄	ɡʰin1	
蘅	ɣiˤŋ1	
蘆	ljɯ1	
蘆	lu1	
蘇	su1	
蘈	dʰuj1	
蘉	mɑŋ1	
蘊	ʔyn1	
蘊	ʔyn2	
蘋	bʲʰin1	
蘌	ˀŋjɯ2	
蘘	ɻjɑŋ1	
蘙	ʔʲi3	
蘚	sjɛn2	
蘛	jɥu1	
蘛	jiwk4	
蘜	kiwk4	
蘞	ljɛm1	
蘞	xjɛm1	
蘞	ˀljɛm2	
蘠	dzʰjɑŋ1	
蘡	ʔʲiŋ1	
蘢	luŋ1	
蘢	lywŋ1	
蘣	tʰɨw2	
蘤	ˀɰyj2	
蘥	jɑk4	
蘦	liŋ1	
蘧	ɡʰjɯ1	
蘧	ɡʰɥu1	
蘨	jɛw1	
蘨	jiw1	
蘩	van1	
蘪	mi1	
蘫	lam1	
蘫	xɑm3	
蘬	kʰyj1	
蘬	kʰyj2	
蘭	lan1	
蘮	ki3	
蘱	lyj3	
蘱	luj3	
蘳	xʲyj1	
蘳	ɣwa3	
蘴	fuŋ1	
蘸	tʂam3	
蘺	li1	
蘻	kʲi3	
蘼	mi1	
蘼	ˀmi2	
蘽	ˀlyj2	
蘾	ɣwaj3	
蘿	lʌ1	
虂	lu3	
虃	tsjɛm1	
虆	lyj1	
虇	kʰɥɛn2	
虇	kʰɥɛn3	
虉	ŋiˤk4	
虉	ŋʲik4	
虋	mun1	
虌	pʲjɛt4	
虍	xu1	
虎	xu2	
虐	ŋjɑk4	
虒	sɨ1	
虓	xaw1	
虔	ɡʰjɛn1	
處	tʂʰjɯ2	
處	tʂʰjɯ3	
虖	xɥu1	
虖	ɣu1	
虖	xu1	
虘	dzʰʌ1	
虙	vuk4	
虛	xjɯ1	
虛	kʰjɯ1	
虜	ˀlu2	
虞	ŋɥu1	
號	ɣɑw1	
號	ɣɑw3	
虡	ɡjɯ3	
虢	kwiˤk4	
虣	bɑw3	
虤	ŋan1	
虥	dʐʰan1	
虥	dʐan3	
虧	kʰyj1	
虨	pin1	
虨	pʰin1	
虨	pan1	
虩	xik4	
虩	ʂiˤk4	
虪	ʂiwk4	
虫	xyj2	
虮	ki1	
虯	ɡʲʰiw1	
虰	dɻʰiˤŋ1	
虰	tɻʰiŋ1	
虰	tiŋ1	
虴	tɻiˤk4	
虵	ji1	
虵	ʐja1	
虵	ˀja2	
虶	ʔɥu1	
虷	ɣɑn1	
虸	tsɨ2	
虹	ɣuŋ1	
虹	kuŋ3	
虹	kaŋ3	
虺	xwaj1	
虺	xuj1	
虺	xyj2	
蚄	fɑŋ1	
蚅	ʔiˤk4	
蚆	pʰa1	
蚆	pa1	
蚇	tʂʰik4	
蚈	kʲʰjɛn1	
蚊	ʋun1	
蚌	baŋ3	
蚍	bʲʰi1	
蚏	ɰɥɛt4	
蚑	ɡʲʰi1	
蚑	kʲʰi3	
蚓	ˀjin2	
蚔	ɡʲʰi1	
蚕	tʰjɛn2	
蚖	ŋɥɛn1	
蚖	ŋwɑn1	
蚗	kʲɥɛt4	
蚘	ɣuj1	
蚚	ɡʰi1	
蚚	ɣuj3	
蚝	tsʰɨ3	
蚞	muk4	
蚟	ɰɥɑŋ1	
蚡	vun1	
蚡	vun3	
蚢	ɣɑŋ1	
蚢	ɣɑŋ3	
蚢	kʰɑŋ3	
蚣	kuŋ1	
蚣	tʂywŋ1	
蚤	tsɑw2	
蚥	fu2	
蚥	vu3	
蚨	vu1	
蚩	tʂʰjɨ1	
蚪	tɨw2	
蚭	ni1	
蚯	kʰiw1	
蚰	jiw1	
蚱	tʂiˤk4	
蚲	bʰiŋ1	
蚳	dɻʰi1	
蚴	ʔʲiw2	
蚵	ɣʌ1	
蚵	kʰʌ3	
蚶	xɑm1	
蚸	lik4	
蚹	vu3	
蚺	ɻjɛm1	
蚻	tʂat4	
蚼	ɡʰɥu1	
蚼	xɨw2	
蚿	ɣʲjɛn1	
蛀	tʂɥu3	
蛁	tjɛw1	
蛂	bʲjɛt4	
蛃	piŋ2	
蛄	ku1	
蛅	ɻjɛm1	
蛆	tsʰjɯ1	
蛆	tsjɯ1	
蛇	ji1	
蛇	tʰʌ1	
蛇	ʐja1	
蛈	tʰjɛt4	
蛉	liŋ1	
蛑	mɨw1	
蛒	kiˤk4	
蛓	tsʰɨ3	
蛕	ɣuj1	
蛕	xuj2	
蛖	maŋ1	
蛘	jɑŋ1	
蛙	ʔwa1	
蛚	ljɛt4	
蛛	tɻɥu1	
蛜	ʔʲi1	
蛝	ɣan1	
蛞	kʰwɑt4	
蛟	kaw1	
蛡	jik4	
蛢	bʲʰiŋ1	
蛣	kʲʰit4	
蛤	kɑp4	
蛥	ʐjɛt4	
蛦	ji1	
蛧	ˀʋɑŋ2	
蛨	miˤk4	
蛩	ɡʰywŋ1	
蛪	kʲʰjɛt4	
蛫	kyj2	
蛬	ɡʰywŋ1	
蛬	kywŋ2	
蛭	tʂit4	
蛭	tɻit4	
蛭	tjɛt4	
蛵	xʲiŋ1	
蛶	lwɑt4	
蛶	lɥɛt4	
蛷	ɡʰiw1	
蛸	sjɛw1	
蛸	ʂaw1	
蛹	ˀjywŋ2	
蛺	kʲjɛp4	
蛻	ʂyj3	
蛻	tʰuj3	
蛻	tʰwʌ3	
蛻	jɥɛt4	
蛾	ŋʌ1	
蛾	ˀŋi2	
蜀	ʐywk4	
蜁	zɥɛn1	
蜂	bʰuŋ1	
蜂	fuŋ1	
蜃	ʐin3	
蜅	bʰu1	
蜅	fu2	
蜆	ɣʲjɛn3	
蜆	xʲjɛn2	
蜆	kʲʰjɛn3	
蜇	tɻjɛt4	
蜈	ŋu1	
蜉	vu1	
蜊	li1	
蜋	ljɑŋ1	
蜋	lɑŋ1	
蜍	jɯ1	
蜍	dʐʰjɯ1	
蜎	ʔʲɥɛn1	
蜎	ɡʲɥɛn3	
蜏	ˀjiw2	
蜏	siw3	
蜏	jiw3	
蜐	kjɛp4	
蜑	dan3	
蜒	jɛn1	
蜓	dʰiŋ1	
蜓	djɛn3	
蜓	diŋ3	
蜘	tɻi1	
蜙	sywŋ1	
蜚	fʲi2	
蜚	vʲi3	
蜛	kjɯ1	
蜜	mʲit4	
蜝	ɡʰi1	
蜟	jiwk4	
蜠	kʰyn1	
蜠	ɡyn3	
蜡	tsʰjɯ3	
蜡	dʐa3	
蜢	ˀmiˤŋ2	
蜣	kʰjɑŋ1	
蜤	sɨ1	
蜥	sik4	
蜦	lyn1	
蜦	li3	
蜧	li3	
蜨	sjɛp4	
蜩	dʰjɛw1	
蜪	tʰɑw1	
蜪	dʰɑw1	
蜫	kun1	
蜬	ɣɑm1	
蜬	kɑm1	
蜭	ɣɑm3	
蜮	ɰyjk4	
蜮	ɣujk4	
蜯	baŋ3	
蜰	vʲi1	
蜰	fʲi2	
蜰	vʲi3	
蜱	bʲʰi1	
蜱	mʲjɛw1	
蜲	ʔyj1	
蜲	ʔyj2	
蜴	jik4	
蜷	ɡʰɥɛn1	
蜸	kʲʰjɛn2	
蜹	ɻyj3	
蜹	jyj3	
蜹	ɻɥɛt4	
蜺	ŋʲi1	
蜺	ŋʲjɛt4	
蜻	tsiŋ1	
蜻	tsʰiŋ1	
蜼	ˀlyj2	
蜼	jyj3	
蜼	jiw3	
蜽	ˀljɑŋ2	
蜾	kwʌ2	
蜿	ʔɥɛn1	
蜿	ʔwɑn1	
蜿	ʔɥɛn2	
蝀	tuŋ1	
蝀	tuŋ2	
蝁	ʔɑk4	
蝂	pan2	
蝃	ti3	
蝃	tʂɥɛt4	
蝆	ˀjɑŋ2	
蝌	kʰwʌ1	
蝍	tsit4	
蝍	tsjɛt4	
蝍	tsik4	
蝎	ɣɑt4	
蝑	sjɯ1	
蝑	sja3	
蝒	mʲjɛn1	
蝓	jɥu1	
蝔	kaj1	
蝔	ɣaj1	
蝕	ʐik4	
蝖	xɥɛn1	
蝗	ɣwɑŋ1	
蝗	ɣwiˤŋ1	
蝗	ɣwiˤŋ3	
蝘	ʔjɛn2	
蝘	ʔʲjɛn2	
蝙	pʲjɛn1	
蝚	ɻiw1	
蝛	ʔyj1	
蝜	vɨw3	
蝝	jɥɛn1	
蝞	mi3	
蝟	ɰyj3	
蝠	fuk4	
蝡	ˀɻɥɛn2	
蝣	jiw1	
蝤	tsiw1	
蝤	dzʰiw1	
蝥	ʋu1	
蝥	maw1	
蝥	mɨw1	
蝥	ʋu3	
蝦	ɣa1	
蝨	ʂɨt4	
蝩	dɻʰywŋ1	
蝪	tʰɑŋ1	
蝬	tsuŋ1	
蝭	dʰi1	
蝭	ti3	
蝮	fuk4	
蝯	ɰɥɛn1	
蝰	kʲʰyj1	
蝱	miˤŋ1	
蝲	lat4	
蝳	duk4	
蝶	tʰjɛp4	
蝶	djɛp4	
蝸	kwa1	
蝹	ʔyn1	
蝹	ʔɑw2	
螃	bʰɑŋ1	
螃	pɑŋ2	
螃	pɑŋ3	
螄	ʂɨ1	
螆	tsʰɨ3	
螇	ɣʲi1	
螇	kʲʰi1	
螉	ʔuŋ1	
螋	ʂu1	
螋	ʂɨw1	
螌	pan1	
融	jiwŋ1	
螐	ʔu1	
螒	ɣɑn3	
螓	dzʰin1	
螔	ji1	
螔	sɨ1	
螕	pʲi1	
螖	ɣwat4	
螗	dʰɑŋ1	
螘	ˀŋi2	
螙	tu3	
螚	nɑj3	
螜	ɣuk4	
螝	kyj1	
螝	ɣuj3	
螟	mʲiŋ1	
螠	ʔʲi3	
螢	ɣʲyjŋ1	
螣	dʰɨjŋ1	
螣	dɻim3	
螣	dɨjk4	
螪	ʂjɑŋ1	
螫	ʂik4	
螬	dzʰɑw1	
螭	tɻʰi1	
螮	ti3	
螯	ŋɑw1	
螰	luk4	
螱	ʔyj3	
螲	tɻit4	
螳	dʰɑŋ1	
螵	bʲʰjɛw1	
螵	pʲʰjɛw1	
螶	ɡʰjɯ1	
螷	bʲʰi1	
螷	biˤŋ3	
螸	jɥu1	
螹	dzʰjɛm1	
螹	dzjɛm3	
螺	lwʌ1	
螻	lɨw1	
螼	kʲʰin2	
螼	kʲʰin3	
螽	tʂiwŋ1	
螾	jin1	
螾	ˀjin2	
螿	tsjɑŋ1	
蟀	ʂut4	
蟁	ʋun1	
蟂	kʲjɛw1	
蟃	ʋan3	
蟄	dɻip4	
蟆	ma1	
蟈	kwiˤk4	
蟉	ɡʲʰiw1	
蟉	liw1	
蟉	ɡʲiw3	
蟊	mɨw1	
蟋	sit4	
蟋	ʂɨt4	
蟌	tsʰuŋ1	
蟍	li1	
蟒	ˀmɑŋ2	
蟓	zjɑŋ3	
蟓	ʂjɑŋ3	
蟗	tsʰiw1	
蟙	tʂik4	
蟚	bʰiˤŋ1	
蟜	ɡʰjɛw1	
蟜	kjɛw2	
蟝	ɡʰjɯ1	
蟟	ljɛw1	
蟠	van1	
蟠	bʰwɑn1	
蟡	ʔyj1	
蟡	kyj2	
蟢	xi2	
蟣	ɡʰi1	
蟣	ki2	
蟤	tʂwan1	
蟥	ɣwɑŋ1	
蟦	vʲi1	
蟦	vʲi3	
蟧	ljɛw1	
蟧	lɑw1	
蟨	kɥɛt4	
蟩	kɥɛt4	
蟪	ɣʲyj3	
蟫	jim1	
蟫	dʰam1	
蟬	dʐʰjɛn1	
蟭	tsjɛw1	
蟯	ɻjɛw1	
蟯	ʔʲjɛw1	
蟰	sjɛw1	
蟰	siwk4	
蟲	dɻʰiwŋ1	
蟲	dɻiwŋ3	
蟴	sɨ1	
蟶	tɻʰiŋ1	
蟷	tɑŋ1	
蟹	ɣaj3	
蟺	ʐjɛn3	
蟻	ˀŋi2	
蟼	ka1	
蟼	kiŋ1	
蟼	kiŋ2	
蟾	tʂjɛm1	
蟾	dʐʰjɛm1	
蟿	kʲʰi3	
蠀	tsʰɨ1	
蠁	xjɑŋ2	
蠁	xjɑŋ3	
蠃	lwʌ1	
蠃	ˀlwʌ2	
蠅	jiŋ1	
蠆	tɻʰaj3	
蠇	li3	
蠈	dzɨjk4	
蠉	xʲɥɛn1	
蠉	xʲɥɛn2	
蠊	ljɛm1	
蠋	tʂywk4	
蠋	dɻywk4	
蠌	dɻiˤk4	
蠍	xjɛt4	
蠐	dzʰɨ1	
蠐	dzʰi1	
蠑	ɰyjŋ1	
蠒	kʲjɛn2	
蠓	muŋ1	
蠓	ˀmuŋ2	
蠖	ʔwɑk4	
蠗	dɻwak4	
蠙	bʲʰin1	
蠙	bʲʰjɛn1	
蠚	tɻʰjɑk4	
蠚	xɑk4	
蠛	mʲjɛt4	
蠜	van1	
蠞	dzjɛt4	
蠟	lap4	
蠡	li1	
蠡	lwʌ1	
蠡	ˀli2	
蠢	tʂʰyn2	
蠣	li3	
蠥	ŋjɛt4	
蠦	lu1	
蠩	tʂjɯ1	
蠪	luŋ1	
蠭	fuŋ1	
蠮	ʔʲjɛt4	
蠯	bʲʰi1	
蠯	bʰaj1	
蠯	biˤŋ3	
蠰	ʂaŋ1	
蠰	nɑŋ1	
蠰	ˀɻjɑŋ2	
蠰	ʂjɑŋ3	
蠱	ku2	
蠲	kʲɥɛn1	
蠵	jyj1	
蠵	ɣʲyj1	
蠶	dzʰam1	
蠷	ɡʰɥu1	
蠸	ɡʰɥɛn1	
蠹	tu3	
蠻	man1	
蠾	tʂywk4	
蠾	ʐywk4	
血	xʲɥɛt4	
衁	xwɑŋ1	
衃	pʰuj1	
衃	fɨw1	
衄	ɻiwk4	
衄	niwk4	
衅	xin3	
衇	miˤk4	
衈	ɻjɨ3	
衊	mʲjɛt4	
衋	xik4	
行	ɣɑŋ1	
行	ɣiˤŋ1	
行	ɣɑŋ3	
行	ɣiˤŋ3	
衍	ˀjɛn2	
衍	jɛn3	
衎	kʰɑn2	
衎	kʰɑn3	
衒	ɣʲɥɛn3	
術	ʐyt4	
衕	dʰuŋ1	
衕	duŋ3	
衖	ɣaŋ3	
街	kaj1	
衙	ŋjɯ1	
衙	ŋa1	
衙	ˀŋjɯ2	
衛	ɰyj3	
衝	tʂʰywŋ1	
衟	dɑw3	
衡	ɣiˤŋ1	
衢	ɡʰɥu1	
衣	ʔi1	
衣	ʔi3	
衦	kɑn2	
表	pjɛw2	
衩	tʂʰa3	
衪	ji1	
衪	ˀji2	
衫	ʂam1	
衭	fu1	
衯	fun1	
衰	tʂʰwɨ1	
衰	ʂwɨ1	
衱	ɡjɛp4	
衱	kjɛp4	
衲	nap4	
衳	tʂywŋ1	
衴	tam2	
衵	ɻit4	
衵	nit4	
衷	tɻiwŋ1	
衷	tɻiwŋ3	
衸	kaj3	
衸	ɣaj3	
衹	tʂjɨ1	
衹	ɡʲʰi1	
衺	zja1	
衼	tʂjɨ1	
衽	ɻim3	
衾	kʰim1	
衿	kim1	
袀	kʲyn1	
袁	ɰɥɛn1	
袂	mʲi3	
袈	ka1	
袉	dʰʌ1	
袉	dʌ3	
袉	tʰʌ2	
袊	ˀliŋ2	
袋	daj3	
袌	bʰɑw1	
袍	bʰɑw1	
袍	bɑw3	
袎	ʔaw3	
袏	tsʌ3	
袑	ʐjɛw3	
袒	dan3	
袒	dɻan3	
袓	tsja1	
袓	dzjɯ3	
袔	ɣʌ3	
袕	ʐyt4	
袕	ɣʲɥɛt4	
袖	ziw3	
袗	tʂin2	
袗	tʂin3	
袚	pwɑt4	
袛	ti1	
袜	mwɑt4	
袞	kun2	
袠	dɻit4	
袡	ɻjɛm1	
袢	van1	
袣	ji3	
袤	mɨw3	
袥	tʰɑk4	
袦	nwat4	
袨	ɣʲɥɛn3	
袪	kʰjɯ1	
被	bi3	
袲	ji1	
袲	tʂʰjɨ2	
袲	ˀnʌ2	
袳	tʂʰjɨ2	
袴	kʰu3	
袵	ˀɻim2	
袷	kap4	
袷	kjɛp4	
袸	dzʰun1	
袸	dzjɛn3	
袹	miˤk4	
袺	kat4	
袺	kʲjɛt4	
袼	lɑk4	
袼	kɑk4	
袽	njɯ1	
袾	tɻɥu1	
袾	tʂʰɥu1	
袿	kʲyj1	
裀	ʔʲin1	
裁	dzʰaj1	
裁	dzaj3	
裂	ljɛt4	
裋	ʐɥu3	
裌	kap4	
裍	kʰun2	
裎	dɻʰiŋ1	
裎	tɻʰiŋ2	
裏	ˀli2	
裒	bʰɨw1	
裓	kɨjk4	
裔	ji3	
裕	jɥu3	
裖	tʂin2	
裗	liw1	
裘	ɡʰiw1	
裛	ʔip4	
裛	ʔjɛp4	
補	pu2	
裝	tʂaŋ1	
裝	tʂaŋ3	
裞	ʂyj3	
裞	tʰuj3	
裟	ʂa1	
裠	ɡʰyn1	
裧	tʂʰjɛm1	
裧	tʰam2	
裧	tʂʰjɛm3	
裨	pʲi1	
裨	bʲʰi1	
裪	dʰɑw1	
裫	ʔʲɥɛn3	
裮	tʂʰjɑŋ1	
裯	dɻʰɥu1	
裯	tɑw1	
裯	dɻʰiw1	
裰	twɑt4	
裱	pjɛw3	
裳	dʐʰjɑŋ1	
裴	vʲi1	
裴	bʰuj1	
裶	fʲi1	
裷	ʔɥɛn1	
裷	kʰɥɛn2	
裸	ˀlwʌ2	
裹	kwʌ2	
裹	kwʌ3	
裺	ʔjɛm2	
裺	ʔjɛm3	
裻	tuk4	
裻	suk4	
裼	sik4	
製	tʂi3	
裾	kjɯ1	
褆	dʰi1	
褆	ʐjɨ3	
褆	dɻi3	
複	vu3	
複	fuk4	
褈	tʂʰywŋ1	
褈	dɻʰywŋ1	
褉	xʲjɛt4	
褊	pʲjɛn2	
褋	djɛp4	
褌	kun1	
褍	twɑn1	
褍	twʌ2	
褎	jiw3	
褐	ɣɑt4	
褑	ɰɥɛn3	
褒	pɑw1	
褓	pɑw2	
褔	fɨw3	
褕	jɥu1	
褕	jɛw1	
褖	tʰwɑn3	
褗	ʔjɛn2	
褗	ʔjɛn3	
褘	xyj1	
褚	tɻjɯ2	
褚	tɻʰjɯ2	
褞	ʔyn2	
褠	kɨw1	
褡	tap4	
褢	ɣwaj1	
褣	jywŋ1	
褥	nuk4	
褥	ɻywk4	
褧	kʲʰyjŋ2	
褨	sʌ2	
褫	dɻʰi1	
褫	dɻi3	
褫	tɻʰi2	
褭	ˀnjɛw2	
褮	ʔiˤŋ1	
褮	ʔʲyjŋ1	
褮	ɣʲyjŋ1	
褯	dzja3	
褰	kʰjɛn1	
褱	ɣwaj1	
褵	li1	
褶	ʐip4	
褶	zip4	
褶	djɛp4	
褷	ʂɨ1	
褸	lɨw1	
褸	ˀlɥu2	
褹	ŋʲi3	
褹	naj3	
褺	djɛp4	
褻	sjɛt4	
褽	ʔyj3	
褾	pʲjɛw2	
褿	dzʰɑw1	
襀	tsik4	
襁	kjɑŋ2	
襃	pɑw1	
襄	sjɑŋ1	
襆	puk4	
襆	vuk4	
襇	kan3	
襈	ɡɥɛn3	
襈	dʐwan3	
襊	tsʰuj3	
襊	tsʰwɑt4	
襋	kik4	
襌	tan1	
襎	van1	
襏	pwɑt4	
襐	zjɑŋ3	
襑	zim1	
襑	tʰam2	
襒	bʲjɛt4	
襓	ɻjɛw1	
襖	ʔɑw2	
襗	dɑk4	
襗	dɻiˤk4	
襗	jik4	
襘	kuj3	
襚	zyj3	
襛	nywŋ1	
襛	ɻywŋ1	
襜	tʂʰjɛm1	
襜	tʂʰjɛm3	
襞	pʲik4	
襟	kim1	
襠	tɑŋ1	
襡	tɨw2	
襡	dɨw3	
襡	tɨw3	
襡	duk4	
襡	ʐywk4	
襢	dan3	
襢	tɻjɛn2	
襢	tɻjɛn3	
襣	bʲi3	
襤	lam1	
襦	ɻɥu1	
襩	ʐywk4	
襪	ʋat4	
襫	ʂik4	
襬	pi1	
襬	pʰi3	
襭	ɣʲjɛt4	
襮	puk4	
襮	pɑk4	
襯	tʂʰɨn3	
襱	luŋ1	
襱	ˀluŋ2	
襱	dɻywŋ3	
襲	zip4	
襳	ʂɨm1	
襳	sjɛm1	
襳	ʂam1	
襵	tʂjɛp4	
襵	tɻjɛp4	
襸	dzʰwɑn1	
襸	tsan3	
襹	ʂɨ1	
襹	ʂɨ3	
襺	kʲjɛn2	
襻	pʰan3	
襾	xa2	
襾	ʔa3	
西	si1	
要	ʔʲjɛw1	
要	ʔʲjɛw3	
覂	fuŋ2	
覃	dʰam1	
覆	fu3	
覆	vu3	
覆	fuk4	
覆	pʰujk4	
覈	ɣʲjɛt4	
覈	ɣiˤk4	
見	kʲjɛn3	
見	ɣʲjɛn3	
覎	ʔjɛm3	
規	kʲyj1	
覒	mɑw3	
覓	mʲik4	
覕	pʲin3	
覕	mʲjɛt4	
視	ʐjɨ3	
覗	sɨ1	
覗	sɨ3	
覘	tɻʰjɛm1	
覘	tɻʰjɛm3	
覛	miˤk4	
覛	mʲik4	
覜	tʰjɛw3	
覝	ljɛm1	
覞	jɛw3	
覡	ɣʲik4	
覢	ʂjɛm2	
覣	ʔyj1	
覦	jɥu1	
覦	jɥu3	
覩	tu2	
親	tsʰin1	
親	tsʰin3	
覬	ki3	
覭	mʲiŋ1	
覭	mʲik4	
覮	pʲʰiŋ1	
覯	kɨw3	
覰	tsʰjɯ3	
覱	tʂam3	
覲	ɡin3	
覴	tɻʰiŋ3	
覸	kan1	
覸	pjɛn2	
覸	kan3	
覹	mi1	
覺	kaw3	
覺	kak4	
覼	lwʌ1	
覽	ˀlam2	
覿	dik4	
觀	kwɑn1	
觀	kwɑn3	
角	luk4	
角	kak4	
觓	ɡʲʰiw1	
觕	tsʰu1	
觕	dzu3	
觕	tʂʰywk4	
觖	kʲʰyj3	
觖	kʲɥɛt4	
觘	tʂʰaw3	
觚	ku1	
觛	tan2	
觛	dan3	
觛	tan3	
觜	tsɨ1	
觜	tsyj1	
觜	tsyj2	
觝	ti2	
觟	ɣwa3	
觠	ɡʰɥɛn1	
觠	kɥɛn3	
觡	kiˤk4	
觢	ʐi3	
解	ɣa3	
解	ka2	
解	ka3	
觤	kyj2	
觥	kwiˤŋ1	
觩	ɡʲʰiw1	
觪	syjŋ1	
觬	ŋʲi1	
觬	ˀŋʲi2	
觭	kʰi1	
觭	kʰi2	
觰	tɻa1	
觰	tɻa2	
觱	pʲit4	
觱	ɰyt4	
觳	ɣuk4	
觳	kʰak4	
觴	ʂjɑŋ1	
觵	kwiˤŋ1	
觶	tʂjɨ1	
觶	tʂjɨ3	
觷	ʔuk4	
觷	ŋak4	
觷	ɣak4	
觸	tʂʰywk4	
觺	ŋi1	
觺	ŋik4	
觻	luk4	
觻	lik4	
觼	kʲɥɛt4	
觿	xʲyj1	
觿	ɣʲyj1	
言	ŋjɛn1	
訂	tʰiŋ1	
訂	diŋ3	
訂	tiŋ3	
訃	fu3	
訄	kʰɑw1	
訄	kʰiw1	
訄	ɡʰiw1	
訅	ɡʰiw1	
訆	kʲjɛw3	
訇	ɣʲɥɛn1	
訇	xwiˤŋ1	
計	kʲi3	
訊	sin3	
訌	ɣuŋ1	
訍	tʂʰaj3	
討	tʰɑw2	
訏	xɥu1	
訐	ki3	
訐	kjɛt4	
訒	ɻin3	
訓	xyn3	
訔	ŋin1	
訕	ʂan1	
訕	ʂan3	
訖	kit4	
託	tʰɑk4	
記	ki3	
訙	sin3	
訛	ŋwʌ1	
訝	ŋa3	
訞	ʔjɛw1	
訟	zywŋ1	
訟	zywŋ3	
訠	ʂin2	
訡	ŋim1	
訢	xin1	
訣	kʲɥɛt4	
訥	nut4	
訦	dʐʰim1	
訦	ʐim3	
訧	ɰiw1	
訩	xywŋ1	
訪	fɑŋ3	
訬	tʂʰaw1	
訬	ˀmʲjɛw2	
設	ʂjɛt4	
訮	ŋan1	
訮	tʰjɛn1	
訮	xʲjɛn1	
訰	tʂyn1	
訰	tʂyn3	
許	xjɯ2	
訴	su3	
訵	tɻʰi1	
訵	tɻʰi3	
訶	xʌ1	
訷	ʂin1	
訹	syt4	
診	tʂin2	
診	dɻin3	
註	tʂɥu3	
註	tɻɥu3	
証	tʂiŋ3	
訽	ɣɨw3	
訽	xɨw3	
訾	tsɨ1	
訾	tsɨ2	
訿	tsɨ2	
詀	tjɛm1	
詀	tɻam1	
詀	dɻam3	
詀	tʂʰjɛp4	
詁	ku2	
詃	kʲɥɛn2	
詄	ʂjɨ3	
詄	djɛt4	
詅	liŋ1	
詅	liŋ3	
詆	dʰi1	
詆	ti2	
詆	tʰik4	
詇	ʔjɑŋ2	
詇	ʔjɑŋ3	
詇	ʔiŋ3	
詈	li3	
詉	na1	
詍	ji3	
詎	ɡjɯ3	
詐	tʂa3	
詑	ji1	
詑	xʲi1	
詑	dʰʌ1	
詑	tʰwʌ1	
詑	dʌ3	
詒	ji1	
詒	daj3	
詔	tʂjɛw3	
評	bʰiŋ1	
評	biŋ3	
詖	pi1	
詖	pi3	
詗	xʲyjŋ2	
詗	xʲyjŋ3	
詘	kʰyt4	
詛	tʂɯ3	
詜	tʰɑw1	
詝	tɻjɯ2	
詞	zɨ1	
詠	ɰyjŋ3	
詡	xɥu2	
詢	syn1	
詣	ŋʲi3	
詥	ɣɑp4	
試	ʂjɨ3	
詧	tʂʰat4	
詧	tsʰjɛt4	
詨	kaw1	
詨	ɣaw3	
詨	xaw3	
詩	ʂjɨ1	
詪	kɨn2	
詪	ɣʲjɛn3	
詪	kɨn3	
詫	tɻʰa3	
詬	kɨw2	
詬	kʰɨw3	
詬	xɨw3	
詭	kyj2	
詮	tsʰɥɛn1	
詯	xuj3	
詯	ɣuj3	
詰	kʲʰit4	
話	ɣwa3	
該	kɑj1	
詳	jɑŋ1	
詳	zjɑŋ1	
詵	ʂɨn1	
詶	dʐʰiw1	
詶	ʐiw3	
詷	duŋ3	
詹	tʂjɛm1	
詺	mʲiŋ3	
詻	ŋiˤk4	
詼	kʰuj1	
詾	xywŋ2	
詿	kwa3	
詿	ɣwa3	
誀	ɻjɨ1	
誀	ɻjɨ3	
誂	djɛw3	
誃	dɻʰi1	
誃	tʂʰjɨ2	
誄	ˀlyj2	
誅	tɻɥu1	
誆	ɡɥɑŋ3	
誇	kʰwa1	
誋	ɡi3	
誌	tʂjɨ3	
認	ɻin3	
認	ɻiŋ3	
誎	tsʰywk4	
誏	ˀlɑŋ2	
誐	ŋʌ1	
誑	kɥɑŋ3	
誒	xi1	
誓	ʐi3	
誔	diŋ3	
誕	dan3	
誖	buj3	
誖	puj3	
誖	but4	
誗	dɻʰjɛm1	
誘	ˀjiw2	
誙	kʰiˤŋ1	
誚	dzjɛw3	
誜	ʂwa3	
語	ˀŋjɯ2	
語	ŋjɯ3	
誠	dʐʰiŋ1	
誡	kaj3	
誣	ʋu1	
誤	ŋu3	
誥	kɑw3	
誦	zywŋ3	
誧	pu1	
誧	pʰu1	
誧	pʰu2	
誧	pʰu3	
誨	xuj3	
誩	ɡjɑŋ3	
誩	ɡiŋ3	
誩	tʰam3	
說	ʂyj3	
說	jɥɛt4	
說	ʂɥɛt4	
誰	dʐʰyj1	
誱	dzjɛp4	
課	kʰwʌ1	
課	kʰwʌ3	
誴	dzʰuŋ1	
誶	syj3	
誶	suj3	
誶	dzyt4	
誷	ˀʋɑŋ2	
誹	fʲi1	
誹	fʲi3	
誺	tɻʰi1	
誺	tɻʰi3	
誺	laj3	
誻	dap4	
誼	ŋi3	
誽	naj1	
誾	ŋin1	
調	dʰjɛw1	
調	tɻiw1	
調	djɛw3	
諀	pʲʰi2	
諂	tɻʰjɛm2	
諄	tʂyn1	
諄	tʂyn3	
諅	ki1	
諅	ɡi3	
諆	ki1	
談	dʰam1	
諈	tɻyj3	
諉	nyj3	
諊	kiwk4	
請	dzʰiŋ1	
請	tsʰiŋ2	
請	dziŋ3	
諍	tʂiˤŋ3	
諎	tsʰʌ3	
諎	tʂiˤk4	
諏	tsɥu1	
諐	kʰjɛn1	
諑	tɻwak4	
諒	ljɑŋ3	
諓	dzjɛn3	
諕	xwiˤk4	
論	lyn1	
論	lun1	
論	lun3	
諗	ʂim2	
諛	jɥu1	
諜	djɛp4	
諝	sjɯ1	
諝	sjɯ2	
諞	bʲʰjɛn1	
諞	bjɛn3	
諞	bʲjɛn3	
諟	ʐjɨ3	
諠	xɥɛn1	
諡	ʐjɨ3	
諢	ŋun3	
諣	xwa3	
諤	ŋɑk4	
諥	tɻywŋ3	
諦	ti3	
諧	ɣaj1	
諫	kan3	
諭	jɥu3	
諮	tsɨ1	
諯	tʂɥɛn1	
諯	dʐʰɥɛn1	
諯	tʂʰɥɛn3	
諯	tsʰɥɛn3	
諰	ʂaj1	
諰	sɨ2	
諱	xyj3	
諲	ʔʲin1	
諳	ʔɑm1	
諴	ɣam1	
諵	nam1	
諵	nam3	
諶	dʐʰim1	
諷	fuŋ3	
諸	tʂjɯ1	
諸	tʂja1	
諹	jɑŋ1	
諹	jɑŋ3	
諺	ŋjɛn3	
諻	xwiˤŋ1	
諼	xɥɛn1	
諼	xɥɛn2	
諽	kʰiˤk4	
諽	kiˤk4	
諾	nɑk4	
諿	tsʰip4	
謀	mu1	
謁	ʔjɛt4	
謂	ɰyj3	
謄	dʰɨjŋ1	
謅	tʂʰɨw1	
謅	tʂʰaw2	
謇	kjɛn2	
謈	bak4	
謈	pʰak4	
謉	tuj2	
謉	kyj3	
謋	xwiˤk4	
謌	kʌ1	
謍	xwiˤŋ1	
謍	ʔwiˤŋ1	
謍	jyjŋ1	
謎	mʲi3	
謏	sjɛw2	
謏	sɨw2	
謏	sɨw3	
謏	ʂuk4	
謐	mʲit4	
謑	ɣʲi3	
謑	xaj3	
謑	xa3	
謓	tʂʰin1	
謔	xjɑk4	
謕	sɨ1	
謕	dʰi1	
謕	tʰi1	
謖	ʂuk4	
謗	pɑŋ3	
謘	dɻʰi1	
謘	dɻi3	
謙	kʲʰjɛm1	
謚	ʐjɨ3	
謚	ʔʲik4	
講	kaŋ2	
謜	ŋɥɛn1	
謜	tsʰɥɛn1	
謝	zja3	
謞	xak4	
謞	xɑk4	
謟	tʰɑw1	
謠	jɛw1	
謣	ɰɥu1	
謥	tsʰuŋ3	
謦	kʲʰiŋ2	
謧	li1	
謨	mu1	
謫	tɻiˤk4	
謬	miw3	
謮	tʂiˤk4	
謯	tsja1	
謯	tʂa2	
謱	lɨw1	
謱	ˀlɥu2	
謱	ˀlɨw2	
謲	tsʰam3	
謳	ʔɨw1	
謴	kun3	
謵	tʂʰjɛp4	
謶	tʂjɑk4	
謷	ŋaw1	
謷	ŋɑw1	
謷	ŋɑw3	
謹	kin2	
謺	tʂjɛp4	
謻	ji1	
謼	xu1	
謼	xu3	
謾	mwɑn1	
謾	man1	
謾	mʲjɛn1	
謾	mwɑn3	
謾	man3	
譀	ɣɑm3	
譀	xam3	
譀	xap4	
譁	xwa1	
譄	tsɨjŋ1	
譆	xi1	
譈	duj3	
證	tʂiŋ3	
譊	naw1	
譌	ŋwʌ1	
譍	ʔiŋ3	
譎	kʲɥɛt4	
譏	ki1	
譐	tsun2	
譑	kjɛw2	
譑	kʰjɛw3	
譒	pwʌ3	
譓	ɣʲyj3	
譔	tsʰɥɛn1	
譔	dʐwan3	
譕	ʋu1	
譖	tʂɨm3	
識	tʂjɨ3	
識	ʂik4	
譙	dzʰjɛw1	
譚	dʰam1	
譚	dam3	
譜	pu2	
譝	ʐiŋ1	
譞	xʲɥɛn1	
譟	sɑw3	
譠	tʰan1	
譠	tɻan1	
譡	tɑŋ3	
譢	syj3	
譣	tsʰjɛm1	
譣	xjɛm2	
譥	kʲjɛw3	
警	kiŋ2	
譧	dɻam3	
譩	ʔi1	
譩	ʔi2	
譫	dap4	
譫	tʂjɛp4	
譬	pʲʰi3	
譭	xyj2	
譮	xaj3	
譯	jik4	
議	ŋi3	
譱	ʐjɛn3	
譳	nɨw3	
譴	kʲʰjɛn3	
譶	dɻip4	
譶	dap4	
護	ɣu3	
譸	tɻiw1	
譺	ˀŋi2	
譺	ŋi3	
譺	ŋaj3	
譻	ʔiˤŋ1	
譽	jɯ1	
譽	jɯ3	
讀	duk4	
讁	tɻiˤk4	
讂	xʲɥɛn3	
讂	kʲɥɛn3	
讄	ˀlyj2	
讆	ɰyj3	
讇	tɻʰjɛm2	
變	pjɛn3	
讋	tʂjɛp4	
讌	ʔʲjɛn3	
讎	dʐʰiw1	
讑	jɛw3	
讒	dʐʰam1	
讒	dʐam3	
讓	ɻjɑŋ3	
讕	lan1	
讕	ˀlan2	
讕	lan3	
讖	tʂʰɨm3	
讗	ɣʲyj1	
讗	kwiˤk4	
讘	ɻjɛp4	
讙	xɥɛn1	
讙	xwɑn1	
讚	tsan3	
讜	tɑŋ2	
讞	ˀŋjɛn2	
讞	ŋjɛt4	
讟	duk4	
谷	kuk4	
谷	luk4	
谷	jywk4	
谸	tsʰjɛn1	
谺	xa1	
谻	ɡik4	
谻	kik4	
谼	ɣuŋ1	
谽	xɑm1	
谾	xuŋ1	
谾	xaŋ1	
谿	kʲʰi1	
豁	xwɑt4	
豂	ljɛw1	
豃	xam2	
豄	duk4	
豅	luŋ1	
豆	dɨw3	
豇	kaŋ1	
豈	kʰi2	
豉	ʐjɨ3	
豊	ˀli2	
豌	ʔwɑn1	
豍	pʲi1	
豎	ʐɥu3	
豏	ɣam3	
豐	fuŋ1	
豑	dɻit4	
豔	jɛm3	
豕	ʂjɨ2	
豖	tɻʰywk4	
豗	xuj1	
豘	dʰun1	
豙	ŋi3	
豚	dʰun1	
豛	jyjk4	
豜	kʲjɛn1	
豜	ŋʲjɛn3	
豝	pa1	
豞	xɨw3	
豞	xak4	
豟	ʔiˤk4	
豠	dʐʰɯ1	
象	zjɑŋ3	
豢	ɣwan3	
豤	kʰun1	
豤	kʰɨn2	
豤	kʲʰjɛn2	
豥	kɑj1	
豥	ɣɑj1	
豦	ɡʰjɯ1	
豦	kjɯ3	
豧	fu1	
豧	fu3	
豧	pʰɨw3	
豨	xi1	
豨	xi2	
豪	ɣɑw1	
豫	jɯ3	
豬	tɻjɯ1	
豭	ka1	
豯	ɣʲi1	
豰	tuk4	
豰	xuk4	
豰	bak4	
豱	ʔun1	
豲	ɣwɑn1	
豳	pin1	
豵	tsuŋ1	
豵	tsywŋ1	
豶	vun1	
豷	xyj3	
豷	ʔʲi3	
豸	dɻi3	
豸	dɻaj3	
豹	paw3	
豺	dʐʰaj1	
豻	ŋɑn1	
豻	kʰan1	
豻	ɣɑn3	
豻	ŋɑn3	
豼	bʲʰi1	
豽	nwat4	
豾	pʰi1	
豿	kɨw2	
貀	nwat4	
貁	jiw3	
貂	tjɛw1	
貅	xiw1	
貆	xɥɛn1	
貆	ɣwɑn1	
貆	xwɑn1	
貈	ɣɑk4	
貉	ɣɑk4	
貉	miˤk4	
貊	miˤk4	
貌	maw3	
貍	li1	
貎	ŋʲi1	
貐	ˀjɥu2	
貑	ka1	
貒	tʰwɑn1	
貒	tʰwɑn3	
貓	mjɛw1	
貓	maw1	
貔	bʲʰi1	
貕	ɣʲi1	
貖	ʔiˤk4	
貗	ɡɥu3	
貘	miˤk4	
貙	tɻʰɥu1	
貚	dʰan1	
貚	dʰjɛn1	
貛	xwɑn1	
貜	kɥɑk4	
貜	ɡɥɑk4	
貝	puj3	
貞	tɻiŋ1	
負	vu3	
財	dzʰaj1	
貢	kuŋ3	
貣	tʰɨjk4	
貣	dɨjk4	
貤	ji3	
貤	ʐjɨ3	
貦	ŋwɑn3	
貧	bʰin1	
貨	xwʌ3	
販	fan3	
貪	tʰam1	
貫	kwɑn1	
貫	kwɑn3	
責	tʂiˤk4	
貯	tɻjɯ2	
貰	ʂi3	
貰	ʐja3	
貱	pi3	
貲	tsɨ1	
貳	ɻjɨ3	
貴	kyj3	
貶	pjɛm2	
買	ˀmaj2	
貸	tʰaj3	
貹	ʂiˤŋ3	
貺	xɥɑŋ3	
費	pi3	
費	fʲi3	
費	vʲi3	
貼	tʰjɛp4	
貽	ji1	
貾	dɻʰi1	
貿	mɨw3	
賀	ɣʌ3	
賁	vʲi1	
賁	vun1	
賁	pun1	
賁	pi3	
賂	lu3	
賃	nim3	
賄	xuj2	
賅	kɑj1	
賆	bʲʰjɛn1	
資	tsɨ1	
賈	ku2	
賈	ka2	
賈	ka3	
賉	syt4	
賊	dzɨjk4	
賏	ʔʲiŋ1	
賏	ʔiŋ3	
賑	tʂin2	
賑	tʂin3	
賒	ʂja1	
賓	pʲin1	
賕	ɡʰiw1	
賙	tʂiw1	
賚	laj3	
賜	sɨ3	
賝	tɻʰim1	
賞	ʂjɑŋ2	
賟	tʰjɛn2	
賡	kiˤŋ1	
賢	ɣʲjɛn1	
賣	maj3	
賤	dzjɛn3	
賥	syj3	
賦	fu3	
賧	tʰam3	
賨	dzʰuŋ1	
質	tɻi3	
質	tʂit4	
賭	tu2	
賮	dzin3	
賰	ʂyn2	
賱	ʔyn2	
賲	pɑw2	
賴	laj3	
賵	fuŋ3	
賷	tsi1	
賸	jiŋ3	
賸	ʐiŋ3	
賹	ʔaj3	
賻	vu3	
購	kɨw3	
賽	saj3	
賾	dʐiˤk4	
賿	law1	
贀	jyj3	
贁	baj3	
贃	ʔwan3	
贄	tʂjɨ3	
贅	tʂyj3	
贆	pʲjɛw1	
贇	ʔyn1	
贈	dzɨjŋ3	
贉	dam3	
贊	tsan3	
贍	ʐjɛm3	
贎	ʋan3	
贏	jiŋ1	
贑	kɑm2	
贓	tsɑŋ1	
贔	bi3	
贕	duk4	
贖	ʐywk4	
贗	ŋan3	
贙	ɣʲɥɛn3	
贚	lywŋ3	
贛	kɑm2	
贛	kuŋ3	
贛	kɑm3	
赤	tʂʰik4	
赥	xʲik4	
赦	ʂja3	
赧	ˀnan2	
赨	dʰuŋ1	
赩	xik4	
赫	xiˤk4	
赬	tɻʰiŋ1	
赭	tʂja2	
赮	ɣa1	
赯	dʰɑŋ1	
走	tsɨw2	
走	tsɨw3	
赳	kʲiw2	
赴	fu3	
赶	ɡʰjɛn1	
赶	ɡɥɛt4	
起	kʰi2	
赹	ɡʲʰyjŋ1	
赽	kʲɥɛt4	
赾	kʰin2	
趀	tsʰɨ1	
趁	dɻʰin1	
趁	ˀnjɛn2	
趁	tɻʰin3	
趃	djɛt4	
趄	tsʰjɯ1	
超	tɻʰjɛw1	
趆	ti1	
趆	ti3	
趉	kyt4	
越	ɰɥɛt4	
越	ɣwɑt4	
趌	kʲit4	
趌	kʲʰit4	
趌	ɡit4	
趌	kʲjɛt4	
趍	dɻʰi1	
趍	tsʰɥu1	
趎	dɻʰɥu1	
趏	kʰat4	
趏	kwat4	
趑	tsʰɨ1	
趒	tʰjɛw1	
趒	dʰjɛw1	
趒	tʰjɛw3	
趖	swʌ1	
趗	tsʰuk4	
趗	tsʰywk4	
趙	dɻjɛw3	
趛	ˀŋim2	
趜	kiwk4	
趜	ɡiwk4	
趝	kʲjɛm3	
趞	tsʰjɑk4	
趟	tɻiˤŋ1	
趟	tɻiˤŋ3	
趠	tɻʰaw3	
趠	tɻʰwak4	
趡	tsʰyj2	
趢	luk4	
趢	lywk4	
趣	tsʰɨw2	
趣	tsʰɥu3	
趥	tsʰiw1	
趥	tsʰiwŋ3	
趧	dʰi1	
趨	tsʰɥu1	
趩	tɻʰik4	
趪	ɣwɑŋ1	
趫	ɡʰjɛw1	
趫	kʰjɛw1	
趬	kʲʰjɛw1	
趬	kʰjɛw3	
趭	jɛw3	
趭	dzjɛw3	
趭	tsjɛw3	
趮	tsɑw3	
趯	tʰik4	
趲	dzan3	
趲	tsan3	
足	tsɥu3	
足	tsywk4	
趵	pak4	
趹	kʲɥɛt4	
趺	fu1	
趼	ŋʲjɛn1	
趼	kʲjɛn2	
趼	ŋʲjɛn3	
趽	fɑŋ1	
趽	bʰɑŋ1	
趽	fɑŋ3	
趾	tʂjɨ2	
趿	sap4	
跀	ŋɥɛt4	
跁	ba3	
跂	ɡʲʰi1	
跂	kʲʰi2	
跂	kʲʰi3	
跅	tʰɑk4	
跆	dʰaj1	
跇	ji3	
跇	tɻʰi3	
跈	djɛn3	
跈	ˀnjɛn2	
跉	liŋ1	
跋	bwɑt4	
跌	djɛt4	
跍	kʰu1	
跎	dʰʌ1	
跏	ka1	
跐	tsʰɨ2	
跐	tsɨ2	
跐	tʂɨ2	
跑	bʰaw1	
跑	bak4	
跒	kʰa2	
跓	dɻɥu3	
跔	kɥu1	
跕	tʰjɛp4	
跕	tjɛp4	
跖	tʂik4	
跗	fu1	
跗	vu3	
跙	dzjɯ3	
跚	san1	
跛	pwʌ2	
跛	pi3	
跜	ni1	
距	ɡjɯ3	
跟	kɨn1	
跠	ji1	
跡	tsik4	
跢	taj3	
跢	tʌ3	
跣	sjɛn2	
跤	kʰaw1	
跦	tɻɥu1	
跧	tsyn1	
跧	tʂwan1	
跨	kʰwa1	
跨	kʰwa2	
跨	kʰu3	
跨	kʰwa3	
跪	kʰyj2	
跪	ɡyj3	
跫	kʰaŋ1	
跬	kʲʰyj2	
跭	ɣaŋ1	
跮	tɻʰi3	
跮	tɻʰit4	
路	lu3	
跰	bʲʰjɛn1	
跰	piˤŋ3	
跱	dɻi3	
跲	kap4	
跲	kjɛp4	
跲	ɡjɛp4	
跳	dʰjɛw1	
跼	ɡywk4	
跽	ɡi3	
跾	ʂiwk4	
踁	ɣʲiŋ3	
踂	njɛp4	
踃	sjɛw1	
踄	bɑk4	
踆	tsʰyn1	
踇	ˀmɨw2	
踉	ljɑŋ1	
踉	lɑŋ1	
踉	ljɑŋ3	
踊	ˀjywŋ2	
踏	tʰap4	
踐	dzjɛn3	
踑	ɡʰi1	
踒	ʔwʌ1	
踓	tsʰyj2	
踓	ˀjyj2	
踔	tɻʰaw3	
踔	tɻʰwak4	
踕	dzjɛp4	
踖	tsʰjɑk4	
踖	tsik4	
踖	dzik4	
踘	kiwk4	
踘	ɡiwk4	
踚	lyn1	
踛	liwk4	
踜	lɨjŋ3	
踝	ɣwa3	
踞	kjɯ3	
踟	dɻʰi1	
踠	ʔɥɛn2	
踡	ɡʰɥɛn1	
踢	tʰik4	
踣	pʰɨw3	
踣	bujk4	
踤	dzyt4	
踥	tsʰjɛp4	
踦	kʰi1	
踦	ki2	
踧	tsiwk4	
踧	dik4	
踰	jɥu1	
踱	dɑk4	
踳	tʂʰyn2	
踵	tʂywŋ2	
踶	dɻi3	
踶	di3	
踸	tɻʰim2	
踹	ʐɥɛn3	
踹	twɑn3	
踼	dʰɑŋ1	
踼	tʰɑŋ1	
踼	dɑŋ3	
踽	kʰɥu2	
踽	kɥu2	
踾	fuk4	
踾	pʰik4	
踾	bik4	
蹀	djɛp4	
蹁	bʲʰjɛn1	
蹁	pʲjɛn1	
蹂	ɻiw1	
蹂	ˀɻiw2	
蹂	ɻiw3	
蹃	njɑk4	
蹃	niˤk4	
蹄	dʰi1	
蹇	kjɛn2	
蹈	dɑw3	
蹉	tsʰʌ1	
蹊	ɣʲi1	
蹋	dap4	
蹌	tsʰjɑŋ1	
蹎	tjɛn1	
蹏	dʰi1	
蹐	tsik4	
蹔	dzam3	
蹕	pʲit4	
蹖	ʂywŋ1	
蹙	tsiwk4	
蹛	dɻi3	
蹛	taj3	
蹜	ʂuk4	
蹟	tsik4	
蹠	tʂik4	
蹡	tsʰjɑŋ1	
蹡	tsʰjɑŋ3	
蹢	dɻik4	
蹢	tik4	
蹣	bʰwɑn1	
蹣	mwɑn1	
蹤	tsywŋ1	
蹨	ˀnjɛn2	
蹨	ˀɻjɛn2	
蹩	bʲjɛt4	
蹪	dʰuj1	
蹬	dɨjŋ3	
蹭	tsʰɨjŋ3	
蹮	sjɛn1	
蹯	van1	
蹱	tʂywŋ1	
蹱	tɻʰywŋ1	
蹱	tɻʰywŋ3	
蹲	dzʰun1	
蹴	tsʰiwk4	
蹴	tsiwk4	
蹶	kyj3	
蹶	kɥɛt4	
蹶	ɡɥɛt4	
蹹	dap4	
蹺	kʲʰjɛw1	
蹻	ɡʰjɛw1	
蹻	kʲʰjɛw1	
蹻	kjɛw2	
蹻	kjɑk4	
蹻	ɡjɑk4	
蹼	puk4	
躁	tsɑw3	
躂	tʰat4	
躄	bʲik4	
躄	pʲik4	
躅	dɻywk4	
躇	dɻʰjɯ1	
躊	dɻʰiw1	
躋	tsi1	
躋	tsi3	
躍	jɑk4	
躐	ljɛp4	
躑	dɻik4	
躒	lɑk4	
躒	lik4	
躓	tɻi3	
躔	dɻʰjɛn1	
躕	dɻʰɥu1	
躗	xwaj3	
躘	lywŋ1	
躘	lywŋ3	
躙	lin3	
躚	sjɛn1	
躝	lan1	
躞	sjɛp4	
躟	ɻjɑŋ1	
躟	ˀɻjɑŋ2	
躠	sat4	
躡	njɛp4	
躢	dap4	
躣	ɡʰɥu1	
躤	dzja3	
躦	dzʰʌ1	
躧	ʂɨ2	
躧	ʂaj2	
躨	ɡʰyj1	
躩	kɥɑk4	
躩	kʰɥɑk4	
身	ʂin1	
躬	kiwŋ1	
躳	kiwŋ1	
躴	lɑŋ1	
躶	ˀlwʌ2	
躷	ʔaj2	
躸	ki1	
躽	ʔʲjɛn2	
躽	ʔjɛn3	
躿	kʰɑŋ1	
軀	kʰɥu1	
軄	tʂik4	
軆	tʰi2	
車	kjɯ1	
車	tʂʰja1	
軋	ʔat4	
軌	kyj2	
軍	kyn1	
軎	ɰyj3	
軎	zyj3	
軏	ŋɥɛt4	
軏	ŋut4	
軐	sjɛn3	
軑	di3	
軑	daj3	
軒	xjɛn1	
軓	vam3	
軔	ɻin3	
軖	ɡʰɥɑŋ1	
軘	dʰun1	
軜	nap4	
軝	ɡʲʰi1	
軟	ˀɻɥɛn2	
軤	xu1	
軥	ɡʰɥu1	
軥	kɨw1	
軥	kɨw3	
軧	ti2	
軨	liŋ1	
軩	daj3	
軪	ʔaw1	
軪	ʔaw3	
軫	tʂin2	
軬	van3	
軭	kʰɥɑŋ1	
軭	ɡʰɥɑŋ1	
軮	ʔɑŋ2	
軱	ku1	
軲	kʰu1	
軳	bʰɑw1	
軴	tɻɥu3	
軵	ˀɻywŋ2	
軶	ʔiˤk4	
軷	buj3	
軷	bwɑt4	
軸	dɻiwk4	
軹	tʂjɨ2	
軺	jɛw1	
軺	dʐʰjɛw1	
軻	kʰʌ1	
軻	kʰʌ2	
軻	kʰʌ3	
軼	jit4	
軼	djɛt4	
軾	ʂik4	
軿	bʲʰjɛn1	
軿	bʲʰiŋ1	
輀	ɻjɨ1	
輁	ɡʰywŋ1	
輁	kywŋ2	
輂	kywk4	
較	kaw3	
較	kak4	
輄	kwɑŋ1	
輅	lu3	
輆	kʰɑj2	
輇	dʐʰɥɛn1	
輈	tɻiw1	
載	tsaj2	
載	tsaj3	
載	dzaj3	
輊	tɻi3	
輍	jywk4	
輎	ʂaw1	
輑	kʰyn1	
輒	tɻjɛp4	
輓	ˀʋan2	
輓	ʋan3	
輔	vu3	
輕	kʲʰiŋ1	
輕	kʲʰiŋ3	
輖	tʂiw1	
輗	ŋʲi1	
輘	lɨjŋ1	
輚	dʐan3	
輜	tʂʰɨ1	
輜	tʂɨ1	
輝	xyj1	
輞	ˀʋɑŋ2	
輟	tɻyj3	
輟	tɻɥɛt4	
輠	ɣuj3	
輠	kwʌ2	
輠	ɣwʌ3	
輠	ɣwa3	
輡	kʰɑm2	
輢	ʔi2	
輢	ɡi3	
輢	ʔi3	
輣	bʰiˤŋ1	
輤	tsʰjɛn3	
輥	kun2	
輦	ˀljɛn2	
輨	kwɑn2	
輩	puj3	
輪	lyn1	
輫	bʰaj1	
輫	bʰuj1	
輬	ljɑŋ1	
輭	ˀɻɥɛn2	
輮	ˀɻiw2	
輮	ɻiw3	
輯	dzip4	
輰	jɑŋ1	
輱	ɣam1	
輲	dʐʰɥɛn1	
輳	tsʰɨw3	
輴	tɻʰyn1	
輵	kɑt4	
輶	jiw1	
輶	ˀjiw2	
輶	jiw3	
輷	xwiˤŋ1	
輷	xwiˤŋ3	
輸	ʂɥu1	
輸	ʂɥu3	
輹	fuk4	
輹	vuk4	
輻	fɨw3	
輻	fuk4	
輾	tɻjɛn2	
輾	njɛn3	
輿	jɯ1	
輿	jɯ3	
轀	ʔun1	
轂	kuk4	
轃	tʂɨn1	
轃	tsjɛn1	
轄	kʰɑj3	
轄	ɣat4	
轅	ɰɥɛn1	
轆	luk4	
轇	kaw1	
轈	dʐʰaw1	
轉	tɻɥɛn2	
轉	tɻɥɛn3	
轊	ɰyj3	
轊	zyj3	
轍	dɻjɛt4	
轎	ɡʰjɛw1	
轎	ɡjɛw3	
轏	dʐan3	
轐	puk4	
轐	buk4	
轑	ˀlɑw2	
轒	vun1	
轒	vun3	
轓	fan1	
轔	lin1	
轔	lin3	
轖	ʂiˤk4	
轗	kʰɑm2	
轗	kʰɑm3	
轘	ɣwan1	
轘	ɣwan3	
轙	ŋi1	
轙	ˀŋi2	
轚	kʲi3	
轚	kʲik4	
轛	tɻyj3	
轛	tuj3	
轞	ɣam3	
轟	xwiˤŋ1	
轟	xwiˤŋ3	
轠	luj1	
轠	ˀlyj2	
轡	pi3	
轢	lat4	
轢	lɑk4	
轢	lik4	
轤	lu1	
轥	lin3	
辛	sin1	
辜	ku1	
辝	zɨ1	
辟	bʲik4	
辟	pʲik4	
辟	pʲʰik4	
辠	dzuj3	
辡	bjɛn3	
辡	pjɛn2	
辢	lat4	
辤	zɨ1	
辥	sjɛt4	
辦	ban3	
辨	bjɛn3	
辨	ban3	
辬	pan1	
辭	zɨ1	
辮	bʲjɛn3	
辯	bjɛn3	
辰	dʐʰin1	
辱	ɻywk4	
農	nuŋ1	
辳	nuŋ1	
辴	tɻʰi1	
辴	tɻʰin2	
辵	tɻʰjɑk4	
辸	ɻiŋ1	
达	tʰi3	
迀	kɑn1	
迁	tsʰjɛn1	
迂	ɰɥu1	
迂	ʔɥu1	
迂	ʔɥu2	
迄	xit4	
迅	sin3	
迅	syn3	
迆	ji1	
迆	ˀji2	
迊	tsap4	
迋	kɥɑŋ2	
迋	ɰɥɑŋ3	
迍	tɻyn1	
迎	ŋiŋ1	
迎	ŋiŋ3	
近	ɡin3	
迒	kɑŋ1	
迒	ɣɑŋ1	
迓	ŋa3	
返	fan2	
迕	ŋu3	
迡	ni3	
迢	dʰjɛw1	
迣	tʂi3	
迥	ɣʲyjŋ3	
迦	kja1	
迦	ka1	
迨	daj3	
迪	dik4	
迫	piˤk4	
迭	djɛt4	
迮	tsɑk4	
迮	tʂiˤk4	
述	ʐyt4	
迱	dʰʌ1	
迴	ɣuj1	
迴	ɣuj3	
迵	duŋ3	
迷	mʲi1	
迸	piˤŋ3	
迹	tsik4	
迺	ˀnɑj2	
迻	ji1	
追	tɻyj1	
迾	ljɛt4	
迿	syn3	
迿	ɣʲɥɛn3	
退	tʰuj3	
送	suŋ3	
适	kwɑt4	
适	kʰwɑt4	
逃	dʰɑw1	
逄	bʰaŋ1	
逅	ɣɨw3	
逆	ŋik4	
逋	pu1	
逍	sjɛw1	
逎	tsiw1	
透	tʰɨw3	
透	ʂiwk4	
逐	dɻiwk4	
逑	ɡʰiw1	
途	dʰu1	
逕	kʲiŋ3	
逖	tʰik4	
逗	dɻɥu3	
逗	dɨw3	
這	ŋjɛn3	
這	tʂja3	
通	tʰuŋ1	
逛	kɥɑŋ2	
逜	ŋu3	
逝	ʐi3	
逞	tɻʰiŋ2	
速	suk4	
造	dzɑw3	
造	tsʰɑw3	
逡	tsʰyn1	
逢	vuŋ1	
連	ljɛn1	
逨	laj1	
逨	laj3	
逪	tsʰɑk4	
逫	tɻyt4	
逭	ɣwɑn3	
逮	di3	
逮	daj3	
逯	lywk4	
進	tsin3	
逳	jiwk4	
逴	tɻʰwak4	
逴	tɻʰjɑk4	
逵	ɡʰyj1	
逶	ʔyj1	
逷	tʰik4	
逸	jit4	
逼	pik4	
逽	njɑk4	
逾	jɥu1	
逿	dɑŋ3	
遁	dun3	
遂	zyj3	
遃	ˀŋjɛn2	
遄	dʐʰɥɛn1	
遇	ŋɥu3	
遈	ʐik4	
遉	tɻʰiŋ3	
遊	jiw1	
運	ɰyn3	
遌	ŋɑk4	
遍	pʲjɛn3	
過	kwʌ1	
過	kwʌ3	
遏	ʔɑt4	
遐	ɣa1	
遑	ɣwɑŋ1	
遒	tsiw1	
遒	dzʰiw1	
道	dɑw3	
達	tʰat4	
達	dat4	
違	ɰyj1	
遘	kɨw3	
遙	jɛw1	
遚	tʂʰɨw3	
遛	liw1	
遜	sun3	
遝	dap4	
遞	di3	
遟	dɻʰi1	
遟	dɻi3	
遠	ˀɰɥɛn2	
遠	ɰɥɛn3	
遡	su3	
遢	tʰap4	
遣	kʲʰjɛn2	
遣	kʲʰjɛn3	
遦	kwɑn3	
遨	ŋɑw1	
適	ʂik4	
適	tʂik4	
適	tik4	
遪	tsʰap4	
遫	tɻʰik4	
遬	suk4	
遭	tsɑw1	
遮	tʂja1	
遯	dun3	
遰	di3	
遱	lɨw1	
遲	dɻʰi1	
遳	tsʰwʌ1	
遴	lin3	
遵	tsyn1	
遶	ˀɻjɛw2	
遷	tsʰjɛn1	
選	sɥɛn2	
選	sɥɛn3	
遹	jyt4	
遺	jyj1	
遺	jyj3	
遻	ŋu3	
遼	ljɛw1	
遽	ɡjɯ3	
遾	ʐi3	
避	bʲi3	
邀	kʲjɛw1	
邀	ʔʲjɛw1	
邁	maj3	
邂	ɣaj3	
邃	syj3	
還	ɣwan1	
還	zɥɛn1	
邅	tɻjɛn1	
邅	dɻjɛn3	
邇	ˀɻjɨ2	
邈	mak4	
邊	pʲjɛn1	
邋	lap4	
邋	ljɛp4	
邌	li1	
邏	lʌ3	
邐	ˀli2	
邑	ʔip4	
邔	kʰi2	
邔	ɡi3	
邕	ʔywŋ1	
邖	ʂan1	
邗	ɣɑn1	
邗	kɑn1	
邘	ɰɥu1	
邙	ʋɑŋ1	
邙	mɑŋ1	
邛	ɡʰywŋ1	
邞	fu1	
邟	kʰɑŋ1	
邟	ɣɑŋ1	
邟	kʰɑŋ3	
邠	pin1	
邡	fɑŋ1	
邡	fɑŋ3	
邢	kʲʰjɛn1	
邢	ɣʲiŋ1	
那	nʌ1	
那	ˀnʌ2	
那	nʌ3	
那	na3	白
邤	xin1	
邥	ʂim2	
邦	paŋ1	
邧	ŋɥɛn1	
邧	ˀŋɥɛn2	
邨	dʰun1	
邩	xwʌ2	
邪	ja1	
邪	zja1	
邭	kɥu3	
邮	jiw1	
邮	dik4	
邯	ɣɑn1	
邯	ɣɑm1	
邰	tʰaj1	
邱	kʰiw1	
邲	bʲit4	
邲	bit4	
邳	bʰi1	
邴	piŋ2	
邴	piŋ3	
邵	ʐjɛw3	
邶	buj3	
邷	ˀŋwa2	
邸	ti2	
邼	kʰɥɑŋ1	
邽	kʲyj1	
邾	tɻɥu1	
邿	ʂjɨ1	
郀	kʰu1	
郁	ʔiwk4	
郂	kɑj1	
郃	ɣɑp4	
郃	kɑp4	
郅	tʂit4	
郆	kʲit4	
郇	syn1	
郇	ɣwan1	
郈	ɣɨw3	
郊	kaw1	
郋	ɣʲi1	
郎	lɑŋ1	
郔	jɛn1	
郕	dʐʰiŋ1	
郖	tɨw1	
郖	dɨw3	
郗	tɻʰi1	
郘	ˀljɯ2	
郙	fu1	
郙	fu2	
郚	ŋu1	
郛	fu1	
郜	kɑw3	
郜	kuk4	
郝	xɑk4	
郝	ʂik4	
郝	tʂʰik4	
郟	kap4	
郠	kiˤŋ2	
郡	ɡyn3	
郢	ˀjiŋ2	
郣	but4	
郤	kʰik4	
部	bu3	
郩	ʔɑw2	
郪	tsʰɨ1	
郪	tsʰi1	
郫	bʰi1	
郫	bʲʰi1	
郫	bʰaj1	
郭	kwɑk4	
郮	tʂiw1	
郯	dʰam1	
郰	tʂɨw1	
郱	bʲʰiŋ1	
郲	laj1	
郲	ˀluj2	
郳	ŋʲi1	
郴	tɻʰim1	
郵	ɰiw1	
郹	kʲyjk4	
郺	ʔywŋ1	
郺	ʔuŋ2	
郻	kʲʰjɛw1	
郼	ʔi1	
都	tu1	
郾	ʔjɛn2	
郾	ʔjɛn3	
郿	mi1	
郿	mi3	
鄀	ɻjɑk4	
鄁	buj3	
鄂	ŋɑk4	
鄃	jɥu1	
鄃	ʂɥu1	
鄄	kʲɥɛn3	
鄅	ˀɰɥu2	
鄆	ɰyn3	
鄇	ɣɨw1	
鄇	ɣɨw3	
鄈	ɡʲʰyj1	
鄉	xjɑŋ1	
鄋	ʂɨw1	
鄍	mʲiŋ1	
鄎	sik4	
鄏	ɻywk4	
鄐	xiwk4	
鄐	tɻʰiwk4	
鄑	tsɨ1	
鄒	tʂɨw1	
鄔	ʔu1	
鄔	ʔu2	
鄔	ʔjɯ3	
鄖	ɰyn1	
鄗	kʰaw1	
鄗	ɣɑw3	
鄗	xɑk4	
鄘	jywŋ1	
鄙	pi2	
鄚	mɑk4	
鄛	dʐʰaw1	
鄜	fu1	
鄜	luk4	
鄝	ˀljɛw2	
鄞	ŋin1	
鄟	dʰwɑn1	
鄟	tʂɥɛn1	
鄟	ʐɥɛn3	
鄠	ɣu3	
鄡	kʲʰjɛw1	
鄢	ʔjɛn1	
鄢	ʔjɛn2	
鄢	ʔjɛn3	
鄣	tʂjɑŋ1	
鄦	xjɯ2	
鄧	dɨjŋ3	
鄨	pʲi3	
鄨	pʲjɛt4	
鄩	zim1	
鄪	pi3	
鄫	dzʰiŋ1	
鄬	ɰyj1	
鄬	ˀɰyj2	
鄭	dɻiŋ3	
鄮	mɨw3	
鄯	ʐjɛn3	
鄰	lin1	
鄱	bʰwʌ1	
鄲	tan1	
鄳	miˤŋ1	
鄳	ˀmiˤŋ2	
鄴	ŋjɛp4	
鄵	tsʰɑw3	
鄶	kuj3	
鄸	muŋ1	
鄸	muŋ3	
鄹	tʂɨw1	
鄹	dzɥu3	
鄺	xwɑŋ1	
鄺	kwɑŋ2	
鄻	ˀljɛn2	
鄽	dɻʰjɛn1	
鄾	ʔiw1	
酀	ʔʲjɛn3	
酁	dʐʰam1	
酃	liŋ1	
酄	xwɑn1	
酅	ɣʲyj1	
酆	fuŋ1	
酇	dzʰwɑn1	
酇	tswɑn2	
酇	tsan3	
酈	li1	
酈	lik4	
酉	ˀjiw2	
酊	tiŋ2	
酋	dzʰiw1	
酌	tʂjɑk4	
配	pʰuj3	
酎	dɻiw3	
酏	ji1	
酏	ˀji2	
酐	xɑŋ2	
酒	tsiw2	
酓	ʔʲjɛm2	
酓	ʔʲjɛm3	
酕	mɑw1	
酖	tam1	
酗	xɥu3	
酘	dɨw3	
酡	dʰʌ1	
酢	dzɑk4	
酣	ɣɑm1	
酤	ku1	
酤	ɣu3	
酤	ku3	
酥	su1	
酨	daj3	
酨	dzaj3	
酩	ˀmʲiŋ2	
酪	lɑk4	
酬	dʐʰiw1	
酭	ɰiw3	
酮	dʰuŋ1	
酮	duŋ3	
酲	dɻʰiŋ1	
酳	jin3	
酴	dʰu1	
酵	kaw3	
酷	kʰuk4	
酸	swɑn1	
酹	luj3	
酺	bʰu1	
醁	lywk4	
醂	ˀlam2	
醃	ʔjɛm1	
醅	pʰuj1	
醅	fɨw1	
醆	tʂan2	
醆	tʂjɛn2	
醇	dʐʰyn1	
醉	tsyj3	
醊	tɻyj3	
醊	tɻɥɛt4	
醋	tsʰu3	
醍	dʰi1	
醍	tʰi2	
醎	ɣam1	
醏	tu1	
醐	ɣu1	
醑	sjɯ2	
醒	siŋ1	
醒	siŋ2	
醒	siŋ3	
醔	tʂʰɨw1	
醙	ʂɨw1	
醙	siw2	
醜	tʂʰiw2	
醝	dzʰʌ1	
醞	ʔyn2	
醞	ʔyn3	
醟	ɰyjŋ3	
醟	xʲyjŋ3	
醠	ʔɑŋ2	
醠	ʔɑŋ3	
醡	tʂa3	
醢	xɑj2	
醥	pʲʰjɛw2	
醦	tʂʰɨm2	
醦	ʂam2	
醧	ʔɨw1	
醧	ʔjɯ3	
醨	li1	
醩	tsɑw1	
醪	lɑw1	
醫	ʔi1	
醬	tsjɑŋ3	
醭	pʰuk4	
醮	tsjɛw3	
醯	xʲi1	
醰	dam3	
醲	nywŋ1	
醳	jik4	
醴	ˀli2	
醵	ɡʰjɯ1	
醵	ɡjɯ3	
醵	ɡjɑk4	
醶	ˀlam2	
醶	tʂʰam2	
醷	ʔi2	
醷	ʔik4	
醹	ɻɥu1	
醹	ˀɻɥu2	
醺	xyn1	
醻	dʐʰiw1	
醼	ʔʲjɛn3	
醽	liŋ1	
醿	mi1	
釀	njɑŋ3	
釁	xin3	
釂	tsjɛw3	
釃	ʂɨ1	
釃	ʂɯ1	
釃	ʂɨ2	
釅	ŋjɛm3	
釆	ban3	
采	tsʰaj2	
釋	ʂik4	
里	ˀli2	
重	dɻʰywŋ1	
重	dɻywŋ3	
野	ʐjɯ3	
野	ˀja2	
量	ljɑŋ1	
量	ljɑŋ3	
釐	li1	
金	kim1	
釕	tjɛw2	
釗	kʲjɛw1	
釗	tʂjɛw1	
釘	tiŋ1	
釘	tiŋ3	
釚	ɡʰiw1	
釜	vu3	
針	tʂim1	
針	tʂim3	
釟	pat4	
釣	tjɛw3	
釤	ʂam3	
釥	tsʰjɛw2	
釦	kʰɨw2	
釧	tʂʰɥɛn3	
釩	fam2	
釪	ɰɥu1	
釫	ʔu1	
釫	ɣwa1	
釬	ɣɑn3	
釭	kuŋ1	
釭	kaŋ1	
釱	di3	
釱	daj3	
釳	xit4	
釴	jik4	
釵	tʂʰa1	
釾	ja1	
釿	kin1	
釿	ˀŋin2	
鈀	pʰa1	
鈀	pa1	
鈁	fɑŋ1	
鈂	dɻʰim1	
鈂	dzʰim1	
鈃	ɣʲiŋ1	
鈄	tʰɨw2	
鈅	ŋɥɛt4	
鈆	tʂywŋ1	
鈆	jɥɛn1	
鈇	fu1	
鈉	ɻyj3	
鈋	ŋwʌ1	
鈌	kʲɥɛt4	
鈍	dun3	
鈏	ˀjin2	
鈏	jin3	
鈐	ɡʰjɛm1	
鈑	pan2	
鈒	ʂɨp4	
鈒	sap4	
鈔	tʂʰaw1	
鈔	tʂʰaw3	
鈕	ˀniw2	
鈙	ɡim3	
鈚	bʲʰi1	
鈚	pʲʰi1	
鈜	ɣwiˤŋ1	
鈞	kʲyn1	
鈠	jyjk4	
鈭	tsɨ1	
鈭	tsʰɨ1	
鈯	dut4	
鈱	min1	
鈳	ʔʌ1	
鈴	liŋ1	
鈵	piŋ3	
鈶	zɨ3	
鈷	ku2	
鈸	bwɑt4	
鈹	pʰi1	
鈼	dzɑk4	
鈿	dʰjɛn1	
鈿	djɛn3	
鉀	kɑp4	
鉀	kap4	
鉅	ɡjɯ3	
鉆	ɡʰjɛm1	
鉆	tʰjɛp4	
鉈	ʂjɨ1	
鉈	dʐʰja1	
鉉	ɣʲɥɛn3	
鉊	tʂjɛw1	
鉋	bʰaw1	
鉋	baw3	
鉌	ɣwʌ1	
鉍	pi3	
鉍	pit4	
鉎	ʂiˤŋ1	
鉎	siŋ1	
鉏	dʐʰɯ1	
鉏	dʐɯ3	
鉐	ʐik4	
鉒	tɻɥu3	
鉖	dʰuŋ1	
鉗	ɡʰjɛm1	
鉛	jɥɛn1	
鉜	vɨw1	
鉞	ɰɥɛt4	
鉟	bʰi1	
鉟	pʰi1	
鉠	ʔjɑŋ1	
鉠	ʔiŋ1	
鉢	pwɑt4	
鉣	kjɛp4	
鉤	kɨw1	
鉦	tʂiŋ1	
鉵	dʰuŋ1	
鉶	ɣʲiŋ1	
鉷	ɣuŋ1	
鉸	kaw1	
鉸	kaw2	
鉸	kaw3	
鉹	ji1	
鉹	tʂʰjɨ2	
鉻	lɑk4	
鉻	kiˤk4	
鉼	pʲiŋ2	
鉽	ʂik4	
鉿	kɑp4	
銀	ŋin1	
銃	tʂʰiwŋ3	
銅	dʰuŋ1	
銆	miˤk4	
銇	luj3	
銉	jyt4	
銊	syt4	
銋	ɻim1	
銋	ˀɻim2	
銍	tʂit4	
銍	tɻit4	
銎	xywŋ1	
銎	kʰywŋ1	
銐	tʂʰi3	
銐	dɻi3	
銑	sjɛn2	
銓	tsʰɥɛn1	
銕	dʰi1	
銕	tʰjɛt4	
銖	dʐʰɥu1	
銗	ɣɨw1	
銘	mʲiŋ1	
銙	kʰwa2	
銚	tʰjɛw1	
銚	jɛw1	
銚	djɛw3	
銛	sjɛm1	
銛	tʰjɛm2	
銛	kwɑt4	
銜	ɣam1	
銳	jyj3	
銳	duj3	
銴	jyj3	
銴	ʐi3	
銵	kʰiˤŋ1	
銶	ɡʰiw1	
銷	sjɛw1	
銻	dʰi1	
銼	dzʰwʌ1	
銼	tsʰwʌ3	
銼	dzuk4	
銿	jywŋ1	
鋀	tʰɨw1	
鋂	muj1	
鋃	lɑŋ1	
鋇	puj3	
鋈	ʔuk4	
鋊	jywk4	
鋋	jɛn1	
鋋	dʐʰjɛn1	
鋌	diŋ3	
鋏	kʲjɛp4	
鋑	tsɥɛn1	
鋒	fuŋ1	
鋖	sɨ1	
鋗	xʲɥɛn1	
鋘	ŋu1	
鋘	ɣwa1	
鋙	ŋjɯ1	
鋙	ˀŋjɯ2	
鋚	dʰjɛw1	
鋜	dʐwak4	
鋝	lɥɛt4	
鋞	ɣʲiŋ1	
鋞	ɣʲiŋ3	
鋟	tsjɛm1	
鋟	tsʰim2	
鋠	ʐin3	
鋡	ɣɑm1	
鋤	dʐʰɯ1	
鋥	dɻiˤŋ3	
鋦	kywk4	
鋩	ʋɑŋ1	
鋪	fu1	
鋪	pʰu1	
鋪	pʰu3	
鋸	kjɯ3	
鋹	tɻʰjɑŋ2	
鋻	kʲjɛn1	
鋻	kʲjɛn3	
鋼	kɑŋ1	
鋼	kɑŋ3	
鋽	tʰjɛw3	
鋿	dʐʰjɑŋ1	
錀	fun1	
錄	lywk4	
錉	min1	
錊	tsuk4	
錍	pʲi1	
錍	pʲʰi1	
錎	kʰɑm2	
錎	ɣam3	
錏	ʔa1	
錐	tʂyj1	
錑	luj3	
錔	tʰap4	
錕	kun1	
錕	kun2	
錖	tuk4	
錘	dɻʰyj1	
錘	dɻyj3	
錙	tʂɨ1	
錚	tʂʰiˤŋ1	
錜	njɛp4	
錝	tsuŋ3	
錞	dʐʰyn1	
錞	duj3	
錟	dʰam1	
錠	diŋ3	
錠	tiŋ3	
錡	ɡʰi1	
錡	ɡi3	
錡	ˀŋi2	
錢	dzʰjɛn1	
錢	tsjɛn2	
錣	tɻyj3	
錣	tɻwat4	
錤	ɡʰi1	
錤	ki1	
錥	jiwk4	
錦	kim2	
錧	kwɑn2	
錧	kwɑn3	
錪	tʰjɛn2	
錪	tjɛn2	
錫	sik4	
錭	dʰɑw1	
錮	ku3	
錯	tsʰu3	
錯	tsʰɑk4	
錽	ˀʋam2	
鍇	kaj1	
鍇	kʰaj2	
鍉	ti1	
鍊	ljɛn3	
鍋	kwʌ1	
鍍	dʰu1	
鍍	du3	
鍎	dut4	
鍏	ɰyj1	
鍏	ˀɰyj2	
鍑	fɨw3	
鍑	fuk4	
鍒	ɻiw1	
鍔	ŋɑk4	
鍖	tɻʰim2	
鍚	jɑŋ1	
鍛	twɑn3	
鍜	ɣa1	
鍝	ŋɥu1	
鍠	ɣwiˤŋ1	
鍡	ʔuj2	
鍤	tɻʰjɛp4	
鍤	tʂʰap4	
鍥	kʲjɛt4	
鍥	kʲʰjɛt4	
鍦	ʂjɨ1	
鍦	dʐʰja1	
鍦	ʂjɨ3	
鍧	xwiˤŋ1	
鍨	ɡʰyj1	
鍪	mɨw1	
鍫	tsʰjɛw1	
鍭	ɣɨw1	
鍭	ɣɨw3	
鍮	tʰɨw1	
鍰	ɣwan1	
鍱	jɛp4	
鍴	twɑn1	
鍵	ɡʰjɛn1	
鍵	ɡjɛn3	
鍺	twʌ2	
鍻	kjɛt4	
鍼	tʂim1	
鍼	ɡʰjɛm1	
鍼	ɡʲʰjɛm1	
鍾	tʂywŋ1	
鎁	ja1	
鎈	tʂʰa1	
鎊	pʰɑŋ1	
鎋	ɣat4	
鎌	ljɛm1	
鎎	xi3	
鎐	tsuk4	
鎒	nɨw3	
鎔	jywŋ1	
鎕	dʰɑŋ1	
鎖	swʌ2	
鎗	tʂʰiˤŋ1	
鎘	lik4	
鎚	dɻʰyj1	
鎚	tuj1	
鎚	dɻyj3	
鎛	pɑk4	
鎜	bʰwɑn1	
鎞	pʲi1	
鎡	tsɨ1	
鎢	ʔu1	
鎣	jyjŋ1	
鎣	ʔʲyjŋ3	
鎦	liw1	
鎧	kʰɑj2	
鎧	kʰɑj3	
鎩	ʂaj3	
鎩	ʂat4	
鎪	ʂɨw1	
鎬	ɣɑw3	
鎮	tɻin1	
鎮	tɻin3	
鎰	jit4	
鏀	ˀlu2	
鏂	ʔɨw1	
鏃	tsuk4	
鏆	kwɑn3	
鏇	zɥɛn1	
鏇	zɥɛn3	
鏈	tɻʰjɛn1	
鏈	ljɛn1	
鏉	sɨw1	
鏉	ʂɨw3	
鏉	sɨw3	
鏊	ŋɑw3	
鏋	ˀmwɑn2	
鏌	mɑk4	
鏎	pʲit4	
鏏	zyj3	
鏐	liw1	
鏑	tik4	
鏓	tsʰuŋ1	
鏔	ji1	
鏕	luk4	
鏖	ʔɑw1	
鏗	kʰiˤŋ1	
鏘	tsʰjɑŋ1	
鏙	tsʰuj2	
鏚	tsʰik4	
鏜	tʰɑŋ1	
鏝	mwɑn1	
鏝	mwɑn3	
鏞	jywŋ1	
鏟	tʂʰan2	
鏟	tʂʰan3	
鏡	kiŋ3	
鏢	pʲʰjɛw1	
鏤	lɥu1	
鏤	lɨw3	
鏦	tsʰywŋ1	
鏦	tʂʰwaŋ1	
鏨	dzʰam1	
鏨	dʐʰam1	
鏨	dzam3	
鏨	dzjɛm3	
鏳	dʐʰiˤŋ1	
鏵	ɣwa1	
鏶	dzip4	
鏶	tsʰjɛp4	
鏷	buk4	
鏸	ɣʲyj3	
鏹	kjɑŋ2	
鏺	pʰwɑt4	
鏻	lin1	
鏻	liŋ1	
鏻	lin3	
鏾	san2	
鐁	sɨ1	
鐃	naw1	
鐄	ɣwiˤŋ1	
鐅	pʲʰjɛt4	
鐆	zyj3	
鐇	van1	
鐇	fan1	
鐈	ɡʰjɛw1	
鐉	tsʰɥɛn1	
鐋	tʰɑŋ3	
鐍	kʲɥɛt4	
鐎	dzʰjɛw1	
鐎	tsjɛw1	
鐏	dzun3	
鐐	ljɛw1	
鐐	ljɛw3	
鐓	duj3	
鐔	zim1	
鐔	jim1	
鐔	dʰam1	
鐕	tsam1	
鐖	ki1	
鐘	tʂywŋ1	
鐙	tɨjŋ3	
鐧	kan3	
鐩	zyj3	
鐪	ˀlu2	
鐫	tsɥɛn1	
鐬	xuj3	
鐮	ljɛm1	
鐯	tɻjɑk4	
鐰	tsʰjɛw1	
鐰	dzʰɑw1	
鐲	ʐywk4	
鐲	dɻwak4	
鐳	luj1	
鐴	pʲik4	
鐵	tʰjɛt4	
鐶	ɣwan1	
鐸	dɑk4	
鐹	kwʌ2	
鐹	kwʌ3	
鐺	tɑŋ1	
鐺	tʂʰiˤŋ1	
鐻	ɡʰjɯ1	
鐻	ɡjɯ3	
鐻	kjɯ3	
鐼	vun1	
鐼	xyn3	
鑄	tʂɥu3	
鑈	ˀni2	
鑈	njɛp4	
鑊	ɣwɑk4	
鑋	kʲʰiŋ1	
鑋	kʲʰiŋ3	
鑌	pʲin1	
鑏	niˤŋ1	
鑐	sɥu1	
鑑	kam1	
鑑	kam3	
鑒	kam3	
鑕	tʂit4	
鑗	li1	
鑘	luj1	
鑘	ˀluj2	
鑛	kwiˤŋ2	
鑞	lap4	
鑠	ʂjɑk4	
鑢	ljɯ3	
鑣	pjɛw1	
鑩	ŋɑk4	
鑪	lu1	
鑭	lan3	
鑮	bɑk4	
鑮	pɑk4	
鑯	tsjɛm1	
鑰	jɑk4	
鑱	dʐʰam1	
鑱	dʐam3	
鑲	ɻjɑŋ1	
鑲	sjɑŋ1	
鑲	njɑŋ1	
鑳	ɡjɛn3	
鑴	xʲyj1	
鑴	ɣʲyj1	
鑷	njɛp4	
鑹	tsʰwɑn3	
鑺	ɡʰɥu1	
鑼	lʌ1	
鑽	tswɑn1	
鑽	tswɑn3	
鑾	lwɑn1	
鑿	dzuk4	
鑿	tsɑk4	
鑿	dzɑk4	
钀	ŋjɛt4	
钁	kɥɑk4	
钃	tɻywk4	
長	dɻʰjɑŋ1	
長	tɻjɑŋ2	
長	dɻjɑŋ3	
镺	ʔɑw2	
镺	ʔɑw3	
镻	djɛt4	
镽	ˀljɛw2	
镾	mʲi1	
門	mun1	
閃	ʂjɛm2	
閃	ʂjɛm3	
閇	pʲi3	
閈	ɣɑn3	
閉	pʲi3	
閉	pʲjɛt4	
開	kʰɑj1	
閌	kʰɑŋ3	
閍	piˤŋ1	
閎	ɣwiˤŋ1	
閏	ɻyn3	
閐	sam3	
閑	ɣan1	
閒	kan1	
閒	kan3	
閔	ˀmin2	
閘	kɑp4	
閘	ʔap4	
閛	pʰiˤŋ1	
閜	xa2	
閝	liŋ1	
閞	van3	
閞	bjɛn3	
閟	pi3	
閡	ŋɑj3	
関	kwan1	
閣	kɑk4	
閤	kɑp4	
閥	vat4	
閨	kʲyj1	
閩	min1	
閩	ʋun1	
閫	kʰun2	
閬	lɑŋ1	
閬	lɑŋ3	
閭	ljɯ1	
閰	kiwk4	
閱	jɥɛt4	
閵	lin3	
閶	tʂʰjɑŋ1	
閷	ʂaj3	
閹	ʔjɛm1	
閹	ʔjɛm2	
閻	jɛm1	
閼	ʔʲjɛn1	
閼	ʔjɛn1	
閼	ʔjɛt4	
閼	ʔɑt4	
閽	xun1	
閾	xyjk4	
闃	kʲʰyjk4	
闄	ʔʲjɛw2	
闅	min1	
闅	mʲin1	
闅	ʋun1	
闇	ʔɑm3	
闈	ɰyj1	
闉	ʔʲin1	
闊	kʰwɑt4	
闋	kʲʰɥɛt4	
闌	lan1	
闍	tu1	
闍	dʐʰja1	
闐	dʰjɛn1	
闐	djɛn3	
闑	ŋʲjɛt4	
闑	ŋjɛt4	
闒	dap4	
闓	kʰɑj2	
闓	kʰɑj3	
闔	ɣɑp4	
闕	kʰɥɛt4	
闖	tɻʰim3	
闙	kʲʰi2	
闚	kʲʰyj1	
闛	dʰɑŋ1	
闛	tʰɑŋ1	
關	kwan1	
闞	kʰɑm3	
闞	xam3	
闟	xip4	
闠	ɣuj3	
闡	tʂʰjɛn2	
闢	bʲik4	
闣	tɑŋ3	
闤	ɣwan1	
闥	tʰat4	
阜	vu3	
阞	lɨjk4	
阠	ʂɨn1	
阠	sin3	
阠	ʂin3	
阡	tsʰjɛn1	
阤	dɻi3	
阤	ʂjɨ2	
阧	tɨw2	
阪	fan2	
阪	ban3	
阬	kʰiˤŋ1	
阬	kʰɑŋ3	
阮	ŋɥɛn1	
阮	ˀŋɥɛn2	
阯	tʂjɨ2	
阰	bʲʰi1	
阱	dziŋ3	
防	vɑŋ1	
防	vɑŋ3	
阸	ʔaj3	
阸	ʔiˤk4	
阹	kʰjɯ1	
阺	dɻʰi1	
阻	tʂɯ2	
阻	tʂɯ3	
阼	dzu3	
阽	jɛm1	
阾	liŋ1	
阾	ˀliŋ2	
阿	ʔʌ1	
陀	dʰʌ1	
陂	pi1	
陂	pi3	
附	vu3	
陊	dɻi3	
陊	dʌ3	
陋	lɨw3	
陌	miˤk4	
降	ɣaŋ1	
降	kaŋ3	
陎	dʐʰɥu1	
限	ɣan3	
陑	ɻjɨ1	
陒	kyj2	
陓	ʔɥu1	
陔	kɑj1	
陖	syn3	
陗	tsʰjɛw3	
陘	ɣʲiŋ1	
陙	dʐʰyn1	
陚	fu3	
陛	bʲi3	
陜	ɣap4	
陝	ʂjɛm2	
陞	ʂiŋ1	
陟	tɻik4	
陠	pu1	
陠	pʰu1	
陡	tɨw2	
院	ɣwɑn1	
院	ɰɥɛn3	
陣	dɻin3	
除	dɻʰjɯ1	
除	dɻjɯ3	
陧	ŋʲjɛt4	
陪	bʰuj1	
陫	vʲi3	
陬	tsɥu1	
陬	tʂɨw1	
陬	tsɨw1	
陭	ʔi1	
陭	ʔi3	
陮	duj3	
陯	lyn1	
陰	ʔim1	
陲	dʐʰyj1	
陳	dɻʰin1	
陳	dɻin3	
陴	bʲʰi1	
陵	liŋ1	
陶	jɛw1	
陶	dʰɑw1	
陷	ɣam3	
陸	liwk4	
陻	ʔʲin1	
陼	tʂjɯ2	
陽	jɑŋ1	
陾	ɻjɨ1	
陾	ˀnɨw2	
陿	ɣap4	
隃	sɥu1	
隃	jɥu1	
隃	ʂɥu1	
隃	ʂɥu3	
隄	ti1	
隄	dʰi1	
隅	ŋɥu1	
隆	liwŋ1	
隇	ʔyj1	
隈	ʔuj1	
隈	ʔuj3	
隊	duj3	
隋	zyj1	
隋	tʰwʌ2	
隌	ʔim1	
隌	ʔɑm2	
隍	ɣwɑŋ1	
階	kaj1	
隑	ŋɑj1	
隒	ˀŋjɛm2	
隓	xʲyj1	
隔	kiˤk4	
隕	ˀɰyn2	
隖	ʔu2	
隗	ˀŋuj2	
隘	ʔaj3	
隙	kʰik4	
隚	dʰɑŋ1	
際	tsi3	
障	tʂjɑŋ1	
障	tʂjɑŋ3	
隤	dʰuj1	
隥	tɨjŋ3	
隧	zyj3	
隨	zyj1	
隩	ʔɑw3	
隩	ʔiwk4	
險	xjɛm2	
隮	tsi1	
隮	tsi3	
隰	zip4	
隱	ʔin2	
隱	ʔin3	
隳	xʲyj1	
隴	ˀlywŋ2	
隵	xi1	
隶	ji3	
隷	li3	
隸	li3	
隹	tʂyj1	
隺	ɣuk4	
隻	tʂik4	
隼	syn2	
隽	dzɥɛn3	
隿	jik4	
雀	tsjɑk4	
雁	ŋan3	
雂	ɡʰim1	
雂	ɡʰjɛm1	
雃	ŋɑn1	
雃	kʲʰjɛn1	
雄	ɣiwŋ1	
雅	ˀŋa2	
集	dzip4	
雇	ɣu3	
雇	ku3	
雈	ɣwɑn1	
雉	dɻi3	
雊	kɨw3	
雋	dzɥɛn3	
雌	tsʰɨ1	
雍	ʔywŋ1	
雍	ʔywŋ3	
雎	tsʰjɯ1	
雐	xu1	
雒	lɑk4	
雓	jɯ1	
雔	dʐʰiw1	
雕	tjɛw1	
雖	syj1	
雗	ɣɑn3	
雘	ʔwɑk4	
雙	ʂwaŋ1	
雚	kwɑn3	
雛	dʐʰu1	
雜	dzap4	
雝	ʔywŋ1	
雞	kʲi1	
離	li1	
離	li3	
難	nan1	
難	nan3	
雥	dzap4	
雨	ˀɰɥu2	
雨	ɰɥu3	
雩	ɰɥu1	
雩	xɥu1	
雪	sɥɛt4	
雭	ʂɨp4	
雯	ʋun1	
雰	fun1	
雱	pʰɑŋ1	
雲	ɰyn1	
雴	tɻʰip4	
零	ljɛn1	
零	liŋ1	
零	liŋ3	
雷	luj1	
雹	bak4	
雺	muŋ1	
雺	mɨw1	
雺	muŋ3	
雺	mɨw3	
電	djɛn3	
需	sɥu1	
霂	muk4	
霃	dɻʰim1	
霄	sjɛw1	
霅	sap4	
霅	tʂjɛp4	
霅	ɣap4	
霅	dɻap4	
霆	dʰiŋ1	
霆	diŋ3	
震	tʂin3	
霈	pʰuj3	
霋	tsʰi1	
霍	xwɑk4	
霎	ʂap4	
霏	fʲi1	
霑	tɻjɛm1	
霓	ŋʲi1	
霓	ŋʲi3	
霓	ŋʲjɛt4	
霔	tʂɥu3	
霖	lim1	
霙	ʔjɑŋ1	
霙	ʔiŋ1	
霚	muŋ1	
霚	ʋu3	
霛	liŋ1	
霜	ʂaŋ1	
霝	liŋ1	
霞	ɣa1	
霠	ʔim1	
霢	miˤk4	
霣	ˀɰyn2	
霤	liw3	
霦	pin1	
霧	ʋu3	
霩	xwɑk4	
霪	jim1	
霫	zip4	
霫	sip4	
霰	sjɛn3	
霱	jyt4	
露	lu3	
霳	liwŋ1	
霵	tʂɨp4	
霵	dʐɨp4	
霶	pʰɑŋ1	
霸	pa3	
霹	pʲʰik4	
霼	xi2	
霼	xi3	
霽	tsi3	
霾	maj1	
霿	muŋ1	
霿	muŋ3	
靀	muŋ1	
靂	lik4	
靃	syj2	
靃	xwɑk4	
靄	ʔɑj3	
靄	ʔɑt4	
靅	fʲi3	
靆	daj3	
靈	liŋ1	
靉	ʔi2	
靉	ʔɑj3	
靐	biŋ3	
青	tsʰiŋ1	
靖	dziŋ3	
靘	tsʰiŋ1	
靘	tsʰiŋ3	
靚	dziŋ3	
靜	dziŋ3	
非	fʲi1	
靠	kʰɑw3	
靡	ˀmi2	
面	mʲjɛn3	
靤	baw3	
靦	tʰjɛn2	
靧	xuj3	
靨	ʔʲjɛp4	
革	kiˤk4	
靪	tiŋ1	
靪	tiŋ2	
靫	tʂʰaj1	
靫	tʂʰa1	
靬	kjɛn1	
靬	kʰɑn1	
靬	kan1	
靬	kʰɑn3	
靮	tik4	
靯	du3	
靲	ɡʰim1	
靳	kin3	
靴	xɥa1	
靶	pa3	
靷	ˀjin2	
靷	jin3	
靸	sap4	
靺	mwɑt4	
靻	tsu2	
靼	tat4	
靼	tʂjɛt4	
靽	pwɑn3	
靾	ji3	
靿	ʔaw3	
鞀	dʰɑw1	
鞁	bi3	
鞂	kat4	
鞃	ɣujŋ1	
鞄	bʰaw1	
鞄	baw3	
鞄	pʰak4	
鞅	ʔjɑŋ2	
鞇	ʔʲin1	
鞈	kɑp4	
鞈	kap4	
鞉	dʰɑw1	
鞋	ɣaj1	
鞌	ʔɑn1	
鞎	ɣɨn1	
鞏	kywŋ2	
鞓	tʰiŋ1	
鞔	mwɑn1	
鞕	ŋiˤŋ3	
鞘	ʂaw1	
鞘	sjɛw3	
鞙	kʲɥɛn1	
鞙	ɣʲɥɛn3	
鞚	kʰuŋ3	
鞜	tʰap4	
鞞	pʲi1	
鞞	bʲʰi1	
鞞	pʲi2	
鞞	pʲiŋ2	
鞠	kiwk4	
鞠	kʰiwk4	
鞠	ɡiwk4	
鞢	sjɛp4	
鞣	ɻiw1	
鞣	ɻiw3	
鞤	pɑŋ1	
鞥	ʔɑp4	
鞦	tsʰiw1	
鞧	tsʰiw1	
鞨	ɣɑt4	
鞨	ʐjɛt4	
鞪	mɨw1	
鞪	muk4	
鞫	kiwk4	
鞬	kjɛn1	
鞭	pʲjɛn1	
鞮	ti1	
鞳	tʰap4	
鞴	bi3	
鞴	bu3	
鞴	vuk4	
鞵	ɣaj1	
鞶	bʰwɑn1	
鞹	kʰwɑk4	
鞻	lɨw1	
鞼	kuj1	
鞼	ɡyj3	
鞽	kʰjɛw1	
鞾	xɥa1	
鞿	ki1	
韁	kjɑŋ1	
韂	tʂʰjɛm3	
韄	ɣu3	
韅	xʲjɛn2	
韆	tsʰjɛn1	
韇	duk4	
韈	ʋat4	
韉	tsjɛn1	
韋	ɰyj1	
韌	ɻin3	
韍	fut4	
韎	maj3	
韎	mwɑt4	
韏	kɥɛn2	
韏	kʰɥɛn3	
韏	ɡɥɛn3	
韐	kɑp4	
韐	kap4	
韒	sjɛw3	
韔	tɻʰjɑŋ3	
韖	ˀɻiw2	
韗	ɰyn3	
韗	xɥɛn3	
韘	ʂjɛp4	
韘	sjɛp4	
韙	ˀɰyj2	
韛	baj3	
韜	tʰɑw1	
韝	kʰɨw1	
韝	kɨw1	
韞	ʔun1	
韞	ʔyn2	
韠	pʲit4	
韡	ˀɰyj2	
韢	tsʰyj3	
韣	duk4	
韣	tʂywk4	
韣	ʐywk4	
韤	ʋat4	
韭	kiw2	
韰	ɣaj3	
韱	sjɛm1	
音	ʔim1	
韴	dzap4	
韶	dʐʰjɛw1	
韸	bʰuŋ1	
韹	ɣwɑŋ1	
韹	ɣwiˤŋ1	
韺	ʔiŋ1	
韻	ɰyn3	
韽	ʔɑm1	
韽	ʔam3	
韾	ʔʲim1	
響	xjɑŋ2	
頀	ɣu3	
頁	ɣʲjɛt4	
頂	tiŋ2	
頃	kʲʰyjŋ1	
頃	kʲʰyjŋ2	
頄	ɡʰyj1	
頄	ɡʰiw1	
項	ɣaŋ3	
順	ʐyn3	
頇	xɑn1	
頇	ŋɑn3	
頇	ŋɑt4	
須	sɥu1	
頊	ŋywk4	
頊	xywk4	
頋	ku3	
頌	jywŋ1	
頌	zywŋ3	
頍	kʲʰyj2	
頎	ɡʰi1	
頏	ɣɑŋ1	
頏	kʰɑŋ3	
預	jɯ3	
頑	ŋwan1	
頒	vun1	
頒	pan1	
頓	tun3	
頔	dik4	
頕	tam1	
頖	pʰwɑn3	
頗	pʰwʌ1	
頗	pʰwʌ2	
頗	pʰwʌ3	
領	ˀliŋ2	
頛	ˀluj2	
頜	ɣɑm3	
頜	kɑp4	
頝	kʰaw1	
頞	ʔɑt4	
頟	ŋiˤk4	
頠	ˀŋyj2	
頠	ˀŋuj2	
頡	kat4	
頡	ɣʲjɛt4	
頢	kwɑt4	
頢	ɣwat4	
頣	ʂin2	
頤	ji1	
頦	ɣɑj1	
頦	kɑj2	
頧	tuj1	
頧	tuj2	
頨	xʲɥɛn1	
頨	ˀɰɥu2	
頩	pʲʰiŋ1	
頩	pʲʰiŋ2	
頪	luj3	
頫	fu2	
頫	tʰjɛw3	
頭	dʰɨw1	
頮	xuj3	
頯	ɡʰyj1	
頯	kyj2	
頰	kʲjɛp4	
頲	tʰiŋ2	
頵	kyn1	
頵	ʔyn1	
頶	ɣuk4	
頷	ɣɑm1	
頷	ɣɑm3	
頸	ɡʲʰiŋ1	
頸	kʲiŋ2	
頹	dʰuj1	
頻	bʲʰin1	
頿	tsɨ1	
顀	dɻʰyj1	
顁	tiŋ3	
顄	ɣɑm1	
顄	ɣɑm3	
顅	kʰan1	
顆	kʰwʌ2	
顇	dzyj3	
顈	ɣʲjɛn3	
顈	kʲʰyjŋ2	
顉	kʰim1	
顉	kʰim2	
顉	ˀŋɑm2	
顋	saj1	
題	dʰi1	
題	di3	
額	ŋiˤk4	
顎	ŋɑk4	
顏	ŋan1	
顐	ɣun1	
顐	ŋun1	
顐	ŋun3	
顑	kʰɑm2	
顑	ŋam3	
顒	ŋywŋ1	
顓	tʂɥɛn1	
顖	sin3	
顗	ˀŋi2	
願	ŋɥɛn3	
顙	sɑŋ2	
顛	tjɛn1	
顛	tʰjɛn3	
顝	kʰuj1	
顝	kʰuj2	
顝	kʰut4	
類	lyj3	
顟	law1	
顠	bʲjɛw3	
顠	pʲʰjɛw2	
顡	ˀŋuj2	
顡	ŋi3	
顡	tɻwaj3	
顢	mwɑn1	
顣	tsiwk4	
顤	ŋʲjɛw1	
顤	xaw1	
顤	ŋʲjɛw3	
顥	ɣɑw3	
顦	dzʰjɛw1	
顧	ku3	
顨	sun3	
顩	dɻim3	
顩	ˀŋjɛm2	
顪	xyj3	
顫	tʂjɛn3	
顬	ɻɥu1	
顮	pʲin1	
顯	xʲjɛn2	
顰	bʲʰin1	
顱	lu1	
顲	ˀlim2	
顲	ˀlam2	
顲	lam3	
顳	ɻjɛp4	
顴	ɡʰɥɛn1	
風	fuŋ1	
風	fuŋ3	
颫	vu1	
颬	xa1	
颭	tʂjɛm2	
颮	bʰaw1	
颮	pʰak4	
颯	sap4	
颰	fat4	
颰	bwɑt4	
颲	ljɛt4	
颵	ʂaw1	
颸	tʂʰɨ1	
颺	jɑŋ1	
颺	jɑŋ3	
颻	jɛw1	
颼	ʂɨw1	
颽	kʰɑj2	
颾	sɑw1	
颿	vam1	
颿	vam3	
飀	liw1	
飁	zip4	
飂	liw1	
飂	liw3	
飄	bʲʰjɛw1	
飄	pʲʰjɛw1	
飆	pʲjɛw1	
飉	ljɛw1	
飋	ʂɨt4	
飌	fuŋ1	
飍	xʲiw1	
飛	fʲi1	
飜	fan1	
食	ji3	
食	ʐik4	
飢	ki1	
飣	tiŋ3	
飤	zɨ3	
飥	tʰɑk4	
飧	sun1	
飩	dʰun1	
飪	ˀɻim2	
飫	ʔjɯ3	
飭	tɻʰik4	
飯	van3	
飲	ʔim2	
飲	ʔim3	
飳	tʰɨw2	
飴	ji1	
飵	dzu3	
飵	dzɑk4	
飶	bʲit4	
飶	bʲjɛt4	
飷	tsja2	
飺	dzʰɨ1	
飻	tʰjɛt4	
飼	zɨ3	
飽	paw2	
飾	ʂik4	
餀	xɑj3	
餁	ˀɻim2	
餄	kap4	
餅	pʲiŋ2	
餆	jɛw1	
餈	dzʰɨ1	
餉	ʂjɑŋ3	
養	ˀjɑŋ2	
養	jɑŋ3	
餋	kɥɛn3	
餌	ɻjɨ3	
餐	tsʰan1	
餑	but4	
餒	ˀnuj2	
餓	ŋʌ3	
餔	pu1	
餔	bu3	
餕	tsyn3	
餖	dɨw3	
餗	suk4	
餘	jɯ1	
餚	ɰaw1	
餛	ɣun1	
餞	dzjɛn3	
餟	tɻyj3	
餟	tɻɥɛt4	
餣	ʔjɛp4	
餤	dʰam1	
餥	fʲi1	
餥	fʲi2	
餦	tɻjɑŋ1	
餧	ˀnuj2	
餧	ʔyj3	
館	kwɑn3	
餩	ʔɨjk4	
餪	ˀnwɑn2	
餫	ɣun1	
餫	ɰyn3	
餬	ɣu1	
餭	ɣwɑŋ1	
餮	tʰjɛt4	
餯	xyj3	
餱	ɣɨw1	
餲	ʔi3	
餲	ʔaj3	
餲	ɣɑt4	
餲	ʔɑt4	
餴	fun1	
餹	dʰɑŋ1	
餺	pɑk4	
餻	kɑw1	
餼	xi3	
餽	ɡyj3	
餾	liw1	
餾	liw3	
餿	ʂɨw1	
饁	ɰjɛp4	
饅	mwɑn1	
饆	pʲit4	
饇	ʔɥu3	
饉	ɡin3	
饊	san2	
饋	ɡyj3	
饌	dʐwan3	
饍	ʐjɛn3	
饎	tʂʰjɨ3	
饐	ʔi3	
饑	ki1	
饒	ɻjɛw1	
饒	ɻjɛw3	
饔	ʔywŋ1	
饕	tʰɑw1	
饖	ʔyj3	
饗	xjɑŋ2	
饘	tʂjɛn1	
饘	tʂjɛn2	
饙	fun1	
饛	muŋ1	
饜	ʔʲjɛm1	
饜	ʔʲjɛm3	
饞	dʐʰam1	
饟	ʂjɑŋ1	
饟	ʂjɑŋ2	
饟	ʂjɑŋ3	
饠	lʌ1	
饡	tsan3	
首	ʂiw2	
首	ʂiw3	
馗	ɡʰyj1	
馗	ɡʰiw1	
馘	kwiˤk4	
香	xjɑŋ1	
馚	vun1	
馛	bwɑt4	
馝	bʲit4	
馝	bʲjɛt4	
馞	but4	
馞	pʰut4	
馠	xɑm1	
馡	fʲi1	
馣	ʔɑm1	
馤	ʔɑj3	
馥	vuk4	
馥	bik4	
馦	xʲjɛm1	
馧	ʔyn1	
馧	ʔut4	
馨	xʲiŋ1	
馩	vun1	
馬	ˀma2	
馭	ŋjɯ3	
馮	vuŋ1	
馮	bʰiŋ1	
馯	kʰan1	
馯	ɣɑn3	
馰	tik4	
馱	dʰʌ1	
馱	dʌ3	
馲	lɑk4	
馲	tʰɑk4	
馲	tɻiˤk4	
馳	dɻʰi1	
馴	zyn1	
馵	tʂɥu3	
馶	tʂjɨ1	
馶	ɡʲʰi1	
馶	ʂjɨ3	
馶	kʲi3	
馹	ɻit4	
馺	sap4	
馻	ˀjyn2	
馻	ˀjɥɛn2	
馼	ʋun1	
馽	tɻip4	
馾	tam3	
駁	pak4	
駂	pɑw2	
駃	kʰwaj3	
駃	kʲɥɛt4	
駉	kʲyjŋ1	
駊	pwʌ2	
駊	pʰwʌ2	
駎	dɻiw3	
駏	ɡjɯ3	
駐	tɻɥu3	
駑	nu1	
駒	kɥu1	
駓	pʰi1	
駔	dzu3	
駔	tsɑŋ2	
駕	ka3	
駖	liŋ1	
駗	lin1	
駗	tʂin2	
駘	dʰaj1	
駘	daj3	
駙	vu3	
駚	ʔjɑŋ2	
駚	ʔɑŋ2	
駛	ʂɨ2	
駛	ʂɨ3	
駜	bʲit4	
駜	bit4	
駝	dʰʌ1	
駞	dʰʌ1	
駟	sɨ3	
駠	liw1	
駢	bʲʰjɛn1	
駣	dʰɑw1	
駣	dɻjɛw3	
駣	dɑw3	
駤	tɻi3	
駥	ɻiwŋ1	
駧	duŋ3	
駩	tsʰɥɛn1	
駪	ʂɨn1	
駫	kʲyjŋ1	
駬	ˀɻjɨ2	
駭	ɣaj3	
駮	pak4	
駰	ʔʲin1	
駰	ʔin1	
駱	lɑk4	
駴	ɣaj3	
駶	ɡywk4	
駷	sywŋ2	
駷	sɨw2	
駸	tsʰim1	
駸	tʂʰɨm1	
駹	maŋ1	
駺	lɑŋ1	
駻	ɣɑn3	
駼	dʰu1	
駽	xʲɥɛn1	
駽	xʲɥɛn3	
駾	tʰuj3	
駿	tsyn3	
騀	ˀŋʌ2	
騁	tɻʰiŋ2	
騂	syjŋ1	
騃	ʐɨ3	
騃	ˀŋaj2	
騄	lywk4	
騅	tʂyj1	
騇	ʂja2	
騇	ʂja3	
騉	kun1	
騊	dʰɑw1	
騋	laj1	
騎	ɡʰi1	
騎	ɡi3	
騏	ɡʰi1	
騑	fʲi1	
騕	ʔʲjɛw2	
騖	ʋu3	
騗	pʲʰjɛn3	
騚	dzʰjɛn1	
騛	fʲi1	
騜	ɣwɑŋ1	
騝	kjɛn1	
騝	ɡʰjɛn1	
騟	jɥu1	
騠	dʰi1	
騢	ɣa1	
騣	tsuŋ1	
騤	ɡʰyj1	
騤	kʲɥɛt4	
騥	ɻiw1	
騧	kwa1	
騩	kyj1	
騩	kyj3	
騪	ʂɨw1	
騫	kʰjɛn1	
騬	ʐiŋ1	
騭	tʂit4	
騮	liw1	
騯	bʰɑŋ1	
騯	piˤŋ1	
騯	bʰiˤŋ1	
騰	dʰɨjŋ1	
騱	ɣʲi1	
騲	tsʰɑw2	
騴	ʔan3	
騵	ŋɥɛn1	
騶	tʂɨw1	
騷	sɑw1	
騺	tɻi3	
騻	ʂaŋ1	
騼	luk4	
騽	zip4	
騽	ɰip4	
騾	lwʌ1	
驀	miˤk4	
驁	ŋɑw1	
驁	ŋɑw3	
驂	tsʰam1	
驃	bʲjɛw3	
驄	tsʰuŋ1	
驅	kʰɥu1	
驅	kʰɥu3	
驈	ʐyt4	
驈	jyt4	
驉	xjɯ1	
驊	ɣwa1	
驋	pwɑt4	
驌	siwk4	
驍	kʲjɛw1	
驎	lin1	
驐	tun1	
驒	dʰan1	
驒	tjɛn1	
驒	dʰʌ1	
驓	dzʰiŋ1	
驔	djɛm3	
驕	kjɛw1	
驖	djɛt4	
驖	tʰjɛt4	
驗	ŋjɛm3	
驘	lwʌ1	
驙	dʰan1	
驙	tɻjɛn1	
驚	kiŋ1	
驛	jik4	
驜	ŋjɛp4	
驟	dʐɨw3	
驠	ʔʲjɛn1	
驠	ʔʲjɛn3	
驡	lywŋ1	
驡	tsɑŋ2	
驢	ljɯ1	
驤	sjɑŋ1	
驥	ki3	
驦	ʂaŋ1	
驧	ɡiwk4	
驨	ɣʲyj1	
驩	xwɑn1	
驪	li1	
驫	pʲjɛw1	
驫	piw1	
骨	kut4	
骫	ʔyj2	
骬	ɰɥu1	
骭	kɑn3	
骭	ɣan3	
骯	ɣɑŋ3	
骯	kʰɑŋ2	
骰	dʰɨw1	
骱	ɣɑt4	
骱	kat4	
骲	baw3	
骲	pʰuk4	
骲	bak4	
骳	ˀmi2	
骴	dzʰɨ1	
骴	dzɨ3	
骶	ti3	
骸	ɣaj1	
骹	kʰaw1	
骺	ɣɨw1	
骻	kʰwa2	
骼	kiˤk4	
骽	tʰuj2	
骾	kiˤŋ2	
骿	bʲʰjɛn1	
髀	pʲi2	
髀	bʲi3	
髁	kʰwʌ1	
髁	kʰwa2	
髁	kʰwʌ3	
髂	kʰa3	
髃	ŋɥu1	
髃	ˀŋɨw2	
髆	pɑk4	
髇	xaw1	
髈	bʰɑŋ1	
髈	pʰɑŋ2	
髉	pak4	
髊	dzɨ3	
髎	ljɛw1	
髏	lɨw1	
髑	duk4	
髒	tsɑŋ2	
髓	syj2	
體	tʰi2	
髕	bʲin3	
髖	kʰun1	
髖	kʰwɑn1	
髗	lu1	
高	kɑw1	
髝	lɑw1	
髝	lɑw3	
髞	sɑw3	
髟	pʲjɛw1	
髟	piw1	
髟	ʂam1	
髡	kʰun1	
髢	di3	
髣	fɑŋ2	
髤	xiw1	
髦	mɑw1	
髧	dam3	
髫	dʰjɛw1	
髬	pʰi1	
髮	fat4	
髯	ɻjɛm1	
髯	ɻjɛm3	
髲	bi3	
髳	muŋ1	
髴	fʲi3	
髴	fut4	
髵	ɻjɨ1	
髶	ɻjɨ3	
髸	kywŋ1	
髺	kwɑt4	
髻	kʲi3	
髼	bʰuŋ1	
髽	tʂwa1	
髾	ʂaw1	
髿	swʌ1	
髿	ʂa1	
鬀	tʰi3	
鬀	di3	
鬃	dzʰuŋ1	
鬃	dʐʰwaŋ1	
鬄	sik4	
鬅	bʰujŋ1	
鬆	suŋ1	
鬆	sywŋ1	
鬆	tsʰywŋ1	
鬆	suŋ3	
鬇	dʐʰiˤŋ1	
鬈	ɡʰɥɛn1	
鬈	kʰɥɛn1	
鬉	tsuŋ1	
鬊	ʂyn3	
鬋	tsjɛn1	
鬋	tsjɛn2	
鬋	tsjɛn3	
鬌	dɻʰyj1	
鬌	twʌ2	
鬌	dwʌ3	
鬐	ɡʲʰi1	
鬑	ljɛm1	
鬒	tʂin2	
鬕	ma3	
鬖	sam1	
鬗	mwɑn1	
鬗	ʋan3	
鬘	man1	
鬙	sɨjŋ1	
鬚	sɥu1	
鬜	kʰan1	
鬜	kʰat4	
鬞	nwaŋ1	
鬟	ɣwan1	
鬠	kuj3	
鬠	ɣwɑt4	
鬡	niˤŋ1	
鬢	pʲin3	
鬣	ljɛp4	
鬤	ɻjɑŋ1	
鬤	niˤŋ1	
鬥	tɨw3	
鬧	naw3	
鬨	ɣuŋ3	
鬨	ɣaŋ3	
鬩	xʲik4	
鬪	tɨw3	
鬫	xam2	
鬬	tɨw3	
鬮	kiw1	
鬮	kʲiw2	
鬯	tɻʰjɑŋ3	
鬱	ʔyt4	
鬲	kiˤk4	
鬲	lik4	
鬳	ŋjɛn3	
鬴	vu3	
鬵	zim1	
鬵	dzʰim1	
鬵	dzʰjɛm1	
鬷	tsuŋ1	
鬷	tsuŋ2	
鬹	kʲyj1	
鬻	jiwk4	
鬼	kyj2	
鬽	mi3	
鬾	ɡʰi1	
鬾	ɡi3	
魁	kʰuj1	
魃	bwɑt4	
魄	tʰɑk4	
魄	pʰiˤk4	
魅	mi3	
魈	sjɛw1	
魊	ɰyjk4	
魊	ɣujk4	
魋	dʰuj1	
魌	kʰi1	
魍	ˀʋɑŋ2	
魎	ˀljɑŋ2	
魏	ŋyj3	
魑	tɻʰi1	
魔	mwʌ1	
魖	xjɯ1	
魗	dʐʰiw1	
魗	tʂʰiw2	
魘	ʔʲjɛm2	
魘	ʔʲjɛp4	
魚	ŋjɯ1	
魛	tɑw1	
魝	kʲjɛt4	
魟	kuŋ1	
魟	ɣuŋ1	
魟	xuŋ1	
魠	tʰɑk4	
魡	tik4	
魤	ŋwʌ1	
魥	ŋɑp4	
魥	kʰjɛp4	
魦	swʌ1	
魦	ʂa1	
魧	kɑŋ1	
魧	ɣɑŋ1	
魪	kaj3	
魫	ʂim2	
魬	ban3	
魮	bʲʰi1	
魯	ˀlu2	
魱	ɣu1	
魳	tsap4	
魴	vɑŋ1	
魵	vun1	
魵	vun3	
魵	fun2	
魵	fun3	
魶	nap4	
魺	ɣʌ1	
魼	kʰjɯ1	
魼	tʰap4	
魽	ɣɑm1	
魾	bʰi1	
魾	pʰi1	
魿	ɡʰin1	
魿	liŋ1	
鮀	dʰʌ1	
鮂	tsiw1	
鮂	ziw1	
鮅	pʲit4	
鮅	bʲit4	
鮆	tsɨ1	
鮆	dzi3	
鮇	ʋʲi3	
鮈	kɥu1	
鮊	biˤk4	
鮋	jiw1	
鮋	dʐʰiw1	
鮋	dɻʰiw1	
鮍	pʰi1	
鮎	njɛm1	
鮏	siŋ1	
鮐	tʰaj1	
鮑	baw3	
鮒	vu3	
鮓	tʂa2	
鮚	ɡit4	
鮛	ʂiwk4	
鮜	ɣɨw3	
鮞	ɻjɨ1	
鮞	ɻiwk4	
鮠	ŋuj1	
鮡	dʰjɛw1	
鮡	dɻjɛw3	
鮢	tʂɥu1	
鮣	ʔʲin3	
鮤	li3	
鮤	ljɛt4	
鮥	lɑk4	
鮦	dʰuŋ1	
鮦	dɻywŋ3	
鮦	dɻiw3	
鮧	ji1	
鮧	dʰi1	
鮨	ɡʲʰi1	
鮩	biˤŋ3	
鮩	bʲiŋ3	
鮩	bʲit4	
鮪	ˀɰyj2	
鮫	kaw1	
鮬	kʰu1	
鮬	bu3	
鮭	kʲyj1	
鮭	kʲʰyj1	
鮭	ɣaj1	
鮮	sjɛn1	
鮮	sjɛn2	
鮮	sjɛn3	
鮯	kɑp4	
鮵	dwɑt4	
鮶	kyn1	
鮷	dʰi1	
鮸	ˀmjɛn2	
鮹	sjɛw1	
鮹	ʂaw1	
鮾	ˀnuj2	
鮿	tɻjɛp4	
鯀	kun2	
鯁	kiˤŋ2	
鯃	ŋu1	
鯅	ʂjɛn1	
鯆	pu1	
鯆	pʰu1	
鯆	fu2	
鯇	ɣwan3	
鯈	jiw1	
鯈	dɻʰiw1	
鯉	ˀli2	
鯊	ʂa1	
鯔	tʂɨ1	
鯕	ɡʰi1	
鯖	tʂiŋ1	
鯖	tsʰiŋ1	
鯗	sjɑŋ2	
鯛	tjɛw1	
鯜	tsjɛp4	
鯜	tsʰjɛp4	
鯝	ku3	
鯞	tʂiw2	
鯟	tuŋ1	
鯠	laj1	
鯡	fʲi3	
鯢	ŋʲi1	
鯤	kun1	
鯥	liwk4	
鯧	tʂʰjɑŋ1	
鯨	ɡʰiŋ1	
鯩	lyn1	
鯪	liŋ1	
鯫	tsʰɥu1	
鯫	dzʰɨw1	
鯫	dzɨw3	
鯬	li1	
鯶	ɣun3	
鯷	dʰi1	
鯷	ʐjɨ3	
鯷	di3	
鯸	ɣɨw1	
鯹	siŋ1	
鯼	tsuŋ1	
鯼	tsuŋ3	
鯽	tsik4	
鯾	pʲjɛn1	
鯿	pan1	
鯿	pʲjɛn1	
鰀	ɣwɑn3	
鰂	dzɨjk4	
鰃	ʔuj1	
鰄	ʔyj1	
鰅	ŋywŋ1	
鰅	ŋɥu1	
鰇	ɻiw1	
鰈	tʰap4	
鰊	ljɛn3	
鰋	ʔjɛn2	
鰌	dzʰiw1	
鰍	tsʰiw1	
鰐	ŋɑk4	
鰑	jɑŋ1	
鰒	vuk4	
鰒	bak4	
鰓	saj1	
鰕	ɣa1	
鰜	kʲjɛm1	
鰜	ɣam1	
鰝	ɣɑw3	
鰝	xɑk4	
鰞	ʔu1	
鰠	sɑw1	
鰡	liw1	
鰢	ˀma2	
鰣	dʐʰjɨ1	
鰤	ʂɨ1	
鰥	kwan1	
鰥	kwan3	
鰦	tsɨ1	
鰧	dʰɨjŋ1	
鰧	dɻim3	
鰨	tʰap4	
鰩	jɛw1	
鰪	ʔɑp4	
鰬	ɡʰjɛn1	
鰭	ɡʲʰi1	
鰱	ljɛn1	
鰲	ŋɑw1	
鰴	xyj1	
鰵	ˀmin2	
鰶	tsi3	
鰷	dʰjɛw1	
鰸	kʰɥu1	
鰹	kʲjɛn1	
鰻	mwɑn1	
鰻	ʋan3	
鰼	zip4	
鰾	bʲjɛw3	
鰿	dʐiˤk4	
鰿	tsik4	
鱀	ɡi3	
鱁	dɻiwk4	
鱂	tsjɑŋ1	
鱄	tʂɥɛn1	
鱄	tʂɥɛn2	
鱅	jywŋ1	
鱅	dʐʰywŋ1	
鱊	ʐyt4	
鱊	jyt4	
鱊	kwat4	
鱌	zjɑŋ3	
鱍	pwɑt4	
鱍	pʰwɑt4	
鱎	kjɛw2	
鱏	zim1	
鱏	jim1	
鱐	siwk4	
鱑	ɣwɑŋ1	
鱒	dzun3	
鱓	ʐjɛn3	
鱕	fan1	
鱖	kyj3	
鱖	kɥɛt4	
鱗	lin1	
鱝	vun3	
鱟	ɣɨw3	
鱟	ʔuk4	
鱠	kuj3	
鱡	dzɨjk4	
鱢	sɑw1	
鱣	tɻjɛn1	
鱤	kɑm2	
鱦	ʐiŋ1	
鱦	ˀmiˤŋ2	
鱦	jiŋ3	
鱦	ʐiŋ3	
鱧	ˀli2	
鱬	ɻɥu1	
鱭	dzi3	
鱮	zjɯ3	
鱯	ɣu3	
鱯	ɣwa3	
鱯	ɣwiˤk4	
鱲	ljɛp4	
鱴	mʲjɛt4	
鱵	tʂim1	
鱸	lu1	
鱺	ˀli2	
鱻	sjɛn1	
鳥	tjɛw2	
鳦	ʔit4	
鳧	vu1	
鳨	lik4	
鳩	kiw1	
鳪	puk4	
鳫	ŋan3	
鳭	tɻaw1	
鳱	kɑn1	
鳲	ʂjɨ1	
鳳	vuŋ3	
鳴	miŋ1	
鳶	jɥɛn1	
鳷	tʂjɨ1	
鳹	ɡʰjɛm1	
鳺	fu1	
鳻	vun1	
鳻	pan1	
鳼	ʋun1	
鳽	kʲjɛn1	
鳽	ŋʲjɛn1	
鳽	kʰiˤŋ1	
鳽	ŋiˤk4	
鳿	ŋywk4	
鴀	fɨw1	
鴀	fɨw2	
鴂	kʲɥɛt4	
鴅	xwɑn1	
鴆	dɻim3	
鴇	pɑw2	
鴈	ŋan3	
鴉	ʔa1	
鴊	tʂiŋ1	
鴊	tʂiŋ3	
鴋	vɑŋ1	
鴋	fɑŋ1	
鴋	fɑŋ2	
鴏	dɨjk4	
鴐	ka1	
鴒	liŋ1	
鴓	mʲjɛt4	
鴗	lip4	
鴘	pjɛn2	
鴘	pʰjɛn2	
鴚	kʌ1	
鴛	ʔɥɛn1	
鴛	ʔun1	
鴜	dzʰɨ1	
鴜	tsɨ1	
鴝	ɡʰɥu1	
鴝	kɨw1	
鴞	ɰjɛw1	
鴟	tʂʰjɨ1	
鴠	tan3	
鴢	ʔʲjɛw2	
鴢	ʔaw2	
鴣	ku1	
鴤	tʂiwŋ1	
鴤	tuŋ1	
鴦	ʔjɑŋ1	
鴦	ʔɑŋ1	
鴨	ʔap4	
鴪	jyt4	
鴭	tuj1	
鴮	ʔu1	
鴯	ɻjɨ1	
鴰	kwɑt4	
鴰	kwat4	
鴱	ŋɑj3	
鴲	tʂjɨ1	
鴲	tʂjɨ3	
鴳	ʔan3	
鴶	kat4	
鴷	ljɛt4	
鴸	tɻɥu1	
鴸	tʂɥu1	
鴹	jɑŋ1	
鴺	ji1	
鴺	dʰi1	
鴻	ɣuŋ1	
鴻	ɣuŋ3	
鴽	ɻjɯ1	
鴾	mɨw1	
鴿	kɑp4	
鵀	ɻim1	
鵀	nim1	
鵀	ɻim3	
鵁	kaw1	
鵂	xiw1	
鵃	tʂjɛw1	
鵃	tɻaw1	
鵅	lɑk4	
鵅	kiˤk4	
鵊	kap4	
鵋	ɡi3	
鵌	jɯ1	
鵌	dʰu1	
鵎	tʰwʌ2	
鵏	pu1	
鵏	bu3	
鵐	ʋu1	
鵑	kʲɥɛn1	
鵒	jywk4	
鵓	but4	
鵕	syn3	
鵖	pip4	
鵖	kjɛp4	
鵗	xi1	
鵚	tʰuk4	
鵛	kʲiŋ1	
鵜	dʰi1	
鵝	ŋʌ1	
鵟	ɡʰɥɑŋ1	
鵠	ɣuk4	
鵡	ˀʋu2	
鵣	laj3	
鵧	bʲʰi1	
鵨	ʂjɯ1	
鵩	vuk4	
鵫	tɻaw3	
鵫	dɻwak4	
鵬	bʰujŋ1	
鵭	ɡʰim1	
鵮	tɻam1	
鵮	kʰam1	
鵯	pʲi1	
鵯	pʲʰit4	
鵰	tjɛw1	
鵱	liwk4	
鵲	tsʰjɑk4	
鵳	kʲjɛn1	
鵴	kiwk4	
鵴	ɡiwk4	
鵵	tʰu3	
鵶	ʔa1	
鵷	ʔɥɛn1	
鵸	ɡʰi1	
鵹	li1	
鵺	ja3	
鵻	tʂyj1	
鵻	syn2	
鵼	kʰuŋ1	
鵽	twɑt4	
鵽	tɻwat4	
鵾	kun1	
鶁	kiŋ1	
鶂	ŋʲik4	
鶄	tsiŋ1	
鶄	tsʰiŋ1	
鶅	tʂɨ1	
鶅	tʂɨ3	
鶆	laj1	
鶇	tuŋ1	
鶈	tsʰi1	
鶉	dʐʰyn1	
鶊	kiˤŋ1	
鶋	kjɯ1	
鶌	kyt4	
鶔	ɻiw1	
鶖	tsʰiw1	
鶘	ɣu1	
鶙	dʰi1	
鶚	ŋɑk4	
鶛	kaj1	
鶜	maw1	
鶝	fuk4	
鶝	bik4	
鶞	tɻʰyn1	
鶟	dut4	
鶠	ʔjɛn2	
鶡	ɣɑt4	
鶢	ɰɥɛn1	
鶤	kun1	
鶤	ɰyn3	
鶥	mi1	
鶧	ʔiŋ1	
鶨	dun3	
鶨	tɻʰɥɛn3	
鶩	ʋu3	
鶩	muk4	
鶪	kʲyjk4	
鶬	tsʰɑŋ1	
鶭	fɑŋ2	
鶯	ʔiˤŋ1	
鶱	xjɛn1	
鶴	ɣɑk4	
鶵	dʐʰu1	
鶶	dʰɑŋ1	
鶷	ɣat4	
鶹	liw1	
鶻	kut4	
鶻	ɣut4	
鶻	ɣwat4	
鶼	kʲjɛm1	
鶾	ɣɑn1	
鶿	dzʰɨ1	
鶿	tsɨ1	
鷁	ŋʲik4	
鷂	jɛw1	
鷂	jɛw3	
鷃	ʔan3	
鷄	kʲi1	
鷅	lit4	
鷇	kʰɨw3	
鷈	tʰi1	
鷌	ˀma2	
鷎	kɑw1	
鷏	dʰjɛn1	
鷐	dʐʰin1	
鷒	dʰwɑn1	
鷒	tʂɥɛn1	
鷓	tʂja3	
鷔	ŋɑw1	
鷔	ŋɑw3	
鷕	ˀjyj2	
鷖	ʔʲi1	
鷗	ʔɨw1	
鷘	tɻʰik4	
鷙	tʂjɨ3	
鷚	mɨw1	
鷚	ɡʲʰiw1	
鷚	miw1	
鷚	liw3	
鷜	lɥu1	
鷜	lɨw1	
鷝	pʲit4	
鷞	ʂaŋ1	
鷞	ʂaŋ2	
鷟	dʐwak4	
鷡	ʋu1	
鷢	ɡɥɛt4	
鷣	jim1	
鷣	jɛw3	
鷤	dʰi1	
鷤	dʰan1	
鷤	di3	
鷦	tsjɛw1	
鷧	ʔi3	
鷨	ɣwa1	
鷩	pʲi3	
鷩	pʲjɛt4	
鷫	siwk4	
鷭	van1	
鷮	kjɛw1	
鷮	ɡʰjɛw1	
鷯	ljɛw1	
鷯	ljɛw3	
鷰	ʔʲjɛn3	
鷲	dziw3	
鷴	ɣan1	
鷵	dʰu1	
鷶	ˀmaj2	
鷷	tsyn1	
鷷	dzʰyn1	
鷸	jyt4	
鷹	ʔiŋ1	
鷺	lu3	
鷽	ʔak4	
鷽	ɣak4	
鷾	ʔi3	
鷿	bʲik4	
鸀	duk4	
鸀	tʂywk4	
鸀	dɻwak4	
鸁	lwʌ1	
鸂	kʲʰi1	
鸄	kʲjɛw3	
鸄	kʲik4	
鸄	ɣʲik4	
鸅	dɻiˤk4	
鸆	ŋɥu1	
鸇	tʂjɛn1	
鸈	ŋjɛp4	
鸉	jɑŋ1	
鸋	niŋ1	
鸋	niŋ3	
鸌	ʔwɑk4	
鸍	ʂjɨ1	
鸍	mʲi1	
鸎	ʔiˤŋ1	
鸏	muŋ1	
鸏	ˀmuŋ2	
鸐	dɻwak4	
鸑	ŋak4	
鸒	jɯ1	
鸒	jɯ3	
鸓	lyj1	
鸓	ˀlyj2	
鸕	lu1	
鸗	luŋ1	
鸗	lywŋ1	
鸘	ʂaŋ1	
鸙	jɑk4	
鸚	ʔiˤŋ1	
鸛	kwɑn3	
鸜	ɡʰɥu1	
鸝	li1	
鸞	lwɑn1	
鹵	ˀlu2	
鹷	liŋ1	
鹹	ɣam1	
鹺	dzʰʌ1	
鹻	kam2	
鹼	tsʰjɛm1	
鹼	kam2	
鹽	jɛm1	
鹽	jɛm3	
鹿	luk4	
麀	ʔiw1	
麁	tsʰu1	
麂	ki2	
麃	bʰaw1	
麃	pʰjɛw2	
麆	dzu3	
麆	dʐɯ3	
麇	kyn1	
麈	tʂɥu2	
麉	kʲjɛn1	
麊	mʲi1	
麋	mi1	
麌	ŋu1	
麌	ˀŋɥu2	
麎	dʐʰin1	
麏	kyn1	
麐	lin1	
麐	lin3	
麑	ŋʲi1	
麒	ɡʰi1	
麓	luk4	
麔	ɡiw3	
麕	kyn1	
麖	kiŋ1	
麗	li1	
麗	li3	
麙	ŋam1	
麚	ka1	
麛	mʲi1	
麜	lit4	
麝	ʐja3	
麝	ʐik4	
麞	tʂjɑŋ1	
麟	lin1	
麠	kiŋ1	
麡	dzʰi1	
麡	tsi1	
麡	dʐʰaj1	
麢	liŋ1	
麤	tsʰu1	
麥	miˤk4	
麧	ɣɨt4	
麨	tʂʰjɛw2	
麩	fu1	
麪	mʲjɛn3	
麮	kʰjɯ2	
麮	kʰjɯ3	
麰	mɨw1	
麱	fu1	
麳	laj1	
麴	kʰiwk4	
麵	mʲjɛn3	
麷	fuŋ1	
麷	fuŋ3	
麻	ma1	
麼	ˀmwʌ2	
麾	xyj1	
黀	tʂɨw1	
黁	nun1	
黂	vʲi3	
黃	ɣwɑŋ1	
黅	kim1	
黇	tʰjɛm1	
黈	tʰɨw2	
黊	ɣʲyj1	
黊	ɣwa3	
黌	ɣwiˤŋ1	
黍	ʂjɯ2	
黎	li1	
黏	njɛm1	
黐	li1	
黐	tɻʰi1	
黑	xɨjk4	
黓	jik4	
黔	ɡʰim1	
黔	ɡʰjɛm1	
黕	tam2	
黖	xi3	
黗	tʰun1	
黗	tʰun2	
默	mujk4	
黚	ɡʰim1	
黚	ɡʰjɛm1	
黛	daj3	
黜	tɻʰyt4	
黝	ʔʲi1	
黝	ʔʲiw2	
點	tjɛm2	
黟	ʔʲi1	
黠	ɣat4	
黤	ʔɑm2	
黤	ʔam2	
黥	ɡʰiŋ1	
黦	ʔyt4	
黦	ʔɥɛt4	
黦	ʔjɛt4	
黧	li1	
黨	tɑŋ2	
黫	ʔan1	
黬	kam1	
黬	ŋam1	
黭	ʔɑm2	
黮	dam3	
黮	tʰam2	
黯	ʔam1	
黯	ʔam2	
黰	ʔan1	
黰	tʂin2	
黱	daj3	
黲	tsʰam2	
黳	ʔʲi1	
黴	mi1	
黴	muj3	
黵	tam2	
黶	ʔʲjɛm2	
黷	duk4	
黸	lu1	
黹	tɻi2	
黺	fun2	
黻	fut4	
黼	fu2	
黽	ˀmʲin2	
黽	ˀmʲjɛn2	
黽	ˀmiˤŋ2	
黿	ŋɥɛn1	
黿	ŋwɑn1	
鼀	tsʰiwk4	
鼁	kʰjɯ3	
鼂	dɻʰjɛw1	
鼃	ʔwa1	
鼃	ɣwa1	
鼄	tɻɥu1	
鼅	tɻi1	
鼆	ˀmiˤŋ2	
鼇	ŋɑw1	
鼈	pʲjɛt4	
鼉	dʰʌ1	
鼊	pʲik4	
鼎	tiŋ2	
鼏	mʲik4	
鼐	ˀnɑj2	
鼐	nɑj3	
鼒	tsɨ1	
鼒	dzʰaj1	
鼓	ku2	
鼔	ku2	
鼕	dʰuŋ1	
鼖	vun1	
鼗	dʰɑw1	
鼘	ʔin1	
鼘	ʔʲɥɛn1	
鼙	bʲʰi1	
鼚	tɻʰjɑŋ1	
鼛	kɑw1	
鼜	tsʰik4	
鼞	tʰɑŋ1	
鼟	tʰɨjŋ1	
鼠	ʂjɯ2	
鼢	vun1	
鼢	vun3	
鼣	vʲi3	
鼤	ʋun1	
鼤	ʋun3	
鼧	dʰʌ1	
鼧	tʰʌ1	
鼨	tʂiwŋ1	
鼩	ɡʰɥu1	
鼪	ʂiˤŋ1	
鼪	ʂiˤŋ3	
鼫	ʐik4	
鼬	jiw3	
鼭	dʐʰjɨ1	
鼮	dʰiŋ1	
鼯	ŋu1	
鼱	tsiŋ1	
鼲	ɣun1	
鼳	kʲyjk4	
鼴	ʔjɛn2	
鼵	dut4	
鼶	sɨ1	
鼶	dʰi1	
鼷	ɣʲi1	
鼸	ɣʲjɛm3	
鼻	bʲi3	
鼼	ŋʲjɛw3	
鼼	ŋiw3	
鼽	ɡʰiw1	
鼾	xɑn1	
鼾	ɣɑn3	
鼿	xuj1	
鼿	ŋut4	
齁	xɨw1	
齂	xi3	
齂	xaj3	
齂	mat4	
齃	ʔɑt4	
齅	xiw3	
齈	nuŋ3	
齊	dzʰi1	
齊	dzi3	
齋	tʂaj1	
齌	tsʰi1	
齌	tsi1	
齌	dzi3	
齍	tsɨ1	
齎	tsɨ1	
齎	tsi1	
齏	tsi1	
齒	tʂʰjɨ2	
齔	tʂʰɨn2	
齔	tʂʰɨn3	
齕	ɣɨt4	
齕	ɣʲjɛt4	
齖	ŋa1	
齖	ŋa3	
齗	ŋin1	
齗	ˀŋin2	
齘	ɣaj3	
齚	dʐiˤk4	
齛	sjɛt4	
齜	tʂɨ1	
齝	ʂjɨ1	
齝	tɻʰi1	
齞	ˀŋʲjɛn2	
齟	dʐɯ3	
齡	liŋ1	
齤	ɡʰɥɛn1	
齦	ŋin1	
齦	kʰɨn2	
齦	kʰan2	
齧	ŋʲjɛt4	
齨	ɡiw3	
齩	ˀŋaw2	
齪	tʂʰwak4	
齫	kʰun2	
齬	ŋjɯ1	
齬	ŋu1	
齬	ˀŋjɯ2	
齭	ʂɯ2	
齭	tʂʰɯ2	
齮	ˀŋi2	
齯	ŋʲi1	
齰	dʐa3	
齰	dʐiˤk4	
齱	tʂɨw1	
齱	tʂʰwak4	
齲	kʰɥu2	
齳	ˀŋyn2	
齴	ˀŋjɛn2	
齵	ŋɥu1	
齵	ŋɨw1	
齶	ŋɑk4	
齷	ʔak4	
齸	jit4	
齸	ʔʲik4	
齹	tʂʰɨ1	
齹	dʐʰɨ1	
齹	dzʰʌ1	
齺	dʐwak4	
齻	tjɛn1	
齼	tʂʰɯ2	
齽	ɡim3	
齾	ŋɑt4	
齾	ŋat4	
龍	lywŋ1	
龏	kywŋ3	
龏	ʔak4	
龐	bʰaŋ1	
龓	luŋ1	
龓	ˀluŋ2	
龔	kywŋ1	
龕	kʰɑm1	
龖	dap4	
龗	liŋ1	
龜	kyj1	
龜	kiw1	
龠	jɑk4	
龢	ɣwʌ1	
龣	luk4	
龣	kak4	
龤	ɣaj1	
𠀔	kyt4	
𠀘	tʰjɛn1	
𠀽	lut4	
𠁁	dɨw3	
𠁥	kwaj2	
𠁥	kwa2	
𠁫	kʰiw1	
𠁭	ɡʲʰi1	
𠂄	xwɑn1	
𠂆	ji3	
𠂇	tsʌ2	
𠂔	tʂɨ2	
𠂕	ʂjɨ2	
𠂞	ɣu1	
𠂢	pʰaj3	
𠂤	tuj1	
𠂬	ŋwʌ1	
𠂬	ˀŋwʌ2	
𠂼	djɛm3	
𠃀	dʐʰyj1	
𠃊	ʔin2	
𠃚	kʲiw1	
𠃾	kyj1	
𠄅	ŋjɛp4	
𠄈	lin3	
𠄌	kɥɛt4	
𠄏	tjɛw2	
𠄔	ɣʲjɛw3	
𠄖	liŋ1	
𠅞	ʐiŋ1	
𠅬	pɑw1	
𠆎	ɰyj1	
𠆩	vam1	
𠆩	fam3	
𠆲	ˀŋjɛm2	
𠆴	naw3	
𠆵	ŋʲi1	
𠇗	kʰwa1	
𠇱	mwɑt4	
𠈇	siwk4	
𠈈	tsʰɨ2	
𠈈	sɨ2	
𠈋	ɻiwŋ1	
𠈱	sʌ1	
𠈵	maŋ1	
𠈵	ˀmaŋ2	
𠈺	bʲi3	
𠉤	dap4	
𠉦	siwk4	
𠊧	biˤŋ3	
𠊩	dʐan3	
𠊪	ʐɥu3	
𠊬	ɡjɑk4	
𠊬	kʰik4	
𠊰	kwa2	
𠊷	dɻi3	
𠊾	ɡʰyj1	
𠊾	ɡʲyj3	
𠋧	kʰja1	
𠋩	fuk4	
𠋬	kʲyjk4	
𠋺	sɑw1	
𠌖	ɡʰywŋ1	
𠌪	tʰɑw1	
𠌭	ʂut4	
𠌮	tʂja1	
𠌰	kɑj3	
𠌶	ɰɥu1	
𠌶	xɥu1	
𠍀	tuŋ1	
𠍜	dɻi3	
𠍴	kʰjɛn1	
𠍹	tɻap4	
𠎷	sap4	
𠏀	kʰwʌ1	
𠏃	ʔɥa1	
𠏢	lwʌ3	
𠏤	kɥɑŋ2	
𠏭	dzuŋ3	
𠏮	tuj3	
𠐀	ji1	
𠐋	pʰaw1	
𠐋	law1	
𠐌	pi2	
𠐤	kuj1	
𠐩	tɻʰam2	
𠐻	ɡjɛn3	
𠐻	kjɛn2	
𠐼	lim3	
𠐽	ɡʰyj1	
𠐽	kyj3	
𠐾	kʰi1	
𠐿	xujŋ1	
𠑅	tɻiˤŋ1	
𠑆	tɻʰjɛm2	
𠑗	sjɛn1	
𠑘	tjɛn1	
𠑟	pʲjɛn1	
𠑹	ku2	
𠒃	zɨ3	
𠒅	zɨ3	
𠒆	ɻjɨ1	
𠒢	ŋwɑn1	
𠓋	jik4	
𠓗	fu3	
𠓗	pʰiˤk4	
𠓭	ˀlam2	
𠔙	tuŋ1	
𠔯	pan1	
𠔺	kʰam1	
𠔼	ˀmɑw2	
𠔼	mɨw3	
𠕓	kʰak4	
𠕣	kʰap4	
𠕦	jɥu3	
𠖶	tsʰim3	
𠖷	kʲyjŋ2	
𠗂	ɣɑk4	
𠗉	ɣʲjɛp4	
𠗉	tsjɛp4	
𠗉	ɣap4	
𠗊	ɡʲiŋ3	
𠗨	djɛp4	
𠗨	dɻap4	
𠗲	liŋ1	
𠗴	ɣɑm1	
𠗺	ji1	
𠘂	sɨw1	
𠘧	dʐʰɥu1	
𠘱	tʂin2	
𠙶	ʔɨw2	
𠚡	tʰɑw1	
𠚥	tjɛw1	
𠛂	tʂʰaŋ1	
𠛎	kɨw1	
𠛐	tʂi3	
𠛑	ɣʲjɛn1	
𠛮	tsʰɥɛn1	
𠛱	tsat4	
𠛱	ljɛt4	
𠛺	fu2	
𠜓	tʰik4	
𠜖	lwɑt4	
𠜙	pu3	
𠜱	pʲʰi1	
𠜲	ʔa1	
𠜵	kat4	
𠜶	ˀnɑw2	
𠜻	xwiˤk4	
𠜾	kyj3	
𠜾	kyt4	
𠝃	ʔʲɥɛn1	
𠝟	ʔiŋ2	
𠝤	tʂʰywŋ1	
𠝥	kʲʰyj1	
𠞂	si1	
𠞇	pʲʰi3	
𠞈	tap4	
𠞉	lit4	
𠞊	tʂʰaj1	
𠞊	tʂʰa1	
𠞩	tʂʰɨt4	
𠞩	ʂut4	
𠞭	lɨw1	
𠞭	lɨw3	
𠞮	tʂʰaŋ2	
𠞱	ɡin3	
𠟂	tsʰɨjŋ3	
𠟃	tsun2	
𠟉	tʂjɛn2	
𠟍	tʂʰywŋ1	
𠟎	ŋɑk4	
𠟪	tsʰjɛp4	
𠟪	ŋjɛp4	
𠟭	tsɨjk4	
𠟻	tsɨjk4	
𠟼	ɣwan1	
𠟽	kwat4	
𠠃	tsʰjɛm1	
𠠍	li1	
𠠎	kʰwɑk4	
𠠎	kʰwiˤk4	
𠠗	ljɛp4	
𠠜	ʔiˤŋ1	
𠠫	li3	
𠠳	kiw1	
𠡂	bit4	
𠡃	tsʌ3	
𠡝	ŋit4	
𠢆	ɣat4	
𠢈	kjɯ2	
𠢓	mɑk4	
𠢕	ɣɑw1	
𠢠	lik4	
𠢤	kɥɛt4	
𠢲	kʰaj2	
𠢳	ʂiˤk4	
𠣊	ljɯ3	
𠣑	ʔaw1	
𠣙	zyn1	
𠣟	tsʰyn1	
𠣨	ŋi1	
𠣪	ɡʰɥu1	
𠣫	ʐjɛw3	
𠣬	syn2	
𠣵	bujk4	
𠣾	pʰujk4	
𠤄	kʰiwk4	
𠤄	ɡiwk4	
𠤈	vuŋ3	
𠤎	xwa3	
𠤏	pɑw2	
𠤼	dʰjɛw1	
𠥐	tsʰɑŋ1	
𠥗	kyj2	
𠥙	tsʰɥɛn1	
𠥜	ʔɑt4	
𠥦	jik4	
𠥴	ɣɑm1	
𠥸	tʰi1	
𠦂	tʰɑw1	
𠦒	pwɑn1	
𠦒	pʲit4	
𠦪	xyt4	
𠦫	dzip4	
𠦬	kwaj1	
𠧙	dʐʰjɛw1	
𠧙	tʂjɛw3	
𠧙	ʐjɛw3	
𠧚	tʂʰik4	
𠧞	dɻjɛw3	
𠧧	si1	
𠧩	xuj3	
𠧪	dʰjɛw1	
𠧴	jiw1	
𠧵	tʂʰik4	
𠨍	tsi2	
𠨎	dʐwan3	
𠨘	pi3	
𠨜	ŋut4	
𠨧	tsʰjɛn1	
𠨮	tʂiˤk4	
𠨴	kaj3	
𠩁	dʰuŋ1	
𠩂	kʰjɛp4	
𠩃	jɑk4	
𠩄	ʂɯ2	
𠩗	ji1	
𠩘	kap4	
𠩫	ŋʲik4	
𠩬	li1	
𠩺	xi1	
𠪙	sɨ2	
𠪚	ŋim1	
𠪚	tʰam2	
𠪚	kʰɑm2	
𠪮	tʂik4	
𠫓	tʰut4	
𠬈	pʲi2	
𠬛	mut4	
𠬝	tsjɛt4	
𠬢	tʰɑw1	
𠬪	bjɛw3	
𠭖	kɑm2	
𠭙	ʂin1	
𠭥	syj3	
𠭥	tʂyj3	
𠭰	li1	
𠭴	tʂut4	
𠭴	tʂɥɛt4	
𠮊	tɨjk4	
𠮌	tʂut4	
𠮯	ki2	
𠯋	ʔʲi2	
𠯔	pʲʰit4	
𠯗	tsap4	
𠯘	pwɑn3	
𠯙	tsjɛt4	
𠰉	tɻʰjɛw1	
𠰒	ˀɻja2	
𠱘	ŋik4	
𠱝	ʔjɛt4	
𠱠	liŋ1	
𠱡	ʂaj3	
𠱡	sat4	
𠱥	ŋɑt4	
𠲗	ŋɑt4	
𠲮	kʲiŋ3	
𠲳	ʂin1	
𠲷	tjɛp4	
𠳃	ɣuŋ3	
𠳋	kʲʰjɛn2	
𠳌	kʰʌ1	
𠳌	kʰa3	
𠴦	tʂɥu3	
𠴨	kwan1	
𠴪	ʂwat4	
𠴫	tsiwk4	
𠴫	dzik4	
𠴱	ɣu1	
𠶷	ʔik4	
𠶸	ɡjɑk4	
𠶸	kʰik4	
𠷂	daj3	
𠷈	lyt4	
𠷎	dɻʰiw1	
𠷏	xyj2	
𠷏	ʔyj2	
𠷑	pʰwɑt4	
𠷓	xʲiŋ1	
𠷞	ku1	
𠷾	xyjk4	
𠸶	sɑŋ1	
𠸶	sɑŋ3	
𠸹	ʔiwk4	
𠹀	sun3	
𠹈	nʌ1	
𠹊	tsʰɑw2	
𠹋	dzit4	
𠹝	ʔɨw3	
𠺛	dɑw3	
𠻚	mu1	
𠻛	sɨw2	
𠻜	ʂwaj3	
𠻜	ʂwat4	
𠻡	ˀlʌ2	
𠻤	ˀjin2	
𠻤	ˀjɛn2	
𠻤	jɛn3	
𠽧	djɛt4	
𠽶	tʂʰwaj3	
𠿈	tʂaw1	
𠿈	tʂɨw1	
𠿊	kʲʰik4	
𠿍	tjɛn3	
𠿎	xwa1	
𠿒	xɑt4	
𠿓	sap4	
𠿕	kʰjɛw3	
𠿝	tʂʰɯ1	
𠿟	ʔak4	
𠿠	tʂɨp4	
𠿡	tɻwat4	
𡀾	ŋɑp4	
𡀿	lɥu3	
𡁆	lwak4	
𡁉	tɻip4	
𡁋	ʔun2	
𡁶	tsit4	
𡂏	ljɛp4	
𡂒	tʂit4	
𡂕	ˀlɑw2	
𡂖	laj3	
𡂟	baw3	
𡂩	ljɛp4	
𡃡	luŋ1	
𡄑	tsjɛm1	
𡄑	tsjɛm3	
𡄴	ɣwiˤk4	
𡅡	ŋɑk4	
𡅽	xɑn3	
𡅽	xwɑn3	
𡆑	ŋam1	
𡇈	dɑŋ3	
𡇓	tjɛt4	
𡇠	tɻiˤk4	
𡇰	tʂɥɛn2	
𡇱	kʰak4	
𡇶	ɣɑp4	
𡇼	ʔat4	
𡈋	kʰyn1	
𡈋	kʰun2	
𡈗	mɑk4	
𡈣	sɥɛn1	
𡈼	tʰiŋ2	
𡉚	fuŋ1	
𡊁	ʔik4	
𡊅	fun1	
𡊅	fun3	
𡊉	mwɑt4	
𡊻	ljɛt4	
𡋯	but4	
𡋲	dzwʌ3	
𡌦	vʲi3	
𡌪	kwaj3	
𡌲	kʲyj1	
𡍖	daj3	
𡍦	ɣun1	
𡍦	ɣwan1	
𡍨	du3	
𡍪	tʂʰɨp4	
𡍫	tʂʰiˤk4	
𡍮	dʐʰyj1	
𡎬	tʂwa2	
𡎯	ɣwaj3	
𡎰	dɻʰi1	
𡎺	tʂuk4	
𡎻	dʐʰan1	
𡏩	tuj1	
𡏮	dʐʰaw1	
𡏳	kin2	
𡐔	jin1	
𡐞	pʲjɛt4	
𡐠	kʲʰyj1	
𡐠	kwaj2	
𡐠	kwa3	
𡐤	kʰjɛt4	
𡐨	ˀja2	
𡑈	tuj2	
𡑟	ʔwʌ1	
𡑠	tʂʰjɨ3	
𡑠	ʐik4	
𡑣	kʰut4	
𡒊	jɯ3	
𡓐	ŋɑk4	
𡔇	luj3	
𡔞	ˀʋɑŋ2	
𡔢	kʲjɛt4	
𡔢	kʲʰjɛt4	
𡕗	ɣɑj3	
𡕢	ˀmʲjɛm2	
𡕢	ˀʋam2	
𡕬	ɣɑŋ3	
𡕮	liŋ1	
𡕮	kik4	
𡖓	tam1	
𡖓	tam2	
𡖔	nʌ1	
𡖯	suk4	
𡖶	miˤk4	
𡖾	kʰi1	
𡖿	ɣwʌ3	
𡗞	ɣʲi1	
𡗥	dʐʰyn1	
𡗷	ku1	
𡗹	fan3	
𡗻	fut4	
𡘌	tsʰɨ2	
𡘌	xaj3	
𡘴	pʲjɛt4	
𡘸	kʲjɛn2	
𡙜	dwɑt4	
𡙳	kiwk4	
𡙷	ʔjɛn3	
𡚊	xwɑn1	
𡚠	kɥɑk4	
𡚠	ɡɥɑk4	
𡚤	bi3	
𡚮	kiw2	
𡚼	tʂʰjɨ2	
𡚽	xɑw2	
𡚽	xɑw3	
𡛗	pi3	
𡛟	ɰɥɛt4	
𡜂	ɣu3	
𡜊	fɨw1	
𡜊	fɨw2	
𡝐	dɻʰa1	
𡝡	mʲi1	
𡝦	ˀnɨw2	
𡝫	ʂjɛm1	
𡝫	tɻʰjɛm1	
𡞘	sjɛp4	
𡞞	ʂiˤŋ2	
𡞟	bwɑn3	
𡞢	kʰɨjk4	
𡞣	ɣam3	
𡞦	ɡʲʰyjŋ1	
𡟨	ʂjɛm2	
𡟰	ʔɥɛn1	
𡟷	ɣɑw3	
𡠗	tʂjɨ3	
𡠗	tʂip4	
𡠚	pʲit4	
𡠜	miˤk4	
𡠼	sɨw1	
𡡉	mwʌ1	
𡡏	ʂaw1	
𡡐	puk4	
𡡕	ʔɥɛt4	
𡡗	ˀlɥɛn2	
𡢑	tɻyt4	
𡢕	xyj2	
𡢖	kʰaj2	
𡢖	kʲʰi3	
𡢖	kʰaj3	
𡣪	ʂik4	
𡣫	mujk4	
𡣬	ʔwan1	
𡣬	ʔʲɥɛn1	
𡣬	ʔɥɛn1	
𡤉	bʲʰin1	
𡤙	nap4	
𡤫	kʰa1	
𡤬	ʔɥɑk4	
𡤯	lyj1	
𡥀	pɑw2	
𡥈	kaw3	
𡦄	vɨw1	
𡦗	ɻɥu3	
𡦳	xaw3	
𡦼	ˀɻywŋ2	
𡧋	bʰin1	
𡧍	mʲjɛn3	
𡧘	dzik4	
𡧮	ʔʲjɛw2	
𡧯	dzik4	
𡧽	xwɑŋ2	
𡨀	dɻʰa1	
𡨃	ɡʰiw1	
𡨢	kjɯ1	
𡨾	ʔʲjɛn1	
𡩆	dʰʌ1	
𡩇	kʲʰjɛw1	
𡩡	ʂiˤk4	
𡩩	mɑŋ1	
𡪁	ŋɑm1	
𡪄	tɻjɯ2	
𡪔	tsʰin1	
𡪢	tsʰim2	
𡪶	xɑm1	
𡫀	kʲik4	
𡫬	kiwk4	
𡫺	fɨw1	
𡫼	sɨjk4	
𡫽	ɻjɯ1	
𡫽	ˀɻjɯ2	
𡫽	ʔjɯ3	
𡬄	ɡʲyj3	
𡬍	ˀmi2	
𡬍	ˀmʲi2	
𡬓	tsʰim2	
𡬖	xɑm1	
𡬙	sɨjŋ3	
𡬹	dɑw3	
𡭊	tuj3	
𡭐	ʐɥɛn3	
𡭴	kʰik4	
𡭾	ˀnɨw2	
𡮞	tɻik4	
𡯄	lik4	
𡯋	kɑn1	
𡯱	ˀŋɥɛn2	
𡯵	tʰuj3	
𡰄	dʰi1	
𡰅	ɣut4	
𡰖	ti1	
𡰖	dʰi1	
𡰝	ɡʰɥɛn1	
𡰠	lyj1	
𡰠	lwʌ3	
𡰢	ɣʲyj1	
𡰥	ji1	
𡰪	tuk4	
𡰾	tsʰɨ1	
𡰿	buk4	
𡱂	dʰun1	
𡱂	djɛn3	
𡱐	ji1	
𡱣	zjɯ3	
𡱣	jɯ3	
𡱥	tsuj1	
𡱺	ɡʰɥu1	
𡱼	kʰwʌ3	
𡱿	jik4	
𡲃	ʔuk4	
𡲕	tʰi3	
𡲗	ɡyt4	
𡲣	kaŋ3	
𡲬	ɡyt4	
𡳅	kʰi3	
𡳆	tsʰjɯ1	
𡳠	tsʰɨ1	
𡳭	tɻʰi2	
𡳭	tɻʰi3	
𡳸	lik4	
𡴀	fuŋ1	
𡴆	liwk4	
𡴎	ŋʲjɛt4	
𡴎	ŋjɛt4	
𡴘	ɣiˤŋ3	
𡴞	ˀjyn2	
𡴥	tɻʰi1	
𡴺	tsjɛt4	
𡴺	dzjɛt4	
𡵙	ŋɑŋ3	
𡶇	mit4	
𡶎	ʋʲi3	
𡶒	vut4	
𡷘	bjɛt4	
𡷛	ɣɑn3	
𡷝	njɛp4	
𡷡	ʔʲɥɛn1	
𡷥	kʰuk4	
𡷨	kʰiˤŋ1	
𡸂	tʰu1	
𡸓	kʰjɑŋ1	
𡸔	ɣʲyj1	
𡸜	dɻik4	
𡸦	dʐiˤk4	
𡸨	tsɥu1	
𡹆	duk4	
𡹮	ʔjɛm2	
𡹼	ŋɑn3	
𡺮	pʰi2	
𡺲	syn3	
𡺵	dʐʰaj1	
𡻚	kʰɑŋ2	
𡻝	dzʰjɛw1	
𡻝	dʐʰaw1	
𡻞	pʲit4	
𡻠	tʂjɯ3	
𡻡	ɣɑm3	
𡻭	ˀlyj2	
𡻮	ɣu3	
𡼄	djɛt4	
𡼊	ˀluj2	
𡼿	kʰut4	
𡽆	tʂjɨ3	
𡽐	ljɛw1	
𡽜	ŋɑn1	
𡽠	pʰwʌ2	
𡽧	naw1	
𡾅	ljɯ3	
𡾋	ˀluj2	
𡾙	ŋɑk4	
𡾰	kjɛn2	
𡾰	ɡjɛn3	
𡿔	lyj1	
𡿖	ŋat4	
𡿖	ŋʲjɛt4	
𡿦	kʰun1	
𡿧	tsaj1	
𡿨	kʲɥɛn2	
𡿪	ŋit4	
𡿪	ljɛt4	
𡿮	tʰut4	
𡿮	dut4	
𡿯	ɰyt4	
𡿿	ɣujk4	
𢁁	tɻwak4	
𢁕	tjɛw2	
𢁗	kɑn3	
𢁘	sam1	
𢁥	fun1	
𢁦	bi3	
𢁬	tʂaw2	
𢁮	ɡʰjɛm1	
𢁼	tɻjɯ2	
𢁾	tɻʰjɛw1	
𢂀	fut4	
𢂁	kʰɨw1	
𢂃	dzɑk4	
𢂊	ʔaw2	
𢂏	puj3	
𢂐	ɣʲjɛp4	
𢂑	ʂik4	
𢂤	buj3	
𢂥	li3	
𢂷	kɑp4	
𢂷	kap4	
𢂹	maw3	
𢂺	tsʰjɛn3	
𢂻	ɻin3	
𢂼	ji3	
𢂿	kʰap4	
𢃀	ʋu1	
𢃍	pʲi1	
𢃏	dzʰuŋ1	
𢃐	kʰuŋ1	
𢃒	tsuj3	
𢃓	tsʰywŋ2	
𢃔	tʂʰjɛm1	
𢃕	tʰap4	
𢃖	dɻʰiw1	
𢃗	ɣɑm3	
𢃛	ɡʰi1	
𢃤	xujk4	
𢃬	tsjɛn1	
𢃮	ˀmʲjɛn2	
𢃳	dʐʰjɛw1	
𢃴	lat4	
𢃶	duk4	
𢄇	kɨw3	
𢄋	ʔʲyjŋ1	
𢄏	mujk4	
𢄐	muŋ1	
𢄐	muŋ3	
𢄓	ʔu2	
𢄔	taj3	
𢄢	tʂjɨ3	
𢄢	ʂyj3	
𢄳	kʰwa2	
𢄴	ˀnʌ2	
𢄶	xwiˤk4	
𢄹	kʰjɛw1	
𢄺	ˀljɛw2	
𢄺	tsjɛw2	
𢄻	san2	
𢄼	sɥu1	
𢅉	maw3	
𢅎	kʲjɛw2	
𢅎	kʲjɛw3	
𢅫	zyj3	
𢅮	zjɛm1	
𢅯	vun3	
𢅰	xiˤk4	
𢅹	jɑk4	
𢆃	nuj1	
𢆃	nan3	
𢆉	ˀɻim2	
𢆞	kʲjɛn2	
𢆶	ʔiw1	
𢆶	ʔʲiw1	
𢆸	piˤŋ1	
𢇇	kwan1	
𢇌	sɨ2	
𢇓	ɡit4	
𢇘	ˀŋjɛm2	
𢇞	ɣɑm3	
𢇫	fuŋ2	
𢇷	bwɑt4	
𢈉	dʰuŋ1	
𢈌	kyj3	
𢈕	paj3	
𢈙	ɣap4	
𢈚	ˀljɯ2	
𢈹	tuj1	
𢉤	ka3	
𢉥	ʔjɛt4	
𢉥	ʔɑt4	
𢉨	lat4	
𢊄	xʲyj1	
𢊕	tsʰuŋ1	
𢊕	tsuŋ2	
𢊖	ʂim3	
𢊗	mɑk4	
𢊰	sjɛn3	
𢊿	xʲyj1	
𢋅	jɥu1	
𢋅	jiw1	
𢋑	ˀʋu2	
𢋒	ɣwɑk4	
𢌨	jɛn1	
𢌱	ˀjɯ2	
𢌳	ɡʰyj1	
𢌻	jiwk4	
𢍁	ɡʰi1	
𢍁	ɡi3	
𢍏	kɥɛn3	
𢍚	ɰyj3	
𢎀	jik4	
𢎘	ɣɑm1	
𢎘	ɣɑm3	
𢎛	tsjɛt4	
𢎢	ˀjin2	
𢎦	dʐʰɥu1	
𢎰	ʔu1	
𢎰	kʰu1	
𢏏	mʲi1	
𢏕	dʰuŋ1	
𢏗	ŋʲi3	
𢏤	syn3	
𢐀	bit4	
𢐂	ʐjɨ3	
𢐂	tɻi3	
𢐄	jɥɛn3	
𢐲	van1	
𢐸	lu1	
𢑄	jɛw1	
𢑆	ɡʰɥɛn1	
𢑢	xut4	
𢒔	tɻywk4	
𢒔	tɻʰywk4	
𢒞	lan3	
𢒫	zim1	
𢓀	jik4	
𢓈	zyn3	
𢓕	jim1	
𢓜	kiˤk4	
𢓠	ʂɨn1	
𢓡	ji1	
𢓪	ʐɨ3	
𢓱	fuŋ1	
𢓴	tʰuj3	
𢔀	tsʰim1	
𢔅	tuŋ1	
𢔋	sywŋ1	
𢔌	pʲi2	
𢔟	ˀniw2	
𢔠	xʲyjk4	
𢔡	kʰaj1	
𢔢	jɥu1	
𢔥	ɰyt4	
𢔭	dʰi1	
𢕒	vɨw3	
𢕕	sam2	
𢕘	tsʰuj1	
𢕚	tɻik4	
𢕬	tʂʰɨp4	
𢕬	sap4	
𢕮	tɻaj3	
𢕮	tɻa3	
𢖊	pʲʰiŋ1	
𢖒	ʔiw1	
𢖔	paw3	
𢖦	kʰɥɑk4	
𢖫	ŋi3	
𢖳	xɥu1	
𢖶	kʰywŋ2	
𢖶	kʰywŋ3	
𢖺	jik4	
𢗊	xaj3	
𢗋	dʐʰyn1	
𢗋	ɡʲʰyjŋ1	
𢗒	baŋ3	
𢗿	mwɑt4	
𢘁	sjɛm1	
𢘉	ɣap4	
𢘌	ɣwiˤŋ1	
𢘍	bit4	
𢘎	ˀɻɥɛn2	
𢘐	tuŋ1	
𢘽	ji3	
𢘽	tɻʰi3	
𢘿	swʌ1	
𢙣	ʔɑk4	
𢙱	luŋ3	
𢙼	ɣʲiŋ3	
𢚃	lɥɛt4	
𢛁	tat4	
𢛃	ɡʰiw1	
𢛃	ɡiw3	
𢛆	ɣʲjɛn1	
𢛈	tʂʰjɛm1	
𢛎	bʲjɛt4	
𢛓	lan1	
𢛢	ɣɨjŋ1	
𢛳	tɨjk4	
𢜩	kʰjɛm1	
𢜩	kʰam2	
𢜫	siŋ2	
𢜬	dɑk4	
𢜭	ɡik4	
𢜭	kik4	
𢜮	ʋu1	
𢜮	ˀʋu2	
𢜮	ˀmu2	
𢜰	ʔʲjɛm3	
𢜰	ʔjɛm3	
𢜳	tʂʰi3	
𢜽	ɡʲʰyj1	
𢜽	ɡʲyj3	
𢝁	xwiˤŋ1	
𢝆	dɻywŋ3	
𢝇	xwiˤk4	
𢝰	tsuŋ2	
𢝹	tʰi3	
𢞎	baj3	
𢞏	kʰiwŋ1	
𢞐	ɣɑj3	
𢞒	tʰik4	
𢞒	kʲʰik4	
𢞗	pʲʰi1	
𢞝	saj3	
𢞡	xaŋ2	
𢞣	ʂiwk4	
𢞦	vu1	
𢟢	li1	
𢟤	li1	
𢟤	li3	
𢟪	xi3	
𢟪	ʔɑj3	
𢟮	ˀmwɑn2	
𢟰	ŋaj3	
𢠜	but4	
𢠳	pʲʰjɛt4	
𢠵	tʂʰjɑŋ2	
𢠶	ɣwan3	
𢠽	dɑŋ3	
𢡍	kiˤk4	
𢡹	ʐywŋ3	
𢢗	dɻwak4	
𢢜	ŋjɛp4	
𢢝	syj3	
𢢞	kʲʰi3	
𢣏	ʔɑj3	
𢣐	pʲʰin1	
𢣒	ɣun1	
𢣔	mʲjɛn1	
𢣘	jyj3	
𢣙	ʔʲyjŋ3	
𢣻	ljɯ1	
𢤁	sɑw3	
𢤂	li1	
𢤄	suŋ1	
𢤆	li3	
𢤇	ni3	
𢤋	xik4	
𢤤	dɻwaŋ3	
𢤦	tuŋ2	
𢤬	vun3	
𢤱	ˀluŋ2	
𢥎	tsi1	
𢥗	li1	
𢥘	ɣʲyj1	
𢥛	sɨjk4	
𢥞	dʰuŋ1	
𢥠	ʂwaŋ1	
𢦅	xuŋ2	
𢦏	tsaj1	
𢦚	ɣwa3	
𢦟	kʰɑm1	
𢦦	ɻiwŋ1	
𢦧	mɨw1	
𢦩	dʐʰiŋ1	
𢧀	kɑn1	
𢧖	tɻat4	
𢧤	dɻit4	
𢧧	kɨjk4	
𢧨	tʂʰyn2	
𢧳	jywŋ1	
𢧴	ŋɑw1	
𢨔	ˀʋam2	
𢨛	xi1	
𢨪	ʐɨ3	
𢨸	tɻʰɥu3	
𢩭	tsʰun2	
𢪃	tsʰut4	
𢪇	tsjɑŋ1	
𢪍	tsit4	
𢪍	tsjɛt4	
𢪎	xɥa1	
𢪏	ɣut4	
𢪒	kywŋ2	
𢫦	miˤk4	
𢫨	ˀɻywŋ2	
𢫨	nywŋ3	
𢫯	bujk4	
𢫷	ˀnwʌ2	
𢬆	tʂʰɨw1	
𢬳	tʰuk4	
𢬴	tɻjɛp4	
𢬴	tjɛp4	
𢭃	twɑn2	
𢭆	tɻʰiw1	
𢮁	ʔjɯ2	
𢮁	ʔjɯ3	
𢮂	kʲjɛn1	
𢮂	ɣʲjɛn1	
𢮟	ɣat4	
𢮨	ʐɥɛn3	
𢯩	tʂiˤk4	
𢯩	dzik4	
𢯮	ɰyt4	
𢯱	ʂɨw1	
𢯲	ʔwɑn3	
𢯴	kaw2	
𢯷	ˀɰyj2	
𢯸	pʰwɑt4	
𢯻	ˀjɥɛn2	
𢯼	ˀjin2	
𢯼	jin3	
𢯽	tsʰʌ3	
𢯾	mɑw3	
𢰂	ti3	
𢰂	di3	
𢰇	ʔaj1	
𢱡	swʌ2	
𢱢	sɑk4	
𢱧	bʲjɛt4	
𢲵	dzɑw3	
𢲸	ˀlu2	
𢲼	djɛt4	
𢳁	buj3	
𢳄	zɥɛn3	
𢳋	pʲi2	
𢳚	kjɛn1	
𢴧	dɻi3	
𢴩	pit4	
𢴮	kʰjɯ1	
𢴲	ɣʲjɛt4	
𢴲	xʲjɛt4	
𢴵	jɛm3	
𢵈	kʲjɛn2	
𢶀	dʐʰwaj1	
𢶃	van1	
𢶆	kjɛt4	
𢶇	ɡʲʰyjŋ1	
𢶉	pʰiˤk4	
𢶋	tʰjɛt4	
𢶍	sap4	
𢶍	dzap4	
𢶒	kuj3	
𢶜	ʔywŋ2	
𢶡	kʲʰjɛw3	
𢶡	kʲʰik4	
𢷎	paj3	
𢷏	bak4	
𢷒	ɡjɛt4	
𢷕	mak4	
𢷖	twɑn2	
𢷘	kjɛn2	
𢷟	tɻi3	
𢷶	liw1	
𢷾	ʂwiˤk4	
𢸁	kywŋ2	
𢸣	ˀnjɛw2	
𢸧	zjɛm1	
𢹍	xi1	
𢹎	ˀɻjɛw2	
𢹕	kʲjɛn2	
𢹖	kwiˤk4	
𢹰	bʲjɛw3	
𢺃	kʲjɛn2	
𢺑	lwʌ3	
𢺰	liŋ1	
𢺰	liŋ3	
𢺵	kʲʰi3	
𢺷	ɡʰi1	
𢻃	ʐjɨ3	
𢻚	ɡʲʰi1	
𢻢	ˀljɛw2	
𢻫	ʂjɨ1	
𢻬	fu2	
𢻳	vu1	
𢻹	pʲʰi1	
𢻹	bi3	
𢻹	pʰi2	
𢼂	kaw3	
𢼛	kiˤk4	
𢼛	kwiˤk4	
𢼟	ʔɥɑŋ2	
𢼣	kʰat4	
𢼸	ʋʲi1	
𢼹	pʰu1	
𢽚	tuk4	
𢽚	tɻwak4	
𢽝	dʐʰam1	
𢽣	kʰam1	
𢽤	kɑm2	
𢽳	san2	
𢽹	ˀmin2	
𢾁	ɰyj1	
𢾅	du3	
𢾇	pʰik4	
𢾊	dɻʰiˤŋ1	
𢾎	tʂʰyn2	
𢾫	tɻi2	
𢾮	dʰuŋ1	
𢿏	pʰaw1	
𢿢	lwɑn3	
𢿣	kʲʰjɛw1	
𢿣	ŋaw1	
𢿣	kʲʰik4	
𢿥	pwʌ3	
𢿦	dɻʰiˤŋ1	
𢿱	san2	
𢿱	san3	
𢿾	tsʰɑw1	
𣀃	ljɛm1	
𣀒	dzuŋ3	
𣀓	dʐʰiw1	
𣀔	fan3	
𣀔	tʂʰwan3	
𣀣	vut4	
𣀤	kwaj3	
𣀮	ɻjɑŋ1	
𣀳	njɛp4	
𣀶	tswɑn1	
𣀷	li1	
𣀷	ˀli2	
𣁗	tʰan3	
𣁜	mwɑn3	
𣁟	li1	
𣁣	lan1	
𣁳	xwɑt4	
𣁳	ʔwɑt4	
𣁳	ʔwat4	
𣁴	kʰap4	
𣂁	tʰjɛw1	
𣂆	pʰɑŋ1	
𣂆	bʰiˤŋ1	
𣂉	tik4	
𣂞	ˀlʌ2	
𣂯	ʐi3	
𣃈	tɻjɑk4	
𣃍	tsʰyj3	
𣃍	tʂʰwaj3	
𣃘	dɻʰwaŋ1	
𣃘	tɻiŋ1	
𣃘	tɻʰjɛn2	
𣃦	ʋut4	
𣃳	ʔjɛm2	
𣃳	ʔʲjɛp4	
𣄝	ŋjɛm3	
𣄠	pʲjɛw1	
𣄧	jyj1	
𣄲	kʰyj2	
𣄴	ljɑŋ1	
𣄴	ljɑŋ3	
𣄸	ɣwʌ3	
𣅔	tʂiˤk4	
𣆖	xwɑŋ1	
𣆖	xwɑŋ2	
𣇩	ʔa3	
𣈡	tʰi2	
𣉘	nɑj3	
𣉘	nɨjk4	
𣉻	tɻi3	
𣊟	kʰɑm3	
𣊡	xʲjɛn2	
𣊡	ŋɑp4	
𣋞	ʔɑj3	
𣋟	ˀmwʌ2	
𣋲	ljɛp4	
𣌍	njɛp4	
𣌏	tɨjk4	
𣌧	tʂʰiˤk4	
𣍆	tʂʰjɨ1	
𣍆	niŋ1	
𣍘	dzʰɑw1	
𣍦	xɥɑŋ3	
𣎛	kʲyt4	
𣎜	ʐiŋ3	
𣎟	zim1	
𣎲	tʰɑŋ2	
𣎳	pʰaj3	
𣎳	pʲʰin3	
𣎴	ŋɑt4	
𣏔	kʰun3	
𣏚	dʐʰjɨ1	
𣏜	mʲjɛn1	
𣏞	ɰiw1	
𣏟	pʰaj3	
𣐉	tɻʰi3	
𣐊	kiwk4	
𣐋	ɰɥɛt4	
𣐑	dzʰɨ1	
𣐵	ji1	
𣐾	xɑw1	
𣑍	kwa2	
𣑫	twʌ1	
𣑫	twʌ3	
𣓀	tʂɨn1	
𣓀	tʂɨn2	
𣓁	kʰɑn1	
𣓅	kʰam2	
𣓈	ˀljɑŋ2	
𣓌	kɑw1	
𣓌	kɑw2	
𣓗	xut4	
𣓧	tɻɥɛn2	
𣔴	jiw1	
𣔺	mɑw3	
𣔺	muk4	
𣔻	dut4	
𣔾	zyj3	
𣕁	ʔʲi1	
𣕁	ŋʲi1	
𣕄	kʲyjŋ1	
𣕇	ʂaw3	
𣕍	syn2	
𣖄	tsʰjɛw1	
𣖅	dʰi1	
𣖬	ɡɥɛt4	
𣖹	njɯ1	
𣖼	syn1	
𣖾	bi3	
𣗻	dɻit4	
𣘖	kjɛn1	
𣘘	ʂɨn1	
𣘟	kʰa1	
𣘢	ŋɑw1	
𣘤	tʂʰat4	
𣘥	bʲi3	
𣘧	vu1	
𣘨	ʔʌ2	
𣘪	lɑw1	
𣘫	ɣɑw1	
𣘯	kwiˤŋ1	
𣘻	dʰu1	
𣘻	dɻʰa1	
𣙿	fʲi3	
𣚃	kʲjɛt4	
𣚊	ɻjɨ1	
𣚍	ʔik4	
𣚏	xɥu1	
𣚕	ʔʲjɛp4	
𣚙	tsjɛn1	
𣛒	li3	
𣛗	lɑk4	
𣛱	dam3	
𣛺	tsʰit4	
𣜄	lwʌ1	
𣜣	dzʰim1	
𣜤	swʌ1	
𣜨	ɡɥɛn3	
𣝂	ɣun1	
𣝉	tuj3	
𣝋	dap4	
𣝍	bik4	
𣝏	kɑw3	
𣝑	jɯ3	
𣝒	ʐja3	
𣝕	tsjɛn1	
𣝗	ɣut4	
𣝞	dʐʰaw1	
𣞐	sja2	
𣞑	miˤŋ1	
𣞒	fu1	
𣞖	tsʰaj3	
𣞙	sɑŋ2	
𣞟	tʂʰin1	
𣞟	tʂin2	
𣞤	ˀʋu2	
𣞰	ljɛn3	
𣞵	ʐim3	
𣞷	suŋ1	
𣞷	suŋ2	
𣟄	tʰɑk4	
𣟉	xwaj3	
𣟌	li3	
𣟳	zɥɛn1	
𣟴	ʂwan1	
𣟼	tsʰjɛw1	
𣟼	tsiw1	
𣟽	lɑw3	
𣠏	tsɨw1	
𣠚	liw1	
𣠞	tʂʰjɛp4	
𣠞	tʂjɛp4	
𣠟	dʐʰɨm1	
𣠺	tsʰjɛp4	
𣠼	ˀlɑw2	
𣡆	sɑŋ2	
𣡌	ŋɑt4	
𣡖	baj3	
𣡞	jɛm1	
𣡠	mʲjɛn1	
𣡶	jɛm1	
𣡷	lit4	
𣢂	xʲi1	
𣢆	ki3	
𣢉	ŋwa1	
𣢑	xi1	
𣢗	xap4	
𣢘	ʂin1	
𣢜	ʔʲiw1	
𣢜	ʔʲiw2	
𣢜	ʔiwk4	
𣢠	bʲit4	
𣢩	xjɛp4	
𣢫	ʔɥɑŋ2	
𣢰	tsiwk4	
𣢲	fam1	
𣢺	xɑm1	
𣣉	xʲik4	
𣣋	liŋ1	
𣣌	tsɨ3	
𣣌	tsʰɨ3	
𣣏	xun1	
𣣢	ji1	
𣣲	xjɛp4	
𣣳	jɛw1	
𣣸	ˀjiw2	
𣣹	xɑp4	
𣤇	kʰak4	
𣤊	lap4	
𣤋	lɨw3	
𣤌	tʂʰwaj3	
𣤢	tʰi3	
𣤩	tʰik4	
𣤴	xi1	
𣤵	ʔʲiŋ2	
𣤶	tsiwk4	
𣤶	dziwk4	
𣤶	tsap4	
𣥂	tʰat4	
𣥦	kɨn1	
𣥹	tʂʰiwk4	
𣥺	dɻʰiˤŋ1	
𣦞	ɡʰyj1	
𣦢	pʲik4	
𣦼	dzʰan1	
𣧂	tʰi3	
𣧍	nut4	
𣧎	kʲyj3	
𣧑	xywŋ1	
𣧖	tʂat4	
𣧖	tsjɛt4	
𣧡	xʲɥɛt4	
𣧩	tʂiwŋ1	
𣧱	ʂan1	
𣧳	lɑk4	
𣧻	dzan3	
𣨍	kuk4	
𣨐	dzʰu1	
𣨙	ʔyj1	
𣨙	ʔyj3	
𣨛	tsyt4	
𣨛	tsʰut4	
𣨶	xyj3	
𣩄	kʰɑp4	
𣩈	dzʰʌ1	
𣩈	tsja1	
𣩎	mɑk4	
𣩒	tsɑw1	
𣩟	dɨjŋ3	
𣩠	sɨ3	
𣩡	suj3	
𣩱	ʔɑj3	
𣪌	dʰɨw1	
𣪏	kɑm2	
𣪘	kʰiw1	
𣪘	kiw3	
𣪠	kʲʰik4	
𣪲	tsuk4	
𣫌	nɨw3	
𣫎	suk4	
𣫐	dʐʰiw1	
𣫓	kʰuk4	
𣫞	dzɑk4	
𣫣	luŋ1	
𣫴	ɣʲyj1	
𣬈	bʲʰi1	
𣬎	kʲɥɛt4	
𣬕	sja2	
𣬜	tʰuk4	
𣬩	fun1	
𣬪	puj3	
𣬬	sap4	
𣬸	dʰjɛw1	
𣬹	liŋ1	
𣭝	kɑp4	
𣭠	njɯ1	
𣭲	ˀɻywŋ2	
𣭷	but4	
𣮉	li1	
𣮉	laj1	
𣮊	tɻik4	
𣮐	bʲik4	
𣮧	pɑŋ2	
𣮫	ka1	
𣯅	ki3	
𣯉	djɛp4	
𣯍	ˀɻyn2	
𣯨	tsywŋ1	
𣯩	mun1	
𣯻	fun1	
𣯼	sywk4	
𣰊	nwaŋ1	
𣱐	tɻi3	
𣱐	ʔʲin3	
𣱓	ɣaw3	
𣱦	vun1	
𣲒	lik4	
𣲵	tʂjɨ2	
𣲷	nip4	
𣲿	naw1	
𣳤	tɻam3	
𣳦	si3	
𣳩	tsɨ1	
𣳪	ʂɨ3	
𣴞	bun3	
𣴣	tʂaŋ3	
𣴵	xuj3	
𣵻	dʌ3	
𣶏	tsjɛp4	
𣷾	kyj2	
𣸃	syt4	
𣸆	tsɨ2	
𣸍	pʰwɑt4	
𣸎	xwaj3	
𣹟	kuŋ3	
𣹠	ʔɥɛn1	
𣹢	ɣɑm1	
𣹩	xjɛp4	
𣹪	mɑw1	
𣹬	ɣuk4	
𣹮	pʲʰi3	
𣹲	dʰi1	
𣹵	njɛp4	
𣺬	xwɑŋ1	
𣻐	tsʰjɯ1	
𣻑	ʂat4	
𣻒	tsiŋ1	
𣻛	tɻwaŋ1	
𣻜	vu1	
𣻣	ʐjɛp4	
𣻥	vu1	
𣽅	kwɑt4	
𣽅	ɣwɑt4	
𣽍	ɡi3	
𣽒	sjɛt4	
𣽤	ʂiˤk4	
𣿂	syj2	
𣿆	vu1	
𣿊	ljɛn3	
𣿐	dzaj3	
𣿐	dzɨjk4	
𣿒	tsʰuj2	
𣿓	tsʰuj2	
𤀨	dɨw3	
𤀷	jyj3	
𤁡	dam3	
𤁪	ɣwat4	
𤁫	tɻʰwat4	
𤁳	dɻap4	
𤁵	ljɯ1	
𤁸	ˀljɛw2	
𤁹	xwiˤk4	
𤂥	dɻiˤk4	
𤂳	tsʰyj3	
𤂳	sɥɛn3	
𤂿	sɥɛn3	
𤃀	li3	
𤃨	lam3	
𤃪	xi1	
𤃫	xujŋ1	
𤃭	tsjɛw2	
𤃱	mi1	
𤃴	xwɑt4	
𤃶	tʰɨjŋ1	
𤃶	tʰɨjŋ3	
𤃷	ʔim2	
𤃷	ʔɑm2	
𤄎	xʲik4	
𤄜	fan1	
𤄫	fan1	
𤄶	jɑk4	
𤄷	lʌ1	
𤄺	pʲjɛn1	
𤅊	ŋjɛt4	
𤅢	jɑk4	
𤅣	mun1	
𤅩	xɑn3	
𤅸	jɛm1	
𤅸	jɛm3	
𤆎	tsaj1	
𤆝	pʰak4	
𤇯	ʔɨn1	
𤈥	tʰik4	
𤈦	xyj2	
𤈧	ɣiˤk4	
𤈪	kʰaj3	
𤉐	dʐwak4	
𤉧	kaw2	
𤊯	tʰun2	
𤊸	fut4	
𤊾	mʲjɛt4	
𤌉	tʂʰaw2	
𤌍	ɣuk4	
𤌎	lin3	
𤌏	ʔuŋ2	
𤍙	zjɛm1	
𤎟	ʔʲjɛn1	
𤎡	ɣɑm3	
𤎢	dzʰjɛm1	
𤎥	tʂʰjɛm1	
𤎥	tʰam2	
𤎩	zyj3	
𤎭	ˀlim2	
𤎱	tsyj1	
𤎱	tsɥɛn2	
𤏶	ʔɑw1	
𤏻	sjɛp4	
𤐧	bik4	
𤐨	sjɛn2	
𤐫	pʲʰjɛw1	
𤐰	ɣwɑk4	
𤑹	jik4	
𤑿	ˀljɛn2	
𤒀	jɑk4	
𤒻	dap4	
𤓉	ɻjɛn1	
𤓪	tsjɛw1	
𤓫	zyj3	
𤓯	tʂjɑŋ2	
𤓷	na1	
𤓾	tɑw3	
𤔌	ʔin3	
𤔔	lwɑn3	
𤔣	bɑw3	
𤕟	ʂɯ1	
𤕤	ʂaŋ2	
𤕦	niˤŋ1	
𤕷	djɛw3	
𤕺	dzit4	
𤖟	piˤk4	
𤖱	ɣwʌ1	
𤖴	tɻʰiˤk4	
𤖻	ɡʲʰjɛw1	
𤖻	ʂjɨ3	
𤖼	pʰiˤk4	
𤗁	tsʰywk4	
𤗇	kʰuŋ3	
𤗈	sjɛp4	
𤗍	ʔɥɛn2	
𤗎	ʔjɛm2	
𤗏	bʰuj1	
𤗚	pʰik4	
𤗚	bik4	
𤗛	ljɛn3	
𤗨	djɛp4	
𤗬	lɥu1	
𤗯	suj1	
𤗴	dʰuj1	
𤘌	kʰi1	
𤘘	kʰɨw2	
𤘟	nʌ1	
𤘡	ɡim3	
𤘣	dɻʰim1	
𤘸	tʰɑw1	
𤘺	ˀɻywŋ2	
𤘽	xɨw2	
𤘾	pʰiˤŋ1	
𤙒	ɣʲjɛp4	
𤙛	dʰu1	
𤙞	bʲi3	
𤙠	ɡʲʰiw1	
𤙡	syjŋ1	
𤙰	dɨjk4	
𤚩	dzʰin1	
𤚫	dʰɑŋ1	
𤚼	kɨw3	
𤛊	lap4	
𤛋	dʰɑŋ1	
𤛎	ˀmi2	
𤛎	ˀmin2	
𤛐	kʰɥu3	
𤛑	jywŋ1	
𤛹	ŋuk4	
𤛾	ˀɻjɛw2	
𤛿	li1	
𤜂	ɰyj3	
𤜂	kyj3	
𤜂	ɡyj3	
𤜄	ɣwaj1	
𤜑	pi1	
𤜖	lyj1	
𤜡	ɣuj1	
𤜢	sin3	
𤜣	ʐjɨ3	
𤜤	tɻiˤk4	
𤜯	tʂʰap4	
𤜵	ŋan3	
𤜵	kan3	
𤜵	ŋʲjɛn3	
𤜹	jɥu1	
𤜾	kik4	
𤝕	ˀmɨw2	
𤝞	tɻʰyt4	
𤝡	ba3	
𤝰	tap4	
𤝱	ʔʲjɛt4	
𤝹	tʂɥu1	
𤝻	ji1	
𤞚	sjɛw1	
𤞛	dzʰjɑŋ1	
𤞞	kuk4	
𤞞	jywk4	
𤟄	kʰaŋ1	
𤟍	tɻiˤk4	
𤟟	ʔam1	
𤟟	ʔam3	
𤟣	jiŋ1	
𤟤	xyj1	
𤟤	ɣun1	
𤟧	sɨ2	
𤟩	duk4	
𤟭	tɻʰjɑk4	
𤠍	bʰwɑn1	
𤠎	tsik4	
𤠑	liw1	
𤠙	ka1	
𤠾	tɻʰɥu1	
𤡁	mwɑn1	
𤡥	ŋan1	
𤡥	ɣan3	
𤡧	ɣaj3	
𤡬	xi3	
𤡮	ɻjɛn1	
𤢍	zyj3	
𤢔	xjɛt4	
𤢘	su3	
𤢹	ˀlyj2	
𤢻	tʂʰi3	
𤣆	tɻʰin1	
𤣆	dɻʰan1	
𤣆	ljɛn1	
𤣗	sjɛn2	
𤣘	liŋ1	
𤣜	nɑw1	
𤣤	liŋ1	
𤣻	mut4	
𤣽	mɑw3	
𤤐	su3	
𤤶	ɡʰywŋ1	
𤤺	ji3	
𤥔	siwk4	
𤦃	laj1	
𤧙	jɥu1	
𤨕	lɨjk4	
𤩂	lɑw1	
𤩄	dʐwan3	
𤩅	zɥɛn1	
𤩚	lik4	
𤩭	ɣɑw3	
𤪌	ɡʰi1	
𤪍	ɣat4	
𤪎	jiw1	
𤪎	ˀjiw2	
𤪎	jɛw3	
𤪿	kuj1	
𤫀	zɥɛn1	
𤫉	sjɛp4	
𤫕	nɑw1	
𤫣	ˀŋjɛn2	
𤫭	dʰun1	
𤫱	kɨw1	
𤫲	liŋ1	
𤫵	kʰwɑt4	
𤫶	kʰat4	
𤬂	tuk4	
𤬃	pʰuj1	
𤬏	lɨw1	
𤬐	ɣʲiŋ1	
𤬓	ˀljɛm2	
𤬖	ʂjɛw1	
𤬖	jɛw1	
𤬝	ŋjɛn3	
𤬩	jik4	
𤬪	kʰɑm1	
𤬪	du3	
𤬯	kʰjɛm3	
𤬵	ti3	
𤬷	nwat4	
𤬾	dwʌ3	
𤭁	dʰuŋ1	
𤭏	tɻʰik4	
𤭓	ɣʲiŋ1	
𤭙	ɣɑm1	
𤭛	kɑŋ1	
𤭞	tun1	
𤭢	suj3	
𤭧	kaj1	
𤮇	jywŋ1	
𤮊	kʰɑŋ1	
𤮏	ɣwiˤŋ1	
𤮚	luj1	
𤮜	ʐjɛn3	
𤮧	lu1	
𤮨	luŋ1	
𤮪	tsyn3	
𤮭	tʂʰam3	
𤮰	ʔʲyj1	
𤮼	daj3	
𤯍	kʰɑm1	
𤯍	kɑm1	
𤯍	ɣɑm1	
𤯷	ɣwɑŋ1	
𤰇	bi3	
𤰈	bi3	
𤰝	kʲɥɛn2	
𤰟	xɑŋ2	
𤰩	jɯ1	
𤰫	paŋ1	
𤱍	pʰi1	
𤱣	nam1	
𤱨	kywŋ1	
𤱩	djɛw3	
𤱹	tʰiŋ2	
𤱽	vu1	
𤱾	kʲyj3	
𤲍	ɣap4	
𤲑	tɻjɯ2	
𤲓	laj1	
𤲖	tʰjɛn2	
𤲙	pun2	
𤲫	tʰwɑn2	
𤲬	ɻɥɛn1	
𤲬	ˀɻɥɛn2	
𤲬	ɻɥɛn3	
𤲬	nwʌ3	
𤲰	mujk4	
𤲸	xiwk4	
𤳈	ʂjɑŋ1	
𤳉	xɑn3	
𤳊	bʲʰiŋ1	
𤳐	tʂjɯ3	
𤳕	jiwk4	
𤳖	pwɑn1	
𤳤	kʲʰi1	
𤳯	tʂjɯ3	
𤴘	njɛp4	
𤴨	ɰiw3	
𤴯	ɣwɑn3	
𤴰	ŋut4	
𤴱	tu3	
𤴼	kʰjɛp4	
𤴾	xin3	
𤵝	ˀmɨw2	
𤵸	pʰaŋ1	
𤵺	ji3	
𤵼	ʂjɑŋ3	
𤵽	xɑj3	
𤵾	tɻʰa1	
𤶗	ˀŋaj2	
𤶘	xut4	
𤶚	njɛt4	
𤶠	dɻʰa1	
𤶠	tɻa1	
𤶡	tɻiw2	
𤷂	vʲi1	
𤷃	dzjɛn3	
𤷄	ɡʰɥɛn1	
𤷇	xwiˤk4	
𤷇	xyjk4	
𤷈	nat4	
𤷌	kʲin2	
𤷑	ɡiw3	
𤷚	tɻywk4	
𤷜	ʔim3	
𤷽	kʰjɑk4	
𤷾	kʰjɛp4	
𤸁	xyj3	
𤸃	ʂɨw3	
𤸎	kʰɑt4	
𤸑	fɨw3	
𤸑	vɨw3	
𤸑	vuk4	
𤸒	ŋɥu3	
𤸪	tʂʰi3	
𤸫	ˀɰyn2	
𤸫	ɰyn3	
𤸬	ʂwɨ1	
𤸱	ʔɑp4	
𤸵	pʰu3	
𤸵	bu3	
𤸶	baj3	
𤸷	ɡʰyn1	
𤸷	ŋwan1	
𤹝	bʲi3	
𤹡	tʂa1	
𤹨	ljɛn3	
𤺄	ʐywŋ3	
𤺉	ˀɰyj2	
𤺊	si1	
𤺏	pʰwɑn1	
𤺘	ʔa2	
𤺺	tan2	
𤺻	dzɥɛn3	
𤻘	ʔin2	
𤻙	ɣwɑk4	
𤻱	lu3	
𤻲	ljɛw3	
𤻲	lɑk4	
𤻴	dʰɨjŋ1	
𤻶	bʲjɛn3	
𤼌	jik4	
𤼐	kwɑn3	
𤼒	ˀjyj2	
𤼙	lwɑn1	
𤼙	lɥɛn1	
𤼠	ˀlwʌ2	
𤼺	fʲi3	
𤽊	pʲi2	
𤽥	lɑk4	
𤽺	luk4	
𤽼	lɑk4	
𤾕	tʰi3	
𤾬	ˀmuŋ2	
𤿊	kɑn2	
𤿎	pʰi1	
𤿕	ˀmʲin2	
𤿙	bi3	
𤿙	tʂɨ3	
𤿚	tsʰu1	
𤿚	tsʰjɯ2	
𤿠	kʲit4	
𤿧	ɣɑn3	
𤿩	kʰak4	
𤿫	tɻʰɥɛt4	
𤿳	kʲʰin2	
𥀁	du3	
𥀁	tu2	
𥀃	ɣɨw3	
𥀈	tʂap4	
𥀍	pi1	
𥀕	pʲit4	
𥀣	ɣak4	
𥀰	lap4	
𥀹	kʲjɛn2	
𥁑	mʲit4	
𥁓	ˀɰiw2	
𥁓	ɰiw3	
𥁔	fam3	
𥁕	ʔun1	
𥁠	ɡʰɥɛn1	
𥁮	djɛw3	
𥁰	miŋ1	
𥁰	ˀmiŋ2	
𥁹	ʐja3	
𥁼	tʂjɨ1	
𥂇	luk4	
𥂈	pu1	
𥂓	mwʌ1	
𥂓	ma1	
𥂔	kaw2	
𥂖	luk4	
𥂩	ku2	
𥂫	dzʰan1	
𥂸	jɑŋ1	
𥃐	tɻʰap4	
𥃔	ɡʰɥu1	
𥃧	kjɛw2	
𥄀	ʔaw2	
𥄉	kʲjɛw1	
𥄎	ʋat4	
𥄎	xʲɥɛt4	
𥄎	xʲyjk4	
𥄎	xyjk4	
𥄑	vu1	
𥄔	puj3	
𥄔	pʰuj3	
𥄕	mwɑt4	
𥄗	ʔwɑt4	
𥄱	vʲi3	
𥄱	pʰwɑt4	
𥄵	xʲyt4	
𥄶	sɨ1	
𥅧	xʲɥɛt4	
𥆊	tsʰɥɛn3	
𥆌	kuk4	
𥆖	tɨw1	
𥆗	ɡʰɥɛn1	
𥆙	maŋ1	
𥆛	xʲyjk4	
𥆝	sʌ1	
𥇅	ˀman2	
𥇉	kʰjɑŋ3	
𥇔	tɻʰjɑŋ3	
𥇖	fʲi1	
𥇖	pin1	
𥇙	xujk4	
𥇛	kɥu1	
𥇜	tʂyn1	
𥇜	tʂyn3	
𥈄	tɻʰwaŋ3	
𥈆	mɑw3	
𥈆	xiwk4	
𥈈	xɥu1	
𥈉	xwɑn3	
𥈌	tɻʰiw1	
𥈔	ʔʲjɛn2	
𥈔	ʔjɛn3	
𥈔	ʔat4	
𥈙	lat4	
𥈜	xik4	
𥈼	bʰwɑn1	
𥈾	ʔʲɥɛt4	
𥉁	kʰwiˤŋ2	
𥉁	kʲyjŋ2	
𥉁	kɥu3	
𥉅	kiˤk4	
𥉈	tʰik4	
𥉋	dʰɨjŋ1	
𥉍	tʂʰjɨ1	
𥉏	kʰɑn1	
𥉐	ɣʲi3	
𥉑	jiwk4	
𥉑	ɣɑk4	
𥉓	mʲi1	
𥉓	mʲjɛt4	
𥉔	kiˤŋ2	
𥉘	dʰi1	
𥉙	ɡʲʰi1	
𥉛	ʔʲjɛn3	
𥉴	mit4	
𥉶	luk4	
𥉸	kʰiˤŋ1	
𥉺	tjɛt4	
𥉻	tsʰi3	
𥉻	tɻʰi3	
𥉻	tʂʰat4	
𥉽	kʰɑŋ1	
𥉾	kʰaw1	
𥊬	tʂɨp4	
𥊮	xwiˤk4	
𥊯	ɣʲjɛt4	
𥊳	tʂjɛn2	
𥊴	suj3	
𥊸	tʰɨjk4	
𥊼	dɻiˤŋ3	
𥊽	kun1	
𥋙	ŋɑp4	
𥋝	miˤŋ1	
𥋝	ˀmiˤŋ2	
𥋱	mʲit4	
𥋿	xiˤk4	
𥌂	mʲjɛn1	
𥌄	kʰut4	
𥌈	kam1	
𥌈	kam3	
𥌊	ban3	
𥌊	pʰan3	
𥌛	li1	
𥌨	mʲjɛt4	
𥌭	ɣʲɥɛn1	
𥌭	xʲɥɛn1	
𥌭	ɣʲɥɛn3	
𥌮	lik4	
𥌯	miˤŋ1	
𥌰	jyj1	
𥌺	jɛw3	
𥌺	jɑk4	
𥍉	ʂjɛp4	
𥍔	lyj1	
𥍟	xʲyjk4	
𥍠	xʲik4	
𥍫	lɑŋ1	
𥍭	tʂi3	
𥍯	tsʰim1	
𥍯	tsim1	
𥍰	kʲʰik4	
𥍸	dʐʰja1	
𥍹	kjɛn2	
𥎂	ɻywŋ1	
𥎆	kʰɑj3	
𥎊	ɡʰin1	
𥎋	tʂʰwaŋ1	
𥎌	vuŋ1	
𥎐	jyt4	
𥎖	mʲi1	
𥎗	zjɯ3	
𥎦	ɣɨw1	
𥎰	fap4	
𥎱	bat4	
𥎹	tɻit4	
𥎻	tɻiw1	
𥏙	kʰyj3	
𥏠	pʲi1	
𥏪	kʰaj2	
𥏬	dʰɑŋ1	
𥏳	ʐɨ3	
𥏻	ʂjɑŋ1	
𥏻	tsʰjɑŋ1	
𥐁	buk4	
𥐗	pjɛm1	
𥐙	pʰat4	
𥐝	tik4	
𥐞	mɑŋ1	
𥐪	ɣwiˤŋ1	
𥑇	djɛt4	
𥑋	kwaj3	
𥑐	kap4	
𥑻	sjɛn1	
𥒰	fu2	
𥓋	ŋʲjɛn1	
𥓍	tuk4	
𥓎	lut4	
𥓔	ʔuj2	
𥓖	kɑw2	
𥓻	tsuŋ1	
𥔂	kɨjŋ3	
𥔄	njɛt4	
𥔢	jɥu1	
𥔭	swʌ2	
𥕌	dzjɛm3	
𥕐	tik4	
𥕗	xwiˤŋ1	
𥕲	kɥɛt4	
𥕶	sɨ1	
𥕸	suj3	
𥕹	tsʰɥɛt4	
𥖝	ljɛm1	
𥖪	liˤk4	
𥗀	ˀljɛw2	
𥗁	tɻjɑk4	
𥗝	ˀɻjɑŋ2	
𥗫	ɡʰɥu1	
𥗫	kɥu1	
𥗭	tsʰap4	
𥘄	ʔyt4	
𥘰	zɨ3	
𥙫	ˀjiw2	
𥙮	sjɛn2	
𥚁	ɣwʌ3	
𥚊	liwk4	
𥚋	syt4	
𥚩	sjɯ2	
𥛅	liw3	
𥛘	pʲit4	
𥛚	tʰik4	
𥛛	ʔʲin1	
𥛝	vuŋ1	
𥛞	luk4	
𥛟	pʰak4	
𥛱	piˤŋ1	
𥛲	tsjɛw3	
𥛳	xjɯ1	
𥜃	jik4	
𥜒	ʔʲjɛm2	
𥝁	sjɛt4	
𥝋	vʲi3	
𥝌	kʲi1	
𥝌	ŋɑj3	
𥝖	ɣɨt4	
𥝢	li3	
𥝧	ba3	
𥝩	zyj3	
𥞃	tʂʰyj3	
𥞴	kʰuk4	
𥞵	kʲjɛp4	
𥟔	tʂiˤk4	
𥟕	xjɛm1	
𥟿	ʔwʌ1	
𥟿	ʔwʌ2	
𥠀	siŋ1	
𥠄	twɑn1	
𥠄	twʌ2	
𥠈	tʂɨt4	
𥠊	ˀɻiw2	
𥠋	tsip4	
𥠥	ji1	
𥠴	tɻʰjɑŋ3	
𥠵	pʰu1	
𥠺	ʔyn1	
𥡃	xwɑŋ1	
𥡜	lwʌ1	
𥡟	tɻʰwaŋ1	
𥡤	tsjɛw3	
𥡧	tʂa1	
𥡪	jik4	
𥡬	tsʰywŋ1	
𥢌	van1	
𥢑	ɣɑw3	
𥢔	tɻwak4	
𥢵	lwʌ1	
𥢶	kʰuj3	
𥢶	kʰwaj3	
𥢸	kɑt4	
𥢹	ɣʲjɛt4	
𥣖	ˀŋi2	
𥣗	niˤŋ1	
𥣙	dʐɨw3	
𥣚	dzʰwɑn1	
𥣜	pʰuk4	
𥣫	mʲjɛt4	
𥣬	luj3	
𥣭	li3	
𥣰	pʲjɛn1	
𥣰	pʲjɛn2	
𥤇	tʂʰɨm1	
𥤓	pʲjɛn2	
𥤞	liŋ1	
𥤼	ʂyj3	
𥥈	ʔwiˤŋ3	
𥥉	ziw3	
𥥊	ˀmiŋ2	
𥥍	ʂɨm1	
𥥍	dam3	
𥥥	ʂɨ3	
𥥸	dɻʰa1	
𥥻	kʲʰiŋ3	
𥦜	pujŋ3	
𥦠	ˀjɥu2	
𥧓	ˀma2	
𥧬	kʲʰjɛn2	
𥧮	tɻiˤk4	
𥧲	tsim3	
𥨍	vuk4	
𥨍	fuk4	
𥨒	tsʰuj3	
𥨪	ɡʰiwŋ1	
𥩁	kiwk4	
𥩡	ɰɥɛt4	
𥩲	ɣɑj3	
𥪂	ljɛp4	
𥪋	luk4	
𥪋	vuk4	
𥪥	sɥu1	
𥪰	ɡiŋ3	
𥫃	ŋi1	
𥫃	ŋi3	
𥫱	dun3	
𥫵	tʰi3	
𥬎	mwɑt4	
𥬔	kʰjɯ1	
𥬕	ˀɻjɛm2	
𥬪	ɻiwŋ1	
𥬬	njɛp4	
𥬲	tɻwa1	
𥬲	dwʌ3	
𥭐	lyt4	
𥭑	ɡʰiw1	
𥭓	bak4	
𥭓	tʂʰwak4	
𥭖	pak4	
𥭗	bʰuŋ1	
𥭘	tɻʰi1	
𥭜	ɡi3	
𥭮	miˤŋ1	
𥮍	jim1	
𥮏	tjɛn2	
𥮒	dzʰjɛn1	
𥮒	dzʰjɛm1	
𥯕	dɑŋ3	
𥯕	tʰɑŋ2	
𥯖	du3	
𥯗	syn2	
𥯘	ja1	
𥯥	tɻʰjɛp4	
𥯨	sɨ1	
𥯩	tʂjɑk4	
𥯮	jɥu1	
𥯶	kʰu2	
𥰛	vɨw1	
𥰝	sik4	
𥰠	ˀljɯ2	
𥰢	ʂjɛn3	
𥰣	liw1	
𥰥	ɣʲi3	
𥰨	dʰam1	
𥰭	dzʰʌ1	
𥰭	tʂa2	
𥰮	kʌ2	
𥰳	sjɛn3	
𥰶	ɣat4	
𥰸	tsjɛn2	
𥰻	mu3	
𥱩	kiwk4	
𥱵	zyj3	
𥱵	zip4	
𥱻	tɻʰjɯ1	
𥱼	bʰaj1	
𥲄	dam3	
𥲅	dɻʰiw1	
𥲈	ˀmwɑn2	
𥲊	ljɛw1	
𥳇	fuk4	
𥳉	tu1	
𥳊	fʲi3	
𥳎	kʰiwŋ1	
𥳎	ɡʰywŋ1	
𥳎	kʰywŋ1	
𥳐	kʲʰjɛn2	
𥳒	kam2	
𥳔	dwʌ3	
𥳙	dʐʰyj1	
𥳚	ɻjɛn1	
𥳞	lin3	
𥳟	tsjɛn2	
𥳣	dzuj3	
𥳧	ʂaj1	
𥳭	tsjɛn3	
𥴁	tɻiwk4	
𥴡	ˀli2	
𥴤	ɡʰjɛn1	
𥴧	ɡʰjɯ1	
𥴧	kjɯ2	
𥴨	ʔɑj3	
𥴩	kiˤk4	
𥴫	dʰun1	
𥴬	bʲi3	
𥴭	kʰat4	
𥴮	pʰɑk4	
𥴮	pɑk4	
𥴲	ˀmin2	
𥴴	kɨw1	
𥴶	tam2	
𥵣	twɑn1	
𥵫	dzʰuŋ1	
𥶆	ljɯ1	
𥶌	ljɯ3	
𥶓	pi1	
𥶛	dʰi1	
𥶛	di3	
𥶜	ɣu1	
𥶵	xyj2	
𥶶	kʰiwk4	
𥶷	sɥɛn2	
𥶻	zyj1	
𥶽	ɰyj3	
𥶾	li3	
𥷀	ʔʲjɛn1	
𥷕	djɛp4	
𥷚	kiwk4	
𥷰	dzʰjɛn1	
𥷼	tsiwk4	
𥸀	mʲi1	
𥸘	ɰɥɑk4	
𥸡	kɑm2	
𥸢	tsam1	
𥸴	mʲjɛt4	
𥸸	ljɛt4	
𥹃	fu1	
𥹄	mʲi1	
𥹆	mʲiŋ1	
𥹇	van3	
𥹜	kaw1	
𥹵	tɻʰywk4	
𥹷	liw1	
𥺋	tʰjɛw3	
𥺝	tʂiw1	
𥻂	ˀlan2	
𥻄	kʰaj1	
𥻅	bik4	
𥻆	sywk4	
𥻇	ɣam3	
𥻔	fun3	
𥻤	tʂʰɨw1	
𥻦	sat4	
𥻧	kʲjɛm1	
𥻨	ʂiˤk4	
𥻩	mʲjɛn3	
𥼚	tʂwak4	
𥼡	tsʰu1	
𥼶	ʂik4	
𥼺	tsʰuj2	
𥽂	kʰyj3	
𥽏	ɣam3	
𥽗	lik4	
𥽘	mwɑt4	
𥽬	njɑŋ3	
𥽭	ˀlan2	
𥾍	kɑn2	
𥾛	tsʰut4	
𥾝	mʲjɛt4	
𥾣	tʂjɨ1	
𥾩	ʐɨ3	
𥿄	ti1	
𥿆	dzʰɨ1	
𥿆	zɨ1	
𥿇	ʂɯ1	
𥿇	kʰjɯ2	
𥿋	van1	
𥿫	ji3	
𥿬	ŋik4	
𥿮	ʂik4	
𥿯	pʰaj3	
𥿳	si3	
𥿼	xwɑŋ1	
𦀉	twʌ2	
𦀒	xɥu1	
𦀒	xɥu2	
𦀖	ʔjɛp4	
𦀖	kjɛp4	
𦀘	pʲʰi1	
𦀘	pʲi1	
𦀚	tʰiŋ1	
𦁆	dɻɥɛn3	
𦁍	sim1	
𦁎	dzɑk4	
𦁐	kyt4	
𦁐	kʰɥɛt4	
𦁕	xut4	
𦁙	ˀjɥɛn2	
𦁤	njɛm3	
𦂀	dap4	
𦂁	zyj3	
𦂄	kʰaj1	
𦂇	kjɛn2	
𦂌	puŋ2	
𦂌	paŋ2	
𦂔	ʋan3	
𦂗	ʂwak4	
𦃇	li1	
𦃈	tsʰiw1	
𦃊	lit4	
𦃌	sjɛm1	
𦃓	liw1	
𦃕	xun2	
𦃖	tʰam2	
𦃘	dɻi3	
𦃟	ɣʲi3	
𦃢	kʰyn2	
𦄍	ʂaŋ2	
𦄐	kʰyn2	
𦄑	syj3	
𦄒	pʲjɛn2	
𦄼	sywŋ2	
𦄼	sɥu2	
𦄼	siw2	
𦄽	ɡʰjɯ1	
𦅀	zim1	
𦅇	sɑŋ1	
𦅶	lap4	
𦅽	kywk4	
𦆀	tʂʰjɛn2	
𦆀	zjɛn3	
𦆄	ʂɨt4	
𦆈	tswɑn2	
𦆞	ʋu3	
𦆠	ɡyj3	
𦇎	tsʰuŋ1	
𦇖	bʲʰin1	
𦇧	ki3	
𦈸	ɰyjk4	
𦈼	dʐʰyj1	
𦉕	ʐjɛn3	
𦉢	liŋ1	
𦉥	ʔuŋ3	
𦉬	tʰiŋ1	
𦉬	tʰiŋ2	
𦉭	sɨ3	
𦉹	tik4	
𦊁	bʲʰi1	
𦊂	ɣu3	
𦊐	ɡjɯ3	
𦊑	ˀliw2	
𦊒	kɨw2	
𦊓	ˀliŋ2	
𦊔	ˀnam2	
𦊼	ljɯ3	
𦋅	ɣʲyj1	
𦋞	ʂwak4	
𦋰	kʲjɛm1	
𦌒	ljɛw3	
𦌔	sɥɛn2	
𦌔	ʂan3	
𦌔	sɥɛn3	
𦌕	lu3	
𦌟	luk4	
𦌠	biˤk4	
𦌡	ˀmin2	
𦌫	ˀnam2	
𦌬	ʋu1	
𦌬	ˀʋu2	
𦌵	luj1	
𦌾	kʲɥɛn3	
𦌿	ʂɯ1	
𦍀	nan3	
𦍒	tʰat4	
𦍙	zjɑŋ1	
𦍧	tsʰɨ1	
𦍩	ku2	
𦍹	jɑŋ1	
𦍻	dʰuŋ1	
𦎣	ʔʲi1	
𦎣	ʔʲin1	
𦎣	ʔan1	
𦎦	ʋu3	
𦎫	dʐʰyn1	
𦎷	tsin3	
𦎸	tsɨ3	
𦎸	dzɨ3	
𦎹	lɨw1	
𦏆	dʰuŋ1	
𦏇	ˀjiw2	
𦏊	ɣwɑn1	
𦏖	ɣwan1	
𦏰	liŋ1	
𦏴	ɰɥu1	
𦏵	jik4	
𦏺	ɣuŋ1	
𦐄	ɣɑŋ1	
𦐇	tʰap4	
𦐈	fun1	
𦐉	tʂʰjɨ1	
𦐊	ʂjɨ3	
𦐋	xʲɥɛt4	
𦐛	ɡʰɥu1	
𦐛	kɥu2	
𦐦	pʰɑk4	
𦐧	ŋʲi3	
𦐹	ʂɨn1	
𦐺	sjɛw1	
𦑇	tʰap4	
𦑌	xwiˤk4	
𦑌	xyjk4	
𦑎	ʔjɛm3	
𦑜	kiˤk4	
𦑟	xwiˤŋ1	
𦑡	dʐʰjɨ1	
𦑣	tɻʰjɛp4	
𦑲	dap4	
𦑹	vu1	
𦒆	lap4	
𦒎	ɣʲyj3	
𦒎	ji3	
𦒔	jyt4	
𦒜	xjɛn1	
𦒦	lap4	
𦒧	xwiˤk4	
𦒸	ʐɥu3	
𦒻	tjɛm2	
𦒻	tjɛm3	
𦓀	ɡʲʰi1	
𦓒	ɻjɨ1	
𦓝	tʂyj2	
𦓝	tʂɥɛn2	
𦓤	lɥɛt4	
𦓨	zɨ3	
𦓯	kʲyj1	
𦓴	ʂaw3	
𦓷	ɰyn1	
𦓾	ˀlyn2	
𦔅	dut4	
𦔎	tʂʰiˤk4	
𦔐	ɰyn1	
𦔔	mwɑn1	
𦔔	mwɑn3	
𦔜	jik4	
𦔥	jik4	
𦔥	ʂik4	
𦔩	pjɛw1	
𦔫	tʂʰik4	
𦔯	ʂa3	
𦔼	sjɛp4	
𦕀	tsʰi3	
𦕑	tʂin2	
𦕒	tjɛm1	
𦖉	ˀʋɑŋ2	
𦖊	kʰi1	
𦖍	ɣwa3	
𦖞	ʋun1	
𦖢	ɻjɨ3	
𦖥	ŋwaj3	
𦖩	ljɛp4	
𦗂	niwk4	
𦗐	ŋaj3	
𦗔	tʂaw1	
𦗕	mi1	
𦗕	ˀmi2	
𦗖	ljɛw1	
𦗖	lɑw1	
𦗡	dʰam1	
𦗢	tʂjɛn2	
𦗣	ɣut4	
𦗳	nwaŋ1	
𦗾	kwɑt4	
𦘅	kwɑk4	
𦘍	ŋwat4	
𦘔	tsin1	
𦘭	tiŋ3	
𦘴	tu1	
𦘴	tu3	
𦘹	ŋɥɛt4	
𦙫	tʂiŋ1	
𦙮	kʲyt4	
𦙱	san1	
𦙶	ku2	
𦙺	ka3	
𦚈	tʰɑk4	
𦚟	ji1	
𦚢	ʔɥa1	
𦚦	tʂiŋ1	
𦚧	tʂʰyn2	
𦚨	ʐi3	
𦚪	ˀji2	
𦛔	jɥɛn1	
𦛔	zɥɛn3	
𦛖	tʂʰjɛp4	
𦛝	dɻʰa1	
𦛠	njɛt4	
𦜌	kʲin2	
𦜒	fam2	
𦜓	xin3	
𦜖	ʔa3	
𦜗	tʂi3	
𦜵	xiw1	
𦜵	ɡʰiw1	
𦝚	jiŋ1	
𦝜	ɣʲi3	
𦝢	ɡʲʰyj1	
𦝢	ɡʰyj1	
𦝨	kaj1	
𦝨	kʰaj2	
𦝭	lyj3	
𦝮	ˀʋun2	
𦝲	ʔi3	
𦞙	tuj2	
𦞚	sjɛt4	
𦞜	sik4	
𦞠	dʰun1	
𦞤	sɨ3	
𦞦	xuk4	
𦞦	xɑk4	
𦞵	xʲjɛw1	
𦟘	jin1	
𦟛	tɻʰywŋ1	
𦟜	tʂiˤk4	
𦟟	mwʌ1	
𦟠	tsiwk4	
𦠁	tsʰywk4	
𦠄	ɡʰi1	
𦠆	sun2	
𦠆	dʐwan3	
𦠌	ɻjɨ1	
𦠎	pʲjɛw1	
𦠎	pʲʰjɛw1	
𦠓	lik4	
𦠡	sik4	
𦡁	tɑŋ1	
𦡴	dɻʰiw1	
𦡴	dɻiw3	
𦡸	ni3	
𦡺	ʔʲiŋ2	
𦢊	pak4	
𦢊	bak4	
𦢏	ˀluj2	
𦢨	zjɛm1	
𦢸	pʰɑk4	
𦣀	ɻjɛp4	
𦣆	mwʌ1	
𦣍	ɣiˤŋ1	
𦣛	lɥa1	
𦣞	ji1	
𦣴	ɣwan1	
𦣻	ʂiw2	
𦤂	dʐʰɥu1	
𦤘	jywŋ1	
𦤙	ŋwat4	
𦤡	ʔjɛp4	
𦤢	pʰi3	
𦤦	xɑj3	
𦤦	xɑt4	
𦤧	dɻaj3	
𦤬	xaj3	
𦤻	tɻit4	
𦤿	ʔuk4	
𦥊	tɻʰi3	
𦥐	dɻi3	
𦥑	kiwk4	
𦥑	kywk4	
𦥘	pjɛm2	
𦥨	ˀjɛw2	
𦥭	pʰɑk4	
𦥻	tʂyj3	
𦦇	tʂyj3	
𦦔	vʲi3	
𦦣	tsʰuj3	
𦧇	ʐjɨ3	
𦧈	ɡim3	
𦧝	tʰjɛn1	
𦧟	tʰap4	
𦧠	ɣwat4	
𦧭	tʰap4	
𦧴	tʰan1	
𦧴	dʰjɛn1	
𦨇	ŋit4	
𦨈	vuk4	
𦨉	ŋut4	
𦨖	tʂʰaw3	
𦨢	ti3	
𦨣	tjɛw1	
𦨰	ɡʰywŋ1	
𦨲	vam1	
𦨴	dʰuŋ1	
𦨼	ŋu1	
𦨽	ɡim3	
𦩋	baj3	
𦩌	sjɛp4	
𦩎	dɻim3	
𦩝	ɰyj3	
𦩣	kʲʰi3	
𦩤	dut4	
𦩶	ɣʲi3	
𦩻	tɻjɛw1	
𦪆	ɡʰi1	
𦪇	luk4	
𦪈	ŋɑw1	
𦪉	tsin1	
𦪑	pwɑt4	
𦪙	tʰap4	
𦪚	dzun3	
𦪬	xjɛt4	
𦪽	lywŋ1	
𦫈	ˀli2	
𦫊	liŋ1	
𦫔	pʰwɑt4	
𦫕	mwɑt4	
𦫙	ba3	
𦫬	xʲi1	
𦫰	muŋ1	
𦫶	kaw1	
𦫶	pʰaw1	
𦫶	kiw1	
𦬁	dzʰaj1	
𦬂	ŋut4	
𦬔	tʂaw2	
𦬕	tɻiwŋ1	
𦬕	dɻʰiwŋ1	
𦬖	ɡʰiw1	
𦬘	tʂywŋ1	
𦬚	ɣu3	
𦬸	dɻyt4	
𦬹	tat4	
𦬺	xyjŋ2	
𦭭	ɡʰywŋ1	
𦭮	dɻi3	
𦭯	ˀlɥu2	
𦭲	ɡʲʰi1	
𦭵	jɑŋ1	
𦭶	sjɛn2	
𦭷	mɨw1	
𦭼	bʲjɛw3	
𦭿	ja1	
𦮃	kwaj1	
𦮶	ˀʋun2	
𦮸	ˀɰi2	
𦮹	vɨw1	
𦮺	sɨ1	
𦮻	kʲɥɛn1	
𦮾	nip4	
𦯈	tsʰim2	
𦯉	piˤk4	
𦯊	kʲɥɛt4	
𦯍	tɻjɛp4	
𦯏	ʔak4	
𦯐	dʐʰjɛw1	
𦯑	dzɑw3	
𦯔	dʰi1	
𦯖	njɛt4	
𦯪	ɣʲjɛw3	
𦰫	ˀni2	
𦰬	biˤk4	
𦰳	ja1	
𦰺	vɨw3	
𦰾	xak4	
𦱀	jiwk4	
𦱁	ɣʲjɛn1	
𦱂	ɰyjk4	
𦱃	ɰɥu1	
𦱅	kjɯ1	
𦱇	kʰuŋ1	
𦱊	dʐʰiˤŋ1	
𦱒	muk4	
𦱓	sɨ2	
𦱔	pʲi1	
𦱟	mujŋ1	
𦱠	kʲiw1	
𦲯	ʋam3	
𦳆	ˀjɥɛn2	
𦳆	ɡɥɛn3	
𦳇	dʰjɛm1	
𦳈	bʲʰi1	
𦳊	ʂjɨ2	
𦳋	kwaj3	
𦳌	kip4	
𦳏	tʂa1	
𦳖	ɣʲyjŋ3	
𦳚	dʐʰjɨ1	
𦳝	tɻʰjɑŋ1	
𦳝	tʰɑŋ1	
𦳢	ɰyj3	
𦳤	bjɛw3	
𦳥	ˀmʲjɛw2	
𦳦	tsaj1	
𦳩	ɰiw3	
𦳬	ɣɑp4	
𦳮	tʂyjk4	
𦳲	ɡʲʰiŋ1	
𦳷	jiw1	
𦵡	kʰiwŋ1	
𦵧	lɑŋ1	
𦵩	tsɑw1	
𦵩	dzʰiw1	
𦵫	sɑk4	
𦵯	ɣat4	
𦵱	sjɛt4	
𦵵	jiw1	
𦵸	kiˤŋ2	
𦵹	tʰam2	
𦵿	fu2	
𦶀	ʔu1	
𦶂	ʔip4	
𦶋	ʂjɛn3	
𦶌	tjɛw1	
𦶍	ɡip4	
𦶎	xwa1	
𦶏	duj3	
𦶐	kʰywŋ2	
𦶐	kʰywŋ3	
𦶑	tʰap4	
𦶩	ʔʲik4	
𦷛	tʌ1	
𦸁	tʰam1	
𦸂	ʂim1	
𦸈	kwɑt4	
𦸉	kʰat4	
𦸐	liwk4	
𦸓	tsʰit4	
𦸗	tsʰik4	
𦸚	zip4	
𦸜	tʂɨ1	
𦸝	sit4	
𦸢	lɨw3	
𦸣	pʲi2	
𦸣	bʲi3	
𦸣	pʲi3	
𦸦	but4	
𦸺	tsyj1	
𦹬	kʰwa1	
𦺇	duk4	
𦺊	ɣun1	
𦺍	tsjɛn2	
𦺔	ɰaw1	
𦺖	ˀman2	
𦺖	kʲyt4	
𦺗	ʂjɯ1	
𦺦	ɣɑn1	
𦺨	zjɑŋ3	
𦺬	ki1	
𦺮	jɥu1	
𦺮	ˀjɥu2	
𦺱	tsɨ1	
𦺲	ʐɥɛn3	
𦺳	ʔik4	
𦺴	dzip4	
𦺸	lin3	
𦻃	ɣwɑn1	
𦻝	kik4	
𦼏	tsɨjŋ1	
𦼧	sat4	
𦼪	mɨw3	
𦼫	ɡʰjɯ1	
𦼫	ɡjɯ3	
𦼮	kɑn2	
𦼯	zyj3	
𦼱	dzɥɛn3	
𦼷	kʲik4	
𦽀	ˀŋɑw2	
𦽏	vu1	
𦽑	tʂyn3	
𦽒	dzɨjk4	
𦽓	ɡʲʰyjŋ1	
𦾏	ɣap4	
𦾱	tʂʰaw1	
𦾵	ɡʲʰyjŋ1	
𦾶	dzjɛm3	
𦾷	liwk4	
𦾸	twɑn1	
𦾺	jɛw1	
𦾽	dap4	
𦿀	dɻʰjɯ1	
𦿁	fuk4	
𦿂	jɥɛn1	
𦿆	dɑŋ3	
𦿊	lu1	
𦿌	ljɛw1	
𦿌	lwʌ1	
𦿍	pʰɑk4	
𦿏	muŋ1	
𦿒	dʐʰɨn1	
𦿕	dzʰjɛw1	
𧀄	tɻʰjɑŋ3	
𧀥	ʔiw1	
𧀦	ˀlu2	
𧀧	mujŋ3	
𧀩	sɨ3	
𧀬	sit4	
𧀮	fu1	
𧀯	ʂim2	
𧀲	jɥɛt4	
𧀴	fu1	
𧀵	ʂam2	
𧀺	ɣʲjɛt4	
𧁾	lɨw1	
𧂄	dam3	
𧂇	dʰam1	
𧂈	tsjɛw2	
𧂏	ljɛw1	
𧂐	tsɨ3	
𧂒	tʂwak4	
𧂔	ɣuk4	
𧂕	mɑw3	
𧂘	niˤŋ1	
𧂛	miˤŋ1	
𧂝	mʲjɛt4	
𧃓	kiwk4	
𧃔	dɻwak4	
𧃘	dzu3	
𧃙	ɣɑn1	
𧃙	ɣɑn3	
𧃝	tʂʰiw2	
𧃟	jik4	
𧃹	dɻap4	
𧄍	ɡʲʰjɛw1	
𧄓	tuŋ2	
𧄔	tʂjɯ1	
𧄔	dʐʰjɯ1	
𧄕	tʂik4	
𧄶	lwɑn1	
𧄹	ʂik4	
𧄼	tɨjŋ3	
𧄿	lwʌ1	
𧅁	kjɑŋ1	
𧅗	tɑŋ2	
𧅙	ŋi3	
𧅚	ɰɥɑk4	
𧆉	fuŋ1	
𧆌	tsi1	
𧆐	kɑm2	
𧆐	kuŋ3	
𧆐	kɑm3	
𧆓	tsʰu1	
𧆓	tsʰu2	
𧆥	ɣap4	
𧆨	lu1	
𧆫	ŋit4	
𧆺	liŋ1	
𧇄	lu1	
𧇠	ŋjɛw3	
𧇡	ku1	
𧇱	ŋam1	
𧇼	ɣɑw3	
𧇽	ɡjɯ3	
𧇿	dzu3	
𧈑	kiˤk4	
𧈜	dʰɨjŋ1	
𧈟	nik4	
𧈩	dɨjk4	
𧈪	tɻʰjɛn2	
𧈭	ŋut4	
𧈻	jyjk4	
𧉃	ˀjyn2	
𧉄	mʲjɛn1	
𧉊	fu2	
𧉍	tsit4	
𧉟	tʰaj1	
𧉠	tsʰɨ3	
𧉤	van3	
𧉥	pujk4	
𧉧	kʰjɯ2	
𧉩	pu3	
𧉪	ka1	
𧉫	tɻap4	
𧉭	ˀnu2	
𧊎	ɰɥɛt4	
𧊒	tsʰɨ3	
𧊔	ˀjɛn2	
𧊕	siwŋ1	
𧊜	ŋɑk4	
𧊥	syt4	
𧊸	sik4	
𧋋	ŋu1	
𧋍	zɥɛt4	
𧋑	kiˤŋ2	
𧋔	ɣuŋ3	
𧋘	dʰi1	
𧌁	dʰjɛw1	
𧌆	kʰuŋ1	
𧌈	vɨw3	
𧌉	liwk4	
𧌍	luk4	
𧌏	dap4	
𧌑	kʰyt4	
𧌔	tʂjɨ1	
𧌗	tʂɨw2	
𧍓	ʂut4	
𧍔	ʔʲjɛw1	
𧍕	ɡjɑk4	
𧍕	kʰwiˤk4	
𧍘	ʔʲiw1	
𧍙	vam3	
𧍜	ɡʲʰyj1	
𧍞	ŋɑk4	
𧍢	ˀjɛn2	
𧍧	xam1	
𧍩	kʲjɛt4	
𧍪	ŋɥu1	
𧍭	dzʰɥɛn1	
𧍮	kʲyjŋ2	
𧍲	bʲʰjɛn1	
𧎢	dɨjk4	
𧎥	ʂjɛn3	
𧎮	tsɑw2	
𧎰	tɻjɛn2	
𧎾	ljɑk4	
𧎿	dzit4	
𧏹	ŋaj3	
𧏺	xɥu3	
𧏾	nik4	
𧏿	dɻiwk4	
𧐍	ʂywŋ1	
𧐎	mʲik4	
𧐐	tʂiˤk4	
𧐐	tsik4	
𧐒	suk4	
𧐕	dʰwɑn1	
𧐴	ʂuk4	
𧐶	tsʰik4	
𧑄	tʂiwŋ1	
𧑌	jik4	
𧑍	ɣwa1	
𧑎	tsʰyj3	
𧑎	tsyj3	
𧑎	tsuj3	
𧑐	ʐyt4	
𧑐	jyt4	
𧑒	tʰun1	
𧑓	ʂjɯ2	
𧑙	tsiwk4	
𧑜	bʲʰi1	
𧒒	fuŋ1	
𧒔	ɡʰiw1	
𧒕	tsʰik4	
𧒖	kwʌ1	
𧒖	kwʌ3	
𧒗	ʂiˤk4	
𧓎	bʲʰi1	
𧓕	tuŋ1	
𧓲	ˀjɑŋ2	
𧓴	dʰiŋ1	
𧓸	dɻik4	
𧔊	dɻʰjɛn1	
𧔞	ŋɥɛn1	
𧔢	dzʰjɛn1	
𧔥	jyj1	
𧔥	jyj3	
𧕄	ʔiŋ1	
𧕅	liŋ1	
𧕆	xi1	
𧕇	sjɛn2	
𧕈	ʔyj3	
𧕊	sjɛp4	
𧕋	jɑk4	
𧕛	dʰʌ1	
𧕝	niŋ1	
𧕡	pʰujk4	
𧕣	tsɥɛn2	
𧕮	li1	
𧕯	li1	
𧕯	ʂɨ1	
𧕱	ɣat4	
𧕾	tsjɛt4	
𧕿	vʲi3	
𧖀	tɻɥɛt4	
𧖅	mʲit4	
𧖈	bʲʰi1	
𧖔	lin3	
𧖜	liŋ1	
𧖧	dʰiŋ1	
𧖴	miˤk4	
𧖷	nik4	
𧖺	tʰam2	
𧖻	kwiˤk4	
𧗀	kʰɑm3	
𧗇	ki1	
𧗕	nuŋ1	
𧗘	tʂɯ1	
𧗜	dam3	
𧗝	kyj2	
𧗳	ɣʲɥɛn3	
𧗴	ˀjywŋ2	
𧗸	dzjɛn3	
𧗿	ʂut4	
𧘂	tʂʰywŋ1	
𧘈	ˀljɛw2	
𧘑	tʂjɑk4	
𧘘	ɰɥu1	
𧘝	pjɛw2	
𧘟	pʰwɑt4	
𧘨	tjɛw1	
𧘽	na1	
𧘿	tʂiŋ1	
𧙁	tʂɨ3	
𧙂	fʲi3	
𧙃	ʔʌ2	
𧙆	xɥu1	
𧙉	lik4	
𧙞	tsʰik4	
𧙥	luŋ1	
𧙧	kan3	
𧚊	tjɛm1	
𧚊	tjɛp4	
𧚋	bʰuŋ1	
𧚍	ɡʰiw1	
𧚨	tsʰip4	
𧚨	tsip4	
𧚫	tsʰjɛn3	
𧚭	piˤŋ2	
𧛒	tʰi3	
𧛔	tɑw3	
𧛔	tuk4	
𧛞	ɣu1	
𧛢	tɻi2	
𧛾	kʰɑp4	
𧜀	mʲik4	
𧜁	ʂaj3	
𧜅	kaj3	
𧜠	ʂut4	
𧜣	tjɛw1	
𧜣	tjɛw2	
𧜧	tɻʰwaŋ1	
𧝂	ɣʌ3	
𧝃	kʲɥɛt4	
𧝋	dʰuj1	
𧝍	tʰwʌ3	
𧝍	dwʌ3	
𧝑	tɻjɛn3	
𧝒	ɣwiˤŋ1	
𧝔	ɡʰjɯ1	
𧝕	ɰyj1	
𧝴	tuk4	
𧝷	kʰyj3	
𧝹	ˀlwʌ2	
𧞍	nat4	
𧞐	tuk4	
𧞓	tsɨ1	
𧞛	tsjɛt4	
𧞧	pjɛw2	
𧞶	tuk4	
𧞷	ɣwaj1	
𧟉	kan2	
𧟌	lʌ3	
𧟨	ɣʲɥɛn1	
𧟱	bujk4	
𧟶	pa3	
𧟼	ʔʲyj1	
𧠜	ʂjɨ1	
𧠞	ʔiˤk4	
𧠠	mʲi1	
𧠥	tsʰɨ1	
𧠪	tsʰik4	
𧠫	dik4	
𧡋	ˀŋaj2	
𧡎	ŋʲi3	
𧡒	miˤk4	
𧡡	ɣun1	
𧡡	ɰyn3	
𧡨	dʰi1	
𧡨	di3	
𧡩	xɥɛn2	
𧡩	ɣwɑn3	
𧡪	tʂʰim1	
𧡪	tam1	
𧡪	dam3	
𧡬	tɻʰim1	
𧡬	tɻʰim3	
𧡷	jɛw3	
𧡸	tɨw1	
𧡹	jiw1	
𧡺	ɡʲʰi1	
𧢄	pʲjɛw2	
𧢜	van1	
𧢞	kʰan1	
𧢢	jɛw3	
𧢢	jɑk4	
𧢦	ɡʰyj1	
𧢦	kʰyj1	
𧢸	tʂywŋ1	
𧢸	kaŋ1	
𧢺	nwak4	
𧣃	pʰa1	
𧣒	ɡjɯ3	
𧣡	kuk4	
𧣴	tʂan2	
𧣸	kɥɛt4	
𧣺	nwak4	
𧣻	kjɯ3	
𧤏	tʂɨp4	
𧤐	kwa2	
𧤑	kywk4	
𧤕	dzʰiw1	
𧤖	ʔuj1	
𧤗	twɑn1	
𧤛	tʂɨn2	
𧤼	ɡɥɛt4	
𧤽	ɰɥɑk4	
𧤾	kʲɥɛt4	
𧥄	tʂɨp4	
𧥍	pjɛw1	
𧥛	kʰjɛn2	
𧥜	ˀŋjɛn2	
𧥣	kʰɨw2	
𧥮	ɣu3	
𧥱	vu1	
𧥺	ɣʲjɛn3	
𧥺	kʲyn3	
𧦝	xu1	
𧦦	ɻjɛm1	
𧦪	bjɛn3	
𧦭	tʰwʌ1	
𧦮	na1	
𧧒	tsʰɨ3	
𧧗	xywŋ1	
𧧢	xwɑŋ1	
𧧢	xɥɑŋ2	
𧧢	xwɑŋ2	
𧧷	kiw3	
𧧸	pjɛt4	
𧧹	ɣʲi3	
𧧺	pʲʰi1	
𧧻	dʐa3	
𧨀	swʌ1	
𧨁	tsja1	
𧨃	xʲik4	
𧨹	lywk4	
𧩦	kik4	
𧩧	dɑk4	
𧩮	sjɛw2	
𧩶	kʰa3	
𧩼	tɻi2	
𧩼	tɻʰi3	
𧪘	tʂʰaj3	
𧪜	su3	
𧪞	syt4	
𧪞	kɑp4	
𧪠	dzit4	
𧪡	tʂʰjɨ1	
𧪦	tʰap4	
𧪨	ma3	
𧪮	xwa1	
𧫒	xa3	
𧫚	di3	
𧫝	ʂwa2	
𧫞	lɨw3	
𧫢	ʋɑŋ3	
𧫦	ʔʲi1	
𧫷	suk4	
𧬅	tɻa1	
𧬇	ʔʲi3	
𧬈	xip4	
𧬊	si1	
𧬌	ŋam1	
𧬨	xuj3	
𧬪	kun3	
𧬭	kwa1	
𧬮	tɻʰa3	
𧬮	kwa3	
𧬰	xjɑŋ3	
𧭈	niˤŋ1	
𧭣	kwiˤk4	
𧭤	paw3	
𧭥	lɑk4	
𧭹	bʲʰin1	
𧮑	dap4	
𧮓	dʰuj1	
𧮫	ɡjɑk4	
𧮯	ɣwiˤŋ1	
𧮰	xam1	
𧮱	vun1	
𧮶	ɣɨw1	
𧮺	dʐan3	
𧯆	xwɑt4	
𧯈	kʰik4	
𧯠	tɨw1	
𧯦	ɡɥɛn3	
𧯦	kɥɛn3	
𧯩	tʂʰuk4	
𧯫	tɻiˤŋ1	
𧯯	ɡʰi1	
𧯷	kin2	
𧰉	lɑw1	
𧰙	ɡʰi1	
𧰥	tʰɨjŋ1	
𧰲	tʂʰjɨ2	
𧰽	zɨ3	
𧰿	ŋɑj3	
𧱁	dʰuŋ1	
𧱑	dʐʰɯ1	
𧱘	maj3	
𧱚	kʲjɛn1	
𧱛	dʐu3	
𧱝	kyn3	
𧱝	kyt4	
𧱝	ɡyt4	
𧱝	kɥɛt4	
𧱦	tɨw3	
𧱪	tsʰɨw3	
𧱫	dwʌ3	
𧱲	xi3	
𧱳	xwaj3	
𧱴	mʲiŋ1	
𧱹	pʰu1	
𧱻	mʲik4	
𧲂	lin1	
𧲌	ʂap4	
𧲎	muŋ1	
𧲔	ɰyj3	
𧲚	jyj1	
𧲛	tsjɛn3	
𧲜	pʲik4	
𧲝	ɰyj3	
𧲡	lik4	
𧲱	ʔɑŋ1	
𧲴	tuŋ1	
𧳅	ʂɨ3	
𧳆	tʰuŋ1	
𧳋	dɻaj3	
𧳙	sɨ3	
𧳙	ɡi3	
𧳛	ʂap4	
𧳜	tʂiw2	
𧳟	laj1	
𧳦	ˀnɑw2	
𧳨	ˀɻjɛw2	
𧴄	jywŋ1	
𧴎	bjɛw3	
𧴗	ʔywŋ1	
𧴤	pʰak4	
𧴪	swʌ2	
𧴭	ʂjɛm2	
𧵊	xɑm1	
𧵊	xɑm3	
𧵌	ʔjɑŋ2	
𧵣	xʲyjŋ1	
𧵣	ɣʲyjŋ1	
𧵪	dzɨjk4	
𧶅	xuj2	
𧶆	lin3	
𧶇	tɻat4	
𧶉	pʲin1	
𧶊	ɰyn1	
𧶊	ɰyn3	
𧶜	ʂjɑŋ1	
𧶲	ɣwɑn3	
𧶷	tʂʰiˤk4	
𧷎	kʰut4	
𧷎	ɣat4	
𧷗	jiwk4	
𧷡	lɨw3	
𧷿	tu1	
𧸈	pʲin3	
𧸖	dɻam3	
𧸘	ljɛm3	
𧸩	syn3	
𧸱	li3	
𧹝	dʰuŋ1	
𧹭	xyjk4	
𧹲	xuk4	
𧹳	kɑn3	
𧺡	bwɑt4	
𧺢	tʰɨw3	
𧺣	tsywŋ1	
𧺣	tsʰywŋ1	
𧺶	tɻʰyt4	
𧺹	kjɯ2	
𧺺	bwɑt4	
𧺼	tsʰɨ2	
𧺾	pʰwɑn2	
𧻓	piˤŋ3	
𧻕	tsʰik4	
𧻖	tɻiw1	
𧻙	miˤk4	
𧻙	pʰiˤk4	
𧻚	ɰɥɛn1	
𧻱	ɡʰiw1	
𧻲	ɣɑj1	
𧻵	ʂap4	
𧻶	xi1	
𧻷	pu1	
𧻸	ʐi3	
𧻹	ˀjywŋ2	
𧼏	ɣʲjɛn1	
𧼐	ˀŋyn2	
𧼐	kʰyn2	
𧼒	ɡʲʰin1	
𧼒	kʲʰin2	
𧼒	kʲʰin3	
𧼙	tɻʰywŋ2	
𧼙	tɻʰywk4	
𧼞	kɥɛt4	
𧼨	kjɛt4	
𧼪	tɻʰi3	
𧼮	tʰɑŋ1	
𧼯	ʂɥu3	
𧼰	dʐap4	
𧽋	ʔu2	
𧽌	ɣwat4	
𧽍	tjɛn1	
𧽍	djɛn3	
𧽏	ʂɨw1	
𧽏	ʂuk4	
𧽐	kʰjɛn1	
𧽒	xiwŋ3	
𧽟	dzjɯ3	
𧽠	tsʰuj1	
𧽤	pʲjɛw1	
𧽤	pʲʰjɛw1	
𧽸	kɥɛt4	
𧽻	kʲyt4	
𧽼	dʰam1	
𧾍	tɻjɛn1	
𧾍	dɻʰjɛn1	
𧾎	xʲɥɛn1	
𧾒	tsʰɨ1	
𧾚	jɯ1	
𧾛	ɡyjk4	
𧾣	xʲɥɛn2	
𧾣	xyj3	
𧾣	xʲɥɛn3	
𧾣	kʲyt4	
𧾨	xjɛn3	
𧾩	zyn1	
𧾩	zɥɛn3	
𧾯	kʲjɛt4	
𧾰	jik4	
𧾱	ɡʰɥu1	
𧾵	kɥɑk4	
𧾵	ɡɥɑk4	
𧾻	ɡʲiw3	
𧿁	ŋɥɛt4	
𧿅	sip4	
𧿲	tʂɨ2	
𧿳	fut4	
𧿹	ˀmɨw2	
𧿻	kiwk4	
𨀘	zjɑŋ1	
𨀜	tʰuŋ1	
𨀝	ɻjɑk4	
𨀨	tsat4	
𨁃	tʰi1	
𨁈	ɣɑŋ1	
𨁍	ŋʲjɛn3	
𨁏	pʰu1	
𨁸	lut4	
𨁹	ˀjɛm2	
𨁽	tɨjk4	
𨂁	ʔɑp4	
𨂁	ʔap4	
𨂝	bʰam1	
𨂢	tsik4	
𨂣	ʋu3	
𨂩	pʰwɑt4	
𨂰	tɻʰi3	
𨃘	tʂɨw1	
𨄏	pʲʰjɛw1	
𨄚	tsʰjɑŋ1	
𨅎	tsʰuj3	
𨅔	dzʰam1	
𨅔	dzap4	
𨅗	pit4	
𨅞	tap4	
𨆁	tʰjɛn2	
𨆂	sap4	
𨆌	van1	
𨆪	kʲʰiŋ1	
𨆪	kʲʰiŋ3	
𨆫	tɻi3	
𨆮	dzik4	
𨆳	sjɛt4	
𨇆	laj3	
𨇙	kyj3	
𨇧	tɻʰjɛm2	
𨇮	kɥɛt4	
𨇯	ʂwaŋ1	
𨇱	pʲjɛn1	
𨇻	ˀmi2	
𨈈	djɛp4	
𨈋	jɑk4	
𨈚	bʲʰi1	
𨈛	tʂjɨ1	
𨈭	tʰam1	
𨉢	dɻywŋ3	
𨊳	sim1	
𨊼	ɣʲɥɛn3	
𨋐	pʰat4	
𨋕	ŋjɑŋ3	
𨋖	ˀliw2	
𨋙	jin3	
𨋚	ˀnjɛn2	
𨋩	vuk4	
𨋬	dʐʰiŋ1	
𨋬	tʂiŋ2	
𨋱	tʰuj1	
𨌄	dzɑŋ3	
𨌅	tsʰɨ1	
𨌅	dzʰɨ1	
𨌅	dʐʰaj1	
𨌈	dʰjɛn1	
𨌗	kʰyj3	
𨌠	luk4	
𨌥	vuk4	
𨌭	tʰap4	
𨌲	ˀmʲin2	
𨌴	tʰuj1	
𨍇	ɣiˤk4	
𨍈	tsuŋ2	
𨍋	kwʌ1	
𨍎	muk4	
𨍏	dɑk4	
𨍩	bʰiˤŋ1	
𨍫	lit4	
𨍰	kʰɑp4	
𨍴	dʰɑŋ1	
𨍶	ɡʲʰyjŋ1	
𨍷	ˀɻywŋ2	
𨍺	ɡik4	
𨎌	tɻi3	
𨎩	kwɑŋ1	
𨎪	ɻjɨ1	
𨎬	kʲjɛw3	
𨎴	tɑŋ1	
𨎶	ɡʰjɯ1	
𨎷	ljɛm1	
𨎹	ˀlam2	
𨏈	ʔin2	
𨏉	ʂwan1	
𨏉	ʂwan3	
𨏊	ɣam3	
𨏒	lɑk4	
𨏔	luk4	
𨏠	luŋ1	
𨏩	ljɛn1	
𨏪	ʂam1	
𨏵	ˀmin2	
𨏹	kɥɑk4	
𨐁	djɛp4	
𨐔	ʂɨn1	
𨐖	sat4	
𨐨	pʲik4	
𨐶	xwiˤk4	
𨑊	nywŋ1	
𨑊	ˀnuŋ2	
𨑋	nuŋ1	
𨑒	dʰu1	
𨑤	kʲʰi3	
𨑥	ʋut4	
𨑥	xut4	
𨑩	tjɛw3	
𨑩	tik4	
𨑪	tsʰywŋ1	
𨒇	kap4	
𨒋	ɰɥɛt4	
𨒌	tʂiŋ1	
𨒛	ˀɻjɨ2	
𨒥	ɣɨw3	
𨒪	tsik4	
𨒬	tʂʰjɨ1	
𨒰	jiw1	
𨓊	tjɛp4	
𨓤	tʰuj3	
𨓯	ʔʲɥɛn1	
𨔝	duŋ3	
𨔣	ka1	
𨔥	tsjɛn1	
𨕤	ɡip4	
𨖏	kiw3	
𨖶	zjɑŋ3	
𨖹	tɻit4	
𨘇	ɣuj3	
𨘇	ɣʲjɛn3	
𨘌	ɣwʌ3	
𨙂	jɛw1	
𨙂	jiw1	
𨙅	ŋɥɛn1	
𨙒	jik4	
𨙔	tɻʰywŋ1	
𨙔	tɻɥu3	
𨙙	tsʰjɛn1	
𨙫	kʰɨw2	
𨙶	puj3	
𨙷	tsiŋ2	
𨙸	ɡʲʰi1	
𨙹	ʂjɛw2	
𨙹	tsjɛw2	
𨙺	ˀniw2	
𨙽	ɡʰim1	
𨚓	fut4	
𨚔	pʰaw1	
𨚔	pɑw1	
𨚖	tsɨ1	
𨚙	ɰjɛw1	
𨚙	ɣɑw1	
𨚯	dʰuŋ1	
𨚲	dzʰun1	
𨚴	ɻjɯ1	
𨚵	tsaj3	
𨚶	njɛn1	
𨚶	niŋ1	
𨛋	ˀli2	
𨛌	ʋɑŋ1	
𨛌	mɑŋ1	
𨛍	ʂaw3	
𨛒	bu3	
𨛖	kʰaj3	
𨛫	li1	
𨛬	bʰuj1	
𨛭	ʂjɯ1	
𨛳	zik4	
𨛴	ɣɑw3	
𨛵	xu2	
𨛶	ɻiw1	
𨛸	ɣu3	
𨜏	jiŋ1	
𨜒	kʲi3	
𨜓	tɻiŋ1	
𨜓	dɻʰiŋ1	
𨜔	ɣwɑŋ1	
𨜖	ŋɥu1	
𨜘	ʔuk4	
𨜜	ʂiˤŋ2	
𨜳	dʰuŋ1	
𨜴	kʰɑj3	
𨜴	ɣɑp4	
𨜴	kɑp4	
𨜵	ʔun1	
𨜶	ʔʲik4	
𨜷	bʰɑŋ1	
𨜻	ɡʰjɛn1	
𨜿	syt4	
𨝀	ʔuj2	
𨝀	ɣuj3	
𨝋	tʂaj3	
𨝌	kɑn1	
𨝍	tsʰjɛn1	
𨝫	xip4	
𨝭	vuŋ1	
𨝯	dʰuŋ1	
𨝰	kjɛw2	
𨝱	dzʰjɛw1	
𨝴	ɣwɑŋ1	
𨝸	dʰam1	
𨞓	ʔiwk4	
𨞙	ɡʰjɯ1	
𨞚	miˤŋ1	
𨞛	kɑt4	
𨞜	kɥu1	
𨞪	dʐʰiw1	
𨞪	dɻʰiw1	
𨞪	ʐiw3	
𨞼	ʋan3	
𨞾	xiŋ1	
𨟀	li1	
𨟃	tɻiŋ1	
𨟄	van1	
𨟍	kwɑk4	
𨟏	jim1	
𨟙	ʔʲiŋ1	
𨟙	ʔʲiŋ2	
𨟚	ɻjɑŋ1	
𨟠	kʰɥɛn1	
𨟠	kʰjɑk4	
𨟻	tsjɑŋ3	
𨟼	kɑŋ2	
𨠒	fan3	
𨠔	bʲit4	
𨠦	ɰaw1	
𨡌	nuj1	
𨡩	pʰwɑt4	
𨡫	ɣun3	
𨡭	mu1	
𨡭	mɨw1	
𨡰	tsjɑŋ3	
𨡸	tʂɥɛt4	
𨢊	muŋ1	
𨢋	ɣuk4	
𨢌	lik4	
𨢍	ʐjɨ3	
𨢐	pɑŋ1	
𨢡	bʲi3	
𨢦	ʂaj3	
𨢹	tʂiŋ1	
𨣆	ˀjiw2	
𨣉	kan3	
𨣘	muŋ1	
𨣦	zjɯ3	
𨣧	dzi3	
𨣨	lam3	
𨣱	mwɑt4	
𨣻	ʔʲjɛm1	
𨣼	tsʰuŋ1	
𨤩	tɻʰywŋ1	
𨥂	kʲjɛt4	
𨥥	kwiˤŋ2	
𨥦	dzʰi1	
𨥦	tsi1	
𨦂	ˀlaj2	
𨦄	kʰjɛm1	
𨦭	lɑw1	
𨧦	pi1	
𨧨	dɻyj3	
𨩪	tɻʰjɛn2	
𨪉	dʰi1	
𨪌	ɡʲʰi1	
𨪎	ʔiwk4	
𨪐	dɨw3	
𨪴	kʲi1	
𨫒	lɨw3	
𨫔	bʲi3	
𨫔	sjɛt4	
𨬅	ˀlʌ2	
𨬐	ɡɥɛt4	
𨬖	tʂɨn1	
𨬖	dʐʰan1	
𨬟	ku1	
𨭖	tʂjɛn2	
𨮒	mujŋ3	
𨯝	duj3	
𨰉	dʐat4	
𨰟	pi1	
𨰠	lwʌ1	
𨱜	ɡʲʰi1	
𨱧	ʔʲjɛw2	
𨱵	dɑw3	
𨱵	ˀnɑw2	
𨱵	nɑw3	
𨲊	ŋɑn3	
𨲟	jywŋ1	
𨲠	tsja1	
𨲭	ɡjɛw3	
𨲳	nywŋ1	
𨳌	dɻin3	
𨳗	tʂywŋ1	
𨳝	tʰiŋ2	
𨳳	tɻʰɥu3	
𨳺	djɛt4	
𨴒	kʲʰɥɛt4	
𨴖	tʂʰuk4	
𨴗	tjɛt4	
𨴬	ɣuk4	
𨵊	dʐat4	
𨵌	ʔʌ2	
𨵥	ʂiˤŋ2	
𨵦	jɥu1	
𨵨	xyjk4	
𨵪	ɣʲjɛt4	
𨵫	njɑk4	
𨶃	tɻa3	
𨶆	tsʰjɑŋ1	
𨶈	dʰɑŋ1	
𨶩	ɣɑp4	
𨷙	ʐiwk4	
𨷭	dɻʰjɛn1	
𨷱	tʂɥɛn2	
𨷲	jɑk4	
𨷳	dzjɛn3	
𨷻	lan1	
𨸏	vɨw3	
𨸜	xɑj1	
𨸭	pʰwʌ1	
𨸰	kiwk4	
𨸱	ˀnjɛm2	
𨸱	tʰjɛm3	
𨹁	ɣuŋ1	
𨹁	kuŋ3	
𨹄	twʌ1	
𨹄	twʌ2	
𨹵	kɥɛn2	
𨹸	tʂjɛw3	
𨺅	vɨw3	
𨺟	tɻiŋ1	
𨺫	kʲʰjɛn2	
𨻵	tsʰuj1	
𨻷	kʰɑŋ1	
𨻻	lɨw1	
𨻻	ˀlɥu2	
𨻼	pʲi1	
𨻼	pʲʰi1	
𨻾	ˀluj2	
𨼊	ʋu1	
𨼍	ɣɑw1	
𨼎	tsɥɛt4	
𨼏	ɻjɨ1	
𨼑	dɻʰa1	
𨼒	tʂʰjɛn2	
𨼔	zim1	
𨼬	ɣaj3	
𨼮	dʐam3	
𨼰	tʰwʌ2	
𨽄	ʂɨ3	
𨽍	duk4	
𨽴	ʔaj3	
𨽿	daj3	
𨾂	ɰyj3	
𨾉	kiw2	
𨾊	ɣuŋ1	
𨾎	ɡʰyj1	
𨾔	fɑŋ3	
𨾚	kʲyj1	
𨾦	tʂʰjɨ1	
𨾴	kʲyj1	
𨾵	ɻjɯ1	
𨿐	tsʰyj2	
𨿠	dʐʰyj1	
𨿠	ʐyj3	
𨿯	li1	
𨿿	tʂʰywŋ2	
𩀋	ɻyn1	
𩀑	jywk4	
𩀞	tsʰɑŋ1	
𩀰	dzʰywŋ1	
𩀼	san2	
𩀼	san3	
𩀿	tsim1	
𩁌	jyj1	
𩁚	nan1	
𩁢	nan1	
𩁧	ɣwɑn3	
𩁺	ʂam1	
𩂆	fɨw2	
𩂓	tuŋ1	
𩂢	ŋaj1	
𩂢	ŋim1	
𩂣	lɑk4	
𩂥	ʔʲin3	
𩂩	luj1	
𩂹	jyjk4	
𩂻	tɻʰjɛp4	
𩃔	tsjɛm1	
𩃔	ʂam1	
𩃗	ʔjɛm2	
𩃙	kwiˤŋ1	
𩃵	ˀɻjɛm2	
𩃶	bwɑt4	
𩄁	xyj2	
𩄙	ɣɑm1	
𩄚	tsɨ1	
𩄡	ljɛm1	
𩅀	tjɛm3	
𩅀	tɻip4	
𩅂	dʰwɑn1	
𩅄	luk4	
𩅟	bak4	
𩅦	ʔwan1	
𩅧	tʂiwŋ1	
𩅨	dʐʰɨm1	
𩅼	tsjɛm1	
𩅼	ljɛm3	
𩅼	tʂam3	
𩅽	nuŋ1	
𩅿	fɑk4	
𩆂	tsɨ1	
𩆂	dzʰɨ1	
𩆈	liŋ1	
𩆊	ʋan3	
𩆑	swɑn1	
𩆚	liŋ1	
𩆜	liŋ1	
𩆮	liŋ1	
𩆵	sɨ1	
𩆵	sjɛn3	
𩆶	ɻjɑŋ1	
𩆸	dɻwak4	
𩇕	dziŋ3	
𩇜	tɻʰiŋ3	
𩇠	ʔɑp4	
𩇪	vʲi3	
𩈉	tam3	
𩈜	tuj1	
𩈡	xʲiŋ3	
𩈣	xɑm1	
𩈬	ʔwan3	
𩈭	ŋi3	
𩈵	lam1	
𩈶	ˀnan2	
𩈹	mʲjɛn3	
𩈻	tsam1	
𩈻	tʂam3	
𩉥	ɣʲɥɛn3	
𩉦	kujŋ1	
𩉪	ɻywŋ3	
𩉬	ɡʲʰi1	
𩉺	dʰʌ1	
𩉼	ʂin1	
𩊄	dɻiw3	
𩊙	vuk4	
𩊚	lɑk4	
𩊜	twʌ2	
𩊜	dwʌ3	
𩊝	tʂjɨ3	
𩊞	tʂjɨ3	
𩊪	dɨw3	
𩊭	duj3	
𩊮	sʌ1	
𩊮	ʂa1	
𩊯	ʂiˤk4	
𩋁	tɻɥɛt4	
𩋄	tʂʰɨw2	
𩋆	kʰan1	
𩋇	pʲjɛt4	
𩋊	ʔɑp4	
𩋊	ʔjɛp4	
𩋏	njɛp4	
𩋟	vuk4	
𩋠	ˀmʲjɛn2	
𩋡	ʂit4	
𩋢	xɥɛn3	
𩋩	dɻi3	
𩋪	ˀni2	
𩋬	jɑŋ1	
𩌃	ɡyj3	
𩌄	tʂʰɨw2	
𩌈	sɑk4	
𩌊	xak4	
𩌍	kap4	
𩌏	bɨw3	
𩌏	pɑk4	
𩌑	ʔɥɛn2	
𩌦	ʂɨ2	
𩌦	ʂaj2	
𩌦	ʂɨ3	
𩌨	dʐʰywŋ1	
𩌬	tʂjɑŋ1	
𩌮	ʐywk4	
𩌮	zywk4	
𩌰	ʂam1	
𩌱	sɨw1	
𩍃	maj1	
𩍅	dʰuŋ1	
𩍆	sik4	
𩍔	kʰiwk4	
𩍕	tʂjɛt4	
𩍖	ʔik4	
𩍙	ʂiˤk4	
𩍜	dɑk4	
𩍦	ˀni2	
𩍲	tʂjɨ1	
𩍿	bɑk4	
𩎀	kjɛn1	
𩎈	dzʰwɑn1	
𩎈	tswɑn1	
𩎉	ʂɨ2	
𩎌	xʲjɛn3	
𩎑	tswɑn1	
𩎓	bi3	
𩎔	kaw1	
𩎕	sip4	
𩎕	sap4	
𩎚	tɻʰiˤk4	
𩎧	vuk4	
𩎯	ɰyj1	
𩎺	ʔɥɛn2	
𩏇	dwɑn3	
𩏑	ɣɑn1	
𩏚	zyj3	
𩏠	tɻiˤŋ3	
𩏩	xjɛm1	
𩏩	xjɛm2	
𩏪	dɻiˤk4	
𩐅	sap4	
𩐌	duj3	
𩐏	van1	
𩐟	pak4	
𩐠	xuŋ1	
𩐨	pʰaŋ1	
𩐨	bʰaŋ1	
𩐭	njɛp4	
𩐱	jɛp4	
𩐵	duŋ3	
𩑂	dɻwak4	
𩑃	ŋjɛp4	
𩑐	tʂʰaj1	
𩑒	dɑk4	
𩑒	tɻiˤk4	
𩑒	tɻʰiˤk4	
𩑔	kʰun2	
𩑔	kʰut4	
𩑛	fat4	
𩑟	kʰɑm1	
𩑢	bʰaj1	
𩑢	bʰuj1	
𩑣	ɰiw3	
𩑤	ˀŋɑw2	
𩑦	mut4	
𩑦	ʔut4	
𩑳	kʰjɛm2	
𩑵	ʋʲi3	
𩑶	ɣu1	
𩑷	mwɑt4	
𩑸	xʌ1	
𩑸	xʌ2	
𩑹	ɣʲɥɛn3	
𩒣	kʰim2	
𩒣	kʰjɛm2	
𩒮	ɡʰiw1	
𩒰	ŋʌ1	
𩒰	ˀŋʌ2	
𩒱	kʰun1	
𩒱	kʰun3	
𩒵	kʲʰyjŋ2	
𩒺	vu3	
𩓝	bʲjɛt4	
𩓞	dziŋ3	
𩓡	kʲyj1	
𩓣	sɥu1	
𩓥	ŋak4	
𩓨	tsiŋ1	
𩓬	dɻʰwaj1	
𩓸	kʲyj1	
𩓾	ɻjɛm1	
𩔀	ŋwaj3	
𩔁	xuj3	
𩔂	dun3	
𩔃	ˀɰɥɛn2	
𩔇	ˀlɑw2	
𩔈	pʰɑk4	
𩔊	dʐwan3	
𩔚	ʔuŋ1	
𩔞	ɣɑm1	
𩔣	tʂjɛn1	
𩔳	tʂiˤk4	
𩔴	xywk4	
𩔶	ma1	
𩔹	pʲi1	
𩕊	tʂjɛn2	
𩕏	bʰwʌ1	
𩕐	ljɛw3	
𩕔	ˀlin2	
𩕔	lin3	
𩕖	sɥɛn1	
𩕡	ʂiˤk4	
𩕢	tiŋ2	
𩕯	tɑw1	
𩕲	ʔi1	
𩕳	ˀniŋ2	
𩕾	ŋɥɛn3	
𩖄	kʰim2	
𩖊	liŋ1	
𩖎	xujŋ1	
𩖛	bʰuŋ1	
𩖛	bʰiw1	
𩖣	zim1	
𩖴	ˀliw2	
𩖶	xʲɥɛt4	
𩖼	fut4	
𩗄	xuŋ1	
𩗔	ˀnuj2	
𩗬	ljɑŋ1	
𩗬	ljɑŋ3	
𩘅	kaj1	
𩘍	ˀjɥɛn2	
𩘍	jɥɛn3	
𩘎	ɣuŋ1	
𩘐	xyt4	
𩘑	ʔiŋ2	
𩘚	ˀɰyj2	
𩘡	li3	
𩘹	ʂuk4	
𩘹	siwk4	
𩘽	tɻiˤŋ1	
𩙅	jyt4	
𩙒	pʲʰjɛw1	
𩙚	sjɛw1	
𩙛	xujŋ1	
𩙲	fʲi1	
𩙺	jik4	
𩙽	ɣwan1	
𩚖	niw3	
𩚛	nap4	
𩚬	ʔiˤk4	
𩚭	bʰɨw1	
𩚯	ni1	
𩚱	kʲyjŋ2	
𩚳	van3	
𩚴	ʔyt4	
𩚴	ʔɥɛt4	
𩚹	liŋ1	
𩛁	paw2	
𩛌	ʐɨ3	
𩛎	ˀmɑm2	
𩛛	ji1	
𩛠	tswʌ1	
𩛢	siw1	
𩛥	tsaj3	
𩛺	kiwk4	
𩛻	tsan3	
𩛿	ziŋ1	
𩜁	liŋ1	
𩜁	liŋ3	
𩜉	ʂja2	
𩜍	tuŋ1	
𩜏	ʔjɯ3	
𩜮	tʂʰjɨ3	
𩜰	pʰik4	
𩜴	dzʰɨ1	
𩜾	tʂjɛn1	
𩜿	paw2	
𩝙	ʐjɨ3	
𩝛	ɣat4	
𩝝	kʰɑw3	
𩝡	kʲʰjɛn2	
𩝣	tap4	
𩝧	siw1	
𩝨	xwa1	
𩝸	ʔɥɛn1	
𩞁	mwʌ1	
𩞃	ʂjɑŋ2	
𩞉	dʐʰuŋ1	
𩞐	dʐʰwaŋ1	
𩞧	ʂjɑŋ2	
𩞬	tɨjŋ3	
𩞿	xɑm3	
𩟂	kwʌ3	
𩟃	liŋ1	
𩟇	ʔɑw3	
𩟊	nuŋ1	
𩟊	nwaŋ1	
𩟓	ʔwɑk4	
𩟗	tsjɛm2	
𩟙	dzjɛt4	
𩟭	luŋ1	
𩠐	ʂiw2	
𩠑	tiŋ2	
𩠖	fat4	
𩠢	ji1	
𩠣	kʲjɛp4	
𩠹	tʂɥɛn1	
𩡔	xɑt4	
𩡕	bʰiˤŋ1	
𩡝	dʰam1	
𩡩	pat4	
𩡺	kaj3	
𩡻	ʔʲjɛw2	
𩢎	tut4	
𩢑	tsʰɨ2	
𩢔	pwɑn3	
𩢕	bu3	
𩢛	kɑt4	
𩢮	xiw1	
𩢰	vuk4	
𩢱	ɣuj1	
𩢳	ɡʰɥu1	
𩢴	kʲʰit4	
𩢷	miˤk4	
𩢸	tɻiw1	
𩢼	kʰɥɑŋ1	
𩢽	ɡʰywŋ1	
𩢾	li3	
𩢾	ljɛt4	
𩣐	xwɑŋ1	
𩣘	njɛp4	
𩣝	bu3	
𩣡	bak4	
𩣡	but4	
𩣯	dap4	
𩣱	liwk4	
𩣸	vɨw3	
𩣽	ɡiwk4	
𩤛	ŋywŋ1	
𩤠	ɣaj1	
𩤡	sɥɛn1	
𩤥	ɣam1	
𩤽	tʰi1	
𩥄	tjɛn1	
𩥆	ljɯ3	
𩥇	tɻjɛn3	
𩥈	ʔun1	
𩥉	ki3	
𩥑	tʰap4	
𩥓	tʰɑw1	
𩥮	ʂan2	
𩦂	ɣan1	
𩦌	sɑŋ1	
𩦎	fʲi2	
𩦠	bʲʰjɛw1	
𩦡	jɯ1	
𩦡	jɯ3	
𩦢	ŋɥu1	
𩦶	dʰuŋ1	
𩦺	muŋ1	
𩧃	li3	
𩧉	kwɑŋ1	
𩧋	li1	
𩧐	lɑk4	
𩧐	tʰɑk4	
𩨭	kʰɥa1	
𩨳	tut4	
𩨴	ˀjɛw2	
𩨷	kʰɥa1	
𩨾	ŋwa1	
𩩌	kun2	
𩩘	ʔjɯ2	
𩩝	kʰaŋ1	
𩩠	dzut4	
𩩯	bʲjɛn3	
𩩱	kʰa3	
𩩲	ɣɑt4	
𩪉	xywk4	
𩪋	ŋɑw1	
𩪍	tʂʰɥu1	
𩪐	kwiˤk4	
𩪘	dɻʰwaŋ1	
𩪜	ɡɥɛt4	
𩪡	dʰun1	
𩪧	bʲik4	
𩪲	ɣat4	
𩫀	kʰɑj3	
𩫏	kwɑk4	
𩫥	dzʰɑw1	
𩫧	ɰɥɛn1	
𩫫	bʲʰi1	
𩫿	dʐʰiˤŋ1	
𩬑	tjɛm1	
𩬙	fu1	
𩬙	fu3	
𩬜	kiwk4	
𩬠	tʰaj1	
𩬰	ɡʰywŋ1	
𩬳	tuj2	
𩬶	sɨ3	
𩬹	kʰɥɑŋ1	
𩭇	li1	
𩭓	tsiw1	
𩭩	tuŋ3	
𩭾	mɨw1	
𩭿	nat4	
𩮁	kʰat4	
𩮁	kat4	
𩮂	xat4	
𩮙	ɻywŋ1	
𩮜	ʂik4	
𩮜	tʰik4	
𩮝	ŋat4	
𩮰	tsuŋ1	
𩮰	tsuŋ2	
𩮳	bʲjɛw3	
𩮶	sɨw1	
𩮷	tɨw1	
𩯄	tsun3	
𩯅	fɨw3	
𩯅	fuk4	
𩯊	ljɛw1	
𩯋	kik4	
𩯌	pwɑt4	
𩯏	puk4	
𩯨	ˀni2	
𩰎	ʔwiˤŋ1	
𩰗	pʲʰin3	
𩰝	pʲʰin1	
𩰞	ˀmʲi2	
𩰞	ˀni2	
𩰟	fun1	
𩰢	ʂɨ2	
𩰢	ʂɨ3	
𩰥	tsjɑk4	
𩰪	ʔyt4	
𩰫	kwʌ1	
𩰬	kwʌ1	
𩰳	ɣʲyj1	
𩰴	ɻjɨ1	
𩰹	kʲiŋ3	
𩰾	fʲi3	
𩱈	tʂʰaw2	
𩱓	ɻjɨ3	
𩱖	suk4	
𩱘	kʰiˤk4	
𩱚	but4	
𩱡	kjɛn1	
𩱤	kjɛn1	
𩱦	tʂʰaw2	
𩱧	kiˤŋ1	
𩱨	ɻywk4	
𩱭	tsiŋ3	
𩱱	jiwk4	
𩱲	jɑk4	
𩱴	xjɛw1	
𩱷	mwɑt4	
𩱷	mʲjɛt4	
𩲄	ʔuj3	
𩲏	xwa3	
𩳍	ʔʲiŋ2	
𩳔	ŋaw3	
𩴆	ɡʰi1	
𩴆	ki2	
𩴓	nʌ1	
𩴱	pʲin1	
𩴱	pʲʰin1	
𩴱	bʲʰin1	
𩴳	tʂʰat4	
𩵀	liŋ1	
𩵌	sjɛw2	
𩵏	xwa3	
𩵖	sjɛw2	
𩵢	xɑp4	
𩵣	pʰuj1	
𩵥	vʲi3	
𩵩	fu1	
𩵭	ɰɥɑŋ1	
𩶁	biˤŋ3	
𩶅	tʂʰjɨ1	
𩶇	ʂim2	
𩶤	sjɛn2	
𩷍	jyjk4	
𩷎	dik4	
𩷏	ɡʲʰiŋ1	
𩷏	ɣʲiŋ3	
𩷒	dzʰim1	
𩷕	lɑŋ1	
𩸄	ɣwa3	
𩹂	ɰyj3	
𩹄	xɑj3	
𩹇	dʰiŋ1	
𩹈	dɻi3	
𩹉	fʲi1	
𩹍	ɡʲʰyj1	
𩹏	ba3	
𩹟	nɑj3	
𩹲	pʰu1	
𩹳	swʌ2	
𩹶	dʰɑŋ1	
𩹺	kiˤk4	
𩹼	ɣɑn3	
𩹿	kiˤk4	
𩺀	tsik4	
𩺰	ŋjɯ1	
𩺱	nik4	
𩺵	ʂɨn1	
𩻛	tsim1	
𩻛	dʐʰɨm1	
𩻜	lin1	
𩻝	dʐwan3	
𩻟	ɰyj1	
𩻟	xyj1	
𩻼	dɻi3	
𩼅	ɻywŋ3	
𩼈	ʔɑw3	
𩼊	lwʌ1	
𩼋	ŋjɛp4	
𩼝	dʐʰjɑŋ1	
𩼪	ŋjɯ1	
𩼼	tɻjɛn1	
𩽏	lik4	
𩽛	bɑk4	
𩽜	kjɛn2	
𩽵	ˀli2	
𩾔	tsʰɨ3	
𩾗	tjɛw1	
𩾗	tsjɛw1	
𩾘	ŋi3	
𩾞	ɣwɑn1	
𩾷	kwʌ1	
𩾺	tam3	
𩾼	sik4	
𩾾	xaw1	
𩾿	vu3	
𩿀	dɻiwŋ3	
𩿂	mɑw3	
𩿇	ɣu3	
𩿟	kʰjɯ3	
𩿡	dʰaj1	
𩿢	tʰɨw2	
𩿢	dɨw3	
𩿣	mwɑt4	
𩿤	tʂat4	
𩿧	fu1	
𪀐	kip4	
𪀐	bip4	
𪀐	ɡjɛp4	
𪀒	tʂʰjɨ1	
𪀒	djɛt4	
𪀕	ji3	
𪀗	kyj2	
𪀗	ˀŋyj2	
𪀘	dzjɑŋ3	
𪀚	siwŋ1	
𪀠	zyn1	
𪀥	dɻiˤk4	
𪀦	tɻʰik4	
𪁁	ɡiwk4	
𪁍	kɑp4	
𪁘	ʔwɑŋ1	
𪁙	ŋu1	
𪁛	jyjk4	
𪁜	lɑŋ1	
𪁞	dʰɨw1	
𪁪	ˀmuŋ2	
𪁪	ˀmaŋ2	
𪁾	ʔɑw2	
𪂅	tʂjɨ1	
𪂆	min1	
𪂈	jɛm1	
𪂉	ɰyjk4	
𪂌	tʰap4	
𪂸	siwk4	
𪂽	bʰun1	
𪂿	dʰi1	
𪂿	di3	
𪃃	vuk4	
𪃄	saj1	
𪃈	kat4	
𪃈	kʲjɛt4	
𪃍	ŋɥu1	
𪃓	vɨw3	
𪃦	mʲjɛw1	
𪃹	tsik4	
𪃾	jywŋ1	
𪄀	bʰwɑn1	
𪄆	pʲʰi1	
𪄉	ʔywŋ1	
𪄛	sik4	
𪄭	tsʰit4	
𪄮	ɣu3	
𪄱	tɻiˤk4	
𪄱	tik4	
𪄲	ʂjɑŋ1	
𪄶	zip4	
𪄸	tsik4	
𪄹	dʐʰjɑŋ1	
𪄻	ʂywŋ1	
𪅂	tʂjɑŋ1	
𪅃	pʲʰjɛw1	
𪅄	sut4	
𪅆	li1	
𪅟	jywŋ1	
𪅮	mit4	
𪅲	xip4	
𪅶	tʂʰjɑŋ2	
𪅺	xɨw1	
𪅼	lik4	
𪅾	kʰi1	
𪆁	sɨ1	
𪆃	dʰwɑn1	
𪆇	dɻʰiw1	
𪆫	ɡʰjɯ1	
𪆯	nwaŋ1	
𪆰	ʔat4	
𪆱	liw1	
𪆶	tsʰan3	
𪆷	dʐʰɯ1	
𪆻	tam2	
𪇖	lam1	
𪇗	kuk4	
𪇘	dɻʰiw1	
𪇭	tsʰaj3	
𪇰	bɑw3	
𪇰	puk4	
𪇰	pak4	
𪇱	lɑk4	
𪇲	tsjɛt4	
𪇴	mʲjɛt4	
𪇹	lap4	
𪇼	nan1	
𪈁	tʂim1	
𪈓	kiwk4	
𪈜	ˀlɥu2	
𪈟	kat4	
𪈩	xwɑn1	
𪈮	man1	
𪈴	kɥɑk4	
𪈻	ɡʰɥɛn1	
𪈿	mun1	
𪉜	tɻam1	
𪉜	tɻam3	
𪉦	kɑm3	
𪉦	kam3	
𪉧	tʰam3	
𪉮	tsʰɨw3	
𪉯	kʰɑm3	
𪉱	bʲjɛn3	
𪉸	ʔun1	
𪉿	kʰɑm3	
𪉿	kɑm3	
𪊇	tʰam3	
𪊉	ɣwaj1	
𪊍	zɨ3	
𪊑	kʲjɛn1	
𪊑	kʲʰjɛn1	
𪊑	kʲʰiŋ3	
𪊧	kʲyj1	
𪊨	ki2	
𪋆	kun1	
𪋇	tʂyj1	
𪋎	ʔiw1	
𪋐	nwɑn3	
𪋝	suk4	
𪋮	jɯ1	
𪋮	jɯ3	
𪋯	ɻɥu1	
𪋯	sɥu1	
𪌈	bʲʰi1	
𪌘	tʰɨw2	
𪌣	kiˤk4	
𪌯	sut4	
𪍑	tʂʰjɛw2	
𪍒	ɣu1	
𪍛	sut4	
𪍠	kʰuk4	
𪍣	ˀlɨw2	
𪍦	ˀljɛn2	
𪍴	ljɛn1	
𪍶	ʐjɛn3	
𪍺	ɣwan3	
𪍿	kwiˤŋ2	
𪎂	laj1	
𪎓	ˀmi2	
𪎕	mi1	
𪎣	liw1	
𪎥	sik4	
𪎨	dʰɨw1	
𪎭	mi1	
𪎮	xyj1	
𪎵	kʰɑŋ3	
𪎶	dʰun1	
𪎽	tʂʰiwŋ1	
𪎽	tʰuŋ3	
𪏂	dɻʰjɛm1	
𪏆	tʰun1	
𪏆	tʰwɑn1	
𪏉	tɻjɛm1	
𪏓	ɣwiˤŋ1	
𪏚	ˀɰyn2	
𪏤	kuj3	
𪏮	ˀɻjɯ2	
𪏴	kin2	
𪏻	ɣu1	
𪏿	tɻɥu1	
𪐂	kʰɥɛn2	
𪐄	pʲi2	
𪐄	baj3	
𪐏	tɻiˤk4	
𪐏	tɻik4	
𪐙	pʰuk4	
𪐝	daj3	
𪐤	ɰiw1	
𪐴	tɻɥu2	
𪐿	pʰaŋ1	
𪑊	tsʰjɛw3	
𪑙	kim1	
𪑚	laj1	
𪑝	ʔiwk4	
𪑝	ɰyjk4	
𪑝	xyjk4	
𪑧	djɛp4	
𪑧	ljɛp4	
𪑩	djɛn3	
𪑪	man1	
𪑬	dɻiŋ3	
𪑱	ʔuk4	
𪑱	ʔak4	
𪑾	ɻywk4	
𪑿	tsɨ1	
𪒀	bʰwɑn1	
𪒄	mʲik4	
𪒑	tsʰik4	
𪒒	tɻʰywŋ1	
𪒘	dɻiŋ3	
𪒜	mat4	
𪒟	dzɨjŋ3	
𪒠	ʔam2	
𪒠	ʔam3	
𪒬	nywŋ1	
𪒴	dʰaj1	
𪒴	taj1	
𪒹	kam1	
𪒿	dʰuŋ1	
𪓌	tsuj3	
𪓐	tʂʰɯ2	
𪓞	ɡʰɥu1	
𪓞	kɨw1	
𪓬	mʲi1	
𪓰	tsʰiw1	
𪓷	ɣʲi1	
𪓹	ma1	
𪓿	ʂjɨ1	
𪔅	ɰyn1	
𪔔	pʰaŋ1	
𪔗	ʔin1	
𪔜	dʰuŋ1	
𪔢	luŋ1	
𪔧	tʰjɛp4	
𪔪	tsʰip4	
𪔰	ɰim3	
𪔳	liwŋ1	
𪔵	vun1	
𪔿	pʰuk4	
𪕊	tsɨ1	
𪕋	liw1	
𪕋	ˀliw2	
𪕌	liŋ1	
𪕍	kʲyjŋ1	
𪕎	ˀɻywŋ2	
𪕏	jiw3	
𪕔	ˀɻjɨ2	
𪕞	tsyn3	
𪕭	ʔɑj3	
𪕯	ɣʲjɛt4	
𪕯	ɣʲik4	
𪕱	ɣu1	
𪕶	ʔiˤk4	
𪕶	ʔʲik4	
𪕸	kuk4	
𪕹	dʰɑŋ1	
𪖂	li1	
𪖇	van1	
𪖎	dʐʰam1	
𪖛	kʰiw3	
𪖥	xi2	
𪖵	ʔuŋ3	
𪖶	sut4	
𪖼	tsim1	
𪗂	dʐʰam1	
𪗉	tsɨ1	
𪗋	tsɨ1	
𪗍	dzʰi1	
𪗔	pʰat4	
𪗙	ˀŋan2	
𪗛	ˀŋjɛn2	
𪗨	dʐɨt4	
𪗪	ʂjɨ1	
𪗭	tɻa1	
𪗶	dʐʰaj1	
𪗻	tɻit4	
𪗻	djɛt4	
𪗾	ɣat4	
𪗾	xat4	
𪘁	ɣɑp4	
𪘁	tʰap4	
𪘏	tʂʰuk4	
𪘏	tʂʰwak4	
𪘓	tsʰʌ1	
𪘓	dzʰʌ1	
𪘘	ɣap4	
𪘧	tʂʰɨt4	
𪘧	dzut4	
𪘨	tɻaj1	
𪘩	ˀŋyn2	
𪘪	dʐan3	
𪘲	ŋaj1	
𪙊	ŋjɛm1	
𪙊	ŋam1	
𪙊	ŋjɛm3	
𪙌	tsʰjɛt4	
𪙍	pɑk4	
𪙤	ˀŋin2	
𪙧	ɡʰi1	
𪙷	lap4	
𪙽	lik4	
𪚀	ljɛn1	
𪚗	luŋ1	
𪚝	lywŋ1	
𪚠	lywŋ1	
𪚦	kyj1	
𪚱	tsjɛw1	
𪛊	ŋin1	
𪛋	tʂʰjɑŋ3	
