#漢字	音標	解釋
□	sɿ2	【□气】[sɿ213tɕʰi44]食品变馊有异味儿:把剩下的饭赶紧吃咧去,不吃就~咧。
□	vu3	因通风不良而发生霉变:麦子~咧成黑的咧。
□	tʂʰu2	【□□】[tʂʰu213tʂʰu24]手提袋一类的总称。也说“褡褡、褡褡子”:寻个塑料~让我把书装上。
□	tʂʰu	【□□】[tʂʰu213tʂʰu24]手提袋一类的总称。也说“褡褡、褡褡子”:寻个塑料~让我把书装上。
□	tʂʰu2	【□□□】[tʂʰu213tʂʰu24tʂʰu211]小声议论:要说就大声说,再不咧~的。②指平素爱暗地议论别人的人:那是个~一个,你可要防着呢。
□	tʂʰu	【□□□】[tʂʰu213tʂʰu24tʂʰu211]小声议论:要说就大声说,再不咧~的。②指平素爱暗地议论别人的人:那是个~一个,你可要防着呢。
□	tʂʰu3	【□□屁】[tʂʰu53tʂʰu21pʰi21]没有声响的屁。
□	tʂʰu	【□□屁】[tʂʰu53tʂʰu21pʰi21]没有声响的屁。
□	tsa3	吃起来不柔软、不顺溜:苜蓿芽老咧,吃可咧~着呢。
□	pia3	拟声词。
□	tɕʰia3	跨过:前面有个水渠渠,~过去算咧。《广韵·洽韵》:“侯夹切。走貌。”
□	tɕʰia3	【□尿臊】[tɕʰia53ȵiɔu44sɔu21]抬腿从别人的头上跨过。
□	tʂʰuɤ3	【□剥】[tʂʰuɤ53pɤ21]撕扯某人的外衣,引申为打(人):你不咧讨厌,小心有人~你。
□	tʂʰuɤ3	【□脸】[tʂʰuɤ53liæ̃53]生气拉下脸:动不动就给人~,谁欠你的咧!
□	tɕʰyɤ2	当地丧俗,指人死亡后不能正常下葬(通常是风水不利等迷信原因),而将尸体暂时存放在土窑中,待以后择好日期再下葬。
□	tɕʰiɔu5	雨水泥泞:下咧雨,巷子里全是泥连水,~得很!
□	fæ̃5	作呕欲吐:心里头不舒服得很,一直要往上~。
□	tʰæ̃	延缓:这个事~一步再说。②(人性子、言语)迟缓:那个人言~。③停、隔、过:~给咧十几天。
□	tsæ̃	【□价】[tsæ̃24tɕia44]买东西时与商家讨价还价。
□	tsuæ̃3	视觉敏锐:眼睛~得很,一下子就找着咧。
□	pia	【软□□】[ʐuæ̃53pia21pia21]形容软得拿不起来或挺不起来的样子。
□	tʂaŋ	(表情)呆滞、(反应)迟钝:你~啥着呢。/一句话把人给说~咧。
□	tʂaŋ	【□子】[tʂaŋ24tsɿ21]表情呆滞、反应迟钝之人。
□	tʂaŋ	【□耷耷】[tʂaŋ24ta21ta21]形容呆滞、迟钝的样子。
□	tʂaŋ	【□眉耷眼】[tʂaŋ24mi21ta21ȵiæ̃53]同“瞕耷耷”。
㞗	tɕʰiəu	男性生殖器。
㞞	suŋ	精液。
㬤	tɕʰi2	用沙土等吸收水分:娃娃尿着炕上咧,赶紧拿砖头~上。
䊲	tsʰæ̃5	洗、淘东西的遍数:米我已经淘过三~,净得很咧。
一	i	【这一阵】这一会儿。
一	i2	【七十一】数目。
一	iɔu2	【光把一二三】一无所有。
丁	tiŋ2	【丁子】扑克牌中的“J”。
七	tɕʰi2	数目。
七	tɕʰi	【七七】指人亡故后,亲人用七周的时间来纪念,第一周称为“头七”,最后一周称为“尽七”,共七周。
七	ɕi	【尽七】当地丧俗。指人亡故后,亲属自埋葬死者开始,每七天要给死者烧一次纸,共七七四十九天,尽七是最后一个七天。
万	væ̃5	【万金油】比喻什么都能做,但什么都不擅长的人。
三	sæ̃	【十三花】酒席的一种,上五碗八盘菜。随着生活水平的提高,十大碗、十三花的酒席样式已渐渐消失。
三	sæ̃2	【十三不靠】麻将术语。指筒、万、条的点儿分别为1、4、7,2、5、8,3、6、9,其余为东、西、南、北、中。常用来比喻事物之间没有联系。
上	ʂaŋ	【碌碡挹到半山上】比喻事情发展到非常关键的地步。
上	ʂaŋ5	【八百不上串】一串钱为一千,八百不足要硬凑,比喻没有关系硬拉关系:日子刚过得好咧,~的都寻着来咧。
下	xa	【世下的】命运早就安排好的。这两个娃娃结婚呢,真个就连~一样。
下	xa5	【几下里】几处、各方面:~给凑咧一点钱,勉强过咧个年。
下	ɕia	等级低的:~级。②次序或时间在后的:~次。③使降落:~半旗。④进入:~水。⑤投送:~帖子。⑥到规定时间结束日常工作或学习:~班。⑦谦辞:在~。⑧颁布:~令。⑨卸掉:把他的枪~了!⑩用,投入精力:~工夫。做出判断:~结论。用在名词后边表示在里面或当某个时节:言~、节~。少于:不~二百人。动物生产:鸡~蛋。
下	ɕia5	【下场】对死亡的委婉说法,特指老年人去世。
不	pu	【至不行】同“至少”,通常与“也得”搭配:这个东西~也得30个元。
不	pu2	【不敌】不如:旦是这么个咧,~你走着去算咧。
丑	tʂʰəu3	地支的第二位,代表动物是牛。
且	tɕʰiɛ3	【且莲】苤蓝。
世	ʂʅ5	与生俱来,原本就有的:那是老天爷给他~下那么个脸么,谁给能变过来。
世	ʂʅ	【现世宝】使家人丢脸出丑的人:我还笑话人家娃娃着呢,咱们家就有一个没出息的~呢。
業	ȵiɛ	【窝业】(人)舒服、好:这一向~着呢么?这几天感觉身上不~得很!②(事情)圆满结束:事情弄~咧吗?
業	ȵiɛ2	【业已】已经:~成咧这么个,再说后悔话有啥用呢!
東	tuŋ	【财东】旧时的富豪人家。
東	tuŋ2	【东傍个】东边:固原城~的山叫东岳山。
絲	sɿ2	【丝光袜子】一种机制袜,表面像丝一样光滑光亮。
絲	sɿ	【血丝糊拉】血肉模糊,到处都是血迹。
丢	tiəu2	【丢下】余下、剩下。~这几个钱咧,还能买啥?/你先去,~娃娃咧我给你领上。
丢	tiəu	【丢脱】放开、松开:娃娃一天~叫耍去!②扔:~一石头,把人家的头打烂咧。
兩	liaŋ3	【一下两下】形容时间短暂:西藏不是~就能去的,怕多少要做些准备呢。
兩	liaŋ2	【两点水】汉字偏旁名称,如“凉、冰、冲”等字的左边。
嚴	ȵiæ̃	【打扎合严】总计,把所有的都加起来。
喪	saŋ2	【起丧】将死者的遗体从家中抬起,送往墓地。也说“发丧”。
喪	saŋ5	【丧门星】迷信说法,指给他人带来灾难的人。
个	kɤ	【自个人】有亲戚关系或交情深厚的人。也说“个家人”。
个	kɤ5	【十天半个月】十到十五天左右。因语境不同,分别带有嫌时间长或说时间足够用的意味:你一去就是~,我能给等住!/这一点活,有~做得完完的。
个	~,	赶紧撇咧去。
个	kuɤ	【个家】自己、本人。
个	rkɤ	【前儿个】前天。
中	tʂuŋ	【当中里】中间。
中	tʂuŋ2	【中堂】挂在房屋正面墙壁上的字画。
串	tʂʰuæ̃5	【一串搭】一串儿:腰里别下~钥匙。
臨	liŋ	将要、快要:~考试恰,再不咧逼着娃娃学多少咧。
丸	væ̃	【丸药】做中药丸。
丹	tæ̃2	【果丹皮】用山楂等加工制成的薄片状的、性柔韧、味
丹	tæ̃	【焦毛炼丹】形容十分着急的样子(含贬义):你一下子~着要做啥呢!
主	tʂu3	【主玛儿日】礼拜的日子。来源于阿拉伯语。
麗	ly	【秀丽】女性身材窈窕,模样清秀。②(字迹)清秀好看。
乃	nɛi	【做乃麻孜】伊斯兰教徒做礼拜:你大干啥着呢?乜~着呢。
乃	nɛi2	【乃麻孜】祈祷、礼拜。伊斯兰教五项宗教功课之一。挨齐儿nεi213tɕʰi24εr21挨个儿。也说“挨挨齐儿”。
麽	mu	【是咋么】不论怎么样:~让他到我跟前来一下。
義	i5	【就义】指没什么希望,无可挽回:你把人带概看~咧么!舅爷tɕiəu44iε24父母的舅舅。
義	i	【情义】亲属、朋友之间的感情:不咧把事情做绝咧,你总还得顾及一些~呢么!②待人热诚、富有情感:这个小伙子~得很!③心意、礼物:这是娃娃的一点~,你收下。
乍	tsa5	【乍乍呼呼】形容做事不稳重,爱张扬。也说“乍呼”。炸雷tsa44luei24声音很响的雷。
乍	tsa	【乍乍呼呼】形容做事不稳重,爱张扬。也说“乍呼”。炸雷tsa44luei24声音很响的雷。
乎	xu	【麻乎乎】光线较暗。
乏	fa	累、疲倦:这几天把人~日塌咧。
乖	kuɛi	【不乖】不好看、不漂亮:这么个打扮上一点都~。②孩子调皮:这个娃娃一点儿也~,匪气得很!③孩子生病:娃娃怕是~咧,赶紧抱着去叫大夫看一下。
乖	kuɛi2	【乖爽】小孩子听话、性情腼腆:这个娃娃总的来说~着呢。②身体健康、不生病:娃娃这几天不~,闹人得很!
乙	i3	天干的第二位。
乜	ȵiɛ	人家:~说咧这不是他的事!
乜	ȵiɛ3	【乜贴儿】施舍的钱物(回民用语)。
乜	nie3	【散乜贴】施舍财物。伊斯兰教用语。
九	tɕiəu3	【十帕九泪】形容哭得特别伤心的样子:乜一下子~地,就连有天大的委屈一样。
鄉	ɕiaŋ	【乡里】乡下。
買	mɛi3	【一锤子买卖】只做一次:做生意的人不能做~,要有信誉呢。②孤注一掷:反正就这~咧,信命由天吧。
買	mɛi2	【买主】顾客。
亂	luæ̃5	【吃乱团】遭乱人拳打脚踢:你不咧去咧,你去肯定让人~咧。
乳	ʐu3	【乳牛】母牛。
了	liɔu	【知了子】知了:连个~一样,叫唤着没停。
了	liɔu3	【了然】放心、解脱:给你把媳妇说上,你妈也就~咧。
爭	tsəŋ	【发呓争】说梦话。
爭	tsəŋ2	【争讲】争论、争辩。
事	sɿ	【喜事】好事,好消息。这两天脸上看去高兴很,怕是有啥~呢!②对过寿、过生日、结婚等事的统称。也说“红事”。
事	sɿ5	【大番小事】大小事情的统称。
二	ɛr	数字。②单独使用,形容某人性格鲁莽、言辞行为过激:稳住,再不咧那么~咧啥。③常与杆子、倯、货等构成詈词:~杆子遇上~倯咧,一双~货。
二	ɛr5	【二月二】指农历二月初二。当地民俗之一。这天家家户户要炒豆子,吃豆子。多数人选择这天去理发,意为新春有新气象:△~,龙抬头。/~,炒豆豆。
虧	kʰuei	【吃亏】吃亏、受损失。
虧	kʰuei2	【亏是】幸亏。~有个你,不是就没他娃咧!
云	yŋ	【瓦渣云】像小瓦片状的云彩。
五	vu3	【十五】指农历正月十五,元宵节。
五	vu	【抓五子儿】一种抓石头子儿或羊骨拐的儿童游戏。抓大头tʂua213ta44tʰəu24拈阄儿,以确定谁出钱或出力最多。
亞	ia2	【亚伯子】丈夫的哥哥。
些	ɕiɛ	【这些】指示代词,指数量较多。
些	ɕiɛ2	【些许】稍微:~往左移一下。②一点儿,少许:给也是个~么,不可能都给么。
亡	vaŋ	【亡人】死者。
交	tɕiɔu	【这交】同“这不交”。
交	tɕiɔu3	【打交儿】打交道:那个人你就不能和他~。
交	tɕiɔu2	【解交交】一种儿童游戏。一人用线结成环形套在手腕上,靠手指将线构成某种图形,然后由对方用手指改为其他图形,双方可按此法反复变换玩耍。②比喻调解矛盾。
亥	xɛi5	地支的第十二位,代表动物是猪。
產	tsʰæ̃3	【小产】流产:刚~咧你要注意身子呢。
享	ɕiaŋ2	【享应】通常构成“动词+不~”,表虽得到但并不能真正享受:你叫他拿着去,他还是个拿不~。
亮	liaŋ5	【麻麻亮】黎明。
亮	liaŋ	【大明大亮】公开地:这个事你就~地弄去,没人说你啥!②无所顾忌地:人家~地喊着呢,证明事情已经定下咧!
親	tɕʰiŋ	【室内亲戚】关系很近的亲戚。
親	tɕʰiŋ2	【挂搭子亲戚】远亲或硬凑的亲戚关系:~么,你带概不咧管!
親	tɕʰiŋ5	【狗脸亲家】比喻儿童间忽好忽恼的关系。
人	ʐəŋ	【自个人】有亲戚关系或交情深厚的人。也说“个家人”。
人	ʐaŋ	【惹人】得罪人:~的事净让我干咧!②讨人喜欢:一个碎人人,~得很!
人	~	得很,你就不敢给说个啥。也说“嘴简毛长”。
仁	ʐəŋ	【白眼仁子】白眼珠:我给人家说啥着呢,乜~往
仇	tʂʰəu	【记仇】把对别人的仇恨记在心里:你不咧说,小王还是个~的人。
今	tɕiɛ	【今儿】今天。
今	tɕiŋ2	【今年个】今年。
今	tɕiŋ	【从今往后】从此以后。
从	tsʰuŋ	【打从】自从。~你来,我们就没过上个好日子。
倉	tsʰaŋ2	仓库、仓房。
倉	tsʰaŋ3	【仓促】做事没有准备,急急忙忙,时间不充足。
倉	tsʰaŋ5	有意识地储藏:干咧几年保管,怕是给自己~咧不少吧!
他	tʰa	【娃他舅】丈夫对妻子兄弟的称呼。
他	tʰa3	第三人称代词,单数。
仗	tʂaŋ5	【抵仗】有犄角的牛或羊相互顶角。
付	fu3	【托付】委托。
仙	ɕiæ̃2	【仙板骨】牛羊的肩胛骨。
代	tɛi5	【代劳】指在红白喜事上帮忙。
以	i3	【以往】过去:~咋么弄现在就还咋么弄。
儀	i5	【司仪】婚礼、寿诞庆典的主持人。
們	mu	【你们】第二人称代词,复数。
們	məŋ	【他们】第三人称代词,复数。
仰	ȵiaŋ3	【仰绊子】仰面朝天摔倒在地。
仰	iaŋ3	【仰窗】屋子里糊的顶棚。
價	tɕia5	【吃高价饭】指给人送礼金并吃对方准备的酒席。
價	tɕia	【一天价】成天,整天:~刚知道吃,没说做点活。
伏	fu	【入伏】进入伏天:等~咧再说。
伙	xuɤ3	【巇伙儿】同“巇”。也说“巇伙伙儿”,具有强调意味。
伙	xuɤ	【打平伙】大家共同吃喝,均摊费用。
會	xuei	【一时半会】一时半刻,短时间内:~就让有效果,那是不可能的么。
會	xuei5	【跟会】赶庙会。
傳	tʂʰuæ̃	【谝闲传】闲聊:一天价不好好干工作,刚知道~。②对别人所说的话或发生的事实持怀疑、惊讶的态度:~着呢,那不可能吧?也说“谝传”。
傷	ʂaŋ2	【吃伤咧】因暴食暴饮某种食品,造成以后见这种食品厌恶或反胃:娃娃碎的时候让鸡蛋给~,现在带个不能吃鸡蛋。
傷	ʂaŋ	【青伤红印】指受击打后皮肤上出现的淤血印记。亲姊热妹tɕʰiŋ213tsɿ44ʐɤ213mei44形容姊妹之间亲密无间。
伯	pei	【亚伯子】丈夫的哥哥。
估	ku3	估计、猜测:你~羊肉这两天啥价?
但	tæ̃5	【只但】只要:~一回来,你就给我言传。
位	ː	吹咧一天的黄风,~里沙子装满咧。
住	tʂʰu	【鼻粘住棍】鼻涕粘在棍子上,喻指缠绕、附着在上面,难以摆脱。
住	tʂu5	【住声】让某人停止哭泣。多用于祈使句中。
住	tʂʰu5	【搭不住刀子】原指牛羊瘦,没有多少肉。引申为某人钱财少经不起别人折腾:那个可怜着~么,和他耍啥呢!
體	tʰi3	【体子】体格:乜家这个人的~好得很么,从来就没感冒过。
體	tʰi	【体体子】体格(常指小孩子):你看这个娃娃的~乖嘛。
何	xuɤ	【奈何桥】传说中阳世间通往阴曹地府的独木桥。据说此桥狭窄,下有血河。生前为善者可顺利通过,再投生为人;生前作恶者则坠入河中,被恶鬼毒虫所食。
佛	fɤ	对佛教创始人释迦牟尼的简称,也是佛教徒对修行圆满的人的称呼。
作	tsuɤ	【二一添作五】平分:这些东西咱两个~,一人一半儿。
佝	kəu2	脊背向前弯曲:腰~下吃力得很。《广韵·候韵》:“呼嘱切。佝偻,短丑。”
你	ȵi3	第二人称代词,单数。
佬	lɔu	【窝里佬】胆小、内向、老实之人。
佮	kuɤ	人与人之间在脾性、爱好等方面合得来:这两个娃娃大相(属相)不~,不能成亲(一种迷信的说法)。②某些事物搭配在一起口感好:萝卜~的就是牛羊肉。《广韵·合韵》:“古沓切。并佮,聚也。”
佯	iaŋ	【佯板】颠三倒四、神情恍惚。
使	sɿ3	【使拐】使坏:这个人不给人~,是个好人。
侃	kʰæ̃3	【明侃】直白地说。
侄	tʂʅ	【侄儿子】弟兄或其他同辈男性亲属的儿子。
侉	kʰua3	【侉子】指语言与本地不同的外地人,当地主要指河南人(含贬义)。
側	tsɛi2	【侧棱子】侧身。
侯	xəu	【王五八侯】自以为是、自命不凡:乜~的,真不知道自己姓啥咧!
便	piæ̃5	【便宜】现成,方便:有~的饭呢吃些算咧。
促	tsʰu	【仓促】做事没有准备,急急忙忙,时间不充足。
保	pɔu3	【保底】保住最基本的。
信	ɕiŋ5	【迷信罐罐】指非常讲迷信的人。
倒	tɔu	【一打一颠倒】两人睡觉时常因地方小而相互倒过来睡,即头与另外一个人的脚是一个方向。②将物品的两头儿调换个位置:~放上刚好。
倒	tɔu5	【打倒烟】受风向或烟囱结构影响,炉子或灶膛里的烟不能顺畅排出而从炉子口冒出:今儿个吹的东南风,炉子~开咧。
倒	tɔu3	【喝里倒腾】形容脚步重而嘈杂或重物倒下的声音。
倒	tɔu2	【倒棱子】将物品倒过来放置。
候	xəu	【这时候】这时。
倯	suŋ	【二倯】詈词。同“二杆子”。
倯	suŋ2	【倯沟子】指胆小之人。
假	tɕia3	【假女子】言谈举止像女孩子的男孩子。
假	tɕia5	【忙假】暑假。
偏	pʰiæ̃	【拉偏捶】指劝架不公、偏袒一方。
偏	pʰiæ̃2	【偏方子】偏方儿。
做	tsu5	【做活】体力劳动。
做	tsuɤ2	【做假】客气:不咧~,就连到自己家里一样,好好吃。凿子tsuɤ24tsɿ21挖槽或穿孔用的工具。
停	tʰiŋ	【招手停】在城市道路上载客的小型客车,招手即停,上下方便。
偷	tʰəu2	【偷肥子】不知不觉中就增肥的人:我是个~,吃啥都吸收呢。
傀	kʰuei	【固定傀】神情呆滞、木然,待着一动不动的样子:你看连个~一样,定定儿在那站着呢。
傍	paŋ	【这傍个】这边。(跟“那傍个”相对)
傍	paŋ5	【西傍个】西边儿、西方:你旦把烟忌咧,太阳都搭~出来咧。也说“西面个”、“西面子”。
傻	ʂa3	【傻甜】非常甜,甜过了头:买下的蛋糕刚是个~,再没有一点啥味道。
兒	ɛr	【字儿】铜钱或硬币上有字的一面儿。
兒	r	【石子儿】小石子儿。②建筑用的石料:拉上一车~打地平。
元	yæ̃	【元元】油菜的一个品种,种子可榨油。
兄	ɕyŋ	【室兄哥】妻子的哥哥。
兄	ɕuŋ2	【隔山兄弟】指同父异母的兄弟。
先	ɕiæ̃2	【亏先人】詈语,丢祖先的脸:你再不咧~咧。
先	ɕiæ̃	【早先】同“早已”。
先	ɕiæ̃5	【先后】即妯娌,兄弟的妻子之间关系的称谓。
光	kuaŋ	【丝光袜子】一种机制袜,表面像丝一样光滑光亮。
光	kuaŋ2	【一道光景】一去没有踪影:星期六耍咧个~不着家,你还有理咧!
光	kuaŋ5	尴尬、难堪:东西买上咧,结果没拿钱,把人~的。
克	kʰɤ2	【克里麻嚓】形容非常麻利、利索的样子。
克	kʰei2	【克服】用坚强的意志和力量战胜。
兔	tʰu5	【兔儿】兔子。
黨	taŋ3	【党家子】称呼同姓或同族的人。
入	ʐu2	【入深】房屋的前后深度。这个房子的~有几丈?
八	pa2	【四门八窗】当地民居门窗的一种样式,即在两扇活动的门旁还有两扇固定的门扇,窗户都是八扇的。
八	pa	【二愣八呲】形容某人愣头愣脑、不通人情:我给人家安顿着呢,乜~地就连没说一样。
公	kuŋ	【相公】麻将用语。指某人比别人多拿或少拿牌,或者违反打牌规则,只能跟着打牌而不能和牌。
公	kuŋ2	【公干】公事:到这里来有啥~呢吗?
六	liəu2	【七脚六手】各种能耐,本事:来来来,有啥~的,都施展出来,让大家看看。
六	liəu	【五抹六道】形容弄得很脏很乱:你看弄得~的,让人咋收拾呢。
蘭	læ̃	【吊兰】多年生草本植物。具簇生圆柱状肥大须根和短根状茎,叶线形或线头披针形,花葶细长,自叶丛中抽出,有时形成匍匐状茎,先端形成叶丛和粗短不定根。总状花序顶生,花小,白色。常见盆栽,置于室内高处,供观赏。
共	kuŋ5	【一共】总共。
共	kuŋ	【带共】总共:~给咧一百块钱,看呢吗花呢?②全然,一概:这个娃娃~不听话咧。
關	kuæ̃2	【打关】指几个人或更多的人聚在一起喝酒时,由一人与其他人分别划拳喝酒,结束后,再由下一个人接着与其他人划拳,轮流进行。与其他人分别划拳的人叫“关家”,其他人与“关家”划拳则叫“应关”,与所有人都划拳喝酒叫做“打通关”。
關	kuæ̃	【紧要三关】紧要关头。
興	ɕiŋ2	【兴时】时兴。
兵	piŋ2	【当兵的】军人。
具	tɕy	【家具】家庭用具:攒些钱买上几样~准备结婚。②工具。做这一种活手里没个~就不行。也说“家当”。
養	iaŋ3	【抓养】抚养:你大连你妈辛辛苦苦把你~这么大,就指望着你有点出息么!
兼	tɕiæ̃	正在:乜~说着呢,就一个巴掌朝我脸上来咧。
内	nuei5	【室内亲戚】关系很近的亲戚。
册	tsʰei	装订好的本子:给同学送一本毕业纪念~。②量词:手里拿咧几~书。
再	tsɛi5	【再的】其他的,另外的:~几个人在哪达呢?
冒	mɔu5	【日头冒花子】太阳刚刚露出地平线的时候。
寫	ɕiɛ3	【冒写】不确认的情况下乱写。
軍	tɕyŋ2	【军师】(动词)参谋、出主意:把你请着来,就是为咧给我~一下。
冠	kuæ̃2	【鸡冠子】鸡冠。
冠	kuæ̃	【针鼻冠】针眼。
冥	miŋ3	【冥票】给死人烧的纸钱。
冬	tuŋ	【十冬腊月】指冬季最寒冷的时候。
冬	tuŋ2	【冬麦】冬小麦。
冰	piŋ	【麻腐冰】半冰半水的薄冰。
冰	piŋ2	【冰草】为禾本科多年生旱生禾草,是温带干旱地区最重要的牧草之一。生长在干燥草地、山坡、丘陵以及沙地。
冲	tʂʰuŋ2	【冲气】给人带来霉运的运气。
冷	ləŋ3	【害冷】因疾病引起的浑身有受冷的感觉。
冷	ləŋ	温度低。②形容愣头愣脑的样子。此义常与“货、倯、儿”等组合使用。③拼命、尽力、使劲:饭不敢~吃,小心吃下病咧着。
凍	tuŋ5	【皮冻冻】用牛头肉皮或猪肉皮熬制成的一种食品。
凍	tuŋ	【皮冻冻】用牛头肉皮或猪肉皮熬制成的一种食品。
淨	tɕiŋ	【不素净】非清真的,指含有伊斯兰教忌食的成分:那个馆子~,我不能进去。
淨	tɕiŋ5	【大净】古典戏曲当中性格刚烈、为人正直的角色,脸谱以黑色为主,属花脸中的黑头。
準	tʂuŋ3	【准当是】就当做是:给你打个电话~我看过你咧。
涼	liaŋ	【二凉】指天气变冷却宁愿穿着单衣似乎不知寒冷之人,引申为不知时令、违背规律之人(含贬义)。
凊	tɕʰiŋ	动物脂肪融化而后遇冷凝结:羊油放咧一阵子,就~住咧。②引申为多管闲事:看你~嘛,和你有啥关系呢,真格是个~倯。
凊	tɕʰiŋ5	【凊倯】指多管闲事之人。
湊	tsʰəu5	【七拼八凑】各方面拼凑:出咧这个事,大家~给帮一下子。
几	tɕi3	【几时】什么时候:这是~的事,我咋么不知道?
鳧	fu	【凫水】游泳。
凳	təŋ	【板凳狗】一种腿短身长的狗:老王老婆死咧后,那个~就是他的伴。
凳	təŋ5	【圆凳子】凳面为圆形的凳子。
凶	ɕyŋ2	【凶躁】强、狠、厉害:土耳其足球~着呢,夜晚上差点把德国队给放翻咧。
出	tʂʰu2	【出穗】粮食作物抽穗。
刀	tɔu	【二把刀】技术不过关的人:~做下的活给能好?
刀	tɔu2	【搭不住刀子】原指牛羊瘦,没有多少肉。引申为某人钱财少经不起别人折腾:那个可怜着~么,和他耍啥呢!
刁	tiɔu	【摆刁】因某事刁难、为难某人:就这么大一点事,~过来~过去的干啥呢嘛。
刁	tiɔu2	抢、夺:夜来黑咧一个女子的包包叫贼娃子硬~着去咧。刁空子tiɔu213kʰuŋ44tsɿ21抽空儿。
刃	ʐəŋ	【扁刃】本义为刀刃失去锋芒,引申为人处于下风:在领导跟前他~着呢!
刃	ʐəŋ5	【偏刃子斧头】木工专用斧头,用来取直。引申为偏心:弄啥要一碗水端平呢,不咧~砍咧!
分	fəŋ	【秋分】节气之一。
分	fəŋ2	【分分子】票面以分为单位的货币总称:现在谁还把个~钱放着眼睛里着呢。
划	xua	【划子】块儿:墙上的泥皮淌咧几~。
划	xua5	【划拳】猜拳。是指双手同时伸出手指各说一个数,谁说的数跟双方所出手指的总数相符,谁就算赢。
劉	liəu	【刘二王五】相当于“张三李四”:不知道~的都是些谁,没我认得的。
剛	kaŋ2	只:大家俱都搬走咧,~剩下些零碎子咧。
剛	kaŋ5	(性情)坚强、硬气:那是个~人一个,这一点困难就不算啥。
初	tʂʰu3	【嘁嘁初初】低声碎语地交谈(含贬义)。
初	tʂʰu	【嘁嘁初初】低声碎语地交谈(含贬义)。
刨	pʰɔu	【大话刨天】说话声音大:小声点,这儿是医院,不咧~的。②无所顾忌地吹牛皮:不咧~的,做到咧才算呢。
刨	pɔu5	【刨花子】刨木头时刨下来的薄片,多呈卷状。
利	li	锋利、锐利:这个刀子~得很。②通畅:吹西北风的时候,这个炉子就不~咧。
利	li5	【利祥】顺利、安康:快过年咧,大人娃娃都叫~着,不咧出啥事咧。
别	piɛ	撬:钥匙撂咧,只好把门~开咧。
刮	kua2	刮痧:脊背疼咧叫人给你~给一顿。
刮	kua	【顶刮】顶嘴、顶撞:~上几句,你老人家怕是受不了!
到	tɔu5	【碌碡挹到半山上】比喻事情发展到非常关键的地步。
刷	ʂua	【打刷子】日常用具。在木柄上缝上许多旧布条,用来拍打身体上的尘土。
刷	ʂua2	【刷刷子】刷子。②女孩儿梳的像刷子样的发型。
刺	tsʰɿ5	【刺蓬】多年生肉质灌木。茎直立或攀援状,刺硬而尖,成五行排列于茎的纵棱上:做啥要看着呢,不咧连瞎牛钻~一样。
刻	kʰei2	用小刀子在竹、木、玉、石、金属上雕成花纹、文字等。刻意kʰei213i44用尽心思。
剃	tʰi5	【剃头】理发:头长咧,今儿个要~去呢。
削	ɕyɤ2	【削面】左手托住面团,右手持刀,削成一片一片的,下锅煮熟即可食用。
前	tɕʰiæ̃	【大前天】前天之前的那一天。也说“大前儿个”。
前	tɕiæ̃	【学前班】对接近学龄的儿童进行学前教育的班级。
剜	væ̃	【打杂剜烟锅子】指经常干一些细小、琐碎
剟	tuɤ2	用针刺:给手腕子上~咧个“忍”字。
剝	pɤ	【□剥】[tʂʰuɤ53pɤ21]撕扯某人的外衣,引申为打(人):你不咧讨厌,小心有人~你。
剩	ʂəŋ5	【热剩饭】比喻重复已经说过的话或做过的事,没有新
剪	tɕiæ̃3	【剪发头】女式短发。
剺	li5	用刀划:把这一块皮子动物皮~成两半。《说文·刀部》:“~,剥也,划也。”《广韵·之韵》“里之切。剥也。”
劁	tɕʰiɔu2	专指对猪的阉割。
劐	xuɤ2	刀尖插入物体后顺势划开,可引申为在拥挤的人群中用手推拨人以达到前行的目的:宰咧羊,把皮剥咧,用刀把肚子~开。/他~开一条路,从人缝里挤咧出去。《广韵·铎韵》:“虚郭切。裂也。”
力	li2	【力程】指经济能力:想盖几间像样子的房呢,没~么。
辦	pæ̃5	【法办】法院判刑:这事弄不好要~好几个人呢!
功	kuŋ	【一功】一直,总是:~说着走一趟海南呢,就是没个机会。
功	kuŋ2	【见功】(病人用药后)有了好的效果。
功	r	【年三十儿功】农历腊月三十。
加	tɕia	从、自、朝、向:我刚~西安回来。/这些人~哪达走咧。②增加。
加	tɕia2	【加演】指电影或戏曲在主要内容正式开始之前的演出片断:今儿个唱《辕门斩子》的时候,前头~咧一折子戏。
務	vu5	【特务】经过特殊训练,从事刺探情报、颠覆、破坏等活动的人。
動	tuŋ5	【提起笸篮斗动弹】比喻不是就事论事而是有关无关的事统统都拉过来谈说:哎呀呀,你一下就~,说那么多做啥呢!
勁	tɕiŋ5	【鼓劲】用力、用劲儿:~拧给一下就开咧。
勁	tɕiŋ	【对劲】关系密切、合得来(多用于否定):他们两个老早以前就不~么!②正常(多用于否定):这个人我咋看着不~,赶紧问一下是做啥的。③正确(多用于否定):越说我越试着不~,难道你就没有错?④舒适、舒服(多用于否定):今儿个身上试着不~得很!
勞	lɔu	【代劳】指在红白喜事上帮忙。
勢	ʂʅ	【架势】情势、势头:看~去马上就输咧!②人的表情、神态及动作:看你那~,就连吃的是你们的一样!
勢	ʂʅ5	【㞗势】詈语。
勒	lei2	【勒肎】故意刁难别人。
勤	tɕʰiŋ	【勤苦】勤快:这个媳妇子~得很!
勺	ʂuɤ	【一个锅里搅过勺】比喻关系非常亲密,好像一家人:这个人连我~。
勾	kəu	【睎勾勾】形容神情专注、特别盼望的样子:你赶紧过去看一下,娃娃~地等着呢。
包	pɔu2	【吃包包】大人亲小孩儿的嘴。
包	pɔu	【吃包包】大人亲小孩儿的嘴。
匏	pʰɔu	【匏头子】蓓蕾:刚结上些~,一场寒流全冻死咧。
化	xua5	【化心梨】梨的一个品种。秋末上市,可存放至隆冬,梨肉化为梨水,能治咳嗽。
化	xua	【造化】指人的命运、运气:看他娃的~大嘛小。
北	pei2	【北傍个】北方、北边。~人说话连他们的不一样。/朝~一直往前走就到咧。
北	pei	【拱北】伊斯兰教先贤陵墓。
匙	sɿ	【讨钥匙】当地婚俗。指举办婚礼时,男方端着红包向女方送亲的人讨要装有嫁妆箱子上的钥匙。
匙	tʂʰʅ	【蘸匙子】吃饭菜用的小碟子。
匠	tɕiaŋ	【皮匠】制作皮毛物品的小手工业工人。
匣	ɕia	【洋火匣匣】火柴盒。
匹	pʰi3	【八匹马】猜拳时数“八”。也说“八个鸟”。
區	tɕʰy	【小区】是指在城市一定区域内、具有相对独立居住环境的大片居民住宅,同时配有成套的生活服务设施。
醫	i3	【医治】挽救、补救的方法:病劲大咧,医生也没~咧!②办法:你让我走,我就是不走,看你有啥~呢!③摆弄、收拾:没瞅着你咋么给~咧一下给弄好咧。
十	ʂʅ	【十月一】农历十月初一。当地风俗,这天要给亡者焚烧纸钱、纸制的防寒物品等。也说“送寒衣”。
千	tɕʰiæ̃	【油千层】一种食品。用开水将面粉烫熟和好,擀开后加入油、盐等调味品,卷起来切成拳头大的面团儿,再擀成一个一个的面饼,在平底锅中烙熟即成,因层数较多,故称之。
千	tɕʰiæ̃2	【千层饼】有好多层数的烙饼。
升	ʂəŋ2	【升子】计量粮食数量的器具,容量为斗的十分之一。
午	vu3	【五月端午】农历五月初五,端午节。
午	vu	【晌午】中午。
半	pæ̃5	【十天半个月】十到十五天左右。因语境不同,分别带有嫌时间长或说时间足够用的意味:你一去就是~,我能给等住!/这一点活,有~做得完完的。
半	pæ̃	【打牛后半截】喻指务农:你旦不好好学习咧,回家~去。
半	paŋ5	【两半个】两半儿:弄成~,一人一半儿。②两边儿:到~站下,不咧站着中间。
單	tæ̃2	【犯单】指打扑克时手中的牌没有一个是一样的,即不能组成对子。
單	tæ̃	(身体)瘦弱:你把饭吃到那达去咧,咋这么~。②孤单,无人帮扶:生一个娃娃太~咧,再能生一个噻。
賣	mɛi	【一锤子买卖】只做一次:做生意的人不能做~,要有信誉呢。②孤注一掷:反正就这~咧,信命由天吧。
賣	mɛi5	打碎器皿的戏谑语:这样你看,锅头上的碟子碗叫他~光咧。
賣	mɛi3	【小卖部】卖日用小商品的商店。
南	næ̃	【南傍个】南方、南边:听说今年~遭的水灾大得很。/房的~是阳面。
卜	pu	【水萝卜】初春上市的一种小的球形萝卜。
占	tʂæ̃5	【说话占地方】指说话人言语涉及面太广太杂,语意刻薄。
卡	kʰa3	【麻卡】指人在道德品质方面很差劲:这个人~得很。
卡	tɕʰia3	【卡子】夹东西的器具:寻些线~,拿我把电话线给钉着墙上。②发卡。
卡	tɕʰia	【卡卡】形状较小的钹。
卡	tɕʰia5	【卡卡核桃】指核桃仁卡在核桃壳里面不容易取出的核桃:△~要砸着吃呢。
卦	kua5	【打卦】算卦。
卯	mɔu3	【不卯】关系不和:我连他~,你给他说去。
卯	mɔu2	估计、猜测:就买咧个烂自行车,你~花咧多少钱。
印	iŋ5	【青伤红印】指受击打后皮肤上出现的淤血印记。亲姊热妹tɕʰiŋ213tsɿ44ʐɤ213mei44形容姊妹之间亲密无间。
卵	luæ̃	【气卵子】疝气:赶紧把娃娃的~给割咧去。②得疝
卵	luæ̃2	【卵子】阴囊。
卷	tɕuæ̃3	【自来卷】头发天生就卷曲的人。
卷	tɕyæ̃3	【花卷】一种蒸熟的面食,多卷成螺旋状。
卷	tɕuæ̃5	【改卷子】批阅试卷。
卷	tɕyæ̃5	【卷子】试卷。
历	li	【辈历】辈分:这么一说,我直接短~着呢。
壓	ȵia5	【大压小】一种猜拳的方式。双方各自同时伸出一个手指为限。以“拇指胜食指,食指胜中指,中指胜无名指,无名指胜小指,小指胜拇指”的规则决定胜负。
厚	xəu	与“薄”相对。②(头发)密、长。
原	yæ̃	用在动词前面,表示恢复原状:~给他还回去,我不稀罕!原先yæ̃24ɕiæ̃21起初、原来。
去	tɕʰi	用在一些动词或形容词后,表示动作或情况进入某种状态,一般读轻声:你不咧看只有一截子路,那走~长着呢。/硬~不硬,软~不软,你叫我咋办呢?
去	tɕʰi5	【叫去】算了:~,不咧管!
厾	tuɤ2	用指头或细棍点击(头):娃娃不听话,叫我给~咧几指头。《说文·殳部》:“,椎击也。”《广韵·觉韵》:“竹角切。,打也。”现在一般写作“厾”。
参	səŋ	【海参】生活在海底的一种棘皮动物,圆柱状,可食用。当地无产,市场有售。
参	tsʰæ̃2	【参子】皮带的搭扣:这个皮带的~有些松咧,要拿着去修一下呢。
叉	tsʰa5	【叉子】嚼子,指为了便于驾驭,横放在牲口嘴里的小铁链,两端连在缰绳上。
叉	tsʰa	【牙叉】下颌骨。
雙	ʂuaŋ2	【打双扣】扑克的一种玩法。
雙	ʂuaŋ	【整双】整齐。
反	fæ̃	【反反子】颠倒的、(衣服)里面向外的:书~放着呢,看不清楚。/今儿早上走得急,毛衣都~穿上咧。②方向相反的:你叫乜这么弄呢,乜偏偏要~弄呢。
反	fæ̃2	【反犬旁】汉字偏旁名称。如“狼、狂、獠”等字的左边。
发	fa	【理发馆】理发店。
发	pa	用冷水解冻:把冻柿子放在凉水盆里,~一阵子就消咧。《广韵·月韵》:“方伐切。寒冰。”
发	fa2	【发时】指买卖首次得利,变得越来越有钱:这几年老黄越来越~咧。
叔	ʂu2	【叔老子】叔父。
叔	ʂu	【堂叔老子】同宗而非嫡亲的叔父。
取	tɕʰy3	【取不利手】被事情纠缠而无法脱离:就这一点事差点~咧。
受	ʂəu	【实受】指人实在:那个人待人~得很。②指物品实惠耐用:这个东西家里常用去~着呢。
受	ʂəu5	【受看】(外观)好看、耐看、看着顺眼。
變	。	引申为做事不顾任何阻挠也不考虑后果如何。
變	piæ̃5	【变蛋】松花蛋:炸上点花生米,切上几个~,下酒吃。
口	kʰəu3	【忌口】因吃药而忌食某类食物或调味品,如葱、姜、蒜之类。也说“忌嘴”。
口	kʰəu	【鱼口】中医指软性下疳等病引起的腹股沟淋巴结炎,化脓后局部形成溃疡,疮口像鱼的嘴,所以叫鱼口。
口	kəu	【头口】驴、马、骡等牲口的通称。
古	ku3	冷清、偏僻:这个地方~得狼嚎呢。
古	xu5	(粥、米汤煮得)黏稠:把洋芋棒棒熬得~~的,再把面叶子下上。《广韵·模韵》:“户吴切。黏也。”
古	ku	【烂古董】杂七杂八没用的物品。
另	liŋ	【搅另】简单、简洁:不咧牵扯那么多的人,这个事就~得很!②利索:把手跟前挡挂的东西一拿过,人干啥去就~咧。
另	liŋ5	分家、另立门户:老五从老家里~出来过咧。
叨	tɔu	禽类用喙啄:给鸡撒咧些玉米让~着吃去。②用筷子夹菜:来来来,咱们大家~菜吃。
叨	tɔu2	【叨仗】(禽类或人)斗嘴:两个大公鸡~给叨欢咧。/两个人放咧假没事干刚知道~。
只	tsɿ2	
只	tʂʅ	【单只子】原来一双或一对的物品只剩下一个:穿下一双~袜子,把人笑死咧。也说“配只子”。
叫	tɕiɔu5	【鸡叫唤】黎明时刻:赶~,娶亲的车就装好咧。
叫	tɕʰiɔu5	【把猫儿叫咧个咪咪】相当于换汤不换药。
叫	tɕiɔu	表示指使、容许或听任:~他去,不咧理咧!②被、让(表被动):街上的公用电话亭~人给弄日塌咧。
叭	pia2	【恶水叭唧】形容脏污不堪的样子。
可	kʰɤ2	又:你咋么~来咧。
可	kʰɤ	【可加】已经:等我跑着来噻,火着得~劲大咧。
可	kʰuɤ3	整个、全部:~房就听见个你的声音。
台	tʰɛi	【台板】大厨的案板:△狗肉上不了~,上咧~胡跳团。
右	iəu5	【右傍个】右边、右面。
葉	iɛ	【树叶子打头】常用来比喻害怕承担责任之人:把你就吓死着呢,真格~呢!
葉	ȵiɛ	【麻叶】亚麻:水暖工做活,~是一定要有的。
葉	iɛ2	【叶子麻】形容某人做事手段强硬(含贬义):这个人~得了不得。
號	xɔu	【字号】大商店的旧称。
號	xɔu5	【号脉】诊脉。
司	sɿ2	【司仪】婚礼、寿诞庆典的主持人。
嘰	tɕi	【燕叽叽】燕子。
吁	y2	吆喝牲口的声音。
吃	tʂʰʅ2	【吃大豆】比喻做事情非常容易:他弄这一号事情就连~一样。②小孩或同性的年轻人之间开玩笑的一种方式,在对方不注意的时候用手指向上轻击其下巴颏,使其上下牙齿相碰并发出声响。
吃	tʂʰʅ	【吃烟】吸烟。
吃	tɕʰia3	【吃亏】吃亏、受损失。
各	kuɤ2	【各到四处】到处:~给人说去咧。
吆	iɔu2	驱、赶(家畜)。
合	xuɤ	【不合适】不合乎规范:这么做怕是有点~。②(身体感觉)不舒服:这两天试着身上~得很!
吊	tiɔu5	【老半吊子】同“老倯”。
名	miŋ	【没名气】做事能力不足,缺少魄力:你看你做啥真~,看人家咋弄着呢。
后	xəu5	【打牛后半截】喻指务农:你旦不好好学习咧,回家~去。
后	xəu	【过后】已经过去(表完成):~的事再不咧提咧。②后来(表将来):前头已经说好咧,~再不咧后悔。
后	xau	【人背后】背地里。
向	ɕi	朝、向。~里头一看,吓咧人一大跳。
向	ɕiaŋ	【一向】总是,一直:老王的身体~好着呢,今儿个咋么不对咧。②过去的某一段时期:那~,谁还说是有这么个事情呢。
向	ɕiaŋ5	【财迷转向】贪图钱财而迷失了方向。
君	tɕyŋ	【报君】类似于蚂蚱的一种昆虫。
聽	tʰiŋ2	【听床】当地习俗。指新婚之夜旁人在洞房外偷听新郎新娘说话。
吭	kʰəŋ2	【不吭气】不吭声:你咋么骂,乜就是~,看你能有啥办法!
吭	kʰəŋ5	【温吭子】指话语迟缓、性情木讷之人。
吮	ʂuŋ	【粗吮哇老】形容皮肤或物体表面不光滑,粗糙:揣去~地,一点儿不光淌。
吱	tsɿ2	【吱哩哇啦】形容人叫喊、说话的声音:整天价~地,吵死人咧!
吵	tsʰɔu3	【吵家穷】夫妻之间对爱唠叨的丈夫或妻子的称呼。草帽子tsʰɔu53mɔu44tsɿ21草帽儿。
吸	ɕi2	【吸铁石】磁铁。
吹	tʂʰuei	【胡吹冒料】胡说,吹牛皮:那个人成天~地,我一点都不爱。
吹	tʂʰuei2	【吹牛】说大话,夸口。也说“吹牛皮”。②近年兴起的用摇色子代替划拳的一种猜拳方式。
吼	xəu	抽打:~给咧一巴掌。②数量超过想象:一点烂东西就~给咧几百块!③(耳朵、大脑)鸣响:这几天耳朵里~得很。④发昏:你怕是头~咧做这事着呢!
吼	xəu3	【吼娃娃】古典戏曲中跑龙套的。
告	kɔu5	【被告】被控告的一方。
告	kɔu	【门告】张贴在大门门板上的讣告。当地丧俗,指家里有人(通常是成了家的)去世后,即请阴阳书写讣告,将死者及亲属情况告知亲戚朋友、街坊邻居或路人。
囈	i5	【发呓争】说梦话。
嗚	vu	【哇呜子】埙,用黏土烧制而成。
呢	ȵi	【十呢五呢】偶尔、不经常的。也说“十打五闲”:忙是忙,~地去看一下你妈,人老咧么。
呢	!	你~吗不~?/他~下点啥生意?/这个娃娃~啥都没个恒心。
呢	,	简直是~呢么!
周	tʂəu2	【周瑜】用言语或行为欺侮别人使生闷气:你把我~地够呛!/迟早就让人~死咧。
周	tʂəu3	用手举着。引申为摆架子难为人:手里~下个旗旗子。/才当咧个碎扎糜子官,就把人~得不行咧。《广韵·有韵》:“侧九切。执物相著。”
周	tʂəu	【周周巴巴】形容自尊自大的样子:寻着人家问个事呢,把乜还~的问不言传。
呱	kua	【耳呱子】耳朵。
呱	kua2	【呱拉鸡】野鸡。雉科的一个种类,嘴、脸与眼周的裸露部及腿、趾等均为珊瑚红色,爪子乌褐色,栖于山地和山谷间。
呲	tsʰɿ	【二愣八呲】形容某人愣头愣脑、不通人情:我给人家安顿着呢,乜~地就连没说一样。
味	vei5	【提味】增加(食物的)鲜味。
呻	ʂəŋ2	【呻唤】呻吟:疼得我半夜里~圆咧。②故意叫唤:再不咧~咧,谁又不问你借钱。
呻	ʂəŋ	【呻呻唤唤】形容不停地呻吟。
呼	xu3	【呼儿呼儿的】(睡觉、喘气时的)气息声:把人给气得~。
呼	xu2	【拉呼】打呼噜。
呼	xu	【乍乍呼呼】形容做事不稳重,爱张扬。也说“乍呼”。炸雷tsa44luei24声音很响的雷。
命	miŋ5	【失人命】危及人的生命安全:这么下去就~呢,赶紧寻人修给一下。
咆	pʰɔu	【咆躁】烦躁:这几天把人弄得~的。
咋	tsa	【是咋么】不论怎么样:~让他到我跟前来一下。
咋	tsa3	【不咋地】不怎么样:人都说那儿风景好,我看~。②不要紧:迟上10头8分钟,~。
咋	tsa2	怎,怎么:~说呢,谁让你是我的老师呢。
和	xuɤ5	【米和和】米饭和面条或面片放在一起加葱花儿等调料做成的饭。
和	xuɤ	【米和和】米饭和面条或面片放在一起加葱花儿等调料做成的饭。
咒	tʂəu5	【咒实】愚蠢。
咕	ku	【死眼咕嚅】同“死眉瞪眼”。
咕	ku2	【咕挼】轻微地咀嚼:放着嘴里~一下算咧。
咕	ku3	【咕噜雁】大雁。
咚	tuŋ	【圆鼓隆咚】形容物体呈圆球形状。
咣	kaŋ	形容喝水很猛的样子:一进门就~咧一气子凉水。
咥	tiɛ	吃:见咧羊肉就要美美地~一顿。《广韵·屑韵》:“徒结切。啮也。《易》云:‘覆虎尾,不咥人。’”
咧	liɛ3	【龇牙咧嘴】形容凶狠的样子:你~地吃人恰。②形容疼痛难忍的样子:看你那个~的样子,疼得很吗?
咧	liɛ	【死咧】失去生命。对人死亡汉民常讳称为“完咧、走咧、下场咧、没有咧”,回民常讳称为“归真咧、无常咧、口唤咧”。②常用在动词或性质形容词后表示程度加深:听说考试考过咧,一下子把人高兴~。
咪	mi5	【咪咪】初春时节,将刚发芽的杨柳树枝拧成的杨柳笛。
咪	mi	【咪咪】初春时节,将刚发芽的杨柳树枝拧成的杨柳笛。
咬	ȵiɔu	啃、咬。叫狗~咧!②狗叫:狗~得不停咧!③供出同谋:叫进去的人给~出来咧!
咬	ȵiɔu3	【咬仗】野兽或家畜相互争斗。
咯	kʰa3	用力咳嗽使咽头或气管里的东西出来。
咱	tsa	【咱们】包括己方和对方:~几个一搭里走。②你们:~这儿夏天温度高吗低?③(为拉近关系说的客套话)借指我:~和你没啥冲突么!
咸	xæ̃	【咸水】水的碱性很高,不能饮用。
咽	iæ̃5	【三刨两咽】形容吃饭的速度很快。
咾	lɔu	【咾咾咾】叫猪吃食的声音。
品	pʰiŋ3	悠闲自在、缓慢状:都火燎眉毛咧,这个人还这么~!也说“品品地”、“品麻”。
哇	va	【吱哩哇啦】形容人叫喊、说话的声音:整天价~地,吵死人咧!
哇	va5	【哇呜子】埙,用黏土烧制而成。
哇	va2	【粘哇哇】形容黏黏糊糊的样子。
哇	va3	【干哇哇】形容很干的样子。
哈	xa3	【马大哈】粗心大意之人。
哈	xuɤ	【张嘴打哈欠】打哈欠:你看那个人~的,怕是毒瘾犯咧。
響	ɕiaŋ3	【拘得炮响呢】同“拘咧炮咧”。
哎	ɛi3	【噢哟哎】同“噢哟”,但程度较深。
啞	ia3	【喑哑】指除人之外的其他动物。
喲	iɔu	【噢哟】表示惊异或赞叹。
哥	kɤ	【室兄哥】妻子的哥哥。
哧	tʂʰʅ3	【吭哧】吃力地干某事:你~咧半天也没见弄出个啥名堂来。
哨	sɔu5	【打口哨】吹口哨:他只要一上台,观众就拼命地~。
哨	sɔu	【花哨】颜色鲜艳繁杂:太~咧不好看。②比喻浮华而不实在:就这么个人,乜还~得很。
哩	li	【吱哩哇啦】形容人叫喊、说话的声音:整天价~地,吵死人咧!
哪	na2	【哪达】哪儿、哪里:你走~去呢?
哪	na	【信哪达】任意一个地方。
哭	kʰu2	【哭水】人眼球中水状液体:竹签子戳着去把人的~给倒咧。
嘮	lɔu	【猪唠唠】猪。因喂猪时呼“唠唠”声而得。
喚	xuæ̃	【使唤】支使:你~我就连~牲口一样,我不干咧!②使
唦	sa	句末语气词。①用于祈使句末,表催促、命令、请求等语气,其前面的动词要重读:你赶紧走~!②用于疑问句末,表询问语气:你试着美着吗~?③用于感叹句末,表示催促并含不满语气,其前面的动词要重读:你说你是个弄啥的~!
唧	tɕi	【死狗拉唧】形容流里流气、耍赖皮的样子。
唧	tɕi3	【湿唧唧的】形容湿得让人感觉厌烦:外头下得~,也没地方去。
唬	xu2	迷糊、反应不过来:你一说还把人~住咧,半天反应不过来。
唱	tʂʰaŋ5	【没戏唱】没办法做某事:你把电脑抱着去,我看~咧。
唵	næ̃3	单手或双手捧着粉粒状的食物塞入口中的动作:那个人美美地~咧一嘴白糖(白砂糖)。《广韵·感韵》:“乌感切。手进食也。”
啃	kʰuŋ3	一点儿一点儿地咬下来。
啊	a	表示惊讶的语气。
啥	sa	【是啥】任意什么:只要能表达心意,我看~都能行。
啥	sa5	什么:说我呢,你是个弄~的。
啦	la	【吱哩哇啦】形容人叫喊、说话的声音:整天价~地,吵死人咧!
啦	la2	【怪啦啦的】奇怪、不正常的:看去~,不好看!②不习惯、不自然的:坐着人家跟前~,不好意思!
啪	pʰia5	【一啪塌】(乱七八糟)一摊子:几天没在家里,房里叫娃娃整成~咧。
嗇	sei2	小气、吝啬:那个倯~得连啥一样,能给你给钱!
嘽	tʂʰæ̃3	本义为和缓,引申为关系亲近、友好:咱哥俩咋么咧都~着呢。
啷	laŋ	【鞋壳啷】鞋里的空间部分。
喇	la3	【喇忽】粗心,疏忽大意。
喉	xəu	【提喉声】出点子、提醒:你给娃娃再不咧~,学习着呢能打游戏吗?
喊	xæ̃3	【胡喊冒答应】胡乱应声,引申为跟着人没有原则地胡说。
喊	xæ̃5	斥责:美美地~给咧几声!
喑	iŋ2	【喑哑】指除人之外的其他动物。
喔	vɤ	吆喝牲口的声音。
喜	ɕi3	【喜事】好事,好消息。这两天脸上看去高兴很,怕是有啥~呢!②对过寿、过生日、结婚等事的统称。也说“红事”。
喝	xuɤ	【胡吃海喝】大吃大喝。
喝	xɤ2	【喝里倒腾】形容脚步重而嘈杂或重物倒下的声音。
喝	xuɤ2	把液体饮料或流质食物咽下去。
喝	xuɤ3	【喝睡】睡梦中发出吆喝声。
喝	xuɤ5	【吆三喝四】形容盛气凌人、指手画脚的样子。
噴	pʰəŋ2	撞、扑:还没说啥呢,乜~着过来就想打人呢!
嗍	suɤ2	吮吸:月嘎子(未满月的婴儿)~着奶头睡咧个香。《广韵·说韵》:“所角切。口噏也。”
嗑	kʰy5	【打嗑噔】犹豫:赶紧把钱交咧去,再不咧~咧。②不顺利:你不咧看这事还~呢。
嗑	kʰuɤ5	用上下门牙咬有壳的或硬的东西:△~瓜子儿~出臭虫来。
嗒	tʰa	【夸里夸嗒】形容机械运转时因松动而发出的声音。
嗝	kəu	【打饱嗝】因吃得太饱致使气息受阻并发出响声。
嗝	kəu5	【打嗝】由于膈肌痉挛,急促吸气后,声门突然关闭,发出声音。也说“饥嗝”。
嗯	əŋ2	表示撒娇亲昵的语气。
嗯	əŋ	表示质疑的语气。
嗯	əŋ3	表示肯定或答应的语气。
嗯	əŋ5	表示反对或考虑的语气。
嗲	tiɛ2	【嗲咧咧】娇气,撒娇:见咧他爸爸就一下子~着不行咧!
嗽	su5	(一群苍蝇)同时吸吮:放下半斤肉没苫住,苍蝇~得严严得。《广韵·屋韵》:“桑谷切。吮也。”
嘁	tɕʰi2	【嘁嘁初初】低声碎语地交谈(含贬义)。
嘁	tɕʰi	【嘁嘁初初】低声碎语地交谈(含贬义)。
嘟	tu	【嘟挛】量词,多用于让人感觉不舒适并产生厌恶的一堆或一簇。
嘣	pəŋ2	【嘣镲镲】跳舞:今晚咱们~走。
嘴	tsuei	【龇牙咧嘴】形容凶狠的样子:你~地吃人恰。②形容疼痛难忍的样子:看你那个~的样子,疼得很吗?
嘴	tsuei3	【支长嘴】在某事上多嘴:这事怨我,是我~咧。
嘴	tʂuei3	【烟嘴子】烟嘴儿,通常用金属或玉制成。
噎	iɛ	食物堵住食管。②说话顶撞人或使人受窘没法接着说下去:你这个话~人得很!
噎	iɛ2	【噎食病】食道癌。
噔	tʰəŋ	【打嗑噔】犹豫:赶紧把钱交咧去,再不咧~咧。②不顺利:你不咧看这事还~呢。
嚕	lu	【稀里糊噜】糊里糊涂:~就上当咧。②晃晃悠悠不稳的样子:△骑的驴,背的缸,~不稳当。
噢	ɔu2	【噢哟】表示惊异或赞叹。
器	tɕʰi5	【机器面】压面机压制的面条:家里过事呢,得三十斤~着买。
器	tɕʰi	【寿器】对棺材的委婉说法。
嚅	ʐu	【死眼咕嚅】同“死眉瞪眼”。
嚎	xɔu	【嚎鼻子】哭。
嚓	tsʰa	【齐嚓嚓】形容非常整齐的样子:铁锨把~地从中间断咧。
嚓	tsʰa3	【嚓利】干脆利索:小伙子也是个~人。
嚷	ʐaŋ3	【冒嚷】不确认的情况下乱说。
嚼	tɕyɤ	【日嚼】训斥、责骂:乜还犟着呢噻,叫我给好好地~咧一顿。
囊	naŋ	【暮囊】慢慢腾腾、啰里啰嗦。赶紧走唦,咋这么~的个人!②麻烦的事。这一下把~弄下咧。
囊	naŋ3	【糊涂囊浆子】非常糊涂的人。
囊	naŋ2	【软囊囊】摸上去感觉软乎乎的。
四	sɿ5	【四色礼】指四种不同样式的礼品,一般为茶叶、白酒、点心、肉。通常在婚事或比较重要的事情上使用。
回	xuei	在自己的意料之外:连往年比今年的菜价~贵着呢。②原本:他自己也~难受得很!③回去、回归。
囟	ɕiŋ5	【囟门口】婴儿头顶骨未合缝的地方,在头顶的前部中央。
因	iŋ2	【因因子】事实依据、原因:人家这么说怕是有~呢。
因	iŋ	【因因子】事实依据、原因:人家这么说怕是有~呢。
囡	xu	【囡囹】整体,整块。
团	tʰuæ̃	【吃乱团】遭乱人拳打脚踢:你不咧去咧,你去肯定让人~咧。
園	yæ̃	【戏园子】剧场。也说“戏院里”。
困	kʰuŋ5	【紧困】危险困难:今年刚从~处走出来。
囹	lu	【囡囹】整体,整块。
囹	luŋ	【囡囹瓦块】形容食物形大难以入口或来不及嚼碎就咽入肚中。
固	ku5	【固定傀】神情呆滞、木然,待着一动不动的样子:你看连个~一样,定定儿在那站着呢。
圓	yæ̃	【一转圆儿】周围:给~的人都说到咧,没人愿意去。
圈	tɕʰuæ̃2	【炉圈子】炉盘子的一部分,放置在炉板内缘上的圈儿,从外到里,从大到小,依次放置,一般三至四个,用时可根据需要增减。
圈	tɕʰuæ̃	【窟圈】黄土高原上独特的地貌。地面之下受暴雨冲刷形
圈	tɕʰyæ̃	【脱圈子】物品的底掉了,只留下一个圈:草帽子成咧
圈	tɕʰyæ̃2	【烂脱圈子】指物品圆形的边与物品快要脱离。
圈	tɕyæ̃5	【垫圈】在牲畜圈舍内撒压一层土,起洁净、积肥的作用。
圈	tɕʰyæ̃5	【圈脸胡】络腮胡子。
土	tʰu	【提土旁】汉字偏旁名称之一,如“地、城”的左偏旁。
土	tʰu3	【土柱】立在墙体里面用来支撑房梁的柱子。
在	tsɛi5	【在行】熟悉某一行业的工作。
圪	kɤ2	【圪蹴子】身体蜷曲。
圪	kɤ5	【圪棱】路面或路面上的土、冰雪受车辗压形成的起伏不平的形状:一个~连着一个~,难受得很。
圪	kɤ	【说圪】说的话语:嘴里头的~到底多得很!②说法:这个事你总要给我个~呢吧。
地	ti	【滋溜溜地】形容动作非常快:乜~窜到前头去咧。
地	rti	【实实儿地】表示真实的程度更强:小马说下的这个事情~。
地	ti2	【地溜子】螺丝菜。一种茎像螺丝杆形状的植物,可食用。
地	ti5	【地包天】上下牙弓远近中关系异常,下颌前突:那个人长下个~,不好看。②指有地包天长相的人:就那个~,我认得他呢。
場	tʂʰaŋ3	【法场】旧时执行死刑的刑场。也说“杀场”。
場	tʂʰaŋ	【下场】对死亡的委婉说法,特指老年人去世。
圿	tɕia	【垢圿】人的皮肤由于出汗等新陈代谢而产生的污垢:赶紧洗澡去,你看你身上的~有多厚。
址	tsɿ3	
坊	faŋ3	【下坊】一种棋类游戏。
坊	faŋ	【油坊】榨油的作坊。
壞	xuɛi5	【坏倯】坏蛋。
坐	tsuɤ5	砌墙时放泥或砂浆:先把泥~上咧再放砖头。
坐	tsuɤ	【坐坐子】小凳子或小椅子。
坑	kʰəŋ2	【鱼鳞坑】为蓄水或种树而在山坡上挖的坑,交错排列像鱼鳞。
坑	kʰəŋ	【挖坑】纸牌游戏。也叫“打红四”。
塊	kʰuæ̃	【囡囹瓦块】形容食物形大难以入口或来不及嚼碎就咽入肚中。
塊	kʰuɛi3	【砖块子】压紧后形状像砖块的茶叶块儿。
坛	tʰæ̃	【坛场】举办各种活动的场面。
壩	pa5	【坝沿上】水库的拦水坝体之上。
壩	pa	【涝坝】大小不一、圆形、较浅,用来蓄水的坑,水的来源主要是雨水,供牲畜饮用:△~里洗手——自由权。
墳	fəŋ	【打坟】挖掘坟坑。
墜	tʂuei5	【耳坠子】耳垂。也说“耳朵坠坠”。
坡	pɤ	【下坡子】下坡儿。
坡	pʰɤ2	【坡檩】放在斜坡屋顶当中的檩条。
坨	tʰuɤ	【坨子】圆形的块儿:切上几~萝卜吃。②液体浸湿布料留下的不规则的圆形痕迹或皮肤瘀血的痕迹:西瓜水淌着衬衣上留下咧几~,洗也洗不净。/我一看,啊哟,身上一~青一~红得么!
垐	tsʰɿ	结实:上面堆上些土,再用脚踏~。②愚笨、老实(含贬义):那个人~着咋搞恰。
垢	kəu5	【茶垢】茶渍。也说“茶锈”。
垢	kəu3	【垢圿】人的皮肤由于出汗等新陈代谢而产生的污垢:赶紧洗澡去,你看你身上的~有多厚。
墊	tiæ̃5	【扫垫猴】对爱打小报告、喜欢戳弄是非之人的称呼。扫帚sɔu44tʂʰu21用毛竹扎制的清扫工具,通常用来扫院子或马路。
垮	kʰua	【侧棱麻垮】形容走、坐、睡的姿态歪歪斜斜、不够端正的样子。
垮	kʰua3	【松松垮垮】结构不坚固,不紧密:砖墙砌得~的,风一吹就倒咧!②懒散、松懈、不紧张:一天~,哪达像个考大学的!
埂	kəŋ3	【培埂子】用铁锹修造田埂。
埋	mɛi	【抬埋】为长辈料理后事。
城	tʂʰəŋ	【月城子】固原城中地名,内城与外城之间的瓮城,因像月牙而得名。
培	pei5	【培埂子】用铁锹修造田埂。
培	pʰei3	【培治】用言语、动作折腾某人:今儿个叫我把马师美美地~咧一顿。
堂	tʰaŋ	【澡堂子】洗浴的地方,现多为“洗浴中心”替代。造窝tsɔu44vɤ213禽类孵蛋。
堂	tʰaŋ2	【堂叔老子】同宗而非嫡亲的叔父。
堆	tuei	【累堆】同“累怅”。
堆	tuei2	【断堆子】按堆论价卖。
堡	pu3	多用于地名。彭堡、杨中堡、闫堡、将台堡。
堰	iæ̃3	本义为用土堵水,引申为支、垫:床放得不稳当,拿个东~给一下。《广韵·阮韵》:“于宪切。壅水也。”
塌	tʰa	【日塌】糟践、糟蹋:你这话不是~人着呢吗。②弄坏:你乜几下就把个好耍头子~咧。③程度达到极点,相当于普通话的“……死了”:笨~、冻~、甜~、高兴~、快~。
塌	tʰa2	【塌鼻子】鼻梁凹下的鼻子。②鼻梁凹下的人。
塔	tʰa3	【松塔塔】松树的果穗,多为卵圆形,由许多木质的鳞片组成,里面有松子。
塔	tʰa	【松塔塔】松树的果穗,多为卵圆形,由许多木质的鳞片组成,里面有松子。
塞	sei	【耳塞】耳屎。
塞	sei2	【塞塞子】塞子。
填	tʰiæ̃	【填补】补充不足:你出去做活,我摆个碎摊摊,多多少少能~一些。
填	tʰiæ̃2	【填箱】指出嫁女儿时女方家置办酒席待客等活动。
塬	yæ̃	受流水冲刷后形成的一种地貌,呈台状,四周陡峭,顶上平坦。
墁	mæ̃5	用泥、水泥等抹墙,使之光滑整洁。《广韵·换韵》:“莫半切。所以涂饰墙。”
境	tɕiŋ5	【心境】心情:啥~么还看戏着呢!
牆	tɕʰiaŋ	【女儿墙】建造房屋时,房的前墙砌通房檐位置高出的部分。
墨	mei	【墨盒子】墨盒。
墨	mei5	【墨镜】用黑色或墨绿色镜片做的眼镜,有养目和避免强光刺眼的作用。
墩	tuŋ	【齐墩墩】粗短的圆柱形状。
墼	tɕi	【胡墼】将湿土经杵子在模具中压制或用泥制成晒干后用于建筑的土坯。
壁	pi	【壁虱】臭虫。
壅	yŋ	把土或肥料培在植物根上。②引申为给人说好话,戴高帽子:那个人让人~咧一顿,就不知道自己姓啥咧。③怂恿:让人~上直接找领导去咧!《广韵·用韵》:“居用切。加土壅田。”
壅	yŋ2	【壅脖】马、驴、骡拉车或碾场时,套在牲口脖子上的圈状物。用皮革或布制成,内装麦秸。②对人所戴围脖儿的戏称。
壕	xɔu	【尻壕子】同“沟渠子”。
壤	ʐaŋ3	【壤踏】打搅,给别人添麻烦。
壯	tʂuaŋ5	(动物)肥胖。
聲	ʂəŋ	【死声】形容人的声音难听,令人不舒服:你~拉下,要你命着呢!
聲	ʂəŋ2	【住声】让某人停止哭泣。多用于祈使句中。
聲	tʂʰəŋ	【看笑声】同“看失笑”。
殼	kʰɤ2	【壳郎】胸腔:~里难受的。
殼	kʰuɤ	【壳子硬】有本事,有能耐:那个人~。
殼	kʰy2	【鞋壳啷】鞋里的空间部分。
殼	kʰy3	【炮壳儿】子弹壳:乜能着用~粘咧一个工艺品。
壺	xu	【洒壶】盛水用来浇花、洒地的壶,出水口状似莲蓬头。
處	tʂʰu3	【不处处】用于某些颜色词后面,表示颜色让人不满意:黑~,红~。
處	tʂʰu	【不处处】用于某些颜色词后面,表示颜色让人不满意:黑~,红~。
處	tsʰu3	【满处】到处:听上点音音子就~说去咧。也说“各到四处”。满打满算mæ̃53ta53mæ̃53suæ̃44总的算在一起并留有余地。
夏	ɕia	【立夏】节气之一。
夏	ɕia5	【夏田】夏收作物。
外	vɛi5	【外前】外面。
外	vei5	【外爷】外公。
多	tuɤ2	【至多】表示最大的限度:一天~给着20块钱,划不来去。至少tsɿ44ʂɔu53表示最小的限度:一个冬天~要用过5吨炭呢。
多	tuɤ	【气多】生气:你不咧~咧,那是个娃娃么。
夜	iɛ5	【没夜处放光】不需要光的时候发光,比喻某人做事只会说空话,没有实际作用。
够	kəu5	【七不凑的八不够】指数量或尺寸不够导致不能合理使用。
够	kəu	【不得够】贪得无厌,不能满足:有多少都~。②指贪得无厌之人:你给那个~能给多少?
大	ta5	【至大】同“至多”。
大	ta	【屁大】不大,不值一提。~一点娃娃还欺负人呢。/~的个事,赶紧算咧。
天	tʰiæ̃	【十天半个月】十到十五天左右。因语境不同,分别带有嫌时间长或说时间足够用的意味:你一去就是~,我能给等住!/这一点活,有~做得完完的。
天	tʰiæ̃2	【好天气】指老年人的寿辰:今儿个是他爷爷的~,咱们欢闹一下!
太	tʰɛi5	副词。①表示程度过分。用于肯定句中,置于形容词前:颜色染得~红咧。用于否定句中,既可置于否定词“不咧”之前,也可置于“不咧”之后、形容词之前:人做啥事~不咧张扬咧。/话不咧说得~难听咧。②表示程度极高(用于赞叹):这个事你办得~好咧。③很(用于否定):这两天心里不~舒服。
太	tʰɛi	【太太】曾祖母。
夫	fu	【姨夫】姨姨的丈夫。②岳父。
夯	xaŋ2	【实夯夯地】形容非常密集、密不透风的样子:人围地~,给能挤着里头去!
夯	xaŋ	【实夯夯地】形容非常密集、密不透风的样子:人围地~,给能挤着里头去!
失	ʂʅ2	【失笑】可笑:乜讲开故事咧~得很。
失	ʂʅ	【急燎失搲】形容非常着急的样子:~地,没勺舀(意为抢吃抢喝)咧。
頭	tʰəu	【指头】特指手指。脚趾说成“脚指头”。
頭	tʰəu3	【高头】上面。
頭	tʰɔu	【铰头发】指女人剪发。
頭	tʰau	【跟头马爬】连滚带爬的。
夸	kʰua	【夸里夸嗒】形容机械运转时因松动而发出的声音。
夾	tɕia	【几夹几气】指来自各方面的压力或打击:~,把那个人睡倒咧。
夾	tɕia2	【夹咧蛋咧】几头儿都忙,顾不过来:这几天把人~。
奈	nɛi5	【奈何桥】传说中阳世间通往阴曹地府的独木桥。据说此桥狭窄,下有血河。生前为善者可顺利通过,再投生为人;生前作恶者则坠入河中,被恶鬼毒虫所食。
奉	fəŋ	【回奉】对神灵或佛祖的祷告。
奏	tsəu	【蛤蟆圪奏子】蝌蚪。
奓	tsa	直立、竖起:把人吓得头发都端~下咧。②张开(胳膊):同意的把手~起来,让我数个数。《广韵·祃韵》:“陟驾切。张也,开也。”
奓	tsa5	【肥头奓耳】形容人很胖或猪被饲养得很肥的样子。
奓	tʂa5	【空脚奓手】手里什么也没拿。
奔	pəŋ2	【电奔子】当地人对摩托车的称呼。
套	tʰɔu5	【被套】套在被子上防止被子脏的套儿。
奘	tʂuaŋ3	粗而大:这个树~得很,三个人都抱不过来。《广韵·漾韵》:“侧亮切。大也。”
奠	tiæ̃5	【奠酒】指喝酒前将酒滴洒在地上,以示对天地鬼神的敬意。
女	ȵy	【侄女儿】弟兄或其他同辈男性亲属的女儿。
女	ȵy3	【侄男姑女】弟兄姊妹或其他同辈男女性亲属的儿子女儿的通称:那几年,谁家给没有几个~经常在跟前交挠着。
女	mi3	【女猫儿】母猫:这个猫儿是个郎猫儿,还是个~?女,《广韵·语韵》:“尼吕切”。固原方言单字或在其他词语中一般读为ȵy53,而在“女猫儿”一词中读mi53。
奶	nɛi3	【姨奶奶】对自己外婆的姐妹的称呼。
奶	nɛi	【姨奶奶】对自己外婆的姐妹的称呼。
奸	tɕiæ̃	【躲奸溜滑】形容贪图安逸,逃避应做的事。
奸	tɕiæ̃2	机灵、狡猾:那~得连啥一样,你能给哄得过。
好	xɔu3	【黠好】副词。最低限度,好坏:~是个大学生么,连这一点都做不到!
好	xɔu2	【好少】许多、很多:~的人想得都得不到呢!
好	xɔu5	喜爱:他就~下那个调调!
婦	fu	【弟妇子】兄弟的妻子。也说“弟媳妇”。
婦	fu5	【妇人】已婚的女性。几个乡里~在那达做活着呢。②向别人称呼自己或别人的妻子。你们~是干啥工作的?
媽	ma2	对母亲的称呼,固原话常单用。
媽	ma	【妈妈】对年青女性的泛称(含贬义):看她这个~唦,猴死着呢!
妖	iɔu2	故作姿态:对咧对咧,再不咧~咧。
妙	miɔu5	【妙巧】娇气,抵抗力弱:你看你咋这么~,哪一次感冒你没赶上?
妥	tʰuɤ3	【稳妥】稳当、可靠。
妹	mei	【姊妹】姐妹。②兄弟姐妹的通称:你家~几个?
姊	tsɿ5	【姊妹】姐妹。②兄弟姐妹的通称:你家~几个?
始	sɿ	【一开始】刚开始:~就唱跑调咧!②起初:~就没有个制度,现在说啥都迟咧。
姐	tɕiɛ3	【大姨姐】妻子的姐姐。也说“大姨子”。
姑	ku2	【侄男姑女】弟兄姊妹或其他同辈男女性亲属的儿子女儿的通称:那几年,谁家给没有几个~经常在跟前交挠着。
姑	ku	【姑夫】姑母的丈夫。
姜	tɕiaŋ	【洋姜】菊芋。
姨	i	【姨姊妹】母亲是姐妹关系的女性或男性之间的称呼。
姿	tsɿ2	
娃	va	【死娃娃】夭折的婴儿。
娘	ȵiaŋ	【日娘掏老子】用不文明的语言辱骂。
婆	pʰɤ	【大肚子婆娘】孕妇。
婊	piɔu3	【屄婊子】骂妇女的詈词。
婚	xuŋ	【二婚】再婚。
嬸	ʂaŋ3	【姑舅婶婶】父亲表兄弟的配偶,即表婶。
嬸	ʂaŋ	【姑舅婶婶】父亲表兄弟的配偶,即表婶。
婿	ɕy	【招女婿】让男子到女方家里结婚并落户。
媒	mei	【说媒】指给人介绍对象。
媳	ɕi	【弟媳妇】同“弟妇子”。
媳	ɕi2	【拴媳妇子】订婚。
嫁	tɕia5	【嫁汉】詈词,常用来骂作风不好的女人。
嫌	ɕiæ̃	【猪嫌狗不爱】比喻谁都不喜欢:娃娃这么大正是~的时候。
嫖	pʰiɔu	【嫖头】宿妓嫖娼、玩弄女性的男子。
嫩	nuŋ	初生而柔弱:吃苜蓿菜就要掐些刚长上来的~芽芽呢。②某些植物的茎叶、经过烹调后的菜和肉水分多,容易咀嚼:牛肉炒得~得很,多吃几嘴。
嫩	nuŋ5	【嫩面】面容显得年轻、好看。
嫽	liɔu5	本义为美好,引申为喜欢卖弄、好出风头:看把你给~的,不就是件西装么,真是个~片子。《广韵·小韵》:“力小切。好貌。”
嬯	tʰɛi2	常指人做某事时愚钝不够利索:你看你吃啥开咧~嘛(言吃相丑恶)!
子	tsɿ2	【子母扣】纽扣的一种,用金属或塑料制成,一凸一凹的两个合成一对。
子	tsɿ	【知了子】知了:连个~一样,叫唤着没停。
子	tsɿ3	【子肉】精瘦肉:净~吃去太干咧,多少得有点肥的。②自身的,自个儿的:输的钱全是别人的你还没伤着~呢。
子	,	把我跑~。
子	sɿ	【金镏子】金戒指。
字	tsɿ5	【字儿】铜钱或硬币上有字的一面儿。
字	tsɿ	【雨字头】汉字偏旁名称之一,如“雪、雷”等字的上部。玉麦y44mei21玉米。
孫	suŋ	【末末孙】未出五服的重孙的儿子。
孫	suŋ2	【饶爷爷的孙子】相当于“省油的灯”,只能用在否定或反问句中:那就不是个~么,你还指望啥呢?/难道说他是个~?
孚	pʰɔu	【顺毛孚】抚摸猫、狗等动物时得顺着它们的皮毛,比喻做事或说话时迎合对方的脾气或爱好。
孜	tsɿ2	【孜然】一种佐料,常加工成粉末状,本地不产。多在做烧烤时用:烤些羊肉串,~不咧放得太多咧。
孜	tsɿ	【做乃麻孜】伊斯兰教徒做礼拜:你大干啥着呢?乜~着呢。
孝	ɕiɔu5	【花花孝】指死者的孙子及以下辈分的人戴的孝,通常是不穿孝衣,只戴孝帽,帽子上饰以红布条。
季	tɕi5	【四季财】猜拳时数“四”。也说“四红灯”。
孤	ku5	【坟孤堆】坟墓地面部分的圆锥形土堆。
學	ɕyɤ	【学前班】对接近学龄的儿童进行学前教育的班级。
孱	ʂæ̃	体弱、无抵抗力:这个娃娃身体~得很,经不起折腾。《广韵·山韵》:“士山切。孱,劣貌。”
孽	ȵiɛ2	【孽障】可怜:看那个老汉~嘛。
孽	ȵiɛ	【造孽】可怜,不好的境遇:你给点吃的,他给点穿的,谁都看着这两个人~。②对当前已很好的生活条件不满足,仍然嫌弃:你这是~着呢么,连你一样的娃娃吃的还是黑面馍馍。
守	ʂəu3	【磕守守】因寒冷胆怯或疾病而战战兢兢的样子。
守	ʂəu	【磕守守】因寒冷胆怯或疾病而战战兢兢的样子。
安	næ̃2	【安架】房顶从侧面看呈“人”字形的房子。
安	næ̃	【安安桥】固原城中地名。
完	væ̃	人品或物品质量不好。
官	kuæ̃	【仪程官】民间社火表演中担任司礼说赞词的人。也说“说诗的”。
官	kuæ̃2	【官场】公用的打碾粮食的空地。
定	tiŋ5	【固定傀】神情呆滞、木然,待着一动不动的样子:你看连个~一样,定定儿在那站着呢。
宜	i5	【便宜】现成,方便:有~的饭呢吃些算咧。
寶	pɔu3	【秃宝盖】汉字偏旁名称之一,如“冠、写”等字的上部。
實	ʂʅ	【垐实】结实:你不咧看着他瘦着呢,那~得很!
客	kʰei	【皮条客】指男女不正当关系的牵合人。
客	kʰei2	【待客】因某事招待来客:乜们家今儿个~着呢,摆咧十几桌。待谅tεi44liaŋ44担待、原谅。
客	kʰei3	【麦客子】以替人收割麦子赚取工钱的人。
室	ʂʅ	【室兄哥】妻子的哥哥。
害	xɛi5	指孩子特别任性、淘气:那家子的姥姥~得很!
宴	iæ̃	【宴席头儿】指结婚时,女方送亲队伍里出面与男方进行面对面交流并组织本方人员的人。也说“掠客的”。
家	tɕia	【二家子】旁人:东西找不着咧,怕是~拿着去咧!
家	tɕia2	【不着家】不愿待在家里;不回家。
寬	kʰuæ̃2	【宽展】地方宽敞:家里~着呢,住上两晚上再走。②心情宽松:这么一说,人心里~咧不少。③经济宽裕:过完年,手里~咧再盖几间房。
寬	kʰuæ̃	【心宽】同“心大①”
宿	ɕiəu2	【宿宿】星星。
宿	ɕiəu5	【宿宿】星星。
宿	ɕiou5	【星宿】星星
密	mi	【哈密蛋】哈密瓜。
富	fu5	【富汉家】富贵人家。~娃娃吃得好、穿得好,就是不好好学习。
寒	xæ̃	【大寒】节气之一。
寡	kua	饭菜里几乎没有油水:~汤~水的没个信啥往锅里放。②肚子里没有油水的一种感觉:这一向心里~得很!
寡	kua3	【清汤寡水】形容饭菜没有什么油水,过于素淡。
寥	liɔu5	【寥天地里】指空旷的野外或四周没有遮挡的地方,常用来比喻某人缺少家教:夜黑来在~睡咧一晚上。/这个娃娃是~长大的,性子野得很!
寸	tsʰuŋ5	【毛寸】一种发式,多为男性青少年喜欢。
對	tuei5	【不对活】身体不舒服:这一阵子感觉~得很!②不对劲,情况不妙:房里咋么一点声音都没有,有些子~。③迷信的说法,指鬼魂附体:眼前头花得很,怕是招咧~咧。
寺	sɿ5	伊斯兰教的清真寺。
尋	ɕiŋ	【骑的驴寻驴】比喻要找的东西就在自己身边,却在别处寻找:东西在手里拿着呢,还到处找着呢,真个是~着呢!
壽	tʂʰəu5	【过寿】老年人过生日。
壽	ʂəu5	【贺寿】给老年人祝贺生日。
封	fəŋ2	【封子】用纸包裹起来作为礼物的钱或物。
將	tɕiaŋ5	【打捶泡将】打架闹事:两口子~的,日子还过吗不过?
將	tɕʰiaŋ3	【按将儿】同“按巧”。
將	tɕiaŋ2	【将凑】凑合。
將	tɕiaŋ	刚:~回来坐下就喊着叫上班去呢。
尊	tsuŋ2	【尊贵】指在待人接物方面懂礼貌、识大体:人要知道~呢,不能由自己性子胡来!
小	ɕiɔu3	【大番小事】大小事情的统称。
小	ɕiɔu2	【老小伙子】未婚的大龄男子。②中老年仍富有朝气的男性。
少	ʂɔu3	【好少】许多、很多:~的人想得都得不到呢!
少	ʂɔu5	【三老四少】老老少少。
尔	ɛr	【古尔邦节】伊斯兰教最重要的宗教节日,时间在教历十二月十日(每年麦加朝觐的最后一天)。古尔邦,来源于阿拉伯语。
尕	ka	【大拇尕】大拇指。
尕	ka3	【尕搭马稀】乱七八糟的样子:~地说咧一大堆。
尖	tɕiæ̃	【笔尖尖】笔尖儿。也说“笔尖子”。
尖	tɕiæ̃2	【鼻尖尖】鼻尖儿。
尚	ʂaŋ	【和尚铺】固原地名,位于六盘山山脚下。
尜	ka	【打尜儿】玩尜儿的游戏。也说“喝梢”。
就	tɕiəu5	【提就】提起并议论:过去的事再不咧~咧,没啥意思。
就	tsəu5	【说风就是雨】比喻不动脑筋,盲目听信别人的传言,未经证实便以讹传讹或采取行动:那个人经常~,你给不知道!②性格急躁,听见了就要行动。乜弄开啥咧急得很,~。
就	tɕiəu	【收就】获取、收集:我看你都~下些啥烂东西。②收留:多亏乜~我,不然的话我早死咧。
尺	tʂʰʅ2	【尺谋】估计、估摸:我~着能成咧吧。
尺	tʂʰʅ	【压尺子】创作书画时的镇纸。
尻	kəu2	【擦尻子】擦屁股。②比喻替他人处理遗留问题:这~的事都让我干咧!
尻	kəu	【卖尻子的】詈词,常用来指生活作风不好的女人。
尽	tɕiŋ5	【吃干搲尽】指不留任何东西(含贬义):几下子~,生怕有人抢咧他的。
尽	tɕiŋ	【大尽】农历有30天的月份。
尾	i	【二尾子】两性人。
尾	i3	【齐头齐尾】指说话或写文章时,在开头没有交待话题的缘由,结尾又没有交待话题的结果。
尿	tɕʰiəu	【二尿】詈词。同“二杆子”。
尿	ȵiɔu5	【马尿尿】带贬义意味,原本专指啤酒,现在是对酒的统称。
尿	ȵiɔu	【马尿尿】带贬义意味,原本专指啤酒,现在是对酒的统称。
屁	pʰi5	【屁大】不大,不值一提。~一点娃娃还欺负人呢。/~的个事,赶紧算咧。
屁	pʰi	【□□屁】[tʂʰu53tʂʰu21pʰi21]没有声响的屁。
屁	pi5	【臭屁桶】喻指事情做得不妥当之人。
層	tsʰəŋ	【油千层】一种食品。用开水将面粉烫熟和好,擀开后加入油、盐等调味品,卷起来切成拳头大的面团儿,再擀成一个一个的面饼,在平底锅中烙熟即成,因层数较多,故称之。
屄	pʰi2	【日屄】性交。
屄	pʰi	阴户。②喻指某人的嘴(詈词):你~夹紧,这达有你说话的地方?
屈	tɕʰy2	心胸狭小:那个人心~义短,打不成交道。《集韵·迄韵》:渠勿切。《博雅》:“短也。”
屈	tɕʰy	【心屈义短】做事没有胸怀,缺少信义。
屎	sɿ	【鸡汤屎】鸡拉的呈水状的粪便。
屎	sɿ3	【茅屎坑】粪便池。
展	tʂæ̃3	【扯展】尽力,放开手脚:~弄咧一顿,没个结果你说咋办?
展	tʂæ̃	【宽展】地方宽敞:家里~着呢,住上两晚上再走。②心情宽松:这么一说,人心里~咧不少。③经济宽裕:过完年,手里~咧再盖几间房。
山	sæ̃2	【西山里】固原地处南北走向的谷地之中,当地人对东西
山	sæ̃	【一模糊江山】一塌糊涂。
歲	tsuei5	【过岁儿】(小孩子)过生日。
歲	suei	【太岁】传说中神名。迷信者认为太岁之神在地,与天上岁星(即木星)相应而行,掘土(兴建工程)要躲避太岁的方位,否则就要遭受祸害。②肉灵芝。是百药中的上品,典籍记载,太岁性平,苦,无毒,具有补脾润肺,补肾益肝等价值。
岔	tsʰa	惊动:麻雀人一~就飞咧。②生疏:这个娃娃~生呢。喳tsʰa44(老鼠)咬啮:藏下的钱叫老鼠~成片片咧。
岔	tsʰa5	【岔铺】指到了陌生的地方睡不着觉。
崗	kaŋ2	【老岗岗的】年老的,上了年纪的,多用于老年男性。老夯夯的lɔu53xaŋ213xaŋ21ti21同“老岗岗的”。
崗	kaŋ	【老岗岗的】年老的,上了年纪的,多用于老年男性。老夯夯的lɔu53xaŋ213xaŋ21ti21同“老岗岗的”。
崗	kaŋ3	【上岗子】房屋或座位的主位方向。
峴	ɕiæ̃	【崾岘】两山相连的豁口。
嶺	liŋ3	【隔山架岭】本义指山水阻隔,路途遥远而交通不
峁	mɔu3	【山峁峁】小山头。
峁	mɔu	【山峁峁】小山头。
峽	ɕia2	两山或两块高地中间的、有河流经过的狭长而有出口的地带。多用于地名。
峽	ɕia	【海子峡】固原地名,此处有水库,是市区饮用水的来源之地。
崖	nɛi	山石陡立的侧面。
崩	pəŋ2	【弹崩子】弹弓。
崽	tsɛi2	(孩子)不成材:这个娃娃~得很,不学一点好。《广韵·皆韵》:“山皆切。《方言》云江湘间凡言是子谓之崽,自高而侮人也。”
崾	iɔu5	【崾岘】两山相连的豁口。
巇	ɕi	差一点儿:~追不上你咧。《广韵·之韵》:“许羁切。巇崄。”
川	tʂʰuæ̃2	【川里】指山间或河流两边平坦低洼的地域。
工	kuŋ	【磨洋工】指某人在工作、劳动时磨磨蹭蹭,不好好干活。
左	tsuɤ	指为人处世行为过激:那个人弄啥去~着呢!②指某人歌唱时跑调唱不准:我嗓子~着呢,唱歌去不行!
左	tsuɤ3	【左傍个】左边:你往~让一下,我就能过去咧。
巧	tɕʰiɔu3	【七个巧】猜拳行令时数“七”。
巧	tɕʰiɔu	【妙巧】娇气,抵抗力弱:你看你咋这么~,哪一次感冒你没赶上?
巨	tɕy5	【巨狸猫】外形像松鼠的一种哺乳类动物,生活在田间的土洞中。
差	tsʰa	不好:这一回考得~得很!②不够标准:这二年生产下的东西是越来越~咧。③欠缺:~两块就一百咧。④不相同,不相合:连他比你~远咧。
差	tsʰa2	【差不多】(在程度、时间、距离等方面)相差有限,相近:这两个娃娃的学习成绩~。
已	i3	【已往】已经:现在~成这么个咧,能有啥办法呢。
已	i5	【早已】以前或某一时间之前:~他还碎的时候,他大就没咧。也说“早先”。
巳	sɿ5	地支的第六位,代表动物是蛇。
巴	pa	【尾巴】动物的尾巴。②称呼跟随在自己身后的人:我还领下个~着呢。
巴	pa2	【岔巴巴地】给人别扭、生硬、不顺当的感觉。
巴	pia2	粘贴:小广告~得到处都是,烦人得很!
巴	pa5	【脚巴骨】跗骨。
巷	xaŋ5	【锅巷里】锅台上靠近火道口和烟囱的地方。
巷	xaŋ2	【巷巷子】小巷儿。
巷	xaŋ	【巷巷子】小巷儿。
市	sɿ	【开门市部】同“开铺子”。
市	sɿ5	【山货市】固原城中地名,旧为较繁华商业街。
布	pu5	【离娘布】当地婚俗。指女方出嫁时,由男方送给岳父母的礼品,一般是现金或能做衣服的布料。
布	pu	【搌布】抹布:把~拿洗洁精好好摆一下,腻得很!占tʂæ̃44男青年定下亲事。
師	sɿ	【大师】厨师。也说“饭大师”。
帊	pʰa	纺织品质地不好、不结实:这些布~得很,做啥衣裳都不好。②松散,懈怠:他让老婆给整~咧。
帕	pʰa	【十帕九泪】形容哭得特别伤心的样子:乜一下子~地,就连有天大的委屈一样。
帕	pʰa2	【帕帕子】手绢儿:吃筵席总得带个~么。
帖	tiɛ	【喜帖子】办喜事时在墙壁上贴的小红纸块儿,上面有写的或剪成的“喜”字。
帖	tʰiɛ	【熨帖】事情得到妥善处理(多用于否定)。给咧200块钱还不得~。
帘	liæ̃	【挂门帘子】当地婚俗。指举办婚礼时,女方娘家
帚	tsʰu	【卖扫帚】同“卖鞭杆”。
帚	tʂʰu	【扫帚星】彗星。迷信的人认为出现这种星是不吉利的征兆。②比喻给他人带来晦气或灾难的人。
帶	tɛi5	【拾鞋带的】原意为帮人系鞋带儿的人,引申为替人收拾烂摊子,跑腿干杂活儿的人:混来混去也没有个大的出息,还不是个给人~。
帶	tɛi	【带带子】带子。
席	ɕi	【执席的】筵席上招呼客人吃菜喝酒的人,一般不能入席就座,要站着服务。
席	ː~	的人坐咧两大轿子车,吓人呢么!
幫	paŋ	【搭帮】帮忙:一搭里给张老师~走。
幫	paŋ2	【单帮子】指只有一个男性劳动力的人家:那家子是个~,日子过得不好得很。
常	tʂʰaŋ	【无常】当地回族对死亡的避讳说法:今儿早上你二大~咧。
帽	mɔu5	【笔帽帽】笔帽儿。
帽	mɔu	【笔帽帽】笔帽儿。
幌	xuaŋ2	【装幌】装模作样。
幌	xuaŋ5	
幔	mæ̃5	【幔儿】硬币有图案无字的一面:你是字儿,他是~,开始猜。慢待mæ̃44tεi44怠慢。
幡	fæ̃	【引魂幡幡】招魂幡。出殡时孝子在灵柩前打的纸制的幡。
干	kæ̃	【吃干饭的】指占着位置不干事或干不了事的人。
干	kæ̃2	【不干不净】不清洁:俗话说,~,吃咧没病。②脏话不堪入耳:嘴里萝卜葱花,~的,说谁着呢?
干	kuæ̃5	【没干的咧】同“没做上的咧”。
干	kæ̃5	【干的】无聊:一个人都不认识,去咧~!②尴尬:~没人招识咱们!
平	pʰiŋ	【一碗水端平】指做事要公平公正,不偏不倚:处理这号事情要~呢,端不平就会出麻达。
年	ȵiæ̃	【老百年】指老年人去世。
年	iæ̃	【年三十儿功】农历腊月三十。
莊	tʂuaŋ2	【庄子】村庄。
牀	tʂʰuaŋ	【耍床】当地习俗,即闹洞房。也说“耍新媳妇儿”。
應	iŋ	【胡喊冒答应】胡乱应声,引申为跟着人没有原则地胡说。
應	iŋ2	【应名名】假借各种名义:~说是给我买咧个车,实际上他一天开上耍上呢!
應	iŋ5	【应承】答应(做)。
底	ti3	【底子】器物的底部(向外的部分):鞋~上沾咧些脏东西。②基础:这个娃娃~好着呢。③可作根据的:把我写下的~拿着过来。④花纹图案的衬托面:红~上面把白字放上。⑤东西剩下的最后部分:一点货~咧你都拿着去。
底	ti	【山根底底】山脚下。
店	tiæ̃5	【车马店】旧时供车马停放、车夫住宿的旅店,一般设
廟	miɔu5	【老爷庙】关帝庙。
廢	fei5	【窝囊废】指无能、怯懦的人。
度	tu5	【度食】大鸟给小鸟喂食:连阴哑都晓得~呢,何况我们人呢。肚带tu44tεi21围在马、骡、驴等牲畜的肚子上用来固定鞍子的皮带。肚囊皮tu44naŋ21pʰi24由于肥胖在肚子周围形成的膪肉。
座	。	茶碗中常泡枸杞、核桃仁、芝麻、桂圆、冰糖、葡萄干儿、茶叶、沙枣等组成的“八宝茶”,也说“八宝盖碗儿茶”。
廊	laŋ	【廊檐】屋檐:雨越下越大咧,~里的水都掉成线咧。
開	kʰɛi2	【一开始】刚开始:~就唱跑调咧!②起初:~就没有个制度,现在说啥都迟咧。
開	kʰɛi	用在动词后表示动作的“开始、将要”等意义:这一阵子还下~咧!②用在表钱数的词后表示在这个数以内,通常用在买卖双方的讨价还价中:羊皮180元~吗不~?
開	kʰɛi3	【开开】(打、拉)开。
弄	nuŋ	【日弄】糊弄:这么个的话,八成儿是让人~咧。
弄	nuŋ5	【胡弄】不负责任地做。也说“胡整”。
弄	nɔu5	【弄不扎】互相不能和睦相处。
弄	luŋ	【擞弄】内外勾结,暗中转移:家里出咧个败家子儿,该~的早就~光咧!
引	iŋ3	【药引子】中药药剂中另加的一些药物,能加强药剂的效力。
引	iŋ	娶:他眼看着三十好几咧,还没~上媳妇,把人愁死咧。②引导、领:把你奶奶~上,她不认得路。
弟	ti5	【弟兄】兄和弟的通称。
張	tʂaŋ	【打张】收拾、打扫:把房里赶紧~一下,来人恰。
張	tʂaŋ2	【画张子】印制的年画儿或张贴画儿。
弥	mi	本义为用布接缝,引申为续、接:裤子短咧,~上几寸还能穿。/一根竹竿短咧些,再~上一根。《方言》卷十二:“弥,合也。”《广雅·释诂二》:“弥,缝也。”
弦	ɕiæ̃	【拧筋武弦】指做事不合情理或难以融入群体:那个人~的,谁都不爱连他粘!
彎	væ̃2	【懒单弯子】膝盖的后面,腘窝。
弱	ʐuɤ	气力小,势力差(跟“强”相对)。②差,不如:连他比你还是~一些。
彈	tʰæ̃	【跐弹】动弹:不敢~,一~就淌开血咧。②折腾:再不
彈	tæ̃5	车颠簸或上下抖动:那半截路还没修好,~得很。
彈	tʰuæ̃	【乱弹】地方戏曲秦腔因用弹拨乐器伴奏而被称为乱弹。乱拔毛luæ̃44pa24mɔu24没有计划、组织地胡乱做。
强	tɕʰiaŋ	【硬强】指物品质地坚硬或人的体格强壮。
當	taŋ	【试当】试一试:你说我不行,你~一下。
當	taŋ5	【家当】同“家具②”。
當	taŋ2	【当团长】指睡觉时因寒冷而蜷缩成一团。
當	taŋ3	【正当儿】不是想当然的,实际上:你以为那个人坏得了不得,~那是个好人。
形	ɕiŋ	【辨不来山形】看不明白形势。
彩	tsʰɛi3	【彩礼】订婚时男家送给女家的聘礼。也说“礼”。
影	iŋ	【背影子】背影。
影	iŋ3	【牛皮灯影子】皮影戏。
徹	tʂʰɤ3	【彻炕】指空气流通很好的火炕:上房里盘咧一个大~。
往	vaŋ3	【以往】过去:~咋么弄现在就还咋么弄。
往	vaŋ	【已往】已经:现在~成这么个咧,能有啥办法呢。
往	vaŋ2	【往过】朝边上让。
待	tɛi5	【虐待】用残暴狠毒的手段待人。
律	ly3	【律直】端正好看:小伙子人长得~,做啥也做得好。
得	tei	【死得】活该:才~,谁让你不听大人话!
得	ti	【拘得炮响呢】同“拘咧炮咧”。
得	tei2	【得道】谁知道:这个事~咋弄下的!
心	ɕiŋ2	【离心近】待某人亲密一些、偏心一些:那是~着才说这些关心的话着呢。
心	ɕiŋ	【记心】记性、记忆力:人一老,~就不行咧。
心	iŋ	【难心】为难:这是个明摆着的事么,你还有啥~的呢。
忌	tɕi	认为不适宜而避免:吃中药着呢,怕是要~嘴呢。②戒除:你赶紧把烟~咧去,抽那着有啥用呢!
忌	tɕi5	【忌口】因吃药而忌食某类食物或调味品,如葱、姜、蒜之类。也说“忌嘴”。
忙	maŋ	【日急慌忙】慌慌张张:车快开咧,乜~地抓起包包就跑咧。
快	kʰuɛi5	【快喝酒】猜拳时数“九”。也说“快快发”、“九长寿”、“酒你喝”等。
快	kʰuɛi	【畅快】痛快:他这么一说,我心里头多少~咧一些。②爽快:~去是个~人,就是有些小毛病。
念	iæ̃5	【念唢儿功】伊斯兰教宗教仪式之一。
忽	xu2	【忽鲁】松动:几个槽牙没有一个不~的。
忽	xu	【喇忽】粗心,疏忽大意。
忿	fəŋ5	【不忿气】愤愤不平,不服气:我得咧个第一名,你看着~吗?
忿	fəŋ3	嗤之以鼻时鼻子中发出的声音:鼻子里~~的,不满意吗?粉面子fəŋ53miæ̃44tsɿ21淀粉:买上些~做些凉粉吃。
懷	xuɛi	【怀娃娃】怀孕。
憮	vu2	【怃麻】内心烦燥:听见这么个信,人就~着没是咧。
憮	vu	【怃苏】内心烦燥:这两天心里头~得很!②使人烦恼:你再不咧~人咧唦!
慪	nəu3	憋着气鼓劲:~下子一股气,硬给弄成咧。
悵	tʂʰaŋ	【累怅】指人邋遢不修边幅或精神萎靡不振。也叫“累堆”。
怎	tsəŋ2	【怎长道短】道听途说,没有事实依据地述说别人的事情:谁谁谁~的,听得人心烦呢!
怕	pʰa5	【死驴不怕狼扽】形容耍赖皮的样子:给人一个~的架势,你还拿他没办法。②没有别的办法,横下一条心:反正是~咧,走着哪达算哪达。
怕	pʰa	害怕。②恐怕、大概,也说“怕是”:咳嗽着~感冒咧,赶紧吃些药。
憐	liæ̃	【瘰怜】艰难:日子过得~得很!②可怜:你还嫌我不够~吗?③累赘、麻烦:赶紧打发着叫走,时间长咧都是你的~。
思	sɿ	【席梦思】用海绵弹簧制成的床垫。
急	tɕi	【日急慌忙】慌慌张张:车快开咧,乜~地抓起包包就跑咧。
急	iŋ3	大针脚地缝制,多用于有棉花的衣被:被儿就弄好咧,刚剩下一~咧。《广韵·隐韵》:“于谨切。缝衣相著。”
怦	xu2	用半焖半煮的方法弄熟食物:春上的羊羔子~上最好吃。
性	ɕiŋ5	【鸡毛猴性子】形容人性子急,坐不住。
怪	kuɛi5	【日杵怪】模样古怪、搞笑之人:这是个~一个,你说失笑吗不失笑。
總	tsuŋ2	【总管】红白喜事的总负责人。
恓	ɕi2	【恓惶】伤心、悲伤。把个人嚎得~的。心里的~只有自己知道。
恨	xəŋ5	没有言语交流的僵持:你就在那达~着,看能~出个啥?
息	ɕi	【息息儿的】困倦或忍耐达到极限:就这我都~咧,你还让我弄呢。
恶	nuɤ2	【恶水】泔水、污水。
恶	nuɤ	【恶心】有要呕吐的感觉:这一阵子~得很!②让人厌恶:做下的事让人~死咧!
悄	tɕʰiɔu	【搞悄】哄小孩儿使不哭闹。
情	tɕʰiŋ	【记情】记住别人的恩情:人要~呢,不能做没情义的人。
惆	tsʰəu	【惆怅】忧愁,发愁。
驚	tɕiŋ2	【打黑牛惊黄牛】指因某事引起的连锁反应:这么一弄,怕是要~咧。
驚	tɕiŋ	吃惊、受惊:“轰”的一声,把人还给~咧。②跳起来:乜一下子~咧多高,手叉着腰里骂开人咧。
慘	tsʰəŋ	【寒惨】可怜:那么老咧冻死着雪堆里,你看~吗!②不近人情地:你说~不~,冰天雪地的不让老人进门。
慘	tsʰəŋ3	【惨人】让人不忍目睹或耳闻:那个娃娃的事听得人~的。
慣	kuæ̃5	【没惯病】(对人或事)不讲情面、不姑息迁就:叫我~地给训咧一顿。
惶	xuaŋ	【恓惶】伤心、悲伤。把个人嚎得~的。心里的~只有自己知道。
惹	ʐɤ	得罪:这就是个~人的事么。②传染:行为不检点,~咧一身病。③引来,得到:一句话说得不好,~咧一尻子臊。
惹	ʐɤ3	【惹人】得罪人:~的事净让我干咧!②讨人喜欢:一个碎人人,~得很!
惺	ɕiŋ	【二不惺惺】同“二不唧唧”。
意	i5	【利故意子】有意、故意:~哄人着呢!
感	kæ̃3	【不感冒】不喜欢、没有兴趣:那个对喝酒又~着。
愣	ləŋ	【二愣八呲】形容某人愣头愣脑、不通人情:我给人家安顿着呢,乜~地就连没说一样。
愣	ləŋ3	【大屄愣愣】詈语。指人的年龄老大不小,却不懂事。
愣	ləŋ5	【瓜屄瓜愣】形容呆、傻的样子:△~,十月嚎着要杏。
慌	xuaŋ2	【日急慌忙】慌慌张张:车快开咧,乜~地抓起包包就跑咧。
慌	xuaŋ	【解心慌】解闷、散心。
慢	mæ̃5	【不怕慢只怕站】指做某事时慢一些不要紧,而停下来就有问题了。
慥	tsʰɔu5	性急,不冷静:你乜动不动就~咧,啥时候把那改一改。《广韵·号韵》:“七到切。言行急。”
慰	y5	【慰问】慰问。
憋	piɛ	抑制或堵住不让出来:气~住我给你捶背。②有委屈或烦恼而不能发泄:这个事情让人~咧一肚子气!③鼓、胀、撑:再不敢装咧,袋子~破咧。
憋	piɛ2	【憋眼核儿】指眼球向外几乎突出眼眶的人。
憔	tɕʰiɔu	用眼过度致使眼皮发干发涩:你看你眼睛~成啥咧,赶紧睡着去。
憨	xæ̃2	【憨腾腾地】形容小孩儿天真、可爱的样子:碎娃
懂	tuŋ3	【不懂管子】不熟悉某个行业:~还胡指挥呢!
懂	tuŋ	【颠懂】年老糊涂:你爷爷活~咧,说下的话你心里不咧去。典tiæ̃53租用:一家人没处去,~咧一间房暂时住下。
懶	læ̃3	【懒干手】好吃懒做之人。
懵	məŋ5	愚笨:看你~嘛,啥都不会弄!《广韵·董韵》:“莫孔切。心乱貌。”
戇	xuŋ5	糊涂:那个人~着呢,说咧白说。《广韵·送韵》:“呼贡切。愚人。”
戊	vu3	天干的第五位。
戌	ɕy2	地支的第十一位。
戲	ɕi5	古典戏曲,当地人特指“秦腔”。
戲	ɕi	【把戏】魔术、杂技:街上有人耍~呢。②花招:蒙蔽人的手法。他那点~谁都知道呢。
成	tʂʰəŋ	【不能成】不行、不可以:啥~啥,让你做这事着呢!
我	ŋɤ3	自己,第一人称代词。
戧	tɕʰiaŋ2	【戗面风】逆风、顶风。
戚	tɕʰi5	【室内亲戚】关系很近的亲戚。
截	tɕiɛ	【打牛后半截】喻指务农:你旦不好好学习咧,回家~去。
截	tɕiɛ2	【截截子】名词,截儿:绳子一点也不牢实,一扽全成咧些~。②量词,段。手里头拿下几~绳子。
戳	tʂʰuɤ	【厾戳】嫌弃:碎时候让人~着不得行。
戳	tʂʰuɤ2	用力使长条形物体的顶端向前触动或穿过另一物体。
戶	xu	【眉户子】发源于陕西眉县,流行于西北各省的地方剧种。
戶	xu5	【庄户人】农民。
房	faŋ	【伙房】厨房。
扁	piæ̃3	【扁刃】本义为刀刃失去锋芒,引申为人处于下风:在领导跟前他~着呢!
扁	pʰiæ̃3	用刀或斧头斜着砍下去:~上几个木楔子。
扇	ʂæ̃	【走扇】门窗由于枢纽、框变形磨损而不能关上或打开。
扇	ʂæ̃2	【扇子】较大一些的钹。
扇	ʂæ̃5	【扇子】摇动生风取凉的工具。②量词。用于宰杀过的猪或羊,以脊椎为中线剖开后其中的一半。
手	ʂəu3	【吃手】饭量:你不咧看那么个瘦人,那~比你好。
手	ʂəu	【二手货】倒手转卖过一遍或几遍的货物。
才	tsʰɛi	【将才】刚才、刚刚。
扎	tsa	【打扎合严】总计,把所有的都加起来。
扎	tsa2	【扎扎扎】形容使用言语、动作量大次数多,不能计数:就犯咧一点错,就让人家说咧个~!/东西拿着去用咧个~,说不要就不要咧。
扎	tsa3	【扎账】停止报账做清算工作。
扑	pʰu2	【扑獠獠】形容蛇吐舌头时发出的声音。
扒	pa	【着急扒忙】同“着忙①”。
打	ta	【十打五闲】同“十呢五呢”。
打	ta3	【一打一颠倒】两人睡觉时常因地方小而相互倒过来睡,即头与另外一个人的脚是一个方向。②将物品的两头儿调换个位置:~放上刚好。
打	ta2	【打从】自从。~你来,我们就没过上个好日子。
打	ʐɔu3	【搅打】打扰:这几天把亲戚给~得劲大咧。
扔	ɛr	扔:给他~给咧一瓶水。②丢失:上前儿个我把钱包~咧。
扔	ɛr3	【扔下】放下、丢下:~自己的工作不好好干,要管别人的事呢。
托	tʰuɤ2	【托付】委托。
扛	kaŋ5	拖、拉、拽。~咧几米干脆~不动咧!
扛	kʰaŋ	顶:再这个样子就~不住咧!②碰:把乜~咧一下乜还不愿意咧!
扣	kʰəu5	【子母扣】纽扣的一种,用金属或塑料制成,一凸一凹的两个合成一对。
扣	kəu	【瓦扣扣】膝盖骨。
扣	kʰəu	【打双扣】扑克的一种玩法。
扦	tɕʰiæ̃2	【扦子】竹制或铁制的两头带尖儿的细棍儿,用来织毛衣。迁返tɕʰiæ̃213fæ̃53形容某人心眼儿多,不实在。
執	tʂʅ2	【执席的】筵席上招呼客人吃菜喝酒的人,一般不能入席就座,要站着服务。
掃	sɔu5	【卖扫帚】同“卖鞭杆”。
掃	sɔu3	【扫毛衣】指在秋冬之交将枯枝落叶收拾回来用于烧火取暖。
揚	iaŋ	【扬场】把打下来的谷物、豆类等用机器、木锨等扬起,借风力吹掉壳和尘土,分离出干净的子粒。
扭	ȵiəu3	【七扭八歪】形容不整齐、不端正。
扭	ȵiəu	【扭扭搭搭】扭扭捏捏:让你上台说个话么,还~的不好意思着咋呢。
扯	tʂʰɤ	【拉扯】辛勤抚养:你妈把你们兄弟几个~大真不容易!②领养:实在不生养,不行咧就~上一个。
扯	tʂʰɤ3	【扯呼】打呼噜。
批	pʰi2	【批耳子】耳光:你再胡说,小心有人搧你两个~。
扽	təŋ	【死驴不怕狼扽】形容耍赖皮的样子:给人一个~的架势,你还拿他没办法。②没有别的办法,横下一条心:反正是~咧,走着哪达算哪达。
扽	təŋ5	【拉扽】指人或物被使用:我有我干的呢,再不咧胡~!拉锁儿la213suɤ53r拉链儿。
找	tsɔu3	【找后账】账算清后又来算账:你把账看清楚咧,再不咧~。②事情已过去而又找麻烦,多指事后追究责任的事:事情过
承	tʂʰəŋ	【接承】接受、承担:你要是把这个事情~下咧,你就不咧来找我!
抅	kəu5	用不锋利的刀子来回割。
把	pa	【日把欻】指品行卑鄙之人:老马真格是个~一个。
把	pa3	【二把刀】技术不过关的人:~做下的活给能好?
把	pa2	【把稳】稳当,保险:你早早弄~,不咧到时候再有啥麻达。
把	pa5	【把子】指男性生殖器。
把	~	堵咧,猫还没进来呢。
抓	tʂua	【胡子眉毛一把抓】比喻不问事情的轻重缓急,全部同等对待。
抓	tʂua3	【搲抓】也说“抓搲”。①用手或爪子弄:老实些,手不咧胡~!②比喻着手做某事:学咧个吉他怕是要天天~着呢!
抓	tʂua2	【抓搲】见“搲抓”。
抓	tʂua5	【抓拉】串儿:一~葡萄。
投	tʰəu	漂洗,同“摆衣服”,也叫“投衣服”。②等到(表示时间条件):~你赶着来,黄花菜都凉咧。
抖	tʰəu	打开(包着或卷着的东西):你把包袱~开,看里面都是些啥。②抖落:把衬衣脱咧~一下,看有没有碎头发。③因颠簸而抖动:这半截路把人给~坏咧。④遭遇不测而受不了:这一下就把小伙子给~咧。⑤引申为张扬、张狂:你不咧~咧,看我咋收拾你。⑥引申为暴打:几下子把牙碴给~咧。
折	tʂɤ	(液体)倒过来倒过去:水太烫咧,叫~给一下咧再喝。②(将剩饭剩菜)集中在一起:把桌子上碟子里的剩菜都~着塑料桶里,拿着回去喂猪去。
折	tʂɤ2	【折子】存折。
折	tʂɤ3	【折顺】把事情弄得有条理、有头绪:生意刚开始就是不好做,等~咧就好咧。
折	tʂɤ5	别扭、不顺溜:这个毛衣穿着你身上,咋这么~。
折	ʂɤ	【折本】赔本、亏本:那人奸得连啥一样,~的生意人家能做?
摳	kʰəu2	【抠痒痒】挠痒痒。
掄	lyŋ	因生气而不说话不理睬:人家~咧我好几天咧!
搶	tɕʰiaŋ3	【刁吃抢喝】在食物面前又争又抢,不知礼让。吊长tiɔu44tʂʰaŋ24窄而长。
護	xu5	【护裙子】围裙。
報	pɔu5	【戏报】演出古典戏曲时张贴的海报。
披	pʰei	【散披合掖】形容人穿的衣服或物品的包装松散不整齐。
抬	tʰɛi	吹捧:你给~上几句,乜就不知道姓啥咧。
抱	pɔu5	【五家抱】指玩纸牌“折拐子”时,由原来的3人增加至5人,但玩家的总数量没有变化,只是最先和最后揭牌的玩家分别由1人变成2人,中间揭牌者则只有1人,叫“二脖子”。
抵	ti3	【抵牛儿】两人(物)相克、发生冲突:这两个人经常~着呢。/事情~着就弄不成么!
抹	mɤ	【腻抹】蒙混:如果人不注意,就算~过去咧。②随便不认真地做:上班太忙咧,三顿饭就不知道咋么~着呢。
抹	ma	【五抹六道】形容弄得很脏很乱:你看弄得~的,让人咋收拾呢。
抹	ma2	【抹布】擦器物用的布块。也说“搌布”。
抹	mɤ3	【耍抹子】耍花招:你怕是给人可~着呢吧!
抻	tʂʰəŋ2	伸:把手~出来!
押	ȵia2	把财物交给对方作为保证。
押	ȵia	【押金】做抵押的钱。
抽	tʂʰəu2	【斜抽马道】形容不端正、歪斜的样子。
抽	iəu	从聚拢的一捆中抽取:你去从扫帚里~上一根竹子做个教鞭。
抿	miŋ3	【抿抿失笑】情不自禁地发笑。
抿	miŋ	【抿抿失笑】情不自禁地发笑。
拃	tsa	动词。张开大拇指和中指来量长度:你~给一下,看有多长?②量词,指张开的大拇指和中指两端间的距离:这个刀子有两~多长。
擔	tæ̃5	【一担挑】两人或多人之间,各自的妻子互为姐妹的亲戚关系。
擔	tæ̃	【挑担】姐姐的丈夫和妹妹的丈夫之间的亲戚关系。也说“一担挑”。
擔	tæ̃2	【担待】谅解。
拆	tsʰɛi2	【拆裹】找各种理由推脱。
拆	tsʰɛi	【解拆】用含糊的言语解释:我一问,乜嘴里胡~着呢。②劝慰使其心情轻松:你给~一下,叫不咧多想!
拇	mu	【大拇尕】大拇指。
拇	mu3	【老拇】总共,仅仅:~就这几个钱咧,你还要这要那的。
拉	la	【死狗拉唧】形容流里流气、耍赖皮的样子。
拉	la2	【拉稀】拉肚子。
拉	la5	【拉闲】闲聊:我忙得不行活着呢,乜坐着那达连人~着呢。
拌	pæ̃5	【疙瘩拌汤】形容吃下去的东西使人不舒服。
拌	pæ̃	【摔拌】抓在手里磕打:这个东西牢实得很,那么~着呢
拍	pʰei2	(大雨)淋:往回走的半路上,叫过雨~咧,有些感冒。拍手pʰei213ʂəu53鼓掌:领导讲得好得很,赶紧~。
拐	kuɛi3	【使拐】使坏:这个人不给人~,是个好人。
拐	kuæ̃3	【崽拐】不学好的人:那是个~一个,你小心!
拐	kuɛi	【拐拐】墙壁、桌椅等的角儿:茶杯子放着桌子~上小心跌下去咧着。②街道的拐角处:往前走100米~子上就是邮政局。
拓	tʰa	在文字或图案上蒙一层薄纸,再用笔依照文字或图案的样子把它画出来:照着画不好,干脆~着画算咧。②盖、印:一个申请书上就~咧十几个章子。
拓	tʰa2	【拓章子】盖印章。
拔	pa	【拔筋】习武或学习舞蹈的人尽力舒展筋骨,使柔软。
拘	tɕy2	两手用力将某物向中间挤压,致使物体内部的气体或液体使物品膨胀:差点让这个坏倯把我~得没气咧。
拙	tʂuɤ5	手脚因受冻而不灵活、僵硬:天太冷咧,把人脚都冻~咧。
拚	pæ̃	扔、摔:摔碟子~碗的,给谁出气着呢?②舍弃不顾:老张差点给儿子把命~下咧。《方言》卷十:“拚,弃也。楚凡挥弃物谓之拚。”
招	tʂɔu	【不招嘴】不接话、不搭腔:连那种人~是对的。
招	tʂɔu2	【招呼】招待、照料:家里来咧亲戚总得有个人给~着么!/这老的老,小的小,多亏咧二媳妇子~得好。
拜	pɛi	【礼拜】星期。
拜	pɛi3	【河拜】河堤。
擴	kʰuɤ3	用棍棒一类的物件由上至下地打:他不听话,叫他达~给咧一顿棒。《广韵·没韵》:“苦骨切。去也。”
揀	tɕiæ̃3	【拣菜】摘除蔬菜中不能吃的部分,留下可以吃的部分。简麻tɕiæ̃53ma21身手敏捷灵活。
攔	læ̃	【拦挡】阻挡、阻拦。
擰	ȵiŋ3	【圪拧拧】形容老年人尤其是小脚老太太走路颤颤巍巍的样子。
擰	ȵiŋ	【圪拧拧】形容老年人尤其是小脚老太太走路颤颤巍巍的样子。
撥	pɤ	【指拨】指教、调教:娃娃碎着不懂事,你要多~呢。
撥	pɤ2	【拨摆】摆布:你总有脑子呢么,就听人的~着呢!
拱	kuŋ3	【拱北】伊斯兰教先贤陵墓。
拳	tɕʰyæ̃	【划拳】猜拳。是指双手同时伸出手指各说一个数,谁说的数跟双方所出手指的总数相符,谁就算赢。
拴	ʂuæ̃2	【拴媳妇子】订婚。
拼	pʰiŋ5	【七拼八凑】各方面拼凑:出咧这个事,大家~给帮一下子。
拽	tʂuɛi5	给、塞:我说我不要,人家硬~给我20块钱。
拾	ʂʅ	【拾掇】打扫、整理:你看乜家把家里~得好嘛!②修理:这个收音机坏咧,寻个人给~一下。③惩治:你再这么弄,迟早就让公安局给~咧。
拿	na	【大拿儿】在某方面自我感觉良好、自以为是的人:你不咧在这儿耍~咧,比你强的人多的是。
挂	kua5	在集市上以低于零售价的价钱购买物品:(做小买卖的)~上些西红柿卖去,看能长些钱嘛。
挂	kʰua5	【挂搭】联系、交往:你乜办法大,咋么连当官的~上咧。
挂	kua	【揲挂】同“揲”②。
挂	kua2	【挡挡挂挂】碍手碍脚:房里太碎咧,做啥去~的不展脱。
挄	kuaŋ3	用铁锹铲:雪把门都堵咧,赶紧拿铁锨~给一条路。
指	tsɿ2	【指头】特指手指。脚趾说成“脚指头”。
指	tsɿ	(手指头、物体前端)向着;对着:他往远处一~。②仰仗、依靠:我还~你着给我出力呢。③过继:把老二~给他外奶家叫顶门门子去。
指	tsɿ3	【指拨】指教、调教:娃娃碎着不懂事,你要多~呢。
指	tsʰɿ3	【六指儿】长了六个手指头的手。②长了六个手指头的人。
指	tsʰɿ	【六指指】同“六指儿”。
按	næ̃3	用在时间词前面表示不能超过规定的时间:这个文件,~明儿个下午要发下去。
按	næ̃5	【按巧】碰巧、正好。
挎	kʰua2	【踢里挎塌】摞着的东西(纸箱之类)倒塌的声音。
挑	tʰiɔu3	【一担挑】两人或多人之间,各自的妻子互为姐妹的亲戚关系。
挓	tʂa	(脖子)伸直:脖子~咧半天咧,困得很!②用力伸直致使筋骨拉伤:抬东西时把筋给~咧。
挖	va2	【挖苦】痛苦、磨难:你可是不知道前些年的那些人的~。②用语言刁难、贬损某人:见面就是个~人,再不知道干啥!
攣	luæ̃	【嘟挛】量词,多用于让人感觉不舒适并产生厌恶的一堆或一簇。
攣	luæ̃2	【胡打挛挛】言语模棱两可、不确切:我一问,嘴里~着呢。
撓	ʐɔu3	本义为烦乱,引申为挥动、晃动:他给我~咧一下手就走咧。《说文·手部》:“扰也。”
擋	taŋ3	【至挡】形容程度达到极点:他把钱全拿着去~咧么,还要咋么呢!
擋	taŋ5	【搬挡】客气、谦虚、推辞:让你吃你就吃,再不咧~咧。
掙	tsəŋ5	用力过度使机体某部位受伤:慢些弄,看把人给~咧着。
擠	tɕi3	【挤眼】眨眼:一~的时间人就不见咧。②使眼色:给人家咋~,人家就是不管。
挨	nɛi	【挨不住】忍受、经受不住(刺激或伤痛):你
挪	nuɤ2	【鸡窝挪鸭窝】比喻虽然有了变动但工作或命运没有多大改观。
挹	iɛ2	【碌碡挹到半山上】比喻事情发展到非常关键的地步。
挹	iɛ	舀、灌:要停水咧,给水缸里把水~满。②拖、拉、牵引:让人~上耍去咧。《说文解字注》:“挹彼注兹。”
挼	ʐua	【咕挼】轻微地咀嚼:放着嘴里~一下算咧。
捉	tʂuɤ	【捉鳖】一种棋类游戏。
捋	ly3	用手指顺着抹过去,使物体顺溜或干净,或手握条状物向一端滑动:把(揉皱的)纸~顺咧再写。/~上一把榆钱子。《说文·手部》:“~,取易也。”《广韵·末韵》:“郎括切。手~也,取也,摩也。”
捍	xæ̃5	【捍时三分】立刻、很短的一会儿。
捎	sɔu2	【捎话带信的】又是书信又是口信,形容非常紧急地催促。
捎	sɔu	迅速擦过:鞭子尖尖刚~上,脸上就一道血印子。
捏	ȵiɛ2	【捏下的撮撮】暗地里早就定好的:这一次分房子,都是领导~。
撈	lɔu	【没枣儿捞】同“没戏唱”。②没什么好处能得到:一看~咧,转身就溜咧!
損	suŋ3	不结实:现在的东西越做越~咧,一点都不牢实。
搗	tɔu	【戏捣】戏弄:三~两~小心~燥咧着。
搗	tɔu3	【胡日鬼捣棒槌】不干正经事。
捩	liɛ	拧、扭转:胳膊给能~过大腿。②扭伤:狗娃媳妇把胳膊~咧,不能做饭。《广韵·屑韵》:“练结切。拗捩,出《玉篇》。”
据	tɕy	【立字据】为某种交易或承诺写下文字凭据。
捶	tʂʰuei	【打捶】打架:街上今儿个有人~着呢,你看乜没人敢拉。
捷	tɕiɛ	【打捷路】抄近道:你~走,看能追上他吗。
捻	ȵiæ̃	【机捻】机灵、精明:你不咧看乜碎着呢,那~得很!
捻	ȵiæ̃3	【油干捻子尽】指全部消耗完,一无所有。
捼	vɤ2	手用力使物体弯曲:用细钢筋~上个脸盆架子。《广韵·灰韵》:“乃回切。手摩物也。”
掀	ɕiæ̃2	推、搡。
掂	tiæ̃	用手拿起物品估量轻重:你~一下,看有二斤吗?②用手托着:那个人手里~咧个十几斤重的大洋芋。
掂	tiæ̃2	【掂检】掂量、检查。
掇	tuɤ	【拾掇】打扫、整理:你看乜家把家里~得好嘛!②修理:这个收音机坏咧,寻个人给~一下。③惩治:你再这么弄,迟早就让公安局给~咧。
掉	tʰiɔu5	【掉个过儿】掉换位置:你连他~照出来就好看咧。
掌	tʂaŋ3	【脚掌子】脚接触地面靠前的部分。
掏	tʰɔu2	【日娘掏老子】用不文明的语言辱骂。
掐	tɕʰia2	【掐指头】掰手指头计数。
排	pʰɛi	【编排】添油加醋、夸大其辞地向别人描述某人或某事:姓张的没少在其他人跟前~我。
掖	iɛ	【背搭掖手】手背在后面非常悠闲自在的样子。
掛	kua5	【一百掛零】比一百多,但不超过一百一十。
掠	lyɤ2	用扫帚或笤帚在表面轻轻扫动,将杂物汇聚一处。要来人咧,赶紧把院里的杂细~给一下。
掠	lyɤ3	用棍子、鞭子或手掌打:他的嘴犟得不行,让人家~给咧几个批耳子。
掣	tʂʰɤ5	【掣角子】长方形或正方形的框角不正。
接	tɕiɛ2	【接承】接受、承担:你要是把这个事情~下咧,你就不咧来找我!
控	kʰuŋ5	使容器的口儿朝下,让里面的液体慢慢流出流尽。
推	tʰuei	【一推六二五】遇事推诿,不愿承担任何责任(由珠算口诀“一退六二五”变来)。
推	tʰuei2	【推子】理发工具。有上下重叠的两排带刃的齿儿,使用时上面的一排齿儿左右移动,把头发剪下来。
掩	iæ̃3	【掩棺】死者入殓后将棺材盖钉严实。
掭	tæ̃5	用毛笔蘸墨后斜着在砚台上理顺笔毛或除去多余的墨汁:把笔~一下再写。
掰	pei2	用手把东西分开或折断。
摻	tsʰæ̃2	【掺言】插嘴。
揄	təu5	【没手揄】没办法:事情到这一步天地,真个叫~咧。
揉	ʐəu	【揉面】揉搓面团使之有筋骨。
描	miɔu	【描红】是我国传统的习字法,指在印有红色字或空心红字的纸上摹写。
提	tʰi	【提起笸篮斗动弹】比喻不是就事论事而是有关无关的事统统都拉过来谈说:哎呀呀,你一下就~,说那么多做啥呢!
插	tsʰa2	【插插】衣服上的口袋。
插	tsʰa	【插插】衣服上的口袋。
揙	piæ̃	吃(含贬义):二话没说,~咧一肚子走咧。②击打:王五身上让人~给咧几刀子。③插、别在(腰间):不等你说话呢,乜家可加已经~上走咧。
揣	tʂʰuɛi3	摸:我~咧一下他的额胪烫得很,怕是感冒咧。
揭	tɕʰiɛ	肩扛、背负:一麻包东西手提上吃力得很,你还是~上好。起来tɕʰiε53lεi21起立。
揰	tuŋ	使脏乱:你看把卫生间~成个啥样子咧!②闯祸:这一下把麻达~下咧,看咋收场呢。
揲	tiɛ	打:说错咧一句话,就让人家~咧一顿。②难住(某人):这么一点碎事情就把你给~住咧,能做啥!也说“揲挂”。
揳	ɕiɛ2	把楔子、钉子等锤打到物体里面:给窗子~上几个钉子就紧成咧。
攬	læ̃	用器具将散放的东西收拢并移走:你给咱们~上些锯末子,拿我煨炕。②拉到自己这方面或自己身上来:再不咧把责任胡乱往自己身上~!
攬	læ̃3	【揽承】承担、承揽。
摟	lau5	【圪搂】在别人身上抓挠,使发痒:你再不咧~我唦!圪搂洼kɤ213lau24va44腋窝。
攪	tɕiɔu3	【一个锅里搅过勺】比喻关系非常亲密,好像一家人:这个人连我~。
攪	tɕiɔu	【圪搅】干扰:只要是他在里头不咧~咧,就啥事没有。圪叭叭kɤ213pa53pa24清脆的响声:手指头捏得~地。
攪	tɕiɔu2	【搅打】打扰:这几天把亲戚给~得劲大咧。
搊	tsʰəu2	手向上方、斜上方用力扶或推搡:你先~住些,我换个手。《广韵·尤韵》:“楚鸠切。搊,手搊。”
搌	tʂæ̃3	【搌布】抹布:把~拿洗洁精好好摆一下,腻得很!占tʂæ̃44男青年定下亲事。
搐	tʂʰu2	用绳子捆绑吊在空中:叫他大~着起来给打咧一顿。
搓	tsʰuɤ	【挼搓】(指对人)折磨。
搓	tsʰuɤ2	【搓澡】洗澡时搓去皮肤上的污垢。
搔	tsɔu2	【搔痒人】挠痒痒。
搛	tɕiæ̃2	【搛菜】用筷子夹菜。
搞	kɔu3	【搞娃娃】带小孩。
搡	saŋ3	【囊搡】窝囊。
搪	tʰaŋ5	【胡搪】胡说:那满嘴~着呢,你信他的呢!
搪	tʰaŋ	【打郎搪】不重视、不当一回事:这可不是~的事。
搬	pæ̃2	【搬手腕】两人手握在一起较量,看谁的手腕力气大:咱两个~,谁赢谁去。
搭	ta	【自搭】自从:~明儿起,你就不咧再来咧。
搭	ta2	从(介词),后跟表示处所的名词,表示方位,处所:~这搭走北京,坐火车方便。/~桥上过去就是的。
搲	va3	【吃干搲尽】指不留任何东西(含贬义):几下子~,生怕有人抢咧他的。
搲	va	【急燎失搲】形容非常着急的样子:~地,没勺舀(意为抢吃抢喝)咧。
搲	va2	用手或爪子撕抓:心里就像有个猫~着呢,难受得很。《广韵·祃韵》:“乌吴切。吴人云,牵亦为~也。”
摆	pɛi3	【拨摆】摆布:你总有脑子呢么,就听人的~着呢!
摆	pɛi	【争摆】争取:该~的还是要~一下呢!
摇	iɔu	【地摇】地震。
攤	tʰæ̃2	【臊摊子】搅和使正常的事情无法进行:你这是做啥着
攤	tʰæ̃	【笑摊】同“笑话①”。
摌	tʂʰæ̃	做、干:这些活我~咧整整一个晚上才弄成。②纠缠、动手打骂:这个小伙子动不动就连人~开仗咧。《广韵·产韵》:“所简切。以手亥物。”
摔	ʂuei2	【摔拌】抓在手里磕打:这个东西牢实得很,那么~着呢
摞	luɤ5	【压摞摞】一个压着一个:文件多得~着呢。
摞	luɤ	【压摞摞】一个压着一个:文件多得~着呢。
摸	mɤ	【瞎子摸瘸子】一种儿童游戏。由一人蒙眼扮演瞎子,来摸绑着腿扮演瘸子的玩伴,抓住即算赢。
摸	mu3	【觉摸】感觉、觉得:投他~,你怕都吃完咧。
撂	liɔu	扔、掷:隔着墙撇石头~瓦渣地,要干啥呢?②丢失:他把100块钱~咧。③留下:我可把话~着这儿,你们看着办!
撆	piɛ2	打:娃娃逃学呢,让大人拉住给~咧一顿。《说文·手部》:“~,别也。一曰:击也。韵会作去也,一曰拂也。”
撇	pʰiɛ	【八字没见一撇】比喻事情还没有什么眉目。
撇	pʰiɛ2	【撇溢溢地】形容敞口容器里的液体非常满,好像马上要流出似的。
撇	pʰiɛ3	【撇溢子碗】碗口像喇叭一样的敞口碗。
撑	tsʰəŋ2	使张开:我拿铁锨铲,你~开袋子,一会会就弄完咧。
撒	sa5	【撒粪】把牲畜圈、厕所里起出来的大块土粪和腐烂的粪便打碎,再用铁锹把打碎的粪土撒在锥形的粪堆上,这样细土细粪便堆积如山,尚未打碎的粪便和土块便又溜下来,继续把它们用刨子打碎,这样反复直到粪土变细为止。
撞	tʂʰuaŋ	碰撞(身体接触):谁又没~,咋自己跌倒咧?②碰到、碰见:刚出门就~上老张咧。
撤	tʂʰɤ3	【撤活】走开、离开:赶紧~,迟一点就走不起身咧。
撩	liɔu2	【撩攣】做、干:你总把那~着呢么,就定定地等我着呢!撩承liɔu213tʂʰəŋ21准备(做):刚~着走恰,你就来咧。
撮	tsuɤ3	【捏下的撮撮】暗地里早就定好的:这一次分房子,都是领导~。
撮	tsuɤ	【捏下的撮撮】暗地里早就定好的:这一次分房子,都是领导~。
撮	tsʰuɤ2	动词,用锹或簸箕把东西聚在一起。
攆	ȵiæ̃3	【狗撵兔】指本应是对称的物品,结果朝向一个方向,就像一个赶着一个似的:窗花贴反了,本来应该是头对头,结果贴成咧个~。
攛	tsʰuæ̃2	从旁鼓动人(做某事),怂恿。经不住他在一傍个的~,我还是听咧他的。/那个人本来好着呢,硬叫人~着变咧。
擀	kæ̃3	【擀杖】擀面杖。
擂	luei	【大擂捶】物品形体大。
操	tsʰɔu2	用锹将物品铲起。
擔	tæ̃5	(人或物品不离地)被拽、拖。
擻	tʰəu5	用火钩插到火炉里来回抖动,让炉灰掉下去:把炉子好好~一下,让火再旺些。
擤	ɕiŋ3	【没鼻擤】没办法、无能为力:看来看去是~!
擦	tsa	【耳擦洼】耳朵背后靠近耳垂的地方。
擦	tsʰa2	【擦尻子】擦屁股。②比喻替他人处理遗留问题:这~的事都让我干咧!
擩	ʐu	塞:~给咧两万块钱,就把事办咧。《广韵·遇韵》:“而遇切。手进物也。”②拄:他外爷~下个洋拐棍子。
攢	tsæ̃3	【攒劲】指人在体质、品行、做事等各方面表现优秀。
攢	tsʰuæ̃	集中起来:用笤帚把地下的瓜子皮扫~。②量词,堆儿:小气得很!就给咧这么一~~。
攣	luæ̃	【撩攣】做、干:你总把那~着呢么,就定定地等我着呢!撩承liɔu213tʂʰəŋ21准备(做):刚~着走恰,你就来咧。
攣	luæ̃2	做、干:不知道整天价~啥着呢,真是个胡~~。
攮	naŋ3	用锋利的器具戳、扎。
支	tsɿ2	打发,支使:叫乜(别人、人家)去呢,乜还~不动弹。
支	tsʰɿ	【支长嘴】在某事上多嘴:这事怨我,是我~咧。
收	ʂəu2	【收就】获取、收集:我看你都~下些啥烂东西。②收留:多亏乜~我,不然的话我早死咧。
改	kɛi3	【改锥】螺丝刀。
攻	kuŋ2	【攻榜】供子女上学:老张一连~咧四个娃娃,明显老咧一截子。
放	faŋ5	【没夜处放光】不需要光的时候发光,比喻某人做事只会说空话,没有实际作用。
故	ku5	【利故意子】有意、故意:~哄人着呢!
故	ku3	【故经】故事。碎时候大人给我讲得~多得很!
敵	ti	【不敌】不如:旦是这么个咧,~你走着去算咧。
救	tɕiəu5	【搭救】帮助人脱离危险或灾难。幸亏有人~,不然早没事咧。
教	tɕiɔu	【指教】指指点点让某人做某事(含贬义):~过来~过去的,谁是你的佣人!
敞	tʂʰaŋ3	【敞胸露怀】不系衣扣并露出胸脯,显得不正式、不雅观。
敢	kæ̃	【不敢】没勇气、没胆量:说来说去~上去。②不能:~叫他来,他来咧我咋么办呢!
散	sæ̃5	【泼散】当地习俗。指逢年过节或上坟时,将家中带来的食物抛撒在空中或土地上,以示对神鬼的敬畏和对死者的纪念。
散	sæ̃3	【散饭】一种面食。通常是等米粥熬好后,将豆面或其他杂粮面放入,做成的比较黏稠的食物。
敬	tɕiŋ5	【吃敬】主观地认为应受别人的尊敬:看把你给~的,你又不是谁的上姑舅。
數	ʂu	【路数】方式、方法:晓得咧做啥的~,做啥去就快咧。②底细:不知道乜都是啥~。
敲	tɕʰiɔu2	【敲打】教育,教导:娃娃几天要是不~,就了不得咧。悄着tɕʰiɔu213tʂɤ21住口、别吵闹。
整	tʂəŋ3	【胡整】同“胡弄”。
敹	liɔu2	粗略地缝。《广韵·萧韵》:“落萧切。”
文	vəŋ	趁、抓紧:~热着赶紧喝咧去,凉咧就不好喝咧。
齋	tsɛi	【开斋】伊斯兰教徒结束封斋。②形容改善伙食。
齋	tsɛi2	【开斋节】伊斯兰教的节日。
斑	pæ̃	【鞋底斑】多足,生活在湿热环境中像鞋底形状的小虫子。鞋楦子xεi24ɕuæ̃44tsɿ21做鞋时所用的模型,多用木头做成。
斗	təu3	【提起笸篮斗动弹】比喻不是就事论事而是有关无关的事统统都拉过来谈说:哎呀呀,你一下就~,说那么多做啥呢!
斗	təu5	【斗鸡】一种两人或多人玩的游戏。玩时一条腿站立,另一条腿弯曲并将脚踝用手抱住,然后跳着用膝盖互相碰撞,双脚先着地者为负。
料	liɔu5	【胡吹冒料】胡说,吹牛皮:那个人成天~地,我一点都不爱。
斜	ɕiɛ	【斜王旁】汉字的偏旁名称,如“珍、现、瑶”等字的左偏旁。
斤	tɕiŋ	【平斤】削平木料的工具,柄与刃具相垂直呈丁字形,刃具扁而宽,使用时向下向里用力。
斧	fu3	【偏刃子斧头】木工专用斧头,用来取直。引申为偏心:弄啥要一碗水端平呢,不咧~砍咧!
斷	tuæ̃5	【不断涎】形容络绎不绝的样子:这几天家里的亲戚~地来着呢。
斷	tuæ̃	驱赶:那个人没票想坐车,结果让人家给~下来咧。/把人~得跑趟子呢。②按批发价购买:这是老张~堆堆弄来的。
新	ɕiŋ	【耍新媳妇儿】同“耍床”。
方	faŋ	【地方】位置:你能找到~吗。②院落、住所:趁有钱呢赶紧在宽展处给自己拾掇个~。
方	faŋ2	【方子】办法。②特指药方。
施	sɿ	【随心布施】按照自己的意愿捐款捐物。
旁	pʰaŋ	【提土旁】汉字偏旁名称之一,如“地、城”的左偏旁。
旁	pʰaŋ2	【旁人】别人:你又不是~,还客气个啥。
旋	ɕyæ̃	【单旋儿】头顶头发只有一个旋涡。
旋	ɕyæ̃5	用车床或刀子转着圈地削:又没~你的肉,你叫唤啥呢。
旗	tɕʰi	【亡命旗旗】同“亡命牌”。
無	vu2	【无巴里】可怜、值得同情。来自阿拉伯语。
無	vu	【无常】当地回族对死亡的避讳说法:今儿早上你二大~咧。
日	ʐ	前缀。可构成形容词和动词,多为贬义。②性交。
日	ʐʅ	【日屄】性交。
日	ʐʅ2	【日把欻】指品行卑鄙之人:老马真格是个~一个。
日	ʐl	【主玛儿日】礼拜的日子。来源于阿拉伯语。
日	ʐl̩2	【好日子】同“好天气”。②民间认为吉利的日子,适宜建房、结婚等活动。
旦	tæ̃5	【花旦】戏曲中旦角的一种,扮演性格活泼或泼辣的女子。
旦	~	咧,你就叫唤。②指忍受不住(刺激或伤痛)的人:这么点事情你就受不了咧,你真格是个~一个。
舊	tɕiəu5	【自来旧】指新买的衣服或做衣服的布料颜色不好,显得陈旧:我看不上那个衣裳,看上去有些~么。
早	tsɔu3	【早已】以前或某一时间之前:~他还碎的时候,他大就没咧。也说“早先”。
旮	kɤ2	【旮旯】角落。
旯	lɔu	【旮旯】角落。
旱	xæ̃5	【小家旱气】同“小家子”。
時	sɿ	【时节】时间:这么弄就太费~咧。②季节:你不看啥~咧,还穿下个单衫子!
旺	vaŋ5	【土旺】指立春、立夏、立秋、立冬四节气之后的十八天。迷信的人认为这期间不能随意挖土或建房。
明	miŋ	【大明大亮】公开地:这个事你就~地弄去,没人说你啥!②无所顾忌地:人家~地喊着呢,证明事情已经定下咧!
明	miɛ	【明儿】明天。
昏	xuŋ	【日昏阳昏】形容不知时间迟早、糊里糊涂的样子:成天价~的,不知道要弄啥呢!
星	ɕiŋ	【贼星】流星。
星	ɕiŋ2	【星宿】星星
春	tʂʰuŋ	【立春】节气之一。通常说“打春”。
春	tʂʰuŋ2	【打春】立春。
是	sɿ	表判断:我~个语文老师。②表存在:山上长的全~松树。③用在句首,表强调:是你给他说下的?④在上半句里,用在相同的动词、形容词中间,表让步:去~去呢,看谁来请我呢。/耍~耍,你可不咧把正事忘咧。
是	sɿ5	【是非】矛盾、纠纷:你再不咧惹那些~咧,还不嫌乱吗!②搬弄口舌:这个人到底~得很!
是	sɿ2	【当是的】正是的。
晝	tʂəu5	【连明昼夜】夜以继日。
晃	xuaŋ	【野晃晃】形容某人个子长得非常高:乜家的个儿子长得~地。
晌	tʂʰaŋ	【后晌】一般指下午3点至5点的这段时间。
晌	ʂaŋ	【三天两后晌】指学习或做事缺乏恒心,时常中断,不能坚持。
晌	ʂaŋ3	【晌午】中午。
晏	iæ̃5	【晏驾】皇上去世。常在地方戏曲中使用。
曬	sɛi5	【晒暖暖】晒太阳。
曉	ɕiɔu3	【晓得】知道。
晚	væ̃3	【早晚】迟早、随时:~你去人都在呢!
景	tɕiŋ	【一道光景】一去没有踪影:星期六耍咧个~不着家,你还有理咧!
晶	tɕiŋ5	【水晶包子】水煎包子。肉馅,皮薄无褶,用平底锅煎熟即成。
晾	liaŋ5	【晾到干滩上】撇在一边受冷落,无人理睬。
暍	ɕiɛ2	靠近火(使)烤:麦草摞着火咧,~得人不能到跟前去。《广韵·月韵》:“于歇切。伤热。”
暑	ʂu	【大暑】节气之一。
暖	nuæ̃3	【土暖】冬季用来取暖的小型锅炉。
暖	nuæ̃	【晒暖暖】晒太阳。
暗	næ̃3	在不为人知的情况下准备并伺机行动:~咧多少天,今儿个给~住咧。
暗	næ̃5	【暗锁】锁体的主要部位装在被锁物体内部的一种锁。
暮	mu5	【暮囊】慢慢腾腾、啰里啰嗦。赶紧走唦,咋这么~的个人!②麻烦的事。这一下把~弄下咧。
暴	pɔu5	【恶风暴雨】暴风骤雨。
曲	tɕʰy2	【曲蟮】蚯蚓。
曲	tɕʰy	【狗曲刺】野枸杞。
月	yɤ	【这个月】这一个月,本月:~的电话费不知道交咧吗。这不交tʂʅ44pu21tɕiɔu24这不是嘛:~,在车里头坐着呢!
月	yɤ2	【月婆子】生下小孩未满一月的妇女。
有	iəu2	【有理霸道】强词夺理。
有	iəu3	【有咧】有身孕。
服	fu	【五服】五辈以内的亲属:~还没出呢,就是一家人。
朝	tʂʰɔu	(介词)向,往:耍着呢没防住~头上一石头。/~东傍个再走上100米。
木	mu	【立木】盖房子时举行的仪式,指墙砌好后往上架梁的活动,常要在梁上拴上大红的被面子,然后燃放花炮,以示吉利。
木	mu5	【木锨】农具,碾扬粮食时常用:△老鼠拉~呢——大头在后头呢。
未	vei5	地支的第八位,代表动物是羊。
末	mɤ3	【锯末子】锯木头时掉下来的细末和碎渣。
末	mɤ2	【末末孙】未出五服的重孙的儿子。
末	mɤ	【末末孙】未出五服的重孙的儿子。
本	pəŋ3	【折本】赔本、亏本:那人奸得连啥一样,~的生意人家能做?
朶	tuɤ	【耳朵眼】耳垂上打的小眼儿,用来佩戴耳环等装饰品。
機	tɕi2	【机砖】用机械制作的砖。
機	tɕi	【锁边机】将布料的毛边用线缝合使不再掉线头儿的机器。
殺	sa	使人或动物失去生命。②用食盐将蔬菜的水分分离出来:胡萝卜切成丝让盐~一阵子。③植物遭霜打。霜~罢白菜上的蚊虫就死咧。
殺	sa2	【杀场】旧时执行死刑的刑场。
雜	tsa	【五谷杂粮】泛指粮食作物。
雜	tsa2	【杂蔑子】细小:一点~事情还当大事着弄呢。
杆	kæ̃3	【二杆子】指做事缺乏考虑,好感情用事,办事鲁莽的人。
杆	kæ̃	【笔杆杆】笔杆儿。
杆	kæ̃2	【杆杆子】杆子。②领头的、拿主意的:你走咧,谁给我们主~呢。
杆	k	【杆杆子】杆子。②领头的、拿主意的:你走咧,谁给我们主~呢。
杈	tsʰa	【七股八柯杈】这儿一枝那儿一枝的,形容零乱不整齐。
杈	tsʰa2	一种农具。长柄,顶头有二、三、四、五股略弯的长杈,用来挑柴草。
李	li3	【李子】普通水果,球形,黄色或紫红色,味酸甜。△桃饱杏伤,~树底下送丧。
杏	ɕiŋ3	【甜核杏儿】仁儿不苦的杏子:上树摘上几个大~吃去。
材	tʂʰæ̃	【棺材瓤瓤子】上年纪之人的自称。②对上了年纪之人的谑称:眼看着成~咧,还硬挣着呢。
杖	tʂaŋ	【擀杖】擀面杖。
杞	tɕi	【枸杞子】落叶灌木,经栽培也可成小乔木状。茎直立,主枝粗壮,果枝细长,先端通常下垂,刺状,枝短而细。单叶互生或数片丛生于短枝上,叶子披针形。花淡紫色,浆果熟后红色。叶入药叫精草,花入药叫长生草,根入药叫地骨皮。②这种植物的果实,是宁夏“五宝”中的“红宝”。色泽红润鲜艳,粒大肉厚,是一种名贵中药材,具有补精益气、明目安神之效。
杠	kaŋ5	【插咧一杠子】事情发展过程中有人意想不到地插手干涉:事情本来好好地,他~以后就不对咧。
杠	kaŋ	【画杠杠】本义为划直线,比喻确定一个类别界限:这一回集资房不知道咋么~呢。
條	tʰiɔu	【石条】加工后呈条状的石头。
條	tʰɔu	【树条子】树木的枝条。也说“树股子”。
來	lɛi	【自来旧】指新买的衣服或做衣服的布料颜色不好,显得陈旧:我看不上那个衣裳,看上去有些~么。
楊	iaŋ	【蹿天杨】杨树的一种,长得又直又高。
杯	pʰei2	【茶杯子】茶杯。
杯	pei2	【杯杯子】小杯子、小酒盅:喝求咧几~马尿尿(特指啤酒),就在这儿耍二呢。
杯	pei	【杯杯子】小杯子、小酒盅:喝求咧几~马尿尿(特指啤酒),就在这儿耍二呢。
杯	pʰei	【酒杯子】喝酒杯子的通称。
杰	tɕiɛ	【杰物】不同于一般人的人(含贬义):咋么养咧这么个~,害死人咧!
杵	tʂʰu3	【日杵怪】模样古怪、搞笑之人:这是个~一个,你说失笑吗不失笑。
松	suŋ2	【松活】轻松:娃娃工作咧,你就能~一下咧!②病情好转:好好休养,慢慢就~咧!
松	suŋ	【松松垮垮】结构不坚固,不紧密:砖墙砌得~的,风一吹就倒咧!②懒散、松懈、不紧张:一天~,哪达像个考大学的!
板	pæ̃3	【屄板子】阴户。
板	pæ̃	【牐板子】人拉车车厢上的挡板。
枉	vaŋ	【枉亏】冤枉、吃亏。
枕	tʂəŋ3	【耳枕】一种枕头,中心有拳头大小的洞,侧睡时一耳正在洞中,可避免耳朵被挤压。
果	kuɤ3	【果木】水果。
果	kuɤ	【人参果】同“蕨麻”。
棗	tsɔu3	【没枣儿捞】同“没戏唱”。②没什么好处能得到:一看~咧,转身就溜咧!
槍	tɕʰiaŋ	【武马长枪】声势大,来势猛:麻达咧,乜~的弄人来咧。
架	tɕia5	【梯架】梯子:墙高着上不去,你去拿个~去。
架	tɕia	朝、从:叫人~头上一砖头。②往火炉里添煤:给炉子里再~些炭。③生火:天冷咧,怕是要把炉子~上咧。
枸	kəu3	【枸杞子】落叶灌木,经栽培也可成小乔木状。茎直立,主枝粗壮,果枝细长,先端通常下垂,刺状,枝短而细。单叶互生或数片丛生于短枝上,叶子披针形。花淡紫色,浆果熟后红色。叶入药叫精草,花入药叫长生草,根入药叫地骨皮。②这种植物的果实,是宁夏“五宝”中的“红宝”。色泽红润鲜艳,粒大肉厚,是一种名贵中药材,具有补精益气、明目安神之效。
柔	ʐəu	脆的食物变得柔韧:炒下的花生受潮~咧。②性格温顺:这个人性子就~得很!
櫃	kuei5	【大立柜】大衣柜。
柬	tɕiæ̃3	【粮食柬柬】收割麦子等粮食作物时,边割边捆扎的小捆。
柬	tɕiæ̃	【粮食柬柬】收割麦子等粮食作物时,边割边捆扎的小捆。
柯	kʰy5	【七股八柯杈】这儿一枝那儿一枝的,形容零乱不整齐。
柱	tʂu5	【土柱】立在墙体里面用来支撑房梁的柱子。
柴	tsʰɛi	烧火用的木质或草质燃料。②指肉或蔬菜吃起来感觉不嫩。
樹	ʂu5	【树苗子】树苗。
栗	li	【毛栗子】栗子树的果实,小坚果,包在半圆形的壳内。当地不出产,市场有售。
樣	iaŋ5	【一尿样】一个样(含贬义):我看是把猫儿叫咧个咪咪,还不是~!
樣	iaŋ	【走样】变形、失去原样:咋么话传到你跟前就~咧。
核	xu	【利核子】与“粘核子”相对,指核果的核与果肉自然分开:秦安桃大部分都是~的。
核	xy	【卡卡核桃】指核桃仁卡在核桃壳里面不容易取出的核桃:△~要砸着吃呢。
根	kəŋ2	【耳根子软】形容非常容易听信别人的话。
根	kəŋ	【一根筋】想法简单、死板:弄信啥不能~,要想周全些。②比喻头脑不开窍、爱认死理的人:你咋么是个~唦!
格	kɤ	【真格】的确,实在。
格	kei	【隐格子】小孩初学毛笔字时放在纸下模仿着写的字样子或“田字格”“米字格”等。
栽	tsɛi3	【圪栽栽】(走路)不稳当。
栽	tsɛi	【圪栽栽】(走路)不稳当。
桃	tʰəu	【卡卡核桃】指核桃仁卡在核桃壳里面不容易取出的核桃:△~要砸着吃呢。
桃	tʰɔu	【黑桃尖子】扑克牌中的黑桃“A”。黑糊糊xei213xu53xu21光线黑暗。
桄	kuaŋ2	【阿得个桄桄】表示惊讶时发出的叫声。
桄	kuaŋ	【阿得个桄桄】表示惊讶时发出的叫声。
桄	kuaŋ5	【桄子】量词,用于线:那么大的个毛衣拆咧就绕咧这几~线。
框	kʰuaŋ	【方框儿】汉字偏旁名称,如“固、围、圈”等字的外围。
框	kʰuaŋ5	【框子】镶在器物的外围有支撑或保护作用的边儿。
桌	tʂuɤ2	【桌桌子】桌子。
桌	tʂuɤ	【桌桌子】桌子。
橋	tɕʰiɔu	【奈何桥】传说中阳世间通往阴曹地府的独木桥。据说此桥狭窄,下有血河。生前为善者可顺利通过,再投生为人;生前作恶者则坠入河中,被恶鬼毒虫所食。
樁	tʂuaŋ	【尾巴骨桩子】尾骨。
樁	tʂuaŋ2	
桶	tʰuŋ3	【老屁桶】同“老倯”。
梁	liaŋ	【鼻梁子】鼻梁骨。
梁	ȵiaŋ	【脊梁骨】脊椎骨。
梆	paŋ2	【三锤两梆子】比喻做事干脆利落。
梓	tsɿ3	
梢	sɔu2	【树梢子】树梢儿。
梢	sɔu	【喝梢】一种儿童游戏。也说“打尜儿”。
夢	məŋ5	【席梦思】用海绵弹簧制成的床垫。
夢	məŋ	【梦睡梦】做梦。
梨	li	梨树的果实,秋末成熟。一般顶大尾小,表皮呈黄绿色,味酸甜,是普通水果。
梯	tʰi2	【梯架】梯子:墙高着上不去,你去拿个~去。
梳	ʂu2	【梳子糖】用麦芽糖稀做成的糖,因外形像梳子,故名。熟脓ʂu24nuŋ24伤口溃烂流出脓血。
檢	tɕiæ̃3	【掂检】掂量、检查。
棉	miæ̃	【棉帽子】棉帽。
棍	kuŋ5	【鼻粘住棍】鼻涕粘在棍子上,喻指缠绕、附着在上面,难以摆脱。
棍	kuŋ	【拐棍子】拐棍儿。
棍	tuŋ5	【搅屎棍】比喻干涉、破坏某事的人。
棒	paŋ5	【胡日鬼捣棒槌】不干正经事。
棒	paŋ2	【绞棒子】使捆绑大件物品(多为较重或易散的)的绳索更紧一些的小棍子:多准备些~,一下子捆紧成。②比喻给某人增加压力:这个人就是要上~呢,要不然就没是不行。
棒	paŋ	【电棒】日光灯管。②电警棍。
棚	pʰəŋ	【棚木】建房时横搭在门、窗上方墙上的木板或水泥板。
棱	ləŋ	【垐不棱瞪】形容愚笨、呆傻的样子:那个人看上去~地,能干个啥!
棱	laŋ	【圪棱】路面或路面上的土、冰雪受车辗压形成的起伏不平的形状:一个~连着一个~,难受得很。
棱	ləŋ2	【棱棱子】物体的边角。
棵	kʰuɤ3	量词(用于植物)。
棺	kuæ̃2	【掩棺】死者入殓后将棺材盖钉严实。
棺	kuæ̃	【棺材瓤瓤子】上年纪之人的自称。②对上了年纪之人的谑称:眼看着成~咧,还硬挣着呢。
椒	tɕiɔu	【花椒】常用的调味香料之一,是花椒树的球形果实,暗红色,内有黑色种子。种子可入药,叫“椒目”。
椽	tʂʰuæ̃	放在檩条上架着屋面板和瓦的木条。
椿	tʂʰuŋ	【臭椿】椿树的一个品种。
楚	tʂʰu	【苦楚】痛苦(多指生活上受折磨):你是不知道我的~。苦熇kʰu53tɕiɔu44艰辛,辛劳:那里的人日子~得很!
楷	kʰɛi	【小楷】用毛笔写的小的楷体汉字。②写小楷的毛笔。小鬼ɕiɔu213kuei53迷信中指阎王、判官的差役:阎王好见,~难求。
樓	lu	【大门楼子】固定装饰院落大门的建筑物。
樓	ləu	【崩楼马勺】前额突出,后脑不平整,长得不好看:你看你长得~的,还乱嚷啥呢。也说“前崩楼后马勺”。
概	kɛi5	【带概】同“带共”。
榆	y	【榆钱子】榆钱。
榜	paŋ3	【攻榜】供子女上学:老张一连~咧四个娃娃,明显老咧一截子。
槌	tʂʰuei	【胡日鬼捣棒槌】不干正经事。
槐	xuɛi	【槐树】一种常见落叶乔木,羽状复叶,花淡黄色或白色,结荚果。
槫	ʂuæ̃	农村用来存放粮食的囤。
槽	tsʰɔu	【跳槽】对现有的工作不满而重新换工作:乜对这份工作早就烦咧,准备~呢。
模	mɤ3	【一模糊江山】一塌糊涂。
橫	ɕyɤ	【横躺顺荐】横七竖八地躺着。
橘	tɕy2	【橘子】属热带作物,主要种植于中国南方,色彩鲜艳,酸甜可口,是秋冬季常见的美味佳果。
橛	tɕyɤ	【拔橛】连根拔出,喻指干脆、彻底地解决:刚才还连下一点系系子,这一下让你~咧。
檐	iæ̃	【廊檐】屋檐:雨越下越大咧,~里的水都掉成线咧。
檁	liŋ3	【脊檩】人字形房屋最高处的檩条,也说“大梁”。
欠	tɕʰiæ̃5	【连欠】一共、总共:~有多少钱呢,你还叫人偷着走咧!连共liæ̃21kuŋ44同“连欠”。
欠	ɕiæ̃	【张嘴打哈欠】打哈欠:你看那个人~的,怕是毒瘾犯咧。
歡	xuæ̃	【看欢欢】看热闹。
歡	xuæ̃2	【欢欢】热闹的事:这个人到底爱看~得很!
欪	tʂʰu2	躲、藏:这几天不想见人,在家里~着呢。《广韵·术韵》:“竹律切。物在穴。”
欺	tɕʰi2	【要欺头】逞强(含贬义)。你在我这达~呢,你找错人咧!
欻	tʂʰua3	【日把欻】指品行卑鄙之人:老马真格是个~一个。
欻	tʂʰua2	(豆类炒的)酥脆:小李炒下的豆子~得很!
欻	tʂʰua	【凉不欻欻】形容温度不够高、态度不够热情的状况。
歇	ɕiɛ2	【歇汤】婚俗。指送亲的娘家人在吃宴席之前,到婆家吃面、休息。
歌	kɤ2	【歌子】歌曲。
歌	kɤ	【口歌子】口诀。
止	tsɿ3	
正	tʂəŋ	【上正时月】指春节期间。
正	tʂəŋ2	【正月十五】农历正月十五,元宵节:今年~街上热闹得很。
正	tʂəŋ5	【正装】正宗:这都是~货,放心用去。②正派:那个人没啥毛病,~着呢。③正式场合穿的服装。
步	pu5	【一步一遍地】一次接着一次地:娃娃~叫呢,你就去唦。
武	vu2	【武把子】古典戏曲中以打斗动作为主的生角儿。
武	vu3	【耍马武】耍威风:你有多大的本事在这儿还~呢!
歪	vɛi	【七扭八歪】形容不整齐、不端正。
歪	vɛi2	【歪歪子】形容歪斜的样子。
死	sɿ2	【死狗】地痞流氓:老王叫街上的~打咧。
死	sɿ3	【死相】形容某人头脑不够灵活:再的人都跑着给自己弄好处着呢,就那个人~着不动弹。
死	tsɿ3	【气死毛儿】给小孩理发时有意将颈后凹处的头发留下让其长长,这一撮头发就叫“气死毛儿”。传说当孩子生气晕厥时,可揪这“气死毛儿”使其缓过气来。
死	sɿ	【饿死鬼】詈语:你看你连~转世下的一样,没见过吃的。
殊	ʂu	【特殊】不同于同类的事物或平常的情况:在这儿没人能享受~待遇。
殮	liæ̃5	【入殓】将遗体装入棺材。
殛	tɕi2	雷击致死:门前头的那棵大树是让雷~咧。
母	məŋ	【子母扣】纽扣的一种,用金属或塑料制成,一凸一凹的两个合成一对。
母	mu	【一娘母】双胞胎。
母	mu3	【造窝母鸡】孵蛋的母鸡。②詈词。特指脾气不好的女人。
比	pi3	【将前比后】用历史、现实中的人和事做例子规劝某人。
畢	pi2	【毕咧】完了,结束了。
毛	mɔu	【鼻毛】长在鼻孔里的毛。
毡	tʂæ̃2	【牛毛毡】油毡。
毫	xɔu	【天至一毫】形容达到极点:当小工子一天挣80块钱就~咧。
毽	tɕiæ̃5	【踢毽子】一种游戏。用布等把铜钱或金属片包裹好,
气	tɕʰi5	【□气】[sɿ213tɕʰi44]食品变馊有异味儿:把剩下的饭赶紧吃咧去,不吃就~咧。
气	tʰɕi5	【几夹几气】指来自各方面的压力或打击:~,把那个人睡倒咧。
气	tɕʰi	【出长气】沉重的叹息:有啥事情呢么,让你这么个~着呢。
气	ɕi	【色气】人的气色:王老师脸上~咋么不对劲?②物品的色泽:家具的~还能凑合。
水	ʂuei3	【四点水】四点底,汉字偏旁。如“热、烈、烹”字的下部。
水	ʂuei	【鼻淌脑水】(小孩儿)擦不净鼻涕:这个娃娃~的,一点都不乖。②(成人)邋遢的样子:一天价~的,也不知道收拾自己。
水	tʂʰuei3	【涎水】口水。
水	tʂʰuei	【放水】浇水灌溉。②在比赛中故意让分使对方赢:明天的比赛只要他们不~,我们就能出线。③撒尿的诙谐用语。
漢	xæ̃2	【富汉家】富贵人家。~娃娃吃得好、穿得好,就是不好好学习。
漢	xæ̃	【大汉】大人,相对小孩子而言。
漢	xæ̃5	【大汉子】大个子,特指男性。
汗	xæ̃5	【汗眼】寒毛毛孔。
江	tɕiaŋ2	【一模糊江山】一塌糊涂。
池	tʂʰʅ	【池子】用砖头和水泥砌成,用来洗衣、洗菜或蓄水。②量词:放咧满满一~水。
池	tʰaŋ	【鱼池】鱼塘。
湯	tʰaŋ	【米汤】稀饭。②蒸米饭时撇出的米汁儿(随着电饭锅的普及,这种做法现已不多见)。
湯	tʰaŋ2	【汤饭】带汤面食的总称。
汪	vaŋ2	(食物)油脂太多。
沓	tʰa	【沓子】量词。用于重叠起来的片状物品,主要指纸张。
沙	sa	【鱼儿穿沙】将饺子、面叶、小米煮在一起吃的食物。也说“金鱼摆沙”。
沙	sa2	【沙瓤子】瓜瓤松散甘甜的西瓜。
溝	kəu	【爬沟溜渠】比喻投机钻营,善于奉承。
溝	kəu2	【烧人沟】固原城区的一条沟,因传说曾焚烧人的尸体而得名,现已被填平。
没	mɤ2	【八字没见一撇】比喻事情还没有什么眉目。
没	mɤ	【没鼻擤】没办法、无能为力:看来看去是~!
沫	mɤ2	【沫沫子】泡沫:这个洗衣粉怕是不好,洗去没一点~。
沫	mɤ	【沫沫子】泡沫:这个洗衣粉怕是不好,洗去没一点~。
河	xuɤ	【河拜】河堤。
油	iəu	【挤油油】天冷时孩子们聚在一块用互相挤靠的方式来取暖。
治	tʂʅ	惩治:这一回让人给~美咧,吓得他娃娃连门都不敢出。②医治:医生都没~咧,怕是不行咧。
治	tʂʅ5	【没治】没办法(做):人家这么弄,你还~。
沾	tʂæ̃2	【沾咧不对活】迷信的说法。指人被鬼魂附了体。也说“沾咧不对咧”。
沿	iæ̃5	【坝沿上】水库的拦水坝体之上。
沿	iæ̃	把窄的布条沿着衣服或布鞋的边儿缝在衣服或布鞋上。
法	fa2	【法办】法院判刑:这事弄不好要~好几个人呢!
泛	fæ̃	【活泛】灵活,能随机应变:现在这个时代,人不~就没办法生活。
泡	pʰɔu	【一泡】常与“屎尿”搭配,指屎尿的数量。②一群、一伙:~娃娃刚从门上过咧。
泡	pʰɔu5	【鱼泡】鱼鳔,鱼腹内白色的囊状器官。
泡	pʰɔu2	虚而松软:萝卜~咧就不好吃咧。《云言》:“泡,盛也。(晋)郭璞注:泡,肥洪张貌。”
泥	ȵi	【缁泥】黑色的淤泥:一没防住,脚搭~里进咧。
泥	ȵi5	【泥逼】将泥均匀抹在墙体上的工具,平板上有把手。也说“泥抹子”。
淚	luei5	【十帕九泪】形容哭得特别伤心的样子:乜一下子~地,就连有天大的委屈一样。
潑	pʰɤ	有力气、有毅力:这个小伙子弄啥去~得很。②豁出去、拼命:看来要~住着弄呢!③猛力倒水使散开。
潑	pʰɤ2	【泼布】从旧的衣服、被褥上拆剪下来的做其他用途的布。
洇	iŋ	液体落在纸上向四周散开或渗透:这种稿纸一点都不好,笔一落在上面就~咧一大片。②浸泡:放些水把园子里的地~湿,过几天好种花。
洋	iaŋ	【吃洋花生】指被枪毙。
洒	sa3	【洒壶】盛水用来浇花、洒地的壶,出水口状似莲蓬头。
洞	tuŋ5	【烟洞眼】烟囱。
洞	tuŋ	【洞洞】小窟窿眼儿。
津	tɕiŋ	【汗津津的】额头或身体上出汗的感觉。
洪	xuŋ	【洪吃大喝】比喻吃喝用度都很充足。
活	xuɤ	【试活】同“试当”。
活	xua	【撤活】走开、离开:赶紧~,迟一点就走不起身咧。
洼	va5	【耳擦洼】耳朵背后靠近耳垂的地方。
洼	va2	【阳洼里】山的阳面。②向阳处。
洼	va	【阳洼岗岗】太阳一直能晒到的地方。
派	pʰɛi	【死狗派】表现出地痞流氓的样子:我一看人家那么一副~,我就气死咧!
流	liəu	【死狗流魂】游手好闲、无所事事之人。
淺	tɕʰiæ̃3	【浅窝】大腿和腹部相连的部分,即腹股沟。
漿	tɕiaŋ5	【糊涂囊浆子】非常糊涂的人。
漿	tɕiaŋ	【软浆】指人体格不够强壮。
漿	tɕiaŋ2	【浆水】蔬菜等经过发酵后过滤得到的液体,食用,味酸,可顶替食醋:割麦子恰,你给咱们渥上些~。②比喻某人说话酸腐气息重、话多:我还没说呢,你一下就~着没完咧。
測	tsʰei2	【测量】用仪器确定空间、时间、温度、速度等有关数值。厕所tsʰei213ʂuɤ53专供人大小便的地方。
渾	xuŋ5	【睡浑儿子】睡得迷迷糊糊有了错觉。
濃	luŋ	【浓葱】葱的一个品种。红皮,葱味儿非常浓烈。也说“红葱”或“臊葱”。
浪	laŋ5	用绳索捆绑:车上装的东西要~一下呢,小心跌下来!
浮	fu	【浮皮子】土地的表面:雨没下多少么,刚下咧一点~。
海	xɛi3	【胡吃海喝】大吃大喝。
涂	tu	【糊涂囊浆子】非常糊涂的人。
消	ɕiɔu2	【消缓】来得急,不着急。
消	ɕiɔu	【消消停停】悠闲、不紧不慢:时间还长着呢,你~地弄。
涎	ɕiæ̃	【不断涎】形容络绎不绝的样子:这几天家里的亲戚~地来着呢。
涎	xæ̃2	【涎水】口水。
澇	lɔu5	【涝坝】大小不一、圆形、较浅,用来蓄水的坑,水的来源主要是雨水,供牲畜饮用:△~里洗手——自由权。
潤	ʐuŋ	【滋润】舒坦、舒服:人家日子过得~得很!②形容女孩子长得好看,又懂事,且善于操持家务:张家有个女子~得很,给你说个媳妇去。
潤	ʐuŋ5	【润脸的】泛指各种护肤品。
漲	tʂaŋ5	【头昏脑涨】头脑迷糊:几场试考下来,弄得人~的。
澀	sei	像明矾或不熟的柿子那样使舌头感到麻木干燥的味道。②摩擦时阻力大,不光滑。
涮	tʂʰua	(水流)冲刷:路上让水~咧几道壕。
涮	ʂuæ̃	摇动器物里面的水使器物冲洗干净。②水冲刷:墙根子叫水~得不牢咧。
涮	ʂuæ̃5	【涮嘴】漱口。
涸	kʰu2	【干山涸岭】山上没有水也没有植被。
淌	tʰaŋ	【鼻淌脑水】(小孩儿)擦不净鼻涕:这个娃娃~的,一点都不乖。②(成人)邋遢的样子:一天价~的,也不知道收拾自己。
淌	tʰaŋ3	【出淌淌】象声词,形容打呼噜的声音。
淌	tʰaŋ5	【光淌】平整、光滑。
淘	tʰɔu	【淘气】顽皮:这个娃娃~得很!②生气:两口子正~着呢!
淡	tæ̃5	【扯淡】胡说些无聊的话。
深	ʂəŋ	【入深】房屋的前后深度。这个房子的~有几丈?
深	ʂəŋ2	【深坑脑窖】地面上凹凸不平的样子。
混	xuŋ5	【混交】糊里糊涂的生活:一天在单位上就这么~着呢。②混杂在一起:把大的碎的~到一搭里算咧。
混	xuŋ	【混混】指整日游手好闲、无所事事的人。
添	tʰiæ̃2	【二一添作五】平分:这些东西咱两个~,一人一半儿。
清	tɕʰiŋ2	【老不清醒】老糊涂。
清	tɕʰiŋ	液体或气体纯净没有混杂的东西:这一回榨下的油~得很。②稀,汤多:面叶子做的~一些。也说“清清儿的”。
漬	tsɿ5	用软布或白萝卜片儿蘸上烧热的植物油将新买的铸铁锅内壁擦拭光亮,使得今后使用时能够光滑不生锈。
渠	tɕʰy	【爬沟溜渠】比喻投机钻营,善于奉承。
渣	tsa	【瓦渣子】小石块儿、小瓦片儿。
渣	tsa2	【渣渣子】碎屑、小碎块儿:你吃的时候,不咧把馍馍~淌上一路。
渣	tsʰa2	【水渣渣的】同“水不拉唧”。
渣	tsʰa	【水渣渣的】同“水不拉唧”。
渥	vɤ2	长时间地浸泡,使起变化:雨水放到窖呢要~过咧才能用。《广韵·觉韵》:“於角切。霑濡。”
溫	vəŋ	【屁温子】不烫手,温吞吞的:揣去~,一点儿也不烫。蚍蜉蚂pʰi44fəŋ21ma53蚂蚁。
溫	vəŋ2	【温吭子】指话语迟缓、性情木讷之人。
渳	miŋ3	嘴唇轻轻地沾一下碗或杯子,略微喝一点。现写作“抿”:不能喝酒,~一下就算数。
溼	ʂʅ2	【湿唧唧的】形容湿得让人感觉厌烦:外头下得~,也没地方去。
溜	liəu3	【滋溜溜地】形容动作非常快:乜~窜到前头去咧。
溜	liəu	【滋溜溜地】形容动作非常快:乜~窜到前头去咧。
溜	liəu5	【二溜子】游手好闲、不务正业之人:乜成天在街上当~着呢。
溢	iæ̃3	【扑溢扑溢的】形容心潮澎湃,起伏不定的样子:说得人心里头~。
溢	iæ̃	【撇溢溢地】形容敞口容器里的液体非常满,好像马上要流出似的。
溢	iɛ	【撇溢子碗】碗口像喇叭一样的敞口碗。
溷	ɕyŋ5	【溷气】肉或带荤腥的菜肴变质发出异味儿。
溻	tʰuɤ	衣服、被褥等被汗湿透:天闷得很,汗把衬衣~得透透地。②热敷:膝盖肿着呢,拿热毛巾~给下。③受潮、受寒:不咧往潮处坐,小心把人~坏咧。
滋	tsɿ2	
滋	tsʰɿ2	【滋溜溜地】形容动作非常快:乜~窜到前头去咧。
滑	xua	【大滑头】指非常油滑的人。
滓	tsɿ2	【滓牙】嘴里咀嚼的食物中含有土、沙或风将土、沙吹进嘴里引起牙齿不舒服的感觉。
潷	pi3	挡住泡着的东西或渣滓,把液体倒出去:把熬下的药~出来。《广韵·质韵》:“鄙密切。去滓。”
滚	kuŋ	【米滚水】将吃剩的米饭加水熬成的稀饭或熬稀饭时米较少,吃起来不香,口感似白开水,故名。
滚	kuŋ3	【驴打滚】高利贷。
滚	kuŋ5	指布料因吸尘而易旧易脏:这个裤子带概不耐~,一点都不好!
滿	mæ̃3	【做满月】孩子出生满一月的那一天,亲朋好友前来表示祝贺的活动。
滿	mæ̃	【小满】节气之一。
灘	tʰæ̃2	山间或高原间平坦而低的地带。
灘	tʰæ̃	【南河滩】地名,是固原老城区的繁华地带,也是固原最早的农贸市场所在地。
漂	pʰiɔu2	【漂鱼子】麻将术语。常用于赌博,指事先约定输赢的倍数,待和牌后按倍数出钱或收钱。也说“跑鱼子”。
漏	ləu5	【漏勺】铁制的有许多眼儿的勺子。
演	iæ̃3	【加演】指电影或戏曲在主要内容正式开始之前的演出片断:今儿个唱《辕门斩子》的时候,前头~咧一折子戏。
漫	mæ̃5	【漫花儿】唱当地的山歌。
漾	iaŋ5	【漾粪】将处理好的肥料均匀地撒到田里。
潎	pʰiɛ2	从液体表面上轻轻地舀:煮肉等水开咧时先要把血沫子~给一下。《广韵·薛韵》:“芳灭切。漂潎,又匹蔽切。”唐代文献作“撇”。
潦	liɔu2	【浮皮潦草】做事敷衍塞责、极不认真:以后弄开啥咧,再不咧那么~地咧。
潮	tʂʰɔu	【发潮】恶心。
潲	sɔu5	洒(水):刚做好的水泥台子等一阵子就要往上面~些水。《广韵·效韵》:“所教切。豕食又雨溅也。”
澄	təŋ5	使液体里的杂质沉淀:让水~清咧再用。《广韵·庚韵》:“直庚切。水清定。”
澡	tʂɔu3	【搓澡】洗澡时搓去皮肤上的污垢。
澡	tsɔu3	【澡堂子】洗浴的地方,现多为“洗浴中心”替代。造窝tsɔu44vɤ213禽类孵蛋。
激	tɕi	用水将燃烧的火熄灭:火不用咧,拿水~灭去。②受到冷水的突然刺激而得病:吃饱出去让过雨给~咧,发烧开咧!③使发作;使感情冲动:那个人本身就要强得很,你再不咧~他咧!
濛	məŋ5	将物品置于水中浸泡使之吸水充足或变柔软:~可子再洗,容易洗干净。
瀁	iaŋ5	液体或粉状物装得太满而向外流、洒:车装得太满咧,~咧一路。《广韵·漾韵》:“余亮切。水溢荡貌。”
瀽	tɕiæ̃3	(把饭、液体等)从整体中分出一部分。
灌	kuæ̃5	【灌米汤】比喻用甜言蜜语奉承人迷惑人:那是给你~着呢,你给是相信他呢。
灒	tsæ̃5	溅:~咧我一身泥点点。《说文》:“灒,污洒也。”《广韵·翰韵》:“则旰切。水溅。”
灓	lyæ̃5	(米汤、粥)黏:给病人喝的米汤要烧得~些。
火	xuɤ3	【纸火】祭奠死者,为之烧化的纸制祭品的统称:你爷爷的三年纸快到咧,~定下咧没有?
火	xuɤ	【祭灶火爷】供奉灶神。当地习俗之一,是指农历腊月二十三送灶神上天宫,除夕夜再迎接回来,祈愿灶神能给人间带来好收成和好运气。
火	xu	【耍社火】当地农村逢春节举行的庆新春活动,形式包括高跷、旱船、舞狮、秧歌等。
滅	miɛ	【灯尽火灭】油灯因油燃尽而熄灭,比喻人失去生命或事情结束而不复存在。
燈	təŋ	【打灯蛾蛾】灯蛾子。
燈	təŋ2	【牛皮灯影子】皮影戏。
灰	xuei2	【灰条】灰藜。
灰	xuei	【洋灰】水泥。
靈	liŋ	灵活、机灵:这个娃娃的脑子~得很。②听力好:他爷爷七十几咧,耳朵还~着呢。
竈	tsɔu5	【祭灶火爷】供奉灶神。当地习俗之一,是指农历腊月二十三送灶神上天宫,除夕夜再迎接回来,祈愿灶神能给人间带来好收成和好运气。
灸	tɕiəu3	中医用燃烧的艾蒿熏烤相应穴位以治疗疾病的方法。
爐	lu	【炉齿齿】炉箅子。
炒	tsʰɔu3	【脚炒菜】形容非常忙的样子:忙得人~呢么!
炕	kʰaŋ	【彻炕】指空气流通很好的火炕:上房里盘咧一个大~。
炕	kʰaŋ5	【烙炕】烧热的炕:冬里有一坨坨~就享福得很!
炫	ɕiəu	强光刺人眼:太阳~得人眼睛都睁不开么。
炭	tʰæ̃5	【砟子炭】宁夏出产的一种不粘结煤。这种煤质地酥软,可固结成块儿。易于点燃,烧时如木炭,耐着,火炽,且有香味。也说“香砟子”。
炮	pʰɔu5	【拘咧炮咧】比喻对某事处理不妥当而惹人耻笑。你就这么弄事情着呢,简直是~!也说“拘得炮响呢”。
炮	pʰɔu	【炮子】用来打碎地里较大土块的农具。头用碗口粗的树桩做成,圆柱形,柄与其垂直。
炸	tsa	烹调方法,用热油炸制。②用水焯。
點	tiæ̃3	【四点水】四点底,汉字偏旁。如“热、烈、烹”字的下部。
點	tiæ̃	【雨点点】雨点儿。
煉	liæ̃5	【焦毛炼丹】形容十分着急的样子(含贬义):你一下子~着要做啥呢!
爛	læ̃5	【死驴烂马】指未经宰杀而死亡的牲畜的肉。回民忌
爛	næ̃5	因下雨致使土地虚软而陷入:车~到泥里咧,咋推都推不动。
烙	luɤ	用烙铁烫,使衣服平整。②把生的面食放在锅里加热变熟。
烙	luɤ2	【烙炕】烧热的炕:冬里有一坨坨~就享福得很!
烟	iæ̃	【纸烟】香烟。
烟	iæ̃2	【吃烟】吸烟。
烤	kʰɔu3	物体挨近火而熟或干燥。
煩	fæ̃	【泼烦】烦恼:这一向心里~得连啥一样,那达有心思做活呢唦。②烦人,厌烦。定定蹴着,再不咧~人。
燒	ʂɔu	烫:刚煮下的红薯还~手呢,等一阵再拿。②使东西着火。③用火或发热的东西使物品受热起变化:~水。④一种烹饪方法:~茄子。⑤体温增高:发~。⑥一种烈性白酒:~酒。
燒	ʂɔu2	【烧纸】给死者焚化纸钱。
燴	xuei5	【大烩菜】将品种较多的菜与牛肉或猪肉片烩在一起的菜肴。
燙	tʰaŋ5	【烫面饼子】用开水和面后烙成的饼。也说“死面饼子”。
熱	ʐɤ	【发热】发烧。
熱	ʐɤ2	【热眼】眼热、羡慕,看见好的事物而希望得到:看见人家
焦	tɕiɔu2	【焦毛炼丹】形容十分着急的样子(含贬义):你一下子~着要做啥呢!
焦	tɕiɔu5	人脾气大、性子急:这人做啥~得很。
焪	tɕʰyŋ	一种煮熬的方式。即将所煮之物放入锅中,加入适量凉水,烧开后用文火将水烧干,食物也就熟了:锅里煮的洋芋叫再~一阵子。②引申为天气闷热:天气~得很,怕是下雨恰。《广韵·送韵》:“去仲切。火干物也。”
焪	tɕʰyŋ3	【焪焪】也说“洋芋焪焪”。做法是将土豆去皮切成条状并用水煮,然后将面粉均匀撒入不停搅拌,用文火将水烧干焪熟即成。
焵	kaŋ5	(烟、气)冒出或(尘土)扬起:快晌午咧,家家烟洞里~开烟咧。/赶紧烧,烧得~开大气咧就滚咧。/今儿在路上把人给~零干咧。
然	ʐæ̃	【孜然】一种佐料,常加工成粉末状,本地不产。多在做烧烤时用:烤些羊肉串,~不咧放得太多咧。
煎	tɕiæ̃	【熬煎】煎熬。
煞	sa2	【煞气】迷信中指能镇住鬼魂的气势。
煞	sa	【瘆煞】迷信的说法,指一个地方因神秘、怪异而使人恐惧。
煤	mei	【锅煤子】经柴草、炭末熏烧在锅底形成的黑色粉末状东西。可入药,叫百草霜,能止血止泻。
照	tʂɔu	光线照射在物体上。②对着镜子或其他反光的东西看自己的影子。③摄影。④照看:我走的这几天,你给咱们把门~着。⑤根据,依照:~这么发展下去,我看就没是咧。⑥执照,凭证。⑦看:不信咧你~唦,谁还哄你呢。⑧对着,向着:~头上两砖头打得血冒呢!⑨仍旧,仍然:你说你的,乜~睡乜的。
照	tʂɔu5	【高照眼】指眼睛从外观看始终向上看的人,引申义指目空一切、高高在上之人。
煨	vei3	【煨炕】将可燃烧的东西填进坑洞并点燃它。
煮	tʂu3	【煮角子】饺子。
熇	tɕiɔu5	天气酷热(多用于太阳曝晒,空气热干):这两天天气~得很。《说文·火部》:“火热也。”《广韵·屋韵》:“呼木切。热也。”
熏	ɕyŋ	【烟熏火燎】形容生火做饭或取暖时烟雾弥漫的样子。
熟	ʂu	【熟皮子】加工牛、羊等动物的皮毛。②比喻孩子进行处罚:你娃娃怕是想让人~咧!
熨	y	【熨帖】事情得到妥善处理(多用于否定)。给咧200块钱还不得~。
熬	nɔu	【熬煎】煎熬。
熰	nəu3	用拔火罐的方式治疗:脊背疼咧让我给你~几下。
燎	liɔu	【急燎燎】形容性子特别急躁的人:那是个~一个,做啥去都快。
燎	liɔu3	【火急火燎】形容内心十分焦急的样子。
燕	iæ̃5	【大燕麦】燕麦的一个品种,多用来喂牲口。
燿	ʐɔu	强光刺眼:中午的太阳~得人的眼睛都睁不开么。②照:你穿上衣裳站到镜子跟前~一下。③看:拿过来让我~一下。
爁	læ̃	用中火炒肉:把这些肉给咱们~些臊子吃。《广韵·敢韵》:“卢敢切。火爁。”
爨	tsʰuæ̃5	香味浓郁飘散:咋这么~,这谁家做好吃的呢。
爬	pʰa	【爬沟溜渠】比喻投机钻营,善于奉承。
愛	nɛi5	【猪嫌狗不爱】比喻谁都不喜欢:娃娃这么大正是~的时候。
愛	nɛi	对人或事有深挚的感情。②喜欢、喜好:闲咧他~出去走一下。③容易:她~耍个脾气。④重视而加以保护:他~护树木就连他~自己的身体一样。
父	fu	【爷父几个】父亲或父辈与子女辈几个人:~一搭里走咧。
爺	iɛ	【祭灶火爷】供奉灶神。当地习俗之一,是指农历腊月二十三送灶神上天宫,除夕夜再迎接回来,祈愿灶神能给人间带来好收成和好运气。
爸	pa	【姨爸】对和自己母亲是姨兄弟关系的男性的称呼。
爽	ʂa2	悠闲、舒服:这个工作~得很。
爽	ʂuaŋ	【乖爽】小孩子听话、性情腼腆:这个娃娃总的来说~着呢。②身体健康、不生病:娃娃这几天不~,闹人得很!
片	pʰiæ̃3	【脚片子】脚。
片	pʰiæ̃	【药片片】片状药剂。
片	pʰiæ̃5	【蜂儿片】蜂房。
牌	pʰɛi	【打牌】玩麻将、扑克的通称。
牐	tsʰa	封闭、堵塞:拉肚子吃些弗派酸就~住咧。《广韵·洽韵》:“土洽切。~,下~闭城门。”
牙	ia	【滓牙】嘴里咀嚼的食物中含有土、沙或风将土、沙吹进嘴里引起牙齿不舒服的感觉。
牚	tsʰəŋ5	桌椅板凳腿儿之间的横木:这个凳子结实是因为几个~拿上劲着呢。
牛	ȵiəu	【抵牛儿】两人(物)相克、发生冲突:这两个人经常~着呢。/事情~着就弄不成么!
牛	ȵiau	【乳牛】母牛。
牢	lɔu	【牢倒】厉害:这个人~得很,谁也惹不起。
物	vɤ	【杰物】不同于一般人的人(含贬义):咋么养咧这么个~,害死人咧!
牲	səŋ	【大牲口】专指骡马等大家畜。
牲	səŋ2	【牲口】指马、骡等大家畜。
牽	tɕʰiæ̃2	【牵心】牵肠挂肚,关心。
特	tʰei2	【特别】十分、非常:办公室工作~能锻炼人,好好干去!②不一样,特殊:这和那个一样,没啥~的。
犁	li	动词,耕。
犢	tu	【寻犊】牛发情。
犍	tɕiæ̃2	【犍牛】阉割过的公牛。
犒	kʰɔu5	因长时间没有吃或用某种东西而非常想做:拿我赶紧吃个纸烟,把人~零干咧。
犟	tɕiaŋ5	【牛头板犟】形容人的性格很倔。
犬	tɕʰyæ̃3	【反犬旁】汉字偏旁名称。如“狼、狂、獠”等字的左边。
犯	fæ̃5	【犯单】指打扑克时手中的牌没有一个是一样的,即不能组成对子。
狀	,	煮熟捞出,再将炒好的肉丁、青菜拌入面中:今儿个要干重活呢,咥上两碗~再说。
狂	kʰuaŋ	发疯,精神失常:正说着呢,人家一下子~咧么!②纵情任性或放荡骄恣的态度:那个人当时就~得很,现在不是也窝下咧么!③气势猛烈,超出平常:猛然刮开~风咧。
狐	xu	【野狐子】狐狸。
狗	kəu3	【死狗】地痞流氓:老王叫街上的~打咧。
狗	kəu	【牙狗子】公狗。
狗	kəu2	【狗脸亲家】比喻儿童间忽好忽恼的关系。
狠	xəŋ3	【至狠】同“至多”:~喝咧一两酒,能把人给醉咧。
狠	xəŋ	身体健康(多用于老年人):他大大八十几咧,身子还~着呢!②厉害、有本事:那是个~人。
狡	tɕiɔu3	【狡诈】不老实,心眼儿多:弟兄几个基本上都老实着呢,就老二~一点。
獨	tu	【吃独食】一个人独占,别人沾不上边。
狹	tɕʰia3	【屈狭】(空间)狭小:房里~着就蹴不了几个人么。
狹	ɕia	【人稠地狭】人口稠密而土地窄狭。
狸	li	【巨狸猫】外形像松鼠的一种哺乳类动物,生活在田间的土洞中。
狼	laŋ	【死驴不怕狼扽】形容耍赖皮的样子:给人一个~的架势,你还拿他没办法。②没有别的办法,横下一条心:反正是~咧,走着哪达算哪达。
猋	piɔu2	轻捷快行:他一个趟子~咧。《说文·犬部》:“~,犬走貌。”又,走部:“,轻行也。”“猋,”,音同义通。《广韵·霄韵》:“浦遥切。”
猛	məŋ	【按猛子】猛然、突然。也说“暗猛处”。
猛	məŋ3	【猛症】急病。
猜	tsʰɛi3	【猜谜谜】猜谜语。
豬	tʂu2	【猪唠唠】猪。因喂猪时呼“唠唠”声而得。
豬	tʂu	【牙猪】阉割过的公猪。
猫	mɔu2	【女猫儿】母猫:这个猫儿是个郎猫儿,还是个~?女,《广韵·语韵》:“尼吕切”。固原方言单字或在其他词语中一般读为ȵy53,而在“女猫儿”一词中读mi53。
猫	mɔu	【巨狸猫】外形像松鼠的一种哺乳类动物,生活在田间的土洞中。
猫	mɔu5	【藏猫猫猴儿】捉迷藏:夏天黑咧正是耍~的时候。
獻	ɕiæ̃5	【杀着献下咧】置于绝地:这一下把老王~。
猴	xəu	【鸡毛猴性子】形容人性子急,坐不住。
猾	xua	油滑、狡诈:小马那个人~得了不得,你抓都抓不住。《方言》卷十:“凡小儿多诈而狯……或谓之~。皆通语也。”
獠	liɔu3	【扑獠獠】形容蛇吐舌头时发出的声音。
獠	liɔu	【扑獠獠】形容蛇吐舌头时发出的声音。
獾	tʰuæ̃2	【獾猪子】獾。
玄	ɕyæ̃	玄虚,不切实际:你看你说得~吗!
玉	y5	【玉麦棒子】玉米棒儿。
王	vaŋ	【二王】扑克牌中的“小王”。
瑪	ma	【主玛儿日】礼拜的日子。来源于阿拉伯语。
玩	væ̃	【玩缠】纠缠:再不咧在这个事上~咧!②折腾:~了半天,也没见有个啥结果!
環	xuæ̃	【滚铁环】儿童游戏。用钢筋制成圆形的环和控制的钩,供小孩玩耍。
現	ɕiæ̃5	【丢人现眼】丢脸、出丑:再不咧在这儿给我~咧,该做啥就做啥去。
珍	tʂəŋ	【雪珍子】霰。
珠	tʂu2	【珠珠子】小的球形的东西:眼~两转,点子就来咧。/疼得他脸上的汗~冷往下淌呢。
珠	tʂu	【珠珠子】小的球形的东西:眼~两转,点子就来咧。/疼得他脸上的汗~冷往下淌呢。
班	pæ̃2	【学前班】对接近学龄的儿童进行学前教育的班级。
球	tɕʰiəu	【臭绣球】天竺葵,散发臭味。
理	li3	【理识】理睬:旦是那么个人咧,你再不咧~咧。
瑜	y	【周瑜】用言语或行为欺侮别人使生闷气:你把我~地够呛!/迟早就让人~死咧。
瓜	kua	【梨瓜子】一种甜瓜,夏初成熟。表皮呈青黄色,皮、瓤均可食用,味甜。
瓜	kua2	【瓜子】傻瓜。
瓠	xu5	【瓠子】一年生草本植物,茎蔓生,花白色,果实细长,圆筒形,表皮淡绿色,果肉白色,一般蔬菜。
瓣	pæ̃	【谷草豆瓣】指取过谷粒豆粒的谷草和豆蔓。
瓤	ʐaŋ	【利瓤子】指核桃仁与核桃壳自然分开:今儿个买下的些核桃,没有一个是~。
瓤	ʐaŋ3	【瓤皮子】西北的一种风味小吃。制作时先将和好的面团儿放在适量的清水中反复搓洗,洗出其中所含的淀粉,将淀粉汁倒入特制的容器内上笼蒸熟即成。吃时,将成张的瓤皮子切成条状,浇上调料汁,冷食。
瓦	va	【囡囹瓦块】形容食物形大难以入口或来不及嚼碎就咽入肚中。
瓦	va3	拉下,阴沉着:整天~下个脸,谁吃咧他们家里的咧。
瓦	va5	【瓦刀】瓦工用来砍断砖瓦、涂抹泥灰的工具,形状像刀。洼va44山坡:乡里娃娃山里~里的跑惯咧。
瓶	pʰiŋ	【挂瓶子】输液:早上我要到卫生所~去呢。
瓷	tsʰɿ	【洋瓷】搪瓷。
甑	tɕiŋ5	【甑糕】用糯米蒸成的黏米饭。蒸时米中放红枣、葡萄干、核桃仁等,吃时放蜂蜜或白糖。
甜	tʰiæ̃	【傻甜】非常甜,甜过了头:买下的蛋糕刚是个~,再没有一点啥味道。
生	səŋ	【吃洋花生】指被枪毙。
生	səŋ2	【生姜】姜,常用调味品。
用	ː	新买下的瓦刀~去不太顺手。
用	。《	广韵·狝韵》:“而兖切。木耳。”
甩	ʂuɛi3	【甩搭】前后左右的摆动。
田	tʰiæ̃	【夏田】夏收作物。
甲	tɕia	【指甲】人指尖背面扁平的甲状结构。
甲	tɕia2	【鼻甲子】鼻垢:去把~打张干净咧再来。
甲	tɕia5	【皮甲甲儿】皮制的马甲儿:二八月穿上个~,还顶些用。
甲	tɕia3	【臊甲甲】类似于屎壳郎的一种昆虫,常发出臊臭的味道。
電	tiæ̃5	【电棒】日光灯管。②电警棍。
男	næ̃	【侄男姑女】弟兄姊妹或其他同辈男女性亲属的儿子女儿的通称:那几年,谁家给没有几个~经常在跟前交挠着。
畫	xua5	【画张子】印制的年画儿或张贴画儿。
暢	tʂʰaŋ3	【畅快】痛快:他这么一说,我心里头多少~咧一些。②爽快:~去是个~人,就是有些小毛病。
界	kɛi	【一世界】到处都是。也说“满世界”:你总注意着呢么,碎纸片片撒咧~。
番	fæ̃	【大番小事】大小事情的统称。
番	fæ̃2	【番子】戏曲里对外民族人的称呼。
疙	kɤ	【死疙瘩】难解开的死结儿:一下子给绑紧,干脆绑成个~算咧。
疙	kɤ2	【疙瘩马勺】形容不平整的样子。
疤	pa	【疤疤】小的疤痕:碎时候从炕上栽下来给额颅上留下咧一个~。
瘡	tʂʰuaŋ	【痔疮】一种肛门部位的常见疾病。
瘡	tʂʰuaŋ2	通常指皮肤或黏膜上发生溃烂的疾病。
瘋	fəŋ	【耍酒疯】发酒疯:喝多喝少都给人~,气死个人咧!耍脾气ʂua53pʰi24ɕi44使小性子:动不动就给人~,谁理你着呢!
瘋	rfəŋ	【羊羔儿疯】癫痫。
瘋	fəŋ2	【疯疯张张】疯疯癫癫:乜一天~的,不知道想做啥。
疳	kæ̃	【燎疳】春节习俗,指农历正月二十三晚上,各家在院子或门口用柴草生起火来,大人小孩从火堆上跳来跳去,放鞭炮,将贴在门上的春联撕下放进火堆。等柴草烧成灰烬,用铁锹将灰烬扬撒至空中,边撒边念叨:麦子花……洋芋花等,以期有个好收成。
疹	tʂəŋ	【热疹子】痱子。
疼	tʰəŋ	【头疼脑热】泛指小的疾病。
疾	tɕi	【病疾】疾病。
痂	tɕia2	【痂痂】鼻垢或少量出血后凝固的块儿。
痂	tɕia	【痂痂】鼻垢或少量出血后凝固的块儿。
痄	tsa5	【痄腮】腮腺炎,发病时两耳下部肿大,腮腺化脓。
病	piŋ5	【大脖子病】指地方性甲状腺肿大症,是由于缺碘而引起的患者脖根变粗。
病	piŋ	【噎食病】食道癌。
症	tʂəŋ	【猛症】急病。
痒	ȵiɔu3	【搔痒人】挠痒痒。
痒	ȵiɔu	【抠痒痒】挠痒痒。
痔	tsɿ5	【痔疮】一种肛门部位的常见疾病。
痧	tsa	【搅肠痧】肠梗阻。
癆	nɔu5	用药毒害:老鼠害人得很,要找些药给~一下呢。《说文·疒部》:“痨,朝鲜谓饮药毒曰痨。”《广韵·号韵》:“郎到切。”
癆	lɔu	【伤痨】肺结核病。
瘮	səŋ	阴冷:交上十月,天气早晚就~得很。②身体遭受冷气侵袭而疼痛:年轻的时候,腿让凉气~咧,老咧疼得很。③愣住、呆滞:一句话把人还给说着~住咧。《广韵·寝韵》:“歹束锦切。寒病。”
瘮	səŋ5	【瘆煞】迷信的说法,指一个地方因神秘、怪异而使人恐惧。
瘊	xəu	【瘊子】疣。
瘙	sɔu5	指动物身上生的疥癣:你们家的狗起咧~咧。《广韵·号韵》:“苏到切。疥瘙。”
瘤	liəu5	带状疱疹的俗称。
瘦	səu5	【瘦肌麻达】身体瘦削,弱不禁风。
瘩	ta	【死疙瘩】难解开的死结儿:一下子给绑紧,干脆绑成个~算咧。
癟	piæ̃3	【窄瘪】在某人眼里没地位。
瘰	luɤ3	(人的穿戴或面貌)不精神:这个人这一向看上去咋这么~么!
瘸	tɕʰyɤ	【瞎子摸瘸子】一种儿童游戏。由一人蒙眼扮演瞎子,来摸绑着腿扮演瘸子的玩伴,抓住即算赢。
癮	iŋ3	【过干瘾】用想象或其他物品代替来满足某种嗜好:踢不
癭	iŋ3	【瘿瓜瓜】地方病。甲状腺肿大形成拳头大小的肉瘤,多由缺碘致病。
癊	iŋ	【硌癊】使人厌恶不舒服:刚抓咧一把癞呱子,心里头到这一阵子还~着呢。②因为感到不吉利而心神不安:夜来黑咧做咧个黠睡梦,今儿个就~得很。
癊	iŋ3	【癊儿】内心焦灼、有预感:这几天心里~着呢,你看就出事咧。《广韵·沁韵》:“于禁切。心中病。”
癩	lɛi5	【癞呱子】蛤蟆。也说“癞蛤蟆”。
癸	kʰuei	天干的第十位。
白	pei	【大天白日】白天(强调):~的,你就蒙着头睡
百	pei2	【二百五】性情鲁莽、做事过头之人。当地人在交往过程中都尽力避免使用这个数字。
百	pei	【一百一十一】数字。
的	ti	【执席的】筵席上招呼客人吃菜喝酒的人,一般不能入席就座,要站着服务。
的	ti2	【吃的】吃的东西。
的	rti	【绵绵儿的】感觉很柔软的样子。
皮	pʰi	【跐皮】橡皮。
皮	pi	【翻毛皮鞋】一种皮革反面朝外的皮鞋:穿下一双~,把人还襸得不行。
皴	tsʰuŋ2	(皮肤)因受冻而裂开。
盅	tʂuŋ2	【茶盅子】体形较小的茶杯。也说“茶盅盅”。
盅	tʂuŋ	【茶盅盅】同“茶盅子”。
盆	pʰəŋ	【火盆】盛炭火的盆子,冬天放在屋子里取暖。现已从日常生活中消失。
鹽	iæ̃	【加盐调醋】比喻乘机挑拨,加深矛盾。
盒	xuɤ	【墨盒子】墨盒。
盔	kʰuei	【锅盔】西北很有特色的食物,一种从鏊子里烙出的厚而大的面饼。
盖	kɛi	【秃宝盖】汉字偏旁名称之一,如“冠、写”等字的上部。
盖	kɛi5	【炉盖子】炉盖儿。
盤	pʰæ̃	【回盘】人刚死或做忌日纪念时客人送来的祭奠死者的供品,一般是十个馒头,叫“盘”,等送“盘”的客人走时,主人家要回送两个馒头,称“回盘”。
盯	tiŋ2	【盯四马子】一种棋类游戏。
盲	mu5	【鸡盲眼】夜盲症,即夜间在光线不充足的地方视力很差甚至完全看不清东西,就像鸡一样。
直	tʂʅ	【直筒子】性情耿直之人。
相	ɕiaŋ	【死相】形容某人头脑不够灵活:再的人都跑着给自己弄好处着呢,就那个人~着不动弹。
相	ɕiaŋ5	【拐相】心眼儿坏表现在长相上。
盹	tuŋ3	【丢盹】打盹儿:今儿个开会的时候,~的人一层么。
省	səŋ3	【轻省】轻松:出咧一身汗,感觉一下~咧!
眉	mi	【死眉瞪眼】死气沉沉,没有朝气:一天价~地,不
眉	mi5	【眉户子】发源于陕西眉县,流行于西北各省的地方剧种。
眉	mi2	【怪眉失眼】形容外表奇特或事情蹊跷。
看	kʰæ̃5	【没眼看】事情弄得很糟而无法接受:几个娃娃把房里整咧个~。
看	kʰæ̃	【浅看】小看、瞧不起。
真	tʂəŋ	【真格】的确,实在。
真	tʂəŋ2	【真人】有真才实学的人:△~不露相,露相非~。
眯	mi5	小睡:中午~上一阵子顶用得很。
眼	ȵiæ̃3	【死眉瞪眼】死气沉沉,没有朝气:一天价~地,不
眼	ȵiæ̃	【死眼咕嚅】同“死眉瞪眼”。
眼	ȵiæ̃2	【对眼子】内斜视的统称:那个娃娃天生下就是个~。对证tuei44tʂəŋ44有相关关系的几方在一起相互证明。
着	tʂɤ	【试着】感觉:我~身后头有个啥动弹着呢。
着	tʂuɤ	【不着家】不愿待在家里;不回家。
着	tʂɔu2	【着上】遭遇到不好的事:这一下你娃娃~咧!
着	tʂuɤ2	【碰着】碰见。也说“碰上”。
睜	tsəŋ2	【睁眼瞎子】文盲。
睎	ɕi2	面部或气息靠近贴近:一下子~着人跟前,颇烦死咧!
睡	ʂuei	【喝睡】睡梦中发出吆喝声。
睡	ʂuei5	【睡展】躺下后肢体伸展放松。
睬	tsʰɛi3	【佯搭不睬】装做没看见而不理睬。
瞅	tsʰəu3	看。
瞎	xa2	【瞎不处处】形容人眼神不好:你~地往哪达骑着呢!瞎瞎xa21xa24鼠类的一种。体形较大,常在农田里糟蹋庄稼。
瞎	xa	【睁眼瞎子】文盲。
瞤	ʂuŋ	让人丢脸、害臊:~得个我没处躲。②倒霉运:今儿个就~透咧。
瞤	ʐuŋ	眼睛因疲劳而处于半闭半睁状态:你看你眼睛~成啥咧,赶紧睡去!
瞪	təŋ	【垐不棱瞪】形容愚笨、呆傻的样子:那个人看上去~地,能干个啥!
瞪	təŋ5	【死眉瞪眼】死气沉沉,没有朝气:一天价~地,不
瞭	liɔu5	【瞭哨】给正在从事秘密活动的人观察动静:你们都进去耍钱去咧,谁给你们~呢!
矂	sɔu	不经意、快速地看:我~咧一眼,没看清楚。
矛	miɔu	【矛子】长矛。
知	tsɿ2	【知了子】知了:连个~一样,叫唤着没停。
矬	tsʰuɤ	矮、短:你赶乜~下一截子么。
短	tuæ̃3	【七长八短】形容长短不齐:~的,咋弄呢么!
短	tuæ̃	与“长”相对。②缺少,欠:你~人家多少钱?③缺点:要知道自己都有哪些~处?④心胸狭窄:咱不做心屈义~的人。
石	ʂʅ	【石头眼镜】水晶制成的眼镜。
碼	ma3	垒。也说“摞”。
碼	ma	【阀码】厉害:这是个~人,不咧小看!
砂	sa2	【打砂锅】一种用手掌平展(水)、拳头(石头)、五指蜷曲略张开(砂锅)决定输赢的游戏,相当于游戏“石头、剪刀、布”。
砍	kʰæ̃3	【砍牛腿】见“折拐子”。
研	iæ̃	研磨,引申为击打:娃娃叫他妈拉住~咧一顿。
磚	tʂuæ̃	【机砖】用机械制作的砖。
磚	tʂuæ̃2	【砖头】砖。②不完整的砖,碎砖块。
砟	tsa3	【砟子炭】宁夏出产的一种不粘结煤。这种煤质地酥软,可固结成块儿。易于点燃,烧时如木炭,耐着,火炽,且有香味。也说“香砟子”。
破	pʰɤ	碎,不完整。穿得~~烂烂的。②劈开:把这些木头节节~成柴冬里架火。③整的换成零的:谁把这50块钱给~开。④掺、兑:汤药里头~的水太多咧。⑤花费,耗费:~财免灾。⑥揭穿:话说~咧就不好咧!
破	pʰɤ5	【破五】农历正月初五。民俗之一,这天要将积攒了四五天(从初一开始)的垃圾清理掉。
硌	kɤ5	【硌癊】使人厌恶不舒服:刚抓咧一把癞呱子,心里头到这一阵子还~着呢。②因为感到不吉利而心神不安:夜来黑咧做咧个黠睡梦,今儿个就~得很。
硬	ȵiŋ5	【拔硬腰子】游戏。两人弯腰相互抱住对方腰,用力向上提起,提起对方者获胜。
確	tɕʰyɤ	【实确】真实、可靠:别人说下的得道~着吗?
碌	lu2	【碌碡】农具,用石头做成,圆柱形,用来轧谷物,平场地。
碎	suei	【大碎】大和小:~事你就不咧管咧,看他们咋弄去呢。②大小(侧重于小):乜~是个官么,你总知道让个座呢么!
碎	suei5	【碎大】对年幼男性的通称(含贬义):你那个~给听你的呢!也说“碎大大”。
碓	tuei	碰撞:下雪路滑,十字口里几个车~到一达里咧。
碗	væ̃3	【十大碗】指农村里有红白喜事时,酒席上的十道不同菜肴,因用碗盛而得名。
碗	væ̃	【耳朵碗碗】耳朵上由耳轮、耳屏包围靠近耳门的部
碗	væ̃2	【碗簸子】当地小杂粮做成的食物。做法是用碗作模具将杂粮面团一个一个地放在铁锅中烙熟即可。
碟	tiɛ	【七碟子八碗】形容饭菜丰盛,碗碟很多。
碡	tʂu	【碌碡】农具,用石头做成,圆柱形,用来轧谷物,平场地。
碰	pʰəŋ5	【碰着】碰见。也说“碰上”。
鹼	tɕiæ̃3	【碱面子】食用碱。
碴	tsʰa	【胡子拉碴】形容满脸胡茬子,不加修饰的样子。
碴	tsʰa3	【绿碴碴的】形容事情做得见不得人:乜做下的事情~。
磕	kʰuɤ2	【磕守守】因寒冷胆怯或疾病而战战兢兢的样子。
磨	mɤ	【死羊磨血】本义是羊被宰杀后,体内的血要流一段时间才能流尽。引申为做事拖拉、磨蹭:要做就好好做,不咧~咧。
磨	mɤ5	【拉磨雷】闷雷。
磨	mɤ3	【扯磨】聊天儿(侧重于说正经事儿)。
礤	tsʰa2	【礤子】礤床儿:~快得很,用可咧小心手着。
禮	li3	【四色礼】指四种不同样式的礼品,一般为茶叶、白酒、点心、肉。通常在婚事或比较重要的事情上使用。
禮	li	礼金、聘礼:现在说一个媳妇,没有几万块的~是说不来的。②礼貌:常言说,~多人不怪么。
社	ʂɤ5	【耍社火】当地农村逢春节举行的庆新春活动,形式包括高跷、旱船、舞狮、秧歌等。
祈	tɕʰi3	【祈雨】通过宗教等仪式祈求上天降雨。
神	ʂəŋ	【祭神】当地习俗,通常是过春节或家中有大事时在正屋供奉各路神灵。
祟	suei	【鬼祟】小人。那是个~,你小心着!
祥	ɕiaŋ	【利祥】顺利、安康:快过年咧,大人娃娃都叫~着,不咧出啥事咧。
票	tsʰæ̃	【头票】淘米、漂洗衣服或熬药的第一遍。
票	pʰiɔu5	【冥票】给死人烧的纸钱。
祭	tɕi5	【祭神】当地习俗,通常是过春节或家中有大事时在正屋供奉各路神灵。
禍	xuɤ	【招祸】遭遇坏事与不幸:你娃娃不听老人的话,~还在后头呢。/你这么~着呢,就没有想一下子为啥吗!
禮	kʰuæ̃5	【死禮子】同“死疙瘩”。
禳	ʐaŋ	迷信的人向鬼神祈祷消除灾殃的活动:娃娃让鬼吓咧,赶紧给~一下。②用开玩笑的口吻讥讽某人:当咧官就认不得人咧,让我给好好~咧几句。《广韵·阳韵》:“汝阳切。除殃,祭也。”
离	li	【离娘布】当地婚俗。指女方出嫁时,由男方送给岳父母的礼品,一般是现金或能做衣服的布料。
离	li5	【离心近】待某人亲密一些、偏心一些:那是~着才说这些关心的话着呢。
秀	ɕiəu5	【秀丽】女性身材窈窕,模样清秀。②(字迹)清秀好看。
秃	tʰu2	【秃子】刮光或脱光头发的头:天热得很,刮成个~算咧。②刮光或脱光头发的人:人群里那个~就是的。
稈	kæ̃3	【玉麦秆秆】玉米秆儿。
稈	kæ̃	【玉麦秆秆】玉米秆儿。
秋	tɕʰiəu	【立秋】节气之一。
秋	tɕʰiəu2	【秋田】秋收作物。
種	tʂuŋ	【芒种】节气之一。
秕	pi3	瘪,不饱满。
秤	tʂʰəŋ5	【折秤】货物重新过秤时因损耗而分量减少,或货物大宗称进,又零星称出而分量减少。
秦	tɕʰiŋ	【秦腔】流行于西北各省的地方剧种。
稀	ɕi2	【稀饭】用米熬的粥,也说“米汤”。
稀	ɕi	【拉稀】拉肚子。
程	tʂʰəŋ	【力程】指经济能力:想盖几间像样子的房呢,没~么。
稠	tʂʰəu	【路数稠】办法多,心眼儿多。
稠	tʂʰau	【人稠地狭】人口稠密而土地窄狭。
穩	vəŋ3	【把稳】稳当,保险:你早早弄~,不咧到时候再有啥麻达。
稿	kɔu3	【草稿纸】用来打底稿或演算的纸。
穗	suei5	【出穗】粮食作物抽穗。
穰	ʐaŋ	虚弱:大病咧一场,身体~得很。
究	tɕiəu	【讲究】风俗习惯:你没问一下,乜们那搭有些啥~。匠工tɕiaŋ44kuŋ21指建筑行业中有一定技术的工人。
窮	tɕyŋ	【吵家穷】夫妻之间对爱唠叨的丈夫或妻子的称呼。草帽子tsʰɔu53mɔu44tsɿ21草帽儿。
窮	tɕʰyŋ	【穷倯】全都想占为己有,但又显得寒酸吝啬。
空	kʰuŋ5	【身不空】怀孕的隐讳说法。
空	kʰuŋ2	【空肚子】空腹。
穿	tʂʰuæ̃2	【鱼儿穿沙】将饺子、面叶、小米煮在一起吃的食物。也说“金鱼摆沙”。
穿	tsʰuæ̃2	通过(孔、隙、缝):奶奶眼睛花咧,你帮着把针给~上。
窄	tsei2	【窄卡】地方狭窄:地方~着坐不下几个人么!②衣服瘦小:这个衣裳你穿上有些~。
窊	va3	跑:在操场里~给咧几圈子。《广韵·祃韵》:“乌吴切。踏地用力。”
竅	tɕʰiɔu5	【窍大】点子多,办法大。
窯	iɔu	【箍窑子】用土坯箍成的窑洞样的住所。
窯	iɔu2	【窑脑里】窑洞的最里边。
窖	tɕiɔu5	【窖雪】下雪时,雪被风刮成较高的棱状。
窗	tʂʰuaŋ	【四门八窗】当地民居门窗的一种样式,即在两扇活动的门旁还有两扇固定的门扇,窗户都是八扇的。
窗	tʂʰuaŋ2	【窗花】剪纸的一种,常在过春节或有喜事时贴在窗户上用作装饰。
窗	tʂʰuəŋ	【深门浅窗子】当地民居的一种构造形式,即窗户的位置凸出,门的位置凹进。
竄	tsʰuæ̃5	【窜活】身手敏捷灵活。
窩	vɤ	【被窝筒筒】被窝儿:冷月天的~,暖和得很,人到底懒得出来。
窩	vɤ2	待在某一地方不出声或不动弹:你悄悄~着,看他都能干啥。窝窝vɤ213vɤ24棉鞋:娃娃出满月恰,给送上一双虎头~。
窩	uɤ	【腰窝儿】指人或猪、牛、羊的肾。
窟	kʰu2	【鼻窟窿】鼻孔:没防住把~给戳烂咧。
窿	luŋ	【鼻窟窿】鼻孔:没防住把~给戳烂咧。
立	li2	【立字据】为某种交易或承诺写下文字凭据。
立	li	【立秋】节气之一。
豎	ʂu5	【竖竖子】竖着:~立下算咧。
站	tsæ̃5	【不怕慢只怕站】指做某事时慢一些不要紧,而停下来就有问题了。
站	tsæ̃	【扎站】立足:现在不好好学技术,今后怕是在社会上没法~。②停留:一点点都没~,连夜赶回来咧。
章	tʂaŋ2	【拓章子】盖印章。
章	tʂaŋ	【待章】旧时对理发员的称呼,现几乎不用。
端	tuæ̃2	【一碗水端平】指做事要公平公正,不偏不倚:处理这号事情要~呢,端不平就会出麻达。
端	tæ̃2	【五月端午】农历五月初五,端午节。
端	tuæ̃	【好么端端的】好端端的。
竹	tʂu2	【竹棍子】细毛竹:从尻子上美美抽给咧几~。
竿	kæ̃2	【撑竿竿】挑大梁、当领导承担责任。
竿	kæ̃	【撑竿竿】挑大梁、当领导承担责任。
笆	pa	【房笆】将芦苇秆儿编织在一起放在瓦与椽子中间,起房面板的作用。
笆	pa2	【甑笆子】圆形,放在锅中,上面有排列整齐的小孔,利于蒸气通过,用来蒸热食物。
笊	tsɔu5	【笊儿】笊篱,用金属丝或竹篾柳条等制成的能漏水的用具,长柄,用来捞东西。
笋	suŋ3	【笋子】莴笋。
笏	xu	【臭笏板】指做事非常差劲之人。
笑	ɕiɔu5	【失笑】可笑:乜讲开故事咧~得很。
筆	pi	毛笔、铅笔、钢笔的总称。②笔画:这个字通共几~。③量词:那个人写下一~好字。/乜发咧一~洋财,一下子富咧。
筆	pi2	【笔帽帽】笔帽儿。
笡	tɕʰiɛ5	本义为倾斜,可引申为依靠、安放等义:盆里水少,~一下就能洗手咧。/他那个人,~个坡坡就溜咧。/娃娃吃奶睡着咧,~到炕上叫睡好。《广韵·祃韵》:“迁谢切。斜逆也。”
笤	tʰiɔu	【笤刷子】体形较小的笤帚,常用来扫炕或面粉。
笸	pu2	【提起笸篮斗动弹】比喻不是就事论事而是有关无关的事统统都拉过来谈说:哎呀呀,你一下就~,说那么多做啥呢!
笸	pu	【笸篮】用柳条或篾条等编成的篮子:△笸篮里睡觉呢——弯(完)货。
籠	luŋ	【筷笼子】盛筷子的竹笼,现也有用塑料制成的。
籠	luŋ3	【笼子】用竹篾、树枝等编制成的器具,用来装东西。
等	təŋ3	【等当】比划。
筋	tɕiŋ	【蹄筋儿】牛、羊、猪的四肢中的筋。
筋	tɕiŋ2	【抽筋】同“抽风②”。
筐	kʰuaŋ2	【筐子】用竹篾、柳条等编成的盛东西的器具。
筑	tʂu	用重物将虚土弄结实:好好把这个地方~给几下,下雨的时候就再不往下渗水咧。②用手或器物打:你今儿个旦不好好写作业,看我咋~你恰!
筒	tʰuŋ3	【直筒子】性情耿直之人。
筒	tʰuŋ	【笔筒筒】同“笔罐罐”,也说“笔筒子”。
答	ta2	【胡喊冒答应】胡乱应声,引申为跟着人没有原则地胡说。
答	ta	【道答】因不能做或做错了某事而向别人道歉。
篩	sɛi	把粉末状的物品用筛子来回摇动使细碎的漏下去,粗大的留在上面。②来回摇动(人或物):你几下子把我都~晕咧。
篩	sɛi3	【筛翠】穿着色彩鲜艳的衣服来回走动,以示炫耀:乜给人~着呢!
筵	iæ̃	【吃筵席】指举办婚礼时,女方送亲的人到男方家吃酒
筷	kʰuɛi5	【火筷子】铁制的像筷子样的夹煤、拨火的用具。
簡	tɕiæ̃3	【嘴简】爱插嘴,爱多嘴:就你~,你给我悄着!/这个
箍	ku	【箍缸的】旧时以箍缸手艺谋生的人,现已很少见。
箍	ku2	【箍窑子】用土坯箍成的窑洞样的住所。
箕	tɕi	【簸箕】用竹篾、柳条或铁皮制成的器具,三面有边沿,一面敞口,用来簸粮食、撮垃圾或暂时盛东西。
管	kuæ̃	【只管】老是、总是:~这么个怕是不行。②不必担心,放心:东西的质量好着呢,你~用着去。
管	kuæ̃3	【不管闲】不操心:那是个心大人,乜啥都~么。②不理睬:你给乜说啥乜都~。
箭	tɕiæ̃5	【土箭】形容人跑得飞快,给人一骑绝尘的感觉。
箱	ɕiaŋ	【压箱子的】当地婚俗。指女方送亲队伍里,专门看护嫁妆的人,一般由新娘子的弟弟担当,现也有新娘子的表弟、堂弟担当的。
篦	pi5	【篦子】用竹子制成的梳头工具,中间有梁儿,两侧有密齿。篦子客pi44tsɿ21kʰei21刻薄尖酸之人。
籃	læ̃	【提起笸篮斗动弹】比喻不是就事论事而是有关无关的事统统都拉过来谈说:哎呀呀,你一下就~,说那么多做啥呢!
篷	pʰaŋ	【斗篷】披在肩上没有袖子的外衣,有的还带有帽子,多为儿童冬装。
篷	pʰəŋ	【篷布】遮盖货物用的大苫布:下雨恰,赶紧把~拉过来苫上。
篼	təu	【背篼】用柳条或竹篾编制而成的底小口大的筐子,背在背上用于运送物品。
篾	mi	【席篾子】用苇子、竹子、高粱秆等的皮劈开形成的细长的薄片,用来编席、篓子等。
簧	xuaŋ	【拔咧簧咧】出众、拔尖儿:乜家娃娃考上北大咧,真个~。②用尽所有的(常用在把字句中,说成“把……簧拔咧”):这一回买房,把王老二的~。
簸	pɤ3	用簸箕颠动米粮,扬去糠秕和灰尘。
簿	pu5	【记礼簿的】指在红白喜事上专门负责收记礼物礼金的人。
米	mi3	【米汤】稀饭。②蒸米饭时撇出的米汁儿(随着电饭锅的普及,这种做法现已不多见)。
籽	tsy3	【辣辣籽儿】葶苈的种子,入中药,有清热、利尿、祛痰之功效。
籽	tsɿ3	【葵花籽儿】向日葵的籽。
粉	fəŋ3	【烩粉】当地风味小吃。
粉	fəŋ	【凉粉】一种风味食品。用土豆或扁豆的淀粉熬成稠糊,冷却后凝成块状,吃时切成细条,拌上醋、辣椒等佐料。
粗	tsʰu	【五大三粗】形容人长得既高大又壮实。
粗	tsʰu2	【粗声大气】粗声粗气。
粘	ʐæ̃	【鼻粘住棍】鼻涕粘在棍子上,喻指缠绕、附着在上面,难以摆脱。
粥	tʂəu2	【腊八粥】民俗之一。在农历腊月初八这天,家家户户有熬粥喝的风俗。
糞	fəŋ5	【撒粪】把牲畜圈、厕所里起出来的大块土粪和腐烂的粪便打碎,再用铁锹把打碎的粪土撒在锥形的粪堆上,这样细土细粪便堆积如山,尚未打碎的粪便和土块便又溜下来,继续把它们用刨子打碎,这样反复直到粪土变细为止。
糧	liaŋ	【吃野粮食的】詈语,通常用来指没有教养的人:你一点教养都没有,简直是~!
精	tɕiŋ2	【纸精】废纸经水浸泡后捣成纸浆用来造纸。
精	tɕiŋ	【猴绺精】指不稳重、爱搬弄是非之人。
糅	ʐəu	【燕面糅糅】当地小吃。用燕麦面粉和面,加工成
糊	xu	【稀里糊噜】糊里糊涂:~就上当咧。②晃晃悠悠不稳的样子:△骑的驴,背的缸,~不稳当。
糊	xu5	【糊弄】欺骗,蒙骗:小心不咧叫人~咧。
糕	kɔu3	【鸡蛋糕】有鸡蛋成分的糕点。
糕	kɔu	【甑糕】用糯米蒸成的黏米饭。蒸时米中放红枣、葡萄干、核桃仁等,吃时放蜂蜜或白糖。
糖	tʰaŋ	【喜糖】因喜庆之事被赋予吉利欢庆意味的糖。
糜	mi	【糜子】一年生草本植物,叶子线形,子实淡黄色,去皮后叫“黄米”。
糟	tsɔu	【倒糟】垮台、败落:你不信你看着,他这么做生意~地快咧。
糨	tɕiaŋ5	【糨子】糨糊:△猫儿吃~呢——净在嘴上挖抓着呢。
系	ɕi5	【系系子】物品上的系带:书包上的~太细咧。②像系带样的东西:连下一点~,一弄就断咧。
素	su5	【不素净】非清真的,指含有伊斯兰教忌食的成分:那个馆子~,我不能进去。
索	suɤ2	【索索子】指物体细碎成一缕一缕的样子:旗旗子让风撧成~咧。
索	suɤ	【索索子】指物体细碎成一缕一缕的样子:旗旗子让风撧成~咧。
緊	tɕiŋ3	【一紧儿】圆满、周全:给儿子把媳妇拉扯上,我就~咧。②集中精力在某一方面:~弄着呢,你就给弄好!
緊	tɕiŋ	【要紧把慢】紧要关头。
紫	tsɿ3	
累	luei5	【累怅】指人邋遢不修边幅或精神萎靡不振。也叫“累堆”。
繎	ʐæ̃5	本义是指棉花、毛发沾在布料上难以清除。引申为用“沾”的这种方式获取更多:棉花~咧人一身,急忙扫不跌。/动脑子看从公司里多~一点么。
纂	tsuæ̃3	【纂纂子】纂儿,妇女梳在头后面的发髻:△拉住和尚绾~呢么。
纂	tsuæ̃	【纂纂子】纂儿,妇女梳在头后面的发髻:△拉住和尚绾~呢么。
糾	tɕiəu2	【明纠纠】物体表面颜色鲜艳,光泽强烈的样子。
糾	tɕiəu	【明纠纠】物体表面颜色鲜艳,光泽强烈的样子。
紅	xuŋ	【挂红】指某人有喜事或表现优秀时,旁人(一般为长辈或领导)为他(她)披上大红或色彩鲜艳的被面表示祝贺。
紅	rxuŋ	【绿籽儿红瓤】形容说话天花乱坠,吹牛不着边际。
纤	tɕʰiæ̃5	【扯纤】丧俗。指将数丈长的白布绾在棺材两边,由孝子们并排牵着送葬。
約	yɤ2	契约。
級	tɕi	【升级】扑克的一种玩法。
紙	tsɿ2	【纸火】祭奠死者,为之烧化的纸制祭品的统称:你爷爷的三年纸快到咧,~定下咧没有?
紙	tsɿ3	【纸精】废纸经水浸泡后捣成纸浆用来造纸。
線	ɕiæ̃5	【踢脚线】房屋墙壁下部用水泥或瓷砖装饰,用来防潮。
細	ɕi5	【二细】指吃拉面时,将面拉成比平常细的稍粗一些的面。
細	ɕi	节俭、节省:老三两口子日子过得~得很。②吝啬:那个倯~尿子地,你能沾上他的个啥!
絆	pæ̃	【跌绊】想尽一切办法达到目的:好不容易~咧个工作,
絆	pæ̃5	【跌死绊活】形容决心很大,不惜牺牲一切:~地弄着来的钱,难道说没有就没有咧?
絀	tʂʰu2	【秕绌绌子】粮食作物颗粒不饱满或充气、装物的口袋变空:气一放,一下子成~咧。
絀	tʂʰu	【秕绌绌子】粮食作物颗粒不饱满或充气、装物的口袋变空:气一放,一下子成~咧。
絀	tʂʰu3	【蔫绌绌】形容人不吱声,不活泼的样子。也说“蔫不绌绌的”。
經	tɕiŋ	【故经】故事。碎时候大人给我讲得~多得很!
絨	ʐuŋ	【条绒】灯芯绒:20世纪70年代,~衣裳流行得很。
結	tɕiɛ2	【苦瓜结着苦蔓上】比喻人的命运多磨难。
給	kei	【说给】告诉:你给他~,就说我骂着呢!
給	kei5	【给事】故意找麻烦:这两天正~着呢!也说“寻事”。
絶	tɕyɤ	【老绝户头子】指没有子女后代的老头儿。
絞	tɕiɔu3	【绞丝旁】汉字偏旁名称,如“纱、级、纺”等字的左半边。
絞	tɕiɔu5	【绞棒子】使捆绑大件物品(多为较重或易散的)的绳索更紧一些的小棍子:多准备些~,一下子捆紧成。②比喻给某人增加压力:这个人就是要上~呢,要不然就没是不行。
絹	tɕyæ̃3	【手绢儿】随身携带的小块织物,用来擦汗或擦鼻涕等。手帕ʂəu53pʰa21同“手绢儿”。
繡	ɕiəu5	【臭绣球】天竺葵,散发臭味。
續	ɕy5	【续牙】换牙。娃娃也到咧~的年龄咧。
繩	ʂəŋ	【花绳绳】当地人在端午节时用五彩丝线搓制成的细绳子,佩戴在手腕、脚腕、脖颈处,到农历六月初六时再剪下扔掉。
維	vei	与人相交并保持友好关系。△惹一个人容易,~一个人艰难。《说文解字注》:“引申云,凡相系者曰维。”
綿	miæ̃	食物熟透后显得很软的感觉。②(性情)温和。③柔软:乜的个手~得很!
繃	pəŋ	用力睁大(眼睛):把人惊得眼睛~咧那么大。②瞪:让人家美美地~咧几眼。
繃	pəŋ2	【绷大】在某人面前争说年龄大或辈分高。
綢	tʂʰəu	【绸绸子】绸子。
綹	liəu5	【窄绺绺】狭长的条儿:好好的一块布料,裁成个~,能做个啥?
綹	liəu	【窄绺绺】狭长的条儿:好好的一块布料,裁成个~,能做个啥?
綹	liəu3	【猴绺精】指不稳重、爱搬弄是非之人。
綻	tsæ̃2	裂开:手上~开咧一个口子。
綻	tsʰæ̃5	本义为衣服缝张开,引申为将卷着、包着的东西舒展开,敞开:~开一看,原来是些不值钱的烂东西。《广韵·裥韵》:“丈苋切。衣缝解。”
綠	liəu2	【绿辣子】青辣椒。
綠	ly	【苹果绿】像未成熟的苹果的绿色,色较浅。
緇	tsɿ2	【缁泥】黑色的淤泥:一没防住,脚搭~里进咧。
緝	tɕʰi	用倒扣的针脚密密地缝。《广韵·缉韵》:“七入切。绩也。”
緶	piæ̃3	卷起裤腿或袖子:河水深着呢,把裤腿~起来。《广韵·铣韵》:“方典切。褰裳。”
緶	pʰiæ̃	把衣服边折起再用针缝住:新买的裤子要~裤边子呢。《说文·系部》:“缏,衣也。”《广韵·仙韵》:“房连切。”
縋	tʂuei5	拽:高台台子我上不去,你~我一把。/△想上天去屎~着呢。
緩	xuæ̃3	【消缓】来得急,不着急。
編	piæ̃2	【编壳】撒谎、虚构:那是给人~着呢,你当是真的?
縫	fəŋ5	【指甲缝】指甲和指头肌肉之间的缝隙。
纏	tʂʰæ̃	【顾缠】照顾:他连自己都~不住着呢,能顾上管你!
纓	iŋ2	【玉麦缨子】玉米穗。
縮	suɤ2	【缩水】布料、衣服浸泡后收缩。
縮	ʂuaŋ	(人)手、脖子因寒冷、惧怕而缩进衣服:天冷得很,赶紧把手~进去。②身体向后退:往后~啥呢么,害怕咧?
繰	tɕʰiɔu2	做衣服边儿或带子时把布边儿往里头卷进去,然后藏着针脚缝。
缸	kaŋ	【箍缸的】旧时以箍缸手艺谋生的人,现已很少见。
缺	tɕʰyɤ5	身体瘦弱,营养不良:这个娃娃~得三根筋连着呢。
罐	kuæ̃5	【笔罐罐】插放笔的圆筒形器具,多由木、竹或陶瓷制成。也说“笔罐子”。
罐	kuæ̃	【笔罐罐】插放笔的圆筒形器具,多由木、竹或陶瓷制成。也说“笔罐子”。
羅	luɤ	【罗儿】一种器具,在木框或竹筐上张网状物,用来使细的粉末或流质漏下去,留下粗的粉末或渣滓。②椭圆形的手指纹。
罷	pa5	完了,完毕:吃~中午饭,你跟我走。
罷	pa	【饭罢】中午吃完饭至下午3点左右的一段时间。
罩	tsɔu5	【罩衣】穿在棉袄上的单衣。
罪	tsuei5	【受阳罪】受苦受累:跟上你~着呢么,你当是享福呢!受咧风咧ʂəu44liε21fəŋ213liε21被风吹了,中风。也说“迎咧风咧”。
羊	iaŋ	【死羊磨血】本义是羊被宰杀后,体内的血要流一段时间才能流尽。引申为做事拖拉、磨蹭:要做就好好做,不咧~咧。
美	mei3	【不美气】不舒服:这两天身上硬巴巴的,~得很。
美	mei	美丽。②好。③舒适。
羔	kɔu	【对羔子】双胞胎。
羔	kɔu2	【羔子皮】羊羔的毛皮。
羔	kɤ	【羊羔子】羊羔。
羝	ti2	【羝胡】绵羊群里的种羊。
羞	ɕiəu2	【羞脸大】非常害羞。
羯	tɕiɛ2	【羯羊】阉割过的公羊。
羹	kəŋ	【调羹子】小汤匙。
翎	liŋ	【鸡毛翎子】戏曲中武将帽子上插的雉尾。
翕	ɕi	(面团)松软粘在一起:和下的面受热以后就~咧。
翹	tɕʰiɔu	木制品受水浸湿后干燥变形:房门~咧关不严实。
翹	tɕʰiɔu5	手脚因受冻而不灵活:手冻~着呢,不能拿笔写字。也说“拙”。
翠	tsʰuei5	【耍翠】冬天或气温低的时候穿得少:这么冷的天,你看乜家还抖单衫子着~呢。
翠	tsʰuei	衣着以绿色为主:今儿个小张他妈咋穿得~得很。②冬天穿得单薄:哎呀呀,这么冷的天,你真个是耍~着呢!
翻	fæ̃	【世翻】拨弄,折腾:在人脸上不咧~咧唦!/再不咧在家里
翻	fæ̃2	【翻拔】指疾病复发:看着好利然咧,没想到开春~咧。
翻	fæ̃3	【翻攣】指对人或物动手动脚:你再不咧~人咧唦!②想办法去做:不知道乜咋么~咧一下,就把工作找上咧。
老	lɔu	【吃老虎】亲嘴,接吻。
老	lɔu3	【日娘掏老子】用不文明的语言辱骂。
老	lɔu2	【老拇】总共,仅仅:~就这几个钱咧,你还要这要那的。
而	ɛr	【而个】现在,如今:~这个社会,假货太多咧。
耍	ʂua3	【不识耍】经不住开玩笑而恼怒:他这个人~,你再不咧给他开玩笑咧。
耎	ʐuæ̃2	【地耎子】一种春夏之交生长在地上的藻类植物,可食
耐	nɛi5	【耐活】坚持、忍耐:再~上一阵阵,马上就到医院咧。
耗	xɔu	【折耗】物品或商品在制造、运输、保管等过程中数量上的损失:这一趟跑新疆,~下的还没算进去。②人员伤亡:这一仗~咧不少人!
耙	pʰa	【灰耙子】给火炕里面填送燃料的工具。
耬	lu	播种用的家具,可同时完成开沟和下种两项工作。
耱	mɤ5	平整土地用的一种农具,长方形,用藤条或荆条编成。功用和耙差不多,通常在耙过以后用耱进一步平整土地,弄碎土块。
耳	ɛr3	【耳坠子】耳垂。也说“耳朵坠坠”。
耳	ɛr2	【耳枕】一种枕头,中心有拳头大小的洞,侧睡时一耳正在洞中,可避免耳朵被挤压。
耷	ta	【蔫头耷拉】形容生长着的植物因缺少水分,枝叶、穗头下垂的样子。②形容人的情绪不高,垂头丧气的样子。
聯	luæ̃	【妇联】妇女联合会。
聯	liæ̃	【联手】伙伴、朋友。
肅	su	【麻肃】严肃:一脸的~,没人敢惹。
肉	ʐəu	【子肉】精瘦肉:净~吃去太干咧,多少得有点肥的。②自身的,自个儿的:输的钱全是别人的你还没伤着~呢。
肉	ʐəu5	【吃肉包子】同“吃老虎”。
肋	lei2	【肋子】人或动物的肋骨。也说“肋巴、肋条、肋巴骨”。肋巴lei213pa24同“肋子”
肌	tɕi	【瘦肌麻达】身体瘦削,弱不禁风。
肎	kʰəŋ5	【勒肎】故意刁难别人。
肖	ɕiɔu	【耍肖】取笑、挑逗:人够咧你还叫我着,简直是~人着呢么!
肖	ɕiɔu2	(人或物)不结实,经不起摔打:这个凳子也太~咧,一坐就坏咧。/娃娃~得很,动不动就嚎开咧。
肘	tʂau	【胳肘子】胳膊肘儿。
肚	tu3	【肚子】猪、牛、羊的胃,可食用。
肚	tu5	【大肚子】腹部较大。②怀孕:你媳妇~着呢,叫干啥小心着。
肚	tu	【裹肚子】棉袄:伏里天把那个皮~拿出来晒一下。
肝	kæ̃	【烂肝花的】指心肠坏,做缺德事的人。
肝	kæ̃2	【肝子】指食用的猪、牛、羊等动物的肝脏。
腸	tʂʰaŋ	【笔肠子】钢笔存储墨水的软管。
股	ku3	【七股八柯杈】这儿一枝那儿一枝的,形容零乱不整齐。
肢	tsɿ2	
肥	fei	【肥囊囊】讥讽人长得肥胖:你看你~的,能弄个啥?②(动物)肉肥,让人厌恶:净是些~肉,没人吃。
脹	tʂaŋ	身体内壁受到压迫而产生不舒服的感觉。②吃(贬义):不管别人吃咧吗没吃,先把自己~饱再说。③“胀气”的简略说法。
脹	tʂaŋ5	【胀气】生气,通常简略地说成“胀”:再不咧叫我见他,见咧我还~得很。
背	pei5	【扔背咧】置于脑后无人记起:几年没有联系,都~。
背	pei2	【背床板】对睡觉的形象说法。
背	pei	荒僻,偏僻:~街上的房价要便宜一些。②听力不好:人耳朵~咧,要大声给说呢!③不走运、倒霉:今儿个就~得很,弄啥都弄不成!
胎	tʰɛi	【老孙胎】同“老疙瘩”。
胗	tʂəŋ	【鸡胗干】宰杀后供食用的鸡胃。
胛	tɕia2	【胛子】肩膀。
胛	tɕia	【前胛子】猪、牛的前肢部分。
勝	ʂəŋ	【不胜】不如:车这么多,~走着去。②比不上:一个年轻娃娃还~我个老婆子。
胡	~	咧,出去耍去!
胡	xu	【羝胡】绵羊群里的种羊。
胡	xu2	【胡大】伊斯兰教的真主,被认为是万物的创造者,人类命运的主宰者。
胮	pʰaŋ2	浮肿。
胯	kʰua3	【胯子】腰的两侧和大腿之间的部分。
胰	i5	【胰子】香皂、肥皂的统称。
胳	kɤ2	【胳肘子】胳膊肘儿。
膠	tɕiɔu	【开胶】用胶粘在一起的物品脱离。
膠	tɕiɔu2	【胶布子】胶布。
胸	ɕyŋ	【敞胸露怀】不系衣扣并露出胸脯,显得不正式、不雅观。
胸	ɕyŋ2	【胸叉】羊胸骨:叫上上个~,咱们两个美美吃一顿。
能	nəŋ	【日能】形容人有能耐(含赞赏意味):那个人~着呢,乜自己设计着盖咧个楼房。②有能耐(含讥讽意味):这么说你还比谁~?③逞能:在不咧~咧,赶紧找个会弄的去。④形容人态度傲慢:不就是当咧个处长么,~啥呢!
能	nəŋ5	宁可:△~给狠汉子牵马拽镫,不给倯汉子出谋定计。
脆	tsʰuei	容易折断破碎(跟“韧”相对):塑料脸盆子叫太阳晒~咧。/人老咧命就~咧。
脆	tsʰuei5	【脆活】说话做事爽快、干脆;②(声音)清脆。
脉	mei2	脉搏,即动脉的跳动。
脊	tɕi2	【脊檩】人字形房屋最高处的檩条,也说“大梁”。
脏	tsaŋ2	【脏囊】肮脏、不卫生。
臍	tɕi	【脖脐眼】肚脐眼儿。
腦	nɔu	【鼻淌脑水】(小孩儿)擦不净鼻涕:这个娃娃~的,一点都不乖。②(成人)邋遢的样子:一天价~的,也不知道收拾自己。
腦	nɔu3	【猪脑子】猪脑。②愚笨、愚蠢的东西或人:你~吃咧八大碗,就笨死着呢!/那是个~,你给说啥乜都听不懂。
膿	nuŋ	【谝子脓】吹牛说大话的人:你真是个~。
脖	pɤ	【二脖子】见“五家抱”。
脖	pu	【脖脐眼】肚脐眼儿。
脚	tɕyɤ	【踢脚线】房屋墙壁下部用水泥或瓷砖装饰,用来防潮。
脚	tɕyæ̃	【车脚子】人力车或马车、牛车的轱辘。
脚	tɕyɤ2	【脚巴骨】跗骨。
脬	pʰɔu	【花脬头】花蕾:一场寒流把~都冻跌咧。
脬	pʰɔu2	【脬子】阴囊:跟人打捶去来,让人把~踢伤咧。
脱	tʰuɤ	【扔脱】用力扔掉:让我~一胡墼,刚打着尻蛋子上。②摆脱纠缠:跟着后头缠咧一个礼拜,希~不了咧。
脱	tʰuɤ2	用在动词后面,表示起、起来、开、开来等意义:酒喝着二浪里,乜还给咱们唱~咧。
臉	liæ̃3	【屄脸】詈语:吃咧还要拿上,真不要~。
脾	pʰi	【没脾气】想发脾气但又没有正当的理由,只好不发脾气:你说乜错咧,乜说乜没错,你还~。
腆	tʰiɛ5	凸出或挺起(胸、腹):那个妇人~下个大肚子,你能让她做个啥?
腆	tʰiæ̃	【腼腆】害羞,不自然。
臘	la2	【十冬腊月】指冬季最寒冷的时候。
臘	la	【腊八】农历腊月初八。
腐	fu	【麻腐冰】半冰半水的薄冰。
腔	kʰaŋ	【腔子】胸脯、胸膛:为这事我是给人拍咧~的。/喝咧些白酒,~里连火着的一样。
腔	tɕʰiaŋ	【秦腔】流行于西北各省的地方剧种。
腕	væ̃5	【搬手腕】两人手握在一起较量,看谁的手腕力气大:咱两个~,谁赢谁去。
腥	ɕiŋ	【冷不腥腥】同“冷不唧唧”。
腮	sei	【痄腮】腮腺炎,发病时两耳下部肿大,腮腺化脓。
腮	sɛi2	【腮帮子】面颊的下半部。
腮	sɛi	【脑儿腮】领导(名词):主席台上的几个~,我一个都不认得。
腰	iɔu	【拔硬腰子】游戏。两人弯腰相互抱住对方腰,用力向上提起,提起对方者获胜。
腰	iɔu2	【腰窝儿】指人或猪、牛、羊的肾。
腰	iɔu5	【腰子】靴子或袜子束脚腕的筒儿。
腱	tɕiæ̃5	【腱核】腱子肉,动物大腿上的肌肉,有肉膜包裹,内藏筋,硬度适中,纹路规则。
腲	vei	(身体残疾)在地面上缓慢移动,引申为行动迟缓:他胖得劲大,走路都是朝前~着呢。《广韵·贿韵》:“乌贿切。行病。”
膩	mi	支、撑:把车轮子用石头~住,不咧让顺坡坡溜咧。②堵塞、淤塞:下水道叫倒下的恶水给~住咧。
膩	mi5	【腻虫】蚜虫。
膩	ȵi5	【腻人】指某种物体让人看了后产生恶心、难受的感觉:赶紧(把东西)拿过,~死咧!
靦	miæ̃	【腼腆】害羞,不自然。
騰	tʰəŋ2	【实腾腾地】形容人非常实在:让人感觉这个人~,够朋友。
騰	tʰəŋ	【实腾腾地】形容人非常实在:让人感觉这个人~,够朋友。
騰	tʰəŋ3	【憨腾腾地】形容小孩儿天真、可爱的样子:碎娃
腿	tʰuei	【鸡大腿】鸡腿。②自行车脚踏板与中轴之间连杆的俗称。
腿	tʰuei3	【裤腿子】裤脚。
膀	paŋ3	【膀子】禽类的翅膀:~扇呢扇呢地,就是飞不起来。②类似翅膀的构造:飞机落地的时候,~起火咧。
膀	paŋ	【翎膀子】鸟类的翅膀。
膏	kɔu3	【药膏子】药膏儿。
膗	tʂʰuɛi5	耍赖。
膪	tʂʰuɛi5	【死皮赖膪】死乞白赖:乜~地坐下咧,我能让乜走?
膯	tʰəŋ3	【膯子】指愚笨迟钝又固执己见之人。
膯	tʰəŋ	【膯膯的】形容小孩子的脸胖嘟嘟的:娃娃长得~,心疼很!
臂	pei	【胳臂】胳膊。
臊	sɔu	【□尿臊】[tɕʰia53ȵiɔu44sɔu21]抬腿从别人的头上跨过。
臊	sɔu2	【臊胡】山羊群里的种羊。
臊	sou2	【臊葱】葱的一个品种,气味浓烈。也说“龙葱、红葱”。
臊	sɔu5	【臊毛】不体面、不争气:这个还是不做咧,不够~的!②尴尬:把人~得希走不下来咧!
臚	lyŋ3	被抽打后皮肤上隆起的细条状肿块:一鞭子下去,胳膊上就起咧一道~。
臠	lyæ̃	瘫痪:他~到炕上几年咧。《广韵·桓韵》:“落官切。病瘠貌。”
自	tsɿ5	【自来旧】指新买的衣服或做衣服的布料颜色不好,显得陈旧:我看不上那个衣裳,看上去有些~么。
臭	tʂʰəu5	【臭斑斑】一种躯体扁平、有特殊臭气的小昆虫,喜生
臭	tʂəu5	【臭棍】系在牲畜尾巴下面的一条短棍儿,两头用绳子系住套在鞍子上,以防鞍子往前滑:△驴乏咧怨~。
至	tsɿ5	【至多】表示最大的限度:一天~给着20块钱,划不来去。至少tsɿ44ʂɔu53表示最小的限度:一个冬天~要用过5吨炭呢。
至	tsɿ3	【天至一毫】形容达到极点:当小工子一天挣80块钱就~咧。
至	tsɿ	【冬至】节气之一。
舀	iɔu3	【水舀子】舀水的大勺子。
舅	tɕiau5	【姑舅】表兄弟。
舅	tɕiəu5	【娃他舅】丈夫对妻子兄弟的称呼。
舅	tɕiəu	【老上姑舅】指父亲的舅舅家族。
舌	ʂɤ	【七嘴八舌头】乱插话或议论纷纷:话还没说完,人家几个就~的嚷开咧。
舌	tʂʰɤ	【鹐舌子】指舌头短小,口齿不清之人。
舍	ʂɤ3	【开舍】大方
舒	ʂu	【干舒】干净整洁。
舔	tʰiæ̃3	【舔尻子】喻指走后门,拉关系,行不正之风。
舞	vu	【手指舞指】形容说话时手势动作繁多,让人厌烦:你说就说么,~的像个啥样子!
舞	vu3	【粘三舞四】指非常执着,不达目的不罢休(常含贬义)。
般	pæ̃	【火石雁般子】小型鸟类,嘴赤红色,上体暗灰绿色。
船	ʂuæ̃	【翻船】指液体在器皿中太满而溢出来。
色	sei	【四色礼】指四种不同样式的礼品,一般为茶叶、白酒、点心、肉。通常在婚事或比较重要的事情上使用。
色	sei2	【色子】骰子。一种游戏用具或赌具,多为骨制,小方块,六面分别刻一至六点。
艾	nɛi	艾叶(鲜嫩):五月节家家门上插的~。②艾绒(干艾叶):腰疼咧让人拿~灸一下。
節	tɕiɛ	【时节】时间:这么弄就太费~咧。②季节:你不看啥~咧,还穿下个单衫子!
節	tɕiɛ2	【节节子】量词,节:几~电池,能值几个钱!
芋	y5	【洋芋】马铃薯。
芒	maŋ	【芒种】节气之一。
芝	tsɿ2	
芥	kɛi	【刺芥】即小蓟。
芥	tɕiɛ5	【芥末】调味品,芥子研成的粉末。
芥	kɛi5	【芥辣子】芥菜。
芫	iæ̃	【芫荽】香菜。一年生草本植物,茎叶有特殊香气,做调味蔬菜。全草或种子能入药,可透疹、健胃。
芯	ɕiŋ5	【笔芯芯】圆珠笔的芯儿。
芯	ɕiŋ	【笔芯芯】圆珠笔的芯儿。
芯	ɕiŋ2	【芯芯子】物体中心的部分。
花	xua	【指甲花】凤仙花的通称。当地人尤其是女性常用它来装饰指甲,将采集的指甲花花瓣加上明矾捣成糊状,涂抹在指甲盖上,再用绿叶包裹起来,过24小时后指甲便染成了红色或橙红色。随着时代发展,这种做法正在消失。
花	xua2	【吃洋花生】指被枪毙。
芽	ia	【豆芽子】用黄豆或绿豆生的带芽的菜。
葦	y3	【苇子】收割后变干黄的芦苇秆儿。
莧	ɕiæ̃	【苋麻】多年生草本植物,茎叶上的蜇毛有毒性(过敏反应),人及动物一旦碰上就如蜂蛰般疼痛难忍,它的毒性使皮肤接触后立刻引起刺激性皮炎,如瘙痒、红肿等。
蒼	tsʰaŋ2	【绿头苍蝇】绿豆蝇:这一块子肉赶紧撇咧去,~把蛆都下上咧。②喻指追腥逐臭之人:那个人连个~一样,没有他不去的地方。
苏	su	【怃苏】内心烦燥:这两天心里头~得很!②使人烦恼:你再不咧~人咧唦!
苔	tʰɛi	【狗尿苔】真菌的一种,生长在潮湿的地方,菌盖带红色,表面有黏液,有臭味,不能食用。
苕	ʂɔu	不明事理,愚蠢糊涂:那个人~着呢,管你把啥说下呢。②大量的:趁下台前~给自己捞油水呢么。
苗	miɔu	【树苗子】树苗。
苜	mu2	【苜蓿】一种重要的牧草和绿肥作物。
苦	kʰu3	【苦楚】痛苦(多指生活上受折磨):你是不知道我的~。苦熇kʰu53tɕiɔu44艰辛,辛劳:那里的人日子~得很!
苦	kʰu	【苦苦菜】苦苣菜。
苦	ku	【勤苦】勤快:这个媳妇子~得很!
苫	ʂæ̃	【薄苫苫】形容物品非常薄的样子:这~的,冬里能给用?
苫	tʂʰæ̃5	【帽苫苫】帽檐。把个~压得低的,人连脸都看不见。
苫	tʂʰæ̃	【帽苫苫】帽檐。把个~压得低的,人连脸都看不见。
苫	ʂæ̃2	【苫苫子】简易搭建的能避风雨的棚子。
苫	ʂ2	【苫苫子】简易搭建的能避风雨的棚子。
苫	ʂæ̃5	遮掩,遮盖:把被子~严,小心感冒咧着。
苶	ȵiɛ2	疲倦,精神不振:这个娃娃今儿个咋不对,看上去~耷耷地。《广韵·帖韵》:“奴协切。病劣貌。庄子曰:‘苶然,疲役。’”
蘋	pʰiŋ	【苹果绿】像未成熟的苹果的绿色,色较浅。
茅	mɔu	【茅子】厕所:抽时间把~里的粪出咧。
茬	tsʰa	【打错茬】错过:他刚走,你连他~咧。
茭	tɕiɔu2	【地茭子】一种植物,有较浓的气味,当地人用来泡茶解暑。
茶	tsʰa	【茶饭】指做饭菜的手艺:现在的女人~好的少。
草	tsʰɔu	【浮皮潦草】做事敷衍塞责、极不认真:以后弄开啥咧,再不咧那么~地咧。
草	tsʰɔu3	【谷草豆瓣】指取过谷粒豆粒的谷草和豆蔓。
草	tsʰɔu2	【草纸】用稻草制成的纸。表面粗糙,多为黄色,用作包装纸。
荏	ʐəŋ3	人的机体某部位有酸软的感觉:酸杏儿吃多咧,牙就~咧。/膝盖受伤咧,走路的时候一~一~地。
薦	tɕiæ̃5	【横躺顺荐】横七竖八地躺着。
蕎	tɕʰiɔu	【荞麦】一年生草本。茎直立,上部分枝,绿色或红色。可以做面条、饸饹、凉粉等食品。
葷	xuŋ2	【荤油】从动物脂肪中得到的食用油。
藥	yɤ2	【打虫药】打寄生虫的药。
藥	yɤ	【贴眼药】指打小报告或用言语中伤别人:有人给~呢,有啥办法呢!
荽	suei	【芫荽】香菜。一年生草本植物,茎叶有特殊香气,做调味蔬菜。全草或种子能入药,可透疹、健胃。
蓮	liæ̃	【马莲】马兰草。多年生草本植物,根茎粗,叶子条形,花
莽	maŋ3	人长得壮实,大块头:这个小伙子是个~小伙子。《广韵·肿韵》:“莫冲切。丰大。”
菁	tɕiŋ	【蔓菁】芜菁。
菜	tsʰɛi5	【苦苦菜】苦苣菜。
菜	tsʰæ̃5	【大烩菜】将品种较多的菜与牛肉或猪肉片烩在一起的菜肴。
菜	tsʰɛi	【小菜】酒宴上非正式菜的总称。②用餐时简单、可口的小盘菜。
菢	pɔu5	【菢鸡娃子】孵小鸡:家里养下的个母鸡正~着呢。
蘿	luɤ	【水萝卜】初春上市的一种小的球形萝卜。
落	luɤ2	【落草】指人死后未入殓前,尸体停放在铺有干草的地上。
董	tuŋ2	【老颠董】老糊涂。
董	tuŋ	【烂古董】杂七杂八没用的物品。
葫	xu5	【生葫子】没有成熟的西葫芦果实:这个西瓜是个~。②形容对一行业不熟悉的人:我是个~,大家多担待一点。
葬	tsaŋ5	【烂葬】同“烂杆”。
葱	tsʰuŋ	【白葱】葱的一个品种。白皮,葱味儿较轻。
葱	tsʰuŋ2	【葱馍馍】将嫩葱切成碎末,用面皮包裹,放在锅里烙成的饼。
葵	kʰuei	【葵花】向日葵。
葽	iɔu5	用麦秆、稻草等临时拧成的绳状物,用来捆扎割倒的麦子或稻子等。
蒙	məŋ	【蒙眼】牲口拉磨时,蒙在眼睛上的布。②戏谑语,常对戴墨镜的人使用:哎呀,你的~咋戴得美得很。
蒜	suæ̃5	【独独蒜】不分瓣儿的大蒜。
蒸	tʂəŋ2	【蒸馍】蒸制的馒头、花卷的通称:拿上两个~,就上点咸菜,一顿饭就算吃咧。
蒿	xɔu2	【蒿子】蒿草。
藍	læ̃	【蓝呜呜】形容很蓝的样子。
蓬	pʰəŋ	【刺蓬】多年生肉质灌木。茎直立或攀援状,刺硬而尖,成五行排列于茎的纵棱上:做啥要看着呢,不咧连瞎牛钻~一样。
蓿	ɕy	【苜蓿】一种重要的牧草和绿肥作物。
蔑	mi	【杂蔑子】细小:一点~事情还当大事着弄呢。
蔓	væ̃5	【苦瓜结着苦蔓上】比喻人的命运多磨难。
蔓	væ̃	【压蔓】将有蔓植物的蔓压住,使之长出果实。②事先或暗中叮嘱:旦是这么说的话,那就是谁给~咧。
蔓	mæ̃	【蔓菁】芜菁。
蔫	ȵiæ̃2	【蔫绌绌】形容人不吱声,不活泼的样子。也说“蔫不绌绌的”。
蔫	ȵiæ̃	【蔫头耷拉】形容生长着的植物因缺少水分,枝叶、穗头下垂的样子。②形容人的情绪不高,垂头丧气的样子。
蔻	kʰəu5	【草蔻】佐料的一种,特指草豆蔻的果实,也可入药。
蕨	tɕyɤ2	【蕨麻】多年生草本植物,含有维生素及镁、锌、钾、钙元素。具有较高的医疗和营养价值,它有着健胃补脾、生津止渴、益气补血的功能,也称作“人参果”。
蕻	xuŋ	【雪里蕻】一年生草本植物,是芥菜的变种,叶子长圆形,花鲜黄色。茎和叶子是普通蔬菜,通常腌着吃。
薄	pɤ	【皮薄】看不起,使人窘迫:你不咧看这么大的娃娃咧,乜还~人呢。②礼金或礼品数量少:这么一点点,怕太~咧吧。
薹	tʰɛi	【蒜薹】蒜的花轴,嫩的可以吃。
藏	tsaŋ5	【藏蓝】蓝中略带红的颜色。
藏	tɕʰiaŋ	【藏猫猫猴儿】捉迷藏:夏天黑咧正是耍~的时候。
蘸	tsæ̃5	【蘸笔】蘸着墨水书写的一种笔:时代发展咧,老师改作业早都不用~咧。
虎	xu3	【吃老虎】亲嘴,接吻。
虎	xu	【蛇虎子】壁虎。
虐	ȵyɤ2	【虐待】用残暴狠毒的手段待人。
慮	ly5	【虑当】考虑、准备:我~着去恰,你可来咧。
蟲	tʂʰuŋ	【腻虫】蚜虫。
蟣	tɕi3	【虮子】虱子的卵,白色。
虱	sei2	【壁虱】臭虫。
虱	sei	【臭虱】臭虫。
虹	tɕiaŋ5	彩虹:下罢过雨,东傍个出来咧一个~。
蝕	ʂʅ	某些物质刺激皮肤或黏膜使之发生疼痛:盐水滴着伤口上~得人受不了!
蟻	i3	【蚂蚁上树】菜肴的名称。将肉切成丁儿与粉条炒在一起。
螞	ma2	【蚂蚁上树】菜肴的名称。将肉切成丁儿与粉条炒在一起。
蚌	pa	【海蚌子】海蚌。
蚤	tsɔu5	【圪蚤】跳蚤。
蚰	iəu	【毛蚰蜒】蜈蚣。也说“毛奓奓”。
蛇	ʂɤ	【蛇虎子】壁虎。
蛋	tæ̃5	【指头蛋蛋】也说“指头蛋子、指头肚肚”。手指头上有螺纹的鼓起的部分。
蛋	tæ̃	【指头蛋蛋】也说“指头蛋子、指头肚肚”。手指头上有螺纹的鼓起的部分。
蛛	tsəu2	【蛛蛛】蜘蛛。
蛛	tsəu	【蛛蛛】蜘蛛。
蛤	xɤ	【蛤蟆圪奏子】蝌蚪。
蛤	xy	【癞蛤蟆】同“癞呱子”。
蟄	tʂɤ	【惊蛰】节气之一。
蛾	nuɤ	【打灯蛾蛾】灯蛾子。
蜂	fəŋ	【马黄蜂】蜂的一个种类。
蜂	fəŋ2	【蜂儿】对蜂类的统称。
蜒	iæ̃	【毛蚰蜒】蜈蚣。也说“毛奓奓”。
蝸	kua5	【蜗蜗牛】蜗牛。②旧时对小轿车的称呼。
蠟	la	【坐蜡】喻指承诺某人的事情没有办理或办得一团糟:说得好好儿的事你看~咧。
蠅	iŋ	【绿头苍蝇】绿豆蝇:这一块子肉赶紧撇咧去,~把蛆都下上咧。②喻指追腥逐臭之人:那个人连个~一样,没有他不去的地方。
螻	lu	【地蝼蝼】蝼蛄。
螫	ʂʅ	蜂、蝎子等用毒刺刺人或动物:眼睛叫蜂儿给~肿咧。
蟆	ma	【蛤蟆圪奏子】蝌蚪。
蟮	ʂæ̃	【曲蟮】蚯蚓。
血	ɕiɛ	【死羊磨血】本义是羊被宰杀后,体内的血要流一段时间才能流尽。引申为做事拖拉、磨蹭:要做就好好做,不咧~咧。
血	ɕiɛ2	【血沫子】煮肉时漂在肉汤上面的沫子。
行	ɕiŋ	【至不行】同“至少”,通常与“也得”搭配:这个东西~也得30个元。
行	xaŋ	【在行】熟悉某一行业的工作。
行	xaŋ5	【行子】行:不行咧栽上两~树,不咧叫地闲着。
銜	tɕʰiɛ	用嘴叼着:喜鹊~咧些柴柴垒咧个窝。
街	kɛi2	【过店街】固原城中地名,旧为较繁华的商业街。
衣	i2	【衣子】麦子、豆子、胡麻、荞麦等脱粒后留下的壳经粉碎机粉碎后供牲畜吃的料,分别叫“麦衣、豆衣、胡麻衣子、荞衣子”。
衣	i	【露衣】指迎亲时新娘子穿在婚礼服外面的衣服,起保暖或遮挡晦气的作用。
補	pu	【填补】补充不足:你出去做活,我摆个碎摊摊,多多少少能~一些。
表	piɔu3	【姨表亲】姨表兄妹通婚。
衩	tsʰa3	【衩衩裤】小孩穿的开裆裤:我干革命的时候,你还穿~呢。
衩	tsʰa	【衩衩裤】小孩穿的开裆裤:我干革命的时候,你还穿~呢。
衫	sæ̃	【老头衫】圆领短袖针织大背心。
衫	sæ̃2	【衫领】衣服的领。
襯	tsʰəŋ5	【帮衬】帮助,帮扶。
袁	yæ̃	【袁大头】铸有袁世凯头像的一种银元。
襖	nɔu	【皮袄】用羊皮制成的或长或短的大衣。
襖	nɔu5	【夹袄子】有面子和里子,双层中间不絮棉花的上衣。
袋	tɛi5	【袋袋子】袋子。
袋	tɛi	【袋袋子】袋子。
袜	va2	【丝光袜子】一种机制袜,表面像丝一样光滑光亮。
被	pi5	【被儿】被子。
裂	liɛ	【裂子】皮肤皴裂后的小口。
裝	tʂuaŋ2	【大装货】从外地整批运来的货物。
裝	tʂuaŋ	【正装】正宗:这都是~货,放心用去。②正派:那个人没啥毛病,~着呢。③正式场合穿的服装。
襠	taŋ2	【开裆裤】幼儿穿的裆部没有缝在一起的裤子。
裌	tɕia5	【裌裌】坎肩儿。
裌	tɕia	【裌裌】坎肩儿。
裙	tɕʰyŋ	【护裙子】围裙。
褲	kʰu5	【裤腿子】裤脚。
褲	ku	【衩衩裤】小孩穿的开裆裤:我干革命的时候,你还穿~呢。
褲	kʰu	【套裤】只有裤腿,没有裤腰的一种裤子,用布带系在里面裤子的裤腰带上,多为皮制,是旧时手工业工人的一种工作服,结实耐磨,现已不多见。
裳	ʂaŋ	【铰衣裳】按照量定的尺寸裁剪布料。
裹	kuɤ3	【裹肚子】棉袄:伏里天把那个皮~拿出来晒一下。
裹	kuɤ	【拆裹】找各种理由推脱。
褙	pei5	【褙子】把布或纸一层一层地粘在一起,等晾干后用作纳鞋底的材料。
褡	ta2	【褡褡】手提袋一类的总称。
褡	ta	【褡褡】手提袋一类的总称。
褥	ʐu2	【褥子】睡觉时垫在身体下面的东西,用布包裹棉花缝制而成,也有用兽皮制成的。
褦	lɛi2	【褦襶】笨拙:你看你~着能干个啥!②衣着不整洁或不会收拾打扮:一个女人家,~成那个样子咧!
褪	tʰuŋ3	向内退缩而藏起来:天冷得很,没戴手套就把手~着袖子里。
褯	tɕʰiɛ5	【尿褯子】尿布。
褶	tʂɤ2	【褶褶子】衣服、布匹、纸张上经折叠而留下的痕迹。②脸上的皱纹:人不到40呢,脸上的~满咧。
褶	tʂɤ	【褶褶子】衣服、布匹、纸张上经折叠而留下的痕迹。②脸上的皱纹:人不到40呢,脸上的~满咧。
褿	tsʰɔu	(衣物因水洗、光照)褪色、脏旧:这个衣裳洗~咧,再不咧穿咧。
襘	kuei5	把带状的织物缝在衣服上。《说文·衣部》:“带所结也。”《广韵·泰韵》:“古外切。”
襟	tɕiŋ	【底襟子】衣襟。在形容某人惧怕时常用:吓得他~颤呢。
襶	tɛi	【褦襶】笨拙:你看你~着能干个啥!②衣着不整洁或不会收拾打扮:一个女人家,~成那个样子咧!
襸	tsæ̃5	衣服美好。引申为对人的称赞:穿上这身衣裳~得很。/看把你给~的。《广韵·翰韵》:“则旰切。衣好。”
襻	pʰæ̃5	【钮襻子】扣住钮子疙瘩的套。
西	ɕi2	【西傍个】西边儿、西方:你旦把烟忌咧,太阳都搭~出来咧。也说“西面个”、“西面子”。
要	iɔu5	【要不咧】要不然:~让我去,看他能说个啥!
見	tɕiæ̃5	【八字没见一撇】比喻事情还没有什么眉目。
觀	kuæ̃2	【观点】看,打量:拿我细致地再~一下。
規	kuei2	【规程】规则、程序。
覓	miɛ	【寻死觅活】闹着要死要活。多指用自杀来吓唬人。寻麻达ɕiŋ24ma24ta21找麻烦,找碴儿:动不动就给人~呢,我受够咧!
覺	tɕyɤ	【觉着】感觉到:我咋么~不对,往后退呢已经迟咧。②见好就收的意思:你~点能成吗。
覺	tɕyɤ2	【觉摸】感觉、觉得:投他~,你怕都吃完咧。
覺	tɕiɔu5	【回笼觉】清晨起来活动一会儿以后再上床睡觉。
覷	tsʰu	偷看:你~呢探呢地弄啥呢?《广韵·御韵》:“七虑切。~,伺视也。”
角	tɕyɤ2	【提角子】指巫婆或神汉装腔作势地斗法。
角	tɕyɤ	【独霸角】指干什么事情都喜欢独来独往或独自霸占某物不给别人使用的人。
角	kɤ	【牛角萝卜】像牛角样的一种萝卜。
解	tɕiɛ3	【解手】解大小便。
解	kɛi	分开、剖开:过几天把那个松木檩子~成板,好给你爷爷做寿器。②把系着、绑着的东西打开:赶紧把绳子给娃娃~开,看给捆地劲大咧。③消除、化解:过几天就能吃些肉~下馋,日子过地还是好着呢。《广韵·蟹韵》:“佳买切。讲也,说也,脱也,散也。”
解	kɛi3	【解拆】用含糊的言语解释:我一问,乜嘴里胡~着呢。②劝慰使其心情轻松:你给~一下,叫不咧多想!
言	iæ̃	【出言出语】指说出挑衅性的话语:乜还~地骂人呢!
訇	xuŋ	【阿訇】回族对学古兰经并传经布道的学者的称呼。
謄	tʰəŋ	照底稿抄写。
諰	sei2	声音沙哑:嗓子~勾勾的,能唱个歌子?《广韵·佳韵》:“山佳切。语失也。”
訂	tiŋ5	【订婚】男女双方订立婚姻关系。
討	tʰɔu3	【讨钥匙】当地婚俗。指举办婚礼时,男方端着红包向女方送亲的人讨要装有嫁妆箱子上的钥匙。
讓	ʐaŋ5	【让面】和面、发面。
訓	ɕyŋ5	生气而不理睬:我连他~着呢,你给他说去。
訊	ɕiŋ	【问讯】问候。
記	tɕi5	皮肤上生下来就有的深色的斑。
講	tɕiaŋ3	【讲究】风俗习惯:你没问一下,乜们那搭有些啥~。匠工tɕiaŋ44kuŋ21指建筑行业中有一定技术的工人。
諱	ɕy	【忌讳】禁忌、讲究:农村人过红白喜事开咧~多得很。
諱	ɕy5	隐瞒:高考报名的时候他把年龄给~咧。
許	ɕy	【些许】稍微:~往左移一下。②一点儿,少许:给也是个~么,不可能都给么。
許	ɕy3	【兴许】也许、可能。
詁	ku3	用语言或行为驱使、强迫别人听自己的或做某事:牙大的一点娃娃,还~人呢。/他说不愿意,叫我给~咧一顿。
識	ʂʅ	【扔识】理睬、搭理:出咧门就没人~你,你以为你是谁一个!耳巴子εr53pa21tsɿ21耳光:让人给美美地搧咧几个~。
詐	tsa5	【狡诈】不老实,心眼儿多:弟兄几个基本上都老实着呢,就老二~一点。
試	tsɿ5	验证:△若要~人心,害病迭年馑。
試	sɿ5	【试当】试一试:你说我不行,你~一下。
詩	sɿ	【说诗的】民间社火表演中说赞词的人。也叫“仪程官”。
誠	tʂʰəŋ	【实诚】实在、诚实。
話	xua5	【递话】用婉曲的话语暗示:我知道呢,这是给我~着呢。
話	xua	【说梦话】睡梦中说话:比喻不切实际、不可能实现的话。
誕	tæ̃5	【肖诞】取笑,耻笑。
詬	xəu2	恼怒,怀怒欲发状:把人给~死咧。《广韵·候韵》:“呼漏切。怒也。”
該	kɛi2	欠:还咧这一股子钱,我~人的账就不多咧。
詳	ɕiaŋ	【细详】节俭、节省:你看乜家~吗,一点馍馍渣渣都舍不得撇。②细致、详细:说~些,叫大家都听明白么。
語	y3	【出言出语】指说出挑衅性的话语:乜还~地骂人呢!
誘	iəu5	诱导。
説	ʂuɤ	【提说】同“提就”。②提亲、保媒。要是看上的话,叫你二大给你~去。
説	ʂuɤ2	【说媒】指给人介绍对象。
課	kʰuɤ5	【磨课钱】磨面后付的加工费。
誰	sei	【再谁】另外一个人:~不说咧,你还信不过我?
調	tʰiɔu	【加盐调醋】比喻乘机挑拨,加深矛盾。
調	tʰiou5	【调搭】调整安排:你看着~给一下就能成咧。也说“调腾”。
調	tʰiɔu5	【调腾】同“调搭”。
謀	mu3	【尺谋】估计、估摸:我~着能成咧吧。
謀	mei	谋划并准备做:你~着做啥呢?/这两天有人一直给他~事呢。《说文·言部》:“虑难曰谋。”
謊	xuaŋ3	【扯屄溜谎】撒谎。
謔	ɕyɤ3	批评:工作没干好,叫领导~给咧一顿。
謎	mi5	【猜谜谜】猜谜语。
謎	mi	【猜谜谜】猜谜语。
諞	pʰiæ̃3	【没谝的咧】同“没做上的咧”。
諞	pʰiɛ2	吹牛皮:那个人再做啥不行,~可咧攒劲厉害得很。《广韵·狝韵》:“巧佞言。”
謝	ɕiɛ5	【谢火】去火。也说“败火”。
謾	mæ̃5	欺骗、蒙蔽:这个人升官升得这么快,是因为太会~咧。谩当mæ̃44taŋ21用语言或礼物讨好某人。也说“谩抹”。
谷	ku	【五谷】米面做成食品的总称:日子虽然好咧,可~一点儿也不能糟蹋。
谷	ku2	【谷子】粟,脱壳后叫小米。
豁	xuɤ2	【豁豁】豁口:乜把头从墙~里展咧出去。②豁嘴:娃娃刚生下来就是个~。③豁嘴的人:那家子连出养咧3个~。
豁	xuɤ	【豁豁】豁口:乜把头从墙~里展咧出去。②豁嘴:娃娃刚生下来就是个~。③豁嘴的人:那家子连出养咧3个~。
豆	təu	【吃大豆】比喻做事情非常容易:他弄这一号事情就连~一样。②小孩或同性的年轻人之间开玩笑的一种方式,在对方不注意的时候用手指向上轻击其下巴颏,使其上下牙齿相碰并发出声响。
豆	tau5	【谷草豆瓣】指取过谷粒豆粒的谷草和豆蔓。
豆	təu5	【麻豆子】豆类的一种,圆形褐色。
豆	təu3	【弹豆儿】玻璃弹球。
豗	xuei3	指猪用嘴拱:好好的个菜园子叫猪给~咧。《广韵·灰韵》:“呼恢切。豕掘地也。”
象	ɕiaŋ5	【脉象】即脉搏表现的快慢、沉浮、强弱等情况。
貝	pei	【财贝】金钱、财物。
財	tsʰæ̃	【四季财】猜拳时数“四”。也说“四红灯”。
財	tsʰɛi	【财贝】金钱、财物。
敗	pɛi5	【败火】中医指清热、凉血、解毒等:牙龈上火着呢,赶紧吃上些~药。也说“解火”。
賬	tʂaŋ5	【拉账】向人借债:现在~去也不好拉。
賬	tʂaŋ	【找后账】账算清后又来算账:你把账看清楚咧,再不咧~。②事情已过去而又找麻烦,多指事后追究责任的事:事情过
貨	xuɤ	【垐货】指愚笨或不灵活的人(含贬义):给那个~就啥都
貨	xuɤ5	【二货】詈词。同“二杆子”。
貨	xu2	【货郎子】走村串户的货郎。
販	fæ̃5	【二道贩子】泛指做转手买卖的人。
貪	tʰæ̃2	【贪耍】贪玩儿。
貫	kuæ̃5	【索里贯串】物品一缕一缕显得很乱的样子:哎呀,床上摆的~的,烦死人咧!
賤	tɕiæ̃	【贵贱】贵或贱:不问~,抢着手里再说。②无论如何:~不听大人的一句话。
賤	tɕiæ̃5	【贱皮子】指不自重或不知好歹的人。
貼	tʰiɛ	【搭贴】(生意)赔本:刚这一回就~咧不少。②白白葬送:这么下去~多少都没啥结果。
貼	tʰiɛ2	损失、亏本:他今年生意做得不顺,~得劲大(厉害)咧。
貴	kuei5	【贵气】(人)娇贵:把乜~着不行咧!②重视、器重。就这么一个娃娃,全家老少都~很!
賀	xuɤ5	祝贺。
賊	tsei	【垐贼】同“垐货”。
資	tsɿ2	
齎	tɕi	【赍发】打发某人使其离开(含贬义):你能把他~着哪达去?
賴	lɛi5	【死皮赖膪】死乞白赖:乜~地坐下咧,我能让乜走?
贏	iŋ	【赢人】指在某方面表现突出、得到大家的认可:这个活动小马的表演~得很!
走	tsəu2	【走手】行走的姿态、样子。
走	tsəu3	【走样】变形、失去原样:咋么话传到你跟前就~咧。
趕	kæ̃3	介词,表示比较:新盖下的单元楼~原来的多咧几层子。
起	tɕʰiɛ3	【提起笸篮斗动弹】比喻不是就事论事而是有关无关的事统统都拉过来谈说:哎呀呀,你一下就~,说那么多做啥呢!
起	tɕʰi3	【起面】用酵母使面发酵。
赸	ʂæ̃	行走:不咧~得那么快咧。②准备(做):看把你~得早得。《集韵·仙韵》:“尸连切。赸,行也。”
趁	tʂʰəŋ5	【趁红火】凑热闹。
超	tʂʰɔu2	傻、愣:你看你~着吗没~着,那个也是你能动的。
越	yɤ2	【越来咧】更来劲儿了:你还越说~。
趔	liɛ5	身体歪斜以躲让:~一下,~一下,乡长来咧。
趟	tʰaŋ5	【一趟子】形容跑得很快:话还没说完,乜~就展咧。一老i213lɔu53总是、经常:~呻呻唤唤地,就连没吃饭一样。
趴	pa2	【上山趴洼】走山路。
趿	sa	【拉趿】生活习惯懒散、脏乱。
跌	tiɛ2	遭遇:天不下雨,就要~年馑。
跌	tiɛ	【跌死绊活】形容决心很大,不惜牺牲一切:~地弄着来的钱,难道说没有就没有咧?
跐	tsʰɿ	【跐弹】动弹:不敢~,一~就淌开血咧。②折腾:再不
跐	tsʰɿ3	本义为用脚踩踏,引申为擦、蹭:把墙上写下的字~咧!/绊咧一跤,~破咧一点油皮子。《广韵·纸韵》:“侧氏切。蹈也。”
跑	pʰɔu3	【跑肚】腹泻:娃娃~着呢,叫少吃些凉东西。
跚	ʂæ̃	(墙)因地基下陷而裂缝。
跟	kəŋ	【跟头马爬】连滚带爬的。
跟	kəŋ2	【跟集】赶集。
跤	tɕiɔu2	【载跤】形容走路时两腿相交,走不稳当。
跤	tɕiɔu	【绊跤】摔跤。两人相抱运用力气和技巧,以摔倒对方为胜:闲着没事干,咱们~耍走。②摔倒:回来的路上~。常说成“绊咧一跤”。
跩	tʂuɛi3	自以为优越而表现出得意或傲慢的样子:手里有几个钱,就把人~得。
路	lu5	【路数】方式、方法:晓得咧做啥的~,做啥去就快咧。②底细:不知道乜都是啥~。
路	lu	【打捷路】抄近道:你~走,看能追上他吗。
跳	tʰiɔu	【跳团】来回折腾:△狗肉不上台板,上咧台板胡~。
跳	tʰiɔu5	【跳仗子】在原地转圈,来回走动,喻指内心焦急:急得我~呢,乜还四平八稳的。
踅	ɕyɤ	【豁踅】(装粮食、食品或衣服的袋口)撕裂:再往进塞(东西),怕就弄~咧!
踏	tʰa	用脚踩:让人~给咧几脚。②一层压一层地粘在一起:面片子下着锅里没有搅,~着一达呢咧!③积攒:等都拿着来咧,~着一达呢给送着去。
踒	vɤ2	人的筋骨受外力而挫伤:夜来黑来把脖子~咧,今早上难受得很。《说文·足部》:“足跌也。”《广韵·戈韵》:“乌禾切。躅也。”
踢	tʰi2	【踢脚线】房屋墙壁下部用水泥或瓷砖装饰,用来防潮。
踩	tsʰɛi3	【踩拐子】社火表演的一种形式,指装扮成各种角色的人踩着较高的木桩随着鼓点表演。
蹁	pʰia3	(走路、站立或坐下时)脚向两边分开:你看你的腿~得难看吗。
蹂	ʐəu3	用脚前后磨踩:地下跑下一个牛牛,赶紧~给一脚。《广韵·有韵》:“人九切。践也。”
蹄	tʰi	【蹄筋儿】牛、羊、猪的四肢中的筋。
蹦	pəŋ5	【蹦蹦车】当地对三轮农用车、三轮摩托车(后带斗)的统称。
蹩	piɛ5	来回跳跑:牙疼得人~仗子呢。/啥事都没弄成,刚~咧趟子咧。
蹩	pi	【半蹩人】同“半眼汉”。
蹭	tsʰəŋ5	态度冷淡,不和蔼:这个人~得搭不住錾,真个是个~倯。
蹲	tuŋ2	【狗蹲子】形容人像狗一样蹲坐在地上。
蹴	tsau	【圪蹴子】身体蜷曲。
蹴	tɕiəu5	【蹴下】坐下。
蹻	tɕʰiɔu2	抬腿迈过(沟渠或障碍物):老式房的门槛都高一些,要~过去。《说文·足部》:“举足行高也。”《广韵·霄韵》:“去遥切。举足高。”
蹾	tuŋ	用手提(拿)起装有粉粒状物品的口袋或不整齐的纸张,不松手往下落地再拿起,反复几次,使其装结实或整齐。②人从高到低落下,肌肉受损:△癞蛤蟆跳门槛——连~尻子带伤脸。
躥	tsʰuæ̃2	【蹿天杨】杨树的一种,长得又直又高。
躁	tsʰɔu5	【咆躁】烦躁:这几天把人弄得~的。
躁	sɔu5	【凶躁】强、狠、厉害:土耳其足球~着呢,夜晚上差点把德国队给放翻咧。
身	ʂəŋ	【囡囹身子】不脱衣服(睡觉):~睡下怕是不美气。
身	ʂəŋ2	【身子】身体:上咧年龄咧,要注意自己的~呢。②身孕:拉下个~,不方便得很!③戏曲中的角色:乜把~装起来,人都认不得咧!
躱	tuɤ3	【躲奸溜滑】形容贪图安逸,逃避应做的事。
躺	tʰaŋ3	【横躺顺荐】横七竖八地躺着。
軁	ləu2	跑:背上个筐筐就~咧,追也追不上。
車	tɕy2	中国象棋中的“车”,可在纵横直线上行走,灵活性最强。
車	tʂʰɤ2	【搭车】乘车。这儿啥都好,就是~去不方便。
車	tʂʰɤ	【车子】自行车。
轉	tʂuæ̃5	【二转子】指动植物的杂交品种。
轉	tʂuæ̃	【打转转】转圈:把人冤枉得眼泪花花在眼睛里~呢。打耍耍ta53ʂua53ʂua21漫不经心、不当一回事儿。
輪	luŋ	【轱轮子】轮子。
軟	ʐuæ̃3	【耳根子软】形容非常容易听信别人的话。
軲	ku2	【轱轮子】轮子。
軲	ku	【打车轱轮】侧手翻。
輕	tɕʰiŋ	【口轻】口味轻。②指骡马一类的家畜年龄不大。
輕	tɕʰiŋ2	【轻省】轻松:出咧一身汗,感觉一下~咧!
載	tsɛi3	【载跤】形容走路时两腿相交,走不稳当。
轎	tɕiɔu5	【压轿娃娃】当地婚俗。指女方送亲队伍里,与新娘子同乘一辆车、陪伴新娘子的小孩子。
輩	pei5	【八辈子】几辈子,从来。常用做讥讽某人没见过或没经过某事:一下子穷倯着,~没吃过。
輜	tsɿ2	
輻	fu2	【辐条】车轮中连接车毂和轮圈的一条条钢条。
轅	yæ̃	【掌不住辕】做不了主,控制不了局面。
轆	lu	【车轱辘子】侧手翻。
辛	ɕiŋ	【苦辛】辛苦:一天风吹日晒地把人~着。
辣	la2	【辣辣】葶苈。
辣	la	【辣辣】葶苈。
辨	pʰiæ̃5	【辨来】明白。
辯	piæ̃5	【遮辩】顶嘴、辩解:我说着呢,乜还~得忙得很!
辮	piæ̃5	【帽辫子】辫子:那个女子的两个~长得长得很。
邊	piæ̃2	【锁边机】将布料的毛边用线缝合使不再掉线头儿的机器。
邊	piæ̃	【炕边子】火炕靠边的地方。也说“炕边边”“炕沿子”。
達	ta	【麻达】麻烦、乱子:你把~闯下咧,让我咋收拾呢。②指人在待人接物方面心眼儿多,不好相处:那个人弄啥去~得很。
過	kuɤ	【一个锅里搅过勺】比喻关系非常亲密,好像一家人:这个人连我~。
過	kuɤ5	【过世】去世。
迎	iŋ	【迎面风】顶风。
近	tɕiŋ5	【离心近】待某人亲密一些、偏心一些:那是~着才说这些关心的话着呢。
迕	vu3	【迕逆】指不守孝道之人。
還	xuæ̃	【不还价】不讲价:买啥去~,你是个大头一个!
這	tʂʅ5	指示代词,表近指。
這	tʂa3	【这儿】这儿:~湿着呢,不能坐。②这里(指时间):话就讲到~,该干啥干啥去。
這	tʂa	【这这儿】同“这儿”。
遠	yæ̃3	【离心远】待某人生疏一些、不大关心:谁离心近,谁~,这一下子看清楚咧吗?
連	liæ̃	【瘦死连筋】皮包骨头,非常瘦削。
迫	pei	【忙忙迫迫】忙忙碌碌:一天~地,不知道都弄咧些啥!
迷	mi	【迷信罐罐】指非常讲迷信的人。
迸	piɛ5	裂开:瓜太熟咧,都~开口子咧。
追	tʂuei2	【追节】指做女婿的在过各种节日(主要是传统节日)时带着礼品去看望岳父岳母。
送	suŋ5	一种迷信活动,相当于送瘟神、送鬼。一般的用具是一碗水、三根筷子、少许吃的东西:你嫂子沾咧不对活咧,赶紧给~一下。
適	tʂʰʅ	【不合适】不合乎规范:这么做怕是有点~。②(身体感觉)不舒服:这两天试着身上~得很!
適	tʂʰʅ3	【合适】符合实际情况或客观要求。
逆	ȵi5	【迕逆】指不守孝道之人。
遞	ti5	【递话】用婉曲的话语暗示:我知道呢,这是给我~着呢。
通	tʰuŋ	【气通骨】牛羊等牲畜的气管。
通	tʰuŋ2	【通共】一共、总共。
逛	kuaŋ5	游玩。
速	su2	将某人送往某地(含贬义):小伙子不学好,~着青海当兵让受教育去。
造	tsɔu2	【造孽】可怜,不好的境遇:你给点吃的,他给点穿的,谁都看着这两个人~。②对当前已很好的生活条件不满足,仍然嫌弃:你这是~着呢么,连你一样的娃娃吃的还是黑面馍馍。
造	tsɔu5	【造窝母鸡】孵蛋的母鸡。②詈词。特指脾气不好的女人。
逭	væ̃5	【走逭路】本义为走冤枉路,比喻做事不得要领,没有
逼	pi	【泥逼】将泥均匀抹在墙体上的工具,平板上有把手。也说“泥抹子”。
遂	suei	【遂心】满意。
遍	piæ̃5	【一步一遍地】一次接着一次地:娃娃~叫呢,你就去唦。
道	tɔu5	【二道贩子】泛指做转手买卖的人。
道	tɔu	【妇道人家】对成年女性的通称。
遮	tʂɤ2	【遮辩】顶嘴、辩解:我说着呢,乜还~得忙得很!
那	nɛi5	【那交】相当于“那不是吗”:小王走哪达咧?~,连媳妇说话着呢。
那	nɛiː5	【那达】那里(更远指)。
邦	paŋ	【古尔邦节】伊斯兰教最重要的宗教节日,时间在教历十二月十日(每年麦加朝觐的最后一天)。古尔邦,来源于阿拉伯语。
邪	ɕiɛ	【邪风打咧】中风。
郎	laŋ	【货郎子】走村串户的货郎。
部	pu5	【开门市部】同“开铺子”。
部	pʰu5	【小卖部】卖日用小商品的商店。
都	tu	【骨都】骨头、骨骼。
酊	tiŋ	【酊住】消化不良。也说“挂住”。
酒	tɕiəu3	【喜酒】因喜庆之事被赋予吉利欢庆意味的酒。
酒	tɕiɔu3	【快喝酒】猜拳时数“九”。也说“快快发”、“九长寿”、“酒你喝”等。
酢	tsʰa2	用文火将加水面粉或米(稀糊状)熬成干饭:~些燕面散饭吃。《方言》:“熬,~,火干也。凡以火而干五谷之类,自山而东齐楚以往谓之熬,秦晋之间或谓之~。”《广韵·洽韵》:“楚洽切,火干。”
酥	su2	【酥肉】菜肴名。把肉切成片,用淀粉水裹后下油锅炸,吃时加热即可。
酥	su	【麻酥酥】发麻的感觉:心里~的,就连蚂蚁爬着呢一样。马爬扑ma53pʰa24pʰu21形容人像马失前蹄一样摔倒在地上。
酵	tɕiɔu5	【酵子】发酵用的面引子。
酸	suæ̃2	【酸唧唧】形容酸味让人生厌的样子。也说“酸不唧唧”。
釅	iæ̃5	茶水汁浓、味厚苦:彻上一壶~茶好熬夜。《广韵·酽韵》:“鱼欠切。酽,酒醋味厚。”
醅	pʰei	【甜醅子】将小麦或小燕麦煮熟后,加上甜酒曲发酵制成带有酒味儿的食品。也说“酒腐子”。
醉	tsuei5	【醉唧马达】醉得东倒西歪的样子:你看你喝得~的,咋回去呢嘛!
醋	tsʰu5	【吃醋】(在男女关系上)忌妒。
醒	ɕiŋ3	【立醒醒地】不做其他事,非常专注的:赶紧把钱汇着回去,家里人~等着用呢。
醒	ɕiŋ	【立醒醒地】不做其他事,非常专注的:赶紧把钱汇着回去,家里人~等着用呢。
醢	xɛi	【绵醢醢】形容软得令人厌恶的一种感觉。
醪	lɔu	【醪糟子】江米酒:乜做下的~甜得很。
采	tsʰɛi3	【采坟】指经过风水先生的一番勘察后,选择并确定坟地位置的过程。
釉	iəu2	【地釉子】小雨点下到地面上因气温低很快结成的薄冰。
里	li3	【被里子】被里儿。
里	ȵi	【底里】下面:桌子~放着呢你看不着吗?②器物底部(向内的部分):碗~吃着剩下咧些渣渣子。
里	li	【踢里挎塌】摞着的东西(纸箱之类)倒塌的声音。
重	tʂuŋ5	【口重】口味重,喜欢吃调味品重的食物。
重	tʂʰuŋ	【重茬】餐具用过后未清洗又重复使用。②早上起来没洗脸:~下个脸连人说话呢,真不好意思!
野	iɛ3	【吃野粮食的】詈语,通常用来指没有教养的人:你一点教养都没有,简直是~!
量	liaŋ	【世量】估量(估计某人不会做某事):我把他~咧,他就没能力弄这个事。
金	tɕiŋ	【鸡内金】鸡胃内壁的一层黄色薄膜,可入药,性平、味苦,功能健脾消积,主治食积腹满、泄泻等症。
金	tɕiŋ2	【金镏子】金戒指。
鉋	pʰɔu	【推鉋子】鉋子,木工用来鉋平木头的工具。
鉔	tsa3	剁:今儿个礼拜天,咱们割些羊肉~些馅子包饺子吃。
銧	kuaŋ3	【銧子】农具,犁。
鏨	tsʰæ̃5	凿开石头用的小铁椎,单用时作动词,还可引申为打:拿~子~给一下。/小心我~你一顿。《广韵·谈韵》:“昨干切。錾,小凿也。”
鏉	səu3	本义为镂刻,引申为物品(尤其是树木、木器)被虫蛀:在课桌上用刀子~咧一道壕。/这块板让虫给~咧,不能用咧。《广韵·候韵》:“速候切。刻镂。”
鏊	nɔu5	【鏊子】烙饼的器具,用铁做成,平面圆形,中心稍凸,上有煨火的盖子,可上下同时烤。
鐾	pi5	把刀在布、皮、石头等物上面反复磨擦几下,使锋利:把刀子~一下再剃。《集韵·霁韵》“蒲汁切,治刀使利。”
钁	tɕyɤ2	【钁头】挖土用的一种工具,类似镐。
針	tʂəŋ	【扎干针】针灸:腿这两天疼得很,怕要~去呢。
針	tʂəŋ2	【针鼻冠】针眼。
釘	tiŋ	【压钉子】图钉。
釘	tiŋ2	【钉钉子】钉子(小称义)。
釘	tiŋ5	【钉橛】钉木桩。②作决定:这个事还是要领导给~呢!
钟	tʂuŋ	【钢钟锅】用细铝皮机制加工制成的锅。
钟	tʂuŋ2	【钟子碗】形状像钟一样的碗,个儿较小。
鋼	kaŋ	【钢钟锅】用细铝皮机制加工制成的锅。
鋼	kaŋ3	磨、蹭:刀老咧,拿着磨石上~给几下。
鑰	yɤ	【讨钥匙】当地婚俗。指举办婚礼时,男方端着红包向女方送亲的人讨要装有嫁妆箱子上的钥匙。
鈕	ȵiəu3	【钮子】纽扣。
錢	tɕʰiæ̃	【利钱】做生意赚得的利润,也说“利”:开火锅店的~大着呢!
錢	tɕʰæ̃	【麻钱子】圆形方孔铜钱:听说冯家庄有人挖咧一罐~。
鉗	tɕiæ̃3	【火钳】一种用具,用来把煤块儿夹进炉子,形状像剪刀。
鉗	tɕʰiæ̃	【老虎钳子】虎头形的钳子,有转轴来控制钳口大小,用来拧螺丝。
鑽	tsuæ̃	穿过、进入:老鼠从这个洞里~着进去咧。②结交:半辈子咧刚~下些子酒肉朋友。
鐵	tʰiɛ	【吸铁石】磁铁。
鐵	tʰiɛ2	【铁锈红】像铁锈一样的暗红色。
鐵	tʰiɛ5	【铁锨】铁锹。
鈴	liŋ	【一串铃】对猪、牛、羊内脏连在一起的形象说法。
鍘	tsa	【铡子】铡刀。
鉸	tɕiɔu3	用剪刀剪。
鏟	tsʰæ̃3	【铲锅子】锅铲儿。
銀	iŋ	【水银】汞的通称。
鋪	pʰu5	【纸火铺子】制作纸制祭品如花圈等的店铺。
鋪	pu5	【开铺子】开办商店。也说“开门市部”。
鏈	liæ̃5	【狗链儿子】狗交配。
銷	ɕiɔu	【开销】生活或生意必须支出的费用,也说“搅消”。
鎖	suɤ3	【锁子】锁:这个~的质量还可以。
鎖	ʂuɤ3	【暗锁】锁体的主要部位装在被锁物体内部的一种锁。
鍋	kuɤ2	【一个锅里搅过勺】比喻关系非常亲密,好像一家人:这个人连我~。
鍋	kuɤ3	【打杂剜烟锅子】指经常干一些细小、琐碎
鍋	kuɤ	【打砂锅】一种用手掌平展(水)、拳头(石头)、五指蜷曲略张开(砂锅)决定输赢的游戏,相当于游戏“石头、剪刀、布”。
鍋	kɤ3	【背锅子】罗锅,指驼背或驼背的人,喻指某人的缺点、不足:你娃不要骚情,有人治你的~呢。也说“背罗锅”。
鏽	ɕiəu5	【茶锈】同“茶垢”。
鏽	ɕiəu	金属表面氧化生锈。②(头发)粘接在一起很难分开:几天不洗头,头发就~在一起梳不开咧。③妊娠斑。怀娃娃时脸上起咧~咧!
錯	tsʰuɤ	【气错咧】岔了气:刚往起一站,就把腰里的~。
錯	tsʰuɤ5	【打错茬】错过:他刚走,你连他~咧。
錛	pəŋ5	刀刃受力缺损:剁骨都的时候没防住把刀~咧个豁豁子。
錘	tʂʰuei	【垐锤】同“垐货”。
錐	tʂuei	【改锥】螺丝刀。
錦	tɕiŋ	【名锦】为死者送的祭奠物品。在一面锦旗或一块缎被面儿上写上祭奠者姓名再同死者一块儿下葬。
鍁	ɕiæ̃	【木锨】农具,碾扬粮食时常用:△老鼠拉~呢——大头在后头呢。
鍁	ɕiɛ	【铁锨】铁锹。
鋸	tɕy5	【锯末子】锯木头时掉下来的细末和碎渣。
鎳	ȵiɛ2	多指铁制品、木器氧化腐蚀,腐朽:炉筒子受咧潮全~咧。
鎦	liəu5	【金镏子】金戒指。
鎬	kɔu	【洋镐】鹤嘴镐的统称。
鏡	tɕiŋ5	【石头眼镜】水晶制成的眼镜。
鐮	liæ̃	【火镰】旧时生火用具,现在本地偏僻的山村仍有使用的。
鑔	tsʰa5	【嘣镲镲】跳舞:今晚咱们~走。
長	tʂʰaŋ	【支长嘴】在某事上多嘴:这事怨我,是我~咧。
長	tʂaŋ3	【当团长】指睡觉时因寒冷而蜷缩成一团。
鬥	təu5	对接:拿碎布块块~咧个褥子面子。《说文》:“遇也。”《广韵·候韵》:“都豆切。”
門	məŋ	【四门八窗】当地民居门窗的一种样式,即在两扇活动的门旁还有两扇固定的门扇,窗户都是八扇的。
門	maŋ	【尻门子】肛门。
門	tsɿ	【深门浅窗子】当地民居的一种构造形式,即窗户的位置凸出,门的位置凹进。
門	mu	【囟门口】婴儿头顶骨未合缝的地方,在头顶的前部中央。
閃	ʂæ̃3	【大闪】(人)大个头儿:(打篮球)几个~打不过几个碎个子。
問	vəŋ5	【慰问】慰问。
闖	tʂʰuaŋ	猛冲。②闯荡,历练。
閏	ʐuŋ5	【闰年】阳历中二月为二十九日的年,有“四年一闰,百年不闰,四百年再闰”的说法。
闲	ɕiæ̃	【十打五闲】同“十呢五呢”。
間	tɕiɛ	【一时间】瞬间、刹那间:~说不对就不对咧,变得也太快咧些。
間	tɕiæ̃3	【隔间子】屋子里的套间。
間	tɕiæ̃2	【间口】房屋的左右宽度。
間	tɕiæ̃	【帮间】程度适当,差不多:你问我这两个咋么个,我看~。
閘	tsa	(水、电的)闸门:赶紧把~拉咧,小心伤着人。②制动器的通称:自行车的~坏咧。③用土或其他东西将流水堵住使其蓄积在一起或不再流淌:几铁锨土下去就把水给~住咧。
鬧	nɔu5	【闹活】闹腾:这个娃娃~人得很。
閥	fa	【阀码】厉害:这是个~人,不咧小看!
防	faŋ	【没防住】没留神,没注意:切菜着呢,~把手给切咧。
陽	iaŋ	【日昏阳昏】形容不知时间迟早、糊里糊涂的样子:成天价~的,不知道要弄啥呢!
陰	iŋ	【背阴子】面向北背着太阳。
陰	iŋ2	【阴阳】专门从事替人看风水、死者入殓等职业的人。
陣	tʂəŋ	【这一阵】这一会儿。
陣	tʂəŋ5	【一阵阵】一会儿。
阿	a2	【阿訇】回族对学古兰经并传经布道的学者的称呼。
降	tɕiaŋ	【霜降】节气之一。
陡	təu3	【高山陡洼】形容山势陡峭。
院	yæ̃5	【戏院里】同“戏园子”。
院	yæ̃	【风院】月晕。
除	tʂʰu	【除皮】除去毛重。这个东西~去还不好除,连相子(全部)拿着去算咧。
陪	pʰei	【陪方】结婚时女方给的嫁妆。
陷	sæ̃5	【打陷皮子】一种游戏。玩时用手掌击打对方手背,打不着就由对方来打,依次轮换。
陷	sæ̃	陷落:楼整体往下~咧一下。②踩(靠、坐)空:踏~脚从台子上滚下来咧!
隆	luŋ2	【圆鼓隆咚】形容物体呈圆球形状。
隨	suei	【随礼】送礼金或礼物:老李他大烧三年纸呢,~的人多得了
隱	iŋ3	【隐格子】小孩初学毛笔字时放在纸下模仿着写的字样子或“田字格”“米字格”等。
隱	iŋ	【隐隐糊糊】看起来或听起来不太清楚:太远咧,~的刚能看见个人影影。②感觉不太明显,隐隐约约:正睡着呢,~的试着头跟前站下一个人。
隔	kei2	【隔奶】给小孩儿断奶。
障	tʂaŋ5	【孽障】可怜:看那个老汉~嘛。
難	næ̃	【难日】詈语,常用于办事磨蹭、拖拉、优柔寡断之人:几下就弄咧么,看你~嘛!
難	næ̃5	不幸的遭遇,灾难:不知道是为啥么,这个娃娃就~大得很!
雀	tɕʰiɔu3	【鸦雀】鸟类的统称。
雁	iæ̃5	【咕噜雁】大雁。
集	tɕi	指农村乡镇中定期买卖货物的市场,常根据农历的一四七、二五八、三六九的日子确定集市的日期,相邻或相近的乡镇常不在同一日子开集市。
雨	y3	【祈雨】通过宗教等仪式祈求上天降雨。
雨	y	【说风就是雨】比喻不动脑筋,盲目听信别人的传言,未经证实便以讹传讹或采取行动:那个人经常~,你给不知道!②性格急躁,听见了就要行动。乜弄开啥咧急得很,~。
雪	ɕyɤ	【大雪】节气之一。
雪	ɕyɤ2	【雪青】浅紫色。
零	liŋ	【吃零嘴】吃零食。
雷	luei	【拉磨雷】闷雷。
霧	vu5	【拉雾】雾气弥漫:△早上拉一雾,下午晒死兔。
黴	mei	【倒霉】遇事不利,遭遇不好。②女性对来例假的讳称。倒血霉tɔu53ɕiε21mei24倒霉透顶。也说“倒八辈子霉”。
霜	ʂuaŋ2	【霜降】节气之一。
露	lu5	【露衣】指迎亲时新娘子穿在婚礼服外面的衣服,起保暖或遮挡晦气的作用。
露	lu	【寒露】节气之一。
霸	pa5	【独霸角】指干什么事情都喜欢独来独往或独自霸占某物不给别人使用的人。
霸	pa	【有理霸道】强词夺理。
青	tɕʰiŋ	【雪青】浅紫色。
青	tɕʰiŋ2	【青伤红印】指受击打后皮肤上出现的淤血印记。亲姊热妹tɕʰiŋ213tsɿ44ʐɤ213mei44形容姊妹之间亲密无间。
非	fei	【是非】矛盾、纠纷:你再不咧惹那些~咧,还不嫌乱吗!②搬弄口舌:这个人到底~得很!
靠	kʰɔu5	【十三不靠】麻将术语。指筒、万、条的点儿分别为1、4、7,2、5、8,3、6、9,其余为东、西、南、北、中。常用来比喻事物之间没有联系。
面	miæ̃5	【死面饼子】用未发酵的面烙成的饼子:~吃多咧疔
面	miæ̃	【起面】发酵了的面团儿。
靸	sa	穿鞋时把鞋后帮踩在脚后跟下面:不要~上个鞋到处乱跑。②脚步接触地面较重,给人一种步伐不轻快的感觉:老李走开路咧,一直~着走着呢!《广韵·合韵》:“苏合切。小儿履,无后帮。”
鞋	xɛi	【拾鞋带的】原意为帮人系鞋带儿的人,引申为替人收拾烂摊子,跑腿干杂活儿的人:混来混去也没有个大的出息,还不是个给人~。
鞔	mæ̃	把布蒙在鞋帮上(多用做有丧事时):给孝子的鞋~上一层白布。②把皮革固定在鼓框的周围,做成鼓面:这个鼓是用牛皮~成的。《广韵·桓韵》:“母官切。鞔鞋履。”
鞭	piæ̃	【火鞭】鞭炮。
鞭	piæ̃2	雄性动物的外生殖器。
韭	tɕiəu3	【韭叶】指吃拉面时,将面拉成韭菜叶形状的面。
音	iŋ	【没音道】不真实,没有事实依据:~的事再不咧到处乱说咧。
音	iŋ2	【音音子】音信:说是有大地震呢,你听着啥~着吗?②话里面微露的意思:听话~是让咱们给他些钱呢。③口音:听他说话的~去,就像是个南方人。
頁	iɛ	【合页】由两片金属构成的铰链,大多装在门、窗、箱、柜上面。
頂	tiŋ	【柱顶石】建造房屋时安放柱子的两面较平整的石头。
頂	tiŋ3	【谢顶】头顶脱发。也说“旋顶”。
項	ɕiaŋ5	【甩项】指承包建筑工程时只负责主体工程的建设,其余项目不算在内。
項	xaŋ5	【项圈子】项圈。在当地一般是指小孩子身体不好或认干亲的时候,由被认为是富贵之人或孩子的干爸干妈用项圈“拴”在孩子脖子上,以示吉利。
順	ʂuŋ5	【一顺子】同一个方向或顺序:往前走,连校长办公室是~。
頑	væ̃	【奸顽】聪明,心眼多(含贬义):王家大女子~得差大!奸巧tɕiæ̃213tɕʰiɔu53同“奸顽”。
顧	ku5	【顾缠】照顾:他连自己都~不住着呢,能顾上管你!
頓	tuŋ	【安顿】嘱咐:临走时他妈给~咧几句话。②安排妥当:住的地方~咧。
頓	tuŋ5	【断顿】吃了上顿没下顿。
顱	lu5	【额颅】额头。
顱	lu	【百颅子】婴儿满100天的日子。
領	liŋ3	【和尚领】上衣无领。因和尚的上衣是圆领,故称。
頸	tɕiŋ	【后棒颈】后脖颈。
顆	kʰuɤ3	量词(用于颗粒状的东西)。
顆	kʰuɤ	【颗颗】身体或脸上长的即将化脓的痘痘。
額	nɛi2	【额颅】额头。
顢	mæ̃	【颟颟】指比小碗小一些的喝酒杯子,常用来表示酒杯容量的大:哎呀呀,刚一坐下就喝咧这么几~子(比划手势)!
顛	tiæ̃2	【一打一颠倒】两人睡觉时常因地方小而相互倒过来睡,即头与另外一个人的脚是一个方向。②将物品的两头儿调换个位置:~放上刚好。
顛	tiæ̃	【老颠董】老糊涂。
顫	tʂæ̃5	【打颤】哆嗦。
顫	tʂæ̃	【打颤颤】程度较“打颤”更强。
風	fəŋ2	【起风】开始刮风:这一阵子~咧,凉飕飕地。
風	fəŋ	【搭背风】顺风。
食	ː~	的东西,能上桌子?
食	ʂʅ	【吃独食】一个人独占,别人沾不上边。
餳	ɕiŋ	面和好后放置一段时间使松软:面和好后让~上一阵子。性强ɕiŋ44tɕʰiaŋ24好胜心强,不肯落在别人后面。
飯	fæ̃5	【吃干饭的】指占着位置不干事或干不了事的人。
飯	fæ̃	【茶饭】指做饭菜的手艺:现在的女人~好的少。
飽	pɔu3	【打饱嗝】因吃得太饱致使气息受阻并发出响声。
饒	ʐɔu	【饶爷爷的孙子】相当于“省油的灯”,只能用在否定或反问句中:那就不是个~么,你还指望啥呢?/难道说他是个~?
餄	xuɤ	【饸饹】一种面食。通常是将和好的荞面团放在特制的模具里面,加力使面条从模具中直接漏入锅中,煮熟捞出加以佐料配菜即可食用。
餎	luɤ	【饸饹】一种面食。通常是将和好的荞面团放在特制的模具里面,加力使面条从模具中直接漏入锅中,煮熟捞出加以佐料配菜即可食用。
餅	piŋ3	【死面饼子】用未发酵的面烙成的饼子:~吃多咧疔
餅	piŋ2	【油饼子】油饼儿,油炸的一种食品,扁而圆。
餑	pɤ	【糊饽】一种面食。做时先将肉丁和蔬菜炒熟,加少许水,再将面饼切成条,翻炒即可食用。②放在表动作的词语后,比喻糟透了。这一下弄~咧。
餑	pʰɤ	【面饽】擀面时洒的干面粉。
餑	pɔu	【香饽饽】形容受欢迎、被看重之人:你乜成咧领导的~咧么!
餓	nuɤ5	【饿死鬼】詈语:你看你连~转世下的一样,没见过吃的。
餜	kuɤ3	【馃馃】油炸的一种食品。一般是在面粉里面放上鸡蛋、蜂蜜,然后用温水和好,做成各式各样的形状,放入油锅炸熟即可食用,口感又酥又脆。
餜	kuɤ	【馃馃】油炸的一种食品。一般是在面粉里面放上鸡蛋、蜂蜜,然后用温水和好,做成各式各样的形状,放入油锅炸熟即可食用,口感又酥又脆。
館	kuæ̃3	【理发馆】理发店。
餿	səu2	吝啬、小气:我一看他那个~样子就来咧气。
饃	mɤ	【起面馍馍】用发酵的面蒸或烙制而成的馒头、饼子等的统称。
饃	mɤ5	【肉夹馍】一种食品。将熟的牛、羊、猪肉及菜蔬剁碎夹到烙好的饼子里即成。
饊	sæ̃3	【馓子】回族常做的一种油炸的面食。将一团面搓成长长的细条,然后盘在一起下油锅炸熟捞出即可,口感酥脆。
饢	naŋ3	【日馕】吃(含贬义):你赶紧~你的,再不咧说别人。/连猪一样,~够咧就缓下咧。
首	ʂəu3	【五魁首】猜拳时数“五”。
首	ʂəu	【左首里】左边。
香	ɕiaŋ2	【吃香】比喻受欢迎或受宠幸:这几年海原的硒砂瓜~得很!/人家在领导跟前~着呢!
香	ɕiaŋ	【大香】常用的调味香料,是八角茴香的果实,呈八角形。也叫大茴香。
馬	ma3	【死驴烂马】指未经宰杀而死亡的牲畜的肉。回民忌
馬	ma	【儿马子】公马,常用来比喻那些身手矫健的小伙子:那连个~一样,谁都撵不上。
驢	ly	【死驴烂马】指未经宰杀而死亡的牲畜的肉。回民忌
駒	tɕy	【驴驹子】驴驹。
駒	tɕy2	【寻驹】马或驴发情。
駕	tɕia5	【晏驾】皇上去世。常在地方戏曲中使用。
駡	ma5	【骂仗】吵架。
騎	tɕʰi	【骑驴】一种儿童玩的游戏。常为两拨人通过猜拳决定胜负后,负方由一人充当拴马桩,其余人弓下腰并人人相连组成“驴背”,胜方依次骑在“驴背”上,游戏结束或重新开始。
騍	kʰuɤ5	【骒马】母马。
騙	pʰiæ̃5	【骗子手】骗子。
騷	sɔu	【老骚情】对年老男女不自重的称呼。
騷	sɔu2	【骚情】惹弄、骚扰:人忙着呢,你再不咧~咧!②言谈举止表现轻浮:看那个女的~嘛!
騾	luɤ	【驴骡子】公马和母驴交配,生下的骡驹。
驏	tsʰæ̃3	骑马不加鞍辔,引申为光身或不着内衣:大冬天他~身子穿着件毛衣。
骨	ku	【脊梁骨】脊椎骨。
骨	ku2	【尾巴骨桩子】尾骨。
高	kɔu2	【吃高价饭】指给人送礼金并吃对方准备的酒席。
高	kɔu	【尿得高】对自大之人一种嘲讽的说法:你还比谁~。尿炕精ȵiɔu44kʰaŋ44tɕiŋ21指经常尿床的小孩。
鬢	piŋ5	【鬓角】耳朵前边长头发的地方。
鬼	kuei	【日鬼】使用诡计使别人上当受骗:你怕是让人给~咧!/~着让人来回跑咧几趟子。②凑合、应付:反正没人仔细检查,~一下算咧。③形容人的品行不好:那个人~得很!
鬼	kuei3	【胡日鬼捣棒槌】不干正经事。
魁	kʰuei	【五魁首】猜拳时数“五”。
魂	xuŋ	【死狗流魂】游手好闲、无所事事之人。
魘	iæ̃3	做噩梦说梦话:夜来黑咧把人给~住咧。《广韵·叶韵》:“于叶切。噩梦。”
魚	y	【鲤鱼】淡水鱼,本地有产,身体侧扁,背部苍黑色,腹部黄白色,嘴边有须一对。
魯	lu	粗鲁:你看你做啥去~嘛!②样式不够精细:这个东西也太~咧!
魯	lu3	【忽鲁】松动:几个槽牙没有一个不~的。
鮮	ɕyæ̃2	【鲜净】干净整洁。
鯉	li3	【鲤鱼】淡水鱼,本地有产,身体侧扁,背部苍黑色,腹部黄白色,嘴边有须一对。
鯽	tɕi2	【鲫鱼】常见鱼类。身体侧扁,头部尖,中部高,尾部较窄,生活在淡水中,本地有出产。
鱉	piɛ2	【鳖子】一种扁状的金属制容器,颈细口小,形状似鳖,配有背带,携带方便。②量词。把一~子水唱得光光的!
鱗	liŋ	【鱼鳞】鱼类身体表面具有保护作用的薄片状组织。
雞	tɕi2	【鸡盲眼】夜盲症,即夜间在光线不充足的地方视力很差甚至完全看不清东西,就像鸡一样。
雞	tɕi	【素鸡】一种豆制品,圆柱形,味道类似于豆腐干儿。
鳴	miŋ	【叫鸣】公鸡打鸣。
鴉	ia	【鸦雀】鸟类的统称。
鴉	ia2	【鸦儿老鸹】乌鸦。
鴨	ia	【鸡窝挪鸭窝】比喻虽然有了变动但工作或命运没有多大改观。
鴰	va	【鸦儿老鸹】乌鸦。
鴿	kɤ	【鹁鸽】鸽子。
鵓	pu	【鹁鸽】鸽子。
鵮	tɕʰiæ̃2	鸟禽用尖嘴啄食。
鷂	iɔu5	【鹞子】雀鹰。鹰的一种。比苍鹰小,上体暗褐色,两翅呈黑褐色,有横斑,翼下形成一大白斑,尾呈叉尾,较长。活动在开阔地区,筑巢于树上。钩嘴,利爪,捕食鸟、鼠等,是一种猛禽。常被驯化后被人所用。
鷹	iŋ2	【鹰饱不拿兔】比喻已满足不再需要。
麥	mei	【玉麦棒子】玉米棒儿。
麥	mei2	【麦摞】麦子垛。
麻	ma	【日麻眼】形容非常糟糕、龌龊:这个事还给弄~咧。
麻	ma3	【胡里麻搭】胡乱,不认真的。~写着上去就算完成咧。胡里颠懂xu24li21tiæ̃21tuŋ21糊里糊涂、懵懵懂懂。
麻	ma2	【麻卡】指人在道德品质方面很差劲:这个人~得很。
黃	xuaŋ	【五黄六月】泛指夏季最炎热的时候。
黑	xei	【麻黑子】指天快黑或刚黑。
黑	xei2	【戳黑拐】背地里行贿:肯定有人给~咧。
黝	iəu	【黝黡子】雀斑。
黠	xa	果实品质欠佳:今年雨水不好,庄稼~完咧。②人的品质不好:那个人~得很。《广韵·黠韵》:“胡八切。慧也,又坚黑也。”《说文解字注》:“引申为奸巧之称。方言曰:‘慧,自关而东赵魏之间谓之~,或谓之鬼。’”
黠	xa2	【黠好】副词。最低限度,好坏:~是个大学生么,连这一点都做不到!
黶	iæ̃	【黝黡子】雀斑。
黶	iæ̃3	【黡子】皮肤上生的青色或黑褐色的小斑点,多是先天性的:这个人吃嘴~长得多,不愁吃穿。
鼓	ku3	【鼓劲】用力、用劲儿:~拧给一下就开咧。
鼓	ku	【圆鼓隆咚】形容物体呈圆球形状。
鼠	tʂʰu	【地老鼠】烟花的一种,点着后贴着地面乱窜。
鼻	pi	鼻涕。
齁	xəu2	【齁人】干果因存放时间太长而变味道发生变化,口感苦咸。②因某事引起内心不愉快:说实话这一阵子~得很!
齈	nuŋ	【齈鼻】黏稠的鼻涕。
齉	naŋ5	鼻塞不通气。
齊	tɕʰi	【齐嚓嚓】形容非常整齐的样子:铁锨把~地从中间断咧。
齒	tsʰɿ3	【腻眼腻齿】指人(多指孩子)吃饭时不好好吃:你
齒	tsʰɿ	【炉齿齿】炉箅子。
齜	tsʰɿ2	露(牙):我把棒一扽,它(狗)就牙一~。
齜	tsʰɿ	【龇牙咧嘴】形容凶狠的样子:你~地吃人恰。②形容疼痛难忍的样子:看你那个~的样子,疼得很吗?
龜	kuei2	【龟子倯】詈语,用来骂遇事退缩的人。
𡎺	tʂu5	塞、堵:下水道叫淤泥~得实实的。《广韵·屋韵》:“侧六切。塞也。”
𧦦	ʐæ̃	反复地说:这个人~得很,真是个~蛋。《说文·言部》作“言丹”,“多语也。”《广韵·盐韵》:“汝盐切。多言。”
