#漢字	音標	解釋
□	tsʰuʔ7	(头)俯下,原文作“啄”
□	tŋʔ7	(拳)打或(肘)击:手1指4跷1~下3□kʰo6汝,原文作“打”
□	ŋiãuʔ7	(手指、虫等)抬、伸、翻的动作,原文作“孑”
□	kit8	(粥、汤等)稠,原文作“实”
□	hãuʔ8	(芋艿煮得)半生不熟
□	nõ3	[kʰaʔ11-53]~解ei4:太殷勤了,原文作“努”
□	tsi1	~□bai1:女阴。鹹~放1无2䭕尿:喻人吝惜,出手不大方,原文作“屄”
□	pu1	~肿:浮肿,原文作“胕”
□	lu1	~来1~去:冲过来撞过去
□	ta1	~夫2侬:男人,原文作“大”
□	tsa1	~母:妻子,原文作“㜁”
□	tsʰa1	~箕,原文作“筲”
□	kʰa1	~穿:肛门、屁股。别2侬个2~穿做面2皮2:做顺水人情,原文作“尻”
□	tsʰio1	~鸡:雄鸡
□	pei1	~凿1:木工工具,原文作“批”
□	kau1	~蚓2:蚯蚓,原文作“蚯”
□	tim1	~酒:炖酒,原文作“燖”
□	ham1	~身2:全身,原文作“咸”
□	in1	~□ãi33:扎小草团,原文作“萦”
□	maŋ1	~□nin3:抓住,抓着,原文作“虻”
□	tʰoŋ1	~衫裤:烫衣服,原文作“汤”
□	kioŋ1	~开2:挣开,原文作“挣”
□	pʰĩ1	~缝1:缝隙,底细,原文作“缏”
□	nĩ1	~零2细2:拿东西,原文作“拿”
□	iã1	~□kʰo6伊走1:扇它走,原文作“搧”
□	tiõ1	~顿2:(小孩)撒娇,原文作“张”
□	pʰẽ1	~喙水2:拌嘴,原文作“拌”
□	kʰuãi1	~锣,原文作“敲”
□	su2	~炮:把没有引线的炮仗折断后点着火,原文作“刺”
□	la2	~□ɡia2:长脚蜘蛛,原文作“蟧”
□	la2	~投1:一种山上野生的灌木,原文作“箖”
□	ha2	~鞋带1:系鞋带,原文作“系”
□	ha2	~□bi1蝉:蝉,原文作“寒”
□	lia2	~~斜2斜2:斜里斜气
□	sua2	~侬:责备人
□	tsʰo2	~铲:捣乱,原文作“锄”
□	kue2	~跋1:绊倒。猴~:别扭,固执
□	tsʰiau2	~床1头:摆桌子,原文作“移”
□	tsʰiu2	~索1:把绳子一节一节地拉回来,原文作“揪”
□	nam2	~~,原文作“烂”
□	tsʰam2	~嘴:刺口。□ham1身2~□tsʰiaʔ7:浑身上下不舒服,原文作“搀”
□	ham2	~□mĩ1蝉:蝉,原文作“寒”
□	ziam2	~侬:抓人(皮肤),原文作“髯”
□	tom2	~哧1:鼓点子
□	taŋ2	~直:办事情无牵挂,不留尾巴,原文作“侗”
□	kʰoŋ2	~□kʰiu6:颤抖
□	sioŋ2	~石1□bou4:扔石头,原文作“扔”
□	nã2	~□nun2烧1水1:温吞水,原文作“寒”
□	hã2	~跋1:用脚或木棍等横在别人面前使跌倒,原文作“横”
□	piã2	~屎过2壑:比喻无意义地重复同一动作,原文作“搬”
□	tʰẽ2	~手1:棘手,原文作“撑”
□	nẽ2	~□ta1:晾干
□	nẽ2	~□ha2:使冷却,原文作“凉”
□	hãi2	~~呛:呻吟,原文作“屃”
□	tʰi3	~喙:张嘴,原文作“哆”
□	tsi3	~群1侬,原文作“这”
□	hi3	~只鸡:那只鸡,原文作“那”
□	la3	~钱3:偷钱
□	tsia3	~是我1个2,原文作“这”
□	hia3	~是甸:那是谁,原文作“那”
□	lom3	~~:奢侈貌
□	ŋã3	~~:茫然不知所措
□	nuã3	~衫裤:搓洗衣服
□	ẽ3	~汝:打你,儿语,原文作“打”
□	pãi3	~骹:跛子,原文作“摆”
□	ŋãu3	~仔3:铁工工具,原文作“拗”
□	ŋiãu3	~虎:老虎,~鼠:老鼠,原文作“老”
□	la4	~口2:外面,原文作“内”
□	le4	~~:悠闲貌
□	hiau4	~开2:掀开,原文作“枭”
□	kʰam4	~咳1嗽:打咳嗽
□	tiam4	~~讲2:不停地讲,原文作“垫”
□	kom4	~水1:拨水
□	kʰom4	~咳1嗽:打咳嗽
□	tsaŋ4	~仔3:辫子,原文作“辫”
□	aŋ4	~咕1:教婴儿学发音
□	suaŋ4	~狗屁2。~尿:撒尿,原文作“放”
□	puã4	~蚊2:驱赶蚊子
□	hõ4	~生3:那样,原文作“那”
□	hiõ4	~生3:那样,原文作“那”
□	ba5	~□nin3:趴着,原文作“趴”
□	tʰa5	~松1:摊开使松散
□	hia5	~蹄:撒蹄,原文作“撒”
□	sua5	~手1关2门:顺手关门,原文作“带”
□	pʰo5	~~,原文作“胖”
□	kʰo5	~机:BB机,原文作“叫”,应是音译自call
□	pʰui5	~澜:吐口水,原文作“啐”
□	lui5	~瓜2子1:嗑瓜子
□	tsʰiu5	~牙2:刷牙。牙2~:牙刷。~骹:擦脚,原文作“擦”
□	tsʰim5	~者轻1重1:掂一下重量,原文作“掂”
□	tam5	~□ba6:笨,原文作“癚”
□	nam5	~塗:烂泥。~塗深掘:得寸进尺,原文作“烂”
□	ŋam5	~痀鸟1:形容人无精打采
□	kiam5	~骹:厉害的家伙,原文作“剑”
□	kaŋ5	~真:当真。~嫷:真漂亮。~□tsei6:真多,原文作“当”
□	loŋ5	~金:锃亮,原文作“锃”
□	loŋ5	~钱3:输钱,原文作“锃”
□	ŋioŋ5	~鼻:努鼻子
□	tĩ5	~□tiũ313:马虎行事,不负责任
□	nã5	~火:引火,原文作“爁”
□	hiã5	~惊2:小孩因梦魇而被惊吓,原文作“撒”
□	kuã5	~水1:提水。牵~:提携。肚1~:兜肚
□	tsiõ5	~旁4:这一边,原文作“这”
□	nẽ5	~~金:锃亮,原文作“锃”
□	ẽ5	~大2:再大,原文作“再”
□	la6	~凉2:乘凉
□	tsa6	~下3□to3:把菜倒进滚油锅里的声音,原文作“欻”
□	ia6	~种1:撒种,原文作“撒”
□	tsʰua6	~囝:照看儿子,原文作“𡥘”。带领。~□nin3去行1:领着去走走,原文作“带”。~母:娶妻子。原文作“娶”
□	tʰue6	~~:湿淋淋
□	ŋam6	~烧1:焐热
□	ã6	~□nin3睏:偎着(婴儿)睡觉,原文作“偎”
□	kʰiã6	~喙:因生病或坐月子而不敢吃某种食物,原文作“健”
□	nuã6	~塗:躺在地上,多用于小孩撒娇,原文作“乸”
□	hõ6	~生3:那样,原文作“那”
□	hiõ6	~旁4:那一边,原文作“那”
□	pʰiʔ7	~涩肉:割取瘦猪肉,原文作“劈”
□	siʔ7	~□nã4:闪电,原文作“烁”
□	tuʔ7	~痀:矮,贬义。矮~矮~:矮矮胖胖,原文作“腯”
□	tuʔ7	~呃1仔3:呃逆,原文作“堵”
□	luʔ7	~糜2饮2:喝米汤,原文作“啜”
□	tsuʔ7	~□ta1:吸干,原文作“吸”
□	suʔ7	~,□mãi5讲2话2:嘘,不要讲话,原文作“嘘”
□	kʰaʔ7	~两1解ei4:太殷勤了,原文作“客”
□	hiaʔ7	~悬:很高,原文作“很”
□	tʰuaʔ7	~链:裤链,原文作“脱”
□	luaʔ7	~火柴:擦火柴;原文作“擦”
□	luaʔ7	~链:裤链,原文作“脱”
□	tsʰuaʔ7	~纸:撕纸。~了3:(女人)过分能干,原文作“掇”
□	koʔ7	~奶2:吸奶,原文作“吸”
□	hoʔ7	~相4:照相,原文作“照”
□	tsʰeʔ7	~死:气死。叹~:叹气,原文作“戚”
□	bueʔ7	~唔:要不要。~生3~死,原文作“不”
□	pʰauʔ7	~疕:结痂
□	kauʔ7	~薄3饼。~来1~去:翻来复去。~面2:女人用两根线卷掉脸上的汗毛,原文作“卷”
□	kʰauʔ7	~~:崭新貌
□	pʰiauʔ7	~仔3罐2:一种竹制儿童玩具
□	tiauʔ7	~薄3饼:烤薄饼
□	tsiauʔ7	~来1~去:上下簸荡
□	tiuʔ7	~尿:一滴一滴地排尿,原文作“滴”
□	hmʔ7	~侬:打人,原文作“打”
□	lip7	~入水1内2:没入水内,原文作“没”
□	ŋip7	~钱3:私自克扣钱,原文作“捏”
□	nap7	~软:柔软,原文作“𩏼”
□	nap7	~鼻仔3:塌鼻梁,原文作“塌”
□	lop7	~水1:涉水,原文作“涉”
□	ŋop7	~涹:闲谈
□	tʰit7	~□tʰo2:游玩,原文作“踢”
□	pʰut7	~着1手1:手被劈着,原文作“劈”
□	but7	~去唔:要不要去,原文作“不”
□	mut7	~仔3:小虻,原文作“蚊”
□	tut7	~白1:雪白,原文作“极”
□	lut7	~头毛1:掉头发,原文作“脱”
□	sut7	~□tiam1:寂静,原文作“寂”
□	sut7	~饱:吃,“塞”
□	sut7	~下3□kʰo6你:打你一下,原文作“刜”
□	hut7	~下3□kʰo6汝:打你一下,原文作“刜”
□	tak7	~苦:极苦,原文作“极”
□	ak7	~入喙内2:塞进口里,原文作“塞”
□	ŋiak7	~牙2:咬牙。笑1~:微笑,原文作“啮”
□	kʰok7	~头:用手指敲打头,原文作“敲”
□	kiok7	~计:筹谋计策。~工1:磨洋工,原文作“局”
□	iok7	~酸1水1:吐酸水,原文作“呃”
□	mõʔ7	~索1:贿赂
□	nẽʔ7	~落去:瘪下去,原文作“瘪”
□	nẽʔ7	~~□to3:指责人家说话嗫嘴的声音,原文作“嗫”
□	pʰiãuʔ7	~仔3罐2:竹筒状儿童玩具
□	kiʔ8	~事[kuaiʔ53]事:罗嗦事真多
□	tsʰuʔ8	~来1~去:忙来忙去,原文作“啄”
□	tʰiaʔ8	~~:偏偏
□	iaʔ8	~仔2:蝴蝶,原文作“蝶”
□	puaʔ8	~水1:用桶从井里或河里舀取水,原文作“打”
□	tsuaʔ8	~答1仔3:差一点儿,原文作“绌”
□	tsʰuaʔ8	~角2:偏僻的角落,原文作“僻”
□	toʔ8	~厝2:在家,原文作“在”
□	soʔ8	~~:服服贴贴,原文作“服”
□	sioʔ8	~鱼:慢火焖鱼,原文作“俗”
□	kʰeʔ8	~糖1:榨蔗制糖,原文作“榨”
□	kueʔ8	~头扇3:一种有把柄的圆扇子,原文作“橛”
□	hauʔ8	~~搿:焦躁
□	tsʰip8	~面4:和面。□tʰiau1~:磨炼
□	kiap8	~目1:眨眼,原文作“眨”
□	kop8	~水1:拨水
□	hop8	~~□saʔ7:狼吞虎咽
□	but8	~侬:揍人
□	kʰut8	~头路2:绝路,原文作“绝”
□	kʰut8	~尾:秃尾巴,原文作“秃”
□	pak8	~仔3:番石榴,原文作“拔”
□	ŋak8	~价:一点一滴地讨价还价,原文作“研”
□	hak8	~着1奶1:缺乏奶水,原文作“乏”
□	suak8	~侬:影射人,原文作“踅”
□	tsʰiok8	~牌:洗牌
□	hek8	~~:疲乏想睡,原文作“乏”
□	iãʔ8	~仔3:蝴蝶,原文作“蝶”
□	ŋãiʔ8	~价:一点一滴地讨价还价,原文作“研”
□	ŋiãuʔ8	~~□nũi5:身子痒痒或虫子蠕动,也比喻小孩好动、顽皮,原文作“臲”
□	pi1	□ham2~□sun2:蝉,原文作“蜺”
□	bi1	□ha2~□sun2:蝉,原文作“蜺”
□	bai1	□tsi1~:女阴,原文作“眉”
□	mĩ1	□ham2~蝉:蝉,原文作“蜺”
□	ãi1	□in1~:扎小草团
□	uãi1	□ĩ313-55□õ55-11~:一种青蛙,原文作“弯”
□	tiãu1	□lom55-11□tom55-11~:鼓点
□	ɡia2	□la2~:长脚蜘蛛,原文作“蚜”
□	tʰio2	□tʰit7~:游玩,原文作“迱”
□	sam2	□tsi3个2侬□kaŋ5~哇1:这个人真傻哇,原文作“傻”
□	sun2	□ha2□bi1~:蝉,原文作“蝉”
□	õ2	□ĩ313-55~□uãi33:一种青蛙
□	ãu2	□iam3~:看,儿语,原文作“瞧”
□	bo3	□ham1身2~□ba6:全力以赴,原文作“在”
□	to3	□uãi33下2~:开门声,原文作“叫”
□	pou3	□ta1~:干瘪,干而收缩,不丰满,原文作“脯”
□	sam3	□mãi5~了1:别傻了,原文作“傻”
□	i4	□tsa1母~:女人腔,原文作“姼”
□	õ4	□ĩ313-55~:不负责任
□	mun5	□hai2~:发痒
□	nãi5	□tsi3~仔3侬:这些人
□	ba6	□ham1身2□bo3~:全力以赴,原文作“趴”
□	ba6	□tam5~:笨,原文作“昧”
□	tsom6	□lom55-11~:猥亵的动作
□	nã6	□siʔ7~:闪电,原文作“爁”
□	siauʔ7	□kʰuak7~:死,诙谐,原文作“孓”
□	tip7	□tsi3~仔3:这里。□hi3~仔3:那里,原文作“答”
□	hãʔ7	□ham2~:了不起,贬义
□	kuaiʔ8	□kiʔ53事2~事2:啰嗦事真多
□	hẽʔ8	□sau1~:瓷器隐藏裂痕,原文作“裂”
□	pu1	㖹~:吹螺号。㖹~□kʰo6牛听:对牛弹琴
□	tai2	一种螨类动物,原文作“台”
□	nãi2	一种鱼网,原文作“绫”
□	tsia4	不~汝:不用你管,语气愤慨,原文作“嗟”
□	mãi5	不要,原文作“嫑”
□	mũi5	不怕,原文作“𱰸”
□	bu6	不清晰:~~,原文作“瞴”
□	seʔ8	不如:~过2伊,原文作“削”
□	liau6	丢1~:丢掉,改~:改掉,原文作“掉”
□	kak8	丢1~:丢掉。~手1榴弹1:扔手榴弹,原文作“掼”
□	ŋiã2	举:~过肩,原文作“撵”
□	tã2	乌青煲~:乱七八糟
□	tsʰĩ2	传递:~零2细2,原文作“递”
□	niã5	伤痕:手1有1条1~
□	hãu2	伴汝~□tiãu33:陪伴你空忙
□	nin3	你们,原文作“恁”
□	niã3	你的:~爸,原文作“你”
□	niam4	你的母亲,"□niã3姆2"的合音字,贬义,原文作“念”
□	pue3	使显露:~开2,原文作“剖”
□	kʰop7	倒3~:倒扣
□	kaŋ5	偷~:偷窃,原文作“当”
□	bau5	傻呵呵
□	ut7	出~:出圈儿,原文作“律”
□	siam1	刮:~鬚头,原文作“椠”
□	kʰau2	刮:~鼎2
□	tʰã3	刺伤:□kʰo6鱼~着1:给鱼鳍刺着
□	tʰeʔ7	剥~:袒露上身。剥~膦:袒露下身。~米饭:大米饭,原文作“裼”
□	hoʔ7	加热:~烧1,原文作“熇”
□	ue2	半:蜀tsit8~,个2侬~
□	lam3	半~水1:半桶水,水平有限,水平低,原文作“桶”
□	ã2	占为己有。~食:吃独食,原文作“赢”
□	auʔ7	卷,~起来1,原文作“卷”
□	tsa1	原文作“⿰鼻虘”
□	hoŋ1	原文作“⿰豐 刂”
□	iu2	原文作“⿴囗繇”
□	liaʔ8	原文作“拃”
□	tap8	原文作“⿰月耷”
□	ko2	又粘又稠。~~:粘乎乎,原文作“滒”
□	maŋ1	发2鸡~:呆若木鸡,原文作“虻”
□	hai2	发2~:发痒,原文作“谐”
□	kʰua1	只1~三3年1半:(事情)一拖又几年。原文作“拖”
□	tuaʔ7	叱。~彩:喝彩,原文作“叱、喝”
□	hẽ6	叹词:~,是我1个2
□	nam4	吃,儿语,原文作“啖”
□	ia5	吃厌了,原文作“厌”
□	am6	吃,儿语,原文作“啖”
□	tsʰuak7	吃,原文作“嘬”
□	ha1	吐气使稀饭冷却:~烧1糜2,原文作“颬”
□	siã2	吸引:~侬,原文作“城”
□	nẽʔ8	呐2~:空忙,原文作“捏”
□	nãʔ7	咬,~苹果2,原文作“咬”
□	naŋ3	咱们,原文作“俺”
□	mẽ3	哎2~:哎呀,原文作“猛”
□	tsʰoʔ7	啄,鸡~菜,原文作“啄”
□	kã5	啊5?屎□kʰo6汝~?:啊?大便给你吃?,原文作“咬”
□	un2	喙~皮2:嘴唇,原文作“唇”
□	pu4	喙~~:嘴巴鼓鼓的,原文作“胕”
□	hi5	喝2~:打哈欠,原文作“齂”
□	ŋom3	嚼
□	hom3	嚼
□	tom3	土气:乃~
□	ha2	在手指上吐气。~煲肢2:胳肢,原文作“颬”
□	tsiau2	均匀:搅1~。十2八1棚骹做够~:样样工作都干过,原文作“齐”
□	mõ3	坏、不好:~侬,侬~,原文作“孬”
□	au5	坏、不好:~货。~□sa5:不结实、糟糕。身2体□kaŋ5~哇1:身体真差哇,原文作“孬”
□	tap7	块、处:□tsi3(这)~地2方1,原文作“搭”
□	kʰok7	块:蜀tsit8~塗:一块土,原文作“墣”
□	kʰok8	块:塗~:土块,原文作“墣”
□	pʰueʔ7	塍墜~:烂泥。尿~:尿的泡沫,原文作“沫”
□	sau1	声~:声嘶,原文作“嘶”
□	ki1	多出的脚趾,原文作“跂”
□	tsʰãi1	多才,原文作“偲”
□	tsei6	多,侬~:人多,原文作“㩼”
□	tsʰiam3	大口地吃
□	huaʔ8	大2步2:迈大步,原文作“越”
□	nãi5	央求:~侬
□	kaʔ7	头~插1:睡觉时一人的头与另一人的脚并排,原文作“各”
□	poŋ5	夸大、吹牛。~空1~缺2:无中生有,夸大其词,原文作“嗙”
□	bou4	好1~:好了没有,原文作“未”
□	ua5	安装:~落去,原文作“挂”
□	nun2	寒4~烧1水1:温吞水,原文作“温”
□	liu4	将1菜~者2:把菜炒一下、热一下,原文作“馏”
□	tsʰuã1	小木刺:~□tsʰam2(刺)着1手1,原文作“栓”
□	nũi6	小虫、跳蚤等在身上蠕动。钻:~山2空1
□	pʰin2	尿zio4~:小孩尿裤,原文作“屏”
□	pʰin3	尿~:小孩尿裤,原文作“屏”
□	hak8	屎~:厕所,原文作“壑”
□	pui1	山墙。厝2~头:山墙顶部,原文作“岿”
□	lei3	巴~:奚落
□	ta1	干燥,原文作“灱”
□	tsʰom4	干扰、捣乱:~虎,~猴狮,原文作“弄”
□	te5	底ti1~:哪里,原文作“地”
□	siam2	庹,蜀tsit8~长1,原文作“庹”
□	i5	心肝内2~~:恶心,原文作“恶”
□	tiam6	恬静。寂1~。话2讲2~:话讲完了。~地1做食:静悄悄地干活挣钱,原文作“惔”
□	uaŋ3	我的,我们。~爸:我爸。~侬:我们。~□tsi3群1侬:我们这些人。~个2:我们的,原文作“我/俺”
□	tsiaʔ7	我1怎2呢1~笨:我怎么这么笨,原文作“这”
□	tok7	手1指4仔3:轻点手指头,原文作“厾”
□	huãi1	打:~下3□kʰo6汝,原文作“敲”
□	bi2	打盹儿
□	kuãiʔ8	打:~下3□kʰo6伊,原文作“敲”
□	hiak7	扔:~掉3,原文作“掼”
□	sei1	扫2~:扫帚,原文作“茜”
□	tsun4	扭:~断3。□tsaʔ53-11□tsaʔ53-11~:扭扭捏捏。~左势:偏向左边,原文作“撙”
□	huã4	扶,~正3,~稳,原文作“扶”
□	tsʰue6	找,潜1~仔3:捉迷藏,原文作“找”
□	tsʰuʔ7	把燃烧物放入水中使熄灭,原文作“焌”
□	lok7	把沙土等装进容器后摇动:~~两1下3仔3,原文作“摝”
□	sa1	抓取:~田2草2,原文作“挲”
□	taŋ5	抖搂:~衫裤,原文作“抖”
□	pʰiã1	抛,~过2去,原文作“抛”
□	pʰũi1	抛,~来1~去,原文作“抛”
□	tsei3	抢白:~侬
□	muã1	披,~件1衫,原文作“披”
□	kʰop8	抶~:游戏后赢家用食指或中指敲打输家的手指背作为奖赏
□	pʰok8	拍1~:拍手称快,原文作“𦢊”
□	nuẽʔ7	拾取:~起来1,原文作“捏”
□	tʰeʔ8	拿,原文作“揢”
□	pʰuaʔ8	挂,~面2布2,原文作“挂”
□	om1	捂,~□nin3:捂着,原文作“掩”
□	him5	捂:~□nin3,原文作“掩”
□	tẽ4	捏,~死,原文作“捏”
□	hou2	捞,~鱼,原文作“捞”
□	nũi2	捡1胶~:凑成一团,原文作“团”
□	tsʰiau1	推,~门。~面4:揉面。~□tsʰip33:磨难,原文作“推”
□	kam3	掩埋:~□toʔ8塗下2,原文作“䃭”
□	kʰiu3	揪,~头毛1,原文作“揪”
□	iã4	搧,~风,原文作“搧”
□	lou4	摇动,椅□to3~:椅子在摇动,原文作“㨄”
□	zun6	擒1~稳:做事稳当,原文作“韧”
□	tsʰiak7	擦,~衫裤,原文作“擦”
□	he4	放1~:放学,原文作“校”
□	lom5	放进水里立即提起来:~衫裤。洗~(变调35):洗澡,儿语,原文作“浸”
□	hiã5	敞,~开2胸,原文作“敞”
□	hãi1	无2□hĩ55无2~:没有着落、八字没一撇
□	hĩ2	无2~无2□hãi33:无声无息、八字没一撇,原文作“年”
□	kʰa5	无2~:没空,原文作“叩”
□	tam6	有1~:有趣
□	sa5	朥~:馅子,原文作“素”
□	hũi6	枵~□nin3:饿极了,原文作“悸”
□	saʔ7	枵饱~:饥一餐饱一顿。戆狗~石1□bou4:傻瓜上当,原文作“塞”
□	tsiã4	橛1~:竹制雨具,原文作“遮”
□	ŋim1	正好、适中:合1~
□	ŋam1	正好、适中:合1~
□	pʰe5	死存~喙:嘴硬,原文作“帕”
□	tsŋʔ7	水1~:水枪
□	mãi1	汝~讲2要3去广2州?:你不是说要去广州吗?,原文作“吗”
□	him1	沉1~:性格内向,原文作“喑”
□	kuai4	泻屎~:老泻肚子的人,诙谐
□	tsiõ2	洋2~:湿漉漉,原文作“酱”
□	tsiõ5	洋2洋2~~:湿漉漉,原文作“酱”
□	sap7	海中贝类的壳,可煅成氧化钙,原文作“𧐔”
□	tam2	湿
□	tĩ4	满:水1~,原文作“𣂎”
□	un2	火宽2宽2□to3~:火慢慢在焚烧,原文作“焚”
□	kʰo1	煮:~菜,原文作“戈”
□	soʔ7	牙齿酸痛:牙1□kʰo6~□nin3,原文作“齼”
□	ka1	狗~风:龙卷风,原文作“脚”
□	hai1	狗~:狗阴部,原文作“屄”
□	hãʔ8	狗头~:二楞子
□	baʔ7	猪肉[niok53]□kʰo6猪~,卵2□kʰo6春:绕口令,原文作“肉”,“□kʰo6”释义应是“煮”
□	niu5	猴皱2~生3:生性狡猾
□	mak7	玩。~乐2、~耍2:玩耍
□	tã1	现在:汝~食饱未2?,原文作“今”
□	nĩʔ7	瓜2~:瓜蒂,原文作“蒂”
□	iok8	生养,原文作“粥”
□	kin1	用力挣脱:~断3,原文作“劤”
□	hã4	用言语套出人家实话
□	li5	用手撕:~□liau6,原文作“攦”
□	tsun5	用火烧,原文作“焌”
□	puʔ8	用尖硬的东西刺、戳:~伤2,原文作“剈”
□	hĩ6	甩动,将2狗蚁1~□liau6:将蚂蚁甩掉,原文作“抖”
□	ã5	男孩,原文作“伢”
□	hĩ6	男性轻浮、放荡,原文作“嫩”
□	tʰue2	疖子,原文作“𤻊”
□	tʰiam3	疲劳:做~去,原文作“忝”
□	tʰiã5	疼,心~,头~。痛,酸1~,原文作“疼、痛”
□	niu1	痒:~侬,原文作“㚢”
□	zua6	痕迹,原文作“誓”
□	ko1	癞~:麻风,原文作“𰣻”
□	pou2	白1~:蝙蝠,原文作“符”
□	kʰãi3	目1□to3~:眨眼
□	kʰeʔ7	目1~:眼睛闭上,原文作“瞌”
□	iam3	看:~镜,偷~,原文作“睒”
□	teʔ7	眠床1~。~钱:下赌注。~年1:压岁,原文作“箦”
□	nin3	着,助词。扶~:扶着,原文作“恁”
□	ĩ4	睡,儿语,原文作“睡”
□	ĩʔ7	睡,儿语,原文作“睡”
□	siã5	瞧不起人:~~,原文作“圣”
□	tsa1	短而硬的胡子,原文作“楂”
□	tun3	矮~:又矮又胖,原文作“腯”
□	tut7	矮~矮~:矮小,原文“杌”
□	pou4	石1~:石头
□	tsẽ5	硬~:硬朗、结实
□	tiã1	碰、触。相1~:相碰。~磕1:碰撞,原文作“揨”
□	uai2	移动:骹□to3~:脚在移动,原文作“移”
□	tʰuʔ7	移动
□	tsĩ3	稚,皮2肉幼~,原文作“稚”
□	kʰiau2	穷,~侬:穷人,~苦,原文作“穷”
□	tsuʔ8	空忙,原文作“啄”
□	tsʰoʔ8	空忙,原文作“啄”
□	tsʰioŋ6	穿,~衫,原文作“穿”
□	hm̩2	童谣中的一段:白1符2~,~□kiuʔ53坐2□nin3出
□	tsʰue2	竹棍子,原文作“棰”
□	ŋip7	笑1~:微笑,原文作“啮”
□	ou2	笸箩:~㔶,原文作“箶”
□	kam4	糖果,儿语,原文作“柑”
□	lok7	糜1~:粥稀,原文作“𥻨”
□	huã3	红1~:几种颜色中红色明亮显眼,原文作“晃”
□	tsaŋ4	绑、扎:找1条1草2~□nin3仔3,原文作“缯”
□	kʰo1	给:~汝,原文作“科”
□	kʰo6	给:~侬,原文作“科”
□	tʰuã2	缓慢。~~:进展不顺利
□	lin1	翻1车2~:翻跟斗,原文作“轮”
□	tei1	耸3骹~:踮脚,原文作“底”
□	pʰok8	肉疙瘩。头壳1生3~:头上长了个疙瘩,原文作“𦢊”
□	pʰu3	肏
□	kãi3	肛门,~门:肛门,原文作“茧”
□	tʰuʔ8	肥~~:过度肥胖,原文作“腯”
□	pit7	胀裂。塗骹~条1裂1:地上裂开一条缝隙,原文作“䦼/𨺤”
□	tsũi2	胡2蝇1~猪肉:苍蝇叮猪肉,原文作“舐”
□	sa5	胡2鬚豹垃2~:络腮胡子,原文作“腮”
□	ham5	脸虚浮黄肿:头~~,原文作“䫲”
□	kʰoʔ8	脸部瘦削貌:~~
□	ũi1	臭1~:馊,原文作“酸”
□	hioŋ4	臭。臭1够~了3:臭不可闻,原文作“䐥”
□	tsũi4	舐,舌□to3~:舌头在舔舐,原文作“舐”
□	liaʔ8	芦~:芦苇,原文在“芦”的注释中作“掠”
□	kʰin2	草2~:草堆,原文作“囷”
□	pu1	荒1~陇:偏远的地方,原文作“埔”
□	haʔ7	菜~:菜瓣,原文作“瓣”
□	tiam5	藏,潜水。~找1仔3:捉迷藏。~水1氽1:潜水,原文作“潜”
□	lam3	虚弱、不结实:身2体□kaŋ5~哇1,原文作“览”
□	pʰuʔ8	虚胖:面2~~,原文作“浮”
□	tʰou6	蚶~:蚶死了,原文作“吐”
□	kuai1	蛤~:蝌蚪。~鱼:河豚,原文作“⿰鱼乖”
□	kiu3	蛤~:小青蛙,原文作“蛄”
□	pu2	蜀tsit8~尿,原文作“脬”
□	tsai6	蜀tsit8竹篙□lau1□lun4船1~:一棍子打一大片,原文作“儎”
□	huai2	行1过2~:走过头,原文作“移”
□	leŋ2	行,蜀tsit8~树2,原文作“行”
□	lio2	裁,~衫裤:原文作“裁”
□	liau1	装年糕的竹篮
□	su6	象声词:~~□to3,原文作“刺”
□	he2	赤~:婴儿,原文作“孩”
□	hiã5	赤面2相1~:翻脸,原文作“向”
□	tsũi6	走。~来1~去,~够头懵4懵4:走来走去,走得头昏脑胀,原文作“转”
□	tek8	走1遘北~:走到遥远的地方,原文作“极”
□	tsʰeŋ1	起糖1~:用开水冲稀糖块,原文作“饧”
□	naŋ1	趼,手1生3~,原文作“趼”
□	tsuaʔ7	跳跃:~过2溪,原文作“踔”
□	pu1	踢:~下3□kʰo6汝,“□kʰo6”词义应是“给”
□	nioŋ5	踮:~骹后2㬹:踮脚后跟,原文作“耸”
□	ɡia2	车2~:男子身材高大,貌不美,原文作“椰”
□	to3	车2~行1,原文作“在”
□	tsut8	转头
□	ut8	转头
□	tuʔ7	轻轻顶住,原文作“堵”
□	ŋiaŋ6	还4~:出丑
□	mãi2	这tse3~:这一边,原文作“旁”
□	tso3	都:~是伊个2,原文作“总”
□	taŋ4	酒~:酒瓶,原文作“甔”
□	tẽ2	重2~:一个牙位长两个牙,原文作“牙”
□	pʰei5	量词:蜀tsit8~菜箬,原文作“瓣”
□	suaŋ5	金龟仔3满~:冒金星,原文作“钻”
□	tam3	镇定:老2~定3,原文作“倓”
□	ŋim2	门前石级,原文作“碒”
□	tãi4	门~:门坎,原文作“坎”
□	nĩʔ7	闪耀:火□to3~:火在闪耀,原文作“烁”
□	tẽ2	阻~:阻挠,原文作“挠”
□	nioŋ6	顶~:暂时起作用,原文作“缓”
□	som5	颤动
□	kʰiu6	颤抖:□kʰoŋ55-11~,原文作“抖”
□	suʔ8	驯顺
□	ziau6	驱逐,赶走:~走,原文作“扰”
□	pʰiau2	骂:~侬:骂人,原文作“嫖”
□	kʰak7	骹□kʰo6~□nin3:脚给卡住,原文作“揢”
□	sa5	鱼~:鱼饵,原文作“饵”
□	un5	鱼~:沿海水产养殖场,原文作“塭”
□	kui1	鸡~:鸡嗉、气球,原文作“规”
□	kʰam3	鸡~:圈鸡的竹器,原文作“砍”
□	kʰom3	鸡~:罩住鸡的竹器
□	neŋ1	鹹狗~:一种树名,原文作“柠”
□	ŋuãi2	麻木:手1~~,原文作“呆”
□	sũi1	黄2~:脸色发黄,原文作“𦅇”
□	liu4	鼎2~:菜铲,原文作“馏”
□	kʰiau5	鼻~~:仰鼻貌,原文作“骺”
□	nẽ5	齆鼻~:齉鼻儿,原文作“齉”
㑳	ziau4	
㔶	kam3	鼎2~:大铁锅的盖子
噚	tsʰim2	
㖹	pun2	吹气。蜀tsit8~当2九1洗:把物体上的灰尘吹掉一次,等于洗了九次,原文作“歕”
㗑	pai1	
㙉	tiaŋ3	
㙟	laŋ3	
㛇	tsuaŋ1	
㝗	laŋ1	1,稀疏,“朗”
㧘	tsou1	
㨄	tsiu1	
㩻	kʰi1	倾斜,原文作“攲”
㬤	kʰip7	
㬹	tẽ1	2,骹~:脚跟,原文作“跟”
㮾	laŋ3	
㮿	pit7	
殨	mut7	
㳇	hu4	
㴷	tam2	1,湿。涂骹~~:地上湿湿
㼧	taŋ2	~仔3:小瓦
㽏	kam5	
㾪	saŋ3	瘦~狗泻厝2侬:让主人丢脸。瘦2~:瘦
䀇	kou3	
䀹	siam3	
䇽	tsiʔ7	~席2:竹席
䉬	hui5	
䋎	tʰĩ6	缝:~衫裤
䒷	kuak7	
膋	liau2	
罃	eŋ1	
䘼	ũi3	袖。衫~:衣袖
䜺	tsʰai3	
䝼	tsʰeŋ2	
䦛	tseŋ1	
䫌	pʰei3	□kʰa1穿~:屁股,原文作“髀”
䭂	ip7	臭1~:发霉的味道
䭕	tsiã3	味淡:白1~。~水1鱼:淡水鱼
䱗	tsʰaŋ1	
䱛	ueʔ8	
䱻	kut8	
一	it8	3,~零2三1
一	it7	~九1八2四2年1
丁	teŋ1	
七	tsʰit7	
万	maŋ4	1,~一[maŋ35it11-33]
万	maŋ6	2,蜀tsit8~,~年1青
万	mok8	3,~俟1
丈	tŋ̍4	1,蜀tsit8~布2
丈	tsiaŋ4	2,~夫1
丈	tiõ1	3,老2~:丈人
丈	tiõ4	4,姑1~,姨~
三	sam1	1,放1~:行一种棋子
三	som6	2,幺二1~:划拳决定先后次序时的用语
三	sã1	3,~侬,~个2
上	siaŋ4	1,~海
上	tsiõ4	2,~顶:上面
上	tsiõ6	3,以~
上	tsʰiõ4	4,~链:拧紧发条。~紧:抓紧
下	hia4	1,~放3,~半旗,~结6论2
下	e4	2,山2~,部~。~半冥:下半夜
下	e6	3,量词。三3~来1,四2~去:善于结交朋友,左右逢迎
不	put7	2,~成1器,~倒4翁3
与	i3	
丐	kai5	
丑	tʰiu3	
專	tsuaŋ1	
且	tso2	1,人名用字
且	tsʰiã3	2,而~
丕	pʰi1	
世	si5	
丘	kʰu1	1,蜀tsit8~塍:一丘田
丘	kʰiu1	2,虎~,~陵
丙	peŋ3	1,~纶
丙	piã3	2,甲乙~丁
業	ɡiap8	
叢	tsaŋ2	1,蜀tsit8~树2
叢	tsʰioŋ2	2,~林1,~刊
東	taŋ1	1,~西2南北
東	toŋ1	2,~北
絲	si1	
丞	seŋ2	
丢	tiau6	1,~□liau6:丢掉
丢	tiu1	2,~掉1
兩	nõ6	1,~侬,~百1。十2八1大2~:十八岁左右,喻年纪轻轻,原文作“二”。用于除了拾、元之外的数量词之前:~千3,~分1,~心,原文作“贰”
兩	niõ3	2,量词:五3~
兩	nõ6	2,数词
兩	liaŋ3	3,三1三1~~。好3~:喜好出风头
嚴	ŋiam2	~条1:严厉
喪	saŋ5	
个	ko5	1,~体户
个	kai2	2,量词:~侬。的,助词:伊~,汝~,我1~
个	kai4	3,乜2~:什么
丫	a1	
中	taŋ1	1,塍~央1:海丰地名
中	tioŋ1	2,~间1
中	tioŋ5	3,~鼓心:猜中谜底后打鼓
丰	hoŋ1	
串	tsʰuaŋ5	1,~通
串	tsʰũi5	2,穿:~针
臨	lim2	~时八1景:事到临头
丸	ĩ2	2,药~
丹	taŋ1	1
丹	tuã1	2,牡~
爲	ui2	
主	tsi3	
丼	tom4	石头丢进水里的声音
麗	li2	1,高2~参2
麗	li4	2,美2~
舉	ki3	1,~手1
乂	ŋĩ4	
乃	nãi3	
久	ku3	1,长1~
久	kiu3	2,~留2
乇	tʰoʔ7	
麽	mã6	1,怎3~:怎么着
麽	mõ1	2,怎4~,多~
麽	mõ5	3,干2什1~
義	ŋĩ4	2
之	tsu1	
烏	ou1	
乍	tsa5	
乎	hu1	
乏	huak8	2,缺3~
樂	ɡak8	1,音~
樂	lok8	2,快1~
乒	pin5	1,~乓球
乒	pʰin2	2,~乓2□to3
乓	piaŋ5	1,乒~球
乓	poŋ6	2,乒2~□to3
喬	kʰiau2	
乖	kuai1	1,~僻1
乘	seŋ2	
乙	it7	
乜	mĩ1	1,~斜2
乜	mĩ5	2,什么:~事。无2~知2:不大清楚
乜	mẽʔ7	3,姓
九	kau3	1,~月1
九	kiu3	2,~龙2
乞	kʰeʔ7	1,~食1:乞丐
乞	kʰit7	2,求~
也	e3	1,~是
也	iau3	2,~好1
習	sip8	
鄉	hiaŋ1	1
鄉	hiõ1	2,故~,~里2
書	si1	1,~法,~生1
書	tsu1	2,~房1:学校
乩	ki2	
買	bei3	1,~菜,~鱼
買	mãi3	2,~东2西1
亂	luaŋ4	
乳	zi3	
乾	kʰiaŋ2	
了	lo1	1,助词:去~
了	liau3	2,~解2,~望,~不得2。助词:开2~,走1~,好1~
了	liau5	3,□tsʰuaʔ7~:(女人)过分能干
了	lo1	助词:好1~
予	i1	1,免~处1分3
予	i2	2,我
予	i3	3,授~
爭	tseŋ1	1,~论1,~吵
爭	tsẽ1	2,相1~:互相争夺
事	su4	1,~情1
事	su6	2,公1~
事	tai6	无2~:不相关
二	zi4	1,~日:每月第二天
二	zi6	2,~月1。老2~:排行第二
二	o6	一3~一3,□kʰa1穿割条裂。一3~三1,□kʰa1穿割个空:绕口令,儿语,原文作“哦”
亍	tsʰiok7	
于	i1	1,~是
于	i2	2,单2~
虧	kʰui1	
云	un2	2,说:人~亦~
云	un6	3,说:人~亦~
互	hu4	
亓	kʰi2	
五	u3	1,二1一2添3作3~
五	ŋou3	2,~四2运1动3
五	ŋou4	3,~月1
井	tsẽ3	
亘	keŋ5	
亞	a1	1,~洲
亞	a5	2,~军
些	se1	1,这tse3~
亟	kʰi5	1,屡次
亟	kek8	2,~~
亡	maŋ2	1,~魂丧胆2
亡	buaŋ2	2,灭~
亢	kʰaŋ5	
交	kau1	
亥	hai4	
亦	iak8	
產	saŋ3	
亨	heŋ1	
畝	mou3	
享	hiaŋ3	
京	keŋ1	1
京	kiã1	2,~城
亭	teŋ2	
亮	liaŋ4	
親	tsʰin1	
亳	pok8	
褻	siak7	
人	zin2	2,~参2,工1~
億	ek7	
什	sim3	1,~么3
什	tsap8	2,~物
仁	zin2	
仂	lek8	
仃	teŋ1	
仄	tseʔ7	1
仄	tseʔ8	2
僅	kin3	
仆	pok8	1,~侬
仆	pʰok7	2,前2~后2继
仇	tsʰiu2	
仉	tsiaŋ3	
今	kim1	1,~后2
今	kin1	2,~日:今天
介	kai5	
仍	zioŋ2	
从	tsʰoŋ2	1,~命1:听从命令
从	tsʰioŋ2	2,~来1
仑	lun2	
倉	tsʰŋ̍1	1,~库
倉	tsʰaŋ1	2,~促
仔	tsu3	1,~细2
仔	tsai4	2
仔	ã3	3,名词后缀,相当于普通话"小"字、"子"字或儿化:鸡~,剃头~,燕4~
仔	iã3	4,义同仔3[ã53]
仕	su4	
他	tʰa1	
仗	tsiaŋ4	1,~势欺人,仪~
仗	tsiaŋ5	2,拍~
付	hu5	
仙	siaŋ1	
仝	tʰoŋ2	
仞	zim3	
仟	tsʰãi1	
仡	ŋiak7	
代	te6	1,后2~
代	tai4	2,~表2
令	leŋ5	
以	i3	
儀	ŋĩ2	2
們	bun2	
仰	ŋiaŋ3	
仲	tioŋ4	
仳	pi3	
仵	ŋou3	
件	kiaŋ4	1,蜀tsit8~衫
件	kiã4	2,零3~,蜀tsit8~衫
價	ke5	
任	zim4	1,~务
任	zim6	2,主~
仿	huaŋ3	
企	ki5	1,~业
伃	i2	
伉	kʰaŋ5	
伊	i1	
伋	kʰip7	
伍	ŋou3	1,队~,羞与为~。姓
伍	ŋou4	2,五的大写
伎	ki1	
伏	hok7	1,~特
伏	hok8	2,埋3~
伏	ok8	3,三3~:三伏特
伐	huak8	
休	hiu1	
伕	hu1	
衆	tioŋ5	1,~人,~口1恶调3:众口难调
衆	tsioŋ5	2,群2~,听~
優	iu1	
伙	hue3	
會	kʰue5	1,~计
會	hue4	2,开2~
傴	i3	
傘	suã5	
偉	ui3	
傳	tuaŋ4	1,水1浒~
傳	tʰuaŋ2	2,~单3
傷	siaŋ1	1,内3~
傷	siõ1	2,拍~
倀	tsiaŋ1	1
倀	tsiaŋ5	2
倫	lin2	1,不~不类
倫	lun2	2,~理
傖	tsʰaŋ1	
僞	ɡui4	
伯	paʔ7	1,伯父,昵称
伯	peʔ7	2,大2~,~父1
伯	pek7	3,~劳
估	kou1	1,~计
估	kou5	2,~衣
伴	pʰuã4	
伶	leŋ2	
伸	sin1	1,~冤
伸	tsʰun1	2,~出来1
伺	su4	1,~侯
伺	sim5	2,~缝1:伺隙。~贼:守候等待贼偷东西,以便抓贼
似	su4	
伽	kio2	1,~蓝
伽	ke1	2,~马2射1线,~倻琴
佃	tiaŋ4	1,~户
佃	tʰiaŋ2	2,耕种田地
但	taŋ1	1
但	taŋ4	2
佇	neŋ2	
位	ui6	
低	tei1	
住	tsi4	1,居~
住	tiu6	2,~家3
住	tsap7	3,~宿3
佐	tso3	
佑	iu4	
體	tʰi3	
何	ua2	1,无2奈1无2~
何	ho2	2,奈2~,~苦,如2~
佗	tʰo2	
佘	sia2	
余	i2	
佛	hut7	1,仿~
佛	hut8	2,如2来1~
佛	hut7	
作	tso5	1,~文
作	tsoʔ7	2,~病:搞鬼
作	tsak7	3,~业
佝	ku1	1
佝	kau1	2
佞	neŋ4	
佟	toŋ1	
你	nĩ3	2,~们
佣	ioŋ1	1,~人,女~
佣	ioŋ4	2,雇~
佣	ioŋ5	3,~金
佤	ua3	
僉	tsʰiam1	
佧	kʰa3	
佩	pue4	
佬	lo3	1,头~:首领
佬	lau3	2,美2国~
佯	iaŋ2	
佰	peʔ7	
佳	kia1	1
佳	ke1	2
佴	nãi4	姓
佶	kit7	
佺	tsʰuaŋ2	
佻	tʰiau1	
佼	kau3	
佾	it8	
使	su3	1,~用1
使	su5	2,大2~庶
使	sai3	3,~钱3
侃	kʰaŋ3	
侄	tiak8	
侈	tsʰi3	
例	li6	
侍	si4	1,~从2
侏	tsu1	
侑	iu4	
侔	mou2	
侗	tʰoŋ2	2,~族
供	kioŋ1	
侜	tsiu1	
依	i1	1,~靠2
依	i2	2,~旧2
俠	hiap8	
侶	li4	
僥	ɡiau2	
僥	hiau1	2,~幸
僥	hiau4	3,~幸
偵	tseŋ1	
側	tsʰek7	
僑	kʰiau2	
儈	kʰue5	
儕	se2	1
儕	tsai2	2
儂	loŋ2	
儂	naŋ2	人,~丁。勥~:能人
侮	bu3	
侯	hou2	
侵	tsʰim2	
侹	tʰeŋ3	
侻	tʰuak7	
便	piaŋ4	2,随~,大2~
便	piaŋ6	3,~利1
便	pʰiaŋ2	4,~宜:价钱低
便	pʰĩ1	5,便宜:今2年1个2菜~
促	tsʰok7	1,急~,~进。~~仔3:催促一下
促	tsʰiok7	2,~进
俄	ŋõ2	
俅	kʰiu2	
俊	tsun5	
俎	tso3	
俏	tsʰiau5	
俐	lai6	2
俐	li4	
俑	ioŋ3	
俗	sioʔ8	入乡2随~,出港随弯1
俘	hu1	
俚	li2	1
俚	li3	2
保	po3	1,担1~
保	pau3	2,~卫
俞	zi2	
俟	kʰi2	1,万3~
俟	su2	2,~机
信	sin5	1,~封
信	siaŋ5	2,相1~
俤	ti4	
儔	tʰiu2	
儼	ŋam3	
倆	liaŋ3	
儉	kʰiam4	
修	siu1	
俯	hu3	
俱	ki4	
俳	pai2	
俶	sok7	
俸	hoŋ3	
俾	pi4	
倌	kuã1	
倍	pue4	
倏	siap7	
倒	to3	1,~落去:倒下去
倒	to4	2,~尿:买尿
倒	to5	3,~水1,~贴2
倒	tau3	4,~车2
倓	tʰam2	2,安静
倔	kʰut7	
倘	tʰaŋ3	
候	hau4	1,~选侬
候	hau6	2,~补
倚	i3	1,~靠2。~恃2:倚仗
倚	ua3	2,倚靠
倜	tʰek7	
借	tsioʔ7	
倡	tsʰiaŋ5	
倥	kʰoŋ1	1,~侗
倥	kʰoŋ3	2,~偬
倦	kiaŋ3	1,诲人不~
倦	kiaŋ4	2,疲~
倨	ki5	
倩	tsʰeŋ5	
倪	ɡei2	1,姓
倪	ŋĩ2	2,端~
倬	toʔ7	
倭	o1	1,~寇
倭	ui3	2,~瓜2
倴	pun1	
債	tse5	
值	tak8	1,价~
值	tek8	2,~日
傾	kʰeŋ1	
偁	tsʰeŋ1	
偃	iaŋ3	
假	ke3	
偈	ki5	1,佛经中的唱词
偌	ziak8	
偎	ui3	
偏	pʰiaŋ1	
偓	ok7	
偕	kai1	
做	tso5	
停	teŋ2	1
停	tʰeŋ2	2
停	tʰeŋ5	3,~者:停一下
偟	huaŋ2	
健	kiaŋ4	1,~康
健	kiã6	2,健壮,多指青年人。轻1~:健壮,指老年人
偪	hok7	
偬	tsoŋ3	
偲	su1	1,~~
偶	ŋou3	
偷	tʰau1	
僂	lu2	1,~儸
僂	lui3	2,伛~
僂	lou2	3,佝~病
僨	hun3	
償	siaŋ2	1,~还4
償	siõ2	2,~命2,补~
傀	kui3	
傅	hu4	1,~粉,师1~
傅	pe4	2,师2~
傅	pou5	3,姓
傈	lek8	
傍	paŋ4	1,依1山2~水1
傍	pʰaŋ2	2,~晚
傎	tiaŋ1	
傢	ke1	
傣	tʰai5	
儻	tʰaŋ3	
儐	pin1	
儲	si2	
儺	nõ2	
催	tsʰui1	
傲	ŋãu4	
傺	tsi5	
傻	sa2	1,~瓜1
傻	so2	2,□tsi3个2侬□kaŋ5~哇1:这个人真傻哇
僆	nuã6	鸡~:母鸡,原文作“乸”
像	tsʰiaŋ4	1,~章1
像	hõ5	2,~汝□hõ6生3:像你那样
像	tsʰiõ4	亲~:好像,原文作“象”
僚	liau2	
僦	tsiu4	
僧	tseŋ1	
僬	tsiau1	
僬	ɡiau2	~峣
僭	tsʰiam5	
僮	tʰoŋ2	
僮	tsuaŋ4	
僰	pʰok7	1
僰	pʰek7	2
僵	kiaŋ1	
僻	pʰiaʔ8	1,偏~
儆	keŋ5	
儇	huaŋ2	
儋	tsiam1	
儒	zi2	
儓	tʰai2	
儡	lui3	
儸	lo2	
儽	lui2	
兒	zi2	
兒	kʰiam3	
兀	mut7	1,突~
兀	lut8	2,金~术1
兀	ut7	3,~立
允	zun3	
元	ŋuaŋ2	3,状2~
元	uaŋ2	4,~宝
元	ŋiaŋ2	公1~,~宵节1,状1~
兄	hiã1	1,~弟1,表2~
充	tsʰioŋ1	
兆	tiau4	
先	sin1	1,~生3
先	siaŋ1	2,~生1
先	sãi1	3,~进
光	kuaŋ1	1,~明1
光	kũi1	2,~头
克	kʰek7	
免	miaŋ3	1,任1~,~税
免	meŋ4	2,~来1:不要来
兑	tue4	
兒	ɡei2	1,姓
兒	ŋĩ2	2,周朝国名
兔	tʰou5	
兕	si3	
兗	iaŋ3	
黨	taŋ3	
兜	tau1	1
兜	tou1	2
兢	kʰeŋ1	
入	zip8	
全	tsʰuaŋ2	1,大3~
全	tsũi2	2,~国
八	peʔ7	1,~仙,~字
八	pak7	2,蜀tsit8九1~四2年1
公	koŋ1	1,~安1,~羊,~里2
公	koŋ4	2,图画、画像,儿语
六	lak8	
兮	hi1	
蘭	nam5	1,~巷2吴:海丰地名
蘭	laŋ2	2,~花
共	kaŋ6	1,相1~:帮忙
共	kioŋ4	2,~产党
關	kuaŋ1	1,机~
關	kuẽ1	2,~门,开1~
興	heŋ1	1,~旺
興	heŋ5	2,~头:兴趣。~奋
兵	piã1	
其	ki1	1,人名用字
其	kʰi2	2,~实1
具	ki4	
典	tiaŋ3	
典	tãi3	~厝2:用房子作抵押向人借钱,原文作“佃”
兹	tsu1	
兹	tsʰu2	
養	iaŋ3	1,~神
養	iõ3	2,~鱼
兼	kiam1	
獸	siu5	
冀	ki5	
囅	tsʰiaŋ3	
内	lai4	2,~部,~脏2
内	nãi4	3,~伤1
冇	pʰã5	不结实,虚弱
岡	kaŋ1	
冉	ziam3	
册	tsʰeʔ7	
再	tsai5	~见3,~版
冒	mok8	1,~顿2
冒	mãu4	2,感~,~险
冕	miaŋ3	
冗	zioŋ3	
寫	sia3	
軍	kun1	
農	loŋ2	
冠	kuaŋ1	1,鸡~
冠	kuaŋ5	2,~军
冢	tʰioŋ3	
冤	iaŋ1	
冥	meŋ2	1,~王1星,~府
冥	mẽ2	2,~夜。~昏3、~昏3时:夜晚
冬	taŋ1	1,~节1
冬	toŋ1	2,~菜
馮	pʰaŋ2	
冰	peŋ1	
冱	hu4	
冲	tsaŋ2	1,~水1:用水冲洗
冲	tsioŋ2	2,~水1:用水冲洗
冲	tsʰioŋ1	3,~锋,~水1,~茶2,~床1。~数1:冲帐
決	kiak7	
况	kʰuaŋ5	
冶	ia3	
冷	leŋ3	
凍	taŋ5	1,手1~~
凍	toŋ5	2,~结6
冼	siaŋ3	
冽	liak7	1
冽	liak8	2
淨	tseŋ4	
凄	tsʰi1	
準	tsun3	
凇	sioŋ2	
涼	liaŋ2	2,~水1:去暑气的汤剂
凊	tsʰin5	冷:天3时~,原文作“瀙”
凋	tiau1	
凌	leŋ2	
減	kiam3	~采:万一。~价
湊	tsʰau5	2,~够数1:凑数
湊	tsʰou5	3,~数1
凘	su1	
凜	lim3	
凝	kin2	1,凝结:油1~做蜀tsit8团2
凝	ŋaŋ5	1,放1遘水1顶~者:放到水上冷却一下,原文作“冷”
凝	ŋin2	2,混2~土3
凝	ŋaŋ2	3,冷:~水1,~天3时,~~,糜2~,原文作“寒”
凝	ŋeŋ2	3,~结6
几	ki3	1,~乎
几	kua3	2,~个2侬
几	kue3	3,~侬;个2银~毫只:一块多钱
几	kui3	4,~个2
凡	huam2	1,平1~,~是
凡	huaŋ2	2,~是
鳳	hoŋ4	
鳧	hu2	
凭	pʰaŋ2	
凱	kʰai3	
凰	huaŋ2	
凳	teŋ5	
凶	hioŋ1	
凸	tut8	
凹	au1	
出	tsʰun6	~山2:出殡
擊	kek7	1,~剑,~水1
擊	kʰek7	2,~鼓,冲3~
凼	taŋ4	
函	ham2	
鑿	tsʰak8	1,~空1:凿窟窿。~仔3:凿子
鑿	tsʰok8	2,确~,~空1
刀	to1	1,~枪
刀	tau1	2
刁	tiau1	
刃	zim3	
分	pun1	1,~开2
分	pun6	2,~汝:分给你
分	hun6	2,本~份
分	hun1	3,蜀tsit8~钱3
分	hun4	4,安2~守2己1
切	tsʰiak7	
刈	ŋĩ4	
刊	kʰaŋ1	
芻	tsʰi1	
刎	mut7	
刑	heŋ2	
划	hua2	1,无2~:不合算
划	huaʔ7	2,~刀1:剃刀
划	ko5	3,~船1
划	ueʔ8	4,计~
刓	ŋuaŋ2	
刖	ɡueʔ8	
列	liak8	
劉	lau2	
則	tsak7	1,准~
則	tsek7	2,原~
剛	kaŋ1	
創	tsʰaŋ5	1
創	tsʰuaŋ5	2
初	tsʰo1	1,~中2
初	tsʰiu1	2,农历~一2
删	saŋ1	
刣	tʰai2	
判	pʰuaŋ5	
刨	pʰau2	~仔3:锛子
利	li4	1,~害1
利	lai5	2,有钻劲:□tsi3(这)个2郎□kaŋ5~哇1
利	lai6	3,锋利,利息
利	lei5	4,~赶1:蛮不讲理。碗公1~:破碗片
别	pak8	2,~侬
别	piak8	3,送2~,性1~,~扭
别	pak7	识、认识:~字。~字~墨:有文化知识
剄	keŋ3	
刮	kuaʔ7	1,~目2相2看1
刮	kueʔ7	2,~皮2
刮	kʰuak8	3,~锅2头:刮锅
到	to3	1,听~
到	tau4	2,回答口令用:应1~
到	tau5	3,迟~
刳	kʰou1	
刵	zi3	
制	tsi5	
刷	sut7	
券	kũi5	
刹	saʔ7	1,~车2
刹	tsʰak7	2,一2~那3
刺	tsʰi5	1,鱼~
刺	tsʰu5	2,~激
刺	tsʰiaʔ7	3,~死
刻	kʰak7	1,~苦
刻	kʰek7	2,~苦,时~
劊	kʰue5	
剴	kʰai3	
刴	to3	
刴	tok7	
劑	tsi5	
剃	tʰi5	
削	siaʔ7	1,~减
削	siak7	3,剥~
剋	kʰek7	
剌	la1	
剌	laʔ7	
前	tsʰiaŋ2	1,徐向~
前	tsãi2	2,面2~:礼物。面2头~:面前。~摆1:前不久
剮	kua3	
剔	tʰek7	
剕	hui5	
剖	pʰou3	2,解2~
剗	tsʰaŋ3	
剜	uaŋ2	1,~空1:挖洞
剞	kʰi2	
剟	tsʰuak7	
剡	iam3	
剝	pak7	
劇	kiak8	
剩	sin2	1,~余
剩	sin6	2,~下1
剪	tsiaŋ3	
副	hu5	
割	kuaʔ7	
剺	li2	
剽	pʰiau1	
剿	tsʰau1	1,~说2
剿	kiau3	2,~灭
劀	kuak7	
劁	tsiau1	
劂	kʰiak7	
劄	tsap7	
劈	pʰek7	3,~头盖3脸,~手1
劐	kʰak7	
劓	ŋĩ4	
力	lak8	1,四2肢1无2~
力	lek8	2,~量2,大2~士2
勸	kʰiaŋ5	1,~告2
勸	kʰũi5	2,~告2,~戒,~解2
辦	paŋ4	
功	kaŋ1	1,~夫1。笑1~:唱功
功	koŋ1	2,~课,~劳
加	kia1	1,~班
加	ke1	2,~班
務	mu4	
勱	mãi4	
劣	luak7	
動	tʰin1	1,~弹3
動	kaŋ4	2,~~:常常
動	toŋ4	3,劳~
助	tso4	
努	nu3	1,~力2,~喙
努	nõ3	3,~力2
努	nãu6	3,~着1:扭伤
劫	kiap7	
劬	kʰi2	
劭	siau4	
勵	li4	
勁	keŋ4	
勞	lau2	
效	hau4	
劾	hek8	
勢	si5	1,形~
勢	si6	2,靠1~:仗势
勃	puak8	
勇	ioŋ3	
勉	miaŋ3	
勳	hun1	
勍	kʰeŋ2	
勐	meŋ4	
勒	leʔ8	1,列宁格~
勒	lek8	2,~令,~索2
勘	kʰam5	
募	mu4	
勠	liok8	
勣	tsek7	
勤	kʰin2	
勥	kʰiaŋ5	~侬:能人,原文作“强”
勩	i4	
勺	tsiak7	
勼	kiu1	1,缩:~水1
勼	kiuʔ7	2,~根仔3:橡皮圈
勾	kau1	
勿	mut8	
匀	un2	
包	pau1	
匆	tsʰoŋ1	
匈	hioŋ1	
匍	pʰu2	
匏	pʰau2	
匏	pu2	~桸:水舀子,原文作“瓠”
匐	hok8	
匕	pi5	
化	hua1	1,~□liau6:(肿胀)消除
化	hue5	2,~学2
北	pak7	
匙	si2	
匜	i2	
匝	tsap7	
匟	kʰaŋ5	
匠	tsiaŋ4	
匡	kʰaŋ1	1
匡	kʰuaŋ1	2
匣	ap8	
匭	kʰui3	
匪	hui3	
匱	kui6	1
匱	kʰui3	2
匹	pʰit7	
區	kʰi1	1,专~
區	au1	2,姓
醫	i1	
匼	kʰap7	
匾	piaŋ3	
匿	nek8	
十	sip8	1
十	tsap8	2,~喙九1□kʰa1穿:七嘴八舌
千	tsʰin1	1,~秋:秋千
千	tsʰiaŋ1	2,~周,~古
千	tsʰãi1	3,蜀tsit8~侬:一千人,~万2,~篇一2律
卅	sap7	
升	seŋ1	升官。~茶:冲茶
午	ŋou3	
卉	hui5	
半	puã5	
卌	sip8	
華	hua2	
協	hiap8	
卑	pi1	
卒	tsut7	鬼~仔3:小鬼头,骂小孩
卓	toʔ7	
單	taŋ1	1,~车2
單	siaŋ2	2,~于2
單	siaŋ4	3,~县
單	tuã1	4,~据,~丁
賣	bei6	1,买1~,~鱼
賣	mãi4	2,~东2西1
南	nam2	
博	puaʔ8	1,~缴2:赌博
博	pʰak7	2,~士2
卜	pok7	1,~卦
卜	pok8	2,萝~
卞	piaŋ4	
卟	pok7	
占	tsiam5	1,霸~
占	tiaŋ5	2,~地3:占地方
卡	kʰa1	1,~片
卡	kʰa3	2,~车2
盧	lu2	1
盧	lou2	2
卤	lou3	
卦	kua5	
卦	kue5	
臥	ŋõ6	
臥	pʰok7	
衛	ue4	
卮	ki1	
卯	bau3	
印	in5	~仔3:图章
危	ɡui2	1,~险1,~害1
危	hui2	2,~险
即	tsiak7	
卻	kʰiak7	
卵	nũi5	2,蛋:鸡~,鸭~
卷	kiaŋ3	3,~尺,第四2~
卷	kũi3	4,试~
卸	sia5	
卺	kin3	
卿	kʰeŋ1	
廠	tsʰiaŋ3	
厄	ak7	1,~运2
厄	ek7	2,险~
廳	tʰiã1	
历	lek8	
厲	li4	
壓	ap7	
厭	ue5	2,~:污秽
厭	iam5	2,讨2~
厙	sia5	
厔	tiak7	
廁	tsʰe5	
厘	li2	
厚	kau4	1,~薄2
厝	tsʰi5	1,罗3~围:海丰地名
厝	tsʰu5	2,房屋:大2~,~仔3。~主:房东。~侬:家人
原	ŋiaŋ2	
廂	siaŋ1	1,西2~记
廂	siõ1	2,车2~,西2~记
厴	iam5	
厥	kʰiak7	
厦	he4	
廚	ti2	
廄	ki5	
厮	su1	
去	kʰi5	
縣	kuãi6	
叄	sã1	
参	tsʰam1	1,~加2,~差1
参	som1	2,人~
又	u4	1,汝~来1
又	iu2	2,耳3~聋1
又	iu4	3,~蜀tsit8个2
叉	tsʰa1	1,~腰1
叉	tsʰe1	2,鱼~。~仔3:小叉
及	kip8	
友	iu3	
雙	saŋ1	1,~打2,蜀tsit8~手1
雙	suaŋ1	2,~方4
反	huaŋ3	1,~动3
反	pãi3	2,~目1:翻眼皮
发	huak7	2,出~
叔	tsiok7	1,~~,二1~
叔	siok7	2,人名用字
取	tsʰi3	1,~消
取	tsʰiu3	2,~侬:赎回人质
受	siu4	
變	piaŋ5	2,~化2
變	pĩ6	3,变化:□tsi3(这)个2侬𣍐~
敍	si4	
叛	puaŋ4	
叟	sou3	
疊	tʰaʔ8	1,重2~
疊	tiap8	2,~韵
疊	tʰiap8	3,~衫裤
口	kʰau3	1,侬~:人口
口	hau3	2,外1~:外边
古	kou3	
句	ku5	1,~子2
句	kau1	2,~践
另	leŋ5	
叨	tau1	
叩	kʰau5	2,~谢2
只	tsi3	1,~顾
只	tsiaʔ7	2,量词:蜀tsit8~鸡
叫	kio5	1,~喊。青惊2~:拼命叫
叫	kiau5	2,~嚣
召	tiau4	1,号4~
召	siau4	2,姓
叭	pa1	1,~儿狗
叭	pa3	2,喇~
叭	pã1	3,~~:汽车声,儿语
叮	teŋ1	1,~嘱
叮	teŋ5	2,蚊4仔3~
可	kʰo3	1,~以,~能2
可	kʰou3	2,~恶2
可	kʰek7	3,~汗2
台	tai2	1,祝2英~
台	tʰai1	2,风~:台风
台	tʰai2	3,写字~,~灯
史	su3	
右	iu4	
叵	pʰo3	
葉	hiap8	2,~韵
葉	iap8	3,姓
號	ho6	1,~头:商号
號	hau2	3,~叫1
號	hau4	4,~召1
司	si1	1,公1~
司	su1	2,~令
司	sim2	4,~命1公1:灶神
嘆	tʰaŋ5	
叻	lek8	
叻	liak7	了1~:(女性)能干,原文作“烈”
叼	tiau1	
嘰	ki1	1,~~喳1喳1
嘰	ki2	2,~~咕2咕2。~里1呱2啦3
吁	hi1	1,长3~短1叹,呼1~
吁	i1	2,象声词
吃	tsʰiʔ8	
各	kak7	2,~侬
吆	iau1	
合	kaʔ7	1,~意
合	haʔ8	1,相1~:相爱,原文作“悦”
合	kap7	2,市合:蜀tsit8~米。~侬:与人发生不正当的男女关系
合	hap8	3,~作3
合	ap8	4,合拢:册~落去
吉	kip7	1,~普车2
吉	kit7	2,~利1
吊	tiau5	
吋	tsʰun5	
同	taŋ2	1,~志,~类
同	tʰoŋ2	2,~化2,陪~
名	meŋ2	1,莫1~其妙
名	miã2	2,报~,姓~
后	au4	2,~底2:后面
后	hou4	3,皇~
吏	li6	
吐	tʰou5	1,~血,~痰
向	hiaŋ5	1,~日葵
吒	tsa1	
嚇	heʔ7	
嚇	hiãʔ7	胆3~:胆颤心惊,原文作“惊”
呂	li4	
嗎	mã1	1,助词
嗎	mã3	2,~啡
嗎	mã4	3,干2~
君	kun1	
吝	lin2	1
吝	lin3	2
吞	tʰun1	1,~并
吞	tʰun3	2,狼吞虎咽:青惊~
吟	ŋim2	1,~诗
吟	ŋip7	2,笑1~:笑吟吟
吠	pui6	
吡	pi3	
吣	tsʰim5	
吥	put7	
否	pʰi3	1,~极3泰来1
否	hou3	2,~定1
吧	pa1	
吨	tun1	1
吨	tun4	2
吩	hun1	1
吩	huaŋ1	2,~咐
含	kam2	1,~□toʔ8喙内2
含	ham2	2,包~
含	ham3	3,包含、包藏:□tsi3(这)枝笔~□toʔ8衫裤内2。~~糊2糊2
聽	tʰiã1	
吭	haŋ2	
吭	kʰaŋ5	
吮	zun3	
啓	kʰi3	
吱	tsi1	1,嘎~
吱	ki2	2,~~□to3
吲	in3	
吳	ɡou2	
吵	tsʰau2	
吸	kip7	4,~钮:揿钮
吸	kʰip7	5,呼1~,吸气,原文作“歙”
吸	hiap7	6,磁铁
吹	tsʰue1	1,风~日曝2
吹	tsʰui1	2,~牛2
吻	tsim1	
吻	mut7	
吼	hau3	
吾	ɡou2	
呀	ia1	
呃	uʔ7	1,堵3~仔3:呃逆
呃	oʔ7	2,~噫:(心里)难受
呃	eʔ7	3,拍~
呃	ek7	5,~逆
呆	tai1	1,发2~
呆	ŋãi2	2,~板2
呈	tiã2	
告	ko5	1,~状1
告	kau5	2,~诉
呋	hu1	
呎	tsʰioʔ7	
呐	nap8	1,~喊
呐	nãʔ8	2,~喃1:罗嗦
囈	ŋĩ4	
呔	tʰai5	
嘔	au3	
嘔	ueʔ7	~:呕吐
嚦	lek8	
唄	pai4	
員	un2	1,姓
員	iaŋ2	
咼	ko1	
嗆	tsʰaŋ1	1
嗆	tsʰaŋ5	2
嗚	u1	
呢	nĩ2	1,毛1~
呢	nẽ1	2,助词
呣	hŋ̍4	1,~,乜3个?:呣,什么?
呣	hŋ̍6	2,~,我1知1了1
呤	leŋ5	
呦	iu1	
周	tsiu1	
呱	kua1	1,~~叫1
呱	kua2	2,~~□to3,叽2叽2~~
呲	tsu1	
味	bi4	1,呼鸭声。鸭~:鸭子,儿语
味	bi6	2,~道2
味	mĩ4	3
呵	kʰo1	1,~叻2:泰国地名
呵	ho1	2,~斥
呶	nãu2	
呷	kaʔ7	
呸	pʰui3	1,~,汝四2散3讲2:呸,你乱说
呸	pʰei3	2,京~:海丰西秦戏道白语言之一。喙~:脸颊
呻	sin1	
呼	hu1	1,~风唤雨1
呼	hu2	2,风仔3~~□to3
呼	kʰou1	3,~鸡
呼	hou1	4,~便3:先打过招呼。招1~:长辈疼惜、照应晚辈
命	meŋ6	1,~令
命	miã6	2,~孬:命运不好。~运2,~案
咀	tso3	
咂	tsap7	
咄	tsʰuak7	
咆	pʰau2	
咋	tsa5	1
咋	tsak7	2
咋	tsa5	
和	hua2	1,~棋
和	ho2	2,~平1
和	hue2	3,~尚2。~尚2婆2:大人骂女孩的用语
咎	kiu5	
詠	eŋ4	
咐	hu5	
咑	ta2	1,~嘀:喇叭
咑	ta3	2
咒	tsiu5	
咔	kʰa3	
咕	ku1	1,~咚
咕	ku2	2,叽2~□to3
咕	ku4	3,咕4,~,咕1:喔,喔,喔,公鸡啼叫声
咕	kuʔ7	4,~乖:嘀咕
咕	kou1	5,~哝,~咚
咕	kou3	6,黑~隆3咚
咕	ku2	刺:~下3□kʰo6汝
咖	kia1	1
咖	ke1	2
咖	ke2	3,啯2~:母鸡下蛋时叫声
嚨	loŋ2	
咚	toŋ1	
嚀	neŋ2	
噝	si1	
咣	kuaŋ1	
咤	tsa1	1
咤	tsʰa5	2
咦	i2	1
咦	i4	2
咧	liʔ7	1,~喙
咧	liʔ8	2,喙~~
咧	liak8	
咨	tsu1	
咩	mẽʔ7	
咪	miu1	1,猫2~:猫,儿语
咪	mĩ1	2,~~叫1
咫	tsi3	
咬	ka4	1,~紧牙2根:咬紧牙关
咮	tsu4	1,呼鸡声。鸡~:鸡,儿语
咯	lo1	1,当3然~
咯	keʔ7	2,~达
咯	kʰak8	3,~澜:吐口水
咯	lok8	4,吡~
咱	tsa1	
咳	kʰa1	1,~嗽
咳	hai6	2,~!我1怎2呢1□tsiaʔ7糊1涂2!:咳!我怎么这么糊涂!
咴	kʰue1	
咴	hue1	
咷	tʰau2	
咸	ham2	~阳1
咻	hiu1	
咽	in1	1,~喉
咽	it7	2,哽1~
咽	iaŋ1	3,~喉
咽	iaŋ5	4,狼吞1虎~
咾	lo4	呼狗声。狗~:狗,儿语
咿	i1	
哀	ai1	
品	pʰin3	
哂	sim3	
哄	hoŋ1	1,~堂1大2笑1
哄	hoŋ3	2,起~
哆	to1	2,~嗦
哇	tsua1	1,助词:□tsia3(这)是我个2~
哇	ua1	2,~啦1。助词:好1~
哇	ua4	3,呼猪声。猪~:猪,儿语
哇	ua4	无2~:不多
哈	ha1	1,~欠,~~镜
哈	ha2	2
哈	haʔ7	3,点2头~腰1
哈	kʰap7	4,~密1瓜2
哉	tsai1	
哌	pʰai5	
響	hiaŋ3	
哎	ai1	1
哎	ai3	2,~哟1
哎	ã6	3,~猛2:哎呀
哐	kʰuaŋ1	
啞	e3	1,~巴1
啞	ŋ̍5	2,诈3聋诈3~:装聋作哑
嘵	ŋiãu2	~~滚:众人争辩声
嗶	pit7	
噦	hue5	1,鸟鸣声
噦	ueʔ7	
譁	hua1	
噲	kʰue5	
哚	to3	
嚌	tsi2	1,~~嘈1嘈1
嚌	tsi5	2,~~嘈2嘈2
噥	loŋ2	
噥	noŋ2	
哞	mou2	
喲	o1	1,哎2~
喲	io1	2
哢	loŋ4	
哥	ko1	1,哥哥。~老1会2
哦	o4	1,~,我1想2起来1了2
哦	ŋõ2	2,吟~
哧	tsʰiʔ7	1,~下3□to3。鼟~:鼓点子
哧	tsʰiʔ8	2,~~□to3
哨	sui1	1,呼2~仔3:吹口哨
哨	sau5	2,~兵
哩	li2	1,~~罗1罗1,~~罗3罗3
哩	li3	2,英里
哩	li5	3,~哩1罗3罗4
哪	nã3	
哭	kʰau5	1,~包:小孩哭闹要东西
哭	kʰok7	2,~泣
哮	hau1	
哱	puak8	
哲	tiak7	
哳	tsiak7	
哺	bu3	1,~育
哺	pou6	2,咀嚼:~糖1仔3
哼	hŋ̍3	1,表示不满:~,是汝啊aʔ11-33!
哼	hŋ̍4	2,表示疑问:~,是汝啊aʔ11-33?
哼	hŋ̍6	3,表示答应:~,我1知2了1。
哼	hŋʔ7	4,表示提起注意:~,□tsi3(这)是我1个2。
哼	hŋʔ8	5,~~□to3:用鼻子吭气的声音
哼	heŋ1	6,~哈1两1将3
哽	kẽ3	
哿	kʰo3	
唁	ŋaŋ4	1
唁	ŋiaŋ4	2
唆	so1	
脣	tun2	1,喙~
唉	ai1	1,~声叹气1
唉	ai6	2,~,无2采□liau6:唉,真可惜
唏	hi1	
唐	tŋ̍2	1,姓
唐	tʰaŋ2	2,~朝2
唑	tso4	
唔	ɡou2	
唔	m̩4	~去:不去
唗	tou1	
嗊	koŋ5	
嘮	lau2	
嗩	so3	
唣	tsau4	
喚	huaŋ5	
唧	tsiak7	
唪	hoŋ3	
唬	hou3	
售	tsʰiu2	
唯	zui2	
唱	tsʰio5	1,~歌1
唱	tsʰiaŋ5	2,~片
唳	li4	
唷	iok8	
唼	tsap7	1,~喋
唼	tsop7	2,~~□to3:吃东西的声音
唼	tsop8	3,~~□to3:吃东西的声音
唼	sap7	
唾	tʰo3	
唿	hut7	
啁	tsiu1	
啁	tsiau1	1,~哳
啁	tsiu1	2,~啾
啃	kʰeŋ3	
啄	tok7	鸡~米,~木3鸟1
商	siaŋ1	
啈	heŋ1	1
啈	heŋ4	2
啉	lim1	1,~酒:喝酒
啉	lim2	2,喹~
啊	a1	1,伊讲2个2是我1~!:他说的是我啊!
啊	a3	2,~,原来1是汝!
啊	a4	3,~,汝讲2乜个3啊1?:啊,你说什么啊?
啊	a6	4,~?□tsia3是乜个3事1啊1?:啊?这是什么事啊?
啊	hã5	5,~?汝讲2乜2个3?:啊?你讲什么?
啐	tsʰui5	2,~唾沫1
啕	tʰau2	
啖	tam4	1,~饭1
啜	tsʰueʔ7	2,~茶:喝茶
啜	tsʰuak7	3,~泣
啡	hui1	
啢	liaŋ3	
啢	niõ3	
啣	ham2	1,~恨
啤	pi1	1
啤	pʰi2	2
啥	sa4	
啦	la1	1,伊□kaŋ5真来1~
啦	lua1	2,□tsia3(这)是我1个2~
啦	lua2	3,叽2里1呱2~
嘖	tsek7	
啪	pʰaʔ7	
啫	tse1	~喱
嗇	siap7	1,~刻1:吝啬
嗇	kiap7	1,~涩:吝啬
嗇	ŋiap7	2,~涩:吝啬
嗇	sek7	2,吝~
囀	tsuaŋ3	
嘓	kok7	1,~~□to3:啯啯叫
嘓	kok8	2,~咖3:母鸡下蛋时的叫声
啵	po1	
啶	teŋ4	
啷	laŋ2	
嘯	siau1	
啻	tʰi5	
啻	tsʰi5	
啼	tʰi2	
啾	tsʰiu1	
喀	kʰa3	1,~秋莎
喀	tʰeʔ7	1
喀	kʰeʔ7	2,象声词
喀	kʰak7	3,象声词
喁	ɡi2	1
喁	hioŋ2	2
喂	ui5	1,~养1
喂	uei6	2,~,汝去知地3?:喂,你去哪里?
喃	nam1	1,呐2~:罗嗦
喃	nam2	2,~~自语
喃	nom2	3,~~□to3:喃喃
善	siaŋ4	
喇	la1	
喈	kai1	
喉	au2	
喊	ham5	~钱3做阿1爸1:认钱做父
喋	tiap8	
喌	tsiu1	
喏	zia3	唱2,~
喑	im1	2,~哑1
喔	ok7	
喘	tsʰuaŋ3	
喙	hui5	
喙	tsʰui5	嘴,~唇1,原文作“嘴”
喜	hi3	
喝	huaʔ7	2,~叱:吆喝
喝	hak7	3,~水1
喟	ui4	
喧	suaŋ1	
喫	kʰei5	~猪骨头:啃猪骨头
喭	ŋaŋ4	
喱	li2	
喳	tsa1	1,~~
喳	tsa2	2,~~□to3
喳	tse2	3,~~□to3
喳	tsʰe2	4,嚷~~
喵	miãu1	
噴	pʰun5	
喹	kui1	
喻	zi4	
嘍	lo1	1
嘍	liu2	2,~罗2
嚳	kʰok7	
嗄	he4	嗓音嘶哑
嗅	hiu5	
嗉	su5	
嗌	ai3	2,咽喉痛
嗍	sok7	
嗐	hai4	
嗑	kʰap7	
嗒	tap7	1,马蹄声。~然
嗒	top7	2,嘀2~
嗒	tak7	3,机枪声
嗓	suaŋ3	
嗔	tsin1	
嗔	tʰiaŋ2	
嗖	sou1	1
嗖	sou3	2
嗛	kʰiam3	
嗜	si4	
嗝	eʔ7	拍~
嗟	tse1	
嗟	tsia1	1,~悔
嗡	oŋ1	
嗣	su2	
嗤	tsʰi1	
嗥	hau2	
嗦	so1	
嗨	hai1	1
嗨	hai3	2
嗪	tsʰin2	
囁	niap7	1,~嚅
嗬	ho1	
嗯	ŋ̍4	1,表示疑问:~,汝讲2乜个3?
嗯	ŋ̍6	2,表示答应:~,是我1
嗯	ŋʔ7	3,嗯1~:哄小孩大便声
噯	ai3	1
噯	ai5	2
嗵	tʰoŋ1	
嗷	ŋãu2	
嗻	tsia5	
嗽	sau5	
嗾	tsok8	
嘀	tuʔ7	1,~咕1
嘀	tit7	2,~嗒2
嘀	tek8	3,~咕3
嘀	ti2	咑~:喇叭
嘁	tsʰek7	
嘅	kʰai5	
嘇	sam3	啖1~:吃糂
嘈	tsa2	1,哜1哜1~~
嘈	tsa5	2,哜2哜2~~
嘈	tsʰau2	3,~杂2
嘉	ke1	
嘌	pʰio5	
嘎	kʰak7	
嘏	kou3	
嘘	hi1	~气1
嘚	tek7	
嘛	mã1	
嘞	lek8	
嘟	tu2	1,~~声
嘟	tou1	2
嘡	tʰaŋ2	
嘣	paŋ1	
嚶	eŋ1	
嘧	miak8	
嘬	tsuʔ7	1,~奶1:吮吸奶头
嘭	pʰoŋ6	亮出谜底。~~声
囑	tsok7	
嘲	tsʰiau2	
嘴	tsui4	1,奶1~
嘶	su1	1,声~力2竭
嘶	sei1	2,喉~:声嘶
嘹	liau2	
嘻	hi1	1,~~哈1哈1
嘻	hi2	2,~~哈2哈2
嘻	ha2	2,~~
嘿	heʔ8	1,~~笑1
嘿	hue6	2,~,汝去知地3:嘿,你去哪里
嘿	hei3	3,~,汝□to3做乜个3?:嘿,你在干什么?
嘿	huei6	4,~,汝是甸?:嘿,你是谁?
噀	sun5	
噌	tseŋ1	
噌	tsʰeŋ2	
噍	tsio5	
噎	it7	
噏	kʰip7	
噔	teŋ1	
噗	pʰok7	
噙	kʰim2	
噤	kim5	
器	kʰi5	
噩	ak7	
噪	tsʰau5	
噫	i1	
噫	i5	
噬	si6	
噶	kʰak7	
噷	hmʔ7	
嚄	o3	1
嚄	hak7	2
嚅	zi2	
嚆	hau1	
嚊	pʰĩ6	2
嚎	hau2	
嚏	tʰi6	
嚓	tsʰak7	
囂	hiau1	
嚯	kʰak7	
嚷	ziaŋ3	
嚼	tsiak7	
囊	laŋ2	
囔	laŋ2	
囚	tsʰiu2	
四	si1	1,~三3两1,正3猛2:一二三,快点
四	si5	2,~全1围:周围
四	su5	3,~川
囝	kiã3	3,儿子:□ta1夫2~
囝	kaŋ3	□ta1夫2~仔3:男孩,□tsa1母~仔3:女孩,原文作“囡”
回	hue2	后2二1~:下次
囟	sin5	
因	in1	
团	tʰuaŋ2	1,剧~
团	tʰũi2	2,面4~
囤	tun3	1,粟~
囤	tʰun2	2,~积
囥	kʰŋ̍5	藏:~零2细2
囫	mut7	
園	hũi2	
囮	ŋõ2	
困	kʰun5	
囱	tsʰoŋ1	
圍	ui2	
圇	lun2	
囹	leŋ2	
固	ku5	
國	kok7	
圖	tʰu2	1,~谋
圖	tou2	2,地1~
囿	iu4	
圂	tʰun2	
圂	hun4	
圃	pʰou3	
圄	ɡi3	
圓	ĩ2	2,~规
圈	kʰau1	1,蜀tsit8~线
圈	kʰiaŋ1	3,~套
圉	ɡi3	
圊	tsʰeŋ1	
圌	sui2	
圜	huaŋ2	
圝	luaŋ2	
土	tʰu3	1,领~
土	tʰou3	3,~地1
聖	seŋ5	1,~杯:杯珓
聖	siã5	2,~人公1妈2:神像
在	tsai4	存~
圩	hi1	1,投1~:赶集
圩	i2	2,~堤
圪	ŋiak7	
圬	u1	
圭	kui1	
圮	pi3	
圯	i2	
地	ti4	1,土3~。助词
地	ti6	2,土3~
地	te5	3,塗~
圳	tsun5	
壙	kʰuaŋ5	
場	tsʰiaŋ2	1,排~:阔气、筵席
場	tiõ2	2,农~。红1~:位于海丰县城中心,全国第一个苏维埃政权诞生地
圻	kʰi2	
圾	kip8	1,垃1~
圾	sap7	2,垃2~
圿	keʔ7	垢~:积在人身上的污垢
址	tsi3	
坂	paŋ3	
均	kin1	
坊	huaŋ1	1
坊	huaŋ2	2
坋	pun6	
坌	pun6	
坍	taŋ1	1
坍	tʰaŋ1	2
坎	kʰam3	1,~坷
坎	kʰam5	2,塍~
壞	huai4	
坐	tso4	1,~下1
坐	tse4	2
坑	kʰẽ1	
塊	kʰuai3	
堅	kiaŋ1	
坛	tʰam2	1,酒~
坛	tuã2	2,天2~,花2~
壢	lek8	
塢	u5	
墳	pʰun2	
墜	tui4	1,~落
墜	tui6	2,~落
墜	tʰui6	3,铅~:泥木工测定垂直线的锥头
坡	po1	
坣	poʔ7	堤,田埂:塍~
坤	kʰun1	
坦	tʰaŋ3	
坨	tʰo2	
坩	kam1	
坪	pʰeŋ2	
坫	tiam5	
坭	nĩ2	2,白1~:广东地名
坭	tʰou2	黄2~坎2:海丰地名,训读“塗”
坯	pʰue1	
坰	kʰeŋ2	
坲	pu5	
坳	au3	
坶	mu3	
坷	kʰo1	
坻	ti2	1,水中的小块陆地
坻	tei3	2,宝1~:天津县名
坼	tʰek7	
垂	sue2	1,~头丧气1
垂	sui2	2,~直
垃	la1	1,~圾1
垃	la5	2,~圾2。胡2鬚豹~□sa5:络腮胡子
壠	loŋ3	
壚	lou2	
型	heŋ2	
垌	toŋ4	1,儒~:广东地名
垌	tʰoŋ2	2,~冢:湖北地名
垒	lui3	
垓	kai1	
垕	hou4	
垜	to3	
垞	tsʰa2	
垠	ŋin2	
垡	huak8	
垢	kau3	~圿:积在人身上的污垢
垣	iaŋ2	
垣	keŋ5	
垤	tiak7	
墾	kʰun3	
垧	hiaŋ3	
堊	ak7	
墊	tiam4	1,床1~,~骹
墊	tiaŋ4	2,床1~
垮	kʰua1	
塏	kʰai3	
堖	nãu3	
垻	pa5	
垾	haŋ3	
垾	huã6	塍~
埂	kẽ3	1
埂	kẽ5	2
埃	ai1	
埋	bai2	1,~葬1,~怨2
埋	tai2	2,~侬
埋	mãi2	3,~怨2
埌	laŋ4	
城	siã2	
埏	siaŋ1	
埒	luak7	
埔	pou1	2,黄2~军校4
埔	pʰou3	3,柬~寨
埕	tin2	
埕	tiã2	
塒	si2	
塤	hun1	
堝	kua1	
堝	ko1	
埝	niam4	
域	ueʔ8	
埠	pou1	1,本~
埠	pou4	2
埤	pi1	
埭	tai4	
埴	sit8	
埸	ek8	
培	pʰue2	
基	ki1	
埽	sau5	
堀	kʰut7	
堂	tŋ̍2	1,礼~
堂	tʰaŋ2	2,~~正3正3,~兄
堆	tui1	1,~肥
堇	kin3	
堋	pʰeŋ2	
堌	ku5	
堍	tʰou5	
堎	leŋ5	
塹	tsam3	
墮	tui4	
堙	iau1	
堙	in1	
堞	tiap8	
堠	hau6	
堡	pau3	1,~垒。吴~:陕西地名
堡	pʰou5	2,五3里2~
堤	tʰi2	
堪	kʰam1	
堰	iaŋ5	
堵	tu3	1,~塞4
堵	tu4	2,~侬:顶撞人
堽	kaŋ1	
堾	tsʰun1	
壪	uaŋ1	
塌	tʰaʔ7	1,~实1
塌	laʔ7	1,~落去:塌下去
塌	tʰap7	2,~实1
塌	lap7	3,~落去:塌下去。~桶:破产
塌	tʰak7	4
塍	tʰeŋ2	
塍	seŋ2	
塍	tsʰaŋ2	田,耕~,原文作“田”
塑	sok7	
塔	tʰaʔ7	塔。水1~:水缸,原文作“䍇”
塕	ioŋ1	(尘土)飞扬:塗~地2
塗	tʰou2	黄2~:黄土。红1毛1~,原文作“坭”
塘	tŋ̍2	1,可1~:海丰地名
塘	tʰaŋ2	2
塝	paŋ3	
塞	sai5	2,要2~
塞	tʰak7	4,~路2
塞	sak7	5,软木3~,~音
填	tʰiaŋ2	
塬	ŋiaŋ2	
塾	siok8	
墀	ti2	
墁	maŋ4	
境	keŋ3	
墅	si3	1
墅	su3	2
墉	ioŋ2	
墒	siaŋ1	
墓	mu4	
墘	kʰiaŋ2	2,车2路2~:台湾地名
墘	kĩ2	3,边缘:海~。田~:汕尾地名
牆	tsʰiaŋ2	1
牆	tsʰiõ2	2,~壁,城~
墚	liaŋ2	
增	tseŋ1	
墟	hi1	
墡	siaŋ4	
墨	bak8	
墩	tun1	
墩	tun1	2,塗~:土堆,原文作“堆”
墼	kek7	
壁	piaʔ7	
壅	ioŋ5	
壇	tʰaŋ2	
壈	lam3	
壑	hak7	1,沟~
壕	hau2	
壤	ziaŋ3	
士	si4	1,的2~:出租小汽车
士	su4	2,战~
壬	zim2	
壯	tsaŋ5	1,~丁
壯	tsoŋ5	2,结实、牢固:厚1~
聲	siã1	
殼	kʰak7	1,卵2~:蛋壳
殼	kok7	2,~仔3:水舀子
殼	kʰok8	3,头~:头骨。死侬头~:骷髅。大4头~:民国袁世凯头像银元
壺	hu2	
壹	it7	~拾3,~银
處	tsʰi5	1,~长2
處	tsʰu5	2,位~:位置
備	pi4	
复	hok7	1,~习
复	hok8	2,反1~
夏	he4	
夔	kʰui2	
夕	sek7	1
夕	sek8	2
外	ɡa6	1,~口2:外面
外	ɡua6	2,~家3:娘家
外	ua6	3,二1十2~岁2:二十多岁
外	ŋuãi4	4,不~□hõ6生3□hõ313-33sẽ33-3]:不外那样
夙	sok7	1
夙	siok7	2
多	to1	
夜	e4	
够	kau5	
夤	in2	
夥	hue3	
大	tai4	3,~概
大	tua6	~家3:丈夫的母亲。~套:(出手)大方
天	tʰiaŋ1	2,~桥,~麻3,~空3
天	tʰĩ1	3,~时:天气
太	tʰai5	
夫	hu1	1,丈2~
夫	pou1	2,□ta1~:男,男性。□ta1~侬:男人。□ta1~囝kaŋ3仔3:男孩。轿2~佬2:轿夫
夬	kuai5	
夭	iau1	
央	ŋ̍1	1,当3~
央	iaŋ1	2,~求,中2~
夯	haŋ2	
失	sit7	
頭	tʰau2	
夷	i2	
夸	kʰua1	
夾	kiap8	1,~□nin3册包:夹着书包。~心饼干3
夾	ŋiap8	2,~零2细2:夹东西
夾	ŋẽʔ7	3,~菜
奪	tuak8	
夿	pa1	
奩	liam2	
奐	huaŋ5	
奄	iam1	1
奄	iam3	2
奇	kʰi2	1,~怪
奇	kʰia1	2,~数1
奇	kʰia4	3,~数1
奈	tai4	1,无~何1
奈	nãi4	2,无2~,~何2
奉	hoŋ3	
奮	hun5	
奎	kui1	
奏	tsau5	
契	seʔ7	1,古代人名
契	kʰei5	2,~约1
奓	tsa1	
奔	pun1	
奕	ek8	
獎	tsiaŋ5	
套	tʰau5	
奘	tsaŋ5	
奚	hi2	
奠	tiaŋ4	
奡	ŋãu4	
奢	tsʰia1	
奢	se2	老2~:父亲
奧	o5	
奭	sek7	
女	nĩ3	
奴	nu2	1
奴	nou2	2
奴	nõ2	3
奶	nẽ1	1,母亲。~头,食1~,原文作“姈”
奶	nãi3	3,~~
奸	kaŋ1	
她	tʰa1	
好	ho3	1,~侬
好	hau3	2,~在5
好	hau5	3,~客2。~水2:喜欢打扮
好	hoʔ7	~□tsei6:很多。~热1:很热,原文作“很”
妁	tsiak7	
如	si2	1,不but7~
如	zi2	2,~果1
妃	hui1	
妄	muaŋ3	
妝	tsŋ̍1	1,嫁~
妝	tsuaŋ1	2,梳3~
婦	pu4	1,新1~:媳妇
婦	hu4	2,~女,泼~
媽	mã1	1,母亲
媽	mẽ1	2,妻妾的儿女呼妾
媽	mã3	2,祖母。老2伯2~:饶舌的女人
妊	zim4	
妍	ŋiaŋ1	
妒	tou5	
妓	ki1	1,~女
妖	iau1	
妗	kim4	
妘	un2	
妙	miãu4	
妞	niu1	
妣	pi3	
妤	i2	
妥	tʰo3	
妨	huaŋ2	
嫵	bu3	
嫗	au1	
嫗	ou3	
嬀	kui1	
妬	ki4	
妯	tiok8	
妲	tʰaŋ3	
妲	tak7	
妹	muẽ6	(变调35)~~:昵称。女孩:□tsa1母~。姐1~
妹	muak8	
妹	muẽ5	~~
妻	tsʰi1	
妾	tsʰiap7	
姆	mu3	1,保2~
姆	m̩3	2,妈妈。大2~:大伯母、大妯娌。大2~头:爱管闲事,想领导别人的女人,诙谐
姊	tsi3	
始	si3	
姐	tsi3	1,~妹3
姐	tsia3	2,翁1~:夫妻
姐	tse3	3,~~
姑	kou1	1,~妈1,~且2
姒	su4	1
姒	sai6	2,同1~:妯娌
姓	sẽ5	
委	ui3	
姗	saŋ1	
姘	pʰeŋ1	
姚	io2	
姜	kiaŋ1	1,姓
姜	kiõ1	2,生2~
姝	si2	1
姝	tsu1	2
姞	kit7	
姣	kiau1	
姣	hiau2	女性轻浮、放荡,原文作“嬲”
姥	mu3	1,老妇人
姥	lau3	2,~~
姥	lau4	3,曾祖母:~~
姨	i2	
姬	ki1	1,歌1~
姬	ki3	2,姓
姮	heŋ2	1
姮	hueŋ2	2
姹	tsʰa5	
姻	in1	
姽	kui3	
姿	tsu1	
威	ui1	
娃	ua1	
婁	lu2	1
婁	lou2	2
婭	a1	
嬈	ziau2	1,妖~
嬈	ziau3	2,烦扰,扰乱
嬌	kiau1	~丝:娇气
孌	luaŋ2	
娉	pʰeŋ5	
娌	li3	
娑	so1	
娒	bue2	
娓	bue3	
娓	mĩ3	
娖	tsʰok7	
娘	niõ2	
娜	nã3	1,人名用字
娜	nõ2	2,婀~
娟	kiaŋ1	
娠	sin1	1,有~孕2:怀孕
娠	sin2	2
娣	ti4	
娥	ŋõ2	
娩	miaŋ3	
娬	bu3	
娛	ɡi2	
媧	o1	
娴	hiaŋ2	
娶	tsʰi3	1,~亲
娼	tsʰiaŋ1	老1妓~:詈语,骂女人
婀	o1	
婆	pʰua2	1,老2~
婆	po2	2,外2~
婆	pʰo2	3,~娑
婉	uaŋ3	
婊	piau3	
婕	tsiap8	
婚	hun1	
婢	pi4	
婪	lam2	
嬰	eŋ1	
嬋	siam2	
嬸	sim3	
婷	teŋ2	1
婷	tʰeŋ2	2
婺	mu4	
婼	ziak8	
婿	sai5	
媒	bue2	1,~侬
媒	bue3	2,~侬,婆1:媒人
媓	huaŋ2	
媚	mĩ4	
媛	iaŋ4	
媟	siap8	
媼	au3	
媼	un4	
嬃	si1	
媲	pi3	
媳	sek7	
媵	eŋ5	
媸	tsʰi1	
媾	kou5	
嫁	kia5	1,~祸于1侬
嫁	ke5	2,~侬
嫂	so3	
嫄	ŋiaŋ2	
嫉	tsip8	1
嫉	tsit8	2
嫌	hiam2	
嬡	ai5	
嬪	pin1	1
嬪	pʰin2	2
嫖	pʰio2	1
嫖	pʰiau2	2
嫗	ziok8	
嫘	lui2	
嫚	maŋ4	
嫜	tsiaŋ1	
嫠	li2	
嫡	tek7	
嫣	iaŋ1	
嫦	siaŋ2	
嫩	nun5	
嫪	lau5	
嫫	mõ2	
嬙	tsʰiaŋ2	
嫷	sui3	漂亮:□tsi3个2□tsa1母囝仔3□kaŋ5~哇1:这个女孩子真漂亮,原文作“水”
嫽	liau2	
嫿	hua4	
嬉	hi1	
嬖	pi5	
嬗	siaŋ4	
嬲	niãu3	
嬴	eŋ2	
嬴	lo3	
嬿	iaŋ5	
孀	suaŋ1	
子	tsi3	1,棋~
子	tsu3	2,儿~
孑	kʰiak7	1,~孓2
孓	kʰuak7	2,孑1~
孔	kʰoŋ3	
孕	hin4	1,怀~
孕	hun6	2,有1娠1~:怀孕
字	zi6	
存	tsʰun2	
孫	sun1	1,~仔3:孙子、侄子
孫	sũi1	2,姓
孚	pʰu2	
孛	pue5	1
孛	puak8	2
孜	tsu1	
孝	ha5	1,带~
孝	hau5	2
孟	meŋ4	1,孔~
孟	meŋ6	2,~子2
孢	pau1	
季	kui5	
孤	kou1	
孥	nu2	
學	oʔ8	1,~习,同1~
學	hak8	2,~习
孩	hai2	2,~子2
孿	luaŋ2	
孰	siok8	
孱	tsʰaŋ1	
孳	tsu1	
孵	pu6	
孺	zi2	
孽	ŋiak8	
寧	neŋ2	
它	tʰa1	
宄	kui3	
宅	tʰeʔ8	
宇	i3	
守	tsʰiu3	1,看2~所
守	siu3	2,~寡
安	aŋ1	1,平1~
安	aŋ5	2,~分4守2己1
安	uã1	3,无2~无2落:没着落
宋	soŋ5	
完	iaŋ2	1,~成1
完	uaŋ2	2,~蛋
宏	kʰeŋ2	1
宏	kʰueŋ2	2
宓	bit8	
宕	taŋ4	
宗	tsoŋ1	
官	kuã1	
宙	tiu4	
定	teŋ4	1,决~
定	teŋ5	2,~单4。~批3:一定能批准
定	tiã6	3,~头:定钱
宛	uaŋ3	
宜	ŋĩ2	
寶	po3	1,~惜:珍惜
寶	pau3	2
實	sit8	1,老1~
實	tsak8	3,~心
寵	tʰioŋ3	
審	sim3	
客	kʰaʔ7	1,~厅
客	kʰeʔ7	2,~侬
宣	suaŋ1	
室	sit7	
宥	iu4	
宦	huaŋ4	1
宦	huaŋ5	2
宪	hiaŋ5	
宮	kioŋ1	
宬	seŋ2	
宰	tsai3	
害	hai4	1,~怕
害	hai6	2,陷1~
宴	aŋ5	1
宴	iaŋ5	2
宵	siau1	
家	ka1	1,~己2:自己
家	kia1	2
家	ke1	3,~庭,大3~
宸	sin2	
容	ioŋ2	
寬	kʰuaŋ1	1,~容
寬	kʰuã1	2,~~:慢慢
賓	pin1	
宿	siok7	(水果)成熟,原文作“熟”
宿	siu5	1,星~,三3天3两3~
宿	sok7	2,~命2,~怨1
宿	siok7	3,~舍,住3~
寀	tsʰai3	
寂	sok7	1,~静,~寞
寂	tsek7	2,沉1~,~静
寄	kia5	
寅	in2	1,~时
寅	iaŋ2	2,同1~:同一年龄阶层的人
密	bit8	1,哈3~瓜2
密	bak8	2,~实3
密	miak8	3,秘~
寇	kʰou5	
富	pu5	1,~翁2
富	hu5	2,~翁2,财~
寐	muẽ4	
寒	kuã2	1,冷:天3时~
寒	haŋ2	2,~冷
寓	ɡi4	
寘	ti5	
寢	tsʰim2	1
寢	tsʰim3	2
寞	mok8	
察	tsʰak7	
寡	kua3	
寡	mĩ1	捂得严密、看不见。零2细2囥遘~~:东西藏得严密
寤	ɡou2	
寥	liau2	
寨	tse6	
寮	liau2	草2~
寰	huaŋ2	
寸	tsʰun5	尺~。~进:进步
對	tui5	
寺	tsĩ6	2
尋	tsʰim2	
導	tau4	
壽	tsʰiu1	1,仁~里2巷2:海丰地名
壽	siu4	2,祝2~,~命2
封	hoŋ1	
射	sia4	1,辐2~
射	sia6	2,~箭2
將	tsaŋ1	1,~碗拍破
將	tsiaŋ1	2,~来1
將	tsiaŋ5	3,~领
尉	ui5	1,中2~
尉	ut7	2,~迟:姓
尊	tsun1	
小	sio3	1,细2~
小	siau3	2,~心,~车2。~半:蜀tsit8~。西2爿~:西边
少	tsio3	1,~笂:真多
少	siau3	2,~数2
少	siau5	3,~爷
尔	zi3	
尖	tsiam1	1,~刀1
尖	tsiam3	2,~担2:尖头扁担
塵	tin2	1,灰2~
塵	tun2	2,筅~:大扫除
塵	tʰun2	3,筅~:大扫除
尚	siaŋ4	1,~且2
尚	siõ6	2,和3~
嘗	siaŋ2	
尤	iu1	1
尤	iu2	2
尥	liau4	
堯	ɡiau2	
尬	kai5	
就	tsu4	1,~是。另~:另外
就	tsiu4	2,~近2,~是
尷	kam1	1,不~不尬
尷	kam5	2,~尬
屍	si1	
尹	in3	
尺	tsʰioʔ7	
尻	kʰau1	
尼	nĩ2	2
尽	tsin4	
尾	bue3	
尿	zio6	2,~素1。放1~:撒尿
尿	siau2	~水1:精液
局	kiok8	~长2,~势1,棋~
屁	pʰi2	1,~股1
屁	pʰui5	2,放1~
層	tsaŋ2	1,蜀tsit8~楼,~次
層	iaŋ2	2,两1~楼
屓	hi5	
居	ki1	
屈	kʰut7	
屉	tʰi5	
屆	kai5	
屋	ok7	
屎	sai3	放1~:拉屎
屏	pʰin2	1,~风
屏	pʰin3	~弃
屐	kiaʔ8	
屑	seʔ7	1,瓦1饼~:碎瓦
屑	sut7	2,锯屑:细木碎
屑	siak7	3,琐~
展	tiaŋ3	
屙	o1	
屬	tsok7	1,前2后2相2~
屬	siok8	2,归~
屠	tʰu2	1,~杀1
屠	tou2	2,猪~砧:卖猪肉的案板。~刀1,~宰
屢	lui3	
屣	si3	
履	li3	1,步2~
履	li4	2,~历
屨	ki4	
屯	tʰun2	
山	saŋ1	1
山	suã1	2,~歌1,~岭
屴	lek8	
屹	ŋiak7	
屺	ki3	
屼	ut7	
嶼	si4	
歲	sue5	1,万2~
歲	hue5	2,几3~
歲	hẽ5	3,蜀tsit8~稻2:一造稻
豈	kʰi3	1
豈	kʰa3	2
岌	kʰip7	
岌	kip8	
岍	kʰaŋ1	
岑	ŋim2	
岔	tsʰa1	1,~路1
岔	tsʰa5	2,拍~:打岔
岔	tsʰe1	3,三1~路2口1
嶇	kʰi1	
崗	kŋ̍1	1,山2~。白1石2~:海丰地名
崗	kaŋ1	2,景阳1~
峴	hiaŋ6	
岙	o5	
嵐	lam2	1
嵐	nam2	2
島	tau3	
岜	pa1	
岞	tsak7	
岢	kʰo3	
岣	kau3	
巖	ŋam2	
岫	siu5	
岬	kaʔ7	
嶺	niã3	
岱	tai4	
岳	ɡak8	
岷	min2	
岸	ŋaŋ4	
崬	toŋ1	
巋	kui1	2,~然
巋	kʰui1	3,~然
峁	bau3	
峂	toŋ1	
嶧	ek8	
峋	sun2	
峒	taŋ6	1,大2鞍~:海丰地名
峒	toŋ4	2,吉2~坪:湖南地名
峒	tʰoŋ2	3,崆~:山东地名
峙	tsi3	1,对~
峙	si4	2,繁~:山西县名
峽	hap8	1,~山2:广东地名
峽	kiap7	2,三1门~
峽	kiap8	3,~谷2
嶠	kio6	
崢	tseŋ1	
巒	luaŋ2	
峨	ɡo2	1,~嵋山2
峨	ŋõ2	2
峨	ŋõ2	2,巍~
峪	iok8	
峭	tsʰiau5	
峭	siaʔ7	
峰	hoŋ1	
峻	tsun5	
崁	kʰam5	
嶗	lau2	
嶗	lau2	2
崍	lai2	
嶮	hiam3	
崆	kʰoŋ1	
崇	tsʰoŋ2	
崎	kʰi2	1,~岖
崎	kia4	2,山2~:山陡。~泻溜2:又陡又滑
崑	kʰun1	
崔	tsʰui1	
崖	ŋãi2	
崙	lun2	
崛	kʰut7	
崞	kueʔ7	
崟	ŋim2	
崤	ŋãu2	
崦	iam1	
崩	paŋ1	1,~裂1
崩	pʰeŋ1	2,~溃1
嶄	tsam3	
崮	ku5	
崴	ui1	
崽	tsai1	1,鱼~:小鱼苗
崽	tsai3	2,老2细2~:小老头
嵂	lut8	
嵇	kʰi1	
嵊	seŋ5	
嵋	bai2	
嵌	kʰam5	1
嵌	kʰiam2	2
嵎	ɡi2	
嵖	tsʰe2	
嶸	eŋ2	
嶔	kʰim1	
嵛	zi2	
嶁	lu2	
嶁	lou3	
嵩	soŋ1	
嵫	tsu1	
嵬	ɡui2	
嵯	tsʰo2	
嵽	tiak7	
嶂	tsiaŋ5	
嶅	ŋãu2	
嶍	sip8	
嶓	po1	
嶙	lin2	
嶝	teŋ5	
嶷	ɡi2	
巔	tiaŋ1	
巇	hi1	
巉	tsʰam2	
巍	ɡui2	
川	tsʰuaŋ1	
州	tsiu1	
巠	keŋ1	
巡	sun2	
巢	tau5	1,鸟1~
巢	tsʰau2	2,~穴
工	kaŋ1	1,~人
工	kʰaŋ1	2,~课:活儿,功夫
左	tso3	
巧	kʰa3	1,~妙
巧	kʰiau3	2,奇1~
巨	ki4	
鞏	kʰioŋ3	
巫	bu2	
差	tsʰi1	1,参1~
差	tsʰa1	2,误~
差	tsʰe1	3,出~
差	tsʰam1	4,~不多
巰	liu2	
己	ki3	1,自~
己	ki6	2,家1~:自己
已	i3	
巳	tsi4	
巴	pa1	1,~豆
巴	pʰã5	2,大2~士1:大型公共汽车
巷	haŋ5	1,~仔3:小巷
巷	haŋ6	2,街路2~:路边小巷。街头~尾,~道
巽	sun5	
巾	kin1	
幣	pi4	
市	tsʰi4	
布	pu5	1,~置
布	pou5	2,铰1~:剪布
帥	sue5	
帆	pʰaŋ2	
師	su1	1,老1~
師	sai1	2,~父2。师,~公1:巫师,原文作“司”
希	hi1	
幃	ui2	1
幃	ui3	2
帳	ta5	1,蚊4~
帳	tsiaŋ5	2,~篷
帳	tiõ5	3,~簿
帑	nu2	1
帑	tʰaŋ3	2
帔	pʰi1	
帖	tʰiap7	
帘	liam2	
帙	tiak8	
帚	siu3	
帛	peʔ8	1
帛	pek8	2
幟	tsi5	
帝	ti5	
帡	pʰin2	
帶	tua5	1,~头,~鱼
帶	tʰua5	2,附带,顺便。~手1捏7鹹鲑:顺手牵羊。顺~:顺便
帶	tai5	5,海~
幀	tseŋ1	
帨	sue5	
帩	tsʰiau5	
席	siaʔ8	1,主~
幫	paŋ1	
幬	tau3	1
幬	tʰiu2	2
帷	zui2	
常	tsʰiaŋ2	1,~~
常	siaŋ2	2,经1~,~识2
幘	tsek7	
幗	kok7	
帽	mãu4	3
帽	bo6	草2~
幂	miak8	1
幂	mek8	2
幄	ok7	
幅	pak7	1,条1~
幅	hok7	2,~射1
幌	huaŋ3	
幔	maŋ4	
幕	mu4	
幛	tsiaŋ5	
幞	hok8	
幠	hu1	
幡	huaŋ1	
幢	toŋ5	1,蜀tsit8~厝2:一座房子
幢	tʰoŋ2	2
幧	tsʰau1	
幪	moŋ2	
干	kaŋ1	1,~妈1
干	kuã1	3,饼~
平	pʰeŋ2	1,公1~,~安,~房,~原
平	pẽ2	2,~路2
平	pãi2	3,~下3:平时
年	nĩ2	1,新2~。~料:年货
年	hĩ2	2,~初2一2
年	niaŋ2	3,~轻1力2壮1
并	pʰin2	1,山西太原别称
并	peŋ5	2,~且2
幸	heŋ1	1,~得1:幸亏
幸	heŋ4	2,~福2,~运2
幹	kaŋ5	2,~部。外2强3中2~
幺	iau1	
幻	huaŋ5	
幼	iu5	
幽	hiu1	1
幽	iu1	2
廣	kuaŋ3	1,~大2
廣	kũi3	2,~东2
庀	pi3	
莊	tsŋ̍1	1,~稼
莊	tsuaŋ1	2,~严
慶	kʰeŋ5	
庇	pi5	
牀	tsʰŋ̍2	1,眠1~
牀	tsʰuaŋ2	2
庋	ki3	1
庋	kui3	2
序	si4	
廬	lu2	1
廬	lou2	2
廡	bu2	
廡	bu3	
庫	kʰou5	
應	in5	1,答应
應	eŋ1	2,~该
應	eŋ5	3,响~
底	tiõ3	3,老2货~:过时的商品或积压的货物
底	tei3	~细2
庖	pʰau2	
店	tiam5	
廟	bio6	1,土3地2~
廟	miãu4	2
庚	keŋ1	1
庚	kẽ1	2,年1~
府	hu3	
龐	pʰaŋ2	
廢	hui5	
庠	siaŋ2	
庥	hiu1	
度	tou6	1,温2~
度	tok8	2,~身2:量体
座	tso6	1,满~
座	tse4	~位
庭	tʰeŋ2	
庭	tiã2	晒盐的田:盐~。灰、石铺成的平地:~地3,曝2粟~,原文作“町”
庵	am1	
康	kʰaŋ1	
庸	ioŋ2	
庹	tʰoʔ7	1
庾	zi3	
廆	kui3	
廉	liam2	
廊	laŋ2	
廋	sou1	
廒	ŋãu2	
廓	kʰuak7	
廖	i2	
廖	liau6	
廛	tʰiam2	1
廛	tʰiaŋ2	2
廨	hai4	
廩	lim3	
延	iaŋ2	
廷	tʰeŋ2	
建	kiaŋ5	
廿	ziʔ8	1,~旬:农历下旬
廿	ziap8	2,~四2史
開	kʰai1	1,~明1
開	kʰui1	2,~会2
弁	piaŋ4	
异	i4	
弃	kʰi5	
弄	moŋ4	2,~好1未2:弄好了没有
弄	loŋ4	3,搅1~是非:拨弄是非
弄	noŋ4	4,玩~,~虚作3假
弆	ki3	
弇	iam3	
弈	ek8	
弊	pi5	1,~病2
弊	pi6	2,舞~
弋	ek8	
式	sek7	
弑	tsʰi5	
弓	kioŋ1	~蕉:香蕉
引	in3	
弗	hut7	
弘	hoŋ2	1
弘	kʰueŋ2	2
弛	ti2	1,~缓2
弛	si3	2,松1~
弟	ti4	1,兄1~
弟	tʰai6	2,(变调35)弟弟,昵称。3,□tsiaʔ7(这)是我1~
張	tsiaŋ1	1,新2开1~
張	tiõ1	2,蜀tsit8~床1
張	tsiaŋ5	
弥	mĩ2	
弦	hiaŋ2	
弧	hu2	
弨	tʰiau1	
弩	nõ3	1
弩	nãu6	2
弳	keŋ4	
弭	mĩ3	
彎	uaŋ1	1,~路2。~跷2:弯曲
彎	uãi1	2,~来1~去
弱	ziak8	
彈	taŋ4	1,子1~
彈	tʰaŋ2	2,~子1。~弓:弹簧
彈	tʰaŋ4	3,动1~
彈	tuã2	4,~琴
彈	tuã6	5,~侬:弹射人
强	kiaŋ3	1,勉~
强	kiaŋ4	2,~侬:欺侮人
强	kʰiaŋ2	3,~大2
强	kiõ2	5,~侬:比人强,比人能干
弼	pʰek7	
彀	kau5	
歸	kui1	
當	tŋ̍1	1,~头对面2:正对面
當	tŋ̍5	2,~铺2
當	taŋ1	3,~然
當	taŋ5	4,上2~
录	liok8	
彖	tuaŋ4	
彗	hui4	
彘	ti4	
彝	i2	
形	heŋ2	
彤	tʰoŋ2	
彦	ŋaŋ4	
彧	hiok7	
彩	tsʰai3	
彪	piu1	
彫	tiau1	
彬	pin1	
彭	pʰẽ2	
彰	tsiaŋ1	
影	iã3	
彳	tʰek7	
彷	pʰaŋ2	
役	ek8	
徹	tʰiak7	
彼	pi3	
往	uaŋ3	
征	teŋ1	1,特~
征	tseŋ1	2,长3~
徂	tso2	
徑	keŋ4	1,小2~
徑	kẽ5	2,塍~
待	tai4	1,等3~
待	tai5	2,担1~
待	su6	2,服2~
待	tʰai4	3,等3~
徇	sun2	
很	hin3	3,~好1
徉	iaŋ2	
徊	huai2	
律	lut8	~师1,纪~
後	hau4	1,~生3:小伙子
徐	tsʰi2	
徒	tʰu2	
徠	lai2	1,招1~
徠	lai4	2,劳~
徠	lai5	3
得	tit7	1,记3~
得	tek7	2,~到3。助词
得	tek7	扛:~零2细2
徘	pai2	1
徘	pʰai2	2
徙	si3	1
徙	sua3	2,~厝2:搬家
徛	kʰia4	1,站立。~鹅:企鹅,原文作“企”
徛	kʰia5	2,男子性冲动,输精管挺立
徜	siaŋ2	
御	ɡi4	
徨	huaŋ2	
循	sun2	
徭	iau2	
微	mĩ2	2,~小2,细2~
微	bui2	雨2~仔3:毛毛雨,原文作“㵟”。~烟2:雾
徯	hi2	
德	tek7	
徼	kiau3	
徽	hui1	
心	sim1	
必	pit7	
憶	ek7	
忉	tau1	
忌	ki4	
忍	zim3	1,~让1
忍	nun3	2,~□tʰiã5:忍痛
忏	tsʰiam1	
忏	tsʰam5	~碎
忏	tsʰam5	咒~:诅咒
忐	tʰaŋ3	
忑	tʰek7	
忒	tʰek7	
忖	tsʰun3	
志	tsi5	
忘	buaŋ2	
忙	maŋ2	
忝	tʰiam3	
忠	tioŋ1	
忡	tsioŋ3	1
忡	tsʰioŋ1	2
忣	kʰip7	
忤	ŋou3	
憂	iu1	
忪	soŋ1	1,惺~
忪	tsioŋ1	2,怔~
快	kʰuai5	1,~乐2
快	kʰuã5	2,~活
忭	piaŋ4	
忱	sim2	
念	niam4	1
念	niam6	2,笑3~:想念。~册:背诵书
忸	niu3	
忺	hiaŋ1	
忻	hin1	
忽	hut7	
忾	kʰai5	
忿	hun3	
懷	huai2	
態	tʰai5	
慫	tsʰoŋ5	1
慫	tsʰioŋ5	2
憮	bu3	
悵	tsiaŋ5	1
悵	tsʰiaŋ5	2
愴	tsʰaŋ1	1
愴	tsʰaŋ5	2
怊	tʰiau1	
怍	tsak7	
怎	tsa5	1,~么2样1
怎	tso5	2,~呢1:怎么
怎	tsim3	3,~么2办
怎	tsã5	4,~么2
怏	iaŋ4	2
怏	iaŋ3	
怒	nu4	1,愤~,~号1
怒	nõ6	2,愤~,发2~
怒	nõ6	[kʰaʔ11]~解ei4:太殷勤了
怔	tseŋ1	
怕	pʰa5	1
怕	pʰã5	2
怖	pu5	
怙	hu4	
怛	tak7	
憐	liaŋ2	
思	su1	1,~想1
思	su5	2,意~。合1意~:合意
思	sai1	3,于2~
怠	tai4	
怡	i2	
急	kip7	1,~促,~性1
急	kʰip7	2,着6~,~需
急	kip7	无2~:不算数,儿语
怦	pʰoŋ2	1,心肝2~~跳
怦	pʰoŋ6	2,~~□to3
怦	pʰeŋ2	3,~然心动3
性	seŋ5	1,~别3
性	sẽ5	2,~命2
怨	iam5	1,~恨,埋1~
怨	iaŋ5	2,埋1~,~天2尤1人
怩	nĩ2	
怪	kuai5	
怳	huaŋ3	
怵	tʰuak7	
怵	sut8	
總	tsoŋ3	2,~是,~统
懟	tui5	
懌	ek8	
恃	si4	1,~才2傲物
恃	si5	2,有2~无2恐
戀	liaŋ4	
恍	huaŋ3	
恐	kʰioŋ3	
恆	heŋ2	1
恆	hueŋ2	2,~山2
恓	si1	
恕	su5	
恙	iaŋ4	
恚	hui4	
恢	kʰue1	
恣	tsi5	1
恣	tsu5	2
恤	sut7	
恧	niok8	1
恧	nek8	2
恨	hin4	
恩	in1	
恪	kʰak7	
恪	lok8	
恫	toŋ4	1,~吓
恫	tʰoŋ2	2,病痛
恬	tʰiam2	
恭	kioŋ1	
息	sit7	1,窒息。□~了3[but11-53sit11liau11-33]:差不多要窒息了。~仔3:重孙
息	sek7	2,休~
息	hẽʔ7	3,气3~大2喘:气喘吁吁
恰	kaʔ7	1,~~
恰	kʰaʔ7	2,~~好1:恰好
恰	kʰap7	3,~当4
懇	kʰun3	
恶	u5	1,可2~,深~痛绝3
恶	ak7	4,~霸,~心
恶	ok7	5,~毒2
恶	oʔ7	□tsi3(这)条1题好~做:这条题很难做,原文作“难”。做~做歹1:(天气)恶劣
慟	tʰoŋ5	
懨	iam1	
愷	kʰai3	
惻	tsʰek7	
惱	lo3	1,烦~
惱	lou3	2,~死:恨死。□tsʰua6侬~:惹人憎恨
惱	nãu3	3
惲	un4	
恿	ioŋ3	2
悃	kʰun3	
悄	tsʰiau1	1
悄	siau1	2
悄	tsʰiau3	2,静~~,~声
悄	siau3	3,~然
悉	sek7	
悌	ti4	
悍	haŋ3	
悒	ip7	
悔	hue5	
悖	puak8	
悚	soŋ3	
悛	tsʰuaŋ2	
悝	li3	1,忧,悲
悝	kʰue1	2,李~:战国时政治家
悟	ɡou2	1,孙2~空3
悟	ɡou4	2,觉2~
悠	hiu1	
悢	liaŋ4	
患	huam4	1,防~未5然
患	huaŋ4	2,~难4
悦	iak8	2,喜~
愨	kʰak7	
懸	hiaŋ2	
懸	kuãi2	3,~矮,山2~,原文作“高”
慳	kiaŋ1	
憫	miaŋ3	
悱	hui3	
悲	pi1	1,~惨
悲	pui1	2
悴	tsui4	
悸	kui5	
悻	heŋ3	1,~~:扫兴
悻	heŋ4	2,~然,~~
悼	tau4	1,追~
悼	tsau4	2,~词
情	tsʰeŋ2	1,爱~,~况
情	tsiã2	2,侬~:礼物。侬~世事2。亲~:亲戚
惆	tsiu1	1
惆	tsʰiu2	2
惇	tun1	
驚	keŋ1	1,~蛰
驚	kiã1	2,~侬,~险
惋	uaŋ3	
惑	hueʔ8	1
惑	ueʔ8	2
惕	tʰek7	
惘	maŋ3	
惚	hut7	
惛	hun1	
惜	sioʔ7	
惝	tsʰiaŋ3	
惟	zui2	
惠	hui4	
惦	tiam5	
懼	ki4	
慘	tsʰam3	
懲	tʰeŋ2	
憊	pi4	
愜	kiap7	
慚	tsʰam2	
憚	taŋ4	
慣	kuaŋ5	1,习~
慣	kuãi5	2,~势1:坏习惯
惰	tua4	1,懒~
惰	to4	2,~性1
想	siaŋ3	1,幻~
想	siõ4	2,~东1□kiok7西2:胡思乱想
惴	tsui4	
惶	huaŋ2	
惹	zia3	搭~:招惹
惺	seŋ1	1
惺	tsʰẽ1	2
愀	tsʰiau3	1
愀	tsʰiu1	2
愁	tsʰou2	
愆	kʰiaŋ2	
愈	tsi3	1,~来1~㪗:越来越多
愈	zi3	2,~合3,~来1~悬:越来越高
愉	zi2	
愎	pek7	
意	i5	
愕	ɡak8	1,~然
愕	ŋõʔ8	2,~~:发呆
愚	ɡi2	
感	kam3	
慍	un4	
愣	leŋ5	
憤	hun3	
憒	kʰui3	
愧	kʰui3	
愨	kʰak7	
愨	kʰiak7	
愫	su5	
愬	sok7	
願	ŋiaŋ4	
慈	tsʰu2	
慊	kiap7	1,满足,满意
慊	kʰiam3	2,憾,恨
慌	huaŋ1	1,~张1
慌	hũi1	2,惊慌:面2~~
慎	sim4	
懾	tsʰuaʔ7	
懾	niap7	
慓	pʰiau1	
慕	mu4	
慝	nek8	2
慝	tʰek7	
慢	maŋ4	1,傲~
慢	maŋ6	2,~骹~手1
慧	hui4	
慨	kʰai5	
慰	ui5	
慵	ioŋ2	
慷	kʰaŋ1	1
慷	kʰaŋ3	2
憋	piak8	
憎	tseŋ1	
憔	tsiau1	
憖	in5	
憧	tʰoŋ2	
憨	ham1	
憩	kʰi5	
憬	keŋ3	
憷	tsʰo3	
憾	ham4	
懂	toŋ3	1,~得1,懵2~
懂	koŋ2	2
懂	soŋ5	2,懵4懵4~~
懈	hai4	
懊	o5	
懋	mou4	
懣	muã3	
懶	laŋ3	
懶	tuã4	懒laŋ3~,原文作“惰”
懦	nõ3	
懵	moŋ2	1,~懂2
懵	moŋ3	2,~懂1
懵	moŋ5	3,大2声~怪:怪声怪气且声音很大
懵	koŋ2	4,~~:昏头昏脑。~~懂2
懿	i5	
戇	oŋ5	傻
戈	kʰo1	
戊	bou6	
戔	tsiaŋ1	
戌	sut7	
戍	sue5	
戎	zioŋ2	
戲	hi5	
成	seŋ2	1,~功2
成	tsiã2	2,~十2侬:十来人
成	siã2	3,三3~
我	ua3	1,~个2:我的
我	ŋõ3	3,~们
戒	kai5	
戕	tsʰaŋ2	
戕	tsʰiaŋ2	
或	hueʔ8	
戧	tsʰaŋ1	1
戧	tsʰaŋ5	2
戰	tsiaŋ5	
戚	tsʰek7	2,亲~。迫~:焦躁
戛	kʰak7	
戟	kek7	
戡	kʰam1	
戢	tsʰip7	
戣	kʰui2	
戥	teŋ3	
截	tsaʔ8	1,遮~:遮掩
截	tseʔ8	2,~断3
戩	tsiaŋ3	
戮	liok8	
戳	tsʰok8	盖5~:盖图章
戴	ti5	1,~帽
戴	tai5	2,姓。爱~
戶	hou4	
戽	hou5	~水1
戾	li4	
房	paŋ2	1,书2~:学校
房	huaŋ2	2
所	so3	
扁	piaŋ3	2,~豆
扁	pʰiaŋ1	3,~舟
扁	pĩ3	4,不圆
扁	pãi3	5,~担2
扃	kʰeŋ2	
扆	i3	
扇	siaŋ5	2
扇	sĩ5	3,搧4~,纸~
扈	hu4	
扉	hui1	
手	tsʰiu3	1,正3~:右手。倒3~:左手
手	siu3	2,鼓~:唢呐
才	tsai2	1,秀~
才	tsʰai2	2,侬~
扎	tsaʔ7	1,打2~:打扮
扎	tsap8	2,~实1
扎	tsak7	3,挣2~
扑	pʰok7	
扒	pʰa2	1,~手1
扒	pe1	2,~饭:送饭进口
扒	pʰe2	4,~船1:划船
扒	pʰãi1	5,~开1
打	ta3	2,~倒4
打	ta4	3,苏1~
打	teŋ5	8,(拳)打:~侬
扔	sioŋ5	2,~石1□bou4:扔石头
扔	zioŋ2	3,~球
托	tʰoʔ7	2,委~,~儿所。~脬2:拍马屁。~社:拍马屁
托	tʰak7	3,推1~
扛	kŋ̍1	1,~石2
扛	kaŋ1	2
扠	tsʰe1	
扣	kʰau5	
扤	ut7	
扦	tsʰiaŋ1	
扦	haŋ3	
執	tsip7	
擴	kʰuaŋ5	
捫	mũi2	
掃	sau3	1,大2~除1
掃	sau5	2,~地3,~帚
揚	iaŋ2	
扭	niu3	
扮	paŋ5	
扯	tsʰe3	
擾	ziau3	1,干2~
扳	paŋ3	
扶	hu2	~手1
批	pʰi1	1,横3~
批	pʰei1	~评2
扼	ek7	
扽	tui3	1,~落来1:扽下来
扽	tun3	2
找	tau3	2,~钱3
找	tsau3	3,~麻2烦
承	sin2	1,~水1:(用桶)接水
承	seŋ2	2,~认,~受
技	ki1	1,~术2
技	ki4	2,杂2~
抃	piaŋ4	
抄	tsʰau1	
抆	bun2	
抉	kiak7	
把	pa3	1,~持,~握
把	pe3	2,~门,蜀tsit8~米
抑	ek7	
抒	tʰi3	1,~情1
抒	si1	2,~发2
抒	si4	3,~发2
抓	ta5	1,猫2~侬
抓	tsua1	2,~革命1,促生1产
抔	put7	
投	tau2	1,~降2
投	tʰau2	2,走1~无2路2
抖	tio6	1,涂骹□to3~:土地在震动
抖	tau3	2,~擞
抗	kʰaŋ5	
折	tsiʔ7	1,~扇,~价
折	tsiʔ8	2,骨折:骹骨~断3
折	siʔ8	3,~本
折	tsiak7	4,~价
撫	bu3	
抛	pʰa1	1,~网:撒网
抛	pʰau1	2
摶	tʰuaŋ2	
摳	au1	1
摳	kʰou1	2
掄	lun2	
搶	tsʰaŋ1	1,呼1天2~地2
搶	tsʰiõ3	2,~劫
護	hu4	
報	po5	
抨	pʰeŋ2	
披	pʰi1	1,~荆斩1棘
抬	tʰai2	
抱	pʰo4	1,~囝:抱孩子
抱	pʰau4	2,~负
抵	tsi3	
抵	tei3	
抶	tiak7	~算2盘2:打算盘
抹	buaʔ7	1,~药
抹	buaʔ8	2,花2花2~~:形容善于在人面前干漂亮事(含贬义)
抻	tsʰun1	1
抻	tiaŋ3	2
押	aʔ7	
抽	tʰiu1	1,~水1机
抽	tʰiu5	2,~退1:留有余地
抿	min2	
拂	hut8	
拄	tsi3	
擔	tam1	1,~保1
擔	tã1	2,挑:~草2
擔	tã5	3,~子2。担2~:挑担子
拆	tʰiaʔ7	1,~开1
拆	tʰek7	2,排~
拇	mu3	1
拇	bo3	~指1
拈	tiam1	1,~轻1怕重1
拈	niam5	2,胡2蝇1飞1过2~爿翼1:苍蝇飞过来还要拈断一片翅膀,喻贪得无厌。块:蜀tsit8~柑1
拉	la1	1,~拢
拉	lau1	2,~汝总1去:跟你一起去
拉	lap8	3,~杂2。~侬:(用竹子、棍子等)打人
拉	lak7	4,~屎。~舌:伸舌头
拊	bu3	
拌	pʰuaŋ4	1,~和2,搅2~
拌	pʰuaŋ5	2,搅2~机
拌	pʰuã1	3,~喙□sui3:拌嘴
拍	pʰek7	2
拍	pʰaʔ7	~侬:打人;~卖
拐	kuai3	
拑	kʰiam2	
拒	ki4	
拓	tʰak7	
拔	peʔ8	~阄:抓阄
拔	puak8	~河,选~
拖	tʰua1	1,地1~:拖把。~拉1机
拖	tʰo1	3,拍1~:谈恋爱。~船1
拗	a3	1,~断3
拗	au3	3,~口1
拘	kʰi1	
拙	tsʰuak7	
拚	pʰeŋ5	1,~弃
招	tsio1	1,~呼3
招	tsiau1	2,~待所
拜	pai1	1,拜2~:再见,英语byebye的音译
拜	pai4	2,~拜1:再见
拜	pai5	3,~神,~年1
擬	ŋĩ3	
攏	loŋ3	
揀	kãi3	
拤	kʰa1	
擁	ioŋ1	1,~抱
擁	ioŋ5	2,前2呼1后2~,~护
攔	laŋ2	1,~路2
攔	laŋ5	2,~河坝
擰	leŋ6	1,~开2:拉开
擰	neŋ2	2,~螺2丝
撥	pʰuak7	
擇	tsek8	
括	kʰuak7	
拭	tsʰit7	擦,~黑板2,~目1珠2,~喙,原文作“擦”
拮	kiak7	
拯	tsin3	
拱	kioŋ3	
拳	kun2	
拴	tsʰuaŋ2	
拶	tsak7	
拷	kʰau3	
拼	pʰeŋ5	1,~盘2
拼	piã5	2,~命2
拽	hi4	
拾	sip8	1,收~
拾	tsap8	2,十的大写
拿	nã2	3,~手1
持	tʰi2	
持	tĩ2	记3~:记忆力,原文作“缠”
挂	kua5	2,~心
挂	kʰua5	3,~心
指	tsi3	1,~示2
指	ki3	2,用手1~
指	kĩ3	3,用1手1~
指	tsãi3	4,手1~。骹~:脚趾
挈	kʰioʔ7	1,~屎:拾粪。~恨:记恨,原文作“捡”
挈	hiak7	
按	aŋ5	
挎	kʰua1	
挐	nã2	
挑	tio5	1,~棉2被2
挑	tʰio1	2,~开2
挑	tʰiau1	3,~选
挖	ueʔ7	1,手1~糊3:用手挖起一团香糊
挖	uak7	2,~塗
摯	tsi5	
攣	luaŋ2	
撾	tsua1	1,~鼓
撾	ko5	2,老1~
撾	o1	3,老1~
撻	tak8	
挾	hiap8	
撓	nãu2	2,阻~,百1折4不~
擋	tŋ̍1	1,~鱼:捕鱼
擋	taŋ3	2,阻~
擋	teŋ3	3,~箭牌
掙	tseŋ1	~扎2
擠	tsĩ5	2,拥2~
揮	hui1	
撏	tsʰim2	
挨	ai1	1,~次
挨	hei1	2,轻轻地碰擦:~下3□kʰo6伊
挨	ei1	3,~砻:推磨
挨	ŋãi2	4,~时间1
挪	nõ2	
挪	nã3	
挫	tsʰo2	
振	tsin3	
挲	so1	2,摩3~
挹	ip7	
挺	tʰeŋ3	
挼	zue2	手1~仔[ã53-21]:手揉搓一下。~目1珠2:揉眼睛,原文作“揉”
挽	maŋ3	
捂	ɡou4	
捃	kun4	
捅	toŋ4	1,~蛤2:把青蛙从洞里捅出来
捅	tʰoŋ3	2,~牙2:挑出塞在牙缝里的食物
捆	kʰun3	
捉	tsʰok7	
捋	luaʔ8	1,~鬚:捋胡子
捋	lut8	2,~手1裥:捋起袖子
捋	luak7	3
捌	peʔ7	
捍	haŋ3	
捎	siau1	
捏	niap7	2,~造
捏	niap8	3,~手1指4仔3:摆弄手指头
捐	kiaŋ1	
捕	pu3	
撈	lau1	1,~着2
撈	lau2	1,打2~
撈	liau2	3,~稻1草2
損	sun3	1
損	sũi3	2,~失,~伤2
撿	tsʰam5	1,胶团3:集腋成裘
撿	kʰiam3	2,~破烂3
換	huaŋ5	1
換	uã6	2,~牙2,~班
搗	tau3	
捧	pʰoŋ2	1,~茶2:端茶
捧	pʰoŋ3	2,~场2
捩	liak8	
捭	pai3	
据	ki5	
捶	tui2	
捷	tsiap7	1,~胜1:汕尾地名
捷	tsiap8	2,敏~
捺	nap8	
捻	niam4	1
捻	liaŋ3	2,~索1:搓绳子
掀	hin1	1,~起
掀	hiaŋ1	2,~门帘,~起
掂	tiam1	2,~斤播两3
掂	tiam5	3,~斤播两3
掇	tsʰuaʔ7	1,~鸟2街:汕尾街名
掇	tsʰuak7	2,~拾1
授	siu4	
掉	tiau4	1,丢2~
掉	tiau6	2,扔1~
掉	tʰiau3	3,掉换:~零2细2
掊	pʰou3	
掊	am3	
掌	tsiaŋ3	1,~权
掌	tsiõ3	2,看守:~厝2,~门,~门狗
掎	kʰi2	1
掎	kʰi3	2
掏	tʰau1	1
掏	tʰau2	2
掐	kʰap7	
排	pai2	
掖	ek8	
掘	kut8	
掞	siam3	
掠	liaʔ8	
探	tʰam5	1,侦~
探	tʰam6	2,~酒:舀酒。踏~:踩了个空
掣	tsi5	
接	tsiʔ7	1,~手1
接	tsʰap7	2,交~:结交。~侬:结交人
接	tsiap7	3,~近2
接	tsiap8	4,直~
控	kʰoŋ5	~制。打:~破
推	tʰe1	1,~托3
推	tʰui1	2,~销
推	tsʰui1	3
掩	am1	2,~耳3
掩	iam3	3,~护
掩	iam5	4,~蔽1
掩	ã1	6,~盖1,~~盖1盖1
措	tsʰo5	
掬	kiok7	
掭	tʰiam3	
掮	kãi1	
掰	peʔ7	
擄	lu3	
摑	kuak8	2,~喙呸2:打嘴巴
摑	kok7	3
擲	tek8	1
擲	tã4	2
撣	taŋ4	
撣	siaŋ4	
摻	sam1	1,古代一种鼓曲
摻	siam3	2,~手1
摜	kuaŋ4	3,用力摆动:骹□to3~
摜	kuaŋ5	4,~纱2帽
掾	iaŋ2	
揄	zi2	
揆	kʰui2	
揉	ziu2	2,~搓
揍	tsau5	1
揍	tiu5	2,~侬
揎	suaŋ1	
描	bio2	1,照2~:照底样画。~写
描	miãu2	2
提	tʰi2	
插	tsʰaʔ7	1,~队,~手1
插	tsʰap7	2,~喙:插话。~份:凑份子。~手1
揖	ip7	
揞	am5	
揠	ak7	
握	ok7	
揢	kʰeʔ8	2,拿
揣	tsʰue3	
揩	kʰai1	
揪	tsʰiu1	1,~辫2仔2
揭	ɡiaʔ7	1,~发2
揭	kit7	2,~阳3:广东市名
揭	kiaʔ8	2,~旗:举旗,原文作“举”
揲	tsiʔ7	1
揲	tiap8	2
揳	siak7	1,~巴1掌2
援	ŋiaŋ4	
揷	tsak7	
揸	tsa1	
攬	lam3	
搵	un5	蘸,~豉油1,原文作“蘸”
撳	kʰim3	
攙	tsʰam1	1,~水1
擱	koʔ7	
摟	lu2	1,~柴火
摟	lau1	2,~钱3
摟	lou3	3,~抱
攪	ka3	1,搜1~:搅扰
攪	kiau3	2,~拌2机
搆	kou5	
搋	tsʰui1	
搌	tiaŋ3	
搏	pʰaʔ7	1,相1~:搏斗
搏	pʰak7	2,~斗
搐	hiok7	1
搐	tʰek7	2
搒	paŋ3	
搓	tsʰa1	1,~手1顿2脚3
搓	so1	2,~手1
搓	tsʰioʔ7	3,搓洗:~衫裤
搔	sau1	
搕	kʰap7	
搛	kiam1	
搜	siau1	1,~山2
搜	sou1	2
搞	kau3	
搠	sok7	
搡	suaŋ3	1
搡	soŋ3	2,~侬:推人
搢	tsin5	
搥	tui1	
搦	nak8	
搧	siaŋ5	1,~大2水1讲2:说大话。~破:摔破
搧	sioŋ5	2,~床1头:拍桌子
搪	tʰaŋ2	
搬	puã2	~运1。~厝2:搬家
搭	taʔ7	窗~:钉铞儿。委托:~汝去,原文作“托”。买:~油1,~火水1,~酒,原文作“打”
搴	kʰiaŋ2	
攜	hi2	
搽	tsʰak7	
搿	lam3	
摁	in1	
攝	niap7	
攄	si1	
摆	pai3	1,~动3,大2摇2大2~
摆	bai3	2,椅骹在~:椅子松动
摇	io2	1,~来1~去,~篮3,~船1
摇	iau2	2,~晃1
擯	pin5	
攤	tʰaŋ1	1
攤	tʰuã1	2,~档2:摊子。~手1
摒	pʰin2	
摔	sut7	
摘	tiaʔ7	
摛	li2	
摞	lo3	
摧	tsʰui1	
摩	muã2	1,行1~:走近
摩	mõ1	2,~登
摩	mõ2	3,~挲2,观~
摭	tsiaʔ7	
摸	moŋ2	1,~手1
摸	mõ1	2,~张2扑克
摸	mõ2	3,~索1
摹	mõ2	
摽	pio4	1
摽	pʰiau1	2
撂	liak8	
攖	eŋ1	
撅	kʰit8	1,搅动:~糊3
撅	kʰiak7	2
撅	kʰiak8	3,~□hai2:挠痒痒
撇	pʰit7	1,~捺
撇	pʰit8	2,走路时身子摇晃
撇	pʰiak7	3,~开2
撑	tsiaŋ3	1,~门面2
撑	tẽ5	2,~破
撑	tʰẽ1	3,~船1,~腰1
撒	sa5	1,~盐
撒	suaʔ7	4,~茶2:把炒花生或炒米撒进茶水里,以供食用
撒	sak7	5,~手1,~谎
撕	si1	~荷2兰豆:采摘荷兰2豆
撙	tsun1	1,~节3
撞	tsuaŋ4	1,~骗
撞	tsioŋ1	2,相1~
撞	tsioŋ2	3,~针
撞	tsã4	4,~壁
撤	tʰiak7	
撩	liau2	
撬	kiau4	
播	po5	
撮	tsʰop7	1,蜀tsit8~米
撮	tsʰuak7	2,~要1
撰	tsuaŋ4	
攆	lin3	
擷	kiak7	
攛	tsʰuaŋ5	
撼	ham4	
擀	kaŋ5	
擂	lui2	~茶2:把茶叶研磨成碎末
擅	siaŋ4	
操	tsʰau1	1,做早~
操	tsʰau5	2,曹1~
擎	kʰin2	1,蜀tsit8~草2:一堆草
擎	kʰeŋ2	2,众~易1举1
擐	huaŋ4	
擒	kʰim2	1,~韧2稳:做事稳当
擒	kʰim3	2,~贼
擖	kut8	
擗	pʰek7	
擘	pʰek7	
擻	sou5	
擢	tsok8	
擤	sin5	~鼻:擤鼻涕
擦	tʰuaʔ7	1,~火柴
擦	tsʰak7	5,磨1~
擿	tek8	1
擿	tʰek7	2
攀	pʰaŋ1	~登
攢	tsaŋ5	
攘	ziaŋ3	
攥	tsaŋ3	
攧	tiaŋ1	
攫	kiak7	
攮	laŋ3	
支	tsi1	1,~持
支	ki1	2,量词
支	tsĩ1	3,~持,~队
收	siu1	
攸	hiu1	
改	kei3	
攻	koŋ1	
攽	paŋ1	
放	paŋ5	1,~心,~屎
放	huaŋ5	3,~大2
政	tseŋ5	
故	ku5	
效	hau4	
敉	bi3	
敵	tek8	
敏	miaŋ3	
救	kiu5	
敔	ɡi3	
敕	tʰek7	
敖	ŋãu2	1,~包
敖	ŋãu4	2,姓
教	ka5	1,~册:教书
教	kiau1	2,~囝:照管儿女或别人的儿女
斂	niam3	
敝	pi4	
敞	tsʰiaŋ3	1
敢	kam3	1,勇~
敢	kã3	2,~死
散	saŋ5	1
散	suã3	2,药~
散	suã5	3,四2~来1:乱来
敦	tun1	2,~清
㪗	tʰau3	~开2:打开
敫	kiau3	
敬	keŋ5	
數	siau5	1,算2~
數	sou5	2,~学2
敲	kʰa5	1,~头。~算2盘:打算盘。~门:叩门,原文作“叩”
敲	kʰau1	2,推2~
敲	kʰiauʔ7	3,~火:打火
整	tseŋ3	1,~风
整	tsiã3	2,~齐2
敷	hu1	
文	bun2	
齋	tse1	
斌	pin1	
斐	hui1	1
斐	hui3	2
斑	paŋ1	1,~马1
斑	pãi1	2,~点2
斕	laŋ2	
斗	tau3	1,量词:蜀tsit8~米
斗	tou5	3,~争1
料	liau6	
斛	hok8	
斜	sia1	1,~鸟1:斜眼
斜	sia2	2,~坡
斝	ke3	
斟	tsim1	
斠	kak7	2
斡	uak7	
斤	kin1	五3~暴1、五3~鲑:五指握拳敲人的头部
斥	tʰek7	
斧	po3	
斨	tsʰaŋ1	
斬	tsam3	1,~柴
斬	tsã3	2,~断3
斫	tak7	1,砍:~柴
斫	tok7	~柴:砍柴
斷	tuaŋ4	1,诊~
斷	tuaŋ5	2,判~
斷	tũi4	3,~奶1
斯	su1	
新	sim1	1,~妇1:媳妇。~妇1仔3:童养媳。~式
新	sin1	2,~婚,~居
斲	tok7	
斶	tsʰiok7	
方	hŋ̍1	1,处1~
方	paŋ1	2,四2~
方	paŋ6	3,大2~
方	huaŋ1	4,平1~
於	i1	
施	si1	
旁	pʰaŋ2	1,~边
旁	pʰiã2	2,近3~:旁边
旂	ki2	
旃	tsiaŋ1	
旄	mãu2	
旅	li3	
旆	pʰai5	
旋	suaŋ2	1,~转2
旋	tsũi6	2,头发旋儿
旌	seŋ1	
旎	nĩ2	
族	tsok8	
旐	tiau4	
旒	liu2	
旖	i3	
旗	ki2	
旟	i2	
無	bu2	1,~产阶级
無	bo2	2,~哇:不多
既	ki5	
日	zit8	
旦	taŋ5	1,银~:元旦
旦	tuã5	2,戏曲角色:戏~
舊	ku6	1,~年1:去年
舊	kiu4	2,依2~
舊	kʰiu6	3,守~:办事情小心翼翼,不敢越雷池一步
旨	tsi3	
早	tsa3	
旬	sun2	
旭	hiok7	
旮	ka1	
旯	la1	
旰	kaŋ5	
旱	haŋ4	1
旱	uã4	2,抗~,天3~
時	si2	
曠	kʰuaŋ5	
暘	iaŋ2	
旺	uaŋ4	
旻	bun2	
昂	ŋaŋ2	1,~扬
昂	ŋiã2	2,头~~:昂首
昃	tsek7	
昆	kʰun1	
昉	huaŋ3	
昊	hau3	
昌	tsʰiaŋ1	
明	meŋ2	1,~白1
明	mã6	2,~早:明天早晨
明	mẽ2	3,~年1
昏	mun1	1,暗~骹:黄昏
昏	hun1	2,黄2~,~迷
昏	hũi1	3,冥2~时:夜晚
易	i4	1,容~
易	ek8	2,交~
昔	sek7	
曇	tʰam2	
昝	tsaŋ5	
星	tsʰẽ1	
映	iã5	
春	tsʰun1	
昧	muẽ4	2,~良1心,愚~
昨	tsa5	1,~天2
昨	tsau1	2,~日:昨天
昭	tsiau1	
是	si4	
昱	iok8	
昳	tiak7	
昴	bau3	
昵	nek8	
昶	tsʰiaŋ3	
昺	peŋ3	
晝	tau5	1,下2~:下午
晝	tiu4	2,~夜
曨	loŋ2	
顯	hiaŋ3	1,~示2
顯	hiaŋ6	2,浅2~
晁	tiau4	1
晁	tsʰiau2	2
晃	huaŋ3	1,摇2~
晉	tsin5	
晌	hiaŋ3	
晏	aŋ5	1,~驾
晏	uã5	2,~起身2
曬	sai5	
曉	hiau3	
暈	hun1	2,~头~脑
暉	hui1	
晗	ham2	
晚	muaŋ3	
晞	hi1	
晟	seŋ4	
晤	ɡou4	
晦	hue5	
晨	sin2	
晬	tsui5	
普	pʰou3	
景	keŋ3	
晰	sek7	
晴	tsẽ2	
晶	tsiã1	
晶	pi5	
晷	kʰui3	
智	ti5	
晻	iam3	
晾	liaŋ4	1,~衣服
晾	nẽ2	2,~□ta1:晾干
暫	tsiam4	
暄	suaŋ1	
暅	keŋ5	
暇	he2	
暌	kʰui2	
暑	si3	
暖	nuaŋ3	
暗	am5	
暝	meŋ2	
暠	kau3	
曖	ai5	
暨	ki5	
暮	mu4	
暴	pau4	1,~行4
暴	pauʔ7	2,~事2:坏事了
暹	siam2	
暾	tun1	
曈	tʰoŋ2	
曌	tsiau5	
曏	hiaŋ3	
曙	si3	
曚	moŋ2	
曛	hun1	
曜	iau4	
曝	pau4	1,~光1
曝	pʰak8	2,晒:~日
曦	hi1	
曩	laŋ3	
曰	iak8	
曲	kʰut7	1,~尺
曲	kʰiok7	2,歌~,~解2
曳	hi4	
更	ke1	1,年2~:腊月廿四至正月初五
更	keŋ1	2,~动3
更	keŋ3	3,~要3[keŋ53ãi313-33]:更加要
更	keŋ5	4,~加2
更	kẽ1	5,半冥2三3~
曷	hak7	
曹	tsʰa2	1,~操2
曹	tsʰau2	2,姓。阴~
曼	maŋ4	
曾	tsaŋ1	1,姓
曾	tsʰeŋ2	2,~经1
替	tʰei5	
最	tue5	1,~后2
最	tsue5	2,~后2,~近2
月	ɡueʔ8	1,~亮,正2~
月	ɡiak8	2,文言读
有	u4	1,~钱3
有	iu3	2,没2~
朊	ŋuaŋ3	
朋	pʰeŋ2	
服	hok8	2,衣~,~装1
朐	kʰi2	
朓	tʰiau5	
朔	sok7	
朕	tim4	
朗	laŋ3	2,~诵
朗	laŋ5	3,~缝3:空隙
朗	loŋ3	4,牛1~:海丰地名
朘	tsʰuaŋ1	
望	buaŋ4	
朝	tsiau1	1,~鲜3,~气1
朝	tsʰiau2	2,~代1,~鲜4
期	ki1	1,周年
期	kʰi2	2,过2~
朥	la2	
朦	moŋ2	
木	bak8	1,~工1
木	mak8	2,~虱:臭虫
木	mok8	3,~头
未	bi4	1,~时
未	bue4	2,好1~:好了没有
未	bue6	3,~□tsu33:还没有准备好
未	mĩ4	5,~时
末	buaʔ8	1,茶2箬~
末	muak8	2,~路1,~日
本	pun3	~地2侬:广州人
札	tsap7	1
札	tsak7	2
术	tut8	1,金兀2~,白1~
术	sut8	2,算2~
朱	tsu1	
朴	pʰiau2	1,姓
朴	pʰok7	2,~刀1,~硝,~素1
朶	to3	
機	ki1	
朽	hiu3	
殺	saʔ7	1,~害1
殺	suaʔ7	2,~血:杀死鸡鸭等,放出血来
雜	tsiʔ8	1,~种1
雜	tsap8	2,复1~
權	kʰiaŋ2	
杆	kaŋ1	1,栏~
杆	kuã1	2,电线~
杈	tsʰa1	1,挑柴草的农具
杈	tsʰe1	2,挑柴草的农具
杈	tsʰe5	3,~桠2:桠杈
杉	sam1	
杌	ut7	2
李	li3	
杏	heŋ4	
材	tsʰai2	2,~料
村	tsʰũi1	
杓	pʰiau1	
杓	tsiak7	
杖	tsiaŋ4	
杜	tou4	
杞	ki3	
束	sok7	
杠	kaŋ1	1,旗杆
杠	kaŋ5	2,双1~
杠	koŋ5	3,~杆2
條	tiau2	1,蜀tsit8~鱼
條	tʰiau2	2,~件2
來	lai2	1,~侬,~信1,~回
來	lai3	2,~去:走吧
杧	maŋ2	
楊	iaŋ2	1,~柳
楊	iõ2	2,~桃,~梅1
榪	mã3	
杪	miãu3	
杭	haŋ2	
杯	pue1	
杰	kiak8	
杲	kau3	
杳	miãu3	
杵	tsʰu5	
杷	pʰa2	
杻	tʰiu3	
杼	tiu4	
松	saŋ1	1,~散3
松	soŋ1	2,~紧带1
松	sioŋ2	3,~树2,肉~
板	paŋ1	1
板	paŋ3	2,黑~
極	kek8	南~,~端
構	kou5	
枇	pʰi2	
枉	uaŋ3	
枋	paŋ1	1,板:铺2窗~,石2~,也写作板
枋	huaŋ1	2,树名
析	sek7	
枑	hu4	
枒	ɡe2	
枕	tsim3	
林	lim2	1,树2~
林	nã2	2,树2~:小树丛
枘	zue6	
枚	bue2	
果	ko3	1,~然
果	kue3	2,~然
枝	ki1	
樅	tsʰioŋ2	
樞	kʰi1	
棗	tsu3	1,黄皮2~
棗	tso3	2,红1~
櫪	lek8	
梘	kaŋ3	番仔3~:肥皂
棖	teŋ2	
槍	tsʰiõ1	
楓	hoŋ1	
梟	hiau1	1,~雄
枯	kou1	1,~燥
枯	kʰou1	2,榨取油脂后的糟粕:茶2~,豆~
枰	pʰeŋ2	
枲	si3	
枳	tsi3	
枵	hiau1	1,~腹1从公1
枵	iau1	2,饿:肚~。~饱□saʔ7:饥一餐,饱一顿
架	ke5	
枷	ke1	
枷	ke1	1,~锁
枷	ke2	2,木3~。颔2□kʰo6~□nin3:脖子被叉住
枸	ki3	1,~橼
枸	kau3	2,~杞
枹	pau1	
柁	tʰo2	
柄	pẽ3	
柏	peʔ7	1,松3~
柏	pek7	2,黄2~,~林1,~油1
某	mou3	
柑	kam1	1,潮州~
柒	tsʰit7	
染	nŋ̍3	1,(东)~衫裤
染	ziam3	2,污1~
染	nĩ3	3,~衫裤
柔	ziu2	
柘	tsia5	
柙	ap8	
柚	iu6	
櫃	ki4	1,~柳
櫃	kui6	2,~台3
柝	tʰak7	
柞	tsa5	1
柞	tsak7	2
檸	neŋ2	2,~檬
柢	tei3	
查	tsa1	1,姓
查	tsʰe2	2,检~
柩	kiu4	1
柩	kʰiu4	2
柬	kaŋ3	
柭	pʰuak7	
柯	kua1	1
柯	kʰo1	2,南~一2梦2
柰	nãi4	
柱	tsi4	1,~石2
柱	tʰiau4	2,石2~
柳	liu3	
柴	tsʰa2	柴。棺2~:棺材,原文作“材”
柺	kuai3	
檉	tseŋ1	1
檉	tsʰeŋ1	2
柿	sai4	
梔	ki1	
栅	tsaʔ8	1,铁~门
栅	saŋ1	2,~极3
標	pio1	1,~枪。虎~过正3来1安1圈2:亡羊补牢
標	pʰiau1	2,~准
棧	tsaŋ6	
櫛	tsak7	
櫳	loŋ2	
棟	toŋ5	
櫨	lu2	
櫟	ɡak8	1,~阳1:陕西地名
櫟	lok8	2,~树2
欄	laŋ2	
樹	si4	1,~立
樹	tsʰiu6	2,~箬
栒	sun2	
栓	tsʰuaŋ2	1,枪~
栓	suaŋ1	2,~塞5
栓	sũi1	3,暗~:竹钉、销子
栖	tsʰi1	
栖	si1	1
栗	lek8	
栝	kuak7	
栟	pʰin2	
校	ka5	1,~正3;~平2水1:校订水准,原文作“斠”
校	kau5	3,大2~
校	hau4	4,学~
栩	i3	
株	tsu1	
栱	kioŋ3	
栲	kʰau3	
栳	lau3	
樣	iaŋ4	1,~子2,榜1~
樣	iõ6	2,好1~:好榜样。野~魂浮2:现狼狈相,丢人现脸
核	hut8	1,荔2果2~
核	hek8	2,~实1
根	kin1	
栻	sek7	
格	keʔ7	挈~:挑剔
栽	tsai1	
欒	luaŋ2	
桀	kiak8	
桁	haŋ2	1,~架
桁	heŋ2	2,~架
桁	ẽ2	3,架~:将桁安放在山墙上。中2脊2~:脊檩
桂	kui5	
桃	to2	1,洋2~
桃	tʰo2	2,~仔3:桃子
桃	tʰau2	3
桄	kuaŋ1	1,~榔
桄	kuaŋ5	2,蜀tsit8~线
桅	ui2	
框	kʰuaŋ1	
案	uã5	
桉	aŋ1	
桌	toʔ7	
桎	tiak7	
桐	tʰaŋ2	1,~油1
桐	tʰoŋ2	2,梧~
桑	siaŋ1	1,~垂:桑树
桑	suaŋ1	2,~皮2纸
桓	heŋ2	1
桓	huaŋ2	
桓	hueŋ2	2
桔	kit7	
桕	kʰu4	
椏	a1	1,树2~
椏	ue1	2,杈3~:桠杈。树2~:树枝
橈	zio2	1,~批2:桨
橈	ziau2	2,~骨
楨	tseŋ1	
檔	taŋ5	1,~案
檔	toŋ5	2,~仔3:摊子
橋	kio2	
樺	hua2	
檜	kʰue5	
槳	tsiõ3	
樁	tsuaŋ1	
桫	so1	
桯	tʰeŋ2	
桲	puak8	
桴	pʰu2	
桶	tʰaŋ3	骹~:洗脚桶
桷	kak7	
桸	hia1	匏~:水舀子,原文作“𱣘”
梁	liaŋ2	1
梁	niõ2	2,桥~,~上1君子2
梃	tʰeŋ3	
梅	bue2	1,~花2,杨2~
梅	bue3	2,~陇2:海丰地名
梆	paŋ3	
梎	kʰi1	
梏	kʰok7	
梓	tsu3	
梗	keŋ3	1,~死
梗	kẽ3	2,桔~
梗	kuẽ3	3,菜~
梢	siau1	
夢	maŋ6	1,发2~:做梦
夢	moŋ4	2,~想1
梧	ɡou2	
梨	lai2	
梪	tau6	
梭	so1	
梯	tʰui1	
械	hai4	
梳	so1	1,~理
梳	so5	2,~打3饼干4
梳	siu1	3,~头,~妆
梵	huam2	
檮	tʰau1	
棶	lai2	
槤	liaŋ2	
檢	kiam3	1
檢	kʰiam3	2
棉	miaŋ2	1
棉	mĩ2	2,~花2
棋	ki2	
棍	kun3	1
棍	kun5	2
棒	paŋ4	
棓	pue4	
棕	tsaŋ1	1,~扫2:棕毛制成的扫帚
棕	tsoŋ1	2,~榈
棘	kek7	
棚	pʰaŋ2	1,搭1~
棚	pʰẽ2	2,戏~:戏台
棠	tʰaŋ2	
棣	ti4	
棨	kʰi3	
棪	iam4	
棫	ueʔ8	
森	som1	
棰	tʰui2	2,短木棍
棱	leŋ2	
棵	kʰo1	
棺	kuaŋ1	1,~木3
棺	kuã1	2,~柴:棺材
棻	hun1	
棼	hun1	
椁	kueʔ7	
椅	i3	1,~子2
椅	ĩ3	3,~仔3:椅子
椋	liaŋ2	
植	sit8	
椎	tsui1	
椐	ki1	
椑	pi1	
椒	tsio1	
椓	tok7	
櫝	tok8	
槧	tsam3	1,宋~
欏	lo2	
椥	ti1	
椪	pʰoŋ5	
橢	tʰo2	
椰	ɡia2	
椳	ui1	
椴	tuaŋ4	
椽	iaŋ2	
椿	tsʰun1	
楂	tsa1	1
楂	tse1	2,山2~
楔	siak7	
楗	kiaŋ4	
楚	tsʰo3	
楛	hu4	
楝	nãi6	
楠	nam2	
楣	bai2	
楦	suaŋ1	
楩	pʰiaŋ2	
楫	tsʰip7	
楮	tu3	
楴	ti5	
楷	kʰai3	
楸	tsʰiu1	
楹	eŋ2	1
楹	ẽ2	2,~联
楺	ziu2	
樓	lau2	
概	kʰai5	
欖	lam3	1,橄2~
欖	nã3	3,橄3~
榲	ut7	
榆	zi2	
櫬	tsʰin5	
櫚	li4	
櫸	ki3	
榔	nŋ̍2	1,槟~
榔	laŋ2	2,~头
榕	sioŋ2	1,~树2
榕	ioŋ2	2,福建福州的别称
榖	kok7	
榛	tsin1	1
榛	tsʰin2	2
榜	paŋ3	1,~样2
榜	paŋ6	2,做~:做样品
榧	hui3	
榨	tsa5	1,~菜
榨	tsaʔ8	2,~季:糖厂榨蔗季节
榨	tsak8	4,~取1
榨	tsã5	5,~菜
榫	sun3	
榭	sia6	
榴	liu2	2,石2~,手1~弹1
榷	kʰak7	
榻	tʰak7	
榼	kʰap7	
槁	kau3	
槊	sok7	
槌	tʰui2	
槎	tsʰa1	
槐	huai2	
杠	koŋ5	粗大。大2~:大砲。用棍子打
槔	kau1	
檻	kam5	1,柴~:木工。~车2
檻	kʰam5	2,门~
檳	pin1	
櫧	tsi1	
槭	tsʰek7	
槲	hok8	
槺	kʰaŋ1	
槽	tso2	
槿	kin3	
樀	tek8	
樊	huam2	
樏	lui2	
樗	tsʰo1	
樘	tʰaŋ2	
樟	tsiaŋ1	1,~脑
樟	tsiõ1	2,~柴:樟木
模	bou2	1,~型。印~:相象
模	mõ2	2,~范
樨	si1	1
樨	sai1	2
橫	hueŋ2	1
橫	kuẽ2	3,枭~:蛮横。芋~:芋艿的叶柄
檣	tsʰiaŋ2	
櫻	eŋ1	
樵	tsiau1	
樽	tsun1	
橂	tãi6	结实,原文作“𠕇”
橄	ka1	1,~榄3
橄	kam3	2
橄	kã1	3,~榄3
橐	kau1	
橐	tʰoʔ7	
橘	kit7	
橙	tsʰeŋ2	
橛	kʰit8	1,木桩。放1屎虻~:老成持重
橛	kʰiak7	2,柴头木1~:零星木块
橡	tsʰiõ4	
橥	ti1	
櫥	tiau2	1,鸭~,原文作“寮”
櫥	ti2	
櫓	lu3	
櫞	iaŋ2	
檀	tʰaŋ2	
檀	tuã2	
檄	kek7	
檎	kʰim2	
檐	siam2	1,屋~
檐	iam2	2,~蛇2:壁虎
檑	lui2	1,手1~弹1
檗	pek7	
檟	ke3	
檠	kʰeŋ2	
檨	suãi2	
檁	lim3	
檫	tsʰak7	
檬	mou3	
檮	tʰau2	
檵	ki5	
欂	poʔ8	
欋	kʰi2	
欞	leŋ2	
欠	kʰiam5	
次	tsʰu5	
歡	huaŋ1	1,~迎
歡	huã1	2,~喜
欣	hin1	
歟	i2	
歐	au1	
欬	kʰai5	
欲	iok8	
欶	suʔ7	~蔗:吸甘蔗汁,原文作“吸”
欷	hi1	
欸	ai3	1,~乃
欸	huei3	2,~,汝占1猛2来1!:欸,你快点来!
欸	huei4	3,~,伊怎2呢1走1啊1!:欸,他怎么走了!
欸	huei6	4,~,汝□tsia3话2就1唔对啦2!:欸,你这话可不对呀!。~,我就2时来1!:欸,我即时来!
欺	kʰi1	
款	kʰuaŋ3	
歃	tsʰaʔ7	
歅	in1	
歆	him1	
歇	hiaʔ7	
歈	zi2	
歉	kʰiam3	
歌	kua1	1,~谱
歌	ko1	2,~唱2
歖	hi1	
止	tsi3	
正	tseŋ5	1,~经1,立~
正	tsiã1	2,~月1,~月1~头,~二1月1。出~:过了农历一月份
正	tsiã5	3,改~
正	tsʰiã2	4,修~。海丰话好1讲2□mõ3(不好)~:俗语。蜀tsit8下2~,粪箕行1:画蛇添足
此	tsʰu3	
步	pou6	2,跑~,~枪
武	bu3	
歧	ki1	1,~刻2:歧视
歧	kʰi2	2,~视2
歪	tsʰua3	1,~喙
歪	uai1	2,~曲2
歹	pʰai3	1,歹毒:~侬
歹	bai3	2,不好,差:□tsi3(这)个2侬□kaŋ5~
歹	tai3	3,~毒2
死	si3	
殲	tsʰiam1	
殁	muak8	
殂	tso2	
殃	iaŋ1	
殆	tai4	
殤	siaŋ1	
殉	sun2	
殊	si2	
殘	tsʰaŋ2	
殍	piau3	
殞	un3	
殮	niam3	
殖	sit8	
殫	taŋ1	
殛	kek8	
殯	pin1	1,~仪馆
殯	pin5	2,出~
殨	hue4	
毆	au1	1
毆	au3	2
段	tũi6	2,蜀tsit8~话2,~落
殷	in1	
殽	ŋãu2	
殿	tiaŋ3	1,~后2
殿	tiaŋ6	2,宫~
毁	hu3	1,~零2细2:糟蹋东西
毁	hui3	2,~灭
轂	kok7	
毅	ŋĩ4	
毋	bu2	
母	mu3	1,~亲
母	bo3	2,父2~
母	bou3	□tsa1~:妻子。□tsa1~囝:女儿。□tsa1~囝仔3:女孩子。无2~无2狗:没有家眷
每	muẽ3	
毐	ai3	
毒	tak8	1,放1~
毒	tok8	2,~药
毓	iok8	
比	pi3	
畢	peʔ8	1,~业
畢	pit8	2,~竟
毖	pi5	
毗	pi3	1
毗	pʰi2	2
斃	pi5	1,~命2
斃	pi6	2,枪~
毛	mõ2	1,鸡~
毛	mãu2	2,~泽东2
毡	tsiaŋ1	
毧	zioŋ2	
毪	mou2	
毫	hau2	
毬	kʰiu2	
毯	tʰaŋ3	
毳	tsʰue3	
毿	sam1	
毹	su1	
毽	kiaŋ4	1
毽	iaŋ5	2,踢3~
氄	zioŋ3	
氅	tsʰiaŋ3	
氆	pʰou3	
氌	lu3	
氍	kʰi2	
氏	si4	1,~族
氐	tei1	1,二十八宿之一
氐	tsu1	2,月~
民	min2	
氓	min2	1
氓	maŋ2	2
气	kʰi5	1,~候2
气	kʰo5	2,清~:整洁
气	kʰui5	3,喘~。大2~□pʰit53-11□pʰok53-11喘:气喘吁吁
气	hẽ5	4,无2~:缺乏气力。有1丝无2~:缺乏气力
氕	pʰiak7	
氖	nãi3	
氘	tau1	
氙	siaŋ1	
氚	tsʰuaŋ1	
氛	hun1	
氝	nãi4	
氟	hut8	
氡	toŋ1	
氫	kʰeŋ1	
氫	kʰin1	1
氤	in1	
氦	hai4	
氧	iaŋ3	
氨	aŋ1	
氬	a1	
氪	kʰek7	
氮	tam4	
氯	liok8	
氰	tsʰẽ1	
氳	un1	
水	tsui3	1,井~
水	sui3	2,风~:风水、坟墓
永	eŋ3	1,~远1,~久
永	ẽ3	2,~久1
永	ẽ5	3,~久1
氽	suaŋ5	2,~汤1
氾	huam2	
氿	kui3	1
氿	kiu3	2
汀	teŋ1	1
汀	tʰeŋ1	2
汁	tsap7	
求	kʰiu2	
汃	pʰok7	
汇	hue4	1,~报
汇	lui3	2,~总2
汈	tiau1	
漢	haŋ5	
汊	tsʰa1	
汏	tua2	1,~沙2
汏	tʰua6	2,过水搓洗:~衫裤
汏	tʰuaʔ7	3,~米:淘米
汐	sek7	1
汐	sek8	2
汕	suã1	1,~头:广东市名
汕	suã5	2,潮1~
汗	haŋ2	1,可3~
汗	haŋ3	2,阿1富2~
汗	haŋ4	3,~流2浃背2
汗	kuã6	4,流1~
汛	sin5	
汜	su4	
汝	zi3	
汝	li3	你
汞	koŋ5	
江	kaŋ1	
池	ti2	
污	hu1	1,贪~腐1~竹
污	u1	2,~点2,贪~
湯	tʰŋ̍1	1,鱼~
湯	tʰaŋ1	2,~姆1
湯	siaŋ1	3,浩浩~~
汧	kʰaŋ1	
汨	miak8	
汨	mek8	
汩	kut7	
汪	uaŋ1	
汫	tsẽ3	
汭	zue6	
汰	tʰai5	
汲	kʰip7	
汴	piaŋ4	
汶	bun2	
洶	hioŋ1	
汽	kʰi5	
汾	hun1	1,~河:山西地名
汾	hun6	2,南~:海丰地名
沁	tsʰim5	
沂	kʰi2	
沃	ak7	2,~水1,~菜
沃	ok7	3,肥~
沅	ŋiaŋ2	
沆	haŋ2	1
沆	haŋ3	2
沈	sim3	
沉	tim2	1,~香3,~痛1
沉	tim5	2,~~。~乌:黝黑
沉	tʰim2	3,~喑1狗:一声不吭的狗
沉	tiam2	4,~船1
沉	tʰiam2	5,~落水1底2
沌	tun3	1,混~
沌	tʰun2	
沌	tuaŋ4	2,~河
沏	tsʰiak7	
沐	mok8	
沓	taʔ8	1,杂2~
沓	tʰaʔ8	2
沔	miaŋ3	
沕	bi6	1,人沉于水:潜1水1~,原文作“汆”
沕	biʔ7	躲藏:~□toʔ8床1下2
沘	pi3	
沙	sa1	1,~发2
沙	sua1	2,~目1:沙眼
沚	tsi3	
沛	pʰai5	
溝	kau1	
没	mut8	2,~有2,~收
没	muak8	3,淹2~,~落
灃	hoŋ1	
漚	au1	1,浮1~
漚	au5	2,~粪
瀝	lek8	
淪	lun2	
滄	tsʰaŋ1	
渢	hoŋ1	
潙	ui2	
滬	hu4	
沫	buaʔ8	1,泡3~
沫	mok8	3,郭~若
沫	muẽ4	
沭	sut8	
沮	tso3	
沱	tʰo2	
河	ho2	
沸	pui5	1,水1~出来1
沸	hui5	2,~腾
油	iu2	1,地2豆~:花生油
油	im2	2,~麻2:芝麻
治	ti4	
沼	ziau3	
沽	kou1	
沾	tiam1	
沿	iaŋ2	
泃	kʰi1	
泄	siap8	1,~气1
泄	siak7	2,排~
泅	tsʰiu2	1,~渡
泅	siu2	2,~水1
泉	tsuã2	
泊	pok8	
泌	pi5	
泌	pit7	
泐	lek8	
泓	hoŋ2	1
泓	kʰueŋ2	2
泔	kam1	
法	huap7	
泖	bau3	
泛	huam5	
泜	tsi1	
濘	neŋ2	1
濘	neŋ4	2
泠	leŋ2	
泡	pʰa4	1,电灯~
泡	pau1	2,月亮~:吉林地名
泡	pʰau4	3,~沫1
泡	pʰau5	4,~茶2:因喜事或病愈后请亲朋喝菜茶或炒米茶
波	po1	1,~动3
波	pʰo1	2,拍~:打球
泣	kʰip7	
泥	nĩ2	3,树2~:橡胶。~工1
泥	nĩ4	4,~古
注	tsu5	
淚	lui4	
泫	hiaŋ2	
泮	pʰuaŋ5	
泯	min2	
泰	tʰai5	
泱	iaŋ1	
泳	eŋ4	
泵	poŋ1	1,水1~
泵	poŋ4	2,~水1
瀧	saŋ1	1,~水1:广东地名
瀧	loŋ2	2,七里2~:浙江地名
瀘	lu2	1
瀘	lou2	2
濼	lok8	
瀉	sia5	
潑	pʰuaʔ7	1,~水1
潑	pʰuak7	2,~妇2
澤	tsek8	
涇	keŋ1	
潔	kiak7	
洄	hue2	
洇	in1	
洈	ui2	
洋	iaŋ2	1,~溢
洋	iõ2	2,牛1田(塍)~:广东地名
洌	liak7	
洎	ki5	
洏	zi2	
洑	hok8	
洒	sa3	
洗	sei3	1,~衫
洗	siaŋ3	2,姓
洘	kʰo3	水干:水1~
洙	tsu1	
洚	kaŋ5	
洛	lok8	
洞	taŋ6	1,山2~
洞	toŋ4	2,~察
津	tsin1	
洧	ui3	
洪	aŋ2	1,姓
洪	hoŋ2	2
洫	sut7	
洭	kʰuaŋ1	
洮	tʰau2	
洱	zi3	
洲	tsiu1	
洵	sun2	
洸	kuaŋ1	
洹	iaŋ2	
洹	huaŋ2	
洺	meŋ2	
活	uaʔ8	
洼	ua1	
洽	tsap8	
派	pʰai5	
洿	u1	
流	lau2	1,~来1:潮涨
流	liu2	2,~水1
浹	kiap8	
淺	tsiaŋ1	1,~~
淺	tsʰiaŋ3	2,~显2
漿	tsiõ1	
澆	kiau1	
湞	tseŋ1	
濁	tsok8	
測	tsʰek7	
澮	kʰue5	
濟	tsi5	
瀏	liu2	
滻	saŋ3	
渾	hun4	
滸	hi3	
濃	loŋ2	
潯	tsʰim2	
濜	tsin4	
浙	tsiak7	
浚	tsun5	
浛	ham2	
浜	pin1	
浜	paŋ1	2
浞	tsok7	
浠	hi1	
浣	uaŋ3	
浥	ip7	
浦	pʰou3	
浩	hau1	1
浩	hau4	2
浪	nŋ̍6	1,遮1~:汕尾地名
浪	laŋ3	2,~冲3:汕尾地名
浪	laŋ4	3,~费2
浪	laŋ5	4,~漫
浬	li3	
浮	pʰu2	1,鱼~头:鱼在水面上游动。~动3。~夸
浮	pʰu6	2,浸3~:虚浮
浯	ɡou2	
浴	iok8	
海	hai3	
浸	tsim5	1,~种1
浼	miaŋ3	1
浼	muẽ3	2
浽	sui1	雨瀟1~:小雨
涂	tʰu1	1,~掉3。铅笔~:橡皮
涂	tʰu2	2,糊1~
涂	tsu2	3,~掉3:抹去
涂	tʰou2	4,姓
涅	niap7	
消	siau1	
涉	siap8	1,干1~
涌	tsʰioŋ1	1,东1~:汕尾地名
涌	ioŋ3	2,海~:海浪
涎	iaŋ2	1,垂2~三3尺
涐	ŋõ2	
涑	sok7	
涓	kiaŋ1	
涔	ŋim2	
涕	tʰi5	
涘	su4	
濤	tʰau1	1
濤	tʰiu2	2
澇	lau2	1,防~
淶	lai2	
漣	liaŋ2	
潿	ui2	
渦	ko1	1,~河:河南安徽水名
渦	o1	2,旋1~
溳	un2	1
渙	huaŋ5	
滌	tek8	
潤	nun5	1,上~:受潮湿,原文“上~”作“象~”
潤	zun4	2,利1~
澗	kaŋ3	
漲	tsiaŋ5	1,高2~,头昏2脑~
漲	tiõ5	2,~价。伊个2面2~遘红1红1:他的脸涨得红红
澀	siap7	~肉:瘦肉
涪	pʰu2	
涫	kuaŋ3	
涮	suaŋ5	
涯	ŋãi2	
液	iaʔ8	1,大2~:海丰地名
液	sioʔ8	2,手1~:手汗
液	ek8	3,~体
液	siõ2	4,手1~:手汗
涴	uaŋ3	
涵	ham2	1,~养1
涵	am2	2,~洞1
涸	hak7	
涿	tok7	
淀	tiaŋ4	1,沉1~
淀	teŋ4	2,~粉
淄	tsu1	
淅	sek7	
淆	ŋãu2	
淇	kʰi2	
淋	lim2	1,~巴1
淋	lam2	2,~雨2
淌	tʰaŋ3	
淑	siok7	
淖	tsau4	
淘	tʰau2	
淙	tsoŋ1	
淝	pui2	1
淝	hui2	2
淞	sioŋ2	
淟	tiaŋ3	
淠	pʰi5	
淡	tam4	食~薄2仔3:吃一点点。冷~
淤	i1	
淤	i5	
淦	kam5	
淫	im2	
淬	tsʰui5	
淮	huai2	
淯	iok8	
深	tsʰim1	
淳	sun2	
混	lun1	1,搂2~:混淆,吃白食
混	kʰun4	2,~合3,~凝2土3
混	hun4	3,~蛋,~水1摸3鱼
淹	im1	1,水1~
淹	iam1	2,~没3
添	tʰiam1	3,~丁,~枝加2箬
添	tʰĩ1	4,~饭:盛饭
添	tʰĩ4	5,添足:~□tĩ4
淼	miãu3	
清	tsʰeŋ1	
淵	iaŋ1	
淥	liok8	
漬	tsu5	
瀆	tok8	
瀆	siok8	
漸	tsiam4	
澠	sin2	1,~水1
澠	miaŋ4	2,~池
漁	hi2	
瀋	sim3	
滲	tsʰam1	1
滲	siam5	2,~屎
渚	tsi3	
渝	zi2	
渠	kʰi2	
渡	tou6	
渣	tsa1	1,~滓
渣	tse1	2,翻2~:将药渣煮第二次
渤	puak8	
渥	ok7	
溫	un1	2,~度1
渫	siap8	
渭	ui4	
港	kaŋ3	
渲	suaŋ1	
渴	kʰuaʔ7	1,喉~:口渴
渴	hak7	2
游	iu2	
渺	bio3	1,~小1
渺	miãu3	2
湃	pʰai5	
湄	bai2	
湍	tsuaŋ1	1
湍	tsʰuaŋ3	2
湎	miaŋ3	
湎	miaŋ4	
湑	si1	
湓	pʰun2	
湔	tsiaŋ1	
湖	ou2	
湘	siaŋ1	
湛	tsam4	
湜	sek7	
湟	huaŋ2	
湦	tsʰẽ1	
湧	ioŋ3	
湫	kiau3	1,~隘
湫	tsʰiu1	2,大2龙2~:浙江瀑布名
湮	in1	
湲	iaŋ2	
灣	huaŋ1	1,台3~
灣	uaŋ1	2,港~
溼	sip7	
潰	kʰue4	1,崩2~,~烂3
潰	kʰue5	2,崩2~,~兵
潰	hue4	3,胃~疡
濺	tsiaŋ4	1,~落
濺	tsuã4	2,~出来1
濺	tsuã6	3,~着1水1
漵	si4	
溉	kai5	1
溉	kʰai5	2
溏	tʰaŋ2	
源	ŋiaŋ2	
溘	kʰap7	
溚	tʰaʔ7	
溚	tap7	
溜	liu1	1,~走1。脱5~:溜走
溜	liu5	2,~冰
溟	meŋ2	
溠	tsa5	1
溠	tsʰa1	2
溢	ek8	
溥	pʰou3	
溧	lek8	
溪	kʰei1	
溯	sok7	
溱	tsin1	1
溱	tsʰin2	2
溲	sou1	1
溲	sou3	2
溴	hiu5	
溵	in1	
溶	ioŋ2	1,~解2
溶	iõ2	2,~做水1:溶化成水
溷	hun4	
溺	nek8	
溽	ziok8	
滀	hiok7	
滁	ti2	
滂	pʰaŋ2	
滃	oŋ1	
滆	keʔ7	
滇	tʰiaŋ2	
滈	hau3	
滋	tsu1	
滍	ti4	
滏	hu3	
滑	kut8	
滓	tsai3	
滔	tʰau1	
滕	tʰeŋ2	
潷	pit7	
滘	kau5	
滚	kun3	
滯	tʰi5	1,~销
滯	tʰiʔ8	2,销到1~~:滞销
滟	iam4	
灄	niap7	
滿	muã2	1,~月:(婴儿)出生后满一个月
滿	muã3	2,~意,~座,~洲
瀅	eŋ2	
濾	le5	
濫	lam4	1,~竽充数1
濫	lam5	2,泛~
灤	luaŋ2	
濱	pin1	
灘	tʰaŋ1	1
灘	tʰuã1	2,海~
滴	tiʔ7	1,~水1
滴	tit7	3,~答4
滹	hu1	
漂	pʰo5	1,鱼~
漂	pʰio5	2,~白1粉
漂	pʰiau1	3,~流2,~亮
漂	pʰiu5	4,事情中止,失去:□tsi3(这)件2事1~丢1了2
漆	tsʰak7	
漈	ki5	
漉	lok8	
漊	lau2	
漍	kok7	
漏	lau6	2,雨2~:漏雨的地方
漏	lau5	漏。~屎:拉肚子,原文作“涝”
漓	li2	
演	iaŋ3	
漕	tso2	1
漕	tsʰau2	2
漠	mok8	1
漠	mõʔ8	2
漤	lam3	
漦	tsʰi2	
漩	suaŋ2	
漪	i1	
漫	maŋ4	
漭	maŋ3	
漯	lo3	1,~河:河南市名
漯	tʰap7	2,~河:山东水名
漱	su5	
漱	sou5	
漳	tsiaŋ1	
漶	huaŋ4	
漷	kʰuak7	
漾	iaŋ4	1,荡2~
漾	iõ3	2,水1~出来1
瀠	eŋ2	
瀟	siau1	
瀲	niam3	
濰	zui2	
潓	hui4	
潕	bu3	
潖	pʰa2	
潘	pʰun1	1,泔水:~水1
潘	pʰuã1	2,姓
潛	tsam5	
潛	tsʰiam2	2,~水1艇,~伏2
潞	lu4	1
潞	lou6	2
潟	sek7	
潡	tun1	
潢	huaŋ2	
潦	lau3	1,雨水大
潦	liau2	2,~草2
潭	tʰam2	
潮	tio2	1,海~,~流2
潮	tsʰiau2	2,~流2,心~
潮	tiõ2	3,~阳3:广东市名
瀦	ti1	
潺	tsʰaŋ1	
潼	tʰoŋ2	
潽	pʰou3	
澄	tʰin2	1,澄清
澄	teŋ2	2,~清
澄	teŋ5	3,坐2~:澄清、沉淀杂质,液体变清
澄	tʰeŋ2	4,~海:广东地名
澈	tʰiak7	
澉	kam3	
澌	su1	
澍	si4	
澎	pʰaŋ2	
瀾	laŋ2	
瀾	nuã4	2,唾液。呸1~:吐口水,原文作“涎”
澡	tsʰau5	
澦	i4	
澧	li3	
澫	maŋ6	
澳	o5	
澴	huaŋ2	
澶	siam2	
澹	tam4	
澽	ki5	
激	kek7	
濂	liam2	
濆	pʰun2	
濉	sui1	
瀨	lai4	
瀕	pʰin2	
濔	nĩ3	2
濛	moŋ2	
濞	pi3	
濞	pʰi5	
濠	hau2	
濡	zi2	
濮	pʰok7	
濯	tsok8	
瀍	tʰiam2	1
瀍	tʰiaŋ2	2
瀑	pau4	1,~河:河北水名
瀑	pok8	2,~布1
瀑	pʰok7	3,~布1
瀚	haŋ2	
瀛	eŋ2	
瀣	hai4	
瀫	kok7	
瀵	pun5	
瀹	iak8	
瀼	ziaŋ2	1
瀼	ziaŋ3	2
灊	tsʰiam2	
灌	kuaŋ5	
灝	hau3	
灖	mĩ3	1
灞	pa5	
火	hue3	
滅	miak8	
燈	teŋ1	
灰	hu1	1,火~:草木灰
灰	hue1	2,~心
灰	hui1	3,~心
竈	tsau5	
灸	kiu5	
灼	tsiak7	
災	tsai1	
燦	tsʰaŋ5	
煬	iaŋ2	
炅	kui5	
炆	mun1	
爐	lou2	
炊	tsʰue1	~饭1:蒸饭
炎	iam4	
炒	tsʰa3	~凊饭1:炒冷饭
炔	kui5	1,姓
炔	kʰiak7	2
炕	kʰaŋ5	
燉	tun1	
炙	tsia5	
煒	ui3	
熗	tsʰaŋ5	
炫	hiaŋ2	
炬	ki4	
炭	tʰuã5	
炮	pʰau5	
炯	kʰeŋ3	
炰	pu2	煲
炳	peŋ3	
炷	tsi4	
炸	tsã5	
點	tʰim3	1,~头。诈3~刘备:喻狡猾奸诈的人
點	tiam3	2,~心
點	tom5	3,~水1
炻	tsioʔ8	
煉	liaŋ4	1,~铁
煉	liaŋ6	2,熔1~
熾	tsi5	
熾	tsit7	
烀	hu1	
爍	iak7	闪~
爛	laŋ5	3,灿~
烴	kʰin1	
烊	iaŋ4	
烌	hu1	火~:草木灰
烔	tʰoŋ2	
烘	haŋ1	1,~火
烘	hoŋ1	2,~托1
烙	luaʔ7	1,着3~:烧焦
烙	lok8	
燭	tsiok7	
烜	suaŋ1	
烟	iaŋ1	2,~雾。微1~:雾
烟	iã1	3,油1~
烤	kʰau3	2,~鸭
煩	huaŋ2	
燒	sio1	1,坐~:暖和。~火
燒	siau1	2,燃1~
燁	iak8	1
燁	ek8	2
燴	kʰue5	
燙	tʰŋ̍5	1,~伤2
燼	tsin4	
熱	zuaʔ8	1,天3时~:天气热
熱	ziak8	2,~心
烯	hi1	
烷	iaŋ2	
烹	pʰeŋ1	1,~调3,~茶2
烺	laŋ3	
烽	hoŋ1	
焉	iaŋ1	
焊	huã6	
焐	u5	
焓	ham2	
煥	huaŋ5	
焗	kiok8	
燾	tau3	1
燾	tʰau1	2
焙	pue4	
焚	hun2	1,~烧1
焦	tsiau1	
焮	hin1	
焯	toʔ7	1,明显,明白
焯	tsʰiak7	2,~白1菜
焰	iam4	
焱	iam4	
然	ziaŋ2	
煅	tuaŋ5	
煊	suaŋ1	
煌	huaŋ2	
煎	tsiaŋ1	
煏	pek7	~火
煜	iok8	
煞	suaʔ7	~尾:末尾、最后
煠	saʔ8	放在水里煮。~砵:不开窍
煤	bue2	
煦	hu4	
照	tsio5	2,~相4
照	tsiau5	3,~顾
照	tsioʔ7	3,西2~日:夕阳。~者日:照一下太阳
煨	ui5	
煮	tsi3	
煳	hu2	
熅	un1	
煽	siaŋ5	
熄	sek7	
熊	him2	
熏	hun1	
熔	ioŋ2	1,~炼2
熔	iõ2	2,铁~□liau6:铁熔掉
熘	liu5	
熙	hi1	
熟	siok7	
熟	siok8	成1~、煮~
熠	sip8	
熥	tʰoŋ1	
熨	ut7	
熬	hau2	1,~冥2:熬夜
熬	ŋãu2	2,~粥
熳	maŋ4	
熵	siaŋ1	
熹	hi1	
熻	hip7	~热1:闷热
燂	tã4	火稍微烧一下
燃	ziaŋ2	1,~烧2
燃	hiã2	2,烹,~茶2,原文作“烹”。~火:烧火
燉	tun1	
燎	liau2	
燐	lin2	
燔	pʰuaŋ1	
燕	iaŋ1	2,姓
燕	iaŋ5	3,~子2,~窝
燕	ĩ5	4,~仔3:燕子
燠	hiok7	
燥	tsʰau5	
燧	sui4	
燮	siap8	
燹	siaŋ3	
燿	iau4	
爆	pau4	
爨	tsʰuaŋ5	
爪	ziau3	
爬	pʰa2	1,~行2
爬	pe2	2,~山2。~□hai2:抓痒,原文作“扒”
爰	iaŋ2	
愛	ai5	1,恋~,~护,~国,~人
愛	ãi5	2,~护,~哭1,~国,~人
愛	ãi5	3,~□mãi5:要不要
爵	tsiak7	
父	hu4	1,~亲
爺	ia2	
爸	pa1	1
爸	pe4	3,父2~母bo2,~亲,师2~
爹	tia1	1,父亲
爻	ŋãu2	
爽	sŋ̍3	2,~笑1:耍笑,原文作“耍”
爽	suaŋ3	
爿	pãi2	□naŋ3~:咱们这一边
牁	kʰo1	
牂	tsaŋ1	
片	pʰiaŋ5	
版	paŋ3	
牌	pai2	
牘	tok8	
牒	tiap8	
牙	ɡia2	1,葡萄~
牙	ɡe2	2,中2门~。~箸:牙筷
牚	tsiaŋ3	
牚	tsʰin5	
牛	ɡu2	1,~皮2,~鬼蛇2神
牛	niu2	2,吹2~
牝	pin3	
牟	mou4	2,~平1:山东地名
牟	mou2	~取1
牡	mu3	1
牡	bou3	2
牡	mou3	3
牢	lau2	
牣	zim3	
牦	mãu2	
牧	mok8	
物	mut8	
牮	kiaŋ4	
牯	kou3	牛1~:公牛。蛤~:青蛙,原文作“蛄”
牲	seŋ1	1,~畜
牲	sẽ1	2,五2~:用以祭祀的五种牲畜
牴	tei3	
牽	kʰaŋ1	
牸	zi6	
特	tek7	1,~色
特	tek8	2,~色,~务
犧	hi1	
牾	ɡou4	
牿	kʰok7	
犀	si1	1
犀	sai1	2
犁	lei2	
犄	kʰi2	
犇	pun1	
犢	tok8	
犋	ki4	
犍	kiaŋ4	
犏	pʰiaŋ1	
犒	kau3	
犛	li2	
犟	kiaŋ3	
犬	kʰiaŋ3	
犯	huam4	
犰	tsʰiu2	
犴	ŋaŋ2	1
犴	ŋaŋ4	2
狀	tsuaŋ4	1,告~,~元2
狀	tsoŋ4	2,~元3
狀	tsoŋ6	3,郎仔3侬~:童稚状
獷	kʰuaŋ5	
獁	mã3	
猶	iu2	
狁	zun3	
狂	kʰuaŋ2	
狃	niu3	
狄	tek8	
狽	pue5	
狉	pʰi1	
狍	pau1	
狎	kaʔ7	
狎	ap7	
狐	hu2	1,~狸1,~臭
狐	hou2	2,~狸2
狒	hui5	
狗	kau3	
狙	tso3	
獮	siaŋ3	
獰	neŋ2	
狠	hin3	
狡	kau3	
狩	siu3	
獨	tok8	
狹	eʔ8	1,窄。厝2~:屋子窄
狹	hiap8	2
獅	sai1	
獪	kʰue5	
猙	tseŋ1	
獄	ɡak8	
猻	sun1	
狳	i2	
狴	pi3	
狴	pit7	
狷	kiaŋ5	
狸	li2	1,~猫2
狸	lai2	2,狐2~
狺	ŋin2	
狻	suaŋ1	1
狻	sũi1	2
狼	laŋ2	
猁	li4	
獫	hiam3	
猄	kiõ1	
猇	hau1	
猊	ŋĩ2	
獵	laʔ8	
獼	mĩ2	
猖	tsʰiaŋ1	
猗	i1	
猛	meŋ4	1,~烈,~然
猛	mẽ3	2,快:~醒快
猜	tsʰãi1	
猝	tsut7	
猞	sia5	
玀	lo2	
玀	kui5	
猢	hu2	
猥	ui3	
猩	seŋ1	
豬	ti1	
猫	mãu1	1,小2~咪2
猫	ŋiãu1	2,~咪1:猫。山2~
猫	mãu1	大2喙~:大口地吃
蝟	ui4	
獻	hiaŋ5	
猰	ak7	
猱	ziu2	1
猱	nãu2	2
猴	kau2	
猷	iu2	
猸	bai2	
猹	tsa1	
猹	tsʰe2	
猺	iau2	
猾	kut8	
猿	iaŋ2	
獆	hau2	
獍	keŋ5	
獐	tsiaŋ1	
獒	ŋãu2	
獕	tsʰui1	
獗	kʰiak7	
獠	liau2	
獬	hei4	
獺	tʰuaʔ7	
獯	hun1	
獾	huaŋ1	
獾	kuaŋ5	
玄	hiaŋ2	
率	lut8	1,效~
率	sut7	2,~领
玉	ɡiok8	
王	uaŋ2	1,国~
王	hioŋ2	2,姓
玎	teŋ1	
璣	ki1	
玕	kaŋ1	
玖	kau3	1,九的大写
玖	kiu3	2,象玉的浅黑色石头
瑒	iaŋ2	
瑒	tʰiaŋ5	
瑪	mã3	
玠	kai5	
玡	ɡe2	
玢	hun1	
玥	ɡueʔ8	
玦	kiak7	
玩	ŋuaŋ3	
玫	bue2	1,~瑰花2
玫	bun2	2
瑋	ui3	
環	huaŋ2	
現	hiaŋ4	1,~在5
現	hiaŋ6	2,兑~
現	iaŋ6	3,痕迹
瑲	tsʰaŋ1	
玲	leŋ2	
玳	tai4	
玷	tiam1	
璽	zi3	
玻	po1	
珀	pʰek7	
珂	kʰo1	
珈	ke1	
珊	saŋ1	
珍	tin1	
珏	kak7	
琺	huap7	
瓏	loŋ2	
珓	ka5	
珓	kau5	
珙	kioŋ3	
珝	si4	
珞	lok8	
珠	tsu1	1,~仔3:珠子
珠	tsiu1	2,目1~:眼睛
珥	zi3	
珩	haŋ2	1,~磨1
珩	haŋ2	
珩	heŋ2	
珩	heŋ2	2
班	paŋ1	
珮	pue4	
璫	taŋ1	
琿	hui1	
琿	hui1	1,瑷~:黑龙江地名
琿	hun1	2,~春:吉林县名
球	kiu2	
琅	laŋ2	
琅	laŋ3	
理	li3	
琉	liu2	
璉	liaŋ3	
瑣	so3	
琖	tsuã3	
琚	ki1	
琛	tʰim1	
琢	tok7	
琤	tseŋ1	
琥	hau1	
琥	hou3	
琨	kʰun1	
琪	kʰi2	
琮	tsoŋ1	
琯	kuaŋ3	
琰	iam4	
琳	lim2	
琴	kʰim2	
琵	pʰi2	
琶	pʰa2	
瓊	kʰioŋ2	1,秦~
瓊	kʰeŋ2	2,~楼玉宇。~山2县:海南县名
瑁	mãu4	
瑄	suaŋ1	
瑑	tuaŋ4	
瑕	he2	
瑙	nãu3	
瑚	hu2	
瑜	zi2	
瑞	sui4	
瑟	sek7	
瑰	kui5	
瑶	iau2	
璦	ai5	
瑾	kin3	
璀	tsʰui1	
璁	tsʰoŋ1	
璃	li2	
璇	suaŋ2	
璈	ŋãu2	
璋	tsiaŋ1	
瓔	eŋ1	
璐	lu4	
璘	lin2	
璜	huaŋ2	
璞	pʰok7	
璧	piaʔ7	1,~还4
璧	pʰek7	2,玉器
璨	tsʰaŋ5	
璩	kʰi2	
璪	tsʰau5	
璺	bun2	1
璺	bun4	2
瓌	kui1	
瓚	tsaŋ5	
瓘	kuaŋ5	
瓛	huaŋ2	
瓜	kua1	1,~分3
瓜	kue1	2,金~:南瓜
瓞	tiak7	
瓢	pʰiau1	
瓣	paŋ4	3,花2~
瓤	nŋ̍2	
瓦	hia4	1,~片。番1~:猫,俗称
瓦	ua3	2,~特2
瓮	aŋ5	
甌	au1	
瓴	leŋ2	
瓶	paŋ2	茶2~:茶壶
瓷	tsʰu2	1,~器
瓷	hui2	2,陶~总称
瓻	tsʰi1	1
瓻	hi1	2
瓿	pou4	
甀	tsʰui5	
甄	tsin1	1
甄	in1	2
甍	meŋ2	
甑	tseŋ1	
甓	pʰek7	
甗	ŋaŋ4	
甘	kam1	~心。~塞5:勉强
甙	tai4	
甚	sim3	
甜	tiam2	
生	seŋ1	1,学~
生	tsʰẽ1	2,与"熟"相对:饭1~。~份:生疏
生	sẽ1	3,出~。□hõ6~:那样,原文作“些”
甥	sẽ1	
用	ioŋ4	1,~具,~户,~心
用	ioŋ6	2,无2当2~:无能力
甩	sue3	1,~牌:摊牌
甩	suai3	2,~手1,~车2
甩	sut7	3,~手1
甫	pu3	1,姓
甫	pʰu3	2,~志高2
甫	hu3	3,杜~
甬	ioŋ3	
田	tsʰaŋ2	~墘2:汕尾地名,训读“塍”
田	tʰiaŋ2	~字格
由	iu2	
甲	kaʔ7	
申	sin1	
電	tiaŋ4	
男	nam2	
甸	tiaŋ4	缅~。谁:□tsia3(这)是~
町	teŋ1	1,畹~:云南地名
町	tʰeŋ3	2,田界
畫	hua4	1
畫	ue6	2,~~:画图画
畫	ueʔ8	3,笔~
甾	tsu1	
暢	tʰaŋ5	1,睇2~:看穿。~空1:穿了个洞。相1朗3~:相通
暢	tʰiaŋ5	2,~销,~谈
畋	tʰiaŋ2	
界	kai5	
畎	kʰiaŋ3	
畏	ui5	
畑	tʰiaŋ2	
畔	pʰuaŋ4	1
畔	pʰuaŋ5	2
畔	pʰuã4	3
留	lau2	1,~校4
留	liu2	2,~级。逗~
畚	pun5	
畛	tsin3	
畜	hiok7	
畤	tsi3	
略	liak8	
畦	hi2	
畦	i2	
番	huaŋ1	1,~薯
番	pʰuã1	2,~禺:广东地名
畬	sia2	2,~田2
畯	tsun5	
畲	sia2	
疇	tʰiu2	
畸	kʰi2	
畹	uaŋ3	
畿	ki1	
疃	tuaŋ4	1
疃	tʰoŋ2	2,石2~
疆	kiaŋ1	
疍	taŋ5	
疏	so1	
疏	so1	1,疏导(河渠),滤(酒),斟(酒),原文作“酾”
疑	ɡi2	
疔	teŋ1	
疕	pʰi3	伤痂
癤	tsiak7	
療	liau2	
疙	ŋiak7	
疚	kiu4	
疝	saŋ5	
瘧	ŋiak8	
癘	li4	
瘍	iaŋ2	
疢	tsin3	
疣	iu2	
疤	pa1	
疥	kai5	1,~疮
疥	kei5	2,疥疮。生3癞嗙生3~:夸大其词
疫	ek8	
癧	lek8	
瘡	tsʰŋ̍1	
瘋	hoŋ1	
疰	tsu5	
疱	pau1	
疲	pʰi2	
疳	kam1	~虫1:蛔虫
疴	kʰo1	
疴	o1	
疵	tsu1	
疸	tʰaŋ3	
疹	tsin3	
疼	tʰeŋ2	1,~痛1
疽	tso2	
疾	tsip8	1,积劳成1~,~病
疾	tsit8	2,~病
痀	ku1	腰~:驼背
痁	tiam5	
痂	kia1	
痄	tsa5	
病	peŋ4	1
病	pẽ6	2,生3~,~侬,语~
症	tseŋ1	1,~结6
症	tseŋ5	2,病~
癰	ioŋ1	
痙	keŋ1	
痙	keŋ4	
痊	tsʰuaŋ2	
痍	i2	
痎	kai1	
痒	iaŋ3	
痔	tʰi4	
痕	hun2	
痘	tau6	
痛	tʰoŋ5	1,~苦
痞	pʰi3	
痢	li4	
痣	ki5	
痤	tsʰo2	
痦	ɡou2	
痧	sua1	
癆	lau2	
瘓	huaŋ5	
癇	hiaŋ2	
痯	kuaŋ3	
痰	tʰam2	
癡	tsʰi1	
痹	pi5	
痼	ku5	
痿	ui3	
瘁	tsui4	1,鞠躬尽~
瘁	tsʰui5	2,心力2交~
瘃	tiok8	
癉	taŋ1	1
癉	taŋ3	2
瘮	siam5	
瘈	tsi5	
瘊	hou2	
瘌	laʔ7	
瘐	zi3	
瘕	ke3	
瘕	he1	痰喘~痀抽1:气喘
瘞	i5	
瘙	sau5	
瘛	tsi5	
瘝	kuaŋ1	
瘟	un1	
瘠	tsit7	
瘢	paŋ1	
瘤	lau2	1,被蚊虫咬过后皮肤所起的小疙瘩:蚊4~
瘤	liu2	2,肿~
瘦	sou3	1,~小2
瘦	sou5	2,~㾪:瘦
瘩	tap7	
癟	piak8	1,~三1
癱	tʰaŋ1	1
癱	tʰuã1	2
瘭	pʰiau1	
瘰	lo3	
瘳	tʰiu1	
瘴	tsiaŋ5	
瘸	kʰue2	
瘼	mok8	
癮	in3	1
癮	ŋiaŋ5	2,~钱,~电影
癭	eŋ1	1
癭	eŋ3	2
癃	loŋ2	
癌	ŋam2	
癍	paŋ1	1
癍	pãi1	2
癔	i5	
癖	pʰiaʔ7	
癜	tiaŋ6	
癩	tʰai3	1,~□ko1寮:麻风院
癩	lai5	2,涩皮2~:一种皮肤病
癬	siaŋ3	
癲	tiaŋ1	
癯	kʰi2	
癸	kui5	
登	teŋ1	
發	huap7	1,~条1。~话2:谈话
白	peʔ8	1,~金,~糖。~特2:雪白
白	pek8	2
百	peʔ7	1,五3~侬,~货
百	pek7	2
皂	tsau4	
的	ti1	1,助词
的	tek7	2,目2~。~士1:出租小汽车
的	tʰek7	3,~士1:出租小汽车
皆	kai1	
皇	huaŋ2	
皈	kui1	
皋	kau1	
皎	kau3	
皚	ŋãi2	
皓	hau3	
皓	hau4	
皖	uaŋ3	
皙	sek7	
皝	huaŋ3	
皤	po1	
皦	kiau3	
皦	kiau3	骹~:绑腿
皮	pʰi2	1,调4~
皮	pʰue2	2,~鞋。狗~仔3:婴孩衣服
皮	pʰue5	3,柴~:刨花
皺	ziau4	1,~纹
皺	kiu5	2,老2猴~:狡猾、奸诈
皺	niãu5	3,~纹
皸	kun1	
皴	tsun1	
皿	meŋ4	
盂	hu2	
盅	tsioŋ1	
盆	pʰun2	
盈	eŋ2	
盉	ho2	
益	iaʔ7	
盍	kʰap7	
盎	aŋ5	
盞	tsuã3	
鹽	iam2	
監	kam1	1,~狱。禁~:坐牢
監	kam5	2,~视2
盒	ap8	
盔	kʰue1	
盖	kaʔ7	1,~被2
盖	kua5	2,~菜
盖	kai5	3,~世
盖	kʰam5	4,~菜:把菜罩住
盖	kʰap7	5,~印:盖图章。碗倒~:碗倒扣
盖	kʰãi5	6,尿□lam3~:尿桶盖
盜	tau4	
盤	pʰuaŋ2	1,~问2,~古
盤	puã2	2,~碗,~点2
盛	seŋ4	
盟	meŋ2	
盥	kuaŋ5	
盦	am1	
盩	tsiu1	
目	mak8	1,~珠2:眼睛
目	mok8	2,~的2
盯	teŋ1	
盱	hi1	
盲	maŋ2	1,~人,~肠1
盲	mẽ2	2,青~:瞎
直	tit8	讲2~:讲完了
相	sio1	1,~知2:相互了解
相	siaŋ1	2,~好1:相爱
相	siaŋ5	3,三3~电表1
相	siõ5	4,~片
盹	tun1	1
盹	tun3	2
盼	pʰaŋ5	
盾	tun3	
省	seŋ3	1,节3~
省	sẽ3	2,~会2
眄	miaŋ3	
眇	miãu3	
眈	tam1	
眉	bai2	~毛1
看	kʰaŋ5	1,~守2所
看	kʰuã5	2,~守1所。~命2:算命
瞘	au1	1
瞘	kʰou1	2
眙	i2	
眚	seŋ3	
真	tsin1	
眠	min2	1,睡2~
眠	min3	2,~起:早上
眢	iaŋ1	
眦	tsi5	
眨	tsap7	1,~眼1
眩	hiaŋ2	2,~晕2
眩	hin2	头~,~船1。乌暗~:头晕
眭	sui1	
眯	mĩ1	1,目1~~:眯缝
眯	mĩ3	2,沙2子2~了2眼1
眵	tsʰi3	
眶	kʰuaŋ1	
眷	kiaŋ5	
眸	mou2	
眺	tiau5	
眼	ŋaŋ3	1,~睛
眼	ãi3	2,肉~:龙眼
着	toʔ8	1,寒1~:受凉
着	tioʔ7	2,~索1:拔河。~棋
着	tioʔ8	3,~火,灯点2~。~厝2:在家,原文作“在”
着	tsiau1	4,高2~
着	tsiak7	5,~重3号1
着	tsiak8	6,~急2,~手1
睜	tseŋ1	
睃	so1	
睇	tʰi5	1
睇	tʰei3	2,看:~电影
睏	kʰun5	睡
睞	lai4	1
睞	lai5	2
瞼	kʰiam3	
睖	leŋ5	
睚	ŋãi2	
睛	tseŋ1	
睡	sui1	1,~裤
睡	sui4	2,~觉1
睢	sui1	
督	tok7	
睦	mok8	
睨	ŋĩ2	
睫	tsiap8	
睬	tsʰai3	
睹	tu3	
睽	kʰui2	
睾	kau1	
睿	zue6	
瞀	mou4	
瞄	bio2	
瞅	tsʰiu5	~睬:理睬
瞋	tsin1	
瞋	tʰiaŋ2	
瞌	kʰap7	2,~睡2
瞍	sou3	
瞎	hak7	
瞑	meŋ2	
瞞	muã2	
瞟	pʰiau1	
瞠	tʰaŋ2	
瞢	moŋ2	1,~~□bu6:不清楚,模糊
瞢	meŋ2	2
瞥	pʰiak7	
瞧	tsʰiau2	1,~见2
瞩	tsok7	
瞪	teŋ5	1
瞪	tẽ5	2,目1~大2大2:眼睛睁大
瞬	sun5	
瞰	kʰam3	
瞳	tʰoŋ2	
瞵	lin2	
瞻	tsiam1	
瞽	kou3	
瞿	kʰi2	
矇	moŋ2	
矍	kiak7	
矗	tsʰiok7	
矛	mãu2	
矜	ŋim2	
矞	lut8	
矢	si3	
矣	i3	
知	ti1	1,~县
知	tsai1	2,唔~:不知道
矧	sim3	
矩	ki3	1,循规蹈~
矩	ki4	2,~形
矯	kiau1	1
矯	kiau3	2
短	te3	1,~路2,~命2
短	tuaŋ3	2,~命1,~语
矮	ei3	
矱	ueʔ8	
石	tsiaʔ8	1,~□bou4:石头
石	tsioʔ8	2,~头
磯	ki1	
矸	kaŋ1	
矻	kʰut7	
矼	kaŋ1	
矽	sek8	
礬	huam2	
礦	kʰuaŋ5	
碭	taŋ4	
碼	ba4	1,腩~:号码,英语number的音译
碼	be3	2
碼	mã6	3,~坎:新款西装
砂	sua1	
砌	kiʔ7	1,~墙
砌	tsʰiak7	2
砍	kʰam3	
砑	ŋã4	
砒	pʰi1	
研	ŋiaŋ1	2,钻2~。~疕:结痂
研	ŋiaŋ4	3,钻2~
研	ŋãi3	4,~散3
磚	tsũi1	
硨	tsʰia1	
砘	tun4	
硯	iaŋ5	
碸	hoŋ1	
砝	huap7	
砟	tsa5	
砢	kʰo1	
砣	to2	
砣	tʰo2	
砥	tei3	
砦	tse6	
砧	tiam1	
砩	hut8	
砫	tsi4	
砬	lip8	
砭	piaŋ3	
砰	pʰeŋ2	
破	pʰua5	
砷	sin1	
砸	tsap7	1
砸	tsap8	2
砸	tsak7	3
砹	ŋãi4	
礪	li4	
礱	laŋ2	
砼	tʰoŋ2	
礫	lok8	
礎	tsʰo3	
硅	kui1	
硇	nãu2	
硊	ut7	
硌	tʰak7	
硌	kʰak7	
硎	heŋ2	
硐	toŋ4	
硒	si1	
碩	sek7	1
碩	sek8	2
硤	hiap8	
磽	kau1	
磽	kʰiau1	
硜	kiaŋ1	1
硜	kiaŋ2	2
硝	siau1	
硪	ŋõ2	1
硪	ŋõ3	2
硫	liu2	
硬	ŋẽ5	
硭	maŋ2	
確	kʰak7	
硼	pʰaŋ2	1
硼	pʰeŋ2	2
碇	teŋ5	
碉	tiau1	
碌	lok8	1
碌	liok8	2
礙	ɡai6	1
礙	ɡei6	2,~手1~骹
碎	tsʰui5	1,粉~
碏	tsʰiak7	
碑	pi1	
碓	tui5	
碗	uã3	
碘	tiaŋ3	
碚	pue4	
磧	tsʰiaʔ7	1
磧	tsek7	2
磣	tsʰam1	
碟	tiʔ8	1,烟1~
碟	tiap8	2,飞1~
碡	tok8	
碣	kit7	
碥	piaŋ3	
碧	pʰek7	
碰	pʰoŋ5	
鹼	kʰiam3	
碲	ti5	
碳	tʰuã5	
碴	tsa1	1,胡1子2拉1~
碴	tsʰe2	2,冰~
碶	kʰei5	
碹	suaŋ1	
碾	lin5	1,滚动:石1□bou4□to3~:石头在滚动
碾	tiaŋ3	2,~米
磁	tsʰu2	
磅	paŋ3	1,~礴
磅	poŋ4	2,~秤
磉	suaŋ3	
磊	lui3	
磋	tsʰa1	1
磋	tsʰo1	2
磏	kʰiam1	
磐	pʰuaŋ2	
磔	tiaʔ7	
磕	kʰap8	1,~头。拧~:碰撞
磕	kʰã5	2,~破
磙	kun3	
磡	kʰam5	
磨	bua2	1,~粉
磨	bo6	2,~仔3:把粮食弄碎的工具
磬	kʰeŋ5	
磲	kʰi2	
磴	teŋ5	
磷	lin2	
磹	tʰam2	
磺	huaŋ2	1
磺	ũi2	2
磻	pʰuaŋ1	
磾	tʰi2	
礁	tsiau1	
礅	tun1	~鸡
礅	tun3	石2~
礓	kiaŋ1	
礞	moŋ2	
礤	tsʰak7	
礤	tʰuaʔ7	菜头~:礤床儿
礧	lui2	
礴	poʔ8	
礵	suaŋ1	
示	si4	1,教1~:教导
示	si6	2,~范
禮	li3	
社	sia4	
祀	su4	
祀	sai6	安置、安放:~个2香3炉,原文作“倳”
祆	siaŋ1	
祈	kʰi2	
祉	tsi3	
祊	paŋ1	
祏	tsioʔ8	
祐	iu4	
祓	hut7	
祔	hu5	
祖	tsou3	
祗	tsi1	
祗	kʰi2	
祚	tso5	
祛	kʰi1	
祜	hu4	
祝	tiok7	1,多~:广东省地名
祝	tsiok7	2,~贺1,~寿2
神	sin2	
祟	sui3	
祠	su1	1,~堂1
祠	su2	2,黄2祖~:海丰地名
祢	nĩ3	
祥	siaŋ2	
祧	tʰiau1	
票	pʰio5	
祫	kʰap7	
祫	hiap8	
祭	tsi5	1,~文
祭	tsai5	2,姓
禎	tseŋ1	
祲	tsim5	
禱	tau3	
禍	hua4	
祼	kuaŋ5	
稟	pin3	
禁	kim5	
祿	lok8	1
祿	liok8	2
禪	siam2	1,~师1
禪	siam3	2,~位
禇	tu3	
禊	hi4	
禋	in1	
福	hak8	1,~佬:潮汕人自称(释义似有误,应为他称)
福	hok7	2,幸2~
禖	bue2	
禚	tsiak7	
禤	suaŋ1	
禧	hi1	1,慈~,恭贺1新2~
禧	hi3	2,恭贺1新2~
禫	tam3	
禳	ziaŋ2	
禹	i3	
禺	ɡi2	
离	li6	2,离得开:~身2。了2~:干脆、果断
离	li2	~婚,~谱
禽	kʰim2	
禾	ho2	1
禾	o2	2
秀	siu5	
私	su1	
秃	tʰut7	1,~笔
秃	tʰok7	3,~头:秃顶。~笔,光1~~
稈	kaŋ5	1
稈	kuã1	2
稈	haŋ3	
秉	peŋ3	
秋	tsʰiu1	
種	tʰioŋ2	1,姓
種	tsioŋ3	2,做~:留作种子
種	tsioŋ5	3,~树
科	kʰo1	1,~学2,~室
秒	miãu3	
秕	pi3	
秘	pi5	
租	tsou1	
秣	buaʔ7	
秤	tsʰin5	
秦	tsʰin2	
秧	ŋ̍1	1,插1~
秧	iaŋ1	2
秧	iõ1	3,白1目1~:一种小鱼
秩	tiak8	
秫	sut8	
秭	tsi3	
積	tsek7	
稱	tsʰeŋ1	1,~呼1
稱	tsʰeŋ5	2,~职
秸	kai1	
移	i2	1,~动3
穢	ue5	
稀	hi1	
稂	laŋ2	
稃	pʰu2	
稆	li4	
程	tʰeŋ2	1,~度1,路2~
程	tʰiã2	2,~度1
稍	tsʰiau3	1,~微2
稍	siau3	~息2
税	sue5	
稔	niam1	
稔	zim4	
稖	paŋ4	
稗	pʰei6	
稚	ti4	1,头脑幼~
稞	kʰo1	
稠	tiu2	
穌	sou1	
穩	un3	
稷	tsek7	
稻	tau4	1,~谷2
稼	kia5	1
稼	ke5	2
稽	kʰi1	1,~查2
稽	kʰi3	2,~首
稿	ko3	~纸。麦~:麦杆
穀	kak7	1,五3~母bo2生3:海丰民间节日之一
穀	kok7	2,稻1~
穄	ki5	
穆	sam1	
穆	bak8	1
穆	mok8	2
穊	ki5	
穡	sek7	
穗	sui6	
穠	loŋ2	
穰	ziaŋ2	
穴	hiaʔ8	
究	kiu5	
窮	kʰioŋ2	2,~人,~困
穸	sek8	
穹	kioŋ1	
穹	kʰioŋ2	
空	kʰaŋ1	1,山2~:山洞。挖2~挖2缺2:钻空子
空	kʰaŋ5	2,~缺2
空	kʰoŋ1	3,~心砖
穿	tsʰuaŋ1	1,~山2甲,~插1
穿	tsʰũi1	3,~来1~去。尻~:屁股、肛门
窀	tsun1	
突	tut8	
竊	tsʰiap7	
窄	tsa5	1,路2~
窄	teʔ8	2,(气量)小:狭2~
窆	piaŋ3	
窈	iau3	
窊	ua1	
竅	kʰiau5	
窵	tiau5	
窯	io2	1,砖2~,瓦1~
窯	iau2	2
窒	tiak7	
窕	tʰiau3	
窖	kau5	
窗	tʰioŋ1	
窘	kun4	
竄	tsʰuaŋ5	
窩	o1	
窟	kʰut7	
窠	kʰo1	
窣	sut7	
窺	kui1	
竇	tau4	1,鼻~炎
竇	tau5	2,狗~:狗窝
竇	tou4	3,九1~:海丰地名
窨	im5	
窬	zi2	
窶	ki4	
窳	zi3	
窸	sek7	
窿	loŋ2	
立	lip8	
豎	si4	
站	tsam4	
競	keŋ4	
竟	keŋ5	
章	tsiaŋ1	1,文~
章	tsiõ1	2,文~,~鱼
竣	tsun5	
童	tʰoŋ2	
竦	soŋ3	
竭	kiak8	
端	tuaŋ1	
竹	tiok7	
竺	tiok7	
竽	hi1	1
竽	i1	2
竿	kuã1	
篤	tok7	
笄	kʰi1	
笆	pa1	
笈	kʰip7	
笊	ziau3	
笋	sun3	
笏	ut7	
笑	tsʰio5	1,~话
笑	tsʰiau5	2
笑	siau5	3,见2~
筆	pit7	
筧	kaŋ3	
笙	seŋ1	
笛	tek8	
笞	tsʰi1	
笠	leʔ8	
笢	min2	
笤	tiau1	
笥	su4	
符	hu2	1,~合3,~号1
符	pou2	2,符箓
符	bou2	3,符箓
笨	pun4	
笪	tak7	
笫	tsi3	
第	tei1	1,~一2
第	tei4	2,门~
笮	tsak7	
笳	ke1	
笸	pʰo3	
箋	tsiaŋ1	
籠	laŋ1	1,~仔3:圈
籠	laŋ2	2,鸟1~
籠	loŋ3	4,~统
籠	laŋ4	箸~:筷子筒
籩	piaŋ1	
筅	tsʰãi3	~仔3:筅帚。着3毛1~:癫痫
筇	kʰioŋ2	
等	tŋ̍6	1,相遇,遇到:~着1
等	taŋ3	2,~狗撞2门:守株待兔
等	teŋ3	3,~待1
筋	kin1	
筌	tsʰuaŋ2	
筏	huak8	
筐	kʰuaŋ1	1
筐	kʰioŋ1	2,菜~
筑	tok7	
筒	taŋ2	信1~:信封
答	tap7	2,~案
答	tap8	3,~滴1:拖泥带水
答	top7	4,滴3~
策	tsʰek7	
筘	kʰau5	
篳	pit7	
篩	tʰai1	~斗1:筛子
箏	tseŋ1	1,古~
箏	seŋ1	2,风~
筠	kin1	1,~连:四川县名
筢	pe2	~儿:筢子
筦	kuaŋ3	
筮	tsʰi1	
筮	si6	
筲	siau1	2
筴	kiap8	
筵	iaŋ2	
筷	kʰuai5	
籌	tʰiu2	
筻	kaŋ5	
签	tsʰiam1	
簡	kaŋ3	
箄	pi1	
箍	kʰou1	花~:花圈。火金~:萤火虫,原文作“圈”。~桶
箔	poʔ8	
箕	ki1	
箖	nã2	2,圆2~:海丰地名
算	suaŋ5	1,~了1,要去讲2伊:算了,不要说他
算	sũi5	2,珠1~
箜	kʰoŋ1	
箠	sui2	
管	kuaŋ3	
箢	uaŋ3	
簀	tseʔ7	
篋	kap7	1,~万2:保险柜
篋	kiap8	2,藤~
籜	tʰak7	
籮	lua2	1,蜀tsit8~米
籮	lo2	2,米~
簞	taŋ1	
簫	siau1	
箬	hioʔ8	1,树2~,原文作“叶”
箬	ziak8	
箭	tsĩ5	2,射~
箱	siõ1	
箴	tsim1	
箸	ti6	筷子:牙2~
篁	huaŋ2	
篆	tuaŋ4	
篇	pʰiaŋ1	
篌	hou2	
簣	kʰui3	
簍	lui3	
篙	ko1	竹~:竹竿
篚	hui3	
篝	kau1	
篡	tsʰuaŋ5	
篢	loŋ3	
篥	lek8	
篦	pin3	1,~仔3:篦子
篦	pin5	2,虱~
篨	ti2	
篪	tsʰi1	
籃	lam1	1,~仔3:篮子
籃	lam2	2,~球
籃	nã2	3,摇1~:儿童用具
籬	li2	
篷	pʰaŋ2	
篼	tou1	
篾	biʔ8	1,竹~
篾	miak8	2
簃	i2	
簇	tsok8	
簉	tsau4	
簋	kʰui3	盛菜的碗。九1~:最隆重的筵席
簌	sop7	1,~~□to3:簌簌
簌	sop8	2,~~□to3:簌簌
簌	sok7	3,~~
簏	lok8	
籪	tuaŋ4	
簟	tiam4	
簠	hu4	
簦	teŋ1	
簧	huaŋ2	
簨	sun3	
簪	tsam1	
簸	pua5	1,~箕
簸	po5	2,~荡2
簾	liam2	
簿	pʰou4	
籀	tiu4	
籟	lai4	
籍	tsiaʔ8	
籝	eŋ2	
籣	laŋ2	
籧	kʰi2	
米	bi3	
糴	tiaʔ8	
類	lui4	
籼	siaŋ1	
籽	tsi3	
粉	hun3	
粑	pa1	
粒	liap8	大2~侬:大人物
粕	pʰaʔ7	1,糟~
粕	pʰoʔ7	2,药~:药渣
粗	tsʰo3	1,~略
粗	tsʰou1	2,~心
粘	niam2	
粙	tiu4	2,水1~:水稻,原文作“稻”
糶	tʰio5	
糲	li4	
粞	tsʰei5	2,米面儿:舂~
粟	tsʰiok7	
粢	tsu1	
粤	iak8	
粥	tsok8	1,食~
糞	pun5	
粬	kʰiok7	
糧	niõ2	
粱	liaŋ2	
粲	tsʰaŋ5	
粳	kẽ1	
粹	tsʰui5	
粼	lin2	
糉	tsaŋ5	
精	tseŋ1	1,~神
精	tsiã1	2,~怪,妖~
粿	kue3	
粿	puã3	发2~:一种年糕
糝	sam1	1,玉米~
糝	sam3	2,猪~:喂猪的食物
糅	ziu2	
糇	hou2	
糈	tsaŋ1	
糊	hu2	1,~涂2
糊	ho1	2,含3~
糊	kou2	3,食~
糍	tsi2	
糕	ko1	1,蛋~
糕	kau1	2,糟~
糖	tʰŋ̍2	1,白1~,~果2
糗	hiu5	
糙	tsʰo5	1
糙	tsau4	2
糜	mĩ2	1,~烂3
糜	muẽ2	2,稀饭:食~,~饭1,~饮2
糟	tsau1	
糠	kʰŋ̍1	
糨	kiaŋ3	
糯	nŋ̍6	
糵	ŋiak8	
系	hi4	1,关1~
紊	bun2	
紘	kʰueŋ2	
素	su5	1,~质,银~
素	so5	3,馅子:茶2~
索	soʔ7	1,~取1。牵猪哥1~:替人找对象,贬语
索	sok7	2,勒2~
緊	kin3	~要1:要紧
緊	keŋ3	肯2~
紫	tsu3	
紮	tsak7	
累	lue4	1,~~:疲乏
累	lui3	2,~计
累	lui6	3,连~
絪	in1	
絮	su5	
縶	tsip7	
絺	tsʰi1	1
絺	hi1	2
綝	tʰim1	1
綝	lim2	2
綦	kʰi2	
緅	tsou1	
緌	sui1	旗~
線	suã5	
縠	kok7	
縠	hok8	
縻	mĩ2	
繁	po1	1,姓
繁	huaŋ2	2,~重3
繄	i1	
繙	huaŋ1	
繻	si1	
纂	tsaŋ3	
纍	lui2	
纑	lu2	
纛	tau3	
糾	kiu3	
紅	aŋ2	1,~鱼,~茶2
紅	hoŋ2	2
紂	tiu4	
纤	tsʰiam1	1,~维
纤	siam1	2,~维
纤	kʰaŋ1	3,~手1
紇	ŋiak7	
約	ioʔ7	1,~会2
約	iak7	2,大3~
級	kʰip7	
紈	iaŋ2	
纊	kʰuaŋ5	
紀	ki3	
紉	zim3	
緯	hui5	1,经1~
緯	ui3	2,~度1
紜	un2	
純	sun2	
紕	pi3	1
紕	pʰi1	2
紗	se1	
紗	sa1	1,婚~
紗	se1	2,~布2
綱	kaŋ1	
納	nap8	
紝	zim4	
縱	tsʰoŋ5	1,~队,~深
縱	tsʰioŋ2	
縱	tsʰioŋ5	2,~虎归山2,~火
綸	lun2	1,绦~
綸	kuaŋ1	2,~巾
紛	hun1	
紙	tsua3	散3~:零钱。过2~:扫墓
紋	bun2	
紡	pʰaŋ3	1,~纱
紡	huaŋ3	2,~织
紵	tiu4	
紐	liu3	
線	suã5	
紺	kam1	
紲	siap8	
紱	hut7	
練	liaŋ4	1,~习
練	liaŋ6	2,教1~
組	tso3	
紳	sin1	
細	su5	1,~心、~细2:仔细
細	sei5	2,郎仔3大2~:大人小孩
織	tsit7	
終	tsioŋ1	
縐	ziau4	
絆	pʰuaŋ5	
紼	hut8	
絀	tʰiu1	
絀	tsʰuak7	2,相2形见2~
紹	siau4	
繹	ek8	
經	keŋ1	1,~过2
經	kiã1	2,诗~
經	kẽ1	3,~布2:织布
紿	tai4	
綁	paŋ3	
絨	zioŋ2	1,~毛1
絨	ioŋ2	2,艾2~
結	ki4	1,朥喉~:结喉
結	kiʔ7	2,~舌:结巴
結	kit7	3,~针:别针
結	kak7	4,用1线~□nin3
結	ŋak7	5,拍~:打结
結	kiak7	6,团1~
絝	kʰou5	
繞	ziau3	
絰	tiak7	
絎	haŋ2	
繪	kʰue5	
給	kʰip7	
絢	sun2	
絳	kaŋ5	
絡	lok8	
絶	tsoʔ8	1,做~:搞绝了。目2~~:鼠目寸光
絶	tsuak8	3,~对,拒~
絞	ka3	1,铅笔~:铅笔刨
絞	kiau3	2,~刑
統	tʰoŋ3	
綆	kẽ3	
綃	siau1	
絹	kiaŋ5	
繡	siu5	
綌	kʰiaʔ7	
綏	sui1	
絛	tʰau1	
繼	ki5	
綈	tʰi2	1
綈	tʰi5	2
績	tseʔ7	1,~麻3
績	tsek7	2,成1~
緒	si3	
綾	leŋ2	1
續	siok8	
綺	i3	
緋	hui1	
綽	tsʰiak7	
緄	kʰun3	
繩	sin2	
維	zui2	
綿	miaŋ2	
綬	siu4	
繃	paŋ1	
綢	tiu2	
綹	liu3	
綣	kiaŋ3	
綜	tsoŋ1	
綻	teŋ4	
綰	kuaŋ3	
綠	liok8	
綴	tue5	1,跟随。~□toʔ8后2底2:跟在后面
綴	tsʰuak7	2,点2~
緇	tsu1	
緙	kek7	
緘	kʰiam2	
緬	miaŋ4	
纜	lam3	1,~车2
纜	lam6	2,~索1:缆绳
緹	tʰi2	
緲	miãu3	
緝	tsʰip7	
縕	un1	
縕	un4	2
緦	su1	
緞	tuaŋ4	1
緞	tũi6	2
緶	piaŋ4	2,草2帽~
緱	kau2	
縋	tui6	
緩	iaŋ4	1,~期2
緩	huaŋ3	2,~慢
締	ti5	1
締	tʰi5	2
縷	lui3	
編	piaŋ1	
編	pin5	2,~竹篾1:干竹器活儿
編	pʰiaŋ1	3,~号1
編	pĩ5	4,~辫1仔3:编辫子。~草2帽
緡	min2	
緣	iaŋ2	
縉	tsin5	
縛	pak8	
縟	ziok8	
縝	tsin3	
縫	pʰaŋ5	1,缝隙:门~。□pʰĩ1~:底细
縫	hoŋ2	2,~纫
縫	paŋ2	~衫裤,原文作“缏”
縞	kau3	
纏	tʰiam2	2,~绵
纏	tsʰaŋ2	3,~绕
纏	tĩ2	4,纠~
縭	li2	
縊	i5	
縑	kiam1	
繽	pin1	
縹	pʰiau1	
縵	maŋ4	
縲	lui2	
纓	eŋ1	
縮	sok7	1,~小1,~印
縮	siok7	2
繆	mou2	1,绸~
繆	niu4	2,纰~
繆	mãu4	3,姓
繅	tsʰau2	
纈	kiak7	
繚	liau2	
繕	siaŋ4	
繒	tsaŋ1	1,头巾。欢2喜遘顶~□to3□kʰiu6:高兴得忘乎所以。红1~索1:红头绳
繮	kiaŋ1	
繾	kʰiaŋ3	
繰	tsʰau1	1
繰	sau1	2
繯	huaŋ2	
繳	kiau3	1,~获,上2~
繳	tsiak7	2,系在箭上的丝绳,射鸟用
缶	hou3	
缸	kŋ̍1	
缺	kʰiʔ7	1,破~:小缺口
缺	kʰiaʔ7	2,崩~:崩了个缺口
缺	kʰueʔ7	3,限~:缺乏
缺	kʰiak7	4,~点2
缿	haŋ4	
罌	eŋ1	
罄	kʰeŋ5	
罅	he4	
罍	lui2	
罐	kuaŋ5	1,~头
罐	koŋ3	2,茶2箬~。~仔3:小罐子
网	maŋ4	
罔	maŋ3	
罕	haŋ3	
羅	lua2	1,哩1哩1~~
羅	lo1	2,~嗦
羅	lo2	3,~汉果2。姓
羅	lo5	4,哩3哩1罗3~
罘	pʰu2	
罰	huak8	
罛	kou1	
罟	kou3	
罡	kaŋ1	
罷	pa3	
罥	kiaŋ5	
罦	pʰu2	
罨	iam3	
罩	ta5	1,~件1衫:套一件大衣。又作帐本字
罩	tsau4	2,灯~
罪	tsue4	
置	ti5	
罱	lam3	
署	si3	
罳	su1	
羆	pʰi2	
罶	liu3	
罹	li2	
罽	ki5	
罾	tsaŋ1	
羈	ki1	
羈	kʰi2	2
羊	iõ2	
羌	kiaŋ1	
美	bue3	1,水1~:海丰地名
美	mĩ3	2,~丽,~国
羑	kiu3	1
羑	iu3	2
羔	ko1	
羖	kou3	
羚	leŋ2	
羝	tei1	
羞	siu1	
羥	kʰin1	
羡	suaŋ4	
羢	zioŋ2	
群	kun2	1,侬~
群	kʰun2	2,~众2
羧	so1	
羰	tʰuã5	
羱	ŋiaŋ2	
羲	hi1	
羸	lui2	
羹	keŋ1	1
羹	kẽ1	2,豆~
羼	tsʰaŋ3	
羽	i3	
羿	ŋĩ4	
翀	tsʰioŋ1	
翁	kaŋ1	1,雄性鸟类:鸭~
翁	aŋ1	2,丈夫。~姐2:夫妻
翁	oŋ1	3,富2~
翁	ioŋ1	4,姓
翅	tsʰi5	
翊	ek7	
翊	ek8	
翌	ek7	
翎	leŋ2	
翔	siaŋ2	
翕	niap7	2,~县:安徽县名
翕	hip7	
翹	kʰiau2	1,~首
翹	kʰiau5	2,椅~起来2
翹	ɡiau2	3,弯曲:木3板2~了2
翛	siau1	
翟	tek8	
翠	tsʰui5	
翡	hui1	
翡	hui1	1
翡	hui3	2
翥	tsi3	
翦	tsiaŋ3	
翩	pʰiaŋ1	
翬	hui1	
翮	hek8	
翯	hak8	
翰	haŋ2	
翱	ŋãu2	
翳	i5	
翻	pʰa1	1,~车2轮1:翻跟斗
翻	huaŋ1	2,~身2
翼	sip8	1,翅膀:鸡~
翼	ek8	2,小2心~~
耀	iau4	
老	lau3	1,~师1
老	lau4	2,~侬。~公1仔3:老头子。~~:曾祖父
考	kʰau3	
耄	mãu4	
者	tse3	
耆	kʰi2	
耇	kau3	
耋	tiak7	
而	zi2	
耍	sa3	1,~花2招2
耐	nãi4	
耒	lui3	
耔	tsi3	
耕	keŋ1	1
耕	kẽ1	2,~塍:耕田,~种2
耖	tsʰau1	
耗	ho5	1,噩~,~费2
耗	hõ6	2
耗	hõ6	消~,~损2
耘	un2	
耙	pe2	
耜	su4	
耟	ki4	
耠	hap8	
耮	lau5	
耦	ŋou3	
耬	lau2	
耨	nãu6	
耩	kaŋ3	
耪	paŋ3	
耰	iu1	
耱	bo6	
耲	huai2	
耳	zi3	1,木3~
耳	hĩ3	3,~空1:耳孔
耵	teŋ1	
耶	ɡia2	1,~稣
耶	ɡe2	2
耷	tap8	
聳	soŋ3	1,~立
聳	tʰioŋ5	2,~被2:脚尖踢被子
聳	tsʰioŋ5	4,~头香1薯:露出土外的番薯
耻	tʰi3	
耿	kʰeŋ3	
聶	niap7	
聃	tam1	
聆	leŋ2	
聊	liau2	
聾	laŋ2	1,~耳3:耳聋
聾	loŋ2	2
職	tsit7	
聹	neŋ2	
聒	kuak7	1
聒	kʰuak7	2
聯	liaŋ2	
聘	pʰeŋ5	1,~请
聘	pʰiã5	2,~金:~礼。~书1,~请
聚	tsi4	
聵	kʰui3	
聰	tsʰoŋ1	
聬	oŋ6	~~□to3:耳鸣声
聱	ŋãu2	
聿	lut8	
肅	sok7	1
肅	siok7	2
肄	i4	
肆	si5	1,四的大写
肆	su5	2,放3~,~行2
肇	siau4	
肉	niok8	
肋	lek8	
肌	ki1	
肓	huaŋ1	
肖	siau1	
肘	tiu3	
肚	tou3	1,屎~:腹部。拖~:抽屉
肚	tou4	2,~□tʰiã5:肚痛。~枵2:肚子饿
肛	kaŋ1	1
肝	kaŋ1	1
肝	kuã1	2
腸	tŋ̍2	1,~胃
腸	tsʰiaŋ2	2,~热2:肠炎
股	ku3	1,屁1~
股	kou3	2,~长2
肢	tsi1	1,四2~
肢	tsi4	2,飚煲~:胳肢
肢	tsĩ1	3,四2~
肢	tsʰĩ1	4,骹~:脚,脚尖
膚	hu1	
肥	pui2	1,老2猪~:胖子
肩	kiaŋ1	1,~负
肩	kãi1	2,~头,~章1
肪	huaŋ3	
肫	tsun1	
肭	nap8	
骯	aŋ1	
肯	kʰiaŋ3	1,~唔~:肯不肯
肯	kʰeŋ3	2,~定1
肱	kʰueŋ2	
育	iok8	
肴	ŋãu2	
肷	kʰiam3	
肸	hiak7	
肺	hui5	
肼	tsẽ3	
腎	siaŋ4	
腎	kin4	鸡~:鸡胗,原文作“胗”
腫	tsioŋ3	
脹	tsiaŋ5	1,热2~冷缩
脹	tiõ5	2,奶1~
脅	hiap8	
胂	sin1	
胃	ui4	
胄	tiu3	
膽	tam3	1
膽	tã3	2,大2~
膽	tãʔ7	3,~惊3:胆颤心惊
背	pi5	1,~带1
背	pue4	2,~叛,~负
背	pue5	3,~诵,~包
胍	kua1	
胎	tʰe1	
胖	pʰaŋ5	2,~子2
胖	pʰuaŋ5	3,心广1体~
胙	tsak7	
胚	pʰue1	
胛	kaʔ7	
勝	tseŋ5	1,捷1,~:汕尾地名
勝	seŋ5	2,~利1
胝	tei1	
胞	pau1	
胠	kʰi1	
胡	hu2	1,~闹2
胡	hou2	2,~椒,~蝇1:苍蝇
胡	ou2	3,姓
胤	in3	
胥	si1	
朧	loŋ2	
腖	toŋ5	
胩	kʰa3	
臚	lu2	1
臚	lou2	2
脛	keŋ1	
脛	keŋ4	
胬	nu3	
胭	iaŋ1	
胯	kʰua1	
胰	i2	
胱	kuaŋ1	
胲	hai3	
胳	kuaʔ7	1,~当3下2:胳肢窝
胳	koʔ7	2,~当3下2:胳肢窝
胴	tʰoŋ2	
胴	toŋ4	
膠	ka1	1,橡~
膠	ka4	2,力2~:漆片
胸	hioŋ1	
胺	aŋ1	
胼	pʰiaŋ2	
能	leŋ2	1,~为
能	neŋ2	2,~力3,~源,~够
脂	tsi1	
脆	tsʰui5	
脉	mẽʔ8	
脊	tsiaʔ7	1,巴1~:脊背
脊	tsit7	2,中2~楹2:脊檩
膾	kʰue5	
脎	saʔ7	
脏	tsaŋ1	1,肮~
臍	tsai2	
腦	nãu3	
脒	bi3	
膿	naŋ2	1,孵~:化脓
膿	loŋ2	2,~包
臠	luaŋ2	
脖	puak8	
脘	uaŋ3	
脚	kiok7	3,~印
脝	heŋ1	
脞	tsʰo3	
脢	bue2	
脩	siu1	
脬	pʰau1	
脬	pʰa1	2,膦~:阴囊
脬	pʰa4	3,尿~:膀胱
脯	pʰu2	1,~子2
脯	pou3	2,桃2仔3~:桃脯
脰	tau6	颔2~:脖子
脱	tʰut7	3,脱4~:手脚伶俐。~骹:洗脚
脱	lak7	5,~裤
脱	tʰuak7	6,~离1,~险
脲	zio6	
腡	le2	圆形手指纹
臉	liam3	1
臉	niam3	2
脾	pi2	1,~胃
脾	pʰi2	2,~气1
腆	tiaŋ3	
腈	tsẽ2	
臘	laʔ8	~藠:薤
腋	ek8	
腌	iam1	1,~落苏:腌茄子
腌	iap7	2,~鱼,~鹹菜
腐	hu3	2,~烂3,~败
腐	hu6	3,豆~
腑	hu3	
腓	hui1	
腔	kʰiõ1	
腕	uaŋ3	
腙	tsoŋ1	
腚	teŋ4	
腟	tiak7	
腠	tsʰau5	
腥	tsʰẽ1	2,血~。臭~乖1:腥气
腧	sue5	
腩	nam5	
腭	ɡak8	
腮	sai1	2,~颊
腰	io1	1,弯1~,~果1
腰	iau1	2
腱	kiaŋ4	
腴	zi2	
腹	pak7	1,鸡~:鸡内脏
腹	hok7	2,~稿,~地1
腺	suã5	
膩	zi4	
靦	miaŋ4	
膃	ut7	
騰	tʰeŋ2	
腿	tʰui3	
膀	paŋ3	1,肩2~
膀	pʰaŋ2	2,~胱
膂	li3	
膈	keʔ7	
膊	pak7	1,赤~
膊	pʰak7	2,胳2~
膍	pʰi2	
膏	ko1	1,牙1~
膏	kau3	2,~笔
膘	pio4	
膙	kiaŋ3	
膛	tʰaŋ2	
膜	mok8	1,~拜2
膜	mõʔ8	2,耳3~,薄2~
膝	tsʰak7	
膦	laŋ4	输精管:~鸟。~脬2:睾丸。锯~𣍐□to3出血:喻刀不锋利。大2~脬2撒1盐:喻粗枝大叶
膨	pʰaŋ2	
膪	tsʰue1	
膰	huaŋ1	
膳	siaŋ4	
膺	eŋ1	
膻	siaŋ1	
臀	tʰun2	1,后2~肉:腿上的肉
臀	tiaŋ4	2
臁	liam2	崩1骹~:小腿烂了
臂	pi5	
臃	ioŋ1	
臆	ek7	
臊	sau1	2,~气1
臊	tsʰau5	2,害1~
臊	tsʰo1	臭~:鱼腥气。食~:吃荤菜,原文作“腥”
臌	kou3	
臑	nãu3	
臟	tsaŋ4	2,心~
臛	kʰak7	
臢	tsaŋ5	
臝	lo3	
臣	sin2	
臧	tsaŋ1	1
臧	tsaŋ4	
自	tsu4	
臬	ŋiak8	
臭	tsʰau5	1,~味2。~虫1:甘蔗病变
臭	hiu5	2,无2声无2~
臲	ŋiak8	1,~卼
至	tsi5	
致	ti5	
臺	tʰai2	
臻	tsin1	
臼	kʰu4	
臾	zi2	
臿	tsʰaʔ7	
舀	io3	~水1
舂	tsioŋ1	
舄	sek7	
舅	ku4	
輿	i2	
舌	tsiʔ8	
舍	sia5	
舐	tsi4	1,老2牛1~犊
舐	tsĩ4	3,喙□to3~
舒	si1	1
舒	su1	2
舔	tʰiam5	
舛	tsʰun3	
舛	tsʰuaŋ3	
舜	sun5	
舞	bu3	
舟	tsiu1	
舢	sam1	
舨	paŋ1	
航	pʰaŋ2	1,~空3
航	haŋ2	2,~行2
舫	huaŋ3	
般	po1	1,~若
般	paŋ1	2,~配
般	pʰuã1	3,蜀tsit8~:一般
艦	lam3	
艙	tsʰŋ̍1	
舳	tiok8	
舵	tua4	1,掠~:掌舵
舵	tai4	2,~公1:舵手
舶	poʔ7	1,~来1品
舶	pok8	2,船~
舷	hiaŋ2	
舸	kʰo1	
船	tsun2	1,轮3~
船	tsʰuaŋ2	2
艫	lu2	
艄	siau1	
艇	tʰeŋ3	
艉	bue3	
艏	siu3	
艐	kʰua5	~沙2:(船)搁浅
艕	paŋ3	
艘	sou1	1
艘	sou3	2
艚	tsʰau2	
艟	tʰoŋ2	
艨	moŋ2	
艮	kin3	
良	liaŋ2	1,~好1
良	niõ2	2,人名用字
艱	kaŋ1	
色	sek7	
豔	iam4	
艴	hut8	
藝	ɡei6	1,手艺:良田2万2顷,不如2薄2~随身
藝	ŋĩ4	2,~术2,文~
艽	kiu3	
艾	ŋĩ4	1,怨1~
艾	hiã6	1,~绒2
艾	ŋãi4	3,方4兴2未5~
艿	nãi3	
節	tseʔ7	1,春~
節	tsak7	2,蜀tsit8~蔗
節	tsiak7	3,~目2
芊	tsʰiaŋ1	
芋	ou6	
芍	tsiak7	
芎	kioŋ1	
芏	tou4	
芑	ki3	
芒	maŋ2	
芓	si4	
薌	hiaŋ1	
芙	pʰu2	1,~蓉:木芙蓉
芙	hu1	2,~蓉
蕪	bu2	
芝	tsu1	
芟	sam1	
芡	kʰiam5	
芤	kʰou1	
芥	kai5	
蘆	lu2	1,油1葫1~,~笙
蘆	lou1	2,~□liaʔ8:芦苇
蘆	lou2	3,葫2~,~笙
芨	kip8	
芩	ŋim2	
芪	kʰi2	
芫	ŋiaŋ2	1,~花2
芫	iaŋ2	2,~荽
芬	hun1	
芭	pa1	
芮	zue6	
芯	sim1	
芰	ki1	
花	hua1	1,~招2
花	hue1	2,红1~,~边3
芳	huaŋ1	
芳	pʰaŋ1	1,香,~水1,原文作“香”
芴	mut8	
芷	tsi3	
芸	un2	
芹	kʰin2	
芼	mõ1	
芽	ɡe2	
芾	hui5	1,蔽1~
苄	piaŋ4	
葦	ui3	
藶	lek8	
莧	hãi6	~菜
萇	tsʰiaŋ2	
蒼	tsʰaŋ1	
苧	tiu4	
苏	so5	1,~打3
苏	sou1	2,~醒2
苑	uaŋ3	
苒	ziam3	
苓	leŋ2	
苔	tʰi2	1,塗骹生3~:地上长苔
苔	tʰe1	2,舌~
苔	tʰai2	3
苕	tiau1	
苗	bio2	1,~圃,幼~
苗	miãu2	2,~儿竹
苘	kʰeŋ3	
苛	kʰo1	
苜	mok8	
苞	pau1	
苟	kau3	
苠	min2	
苡	ĩ5	
苣	ki4	
若	zia3	1,般~
若	ziak8	2,~干1
苦	kʰou3	
苧	neŋ2	
苫	tiam4	1,草2~
苫	siam3	2,~布2
苯	pun3	
英	eŋ1	
苲	tsa5	
苴	tso2	
苶	niap7	
苷	kam1	
蘋	pʰeŋ2	
苻	hu2	
茁	tsʰuak7	
茂	mou4	
范	huam4	
茄	kio2	1,番~
茄	ke1	3,雪2~
茅	mãu2	
茆	bau3	
茇	buaʔ7	
茈	tsu3	1,~湖口1:湖南地名
茈	tsʰu2	2,凫~
茉	bak8	
茌	su2	
莖	kʰeŋ2	
蘢	loŋ2	
蔦	niãu3	
茓	hiaʔ8	
塋	eŋ2	
煢	kʰeŋ2	
茖	keʔ7	
茗	meŋ2	1
茗	miã2	2
茚	in5	
茛	kin3	
茜	tsʰeŋ5	2,~草2
茜	sei1	水草
茝	tsi3	1
茝	tsʰai3	2
繭	kãi3	蚕~
茨	tsi2	
茨	tsʰu2	
茫	maŋ2	1,~然
茫	buaŋ2	2,~~□bu6:茫茫
茬	tsʰa1	
茭	kau1	
茯	hok8	
茱	tsu1	
茳	kaŋ1	
茴	hue2	
茵	in1	
茶	tsʰa2	1
茶	te2	2,~水1
茸	zioŋ2	
茹	zi2	1
茹	zu2	2
茺	tsʰioŋ1	
茼	taŋ2	
荀	sun2	
荃	tsʰuaŋ2	
荆	keŋ1	
荇	heŋ4	
草	tsʰo3	1,~字
草	tsʰau3	2,~帽
荍	kʰiau2	
荏	zim4	
薦	tsiaŋ5	
荒	huaŋ1	1,~乱
荒	hũi1	2,饥~
荔	li4	1,~枝
荔	nãi4	2,~果2:荔枝
薘	tak8	
莢	kiap7	
蕘	ziau2	
蓽	pit7	
蕎	kʰiau2	
薈	kʰue5	
薺	tsi5	1,~菜
薺	tsʰi2	2,荸~
蕩	tŋ̍4	1,~喙:漱口。洗~:洗刷
蕩	taŋ4	2,动3~
蕩	toŋ1	3,三3~四2圈3,游荡
蕩	toŋ2	4,~来1~去:游荡
蕩	lioŋ4	5,~来1~去:游荡
榮	eŋ2	
葷	hun1	
滎	eŋ2	
犖	lok8	
熒	eŋ2	
蕁	tsʰim2	1
蕁	tʰam2	2
藎	tsin4	
蓀	sun1	
蔭	im1	1,树2~
蔭	im4	2,~凉2
蔭	im5	3,福2~
蕒	mãi3	
葒	hoŋ2	
藥	ioʔ8	
荷	ho1	1,~兰
荷	ho2	2,~花2
荷	hõ6	3,薄~
荷	ho1	红1~~:红彤彤
荸	puak8	
荼	tʰu2	
荼	tiau6	
荽	sui1	
莅	li4	
莆	pʰu2	
莉	li2	1,茉~花2
莉	li4	2
莎	sa1	
莒	ki3	
莓	bue2	
莕	heŋ4	
莘	sin1	
莙	kun1	
莛	tʰeŋ2	
莜	iu2	
莝	tsʰo5	
莞	uaŋ3	~尔
莞	kuaŋ3	东2~:广东地名
莠	iu3	
莨	nŋ̍2	1,薯~
莨	nŋ̍2	
莨	laŋ4	2,~菪
莨	liaŋ2	3,~绸
莨	laŋ4	
莩	pʰu2	
莪	ŋõ2	
莫	mok8	1,~名1其妙
莫	mõʔ8	2,姓
莰	kʰam5	
萊	lai2	
蓮	liaŋ2	1
蓮	nãi2	2,~花2,~子1
蒔	si2	1,~萝
蒔	si4	2,~花2
萵	o1	
薟	tsʰiam1	
薟	hiam1	2,辣味。~椒:辣椒。番1薯臭1~:番薯病变
获	ueʔ8	
获	tek8	
蕕	iu2	
瑩	eŋ2	
鶯	eŋ1	
蓴	sun2	
莽	maŋ3	
菀	uaŋ3	
菁	tseŋ1	
菁	tsʰẽ1	
菂	tek7	
菅	kaŋ1	
菅	kuaŋ3	
菇	kou1	
菊	kiok7	
菌	kʰun3	
菏	ho2	
菑	tsu1	
菓	kue3	
菔	hok8	
菖	tsʰiaŋ1	
菘	sioŋ2	
菜	tsʰai5	
菝	puak8	
菟	tʰou5	
菠	po1	
菩	pʰu2	
菪	taŋ4	
菰	kou1	
菱	leŋ2	
菲	hui1	1,芳~
菲	hui3	2,~礼
菹	tsou1	
菻	lim2	
菻	lim3	
菽	siok7	
萁	kʰi2	
萃	tsui4	
萄	tʰo2	1,葡~
萄	tʰau2	2
萋	tsʰi1	
萌	meŋ2	
萍	pʰio2	1
萍	pʰeŋ2	2
萎	ui3	
萏	tam3	
萑	huaŋ2	
萘	nãi4	
蘀	tʰak7	
萜	tʰiap7	
蘿	lo2	
螢	eŋ2	
營	eŋ2	1,国~
營	iã2	2,兵~
縈	eŋ2	2,~回
蕭	siau1	
薩	sak7	
萩	tsʰiu1	
萬	maŋ6	
萱	suaŋ1	
萸	zi2	
萼	ɡak8	
落	loʔ8	
落	laʔ8	~苏:茄子,原文作“腊”
葆	pau3	
葎	lut8	
葑	hoŋ1	1,芜菁
葑	hoŋ3	2,菰的根
葖	tut8	
著	ti5	
葙	siaŋ1	
葚	sim4	
葛	kaʔ7	1,姓
葛	kuaʔ7	2,~薯
葡	pʰu2	
董	toŋ3	
葩	pa1	1
葩	pʰau1	2,量词:蜀tsit8~花2
葫	hu2	1,~芦1
葫	ho2	2,~芦3
葬	tsŋ̍5	1,埋3~
葬	tsaŋ5	2
葭	kia1	
葱	tsʰaŋ1	1,~仔3:葱。~花2
葱	tsʰoŋ1	2,郁2郁2~~
葳	ui1	
葵	kʰui2	
葶	teŋ2	
葸	si3	
葹	si1	
葺	tsʰip7	
蒂	ti5	1,根深~固
蕆	tsʰaŋ3	
蒈	kʰai3	
蕢	kou5	
蔣	tsiõ3	
蔞	lu2	1
蔞	lou2	2
蒎	pʰai5	
蒗	laŋ4	
蒙	moŋ2	1,~骗,~蔽1
蒙	mõ2	2,~古,~太奇1,~眬
蒜	sũi5	
蒟	ki3	
蒡	paŋ4	
蒯	kuai3	
蒱	pʰu2	
蒲	pʰu2	
蒴	sok7	
蒸	tsʰioŋ5	1,~鱼
蒸	tseŋ1	2,~汽
蒹	kiam1	
蒺	tsip8	1
蒺	tsit8	2
蒻	ziak8	
蒽	in1	
蒽	pi4	
蒿	ho1	1,茼~
蒿	hau1	2,~子2杆2儿
蓁	tsin1	1
蓁	tsʰin2	2
蓂	meŋ2	
蓄	hiok7	
蓆	tsʰioʔ8	2,草2~
蓇	kut7	
蓉	ioŋ2	
蓊	oŋ1	
蓍	si1	
蓏	lo3	
蓐	ziok8	
蓑	sui1	
蓓	pue4	
藍	lam2	
薊	ki5	
蘺	li2	
蕷	i4	
鎣	eŋ2	
驀	mok8	
蓨	tʰiau2	
蓬	pʰoŋ2	1
蓬	pʰoŋ5	2,~头:一种发式
蓰	si3	
蓼	liau4	
蓿	siok7	
蔆	leŋ2	
蔌	sok7	
蔑	miak8	
蔓	maŋ4	
蔗	tsia5	
蔚	ui5	1,~然
蔚	ut7	2,~县
蔟	tsok8	
蔡	tsʰua5	
蔫	he1	1,精神不振
蔫	iaŋ1	2,鱼肉变质,不新鲜。~常:精神不振
蔫	ẽ1	3,精神不振、不活泼
蔬	so1	
薔	tsʰiaŋ2	
蘞	niam3	1,白1~
蘞	tsiõ5	2,椒一:辣椒酱
藺	lin3	
蔻	kʰou5	
藹	ai3	
蔽	pi5	
蔿	ɡui4	
蕃	huaŋ1	
蕈	kʰun3	
蕉	tsio1	1,弓~:香蕉
蕉	tsiau1	2,~岭:广东地名
蕊	lui3	
蕖	kʰi2	
蕙	hui4	
蕞	tsue5	
蕤	sui1	
蕨	kʰiak7	
薀	un1	
蘊	un3	1
蘊	un4	2
蕹	ioŋ5	
蕺	tsʰip7	
蕻	hoŋ3	
蕾	lui2	1,薙菜~
蕾	lui3	2,花2~
薁	hiok7	
薄	po2	1,~荷3
薄	poʔ8	2,厚1~,~饼
薄	pok8	3,~饼
薅	kʰau1	~草2
薇	mĩ2	
薏	i5	
薏	ĩ5	
薙	tʰi5	
薛	seʔ7	
薜	pʰek7	
薤	hai4	
薨	hoŋ1	
薪	tsin1	1,~水1
薪	sin1	2,釜底2抽1~
藪	sou5	
薯	tsi2	
薰	hun1	
薰	hun1	1,~仔3:香烟,原文作“烟”
薷	zi2	
薹	tʰai2	
藁	ko3	
藁	kau3	
藏	tsaŋ4	1,西2~
藏	tsʰaŋ2	2,收~
藐	miãu3	
藑	kʰeŋ2	
蘚	siaŋ3	
藕	ŋãu4	
藜	li2	
藠	kio4	腊~:薤
藤	tin2	
藨	pʰiau1	
藩	pʰuaŋ1	
藭	kʰioŋ2	
藻	tsʰau5	
藿	kʰak7	
蘅	heŋ2	1
蘅	hueŋ2	2
蘋	pʰin2	
蘑	mõ2	
蘖	ŋiak8	
蘘	ziaŋ2	
蘡	eŋ1	
蘩	huaŋ2	
蘶	ŋĩ4	
蘸	tsam5	1,~水1
蘼	mĩ2	
虎	laŋ2	
虎	hou3	
虜	lu3	
虐	ŋiak8	
慮	li4	
虓	hau1	
虔	kʰiaŋ2	
虚	hi1	
虞	ɡi2	
虡	ki5	
虢	kek7	
蟲	tʰaŋ2	1,~害1
蟲	tʰioŋ2	2,杀~药
虬	kʰiu1	
蟣	ki3	
虱	sak7	
虹	hoŋ2	1,彩~,~吸5管
虹	kʰioŋ4	2,天3顶有1条1~
虺	hui3	
虼	ka1	
雖	sui1	1,~然
雖	sui4	2,~然[sui33 ziaŋ11]
蝦	he2	
蠆	tsai4	
蝕	siʔ8	
蟻	hia4	1,狗~:蚂蚁
蟻	ŋĩ3	2,蚂~
螞	ba2	1,~蟥:蚂蟥
螞	mã3	2,~蚁2
蠁	hiaŋ3	
蚊	bun1	1
蚊	mun1	2,~仔3:小虻
蚋	zue6	
蚌	hoŋ3	
蚍	pi3	1
蚍	pʰi2	2
蚓	in3	1,蚯~
蚓	un3	2,□kau1~:蚯蚓
蠶	tsʰãi2	
蚜	ɡe2	
蚜	ɡe2	2,~虫1
蚝	o2	
蚣	kaŋ1	1,蜈1~
蚣	koŋ1	2,蜈2~
蚤	tsau3	
蚧	kai5	
蚨	hu2	
蚩	tsʰi1	
蚪	tau3	
蜆	hãi3	
蚯	kʰiu1	~蚓1
蚰	iu2	
蚱	tsã5	2
蚱	tsa5	
蚴	iu5	
蚶	ham1	
蚺	ziam2	1
蚺	ziam3	2
蛀	tsu5	1,~虫1
蛀	tsiu5	2,~柴龟:蛀虫
蛄	ku1	1,蟪~
蛄	kou1	2,~蝇:蚜虫
蛇	i2	1,委~
蛇	tsua2	2,琴~:蟒蛇
蛉	leŋ2	
蠱	kou3	
蛋	taŋ5	~糕
蠣	li4	
蟶	tʰaŋ1	1
蟶	tseŋ1	2
蛐	kʰiok7	
蛑	mou2	
蛔	hue2	
蛙	ua1	
蛛	tu1	1,蜘~
蛛	tsu1	2,~丝马2迹
蛞	kʰuak7	
蛟	kau1	
蛣	kit7	
蛤	haʔ7	1,~蟆
蛤	kap7	2,~蚧
蛤	kap8	3,䗩2猪~:一种海鱼
蛩	kʰioŋ2	
蛭	tiak7	
蠻	maŋ2	
蟄	tit8	1
蟄	tek8	2
蛺	kiap8	
蛺	hiap8	
蟯	ɡiau2	
螄	su1	
蠐	tsʰi2	
蛸	siau1	
蛹	ioŋ3	
蛾	ŋõ2	
蜀	siok7	1
蜀	tsit8	1,一,~只2鸡;用于除了拾、元之外的数量词之前:~万2,~角2
蜀	siok8	2
蜀	tsek8	一,~,两1,三3,原文作“一”
蜂	pʰaŋ1	1,蜜1~
蜂	hoŋ1	2,~花2护发2素
蜃	sim4	1
蜃	siaŋ4	2
蜇	tiak7	
蜈	ɡe2	1,~蚣1
蜈	ɡou2	2,~蚣2
蜉	pʰu2	
蜍	tsi2	1,钟~:蟾蜍
蜍	si2	2,蟾~
蜎	kiaŋ1	
蜒	iaŋ2	
蜓	tʰeŋ2	
蜕	tue4	1,~化
蝸	o1	
蜘	ti1	
蜚	hui1	1,~声
蜚	hui3	2,~蠊
蜜	bit8	1,~蜂1
蜜	miak8	2,甜~
蜞	kʰi2	
蠟	laʔ8	1,~纸
蠟	tsa5	2,古代一种年终祭祀
蜢	meŋ4	1,蚱~
蜢	mẽʔ8	2,草2~:蚱蜢
蜣	kiaŋ1	
蜥	sek7	
蜩	tʰiau2	
蜩	tʰiau2	~鱼
蜫	kʰun1	
蜮	ueʔ8	
蜱	pi1	
蜴	ek8	
蜷	kʰiaŋ2	
蜺	ŋĩ2	4
蜻	tsʰeŋ1	1,~蜓
蜻	tsʰẽ1	~蜓
蜾	ko3	
蜿	uaŋ3	
蝀	toŋ1	1
蝀	toŋ3	2
蝂	paŋ3	
蠅	sin2	1,胡2~:苍蝇
蠅	eŋ1	2,苍~
蟈	kok7	
蟬	siam2	寒4~
蝌	kʰo1	
蠍	hak7	1
蠍	hiak7	2
蝓	zi2	
蝗	huaŋ2	
蝘	iaŋ3	
蝙	piaŋ3	
蝜	hu4	
蝠	hok7	
蝣	iu2	
蝤	tsʰiu2	
蝤	iu2	
蝥	mãu2	
蝮	hok7	
蝰	kui1	
蝴	hu2	
蝶	tiap8	2,蝴~
蝻	nam5	
螻	lu2	
蝽	tsʰun1	
蠑	eŋ2	
螿	tsiaŋ1	
螂	laŋ2	
螃	pʰaŋ2	
螅	sek7	
螈	ŋiaŋ2	
螉	oŋ1	
螋	sou1	
融	ioŋ2	1,~解2,~洽,水1乳交~
融	iõ2	2,~解2,雪2~
螓	tsʰin2	
螗	tʰaŋ2	
螟	meŋ2	
螟	mẽ1	山2~:蜻蜓,原文作“蜻”
螠	i5	
蟎	muã2	
螫	tsia5	
螫	sek7	
螬	tsʰau2	
螭	li2	
螮	ti5	
螳	tʰaŋ2	
螵	pʰiau1	
螺	lo2	1
螺	le2	2
螽	tsoŋ1	
蟀	sut7	
蟆	mõ2	
蟊	mãu2	
蟋	sek7	
蟑	tsiaŋ1	
蟒	maŋ3	
蟛	pʰaŋ2	
蟠	pʰuaŋ1	1
蟠	pʰuã1	2
蟢	hi3	
蟥	huaŋ2	
蟪	hui4	
蟫	im2	
蟮	siaŋ4	
蟰	siau1	
蟹	hei4	
蟾	siam2	
蠊	liam2	
蠋	tsok7	
蠓	moŋ2	2,~虫2儿
蠓	maŋ3	~仔3:蚊子
蠔	hau2	
蠕	zi2	
蠖	ueʔ8	
蠘	tsʰiʔ8	一种螃蟹
蠛	miak8	
蠞	tsʰiʔ8	一种螃蟹
蠡	li2	1,~测
蠡	li3	2,~县
蠢	tsʰun3	
蠲	kiaŋ1	
蠹	tou5	1
蠼	kʰi2	
血	hueʔ7	
衄	niok8	
衅	hiaŋ5	
行	kiã2	1,~路2:走路。~□liau6:失败、完蛋、搞糟了
行	heŋ2	2,~动3
行	haŋ2	3,银~
行	heŋ4	4,品~
衍	iaŋ4	
銜	ham2	
銜	kã2	~零2细2:衔东西,原文作“啣”
街	kei1	
衙	ɡe2	
衡	heŋ2	1,~山2
衡	hueŋ2	2
衢	kʰi2	
衣	i1	
補	pou3	
表	pio1	1,电~
表	piau3	2,~姐3
衫	sã1	1
襯	tʰin5	1,陪衬:白1衫~蓝裤
襯	tsʰin5	2,~托2
衮	kun3	
衰	sue1	
衲	nap8	
衷	tʰioŋ1	
衽	zim4	
衾	kʰim1	
衿	kʰim1	
袁	iaŋ2	
袂	mĩ4	
襖	o5	
袅	niãu3	
袈	ke1	
袋	tai4	
袋	te6	
袍	pʰau2	
袒	tʰaŋ3	
袖	siu5	
袜	bueʔ8	1
袢	pʰaŋ5	
袤	mãu4	
被	pi4	1,~动3
被	pʰue4	2,棉2~
襲	sip8	
袱	hok8	
袼	keʔ7	
裁	tsʰai2	2,~剪
裂	liʔ8	1,~纹,破~
裂	leʔ7	2,刺3~心:胸部发胀
裂	leʔ8	3,刢割~:(外科医生)开刀。~变2
裝	tsŋ̍1	1,服2~
裝	tsuaŋ1	2,古~戏
襠	taŋ5	
裉	kʰeŋ3	
裎	tʰeŋ3	
裔	i4	
裕	zu4	
裘	hiu2	
裙	kun2	
裟	se1	
褳	liaŋ2	
襝	niam3	
褲	kʰou5	
裨	pi1	无2~补:没有益处
裯	tiu2	
裰	tsʰuak7	
裱	pio3	
裲	liaŋ3	
裳	siaŋ2	
裴	pʰue2	
裸	lo3	
裹	ko3	1,包~
裹	kue3	2,镶~:修理
裼	tʰek7	2
裾	ki1	
褂	kua5	
褆	tʰi2	
褊	piaŋ3	
褌	kʰun1	
褐	hak7	
褒	pau3	
褓	pau3	
褘	ui2	
褙	pue5	
褸	lau1	
褸	lue4	1
褸	lui3	2
褟	tʰap7	
褡	taʔ7	
褥	ziok8	
褪	tʰun3	1,~套儿
褪	tʰũi5	2,~笋:蜕皮。~衫裤:脱衣服。煺,~毛1
褫	tʰi5	
褰	kʰiaŋ2	
褶	tsiʔ7	1,百~裙
褶	niap7	2,捡1~:折叠衣服上的褶子
襁	kiaŋ3	
襄	siaŋ1	
襆	hok8	
襴	laŋ2	
襞	pʰek7	
襟	kʰim1	
襤	lam3	
襦	zi2	
襶	tai5	
襻	pʰaŋ5	
西	si1	1,东2~
西	sai1	2,~爿:西方
要	iau1	1,~求
要	iau5	2,~点2。三1~三1不~:可要可不要
覃	tʰam2	
覆	hok7	1,~盖3
覆	hok8	2,颠2~
覶	lo2	
見	kiaŋ5	2,看1~
見	kĩ5	3,接1~
觀	kuaŋ1	1,参1~
觀	kuaŋ5	2,姓
規	kui1	
覓	miak8	
視	tsʰi4	1,近~
視	si4	2,~力2
覘	tiam1	
覽	lam3	
覺	kiau5	1,睡2~
覺	kak7	2,~得
覺	kau4	~~:睡觉,儿语,原文作“厚”
覬	ki5	
覿	tek8	
覥	tiaŋ3	
覦	zi2	
覯	kou5	
覲	kin5	
覷	tsʰi5	
角	kioʔ7	1,丑~。好3水2~:喜欢打扮的人
角	kak7	2,蜀tsit8~钱3。~头:角落
觖	kiak7	
觚	kou1	
觜	tsʰu3	
觜	tsu1	二十八宿之一
觴	siaŋ1	
解	hai4	1,姓
解	kei3	2,~放3,~元2
解	hei4	3,姓
解	ei4	会;殷勤:□kaŋ5~哇1,原文作“会”
觥	kuaŋ1	
觸	tsʰok7	1,~电
觸	tsʰiok7	2,~电,接3~
觫	sok7	
觶	ti5	
觱	pit7	
觳	hok8	
言	ŋiaŋ2	
訇	hoŋ1	
詈	li4	
詏	a5	相1~:争吵
詹	tsiam1	
譽	i4	
謄	tʰeŋ6	
誓	si6	1,发2~
誓	zua6	2,咒~:诅咒
謄	tʰeŋ2	
謇	kʰiaŋ3	
謇	kiaŋ4	
謦	kʰeŋ3	
警	keŋ3	
譬	pʰi5	
計	ki5	
訂	teŋ5	
訃	hu5	
認	zin6	
譏	ki1	
訌	hoŋ3	
討	tʰo3	1,~论2
討	tʰau3	2,~厌2
讓	ziaŋ4	1,忍1~
讓	niõ6	2,相1~
訕	saŋ5	
訓	hun5	
議	ŋĩ3	
訊	sin5	
記	ki5	1,~录
記	kĩ5	3,~得1
講	kaŋ3	1,~究
講	koŋ3	2,~古:讲故事
諱	ui3	
謳	au1	
詎	ki4	
訝	ŋã4	1
訥	nap8	
許	hi3	1,~多
許	kʰou3	2,姓
訛	ŋõ2	
論	lun2	1,~语
論	lun4	2,理~
訩	hioŋ1	
訟	sioŋ4	
諷	hoŋ3	
設	siak7	
訪	huaŋ3	
訣	kiak7	
證	tseŋ5	
詁	kou3	
訶	ho1	
評	pʰiaŋ5	1,~相4:评头品足
評	pʰeŋ2	2,批3~,~论2,~功
評	pʰeŋ6	3,对比:~来1~去
詛	tsou3	
識	tsi5	1,博2闻强3~
識	sek7	2,认~,~别3
詗	kʰeŋ3	
詐	tsa5	1
詐	tsã5	2,~骗
詐	tẽ5	3,~死:装死。~□tiam1:装成与事情不相干
訴	sou5	
診	tsin3	
詆	tei3	
謅	tsou1	
詞	su2	
詘	kʰut7	
詔	tiau4	1
詔	tsiau4	2
譯	ek8	
誆	kʰuaŋ1	
誄	lui3	
試	tsʰi5	1
試	si5	2
詿	kua5	
詩	si1	
詰	kit7	1
詰	kiak7	
詼	kʰue1	1,~谐。笑1~:笑料
詼	hue1	2,~谐
誠	seŋ2	
誅	tsu1	
話	hua4	1,~不投1机
話	ue6	2,讲2~
誕	taŋ5	
詬	kau3	
詮	tsʰuaŋ2	
詭	kui3	
詢	sun2	
詣	tsi3	
諍	tseŋ1	
該	kai1	
詳	siaŋ2	
詫	tsʰa5	
諢	hun4	
詡	i3	
誡	kai5	
誣	bu2	
語	ɡi3	
誚	tsʰiau5	
誤	ɡou4	
誥	kau5	
誘	iu3	
誨	hue5	
説	sue5	1,游~
説	sueʔ7	2,~明1
誦	sioŋ4	
請	tsʰiã3	
諸	tsi1	
諏	tsou1	
諾	nap8	
讀	tau4	1,句~
讀	tʰak8	2,~册:读书
讀	tok8	3
讀	tʰok8	4
諑	tok7	
誹	hui3	
課	kʰue5	
諉	ui3	
諛	zi2	
誰	sui2	
諗	sim3	
調	tiau2	1,~整
調	tiau6	2,声~
調	tʰiau2	3,~查,~解
調	tʰiau5	4,~皮1
諂	tʰiam3	1
諒	liaŋ4	
諄	tun1	
諄	tsun1	
誶	tsʰui5	
談	tʰam2	
誼	ŋĩ2	1,友~
誼	ŋĩ4	2,~父2:义父
謀	mou2	
諶	sim2	
諜	tiap8	
諫	kaŋ5	
諧	hai2	
謁	hak7	
謂	ui4	
諭	zi4	
諼	suaŋ1	
讒	tsʰam2	
諳	am1	1
諳	am5	2
諺	ŋaŋ4	
諦	ti5	
謎	mĩ2	
諞	piaŋ1	~价:讨价还价
謨	mõ2	
讜	taŋ3	
謖	tsek7	
謝	tsia6	1,姓
謝	sia6	2,感~
謡	iau2	
謗	paŋ3	1
謗	paŋ4	2
謚	si6	
謙	kʰiam1	
謐	miak8	
謹	kin3	
謾	maŋ4	
謫	tiaʔ7	
譾	tsiaŋ3	
謬	niu4	
譚	tʰam2	
譙	tsiau1	
讕	laŋ2	
譜	pʰou3	
譎	kiak7	
讞	hiaŋ5	
譴	kʰiaŋ3	
譫	tsiam1	
讖	tsʰam5	
谷	iok8	3,吐1~浑
谿	kʰei1	
豁	hak7	
豆	tau6	
豇	kaŋ1	
豉	si6	
豌	uaŋ3	
豕	si3	
豚	tʰun2	
象	tsʰiaŋ4	1,气1~
象	siaŋ4	2,好2~,~声词
象	tsʰiõ4	3,大2~,~形
豢	tʰun2	
豢	huaŋ4	
豨	hi1	
豪	ho2	1,~猪
豪	hau2	2,自~,~迈
豫	i4	
豳	pin1	
豸	tsi5	1
豸	tsai4	2
豹	pa5	
豹	pa5	睇2唔~去:看不懂
豺	tsʰai2	1,~狼
豺	sai2	~食:馋嘴,原文作“馋”。~狗
貂	tiau1	1,~熊
貂	tiau4	2,紫~
貅	hiu1	
貆	huaŋ2	
貉	lok8	
貊	mek8	
貌	mãu4	
貔	pʰi2	
貤	i2	
賨	tsoŋ1	
貝	pue5	
貞	tseŋ1	忠~。聪明:蜀tsit8放1沉4船1蜀tsit8放1~,下2放1沉4船1揽船1碇
負	hu4	
貢	koŋ5	
財	tsʰai2	
責	tsek7	
賢	hiaŋ2	
敗	pai4	
貨	hue5	
質	tsit7	
販	huaŋ5	
貪	tʰam1	
貧	pʰin2	
貶	piaŋ3	
購	kou5	
貯	tiu4	
貫	kuaŋ5	
貳	zi4	用于拾、元之前:~拾3,~银。~臣,~心
賤	tsiaŋ4	1,贫~
賤	tsuã6	2,~骨头
賁	pi5	1,~临
賁	pun1	2,虎~
貰	si5	
貼	taʔ7	1,~糊3
貼	tʰiap7	2,补~
貴	kui5	
貺	iaŋ5	
貺	kʰuaŋ5	
貸	tai4	
貿	mou4	
費	pi5	1,姓
費	hui5	2,浪3~
賀	ho4	1,~喜
賀	ho6	2,相1~:向人家祝贺
貽	i2	
賊	tsʰak8	
贄	tsi5	
賈	ke3	1,姓
賈	kou3	2,商~
賄	iu3	1,~赂
賄	iu4	2,受~
貲	tsu1	
賃	zim4	
賂	lu4	
贓	tsŋ̍1	
贓	tsaŋ1	
資	tsu1	
賅	kai1	
贐	tsin4	
賕	kʰiu2	
賑	tsin3	
賚	lai4	1
賚	lai5	2
賒	sia1	
賦	hu5	
賭	tu3	
齎	tsi1	
贖	siok8	
賞	siaŋ3	1,~识2
賞	siõ3	2,奖~,~识2
賜	su5	
賡	keŋ1	
賠	pue2	
賧	tam4	
賴	lua6	1,~孵鸡母:抱窝母鸡
賴	lai4	2,姓
賵	hoŋ4	
贅	tsue5	鱼鳞2~:瘊子
賻	hu4	
賽	sai5	
賾	tsek7	
贗	ŋaŋ4	
贊	tsaŋ5	
贈	tsaŋ1	
贍	siam2	
贏	eŋ2	1,~利1
贏	iã2	3,输2~
贛	kam5	
赤	tsʰiaʔ7	
赦	sia5	
赧	naŋ3	
赫	hek7	
赭	tse3	
赯	tʰaŋ2	
走	tsau3	1,~步2:跑步
走	tsou3	2,~路1
赳	kiu3	
赴	hu5	
趙	tiõ4	
趕	kei5	1,~鸡,~侬
趕	kaŋ3	2,~上1
趕	kuã3	3,~路2
起	kʰi3	~气3:将要断气
赸	saŋ5	
趁	tsin3	1
趁	tsʰeŋ5	2
趁	tʰaŋ5	赚,原文作“赚”
趄	tso2	1,趑~
趄	tsʰiak7	2,趔~
超	tʰiau1	
越	iak8	2,~权
趨	tsʰi1	1,~向1
趨	tsʰu1	2,踉跄
趑	tsu1	
趔	liak8	
趟	tʰaŋ3	
趣	tsʰi5	
趯	tʰek7	
趲	tsaŋ5	
足	tsok7	
趵	pa5	1,~突泉:济南地名
趵	pak7	2,~~
躉	tun3	
趺	hu1	
趼	tsʰiaŋ1	
趼	kiaŋ3	2
趼	kãi3	3,骹底2生3~
趾	tsi3	1,~高2气1扬
趿	tʰaʔ7	1
趿	sap7	2
跂	ki5	~望
躍	iauʔ7	1,~猴仔3:翻跟斗
躍	iak8	2,~进,跳~
蹌	tsʰaŋ1	
跋	puaʔ8	1,~落:跌倒
跋	puak8	2,~涉1
跌	tiap8	2,~倒4,~价
跌	tiak7	3
跍	kʰu2	蹲:~落去
跎	tʰo2	
跏	ke1	
跐	tsu1	1,脚下滑动
跐	tsʰu3	2,踏
跑	pʰau3	
跕	tiap8	
跗	hu1	
跚	saŋ1	1,蹒~
跚	suaŋ1	2,弯1~:溜达
跛	pʰo3	
距	ki4	
躒	lok8	
跟	kin1	~踪
跣	siaŋ3	
跨	kʰua1	
跪	kui4	
跫	kʰioŋ2	
跬	kui1	
路	lu4	1,姓。末~
路	lou6	2,道2~
跰	pʰiaŋ2	
跳	tio2	2,~骹顿2蹄:跺脚,原文作“跺”
跳	tʰiau5	
踐	tsiaŋ3	
躂	tak8	
蹺	kʰiau1	1,~仔3头:二流子
蹺	kʰiau3	2,蹊~
蹺	kʰiau5	3,~起骹:抬起腿
蹕	pit7	
躚	tsʰiaŋ1	
跥	to4	1,~脚3
躋	tsi5	
跼	kiok8	
踅	hiaʔ8	1
踅	suak8	2
踆	tsun1	
踉	laŋ2	
踉	liaŋ4	
踊	ioŋ3	
躊	tʰiu2	
踏	taʔ8	
踒	o3	骹□kʰo6~着1:脚给扭伤
踔	toʔ7	2,~厉
踖	tsit7	
踝	huai2	
踞	ki5	
踟	ti1	
踢	tʰek7	3,~足球
踢	nek7	4,~下3□kʰo6你:踢你一下。~士1:载人三轮(脚踏)车
踢	tʰak7	骹~着1石1□bou4:脚踢着石头
踣	pʰok7	
踤	sut7	
踩	tsʰai3	
蹤	tsoŋ1	
躓	tsit7	
踮	tiam3	1
踮	tiam5	2
躑	tek8	
踱	top8	1,~来1~去
踱	tak8	2,~方4步2
踱	tok8	3,~方4步2
踵	tsoŋ3	1
踵	tsioŋ3	2
踶	ti5	
踹	tsʰue3	
踺	kiaŋ4	
踽	ki3	
蹀	tiap8	
蹁	pʰiaŋ1	
蹂	ziu2	
蹄	tei2	
蹅	tsʰa5	
蹇	kʰiaŋ3	
蹇	kiaŋ4	
蹈	tau4	1,~袭,舞~
蹈	tʰau1	2,~袭
蹉	tsʰa1	
蹊	kʰi2	1,~跷
蹊	hi2	2,~径
蹋	tʰap7	1
蹋	tʰak7	2
躡	niap7	
蹣	pʰuaŋ2	
蹙	tsʰok7	1
蹙	tsʰiok7	2
蹚	tʰaŋ2	
蹢	tek7	
蹦	paŋ1	
蹧	tsau1	
蹩	piak8	
蹬	teŋ5	
蹭	tsʰeŋ5	
蹯	huaŋ1	
躕	ti2	
蹲	tun1	1
蹲	tsun1	2
蹴	tsʰok7	
蹶	kʰiak7	
蹼	pʰok7	
躥	tsʰuaŋ5	
躁	tsʰau5	
躅	tsok7	
躇	tʰi2	
躇	tʰu2	
躪	lin3	1,踩~
躐	laʔ8	
躔	tʰiam2	1
躔	tʰiaŋ2	2
躦	tsaŋ5	
躞	siap8	
躪	liaŋ4	2,骹□to3~:脚在踩动
身	sim1	1,围~披2:围裙
身	sin1	2,~份
躬	kioŋ1	
軀	kʰi1	
躱	to2	1,~避。~闪:偷懒
躱	to3	2,~藏2
躺	tʰaŋ3	
軏	ɡiak8	
輓	maŋ3	
輨	kuaŋ3	
輶	iu2	
轘	huaŋ2	1,~辕:河南地名
轘	huaŋ4	2,古代酷刑,用车分裂人体
車	ki1	1,~马炮
車	tsʰia1	2,马1~
軋	tsap8	
軌	kʰui3	
軒	hiaŋ1	
軑	tai4	
軔	zim3	
轉	tsuaŋ2	1,~折1
轉	tsuaŋ3	2,~身2,~学1
轉	tũi3	3,回:~厝2,~来1,~头
軛	ek7	
輪	lun2	3,~船1
輪	lin2	车2~
軟	nuaŋ3	1,~绵绵
軟	nũi3	2,~硬,~禁,~弱
轟	hoŋ1	1
轟	hueŋ2	2
軲	kou1	
轤	lu2	
軸	tiok8	
軹	tsi3	
軼	tiak7	
軤	hu1	
軫	tsin3	
轢	lok8	
軺	iau2	
輕	kʰin1	1,~重1
輕	kʰeŋ1	2,二1~
軾	sek7	
載	tsʰe6	1,盛,放置:~水1,~零2细2
載	tsai5	2,~客2
輊	tiak7	
轎	kio6	1,小1~车2
轎	kiõ1	2,~夫2佬:轿夫
輇	tsʰuaŋ2	
輅	lu4	
較	kau5	
輒	tiak7	
輔	hu4	
輛	liaŋ3	1,车2~
輛	niõ2	2,车2~,蜀tsit8~车2
輦	lin3	
輩	pue5	
輝	hui1	
輥	kʰun3	
輞	maŋ3	
輬	liaŋ2	
輟	tsʰuak7	
輜	tsu1	
輳	tsʰau5	
輻	hok7	
輯	tsʰip7	
轀	un1	
輸	si1	1,运1~
輸	su1	2,~赢3。~服2:服输
轡	pi5	
轅	iaŋ2	
轄	hak7	
輾	tiaŋ3	
轆	lok8	
轍	tʰiak7	
轔	lin2	
辛	sin1	
辜	kou1	
辭	si2	1,~别3
辭	su2	2,~源
辟	pʰek7	
辣	luaʔ7	1,~椒
辣	nuãʔ7	2,刺1~虫1:毛虫
辨	paŋ4	1
辨	piaŋ4	2
辯	paŋ4	1
辯	piaŋ4	2
辮	piaŋ4	2
辰	sin2	
辱	ziok8	
邊	piaŋ1	2,~防
邊	pĩ1	3,厝2~:邻居
遼	liau2	
達	tak8	
遷	tsʰiaŋ1	
迂	i1	
迅	sin5	
過	ko5	1,记~
過	kue5	2,经1~,~去
邁	mãi4	
迎	ŋeŋ2	
運	un4	1,~动3
運	un6	2,行1~:走运
近	kin4	2,最2近,~视,~似
近	kĩ1	3,~旁2:旁边
迓	ŋã4	
返	huaŋ3	
迕	ŋou3	
還	huaŋ1	1,~魂
還	huaŋ2	2,~是
還	huaŋ3	3,汝~未2去?
還	hãi2	4,~零2细2:还东西
這	tse3	~里2
進	tsin5	
遠	iaŋ3	1,跳~
遠	hũi3	2,~近2
違	ui2	
連	liaŋ2	
遲	ti2	
迢	tʰiau1	
迤	i2	
迥	kʰeŋ3	
迦	ke1	
迨	tai4	
迩	zi3	
迪	tiok8	
迪	tek8	
迫	pek7	
迭	tiap8	1,更3~
迭	tiak7	2,~起
述	sut8	
逕	keŋ1	
迷	mĩ2	
迸	peŋ5	
迹	tsiaʔ7	
追	tui1	
退	tʰe5	1,~钱3
退	tʰue5	2
退	tʰẽ5	3,~价:竞争时有意降低价格,使对方蒙受损失
送	saŋ5	1,~信1,~命2
送	soŋ5	2,~别3
適	sek7	
逃	to2	1,~难4
逃	tʰau1	2,~走1
逃	tʰau2	3,~跑
逅	hou4	
逆	ŋek8	
選	suaŋ3	
遜	sun5	
逋	pou1	
逍	siau1	
透	tʰau3	1,~气3
透	tʰau5	2,~视2。透露、告诉:~汝知2
逐	tiok8	
逑	kʰiu2	
遞	ti1	1,邮~员
遞	ti2	2,投1~
遞	ti4	3,~送
途	tʰu2	
逗	tau1	1,~留2
逗	tau4	2,~号1
通	tʰoŋ1	
逛	kʰuaŋ2	
逝	si5	1,长3~
逝	si6	2,~世
逞	tʰioŋ3	1,得2~
逞	tʰeŋ3	2,~能2,得2~
速	sok7	
造	tsau4	
逡	tsun1	1
逡	tsun5	2
逢	hoŋ2	
邐	li4	
逭	huaŋ5	
逮	tai4	
逯	liok8	
逵	kʰui2	
逶	ui3	
逸	it8	1
逸	ek8	2
邏	lo2	
逼	pek7	
逾	zi2	
遁	tun3	
遂	sui4	
遄	tsʰuaŋ2	
遇	ɡi4	
遍	paŋ5	1,洗蜀tsit8~
遍	pʰiaŋ5	2,~地1
遏	hak7	
遐	he2	
遑	huaŋ2	
遒	tsʰiu2	
道	to1	1,投1侬是~理:公说公有理,婆说婆有理
道	tau4	2,~路2,~理
遺	ui2	
遘	kou5	
遘	kau5	~厝2:到家,原文作“到”
遛	liu5	2,~马1
遢	tʰak7	
遣	kʰiaŋ3	
遥	iau2	
遨	ŋãu2	
遭	tsau1	
遮	tsia1	1,~浪1:汕尾地名
遴	lin2	
遵	tsun1	
遽	ki5	
避	pi4	1,~雷针
避	pʰiaʔ8	2,~开2
邀	hiau1	1
邀	iau1	2
邂	hai4	
邃	sui4	
邈	miãu3	
邋	lak7	
邑	ip7	
鄧	teŋ4	
邕	ioŋ1	
邗	i1	
邗	haŋ2	
邙	maŋ2	
邛	kʰioŋ2	
鄺	kʰuaŋ5	
邠	pin1	
邡	huaŋ1	
邢	heŋ2	
那	nã3	3,~些1,~样1
邦	paŋ1	
邨	tsʰun6	
邪	sia2	
鄔	ou1	
郵	iu2	
邯	ham1	
邰	tʰai2	
邱	kʰu1	
邲	pit7	
邳	pʰi1	
邴	peŋ3	
邶	pue5	
邸	tei3	
鄒	tsou1	
鄴	ɡiap8	
鄰	lin2	
邽	kui1	
邾	tsu1	
郁	ut7	1,忧~
郁	hiok7	2,~~
郃	kʰap7	
郃	hap8	
郄	kʰiaʔ7	
郅	tiak7	
郇	sun2	1,周朝国名。姓
郇	huaŋ2	2,姓
郈	hou4	
郊	kau1	
郎	laŋ2	2
郎	nŋ̍2	~仔3,~仔3侬:小孩,儿童
郟	kiap7	
鄶	kʰue5	
鄭	teŋ4	1,~重3
鄭	tẽ6	2,姓
鄆	un4	1
鄆	un6	2
郕	seŋ2	
郗	hi1	
郗	sek7	
郚	ɡou2	
郛	hu1	
郜	kau5	
郝	hau3	
郝	hak7	
郡	kun4	
郢	eŋ3	
郤	kʰiaʔ7	
酈	li2	
酈	li4	
鄖	un2	
部	pou4	
郪	tsʰi1	
郫	pi1	
郭	kueʔ7	
郯	tʰam2	
郳	zi2	1
郴	tʰim1	
鄲	taŋ1	
都	tou1	
郾	iaŋ3	
郿	bai2	
郿	i3	
鄂	ɡak8	
鄃	su1	2
鄄	in1	
鄄	kiaŋ5	
鄌	tʰaŋ2	
鄏	ziok8	
鄗	hau3	
鄙	pʰi3	
鄚	mok8	
鄜	hu1	
鄞	ŋin2	
鄠	hu4	
鄢	iaŋ1	
鄣	tsiaŋ1	
鄩	tsʰim2	
鄯	siaŋ4	
鄱	po1	
鄱	pʰuã1	
鄾	iu1	
酇	tsʰo2	1
酇	tsaŋ5	2
酃	leŋ2	
酄	kʰiaŋ1	
酆	tsaŋ5	
酉	iu3	
酊	teŋ1	1
酊	teŋ3	2
酋	tsʰiu2	
酌	tsiak7	
配	pʰue5	鱼~:鱼菜
酎	tiu4	
酏	i2	
酐	kaŋ1	
酒	tsiu3	
酗	hu4	
酚	hun1	
醞	un1	1
醞	un4	2
酞	tʰai5	
酡	tʰo2	
酢	tsʰou5	1,~浆草2
酢	tsak7	2,酬~
酣	ham1	
酤	kou1	
酥	sou1	
酩	meŋ2	1
酩	meŋ4	2
酪	lok8	
酬	tsʰiu2	
酮	tʰoŋ2	
酯	tsi3	
酰	siaŋ1	
醬	tsiõ5	2
酲	tʰeŋ2	
酴	tʰu2	
酵	ka5	1,~母bo2
酵	hau1	2,发2~
酶	bue2	
酷	kʰok7	
酸	sũi1	~□tʰiã5:酸痛
酹	lui4	
釅	ŋam3	
釃	sai1	2,滤(酒),斟(酒)
釀	ziaŋ3	
醄	tʰau2	
醅	pʰue2	
醇	sun2	
醉	tsui5	
醋	tsʰou5	
醌	kʰun1	
醍	tʰi2	
醐	hu2	
醑	si4	
醒	seŋ3	1,~目2
醒	tsʰẽ3	2,睏~:睡醒
醚	mĩ2	
醛	tsʰuaŋ2	
醢	hai3	
醪	lo2	1,浊:水~
醪	lau2	2
醭	pok8	
醮	tsio5	
醯	hi1	
醲	loŋ2	
醴	li3	
醵	ki5	
醺	hun1	
醾	mĩ2	
采	tsʰai3	
釉	iu6	
釋	sek7	
里	li2	1,叽2~呱2啦3
里	li3	2,公1~
重	taŋ4	1,轻1~
重	tioŋ2	2,~复2,~新2
重	tioŋ4	3,~量2
重	tsʰioŋ2	4,~阳2
野	ia3	
量	liaŋ2	1,测~
量	liaŋ4	2,胆2~
量	niõ2	3,~布2
金	kim1	寸~地2:卖价最高的土地
釜	hu3	
釦	kʰau5	
釭	kaŋ1	
鈜	kʰueŋ2	
鈴	leŋ2	
鉎	saŋ1	生3~:长锈
鉧	mu3	
鑑	kam5	
鑾	luaŋ2	
鋈	ok7	
鋙	ɡou2	
鋣	ɡe2	
鋬	paŋ3	
錄	liok8	
錤	ki1	
鏨	tsam4	~仔3:小凿子
鍠	huaŋ2	
鍪	mãu2	
鍱	tiap8	
鎏	liu2	
鏖	ŋãu2	
鐻	ki5	
鑫	him1	
釓	kʰak7	
釔	it7	
針	tsiam1	
釘	teŋ1	1,~仔3:钉子
釘	teŋ5	2,动词。~遘壁无2□hiaʔ7稳:十拿九稳
釗	tsiau1	1
釗	tsiau4	2,人名用字,昵称
釙	pʰok7	
釕	liau3	
釷	tʰou3	
釺	tsʰiaŋ1	
釧	tsʰuaŋ5	
釤	sam1	
釩	huam2	
釣	tio5	
鍆	mũi2	
釹	nĩ3	
釵	tʰei1	
鈃	heŋ2	
鈣	kai5	
鈈	put7	
鈦	tʰai5	
鉅	ki4	
鈍	tun2	1,刀1~
鈍	tun4	2,~角2
鈔	tsʰau1	
钟	tsioŋ1	
鈉	nap8	
鋇	pue5	
鋼	kŋ̍5	
鈑	paŋ3	
鈐	ŋim2	
鈐	kʰiam2	
鑰	ɡueʔ8	1
鑰	iak8	2
欽	kʰim1	
鈞	kin1	
鎢	ou1	
鉤	kau1	1
鉤	kʰau1	2,~女:追女孩子
鈧	kʰaŋ5	
鈁	huaŋ1	
鈥	hue3	
鈄	tau3	
鈕	liu3	
鈀	pa3	
鈺	ɡiok8	
錢	tsʰiaŋ2	2
錢	tsĩ2	3,~币,赚~
鉦	tseŋ1	
鉗	kʰiam2	2,~工1
鉗	kʰĩ2	3,依附:~□toʔ8衫裤
鈷	kou3	
鉢	puaʔ7	好1货沉4~底2:好东西还在后头
鉕	pʰo3	
鈸	puak8	
鉞	iak8	
鑽	tsaŋ5	1,~石2
鑽	tsuaŋ5	2,~空1子2
鑽	tsũi5	5,~头
鉬	mok8	
鉭	tʰaŋ3	
鉀	kaʔ7	
鈿	tiaŋ4	1,翠~
鈿	tʰiaŋ2	2,铜~
鈾	iu2	
鐵	tʰiʔ7	
鉑	peʔ8	
鑠	iak7	
鉛	iaŋ2	
鉚	bau3	
鈰	tsʰi4	
鉉	hiaŋ2	
鉈	tʰa1	
鉍	pit7	
鈮	nĩ2	
鈹	pʰue2	
鐸	tok8	
鉶	heŋ2	
銬	kʰau5	
銠	lau3	
鉺	zi3	
鋩	maŋ2	
銪	iu3	
銪	u4	
鋮	seŋ2	
鋏	kiap8	
鋣	ɡe2	
鐃	nãu2	
鐺	taŋ1	
銅	taŋ2	
鋁	li4	
銱	tiau5	
銦	in1	
鎧	kʰai3	
鍘	tsak8	
銖	tsu1	
銑	sei3	1,~床1
銑	siaŋ3	2,~铁
鋌	tʰeŋ3	
銩	tiu1	
鏵	hua2	
銓	tsʰuaŋ2	
鎩	saʔ7	
鉿	ha1	
銚	tʰau5	1,~子2
銚	tʰiau5	1
銚	iau2	2,姓
鉻	lok8	
銘	meŋ2	
錚	tseŋ1	
銫	sek7	
鉸	ka1	~刀1:剪刀
銥	i1	
鏟	tsʰaŋ3	1,~塗
鏟	tʰuã3	2,~草2:锄草
銃	tsʰioŋ5	对~仔3:玩扔石头的游戏
鐋	tʰaŋ1	
銨	aŋ1	
銀	ŋin2	元,柒拾2伍2~陆1角2肆1分3,原文作“元”;金~
銣	zi2	
鑄	tsu5	1,~造
鑄	tsʰu5	2,陶~
鐒	lau2	
鋪	pʰou1	1,床1~,~张1
鋪	pʰou5	2,十里:五3~路2。店~
錸	lai2	
鋱	tʰek7	
鏈	liaŋ5	
鏗	kiaŋ1	1
鏗	kiaŋ2	2
銷	siau1	
鎖	so3	
鋰	li3	
鋤	ti2	1,~头
鍋	kua1	
鍋	po1	1,水1~
鍋	ko1	2,~头:锅
鍋	o1	3,~炉
鍋	ue1	4,药~
鋯	kau5	
鋨	ŋõ2	
鏽	siu5	
銼	tsʰo5	
鋝	luak7	
鋒	hoŋ1	
鋅	sin1	
鐦	kʰai1	
鐧	kaŋ3	
銳	zue6	
銻	ti4	
鋃	laŋ2	
鋟	tsʰim3	
鋦	kiok8	
錒	a1	
鍺	tse3	
鍩	nap8	
錯	tsʰo5	
錨	miãu2	
錛	pun1	
錡	kʰi2	
鍀	tek7	
錁	kʰo5	
錕	kʰun1	
錫	siaʔ7	
鑼	lo2	
錘	tʰui2	
錐	tsui1	圆2~体
錦	kim3	
鍁	hin1	1
鍁	hiaŋ1	2
錈	kiaŋ3	
錇	pue2	
錠	teŋ4	1,钢~
錠	tiã4	2,银~
鍵	kiaŋ4	
鋸	ku5	
錳	meŋ2	1,灰2~氧
錳	meŋ4	2,高2~酸1钾
錙	tsu1	
鍥	kʰiak7	
鍇	kʰai3	
鏘	tsʰaŋ1	1
鏘	tsʰiaŋ2	2
鍶	su1	
鍔	ɡak8	
鍤	tsʰaʔ7	
鍬	tsʰiau1	
鍬	tsʰiu1	
鍛	tuaŋ5	
鍰	huaŋ2	
鎄	ai1	
鍍	tou6	
鎂	mĩ3	
鎡	tsu1	
鐨	hui5	
鎇	bai2	
鏌	mok8	
鎮	tin5	
鎘	keʔ7	
鑷	niap7	1
鑷	kiap8	2,~仔3:镊子
钂	tʰaŋ3	
鐫	tsʰuaŋ1	
鎳	suã5	
鎳	ŋiak8	
鎿	nã2	
鎦	liu5	2
鎬	kau3	1,十2字~
鎬	hau3	2,周朝初年的国都
鎊	pʰaŋ2	
鎊	poŋ4	
鎰	ek8	
鎵	kia1	
鎵	ke1	
鑌	pin1	
鎔	tap7	
鏢	pio1	1,保~
鏢	pʰiau1	2,~客2
鏝	maŋ4	
鏞	ioŋ2	
鏡	kiã5	
鏑	tek8	
鏃	tsok8	
鏇	suaŋ2	
鐔	tsʰim2	1,古代兵器
鐔	siam2	
鐔	tʰam2	2,姓
鐐	liau2	
鏷	pʰok7	
鑥	lu3	
鐓	tun1	
鐓	sun2	
鑭	laŋ2	
鐠	pʰou3	
鑹	tsʰuaŋ5	
鏹	kʰiaŋ2	2,~水1
鐙	teŋ1	1
鐙	teŋ5	2
鑊	ueʔ8	
鐳	lui1	1,民国铜元。劁~:儿童玩铜元的游戏
鐳	lui2	2
鐲	soʔ8	
鐮	liam2	
鐿	i5	
鑔	tsʰak7	1
鑔	tsʰã5	2
鑣	pʰiau1	
鑞	laʔ8	
鑱	tsʰam2	
鑲	siaŋ1	1,~裹2:修理
鑲	siõ1	2,~牙2
長	tŋ̍2	1,~短1
長	tuaŋ4	1,~落。姓
長	tsiaŋ3	2,家3~
長	tsʰiaŋ2	3,~城
長	tiõ3	4,族~
閤	kap7	
閤	kʰap7	
闍	sia2	1,~梨
闒	tʰak7	
闞	kʰam3	
門	mũi2	
閂	tsʰuã5	
閃	siam3	
閉	pi5	
問	bun4	1,不闻不~
問	mũi6	2,~答,~题
閏	lun4	1,~月1
閏	zun4	2,~月1,三3年1蜀tsit8~
闈	ui2	
闲	haŋ2	1
闲	ãi2	2,无2~工1:没时间
閎	kʰueŋ2	
間	kaŋ1	1,中2~
間	kaŋ5	2,~歇
間	kãi1	3,蜀tsit8~厝2
閔	miaŋ3	
閌	kʰaŋ5	
悶	mun6	
閘	tsaʔ8	
鬧	lau4	1,~热2
鬧	nãu6	2,热2~
閨	kui1	
聞	bun2	
闥	tak8	
閩	maŋ2	
閭	li2	1
閭	li4	2
闓	kʰai3	
閥	huak8	
閣	koʔ7	
閡	hek8	
閫	kʰun3	
鬮	kʰau1	
閲	iak8	
閬	laŋ4	2
闍	tou1	2,城门上的台
閾	ueʔ8	
閹	iam1	
閶	tsʰiaŋ1	
鬩	hek7	
閿	bun2	
閽	hun1	
閻	ŋiam2	
閼	iaŋ1	
闡	tsʰiaŋ3	
闌	laŋ2	
闃	in1	
闊	kʰuaʔ7	
闋	kʰiak7	
闔	kʰap7	
闐	tʰiaŋ2	
闕	kʰiak7	
闞	kʰam3	
阜	hu4	
隊	tui6	
阡	tsʰiaŋ1	
阮	ŋuaŋ3	1,姓
阱	tsẽ3	
防	huaŋ2	
陽	iaŋ2	1,~光1
陽	ioŋ2	2,重4,~思1
陽	iõ2	3,潮3~:广东市名
陰	im1	
陣	tin6	2,~地1,~线
陣	tsun6	3,蜀tsit8~风
陣	tin5	~势
階	kai1	
阻	tso3	
阼	tsak7	
阽	tiam5	1
阽	iam2	2
阿	a1	1,~姨,~飞2,~胶
阿	o1	2,~弥陀佛,~谀
陀	tʰo2	
陂	pi1	1,黄2~:湖北县名。~塘
陂	po1	2,~陀
附	hu4	
際	tsi5	
陸	lak8	1,六的大写
陸	liok8	2,~地2
隴	loŋ3	1
隴	lioŋ3	2,梅2~:海丰地名
陳	tsʰin2	1,~皮2。~世美
陳	taŋ2	2,姓
陘	heŋ2	
陋	lou3	1,~俗
陋	lou4	2,简~
陌	mek8	
降	kaŋ5	1,~落伞
降	haŋ2	2,投1~
限	haŋ4	
陝	siam3	
陛	pi5	
陟	tʰek7	
陟	siap8	
陡	tau3	
院	ĩ6	2
除	ti2	1,~法
除	tu2	2,~减:减去
陧	niap7	
隕	un3	
險	hiam3	
陪	pʰue2	
陬	tsou1	
陲	sui2	
陵	leŋ2	
陶	tʰau2	1,~冶
陶	iau2	2,皋~
陷	ham2	1,~害2
陷	ham4	2,~阱
陷	ham6	3,沦~
隅	ɡi2	
隆	lom2	1,~~□to3:隆隆叫。~□tsom11:猥亵的动作
隆	loŋ1	3,黑咕5~咚
隆	loŋ2	4,~重3
隆	lom6	~~□to3:隆隆叫
隈	ui1	
陧	huaŋ2	
隋	sui2	
隨	sui2	
隱	in3	1
隱	un3	2
隔	keʔ7	1,~壁
隔	keʔ8	2,~断3
隗	ɡui2	
隘	ai3	
隙	kʰiaʔ7	
障	tsiaŋ5	
隧	sui2	1
隧	sui4	2
隰	sip7	
隳	hui1	
隶	ti4	
隹	tsui1	
隼	sun3	
隽	tsun5	
難	laŋ2	2,~为
難	naŋ2	3,困~
難	naŋ4	4,遇~
雀	tseʔ7	1,麻3~
雀	tsʰiak7	2,~斑1
雁	ŋaŋ4	
雄	hioŋ2	
雅	ŋiã3	1
雅	ŋẽ3	2
集	tsip8	
雇	kou5	
雉	ti4	
雌	tsʰu2	
雍	ioŋ1	
雎	tso2	
雛	tsʰi1	
雒	lok8	
雕	tiau1	
讎	tsʰiu2	
雨	i3	1,~水1:节气
雨	hou4	2,落~:下雨
雩	i1	
雪	soʔ7	1,~白。~水1凝冷:天寒地冻
雪	seʔ7	2,~白1。落~:下雪
雯	bun2	
雰	hun1	
雲	hun2	1,~层1,~游
靂	lek8	
零	laŋ2	1,~头。~项、~半项:一两样
零	naŋ2	2,~细2:东西。~细2宾:小东西,骂小孩
零	leŋ2	3,一2九1八2~年1,~食,~件2
雷	lui2	
雹	pʰak8	
霧	mu4	
需	si1	
霽	tsi5	
霄	siau1	
霆	tʰeŋ2	
震	tsin3	地1~
霈	pʰai5	
黴	bue2	
霍	kʰak7	
霎	siap7	
霏	hui1	
霓	ŋĩ2	
霖	lim2	
霙	eŋ1	
霜	sŋ̍1	1,~降1
霜	suaŋ1	2
霞	he2	1
霞	e4	2,埔2~:海丰地名
霪	im2	
靄	ai3	
霰	saŋ5	
露	lou4	1,鱼露
露	lou5	2,~水1
霸	pa5	
霹	pʰek7	~雳妈2:能干的女人
霾	mãi2	
靆	tai4	
靈	leŋ2	
靉	ai5	
青	tsʰẽ1	
靚	liaŋ1	1,~款:漂亮、新款
靚	tseŋ4	2,~妆
靖	tseŋ4	
靜	tseŋ4	
靛	teŋ4	
非	hui1	
靠	kʰo5	1,~势2:仗势
靠	kʰau5	2,~山2
靡	mĩ2	1
靡	mĩ3	2
面	min6	1,(变调35)脸,儿语:洗~。2,~布2:洗脸的毛巾
面	miaŋ4	3
面	mĩ6	4,~粉
靨	ap7	
靦	tiaŋ3	
革	kek7	
靪	teŋ1	
靬	kaŋ1	
靳	kin5	
靴	hia1	
靶	pa3	
靸	sap7	
靺	muak8	
靼	tʰaŋ3	
靼	tak8	
靽	pʰuaŋ5	
靿	au3	
鞁	pi4	
鞁	pʰue4	
鞅	iaŋ1	
鞋	ei2	
鞍	uã1	
韃	tak8	
鞽	kʰiau2	
鞔	maŋ3	
鞘	tsʰiau5	1
鞘	siau1	2
鞠	kiok7	
鞣	ziu2	
鞧	tsʰiu1	
鞨	hak7	
鞫	kiok7	
鞭	piaŋ1	2,~子2
鞭	pĩ1	3,铁马1~:草药名
韉	tsiaŋ1	
鞲	kau1	
鞴	pi4	
韋	ui2	1,皮革
韋	ui3	2,姓
韌	zim3	1,坚~
韍	hut7	
韓	haŋ2	
韙	ui3	
韜	tʰau1	
韭	kiu3	
音	im1	
韻	un4	1
韻	un6	2
韶	siau2	
顦	tsiau1	
頁	iʔ8	
頂	teŋ3	
頃	kʰeŋ3	
頇	haŋ1	
項	haŋ4	
順	sun4	
须	si1	1,必~
頊	si1	
頑	ŋuaŋ2	
顧	kou5	
頓	tun4	1,~号1
頓	tun5	2,骹□to3~:跺脚。~齐2:上下抖动使整齐。倒3~弹5:反弹
頓	tok8	3,冒1~
頓	tũi5	4,蜀tsit8~饭1
頎	kʰi2	
頒	paŋ1	
頌	sioŋ4	
頏	haŋ2	
預	i4	
顱	lou2	
領	niã3	
頗	pʰo3	
頸	keŋ4	
頡	kiak7	
頰	kiap7	1
頰	hiap8	2
潁	eŋ3	
頦	hai2	
頤	i2	
頻	pʰin2	
頽	tʰue2	
頷	ham2	1,~首
頷	am4	2,脖子。大2~□kui1:甲状腺肿
穎	eŋ3	
顆	kʰo1	
題	tei2	
顎	ɡak8	
顓	tsuaŋ1	
顔	ŋaŋ2	
額	hiaʔ8	
顳	niap7	
顢	maŋ2	
顛	tin1	1,~倒3倒4:颠倒
顛	tiaŋ1	2,~倒4,~覆2
顙	suaŋ3	
顥	hau3	
顫	tsam5	1,~指4:颤抖的手指
顫	tsiaŋ5	2,~抖2
顬	zi2	
顰	pʰin2	
顴	kʰiaŋ2	
顴	kuaŋ5	
風	hoŋ1	
颺	iaŋ2	
颭	tsam3	1
颭	tsam5	2
颮	pau1	
颯	sap7	
颶	ki4	
颼	sou1	
飄	pʰiau1	
飆	pʰiau1	
飛	pue1	1,~机。红1粉~了2:满面红光
飛	hui1	2,阿1~
食	sek8	4
食	tsiaʔ8	吃、喝、抽:~饭1,~茶2,~烟1
飣	teŋ5	
飧	sun1	
饗	hiaŋ3	
饜	iam5	
餐	tsʰaŋ1	
餔	pu3	
餔	pou6	
餖	tau6	
餗	sok7	
餬	hu2	
餮	tʰiap7	1
餮	tsiaŋ3	2
餵	ui5	
餺	pʰak7	
饆	pit7	
饔	ioŋ1	
饕	tʰau1	
饕	hau1	2
饥	ki1	
飥	tʰak7	
飩	tʰun2	
餼	kʰi5	
飪	zim4	
飫	i5	
飭	tʰek7	
飯	pũi6	1,(变调35)饭,儿语。糜2~:稀饭和干饭
飯	huaŋ4	2,吃~
飲	im3	1,~食
飲	am3	2,米汤:食糜2~。肿遘~吞食:病入膏肓,喻笨到极点。欢2喜遘~滚:高兴到极点
餞	tsiaŋ4	
飾	sek7	
飽	pa3	1,食~:吃饱
飽	pau3	
飼	tsʰi6	1,~鸡:喂养鸡
飼	su2	2,~料
飴	i2	
餌	zi5	1,诱~
饒	ziau2	
餉	hiaŋ3	
餃	kiau3	
餅	piã3	
餑	puak8	
餓	ɡo6	1,~虎扑食1。霎□kʰo6~着1:别给饿着
餓	ŋõ6	2,饥~
餘	i2	
餒	nuẽ3	
餜	kue3	1
餜	puã3	2,发2~:一种年糕
餛	hun2	
餡	ham6	
館	kuaŋ3	
餷	tsa1	
饋	kʰui3	
餿	sou1	1
餿	sou3	2
饞	tsʰam2	2,眼1~
饁	kʰap7	
餾	liu2	1,分3~镏1~金
餾	liu5	3,蒸~水1
饈	siu1	
饉	kin3	
饅	maŋ4	
饌	tsuaŋ4	
饢	laŋ2	1,人3双1徛~:双立人儿
饢	laŋ3	2
首	siu3	
馗	kʰui2	
馘	kok7	
香	hiaŋ1	2,~水1,~花2
香	hiõ1	3,蚊4~
馥	hok7	
馨	heŋ1	
駃	kiak7	
騃	ŋãi2	
騑	hui1	
騠	tʰi2	
騣	tsoŋ1	
騤	kiak7	
驦	suaŋ1	
馬	be3	1,骑2~
馬	mã3	2,~宫,汕尾地名。~上1
馭	ɡi4	
馱	to3	1,~子2
馱	tʰo2	2,~马1
馴	sun2	
馳	ti2	1
馳	tʰi2	2
驅	kʰi1	
駁	poʔ7	1,~斥,反1~
駁	poʔ8	2,~壳1枪
驢	li2	
駔	tsaŋ5	
駛	sai3	
駟	su5	
駙	hu4	
駒	kʰi1	
騶	tsou1	
駐	tsi4	
駝	tʰo2	1,~子2
駝	tʰoʔ8	2,骆~鸵
駑	nu2	
駕	ke5	
驛	ek8	
駘	tai4	1,~荡2
駘	tʰai2	2,驽~
驍	hiau1	
駡	mã4	1
駡	mẽ6	2,~侬,相1~
駰	in1	
驕	kiau1	
驊	hua2	
駱	loʔ8	
駭	hai4	
駢	pʰiaŋ2	
驪	li2	
騁	pʰeŋ5	
驗	ŋiam6	
駸	tsʰim2	
駿	tsun5	
騏	kʰi2	
騎	kʰi2	1,~兵
騎	kʰia2	2,~马1。~茶2:端茶。虎上2身2□kiok8~:事情碰到头上,不得不干
騍	kʰo3	
驂	tsʰam1	
騙	pʰiaŋ5	
騭	tʰek7	
騤	kʰui2	
騷	sau1	1,~扰1,离1~
騷	sau2	2,~客2
騖	mu4	
驁	ŋãu2	
驁	ŋãu4	
騮	liu2	
騫	kʰiaŋ2	
騸	siaŋ5	
驃	pʰiau1	
騾	lu2	
驄	tsʰoŋ1	
驏	tsʰaŋ3	
驟	tsou4	
驥	ki5	
驤	siaŋ1	
骨	kut7	
骭	kaŋ5	
骰	tau3	~仔3:色子
骶	tei3	
骷	kou1	
骸	hai2	
骹	kʰa1	膝盖:~头□a4,原文作“䯊”。~腿:脚腿,~底2:脚底,原文作“脚”
骺	hou4	
骼	keʔ7	
髀	pi3	
髁	kʰo1	
髂	kʰeʔ7	
髃	ɡi2	
髏	lu2	1
髏	lou3	2
髖	kʰuaŋ1	
髕	pin5	
髎	liau2	
髑	tok8	
髓	tsʰue3	
高	ko1	1,~螺:海丰地名
高	kau1	2,~兴2
髡	kʰun1	
髦	mãu2	
髮	huak7	~蜡
髫	tiau1	
髭	tsʰu2	
髯	ziam2	1
髯	ziam3	2
髹	hiu1	
髻	ki5	1,抓2~
髻	kue5	2,鸡~:鸡冠
髻	kit7	3,蝴蝶2~
髽	tsua1	
鬃	tsaŋ1	1
鬃	tsoŋ1	2
鬃	tsioŋ1	3,~生3:畜生
鬅	pʰoŋ2	1
鬅	pʰeŋ2	2
鬈	kʰiaŋ2	
鬍	hou2	~鬚
鬏	tsʰiu1	
鬐	kʰi2	
鬢	pin5	
鬚	tsʰiu1	2,~头:胡子
鬟	huaŋ2	
鬣	laʔ8	
鬥	tau5	1,~闹1热2:凑热闹,原文作“凑”
鬥	tau5	2,~椅:安装椅子
鬯	tsʰiaŋ5	
鬲	keʔ7	1,~津:河北水名
鬲	lek8	2,古代炊具
鬹	kui1	
鬻	iok8	
鬼	kui3	
魁	kʰue1	1,~梧
魁	kʰui2	2,胡3传2~
魂	hun2	
魃	puak8	
魄	pʰaʔ7	1,大2骨~:魁梧
魄	pʰek7	2,~力2,落~
魅	mĩ4	1
魅	muẽ4	
魘	iam5	
魈	siau1	
魎	liaŋ3	
魍	maŋ3	
魏	ɡui4	1,~朝2
魏	ɡui6	2,姓
魑	li2	
魔	mõ2	
魟	hoŋ2	
魮	pʰi2	
魮	pi3	
鮄	hut8	
鮈	kʰi1	
鮓	tsa5	
鮟	aŋ1	
鮠	ui2	
鮡	tiau4	
鮣	in5	
鮤	liak8	
鮨	tsi3	
鮸	miaŋ3	
鯕	kʰi2	
鰆	tsʰun1	
鰶	ki5	
鱅	sioŋ2	~鱼
鱐	siu1	
鱠	kʰue5	
鱲	laʔ8	
鱵	tsim1	
魚	hi2	
魢	ki3	
魷	ziu2	
魨	tʰun2	
魯	lu3	
魴	huaŋ2	
䰾	pa1	
鮁	puak8	
鮃	pʰeŋ2	
鮎	ŋiam2	
鱸	lu2	
鱸	lou2	
鮋	iu2	
鮒	hu5	
鮑	pau1	
鱟	hau6	
鮐	tʰai2	
鮭	kui1	1,~鱼
鮭	kei2	2,腌渍的海味。死软汁~:软绵绵
鮚	kiak7	
鮪	iu3	
鮞	zi2	
鮦	tʰoŋ2	
鰂	tsʰak8	
鮜	au4	~门:海丰地名
鱭	tsi5	
鮫	ka1	
鮮	siaŋ1	3,朝1~
鮮	siaŋ3	4,朝2~
鮮	tsʰĩ1	5,~花2,~鱼,新2~
鮮	tsʰĩ3	6,鲜艳:□tsi3(这)件1衫□kaŋ5~哇1
鯗	siaŋ3	
鱘	tsʰim2	
鯁	kẽ3	
鱺	li2	
鰱	liaŋ2	
鰹	kiaŋ1	
鯉	li3	
鰣	si2	
鰷	tʰiau2	
鯊	sua1	
鯇	uaŋ3	草2~:草鱼
鮶	kun1	
鯽	tsit7	
鯖	tsʰeŋ1	
鯪	leŋ2	
鯫	tsou1	
鯡	hui1	
鯤	kʰun1	
鯧	tsʰiõ1	~鱼
鯝	ku5	
鯢	ŋĩ2	
鯨	kʰeŋ2	
鰺	sam1	
鯴	sak7	
鯔	tsu1	
鱝	hun3	
鰈	tiap8	
鰏	pek7	
鯷	tʰi2	
鰮	un1	
鰓	tsʰi1	
鱷	ɡak8	
鰍	tsʰiu1	
鰍	liu1	鰌~:泥鳅
鰒	hok8	
鰉	huaŋ2	
鰁	tsuã2	
鱂	tsiaŋ1	
鰲	ŋãu2	
鰲	ŋãu4	
鰭	ki2	
鰨	tʰap7	
鰥	kuaŋ1	
鰩	iau2	
鰟	pʰaŋ2	
鰜	kiam1	
鰜	kʰaŋ1	
鰳	lek8	
鰾	pio4	
鱈	seʔ7	
鱉	piʔ7	1
鱉	biʔ7	2
鰻	muã2	
鰻	maŋ4	
鰵	miaŋ3	
鰼	sip8	
鱖	kui5	
鱔	siaŋ4	1
鱔	tsʰuã4	2,黄2~
鱗	lin2	1,遍2体~伤2
鱗	laŋ2	2,鱼~
鱒	tsun1	
鱤	kam3	
鱧	li3	
鱣	tsiaŋ1	
䲘	kuaŋ3	
鳲	si1	
鴂	kiak7	
鵁	kau1	
鵏	bu3	
鵟	kʰuaŋ2	
鵩	hok8	
鶖	tsʰiu1	
鶗	tʰi2	
鶠	iaŋ5	
鶡	hak7	
鶣	piaŋ3	
鶲	oŋ1	
鷁	ŋek8	
鷊	ŋek8	
鷞	suaŋ1	
鷟	tsok8	
鷿	pʰek7	
鸏	moŋ2	
鸑	ɡak8	
鳥	tsiau3	1,~仔。膦~:输精管,输精管和阴囊的统称,原文作“屌”
鳥	ziau3	2,掇1~街:汕尾街道名
鳥	niãu3	3,~儿,小2~
鳥	niãu5	4,鹦哥~:鹦鹉
鳩	kʰiu1	
雞	kei1	
鳶	iaŋ1	
鳴	meŋ2	
鷗	au1	
鴉	a1	1
鴉	au1	2,~片
鶬	tsʰaŋ1	
鴇	pau3	
鴆	tim5	
鴣	kou1	
鶇	toŋ1	
鸕	lou2	
鴨	aʔ7	
鴞	hiau1	
鴦	io1	1,鸳2~
鴦	iaŋ1	2,鸳1~
鴒	leŋ2	
鴟	tsʰi1	
鴝	kʰi2	
鴛	in1	1,~鸯2
鴛	uaŋ1	2,~鸯1
鷥	si1	
鷙	tsi5	
鴰	kuak7	
鵂	hiu1	
鴴	heŋ2	
鵃	tsiu1	
鴿	kap7	
鸞	luaŋ2	
鴻	hoŋ2	
鵐	bu2	
鵓	puak8	
鸝	li2	
鸝	zi2	
鸝	liu2	
鵑	kiaŋ1	
鵠	kʰok7	1,~的2
鵠	hok7	2,~立
鵝	ɡo2	
鵝	pou4	~:海丰地名
鵒	iok8	
鷴	hiaŋ2	
鵜	tʰi2	
鵡	bu3	
鵲	tseŋ1	
鵲	tsʰiak7	
鶓	miãu2	
鵪	am1	
鵾	kʰun1	
鵯	pi1	
鵬	pʰaŋ2	1,~程1万2里1
鵬	pʰaŋ2	
鵬	pʰoŋ2	2,大2~鸟1
鵮	kʰiam1	
鶉	tʰun2	
鶉	sun2	
鶊	keŋ1	
鶘	hu2	
鶚	ɡak8	
鶻	kut7	
鷀	tsi2	
鷀	tsʰu2	
鶥	bai2	
鶩	mu4	
鷊	tʰek7	
鷂	iau2	
鶺	tsit7	
鶼	kiam1	
鶴	hoʔ8	
鸚	eŋ1	
鷚	liau4	2,~鹭
鷚	liu5	
鷯	liau2	
鷦	tsiau1	
鷦	tseʔ7	
鷲	tsiu4	
鷸	huaŋ1	
鷸	lut8	
鷺	lu4	1,白1~
䴉	huaŋ2	
鸇	tsiaŋ1	
鷹	eŋ1	
鸛	kuaŋ5	
鹹	kiam2	3,~菜,~鱼。~水1:与淡水相对。~猪骨头:吝惜
鹿	tiok8	
麀	iu1	
麂	ki3	
麇	kʰun2	2,~集
麈	tsi3	
麋	mĩ2	
麑	ŋĩ2	
麒	kʰi2	
麓	lok8	
麖	kiã1	
麝	sia6	
麟	lin2	
麥	beʔ8	
麨	tsʰa3	
麰	mou2	
麴	kʰiok7	
麴	kiok7	~酒:酿酒
麩	hu1	1,~皮2
麩	hau6	2,麦~茶2:麦子熬成的茶
麻	ba2	1,手1~~
麻	mã2	2,~利1
麻	muã2	3,~雀2
麽	mõ1	
麾	hui1	
黃	huaŋ2	1
黃	ũi2	2,~色
黌	hueŋ2	
黍	si3	
黎	li2	1,巴1~
黎	lei2	2,~明1
黏	niam2	
黐	tʰi6	1,米汤浓,带有粘性
黐	tʰĩ6	3,松3~:松香
黑	hek7	
黔	ŋim2	
默	miak8	
黛	tai4	
黜	tʰuak7	
黝	iu3	
黟	i1	
黠	kʰiak7	
黢	tut7	
黥	kʰeŋ2	
黧	li2	
黯	am5	
黹	tsi3	2
黹	tsãi3	2
黻	hut7	
黼	hu4	
黾	min3	
黿	ŋiaŋ2	
鼉	tʰo2	
鼎	teŋ3	1,~足
鼎	tiã3	2,铁锅
鼓	kou3	大2舌~:结巴
鼕	toŋ1	
鼙	pi1	
鼜	kʰi5	
鼟	tom6	1
鼟	teŋ1	2
鼠	tsʰi3	
鼢	hun1	
鼥	puak8	
鼧	tʰo2	
鼩	kʰi2	
鼫	tsioʔ8	
鼬	iu6	
鼯	ɡou2	
鼱	tseŋ1	
鼷	hi2	
鼹	iaŋ3	
鼻	pʰĩ6	2,割~军师1:专门出馊主意的人
鼽	tsʰiu2	
鼾	haŋ3	1,~声
鼾	huã2	2,睏□nin3□to3~:睡觉时在打鼾
齁	hau1	
齆	aŋ5	~鼻□nẽ5:齆鼻儿
齉	laŋ3	1
齊	tsʰi2	1,百花2~放3
齊	tsei2	2,~心
齏	tsi1	
齘	hai4	
齡	leŋ2	
齮	i3	
齴	ŋiaŋ5	
齒	kʰi3	1,牙2~
齒	ɡi3	2,锯仔3~:锯齿
齔	tsʰin5	
齟	tso3	
齙	pʰau5	~牙2
齠	tʰiau1	
齜	tsu1	
齦	ŋin2	
齬	ɡi3	
齪	tsʰok7	
齲	i3	
齷	ok7	
龍	loŋ2	1,尼~
龍	lioŋ2	2,~王1
龔	kioŋ3	
龕	kʰam1	
龜	ku1	1,乌~。长1短1~:长短不一
龜	kʰiu1	2,~兹:古代西域国名
龠	iak8	
儭	tsʰin5	
𠜱	pʰei1	~番薯:削番薯,原文作“批”
𠢕	ɡau2	□tsi3个2郎仔3侬□kaŋ5~哇1:这个小孩很乖哇,原文作“乖”
𠺖	mou3	
𣍐	bei4	不会:~做侬,~驶船1嫌溪弯1,~讲2话2,~做工2课,原文作“𠀾”
𣛮	siã5	
𣴓	kiaŋ4	
𥔲	ɡak8	
𥬯	kʰau3	
𥴊	kam3	
𨻧	liu2	
𩩍	pʰiã1	~篱骨:肋骨
