#漢字	音標	解釋
□	liɔr0	
□	niɐr1	
□	liər1	
□	lyər1	
□	tsɛe0	1擎~、蛋~等幾個暱稱專用
□	pia1	1~一下:象聲
□	lɛe1	1打圪~:因著涼而發出類似打嗝的反胃的動作;圪~~一聲,象聲
□	piɐr1	1
□	miɐr2	
□	zɛe0	2擎~、蛋~、二~、三~等幾個暱稱專用
□	lɛe2	2圪~~一聲,象聲
□	pia3	2~一下:象聲
□	piɐr3	2
□	niɐr3	
□	piaʔ0	3~~□3~~□3的:形容連續發出的“□”聲,第一、第二、第四、第五個~讀輕入,第三個□3讀本調陰平,第六個□3讀本調陰平或變調上聲
□	lɛe3	3圪~~一聲,象聲
□	nia1	~~的:形容吃飯或說話不痛快,前一個~讀陰平,後一個~讀上聲
□	tʰu1	~點:暗害
□	tsu1	~筆伐
□	kuɛe1	~~的:喝水聲,前一個~讀陰平,後一個~讀變調上聲
□	mia2	~兒鳴:貓叫聲
□	pa3	~~:屎或髒東西,後一個~讀輕聲
□	pʰia3	~子:錢鈔
□	nə̃3	~著啦:被突出的物件砸壓著了
□	tsʰua5	~啦:倒了、灑了或散落了
□	paʔ	~掐
□	liɔ1	克~:肚子似飽非飽似餓非餓的感覺
□	tʰia1	吆喝牲畜讓絆聲
□	tʰua2	和好的麵等較軟的東西站立不住團住了:麵也~啦
□	zæ5	和泥用的麥秸類物
□	lɛe1	土~:髒
□	zə̃1	圪~~:小聲哭
□	tsʰua2	攤~餅:一種用麵糊攤烙的餅
□	tɕyɛ1	毛圪~子:出生幾個月內的嬰兒
□	lyɛ5	液體稠或渾濁不清;~麵:加麵攪和使摻和均勻
□	ly1	獨~:滑動
□	lyɛ3	用鍬鏟使集聚或轉移;集聚或湧上,如:人全~在門口啦
□	tsʰuəʔ	用腳、屁股、手支撐著向下滑動、下滑
□	tsɿ5	碗上有根~兒哩,~須兒化;划~:划道子
□	tɕʰiəʔ	肚~的:肚脹難受
□	tɕʰia1	舊,~下啦:生下小孩了
□	liə̃1	趙~的、日~的:惹人討厭的樣子
□	lyə̃5	這一~子感冒的人真多:這一階段感冒的人真多
□	tsɿ1	醢的
□	nia3	黃~~:大便,後一個~讀輕聲
□	lau1	黑~、圪~:都指反復地淘、桶、攪
䊩	tsʰuəʔ	2(本字為“米+威”)~糰子
一	i1	1~准;~二:口令;~二~:體操口令
一	iəʔ	2~個
一	iər5	
丁	tiə̃1	
丁	tiər1	
七	tɕʰiər5	
七	tɕʰiəʔ	
丈	tsɔ5	
三	sæ1	
三	sɐr1	
上	nau2	
上	sɔ5	2面;~山
上	səʔ	3用在重讀的入聲後,如:扎~他是好不啦
上	səʔ0	4用在舒聲或輕讀的入聲後,如:天~
上	tsɔ5	
下	ɕia5	1~去
下	ɕia0	2把那吃個~子;馬~
下	ɕiər3	
下	ɕiaʔ	3秕皮~臉的
下	səʔ0	4用在舒聲或輕讀的入聲後,如:坐~
下	səʔ	4用在重讀的入聲後,如:扎~灰根兒啦
不	pa5	1否定詞,單用
不	po0	2吃哩~
不	pʰɛe3	
不	pɔ5	3表示否定
不	pəʔ	4~好;~淋~淋的:雨下得不緊不慢
不	pəʔ0	5非疊字詞綴“~溜採的、溜~採的、~拉嘰的、~剩的、~溜球的”中的讀音
丐	kɛe5	
丑	tsʰeu3	
且	tɕʰiɛ3	
世	sɿ5	1~道
世	səʔ	2可天~界
丘	tɕʰieu1	
丙	piə̃3	
丞	tsʰə̃2	
丢	tiaur1	
丢	teu1	1就~三個人啦
丢	tieu1	2~失;~抹:塗抹、抹弄
丢	tiəʔ	3“光~~的”等“A~~的”式形容詞詞綴“~~的”中前一個“~”的促化音
並	piə̃5	~州;且~
丫	iɐr1	
丫	ia1	1~頭;尋~兒哩;~錐:固定門環之物
丫	ia2	2枝~;腳~子
中	tsuər0	1
中	tsuə̃1	1~間
中	tsuə̃3	2射~
中	tsuər3	2
中	tsuə̃5	3~舉
中	tsɔ5	
串	tsʰuæ5	
串	tsʰuɐr5	
丸	væ2	
丸	vɐr2	
丹	tæ1	1
丹	təʔ	2“紅~~的”等“A~~的”式形容詞詞綴“~~的”中前一個“~”的促化音
主	tsu3	
主	tsuor3	
乃	nɛe3	
久	tɕieu3	
之	tsər0	
之	tsɿ1	
之	tsɿ2	1
之	tsəʔ0	2總~
乍	tsa5	~驚~~
乎	xu1	1
乎	xu0	2作單音節動詞、單音節形容詞後綴時的讀音,如:捉~、拉~;“AA 乎乎的”式形容詞後邊的重疊部分的讀音,如:毛毛兒~~的;名詞(包括名詞詞組、句子)後綴“乎乎的”中的讀音,如:狗蹅竄兒~~的、沒運氣~~的、二杆子~~的
乎	xuəʔ	3“大~~的”等“A~~的”式形容詞詞綴“~~的”中前一個“~”的促化音
乎	tɕʰiɛ5	得勁兒
乏	fa2	1疲~
乏	fa3	2缺~
乒	pʰiə̃1	
乒	pʰiər1	
乒	pʰaʔ	
乖	kuei1	
乖	kuər1	
乖	kuər2	
乘	tsʰə̃1	1~法
乘	tsʰə̃5	2~坐;上~
乘	sə̃5	3千~之國
乙	iəʔ	
乜	miɛ3	1
乜	niɛ0	2瞅~:有意地偷看
九	tɕieu3	
九	tɕiaur3	
乞	tɕʰi0	1求~;央~
乞	tɕʰiəʔ	2~求
也	iɛ3	1
也	iɛ0	2詞綴“~似似的”中的讀音
乳	zu3	
乾	kɐr1	1
乾	tɕʰiɛ2	~坤
亂	tɕiər1	
亂	læ0	2詞綴“污~的、~污的”中的讀音
亂	læ5	
了	liau3	1~結;~手;~~
了	liaur3	1
了	nau2	
了	liau5	2抱~瓜手
了	liəʔ	3用在入聲後的讀音,如:吃~三個、扎~五個人
了	liəʔ0	4用在舒聲或輕讀的入聲後的讀音,如:拿~三個、來~五個人、叫他爹搗亂~一頓
予	y2	1代詞
予	y3	2授~
予	y5	3~以
事	sɿ5	
事	sər5	
二	ər5	
于	y2	1
互	xu5	
五	vu3	
五	vor3	
井	tɕiə̃3	
井	tɕiər3	
亙	kə̃3	
些	ɕiɐr0	1
些	ɕiɛ1	1~許;點子~子
些	ɕiɐr1	1
些	ɕiɛ2	2好~人;這~~人:後一個~讀輕聲或上聲;那~~人:後一個~讀輕聲或上聲;這~人;這麼多人
些	ɕiər0	3
些	ɕiɛ3	3~微;細豁~兒;這~人還叫人哩;這~東西們灰得就短接他啦
些	ɕiər3	3
些	ɕiɛ0	4一~~;這~兒;有~兒;某~兒;細豁~兒
些	ɕiər0	4
些	ɕiəʔ	5好~些:~屬結構變調
亞	ia5	
亟	tɕiəʔ	
亡	vɔ2	
亢	kʰɔ1	1~了三天~過去啦
亢	xɔ2	1引~高歌;~喊
亢	kʰɔ1	2~奮
亢	kʰɔ3	2不卑不~
交	tɕiau1	
亥	xɛe5	
亥	xər5	
亦	iəʔ	
亨	xə̃2	
享	ɕiɔ2	1~年;~受
享	ɕiɔ3	2~受;分~
京	tɕiə̃1	
亭	tʰiər1	
亮	liɔ5	
亮	liɔr5	
人	zər0	
人	zə̃2	
人	zər2	
什	səʔ	
仁	zə̃2	
仁	zər2	
仆	pʰu1	1前~後繼
仆	pʰaʔ	2~人
仇	tsʰeu2	1報~
仇	tɕʰieu2	2姓
今	tɕiə̃1	
今	tɕiər1	
介	tɕiɛ5	
仍	zə̃2	
仕	sɿ5	
他	tʰa1	
他	tʰəʔ	2~媽的
他	tʰəʔ0	3
付	fu5	一~藥;湊~
仙	ɕiɛ1	
仡	i5	
仡	tɕʰiəʔ	
仡	tɕʰiəʔ	用拳頭的前部指關節打人,使力方向是向前:~你一圪嘟
代	tɛe5	
令	liə̃3	1~紙
令	liə̃5	2節~;命~
以	i3	
仨	sa1	1~梅~梅:劃拳口令之一
仨	sæ1	2
仰	niɔ3	1半~不躺
仰	iɔ1	2瞻~
仰	iɔ2	3~頭
仰	iɔ3	4~生:屋內頂部類似天花板的設施
仲	tsuə̃1	
件	tɕiɛ5	
件	tɕiɐr5	
任	zə̃2	1姓
任	zər2	
任	zə̃5	2~務
份	fər0	
份	fər5	
份	fə̃5	~兒
仿	fɔ3	~效;相~;~佛
企	tɕʰi2	
伊	i2	
伋	tɕi2	1屎~:耍奸使詐
伋	tɕi5	2~鼻:遊戲或賭博時愛使奸要詐或耍賴
伋	tɕiəʔ	3級~
伍	vu3	
伏	fu2	1~天
伏	fəʔ	2降~
伐	fa2	1~木
伐	fa3	2北~
休	ɕieu1	
伙	xuə3	
伯	pa3	1阿拉伯~數字
伯	pɛe0	2大~子:~讀輕聲
伯	pər0	2
伯	paʔ	3~父
伯	pəʔ	4~土~勞兒:本地伯勞鳥
估	ku3	~計
伴	pæ5	
伴	pɐr5	
伶	liɐr0	
伶	liə̃2	1~俐
伶	liə̃5	2苦~
伶	liə̃5	3聆
伶	liə̃2	~兒:人稱代詞附加成分,須兒化
伸	sə̃1	
伺	tsʰɿ5	1~候
伺	sɿ5	2~機
似	sɿ0	2詞綴“也~~的”中的讀音
似	səʔ0	3急抓~挶的
佃	tiɛ5	
但	tæ5	
佇	tsu5	
佈	pu5	
位	vei5	
位	vər5	
低	ti1	
低	tiər1	
低	tiər2	
住	tsu5	1
住	tsu0	2位於舒聲或輕讀的入聲後的讀音
佐	tsuə3	1有時用於二字人名兒後字
佐	tsuə5	2輔~;用於人名兒後字
佑	ieu5	
何	xuə2	
余	y2	
余	sɤ2	
佛	fo2	1
佛	for2	1
佛	fəʔ	2彷~
作	tsuaʔ	1工~;~坊
作	zəʔ	
佞	niə̃3	1好~
佞	niaʔ	2奸~
佟	tʰuə̃2	
你	ni3	
佣	yə̃3	1雇~
佩	pʰɛe5	
佬	lau3	
佬	laur3	
佯	iɔ2	
佳	tɕia1	
佴	ər3	擱置、停留、留下
使	sɿ3	
侃	kʰæ3	
來	lɛe1	1上不~、下不~、回不~、出不~
來	nau2	
來	lɛe2	2雷擂1~鼓
來	lɛe3	3~孫
來	lɛe0	4詞綴“來來”中的讀音,如:這~~、那~~;用在數詞後表示大概的助詞“來的”中的讀音,如:六斤~的重、一尺~的長、八百~的
來	læ5	5作趨向補語或句末語氣詞時位於重讀的入聲後的讀音
來	læ0	6婥~、著~;我~;作語氣詞位於舒聲或輕讀的入聲後的讀音
侈	tsʰɿ3	奢~
侉	kʰuɐr3	
侉	kʰua3	~子:外地人
例	li5	
例	liər5	
侍	tsʰɿ5	1~候
侍	sɿ5	2陪~
侖	luə̃1	1村名“昆~崖”中的變音
侖	luə̃2	2昆~山
侗	tuə̃5	1~嚇
侗	tʰuə̃2	2~嚇
侗	tʰuə̃2	~貨:傻子
供	kuə̃1	1~不起啦;~手
供	kuə̃5	3~給;~養;上~
依	i1	
侮	vu1	1~蔑
侮	vu3	2欺~
侯	sɿ5	1似~
侯	xeu2	
侵	tɕʰiə̃1	
便	piɛ5	1得~
便	piɐr5	1
便	pʰiɛ2	2~宜
便	pʰiɛ2	“婆爺”的合音,陽~:太陽、陽光
促	tsʰuəʔ	
俄	nuə2	
俊	tsuə̃5	1長得真~
俊	tɕyə̃5	2英~
俊	tɕyə̃5	葷油及肉類受冷凝固,城西區多用,義同城關的“洪”
俏	tɕʰiau5	
俗	ɕyəʔ	
俘	fu2	~虜
保	pau3	
保	paur3	
俞	y2	
俠	ɕia2	1大~
信	ɕiər5	
信	ɕiə̃5	~件;~礌:~石
修	ɕieu1	
俯	fu3	
俱	tɕy5	百廢~興;與生~來;家~:一般指家庭用的櫃子、箱子、桌子等木器用具
俺	næ3	
倆	liɐr0	
倆	liɐr1	
倆	lia1	1~人
倆	lia1	1~一聲:貓叫聲或小兒啼哭聲;~~:貓叫聲或小兒啼哭,後一個~讀輕聲
倆	lia3	2~一聲:貓叫聲或小兒啼哭聲
倆	liɔ3	2單字音:伎~:輕聲詞
倆	liɐr3	
倆	liaʔ0	3~~倆3~~倆3的:模擬貓叫聲或小兒哭聲,第一、第二、第四、第五個~讀輕入,第三個倆3讀本調陰平,第六個倆3讀本調陰平或變調上聲
倉	tsʰɔ1	
個	kuə5	1~子:一般指人的身高,又指捆好的穀黍等莊稼捆兒;~~:每個,後一個~讀輕聲
個	kuor5	1
個	kaʔ	2~人的
個	kər0	3
個	kər1	3
個	kər3	3
個	kər5	3
個	kəʔ	3~位;~人;整~;十~;~體
個	kəʔ0	4表示概數的詞“來~”中的讀音
倍	pei5	
們	məʔ	1
們	məʔ0	2作詞尾時的讀音,如:你~、人~、俺~、這會兒~、學生~、您兒~、父兒~、司機~
倒	tau3	1顛~;打~
倒	tau5	2~水
倒	taur3	
倔	tɕyɛ5	1真~
倔	tɕyaʔ	2~強
倘	tʰɔ3	~若
候	xeu2	
候	səʔ	
倚	i1	1~仗
倚	i3	2不偏不~
借	tɕiɛ5	
倡	tsʰɔ5	提~
倦	tɕyɛ5	
倩	tɕʰiɛ1	
倪	ni2	
倫	luə̃2	
倭	vo1	
值	tsɿ2	1~錢
值	tsəʔ	2~日;價~,輕聲詞
假	tɕia3	1真~
假	tɕia5	2放~
偉	vei1	
偎	vei1	1圪~
偎	vei5	2依~
偏	pʰiɐr0	
偏	pʰiɛ1	1~正;路~
偏	pʰiɛ3	2路~得可厲害;~梁(本縣南山區一地名)
做	tsu5	1~飯
做	tsuəʔ	2~事
停	tʰiə̃1	
停	tʰiər0	1
停	tʰiə̃2	1~止
停	tʰiər1	2
停	tʰiə̃3	2~點哇:不要亂動啦;~停的:前一個讀上聲,後一個讀變調陰平
停	tʰiə̃5	3~苦:等待、預備
健	tɕiɛ5	
偵	tsə̃1	
偶	neu3	木~;~啦:兩個兒一樣了
偷	tʰeu1	
偷	tʰaur1	
僞	vei3	
傀	kʰuei1	~儡
傅	fu5	師~;姓~
傍	pɔ1	1~晚
傍	pɔ5	2依~
傘	sæ3	
備	pi5	1
備	pei1	2預~起:開始做某事的口令
傢	tɕia1	~具
催	tsʰuei1	
傭	yə̃5	2~人
傲	nau5	驕~
傳	tsuæ5	1~記
傳	tsʰuæ2	2~達
債	tsɛe5	
傻	sa3	1大~傻
傾	tɕʰiə̃3	
像	ɕiɔ5	1
像	ɕyaʔ0	2就~
像	ɕiɔr5	
僑	tɕʰiau2	
僚	liau2	官~
僥	tɕiau1	~幸
僧	sə̃1	
價	tɕia5	1~錢
價	tɕiɛ0	2常一天~;詞尾:沒有~;語氣詞
價	tɕiəʔ0	3常一天~:詞尾
僻	pʰiəʔ	
儀	i2	1
儀	i5	2半圓~
儂	nɔ1	代詞,中指或遠指
億	i5	
儉	tɕiɛ3	
儒	zu2	
償	tsʰɔ2	
儡	lɛe3	
優	ieu1	憂
優	ieu1	扔、投
儲	tsʰu2	~備
儻	sɔ3	2
儼	iɛ2	
允	iə̃3	1~許
允	yə̃3	2應~
元	yɛ2	
兄	ɕyə̃1	
充	tsʰuə̃1	1~張:物多;~軍
充	tsʰuə̃3	2~分;~當;~公
充	tsʰuə̃5	3錢兒~
兆	tsau1	1瑞雪~豐年
兆	tsau5	2~頭:預~
先	ɕiɛ1	
光	kɔ1	1~亮
光	kɔ5	2~鏡兒疤:發光的疤痕
克	kʰɐr3	
克	kʰəʔ	
兑	tuei5	1~水
兑	tʰuei5	2舊,~現
免	miɛ3	
兒	ər2	1我~;~子
兒	tʰaur2	
兒	tsʰɐr2	
兒	ər3	2官~:本縣南山區一村名
兒	iər5	
兒	piaur1	~一下:象聲。~讀又音陰平
兒	pʰiaur1	~一下:象聲,形容速度很快。~讀本調陰平
兒	ɕiaur1	~羞兒:戲逗小孩兒時用語。前邊的~讀陰平,後邊的羞兒讀輕聲
兒	piɐr1	~一下:象聲。~讀本調陰平
兒	pʰiɐr1	~一下:象聲。~讀本調陰平
兒	liɐr1	~倆兒的:形容貓叫聲或小兒啼哭聲。前邊的~讀本調陰平,後邊的倆兒讀變調上聲
兒	ɕiɐr1	~
兒	pʰiər1	~啪
兒	niər1	~來啦
兒	tɕiər1	~來的
兒	xuor1	~呼兒的:形容氣喘吁吁的樣子。前邊的~讀本調陰平,後邊的呼兒讀變調上聲
兒	tsʰuɐr1	~欵兒的:象聲。前邊的~讀陰平,後邊的欵兒讀變調上聲
兒	tɕyɐr1	~蹶1兒的:形容人走路時腳邁得又高又快的樣子。前邊的~讀本調陰平,後邊的蹶1兒讀變調上聲
兒	ɕyər1	~的:自我感覺良好的樣子
兒	pʰɐr1	~的一聲:~讀本調陰平
兒	vɐr1	~哇兒:哭。前邊的~讀陰平,後邊的哇兒讀輕聲
兒	zɐr1	~啦:蔫了。~讀本調陰平
兒	kʰɐr1	~咳兒的:形容咳嗽聲。前邊的~讀又音陰平,後邊的咳兒讀變調上聲
兒	vɔr1	~汪1兒的:象狗叫聲,詞中~讀又音陰平,後邊的汪1兒讀變調上聲
兒	fər1	~蜜
兒	vər1	~嗡兒的:前邊的~讀陰平,後邊的嗡兒讀變調上聲
兒	tər1	~駕(駕讀又音陰平):吆喝馬驢騾和牛向前的聲音,~屬兒化變調
兒	tsər1	~吱兒;~吱兒的
兒	sər1	~噝兒:小鳥叫。前邊的~讀陰平,後邊的噝兒讀輕聲
兒	kʰər1	~咳5兒的:形容咳嗽聲。前邊的咳5兒讀兒化變調陰平,後邊的~讀兒化變調上聲
兒	miaur2	~嗚:模仿貓叫聲
兒	niaur2	~們:長輩婦女與男女晚輩的合稱,~讀又音陽平;奶~:奶頭或乳房,~讀又音陽平;~娘2兒:乳房、乳頭或讓孩子過來吃奶。前邊的~讀又音陽平,後邊的娘2兒讀輕聲
兒	ɕiaur2	~一個:戲逗小孩兒時用語,讓其做鬼臉
兒	miɐr2	~嗚:貓叫聲或模仿貓叫聲。~讀陽平
兒	miər2	~來哇;用於姓名末字或非疊字小名後字或疊字小名前字
兒	tuor2	~哩、毒~的
兒	luor2	~匠
兒	tʰuər2	~:貶指童男
兒	kuər2	~滾兒滾兒滾兒:吆喝牲口打滾兒的口令。~讀兒化變調陽平,後邊的3個滾兒讀兒化變調輕聲
兒	xuər2	~也不在了
兒	tsʰɔr2	~場1兒輸:前邊的~讀陽平,後邊的場1兒讀輕聲
兒	vər2	~粗
兒	piaur3	~一下:象聲。~讀又音上聲
兒	pʰiaur3	~一下:象聲,形容很快。~讀又音上聲
兒	miaur3	~你哩:蔑視你呢
兒	piɐr3	~一下:象聲。~讀又音上聲
兒	pʰiɐr3	~一下:象聲。~讀又音上聲
兒	tiər3	~厚頂兒圪~;不~啦
兒	vor3	~一下:人或物快速經過的聲音
兒	tsuor3	~家
兒	tʰuɐr3	~匠:做事笨拙不懂裝懂的人
兒	tsuər3	~啦
兒	pʰɐr3	~的一聲:~讀又音上聲
兒	vɐr3	~一聲:象聲
兒	kɐr3	~孫:~高;秤~
兒	xɐr3	~蟆:喉頭
兒	pɔr3	~的一聲:象聲
兒	pʰɔr3	~一聲:象聲
兒	vɔr3	~球鞋
兒	vər3	~完:事情完結了或喻指人死了,~屬兒化變調
兒	kaur5	~~咩:喚羊聲。~讀兒化變調去聲
兒	tɕiɐr5	~:角色,~屬兒化變調
兒	tɕiɔr5	~~的夠吃
兒	tɕiər5	~大
兒	ɕiər5	~熟了
兒	for5	~們
兒	vor5	~且煙耿的:形容跑得快
兒	kuɐr5	~啦也沒飯啦:俗語
兒	tuər5	~蹾:屁股蹾,~屬兒化變調
兒	tsʰuər5	~頭
兒	tɕyər5	~駒兒駒兒駒兒:喚馬驢騾的聲音。前邊的~讀兒化變調去聲,後邊的3個駒兒讀兒化變調輕聲
兒	tɕyər5	~菜:野菜名,~屬兒化變調
兒	tɐr5	~弓
兒	kɔr5	~了:飛快地跑了
兒	pər5	~小
兒	fər5	~內
兒	tər5	~嘚兒嘚兒嘚兒:吆喝馬驢騾向裡轉彎的聲音。~讀兒化變調去聲,後邊的3個嘚兒讀兒化變調輕聲
兒	tʰər5	~村:村名,~屬兒化變調
兒	kəʔ	
兒	niɐr3	□兒~的:形容吃飯或說話不痛快。前邊的□兒讀陰平,後邊的~讀變調上聲
兒	niər0	一圪擰~:最後的一點,表示很少或很近
兒	liər0	一歷~:副詞,表示事物的數量或動作的程度逐步增加
兒	ɕiər0	一~;為啥~
兒	por0	一步差了,步兒~也走不對:前邊的步兒讀去聲,後邊的~讀輕聲
兒	xuor0	一夥兒~:前邊的夥兒讀上聲,後邊的~讀輕聲
兒	xuər0	一共也用不了多大~
兒	vɐr0	一碗兒~:前一個碗兒讀陰平
兒	tɐr0	一~:打麻將時相合的兩到三張牌,~屬兒化變調
兒	lɐr0	一忽~地方不賴
兒	tsɐr0	一圪沾~
兒	tsər0	一陣~
兒	tsər0	一至~:副詞,表示事物的數量或動作的程度逐步增減
兒	paur1	一~
兒	iaur1	一天起來嘴油~的:~讀變調陰平
兒	tsuor1	一圪~
兒	tuər1	一~
兒	tsuər1	一圪~:一小堆兒
兒	pɐr1	一~大
兒	pɐr1	一~人
兒	tɐr1	一~:一塊兒
兒	tsɔr1	一~:一種、一點、一方面
兒	sər1	一~衣裳
兒	ɕiɐr2	一~火柴
兒	tɕiər2	一圪~:一節,~屬兒化變調
兒	tɕiər2	一圪~:一截
兒	tʰuor2	一~:一塊兒
兒	luor2	一嘟~
兒	xuor2	一齊~:一共、總共
兒	luər2	一~;三~車;砂~
兒	lyər2	一~
兒	pʰɐr2	一~
兒	fɐr2	一~的
兒	tʰɐr2	一~:量詞,如一~紙
兒	lɐr2	一忽~
兒	xɔr2	一~
兒	xɔr2	一種麵食
兒	vər2	一個
兒	tsʰər2	一~
兒	maur3	一~:一齊、一塊兒
兒	liaur3	一圪~
兒	tɕiər3	一~:反正、乾脆、索性
兒	mor3	一~坡兒:較緩的坡
兒	mor3	一公一~
兒	xuor3	一~
兒	tʰuər3	一條~
兒	kʰuər3	一小~
兒	tɕyɐr3	一~衛生紙
兒	lyər3	一~一~的
兒	vɐr3	一早一~
兒	tsʰɔr3	一~戲
兒	pər3	一~
兒	tʰər3	一~下:象聲,~屬兒化變調
兒	liaur5	一排~
兒	tɕʰiaur5	一~不通;開~
兒	piɐr5	一~
兒	tɕiɐr5	一~
兒	iɐr5	一~
兒	iər5	一~的:很一致,~屬兒化變調
兒	for5	一~:打麻將時合在一起的兩張或三張牌
兒	luor5	一~
兒	kʰuor5	一~的:~讀又音去聲
兒	tsʰuɐr5	一~
兒	tuər5	一~
兒	tsʰuər5	一~:~屬兒化變調
兒	suər5	一~
兒	suər5	一~:~屬兒化變調
兒	kʰuər5	一~豆腐;十來八~(錢)
兒	kʰuər5	一會兒~也沒有;轂~;抽~
兒	xuər5	一~
兒	pɐr5	一~
兒	tʰɔr5	一~
兒	lɔr5	一殼~:一套
兒	kɔr5	一~線
兒	pər5	一~:小土坑。前邊的~讀兒化變調去聲,後邊的埠兒讀兒化變調輕聲
兒	fər5	一~
兒	tsər5	一~:~屬兒化變調
兒	tsər5	一~
兒	sər5	一色~灰:~屬兒化變調
兒	kər5	一~、整~、七~八~:~屬兒化變调
兒	tsʰər5	七~:罵人有點傻
兒	tɕiər0	三圪~:三段、三截
兒	tsʰər0	三~
兒	kər0	三~:~屬兒化變調
兒	miaur1	三兩~
兒	tɕʰyɐr2	三不~四不動兒
兒	tuər5	三不全四不~
兒	pər5	三六十七~:十七八歲,~屬兒化變調
兒	pʰor0	上~
兒	sər0	上半~
兒	kaur1	上~
兒	pʰor1	上~
兒	tɔr5	上~啦
兒	pʰɐr0	下~棋
兒	pɐr1	下~啦
兒	laur0	不大點兒個小爐~
兒	tuor0	不多兒~啦:前邊的多兒讀陰平,後邊的~讀輕聲
兒	yər0	不因不~:沒有原因也不以人的意志為轉移
兒	tsɐr1	不~:~讀又音陰平
兒	sər1	不做~
兒	tsɐr3	不認~
兒	kɐr3	不~古:不好
兒	tsər3	不零不~
兒	iər5	不正~
兒	lər5	不~
兒	tuər3	丟~
兒	tɕiɐr0	中~
兒	vɐr5	中間是個~
兒	kuər1	乖~的
兒	kuər2	乖~的:~屬語法變調
兒	tsʰɐr1	二股~
兒	sər3	二~
兒	tɕʰiər5	五十六~:~屬兒化變調
兒	xər5	亥~的:恰巧、恰好
兒	zər0	人兒~:前邊的人兒讀陽平,後邊的~讀輕聲
兒	yɐr2	人~
兒	kuor3	人參~;用於姓名末字或小名兒後字
兒	vor5	人~
兒	liɐr0	他~:尊稱他
兒	tiər1	低~的
兒	tiər2	低~的:~屬語法變調
兒	tɕiər3	余~:街名
兒	kʰɐr3	佛~
兒	vər2	作~;用於姓名末字或非疊字小名後字或疊字小名前字
兒	kuor1	你們城西肩膀骨叫膀~哩,俺們城裡頭叫膀勾兒哩:~屬兒化變調
兒	fər1	信~
兒	liɐr0	倆兒~:貓叫或小兒啼哭。前邊的倆兒讀本調陰平,後邊的~讀輕聲
兒	liɐr3	倆兒~的:形容貓叫聲或小兒啼哭聲。前邊的倆兒讀本調陰平,後邊的~讀變調上聲
兒	nuor2	倒拿~:反過來說人
兒	tsʰər5	倒~:~屬兒化變調
兒	niaur3	候~
兒	tsʰuor1	借~
兒	tsɔr1	假伴~
兒	pʰiɐr0	偏~
兒	pʰɔr2	偏~
兒	tʰiər0	停~呀可定定兒呀
兒	tʰiər1	停~的吧:~讀變調陰平
兒	lɐr3	偷~
兒	niɐr1	光剝~:~讀又音陰平,光滑裸露的樣子
兒	tsʰuɐr1	全~的:~讀變調陰平
兒	tɕʰyɐr1	全~的:~讀變調陰平
兒	tsʰuɐr2	全~的:詞中~讀變調陽平
兒	pɐr0	兩~鼓匠
兒	maur2	兩根黃~:美人~
兒	iər2	兩家~:用牌九賭博術語
兒	miər3	兩~稀粥
兒	yɐr2	八大~
兒	yɐr2	公~
兒	tsʰər0	六~:~屬兒化變調
兒	tɕiɐr1	冒~
兒	iɐr1	冒~;洋旱~
兒	kuər5	冰~
兒	kʰuər5	冰~、鼻~、眼~:~屬兒化變調
兒	tiaur1	冷~慢淡
兒	lɐr1	出~出~的:象聲,前一個~讀本調陰平,後一個讀本調陰平
兒	lɐr3	出~出~的:象聲,後一個~又可讀變調上聲
兒	taur5	出~哩
兒	xɐr5	出了一身小~
兒	pɐr5	刀~
兒	zər5	刀~
兒	tuɐr5	分~
兒	tɕiər0	初~:農曆月初
兒	iaur2	加~
兒	piaur5	加~哩:增加壓力
兒	tɕiər0	動~
兒	yɐr2	包~;小銀~
兒	miər5	北~、西~
兒	ɕiər2	十不~:一會兒也不閒著
兒	tɕʰyɐr2	十八~
兒	ɕiər5	十不鬧~:對啥也不感興趣沒有信心
兒	taur0	半~
兒	iaur1	半山~、半中~:中間、當腰
兒	ɕiaur5	半~
兒	tɕyər5	即豬皮凍兒,一種用豬皮煮熬的食品
兒	xaur5	厚~的
兒	tsuər5	受~
兒	tsər5	受~
兒	kʰaur0	口兒~:前邊的口兒讀上聲,後邊的~讀輕聲
兒	tsaur1	口~
兒	tsaur5	口~;燈~
兒	tʰɐr3	叫家打~啦:被人打得服服帖帖了
兒	piaur1	可好~
兒	kʰuor3	可好~
兒	kuor0	吃~煙
兒	pɐr0	吃一~撂一~
兒	tsuor2	吃~啦
兒	xɐr3	吃稀~
兒	tuor5	吃了個~圓;指頭~;羅~:小兒護肚之物
兒	tər2	吆喝馬驢騾和牛停下的聲音,~屬兒化變調,屬於一種特殊的顫舌音
兒	maur3	合~
兒	lɐr2	吊~
兒	ɕiɔr5	同類~
兒	pʰər0	名~;牌兒~:前邊的牌兒讀陽平,後邊的~讀輕聲
兒	tsər0	吱兒~
兒	tsər3	吱兒~的:~讀變調上聲
兒	sər2	吸鐵~
兒	saur5	吹~
兒	vər0	吻2兒~:前邊的吻2兒讀又音陽平,後邊的~讀輕聲
兒	xuor3	呼兒~的:形容氣喘吁吁的樣子。前邊的呼兒讀本調陰平,後邊的~讀變調上聲
兒	kʰɐr0	咳兒~:咳。前邊的咳兒讀又音陰平,後邊的~讀輕聲
兒	kʰər0	咳5兒~:咳。前邊的咳5兒讀兒化變調陰平,後邊的~讀兒化變調輕聲
兒	kʰɐr3	咳兒~的:形容咳嗽聲。前邊的咳兒讀又音陰平,後邊的~讀變調上聲
兒	kʰər3	咳5兒~的:形容咳嗽聲。前邊的咳5兒讀兒化變調陰平,後邊的~讀兒化變調上聲
兒	vɐr0	哇兒~:哭。前邊的哇兒讀陰平,後邊的~讀輕聲
兒	pɐr0	哈~狗;下~:啞~
兒	maur0	哞兒~~~~:喚牛聲。前邊的哞兒讀又音去聲,後邊的3個~讀輕聲
兒	kər0	哩~唧~:本指哼小曲兒,比喻高興、舒服、享受的樣子
兒	vor1	哭得還~嗚1兒的:前邊的~讀陰平,後邊的嗚1兒讀變調上聲
兒	kɔr1	唱~
兒	pər5	啞~:~屬兒化變調
兒	xaur3	喊~
兒	pʰɔr1	喋~:自吹自擂、假裝強大
兒	aur1	喚狗聲
兒	maur5	喚牛聲
兒	tɕʰiaur5	喜~
兒	tʰɔr1	喝~
兒	liɔr3	喝上~啦:喝了較多的酒
兒	kɔr5	單~
兒	vər3	嗡兒~的:前邊的嗡兒讀陰平,後邊的~讀變調上聲
兒	tər0	嘚兒一~:吆喝馬驢騾向裡轉彎的聲音。前邊的嘚兒讀兒化變調去聲,後邊的3個~讀兒化變調輕聲
兒	tsuər0	嘴~
兒	pɐr1	嘴~叭兒的真會說:前邊的~讀本調陰平,後邊的叭兒讀變調上聲
兒	pɐr1	嘴扁~的:~讀變調陰平
兒	tsʰuər2	嘴~
兒	tɕyər5	嘴噘~的:~屬兒化變調
兒	sər0	噝兒~:小鳥叫。前邊的噝兒讀陰平,後邊的~讀輕聲
兒	sər3	噝兒~的:形容小鳥叫聲。前邊的噝兒讀陰平,後邊的~讀變調上聲
兒	tʰuɐr2	嚇成一~啦
兒	yər2	四愣真~:~義為滑頭且愛欺詐使壞
兒	tɕʰyɐr0	圈2兒~:前邊的圈2兒讀陰平,後邊的~讀輕聲
兒	lyɐr5	圈~:圍圈起來的某個範圍,指圓形也指長方形
兒	tɕyɐr5	國庫~
兒	tɕiər0	圍~
兒	tɕʰyər0	圍~;小裙~
兒	por2	圍~
兒	tiər1	圖~
兒	laur5	土伯~:本地伯勞鳥,~屬兒化變調去聲
兒	maur0	圪毛~
兒	laur0	圪堖圪~
兒	xaur0	圪壕兒~:較小的壕。前邊的壕兒讀陽平,後邊的~讀輕聲
兒	tiər0	圪底~
兒	iər0	圪影兒~:前邊的影兒讀上聲,後邊的~讀輕聲
兒	tʰər0	圪臺~
兒	lər0	圪稜2兒~:前邊的稜2兒讀本調陽平,後邊的~讀輕聲
兒	sər0	圪糝兒~:前邊的糝兒讀陰平,後邊的~讀輕聲
兒	pʰaur1	圪~:泡,名詞
兒	niɐr1	圪~圪~的:形容吃飯或說話不痛快
兒	iɐr1	圪雅~的:很素雅的樣子。~讀變調
兒	nuor1	圪怒~的:~讀變調陰平
兒	tɕyər1	圪~:一種用莜麵或高粱麵做的條狀麵食,蒸食
兒	pɐr1	圪~:鍋巴;海~:蚌、海貝;尾~
兒	tɐr1	圪墶~:快用完的小笤帚
兒	tsʰɐr1	圪~圪~的
兒	fər1	圪~圪~的:忿忿不平的樣子
兒	tsʰər1	圪~圪~的:象聲
兒	sər1	圪~
兒	xaur2	圪~
兒	iɐr2	圪雅~的:很素雅的樣子,~又可讀本調陽平
兒	liɔr2	圪~
兒	nuor2	圪努~的:~屬語法變調
兒	tɕʰyɐr2	圪~
兒	lər2	圪~
兒	tɕiaur3	圪~:圭~
兒	tiɐr3	圪~的
兒	pɐr3	圪~的一下
兒	tsʰɐr3	圪~
兒	tsʰɐr3	圪~圪~的:前一個~讀本調陰平,後一個又可讀變調上聲
兒	sɔr3	圪~
兒	fər3	圪~圪~的:前一個~讀又音陰平,後一個讀變調上聲,忿忿不平的樣子
兒	nər3	圪~:過節、矛盾、嫌隙、隔閡
兒	tsʰər3	圪~圪~的:象聲,前一個~讀本調陰平,後一個讀變調上聲
兒	laur5	圪~
兒	tuər5	圪~;門~
兒	nɐr5	圪暗~的
兒	mor2	地~:~屬兒化變調
兒	tɕiɐr1	坎~
兒	tsɔr1	坐~
兒	pər0	埠兒~:小土坑。前邊的埠兒讀兒化變調去聲,後邊的~讀兒化變調輕聲
兒	tsaur5	執~
兒	piaur3	報~
兒	tsʰɔr0	場1兒~輸:前邊的場1兒讀又音陽平,後邊的~讀輕聲
兒	tiɐr0	墊兒~:前邊的墊兒讀去聲,後邊的~讀輕聲
兒	tsuər0	墜~
兒	suər3	墨~
兒	tɕiər5	墨~
兒	tɐr1	壁蝨咬的扁疙~:俗語
兒	tʰɐr0	壇~
兒	sər5	夜~
兒	vɔr0	大~;小~
兒	pər0	大~:~屬兒化變調
兒	kʰuər3	大~肥炭;糖~
兒	tɕiər5	大~
兒	tɕiər5	大豆~:~屬兒化變調
兒	tɐr5	大~的
兒	iər1	天氣圪陰~的
兒	tsʰɔr1	天~
兒	tɕiaur5	天脖~:~屬兒化變調
兒	naur3	夾~
兒	iaur5	她穿了對高~鞋
兒	vɐr2	好~
兒	tsuər3	好~
兒	tɕiər0	妗兒~:前邊的妗兒讀去聲,後邊的~讀輕聲
兒	miaur5	妙~
兒	tsər2	妻~
兒	nuor0	姪~
兒	niaur0	娘2兒~:乳房、乳頭、讓孩子過來吃奶或向媽媽要奶吃。前邊的娘2兒讀又音陽平,後邊的~讀輕聲
兒	for0	婦2兒~:謔稱媳婦、年輕女子。前邊的婦2兒讀又音去聲,後邊的~讀輕聲
兒	for5	媳~:~讀又音去聲
兒	nuor2	嫦~
兒	nər5	嫩~的
兒	xər2	嬰~
兒	kʰuor1	學~
兒	tiər0	定~
兒	tʰuər3	宣~
兒	miər5	密~的
兒	kuɐr1	寡~的:清淡無味
兒	kʰuɐr1	寬~的
兒	paur0	寶兒~:常用疊字小名。前邊的寶兒讀上聲,後邊的~讀輕聲
兒	pər0	寶~
兒	tɕiɔr0	將1~走的
兒	tɕiɔr1	將~的
兒	tɕiɔr2	將1~的:~屬語法變調
兒	nuor3	將圪~
兒	tsuɐr1	專~的
兒	pʰiɐr0	尋~紙
兒	iɐr1	尋~:找碴兒
兒	tɕiər1	對門~:對襟襖
兒	liɐr2	對~
兒	kuor5	對~
兒	paur0	小包~
兒	pʰaur0	小袍~
兒	taur0	小刀~
兒	taur0	小兜~
兒	taur0	小拽~
兒	tʰaur0	小~;年~;頭~;這~;那~
兒	tsaur0	小鑿~
兒	saur0	小勺~
兒	kaur0	小~:~讀輕聲
兒	xaur0	小耗~:小老鼠
兒	miaur0	小苗~
兒	tiaur0	小銚~
兒	niaur0	小牛~;牛~:較小的昆蟲類動物
兒	tɕiaur0	小舅兒~:前邊的舅兒讀去聲,後邊的~讀輕聲
兒	iaur0	小腰~:小腰子,一種貼身穿的護腰和肚的衣服
兒	iaur0	小朋~
兒	piɐr0	小鞭~:較小的鞭子。~讀輕聲
兒	piɐr0	小辮兒~:前邊的辮兒讀去聲,後邊的~讀輕聲
兒	tɕiɐr0	小架~
兒	tɕiɐr0	小剪~
兒	ɕiɐr0	小匣~
兒	ɕiɐr0	小楔~:~屬兒化變調
兒	liɔr0	小心克~:心胸狹窄的樣子
兒	ɕiɔr0	小箱兒~
兒	piər0	小月~
兒	pʰiər0	小瓶~
兒	miər0	小~
兒	tiər0	小釘~
兒	tiər0	小笛~
兒	tʰiər0	小梯~
兒	tʰiər0	小屜~
兒	liər0	小~:村名
兒	tɕiər0	小菁~
兒	tɕiər0	小災~
兒	tɕʰiər0	小簸~
兒	ɕiər0	小畦~
兒	iər0	小~
兒	iər0	小蠅~
兒	pʰor0	小鋪~
兒	mor0	小饃兒~:前邊的饃兒讀陰平,後邊的~讀輕聲
兒	for0	小斧~
兒	tsuor0	小卒~
兒	tsuor0	小柱~
兒	suor0	小梳~
兒	zuor0	小褥~
兒	kuor0	小~
兒	kuor0	小果~
兒	kʰuor0	小褲~
兒	xuor0	小老~
兒	tsuɐr0	小桌~:~屬兒化變調
兒	tsuɐr0	小鑽~
兒	tsʰuɐr0	小戳~:~屬兒化變調
兒	suɐr0	小刷~:~屬兒化變調
兒	kuɐr0	小罐~
兒	xuɐr0	小豁~:~屬兒化變調
兒	tuər0	小𡱖~;小屁股
兒	tsuər0	小錐~
兒	tsuər0	小盅~
兒	tsʰuər0	小錘~
兒	tsʰuər0	小村~
兒	tsʰuər0	小蟲~
兒	tsʰuər0	小笤~:~屬兒化變調
兒	kuər0	小櫃~
兒	kuər0	小~
兒	xuər0	小竈~:~屬兒化變調
兒	tɕyər0	小鋸~
兒	tɕʰyər0	小渠~
兒	ɕyər0	小女~
兒	pɐr0	小喇~
兒	vɐr0	小娃~
兒	tʰɐr0	小毯~
兒	tʰɐr0	小攤~
兒	tsʰɐr0	小礤~:一種擦絲兒用的工具,~屬兒化變調
兒	tsʰɐr0	小鏟~
兒	kʰɐr0	小合~:一種量具,~屬兒化變調
兒	kʰɐr0	小磕~:~塑料製或鐵製盛物器具
兒	fɔr0	小房~
兒	tsʰɔr0	小窗~
兒	sɔr0	小和~
兒	kɔr0	小缸~
兒	kʰɔr0	小筐~
兒	pər0	小蘿~:~讀輕聲
兒	mər0	小買~
兒	fər0	小~;份子錢
兒	tsər0	小~:應縣一村名
兒	tsər0	小桌~、小刷~、小日~、小褲~:~屬兒化變調
兒	tsʰər0	小車~
兒	tsʰər0	小尺~:~屬兒化變調
兒	sər0	小~
兒	sər0	小柿~
兒	sər0	小蝨~:~讀輕聲,屬兒化變調
兒	sər0	小獅~
兒	zər0	小桌~、小刷~、小褲~:~屬兒化變調
兒	tʰaur1	小~
兒	ɕiaur1	小~的:~讀變調陰平
兒	iaur1	小~
兒	piɐr1	小~:鞭炮
兒	tɕʰiɐr1	小鐵~
兒	ɕiɔr1	小~箱兒
兒	piər1	小扁~:小女孩的外陰
兒	liər1	小越~:惹人討厭的孩子或年輕人
兒	tɕiər1	小~
兒	tɕiər1	小眼~
兒	tɕʰiər1	小圪~
兒	tɕʰiər1	小年~:年紀輕~的
兒	por1	小胳~
兒	tsuor1	小~
兒	suor1	小~
兒	luər1	小窟~
兒	tsʰuər1	小~
兒	tɕyər1	小馬~
兒	sɐr1	小~
兒	kʰɔr1	小~;稱姓
兒	tsər1	小~
兒	laur2	小洋~
兒	liaur2	小~:發無聊燎逗人
兒	tɕʰiaur2	小~
兒	iaur2	小煤~
兒	ɕiɐr2	小~
兒	iɐr2	小白~
兒	iɐr2	小豆~
兒	iɔr2	小~
兒	tʰiər2	小~
兒	liər2	小樹~:用於姓名末字或小名兒後字
兒	tɕʰiər2	小紅~
兒	tsuor2	小~
兒	xuor2	小酒~
兒	tsʰuɐr2	小~
兒	luər2	小~
兒	tɕʰyər2	小~
兒	tʰɐr2	小~
兒	mɔr2	小流~
兒	fɔr2	小~
兒	lɔr2	小~
兒	lər2	小圪~
兒	sər2	小鐵~
兒	zər2	小~書;個~
兒	pʰaur3	小~
兒	tsʰaur3	小~
兒	saur3	小~
兒	kaur3	小~:~讀上聲
兒	niaur3	小~
兒	tɕiaur3	小~
兒	tiɐr3	小數~;一~;黑~;敲~擔:演奏一種敲擊樂器
兒	liɐr3	小~
兒	iɐr3	小~
兒	liər3	小~
兒	kuor3	小~
兒	xuor3	小~;洋~;慢~
兒	tʰuər3	小~
兒	yər3	小~
兒	mɐr3	小~
兒	vɐr3	小~
兒	vɐr3	小娃~:~屬結構變調
兒	fɔr3	小下~
兒	tər3	小布~:~讀又音上聲
兒	paur5	小~
兒	pʰaur5	小~
兒	tʰaur5	小拇指~
兒	tsaur5	小~
兒	miaur5	小~
兒	tiaur5	小砂~
兒	tiaur5	小~
兒	tɕiaur5	小~舅兒:前邊的~讀去聲,後邊的舅兒讀輕聲
兒	piɐr5	小~
兒	tiɐr5	小~
兒	ɕiɔr5	小~
兒	piər5	小毛~
兒	miər5	小~:用於小名兒後字
兒	liər5	小醋~:淋醋用的小篾
兒	iər5	小便~
兒	por5	小賣~
兒	pʰor5	小飯~
兒	tʰuor5	小~
兒	luor5	小~
兒	tsʰuor5	小~
兒	suor5	小~
兒	xuor5	小~
兒	xuɐr5	小~
兒	yɐr5	小~
兒	tɕʰyər5	小~:~屬兒化變調
兒	yər5	小南~
兒	tsʰɐr5	小~
兒	kʰɔr5	小~
兒	pər5	小蘿~:~讀去聲
兒	vər5	小~
兒	tsər5	小~
兒	tsər5	小桌~、小刷~:兩個~都屬兒化變調
兒	tsʰər5	小~
兒	tsʰər5	小尺~:~屬兒化變調
兒	sər5	小蝨~:~讀去聲,屬兒化變調
兒	zər5	小桌~、小刷~:~屬兒化變調
兒	yər3	少言沒~
兒	kɐr1	尕~的一碗:滿滿兒的一碗
兒	tɕiɐr0	尖兒~:前邊的尖兒讀陰平,後邊的~讀輕聲
兒	pɐr0	就抓了一把~
兒	pɐr3	就抓了一~
兒	liər5	就~;就便:用於姓名末字或小名兒後字
兒	pʰər2	尿~
兒	tuər1	屁股~;胖~
兒	tsɐr1	展~的:~讀變調陰平
兒	tsɐr2	展~的:~屬語法變調
兒	ɕyər5	屢~
兒	kər0	山根兒~:前邊的根兒讀陰平,後邊的~讀輕聲
兒	iər1	山~:山漢口音
兒	sər1	山藥~
兒	tsaur3	山~;蜜~
兒	fɐr0	左一~右一~的
兒	tiɐr0	差~;一~玉茭麵誰希罕
兒	tuor1	差不~
兒	liər2	差不~
兒	sɐr3	布~
兒	liaur5	布~;塗~
兒	iɐr2	帽~
兒	mɔr2	幫個~
兒	tsʰuor2	年~
兒	tɐr0	幾圪墶~
兒	fər0	幾~
兒	sər0	幾~來的
兒	tʰiɐr1	幾~;幾~天兒:前邊的~讀陰平,後邊的天兒讀結構變調上聲
兒	tʰiɐr3	幾天兒~:前邊的天兒讀陰平,後邊的~讀結構變調上聲
兒	ɕiər3	幾下~:~屬結構變調
兒	tɐr3	幾圪墶~:~屬結構變調
兒	vər5	座~
兒	xuor0	強~活兒:前邊的~讀兒化變調輕聲,後邊的活兒讀兒化變調陽平
兒	xuor2	強~
兒	tɐr5	彈~:臉~
兒	pʰiaur5	彩~
兒	tiɐr2	影~
兒	tɕiaur1	心不~:不揪心
兒	kɐr1	心~
兒	xɔr1	心~污亂的
兒	kuor0	忌~
兒	tsʰər2	忘了~啦
兒	mɔr1	忙~的:~讀變調陰平
兒	tsʰaur0	忽槽~:小槽
兒	tuər1	忽~忽~的:象聲
兒	tʰər1	忽~,~屬兒化變調
兒	tuər3	忽咚兒忽~的:象聲。~讀變調上聲
兒	tʰɐr3	忽塌兒忽~的:~讀變調上聲
兒	tɕʰiaur0	悄~話
兒	tɕʰiaur1	悄~
兒	kʰɔr5	情~
兒	tɕʰiər2	想~:也許、大概
兒	pɔr5	愣~後生
兒	lər5	愣~的
兒	mɐr5	慢慢~的
兒	pər5	憋拉水~:分泌凝水的腺體,~屬兒化變調;吃~:吻嘴兒,~屬兒化變調
兒	miər2	應~:名義上
兒	sɔr1	成~成對
兒	fər3	戲~:~屬兒化變調
兒	xuɐr1	戴~
兒	xuɐr2	戴~:上環
兒	piɐr1	扁~的:~讀變調陰平
兒	tɕiər1	扁~:女陰;脈~:男陰
兒	piɐr2	扁~的:~屬語法變調
兒	pʰiɐr5	扁~石頭;擦~;一~肉
兒	zuor1	手圪~的
兒	pɐr1	手還拔~的:~讀變調陰平
兒	luor2	手~
兒	tsuor2	手~
兒	pɐr2	手還拔~的
兒	tʰaur5	手~
兒	tɕiər5	手激~的:手發涼,~屬兒化變調
兒	iər5	手~
兒	tɕyɐr5	手~
兒	vɐr5	手~
兒	pɔr3	扒~的:別人打牌時扒在身後看的人
兒	iaur0	打悠~:玩蹺蹺板
兒	tʰuər0	打通~睡
兒	tsɐr0	打三~:~屬兒化變調
兒	kɐr0	打嘎~:說一些是真非真的玩笑話
兒	xɐr0	打哈~
兒	tsʰɔr0	打了兩~麻架;場2兒~輸:前邊的場2兒讀本調上聲,後邊的~讀輕聲
兒	kər0	打冷~:~讀輕聲,屬兒化變調
兒	pʰiaur1	打了水~了
兒	tɕʰiɔr1	打~啦
兒	lyər1	打獨~:打滑
兒	pʰər1	打了一~啦
兒	fər1	打~:打撲克
兒	liər2	打~啦
兒	nuor2	打燈~
兒	nər2	打個~:讓小兒在掌上站立的遊戲
兒	tsaur3	打~
兒	kuər3	打~
兒	xɔr3	打~
兒	mər3	打~:有時、偶然
兒	liaur5	打了圪~啦
兒	mor5	打~旋哩
兒	kər5	打冷~:~讀去聲,屬兒化變調
兒	taur3	扳不~
兒	pɐr0	把~
兒	tʰər3	把個雀兒~一下飛啦
兒	vɔr5	把火捅得旺~的;用於姓名末字或小名兒後字
兒	tsər3	抓~;瓜~;小孩~
兒	tɕiər1	抽~
兒	piər2	拉~:汽車按喇叭
兒	tʰuor2	拉~:落在後面
兒	kuɐr3	拉~:~屬兒化變調
兒	vɐr1	拐~
兒	tsuər0	拔中~:一種遊戲
兒	tɕyər2	拔~;木~;冰璃~
兒	suor3	招待~;派出~
兒	saur5	指生日或年除兒的前一天
兒	lɐr5	指頭黑~
兒	niaur3	按~
兒	tsʰər5	挑~哩
兒	tuər0	捉悶糊~:在別人懵懵懂懂、毫無防備的情況下做某些不正當的事
兒	ɕiər5	捎個~
兒	vɐr1	捥著~:小兒遊戲
兒	iaur0	掏了個窯~
兒	pʰər2	掛~
兒	pʰɔr0	提手~
兒	tsʰər2	提~;用於姓名末字或非疊字小名後字或疊字小名前字
兒	ɕiər3	提個~
兒	kuɐr0	插~
兒	tiaur0	揣屌摸~:喻指做事慢慢悠悠還有點拿捏的樣子
兒	lɔr1	搖貨~的:貨郎
兒	kuər3	搞~
兒	taur3	搬搬圪~
兒	pɐr5	搭~:結交夥伴、朋友
兒	tsʰaur2	摳了個~
兒	xuɐr1	撒~
兒	kuɐr0	撓~:用拇指結合另4個手指中的一個彈別人的前額或其他部位的動作
兒	iɔr3	撓~
兒	kʰɐr5	撩上~:打麻將時故意給人家吃牌
兒	kʰɐr3	撲~:~屬兒化變調
兒	laur5	撿~
兒	nər2	擠了~啦:賭博用語
兒	tʰɐr1	擺~
兒	tsuɐr5	攆攆~:陀螺
兒	naur2	攉~;彈~;癢癢~
兒	nər2	攮個~:讓小兒擤鼻涕的遊戲
兒	pʰiər5	放了個小~
兒	tɕʰiər5	敲~的
兒	tsər1	整~的:~讀變調陰平
兒	suor5	整~
兒	maur5	文章開頭的序、引之類的套話
兒	ɕiər1	新~的:~讀變調陰平
兒	ɕiər2	新~的:~屬語法變調
兒	kɐr0	方格~:~屬兒化變調
兒	tsaur1	早~
兒	tsaur2	早~的:~屬語法變調
兒	paur3	早就吃~啦
兒	miər1	明~的:~讀變調陰平
兒	laur0	昏嘰昏~
兒	laur5	昏~
兒	mɔr2	時~
兒	liɔr5	晃個~
兒	liɔr0	晾~再喝
兒	tər5	暖水~
兒	lyɐr1	曲~:圈兒的合音
兒	vər5	更~
兒	for5	月蝙~
兒	sər2	有~、沒勢兒:~讀又音陽平
兒	tɐr3	有賊心沒賊~
兒	iər2	朋~
兒	yər2	朋~:合夥做事
兒	pʰiaur2	木瓜~
兒	pɐr3	木~
兒	iər3	末~:末尾
兒	tɕiaur5	本字為“疒+秋”;圪~住了
兒	tsaur2	朽~:蔫的或不好的東西,也指手腳不靈活做不了事的人
兒	tʰɐr5	松~:~屬兒化變調
兒	pɐr0	板~
兒	tər5	板~
兒	tsər1	桔子~:~屬兒化變調
兒	tʰuər0	桶~
兒	pɔr0	梆~頭:梆子頭
兒	kʰɔr0	條條框兒~:前邊的框兒讀去聲,後邊的~讀輕聲
兒	saur0	梢~
兒	tsuɐr3	梳了個~
兒	tɕʰiaur1	棉~
兒	tsʰuər0	棒~
兒	tɕʰiɐr3	榆~:~屬兒化變調
兒	kɔr0	槓兒~:前邊的槓兒讀去聲,後邊的~讀輕聲
兒	tʰər0	模~:~讀輕聲,屬兒化變調
兒	tʰər1	模~:~讀陰平,屬兒化變調
兒	for3	模擬吹燈時候發出的聲音
兒	saur1	樹~
兒	tsər1	樹圪~;用於非疊字小名後字或疊字小名前字
兒	tsʰɐr3	樹圪~
兒	iɐr5	樹~
兒	suor3	機~;雞~
兒	tsʰuɐr3	欵兒~的:象聲。前邊的欵兒讀陰平,後邊的~讀變調上聲
兒	kʰuɐr1	款~的
兒	kʰuɐr2	款~的:~屬語法變調
兒	liɔr2	歇~
兒	tsər5	正~的
兒	iər0	武~
兒	tuor1	毒~的:~讀變調陰平
兒	maur1	毛~的
兒	lyər2	毛~
兒	ɕiɐr5	毛~
兒	ɕiər1	氣門~
兒	suər0	水~
兒	tɕʰiər1	水清~的
兒	tsuor1	水~;算盤~;脊椎骨
兒	kʰər1	水~
兒	tɕʰiər2	水清~的:~屬語法變調
兒	xɔr2	水滔~
兒	tɕiaur3	水~
兒	kuɐr3	水~
兒	vɔr0	汪1兒~:狗叫。前邊的汪1兒讀又音陰平,後邊的~讀輕聲
兒	vɔr3	汪1兒~的:象狗叫聲。前邊的汪1兒讀又音陰平,後邊的~讀變調上聲
兒	liər2	沒一~:一點本事也沒有
兒	xuor2	沒~
兒	vɐr2	沒~
兒	ɕiɔr3	沒~啦
兒	iər3	沒~
兒	pʰor3	沒~
兒	kuor3	沒你的~
兒	tsuər3	沒~
兒	tsʰər3	沒~貨:言行沒有分寸的人
兒	iɐr5	沒了~啦
兒	tsʰuor5	沒~
兒	tuər5	沒且用~:沒多大工夫、沒用多少時間
兒	tsʰɐr5	沒~
兒	sər5	沒~
兒	tsʰər3	沙不~;又叫雞盒子,指雞的胃即雞胗
兒	kaur1	油炸~
兒	piər3	油~
兒	xuɐr5	油~
兒	ɕyɐr5	油~:頭上長了兩個~
兒	pʰaur0	泡2兒~糖:前邊的泡2兒讀去聲,後邊的~讀輕聲
兒	mor5	泡~
兒	mər1	洗得滅~的:把人整治壞了。~讀變調陰平
兒	tsaur3	洗了個~
兒	xuor1	活~氣死啦:~讀變調陰平
兒	luor2	海~
兒	tɕʰiər5	消消~
兒	liɔr0	涼~
兒	fər0	涼~
兒	liɔr1	涼~的
兒	tʰiər1	涼~
兒	fər1	涼~
兒	tɕiər5	淨~的
兒	tsʰuor0	溜眼不~
兒	vər0	溫~水
兒	tsʰər5	滑~:~屬兒化變調
兒	liaur1	滴~:一種喝著吃的食品
兒	kuər0	滾兒一~:吆喝牲口打滾兒的口令。前邊的滾兒讀兒化變調陽平,後邊的3個~讀兒化變調輕聲
兒	mɐr1	滿~的:~讀變調陰平
兒	luor5	濕~的
兒	sər5	濕~的、濕~的:~屬兒化變調
兒	pʰaur5	濺~
兒	kuor1	火~
兒	suər1	灰~
兒	xuər1	灰~的:~讀陰平
兒	kər1	灰~
兒	xuər2	灰~的:~屬語法變調
兒	pʰər5	炙一~的:兩個~讀兒化變調去聲
兒	tsʰuər3	炮~
兒	ɕiər0	然豁~
兒	ɕiər3	然豁~
兒	taur3	煙~
兒	tər1	煤油~
兒	kaur3	照住~念
兒	pʰiɐr3	照~;一~肉
兒	ɕiɔr5	照~
兒	tʰaur2	熱炕~:房簷~
兒	zər5	熱~的
兒	tɕiaur0	燒~
兒	saur1	燒~的
兒	tɕʰyɐr0	爛~:反犬旁
兒	tsuɐr0	爪~
兒	fər5	牆~
兒	pʰiɐr0	片1兒~:前邊的片1兒讀本調上聲,後邊的~讀輕聲
兒	pʰiɐr0	片2兒~:前邊的片2兒讀本調去聲,後邊的~讀輕聲
兒	tɕʰiɐr1	牙~
兒	tuor1	牛~
兒	tsʰuɐr5	狗躥~:指到處亂竄不做好事
兒	mər1	猛~:猛地。~讀變調陰平
兒	xaur2	猴子
兒	tsɔr1	獎~
兒	tɕiaur1	玉~
兒	miaur2	玉茭~
兒	kʰuor3	玉茭~
兒	kɐr3	玉茭~
兒	tsuər5	玉~
兒	pʰor0	王~;老~
兒	iər5	玩~
兒	zɔr2	瓜~
兒	zər2	瓜子兒~;稱姓
兒	pɐr0	瓣~
兒	kər5	瓶~
兒	tʰiɐr1	甜~的:~讀變調陰平
兒	tʰiɐr2	甜~的
兒	ɕiaur0	用於疊字小名後字
兒	tɕʰiɔr0	用於疊字小名後字,如:強~
兒	ɕiɔr0	用於疊字小名後字,如:祥~
兒	piər0	用於疊字小名後字
兒	pʰiər0	用於疊字小名後字
兒	miər0	用於疊字小名後字
兒	liər0	用於疊字小名後字,如:玲~
兒	tuər0	用於疊字小名後字
兒	luər0	用於疊字小名後字
兒	tsʰuər0	用於疊字小名後字
兒	tɕyɐr0	用於疊字小名後字
兒	tɕyər0	用於疊字小名後字
兒	yər0	用於疊字小名後字
兒	fɔr0	用於疊字小名後字
兒	fər0	用於疊字小名後字
兒	vər0	用於疊字小名後字
兒	tsər0	用於疊字小名後字
兒	tsʰər0	用於疊字小名後字
兒	piər1	用於姓名末字或非疊字小名後字或疊字小名前字
兒	piər1	用於姓名末字或小名兒後字
兒	tɕiər1	用於姓名末字或小名兒後字,如:八~
兒	tɕʰiər1	用於姓名末字或小名兒後字
兒	iər1	用於姓名末字或小名兒後字
兒	por1	用於姓名末字或小名兒後字
兒	tuər1	用於姓名末字或非疊字小名後字或疊字小名前字
兒	tuər1	用於姓名末字或非疊字小名後字或疊字小名前字;帶~:帶一定的賭注
兒	tsuər1	用於姓名末字或小名兒
兒	tsʰuər1	用於姓名末字或非疊字小名後字或疊字小名前字
兒	tɕyər1	用於姓名末字或非疊字小名後字或疊字小名前字
兒	ɕyər1	用於小名兒,如:迎~
兒	vɐr1	用於小名兒後字,如:二~
兒	sɐr1	用於小名兒後字,如:小~
兒	nər1	用於姓名末字或小名兒後字
兒	tsər1	用於姓名末字或非疊字小名後字或疊字小名前字
兒	sər1	用於姓名末字或小名兒後字
兒	xər1	用於姓名末字或小名兒後字
兒	saur2	用於稱姓
兒	tɕʰiɔr2	用於姓名末字或非疊字小名後字
兒	ɕiɔr2	用於姓名末字或非疊字小名後字或疊字小名前字
兒	pʰiər2	用於姓名末字或非疊字小名後字或疊字小名前字
兒	miər2	用於姓名末字或小名兒後字
兒	liər2	用於姓名末字或小名兒後字
兒	tɕʰiər2	用於姓名末字或小名兒後字
兒	for2	用於小名兒後字,如:二~
兒	luər2	用於姓名末字或非疊字小名後字或疊字小名前字
兒	lyər2	用於小名兒後字,如:引~
兒	yər2	用於姓名末字或非疊字小名後字或疊字小名前字
兒	tsʰɔr2	用於稱姓
兒	fər2	用於姓名末字或非疊字小名後字或疊字小名前字
兒	paur3	用於姓名末字或非疊字小名後字或疊字小名前字
兒	paur3	用於姓名末字或小名兒後字
兒	laur3	用於小名兒後字,如:二~;或尊稱某人,如:劉~
兒	tɕiaur3	用於小名兒後字,如:小九~
兒	ɕiaur3	用於小名兒後字,如:二~
兒	iaur3	用於姓名末字或小名兒後字,如:老~
兒	miər3	用於姓名末字或小名兒後字
兒	ɕiər3	用於姓名末字或小名兒後字
兒	vor3	用於小名兒後字,如:小~
兒	fɔr3	用於姓名末字或小名兒後字
兒	maur5	用於姓名末字或小名兒後字
兒	kaur5	用於小名兒後字,如:二~
兒	ɕiaur5	用於姓名末字或非疊字小名後字或疊字小名前字,如:建~
兒	tiər5	用於姓名末字或小名兒後字,如:迎~
兒	tɕʰiər5	用於姓名末字或小名兒後字
兒	for5	用於小名兒後字,如:二~
兒	tsuor5	用於姓名末字或小名兒後字
兒	zuər5	用於小名兒後字
兒	kuər5	用於姓名末字或小名兒後字
兒	tɕyɐr5	用於姓名末字或疊字小名前字
兒	fər5	用於姓名末字或非疊字小名後字或疊字小名前字
兒	sər5	用於姓名末字或小名兒後字,如:小~
兒	sər5	用於姓名末字或小名兒後字,如:有~
兒	kuɐr1	當~的
兒	tɕʰiɐr3	當當~
兒	xɔr5	當~:村名
兒	mɐr2	疥蛤~
兒	yər2	痰~
兒	saur5	瘦~的
兒	tʰiər1	發不~:發不正當的火,~屬兒化變調
兒	tsər0	白不理真~:根本不搭理、絲毫不搭理
兒	pər1	白~的
兒	maur2	白~
兒	kɔr3	白~:耍無賴騙人
兒	liɔr5	白鼻一~——沒良心(歇後語)
兒	kuɐr5	白大~
兒	kuər5	白~
兒	suər5	百~
兒	pʰər0	盆兒~:前邊的盆兒讀陽平,後邊的~讀輕聲
兒	xuor0	盒兒~:前邊的盒兒讀陽平,後邊的~讀輕聲
兒	tɐr3	盡~毛光
兒	tɕiər5	盡~的
兒	piaur1	目~
兒	tsər1	直~的:~讀變調陰平
兒	tsər2	直~的
兒	kʰɐr0	看~:眼看著(就快了)
兒	kʰɐr0	看好~
兒	tsər2	看得真~的:~屬語法變調
兒	tɕʰiɔr5	看著你當~啦
兒	tsər1	真~的
兒	iɐr0	眼兒~:前邊的眼兒讀上聲,後邊的~讀輕聲
兒	mər1	眼搭~起:瞇縫著眼
兒	tɕiər5	眼眨~的:大睜眼狀,~屬兒化變調
兒	kʰɔr5	眼~
兒	tɕiaur5	睡~
兒	tuɐr1	短~的:~讀變調陰平
兒	tuɐr2	短~的:詞中的~屬語法變調
兒	liaur2	石~
兒	liaur3	石~
兒	lɐr5	破~:爛~的
兒	niər5	硬~的
兒	vɔr0	硯~:硯臺
兒	lɐr3	碎坷~:塊較小的炭之類
兒	por5	碎~
兒	tʰɐr5	碎~
兒	tsər5	碗上有根~哩:劃~
兒	tiɐr0	碟兒~:小碟。前邊的碟兒陽平,後邊的~讀輕聲
兒	pʰər0	碰~車;頭~席
兒	pər1	磕個~頭:拳頭向上讓對方在其上用前額磕頭,此處~讀變調去聲
兒	xuɐr2	磨犁兒撞~:本義是用磨石打磨犁、鏵等農具,代指磨洋工
兒	sər0	神~:精神氣、精氣神
兒	sər0	神~;神色,一色~灰:~屬兒化變調
兒	pʰiaur0	票~:彩~
兒	maur0	禮~
兒	tuor1	禿圪~
兒	tʰuər5	禿~的:~屬兒化變調
兒	ɕiər1	秤盤~
兒	tʰuor2	秤~
兒	kər0	秧~:~兒化後讀變讀音輕聲
兒	kɐr0	秸~
兒	ɕiər1	稀~的心兒~美:一種蘿蔔;搶~:一般指家庭裡的第一個孩子
兒	ɕiər2	稀~的:~屬語法變調
兒	tsʰaur1	稠~的:~讀變調陰平
兒	tɕiɔr1	稱姓
兒	pʰɐr1	稱姓
兒	tsɔr1	稱姓
兒	tsʰaur2	稱姓
兒	liaur2	稱姓
兒	iɔr2	稱姓
兒	por2	稱姓;花名,即蜀葵
兒	fɐr2	稱姓
兒	pʰɔr2	稱姓
兒	vɔr2	稱姓
兒	tʰɔr2	稱姓
兒	fər2	稱姓
兒	tsʰər2	稱姓
兒	zər2	稱姓
兒	tsuor3	稱姓
兒	kər3	稱姓
兒	tsaur5	稱姓
兒	xuor5	稱姓
兒	fɐr5	稱姓
兒	sɔr5	稱姓
兒	mər5	稱姓
兒	suər0	穗~
兒	kʰuər1	空~的
兒	kʰuər2	空~的:~屬語法變調
兒	tɕʰyər2	穿~
兒	maur5	穿靴戴~
兒	liɐr2	窗~
兒	kʰuər0	窟兒~眼:前邊的窟兒讀兒化變調去聲,後邊的~讀兒化變調輕聲
兒	vor1	窩1兒~:前邊的窩1兒讀本調陰平,後邊的~讀輕聲
兒	tʰuər3	竹~
兒	xuɐr0	笑~
兒	pər5	笨~的
兒	tər0	等~
兒	luor1	筐~
兒	tʰuər0	筒~
兒	tsʰər5	策~的:剛巧、確實,~屬兒化變調
兒	tsɔr5	算小~
兒	kuɐr0	管兒~:前邊的管兒讀上聲,後邊的~讀輕聲
兒	mor5	節~
兒	tɕʰiər3	簸箕~:一種長腿的綠螞蚱。~讀又音上聲
兒	mor5	粉~:~屬兒化變調
兒	tsʰuor2	粗~的:~屬語法變調
兒	tuər1	糊~;賬~:~屬兒化變調
兒	luor2	糖葫~
兒	tsɔr1	紀念~
兒	tsaur0	紅~;黑~
兒	iɐr1	紅嘴~
兒	xuər1	紅~的:~讀變調陰平
兒	pʰər1	紅撲兒~的、火撲兒~的:前邊的撲兒讀兒化變調去聲,後邊的~讀兒化變調陰平
兒	xuər2	紅~的
兒	tsʰər5	紗帽~
兒	tʰiaur0	紙條~
兒	tʰiər5	紙~:~屬兒化變調
兒	sər0	細繩~
兒	sər2	細~
兒	fər3	細~:較細的粉條
兒	ɕiər5	細~的
兒	vər3	結~
兒	tsaur1	絕~
兒	tuɐr5	絕不~;牆圍上畫的一種類似“卐”或“卍”字的圖案
兒	tsuor5	給咱佔個~
兒	lyɐr5	給咱糝~的盛一碗
兒	lyər1	絮~:絮狀物。~讀又音陰平
兒	sər0	絲兒~:前邊的絲兒讀陰平,後邊的~讀輕聲
兒	lyər5	綠~的
兒	tɕiər1	緊~的:~讀變調陰平
兒	kuor1	緊~咒
兒	xaur5	編~
兒	xuɐr0	緩~
兒	fər0	縫兒~:前邊的縫兒讀陽平,後邊的~讀輕聲
兒	tɕʰyər5	缺~的:~屬兒化變調
兒	kaur1	羊~
兒	tʰiər2	羊~
兒	tsɐr2	羊~
兒	laur3	美國~;大~:象棋中的紅帥
兒	kaur0	羔兒~~~~:喚羊聲。前邊的羔兒讀兒化變調去聲,後邊的3個~讀兒化變調輕聲
兒	fɐr1	翻了個小~
兒	kuor5	翻了個~;可大的~;整~
兒	xɐr0	老~
兒	tɕiɐr1	老~;當~的:稱同姓的對方
兒	tsʰuor1	老~、粗~的:~讀陰平
兒	pʰor2	老~
兒	tʰuor3	老~
兒	kʰuɐr3	老~
兒	mər5	老~:最末尾,~屬兒化變調
兒	ər2	而
兒	tɕʰiər0	耍小脾~
兒	suɐr1	耍~:玩耍,~屬兒化變調
兒	ɕiər5	耐~
兒	tuər0	耳~
兒	tiər1	耳朵有了~啦
兒	lɔr1	耷~聲
兒	lɔr3	耷~聲
兒	lər1	聾~
兒	pʰiər2	肉~
兒	zaur5	肉~的
兒	taur1	肚~
兒	tɕʰiər2	肚臍~:肚臍眼
兒	piər5	肚還憋~的:~屬兒化變調
兒	tsʰɔr0	肥~
兒	fər1	肥~的:~讀變調陰平
兒	fər2	肥~的:~讀本調陽平
兒	pʰɔr5	胖~的
兒	xuor0	胡~:弦樂器
兒	tsʰuor0	胳膊不粗~
兒	laur5	胳~:在別人肋部胳肢人
兒	tsʰuər5	脆~的
兒	kuər1	脖~:做事時互相幫助、互頂工錢
兒	kuɐr1	腦~
兒	tʰuər0	腿~
兒	tsʰɔr1	臉長~的:~讀變調陰平
兒	tɕiɐr3	臺~
兒	tɕʰyər1	興~
兒	tuor1	花兒圪~;耳~
兒	tɕʰiɐr2	花~
兒	lɐr2	花~
兒	iɔr5	花~
兒	iɐr0	芽兒~:前邊的芽兒讀陽平,後邊的~讀輕聲
兒	kʰuor1	苦~的:~讀變調陰平
兒	kʰuor2	苦~的:~屬語法變調
兒	kɔr1	茶葉~
兒	laur2	茶~
兒	kaur0	草~
兒	tsər3	草~
兒	lɐr1	落~的:“落”本調陽平,讀“拉”與“拿”的切音,重疊並兒化後可讀變調陰平,稀疏
兒	lɐr2	落~的:“落”本調陽平,讀“拉”與“拿”的切音,重疊並兒化後又可讀本調陽平,稀疏
兒	mor5	葦~:~屬兒化變調
兒	pɐr5	蒜~
兒	kər0	蓋兒~:前邊的蓋兒讀去聲,後邊的~讀輕聲
兒	paur1	薄~的:~讀變調陰平
兒	por1	薄~的
兒	paur2	薄~的
兒	lɐr1	藍~的:~讀變調陰平
兒	kʰər5	藍靛~:鳥名,~屬兒化變調
兒	kaur0	藥膏~
兒	fɔr1	藥~;沒~;稱姓
兒	miɐr5	藥~
兒	mɐr3	號~
兒	xɔr2	蛋~
兒	tɕʰyər0	蛐~:~屬兒化變調
兒	tiɐr0	蝴~:~屬兒化變調
兒	tsʰɐr2	蟬兒
兒	xɔr0	行1兒~出狀元:前邊的行1兒讀陽平,後邊的~讀輕聲
兒	paur1	衣~:胞衣
兒	liɐr5	表~
兒	tər0	袋2兒~:前邊的袋2兒讀本調去聲,後邊的~讀輕聲
兒	xɐr1	裝伴八~:裝作無事人的樣子
兒	pʰɔr1	裝~:自詡
兒	tsʰɐr3	褲~
兒	miər0	西~、南~
兒	tɕiər3	西洋~
兒	fɐr5	要~的
兒	miɐr5	見~
兒	tɕʰiər1	親~的
兒	kaur1	解勾~:一種遊戲;膀~:肩膀骨
兒	vɐr2	解毒~
兒	mər5	解~
兒	tɕʰyər5	言來語~
兒	tɕyɐr5	試~
兒	niɐr5	認上~啦;合~:互相合得來
兒	liər3	說到~也不行
兒	ɕyər5	說法
兒	ɕiər2	變~啦
兒	kʰaur3	豁~
兒	kɐr1	豆腐~
兒	naur3	豆腐~
兒	ɕiɐr5	豆~
兒	tɕiər5	豆~、辣~:~屬兒化變調
兒	tuor3	豬~
兒	tuər5	豬皮~
兒	tsuɐr3	貓兒遞~哩:暗地裡搞不正當的小動作
兒	tɕiɔr1	買點兒~
兒	tɐr1	賬~
兒	pər0	走了一~又一~、三~鼓匠:~屬兒化變調
兒	tsər0	走~:走之旁
兒	sər2	走~
兒	taur5	走~
兒	tsʰɔr1	起了~啦
兒	liər5	起個~:起個名目
兒	fər0	越~、絕~:~屬兒化變調
兒	liaur3	越發~;可惜~
兒	fər5	越~、絕~:~屬兒化變調
兒	tɕyər5	足~的:~屬兒化變調
兒	lɐr1	趿~趿~的
兒	lɐr3	趿拉兒趿~的:~又可讀變調上聲
兒	tsaur0	跑遭~
兒	tʰɔr0	跑一~
兒	tiɐr1	跑得~顛兒的:前邊的~讀陰平,後邊的顛兒讀變調上聲
兒	tʰɔr2	跑~的
兒	tiɐr3	跑得顛兒~的:前邊的顛兒讀陰平,後邊的~讀變調上聲
兒	lɐr2	跨~
兒	liaur2	踢~:條兒
兒	pər3	蹦~蹦:指小四輪拖拉機或手扶拖拉機,~屬兒化變調
兒	tɕyɐr3	蹶1兒~的:形容人走路時腳邁得又高又快的樣子。前邊的蹶1兒讀本調陰平,後邊的~讀變調上聲
兒	luor1	車軲~
兒	tʰɐr1	軟忽~
兒	tɕʰyɐr1	轉了個~
兒	tiər1	辣肉~
兒	pər5	辣角~:~屬兒化變調
兒	tsər5	辦~
兒	tɕiər5	近~的
兒	tiɐr1	這猛~:不大~;一~東西;~些兒;~點兒的:前邊的~讀又音陰平的變調去聲,後邊的點兒讀又音陰平
兒	kər1	這猛~、那猛~
兒	miər3	這~、那~:~屬兒化變調
兒	tuor3	這~:這兒
兒	xuər3	這~:~讀又音上聲
兒	tɐr3	這~:這兒,~屬兒化變調
兒	tʰɐr3	這~:這兒,~屬兒化變調
兒	kər3	這~、真~:~屬兒化變調
兒	tʰuər1	通~的
兒	tʰuər2	通~的:~屬語法變調
兒	tɕyər5	造~
兒	sər1	過~
兒	kʰɔr2	過於~
兒	kʰɐr3	過不去的~
兒	tiaur5	過街~:街上掛的橫幅
兒	zuɐr3	道~:告饒服輸
兒	yɐr1	遠~的:~讀變調陰平
兒	iɔr1	遭~
兒	piɐr0	邊兒~:前邊的邊兒讀陰平,後邊的~讀輕聲
兒	tsʰɐr0	配~貨
兒	tsuər1	酒~
兒	pʰiər2	酒~
兒	suɐr1	酸~的
兒	ɕiər0	醒~
兒	laur0	醯~:說話東拉西扯、寡而無味
兒	yər2	金~
兒	suor3	金~
兒	tsuɐr5	金剛~
兒	tɔr1	鈴~
兒	pər0	鉢兒~:鉢。前邊的鉢兒讀兒化變調去聲,後邊的~讀兒化變調輕聲
兒	tɕʰiər5	銅~:詈詞
兒	mɐr5	銅錢無字的一面
兒	pər5	鋼~
兒	tuor5	錢上~,不得坐兒
兒	tsuor5	錢上垛兒,不得~
兒	tsɐr1	鍋圪~
兒	mər0	門兒~:前邊的門兒讀陽平,後邊的~讀輕聲
兒	tʰər2	門圪~
兒	tsuɐr3	門~
兒	kʰɔr5	門~
兒	tɔr1	開~褲
兒	mər2	開~
兒	tsʰɐr5	開~褲子
兒	nuor3	閨女、年輕女子
兒	vɐr1	陽婆~;陰涼~
兒	piər5	隔~:~屬兒化變調
兒	tɕʰiaur0	雀1兒~:喻指小兒陰莖。前邊的雀1兒讀又音上聲,後邊的~讀輕聲
兒	pɐr5	雜~
兒	kaur3	雞眼~
兒	kʰər5	雞蛋~:~屬兒化變調
兒	laur0	離~:因鬆動而有了裂縫
兒	yɐr3	離死不~啦
兒	liər1	雨下得不~不~的
兒	liər3	雨下得不~不~的:前一個~讀又音陰平,後一個也可讀變調上聲
兒	suər5	零~
兒	tsʰuər2	靈~:出殯用具之一
兒	tsʰɔr2	靈~
兒	piɐr1	靠~
兒	miɐr0	面兒~:前邊的面兒讀去聲,後邊的~讀輕聲
兒	pɔr1	鞋~;用於姓名末字或小名兒後字
兒	tiɐr5	鞋~
兒	niaur2	頂~
兒	laur1	頭黑~黑~的:瓦甌~
兒	niər1	頭還泥~的:~讀變調陰平
兒	yər1	頭圪~圪~的
兒	pɔr1	頭梆~的:用於小名兒後字
兒	niər2	頭還泥~的:~讀本調陽平
兒	tɕʰyɐr2	頭髮圪~了
兒	pɔr2	頭梆~的:~屬語法變調
兒	tɕiər3	頭~
兒	yər3	頭圪~圪~的:前一個~讀本調陰平,後一個又可讀變調上聲
兒	yər5	頭圪暈~的
兒	kʰuor0	顆~
兒	niaur0	飛~牲口
兒	kɐr0	飛~車子:~屬兒化變調
兒	kər0	飛~車子:~讀輕聲,屬兒化變調
兒	tʰər1	飛得~遢兒的:前邊的~讀兒化變調陰平,後邊的遢兒讀兒化變調上聲
兒	kər5	飛~車子:~讀去聲,屬兒化變調
兒	xuor2	飯~
兒	kuɐr3	飯~
兒	paur1	飽~的:~讀變調陰平
兒	tʰuor2	餛~:一種麵食
兒	ɕiɔr0	香~屁
兒	vər5	香~
兒	tɕyər0	駒兒一~:喚馬驢騾的聲音。前邊的駒兒讀兒化變調去聲,後邊的3個~讀兒化變調輕聲
兒	luor1	骨~
兒	kaur1	高~的;稱姓
兒	kər1	高~鞋
兒	suər1	鬆~的:~讀陰平
兒	suər2	鬆~的:~屬語法變調
兒	tər5	鬆緊~
兒	kuər1	鬼~的:~讀變調陰平
兒	kuər2	鬼~的:~屬語法變調
兒	liər0	魂~
兒	tɕʰiaur3	鳥:~讀又音上聲
兒	iɔr0	鴛~
兒	liər2	鴨~
兒	tsʰuor2	鴿~
兒	ɕiɐr1	鹹~的
兒	ɕiɐr2	鹹~的:~又可讀本調陽平
兒	tsʰɐr2	麥~
兒	vɔr2	麥~
兒	suər5	麥~
兒	tʰiaur2	麵~
兒	xuər0	麻~
兒	liɐr2	麻將用語,指按規定情況兩“搭子”連著的牌
兒	iɐr5	麻~
兒	iər5	麻~
兒	xɔr1	黃~的:~讀變調陰平
兒	fər3	黃~
兒	lɐr0	黑記黑~的:形容較小的煤塊、石頭等硬物活動時發出的聲音
兒	lɔr0	黑閬~:小巷
兒	lɔr3	黑~:巷
兒	taur5	黑~眼;蓮花~
兒	tɕʰyər5	黑黢~的:~屬兒化變調
兒	xər5	黑~的、黑~的:黑黑的,~屬兒化變調
兒	tiɐr0	點1兒~些兒些兒:前邊的點1兒讀本調陰平,後邊的~讀輕聲
兒	ɕiɐr0	點兒點兒些兒~:前邊的些1兒讀陰平,後邊的~讀輕聲
兒	ɕiɐr1	點兒來~去;點兒~
兒	vor1	點洋~:一種玩石子的遊戲
兒	kʰuər5	鼻~
兒	tɕʰiər1	齊~的:~讀變調陰平
兒	tɕʰiər2	齊~的
兔	tʰu5	
兔	tʰuor5	
兜	taur0	
兜	taur1	
兜	teu1	~子;上街~達了一圈兒
兢	tɕiə̃1	1
入	zu5	1~來
入	zuəʔ	2進~
入	tsɔ5	
内	fə̃5	
内	nɛe5	
全	tsʰuɐr1	1
全	tɕʰyɛ2	1~部
全	tsʰuɐr2	1
全	tɕʰyɐr1	2
全	tsʰuæ2	2~豁;~怕;~人:指父母、公婆、丈夫、子、女俱全的女人
全	tɕʰyɐr2	2
兩	liɔ3	
兩	liɔr3	
八	pa1	1豬~戒
八	paʔ	2
八	pər5	
公	kuə̃1	
六	lieu5	
兮	ɕi1	
共	kuə̃5	
兵	piər0	
兵	piə̃1	
兵	piər1	
其	tɕʰi2	
具	tɕy2	1家~:日常用具、勞動工具
具	tɕy5	2家~:一般指家庭用的櫃子、箱子、桌子等木器用具
典	tiɛ3	
兼	tɕiɛ1	
冀	tɕi5	
冇	mɔ5	表示否定,一般用來回答別人用“沒”發出的問話,只能單用
冉	zæ2	
册	tsʰaʔ	
再	nau2	
再	tsɛe5	
冑	tseu2	
冒	mau5	
冒	maur5	
冕	miɛ3	
冗	yə̃5	~長
冠	kuæ1	1衣~;奪~
冠	kuæ5	2~軍
冢	tsuə̃1	
冤	yɛ1	
冥	miə̃3	
冬	tuər0	
冬	tuə̃1	
冬	tuər1	
冰	piə̃1	出~
冶	iɛ3	
冷	lə̃3	
准	tsuə̃3	
凌	liə̃2	1壯志~雲
凌	lyə̃2	2村名“~雲口”中的變音
凌	liəʔ	3“清~~的”等“A~~的”式形容詞詞綴“~~的”中前一個“~”的促化音
凍	tuər5	
凜	liə̃1	1~涼灣兒
凜	liə̃2	2~然
凝	niə̃2	
几	tɕi1	1茶~;~乎
凡	fæ2	
凰	xɔ2	
凱	kʰɛe3	
凳	tər5	
凳	tə̃5	~展
凳	tə̃5	~子
凶	ɕiə̃1	~門子
凶	ɕyə̃1	~惡;吉~
凸	tʰuəʔ	
凹	va5	1~陷
凹	nau5	2
凹	vəʔ	3“扁~~的”等“A~~的”式形容詞詞綴“~~的”中前一個“~”的促化音
凹	vɐr5	
出	tsʰuər5	
出	tsʰuəʔ	
函	xæ2	
刀	taur0	
刀	tau1	1
刀	tau5	2一~紙
刁	tiau1	
刃	zə̃5	1
刃	zəʔ	2“波~~的”等“A~~的”式形容詞詞綴“~~的”中前一個“~”的促化音
刃	zər5	
分	fər0	1
分	fə̃1	1瓜~;約~
分	fər1	1
分	fə̃5	2~內之事;恰如其~;過~
分	fər5	2
切	tɕʰiaʔ	1~開
刈	i5	
刊	kʰæ3	
刎	və̃3	自~
刑	ɕiə̃2	
划	xua2	1~船;~火柴;~算不來
划	xuə0	3估~:輕聲詞
划	xuəʔ	5~拉:亂寫亂~或快速地寫
列	liɛ1	1圪~:長圓狀物;擺~:輕聲詞
列	liaʔ	2~隊
初	tsʰu1	1~~啦:因炮的質量不好點燃後不爆炸而只噴射火花,後一個~讀輕聲
初	tsʰu3	2~~下,象聲
刡	miə̃3	用刀殺
判	pʰæ5	
别	piɛ1	1~針兒
别	piɛ2	2~處
别	piɛ3	3~了把刀
别	piɛ5	4~扭;~看人家穿得爛,身上別的金疙蛋(俗語)
刨	tsʰu1	1銼~兒,~須兒化
刨	pau5	1~花兒
刨	pʰau2	2~山藥
利	li5	
利	liər5	
删	sæ1	1~除
删	sæ3	2~除
删	sæ5	3增~
剗	tsʰæ3	~~都是新的;光、僅只,副詞
刮	kua1	1水~
刮	kua3	2~刀
刮	kuaʔ	3~風;~糙;~頭:梳頭;海~:四處亂跑
到	tau5	
到	tsɔ5	
制	tsɿ5	
制	tsər5	
刷	sua1	1淘汰或捋順,如:~下兩個去
刷	suɐr0	2
刷	sua5	2“黑~~的”等“A~~的”式形容詞中“A”為入聲時其詞綴中~的讀音
刷	suaʔ	3~牆
刷	suəʔ	4“齊~~的”等“A~~的”式形容詞詞綴“~~的”中前一個“~”的促化音
券	tɕyɛ5	1國庫~兒
券	tɕyɐr5	1
券	ɕyɛ5	2支~;發~
刺	tsʰɿ5	1
刺	tsʰɿ0	2詞綴“巴~的、不~的、忽~的”中的讀音;“甜忽~~的”等“AB~~的”式形容詞詞綴“~~的”中的讀音
刺	tsʰaʔ	3~鬧的
刺	tsʰəʔ	4~鬧的:“肥~~的”等“A~~的”式形容詞詞綴“~~的”中前一個“~”的促化音
刺	tsʰər5	
刻	kʰəʔ	時~;用刀~
刴	tuə5	
刴	tuə1	~你:用掌摑你;~爛啦:摔爛了
剃	tʰi5	
則	tsaʔ	
削	sau5	1~穀子
削	ɕiau1	2~弱;~除;~減;~剝
削	ɕyaʔ0	3剝~
削	ɕyəʔ	4~蘋果;~鉛筆
前	tɕʰiɛ2	
刹	tsʰa1	1~~那
刹	sa1	2一~那
刹	tsʰaʔ	3古~
刹	saʔ	4~車:古~
剔	tʰiəʔ	
剖	pʰau1	
剛	kɔ1	
剜	væ1	
剝	paʔ	~削
剩	sə̃5	
剪	tɕiɐr0	
剪	tɕiɛ3	
剮	kua3	
副	nau2	
副	fu5	
副	for5	
創	tsʰɔ5	
剿	tsʰau1	1~匪
劁	tɕʰiau1	~豬騸蛋
劃	xua5	2計~;~撥
劃	xuaʔ0	4估~
劄	taʔ	一種縫韌方法
劇	tɕy5	~烈;戲~
劈	pʰiɛ5	1~柴
劈	pʰiəʔ	2刀~斧砍;介詞,照、向、在,如:~臉打了一下
劈	li2	用刀划,如:~玻璃
劉	lieu2	
劉	liaur2	
劊	kuei5	1~子手
劊	kʰuei5	2~子手
劍	tɕiɛ3	
劑	tɕi5	1~子藥;麵~子
力	li5	
功	kuə̃1	
加	tɕia1	
劣	lyɛ5	1惡~;姓
劣	liaʔ	2~質
助	tsu5	
努	nuor2	
努	nu3	
努	nuor3	
劫	tɕiaʔ0	1打~
劫	tɕiər0	1
劫	tɕʰiaʔ	2搶~
勁	tɕiə̃5	
勁	tɕiər5	
勃	paʔ	1朝氣蓬~
勃	pʰaʔ	2~然大怒
勇	yə̃3	
勉	miɛ3	
勒	la1	1希特~
勒	lɛe5	2
勒	laʔ	3~索
勒	ləʔ	4~令
勒	iaur5	
動	tuə̃5	
動	tuər5	
勘	kʰæ1	1
勘	kʰæ3	2
務	vu5	
勝	sər5	
勝	sə̃5	~敗;~任
勞	lau2	
勞	laur5	
募	mu5	
勢	sər2	
勢	sɿ5	~利眼兒
勤	tɕʰiə̃2	
勤	tɕʰiər2	
勦	tɕiau1	2~匪
勳	ɕyə̃2	
勵	li5	
勸	tɕʰyɛ5	
勺	saur0	
勺	sau2	~子
匀	yə̃2	
勾	keu1	
勾	kaur1	
勿	vu5	1
勿	vəʔ	2
包	paur0	
包	pau1	
包	paur1	
匆	tsʰuə̃1	
匍	pʰu2	~匐
匐	fəʔ	
匕	pi2	1~首
匕	tɕʰiəʔ	2~子:匕首
化	xua5	1變~
化	xɔ0	2坐~
化	xuaʔ0	3造~
北	piəʔ	
匙	sər2	
匙	sɿ2	鐵~
匠	tɕiɔ5	1作詞綴時用在重讀的入聲後的讀音,如:鐵~
匠	tɕiɔ0	2作詞綴時用在舒聲或輕讀的入聲後的讀音,如:木~、說~
匡	kʰɔ5	
匣	ɕiɐr0	
匣	ɕia2	
匣	ɕiɐr2	
匪	fei3	
匯	xuei5	
匹	pʰi1	一~布;一~馬
匾	piɛ3	
匿	ni2	1~名信
匿	ni5	2藏~
匿	niəʔ	3~名信
區	tɕʰy1	1~城;~長
區	tɕʰy2	2~長
十	səʔ	
千	tɕʰiɛ1	
卅	sa1	開五~
升	sə̃1	
升	sər1	
午	vu3	1上~
午	fəʔ0	2晌~
午	vəʔ0	3晌~
半	pɐr0	
半	pæ5	
半	pɐr5	
卑	pei1	
卒	tsuor0	
卒	tsuor2	
卒	tsu2	~子
卓	tsuaʔ	
協	laʔ	2
協	ɕiaʔ	
南	na2	1~無阿彌陀佛
南	næ2	2
博	paʔ	
卜	pei5	1蘿~
卜	paʔ	2~卦;臭~溝:村名
卞	piɛ3	
占	tsæ5	
卡	kʰa3	1~車;~人:~住啦;~腳板子哩
卡	tɕʰia3	2~子;髮~
卦	kua5	
卮	tuəʔ	~子:屁股
卯	mau3	
卯	maur3	
印	iə̃5	
印	iər5	
危	vei1	
即	tɕiaʔ0	1立~
即	tɕiəʔ	2~便;立~:輕聲詞
卵	læ3	
卷	tɕyɛ3	1~行李
卷	tɕyɐr3	1
卷	tɕyɛ5	2~子
卷	tɕyɐr5	2
卸	ɕiɛ5	
卻	tɕʰiaʔ	1冷~
卻	tɕʰiaʔ0	2作動詞、形容詞後綴的讀音
卻	tɕʰyaʔ	2舊,退~
卿	tɕʰiə̃3	
厄	naʔ	
厘	li2	
厚	xeu5	
厚	xaur5	
厝	tsʰuæ5	起~:遷葬死人骨殖
原	yɛ2	
厥	tɕyaʔ	1昏~
厥	tɕʰyaʔ0	2突~
厭	iɛ5	
厲	li5	
厴	kaʔ	~伴:交接
去	tɕʰy5	1來~
去	tɕʰiəʔ0	2動詞或動賓結構後的變音,如:起~、取錢~
去	tɕʰyər5	
參	tsʰæ1	1高~
參	tsʰə̃1	2~差
參	tsəʔ	2“怪~~的”等“A~~的”式形容詞詞綴“~~的”中前一個“~”的促化音
參	sə̃1	3三星;人~,輕聲詞
又	iau0	1我~沒拿你的東西;你~沒說
又	ieu5	2
叉	tsʰa1	1夜~;~子
叉	tsʰa2	2擋住、堵塞住、互相卡住;水口子也叫爛柴~住啦;路窄的叫一掛車當把路口兒~住啦
叉	tsʰɐr3	
叉	tsʰa3	3~腰;~腿
叉	tsʰa5	4仰八~
叉	tsʰa0	5動詞後綴,如:吃~、喝~、扒~、爬~;後綴“巴~的”中的讀音
及	tɕiəʔ	
友	iaur0	
友	ieu3	
反	fæ1	1~扎啦;~面兒;~啦
反	fæ3	2~天;~對
叔	seu1	1二~
叔	suəʔ	2~父
取	tɕʰy3	
受	seu5	
叛	pʰæ5	
叟	seu5	
叢	tsʰuə̃1	囪~煙
口	kʰaur0	
口	kʰeu3	
口	kʰaur3	
口	səʔ	
古	ku3	
句	tɕy5	
句	tɕyər5	
另	liə̃5	
叨	tau1	
叩	kʰeu5	
只	tsɿ3	1~能
叫	tɕiau5	
召	tsau1	
叭	pɐr0	
叭	pa1	1單字音;~~一聲,象聲
叭	pɐr1	1
叭	pa3	2~一聲,象聲
叭	pɐr3	2
叭	paʔ0	3~~叭3~~叭3的:形容連續發出的“叭”聲,第一、第二、第四、第五個~讀輕入,第三個叭3讀本調陰平,第六個叭3讀本調陰平或變調上聲
叮	tiə̃1	~咬;~對:核對
可	kʰa3	1~以;許~
可	kʰa5	2表程度更深一層,如:風~大哩
可	kʰuə2	3~惜了兒的
可	kʰuə3	4~憐:可憐
可	kʰuə5	5~~兒的:正好;~世界:滿世界;~地亂蹦:滿地亂蹦
可	kʰuor5	5
可	kʰɔ0	6那傢伙~壞哩
可	kʰaʔ	7~不合~子:量具
可	kʰəʔ	8~那不行
叱	tsʰəʔ	
史	sɿ3	
右	ieu5	
司	sɿ1	
叼	tiau1	
吁	ɕy1	1長~短嘆;提~:提示、提起
吁	ɕy2	2氣喘~~:後一個~讀輕聲
吁	y2	3呼~
吃	tsʰə̃1	1貶義
吃	nau2	
吃	tsʰəʔ	2
各	saʔ	~
各	kaʔ	
吆	iau1	
合	xuə2	1~計~計;~龍
合	kʰɐr0	3
合	xaʔ	4~起來
吉	tɕiəʔ	
吊	tiau1	1~車
吊	tiau5	2上~
吊	tiaur5	
同	tʰuə̃2	
名	miə̃2	
名	miər2	
后	xeu5	
吏	li5	
吐	tʰu3	~痰;嘔~
向	ɕiɔ5	
吖	ia1	1~~:後一個~讀輕聲
吖	ia2	2單字音
君	tɕyə̃1	
吝	liə̃5	
吞	tʰə̃1	
吟	iə̃3	1呻~
吟	iə̃5	2窨~子
吟	iəʔ	3“笑~~的”等“A~~的”式形容詞詞綴“~~的”中前一個“~”的促化音
吠	fei5	
否	fu3	~定
吧	pa1	1
吧	pa5	2作語氣詞位於重讀的入聲後的讀音
吧	pa0	3作語氣詞位於舒聲或輕讀的入聲後的讀音
含	xæ2	
吭	kʰə̃1	2不~聲兒
吮	suə̃3	
吱	tsər0	
吱	tsər1	
吱	tsɿ1	1
吱	tsɿ3	2~一聲,象聲
吱	tsər3	
吳	vu2	
吵	sa1	1單字音
吵	tsʰau1	1圪~:小聲說話
吵	sa2	2象聲,如:~~下飛啦
吵	tsʰau3	2圪~:小聲說話
吵	sa3	3象聲,如:~~下飛啦
吵	saʔ0	4~~吵4~~吵4的:第一、第二、第四、第五個~讀輕入,第三個吵4讀本調陰平,第六個吵4讀本調陰平或變調上聲
呐	na1	1忽~:形容吃東西時不利索;~~;後一個~讀輕聲
呐	naʔ	2~喊
吸	ɕiəʔ	
吹	tsʰuei1	
吻	və̃2	1~嘴兒
吻	vər0	2
吻	vər2	2
吻	və̃3	2~合;接~
吼	xeu3	
吼	xeu3	加火使混濁的油煮沸後澄清
吾	vu1	
呀	ia1	1哎~
呀	ia2	2單字音
呀	ia5	3作語氣詞位於重讀的入聲後的讀音
呀	ia0	4作語氣詞位於舒聲或輕讀的入聲後的讀音
呀	tsɛe1	吸吮、吃、咬
呂	ly3	~脊
呆	tɛe1	1~子;板呆~~:四處游竄,後一個~讀輕聲
呆	təʔ	2“瓷~~的”等“A~~的”式形容詞詞綴“~~的”中前一個“~”的促化音
呈	tsʰə̃2	1~辭
呈	tsʰə̃3	2~現
告	kau5	
呔	tɛe1	1
呔	tɛe3	2痛快地吃
呔	tʰɛe1	3
呔	tʰɛe3	4
呢	ni2	~子
呤	lər1	
呤	lə̃1	1耷~:黑~哈哩;黑~~一聲,象聲
呤	lə̃3	2單字音:黑~~一聲,象聲
周	tseu1	
呱	kua1	1~拉:~一個擱拽,象聲
呱	kua3	2~一個擱拽,象聲;拉~兒,~須兒化
呱	kuɐr3	
呱	kuaʔ0	3~~呱3~~呱3的:第一、第二、第四、第五個~讀輕入,第三個呱3讀本調陰平,第六個呱3讀本調陰平或變調上聲
呱	kuəʔ	4“白~~的”等“A~~的”式形容詞詞綴“~~的”中前一個“~”的促化音
呲	tsʰɿ1	~牙咧嘴笑
味	vei5	1
味	vei0	2詞綴“拉~的”中的讀音
味	vəʔ	3“寡~~的”等“A~~的”式形容詞詞綴“~~的”中前一個“~”的促化音
味	vər5	
呵	xa1	1~氣;~手;~斥;~噠
呵	xuə1	2打~欠;~著啦:讓蒸氣燙著了;糕~啦:糕蒸熟了;~點:蒙騙;~水:由水蒸氣變成的水,多出現在玻璃、鍋蓋等地方
呸	pʰi1	1吐唾沫聲
呸	pʰɛe1	2表示唾棄
呼	xuor1	
呼	xu1	1~叫
呼	xu2	2~市;~拉圈兒
呼	for3	
呼	xuor3	
呼	xu3	3~~一下,象聲
呼	xuə0	4叫~:喊叫、吵嚷、埋怨,輕聲詞
呼	xuəʔ0	5迎風~氣;吆~:吆喝;叫~:喊叫、吵嚷、埋怨
呼	fu3	吹燈時發出的聲音
命	miə̃5	
命	miər5	
咀	tɕy3	
咀	tæ3	~豁:狠狠地批評、臭罵
咂	tsa2	
咂	tsa1	不~嘴
咄	tuə5	
咆	pʰau2	
咋	tsa1	1不~些兒
咋	tsɐr1	1
咋	tsa3	2怎~
咋	tsɐr3	
咋	tsaʔ	3~不吃
和	xu2	1牌~啦
和	xuor2	
和	xuə2	2~麵;就~:輕聲詞
和	xuə5	3調~起來,如:兩種~起啦;頭~:輕聲詞
和	xɛe5	4不~你去:不跟你去;就~:輕聲詞
和	xuaʔ0	5七渣八~
和	xəʔ	6他~她
和	xuəʔ0	7暖~
咎	tɕieu1	
咐	fu5	
咒	tseu5	
咔	kʰa1	1~嚓;~達:訓斥
咔	kʰa3	2~叭
咕	ku1	1~~鳴:雞叫聲,後一個~讀輕聲
咕	ku3	2吱~牛牛:一種小兒用高粱秸稈模仿胡琴做的玩具
咕	ku5	3~~:喚雞聲
咕	kuəʔ	4~嚕一口:象聲
咖	kʰa1	1~啡
咖	tɕia1	2安納~:藥名
咚	tuər1	
咚	tuə̃1	1單字音;忽~~一聲:象聲
咚	tuə̃3	2忽~~一聲:象聲
咚	tuər3	
咦	i1	1~~:連續發出“咦”聲,後一個~讀輕聲
咦	i2	2嘆詞,表示嘆惜、惋惜
咦	i5	3語氣詞,表示驚嘆
咧	liɛ1	1~~:亂說,前一個~讀又音陰平,後一個讀輕聲
咧	vəʔ	1~囕:不停地說
咧	liɛ3	2~開嘴笑啦
咧	liaʔ	3呲牙~嘴
咧	liəʔ	4“苦~~的”等“A~~的”式形容詞詞綴“~~的”中前一個“~”的促化音
咨	tsɿ1	
咩	mæ1	1~~叫:後一個~讀輕聲
咩	mæ2	2羔兒~:喚羊聲
咪	mi1	
咬	iau3	
咯	ka1	1~~:人的笑聲或雞的叫聲,後一個~讀輕聲
咯	ka5	2~~:模仿雞叫聲,前一個~讀又音去聲,後一個讀輕聲
咯	kʰa5	3~血;~痰;~出來;~得可厲害
咯	kaʔ	4
咯	kəʔ	5~噔
咱	tsæ3	
咳	kʰɐr0	1
咳	kʰa1	1~~:不斷地~,後一個~讀輕聲
咳	kʰɐr1	1
咳	kʰɐr3	1
咳	kʰa3	2~的一下咯了圪蛋頑涎,象聲
咳	xɛe1	3~一聲嘆氣的;~~腔:即本縣劇種耍孩兒,後一個~讀輕聲
咳	kʰɐr0	4
咳	kʰæ1	4~~:咳嗽,後一個~讀輕聲
咳	kʰɐr1	4
咳	kʰɐr3	4
咳	kʰər0	5
咳	kʰər1	5
咳	kʰər3	5
咳	kʰaʔ	5~嗽
咵	kʰua3	外地口音
咸	ɕiɛ3	2~陽
咽	iɛ1	
咽	iɛ1	1~喉發炎
咽	iɛ5	2~飯;~管子:食道
哀	nɛe1	~悼
品	pʰiə̃3	
哄	xuə̃1	1~堂大笑;~搶:一~而上
哄	xuə̃3	2~騙
哄	xuə̃5	3起~
哇	vɐr0	1
哇	va1	1老~;~~;後一個~讀輕聲
哇	vɐr1	1
哇	va2	2打~~:小兒遊戲,口發~聲并以手拍之,後一個~讀輕聲
哇	va3	3~一聲,象聲
哇	vɐr3	3
哇	va5	4圪~圪~的:蛤蟆叫聲;作語氣詞位於重讀的入聲後的讀音
哇	zu5	
哇	va0	5作語氣詞位於舒聲或輕讀的入聲後的讀音
哇	vaʔ0	6~~哇6~~哇6的:第一、第二、第四、第五個~讀輕入,第三個哇6讀本調陰平,第六個哇6讀本調陰平或變調上聲
哈	xɐr0	1
哈	xa1	1~氣;~料子;吸毒;~~大笑;後一個~讀輕聲
哈	xa3	2~巴狗;~兒橫疙埑:喉結
哈	xɐr3	2
哈	xa5	3~數;本事、辦法、手段;~~~~:吆喝牛向外手轉彎的聲音,第一個~讀去聲,其餘3個讀輕聲
哈	xa0	4作動詞後綴的讀音:答~;說~
哈	xaʔ	5點頭~腰;不哼不~
哈	xəʔ	6“扁~~的”等“A~~的”式形容詞詞綴“~~的”中前一個“~”的促化音
哎	ɛe1	1嘆詞,應答聲
哎	ɛe0	2語氣詞
哎	əʔ	3~呀
哏	kər0	
哞	maur0	
哞	mu1	1
哞	mu2	2
哞	mau5	3~兒:喚牛聲,~須兒化
哞	maur5	
員	yɛ2	
員	yɐr2	
哥	kɔ1	
哦	nuə2	
哧	tsʰɿ1	1忽~一一下:象聲
哧	tsʰɿ3	2忽~一下,象聲
哧	tsʰəʔ	3~啦一聲,象聲
哨	sau5	1~~的:感覺孤單寂寞
哨	sau0	2形容詞詞尾:幹~、高~
哨	saur5	
哩	li1	1~唧兒唧兒
哩	li3	2單字音
哩	xɐr3	
哩	liəʔ	3語氣詞,用在入聲後的讀音
哩	liəʔ0	4語氣詞,用在舒聲或輕讀的入聲後的讀音
哪	na3	1~個
哪	nuə2	2~吒
哭	kʰuəʔ	1
哭	xuəʔ0	2啼~
哺	pu3	1~乳動物
哺	fu3	2~育
哼	xə̃1	
唁	iɛ5	
唄	pɛe5	1單字音
唄	pɛe0	2語氣詞
唆	suə1	1沒~沒管
唆	suə3	2教~;~使
唇	tsʰə̃2	
唇	tsʰuər2	
唇	tsʰuə̃2	~
唉	nɛe1	1~聲嘆氣
唉	ɛe1	2~~:連續發出~聲,後一個~讀輕聲
唉	ɛe2	3嘆詞,嘆息聲
唐	tʰɔ2	
唐	tʰɔr2	
唚	tsʰə̃1	1~檔子
唧	tɕi1	
唩	vɛe3	1單字音
唩	vɛe0	2語氣詞
唬	xu3	~人
售	seu5	
唯	vei2	
唰	sua1	1~毛圪記:形容不精神、不振作、不好看
唰	sua3	2~一下:象聲
唰	suaʔ0	3~~唰3~~唰3的:第一、第二、第四、第五個~讀輕入,第三個唰3讀本調陰平,第六個唰3讀本調陰平或變調上聲
唱	tsʰɔ5	
唲	liɔ0	2語氣詞:爹~;媽~;老天爺~
唵	næ3	
唵	næ3	用嘴直接去吃;口~:口算
唼	sa5	姐~啦
唾	tʰuə5	~液;~沫點子
啃	kʰə̃3	1用於歇後語“狗咬屁股——~脆”一句中
啃	kʰuə̃3	2~骨頭
啄	tsau2	1~米
啄	tsuaʔ	2~木鳥
商	sɔ1	
啊	a1	1張嘴要吃的
啊	a2	2單字音
啊	a5	3~呀呀:表驚嘆
啊	aʔ	4~霆:模擬打噴嚏的聲音
啊	aʔ0	5~~啊5~~啊5的:詞中第一、第二、第四、第五個~讀輕入,第三個啊5讀本調陰平,第六個啊5讀本調陰平或變調上聲
問	və̃5	
啕	tʰau2	號~大哭
啖	tɐr3	
啖	tæ3	~了一頓肉
啜	tsʰuə5	1~泣
啜	tsʰuɛe0	2鬧~:嗅
啞	ia3	
啟	tɕʰi3	
啡	fei1	1疼的時候或表示否定時會連續用此音表示
啡	fei3	2咖~
啤	pʰi2	~酒
啥	sa3	1
啥	sa0	2跟~的:巫婆神漢;不~
啦	lɐr0	
啦	lɐr1	
啦	la1	1單字音;嘿~~一聲,象聲
啦	la3	2黑~~一聲,象聲
啦	lɐr3	
啦	la5	3喝~、吃~沒:作語氣詞或用於反復問時位於重讀的入聲後的讀音;“黑~~的”等“A~~的”式形容詞中“A”為入聲時其詞綴中~的讀音
啦	la0	4作語氣詞或用於反復問時位於舒聲或輕讀的入聲後的讀音,如:走~、米~沒、全割撤~
啪	pʰa1	1單字音;~~一聲,象聲
啪	pʰɐr1	1
啪	pʰa3	2~一聲,象聲
啪	pʰɐr3	2
啪	pʰia1	3~一下:象聲
啪	pʰiɐr1	3
啪	pʰia3	4~一下:象聲
啪	pʰiɐr3	4
啪	pʰaʔ0	5~~啪5~~啪5的:形容連續發出的“啪”聲,第一、第二、第四、第五個~讀輕入,第三個啪5讀本調陰平,第六個啪5讀本調陰平或變調上聲
啪	pʰiaʔ0	6~~啪6~~啪6的:形容連續發出的“啪”聲,第一、第二、第四、第五個~讀輕入,第三個啪6讀本調陰平,第六個啪6讀本調陰平或變調上聲
啷	lɔ1	1唲~一聲、不~一聲:象聲
啷	lɔr1	1
啷	lɔ2	2單字音
啷	lɔr3	2
啷	lɔ3	3唲~一聲、不~一聲:象聲
啼	tʰi2	
啽	æ1	1~喲喃:表驚喜、意外
啽	æ2	2承接詞
喀	kʰa1	1~嚓一下
喀	kʰaʔ	2~什
喂	vei1	1打招呼或打電話用語
喂	vei5	2~飯
喂	tʰa1	豬吃食聲
喃	læ1	~~:小兒啼哭或其哭聲,後一個~讀輕聲
善	sæ3	1
善	sæ5	2
喇	la3	~叭
喉	xeu2	1~頭
喉	xuəʔ	2~嚨
喊	xæ3	
喋	tsa2	1特指老鼠撕咬破壞
喋	tiɛ2	2~~不休;後一個~讀輕聲
喋	tiaʔ	3~唼兒:吹牛
喋	tiɛ2	~飛機
喔	vo1	1單字音
喔	vəʔ	2~嚕:含混不清地自言自語;~攬:“挽”的分音詞
喘	tsʰuæ3	
喚	xuə0	1叫~:輕聲詞;使~:輕聲詞
喚	xuæ5	2呼~
喚	xuæ0	3使~
喚	xuaʔ0	4叫~
喜	ɕi3	
喜	ɕiər3	
喝	xaʔ	~水;吆~:文讀
喡	vei1	~~:嚎哭,後一個~讀輕聲
喧	ɕyɛ2	~嘩
喨	liɔ5	
喪	sɔ1	1婚~;~失
喬	tɕʰiau2	
單	tæ1	1~獨
單	tɐr1	1
單	tsʰæ2	2~于
單	sæ5	3姓
單	təʔ	4“孤~~的”等“A~~的”式形容詞詞綴“~~的”中前一個“~”的促化音
喲	iau1	1
喲	iau2	2
喳	tsa1	1~~:象聲,後一個~讀輕聲
喳	tsʰa1	2~~:象聲,後一個~讀輕聲
喳	tsʰaʔ0	4~~喳4~~喳4的:第一、第二、第四、第五個~讀輕入,第三個喳4讀本調陰平,第六個喳4讀本調陰平或變調上聲
喳	tsəʔ	5“尖~~的”等“A~~的”式形容詞詞綴“~~的”中前一個“~”的促化音
喵	miau2	1~鳴:模擬貓叫聲
喵	miaur2	
喵	miau5	2喚貓聲
喻	y5	
嗅	ɕieu5	1~覺
嗅	ɕyə̃5	2鼻~:嗅覺
嗆	tɕʰiɔ1	1打~
嗆	tɕʰiɔr1	1
嗆	tɕʰiɔ5	2煙~
嗆	tɕʰiɔr5	2
嗇	sɤ3	1吝~
嗇	saʔ	2
嗉	su5	雞~子
嗍	suaʔ	圪~:輕聲詞;~屎
嗑	ɔ1	1語氣詞,表示請求
嗑	kʰuə5	1~瓜子兒
嗑	kʰaʔ0	2結~子:結巴
嗑	ɔ2	2單字音:應答聲;表醒悟或驚訝
嗑	ɔ5	3表示祈使性的請求
嗑	kʰaʔ	
嗒	ta1	1鞋也忽~起了;脆~~的:前一個~讀變調去聲,後一個讀陰平
嗒	tʰər1	2
嗒	ta3	2忽~~一聲,象聲
嗒	tʰa1	3忽~
嗒	tʰa3	4忽~~一聲
嗒	tʰər3	4
嗒	taʔ	5
嗒	tʰaʔ	6
嗒	təʔ	7“肥~~的”等“A~~的”式形容詞詞綴“~~的”中前一個“~”的促化音
嗓	sɔ3	
嗖	seu1	1
嗖	seu2	2~的一下;~屬語法變調
嗖	seu3	3~的一下
嗙	pʰɔ1	1噪~兒:吹牛
嗙	pʰɔ3	2~一聲把個暖壺打啦,象聲
嗚	vu1	1單字音;~~一下,象聲
嗚	vor1	1
嗚	vu3	2~~一下,象聲
嗚	vor3	2
嗜	sɿ5	
嗝	kər0	
嗝	kər5	
嗡	vər1	
嗡	və̃1	1
嗡	iau2	
嗡	və̃3	2~一下:象聲
嗡	vər3	
嗡	vəʔ	3“熱~~的”等“A~~的”式形容詞詞綴“~~的”中前一個“~”的促化音
嗣	sɿ5	
嗥	xau2	
嗨	xɛe1	1打招呼,意義相當於“喂”
嗨	xɛe3	2
嗯	nə̃1	1圪~~:小兒哭鬧庸人
嗯	ə̃1	2應答聲
嗯	ə̃2	3對話時應答別人的話語,表示沒有不同意見
嗯	ə̃5	4表反問或疑問
嗲	tiɐr3	
嗵	tʰuə̃1	1單字音;忽~~一聲,象聲
嗵	tʰuə̃3	2忽~~一聲,象聲
嗶	xuaʔ0	3~~嗶3~~嗶3的:第一、第二、第四、第五個~讀輕入,第三個嗶3讀本調陰平,第六個嗶3讀本調陰平或變調上聲
嗶	pəʔ	~嘰
嗷	au1	1~兒~兒:嗷叫,用於歇後語“黃家梁的狗——~兒~兒了半夜,臨明叫狼吃啦!”一句中,~須兒化
嗷	au5	2~~待哺:後一個~讀輕聲
嗸	xau1	吆喝豬的聲音
嗽	seu5	
嗾	tsuəʔ	1讀倒吸氣音時為喚狗聲
嗾	tsʰuəʔ	2
嗾	suəʔ	3唆使狗咬人的口令
嘀	ti2	1的~:描摹汽車喇叭聲
嘀	ti3	2~咕
嘀	tiaʔ	3迭2~更~
嘁	tɕʰi1	1
嘁	tɕʰiəʔ	2
嘆	tʰæ5	
嘉	tɕia1	
嘌	piau1	1~~一下:象聲,快速地扔石子等物或用巴掌打人時發出的聲音
嘌	piaur1	1
嘌	piau3	2~~一下:象聲,快速地扔石子等物或用巴掌打人時發出的聲音
嘌	piaur3	2
嘌	pʰiau1	3單字音;~~一下:象聲,物體迅速地飄飛而過或快速地用巴掌打人時發出的聲音
嘌	pʰiaur1	3
嘌	pʰiau3	4~~一下:象聲,物體迅速地飄飛而過或快速地用巴掌打人時發出的聲音
嘌	pʰiaur3	4
嘍	leu3	3嘶~一下
嘍	leu2	~囉
嘎	kɐr0	
嘎	ka1	1~一下,象聲;叫~~:種公驢,後一個~讀輕聲;打~~兒:說一些似真非真開玩笑的話,後一個~讀輕聲
嘎	ka3	2哽~;象聲
嘎	kaʔ0	3~~嘎3~~嘎3的:第一、第二、第四、第五個~讀輕入,第三個嘎3讀本調陰平,第六個嘎3讀本調陰平或變調上聲
嘐	tɕiau0	~誇:誇獎
嘔	neu3	
嘔	tɕiəʔ	睜~~兒~兒的:眼睛睜得很大或形容眼珠凸出的樣子;~鏈:機靈
嘖	tsɤ1	1~~~:後一個~讀輕聲
嘖	tsəʔ	2單字音
嘗	tsʰɔ2	
嘚	tər0	
嘚	tər1	
嘚	tər2	
嘚	tər5	
嘚	tiəʔ	
嘛	ma2	
嘟	tu1	1圪~:拳頭,又可做量詞
嘟	tuor1	1
嘟	tu3	2圪~~一聲
嘟	tuəʔ	3~~嚕:數量詞;~念:念叨;“肥~~的”等“A~~的”式形容詞詞綴“~~的”中前一個“~”的促化音
嘣	pə̃1	1
嘣	pə̃3	2
嘩	xua1	1
嘩	xua3	2~一下給了個擱拽,象聲
嘩	xuəʔ	4“青~~的”等“A~~的”式形容詞詞綴“~~的”中前一個“~”的促化音
嘬	tsuə3	圪~:退縮、收縮、聚縮
嘭	pʰə̃1	1
嘭	pʰə̃3	2
嘮	laur0	
嘮	lau1	1圪~:連續不停地說話、拉呱兒
嘮	lau2	2~叨
嘯	ɕiau1	
嘰	tɕi1	1~圪~:小聲熱烈地交談;咩~;旮~旮兒兒;圪~圪拐兒
嘰	tɕi3	2不~~一下,象聲
嘰	tɕi5	3“抹~~的、黑~~的”等“A~~的”式形容詞中“A”為入聲時其詞綴中~的讀音
嘰	tɕi0	4中綴:窩囊圪~的;偷~摸摸的;詞綴“不拉~的、裡巴~”中的讀音;“甜忽~~的”等“AB~~的”式形容詞詞綴“~~的”中的讀音
嘰	tɕiəʔ	5“牙~~的”等“A~~的”式形容詞詞綴“~~的”中前一個“~”的促化音
嘲	tsʰau2	
嘴	tsuər0	
嘴	tsuei3	
嘴	tsuər3	
嘶	sɿ1	1
嘶	səʔ	2~嘍~嘍的
嘹	liau2	~亮
嘻	ɕi1	1~~哈哈:後一個~讀輕聲
嘻	ɕi3	2~笑
嘻	ɕiəʔ	3~~哈哈、~~哈哈笑
嘿	xei1	
噌	tsʰə̃1	1
噌	tsʰəʔ	2“齊~~的”等“A~~的”式形容詞詞綴“~~的”中前一個“~”的促化音
噎	iɛ5	1哽~
噎	iaʔ	2~死啦
嘘	ɕy1	1
嘘	ɕy2	2~~~~:把嬰兒撒尿時齒舌之間發出的聲音或催促牲畜飲水的聲音,第一個“噓”讀變異讀音陽平,其餘3個讀輕聲
噔	tə̃1	1單字音:圪~~一下,象聲
噔	tə̃3	2圪~~一下,象聲;有錢~時轉,沒錢幹撩亂(俗語)
噗	pʰu1	1
噗	pʰu3	2
噗	pʰaʔ	3
噘	tɕyər5	
噘	tɕyaʔ	~嘴;日~:斥罵
噝	sər0	
噝	sər1	
噝	sɿ1	1
噝	sɿ2	2~~~~:把嬰兒撒尿時齒舌之間發出的聲音或催促牲畜飲水的聲音,第一個“噝”讀變異讀音陽平,其餘3個讀輕聲
噝	sər3	
噠	ta1	1~~;後一個~讀輕聲
噠	ta3	2~一聲,象聲
噠	taʔ	2
噠	tʰəʔ	2“頑~~的”等“A~~的”式形容詞詞綴“~~的”中前一個“~”的促化音
噠	taʔ	3單字音
噢	iau2	
噢	au2	應答聲,表示同意
噦	iɔ0	干~
器	tɕʰi5	
器	tɕʰiər5	
噪	tsau1	1~~:大喊大叫地說,後一個~讀輕聲
噪	tsau5	2
噪	sau5	2害~:肉~
噱	ɕyər5	
噱	ɕyɛ2	~頭
噴	pʰər1	
噴	pʰə̃1	1
噴	pʰəʔ	2“嗑~~的”等“A~~的”式形容詞詞綴“~~的”中前一個“~”的促化音
噸	tuə̃3	
噼	pʰi1	1~~啪啪:後一個~讀輕聲
噼	pʰiəʔ	2~~喵喵
嚀	niə̃2	
嚇	ɕia5	1恐~;~唬人
嚇	ɕiaʔ	2~唬
嚇	xəʔ	3惡~
嚇	xəʔ	~號
嚌	tɕiəʔ	
嚎	xau2	幹~;~喪
嚏	tʰiə̃3	2哈哈~的總打嚏噴
嚏	tʰiə̃5	3啊~~:打嚏噴發出的聲音
嚏	tʰi5	~噴
嚓	tsʰɐr1	
嚓	tsʰa1	1單字音;嘿~~聲,象聲
嚓	tsʰa3	2黑~~一聲,象聲
嚓	tsʰɐr3	
嚓	tsʰa5	3“黑~~的”等“A~~的”式形容詞中“A”為入聲時其詞綴中~的讀音
嚓	tsʰaʔ0	4~~嚓4~~嚓4的:第一、第二、第四、第五個~讀輕入,第三個嚓4讀本調陰平,第六個嚓4讀本調陰平或變調上聲
嚓	tsʰəʔ	5“凶~~的”等“A~~的”式形容詞詞綴“~~的”中前一個“~”的促化音
嚕	lu1	1嘟~:叨念著說
嚕	luor2	1
嚕	lu2	2一嘟~
嚕	lu3	3
嚕	luəʔ	4“肥~~的”等“A~~的”式形容詞詞綴“~~的”中前一個“~”的促化音
嚴	iɛ2	
嚴	vəʔ	2“嚴~~的”等“A~~的”式形容詞詞綴“~~的”中前一個“~”的促化音
嚶	iə̃1	
嚷	zɔ1	1~哄;~~:吵~或快速地吃,後一個~讀輕聲
嚷	zɔ3	2~架;叫~
嚷	zɔ3	
嚼	tɕiau2	
囂	ɕiau1	
囈	i5	~語
囉	luə1	1~嗦
囉	luə2	2單字音
囊	nɔ2	1膽~
囊	nɔ5	物多
囑	tsuəʔ	
囔	nɔ3	2大口拼命地往嘴裡塞著吃的,如:~飯、~飯賊、一碗大米不大會兒當~進去啦
囔	nɔ1	快速地吃:一碗大米不大會兒當~~了啦,後一個~讀輕聲;嘟嘟~~:兩個~都讀輕聲
囚	ɕieu2	~犯
四	sɿ5	
四	sər5	
回	xuei2	1
回	xuəʔ0	2再往~也不待和他打交道啦
因	iə̃1	
囤	tʰuə̃2	2~積
囮	ieu2	人命~子:挑撥是非、害群之馬一樣的人
囮	ieu2	本字為“口+鳥”;義同“囮”
困	kʰuə̃5	
囹	liə̃2	
固	ku5	
固	tʰɛe2	將物藏起
圃	pu3	1苗~
圃	pʰu3	2地~兒
圇	læ2	1鹹忽~煝炒
圇	læ3	2這忽~子
圇	xuəʔ	2~圉:~圖:不停地說
圈	lɐr0	
圈	lyɐr1	1
圈	tɕyɛ5	1豬~
圈	lɐr2	
圈	tɕʰyɐr0	2
圈	tɕʰyɛ1	2~住:圍住;圓~
圈	tɕʰyɐr1	2
圈	lyɐr5	2
圈	tɕʰyɛ3	3~住:關起來
國	kuaʔ	
圍	vei1	1~了圪噠頭巾;~脖兒
圍	vei2	2包~
園	yɛ2	1~子
園	yɐr2	
園	yɛ3	2村名“梨~”中的變音
圓	yɛ2	
圓	yɐr2	
圖	tʰu2	
團	tʰuæ2	
團	tʰuɐr2	
圙	lyɛ1	1曲~;“圈”的合音,指圓圈或圈狀物;圙~子:圈狀物
圙	lyɛ1	1~~;快說,多言,後一個~讀輕聲;吐得~~~的:嘔吐的樣子,前一個~讀陰平,後一個讀變調上聲
圙	tuə̃5	1~子
圙	lyɛ3	2圈~(的)一下、喔~(的)一下:象聲,形容一下子嘔吐出來的聲音
圙	lyɛ5	2圈~子:圍起的或未圍起但有一定邊界的某個地域範圍,指圓形也指長方形,較大
土	tʰu3	1~地
土	tʰuəʔ0	2村名“黃~坡”中的變音
土	səʔ0	2村名“進~溝”中的變音
土	tʰuor3	
在	tsəʔ	2~哪哩
在	ɕiɛ2	輕~,輕聲詞;門~
圩	vei2	
圪	kəʔ	1詞頭;單字音
圪	kəʔ0	2中綴,主要是“A圪~B的”“AB~叭的”式形容詞中的讀音
圪	laʔ	2圪釘~址:形容路面上有一許多凸起物,走起路來感到顛簸不平
圪	kɐr3	
圪	kəʔ	
圭	kuei1	
地	məʔ0	
地	ti5	1
地	tiəʔ0	2結構助詞
地	tsʰɔ3	
圾	xəʔ	
址	tsɿ3	
均	tɕyə̃1	
坊	fɔ1	1東~城,村名
坊	fɔ2	2粉~;豆腐~
坊	fɔ3	3油~
坎	kʰæ3	
坎	kʰɐr3	
坏	pʰɛe1	
坐	tsuə5	
坐	tsuor5	
坑	kʰə̃1	
坑	kʰər1	
坡	pʰor0	
坡	pʰo1	
坡	pʰor1	
坤	kʰuə̃3	
坦	tʰɐr3	
坦	tʰæ3	~然
坪	pʰiə̃2	
坳	nau5	~山~
坷	la3	1坷~子:半大顆粒狀的炭、石頭等東西
坷	kʰa3	1塊~
垂	tsʰuei1	1~直
垂	tsʰuei2	2~葫蘆下來啦;子宮脫垂
垃	la1	1土坷~
垃	laʔ	2~圾
垃	xəʔ	
型	ɕiə̃2	
型	ɕiər2	
垌	xəʔ	2土~
垜	tuə3	1~子:為防危牆倒塌而附加的防護牆
垜	tuə5	2草~
垜	tuor5	2
垡	fa2	次~。~~子:流行病;~~菜:即一茬菜
垢	keu3	
垮	kʰua3	
墶	ta1	土疙~;拌疙~兒;一疙~
垸	tsʰuei5	~啦:牆體等倒塌了
垻	pa5	~大~;堤~
埂	kə̃3	
埃	nɛe1	塵~
埋	mei2	
城	tsʰə̃2	
埔	pʰu3	黃~
埕	tsəʔ	2“稜~~的”等“A~~的”式形容詞詞綴“~~的”中前一個“~”的促化音
域	y5	
埠	pər0	
埠	pu3	1商~;蚌~
埠	fu3	2蚌~
埠	pər5	
埠	paʔ	土坑兒
執	tsəʔ	2~手;~管
培	pʰɛe3	
基	tɕi1	
堂	tʰɔ2	1
堂	tʰɔr2	
堂	tʰəʔ	2“亮~~的”等“A~~的”式形容詞詞綴“~~的”中前一個“~”的促化音
堅	tɕiɛ1	
堆	tuər1	
堆	tuei1	1
堆	tuəʔ	2“泰~~的”等“A~~的”式形容詞詞綴“~~的”中前一個“~”的促化音
堖	laur0	
堖	laur5	
堡	pu3	1~子;碉~
堡	pau3	2~堡;地~
堤	tʰi2	~壩
堪	kʰæ3	1不~一擊
堪	kʰæ0	2作動詞後綴的讀音
堯	iau2	
堰	iɛ5	1
堰	iəʔ	2“展~~的”等“A~~的”式形容詞詞綴“~~的”中前一個“~”的促化音
報	pau5	
報	paur5	
場	tsʰɔr0	1
場	tsʰɔ2	1打~
場	tsʰɔr2	1
場	tsʰɔr0	2
場	tsʰɔ3	2~合
場	tsʰɔr3	2
堵	tu3	1~住;這一兒
堵	tuor3	1
堵	tu5	2~牆
堵	tuəʔ	3~了嘴啦;窯道也~住啦
塊	kʰuɛe3	1一~錢;~餾:一種麵食
塊	kʰuər3	1
塊	kʰuɛe5	2一~磚
塊	kʰuər5	2
塌	tʰɐr1	
塌	tʰa1	1平不~;扁忽~;軟得忽~~的
塌	tʰaʔ	1塌塌
塌	tʰaʔ0	2動詞後綴
塌	tʰaʔ	2
塌	tʰɐr3	
塑	su5	1~像
塑	suaʔ	2~料兒
塔	ta1	1荒疙~
塔	tɐr3	1
塔	tʰɐr3	2
塔	tʰɐr5	2
塔	tʰər5	2
塔	tʰaʔ	2木~;這~兒:~須兒化,兒化後讀兒化變調上聲
塗	tuər0	
塗	tuər1	
塗	tuəʔ	2~滿;~死;糊~:輕聲詞
塘	tʰɔ2	
塞	sɛe5	1邊~
塞	səʔ	2~住
塞	ɕiəʔ	3~住
填	tʰiɛ2	
塵	tsʰə̃2	
塹	tɕʰiɛ5	
塺	mɔ3	~土:黏性小的土
墁	mæ5	~地
境	tɕiə̃3	
墊	tiɐr0	
墊	tiɛ5	
墊	tiɐr5	
墓	mu5	
墜	tsuər0	
墜	tsuɛe5	1
墜	tsuəʔ	2“沉~~的”等“A~~的”式形容詞詞綴“~~的”中前一個“~”的促化音
墜	tsuər5	
增	tsə̃1	
墟	ɕy1	
墨	mo5	1~水兒
墨	mei5	2~汁
墨	miəʔ	3舊,~菊;~水兒
墩	tuər1	
墩	tuə̃1	1
墩	tuəʔ	2“胖~~的”等“A~~的”式形容詞詞綴“~~的”中前一個“~”的促化音
墮	tuə5	
墳	fə̃2	
墶	tɐr0	
墶	tɐr1	
墶	tɐr3	
墾	kʰə̃3	
壁	pi1	1歇後語“過了沙圪坨——照~上”一句中的村名“照~”中“~”的讀音
壁	piəʔ	3~牆
壁	piər5	
壇	tʰɐr0	
壇	tʰæ2	
壇	tʰɐr2	
壓	ia5	1圪~~的;~迫神經
壓	iaʔ	2~運;圪~:輕聲詞;~飢
壓	iəʔ	3“紅~~的”等“A~~的”式形容詞詞綴“~~的”中前一個“~”的促化音
壕	xaur0	
壕	xau2	
壕	xaur2	
壘	lɛe3	
壙	tɕʰiə̃1	~爐~:爐坑;鍋底~:像鍋底一樣的地形地勢
壞	xuɛe1	1心~的
壞	xuɛe5	2心~啦
壟	luə̃3	1~斷
壟	lyə̃3	2一~穀子;一~蔥:栽小蔥
壟	lyər3	2
士	sɿ5	1
士	səʔ	
壬	zə̃3	
壯	tsɔ5	
壹	iəʔ	
壺	xu2	
壺	xuor2	
壽	seu5	
夏	ɕia3	1姓~;~商
夏	ɕia5	2~天
夕	ɕiəʔ	
外	vɛe5	
多	tuor0	
多	tuə1	
多	tuor1	
夜	iɛ1	1黑~
夜	iɛ5	2黑~
夜	iər5	
够	kaur5	
够	keu5	~東西:取東西
夢	mə̃5	1做~;美~
夢	məʔ0	2睡~
夥	xuor0	
夥	xuor3	
大	ta5	1~人
大	tɐr5	1
大	tuə5	2村名“~峪口”中的變音
大	tɛe5	3~夫;~黃
大	taʔ	3沒~唯顧
天	tʰiɛ1	
天	tʰiɐr1	
天	tsʰɔ3	
天	tʰiɐr3	
太	tʰɛe5	
夫	fu1	~妻
央	iɔ1	
夯	xɔr3	
夯	xɔ3	打~
夷	i2	
夸	kʰua1	
夸	kʰua0	2詞綴“達~的”中的讀音
夾	tɕiaʔ	~鋏兒
夾	tɕiaʔ	莢豆~子
奇	tɕʰi2	
奈	nɛe5	
奉	fə̃5	
奎	kʰuei1	
奏	tseu5	
契	tɕʰi5	~約;默~
奔	pə̃1	~六十啦
奕	i5	1神采~~
奕	iəʔ	2~訴:歷史人名
套	tʰau5	
套	tʰaur5	
奘	tsɔ1	
奚	ɕi2	1單字音
奚	ɕi3	2~落
奞	tseu5	~一個坑兒;砌個坑兒
奠	tiɛ3	1祭~
奠	tiɛ5	2~基
奢	sa1	1舊~
奢	sɤ1	2~侈
奧	nau5	~妙
奪	tuaʔ	~取
奮	fə̃5	
女	nuor0	
女	ny3	
女	nuor3	
奴	nu2	匈~;~隸
奶	nɛe1	1~~:祖母,後一個~讀輕聲
奶	nɛe3	2乳房、乳汁、哺乳
奸	tɕiɛ1	
她	tʰa1	
她	tʰəʔ	2~媽
她	tʰəʔ0	3打~
好	xau3	1~壞
好	xaur3	1
好	xau5	2愛~
好	xəʔ	3~臭
好	xuəʔ0	4好商~量:前一個好讀本調上聲,後一個讀又音輕入
如	zu2	1~果;~意
如	zu5	2不~;~意
妃	fei3	~子
妄	vɔ5	
妒	tu5	
妓	tɕi5	
妖	iau1	1
妖	iau2	2~燒
妗	tɕiər0	
妗	tɕiə̃5	
妗	tɕiər5	
妙	miau5	
妙	miaur5	
妞	nieu3	
妞	niaur3	
妣	pi3	
妥	tʰuə3	~皮:老實、省心
妨	fɔ1	~害;~的
妯	tseu2	
妹	mei5	
妻	tɕʰi1	
妾	tɕʰiaʔ	
姊	tsɿ3	
始	sɿ3	
姐	tɕiɛ3	
姑	kuor0	
姑	ku1	大~;~弄:湊合,將就
姓	tsɔ1	
姓	ɕiə̃5	
委	vei3	
姘	piə̃5	1~夫
姘	pʰiə̃2	2~頭
姚	iau2	
姜	tɕiɔ1	
姜	tɕiɔr1	
姨	iər0	
姨	i2	
姪	tsər2	
姪	tsɿ2	~女
姪	tsɤ2	他~;妻~
姬	tɕi1	
姻	iə̃1	
姿	tsɿ1	
威	vei1	
娃	vɐr0	
娃	vɐr1	
娃	vɐr3	
孌	læ5	
娉	pʰiə̃5	~女兒
娓	vei3	
娘	fəʔ0	
娘	niɔ2	1
娘	liɔ2	1單字音
娘	niaur0	2
娘	nieu2	2奶~兒(~須兒化)、奶~子:奶頭或乳房;~兒們:代指有母子關係或女性長輩與晚輩關係的兩個以上的人
娘	niaur2	2
娛	y5	
娜	nuə2	1褭~;婀~多姿
娜	naʔ	2用於人名
娟	tɕyɐr0	
娟	tɕyɛ5	
娟	tɕyɐr5	
娠	tsʰə̃2	
娥	nuə2	
娥	nuor2	
娩	miɛ3	
娶	tɕʰy3	
婀	a2	~娜多姿
婁	laur0	
婁	leu2	~子
婆	pʰor0	1
婆	pʰo2	1~~:後一個~讀輕聲
婆	pʰor2	1
婆	pʰəʔ	2老~:輕聲詞;陽~谷
婊	piau3	
婚	xuə̃1	
婢	pʰi2	
婦	fu1	1~人;~女;少~;~幼
婦	for0	2
婦	fu5	2媳~子;娶兒聘~;媳~兒
婦	for5	2
婷	tʰiə̃1	
婿	ɕyər0	
婿	ɕy5	
媒	mei2	
媚	sɔ1	
媚	mi2	~獻
媧	va1	
媽	ma1	1
媽	mæ1	2舊
嫁	tɕia5	
嫂	sau3	
嫉	tɕi5	1~妒
嫉	tɕiəʔ	2~惡如仇
嫌	ɕiɛ2	
嫖	pʰiau1	1~浮;~白
嫗	y2	1老~
嫗	neu3	2舊
嫚	mæ5	
嫡	ti2	1~系
嫡	tiaʔ	2~系部隊
嫡	tiəʔ	3~系
嫩	nəʔ	2“粉~~的”等“A~~的”式形容詞詞綴“~~的”中前一個“~”的促化音
嫩	nau5	
嫩	nə̃5	
嫩	nər5	
嫵	fu2	~媚
嫻	ɕiɛ2	
嬈	zau3	妖~
嬉	ɕi3	
嬌	tɕiau1	
嬰	iə̃1	
嬸	sər0	
嬸	sə̃3	
嬸	sər3	
子	tɕiɛ1	1~文
子	tsɿ3	1~彈
子	tsər3	1
子	tsər5	2
子	tsəʔ	2作詞綴時在重讀的入聲後的讀音,如:桌~
子	tsəʔ0	3作詞綴時在舒聲或輕讀的入聲後的讀音,如:兒~、女~、帽~
子	tsər0	3
子	zər5	4
子	sau5	
子	tsɔ5	
子	zəʔ0	5作詞綴時在舒聲或輕讀的入聲後的讀音,如:兒~、女~、帽~
子	zər0	5
孑	tɕiɛ2	2~然
孔	kʰuə̃3	1
孔	kʰuə̃5	2窗~子;鼻~兒:須兒化
孔	kʰuər5	2
孕	iə̃5	1
孕	yə̃5	2~婦
字	tsɿ5	1文~
字	tsəʔ0	2“圪~”是一個常用字
字	tsər5	
存	tsʰuə̃2	
孚	fu2	
孝	tɕiau5	1~子盆子:出殯時放紙灰的紅瓦盆
孝	ɕiau5	2~順
孟	mə̃5	
孟	mər5	
孢	pau1	
季	tɕi5	
孤	ku1	
孥	nu2	漂亮、真好看
孩	xɛe2	
孩	xər2	
孫	suə̃1	
孫	suər1	
孳	tsɿ1	
孵	fu1	~小雞兒
學	ɕiau2	1~生;~話;上~;~手兒
學	ɕyaʔ	2~習
孺	zu1	1伸、塞。~手:伸手;把只兒腳板子~了泥裡頭啦;沒個~腳處
孺	zuor1	1
孺	zu3	2向前推、頂、突。肚~的:因不消化而肚脹
孺	zu5	3~草:往鍘刀下送草供鍘
孺	zuə1	4~進去:伸進去
孽	niaʔ	
它	tʰa1	
它	tʰəʔ	2~踢你你不敢拿鞭子狠狠抽它
它	tʰəʔ0	3拿鞭子狠狠抽~
宅	tsɛe5	
宇	y2	1~文成都
宇	y3	2~宙;~文成都;廟~
守	seu3	
安	næ1	
宋	suə̃5	
完	væ2	
完	vɐr2	
宏	xuə̃2	
宕	tɔ5	蕩放~
宗	tsuə̃1	
官	kuɐr1	
官	kuæ1	1
宙	tseu5	
定	tiər0	
定	tiə̃5	
宛	væ3	
宜	i2	1適~
宜	i5	2便~
宜	iər5	2
客	kʰaʔ	1~人
客	tɕʰiaʔ	2~人
宣	ɕyɛ1	1~化;~統
宣	ɕyɛ2	2~化;~講;~稱;~判;~誓;~泄;~紙
宣	ɕyɛ3	3~傳;~布;~言
室	tsɿ5	1臭~泥:淤泥
室	tsəʔ	2泥~啦:淤滯了
室	səʔ	
宦	xuæ5	
宮	kuə̃1	
宰	tsɛe3	
害	xɛe5	~怕;~孩子:懷孕
宴	iɛ5	
宵	ɕiau1	
家	tɕi0	1一家~
家	tɕiɐr1	1
家	tɕia1	2~長;回~
家	tɕiɛ3	3人~;代詞:~孩子
家	tɕiɛ0	4一家~;~孩子;孩子~;詞綴“式~的”中的讀音
家	tɕiaʔ	5曲~坪:村名
家	tɕiaʔ0	6李~莊:村名
家	tɕiəʔ0	8四愣~:四愣女人;一家~:前一個家讀陰平,後一個讀輕入;戶~家:指人家、住戶,前一個~讀輕入,後一個家讀陰平
容	lyə̃2	1村名“~易溝”中的變音
宿	ɕieu1	1~~:星星,後一個~讀輕聲
宿	ɕyəʔ	2~舍
寂	tɕiəʔ	7“郭~莊”等村名中的變音(用在重讀的入聲字後)
寂	tɕiəʔ	
寄	tɕi5	
寅	iə̃2	
密	mi1	1~封卷兒
密	mi5	2太~
密	miəʔ	3秘~
密	miər5	
寇	kʰeu5	
富	fu5	
富	for5	
寒	xæ2	
寓	y1	1~意
寓	y5	2~言
察	tsʰaʔ	
寡	kuɐr1	
寡	kua3	
寢	tɕʰiə̃3	
實	sɿ2	1~打~
實	səʔ	2~際失~
寧	niə̃2	1安~
寧	niə̃5	2~走也不坐車
寨	tsər0	
寨	tsɛe3	1
寨	tsɛe5	2上~:應縣一地名
審	sə̃3	
寫	ɕiɛ3	
寬	kʰuæ1	
寬	kʰuɐr1	
寬	su5	
寵	tsʰuə̃1	
寶	paur0	
寶	pau3	
寶	paur3	
寸	tsʰuə̃5	
寸	tsʰuər5	
寺	sər0	1
寺	sɿ5	1~院
寺	səʔ	2村名“大~窪”中的變音
封	fər1	
封	fə̃1	1
封	fəʔ	2“整~~的”等“A~~的”式形容詞詞綴“~~的”中前一個“~”的促化音
射	tsʰɤ5	1~箭
射	sɤ5	2掃~
將	tɕiɔr0	1
將	tɕiɔ1	1~要;~了一軍;大~軍;~夠吃
將	tɕiɔr1	1
將	tɕiɔr2	1
將	tɕiɔ5	2大~;~夠吃
將	tɕiɔr5	2
將	tsɔ5	
專	tsuɐr1	
專	tsuæ1	1~門兒
專	tsuæ3	2~門兒
尉	vei5	
尊	tsuə̃1	
尋	ɕiə̃2	~找
對	tuei3	1~猛;~搭就忘啦
對	tuei5	
對	tuər5	
導	tau3	1領~;~航
導	tau5	2領~;~航
小	ɕiaur1	
小	ɕiau3	
小	ɕiaur3	
少	sau3	1多~
少	sau5	2~年
尕	kɐr1	
尕	ka1	脾氣~:脾氣壞;~~兒的一碗:滿滿兒的一碗,前一個~讀變調去聲,後一個讀陰平
尖	tɕiɐr0	
尖	tɕiɐr1	
尖	tɕiɛ1	筆~兒很街
尚	sɔr0	
尚	sɔ5	
尚	sɔr5	
尤	ieu1	1~物
尤	ieu2	2~其
尬	ka3	1尷~
尬	tɕiɛ5	2舊~
就	tɕieu5	
就	tɕiaur5	
就	tɕieu5	本字為“疒+秋”;圪~住啦
尷	kæ1	
尹	iə̃3	
尺	tsʰər0	
尺	tsʰər5	
尺	tsʰəʔ	
尼	ni2	
尾	i3	1~巴;二~子:兩性人;盡末~兒
尾	iər3	1
尾	vei3	2結~
尾	vər3	2
尿	suei1	1~脬
尿	tɕʰieu2	1男性或女性陰莖
尿	tɕʰieu0	2作語氣助詞的讀音
尿	niau5	2~~
局	tɕy2	~長
屁	pʰi5	
屁	pʰiər5	
屄	piər1	
屄	pi1	女性或雌性動物生殖器
居	tɕy1	
屆	tɕiɛ5	
屈	tɕʰy1	1受~
屈	tɕʰyəʔ	2~服
屋	vu5	1滿房滿~;窄房淺~
屋	vəʔ	2房~;~住:堵在某空間內;~熱:天氣悶熱
屌	tiaur0	
屌	tiau1	陰莖
屍	sɿ1	
屎	sɿ1	1雞溏~:雞屎
屎	sɿ3	2~尿、屙~
屏	piə̃5	1~氣
屏	pʰiə̃2	2~風
屐	tɕi1	木~
屑	ɕiɛ1	1不~~
屑	ɕiɛ5	2頭皮~
屑	ɕiau1	3不~一顧;木~
展	tsɐr1	
展	tsæ3	1搌~布
展	tsɐr2	
展	tsəʔ	2“齊~~的”等“A~~的”式形容詞詞綴“~~的”中前一個“~”的促化音
屙	vo1	~尿
屜	tʰiər0	
屜	tʰi1	
屠	tʰu2	
屢	ly3	
層	tsʰər0	
層	tsʰə̃2	
層	tsʰər2	
履	ly3	
屬	su3	1~豬的
屬	suaʔ	2~豬
屬	suəʔ	3~豬
屯	tʰuə̃2	~住啦:堵住了
山	sɐr1	
山	sæ1	1
山	sæ3	2~丹:紅白
屹	i5	
岐	tɕʰi2	
岑	tsʰə̃2	
岔	tsʰa5	~道兒
岡	kɔ1	
岢	kʰuə3	~嵐:地名
岢	kʰuə3	~鳴:厲害、潑辣
巖	iɛ2	
岱	tɛe5	
岳	iau1	1多用於人名
岳	iaʔ	2北~
岳	yaʔ	3五~
岸	næ5	
峙	sɿ5	對~
峪	y1	1村名“~磨”中的變音
峪	y5	2~口
峪	iəʔ0	3村名“大~口”中的變音
峪	yəʔ	4村名“東~磨”中的變音
峪	kʰaʔ	村名
峰	fər0	
峰	fɔ0	1村名“駝~”中的變音
峰	fər2	
峰	fə̃1	2五~觀:本縣東山大仁莊鄉五峰山上廟宇名
峰	fə̃2	3山~
峰	fəʔ	3村名“寶~寨”中的變音
島	tau3	
峽	ɕia2	1山~
峽	ɕiaʔ	2~谷
崇	tsʰuə̃2	
崇	suəʔ	2“涼~~的”等“A~~的”式形容詞詞綴“~~的”中前一個“~”的促化音
崑	kʰuəʔ	2村名“~崙”中的變音
崔	tsʰuei1	
崖	ia2	1山~
崖	niɛ2	2~頭
崖	niɛ3	3村名“黃~”中的變音
崗	kɔ1	
崢	tsə̃1	
崩	pə̃1	1
崩	pə̃0	2“硬圪~~的”等“AB~~的”式形容詞詞綴“~~的”中的讀音
崩	pəʔ	3“青~~的”等“A~~的”式形容詞詞綴“~~的”中前一個“~”的促化音
崴	vɛe3	~了腳板子啦
崽	tsɛe3	
嵌	tɕʰiɛ1	
嵩	suə̃1	
嶁	leu1	1嘔~:凹陷或彎曲狀、屈服;黑~頭:頭型長得前額過高
嶁	leu2	2瞭天~兒:一種病眼,特征是眼睛深凹,上眼皮下垂,向上看時影響視力
嶂	tsɔ1	1助詞
嶂	tsɔ0	2語氣詞
嶄	tsæ3	1
嶄	tsəʔ	2“黃~~的”等“A~~的”式形容詞詞綴“~~的”中前一個“~”的促化音
嶢	iau2	~村
嶸	ɕiau1	1~山
嶸	iau1	2~山
嶸	yə̃2	容~面
嶺	liər0	
嶺	liə̃2	1沙~鋪:村名
嶺	liə̃3	2領~
巍	vei1	1
巍	vəʔ	2“顫~~的”等“A~~的”式形容詞詞綴“~~的”中前一個“~”的促化音
巒	læ2	
巔	tiɛ1	
巔	tiɛ3	
川	tsʰuæ1	
州	tseu1	
巡	ɕyə̃2	
巢	tsʰau1	
工	kuə̃1	
工	kuər1	
左	tsuə3	1~右
左	tsuor3	1
左	tsuə5	2~手
巧	tɕʰiau3	1
巧	tɕʰiau5	2七~板兒
巨	tɕy5	
巫	vu1	
差	tsʰɐr0	
差	tsʰɿ3	1參~
差	tsʰa1	2和~;~不多;~下一個去;有一個人落選
差	tsʰa5	3~二斤
差	tsʰɛe1	4出~
差	tsʰɐr5	
己	tɕi3	
已	i3	
巳	sɿ5	
巴	pa1	1
巴	pɐr1	1
巴	pa0	2作動詞(包括少數形容詞)後綴:拿~、拴~、扎~、緊~、攆~頭;詞綴“~蛋的、~刺的、~叉的、~眼的、~帶的”中的讀音;句子後加成分“~細的”中的讀音;“緊圪~~的”等少數“AB~~的”式形容詞詞綴“~~的”中的讀音;“精精~~的”等少數“AA~~的”式形容詞詞綴“~~的”中的讀音
巴	pɐr0	2
巴	pər5	2
巴	paʔ	3啞~子
巴	paʔ0	4後綴“~叉的、~刺的、~蛋的”中的讀音
巴	pəʔ	5“凍~~的”等“A~~的”式形容詞詞綴“~~的”中前一個“~”的促化音
巷	xɔ5	1~子
巷	xɔr5	1
巷	ɕiɔ5	2~戰
巾	tɕiə̃1	1毛~;頭~;紅領~;餐~
巾	tɕiər0	2
巾	tɕiə̃3	2~帽;毛~;頭~
巾	tɕiər3	2
巾	tɕiə̃0	3手~;枕~;圍~
市	sɿ5	
市	sər5	
布	pu5	1白~
布	pəʔ	2~袋
帆	fæ2	
希	ɕi1	
帕	pʰaʔ	
帖	tʰiər5	
帖	tʰiaʔ	
帘	liɛ2	
帚	tseu2	掃~
帛	paʔ	
帝	ti5	
帥	suɛe5	
師	sɿ1	1
師	səʔ0	2大~傅
席	ɕi2	1~面
席	ɕiəʔ	2主~
帳	tsɔ5	
帶	tɛe0	2詞綴“巴~的”中的讀音
帶	təʔ	3“潮~~的”等“A~~的”式形容詞詞綴“~~的”中前一個“~”的促化音
帶	tər5	
帶	tɛe5	腰~
常	tsʰɔ2	
常	tsʰɔr2	
帽	maur0	
帽	mau5	
帽	maur5	
幄	vaʔ	~幄
幅	fu5	1一~畫兒
幅	fəʔ	2~度;~~子布
幌	xɔ3	
幕	mu5	
幣	pi5	
幫	pɔ1	
幫	pɔr1	
干	kæ1	1~涉;~濕;天~
干	kæ3	2舊:桑~河
平	pʰiər0	
平	pʰiə̃2	
平	pʰiər2	
年	niɛ2	1
年	niɛ3	2那~子;前~
幸	ɕiə̃3	
幹	kæ5	3~部;骨~
幺	iaur1	
幺	iau1	小~兒
幻	xuæ5	
幼	ieu5	
幽	ieu1	
幾	tɕiər0	
幾	tɕi3	2~個
牀	tsʰɔ2	
牀	tsʰɔr2	
序	ɕy5	
底	tiər0	
底	ti3	
底	tiər3	
店	tiɛ5	
店	tiɐr5	
庚	kə̃3	
府	fu3	
庠	ɕiɔ2	
度	tu5	1程~
度	tuə2	2~力:因考慮擔心力量不夠而小心使力
度	tuə5	3揣~
度	tuaʔ	4~量:估量、思量,如:也不~量~量一個個兒
座	tsuə5	
座	tsuor5	
庫	kʰu5	
庭	tʰiə̃1	
庶	su3	1~人
庶	su5	2~徐
康	kʰɔ1	
康	kʰɔr1	
庸	yə̃2	
庹	tʰuaʔ	~~五尺
廁	tsʰɿ5	1茅~
廁	tsʰaʔ	2~所
廂	sɔ5	1西~房
廂	ɕiɔ1	2西~記
廂	ɕiɔ3	3這~;那~
厦	ɕia3	2~門;大~
廉	liə̃2	
廉	liɛ2	
廊	lɔ2	
廓	kʰuaʔ	
廖	liau2	
廚	tsʰu2	
厮	səʔ	2~守
廟	miau5	
廟	miaur5	
廠	tsʰɔ3	
廢	fei5	
廣	kɔ3	1~東;假陽具
廣	kɔr3	
廣	kɔ3	白~:耍無賴騙人
廬	lu2	1茅~;~山
廳	tʰiə̃1	
延	iɛ2	
廷	tʰiə̃1	
建	tɕiɛ5	
弄	nə̃1	1圪~~;糊~,輕聲詞;姑~,輕聲詞
弄	luə̃5	2
弊	pi5	
弍	ər5	
式	sɿ2	1各~各樣
式	səʔ	2公~
式	səʔ0	3詞綴“~家的”中的讀音
弓	kuə̃1	
引	iə̃3	
弗	fəʔ	
弘	xuə̃2	
弟	ti5	
弟	tiər5	
弦	ɕiɛ2	1三~:輕聲詞
弦	ɕyɛ2	2弓~
弱	zaʔ	
張	saʔ0	
張	tsɔ1	
張	tsɔr1	
強	tɕʰiɔr0	
強	sau1	
強	tɕiɔ5	1個~
強	tɕʰiɔr2	
強	tɕʰiɔ2	2加~
強	tɕiɔ5	2~性兒~
強	tɕʰiɔ3	3勉~
弼	piaʔ	1
弼	piəʔ	2
彈	tæ5	1~藥
彈	tɐr5	1
彈	tʰæ2	2~琴
彈	tʰæ0	3作動詞後綴的讀音
彌	mi2	1縫接:把這兩疙瘩布~在一途兒
彌	mi3	2阿~陀佛;~勒佛
彎	væ1	
彎	vɐr1	
形	ɕiə̃2	
形	ɕiər2	
彤	tʰuə̃1	
彤	tʰuəʔ	2“粉~~的”等“A~~的”式形容詞詞綴“~~的”中前一個“~”的促化音
彦	iɛ2	1
彦	iɛ5	2
彩	tsʰɛe3	
彪	piau1	1~悍
彪	piau3	2林~
彬	piə̃1	
彬	piər1	
彭	pʰə̃2	
影	iər0	
影	iə̃3	
影	iər3	
彷	pʰɔ2	1~徨
彷	xɔ2	
彷	fɔ3	2~佛
役	i5	
彼	pi3	
彿	fəʔ	
往	vo3	1~後
往	vɔ3	2來~
待	tɛe1	1~會兒
待	tɛe5	2對~
很	xə̃3	
徉	tsʰɔ3	
徊	xuɛe2	徘~
律	ly5	
後	xeu5	
徐	ɕy2	
徑	tɕiə̃3	1路~
徑	tɕiər3	
徒	tʰu2	
得	tiəʔ	1~到
得	tiəʔ0	2作助詞連接表示程度或結果的補語或跟在動詞後與“不”結合時的讀音
徘	pʰɛe2	~徊
徙	ɕi1	
從	tsʰuə̃2	~容;跟~
御	y5	
徨	xɔ2	
復	fəʔ	~原;重~;反~
循	ɕyə̃2	
微	vei1	1~小
微	vei2	2稍~;~~兒的:前一個~讀又音陽平,後一個讀變調陰平或又音陽平
微	vəʔ	3“笑~~的”等“A~~的”式形容詞詞綴“~~的”中前一個“~”的促化音
德	tiəʔ	
徹	tsʰaʔ	
徽	xuei3	
心	ɕiə̃1	
必	piəʔ	
忌	tɕi5	
忍	zə̃3	
忐	tʰæ3	~忑不安
忐	tʰəʔ	~忑
忖	tsʰuə̃5	
志	tsɿ5	
忘	vɔ5	
忙	mɔr1	1
忙	mɔr2	1
忙	mɔ2	
忠	tsuə̃1	
忠	tsuər1	
忤	vu1	~逆
快	kʰuɛe3	1~鋤:布穀鳥
快	kʰuɛe5	2~慢
快	kʰuəʔ	3~去;~點兒的吧;~張
忱	tsʰə̃2	
念	niɛ5	
忸	nieu3	
忻	ɕiə̃1	
忽	xuəʔ	1~然;詞頭
忽	xuəʔ0	2中綴,主要是“A吼~B的”“AB~吼的”式形容詞中的讀音
忾	kʰə̃1	心疼、著急
忿	fər1	
忿	fə̃1	1心上圪~兒得可厲害:~須兒化
忿	fə̃5	2
忿	fər3	
怒	nuor1	
怒	nu5	
怔	tsə̃1	1~貞
怔	tsə̃0	3詞綴“眉~眼的”中的讀音
怕	pʰa5	
怖	pu5	
思	sɿ1	
怠	tɛe5	
怡	i2	
急	tɕiəʔ	2~忙
急	tɕi2	~著
性	ɕiə̃5	
性	ɕiər5	
怨	yɛ5	~恨
怪	kuɛe5	
怪	kuər5	
怯	tɕʰiaʔ	1~場
怯	tɕʰyaʔ	2舊,退~
恂	ɕyə̃2	
恃	sɿ5	
恆	xər1	
恆	xə̃1	1~山;~心
恆	xə̃2	2~心
恍	kɔ1	1
恍	kɔ3	2
恍	kɔ5	
恐	kʰuə̃3	
恕	su5	
恙	iɔ3	
恢	xuei3	
恤	ɕyaʔ	1撫~金、~償錢
恤	ɕyəʔ	2撫~金
耻	tsʰɿ3	
恨	xə̃5	2~仇~毒;~~的
恨	xəʔ	3“氣~~的”等“A~~的”式形容詞詞綴“~~的”中前一個“~”的促化音
恨	xə̃3	心裏的~
恩	nər1	
恪	kʰaʔ	~守
恬	tʰiɛ3	1
恬	tʰiəʔ	2“穩~~的”等“A~~的”式形容詞詞綴“~~的”中前一個“~”的促化音
恭	kuə̃1	
息	ɕi0	1出~;膘~
息	ɕiəʔ	2
恰	kaʔ	
恰	tɕʰiaʔ	
悄	tɕʰiaur0	
悄	tɕʰiaur1	
悄	tɕʰiau3	
悦	yaʔ	
悉	ɕiəʔ	
悔	xuei3	
悖	pei5	
悚	suə̃3	
悟	vu1	1孫~空
悟	vu5	2覺~
悠	iaur0	
悠	ieu1	1
悠	iəʔ	2“顫~~的”等“A~~的”式形容詞詞綴“~~的”中前一個“~”的促化音
患	xuæ5	
您	niər1	
您	niə̃1	~兒:~須兒化
悲	pei1	
悴	tsʰuei5	
悶	mə̃5	
悶	mər5	
悻	ɕiə̃1	1
悻	ɕiə̃5	2屎眉~眼
悻	ɕiə̃0	3木不~~的”等“AB~~的”式形容詞詞綴“~~的”中的讀音
悼	tau3	1哀~
悼	tau5	2~念
悼	tiau5	3舊,~念
情	tɕʰiə̃2	
情	tɕʰiər2	
惑	xuaʔ	
惕	tʰiəʔ	
惗	tseu5	
惗	niɛ0	可~:可憐,輕聲詞
惚	xuəʔ	
惜	ɕiəʔ	
惟	vei2	
惠	xuei5	
惡	vu5	1厭~;可~
惡	naʔ	2善~
惦	tiɛ5	
惰	tuə5	
想	ɕiɔ1	1~番起哈來做啥;~~病:相思病,前一個~讀音陰平,後一個~讀輕聲
想	ɕiɔ3	2
想	ɕiɔr3	
惶	xɔ2	
惹	zɤ3	
惻	tsʰaʔ	
愁	tsʰeu2	
愈	y5	
愉	y5	
意	i3	1一心一~;著心著~
意	i5	2~挨不過:心裡實在過意不去
意	i0	3詞綴“老~的”中的讀音
意	iər5	
愚	y2	
愛	nɛe5	~護
愜	tɕʰiɛ5	
感	kæ3	
愣	lər2	
愣	lə̃5	
愣	lər5	
愧	kʰuei1	1~對
愧	kʰuei5	2羞~
慈	tsʰɿ2	
態	tʰɛe1	
慌	xuə0	1麻煩得~哩
慌	xɔ1	2心~
慌	xɔr1	2
慎	sə̃5	
慕	mu5	
慘	tsʰæ2	
慚	tsʰæ2	
慢	mæ5	1~~兒的
慢	maʔ0	2冷丟~淡的
慢	mæ5	
慢	mɐr5	
慣	kuæ5	
慣	kuɐr5	
慧	xuei5	
慨	kʰɛe5	
慪	neu3	
慫	suə̃3	~勇
慮	ly5	
慰	y5	1舊,~問
慰	vei5	2~問
慶	tɕʰiə̃5	
慶	tɕʰiər5	
慷	kʰɔ1	
憂	ieu1	
憊	pi5	
憋	piər5	
憋	piaʔ	
憐	liɛ2	~愛
憑	pʰiə̃2	
憤	fə̃5	
憨	xɐr1	
憨	xæ1	真~;糕~的;人~;~拉水:涎水
憫	miə̃3	
憲	ɕiɛ1	1~兵
憲	ɕiɛ5	2~法
憾	xæ5	
懂	tuə̃3	
懇	kʰə̃3	
懈	ɕiɛ5	
應	iə̃1	1~候:二十歲當~上爹啦
應	iə̃5	2~當;~用;響~;對~
懊	nau5	~悔;~惱
懦	nuə5	
懲	tsʰə̃2	
懵	mə̃1	1~懂住啦;發了~啦
懵	mə̃3	2~懂住啦
懶	læ3	
懶	lɐr3	
懷	xuɛe2	
懷	iə̃5	~
懸	ɕyɛ2	
懺	tsʰæ1	2忽~忽~的;~讀又音陰平
懼	tɕy5	
戀	lyɛ5	~愛
戈	kuə1	1~矛
戈	kaʔ	2~壁
戊	vu5	
戌	su3	1~邊
戌	ɕyəʔ	~時
戍	ɕyəʔ	2衛~區
戎	zuə̃2	1~馬生涯
成	tsʰər0	1
成	tsʰər2	1
成	tsʰə̃2	
成	tsʰə̃5	2七~兒,~須兒化;~~兒,~須兒化
成	tsʰər5	2
我	vo3	1
我	nuə3	2舊
戒	tɕi5	1~煙
戒	tɕiɛ5	2械~
或	tsɔ5	
或	xuaʔ	
戚	tɕʰiəʔ	~求
戚	tɕʰiəʔ	
戛	ka1	1~然而止
戛	tɕia1	2~然而止
戟	tɕi1	1三叉~
戢	tɕiəʔ	
戥	tə̃3	~子
戧	tɕʰiɔ1	1~風:逆風
戧	tɕʰiɔ3	2~住:斜著向上支撐住;~面饅頭:磨剪子來~菜刀
戧	tɕʰiɔ5	3~不住人
戩	tsʰuæ3	1一刀當~進去啦
截	tɕiər0	
截	tɕiɛ2	
截	tɕiər2	
戲	ɕi5	
戳	tsʰuɐr0	
戳	tsʰuaʔ	2~子;~破手啦;~人:頂撞人;~著啦:擦著了、碰著了
戴	tɛe5	
户	xu5	
房	fɔr0	1
房	fɔ2	1~屋
房	fɔr2	1
房	fɔ3	2東~紡
房	fɔr3	2
所	suə3	
所	suor3	
扁	piɐr1	1
扁	piɐr2	1
扁	piɛ3	1~食
扁	pɐr1	2
扁	pæ3	2壓~
扁	pʰiaʔ	2~人
扇	sæ1	1動詞
扇	sæ5	2名詞
手	seu3	
手	saur3	
才	tsʰɛe2	1
才	tsʰɛe3	2特別強調時讀上聲,如:四愣叫家逮進禁閉去啦。傭~好哩
才	tsʰɛe5	3特別強調時讀去聲,如:四愣叫家逮進禁閉去啦。傭~好哩
才	tsʰɛe0	4副詞
扎	tsa1	1馬~子
扎	tsaʔ	2掙~;~火:生火
扎	tsaʔ0	3作動詞、形容詞後綴的讀音
扑	pʰu2	1~克兒
扒	pa1	1~牆;~在;~住
扒	pa5	2~縫;~起板筋
扒	pʰa2	3~肉條;~在桌子上睡著啦
扒	paʔ	4~皮
扒	pəʔ	5~拉
打	ta1	1~鬧;~掙;~騰;~點;~攪
打	ta3	2~鬧;~人
扔	zə̃3	
扔	ləʔ	3拉~
扔	lɐr5	
扔	tau1	用手抓
托	tʰuə0	1摩~
托	tʰuaʔ	2~住:推~
托	tsa5	~開:張開
扛	kʰɔ3	1炕~後~
扣	kʰeu5	
扦	tɕʰiɛ1	
扭	nieu3	
扮	pæ1	
扯	tsʰɤ3	
扳	pæ1	1~子
扳	pæ3	2~機
扶	fu2	
批	pʰi1	一~
扼	naʔ	
找	tsau3	
承	tsʰə̃2	
承	naʔ	~
技	tɕi5	
抄	tsʰau1	~寫:麥子凍斷腰,一苗打~~(諺語)
抉	tɕyaʔ	
把	pɐr0	1
把	pa3	1~握,~門,一~~
把	pɐr3	1
把	pɐr0	2
把	pa5	2~子
把	pɐr5	2
把	paʔ	3介詞
把	pəʔ	4介詞
抑	i5	壓~
抓	tsua1	1
抓	tsua1	1~~:高聲說話聲,後一個~讀輕聲
抓	tsuaʔ0	3~~抓3~~抓3的:高聲說話或受驚尖叫聲,第一、第二、第四、第五個~讀輕入,第三個抓3讀本調陰平,第六個抓3讀本調陰平或變調上聲
抓	tsuəʔ	4“尖~~的”等“A~~的”式形容詞詞綴“~~的”中前一個“~”的促化音
抔	pʰɛe3	~了毛兒啦:讓人將手上的東西向上打散了
投	tʰeu2	~降
抗	kʰɔ5	1~日戰爭;~戰
抗	kʰɔ3	2~戰;~日
折	tsɐr0	
折	sɤ2	1~耗
折	sɤ3	2寧~不嶇嘍
折	tsaʔ	3寧~不彎
披	pʰi1	
抬	tʰɛe2	
抱	pau2	1~毀
抱	pau5	2~住
抵	ti3	2~消
抹	mo3	1~子:給羊等牲畜用顏色作的標記;~脖子;~畫;一~~坡兒
抹	mor3	1
抹	maʔ	2~牆;~帽子;~的:不可一世或瞧不起人的樣子
抻	tsʰə̃1	~往前展~
押	ia5	1~寶;~金
押	iaʔ	2扣~;~送
抽	tsʰeu1	擋~褲子
抿	miə̃2	1~住嘴
抿	miə̃3	2~~:後一個~讀輕聲
抿	miə̃5	3圪~:岷圪~
拂	fəʔ	
拄	tsu3	~拐棍兒
拆	tsʰaʔ	
拇	mu3	1~指
拇	mə̃0	2大~指頭
拈	niɛ1	1~輕怕重
拈	niɛ5	2~轉饃根頭髮
拈	niɛ0	3“小圪~~的”等“AB~~的”式形容詞詞綴“~~的”中的讀音
拈	niəʔ	4“小~~的”等“A~~的”式形容詞詞綴“~~的”中前一個“~”的促化音
拉	la1	1~拔;動詞後綴(位於重讀的入聲後),如:撲~、摸~、吃~、瀝~
拉	lɐr1	1
拉	lɐr3	1
拉	la3	2~沙:粗心大意
拉	la5	3~叭
拉	la0	4動詞後綴(位於舒聲或輕讀的入聲後),如:扯~、搞~、撂~、套~;詞綴“~氣的、~味的、不~叭的”中的讀音;句子後加成分“~搭的、不~細的”中的讀音;詞綴“忽~的”中的讀音;“A~”式動詞的重疊式“AA~~的”式形容詞後邊的~的讀音
拉	laʔ	5~薩;~稀
抛	pʰau1	
拌	pæ5	
拌	pɐr5	
拍	pʰɛe1	1乒乓球~子
拍	pʰaʔ	2~賣;~馬屁
拍	pʰiaʔ	3打~子:演奏或演唱時進行指揮;~子:用高粱稈頂端部分縫制的鍋蓋;乒乓球~子;~馬屁
拎	liə̃5	
拐	kuɛe3	
拑	tɕʰiɛ2	~死:耍無賴
拒	tɕy5	
拓	tʰaʔ	1~片
拓	tʰuaʔ	2開~
拔	pɐr1	
拔	pər0	1
拔	la5	1指頭黑~子;髭黑~
拔	paʔ	1~開
拔	pa2	
拔	pɐr2	
拔	pəʔ	2~拉
拖	tʰuə1	1
拖	tʰuəʔ	2“粉~~的”等“A~~的”式形容詞詞綴“~~的”中前一個“~”的促化音
拗	nau5	1~斷啦;~門兒:別扭的人
拗	nieu2	2~住啦:一定要做
拗	nieu5	3直~
拘	tɕy2	1~束;~留;不~兒:不局限
拘	tɕy5	2~留;不~;不論
拙	tsuaʔ	
拚	pʰæ5	~命
招	tsau1	
招	tsaur1	
拜	pɛe5	
拤	tɕʰia1	用兩手掐住
括	kʰuaʔ	擴~
拯	tsə̃3	2~救
拯	tsə̃5	2包~
拱	kuə̃3	2~出來
拳	tɕʰyɛ2	
拴	suæ1	
拶	tsa1	~蛋:雞及鳥類交配
拷	kʰau3	
拼	pʰiə̃1	1~叉;瓜分
拼	pʰo3	1~上啦:豁出去了
拼	pʰiə̃1	2~七巧板兒
拼	pʰiə̃2	3~音
拽	taur0	
拽	tsuɛe5	1~住
拽	iɛ5	2搖~
拾	sɿ2	1~柴
拾	səʔ	2~個;收~:輕聲詞
拿	nau2	
拿	na2	~來;~手
持	tsʰɿ2	
指	tsɿ3	1~揮
指	tsʰɿ0	2戒~子
指	tsʰər0	2
指	tsəʔ	3~頭:~鼻子~臉
挈	tɕʰiɛ5	1稍微提起
挈	tɕʰiaʔ	2
按	næ5	
挎	kʰua5	
挐	zu3	挐拄:~了根棍子
挑	tʰiau1	1~出來
挑	tʰiau2	2~擔;連襟
挑	tʰiau3	3~重擔
挖	va1	1用力往下~;~苦
挖	væ1	2~地
挖	vaʔ	3~洞
撓	tiaʔ	拿棒子或用巴掌打
挨	nɛe1	1~住
挨	nɛe2	2~打
挪	nuə2	
挫	tsʰuə1	1~折
挫	tsʰuə5	2抑揚頓~
挬	po2	~住點兒:控制住點兒
振	tsə̃3	
挺	tʰiə̃3	
挼	zua2	1~菜;~的:鬆軟不結實
挼	zuə2	2~麥穗兒
挽	væ3	
挾	tɕiaʔ	1~菜;~要:要~
挾	ɕiaʔ	2要~
捂	vu3	1
捂	vəʔ	2
捅	tʰuə̃3	~破啦
捆	kʰuə̃3	
捆	kʰuər3	
捉	tsuaʔ	
捋	ly3	1~榆葉
捋	luə3	2~起袖子
捎	xɔ3	推、捎
捏	niɛ5	1~泥人兒;~糕
捏	niaʔ	2~起來
捐	tɕyɛ1	
捕	pu3	~捉
捥	vɐr1	1
捧	pʰə̃3	
捧	fə̃5	
捨	sɤ3	~棄;~得
捩	liaʔ	~頭:~著腰啦:把腰扭傷了;~翻啦:因被惹惱而發火
捫	mə̃2	
捶	tsʰuei2	
捷	tɕiaʔ	1大~;~報
捷	tɕiəʔ	2
捺	naʔ	
捻	niɛ3	1~線
捻	niɛ5	2~子
捻	niɐr5	2
捽	tsʰu2	用手緊緊抓住,如:~頭髮、~住孩兒領子
掀	ɕiɛ1	
掀	tɕʰiɛ1	鐵~
掂	tiɛ1	
掃	sau3	1~地
掃	sau5	2~帚
掄	luə̃2	
掅	tɕʰiɛ5	1~死啦:用手指掐致死
掇	tuə0	1拾~
掇	tuaʔ	2拾~;~起來:舉起來、托起來
授	seu5	
掉	tiau1	1吆喝牲畜退到或轉到指定地方
掉	tiau5	2~隊;~頭;改~
掊	næ3	1~點兒藥麵兒;~圖釘兒:釘圖釘兒
掊	næ5	2~住個蠅子
掌	tsɔ3	
掏	tʰau1	
掐	tɕʰiaʔ	1~朵花兒
掐	tɕʰiaʔ0	2作動詞後綴的讀音
排	pʰɛe2	
掖	iɛ5	1扶~;獎~
掘	tɕyaʔ	
掙	tsə̃5	2~錢
掛	kua5	
掟	tiə̃5	狠打
掠	liaʔ	
掠	liaʔ	用掃帚輕輕掃
採	tsʰɛe1	1忽~:很浪費地用水;不~:在較淺的水裡玩水或在泥水裡亂踩亂蹭
採	tsʰɛe3	2單字音
採	tsʰɛe5	3“圪~~的”等“A~~的”式形容詞中“A”為入聲時其詞綴中~的讀音
探	tʰæ5	
掣	tsʰɤ3	
接	tɕiaʔ	
控	kʰuə̃5	
推	tʰuei1	
掩	iɛ1	1耳~子:耳盜鈴
掩	iɛ3	2~蓋;~子:抵住車輪以防滾動之物
措	tsʰu3	1~置
措	tsʰuə5	2~施
措	tsʰuaʔ	3~施
措	tsʰuəʔ	4舉~
掬	tɕy1	
掬	tɕyər1	
掯	kʰə̃5	
掰	pæ1	1~下來
掰	paʔ	2~開
掰	paʔ	
揀	tɕiɛ3	
揀	tsʰɤ5	~他一巴掌:用力打他一巴掌
揉	zeu2	
揉	saʔ	~達:因對人不滿而用手摔摔打打
揋	vei1	挪動重物
揍	tseu5	
揎	ɕyɛ1	1推~
揎	ɕyəʔ	2“揎~~的”等“A~~的”式形容詞詞綴“~~的”中前一個“~”的促化音
描	miau2	
提	tʰi2	1~高;~防;手~;~醒;~款
提	tiəʔ	2~溜
提	tʰiəʔ	3~溜
插	tsʰər5	
插	tsʰaʔ	~關:~手
揖	i1	作~
揚	iɔ2	
換	xuæ5	
握	vɔ0	1把~
握	vəʔ	2把~:輕聲詞;~手
揣	tsʰuɛe3	懷~;~測;~摸
揨	tuei3	瞄準扔擲
揩	kʰɛe3	1
揩	tɕʰiɛ1	2~炕
揪	tɕiaur1	
揪	tseu1	~一把
揪	tɕieu1	~住
揭	tɕiaʔ	
揮	xuei1	1指~;發~
揮	xuei3	2~動;發~
揳	ɕiaʔ	~你:打你;~莖杆:死者死後第三天晚上將棺材用木頭楔子釘好
援	yɛ1	~救
揶	nɛe5	2~面兒,確指
搉	tɕʰyɛ3	1用手折弄使彎曲以致折斷
搉	tɕʰyaʔ	2用手折弄使彎曲或折回
搋	tsʰɛe1	~糕:糕蒸熟後用手按揉成一塊
損	suə̃3	
搓	tsʰuə1	1~手
搓	tsʰuaʔ0	2揉~
摇	iau2	
搗	tau3	1
搗	təʔ	2“亂~~的”等“A~~的”式形容詞詞綴“~~的”中前一個“~”的促化音
搗	tau3	~線子
搛	tɕi1	用筷子夾菜
搜	seu1	
搞	kau3	
搥	tsʰuei2	
搬	pæ1	
搭	tɐr0	
搭	tɐr1	
搭	ta1	1~~兒:一塊兒,~須兒化
搭	ta3	2一~子牌
搭	tɛe5	3不~理他
搭	taʔ	4~伴兒
搭	taʔ0	5句子後加成分“拉~的”中的讀音
搭	təʔ	7~拉
搲	va1	1用手~人:用手抓人
搲	va3	2
搲	va5	3用勺子扳、挖糊在鍋底的食物或沉澱在水裡的澱粉
搳	tɕʰia1	~住:用手虎口部搯住
搶	tɕʰiɔ1	1~風嶺:山名
搶	tɕʰiɔ3	2~奪
搽	tsʰa2	搽~粉
摁	nə̃5	
摑	kuaʔ	
摒	piə̃1	1否定詞:“不應”的合音,義同“摒1”,多單獨用於句首
摒	piə̃5	1否定詞:“不應”的合音,常用詞:~棄、~除
摒	pʰiə̃2	2~棄、~除
摔	suɛe1	
摘	tsaʔ	
摞	luor5	
摞	luə5	~起
摞	luə3	輕輕地挨其他物體
摟	leu2	1~地;~住繩
摟	leu3	2~上睡;~~粗
摧	tsʰuei1	
摧	tsuei3	~住:使物站立
摩	mo2	
摯	tsəʔ	
摱	mæ2	扔棄
摳	kʰeu1	
摶	tʰuɐr3	
摶	tʰuæ3	忽~:糊弄、應付
摸	maʔ	1漠漠
摸	maʔ0	2詞綴“氣~番的”中的讀音
摸	məʔ	3~拉
摹	mu2	~仿
摻	tsʰæ1	~和
摽	piaur5	
摽	piau5	捆綁物體使相連接,如:拿鐵絲~住桌腿子;~著幹
撅	tɕyaʔ	
撅	tɕyaʔ	揪、拽、折斷、揪拽後使斷裂,如:~下來、~斷
撇	pʰiɛ3	1左~子;~斷:用手折弄使彎曲以致折斷
撇	pʰiaʔ	2~開;~捺:用勺子往出盛表面的液體,如:~油花兒
撈	lau1	1尿圪~
撈	lau2	
撈	lau5	2圪~子:即沓~子;即沓~
撑	tsʰə̃1	1~開;~破;~船;~行兒:以不正當手段競爭並取而代之;吃飽~的
撑	tsʰə̃2	2俯臥~
撑	tɕʰiə̃5	2束、勒:腳面看得慌
撑	tsʰə̃3	3支~
撑	tsʰə̃5	4吃得太多,如:~著啦、吃飽~的
撑	tsʰəʔ	5“青~~的”等“A~~的”式形容詞詞綴“~~的”中前一個“~”的促化音
撒	sa3	1~種
撒	saʔ	2~腿;~歡兒
撓	nau2	1~癢
撓	naur2	1
撓	nau3	2~東西
撕	sɿ1	
撚	niɛ2	以手指或其他器具把東西弄碎,如:~死個螞蟻蚃
撞	tsɔ5	1碰~
撞	tsʰɔ5	2瞎盲~:亂闖亂跑者
撣	tæ3	2單字音
撣	tæ3	~覺:愜意地睡;~子:房屋的橫樑;~衣裳:將衣服掛出去晾曬或掛起;~手巾:將毛巾掛起
撤	tsʰɤ5	1後~:後退、後縮
撤	tsʰaʔ	2~退
撥	pɐr1	
撩	liau2	~起來
撩	liau2	挑弄、引逗
撫	fu2	~養
撬	tsʰau5	1~棍
撬	tɕʰiau1	2~起來;~棍
播	po1	1
播	pɔ0	2廣~
撮	tsuə1	1一圪~米
撮	tsuor1	1
撮	tsuaʔ	2小~
撮	tsʰuaʔ	3~炭;~玉麥子
撰	tsuæ5	
撲	pʰər1	
撲	pʰaʔ	2~打
撲	pʰəʔ	3~上去就打
撲	pʰər5	
撼	xæ5	
撾	vo1	老~
擀	kæ3	
擁	yə̃3	~抱
擂	lɛe5	2~臺
擄	leu3	
擅	sæ5	
擇	tsaʔ	選~
擊	tɕiəʔ	
擋	tɔ3	阻~
操	tsʰau1	1~作
操	tsʰau5	2~嘡:破口大罵
操	tsʰau5	~牆:刷牆
擎	tɕʰiə̃2	禽飛~
擒	tɕʰiə̃2	
擔	tæ1	1~任
擔	tæ5	2~杖:市制重量單位:一~~一百斤
擘	paʔ	~下來;~開
據	tɕy5	
擠	tɕi3	2~夯兒不下:形容人多過於擁擠~有點兒放不下的樣子
擤	ɕi3	~膿涕:清理鼻涕
擦	tsʰər5	
擦	tsʰaʔ	~倒:滑倒
擦	tɕi5	拿石頭~:用石頭砸、打
擬	ni5	發~症
擬	ni5	草~
擰	niər0	
擰	niə̃2	
擱	ka5	1放;~下哇;~起哇;~分兒:打撲克術語
擱	kæ0	2耽~
擱	kaʔ	3~靠其後;~分兒:打撲克術語
擱	kəʔ	4“閑~~的”等“A~~的”式形容詞詞綴“~~的”中前一個“~”的促化音
擲	tsɿ5	1投~
擲	tsə̃5	2投~
擺	pɛe3	
擻	seu5	抖~;~火
擼	lu3	
擾	zau3	
攀	pʰæ1	
攃	liaʔ	把頭髮款款兒~~:後一個~讀輕聲
攆	tɛe3	1~子:~得圓:兜售過來兜售過去地亂轉的樣子
攆	niɛ3	~趕,輕聲詞;~羔:羊交配
攏	lyə̃3	2~落
攏	luə̃3	~共;~絡
攔	læ2	~陽~;~頭上打
攘	zɔ3	
攙	tsʰæ1	~扶
攛	tsʰuæ2	~:手淫
攜	ɕi5	1提~
攜	ɕiɛ5	2~手
攝	saʔ	1~取
攝	niaʔ	2~影兒
攞	xuaʔ	~菜
攢	tsæ3	1積~
攢	tsʰuæ1	2~湊
攢	tsuəʔ	2“小~~的”等“A~~的”式形容詞詞綴“~~的”中前一個“~”的促化音
攢	tsʰuæ2	3~材:做棺材
攢	tsʰuæ3	4~番:集聚
攢	tsʰuæ5	5起~:即起厝
攤	tʰɐr0	
攤	tʰæ1	
攤	tʰɐr1	
攥	tsuæ5	1
攪	tɕiau3	
攫	tɕyaʔ	
攬	læ3	
攬	læ3	圪~:“杆”或“桿”的分音詞
攮	nər2	
攮	nɔ3	拿針~
攮	nɔ2	語氣詞,表示應答、肯定
支	tsɿ1	1干~;~應
支	tsɿ3	2量詞
收	seu1	
改	kɛe3	
攻	kuə̃1	~擊
放	fɔ5	
放	tsɔ5	
政	tsə̃5	
故	ku5	緣~
效	ɕiau5	2不~子孫
敏	miə̃3	
敏	miər3	
救	tɕieu5	
敕	liau2	~衣裳
敗	pɛe5	
敘	ɕy5	
教	tɕiau1	1~學生
教	tɕiau5	2~育
敝	pi5	
敞	tsʰɔ3	
敞	tsʰɔ3	~開
敢	kæ3	
散	sæ3	1~裝酒;~頓藥麵兒多~點兒
散	sæ5	2分~
敦	tuə̃1	~實
敬	tɕiə̃5	
敲	tɕʰiau1	
敳	tsʰuæ5	~穀子:用碾子碾穀子以去皮
整	tsər1	
整	tsə̃3	1
整	tsəʔ	2“齊~~的”等“A~~的”式形容詞詞綴“~~的”中前一個“~”的促化音
整	tsər3	
敵	ti2	
敷	fu2	~衍
數	su3	1動詞,~人
數	su5	2~學
數	suor5	2
數	su0	3詞綴“達~”中的讀音
斂	liɛ3	收~
文	vər0	
文	və̃2	
文	vər2	
斌	piər0	
斌	piə̃1	
斌	piər1	
斑	pæ1	
斗	teu3	1一~;抖~達~達布袋;又到那~去來
斗	taur3	1
斗	neu3	一~
料	liau5	
料	liaur5	
斛	xu2	
斜	ɕiɛ2	眼~
斟	tsə̃1	
斤	tɕiə̃1	
斤	tɕiər1	
斥	tsʰəʔ	
斧	for0	
斧	fu3	
斬	tsæ3	
斯	sɿ1	
新	ɕiə̃1	
新	ɕiər1	
新	ɕiər2	
斷	tuɐr5	
斷	tuæ5	~絕;決~
方	fɔr1	
方	fɔ1	1八~;姓~
方	fɔ3	2四~
於	y5	2過~、弱~
施	sɿ1	
旁	pʰɔr0	
旁	pʰɔ2	
旁	pʰɔr2	
旅	ly3	
旋	ɕyɛ2	1~轉
旋	ɕyɛ5	2~風兒
旋	ɕyɐr5	2
旌	tɕiə̃3	
族	tsuəʔ	1
旗	tɕʰi2	
旗	tɕʰiər2	
既	tɕi5	
日	zɿ5	1~子
日	zəʔ	2~怪子
旦	tæ1	1危在~夕
旦	tæ5	2~~~;~角兒
旨	tsɿ3	1
旨	tsəʔ0	2停~嶺,村名
旨	zəʔ0	3停~嶺:村名
早	tsaur1	
早	tsaur2	
早	tsau3	
早	tsaur3	
旬	ɕyə̃2	
旭	tɕʰyəʔ	1舊,~日
旭	ɕyəʔ	2~日
旮	kəʔ	~見兒
旱	xæ5	
旺	vɔ2	1打下~頭去啦
旺	vɔ3	2村名“張~”中的變音
旺	vɔ5	3興~;火~
旺	vɔr5	3
昂	nɔ2	1~揚
昂	ɔ2	2~揚
昆	kʰuə̃3	1~明
昌	tsʰɔ1	1
昌	tsʰɔ2	2文~星
昌	tsʰɔ3	3用於兩字的人名後字:海~藍
明	miər0	
明	miər1	
明	miə̃2	
明	miər2	
昏	xuə̃1	
易	i5	1交~
易	tɕiəʔ0	2村名“容~溝”中的變音
昔	ɕiəʔ	
星	ɕiə̃1	
星	ɕiər1	
映	iə̃5	
春	tsʰuər0	
春	tsʰuə̃1	
春	tsʰuər1	
春	tsʰɔ3	
昧	mei5	
昨	tsuaʔ	
昭	tsau1	
是	sɿ2	1那不~
是	sɿ5	2不~
是	səʔ0	3真~;就~
時	sər0	
時	sɿ2	1
時	sɿ5	2~遷鼓子:渾源耍故事扮演時遷的兩位演員
時	səʔ	3小~
時	tsɔ5	
晃	laur0	
晃	lau1	1昂~
晃	xɔ5	2~眼
晃	xəʔ	3“明~~的”等“A~~的”式形容詞詞綴“~~的”中前一個“~”的促化音
晃	laur5	
晄	kɔ5	~炕:打炕時使炕表面的抗泥光滑
晄	kɔ5	~~子
晄	kɔ5	~啦:飛快地跑了
晉	tɕiə̃5	
晌	sɔ3	~午
晚	væ3	
晚	vɐr3	
晝	tseu5	
晦	xuei3	
晨	tsʰə̃2	
普	pʰu3	
景	tɕiə̃3	
景	tɕiər3	
晴	tɕʰiə̃2	
晶	tɕiə̃1	1
晶	tɕiəʔ	2“亮~~的”等“A~~的”式形容詞詞綴“~~的”中前一個“~”的促化音
智	tsɿ5	
晾	liɔr0	
晾	liɔ5	把飯~~:後一個~讀輕聲
暄	ɕy1	1~寒問暖;土~;饅頭~;~騰
暄	ɕyɛ2	2寒~
暇	ɕia2	
暈	yə̃1	1~倒啦
暈	yər1	1
暈	yər3	1
暈	yə̃5	2~車;頭~;~倒啦
暈	yər5	2
暑	su2	1~假
暑	su3	2~假;酷~
暖	næ3	1溫~
暖	nɔ3	2~和
暗	næ5	
暗	nɐr5	
暝	miə̃3	
暢	tsʰɔ5	
暫	tsæ5	
暮	mu5	
暴	pau5	
暾	iɛ3	前~:上午;後~:下午
曉	ɕiau1	1
曉	ɕiau3	2多用於人名
曝	pʰu1	1~曬
曝	pau5	2~曬;~光
曠	kʰɔ5	
曠	kuaʔ0	老~:張望
曩	nəʔ	2“肥~~的”等“A~~的”式形容詞詞綴“~~的”中前一個“~”的促化音
曩	ɕiɔ2	~時
曬	saʔ0	
曬	sɛe5	
曬	sa2	~了一眼;瞥了一眼
曲	tɕʰyər5	
曲	tɕʰyəʔ	~折,歌~;酒~子;~豆餡兒:熬製豆餡兒
更	kə̃1	1
更	kə̃5	2~加
更	tɕiə̃1	3五~
更	kəʔ	4“癡~~的”等“A~~的”式形容詞詞綴“~~的”中前一個“~”的促化音
書	su1	
書	suor1	
曹	tsʰau2	
曹	tsʰaur2	
曼	mæ5	
曾	tsə̃1	1~姓
曾	tsʰə̃2	2~經
曾	tsə̃5	2~增
替	tʰi5	~代;輔助主標的細標
最	tsuei5	
會	kʰuɛe5	1~計
會	xuei3	2這~兒;險~兒
會	xuər3	2
會	xuei5	3開~
會	xuər5	3
會	xuei0	4拉呱了~兒;有~兒啦
會	xuər0	4
月	yɛ5	
有	ieu3	1~無
有	iəʔ	2村名“大~號”中的變音
有	iaur3	
朊	suə̃2	精液:人~;人軟弱無能
朋	pʰə̃2	
服	fu2	1五~;~侍不了
服	fu5	2一~藥
服	fəʔ	3~務;~藥
朔	suaʔ	
朗	lɔ5	
望	saʔ0	
望	vɔ5	
朝	tsau1	1~令夕改
朝	tsau3	2~霞
朝	tsʰau2	3~代:臉~裡
期	tɕʰi1	時~
朣	tʰuə̃2	
木	mu5	
未	vei5	
末	mo5	1~子;肉~兒
末	mor5	1
末	mər5	2
末	maʔ	2~尾兒
本	pə̃3	
本	pər3	
札	tsaʔ	
朱	tsu1	~砂
朴	pʰaʔ	
朶	tuər0	
朶	tuə1	
朶	tuor1	
朽	ɕieu1	1萬古不~
朽	ɕieu3	2腐~;黑~~的:做事笨拙;~劃兒:做事笨拙的人
杆	kæ1	1旗~
杆	kæ3	2槍~子
杈	tsʰa1	1三股~
杈	tsʰɐr1	1
杈	tsʰa3	2樹疙~兒
杈	tsʰɐr3	2
杉	sæ3	
李	li3	
杏	ɕiə̃5	
杏	ɕiər5	
材	tsʰɛe2	
村	tsʰuər0	
村	tsʰuə̃1	1
村	tsʰuə̃3	2村名“舊~”中的變音
杖	tsɔ5	
杜	tu5	
杞	tɕʰi2	
束	suər5	
束	suəʔ	
杭	xɔ2	
杯	pei1	
杰	tɕiaʔ	
東	tuər0	
東	tuər1	
東	tuə̃1	~西
杳	iau3	
杳	iau3	~無音訊
杴	tɕʰiɛ1	木~
杵	tsʰu3	用棍棒類扎、劃。鐵~
杷	pʰa1	1枇~
杷	pʰa3	2~攬:貪占
杷	pʰaʔ0	枇~
松	suə̃1	~樹
板	pɐr0	
板	pæ3	1
板	pəʔ	2“死~~的”等“A~~的”式形容詞詞綴“~~的”中前一個“~”的促化音
板	pɐr3	
枇	pʰi2	~杷
枉	vɔ3	
析	ɕiəʔ	
枕	tsə̃3	1鶸鶵~子:妝老用的枕頭和腳墊
枕	tsə̃5	2
林	liə̃2	1樹~子
林	liər2	1
林	liə̃5	2村名“北榆~”中的變音,當地人多讀
枘	na5	~命:小兒要鳥致死
枚	mei2	
果	kuor0	
果	kuə3	
果	kuor3	
枝	tsər0	
枝	tsɿ1	1樹~
枝	tsər1	1
枝	tsɿ3	2量詞
枯	kʰu1	~黃
枱	tʰɛe3	打~:一種兒童遊戲,用木棒置於地上打且賭輸贏
枳	tɕiəʔ	
架	tɕiɐr0	
架	tɕia5	
枷	tɕia1	1木匠作~
枷	tɕiɛ0	2連~:打場用具
柄	piə̃5	
柏	paʔ	1松~;~油;~林;黃~:即黃檗,輕聲詞
柏	piaʔ	2~樹;~枝兒
柏	piəʔ0	3村名“西~林”中的變音
某	mu3	~人
柑	kæ1	
柒	tɕʰiəʔ	
染	zæ3	~布
柔	zeu2	
查	tsʰa2	
柩	tɕieu1	
柯	kʰuə1	~樹:修剪、砍去樹上無用的枝葉
柱	tsuor0	
柱	tsu5	
柱	tsuor5	
柳	lieu3	
柴	tsʰɛe2	
栅	tsa5	1~粒子
栅	sæ1	2~板;打~子
栅	sæ5	3大~欄兒
柿	sər0	
柿	sɿ5	
栓	suæ1	
栗	li5	
校	tɕiau5	1~場
校	ɕiau5	2~對;學~
株	tsu1	
核	xu2	1杏兒~
核	kəʔ	2~桃
核	xəʔ	3審~
根	kər0	
根	kə̃1	
根	kər1	
格	kɐr0	
格	kaʔ	
栽	tsɛe1	
桂	kuei5	
桃	tʰau2	
桃	tʰaur2	
桃	kəʔ	
桄	kɔr5	
框	kʰɔr0	
框	kʰɔ5	
框	kʰɔr5	
案	næ5	
桌	tsuɐr0	
桌	tsuaʔ	
桐	tʰuə̃2	
桑	sæ1	1舊:~干河
桑	sɔ1	2
桓	xuæ2	
桔	tɕyəʔ	
桴	fu2	~筲蝠
桶	tʰuər0	
桶	tʰuə̃3	
桶	tʰuər3	
桿	kɐr3	2
梁	liɔ2	1
梁	liɔr2	1
梁	liɔ5	2脊~
梁	liɔr5	2
梅	mei2	
梆	pɔr0	1
梆	pɔ1	1單字音;~~聲,象聲
梆	pɔr1	1
梆	pɔr2	1
梆	pɔ3	2~一聲,象聲
梆	pɔr3	2
梆	pəʔ	3“硬~~的”等“A~~的”式形容詞詞綴“~~的”中前一個“~”的促化音
梓	tsɿ1	
梗	kə̃1	1
梗	kə̃1	1~概;~阻;~咽
梗	kə̃3	2~直;作~
條	tʰiaur0	1
條	tʰiau1	1量詞,如:一~魚兒、一~腿
條	tʰiaur2	1
條	tʰiau2	2笤~件
條	tʰiau3	3村名“長~”中的變音
梢	saur0	
梢	sau1	
梢	saur1	
梢	sau1	1~信:吆喝驢馬倒退
梢	sau3	1
梢	sau5	2用拳掌打、淘打;因日光曬而褪色
梢	sau5	2~兒:生日或年除兒的前一天,~須兒化
梢	sau5	~地:酒水
梧	vu1	
梨	liər2	
梨	li2	~兒
梭	suor3	
梭	suə3	機~兒:雞~兒
梯	tʰiər0	
梯	tʰi1	
梯	ti5	
梳	suor0	
梳	su1	~子
棄	tɕʰi5	
棉	miɛ2	
棉	tsɔ5	
棋	tɕʰi2	
棌	tsʰɛe2	~樹;~椽
棍	kuə̃5	
棍	kuər5	
棍	xɔ5	~子
棒	pɔ5	
棒	pɔr5	
棕	tsuə̃1	
棗	tsaur0	
棗	tsau3	
棗	tsaur3	
棘	tɕiəʔ	
棚	pʰə̃2	
棟	tuər0	
棟	tuər1	
棟	tuə̃1	1汗牛充~;~~:用於人的重疊式小名或兩字人名,後一個~讀輕聲
棟	tuə̃3	2~~樓
棟	tuə̃5	3~梁:用於三音節人名中的後一個字
棠	tʰɔ2	
棧	tsæ5	~子
森	səʔ	2“冷~~的”等“A~~的”式形容詞詞綴“~~的”中前一個“~”的促化音
森	sə̃5	
棲	tɕʰi1	~息
棺	kuæ1	
棺	kuaʔ	2三~廟
椅	i3	~子;~住:墊住使穩固
植	tsɿ0	1培~
植	tsəʔ	2~物
椎	tsuei1	
椒	tɕiau1	
椰	iɛ1	
椴	tuæ5	
椽	tsʰuæ2	
椿	tsʰuə̃1	
楅	tsʰuər0	
楊	iɔ2	
楊	iɔr2	
楓	fə̃1	
楔	ɕiɐr0	
楔	tɕʰiɛ1	1~形文字;~子:戲曲、小說的引子
楔	ɕiaʔ	2~子
楚	tsʰu3	1
楚	tsʰuəʔ	2“胖~~的”等“A~~的”式形容詞詞綴“~~的”中前一個“~”的促化音
楞	lə̃1	1狠狠吃;哩嚶兒~嚶兒
楞	lə̃2	2
楞	lə̃5	2量詞:~~
楠	næ2	
楣	mi2	
楦	ɕyɛ5	亂~:挑撥、慫恿
楦	ɕyɛ5	鞋~子
業	iɛ5	
業	iər5	
楮	tsʰu3	
極	tɕiəʔ	
楷	kʰɛe3	
概	kɛe5	
榆	y2	
榕	yə̃2	
榛	tsə̃1	
榛	tsə̃5	1~包子:即榛子;胡~子:一種樺木科灌木,分布廣泛,為手工編織管子、籃子和薪炭林的主要原料
榜	pɔ3	
榨	tsa5	
榮	zuə̃2	1姓
榮	yə̃2	2光~
榴	lieu2	1石~兒:~須兒化
榴	liaur2	1
榴	lieu3	2石~兒:~須兒化
榴	liaur3	2
榴	lieu5	3拿棒子~他:拿棒子打他、揍他;手~彈
榷	tɕʰiaʔ	1商~
榷	tɕʰyaʔ	2舊,商~
榻	tʰaʔ	3
榻	tʰaʔ	~頭:用冷水或者熱水敷頭部
榻	tʰaʔ	
榻	tsʰuəʔ0	掃~:掃帚
構	keu5	
槌	tsʰuər0	
槌	tsʰuei2	
槍	tɕʰiɔ1	
槐	xuɛe2	
杠	kɔr0	
杠	kɔ5	
杠	kɔr5	
槨	kuaʔ	
槳	tɕiɔ1	
槽	tsʰaur0	
槽	tsʰau2	1
槽	tsʰaur2	
槽	tsʰuə̃0	2碾~溝:村名
樁	tsɔr1	
樁	tsɔ1	1
樁	tsəʔ	2“干~~的”等“A~~的”式形容詞詞綴“~~的”中前一個“~”的促化音
樂	iaʔ	1舊,音~
樂	luaʔ	2~哈哈
樂	yaʔ	3~曲
樊	fæ2	
樊	fɐr2	
樑	liɔ2	1
樑	liɔ5	2高~
樓	lu5	1北~口:應縣一地名,緊挨渾源
樓	leu2	
樓	laur2	
標	piau1	
標	piaur1	
樞	su3	中~
樟	tsɔ1	
模	mu2	1~子;~範
模	maʔ	2~稜兩可
模	mu5	不~正業
樣	iɔr5	
樣	iɔ5	一~;~一~;比照一下,後一個~讀輕聲
樹	su5	1
樹	səʔ0	2村名“下蔡~溝”中的變音
樹	suor5	
樺	xua1	1北~峪:村名
樺	xua5	2~木;~樹
樽	tsuə̃1	
橋	tɕʰiau2	
橋	tɕʰiaur2	
橔	tuə̃1	~地:~地基
橘	tɕyəʔ	
橙	tsʰə̃2	~子
橛	tɕyɛ2	1
橛	tɕyər2	
橛	tɕyəʔ	2“齊~~的”等“A~~的”式形容詞詞綴“~~的”中前一個“~”的促化音
機	tɕi1	
橡	ɕiɔ5	
橢	tʰuə3	~圓
橫	xə̃2	1一~
橫	xə̃5	2~豎;蠻~
橫	xuə̃2	3~山:本縣西部一南北走向的山名
橫	xuə̃5	4~里;~來哩
檀	tʰæ2	
檁	liər3	
檐	yɛ0	2房~頭子
檐	yər2	2
檔	tɔ3	1~案
檔	tɔ5	2~子;掌~子
檗	paʔ0	1黃~
檗	piaʔ0	2黃~
檜	xuei5	
檢	tɕiɛ3	
檳	piə̃1	
檸	niə̃2	
檻	kʰæ3	門~
櫃	kuər0	
櫃	kuei5	
櫓	lu3	
櫝	tu1	
櫥	tsʰu2	
櫬	xɔ5	專指用木棒砸毀窗戶上的玻璃:玻璃也叫家~啦。也指用拳頭打:白花賬,圪哪~
櫳	luə̃2	~火:點火、燃火
櫻	iə̃1	
欄	lɐr2	
權	tɕʰyɛ2	
欒	læ2	
欞	tɕiaʔ	2~扇;紗~子
欠	tɕʰiɛ5	~款;~起來:提起來
次	tsʰɿ5	
欣	ɕiə̃1	
欱	xuə1	~酒
欲	yər0	
欲	y5	1性~
欲	yəʔ	2“羅~~的”等“A~~的”式形容詞詞綴“~~的”中前一個“~”的促化音
欵	tsʰuɐr1	
欵	tsʰuɐr3	
欸	tsʰuaʔ0	3~~欸1~~欸1的:第一、第二、第四、第五個~讀輕入,第三個欸1讀本調陰平,第六個欸1讀本調陰平或變調上聲
欸	ɛe5	嘆詞,表示驚嘆、詫異、疑問,或用在句首表示幸災樂禍:~,這下好,把個官兒叫家免啦也不跳啦
欺	tɕʰi1	
欻	tsʰua1	1圪~;~~~的:前一個~讀陰平,後一個讀變調上聲;~一下:象聲
欻	tsʰua3	2~一下:象聲
欽	tɕʰiə̃1	
款	kʰuɐr1	
款	kʰuɐr2	
款	kʰuæ3	
歇	ɕiaʔ	
歉	tɕʰiɛ5	
歌	kər0	
歌	kɔ1	
歌	kɔr1	
歐	neu1	~洲
歡	xuɐr1	
歡	xuə0	1喜~:輕聲詞
歡	xuæ1	2~喜
止	tsɿ3	
正	tsə̃1	1~月
正	tsə̃5	2~負
正	tsəʔ	3“喧~~的”等“A~~的”式形容詞詞綴“~~的”中前一個“~”的促化音
正	tsər5	
此	tsʰɿ3	
步	por0	
步	pu5	
步	por5	
武	vu3	
歪	vɛe1	1嘴~
歪	vəʔ	2“儯~~的”等“A~~的”式形容詞詞綴“~~的”中前一個“~”的促化音
歲	suei5	
歲	suər5	
歷	liər0	
歷	li5	
歸	kuei1	
歹	tɛe1	1為非作~
歹	tɛe3	2~毒;~徒
歹	vɔ0	~:村名
死	sɿ3	1~人;~相
死	sɿ0	2作詞綴時的讀音
死	səʔ0	3冤~鬼、餓~鬼、凍~鬼
殃	iɔ1	
殃	iɔr1	
殉	ɕyə̃2	
殊	su1	1特~;~死
殊	su2	2~不知;特~
殖	tsəʔ	
殘	tsʰæ2	1~廢
殘	tsʰæ5	2瓮~子;碗圪~子
殭	tɕiɔ1	
殮	liɛ5	入~
殯	piə̃5	2送~
殱	tɕʰiɛ1	~滅
殲	tɕʰiɛ1	
段	tuæ5	
段	tuɐr5	
殷	iə̃3	
殺	saʔ	
殼	tɕʰiau5	1地~
殼	kʰər5	2
殼	kʰaʔ	2雞蛋~子;地~
殼	tɕʰiaʔ	2金蟬脫~
殼	kʰəʔ	4空~闈子
殿	tiɛ5	
毁	xuei3	
毅	i5	
毆	neu3	
母	mu3	1~親
母	mor3	1
母	fu0	2外~娘
母	vu0	3外~娘
母	fəʔ0	4外~
母	vəʔ0	5外~
每	mei3	
毒	tuor1	
毒	tu2	
毒	tuor2	
毒	tuəʔ	2狼效啟子——歹~
比	pi3	
毛	maur0	
毛	maur1	
毛	maur2	
毛	mau2	~膩:挖苦諷刺或調逗
毝	tɕi1	~男陰、女陰
毫	xau2	
毯	tʰɐr0	
毯	tʰæ3	
氈	tsæ1	
氏	sɿ5	~族
氐	ti3	
民	miə̃2	
民	miər2	
氓	mɔr2	1
氛	fə̃3	
氟	fəʔ	
氠	zuə̃3	形容東西鬆軟
氣	tɕʰiər0	
氣	tɕʰi5	1
氣	tɕʰi0	2詞綴“拉~的、~味(兒)”中的讀音
氣	tɕʰiəʔ0	3霧~:瘴煙的;非疊字詞綴“氣換番的”等中的讀音
氣	tɕʰiər5	
氧	iɔ3	
水	suər0	
水	suei3	1
水	suəʔ	2村名“寒~溝”中的變音
水	suər3	
永	yə̃3	
汁	tsər1	
汁	tsɿ1	1原~原味
汁	tsəʔ	2墨~:原~原味
求	tɕʰieu2	
汆	tsʰuæ1	~飯
汗	xæ5	1
汗	xəʔ	2“紅~~的”等“A~~的”式形容詞詞綴“~~的”中前一個“~”的促化音
汗	xɐr5	
汝	zu3	
汞	kuə̃3	
江	tɕiɔ1	
池	tsʰɿ2	
污	vu1	1
污	vu0	2詞綴“~眼的、~亂的、亂~的”中的讀音
汪	vɔr0	1
汪	vɔ1	1狗叫聲
汪	vɔr1	1
汪	vɔr3	1
汪	vɔ2	2~洋;姓~
汪	vɔ3	3~一聲,象聲
汪	vɔ5	4姓~
汪	vɔ0	5“淚仡~~的”等“AB~~的”式形容詞詞綴“~~的”中的讀音
汪	vəʔ	6“藍~~的”等“A~~的”式形容詞詞綴“~~的”中前一個“~”的促化音
汪	vɔ1	以物打人,如:~你一磚頭
汰	tʰɛe5	1
汲	tɕiəʔ	
汴	piɛ3	
決	tɕyaʔ	
汽	tɕʰi5	
汾	fə̃2	1~酒
汾	fə̃3	2~河
沁	tɕʰiə̃5	吮~啦:吐了,貶義
沂	i2	
沃	vəʔ	
沈	sə̃3	
沉	tsʰə̃1	1打水時翻斗子的動作
沉	tsʰə̃2	2
沌	tuə̃5	混~
沏	tɕʰiaʔ	1~茶
沐	mu5	
没	mo0	1吃了~
没	mei0	2四~子:身體多病不健康的人、沒有一點兒技能什麼都幹不了或做不好的人
没	maʔ	3沉~
没	məʔ	4~有;~了東西啦:丟了東西
沓	ta2	1~跟:鞋後跟因踩倒而折疊;~住
沓	tʰɐr2	1
沓	tʰa2	2一~紙
沓	tʰaʔ	3
沓	təʔ	4“膾~~的”等“A~~的”式形容詞詞綴“~~的”中前一個“~”的促化音
沖	tsʰuə̃1	1~鋒;~洗
沖	tsʰuə̃5	2脾氣~;~著啦
沙	sa1	1~子;~米:往鍋裡下米
沙	sa5	2~出來:挑出來;羅子~:羅子的網眼粗
沛	pʰɛe5	
沫	mo5	1泡~;起~
沫	mor5	2
沫	maʔ	2舊,~子
沮	tɕy3	
河	xuə2	1
河	xuaʔ0	2尿爛~:詈詞;大臨~:應縣一地名,緊挨渾源
河	xuəʔ0	3地名“沙~橋兒”中的變音
油	iaur1	
油	ieu2	1
油	iaur2	
油	iəʔ	2“光~~的”等“A~~的”式形容詞詞綴“~~的”中前一個“~”的促化音
治	tsɿ5	
沼	tsau1	
沽	ku3	1~酒
沽	kʰu1	2~名釣譽
沾	tsɐr0	
沾	tsæ1	
沿	iɛ2	1~途
沿	iɐr5	1
沿	iɛ5	2鍋~;河~
况	kʰɔ5	
况	kʰɔr5	
泄	ɕiɛ5	~漏
泅	ɕieu2	
泉	tɕʰyɛ2	1~水
泉	tsʰuæ2	2~眼子
泊	paʔ	1血~;灰~
泊	pʰaʔ	2湖~
泊	pər5	
泊	paʔ	水坑兒
泌	mi0	1唾~:輕聲詞
泌	miəʔ	2分~
泔	kæ1	
法	fər3	
泛	fæ5	1
泛	fəʔ	2“灰~~的”等“A~~的”式形容詞詞綴“~~的”中前一個“~”的促化音
泡	pʰau1	1燈~子
泡	pʰaur1	1
泡	pʰaur0	2
泡	pʰau5	2~一~:後一個~讀輕聲
泡	pʰaur5	2
波	po1	
波	por1	
泣	tɕʰiəʔ	
泥	niər1	1
泥	ni2	1~水
泥	niər2	1
泥	ni5	2~匠
注	tsu5	
泯	miə̃3	
泯	mɔ2	~流
泰	tʰɛe5	
泳	yə̃3	
泵	pə̃5	
洇	iə̃1	1
洇	iə̃5	2浸潤、擴散
洋	iɔ2	1江~
洋	iɔ3	2村名“白~”中的變音
洌	liaʔ	
洗	ɕi3	
洛	luaʔ	
洞	tuə̃1	1密~~的、圪~~的、稠~~的:前一個~讀又音陰平的變調去聲,後一個讀又音陰平
洞	tuə̃3	2黑~~的:前一個~讀又音上聲,後一個讀本調去聲
洞	tuə̃5	3地~;黑~~的
洞	tuə̃0	4“稠圪~~的”等“AB~~的”式形容詞詞綴“~~的”中的讀音
洞	tuər5	
洞	tʰuə̃0	5洪~縣
洞	tuəʔ	6“齊~~的”等“A~~的”式形容詞詞綴“~~的”中前一個“~”的促化音
津	tɕiə̃1	1奶~啦:奶水自溢
津	tɕiəʔ	2“汗~~的”等“A~~的”式形容詞詞綴“~~的”中前一個“~”的促化音
洪	xuə̃2	
洪	kuə̃5	葷油及肉類受冷凝固
洱	ər3	
洲	tseu1	
洶	ɕyə̃1	
活	xuor0	
活	xuor1	
活	xu0	1養~了一對兒八哥兒
活	xuor2	
活	xuə2	2死~;養~
活	xuə0	3笑~:譏諷、嘲笑,輕聲詞
活	xuæ0	4笑~:譏諷、嘲笑
活	xuaʔ	5~潑
活	xuəʔ0	6養~
洽	tɕʰiaʔ	
派	pʰɛe5	
流	leu2	1繞~星:使~星錘
流	lieu1	2~~子
流	lieu2	3~水
浙	tsaʔ	
浩	xau5	
浪	lɔ5	
浮	fu2	1漂~
浮	xu0	2西~頭,大同縣一地名
浴	y5	
海	xɛe3	1
海	xəʔ	2“扁~~的”等“A~~的”式形容詞詞綴“~~的”中前一個“~”的促化音
海	xuei3	
浸	tɕiə̃5	1手也叫水~壞啦
浸	tɕʰiə̃5	2~泡
涂	tʰu2	1~料;~抹
消	ɕiau1	
涉	saʔ	
涎	ɕiɛ2	頑~;痰;~水
涕	tʰi2	
涮	suæ5	~羊肉
涯	ia2	
液	iɛ5	
涸	xau1	1風~;日曬
涸	xaʔ	2風~;河流乾~
涸	kuəʔ	2~露碴兒
涼	liɔr0	
涼	liɔr1	
涼	liɔ2	
涼	liɔr2	
涼	liɔ5	原~
淀	tiə̃5	2舊,白洋~
淋	liə̃1	1天氣又不~嶂來啦:天又下雨了
淋	liər1	1
淋	liər3	1
淋	liə̃2	2~濕啦;~漓
淋	liə̃5	3~醋
淋	liər5	3
淋	liəʔ	4“血~~的”等“A~~的”式形容詞詞綴“~~的”中前一個“~”的促化音
淌	tsʰɔ3	
淌	tʰɔ3	~渾水
淑	suəʔ	
淒	tɕʰi1	
淖	nau5	1
淖	nəʔ	2“熱~~的”等“A~~的”式形容詞詞綴“~~的”中前一個“~”的促化音
淘	tʰau2	
淚	lɛe5	
淡	tæ5	
淤	y1	
淨	tɕiə̃5	
淨	tɕiər5	
淫	iə̃2	
淮	xuɛe2	
深	sə̃1	
淳	tsʰuə̃2	
淵	yɛ2	
混	xuə̃2	1心~
混	xuə̃5	2~沌;心~
混	xuəʔ	3“亂~~的”等“A~~的”式形容詞詞綴“~~的”中前一個“~”的促化音
淹	iɛ1	1~死
淹	iɛ3	2酒出外邊
淹	iəʔ	3“膿~~的”等“A~~的”式形容詞詞綴“~~的”中前一個“~”的促化音
淺	tɕʰiɐr3	
淺	tɕʰiɛ3	水過~;堂~;當當~兒,~須兒化
添	tʰiɛ1	
清	tɕʰiər1	
清	tɕʰiə̃1	1
清	tɕʰiər2	
清	tɕʰiəʔ	2“冷~~的”等“A~~的”式形容詞詞綴“~~的”中前一個“~”的促化音
減	tɕiɛ3	
渠	tɕʰyər0	
渠	tɕʰy2	
渠	tɕʰyər2	
渡	tu5	
渣	tsɐr1	
渣	tsəʔ	2滓~
渣	tsʰəʔ	2“生~~的”等“A~~的”式形容詞詞綴“~~的”中前一個“~”的促化音
渣	tsaʔ0	3~~渣3~~渣3的:第一、第二、第四、第五個~讀輕入,第三個渣3讀本調陰平,第六個渣3讀本調陰平或變調上聲
渣	tsa1	楂山~
渤	paʔ	1~海
渤	pʰaʔ	2~海
渦	vo1	
測	tsʰaʔ	
港	kɔ3	~口
港	kɔ3	代詞詞尾:步~:步行
渴	kʰaʔ	
游	ieu2	
渺	miau3	
渾	xuə̃2	1~身;~厚;~中:渾源一中
渾	xuə̃3	2~源;~中:渾源一中
渾	xuə̃5	3~源州;~濁
湊	tsʰu5	1~數兒
湊	tsʰeu5	2~合
湊	tseu5	
湖	xu2	1江~
湖	xu3	2村名“滴~溝”中的變音
湘	ɕiɔ1	
湛	tsəʔ	2“清~~的”等“A~~的”式形容詞詞綴“~~的”中前一個“~”的促化音
湛	tsæ5	
湟	xɔr2	
湧	yə̃1	1通過水漂過濾,如:~~:用水漂洗一下,後一個~讀輕聲
湧	yə̃3	2
湫	tɕʰiau1	
湯	tʰɔ1	
湯	tʰɔr1	
溉	kɛe5	
溏	tʰɔ2	
源	iɛ0	1渾~
源	yɛ2	2~流;渾~:輕聲詞
準	tsuər3	
溜	lieu1	1角兒~子;~須:提~
溜	liaur1	1
溜	lieu2	2提~
溜	liaur5	2
溜	lieu3	3中不~;酸~~:後一個~讀輕聲;忽~~的:前一個~讀又音上聲,後一個讀變調陰平
溜	lieu5	4一排~;上房~瓦
溜	lieu0	5詞綴“~~不采的、不~采的、不~球的、~~不球的、~~不悼的、不~悼的、~~道的、~~細的”等中的讀音;“中不~~的”等“AB~~的”式形容詞詞綴“~~的”中的讀音;單用作四字格中綴的讀音
溜	liəʔ	6“細~~的”等“A~~的”式形容詞詞綴“~~的”中前一個“~”的促化音
溝	keu1	
溢	i5	1~出;~心:惡心
溢	iəʔ	2“滿~~的”等“A~~的”式形容詞詞綴“~~的”中前一個“~”的促化音
溪	ɕi1	1神~:村名
溪	ɕi2	2神~;~水
溫	vər0	
溫	və̃1	
溯	su5	1追~
溯	suaʔ	2~源
溶	yə̃2	
溺	niəʔ	2~水
溺	ni5	
滂	pʰɔ2	~沱
滅	mər1	1
滅	mɛe3	1火~啦
滅	miaʔ	2~火
滇	tiɛ3	
滋	tsɿ1	1
滋	tsəʔ	2“油~~的”等“A~~的”式形容詞詞綴“~~的”中前一個“~”的促化音
滌	ti5	1蕩~
滌	tiəʔ	2~卡:一種布的名稱
滎	ɕiə̃2	~陽,地名
滑	xua2	
滓	tsɿ1	1土~
滔	tʰau2	
滕	tʰə̃2	
滬	xu2	
滯	tsɿ5	停~
滲	sə̃5	
滲	sə̃5	~毛:有威嚴者的氣質
滴	tiaʔ	1~水
滴	tiəʔ	2~溜兒:一種麵食名
滷	leu2	2~煮豆腐
滹	fu2	1~沱河
滹	xu2	2~沱河
滚	kuər0	
滚	kuər2	
滚	kuə̃3	
滚	kuər3	
滿	mɐr1	
滿	mæ3	
漁	y2	
漂	pʰiaur1	1
漂	pʰiau5	2~亮
漆	tɕʰiəʔ	
漉	lu5	1
漉	luəʔ	2“水~~的”等“A~~的”式形容詞詞綴“~~的”中前一個“~”的促化音
漉	luor5	
漏	leu5	1~水;油~子
漏	lieu5	2~油~子
漏	laur5	
漓	li2	1~江
演	iɛ3	
漚	neu5	~水
漠	maʔ	
漢	xɐr0	
漢	xæ5	
漫	mæ5	
漱	su5	~嘴
漲	tsɔ3	1~價
漲	tsɔ5	2~紅了臉
漳	tsɔ1	
漸	tɕiɛ5	
漾	mə̃5	2~大豆:泡蠶豆
漾	iɔ5	蕩~;~奶
漿	tɕiɔ1	
潑	pʰo2	1一~㞎㞎;一~尿
潑	paʔ0	2嚴肅活~
潑	pʰaʔ	3~水
潔	tɕiaʔ	
潘	pʰæ1	
潘	pʰɐr1	
潛	tɕʰiɛ1	
潤	zuə̃5	
潤	zuər5	
潦	liau2	~子:陰莖,低頻詞
潭	tʰæ2	
潮	tsʰau2	
潰	kʰuei1	
潲	ɕiau1	1混~
潲	iau1	2混~
潷	piəʔ	把水~出去
潺	tsʰæ1	~~
澀	saʔ	1苦~
澀	səʔ	2~的
澄	tə̃5	1~清
澄	tsʰə̃2	2~清是非
澄	təʔ	3“滿~~的”等“A~~的”式形容詞詞綴“~~的”中前一個“~”的促化音
澆	tɕiau1	
澇	lau2	1防~
澇	lau5	2雨~
澗	tɕiɛ3	1山~
澗	tɕiɛ5	2~村:村名
澡	tsau3	
澡	tsaur3	
澤	tsaʔ	
澱	tiɛ5	沉~
澳	nau5	
澹	tæ1	1~~;嗆~~:亂說,後一個~讀輕聲
澹	tæ3	2叮~叮~的
激	tɕiər5	
激	tɕiəʔ	~動;手~:手冰涼
濁	tsuəʔ	
濃	nə̃2	1衣裳也濕~啦
濃	nə̃5	2地是澆~啦:澆地水澆足了
濕	sər5	
濕	səʔ	
濛	mə̃2	1~~細雨:後一個~讀輕聲
濟	tɕi5	
濤	tʰau2	
濫	læ5	
濱	pɔ1	
濺	tɕiɛ5	
濾	ly5	
瀉	ɕiɛ5	
瀑	pʰu1	1~布
瀑	pʰaʔ	2~布
瀛	iə̃2	
瀝	li5	1~青
瀝	liəʔ	2~拉
灌	kuæ5	
灑	sa3	
灘	tʰæ1	
灣	vɐr1	
灣	væ1	蔭涼~兒:蔭涼的地方;河~
灤	læ2	
火	xuə3	1~焰
火	xɔ0	2旺~
火	xuor3	
火	xuaʔ0	3紅~
火	xuər0	4
灰	xuei1	
灰	xuər1	
灰	xuər2	
灶	tsau5	
灶	tsaur5	
灸	tɕieu3	
灼	tsuaʔ	1真知~見
灼	tsəʔ	2~熱
災	tsɛe1	
炊	tsʰuei1	
炒	tsʰau3	
炒	tsʰaur3	
炕	kʰɔ5	1
炕	kʰɔr5	
炙	tsɿ1	1~手可熱
炙	tsɿ5	2臉~人口
炙	tsəʔ	3~手可熱
炭	tʰæ5	
炭	tʰɐr5	
炮	pʰaur5	
炮	pʰau5	槍~
炯	tɕyə̃1	1~~有神
炯	tɕyə̃3	2~然
炸	tsa2	1~糕
炸	tsa5	2~彈
爲	vei2	1~人
爲	vei5	2因~
爲	vər5	2
烈	liaʔ	
烊	iɔ3	
烏	vu1	
烘	xuə̃1	1~乾
烘	xuəʔ	2“臭~~的”等“A~~的”式形容詞詞綴“~~的”中前一個“~”的促化音
烙	laur5	
烤	kʰau3	
烹	pʰə̃1	
焉	niɐr1	
焉	iɛ2	2心不在~
焉	iɛ3	3~得虎子;殺雞~用宰牛刀
焉	iɛ5	4且~置土石?(《列子湯問》);~能;~知
焊	xæ5	
焌	tɕʰyəʔ	~燈兒:火柴
焐	vo1	2~暖
焗	tɕyəʔ	~油
焙	vəʔ	3“火~~的”等“A~~的”式形容詞詞綴“~~的”中前一個“~”的促化音
焚	fə̃5	
無	vu2	1
無	mo2	2南~阿彌陀佛
焦	tɕiau1	
焯	tsʰaʔ	給咱把儹點兒菜~一下
焰	iɛ1	
然	zæ2	1~的:可以、湊乎
然	zæ3	2~而
然	zæ5	3~意:高興、願意;~人:對人態度好惹人喜歡
煅	tuæ5	
煉	liɛ5	1熬肉把鍋也~塌啦
煉	lyɛ5	2煅~
煎	tɕiɛ1	1~藥;~熬
煎	tɕiɛ3	2~熬
煙	iɐr1	
煞	sa1	1臉還~白~白的
煞	saʔ	2
煞	səʔ	3“白~~的”等“A~~的”式形容詞詞綴“~~的”中前一個“~”的促化音
煤	mei2	
煥	xuæ5	
照	tsau5	
照	tsaur5	
煨	vei1	1拿慢火兒~
煨	vei3	2~糞
煩	fæ2	
煬	iɔ2	
煬	iɔ3	
煮	tsu3	
煳	xu2	1~扒
煸	piɛ3	~巴
煸	piɛ1	生~肉
煽	sæ1	~惑;~動
熄	ɕiəʔ	
熊	ɕyə̃2	
熏	ɕyə̃1	1煙~火燎
熏	ɕyə̃5	2~山藥:燜烤土豆
熔	yə̃2	
熙	ɕi1	
熟	su2	1~慣
熟	seu2	2煮~啦
熟	suəʔ	3~練
熟	tsɔ5	
熬	nau1	1將肉或其他食物放在水裡煎煮
熬	nau2	2~稀粥
熬	nau5	3鍋~乾啦;水~乾啦
熰	vu3	1因熱發霉
熱	zɤ5	1~飯
熱	zər5	1
熱	zaʔ	2~烈
熹	ɕi3	
熾	tsəʔ	1~熱
熾	tsʰəʔ	2~熱
熾	tsəʔ	
燃	zæ2	1~香
燃	zæ3	2~燒
燈	tə̃1	
燈	tər1	
燉	tuə̃5	
燋	nau1	圪~:垃圾
燎	liau2	1~原;~泡
燎	liaur2	
燎	liau3	2~毛
燒	saur1	
燒	sau1	1~火
燒	sau5	2~啦:出了覆;因日光曬而褪色
燒	səʔ	3“灰~~的”等“A~~的”式形容詞詞綴“~~的”中前一個“~”的促化音
燕	iɛ5	
燕	iɐr5	
燙	tʰɔ5	
燜	mə̃1	
營	iə̃2	
燥	tsau5	
燦	tsʰæ5	
燭	tsuəʔ	
燴	xuei5	
燻	zəʔ	2“沙~~的”等“A~~的”式形容詞詞綴“~~的”中前一個“~”的促化音
燻	ɕyə̃1	用灰、土、沙攻擊
燻	ɕyə̃5	用慢火熏烤、熏蒸
爆	pau5	
爐	laur0	
爐	kʰə̃1	
爐	lu2	1~火
爐	laur2	
爐	leu2	2~子
爛	læ5	1
爛	læ0	2詞綴“~蛋的”中的讀音
爛	təʔ	3“黃~~的”等“A~~的”式形容詞詞綴“~~的”中前一個“~”的促化音
爛	lɐr5	
爟	zɔ3	1~柴:好起火的柴
爨	tsʰuæ2	~柴
爪	tsuɐr0	1
爪	tsua3	1~子
爪	tsuɐr3	1
爪	tsau3	2~子;~牙
爬	pa1	1~架;~山;~坡;~山虎
爬	pʰa2	2~坡;~行;~叉
爭	tsə̃1	1~扎
爵	tɕyɛ2	1伯~
爵	tɕiau2	2伯~
爵	tɕyaʔ	3~位
父	fu5	1~親
父	fəʔ0	2姑~
父	for5	
爸	pa1	
爹	tiɛ1	
爺	iɛ2	1
爺	iɛ3	2自我作大時的自稱:~就給你看個擱撓
爽	sɔ3	
爽	tsəʔ	
爾	ər3	
爿	pʰæ2	一~磨子
牆	tɕʰiɔ2	
片	pʰiɐr0	1
片	pʰiɛ3	1一~~
片	pʰiɐr3	1
片	pʰiɐr0	2
片	pʰiɛ5	2木頭~子
片	pʰiɐr5	2
版	pæ3	
牌	pʰər0	
牌	pʰɛe2	
牌	pʰər2	
牘	tu3	
牙	iɐr2	
牙	ia2	~豬:豬交配
牚	mæ5	~牛:牛交配
牛	niaur0	
牛	niaur2	
牛	nieu2	~肉;~屎不行
牟	mu2	~利
牡	mu3	1~丹
牡	mau3	2~丹
牡	mɔ2	~牛:公牛
牧	mu5	
物	vu5	1事~
物	vor5	1
物	vəʔ	2
物	tsɔ5	
牯	ku3	1單字音
牴	ti2	1~住
特	tʰər0	
特	tʰər1	
特	tʰəʔ	
牽	tɕʰiɛ1	
犀	ɕi1	
犁	li2	
犁	tsʰɔ3	
犍	tɕiɛ1	
犢	tuor1	
犬	tɕʰyɐr0	
犬	tɕʰyɛ3	
犮	pa2	涼,如:炕~的
犯	fæ5	
狀	tsɔr1	
狀	tsɔ1	1
狀	tsɔ5	2~態;委任~;~語
狂	kʰɔ2	
狂	kʰɔr2	
狄	ti2	
狍	pʰau2	~子
狐	xu2	1~子
狐	xuə0	2望~:廣靈縣緊鄰渾源的一個鄉
狐	xuəʔ	3~臭子:即狐臭患者
狗	kaur0	
狗	keu3	
狗	kaur3	
狠	xə̃3	1~~的:前一個~讀又音上聲,後一個讀變調陰平
狠	xə̃5	2~毒;~~的
狠	xəʔ	3“惱~~的”等“A~~的”式形容詞詞綴“~~的”中前一個“~”的促化音
狡	tɕiau3	
狸	li2	1野~子
狸	li0	2狐~
狹	ɕiaʔ	~隘
狼	lɔ2	
狼	lɔr2	
猛	mər1	
猛	mə̃3	
猛	mər3	
猜	tsʰɛe3	
猝	tsʰu2	1~死
猝	tsʰuəʔ	2~然
猩	ɕiə̃1	
猴	xeu2	
猴	xaur2	
猶	ieu1	1困獸~鬥
猶	ieu2	2~如
猶	ieu3	3~豫
猾	xua2	
猿	yɛ2	
獄	y5	
獄	yər5	
獅	sər0	
獅	sɿ1	1~子
獅	səʔ0	2麥腦~狗的:形容人的頭髮像獅子和狗爹開了毛的樣子
獎	tsɔ1	
獎	tɕiɔ1	1
獎	tɕiɔ3	2
獐	tsɔ1	
獒	aur1	1
獒	nau2	1
獒	au0	2喵~:喚貓聲
獠	liau2	~牙
獨	tu2	1一個兒;~根草
獨	tuəʔ	2單~
獰	lau1	瞎~:中華鼴鼠
獲	xuaʔ	
獵	liaʔ	
獸	seu5	
獺	tʰaʔ	
獻	ɕiɛ5	
獾	xuæ1	
玄	ɕyɛ2	
率	ly5	1效~
率	suɛe5	2~領
率	suəʔ	3“通~~的”等“A~~的”式形容詞詞綴“~~的”中前一個“~”的促化音
玉	y5	
王	vɔr0	
王	vɔ2	1姓~
王	vɔr2	
王	vaʔ0	2村名“龍~堂”中的變音;龍~爺
玖	tɕieu3	
玩	væ2	1古~;遊~
玩	vɐr2	
玩	væ5	2遊山~景
玩	vər3	
玫	mei2	
玲	liər0	
玲	liə̃2	
玲	liər2	
玻	po1	
珀	paʔ	1琥~
珀	pʰaʔ	2琥~
珍	tsər0	
珍	tsə̃1	
珍	tsər1	
珏	tɕyaʔ	
珠	tsu1	
珠	tsuor1	
班	pɐr0	
班	pæ1	
班	pɐr1	
現	ɕiɛ5	
球	tɕʰiaur1	
球	tɕʰieu1	1打~;足~
球	tɕʰieu0	2非疊字詞綴“不溜~的”中的讀音
理	li3	
理	liər3	
琉	lieu2	
琢	tsuəʔ	~鹿,地名
琢	tsuaʔ	
琴	tɕʰiə̃2	
琴	tɕʰiər2	
琵	pʰi2	~琶
琶	paʔ0	1舊,琵~
琶	pʰaʔ0	2琵~
瑕	ɕia2	
瑞	zuei5	
瑟	sɤ3	1
瑟	saʔ	2
瑣	suə3	
瑶	iau2	
瑩	iə̃2	1
瑩	iə̃2	
瑩	iəʔ	2“藍~~的”等“A~~的”式形容詞詞綴“~~的”中前一個“~”的促化音
瑪	ma3	1~瑙
瑪	va1	2~瑙
瑰	kuei5	
璃	li2	1
璃	li0	2琉~:輕聲詞
璃	liau0	3玻~:冰~
璋	tsɔ1	
璜	xɔ2	
璞	pʰaʔ	
璧	piaʔ	2~噷
璧	pi5	~刀
璧	piəʔ	
環	xuæ2	
環	xuɐr2	
璽	ɕi1	
瓊	tɕʰyə̃2	
瓏	luə̃2	
瓜	kuɐr0	
瓜	kua1	
瓜	kuɐr1	
瓢	pʰiau1	1~潑大雨
瓢	pʰiaur2	
瓢	pʰiau2	2木瓜~兒:須兒化
瓢	zɔ2	瓜~兒
瓣	pɐr0	
瓣	piɛ5	
瓣	pæ5	
瓣	pɐr5	
瓤	zɔr2	
瓦	va3	1面~;磚~;~刀
瓦	va5	2~刀;~棧:壓棧;~泥墅:打土坯;~草:用刀把草根去掉
瓦	va0	3作動詞後綴的讀音
瓦	vəʔ	4“亮~~的”等“A~~的”式形容詞詞綴“~~的”中前一個“~”的促化音
瓶	pʰiər0	
瓶	pʰiə̃2	
瓶	pʰiər2	
瓷	tsʰɿ2	~器
甄	tsə̃1	
甌	neu3	
甕	və̃5	
甕	vər5	
甘	kæ1	
甚	sə̃5	~至
甜	tʰiɐr1	
甜	tʰiɛ2	
甜	tʰiɐr2	
生	sər1	
生	sə̃1	1性
生	sə̃3	2小後~子
生	sə̃0	3“甜圪~~的”等“AB~~的”式形容詞詞綴“~~的”中的讀音
生	səʔ	4“花~~的”等“A~~的”式形容詞詞綴“~~的”中前一個“~”的促化音
産	tsʰæ3	
用	yə̃5	
甩	sɛe1	1~~:四處游逛,後一個~讀輕聲
甩	sɛe3	2把手上的水~~~:後一個~讀輕聲
甩	suɛe1	3
甫	pʰu3	1杜~
甫	fu3	2杜~
甬	yə̃3	~道
甭	xa3	~貨:不精名的人
田	tʰiɛ2	
由	ieu2	
甲	tɕia1	1指~
甲	tɕiaʔ	2~子
申	sə̃1	
甴	ieu2	~子:撬物時墊在杠杆下作支撐點之物
男	næ2	
甸	tiɛ5	1
甸	tiəʔ	2“沉~~的”等“A~~的”式形容詞詞綴“~~的”中前一個“~”的促化音
町	tʰuæ3	平坦之處,多用於地名,如:水磨~、下~
界	tɕiɛ3	1~世世~;滿世界
界	tɕiɛ5	2
畏	vei5	
畔	pæ5	1墳~
畔	pʰæ5	2湖~;前~:動物前肢的上端和腰相連接的部分
留	lieu2	
畜	tsɛe5	2~戒在1存~
畜	ɕyəʔ	~牲;~牧
畝	mu3	
畢	piəʔ	
略	liaʔ	
畦	ɕiər0	
畦	ɕi2	
番	fɐr0	
番	fæ1	1翻了一~~
番	fɐr2	
番	fæ2	2三~五次
番	fæ0	3後綴,如:作~、魘~;詞綴“氣摸~的”中的讀音
畫	xua5	1
畫	xuəʔ	2~拉:亂寫亂~或快速地寫
畫	xuɐr5	
異	i5	
異	y2	移動
當	tɔ1	1應~;~中;~年
當	tɔ5	2作~;~鋪;~年
當	tɔr5	2
當	təʔ	3“干~~的”等“A~~的”式形容詞詞綴“~~的”中前一個“~”的促化音
疃	tʰuæ3	其意義和用法同“町”
疆	tɕiɔ1	
疆	naʔ	
疊	tiɛ2	1折~
疊	tiaʔ0	2重~
疏	su2	1稀~;~忽;~遠
疏	su3	2奏~;注~
疑	i2	
疔	tiə̃1	
疔	tiər1	
疙	kəʔ	
疝	sæ5	1~氣
疝	suæ5	2~氣
疤	pa1	
疥	tɕiɛ5	
疫	i5	
疱	pʰau1	1~症
疱	pʰau5	2
疲	pʰi2	~勞
疵	tsʰɿ3	吹毛求~
疼	tʰə̃2	
疽	tɕy1	
疾	tɕi2	1眼~手快
疾	tɕiəʔ	2~病
痂	tɕia1	
病	piə̃5	
病	piər5	
症	tsə̃1	1~結
症	tsə̃5	2~狀;~候
痊	tɕʰyɛ2	
痔	tsɿ5	1十人九~
痔	sɿ5	2~瘡
痕	xə̃2	
痘	teu5	
痘	taur5	
痛	tʰuə̃1	1去~片兒
痛	tʰuə̃5	去~片兒;~苦
痢	li5	
痣	tsɿ5	
痧	sa1	
痰	tʰæ2	
痹	pʰi2	
瘁	tsʰuei5	
瘊	xeu2	~子
瘋	fə̃1	
瘍	iɔ3	
瘟	və̃1	
瘡	tsʰɔ1	
瘡	tsʰɔr1	
瘤	lieu2	
瘦	seu5	
瘦	saur5	
瘧	niaʔ	1~疾
瘧	nyaʔ	2舊,~疾
瘩	tɐr1	
瘩	ta1	1疙~,如:身上起上疙~啦
瘩	taʔ	2~背
瘩	tʰaʔ	3熱~
瘸	tɕʰyɛ2	
瘸	tɕʰyɐr2	
療	liau2	
癆	lau2	牢
癡	tsʰɿ1	1發了~啦
癡	tsʰɿ2	2發~:頭~
癢	iɔ3	
癢	iɔr3	
癩	lɛe5	1~蛤蟆
癩	læ3	2~蛤蟆
癬	ɕiɛ3	
癮	iə̃3	
癱	tʰæ1	
癸	kuei1	
登	tə̃1	
發	fa2	1~~炮彈
發	faʔ	3~展法~;~子
發	fər0	4
發	fər5	4
發	fəʔ	4越~了
白	pər1	1
白	pɛe2	1~天
白	paʔ	2瞎~丁
白	piaʔ	3瞎~
百	pɛe2	1~靈
百	piaʔ	2別5~離
皂	tsau5	
的	tiəʔ	1目~;作助詞、語氣詞、名詞詞綴、形容詞詞綴以及非疊字詞綴或個別句子後加成分時在重讀的入聲後的讀音
的	tiəʔ0	2作助詞、語氣詞、名詞詞綴、形容詞詞綴以及非疊字詞綴或個別句子後加成分時在舒聲或輕讀的入聲後的讀音
的	tsɔ5	
皆	tɕiɛ1	
皇	xɔ2	
皓	xau5	
皖	væ3	
皚	nɛe5	1
皚	nɛe0	2“白訖~~的”等“AB~~的”式形容詞詞綴“~~的”中的讀音
皚	nəʔ	3“白~~的”等“A~~的”式形容詞詞綴“~~的”中前一個“~”的促化音
皮	pʰiər2	
皮	pʰi2	~實:性格綿軟、溫馴老實
皺	tseu5	
皺	tsʰuə̃1	手~啦
皿	miə̃3	
盂	y2	
盂	yər2	
盅	tsuər0	
盅	tsuə̃1	
盅	tsuər1	
盆	pʰər0	
盆	pʰə̃2	
盆	pʰər2	
盈	iə̃2	
益	i5	
盒	xuor0	
盒	xuə2	
盒	xuor2	
盒	kaʔ	2~+一~升;不~股:合不來
盔	kʰuei1	
盛	tsʰə̃2	1~飯
盛	sə̃1	2~豐;豐盛
盛	sə̃5	3~興
盜	tau5	
盞	tsæ3	
盟	mə̃2	1聯~;~友;烏~:指烏蘭察布盟
盟	mə̃3	2錫~:指內蒙古自治區錫林郭勒盟
盡	tɕiə̃3	1~末尾兒:先~你
盡	tɕiə̃5	2吃~啦;~心;~好人;大~:農曆大月,輕聲詞;餾~湯:飯蒸熟後鍋裡剩下的水
盡	tɕiər5	
監	tɕiɛ1	
盤	pʰɐr0	
盤	pʰæ1	1~古至今
盤	pʰɐr2	
盤	pʰæ2	2~子;~古開天地
盧	lu2	
目	mu5	1~錄
目	mor5	1
目	məʔ	2~的;眼~下:讀輕聲
盯	tiə̃1	
盱	ɕyəʔ	~耗子:貓正在伺機捕捉老鼠
盲	mɔ2	1~目
盲	vɔ2	2瞎~撞:亂撞亂跑的人
直	tsər1	1
直	tsɿ2	1
直	tsər2	1
直	tsəʔ	2
相	ɕiɔ1	1互~
相	ɕiɔ5	2長~
盹	tuə̃3	
盹	tuər3	
盼	pʰæ5	
盾	tuə̃5	
省	sə̃3	1~長;節~
省	ɕiə̃3	2反~;不~得
眉	mi2	~毛;瞎~粗眼的;黑~怔眼的;賊~鼠眼的
看	kʰɐr0	1
看	kʰæ1	1~~兒:眼看著就快了,後一個~讀輕聲
看	kʰɐr0	2
看	kʰæ5	2~見
看	kʰəʔ	3~那可
看	kʰɐr5	
真	tsər0	
真	tsə̃1	
真	tsər1	
真	tsər2	
眠	miɛ2	
眨	tsa1	1~眼
眨	tsæ1	2~眼;忽~
眨	tɕiər5	
眩	ɕyɛ2	1~暈
眩	ɕyɛ5	2頭~
眵	tsʰɿ0	眼~
眶	kʰɔ5	
眶	kʰɔr5	
眶	kʰɔ5	~眼
眷	tɕyɛ5	~屬
眸	mu1	~子
眼	iɐr0	
眼	iɛ3	1
眼	iɛ0	2非疊字詞綴“污~的、巴~的、眉粗~的、眉怔~的、眉鼠~的”中的讀音
眼	iɐr3	
眾	tsuə̃5	
着	tsəʔ	3~想;附~;說~不行你還要上哩
睚	ia2	
睛	tɕiər1	
睛	tɕiə̃1	眼~
睜	tsə̃1	
睜	niə̃2	~睇:因厭煩、不滿而用眼不停地瞅
睞	laur1	2
睡	suei5	
睢	suei2	
督	tuəʔ	亂~點兒;~達;~娘:調逗;蛇~了尻啦:罵人不說話或無話可說
睪	kau3	~丸
睫	tsaʔ	1眼~毛子
睫	tɕiaʔ	2眼~毛
睬	tsʰɛe3	
睹	tu3	
瞄	miau2	
瞄	mau1	看、探望:我到醫院~病人去來
瞅	tsʰeu3	~人
瞅	tɕʰieu1	坐~;~皮釘子:一種小釘子,釘鞋時多用
瞇	mi1	1~縫著眼
瞇	mi5	2~~瞪瞪:後一個~讀輕聲
瞇	miəʔ	3“笑~~的”等“A~~的”式形容詞詞綴“~~的”中前一個“~”的促化音
瞎	ɕiaʔ	
瞜	ly3	~乎:注意、留意
瞞	mæ2	
瞥	pʰiaʔ	
瞧	tɕʰiau2	
瞪	tə̃1	1總們不~眼:老是眨巴眼
瞪	tə̃5	2~眼
瞪	təʔ	3“癡~~的”等“A~~的”式形容詞(“A”為舒聲)中的詞綴“~~的”中前一個“~”的促化音
瞬	suə̃5	
瞭	liau2	1~望
瞭	liau5	2看
瞰	kʰæ5	1俯~
瞰	xæ5	2舊,鳥~
瞳	tʰuə̃2	
瞻	tsæ3	
瞿	tɕʰy2	1姓
瞿	tɕʰyəʔ	2姓
矇	mər1	
矇	mə̃1	1搭~眼
矇	mə̃2	2~生住眼:眼睛微閉的樣子
矍	tɕyaʔ	
矛	mau2	1
矛	miau2	2~子;槍~
矜	tɕiə̃1	1~不禁
矜	tɕiə̃3	2不~禁
矢	sɿ5	1箭~如雨
矢	səʔ	2有的放~
矣	i1	
知	tsɿ1	
矩	tɕy5	
矩	tɕyəʔ	洋車~了梁啦
短	tuɐr1	
短	tuɐr2	
短	tuæ3	
矮	vɛe3	1低~
矮	nɛe3	2~子得障~
矯	tɕiau1	
石	sɿ2	1吸鐵~;~匠
石	sər2	1
石	tæ5	2市制容量單位:一~十斗
石	səʔ	3~頭
矸	kæ1	~子石
砌	tɕʰiaʔ	1~牆
砌	tɕʰiəʔ	2~牆
砌	tɕʰiəʔ	2~茶:往鍋裏~點兒水
砍	kʰæ3	
砒	pʰi2	
研	iɛ2	
砘	tuə̃5	~軲轆:農具
砣	tʰuor2	
砣	tʰuə2	秤~
砧	tsə̃1	
砬	lɐr3	
破	pʰo5	
砵	paʔ	同“缽”
硌	kaʔ	
硝	ɕiau1	
硫	lieu2	
硬	niə̃5	
硬	niər5	
硯	iɛ5	
碉	tiau1	
碌	luor1	
碌	lu1	1骨~~:轉動、滾~
碌	lu1	1骨~~:滾動
碌	lieu5	2~磚
碌	luəʔ	3~~無為
碎	suei5	
碎	suər5	
碑	pei1	
碗	vɐr0	
碗	væ3	
碗	vɐr3	
碘	tiɛ3	1缺~癭圪~;過分親昵
碘	tiɛ5	2~酒
碟	tiɐr0	
碟	tiɛ2	
碟	tiɐr2	
碣	tɕiaʔ	
碧	piəʔ	
碩	suə1	1~果
碩	suaʔ	2~士;~果
碰	pʰər0	
碰	pʰə̃5	
碴	tsʰa2	1
碴	tsʰɐr2	
碹	ɕyɛ5	~橋洞兒;~窩;支~;發~
確	tɕʰiaʔ0	1舊,的~
確	tɕʰyaʔ	2~實;的~:輕聲詞
碼	mɐr3	
碾	niɛ3	1~子
碾	niɛ5	2~米
碾	niɛ2	用腳尖踩踏著擰搓,如:~煙疙頭子
磁	tsʰɿ2	1~鐵
磁	tsʰəʔ0	2村名“青~窯”中的變音
磅	pɔ3	
磊	lɛe3	
磊	lɛe3	不~:擺
磐	pʰæ2	~石
磕	kʰɐr0	
磕	kʰuə1	1~你一棍子:用棍子抽你一下
磕	kʰaʔ	2~打
磕	kʰaʔ	
磚	tsuæ1	~瓦
磣	tsʰə̃1	1單字音:圪~~一聲,象聲
磣	tsʰər1	1
磣	tsʰər3	1
磣	tsʰə̃3	2圪~~一下,象聲;圪~~一聲,象聲;沙不~兒:鷄脆
磣	tsʰər3	2
磣	tsʰəʔ	3“沙~~的”等“A~~的”式形容詞詞綴“~~的”中前一個“~”的促化音
磨	mo1	1圪~
磨	mo2	2~刀;圪~
磨	mo5	3~石
磨	mor5	3
磨	maʔ0	4舛~:鍛練;熬~:經受事物的折磨或經受較長時間的磨練;村名“峪~”中的變音
磨	məʔ0	5村名“水~町”中的變音
磬	tɕʰiər5	
磴	tə̃1	1高瞪哨兒~
磷	liə̃2	
磺	xɔ2	
礁	tɕiau1	
礅	tuə̃1	石頭~子
礎	tsʰu3	
礙	nər3	
礤	tsʰɐr0	
礦	kʰɔ5	
礫	tsʰaʔ	~子:擦絲用具
礬	fæ2	
礮	pʰau5	石頭,人或其他東西從高坡向下滾落,如:從山上~下來啦
示	sɿ5	
社	sɤ5	
祀	sɿ5	祭~
祁	tɕʰi2	
祈	tɕʰi1	1~雨
祈	tɕʰi2	2~使句
祈	tɕʰiəʔ	3~禱
祖	tsu3	1
祖	tsu5	2要想富,敬主~(俗語),主~:自家供奉的逝去的祖先及其牌位
祛	tɕʰy1	1~痰
祝	tsuəʔ	
神	sər0	
神	sə̃2	
神	sər2	
祟	suei5	1
祠	tsʰɿ2	1~堂
祠	sɿ5	2~廟
祥	ɕiɔr0	
祥	ɕiɔ2	
祥	ɕiɔr2	
票	pʰiaur0	
票	pʰiau5	
票	pʰiaur5	
祭	tɕi5	
祿	lu0	1吃衣~:指有病將死之人在臨死前幾日像正常人一樣吃飯用餐的現象
祿	luəʔ	2
禁	tɕiə̃5	2~止;軟~
禍	xuə5	
福	fə̃5	~
福	fəʔ	
禧	ɕi3	
禪	tsʰæ2	~讓;~宗
禮	li3	
禱	tau3	
禹	y3	
禾	xuə2	1~苗兒
禾	xuəʔ0	2莊~人
秃	tʰuər5	
秃	tʰuəʔ	
秀	ɕiaur0	
秀	ɕieu5	
秀	ɕiaur5	
私	sɿ1	
稈	kæ3	玉米~子
秈	ɕiɛ1	
秉	piə̃3	
秋	tɕʰieu1	
科	kʰuə1	
科	kʰuor1	
秒	miau3	
秕	pi3	穀~子
秘	miəʔ	
租	tsu1	
秤	tsʰər5	2
秤	tsʰə̃5	~桿
秦	tɕʰiə̃2	
秧	iɔ1	1瓜~子
秩	tsəʔ	
秫	su3	
秸	tɕiɛ1	~稈;麥~
移	i2	
稀	ɕi1	
稀	ɕiər1	
稀	ɕiər2	
税	suei5	
稈	kɐr0	
稈	kɐr3	
程	tsʰə̃2	
稍	saur5	2
稗	pɛe5	1~子麥子
稗	pei5	2水~子:野草名
稙	tsəʔ	1~子:碾穀麥時剩下的包裹籽實的那層皮
稚	tsɿ5	幼~
稜	lə̃1	1使勁用棍棒磚石打
稜	lər0	2
稜	lə̃2	2
稜	lər2	2
稜	ləʔ	3“干~~的”等“A~~的”式形容詞(“A”為舒聲)中的詞綴“~~的”中前一個“~”的促化音
稞	kʰuə1	
稟	piə̃3	
稠	tsʰaur1	
稠	tsʰeu2	
種	tsuə̃3	1~類;~子;各~~
種	tsuə̃5	2~牛痘
稱	tsʰə̃1	1~判:嘗試或嘗試著挑鮮;~~:用秤稱一下,後一個~讀輕聲
稱	tsʰə̃3	2~呼;相~
稱	tsʰə̃5	3~職
稷	tɕiəʔ	
稻	tau5	
稼	tɕia1	1單字音
稼	tɕia5	2~穡
稼	tɕia0	3莊~
稼	tɕiə̃0	4莊~
稽	tɕi1	1滑~;~住啦:碰在一起或遇在一起;~拗:執意進行察問核計;~首;~查:計較、核查
稽	tɕiəʔ	2~查:檢查、盤查
稽	tɕʰiəʔ	3~查:計較、核查,輕聲詞
稽	tɕiɛ1	~麥
稿	kaur0	
稿	kau3	
稿	kaur3	
穆	mu5	
穈	mɛe3	莊稼主要是高粱、玉米、黍子等長的一種黑穗病,嫩時可食
穎	iə̃5	
穗	suər0	
穗	suei5	
穗	suər5	
穡	sɤ3	1稼~
穡	saʔ	2
穡	saʔ	2~地:翻過的喧騰的耕地
穢	xuei5	
穩	və̃3	
穰	zɔ2	黍~
穴	ɕyɛ2	
究	tɕieu1	
空	kʰuə̃1	1~虛;~間
空	kʰuər1	1
空	kʰuər2	1
空	kʰuə̃3	2孫悟~
空	kʰuər5	2
空	kʰuə̃5	3~缺
穿	tsʰuæ1	
突	tʰuəʔ	
窄	tsaʔ	
窊	ka3	~生不~古:不好;~渣子:壞皮,無賴
窖	tɕiau5	~子
窗	tsʰɔr0	
窗	tsʰɔ1	
窗	tsʰɔr1	
窘	tɕyə̃5	~迫
窟	kʰuər0	
窟	kʰuər5	
窟	kʰuəʔ	~窿
窩	vo1	1雞~
窩	vor1	1
窩	vɔ0	2硯~:硯台
窩	vɔr0	2
窩	fəʔ0	3村名“小~單”中的變音
窩	vəʔ0	4村名“小~單”中的變音
窪	va1	1大~:村名
窪	va5	2低~
窮	tɕʰyə̃2	
窯	iaur0	
窯	iau1	1村名“西~兒”中的變音,~須兒化
窯	iaur2	
窯	iau2	2~房
窯	iau3	3村名“石~子”中的變音
窺	kʰuei1	
窿	luər1	
窿	luə̃1	1窟~
窿	luə̃2	2穹~
竄	tsʰuæ5	
竄	tsʰuɐr5	
竅	tɕʰiau5	
竅	tɕʰiaur5	
竇	teu1	
竊	tɕʰiaʔ	
立	li1	1~定:喊操聲
立	li5	2~起來
立	liəʔ	3站~
站	tsæ5	車~;~立
竟	tɕiə̃5	
竟	tɕiə̃5	~不過官兒揉腕兒哩
章	tsɔ1	
章	tsɔr1	
童	tʰuə̃2	
童	tʰuər2	
端	tæ1	1~午
端	tuæ1	2~正
端	təʔ	3“好~~”一詞中的詞綴“~~的”中前一個“~”的促化音
競	tɕiə̃1	
竹	tsuəʔ	
竿	kæ1	
笆	pa1	
笊	tsau1	1~子
笊	tsau5	2~籬;~毛
笏	xuəʔ	~板
笑	ɕiau5	
笙	sə̃1	
笛	tiər0	
笛	ti2	
笠	liəʔ	
符	fu2	相~
笨	pə̃0	2“圪~~的”等“AB~~的”式形容詞詞綴“~~的”中的讀音
笨	pə̃5	
笨	pər5	
第	ti5	
笸	pʰəʔ	~籮
筆	piəʔ	
等	tər0	
等	tə̃3	1
等	təʔ	2“緊~等兒”一詞中的變異讀音
筋	tɕiə̃1	
筋	tɕiər1	
筏	fa2	~子
筐	kʰɔr0	
筐	kʰɔ1	
筒	tʰuər0	
筒	tʰuə̃3	
筒	tʰuər3	
答	taʔ	
策	tsʰər5	
筳	tɕiɛ3	
筵	iɛ5	
筷	kʰuɛe5	~子
箋	tsæ5	~子
箍	kuor1	
箍	ku1	~子;~迫:強迫、逼迫
箏	tsə̃1	
箕	tɕʰiər0	
箕	tɕi1	1~踞
箕	tɕʰi2	2煮豆燃豆~
箕	tɕʰiər3	
箕	tɕʰi3	3簸箕~兒:一種長腿的綠螞蚱,~須兒化
算	suæ5	1
算	suæ0	2語氣詞:沒你這個人~;後綴:擗~
管	kuɐr0	
管	kuæ1	1他~不來啦,副詞
管	kuæ3	2~理
管	kuɐr3	
箭	tɕiɛ5	
箱	ɕiɔr0	
箱	ɕiɔ1	
箱	ɕiɔr1	
節	tɕiɛ1	1圪~;時~;輕聲詞
節	tɕiər2	
範	fæ5	
篆	tsuæ5	
篇	pʰiɐr0	
篇	pʰiɛ3	1
篇	pʰiɛ5	2
築	tsuəʔ	~建~;填塞後用手腳或木棒等工具盡力按壓瓷實:~滿
篙	kau3	
篡	tsʰuæ5	
篤	tu3	
篦	pi5	~梳
篩	sɛe1	
篷	pʰə̃2	
篾	mi2	1~席~子:編席所用的篾兒
簇	tsʰuəʔ	2
簍	leu3	
簠	ku3	古時指一種盛放食物的器具,今一般後跟“子”尾後作量詞:一~~子麵
簡	tɕiɛ3	
簧	xɔ2	
簪	tsæ1	
簫	ɕiau1	
簷	iɛ2	1
簷	iər2	1
簷	iɐr2	
簸	po1	1顛~
簸	po3	2~米
簸	po5	3~箕
簽	tɕʰiɛ1	
簾	liɐr2	
簿	pu5	1生死~子;~記
簿	po2	2賬~
籃	læ2	
籃	lɐr2	
籌	tsʰeu2	
籍	tɕiɛ5	1書~;~貫
籍	tɕiəʔ	2書~;~貫
籟	lɛe5	
籠	leu0	1燈~
籠	luə̃1	2~牛~嘴;~頭;~統
籠	luə̃2	3~子
籠	luər2	3
籠	luə̃3	4~絡
籠	tsɔ5	
籤	tɕʰiɐr1	
籬	li2	
籮	luə1	1笸~
籮	luor1	1
籮	luə2	2~子
米	miər0	
米	mi3	
米	miər3	
籽	tsɿ3	
籽	tsər3	
粉	fər0	
粉	fə̃3	
粉	fər3	
粒	la0	1柵~子
粒	li5	1
粒	liəʔ	2顆~
粕	paʔ	1
粕	pʰaʔ	2糟~
粗	tsʰuor0	
粗	tsʰuor1	
粗	tsʰu1	1~細
粗	tsʰuor2	
粗	tsʰu0	2非疊字詞綴“眉~眼的”中的讀音;“灰不~~的”等“AB~~的”式形容詞詞綴“~~的”中的讀音
粗	tsʰuəʔ	3“爛~~的”等“A~~的”式形容詞詞綴“~~的”中前一個“~”的促化音
粘	niɛ2	1~連;~稠;~液
粘	tsæ1	2~住
粞	ɕi1	
粟	su3	1
粟	ɕyəʔ	2舊,姓
粥	tseu1	
粳	kə̃1	1
粳	tɕiə̃1	2米~
粤	yɛ5	
粹	ɕiəʔ	4“木~~的”等“A~~的”式形容詞詞綴“~~的”中前一個“~”的促化音
粹	tsʰuei5	純~
糉	tsuə̃5	
精	tɕiə̃1	
糊	xu2	1~窗戶
糊	xuəʔ0	2焦~拉氣的
糊	xu5	2~弄:湊合、將就
糊	xuəʔ	3~塗
糕	kaur1	
糕	kau1	1黃~;雪~
糕	kau3	2雪~
糖	tʰɔ2	
糖	mo5	~地
糙	tsau5	1粗~
糙	tsʰau5	2粗~
糜	mi2	
糝	sər0	
糝	sər1	
糝	lyɐr5	
糝	na2	~糕:一種麵食
糝	sə̃1	圪~子
糞	fə̃5	
糟	tsau1	1~蹋
糟	tsʰau2	1衣物髒了,但髒的程度較淺
糟	tsau5	2胡圪~
糟	tsəʔ	3“污~~的”等“A~~的”式形容詞詞綴“~~的”中前一個“~”的促化音
糠	kʰɔ1	
糧	liɔ2	
糯	nuə1	1~米
糯	nuə5	2~米
糰	tɕiɔ5	~子
糶	tʰiau5	
系	ɕi5	2~列;關~;聯~;籃~子
系	ɕiəʔ	3~連;聯~:輕聲詞
糾	tɕieu1	4~柴
糾	tɕieu1	~正;~纏
紀	tɕi5	
紂	tseu1	1商~
紂	tseu3	2~王
紂	tseu5	3~王
約	iau1	1拿稱~~~;後一個~讀輕聲
約	iaʔ	2節~
紅	xuər1	
紅	xuə̃2	
紅	xuər2	
紈	væ2	
紉	zə̃3	1紉~縫~
紉	zə̃5	2~針
紊	və̃3	有條不~
紋	və̃2	
紋	vər2	
納	na5	1出~;~鞋底
納	naʔ	2容~
紐	nieu3	
紐	niaur3	
純	tsʰuə̃2	
紗	sa1	1紡~
紗	sa5	2~橘子玻璃:乾淨氣派的窗戶
紙	tɕiə̃1	1四楞一個兒就吃了三大碗
紙	tsɿ3	
級	tɕiəʔ	
紛	fə̃1	
紛	fə̃1	1
紛	fəʔ	2“細~~的”等“A~~的”式形容詞詞綴“~~的”中前一個“~”的促化音
素	su5	
紡	fɔ3	
索	suaʔ	
紫	tsɿ1	1~菜;~菜菜的
紫	tsɿ3	2~顏色;~菜
紮	tsa1	~衣裳
累	lɛe3	1勞~;~贅;積~;碩果~~;後一個~讀輕聲
累	lɛe5	2死~;~人
細	ɕi5	1
細	ɕi0	2詞綴“溜~的”中的讀音;句子後加成分“不拉~的、巴~的”中的讀音
細	ɕiər5	
紹	sau2	
絀	tsʰuəʔ	~架:被繩索類纏繞揪扯
終	tsuə̃1	
組	tsu3	
絆	pæ5	
結	tɕiaʔ	節~
絶	tɕyɛ2	1~啦;~根兒
絶	tɕyaʔ	2~對
絛	tɕiə̃1	~褲帶:繫褲帶
絝	kʰuəʔ	紈~子弟
絞	tɕiau3	
絞	tɕiau3	~滑
絡	luə0	1大活~丹
絡	lau5	2~子
絡	lieu3	
絡	luaʔ	3脈~
給	tɕi3	1單~~、雙~~:小孩兒抓石子術語,後一個~讀輕聲
給	ki3	2~他哇;~~:後一個~讀輕聲
給	kɛe5	3用於重讀的入聲動詞如說、扎等後邊組成說~、扎~等詞,例如:你說~他哇、就扎~一千元
給	kɛe0	4用於舒聲或輕讀的入聲動詞如拿、讓等後邊組成拿~、讓~等詞,例如:讓~他哇、就拿~我一千元
給	kei3	5讀書音
給	tɕiaʔ	6舊,供~
給	kəʔ	7~你個糖蛋兒吃
絨	zuə̃2	
絨	yə̃2	2~馬
絮	ɕy2	1~~叨叨:後一個~讀輕聲
絮	ɕyəʔ	2~縷子;絮狀物
絯	xɛe1	~子:捕鴿子等鳥類的用具,用一直徑約一米的木圈綁上線織的網製成
統	tʰuə̃1	1~~:前一個~讀變調去聲,後一個讀陰平
統	tʰuə̃3	2~治
統	tʰuər3	
絲	sər0	
絲	sɿ1	
絲	sər1	
絹	tɕyɛ5	
絹	tɕyɐr5	
綁	pɔ3	
綃	ɕiau1	
綏	suei2	
經	tɕiə̃1	1~體;~緯;~線;~濟;~留:督促
經	tɕiə̃3	2正~
綠	ly5	1~的
綠	lyər5	1
綠	luəʔ	2~化
綢	tsʰeu2	
維	vei2	
綯	sɔ5	
綰	væ3	~住;繫住
綱	kɔ1	
網	vɔ3	
網	vɔr3	
綴	tsuei5	~扣子
綹	liaur3	
綻	tsæ5	1破~
綻	tiə̃5	2舊,破~
綽	tsʰuə5	1~號兒;~~有餘:後一個~讀輕聲
綽	tsʰaʔ	2~影兒:捕風捉影;影影~~的:兩個~都讀輕入
綽	tsʰuaʔ	3寬~;~號兒;~~黑子:傍晚後的一段時間
綿	miɛ2	
緊	tɕiər1	
緊	tɕiə̃3	~山藥:將山藥煮至七八成熟
緖	ɕy5	
緘	tɕiɛ5	~默
線	ɕiɛ5	
線	ɕiɐr5	
緝	tɕiəʔ	1~私
緝	tɕʰiəʔ	2~鞋口
締	ti5	
緣	iɛ2	1~分;~由
緣	yɛ2	2~故
緣	yɐr2	2
編	piɛ1	
緩	xuɐr0	
緩	xuæ3	
緬	miɛ3	
緬	miɛ5	
緯	vei3	~度
練	lyɛ5	~習
縊	i5	
縐	tseu5	1
縐	tsəʔ	2“文~~的”等“A~~的”式形容詞詞綴“~~的”中前一個“~”的促化音
縛	pɔ3	
縛	fu5	
縣	ɕiɛ5	
縫	fər0	
縫	fə̃2	1~衣裳
縫	fə̃5	2~兒:~須兒化
縫	fəʔ	3“細~~的”等“A~~的”式形容詞詞綴“~~的”中前一個“~”的促化音
縫	tsɔ5	
縫	fər5	
縮	sɔ3	1圪~上1~聲
縮	sɔr3	1
縮	suaʔ	2小
縱	tsuə̃5	~橫
縴	tɕʰiɛ1	1~夫
縷	ly1	1絮~:絮狀物
縷	lyər1	1
縷	ly3	2一~
縻	mi2	1
縻	mi5	2~住:拴住
總	tsuə̃3	
績	tɕiəʔ	
繁	fæ2	
繃	pə̃1	1~緊;~補丁;~帶
繃	pə̃3	2~臉~采采的
繃	pə̃0	3“緊圪~~的”等“AB~~的”式形容詞詞綴“~~的”中的讀音
繃	pəʔ	4“緊~~的”等“A~~的”式形容詞詞綴“~~的”中前一個“~”的促化音
繈	iə̃3	縫被子
繒	tsə̃1	1~住:用繩子把口袋扎住
繒	tsə̃5	2~住:~辮角兒;扎辮子
織	tsəʔ	
繕	sæ5	
繚	liau1	1圪~:簡單地縫
繚	liau2	2~繞:~衣裳
繚	liau5	圪~:不正
繞	zau1	1~~啥哩:後一個~讀輕聲
繞	zau3	2~遠:圍~
繞	zau5	3~圈兒
繡	ɕieu5	
繩	sər0	
繩	sə̃2	
繩	sər2	
繪	xuei5	
繫	tɕi5	1用於“鞋帶子綰在脖子上啦——~錯疙壕兒啦”這一歇後語中,諧音“記”
繭	tɕiɛ3	
繰	tɕʰiau1	~邊:做衣服時的一種縫法
繳	tɕiau1	~械;上~
繼	tɕi5	
纂	tsuæ5	
續	ɕy5	1繼~
續	ɕyəʔ	2接~子火
續	ɕyər5	
纏	tsʰæ2	1~繞
纏	tsʰæ5	2使纏繞的東西鬆開,如:~綫子
纖	ɕiɛ2	2~維
纜	læ3	~繩
缶	fu3	擊~
缸	kɔr0	
缸	kɔ1	
缸	kɔr1	
缺	tɕʰyər5	
缺	tɕʰyaʔ	
缽	paʔ	同“缽”
罄	tɕʰiə̃3	1鐘~
罄	tɕʰiə̃5	2~竹難書
罄	lau5	圪~兒~子:一種專用的塔燈用具
罐	kuɐr0	
罐	kuæ5	
罕	xæ3	
罕	xɐr3	
罡	kɔ1	
罩	tsaur1	
罩	tsəʔ	2“霧~~的”等“A~~的”式形容詞詞綴“~~的”中前一個“~”的促化音
罩	tsau5	
罩	tsaur5	
罪	tsuei5	
罪	tsuər5	
置	tsɿ5	1買房~地;~氣;~東西:用秤約東西;~一~:稱一稱,後一個~讀輕聲
置	tsɿ0	2分~;歸~
置	tsəʔ	3
罰	fa2	處~
署	su3	專~
罵	ma5	
罷	pa5	
羅	luə2	1~網;~人:招攬人
羅	luor2	1
羅	luə3	2一~腔:一種地方戲名稱,後一個~讀輕聲
羅	lɔ0	3張~
羈	tɕi1	
羊	iɔ2	
羊	iɔr2	
羌	tɕʰiɔ1	
美	mei3	
羔	kaur0	
羔	kau1	
羔	kaur1	
羔	kaur5	
羚	liə̃2	
羝	ti1	1大~~:頭公羊,後一個~讀輕聲
羝	tiə̃1	2~羊:公羊
羞	ɕieu1	
羞	ɕiaur1	
群	tɕʰyə̃2	
羨	ɕiɛ5	
義	i5	1~氣
義	iəʔ	2村名“什~號”中的變音
羯	tɕiaʔ	~羊
羹	kə̃3	
羽	y3	
翁	və̃1	
翅	tɕʰiau1	
翅	tsʰɿ5	
翅	tsʰər5	
翅	ər3	丟失
翎	liə̃2	
習	ɕi0	1處~:輕聲詞
習	ɕiəʔ	2~慣
翔	ɕiɔ2	
翟	ti2	1墨~
翟	tsɛe2	姓;~梳子:清理梳子;~翎:鳥類梳理羽毛
翠	tsʰuei5	
翡	fei3	~翠
翨	tʰa1	1鳥飛聲
翨	tʰa3	2鳥飛聲;~下飛啦
翩	pʰiɛ1	
翰	xæ2	
翻	fæ1	
翻	fɐr1	
翻	fəʔ	2“癡~~的”等“A~~的”式形容詞詞綴“~~的”中前一個“~”的促化音
翼	i5	
耀	iau5	
老	lau3	1
老	lau5	2兩口~
老	laur3	
老	lau0	3詞綴“~少的、~意的、式~的”中的讀音
老	saʔ0	~
老	kaʔ	~道兒:老搭檔
考	kʰau3	
者	tsɤ1	1
者	tsəʔ0	2記~;在數~難逃
而	ər2	1~且
而	ər3	2~立之年
耍	suɐr1	
耍	sa3	
耍	sua3	
耐	nɛe5	
耕	kə̃1	1春~
耕	tɕiə̃1	2~地,動詞
耗	xau2	1消~
耗	xaur0	2
耗	xau5	2~子
耙	pa5	1~地
耙	pʰa2	2~子:農具
耳	ər2	1沒~性:不長記性、不聽勸說、不懂得吸取教訓
耳	ər3	2~朵;沒~性:不長記性、不聽勸說、不懂得吸取教訓
耳	ər3	
耶	iɛ3	~穌
耷	ta1	1忽~二片:片狀物分開~拉著的樣子
耷	təʔ	2~拉
耽	tæ1	
耿	kə̃3	
耿	kər3	
聃	tsaʔ	~愣:耳朵豎起的樣子
聊	liau2	
聖	sə̃5	
聘	pʰiə̃5	
聚	tɕy5	
聞	və̃2	
聯	liɛ2	
聯	liɐr2	
聰	tsʰuər0	
聰	tsʰuə̃1	
聰	tsʰuər1	
聲	sə̃1	
聲	sər1	
聲	tɕʰiə̃5	2~兒,須兒化
聳	suə̃3	
聶	niaʔ	
聽	tʰiə̃1	1~見;~任
聽	tʰiə̃5	2察~
聾	luə̃2	
肅	ɕyəʔ	
肆	i5	
肆	sɿ5	
肇	tsau1	
肉	zeu5	1~桂
肉	zuəʔ	2舊:~桂
肉	zaur5	
肉	tsʰau5	~他媽:罵人話
肋	lɛe5	
肌	tɕi1	
肓	xɔ2	病入~膏~
肖	ɕiau1	1
肘	tseu3	
肚	tu3	1羊~子
肚	tuor3	1
肚	tu5	2~皮
肚	tuor5	2
肝	kæ1	
肝	kɐr1	
股	kuor3	
股	ku3	~分
肢	tsɿ1	1~體
肢	tsɿ3	2胳~窩
肥	fər1	
肥	fei2	
肥	fər2	
肩	tɕiɛ1	
肩	tɕiɐr1	
肪	fɔ2	
肭	na5	1
肯	kʰə̃3	
育	y5	
肴	iau1	菜~
肺	fei5	
胃	vei5	
背	pei1	1~石頭
背	pei5	2脊~;~地
胎	tɛe5	1洋車裡~外~
胎	tʰɛe1	2懷~
胖	pʰau5	1屎~頭:詈詞
胖	pʰæ5	1心寬體~
胖	pʰau0	2屎~
胖	pʰɔ5	2吃~啦
胖	pʰɔr5	2
胚	pʰɛe3	
胛	tɕiaʔ	
胞	pau1	1衣~兒:須兒化
胞	paur1	1
胞	pʰau1	2細~
胞	pʰau2	3舊,同~
胡	xuor0	
胡	xu2	1~說;~才
胡	xu3	2劉~蘭
胤	iə̃5	
胯	kʰua3	大~
胰	i2	1~腺
胰	i5	2~子
胳	kaʔ	1
胳	kəʔ	2~肢窩
胳	kəʔ	~~面兒去:到一邊去、滾一邊兒去;~哪去呀:到哪兒去呀、去哪兒呀
胸	ɕyə̃1	
能	nə̃2	
能	nər2	
脂	fɔ2	
脂	tsɿ3	
脅	ɕiaʔ	
脆	naʔ	3~色;垃圾;髒~:輕聲詞,垃圾、廢棄物或髒
脆	tsʰuər5	
脆	tsʰuei5	乾~
脉	mo5	1~~含情:後一個~讀輕聲
脉	mɛe5	2捉~;山~;動~;靜~;~毝子:陰莖
脉	miaʔ	3舊:捉~、切~~、~毯子:陰莖
脊	tsəʔ	1~背
脊	tɕiəʔ	2~梁
脖	po2	
脖	por2	
脱	tʰuaʔ	
脬	pʰɔ1	~啦:腫了
脯	pʰu2	1胸~
脯	pʰu3	2果~
脹	tsɔ5	
脾	pʰi2	1殺~:~臟
脾	pʰi3	2~氣底~護
腆	tʰiɛ3	1
腆	niɛ3	2~肚人兒
腋	iaʔ	2~起;~住;~轉:腰裡~了顆手榴彈
腋	iɛ5	
腌	na1	1~臢
腌	iɛ1	2~菜
腎	sə̃5	
腐	fu3	1~爛
腐	fəʔ0	2豆~
腑	fu3	
腔	tɕʰiɔ1	
腕	væ1	1
腕	væ5	2瞅眉~眼的
腕	væ5	
腕	vɐr5	
腥	ɕiə̃1	1
腥	ɕiə̃3	2圪~;禿~氣
腦	nau3	
腦	naur3	
腦	nau3	裌~夾~兒:~須兒化
腩	nəʔ	2“肥~~的”等“A~~的”式形容詞詞綴“~~的”中前一個“~”的促化音
腫	tsuə̃3	
腮	sɛe1	
腰	iaur0	
腰	iau1	
腰	iaur1	
腱	tɕiɛ5	
脚	tɕiɛ0	1針~;根~
脚	tɕiaʔ	2~板子;~色
腴	y2	豐~
腸	tsʰɔr0	
腸	tsʰɔ2	
腹	fəʔ	
腿	tʰuər0	
腿	tʰuei3	
腿	tʰuər3	
膀	pɔ3	1~子
膀	pʰɔ2	2~胱
膀	pɔr3	
膀	paʔ0	3翅~
膊	por1	
膊	po1	胳~
膏	kau1	1~藥
膏	kaur0	2
膏	kau3	2牙~;~子:墨水
膏	kaur3	2
膏	kau5	3~油;~車
膗	tsʰuɛe2	~貨:無生育能力的女人;~子:窩囊軟弱之輩
膘	piaur1	1
膘	piau1	肥~
膚	fu1	2切~之痛
膚	fu2	2皮~;體無完~
膛	tʰɔ2	
膜	mor2	
膜	mor5	
膝	tɕʰi1	1圪~;~蓋
膝	tɕʰiər1	1
膝	tɕʰiəʔ	2~蓋
膝	ɕiəʔ	3牛~:中藥名
膠	tɕiau1	
膨	pʰə̃1	1肚~~的:前一個~讀又音陰平,後一個讀變調上聲
膨	pʰə̃2	2~脹
膩	ni5	
膪	tsʰuɛe5	囊~;~達達的
膳	sæ5	
膵	pʰɔr1	
膻	sæ1	
膽	tæ3	
膽	tɐr3	
膿	nə̃1	1忽~~
膿	nər2	
膿	nə̃2	2~帶:鼻涕
臀	tiɛ5	1~部
臀	tʰuə̃2	
臂	piəʔ	
臉	liɛ3	
臉	liɐr3	
臊	sau1	1尿~
臌	ku3	~症
臍	tɕʰi2	
臍	tɕʰiər2	
臑	nau1	夾~子:一種捕鼠、捕鳥或捕野獸的器具,用鐵絲圈或細鋼筋及彈簧等制成,大小不等
臘	la5	
臟	tsɔ1	1不~不淨
臟	tsɔ5	2心~
臟	səʔ	
臣	tsʰə̃2	
臥	vo5	
臥	vo5	宰、殺
臧	tsɔ1	
臨	liə̃2	1~終;來~
臨	lyə̃2	2~終;大~河,應縣一地名,緊挨渾源
自	tsɿ5	
臭	tsʰeu5	
至	tsər0	
至	tsɿ5	
致	tsɿ5	
臺	tʰər0	
臺	tʰɛe2	
臺	tʰər2	
臼	tɕieu1	
臾	i2	須~
舂	tsʰuə̃1	
舅	tɕiaur0	
舅	tɕieu5	
舅	tɕiaur5	
與	y3	
興	ɕiə̃1	1~旺
興	ɕiə̃5	2高~
興	ɕiər5	
舉	tɕy3	
舉	tɕiɛ5	
舊	tɕieu5	
舌	sɤ2	
舒	su1	
舔	tʰiɛ3	
舛	tsʰuæ3	1~磨:鍛煉;~上泡啦:磨起泡來了
舛	tsʰuəʔ	2“灰~~的”等“A~~的”式形容詞詞綴“~~的”中前一個“~”的促化音
舜	suə̃5	
舞	vu3	
舟	tseu1	
航	xɔ2	
般	pæ1	
般	pɐr1	
舵	tuə5	1~手
舵	tʰuə2	2掌~
舷	ɕiɛ2	
舷	ɕyɛ2	2
船	tsʰuæ2	
船	tsʰuɐr2	
艄	sau1	
艇	tʰiə̃1	
艇	tʰiə̃3	
艘	seu3	
艮	kə̃3	
良	liɔ2	
色	sər0	
色	sər5	
色	saʔ	~彩;拉~;垃圾
艷	iəʔ	2“黃~~的”等“A~~的”式形容詞詞綴“~~的”中前一個“~”的促化音
艷	iɛ5	
艾	nɛe5	~蒿
芍	sau2	~藥
芒	mɔ2	1~種
芒	vɔ2	2麥~子
芒	vɔr2	2
芙	fu2	~蓉
芝	tsɿ1	~麻
芥	tɕiɛ5	
芨	tɕi2	1芨~
芨	tɕiəʔ	2~菥
芩	tɕʰiə̃2	
芪	tɕʰi2	
芫	iɛ2	1~荽
芫	yɛ2	2~花,中藥名
芭	pa1	
芮	zuei5	
芯	ɕiə̃1	1燈~兒;氣門~兒;燈~絨
芯	ɕiər1	1
芯	ɕiə̃5	2燈~子
花	xuər0	
花	xuɐr1	
花	xua1	1~椒
花	xua5	2~生;~圈兒
花	xɔ0	3村名“黃~灘、大麻~溝”中的變音
花	xuaʔ0	4紅~;棉~
花	tsɔ5	
花	xuəʔ	5“白~~的”等“A~~的”式形容詞詞綴“~~的”中前一個“~”的促化音
花	xuəʔ0	6棉~
芳	fɔr0	
芳	fɔ3	
芳	fɔr3	
芹	tɕʰiə̃2	
芹	tɕʰiə̃2	黃~:輕聲詞
芻	tsʰu2	
芽	iɐr0	
芽	ia2	
芽	iɐr2	
苑	yɛ2	1藝~
苑	yɛ5	2姓
苓	liə̃2	茯~
苔	tʰɛe1	1舌~
苔	tʰɛe2	2~蘚
苗	miau1	1~~草
苗	miaur1	1
苗	miaur0	2
苗	miau2	2穀~
苗	miaur2	2
苛	kʰuə1	
苟	keu3	
若	zaʔ	
苦	kʰuor1	
苦	kʰu1	1扎~啦
苦	kʰuor2	
苦	kʰu3	2
苦	kʰuor3	
苫	sæ5	
苬	ɕiaur2	
英	iə̃1	
英	iər1	
茁	tsuaʔ	
茂	mau5	
茂	maur5	
范	fɐr5	
茄	tɕia1	1雪~
茄	tɕʰiɛ2	2~子;雪~
茅	mau2	
茗	miə̃2	
茫	mɔ2	1
茫	məʔ	2“白~~的”等“A~~的”式形容詞詞綴“~~的”中前一個“~”的促化音
茬	tsʰa2	1
茬	tsʰɐr2	
茬	tsʰəʔ	2“白~~的”等“A~~的”式形容詞詞綴“~~的”中前一個“~”的促化音
茭	tɕiau1	
茭	tɕiaur1	
茯	fəʔ	
兹	tsɿ1	
兹	tsʰɿ2	2
茴	xuei2	
茵	iə̃1	
茵	iəʔ	2“嫩~~的”等“A~~的”式形容詞詞綴“~~的”中前一個“~”的促化音
茶	niɛ2	發~;~~揣揣;後一個~讀輕聲
茸	zuə̃2	鹿~
荀	ɕyə̃2	
草	tsʰau3	
草	tsʰaur3	
荆	tɕiə̃1	1~莊,村名
荆	tɕiə̃3	2~條
荒	xua0	1用於“飢~”一詞中
荒	xɔ1	2~地
荔	li5	
荷	xuə2	
莊	tsɔr1	
莊	tsɔ1	1
莊	tsɔ5	2西辛~、東辛~:村名
莎	sa1	1
莎	suə1	2~草
莒	tɕy3	
莖	tɕiə̃1	
莜	ieu2	
莠	ieu3	1~子
莠	ieu5	2良~不分
莢	tɕiər5	
莧	tɕiɛ5	~菜
莫	maʔ	
莽	mɔ3	
菁	tɕiər0	
菁	tɕiə̃1	1~華
菁	tɕiə̃5	2蔓~
菅	tɕiɛ1	1草~人命
菅	tɕiɛ5	2青~子:野草名
菊	tɕyəʔ	
菌	tɕyə̃3	
菜	tsʰəʔ	2“寡~~的”等“A~~的”式形容詞詞綴“~~的”中前一個“~”的促化音
菜	tsʰɛe5	
菜	tsʰər5	
菠	po1	
菩	pʰu2	~薩
華	xua1	中~
菱	liə̃2	
菱	paʔ	草叢、樹叢
菲	fei3	
萁	tsəʔ	1
萌	mə̃2	
萍	pʰiər0	
萍	pʰiə̃2	
萍	pʰiər2	
萎	vei3	
萬	væ5	
落	lɐr1	
落	la2	1稀疏、稀~、稀少
落	lɐr2	
落	la5	2~下啦
落	luə5	3扎~
落	luə0	4攏~;捋~
落	lau5	5樹葉兒~啦
落	leu2	6村名“~子窪”中的變音
落	luaʔ	7下~
葉	sɤ5	1~公好龍
葉	iaʔ0	3茶~缸子
葉	iɐr5	
葉	iər5	
葉	iɛ5	樹~子;~公好龍
著	tsau2	1睡~;~火
著	tsaʔ	2~想瓜平~;~愣:耳朵豎起的樣子
著	zəʔ	4說~不行你硬要扎哩;看~不行啦
著	tsu5	
葛	kaʔ	
葜	tsəʔ	1
葜	tɕi1	拔~菜:用筷子夾菜
葡	pʰu2	~萄
董	tuə̃3	
葦	vei3	
葩	pa1	1奇~
葩	pʰa1	2奇~
葫	xu2	1
葫	xuəʔ	2~蘆
葬	tsɔ5	
葯	iau5	草~子:用較長的草擰制而成的捆東西的草繩
葳	vei3	
葵	kʰɛe1	1~花
葵	tsəʔ	1
葵	kʰuei1	2~花
葵	tɕiəʔ	2單字音
葷	xuə̃1	
蒂	ti5	
蒙	mə̃1	1內~;~頭轉向
蒙	mə̃2	2他是~人;~蔽
蒙	mə̃3	3~古;~族
蒙	mə̃5	4迷~:黑~~的
蒜	suæ5	
蒲	pʰu2	~棒兒
蒸	tsə̃1	
蒸	tsɔ5	
蒺	tsəʔ	1
蒺	tsəʔ	
蒼	tsʰɔ1	
蒿	kau1	1~草
蒿	xau1	2~子
蓁	tsəʔ	1
蓄	ɕyəʔ	~儲
蓉	yə̃2	芙~
蓋	kər0	
蓋	tsɔ5	
蓋	kɛe5	
蓋	kər5	
蓖	piaʔ	1~麻子
蓖	piəʔ	2~麻子
蓬	pʰə̃2	1
蓬	pʰəʔ	2“圓~~的”等“A~~的”式形容詞詞綴“~~的”中前一個“~”的促化音
蓮	liɛ2	
蓿	ɕy0	1苜~
蓿	ɕyəʔ0	2首~
蔑	miaur3	
蔑	miaʔ	~誣
蔓	mæ2	1~菁
蔓	mæ5	2藤~
蔓	væ5	3藁~,野草名
蔓	vəʔ	4“長~~的”等“A~~的”式形容詞詞綴“~~的”中前一個“~”的促化音
蔔	pər0	1
蔔	pər5	1
蔚	y3	1~縣
蔚	vei5	2~然
蔡	tsʰɛe5	
蔣	tɕiɔ1	
蔣	tɕiɔr1	
葱	tsʰuə̃1	
葱	tsʰuər1	
蔫	zɐr1	
蔫	niɛ1	1紅剝肉圪~兒:指未長羽毛的小鳥或形容人赤條條的樣子
蔫	niɛ2	1~~乎乎;後一個~讀輕聲
蔫	iɛ5	2
蔫	zæ1	3花兒圪~啦
蔬	su2	~菜
蔭	iə̃1	1~涼兒
蔭	iə̃5	2房~的
蔭	iəʔ	3“冷~~的”等“A~~的”式形容詞詞綴“~~的”中前一個“~”的促化音
蔽	pi5	
蕉	tɕiau1	
蕊	zuei3	
蕎	tɕʰiau2	
蕨	tɕyər5	
蕨	tɕyaʔ	~類植物
蕩	tɔ5	
蕪	fu2	1~雜
蕪	vu2	2荒~
蕭	ɕiau1	
薄	por1	1
薄	po2	1~厚;~兒:一種花名,即蜀葵
薄	por2	1
薄	paur1	2
薄	pau2	2單~;皮~
薄	paur2	2
薄	paʔ0	3窮家~業的
薑	tɕiɔr1	
薛	ɕiaʔ	1姓
薛	ɕyaʔ	2姓
薦	tɕiɛ5	
薩	sa1	1拉~
薩	sa0	2菩~
薪	ɕiə̃1	
薯	su3	番~
薵	xau1	~田
薹	tʰɛe1	蒜~
薺	tsəʔ	1
藁	kau3	~蔓:野草名
藉	tɕiɛ5	1狼~;~故
藉	tɕiəʔ	2狼~
藍	lɐr1	
藍	læ2	
藏	tsɔ5	1~族;~莊:村名
藏	tsʰɔ2	2躲~
藐	tɕiəʔ	2“鬼~~的”等“A~~的”式形容詞詞綴“~~的”中前一個“~”的促化音
藐	miau3	
藐	miau3	~視
藕	neu3	
藝	iər0	
藝	i5	
藤	tʰə̃2	
藥	nau5	1~耗子
藥	iau1	2火~
藥	iau5	3~材
藩	fæ2	
藹	nɛe3	和~
藺	liə̃5	
藿	xuəʔ	~香
蘆	lu2	1葫~;~葦
蘆	luor2	
蘆	leu2	2~枝:野草名
蘇	su1	
蘋	pʰiər0	
蘋	pʰiə̃2	
蘋	pʰiər2	
蘑	mo2	
蘖	niaʔ	
蘭	læ2	
蘭	lɐr2	
蘸	tsaʔ	
蘸	tsæ5	小蔥兒~醋
蘿	luə2	
虎	xuor0	
虎	xu3	1~著根棒子:握著根棒子;屬~
虎	xu0	2老~、屎~馬叉的
虎	xuəʔ0	3訥~訥:沒能力的窩囊廢
虎	xuəʔ0	4屎馬~刺的、屎~馬叉的
虐	niaʔ	1~待
虐	nyaʔ	2舊,~待
虔	tɕʰiɛ1	
處	tsʰu3	1相~;~方
處	tsʰu5	2辦事~
處	tsʰuəʔ0	3好~;長~;吃~
虚	ɕy1	
虜	leu3	
虞	y2	
虞	yər2	
號	xau2	1~啕大哭;~叫;~喪
號	xau5	2~脈;~~;三合~:村名
號	xaur5	2
虢	kuə3	虞~
虧	kʰuei1	
虹	tɕiɔ5	1放~
虹	xuə̃2	2彩~
虻	mɔ2	1
虻	mə̃1	2瞎~:牛虻
虻	mə̃2	3~牛
蚊	və̃3	
蚌	pɔ3	1鷸~相爭;~埠
蚌	pə̃3	2~埠
蚍	pʰi2	~蜉
蚓	iə̃3	~蚯
蚜	ia2	
蚣	kuə̃1	蜈~:輕聲詞
蚤	tsau1	
蚧	tɕiɛ5	
蚧	kaʔ	
蚪	teu3	
蚪	taur3	
蚯	tɕʰieu1	
蚰	ieu2	~蜒
蚱	tsa3	1
蚱	tsa5	2~猛
蚱	tsa0	3~螞
蛀	tsu5	
蛆	tɕʰy1	
蛇	sɤ2	
蛋	tæ5	1抓~兒:抓鬮兒
蛋	tæ0	2詞綴“巴~的、達~的”中的讀音;動詞詞尾,如:拿~~、扎~~
蛋	təʔ	2“圓~~的”等“A~~的”式形容詞(“A”為舒聲)中的詞綴“~~的”中前一個“~”的促化音
蛋	tɐr5	
蛐	tɕʰyər0	
蛐	tɕʰyəʔ	
蛔	xuei2	
蛙	va1	青~
蛛	tsu1	
蛤	xa1	1~蟆,輕聲詞
蛤	kaʔ	2~蚧
蛤	xəʔ	3~蟆
蛹	yə̃3	
蜕	tʰuei5	蛇~皮兒
蛾	nuə2	
蛾	nuor2	
蜀	suəʔ	
蜂	fə̃1	1~蜜
蜂	fər1	1
蜂	fə̃3	2黃~兒:臭蜜~兒;蜚蠄~兒;~蜜
蜂	fər3	2
蜇	tsaʔ	~人
蜈	vu2	~蚣
蜒	iɛ2	蛐~:蟲名
蜓	tʰiə̃1	
蜘	tsɿ3	~蛛
蜜	mi5	
蜥	ɕiəʔ	
蜴	i5	
蜷	tɕyɛ3	1~曲
蜷	tɕʰyɛ2	2圪~
蜻	tɕʰiə̃1	
蝌	kʰuə1	~蚪
蝕	sɿ2	1日~
蝕	səʔ	2腐~
蝗	xɔ2	
蝙	piɛ3	
蝙	fəʔ	
蝟	vei5	~蟲
蝠	for5	
蝠	fəʔ	
蝦	ɕia1	
蝦	ɕiɐr1	
虱	sər0	2
虱	sər5	2
虱	səʔ	2~子
虱	sɿ5	壁~
蝶	tiɐr0	1
蝶	tiɛ2	1~泳;蝴~
蝶	tiaʔ	2~戀花;~泳
蝸	vo1	
螂	lɔ2	
螃	pʰɔ2	~蟹
融	yə̃2	
螞	ma1	1~蟻
螞	ma2	2~蟻,又寫作~蝗
螞	ma3	3~盤蚨;~蟻;~王:一種體形較大的馬蜂
螞	ma5	4~蚱
螢	iə̃2	
螳	tʰɔ2	
螺	luor2	
螺	luə2	海~兒
蟄	tsə̃0	1~驚
蟄	tsɤ2	1冬眠
蟄	tsaʔ	3~伏
蟆	ma2	1癩蛤~
蟆	mɐr2	
蟆	maʔ	2蛇~蝮兒:蜥蜴
蟋	ɕiəʔ	
蟒	mɔ3	
蟢	ɕi3	~蛛蛛
蟥	xɔ2	
蟬	tsʰæ2	
蟲	tsʰuər0	
蟲	tsʰuə̃2	
蟹	ɕiɛ5	
蠅	iər0	
蠅	iə̃2	
蠍	ɕiaʔ	
蠓	mə̃2	
蠕	zu1	1圪~
蠕	zu2	2~動
蠕	zuəʔ	3“麻~~的”等“A~~的”式形容詞詞綴“~~的”中前一個“~”的促化音
蠟	la5	
蠢	tsʰuə̃3	
蠰	zɔ5	~疙:軟體動物蠼螋
蠶	tsʰæ2	
蠶	tsʰɐr2	
蠻	mæ2	
血	ɕyaʔ	~壓;雞~
行	xɔr0	1
行	xɔ2	1~列;銀~
行	xɔr2	1
行	xə̃0	2道~:功夫、涵養、能力、本領
行	ɕiə̃2	3~為;品~
衍	iɛ3	
術	su5	1
術	tsuəʔ	2白~
街	tɕiɛ3	2只用於東~、南~、西~3個詞中
衙	ia2	
衛	vei2	1保~
衛	vei5	2姓~
衡	xə̃2	
衡	tsuə̃1	家裡~成了錢兒啦
衢	tɕʰy2	
衣	i1	
表	piau3	
表	piaur3	
衩	tsʰa3	1~兒褲
衩	tsʰɐr3	1
衩	tsʰa5	2開~兒褲子
衩	tsʰɐr5	2
衫	sæ3	
衫	sɐr3	
衰	suɛe1	
袁	yɛ2	
袋	tɛe1	1灰腦~
袋	tər3	1
袋	tər0	2
袋	tɛe3	2布~;筆~兒:水筆儲存墨水的塑料管
袋	tər5	2
袋	tɛe5	3~子;筆~兒:放筆的文具袋
袋	tɛe0	4腦~
袍	pʰaur0	
袍	pʰau2	
袖	ɕieu5	
袖	ɕiaur5	
袪	tɕʰiaʔ	2~狹
被	pi5	
被	tsɔ5	
袱	fu0	1包~
袱	fəʔ	2包~:輕聲詞
裁	tsʰɛe2	
裂	liɛ5	1爆~子啦
裂	liaʔ	2~縫兒
裊	niau3	
裕	y5	充~
裙	tɕʰyər0	
裙	tɕʰyə̃2	
裙	tɕʰyər2	
補	pu3	~丁
裝	tsɔ1	
裝	tsɔr1	
裝	tsɔ5	
裨	pʰi2	~益
裱	piau3	
裳	sɔ1	1寬~
裳	sɔ3	2上衣下~
裳	sɔ0	3衣~
裴	pʰɛe2	
裸	luə3	
裹	kuə3	1~住
裹	kuaʔ0	2包~,動詞;妝~:給死人穿壽衣、裝殮屍體
褂	kua5	
褂	kuɐr5	
褎	pau1	1~義
褎	pau3	2~獎
褥	zuor0	
褥	zu5	
褪	tʰuei5	1~色
褪	tʰuə̃5	2~下來
褲	kʰuor0	
褲	kʰu5	
襄	ɕiɔ1	~垣,本省一地名
襋	tɕiɛ0	屎~:輕聲詞
襖	naur3	
襟	tɕiər1	
襟	tɕiə̃1	1對襟~襖兒
襟	tɕiə̃3	2~懷
襟	tɕiə̃0	3對~;大~;小~
襠	tɔr1	
襠	tɔ1	褲~
襪	va5	
襯	tsʰə̃5	
襲	ɕiəʔ	~擊;~人:好看、漂亮
襻	pʰæ5	推手推車時架在肩上的帶子
西	ɕi1	1~面兒
西	ɕiəʔ0	2村名“大~溝”中的變音
要	iau1	1~求
要	iau5	2想~;重~
覆	fəʔ	~蓋
見	mi2	
見	tɕiɛ5	
規	kuei1	
視	səʔ0	2近~眼
視	sɿ5	
親	tɕʰiər1	
親	tɕʰiə̃1	1~戚
親	tɕʰiə̃5	2~家
覲	tɕiɛ5	
覷	tɕʰy1	1小~
覷	ɕy1	2眼圪~起
覷	tɕʰyəʔ	3近~眼兒:近視眼
覺	tɕiau5	1睡~
覺	tɕiaur5	1
覺	tɕiaʔ	2~意
覺	tɕyaʔ	3~醒
覽	læ3	
觀	kuæ1	1參~;寺~
觀	kuæ5	2五峰~:東山大仁莊鄉五峰山上一寺觀名
角	mau2	1七~八;三~五
角	mau3	2一~錢
角	tɕiau1	3牛角~
角	tɕiau3	4圪~子;三~形
角	tɕiaur3	4
角	tɕiɐr5	5
角	tɕiər5	5
角	tɕiaʔ	5豆~子;牛~~:後一個~讀輕聲
解	xɛe5	1~州:地名
解	tɕiɛ3	2講~;~開;理~
解	ɕiɛ5	3姓
觸	tsuəʔ	1~犯
觸	tsʰuəʔ	2接~:輕聲詞;~摸
觸	tsʰu5	~石頭;用專用的齒石工具齒石頭
言	iɛ2	
訂	tiə̃5	~約
訃	fu5	1~告
訃	pʰaʔ	2~告
計	tɕi5	
訊	ɕiə̃5	1通~
訊	ɕyə̃5	2審~
討	tʰau3	
訓	ɕyə̃5	
記	tɕi5	~錄;黑~:人體上的黑色斑片;擦~擦滑的;旮~旮兒兒;圪~圪拐兒
訛	nuə2	1~人;倒拿~兒
訛	nuor2	
訛	nuə5	2~詐
訝	ia2	
訟	suə̃5	
訣	tɕyaʔ	
訥	na1	1忽~:形容說話時嘟囔不清;~~:笨拙地嘟囔,後一個~讀輕聲
訥	naʔ	2單字音
訪	fɔ3	
設	saʔ	
許	ɕy3	
訴	su1	1~訟
訴	su5	2告~;控~
診	tsə̃1	1出~;門~;急~
診	tsə̃3	2急~
詆	ti3	
詐	tsa5	
詔	tsau1	
評	pʰiə̃2	
詛	tsu3	1~咒
詞	nau2	
詞	tsʰɿ2	
詞	tsʰər2	
詠	yə̃3	1歌~
詠	yə̃5	2~梅
詡	ɕy1	
詡	ɕyər1	
詢	ɕyə̃2	
試	sɿ5	
詩	sɿ1	
詫	tsʰaʔ	驚~
詭	kuei3	
詮	tɕʰyɛ2	
詰	tɕiaʔ	
話	xua5	1說~
話	xuɐr5	1
話	xuaʔ0	2笑~:訊諷、嘲笑
話	xuɐr0	2
該	kɛe1	1應~;~賬
該	xɛe5	副詞
詳	ɕiɔ2	
誅	tsu1	
誇	kʰua1	1
認	zə̃5	
誓	sɿ5	
誕	tæ1	1聖~節;壽~
誕	tæ3	2~生
誘	ieu5	
語	y3	
語	yər3	
誠	tsʰə̃2	
誣	vu1	
誤	vu5	
誥	kau5	
誦	suə̃5	
説	suei5	1游~
説	suæ0	2學~:轉述
説	suaʔ	3~話
誰	suei2	
課	kʰuə5	
誹	fei3	
誼	i2	
調	tiau1	
調	tiau5	1音~;~動
調	tiaur5	1
調	tʰiau2	2~和
調	tʰiau5	3~皮
諂	tsʰæ2	~媚
諄	tsuə̃1	
談	tʰæ2	
諉	vei3	
請	tɕʰiə̃2	1~墳:看墳地
請	tɕʰiə̃3	2~人;~假;~菩薩
諍	tsə̃1	1
論	luə̃2	1舊~、語~
論	luə̃5	2議~
諜	tiɛ2	1~對:用言語反駁對答
諜	tiaʔ	2間~;~應:問訊確切消息
諦	ti5	1一頓;真~
諦	tʰi2	2~聽
諧	ɕiɛ2	1~接;和~
諧	ɕiaʔ	2接~:接觸
諫	tɕiɛ3	1納~
諫	tɕiɛ5	2~言
諭	y5	
諱	xuei3	
諷	fə̃3	1
諷	fə̃5	2~刺
諷	fə̃3	
諸	tsu1	
諺	iɛ5	~語
諾	nuə1	1舊
諾	nuə5	2承~;~言
諾	naʔ	3
諾	zaʔ	4應~
謀	mu2	陰~
謂	vei5	
謄	tʰə̃2	
謅	tseu1	胡~
謊	xɔ1	1~~:繞來繞去
謎	mi2	
謔	ɕy1	1戲~
謔	ɕyɛ1	2~稱
謗	pɔ5	
謙	tɕʰiɛ1	
講	tɕiɔ3	構~;~田
謝	ɕiɛ5	
謡	iau2	
謨	mu2	
謬	nieu5	
謳	neu3	
謹	tɕiə̃3	
謾	mæ2	
謾	mæ5	
證	tsə̃5	
證	tsər5	
譏	tɕi1	
識	səʔ	
譙	tɕiau1	
譚	tʰæ2	
譜	pʰu3	
譜	pʰor3	
警	tɕiə̃3	
譬	pʰi3	1比:他~她高
譬	piəʔ	2~喻:比喻
譯	i5	
議	i5	
譴	tɕʰiɛ1	
護	xu5	
譽	y5	
讀	tuəʔ	2~滿;~死;糊~:輕聲詞
變	piɛ2	1~了味啦
變	piɛ5	2~化
讒	tsʰæ2	
讓	zɔ5	
讕	læ1	~~:瞎說,後一個~讀輕聲
谷	kuəʔ	
豁	xuɐr0	
豁	xua2	1~拳
豁	xuə1	2~棱子:原木板材棱上的不足部分
豁	xuə2	3好~些兒的、中~些兒的
豁	xuaʔ	4~口;~達
豁	xuaʔ0	5作詞綴時的讀音,如:啖~~、酒~~、潲~~;好~點兒啦;好~些兒;前~些兒
豆	teu5	
豆	taur5	
豇	tɕiɔ1	
豈	tɕʰi3	
豌	væ1	
豎	su5	1
豎	suəʔ	2“辣~~的”等“A~~的”式形容詞詞綴“~~的”中前一個“~”的促化音
豐	fə̃1	1~富
豐	fə̃5	2~收
豚	tʰuə̃2	
象	ɕiɔ5	
象	ɕiɔr5	
豪	xau2	
豫	y5	
豬	tsu1	
豬	tsuor1	
豹	pau5	
豺	tsʰɛe2	
貂	tiau1	
貌	mau5	
猫	maur2	
猫	mau2	~子
貝	pər0	
貝	pei5	
貞	tsər0	
貞	tsər1	
負	fu5	
財	tsʰɛe2	
貢	kuə̃5	
貧	pʰiə̃2	
貨	xuə5	1賣~
貨	xuə0	2作類後綴與單音節詞結合時的讀音
貨	xuaʔ0	3蔬菜類
貨	xəʔ	4~郎子
貨	xuor5	
販	fæ5	
貪	tʰæ1	
貫	kuæ5	
責	tsaʔ	
貳	ər5	
貴	kuei5	
貴	kuər5	
貶	piɛ3	
買	mɛe3	
貸	tɛe5	
費	fei5	
貼	tʰiaʔ	
貽	i2	
貿	mau5	
賀	xuə5	
賀	xuor5	
賂	lu5	
賃	liə̃5	
賄	xuei5	
資	tsɿ1	1
資	tsəʔ	2卓~山:內蒙古自治區一縣名
資	zəʔ	3卓~山:內蒙古自治區一縣名
賈	ku3	1行商坐~
賈	tɕia3	2姓~
賊	tsɛe2	
賒	sɤ1	
賓	piə̃1	
賓	piə̃5	2~服
賜	tsʰɿ5	1賞~
賜	sɿ5	2天官~福
賞	sɔ3	
賠	pʰɛe2	
賢	ɕiɛ2	
賣	mər0	
賣	mɛe5	
賤	tɕiɛ5	
賦	fu5	
質	tsɿ0	1鉦~鎣:一種貨郎手持的叫賣用具
質	vəʔ	
賬	tsɔ5	
賬	tsɔr5	
賭	tu3	
賴	lɛe5	
賴	lər5	
賺	tsuæ5	
購	keu1	
賽	sɛe5	
贅	tsuɛe5	
贈	tsə̃1	1
贊	tsæ5	
贍	sæ5	
贏	iə̃2	
贏	iər2	
贓	tsɔ1	1
贖	su2	
赤	tsʰəʔ	
赦	sɤ5	
赫	xəʔ	
赭	tsɤ3	
走	nau2	
走	tseu3	
赳	tɕiəʔ	~起來:跳起來
赴	fu5	
起	tɕʰi1	1~花;扎花
起	tɕʰi3	2~來
起	tɕʰi0	3作類後綴或跟在動詞後表示趨向的讀音
趁	tsʰə̃5	
超	tsʰau1	
越	ya1	1~發了兒
越	yaʔ	2~發;~過日
趐	ər3	丟失
趔	liɛ1	1腿撲~起
趔	liɛ5	2仄~:斜身躲
趔	liaʔ	3~翅
趕	kæ3	
趕	tsʰu5	~蹄:牲畜因不釘掌而將蹄子磨壞了
趙	tsau5	
趙	tsaur5	
趟	tʰɔr0	2
趟	tʰɔr5	2
趟	tʰɔ5	每天就一~車
趣	tɕʰy1	
趣	tɕʰyər1	
趨	tɕʰy1	
足	tsu2	1
足	tsuor2	1
足	tɕyər5	2
足	tsuəʔ	2~管
足	tɕyəʔ	3~夠;~管
趴	pʰa2	跌了個馬~
趾	tsɿ3	
跋	pa2	1~涉;文體
跋	fa2	1用腳踢
跋	ta3	1蹶~蹶~的:形容人走路腳邁得又高又快的樣子;蹓~
跋	paʔ	2~文
跋	faʔ	2用腳蹬
跋	paʔ	
跌	tiaʔ	
跎	tʰuor2	
跎	tʰuə2	拉~兒:落在後面
跐	tsʰɿ1	1鞋~啦
跐	tsʰɿ3	2拿腳板兒~住地
跑	pʰau3	
跑	pʰaur3	
跛	po1	
距	tɕy5	
跟	kər1	
跟	kə̃1	1高~兒鞋,~須兒化;~行;~前;相~
跟	kə̃3	2高~兒鞋:~須兒化
跟	kəʔ0	3~前:十五~前;~行:牆~行
跤	tɕiau1	
跨	kʰua5	
跩	vɛe3	~了腳板子啦
跪	kʰuɛe5	~下
路	lu5	
路	luor5	
跳	tʰiau2	1~踩:不~:行走跳動或踐踏
跳	tʰiau5	2
跥	tuə5	
踋	tɕyaʔ	3~色
踏	tʰaʔ	~實
踏	tɕiəʔ	~圪~:擠著向前,輕聲詞
踐	tɕiɛ5	
踞	tɕy1	1~傲
踞	tɕy5	2盤~
踡	tɕʰyɐr2	
踢	tʰiər1	
踢	tʰiəʔ	
踩	tsʰɛe3	1~踏
踩	tsʰɛe5	2用腳踏著攆
踮	tiɛ5	
踰	y1	
踱	tu5	1
踱	tuə5	2
蹂	zeu2	
蹄	tʰi2	
蹄	tʰiər2	
蹅	tsa1	腳~兩支船
蹈	tau3	1重~覆轍
蹈	tau5	2赴湯~火
蹉	tsʰa1	1平~:明著欺負人
蹉	tsʰuə1	2~跎
蹋	tʰəʔ	~拉
蹙	tsʰu1	1眉頭圪~
蹙	tsʰuəʔ	2圪~:不展、不平,輕聲詞;~屎蛋;~~兒:後一個~兒化後讀兒化變調輕聲
蹡	tɕiɔ5	~嘴
蹤	tsuə̃1	
蹦	pər3	
蹦	pə̃5	~跳;~出去啦
蹩	piɛ1	1這~子:罵人話
蹩	piɛ3	1步~:步行
蹩	piər2	
蹩	piɛ2	蠍~蜉:螞蟻
蹩	piɛ5	蹦跳著疾跑
蹬	tə̃5	2~住點兒
蹭	tsʰə̃1	1磨~;輕聲詞
蹭	tsʰə̃5	2圪~
蹭	tsʰər3	
蹲	tuə̃1	
蹲	tsʰuəʔ	~
蹲	tuə̃1	重重往下放
蹴	tsʰu1	1一~而就
蹴	tɕieu1	2圪~;蹲~~而就
蹵	lə̃1	1不~:“蹦”的分音詞;撲~:折騰、努力
蹵	lə̃2	2
蹶	tɕya1	1~啋~啋的:形容人走路腳邁得又高又快的樣子
蹶	tɕyɐr1	1
蹶	tɕyɛ3	1~曲
蹶	tɕyɐr3	1
蹶	tɕʰyɛ2	2~曲
蹶	tɕya3	2□~□~的:形容人走路腳邁得又高又快的樣子
蹶	tɕyɛ1	3~噪~噪的:走路腳邁得又高又快狀
蹶	tɕyɛ3	4蹶~子;□~□~的:形容人走路腳邁得又高又快的樣子
蹶	tɕyaʔ	5一~不振
蹶	tɕyəʔ	跑百米~著啦
蹺	tɕʰiau1	
躁	tsau5	
躁	sau5	
躉	tuə̃3	~發
躍	iau5	
躖	tuæ5	追、趕
躡	niaʔ	
躥	tsʰuæ5	
躪	liə̃5	
身	sər0	
身	sə̃1	
身	sər1	
躬	kuə̃1	
躱	tuə3	
躺	tʰɔ3	
車	tsʰər0	
車	tɕy1	1~馬炮
車	tsʰɤ1	2馬~;牛牛~
車	tsʰɤ3	3~零件兒;~□
軋	ia5	1~道機;~豆腐乾兒
軋	tsaʔ	2~鋼
軌	kuei1	
軍	tɕyər0	
軍	tɕyə̃1	
軍	tɕyər1	
軒	ɕyɛ2	
軟	zuæ3	
軟	zuɐr3	
軲	kuəʔ	2~轆:滾動、轉動;~轆子:車輪
軸	tseu2	1
軸	tseu5	2不靈活,如:車子的
軹	tsər5	
軻	kʰuə1	
軾	səʔ	
較	tɕiau5	
較	tiau1	搶~
輅	kʰæ3	車子在凹凸不平的地方動不了啦
載	tsɛe3	三年五~;~重:滿~而歸
輊	tsɿ5	車子前部重
輒	tsaʔ	
輔	fu3	
輕	tɕʰiər1	
輕	tɕʰiə̃1	~重;年~
輛	liɔ3	1量詞
輛	liɔ5	2動詞:~車;~牲口
輜	tsɿ1	~重
輝	xuei3	
輟	tsʰuə5	~學
輥	xuə̃1	1~鈍
輥	xuə̃5	2~鈍
輦	niɛ2	1~車
輦	niɛ3	2
輩	pei5	
輩	pər5	
輪	luə̃2	1~車~
輪	luər2	1
輪	lyə̃2	2~流
輪	lyər2	2
輯	tɕiəʔ	
輸	su1	1~運~;~血
輸	su5	2~液;~血;~卵管兒
輾	tsʰæ3	撒嬌或得寸進尺狀
轂	ku3	1輪~子
轂	kuəʔ	2
轄	ɕiaʔ	
轅	yɛ2	
轆	lu1	1車軲~子
轆	luor1	1
轆	lu5	2一~井;後一個~讀輕聲
轉	tsuæ3	1~身;~送;門~子
轉	tsuɐr3	1
轉	tsuæ5	2~圈兒
轉	tsuɐr5	2
轍	tsɤ2	車~
轎	tɕiau5	
轟	xuə̃1	
辛	ɕiə̃1	
辜	ku1	
辟	piəʔ	1舊,復~
辟	pʰiəʔ	2開~
辣	la5	
辦	pæ5	
辦	piɛ5	爆裂、崩裂
辦	pæ1	腿~:兩腿的中間
辨	piɛ5	
辭	tsʰɿ2	修~
辮	piɐr0	
辮	piɐr5	
辯	piɛ5	
辰	tsʰə̃2	
辱	zu3	
農	nə̃2	1
迂	y2	
迅	ɕiə̃3	1~速;~雷不及掩耳
迅	ɕiə̃5	2魯~;~雷不及掩耳
迅	ɕyə̃3	3~猛;~雷不及掩耳
迅	ɕyə̃5	4舊,魯~;~雷不及掩耳
迎	iə̃2	
近	tɕiər5	
近	tɕiə̃5	勁~
迓	ia2	
返	fæ1	1往回~哇
返	fæ3	2~發
迥	tɕyə̃3	~然不同
迫	pʰaʔ	1壓~;輕聲詞
迫	pʰiaʔ	2舊:~擊炮;~鼎鼎的:因屋內溫度低而帶來得很涼的感覺
迫	pʰiaʔ0	3壓~:作動詞後綴的讀音
迭	tiɛ2	1忙不~
述	su5	
迷	mi2	
迹	tɕiəʔ	
追	tsuei1	
迾	laʔ	
退	tʰuei5	1倒~
退	tʰuə̃5	2往後~
送	suə̃5	
逃	tʰau2	
逆	niəʔ	~順;~~
逍	ɕiau1	
透	tʰeu5	~明;~屁:性交
逐	tsuəʔ	
途	tʰu2	
途	tʰuor2	
逗	teu5	
這	tsɿ5	1~個
這	tsəʔ	2看~
通	tʰuər0	
通	tʰuər1	
通	tʰuə̃1	1
通	tʰuər2	
通	tʰuəʔ	2“白~~的”等“A~~的”式形容詞詞綴“~~的”中前一個“~”的促化音
逛	kɔ1	1~~:到處亂竄游,後一個~讀輕聲
逛	kɔ5	2
逛	kɔr5	
逝	sɿ5	
逞	tsʰə̃3	~能;~強
速	suəʔ	
造	tsau5	1制~
造	tsʰau5	2舊
逢	fə̃1	1喜相~;划拳時二人出拳相同的情形;某情狀相同的情形;惹人高興的話或事
逢	fə̃2	2~到:遇到、遇上
連	liɛ2	
連	liɐr2	
逮	tɛe3	~住
進	pə̃5	1~個火星子
進	piə̃5	2~發;~裂
進	tɕiə̃5	徑2田~
逵	kʰuei1	
逸	i5	
逼	piəʔ	
逾	y1	
遁	tuə̃5	
遂	suei2	
遇	y5	
運	yə̃5	
遍	piɛ5	一~~;~地
過	kuə1	1~啦:超~了
過	kuə5	2~去
過	kuor5	2
過	kuə0	3句子後加成分“的~”中的讀音
遐	ɕia2	
遑	xɔ2	~兒:一種面食,~須兒化
道	tau3	1~德;~古:講故事;~軟:告饒服輸;人~
道	taur0	2
道	tau5	2~路
道	taur5	2
道	tau0	3詞綴“溜~的”中的讀音
達	taʔ	1
達	taʔ0	2詞綴“~蛋的、~夸的”中的讀音;動詞後綴:“數詞+達+數”或“量詞+達+數”式數詞中的讀音,如:千~數、升~數、分~數、里~數、畝~數
違	vei1	
違	tsɔ1	超出:走得~出去啦
遥	iau2	
遛	lieu1	1~達
遛	lieu5	2~腿
遜	suə̃1	1
遜	ɕyə̃5	2~色;謙~
遞	ti5	
遠	yɐr1	
遠	yɛ3	
遠	yɐr3	
遢	tʰər1	1
遢	tʰər3	2
遢	tʰaʔ	
遣	tɕʰiɛ1	
適	sɿ0	1微~:稍微
適	səʔ	2
遭	tsaur0	
遭	tsau1	
遮	tsɤ1	1~住
遮	tsɤ3	2~大面兒:顧全大局;圪~
遲	tsʰɿ2	
遵	tsuə̃1	
遷	tɕʰiɛ1	
選	ɕyɛ3	
遺	i2	1
遺	vei5	2
遼	liau2	
遼	liaur2	
遽	tɕy5	
避	pi5	
邀	iau1	
邁	mɛe5	
還	xæ2	1~要哩,副詞
還	nau2	
還	xuæ2	2~原
還	xuæ3	3村名“下牛~”中的變音
邇	ər3	
邊	piɐr0	
邊	piɛ1	
邊	piɐr1	
邋	laʔ	
邏	luə2	
邑	i5	
那	na1	1~能行
那	naʔ	3
那	nəʔ	4~面兒
邦	pɔ1	
邪	ɕiɛ2	
邵	sau2	
邵	saur2	
邸	ti2	1姓
邸	ti3	2府~
郁	y5	
郊	tɕiau1	
郎	lɔ1	1搖貨~子的:貨~
郎	lɔr1	1
郎	lɔ2	2~中
郝	xa3	1~家寨,村名
郝	xaʔ	2姓
郡	tɕyə̃5	
部	pu5	
部	por5	
郭	kuaʔ	1姓
郭	kuəʔ	2姓
郵	ieu2	
都	tu1	首~;~是
鄉	ɕiɔ1	1
鄉	ɕiɔ3	2村~
鄙	pi3	
鄧	tə̃5	
鄭	tsə̃5	
鄰	liə̃2	
酉	ieu3	
酊	tiə̃1	1~劑
酊	tiə̃5	2~癤子
酋	tɕʰieu2	
酌	tsaʔ	1斟~
酌	tsuaʔ	2斟~
配	pʰɛe5	
酒	tɕiaur0	
酒	tɕieu3	
酒	tɕiaur3	
酣	xæ2	~睡
酥	su1	
酪	lau5	1奶~
酪	kaʔ	2油~:榨油時磨成糊狀的胡麻
酪	luaʔ	3
酬	tsʰeu2	
酵	ɕiau5	1發~
酵	tɕiaʔ	2~子
酷	kʰuəʔ	
酸	suæ1	
酸	suɐr1	
醃	iɛ1	
醃	naʔ	3~腌
醅	pʰaʔ	菜齏白~啦
醇	tsʰuə̃2	1
醇	tsʰuəʔ	2“黃~~的”等“A~~的”式形容詞詞綴“~~的”中前一個“~”的促化音
醉	tsuei5	
醋	tsʰu5	
醋	tsʰu5	平推拳頭打
醒	ɕiər0	
醒	ɕiə̃3	
醒	ɕiər3	
醜	tsʰaur3	
醢	xɛe5	1糊糊~啦:糊糊因遇鹽變得沒有黏性
醫	i1	
醬	tɕiɔ5	
醭	pʰaʔ	菜齏也白~啦
醮	tɕʰiau1	再~子貨:再婚的女人
醯	xəʔ	2“清~~的”等“A~~的”式形容詞詞綴“~~的”中前一個“~”的促化音
醱	fæ5	1~麵;~饃饃
醱	pʰaʔ	2~茶;~了碗糖水
釀	ɕiɔ1	
釀	zɔ3	1舊,醞~
釀	niɔ3	2~酒
釁	ɕiə̃3	挑~
釅	iɛ5	
釆	tsʰɛe0	2動詞後綴;非疊字詞綴“溜不~的、不溜~的”中的讀音
釆	mi5	~進去:一點點地往裡伸
采	tsʰɛe3	1
釉	ieu5	
釋	səʔ	
里	li3	1~程;一~
里	liəʔ0	2家~;院~;詞綴“~巴嘰的”中的讀音
重	tsuə̃5	1輕~
重	tsʰə̃2	
重	tsʰuə̃2	2~複
野	iɛ3	1~地
野	yɛ3	2~地
量	liɔ2	1~穀子:買穀子;~體溫
量	liɔ5	2數~;~杯;~體溫
釐	liər2	
金	tɕiə̃1	
釘	tiər0	
釘	tiər1	
釘	tiə̃1	1~子
釘	tiə̃5	2~釘子
釘	tiəʔ	3“瓷~~的”等“A~~的”式形容詞詞綴“~~的”中前一個“~”的促化音
釜	fu3	
針	tsə̃1	
針	tsər1	
釧	tsʰuæ1	
釵	tsʰa1	1~子
釵	tsʰɛe1	2
鈍	tuə̃5	
鈍	tə̃5	
鈔	tsʰau5	~票:冥幣
鈞	tɕyə̃1	
鈣	kɛe5	
鈴	liə̃2	
鈴	liər2	
鉗	tɕʰiɛ2	
鉚	mau3	
鉛	tɕʰiɛ1	1
鉛	iɛ0	2倭~;鋅
鉢	pər0	
鉢	pər5	
鉤	keu1	
鉤	tiau1	
鉤	kaur1	
鉦	tsə̃5	2~~惛惛的:呆愣不知所措狀
鉦	tsə̃1	長~;~求;特~
銀	iə̃2	1
銀	iə̃5	2村名“~牛溝”中的變音
銃	tsʰuə̃3	1炮~兒:須兒化
銃	tsʰuə̃5	2~子:圓錐狀鐵齒子
銃	tsʰuər3	
銅	tʰuə̃2	
銖	tsu1	
銘	miə̃2	
銚	tiaur0	
銚	tiaur5	
銚	tiau5	砂~子
銜	ɕiɛ2	
銬	kʰau5	
鋭	zuei3	
銷	ɕiau1	
銹	ɕieu5	
銼	tsʰuə5	
銼	tsʰuor5	
鋁	ly3	
鋒	fər0	
鋒	fə̃2	
鋒	fər2	
鋤	tsʰu2	1
鋤	tsʰuəʔ0	2嚔~子
鋪	pʰu1	1~炕
鋪	pʰor0	2
鋪	pʰu5	2鈑~
鋪	pʰor5	2
鋪	tsɔ5	
鋸	tɕyər0	
鋸	tɕy5	
鋼	kɔ1	1~鐵
鋼	kɔ5	2~一~刀:磨一下刀,後一個~讀輕聲
錄	luəʔ	
錐	tsuər0	
錐	tsuei1	
錘	tsʰuər0	
錘	tsʰuei2	
錘	tsʰuər2	
錚	tsəʔ	2“利~~的”等“A~~的”式形容詞詞綴“~~的”中前一個“~”的促化音
錛	pər1	
錛	pə̃1	~子;~骸:較為高凸的前額
錠	tiɛ5	1金~
錠	tiə̃5	2金~
錠	tiɛ5	
錢	tɕʰiɛ2	1拑~
錢	tɕʰiɐr2	
錢	tɕʰiɛ3	2榆~兒,~兒屬兒化變調
錢	tɕʰiɐr3	
錦	tɕiə̃3	
錨	mau2	1拋~
錨	miau2	2舊
錫	tɕʰiəʔ	1閻~山
錫	ɕiəʔ	2
錮	ku5	1~禁
錯	tsʰuor0	
錯	tsʰuə1	1~不多;~過去啦
錯	tsʰuə5	2~雜
錯	tsʰuaʔ	3失~;不是有意地造成錯誤
錯	tsʰuor5	
錳	mə̃3	代詞詞尾
鍁	tɕʰiɐr1	
鍋	kuor0	
鍋	kuə1	
鍋	kuor1	
鍍	tu5	
鍘	tsa1	1~草機
鍘	tsa2	2~刀
鍘	tsa3	3開~
鍛	tuæ5	
鍥	tɕʰi5	~而不捨
鍮	tʰeu2	~衣裳:揉洗完衣服後沖涮乾淨;~梨:木匠製作耕犁
鍾	tsuə̃1	~愛
鎖	suə3	
鎖	suor3	
鎖	xɔ2	~子
鎬	kau3	
鎬	kʰau5	
鎮	tsə̃5	
鏇	pər5	
鏈	liɛ5	
鏈	liɐr5	
鏗	tsə̃1	1
鏗	kʰə̃3	刁難封~
鏝	mɐr5	
鏟	tsʰɐr0	
鏟	tsʰæ3	
鏡	tɕiə̃5	
鏡	tɕiər5	
鏢	piau1	
鏤	leu3	
鏵	xuɐr2	
鏵	xua2	犁~;門~子:門閂
鏹	tɕiɔ1	1~真~
鐐	liaur5	
鐐	liau5	腳~子
鐘	tsuə̃1	~表
鐙	tə̃1	1鞍~
鐙	tə̃5	2馬高~短
鐧	tɕiɛ3	
鐩	tɕyɛ3	刀刃~啦
鐮	liɛ2	
鐲	tsuə2	
鐲	tsuor2	
鐳	lɛe5	塊~:麵食名
鐵	tʰiaʔ	
鐸	tuaʔ	
鐺	tɔ1	1鈴~兒;~~的:前一個~讀陰平,後一個讀變調上聲
鐺	tsʰə̃1	1餅~子
鐺	tɔr1	1
鑄	tsu5	1~鐵;~造
鑄	tau5	2~鐘;~鍋;~耳環子
鑊	xuaʔ	1拿刀~開
鑊	xuəʔ0	2灶~
鑒	tɕiɛ1	1~定;借~
鑒	tɕiɛ5	2引以為~;前車之~
鑔	tsʰa5	
鑔	tsʰɐr5	
鑰	iau5	~匙
鑷	niɛ5	1~子
鑷	niaʔ	2~子
鑼	luə2	
鑼	luor2	
鑽	tsuɐr0	
鑽	tsuæ1	1~空子
鑽	tsuæ5	2~子;~眼兒
鑽	tsuɐr5	
鑿	tsaur0	1
鑿	tsau2	1~子
鑿	tsaur2	1
鑿	tsuaʔ	2舊,確~
钁	tɕyaʔ	~子
鏇	ɕyɛ5	~山藥
長	tsɔ3	1~生
長	tsʰɔr1	2
長	tsʰɔ2	2~短
長	tsʰəʔ	3“大~~的”一詞中前一個“~”的變異讀音
門	mər0	
門	mə̃2	
門	mər2	
閂	suæ1	
閃	sæ3	
閉	pi5	
開	kʰɛe1	
閏	zuə̃5	
閑	ɕiɛ2	
閒	ɕiər2	
間	tɕiɐr0	1
間	tɕiɛ1	1~隔;空~;輕聲詞;中~;輕聲詞;~行
間	tɕiɛ5	2~斷;~或;~苗;~~
間	tɕiəʔ0	3陽~
閕	ia2	~門兒
閘	tsa3	~門
閣	ka5	1~下
閣	kæ0	2風~樓兒:恆山後背西端的一座閣子
閣	kaʔ	3~樓;樓~;~子
閥	fa2	1門~
閥	fa3	2~門兒;學~;安全~
閨	kuei1	1大家~秀
閨	kʰuei1	2深~
閩	miə̃3	
閬	lɔr0	1
閬	lɔ1	1空殼~子
閬	lɔr3	1
閬	lɔ3	2黑~子:巷子;~子:方形器具,用來過濾土石或糧食;~粗:粗心大意
閬	lɔr5	2
閬	lɔ5	3殼~子:框子
閲	yaʔ	
閻	iɛ2	
闊	kʰuə5	1~氣
闊	kʰuaʔ	2寬~
闋	tɕʰyaʔ	舊
闕	tɕʰyaʔ	舊,膽~
闖	tsʰɔ3	
關	kuɐr0	
關	kuæ1	
阜	pu3	1曲~
阜	fu3	2曲~
阜	fu5	3~平:河北省一地名
阡	tɕʰiɛ1	
阮	zuæ3	
阱	tɕiə̃3	
防	fɔ2	
阻	tsu3	
阿	a1	1~飛;剛正不~
阿	a2	2~諛奉承
阿	nuə1	3~斗
阿	nuə2	4~膠
陀	tʰuə2	
附	fu5	
陋	leu5	
陌	mo2	1~生
陌	maʔ	2阡~
降	tɕiɔ5	1下~
降	ɕiɔ2	2投~
限	tɕiɛ5	
限	ɕiɛ5	~制
陛	pi5	
陝	sæ3	
陡	teu3	
院	yɛ5	
院	yɐr5	
陣	tsər0	
陣	tsə̃5	
陣	tsər5	
除	tsʰuor2	
除	tsʰu2	~轉;~泥
陪	pʰɛe2	
陰	iər1	
陰	iə̃1	1
陰	iəʔ	2“涼~~的”等“A~~的”式形容詞詞綴“~~的”中前一個“~”的促化音
陳	tsʰə̃2	
陳	tsʰər2	
陵	lə̃2	1~磴
陵	liə̃2	
陵	lə̃5	2~睜眼:大睜眼
陵	lə̃5	3撲~:折騰、努力
陶	tʰau2	
陷	ɕiɛ5	
陷	xæ5	陷於稀泥中;~泥:用來粘接土坯、磚瓦的較稀的泥
陸	lieu5	1~個
陸	luəʔ	2~地
陽	iɔ2	1~光
陽	iɔ5	2村名“南~莊”中的變音
隆	luə̃1	1~~:象聲,後一個~讀輕聲
隆	luə̃2	2~重
隊	tuei5	
隋	suei2	
隍	xɔ2	
階	tɕiɛ1	1~級
階	tɕiɛ3	2台~
階	tɕiɐr3	
隔	kaʔ	1~離
隔	kaʔ	1~扇
隔	tɕiaʔ	2~壁兒;~著:積食或血脈不通
隔	kaʔ	
隘	nɛe3	狹~
隙	ɕiəʔ	
際	tɕi5	
障	tsɔ1	保~;~磚
隧	suei2	1~道
隧	suei5	2~道
隨	suei2	
險	ɕiɛ1	1~會兒~;前一個~讀本調上聲,入詞後讀變調陰平,後一個~讀又音陰平
險	ɕiɛ3	
隱	iə̃3	
隴	luə̃3	
隸	li5	
隻	tsər5	2
雀	tɕʰiaur0	1
雀	tɕʰiau3	1鴉~無聲
雀	tɕʰiaur3	1
雀	tɕʰiaʔ	2~斑
雁	tsuər1	
雁	iɛ5	
雁	tsuei1	一堆~~;墳圪~
雄	ɕyə̃1	
雄	ɕyər1	
雅	iɐr1	
雅	ia2	1~致
雅	iɐr2	
雅	ia3	2文~
集	tɕi2	1趕~
集	tɕiəʔ	2~體
雇	ku5	
雌	tsʰɿ2	1~蕊
雌	tsʰɿ3	2信口~黃
雍	yə̃2	1~容
雍	yə̃3	2~正
雕	tiau1	
雖	suei1	
雙	sɔr1	
雙	sɔ1	1~~霜傷
雙	sɔ5	2~生子
雛	tsʰu2	
雛	tsʰuor2	
雜	tsa2	
雜	tsɐr2	
雞	tɕiər1	
雞	tɕi1	1
離	li2	1~別
離	liər2	
離	li5	2~不了
難	næ2	1~易
難	næ5	2患~
雨	y3	
雨	yər3	
雪	ɕyaʔ	
雲	yər0	
雲	yə̃2	1~彩
雲	yər2	
雲	iəʔ	2村名“凌~口”中的變音
零	liə̃2	1
零	lyə̃2	2~碎兒
零	liəʔ	3“孤~~的”等“A~~的”式形容詞詞綴“~~的”中前一個“~”的促化音
雹	pau5	
電	tiɛ5	
需	ɕy2	1供~
需	ɕy3	2~求
霄	ɕiau1	
震	tsə̃1	1~著骨頭啦
震	tsə̃3	2抗~救災;~著骨頭啦
震	tsə̃5	3~耳欲聾;~懾:通過語言等使對方受到震懾
黴	mei2	
霍	xuəʔ	
霞	ɕia2	
霧	vu5	1~住啦:做惡夢醒不過來
霧	vəʔ	2“緊~~的”等“A~~的”式形容詞詞綴“~~的”中前一個“~”的促化音
霧	vor5	
露	leu5	2~出來
露	lu5	
霸	pa5	
霹	pʰiəʔ	
靄	nɛe3	暮~
靈	liər0	
靈	liər2	
靈	liəʔ	2“水~~的”等“A~~的”式形容詞詞綴“~~的”中前一個“~”的促化音
青	tɕʰiər1	
青	tɕʰiə̃1	1
青	tɕʰiə̃5	2~衣:傳統戲曲中的旦角之一,~屬變異讀音
靖	tɕiə̃5	
靜	tɕiər0	
靜	tɕiə̃5	
非	fei1	1是~
非	faʔ0	2莫~
靠	kʰau5	
靡	mi2	
面	miɐr0	
面	miər0	
面	məʔ0	2這~下;那~下;北~下;西~下;上~下
面	miər3	
面	miəʔ0	3這~下;那~下;北~下;西~下;上~下
面	miɐr5	
面	miər5	
靨	iɛ5	1
靨	iaʔ	2飽腸~肚
靨	tɕyaʔ	脾氣~
革	kaʔ	
靴	ɕyɛ1	豬~子:豬嘴
靶	pa3	
鞅	iɔ1	1單字音
鞅	iɔ2	2~歌
鞅	iɔ5	2脖~:牛拉車時架在脖子上的器具
鞋	ɕiɛ2	
鞋	ɕiɐr2	
鞍	næ1	
鞏	kuə̃3	~固
鞘	sau0	1鞭打~
鞘	tɕʰiau5	2刀~
鞠	tɕyəʔ	
鞧	tɕʰieu1	坐~
鞭	piɐr0	
鞭	piɛ1	
鞭	piɐr1	
鞲	pei5	風匣~杆
韁	tɕiɔ1	
韃	taʔ	2~子;北~子
韃	ta2	長毛兒~子:頭髮很長的人
韌	zəʔ	2“新~~的”等“A~~的”式形容詞詞綴“~~的”中前一個“~”的促化音
韓	xæ2	
韭	tɕieu3	
音	iə̃1	
音	iər1	
韶	sau2	
韻	yə̃5	
響	ɕiɔ3	
頁	iɛ5	
頁	iɐr5	
頂	tiə̃1	1走咗個~頭碰;風~著啦;圪~;~嗆
頂	tiə̃3	2~子
頂	tiəʔ	3“頂~頂兒”一詞中的變異讀音
頂	tiəʔ0	4“頂~頂兒”一詞中的變異讀音
頃	tɕʰiə̃3	
項	ɕiɔ5	
項	ɕiɔr5	
順	suə̃5	
順	suər5	
須	ɕy2	
須	ɕyəʔ0	2龍~掃榻
頌	suə̃5	
預	y5	1~先;~備
預	iəʔ	2~備起:體操或做其他事情時表示開始的口令
頑	væ2	~皮;~固;糕真~:糕黏性大
頒	pæ1	
頓	nau2	
頓	tuə̃5	
頓	tuər5	
頗	po1	1
頗	pʰo1	2
頤	i5	1~和園;~養天年
頤	y5	2~和園
頦	kʰər5	1
頭	tʰeu2	1~大
頭	tʰaur2	1
頭	tʰeu3	2木~
頭	tʰeu5	3指~
頭	tʰaur5	3
頭	tʰeu0	4作詞尾時的讀音,如:吃~、喝~、說~、做~
頭	tʰaur0	4
頷	xæ2	~首
頸	tɕiə̃1	脖~
頻	pʰiə̃2	
顆	kʰuor0	
顆	kʰuə1	1一~
顆	kʰuə3	2~子;~粒
顆	kʰuor3	
題	tʰi2	
題	tʰiər2	
額	kʰaʔ	1單字音
額	kʰaʔ0	2下~子:下巴兒
額	naʔ	
顔	iɛ2	
願	yɛ5	
顛	tiɛ1	
顛	tiɐr1	
顛	tiɐr3	
類	lɛe5	
顧	kuor0	
顧	ku5	
顫	tsæ5	1打~
顫	tsʰæ5	3~抖;忽~忽~的:~讀本調去聲
顫	tsʰəʔ	4“新~~的”等“A~~的”式形容詞詞綴“~~的”中前一個“~”的促化音
顯	ɕiɛ3	
顱	lu2	1~內出血
顱	lu3	2頭~
顴	tɕʰyɛ2	
風	fə̃1	
風	fər1	
風	fə̃5	
颶	tɕy5	
颼	seu1	1
颼	səʔ	2“冷~~的”等“A~~的”式形容詞詞綴“~~的”中前一個“~”的促化音
飄	pʰiau1	1
飄	pʰiəʔ	2“輕~~的”等“A~~的”式形容詞詞綴“~~的”中前一個“~”的促化音
飛	fei1	~機;為採光使屋簷上翹另加的一層屋簷
食	sɿ2	1豬~
食	səʔ	2~物
食	tsɔ5	
飢	tɕi1	
飥	tʰuə2	餄~兒:一種麵食
飩	tʰuor2	
飩	tuə̃5	餛~
飭	tsʰɿ5	1~上土啦;整~
飭	səʔ	2整~
飯	fæ5	
飯	tsɔ5	
飯	fɐr5	
飲	iə̃3	1~食;~料
飲	iə̃5	2~料;~牛
飴	i2	
飼	sɿ1	1~養
飼	sɿ5	2~料
飽	paur1	
飽	pau3	
飽	paur3	
飾	səʔ	
飿	tsʰuor1	
餃	tɕiaur3	
餃	tɕyər5	
餃	tɕiau3	~子
餄	xuə2	1~餎:一種圓條狀麵食
餄	xuəʔ0	2壓~烙床子:壓~烙的專用工具
餅	piər0	
餅	piə̃3	
餅	piər3	
餉	sɔ3	1舊,軍~
餉	ɕiɔ3	2軍~
養	iɔ3	
餌	ər3	
餐	tsʰæ1	
餑	po2	~麵
餒	næ1	~疙瘩~:反胃、心煩
餒	nɛe3	氣~
餓	vo5	1
餓	nuə5	2舊
餓	vəʔ	3~撈鷂:一種本地常見的鷹
餔	paʔ	~飪兒:麵食名
餘	y2	
餡	ɕiɛ5	
餡	ɕiɐr5	
館	kuæ3	
館	kuɐr3	
餳	ɕiə̃2	1用甜菜熬出的糖液
餳	ɕiə̃5	2~麵:和麵時使硬麵加熱變軟
餾	lieu2	1~蒸~水
餾	lieu5	2~飯
餿	seu5	
饃	mor0	
饃	mo1	~~
饉	kəʔ	
饒	nau2	
饒	zau2	2~恕:副詞,例如:~來了吃了,走頓還再拿上
饒	zau5	3~舌
饞	tsʰæ2	
饢	nɔ2	1
餷	tsʰa1	疙~食
首	seu3	
香	ɕiɔr0	
香	ɕiɔ1	
馥	faʔ	3~麵
馨	tɕʰiə̃5	1~香
馨	ɕiə̃3	2~香;溫~
馬	ma3	1
馬	ma0	2詞綴“~爬的”中的讀音
馬	mɐr3	
馮	fə̃2	
馮	fər2	
馮	maʔ	~奔子:快跑
馱	tuə5	1~子
馱	tʰuə2	2~東西
馳	tsʰə̃5	
馴	ɕyə̃5	
駁	paʔ	
駐	tsu5	
駑	nu2	
駒	tɕyər0	
駒	tɕyər1	
駒	tɕy1	1
駒	tɕy5	2~兒~兒~兒~兒:喚馬驢騾的聲音,~須兒化,兒化後第一個~讀又音去聲,其餘3個讀輕聲
駒	tɕyər5	
駕	tɕia1	1吆喝牲畜前進的聲音
駕	tɕia5	2
駙	fu5	
駛	sɿ3	
駝	tʰuə2	
駟	sɿ5	
駢	pʰiɛ5	
駭	xɛe5	1驚~
駭	xəʔ	2~人聽聞
駱	luə5	
駿	tɕyə̃5	
騁	tsʰə̃5	
騍	kʰuə5	~馬
騎	tɕʰi2	
騙	pʰiɛ3	1誇耀,顯擺、炫耀、賣弄
騙	pʰiɛ5	
騰	tʰə̃1	1沸~~;湯~醃菜;~~一下,象聲;往熱~~:後一個~讀輕聲
騰	tʰə̃2	2~地方
騰	tʰə̃3	3~一下,象聲;□~你一圪嘟:打你一拳
騰	tʰə̃5	4~啦:倒塌了;蓋物~啦:被子裏絮的棉花抖亂了;山上的石頭~啦:動詞後綴(位於重讀的入聲後時):折~
騰	tʰə̃0	5動詞後綴(位於舒聲或輕讀的入聲後時):打~、鬧~;單用於四字格形容詞中:灰~而虎、紫不愣~;少數“A騰”式動詞的重疊式“AA騰騰的”式形容詞後邊的重疊部分的讀音
騰	tʰəʔ	6“粗~~的”等“A~~的”式形容詞詞綴“~~的”中前一個“~”的促化音
騸	sæ5	
騾	luə2	
驀	mu5	
驃	piau1	
驅	tɕʰy1	
驕	tɕiau1	
驗	iɛ5	
驚	tɕiə̃1	
驟	tseu5	
驢	ly2	
驢	lyər2	
骨	ku3	1鼻梁~子
骨	ku0	2脆~;牙岔~;圪膝~蓋子
骨	kəʔ	3~頭
骨	kuor1	4
骨	kuəʔ	4筋~;跌了個~碌子:跌倒在地
骨	kəʔ	
骯	nɔ1	~臟
骱	tɕiɛ5	捩起~子來啦
骱	xeu2	舊時一種用雞梭骨、制錢或大扣子、五色線綁制而成的女孩遊戲“跳房”用的道具,今演變為用布縫制的內裝玉米或其他東西拳頭大小的正方形布袋
骼	kaʔ0	1骨~
骼	luaʔ0	2骨~
髓	suei2	
體	tʰi3	~貼;~型
高	kaur1	
高	kau1	1
高	kau3	2~興
髦	mɔr2	
髮	fa3	2理~;披肩~
髮	fəʔ0	5頭~
髻	tsuɐr3	
髽	tsua1	1~髽兒夫妻
髽	tsua3	2~兒,~須兒化
鬃	tsuə̃1	~豬~;馬~
鬆	suər1	
鬆	suər2	
鬈	tɕʰyɐr2	
鬈	tɕʰyɛ2	頭髮圪~啦
鬏	tɕieu1	1
鬏	tɕieu5	2天脖~兒:舊時稱梳於頭部兩側的角狀髮辮,~須兒化
鬏	tɕiaur5	
鬢	piə̃1	1~角
鬢	piə̃5	2~間;兩~
鬥	teu5	2~爭
鬧	nau5	
鬼	kuər0	
鬼	kuər1	
鬼	kuər2	
鬼	kuei3	
鬼	kuər3	
魁	kʰuei1	
魂	xuə̃2	
魂	xuər2	
魄	pʰaʔ	1魂~;氣~:輕聲詞
魄	pʰiaʔ0	2氣~
魍	vɔ3	
魏	vei5	
魔	mo2	
魘	iɛ5	1夢~
魘	iaʔ0	2睡~
魚	y2	
魚	yər2	
魯	lu3	
鮑	pau1	1姓~
鮑	pau5	2~魚
鮮	ɕiɛ1	1~色;~艷
鮮	ɕiɛ3	2鮮~;~見;朝~
鮮	ɕiɛ5	3~薑
鮮	ɕiəʔ	4“真~~的”等“A~~的”式形容詞詞綴“~~的”中前一個“~”的促化音
鯉	li3	
鯨	tɕiə̃1	
鯽	tɕi1	1~瓜子:~魚
鯽	tɕiəʔ	2~魚
鰓	sɛe1	
鰥	kuæ3	~夫
鰭	tɕʰi2	
鰾	piau5	
鱉	pi2	1拉~兒:按汽車喇叭
鱉	piaʔ	2白3~
鱉	piaʔ	2~腳
鱉	piəʔ	2~~:汽車喇叭或汽車喇叭聲,前一個~讀入聲,後一個讀陽平
鱔	sæ5	
鱗	liə̃2	
鳥	niaur0	
鳥	niau3	
鳥	niaur3	
鳩	tɕieu1	
鳳	fər0	
鳳	fər5	
鳴	miə̃2	
鴉	ia1	1~片;~雀無聲
鴉	iɐr1	1
鴉	iaʔ	2塗~;烏~:輕聲詞
鴛	yɛ1	~鴦
鴝	kʰaʔ	2~子
鴣	ku3	1臭喪不浪~子:一種較大的鳥類
鴣	ku5	2牛家~子、牛家~兒:一種類似麻雀但頭上長有毛角的鳥,屬鳳角百靈的一種;~兒英兒:蒲公英
鴦	iɔr0	
鴨	iaʔ	
鴻	xuə̃2	
鴿	kɐr0	1
鴿	kər0	1
鴿	kər5	1
鴿	kaʔ	1~子
鵏	pu3	鳥名,天鵝地~
鵝	nuə2	
鵪	næ1	
鵲	tɕʰiaur5	1
鵲	tɕʰiaʔ	2~橋
鵲	tɕʰiau5	喜~子
鶉	tsʰuə̃2	2
鶖	niə̃2	向上直飛:鴿子一氣兒當~起來啦;向前直追、追趕:一氣兒當~上去啦
鶯	iə̃2	
鶴	xaʔ	
鷂	iau5	~高~兒鞋:須兒化
鷓	tɕʰiɛ1	叫雞子~啦
鷞	pɔ0	1~子
鷹	iə̃1	
鷺	lu5	1~水
鸚	iə̃1	
鸞	læ2	
鹵	lu3	1~子
鹹	ɕiɐr1	
鹹	ɕiɛ2	1~菜
鹹	ɕiɐr2	
鹼	tɕiɛ3	
鹽	iɛ2	
鹿	lu5	
麒	tɕʰi2	
麗	li5	
麝	sɤ5	
麟	liə̃2	
麥	mɛe5	1~子
麥	miaʔ	2舊,~子
麩	fu1	麥~子
麵	miɛ5	1吃~
麵	miɐr5	
麻	ma1	1~衣相:即相術中的麻衣相法
麻	ma2	2~住:將鴿子翅膀上的翎用針線縫住使之飛不高
麽	ma3	1什~
麽	ma0	2再~、要~
麽	mo3	3哪~兒:哪麼的幽默說法,~須兒化
麽	məʔ0	4要~你去哇;再~;僕~;哪~:不吃~
麾	xuei3	
黃	xɔr1	
黃	xɔ2	
黃	xɔr2	
黍	tsa5	1糝疙~
黍	su3	~子
黎	li2	
黏	niɛ2	
黑	xər5	
黑	xəʔ	~白:詞頭,如:~拉子:涎水布、圍身圍巾
默	maʔ	1~認
默	miəʔ	2~認;~~無語
默	i5	
點	tiɐr0	1
點	tiɛ1	1丟~;~子些子;把張紙還撕撅得~兒~兒的;前一個~讀陰平的變調去聲,後一個讀又音陰平;這錳~兒:不大~兒
點	tiɐr1	1
點	tiɐr0	2
點	tiɛ3	2小數~兒;黑~兒
點	tiɐr3	2
點	tiɛ0	3作動詞後綴的讀音
點	tiəʔ	4“不大~點兒”一詞中的變異讀音
黢	tɕʰyər5	
黨	tɔ3	
黲	tɕʰyəʔ	黑~~兒的:天很黑,後一個~兒化後讀兒化變調去聲
鼎	tiə̃3	
鼓	ku3	
鼓	kuor3	
鼠	su3	
鼬	iau5	~黃~子
鼻	pi2	
鼾	xæ5	打~睡
齁	xeu1	~子:氣管炎病人
齉	nɔ5	~鼻子:一種鼻病,說話不清
齊	tɕʰiər1	
齊	tɕʰi1	1用於諺語“穿人衣,不整~”一句中
齊	tɕʰi2	
齊	tɕʰiər2	
齋	tsɛe3	1吃~
齒	tsʰɿ3	
齕	tsʰuaʔ0	醒~
齡	liə̃2	
齵	tsʰa1	跟腿上~了一口;平~:明著欺辱或指辦事容易
龍	lu2	1村名“獨~”中的變音
龍	luər0	2
龍	luə̃2	2~虎
龍	luər2	2
龍	lyə̃2	3迎~
龍	lyər2	3
龐	pʰɔ2	
龐	pʰɔr2	
龕	kʰɐr3	
龕	kʰæ3	~兒
龜	kuei1	
噅	tsu2	吃~啦:暢快地吃喝;到飯店~了一頓
𡱖	tuər0	
𡱖	tuər5	
𥱊	tsʰua1	笤笤圪~子:快用完的小笤帚;尿圪~子:三兩個月大的嬰兒
𩜲	xɔr2	
嗹	pʰɔr1	1
嗹	pʰɔr3	2
