#漢字	音標	解釋
㐁	tʰɑm3	
㐁	tʰem3	
㐄	qʰwa2	
㐄	qʰwa3	
㐆	ʔˠɨj1	
㐆	ʔˠɨn2	
㐭	lˠim2	
㐱	tɕin2	
㐲	dɑj3	
㐸	kˠʰəm3	
㑁	ʈˠwit4	
㑃	ʔaw3	
㑉	sʲɨwk4	
㑗	ɕin1	
㑙	tep4	
㑛	sɨwk4	
㑛	ɕuk4	
㑜	jej3	
㑜	ʈˠʰej3	
㑞	jɨŋ3	
㑟	paŋ2	
㑥	jie3	
㑦	lej3	
㑮	ʁwən1	
㑮	ɴwən1	
㑳	tʂu1	
㑳	dʐɨw3	
㑳	ɳap4	
㑵	dzʲit4	
㑻	mat4	
㑿	dʐaw2	
㑿	dʐaw3	新
㒄	ɲen2	
㒄	ɕen2	
㒅	qʰej2	
㒇	ɱu2	
㒈	χam3	
㒊	ʂip4	
㒋	sʲie1	
㒌	ɡʲwaŋ1	
㒓	tʰɑt4	
㒔	dɨwk4	
㒔	dʑuk4	
㒚	ʔwən2	
㒚	ʔˠɨn3	
㒝	ɱət4	
㒝	met4	
㒟	new2	
㒠	ʁaj3	
㒥	fʰɨwŋ1	
㒰	dzʲwen1	
㒳	lˠɑŋ2	
㒴	qwət4	
㒸	zʲwi3	
㒹	ten1	
㒼	mɑn1	
㒽	kˠʰwen1	
㒾	jie3	
㒾	ɕie3	
㓃	tu3	
㓃	ʈa3	
㓄	ʈˠim3	
㓊	dɨwŋ3	
㓖	pʲit4	
㓚	qɨwŋ1	
㓝	ʁeŋ1	
㓞	qʰat4	
㓠	tem2	
㓢	lɑk4	
㓣	qʰap4	
㓤	qʰat4	
㓱	dɨw1	
㓳	tej1	
㓷	ŋˠej3	
㓹	tsʲʰwej3	
㓺	kˠən1	
㓻	qɑŋ1	
㓼	tʂʰit4	
㓽	dʐɨwŋ1	
㓽	dʐɨwŋ3	
㔄	sʲuk4	
㔆	dzɑm2	
㔆	dzɑm3	新
㔊	tɕen2	
㔋	qam1	
㔋	ʁam2	
㔋	lɑm3	
㔋	qam3	
㔋	ʁam3	新
㔌	dzɨw1	
㔌	dzɨw3	
㔍	tʂʰwat4	
㔍	tʂʰwet4	
㔎	ŋˠit4	
㔎	sʲet4	
㔏	lek4	
㔒	ʁwej1	
㔓	kˠən2	
㔗	vuj3	
㔙	paŋ1	
㔝	lˠɑŋ2	
㔞	qʰwaj1	
㔠	χat4	
㔡	pet4	
㔢	tsʲwet4	
㔣	lwəj1	
㔣	lwəj3	
㔥	baj2	
㔥	baj3	新
㔩	ʔɑp4	
㔪	lu2	
㔮	nɑ1	
㔯	zʲwen1	
㔴	jɨk4	
㔶	qɑm2	
㔶	qɨwŋ3	
㔸	tʰej1	
㔹	lɨk4	
㔻	pˠʰi1	
㕀	jɨw1	
㕆	tu2	
㕆	ʁu2	
㕆	ʁu3	新
㕇	lɑp4	
㕈	ʔˠɨj2	
㕈	ʔəj2	
㕈	ʔwəj3	
㕊	fʰu1	
㕋	ɡˠim1	
㕎	qʰɑp4	
㕒	ŋˠwie1	
㕗	jɨw2	
㕙	tsʲʰwin1	
㕙	tsʲwin3	
㕚	tʂaw2	
㕛	ɰɨw2	
㕞	ʂwet4	
㕟	qʰwaj3	
㕡	χɑk4	
㕢	ʁaj3	
㕢	qəj3	
㕣	jwen2	
㕦	ʁwa3	
㕧	xˠi3	
㕬	tɕuŋ1	
㕭	ʔaw1	
㕮	fu2	
㕮	vu2	
㕮	vu3	新
㕯	nwət4	
㕯	ɳwat4	
㕯	ɲwet4	
㕰	χawk4	
㖃	ʁɨw2	
㖃	χɨw2	
㖃	χɨw3	
㖃	ʁɨw3	新
㖅	sʲwit4	
㖏	net4	
㖑	χaj3	
㖒	dej1	
㖘	tɕin1	
㖟	dʑɨw3	
㖥	ɡˠwin2	
㖥	ɡˠwin3	新
㖩	tsʲu1	
㖪	χwak4	
㖷	dʑie1	
㗁	ɴɑk4	
㗉	lˠɑk4	
㗊	tʂip4	
㗔	kˠʰen1	
㗕	qɨw1	
㗗	pˠie2	
㗘	pɑk4	
㗙	ɳap4	
㗚	lˠit4	
㗛	sʲew3	
㗢	ʁuŋ1	
㗢	dɨwŋ3	
㗢	ʁuŋ3	
㗤	tsʲɨwk4	
㗦	lɑw1	
㗧	ʈˠit4	
㗧	tet4	
㗨	χaj1	
㗩	sʲip4	
㗫	tsʰet4	
㗬	ʈʰa1	
㗱	tsʲip4	
㗲	ʁwak4	
㗴	ɴan1	
㗵	xˠut4	
㗻	qwɑ1	
㗻	ʁwɑ1	
㗼	ŋˠəp4	
㗾	xˠwɑ1	
㗿	χɑ2	
㗿	χa2	
㗿	χa3	
㘀	tsɑk4	
㘀	tswɑk4	
㘁	jak4	
㘆	tʰəj2	
㘈	ŋˠi3	
㘈	ŋˠɨk4	
㘉	tʂit4	
㘋	ʁen2	
㘋	ʁen1	
㘋	ʁen3	新
㘌	ɡˠak4	
㘓	lɑn1	
㘙	ŋˠak4	
㘝	ɳˠip4	
㘝	ɳap4	
㘠	pˠɨk4	
㘣	χwen1	
㘣	zʲwen1	
㘥	jɨw1	
㘨	nep4	
㘰	tɕim1	
㘱	tʰɑm1	
㘲	kˠɨwk4	
㘻	ʔʲin1	
㘿	net4	
㙀	lˠɨw3	
㙁	mɨwk4	
㙃	paŋ1	
㙄	bej2	
㙄	bej3	新
㙇	ʈˠʰuk4	
㙊	ɖˠɑŋ1	
㙏	fʰɨwk4	
㙙	lˠuŋ2	
㙠	ʔej1	
㙠	ʔej3	
㙤	χa3	
㙨	ɡˠɨj1	
㙩	lew1	
㙩	lˠew3	
㙪	ʔˠi3	
㙪	ʔej3	
㙱	ʁɑw3	
㙴	tɕʰem3	
㙷	ɖˠip4	
㙷	ɖˠep4	
㙻	ɖˠen1	
㚀	xˠie1	
㚁	kˠʰew3	
㚂	nɑŋ3	
㚃	ʔˠun1	
㚅	lˠɨwŋ1	
㚇	tsɨwŋ1	
㚇	tsɨwŋ3	
㚊	qʰəj1	
㚋	tew1	
㚍	qʰwəj2	
㚒	ɕem2	
㚒	ɕak4	
㚔	ɳˠep4	
㚖	qɑw2	
㚖	tɕʰak4	
㚗	dzʲa1	
㚘	bɑn2	
㚘	bɑn3	新
㚛	χej3	
㚛	χet4	
㚜	ɰwɨk4	
㚠	χew1	
㚠	kʲʰew1	
㚢	nu1	
㚤	jɨk4	
㚫	sɑp4	
㚲	tɕʰem1	
㚲	tɕʰep4	
㚷	ɳaj2	
㛁	pʰaŋ1	
㛂	ɴwɑ2	
㛂	nwɑ2	
㛄	ʔˠɨj1	
㛅	ɲi3	
㛊	twɑ3	
㛍	xˠem2	
㛍	qʰep4	
㛍	χep4	
㛐	sɑw2	
㛑	tsʰɑn3	
㛒	dɨw3	
㛗	swɑ1	
㛗	tsʰwɑ1	
㛘	pʰət4	
㛥	tʰɑp4	
㛧	mɑm2	
㛪	ʔˠəm3	
㛮	sɑw2	
㛱	ʔwəj2	
㛳	tɕej3	
㛳	jej3	
㛴	nɑw2	
㛶	tʰɑn3	
㛹	bʲen1	
㛼	tʂʰap4	
㜅	xˠɨwk4	
㜇	ʔʲwie3	
㜊	ʈˠen2	
㜌	qʰɨw3	
㜎	ʁej1	
㜓	tɑp4	
㜗	tsʰɑm1	
㜗	tsʰɑm2	
㜗	tsʰɑp4	
㜘	tsʲa1	
㜝	ɴɑm2	
㜝	ʁɑm2	
㜝	ʁɑm3	新
㜢	lˠu2	
㜣	ɲen1	
㜣	ɕen2	
㜣	nen3	
㜤	ɕim2	
㜤	nem2	
㜪	ʂin1	
㜮	lɑm3	
㜰	jɑk4	
㜰	ɕɑk4	
㜲	jaŋ1	
㜳	ʁwaj1	
㜵	new2	
㜷	mʲie1	
㜸	ŋˠet4	
㜺	tsɑn3	
㜺	dzɑn3	
㜽	tsʲi2	
㝂	tɕej3	
㝃	ɱən2	
㝃	mˠen2	
㝅	nɨw2	
㝅	qɨw3	
㝈	ʂwan3	
㝈	ʂwen3	
㝌	jɨw2	
㝌	kˠɨw3	
㝏	qaj3	
㝐	juŋ1	
㝖	ŋˠie1	
㝗	lɑŋ1	
㝗	lɑŋ2	
㝞	ʔa1	
㝢	ɰu2	
㝣	ʔej3	
㝣	ʔet4	
㝤	qɨw3	
㝩	qʰɑŋ1	
㝩	qʰɑŋ2	
㝪	tem3	
㝪	tep4	
㝯	ɡˠew1	
㝰	men1	
㝱	mɨwŋ3	
㝸	bˠen3	
㝻	ɡˠin3	
㝼	ʔˠu1	
㝾	tsɑ2	
㝾	tsɑ3	
㝿	pɑ2	
㞁	jew3	
㞂	tʰwəj2	
㞄	ʔɑm1	
㞄	ʔɑm2	
㞆	kˠie2	
㞆	kˠʰie3	
㞇	ʔwəj2	
㞋	ɳˠen2	
㞋	ɲwen2	
㞏	ɖˠip4	
㞒	χaj3	
㞓	kʲʰi3	
㞙	new3	
㞚	tʂʰip4	
㞚	tʂap4	
㞚	ʂap4	
㞛	kˠi2	
㞜	tʰwəj1	
㞟	teŋ2	
㞟	den3	
㞡	ʈˠen2	
㞢	tɕi1	
㞣	vun1	
㞣	fʰun1	
㞥	dʐim1	
㞦	kˠi2	
㞷	ɡˠwɑŋ1	
㞽	xˠwət4	
㟅	lɨwŋ1	
㟅	ɴɨwŋ1	
㟅	ɴawŋ1	
㟉	lɑw1	
㟋	dwɑj3	
㟌	mawŋ1	
㟍	lɑŋ1	
㟎	tʰwəj2	
㟎	tʰwɑ2	
㟏	χɑm1	
㟐	mɑŋ2	
㟐	mɑŋ3	
㟛	dzɑm2	
㟛	dzɑm3	新
㟞	dʐan2	
㟞	dʐan3	新
㟳	lˠit4	
㟸	qɑw1	
㟽	pʲew2	
㟾	juŋ1	
㠆	tɑn1	
㠇	dzʲɨw3	
㠊	kˠʰɨ1	
㠍	tsʲip4	
㠑	dzʲwi2	
㠑	dzwəj2	
㠑	dzʲwi3	新
㠑	dzwəj3	新
㠒	pʲew1	
㠔	paj3	
㠖	ŋˠie2	
㠛	ʔwak4	
㠠	lˠɨ1	
㠢	ʁwaj1	
㠥	lˠwi1	
㠦	fʰɨwŋ1	
㠭	ʈˠen2	
㠯	ji2	
㠴	ɲit4	
㠵	χwɑŋ1	
㠷	qɑp4	
㠸	fu1	
㠹	qaj3	
㠺	mʲew1	
㠽	duŋ1	
㠾	ʔˠwən1	
㠿	tsʲie1	
㡀	bʲej3	
㡁	qʰwa2	
㡅	nɑ2	
㡆	χwɑŋ1	
㡇	tem1	
㡇	ʈˠep4	
㡇	tʰep4	
㡉	qen1	
㡊	qʰap4	
㡋	ʔˠəp4	
㡏	ʂu1	
㡏	ʂu3	
㡑	tsʲʰew1	
㡑	tsew2	
㡒	ɖˠwin1	
㡒	ʈˠwin1	
㡒	dwən2	
㡒	dwən3	新
㡓	qwən1	
㡔	mu1	
㡔	ɱu3	
㡔	mɨwk4	
㡗	dej1	
㡗	χej1	
㡘	lˠem1	
㡙	pej1	
㡜	ʂej3	
㡜	sʲet4	
㡜	sʲwet4	
㡝	vuŋ3	
㡟	tsɑw1	
㡟	tsʰɑw1	
㡥	ʔˠɨn3	
㡧	ʈaŋ3	
㡨	tsʲʰem1	
㡨	tsʲem1	
㡯	ɖak4	
㡲	ʁwan1	
㡷	pən2	
㡹	tsʲʰie3	
㡺	tɑn3	
㡼	ji3	
㡿	tɕʰak4	
㢀	tsʲʰie3	
㢁	tɕʰie2	
㢂	ŋˠəm2	
㢅	lɨwŋ3	
㢈	dwəj1	
㢊	ʔaj2	
㢋	tɕʰie2	
㢏	dɨw1	
㢒	dʐa1	
㢓	tɕɑŋ3	
㢔	tsɨwŋ2	
㢖	pʰɑn1	
㢗	kˠʰew3	
㢚	lu1	
㢚	lu2	
㢝	su1	
㢟	ʈˠʰen1	
㢟	ʈˠʰen2	
㢡	tsʲɑŋ2	
㢥	dɨwŋ3	
㢨	ʁɑn3	
㢰	bˠie3	
㢵	xˠəp4	
㢸	bˠit4	
㢻	ɳˠwie3	
㢼	pet4	
㢾	qwen3	
㣁	bˠi3	
㣂	ɴak4	
㣅	dzɑm2	
㣅	dzɑm3	新
㣇	ji3	
㣇	dej3	
㣈	sʲi3	
㣌	ʂam3	
㣎	mɨwk4	
㣑	juŋ1	
㣙	dek4	
㣝	sʲɨwŋ1	
㣟	xʲit4	
㣤	dzʲen2	
㣤	dzʲen3	新
㣫	tɕuŋ2	
㣭	tsɨwŋ1	
㣱	dʐak4	
㣶	ʈan1	
㣻	ŋˠəj3	
㣿	tew2	
㣿	tɕɑk4	
㣿	tek4	
㤄	pʰɑj3	
㤄	fʰəj3	
㤄	fʰət4	
㤄	pɑt4	
㤅	ʔəj3	
㤆	fʰən3	
㤇	ʔɑw2	
㤉	qʰa1	
㤊	ʁaw1	
㤊	ʁaw3	
㤍	qʰaw1	
㤎	qɑ1	
㤏	duŋ1	
㤒	qɑw1	
㤕	ʈˠʰwit4	
㤕	ʈˠwit4	
㤝	tɕʰɨwŋ1	
㤞	dɑk4	
㤠	lˠet4	
㤥	ʁəj3	
㤨	kˠuŋ2	
㤩	qʰɑk4	
㤮	kˠwɑŋ3	
㤮	ɰwɑŋ3	
㤱	fʰɨw2	
㤱	fʰɨw3	
㤲	qʰep4	
㤴	tɕʰep4	
㤴	ʈˠʰep4	
㤸	χek4	
㤻	lwən2	
㤾	sɑm3	
㤿	ʔʲem1	
㤿	ʔˠəm3	
㥂	tʰɨk4	
㥄	lˠɨŋ1	
㥆	tʰwəj3	
㥆	tʰwət4	
㥈	dep4	
㥊	baŋ1	
㥋	ʔˠɨj1	
㥋	ʔˠɨj2	
㥌	kˠɨwk4	
㥏	tʰen2	
㥒	tsʰəj2	
㥓	kˠʰie1	
㥓	kˠʰie2	
㥚	ju1	
㥚	ju2	
㥛	kˠɨk4	
㥜	ɰuj3	
㥝	mʲie2	
㥟	ʁaj1	
㥠	sʲɨ1	
㥠	sʲɨ2	
㥢	dzʲɨw1	
㥦	qʰep4	
㥨	dʑwie2	
㥨	dʑwie3	新
㥯	ʔˠɨn2	
㥯	ʔˠɨn3	
㥴	jie1	
㥴	jie2	
㥶	sɨk4	
㥽	tʂʰak4	
㥾	ɳˠit4	
㥾	ɳˠɨk4	
㦁	lˠen1	
㦃	ʂan2	
㦃	tʂʰan2	
㦃	tʂʰwan2	
㦄	ma1	
㦅	det4	
㦌	χwət4	
㦎	χwak4	
㦒	lej1	
㦓	ʁen2	
㦓	ʁen3	新
㦗	kˠim1	
㦚	pʲen2	
㦚	bʲen2	
㦚	bʲen3	新
㦛	jɨ1	
㦛	jɨ2	
㦜	ʁwɑk4	
㦝	mawk4	
㦟	maj1	
㦣	tsʲej3	
㦣	ɰwej3	
㦣	ŋʲej3	
㦦	χek4	
㦬	lɑ2	
㦰	tsʲem1	
㦴	qak4	
㦵	ʈˠu1	
㦺	ɲuk4	
㦼	ʂawŋ3	
㦿	qʰam2	
㧀	ɡˠip4	
㧁	kˠʰɨ3	
㧁	qɑp4	
㧁	qʰɑp4	
㧁	ʁɑp4	
㧄	kˠʰəm2	
㧆	kˠɨn3	
㧉	qəj3	
㧊	pʰɑt4	
㧒	ɰwit4	
㧒	ɰut4	
㧓	qwa1	
㧔	qwaj3	
㧖	ʔak4	
㧗	tsʲie2	
㧗	tʂie2	
㧗	tsej2	
㧘	dʐaj1	
㧘	ɡˠie3	
㧘	dzʲie3	
㧡	ʁəj2	
㧡	ʁəj3	新
㧢	ʔʲin1	
㧦	χwen3	
㧬	kˠuŋ2	
㧲	sɑm2	
㧳	qat4	
㧴	ɴɑ2	
㧶	qʰaŋ1	
㧹	tʰɨk4	
㧺	dɑp4	
㧻	ʈawk4	
㧾	qʰwət4	
㨁	ɖˠi3	
㨁	dʑɨk4	
㨅	ɳˠwie3	
㨋	tɕʰa2	
㨍	pɑŋ1	
㨎	ɲwet4	
㨏	tʰɑn1	
㨐	pɨw2	
㨒	qʰwej1	
㨖	ʈˠie2	
㨖	ʈˠi2	
㨖	ʈˠi3	
㨙	ʁaj1	
㨙	ʁej3	
㨝	set4	
㨞	su3	
㨟	qəj1	
㨟	ʁəj1	
㨠	men2	
㨡	ʁwən1	
㨡	ʁwət4	
㨤	qʰwaj1	
㨥	nɑp4	
㨨	ʈˠʰɨw1	
㨵	tsʲen2	
㨶	tɑw2	
㨷	ɡˠin1	
㨷	kˠɨn3	
㨹	tsʲwej3	
㨹	sʲwet4	
㨻	dzɑm1	
㨻	ʂam2	
㨾	jɑŋ3	
㩇	χwak4	
㩇	ʁwak4	
㩉	lɑp4	
㩉	tɑp4	
㩊	sʲwen1	
㩋	sew1	
㩋	sew2	
㩋	sew3	
㩋	ʂɨwk4	
㩋	sʲɨwk4	
㩒	ɡˠim1	
㩓	xˠwie2	
㩢	mej3	
㩢	mat4	
㩢	met4	
㩤	fʰu1	
㩧	bawk4	
㩧	pʰawk4	
㩨	ʁwej3	
㩩	kʲʰwaŋ2	
㩱	tsʲɑk4	
㩳	sʲuŋ2	
㩵	dzɑt4	
㩵	ɴɑt4	
㩹	dep4	
㩻	kˠʰie1	
㩻	kˠwie3	
㩼	tɕie1	
㩼	tɕie3	
㩽	ɡˠie1	
㩾	ʈˠwie1	
㩿	qʰwət4	
㪁	ɡˠim1	
㪁	qʰɑm1	
㪁	kˠʰəm1	
㪁	kˠʰəm3	
㪃	χɑ2	
㪆	tej2	
㪇	sen3	
㪋	χɑ2	
㪋	ʁɑn3	
㪌	sɨwŋ2	
㪍	bət4	
㪏	pej2	
㪏	pej3	
㪐	lwət4	
㪑	ʔˠep4	
㪑	ʔˠəp4	
㪒	ɴej1	
㪒	ɴej2	
㪖	lɨwk4	
㪖	lˠuk4	
㪜	tʂʰwie2	
㪜	tɕʰwen2	
㪜	twɑ2	
㪝	len3	
㪡	qʰɑj3	
㪢	ʂaw2	
㪤	pʲit4	
㪥	tʂa1	
㪩	sʲɨwk4	
㪬	ɖawk4	
㪬	ʈʰawk4	
㪭	lu1	
㪵	pɑn3	
㪷	tɨw2	
㪹	lɨw2	
㪺	kˠu1	
㪻	fʰən3	
㫂	tɕɨ3	
㫃	ʔˠən2	
㫃	ʔˠen2	
㫊	ʔɑ2	
㫍	jew1	
㫎	xˠuj1	
㫏	ʔew2	
㫐	ʔew1	
㫐	ʔew2	
㫘	mˠit4	
㫚	χwət4	
㫱	ɳan2	
㫹	ʂɨ3	
㫽	lˠuk4	
㬄	ʈʰan3	
㬉	nwɑn2	
㬊	ʁwɑn2	
㬊	ʁwɑn3	新
㬒	mɑŋ2	
㬓	pʲʰew3	
㬗	nen3	
㬜	tsʲin3	
㬝	sɨwŋ1	
㬤	kˠʰip4	
㬫	ʔen3	
㬮	ɳan1	
㬮	nɑn3	
㬱	tʰej3	
㬵	ʁaw1	
㬻	χwɑŋ2	
㭁	ɲɨŋ1	
㭁	ɲɨŋ3	
㭂	tsew2	
㭈	qwet4	
㭊	sek4	
㭋	bawŋ2	
㭋	bawŋ3	新
㭔	lu1	
㭔	lu2	
㭕	kˠʰɨ1	
㭘	ʁɑp4	
㭘	qɑp4	
㭘	ɡˠep4	
㭘	ɡˠəp4	
㭚	lˠɨ2	
㭛	pʰaj3	
㭜	ɲɨwŋ1	
㭝	ɡˠɨw1	
㭠	sen2	
㭩	lwɑt4	
㭩	lˠwet4	
㭫	dzwɑ1	
㭭	pat4	
㭭	pet4	
㭯	ʈˠep4	
㭰	tsʲwie1	
㭰	tsʲwie2	
㭸	du1	
㭺	ʔˠem2	
㭼	dɑp4	
㭼	tʰɑp4	
㭿	ɴɑŋ1	
㮁	ʁaw1	
㮂	kˠuk4	
㮃	ʔˠwie1	
㮅	tɕwi1	
㮇	tʰem3	
㮌	mʲen1	
㮍	tsen1	
㮐	sʲaŋ2	
㮕	ɲwen2	
㮖	qat4	
㮘	mɑw1	
㮙	ɴɑk4	
㮚	lˠit4	
㮝	ʁak4	
㮢	ʁɨw1	
㮤	zʲuŋ1	
㮥	bən2	
㮥	bən3	新
㮦	sɑk4	
㮧	ʔu1	
㮨	tsʲɨk4	
㮩	sʲɨk4	
㮫	ʁɑt4	
㮬	ʔɨwŋ1	
㮭	ʁam1	
㮯	ʁwən1	
㮯	ʁwən2	
㮯	ʁwən3	新
㮰	bʲi1	
㮲	tʂʰɨw1	
㮴	sɑw1	
㮶	ʂawk4	
㮷	qej1	
㮿	pʲit4	
㯁	bəj1	
㯂	tɑj3	
㯃	tsʲʰit4	
㯄	tɕie1	
㯅	bˠie1	
㯅	bʲie1	
㯅	pej1	
㯉	ʈˠʰɨ1	
㯊	ʁən1	
㯋	qweŋ2	
㯍	tsʲɑŋ2	
㯓	tʰɑp4	
㯔	tsʲʰwej3	
㯔	tʂʰwej3	
㯕	sej1	
㯙	ɖˠet4	
㯚	tɑp4	
㯛	ʁu1	
㯞	kʲwen3	
㯟	lɨwk4	
㯠	qʰen3	
㯡	baw1	
㯫	ɡˠɨ1	
㯬	lˠem2	
㯮	dʑuk4	
㯯	qɨwŋ3	
㯱	bʲew1	
㯱	pʰɑw1	
㯲	kˠim3	
㯸	tsʲin2	
㯺	χɑm2	
㯺	ʁam3	
㯻	qwən2	
㯿	jep4	
㯿	lˠep4	
㰁	lɑ2	
㰂	ɕim2	
㰈	lˠem2	
㰊	zʲem1	
㰋	bʲin1	
㰍	lɨwŋ1	
㰘	ji1	
㰚	lˠie1	
㰠	χɑŋ1	
㰢	qʰaŋ1	
㰣	tsʲie1	
㰣	tsʲie3	
㰤	χɑ2	
㰤	χɑ3	
㰤	qʰa3	
㰥	χej3	
㰦	kˠʰɑ1	
㰦	kˠʰɨ3	
㰨	χaj1	
㰪	qwej1	
㰪	ʔaj1	
㰬	sʲwin1	
㰭	xˠu1	
㰮	dʑin2	
㰮	dʑin3	新
㰯	tʰɨw3	
㰯	χɨw3	
㰰	χap4	
㰲	ʔˠɨwk4	
㰲	tɕuk4	
㰲	xˠwɨk4	
㰳	ʔa3	
㰴	pʰɨw3	
㰵	tsʲwit4	
㰶	bˠew2	
㰶	bˠew3	新
㰹	χam1	
㰻	ʔˠi2	
㰼	ʂep4	
㰽	ʔˠən3	
㰾	qew3	
㰾	qek4	
㱀	tʂʰwaj3	
㱂	qʰɑŋ1	
㱃	ʔˠim2	
㱄	χɨk4	
㱇	xˠɨk4	
㱇	ʂɨk4	
㱊	ʔˠɨw1	
㱍	lwɑn1	
㱎	qwən1	
㱒	χɑ1	
㱕	kˠuj1	
㱖	dzʲwi3	
㱙	xˠɨw2	
㱚	dzɑn1	
㱚	ɴwat4	
㱞	ŋˠip4	
㱟	pˠʰie1	
㱟	pˠʰie2	
㱠	qʰu1	
㱡	ʂɨŋ1	
㱡	ʂɨŋ2	
㱣	tʰwəj2	
㱤	sek4	
㱥	lˠɨŋ1	
㱥	lɨŋ3	
㱦	kˠʰie1	
㱦	kˠie1	
㱦	kˠie2	
㱬	ʔwəj2	
㱯	qəj1	
㱯	ɴəj1	
㱱	ʁwəj2	
㱱	ʁwəj3	新
㱲	ʔʲie3	
㱴	dzʲie3	
㱵	fun3	
㱸	bʲak4	
㱸	bek4	
㱻	lwɑj3	
㱻	lwɑ3	
㱽	ɡˠim1	
㱽	ʈˠim2	
㱾	qʰəj1	
㱿	qʰawk4	
㲀	tɕin1	
㲀	dʐin1	
㲄	qʰɨwk4	
㲅	qej3	
㲈	dʑew1	
㲉	qʰɨwk4	
㲉	qʰawk4	
㲋	ʈˠʰɑk4	
㲍	tɕie1	
㲏	pʰɑw1	
㲓	ɕu3	
㲔	sʲen1	
㲕	lwɑj3	
㲕	lˠwet4	
㲖	sew1	
㲗	fʰu1	
㲚	ʂa1	
㲝	mɑw3	
㲞	swət4	
㲟	ʔˠaŋ2	
㲡	nɑj3	
㲢	ben2	
㲢	ben3	新
㲥	dɑŋ1	
㲦	ʁɑn3	
㲪	tɨŋ1	
㲫	bɨwk4	
㲬	tsʲew1	
㲰	ɳaŋ1	
㲱	lˠep4	
㲳	ʈˠit4	
㲺	tsʲit4	
㲼	ŋˠəj3	
㲽	ɕɑŋ1	
㲽	nen3	
㳀	qwɑ3	
㳁	tʂɨk4	
㳂	jwen1	
㳄	zʲen1	
㳅	lˠɨw1	
㳐	dʐat4	
㳗	tʂʰaj3	
㳘	tɕʰɨwŋ1	
㳛	ju1	
㳛	jɨw1	
㳥	lɨwŋ3	
㳦	ʁaj3	
㳧	tɕʰep4	
㳨	tsɑt4	
㳬	zʲwen1	
㳬	zʲwen3	
㳶	nɨw2	
㳹	ʔwɑŋ2	
㳻	tsʰu3	
㳻	tʂak4	
㳻	ʂak4	
㴂	tʰɑm1	
㴄	ʔwaŋ2	
㴐	men3	
㴒	jak4	
㴥	tsʲʰew3	
㴦	kˠɨwŋ1	
㴧	sʲɨk4	
㴫	qwən3	
㴬	zʲa3	
㴯	tɕi1	
㴲	sʲie1	
㴴	ɖam2	
㴴	ɖam3	新
㴸	ɕem2	
㴽	set4	
㵂	ɕɨ3	
㵋	maj2	
㵋	mek4	
㵐	kˠʰwət4	
㵑	ʁɑ3	
㵒	vuj3	
㵗	bˠɨŋ1	
㵝	jej3	
㵞	dʐɨw1	
㵟	mˠi1	
㵟	ɱuj1	
㵣	qʰɑt4	
㵧	qɑt4	
㵨	pʲʰie3	
㵩	jej3	
㵫	ɳˠip4	
㵶	tsɑt4	
㵶	tset4	
㵶	tsʲak4	
㵺	pʰaj3	
㵻	xˠɨw1	
㵽	lwəj2	
㵾	tʂʰaŋ3	
㵾	dzʲaŋ3	
㵿	ʁew2	
㵿	ʁew3	新
㶀	qaw1	
㶁	qwak4	
㶄	jem1	
㶆	tɕɨ1	
㶇	ʁwaŋ1	
㶇	ʁwaŋ3	
㶌	lˠen1	
㶏	ʔˠɨn1	
㶏	ʔˠɨn2	
㶏	ʔˠɨn3	
㶒	tʰɑm3	
㶔	baj3	
㶕	qan2	
㶖	ɕɨwk4	
㶗	vən3	
㶘	dem2	
㶘	dem3	新
㶛	jɨ1	
㶟	lˠwi1	
㶟	lˠwi2	
㶣	dɑm1	
㶣	ɖˠem1	
㶧	nwən2	
㶳	dzʲin3	
㶴	tɕʰie2	
㶼	xˠi1	
㶼	ʔəj1	
㶿	bət4	
㷄	χwəj2	
㷄	qwɑn3	
㷅	tʂʰap4	
㷆	vɨw2	
㷆	vɨw3	新
㷇	qʰwəj1	
㷉	ʔˠuj3	
㷒	ŋˠu1	
㷟	tʰwəj1	
㷠	lˠin1	
㷤	χɨwk4	
㷭	fʰuŋ1	
㷮	tsɑw1	
㷰	lˠie1	
㷰	ʈˠʰie1	
㷳	ɴɑn3	
㷷	tsʲwie1	
㷹	ɖaw3	
㸅	tset4	
㸊	lɑj3	
㸎	ɳˠep4	
㸏	mˠie1	
㸒	jim1	
㸙	tɕa1	
㸚	lˠie2	
㸚	lej3	
㸛	dʑew1	
㸡	dʑu1	
㸢	bˠi3	
㸣	ŋˠəp4	
㸤	pʰen3	
㸪	ʑwin1	
㸪	zʲwin1	
㸬	pɑj3	
㸰	dwɑ1	
㸰	qʰwɑ1	
㸲	dzɑk4	
㸳	leŋ1	
㸶	ʔan1	
㸸	χɨw2	
㸸	ʔɨw2	
㸸	qʰɨw2	
㸹	lwɑt4	
㸹	lˠwet4	
㸼	fʰuŋ1	
㹁	lˠɑŋ1	
㹁	lˠɑŋ3	
㹂	ʁan2	
㹂	kʲʰen2	
㹂	ʁet4	
㹂	ʁan3	新
㹃	fuj3	
㹄	tsʲɨk4	
㹉	ŋˠwən1	
㹊	ɴawk4	
㹌	ʂan2	
㹍	dek4	
㹏	kˠɨn2	
㹒	pʰawk4	
㹔	kˠɑŋ1	
㹗	tɕʰɨw1	
㹗	tʰɑw1	
㹘	ɲu3	
㹛	ɲew1	
㹜	ŋˠɨn1	
㹞	ŋˠin1	
㹠	dwən1	
㹤	kˠʰəp4	
㹥	tɕu3	
㹧	ʔɑŋ1	
㹭	jej3	
㹮	mak4	
㹯	xˠɨw1	
㹱	tsʲʰuk4	
㹱	tsʲʰɑk4	
㹲	χaw1	
㹳	ɴu1	
㹶	deŋ1	
㹺	tʰɑp4	
㹼	kˠɨwk4	
㹽	tʂʰan2	
㹾	bˠew2	
㹾	bˠew3	新
㺁	nɑw2	
㺂	ɴam1	
㺇	sʲi1	
㺊	jɑŋ3	
㺌	ʁem2	
㺌	ʁam2	
㺌	ʁem3	新
㺌	ʁam3	新
㺎	juŋ1	
㺏	lˠu1	
㺑	ʂam1	
㺑	ʂam2	
㺒	ʁaw2	
㺒	ɳaw2	
㺒	ʁaw3	新
㺔	χɑj3	
㺕	vən1	
㺕	bˠen3	
㺖	χam2	
㺖	ʁɑm3	
㺖	tʂʰam3	
㺗	tɕʰen1	
㺛	tɕu3	
㺜	nuŋ1	
㺜	ɳaw1	
㺜	nɑw1	
㺝	ʁam2	
㺝	ʁam3	新
㺞	jɨ1	
㺟	ɖawk4	
㺣	xˠie1	
㺥	dʐam1	
㺧	xˠew1	
㺨	sʲi1	
㺪	pʰawk4	
㺴	pat4	
㺹	bˠen3	
㺿	ji1	
㻌	tʰu1	
㻍	ɴu1	
㻒	ɡˠwin2	
㻒	ɡˠwin3	新
㻝	lɑt4	
㻞	pˠin1	
㻫	pʲit4	
㻬	tʰu1	
㻯	tʰu1	
㻶	pˠit4	
㻷	kˠɨk4	
㻸	tʂim1	
㻾	ʔˠuŋ1	
㻿	dʑuk4	
㼉	ɖˠim3	
㼋	qu1	
㼋	ɲɨ2	
㼌	ju2	
㼎	bawk4	
㼏	nwəj2	
㼐	ben1	
㼑	len3	
㼒	tʰɑŋ2	
㼔	ʔwən1	
㼕	tɑŋ1	
㼗	deŋ1	
㼛	ʁeŋ1	
㼟	pak4	
㼠	dɑ1	
㼡	dʑu1	
㼢	ji1	
㼤	qʰet4	
㼦	kˠuŋ2	
㼧	dɨwŋ1	
㼪	tsep4	
㼬	ʁaŋ2	
㼬	ʁaŋ3	新
㼭	dem3	
㼮	tʂʰaj1	
㼯	tɨwŋ3	
㼰	bej1	
㼱	ɲu1	
㼱	ɲwen2	
㼱	tsʲwin3	
㼲	lˠep4	
㼲	lep4	
㼳	ʂaŋ2	
㼴	ɴɨw2	
㼵	dej2	
㼵	dej3	新
㼶	ju1	
㼸	juŋ1	
㼹	qʰawŋ1	
㼹	qʰɑŋ1	
㼺	dɑŋ1	
㼻	dzuŋ1	
㼻	dʐawŋ1	
㼽	tʂʰɑŋ2	
㼽	ʂɑŋ2	
㼾	lɨwk4	
㼿	dɨwŋ1	
㼿	tɕuŋ3	
㽀	ɖˠaŋ3	
㽁	lek4	
㽃	pʰɑn1	
㽄	sʲie1	
㽄	sej1	
㽅	tɨŋ1	
㽇	ʁɨwk4	
㽈	ŋˠi3	
㽉	ʁam3	
㽌	lˠɨw3	
㽎	xˠim1	
㽎	dɑm1	
㽐	χem1	
㽑	dɑm1	
㽘	qɑŋ2	
㽚	ʈˠʰɨk4	
㽤	kˠɨwk4	
㽥	ɲɨw1	
㽦	zʲwin1	
㽨	dzɑ1	
㽩	tsʰɑm3	
㽬	pˠʰɨk4	
㽰	ʂɨ1	
㽱	kˠɨw1	
㽱	kʲɨw1	
㽱	qaw2	
㽲	xˠɨw2	
㽳	xˠu1	
㽴	ɖˠɑŋ2	
㽴	ɖˠɑŋ3	新
㽵	tʂɑŋ1	
㽷	ɕwi3	
㽸	dʑim1	
㽹	fʰən3	
㽺	kˠip4	
㽺	χɑp4	
㽻	tɕie1	
㽽	qu3	
㽾	ɴwət4	
㽿	qwɑ1	
㽿	qʰwɑ1	
㾀	kˠʰəp4	
㾁	χwət4	
㾂	χəj1	
㾄	dɨwk4	
㾆	tɕʰem1	
㾆	ɲem1	
㾇	mɨwk4	
㾈	vu2	
㾈	vu3	新
㾉	leŋ1	
㾊	ʂak4	
㾋	xˠɨw1	
㾍	nəj1	
㾏	qaj3	
㾐	lˠej3	
㾑	tɑp4	
㾑	χɑp4	
㾑	ɴɑp4	
㾓	ʔwen1	
㾕	ʂin1	
㾕	swən2	
㾕	ʂim2	
㾖	lˠi1	
㾖	lˠi2	
㾙	xˠin2	
㾙	xˠɨn3	
㾛	tsʲʰim2	
㾜	qʰep4	
㾞	jɨw1	
㾢	ləj1	
㾢	ləj3	
㾤	qʰawŋ1	
㾦	pʰəj1	
㾧	qʰwɑ3	
㾨	ʔˠie1	
㾨	kˠʰie2	
㾩	qwaj1	
㾪	ʂaŋ2	
㾫	pʲʰen1	
㾭	tʂɨw3	
㾯	χwəj1	
㾰	ʁu1	
㾶	qwət4	
㾷	sʲie1	
㾷	sej1	
㾹	dʐaj1	
㾹	dʐaj3	
㾺	man3	
㾺	ʈʰan3	
㾺	ma3	
㾻	ɖˠɨ1	
㾻	ɖˠɨ3	
㾻	ʈˠʰɨ3	
㾾	χem1	
㿁	jew1	
㿃	ʈˠej3	
㿃	tɑj3	
㿄	ʔˠi1	
㿄	ʔaj3	
㿉	dwəj1	
㿊	tsʲʰen1	
㿋	sɑw3	
㿌	xˠəm1	
㿎	vun2	
㿎	vun3	
㿑	jɑk4	
㿒	tɑw2	
㿒	ɖˠɨw3	
㿓	qap4	
㿕	jem1	
㿖	lu1	
㿖	lu3	
㿙	pˠʰi3	
㿚	lɑ3	
㿛	lˠie3	
㿛	lej3	
㿟	qew2	
㿣	χɑt4	
㿥	ʁuk4	
㿥	ʁawk4	
㿩	tʰɑŋ2	
㿪	ʁwɑn1	
㿬	pa1	
㿭	ʈʰak4	
㿮	ʔˠaŋ1	
㿮	ʔˠɑŋ3	
㿯	tɑp4	
㿱	zʲwet4	
㿳	tʂi1	
㿴	tɑp4	
㿷	tʂʰwi3	
㿷	tsʰɑw3	
㿸	ɱən2	
㿸	ɱən3	
㿺	pawk4	
㿻	qɑn1	
㿼	ɴen1	
㿿	ɴa2	
䀀	fʰəm3	
䀁	ɰɨw2	
䀁	ɰɨw3	
䀂	ʔɑn1	
䀄	mɨwŋ1	
䀈	kˠʰi3	
䀈	kˠʰɨj3	
䀈	xˠɨj3	
䀉	ɡˠew1	
䀊	ʁaw2	
䀊	qaw2	
䀊	ʁaw3	新
䀏	ʁwen2	
䀏	ʁwen3	
䀐	ʂam1	
䀐	ʂam3	
䀓	ʁwɑn3	
䀕	ɖˠin2	
䀕	ɖˠin3	新
䀗	qwet4	
䀘	ʁwej1	
䀙	tsʰej3	
䀛	maj3	
䀛	mɑt4	
䀠	kˠu1	
䀠	kˠu3	
䀡	tem1	
䀡	ʈˠʰem3	
䀡	tem3	
䀢	ɕi1	
䀢	ɕim2	
䀢	ɕwin3	
䀣	pˠi3	
䀣	mat4	
䀨	χwat4	
䀩	lˠɑk4	
䀩	lɑk4	
䀫	qap4	
䀬	dzʲwen1	
䀬	tʂwen1	
䀮	χwɑŋ1	
䀮	mɑŋ1	
䀰	qɨwk4	
䀴	ɴeŋ2	
䀵	ɕi1	
䀶	lˠɑŋ3	
䀷	kˠəp4	
䀸	tɕej3	
䀸	ʈˠʰej3	
䀸	tɕet4	
䀹	tsʲep4	
䀼	ɲin3	
䀽	jen1	
䁁	lˠɑŋ3	
䁂	ʁan2	
䁂	ʁan3	新
䁅	maŋ2	
䁅	maŋ3	
䁆	ʔˠəp4	
䁇	mˠɨk4	
䁇	mɨk4	
䁈	tu2	
䁈	qʰej3	
䁊	ɳˠi3	
䁊	ʔwɑt4	
䁋	dep4	
䁋	χep4	
䁌	ɰut4	
䁍	qʰap4	
䁎	ɖaŋ1	
䁒	tsʲip4	
䁓	tsɨwŋ2	
䁓	tsɨwŋ3	
䁓	qaj3	
䁔	xˠwən1	
䁔	xˠwən2	
䁔	ʁwɑn2	
䁔	ʁwɑn3	新
䁘	jew2	
䁙	ʔan3	
䁛	kˠwi3	
䁜	χwɑŋ2	
䁝	jwaŋ1	
䁝	ʁweŋ1	
䁝	ʔwaŋ2	
䁢	zʲwen1	
䁤	xʲwi2	
䁤	xʲwi3	
䁦	tsʲʰɨ3	
䁨	χwɑk4	
䁩	ŋˠɨ1	
䁬	dzɨŋ1	
䁮	dzʲem1	
䁮	dzem3	
䁱	ʔɨw1	
䁱	qʰɨw1	
䁲	maj1	
䁳	mɑŋ2	
䁴	tɕen2	
䁴	ɕen2	
䁵	pˠen2	
䁷	ʔuk4	
䁷	qawk4	
䁸	ɳawŋ1	
䁺	ɕak4	
䁻	ɕɑk4	
䁽	lˠep4	
䁿	mɨk4	
䂃	tsʲew3	
䂄	xˠwɑk4	
䂇	ɳˠɨwk4	
䂈	duŋ1	
䂌	tɕʰuŋ1	
䂎	tswɑn2	
䂎	tswɑn3	
䂎	tsʰwɑn3	
䂏	tew1	
䂐	ʈˠwit4	
䂐	tɕwet4	
䂑	tsej1	
䂒	qʰat4	
䂕	xˠwəj3	
䂚	ʁaw1	
䂪	qʰew2	
䂫	ʁɨwŋ1	
䂬	ɡˠuŋ1	
䂬	kˠuŋ2	
䂭	qʰaw1	
䂮	lˠɑk4	
䂳	tsʰwɑ2	
䂳	tʂʰwa2	
䂸	qwak4	
䂹	kˠi2	
䂹	ʂak4	
䂻	ɖaŋ3	
䂽	dew2	
䂽	dew3	新
䂿	dɑp4	
䃀	tsʰwəj3	
䃁	ʔa1	
䃂	qwən2	
䃊	tsʲɨ2	
䃊	tsʲak4	
䃍	dwəj3	
䃒	ʁak4	
䃓	qɨw3	
䃔	ʁuŋ1	
䃔	ʁuŋ3	
䃕	lawk4	
䃖	ʔu2	
䃗	tʂʰawk4	
䃚	tsʰɨwk4	
䃛	lˠen1	
䃜	ʔej1	
䃞	dʑɨwk4	
䃤	sew2	
䃤	sʲɨwk4	
䃧	luŋ1	
䃩	ɳaw1	
䃫	tɑm2	
䃬	ɴwəj2	
䃭	qɑm2	
䃳	lˠep4	
䃴	tɕɨ1	
䃵	new2	
䃸	sem3	
䃺	mɑ3	
䃽	kˠwie2	
䃾	pʲi2	
䃾	bʲi3	
䃾	pʲi3	
䃿	fu1	
䄃	ʔˠɑŋ1	
䄆	ʁwɑt4	
䄆	qwat4	
䄈	dɨw3	
䄉	ɴɑ1	
䄌	ʈˠwej3	
䄍	dʐa3	
䄐	kˠʰwen3	
䄓	ʁwaŋ1	
䄘	baŋ1	
䄚	dzɑw1	
䄝	ʈʰawŋ1	
䄠	dʑen3	
䄤	lɑj3	
䄩	jɨk4	
䄪	tew2	
䄬	jie1	
䄮	fu1	
䄱	fɑŋ1	
䄲	ɲwie3	
䄶	bˠit4	
䄶	bət4	
䄷	dʑak4	
䄻	ɖaw1	
䄼	tʰem2	
䄿	jej3	
䅀	lˠej3	
䅀	lˠet4	
䅁	ʔɑn3	
䅂	ʁɑk4	
䅃	ɡˠuŋ1	
䅃	ɡˠuŋ2	
䅃	ɡˠuŋ3	新
䅊	ɖa1	
䅊	ʈa1	
䅊	ɖa3	
䅌	qwen1	
䅏	ɱuj2	
䅑	ɲwi1	
䅑	sʲwi1	
䅓	kˠu2	
䅗	sʲwie3	
䅘	ləj1	
䅚	kˠʰwən2	
䅜	dwɑ2	
䅜	dʑwie3	
䅜	dwɑ3	新
䅝	qʰɨwŋ1	
䅡	sʲu2	
䅢	tsʲɨw3	
䅣	ʁwɑŋ1	
䅥	qʰɑt4	
䅥	kˠet4	
䅧	ʔʲem1	
䅧	ʔˠim3	
䅩	tɕie2	
䅬	ʔaj3	
䅭	bɑŋ1	
䅲	ɡʲi1	
䅳	dʐu1	
䅵	quk4	
䅵	tɕɑk4	
䅷	du1	
䅹	lɨw2	
䅻	lˠie1	
䅼	man1	
䅾	ɡˠim1	
䅾	dʐim1	
䆀	məj2	
䆀	məj3	
䆁	qɑw1	
䆂	lˠem1	
䆃	dɑw2	
䆃	dɑw3	
䆄	tɕen2	
䆅	dzʲi1	
䆊	dzʲwi3	
䆍	lɨwŋ1	
䆎	sem3	
䆏	vuj2	
䆏	vuj3	
䆑	ɖaŋ1	
䆕	ʔwet4	
䆘	ʔap4	
䆚	dɨwŋ1	
䆝	χwet4	
䆞	ʔew2	
䆞	ʔew3	
䆟	qʰɑp4	
䆢	ʔwet4	
䆨	neŋ1	
䆱	tʰɑm1	
䆱	tʰɑm3	
䆵	ɖaŋ1	
䆷	χwet4	
䆸	ʈaŋ1	
䆽	ɡˠɨ1	
䆾	lɑm1	
䆾	lɑm3	
䇂	kˠʰen1	
䇎	tsʲʰɑk4	
䇏	twəj2	
䇐	lˠwi3	
䇐	lˠi3	
䇐	lˠip4	
䇑	ba2	
䇑	ba3	新
䇔	lwɑ3	
䇗	tɕuŋ1	
䇘	ʁu3	
䇜	kˠʰəm2	
䇞	qɑm1	
䇞	qɑm2	
䇦	ʔɑŋ2	
䇨	qɨwŋ3	
䇩	jej3	
䇫	kˠi1	
䇬	tɕʰu1	
䇮	ɲim2	
䇯	ɲuŋ1	
䇷	pˠet4	
䇸	ɖˠaŋ1	
䇹	kˠun1	
䇽	tɕej3	
䇾	ŋˠən1	
䈀	sɑn1	
䈀	sɑn3	
䈁	lˠwin1	
䈂	beŋ1	
䈃	tɕew2	
䈄	ʁɑm1	
䈇	ʈaw3	
䈈	vuj1	
䈉	tsʲep4	
䈉	ʂap4	
䈋	tʰɑp4	
䈎	jep4	
䈎	ʈˠʰep4	
䈏	bawk4	
䈐	qwəj3	
䈑	qwa2	
䈒	nɑm2	
䈓	qɑt4	
䈕	dʑie1	
䈖	qʰwɑ1	
䈗	swɑ2	
䈙	ɖˠɨw2	
䈙	ɖˠɨw3	新
䈚	dəj1	
䈚	sʲi2	
䈚	dəj2	
䈚	dəj3	新
䈛	qʰwəj1	
䈛	qʰwaj3	
䈛	qwaj3	
䈜	tsʲʰim3	
䈝	sʲɨ1	
䈠	ʁwɑn2	
䈠	ʁwɑn3	新
䈥	kˠɨn1	
䈪	χek4	
䈮	kˠu3	
䈰	ʂaw1	
䈱	tʰɑw1	
䈲	bɑn1	
䈲	pɑn1	
䈳	dɑp4	
䈵	ʔɨwŋ1	
䈵	ʔɨwŋ2	
䈶	juŋ1	
䈸	ʁɨwk4	
䈺	tɕɨwŋ1	
䈻	bu1	
䈿	mek4	
䉁	leŋ1	
䉂	lˠwie2	
䉃	tsʲɑŋ2	
䉈	sɑn2	
䉈	sɑt4	
䉉	ʁu1	
䉉	qu1	
䉋	mˠi3	
䉌	zʲwi3	
䉎	dɑŋ1	
䉑	ɱu1	
䉑	mu1	
䉔	tsʰɑn1	
䉙	ɰun1	
䉚	maŋ1	
䉛	ʔˠɨwk4	
䉞	tɑm2	
䉠	mˠi1	
䉠	ɱuj1	
䉢	ʂɨk4	
䉣	sʲa3	
䉥	sɨwŋ2	
䉦	tsʲʰen1	
䉧	lˠɨw1	
䉧	lˠɨw2	
䉨	ŋˠɨj3	
䉬	fəj3	
䉭	lˠep4	
䉮	lˠin3	
䉰	qaw1	
䉰	ʁaw2	
䉰	qaw2	
䉰	ʁaw3	新
䉳	sʲen1	
䉳	sʲen2	
䉴	ɲɑŋ1	
䉵	dʐwen3	
䉶	ʂawŋ1	
䉷	ŋˠəm1	
䉹	leŋ1	
䉺	ʁɨwŋ1	
䉻	ɡʲie1	
䉽	pɑn2	
䉾	pˠi3	
䊀	ʁu1	
䊆	ɡˠɨw2	
䊆	ɡˠɨw3	新
䊈	məj1	
䊉	sɑm2	
䊊	ɱuj3	
䊋	tʂɑŋ1	
䊎	kˠʰwən2	
䊓	ɖˠie2	
䊓	dʑie3	
䊓	ɖˠie3	新
䊝	sʲit4	
䊝	sʲet4	
䊞	ʈak4	
䊟	mən1	
䊠	xˠɨj3	
䊡	mɑn1	
䊤	dɑm1	
䊤	dɑm2	
䊤	dɑm3	新
䊦	ʔet4	
䊧	pʲʰi3	
䊧	fʰuj3	
䊫	tsʰwəj2	
䊬	ʈʰwa2	
䊭	dɑw3	
䊮	dek4	
䊲	ʂan2	
䊲	tʂʰwan2	
䊳	mˠie1	
䊵	ɡˠɨw1	
䊷	tʂi1	
䊼	tɕʰi2	
䋀	ʁwa2	
䋀	ʁwa3	新
䋂	ʁaw1	
䋃	mɑw3	
䋈	ɳa2	
䋉	ʁwet4	
䋊	tɕaŋ1	
䋎	ɖan3	
䋏	dzɑk4	
䋐	ɰwət4	
䋖	jwit4	
䋙	ɲi2	
䋛	mej2	
䋟	ɡˠi3	
䋢	pet4	
䋢	pʰet4	
䋣	vən1	
䋤	jɑk4	
䋨	fʰu2	
䋪	ʔɑ1	
䋫	tʂaŋ1	
䋭	jɨwk4	
䋰	kˠuk4	
䋱	ləj1	
䋵	ʔˠej3	
䋷	mɨw1	
䋷	mˠɨw1	
䋸	zʲwin1	
䋻	ɳˠim1	
䋼	tʰeŋ1	
䋾	ʈa2	
䋿	ʔwəj1	
䌌	tsʲʰep4	
䌎	lˠɑk4	
䌐	mek4	
䌑	qen1	
䌖	tsʲip4	
䌖	dzʲep4	
䌗	fʰu2	
䌘	pet4	
䌜	ɳˠep4	
䌞	lˠem2	
䌟	bak4	
䌠	qɑm1	
䌠	qʰem1	
䌠	χem1	
䌠	qam1	
䌥	ʔˠɨn2	
䌦	dɑw3	
䌦	dek4	
䌨	tsʰɑt4	
䌪	jem2	
䌭	tsʲew1	
䌳	ɕie1	
䌳	sʲie1	
䌳	tɕʰie1	
䌴	lwɑ3	
䌵	tɕuk4	
䍃	jɨw1	
䍄	tem2	
䍆	ʈˠɨ2	
䍇	dɑp4	
䍊	qaw1	
䍊	qʰek4	
䍌	vɨw1	
䍌	bɨw1	
䍌	bɨw2	
䍌	bɨw3	新
䍍	fɨw1	
䍍	qʰɨw3	
䍍	qʰɨwk4	
䍎	tsʰwən3	
䍎	tsʰen3	
䍐	χɑn2	
䍐	χɑn3	
䍔	qwaŋ1	
䍖	pʰaw1	
䍖	vɨw1	
䍘	mʲie1	
䍙	məj1	
䍙	ɱu2	
䍙	məj3	
䍛	qu3	
䍜	ʈaw3	
䍝	tʰɑp4	
䍡	lɨwk4	
䍢	ɱu1	
䍤	tsej2	
䍥	lek4	
䍦	lˠie1	
䍨	pʰɑt4	
䍫	dɑ1	
䍬	pʰaŋ1	
䍮	ɖˠew2	
䍮	ɖˠew3	新
䍱	zʲɨ1	
䍲	ɳaj1	
䍴	ʔˠwie2	
䍴	ʔˠwie3	
䍶	tɨwŋ1	
䍶	ɖˠin1	
䍶	tɨwŋ3	
䍸	pɑk4	
䍺	ʁwan1	
䍺	ʁwan3	
䍻	zʲwen3	
䍻	sʲwen3	
䍼	tsɑm1	
䍼	tsɑp4	
䍽	lek4	
䍿	ʁwɑŋ1	
䎀	xʲwit4	
䎀	xˠwət4	
䎂	pɑw2	
䎃	nɑm2	
䎃	ɲem2	
䎄	χew1	
䎈	jej3	
䎌	tʂʰɨwk4	
䎎	ɳˠəp4	
䎑	lɨwk4	
䎒	tʂan2	
䎒	tɕen2	
䎔	fʰu1	
䎕	χwaŋ1	
䎖	tsɨŋ1	
䎗	ɡˠew1	
䎗	ɡʲew1	
䎘	ʂɨwk4	
䎘	sʲɨwk4	
䎙	pʲʰin1	
䎠	ɲi1	
䎠	ʁwɑn1	
䎠	nwɑ1	
䎤	ɡˠuk4	
䎦	jem2	
䎧	bawŋ2	
䎧	bawŋ3	新
䎨	ʔˠəp4	
䎩	tʂi1	
䎪	nɨk4	
䎫	tʂʰawŋ1	
䎫	tʂʰawŋ3	
䎮	tʰej3	
䎯	χɑn3	
䎳	ɴwat4	
䎶	ɲi3	
䎷	tɕu3	
䎷	fʰu3	
䎸	ɴu3	
䎺	tɕej3	
䎿	tsʲɨw1	
䎿	dzʲɨw1	
䏁	tsəj2	
䏂	sɨw2	
䏃	men1	
䏄	tej2	
䏅	tsʰej3	
䏆	dzʲew1	
䏆	dzɑw1	
䏇	pʲʰew3	
䏉	ɕip4	
䏐	qwet4	
䏒	pʰen3	
䏔	ɳˠɨw2	
䏕	ɲim2	
䏖	ɖˠin2	
䏖	jin2	
䏖	jin3	
䏖	ɖˠin3	新
䏘	pʲʰit4	
䏙	tʰɑm2	
䏟	bet4	
䏣	tsʲʰɨ1	
䏣	tsʲʰɨ3	
䏧	ɳa3	
䏨	χwəj2	
䏪	ɲi3	
䏰	ɲwin3	
䏳	tɕet4	
䏵	muŋ2	
䏷	ʁɑn3	
䏼	dzɑn1	
䏼	dzɑn3	
䏽	bɨw1	
䏽	bɨw2	
䏽	bɨw3	
䏿	qʰej2	
䏿	qʰej3	
䐀	kˠie3	
䐁	tɨwk4	
䐁	ʈawk4	
䐃	ɡˠwin2	
䐃	ɡˠwin3	新
䐄	ʁɑm3	
䐄	ʁam3	
䐅	xʲi1	
䐆	tsʰəj3	
䐈	tɕɨk4	
䐈	ɖˠɨk4	
䐎	tej1	
䐏	tɕʰwin2	
䐑	ɖˠep4	
䐒	ʈa1	
䐒	ʈa3	
䐓	ɲɨw1	
䐗	ʈˠɨ1	
䐘	ɡˠɑk4	
䐚	tsʲɨk4	
䐜	tɕʰin1	
䐝	swɑ3	
䐞	ɲɑk4	
䐠	χɑŋ1	
䐢	tʂʰu3	
䐢	tʂɨw3	
䐣	swən2	
䐤	tʂʰaj1	
䐤	tʂʰa1	
䐥	ʔɨwŋ2	
䐨	qɨwk4	
䐩	qwəj1	
䐩	qəj1	
䐩	qʰəj2	
䐫	tsʲʰuŋ1	
䐬	dzɑw1	
䐮	tʂʰan2	
䐯	lwaj1	
䐲	ɖˠip4	
䐴	qwɑj3	
䐴	qwəj3	
䐶	tsɑm1	
䐶	tsʲim2	
䐷	tɑn1	
䐸	χwak4	
䐹	ʂɨw1	
䐹	sew3	
䐺	tʰɑm3	
䐻	qu1	
䐼	ʁej3	
䐼	ʁet4	
䐾	dɑk4	
䐿	ʔɑw2	
䐿	ʔɑw3	
䐿	ʔˠɨwk4	
䑁	ʔɨwk4	
䑁	ʔuk4	
䑂	jəj2	
䑃	mɨwŋ1	
䑃	mɨwŋ2	
䑄	pˠʰi3	
䑄	bˠi3	
䑄	bʲi3	
䑇	tɕit4	
䑈	pawk4	
䑋	ɲɑŋ2	
䑎	tsʲʰem1	
䑎	tʂʰam2	
䑏	ɡˠwen1	
䑑	bɨwk4	
䑑	buk4	
䑔	fʰəj3	
䑔	vət4	
䑗	dɑŋ2	
䑗	dɑŋ3	新
䑘	dzɑ1	
䑜	tʰep4	
䑞	ɕwin3	
䑠	lew2	
䑡	tʂʰa1	
䑢	ɴwət4	
䑣	ʈˠʰim1	
䑥	ɴɑp4	
䑦	qɨw1	
䑫	paŋ1	
䑯	dej2	
䑯	dej3	新
䑳	lˠwin1	
䑴	ɡˠi1	
䑶	tsʰen3	
䑼	tʂɨw1	
䑿	sʲɨwk4	
䒀	fʰu1	
䒀	bu3	
䒁	zʲip4	
䒆	ʈˠʰet4	
䒈	vuj2	
䒈	vuj3	新
䒉	ɱu2	
䒊	χej1	
䒌	meŋ3	
䒍	pʰɑŋ2	
䒎	mɑŋ2	
䒏	sɨŋ1	
䒐	mɨŋ1	
䒓	qʰaj2	
䒕	sʲew2	
䒗	xˠɨt4	
䒗	kˠʰɨt4	
䒘	sʲwi1	
䒚	ɕew2	
䒞	ɖˠim1	
䒞	jim1	
䒞	tɑm2	
䒢	ɴɑŋ1	
䒢	ŋˠɑŋ2	
䒦	fʰəm1	
䒦	fʰəm3	
䒧	kˠʰɨ1	
䒧	kˠʰɨ3	
䒨	zʲi2	
䒨	zʲi3	新
䒩	ʁwɑ1	
䒪	bˠen3	
䒰	kˠʰwɑŋ1	
䒱	tɕɨŋ1	
䒲	ʈa3	
䒴	ɰɨw2	
䒶	tʰen1	
䒷	qwɑt4	
䒸	χwet4	
䒹	lwəj3	
䒼	kˠʰuk4	
䓂	ŋˠən1	
䓃	ʔˠip4	
䓄	ŋˠin1	
䓄	ŋˠɨn1	
䓈	jwie2	
䓈	jwak4	
䓉	ja1	
䓊	ɴu1	
䓌	tɕi3	
䓍	ʁɑn2	
䓍	ʁɑn3	新
䓏	fʰu1	
䓘	qɑw1	
䓙	qʰwaj1	
䓙	qʰwa1	新
䓛	qwət4	
䓜	tɕi1	
䓞	lej3	
䓠	tʰɑp4	
䓠	tɑp4	
䓭	tʂʰat4	
䓮	mɑw2	
䓮	mɨw3	
䓲	jwej3	
䓲	jwet4	
䓳	ʁaj1	
䓳	ʁən2	
䓳	ʁən3	新
䓴	ɲwen2	
䓵	fʰu1	
䓶	lɑj3	
䓶	lɑt4	
䓾	sɑ1	
䔁	lˠit4	
䔂	tʂi2	
䔃	tsu2	
䔄	jew1	
䔄	jew3	
䔇	kˠʰɨj2	
䔇	ʁwəj3	
䔌	qɑw1	
䔏	tʂʰɨw3	
䔑	ja1	
䔑	zʲa1	
䔕	bu1	
䔖	lˠɨŋ1	
䔚	ʑwin1	
䔛	kʲʰwaŋ2	
䔜	tʰɑm1	
䔞	lˠwit4	
䔟	jie1	
䔬	ji3	
䔭	neŋ2	
䔮	sʲie1	
䔯	qʰu3	
䔰	fɨw3	
䔰	fʰɨwk4	
䔲	tɨŋ1	
䔴	tʂʰɨk4	
䔵	qan1	
䔷	ɡˠɨŋ1	
䔷	ɡˠim1	
䔸	pˠew2	
䔺	jwie1	
䔺	jwie2	
䔽	ʔˠej3	
䔽	ʔɑj3	
䔾	kˠʰej3	
䔾	ʁɑt4	
䔿	tswən2	
䕁	fuj2	
䕄	tɕɨŋ1	
䕅	ʂɨw1	
䕅	sɑw2	
䕆	dɨw2	
䕆	dɨw3	新
䕇	qwəj1	
䕇	ʁwəj2	
䕇	ʁwəj3	新
䕈	sep4	
䕍	jej3	
䕓	tʂʰat4	
䕘	leŋ1	
䕘	lˠaŋ2	
䕙	dzet4	
䕞	lɑŋ3	
䕡	lˠɨ1	
䕦	jaŋ1	
䕧	ʁaw2	
䕧	qaw2	
䕧	ʁaw3	新
䕩	lɑw2	
䕪	ɖak4	
䕭	zʲem1	
䕸	qaj1	
䕸	ʁat4	
䕹	dzɑp4	
䕹	dzep4	
䕺	dzɨwŋ1	
䕻	lˠie1	
䕻	lej3	
䕼	ɲen1	
䖀	xˠew1	
䖃	jɑk4	
䖆	ɲɑŋ2	
䖆	ɳˠɑŋ3	
䖊	ŋˠəj3	
䖏	tɕʰɨ3	
䖐	ŋˠɨn1	
䖑	mek4	
䖒	xˠie1	
䖔	qʰɑm2	
䖔	χɑm3	
䖘	du1	
䖙	dej1	
䖙	tʰej1	
䖜	ŋˠin1	
䖡	ɳˠɨwk4	
䖢	mʲew1	
䖤	ʔˠwən2	
䖦	tɕwet4	
䖧	nɑt4	
䖩	bʲit4	
䖪	tsʲie1	
䖭	kˠwen3	
䖮	xˠɑŋ2	
䖯	qʰwej1	
䖱	kˠʰwɑŋ1	
䖲	zʲwin1	
䖳	ɖa3	
䖵	qwən1	
䖶	χwəj1	
䖹	mʲie2	
䖻	lˠɨw1	
䗁	kˠʰie1	
䗁	ɡˠie2	
䗁	ɡˠie3	新
䗂	χu2	
䗃	dʐan2	
䗃	dʐan3	
䗅	ɖˠɑŋ1	
䗆	qwɑn2	
䗇	ɡˠɨwk4	
䗐	ɕie1	
䗐	ɕie3	
䗔	ʁɨw1	
䗗	qej1	
䗘	qɑp4	
䗚	pɑk4	
䗠	zʲwen1	
䗡	ɰen1	
䗣	ʁɑm1	
䗣	ʁɑm3	
䗤	juŋ1	
䗥	tsɨwŋ1	
䗥	tsʲʰuŋ1	
䗧	qʰɑŋ1	
䗪	tɕa3	
䗪	tɕak4	
䗯	tsʲin3	
䗱	bɨwk4	
䗱	buk4	
䗲	lˠin3	
䗵	kˠɑŋ1	
䗶	lɑp4	
䗷	ʔˠɨk4	
䗽	jwi3	
䗿	neŋ2	
䘀	vɨw2	
䘀	vɨw3	新
䘁	tsʲet4	
䘃	mɨk4	
䘄	tɕɨ3	
䘅	nɨk4	
䘆	xˠɨn2	
䘆	xˠən2	
䘇	ɱun1	
䘌	ɳˠit4	
䘎	ʔwan1	
䘒	tswəj1	
䘓	qʰɑm3	
䘝	jɨk4	
䘢	ʈˠɨ2	
䘨	qew2	
䘪	tɕʰɨwŋ1	
䘯	ʂaw1	
䘰	jen1	
䘰	ɕen1	
䘱	ju3	
䘳	kˠim1	
䘷	pet4	
䘸	jak4	
䘸	tɕak4	
䘼	ʔˠwən2	
䘽	ɴej1	
䘽	ɴej2	
䘽	ɴet4	
䘾	qwɑn2	
䘾	qwɑn3	
䘿	ɡˠut4	
䙄	tʂʰip4	
䙄	tʂap4	
䙅	ʔʲew1	
䙇	ɲwen1	
䙈	ʁɨw1	
䙎	ʁaj1	
䙏	pɑk4	
䙐	qʰak4	
䙔	ʔˠu1	
䙔	ʔɨw1	
䙔	ʔɨw2	
䙔	ʔɨw3	
䙕	sʲuŋ2	
䙕	tsʲuŋ2	
䙘	tʂʰɨ2	
䙘	tsʲɨwk4	
䙟	ɰuj1	
䙡	kˠʰwi3	
䙡	kˠʰuj3	
䙢	tsʲɨŋ3	
䙬	ʔaŋ3	
䙭	kˠʰen1	
䙭	kˠen2	
䙱	dʑuk4	
䙵	ʁwej1	
䙷	ɴəj3	
䙷	tɨk4	
䙼	dʑew2	
䙼	dʑew3	新
䙽	χet4	
䙾	ɕie1	
䚄	lɨwk4	
䚄	lˠuk4	
䚅	ləj3	
䚇	ʂaŋ2	
䚈	kʲwen3	
䚋	ɰun3	
䚌	qɑw1	
䚎	ʈʰawŋ1	
䚎	ʈʰawŋ3	
䚐	tʰek4	
䚐	dzek4	
䚔	pʲin1	
䚔	pʲin3	
䚔	pʲʰin3	
䚕	lˠi3	
䚕	lej3	
䚘	dʐaŋ1	
䚙	xˠie1	
䚙	xˠwən1	
䚜	pej1	
䚝	dzwət4	
䚠	ʁwən2	
䚠	ʁwən3	新
䚡	səj1	
䚢	ʈˠʰej3	
䚢	ʈˠʰet4	
䚣	tej1	
䚣	dej1	
䚥	ɳawk4	
䚦	ɖˠie2	
䚦	ɖˠie3	新
䚧	lˠɨw1	
䚨	fəj3	
䚨	bɑt4	
䚩	kˠew2	
䚫	qawk4	
䚫	ʁek4	
䚭	xˠwən1	
䚮	ɲɨŋ1	
䚳	tɕie3	
䚴	ɴwat4	
䚷	ʔej1	
䚷	ʔej2	
䚹	pʲʰie2	
䚻	jɨw1	
䛄	ʔˠwən2	
䛄	ʔˠwən3	
䛅	χap4	
䛆	ɖˠɨw3	
䛋	ɡˠie3	
䛋	tsʲʰie3	
䛌	dɑw1	
䛍	fuj3	
䛎	χwet4	
䛗	tɕi2	
䛘	ɲim1	
䛘	ɳˠim1	
䛚	lˠɑk4	
䛛	ʁwəj3	
䛞	ʁɑn2	
䛞	ʁɑn3	新
䛠	tɨw3	
䛢	tʰwɑ1	
䛢	tʰɨwk4	
䛥	xˠɨt4	
䛩	ʔu2	
䛪	kˠʰɨwŋ3	
䛬	dɑw1	
䛭	χaŋ3	
䛮	ɡˠɨw2	
䛮	ɡˠɨw3	新
䛳	ʔˠəm3	
䛹	tsʰen3	
䛻	jɨw2	
䛽	tʂap4	
䛾	su3	
䜂	ʁɑw3	
䜃	twəj1	
䜅	jwi1	
䜅	dʑwi1	
䜅	tsʲʰwi1	
䜆	tɕep4	
䜈	tʂʰaw1	
䜉	tʂʰit4	
䜋	ʁwəj2	
䜋	ʁwəj3	
䜌	lwɑn1	
䜌	lˠwen1	
䜌	lˠwen3	
䜏	tʰwɑ1	
䜐	xʲwie1	
䜑	ʔu3	
䜒	ʔɑw3	
䜕	χaj3	
䜕	maj3	
䜙	ɴɑm1	
䜚	dɑp4	
䜜	jwie3	
䜢	xˠən2	
䜪	ɡˠɨw1	
䜫	qawŋ1	
䜮	lew1	
䜮	lɑw1	
䜯	ɡˠɨwk4	
䜰	χɑw1	
䜱	mɑn1	
䜲	lˠep4	
䜴	tʂʰu3	
䜶	ʁawŋ1	
䜷	tsʲʰim1	
䜸	məj2	
䜺	tʂʰak4	
䜼	qɨwk4	
䜽	ju1	
䜾	ʔˠim1	
䝁	lɑw1	
䝄	ʂawŋ1	
䝋	tsuŋ3	
䝍	kˠun3	
䝏	lˠu1	
䝏	lɨw1	
䝐	jwie1	
䝐	jwie2	
䝑	ʈˠʰuŋ1	
䝒	dʐu2	
䝒	dʐu3	新
䝕	tɕep4	
䝖	tʂaw2	
䝚	ɳˠi1	
䝜	swɑn1	
䝟	ʔat4	
䝡	ɱən3	
䝢	mɑn3	
䝣	ɡˠɨ1	
䝤	ʈaw2	
䝤	lɑw2	
䝦	tɕɨwŋ1	
䝪	ʂɨ2	
䝭	qɨw3	
䝮	ʁwen3	
䝶	lˠɑŋ1	
䝷	ʈˠie1	
䝸	ɡˠie3	
䝹	ʔwɑn2	
䝻	kˠɨ1	
䝼	dzʲaŋ1	
䝼	dzʲaŋ3	
䞀	ʁɨw3	
䞁	ʔˠən2	
䞁	ʔˠən3	
䞂	ɲwen2	
䞃	ʈˠi3	
䞈	kˠwie3	
䞋	tʂʰin3	
䞓	ʈˠʰaŋ1	
䞔	ɱuj2	
䞕	ɲu1	
䞗	tʂʰaj1	
䞗	tsʰəj1	
䞘	ɡˠɨt4	
䞙	tsɑp4	
䞚	ɡʲie1	
䞚	kˠʰie2	
䞞	vut4	
䞠	tɕak4	
䞣	tɕʰa3	
䞣	tsʲʰa3	
䞣	ʈʰak4	
䞤	ɡˠu1	
䞤	fʰu2	
䞥	ɰɨw3	
䞦	ʁak4	
䞧	ʁɨw3	
䞨	kʲʰwie2	
䞩	ʁap4	
䞪	dzʲɑŋ3	
䞭	tsʰwəj1	
䞮	tʰu1	
䞯	fʰu3	
䞰	dʐwak4	
䞳	fʰu3	
䞳	pʰɨw3	
䞳	bɨk4	
䞴	ʈaw1	
䞴	ʈaw3	
䞵	kˠwet4	
䞷	ɡˠwət4	
䞽	ʂak4	
䞾	ɖˠie1	
䞿	kˠʰən1	
䞿	xˠən1	
䟂	mən1	
䟂	mɑn1	
䟃	tsʰɑm1	
䟃	tsʰɑp4	
䟄	dʐwak4	
䟄	tsʲʰak4	
䟅	dzʲem2	
䟅	dzʲem3	新
䟆	pʲit4	
䟇	kˠɨj1	
䟈	ɖˠit4	
䟉	tɕuk4	
䟊	ɡˠɨ1	
䟌	kʲit4	
䟌	dzet4	
䟍	pen1	
䟍	ʔˠen2	
䟏	ɕɑk4	
䟏	lek4	
䟐	lek4	
䟑	jɑk4	
䟒	ɡˠwen1	
䟓	ʈʰaŋ1	
䟓	ʈaŋ1	
䟓	ʈˠʰaŋ1	
䟔	fʰu3	
䟗	dʑie2	
䟗	dʑie3	新
䟘	ʁɑŋ2	
䟘	qɑŋ2	
䟘	ʁɑŋ3	新
䟙	tsʰet4	
䟛	fuj3	
䟛	bɑt4	
䟝	tʰɨw3	
䟠	xˠwət4	
䟡	tej3	
䟣	ʈˠʰwit4	
䟧	den1	
䟨	mʲin2	
䟫	tɕʰɑŋ2	
䟯	qʰwɑt4	
䟴	tɕin3	
䟵	ɡˠɨw1	
䟷	ʈˠʰej3	
䟸	kˠwi1	
䟸	ɡˠwi1	
䟹	lˠwet4	
䟺	pɑj3	
䟺	bɑj3	
䟾	ʈˠwet4	
䟿	lˠuk4	
䠄	tʰen2	
䠆	ɖˠɑŋ1	
䠇	kˠut4	
䠇	ɡˠut4	
䠈	tʰwət4	
䠊	vuj3	
䠍	ʁa1	
䠐	qʰwek4	
䠑	kʲʰwie2	
䠗	xˠɨwŋ3	
䠗	kʲʰɨw3	
䠘	pʰej3	
䠙	bɑŋ1	
䠚	ʔwa3	
䠛	jew1	
䠟	dep4	
䠠	tej3	
䠠	tɕej3	
䠡	dzɑ1	
䠢	mɨwŋ3	
䠣	sʲwen3	
䠣	kˠʰwen3	
䠧	ɖa1	
䠨	tɕʰem3	
䠪	tʰwɑn2	
䠫	dzɨw3	
䠯	jɑk4	
䠰	ɡˠwen1	
䠱	ɖˠuk4	
䠵	vu3	
䠶	ʑa3	
䠷	tʰew2	
䠸	qʰwa1	
䠻	kˠʰɨwŋ3	
䠼	ɕu3	
䠽	ʁəj1	
䡀	tɕen2	
䡂	kˠɨw1	
䡅	ʈˠʰwin1	
䡆	juŋ1	
䡈	qawk4	
䡉	qʰɑŋ2	
䡉	qʰwɑŋ2	
䡊	fən2	
䡋	tɕie1	
䡐	dɑ1	
䡓	qwen3	
䡔	qʰej2	
䡗	kˠuŋ2	
䡘	den1	
䡙	lɑŋ1	
䡚	maw3	
䡜	lˠɨwk4	
䡝	ʔˠun1	
䡝	ʔˠwən1	
䡝	ʔˠun2	
䡞	kˠuk4	
䡣	xˠən1	
䡣	ʁwən1	
䡧	ʔu2	
䡩	qʰaŋ1	
䡬	ɱən3	
䡭	sʲɨw1	
䡮	tsʲuŋ1	
䡯	tsʰɨwŋ1	
䡰	qʰaŋ1	
䡲	dʐan1	
䡲	dʐen1	
䡴	tɕʰuŋ1	
䡴	ɖawŋ3	
䡵	zʲwi3	
䡼	leŋ1	
䡽	tswɑn1	
䡾	ɴɑt4	
䡾	ŋˠet4	
䢃	ŋˠəj3	
䢅	dʑin1	
䢇	ɲuŋ2	
䢈	ʁwɑj3	
䢉	nuŋ1	
䢌	pɑt4	
䢐	dzu1	
䢒	qaw1	
䢓	ɰu1	
䢔	ʁɑp4	
䢖	jwit4	
䢙	baj3	
䢚	qaŋ1	
䢝	ʔa3	
䢡	sep4	
䢦	ʂwit4	
䢭	jen1	
䢭	zʲen3	
䢭	jen3	
䢰	tʰek4	
䢱	dɨwk4	
䢲	ɰwɑk4	
䢳	kˠi2	
䢵	ɰun1	
䢸	tsʲʰɨ1	
䢹	kˠɨ2	
䢻	dʑin1	
䢻	tɕin3	
䢼	kˠuŋ1	
䢿	ʔɑn1	
䢿	ʔɑn3	
䣀	kˠwie2	
䣀	ɡˠwi2	
䣀	ɡˠwi3	新
䣁	ɰu2	
䣂	lwəj2	
䣂	lwəj3	
䣄	zʲɨ1	
䣄	du1	
䣅	dʑin1	
䣆	ʁeŋ1	
䣇	ɡˠɨw1	
䣍	ʔˠem1	
䣍	ʔˠem2	
䣎	tʂi1	
䣔	swɑ2	
䣕	ma2	
䣕	ma3	
䣗	qɑw1	
䣘	dɑŋ1	
䣙	bəj1	
䣙	pʰɨŋ2	
䣚	lˠu1	
䣚	lɨw1	
䣛	tsʲʰit4	
䣜	dzɑ1	
䣝	du1	
䣝	ɖa1	
䣟	dzɑm1	
䣟	dzɑp4	
䣠	dzʲa3	
䣡	ŋˠie1	
䣢	dzɑk4	
䣢	dzʲak4	
䣣	tɑŋ2	
䣤	ɡˠwɑk4	
䣧	jɨk4	
䣩	ɖˠwin1	
䣩	dʑwin1	
䣪	pʰɑt4	
䣮	bɑt4	
䣵	ɳˠi3	
䣵	ɲi3	
䣸	ɲem2	
䣹	vət4	
䣺	qwen3	
䣼	lˠɑŋ1	
䣽	ʈˠie1	
䣿	ɰu1	
䣿	xˠu1	
䣿	ʔˠu1	
䤁	jim1	
䤁	dzʲim1	
䤂	məj1	
䤃	ʔˠim1	
䤅	du1	
䤅	dɨw1	
䤉	mʲit4	
䤍	mej1	
䤎	kʲwit4	
䤏	bˠi2	
䤏	bˠi3	新
䤐	tsʲʰim2	
䤐	tsʲim2	
䤑	ʔwɑŋ3	
䤒	ɡˠɨj3	
䤔	dzʲem2	
䤔	dzʲem3	新
䤕	χawk4	
䤗	qɑm2	
䤘	tsʲʰem2	
䤘	tʂʰam2	
䤙	lek4	
䤢	pat4	
䤥	kˠwie2	
䤨	pʰek4	
䤪	twɑ2	
䤬	sɑ1	
䤮	dʑep4	
䤳	dzʲa3	
䤴	ʁɑm1	
䤶	ʔˠəp4	
䤻	dwɑ2	
䤻	dwɑ3	新
䤽	qwan1	
䥈	mu2	
䥈	mɑŋ2	
䥉	ʔˠwən1	
䥍	tɕi3	
䥍	tɕip4	
䥏	ŋˠɨ2	
䥗	qʰwɑn2	
䥗	qʰwɑn3	
䥛	qet4	
䥝	ʔɑw1	
䥡	dep4	
䥩	ɱuj1	
䥯	baj2	
䥯	baj3	新
䥰	maŋ1	
䥵	qew2	
䥵	χew2	
䥶	lek4	
䥸	mʲie1	
䦈	tsʲa1	
䦊	new2	
䦋	ɴɑw1	
䦍	ɴwət4	
䦏	ʁej3	
䦏	ʁaj3	
䦑	χwet4	
䦔	tʰɑn2	
䦖	ʁat4	
䦖	ʁet4	
䦗	xˠwɨk4	
䦘	ʁan2	
䦘	ʁan3	新
䦝	χwak4	
䦪	ʔat4	
䦱	qʰwaj1	
䦱	ɰwie2	
䦱	qʰwa1	新
䦲	jem1	
䦲	tɕʰem3	
䦳	xˠɑŋ3	
䦺	teŋ1	
䦼	pˠʰɨk4	
䧁	ɡˠu1	
䧁	xˠu2	
䧅	ji1	
䧆	ʁɨwŋ1	
䧇	ʔˠɨj1	
䧊	qʰɨwk4	
䧊	quk4	
䧎	ʁwen2	
䧎	ʁwen3	新
䧑	tej1	
䧘	ɖˠwen2	
䧘	ɖˠwen3	新
䧜	dɑŋ1	
䧞	vɨw2	
䧞	ma3	
䧞	vɨw3	新
䧢	kˠʰu1	
䧤	pɨwk4	
䧦	ɰwie1	
䧦	xˠwie1	
䧦	ɰwie2	
䧨	ŋˠəp4	
䧪	tɕʰep4	
䧰	ʁwən2	
䧰	ʁwən3	新
䧴	tɕie1	
䧴	ɕie3	
䧼	quk4	
䨁	ɱu3	
䨂	tsʲʰɨw1	
䨊	ʔwen1	
䨐	ʁap4	
䨑	dej1	
䨒	ɰu3	
䨕	ʔˠu1	
䨗	vɨw1	
䨘	sen3	
䨛	ʂak4	
䨞	ɰu2	
䨡	ʁɑm1	
䨢	dɑm2	
䨢	dɑm3	新
䨣	qak4	
䨤	dek4	
䨥	ʁwɑk4	
䨥	tɕak4	
䨦	pʰɑŋ1	
䨨	ʈˠwi1	
䨮	sʲwet4	
䨰	pʰɑk4	
䨲	nɨw1	
䨳	xˠi3	
䨴	dwəj3	
䨻	baŋ3	
䨼	ʁu3	
䨽	vuj1	
䨽	fʰuj2	
䨽	bˠi3	
䨾	vuj3	
䩁	fʰuj1	
䩂	χam1	
䩃	dʑie3	
䩆	tʂan2	
䩇	ʈam1	
䩉	vu2	
䩉	vu3	新
䩊	ʔwɑt4	
䩌	dzʲew1	
䩌	tsʲew1	
䩌	tsʲew3	
䩍	lˠew2	
䩏	met4	
䩐	χwət4	
䩒	ɰu1	
䩒	xˠu1	
䩒	ʔˠu1	
䩕	ɴɑŋ1	
䩙	ʁwen2	
䩙	ʁwen3	新
䩚	tej3	
䩛	bʲit4	
䩞	tʰep4	
䩞	tep4	
䩠	tʰeŋ1	
䩡	qap4	
䩢	tɕej3	
䩢	tɕet4	
䩣	tʰu1	
䩤	χet4	
䩥	dɑn2	
䩥	dɑn3	新
䩦	dew1	
䩨	ʈˠʰɑŋ3	
䩩	ʔˠwən1	
䩩	ʔˠwən2	
䩪	qwɑn2	
䩯	kˠʰɨk4	
䩱	ju1	
䩱	ɕu3	
䩲	tu1	
䩳	sɨw1	
䩵	ɰun3	
䩶	ʈˠʰen2	
䩶	ʈˠʰaŋ2	
䩸	ɲuŋ1	
䩸	ɲuŋ3	
䩹	ɴak4	
䩺	ʔɨwŋ1	
䩼	vuŋ1	
䩽	ʔˠu1	
䩿	vun1	
䪁	pɨwk4	
䪁	fuk4	
䪂	qak4	
䪆	tʰej2	
䪈	kʲʰen3	
䪉	lˠep4	
䪊	lɨwŋ1	
䪌	dʐam3	
䪍	lɑn1	
䪎	ʂwie1	
䪎	swəj1	
䪏	nɑp4	
䪐	pˠi3	
䪒	tɕu3	
䪔	vu2	
䪔	vu3	新
䪙	pʰɑk4	
䪚	tɑp4	
䪜	tɕʰem1	
䪜	tɕʰem3	
䪝	ʔwak4	
䪞	dzɑp4	
䪡	tsej1	
䪥	ʁaj3	
䪦	ʁɨwŋ1	
䪧	ɖˠie1	
䪩	ŋˠim1	
䪫	ʁaŋ1	
䪬	pʰət4	
䪯	ʔʲwaŋ1	
䪳	jwin2	
䪴	tɕim2	
䪴	tɑm2	
䪷	χɨw3	
䪸	mˠin1	
䪹	pˠʰi1	
䪻	vən2	
䪻	bˠen3	
䪻	vən3	新
䪼	tɕwet4	
䪾	tɕin2	
䪾	tɕin3	
䫀	qən2	
䫀	ten2	
䫁	bʲi3	
䫂	tɑ2	
䫄	ʈʰwat4	
䫅	sɑm3	
䫆	ɡˠaŋ1	
䫆	dʑaŋ1	
䫉	maw3	
䫌	pʰej2	
䫎	tɕwet4	
䫏	kˠʰi1	
䫒	mən1	
䫔	qʰej3	
䫔	qʰet4	
䫖	ʈˠʰim2	
䫗	ʁa1	
䫘	ʁɑt4	
䫘	χɑt4	
䫛	ʁɨw1	
䫜	ʔaw1	
䫞	χew1	
䫞	kʲʰew1	
䫟	ɰun2	
䫟	ʁwən2	
䫟	ʁwən3	新
䫠	bˠi1	
䫠	pˠʰi1	
䫡	ɴam1	
䫡	qʰam2	
䫡	qʰam3	
䫡	qam3	
䫢	sʲie1	
䫤	meŋ1	
䫥	kˠʰi1	
䫥	qʰwəj2	
䫥	ɴwəj2	
䫦	qɑp4	
䫧	ʁɑw1	
䫨	ɴɑw1	
䫨	ɴɑw3	
䫩	tsʰɑm2	
䫩	sɑm2	
䫪	ʂɑŋ2	
䫪	tʂʰɑŋ2	
䫬	tɕim2	
䫲	χɑm2	
䫲	χɑm3	
䫳	dɨwk4	
䫴	ɡˠim2	
䫴	ɰim3	
䫴	ɡˠim3	新
䫵	mʲen1	
䫶	vun1	
䫸	ʈʰaw1	
䫹	ʁɨwŋ1	
䫻	ɰwit4	
䫽	pʰɑw1	
䫾	pʰet4	
䫾	pˠɨk4	
䫿	ʈˠʰew1	
䬀	ʔˠɨw2	
䬀	ʔʲɨw2	
䬁	jie1	
䬂	xʲwit4	
䬂	xˠwət4	
䬆	lˠi3	
䬆	lˠit4	
䬉	χwak4	
䬊	ʂap4	
䬌	fʰɨw1	
䬍	xˠut4	
䬍	χwət4	
䬎	qwak4	
䬐	ɲwie1	
䬐	ʔwəj1	
䬑	ɰuj3	
䬑	ɰut4	
䬘	χaw1	
䬝	ʁwaŋ1	
䬞	dɑw1	
䬞	ɖˠɨw1	
䬟	lˠɨw1	
䬠	fʰuj1	
䬡	tɕɨ3	
䬦	tɨw3	
䬧	ŋˠwən1	
䬫	tej1	
䬫	dej1	
䬬	ʔˠɑŋ2	
䬬	ʔˠɑŋ3	
䬮	ji1	
䬯	ɳˠem1	
䬯	nem1	
䬰	dʑew3	
䬳	pɑn2	
䬴	mɑt4	
䬵	qəj1	
䬵	ʔaj3	
䬷	ɕa2	
䬼	ʔwen3	
䬽	ɕwej3	
䬽	lwɑj3	
䬾	dej1	
䬿	ɱuj2	
䭁	tɕej3	
䭂	ʔˠip4	
䭃	ɲim2	
䭆	ɳak4	
䭈	kˠən1	
䭉	sʲwie2	
䭐	jɑŋ3	
䭑	lˠem2	
䭒	sʲɨk4	
䭓	ɴən3	
䭔	twəj1	
䭕	tsɑm2	
䭖	tɕɨ3	
䭘	ʔˠaŋ2	
䭙	tsʲim2	
䭡	ʔwən3	
䭡	ʔən3	
䭢	ɳaŋ1	
䭤	kʲʰen2	
䭦	bɑk4	
䭨	ʂwie1	
䭨	ɕwej3	
䭩	mɑ1	
䭬	qʰej2	
䭭	ɕɨw2	
䭮	fʰut4	
䭱	pʰet4	
䭱	bet4	
䭴	ʁwan1	
䭴	ʁwen2	
䭴	ʁwen3	新
䭸	vu2	
䭸	vu3	新
䭹	ɴɑŋ1	
䭹	ɴɑŋ2	
䭹	ɴɑŋ3	
䭿	jit4	
䭿	det4	
䮀	bawk4	
䮂	bɑt4	
䮄	ʁwen1	
䮉	lˠɨ1	
䮎	xˠɨj3	
䮒	pʰu1	
䮔	tɕwie1	
䮔	tɕwie2	
䮗	ɴɑn3	
䮙	ɰwɨk4	
䮝	ʁwən1	
䮠	pˠɨk4	
䮢	dʐap4	
䮤	qawk4	
䮤	ʁɑk4	
䮥	lek4	
䮧	ʁɑn1	
䮧	ʁɑn3	
䮩	qwət4	
䮭	mek4	
䮱	ɖˠɨwk4	
䮳	vən1	
䮴	dɨŋ3	
䮷	dɨwk4	
䮸	ʔuk4	
䮸	qawk4	
䮸	ʔawk4	
䮹	ʔˠwəj3	
䮻	tɑw2	
䮾	bɨwŋ1	
䮾	lawŋ1	
䯂	ʂin1	
䯂	dʐip4	
䯇	qʰwət4	
䯇	qʰwat4	
䯈	ɴwɑn1	
䯉	ʔwət4	
䯉	ʔwat4	
䯊	qʰɑ1	
䯋	qʰɑt4	
䯋	bɑt4	
䯍	leŋ1	
䯏	qwɑt4	
䯑	qʰwɑŋ1	
䯒	ʁaŋ1	
䯓	qʰwej1	
䯖	lɑŋ1	
䯗	bej2	
䯗	bej3	新
䯘	ʁwɑn3	
䯜	sʲak4	
䯜	tʰek4	
䯞	qʰwa1	
䯟	dwəj3	
䯠	ʔɑw2	
䯢	mɑ1	
䯣	kˠʰwi3	
䯤	qwɑj3	
䯦	mat4	
䯪	qʰɑw2	
䯪	qʰɑw3	
䯬	tɑ2	
䯰	qaj3	
䯳	suŋ1	
䯷	sʲɨwŋ1	
䯸	tsʲʰi3	
䯹	sʲem1	
䯽	bɨw1	
䯽	fʰu2	
䯽	pʰɨw2	
䯾	tew1	
䯾	dew1	
䯾	tɕɨw3	
䰂	tsʰəj2	
䰂	tsʰəj3	
䰃	baŋ1	
䰃	pɑŋ2	
䰆	ɲɨw1	
䰈	dzɑ1	
䰈	tsʰɑ2	
䰉	bɑn1	
䰉	pan1	
䰍	xˠɨw1	
䰍	tsʲʰi3	
䰎	kˠʰwi3	
䰏	tsej3	
䰏	tsʲej3	
䰏	tset4	
䰏	tsʲet4	
䰐	lɑm1	
䰒	mɨwŋ1	
䰓	men1	
䰕	lˠɨ1	
䰕	lu1	
䰖	tsɑn2	
䰖	tsɑn3	
䰖	tsɑt4	
䰘	lˠɨw1	
䰘	qew2	
䰙	ŋˠie2	
䰚	ɱun1	
䰝	tsʲɨŋ3	
䰞	tɕɨ2	
䰟	ʁwən1	
䰠	ɕin1	
䰡	ʈˠʰi3	
䰤	tɨwŋ1	
䰧	χu1	
䰩	tɕʰa2	
䰫	tʂʰaw1	
䰫	dʐaw2	
䰫	dʐaw3	新
䰯	ŋˠi3	
䰰	ɲu1	
䰰	nɨw1	
䰲	ʔat4	
䰴	kˠɨt4	
䰻	ŋˠɨ1	
䰼	dzʲim1	
䰼	ɕim2	
䰼	dzɑm2	
䰼	dzɑm3	新
䰽	pɑj3	
䱂	ʔew1	
䱂	ʔˠɨw2	
䱅	mɑt4	
䱊	mej2	
䱋	kˠuŋ2	
䱌	ji1	
䱍	qɨŋ3	
䱏	tʰɨw2	
䱐	fʰu1	
䱐	vɨw1	
䱒	ʔˠəp4	
䱕	mɨw1	
䱖	lˠɨw1	
䱚	lˠuk4	
䱜	tsʲʰɑk4	
䱜	tsʰɑk4	
䱝	baj1	
䱟	kˠɨ3	
䱡	kˠɨwk4	
䱡	ɡˠɨwk4	
䱡	kˠʰuk4	
䱢	tʂaŋ1	
䱣	tsʲwit4	
䱤	qem3	
䱤	ʁam3	
䱥	tɕej3	
䱬	sʲɨ1	
䱮	ɴak4	
䱱	dej1	
䱲	jwen1	
䱵	ʔɨwŋ1	
䱷	ŋˠɨ1	
䱺	ʁəj1	
䱻	ʁwat4	
䱾	lˠu1	
䱾	lɨw1	
䲀	tɕi3	
䲁	ʔˠuj3	
䲃	tsɑw2	
䲊	jwi2	
䲊	dwɑ2	
䲊	tʰwɑ2	
䲊	dwɑ3	新
䲌	qʰwɑn2	
䲌	qʰwɑn3	
䲐	lu2	
䲒	ʁaj2	
䲒	ʁaj3	新
䲓	ŋˠem2	
䲔	ɡˠɑŋ1	
䲔	ɡˠaŋ1	
䲙	tset4	
䲚	lɑj3	
䲚	tʰɑt4	
䲛	mɨŋ3	
䲜	ŋˠəp4	
䲦	dɑj3	
䲬	ɡʲie1	
䲯	ɡˠip4	
䲰	ɰun3	
䲸	qaj3	
䲹	bˠi1	
䲽	dʑak4	
䲾	qʰaw2	
䳀	jit4	
䳀	det4	
䳅	tɕie2	
䳇	ɱu2	
䳇	mɨw2	
䳊	pɑt4	
䳊	bɑt4	
䳋	duŋ1	
䳍	kˠuŋ1	
䳎	ɡˠɨw2	
䳎	ɡˠɨw3	新
䳏	qwej3	
䳐	tsʲʰi3	
䳑	ɰɨw2	
䳔	kˠɨwk4	
䳕	vɨw1	
䳖	ɳˠep4	
䳚	qʰɑj3	
䳚	qʰɑn3	
䳚	qʰɑt4	
䳝	pʰɨw2	
䳟	mˠaŋ1	
䳢	ɡˠi1	
䳤	pʲet4	
䳦	xˠwən1	
䳦	sʲwen1	
䳩	ʔʲew1	
䳫	ɡʲwi1	
䳯	ɖˠuŋ1	
䳲	tɕin3	
䳳	sʲwit4	
䳴	dɑp4	
䳺	ʔɑm1	
䳻	dzɑm1	
䳻	dʐam3	
䳾	tɨŋ1	
䴀	dɨwŋ1	
䴁	ŋˠu1	
䴁	ŋˠu3	
䴃	ɳaw1	
䴅	vun1	
䴅	pən1	
䴆	pʰɨwk4	
䴆	buk4	
䴇	leŋ1	
䴊	ŋˠie1	
䴑	dep4	
䴚	qɑŋ2	
䴛	sʲew1	
䴜	ʔwaj1	
䴝	tʂʰwaj3	
䴟	ʁwɑn1	
䴠	ʔɑw2	
䴤	ʂaŋ1	
䴥	qa1	
䴦	ŋˠin1	
䴦	ŋˠɨn1	
䴧	ʔˠwie1	
䴬	ʑuk4	
䴬	jɨk4	
䴭	dzəj1	
䴮	ʂan3	
䴲	mɑt4	
䴳	ʁwat4	
䴵	pʲaŋ2	
䴷	ʁwən1	
䴷	ʁwan2	
䴷	ʁwan3	新
䴹	qwɑ2	
䴹	ʁwa2	
䴹	ʁwa3	新
䴺	bɨw2	
䴺	bɨw3	新
䴻	lˠi1	
䴼	tʂʰan3	
䴽	bʲie1	
䴾	dzɑ1	
䴿	mɨwŋ1	
䵀	swɑ2	
䵂	ɖˠak4	
䵂	dek4	
䵃	qwaŋ2	
䵈	qʰɨwk4	
䵋	ɰwi2	
䵋	qwəj3	
䵌	χem1	
䵎	tʰwɑn1	
䵏	lɑw2	
䵐	tɕʰen2	
䵑	ɳˠit4	
䵒	ɳˠit4	
䵔	tɨwŋ2	
䵖	qʰen2	
䵖	qʰen3	
䵗	bɨk4	
䵘	ʂaj3	
䵝	ʔˠi3	
䵞	ɡˠaŋ1	
䵟	qɑn2	
䵣	tɑt4	
䵤	ʁen2	
䵤	ʁen3	新
䵦	zʲa2	
䵦	zʲa3	新
䵧	tsəj3	
䵨	mawŋ1	
䵬	tʰɑp4	
䵮	ɕɑŋ1	
䵱	xˠɨk4	
䵳	ʔwɑj3	
䵳	ʔwaj3	
䵴	jɨŋ3	
䵵	tʂʰwat4	
䵵	tʂwet4	
䵸	tsʲʰɨw1	
䵹	ʈˠie1	
䵻	zʲwej3	
䵼	ɕɑŋ1	
䵽	tsʰɑp4	
䶀	tʰɑp4	
䶀	qʰɑp4	
䶂	paw3	
䶂	tɕɑk4	
䶂	tsʲɑk4	
䶂	tek4	
䶃	ʁɑm1	
䶃	qɑm1	
䶄	beŋ1	
䶅	lɑk4	
䶅	ʁɑk4	
䶆	tɕwi1	
䶈	pɑk4	
䶎	χap4	
䶐	ʔwɑj3	
䶐	ʔwaj3	
䶒	dzej1	
䶓	tsej3	
䶔	ɖˠie1	
䶖	ɡˠim3	
䶗	qʰa1	
䶘	lˠip4	
䶘	lɑp4	
䶙	ɡˠɨ2	
䶙	ɡˠɨ3	新
䶛	lɑt4	
䶜	ʁɨwk4	
䶜	quk4	
䶞	ɡˠi1	
䶞	kˠʰi1	
䶢	qʰap4	
䶢	qap4	
䶣	qəj1	
䶥	tʂɨ1	
䶥	tʂa1	
䶥	dʐa1	
䶦	tʂʰak4	
䶩	dzej3	
䶪	tʂʰat4	
䶬	qen1	
䶬	ŋˠet4	
䶱	tɕɨwŋ1	
䶱	duŋ1	
䶲	nɑm1	
䶲	ɲem1	
䶴	tɕʰwie1	
䶴	tɕʰwie3	
䶵	ɖˠie1	
一	ʔʲit4	
丁	ʈaŋ1	
丁	teŋ1	
丂	qʰɑw2	
七	tsʲʰit4	
丄	dʑɑŋ2	
丄	dʑɑŋ3	
丅	ʁa2	
丅	ʁa3	新
万	ɱən3	
万	mɨk4	
丈	ɖˠɑŋ2	
丈	ɖˠɑŋ3	新
三	sɑm1	
三	sɑm3	
上	dʑɑŋ2	
上	dʑɑŋ3	
下	ʁa2	
下	ʁa3	
不	fɨw1	
不	fɨw2	
不	fu1	新
不	fu2	新
与	jɨ2	
丏	men2	
丐	qɑj3	
丑	ʈˠʰɨw2	
且	tsʲɨ1	
且	tsʲʰa2	
丕	pˠʰi1	
世	ɕej3	
丘	kˠʰɨw1	
丙	pˠaŋ2	
丞	dʑɨŋ1	
丞	dʑɨŋ3	
丠	kˠʰɨw1	
丣	jɨw2	
並	beŋ2	
並	beŋ3	新
丨	qwən2	
丩	kˠɨw1	
个	qɑ3	
丫	ʔa1	
中	ʈˠɨwŋ1	
中	ʈˠɨwŋ3	
丮	kˠak4	
丯	qaj3	
丰	fʰuŋ1	
丱	qwan3	
串	qwan3	
丳	tʂʰan2	
丵	dʐawk4	
丶	ʈˠu2	
丸	ʁwɑn1	
丹	tɑn1	
主	tɕu2	
丼	tɑm2	
丽	lej3	
丿	jej3	
丿	pʰet4	
乀	fʰut4	
乂	ŋˠəj3	
乃	nəj2	
久	kˠɨw2	
之	tɕi1	
乍	dʐa3	
乎	ʁu1	
乏	vəp4	
乑	ŋˠim1	
乖	qwaj1	
乘	ʑɨŋ1	
乘	ʑɨŋ3	
乙	ʔˠit4	
乜	mʲa2	
九	kˠɨw2	
乞	kˠʰɨt4	
也	ja2	
乳	ɲu2	
乾	qɑn1	
乾	ɡˠen1	
亂	lwɑn3	
亄	ʔˠi3	
亄	ʔˠit4	
亅	ɡˠwət4	
了	lew2	
予	jɨ1	
予	jɨ2	
事	tʂi3	
事	dʐi3	
二	ɲi3	
亍	ʈˠu3	
亍	ʈˠʰuk4	
于	ɰu1	
云	ɰun1	
互	ʁu3	
五	ɴu2	
井	tsʲaŋ2	
亖	sʲi3	
亙	qɨŋ3	
些	sʲa1	
些	sej3	
些	sɑ3	
亞	ʔa3	
亟	kˠʰi3	
亟	kˠɨk4	
亡	ɱɑŋ1	
亢	qɑŋ1	
亢	qʰɑŋ3	
交	qaw1	
亥	ʁəj2	
亥	ʁəj3	新
亦	jak4	
亨	χaŋ1	
亨	pʰaŋ1	
亨	xˠɑŋ2	
京	kˠaŋ1	
亭	deŋ1	
亮	lˠɑŋ3	
亯	xˠɑŋ2	
亳	bɑk4	
亶	tɑn2	
亹	mən1	
亹	ɱuj2	
人	ɲin1	
亼	dzʲip4	
什	dʑip4	
仁	ɲin1	
仂	lˠɨk4	
仂	lɨk4	
仃	teŋ1	
仄	tʂɨk4	
仆	fʰu3	
仆	fʰɨw3	
仆	pʰɨw3	
仆	bɨk4	
仇	ɡˠɨw1	
仉	tɕɑŋ2	
今	kˠim1	
介	qaj3	
仍	ɲɨŋ1	
从	dzʲuŋ1	
仔	tsʲi1	
仔	tsʲi2	
仕	dʐi2	
仕	dʐi3	新
他	tʰɑ1	
仗	ɖˠɑŋ2	
仗	ɖˠɑŋ3	
付	fu3	
仙	sʲen1	
仚	xˠen1	
仛	dɑk4	
仜	ʁɨwŋ1	
仝	dɨwŋ1	
仞	ɲin3	
仟	tsʰen1	
仠	qɑn2	
仡	xˠɨt4	
仡	ŋˠɨt4	
仢	dʑɑk4	
代	dəj3	
令	lˠen1	
令	lˠaŋ1	
令	leŋ1	
令	lˠaŋ3	
令	leŋ3	
以	ji2	
仯	tʂʰaw3	
仰	ŋˠɑŋ2	
仰	ŋˠɑŋ3	
仲	ɖˠɨwŋ3	
仳	bʲi1	
仳	pʲʰie2	
仳	bˠi2	
仳	bˠi3	新
仵	ɴu2	
件	ɡˠen2	
件	ɡˠen3	新
价	qaj3	
仸	ʔˠew2	
仹	fʰuŋ1	
任	ɲim1	
任	ɲim3	
份	pˠin1	
仿	fʰɑŋ2	
伀	tɕuŋ1	
企	kʲʰie2	
企	kʲʰie3	
伂	pɑj3	
伃	jɨ1	
伄	tew3	
伆	ɱun2	
伆	ɱut4	
伈	sʲim2	
伉	qʰɑŋ3	
伊	ʔʲi1	
伋	kˠip4	
伍	ɴu2	
伎	ɡʲie1	
伎	ɡˠie2	
伎	tɕie3	
伎	ɡˠie3	新
伏	vɨw3	
伏	vɨwk4	
伐	vət4	
休	xˠɨw1	
伭	ʁen1	
伭	ʁwen1	
伯	pak4	
估	qu2	
伱	ɳˠi2	
伴	bɑn2	
伴	bɑn3	
伶	leŋ1	
伷	ɖˠɨw3	
伸	ɕin1	
伹	tsʲʰɨ1	
伹	dzu2	
伹	dzu3	新
伺	sʲi1	
伺	sʲi3	
伻	pʰaŋ1	
似	zʲi2	
似	zʲi3	新
伽	ɡˠɑ1	
伾	pˠʰi1	
伿	tɕie3	
伿	jie3	
佀	zʲi2	
佀	zʲi3	新
佁	ji2	
佁	jəj2	
佁	ʈˠʰi3	
佂	tɕaŋ1	
佃	den1	
佃	den3	
佅	maj3	
但	dɑn1	
但	dɑn2	
但	dɑn3	
佇	ɖˠɨ2	
佇	ɖˠɨ3	新
佈	pu3	
佉	kˠʰɑ1	
佊	pˠie2	
佊	pˠie3	
佋	dʑew1	
佋	dʑew2	
佋	dʑew3	新
佌	tsʲʰie2	
位	ɰwi3	
低	tej1	
住	ɖˠu3	
住	ʈˠu3	
佐	tsɑ3	
佑	ɰɨw3	
佒	ʔɑŋ1	
体	bən2	
体	bən3	新
佔	tem1	
何	ʁɑ1	
何	ʁɑ2	
何	ʁɑ3	新
佖	bʲit4	
佖	bˠit4	
佗	dɑ1	
佗	tʰɑ1	
余	jɨ1	
余	dʑa1	
佚	jit4	
佛	vut4	
作	tsu3	
作	tsɑ3	
作	tsɑk4	
佝	χɨw3	
佞	neŋ3	
佟	duŋ1	
佩	bəj3	
佪	ʁwəj1	
佫	ʁɑk4	
佮	qɑp4	
佮	tʰɑp4	
佮	ʔɑp4	
佯	jɑŋ1	
佯	dzʲɑŋ1	
佰	mak4	
佳	qaj1	
佳	qa1	新
佴	ɲi3	
佴	nəj3	
併	pʲaŋ2	
併	beŋ2	
併	pʲaŋ3	
併	beŋ3	新
佶	ɡˠit4	
佸	qwɑt4	
佸	ʁwɑt4	
佹	kˠwie2	
佺	tsʲʰwen1	
佻	tʰew1	
佻	dew1	
佼	qaw1	
佼	ʁaw2	
佼	qaw2	
佼	ʁaw3	新
佽	tsʲʰi3	
佾	jit4	
使	ʂi2	
使	ʂi3	
侀	ʁeŋ1	
侁	ʂin1	
侂	tʰɑk4	
侃	qʰɑn2	
侃	qʰɑn3	
侄	tɕit4	
侅	qʰəj1	
侅	qəj1	
侅	ʁaj2	
侅	ʁəj2	
侅	ʁaj3	新
侅	ʁəj3	新
來	ləj1	
侈	tɕʰie2	
侉	ʔɑ3	
侊	qwɑŋ1	
侊	qwaŋ1	
例	lˠej3	
侍	dʑi3	
侎	mʲie2	
侏	tɕu1	
侐	xʲwi3	
侐	xˠwɨk4	
侑	ɰɨw3	
侒	ʔɑn1	
侔	mɨw1	
侖	lˠwin1	
侗	dɨwŋ1	
侗	tʰɨwŋ1	
侗	tʰɨwŋ2	
侘	ʈʰa1	
侘	ʈʰa3	
侙	ʈˠʰɨk4	
侚	zʲwin3	
供	kˠuŋ1	
供	kˠuŋ3	
侜	ʈˠɨw1	
依	ʔˠɨj1	
侮	ɱu2	
侯	ʁɨw1	
侲	tɕin1	
侲	tɕin3	
侳	tswɑ1	
侳	tswɑ3	
侵	tsʲʰim1	
侶	lˠɨ2	
侷	ɡˠuk4	
侸	tɨw1	
侹	tʰeŋ2	
侹	tʰeŋ3	
侺	dʑim3	
侻	tʰwɑt4	
便	bʲen1	
便	bʲen3	
俁	ŋˠu2	
係	qej3	
促	tsʲʰuk4	
俄	ɴɑ1	
俅	ɡˠɨw1	
俆	zʲɨ1	
俇	ɡˠwɑŋ2	
俇	kˠwɑŋ3	
俇	ɡˠwɑŋ3	新
俊	tsʲwin3	
俋	ɖˠip4	
俌	fu2	
俌	fʰu2	
俍	lɑŋ2	
俎	tʂɨ2	
俏	tsʲʰew3	
俑	tʰɨwŋ1	
俑	juŋ2	
俒	ʁwən1	
俒	ʁwən3	
俓	ɴen1	
俓	ɴaŋ1	
俓	qeŋ3	
俔	ʁen2	
俔	qʰen3	
俔	ʁen3	新
俕	sɑm3	
俖	pʰəj2	
俗	zʲuk4	
俘	fʰu1	
俙	xˠɨj1	
俙	χaj1	
俙	xˠɨj2	
俚	lˠi2	
俛	mˠen2	
俜	pʰeŋ1	
俜	pʲʰaŋ3	
保	pɑw2	
俞	ju1	
俞	ʈˠʰɨw3	
俟	ɡˠɨj1	
俟	ʐi2	
俟	ʐi3	新
俠	ʁep4	
信	sʲin3	
修	sʲɨw1	
俯	fu2	
俰	ʁwɑ3	
俱	kˠu1	
俳	baj1	
俴	dzʲen2	
俴	tsʲen2	
俴	dzʲen3	新
俵	pˠew3	
俶	tɕʰɨwk4	
俸	pɨwŋ2	
俸	vuŋ3	
俹	ʔa3	
俺	ʔˠem3	
俺	ʔˠəm3	
俻	bˠi3	
俾	pʲie2	
倀	ʈˠʰɑŋ1	
倀	ʈaŋ3	
倃	qɑw1	
倃	ɡˠɨw2	
倃	ɡˠɨw3	新
倄	ʁaw1	
倄	ɰwəj2	
倅	tsʰwəj3	
倅	tswət4	
倇	ʔˠwən2	
倈	lˠi1	
倉	tsʰɑŋ1	
個	qɑ3	
倌	qwɑn1	
倌	qwan3	
倍	bəj2	
倍	bəj3	新
倏	ɕɨwk4	
倒	tɑw2	
倒	tɑw3	
倓	dɑm1	
倓	dɑm2	
倓	dɑm3	
倔	ɡˠut4	
倕	dʑwie1	
倖	ʁaŋ2	
倖	ʁaŋ3	新
倗	bɨŋ1	
倗	pʰɨŋ2	
倗	bɨŋ3	
候	ʁɨw3	
倚	ʔˠie2	
倚	ʔˠie3	
倜	tʰek4	
倝	qɑn3	
倞	ɡˠaŋ3	
借	tsʲa3	
借	tsʲak4	
倠	xʲwi1	
倡	tɕʰɑŋ1	
倡	tɕʰɑŋ3	
倢	dzʲep4	
倣	fɑŋ2	
倥	qʰɨwŋ1	
倥	qʰɨwŋ2	
倥	qʰɨwŋ3	
倦	ɡˠwen3	
倧	tsuŋ1	
倨	kˠɨ3	
倩	tsʰen3	
倩	tsʲʰaŋ3	
倪	ɴej1	
倫	lˠwin1	
倬	ʈawk4	
倭	ʔˠwie1	
倭	ʔwɑ1	
倭	ʔwɑ2	
倯	sʲuŋ1	
倰	lɨŋ1	
倱	ʁwən2	
倱	ʁwən3	新
倲	tɨwŋ1	
倳	tʂi3	
值	ɖˠi3	
偁	tɕʰɨŋ1	
偃	ʔˠən2	
偄	ɲwen2	
偄	nwɑn3	
偅	tɕuŋ3	
偆	tɕʰwin2	
偆	ʈˠʰwin2	
假	qa2	
假	qa3	
偈	ɡˠej3	
偈	ɡˠet4	
偉	ɰuj2	
偋	bʲaŋ3	
偎	ʔwəj1	
偏	pʲʰen1	
偏	pʲʰen3	
偐	ɴan3	
偑	fɨwŋ1	
偒	tʰɑŋ2	
偓	ʔawk4	
偔	ɴɑk4	
偕	qaj1	
偘	qʰɑn3	
偙	tej3	
偛	tʂap4	
停	deŋ1	
偝	bəj3	
偞	jep4	
偞	χep4	
偟	ʁwɑŋ1	
偠	ʔew2	
偡	ɖam2	
偡	ɖam3	新
偤	jɨw1	
健	ɡˠən3	
偩	vɨw2	
偩	vɨw3	新
偪	fɨwk4	
偪	pˠɨk4	
偫	ɖˠi2	
偫	ɖˠi3	新
偭	mʲen2	
偭	mʲen3	
偯	ʔˠɨj2	
偰	set4	
偲	sʲi1	
偲	tsʰəj1	
偳	twɑn1	
偳	tʰwɑn1	
側	tʂɨk4	
偵	ʈˠʰaŋ1	
偵	ʈaŋ3	
偵	ʈˠʰaŋ3	
偶	ɴɨw2	
偶	ɴɨw3	
偷	tʰɨw1	
傀	qwəj1	
傀	qʰwəj2	
傁	sɨw2	
傂	sʲie1	
傂	ɖˠie1	
傂	ɖˠie2	
傂	ɖˠie3	新
傃	su3	
傄	χwat4	
傅	fu3	
傆	ŋˠwən3	
傉	nuk4	
傋	qawŋ2	
傋	χawŋ2	
傌	ma3	
傍	bɑŋ1	
傍	bɑŋ3	
傎	ten1	
傏	dɑŋ1	
傑	ɡˠet4	
傒	ʁej1	
傓	ɕen3	
傔	qʰem3	
傕	qawk4	
傖	dʐaŋ1	
傗	ʈˠʰɨwk4	
傘	sɑn2	
備	bˠi3	
傚	ʁaw3	
傛	juŋ1	
傛	juŋ2	
傜	jew1	
傝	tʰɑm3	
傝	tʰɑp4	
傞	tsʰɑ1	
傞	sɑ1	
傪	tsʰɑm1	
傪	tsʰɑm2	
催	tsʰwəj1	
傭	juŋ1	
傭	ʈˠʰuŋ1	
傮	tsɑw1	
傯	tsɨwŋ2	
傯	tsɨwŋ3	
傱	sʲuŋ2	
傲	ɴɑw3	
傳	ɖˠwen1	
傳	ɖˠwen3	
傳	ʈˠwen3	
傴	ʔˠu2	
債	tʂaj3	
債	tʂak4	
傶	tsuk4	
傷	ɕɑŋ1	
傷	ɕɑŋ3	
傸	tʂʰɑŋ2	
傺	ʈˠʰej3	
傻	ʂwa2	
傻	ʂwa3	
傾	kʲʰwaŋ1	
傿	ʔˠən3	
僀	tej3	
僁	sʲit4	
僁	set4	
僂	lɨw1	
僂	lˠu2	
僂	lɨw3	
僄	pʲʰew1	
僄	pʲʰew3	
僅	ɡˠin3	
僆	lˠen2	
僆	len3	
僇	lˠɨw3	
僇	lˠɨwk4	
僉	tsʲʰem1	
僊	sʲen1	
僋	tʰɑm3	
僋	lɑm3	
僎	tsʲwin1	
僎	dʐwen2	
僎	dʐwen3	
像	zʲɑŋ2	
像	zʲɑŋ3	新
僐	dʑen2	
僐	dʑen3	
僑	ɡˠew1	
僒	ɡˠwin2	
僒	ɡˠwin3	新
僓	tʰwəj2	
僓	ʁwəj3	
僔	tswən2	
僕	bɨwk4	
僕	buk4	
僖	xˠi1	
僗	lɑw3	
僘	tɕʰɑŋ2	
僙	qwɑŋ1	
僚	lew1	
僚	lˠew2	
僛	kˠʰi1	
僜	ʈˠʰɨŋ1	
僜	dɨŋ3	
僝	dʐan1	
僝	dʐwen3	
僞	ŋˠwie3	
僟	kˠɨj1	
僢	tɕʰwin2	
僣	tʰet4	
僤	dʑen1	
僤	dɑn2	
僤	dɑn3	
僥	ɴew1	
僦	tsʲɨw3	
僧	sɨŋ1	
僨	fun3	
僩	ʁan2	
僩	qan2	
僩	ʁan3	新
僬	dzʲew1	
僬	tsʲew1	
僬	tsʲew3	
僭	tsem3	
僮	dɨwŋ1	
僯	lˠin2	
僰	bɨk4	
僵	kˠɑŋ1	
僶	mʲin2	
僸	ŋˠim2	
僸	kˠim3	
價	qa3	
僻	pʲʰak4	
僻	pʰek4	
僽	dʐɨw3	
僾	ʔˠɨj2	
僾	ʔəj3	
僿	ɕi3	
儀	ŋˠie1	
儁	tsʲwin3	
儂	nuŋ1	
儃	dɑn1	
儃	dʑen1	
億	ʔˠɨk4	
儅	tɑŋ1	
儅	tɑŋ3	
儆	kˠaŋ2	
儆	ɡˠaŋ3	
儇	xʲwen1	
儈	qwɑj3	
儉	ɡˠem2	
儉	ɡˠem3	新
儊	tʂʰɨ3	
儋	tɑm1	
儌	qew2	
儐	pʲin1	
儐	pʲin3	
儑	ɴɑm3	
儑	ɴɑp4	
儒	ɲu1	
儓	dəj1	
儓	tʰəj3	
儔	ɖˠɨw1	
儔	dɑw3	
儕	dʐaj1	
儖	lɑm1	
儗	ŋˠi2	
儗	ŋˠi3	
儗	ɴəj3	
儗	χəj3	
儛	ɱu2	
儜	ɳaŋ1	
償	dʑɑŋ1	
償	dʑɑŋ3	
儠	lˠep4	
儡	lwəj1	
儡	lwəj2	
儢	lˠɨ2	
儥	dɨwk4	
儥	jɨwk4	
儦	pˠew1	
儩	sʲie3	
優	ʔˠɨw1	
儭	tʂʰin3	
儭	tsʲʰin3	
儯	dɨŋ1	
儰	ɰwie2	
儱	lɨwŋ2	
儱	lˠuŋ3	
儲	ɖˠɨ1	
儳	dʐam1	
儳	dʐam3	
儳	tʂʰam3	
儴	ɲɑŋ1	
儵	ɕɨwk4	
儶	ʁwej3	
儷	lej3	
儸	lɑ1	
儹	tswɑn2	
儺	nɑ1	
儻	tʰɑŋ2	
儻	tʰɑŋ3	
儼	ŋˠəm2	
儽	lˠwi1	
儽	lwəj3	
儾	nɑŋ3	
兀	ɴwət4	
允	jwin2	
兂	tʂim1	
元	ŋˠwən1	
兄	xˠwaŋ1	
充	tɕʰɨwŋ1	
兆	ɖˠew2	
兆	ɖˠew3	新
兇	xˠuŋ1	
兇	xˠuŋ2	
先	sen1	
先	sen3	
光	qwɑŋ1	
光	qwɑŋ3	
克	qʰɨk4	
兌	dwɑj3	
免	mˠen2	
兒	ɲie1	
兒	ɴej1	
兓	tsʲim1	
兔	tʰu3	
兕	zʲi2	
兕	zʲi3	新
兗	jwen2	
兜	tɨw1	
兟	ʂin1	
兢	kˠɨŋ1	
入	ɲip4	
內	nwəj3	
全	dzʲwen1	
兩	lˠɑŋ2	
兩	lˠɑŋ3	
八	pat4	
公	qɨwŋ1	
六	lˠɨwk4	
兮	ʁej1	
共	kˠuŋ1	
共	ɡˠuŋ3	
兵	pˠaŋ1	
其	ɡˠi1	
其	kˠi1	
具	ɡˠu3	
典	ten2	
兹	dzʲi1	
兹	tsʲi1	
兼	qem1	
兼	qem3	
兾	kˠi3	
冀	kˠi3	
冂	mek4	
冃	mɑw3	
冉	ɲem1	
冉	ɲem2	
冊	tʂʰak4	
冋	qweŋ1	
冋	ʁweŋ2	
冋	ʁweŋ3	新
再	tsəj3	
冎	qwa2	
冑	ɖˠɨw3	
冒	mɑw3	
冒	mɨk4	
冓	qɨw1	
冓	qɨw3	
冔	xˠu2	
冕	mˠen2	
冘	jɨw1	
冘	jim1	
冞	mʲie1	
冟	ɕak4	
冠	qwɑn1	
冠	qwɑn3	
冡	mɨwŋ1	
冢	ʈˠuŋ2	
冤	ʔˠwən1	
冥	meŋ1	
冫	pˠɨŋ1	
冬	tuŋ1	
冰	pˠɨŋ1	
冱	ʁu3	
况	xˠwɑŋ3	
冶	ja2	
冷	leŋ1	
冷	laŋ2	
冷	leŋ2	
冸	pʰɑn3	
冹	fut4	
冹	fət4	
冽	lˠet4	
凄	tsʰej1	
凅	qu3	
准	tɕwin2	
凇	zʲuŋ1	
凇	sʲuŋ1	
凇	sɨwŋ3	
凈	tʂʰaŋ1	
凉	lˠɑŋ1	
凊	tsʲʰaŋ3	
凋	tew1	
凌	lˠɨŋ1	
凍	tɨwŋ1	
凍	tɨwŋ3	
凒	ŋˠɨj1	
凓	lˠit4	
凔	tsʰɑŋ1	
凔	tʂʰɑŋ3	
凘	sʲie1	
凙	dɑk4	
凚	ɡˠim2	
凚	ɡˠim3	
凜	ɡˠim1	
凜	lˠim2	
凝	ŋˠɨŋ1	
凝	ŋˠɨŋ3	
几	kˠi2	
凡	vəm1	
凭	bˠɨŋ1	
凭	bˠɨŋ3	
凰	ʁwɑŋ1	
凱	qʰəj2	
凳	tɨŋ3	
凵	kˠʰəm2	
凶	xˠuŋ1	
凷	qʰwəj3	
凸	dwət4	
凸	det4	
凹	ʔap4	
出	tɕʰwi3	
出	tɕʰwit4	
函	ʁɑm1	
函	ʁam1	
刀	tɑw1	
刁	tew1	
刃	ɲin3	
分	fun1	
分	vun3	
切	tsʰej3	
切	tsʰet4	
刈	ŋˠəj3	
刊	qʰɑn1	
刌	tsʰwən2	
刎	ɱun2	
刏	ɡˠɨj1	
刏	kˠɨj1	
刏	qwəj3	
刑	ʁeŋ1	
划	ʁwa1	
划	qwɑ2	
划	qwɑ3	
刓	ɴwɑn1	
刕	lˠi1	
刖	ŋˠwət4	
刖	ɴwət4	
刖	ɴwat4	
列	ʈˠu1	
列	lˠet4	
刜	vut4	
刜	fʰut4	
初	tʂʰɨ1	
刞	tsʲʰɨ3	
刡	mʲin2	
刢	leŋ1	
判	pʰɑn3	
別	bˠet4	
別	pˠet4	
利	lˠi3	
刪	ʂan1	
刮	qwat4	
到	tɑw3	
刱	tʂʰɑŋ3	
刲	qʰwej1	
刳	qʰu1	
刵	ɲi3	
制	tɕej3	
刷	ʂwat4	
刷	ʂwet4	
券	kˠʰwən3	
刹	tʂʰat4	
刺	tsʲʰie3	
刺	tsʲʰak4	
刻	qʰɨk4	
刾	tsʲʰie3	
剁	twɑ3	
剃	tʰej3	
剄	qeŋ2	
剅	tɨw1	
剆	lɑ1	
剆	lɑ2	
則	tsɨk4	
剈	ʔwen1	
剉	tsʰwɑ3	
削	sʲɑk4	
剋	qʰɨk4	
剌	lɑt4	
前	dzen1	
剒	tsʰɑk4	
剔	tʰek4	
剖	fʰu2	
剖	pʰɨw2	
剗	tʂʰan2	
剚	tʂi3	
剛	qɑŋ1	
剜	ʔwɑn1	
剝	pawk4	
剞	kˠie2	
剟	twɑt4	
剟	ʈˠwet4	
剠	ɡˠaŋ1	
剡	jem2	
剡	dʑem2	
剡	dʑem3	新
剢	tɨwk4	
剨	χwak4	
剩	ʑɨŋ3	
剪	tsʲen2	
剫	dɑk4	
剬	twɑn1	
剬	tɕwen2	
剭	ʔɨwk4	
剮	qwa2	
副	fʰɨw3	
副	fʰɨwk4	
副	pˠʰɨk4	
副	fʰu3	新
割	qɑt4	
剴	qəj1	
剴	ɴəj1	
創	tʂʰɑŋ1	
創	tʂʰɑŋ3	
剶	tsʲwen1	
剶	ʈˠʰwen1	
剸	dwɑn1	
剸	tɕwen2	
剸	tɕwen3	
剹	lˠɨwk4	
剺	lˠi1	
剽	bʲew1	
剽	pʲʰew3	
剾	ʔɨw1	
剾	qʰɨw1	
剿	tsʲew2	
劀	qwat4	
劁	dzʲew1	
劁	dzʲew3	
劂	kˠwət4	
劃	ʁwak4	
劃	χwak4	
劄	ʈap4	
劇	ɡˠak4	
劈	pʰek4	
劉	lˠɨw1	
劊	qwɑj3	
劊	qwɑt4	
劋	tsew2	
劋	tsʲew2	
劌	kˠwej3	
劐	χwɑk4	
劑	tsʲwie1	
劑	dzej3	
劒	kˠəm3	
劓	ŋˠi3	
劕	tɕit4	
劖	dʐam1	
劗	dzwɑn1	
劗	tswɑn1	
劘	mɑ1	
劙	lˠie1	
劙	lej2	
劙	lej3	
力	lˠɨk4	
劜	ʔat4	
功	qɨwŋ1	
加	qa1	
劣	lˠwet4	
劤	kˠɨn3	
劥	qʰaŋ1	
劦	ʁep4	
助	dʐɨ3	
努	nu2	
劫	kˠəp4	
劬	ɡˠu1	
劭	dʑew3	
劮	jit4	
効	ʁaw3	
劺	mɨw1	
劻	kˠʰwɑŋ1	
劼	qʰat4	
劾	qʰaj3	
劾	ʁəj3	
劾	ʁɨk4	
勀	qʰɨk4	
勁	kʲaŋ3	
勃	bət4	
勅	ʈˠʰɨk4	
勇	juŋ2	
勉	mˠen2	
勍	ɡˠaŋ1	
勑	ləj3	
勒	lɨk4	
勔	mʲen2	
動	dɨwŋ2	
動	dɨwŋ3	新
勖	xˠuk4	
勘	qʰɑm3	
務	ɱu3	
勛	xˠun1	
勜	ʔɨwŋ2	
勝	ɕɨŋ1	
勝	ɕɨŋ3	
勞	lɑw1	
勞	lɑw3	
募	mu3	
勠	lˠɨw1	
勠	lˠɨw3	
勠	lˠɨwk4	
勡	pʲʰew3	
勢	ɕej3	
勣	tsek4	
勤	ɡˠɨn1	
勥	ɡˠɑŋ1	
勥	ɡˠɑŋ2	
勥	ɡˠɑŋ3	新
勦	dʐaw1	
勦	tsʲew2	
勨	jɑŋ2	
勨	zʲɑŋ2	
勨	zʲɑŋ3	新
勩	ji3	
勩	jej3	
勬	kˠwen1	
勬	kˠwen3	
勮	ɡˠɨ3	
勰	ʁep4	
勱	maj3	
勳	xˠun1	
勴	lˠɨ3	
勵	lˠej3	
勷	ɲɑŋ1	
勸	kˠʰwən3	
勹	paw1	
勺	tɕɑk4	
勺	dʑɑk4	
勻	jwin1	
勼	kˠɨw1	
勽	ɱun2	
勽	bɑw3	
勿	ɱut4	
匃	qɑj3	
匃	qɑt4	
包	paw1	
匈	xˠuŋ1	
匉	pʰaŋ1	
匊	kˠɨwk4	
匋	dɑw1	
匌	qɑp4	
匌	qʰɑp4	
匍	bu1	
匏	baw1	
匐	vɨwk4	
匐	bɨk4	
匑	kˠɨwŋ1	
匑	kˠʰɨwŋ1	
匓	kˠɨw3	
匕	pʲi2	
化	χwa3	
北	pɨk4	
匙	dʑie1	
匚	fɑŋ1	
匜	jie1	
匜	jie2	
匠	dzʲɑŋ3	
匡	kˠʰwɑŋ1	
匣	ʁap4	
匤	kˠʰuk4	
匥	bˠen3	
匧	qʰep4	
匨	tsɑŋ1	
匪	fuj2	
匫	χwət4	
匭	kˠwi2	
匯	qʰwaj1	
匯	ʁwəj2	
匯	ʁwəj3	新
匰	tɑn1	
匱	ɡˠwi3	
匳	lˠem1	
匴	swɑn2	
匵	dɨwk4	
匶	ɡˠɨw3	
匸	ʁej2	
匸	ʁej3	新
匹	pʲʰit4	
医	ʔej3	
匽	ʔˠən2	
匾	pen2	
匿	ɳˠɨk4	
區	kˠʰu1	
區	ʔɨw1	
十	dʑip4	
卂	ʈˠwej3	
卂	sʲin3	
千	tsʰen1	
卅	sɑp4	
升	ɕɨŋ1	
午	ɴu2	
卉	xˠuj2	
卉	xˠuj3	
半	pɑn3	
卌	sʲip4	
卑	pʲie1	
卒	tsʲwit4	
卒	tsʰwət4	
卒	tswət4	
卓	ʈawk4	
協	ʁep4	
南	nɑm1	
卙	tɕʰip4	
博	pɑk4	
卛	kˠwən3	
卜	pɨwk4	
卝	ʁwaŋ2	
卝	ʁwaŋ3	新
卞	bˠen3	
卟	qej1	
卟	qʰej2	
占	tɕem1	
占	tɕem3	
卣	jɨw1	
卣	jɨw2	
卤	sej1	
卦	qwaj3	
卦	qwa3	新
卬	ɴɑŋ1	
卬	ŋˠɑŋ2	
卯	maw2	
印	ʔʲin3	
危	ŋˠwie1	
卲	dʑew3	
即	tsʲɨk4	
却	kˠʰɑk4	
卵	lwɑn2	
卵	lwɑ2	
卶	ɕie3	
卶	tɕʰie3	
卷	ɡˠwen1	
卷	ɡˠwən2	
卷	kˠwen2	
卷	kˠwen3	
卷	ɡˠwən3	新
卸	sʲa3	
卹	sʲwit4	
卻	kˠɑk4	
卻	kˠʰɑk4	
卽	tsʲɨk4	
卿	kˠʰaŋ1	
厀	sʲit4	
厂	χɑn2	
厂	χɑn3	
厃	tɕem1	
厄	ʔak4	
厇	ʈak4	
厊	ɴa2	
厎	tɕi2	
厏	tʂa2	
厏	dʐa2	
厏	dʐa3	新
厒	qʰɑp4	
厓	ɴaj1	
厖	mawŋ1	
厗	dej1	
厙	ɕa3	
厚	ʁɨw2	
厚	ʁɨw3	
厜	tsʲwie1	
厝	tsʰu3	
厝	tsʰɑk4	
原	ŋˠwən1	
厤	lek4	
厥	kˠut4	
厥	kˠwət4	
厧	ten1	
厬	kˠwi2	
厭	ʔʲem2	
厭	ʔʲem3	
厭	ʔʲep4	
厱	qʰam1	
厱	kˠʰəm1	
厲	lˠej3	
厴	ʔʲem2	
厵	ŋˠwən1	
厶	sʲi1	
厸	mem2	
厹	ɡˠɨw1	
去	kˠʰɨ2	
去	kˠʰɨ3	
厽	lˠwie2	
叀	dʑwen3	
參	ʂim1	
參	tʂʰim1	
參	tsʰɑm1	
參	sɑm1	
參	tsʰɑm3	
又	ɰɨw3	
叉	tʂʰaj1	
叉	tʂʰa1	
及	ɡˠip4	
友	ɰɨw2	
反	fʰən1	
反	fən2	
叒	ɲɑk4	
叔	ɕɨwk4	
叕	ʈˠwet4	
取	tsʲʰu2	
取	tsʰɨw2	
受	dʑɨw2	
受	dʑɨw3	新
叚	qa2	
叛	bɑn3	
叜	sɨw2	
叟	sɨw2	
叡	jwej3	
叢	dzɨwŋ1	
口	qʰɨw2	
古	qu2	
句	ɡˠu1	
句	qɨw1	
句	kˠu3	
句	qɨw3	
叨	tʰɑw1	
叩	qʰɨw2	
只	tɕie1	
只	tɕie2	
叫	qew3	
召	ɖˠew3	
召	dʑew3	
叮	teŋ1	
可	qʰɑ2	
台	ji1	
台	tʰəj1	
叱	tɕʰit4	
史	ʂi2	
右	ɰɨw2	
右	ɰɨw3	
叴	ɡˠɨw1	
叵	pʰɑ2	
叶	ʁep4	
号	ʁɑw3	
司	sʲi1	
叿	χɨwŋ1	
吁	xˠu1	
吁	ɰu3	
吂	mɑŋ1	
吂	mɑŋ3	
吃	kˠɨt4	
各	qɑk4	
吅	xˠwən1	
吅	zʲuŋ3	
合	ʁɑp4	
合	qɑp4	
吉	kʲit4	
同	dɨwŋ1	
名	mʲaŋ1	
后	ʁɨw2	
后	ʁɨw3	
吏	lˠi3	
吐	tʰu2	
吐	tʰu3	
向	ɕɑŋ3	
向	xˠɑŋ3	
吒	ʈa3	
君	kˠun1	
吝	lˠin3	
吞	tʰən1	
吞	tʰen1	
吟	ŋˠim1	
吟	ŋˠim3	
吠	vəj3	
吡	pʲʰie2	
吡	bʲit4	
吣	tsʲʰim3	
否	bˠi2	
否	fɨw2	
否	fu2	新
否	bˠi3	新
吧	pʰa1	
吧	pa1	
吨	tʰwən2	
吪	ɴwɑ1	
含	ʁɑm1	
听	ŋˠin2	
听	ŋˠɨn2	
吭	ʁɑŋ1	
吭	ʁɑŋ2	
吭	ʁɑŋ3	
吮	ʑwin2	
吮	dzʲwen2	
吮	ʑwin3	新
吮	dzʲwen3	新
启	qʰej2	
吰	ʁwaŋ1	
吱	kʲʰie3	
吳	ɴu1	
吵	mʲew2	
吵	tʂʰaw2	
吶	ɳˠwet4	
吷	xʲwet4	
吸	xˠip4	
吹	tɕʰwie1	
吹	tɕʰwie3	
吺	tɨw1	
吻	ɱun2	
吼	χɨw2	
吼	χɨw3	
吽	χɨw2	
吾	ɴu1	
吾	ɴa1	
呀	ɴa1	
呀	χa1	
呁	kʲwin3	
呂	lˠɨ2	
呈	ɖˠaŋ1	
呈	ɖˠaŋ3	
告	qɑw3	
告	quk4	
呝	ʔaj3	
呝	ʔak4	
呞	ɕi1	
呢	ɳˠi1	
呣	mɨw1	
呤	leŋ1	
呥	ɲem1	
呦	ʔʲɨw1	
周	tɕɨw1	
呪	tɕɨw3	
呫	tʰep4	
呬	xˠi3	
呭	jej3	
呰	tsʲie2	
呱	qu1	
味	ɱuj3	
呴	χɨw2	
呴	xˠu3	
呵	χɑ1	
呵	χɑ3	
呶	ɳaw1	
呷	χap4	
呺	xˠew1	
呻	ɕin1	
呼	χu1	
命	mˠaŋ3	
呾	tɑt4	
呾	ʔat4	
呿	kˠʰɑ1	
呿	kˠʰɨ3	
呿	kˠʰəp4	
咀	dzʲɨ2	
咀	tsʲɨ2	
咀	dzʲɨ3	新
咄	twət4	
咄	twɑt4	
咅	tʰɨw3	
咆	baw1	
咇	bʲit4	
咇	pˠit4	
咇	bet4	
咈	vut4	
咉	ʔɑŋ1	
咉	ʔɑŋ2	
咊	ʁwɑ1	
咋	tʂa3	
咋	dʐak4	
咋	tʂak4	
和	ʁwɑ1	
和	ʁwɑ3	
咍	χəj1	
咎	qɑw1	
咎	ɡˠɨw2	
咎	ɡˠɨw3	新
咏	ɰwaŋ3	
咟	ʁwak4	
咠	tsʲʰip4	
咠	tsʲip4	
咡	ɲi1	
咡	ɲi3	
咢	ɴɑk4	
咤	ʈa1	
咤	ʈa3	
咥	ʈˠʰit4	
咥	det4	
咥	tet4	
咦	xʲi1	
咨	tsʲi1	
咫	tɕie2	
咬	qaw1	
咬	ʔaw1	
咭	xʲit4	
咭	qʰat4	
咮	tɕu1	
咮	ʈˠɨw1	
咮	ʈˠu3	
咮	ʈˠɨw3	
咰	ʂwit4	
咳	ʁəj1	
咶	χwaj3	
咶	ʁwat4	
咷	dɑw1	
咷	tʰew3	
咸	ʁam1	
咹	ʔɑt4	
咺	xˠwən2	
咻	xˠɨw1	
咻	xˠu2	
咼	qʰwaj1	
咼	qʰwa1	新
咽	ʔen1	
咽	ʔen3	
咽	ʔet4	
咿	ʔʲi1	
哀	ʔəj1	
品	pˠʰim2	
哂	ɕin2	
哃	dɨwŋ1	
哄	ʁɨwŋ3	
哆	ʈʰa1	
哆	tɕʰie2	
哆	tɑ2	
哆	tɕʰa2	
哆	tɕʰi3	
哆	tɑ3	
哆	ʈa3	
哇	ʔaj1	
哇	ʔwa1	
哇	ʔa1	新
哈	ɴɑp4	
哉	tsəj1	
哊	ɰɨwk4	
員	ɰun1	
員	ɰwen1	
員	ɰun3	
哢	lɨwŋ3	
哤	mawŋ1	
哥	qɑ1	
哦	ɴɑ1	
哨	sʲew1	
哨	tsʲʰew3	
哫	tsʲuk4	
哭	qʰɨwk4	
哮	χaw1	
哮	χaw3	
哯	ʁen2	
哯	ʁen3	新
哰	lɑw1	
哱	pʰət4	
哲	ʈˠet4	
哳	ʈat4	
哴	lɑŋ1	
哴	lˠɑŋ3	
哵	pat4	
哷	lˠwet4	
哹	fɨw1	
哹	vɨw1	
哺	bu3	
哽	qaŋ2	
哿	qɑ2	
唁	ŋˠen3	
唂	qɨwk4	
唄	baj3	
唅	χɑm1	
唅	ʁɑm3	
唆	swɑ1	
唇	tɕin1	
唈	ʔˠip4	
唈	ʔɑp4	
唉	ʔəj1	
唉	ʔaj2	
唊	qep4	
唌	dɑn1	
唏	xˠɨj2	
唏	xˠɨj3	
唐	dɑŋ1	
唧	tsʲit4	
唧	tsʲɨk4	
唪	bɨwŋ2	
唪	vuŋ2	
唪	bɨwŋ3	新
唪	vuŋ3	新
唫	ŋˠim1	
唫	ɡˠim2	
唫	ɡˠim3	新
唬	χa3	
唬	qwak4	
唭	kˠʰi3	
售	dʑɨw3	
唯	jwi1	
唯	jwi2	
唱	tɕʰɑŋ3	
唲	ɲie1	
唲	ʔaj1	
唳	lej3	
唳	let4	
唴	kˠʰɑŋ3	
唵	ʔɑm2	
唶	tsʲa3	
唸	ten3	
唸	tem3	
唹	ʔˠɨ1	
唻	ləj1	
唻	ləj2	
唾	tʰwɑ3	
啀	ɴaj1	
啁	ʈaw1	
啁	ʈˠɨw1	
啂	nɨw2	
啄	tɨwk4	
啄	ʈawk4	
啅	ʈawk4	
商	ɕɑŋ1	
啇	tek4	
啉	lɑm1	
啌	χawŋ1	
啍	dwən1	
啎	ɴu3	
問	ɱun3	
啐	tʂʰwaj3	
啐	tsʰwəj3	
啐	swəj3	
啐	tsʲwit4	
啑	tej3	
啑	ʂap4	
啒	qwət4	
啒	χwət4	
啓	qʰej2	
啕	dɑw1	
啖	dɑm2	
啖	dɑm3	
啗	dɑm2	
啗	dɑm3	
啙	tsej1	
啙	tsʲie2	
啙	dzej2	
啙	dzej3	新
啚	du1	
啚	pˠi2	
啜	ʈˠwej3	
啜	dʑwej3	
啜	tɕʰwet4	
啜	ʈˠwet4	
啜	dʑwet4	
啞	ʔa2	
啞	ʔa3	
啞	ʔak4	
啡	pʰəj2	
啺	dɑŋ1	
啻	ɕie3	
啼	dej1	
啾	tsʲɨw1	
喀	qʰak4	
喁	ŋˠuŋ1	
喃	ɳam1	
善	dʑen2	
善	dʑen3	新
喅	jɨwk4	
喆	ʈˠet4	
喈	qaj1	
喉	ʁɨw1	
喊	χɑm2	
喊	ʁam2	
喊	χam2	
喊	ʁam3	新
喋	dep4	
喋	tep4	
喋	ɖap4	
喌	tɕɨw1	
喌	tɕɨwk4	
喎	qʰwaj1	
喎	qʰwa1	新
喑	ʔˠim1	
喑	ʔɑm1	
喑	ʔˠim3	
喓	ʔʲew1	
喔	ʔawk4	
喗	ŋˠun2	
喘	tɕʰwen2	
喙	xˠwəj3	
喚	χwɑn3	
喛	xˠwən1	
喛	χwɑn3	
喜	xˠi2	
喝	ʔaj3	
喝	χɑt4	
喟	kˠʰwi3	
喟	qʰwaj3	
喠	tɕuŋ2	
喠	tɕʰuŋ2	
喢	tɕʰep4	
喢	ʂep4	
喢	tʂʰap4	
喢	ʂap4	
喣	xˠu2	
喤	ʁwaŋ1	
喤	χwaŋ1	
喥	dɑk4	
喦	ɲep4	
喧	xˠwən1	
喪	sɑŋ1	
喪	sɑŋ3	
喫	qʰek4	
喬	kˠew1	
喬	ɡˠew1	
喭	ɴɑn3	
喭	ŋˠen3	
單	tɑn1	
單	dʑen1	
單	dʑen2	
單	dʑen3	
喻	ju3	
喿	sɑw3	
嗀	χɨwk4	
嗀	χawk4	
嗁	dej1	
嗂	jew1	
嗃	χaw1	
嗃	χaw3	
嗃	χɑk4	
嗄	ʔaj3	
嗄	ʂa3	
嗇	ʂɨk4	
嗈	ʔˠuŋ1	
嗉	su3	
嗊	χɨwŋ2	
嗋	xˠəp4	
嗌	ʔʲak4	
嗑	ʁɑp4	
嗑	qɑp4	
嗒	tɑp4	
嗒	tʰɑp4	
嗔	tɕʰin1	
嗔	den1	
嗕	ɲuk4	
嗗	ʔwat4	
嗙	paŋ1	
嗚	ʔu1	
嗛	qʰem2	
嗜	dʑi3	
嗝	qak4	
嗞	tsʲi1	
嗟	tsʲa1	
嗢	ʔwət4	
嗢	ʔwat4	
嗣	zʲi3	
嗤	tɕʰi1	
嗥	ʁɑw1	
嗷	ɴɑw1	
嗸	ɴɑw1	
嗹	len1	
嗺	swəj1	
嗺	tswəj1	
嗻	tɕa3	
嗼	mɑk4	
嗼	mak4	
嗽	sɨw3	
嗽	sɨwk4	
嗽	ʂawk4	
嗾	sɨw2	
嗾	sɨw3	
嗾	tsʰɨw3	
嗿	tʰɑm2	
嘁	tsɑp4	
嘂	qew3	
嘄	ɴew3	
嘅	qʰəj3	
嘆	tʰɑn1	
嘆	tʰɑn3	
嘈	dzɑw1	
嘉	qa1	
嘌	pʲʰew1	
嘍	lɨw1	
嘍	lɨw2	
嘎	qat4	
嘏	qa2	
嘐	qaw1	
嘐	χaw1	
嘑	χu1	
嘒	χwej3	
嘓	qwak4	
嘔	ʔɨw1	
嘔	ʔɨw2	
嘕	xˠen1	
嘖	tʂak4	
嘖	dʐak4	
嘗	dʑɑŋ1	
嘪	maj2	
嘫	ɳan1	
嘬	tʂʰwaj3	
嘮	ʈʰaw1	
嘯	sew3	
嘰	kˠɨj1	
嘲	ʈaw1	
嘳	kˠʰwi3	
嘳	qʰwaj3	
嘵	χew1	
嘶	sej1	
嘹	lew1	
嘹	lew3	
嘺	ɡʲew1	
嘻	xˠi1	
嘼	xˠɨw3	
嘽	tʰɑn1	
嘽	tɕʰen2	
嘾	dɑm2	
嘾	dɑm3	新
噁	ʔu3	
噂	tswən2	
噅	xˠwie1	
噆	tsʰɑm2	
噆	tsɑp4	
噇	ɖawŋ1	
噈	tsʲɨwk4	
噉	dɑm2	
噉	dɑm3	新
噊	ʑwit4	
噊	jwit4	
噋	tʰwən1	
噋	qʰwɑk4	
噌	tʂʰaŋ1	
噍	tsʲew1	
噍	dzʲew3	
噎	ʔet4	
噏	xˠip4	
噓	xˠɨ1	
噓	xˠɨ3	
噞	ŋˠem2	
噞	ŋˠem3	
噟	ʔˠɨŋ3	
噡	tɕem1	
噢	ʔˠu2	
噢	ʔˠɨwk4	
噣	ʈˠɨw3	
噣	tɨw3	
噣	tɕuk4	
噣	ʈawk4	
噤	ɡˠim2	
噤	ɡˠim3	
噥	nuŋ1	
噥	ɳawŋ1	
噦	χwɑj3	
噦	ʔˠwət4	
噦	ʔˠwet4	
噧	χaj3	
噧	tʰɑt4	
器	kˠʰi3	
噩	ɴɑk4	
噪	sɑw3	
噫	ʔˠi1	
噫	ʔaj3	
噬	dʑej3	
噭	qew3	
噮	ʔwen3	
噰	ʔˠuŋ1	
噱	ɡˠɑk4	
噲	qʰwaj3	
噳	ŋˠu2	
噴	pʰən1	
噴	pʰən3	
噿	tsʲwi2	
嚀	neŋ1	
嚂	χɑm2	
嚂	qʰɑm3	
嚂	lɑm3	
嚃	tʰɑp4	
嚄	ʁwak4	
嚅	ɲu1	
嚇	χa3	
嚇	χak4	
嚊	pˠʰi3	
嚌	dzej3	
嚏	tej3	
嚖	χwej3	
嚗	pawk4	
嚘	ʔˠɨw1	
嚚	ŋˠin1	
嚛	χɨwk4	
嚛	χuk4	
嚜	mˠi3	
嚝	χwaŋ1	
嚞	ʈˠet4	
嚥	ʔen3	
嚧	lu1	
嚨	lɨwŋ1	
嚫	tʂʰin3	
嚬	bʲin1	
嚭	pˠʰi2	
嚮	xˠɑŋ2	
嚮	xˠɑŋ3	
嚱	xˠie3	
嚲	tɑ2	
嚳	qʰuk4	
嚴	ŋˠəm1	
嚵	dʐam1	
嚵	dzʲem2	
嚵	tʂʰam3	
嚵	dzʲem3	新
嚶	ʔaŋ1	
嚼	dzʲɑk4	
嚾	χwɑn3	
囀	ʈˠwen3	
囁	ɲep4	
囁	tɕep4	
囂	xˠew1	
囃	tsʰɑp4	
囈	ŋʲej3	
囉	lɑ1	
囊	nɑŋ1	
囋	dzɑn3	
囋	dzɑt4	
囏	qan1	
囐	dzɑt4	
囑	tɕuk4	
囗	ɰuj1	
囚	zʲɨw1	
四	sʲi3	
回	ʁwəj1	
囟	sʲin3	
因	ʔʲin1	
囤	dwən2	
囤	dwən3	新
囦	ʔwen1	
囧	kˠwaŋ2	
囩	ɰwin1	
囪	tsʰɨwŋ1	
囪	tʂʰawŋ1	
园	ɴwɑn1	
囮	ɴwɑ1	
囮	jɨw1	
困	qʰwən3	
囷	kˠʰwin1	
囹	leŋ1	
固	qu3	
囿	ɰɨw3	
囿	ɰɨwk4	
圁	ŋˠin1	
圂	ʁwən3	
圃	pu2	
圃	pu3	
圄	ŋˠɨ2	
圅	ʁɑm1	
圈	ɡˠwən2	
圈	ɡˠwen2	
圈	ɡˠwən3	
圈	ɡˠwen3	新
圉	ŋˠɨ2	
圊	tsʲʰaŋ1	
國	qwɨk4	
圌	dʑwie1	
圌	dʑwen1	
圍	ɰuj1	
圍	ɰuj3	
園	ɰwən1	
圓	ɰwen1	
圔	ʔap4	
圖	du1	
團	dwɑn1	
圛	jak4	
圜	ʁwan1	
圜	ɰwen1	
圝	lwɑn1	
土	tʰu2	
土	du2	
土	du3	新
圠	ʔat4	
圢	tʰen2	
圢	tʰeŋ2	
圣	qʰwət4	
圤	pʰawk4	
在	dzəj2	
在	dzəj3	
圪	ŋˠit4	
圪	ŋˠɨt4	
圬	ʔu1	
圭	qwej1	
圮	bˠi2	
圮	bˠi3	新
圯	ji1	
地	di3	
圱	tsʰen1	
圻	ɡˠɨj1	
圻	ŋˠɨn1	
圻	ɴən1	
圼	net4	
圿	qat4	
址	tɕi2	
坁	tɕie2	
坂	fən2	
坄	dɨw1	
坄	jwak4	
坅	kˠʰim2	
均	kʲwin1	
坉	dwən1	
坉	dwən2	
坉	dwən3	新
坊	vɑŋ1	
坊	fɑŋ1	
坌	vun2	
坌	vun3	
坌	bən3	
坎	qʰɑm2	
坐	dzwɑ2	
坐	dzwɑ3	
坑	qʰaŋ1	
坒	bʲi3	
坒	bʲit4	
坡	pʰɑ1	
坢	pʰɑn2	
坣	dɑŋ1	
坤	qʰwən1	
坥	tsʲʰɨ1	
坥	tsʲʰɨ3	
坦	tʰɑn2	
坩	qʰɑm1	
坪	bˠaŋ1	
坪	bˠaŋ3	
坫	ʈˠim1	
坫	tem3	
坬	qwa3	
坭	nej2	
坯	pʰəj1	
坰	qweŋ1	
坱	ʔɑŋ2	
坲	vut4	
坳	ʔaw1	
坴	lˠɨwk4	
坷	qʰɑ2	
坷	qʰɑ3	
坹	χwet4	
坹	ʁwet4	
坺	vət4	
坺	bɑt4	
坻	ɖˠi1	
坻	tɕie2	
坻	tej2	
坼	ʈʰak4	
坿	vu1	
坿	vu3	
垂	dʑwie1	
型	ʁeŋ1	
垍	ɡˠi3	
垎	ʁak4	
垐	dzʲi1	
垐	dzʲɨk4	
垑	tɕʰie2	
垒	lˠwie2	
垒	lˠwi3	
垓	qəj1	
垔	ʔʲin1	
垕	ʁɨw2	
垕	ʁɨw3	新
垗	ɖˠew2	
垗	ɖˠew3	新
垘	bɨk4	
垙	qwɑŋ1	
垚	ɴew1	
垛	dwɑ2	
垛	dwɑ3	新
垝	kˠwie2	
垝	kˠwie3	
垠	ŋˠin1	
垠	ŋˠɨn1	
垠	ɴən1	
垡	vət4	
垢	qɨw2	
垣	ɰwən1	
垤	det4	
垶	sʲwaŋ1	
垷	qen2	
垷	ʁen2	
垷	ʁen3	新
垸	ʁwɑn1	
垸	ʁwɑn3	
垹	pawŋ1	
垻	pa3	
垼	jwak4	
垽	ŋˠin3	
垽	ŋˠɨn3	
垾	ʁɑn3	
埂	qaŋ1	
埂	qaŋ2	
埃	ʔəj1	
埆	qʰawk4	
埇	juŋ2	
埈	sʲwin3	
埋	maj1	
埌	lɑŋ3	
埍	ʁwen2	
埍	qwen2	
埍	ʁwen3	新
城	dʑaŋ1	
埏	jen1	
埏	ɕen1	
埐	tsʲim1	
埐	dzʲim1	
埒	lˠwet4	
埝	tem3	
埝	nep4	
域	ɰwɨk4	
埢	kˠwen2	
埤	bʲie1	
埧	ɡˠu3	
埩	dʐaŋ1	
埩	tʂaŋ1	
埪	qʰɨwŋ1	
埫	ʈˠʰuŋ2	
埬	tɨwŋ1	
埭	dəj3	
埯	ʔɑm2	
埯	ʔˠəm2	
埰	tsʰəj3	
埱	tɕʰɨwk4	
埲	bɨwŋ2	
埲	bɨwŋ3	新
埳	qʰɑm2	
埴	tɕʰi3	
埴	dʑɨk4	
埵	twɑ2	
埶	ŋʲej3	
執	tɕip4	
埸	jak4	
培	bəj1	
培	bɨw2	
培	bɨw3	新
基	kˠi1	
埻	tɕwin2	
埻	qwɑk4	
埻	qwak4	
埽	sɑw2	
埽	sɑw3	
埾	dzʲu3	
埿	nej1	
埿	nej3	
埿	bam3	
堀	ɡˠut4	
堀	qʰwət4	
堁	qʰwɑ2	
堁	qʰwəj3	
堁	qʰwɑ3	
堂	dɑŋ1	
堄	ɴej2	
堄	ɴej3	
堅	qen1	
堆	twəj1	
堇	ɡˠin1	
堇	kˠɨn2	
堈	qɑŋ1	
堉	jɨwk4	
堊	ʔɑk4	
堋	bɨŋ1	
堋	pʰɨŋ1	
堋	pɨŋ3	
堖	nɑw2	
堗	dwət4	
堙	ʔʲin1	
堛	pˠʰɨk4	
堜	len3	
堝	qwɑ1	
堞	dep4	
堟	ɖˠwen2	
堟	ɖˠwen3	新
堠	ʁɨw3	
堡	pɑw2	
堢	pɑw2	
堣	ŋˠu1	
堤	dʑie1	
堤	tej1	
堤	tej2	
堥	mɑw1	
堥	mɨw1	
堦	qaj1	
堧	ɲwen1	
堧	nwɑ3	
堨	ʔɑt4	
堩	qɨŋ3	
堪	qʰɑm1	
堫	tsɨwŋ1	
堫	tʂʰawŋ1	
堬	ju1	
堭	ʁwɑŋ1	
堮	ɴɑk4	
堯	ɴew1	
堰	ʔˠən2	
堰	ʔˠən3	
堰	ʔˠen3	
報	pɑw3	
堲	tsʲit4	
堲	tsʲɨk4	
堲	dzʲɨk4	
場	ɖˠɑŋ1	
堵	tu2	
堵	tɕa2	
堶	dwɑ1	
堸	vɨwŋ1	
堹	ʈˠuŋ3	
塈	ɡˠi3	
塈	xˠɨj3	
塉	dzʲak4	
塊	qʰwəj3	
塋	jwaŋ1	
塍	ʑɨŋ1	
塎	juŋ2	
塏	qʰəj2	
塐	su3	
塑	su3	
塒	dʑi1	
塓	mek4	
塔	tʰɑp4	
塕	ʔɨwŋ2	
塖	ʑɨŋ1	
塗	du1	
塗	ɖa1	
塘	dɑŋ1	
塙	qʰawk4	
塚	ʈˠuŋ2	
塛	lˠit4	
塞	səj3	
塞	sɨk4	
塠	twəj1	
塢	ʔu2	
塣	ɖˠaŋ2	
塣	ɖˠaŋ3	新
塤	xˠwən1	
塩	jem1	
填	ʈˠin1	
填	den1	
填	ʈˠin3	
填	den3	
塯	lˠɨw3	
塲	ɕɑŋ1	
塵	ɖˠin1	
塸	ʔɨw2	
塹	tsʲʰem3	
塺	məj1	
塺	mɑ3	
塻	mɑk4	
塽	ʂɑŋ2	
塾	dʑɨwk4	
塿	lɨw2	
墀	ɖˠi1	
墁	mɑn1	
墁	mɑn3	
境	kˠaŋ2	
墄	tsʰɨk4	
墅	dʑɨ2	
墅	dʑɨ3	新
墆	dej3	
墆	det4	
墇	tɕɑŋ1	
墇	tɕɑŋ3	
墉	juŋ1	
墊	tem3	
墊	dep4	
墋	tʂʰim2	
墌	tɕak4	
墐	ɡˠin1	
墐	ɡˠin3	
墓	mu3	
墜	ɖˠwi3	
墝	qʰaw1	
增	tsɨŋ1	
增	tsɨŋ3	
墟	kˠʰɨ1	
墠	dʑen2	
墠	dʑen3	新
墡	dʑen2	
墡	dʑen3	新
墣	pʰɨwk4	
墣	pʰawk4	
墤	dwəj1	
墤	qʰwaj3	
墦	vən1	
墨	mɨk4	
墩	twən1	
墬	di3	
墭	dʑaŋ3	
墮	xʲwie1	
墮	dwɑ2	
墮	tʰwɑ2	
墮	dwɑ3	新
墲	ɱu1	
墲	mu1	
墲	pʰu1	
墳	vun1	
墳	vun2	
墳	vun3	新
墺	ʔɑw3	
墺	ʔˠɨwk4	
墻	dzʲɑŋ1	
墼	qek4	
墽	qʰew1	
墾	qʰən2	
墿	jak4	
壁	pek4	
壂	den3	
壃	kˠɑŋ1	
壅	ʔˠuŋ1	
壅	ʔˠuŋ2	
壅	ʔˠuŋ3	
壇	dɑn1	
壈	lɑm2	
壍	tsʲʰem3	
壎	xˠwən1	
壏	χɑm2	
壏	ʁam2	
壏	ʁam3	新
壐	sʲie2	
壑	χɑk4	
壒	ʔɑj3	
壓	ʔap4	
壔	tɑw2	
壕	ʁɑw1	
壘	lˠwi2	
壙	qʰwɑŋ3	
壚	lu1	
壛	jem1	
壜	dɑm1	
壝	jwi1	
壝	jwi2	
壞	qwaj3	
壞	ʁwaj3	
壠	lˠuŋ2	
壣	lˠin1	
壤	ɲɑŋ2	
士	dʐi2	
士	dʐi3	新
壬	ɲim1	
壯	tʂɑŋ3	
壴	ʈˠu3	
壹	ʔʲit4	
壺	ʁu1	
壻	sej3	
壼	qʰwən2	
壽	dʑɨw2	
壽	dʑɨw3	
壾	mɑŋ2	
壿	tsʲʰwin1	
夂	ʈˠi2	
夃	qu2	
夅	ʁawŋ1	
夆	vuŋ1	
夊	tʂʰwie1	
夊	sʲwi1	
夋	tsʲʰwin1	
夌	lˠɨŋ1	
复	vɨwk4	
夎	tswəj3	
夎	tswɑ3	
夏	ʁa2	
夏	ʁa3	
夔	ɡˠwi1	
夕	zʲak4	
外	ɴwɑj3	
夗	ʔˠwən2	
夙	sʲɨwk4	
多	tɑ1	
夜	ja3	
夝	dzʲaŋ1	
夠	qʰɨw1	
夠	qɨw1	
夡	kʲʰi3	
夢	mɨwŋ1	
夢	mɨwŋ3	
夤	jin1	
夥	ʁwaj2	
夥	ʁwɑ2	
夥	ʁwaj3	新
夥	ʁwɑ3	新
大	dɑj3	
大	dɑ3	
夨	let4	
夨	tʂɨk4	
天	tʰen1	
太	tʰɑj3	
夫	vu1	
夫	fu1	
夬	qwaj3	
夭	ʔˠew1	
夭	ʔˠew2	
夭	ʔɑw2	
央	ʔˠɑŋ1	
夰	ʁɑw2	
夰	qɑw2	
夰	ʁɑw3	新
失	ɕit4	
夲	tʰɑw1	
夵	jem2	
夷	ji1	
夸	qʰwa1	
夽	ŋˠun2	
夾	qap4	
奃	tej1	
奄	ʔˠem2	
奅	pʰaw3	
奇	ɡˠie1	
奇	kˠie1	
奈	nɑj3	
奈	nɑ3	
奉	vuŋ2	
奉	vuŋ3	新
奊	ʁet4	
奎	qʰwej1	
奏	tsɨw3	
奐	χwɑn3	
契	qʰej3	
契	kˠʰɨt4	
契	qʰet4	
奒	qʰəj1	
奓	ʈa1	
奓	ʈa3	
奔	pən1	
奔	pən3	
奕	jak4	
套	tʰɑw2	
奘	dzɑŋ2	
奘	dzɑŋ3	
奚	ʁej1	
奜	fʰuj2	
奝	tew1	
奞	sʲwi1	
奞	sʲew1	
奞	sʲin3	
奞	sʲwin3	
奠	den3	
奠	teŋ3	
奡	ɴɑw3	
奢	ɕa1	
奣	ʔwaŋ2	
奤	pʰɑk4	
奧	ʔɑw3	
奪	dwɑt4	
奫	ʔˠwin1	
奭	ɕak4	
奮	fun3	
奯	χwɑt4	
奰	bˠi3	
奲	tɕʰa2	
女	ɳˠɨ2	
女	ɳˠɨ3	
奴	nu1	
奵	teŋ2	
奸	qɑn1	
奻	ɳwan1	
奻	ɳwan3	
奼	ʈʰa2	
奼	tu3	
奼	ʈa3	
好	χɑw2	
好	χɑw3	
奿	fʰən3	
妀	kˠi2	
妁	tɕɑk4	
妁	dʑɑk4	
如	ɲɨ1	
如	ɲɨ3	
妃	fʰuj1	
妃	pʰəj3	
妄	ɱɑŋ3	
妉	tɑm1	
妊	ɲim3	
妋	fu1	
妋	ʔˠɨw1	
妌	dzʲaŋ2	
妌	dzʲaŋ3	新
妍	ɴen1	
妎	ʁej3	
妎	ʁɑj3	
妐	tɕuŋ1	
妑	pʰa1	
妒	tu3	
妓	kˠie1	
妓	ɡˠie2	
妓	ɡˠie3	新
妖	ʔˠew1	
妗	tɕʰem1	
妗	χem1	
妗	χam1	
妘	ɰun1	
妙	mʲew3	
妛	tɕʰi1	
妜	ʔwet4	
妜	ʔʲwet4	
妝	tʂɑŋ1	
妠	nɑm3	
妠	ɳwat4	
妠	nɑp4	
妢	vun1	
妣	pʲi2	
妤	jɨ1	
妥	tʰwɑ2	
妦	fʰuŋ1	
妧	ɴwɑn3	
妨	fʰɑŋ1	
妨	fʰɑŋ3	
妬	tu3	
妭	bɑt4	
妯	ʈˠʰɨw1	
妯	ɖˠɨwk4	
妲	tɑt4	
妵	tʰɨw2	
妷	ɖˠit4	
妸	ʔɑ1	
妸	ʔɑ2	
妹	məj3	
妺	mɑt4	
妻	tsʰej1	
妻	tsʰej3	
妼	bʲit4	
妾	tsʲʰep4	
妿	qɑ1	
妿	ʔɑ1	
姁	xˠu1	
姁	ɡˠu1	
姁	xˠu2	
姁	xˠu3	
姂	fʰəm3	
姂	vəp4	
姂	kˠʰəp4	
姅	pɑn3	
姅	pʰɑn3	
姆	mɨw3	
姇	fʰu1	
姈	leŋ1	
姊	tsʲi2	
始	ɕi2	
姌	ɲem2	
姌	nem2	
姍	sɑn1	
姎	ʔɑŋ1	
姎	ʔɑŋ2	
姏	mɑm1	
姐	tsʲa2	
姑	qu1	
姒	zʲi2	
姒	zʲi3	新
姓	sʲaŋ3	
委	ʔˠwie1	
委	ʔˠwie2	
姕	tsʲie1	
姕	tsʲʰie1	
姘	pʰaŋ1	
姘	pʰeŋ1	
姚	jew1	
姛	dɨwŋ2	
姛	dɨwŋ3	新
姜	kˠɑŋ1	
姝	tɕʰu1	
姞	ɡˠit4	
姟	qəj1	
姡	ʁwɑt4	
姡	ʁwat4	
姣	ʁaw1	
姣	qaw2	
姤	qɨw3	
姥	mu2	
姦	qan1	
姨	ji1	
姪	ɖˠit4	
姪	det4	
姬	ji1	
姬	kˠi1	
姭	xˠəm3	
姰	sʲwin1	
姰	ʁwen3	
姱	qʰwa1	
姳	meŋ2	
姴	lˠet4	
姶	ʔɑp4	
姷	ɰɨw3	
姺	ʂin1	
姺	sen2	
姻	ʔʲin1	
姼	dʑie1	
姼	dʑie2	
姼	tɕʰie2	
姼	dʑie3	新
姽	kˠwie2	
姽	ŋˠwie2	
姿	tsʲi1	
娀	sʲɨwŋ1	
威	ʔˠuj1	
娃	ʔaj1	
娃	ʔa1	新
娉	pʲʰaŋ3	
娋	ʂaw1	
娋	ʂaw3	
娌	lˠi2	
娎	ɖˠet4	
娎	xˠet4	
娏	mawŋ1	
娑	sɑ1	
娑	sɑ2	
娓	ɱuj2	
娓	mˠi3	
娕	tʂʰawk4	
娖	tʂʰawk4	
娗	deŋ1	
娗	deŋ2	
娗	deŋ3	新
娘	ɳˠɑŋ1	
娙	ɴaŋ1	
娙	ʁeŋ1	
娛	ŋˠu1	
娛	ɴu3	
娜	nɑ2	
娝	pˠi2	
娞	nwəj2	
娟	ʔʲwen1	
娠	ɕin1	
娠	tɕin3	
娡	tɕi3	
娣	dej2	
娣	dej3	
娥	ɴɑ1	
娧	tʰwɑj3	
娧	jwet4	
娨	ʁan3	
娩	ɱən2	
娩	mˠen2	
娩	ɱun3	
娩	ɱən3	
娪	ɴu1	
娬	ɱu2	
娭	xˠi1	
娵	tsʲu1	
娶	sʲu1	
娶	tsʲʰu3	
娷	ʈˠwie3	
娸	kˠʰi1	
娺	ʈˠwi1	
娺	ʈwat4	
娽	lɨwk4	
娽	lˠuk4	
娾	ɴaj1	
娾	ɴaj2	
娿	ʔɑ1	
娿	ʔɑ2	
婁	lˠu1	
婁	lɨw1	
婄	bəj1	
婄	bɨw2	
婄	pʰɨw2	
婄	bɨw3	新
婆	bɑ1	
婉	ʔˠwən2	
婌	dʑɨwk4	
婍	kˠʰie2	
婎	xʲwi1	
婎	xʲwi3	
婏	fʰu3	
婏	fʰən3	
婐	qwa1	
婐	ʔwɑ2	
婓	fʰuj1	
婕	tsʲep4	
婗	ɴej1	
婘	ɡˠwen1	
婚	χwən1	
婞	ʁeŋ2	
婞	ʁeŋ3	新
婟	ʁu2	
婟	ʁu3	
婠	ʔwɑn1	
婠	qwɑn3	
婠	ʔwat4	
婢	bʲie2	
婢	bʲie3	新
婣	ʔʲin1	
婤	ʈˠʰɨw1	
婤	tɕɨw1	
婥	tɕʰɑk4	
婦	vɨw2	
婦	vu2	新
婦	vu3	新
婧	tsʲaŋ1	
婧	dzʲaŋ2	
婧	dzʲaŋ3	
婪	lɑm1	
婬	jim1	
婭	ʔa3	
婱	ʁen1	
婸	dɑŋ2	
婸	dɑŋ3	新
婹	ʔew2	
婺	ɱu3	
婼	ɲie1	
婼	ɲa1	
婼	ʈˠʰɑk4	
婽	qa2	
媀	ŋˠu3	
媁	ʔˠuj1	
媁	ɰuj2	
媄	mˠi2	
媅	tɑm1	
媆	nwən3	
媉	ʔawk4	
媊	tsʲie1	
媊	tsʲen2	
媌	maw1	
媌	maw2	
媐	ji1	
媐	xˠi1	
媒	məj1	
媓	ʁwɑŋ1	
媕	ʔɑm1	
媕	ʔˠem2	
媕	ʔɑp4	
媖	ʔˠaŋ1	
媚	mˠi3	
媛	ɰwən1	
媛	ɰwen3	
媞	dej1	
媞	dʑie2	
媞	dej2	
媞	dʑie3	新
媞	dej3	新
媟	sʲet4	
媠	dwɑ3	
媢	mɑw2	
媢	mʲi3	
媢	mɑw3	
媢	muk4	
媣	qɑm1	
媣	ɲem2	
媥	pʲʰen1	
媦	ɰuj3	
媧	qwaj1	
媧	qwa1	
媨	tsʲɨw3	
媮	ju1	
媮	tʰɨw1	
媰	dʐu1	
媱	jew1	
媲	pʰej3	
媵	jɨŋ3	
媵	ʑɨŋ3	
媷	ɲuk4	
媸	tɕʰi1	
媺	mˠi2	
媻	bɑn1	
媻	bɑ1	
媼	ʔɑw2	
媽	mu2	
媾	qɨw3	
媿	kˠwi3	
嫁	qa3	
嫂	sɑw2	
嫄	ŋˠwən1	
嫇	maŋ1	
嫇	meŋ1	
嫇	meŋ2	
嫈	ʔaŋ1	
嫈	ʔʲwaŋ1	
嫈	ʔaŋ3	
嫉	dzʲi3	
嫉	dzʲit4	
嫋	new2	
嫌	ʁem1	
嫕	ʔej3	
嫖	pʲʰew1	
嫖	pʲʰew3	
嫗	ʔˠu3	
嫙	zʲwen1	
嫙	zʲwen3	
嫚	man3	
嫛	ʔej1	
嫠	lˠi1	
嫡	ʈak4	
嫡	tek4	
嫢	tsʲwie1	
嫢	ɡʲwi2	
嫢	ʁen2	
嫢	ɡʲwi3	新
嫢	ʁen3	新
嫣	xˠen1	
嫣	ʔˠen1	
嫣	ʔˠen2	
嫣	ʔˠən3	
嫥	tɕwen1	
嫧	tʂak4	
嫧	tʂʰak4	
嫧	tsʲʰak4	
嫩	nwən3	
嫪	lɑw1	
嫪	lɑw3	
嫫	mu1	
嫭	ʁu3	
嫯	ɴɑw1	
嫯	ɴɑw3	
嫳	pʰet4	
嫴	qu1	
嫵	ɱu2	
嫷	dwɑ2	
嫷	tʰwɑ2	
嫷	tʰwɑ3	
嫷	dwɑ3	新
嫸	tɕen2	
嫺	ʁan1	
嫼	ʔat4	
嫽	lew1	
嫽	lˠew2	
嫽	lew3	
嫿	ʁwak4	
嬀	kˠwie1	
嬃	sʲu1	
嬆	xˠip4	
嬇	qʰwaj3	
嬇	ʁwəj3	
嬈	new2	
嬈	ɲew2	
嬈	χew3	
嬉	xˠi1	
嬉	xˠi3	
嬋	dʑen1	
嬌	kˠew1	
嬌	ɡˠew1	
嬌	kˠew2	
嬎	fʰən3	
嬐	ŋˠem2	
嬒	ʔwɑj3	
嬒	ʔwɑt4	
嬖	pej3	
嬗	tʰɑn1	
嬗	tɑn2	
嬗	dʑen3	
嬙	dzʲɑŋ1	
嬙	ʂɨk4	
嬚	lˠem2	
嬛	xʲwen1	
嬛	ʔʲwen1	
嬛	ɡʲwaŋ1	
嬜	xˠim1	
嬜	ʔɑm1	
嬜	χɑm1	
嬣	ɳaŋ1	
嬥	dew1	
嬥	dew2	
嬥	dew3	
嬥	ɖawk4	
嬩	jɨ1	
嬪	bʲin1	
嬬	ɲu1	
嬭	nej2	
嬭	ɳaj2	
嬮	ʔʲem1	
嬮	ʔʲem3	
嬮	ʔʲep4	
嬯	dəj1	
嬰	ʔʲaŋ1	
嬱	tsʲʰem3	
嬲	new2	
嬳	ʔˠwɑk4	
嬳	ʔwɑk4	
嬴	jaŋ1	
嬹	xˠɨŋ1	
嬹	xˠɨŋ3	
嬻	dɨwk4	
嬼	lˠɨw2	
嬼	lˠɨw3	
嬾	lɑn2	
嬿	ʔen2	
嬿	ʔen3	
孀	ʂɑŋ1	
孁	leŋ1	
孂	kˠew2	
孂	kʲɨw2	
孂	qɨk4	
孃	ɲɑŋ1	
孃	ɳˠɑŋ1	
孅	sʲem1	
孈	jie2	
孈	jwi2	
孈	xʲwie3	
孈	ʁwaj3	
孈	ʁwa3	新
孉	ɡˠwen1	
孋	lˠie1	
孌	lˠwen2	
孌	lˠwen3	
孎	ʈˠuk4	
孎	ʈawk4	
子	tsʲi2	
孑	kʲet4	
孒	kˠuŋ2	
孒	kˠut4	
孒	kˠwət4	
孔	qʰɨwŋ2	
孕	jɨŋ3	
孖	tsʲi1	
孖	dzʲi3	
字	dzʲi3	
存	dzwən1	
孚	fʰu1	
孛	bəj3	
孛	bət4	
孜	tsʲi1	
孝	χaw3	
孟	maŋ3	
孠	zʲi3	
孡	tʰəj1	
季	kʲwi3	
孤	qu1	
孥	nu1	
孨	tɕwen2	
孨	tʂwen3	
孨	ɳˠip4	
孩	ʁəj1	
孫	swən1	
孮	dzuŋ1	
孰	dʑɨwk4	
孱	dʐan1	
孱	dʐen1	
孱	dʐan2	
孱	dʐan3	新
孳	tsʲi1	
孳	dzʲi3	
孴	ŋˠi2	
孴	jip4	
孵	fʰu1	
孷	lˠi1	
學	ʁawk4	
孺	ɲu3	
孼	ŋˠet4	
宀	mʲen1	
宁	ɖˠɨ1	
宁	ɖˠɨ2	
宁	ɖˠɨ3	新
宂	ɲuŋ2	
它	tʰɑ1	
宄	kˠwi2	
宅	ɖak4	
宇	ɰu2	
守	ɕɨw2	
守	ɕɨw3	
安	ʔɑn1	
宋	suŋ3	
完	ʁwɑn1	
宏	ʁwaŋ1	
宐	ŋˠie1	
宓	mʲit4	
宓	mˠit4	
宔	tɕu2	
宕	dɑŋ3	
宖	ʁwaŋ1	
宖	ʔwaŋ1	
宗	tsuŋ1	
官	qwɑn1	
宙	ɖˠɨw3	
定	deŋ3	
定	teŋ3	
宛	ʔˠwən1	
宛	ʔˠwən2	
宜	ŋˠie1	
客	qʰak4	
宣	sʲwen1	
室	ɕit4	
宥	ɰɨw3	
宦	ʁwan3	
宧	ji1	
宬	dʑaŋ1	
宭	ɡˠun1	
宭	kˠun1	
宮	kˠɨwŋ1	
宰	tsəj2	
宲	pɑw2	
害	ʁɑj3	
宴	ʔen2	
宴	ʔen3	
宵	sʲew1	
家	qa1	
宷	ɕim2	
宸	dʑin1	
容	juŋ1	
宿	sʲɨw3	
宿	sʲɨwk4	
寀	tsʰəj2	
寁	tsɑm2	
寁	dzʲep4	
寂	dzek4	
寄	kˠie3	
寅	ji1	
寅	jin1	
密	mˠit4	
寇	qʰɨw3	
寋	ɡˠən2	
寋	ɡˠən3	新
富	fɨw3	
富	fu3	新
寍	neŋ1	
寎	pˠaŋ3	
寏	ʁwɑn1	
寐	mʲi3	
寑	tsʲʰim2	
寒	ʁɑn1	
寓	ŋˠu3	
寔	dʑɨk4	
寖	tsʲim2	
寘	tɕie3	
寞	mɑk4	
察	tʂʰat4	
寡	qwa2	
寢	tsʲʰim2	
寣	χwət4	
寤	ɴu3	
寥	lew1	
寥	lek4	
實	ʑit4	
寧	neŋ1	
寨	dʐaj3	
寨	sɨk4	
審	ɕim2	
寪	ɰwie2	
寫	sʲa2	
寬	qʰwɑn1	
寮	lew1	
寯	tsʲwin3	
寰	ʁwan1	
寰	ʁwen3	
寱	ŋʲej3	
寴	tsʲʰin1	
寴	tsʲʰin3	
寵	ʈˠʰuŋ2	
寶	pɑw2	
寷	fʰɨwŋ1	
寸	tsʰwən3	
寺	zʲi3	
寽	lˠwit4	
封	fuŋ1	
封	fuŋ3	
尃	fʰu1	
射	ja3	
射	ʑa3	
射	jak4	
射	ʑak4	
將	tsʲɑŋ1	
將	tsʲɑŋ3	
專	tɕwen1	
尉	ʔˠuj3	
尉	ʔˠut4	
尊	tswən1	
尋	zʲim1	
尌	dʑu3	
對	twəj3	
導	dɑw3	
小	sʲew2	
尐	tsʲet4	
少	ɕew2	
少	ɕew3	
尒	ɲie2	
尖	tsʲem1	
尗	ɕɨwk4	
尚	dʑɑŋ1	
尚	dʑɑŋ3	
尞	lˠew3	
尟	sʲen2	
尠	sʲen2	
尠	sʲu3	
尢	ʔwɑŋ1	
尤	ɰɨw1	
尥	baw1	
尥	lew3	
尨	mawŋ1	
尪	ʔwɑŋ1	
尬	qaj3	
尯	kˠʰwi3	
尰	dʑuŋ2	
尰	dʑuŋ3	新
就	dzʲɨw3	
尲	qam1	
尳	qwət4	
尳	ʁwət4	
尵	ɖwaj1	
尵	dwəj1	
尸	ɕi1	
尹	jwin2	
尺	tɕʰak4	
尻	qʰɑw1	
尼	ɳˠi1	
尾	ɱuj2	
尿	new3	
局	ɡˠuk4	
屁	pʲʰi3	
居	kˠi1	
居	kˠɨ1	
屆	qaj3	
屈	kˠut4	
屈	kˠʰut4	
屋	ʔɨwk4	
屍	ɕi1	
屍	ɕi3	
屎	xʲi1	
屎	ɕi2	
屏	pʲaŋ1	
屏	beŋ1	
屏	pʲaŋ2	
屐	ɡˠak4	
屑	swət4	
屑	set4	
屒	dʑin1	
屒	ʈˠin2	
屓	xˠi3	
屔	nej1	
展	ʈˠen2	
屖	sej1	
屚	lɨw3	
屝	vuj3	
属	tɕuk4	
属	dʑuk4	
屟	sep4	
屠	ɖˠɨ1	
屠	du1	
屢	lˠu3	
屣	ʂie2	
屣	ʂie3	
層	dzɨŋ1	
履	lˠi2	
屧	sep4	
屨	kˠu3	
屩	kˠɑk4	
屬	tɕuk4	
屬	dʑuk4	
屮	ʈˠʰet4	
屯	ʈˠwin1	
屯	dwən1	
屰	ŋˠak4	
山	ʂan1	
屴	lˠɨk4	
屵	ŋˠən2	
屵	ɴɑt4	
屸	lɨwŋ1	
屹	ŋˠɨt4	
屺	kˠʰi2	
屼	ɴwət4	
屾	ʂin1	
岈	χa1	
岉	ɱut4	
岌	ŋˠip4	
岍	qʰen1	
岏	ɴwɑn1	
岐	ɡʲie1	
岑	dʐim1	
岓	ɡˠɨj1	
岝	dzɑk4	
岝	dʐak4	
岟	ʔˠɑŋ2	
岡	qɑŋ1	
岢	qʰɑ2	
岣	kˠu1	
岣	qɨw2	
岦	lˠip4	
岧	dew1	
岨	tsʲʰɨ1	
岫	zʲɨw3	
岭	leŋ1	
岯	bˠi1	
岱	dəj3	
岳	ɴawk4	
岵	ʁu2	
岵	ʁu3	新
岷	mˠin1	
岸	ɴɑn3	
岻	ɖˠi1	
岻	tej1	
峉	ɴak4	
峋	sʲwin1	
峏	ɲi1	
峐	qəj1	
峑	tsʲʰwen1	
峒	dɨwŋ1	
峒	dɨwŋ3	
峓	ji1	
峔	mu2	
峗	ŋˠwie1	
峘	ʁwɑn1	
峘	ʁɨŋ1	
峙	ɖˠi2	
峙	ɖˠi3	新
峛	lˠie2	
峞	ɴwəj1	
峞	ɴwəj2	
峨	ɴɑ1	
峬	pu1	
峭	tsʲʰew3	
峮	kˠʰwin1	
峯	fʰuŋ1	
峱	nɑw1	
峴	ʁen2	
峴	ʁen3	新
島	tɑw2	
峹	du1	
峻	sʲwin3	
峽	ʁap4	
峿	ɴu1	
崀	lɑŋ2	
崆	qʰɨwŋ1	
崆	qʰawŋ1	
崇	dʐɨwŋ1	
崈	dʐɨwŋ1	
崋	ʁwa1	
崋	ʁwa3	
崌	kˠɨ1	
崍	ləj1	
崎	kˠʰie1	
崎	ɡˠɨj1	
崐	qwən1	
崒	dzʲwit4	
崒	dzwət4	
崔	tsʰwəj1	
崔	dzwəj1	
崖	ŋˠie1	
崖	ɴaj1	
崖	ɴa1	新
崗	qɑŋ1	
崘	lwən1	
崚	lˠɨŋ1	
崛	ɡˠut4	
崛	ŋˠut4	
崝	dʐaŋ1	
崞	qwɑk4	
崟	ŋˠim1	
崠	tɨwŋ1	
崢	dʐaŋ1	
崤	ʁaw1	
崤	ʁɑw1	
崥	bej1	
崥	pʲie2	
崦	ʔˠem1	
崧	sʲɨwŋ1	
崨	dzʲep4	
崩	pɨŋ1	
崱	dʐɨk4	
崳	ju1	
崴	ʔwaj1	
崵	jɑŋ1	
崵	dɑŋ2	
崵	dɑŋ3	新
崶	fuŋ1	
崷	dzʲɨw1	
崹	dej1	
崺	jie2	
崽	ʂaj1	
崿	ɴɑk4	
嵀	ɖˠu2	
嵀	ɖˠu3	新
嵁	qʰɑm1	
嵁	ɴɑm1	
嵁	qʰam1	
嵁	ɴɑm2	
嵁	dʐam2	
嵁	dʐam3	新
嵃	ŋˠen2	
嵇	ʁej1	
嵈	ʁwɑn2	
嵈	ʁwɑn3	新
嵊	ʑɨŋ3	
嵋	mˠi1	
嵌	qʰam1	
嵌	dzɑm2	
嵌	dzɑm3	新
嵍	ɱu3	
嵎	ŋˠu1	
嵐	lɑm1	
嵑	qʰɑt4	
嵒	ɴam1	
嵔	ʔˠuj1	
嵔	ʔˠuj2	
嵔	ʔwəj2	
嵕	tsɨwŋ1	
嵞	du1	
嵟	twəj1	
嵠	qʰej1	
嵣	dɑŋ2	
嵣	dɑŋ3	
嵤	ʁwaŋ1	
嵥	ɡˠet4	
嵦	ɴəj1	
嵧	lˠɨw1	
嵩	sʲɨwŋ1	
嵫	tsʲi1	
嵬	ɴwəj1	
嵬	ɴwəj2	
嵯	tʂʰie1	
嵯	dzɑ1	
嵰	kˠʰem2	
嵱	juŋ1	
嵲	ɴet4	
嵸	tsɨwŋ1	
嵸	tsɨwŋ2	
嵼	ʂan2	
嵽	det4	
嵾	tʂʰim1	
嶀	tʰu1	
嶁	lˠu1	
嶁	lˠu2	
嶁	lɨw2	
嶂	tɕɑŋ3	
嶃	dʐam1	
嶃	dʐam2	
嶃	dʐam3	新
嶅	ɴɑw1	
嶇	kˠʰu1	
嶈	tsʲʰɑŋ1	
嶉	tsʲwi1	
嶉	tsʲu1	
嶉	tsʲwi2	
嶊	tswəj2	
嶏	pʰəj3	
嶏	fʰut4	
嶑	zʲɑŋ2	
嶑	zʲɑŋ3	新
嶒	dzʲɨŋ1	
嶓	pɑ1	
嶔	kˠʰim1	
嶕	dzʲew1	
嶘	dʐan2	
嶘	dʐan3	新
嶙	lˠin1	
嶙	lˠin2	
嶚	lew1	
嶜	dzʲim1	
嶝	tɨŋ3	
嶞	dwɑ2	
嶞	dwɑ3	新
嶟	tsʲwin1	
嶟	tswən1	
嶠	ɡˠew1	
嶠	ɡˠew3	
嶢	ɴew1	
嶧	jak4	
嶨	qʰawk4	
嶨	ʁawk4	
嶩	nɑw1	
嶪	ŋˠəp4	
嶭	ɴɑt4	
嶭	ɴet4	
嶮	xˠem2	
嶮	ŋˠem2	
嶰	ʁaj2	
嶰	ʁaj3	新
嶲	sʲwie2	
嶷	ŋˠi1	
嶷	ŋˠɨk4	
嶸	ɰwaŋ1	
嶸	ʁwaŋ1	
嶺	lˠaŋ2	
嶻	dzɑt4	
嶻	dzet4	
嶼	zʲɨ2	
嶼	zʲɨ3	新
嶽	ɴawk4	
嶾	ʔˠɨn2	
巁	lˠej3	
巂	ʁwej1	
巃	lɨwŋ1	
巃	lɨwŋ2	
巇	xˠie1	
巈	kˠɨwk4	
巉	dʐam1	
巉	dʐam2	
巉	dʐam3	新
巊	ʔeŋ2	
巋	kˠʰwi1	
巋	kˠʰwi2	
巍	ŋˠuj1	
巎	nɑw1	
巐	ʈˠʰew2	
巑	dzwɑn1	
巒	lwɑn1	
巔	ten1	
巖	ɴam1	
巘	ŋˠən2	
巘	ŋˠen2	
巜	qwɑj3	
川	tɕʰwen1	
州	tɕɨw1	
巟	χwɑŋ1	
巠	qeŋ1	
巡	zʲwin1	
巢	dʐaw1	
巢	dʐaw3	
巤	lˠep4	
工	qɨwŋ1	
左	tsɑ2	
左	tsɑ3	
巧	qʰaw2	
巧	qʰaw3	
巨	ɡˠɨ2	
巨	ɡˠɨ3	新
巩	kˠuŋ2	
巫	ɱu1	
差	tʂʰie1	
差	tʂʰaj1	
差	tʂʰa1	
差	tʂʰaj3	
差	tʂʰa3	新
己	kˠi2	
已	ji2	
已	ji3	
巳	zʲi2	
巳	zʲi3	新
巴	pa1	
巵	tɕie1	
巷	ʁawŋ3	
巸	ji1	
巹	kˠɨn2	
巽	swən3	
巾	kˠin1	
巿	fut4	
帀	tsɑp4	
市	dʑi2	
市	dʑi3	新
布	pu3	
帆	vəm1	
帆	vəm3	
帇	ɳˠep4	
帊	pʰa3	
帋	tɕie2	
希	xˠɨj1	
帍	ʁu2	
帍	ʁu3	新
帎	tɑm3	
帑	nu1	
帑	tʰɑŋ2	
帒	dəj3	
帓	mat4	
帔	pˠʰie1	
帔	pˠʰie3	
帕	mat4	
帖	tʰep4	
帗	fut4	
帗	pɑt4	
帘	dʐin1	
帘	lˠem1	
帙	ɖˠit4	
帚	tɕɨw2	
帛	bak4	
帝	tej3	
帞	mak4	
帟	jak4	
帢	qʰap4	
帣	kˠwen3	
帤	ɳˠɨ1	
帥	ʂwi3	
帥	ʂwit4	
帨	tsʲʰwej3	
帨	ɕwej3	
帩	tsʲʰew3	
帪	tɕin1	
師	ʂi1	
帬	ɡˠun1	
席	zʲak4	
帳	ʈˠɑŋ3	
帴	dzɑn1	
帴	tsen1	
帴	tsʲen2	
帴	sɑn3	
帴	ʂat4	
帵	ʔwɑn1	
帶	tɑj3	
帷	ɰwi1	
常	dʑɑŋ1	
帹	ʂap4	
帺	ɡˠi3	
帽	mɑw3	
帾	tu2	
帿	ʁɨw1	
幃	ɰuj1	
幄	ʔawk4	
幅	fɨwk4	
幅	pˠɨk4	
幋	bɑn1	
幌	ʁwɑŋ2	
幌	ʁwɑŋ3	新
幍	tʰɑw1	
幎	mek4	
幏	qa1	
幏	qa3	
幐	dɨŋ1	
幐	dɨŋ3	
幑	xˠuj1	
幒	tsʲʰuŋ2	
幔	mɑn3	
幕	mɑk4	
幖	pʲew1	
幗	qwəj3	
幗	qwak4	
幘	tʂak4	
幝	tɕʰen2	
幞	vuk4	
幟	ɕi3	
幟	tɕʰi3	
幠	χu1	
幡	fʰən1	
幢	ɖawŋ1	
幢	ɖawŋ3	
幣	bʲej3	
幦	mek4	
幧	tsʲʰew1	
幧	tsʰɑw1	
幨	tɕʰem1	
幨	tɕʰem3	
幪	mɨwŋ1	
幫	pɑŋ1	
幬	ɖˠɨw1	
幬	dɑw3	
幭	met4	
幮	ɖˠu1	
幯	tset4	
幰	xˠən2	
幱	lɑn1	
干	qɑn1	
平	bʲen1	
平	bˠaŋ1	
年	nen1	
幵	qen1	
并	pʲaŋ1	
并	pʲaŋ3	
幸	ʁaŋ2	
幸	ʁaŋ3	新
幹	qɑn3	
幺	ʔew1	
幻	ʁwan3	
幼	ʔʲɨw3	
幽	ʔʲɨw1	
幾	ɡˠɨj1	
幾	kˠɨj1	
幾	kˠɨj2	
幾	ɡˠɨj3	
广	ŋˠem2	
广	ŋˠəm2	
庀	pʲʰie2	
庁	tʰeŋ1	
庄	baŋ1	
庇	pʲi3	
庈	ɡˠim1	
庉	dwən1	
庉	dwən2	
庉	dwən3	新
床	dʐɑŋ1	
庋	kˠwie2	
庋	kˠie2	
庌	ɴa2	
序	zʲɨ2	
序	zʲɨ3	新
底	tej2	
庖	baw1	
店	tem3	
庘	ʔap4	
庚	qaŋ1	
庛	tsʲʰie3	
府	fu2	
庠	zʲɑŋ1	
庢	ʈˠit4	
庣	tʰew1	
庤	ɖˠi2	
庤	ɖˠi3	新
庥	xˠɨw1	
度	du3	
度	dɑk4	
座	dzwɑ3	
庨	χaw1	
庩	tʰu1	
庪	kˠwie2	
庫	qʰu3	
庭	deŋ1	
庮	jɨw1	
庮	jɨw2	
庯	pu1	
庰	bʲaŋ3	
庱	ʈˠʰɨŋ1	
庱	ʈˠʰɨŋ2	
庲	ləj1	
庳	pʲie1	
庳	bʲie2	
庳	bʲie3	新
庴	tsʲak4	
庴	dzʲak4	
庵	ʔɑm1	
庵	ʔɑp4	
庶	ɕɨ3	
庶	tɕɨ3	
康	qʰɑŋ1	
庸	juŋ1	
庽	ŋˠu3	
庾	ju2	
庿	mˠew3	
廁	tʂʰi3	
廂	sʲɑŋ1	
廅	ʔɑp4	
廆	ʁwəj2	
廆	ʁwəj3	新
廇	lˠɨw3	
廈	ʁa2	
廈	ʁa3	新
廉	lˠem1	
廊	lɑŋ1	
廋	ʂɨw1	
廋	sɨw2	
廌	ɖˠie2	
廌	ɖaj2	
廌	ɖˠie3	新
廌	ɖaj3	新
廏	kˠɨw3	
廑	ɡˠin3	
廓	qʰwɑk4	
廔	lɨw1	
廕	ʔˠim3	
廖	lew1	
廖	lˠɨw3	
廘	lɨwk4	
廙	ji3	
廙	jɨk4	
廚	ɖˠu1	
廛	ɖˠen1	
廜	du1	
廝	sʲie1	
廞	xˠim1	
廞	xˠim2	
廟	mˠew3	
廠	tɕʰɑŋ2	
廠	tɕʰɑŋ3	
廡	ɱu2	
廢	fəj3	
廣	qwɑŋ2	
廥	qwɑj3	
廦	pʲʰak4	
廦	pek4	
廧	dzʲɑŋ1	
廨	qaj3	
廩	lˠim2	
廬	lˠɨ1	
廮	ʔʲaŋ2	
廯	sʲen1	
廯	sʲen2	
廱	ʔˠuŋ1	
廲	lej1	
廳	tʰeŋ1	
廴	jin2	
延	jen1	
延	jen3	
廷	deŋ1	
廷	deŋ3	
建	kˠən3	
廾	kˠuŋ1	
廾	kˠuŋ2	
廿	ɲip4	
弁	bˠen3	
异	ji1	
异	ji3	
弃	kʲʰi3	
弄	lɨwŋ3	
弅	vun2	
弅	vun3	新
弆	kˠɨ2	
弆	kˠʰɨ2	
弇	qɑm1	
弇	ʔˠem2	
弈	jak4	
弊	bʲej3	
弋	jɨk4	
弌	ʔʲit4	
弍	ɲi3	
弎	sɑm1	
式	ɕɨk4	
弑	ɕi3	
弓	kˠɨwŋ1	
弔	tew3	
弔	tek4	
引	jin2	
引	jin3	
弗	fut4	
弘	ʁwɨŋ1	
弛	ɕie2	
弜	ɡˠie1	
弜	ɡˠɑŋ2	
弜	ɡˠɑŋ3	新
弝	pa3	
弞	ɕin2	
弞	jin2	
弟	dej2	
弟	dej3	
弢	tʰɑw1	
弣	fʰu2	
弤	twən1	
弤	tej2	
弦	ʁen1	
弧	ʁu1	
弨	tɕʰew1	
弨	tɕʰew2	
弩	nu2	
弬	ji1	
弭	mʲie2	
弮	kˠʰwen1	
弮	kˠwen3	
弰	ʂaw1	
弱	ɲɑk4	
弲	ʔwen1	
弲	xʲwen1	
弴	twən1	
弴	tew1	
張	ʈˠɑŋ1	
張	ʈˠɑŋ3	
弶	ɡˠɑŋ3	
強	ɡˠɑŋ1	
弸	pʰaŋ1	
弸	baŋ1	
弼	bˠit4	
弽	ɕep4	
弽	χep4	
彀	qɨw3	
彃	pʲit4	
彄	qʰɨw1	
彆	pʲej3	
彇	sew1	
彈	dɑn1	
彈	dɑn3	
彉	χwɑk4	
彉	qwɑk4	
彊	ɡˠɑŋ1	
彊	ɡˠɑŋ2	
彊	ɡˠɑŋ3	新
彋	ʁwaŋ1	
彌	mʲie1	
彍	χwɑk4	
彍	qwɑk4	
彎	ʔwan1	
彏	xˠwɑk4	
彏	kˠwɑk4	
彐	kˠej3	
彔	lɨwk4	
彖	tʰwɑn3	
彗	zʲwi3	
彗	ɰwej3	
彗	zʲwej3	
彘	ɖˠej3	
彙	ɰuj3	
彝	ji1	
彠	ʔˠwɑk4	
彠	ʔwak4	
彠	ʁwak4	
彡	sʲem1	
彡	ʂam1	
形	ʁeŋ1	
彣	ɱun1	
彤	duŋ1	
彥	ŋˠen3	
彧	ʔˠɨwk4	
彩	tsʰəj2	
彪	pˠɨw1	
彫	tew1	
彬	pˠin1	
彭	baŋ1	
彯	pʲʰew1	
彯	pʲʰew3	
彰	tɕɑŋ1	
影	ʔˠaŋ2	
彲	ʈˠʰie1	
彳	ʈˠʰak4	
彴	tɕɑk4	
彶	kˠip4	
彷	bɑŋ1	
彷	fʰɑŋ2	
彸	tɕuŋ1	
役	jwak4	
彺	ɰwɑŋ1	
彼	pˠie2	
彽	ɖˠi1	
彾	leŋ1	
彿	fʰut4	
往	ɰwɑŋ2	
征	tɕaŋ1	
徂	dzu1	
待	dəj2	
待	dəj3	新
徇	zʲwin3	
很	ʁən2	
很	ʁən3	新
徉	jɑŋ1	
徊	ʁwəj1	
律	lˠwit4	
後	ʁɨw2	
後	ʁɨw3	
徎	ɖˠaŋ2	
徎	tʰeŋ2	
徎	ɖˠaŋ3	新
徐	zʲɨ1	
徑	qeŋ3	
徒	du1	
得	tɨk4	
徘	bəj1	
徙	sʲie2	
徛	ɡˠie2	
徛	kˠie3	
徛	ɡˠie3	新
徜	dʑɑŋ1	
從	dzʲuŋ1	
從	tsʲʰuŋ1	
從	dzʲuŋ3	
徠	ləj1	
徠	ləj3	
御	ŋˠɨ3	
徢	sep4	
徥	dʑie2	
徥	ɖˠie2	
徥	dʑie3	新
徥	ɖˠie3	新
徧	pen3	
徨	ʁwɑŋ1	
復	vɨw3	
復	vɨwk4	
復	vu3	新
循	zʲwin1	
徬	bɑŋ3	
微	ɱuj1	
徯	ʁej1	
徯	ʁej2	
徯	ʁej3	新
徵	ʈˠɨŋ1	
徵	ʈˠi2	
德	tɨk4	
徹	ɖˠet4	
徹	ʈˠʰet4	
徼	qew1	
徼	qew3	
徽	xˠuj1	
忀	sʲɑŋ1	
忂	ɡˠu1	
心	sʲim1	
必	pʲit4	
忉	tɑw1	
忌	ɡˠi3	
忍	ɲin2	
忒	tʰɨk4	
忓	qɑn1	
忓	ʁɑn3	
忔	xˠɨt4	
忕	dʑej3	
忕	tʰɑj3	
忕	dɑj3	
忖	tsʰwən2	
志	tɕi3	
忘	ɱɑŋ3	
忙	mɑŋ1	
忚	χej1	
忝	tʰem2	
忝	tʰem3	
忞	mˠin1	
忠	ʈˠɨwŋ1	
忡	ʈˠʰɨwŋ1	
忤	ɴu3	
忥	xˠɨj3	
忦	qat4	
忧	ɰɨw3	
忨	ɴwɑn1	
忨	ɴwɑn3	
忩	tsʰɨwŋ1	
忪	tɕuŋ1	
快	qʰwaj3	
忬	jɨ3	
忭	bˠen3	
忮	tɕie3	
忯	ɡʲie1	
忯	dʑie1	
忱	dʑim1	
忳	dwən1	
念	nem3	
忶	ʁwən1	
忶	ɰun3	
忸	ɳˠɨwk4	
忻	xˠɨn1	
忼	χɑŋ1	
忼	qʰɑŋ2	
忽	χwət4	
忾	xʲi1	
忿	fʰun2	
忿	fʰun3	
怊	ʈˠʰew1	
怊	tɕʰew1	
怋	mʲin1	
怋	mən1	
怌	pˠʰi1	
怍	dzɑk4	
怏	ʔˠɑŋ2	
怏	ʔˠɑŋ3	
怐	kˠu3	
怐	qʰɨw3	
怐	qɨw3	
怐	χɨw3	
怒	nu2	
怒	nu3	
怓	ɳaw1	
怔	tɕaŋ1	
怕	pʰa3	
怕	pʰak4	
怖	pʰu3	
怗	tʰep4	
怙	ʁu2	
怙	ʁu3	新
怚	tsʲa1	
怚	dzʲɨ2	
怚	tsʲɨ3	
怚	dzʲɨ3	新
怛	tɑn3	
怛	tɑt4	
怜	len1	
怜	leŋ1	
思	sʲi1	
思	sʲi3	
怞	ɖˠɨw1	
怠	dəj2	
怠	dəj3	新
怡	ji1	
怤	fʰu1	
急	kˠip4	
怦	pʰaŋ1	
性	sʲaŋ3	
怨	ʔˠwən1	
怨	ʔˠwən3	
怩	ɳˠi1	
怪	qwaj3	
怫	vuj3	
怫	vut4	
怭	bʲit4	
怮	ʔew1	
怮	ʔˠɨw1	
怮	ʔʲɨw1	
怮	ʔʲɨw2	
怯	kˠʰəp4	
怲	pˠaŋ2	
怲	pˠaŋ3	
怳	xˠwɑŋ2	
怴	xʲwit4	
怵	ʈˠʰwit4	
恀	tɕie2	
恀	dʑie2	
恀	tɕʰie2	
恀	dʑie3	新
恁	ɲim1	
恁	ɲim2	
恂	sʲwin1	
恃	dʑi2	
恃	dʑi3	新
恄	xʲit4	
恅	lɑw2	
恆	ʁɨŋ1	
恇	kˠʰwɑŋ1	
恈	mɨw1	
恉	tɕi2	
恌	tʰew1	
恌	jew1	
恍	qwɑŋ1	
恎	det4	
恐	kˠʰuŋ2	
恐	kˠʰuŋ3	
恑	kˠwie2	
恔	qew2	
恕	ɕɨ3	
恖	sʲi1	
恗	χu1	
恙	jɑŋ3	
恚	ʔʲwie3	
恜	ʈˠʰɨk4	
恞	ji1	
恟	xˠuŋ1	
恠	qwaj3	
恢	qʰwəj1	
恣	tsʲi3	
恤	sʲwit4	
恥	ʈˠʰi2	
恧	ɳˠɨwk4	
恧	ɳˠɨk4	
恨	ʁən3	
恩	ʔən1	
恪	qʰɑk4	
恫	tʰɨwŋ1	
恫	dɨwŋ3	
恬	dem1	
恭	kˠuŋ1	
恮	tsʲʰwen1	
恮	tʂwen1	
息	sʲɨk4	
恰	qʰap4	
恲	pʰaŋ1	
恾	mɑŋ1	
恿	juŋ2	
悀	juŋ2	
悁	ʔʲwen1	
悂	pʲʰi1	
悂	pej1	
悃	qʰwən2	
悄	tsʲʰew2	
悅	jwet4	
悆	jɨ3	
悇	tʰu1	
悇	jɨ3	
悇	ʈˠʰɨ3	
悈	qaj3	
悈	kˠɨk4	
悉	sʲit4	
悊	ʈˠet4	
悋	lˠin3	
悌	dej2	
悌	dej3	
悍	ʁɑn3	
悏	qʰep4	
悐	tʰek4	
悑	pʰu3	
悒	ʔˠip4	
悔	χwəj2	
悔	χwəj3	
悕	xˠɨj1	
悖	bəj3	
悖	bət4	
悗	mɑn1	
悙	χaŋ1	
悚	sʲuŋ2	
悛	tsʲʰwen1	
悜	ʈˠʰaŋ2	
悝	qʰwəj1	
悝	lˠi2	
悞	ɴu3	
悟	ɴu3	
悠	jɨw1	
悢	lˠɑŋ3	
患	ʁwan3	
悤	tsʰɨwŋ1	
悰	dzuŋ1	
悱	fʰuj2	
悲	pˠi1	
悴	dzʲwi3	
悵	ʈˠʰɑŋ3	
悶	mən3	
悷	lej3	
悸	ɡʲwi3	
悹	qwɑn1	
悹	qwɑn2	
悹	qwɑn3	
悺	qwɑn3	
悼	dɑw3	
悽	tsʰej1	
悾	qʰɨwŋ1	
悾	qʰawŋ1	
悾	qʰɨwŋ3	
悿	tʰem2	
惀	lˠwin1	
惀	lwən2	
惁	sek4	
惂	qʰɑm2	
惃	qwən1	
惃	qwən2	
惄	nek4	
情	dzʲaŋ1	
惆	ʈˠʰɨw1	
惆	kˠʰɨw1	
惇	tɕwin1	
惇	twən1	
惈	qwɑ2	
惋	ʔwɑn3	
惌	ʔˠwən1	
惌	ʔˠwən2	
惎	ɡˠi3	
惏	lɑm1	
惑	ʁwɨk4	
惔	dɑm1	
惔	dɑm2	
惔	dɑm3	
惕	tʰek4	
惗	sʲen3	
惗	nep4	
惘	ɱɑŋ2	
惙	ʈˠwet4	
惚	χwət4	
惛	χwən1	
惛	χwən2	
惛	χwən3	
惜	sʲak4	
惟	jwi1	
惠	ʁwej3	
惡	ʔu1	
惡	ʔu3	
惡	ʔɑk4	
惢	tsʲwie1	
惢	dzʲwie2	
惢	swɑ2	
惢	dzʲwie3	新
惪	tɨk4	
惰	dwɑ2	
惰	dwɑ3	
惱	nɑw2	
惲	ʔˠun2	
想	sʲɑŋ2	
惴	tɕwie3	
惵	dep4	
惶	ʁwɑŋ1	
惷	tɕʰwin2	
惸	ɡʲwaŋ1	
惹	ɲa2	
惹	ɲɑk4	
惺	seŋ1	
惺	sʲaŋ2	
惻	tʂʰɨk4	
惼	pen2	
愀	tsʲʰew2	
愀	dzʲɨw2	
愀	dzʲɨw3	新
愁	dʐɨw1	
愃	sʲwen1	
愃	xˠwən2	
愆	kˠʰen1	
愇	ɰuj2	
愈	ju2	
愉	ju1	
愊	pˠʰɨk4	
愋	xˠwən1	
愍	mˠin2	
愎	bˠɨk4	
意	ʔˠi3	
愐	mʲen2	
愒	kˠʰej3	
愒	qʰɑj3	
愒	kˠʰet4	
愓	dɑŋ2	
愓	dɑŋ3	新
愔	ʔʲim1	
愕	ɴɑk4	
愖	dʑim1	
愗	mɨw3	
愙	qʰɑk4	
愚	ŋˠu1	
愛	ʔəj3	
愜	qʰep4	
愞	ɲwen2	
愞	nwɑn3	
愞	nwɑ3	
感	qɑm2	
愢	səj1	
愧	kˠwi3	
愨	qʰawk4	
愩	qɨwŋ1	
愪	ɰun1	
愪	ɰwin2	
愬	su3	
愬	ʂak4	
愭	ɡʲi1	
愮	jew1	
愯	sʲuŋ2	
愱	dzʲit4	
愲	qwət4	
愴	tʂʰɑŋ2	
愴	tʂʰɑŋ3	
愵	nek4	
愶	xˠəp4	
愷	qʰəj2	
愺	tsʰɑw2	
愻	swən3	
愾	xˠɨj3	
愾	qʰəj3	
愿	ŋˠwən3	
慀	ʁej3	
慁	ʁwən3	
慂	juŋ2	
慃	ʔawŋ2	
慄	lˠit4	
慅	sɑw1	
慅	tsʰɑw2	
慆	tʰɑw1	
慇	ʔˠɨn1	
慈	dzʲi1	
慉	xˠɨwk4	
慊	qʰem2	
態	tʰəj3	
慌	χwɑŋ2	
慍	ʔˠun3	
慎	dʑin3	
慏	mʲaŋ2	
慒	dzuŋ1	
慒	zʲɨw1	
慓	pʲʰew1	
慓	bʲew2	
慓	pʲʰew3	
慓	bʲew3	新
慔	mu3	
慕	mu3	
慖	qwəj3	
慖	qwak4	
慗	ʈˠʰɨk4	
慘	tsʰɑm2	
慙	dzɑm1	
慚	dzɑm1	
慛	dzwəj1	
慜	mˠin2	
慝	tʰɨk4	
慞	tɕɑŋ1	
慟	dɨwŋ3	
慢	man3	
慣	qwan3	
慥	tsʰɑw3	
慧	ʁwej3	
慨	qʰəj3	
慫	sʲuŋ2	
慬	ɡˠɨn1	
慬	kˠɨn2	
慮	lˠɨ3	
慯	ɕɑŋ1	
慯	ɕɑŋ3	
慰	ʔˠuj3	
慱	dwɑn1	
慲	mɑn1	
慳	qʰan1	
慴	tɕep4	
慴	dep4	
慵	dʑuŋ1	
慶	kˠʰaŋ3	
慷	qʰɑŋ2	
慸	dej3	
慸	ʈˠʰej3	
慸	ʈʰaj3	
慹	tɕip4	
慹	dzʲip4	
慹	tɕep4	
慹	nep4	
慺	lˠu1	
慺	lɨw1	
慺	lˠu2	
慼	tsʰek4	
慽	tsʰek4	
慾	juk4	
憀	lew1	
憀	lˠɨw1	
憁	tsʰɨwŋ3	
憂	ʔˠɨw1	
憃	ɕuŋ1	
憃	ʈʰawŋ1	
憃	ʈˠʰuŋ3	
憉	baŋ1	
憊	baj3	
憋	pʲet4	
憋	pʲʰet4	
憌	ɡʲwaŋ1	
憍	kˠew1	
憎	tsɨŋ1	
憐	len1	
憑	bˠɨŋ1	
憒	qwəj3	
憓	ʁwej3	
憔	dzʲew1	
憕	ɖaŋ1	
憕	ɖˠɨŋ1	
憖	ŋˠin3	
憙	xˠi2	
憙	xˠi3	
憚	dɑn3	
憛	tʰɑm3	
憜	dwɑ2	
憜	dwɑ3	新
憝	dwəj3	
憞	dwəj3	
憟	sʲuk4	
憠	ɡˠwət4	
憡	tʂʰak4	
憢	χew1	
憤	vun2	
憤	vun3	新
憥	lɑw1	
憧	tɕʰuŋ1	
憧	ɖawŋ3	
憨	χɑm1	
憨	ʁɑm3	
憩	kˠʰej3	
憪	ʁan1	
憪	ʁan2	
憪	ʁan3	新
憫	mˠin2	
憬	kˠwaŋ2	
憭	lew1	
憭	lew2	
憭	lˠew2	
憮	ɱu1	
憮	ɱu2	
憯	tsʰɑm2	
憯	tsʰem2	
憰	qwet4	
憲	xˠən3	
憴	ʑɨŋ1	
憵	pʰek4	
憶	ʔˠɨk4	
憷	tʂʰɨ2	
憸	sʲem1	
憸	tsʲʰem1	
憸	xˠem2	
憸	tsʲʰem2	
憹	nuŋ1	
憺	dɑm2	
憺	dɑm3	
憼	kˠɑŋ2	
憼	kˠaŋ2	
憾	ʁɑm3	
憿	qew1	
懀	ʔwɑj3	
懀	ʔwaj3	
懁	qwen3	
懃	ɡˠɨn1	
懄	ɡˠɨn1	
懅	ɡˠɨ1	
懆	tsʰɑw2	
懇	qʰən2	
懈	qaj3	
應	ʔˠɨŋ1	
應	ʔˠɨŋ3	
懊	ʔɑw2	
懊	ʔɑw3	
懊	ʔˠɨwk4	
懋	mɨw3	
懋	mu3	新
懌	jak4	
懍	lˠim2	
懎	ʂɨk4	
懕	ʔʲem1	
懖	qwɑt4	
懘	tɕʰie2	
懘	tɕʰej3	
懚	ʔˠɨn3	
懛	təj1	
懜	mɨwŋ1	
懜	mɨŋ3	
懝	ɴəj3	
懝	ŋˠɨk4	
懟	ɖˠwi3	
懠	dzej1	
懠	dzej3	
懡	mɑ2	
懢	lɑm1	
懢	lɑm3	
懣	mən2	
懣	mɑn2	
懣	mən3	
懤	ɖˠɨw1	
懤	tɑw2	
懤	ɖˠɨw3	
懥	tɕi3	
懥	ʈˠi3	
懦	ɲu1	
懪	bawk4	
懫	ʈˠi3	
懫	tɕit4	
懬	qʰɑŋ2	
懬	qʰwɑŋ2	
懮	ʔˠɨw2	
懰	lˠɨw1	
懰	lˠɨw2	
懱	met4	
懲	ɖˠɨŋ1	
懵	mɨwŋ2	
懵	mɨŋ3	
懶	lɑn2	
懷	ʁwaj1	
懸	ʁwen1	
懹	ɲɑŋ3	
懺	tʂʰam3	
懻	kˠi3	
懼	ɡˠu3	
懽	χwɑn1	
懽	qwɑn3	
懾	tɕep4	
懿	ʔˠi3	
戀	lˠwen3	
戁	ɳan2	
戁	ɲen2	
戃	tʰɑŋ2	
戄	xˠwɑk4	
戄	ɡˠwɑk4	
戇	χɨwŋ3	
戇	ʈawŋ3	
戈	qwɑ1	
戉	ɰwət4	
戊	mɨw3	
戊	mu3	新
戌	sʲwit4	
戍	ɕu3	
戎	ɲɨwŋ1	
成	dʑaŋ1	
我	ɴɑ2	
戒	qaj3	
戔	dzɑn1	
戕	qɑ1	
戕	dzʲɑŋ1	
戕	tsɑŋ1	
或	ʁwɨk4	
戚	tsʰek4	
戛	qat4	
戜	det4	
戟	kˠak4	
戠	tɕɨk4	
戡	qʰɑm1	
戡	ʈˠim2	
戢	tʂip4	
戣	ɡˠwi1	
戩	tsʲen2	
截	dzet4	
戫	ʔˠɨwk4	
戭	jin2	
戭	jen2	
戮	lˠɨwk4	
戰	tɕen3	
戲	xˠie1	
戲	χu1	
戲	xˠie3	
戴	təj3	
戵	ɡˠu1	
戶	ʁu2	
戶	ʁu3	新
戹	ʔak4	
戺	dʐi2	
戺	dʐi3	新
戻	tʰej3	
戼	maw2	
戽	χu2	
戽	ʁu2	
戽	χu3	
戽	ʁu3	新
戾	lej3	
戾	let4	
房	vɑŋ1	
房	bɑŋ1	
所	ʂɨ2	
扁	pʲʰen1	
扁	pen2	
扁	ben2	
扁	bʲen2	
扁	ben3	新
扁	bʲen3	新
扂	dem2	
扂	dem3	新
扃	qweŋ1	
扅	jie1	
扆	ʔˠɨj2	
扇	ɕen1	
扇	ɕen3	
扈	ʁu2	
扈	ʁu3	新
扉	fuj1	
扊	jem2	
手	ɕɨw2	
才	dzəj1	
扎	tʂat4	
扏	ɡˠɨw1	
扐	lɨk4	
扑	pʰɨwk4	
扒	paj3	
扒	pat4	
扒	pˠet4	
打	taŋ2	
打	teŋ2	
扔	ɲɨŋ1	
扔	ɲɨŋ3	
扚	tew2	
扚	tek4	
扛	qawŋ1	
扜	xˠu1	
扜	ʔˠu1	
扝	ʔu1	
扝	qʰu1	
扞	ʁɑn3	
扟	ʂin1	
扠	ʈʰaj1	
扠	ʈʰa1	新
扡	jie2	
扢	kˠɨt4	
扢	qwət4	
扢	ʁwət4	
扣	qʰɨw2	
扣	qʰɨw3	
扤	ŋˠwət4	
扤	ɴwət4	
扭	ɳˠɨw2	
扭	ʈˠɨw2	
扮	fun1	
扮	qat4	
扮	fun2	
扮	vun2	
扮	pan3	
扮	vun3	新
扱	tʂʰap4	
扳	pan1	
扳	pʰan1	
扴	qat4	
扵	ʔˠɨ1	
扶	vu1	
扶	fu1	
批	pʰej1	
扺	tɕie2	
扽	twən3	
承	dʑɨŋ1	
技	ɡˠie2	
技	ɡˠie3	新
抁	jwen2	
抃	bˠen3	
抄	tʂʰaw1	
抄	tʂʰaw3	
抆	ɱun2	
抆	ɱun3	
抈	ŋˠwət4	
抉	qwet4	
抉	ʔwet4	
把	pa2	
抌	jɨw1	
抌	ju2	
抌	tɑm2	
抍	ɕɨŋ1	
抍	tɕɨŋ2	
抎	ɰun2	
抏	ɴwɑn1	
抐	nwən3	
抐	nwət4	
抑	ʔˠɨk4	
抒	zʲɨ2	
抒	ʑɨ2	
抒	zʲɨ3	新
抒	ʑɨ3	新
抓	tʂaw1	
抓	tʂaw2	
抓	tʂaw3	
抔	pʰəj1	
抔	bɨw1	
投	dɨw1	
抖	tɨw2	
抗	ʁɑŋ1	
抗	qʰɑŋ3	
折	dej1	
折	tɕet4	
折	dʑet4	
抧	tɕie2	
抨	pʰaŋ1	
抩	nɑm1	
抪	pu1	
抪	pu3	
披	pˠʰie1	
披	pˠʰie2	
抭	jew2	
抮	χen2	
抯	tʂa1	
抯	zʲa2	
抯	tsʲa2	
抯	zʲa3	新
抱	bɑw2	
抱	bɑw3	新
抲	χɑ1	
抴	jej3	
抴	jet4	
抵	tej2	
抶	ʈˠʰit4	
抹	mɑt4	
抻	ɕin3	
押	ʔap4	
押	qap4	
抽	ʈˠʰɨw1	
抾	kˠʰi1	
抾	kˠʰəp4	
拂	fʰut4	
拃	tʂan2	
拄	ʈˠu2	
担	tɑn2	
拇	mɨw2	
拇	mu2	新
拈	nem1	
拉	lɑp4	
拊	fʰu2	
拋	pʰaw1	
拋	pʰaw3	
拌	pʰɑn1	
拌	bɑn2	
拌	bɑn3	新
拍	pʰak4	
拎	leŋ1	
拏	ɳa1	
拐	qwaj2	
拑	ɡˠem1	
拒	ɡˠɨ2	
拒	ɡˠɨ3	新
拓	tʰɑk4	
拓	tɕak4	
拔	vət4	
拔	bɑt4	
拔	bat4	
拕	tʰɑ1	
拕	dɑ2	
拕	dɑ3	新
拖	tʰɑ3	
拗	ʔaw2	
拘	kˠu1	
拙	tɕwet4	
拚	fun3	
拚	bˠen3	
招	tɕew1	
拜	paj3	
拫	ʁən1	
括	qwɑt4	
拭	ɕɨk4	
拮	kʲit4	
拮	qet4	
拯	tɕɨŋ2	
拰	ɳˠim2	
拱	kˠuŋ2	
拲	kˠuŋ2	
拲	kˠuk4	
拳	ɡˠwen1	
拴	tsʲʰwen1	
拵	dzwən1	
拶	tsɑt4	
拸	jie1	
拹	xˠəp4	
拺	tʂʰak4	
拺	ʂak4	
拼	paŋ1	
拾	dʑip4	
持	ɖˠi1	
挂	qwaj3	
挂	qwa3	新
挃	ʈˠit4	
挆	twɑ2	
挆	twɑ3	
指	tɕi2	
挈	qʰet4	
按	ʔɑn3	
挋	tɕin3	
挌	lɑk4	
挌	qak4	
挎	qʰu1	
挏	dɨwŋ1	
挏	dɨwŋ2	
挏	dɨwŋ3	新
挐	ɳˠɨ1	
挐	ɳa1	
挑	tʰew1	
挑	tʰɑw1	
挑	dew2	
挑	dew3	新
挒	lˠet4	
挨	ʔaj2	
挨	ʔəj2	
挩	dwɑt4	
挩	tʰwɑt4	
挪	nɑ1	
挫	tswɑ3	
挬	bət4	
挭	qaŋ2	
挮	tʰej2	
振	tɕin1	
振	tɕin3	
挰	ɖaŋ1	
挱	sɑ1	
挲	sɑ1	
挴	məj2	
挶	kˠuk4	
挸	qen2	
挹	ʔʲip4	
挺	deŋ1	
挺	deŋ2	
挺	deŋ3	新
挻	ɕen1	
挼	swəj1	
挽	ɱən2	
挾	ʁep4	
捀	vuŋ1	
捀	vuŋ3	
捂	ɴu3	
捃	kˠun3	
捄	kˠu1	
捄	ɡˠɨw1	
捅	tʰɨwŋ2	
捇	χwak4	
捈	du1	
捈	tʰu1	
捉	tʂawk4	
捊	baw1	
捊	bɨw1	
捋	lwɑt4	
捌	pat4	
捍	ʁan2	
捍	ʁɑn3	
捍	ʁan3	新
捎	sʲew1	
捎	ʂaw1	
捏	net4	
捐	jwen1	
捒	ʂɨ3	
捒	ʂu3	
捔	qawk4	
捔	dʐawk4	
捕	bu3	
捖	ʁwɑn1	
捘	tsʲʰwin1	
捘	tswəj3	
捘	tswən3	
捥	ʔwɑn3	
捦	ɡˠim1	
捧	fʰuŋ2	
捨	ɕa2	
捩	lej3	
捩	let4	
捪	mˠin1	
捫	mən1	
捭	paj2	
据	kˠɨ1	
捲	ɡˠwen1	
捲	kˠwen2	
捲	kˠwen3	
捳	ɴawk4	
捶	tɕwie2	
捷	dzʲep4	
捺	nɑt4	
捻	nep4	
捼	ɲwi1	
捼	nwəj1	
捼	nwɑ1	
捽	dzʲwit4	
捽	dzwət4	
捾	ʔwɑt4	
掀	xˠən1	
掁	ɖaŋ1	
掃	sɑw2	
掃	sɑw3	
掄	lˠwin1	
掄	lwən1	
掅	tsʰeŋ3	
掆	qɑŋ1	
掆	qɑŋ3	
掇	twɑt4	
掇	ʈˠwet4	
授	dʑɨw3	
掉	dew2	
掉	dew3	
掉	ɳawk4	
掊	baw1	
掊	vɨw1	
掊	bɨw1	
掊	pɨw2	
掌	tɕɑŋ2	
掍	ʁwən2	
掍	ʁwən3	新
掎	kˠie1	
掎	kˠie2	
掎	kˠʰie3	
掏	dɑw1	
掐	qʰap4	
排	baj1	
掓	ɕɨwk4	
掔	qʰan1	
掔	qʰen1	
掕	lˠɨŋ1	
掖	jak4	
掘	ɡˠut4	
掘	ɡˠwət4	
掛	qwaj3	
掛	qwa3	新
掜	ɳaj1	
掜	ɴej2	
掝	χwak4	
掞	ɕem3	
掟	deŋ3	
掠	lˠɑŋ3	
掠	lˠɑk4	
採	tsʰəj2	
探	tʰɑm1	
掣	tɕʰej3	
掣	tɕʰet4	
掤	pˠɨŋ1	
接	tsʲep4	
控	qʰawŋ1	
控	qʰɨwŋ3	
推	tɕʰwi1	
推	tʰwəj1	
掩	ʔˠem2	
措	tsʰu3	
掫	tsʲu1	
掫	tsɨw1	
掫	tʂɨw2	
掬	kˠɨwk4	
掾	jwen3	
揀	qan2	
揀	len3	
揂	tsʲɨw1	
揃	tsʲen2	
揄	ju1	
揄	jɨw1	
揄	dɨw1	
揄	dɨw2	
揄	dɨw3	新
揅	ɴen1	
揆	ɡʲwi2	
揆	ɡʲwi3	新
揇	nɑm2	
揈	χwaŋ1	
揉	ɲɨw1	
揊	pˠʰɨk4	
揋	ʔwəj1	
揌	səj1	
揎	sʲwen1	
描	mˠew1	
描	maw1	
提	dʑie1	
提	dej1	
插	tʂʰap4	
揕	ʈˠim3	
揖	ʔʲip4	
揗	zʲwin1	
揗	ʑwin2	
揗	ʑwin3	
揘	ɰwaŋ1	
揙	pʲen1	
揚	jɑŋ1	
換	ʁwɑn3	
揜	ʔɑm2	
揜	ʔˠem2	
揞	ʔɑm2	
揞	ʔam3	
揟	sʲɨ1	
揠	ʔat4	
握	ʔawk4	
揢	qʰak4	
揣	tʂʰwie2	
揣	twɑ2	
揤	dzʲit4	
揤	tsʲɨk4	
揥	tej1	
揥	tʰej3	
揥	ʈˠʰej3	
揧	lɑt4	
揨	ɖaŋ1	
揩	qʰaj1	
揩	qʰaj3	
揫	tsʲɨw1	
揬	dwət4	
揭	kˠʰej3	
揭	kˠət4	
揭	ɡˠət4	
揭	ɡˠet4	
揭	kˠʰet4	
揭	kˠet4	
揮	xˠuj1	
揯	qɨŋ1	
揯	qɨŋ3	
揱	sʲew1	
揱	ʂaw3	
揱	ʂawk4	
揲	ʑet4	
揲	jep4	
揲	dep4	
揳	set4	
援	ɰwən1	
援	ɰwen3	
揵	ɡˠen1	
揵	kˠən2	
搆	qɨw3	
搈	juŋ1	
搉	qawk4	
搉	qʰawk4	
搊	tʂu1	
搊	tʂʰɨw1	
搊	tʂɨw2	
搋	ʈʰaj1	
搋	ʈʰa1	新
搌	ʈˠen2	
搌	ʈˠʰen2	
損	swən2	
搎	swən1	
搏	fu3	
搏	pʰɑk4	
搏	pɑk4	
搑	ɲuŋ1	
搑	ɲuŋ2	
搒	baŋ1	
搒	pɑŋ3	
搓	tsʰɑ1	
搔	sɑw1	
搕	ʔɑp4	
搖	jew1	
搖	jew3	
搙	nuk4	
搙	ɳawk4	
搚	lɑp4	
搜	ʂɨw1	
搢	tsʲin3	
搣	mʲet4	
搤	ʔak4	
搥	twəj1	
搦	ɳawk4	
搦	ɳak4	
搨	tɑp4	
搩	ɡˠet4	
搪	dɑŋ1	
搫	bɑn1	
搫	bɑ1	
搭	tʰɑp4	
搮	lˠit4	
搯	tʰɑw1	
搰	ʁwət4	
搱	ɳaj1	
搴	kˠen2	
搵	ʔˠun2	
搵	ʔwən3	
搵	ʔwət4	
搶	tsʲʰɑŋ1	
搶	tʂʰɑŋ2	
搶	tsʲʰɑŋ2	
搷	den1	
搸	tʂin1	
搹	qak4	
携	ʁwej1	
摋	sɑt4	
摌	ʂan2	
摍	ʂɨwk4	
摎	qaw1	
摎	lˠɨw1	
摏	ɕuŋ1	
摐	tsʲʰuŋ1	
摐	tʂʰawŋ1	
摑	qwak4	
摒	pʲaŋ3	
摕	tej3	
摕	dej3	
摕	det4	
摖	tsʰej3	
摗	sɨw1	
摘	ʈak4	
摘	tʰek4	
摙	lˠen2	
摙	lˠen3	
摛	ʈˠʰie1	
摜	qwan3	
摝	lɨwk4	
摞	lwɑ1	
摞	lwɑ3	
摟	lˠu1	
摟	lɨw1	
摠	tsɨwŋ2	
摡	xˠɨj3	
摡	qəj3	
摣	ɳa1	
摤	tsʲʰɑŋ2	
摥	tʰɑŋ3	
摦	ʁwa3	
摧	dzwəj1	
摩	mɑ1	
摩	mɑ3	
摫	kʲwie1	
摬	ʔˠaŋ2	
摭	tɕak4	
摮	ɴɑw1	
摯	tɕi3	
摲	tʂʰam3	
摳	kˠʰu1	
摳	qʰɨw1	
摴	ʈˠʰɨ1	
摵	ʂɨwk4	
摵	tsʲɨwk4	
摵	ʂak4	
摶	dwɑn1	
摶	ɖˠwen2	
摶	ɖˠwen3	新
摷	lew1	
摷	tʂaw1	
摸	mu1	
摸	mɑk4	
摺	lɑp4	
摺	tɕep4	
摻	ʂam1	
摻	ʂam2	
摼	qʰaŋ1	
摽	pʲʰew1	
摽	bʲew2	
摽	pʲʰew3	
摽	bʲew3	新
撅	kˠwət4	
撅	ɡˠwət4	
撆	pʰet4	
撈	lɑw1	
撋	ɲwen1	
撍	tʂim1	
撍	tsɑm1	
撍	tsɑm2	
撍	tsɑm3	
撎	ʔˠi3	
撏	zʲim1	
撏	dzɑm1	
撏	dʑem1	
撓	χɑw1	
撓	ɳaw2	
撕	sej1	
撖	qʰɑm1	
撖	qʰam2	
撖	ʁam2	
撖	ʁam3	新
撘	tɑp4	
撙	tswən2	
撚	nen2	
撛	lˠin2	
撛	lˠin3	
撜	tɕɨŋ2	
撝	xˠwie1	
撞	ɖawŋ1	
撞	ɖawŋ3	
撟	kˠew1	
撟	kˠew2	
撠	kˠak4	
撢	jim1	
撢	tʰɑm1	
撢	tʰɑm3	
撣	dɑn1	
撣	dʑen1	
撣	dɑn3	
撤	ɖˠet4	
撤	ʈˠʰet4	
撥	pɑt4	
撦	tɕʰa2	
撨	sew1	
撨	dzʲew1	
撩	lew1	
撩	lew2	
撫	fʰu2	
播	pɑ3	
撮	tswɑt4	
撮	tsʰwɑt4	
撰	dʐwan2	
撰	dʐwen2	
撰	dʐwan3	新
撰	dʐwen3	新
撱	jwie2	
撱	jwi2	
撲	pʰɨwk4	
撻	tʰɑt4	
撼	ʁɑm2	
撼	ʁɑm3	新
撿	lˠem2	
擁	ʔˠuŋ2	
擄	lu2	
擅	dʑen3	
擆	ʈˠɑk4	
擇	ɖak4	
擉	tʂʰawk4	
擊	qek4	
擋	tɑŋ3	
擌	ʂak4	
操	tsʰɑw1	
操	tsʰɑw3	
擎	ɡˠaŋ1	
擐	qwan1	
擐	ʁwan3	
擒	ɡˠim1	
擔	tɑm1	
擔	tɑm3	
擖	qʰat4	
擖	qat4	
擖	ɖap4	
擗	bʲak4	
擘	pak4	
據	kˠɨ3	
擠	tsej1	
擠	tsej3	
擡	dəj1	
擢	ɖawk4	
擣	tɑw2	
擥	lɑm1	
擥	lɑm2	
擧	jɨ1	
擨	ja1	
擩	ɲwi1	
擩	ɲu2	
擩	ɲu3	
擩	nɨw3	
擪	ʔʲem2	
擪	ʔʲep4	
擬	ŋˠi2	
擭	ʁu3	
擭	ʁwɑk4	
擭	ʔwak4	
擯	pʲin3	
擲	ɖˠak4	
擳	tʂit4	
擴	ʁwɑŋ3	
擷	ʁet4	
擷	χet4	
擸	lɑp4	
擸	lˠep4	
擹	tʰɑn1	
擺	paj2	
擻	sɨw2	
擽	lˠɑk4	
擽	lek4	
擾	ɲew2	
擿	ɖˠak4	
攀	pʰan1	
攂	lwəj3	
攃	sɑt4	
攃	tsʰɑt4	
攄	ʈˠʰɨ1	
攇	xˠən2	
攈	kˠun3	
攉	χwɑk4	
攊	lek4	
攋	lɑt4	
攍	jaŋ1	
攎	lu1	
攏	lɨwŋ2	
攐	kˠʰen1	
攑	kˠʰən1	
攔	lɑn1	
攕	ʂam1	
攖	ʔʲaŋ1	
攗	mˠi1	
攘	ɲɑŋ1	
攘	ɲɑŋ2	
攘	ɲɑŋ3	
攙	dʐam1	
攙	tʂʰam1	
攜	ʁwej1	
攝	ɕep4	
攝	nep4	
攞	lɑ2	
攡	lˠie1	
攢	tsɑn3	
攢	dzwɑn3	
攣	lˠwen1	
攤	tʰɑn1	
攤	nɑn2	
攤	nɑn3	
攥	tswɑt4	
攨	ʔwa3	
攩	tʰɑŋ2	
攩	ʁwɑŋ2	
攩	ʁwɑŋ3	
攪	qaw2	
攫	kˠwɑk4	
攬	lɑm2	
支	tɕie1	
攱	kˠwie2	
攱	kˠwie3	
攲	kˠʰie1	
攲	kˠie1	
攲	kˠie2	
攴	pʰɨwk4	
攴	pʰawk4	
收	ɕɨw1	
收	ɕɨw3	
攷	qʰɑw2	
攸	jɨw1	
改	qəj2	
攺	ji2	
攺	zʲi2	
攺	zʲi3	新
攻	qɨwŋ1	
攻	quŋ1	
攽	pˠin1	
放	fɑŋ2	
放	fɑŋ3	
政	tɕaŋ3	
敀	pak4	
敀	pʰak4	
敁	tem1	
敂	qɨw2	
敃	mˠin2	
敄	ɱu2	
敄	ɱu3	
故	qu3	
敆	qɑp4	
效	ʁaw3	
敉	mʲie2	
敊	ʈˠʰɨwk4	
敌	ʁwat4	
敏	mˠin2	
敐	dʑin1	
敐	tɕin2	
救	kˠɨw3	
敓	dwɑt4	
敔	ŋˠɨ2	
敕	ʈˠʰɨk4	
敖	ɴɑw1	
敗	baj3	
敗	paj3	
敘	zʲɨ2	
敘	zʲɨ3	新
教	qaw1	
教	qaw3	
敜	nep4	
敝	bʲej3	
敞	tɕʰɑŋ2	
敠	twɑt4	
敠	tsʲʰwet4	
敡	jie3	
敢	qɑm2	
散	sɑn2	
散	sɑn3	
敤	qʰwɑ2	
敤	qʰwɑ3	
敦	twəj1	
敦	twən1	
敦	dwɑn1	
敦	twən3	
敫	jɑk4	
敬	kˠaŋ3	
敭	jɑŋ1	
敮	χap4	
敲	qʰaw1	
敲	qʰaw3	
敳	ɴəj1	
整	tɕaŋ2	
敵	dek4	
敶	ɖˠin1	
敶	ɖˠin3	
敷	fʰu1	
數	ʂu2	
數	ʂu3	
數	ʂawk4	
敹	lew1	
敺	kˠʰu1	
敻	χwen3	
敻	xʲwaŋ3	
敽	kˠew2	
斀	ʈawk4	
斁	du3	
斁	tu3	
斁	jak4	
斂	lˠem2	
斂	lˠem3	
斃	bʲej3	
斄	lˠi1	
斄	ləj1	
斅	ʁaw3	
文	ɱun1	
斌	pˠin1	
斐	fʰuj2	
斑	pan1	
斒	pan1	
斕	lan1	
斖	ɱuj2	
斗	tɨw2	
料	lew1	
料	lew3	
斛	ʁɨwk4	
斜	ja1	
斜	zʲa1	
斝	qa2	
斞	ju2	
斟	tɕim1	
斠	qawk4	
斡	ʔwɑt4	
斢	tʰɨw2	
斣	tɨw3	
斤	kˠɨn1	
斤	kˠɨn3	
斥	tɕʰa3	
斥	tɕʰak4	
斦	ŋˠɨn1	
斧	fu2	
斨	tsʲʰɑŋ1	
斪	ɡˠu1	
斫	tɕɑk4	
斬	tʂam2	
斮	tʂawk4	
斮	tʂɑk4	
斯	sʲie1	
新	sʲin1	
斲	ʈawk4	
斷	twɑn2	
斷	dwɑn2	
斷	twɑn3	
斷	dwɑn3	新
斸	ʈˠuk4	
方	vɑŋ1	
方	fɑŋ1	
於	ʔˠɨ1	
於	ʔu1	
施	ɕie1	
施	ɕie3	
斿	jɨw1	
旁	bɑŋ1	
旂	ɡˠɨj1	
旃	tɕen1	
旄	mɑw1	
旄	mɑw3	
旅	lˠɨ2	
旆	bɑj3	
旇	pˠʰie1	
旇	bˠie3	
旋	zʲwen1	
旋	zʲwen3	
旌	tsʲaŋ1	
旍	tsʲaŋ1	
旎	ɳˠie2	
族	dzɨwk4	
旐	ɖˠew2	
旐	ɖˠew3	新
旒	lˠɨw1	
旓	ʂaw1	
旔	kˠən3	
旖	ʔˠie1	
旖	ʔˠie2	
旗	ɡˠi1	
旚	pʲʰew1	
旛	vən1	
旛	fʰən1	
旜	tɕen1	
旝	qwɑj3	
旞	zʲwi3	
旟	jɨ1	
无	ɱu1	
无	mu1	
旡	kˠɨj3	
既	kˠɨj3	
日	ɲit4	
旦	tɑn3	
旨	tɕi2	
早	tsɑw2	
旬	zʲwin1	
旭	xˠuk4	
旰	qɑn3	
旱	ʁɑn2	
旱	ʁɑn3	新
旴	xˠu1	
旵	ʈʰam2	
旹	dʑi1	
旺	ɰwɑŋ3	
旻	mˠin1	
旼	mˠin1	
旿	ɴu2	
昂	ɴɑŋ1	
昃	tʂɨk4	
昄	pɑn2	
昄	pan2	
昄	ban2	
昄	ban3	新
昅	ɡˠəp4	
昆	qwən1	
昇	ɕɨŋ1	
昈	ʁu2	
昈	ʁu3	新
昉	fɑŋ2	
昊	ʁɑw2	
昊	ʁɑw3	新
昋	qwej3	
昌	tɕʰɑŋ1	
明	mˠaŋ1	
昏	χwən1	
昒	ɱut4	
昒	χwət4	
易	jie3	
易	jak4	
昔	sʲak4	
昕	xˠɨn1	
昚	dʑin3	
昜	jɑŋ1	
昝	tsɑm2	
昞	pˠaŋ2	
星	seŋ1	
映	ʔɑŋ2	
映	ʔˠaŋ3	
昢	pʰəj3	
昢	pʰət4	
昤	leŋ1	
春	tɕʰwin1	
昦	ʁɑw2	
昦	ʁɑw3	新
昧	məj3	
昨	dzɑk4	
昩	mɑt4	
昪	bˠen3	
昫	xˠu3	
昭	tɕew1	
是	dʑie2	
是	dʑie3	新
昱	jɨwk4	
昲	fʰuj3	
昳	det4	
昴	maw2	
昵	ɳˠit4	
昶	ʈˠʰɑŋ2	
昶	ʈˠʰɑŋ3	
晁	ɖˠew1	
時	dʑi1	
晃	ʁwɑŋ2	
晃	ʁwɑŋ3	新
晈	qew2	
晉	tsʲin3	
晊	tɕit4	
晏	ʔɑn3	
晏	ʔan3	
晐	qəj1	
晙	sʲwin3	
晙	tsʲwin3	
晚	ɱən2	
晛	ʁen2	
晛	nen3	
晛	ʁen3	新
晜	qwən1	
晝	ʈˠɨw3	
晞	xˠɨj1	
晟	dʑaŋ3	
晡	pu1	
晢	tɕej3	
晢	tɕet4	
晣	tɕet4	
晤	ɴu3	
晥	ʁwɑn2	
晥	ʁwɑn3	新
晦	χwəj3	
晧	ʁɑw2	
晧	ʁɑw3	新
晨	dʑin1	
晨	ʑin1	
晪	tʰen2	
晫	ʈawk4	
晫	ʈʰawk4	
晬	tswəj3	
晭	tɕɨw2	
普	pʰu2	
景	kˠaŋ2	
晲	ɴej2	
晴	dzʲaŋ1	
晵	qʰej2	
晵	kʲʰen3	
晶	tsʲaŋ1	
晷	kˠwi2	
晹	ɕak4	
智	ʈˠie3	
晻	ʔɑm2	
晻	ʔˠem2	
晼	ʔˠwən2	
暀	ɰwɑŋ2	
暀	ɰwɑŋ3	
暀	ʁwɑŋ3	
暄	xˠwən1	
暅	xˠwən2	
暆	jie1	
暇	ʁa3	
暈	ɰun3	
暉	xˠuj1	
暍	ʔˠət4	
暍	χɑt4	
暎	ʔˠaŋ3	
暏	tu2	
暐	ɰuj2	
暑	ɕɨ2	
暕	qan2	
暖	nwɑn2	
暗	ʔɑm3	
暘	jɑŋ1	
暜	tʰej3	
暝	meŋ1	
暝	meŋ3	
暟	qʰəj2	
暠	qɑw2	
暡	ʔɨwŋ2	
暢	ʈˠʰɑŋ3	
暤	ʁɑw2	
暤	ʁɑw3	新
暨	ɡˠi3	
暨	kˠɨj3	
暨	kˠit4	
暨	kˠɨt4	
暫	dzɑm3	
暬	sʲet4	
暬	nep4	
暮	mu3	
暰	tsʲʰuŋ1	
暱	ɳˠit4	
暲	tɕɑŋ1	
暳	χwej3	
暴	bɑw3	
暴	bɨwk4	
暵	χɑn2	
暵	χɑn3	
暹	sʲem1	
暻	kˠwaŋ2	
暼	pʰet4	
暾	tʰwən1	
曀	ʔej3	
曃	tʰəj3	
曄	ɰip4	
曄	ɰep4	
曅	ɰep4	
曆	lek4	
曇	dɑm1	
曈	dɨwŋ1	
曈	tʰɨwŋ1	
曈	tʰɨwŋ2	
曉	χew2	
曏	xˠɑŋ2	
曏	ɕɑŋ2	
曏	ɕɑŋ3	
曏	xˠɑŋ3	
曐	seŋ1	
曑	ʂim1	
曔	ɡˠaŋ3	
曖	ʔɑj3	
曖	ʔəj3	
曙	dʑɨ3	
曚	mɨwŋ2	
曛	xˠun1	
曜	jew3	
曝	bɑw3	
曝	bɨwk4	
曠	qʰwɑŋ3	
曡	dep4	
曦	xˠie1	
曨	lɨwŋ1	
曨	lɨwŋ2	
曩	nɑŋ2	
曪	lɑ2	
曫	lwɑn1	
曬	ʂie3	
曬	ʂaj3	
曭	tʰɑŋ2	
曮	ŋˠəm2	
曰	ɰwət4	
曲	kˠʰuk4	
曳	jej3	
更	qaŋ1	
更	qaŋ3	
曷	ʁɑt4	
書	ɕɨ1	
曹	dzɑw1	
曼	mɑn1	
曼	ɱən3	
曾	tsɨŋ1	
曾	dzɨŋ1	
替	tʰej3	
最	tswɑj3	
朁	dzʲem1	
朁	tsʰɑm2	
會	ʁwɑj3	
會	qwɑj3	
朄	jin3	
朅	kˠʰet4	
月	ŋˠwət4	
有	ɰɨw2	
朋	bɨŋ1	
服	vɨwk4	
朏	fʰuj2	
朏	pʰəj2	
朒	ɳˠɨwk4	
朓	tʰew1	
朓	tʰew2	
朔	ʂawk4	
朕	ɖˠim2	
朕	ɖˠim3	新
朖	lɑŋ2	
朗	lɑŋ2	
朚	ɱɑŋ1	
朚	mɑŋ1	
朚	maŋ3	
望	ɱɑŋ1	
望	ɱɑŋ3	
朝	ʈˠew1	
朝	ɖˠew1	
朞	kˠi1	
期	ɡˠi1	
朢	ɱɑŋ1	
朢	ɱɑŋ3	
朦	mɨwŋ1	
朧	lɨwŋ1	
木	mɨwk4	
未	ɱuj3	
末	mɑt4	
本	pən2	
札	tʂat4	
朮	ʑwit4	
朮	ɖˠwit4	
朱	tɕu1	
朲	ɲin1	
朳	pat4	
朴	pʰawk4	
朵	twɑ2	
朶	twɑ2	
朷	tɑw1	
朷	mɨwk4	
朸	lˠɨk4	
朸	lɨk4	
朹	ɡˠɨw1	
朹	kˠwi2	
机	kˠi1	
机	kˠi2	
朻	kˠɨw1	
朻	kʲɨw1	
朻	kʲɨw2	
朼	pʲi2	
朽	xˠɨw2	
朾	ʈaŋ1	
朾	ɖaŋ1	
朿	tsʲʰie3	
杄	tsʰen1	
杅	ɰu1	
杆	qɑn3	
杇	ʔu1	
杈	tʂʰa1	
杈	tʂʰaj3	
杈	tʂʰa3	新
杉	ʂam1	
杌	ɴwət4	
杍	tsʲi2	
李	lˠi2	
杏	ʁaŋ2	
杏	ʁaŋ3	新
材	dzəj1	
村	tsʰwən1	
杒	ɲin3	
杓	pʲew1	
杓	pʲʰew1	
杓	dʑɑk4	
杓	tek4	
杔	ʈak4	
杕	dej3	
杖	ɖˠɑŋ2	
杖	ɖˠɑŋ3	新
杗	ɱɑŋ1	
杗	mɑŋ1	
杘	ʈˠʰi3	
杙	jɨk4	
杜	du2	
杜	du3	新
杝	jie1	
杝	ɖˠie2	
杝	ɖˠie3	新
杞	kˠʰi2	
束	ɕuk4	
杠	qawŋ1	
杪	mʲew2	
杫	sʲie3	
杬	ŋˠwən1	
杭	ʁɑŋ1	
杮	fʰəj3	
杯	pəj1	
杰	ɡˠet4	
東	tɨwŋ1	
杲	qɑw2	
杳	ʔew2	
杴	xˠəm1	
杵	tɕʰɨ2	
杶	ʈˠʰwin1	
杷	ba1	
杷	baj3	
杷	ba3	
杸	dʑu1	
杹	χwa3	
杺	sʲim1	
杻	ɳˠɨw2	
杻	ʈˠʰɨw2	
杼	ɖˠɨ2	
杼	ʑɨ2	
杼	ɖˠɨ3	新
杼	ʑɨ3	新
杽	ʈˠʰɨw2	
松	zʲuŋ1	
板	pan2	
极	ɡˠep4	
极	ɡˠəp4	
枂	ŋˠwət4	
枂	ɴwɑt4	
枃	tsʲin3	
枅	qej1	
枆	mɑw1	
枇	bʲi1	
枇	pʲi2	
枇	bʲi3	
枉	ʔˠwɑŋ2	
枊	ɴɑŋ1	
枊	ɴɑŋ3	
枋	fɑŋ1	
枌	vun1	
枍	ʔej3	
枎	vu1	
析	sek4	
枑	ʁu3	
枒	ɴa1	
枒	ɴa3	
枓	tɕu2	
枓	tɨw2	
枔	zʲim1	
枕	ɖˠim1	
枕	tɕim2	
枕	tɕim3	
枖	ʔˠew1	
林	lˠim1	
枘	ɲwej3	
枚	məj1	
果	qwɑ2	
枝	tɕie1	
枮	ʈˠim1	
枮	sʲem1	
枯	qʰu1	
枰	bˠaŋ1	
枰	bˠaŋ3	
枲	sʲi2	
枳	tɕie2	
枳	kʲie2	
枴	qwaj2	
枵	xˠew1	
架	qa3	
枷	ɡˠɑ1	
枷	qa1	
枸	qɨw1	
枸	kˠu2	
枸	qɨw2	
枹	vu1	
枹	paw1	
枹	vɨw1	
枺	mɑj3	
枻	jej3	
枼	jep4	
枿	ɴɑt4	
柀	pˠie2	
柁	dɑ2	
柁	dɑ3	新
柃	leŋ1	
柃	lˠaŋ2	
柄	pˠaŋ3	
柅	ɳˠi1	
柅	ɳˠie2	
柅	ɳˠi2	
柈	bɑn1	
柉	vəm1	
柊	tɕɨwŋ1	
柌	zʲi1	
柍	ʔˠɑŋ2	
柎	fu1	
柏	pak4	
某	mɨw2	
某	mu2	新
柑	qɑm1	
柒	tsʲʰit4	
染	ɲem2	
染	ɲem3	
柔	ɲɨw1	
柖	dʑew1	
柘	tɕa3	
柙	ʁap4	
柚	jɨw3	
柚	ɖˠɨwk4	
柛	ɕin1	
柜	kˠɨ2	
柝	tʰɑk4	
柞	tsɑk4	
柞	dzɑk4	
柟	nɑm1	
柟	ɲem1	
柟	ɲem2	
柠	ʈˠʰɨ2	
柢	tej1	
柢	tej2	
柢	tej3	
柣	ɖˠit4	
柣	tsʰet4	
柤	tʂa1	
查	dʐaj1	
查	dʐa1	
柧	qu1	
柩	ɡˠɨw3	
柫	fut4	
柬	qan2	
柮	twət4	
柮	dzwɑt4	
柯	qɑ1	
柰	nɑj3	
柱	ɖˠu2	
柱	ʈˠu2	
柱	ɖˠu3	新
柲	pˠi3	
柲	bʲit4	
柲	pˠit4	
柲	bet4	
柳	lˠɨw2	
柴	dʐaj1	
柴	dʐa1	新
柵	ʂan3	
柵	tʂʰak4	
柶	sʲi3	
柷	tɕʰɨwk4	
柷	tɕɨwk4	
柹	dʐi2	
柹	dʐi3	新
栐	ɰwaŋ2	
栓	ʂwen1	
栔	qʰej3	
栔	qʰet4	
栖	sej1	
栖	sej3	
栗	lˠit4	
栘	jie1	
栘	dʑej1	
栙	ʁawŋ1	
栚	ɖˠim2	
栚	ɖˠim3	新
栛	lej3	
栜	ʂak4	
栝	tʰem2	
栝	qwɑt4	
栞	qʰɑn1	
栟	pʲaŋ1	
栠	ɲim2	
校	ʁaw3	
校	qaw3	
栩	ɰu2	
栩	xˠu2	
株	ʈˠu1	
栫	dzwən3	
栫	dzen3	
栭	ɲi1	
栯	ɰɨw2	
栯	ʔˠɨwk4	
栰	vət4	
栱	kˠuŋ2	
栲	qʰɑw2	
栳	lɑw2	
栴	tɕen1	
栵	lˠej3	
栵	lˠet4	
样	jɑŋ1	
样	tsɑŋ1	
核	ʁak4	
根	qən1	
栺	tɕi1	
栺	ɴej3	
栻	ʈˠʰɨk4	
格	qɑk4	
格	qak4	
栽	tsəj1	
栽	dzəj3	
栿	vɨwk4	
桀	ɡˠet4	
桁	ʁɑŋ1	
桁	ʁaŋ1	
桂	qwej3	
桃	dɑw1	
桄	qwɑŋ1	
桄	qwɑŋ3	
桅	ɴwəj1	
桅	kˠwie2	
框	kˠʰwɑŋ1	
案	ʔɑn3	
桊	kˠwen3	
桋	ji1	
桋	dej1	
桌	ʈawk4	
桎	tɕit4	
桏	ɡˠuŋ1	
桐	dɨwŋ1	
桑	sɑŋ1	
桒	sɑŋ1	
桓	ʁwɑn1	
桔	qet4	
桘	ɖˠwi1	
桫	sɑ1	
桬	ʂa1	
桭	tɕin1	
桭	dʑin1	
桮	pəj1	
桯	ʁeŋ1	
桯	tʰeŋ1	
桱	qeŋ3	
桲	bət4	
桴	fʰu1	
桴	vɨw1	
桴	vu1	新
桵	ɲwi1	
桶	tʰɨwŋ2	
桶	dɨwŋ2	
桶	dɨwŋ3	新
桷	qawk4	
桸	xˠie1	
桸	xˠɨj1	
桹	lɑŋ1	
桻	fʰuŋ1	
桼	tsʲʰit4	
桾	kˠun1	
梀	sɨwk4	
梀	tsʰɨwk4	
梀	ʈˠʰuk4	
梁	lˠɑŋ1	
梂	ɡˠɨw1	
梃	deŋ2	
梃	deŋ3	新
梄	jɨw2	
梅	məj1	
梆	pawŋ1	
梇	lɨwŋ3	
梋	χwen1	
梌	du1	
梌	tʰu1	
梌	ɖa1	
梎	ʔaw1	
梏	quk4	
梏	qawk4	
梐	pej1	
梐	bej2	
梐	bej3	新
梑	dek4	
梒	ʁɑm1	
梓	tsʲi2	
梔	tɕie1	
梗	qaŋ2	
梜	qep4	
梜	qap4	
條	dew1	
梞	ɡˠi3	
梟	qew1	
梠	lˠɨ2	
梡	ʁwɑn1	
梡	ʁwɑn2	
梡	qʰwɑn2	
梡	ʁwɑn3	新
梢	ʂaw1	
梣	dzʲim1	
梣	dʐim1	
梤	vun1	
梧	ɴu1	
梨	lˠi1	
梩	lˠi1	
梪	dɨw3	
梫	tsʲim1	
梫	tʂʰim1	
梫	tsʲʰim2	
梬	jaŋ2	
梭	swɑ1	
梮	kˠuk4	
梯	tʰej1	
械	ʁaj3	
梱	ɴwən1	
梱	qʰwən2	
梲	tʰwət4	
梲	tʰwɑt4	
梲	tɕwet4	
梳	ʂɨ1	
梴	ʈˠʰen1	
梵	vɨwŋ1	
梵	vəm3	
棃	lˠi1	
棄	kʲʰi3	
棅	pˠaŋ3	
棆	lˠwin1	
棈	tsʰen3	
棉	mʲen1	
棊	ɡˠi1	
棌	tsʰəj3	
棍	ʁwən2	
棍	ʁwən3	新
棎	dʑem1	
棏	ʈak4	
棏	dɨk4	
棐	fuj2	
棑	baj1	
棑	baj3	
棒	bawŋ2	
棒	bawŋ3	新
棓	bəj1	
棓	vɨw1	
棓	bawŋ2	
棓	bawŋ3	新
棔	χwən1	
棖	ɖaŋ1	
棗	tsɑw2	
棘	kˠɨk4	
棚	baŋ1	
棚	bɨŋ1	
棛	jɨwk4	
棜	ʔˠɨ3	
棝	qu3	
棟	tɨwŋ3	
棠	dɑŋ1	
棢	ɱɑŋ2	
棣	dej3	
棤	sʲak4	
棥	vən1	
棦	tʂʰaŋ1	
棧	dʐan2	
棧	dʐen2	
棧	dʐan3	
棧	dʐen3	新
棨	qʰej2	
棪	jem2	
棫	ɰwɨk4	
棬	kˠʰwen1	
森	ʂim1	
棯	ɲim2	
棱	lɨŋ1	
棲	sej1	
棴	sɨwk4	
棴	vɨwk4	
棵	ʁwɑn2	
棵	qʰwɑn2	
棵	ʁwɑn3	新
棶	ləj1	
棷	tʂɨw1	
棷	tsɨw1	
棷	sɨw2	
棷	tsʰɨw2	
棸	ɖˠɨw1	
棸	ɖˠɨw2	
棸	ɖˠɨw3	新
棹	ɖaw3	
棺	qwɑn1	
棺	qwɑn3	
棻	vun1	
棻	fʰun1	
棼	vun1	
棽	ʈˠʰim1	
棽	ʂim1	
棿	ɴej1	
椀	ʔwɑn2	
椁	qwɑk4	
椄	tsʲep4	
椅	ʔˠie1	
椅	ʔˠie2	
椆	ɖˠɨw1	
椆	tɕɨw3	
椇	kˠu2	
椈	kˠɨwk4	
椉	ʑɨŋ1	
椊	dzwət4	
椋	lˠɑŋ1	
椌	qʰɨwŋ1	
椌	qʰawŋ1	
植	ɖˠi3	
植	dʑɨk4	
椎	ɖˠwi1	
椏	ʔa1	
椏	ʔɑ2	
椐	kˠɨ1	
椐	kˠʰɨ1	
椐	kˠɨ3	
椑	pʲie1	
椑	bej1	
椑	bʲak4	
椑	bek4	
椒	tsʲew1	
椔	tʂi1	
椔	tʂi3	
椯	dʑwen1	
椰	ja1	
椱	vɨw3	
椱	vɨwk4	
椲	ɰuj2	
椳	ʔwəj1	
椴	dwɑn3	
椵	qa2	
椵	qa3	
椶	tsɨwŋ1	
椷	ʁam1	
椹	ʈˠim1	
椺	ʁek4	
椽	ɖˠwen1	
椿	ʈˠʰwin1	
楀	ɰu2	
楀	kˠu2	
楁	ʁak4	
楂	dʐa1	
楃	ʔawk4	
楄	ben1	
楄	bʲen1	
楅	fɨwk4	
楅	pˠɨk4	
楇	qwɑ1	
楈	sʲɨ1	
楈	sʲɨ2	
楉	ɲɑk4	
楊	jɑŋ1	
楋	lɑt4	
楌	ɴan1	
楎	xˠuj1	
楎	ʁwən1	
楏	qʰwej1	
楑	ɡʲwi1	
楑	ɡʲwi2	
楑	ɡʲwi3	新
楒	sʲi1	
楓	fɨwŋ1	
楔	qat4	
楔	set4	
楖	tsʲit4	
楖	tʂit4	
楖	tsʲɨk4	
楗	ɡˠən2	
楗	ɡˠən3	新
楘	mɨwk4	
楙	mɨw3	
楚	tʂʰɨ2	
楚	tʂʰɨ3	
楛	ʁu2	
楛	ʁu3	新
楝	len3	
楞	lɨŋ1	
楟	deŋ1	
楠	nɑm1	
楢	jɨw1	
楢	tɕʰew2	
楣	mˠi1	
楥	xˠwən3	
楦	xˠwən3	
楧	ʔˠaŋ1	
楨	ʈˠaŋ1	
楩	bʲen1	
楩	bʲen2	
楩	bʲen3	新
楪	jep4	
楫	tsʲep4	
楬	ɡˠət4	
楬	qʰat4	
楬	ɡˠet4	
業	ŋˠəp4	
楮	ʈˠʰɨ2	
楮	tu2	
楯	ʈˠʰwin1	
楯	zʲwin1	
楯	ʑwin2	
楯	ʑwin3	新
楰	ju1	
楰	ju2	
楱	tsʰɨw3	
楱	dzɨw3	
楲	ʔˠuj1	
極	ɡˠɨk4	
楶	tset4	
楷	qaj1	
楷	qʰaj2	
楸	tsʲʰɨw1	
楹	jaŋ1	
楺	ɲɨw2	
榆	ju1	
榍	set4	
榎	qa2	
榑	vu1	
榓	mʲit4	
榔	lɑŋ1	
榔	lɑŋ2	
榖	qɨwk4	
榗	tsʲen3	
榘	kˠu2	
榙	ʁɑp4	
榛	tʂin1	
榜	baŋ1	
榜	pɑŋ2	
榜	paŋ3	
榝	ʂat4	
榝	ʂet4	
榞	ŋˠwən1	
榠	meŋ1	
榣	jew1	
榤	ɡˠet4	
榥	ʁwɑŋ2	
榥	ʁwɑŋ3	新
榦	qɑn3	
榧	fuj2	
榨	tʂa3	
榩	ɡˠen1	
榪	ma3	
榬	ɰwən1	
榭	zʲa3	
榮	ɰwaŋ1	
榯	dʑi1	
榰	tɕie1	
榱	ʂwi1	
榲	ʔwət4	
榴	lˠɨw1	
榵	ɲuŋ1	
榶	dɑŋ1	
榷	qawk4	
榸	ʈaj1	
榹	sʲie1	
榺	ɕɨŋ3	
榻	tʰɑp4	
榼	qʰɑp4	
榽	ʁej1	
榽	ʁaj1	
榾	qwət4	
槀	qɑw2	
槀	qʰɑw2	
槃	bɑn1	
槄	tʰɑw1	
槄	tʰɑw2	
槅	qak4	
槆	sʲwin1	
槈	nɨw3	
槉	dzʲit4	
槊	ʂawk4	
構	qɨw3	
槌	ɖˠwi1	
槌	ɖˠwie3	
槍	tsʲʰɑŋ1	
槍	tʂʰaŋ1	
槎	dʐa1	
槎	dʐa2	
槎	dʐa3	新
槏	qʰam2	
槐	ʁwaj1	
槐	ʁwəj1	
槔	qɑw1	
槙	ten1	
槙	tɕin2	
槢	zʲip4	
槤	lˠen1	
槥	ɰwej3	
槥	zʲwej3	
槦	juŋ1	
槧	tsʲʰem1	
槧	dzɑm2	
槧	dzʲem2	
槧	tsʲʰem3	
槧	dzɑm3	新
槧	dzʲem3	新
槨	qwɑk4	
槩	qəj3	
槭	tsʲɨwk4	
槮	ʂim1	
槮	tʂʰim1	
槮	ʂim2	
槮	sɑm2	
槯	dzwəj1	
槱	jɨw2	
槱	jɨw3	
槲	ʁɨwk4	
槳	tsʲɑŋ2	
槵	ʁwan3	
槷	ɴet4	
槸	ŋʲej3	
槺	qʰɑŋ1	
槻	kʲwie1	
槽	tsɑw1	
槽	dzɑw1	
槾	mɑn1	
槿	kˠɨn2	
樀	tek4	
樀	dek4	
樁	ʈawŋ1	
樂	ɴaw3	
樂	ɴawk4	
樂	lɑk4	
樅	tsʲuŋ1	
樅	tsʲʰuŋ1	
樆	lˠie1	
樇	sʲɨw1	
樈	ɡˠaŋ1	
樉	ʂɑŋ2	
樊	vən1	
樌	qwɑn3	
樍	tsek4	
樎	ʂɨwk4	
樏	lˠwie2	
樐	lu2	
樒	mˠit4	
樓	lɨw1	
樔	dʐaw1	
樕	sɨwk4	
樘	ʈʰaŋ1	
標	pʲew1	
標	pʲew2	
樛	kʲɨw1	
樜	ɕɨ3	
樜	tɕa3	
樝	tʂa1	
樞	tɕʰu1	
樟	tɕɑŋ1	
樠	ɱən1	
樠	mən1	
樠	mɑn1	
模	mu1	
樤	dew1	
樬	tsʰɨwŋ1	
樲	ɲi3	
樳	zʲim1	
樴	tɕɨk4	
樴	dɨk4	
樵	dzʲew1	
樸	bu1	
樸	bɨwk4	
樸	pɨwk4	
樸	pʰawk4	
樹	dʑu2	
樹	dʑu3	
樺	ʁwa1	
樺	ʁwa3	
樻	ɡˠwi3	
樻	kˠʰwi3	
樼	tʂin1	
樽	tswən1	
樾	ɰwət4	
樿	tɕen2	
橀	χej1	
橀	χəj2	
橃	fəj3	
橃	vət4	
橄	qɑm2	
橅	mu1	
橇	kˠʰew1	
橈	ɲew1	
橈	ɳaw3	
橉	lˠin2	
橉	lˠin3	
橋	ɡˠew1	
橌	ʁan2	
橌	ʁan3	新
橎	fən2	
橏	tɕen2	
橐	tʰɑk4	
橑	lew1	
橑	lɑw2	
橒	ɰun1	
橕	ʈʰaŋ1	
橖	dɑŋ1	
橘	kʲwit4	
橙	ɖaŋ1	
橙	tɨŋ3	
橚	sew1	
橚	sʲɨwk4	
橜	kˠwət4	
橜	ɡˠwət4	
橝	dɑm1	
橝	dem2	
橝	dem3	新
橞	ʁwej3	
機	kˠɨj1	
橠	nɑ2	
橡	zʲɑŋ2	
橡	zʲɑŋ3	新
橢	tʰwɑ2	
橦	dɨwŋ1	
橦	tɕuŋ1	
橦	ɖawŋ1	
橧	dzʲɨŋ1	
橧	tsɨŋ1	
橨	vun1	
橨	vuj2	
橨	vuj3	新
橪	ʔen1	
橪	ɲen2	
橫	qwɑŋ1	
橫	ʁwaŋ1	
橫	ʁwaŋ3	
橭	qu1	
橭	qʰu1	
橾	ʂu1	
橾	sɨw2	
橿	kˠɑŋ1	
檀	dɑn1	
檂	ɳˠuŋ1	
檄	ʁek4	
檆	ʂam1	
檇	tsʲwi1	
檇	dzwəj1	
檇	tsʲwi3	
檈	sʲwin1	
檈	zʲwen1	
檉	ʈˠʰaŋ1	
檍	ʔˠɨk4	
檎	ɡˠim1	
檐	jem1	
檒	fɨwŋ1	
檓	xˠwie2	
檔	tɑŋ1	
檕	qʰej1	
檕	qej3	
檖	zʲwi3	
檗	pak4	
檛	ʈwa1	
檜	qwɑj3	
檜	qwɑt4	
檝	dzʲip4	
檝	tsʲep4	
檞	qaj2	
檟	qa2	
檠	ɡˠaŋ1	
檠	kˠaŋ2	
檠	ɡˠaŋ3	
檡	ɖak4	
檡	ɕak4	
檢	kˠem2	
檣	dzʲɑŋ1	
檥	ŋˠie2	
檬	mɨwŋ1	
檭	ŋˠin1	
檮	dɑw1	
檮	ɖˠɨw1	
檮	tɑw2	
檯	dəj1	
檳	pʲin1	
檴	ʁwa3	
檴	ʁwɑk4	
檵	qej3	
檷	mʲie1	
檷	nej2	
檸	ɳaŋ2	
檹	ʔˠie1	
檻	ʁam2	
檻	ʁam3	新
檼	ʔˠɨn3	
檾	kʲʰwaŋ2	
檾	qʰweŋ2	
檿	ʔʲem2	
櫀	ɡˠi1	
櫂	ɖaw3	
櫃	ɡˠwi3	
櫄	ʈˠʰwin1	
櫅	tsej1	
櫋	mʲen1	
櫌	ʔˠɨw1	
櫍	tɕit4	
櫎	ʁwɑŋ2	
櫎	ʁwɑŋ3	新
櫏	tsʲʰen1	
櫐	lˠwi2	
櫑	lwəj1	
櫑	lwəj2	
櫓	lu2	
櫔	lˠej3	
櫖	lˠɨ1	
櫖	lˠɨ3	
櫘	sʲwej3	
櫙	ʔɨw1	
櫚	lˠɨ1	
櫛	tʂit4	
櫜	qɑw1	
櫝	dɨwk4	
櫞	jwen1	
櫟	jɑk4	
櫟	lek4	
櫡	ʈˠɑk4	
櫧	tɕɨ1	
櫨	lu1	
櫩	jem1	
櫪	lek4	
櫫	ʈˠɨ1	
櫬	tʂʰin3	
櫭	ɡˠet4	
櫰	ʁwaj1	
櫰	qwəj1	
櫱	ɴɑt4	
櫱	ŋˠet4	
櫳	lɨwŋ1	
櫸	kˠɨ2	
櫺	leŋ1	
櫻	ʔaŋ1	
櫼	ʂam1	
櫽	ʔˠɨn2	
櫾	jɨw1	
櫾	jɨw3	
欀	sʲɑŋ1	
欀	ɲɑŋ3	
欂	pɑk4	
欂	bˠak4	
欂	bak4	
欃	dʐam1	
欃	dʐam3	
欄	lɑn1	
欇	ɕep4	
欇	dʑep4	
欈	jwie1	
權	ɡˠwen1	
欋	ɡˠu1	
欏	lɑ1	
欐	ʂie1	
欐	lej2	
欐	lej3	
欑	dzwɑn1	
欒	lwɑn1	
欓	tɑŋ2	
欖	lɑm2	
欘	ʈˠuk4	
欘	ɖawk4	
欙	lˠwi1	
欚	lej2	
欛	pa3	
欝	ʔˠut4	
欠	kˠʰəm3	
次	tsʲʰi3	
欣	xˠɨn1	
欥	jit4	
欥	jwit4	
欦	χem1	
欦	kˠʰəm2	
欦	χam2	
欦	χɑm1	
欨	xˠu1	
欨	xˠu2	
欩	ʈˠʰew1	
欪	xʲit4	
欪	ʈˠʰwit4	
欬	ʔaj3	
欬	qʰəj3	
欭	ʔˠi3	
欮	kˠwət4	
欯	xʲit4	
欰	sʲwit4	
欱	χɑp4	
欱	χap4	
欲	juk4	
欴	lɑŋ1	
欵	qʰwɑn2	
欶	sɨw3	
欶	ʂawk4	
欷	xˠɨj1	
欷	xˠɨj3	
欸	ʔəj1	
欸	ʔəj2	
欸	χaj3	
欹	ʔˠie1	
欺	kˠʰi1	
欻	xˠut4	
欼	tʂʰwaj3	
欽	kˠʰim1	
款	qʰwɑn2	
欿	ʁɑm2	
欿	ʁɑm3	新
歀	qʰwɑn2	
歁	qʰɑm2	
歁	qʰɑp4	
歂	dʑwen1	
歂	dʑwen2	
歂	dʑwen3	新
歃	ʂep4	
歃	ʂap4	
歄	qwaj1	
歄	qwa1	新
歅	ʔʲin1	
歆	xˠim1	
歇	xˠət4	
歈	ju1	
歈	dɨw1	
歉	qʰem2	
歉	qʰam2	
歉	qʰam3	
歊	xˠew1	
歊	χuk4	
歋	jie1	
歌	qɑ1	
歍	ʔu1	
歎	tʰɑn3	
歏	ɡˠin3	
歐	ʔɨw1	
歐	ʔɨw2	
歑	χu1	
歔	xˠɨ1	
歕	pʰən1	
歕	pʰən3	
歖	xˠi1	
歗	sew3	
歙	xˠip4	
歙	ɕep4	
歛	χɑm1	
歜	dzɑm2	
歜	tɕʰuk4	
歜	dzɑm3	新
歟	jɨ1	
歟	jɨ2	
歟	jɨ3	
歠	tɕʰwet4	
歡	χwɑn1	
止	tɕi2	
正	tɕaŋ1	
正	tɕaŋ3	
此	tsʲʰie2	
步	bu3	
武	ɱu2	
歧	ɡʲie1	
歫	ɡˠɨ2	
歫	ɡˠɨ3	新
歬	dzen1	
歭	ɖˠi2	
歭	ɖˠi3	新
歰	ʂip4	
歱	tɕuŋ2	
歲	sʲwej3	
歷	lek4	
歸	kˠuj1	
歺	ɴɑt4	
死	sʲi2	
歿	mət4	
殀	ʔˠew2	
殂	dzu1	
殃	ʔˠɑŋ1	
殄	den2	
殄	den3	新
殆	dəj2	
殆	dəj3	新
殈	χwek4	
殉	zʲwin3	
殊	dʑu1	
殍	fʰu1	
殍	bˠi2	
殍	bˠew2	
殍	bˠi3	新
殍	bˠew3	新
殏	ɡˠɨw1	
殐	sɨwk4	
殑	ɡˠɨŋ1	
殑	ɡˠɨŋ2	
殑	ɡˠɨŋ3	
殔	ji3	
殕	fʰu2	
殕	fɨw2	
殕	ʔɨk4	
殖	dʑɨk4	
殗	ʔˠəp4	
殘	dzɑn1	
殙	χwən1	
殛	kˠɨk4	
殜	jep4	
殜	ɖˠep4	
殜	jəp4	
殞	ɰwin2	
殟	ʔwən1	
殟	ʔwət4	
殠	xˠɨw2	
殠	tɕʰɨw3	
殢	tʰej3	
殢	χej3	
殣	ɡˠin3	
殤	ɕɑŋ1	
殧	dzʲɨw3	
殧	tsʲʰɨwk4	
殧	tsʲɨwk4	
殨	ʁwəj3	
殩	tsʰwɑn3	
殪	ʔej3	
殫	tɑn1	
殬	tu3	
殭	kˠɑŋ1	
殭	kˠɑŋ3	
殮	lˠem3	
殯	pʲin3	
殰	dɨwk4	
殲	tsʲem1	
殳	dʑu1	
段	dwɑn3	
殷	ʔˠɨn1	
殷	ʔan1	
殸	qʰaŋ1	
殸	qʰeŋ3	
殹	ʔej3	
殺	ʂaj3	
殺	ʂat4	
殽	ʁaw1	
殿	den3	
殿	ten3	
毀	xˠwie2	
毀	xˠwie3	
毃	qʰawk4	
毅	ŋˠɨj3	
毆	ʔɨw2	
毇	xˠwie2	
毈	dwɑn3	
毉	ʔˠi1	
毊	xˠew1	
毊	ɡˠew1	
毋	ɱu1	
毌	qwɑn1	
毌	qwɑn3	
母	mɨw2	
母	mu2	新
每	məj2	
每	məj3	
毐	ʔəj1	
毐	ʔəj2	
毒	duk4	
毓	jɨwk4	
比	bʲi1	
比	pʲi2	
比	bʲi3	
比	pʲi3	
比	bʲit4	
毖	pˠi3	
毗	bʲi1	
毚	dʐam1	
毛	mɑw1	
毛	mɑw3	
毢	səj1	
毣	mɨwk4	
毣	mawk4	
毤	tʰwɑ3	
毦	ɲi3	
毨	sen2	
毫	ʁɑw1	
毬	ɡˠɨw1	
毭	dɨw3	
毯	tʰɑm2	
毰	bəj1	
毱	ɡˠɨwk4	
毳	tsʲʰwej3	
毳	tʂʰwej3	
毸	swəj1	
毹	ʂu1	
毻	tʰwɑj3	
毻	tʰwɑ3	
毼	ʁɑt4	
毾	tʰɑp4	
毿	sɑm1	
氀	lˠu1	
氂	lˠi1	
氂	mɑw1	
氄	ɲuŋ2	
氅	tɕʰɑŋ2	
氈	tɕen1	
氍	ɡˠu1	
氎	dep4	
氏	tɕie1	
氏	tsʲaŋ1	
氏	dʑie2	
氏	dʑie3	新
氐	ʈˠi1	
氐	tej1	
民	mʲin1	
氒	kˠwət4	
氓	maŋ1	
气	kˠʰɨj3	
氛	vun1	
氛	fʰun1	
氣	kˠʰɨj3	
氣	xˠɨj3	
氤	ʔʲin1	
氳	ʔˠun1	
水	ɕwi2	
氶	tɕɨŋ2	
永	ɰwaŋ2	
氾	vəm1	
氾	fʰəm3	
氿	kˠwi2	
汀	tʰeŋ1	
汀	tʰeŋ3	
汁	tɕip4	
求	ɡˠɨw1	
汃	pˠin1	
汃	pʰat4	
汅	mʲen2	
汋	dʐawk4	
汋	dʑɑk4	
汍	ʁwɑn1	
汎	vɨwŋ1	
汎	fʰəm3	
汏	dɑj3	
汏	tʰɑt4	
汐	zʲak4	
汒	mɑŋ1	
汒	ɱɑŋ3	
汓	zʲɨw1	
汔	xˠɨt4	
汕	ʂan2	
汕	ʂan3	
汗	ʁɑn1	
汗	qɑn1	
汗	ʁɑn3	
汘	tsʰen1	
汙	ɰu1	
汙	ʔu3	
汚	ʔu1	
汛	ʂaj3	
汛	sʲin3	
汛	sen3	
汜	zʲi2	
汜	zʲi3	新
汝	ɲɨ2	
汞	ʁɨwŋ2	
汞	ʁɨwŋ3	新
江	qawŋ1	
池	ɖˠie1	
池	dɑ1	
汥	tɕie1	
汥	ɡʲie1	
汥	ɡˠie3	
汦	tɕie2	
汧	qʰen1	
汧	qʰen3	
汨	qwət4	
汨	mek4	
汩	ɰwit4	
汪	ʔwɑŋ1	
汪	ʔˠwɑŋ2	
汪	ʔwɑŋ3	
汫	dzeŋ2	
汫	dzeŋ3	新
汭	ɲwej3	
汮	kˠwin1	
汮	kʲwin1	
汰	tʰɑj3	
汱	qwen2	
汲	kˠip4	
汳	fʰən3	
汴	bˠen3	
汶	mˠin1	
汶	ɱun1	
汶	ɱun3	
汸	fɑŋ1	
決	χwet4	
決	qwet4	
汻	χɑŋ2	
汾	vun1	
沁	tsʲʰim3	
沂	ŋˠɨj1	
沃	ʔuk4	
沄	ɰun1	
沄	ʁwən1	
沅	ŋˠwən1	
沆	ʁɑŋ1	
沆	ʁɑŋ2	
沆	ʁɑŋ3	新
沇	jwen2	
沈	ɖˠim1	
沈	ɕim2	
沈	ɖˠim3	
沉	ɖˠim1	
沋	ɰɨw1	
沌	dwən1	
沌	dwən2	
沌	ɖˠwen2	
沌	dwən3	新
沌	ɖˠwen3	新
沏	tsʰet4	
沐	mɨwk4	
沑	ɲɨw2	
沑	ɳˠɨwk4	
沒	mət4	
沓	dɑp4	
沔	mʲen2	
沕	mˠit4	
沕	ɱut4	
沖	ɖˠɨwŋ1	
沘	bʲi1	
沘	pʲi2	
沙	ʂa1	
沙	ʂa3	
沚	tɕi2	
沛	pɑj3	
沛	pʰɑj3	
沜	pʰɑn3	
沝	tɕwie2	
沞	tsɑp4	
沫	mɑj3	
沫	mɑt4	
沬	ɱuj3	
沭	ʑwit4	
沮	tsʲʰɨ1	
沮	tsʲɨ1	
沮	tʂɨ1	
沮	dzʲɨ2	
沮	tsʲɨ3	
沮	dzʲɨ3	新
沰	tʰɑk4	
沱	dɑ1	
沱	dɑ2	
沱	dɑ3	新
河	ʁɑ1	
沴	lej3	
沶	ji1	
沸	fuj3	
油	jɨw1	
油	jɨw3	
沺	den1	
治	ɖˠi1	
治	ɖˠi3	
沼	tɕew2	
沽	qu1	
沽	qu2	
沽	qu3	
沾	ʈˠem1	
沾	tʰem1	
沾	tem3	
沿	jwen1	
況	xˠwɑŋ3	
泂	ʁweŋ2	
泂	ʁweŋ3	新
泄	jej3	
泄	sʲet4	
泅	zʲɨw1	
泆	jit4	
泆	det4	
泈	tɕɨwŋ1	
泉	dzʲwen1	
泊	bɑk4	
泋	xˠuj3	
泌	pˠi3	
泌	bʲit4	
泌	pˠit4	
泎	dʐak4	
泏	ʈˠwit4	
泏	qʰwət4	
泐	lɨk4	
泑	ʔʲɨw1	
泑	ʔʲɨw2	
泒	qu1	
泓	ʔwaŋ1	
泔	qɑm1	
法	fəp4	
泖	maw2	
泗	sʲi3	
泙	bˠaŋ1	
泚	tsʲʰie2	
泚	tsʰej2	
泛	fʰəm3	
泛	vəp4	
泜	tɕi1	
泜	ɖˠi1	
泝	su3	
泠	leŋ1	
泡	pʰaw1	
泡	baw1	
波	pɑ1	
泣	kˠʰip4	
泤	zʲi2	
泤	zʲi3	新
泥	nej1	
泥	nej3	
泦	kˠɨwk4	
泧	ɰwət4	
泧	xˠwət4	
泧	χwɑt4	
注	tɕu3	
泫	ʁwen2	
泫	ʁwen3	新
泬	χwet4	
泭	vu1	
泭	fʰu1	
泮	pʰɑn3	
泯	mʲin1	
泯	mʲin2	
泰	tʰɑj3	
泱	ʔˠɑŋ1	
泱	ʔɑŋ2	
泳	ɰwaŋ3	
泿	ŋˠin1	
泿	ɴən1	
洁	kʲit4	
洄	ʁwəj1	
洅	tswəj2	
洇	ʔʲin1	
洈	ŋˠwie1	
洈	kˠwie2	
洊	dzen3	
洋	jɑŋ1	
洋	zʲɑŋ1	
洌	lˠej3	
洌	lˠet4	
洍	ji1	
洍	zʲi2	
洍	zʲi3	新
洎	kˠi3	
洎	ɡˠi3	
洏	ɲi1	
洐	ʁaŋ1	
洑	vɨwk4	
洒	sej2	
洒	ʂaj3	
洓	tsʲʰak4	
洔	tɕi2	
洔	ɖˠi2	
洔	ɖˠi3	新
洕	jin3	
洗	sej2	
洗	sen2	
洘	qʰɑw2	
洙	dʑu1	
洚	ʁɨwŋ1	
洚	ʁuŋ1	
洚	ʁawŋ1	
洚	qawŋ3	
洛	lɑk4	
洝	ʔɑn3	
洞	dɨwŋ1	
洞	dɨwŋ3	
洟	ji1	
洟	tʰej3	
洣	mej2	
津	tsʲin1	
洦	mak4	
洦	pʰak4	
洧	ɰwi2	
洨	ʁaw1	
洩	jej3	
洪	ʁɨwŋ1	
洫	xˠwɨk4	
洬	suk4	
洭	kˠʰwɑŋ1	
洮	jew1	
洮	tʰɑw1	
洱	ɲi2	
洱	ɲi3	
洲	tɕɨw1	
洳	ɲɨ1	
洳	ɲɨ3	
洴	beŋ1	
洵	sʲwin1	
洵	zʲwin1	
洶	xˠuŋ1	
洶	xˠuŋ2	
洸	qwɑŋ1	
洸	ʔwɑŋ1	
洹	ɰwən1	
洹	ʁwɑn1	
洺	mʲaŋ1	
活	qwɑt4	
活	ʁwɑt4	
洼	qwej1	
洼	ʔaj1	
洼	ʔwa1	
洼	ʔa1	新
洽	ʁap4	
派	pʰaj3	
派	pʰa3	新
洿	ʔu1	
洿	ʁu2	
洿	ʁu3	新
流	lˠɨw1	
浖	lˠwet4	
浘	ɱuj2	
浙	tɕet4	
浚	sʲwin3	
浛	ʁɑm3	
浜	paŋ1	
浜	paŋ2	
浝	mawŋ1	
浞	dʐawk4	
浟	jɨw1	
浡	bət4	
浢	dɨw3	
浣	ʁwɑn2	
浣	ʁwɑn3	新
浤	ʁwaŋ1	
浥	ʔˠip4	
浥	ʔap4	
浥	ʔˠəp4	
浦	pʰu2	
浧	jaŋ2	
浨	lɑm2	
浩	ʁɑw2	
浩	qɑp4	
浩	ʁɑw3	新
浪	lɑŋ1	
浪	lɑŋ3	
浭	qaŋ1	
浮	vɨw1	
浮	vu1	新
浯	ɴu1	
浰	len3	
浴	juk4	
浵	duŋ1	
海	χəj2	
浸	tsʲʰim1	
浸	tsʲim3	
浹	tsep4	
浺	ʈˠʰɨwŋ1	
浼	məj2	
浽	sʲwi1	
浽	nwəj2	
浾	tʂa1	
浿	pʰɑj3	
浿	pʰaj3	
涀	ʁej2	
涀	qʰen3	
涀	ʁen3	
涀	ʁej3	新
涂	ɖˠɨ1	
涂	du1	
涃	qʰwən3	
涅	net4	
涆	qɑn3	
涇	qeŋ1	
消	sʲew1	
涉	dʑep4	
涉	tep4	
涊	ɲin2	
涊	nen2	
涌	juŋ2	
涍	χaw1	
涍	χaw3	
涎	zʲen1	
涎	jen3	
涏	deŋ2	
涏	den3	
涏	deŋ3	新
涐	ɴɑ1	
涑	sɨw1	
涑	sɨwk4	
涑	sʲuk4	
涒	tʰwən1	
涓	qwen1	
涔	dʐim1	
涕	tʰej2	
涕	tʰej3	
涖	lˠi3	
涖	lej3	
涗	ɕwej3	
涘	ʐi2	
涘	ʐi3	新
涪	vɨw1	
涫	qwɑn1	
涫	qwɑn3	
涬	ʁeŋ2	
涬	ʁeŋ3	新
涮	ʂwan3	
涯	ŋˠie1	
涯	ɴaj1	
涯	ɴa1	新
液	jak4	
涳	qʰɨwŋ1	
涳	ɳawŋ1	
涳	qʰawŋ1	
涴	ʔwɑ3	
涵	ʁɑm1	
涵	ʁɑm2	
涵	ʁɑm3	新
涶	tʰwɑ1	
涶	tʰwɑ3	
涷	tɨwŋ1	
涷	tɨwŋ3	
涸	ʁɑk4	
涹	ʔwɑ1	
涺	kˠɨ1	
涻	ɕa3	
涼	lˠɑŋ1	
涼	lˠɑŋ3	
涾	dɑp4	
涿	ʈawk4	
淀	den3	
淁	tsʲʰep4	
淂	tɨk4	
淃	ɡˠwen3	
淄	tʂi1	
淅	sek4	
淆	ʁaw1	
淇	ɡˠi1	
淈	qwət4	
淈	ʁət4	
淊	ʔam1	
淊	ʁɑm2	
淊	jem2	
淊	ʔam3	
淊	ʁɑm3	新
淋	lˠim1	
淑	dʑɨwk4	
淒	tsʰej1	
淓	fʰɑŋ1	
淔	ʈˠʰɨk4	
淕	lˠɨwk4	
淖	ɳaw3	
淙	dzuŋ1	
淙	dʐawŋ1	
淙	ʂawŋ3	
淚	lˠwi3	
淛	tɕej3	
淜	bˠɨŋ1	
淝	vuj1	
淞	sʲuŋ1	
淟	tʰen2	
淠	pˠʰi3	
淠	pʰej3	
淡	dɑm1	
淡	dɑm2	
淡	jem2	
淡	dɑm3	
淢	ɰwɨk4	
淢	xˠwɨk4	
淤	ʔˠɨ1	
淤	ʔˠɨ3	
淥	lɨwk4	
淥	lˠuk4	
淦	qɑm1	
淦	qɑm3	
淧	mʲit4	
淨	dzʲaŋ3	
淩	lˠɨŋ1	
淪	lˠwin1	
淫	jim1	
淬	tsʰwəj3	
淭	ɡˠɨ1	
淮	ʁwaj1	
淯	jɨwk4	
淰	ɕim2	
淰	nem2	
淰	ɳam2	
深	ɕim1	
深	ɕim3	
淲	bˠɨw1	
淳	dʑwin1	
淴	ʔwət4	
淵	ʔwen1	
淶	ləj1	
混	ʁwən2	
混	ʁwən3	新
淹	ʔˠem1	
淹	ʔˠəm3	
淺	tsen1	
淺	tsʲʰen2	
添	tʰem1	
淼	mʲew2	
清	tsʲʰaŋ1	
渒	pʲie1	
渙	χwɑj3	
渙	χwɑn3	
渚	tɕɨ2	
減	ʁam2	
減	qam2	
減	ʁam3	新
渜	nwɑn2	
渜	nwɑn3	
渝	ju1	
渟	deŋ1	
渠	ɡˠɨ1	
渡	du3	
渢	vɨwŋ1	
渣	tʂa1	
渤	bət4	
渥	ʔawk4	
渦	qwɑ1	
渦	ʔwɑ1	
渧	tej3	
渨	ʔwəj1	
渫	sʲet4	
渫	dʐap4	
測	tʂʰɨk4	
渭	ɰuj3	
渮	qɑ1	
港	qawŋ2	
港	ʁɨwŋ3	
渰	ʔˠem2	
渱	ʁɨwŋ1	
渲	sʲwen3	
渳	mʲie2	
渴	qʰɑt4	
渴	ɡˠet4	
渶	ʔˠaŋ1	
渷	jwen2	
游	jɨw1	
渹	χwaŋ1	
渺	mʲew2	
渻	ʂaŋ2	
渻	sʲaŋ2	
渼	mˠi2	
渽	tsəj1	
渾	ʁwən1	
渾	ʁwən2	
渾	ʁwən3	新
渿	nɑj3	
湀	qʰwej1	
湀	ɡʲwi2	
湀	kʲwi2	
湀	qʰwet4	
湀	ɡʲwi3	新
湁	ʈˠʰip4	
湂	ɴɑk4	
湃	pʰaj3	
湄	mˠi1	
湅	len3	
湆	kˠʰip4	
湉	dem1	
湊	tsʰɨw3	
湋	ɰuj1	
湌	tsʰɑn1	
湍	tʰwɑn1	
湍	tɕwen1	
湎	mʲen2	
湐	pak4	
湑	sʲɨ1	
湑	sʲɨ2	
湒	tsʲip4	
湓	bən1	
湓	fʰun3	
湓	pʰən3	
湔	dzen1	
湔	tsen1	
湔	tsʲen1	
湔	tsʲen3	
湕	kˠən2	
湖	ʁu1	
湘	sʲɑŋ1	
湛	ɖˠim1	
湛	tɑm1	
湛	ɖam2	
湛	ɖam3	新
湜	dʑɨk4	
湝	qaj1	
湝	ʁaj1	
湞	ɖaŋ1	
湞	ʈˠaŋ1	
湟	ʁwɑŋ1	
湠	tʰɑn3	
湡	ŋˠu1	
湢	pˠɨk4	
湨	qwek4	
湩	tuŋ2	
湩	tɨwŋ3	
湩	ʈˠuŋ3	
湪	tʰwɑn3	
湫	tsʲʰɨw1	
湫	tsʲɨw1	
湫	tsew2	
湫	dzʲɨw2	
湫	dzʲɨw3	新
湮	ʔʲin1	
湮	ʔen1	
湯	ɕɑŋ1	
湯	tʰɑŋ1	
湯	tʰɑŋ3	
湱	χwak4	
湲	ʁwan1	
湲	ɰwen1	
湳	nɑm2	
湴	bam3	
溉	kˠɨj3	
溉	qəj3	
溎	ʔen3	
溏	dɑŋ1	
源	ŋˠwən1	
溑	swɑ2	
溒	ɰwən1	
溓	lem1	
溓	lˠem2	
溓	lem2	
溔	jew2	
準	tɕwin2	
準	tɕwet4	
溗	ʑɨŋ1	
溘	qʰɑj3	
溘	qʰɑp4	
溜	lˠɨw3	
溝	qɨw1	
溞	sɑw1	
溟	meŋ1	
溟	meŋ2	
溠	tsʰɑ1	
溠	tʂa1	
溠	tʂa3	
溢	jit4	
溣	lwən3	
溥	pʰu2	
溥	pɑk4	
溧	lˠit4	
溨	dzəj1	
溩	ʔu2	
溪	qʰej1	
溫	ʔwən1	
溭	dʐɨk4	
溱	tʂin1	
溲	ʂɨw1	
溲	ʂɨw2	
溳	ɰun1	
溳	ɰwin2	
溵	ʔˠɨn1	
溶	juŋ1	
溶	juŋ2	
溷	ʁwən3	
溹	sɑk4	
溹	ʂak4	
溺	ɲɑk4	
溺	nek4	
溼	ɕip4	
溽	ɲuk4	
溾	ʔwaj1	
溾	ʁwəj2	
溾	ʁwəj3	新
滀	ʈˠʰɨwk4	
滁	ɖˠɨ1	
滂	pʰɑŋ1	
滃	ʔɨwŋ2	
滄	tsʰɑŋ1	
滅	mʲet4	
滆	ʁak4	
滇	den1	
滇	ten1	
滇	tʰen3	
滈	ʁɑw2	
滈	χawk4	
滈	ʁɑw3	新
滉	ʁwɑŋ2	
滉	ʁwɑŋ3	新
滋	tsʲi1	
滌	dek4	
滍	ɖˠi2	
滍	ɖˠi3	新
滎	ʁweŋ1	
滏	vu2	
滏	vu3	新
滐	ɡˠet4	
滑	qwət4	
滑	ʁwət4	
滑	ʁwat4	
滒	qɑ1	
滓	tʂi2	
滔	tʰɑw1	
滕	dɨŋ1	
滫	sʲɨw2	
滬	ʁu2	
滬	ʁu3	新
滭	pʲit4	
滯	ɖˠej3	
滰	ɡˠɑŋ2	
滰	ɡˠɑŋ3	新
滱	qʰɨw1	
滱	qʰɨw3	
滲	ʂim3	
滴	tek4	
滵	mˠit4	
滶	ɴɑw1	
滷	lu2	
滷	tɕʰak4	
滷	dek4	
滸	χu2	
滹	χu1	
滻	ʂan2	
滽	juŋ1	
滿	mɑn2	
漁	ŋˠɨ1	
漂	pʲʰew1	
漂	pʲʰew3	
漅	tsʲew2	
漆	tsʲʰit4	
漉	lɨwk4	
漊	lˠu2	
漊	lɨw2	
漌	kˠɨn2	
漍	qwak4	
漏	lɨw3	
漐	ʈˠʰip4	
漓	lˠie1	
演	jen2	
漕	dzɑw1	
漕	dzɑw3	
漘	ʑwin1	
漙	dwɑn1	
漚	ʔɨw1	
漚	ʔɨw3	
漞	mek4	
漠	mɑk4	
漢	χɑn3	
漣	lˠen1	
漤	lɑm2	
漦	ʐi1	
漧	qɑn1	
漨	vuŋ1	
漪	ʔˠie1	
漫	mɑn3	
漬	dzʲie3	
漭	mɑŋ2	
漭	mɑŋ3	
漮	qʰɑŋ1	
漯	tʰɑp4	
漰	pʰɨŋ1	
漱	ʂɨw3	
漱	sɨw3	
漲	ʈˠɑŋ1	
漲	ʈˠɑŋ3	
漳	tɕɑŋ1	
漴	dʐawŋ3	
漵	zʲɨ2	
漵	zʲɨ3	新
漶	ʁwɑn3	
漷	qʰwɑk4	
漷	χwak4	
漸	tsʲem1	
漸	dzʲem2	
漸	dzʲem3	新
漹	ɰen1	
漹	ʔˠən3	
漺	tʂʰɑŋ2	
漺	ʂɑŋ2	
漻	lew1	
漼	tsʰwəj2	
漾	jɑŋ3	
漿	tsʲɑŋ1	
潀	tɕɨwŋ1	
潀	dzɨwŋ1	
潀	dzuŋ1	
潁	jwaŋ2	
潎	pʲʰej3	
潎	pʲʰet4	
潏	ʑwit4	
潏	jwit4	
潏	qwet4	
潐	tsʲew3	
潒	zʲɑŋ2	
潒	dɑŋ2	
潒	zʲɑŋ3	新
潒	dɑŋ3	新
潓	ʁwej3	
潔	qet4	
潕	ɱu2	
潗	tsʲip4	
潘	pʰɑn1	
潙	ɰwie1	
潙	kˠwie1	
潚	sew1	
潚	sʲɨwk4	
潛	dzʲem1	
潛	dzʲem3	
潝	xˠip4	
潞	lu3	
潟	sʲak4	
潠	swən3	
潢	ʁwɑŋ1	
潢	ʁwɑŋ3	
潣	məj2	
潣	mˠin2	
潤	ɲwin3	
潦	lɑw2	
潦	lɑw3	
潧	tʂin1	
潩	ji3	
潩	jɨk4	
潪	ʈˠie3	
潪	ɖˠak4	
潫	ʔwan1	
潫	ʔʲwen1	
潫	ʔˠwen1	
潬	dɑn2	
潬	dɑn3	新
潭	dɑm1	
潭	jim2	
潮	ɖˠew1	
潯	zʲim1	
潰	ʁwəj3	
潲	ʂaw3	
潶	χɨk4	
潷	pˠit4	
潸	ʂan1	
潸	ʂan2	
潺	dʐan1	
潺	dʐen1	
潼	dɨwŋ1	
潼	tɕʰuŋ1	
潾	lˠin1	
潾	lan1	
潿	ɰuj1	
澀	ʂip4	
澁	ʂip4	
澂	ɖˠɨŋ1	
澄	ɖaŋ1	
澄	ɖˠɨŋ1	
澅	ʁwaj3	
澅	ʁwa3	新
澆	qew1	
澆	ɴew3	
澇	lɑw1	
澇	lɑw2	
澇	lɑw3	
澈	ɖˠet4	
澉	qɑm2	
澉	tʰɑm3	
澋	ʁwaŋ2	
澋	ʁwaŋ3	新
澌	sʲie3	
澍	dʑu3	
澍	tɕu3	
澎	baŋ1	
澎	pʰaŋ1	
澐	ɰun1	
澒	ʁɨwŋ2	
澒	ʁɨwŋ3	新
澓	vɨwk4	
澗	qan3	
澞	ŋˠu1	
澠	ʑɨŋ1	
澠	mʲin2	
澡	tsɑw2	
澣	ʁwɑn2	
澣	ʁwɑn3	新
澤	ɖak4	
澥	ʁaj2	
澥	ʁaj3	新
澦	jɨ3	
澧	lej2	
澨	dʑej3	
澩	ʁaw2	
澩	dʐawk4	
澩	ʁawk4	
澩	ʁaw3	新
澪	leŋ1	
澬	tsʲi1	
澬	dzʲi1	
澭	ʔˠuŋ1	
澮	qwɑj3	
澱	den3	
澲	ŋˠəp4	
澳	ʔɑw3	
澳	ʔˠɨwk4	
澴	ʁwan1	
澶	dʑen1	
澶	dɑn3	
澹	dɑm1	
澹	dɑm2	
澹	dɑm3	
澺	ʔˠɨk4	
澻	zʲwi3	
澼	pʰek4	
澽	kˠɨ3	
澽	ɡˠɨ3	
澾	tʰɑt4	
澿	ɡˠim1	
激	qew3	
激	qek4	
濁	ɖawk4	
濂	lem1	
濃	ɳˠuŋ1	
濄	ʔwɑ1	
濅	tsʲim3	
濆	vun1	
濆	pʰən1	
濇	ʂɨk4	
濇	ʂip4	
濈	tʂip4	
濉	sʲwi1	
濊	χwɑj3	
濊	ʔwɑj3	
濊	ʔˠwəj3	
濊	χwɑt4	
濋	tʂʰɨ2	
濌	tʰɑp4	
濎	teŋ2	
濔	mʲie2	
濕	ɕip4	
濕	tʰɑp4	
濗	mek4	
濘	neŋ2	
濘	nej3	
濘	neŋ3	
濙	ʔweŋ2	
濛	mɨwŋ1	
濛	mɨwŋ2	
濜	tsʲin1	
濜	dzʲin2	
濜	dʐin2	
濜	dzʲin3	
濜	dʐin3	新
濞	pˠʰi3	
濞	pʰej3	
濟	tsej2	
濟	tsej3	
濠	ʁɑw1	
濡	ɲu1	
濡	nwɑn1	
濢	tsʲwi2	
濢	tsʲʰwi3	
濤	dɑw1	
濥	jin2	
濥	jin3	
濧	dwəj3	
濨	dzʲi1	
濩	ʁu3	
濩	ʁwɑk4	
濩	ʔwak4	
濫	ʁam2	
濫	lɑm3	
濫	ʁam3	新
濬	sʲwin3	
濮	pɨwk4	
濯	ɖaw3	
濯	ɖawk4	
濰	jwi1	
濱	pʲin1	
濴	jwaŋ1	
濺	tsen1	
濺	tsʲen3	
濼	lɨwk4	
濼	pʰɨwk4	
濼	luk4	
濼	lɑk4	
濼	pʰɑk4	
濼	lek4	
濿	lˠej3	
瀀	ʔˠɨw1	
瀁	jɑŋ2	
瀁	jɑŋ3	
瀄	tʂit4	
瀅	ʔweŋ3	
瀆	dɨwk4	
瀇	ʔwɑŋ2	
瀈	xˠuj1	
瀉	sʲa2	
瀉	sʲa3	
瀋	tɕʰim2	
瀌	pˠew1	
瀌	bˠɨw1	
瀍	ɖˠen1	
瀎	mɑt4	
瀎	met4	
瀏	lˠɨw1	
瀏	lˠɨw2	
瀑	bɑw3	
瀑	bɨwk4	
瀔	qɨwk4	
瀖	χwɑk4	
瀗	xˠən3	
瀘	lu1	
瀙	tʂin1	
瀙	tʂʰin3	
瀙	tsʲʰin3	
瀚	ʁɑn3	
瀛	jaŋ1	
瀜	jɨwŋ1	
瀝	lek4	
瀡	sʲwie3	
瀢	jwi2	
瀢	dwəj2	
瀢	dwəj3	新
瀣	ʁaj3	
瀣	ʁəj3	
瀤	ʁwaj1	
瀥	χawk4	
瀦	ʈˠɨ1	
瀧	lɨwŋ1	
瀧	lawŋ1	
瀧	ʂawŋ1	
瀨	lɑj3	
瀰	mʲie1	
瀰	mʲie2	
瀰	nej2	
瀱	kˠej3	
瀲	lˠem2	
瀲	lˠem3	
瀳	tsen1	
瀳	dzen3	
瀴	meŋ2	
瀴	ʔeŋ2	
瀴	ʔaŋ3	
瀵	fʰun3	
瀵	fun3	
瀶	lˠim1	
瀷	jɨk4	
瀷	tɕʰɨk4	
瀸	tsʲem1	
瀹	jɑk4	
瀺	dʐam2	
瀺	dʐam3	新
瀼	ɲɑŋ1	
瀾	lɑn1	
瀾	lɑn3	
瀿	vən1	
灂	dʐawk4	
灃	fʰɨwŋ1	
灄	ɕep4	
灈	ɡˠu1	
灉	ʔˠuŋ1	
灉	ʔˠuŋ3	
灊	zʲim1	
灊	dzʲim1	
灊	dzʲem1	
灋	fəp4	
灌	qwɑn3	
灑	ʂie2	
灑	ʂaj2	
灑	ʂa2	
灑	ʂie3	
灒	tsɑn3	
灓	lwɑn1	
灓	lwɑn3	
灓	lˠwen3	
灕	lˠie1	
灘	tʰɑn1	
灘	χɑn2	
灘	nɑn3	
灛	tɕʰen2	
灝	ʁɑw2	
灝	qɑm2	
灝	ʁɑw3	新
灞	pa3	
灢	nɑŋ2	
灢	nɑŋ3	
灣	ʔwan1	
灤	lwɑn1	
灥	zʲwin1	
灥	tɕʰwen1	
灨	qɑm2	
灨	qɑm3	
灩	jem3	
灪	ʔˠut4	
火	χwɑ2	
灮	qwɑŋ1	
灰	χwəj1	
灱	χaw1	
灵	leŋ1	
灸	kˠɨw2	
灸	kˠɨw3	
灹	ʈa3	
灺	zʲa2	
灺	zʲa3	新
灼	tɕɑk4	
災	tsəj1	
灾	tsəj1	
炁	kˠʰɨj3	
炂	tɕuŋ1	
炅	qweŋ2	
炅	qwej3	
炈	jwak4	
炊	tɕʰwie1	
炎	ɰem1	
炒	tʂʰaw2	
炓	lew3	
炔	qwej3	
炕	χɑŋ1	
炕	qʰɑŋ3	
炘	xˠɨn1	
炘	xˠɨn3	
炙	tɕa3	
炙	tɕak4	
炟	tɑt4	
炠	ʁap4	
炢	ɖˠwit4	
炤	tɕew3	
炥	vut4	
炦	bɑt4	
炪	ʈˠʰwit4	
炪	tɕwet4	
炫	ʁwen3	
炬	ɡˠɨ2	
炬	ɡˠɨ3	新
炭	tʰɑn3	
炮	baw1	
炮	pʰaw3	
炯	ʁweŋ2	
炯	qweŋ2	
炯	ʁweŋ3	新
炰	baw1	
炱	dəj1	
炳	pˠaŋ2	
炴	ʔˠɑŋ2	
炵	duŋ1	
炵	tʰuŋ1	
炶	ʁɑm1	
炷	tɕu2	
炷	tɕu3	
為	ɰwie1	
烄	qaw2	
烄	qɑw3	
烈	lˠet4	
烊	jɑŋ1	
烋	xˠɨw1	
烏	ʔu1	
烑	jew1	
烒	ɕɨk4	
烓	ʔwej1	
烓	qʰweŋ2	
烔	dɨwŋ1	
烕	xʲwet4	
烖	tsəj1	
烗	qʰaj3	
烘	ʁɨwŋ1	
烘	χɨwŋ1	
烘	ʁɨwŋ3	
烘	χɨwŋ3	
烙	lɑk4	
烚	ʁap4	
烜	xˠwie2	
烜	xˠwən2	
烝	tɕɨŋ1	
烝	tɕɨŋ3	
烟	ʔʲin1	
烟	ʔen1	
烠	ʁwəj1	
烰	vɨw1	
烳	pʰu2	
烴	qeŋ2	
烼	xˠut4	
烽	fʰuŋ1	
烾	tɕʰak4	
焀	ʁɨwk4	
焁	xˠie1	
焁	xʲie1	
焃	χwak4	
焄	xˠun1	
焅	qʰuk4	
焆	qwen1	
焆	ʔwet4	
焆	ʔˠet4	
焇	sʲew1	
焉	ʔˠən1	
焉	ʔˠen1	
焉	ɰen1	
焊	χɑn2	
焌	tsʲwin3	
焌	tswən3	
焌	tsʲʰwit4	
焎	xˠet4	
焚	vun1	
焜	ʁwən2	
焜	ʁwən3	新
焞	dʑwin1	
焟	sʲak4	
焠	tsʰwəj3	
無	ɱu1	
焥	ʔwɑt4	
焦	tsʲew1	
焪	kˠʰɨwŋ1	
焪	kˠʰɨwŋ3	
焫	ɲwet4	
焭	ɡʲwaŋ1	
焮	xˠɨn3	
焯	tɕɑk4	
焰	jem3	
焱	jem3	
焱	χwek4	
焲	jak4	
焴	jɨwk4	
然	ɲen1	
焷	bʲie1	
焸	qu2	
煁	dʑim1	
煆	χa1	
煆	χa3	
煇	xˠuj1	
煇	ʁwən1	
煇	ʁwən2	
煇	ʁwən3	新
煌	ʁwɑŋ1	
煎	tsʲen1	
煎	tsʲen3	
煑	tɕɨ2	
煒	ɰuj2	
煓	tʰwɑn1	
煔	ʁɑm1	
煔	ɕem3	
煔	tʰem3	
煖	xˠwən1	
煖	nwɑn2	
煗	nwɑn2	
煙	ʔen1	
煚	kˠwaŋ2	
煜	jɨwk4	
煜	ɰip4	
煝	mˠi3	
煞	ʂat4	
煟	ɰuj3	
煠	jep4	
煠	ʈˠʰep4	
煠	dʐap4	
煢	ɡʲwaŋ1	
煣	ɲɨw2	
煣	ɲɨw3	
煤	məj1	
煥	χwɑn3	
煦	xˠu2	
煦	xˠu3	
照	tɕew3	
煨	ʔwəj1	
煩	vən1	
煪	dzʲɨw1	
煬	jɑŋ1	
煬	jɑŋ3	
煹	qɨw3	
煻	dɑŋ1	
煼	tʂʰaw2	
煽	ɕen1	
煽	ɕen3	
煾	ʔən1	
熁	xˠəp4	
熂	xˠɨj3	
熄	sʲɨk4	
熅	ʔˠun1	
熆	ʁɑp4	
熇	χɨwk4	
熇	χuk4	
熇	χɑk4	
熊	ɰɨwŋ1	
熏	xˠun1	
熑	lem1	
熒	ʁweŋ1	
熙	xˠi1	
熚	pʲit4	
熛	pʲew1	
熜	tsʰɨwŋ1	
熜	tsɨwŋ2	
熟	dʑɨwk4	
熠	ɰip4	
熠	jip4	
熧	tsʲuŋ1	
熨	ʔˠuj3	
熨	ʔˠut4	
熪	jie1	
熬	ɴɑw1	
熭	ɰwej3	
熭	ɰwət4	
熮	lew1	
熮	lˠɨw2	
熮	lˠew3	
熯	χɑn2	
熯	ɲen2	
熯	χɑn3	
熱	ɲet4	
熲	qweŋ2	
熷	tsɨŋ1	
熸	tsʲem1	
熹	xˠi1	
熻	xˠip4	
熼	jɨk4	
熽	sew3	
熾	tɕʰi3	
燀	tɕʰen1	
燀	tɕen2	
燀	tɕʰen2	
燁	ɰep4	
燂	dɑm1	
燂	dzʲem1	
燃	ɲen1	
燄	jem2	
燅	zʲem1	
燈	tɨŋ1	
燉	tʰwən1	
燉	dwən1	
燊	ʂin1	
燋	tsʲew1	
燋	tsʲɑk4	
燌	vun1	
燍	sʲie1	
燎	lˠew1	
燎	lˠew2	
燎	lˠew3	
燏	jwit4	
燐	lˠin1	
燐	lˠin3	
燒	ɕew1	
燒	ɕew3	
燔	vən1	
燕	ʔen1	
燕	ʔen3	
燖	zʲem1	
燘	χwəj2	
燘	məj2	
營	jwaŋ1	
燠	ʔɑw2	
燠	ʔɑw3	
燠	ʔˠɨwk4	
燡	jak4	
燣	lɑm1	
燣	lɑm2	
燥	sɑw2	
燦	tsʰɑn3	
燧	zʲwi3	
燩	qʰawk4	
燩	qʰek4	
燫	lem1	
燬	xˠwie2	
燭	tɕuk4	
燮	sep4	
燹	sen2	
燹	sʲen2	
燹	xˠwi3	
燺	qʰɑw2	
燻	xˠun1	
燼	dzʲin3	
燽	ɖˠɨw1	
燾	dɑw1	
燾	dɑw3	
燿	jew3	
爀	χak4	
爁	lɑm2	
爁	lɑm3	
爁	lˠem3	
爆	paw3	
爆	pawk4	
爆	pɑk4	
爇	ɲwet4	
爈	lˠɨ1	
爋	xˠun3	
爌	χwɑŋ2	
爌	qʰwɑŋ2	
爌	qʰwɑŋ3	
爍	ɕɑk4	
爐	lu1	
爒	lew2	
爒	lˠew2	
爓	zʲem1	
爓	jem3	
爗	ɰep4	
爚	jɑk4	
爚	ɕɑk4	
爛	lɑn3	
爝	tsʲew3	
爝	tsʲɑk4	
爝	dzʲɑk4	
爞	ɖˠɨwŋ1	
爞	duŋ1	
爟	qwɑn3	
爣	tʰɑŋ2	
爤	lɑn3	
爧	leŋ1	
爨	tsʰwɑn3	
爩	ʔˠut4	
爪	tʂaw2	
爬	ba1	
爭	tʂaŋ1	
爯	tɕʰɨŋ1	
爰	ɰwən1	
爲	ɰwie1	
爲	ɰwie3	
爵	tsʲɑk4	
父	fu2	
父	vu2	
父	vu3	新
爸	bɑ2	
爸	bɑ3	新
爹	ta1	
爹	dɑ2	
爹	dɑ3	新
爻	ʁaw1	
爽	ʂɑŋ2	
爾	ɲie2	
牀	dʐɑŋ1	
牁	qɑ1	
牂	tsɑŋ1	
牃	dep4	
牄	tsʲʰɑŋ1	
牆	dzʲɑŋ1	
片	pʰen3	
版	pan2	
牉	pʰɑn3	
牋	tsen1	
牌	baj1	
牏	ju1	
牏	dɨw1	
牏	ɖˠu3	
牐	dʐap4	
牑	pen1	
牒	dep4	
牓	pɑŋ2	
牕	tʂʰawŋ1	
牖	jɨw2	
牘	dɨwk4	
牙	ɴa1	
牚	ʈʰaŋ3	
牛	ŋˠɨw1	
牝	bʲi2	
牝	bʲin2	
牝	bʲi3	新
牝	bʲin3	新
牟	mɨw1	
牟	mu1	新
牡	mɨw2	
牡	mu2	新
牢	lɑw1	
牣	ɲin3	
牥	fɑŋ1	
牧	mɨwk4	
牨	qɑŋ1	
物	ɱut4	
牭	sʲi3	
牯	qu2	
牰	zʲɨw3	
牰	jɨw3	
牲	ʂaŋ1	
牴	tej2	
牷	dzʲwen1	
牸	dzʲi3	
特	dɨk4	
牻	mawŋ1	
牼	qʰaŋ1	
牼	ʁaŋ1	
牽	qʰen1	
牽	qʰen3	
牿	quk4	
犀	sej1	
犁	lej1	
犂	lˠi1	
犃	bɨw2	
犃	bɨw3	新
犄	ʔˠie1	
犅	qɑŋ1	
犆	ɖˠɨk4	
犇	pən1	
犈	ɡˠwen1	
犈	kˠwen3	
犉	ɲwin1	
犌	qa1	
犍	kˠən1	
犍	ɡˠen1	
犎	fuŋ1	
犐	qʰwɑ1	
犑	qwek4	
犒	qʰɑw3	
犓	tʂʰu1	
犔	xˠɨj3	
犕	bˠi3	
犖	lawk4	
犗	qaj3	
犘	ma1	
犙	ʂɨw1	
犙	ʂam1	
犙	sɑm1	
犚	ʔˠuj3	
犛	lˠi1	
犛	ləj1	
犛	maw1	
犝	dɨwŋ1	
犡	lˠej3	
犡	lɑj3	
犢	dɨwk4	
犣	lˠep4	
犤	bˠie1	
犤	baj1	
犥	pʲʰew1	
犥	pʲʰew2	
犦	puk4	
犦	bawk4	
犧	xˠie1	
犨	tɕʰɨw1	
犩	ŋˠuj1	
犩	ŋˠuj3	
犪	ɡˠwi1	
犫	tɕʰɨw1	
犬	qʰwen2	
犮	bɑt4	
犯	vəm2	
犯	vəm3	新
犰	ɡˠɨw1	
犳	tɕɑk4	
犴	ɴɑn1	
犴	ɴɑn3	
犺	qʰɑŋ3	
犽	ɴa3	
犿	χwɑn1	
狀	dʐɑŋ3	
狁	jwin2	
狂	ɡˠwɑŋ1	
狂	ɡˠwɑŋ3	
狃	ɳˠɨw2	
狃	ɳˠɨw3	
狄	dek4	
狊	qwek4	
狊	χwek4	
狋	ŋˠi1	
狋	ɡˠwen1	
狌	ʂaŋ1	
狍	baw1	
狎	ʁap4	
狐	ʁu1	
狑	leŋ1	
狒	vuj3	
狓	pˠʰie1	
狔	ɳˠie2	
狕	ʔaw2	
狖	jɨw3	
狗	qɨw2	
狘	xˠwət4	
狙	tsʲʰɨ1	
狚	tɑn2	
狚	tɑn3	
狚	tɑt4	
狟	ʁwɑn1	
狡	qaw2	
狢	ʁɑk4	
狣	ɖˠew2	
狣	ɖˠew3	新
狤	kʲit4	
狤	ɡˠit4	
狤	qet4	
狦	ʂan1	
狦	ʂan3	
狧	tʰɑp4	
狨	ɲɨwŋ1	
狩	ɕɨw3	
狳	jɨ1	
狴	pej1	
狵	mawŋ1	
狷	qwen3	
狷	kʲwen3	
狸	lˠi1	
狹	ʁap4	
狺	ŋˠin1	
狺	ŋˠɨn1	
狻	swɑn1	
狼	lɑŋ1	
狽	pɑj3	
狾	tɕej3	
狿	jen1	
狿	jen3	
猆	fuj1	
猇	ʁaw1	
猇	χaw1	
猈	baj1	
猈	baj2	
猈	baj3	新
猊	ɴej1	
猋	pʲew1	
猌	ŋˠin3	
猍	ləj1	
猎	dzʲak4	
猏	qen1	
猐	kˠʰɑŋ1	
猑	qwən1	
猒	ʔʲem1	
猒	ʔʲem3	
猓	qwɑ2	
猖	tɕʰɑŋ1	
猗	ʔˠie1	
猗	ʔˠie2	
猘	kˠej3	
猙	tʂaŋ1	
猙	dzʲaŋ2	
猙	dzʲaŋ3	新
猚	ɴaj1	
猚	lˠwi2	
猛	maŋ2	
猜	tsʰəj1	
猝	tsʰwət4	
猢	ʁu1	
猣	tsɨwŋ1	
猣	tsɨwŋ2	
猤	ɡʲwi3	
猥	ʔwəj2	
猦	fɨwŋ1	
猨	ɰwən1	
猩	ʂaŋ1	
猩	seŋ1	
猪	ʈˠɨ1	
猫	mˠew1	
猭	ʈˠʰwen1	
猭	ʈˠʰwen3	
猰	ʔat4	
猰	qat4	
猰	qʰet4	
猱	nɑw1	
猱	ɳˠɨw3	
猲	xˠət4	
猲	χɑt4	
猲	kˠʰəp4	
猳	qa1	
猴	ʁɨw1	
猵	pen1	
猵	bʲin2	
猵	bʲin3	新
猶	jɨw1	
猶	kˠɨw3	
猶	jɨw3	
猷	jɨw1	
猺	jew1	
猻	swən1	
猼	pɑk4	
猽	meŋ1	
猾	ʁwat4	
猿	ɰwən1	
獀	ʂɨw1	
獂	ŋˠwən1	
獃	ɴəj1	
獄	ŋˠuk4	
獅	ʂi1	
獆	ʁɑw1	
獌	man1	
獌	ɱən3	
獌	mɑn3	
獍	kˠaŋ3	
獎	tsʲɑŋ2	
獐	tɕɑŋ1	
獑	dʐam1	
獒	ɴɑw1	
獖	bən2	
獖	bən3	新
獚	ʁwɑŋ1	
獛	pɨwk4	
獜	lˠin1	
獜	leŋ1	
獝	xʲwit4	
獟	ɴew3	
獠	lew1	
獠	ʈaw2	
獠	lɑw2	
獡	ɕɑk4	
獢	xˠew1	
獥	qew3	
獥	qek4	
獥	ʁek4	
獦	qɑt4	
獦	lˠep4	
獧	qwen3	
獨	dɨwk4	
獩	ʔˠwəj3	
獪	qwɑj3	
獪	qwaj3	
獫	lˠem1	
獫	lˠem2	
獫	xˠem2	
獫	lˠem3	
獬	ʁaj2	
獬	ʁaj3	新
獮	sʲen2	
獯	xˠun1	
獰	ɳaŋ1	
獱	bʲin1	
獲	ʁwak4	
獳	ɲu1	
獳	nɨw1	
獵	lˠep4	
獶	ʔˠɨw1	
獷	kˠwɑŋ2	
獷	qwaŋ2	
獸	ɕɨw3	
獹	lu1	
獺	tʰɑt4	
獺	ʈʰat4	
獻	sɑ1	
獻	xˠən3	
獼	mʲie1	
獽	ɲɑŋ1	
獾	χwɑn1	
獿	nɑw1	
獿	ɳaw2	
玁	xˠem2	
玂	ɡˠɨj1	
玃	kˠwɑk4	
玄	ʁwen1	
玅	mʲew3	
玆	ʁwen1	
率	ʂwi3	
率	ʂwit4	
玈	lu1	
玉	ŋˠuk4	
玊	sʲɨwk4	
玊	sʲuk4	
王	ɰwɑŋ1	
王	ɰwɑŋ3	
玎	ʈaŋ1	
玎	teŋ1	
玏	lɨk4	
玐	pat4	
玒	qɨwŋ1	
玒	qawŋ1	
玓	tek4	
玕	qɑn1	
玖	kˠɨw2	
玗	ɰu1	
玘	kˠʰi2	
玞	fu1	
玟	məj1	
玠	qaj3	
玢	pˠin1	
玤	bawŋ2	
玤	bawŋ3	新
玥	ŋˠwət4	
玦	qwet4	
玧	jwin2	
玩	ɴwɑn3	
玪	qam1	
玭	bʲin1	
玭	ben1	
玲	leŋ1	
玷	tem2	
玸	vu1	
玹	ʁwen1	
玹	ʁwen3	
玻	pʰɑ1	
玼	dzʲie1	
玼	tsʲʰie2	
玼	tsʰej2	
玽	qɨw2	
玾	qap4	
玿	dʑew1	
珀	pʰak4	
珂	qʰɑ1	
珄	ʂaŋ1	
珆	ji1	
珇	tsu2	
珈	qa1	
珉	mˠin1	
珊	sɑn1	
珋	lˠɨw2	
珌	pʲit4	
珍	ʈˠin1	
珏	qawk4	
珓	qaw3	
珕	lˠie3	
珕	lej3	
珙	kˠuŋ1	
珙	kˠuŋ2	
珛	xˠɨw3	
珝	xˠu2	
珞	lɑk4	
珠	tɕu1	
珢	ŋˠin1	
珢	qən1	
珢	qən3	
珣	sʲwin1	
珤	pɑw2	
珥	ɲi3	
珦	ɕɑŋ3	
珦	xˠɑŋ3	
珧	jew1	
珨	ʁap4	
珩	ʁaŋ1	
珪	qwej1	
珫	tɕʰɨwŋ1	
珬	sʲwit4	
班	pan1	
珮	bəj3	
珵	ɖˠaŋ1	
珷	ɱu2	
珸	ɴu1	
珹	dʑaŋ1	
珽	tʰeŋ2	
現	ʁen3	
珿	tʂʰɨwk4	
琀	ʁɑm3	
琁	zʲwen1	
琂	ŋˠən1	
球	ɡˠɨw1	
琄	ʁwen2	
琄	ʁwen3	新
琅	lɑŋ1	
理	lˠi2	
琇	jɨw2	
琇	sʲɨw3	
琈	vɨw1	
琕	ben1	
琖	tʂan2	
琙	ɰwɨk4	
琚	kˠɨ1	
琛	ʈˠʰim1	
琟	jwi1	
琠	tʰen2	
琡	tɕʰɨwk4	
琡	tɕɨwk4	
琢	ʈawk4	
琤	tʂʰaŋ1	
琥	χu2	
琦	ɡˠie1	
琨	qwən1	
琩	tɕʰɑŋ1	
琪	ɡˠi1	
琫	pɨwŋ2	
琬	ʔˠwən2	
琬	ʔwɑn3	
琭	lɨwk4	
琮	dzuŋ1	
琯	qwɑn2	
琯	qwən3	
琰	jem2	
琱	tew1	
琲	bəj2	
琲	bəj3	
琳	lˠim1	
琴	ɡˠim1	
琵	bʲi1	
琶	ba1	
琿	ʁwən1	
瑀	ɰu2	
瑁	məj3	
瑁	mɑw3	
瑁	muk4	
瑂	mˠi1	
瑃	ʈˠʰwin1	
瑄	sʲwen1	
瑅	dej1	
瑇	dəj3	
瑇	duk4	
瑈	ɲɨw1	
瑊	tɕim1	
瑊	qam1	
瑋	ɰuj2	
瑌	ɲwen1	
瑌	ɲwen2	
瑎	ʁaj1	
瑑	ɖˠwen2	
瑑	ɖˠwen3	新
瑒	jɑŋ1	
瑒	ɖaŋ2	
瑒	ɖaŋ3	新
瑕	ʁa1	
瑖	twɑn3	
瑗	ɰwen3	
瑘	ja1	
瑚	ʁu1	
瑛	ʔˠaŋ1	
瑜	ju1	
瑝	ʁwaŋ1	
瑞	dʑwie3	
瑟	ʂit4	
瑠	lˠɨw1	
瑢	juŋ1	
瑣	swɑ2	
瑤	jew1	
瑦	ʔu1	
瑦	ʔu2	
瑨	tsʲin3	
瑩	ɰwaŋ1	
瑩	ʔweŋ3	
瑫	tʰɑw1	
瑬	lˠɨw1	
瑭	dɑŋ1	
瑮	lˠit4	
瑯	lɑŋ1	
瑰	ʁwəj1	
瑰	qwəj1	
瑱	ʈˠin3	
瑱	tʰen3	
瑲	tsʲʰɑŋ1	
瑳	tsʰɑ1	
瑳	tsʰɑ2	
瑴	qɨwk4	
瑴	qawk4	
瑵	tʂaw2	
瑹	ɕɨ1	
瑻	qwən1	
瑽	tsʲʰuŋ1	
瑾	ɡˠin3	
璀	tsʰwəj2	
璁	tsʰɨwŋ1	
璂	ɡˠi1	
璃	lˠie1	
璄	ʔˠaŋ2	
璅	tsɑw2	
璆	ɡˠɨw1	
璆	ɡʲɨw1	
璇	zʲwen1	
璉	lˠen2	
璊	mən1	
璋	tɕɑŋ1	
璏	ɰwej3	
璏	ɖˠej3	
璏	ɰwət4	
璐	lu3	
璑	ɱu1	
璒	tɨŋ1	
璖	ɡˠɨ1	
璗	dɑŋ2	
璗	dɑŋ3	新
璘	lˠin1	
璙	lew1	
璙	lˠew2	
璙	lew3	
璚	ɡʲwaŋ1	
璛	sʲɨwk4	
璜	ʁwɑŋ1	
璞	pʰawk4	
璟	ʔˠaŋ2	
璟	kˠwaŋ2	
璠	vən1	
璡	tsʲin1	
璡	tsʲin3	
璣	kˠɨj1	
璥	kˠaŋ2	
璦	ʔəj3	
璧	pʲak4	
璨	tsʰɑn3	
璩	ɡˠɨ1	
璪	tsɑw2	
璫	tɑŋ1	
璬	qew2	
璭	qwən3	
璯	qʰwaj3	
環	ʁwan1	
璱	ʂit4	
璲	zʲwi3	
璵	jɨ1	
璶	dzʲin3	
璷	lˠɨ1	
璹	dʑɨw2	
璹	dʑɨwk4	
璹	dʑɨw3	新
璺	ɱun3	
璽	sʲie2	
璿	zʲwen1	
瓁	ɴwɑk4	
瓃	lˠwi1	
瓃	lwəj1	
瓃	lˠwi3	
瓄	dɨwk4	
瓅	lek4	
瓈	lej1	
瓊	ɡʲwaŋ1	
瓌	qwəj1	
瓏	lɨwŋ1	
瓐	lu1	
瓔	ʔʲaŋ1	
瓕	mʲie1	
瓖	sʲɑŋ1	
瓗	jwie3	
瓘	qwɑn3	
瓚	dzɑn2	
瓚	dzɑn3	新
瓛	ʁwɑn1	
瓜	qwa1	
瓝	bawk4	
瓞	det4	
瓟	baw1	
瓟	bawk4	
瓠	ʁu1	
瓠	ʁu3	
瓡	tɕip4	
瓢	bʲew1	
瓣	ban3	
瓤	ɲɑŋ1	
瓤	ɳˠɑŋ1	
瓦	ɴwa2	
瓦	ɴwa3	
瓨	ʁawŋ1	
瓪	pɑn2	
瓪	pan2	
瓬	fɑŋ2	
瓭	tɑm2	
瓮	ʔɨwŋ3	
瓳	ʁu1	
瓴	leŋ1	
瓵	ji1	
瓶	beŋ1	
瓷	dzʲi1	
瓹	qwen3	
瓺	ɖˠɑŋ1	
瓺	ɖˠɑŋ3	
瓻	ʈˠʰi1	
瓽	tɑŋ3	
瓿	vu1	
瓿	bɨw2	
瓿	bɨw3	新
甀	ɖˠwie1	
甀	ɖˠwie3	
甂	pen1	
甃	tʂɨw3	
甄	tɕin1	
甄	kʲen1	
甈	ɴej3	
甈	kˠʰej3	
甉	ʁam1	
甉	ʁam2	
甉	ʁam3	新
甊	lɨw2	
甋	tek4	
甌	ʔɨw1	
甍	maŋ1	
甎	tɕwen1	
甐	lˠin3	
甑	tsʲɨŋ3	
甒	ɱu2	
甓	bek4	
甔	tɑm1	
甔	tɑm3	
甕	ʔɨwŋ3	
甖	ʔaŋ1	
甗	ŋˠən1	
甗	ŋˠen2	
甗	ŋˠen3	
甘	qɑm1	
甚	dʑim2	
甚	dʑim3	
甜	dem1	
甝	ʁɑm1	
甞	dʑɑŋ1	
生	ʂaŋ1	
生	ʂaŋ3	
甡	ʂin1	
產	ʂan2	
甤	ɲwi1	
甤	ɲwie2	
甤	ɲwi2	
甥	ʂaŋ1	
用	juŋ3	
甫	fu2	
甬	juŋ2	
甯	neŋ3	
田	den1	
由	jɨw1	
甲	qap4	
申	ɕin1	
甶	fut4	
男	nɑm1	
甸	den3	
甹	pʰeŋ1	
町	tʰeŋ1	
町	tʰen2	
町	deŋ2	
町	tʰeŋ2	
町	deŋ3	新
甾	tʂi1	
甿	maŋ1	
畀	pʲi3	
畂	lˠɨw3	
畇	sʲwin1	
畇	jwin1	
畇	zʲwin1	
畇	den1	
畈	fən3	
畋	den1	
畋	den3	
界	qaj3	
畎	qwen2	
畏	ʔˠuj3	
畐	vɨwk4	
畐	pˠʰɨk4	
畔	bɑn3	
畕	kˠɑŋ1	
畖	ʔwa1	
留	lˠɨw1	
留	lˠɨw3	
畚	pən2	
畛	tɕin1	
畛	tɕin2	
畜	ʈˠʰɨw3	
畜	xˠɨwk4	
畝	mɨw2	
畝	mu2	新
畞	mɨw2	
畟	tʂʰɨk4	
畟	tsʲɨk4	
畢	pʲit4	
畣	tɑp4	
畤	tɕi2	
畤	dʑi2	
畤	ɖˠi2	
畤	dʑi3	新
畤	ɖˠi3	新
略	lˠɑk4	
畦	ʁwej1	
番	vən1	
番	fʰən1	
番	pʰɑn1	
番	pɑ1	
番	pɑ3	
畫	ʁwaj3	
畫	ʁwak4	
畫	ʁwa3	新
畬	jɨ1	
畬	ɕa1	
畮	mɨw2	
畮	mu2	新
畯	tsʲwin3	
異	ji3	
當	tɑŋ1	
當	tɑŋ3	
畷	ʈˠwej3	
畷	ʈˠwet4	
畸	kˠie1	
畹	ʔˠwən2	
畺	kˠɑŋ1	
畼	ʈˠʰɑŋ3	
畽	tʰwən2	
畾	lwəj1	
畿	ɡˠɨj1	
疀	tʂʰap4	
疁	lˠɨw1	
疃	tʰwɑn2	
疄	lˠin1	
疄	lˠin3	
疆	kˠɑŋ1	
疇	ɖˠɨw1	
疈	pˠʰɨk4	
疊	dep4	
疋	ʂɨ1	
疋	ʂɨ2	
疋	ɴa2	
疌	dzʲep4	
疎	ʂɨ1	
疏	ʂɨ1	
疏	ʂɨ3	
疐	ʈˠi3	
疐	tej3	
疑	ŋˠi1	
疒	dʐɑŋ1	
疒	ɳak4	
疓	nəj2	
疕	pʲʰie2	
疕	pʲi2	
疕	pˠʰi2	
疘	qɨwŋ1	
疙	ŋˠɨt4	
疚	kˠɨw3	
疛	ʈˠɨw2	
疛	ɖˠɨw3	
疝	ʂan1	
疝	ʂan3	
疢	ʈˠʰin3	
疣	ɰɨw1	
疥	qaj3	
疦	χwet4	
疦	qwet4	
疧	ɡʲie1	
疨	χa1	
疫	jwak4	
疰	tɕu3	
疲	bˠie1	
疴	qʰa3	
疵	dzʲie1	
疶	sʲet4	
疷	ʈˠi1	
疸	tɑn2	
疸	tɑn3	
疹	tɕin2	
疻	tɕie1	
疻	tɕi1	
疼	duŋ1	
疽	tsʲʰɨ1	
疾	dzʲit4	
疿	fuj3	
痀	kˠu1	
痁	ɕem1	
痁	tem3	
痂	qa1	
痃	ʁen1	
痄	tʂa2	
病	bˠaŋ3	
痆	ɳat4	
痊	tsʲʰwen1	
痋	duŋ1	
痌	tʰɨwŋ1	
痍	ji1	
痎	qaj1	
痏	ɰwi2	
痑	tʰɑn1	
痑	tʰɑ1	
痑	tɑ3	
痒	zʲɑŋ1	
痒	jɑŋ2	
痓	tɕʰi3	
痔	ɖˠi2	
痔	ɖˠi3	新
痕	ʁən1	
痗	məj3	
痗	χwəj3	
痙	ɡʲaŋ2	
痙	ɡʲaŋ3	新
痛	tʰɨwŋ3	
痝	mawŋ1	
痞	pˠi2	
痞	bˠi2	
痞	fɨw2	
痞	bˠi3	新
痟	sʲew1	
痠	swɑn1	
痡	fʰu1	
痡	pʰu1	
痢	lˠi3	
痣	tɕi3	
痤	dzwɑ1	
痥	dwɑt4	
痬	jak4	
痮	ʈˠɑŋ3	
痯	qwɑn2	
痯	qwɑn3	
痰	dɑm1	
痱	vuj1	
痱	bəj2	
痱	vuj3	
痱	bəj3	新
痲	ma1	
痳	lˠim1	
痴	ʈˠʰi1	
痵	ɡʲwi3	
痶	tʰen2	
痸	tɕʰej3	
痹	pʲi3	
痻	mˠin1	
痼	qu3	
痾	ʔɑ1	
痿	ʔˠwie1	
痿	ɲwie1	
瘀	ʔˠɨ3	
瘁	dzʲwi3	
瘂	ʔa2	
瘃	ʈˠuk4	
瘉	ju1	
瘉	ju2	
瘊	ʁɨw1	
瘌	lɑt4	
瘍	jɑŋ1	
瘎	dʑim1	
瘏	du1	
瘑	qwɑ1	
瘒	ɴwən1	
瘓	tʰwɑn2	
瘕	qa1	
瘕	qa2	
瘕	qa3	
瘖	ʔˠim1	
瘙	sɑw3	
瘚	kˠwət4	
瘛	ʁej3	
瘛	tɕʰej3	
瘛	tɕʰet4	
瘜	sʲɨk4	
瘞	ʔˠej3	
瘠	dzʲak4	
瘡	tʂʰɑŋ1	
瘢	bɑn1	
瘣	ʁwəj2	
瘣	ʁwəj3	新
瘤	lˠɨw1	
瘤	lˠɨw3	
瘥	dzɑ1	
瘥	tsʲa1	
瘥	tʂʰaj3	
瘦	ʂɨw3	
瘧	ŋˠɑk4	
瘨	ten1	
瘭	pʲew1	
瘮	ʂim2	
瘯	tsʰɨwk4	
瘰	lwɑ2	
瘱	ʔej3	
瘲	tsʲuŋ3	
瘳	ʈˠʰɨw1	
瘴	tɕɑŋ3	
瘵	tʂaj3	
瘶	sɨw3	
瘸	ɡˠwɑ1	
瘹	tew3	
瘻	lˠu1	
瘻	lɨw3	
瘼	mɑk4	
瘽	ɡˠɨn1	
瘽	ɡˠɨn2	
瘽	ɡˠin3	
瘽	ɡˠɨn3	新
癀	ʁwɑŋ1	
療	lˠew3	
癃	lˠɨwŋ1	
癄	tʂaw3	
癆	lɑw3	
癇	ʁan1	
癈	fəj3	
癉	tɑn1	
癉	dɑn1	
癉	tɑ2	
癉	tɑ3	
癏	qwan1	
癑	nɨwŋ3	
癓	ɱuj1	
癔	ʔˠɨk4	
癖	pʲʰak4	
癖	pʰek4	
癗	lwəj2	
癘	lˠej3	
癙	ɕɨ2	
癛	lˠim2	
癟	bet4	
癟	pʲʰet4	
癠	dzej1	
癠	dzej2	
癠	tsej2	
癠	dzej3	
癡	ʈˠʰi1	
癢	jɑŋ2	
癤	tset4	
癥	ʈˠɨŋ1	
癧	lek4	
癨	χwɑk4	
癩	lɑj3	
癩	lɑt4	
癬	sʲen2	
癭	ʔʲaŋ2	
癯	ɡˠu1	
癰	ʔˠuŋ1	
癲	ten1	
癶	pɑt4	
癸	kʲwi2	
癹	bɑt4	
登	tɨŋ1	
發	fət4	
白	bak4	
百	pak4	
皀	xˠɑŋ1	
皀	pˠɨk4	
皀	kˠip4	
皀	pˠip4	
皁	dzɑw2	
皁	dzɑw3	新
皃	maw3	
皃	mawk4	
的	tek4	
皆	qaj1	
皇	ʁwɑŋ1	
皉	tsʰej2	
皋	qɑw1	
皎	qew2	
皏	pʰaŋ2	
皐	qɑw1	
皔	ʁɑn2	
皔	ʁɑn3	新
皕	pˠɨk4	
皖	ʁwan2	
皖	ʁwan3	新
皙	sek4	
皚	ɴəj1	
皛	ʁew2	
皛	pʰak4	
皛	ʁew3	新
皝	ʁwɑŋ2	
皝	ʁwɑŋ3	新
皟	tʂʰak4	
皠	tsʰwəj2	
皢	χew2	
皣	ɰep4	
皤	bɑ1	
皤	pɑ1	
皦	qew2	
皪	lek4	
皫	pʲʰew2	
皭	tsʲew3	
皭	dzʲɑk4	
皮	bˠie1	
皯	qɑn2	
皰	pʰaw3	
皰	baw3	
皴	tsʲʰwin1	
皵	tsʲʰɑk4	
皵	tsʲʰak4	
皸	kˠun1	
皸	kˠun3	
皺	tʂɨw3	
皻	tʂa1	
皽	tɕew1	
皽	ʈˠen2	
皽	tɕen2	
皾	dɨwk4	
皿	mˠaŋ2	
盂	ɰu1	
盃	pəj1	
盄	tɕew1	
盅	ɖˠɨwŋ1	
盅	ʈˠʰɨwŋ1	
盆	bən1	
盈	jaŋ1	
盉	ʁwɑ1	
盉	ʁwɑ3	
益	ʔʲak4	
盋	pɑt4	
盌	ʔwɑn2	
盍	ʁɑp4	
盎	ʔɑŋ2	
盎	ʔɑŋ3	
盒	ʁɑp4	
盓	ʔu1	
盔	qʰwəj1	
盛	dʑaŋ1	
盛	dʑaŋ3	
盜	dɑw3	
盝	lɨwk4	
盞	tʂan2	
盟	mˠaŋ1	
盟	maŋ3	
盠	lej1	
盠	lej2	
盡	dzʲin2	
盡	tsʲin2	
盡	dzʲin3	新
監	qam1	
監	qam3	
盤	bɑn1	
盥	qwɑn2	
盥	qwɑn3	
盦	ʔɑm1	
盦	ʔɑp4	
盧	lu1	
盨	ʂɨ2	
盩	ʈˠɨw1	
盪	tʰɑŋ1	
盪	dɑŋ2	
盪	tʰɑŋ3	
盪	dɑŋ3	新
盬	qu1	
盬	qu2	
盭	lej3	
盭	let4	
目	mɨwk4	
盯	ɖaŋ1	
盯	ʈaŋ2	
盰	qɑn3	
盱	xˠu1	
盲	maŋ1	
直	ɖˠɨk4	
盵	kˠʰɨj3	
盷	ʁwen1	
相	sʲɑŋ1	
相	sʲɑŋ3	
盹	tɕwin3	
盻	ɴej3	
盻	ʁej3	
盼	pʰan3	
盾	ʑwin2	
盾	dwən2	
盾	ʑwin3	新
盾	dwən3	新
盿	mˠin1	
省	ʂaŋ2	
省	sʲaŋ2	
眂	dʑie1	
眄	men2	
眄	men3	
眅	pʰan1	
眅	pʰan2	
眇	mʲew2	
眈	dɑm1	
眈	tɑm1	
眉	mˠi1	
眊	mɑw3	
眊	mawk4	
看	qʰɑn1	
看	qʰɑn3	
眎	dʑi2	
眎	dʑi3	
眎	ʑi3	
眏	ʔɑŋ1	
眐	tɕaŋ1	
眑	ʔaw1	
眑	ʔʲɨw2	
眒	ɕin1	
眒	ɕin3	
眓	χwɑt4	
眔	dɑp4	
眕	tɕin2	
眗	kˠu1	
眙	ji1	
眙	ʈˠʰi3	
眚	ʂaŋ2	
眛	məj3	
眜	mɑj3	
眜	mɑt4	
眝	ɖˠɨ2	
眝	ɖˠɨ3	新
真	tɕin1	
眠	men1	
眡	tej1	
眡	dʑi2	
眡	dʑi3	
眢	ʔˠwən1	
眢	ʔwɑn1	
眣	ʈˠʰit4	
眣	ʈat4	
眣	det4	
眥	dzʲie3	
眥	dzej3	
眦	dʐaj3	
眧	tɕʰew2	
眨	tʂap4	
眩	ʁwen1	
眩	ʁwen3	
眭	xʲwie1	
眭	sʲwie1	
眭	xʲwi1	
眭	ʁwej1	
眮	dɨwŋ1	
眮	dɨwŋ2	
眮	dɨwŋ3	
眯	mej2	
眱	ji1	
眲	ɲi3	
眲	ɳak4	
眳	mʲaŋ2	
眳	meŋ2	
眴	sʲwin1	
眴	ɲwin1	
眴	ɕwin3	
眴	χwen3	
眴	ʁwen3	
眵	tɕie1	
眵	tɕʰie1	
眶	kˠʰwɑŋ1	
眷	kˠwen3	
眸	mɨw1	
眹	ɖˠin2	
眹	ɖˠin3	新
眺	tʰew3	
眻	jɑŋ1	
眻	jɑŋ3	
眼	ɴan2	
眽	mak4	
眾	tɕɨwŋ1	
眾	tɕɨwŋ3	
睂	mˠi1	
睅	ʁwan2	
睅	ʁwan3	新
睆	ʁwan2	
睆	ʁwan3	新
睇	tʰej1	
睇	dej3	
睈	ʈˠʰaŋ2	
睉	dzwɑ1	
睊	qwen1	
睊	qwen3	
睋	ɴɑ1	
睍	ʁen2	
睍	ʁen3	新
睎	xˠɨj1	
睒	ɕem2	
睒	tʰɑm3	
睔	ʁwən2	
睔	lwən2	
睔	qwən3	
睔	ʁwən3	新
睕	ʔˠwən2	
睕	ʔwɑn3	
睕	ʔwɑt4	
睖	ʈˠʰɨŋ1	
睗	ɕak4	
睘	ɡʲwaŋ1	
睚	ɴaj3	
睛	tsʲaŋ1	
睛	tsʲʰaŋ2	
睜	dzʲaŋ2	
睜	dzʲaŋ3	新
睞	ləj3	
睟	sʲwi3	
睠	kˠwen3	
睡	dʑwie3	
睢	xʲwie1	
睢	sʲwi1	
睢	xʲwi1	
睢	xʲwi3	
督	tuk4	
睥	pʰej3	
睦	mɨwk4	
睧	mˠin1	
睧	mʲin1	
睨	ɴej3	
睩	lɨwk4	
睪	jak4	
睪	ɳˠep4	
睫	tsʲep4	
睰	mat4	
睲	sʲaŋ2	
睲	seŋ3	
睳	χwej1	
睴	ʁwən2	
睴	qwən3	
睴	ʁwən3	新
睵	tsəj1	
睵	tsʰəj1	
睹	tu2	
睺	ʁɨw1	
睺	ʁɨw3	
睼	dej1	
睼	tʰen3	
睽	qʰwej1	
睿	jwej3	
瞀	mɨw3	
瞀	mawk4	
瞁	xʲwak4	
瞁	χwek4	
瞂	vət4	
瞉	qʰɨw3	
瞋	tɕʰin1	
瞍	sew1	
瞍	sɨw2	
瞎	χat4	
瞐	mawk4	
瞑	men1	
瞑	meŋ1	
瞑	men3	
瞖	ʔej3	
瞗	tew1	
瞘	ʔɨw1	
瞙	mɑk4	
瞚	ɕwin3	
瞜	lˠu1	
瞜	lɨw1	
瞞	mɑn1	
瞟	pʲʰew1	
瞟	pʲʰew2	
瞠	ʈʰaŋ1	
瞡	kʲwie3	
瞡	kʲwi3	
瞢	mɨwŋ1	
瞢	mɨŋ1	
瞢	mɨwŋ3	
瞤	ɲwin1	
瞥	pʰet4	
瞥	pʲʰet4	
瞦	xˠi1	
瞪	ɖaŋ1	
瞪	ɖˠɨŋ1	
瞪	ɖˠɨŋ3	
瞫	ɕim2	
瞫	dɑm3	
瞬	ɕwin3	
瞭	lew1	
瞭	lew2	
瞯	ʁan1	
瞰	qʰɑm3	
瞱	ɰep4	
瞲	χwet4	
瞳	dɨwŋ1	
瞴	ɱu1	
瞴	ɱu2	
瞵	lˠin1	
瞵	lˠin3	
瞶	jwi3	
瞶	kˠuj3	
瞺	ʔwɑj3	
瞻	tɕem1	
瞼	kˠem2	
瞽	qu2	
瞿	ɡˠu1	
瞿	kˠu3	
矀	mˠi1	
矀	ɱuj1	
矆	xˠwɑk4	
矇	mɨwŋ1	
矉	pʲin1	
矊	mʲen1	
矌	qʰwɑŋ3	
矍	kˠwɑk4	
矎	χwen1	
矎	xʲwaŋ3	
矏	men1	
矏	mʲen1	
矐	χɑk4	
矐	χwɑk4	
矑	lu1	
矔	qwɑn3	
矔	qwan3	
矕	man2	
矖	lˠie1	
矖	ʂie2	
矗	tʂʰɨwk4	
矗	ʈˠʰɨwk4	
矘	tʰɑŋ2	
矚	tɕuk4	
矛	mɨw1	
矛	mu1	新
矜	kˠɨŋ1	
矞	jwit4	
矟	ʂawk4	
矠	dʐak4	
矠	tʂʰak4	
矢	ɕi2	
矣	ɰi2	
矤	ɕin2	
知	ʈˠie1	
矦	ʁɨw1	
矧	ɕin2	
矨	ɴeŋ2	
矩	kˠu2	
矪	ʈˠɨw1	
矬	dzwɑ1	
短	twɑn2	
矮	ʔaj2	
矯	kˠew2	
矰	tsɨŋ1	
矲	baj2	
矲	baj3	新
石	dʑak4	
矴	teŋ3	
矸	qɑn2	
矸	ʁɑn3	
矸	qɑn3	
矹	ɴwət4	
矺	tʰɑk4	
矺	ʈak4	
矺	tɑp4	
矻	qʰwət4	
矼	qawŋ1	
砂	ʂa1	
砅	lˠej3	
砉	χwak4	
砉	χwek4	
砊	qʰaŋ1	
砊	qʰɑŋ3	
砌	tsʰej3	
砎	qaj3	
砎	qat4	
砎	ʁat4	
砏	pˠin1	
砏	pˠʰin1	
砏	fʰun1	
砐	ɴɑp4	
砑	ɴa3	
研	ɴen1	
研	ɴen3	
砝	qɑp4	
砝	kˠəp4	
砟	dzɑk4	
砠	tsʲʰɨ1	
砡	ŋˠɨwk4	
砢	lɑ2	
砥	tɕi1	
砥	tɕie2	
砥	tɕi2	
砦	dʐaj3	
砧	ʈˠim1	
砩	fəj3	
砬	lˠip4	
砭	pˠem1	
砭	pˠem3	
砮	nu1	
砮	nu2	
砯	pˠʰɨŋ1	
砰	pʰaŋ1	
砱	leŋ1	
破	pʰɑ3	
硂	tsʲʰwen1	
硃	tɕu1	
硅	χwak4	
硈	qʰat4	
硉	lwət4	
硊	ŋˠwie2	
硋	ɴəj3	
硌	lɑk4	
硍	ʁan2	
硍	ʁan3	新
硎	qʰaŋ1	
硎	ʁeŋ1	
硐	dɨwŋ1	
硐	dɨwŋ2	
硐	dɨwŋ3	新
硜	qʰaŋ1	
硝	sʲew1	
硞	qʰuk4	
硞	qʰawk4	
硟	sʲen1	
硟	tɕʰen3	
硠	lɑŋ1	
硤	ʁap4	
硦	lwɑk4	
硨	tɕʰa1	
硩	ʈˠʰet4	
硩	tʰek4	
硪	ɴɑ1	
硪	ɴɑ2	
硫	lˠɨw1	
硬	ɴaŋ3	
硭	ɱɑŋ1	
确	ʁawk4	
硯	ɴen3	
硰	ʂa1	
硰	tsʰɑ2	
硱	kˠʰɨŋ1	
硱	qʰwən2	
硹	sʲɨwŋ1	
硻	qʰaŋ1	
硾	ɖˠwie3	
硿	qʰɨwŋ1	
碁	ɡˠi1	
碆	bɑ1	
碆	pɑ1	
碌	lɨwk4	
碌	lˠuk4	
碎	swəj3	
碏	tsʲʰɑk4	
碑	pˠie1	
碓	twəj3	
碔	ɱu2	
碕	ɡˠie1	
碕	kˠʰie1	
碕	ɡˠɨj1	
碕	kˠʰie2	
碖	lwən2	
碖	lwən3	
碝	ɲwen2	
碞	ŋˠim1	
碞	ɴam1	
碡	dɨwk4	
碡	ɖˠɨwk4	
碡	duk4	
碢	dwɑ1	
碣	ɡˠət4	
碣	ɡˠet4	
碥	pen2	
碧	pˠak4	
碨	ʔwaj1	
碨	ʔwəj2	
碩	dʑak4	
碪	ʈˠim1	
碫	twɑn3	
碭	dɑŋ1	
碭	dɑŋ3	
碯	nɑw2	
確	qʰawk4	
碻	qʰawk4	
碼	ma2	
碽	qɨwŋ1	
碾	ɳˠen3	
磃	sʲie1	
磄	dɑŋ1	
磅	pʰɑŋ1	
磅	pʰaŋ1	
磆	ʁwat4	
磇	pʰej1	
磈	ʔˠuj2	
磈	qʰwəj2	
磉	sɑŋ2	
磊	lwəj2	
磋	tsʰɑ1	
磋	tsʰɑ3	
磌	tɕin1	
磌	den1	
磍	qat4	
磍	qʰat4	
磎	qʰej1	
磐	bɑn1	
磑	ɴwəj1	
磑	ɴwəj3	
磒	ɰwin2	
磓	twəj1	
磔	ʈak4	
磕	qʰɑj3	
磕	qʰɑt4	
磕	qʰɑp4	
磖	lɑp4	
磝	ɴaw1	
磟	lɨwk4	
磟	lˠɨwk4	
磡	qʰɑm3	
磢	tʂʰɑŋ2	
磣	tʂʰim2	
磤	ʔˠɨn2	
磥	lwəj2	
磧	tsʲʰak4	
磨	mɑ1	
磨	mɑ3	
磩	tsʰek4	
磫	tsʲuŋ1	
磬	qʰeŋ3	
磭	ŋˠin2	
磭	tɕʰɑk4	
磭	ŋˠɑk4	
磯	kˠɨj1	
磰	dʑen2	
磰	dʑen3	新
磲	ɡˠɨ1	
磳	dʐɨŋ1	
磳	tsɨŋ1	
磴	tɨŋ3	
磶	sʲak4	
磷	lˠin1	
磷	lˠin3	
磹	dem3	
磻	bɑn1	
磼	dzɑp4	
磽	qʰaw1	
磽	qʰew2	
磽	ɴaw3	
磾	tej1	
磿	lek4	
礉	qʰaw1	
礉	qʰaw3	
礊	qʰak4	
礊	χwak4	
礎	tʂʰɨ2	
礏	ɴɑp4	
礐	ʁɨwk4	
礐	ʁuk4	
礐	qʰawk4	
礐	lak4	
礒	ŋˠie2	
礓	kˠɑŋ1	
礘	ɴɑp4	
礙	ɴəj3	
礛	qam1	
礜	jɨ3	
礠	dzʲi1	
礣	mat4	
礤	tsʰɑt4	
礥	ʁen2	
礥	ʁen1	
礥	ʁen3	新
礦	qwaŋ2	
礧	lwəj2	
礧	lwəj3	
礩	tɕi3	
礩	tɕit4	
礪	lˠej3	
礫	lek4	
礬	vən1	
礮	pʰaw3	
礱	lɨwŋ1	
礱	lɨwŋ3	
礴	bɑk4	
礹	ɴam1	
礹	ŋˠəm2	
示	ɡʲie1	
示	ʑi3	
礼	lej2	
礽	ɲɨŋ1	
社	dʑa2	
社	dʑa3	新
礿	jɑk4	
祀	zʲi2	
祀	zʲi3	新
祁	ɡʲi1	
祁	tɕi2	
祅	ʔˠew1	
祆	χen1	
祇	ɡʲie1	
祈	ɡˠɨj1	
祉	ʈˠʰi2	
祊	paŋ1	
祋	twɑj3	
祋	twɑt4	
祏	dʑak4	
祐	ɰɨw3	
祓	fəj3	
祓	fʰut4	
祔	vu3	
祕	pˠi3	
祖	tsu2	
祗	tɕi1	
祘	swɑn3	
祚	dzu3	
祜	ʁu2	
祜	ʁu3	新
祝	tɕɨw3	
祝	tɕɨwk4	
神	ʑin1	
祟	sʲwi3	
祠	zʲi1	
祡	dʐaj1	
祣	lˠɨ2	
祤	ɰu2	
祤	xˠu2	
祥	zʲɑŋ1	
祦	ɴu1	
祧	tʰew1	
祩	tɕu1	
祩	tɕu3	
祪	kˠwie2	
祫	ʁap4	
祭	tsʲej3	
祭	tʂaj3	
祰	qʰɑw2	
祰	quk4	
祲	tsʲim1	
祲	tsʲim3	
祳	dʑin2	
祳	dʑin3	新
祴	qəj1	
祺	ɡˠi1	
祼	qwɑn3	
祽	tswəj3	
祾	lˠɨŋ1	
祾	lɨŋ1	
祿	lɨwk4	
禁	kˠim1	
禁	kˠim3	
禂	tɑw2	
禊	ʁej3	
禋	ʔʲin1	
禍	ʁwɑ2	
禍	ʁwɑ3	新
禎	ʈˠaŋ1	
福	fɨwk4	
禓	jɑŋ1	
禓	ɕɑŋ1	
禔	tɕie1	
禔	dʑie1	
禔	dej1	
禕	ʔˠie1	
禖	məj1	
禗	sʲi1	
禘	dej3	
禚	tɕɑk4	
禛	tɕin1	
禜	ɰwaŋ1	
禜	ɰwaŋ3	
禠	sʲie1	
禡	ma3	
禥	ɡˠi1	
禦	ŋˠɨ2	
禧	xˠi1	
禨	kˠɨj1	
禨	kˠɨj3	
禩	zʲi2	
禩	zʲi3	新
禪	dʑen1	
禪	dʑen3	
禫	dɑm2	
禫	dɑm3	新
禬	ʁwɑj3	
禬	qwɑj3	
禮	lej2	
禰	nej2	
禱	tɑw2	
禱	tɑw3	
禲	lˠej3	
禳	ɲɑŋ1	
禴	jɑk4	
禶	dzɑn2	
禶	dzɑn3	新
禷	lˠwi3	
禸	ɳˠɨw2	
禸	ɲɨw2	
禹	ɰu2	
禺	ŋˠu1	
禺	ŋˠu3	
离	lˠie1	
离	ʈˠʰie1	
禼	sʲet4	
禽	ɡˠim1	
禾	ʁwɑ1	
禿	tʰɨwk4	
秀	sʲɨw3	
私	sʲi1	
秄	tsʲi2	
秅	ɖa1	
秅	tu3	
秆	qɑn2	
秈	sʲen1	
秉	pˠaŋ2	
秊	nen1	
秋	tsʲʰɨw1	
秌	tsʲʰɨw1	
种	ɖˠɨwŋ1	
秎	vun3	
秏	χwəj3	
秏	χɑw3	
科	qʰwɑ1	
科	qʰwɑ3	
秒	mʲew2	
秔	qaŋ1	
秕	pʲi2	
秛	pˠʰie1	
秛	pˠʰie3	
秜	lˠi1	
秝	lek4	
秞	jɨw1	
租	tsu1	
秠	pˠʰi1	
秠	fʰɨw1	
秠	pˠʰi2	
秠	fʰɨw2	
秢	leŋ1	
秣	mɑt4	
秤	tɕʰɨŋ3	
秦	dzʲin1	
秧	ʔˠɑŋ1	
秧	ʔˠɑŋ2	
秨	dzu3	
秨	dzɑk4	
秩	ɖˠit4	
秪	ʈˠi1	
秫	ʑwit4	
秬	ɡˠɨ2	
秬	ɡˠɨ3	新
秭	tsʲi2	
秲	ɖˠi2	
秲	dʑi3	
秲	ɖˠi3	新
秳	ʁwɑt4	
秷	ʈˠit4	
秸	qat4	
秺	tu3	
移	jie1	
秿	fʰu1	
秿	pu1	
秿	vu2	
秿	vu3	新
稀	xˠɨj1	
稂	lɑŋ1	
稃	fʰu1	
稄	tʂɨk4	
稅	ɕwej3	
稇	qʰwən2	
稈	qɑn2	
稉	qaŋ1	
稊	dej1	
程	ɖˠaŋ1	
稌	tʰu1	
稌	tʰu2	
稍	ʂaw3	
稏	ʔa3	
稑	lˠɨwk4	
稒	qu3	
稔	ɲim2	
稕	tɕwin3	
稗	baj3	
稘	kˠi1	
稙	ʈˠɨk4	
稚	ɖˠi3	
稜	lɨŋ1	
稞	qʰwɑ1	
稞	ʁwa2	
稞	ʁwa3	新
稟	pˠim2	
稠	ɖˠɨw1	
稡	tswət4	
稧	ʁej3	
稫	pˠʰɨk4	
稬	nwɑn2	
稬	nwɑn3	
稬	nwɑ3	
稭	qaj1	
稭	qat4	
種	tɕuŋ2	
種	tɕuŋ3	
稯	tsɨwŋ1	
稰	sʲɨ1	
稰	sʲɨ2	
稱	tɕʰɨŋ1	
稱	tɕʰɨŋ3	
稴	ʁem1	
稴	ʁam1	
稴	lem2	
稴	lem3	
稵	tsʲi1	
稶	ʔˠɨwk4	
稷	tsʲɨk4	
稸	xˠɨwk4	
稸	ʈˠʰɨwk4	
稹	tɕin1	
稹	tɕin2	
稺	ɖˠi3	
稻	dɑw2	
稻	dɑw3	新
稼	qa3	
稽	qej1	
稽	qʰej2	
稾	qɑw2	
稾	qʰɑw3	
穀	qɨwk4	
穁	ɲuŋ1	
穁	ɲuŋ2	
穄	tsʲej3	
穅	qʰɑŋ1	
穆	mɨwk4	
穇	ʂam1	
穊	kˠi3	
穋	lˠɨwk4	
穌	su1	
積	tsʲie3	
積	tsʲak4	
穎	jwaŋ2	
穕	tsʲʰep4	
穖	kˠɨj2	
穗	zʲwi3	
穘	χaw1	
穙	bɨwk4	
穚	kˠew1	
穛	tʂawk4	
穜	dɨwŋ1	
穜	ɖˠuŋ1	
穟	zʲwi3	
穠	ɳˠuŋ1	
穠	ɲuŋ1	
穡	ʂɨk4	
穢	ʔˠwəj3	
穥	jɨ3	
穧	tsej3	
穧	dzej3	
穧	tsʲej3	
穨	dwəj1	
穩	ʔwən2	
穫	ʁwɑk4	
穬	qwaŋ2	
穭	lˠɨ2	
穰	ɲɑŋ1	
穰	ɲɑŋ2	
穱	tʂawk4	
穲	lˠie1	
穳	dzwɑn1	
穳	dzɑn3	
穴	ʁwet4	
穵	ʔwat4	
穵	ʔat4	
究	kˠɨw3	
穸	zʲak4	
穹	kˠʰɨwŋ1	
空	qʰɨwŋ1	
空	qʰɨwŋ3	
穼	ʂim1	
穽	dzʲaŋ2	
穽	dzʲaŋ3	
穿	tɕʰwen1	
穿	tɕʰwen3	
窀	ʈˠwin1	
窀	dwən1	
窀	ɖwan1	
突	tʰwət4	
突	dwət4	
窂	lɑw1	
窄	tʂak4	
窅	ʔaw1	
窅	ʔew2	
窆	pˠem3	
窇	bawk4	
窈	ʔew2	
窉	pˠaŋ2	
窊	ʔwa1	
窊	ʔwa3	
窋	ʈˠwit4	
窌	law1	
窌	pʰaw3	
窌	lˠɨw3	
窐	qwej1	
窐	ʁwej1	
窒	ʈˠit4	
窒	tet4	
窓	tʂʰawŋ1	
窔	ʔew3	
窕	dew2	
窕	dew3	新
窖	qaw3	
窘	ɡˠwin2	
窘	ɡˠwin3	新
窙	χaw1	
窞	dɑm2	
窞	dɑm3	新
窟	qʰwət4	
窠	qʰwɑ1	
窡	ʈwat4	
窣	swət4	
窨	ʔˠim3	
窪	ʔwa1	
窫	ʔat4	
窬	ju1	
窬	dɨw1	
窬	dɨw3	
窮	ɡˠɨwŋ1	
窯	jew1	
窰	jew1	
窱	tʰew2	
窱	tʰew3	
窳	ju2	
窴	den1	
窴	den3	
窵	tew3	
窶	ɡˠu2	
窶	ɡˠu3	新
窸	sʲit4	
窹	ɴu3	
窺	kʲʰwie1	
窻	tʂʰawŋ1	
窾	qʰwɑn2	
窿	lˠɨwŋ1	
竀	ʈʰaŋ1	
竀	ʈˠʰaŋ1	
竁	tsʲʰwej3	
竁	tʂʰwej3	
竁	tɕʰwen3	
竂	lew1	
竄	tsʰwɑn3	
竅	qʰew3	
竇	dɨw3	
竈	tsɑw3	
竉	lɨwŋ2	
竊	tsʰet4	
立	lˠip4	
竑	ʁwaŋ1	
竘	kˠʰu2	
竘	qʰɨw2	
站	ʈam3	
竚	ɖˠɨ2	
竚	ɖˠɨ3	新
竛	leŋ1	
竝	beŋ2	
竝	beŋ3	新
竟	kˠaŋ3	
章	tɕɑŋ1	
竢	ʐi2	
竢	ʐi3	新
竣	tsʲʰwin1	
童	dɨwŋ1	
竦	sʲuŋ2	
竩	ŋˠie3	
竪	dʑu2	
竪	dʑu3	新
竫	dzʲaŋ2	
竫	dzʲaŋ3	新
竭	ɡˠət4	
竭	ɡˠet4	
竮	pʰeŋ1	
竮	beŋ1	
端	twɑn1	
竱	twɑn1	
竱	tɕwen2	
竲	dzʲɨŋ1	
竲	tsɨŋ1	
竴	tsʲʰwin1	
竵	χwaj1	
竵	χwa1	新
競	ɡˠaŋ3	
竷	qʰɑm2	
竷	qʰɑm3	
竹	ʈˠɨwk4	
竺	tɨwk4	
竺	ʈˠɨwk4	
竺	tuk4	
竻	lɨk4	
竽	ɰu1	
竿	qɑn1	
笄	qej1	
笅	ʁaw1	
笆	pa1	
笆	ba2	
笆	ba3	新
笇	swɑn3	
笈	ɡˠip4	
笈	ɡˠep4	
笈	tʂʰap4	
笈	ɡˠəp4	
笉	ɰwin2	
笊	tʂaw2	
笊	tʂaw3	
笋	sʲwin2	
笍	ɲwej3	
笍	ʈˠwej3	
笏	χwət4	
笐	qɑŋ1	
笐	ʁɑŋ3	
笑	sʲew3	
笒	dʐim1	
笒	ɡˠim3	
笓	bej1	
笗	tuŋ1	
笘	tep4	
笙	ʂaŋ1	
笚	tɑp4	
笚	ʁap4	
笛	dek4	
笝	nɑp4	
笞	ʈˠʰi1	
笠	lˠip4	
笡	tsʲʰa3	
笢	mˠin1	
笢	mʲin2	
笥	sʲi3	
符	vu1	
笧	tʂʰak4	
笨	pən2	
笨	bən2	
笨	bən3	新
笪	tɑn2	
笪	tɑn3	
笪	tɑt4	
笫	tʂi2	
第	dej3	
笭	leŋ1	
笭	leŋ2	
笮	tʂa3	
笮	dzɑk4	
笮	tʂak4	
笯	nu1	
笯	ɳa1	
笯	nu3	
笰	fut4	
笱	qɨw2	
笲	vən1	
笲	vən2	
笲	bˠen3	
笲	vən3	新
笳	qa1	
笴	qɑn2	
笴	qɑ2	
笵	vəm2	
笵	vəm3	新
笿	lɑk4	
筀	qwej3	
筄	jew3	
筅	sen2	
筆	pˠit4	
筇	ɡˠuŋ1	
筈	qwɑt4	
筈	qʰwɑt4	
等	təj2	
等	tɨŋ2	
筊	ʁaw1	
筊	qaw2	
筋	kˠɨn1	
筌	tsʲʰwen1	
筍	sʲwin2	
筏	vət4	
筏	pɑt4	
筐	kˠʰwɑŋ1	
筑	ɖˠɨwk4	
筑	ʈˠɨwk4	
筒	dɨwŋ1	
筒	dɨwŋ3	
答	tɑp4	
筕	ʁɑŋ1	
筕	ʁaŋ1	
策	tʂʰak4	
筟	fʰu1	
筠	ɰwin1	
筡	ʈˠʰɨ1	
筡	du1	
筣	lˠi1	
筣	lej1	
筤	lɑŋ1	
筥	kˠɨ2	
筦	qwɑn2	
筧	qen2	
筨	ʁɑm1	
筩	dɨwŋ1	
筬	dʑaŋ1	
筭	swɑn3	
筮	dʑej3	
筯	ɖˠɨ3	
筰	dzɑk4	
筱	sew2	
筲	ʂaw1	
筳	deŋ1	
筴	tʂʰak4	
筴	qep4	
筴	qap4	
筵	jen1	
箁	bɨw1	
箃	tʂɨw1	
箄	pʲie1	
箄	pej1	
箄	pʲie2	
箅	pej3	
箇	qɑ3	
箉	daj2	
箉	daj3	新
箊	ʔˠɨ1	
箋	tsen1	
箍	qu1	
箏	tʂaŋ1	
箐	tsʲaŋ1	
箑	ʂep4	
箑	dʐap4	
箑	ʂap4	
箒	tɕɨw2	
箓	lɨwk4	
箔	bɑk4	
箕	kˠi1	
箖	lˠim1	
算	swɑn2	
箘	kˠʰwin1	
箘	ɡˠwin2	
箘	ɡˠwin3	新
箙	vɨwk4	
箛	qu1	
箜	qʰɨwŋ1	
箝	ɡˠem1	
箟	kˠʰwin1	
箠	ʈˠwie1	
箠	tɕwie2	
管	qwɑn2	
箬	ɲɑk4	
箭	tsʲen3	
箯	bʲen1	
箯	pʲen1	
箰	sʲwin2	
箱	sʲɑŋ1	
箲	sen2	
箳	pʲaŋ1	
箳	beŋ1	
箴	tɕim1	
箵	seŋ2	
箶	ʁu1	
箷	jie1	
箸	ʈˠɨ3	
箸	ɖˠɨ3	
箹	ʔaw3	
箹	ʔawk4	
箽	tɨwŋ2	
箾	sew1	
箾	ʂawk4	
箿	dzʲip4	
節	tset4	
篁	ʁwɑŋ1	
篂	seŋ1	
篃	mˠi3	
範	vəm2	
範	vəm3	新
篅	dʑwie1	
篅	dʑwen1	
篆	ɖˠwen2	
篆	ɖˠwen3	新
篇	pʲʰen1	
築	ʈˠɨwk4	
篋	qʰep4	
篌	ʁɨw1	
篍	tsʲʰew1	
篍	tsʲʰɨw1	
篍	tsʲʰew3	
篎	mʲew2	
篎	mʲew3	
篔	ɰun1	
篕	ʁɑp4	
篖	dɑŋ1	
篘	tʂʰɨw1	
篙	qɑw1	
篚	fuj2	
篜	tɕɨŋ1	
篝	qɨw1	
篞	net4	
篟	tsʰen3	
篠	sew2	
篡	tʂʰwan3	
篢	qɨwŋ1	
篣	bɑŋ1	
篣	baŋ1	
篤	tuk4	
篥	lˠit4	
篦	pej1	
篧	dʐawk4	
篧	tʂawk4	
篨	ɖˠɨ1	
篩	ʂi1	
篪	ɖˠie1	
篰	bɨw2	
篰	bɨw3	新
篲	zʲwej3	
篳	pʲit4	
篴	ɖˠɨwk4	
篴	dek4	
篷	bɨwŋ1	
篸	tsɑm1	
篸	tsɑm3	
篹	swɑn2	
篻	mʲew1	
篻	pʲʰew2	
篼	tɨw1	
篽	ŋˠɨ2	
篾	met4	
篿	dwɑn1	
篿	tɕwen1	
簀	tʂak4	
簁	ʂie1	
簁	ʂie2	
簂	qwəj3	
簃	jie1	
簃	ɖˠie1	
簄	ʁu2	
簄	ʁu3	新
簅	ʂan2	
簆	qʰɨw3	
簇	tsʰɨwk4	
簉	tʂʰɨw3	
簋	kˠwi2	
簍	lɨw1	
簍	lˠu2	
簍	lɨw2	
簎	dʐawk4	
簎	tʂʰak4	
簎	dzʲak4	
簏	lɨwk4	
簙	pɑk4	
簜	tʰɑŋ1	
簜	dɑŋ2	
簜	dɑŋ3	新
簝	lew1	
簝	lɑw1	
簞	tɑn1	
簟	dem2	
簟	dem3	新
簠	fu1	
簠	fu2	
簠	fʰu3	
簡	qan2	
簢	mˠin2	
簣	ɡˠwi3	
簣	qʰwaj3	
簥	kˠew1	
簦	tɨŋ1	
簧	ʁwɑŋ1	
簨	sʲwin2	
簩	lɑw1	
簪	tʂim1	
簪	tsɑm1	
簫	sew1	
簬	lu3	
簭	dʑej3	
簳	qɑn2	
簵	lu3	
簶	lɨwk4	
簷	jem1	
簸	pɑ2	
簸	pɑ3	
簹	tɑŋ1	
簺	səj3	
簻	qʰwɑ1	
簻	ʈwa1	
簾	lˠem1	
簿	bu2	
簿	bɑk4	
簿	bu3	新
籀	ɖˠɨw3	
籃	lɑm1	
籈	tɕin1	
籈	kʲen1	
籉	dəj1	
籊	dek4	
籊	tʰek4	
籋	ɳˠep4	
籋	nep4	
籌	ɖˠɨw1	
籍	dzʲak4	
籓	fən1	
籔	ʂu2	
籔	sɨw2	
籗	qʰwɑk4	
籙	lˠuk4	
籚	lu1	
籛	tsen1	
籛	tsʲen2	
籛	tsʲen3	
籜	tʰɑk4	
籝	jaŋ1	
籞	ŋˠɨ2	
籟	lɑj3	
籠	lɨwŋ1	
籠	lˠuŋ1	
籠	lɨwŋ2	
籢	lˠem1	
籣	lɑn1	
籤	tsʲʰem1	
籥	jɑk4	
籦	tɕuŋ1	
籧	ɡˠɨ1	
籩	pen1	
籫	tswɑn2	
籬	lˠie1	
籭	ʂie1	
籭	ʂaj1	
籮	lɑ1	
籰	ɰwɑk4	
籲	ju3	
米	mej2	
籴	dek4	
籸	ʂin1	
籹	ɳˠɨ2	
籺	ʁet4	
粄	pɑn2	
粈	ɲɨw2	
粉	fun2	
粊	pˠi3	
粒	lˠip4	
粔	ɡˠɨ2	
粔	ɡˠɨ3	新
粕	pʰɑk4	
粖	mɑt4	
粖	met4	
粗	dzu2	
粗	dzu3	新
粘	ɳˠem1	
粞	sej1	
粞	səj1	
粟	sʲuk4	
粢	tsʲi1	
粥	jɨwk4	
粥	tɕɨwk4	
粦	lˠin3	
粮	lˠɑŋ1	
粯	ʁan3	
粰	vɨw1	
粱	lˠɑŋ1	
粲	tsʰɑn3	
粳	qaŋ1	
粵	ɰwət4	
粹	sʲwi3	
粺	baj3	
粻	ʈˠɑŋ1	
粼	lˠin1	
粼	lˠin3	
粽	tsɨwŋ3	
精	tsʲaŋ1	
精	tsʲaŋ3	
粿	qwɑ2	
糂	sɑm2	
糄	pen2	
糅	ɳˠɨw3	
糇	ʁɨw1	
糈	sʲɨ2	
糈	ʂɨ2	
糉	tsɨwŋ3	
糊	ʁu1	
糏	set4	
糒	bˠi3	
糓	qɨwk4	
糔	sʲɨw2	
糖	dɑŋ1	
糗	kˠʰɨw2	
糙	tsʰɑw3	
糛	dɑŋ1	
糜	mˠie1	
糝	sɑm2	
糞	fun3	
糟	tsɑw1	
糠	qʰɑŋ1	
糣	sɑm2	
糤	sɑn2	
糦	tɕʰi3	
糧	lˠɑŋ1	
糪	pak4	
糪	pʰak4	
糫	ʁwan1	
糱	ŋˠet4	
糲	lˠej3	
糲	lɑj3	
糲	lɑt4	
糳	tsɑk4	
糴	dek4	
糶	tʰew3	
糷	lɑn3	
糸	mek4	
系	ʁej3	
糾	kʲɨw2	
紀	kˠi2	
紂	ɖˠɨw2	
紂	ɖˠɨw3	新
紃	ʑwin1	
紃	zʲwin1	
約	ʔʲew3	
約	ʔˠɑk4	
紅	ʁɨwŋ1	
紆	ʔˠu1	
紇	ʁət4	
紇	ʁet4	
紈	ʁwɑn1	
紉	ɳˠin1	
紊	ɱun3	
紋	ɱun1	
納	nɑp4	
紐	ɳˠɨw2	
紑	fʰɨw1	
紑	fɨw1	
紑	fʰɨw2	
紓	ɕɨ1	
紓	ʑɨ2	
紓	ʑɨ3	新
純	dʑwin1	
純	tɕwin2	
紕	bʲie1	
紕	pʲʰi1	
紖	ɖˠin2	
紖	ɖˠin3	新
紗	ʂa1	
紘	ʁwaŋ1	
紙	tɕie2	
級	kˠip4	
紛	fʰun1	
紜	ɰun1	
紝	ɲim1	
紞	tɑm2	
紟	ɡˠim3	
素	su3	
紡	fʰɑŋ2	
索	sɑk4	
索	ʂak4	
紨	fʰu1	
紩	ɖˠit4	
紫	tsʲie2	
紬	ɖˠɨw1	
紭	ʁwaŋ1	
紮	tʂat4	
累	lˠwie2	
累	lˠwie3	
細	sej3	
紱	fut4	
紲	sʲet4	
紳	ɕin1	
紴	pɑ1	
紴	pˠʰie2	
紵	ɖˠɨ2	
紵	ɖˠɨ3	新
紷	leŋ1	
紹	dʑew2	
紹	dʑew3	新
紺	qɑm3	
紻	ʔˠɑŋ2	
紼	fut4	
紽	dɑ1	
紾	tɕin2	
紾	ʈˠen2	
紿	dəj2	
紿	dəj3	新
絀	ʈˠwit4	
絁	ɕie1	
終	tɕɨwŋ1	
絃	ʁen1	
絃	χwen3	
組	tsu2	
絅	qweŋ1	
絅	qʰweŋ2	
絆	pɑn3	
絇	ɡˠu1	
絇	kˠu3	
絍	ɲim3	
絎	ʁaŋ3	
結	qet4	
絑	tɕu1	
絓	qʰwaj1	
絓	ʁwaj3	
絓	qʰwa1	新
絓	ʁwa3	新
絕	dzʲwet4	
絘	tsʲʰi3	
絙	ʁwɑn1	
絙	qɨŋ1	
絛	tʰɑw1	
絜	qet4	
絜	ʁet4	
絝	qʰu3	
絞	qaw2	
絟	tsʲʰwen1	
絟	tsʲʰwet4	
絠	qəj2	
絡	lɑk4	
絢	χwen3	
絣	paŋ1	
絥	bˠi3	
絥	vɨwk4	
給	kˠip4	
絧	dɨwŋ1	
絧	dɨwŋ3	
絨	ɲɨwŋ1	
絩	tʰew3	
絪	ʔʲin1	
絫	lˠwie2	
絬	sʲet4	
絭	kˠʰwən3	
絭	kˠwən3	
絭	kˠwen3	
絭	kˠʰwen3	
絭	kˠuk4	
絮	sʲɨ3	
絮	ɳˠɨ3	
絮	ʈˠʰɨ3	
絮	ɳa3	
絯	qəj1	
絯	ʁaj2	
絯	ʁaj3	新
絰	det4	
統	tʰuŋ3	
絲	sʲi1	
絳	qawŋ3	
絸	qen2	
絹	kʲwen3	
絺	ʈˠʰi1	
絻	mɑn1	
絻	mˠen2	
絻	ɱun3	
絽	lˠɨ2	
絿	ɡˠɨw1	
綀	ʂɨ1	
綃	sʲew1	
綃	ʂaw1	
綄	ʁwɑn1	
綄	ʁwɑn2	
綄	ʁwɑn3	新
綅	tsʲʰim1	
綅	tsʲim1	
綅	sʲem1	
綆	qaŋ2	
綈	dej1	
綊	ʁep4	
綌	kˠʰak4	
綍	fut4	
綎	deŋ1	
綎	tʰeŋ1	
綏	sʲwi1	
綐	dwɑj3	
經	qeŋ1	
經	qeŋ3	
綖	jen1	
綜	tsuŋ3	
綝	ʈˠʰim1	
綞	twɑ2	
綟	lej3	
綟	let4	
綠	lˠuk4	
綡	lˠɑŋ1	
綢	tʰɑw1	
綢	ɖˠɨw1	
綣	kˠʰwən2	
綣	kˠʰwən3	
綤	dʑew2	
綤	dʑew3	新
綦	ɡˠi1	
綨	ɡˠi1	
綪	tʂaŋ1	
綪	tsʰen3	
綫	sʲen3	
綬	dʑɨw2	
綬	dʑɨw3	
維	jwi1	
綮	qʰej2	
綯	dɑw1	
綰	ʔwan2	
綰	ʔwan3	
綱	qɑŋ1	
網	ɱɑŋ2	
綴	ʈˠwej3	
綴	ʈˠwet4	
綵	tsʰəj2	
綷	tswəj3	
綸	lˠwin1	
綸	qwan1	
綹	lˠɨw2	
綺	kˠʰie2	
綻	ɖan3	
綼	bʲit4	
綼	pek4	
綽	tɕʰɑk4	
綾	lˠɨŋ1	
綿	mʲen1	
緀	tsʰej1	
緀	tsʰej2	
緁	tsʲʰep4	
緂	tʰɑm1	
緂	tɕʰem1	
緂	tʰɑm2	
緄	qwən2	
緅	tʂɨw1	
緅	tsɨw1	
緅	tsʲu3	
緆	sek4	
緇	tʂi1	
緈	ʁeŋ2	
緈	ʁeŋ3	新
緉	lˠɑŋ2	
緉	lˠɑŋ3	
緊	kʲin2	
緋	fuj1	
緌	ɲwi1	
緍	mˠin1	
緎	ɰwɨk4	
緎	xˠwɨk4	
緒	zʲɨ2	
緒	zʲɨ3	新
緗	sʲɑŋ1	
緘	qam1	
緙	qʰak4	
線	sʲen3	
緛	ɲwen2	
緜	mʲen1	
緝	tsʲʰip4	
緞	dwɑn2	
緞	dwɑn3	新
緟	ɖˠuŋ1	
緟	ɖˠuŋ3	
締	dej1	
締	dej3	
緢	mˠew1	
緢	maw2	
緢	maw3	
緣	jwen1	
緣	jwen3	
緤	sʲet4	
緥	pɑw2	
緦	sʲi1	
緧	tsʲʰɨw1	
編	pen1	
編	pʲen1	
編	pen2	
緩	ʁwɑn2	
緩	ʁwɑn3	新
緪	qɨŋ1	
緪	qɨŋ3	
緬	mʲen2	
緭	ɰuj3	
緯	ɰuj3	
緰	sʲu1	
緰	dɨw1	
緱	qɨw1	
練	len3	
緵	tsɨwŋ1	
緵	tsɨwŋ3	
緶	bʲen1	
緶	pen2	
緷	ʁwən2	
緷	qwən2	
緷	ɰun3	
緷	ʁwən3	新
緹	dej1	
緹	tʰej2	
緺	qwaj1	
緺	qwɑ1	
緺	qwa1	
緻	ɖˠi3	
緾	ɖˠen1	
縈	ʔʲwaŋ1	
縉	tsʲin3	
縊	ʔʲie3	
縊	ʔej3	
縋	ɖˠwie3	
縌	ŋˠak4	
縍	pɑŋ1	
縎	qwət4	
縏	bɑn1	
縐	tʂʰaw3	
縐	tʂɨw3	
縑	qem1	
縒	tʂʰie1	
縒	sɑ2	
縒	tsʰɑk4	
縓	tsʲʰwen1	
縓	tsʲʰwen3	
縕	ʔˠun1	
縕	ʔwən1	
縕	ʔˠun2	
縕	ʔˠun3	
縖	ʁat4	
縗	tsʰwəj1	
縚	tʰɑw1	
縛	vɑ3	
縛	vɑk4	
縜	ɰwin1	
縝	ʈˠʰin1	
縝	tɕʰin1	
縝	tɕin2	
縞	qɑw2	
縞	qɑw3	
縟	ɲuk4	
縠	ʁɨwk4	
縡	tsəj2	
縡	tsəj3	
縢	dɨŋ1	
縣	ʁwen1	
縣	ʁwen3	
縪	pʲit4	
縫	vuŋ1	
縫	vuŋ3	
縬	tsʲɨwk4	
縬	tʂɨwk4	
縭	lˠie1	
縮	ʂɨwk4	
縯	jin2	
縯	jen2	
縰	ʂie2	
縱	tsʲuŋ1	
縱	tsʲuŋ3	
縴	qʰen1	
縵	mɑn3	
縵	man3	
縶	ʈˠip4	
縷	lˠu2	
縹	pʲʰew2	
縺	len1	
縻	mˠie1	
縼	zʲwen3	
總	tsɨwŋ2	
績	tsek4	
縿	ʂam1	
繀	swəj3	
繁	vən1	
繁	bɑn1	
繁	bɑ1	
繂	lˠwit4	
繃	paŋ1	
繄	ʔej1	
繄	ʔej3	
繅	sɑw1	
繅	tsɑw2	
繆	mɨw1	
繆	mˠɨw1	
繆	mˠɨw3	
繆	mɨwk4	
繇	jew1	
繇	jɨw1	
繇	ɖˠɨw3	
繈	kˠɑŋ2	
繎	ɲen1	
繎	ɲwen1	
繏	sʲwen3	
繐	ʁwej3	
繐	sʲwej3	
繑	kʲʰew1	
繒	dzʲɨŋ1	
繓	tswɑt4	
織	tɕi3	
織	tɕɨk4	
繕	dʑen3	
繖	sɑn2	
繖	sɑn3	
繗	lˠin1	
繘	kʲwit4	
繘	jwit4	
繙	vən1	
繙	fʰən1	
繚	lew1	
繚	lew2	
繚	lˠew2	
繛	tɕʰɑk4	
繜	tswən1	
繞	ɲew2	
繞	ɲew3	
繟	dɑn1	
繟	tɕʰen2	
繠	ɲwie2	
繠	ɲwi2	
繡	sʲɨw3	
繢	ʁwəj3	
繣	ʁwaj3	
繣	χwak4	
繣	ʁwa3	新
繤	tswɑn2	
繩	ʑɨŋ1	
繪	ʁwɑj3	
繫	qej3	
繫	ʁej3	
繬	ʂɨk4	
繭	qen2	
繮	kˠɑŋ1	
繯	ʁwen2	
繯	ʁwan3	
繯	ʁwen3	新
繰	sɑw1	
繰	tsɑw2	
繲	qaj3	
繳	qew2	
繳	tɕɑk4	
繳	ʁak4	
繴	bak4	
繴	pek4	
繵	dɑn2	
繵	dɑn3	新
繶	ʔˠɨk4	
繹	jak4	
繻	ɲu1	
繻	sʲu1	
繼	qej3	
繽	pʲʰin1	
繾	kʲʰen2	
繾	kʲʰen3	
纀	pɨwk4	
纁	xˠun1	
纂	tswɑn2	
纅	jɑk4	
纆	mɨk4	
纇	lwəj3	
纈	ʁet4	
纊	qʰwɑŋ3	
纋	ʔˠɨw1	
續	zʲuk4	
纍	lˠwi1	
纍	lˠwi3	
纏	ɖˠen1	
纏	ɖˠen3	
纑	lu1	
纓	ʔʲaŋ1	
纔	dzəj1	
纔	ʂam1	
纔	dzəj3	
纕	sʲɑŋ1	
纖	sʲem1	
纗	tsʲwie1	
纗	ʁwej1	
纗	jwie3	
纗	ʁwaj3	
纗	ʁwa3	新
纘	tswɑn2	
纚	ʂie2	
纛	dɑw3	
纛	duk4	
纜	lɑm3	
纝	lˠwi1	
缶	fɨw2	
缶	fu2	新
缸	ʁawŋ1	
缹	fɨw2	
缺	qʰwet4	
缺	kʲʰwet4	
缾	beŋ1	
缿	ʁawŋ2	
缿	ʁawŋ3	新
罃	ʔaŋ1	
罄	qʰeŋ3	
罅	χa3	
罇	tswən1	
罊	qʰej3	
罊	qʰak4	
罋	ʔˠuŋ1	
罋	ʔɨwŋ3	
罌	ʔaŋ1	
罍	lwəj1	
罏	lu1	
罐	qwɑn3	
网	ɱɑŋ2	
罔	ɱɑŋ2	
罘	vɨw1	
罘	vu1	新
罛	qu1	
罜	tɕu3	
罜	dɨwk4	
罝	tsʲa1	
罞	mɨwŋ1	
罞	maw1	
罟	qu2	
罠	mˠin1	
罣	qwej3	
罣	qwaj3	
罣	ʁwaj3	
罣	qwa3	新
罣	ʁwa3	新
罤	dej1	
罥	qwen2	
罥	qwen3	
罦	fʰu1	
罦	vɨw1	
罦	vu1	新
罧	sʲim2	
罧	ʂim3	
罨	ʔˠem2	
罨	ʔɑp4	
罨	ʔˠəp4	
罩	ʈaw3	
罪	dzwəj2	
罪	dzwəj3	新
罬	ʈˠwet4	
罬	kˠwet4	
罭	ɰwɨk4	
置	ʈˠi3	
罯	ʔɑm2	
罯	ʔɑp4	
罰	vət4	
罱	lɑm2	
署	dʑɨ3	
罳	sʲi1	
罵	ma2	
罵	ma3	
罶	lˠɨw2	
罷	bˠie1	
罷	bˠie2	
罷	baj2	
罷	ba2	新
罷	bˠie3	新
罷	ba3	新
罹	lˠie1	
罺	tʂaw1	
罺	tʂʰaw3	
罻	ʔˠuj3	
罼	pʲit4	
罽	kˠej3	
罾	tsɨŋ1	
罿	dɨwŋ1	
罿	tɕʰuŋ1	
羂	qwen2	
羃	mek4	
羅	lɑ1	
羆	pˠie1	
羇	kˠie1	
羈	kˠie1	
羉	lwɑn1	
羊	jɑŋ1	
羋	mʲie2	
羌	kˠʰɑŋ1	
羍	tʰɑt4	
美	mˠi2	
羑	jɨw2	
羒	vun1	
羔	qɑw1	
羕	jɑŋ3	
羖	qu2	
羚	leŋ1	
羛	xˠie1	
羛	ŋˠie2	
羜	ɖˠɨ2	
羜	ɖˠɨ3	新
羝	tej1	
羞	sʲɨw1	
羠	ji1	
羠	zʲi2	
羠	zʲi3	新
羣	ɡˠun1	
羥	qʰan1	
羥	qʰaŋ1	
羨	ji1	
羨	zʲen3	
羨	jen3	
義	ŋˠie3	
羫	qʰawŋ1	
羬	ɡˠem1	
羬	ɴam1	
羭	ju1	
羯	kˠət4	
羱	ŋˠwən1	
羱	ɴwɑn1	
羲	xˠie1	
羳	vən1	
羴	χan1	
羵	vun1	
羶	ɕen1	
羷	lˠem2	
羸	lˠwie1	
羹	qaŋ1	
羺	nɨw1	
羻	kˠʰɑŋ3	
羼	tʂʰan2	
羼	tʂʰan3	
羽	ɰu2	
羽	ɰu3	
羾	qɨwŋ3	
羿	ɴej3	
翀	ɖˠɨwŋ1	
翁	ʔɨwŋ1	
翃	ʁwaŋ1	
翄	ɡʲie1	
翄	ɕie3	
翅	ɕie3	
翇	fut4	
翈	ʁap4	
翉	pʰən2	
翊	jɨk4	
翌	jɨk4	
翍	pˠʰie1	
翎	leŋ1	
翏	lew1	
翏	lˠɨw3	
翐	ɖˠit4	
習	zʲip4	
翓	ʁet4	
翔	zʲɑŋ1	
翕	xˠip4	
翖	xˠip4	
翛	sew1	
翛	ɕɨwk4	
翜	ʂip4	
翜	ʂap4	
翟	ɖak4	
翟	dek4	
翠	tsʲʰwi3	
翡	vuj3	
翢	tʰɑw1	
翢	dɑw1	
翣	ʂap4	
翥	tɕɨ3	
翦	tsʲen2	
翧	xˠwən1	
翨	ɕie3	
翨	kʲie3	
翩	pʲʰen1	
翪	tsɨwŋ1	
翪	tsɨwŋ2	
翫	ɴwɑn3	
翬	xˠuj1	
翭	ʁɨw1	
翮	ʁak4	
翯	ʁuk4	
翯	ʁawk4	
翯	χawk4	
翰	ʁɑn1	
翰	ʁɑn3	
翱	ɴɑw1	
翲	pʲʰew1	
翲	pʲʰew3	
翳	ʔej1	
翳	ʔej3	
翴	lˠen1	
翵	ɡˠu1	
翵	ʁɨw1	
翷	lˠin1	
翹	ɡʲew1	
翹	ɡʲew3	
翻	fʰən1	
翼	jɨk4	
翽	χwɑj3	
翾	xʲwen1	
翿	dɑw1	
翿	dɑw3	
耀	jew3	
老	lɑw2	
考	qʰɑw2	
耄	mɑw3	
者	tɕa2	
耆	ɡʲi1	
耇	qɨw2	
耋	det4	
而	ɲi1	
耎	ɲwen2	
耏	ɲi1	
耏	nəj3	
耐	nəj3	
耑	twɑn1	
耒	lˠwi2	
耒	lwəj3	
耔	tsʲi2	
耕	qaŋ1	
耖	tʂʰaw3	
耘	ɰun1	
耚	pˠʰie1	
耜	zʲi2	
耜	zʲi3	新
耠	ʁɑp4	
耡	dʐɨ1	
耡	dʐɨ3	
耣	lˠwin2	
耤	dzʲak4	
耦	ɴɨw2	
耨	nɨw3	
耨	nuk4	
耩	qawŋ2	
耫	dʐat4	
耫	dʐak4	
耬	lɨw1	
耰	ʔˠɨw1	
耳	ɲi2	
耴	ŋˠit4	
耴	ʈˠep4	
耵	teŋ2	
耶	ja1	
耷	tɑp4	
耹	ɡˠim1	
耺	ɰun1	
耽	tɑm1	
耽	tɑm2	
耾	ʁwaŋ1	
耿	qaŋ2	
聃	tʰɑm1	
聅	dɑn1	
聅	ʈˠʰet4	
聆	leŋ1	
聉	tʰwəj2	
聉	ŋˠit4	
聉	ʈwat4	
聉	ɴwat4	
聊	lew1	
聎	tʰew1	
聐	ɴat4	
聑	tep4	
聒	qwɑt4	
聖	ɕaŋ3	
聘	pʲʰaŋ3	
聙	tsʲaŋ1	
聚	dzʲu2	
聚	dzʲu3	
聝	qwak4	
聞	ɱun1	
聞	ɱun3	
聤	deŋ1	
聥	ɰu2	
聥	kˠu2	
聧	qʰwej1	
聭	kˠwi3	
聮	lˠen1	
聰	tsʰɨwŋ1	
聱	ɴaw1	
聱	ɴɑw1	
聱	ŋʲɨw1	
聲	ɕaŋ1	
聳	sʲuŋ2	
聵	ɴwaj3	
聶	ɳˠep4	
職	tɕɨk4	
聸	tɑm1	
聹	neŋ1	
聹	neŋ2	
聻	ɳˠi2	
聽	tʰeŋ1	
聽	tʰeŋ3	
聾	lɨwŋ1	
聿	jwit4	
肁	ɖˠew2	
肁	ɖˠew3	新
肂	sʲi3	
肄	ji3	
肅	sʲɨwk4	
肆	sʲi3	
肈	ɖˠew2	
肈	ɖˠew3	新
肉	ɲɨwk4	
肊	ʔˠɨk4	
肋	lɨk4	
肌	kˠi1	
肍	ɡˠɨw1	
肎	qʰɨŋ2	
肑	pawk4	
肑	tek4	
肒	ʁwɑn3	
肓	χwɑŋ1	
肔	jie2	
肕	ɲin3	
肖	sʲew3	
肗	ɲɨ2	
肘	ʈˠɨw2	
肙	ʔwen3	
肚	du2	
肚	tu2	
肚	du3	新
肛	qawŋ1	
肛	χawŋ1	
肜	jɨwŋ1	
肝	qɑn1	
股	qu2	
肢	tɕie1	
肣	ʁɑm1	
肣	ʁɑm2	
肣	ʁɑm3	新
肤	fu1	
肥	vuj1	
肦	vun1	
肦	pan1	
肧	pʰəj1	
肧	fʰɨw1	
肨	pʰawŋ3	
肩	qen1	
肪	vɑŋ1	
肪	fɑŋ1	
肫	tɕwin1	
肬	ɰɨw1	
肭	nwət4	
肭	ɳwat4	
肮	ʁɑŋ1	
肯	qʰɨŋ2	
肰	ɲen1	
肱	qwɨŋ1	
育	jɨwk4	
肴	ʁaw1	
肶	bʲi1	
肸	xˠit4	
肸	xˠɨt4	
肺	fʰəj3	
胂	ʈˠʰin1	
胂	ɕin1	
胃	ɰuj3	
胄	ɖˠɨw3	
胅	det4	
胆	dɑn1	
胇	bˠit4	
胈	bɑt4	
胉	pʰɑk4	
胊	ɡˠu1	
背	bəj3	
背	pəj3	
胍	qu1	
胎	tʰəj1	
胏	tʂi2	
胐	qʰwət4	
胑	tɕie1	
胓	bˠaŋ1	
胔	dzʲie1	
胔	tsʲʰie1	
胔	dzʲie3	
胕	vu3	
胖	pʰɑn3	
胗	tɕin2	
胗	kʲin2	
胘	ʁen1	
胘	ʁwen1	
胙	dzu3	
胛	qap4	
胜	seŋ1	
胝	ʈˠi1	
胞	paw1	
胞	pʰaw1	
胟	mɨw2	
胠	kˠʰɨ1	
胠	kˠʰɨ3	
胠	kˠʰəp4	
胡	ʁu1	
胤	jin3	
胥	sʲɨ1	
胥	sʲɨ2	
胦	ʔawŋ1	
胦	ʔˠɑŋ1	
胭	ʔen1	
胮	pʰawŋ1	
胮	bawŋ1	
胯	qʰwa1	
胯	qʰu3	
胯	qʰwa3	
胰	ji1	
胱	qwɑŋ1	
胲	qəj1	
胳	qɑk4	
胴	dɨwŋ3	
胵	tɕʰi1	
胷	xˠuŋ1	
胹	ɲi1	
胺	ʔɑt4	
胻	ʁɑŋ1	
胻	ʁaŋ1	
胻	ʁaŋ3	
胼	ben1	
能	nəj1	
能	nɨŋ1	
能	nɨŋ2	
能	nəj3	
胾	tʂi3	
胿	ʁej1	
胿	qwej1	
脀	tɕɨŋ1	
脁	ʈˠʰew3	
脂	tɕi1	
脃	tsʲʰwej3	
脄	məj1	
脄	məj3	
脅	xˠəm3	
脅	xˠəp4	
脆	tsʲʰwej3	
脉	mak4	
脊	tsʲak4	
脕	ɱən2	
脕	ɱun3	
脕	ɱən3	
脖	bət4	
脗	mʲin2	
脘	qwɑn2	
脙	xˠɨw1	
脙	ɡˠɨw1	
脚	kˠɑk4	
脛	ʁeŋ2	
脛	ʁeŋ3	
脝	χaŋ1	
脞	tsʰwɑ1	
脞	tsʰwɑ2	
脟	lˠwen2	
脟	lˠwet4	
脠	ɕen1	
脠	ʈˠʰen1	
脡	tʰeŋ2	
脢	məj1	
脢	məj3	
脣	ʑwin1	
脤	dʑin2	
脤	dʑin3	新
脥	kʲʰem2	
脧	tswəj1	
脧	tsʲwen1	
脩	sʲɨw1	
脪	ʈˠʰi1	
脪	xˠin2	
脪	xˠɨn3	
脫	dwɑt4	
脫	tʰwɑt4	
脬	pʰaw1	
脮	tʰwəj2	
脮	nwəj2	
脯	fu2	
脰	dɨw3	
脹	ʈˠɑŋ3	
脼	lˠɑŋ2	
脽	dʑwi1	
脾	bʲie1	
腃	kˠʰwi3	
腄	ʈˠwie1	
腄	ɰɨw1	
腄	ɖˠwie3	
腅	dɑm3	
腆	tʰen2	
腊	sʲak4	
腋	jak4	
腌	ʔˠəm1	
腌	ʔˠep4	
腌	ʔˠəp4	
腍	ɲim2	
腎	dʑin2	
腎	dʑin3	新
腏	ʈˠwej3	
腏	twɑt4	
腏	ʈˠwet4	
腐	vu2	
腐	vu3	新
腑	fu2	
腒	kˠɨ1	
腒	ɡˠɨ1	
腓	vuj1	
腓	vuj3	
腔	qʰawŋ1	
腕	ʔwɑn3	
腛	ʔawk4	
腜	məj1	
腝	ɲwen2	
腝	nwən3	
腝	nɑw3	
腠	tsʰɨw3	
腡	qwaj1	
腡	lwɑ1	
腡	qwa1	新
腣	tej1	
腣	tej3	
腤	ʔɑm1	
腥	seŋ1	
腥	seŋ3	
腦	nɑw2	
腦	nɑw3	
腧	ɕu3	
腨	dʑwen2	
腨	dʑwen3	新
腩	nɑm2	
腫	tɕuŋ2	
腬	ɲɨw1	
腬	ɳˠɨw3	
腯	dwət4	
腰	ʔʲew1	
腱	kˠən1	
腱	ɡˠən3	
腲	ʔwəj2	
腳	kˠɑk4	
腴	ju1	
腶	twɑn3	
腷	bˠɨk4	
腸	ɖˠɑŋ1	
腹	fɨwk4	
腿	tʰwəj2	
膀	bɑŋ1	
膁	qʰem2	
膂	lˠɨ2	
膃	ʔwət4	
膆	su3	
膇	ɖˠwie3	
膈	qak4	
膉	ʔʲak4	
膊	pʰɑk4	
膋	lew1	
膌	dzʲak4	
膍	bʲi1	
膍	bej1	
膎	ʁaj1	
膏	qɑw1	
膏	qɑw3	
膒	ʔɨw1	
膕	qwak4	
膗	dʐwaj1	
膘	bʲew2	
膘	pʲʰew2	
膘	tsʲew2	
膘	bʲew3	新
膙	kˠɑŋ2	
膚	fu1	
膜	mu1	
膜	mɑk4	
膝	sʲit4	
膞	tɕwen1	
膞	dʑwen2	
膞	tɕwen2	
膞	dʑwen3	新
膟	lˠwit4	
膠	qaw1	
膠	qaw3	
膡	jɨŋ3	
膡	ɕɨŋ3	
膢	lˠu1	
膢	lɨw1	
膦	lˠen2	
膨	baŋ1	
膨	baŋ3	
膩	ɳˠi3	
膪	ʈaj3	
膪	ʈa3	
膫	lew1	
膫	lˠew3	
膬	tsʲʰwej3	
膬	tsʲʰwet4	
膭	qwəj1	
膭	ʁwəj3	
膮	χew1	
膮	χew2	
膯	tʰɨŋ1	
膰	vən1	
膱	tɕɨk4	
膲	tsʲew1	
膳	dʑen3	
膴	ɱu1	
膴	χu1	
膴	ɱu2	
膷	xˠɑŋ1	
膹	vuj2	
膹	vun2	
膹	vuj3	新
膹	vun3	新
膺	ʔˠɨŋ1	
膻	dɑn2	
膻	dɑn3	新
膼	ʈwa1	
膽	tɑm2	
膾	qwɑj3	
膿	nuŋ1	
臀	dwən1	
臂	pʲie3	
臄	ɡˠɑk4	
臅	tɕʰuk4	
臆	ʔˠɨk4	
臇	tsʲwie1	
臇	tsʲwen2	
臈	lɑp4	
臉	tsʲʰem1	
臉	lam2	
臊	sɑw1	
臍	dzej1	
臎	tsʲwi2	
臎	tsʲʰwi3	
臏	bʲin2	
臏	bʲin3	新
臐	xˠun1	
臐	xˠun3	
臑	ɲu1	
臒	ʔˠwɑk4	
臒	ʔwɑk4	
臔	ʁen2	
臔	ʁen3	新
臕	pˠew1	
臖	xˠɨŋ3	
臗	qʰwən1	
臘	lɑp4	
臚	lˠɨ1	
臛	χuk4	
臝	lwɑ2	
臞	ɡˠu1	
臞	ɡˠu3	
臠	lwɑn1	
臠	lˠwen2	
臡	nej1	
臡	ɲej1	
臡	nɑ1	
臣	dʑin1	
臤	qʰɑn1	
臤	qʰan1	
臤	ʁen1	
臤	kʲʰin3	
臥	ɴwɑ3	
臦	kˠwɑŋ3	
臧	tsɑŋ1	
臨	lˠim1	
臨	lˠim3	
臩	kˠwɑŋ2	
臩	kˠwaŋ2	
自	dzʲi3	
臬	ɴet4	
臭	tɕʰɨw3	
臮	ɡˠi3	
臱	mʲen1	
臲	ɴet4	
至	tɕi3	
致	ʈˠi3	
臶	dzwən3	
臶	dzen3	
臸	tɕi1	
臸	ɲit4	
臺	dəj1	
臻	tʂin1	
臼	ɡˠɨw2	
臼	ɡˠɨw3	新
臽	qʰɑm2	
臽	ʁam3	
臾	ju1	
臾	ɡˠwi3	
臿	tʂʰap4	
舀	ju1	
舀	jɨw1	
舀	jew2	
舁	jɨ1	
舂	ɕuŋ1	
舄	tsʲʰɑk4	
舄	sʲak4	
舅	ɡˠɨw2	
舅	ɡˠɨw3	新
與	jɨ1	
與	jɨ2	
與	jɨ3	
興	xˠɨŋ1	
興	xˠɨŋ3	
舉	kˠɨ2	
舊	ɡˠɨw3	
舋	xˠin3	
舌	ʁwat4	
舌	ʑet4	
舍	ɕa2	
舍	ɕa3	
舐	ʑie2	
舐	ʑie3	新
舑	tʰɑm1	
舑	ɲem1	
舒	ɕɨ1	
舓	ʑie2	
舓	ʑie3	新
舕	tʰɑm3	
舚	tʰem1	
舚	tʰem3	
舛	tɕʰwen2	
舜	ɕwin3	
舝	ʁat4	
舞	ɱu2	
舟	tɕɨw1	
舠	tɑw1	
舡	χawŋ1	
舥	pʰa1	
舩	ʑwen1	
航	ʁɑŋ1	
舫	fɑŋ3	
舫	pɑŋ3	
般	bɑn1	
般	pɑn1	
般	pan1	
舲	leŋ1	
舳	ɖˠɨwk4	
舴	ʈak4	
舴	tʂak4	
舵	dɑ2	
舵	dɑ3	新
舶	bak4	
舷	ʁen1	
舸	qɑ2	
船	ʑwen1	
舼	ɡˠuŋ1	
舽	bawŋ1	
艀	vɨw1	
艁	dzɑw2	
艁	tsʰɑw3	
艁	dzɑw3	新
艃	lˠi1	
艅	jɨ1	
艆	lɑŋ1	
艇	deŋ2	
艇	deŋ3	新
艋	maŋ2	
艎	ʁwɑŋ1	
艐	tsɨwŋ1	
艐	qaj3	
艐	qʰɑ3	
艑	ben2	
艑	ben3	新
艒	mɨwk4	
艒	muk4	
艒	mɨk4	
艖	dzɑ1	
艖	tʂʰa1	
艗	ɴek4	
艘	sew1	
艘	sɑw1	
艚	dzɑw1	
艛	lɨw1	
艜	tɑj3	
艞	jew3	
艟	tɕʰuŋ1	
艟	ɖawŋ3	
艣	lu2	
艤	ŋˠie2	
艦	ʁam2	
艦	ʁam3	新
艨	mɨwŋ1	
艨	mɨwŋ3	
艫	lu1	
艬	dʐam1	
艬	dʐam3	
艭	ʂawŋ1	
艮	qən3	
良	lˠɑŋ1	
艱	qan1	
色	ʂɨk4	
艴	fʰut4	
艴	bət4	
艵	pʰeŋ1	
艷	jem3	
艸	tsʰɑw2	
艻	lɨk4	
艼	tʰeŋ1	
艼	tʰeŋ2	
艽	ɡˠwi1	
艽	ɡˠɨw1	
艾	ɴɑj3	
艾	ŋˠəj3	
艿	ɲɨŋ1	
芀	tew1	
芀	dew1	
芃	vɨwŋ1	
芃	bɨwŋ1	
芄	ʁwɑn1	
芅	jɨk4	
芆	tʂʰaj1	
芇	mɑn1	
芇	mʲen1	
芇	men2	
芊	tsʰen1	
芊	tsʰen3	
芋	ɰu1	
芋	ɰu3	
芍	ʁew2	
芍	dʑɑk4	
芍	tsʲʰɑk4	
芍	ʈˠɑk4	
芍	tek4	
芍	ʁew3	新
芎	kˠʰɨwŋ1	
芏	tʰu2	
芐	ʁu2	
芐	ʁa3	
芐	ʁu3	新
芑	kˠʰi2	
芒	ɱɑŋ1	
芒	mɑŋ1	
芓	dzʲi3	
芔	xˠuj3	
芘	bʲi1	
芘	bʲi3	
芙	vu1	
芚	dwən1	
芛	jwie2	
芛	jwit4	
芝	tɕi1	
芟	ʂam1	
芡	ɡˠem2	
芡	ɡˠem3	新
芣	vɨw1	
芥	qaj3	
芧	ɖˠɨ2	
芧	ɖˠɨ3	新
芨	kˠip4	
芩	ɡˠim1	
芪	ɡʲie1	
芫	ŋˠwən1	
芬	fʰun1	
芭	pa1	
芮	ɲwej3	
芰	ɡˠie3	
花	χwa1	
芳	fʰɑŋ1	
芴	ɱut4	
芵	qwet4	
芷	tɕi2	
芸	ɰun1	
芹	ɡˠɨn1	
芺	ʔˠew2	
芺	ʔɑw2	
芻	tʂʰu1	
芼	mɑw1	
芼	mɑw3	
芽	ɴa1	
芾	fuj3	
芾	pɑj3	
芾	fut4	
芿	ɲɨŋ3	
苀	qɑŋ1	
苀	ʁɑŋ1	
苑	ʔˠwən2	
苒	ɲem2	
苓	leŋ1	
苔	dəj1	
苕	dew1	
苖	ʈˠʰɨwk4	
苖	dek4	
苗	mˠew1	
苘	kʲʰwaŋ2	
苘	qʰweŋ2	
苙	ɡˠip4	
苙	lˠip4	
苛	ʁɑ1	
苜	mɨwk4	
苝	bəj3	
苞	paw1	
苟	qɨw2	
苡	ji2	
苢	ji2	
苣	ɡˠɨ2	
苣	ɡˠɨ3	新
若	ɲa1	
若	ɲa2	
若	ɲɑk4	
苦	qʰu2	
苦	qʰu3	
苧	ɖˠɨ2	
苧	ɖˠɨ3	新
苨	nej2	
苪	pˠaŋ2	
苫	ɕem1	
苫	ɕem3	
苬	zʲɨw1	
苭	ʔew2	
苮	sʲen1	
苯	pən2	
苰	ʁwɨŋ1	
英	ʔˠaŋ1	
苳	tuŋ1	
苴	tsʲʰɨ1	
苴	tsʲɨ1	
苴	dʐa1	
苴	tsʲɨ2	
苵	det4	
苶	net4	
苶	ɲet4	
苶	nep4	
苷	qɑm1	
苸	χu1	
苹	bˠaŋ1	
苺	mɨw3	
苻	vu1	
苽	qu1	
苾	bʲit4	
苾	bet4	
茀	fuj3	
茀	fʰut4	
茁	ʈˠwit4	
茁	tʂwat4	
茁	tʂwet4	
茂	mɨw3	
茂	mu3	新
范	vəm2	
范	vəm3	新
茄	ɡˠɑ1	
茄	qa1	
茅	maw1	
茆	maw2	
茆	lˠɨw2	
茇	pɑt4	
茇	bɑt4	
茈	dzʲie1	
茈	dʐaj1	
茈	tsʲie2	
茋	tɕi2	
茍	kˠɨk4	
茖	qak4	
茗	meŋ2	
茙	ɲɨwŋ1	
茛	qən3	
茜	tsʰen3	
茝	tɕi2	
茝	tɕʰəj2	
茞	dʑin1	
茠	χɑw1	
茡	dzʲi3	
茢	lˠet4	
茥	qwej1	
茥	qʰwej1	
茨	dzʲi1	
茩	qɨw2	
茪	qwɑŋ1	
茫	mɑŋ1	
茬	tʂi1	
茬	dʐi1	
茭	qaw1	
茮	tsʲew1	
茯	vɨwk4	
茱	dʑu1	
茳	qawŋ1	
茴	ʁwəj1	
茵	ʔʲin1	
茶	ɖa1	
茷	pɑj3	
茷	vəj3	
茷	vət4	
茸	ɲuŋ1	
茹	ɲɨ1	
茹	ɲɨ2	
茹	ɲɨ3	
茺	tɕʰɨwŋ1	
茻	mɑŋ2	
茿	ʈˠɨwk4	
荀	sʲwin1	
荁	ʁwɑn1	
荂	xˠu1	
荂	fʰu1	
荃	tsʲʰwen1	
荄	qaj1	
荄	qəj1	
荅	tɑp4	
荇	ʁaŋ2	
荇	ʁaŋ3	新
荈	tɕʰwen2	
草	tsʰɑw2	
荊	kˠaŋ1	
荌	ʔɑn3	
荍	ɡʲew1	
荎	ɖˠi1	
荎	det4	
荏	ɲim2	
荐	dzen3	
荑	ji1	
荑	dej1	
荒	χwɑŋ1	
荒	χwɑŋ3	
荓	beŋ1	
荔	lˠie3	
荔	lej3	
荰	du2	
荰	du3	新
荲	xˠɨwk4	
荲	ʈˠʰɨwk4	
荲	ʈˠʰɨk4	
荳	dɨw3	
荵	ɲin2	
荶	ŋˠim1	
荷	ʁɑ1	
荷	ʁɑ2	
荷	ʁɑ3	新
荹	bu1	
荹	bu3	
荺	ɰwin1	
荺	ɰwin2	
荻	dek4	
荼	du1	
荼	ʑa1	
荼	ɖa1	
荽	sʲwi1	
荾	sʲwi1	
莁	ɱu1	
莂	pˠet4	
莃	xˠɨj1	
莅	lˠi3	
莆	fu2	
莈	mət4	
莉	ɖˠi1	
莉	lej1	
莊	tʂɑŋ1	
莋	dzɑk4	
莌	dwɑt4	
莌	tʰwɑt4	
莍	ɡˠɨw1	
莎	swɑ1	
莏	swɑ1	
莐	ɖˠim1	
莑	fʰuŋ1	
莒	kˠɨ2	
莓	məj1	
莓	məj3	
莓	mɨw3	
莔	maŋ1	
莔	xˠɨt4	
莕	ʁaŋ2	
莕	ʁaŋ3	新
莖	ʁaŋ1	
莖	ʔaŋ1	
莘	ʂin1	
莙	kˠwin1	
莙	kˠun1	
莙	ɡˠwin2	
莙	ɡˠwin3	新
莚	jen1	
莚	jen3	
莛	deŋ1	
莛	deŋ2	
莛	deŋ3	新
莜	dew3	
莝	tsʰwɑ3	
莞	ʁwɑn1	
莞	qwɑn1	
莞	ʁwan2	
莞	ʁwan3	新
莟	ʁɑm2	
莟	ʁɑm3	
莠	jɨw2	
莡	tsʰɑk4	
莢	qep4	
莣	ɱɑŋ1	
莤	ʂɨwk4	
莥	ɳˠɨw2	
莦	sʲew1	
莦	ʂaw1	
莧	ʁan3	
莨	lɑŋ1	
莩	fʰu1	
莩	bˠew2	
莩	bˠew3	新
莪	ɴɑ1	
莫	mɑk4	
莬	ɱun3	
莽	mu2	
莽	mɑŋ2	
莽	mɨw2	
莿	tsʲʰie3	
菀	ʔˠwən2	
菀	ʔˠut4	
菁	tsʲaŋ1	
菄	tɨwŋ1	
菅	qan1	
菆	dzwɑn1	
菆	tʂɨw1	
菆	tʂʰu3	
菈	lɑp4	
菉	lˠuk4	
菊	kˠɨwk4	
菋	ɱuj3	
菌	ɡˠwin2	
菌	ɡˠwən2	
菌	ɡˠwin3	新
菌	ɡˠwən3	新
菍	net4	
菍	nep4	
菎	qwən1	
菏	ʁɑ1	
菐	bɨwk4	
菐	fɨwk4	
菑	tʂi1	
菑	tsəj1	
菒	qɑw2	
菓	qwɑ2	
菔	vɨwk4	
菔	bɨk4	
菕	lwən1	
菖	tɕʰɑŋ1	
菗	ɖˠɨw1	
菘	sʲɨwŋ1	
菙	dʑwie2	
菙	dʑwie3	新
菜	tsʰəj3	
菝	bɑt4	
菝	bat4	
菟	du1	
菟	tʰu3	
菡	ʁɑm2	
菡	ʁɑm3	新
菢	bɑw3	
菣	kʲʰin3	
菣	qʰen3	
菤	kˠwen2	
菥	sʲie1	
菥	sek4	
菦	kˠɨn2	
菨	tsʲep4	
菩	bu1	
菩	bəj2	
菩	vɨw2	
菩	bɨk4	
菩	bəj3	新
菩	vɨw3	新
菬	dzʲew1	
菬	tɕew2	
菭	ɖˠi1	
菭	dəj1	
華	ʁwa1	
華	χwa1	
華	ʁwa3	
菰	qu1	
菱	lˠɨŋ1	
菲	fʰuj1	
菲	fʰuj2	
菲	vuj3	
菳	kˠʰim1	
菴	ʔɑm1	
菴	ʔˠem1	
菵	ɱɑŋ2	
菶	pɨwŋ2	
菶	bɨwŋ2	
菶	bɨwŋ3	新
菸	ʔˠɨ3	
菹	tʂɨ1	
菺	qen1	
菻	lˠim2	
菼	tʰɑm2	
菽	ɕɨwk4	
菾	dem1	
菿	tɑw3	
菿	ʈawk4	
萀	χu2	
萁	ɡˠi1	
萁	kˠi1	
萃	dzʲwi3	
萄	dɑw1	
萆	bʲak4	
萇	ɖˠɑŋ1	
萈	ʁwɑn1	
萉	vun1	
萉	vuj3	
萊	ləj1	
萊	ləj3	
萋	tsʰej1	
萌	maŋ1	
萍	beŋ1	
萎	ʔˠwie1	
萎	ʔˠwie3	
萏	dɑm2	
萏	dɑm3	新
萐	ʂep4	
萐	ʂap4	
萑	tɕwi1	
萩	tsʲʰɨw1	
萪	qʰwɑ1	
萫	xˠɑŋ3	
萬	ɱən3	
萭	ɰu2	
萭	kˠu2	
萮	ju1	
萯	vɨw2	
萯	vɨw3	新
萰	len3	
萱	xˠwən1	
萳	nɑm2	
萴	dʐɨk4	
萴	tʂɨk4	
萸	ju1	
萹	pen1	
萹	pʲʰen1	
萹	pen2	
萺	mɨwk4	
萺	muk4	
萼	ɴɑk4	
落	lɑk4	
萿	qwɑt4	
葀	qwɑt4	
葃	dzɑk4	
葃	dʐak4	
葃	dzʲak4	
葆	pɑw2	
葇	ɲɨw1	
葇	ɲɨw2	
葉	jep4	
葉	ɕep4	
葋	ɡˠu1	
葌	qan1	
葍	fɨwk4	
葎	lˠwit4	
葏	tsʲen1	
葐	vun1	
葐	bən1	
葑	fuŋ1	
葑	fuŋ3	
葒	ʁɨwŋ1	
葓	ʁɨwŋ1	
葔	ʁɨw1	
葖	dwət4	
著	ɖˠɨ1	
著	ʈˠɨ2	
著	ʈˠɨ3	
著	ʈˠɑk4	
著	ɖˠɑk4	
葙	sʲɑŋ1	
葚	ʑim2	
葚	ʑim3	新
葛	qɑt4	
葝	ɡˠaŋ1	
葝	ɡʲaŋ1	
葞	mʲie2	
葟	ʁwɑŋ1	
董	tɨwŋ2	
葤	ɖˠɨw2	
葤	ɖˠɨw3	新
葥	tsʲen3	
葦	ɰuj2	
葨	ʔwəj1	
葩	pʰa1	
葫	ʁu1	
葫	χu1	
葬	tsɑŋ3	
葭	qa1	
葯	ʔawk4	
葯	ʔˠɑk4	
葰	sʲwi1	
葰	swɑ2	
葰	ʂwa2	
葲	dzʲwen1	
葳	ʔˠuj1	
葴	tɕim1	
葵	ɡʲwi1	
葶	deŋ1	
葶	teŋ2	
葷	xˠun1	
葸	sʲi2	
葹	ɕie1	
葺	tsʲʰip4	
葺	tsʲip4	
葻	lɑm1	
葼	tsɨwŋ1	
葽	ʔew1	
葽	ʔʲew1	
葽	ʔew2	
葽	ʔʲew3	
葾	ʔˠwən1	
葿	mˠi1	
蒁	ɰwit4	
蒐	ʂɨw1	
蒒	ʂi1	
蒓	dʑwin1	
蒔	dʑi1	
蒔	dʑi3	
蒕	ʔˠun1	
蒖	tɕin1	
蒗	lɑŋ3	
蒘	ɳˠɨ1	
蒘	ɳa1	
蒙	mɨwŋ1	
蒚	ʁak4	
蒚	lek4	
蒛	kʲʰwet4	
蒜	swɑn3	
蒝	ŋˠwən1	
蒟	kˠu2	
蒟	kˠu3	
蒠	sʲɨk4	
蒡	baŋ1	
蒡	pɑŋ2	
蒢	ɖˠɨ1	
蒤	du1	
蒥	lˠɨw1	
蒨	tsʰen3	
蒩	tsʲʰɨ1	
蒩	tsu1	
蒩	tsu2	
蒪	pʰɑk4	
蒫	tsʲi1	
蒫	dzɑ1	
蒫	tsʲa1	
蒬	ʔˠwən1	
蒮	jɨwk4	
蒯	qʰwaj3	
蒱	bu1	
蒲	bu1	
蒳	nɑp4	
蒴	ʂawk4	
蒵	ʁej1	
蒵	ʁej3	
蒸	tɕɨŋ1	
蒹	qem1	
蒺	dzʲit4	
蒻	ɲɑk4	
蒼	tsʰɑŋ1	
蒼	tsʰɑŋ2	
蒿	χɑw1	
蓀	swən1	
蓁	tʂin1	
蓂	meŋ1	
蓂	mek4	
蓄	xˠɨwk4	
蓄	ʈˠʰɨwk4	
蓆	zʲak4	
蓇	qwət4	
蓈	lɑŋ1	
蓉	juŋ1	
蓊	ʔɨwŋ1	
蓊	ʔɨwŋ2	
蓋	qɑj3	
蓋	ʁɑp4	
蓋	qɑp4	
蓍	ɕi1	
蓎	dɑŋ1	
蓏	lwɑ2	
蓐	ɲuk4	
蓑	swəj1	
蓑	swɑ1	
蓒	xˠən1	
蓓	bəj2	
蓓	bəj3	新
蓖	pej1	
蓧	tʰew1	
蓧	dek4	
蓨	tʰek4	
蓩	mɑw2	
蓩	mɨwk4	
蓪	tʰɨwŋ1	
蓫	ɖˠɨwk4	
蓫	xˠɨwk4	
蓫	ʈˠʰɨwk4	
蓬	bɨwŋ1	
蓮	len1	
蓮	lˠen2	
蓯	tsɨwŋ2	
蓱	beŋ1	
蓲	ʔˠu1	
蓲	kˠʰɨw1	
蓲	ʔɨw1	
蓲	ʔˠu3	
蓴	dʑwin1	
蓶	jwi1	
蓶	jwi2	
蓷	tɕʰwi1	
蓷	tʰwəj1	
蓸	dzɑw1	
蓺	ŋʲej3	
蓻	tsʲip4	
蓼	lew2	
蓼	lˠɨwk4	
蓽	pʲit4	
蓾	lu2	
蓿	sʲɨwk4	
蔀	bɨw2	
蔀	pʰɨw2	
蔀	bɨw3	新
蔁	tɕɑŋ1	
蔄	man3	
蔄	lɨw3	
蔆	lˠɨŋ1	
蔇	kˠɨj3	
蔈	pʲew1	
蔉	qwən2	
蔊	χɑn2	
蔋	dek4	
蔌	sɨwk4	
蔍	lɨwk4	
蔎	ɕet4	
蔏	ɕɑŋ1	
蔑	met4	
蔓	mɑn1	
蔓	ɱən3	
蔔	bɨk4	
蔕	tej3	
蔖	dzɑ1	
蔖	tsʰu2	
蔗	tɕa3	
蔘	ʂim1	
蔘	sɑm1	
蔚	ʔˠuj3	
蔚	ʔˠut4	
蔛	ʁɨwk4	
蔜	ɴɑw1	
蔝	mej2	
蔞	lˠu1	
蔞	lɨw1	
蔞	lˠu2	
蔟	tsʰɨw3	
蔟	tsʰɨwk4	
蔠	tɕɨwŋ1	
蔡	tsʰɑj3	
蔢	bɑ1	
蔣	tsʲɑŋ1	
蔣	tsʲɑŋ2	
蔤	mˠit4	
蔥	tsʰɨwŋ1	
蔦	tew2	
蔦	tew3	
蔧	zʲwi3	
蔨	ɡˠwin2	
蔨	ɡˠwen2	
蔨	ɡˠwin3	新
蔨	ɡˠwen3	新
蔩	ji1	
蔩	jin1	
蔩	jen2	
蔪	dzʲem2	
蔪	dzʲem3	新
蔫	ʔˠən1	
蔫	ʔˠen1	
蔬	ʂɨ1	
蔭	ʔˠim3	
蔮	qwəj3	
蔱	ʂej3	
蔱	ʂat4	
蔻	χɨw3	
蔽	pʲej3	
蔾	lˠi1	
蔾	lej1	
蔿	ɰwie2	
蕀	kˠɨk4	
蕁	dɑm1	
蕂	ɕɨŋ3	
蕃	vən1	
蕃	fən1	
蕄	maŋ1	
蕄	mɨŋ1	
蕅	ɴɨw2	
蕆	ʈˠʰen2	
蕇	ten2	
蕈	dzʲim2	
蕈	dzʲim3	新
蕉	tsʲew1	
蕊	ɲwie2	
蕊	ɲwi2	
蕍	ju1	
蕎	kˠew1	
蕎	ɡˠew1	
蕒	maj2	
蕓	ɰun1	
蕕	jɨw1	
蕖	ɡˠɨ1	
蕘	ɲew1	
蕙	ʁwej3	
蕛	dej1	
蕝	tsʲwej3	
蕝	tsʲwet4	
蕞	dzwɑj3	
蕠	ɲɨ1	
蕡	vun1	
蕢	ɡˠwi3	
蕢	qʰwaj3	
蕣	ɕwin3	
蕤	ɲwi1	
蕦	sʲu1	
蕧	vɨwk4	
蕧	fʰɨwk4	
蕨	kˠwət4	
蕩	dɑŋ2	
蕩	tʰɑŋ3	
蕩	dɑŋ3	新
蕪	ɱu1	
蕫	dɨwŋ1	
蕫	tɨwŋ2	
蕬	sʲi1	
蕭	sew1	
蕮	sʲak4	
蕳	qan1	
蕵	swən1	
蕶	leŋ1	
蕷	jɨ3	
蕸	ʁa1	
蕺	tʂip4	
蕻	ʁɨwŋ3	
蕼	sʲi3	
蕾	lwəj2	
薀	ʔwən1	
薀	ʔˠun2	
薀	ʔˠun3	
薁	ʔˠɨwk4	
薂	ʁek4	
薃	ʁɑw2	
薃	ʁɑw3	新
薄	bɑk4	
薅	χɑw1	
薆	ʔəj3	
薇	mˠi1	
薇	ɱuj1	
薈	ʔwɑj3	
薉	ʔˠwəj3	
薊	qej3	
薋	dzʲi1	
薌	xˠɑŋ1	
薍	ɴwan3	
薏	ʔˠɨk4	
薑	kˠɑŋ1	
薒	tsʰɑn3	
薓	ʂim1	
薔	dzʲɑŋ1	
薔	ʂɨk4	
薕	lˠem1	
薕	lem1	
薖	qʰwɑ1	
薘	dɑt4	
薙	zʲi2	
薙	ɖˠi2	
薙	tʰej3	
薙	zʲi3	新
薙	ɖˠi3	新
薚	tʰɑŋ1	
薛	sʲet4	
薜	bej3	
薜	pak4	
薟	lˠem1	
薟	lˠem2	
薠	vən1	
薡	teŋ2	
薢	qaj1	
薢	qaj2	
薢	qaj3	
薤	ʁaj3	
薦	tsen3	
薧	χɑw1	
薧	qʰɑw2	
薨	χwɨŋ1	
薩	sɑt4	
薪	sʲin1	
薯	dʑɨ3	
薰	xˠun1	
薰	xˠun3	
薱	dwəj3	
薲	bʲin1	
薳	ɰwie2	
薴	ɳaŋ1	
薵	ɖˠɨw1	
薶	maj1	
薸	bʲew1	
薹	dəj1	
薺	dzʲi1	
薺	dzej2	
薺	dzej3	新
薻	tsɑw2	
薽	tɕin1	
薽	kʲen1	
薾	nej2	
薿	ŋˠi2	
薿	ŋˠɨk4	
藁	qɑw2	
藂	dzɨwŋ1	
藃	xˠew1	
藃	χaw1	
藃	χɑw3	
藄	ɡˠi1	
藅	vət4	
藆	kˠen2	
藇	jɨ1	
藇	sʲɨ1	
藇	jɨ2	
藇	zʲɨ2	
藇	jɨ3	
藇	zʲɨ3	新
藈	qʰwej1	
藉	dzʲa3	
藉	dzʲak4	
藋	dew3	
藍	lɑm1	
藎	dzʲin3	
藏	dzɑŋ1	
藏	dzɑŋ3	
藐	mʲew2	
藐	mawk4	
藑	ɡʲwaŋ1	
藒	kˠʰet4	
藕	ɴɨw2	
藖	ʁan1	
藖	ʁan3	
藗	sɨwk4	
藘	lˠɨ1	
藙	ŋˠɨj3	
藚	zʲuk4	
藜	lej1	
藝	ŋʲej3	
藞	la2	
藟	lˠwi2	
藣	pˠie1	
藣	pˠie3	
藤	dɨŋ1	
藥	jɑk4	
藨	pˠew1	
藨	pʰɑw1	
藨	bˠew2	
藨	bˠew3	新
藩	vən1	
藩	fən1	
藪	sɨw2	
藫	dɑm1	
藬	tʰwəj1	
藭	ɡˠɨwŋ1	
藶	lek4	
藷	tɕɨ1	
藷	dʑɨ3	
藸	ʈˠɨ1	
藸	ɖˠɨ1	
藹	ʔɑj3	
藺	lˠin3	
藻	tsɑw2	
藾	lɑj3	
藿	χwɑk4	
蘀	tʰɑk4	
蘂	ɲwie2	
蘄	ɡˠi1	
蘄	kˠɨj1	
蘄	ɡˠɨn1	
蘅	ʁaŋ1	
蘆	lˠɨ1	
蘆	lu1	
蘇	su1	
蘈	dwəj1	
蘉	mɑŋ1	
蘊	ʔˠun1	
蘊	ʔˠun2	
蘋	bʲin1	
蘌	ŋˠɨ2	
蘘	ɲɑŋ1	
蘙	ʔej3	
蘚	sʲen2	
蘛	ju1	
蘛	jɨwk4	
蘜	kˠɨwk4	
蘞	lˠem1	
蘞	xˠəm1	
蘞	lˠem2	
蘠	dzʲɑŋ1	
蘡	ʔʲaŋ1	
蘢	lɨwŋ1	
蘢	lˠuŋ1	
蘣	tʰɨw2	
蘤	ɰwie2	
蘥	jɑk4	
蘦	leŋ1	
蘧	ɡˠɨ1	
蘧	ɡˠu1	
蘨	jew1	
蘨	jɨw1	
蘩	vən1	
蘪	mˠi1	
蘫	lɑm1	
蘫	χɑm3	
蘬	kˠʰwi1	
蘬	kˠʰuj1	
蘬	kˠʰwi2	
蘭	lɑn1	
蘮	kˠej3	
蘱	lˠwi3	
蘱	lwəj3	
蘳	xʲwie1	
蘳	ʁwa2	
蘳	ʁwa3	新
蘴	fʰɨwŋ1	
蘴	fʰuŋ1	
蘸	tʂam3	
蘺	lˠie1	
蘻	qej3	
蘼	mˠie1	
蘼	mˠie2	
蘽	lˠwi2	
蘾	ʁwaj3	
蘿	lɑ1	
虂	lu3	
虃	tsʲem1	
虆	lˠwi1	
虇	kˠʰwən2	
虇	kˠʰwən3	
虉	ɴak4	
虉	ɴek4	
虋	mən1	
虌	pʲet4	
虍	χu1	
虎	χu2	
虐	ŋˠɑk4	
虒	sʲie1	
虓	χaw1	
虔	ɡˠen1	
處	tɕʰɨ2	
處	tɕʰɨ3	
虖	xˠu1	
虖	ʁu1	
虖	χu1	
虘	dzɑ1	
虙	vɨwk4	
虛	xˠɨ1	
虛	kˠʰɨ1	
虜	lu2	
虞	ŋˠu1	
號	ʁɑw1	
號	ʁɑw3	
虡	ɡˠɨ2	
虡	ɡˠɨ3	新
虢	qwak4	
虣	bɑw3	
虤	ɴan1	
虥	dʐan1	
虥	dʐan2	
虥	dʐan3	
虧	kˠʰwie1	
虨	pˠin1	
虨	pˠʰin1	
虨	pan1	
虩	xˠak4	
虩	ʂak4	
虪	ɕɨwk4	
虫	xˠuj2	
虮	kˠi1	
虯	ɡʲɨw1	
虰	ɖaŋ1	
虰	ʈˠʰaŋ1	
虰	teŋ1	
虴	ʈak4	
虵	jie1	
虵	ʑa1	
虵	ja2	
虶	ʔˠu1	
虷	ʁɑn1	
虸	tsʲi2	
虹	ʁɨwŋ1	
虹	qɨwŋ3	
虹	qawŋ3	
虺	χwaj1	
虺	χwəj1	
虺	xˠuj2	
蚄	fɑŋ1	
蚅	ʔak4	
蚆	pʰa1	
蚆	pa1	
蚇	tɕʰak4	
蚈	qʰen1	
蚊	ɱun1	
蚌	bawŋ2	
蚌	bawŋ3	新
蚍	bʲi1	
蚏	ɰwət4	
蚑	ɡʲie1	
蚑	kʲʰie3	
蚓	jin2	
蚔	ɡʲie1	
蚕	tʰen2	
蚖	ŋˠwən1	
蚖	ɴwɑn1	
蚗	qwet4	
蚘	ʁwəj1	
蚚	ɡˠɨj1	
蚚	ʁwəj3	
蚝	tsʲʰi3	
蚞	mɨwk4	
蚟	ɰwɑŋ1	
蚡	vun1	
蚡	vun2	
蚡	vun3	新
蚢	ʁɑŋ1	
蚢	ʁɑŋ2	
蚢	qʰɑŋ3	
蚢	ʁɑŋ3	新
蚣	qɨwŋ1	
蚣	tɕuŋ1	
蚤	tsɑw2	
蚥	fu2	
蚥	vu2	
蚥	vu3	新
蚨	vu1	
蚩	tɕʰi1	
蚪	tɨw2	
蚭	ɳˠi1	
蚯	kˠʰɨw1	
蚰	jɨw1	
蚱	tʂak4	
蚲	bˠaŋ1	
蚳	ɖˠi1	
蚴	ʔʲɨw2	
蚵	ʁɑ1	
蚵	qʰɑ3	
蚶	χɑm1	
蚸	lek4	
蚹	vu3	
蚺	ɲem1	
蚻	tʂat4	
蚼	ɡˠu1	
蚼	χɨw2	
蚿	ʁen1	
蛀	tɕu3	
蛁	tew1	
蛂	bet4	
蛃	pˠaŋ2	
蛄	qu1	
蛅	ɲem1	
蛆	tsʲʰɨ1	
蛆	tsʲɨ1	
蛇	jie1	
蛇	tʰɑ1	
蛇	ʑa1	
蛈	tʰet4	
蛉	leŋ1	
蛑	mɨw1	
蛒	qak4	
蛓	tsʲʰie3	
蛓	tsʲʰi3	
蛕	ʁwəj1	
蛕	χwəj2	
蛖	mawŋ1	
蛘	jɑŋ1	
蛙	ʔwaj1	
蛙	ʔwa1	
蛚	lˠet4	
蛛	ʈˠu1	
蛜	ʔʲi1	
蛝	ʁan1	
蛞	qʰwɑt4	
蛟	qaw1	
蛡	jɨk4	
蛢	beŋ1	
蛣	kʲʰit4	
蛤	qɑp4	
蛥	ʑet4	
蛦	ji1	
蛧	ɱɑŋ2	
蛨	mak4	
蛩	ɡˠuŋ1	
蛪	qʰet4	
蛫	kˠwie2	
蛬	ɡˠuŋ1	
蛬	kˠuŋ2	
蛭	tɕit4	
蛭	ʈˠit4	
蛭	tet4	
蛵	χeŋ1	
蛶	lwɑt4	
蛶	lˠwet4	
蛷	ɡˠɨw1	
蛸	sʲew1	
蛸	ʂaw1	
蛹	juŋ2	
蛺	qep4	
蛻	ɕwej3	
蛻	tʰwɑj3	
蛻	tʰwɑ3	
蛻	jwet4	
蛾	ɴɑ1	
蛾	ŋˠie2	
蜀	dʑuk4	
蜁	zʲwen1	
蜂	bɨwŋ1	
蜂	fʰuŋ1	
蜃	dʑin2	
蜃	dʑin3	
蜅	bu1	
蜅	fu2	
蜆	ʁen2	
蜆	χen2	
蜆	qʰen3	
蜆	ʁen3	新
蜇	ʈˠet4	
蜈	ɴu1	
蜉	vɨw1	
蜉	vu1	新
蜊	lˠi1	
蜋	lˠɑŋ1	
蜋	lɑŋ1	
蜍	jɨ1	
蜍	dʑɨ1	
蜎	ʔwen1	
蜎	ʔʲwen1	
蜎	ɡʲwen2	
蜎	ɡʲwen3	新
蜏	jɨw2	
蜏	sʲɨw3	
蜏	jɨw3	
蜐	kˠəp4	
蜑	dɑn2	
蜑	dɑn3	新
蜒	jen1	
蜓	deŋ1	
蜓	den2	
蜓	deŋ2	
蜓	den3	新
蜓	deŋ3	新
蜘	ʈˠie1	
蜙	sʲuŋ1	
蜚	fuj2	
蜚	vuj3	
蜛	kˠɨ1	
蜜	mʲit4	
蜝	ɡˠi1	
蜟	jɨwk4	
蜠	kˠʰwin1	
蜠	ɡˠwin2	
蜠	ɡˠwin3	新
蜡	tsʲʰɨ3	
蜡	dʐa3	
蜢	maŋ2	
蜣	kˠʰɑŋ1	
蜤	sʲie1	
蜥	sek4	
蜦	lˠwin1	
蜦	lej3	
蜧	lej3	
蜨	sep4	
蜩	dew1	
蜪	tʰɑw1	
蜪	dɑw1	
蜫	qwən1	
蜬	ʁɑm1	
蜬	qɑm1	
蜭	ʁɑm2	
蜭	ʁɑm3	
蜮	ɰwɨk4	
蜮	ʁwɨk4	
蜯	bawŋ2	
蜯	bawŋ3	新
蜰	vuj1	
蜰	fuj2	
蜰	vuj3	
蜱	bʲie1	
蜱	mʲew1	
蜲	ʔˠwie1	
蜲	ʔˠwie2	
蜴	jak4	
蜷	ɡˠwen1	
蜸	qʰen2	
蜹	ɲwej3	
蜹	jwej3	
蜹	ɲwet4	
蜺	ɴej1	
蜺	ɴet4	
蜻	tsʲaŋ1	
蜻	tsʰeŋ1	
蜼	lˠwi2	
蜼	jwi3	
蜼	jɨw3	
蜽	lˠɑŋ2	
蜾	qwɑ2	
蜿	ʔˠwən1	
蜿	ʔwɑn1	
蜿	ʔˠwən2	
蝀	tɨwŋ1	
蝀	tɨwŋ2	
蝁	ʔɑk4	
蝂	pan2	
蝃	tej3	
蝃	tɕwet4	
蝆	jɑŋ2	
蝌	qʰwɑ1	
蝍	tsʲit4	
蝍	tset4	
蝍	tsʲɨk4	
蝎	ʁɑt4	
蝑	sʲɨ1	
蝑	sʲa3	
蝒	mʲen1	
蝓	ju1	
蝔	qaj1	
蝔	ʁaj1	
蝕	ʑɨk4	
蝖	xˠwən1	
蝗	ʁwɑŋ1	
蝗	ʁwaŋ1	
蝗	ʁwaŋ3	
蝘	ʔˠən2	
蝘	ʔen2	
蝙	pen1	
蝚	ɲɨw1	
蝛	ʔˠuj1	
蝜	vɨw2	
蝜	vɨw3	新
蝝	jwen1	
蝞	mˠi3	
蝟	ɰuj3	
蝠	fɨwk4	
蝡	ɲwen2	
蝣	jɨw1	
蝤	tsʲɨw1	
蝤	dzʲɨw1	
蝥	ɱu1	
蝥	maw1	
蝥	mɨw1	
蝥	ɱu3	
蝦	ʁa1	
蝨	ʂit4	
蝩	ɖˠuŋ1	
蝪	tʰɑŋ1	
蝬	tsɨwŋ1	
蝭	dej1	
蝭	tej3	
蝮	fʰɨwk4	
蝯	ɰwən1	
蝰	qʰwej1	
蝱	maŋ1	
蝲	lɑt4	
蝳	duk4	
蝶	tʰep4	
蝶	dep4	
蝸	qwaj1	
蝸	qwa1	
蝹	ʔˠwin1	
蝹	ʔˠun1	
蝹	ʔɑw2	
螃	bɑŋ1	
螃	pɑŋ2	
螃	pɑŋ3	
螄	ʂi1	
螆	tsʲʰi3	
螇	ʁej1	
螇	qʰej1	
螉	ʔɨwŋ1	
螋	ʂu1	
螋	ʂɨw1	
螌	pan1	
融	jɨwŋ1	
螐	ʔu1	
螒	ʁɑn3	
螓	dzʲin1	
螔	jie1	
螔	sʲie1	
螕	pej1	
螖	ʁwat4	
螗	dɑŋ1	
螘	ŋˠie2	
螘	ŋˠɨj2	
螙	tu3	
螚	nəj3	
螜	ʁɨwk4	
螝	kˠwi1	
螝	ʁwəj3	
螟	meŋ1	
螠	ʔʲie3	
螢	ʁweŋ1	
螣	dɨŋ1	
螣	ɖˠim2	
螣	dɨk4	
螣	ɖˠim3	新
螪	ɕɑŋ1	
螫	ɕak4	
螬	dzɑw1	
螭	ʈˠʰie1	
螮	tej3	
螯	ɴɑw1	
螰	lɨwk4	
螱	ʔˠuj3	
螲	ʈˠit4	
螳	dɑŋ1	
螵	bʲew1	
螵	pʲʰew1	
螶	ɡˠɨ1	
螷	bʲie1	
螷	baŋ2	
螷	baŋ3	新
螸	ju1	
螹	dzʲem1	
螹	dzʲem2	
螹	dzʲem3	新
螺	lwɑ1	
螻	lɨw1	
螼	kʲʰin2	
螼	kʲʰin3	
螽	tɕɨwŋ1	
螾	jin1	
螾	jin2	
螿	tsʲɑŋ1	
蟀	ʂwit4	
蟁	ɱun1	
蟂	qew1	
蟃	ɱən3	
蟄	ɖˠip4	
蟆	ma1	
蟈	qwak4	
蟉	ɡʲɨw1	
蟉	lˠɨw1	
蟉	ɡʲɨw2	
蟉	ɡʲɨw3	新
蟊	mɨw1	
蟋	sʲit4	
蟋	ʂit4	
蟌	tsʰɨwŋ1	
蟍	lˠi1	
蟒	mɑŋ2	
蟓	zʲɑŋ2	
蟓	ɕɑŋ3	
蟓	zʲɑŋ3	新
蟗	tsʲʰɨw1	
蟙	tɕɨk4	
蟚	baŋ1	
蟜	ɡˠew1	
蟜	kˠew2	
蟝	ɡˠɨ1	
蟟	lew1	
蟠	vən1	
蟠	bɑn1	
蟡	ʔˠwie1	
蟡	kˠwie2	
蟢	xˠi2	
蟣	ɡˠɨj1	
蟣	kˠɨj2	
蟤	tʂwen1	
蟥	ʁwɑŋ1	
蟦	vuj1	
蟦	vuj2	
蟦	vuj3	
蟧	lew1	
蟧	lɑw1	
蟨	kˠwət4	
蟩	kˠwət4	
蟪	ʁwej3	
蟫	jim1	
蟫	dɑm1	
蟬	dʑen1	
蟭	tsʲew1	
蟯	ɲew1	
蟯	ʔʲew1	
蟰	sew1	
蟰	sʲɨwk4	
蟲	ɖˠɨwŋ1	
蟲	ɖˠɨwŋ3	
蟴	sʲie1	
蟶	ʈˠʰaŋ1	
蟷	tɑŋ1	
蟹	ʁaj2	
蟹	ʁaj3	新
蟺	dʑen2	
蟺	dʑen3	新
蟻	ŋˠie2	
蟼	qa1	
蟼	kˠaŋ1	
蟼	kˠaŋ2	
蟾	tɕem1	
蟾	dʑem1	
蟿	kʲʰi3	
蟿	qʰej3	
蠀	tsʲʰi1	
蠁	xˠɑŋ2	
蠁	xˠɑŋ3	
蠃	lwɑ1	
蠃	lwɑ2	
蠅	jɨŋ1	
蠆	ʈʰaj3	
蠇	lˠej3	
蠈	dzɨk4	
蠉	xʲwen1	
蠉	xʲwen2	
蠊	lˠem1	
蠋	tɕuk4	
蠋	ɖˠuk4	
蠌	ɖak4	
蠍	xˠət4	
蠐	dzʲi1	
蠐	dzej1	
蠑	ɰwaŋ1	
蠒	qen2	
蠓	mɨwŋ1	
蠓	mɨwŋ2	
蠖	ʔwɑk4	
蠗	ɖawk4	
蠙	bʲin1	
蠙	ben1	
蠚	ʈˠʰɑk4	
蠚	χɑk4	
蠛	met4	
蠜	vən1	
蠞	dzet4	
蠟	lɑp4	
蠡	lˠie1	
蠡	lwɑ1	
蠡	lej2	
蠢	tɕʰwin2	
蠣	lˠej3	
蠥	ŋˠet4	
蠦	lu1	
蠩	tɕɨ1	
蠪	lɨwŋ1	
蠭	fʰuŋ1	
蠮	ʔet4	
蠯	bʲie1	
蠯	baj1	
蠯	baŋ2	
蠯	baŋ3	新
蠰	ʂɑŋ1	
蠰	nɑŋ1	
蠰	ɲɑŋ2	
蠰	ɕɑŋ3	
蠱	qu2	
蠲	qwen1	
蠵	jwie1	
蠵	ʁwej1	
蠶	dzɑm1	
蠷	ɡˠu1	
蠸	ɡˠwen1	
蠹	tu3	
蠻	man1	
蠾	tɕuk4	
蠾	dʑuk4	
血	χwet4	
衁	χwɑŋ1	
衃	pʰəj1	
衃	fʰɨw1	
衄	ɲɨwk4	
衄	ɳˠɨwk4	
衅	xˠin3	
衇	mak4	
衈	ɲi3	
衊	met4	
衋	xˠɨk4	
行	ʁɑŋ1	
行	ʁaŋ1	
行	ʁɑŋ3	
行	ʁaŋ3	
衍	jen2	
衍	jen3	
衎	qʰɑn2	
衎	qʰɑn3	
衒	ʁwen3	
術	ʑwit4	
衕	dɨwŋ1	
衕	dɨwŋ3	
衖	ʁawŋ3	
街	qaj1	
衙	ŋˠɨ1	
衙	ɴa1	
衙	ŋˠɨ2	
衛	ɰwej3	
衝	tɕʰuŋ1	
衟	dɑw2	
衟	dɑw3	新
衡	ʁaŋ1	
衢	ɡˠu1	
衣	ʔˠɨj1	
衣	ʔˠɨj3	
衦	qɑn2	
表	pˠew2	
衩	tʂʰaj3	
衩	tʂʰa3	新
衪	jie1	
衪	jie2	
衫	ʂam1	
衭	fu1	
衯	fʰun1	
衰	tʂʰwie1	
衰	ʂwi1	
衱	ɡˠep4	
衱	kˠəp4	
衲	nɑp4	
衳	tɕuŋ1	
衴	tɑm2	
衵	ɲit4	
衵	ɳˠit4	
衷	ʈˠɨwŋ1	
衷	ʈˠɨwŋ3	
衸	qaj3	
衸	ʁaj3	
衹	tɕie1	
衹	ɡʲie1	
衺	zʲa1	
衼	tɕie1	
衽	ɲim3	
衾	kˠʰim1	
衿	kˠim1	
袀	kʲwin1	
袁	ɰwən1	
袂	mʲej3	
袈	qa1	
袉	dɑ1	
袉	dɑ2	
袉	tʰɑ2	
袉	dɑ3	新
袊	lˠaŋ2	
袋	dəj3	
袌	bɑw1	
袍	bɑw1	
袍	bɑw3	
袎	ʔaw3	
袏	tsɑ3	
袑	dʑew2	
袑	dʑew3	新
袒	dɑn2	
袒	ɖan3	
袒	dɑn3	新
袓	tsʲa1	
袓	dzʲɨ2	
袓	dzʲɨ3	新
袔	ʁɑ3	
袕	ʑwit4	
袕	ʁwet4	
袖	zʲɨw3	
袗	tɕin2	
袗	tɕin3	
袚	pɑt4	
袛	tej1	
袜	mɑt4	
袞	qwən2	
袠	ɖˠit4	
袡	ɲem1	
袢	vən1	
袣	jej3	
袤	mɨw3	
袥	tʰɑk4	
袦	ɳwat4	
袨	ʁwen3	
袪	kˠʰɨ1	
被	bˠie2	
被	bˠie3	
袲	jie1	
袲	tɕʰie2	
袲	nɑ2	
袳	tɕʰie2	
袴	qʰu3	
袵	ɲim2	
袷	qap4	
袷	kˠəp4	
袸	dzwən1	
袸	dzen3	
袹	mak4	
袺	qat4	
袺	qet4	
袼	lɑk4	
袼	qɑk4	
袽	ɳˠɨ1	
袾	ʈˠu1	
袾	tɕʰu1	
袿	qwej1	
裀	ʔʲin1	
裁	dzəj1	
裁	dzəj3	
裂	lˠet4	
裋	dʑu2	
裋	dʑu3	新
裌	qap4	
裍	qʰwən2	
裎	ɖˠaŋ1	
裎	ʈˠʰaŋ2	
裏	lˠi2	
裒	bɨw1	
裓	qɨk4	
裔	jej3	
裕	ju3	
裖	tɕin2	
裗	lˠɨw1	
裘	ɡˠɨw1	
裛	ʔˠip4	
裛	ʔˠep4	
裛	ʔˠəp4	
補	pu2	
裝	tʂɑŋ1	
裝	tʂɑŋ3	
裞	ɕwej3	
裞	tʰwɑj3	
裟	ʂa1	
裠	ɡˠun1	
裧	tɕʰem1	
裧	tʰɑm2	
裧	tɕʰem3	
裨	pʲie1	
裨	bʲie1	
裪	dɑw1	
裫	ʔwen3	
裮	tɕʰɑŋ1	
裯	ɖˠu1	
裯	tɑw1	
裯	ɖˠɨw1	
裰	twɑt4	
裱	pˠew3	
裳	dʑɑŋ1	
裴	vuj1	
裴	bəj1	
裶	fʰuj1	
裷	ʔˠwən1	
裷	kˠʰwən2	
裸	lwɑ2	
裹	qwɑ2	
裹	qwɑ3	
裺	ʔˠem2	
裺	ʔˠəm3	
裻	tuk4	
裻	suk4	
裼	sek4	
製	tɕej3	
裾	kˠɨ1	
褆	dej1	
褆	dʑie2	
褆	ɖˠie2	
褆	dʑie3	新
褆	ɖˠie3	新
複	vɨw3	
複	fɨwk4	
複	vu3	新
褈	tɕʰuŋ1	
褈	ɖˠuŋ1	
褉	χet4	
褊	pʲen2	
褋	dep4	
褌	qwən1	
褍	twɑn1	
褍	twɑ2	
褎	jɨw3	
褐	ʁɑt4	
褑	ɰwen3	
褒	pɑw1	
褓	pɑw2	
褔	fʰɨw3	
褕	ju1	
褕	jew1	
褖	tʰwɑn3	
褗	ʔˠən2	
褗	ʔˠən3	
褘	xˠuj1	
褚	ʈˠɨ2	
褚	ʈˠʰɨ2	
褞	ʔˠun2	
褠	qɨw1	
褡	tɑp4	
褢	ʁwaj1	
褣	juŋ1	
褥	nuk4	
褥	ɲuk4	
褧	qʰweŋ2	
褨	sɑ2	
褫	ɖˠie1	
褫	ɖˠie2	
褫	ʈˠʰie2	
褫	ʈˠʰi2	
褫	ɖˠie3	新
褭	new2	
褮	ʔaŋ1	
褮	ʔʲwaŋ1	
褮	ʁweŋ1	
褯	dzʲa3	
褰	kˠʰen1	
褱	ʁwaj1	
褵	lˠie1	
褶	dʑip4	
褶	zʲip4	
褶	dep4	
褷	ʂie1	
褸	lɨw1	
褸	lˠu2	
褹	ŋʲej3	
褹	ɳaj3	
褺	dep4	
褻	sʲet4	
褽	ʔˠuj3	
褾	pʲew2	
褿	dzɑw1	
襀	tsʲak4	
襁	kˠɑŋ2	
襃	pɑw1	
襄	sʲɑŋ1	
襆	pɨwk4	
襆	vuk4	
襇	qan3	
襈	ɡˠwen3	
襈	dʐwen3	
襊	tsʰwɑj3	
襊	tsʰwɑt4	
襋	kˠɨk4	
襌	tɑn1	
襎	vən1	
襏	pɑt4	
襐	zʲɑŋ2	
襐	zʲɑŋ3	新
襑	zʲim1	
襑	tʰɑm2	
襒	bet4	
襓	ɲew1	
襖	ʔɑw2	
襗	dɑk4	
襗	ɖak4	
襗	jak4	
襘	qwɑj3	
襚	zʲwi3	
襛	ɳˠuŋ1	
襛	ɲuŋ1	
襜	tɕʰem1	
襜	tɕʰem3	
襞	pʲak4	
襟	kˠim1	
襠	tɑŋ1	
襡	tɨw2	
襡	dɨw2	
襡	tɨw3	
襡	dɨwk4	
襡	dʑuk4	
襡	dɨw3	新
襢	dɑn2	
襢	ʈˠen2	
襢	ʈˠen3	
襢	dɑn3	新
襣	bʲi3	
襤	lɑm1	
襦	ɲu1	
襩	dʑuk4	
襪	ɱət4	
襫	ɕak4	
襬	pˠie1	
襬	pˠʰie3	
襭	ʁet4	
襮	puk4	
襮	pɑk4	
襯	tʂʰin3	
襱	lɨwŋ1	
襱	lɨwŋ2	
襱	ɖˠuŋ2	
襱	ɖˠuŋ3	新
襲	zʲip4	
襳	ʂim1	
襳	sʲem1	
襳	ʂem1	
襵	tɕep4	
襵	ʈˠep4	
襸	dzwɑn1	
襸	tsɑn3	
襹	ʂie1	
襹	ʂie3	
襺	qen2	
襻	pʰan3	
襾	χa2	
襾	ʔa3	
西	sej1	
要	ʔʲew1	
要	ʔʲew3	
覂	fuŋ2	
覃	dɑm1	
覆	fʰɨw3	
覆	vɨw3	
覆	fʰɨwk4	
覆	pʰɨk4	
覆	fʰu3	新
覆	vu3	新
覈	ʁet4	
覈	ʁak4	
見	qen3	
見	ʁen3	
覎	ʔˠəm3	
規	kʲwie1	
覒	mɑw3	
覓	mek4	
覕	pʲin3	
覕	met4	
視	dʑi2	
視	dʑi3	
覗	sʲi1	
覗	sʲi3	
覘	ʈˠʰem1	
覘	ʈˠʰem3	
覛	mak4	
覛	mek4	
覜	tʰew3	
覝	lˠem1	
覞	jew3	
覡	ʁek4	
覢	ɕem2	
覣	ʔˠwie1	
覦	ju1	
覦	ju3	
覩	tu2	
親	tsʲʰin1	
親	tsʲʰin3	
覬	kˠi3	
覭	meŋ1	
覭	mek4	
覮	pʰeŋ1	
覯	qɨw3	
覰	tsʲʰɨ3	
覱	tʂam3	
覲	ɡˠin3	
覴	ʈˠʰɨŋ3	
覸	qan1	
覸	pˠen2	
覸	qan3	
覹	mˠi1	
覺	qaw3	
覺	qawk4	
覼	lwɑ1	
覽	lɑm2	
覿	dek4	
觀	qwɑn1	
觀	qwɑn3	
角	lɨwk4	
角	qawk4	
觓	ɡʲɨw1	
觕	tsʰu1	
觕	dzu2	
觕	tɕʰuk4	
觕	dzu3	新
觖	kʲʰwie3	
觖	qwet4	
觘	tʂʰaw3	
觚	qu1	
觛	tɑn2	
觛	dɑn2	
觛	tɑn3	
觛	dɑn3	新
觜	tsʲie1	
觜	tsʲwie1	
觜	tsʲwie2	
觝	tej2	
觟	ʁwa2	
觟	ʁwa3	新
觠	ɡˠwen1	
觠	kˠwen3	
觡	qak4	
觢	dʑej3	
解	ʁaj2	
解	qaj2	
解	qaj3	
解	ʁaj3	
解	ʁa2	新
解	qa2	新
解	qa3	新
解	ʁa3	新
觤	kˠwie2	
觥	qwaŋ1	
觩	ɡʲɨw1	
觪	sʲwaŋ1	
觬	ɴej1	
觬	ɴej2	
觭	kˠʰie1	
觭	kˠʰie2	
觰	ʈa1	
觰	ʈa2	
觱	pʲit4	
觱	ɰut4	
觳	ʁɨwk4	
觳	qʰawk4	
觴	ɕɑŋ1	
觵	qwaŋ1	
觶	tɕie1	
觶	tɕie3	
觷	ʔuk4	
觷	ɴawk4	
觷	ʁawk4	
觸	tɕʰuk4	
觺	ŋˠi1	
觺	ŋˠɨk4	
觻	lɨwk4	
觻	lek4	
觼	qwet4	
觿	xʲwie1	
觿	ʁwej1	
言	ŋˠən1	
訂	tʰeŋ1	
訂	deŋ2	
訂	teŋ3	
訂	deŋ3	新
訃	fʰu3	
訄	qʰɑw1	
訄	kˠʰɨw1	
訄	ɡˠɨw1	
訅	ɡˠɨw1	
訆	qew3	
訇	ʁwen1	
訇	χwaŋ1	
計	qej3	
訊	sʲin3	
訌	ʁɨwŋ1	
訍	tʂʰaj3	
討	tʰɑw2	
訏	xˠu1	
訐	kˠej3	
訐	kˠət4	
訐	kˠet4	
訒	ɲin3	
訓	xˠun3	
訔	ŋˠin1	
訕	ʂan1	
訕	ʂan3	
訖	kˠɨt4	
託	tʰɑk4	
記	kˠi3	
訙	sʲin3	
訛	ɴwɑ1	
訝	ɴa3	
訞	ʔˠew1	
訟	zʲuŋ1	
訟	zʲuŋ3	
訠	ɕin2	
訡	ŋˠim1	
訢	xˠɨn1	
訣	qwet4	
訥	nwət4	
訦	dʑim1	
訦	dʑim2	
訦	dʑim3	新
訧	ɰɨw1	
訩	xˠuŋ1	
訪	fʰɑŋ3	
訬	tʂʰaw1	
訬	mʲew2	
設	ɕet4	
訮	ɴan1	
訮	tʰen1	
訮	χen1	
訰	tɕwin1	
訰	tɕwin3	
許	xˠɨ2	
訴	su3	
訵	ʈˠʰi1	
訵	ʈˠʰi3	
訶	χɑ1	
訷	ɕin1	
訹	sʲwit4	
診	tɕin2	
診	ɖˠin3	
註	tɕu3	
註	ʈˠu3	
証	tɕaŋ3	
訽	ʁɨw3	
訽	χɨw3	
訾	tsʲie1	
訾	tsʲie2	
訿	tsʲie2	
詀	tem1	
詀	ʈam1	
詀	ɖam3	
詀	tɕʰep4	
詁	qu2	
詃	qwen2	
詄	ɕi3	
詄	det4	
詅	leŋ1	
詅	lˠaŋ3	
詆	dej1	
詆	tej2	
詆	tʰek4	
詇	ʔˠɑŋ2	
詇	ʔˠɑŋ3	
詇	ʔˠaŋ3	
詈	lˠie3	
詉	ɳa1	
詍	jej3	
詎	ɡˠɨ2	
詎	ɡˠɨ3	
詐	tʂa3	
詑	jie1	
詑	xʲie1	
詑	dɑ1	
詑	tʰwɑ1	
詑	dɑ2	
詑	dɑ3	新
詒	ji1	
詒	dəj2	
詒	dəj3	新
詔	tɕew3	
評	bˠaŋ1	
評	bˠaŋ3	
詖	pˠie1	
詖	pˠie3	
詗	χweŋ2	
詗	xʲwaŋ3	
詘	kˠʰut4	
詛	tʂɨ3	
詜	tʰɑw1	
詝	ʈˠɨ2	
詞	zʲi1	
詠	ɰwaŋ3	
詡	xˠu2	
詢	sʲwin1	
詣	ɴej3	
詥	ʁɑp4	
試	ɕi3	
詧	tʂʰat4	
詧	tsʰet4	
詨	qaw1	
詨	ʁaw3	
詨	χaw3	
詩	ɕi1	
詪	qən2	
詪	ʁen2	
詪	qən3	
詪	ʁen3	新
詫	ʈʰa3	
詬	qɨw2	
詬	qʰɨw3	
詬	χɨw3	
詭	kˠwie2	
詮	tsʲʰwen1	
詯	χwəj3	
詯	ʁwəj3	
詰	kʲʰit4	
話	ʁwaj3	
話	ʁwa3	新
該	qəj1	
詳	jɑŋ1	
詳	zʲɑŋ1	
詵	ʂin1	
詶	dʑɨw1	
詶	dʑɨw3	
詷	dɨwŋ2	
詷	dɨwŋ3	
詹	tɕem1	
詺	mʲaŋ3	
詻	ɴak4	
詼	qʰwəj1	
詾	xˠuŋ2	
詿	qwaj3	
詿	ʁwaj3	
詿	qwa3	新
詿	ʁwa3	新
誀	ɲi1	
誀	ɲi3	
誂	dew2	
誂	dew3	新
誃	ɖˠie1	
誃	tɕʰie2	
誄	lˠwi2	
誅	ʈˠu1	
誆	ɡˠwɑŋ3	
誇	qʰwa1	
誋	ɡˠi3	
誌	tɕi3	
認	ɲin3	
認	ɲɨŋ3	
誎	tsʲʰuk4	
誏	lɑŋ2	
誐	ɴɑ1	
誑	kˠwɑŋ3	
誒	xˠi1	
誓	dʑej3	
誔	deŋ2	
誔	deŋ3	新
誕	dɑn2	
誕	dɑn3	新
誖	bəj3	
誖	pəj3	
誖	bət4	
誗	ɖˠem1	
誘	jɨw2	
誙	qʰaŋ1	
誚	dzʲew3	
誜	ʂwa3	
語	ŋˠɨ2	
語	ŋˠɨ3	
誠	dʑaŋ1	
誡	qaj3	
誣	ɱu1	
誤	ɴu3	
誥	qɑw3	
誦	zʲuŋ3	
誧	pu1	
誧	pʰu1	
誧	pʰu2	
誧	pʰu3	
誨	χwəj3	
誩	ɡˠɑŋ2	
誩	ɡˠaŋ3	
誩	tʰɑm3	
誩	ɡˠɑŋ3	新
說	ɕwej3	
說	jwet4	
說	ɕwet4	
誰	dʑwi1	
誱	dzʲep4	
課	qʰwɑ1	
課	qʰwɑ3	
誴	dzuŋ1	
誶	sʲwi3	
誶	swəj3	
誶	dzʲwit4	
誷	ɱɑŋ2	
誹	fuj1	
誹	fuj3	
誺	ʈˠʰie1	
誺	ʈˠʰi3	
誺	ləj3	
誻	dɑp4	
誼	ŋˠie3	
誽	ɳaj1	
誾	ŋˠin1	
調	dew1	
調	ʈˠɨw1	
調	dew3	
諀	pʲʰie2	
諂	ʈˠʰem2	
諄	tɕwin1	
諄	tɕwin3	
諅	kˠi1	
諅	ɡˠi3	
諆	kˠi1	
談	dɑm1	
諈	ʈˠwie3	
諉	ɳˠwie3	
諊	kˠɨwk4	
請	dzʲaŋ1	
請	tsʲʰaŋ2	
請	dzʲaŋ3	
諍	tʂaŋ3	
諎	tsʰɑ3	
諎	tʂak4	
諏	tsʲu1	
諐	kˠʰen1	
諑	ʈawk4	
諒	lˠɑŋ3	
諓	dzʲen2	
諓	dzʲen3	
諕	χwak4	
論	lˠwin1	
論	lwən1	
論	lwən3	
諗	ɕim2	
諛	ju1	
諜	dep4	
諝	sʲɨ1	
諝	sʲɨ2	
諞	bʲen1	
諞	bˠen2	
諞	bʲen2	
諞	bˠen3	新
諞	bʲen3	新
諟	dʑie2	
諟	dʑie3	新
諠	xˠwən1	
諡	ʑi3	
諢	ɴwən3	
諣	χwaj3	
諣	χwa3	
諤	ɴɑk4	
諥	ʈˠuŋ3	
諦	tej3	
諧	ʁaj1	
諫	qan3	
諭	ju3	
諮	tsʲi1	
諯	tɕwen1	
諯	dʑwen1	
諯	tɕʰwen3	
諯	tsʲʰwen3	
諰	ʂaj1	
諰	sʲi2	
諱	xˠuj3	
諲	ʔʲin1	
諳	ʔɑm1	
諴	ʁam1	
諵	ɳam1	
諵	ɳam3	
諶	dʑim1	
諷	fɨwŋ3	
諸	tɕɨ1	
諸	tɕa1	
諹	jɑŋ1	
諹	jɑŋ3	
諺	ŋˠen3	
諻	χwaŋ1	
諼	xˠwən1	
諼	xˠwən2	
諽	qʰak4	
諽	qak4	
諾	nɑk4	
諿	tsʲʰip4	
謀	mɨw1	
謀	mu1	新
謁	ʔˠət4	
謂	ɰuj3	
謄	dɨŋ1	
謅	tʂʰɨw1	
謅	tʂʰaw2	
謇	kˠen2	
謈	bawk4	
謈	pʰawk4	
謉	twəj2	
謉	kˠwi3	
謋	χwak4	
謌	qɑ1	
謍	χwaŋ1	
謍	ʔwaŋ1	
謍	jwaŋ1	
謎	mej3	
謏	sew2	
謏	sɨw2	
謏	sɨw3	
謏	ʂɨwk4	
謐	mʲit4	
謑	ʁej2	
謑	χaj3	
謑	χa3	
謑	ʁej3	新
謓	tɕʰin1	
謔	xˠɑk4	
謕	sʲie1	
謕	dej1	
謕	tʰej1	
謖	ʂɨwk4	
謗	pɑŋ3	
謘	ɖˠi1	
謘	ɖˠi3	
謙	qʰem1	
謚	ʑi3	
謚	ʔʲak4	
講	qawŋ2	
謜	ŋˠwən1	
謜	tsʲʰwen1	
謝	zʲa3	
謞	χawk4	
謞	χɑk4	
謟	tʰɑw1	
謠	jew1	
謣	ɰu1	
謥	tsʰɨwŋ3	
謦	qʰeŋ2	
謧	lˠie1	
謧	lej1	
謨	mu1	
謫	ʈak4	
謬	mˠɨw3	
謮	tʂak4	
謯	tsʲa1	
謯	tʂa2	
謱	lɨw1	
謱	lˠu2	
謱	lɨw2	
謲	tsʰɑm3	
謳	ʔɨw1	
謴	qwən3	
謵	tɕʰep4	
謶	tɕɑk4	
謷	ɴaw1	
謷	ɴɑw1	
謷	ɴɑw3	
謹	kˠɨn2	
謺	tɕep4	
謻	jie1	
謼	χu1	
謼	χu3	
謾	mɑn1	
謾	man1	
謾	mʲen1	
謾	mɑn3	
謾	man3	
譀	ʁɑm3	
譀	χam3	
譀	χap4	
譁	χwa1	
譄	tsɨŋ1	
譆	xˠi1	
譈	dwəj3	
證	tɕɨŋ3	
譊	ɳaw1	
譌	ɴwɑ1	
譍	ʔˠɨŋ3	
譎	qwet4	
譏	kˠɨj1	
譐	tswən2	
譑	kˠew2	
譑	kˠʰew3	
譒	pɑ3	
譓	ʁwej3	
譔	tsʲʰwen1	
譔	dʐwen2	
譔	dʐwen3	
譕	ɱu1	
譖	tʂim3	
識	tɕi3	
識	ɕɨk4	
譙	dzʲew1	
譚	dɑm1	
譚	dɑm2	
譚	dɑm3	新
譜	pu2	
譝	ʑɨŋ1	
譞	xʲwen1	
譟	sɑw3	
譠	tʰɑn1	
譠	ʈan1	
譡	tɑŋ3	
譢	sʲwi3	
譣	tsʲʰem1	
譣	xˠem2	
譥	qew3	
警	kˠaŋ2	
譧	ɖam3	
譩	ʔˠi1	
譩	ʔˠɨj1	
譩	ʔˠi2	
譫	dɑp4	
譫	tɕep4	
譬	pʲʰie3	
譭	xˠwie2	
譮	χaj3	
譯	jak4	
議	ŋˠie3	
譱	dʑen2	
譱	dʑen3	新
譳	nɨw3	
譴	kʲʰen3	
譶	ɖˠip4	
譶	dɑp4	
護	ʁu3	
譸	ʈˠɨw1	
譺	ŋˠi2	
譺	ŋˠi3	
譺	ɴaj3	
譻	ʔaŋ1	
譽	jɨ1	
譽	jɨ3	
讀	dɨwk4	
讁	ʈak4	
讂	χwen3	
讂	qwen3	
讄	lˠwi2	
讆	ɰwej3	
讇	ʈˠʰem2	
變	pˠen3	
讋	tɕep4	
讌	ʔen3	
讎	dʑɨw1	
讑	jew3	
讒	dʐam1	
讒	dʐam3	
讓	ɲɑŋ3	
讕	lɑn1	
讕	lɑn2	
讕	lɑn3	
讖	tʂʰim3	
讗	ʁwej1	
讗	qwak4	
讘	ɲep4	
讙	xˠwən1	
讙	χwɑn1	
讚	tsɑn3	
讜	tɑŋ2	
讞	ŋˠen2	
讞	ŋˠet4	
讟	dɨwk4	
谷	qɨwk4	
谷	lɨwk4	
谷	juk4	
谸	tsʰen1	
谺	χa1	
谻	ɡˠak4	
谻	kˠak4	
谼	ʁɨwŋ1	
谽	χɑm1	
谾	χɨwŋ1	
谾	χawŋ1	
谿	qʰej1	
豁	χwɑt4	
豂	lew1	
豃	χam2	
豄	dɨwk4	
豅	lɨwŋ1	
豆	dɨw3	
豇	qawŋ1	
豈	kˠʰɨj2	
豉	dʑie3	
豊	lej2	
豌	ʔwɑn1	
豍	pej1	
豎	dʑu2	
豎	dʑu3	新
豏	ʁam2	
豏	ʁam3	新
豐	fʰɨwŋ1	
豑	ɖˠit4	
豔	jem3	
豕	ɕie2	
豖	ʈˠʰuk4	
豗	χwəj1	
豘	dwən1	
豙	ŋˠi3	
豙	ŋˠɨj3	
豚	dwən1	
豛	jwak4	
豜	qen1	
豜	ɴen3	
豝	pa1	
豞	χɨw3	
豞	χawk4	
豟	ʔak4	
豠	dʐɨ1	
象	zʲɑŋ2	
象	zʲɑŋ3	新
豢	ʁwan3	
豤	qʰwən1	
豤	qʰən2	
豤	qʰen2	
豥	qəj1	
豥	ʁəj1	
豦	ɡˠɨ1	
豦	kˠɨ3	
豧	fʰu1	
豧	fʰu3	
豧	pʰɨw3	
豨	xˠɨj1	
豨	xˠɨj2	
豪	ʁɑw1	
豫	jɨ3	
豬	ʈˠɨ1	
豭	qa1	
豯	ʁej1	
豰	tɨwk4	
豰	χɨwk4	
豰	bawk4	
豱	ʔwən1	
豲	ʁwɑn1	
豳	pˠin1	
豵	tsɨwŋ1	
豵	tsʲuŋ1	
豶	vun1	
豷	xˠwi3	
豷	ʔej3	
豸	ɖˠie2	
豸	ɖaj2	
豸	ɖˠie3	新
豸	ɖaj3	新
豹	paw3	
豺	dʐaj1	
豻	ɴɑn1	
豻	qʰan1	
豻	ʁɑn3	
豻	ɴɑn3	
豼	bʲi1	
豽	ɳwat4	
豾	pˠʰi1	
豿	qɨw2	
貀	ɳwat4	
貁	jɨw3	
貂	tew1	
貅	xˠɨw1	
貆	xˠwən1	
貆	ʁwɑn1	
貆	χwɑn1	
貈	ʁɑk4	
貉	ʁɑk4	
貉	mak4	
貊	mak4	
貌	maw3	
貍	lˠi1	
貎	ɴej1	
貐	ju2	
貑	qa1	
貒	tʰwɑn1	
貒	tʰwɑn3	
貓	mˠew1	
貓	maw1	
貔	bʲi1	
貕	ʁej1	
貖	ʔak4	
貗	ɡˠu2	
貗	ɡˠu3	新
貘	mak4	
貙	ʈˠʰu1	
貚	dɑn1	
貚	den1	
貛	χwɑn1	
貜	kˠwɑk4	
貜	ɡˠwɑk4	
貝	pɑj3	
貞	ʈˠaŋ1	
負	vɨw2	
負	vu2	新
負	vu3	新
財	dzəj1	
貢	qɨwŋ3	
貣	tʰɨk4	
貣	dɨk4	
貤	jie3	
貤	ji3	
貤	ʑi3	
貦	ɴwɑn3	
貧	bˠin1	
貨	χwɑ3	
販	fən3	
貪	tʰɑm1	
貫	qwɑn1	
貫	qwɑn3	
責	tʂak4	
貯	ʈˠɨ2	
貰	ɕej3	
貰	ʑa3	
貱	pˠie3	
貲	tsʲie1	
貳	ɲi3	
貴	kˠuj3	
貶	pˠem2	
買	maj2	
貸	tʰəj3	
貹	ʂaŋ3	
貺	xˠwɑŋ3	
費	pˠi3	
費	fʰuj3	
費	vuj3	
貼	tʰep4	
貽	ji1	
貾	ɖˠi1	
貿	mɨw3	
賀	ʁɑ3	
賁	vuj1	
賁	vun1	
賁	pən1	
賁	pˠie3	
賂	lu3	
賃	ɳˠim3	
賄	χwəj2	
賅	qəj1	
賆	ben1	
資	tsʲi1	
賈	qu2	
賈	qa2	
賈	qa3	
賉	sʲwit4	
賊	dzɨk4	
賏	ʔʲaŋ1	
賏	ʔˠaŋ3	
賑	tɕin2	
賑	tɕin3	
賒	ɕa1	
賓	pʲin1	
賕	ɡˠɨw1	
賙	tɕɨw1	
賚	ləj3	
賜	sʲie3	
賝	ʈˠʰim1	
賞	ɕɑŋ2	
賟	tʰen2	
賡	qaŋ1	
賢	ʁen1	
賣	maj3	
賤	dzʲen3	
賥	sʲwi3	
賦	fu3	
賧	tʰɑm3	
賨	dzuŋ1	
質	ʈˠi3	
質	tɕit4	
賭	tu2	
賮	dzʲin3	
賰	ɕwin2	
賱	ʔˠun2	
賲	pɑw2	
賴	lɑj3	
賵	fʰɨwŋ3	
賷	tsej1	
賸	jɨŋ3	
賸	ʑɨŋ3	
賹	ʔaj3	
賻	vu3	
購	qɨw3	
賽	səj3	
賾	dʐak4	
賿	law1	
贀	jwie3	
贁	baj3	
贃	ʔwan3	
贄	tɕi3	
贅	tɕwej3	
贆	pʲew1	
贇	ʔˠwin1	
贈	dzɨŋ3	
贉	dɑm2	
贉	dɑm3	
贊	tsɑn3	
贍	dʑem3	
贎	ɱən3	
贏	jaŋ1	
贑	qɑm2	
贓	tsɑŋ1	
贔	bˠi3	
贕	dɨwk4	
贖	ʑuk4	
贗	ɴan3	
贙	ʁwen2	
贙	ʁwen3	
贚	lˠuŋ3	
贛	qɑm2	
贛	qɨwŋ3	
贛	qɑm3	
赤	tɕʰak4	
赥	χek4	
赦	ɕa3	
赧	ɳan2	
赨	duŋ1	
赩	xˠɨk4	
赫	χak4	
赬	ʈˠʰaŋ1	
赭	tɕa2	
赮	ʁa1	
赯	dɑŋ1	
走	tsɨw2	
走	tsɨw3	
赳	kʲɨw2	
赴	fʰu3	
赶	ɡˠən1	
赶	ɡˠwət4	
起	kˠʰi2	
赹	ɡʲwaŋ1	
赽	qwet4	
赾	kˠʰɨn2	
趀	tsʲʰi1	
趁	ɖˠin1	
趁	ɳˠen2	
趁	ʈˠʰin3	
趃	det4	
趄	tsʲʰɨ1	
超	ʈˠʰew1	
趆	tej1	
趆	tej3	
趉	kˠut4	
越	ɰwət4	
越	ʁwɑt4	
趌	kʲit4	
趌	kʲʰit4	
趌	ɡˠit4	
趌	kʲet4	
趍	ɖˠie1	
趍	tsʲʰu1	
趎	ɖˠu1	
趏	qʰat4	
趏	qwat4	
趑	tsʲʰi1	
趒	tʰew1	
趒	dew1	
趒	tʰew3	
趖	swɑ1	
趗	tsʰɨwk4	
趗	tsʲʰuk4	
趙	ɖˠew2	
趙	ɖˠew3	新
趛	ŋˠim2	
趜	kˠɨwk4	
趜	ɡˠɨwk4	
趝	qem3	
趞	tsʲʰɑk4	
趟	ʈaŋ1	
趟	ʈaŋ3	
趠	ʈʰaw3	
趠	ʈʰawk4	
趡	tsʲʰwi2	
趢	lɨwk4	
趢	lˠuk4	
趣	tsʰɨw2	
趣	tsʲʰu3	
趥	tsʲʰɨw1	
趥	tsʲʰɨwŋ3	
趧	dej1	
趨	tsʲʰu1	
趩	ʈˠʰɨk4	
趪	ʁwɑŋ1	
趫	ɡˠew1	
趫	kˠʰew1	
趬	kʲʰew1	
趬	kˠʰew3	
趭	jew3	
趭	dzʲew3	
趭	tsʲew3	
趮	tsɑw3	
趯	tʰek4	
趲	dzɑn2	
趲	tsɑn3	
趲	dzɑn3	新
足	tsʲu3	
足	tsʲuk4	
趵	pawk4	
趹	qwet4	
趺	fu1	
趼	ɴen1	
趼	qen2	
趼	ɴen3	
趽	fɑŋ1	
趽	bɑŋ1	
趽	fɑŋ3	
趾	tɕi2	
趿	sɑp4	
跀	ŋˠwət4	
跁	ba2	
跁	ba3	
跂	ɡʲie1	
跂	kʲʰie2	
跂	kʲʰie3	
跅	tʰɑk4	
跆	dəj1	
跇	jej3	
跇	ʈˠʰej3	
跈	den2	
跈	nen2	
跈	den3	新
跉	lˠaŋ1	
跉	leŋ1	
跋	bɑt4	
跌	det4	
跍	qʰu1	
跎	dɑ1	
跏	qa1	
跐	tsʲʰie2	
跐	tsʲie2	
跐	tʂie2	
跑	baw1	
跑	bawk4	
跒	qʰa2	
跓	ɖˠu2	
跓	ɖˠu3	新
跔	kˠu1	
跕	tʰep4	
跕	tep4	
跖	tɕak4	
跗	fu1	
跗	vu3	
跙	dzʲɨ2	
跙	dzʲɨ3	新
跚	sɑn1	
跛	pɑ2	
跛	pˠie3	
跜	ɳˠi1	
距	ɡˠɨ2	
距	ɡˠɨ3	新
跟	qən1	
跠	ji1	
跡	tsʲak4	
跢	tɑj3	
跢	tɑ3	
跣	sen2	
跤	qʰaw1	
跦	ʈˠu1	
跧	tsʲwin1	
跧	tʂwan1	
跧	tʂwen1	
跨	qʰwa1	
跨	qʰwa2	
跨	qʰu3	
跨	qʰwa3	
跪	kˠʰwie2	
跪	ɡˠwie2	
跪	ɡˠwie3	新
跫	qʰawŋ1	
跬	kʲʰwie2	
跭	ʁawŋ1	
跮	ʈˠʰi3	
跮	ʈˠʰit4	
路	lu3	
跰	ben1	
跰	paŋ3	
跱	ɖˠi2	
跱	ɖˠi3	新
跲	qap4	
跲	kˠəp4	
跲	ɡˠəp4	
跳	dew1	
跼	ɡˠuk4	
跽	ɡˠi2	
跽	ɡˠi3	新
跾	ɕɨwk4	
踁	ʁeŋ3	
踂	ɳˠep4	
踃	sew1	
踄	bɑk4	
踆	tsʲʰwin1	
踇	mɨw2	
踉	lˠɑŋ1	
踉	lɑŋ1	
踉	lˠɑŋ3	
踊	juŋ2	
踏	tʰɑp4	
踐	dzʲen2	
踐	dzʲen3	新
踑	ɡˠi1	
踒	ʔwɑ1	
踓	tsʲʰwi2	
踓	jwi2	
踔	ʈʰaw3	
踔	ʈʰawk4	
踕	dzʲep4	
踖	tsʲʰɑk4	
踖	tsʲak4	
踖	dzʲak4	
踘	kˠɨwk4	
踘	ɡˠɨwk4	
踚	lˠwin1	
踛	lˠɨwk4	
踜	lɨŋ3	
踝	ʁwa2	
踝	ʁwa3	新
踞	kˠɨ3	
踟	ɖˠie1	
踠	ʔˠwən2	
踡	ɡˠwen1	
踢	tʰek4	
踣	pʰɨw3	
踣	bɨk4	
踤	dzʲwit4	
踥	tsʲʰep4	
踦	kˠʰie1	
踦	kˠie2	
踧	tsʲɨwk4	
踧	dek4	
踰	ju1	
踱	dɑk4	
踳	tɕʰwin2	
踵	tɕuŋ2	
踶	ɖˠie2	
踶	dej3	
踶	ɖˠie3	新
踸	ʈˠʰim2	
踹	dʑwen2	
踹	twɑn3	
踹	dʑwen3	新
踼	dɑŋ1	
踼	tʰɑŋ1	
踼	dɑŋ3	
踽	kˠʰu2	
踽	kˠu2	
踾	fɨwk4	
踾	pˠʰɨk4	
踾	bˠɨk4	
蹀	dep4	
蹁	ben1	
蹁	pen1	
蹂	ɲɨw1	
蹂	ɲɨw2	
蹂	ɲɨw3	
蹃	ɳˠɑk4	
蹃	ɳak4	
蹄	dej1	
蹇	kˠən2	
蹇	kˠen2	
蹈	dɑw3	
蹉	tsʰɑ1	
蹊	ʁej1	
蹋	dɑp4	
蹌	tsʲʰɑŋ1	
蹎	ten1	
蹏	dej1	
蹐	tsʲak4	
蹔	dzɑm3	
蹕	pʲit4	
蹖	ɕuŋ1	
蹙	tsʲɨwk4	
蹛	ɖˠej3	
蹛	tɑj3	
蹜	ʂɨwk4	
蹟	tsʲak4	
蹠	tɕak4	
蹡	tsʲʰɑŋ1	
蹡	tsʲʰɑŋ3	
蹢	ɖˠak4	
蹢	tek4	
蹣	bɑn1	
蹣	mɑn1	
蹤	tsʲuŋ1	
蹨	nen2	
蹨	ɲen2	
蹩	bet4	
蹪	dwəj1	
蹬	dɨŋ3	
蹭	tsʰɨŋ3	
蹮	sen1	
蹯	vən1	
蹱	tɕuŋ1	
蹱	ʈˠʰuŋ1	
蹱	ʈˠʰuŋ3	
蹲	dzwən1	
蹴	tsʲʰɨwk4	
蹴	tsʲɨwk4	
蹶	kˠwej3	
蹶	kˠwət4	
蹶	ɡˠwət4	
蹶	kˠwet4	
蹹	dɑp4	
蹺	kʲʰew1	
蹻	ɡˠew1	
蹻	kʲʰew1	
蹻	kˠew2	
蹻	kˠɑk4	
蹻	ɡˠɑk4	
蹼	pɨwk4	
躁	tsɑw3	
躂	tʰɑt4	
躄	bʲak4	
躄	pʲak4	
躅	ɖˠuk4	
躇	ɖˠɨ1	
躊	ɖˠɨw1	
躋	tsej1	
躋	tsej3	
躍	jɑk4	
躐	lˠep4	
躑	ɖˠak4	
躒	lɑk4	
躒	lek4	
躓	ʈˠi3	
躔	ɖˠen1	
躕	ɖˠu1	
躗	χwaj3	
躘	lˠuŋ1	
躘	lˠuŋ3	
躙	lˠin3	
躚	sen1	
躚	sʲen1	
躝	lɑn1	
躞	sep4	
躟	ɲɑŋ1	
躟	ɲɑŋ2	
躠	sɑt4	
躡	ɳˠep4	
躢	dɑp4	
躣	ɡˠu1	
躤	dzʲa3	
躦	dzɑ1	
躧	ʂie2	
躧	ʂaj2	
躨	ɡˠwi1	
躩	kˠwɑk4	
躩	kˠʰwɑk4	
身	ɕin1	
躬	kˠɨwŋ1	
躳	kˠɨwŋ1	
躴	lɑŋ1	
躶	lwɑ2	
躷	ʔaj2	
躸	kˠie1	
躽	ʔen2	
躽	ʔˠen3	
躿	qʰɑŋ1	
軀	kˠʰu1	
軄	tɕɨk4	
軆	tʰej2	
車	kˠɨ1	
車	tɕʰa1	
軋	ʔat4	
軌	kˠwi2	
軍	kˠun1	
軎	ɰwej3	
軎	zʲwej3	
軏	ŋˠwət4	
軏	ɴwət4	
軐	sen3	
軑	dej3	
軑	dɑj3	
軒	xˠən1	
軓	vəm2	
軓	vəm3	新
軔	ɲin3	
軖	ɡˠwɑŋ1	
軘	dwən1	
軜	nɑp4	
軝	ɡʲie1	
軟	ɲwen2	
軤	χu1	
軥	ɡˠu1	
軥	qɨw1	
軥	qɨw3	
軧	tej2	
軨	leŋ1	
軩	dəj2	
軩	dəj3	新
軪	ʔaw1	
軪	ʔaw3	
軫	tɕin2	
軬	vən2	
軬	vən3	新
軭	kˠʰwɑŋ1	
軭	ɡˠwɑŋ1	
軮	ʔɑŋ2	
軱	qu1	
軲	qʰu1	
軳	bɑw1	
軴	ʈˠu3	
軵	ɲuŋ2	
軶	ʔak4	
軷	bɑj3	
軷	bɑt4	
軸	ɖˠɨwk4	
軹	tɕie2	
軺	jew1	
軺	dʑew1	
軻	qʰɑ1	
軻	qʰɑ2	
軻	qʰɑ3	
軼	jit4	
軼	det4	
軾	ɕɨk4	
軿	ben1	
軿	beŋ1	
輀	ɲi1	
輁	ɡˠuŋ1	
輁	kˠuŋ2	
輂	kˠuk4	
較	qaw3	
較	qawk4	
輄	qwɑŋ1	
輅	lu3	
輆	qʰəj2	
輇	dʑwen1	
輈	ʈˠɨw1	
載	tsəj2	
載	tsəj3	
載	dzəj3	
輊	ʈˠi3	
輍	juk4	
輎	ʂaw1	
輑	kˠʰwin1	
輒	ʈˠep4	
輓	ɱən2	
輓	ɱən3	
輔	vu2	
輔	vu3	新
輕	kʲʰaŋ1	
輕	kʲʰaŋ3	
輖	tɕɨw1	
輗	ɴej1	
輘	lɨŋ1	
輚	dʐan2	
輚	dʐan3	
輜	tʂʰi1	
輜	tʂi1	
輝	xˠuj1	
輞	ɱɑŋ2	
輟	ʈˠwej3	
輟	ʈˠwet4	
輠	ʁwəj2	
輠	qwɑ2	
輠	ʁwɑ2	
輠	ʁwa2	
輠	ʁwəj3	新
輠	ʁwɑ3	新
輠	ʁwa3	新
輡	qʰɑm2	
輢	ʔˠie2	
輢	ɡˠie3	
輢	ʔˠie3	
輣	baŋ1	
輤	tsʰen3	
輥	qwən2	
輦	lˠen2	
輨	qwɑn2	
輩	pəj3	
輪	lˠwin1	
輫	baj1	
輫	bəj1	
輬	lˠɑŋ1	
輭	ɲwen2	
輮	ɲɨw2	
輮	ɲɨw3	
輯	dzʲip4	
輰	jɑŋ1	
輱	ʁam1	
輲	dʑwen1	
輳	tsʰɨw3	
輴	ʈˠʰwin1	
輵	qɑt4	
輶	jɨw1	
輶	jɨw2	
輶	jɨw3	
輷	χwaŋ1	
輷	χwaŋ3	
輸	ɕu1	
輸	ɕu3	
輹	fɨwk4	
輹	vɨwk4	
輻	fɨw3	
輻	fɨwk4	
輾	ʈˠen2	
輾	ɳˠen3	
輿	jɨ1	
輿	jɨ3	
轀	ʔwən1	
轂	qɨwk4	
轃	tʂin1	
轃	tsen1	
轄	qʰɑj3	
轄	ʁat4	
轅	ɰwən1	
轆	lɨwk4	
轇	qaw1	
轈	dʐaw1	
轉	ʈˠwen2	
轉	ʈˠwen3	
轊	ɰwej3	
轊	zʲwej3	
轍	ɖˠet4	
轎	ɡˠew1	
轎	ɡˠew3	
轏	dʐan2	
轏	dʐan3	新
轐	pɨwk4	
轐	buk4	
轑	lɑw2	
轒	vun1	
轒	vun2	
轒	vun3	新
轓	fʰən1	
轓	fən1	
轔	lˠin1	
轔	lˠin3	
轖	ʂɨk4	
轗	qʰɑm2	
轗	qʰɑm3	
轘	ʁwan1	
轘	ʁwan3	
轙	ŋˠie1	
轙	ŋˠie2	
轚	qej3	
轚	qek4	
轛	ʈˠwi3	
轛	twəj3	
轞	ʁam2	
轞	ʁam3	新
轟	χwaŋ1	
轟	χwaŋ3	
轠	lwəj1	
轠	lˠwi2	
轡	pˠi3	
轢	lɑt4	
轢	lɑk4	
轢	lek4	
轤	lu1	
轥	lˠin3	
辛	sʲin1	
辜	qu1	
辝	zʲi1	
辟	bʲak4	
辟	pʲak4	
辟	pʲʰak4	
辠	dzwəj2	
辠	dzwəj3	新
辡	bˠen2	
辡	pˠen2	
辡	bˠen3	新
辢	lɑt4	
辤	zʲi1	
辥	sʲet4	
辦	ban3	
辨	bˠen2	
辨	ban3	
辨	bˠen3	新
辬	pan1	
辭	zʲi1	
辮	ben2	
辮	ben3	新
辯	bˠen2	
辯	bˠen3	新
辰	dʑin1	
辱	ɲuk4	
農	nuŋ1	
辳	nuŋ1	
辴	ʈˠʰi1	
辴	ʈˠʰin2	
辵	ʈˠʰɑk4	
辸	ɲɨŋ1	
达	tʰej3	
迀	qɑn1	
迁	tsʰen1	
迂	ɰu1	
迂	ʔˠu1	
迂	ʔˠu2	
迄	xˠɨt4	
迅	sʲin3	
迅	sʲwin3	
迆	jie1	
迆	jie2	
迊	tsɑp4	
迋	kˠwɑŋ2	
迋	ɰwɑŋ3	
迍	ʈˠwin1	
迎	ŋˠaŋ1	
迎	ŋˠaŋ3	
近	ɡˠɨn2	
近	ɡˠɨn3	
迒	qɑŋ1	
迒	ʁɑŋ1	
迓	ɴa3	
返	fən2	
迕	ɴu3	
迡	nej3	
迢	dew1	
迣	tɕej3	
迥	ʁweŋ2	
迥	ʁweŋ3	新
迦	kˠɑ1	
迦	qa1	
迨	dəj2	
迨	dəj3	新
迪	dek4	
迫	pak4	
迭	det4	
迮	tsɑk4	
迮	tʂak4	
述	ʑwit4	
迱	dɑ1	
迴	ʁwəj1	
迴	ʁwəj3	
迵	dɨwŋ3	
迷	mej1	
迸	paŋ3	
迹	tsʲak4	
迺	nəj2	
迻	jie1	
追	ʈˠwi1	
迾	lˠet4	
迿	sʲwin3	
迿	ʁwen3	
退	tʰwəj3	
送	sɨwŋ3	
适	qwɑt4	
适	qʰwɑt4	
逃	dɑw1	
逄	bawŋ1	
逅	ʁɨw3	
逆	ŋˠak4	
逋	pu1	
逍	sʲew1	
逎	tsʲɨw1	
透	tʰɨw3	
透	ɕɨwk4	
逐	ɖˠɨwk4	
逑	ɡˠɨw1	
途	du1	
逕	qeŋ3	
逖	tʰek4	
逗	ɖˠu3	
逗	dɨw3	
這	ŋˠen3	
通	tʰɨwŋ1	
逛	kˠwɑŋ2	
逜	ɴu3	
逝	dʑej3	
逞	ʈˠʰaŋ2	
速	sɨwk4	
造	dzɑw2	
造	tsʰɑw3	
造	dzɑw3	新
逡	tsʲʰwin1	
逢	vuŋ1	
連	lˠen1	
逨	ləj1	
逨	ləj3	
逪	tsʰɑk4	
逫	ʈˠwit4	
逭	ʁwɑn3	
逮	dej3	
逮	dəj3	
逯	lˠuk4	
進	tsʲin3	
逳	jɨwk4	
逴	ʈʰawk4	
逴	ʈˠʰɑk4	
逵	ɡˠwi1	
逶	ʔˠwie1	
逷	tʰek4	
逸	jit4	
逼	pˠɨk4	
逽	ɳˠɑk4	
逾	ju1	
逿	dɑŋ3	
遁	dwən2	
遁	dwən3	
遂	zʲwi3	
遃	ŋˠen2	
遄	dʑwen1	
遇	ŋˠu3	
遈	dʑɨk4	
遉	ʈˠʰaŋ3	
遊	jɨw1	
運	ɰun3	
遌	ɴɑk4	
遍	pen3	
過	qwɑ1	
過	qwɑ3	
遏	ʔɑt4	
遐	ʁa1	
遑	ʁwɑŋ1	
遒	tsʲɨw1	
遒	dzʲɨw1	
道	dɑw2	
道	dɑw3	新
達	tʰɑt4	
達	dɑt4	
違	ɰuj1	
遘	qɨw3	
遙	jew1	
遚	tʂʰɨw3	
遛	lˠɨw1	
遜	swən3	
遝	dɑp4	
遞	dej2	
遞	dej3	
遟	ɖˠi1	
遟	ɖˠi3	
遠	ɰwən2	
遠	ɰwən3	
遡	su3	
遢	tʰɑp4	
遣	kʲʰen2	
遣	kʲʰen3	
遦	qwɑn3	
遨	ɴɑw1	
適	ɕak4	
適	tɕak4	
適	tek4	
遪	tsʰɑp4	
遫	ʈˠʰɨk4	
遬	sɨwk4	
遭	tsɑw1	
遮	tɕa1	
遯	dwən2	
遯	dwən3	
遰	dej3	
遱	lɨw1	
遲	ɖˠi1	
遳	tsʰwɑ1	
遴	lˠin3	
遵	tsʲwin1	
遶	ɲew2	
遷	tsʲʰen1	
選	sʲwen2	
選	sʲwen3	
遹	jwit4	
遺	jwi1	
遺	jwi3	
遻	ɴu3	
遼	lew1	
遽	ɡˠɨ3	
遾	dʑej3	
避	bʲie3	
邀	qew1	
邀	ʔʲew1	
邁	maj3	
邂	ʁaj3	
邃	sʲwi3	
還	ʁwan1	
還	zʲwen1	
邅	ʈˠen1	
邅	ɖˠen2	
邅	ɖˠen3	
邇	ɲie2	
邈	mawk4	
邊	pen1	
邋	lɑp4	
邋	lˠep4	
邌	lej1	
邏	lɑ3	
邐	lˠie2	
邑	ʔˠip4	
邔	kˠʰi2	
邔	ɡˠi3	
邕	ʔˠuŋ1	
邖	ʂan1	
邗	ʁɑn1	
邗	qɑn1	
邘	ɰu1	
邙	ɱɑŋ1	
邙	mɑŋ1	
邛	ɡˠuŋ1	
邞	fu1	
邟	qʰɑŋ1	
邟	ʁɑŋ1	
邟	qʰɑŋ3	
邠	pˠin1	
邡	fɑŋ1	
邡	fʰɑŋ3	
邢	qʰen1	
邢	ʁeŋ1	
那	nɑ1	
那	nɑ2	
那	nɑ3	
邤	xˠɨn1	
邥	ɕim2	
邦	pawŋ1	
邧	ŋˠwən1	
邧	ŋˠwən2	
邨	dwən1	
邩	χwɑ2	
邪	ja1	
邪	zʲa1	
邭	kˠu3	
邮	jɨw1	
邮	dek4	
邯	ʁɑn1	
邯	ʁɑm1	
邰	tʰəj1	
邱	kˠʰɨw1	
邲	bʲit4	
邲	bˠit4	
邳	bˠi1	
邴	pˠaŋ2	
邴	pˠaŋ3	
邵	dʑew3	
邶	bəj3	
邷	ɴwa2	
邸	tej2	
邼	kˠʰwɑŋ1	
邽	qwej1	
邾	ʈˠu1	
邿	ɕi1	
郀	qʰu1	
郁	ʔˠɨwk4	
郂	qəj1	
郃	ʁɑp4	
郃	qɑp4	
郅	tɕit4	
郆	kʲit4	
郇	sʲwin1	
郇	ʁwan1	
郈	ʁɨw2	
郈	ʁɨw3	新
郊	qaw1	
郋	ʁej1	
郎	lɑŋ1	
郔	jen1	
郕	dʑaŋ1	
郖	tɨw1	
郖	dɨw3	
郗	ʈˠʰi1	
郘	lˠɨ2	
郙	fʰu1	
郙	fu2	
郚	ɴu1	
郛	fʰu1	
郜	qɑw3	
郜	quk4	
郝	χɑk4	
郝	ɕak4	
郝	tɕʰak4	
郟	qap4	
郠	qaŋ2	
郡	ɡˠun3	
郢	jaŋ2	
郣	bət4	
郤	kˠʰak4	
部	bu2	
部	bɨw2	
部	bu3	新
郩	ʔɑw2	
郪	tsʲʰi1	
郪	tsʰej1	
郫	bˠie1	
郫	bʲie1	
郫	baj1	
郭	qwɑk4	
郮	tɕɨw1	
郯	dɑm1	
郰	tʂɨw1	
郱	beŋ1	
郲	ləj1	
郲	lwəj2	
郳	ɴej1	
郴	ʈˠʰim1	
郵	ɰɨw1	
郹	qwek4	
郺	ʔˠuŋ1	
郺	ʔɨwŋ2	
郻	qʰew1	
郼	ʔˠɨj1	
都	tu1	
郾	ʔˠən2	
郾	ʔˠən3	
郿	mˠi1	
郿	mˠi3	
鄀	ɲɑk4	
鄁	bəj3	
鄂	ɴɑk4	
鄃	ju1	
鄃	ɕu1	
鄄	kʲwen3	
鄅	ɰu2	
鄆	ɰun3	
鄇	ʁɨw1	
鄇	ʁɨw3	
鄈	ɡʲwi1	
鄉	xˠɑŋ1	
鄋	ʂɨw1	
鄍	meŋ1	
鄎	sʲɨk4	
鄏	ɲuk4	
鄐	xˠɨwk4	
鄐	ʈˠʰɨwk4	
鄑	tsʲie1	
鄒	tʂɨw1	
鄔	ʔu1	
鄔	ʔu2	
鄔	ʔˠɨ3	
鄖	ɰun1	
鄗	qʰaw1	
鄗	ʁɑw2	
鄗	χɑk4	
鄗	ʁɑw3	新
鄘	juŋ1	
鄙	pˠi2	
鄚	mɑk4	
鄛	dʐaw1	
鄜	fʰu1	
鄜	lɨwk4	
鄝	lew2	
鄞	ŋˠin1	
鄞	ŋˠɨn1	
鄟	dwɑn1	
鄟	tɕwen1	
鄟	dʑwen2	
鄟	dʑwen3	新
鄠	ʁu2	
鄠	ʁu3	新
鄡	qʰew1	
鄢	ʔˠen1	
鄢	ʔˠən2	
鄢	ʔˠən3	
鄣	tɕɑŋ1	
鄦	xˠɨ2	
鄧	dɨŋ3	
鄨	pʲej3	
鄨	pʲet4	
鄩	zʲim1	
鄪	pˠi3	
鄫	dzʲɨŋ1	
鄬	ɰwie1	
鄬	ɰwie2	
鄭	ɖˠaŋ3	
鄮	mɨw3	
鄯	dʑen2	
鄯	dʑen3	
鄰	lˠin1	
鄱	bɑ1	
鄲	tɑn1	
鄳	maŋ1	
鄳	maŋ2	
鄴	ŋˠəp4	
鄵	tsʰɑw3	
鄶	qwɑj3	
鄸	mɨwŋ1	
鄸	mɨwŋ3	
鄹	tʂɨw1	
鄹	dzʲu2	
鄹	dzʲu3	新
鄺	χwɑŋ1	
鄺	qwɑŋ2	
鄻	lˠen2	
鄽	ɖˠen1	
鄾	ʔˠɨw1	
酀	ʔen3	
酁	dʐam1	
酃	leŋ1	
酄	χwɑn1	
酅	ʁwej1	
酆	fʰɨwŋ1	
酇	dzwɑn1	
酇	tswɑn2	
酇	tsɑn3	
酈	lˠie1	
酈	lek4	
酉	jɨw2	
酊	teŋ2	
酋	dzʲɨw1	
酌	tɕɑk4	
配	pʰəj3	
酎	ɖˠɨw3	
酏	jie1	
酏	jie2	
酐	χɑŋ2	
酒	tsʲɨw2	
酓	ʔʲem2	
酓	ʔem3	
酕	mɑw1	
酖	tɑm1	
酗	xˠu3	
酘	dɨw3	
酡	dɑ1	
酢	dzɑk4	
酣	ʁɑm1	
酤	qu1	
酤	ʁu2	
酤	qu3	
酤	ʁu3	新
酥	su1	
酨	dəj3	
酨	dzəj3	
酩	meŋ2	
酪	lɑk4	
酬	dʑɨw1	
酭	ɰɨw3	
酮	dɨwŋ1	
酮	dɨwŋ2	
酮	dɨwŋ3	新
酲	ɖˠaŋ1	
酳	jin3	
酴	du1	
酵	qaw3	
酷	qʰuk4	
酸	swɑn1	
酹	lwɑj3	
酹	lwəj3	
酺	bu1	
醁	lˠuk4	
醂	lɑm2	
醃	ʔˠem1	
醃	ʔˠəm1	
醅	pʰəj1	
醅	fʰɨw1	
醆	tʂan2	
醆	tɕen2	
醇	dʑwin1	
醉	tsʲwi3	
醊	ʈˠwej3	
醊	ʈˠwet4	
醋	tsʰu3	
醍	dej1	
醍	tʰej2	
醎	ʁam1	
醏	tu1	
醐	ʁu1	
醑	sʲɨ2	
醒	seŋ1	
醒	seŋ2	
醒	seŋ3	
醔	tʂʰɨw1	
醙	ʂɨw1	
醙	sʲɨw2	
醜	tɕʰɨw2	
醝	dzɑ1	
醞	ʔˠun2	
醞	ʔˠun3	
醟	ɰwaŋ3	
醟	xʲwaŋ3	
醠	ʔɑŋ2	
醠	ʔɑŋ3	
醡	tʂa3	
醢	χəj2	
醥	pʲʰew2	
醦	tʂʰim2	
醦	ʂam2	
醧	ʔɨw1	
醧	ʔˠɨ3	
醨	lˠie1	
醩	tsɑw1	
醪	lɑw1	
醫	ʔˠi1	
醬	tsʲɑŋ3	
醭	pʰɨwk4	
醮	tsʲew3	
醯	χej1	
醰	dɑm2	
醰	dɑm3	
醲	ɳˠuŋ1	
醳	jak4	
醴	lej2	
醵	ɡˠɨ1	
醵	ɡˠɨ3	
醵	ɡˠɑk4	
醶	lam2	
醶	tʂʰam2	
醷	ʔˠi2	
醷	ʔˠɨk4	
醹	ɲu1	
醹	ɲu2	
醺	xˠun1	
醻	dʑɨw1	
醼	ʔen3	
醽	leŋ1	
醿	mˠie1	
釀	ɳˠɑŋ3	
釁	xˠin3	
釂	tsʲew3	
釃	ʂie1	
釃	ʂɨ1	
釃	ʂie2	
釅	ŋˠəm3	
釆	ban3	
采	tsʰəj2	
釋	ɕak4	
里	lˠi2	
重	ɖˠuŋ1	
重	ɖˠuŋ2	
重	ɖˠuŋ3	
野	dʑɨ2	
野	ja2	
野	dʑɨ3	新
量	lˠɑŋ1	
量	lˠɑŋ3	
釐	lˠi1	
金	kˠim1	
釕	tew2	
釗	qew1	
釗	tɕew1	
釘	teŋ1	
釘	teŋ3	
釚	ɡˠɨw1	
釜	vu2	
釜	vu3	新
針	tɕim1	
針	tɕim3	
釟	pat4	
釣	tew3	
釤	ʂam3	
釥	tsʲʰew2	
釦	qʰɨw2	
釧	tɕʰwen3	
釩	fʰəm2	
釪	ɰu1	
釫	ʔu1	
釫	ʁwa1	
釬	ʁɑn3	
釭	qɨwŋ1	
釭	quŋ1	
釭	qawŋ1	
釱	dej3	
釱	dɑj3	
釳	xˠɨt4	
釴	jɨk4	
釵	tʂʰaj1	
釵	tʂʰa1	新
釾	ja1	
釿	kˠɨn1	
釿	ŋˠin2	
鈀	pʰa1	
鈀	pa1	
鈁	fɑŋ1	
鈂	ɖˠim1	
鈂	dzʲim1	
鈃	ʁeŋ1	
鈄	tʰɨw2	
鈅	ŋˠwət4	
鈆	tɕuŋ1	
鈆	jwen1	
鈇	fu1	
鈉	ɲwej3	
鈋	ɴwɑ1	
鈌	qwet4	
鈍	dwən3	
鈏	jin2	
鈏	jin3	
鈐	ɡˠem1	
鈑	pan2	
鈒	ʂip4	
鈒	sɑp4	
鈔	tʂʰaw1	
鈔	tʂʰaw3	
鈕	ɳˠɨw2	
鈙	ɡˠim3	
鈚	bʲi1	
鈚	pʰej1	
鈜	ʁwaŋ1	
鈞	kʲwin1	
鈠	jwak4	
鈭	tsʲie1	
鈭	tsʲʰie1	
鈯	dwət4	
鈱	mˠin1	
鈳	ʔɑ1	
鈴	leŋ1	
鈵	pˠaŋ3	
鈶	zʲi2	
鈶	zʲi3	新
鈷	qu2	
鈸	bɑt4	
鈹	pˠʰie1	
鈼	dzɑk4	
鈿	den1	
鈿	den3	
鉀	qɑp4	
鉀	qap4	
鉅	ɡˠɨ2	
鉅	ɡˠɨ3	新
鉆	ɡˠem1	
鉆	tʰep4	
鉈	ɕie1	
鉈	dʑa1	
鉉	ʁwen2	
鉉	ʁwen3	新
鉊	tɕew1	
鉋	baw1	
鉋	baw3	
鉌	ʁwɑ1	
鉍	pˠi3	
鉍	pˠit4	
鉎	ʂaŋ1	
鉎	seŋ1	
鉏	dʐɨ1	
鉏	dʐɨ2	
鉏	dʐɨ3	新
鉐	dʑak4	
鉒	ʈˠu3	
鉖	duŋ1	
鉗	ɡˠem1	
鉛	jwen1	
鉜	vɨw1	
鉞	ɰwət4	
鉟	bˠi1	
鉟	pˠʰi1	
鉠	ʔˠɑŋ1	
鉠	ʔˠaŋ1	
鉢	pɑt4	
鉣	kˠəp4	
鉤	qɨw1	
鉦	tɕaŋ1	
鉵	duŋ1	
鉶	ʁeŋ1	
鉷	ʁɨwŋ1	
鉸	qaw1	
鉸	qaw2	
鉸	qaw3	
鉹	jie1	
鉹	tɕʰie2	
鉻	lɑk4	
鉻	qak4	
鉼	pʲaŋ2	
鉽	ɕɨk4	
鉿	qɑp4	
銀	ŋˠin1	
銃	tɕʰɨwŋ3	
銅	dɨwŋ1	
銆	mak4	
銇	lwəj3	
銉	jwit4	
銊	sʲwit4	
銋	ɲim1	
銋	ɲim2	
銍	tɕit4	
銍	ʈˠit4	
銎	xˠuŋ1	
銎	kˠʰuŋ1	
銐	tɕʰej3	
銐	ɖˠej3	
銑	sen2	
銓	tsʲʰwen1	
銕	dej1	
銕	tʰet4	
銖	dʑu1	
銗	ʁɨw1	
銘	meŋ1	
銙	qʰwa2	
銚	tʰew1	
銚	jew1	
銚	dew3	
銛	sʲem1	
銛	tʰem2	
銛	qwɑt4	
銜	ʁam1	
銳	jwej3	
銳	dwɑj3	
銴	jwej3	
銴	dʑej3	
銵	qʰaŋ1	
銶	ɡˠɨw1	
銷	sʲew1	
銻	dej1	
銼	dzwɑ1	
銼	tsʰwɑ3	
銼	dzɨwk4	
銿	juŋ1	
鋀	tʰɨw1	
鋂	məj1	
鋃	lɑŋ1	
鋇	pɑj3	
鋈	ʔuk4	
鋊	juk4	
鋋	jen1	
鋋	dʑen1	
鋌	deŋ2	
鋌	deŋ3	新
鋏	qep4	
鋑	tsʲwen1	
鋒	fʰuŋ1	
鋖	sʲi1	
鋗	χwen1	
鋘	ɴu1	
鋘	ʁwa1	
鋙	ŋˠɨ1	
鋙	ŋˠɨ2	
鋚	dew1	
鋜	dʐawk4	
鋝	lˠwet4	
鋞	ʁeŋ1	
鋞	ʁeŋ2	
鋞	ʁeŋ3	新
鋟	tsʲem1	
鋟	tsʲʰim2	
鋠	dʑin2	
鋠	dʑin3	新
鋡	ʁɑm1	
鋤	dʐɨ1	
鋥	ɖaŋ3	
鋦	kˠuk4	
鋩	ɱɑŋ1	
鋪	fʰu1	
鋪	pʰu1	
鋪	pʰu3	
鋸	kˠɨ3	
鋹	ʈˠʰɑŋ2	
鋻	qen1	
鋻	qen3	
鋼	qɑŋ1	
鋼	qɑŋ3	
鋽	tʰew3	
鋿	dʑɑŋ1	
錀	fʰun1	
錄	lˠuk4	
錉	mˠin1	
錊	tsuk4	
錍	pʲie1	
錍	pʰej1	
錎	qʰɑm2	
錎	ʁam3	
錏	ʔa1	
錐	tɕwi1	
錑	lwəj3	
錔	tʰɑp4	
錕	qwən1	
錕	qwən2	
錖	tuk4	
錘	ɖˠwie1	
錘	ɖˠwie3	
錙	tʂi1	
錚	tʂʰaŋ1	
錜	nep4	
錝	tsuŋ3	
錞	dʑwin1	
錞	dwəj2	
錞	dwəj3	
錟	dɑm1	
錠	deŋ3	
錠	teŋ3	
錡	ɡˠie1	
錡	ɡˠie2	
錡	ŋˠie2	
錡	ɡˠie3	新
錢	dzʲen1	
錢	tsʲen2	
錣	ʈˠwej3	
錣	ʈwat4	
錤	ɡˠi1	
錤	kˠi1	
錥	jɨwk4	
錦	kˠim2	
錧	qwɑn2	
錧	qwɑn3	
錪	tʰen2	
錪	ten2	
錫	sek4	
錭	dɑw1	
錮	qu3	
錯	tsʰu3	
錯	tsʰɑk4	
錽	ɱəm2	
鍇	qaj1	
鍇	qʰaj2	
鍉	tej1	
鍊	len3	
鍋	qwɑ1	
鍍	du1	
鍍	du3	
鍎	dwət4	
鍏	ɰuj1	
鍏	ɰuj2	
鍑	fɨw3	
鍑	fɨwk4	
鍒	ɲɨw1	
鍔	ɴɑk4	
鍖	ʈˠʰim2	
鍚	jɑŋ1	
鍛	twɑn3	
鍜	ʁa1	
鍝	ŋˠu1	
鍠	ʁwaŋ1	
鍡	ʔwəj2	
鍤	ʈˠʰep4	
鍤	tʂʰap4	
鍥	qet4	
鍥	qʰet4	
鍦	ɕie1	
鍦	dʑa1	
鍦	ɕie3	
鍧	χwaŋ1	
鍨	ɡˠwi1	
鍪	mɨw1	
鍫	tsʲʰew1	
鍭	ʁɨw1	
鍭	ʁɨw3	
鍮	tʰɨw1	
鍰	ʁwan1	
鍱	jep4	
鍴	twɑn1	
鍵	ɡˠen1	
鍵	ɡˠən2	
鍵	ɡˠen2	
鍵	ɡˠən3	新
鍵	ɡˠen3	新
鍺	twɑ2	
鍻	kˠət4	
鍼	tɕim1	
鍼	ɡˠem1	
鍼	ɡʲem1	
鍾	tɕuŋ1	
鎁	ja1	
鎈	tʂʰa1	
鎊	pʰɑŋ1	
鎋	ʁat4	
鎌	lˠem1	
鎎	xˠɨj3	
鎐	tsɨwk4	
鎒	nɨw3	
鎔	juŋ1	
鎕	dɑŋ1	
鎖	swɑ2	
鎗	tʂʰaŋ1	
鎘	lek4	
鎚	ɖˠwi1	
鎚	twəj1	
鎚	ɖˠwi3	
鎛	pɑk4	
鎜	bɑn1	
鎞	pej1	
鎡	tsʲi1	
鎢	ʔu1	
鎣	jwaŋ1	
鎣	ʔweŋ3	
鎦	lˠɨw1	
鎧	qʰəj2	
鎧	qʰəj3	
鎩	ʂej3	
鎩	ʂaj3	
鎩	ʂat4	
鎪	ʂɨw1	
鎬	ʁɑw2	
鎬	ʁɑw3	新
鎮	ʈˠin1	
鎮	ʈˠin3	
鎰	jit4	
鏀	lu2	
鏂	ʔɨw1	
鏃	tsɨwk4	
鏆	qwɑn3	
鏇	zʲwen1	
鏇	zʲwen3	
鏈	ʈˠʰen1	
鏈	lˠen1	
鏉	sɨw1	
鏉	ʂɨw3	
鏉	sɨw3	
鏊	ɴɑw3	
鏋	mɑn2	
鏌	mɑk4	
鏎	pʲit4	
鏏	zʲwej3	
鏐	lˠɨw1	
鏑	tek4	
鏓	tsʰɨwŋ1	
鏔	ji1	
鏕	lɨwk4	
鏖	ʔɑw1	
鏗	qʰaŋ1	
鏘	tsʲʰɑŋ1	
鏙	tsʰwəj2	
鏚	tsʰek4	
鏜	tʰɑŋ1	
鏝	mɑn1	
鏝	mɑn3	
鏞	juŋ1	
鏟	tʂʰan2	
鏟	tʂʰan3	
鏡	kˠaŋ3	
鏢	pʲʰew1	
鏤	lˠu1	
鏤	lɨw3	
鏦	tsʲʰuŋ1	
鏦	tʂʰawŋ1	
鏨	dzɑm1	
鏨	dʐam1	
鏨	dzɑm2	
鏨	dzʲem2	
鏨	dzɑm3	
鏨	dzʲem3	新
鏳	dʐaŋ1	
鏵	ʁwa1	
鏶	dzʲip4	
鏶	tsʲʰep4	
鏷	buk4	
鏸	ʁwej3	
鏹	kˠɑŋ2	
鏺	pʰɑt4	
鏻	lˠin1	
鏻	leŋ1	
鏻	lˠin3	
鏾	sɑn2	
鐁	sʲie1	
鐃	ɳaw1	
鐄	ʁwaŋ1	
鐅	pʰet4	
鐆	zʲwi3	
鐇	vən1	
鐇	fən1	
鐈	ɡˠew1	
鐉	tsʲʰwen1	
鐋	tʰɑŋ3	
鐍	qwet4	
鐎	dzʲew1	
鐎	tsʲew1	
鐏	dzwən3	
鐐	lew1	
鐐	lew3	
鐓	dwəj3	
鐔	zʲim1	
鐔	jim1	
鐔	dɑm1	
鐕	tsɑm1	
鐖	kˠɨj1	
鐘	tɕuŋ1	
鐙	tɨŋ3	
鐧	qan3	
鐩	zʲwi3	
鐪	lu2	
鐫	tsʲwen1	
鐬	χwɑj3	
鐮	lˠem1	
鐯	ʈˠɑk4	
鐰	tsʲʰew1	
鐰	dzɑw1	
鐲	dʑuk4	
鐲	ɖawk4	
鐳	lwəj1	
鐴	pʲak4	
鐵	tʰet4	
鐶	ʁwan1	
鐸	dɑk4	
鐹	qwɑ2	
鐹	qwɑ3	
鐺	tɑŋ1	
鐺	tʂʰaŋ1	
鐻	ɡˠɨ1	
鐻	ɡˠɨ2	
鐻	kˠɨ3	
鐻	ɡˠɨ3	新
鐼	vun1	
鐼	xˠun3	
鑄	tɕu3	
鑈	nej2	
鑈	nep4	
鑊	ʁwɑk4	
鑋	kʲʰaŋ1	
鑋	qʰeŋ3	
鑌	pʲin1	
鑏	ɳaŋ1	
鑐	sʲu1	
鑑	qam1	
鑑	qam3	
鑒	qam3	
鑕	tɕit4	
鑗	lˠi1	
鑘	lwəj1	
鑘	lwəj2	
鑛	qwaŋ2	
鑞	lɑp4	
鑠	ɕɑk4	
鑢	lˠɨ3	
鑣	pˠew1	
鑩	ɴɑk4	
鑪	lu1	
鑭	lɑn3	
鑮	bɑk4	
鑮	pɑk4	
鑯	tsʲem1	
鑰	jɑk4	
鑱	dʐam1	
鑱	dʐam3	
鑲	ɲɑŋ1	
鑲	sʲɑŋ1	
鑲	ɳˠɑŋ1	
鑳	ɡˠen2	
鑳	ɡˠen3	新
鑴	xʲwie1	
鑴	ʁwej1	
鑷	ɳˠep4	
鑹	tsʰwɑn3	
鑺	ɡˠu1	
鑼	lɑ1	
鑽	tswɑn1	
鑽	tswɑn3	
鑾	lwɑn1	
鑿	dzɨwk4	
鑿	tsɑk4	
鑿	dzɑk4	
钀	ŋˠət4	
钀	ŋˠet4	
钁	kˠwɑk4	
钃	ʈˠuk4	
長	ɖˠɑŋ1	
長	ʈˠɑŋ2	
長	ɖˠɑŋ3	
镺	ʔɑw2	
镺	ʔɑw3	
镻	det4	
镽	lew2	
镾	mʲie1	
門	mən1	
閃	ɕem2	
閃	ɕem3	
閇	pej3	
閈	ʁɑn3	
閉	pej3	
閉	pet4	
開	qʰəj1	
閌	qʰɑŋ3	
閍	paŋ1	
閎	ʁwaŋ1	
閏	ɲwin3	
閐	sɑm3	
閑	ʁan1	
閒	qan1	
閒	qan3	
閔	mˠin2	
閘	qɑp4	
閘	ʔap4	
閛	pʰaŋ1	
閜	χa2	
閝	leŋ1	
閞	vən3	
閞	bˠen3	
閟	pˠi3	
閡	ɴəj3	
関	qwan1	
閣	qɑk4	
閤	qɑp4	
閥	vət4	
閨	qwej1	
閩	mˠin1	
閩	ɱun1	
閫	qʰwən2	
閬	lɑŋ1	
閬	lɑŋ3	
閭	lˠɨ1	
閰	kˠɨwk4	
閱	jwet4	
閵	lˠin3	
閶	tɕʰɑŋ1	
閷	ʂaj3	
閹	ʔˠem1	
閹	ʔˠem2	
閻	jem1	
閼	ʔen1	
閼	ʔˠen1	
閼	ʔˠət4	
閼	ʔɑt4	
閽	χwən1	
閾	xˠwɨk4	
闃	qʰwek4	
闄	ʔʲew2	
闅	mˠin1	
闅	mʲin1	
闅	ɱun1	
闇	ʔɑm3	
闈	ɰuj1	
闉	ʔʲin1	
闊	qʰwɑt4	
闋	qʰwet4	
闌	lɑn1	
闍	tu1	
闍	dʑa1	
闐	den1	
闐	den3	
闑	ɴet4	
闑	ŋˠet4	
闒	dɑp4	
闓	qʰəj2	
闓	qʰəj3	
闔	ʁɑp4	
闕	kˠʰwət4	
闖	ʈˠʰim3	
闙	qʰej2	
闚	kʲʰwie1	
闛	dɑŋ1	
闛	tʰɑŋ1	
關	qwan1	
闞	qʰɑm3	
闞	χam3	
闟	xˠip4	
闠	ʁwəj3	
闡	tɕʰen2	
闢	bʲak4	
闣	tɑŋ3	
闤	ʁwan1	
闥	tʰɑt4	
阜	vɨw2	
阜	vu2	新
阜	vu3	新
阞	lɨk4	
阠	ʂin1	
阠	sʲin3	
阠	ɕin3	
阡	tsʰen1	
阤	ɖˠie2	
阤	ɕie2	
阤	ɖˠie3	新
阧	tɨw2	
阪	fən2	
阪	ban2	
阪	ban3	新
阬	qʰaŋ1	
阬	qʰɑŋ3	
阮	ŋˠwən1	
阮	ŋˠwən2	
阯	tɕi2	
阰	bʲi1	
阱	dzʲaŋ2	
阱	dzʲaŋ3	新
防	vɑŋ1	
防	vɑŋ3	
阸	ʔaj3	
阸	ʔak4	
阹	kˠʰɨ1	
阺	ɖˠi1	
阻	tʂɨ2	
阻	tʂɨ3	
阼	dzu3	
阽	jem1	
阾	leŋ1	
阾	lˠaŋ2	
阿	ʔɑ1	
陀	dɑ1	
陂	pˠie1	
陂	pˠie3	
附	vu3	
陊	ɖˠie2	
陊	dɑ2	
陊	ɖˠie3	新
陊	dɑ3	新
陋	lɨw3	
陌	mak4	
降	ʁawŋ1	
降	qawŋ3	
陎	dʑu1	
限	ʁan2	
限	ʁan3	新
陑	ɲi1	
陒	kˠwie2	
陓	ʔˠu1	
陔	qəj1	
陖	sʲwin3	
陗	tsʲʰew3	
陘	ʁeŋ1	
陙	dʑwin1	
陚	fu3	
陛	bej2	
陛	bej3	新
陜	ʁap4	
陝	ɕem2	
陞	ɕɨŋ1	
陟	ʈˠɨk4	
陠	pu1	
陠	pʰu1	
陡	tɨw2	
院	ʁwɑn1	
院	ɰwen3	
陣	ɖˠin3	
除	ɖˠɨ1	
除	ɖˠɨ3	
陧	ɴet4	
陪	bəj1	
陫	vuj2	
陫	vuj3	新
陬	tsʲu1	
陬	tʂɨw1	
陬	tsɨw1	
陭	ʔˠie1	
陭	ʔˠie3	
陮	dwəj2	
陮	dwəj3	新
陯	lˠwin1	
陰	ʔˠim1	
陲	dʑwie1	
陳	ɖˠin1	
陳	ɖˠin3	
陴	bʲie1	
陵	lˠɨŋ1	
陶	jew1	
陶	dɑw1	
陷	ʁam3	
陸	lˠɨwk4	
陻	ʔʲin1	
陼	tɕɨ2	
陽	jɑŋ1	
陾	ɲi1	
陾	nɨw2	
陿	ʁap4	
隃	sʲu1	
隃	ju1	
隃	ɕu1	
隃	ɕu3	
隄	tej1	
隄	dej1	
隅	ŋˠu1	
隆	lˠɨwŋ1	
隇	ʔˠuj1	
隈	ʔwəj1	
隈	ʔwəj3	
隊	dwəj3	
隋	zʲwie1	
隋	tʰwɑ2	
隌	ʔˠim1	
隌	ʔɑm2	
隍	ʁwɑŋ1	
階	qaj1	
隑	ɴəj1	
隒	ŋˠem2	
隓	xʲwie1	
隔	qak4	
隕	ɰwin2	
隖	ʔu2	
隗	ɴwəj2	
隘	ʔaj3	
隙	kˠʰak4	
隚	dɑŋ1	
際	tsʲej3	
障	tɕɑŋ1	
障	tɕɑŋ3	
隤	dwəj1	
隥	tɨŋ3	
隧	zʲwi3	
隨	zʲwie1	
隩	ʔɑw3	
隩	ʔˠɨwk4	
險	xˠem2	
隮	tsej1	
隮	tsej3	
隰	zʲip4	
隱	ʔˠɨn2	
隱	ʔˠɨn3	
隳	xʲwie1	
隴	lˠuŋ2	
隵	xˠie1	
隶	ji3	
隷	lej3	
隸	lej3	
隹	tɕwi1	
隺	ʁuk4	
隻	tɕak4	
隼	sʲwin2	
隽	dzʲwen2	
隽	dzʲwen3	新
隿	jɨk4	
雀	tsʲɑk4	
雁	ɴan3	
雂	ɡˠim1	
雂	ɡˠem1	
雃	ɴɑn1	
雃	qʰen1	
雄	ɰɨwŋ1	
雅	ɴa2	
集	dzʲip4	
雇	ʁu2	
雇	qu3	
雇	ʁu3	新
雈	ʁwɑn1	
雉	ɖˠi2	
雉	ɖˠi3	新
雊	qɨw3	
雋	dzʲwen2	
雋	dzʲwen3	新
雌	tsʲʰie1	
雍	ʔˠuŋ1	
雍	ʔˠuŋ3	
雎	tsʲʰɨ1	
雐	χu1	
雒	lɑk4	
雓	jɨ1	
雔	dʑɨw1	
雕	tew1	
雖	sʲwi1	
雗	ʁɑn3	
雘	ʔwɑk4	
雙	ʂawŋ1	
雚	qwɑn3	
雛	dʐu1	
雜	dzɑp4	
雝	ʔˠuŋ1	
雞	qej1	
離	lˠie1	
離	lˠie3	
離	lej3	
難	nɑn1	
難	nɑn3	
雥	dzɑp4	
雨	ɰu2	
雨	ɰu3	
雩	ɰu1	
雩	xˠu1	
雪	sʲwet4	
雭	ʂip4	
雯	ɱun1	
雰	fʰun1	
雱	pʰɑŋ1	
雲	ɰun1	
雴	ʈˠʰip4	
零	len1	
零	leŋ1	
零	leŋ3	
雷	lwəj1	
雹	bawk4	
雺	mɨwŋ1	
雺	mɨw1	
雺	muŋ3	
雺	mɨw3	
電	den3	
需	sʲu1	
霂	mɨwk4	
霃	ɖˠim1	
霄	sʲew1	
霅	sɑp4	
霅	tɕep4	
霅	ʁap4	
霅	ɖap4	
霆	deŋ1	
霆	deŋ2	
霆	deŋ3	新
震	tɕin3	
霈	pʰɑj3	
霋	tsʰej1	
霍	χwɑk4	
霎	ʂep4	
霎	ʂap4	
霏	fʰuj1	
霑	ʈˠem1	
霓	ɴej1	
霓	ɴej3	
霓	ɴet4	
霔	tɕu3	
霖	lˠim1	
霙	ʔˠɑŋ1	
霙	ʔˠaŋ1	
霚	mɨwŋ1	
霚	ɱu3	
霛	leŋ1	
霜	ʂɑŋ1	
霝	leŋ1	
霞	ʁa1	
霠	ʔˠim1	
霢	mak4	
霣	ɰwin2	
霤	lˠɨw3	
霦	pˠin1	
霧	ɱu3	
霩	χwɑk4	
霪	jim1	
霫	zʲip4	
霫	sʲip4	
霰	sen3	
霱	jwit4	
露	lu3	
霳	lˠɨwŋ1	
霵	tʂip4	
霵	dʐip4	
霶	pʰɑŋ1	
霸	pa3	
霹	pʰek4	
霼	xˠɨj2	
霼	xˠɨj3	
霽	tsej3	
霾	maj1	
霿	mɨwŋ1	
霿	mɨwŋ3	
靀	mɨwŋ1	
靂	lek4	
靃	sʲwie2	
靃	χwɑk4	
靄	ʔɑj3	
靄	ʔɑt4	
靅	fʰuj3	
靆	dəj3	
靈	leŋ1	
靉	ʔˠɨj2	
靉	ʔəj3	
靐	bˠɨŋ3	
青	tsʰeŋ1	
靖	dzʲaŋ2	
靖	dzʲaŋ3	新
靘	tsʰeŋ1	
靘	tsʰeŋ3	
靚	dzʲaŋ3	
靜	dzʲaŋ2	
靜	dzʲaŋ3	新
非	fuj1	
靠	qʰɑw3	
靡	mˠie2	
面	mʲen3	
靤	baw3	
靦	tʰen2	
靧	χwəj3	
靨	ʔʲep4	
革	qak4	
靪	teŋ1	
靪	teŋ2	
靫	tʂʰaj1	
靫	tʂʰa1	
靬	kˠən1	
靬	qʰɑn1	
靬	qan1	
靬	qʰɑn3	
靮	tek4	
靯	du2	
靯	du3	新
靲	ɡˠim1	
靳	kˠɨn3	
靴	xˠwɑ1	
靶	pa3	
靷	jin2	
靷	jin3	
靸	sɑp4	
靺	mɑt4	
靻	tsu2	
靼	tɑt4	
靼	tɕet4	
靽	pɑn3	
靾	jej3	
靿	ʔaw3	
鞀	dɑw1	
鞁	bˠie3	
鞂	qat4	
鞃	ʁwɨŋ1	
鞄	baw1	
鞄	baw2	
鞄	baw3	
鞄	pʰawk4	
鞅	ʔˠɑŋ2	
鞇	ʔʲin1	
鞈	qɑp4	
鞈	qap4	
鞉	dɑw1	
鞋	ʁaj1	
鞌	ʔɑn1	
鞎	ʁən1	
鞏	kˠuŋ2	
鞓	tʰeŋ1	
鞔	mɑn1	
鞕	ɴaŋ3	
鞘	ʂaw1	
鞘	sʲew3	
鞙	qwen1	
鞙	ʁwen2	
鞙	ʁwen3	新
鞚	qʰɨwŋ3	
鞜	tʰɑp4	
鞞	pʲie1	
鞞	bej1	
鞞	pʲie2	
鞞	peŋ2	
鞠	kˠɨwk4	
鞠	kˠʰɨwk4	
鞠	ɡˠɨwk4	
鞢	sep4	
鞣	ɲɨw1	
鞣	ɲɨw3	
鞤	pɑŋ1	
鞥	ʔɑp4	
鞦	tsʲʰɨw1	
鞧	tsʲʰɨw1	
鞨	ʁɑt4	
鞨	ʑet4	
鞪	mɨw1	
鞪	mɨwk4	
鞫	kˠɨwk4	
鞬	kˠən1	
鞭	pʲen1	
鞮	tej1	
鞳	tʰɑp4	
鞴	bˠi3	
鞴	bu3	
鞴	vɨwk4	
鞵	ʁaj1	
鞶	bɑn1	
鞹	qʰwɑk4	
鞻	lɨw1	
鞼	qwəj1	
鞼	ɡˠwi3	
鞽	kˠʰew1	
鞾	xˠwɑ1	
鞿	kˠɨj1	
韁	kˠɑŋ1	
韂	tɕʰem3	
韄	ʁu3	
韅	χen2	
韆	tsʲʰen1	
韇	dɨwk4	
韈	ɱət4	
韉	tsen1	
韋	ɰuj1	
韌	ɲin3	
韍	fut4	
韎	maj3	
韎	mɑt4	
韏	kˠwen2	
韏	kˠʰwən3	
韏	ɡˠwen3	
韐	qɑp4	
韐	qap4	
韒	sʲew3	
韔	ʈˠʰɑŋ3	
韖	ɲɨw2	
韗	ɰun3	
韗	xˠwən3	
韘	ɕep4	
韘	sep4	
韙	ɰuj2	
韛	baj3	
韜	tʰɑw1	
韝	qʰɨw1	
韝	qɨw1	
韞	ʔwən1	
韞	ʔˠun2	
韠	pʲit4	
韡	ɰuj2	
韢	tsʲʰwej3	
韣	dɨwk4	
韣	tɕuk4	
韣	dʑuk4	
韤	ɱət4	
韭	kˠɨw2	
韰	ʁaj3	
韱	sʲem1	
音	ʔˠim1	
韴	dzɑp4	
韶	dʑew1	
韸	bɨwŋ1	
韹	ʁwɑŋ1	
韹	ʁwaŋ1	
韺	ʔˠaŋ1	
韻	ɰun3	
韽	ʔɑm1	
韽	ʔam3	
韾	ʔʲim1	
響	xˠɑŋ2	
頀	ʁu3	
頁	ʁet4	
頂	teŋ2	
頃	kʲʰwaŋ1	
頃	kʲʰwaŋ2	
頄	ɡˠwi1	
頄	ɡˠɨw1	
項	ʁawŋ2	
項	ʁawŋ3	新
順	ʑwin3	
頇	χɑn1	
頇	ɴɑn3	
頇	ɴɑt4	
須	sʲu1	
頊	ŋˠuk4	
頊	xˠuk4	
頋	qu3	
頌	juŋ1	
頌	zʲuŋ3	
頍	kʲʰwie2	
頎	ɡˠɨj1	
頏	ʁɑŋ1	
頏	qʰɑŋ3	
預	jɨ3	
頑	ɴwan1	
頒	vun1	
頒	pan1	
頓	twən3	
頔	dek4	
頕	tɑm1	
頖	pʰɑn3	
頗	pʰɑ1	
頗	pʰɑ2	
頗	pʰɑ3	
領	lˠaŋ2	
頛	lwəj2	
頜	ʁɑm2	
頜	qɑp4	
頜	ʁɑm3	新
頝	qʰaw1	
頞	ʔɑt4	
頟	ɴak4	
頠	ŋˠwie2	
頠	ɴwəj2	
頡	qat4	
頡	ʁet4	
頢	qwɑt4	
頢	ʁwat4	
頣	ɕin2	
頤	ji1	
頦	ʁəj1	
頦	qəj2	
頧	twəj1	
頧	twəj2	
頨	xʲwen1	
頨	ɰu2	
頩	pʰeŋ1	
頩	pʰeŋ2	
頪	lwɑj3	
頫	fu2	
頫	tʰew3	
頭	dɨw1	
頮	χwəj3	
頯	ɡˠwi1	
頯	kˠwi2	
頰	qep4	
頲	tʰeŋ2	
頵	kˠwin1	
頵	ʔˠwin1	
頶	ʁuk4	
頷	ʁɑm1	
頷	ʁɑm2	
頷	ʁɑm3	新
頸	ɡʲaŋ1	
頸	kʲaŋ2	
頹	dwəj1	
頻	bʲin1	
頿	tsʲie1	
顀	ɖˠwi1	
顁	teŋ3	
顄	ʁɑm1	
顄	ʁɑm2	
顄	ʁɑm3	新
顅	qʰan1	
顆	qʰwɑ2	
顇	dzʲwi3	
顈	ʁen2	
顈	qʰweŋ2	
顈	ʁen3	新
顉	kˠʰim1	
顉	kˠʰim2	
顉	ɴɑm2	
顋	səj1	
題	dej1	
題	dej3	
額	ɴak4	
顎	ɴɑk4	
顏	ɴan1	
顐	ʁwən1	
顐	ɴwən1	
顐	ɴwən3	
顑	qʰɑm2	
顑	ɴam3	
顒	ŋˠuŋ1	
顓	tɕwen1	
顖	sʲin3	
顗	ŋˠɨj2	
願	ŋˠwən3	
顙	sɑŋ2	
顛	ten1	
顛	tʰen3	
顝	qʰwəj1	
顝	qʰwəj2	
顝	qʰwət4	
類	lˠwi3	
顟	law1	
顠	bʲew2	
顠	pʲʰew2	
顠	bʲew3	新
顡	ɴwəj2	
顡	ŋˠɨj3	
顡	ʈwaj3	
顢	mɑn1	
顣	tsʲɨwk4	
顤	ɴew1	
顤	χaw1	
顤	ɴew3	
顥	ʁɑw2	
顥	ʁɑw3	新
顦	dzʲew1	
顧	qu3	
顨	swən3	
顩	ɖˠim2	
顩	ŋˠem2	
顩	ɖˠim3	新
顪	xˠwəj3	
顫	tɕen3	
顬	ɲu1	
顮	pʲin1	
顯	χen2	
顰	bʲin1	
顱	lu1	
顲	lˠim2	
顲	lɑm2	
顲	lɑm3	
顳	ɲep4	
顴	ɡˠwen1	
風	fɨwŋ1	
風	fɨwŋ3	
颫	vu1	
颬	χa1	
颭	tɕem2	
颮	baw1	
颮	pʰawk4	
颯	sɑp4	
颰	fət4	
颰	bɑt4	
颲	lˠet4	
颵	ʂaw1	
颸	tʂʰi1	
颺	jɑŋ1	
颺	jɑŋ3	
颻	jew1	
颼	ʂɨw1	
颽	qʰəj2	
颾	sɑw1	
颿	vəm1	
颿	vəm3	
飀	lˠɨw1	
飁	zʲip4	
飂	lˠɨw1	
飂	lˠɨw3	
飄	bʲew1	
飄	pʲʰew1	
飆	pʲew1	
飉	lew1	
飋	ʂit4	
飌	fɨwŋ1	
飍	xʲɨw1	
飛	fuj1	
飜	fʰən1	
食	ji3	
食	ʑɨk4	
飢	kˠi1	
飣	teŋ3	
飤	zʲi3	
飥	tʰɑk4	
飧	swən1	
飩	dwən1	
飪	ɲim2	
飫	ʔˠɨ3	
飭	ʈˠʰɨk4	
飯	vən2	
飯	vən3	
飲	ʔˠim2	
飲	ʔˠim3	
飳	tʰɨw2	
飴	ji1	
飵	dzu3	
飵	dzɑk4	
飶	bʲit4	
飶	bet4	
飷	tsʲa2	
飺	dzʲie1	
飻	tʰet4	
飼	zʲi3	
飽	paw2	
飾	ɕɨk4	
餀	χɑj3	
餁	ɲim2	
餄	qap4	
餅	pʲaŋ2	
餆	jew1	
餈	dzʲi1	
餉	ɕɑŋ3	
養	jɑŋ2	
養	jɑŋ3	
餋	kˠwen3	
餌	ɲi3	
餐	tsʰɑn1	
餑	bət4	
餒	nwəj2	
餓	ɴɑ3	
餔	pu1	
餔	bu3	
餕	tsʲwin3	
餖	dɨw3	
餗	sɨwk4	
餘	jɨ1	
餚	ʁaw1	
餛	ʁwən1	
餞	dzʲen2	
餞	dzʲen3	
餟	ʈˠwej3	
餟	ʈˠwet4	
餣	ʔˠəp4	
餤	dɑm1	
餥	fuj1	
餥	fuj2	
餦	ʈˠɑŋ1	
餧	nwəj2	
餧	ʔˠwie3	
館	qwɑn3	
餩	ʔɨk4	
餪	nwɑn2	
餫	ʁwən1	
餫	ɰun3	
餬	ʁu1	
餭	ʁwɑŋ1	
餮	tʰet4	
餯	xˠwəj3	
餱	ʁɨw1	
餲	ʔˠej3	
餲	ʔaj3	
餲	ʁɑt4	
餲	ʔɑt4	
餴	fun1	
餹	dɑŋ1	
餺	pɑk4	
餻	qɑw1	
餼	xˠɨj3	
餽	ɡˠwi3	
餾	lˠɨw1	
餾	lˠɨw3	
餿	ʂɨw1	
饁	ɰep4	
饅	mɑn1	
饆	pʲit4	
饇	ʔˠu3	
饉	ɡˠin3	
饊	sɑn2	
饋	ɡˠwi3	
饌	dʐwan2	
饌	dʐwen3	
饌	dʐwan3	新
饍	dʑen3	
饎	tɕʰi3	
饐	ʔˠi3	
饑	kˠɨj1	
饒	ɲew1	
饒	ɲew3	
饔	ʔˠuŋ1	
饕	tʰɑw1	
饖	ʔˠwəj3	
饗	xˠɑŋ2	
饘	tɕen1	
饘	tɕen2	
饙	fun1	
饛	mɨwŋ1	
饜	ʔʲem1	
饜	ʔʲem3	
饞	dʐam1	
饟	ɕɑŋ1	
饟	ɕɑŋ2	
饟	ɕɑŋ3	
饠	lɑ1	
饡	tsɑn3	
首	ɕɨw2	
首	ɕɨw3	
馗	ɡˠwi1	
馗	ɡˠɨw1	
馘	qwak4	
香	xˠɑŋ1	
馚	vun1	
馛	bɑt4	
馝	bʲit4	
馝	bet4	
馞	bət4	
馞	pʰət4	
馠	χɑm1	
馡	fuj1	
馣	ʔɑm1	
馤	ʔɑj3	
馥	vɨwk4	
馥	bˠɨk4	
馦	χem1	
馧	ʔˠun1	
馧	ʔwət4	
馨	χeŋ1	
馩	vun1	
馬	ma2	
馭	ŋˠɨ3	
馮	vɨwŋ1	
馮	bˠɨŋ1	
馯	qʰan1	
馯	ʁɑn3	
馰	tek4	
馱	dɑ1	
馱	dɑ3	
馲	lɑk4	
馲	tʰɑk4	
馲	ʈak4	
馳	ɖˠie1	
馴	zʲwin1	
馵	tɕu3	
馶	tɕie1	
馶	ɡʲie1	
馶	ɕie3	
馶	kʲie3	
馹	ɲit4	
馺	sɑp4	
馻	jwin2	
馻	jwen2	
馼	ɱun1	
馽	ʈˠip4	
馾	tɑm3	
駁	pawk4	
駂	pɑw2	
駃	qʰwaj3	
駃	qwet4	
駉	qweŋ1	
駊	pɑ2	
駊	pʰɑ2	
駎	ɖˠɨw3	
駏	ɡˠɨ2	
駏	ɡˠɨ3	新
駐	ʈˠu3	
駑	nu1	
駒	kˠu1	
駓	pˠʰi1	
駔	dzu2	
駔	tsɑŋ2	
駔	dzu3	新
駕	qa3	
駖	leŋ1	
駗	lˠin1	
駗	tɕin2	
駘	dəj1	
駘	dəj2	
駘	dəj3	新
駙	vu3	
駚	ʔˠɑŋ2	
駚	ʔɑŋ2	
駛	ʂi2	
駛	ʂi3	
駜	bʲit4	
駜	bˠit4	
駝	dɑ1	
駞	dɑ1	
駟	sʲi3	
駠	lˠɨw1	
駢	ben1	
駣	dɑw1	
駣	ɖˠew2	
駣	dɑw2	
駣	ɖˠew3	新
駣	dɑw3	新
駤	ʈˠi3	
駥	ɲɨwŋ1	
駧	dɨwŋ3	
駩	tsʲʰwen1	
駪	ʂin1	
駫	qweŋ1	
駬	ɲi2	
駭	ʁaj2	
駭	ʁaj3	新
駮	pawk4	
駰	ʔʲin1	
駰	ʔˠin1	
駱	lɑk4	
駴	ʁaj2	
駴	ʁaj3	新
駶	ɡˠuk4	
駷	sʲuŋ2	
駷	sɨw2	
駸	tsʲʰim1	
駸	tʂʰim1	
駹	mawŋ1	
駺	lɑŋ1	
駻	ʁɑn3	
駼	du1	
駽	χwen1	
駽	χwen3	
駾	tʰwɑj3	
駿	tsʲwin3	
騀	ɴɑ2	
騁	ʈˠʰaŋ2	
騂	sʲwaŋ1	
騃	ʐi2	
騃	ɴaj2	
騃	ʐi3	新
騄	lˠuk4	
騅	tɕwi1	
騇	ɕa2	
騇	ɕa3	
騉	qwən1	
騊	dɑw1	
騋	ləj1	
騎	ɡˠie1	
騎	ɡˠie3	
騏	ɡˠi1	
騑	fʰuj1	
騑	fuj1	
騕	ʔew2	
騖	ɱu3	
騗	pʲʰen3	
騚	dzen1	
騛	fuj1	
騜	ʁwɑŋ1	
騝	kˠən1	
騝	ɡˠen1	
騟	ju1	
騠	dej1	
騢	ʁa1	
騣	tsɨwŋ1	
騤	ɡˠwi1	
騤	qwet4	
騥	ɲɨw1	
騧	qwaj1	
騧	qwa1	
騩	kˠwi1	
騩	kˠuj1	
騩	kˠwi3	
騪	ʂɨw1	
騫	kˠʰen1	
騬	ʑɨŋ1	
騭	tɕit4	
騮	lˠɨw1	
騯	bɑŋ1	
騯	paŋ1	
騯	baŋ1	
騰	dɨŋ1	
騱	ʁej1	
騲	tsʰɑw2	
騴	ʔan3	
騵	ŋˠwən1	
騶	tʂɨw1	
騷	sɑw1	
騺	ʈˠi3	
騻	ʂɑŋ1	
騼	lɨwk4	
騽	zʲip4	
騽	ɰip4	
騾	lwɑ1	
驀	mak4	
驁	ɴɑw1	
驁	ɴɑw3	
驂	tsʰɑm1	
驃	bʲew3	
驄	tsʰɨwŋ1	
驅	kˠʰu1	
驅	kˠʰu3	
驈	ʑwit4	
驈	jwit4	
驉	xˠɨ1	
驊	ʁwa1	
驋	pɑt4	
驌	sʲɨwk4	
驍	qew1	
驎	lˠin1	
驐	twən1	
驒	dɑn1	
驒	ten1	
驒	dɑ1	
驓	dzʲɨŋ1	
驔	dem2	
驔	dem3	新
驕	kˠew1	
驖	det4	
驖	tʰet4	
驗	ŋˠem3	
驘	lwɑ1	
驙	dɑn1	
驙	ʈˠen1	
驚	kˠaŋ1	
驛	jak4	
驜	ŋˠəp4	
驟	dʐɨw3	
驠	ʔen1	
驠	ʔen3	
驡	lˠuŋ1	
驡	tsɑŋ2	
驢	lˠɨ1	
驤	sʲɑŋ1	
驥	kˠi3	
驦	ʂɑŋ1	
驧	ɡˠɨwk4	
驨	ʁwej1	
驩	χwɑn1	
驪	lˠie1	
驪	lej1	
驫	pʲew1	
驫	pˠɨw1	
骨	qwət4	
骫	ʔˠwie2	
骬	ɰu1	
骭	qɑn3	
骭	ʁan3	
骯	ʁɑŋ2	
骯	qʰɑŋ2	
骯	ʁɑŋ3	新
骰	dɨw1	
骱	ʁɑt4	
骱	qat4	
骲	baw2	
骲	baw3	
骲	pʰɨwk4	
骲	bawk4	
骳	mˠie2	
骴	dzʲie1	
骴	dzʲie3	
骶	tej3	
骸	ʁaj1	
骹	qʰaw1	
骺	ʁɨw1	
骻	qʰwa2	
骼	qak4	
骽	tʰwəj2	
骾	qaŋ2	
骿	ben1	
髀	pʲie2	
髀	pʲi2	
髀	bej2	
髀	bej3	新
髁	qʰwɑ1	
髁	qʰwa2	
髁	qʰwɑ3	
髂	qʰa3	
髃	ŋˠu1	
髃	ɴɨw2	
髆	pɑk4	
髇	χaw1	
髈	bɑŋ1	
髈	pʰɑŋ2	
髉	pawk4	
髊	dzʲie3	
髎	lew1	
髎	lˠew1	
髏	lɨw1	
髑	dɨwk4	
髒	tsɑŋ2	
髓	sʲwie2	
體	tʰej2	
髕	bʲin2	
髕	bʲin3	新
髖	qʰwən1	
髖	qʰwɑn1	
髗	lu1	
高	qɑw1	
髝	lɑw1	
髝	lɑw3	
髞	sɑw3	
髟	pʲew1	
髟	pˠɨw1	
髟	ʂam1	
髡	qʰwən1	
髢	dej3	
髣	fʰɑŋ2	
髤	xˠɨw1	
髦	mɑw1	
髧	dɑm2	
髧	dɑm3	新
髫	dew1	
髬	pˠʰi1	
髮	fət4	
髯	ɲem1	
髯	ɲem3	
髲	bˠie3	
髳	mɨwŋ1	
髴	fʰuj3	
髴	fut4	
髴	fʰut4	
髵	ɲi1	
髶	ɲi3	
髸	kˠuŋ1	
髺	qwɑt4	
髻	qej3	
髼	bɨwŋ1	
髽	tʂwa1	
髾	ʂaw1	
髿	swɑ1	
髿	ʂa1	
鬀	tʰej3	
鬀	dej3	
鬃	dzuŋ1	
鬃	dʐawŋ1	
鬄	sʲak4	
鬅	bɨŋ1	
鬆	suŋ1	
鬆	sʲuŋ1	
鬆	tsʲʰuŋ1	
鬆	sɨwŋ3	
鬇	dʐaŋ1	
鬈	ɡˠwen1	
鬈	kˠʰwen1	
鬉	tsɨwŋ1	
鬊	ɕwin3	
鬋	tsʲen1	
鬋	tsʲen2	
鬋	tsʲen3	
鬌	ɖˠwie1	
鬌	twɑ2	
鬌	dwɑ2	
鬌	dwɑ3	新
鬐	ɡʲi1	
鬑	lˠem1	
鬑	lem1	
鬒	tɕin2	
鬕	ma3	
鬖	sɑm1	
鬗	mɑn1	
鬗	ɱən3	
鬘	man1	
鬙	sɨŋ1	
鬚	sʲu1	
鬜	qʰan1	
鬜	qʰat4	
鬞	ɳawŋ1	
鬟	ʁwan1	
鬠	qwɑj3	
鬠	ʁwɑt4	
鬡	ɳaŋ1	
鬢	pʲin3	
鬣	lˠep4	
鬤	ɲɑŋ1	
鬤	ɳaŋ1	
鬥	tɨw3	
鬧	ɳaw3	
鬨	ʁɨwŋ3	
鬨	ʁawŋ3	
鬩	χek4	
鬪	tɨw3	
鬫	χam2	
鬬	tɨw3	
鬮	kˠɨw1	
鬮	kʲɨw2	
鬯	ʈˠʰɑŋ3	
鬱	ʔˠut4	
鬲	qak4	
鬲	lek4	
鬳	ŋˠən3	
鬴	vu2	
鬴	vu3	新
鬵	zʲim1	
鬵	dzʲim1	
鬵	dzʲem1	
鬷	tsɨwŋ1	
鬷	tsɨwŋ2	
鬹	kʲwie1	
鬻	jɨwk4	
鬼	kˠuj2	
鬽	mˠi3	
鬾	ɡˠie1	
鬾	ɡˠie3	
魁	qʰwəj1	
魃	bɑt4	
魄	tʰɑk4	
魄	pʰak4	
魅	mˠi3	
魈	sʲew1	
魊	ɰwɨk4	
魊	ʁwɨk4	
魋	dwəj1	
魌	kˠʰi1	
魍	ɱɑŋ2	
魎	lˠɑŋ2	
魏	ŋˠuj3	
魑	ʈˠʰie1	
魔	mɑ1	
魖	xˠɨ1	
魗	dʑɨw1	
魗	tɕʰɨw2	
魘	ʔʲem2	
魘	ʔʲep4	
魚	ŋˠɨ1	
魛	tɑw1	
魝	qet4	
魟	qɨwŋ1	
魟	ʁɨwŋ1	
魟	χɨwŋ1	
魠	tʰɑk4	
魡	tek4	
魤	ɴwɑ1	
魥	ɴɑp4	
魥	kˠʰəp4	
魦	swɑ1	
魦	ʂa1	
魧	qɑŋ1	
魧	ʁɑŋ1	
魪	qaj3	
魫	ɕim2	
魬	ban2	
魬	ban3	新
魮	bʲi1	
魯	lu2	
魱	ʁu1	
魳	tsɑp4	
魴	vɑŋ1	
魵	vun1	
魵	vun2	
魵	fʰun2	
魵	fʰun3	
魵	vun3	新
魶	nɑp4	
魺	ʁɑ1	
魼	kˠʰɨ1	
魼	tʰɑp4	
魽	ʁɑm1	
魾	bˠi1	
魾	pˠʰi1	
魿	ɡˠin1	
魿	leŋ1	
鮀	dɑ1	
鮂	tsʲɨw1	
鮂	zʲɨw1	
鮅	pʲit4	
鮅	bʲit4	
鮆	tsʲie1	
鮆	dzej2	
鮆	dzej3	新
鮇	ɱuj3	
鮈	kˠu1	
鮊	bak4	
鮋	jɨw1	
鮋	dʑɨw1	
鮋	ɖˠɨw1	
鮍	pˠʰie1	
鮎	nem1	
鮏	seŋ1	
鮐	tʰəj1	
鮑	baw2	
鮑	baw3	新
鮒	vu3	
鮓	tʂa2	
鮚	ɡˠit4	
鮛	ɕɨwk4	
鮜	ʁɨw3	
鮞	ɲi1	
鮞	ɲɨwk4	
鮠	ɴwəj1	
鮡	dew1	
鮡	ɖˠew2	
鮡	ɖˠew3	新
鮢	tɕu1	
鮣	ʔʲin3	
鮤	lˠej3	
鮤	lˠet4	
鮥	lɑk4	
鮦	dɨwŋ1	
鮦	ɖˠuŋ2	
鮦	ɖˠɨw2	
鮦	ɖˠuŋ3	新
鮦	ɖˠɨw3	新
鮧	ji1	
鮧	dej1	
鮨	ɡʲi1	
鮩	baŋ2	
鮩	beŋ2	
鮩	bʲit4	
鮩	baŋ3	新
鮩	beŋ3	新
鮪	ɰwi2	
鮫	qaw1	
鮬	qʰu1	
鮬	bu3	
鮭	qwej1	
鮭	qʰwej1	
鮭	ʁaj1	
鮮	sʲen1	
鮮	sʲen2	
鮮	sʲen3	
鮯	qɑp4	
鮵	dwɑt4	
鮶	kˠun1	
鮷	dej1	
鮸	mˠen2	
鮹	sʲew1	
鮹	ʂaw1	
鮾	nwəj2	
鮿	ʈˠep4	
鯀	qwən2	
鯁	qaŋ2	
鯃	ɴu1	
鯅	ɕen1	
鯆	pu1	
鯆	pʰu1	
鯆	fu2	
鯇	ʁwan2	
鯇	ʁwan3	新
鯈	jɨw1	
鯈	ɖˠɨw1	
鯉	lˠi2	
鯊	ʂa1	
鯔	tʂi1	
鯕	ɡˠi1	
鯖	tɕaŋ1	
鯖	tsʰeŋ1	
鯗	sʲɑŋ2	
鯛	tew1	
鯜	tsʲep4	
鯜	tsʲʰep4	
鯝	qu3	
鯞	tɕɨw2	
鯟	tɨwŋ1	
鯠	ləj1	
鯡	fuj3	
鯢	ɴej1	
鯤	qwən1	
鯥	lˠɨwk4	
鯧	tɕʰɑŋ1	
鯨	ɡˠaŋ1	
鯩	lˠwin1	
鯪	lˠɨŋ1	
鯫	tsʲʰu1	
鯫	dzɨw1	
鯫	dzɨw2	
鯫	dzɨw3	新
鯬	lˠi1	
鯬	lej1	
鯶	ʁwən2	
鯶	ʁwən3	新
鯷	dej1	
鯷	dʑie3	
鯷	dej3	
鯸	ʁɨw1	
鯹	seŋ1	
鯼	tsɨwŋ1	
鯼	tsɨwŋ3	
鯽	tsʲak4	
鯽	tsʲɨk4	
鯾	pʲen1	
鯿	pan1	
鯿	pʲen1	
鰀	ʁwɑn2	
鰀	ʁwɑn3	新
鰂	dzɨk4	
鰃	ʔwəj1	
鰄	ʔˠuj1	
鰅	ŋˠuŋ1	
鰅	ŋˠu1	
鰇	ɲɨw1	
鰈	tʰɑp4	
鰊	len3	
鰋	ʔˠən2	
鰌	dzʲɨw1	
鰍	tsʲʰɨw1	
鰐	ɴɑk4	
鰑	jɑŋ1	
鰒	vɨwk4	
鰒	bawk4	
鰓	səj1	
鰕	ʁa1	
鰜	qem1	
鰜	ʁam1	
鰝	ʁɑw2	
鰝	χɑk4	
鰝	ʁɑw3	新
鰞	ʔu1	
鰠	sɑw1	
鰡	lˠɨw1	
鰢	ma2	
鰣	dʑi1	
鰤	ʂi1	
鰥	qwan1	
鰥	qwan3	
鰦	tsʲi1	
鰧	dɨŋ1	
鰧	ɖˠim2	
鰧	ɖˠim3	新
鰨	tʰɑp4	
鰩	jew1	
鰪	ʔɑp4	
鰬	ɡˠen1	
鰭	ɡʲi1	
鰱	lˠen1	
鰲	ɴɑw1	
鰴	xˠuj1	
鰵	mˠin2	
鰶	tsʲej3	
鰷	dew1	
鰸	kˠʰu1	
鰹	qen1	
鰻	mɑn1	
鰻	ɱən3	
鰼	zʲip4	
鰾	bʲew2	
鰾	bʲew3	新
鰿	dʐak4	
鰿	tsʲak4	
鱀	ɡˠi3	
鱁	ɖˠɨwk4	
鱂	tsʲɑŋ1	
鱄	tɕwen1	
鱄	tɕwen2	
鱅	juŋ1	
鱅	dʑuŋ1	
鱊	ʑwit4	
鱊	jwit4	
鱊	qwat4	
鱌	zʲɑŋ2	
鱌	zʲɑŋ3	新
鱍	pɑt4	
鱍	pʰɑt4	
鱎	kˠew2	
鱏	zʲim1	
鱏	jim1	
鱐	sʲɨwk4	
鱑	ʁwɑŋ1	
鱒	dzwən2	
鱒	dzwən3	
鱓	dʑen2	
鱓	dʑen3	新
鱕	fən1	
鱖	kˠwej3	
鱖	kˠwət4	
鱗	lˠin1	
鱝	vun2	
鱝	vun3	新
鱟	ʁɨw3	
鱟	ʔuk4	
鱠	qwɑj3	
鱡	dzɨk4	
鱢	sɑw1	
鱣	ʈˠen1	
鱤	qɑm2	
鱦	ʑɨŋ1	
鱦	maŋ2	
鱦	jɨŋ3	
鱦	ʑɨŋ3	
鱧	lej2	
鱬	ɲu1	
鱭	dzej2	
鱭	dzej3	新
鱮	zʲɨ2	
鱮	zʲɨ3	新
鱯	ʁu3	
鱯	ʁwa3	
鱯	ʁwak4	
鱲	lˠep4	
鱴	met4	
鱵	tɕim1	
鱸	lu1	
鱺	lej2	
鱻	sʲen1	
鳥	tew2	
鳦	ʔˠit4	
鳧	vu1	
鳨	lˠɨk4	
鳩	kˠɨw1	
鳪	pɨwk4	
鳫	ɴan3	
鳭	ʈaw1	
鳱	qɑn1	
鳲	ɕi1	
鳳	vɨwŋ3	
鳴	mˠaŋ1	
鳶	jwen1	
鳷	tɕie1	
鳹	ɡˠem1	
鳺	fu1	
鳻	vun1	
鳻	pan1	
鳼	ɱun1	
鳽	qen1	
鳽	ɴen1	
鳽	qʰaŋ1	
鳽	ɴak4	
鳿	ŋˠuk4	
鴀	fɨw1	
鴀	fɨw2	
鴂	qwet4	
鴅	χwɑn1	
鴆	ɖˠim3	
鴇	pɑw2	
鴈	ɴan3	
鴉	ʔa1	
鴊	tɕaŋ1	
鴊	tɕaŋ3	
鴋	vɑŋ1	
鴋	fɑŋ1	
鴋	fʰɑŋ2	
鴏	dɨk4	
鴐	qa1	
鴒	leŋ1	
鴓	met4	
鴗	lˠip4	
鴘	pˠen2	
鴘	pˠʰen2	
鴚	qɑ1	
鴛	ʔˠwən1	
鴛	ʔwən1	
鴜	dzʲie1	
鴜	tsʲie1	
鴝	ɡˠu1	
鴝	qɨw1	
鴞	ɰew1	
鴟	tɕʰi1	
鴠	tɑn3	
鴢	ʔew2	
鴢	ʔaw2	
鴣	qu1	
鴤	tɕɨwŋ1	
鴤	tuŋ1	
鴦	ʔˠɑŋ1	
鴦	ʔɑŋ1	
鴨	ʔap4	
鴪	jwit4	
鴭	twəj1	
鴮	ʔu1	
鴯	ɲi1	
鴰	qwɑt4	
鴰	qwat4	
鴱	ɴɑj3	
鴲	tɕi1	
鴲	tɕi3	
鴳	ʔan3	
鴶	qat4	
鴷	lˠet4	
鴸	ʈˠu1	
鴸	tɕu1	
鴹	jɑŋ1	
鴺	ji1	
鴺	dej1	
鴻	ʁɨwŋ1	
鴻	ʁɨwŋ2	
鴻	ʁɨwŋ3	新
鴽	ɲɨ1	
鴾	mɨw1	
鴿	qɑp4	
鵀	ɲim1	
鵀	ɳˠim1	
鵀	ɲim3	
鵁	qaw1	
鵂	xˠɨw1	
鵃	tɕew1	
鵃	ʈaw1	
鵅	lɑk4	
鵅	qak4	
鵊	qap4	
鵋	ɡˠi3	
鵌	jɨ1	
鵌	du1	
鵎	tʰwɑ2	
鵏	pu1	
鵏	bu3	
鵐	ɱu1	
鵑	qwen1	
鵒	juk4	
鵓	bət4	
鵕	sʲwin3	
鵖	pˠip4	
鵖	kˠep4	
鵗	xˠɨj1	
鵚	tʰɨwk4	
鵛	qeŋ1	
鵜	dej1	
鵝	ɴɑ1	
鵟	ɡˠwɑŋ1	
鵠	ʁuk4	
鵡	ɱu2	
鵣	lɑj3	
鵧	bʲi1	
鵨	ɕɨ1	
鵩	vɨwk4	
鵫	ʈaw3	
鵫	ɖawk4	
鵬	bɨŋ1	
鵭	ɡˠim1	
鵮	ʈam1	
鵮	qʰam1	
鵯	pʲie1	
鵯	pʲʰit4	
鵰	tew1	
鵱	lˠɨwk4	
鵲	tsʲʰɑk4	
鵳	qen1	
鵴	kˠɨwk4	
鵴	ɡˠɨwk4	
鵵	tʰu3	
鵶	ʔa1	
鵷	ʔˠwən1	
鵸	ɡˠie1	
鵹	lˠie1	
鵺	ja3	
鵻	tɕwi1	
鵻	sʲwin2	
鵼	qʰɨwŋ1	
鵽	twɑt4	
鵽	ʈwat4	
鵾	qwən1	
鶁	kˠaŋ1	
鶂	ɴek4	
鶄	tsʲaŋ1	
鶄	tsʰeŋ1	
鶅	tʂi1	
鶅	tʂi3	
鶆	ləj1	
鶇	tɨwŋ1	
鶈	tsʰej1	
鶉	dʑwin1	
鶊	qaŋ1	
鶋	kˠɨ1	
鶌	kˠut4	
鶔	ɲɨw1	
鶖	tsʲʰɨw1	
鶘	ʁu1	
鶙	dej1	
鶚	ɴɑk4	
鶛	qaj1	
鶜	maw1	
鶝	fɨwk4	
鶝	bˠɨk4	
鶞	ʈˠʰwin1	
鶟	dwət4	
鶠	ʔˠən2	
鶡	ʁɑt4	
鶢	ɰwən1	
鶤	qwən1	
鶤	ɰun3	
鶥	mˠi1	
鶧	ʔˠaŋ1	
鶨	dwən3	
鶨	ʈˠʰwen3	
鶩	ɱu3	
鶩	mɨwk4	
鶪	qwek4	
鶬	tsʰɑŋ1	
鶭	fʰɑŋ2	
鶯	ʔaŋ1	
鶱	xˠən1	
鶴	ʁɑk4	
鶵	dʐu1	
鶶	dɑŋ1	
鶷	ʁat4	
鶹	lˠɨw1	
鶻	qwət4	
鶻	ʁwət4	
鶻	ʁwat4	
鶼	qem1	
鶾	ʁɑn1	
鶿	dzʲi1	
鶿	tsʲi1	
鷁	ɴek4	
鷂	jew1	
鷂	jew3	
鷃	ʔan3	
鷄	qej1	
鷅	lˠit4	
鷇	qʰɨw3	
鷈	tʰej1	
鷌	ma2	
鷎	qɑw1	
鷏	den1	
鷐	dʑin1	
鷒	dwɑn1	
鷒	tɕwen1	
鷓	tɕa3	
鷔	ɴɑw1	
鷔	ɴɑw3	
鷕	jwi2	
鷖	ʔej1	
鷗	ʔɨw1	
鷘	ʈˠʰɨk4	
鷙	tɕi3	
鷚	mɨw1	
鷚	ɡʲɨw1	
鷚	mˠɨw1	
鷚	lˠɨw3	
鷜	lˠu1	
鷜	lɨw1	
鷝	pʲit4	
鷞	ʂɑŋ1	
鷞	ʂɑŋ2	
鷟	dʐawk4	
鷡	ɱu1	
鷢	ɡˠwət4	
鷣	jim1	
鷣	jew3	
鷤	dej1	
鷤	dɑn1	
鷤	dej3	
鷦	tsʲew1	
鷧	ʔˠi3	
鷨	ʁwa1	
鷩	pʲej3	
鷩	pʲet4	
鷫	sʲɨwk4	
鷭	vən1	
鷮	kˠew1	
鷮	ɡˠew1	
鷯	lew1	
鷯	lˠew3	
鷰	ʔen3	
鷲	dzʲɨw3	
鷴	ʁan1	
鷵	du1	
鷶	maj2	
鷷	tsʲwin1	
鷷	dzʲwin1	
鷸	jwit4	
鷹	ʔˠɨŋ1	
鷺	lu3	
鷽	ʔawk4	
鷽	ʁawk4	
鷾	ʔˠi3	
鷿	bek4	
鸀	dɨwk4	
鸀	tɕuk4	
鸀	ɖawk4	
鸁	lwɑ1	
鸂	qʰej1	
鸄	qew3	
鸄	qek4	
鸄	ʁek4	
鸅	ɖak4	
鸆	ŋˠu1	
鸇	tɕen1	
鸈	ŋˠəp4	
鸉	jɑŋ1	
鸋	neŋ1	
鸋	neŋ3	
鸌	ʔwɑk4	
鸍	ɕie1	
鸍	mʲie1	
鸎	ʔaŋ1	
鸏	mɨwŋ1	
鸏	mɨwŋ2	
鸐	ɖawk4	
鸑	ɴawk4	
鸒	jɨ1	
鸒	jɨ3	
鸓	lˠwi1	
鸓	lˠwi2	
鸕	lu1	
鸗	lɨwŋ1	
鸗	lˠuŋ1	
鸘	ʂɑŋ1	
鸙	jɑk4	
鸚	ʔaŋ1	
鸛	qwɑn3	
鸜	ɡˠu1	
鸝	lˠie1	
鸞	lwɑn1	
鹵	lu2	
鹷	leŋ1	
鹹	ʁam1	
鹺	dzɑ1	
鹻	qam2	
鹼	tsʲʰem1	
鹼	qam2	
鹽	jem1	
鹽	jem3	
鹿	lɨwk4	
麀	ʔˠɨw1	
麁	tsʰu1	
麂	kˠi2	
麃	baw1	
麃	pˠʰew2	
麆	dzu2	
麆	dʐɨ3	
麆	dzu3	新
麇	kˠwin1	
麈	tɕu2	
麉	qen1	
麊	mʲie1	
麋	mˠi1	
麌	ɴu1	
麌	ŋˠu2	
麎	dʑin1	
麏	kˠwin1	
麐	lˠin1	
麐	lˠin3	
麑	ɴej1	
麒	ɡˠi1	
麓	lɨwk4	
麔	ɡˠɨw2	
麔	ɡˠɨw3	新
麕	kˠwin1	
麖	kˠaŋ1	
麗	lˠie1	
麗	lej3	
麙	ɴam1	
麚	qa1	
麛	mej1	
麜	lˠit4	
麝	ʑa3	
麝	ʑak4	
麞	tɕɑŋ1	
麟	lˠin1	
麠	kˠaŋ1	
麡	dzej1	
麡	tsej1	
麡	dʐaj1	
麢	leŋ1	
麤	tsʰu1	
麥	mak4	
麧	ʁət4	
麨	tɕʰew2	
麩	fʰu1	
麪	men3	
麮	kˠʰɨ2	
麮	kˠʰɨ3	
麰	mɨw1	
麱	fʰu1	
麳	ləj1	
麴	kˠʰɨwk4	
麵	men3	
麷	fʰɨwŋ1	
麷	fʰɨwŋ3	
麻	ma1	
麼	mɑ2	
麾	xˠwie1	
黀	tʂɨw1	
黁	nwən1	
黂	vuj3	
黃	ʁwɑŋ1	
黅	kˠim1	
黇	tʰem1	
黈	tʰɨw2	
黊	ʁwej1	
黊	ʁwa2	
黊	ʁwaj3	
黊	ʁwa3	新
黌	ʁwaŋ1	
黍	ɕɨ2	
黎	lej1	
黏	ɳˠem1	
黐	lˠie1	
黐	ʈˠʰie1	
黑	χɨk4	
黓	jɨk4	
黔	ɡˠim1	
黔	ɡˠem1	
黕	tɑm2	
黖	xˠɨj3	
黗	tʰwən1	
黗	tʰwən2	
默	mɨk4	
黚	ɡˠim1	
黚	ɡˠem1	
黛	dəj3	
黜	ʈˠʰwit4	
黝	ʔʲi1	
黝	ʔʲɨw2	
點	tem2	
黟	ʔʲi1	
黟	ʔej1	
黠	ʁat4	
黤	ʔɑm2	
黤	ʔam2	
黥	ɡˠaŋ1	
黦	ʔˠut4	
黦	ʔˠwət4	
黦	ʔˠət4	
黧	lej1	
黨	tɑŋ2	
黫	ʔan1	
黬	qam1	
黬	ɴam1	
黭	ʔɑm2	
黮	dɑm2	
黮	tʰɑm2	
黮	dɑm3	新
黯	ʔam1	
黯	ʔam2	
黰	ʔan1	
黰	tɕin2	
黱	dəj3	
黲	tsʰɑm2	
黳	ʔej1	
黴	mˠi1	
黴	məj3	
黵	tɑm2	
黶	ʔʲem2	
黷	dɨwk4	
黸	lu1	
黹	ʈˠi2	
黺	fun2	
黻	fut4	
黼	fu2	
黽	mʲin2	
黽	mʲen2	
黽	maŋ2	
黿	ŋˠwən1	
黿	ɴwɑn1	
鼀	tsʲʰɨwk4	
鼁	kˠʰɨ3	
鼂	ɖˠew1	
鼃	ʔwaj1	
鼃	ʁwaj1	
鼃	ʔwa1	新
鼃	ʁwa1	新
鼄	ʈˠu1	
鼅	ʈˠie1	
鼆	maŋ2	
鼇	ɴɑw1	
鼈	pʲet4	
鼉	dɑ1	
鼊	pek4	
鼎	teŋ2	
鼏	mek4	
鼐	nəj2	
鼐	nəj3	
鼒	tsʲi1	
鼒	dzəj1	
鼓	qu2	
鼔	qu2	
鼕	duŋ1	
鼖	vun1	
鼗	dɑw1	
鼘	ʔˠin1	
鼘	ʔwen1	
鼙	bej1	
鼚	ʈˠʰɑŋ1	
鼛	qɑw1	
鼜	tsʰek4	
鼞	tʰɑŋ1	
鼟	tʰɨŋ1	
鼠	ɕɨ2	
鼢	vun1	
鼢	vun2	
鼢	vun3	新
鼣	vəj3	
鼤	ɱun1	
鼤	ɱun3	
鼧	dɑ1	
鼧	tʰɑ1	
鼨	tɕɨwŋ1	
鼩	ɡˠu1	
鼪	ʂaŋ1	
鼪	ʂaŋ3	
鼫	dʑak4	
鼬	jɨw3	
鼭	dʑi1	
鼮	deŋ1	
鼯	ɴu1	
鼱	tsʲaŋ1	
鼲	ʁwən1	
鼳	qwek4	
鼴	ʔˠən2	
鼵	dwət4	
鼶	sʲie1	
鼶	dej1	
鼷	ʁej1	
鼸	ʁem2	
鼸	ʁem3	新
鼻	bʲi3	
鼼	ɴew3	
鼼	ŋˠɨw3	
鼽	ɡˠɨw1	
鼾	χɑn1	
鼾	ʁɑn3	
鼿	χwəj1	
鼿	ɴwət4	
齁	χɨw1	
齂	xˠi3	
齂	χaj3	
齂	mat4	
齃	ʔɑt4	
齅	xˠɨw3	
齈	nɨwŋ3	
齊	dzej1	
齊	dzej3	
齋	tʂaj1	
齌	tsʰej1	
齌	tsej1	
齌	dzej3	
齍	tsʲi1	
齎	tsʲi1	
齎	tsej1	
齏	tsej1	
齒	tɕʰi2	
齔	tʂʰin2	
齔	tʂʰin3	
齕	ʁət4	
齕	ʁet4	
齖	ɴa1	
齖	ɴa3	
齗	ŋˠɨn1	
齗	ŋˠin2	
齘	ʁaj3	
齚	dʐak4	
齛	sʲet4	
齜	tʂie1	
齝	ɕi1	
齝	ʈˠʰi1	
齞	ɴen2	
齟	dʐɨ2	
齟	dʐɨ3	新
齡	leŋ1	
齤	ɡˠwen1	
齦	ŋˠɨn1	
齦	qʰən2	
齦	qʰan2	
齧	ɴet4	
齨	ɡˠɨw2	
齨	ɡˠɨw3	新
齩	ɴaw2	
齪	tʂʰawk4	
齫	qʰwən2	
齬	ŋˠɨ1	
齬	ɴu1	
齬	ŋˠɨ2	
齭	ʂɨ2	
齭	tʂʰɨ2	
齮	ŋˠie2	
齯	ɴej1	
齰	dʐa3	
齰	dʐak4	
齱	tʂɨw1	
齱	tʂʰawk4	
齲	kˠʰu2	
齳	ŋˠun2	
齴	ŋˠen2	
齵	ŋˠu1	
齵	ɴɨw1	
齶	ɴɑk4	
齷	ʔawk4	
齸	jit4	
齸	ʔʲak4	
齹	tʂʰie1	
齹	dʐie1	
齹	dzɑ1	
齺	dʐawk4	
齻	ten1	
齼	tʂʰɨ2	
齽	ɡˠim3	
齾	ɴɑt4	
齾	ɴat4	
龍	lˠuŋ1	
龏	kˠuŋ3	
龏	ʔawk4	
龐	bawŋ1	
龓	lɨwŋ1	
龓	lɨwŋ2	
龔	kˠuŋ1	
龕	qʰɑm1	
龖	dɑp4	
龗	leŋ1	
龜	kˠwi1	
龜	kˠɨw1	
龠	jɑk4	
龢	ʁwɑ1	
龣	lɨwk4	
龣	qawk4	
龤	ʁaj1	
𠀔	kˠut4	
𠀘	tʰen1	
𠀽	lwət4	
𠁁	dɨw2	
𠁁	dɨw3	新
𠁥	qwaj2	
𠁥	qwa2	
𠁫	kˠʰɨw1	
𠁭	ɡʲie1	
𠂄	χwɑn1	
𠂆	jej3	
𠂇	tsɑ2	
𠂔	tʂi2	
𠂕	ɕi2	
𠂞	ʁu1	
𠂢	pʰaj3	
𠂤	twəj1	
𠂬	ɴwɑ1	
𠂬	ɴwɑ2	
𠂼	dem2	
𠂼	dem3	新
𠃀	dʑwie1	
𠃊	ʔˠɨn2	
𠃚	kʲɨw1	
𠃾	kˠwi1	
𠄅	ŋˠəp4	
𠄈	lˠin3	
𠄌	kˠwət4	
𠄏	tew2	
𠄔	ʁew2	
𠄔	ʁew3	新
𠄖	leŋ1	
𠅞	ʑɨŋ1	
𠅬	pɑw1	
𠆎	ɰuj1	
𠆩	vəm1	
𠆩	fʰəm3	
𠆲	ŋˠəm2	
𠆴	ɳaw3	
𠆵	ɴej1	
𠇗	qʰwa1	
𠇱	mɑt4	
𠈇	sʲɨwk4	
𠈈	tsʲʰie2	
𠈈	sʲie2	
𠈋	ɲɨwŋ1	
𠈱	sɑ1	
𠈵	mawŋ1	
𠈵	mawŋ2	
𠈺	bej2	
𠈺	bej3	新
𠉤	dɑp4	
𠉦	sʲɨwk4	
𠊧	baŋ2	
𠊧	baŋ3	
𠊩	dʐan2	
𠊩	dʐan3	新
𠊪	dʑu3	
𠊬	ɡˠɑk4	
𠊬	kˠʰak4	
𠊰	qwa2	
𠊷	ɖˠi3	
𠊾	ɡˠwi1	
𠊾	ɡʲwi3	
𠋧	kˠʰɑ1	
𠋩	fɨwk4	
𠋬	qwek4	
𠋺	sɑw1	
𠌖	ɡˠuŋ1	
𠌪	tʰɑw1	
𠌭	ʂwit4	
𠌮	tɕa1	
𠌰	qəj3	
𠌶	ɰu1	
𠌶	xˠu1	
𠍀	tɨwŋ1	
𠍜	ɖˠi3	
𠍴	kˠʰen1	
𠍹	ʈap4	
𠎷	sɑp4	
𠏀	qʰwɑ1	
𠏃	ʔˠwɑ1	
𠏢	lwɑ3	
𠏤	kˠwɑŋ2	
𠏭	dzɨwŋ3	
𠏮	twəj3	
𠐀	jie1	
𠐋	pʰaw1	
𠐋	law1	
𠐌	pˠie2	
𠐤	qwəj1	
𠐩	ʈʰam2	
𠐻	ɡˠən2	
𠐻	kˠen2	
𠐻	ɡˠən3	新
𠐼	lˠim3	
𠐽	ɡˠwi1	
𠐽	kˠuj3	
𠐾	kˠʰi1	
𠐿	χwɨŋ1	
𠑅	ʈaŋ1	
𠑆	ʈˠʰəm2	
𠑗	sʲen1	
𠑘	ten1	
𠑟	pen1	
𠑹	qu2	
𠒃	zʲi2	
𠒃	zʲi3	新
𠒅	zʲi2	
𠒅	zʲi3	新
𠒆	ɲie1	
𠒢	ɴwɑn1	
𠓋	jak4	
𠓗	fʰu3	
𠓗	pʰak4	
𠓭	lɑm2	
𠔙	tuŋ1	
𠔯	pan1	
𠔺	qʰam1	
𠔼	mɑw2	
𠔼	mɨw3	
𠕓	qʰawk4	
𠕣	qʰap4	
𠕦	ju3	
𠖶	tsʲʰim3	
𠖷	qweŋ2	
𠗂	ʁɑk4	
𠗉	ʁep4	
𠗉	tsep4	
𠗉	ʁap4	
𠗊	ɡʲaŋ2	
𠗊	ɡʲaŋ3	新
𠗨	dep4	
𠗨	ɖap4	
𠗲	lˠɨŋ1	
𠗴	ʁɑm1	
𠗺	jie1	
𠘂	sɨw1	
𠘧	dʑu1	
𠘱	tɕin2	
𠙶	ʔɨw2	
𠚡	tʰɑw1	
𠚥	tew1	
𠛂	tʂʰɑŋ1	
𠛎	qɨw1	
𠛐	tɕej3	
𠛑	ʁen1	
𠛮	tsʲʰwen1	
𠛱	tsɑt4	
𠛱	lˠet4	
𠛺	fʰu2	
𠜓	tʰek4	
𠜖	lwɑt4	
𠜙	pu3	
𠜱	pʰej1	
𠜲	ʔa1	
𠜵	qat4	
𠜶	nɑw2	
𠜻	χwak4	
𠜾	kˠwej3	
𠜾	kˠut4	
𠝃	ʔwen1	
𠝟	ʔˠaŋ2	
𠝤	tɕʰuŋ1	
𠝥	qʰwej1	
𠞂	sej1	
𠞇	pʰej3	
𠞈	tɑp4	
𠞉	lˠit4	
𠞊	tʂʰaj1	
𠞊	tʂʰa1	
𠞩	tʂʰit4	
𠞩	ʂwit4	
𠞭	lɨw1	
𠞭	lɨw3	
𠞮	tʂʰɑŋ2	
𠞱	ɡˠin3	
𠟂	tsʰɨŋ3	
𠟃	tswən2	
𠟉	tɕen2	
𠟍	tɕʰuŋ1	
𠟎	ɴɑk4	
𠟪	tsʲʰep4	
𠟪	ŋˠəp4	
𠟭	tsɨk4	
𠟻	tsɨk4	
𠟼	ʁwan1	
𠟽	qwat4	
𠠃	tsʲʰem1	
𠠍	lˠi1	
𠠎	qʰwɑk4	
𠠎	qʰwak4	
𠠗	lˠep4	
𠠜	ʔaŋ1	
𠠫	lej3	
𠠳	kˠɨw1	
𠡂	bˠit4	
𠡃	tsɑ3	
𠡝	ŋˠit4	
𠢆	ʁat4	
𠢈	kˠɨ2	
𠢓	mɑk4	
𠢕	ʁɑw1	
𠢠	lˠɨk4	
𠢤	kˠwət4	
𠢲	qʰaj2	
𠢳	ʂɨk4	
𠣊	lˠɨ3	
𠣑	ʔaw1	
𠣙	zʲwin1	
𠣟	tsʲʰwin1	
𠣨	ŋˠie1	
𠣪	ɡˠu1	
𠣫	dʑew3	
𠣬	sʲwin2	
𠣵	bɨk4	
𠣾	pʰɨk4	
𠤄	kˠʰɨwk4	
𠤄	ɡˠɨwk4	
𠤈	vɨwŋ3	
𠤎	χwa3	
𠤏	pɑw2	
𠤼	dew1	
𠥐	tsʰɑŋ1	
𠥗	kˠwi2	
𠥙	tsʲʰwen1	
𠥜	ʔɑt4	
𠥦	jɨk4	
𠥴	ʁɑm1	
𠥸	tʰej1	
𠦂	tʰɑw1	
𠦒	pɑn1	
𠦒	pʲit4	
𠦪	xˠut4	
𠦫	dzʲip4	
𠦬	qwaj1	
𠧙	dʑew1	
𠧙	tɕew3	
𠧙	dʑew3	
𠧚	tɕʰak4	
𠧞	ɖˠew2	
𠧞	ɖˠew3	新
𠧧	sej1	
𠧩	χwəj3	
𠧪	dew1	
𠧴	jɨw1	
𠧵	tɕʰak4	
𠨍	tsej2	
𠨎	dʐwen3	
𠨘	pˠi3	
𠨜	ɴwət4	
𠨧	tsʲʰen1	
𠨮	tʂɨk4	
𠨴	qaj3	
𠩁	duŋ1	
𠩂	kˠʰəp4	
𠩃	jɑk4	
𠩄	ʂɨ2	
𠩗	jie1	
𠩘	qap4	
𠩫	ɴek4	
𠩬	lˠi1	
𠩺	xˠi1	
𠪙	sʲi2	
𠪚	ŋˠim1	
𠪚	tʰɑm2	
𠪚	qʰɑm2	
𠪮	tɕak4	
𠫓	tʰwət4	
𠬈	pʲie2	
𠬛	mət4	
𠬝	tset4	
𠬢	tʰɑw1	
𠬪	bˠew2	
𠬪	bˠew3	新
𠭖	qɑm2	
𠭙	ɕin1	
𠭥	sʲwi3	
𠭥	tɕwej3	
𠭰	lˠi1	
𠭴	tʂwit4	
𠭴	tɕwet4	
𠮊	tɨk4	
𠮌	tʂwit4	
𠮯	kˠi2	
𠯋	ʔej2	
𠯔	pʲʰit4	
𠯗	tsɑp4	
𠯘	pɑn3	
𠯙	tsʲet4	
𠰉	ʈˠʰew1	
𠰒	ɲa2	
𠱘	ŋˠak4	
𠱝	ʔˠet4	
𠱠	leŋ1	
𠱡	ʂaj3	
𠱡	sɑt4	
𠱥	ɴɑt4	
𠲗	ɴɑt4	
𠲮	qeŋ3	
𠲳	ɕin1	
𠲷	tep4	
𠳃	ʁɨwŋ2	
𠳃	ʁɨwŋ3	新
𠳋	kʲʰen2	
𠳌	qʰɑ1	
𠳌	qʰa3	
𠴦	tɕu3	
𠴨	qwan1	
𠴪	ʂwet4	
𠴫	tsʲɨwk4	
𠴫	dzek4	
𠴱	ʁu1	
𠶷	ʔˠɨk4	
𠶸	ɡˠɑk4	
𠶸	kˠʰak4	
𠷂	dəj2	
𠷂	dəj3	新
𠷈	lˠwit4	
𠷎	ɖˠɨw1	
𠷏	xˠwie2	
𠷏	ʔˠwie2	
𠷑	pʰɑt4	
𠷓	χeŋ1	
𠷞	qu1	
𠷾	xˠwɨk4	
𠸶	sɑŋ1	
𠸶	sɑŋ3	
𠸹	ʔˠɨwk4	
𠹀	swən3	
𠹈	nɑ1	
𠹊	tsʰɑw2	
𠹋	dzʲit4	
𠹝	ʔɨw3	
𠺛	dɑw3	
𠻚	mu1	
𠻛	sɨw2	
𠻜	ʂwej3	
𠻜	ʂwet4	
𠻡	lɑ2	
𠻤	jin2	
𠻤	jen2	
𠻤	jen3	
𠽧	det4	
𠽶	tʂʰwaj3	
𠿈	tʂaw1	
𠿈	tʂɨw1	
𠿊	qʰek4	
𠿍	ten3	
𠿎	χwaj1	
𠿎	χwa1	新
𠿒	χɑt4	
𠿓	sɑp4	
𠿕	kˠʰew3	
𠿝	tʂʰɨ1	
𠿟	ʔawk4	
𠿠	tʂip4	
𠿡	ʈwat4	
𡀾	ɴɑp4	
𡀿	lˠu3	
𡁆	lawk4	
𡁉	ʈˠip4	
𡁋	ʔwən2	
𡁶	tsʲit4	
𡂏	lˠep4	
𡂒	tɕit4	
𡂕	lɑw2	
𡂖	lɑj3	
𡂟	baw2	
𡂟	baw3	新
𡂩	lep4	
𡃡	lɨwŋ1	
𡄑	tsʲem1	
𡄑	tsʲem3	
𡄴	ʁwak4	
𡅡	ɴɑk4	
𡅽	χɑn3	
𡅽	χwɑn3	
𡆑	ɴam1	
𡇈	dɑŋ3	
𡇓	tet4	
𡇠	ʈak4	
𡇰	tɕwen2	
𡇱	qʰawk4	
𡇶	ʁɑp4	
𡇼	ʔat4	
𡈋	kˠʰwin1	
𡈋	qʰwən2	
𡈗	mɑk4	
𡈣	sʲwen1	
𡈼	tʰeŋ2	
𡉚	fuŋ1	
𡊁	ʔˠɨk4	
𡊅	fun1	
𡊅	fun3	
𡊉	mɑt4	
𡊻	lˠet4	
𡋯	bət4	
𡋲	dzwɑ2	
𡋲	dzwɑ3	新
𡌦	vuj3	
𡌪	qwaj3	
𡌲	qwej1	
𡍖	dəj3	
𡍦	ʁwən1	
𡍦	ʁwan1	
𡍨	du2	
𡍨	du3	新
𡍪	tʂʰip4	
𡍫	tʂʰɨk4	
𡍮	dʑwie1	
𡎬	tʂwa2	
𡎯	ʁwaj3	
𡎰	ɖˠi1	
𡎺	tʂɨwk4	
𡎻	dʐan1	
𡎻	dʐen1	
𡏩	twəj1	
𡏮	dʐaw1	
𡏳	kˠɨn2	
𡐔	jin1	
𡐞	pʲet4	
𡐠	qʰwej1	
𡐠	qwaj2	
𡐠	qwaj3	
𡐠	qwa3	新
𡐤	kˠʰet4	
𡐨	ja2	
𡑈	twəj2	
𡑟	ʔwɑ1	
𡑠	tɕʰi3	
𡑠	dʑɨk4	
𡑣	qʰwət4	
𡒊	jɨ3	
𡓐	ɴɑk4	
𡔇	lwəj3	
𡔞	ɱɑŋ2	
𡔢	qet4	
𡔢	qʰet4	
𡕗	ʁɑj3	
𡕢	mem2	
𡕢	ɱəm2	
𡕬	ʁɑŋ2	
𡕬	ʁɑŋ3	新
𡕮	lˠɨŋ1	
𡕮	kˠɨk4	
𡖓	tɑm1	
𡖓	tɑm2	
𡖔	nɑ1	
𡖯	sɨwk4	
𡖶	mak4	
𡖾	kˠʰi1	
𡖿	ʁwɑ2	
𡖿	ʁwɑ3	新
𡗞	ʁej1	
𡗥	dʑwin1	
𡗷	qu1	
𡗹	fʰən3	
𡗻	fut4	
𡘌	tsʲʰie2	
𡘌	χaj3	
𡘴	pet4	
𡘸	qen2	
𡙜	dwɑt4	
𡙳	kˠɨwk4	
𡙷	ʔˠən3	
𡚊	χwɑn1	
𡚠	kˠwɑk4	
𡚠	ɡˠwɑk4	
𡚤	bˠi3	
𡚮	kˠɨw2	
𡚼	tɕʰie2	
𡚽	χɑw2	
𡚽	χɑw3	
𡛗	pˠi3	
𡛟	ɰwət4	
𡜂	ʁu2	
𡜂	ʁu3	新
𡜊	fʰɨw1	
𡜊	fɨw2	
𡝐	ɖa1	
𡝡	mej1	
𡝦	nɨw2	
𡝫	ɕem1	
𡝫	ʈˠʰem1	
𡞘	sep4	
𡞞	ʂaŋ2	
𡞟	bɑn3	
𡞢	qʰɨk4	
𡞣	ʁam2	
𡞣	ʁam3	新
𡞦	ɡʲwaŋ1	
𡟨	ɕem2	
𡟰	ʔˠwən1	
𡟷	ʁɑw3	
𡠗	tɕi3	
𡠗	tɕip4	
𡠚	pʲit4	
𡠜	mak4	
𡠼	sɨw1	
𡡉	mɑ1	
𡡏	ʂaw1	
𡡐	pɨwk4	
𡡕	ʔˠwət4	
𡡗	lˠwen2	
𡢑	ʈˠwit4	
𡢕	xˠwie2	
𡢖	qʰaj2	
𡢖	qʰej3	
𡢖	qʰaj3	
𡣪	ɕak4	
𡣫	mɨk4	
𡣬	ʔwan1	
𡣬	ʔʲwen1	
𡣬	ʔˠwen1	
𡤉	bʲin1	
𡤙	ɳap4	
𡤫	qʰa1	
𡤬	ʔˠwɑk4	
𡤯	lˠwi1	
𡥀	pɑw2	
𡥈	qaw3	
𡦄	vɨw1	
𡦗	ɲu3	
𡦳	χaw3	
𡦼	ɲuŋ2	
𡧋	bˠin1	
𡧍	men3	
𡧘	dzek4	
𡧮	ʔew2	
𡧯	dzek4	
𡧽	χwɑŋ2	
𡨀	ɖa1	
𡨃	ɡˠɨw1	
𡨢	kˠɨ1	
𡨾	ʔen1	
𡩆	dɑ1	
𡩇	qʰew1	
𡩡	ʂak4	
𡩩	mɑŋ1	
𡪁	ɴɑm1	
𡪄	ʈˠɨ2	
𡪔	tsʲʰin1	
𡪢	tsʲʰim2	
𡪶	χɑm1	
𡫀	qek4	
𡫬	kˠɨwk4	
𡫺	fʰɨw1	
𡫼	sɨk4	
𡫽	ɲɨ1	
𡫽	ɲɨ2	
𡫽	ʔˠɨ3	
𡬄	ɡʲwi3	
𡬍	mˠie2	
𡬍	mej2	
𡬓	tsʲʰim2	
𡬖	χɑm1	
𡬙	sɨŋ3	
𡬹	dɑw2	
𡬹	dɑw3	新
𡭊	twəj3	
𡭐	dʑwen2	
𡭐	dʑwen3	新
𡭴	kˠʰak4	
𡭾	nɨw2	
𡮞	ʈˠɨk4	
𡯄	lˠɨk4	
𡯋	qɑn1	
𡯱	ŋˠwən2	
𡯵	tʰwəj3	
𡰄	dej1	
𡰅	ʁwət4	
𡰖	tej1	
𡰖	dej1	
𡰝	ɡˠwen1	
𡰠	lˠwie1	
𡰠	lwɑ3	
𡰢	ʁwej1	
𡰥	ji1	
𡰪	tɨwk4	
𡰪	tuk4	
𡰾	tsʲʰi1	
𡰿	bɨwk4	
𡱂	dwən1	
𡱂	den3	
𡱐	ji1	
𡱣	zʲɨ2	
𡱣	jɨ3	
𡱣	zʲɨ3	
𡱥	tswəj1	
𡱺	ɡˠu1	
𡱼	qʰwɑ3	
𡱿	jak4	
𡲃	ʔɨwk4	
𡲕	tʰej3	
𡲗	ɡˠut4	
𡲣	qawŋ3	
𡲬	ɡˠut4	
𡳅	kˠʰej3	
𡳆	tsʲʰɨ1	
𡳠	tsʲʰi1	
𡳭	ʈˠʰi2	
𡳭	ʈˠʰi3	
𡳸	lek4	
𡴀	fʰuŋ1	
𡴆	lˠɨwk4	
𡴎	ɴet4	
𡴎	ŋˠet4	
𡴘	ʁaŋ2	
𡴘	ʁaŋ3	新
𡴞	jwin2	
𡴥	ʈˠʰie1	
𡴺	tset4	
𡴺	dzet4	
𡵙	ɴɑŋ3	
𡶇	mˠit4	
𡶎	ɱuj3	
𡶒	vut4	
𡷘	bˠet4	
𡷛	ʁɑn2	
𡷛	ʁɑn3	新
𡷝	ɳˠəp4	
𡷡	ʔʲwen1	
𡷥	qʰuk4	
𡷨	qʰaŋ1	
𡸂	tʰu1	
𡸓	kˠʰɑŋ1	
𡸔	ʁwej1	
𡸜	ɖˠɨk4	
𡸦	dʐɨk4	
𡸨	tsʲu1	
𡹆	duk4	
𡹮	ʔˠem2	
𡹼	ɴɑn3	
𡺮	pˠʰi2	
𡺲	sʲwin3	
𡺵	dʐaj1	
𡻚	qʰɑŋ2	
𡻝	dzʲew1	
𡻝	dʐaw1	
𡻞	pʲit4	
𡻠	tɕɨ3	
𡻡	ʁɑm2	
𡻡	ʁɑm3	新
𡻭	lˠwi2	
𡻮	ʁu2	
𡻮	ʁu3	新
𡼄	det4	
𡼊	lwəj2	
𡼿	qʰwət4	
𡽆	tɕie3	
𡽐	lew1	
𡽜	ɴɑn1	
𡽠	pʰɑ2	
𡽧	ɳaw1	
𡾅	lˠɨ3	
𡾋	lwəj2	
𡾙	ɴɑk4	
𡾰	kˠen2	
𡾰	ɡˠen2	
𡾰	ɡˠen3	新
𡿔	lˠwi1	
𡿖	ɴat4	
𡿖	ɴet4	
𡿦	qʰwən1	
𡿧	tsəj1	
𡿨	qwen2	
𡿪	ŋˠit4	
𡿪	lˠet4	
𡿮	tʰwət4	
𡿮	dwət4	
𡿯	ɰwit4	
𡿿	ʁwɨk4	
𢁁	ʈawk4	
𢁕	tew2	
𢁗	qɑn3	
𢁘	sɑm1	
𢁥	fʰun1	
𢁦	bˠi2	
𢁦	bˠi3	新
𢁬	tʂaw2	
𢁮	ɡˠem1	
𢁼	ʈˠɨ2	
𢁾	ʈˠʰew1	
𢂀	fʰut4	
𢂁	qʰɨw1	
𢂃	dzɑk4	
𢂊	ʔaw2	
𢂏	pɑj3	
𢂐	ʁep4	
𢂑	ɕɨk4	
𢂤	bəj3	
𢂥	lˠej3	
𢂷	qɑp4	
𢂷	qap4	
𢂹	maw3	
𢂺	tsʰen3	
𢂻	ɲin3	
𢂼	jej3	
𢂿	qʰap4	
𢃀	ɱu1	
𢃍	pʲie1	
𢃏	dzuŋ1	
𢃐	qʰɨwŋ1	
𢃒	tswɑj3	
𢃒	tswəj3	
𢃓	tsʲʰuŋ2	
𢃔	tɕʰem1	
𢃕	tʰɑp4	
𢃖	ɖˠɨw1	
𢃗	ʁɑm2	
𢃗	ʁɑm3	新
𢃛	ɡˠi1	
𢃤	χwɨk4	
𢃬	tsen1	
𢃮	mʲen2	
𢃳	dʑew1	
𢃴	lɑt4	
𢃶	duk4	
𢄇	qɨw3	
𢄋	ʔʲwaŋ1	
𢄏	mɨk4	
𢄐	mɨwŋ1	
𢄐	mɨwŋ3	
𢄓	ʔu2	
𢄔	tɑj3	
𢄢	tɕi3	
𢄢	ɕwej3	
𢄳	qʰwa2	
𢄴	nɑ2	
𢄶	χwak4	
𢄹	kˠʰew1	
𢄺	lew2	
𢄺	tsʲew2	
𢄻	sɑn2	
𢄼	sʲu1	
𢅉	maw3	
𢅎	qew2	
𢅎	qew3	
𢅫	zʲwej3	
𢅮	zʲem1	
𢅯	vun2	
𢅯	vun3	
𢅰	χak4	
𢅹	jɑk4	
𢆃	nwəj1	
𢆃	nɑn3	
𢆉	ɲim2	
𢆞	qen2	
𢆶	ʔˠɨw1	
𢆶	ʔʲɨw1	
𢆸	paŋ1	
𢇇	qwan1	
𢇌	sʲie2	
𢇓	ɡˠɨt4	
𢇘	ŋˠəm2	
𢇞	ʁɑm2	
𢇞	ʁɑm3	新
𢇫	fuŋ2	
𢇷	bɑt4	
𢈉	dɨwŋ1	
𢈌	kˠwie3	
𢈕	paj3	
𢈙	ʁap4	
𢈚	lˠɨ2	
𢈹	twəj1	
𢉤	qa3	
𢉥	ʔˠət4	
𢉥	ʔɑt4	
𢉨	lɑt4	
𢊄	xʲwi1	
𢊕	tsʰɨwŋ1	
𢊕	tsɨwŋ2	
𢊖	ɕim3	
𢊗	mɑk4	
𢊰	sen3	
𢊿	xʲwi1	
𢋅	ju1	
𢋅	jɨw1	
𢋑	ɱu2	
𢋒	ʁwɑk4	
𢌨	jen1	
𢌱	jɨ2	
𢌳	ɡˠwi1	
𢌻	jɨwk4	
𢍁	ɡˠi1	
𢍁	ɡˠi3	
𢍏	kˠwen3	
𢍚	ɰuj3	
𢎀	jɨk4	
𢎘	ʁɑm1	
𢎘	ʁɑm2	
𢎘	ʁɑm3	新
𢎛	tset4	
𢎢	jin2	
𢎦	dʑu1	
𢎰	ʔu1	
𢎰	qʰu1	
𢏏	mʲie1	
𢏕	dɨwŋ1	
𢏗	ɴej3	
𢏤	sʲwin3	
𢐀	bˠit4	
𢐂	dʑie3	
𢐂	ʈˠi3	
𢐄	jwen3	
𢐲	vən1	
𢐸	lu1	
𢑄	jew1	
𢑆	ɡˠwen1	
𢑢	χwət4	
𢒔	ʈˠuk4	
𢒔	ʈˠʰuk4	
𢒞	lɑn3	
𢒫	zʲim1	
𢓀	jɨk4	
𢓈	zʲwin3	
𢓕	jim1	
𢓜	qak4	
𢓠	ʂin1	
𢓡	ji1	
𢓪	ʐi2	
𢓪	ʐi3	新
𢓱	fʰuŋ1	
𢓴	tʰwəj3	
𢔀	tsʲʰim1	
𢔅	tɨwŋ1	
𢔋	sʲuŋ1	
𢔌	pʲie2	
𢔟	ɳˠɨw2	
𢔠	xʲwak4	
𢔡	qʰaj1	
𢔢	ju1	
𢔥	ɰut4	
𢔭	dej1	
𢕒	vɨw3	
𢕕	sɑm2	
𢕘	tsʰwəj1	
𢕚	ʈˠɨk4	
𢕬	tʂʰip4	
𢕬	sɑp4	
𢕮	ʈaj3	
𢕮	ʈa3	
𢖊	pʰeŋ1	
𢖒	ʔˠɨw1	
𢖔	paw3	
𢖦	kˠʰwɑk4	
𢖫	ŋˠɨj3	
𢖳	xˠu1	
𢖶	kˠʰuŋ2	
𢖶	kˠʰuŋ3	
𢖺	jɨk4	
𢗊	χaj3	
𢗋	dʑwin1	
𢗋	ɡʲwaŋ1	
𢗒	bawŋ2	
𢗒	bawŋ3	新
𢗿	mɑt4	
𢘁	sʲem1	
𢘉	ʁap4	
𢘌	ʁwaŋ1	
𢘍	bˠit4	
𢘎	ɲwen2	
𢘐	tɨwŋ1	
𢘽	jej3	
𢘽	ʈˠʰej3	
𢘿	swɑ1	
𢙣	ʔɑk4	
𢙱	lɨwŋ3	
𢙼	ʁeŋ2	
𢙼	ʁeŋ3	新
𢚃	lˠwet4	
𢛁	tɑt4	
𢛃	ɡˠɨw1	
𢛃	ɡˠɨw2	
𢛃	ɡˠɨw3	新
𢛆	ʁen1	
𢛈	tɕʰem1	
𢛎	bet4	
𢛓	lan1	
𢛢	ʁɨŋ1	
𢛳	tɨk4	
𢜩	kˠʰem1	
𢜩	qʰam2	
𢜫	sʲaŋ2	
𢜬	dɑk4	
𢜭	ɡˠak4	
𢜭	kˠak4	
𢜮	ɱu1	
𢜮	ɱu2	
𢜮	mu2	
𢜰	ʔʲem3	
𢜰	ʔˠem3	
𢜳	tɕʰej3	
𢜽	ɡʲwi1	
𢜽	ɡʲwi2	
𢜽	ɡʲwi3	新
𢝁	χwaŋ1	
𢝆	ɖˠuŋ2	
𢝆	ɖˠuŋ3	新
𢝇	χwak4	
𢝰	tsɨwŋ2	
𢝹	tʰej3	
𢞎	baj2	
𢞎	baj3	
𢞏	kˠʰɨwŋ1	
𢞐	ʁɑj3	
𢞒	tʰek4	
𢞒	qʰek4	
𢞗	pʲʰi1	
𢞝	səj3	
𢞡	χawŋ2	
𢞣	ɕɨwk4	
𢞦	vu1	
𢟢	lˠie1	
𢟤	lˠi1	
𢟤	lˠi3	
𢟪	xˠɨj3	
𢟪	ʔəj3	
𢟮	mɑn2	
𢟰	ɴaj3	
𢠜	bət4	
𢠳	pʰet4	
𢠵	tɕʰɑŋ2	
𢠶	ʁwan3	
𢠽	dɑŋ2	
𢠽	dɑŋ3	新
𢡍	qak4	
𢡹	dʑuŋ2	
𢡹	dʑuŋ3	新
𢢗	ɖawk4	
𢢜	ŋˠəp4	
𢢝	sʲwi3	
𢢞	qʰej3	
𢣏	ʔɑj3	
𢣐	pʲʰin1	
𢣒	ʁwən1	
𢣔	mʲen1	
𢣘	jwi3	
𢣙	ʔweŋ3	
𢣻	lˠɨ1	
𢤁	sɑw3	
𢤂	lˠi1	
𢤄	sɨwŋ1	
𢤆	lˠej3	
𢤇	nej3	
𢤋	xˠɨk4	
𢤤	ɖawŋ3	
𢤦	tɨwŋ2	
𢤬	vun2	
𢤬	vun3	新
𢤱	lɨwŋ2	
𢥎	tsej1	
𢥗	lˠie1	
𢥘	ʁwej1	
𢥛	sɨk4	
𢥞	duŋ1	
𢥠	ʂawŋ1	
𢦅	χɨwŋ2	
𢦏	tsəj1	
𢦚	ʁwa2	
𢦚	ʁwa3	新
𢦟	qʰɑm1	
𢦦	ɲɨwŋ1	
𢦧	mɨw1	
𢦩	dʑaŋ1	
𢧀	qɑn1	
𢧖	ʈat4	
𢧤	ɖˠit4	
𢧧	qɨk4	
𢧨	tɕʰwin2	
𢧳	juŋ1	
𢧴	ɴɑw1	
𢨔	ɱəm2	
𢨛	xˠie1	
𢨪	dʐi2	
𢨪	dʐi3	新
𢨸	ʈˠʰu3	
𢩭	tsʰwən2	
𢪃	tsʰwət4	
𢪇	tsʲɑŋ1	
𢪍	tsʲit4	
𢪍	tsʲet4	
𢪎	xˠwɑ1	
𢪏	ʁwət4	
𢪒	kˠuŋ2	
𢫦	mak4	
𢫨	ɲuŋ2	
𢫨	ɳˠuŋ3	
𢫯	bɨk4	
𢫷	nwɑ2	
𢬆	tʂʰɨw1	
𢬳	tʰɨwk4	
𢬴	ʈˠep4	
𢬴	tep4	
𢭃	twɑn2	
𢭆	ʈˠʰɨw1	
𢮁	ʔˠɨ2	
𢮁	ʔˠɨ3	
𢮂	qen1	
𢮂	ʁen1	
𢮟	ʁat4	
𢮨	dʑwen3	
𢯩	tʂɨk4	
𢯩	dzʲɨk4	
𢯮	ɰut4	
𢯱	ʂɨw1	
𢯲	ʔwɑn3	
𢯴	qaw2	
𢯷	ɰuj2	
𢯸	pʰɑt4	
𢯻	jwen2	
𢯼	jin2	
𢯼	jin3	
𢯽	tsʰɑ3	
𢯾	mɑw3	
𢰂	tej3	
𢰂	dej3	
𢰇	ʔaj1	
𢱡	swɑ2	
𢱢	sɑk4	
𢱧	bet4	
𢲵	dzɑw3	
𢲸	lu2	
𢲼	det4	
𢳁	bəj2	
𢳁	bəj3	新
𢳄	zʲwen3	
𢳋	pʲie2	
𢳚	kˠən1	
𢴧	ɖˠi3	
𢴩	pˠit4	
𢴮	kˠʰɨ1	
𢴲	ʁet4	
𢴲	χet4	
𢴵	jem3	
𢵈	kʲen2	
𢶀	dʐwaj1	
𢶃	vən1	
𢶆	kˠət4	
𢶇	ɡʲwaŋ1	
𢶉	pʰak4	
𢶋	tʰet4	
𢶍	sɑp4	
𢶍	dzɑp4	
𢶒	qwɑj3	
𢶜	ʔˠuŋ2	
𢶡	qʰew3	
𢶡	qʰek4	
𢷎	paj3	
𢷏	bawk4	
𢷒	ɡˠət4	
𢷕	mawk4	
𢷖	twɑn2	
𢷘	kˠen2	
𢷟	ʈˠi3	
𢷶	lˠɨw1	
𢷾	ʂwak4	
𢸁	kˠuŋ2	
𢸣	new2	
𢸧	zʲem1	
𢹍	xˠie1	
𢹎	ɲew2	
𢹕	qen2	
𢹖	qwak4	
𢹰	bʲew2	
𢹰	bʲew3	新
𢺃	qen2	
𢺑	lwɑ3	
𢺰	leŋ1	
𢺰	leŋ3	
𢺵	kʲʰie3	
𢺷	ɡˠie1	
𢻃	dʑie3	
𢻚	ɡʲie1	
𢻢	lˠew2	
𢻫	ɕie1	
𢻬	fʰu2	
𢻳	vu1	
𢻹	pʲʰi1	
𢻹	bˠi2	
𢻹	pˠʰi2	
𢻹	bˠi3	新
𢼂	qaw3	
𢼛	qak4	
𢼛	qwak4	
𢼟	ʔˠwɑŋ2	
𢼣	qʰat4	
𢼸	ɱuj1	
𢼹	pʰu1	
𢽚	tɨwk4	
𢽚	ʈawk4	
𢽝	dʐam1	
𢽣	qʰam1	
𢽤	qɑm2	
𢽳	sɑn2	
𢽹	mˠin2	
𢾁	ɰuj1	
𢾅	du2	
𢾅	du3	新
𢾇	pˠʰɨk4	
𢾊	ɖaŋ1	
𢾎	tɕʰwin2	
𢾫	ʈˠi2	
𢾮	duŋ1	
𢿏	pʰaw1	
𢿢	lwɑn3	
𢿣	qʰew1	
𢿣	ɴaw1	
𢿣	qʰek4	
𢿥	pɑ3	
𢿦	ɖaŋ1	
𢿱	sɑn2	
𢿱	sɑn3	
𢿾	tsʰɑw1	
𣀃	lˠem1	
𣀒	dzɨwŋ3	
𣀓	dʑɨw1	
𣀔	fʰən3	
𣀔	tʂʰwən3	
𣀣	vut4	
𣀤	qwaj3	
𣀮	ɲɑŋ1	
𣀳	ɳˠep4	
𣀶	tswɑn1	
𣀷	lˠie1	
𣀷	lej2	
𣁗	tʰɑn3	
𣁜	mɑn3	
𣁟	lˠi1	
𣁣	lan1	
𣁳	χwɑt4	
𣁳	ʔwɑt4	
𣁳	ʔwat4	
𣁴	qʰap4	
𣂁	tʰew1	
𣂆	pʰɑŋ1	
𣂆	baŋ1	
𣂉	tek4	
𣂞	lɑ2	
𣂯	dʑej3	
𣃈	ʈˠɑk4	
𣃍	tsʲʰwej3	
𣃍	tʂʰwej3	
𣃘	ɖawŋ1	
𣃘	ʈˠɨŋ1	
𣃘	ʈˠʰen2	
𣃦	ɱut4	
𣃳	ʔˠem2	
𣃳	ʔˠəm2	
𣃳	ʔʲep4	
𣄝	ŋˠem3	
𣄠	pʲew1	
𣄧	jwi1	
𣄲	kˠʰwie2	
𣄴	lˠɑŋ1	
𣄴	lˠɑŋ3	
𣄸	ʁwɑ2	
𣄸	ʁwɑ3	新
𣅔	tʂɨk4	
𣆖	χwɑŋ1	
𣆖	χwɑŋ2	
𣇩	ʔa3	
𣈡	tʰej2	
𣉘	nəj3	
𣉘	nɨk4	
𣉻	ʈˠie3	
𣊟	qʰɑm3	
𣊡	χen2	
𣊡	ɴɑp4	
𣋞	ʔɑj3	
𣋟	mɑ2	
𣋲	lˠep4	
𣌍	ɳˠep4	
𣌏	tɨk4	
𣌧	tʂʰak4	
𣍆	tɕʰi1	
𣍆	neŋ1	
𣍘	dzɑw1	
𣍦	xˠwɑŋ3	
𣎛	kʲwit4	
𣎜	ʑɨŋ3	
𣎟	zʲim1	
𣎲	tʰɑŋ2	
𣎳	pʰaj3	
𣎳	pʲʰin3	
𣎴	ɴɑt4	
𣏔	qʰwən3	
𣏚	dʑie1	
𣏜	mʲen1	
𣏞	ɰɨw1	
𣏟	pʰaj3	
𣐉	ʈˠʰi3	
𣐊	kˠɨwk4	
𣐋	ɰwət4	
𣐑	dzʲie1	
𣐵	ji1	
𣐾	χɑw1	
𣑍	qwa2	
𣑫	twɑ1	
𣑫	twɑ3	
𣓀	tʂin1	
𣓀	tʂin2	
𣓁	qʰɑn1	
𣓅	qʰam2	
𣓈	lˠɑŋ2	
𣓌	qɑw1	
𣓌	qɑw2	
𣓗	χwət4	
𣓧	ʈˠwen2	
𣔴	jɨw1	
𣔺	mɑw3	
𣔺	muk4	
𣔻	dwət4	
𣔾	zʲwi3	
𣕁	ʔej1	
𣕁	ɴej1	
𣕄	qweŋ1	
𣕇	ʂaw3	
𣕍	sʲwin2	
𣖄	tsʲʰew1	
𣖅	dej1	
𣖬	ɡˠwət4	
𣖹	ɳˠɨ1	
𣖼	sʲwin1	
𣖾	bˠi3	
𣗻	ɖˠit4	
𣘖	kˠən1	
𣘘	ʂin1	
𣘟	qʰa1	
𣘢	ɴɑw1	
𣘤	tʂʰat4	
𣘥	bej3	
𣘧	vu1	
𣘨	ʔɑ2	
𣘪	lɑw1	
𣘫	ʁɑw1	
𣘯	qwaŋ1	
𣘻	du1	
𣘻	ɖa1	
𣙿	fʰuj3	
𣚃	qet4	
𣚊	ɲi1	
𣚍	ʔˠɨk4	
𣚏	xˠu1	
𣚕	ʔʲep4	
𣚙	tsen1	
𣛒	lej3	
𣛗	lɑk4	
𣛱	dɑm2	
𣛱	dɑm3	新
𣛺	tsʲʰit4	
𣜄	lwɑ1	
𣜣	dzʲim1	
𣜤	swɑ1	
𣜨	ɡˠwen3	
𣝂	ʁwən1	
𣝉	twəj3	
𣝋	dɑp4	
𣝍	bˠak4	
𣝏	qɑw3	
𣝑	jɨ3	
𣝒	dʑa2	
𣝒	dʑa3	新
𣝕	tsen1	
𣝗	ʁwət4	
𣝞	dʐaw1	
𣞐	sʲa2	
𣞑	maŋ1	
𣞒	fʰu1	
𣞖	tsʰɑj3	
𣞙	sɑŋ2	
𣞟	tɕʰin1	
𣞟	tɕin2	
𣞤	ɱu2	
𣞰	len3	
𣞵	ʑim2	
𣞵	ʑim3	新
𣞷	sɨwŋ1	
𣞷	sɨwŋ2	
𣟄	tʰɑk4	
𣟉	χwaj3	
𣟌	lej3	
𣟳	zʲwen1	
𣟴	ʂwan1	
𣟼	tsʲʰew1	
𣟼	tsʲɨw1	
𣟽	lɑw3	
𣠏	tsɨw1	
𣠚	lˠɨw1	
𣠞	tɕʰep4	
𣠞	tɕep4	
𣠟	dʐim1	
𣠺	tsʲʰep4	
𣠼	lɑw2	
𣡆	sɑŋ2	
𣡌	ɴɑt4	
𣡖	baj3	
𣡞	jem1	
𣡠	mʲen1	
𣡶	jem1	
𣡷	lˠit4	
𣢂	xʲi1	
𣢆	kˠɨj3	
𣢉	ɴwa1	
𣢑	xˠi1	
𣢗	χap4	
𣢘	ɕin1	
𣢜	ʔʲɨw1	
𣢜	ʔʲɨw2	
𣢜	ʔˠɨwk4	
𣢠	bʲit4	
𣢩	xˠəp4	
𣢫	ʔˠwɑŋ2	
𣢰	tsʲɨwk4	
𣢲	fʰəm1	
𣢺	χɑm1	
𣣉	χek4	
𣣋	lˠɨŋ1	
𣣌	tsʲi3	
𣣌	tsʲʰi3	
𣣏	χwən1	
𣣢	jie1	
𣣲	xˠəp4	
𣣳	jew1	
𣣸	jɨw2	
𣣹	χɑp4	
𣤇	qʰawk4	
𣤊	lɑp4	
𣤋	lɨw3	
𣤌	tʂʰwaj3	
𣤢	tʰej3	
𣤩	tʰek4	
𣤴	xˠie1	
𣤵	ʔʲaŋ2	
𣤶	tsʲɨwk4	
𣤶	dzʲɨwk4	
𣤶	tsɑp4	
𣥂	tʰɑt4	
𣥦	qən1	
𣥹	tɕʰɨwk4	
𣥺	ɖaŋ1	
𣦞	ɡˠwi1	
𣦢	pʲak4	
𣦼	dzɑn1	
𣧂	tʰej3	
𣧍	nwət4	
𣧎	qwej3	
𣧑	xˠuŋ1	
𣧖	tʂat4	
𣧖	tsʲet4	
𣧡	xʲwet4	
𣧩	tɕɨwŋ1	
𣧱	ʂan1	
𣧳	lɑk4	
𣧻	dzɑn3	
𣨍	qɨwk4	
𣨐	dzu1	
𣨙	ʔˠwie1	
𣨙	ʔˠwie3	
𣨛	tsʲwit4	
𣨛	tsʰwət4	
𣨶	xˠwəj3	
𣩄	qʰɑp4	
𣩈	dzɑ1	
𣩈	tsʲa1	
𣩎	mɑk4	
𣩒	tsɑw1	
𣩟	dɨŋ3	
𣩠	sʲie3	
𣩡	swɑj3	
𣩱	ʔɑj3	
𣪌	dɨw1	
𣪏	qɑm2	
𣪘	kˠʰɨw1	
𣪘	kˠɨw3	
𣪠	qʰek4	
𣪲	tsuk4	
𣫌	nɨw3	
𣫎	sɨwk4	
𣫐	dʑɨw1	
𣫓	qʰɨwk4	
𣫞	dzɑk4	
𣫣	luŋ1	
𣫴	ʁwej1	
𣬈	bʲi1	
𣬎	qwet4	
𣬕	sʲa2	
𣬜	tʰɨwk4	
𣬩	fʰun1	
𣬪	pɑj3	
𣬬	sɑp4	
𣬸	dew1	
𣬹	leŋ1	
𣭝	qɑp4	
𣭠	ɳˠɨ1	
𣭲	ɲuŋ2	
𣭷	bət4	
𣮉	lˠi1	
𣮉	ləj1	
𣮊	ʈˠɨk4	
𣮐	bʲak4	
𣮧	pɑŋ2	
𣮫	qa1	
𣯅	kˠej3	
𣯉	dep4	
𣯍	ɲwin2	
𣯨	tsʲuŋ1	
𣯩	mən1	
𣯻	fun1	
𣯼	sʲuk4	
𣰊	ɳawŋ1	
𣱐	ʈˠi3	
𣱐	ʔʲin3	
𣱓	ʁaw3	
𣱦	vun1	
𣲒	lˠɨk4	
𣲵	tɕie2	
𣲷	ɳˠip4	
𣲿	ɳaw1	
𣳤	ʈam3	
𣳦	sej3	
𣳩	tsʲi1	
𣳪	ʂi3	
𣴞	bən3	
𣴣	tʂɑŋ3	
𣴵	χwəj3	
𣵻	dɑ2	
𣵻	dɑ3	新
𣶏	tsʲep4	
𣷾	kˠwi2	
𣸃	sʲwit4	
𣸆	tsʲie2	
𣸍	pʰɑt4	
𣸎	χwaj3	
𣹟	qɨwŋ3	
𣹠	ʔˠwən1	
𣹢	ʁɑm1	
𣹩	xˠəp4	
𣹪	mɑw1	
𣹬	ʁɨwk4	
𣹮	pʰej3	
𣹲	dej1	
𣹵	ɳˠəp4	
𣺬	χwɑŋ1	
𣻐	tsʲʰɨ1	
𣻑	ʂat4	
𣻒	tsʲaŋ1	
𣻛	ʈawŋ1	
𣻜	vu1	
𣻣	dʑep4	
𣻥	vu1	
𣽅	qwɑt4	
𣽅	ʁwɑt4	
𣽍	ɡˠi3	
𣽒	sʲet4	
𣽤	ʂak4	
𣿂	sʲwie2	
𣿆	vu1	
𣿊	len3	
𣿐	dzəj3	
𣿐	dzɨk4	
𣿒	tsʰwəj2	
𣿓	tsʰwəj2	
𤀨	dɨw3	
𤀷	jwi3	
𤁡	dɑm3	
𤁪	ʁwat4	
𤁫	ʈʰwat4	
𤁳	ɖap4	
𤁵	lˠɨ1	
𤁸	lew2	
𤁹	χwak4	
𤂥	ɖak4	
𤂳	tsʲʰwej3	
𤂳	sʲwen3	
𤂿	sʲwen3	
𤃀	lej3	
𤃨	lɑm3	
𤃪	xˠie1	
𤃫	χwɨŋ1	
𤃭	tsʲew2	
𤃱	mˠi1	
𤃴	χwɑt4	
𤃶	tʰɨŋ1	
𤃶	tʰɨŋ3	
𤃷	ʔˠim2	
𤃷	ʔɑm2	
𤄎	χek4	
𤄜	fʰən1	
𤄫	fʰən1	
𤄶	jɑk4	
𤄷	lɑ1	
𤄺	pen1	
𤅊	ŋˠet4	
𤅢	jɑk4	
𤅣	mən1	
𤅩	χɑn3	
𤅸	jem1	
𤅸	jem3	
𤆎	tsəj1	
𤆝	pʰawk4	
𤇯	ʔən1	
𤈥	tʰek4	
𤈦	xˠuj2	
𤈧	ʁak4	
𤈪	qʰaj3	
𤉐	dʐawk4	
𤉧	qaw2	
𤊯	tʰwən2	
𤊸	fut4	
𤊾	met4	
𤌉	tʂʰaw2	
𤌍	ʁuk4	
𤌎	lˠin3	
𤌏	ʔɨwŋ2	
𤍙	zʲem1	
𤎟	ʔen1	
𤎡	ʁɑm3	
𤎢	dzʲem1	
𤎥	tɕʰem1	
𤎥	tʰɑm2	
𤎩	zʲwi3	
𤎭	lˠim2	
𤎱	tsʲwie1	
𤎱	tsʲwen2	
𤏶	ʔɑw1	
𤏻	sep4	
𤐧	bˠɨk4	
𤐨	sʲen2	
𤐫	pʲʰew1	
𤐰	ʁwɑk4	
𤑹	jak4	
𤑿	lˠen2	
𤒀	jɑk4	
𤒻	dɑp4	
𤓉	ɲen1	
𤓪	tsʲew1	
𤓫	zʲwi3	
𤓯	tɕɑŋ2	
𤓷	ɳa1	
𤓾	tɑw3	
𤔌	ʔˠɨn3	
𤔔	lwɑn3	
𤔣	bɑw3	
𤕟	ʂɨ1	
𤕤	ʂɑŋ2	
𤕦	ɳaŋ1	
𤕷	dew2	
𤕷	dew3	新
𤕺	dzʲit4	
𤖟	pak4	
𤖱	ʁwɑ1	
𤖴	ʈʰak4	
𤖻	ɡʲew1	
𤖻	ɕie3	
𤖼	pʰak4	
𤗁	tsʲʰuk4	
𤗇	qʰɨwŋ3	
𤗈	sep4	
𤗍	ʔˠwən2	
𤗎	ʔˠem2	
𤗏	bəj1	
𤗚	pˠʰɨk4	
𤗚	bˠɨk4	
𤗛	len3	
𤗨	dep4	
𤗬	lˠu1	
𤗯	swəj1	
𤗴	dwəj1	
𤘌	kˠʰie1	
𤘘	qʰɨw2	
𤘟	nɑ1	
𤘡	ɡˠim3	
𤘣	ɖˠim1	
𤘸	tʰɑw1	
𤘺	ɲuŋ2	
𤘽	χɨw2	
𤘾	pʰaŋ1	
𤙒	ʁep4	
𤙛	du1	
𤙞	bej2	
𤙞	bej3	新
𤙠	ɡʲɨw1	
𤙡	sʲwaŋ1	
𤙰	dɨk4	
𤚩	dzʲin1	
𤚫	dɑŋ1	
𤚼	qɨw3	
𤛊	lɑp4	
𤛋	dɑŋ1	
𤛎	mˠi2	
𤛎	mˠin2	
𤛐	kˠʰu3	
𤛑	juŋ1	
𤛹	ɴuk4	
𤛾	ɲew2	
𤛿	lej1	
𤜂	ɰwej3	
𤜂	kˠwej3	
𤜂	ɡˠwəj3	
𤜄	ʁwaj1	
𤜑	pˠie1	
𤜖	lˠwi1	
𤜡	ʁwəj1	
𤜢	sʲin3	
𤜣	dʑie2	
𤜣	ʑie2	
𤜣	dʑie3	新
𤜣	ʑie3	新
𤜤	ʈak4	
𤜯	tʂʰap4	
𤜵	ɴan3	
𤜵	qan3	
𤜵	ɴen3	
𤜹	ju1	
𤜾	kˠak4	
𤝕	mɨw2	
𤝞	ʈˠʰwit4	
𤝡	ba3	
𤝰	tɑp4	
𤝱	ʔet4	
𤝹	tɕu1	
𤝻	jie1	
𤞚	sʲew1	
𤞛	dzʲɑŋ1	
𤞞	qɨwk4	
𤞞	juk4	
𤟄	qʰawŋ1	
𤟍	ʈak4	
𤟟	ʔam1	
𤟟	ʔam3	
𤟣	jaŋ1	
𤟤	xˠuj1	
𤟤	ʁwən1	
𤟧	sʲi2	
𤟩	dɨwk4	
𤟭	ʈˠʰɑk4	
𤠍	bɑn1	
𤠎	tsʲɨk4	
𤠑	lˠɨw1	
𤠙	qa1	
𤠾	ʈˠʰu1	
𤡁	mɑn1	
𤡥	ɴan1	
𤡥	ʁan2	
𤡥	ʁan3	新
𤡧	ʁaj3	
𤡬	xˠi3	
𤡮	ɲen1	
𤢍	zʲwie2	
𤢍	zʲwie3	新
𤢔	xˠət4	
𤢘	su3	
𤢹	lˠwi2	
𤢻	tɕʰej3	
𤣆	ʈˠʰin1	
𤣆	ɖan1	
𤣆	lˠen1	
𤣗	sʲen2	
𤣘	leŋ1	
𤣜	nɑw1	
𤣤	leŋ1	
𤣻	mət4	
𤣽	mɑw3	
𤤐	su3	
𤤶	ɡˠuŋ1	
𤤺	jej3	
𤥔	sʲɨwk4	
𤦃	ləj1	
𤧙	ju1	
𤨕	lɨk4	
𤩂	lɑw1	
𤩄	dʐwen3	
𤩅	zʲwen1	
𤩚	lek4	
𤩭	ʁɑw3	
𤪌	ɡˠi1	
𤪍	ʁat4	
𤪎	jɨw1	
𤪎	jɨw2	
𤪎	jew3	
𤪿	qwəj1	
𤫀	zʲwen1	
𤫉	sep4	
𤫕	nɑw1	
𤫣	ŋˠen2	
𤫭	dwən1	
𤫱	qɨw1	
𤫲	leŋ1	
𤫵	qʰwɑt4	
𤫶	qʰat4	
𤬂	tuk4	
𤬃	pʰəj1	
𤬏	lɨw1	
𤬐	ʁeŋ1	
𤬓	lem2	
𤬖	ɕew1	
𤬖	jew1	
𤬝	ŋˠən3	
𤬩	jɨk4	
𤬪	qʰɑm1	
𤬪	du2	
𤬪	du3	新
𤬯	kˠʰəm3	
𤬵	tej3	
𤬷	ɳwat4	
𤬾	dwɑ2	
𤬾	dwɑ3	新
𤭁	dɨwŋ1	
𤭏	ʈˠʰak4	
𤭓	ʁeŋ1	
𤭙	ʁɑm1	
𤭛	qɑŋ1	
𤭞	twən1	
𤭢	swəj3	
𤭧	qaj1	
𤮇	juŋ1	
𤮊	qʰɑŋ1	
𤮏	ʁwaŋ1	
𤮚	lwəj1	
𤮜	dʑen3	
𤮧	lu1	
𤮨	lɨwŋ1	
𤮪	tsʲwin3	
𤮭	tʂʰam3	
𤮰	ʔwej1	
𤮼	dəj3	
𤯍	qʰɑm1	
𤯍	qɑm1	
𤯍	ʁɑm1	
𤯷	ʁwɑŋ1	
𤰇	bˠi3	
𤰈	bˠi3	
𤰝	qwen2	
𤰟	χɑŋ2	
𤰩	jɨ1	
𤰫	pawŋ1	
𤱍	pˠʰie1	
𤱣	nɑm1	
𤱨	kˠuŋ1	
𤱩	dew2	
𤱩	dew3	新
𤱹	tʰeŋ2	
𤱽	vu1	
𤱾	qwej3	
𤲍	ʁap4	
𤲑	ʈˠɨ2	
𤲓	ləj1	
𤲖	tʰen2	
𤲙	pən2	
𤲫	tʰwɑn2	
𤲬	ɲwen1	
𤲬	ɲwen2	
𤲬	ɲwen3	
𤲬	nwɑ3	
𤲰	mɨk4	
𤲸	xˠɨwk4	
𤳈	ɕɑŋ1	
𤳉	χɑn3	
𤳊	beŋ1	
𤳐	tɕɨ3	
𤳕	jɨwk4	
𤳖	pɑn1	
𤳤	qʰej1	
𤳯	tɕɨ3	
𤴘	ɳˠep4	
𤴨	ɰɨw3	
𤴯	ʁwɑn3	
𤴰	ɴwət4	
𤴱	tu3	
𤴼	kˠʰəp4	
𤴾	xˠɨn3	
𤵝	mɨw2	
𤵸	pʰawŋ1	
𤵺	jej3	
𤵼	ɕɑŋ3	
𤵽	χɑj3	
𤵾	ʈʰa1	
𤶗	ɴaj2	
𤶘	χwət4	
𤶚	net4	
𤶠	ɖa1	
𤶠	ʈa1	
𤶡	ʈˠɨw2	
𤷂	vuj1	
𤷃	dzʲen2	
𤷃	dzʲen3	新
𤷄	ɡˠwen1	
𤷇	χwak4	
𤷇	xˠwɨk4	
𤷈	nɑt4	
𤷈	ɳat4	
𤷌	kʲin2	
𤷑	ɡˠɨw2	
𤷑	ɡˠɨw3	新
𤷚	ʈˠuk4	
𤷜	ʔˠim3	
𤷽	kˠʰɑk4	
𤷾	kˠʰep4	
𤸁	xˠwəj3	
𤸃	ʂɨw3	
𤸎	qʰɑt4	
𤸑	fʰɨw3	
𤸑	vɨw3	
𤸑	vɨwk4	
𤸒	ŋˠu3	
𤸪	tɕʰej3	
𤸫	ɰun2	
𤸫	ɰun3	
𤸬	ʂwi1	
𤸱	ʔɑp4	
𤸵	pʰu3	
𤸵	bu3	
𤸶	baj3	
𤸷	ɡˠun1	
𤸷	ɴwan1	
𤹝	bʲi3	
𤹡	tʂa1	
𤹨	lˠen3	
𤺄	dʑuŋ2	
𤺄	dʑuŋ3	新
𤺉	ɰwie2	
𤺊	sej1	
𤺏	pʰɑn1	
𤺘	ʔa2	
𤺺	tɑn2	
𤺻	dzʲwen2	
𤺻	dzʲwen3	新
𤻘	ʔˠɨn2	
𤻙	ʁwɑk4	
𤻱	lu3	
𤻲	lˠew3	
𤻲	lɑk4	
𤻴	dɨŋ1	
𤻶	ben2	
𤻶	ben3	新
𤼌	jɨk4	
𤼐	qwɑn3	
𤼒	jwie2	
𤼙	lwɑn1	
𤼙	lˠwen1	
𤼠	lwɑ2	
𤼺	fəj3	
𤽊	pej2	
𤽥	lɑk4	
𤽺	lɨwk4	
𤽼	lɑk4	
𤾕	tʰej3	
𤾬	mɨwŋ2	
𤿊	qɑn2	
𤿎	pˠʰie1	
𤿕	mʲin2	
𤿙	bˠie3	
𤿙	tʂie3	
𤿚	tsʰu1	
𤿚	tsʲʰɨ2	
𤿠	kʲit4	
𤿧	ʁɑn3	
𤿩	qʰawk4	
𤿫	ʈˠʰwet4	
𤿳	kʲʰin2	
𥀁	du2	
𥀁	tu2	
𥀁	du3	新
𥀃	ʁɨw3	
𥀈	tʂap4	
𥀍	pˠie1	
𥀕	pʲit4	
𥀣	ʁawk4	
𥀰	lɑp4	
𥀹	qen2	
𥁑	mʲit4	
𥁓	ɰɨw2	
𥁓	ɰɨw3	
𥁔	fʰəm3	
𥁕	ʔwən1	
𥁠	ɡˠwen1	
𥁮	dew3	
𥁰	mˠaŋ1	
𥁰	mˠaŋ2	
𥁹	dʑa2	
𥁹	dʑa3	新
𥁼	tɕi1	
𥂇	lɨwk4	
𥂈	pu1	
𥂓	mɑ1	
𥂓	ma1	
𥂔	qaw2	
𥂖	lɨwk4	
𥂩	qu2	
𥂫	dzɑn1	
𥂸	jɑŋ1	
𥃐	ʈʰap4	
𥃔	ɡˠu1	
𥃧	kˠew2	
𥄀	ʔaw2	
𥄉	qew1	
𥄎	ɱət4	
𥄎	xʲwet4	
𥄎	xʲwak4	
𥄎	xˠwɨk4	
𥄑	vu1	
𥄔	pɑj3	
𥄔	pʰɑj3	
𥄕	mɑt4	
𥄗	ʔwɑt4	
𥄱	vuj3	
𥄱	pʰɑt4	
𥄵	xʲwit4	
𥄶	sʲi1	
𥅧	χwet4	
𥆊	tsʲʰwen3	
𥆌	qɨwk4	
𥆖	tɨw1	
𥆗	ɡˠwen1	
𥆙	mawŋ1	
𥆛	xʲwak4	
𥆛	χwek4	
𥆝	sɑ1	
𥇅	man2	
𥇉	kˠʰɑŋ3	
𥇔	ʈˠʰɑŋ3	
𥇖	fʰuj1	
𥇖	pˠin1	
𥇙	χwɨk4	
𥇛	kˠu1	
𥇜	tɕwin1	
𥇜	tɕwin3	
𥈄	ʈʰawŋ3	
𥈆	mɑw3	
𥈆	xˠɨwk4	
𥈈	xˠu1	
𥈉	χwɑn3	
𥈌	ʈˠʰɨw1	
𥈔	ʔen2	
𥈔	ʔˠen3	
𥈔	ʔat4	
𥈙	lɑt4	
𥈜	xˠɨk4	
𥈼	bɑn1	
𥈾	ʔwet4	
𥉁	qʰwaŋ2	
𥉁	qweŋ2	
𥉁	kˠu3	
𥉅	qak4	
𥉈	tʰek4	
𥉋	dɨŋ1	
𥉍	tɕʰi1	
𥉏	qʰɑn1	
𥉐	ʁej2	
𥉐	ʁej3	新
𥉑	jɨwk4	
𥉑	ʁɑk4	
𥉓	mʲie1	
𥉓	met4	
𥉔	qaŋ2	
𥉘	dej1	
𥉙	ɡʲi1	
𥉛	ʔen3	
𥉴	mˠit4	
𥉶	lɨwk4	
𥉸	qʰaŋ1	
𥉺	tet4	
𥉻	tsʰej3	
𥉻	ʈˠʰej3	
𥉻	tʂʰat4	
𥉽	qʰɑŋ1	
𥉾	qʰaw1	
𥊬	tʂip4	
𥊮	χwak4	
𥊯	ʁet4	
𥊳	tɕen2	
𥊴	swɑj3	
𥊸	tʰɨk4	
𥊼	ɖaŋ3	
𥊽	qwən1	
𥋙	ɴɑp4	
𥋝	maŋ1	
𥋝	maŋ2	
𥋱	mʲit4	
𥋿	χak4	
𥌂	men1	
𥌄	qʰwət4	
𥌈	qam1	
𥌈	qam3	
𥌊	ban3	
𥌊	pʰan3	
𥌛	lej1	
𥌨	met4	
𥌭	ʁwen1	
𥌭	xʲwen1	
𥌭	ʁwen2	
𥌭	ʁwen3	新
𥌮	lek4	
𥌯	maŋ1	
𥌰	jwi1	
𥌺	jew3	
𥌺	jɑk4	
𥍉	ɕep4	
𥍔	lˠwi1	
𥍟	χwek4	
𥍠	χek4	
𥍫	lɑŋ1	
𥍭	tɕej3	
𥍯	tsʲʰim1	
𥍯	tsʲim1	
𥍰	qʰek4	
𥍸	dʑa1	
𥍹	kˠən2	
𥎂	ɲuŋ1	
𥎆	qʰɑj3	
𥎊	ɡˠin1	
𥎊	ɡˠɨn1	
𥎋	tʂʰawŋ1	
𥎌	vuŋ1	
𥎐	jwit4	
𥎖	mʲie1	
𥎗	zʲɨ2	
𥎗	zʲɨ3	新
𥎦	ʁɨw1	
𥎰	fʰəp4	
𥎱	bat4	
𥎹	ʈˠit4	
𥎻	ʈˠɨw1	
𥏙	kˠʰwəj3	
𥏠	pej1	
𥏪	qʰaj2	
𥏬	dɑŋ1	
𥏳	ʐi2	
𥏳	ʐi3	新
𥏻	ɕɑŋ1	
𥏻	tsʲʰɑŋ1	
𥐁	bɨwk4	
𥐗	pˠem1	
𥐙	pʰat4	
𥐝	tek4	
𥐞	mɑŋ1	
𥐪	ʁwaŋ1	
𥑇	det4	
𥑋	qwaj3	
𥑐	qap4	
𥑻	sen1	
𥒰	fu2	
𥓋	ɴen1	
𥓍	tuk4	
𥓎	lwət4	
𥓔	ʔwəj2	
𥓖	qɑw2	
𥓻	tsɨwŋ1	
𥔂	qɨŋ3	
𥔄	net4	
𥔢	ju1	
𥔭	swɑ2	
𥕌	dzʲem2	
𥕌	dzʲem3	新
𥕐	tek4	
𥕗	χwaŋ1	
𥕲	kˠwət4	
𥕶	sʲie1	
𥕸	swɑj3	
𥕹	tsʲʰwet4	
𥖝	lˠem1	
𥖪	lak4	
𥗀	lew2	
𥗁	ʈˠɑk4	
𥗝	ɲɑŋ2	
𥗫	ɡˠu1	
𥗫	kˠu1	
𥗭	tsʰɑp4	
𥘄	ʔˠut4	
𥘰	zʲi2	
𥘰	zʲi3	新
𥙫	jɨw2	
𥙮	sʲen2	
𥚁	ʁwɑ2	
𥚁	ʁwɑ3	新
𥚊	lˠɨwk4	
𥚋	sʲwit4	
𥚩	sʲɨ2	
𥛅	lˠɨw3	
𥛘	pʲit4	
𥛚	tʰek4	
𥛛	ʔʲin1	
𥛝	vuŋ1	
𥛞	lɨwk4	
𥛟	pʰawk4	
𥛱	paŋ1	
𥛲	tsʲew3	
𥛳	xˠɨ1	
𥜃	jak4	
𥜒	ʔʲem2	
𥝁	sʲet4	
𥝋	vuj3	
𥝌	qej1	
𥝌	ɴəj3	
𥝖	ʁət4	
𥝢	lˠi3	
𥝧	ba3	
𥝩	zʲwi3	
𥞃	tɕʰwie3	
𥞴	qʰuk4	
𥞵	qep4	
𥟔	tʂɨk4	
𥟕	xˠəm1	
𥟿	ʔwɑ1	
𥟿	ʔwɑ2	
𥠀	seŋ1	
𥠄	twɑn1	
𥠄	twɑ2	
𥠈	tʂit4	
𥠊	ɲɨw2	
𥠋	tsʲip4	
𥠥	jie1	
𥠴	ʈˠʰɑŋ3	
𥠵	pʰu1	
𥠺	ʔˠun1	
𥡃	χwɑŋ1	
𥡜	lwɑ1	
𥡟	ʈʰawŋ1	
𥡤	tsʲew3	
𥡧	tʂa1	
𥡪	jɨk4	
𥡬	tsʲʰuŋ1	
𥢌	vən1	
𥢑	ʁɑw2	
𥢑	ʁɑw3	新
𥢔	ʈawk4	
𥢵	lwɑ1	
𥢶	qʰwɑj3	
𥢶	qʰwaj3	
𥢸	qɑt4	
𥢹	ʁet4	
𥣖	ŋˠi2	
𥣗	ɳaŋ1	
𥣙	dʐɨw2	
𥣙	dʐɨw3	新
𥣚	dzwɑn1	
𥣜	pʰɨwk4	
𥣫	met4	
𥣬	lwəj3	
𥣭	lˠej3	
𥣰	pen1	
𥣰	pen2	
𥤇	tʂʰim1	
𥤓	pen2	
𥤞	leŋ1	
𥤼	ɕwi3	
𥥈	ʔwaŋ3	
𥥉	zʲɨw3	
𥥊	mˠaŋ2	
𥥍	ʂim1	
𥥍	dɑm2	
𥥍	dɑm3	新
𥥥	ʂi3	
𥥸	ɖa1	
𥥻	qʰeŋ3	
𥦜	pɨŋ3	
𥦠	ju2	
𥧓	ma2	
𥧬	qʰen2	
𥧮	ʈak4	
𥧲	tsʲim3	
𥨍	vɨwk4	
𥨍	fʰɨwk4	
𥨒	tsʰwɑj3	
𥨪	ɡˠɨwŋ1	
𥩁	kˠɨwk4	
𥩡	ɰwət4	
𥩲	ʁəj2	
𥩲	ʁəj3	新
𥪂	lˠep4	
𥪋	lɨwk4	
𥪋	vɨwk4	
𥪥	sʲu1	
𥪰	ɡˠaŋ3	
𥫃	ŋˠie1	
𥫃	ŋˠie3	
𥫱	dwən2	
𥫱	dwən3	新
𥫵	tʰej3	
𥬎	mɑt4	
𥬔	kˠʰɨ1	
𥬕	ɲem2	
𥬪	ɲɨwŋ1	
𥬬	ɳˠep4	
𥬲	ʈwa1	
𥬲	dwɑ2	
𥬲	dwɑ3	新
𥭐	lˠwit4	
𥭑	ɡˠɨw1	
𥭓	bawk4	
𥭓	tʂʰawk4	
𥭖	pawk4	
𥭗	bɨwŋ1	
𥭘	ʈˠʰi1	
𥭜	ɡˠi3	
𥭮	maŋ1	
𥮍	jim1	
𥮏	ten2	
𥮒	dzen1	
𥮒	dzʲem1	
𥯕	dɑŋ2	
𥯕	tʰɑŋ2	
𥯕	dɑŋ3	新
𥯖	du3	
𥯗	sʲwin2	
𥯘	ja1	
𥯥	ʈˠʰep4	
𥯨	sʲi1	
𥯩	tɕɑk4	
𥯮	ju1	
𥯶	qʰu2	
𥰛	vɨw1	
𥰝	sʲɨk4	
𥰠	lˠɨ2	
𥰢	ɕen3	
𥰣	lˠɨw1	
𥰥	ʁej2	
𥰥	ʁej3	新
𥰨	dɑm1	
𥰭	dzɑ1	
𥰭	tʂa2	
𥰮	qɑ2	
𥰳	sen3	
𥰶	ʁat4	
𥰸	tsʲen2	
𥰻	mu3	
𥱩	kˠɨwk4	
𥱵	zʲwej3	
𥱵	zʲip4	
𥱻	ʈˠʰɨ1	
𥱼	baj1	
𥲄	dɑm2	
𥲄	dɑm3	新
𥲅	ɖˠɨw1	
𥲈	mɑn2	
𥲊	lew1	
𥳇	fɨwk4	
𥳉	tu1	
𥳊	fəj3	
𥳎	kˠʰɨwŋ1	
𥳎	ɡˠuŋ1	
𥳎	kˠʰuŋ1	
𥳐	kʲʰen2	
𥳒	qam2	
𥳔	dwɑ2	
𥳔	dwɑ3	新
𥳙	dʑwie1	
𥳚	ɲen1	
𥳞	lˠin3	
𥳟	tsʲen2	
𥳣	dzwɑj3	
𥳧	ʂaj1	
𥳭	tsʲen3	
𥴁	ʈˠɨwk4	
𥴡	lej2	
𥴤	ɡˠən1	
𥴧	ɡˠɨ1	
𥴧	kˠɨ2	
𥴨	ʔəj3	
𥴩	qak4	
𥴫	dwən1	
𥴬	bej3	
𥴭	qʰat4	
𥴮	pʰɑk4	
𥴮	pɑk4	
𥴲	mˠin2	
𥴴	qɨw1	
𥴶	tɑm2	
𥵣	twɑn1	
𥵫	dzɨwŋ1	
𥶆	lˠɨ1	
𥶌	lˠɨ3	
𥶓	pˠie1	
𥶛	dej1	
𥶛	dej3	
𥶜	ʁu1	
𥶵	xˠwie2	
𥶶	kˠʰɨwk4	
𥶷	sʲwen2	
𥶻	zʲwie1	
𥶽	ɰwej3	
𥶾	lˠie3	
𥶾	lej3	
𥷀	ʔen1	
𥷕	dep4	
𥷚	kˠɨwk4	
𥷰	dzen1	
𥷼	tsʲɨwk4	
𥸀	mʲie1	
𥸘	ɰwɑk4	
𥸡	qɑm2	
𥸢	tsɑm1	
𥸴	met4	
𥸸	let4	
𥹃	fʰu1	
𥹄	mʲie1	
𥹆	meŋ1	
𥹇	vən3	
𥹜	qaw1	
𥹵	ʈˠʰuk4	
𥹷	lˠɨw1	
𥺋	tʰew3	
𥺝	tɕɨw1	
𥻂	lɑn2	
𥻄	qʰaj1	
𥻅	bˠɨk4	
𥻆	sʲuk4	
𥻇	ʁam2	
𥻇	ʁam3	新
𥻔	fun3	
𥻤	tʂʰɨw1	
𥻦	sɑt4	
𥻧	qem1	
𥻨	ʂak4	
𥻩	men3	
𥼚	tʂawk4	
𥼡	tsʰu1	
𥼶	ɕak4	
𥼺	tsʰwəj2	
𥽂	kˠʰuj3	
𥽏	ʁam2	
𥽏	ʁam3	新
𥽗	lek4	
𥽘	mɑt4	
𥽬	ɳˠɑŋ3	
𥽭	lɑn2	
𥾍	qɑn2	
𥾛	tsʰwət4	
𥾝	met4	
𥾣	tɕie1	
𥾩	ʐi2	
𥾩	ʐi3	新
𥿄	tej1	
𥿆	dzʲi1	
𥿆	zʲi1	
𥿇	ʂɨ1	
𥿇	kˠʰɨ2	
𥿋	vən1	
𥿫	ji3	
𥿬	ŋˠak4	
𥿮	ɕɨk4	
𥿯	pʰaj3	
𥿳	sej3	
𥿼	χwɑŋ1	
𦀉	twɑ2	
𦀒	xˠu1	
𦀒	xˠu2	
𦀖	ʔˠep4	
𦀖	kˠep4	
𦀖	kˠəp4	
𦀘	pʲʰi1	
𦀘	pej1	
𦀚	tʰeŋ1	
𦁆	ɖˠwen2	
𦁆	ɖˠwen3	
𦁍	sʲim1	
𦁎	dzɑk4	
𦁐	kˠut4	
𦁐	kˠʰwət4	
𦁕	χwət4	
𦁙	jwen2	
𦁤	nem3	
𦂀	dɑp4	
𦂁	zʲwi3	
𦂄	qʰaj1	
𦂇	kˠen2	
𦂌	pɨwŋ2	
𦂌	pawŋ2	
𦂔	ɱən3	
𦂗	ʂawk4	
𦃇	lej1	
𦃈	tsʲʰɨw1	
𦃊	lˠit4	
𦃌	sʲem1	
𦃓	lˠɨw1	
𦃕	χwən2	
𦃖	tʰɑm2	
𦃘	ɖˠi3	
𦃟	ʁej3	
𦃢	kˠʰwin2	
𦄍	ʂɑŋ2	
𦄐	kˠʰun2	
𦄑	sʲwej3	
𦄒	pen2	
𦄼	sʲuŋ2	
𦄼	sʲu2	
𦄼	sʲɨw2	
𦄽	ɡˠɨ1	
𦅀	zʲim1	
𦅇	sɑŋ1	
𦅶	lɑp4	
𦅽	kˠuk4	
𦆀	tɕʰen2	
𦆀	zʲen2	
𦆀	zʲen3	新
𦆄	ʂit4	
𦆈	tswɑn2	
𦆞	ɱu3	
𦆠	ɡˠwi3	
𦇎	tsʰɨwŋ1	
𦇖	bʲin1	
𦇧	kˠej3	
𦈸	ɰwɨk4	
𦈼	dʑwie1	
𦉕	dʑen3	
𦉢	leŋ1	
𦉥	ʔɨwŋ3	
𦉬	tʰeŋ1	
𦉬	tʰeŋ2	
𦉭	sʲi3	
𦉹	tek4	
𦊁	bʲi1	
𦊂	ʁu3	
𦊐	ɡˠɨ2	
𦊐	ɡˠɨ3	新
𦊑	lˠɨw2	
𦊒	qɨw2	
𦊓	leŋ2	
𦊔	ɳam2	
𦊼	lˠɨ3	
𦋅	ʁwej1	
𦋞	ʂawk4	
𦋰	qem1	
𦌒	lew3	
𦌔	sʲwen2	
𦌔	ʂan3	
𦌔	sʲwen3	
𦌕	lu3	
𦌟	lɨwk4	
𦌠	bak4	
𦌡	mˠin2	
𦌫	ɳam2	
𦌬	ɱu1	
𦌬	ɱu2	
𦌵	lwəj1	
𦌾	qwen3	
𦌿	ʂɨ1	
𦍀	nɑn3	
𦍒	tʰɑt4	
𦍙	zʲɑŋ1	
𦍧	tsʲʰie1	
𦍩	qu2	
𦍹	jɑŋ1	
𦍻	dɨwŋ1	
𦎣	ʔej1	
𦎣	ʔʲin1	
𦎣	ʔan1	
𦎦	ɱu3	
𦎫	dʑwin1	
𦎷	tsʲin3	
𦎸	tsʲie3	
𦎸	dzʲie3	
𦎹	lɨw1	
𦏆	dɨwŋ1	
𦏇	jɨw2	
𦏊	ʁwɑn1	
𦏖	ʁwan1	
𦏰	leŋ1	
𦏴	ɰu1	
𦏵	jɨk4	
𦏺	ʁɨwŋ1	
𦐄	ʁɑŋ1	
𦐇	tʰɑp4	
𦐈	fʰun1	
𦐉	tɕʰi1	
𦐊	ɕie3	
𦐋	xʲwet4	
𦐛	ɡˠu1	
𦐛	kˠu2	
𦐦	pʰɑk4	
𦐧	ɴej3	
𦐹	ʂin1	
𦐺	sew1	
𦐺	sʲew1	
𦑇	tʰɑp4	
𦑌	χwak4	
𦑌	xˠwɨk4	
𦑎	ʔˠəm3	
𦑜	qak4	
𦑟	χwaŋ1	
𦑡	dʑie1	
𦑣	ʈˠʰəp4	
𦑲	dɑp4	
𦑹	vu1	
𦒆	lɑp4	
𦒎	ʁwej3	
𦒎	jej3	
𦒔	jwit4	
𦒜	xˠen1	
𦒦	lɑp4	
𦒧	χwak4	
𦒸	dʑu3	
𦒻	tem2	
𦒻	tem3	
𦓀	ɡʲi1	
𦓒	ɲi1	
𦓝	tɕwie2	
𦓝	tɕwen2	
𦓤	lˠwet4	
𦓨	zʲi2	
𦓨	zʲi3	新
𦓯	qwej1	
𦓴	ʂaw3	
𦓷	ɰun1	
𦓾	lˠwin2	
𦔅	dwət4	
𦔎	tʂʰɨk4	
𦔐	ɰun1	
𦔔	mɑn1	
𦔔	mɑn3	
𦔜	jɨk4	
𦔥	jak4	
𦔥	ɕak4	
𦔩	pˠew1	
𦔫	tɕʰɨk4	
𦔯	ʂa3	
𦔼	sep4	
𦕀	tsʰej3	
𦕑	tɕin2	
𦕒	tem1	
𦖉	ɱɑŋ2	
𦖊	kˠʰie1	
𦖍	ʁwa2	
𦖍	ʁwa3	新
𦖞	ɱun1	
𦖢	ɲi3	
𦖥	ɴwaj3	
𦖩	lep4	
𦗂	ɳˠɨwk4	
𦗐	ɴaj3	
𦗔	tʂaw1	
𦗕	mˠie1	
𦗕	mˠi1	
𦗕	mˠie2	
𦗖	lew1	
𦗖	lɑw1	
𦗡	dɑm1	
𦗢	tɕen2	
𦗣	ʁwət4	
𦗳	ɳawŋ1	
𦗾	qwɑt4	
𦘅	qwɑk4	
𦘍	ɴwat4	
𦘔	tsʲin1	
𦘭	teŋ3	
𦘴	tu1	
𦘴	tu3	
𦘹	ŋˠwət4	
𦙫	tɕaŋ1	
𦙮	kʲwit4	
𦙱	sɑn1	
𦙶	qu2	
𦙺	qa3	
𦚈	tʰɑk4	
𦚟	ji1	
𦚢	ʔˠwɑ1	
𦚦	tɕɨŋ1	
𦚧	tɕʰwin2	
𦚨	dʑej3	
𦚪	jəj2	
𦛔	jwen1	
𦛔	zʲwen3	
𦛖	tɕʰep4	
𦛝	ɖa1	
𦛠	net4	
𦜌	kʲin2	
𦜒	fəm2	
𦜓	xˠɨn3	
𦜖	ʔa3	
𦜗	tɕej3	
𦜵	xˠɨw1	
𦜵	ɡˠɨw1	
𦝚	jaŋ1	
𦝜	ʁej3	
𦝢	ɡʲwi1	
𦝢	ɡˠwi1	
𦝨	qaj1	
𦝨	qʰaj2	
𦝭	lˠwi3	
𦝮	ɱun2	
𦝲	ʔˠej3	
𦞙	twəj2	
𦞚	set4	
𦞜	sʲɨk4	
𦞠	dwən1	
𦞤	sʲi3	
𦞦	χɨwk4	
𦞦	χɑk4	
𦞵	χew1	
𦟘	jin1	
𦟛	ʈˠʰuŋ1	
𦟜	tʂak4	
𦟟	mɑ1	
𦟠	tsʲɨwk4	
𦠁	tsʲʰuk4	
𦠄	ɡˠɨj1	
𦠆	swən2	
𦠆	dʐwen3	
𦠌	ɲi1	
𦠎	pʲew1	
𦠎	pʲʰew1	
𦠓	lek4	
𦠡	sʲak4	
𦡁	tɑŋ1	
𦡴	ɖˠɨw1	
𦡴	ɖˠɨw2	
𦡴	ɖˠɨw3	新
𦡸	ɳˠi3	
𦡺	ʔʲaŋ2	
𦢊	pawk4	
𦢊	bawk4	
𦢏	lwəj2	
𦢨	zʲem1	
𦢸	pʰɑk4	
𦣀	ɲep4	
𦣆	mɑ1	
𦣍	ʁaŋ1	
𦣛	lˠwɑ1	
𦣞	ji1	
𦣴	ʁwan1	
𦣻	ɕɨw2	
𦤂	dʑu1	
𦤘	juŋ1	
𦤙	ɴwat4	
𦤡	ʔˠəp4	
𦤢	pˠʰi3	
𦤦	χɑj3	
𦤦	χɑt4	
𦤧	ɖaj3	
𦤬	χaj3	
𦤻	ʈˠit4	
𦤿	ʔɨwk4	
𦥊	ʈˠʰi3	
𦥐	ɖˠi3	
𦥑	kˠɨwk4	
𦥑	kˠuk4	
𦥘	pˠem2	
𦥨	jew2	
𦥭	pʰɑk4	
𦥻	tɕwie3	
𦦇	tɕwie3	
𦦔	vuj3	
𦦣	tsʰwɑj3	
𦧇	ʑie2	
𦧇	ʑie3	新
𦧈	ɡˠim3	
𦧝	tʰen1	
𦧟	tʰɑp4	
𦧠	ʁwat4	
𦧭	tʰɑp4	
𦧴	tʰɑn1	
𦧴	den1	
𦨇	ŋˠit4	
𦨈	vɨwk4	
𦨉	ɴwət4	
𦨖	tʂʰaw3	
𦨢	tej3	
𦨣	tew1	
𦨰	ɡˠuŋ1	
𦨲	vəm1	
𦨴	dɨwŋ1	
𦨼	ɴu1	
𦨽	ɡˠim3	
𦩋	baj3	
𦩌	sep4	
𦩎	ɖˠim2	
𦩎	ɖˠim3	新
𦩝	ɰuj3	
𦩣	qʰej3	
𦩤	dwət4	
𦩶	ʁej2	
𦩶	ʁej3	新
𦩻	ʈˠew1	
𦪆	ɡˠi1	
𦪇	lɨwk4	
𦪈	ɴɑw1	
𦪉	tsʲin1	
𦪑	pɑt4	
𦪙	tʰɑp4	
𦪚	dzwən3	
𦪬	xˠət4	
𦪽	lˠuŋ1	
𦫈	lej2	
𦫊	leŋ1	
𦫔	pʰɑt4	
𦫕	mɑt4	
𦫙	ba3	
𦫬	χej1	
𦫰	mɨwŋ1	
𦫶	qaw1	
𦫶	pʰaw1	
𦫶	kˠɨw1	
𦬁	dzəj1	
𦬂	ɴwət4	
𦬔	tʂaw2	
𦬕	ʈˠɨwŋ1	
𦬕	ɖˠɨwŋ1	
𦬖	ɡˠɨw1	
𦬘	tɕuŋ1	
𦬚	ʁu3	
𦬸	ɖˠwit4	
𦬹	tɑt4	
𦬺	xˠwaŋ2	
𦭭	ɡˠuŋ1	
𦭮	ɖˠej3	
𦭯	lˠu2	
𦭲	ɡʲie1	
𦭵	jɑŋ1	
𦭶	sen2	
𦭷	mɨw1	
𦭼	bʲew2	
𦭼	bʲew3	新
𦭿	ja1	
𦮃	qwaj1	
𦮶	ɱun2	
𦮸	ɰi2	
𦮹	vɨw1	
𦮺	sʲi1	
𦮻	qwen1	
𦮾	ɳˠip4	
𦯈	tsʲʰim2	
𦯉	pak4	
𦯊	qwet4	
𦯍	ʈˠep4	
𦯏	ʔawk4	
𦯐	dʑew1	
𦯑	dzɑw2	
𦯑	dzɑw3	新
𦯔	dej1	
𦯖	net4	
𦯪	ʁew2	
𦯪	ʁew3	新
𦰫	nej2	
𦰬	bak4	
𦰳	ja1	
𦰺	vɨw2	
𦰺	vɨw3	新
𦰾	χawk4	
𦱀	jɨwk4	
𦱁	ʁen1	
𦱂	ɰwɨk4	
𦱃	ɰu1	
𦱅	kˠɨ1	
𦱇	qʰɨwŋ1	
𦱊	dʐaŋ1	
𦱒	mɨwk4	
𦱓	sʲi2	
𦱔	pej1	
𦱟	mɨŋ1	
𦱠	kʲɨw1	
𦲯	ɱəm3	
𦳆	jwen2	
𦳆	ɡˠwen2	
𦳆	ɡˠwen3	新
𦳇	dem1	
𦳈	bʲi1	
𦳊	ɕi2	
𦳋	qwaj3	
𦳌	kˠip4	
𦳏	tʂa1	
𦳖	ʁweŋ2	
𦳖	ʁweŋ3	新
𦳚	dʑie1	
𦳝	ʈˠʰɑŋ1	
𦳝	tʰɑŋ1	
𦳢	ɰuj3	
𦳤	bˠew2	
𦳤	bˠew3	新
𦳥	mʲew2	
𦳦	tsəj1	
𦳩	ɰɨw3	
𦳬	ʁɑp4	
𦳮	tɕwak4	
𦳲	ɡʲaŋ1	
𦳷	jɨw1	
𦵡	kˠʰɨwŋ1	
𦵧	lɑŋ1	
𦵩	tsɑw1	
𦵩	dzʲɨw1	
𦵫	sɑk4	
𦵯	ʁat4	
𦵱	set4	
𦵵	jɨw1	
𦵸	qaŋ2	
𦵹	tʰɑm2	
𦵿	fʰu2	
𦶀	ʔu1	
𦶂	ʔˠip4	
𦶋	ɕen3	
𦶌	tew1	
𦶍	ɡˠip4	
𦶎	χwaj1	
𦶎	χwa1	新
𦶏	dwəj2	
𦶏	dwəj3	新
𦶐	kˠʰuŋ2	
𦶐	kˠʰuŋ3	
𦶑	tʰɑp4	
𦶩	ʔʲak4	
𦷛	tɑ1	
𦸁	tʰɑm1	
𦸂	ɕim1	
𦸈	qwɑt4	
𦸉	qʰat4	
𦸐	lˠɨwk4	
𦸓	tsʲʰit4	
𦸗	tsʰek4	
𦸚	zʲip4	
𦸜	tʂi1	
𦸝	sʲit4	
𦸢	lɨw3	
𦸣	pʲie2	
𦸣	bej2	
𦸣	pʲi3	
𦸣	bej3	新
𦸦	bət4	
𦸺	tsʲwie1	
𦹬	qʰwaj1	
𦹬	qʰwa1	新
𦺇	duk4	
𦺊	ʁwən1	
𦺍	tsʲen2	
𦺔	ʁaw1	
𦺖	man2	
𦺖	kʲwit4	
𦺗	ɕɨ1	
𦺦	ʁɑn1	
𦺨	zʲɑŋ2	
𦺨	zʲɑŋ3	新
𦺬	kˠɨj1	
𦺮	ju1	
𦺮	ju2	
𦺱	tsʲie1	
𦺲	dʑwen2	
𦺲	dʑwen3	新
𦺳	ʔˠɨk4	
𦺴	dzʲip4	
𦺸	lˠin3	
𦻃	ʁwɑn1	
𦻝	kˠak4	
𦼏	tsɨŋ1	
𦼧	sɑt4	
𦼪	mɨw3	
𦼫	ɡˠɨ1	
𦼫	ɡˠɨ2	
𦼫	ɡˠɨ3	新
𦼮	qɑn2	
𦼯	zʲwi3	
𦼱	dzʲwen2	
𦼱	dzʲwen3	新
𦼷	qek4	
𦽀	ɴɑw2	
𦽏	vu1	
𦽑	tɕwin3	
𦽒	dzɨk4	
𦽓	ɡʲwaŋ1	
𦾏	ʁap4	
𦾱	tʂʰaw1	
𦾵	ɡʲwaŋ1	
𦾶	dzʲem2	
𦾶	dzʲem3	新
𦾷	lˠɨwk4	
𦾸	twɑn1	
𦾺	jew1	
𦾽	dɑp4	
𦿀	ɖˠɨ1	
𦿁	fɨwk4	
𦿂	jwen1	
𦿆	dɑŋ3	
𦿊	lu1	
𦿌	lew1	
𦿌	lwɑ1	
𦿍	pʰɑk4	
𦿏	mɨwŋ1	
𦿒	dʐin1	
𦿕	dzʲew1	
𧀄	ʈˠʰɑŋ3	
𧀥	ʔˠɨw1	
𧀦	lu2	
𧀧	mɨŋ3	
𧀩	sʲie3	
𧀬	sʲit4	
𧀮	fʰu1	
𧀯	ɕim2	
𧀲	jwet4	
𧀴	fu1	
𧀵	ʂam2	
𧀺	ʁet4	
𧁾	lɨw1	
𧂄	dɑm2	
𧂄	dɑm3	新
𧂇	dɑm1	
𧂈	tsew2	
𧂏	lew1	
𧂐	tsʲie3	
𧂒	tʂawk4	
𧂔	ʁɨwk4	
𧂕	mɑw3	
𧂘	ɳaŋ1	
𧂛	maŋ1	
𧂝	met4	
𧃓	kˠɨwk4	
𧃔	ɖawk4	
𧃘	dzu3	
𧃙	ʁɑn1	
𧃙	ʁɑn3	
𧃝	tɕʰɨw2	
𧃟	jɨk4	
𧃹	ɖap4	
𧄍	ɡʲew1	
𧄓	tɨwŋ2	
𧄔	tɕɨ1	
𧄔	dʑɨ1	
𧄕	tɕɨk4	
𧄶	lwɑn1	
𧄹	ɕɨk4	
𧄼	tɨŋ3	
𧄿	lwɑ1	
𧅁	kˠɑŋ1	
𧅗	tɑŋ2	
𧅙	ŋˠɨj3	
𧅚	ɰwɑk4	
𧆉	fɨwŋ1	
𧆌	tsej1	
𧆐	qɑm2	
𧆐	qɨwŋ3	
𧆐	qɑm3	
𧆓	tsʰu1	
𧆓	tsʰu2	
𧆥	ʁap4	
𧆨	lu1	
𧆫	ŋˠɨt4	
𧆺	leŋ1	
𧇄	lu1	
𧇠	ŋˠew3	
𧇡	qu1	
𧇱	ɴam1	
𧇼	ʁɑw2	
𧇼	ʁɑw3	新
𧇽	ɡˠɨ2	
𧇽	ɡˠɨ3	新
𧇿	dzu3	
𧈑	qak4	
𧈜	dɨŋ1	
𧈟	ɳˠɨk4	
𧈩	dɨk4	
𧈪	ʈˠʰen2	
𧈭	ɴwət4	
𧈻	jwak4	
𧉃	jwin2	
𧉄	mʲen1	
𧉊	fu2	
𧉍	tsʲit4	
𧉟	tʰəj1	
𧉠	tsʲʰi3	
𧉤	vən3	
𧉥	pɨk4	
𧉧	kˠʰɨ2	
𧉩	pu3	
𧉪	qa1	
𧉫	ʈap4	
𧉭	nu2	
𧊎	ɰwət4	
𧊒	tsʲʰi3	
𧊔	jen2	
𧊕	sʲɨwŋ1	
𧊜	ɴɑk4	
𧊥	sʲwit4	
𧊸	sek4	
𧋋	ɴu1	
𧋍	zʲwet4	
𧋑	qaŋ2	
𧋔	ʁɨwŋ2	
𧋔	ʁɨwŋ3	新
𧋘	dej1	
𧌁	dew1	
𧌆	qʰɨwŋ1	
𧌈	vɨw2	
𧌈	vɨw3	新
𧌉	lˠɨwk4	
𧌍	lɨwk4	
𧌏	dɑp4	
𧌑	kˠʰut4	
𧌔	tɕie1	
𧌗	tʂɨw2	
𧍓	ʂwit4	
𧍔	ʔʲew1	
𧍕	ɡˠɑk4	
𧍕	qʰwak4	
𧍘	ʔʲɨw1	
𧍙	vəm2	
𧍙	vəm3	新
𧍜	ɡʲwi1	
𧍞	ɴɑk4	
𧍢	jen2	
𧍧	χam1	
𧍩	qet4	
𧍪	ŋˠu1	
𧍭	dzʲwen1	
𧍮	qweŋ2	
𧍲	bʲen1	
𧎢	dɨk4	
𧎥	ɕen3	
𧎮	tsɑw2	
𧎰	ʈˠen2	
𧎾	lˠɑk4	
𧎿	dzʲit4	
𧏹	ɴaj3	
𧏺	xˠu3	
𧏾	ɳˠɨk4	
𧏿	ɖˠɨwk4	
𧐍	ɕuŋ1	
𧐎	mek4	
𧐐	tʂak4	
𧐐	tsʲak4	
𧐒	sɨwk4	
𧐕	dwɑn1	
𧐴	ʂɨwk4	
𧐶	tsʰek4	
𧑄	tɕɨwŋ1	
𧑌	jɨk4	
𧑍	ʁwa1	
𧑎	tsʲʰwej3	
𧑎	tsʲwej3	
𧑎	tswɑj3	
𧑐	ʑwit4	
𧑐	jwit4	
𧑒	tʰwən1	
𧑓	ɕɨ2	
𧑙	tsʲɨwk4	
𧑜	bʲi1	
𧒒	fʰuŋ1	
𧒔	ɡˠɨw1	
𧒕	tsʰek4	
𧒖	qwɑ1	
𧒖	qwɑ3	
𧒗	ʂɨk4	
𧓎	bʲie1	
𧓕	tɨwŋ1	
𧓲	jɑŋ2	
𧓴	deŋ1	
𧓸	ɖˠak4	
𧔊	ɖˠen1	
𧔞	ŋˠwən1	
𧔢	dzʲen1	
𧔥	jwi1	
𧔥	jwi3	
𧕄	ʔˠɨŋ1	
𧕅	leŋ1	
𧕆	xˠie1	
𧕇	sʲen2	
𧕈	ʔˠuj3	
𧕊	sep4	
𧕋	jɑk4	
𧕛	dɑ1	
𧕝	neŋ1	
𧕡	pʰɨk4	
𧕣	tsʲwen2	
𧕮	lˠie1	
𧕯	lˠie1	
𧕯	ʂie1	
𧕱	ʁat4	
𧕾	tsʲet4	
𧕿	vuj3	
𧖀	ʈˠwet4	
𧖅	mʲit4	
𧖈	bʲi1	
𧖔	lˠin3	
𧖜	leŋ1	
𧖧	deŋ1	
𧖴	mak4	
𧖷	nek4	
𧖺	tʰɑm2	
𧖻	qwak4	
𧗀	qʰɑm3	
𧗇	kˠɨj1	
𧗕	nuŋ1	
𧗘	tʂɨ1	
𧗜	dɑm3	
𧗝	kˠwi2	
𧗳	ʁwen3	
𧗴	juŋ2	
𧗸	dzʲen2	
𧗸	dzʲen3	新
𧗿	ʂwit4	
𧘂	tɕʰuŋ1	
𧘈	lew2	
𧘑	tɕɑk4	
𧘘	ɰu1	
𧘝	pˠew2	
𧘟	pʰɑt4	
𧘨	tew1	
𧘽	ɳa1	
𧘿	tɕaŋ1	
𧙁	tʂie3	
𧙂	fuj3	
𧙃	ʔɑ2	
𧙆	xˠu1	
𧙉	lek4	
𧙞	tsʲʰak4	
𧙥	lɨwŋ1	
𧙧	qan3	
𧚊	tem1	
𧚊	tep4	
𧚋	bɨwŋ1	
𧚍	ɡˠɨw1	
𧚨	tsʲʰip4	
𧚨	tsʲip4	
𧚫	tsʰen3	
𧚭	paŋ2	
𧛒	tʰej3	
𧛔	tɑw3	
𧛔	tuk4	
𧛞	ʁu1	
𧛢	ʈˠie2	
𧛾	qʰɑp4	
𧜀	mek4	
𧜁	ʂaj3	
𧜅	qaj3	
𧜠	ʂwit4	
𧜣	tew1	
𧜣	tew2	
𧜧	ʈʰawŋ1	
𧝂	ʁɑ3	
𧝃	qwet4	
𧝋	dwəj1	
𧝍	tʰwɑ3	
𧝍	dwɑ3	
𧝑	ʈˠen3	
𧝒	ʁwaŋ1	
𧝔	ɡˠɨ1	
𧝕	ɰuj1	
𧝴	tuk4	
𧝷	kˠʰuj3	
𧝹	lwɑ2	
𧞍	ɳat4	
𧞐	tɨwk4	
𧞓	tsʲi1	
𧞛	tset4	
𧞧	pˠew2	
𧞶	tuk4	
𧞷	ʁwaj1	
𧟉	qan2	
𧟌	lɑ3	
𧟨	ʁwen1	
𧟱	bɨk4	
𧟶	pa3	
𧟼	ʔwej1	
𧠜	ɕie1	
𧠞	ʔak4	
𧠠	mej1	
𧠥	tsʲʰi1	
𧠪	tsʰek4	
𧠫	dek4	
𧡋	ɴaj2	
𧡎	ɴej3	
𧡒	mak4	
𧡡	ʁwən1	
𧡡	ɰun3	
𧡨	dej1	
𧡨	dej3	
𧡩	xˠwən2	
𧡩	ʁwɑn2	
𧡩	ʁwɑn3	新
𧡪	tɕʰim1	
𧡪	tɑm1	
𧡪	dɑm2	
𧡪	dɑm3	新
𧡬	ʈˠʰim1	
𧡬	ʈˠʰim3	
𧡷	jew3	
𧡸	tɨw1	
𧡹	jɨw1	
𧡺	ɡʲi1	
𧢄	pʲew2	
𧢜	vən1	
𧢞	qʰan1	
𧢢	jew3	
𧢢	jɑk4	
𧢦	ɡˠwi1	
𧢦	kˠʰuj1	
𧢸	tɕuŋ1	
𧢸	qawŋ1	
𧢺	ɳawk4	
𧣃	pʰa1	
𧣒	ɡˠɨ2	
𧣒	ɡˠɨ3	新
𧣡	qɨwk4	
𧣴	tʂan2	
𧣸	kˠwet4	
𧣺	ɳawk4	
𧣻	kˠɨ3	
𧤏	tʂip4	
𧤐	qwa2	
𧤑	kˠuk4	
𧤕	dzʲɨw1	
𧤖	ʔwəj1	
𧤗	twɑn1	
𧤛	tʂin2	
𧤼	ɡˠwət4	
𧤽	ɰwɑk4	
𧤾	qwet4	
𧥄	tʂip4	
𧥍	pˠew1	
𧥛	kˠʰən2	
𧥜	ŋˠən2	
𧥣	qʰɨw2	
𧥮	ʁu3	
𧥱	vu1	
𧥺	ʁen2	
𧥺	kʲwin3	
𧥺	ʁen3	新
𧦝	χu1	
𧦦	ɲem1	
𧦪	bˠen2	
𧦪	bˠen3	新
𧦭	tʰwɑ1	
𧦮	ɳa1	
𧧒	tsʲʰie3	
𧧗	xˠuŋ1	
𧧢	χwɑŋ1	
𧧢	xˠwɑŋ2	
𧧢	χwɑŋ2	
𧧷	kˠɨw3	
𧧸	pˠet4	
𧧹	ʁej2	
𧧹	ʁej3	新
𧧺	pʲʰi1	
𧧻	dʐa3	
𧨀	swɑ1	
𧨁	tsʲa1	
𧨃	χek4	
𧨹	lˠuk4	
𧩦	kˠɨk4	
𧩧	dɑk4	
𧩮	sew2	
𧩶	qʰa3	
𧩼	ʈˠi2	
𧩼	ʈˠʰi3	
𧪘	tʂʰaj3	
𧪜	su3	
𧪞	sʲwit4	
𧪞	qɑp4	
𧪠	dzʲit4	
𧪡	tɕʰi1	
𧪦	tʰɑp4	
𧪨	ma3	
𧪮	χwa1	
𧫒	χa3	
𧫚	dej3	
𧫝	ʂwa2	
𧫞	lɨw3	
𧫢	ɱɑŋ3	
𧫦	ʔej1	
𧫷	sɨwk4	
𧬅	ʈa1	
𧬇	ʔej3	
𧬈	xˠip4	
𧬊	sej1	
𧬌	ɴam1	
𧬨	χwɑj3	
𧬪	qwən3	
𧬭	qwaj1	
𧬭	qwa1	新
𧬮	ʈʰa3	
𧬮	qwa3	
𧬰	xˠɑŋ3	
𧭈	ɳaŋ1	
𧭣	qwak4	
𧭤	paw3	
𧭥	lɑk4	
𧭹	bʲin1	
𧮑	dɑp4	
𧮓	dwəj1	
𧮫	ɡˠɑk4	
𧮯	ʁwaŋ1	
𧮰	χam1	
𧮱	vun1	
𧮶	ʁɨw1	
𧮺	dʐan3	
𧯆	χwɑt4	
𧯈	kˠʰak4	
𧯠	tɨw1	
𧯦	ɡˠwən2	
𧯦	kˠwen3	
𧯦	ɡˠwən3	新
𧯩	tʂʰɨwk4	
𧯫	ʈaŋ1	
𧯯	ɡˠi1	
𧯷	kˠɨn2	
𧰉	lɑw1	
𧰙	ɡˠɨj1	
𧰥	tʰɨŋ1	
𧰲	tɕʰie2	
𧰽	zʲi2	
𧰽	zʲi3	新
𧰿	ɴɑj3	
𧱁	dɨwŋ1	
𧱑	dʐɨ1	
𧱘	maj3	
𧱚	qen1	
𧱛	dʐu2	
𧱛	dʐu3	新
𧱝	kˠun3	
𧱝	kˠut4	
𧱝	ɡˠut4	
𧱝	kˠwet4	
𧱦	tɨw3	
𧱪	tsʰɨw3	
𧱫	dwɑ3	
𧱲	xˠɨj3	
𧱳	χwaj3	
𧱴	meŋ1	
𧱹	pʰu1	
𧱻	mek4	
𧲂	lˠin1	
𧲌	ʂap4	
𧲎	mɨwŋ1	
𧲔	ɰwej3	
𧲚	jwie1	
𧲛	tsen3	
𧲜	pek4	
𧲝	ɰwej3	
𧲡	lˠɨk4	
𧲱	ʔɑŋ1	
𧲴	tuŋ1	
𧳅	ʂi3	
𧳆	tʰɨwŋ1	
𧳋	ɖaj2	
𧳋	ɖaj3	新
𧳙	sʲi3	
𧳙	ɡˠi3	
𧳛	ʂap4	
𧳜	tɕɨw2	
𧳟	ləj1	
𧳦	nɑw2	
𧳨	ɲew2	
𧴄	juŋ1	
𧴎	bˠew2	
𧴎	bˠew3	新
𧴗	ʔˠuŋ1	
𧴤	pʰawk4	
𧴪	swɑ2	
𧴭	ɕem2	
𧵊	χɑm1	
𧵊	χɑm3	
𧵌	ʔˠɑŋ2	
𧵣	xʲwaŋ1	
𧵣	ʁweŋ1	
𧵪	dzɨk4	
𧶅	χwəj2	
𧶆	lˠin3	
𧶇	ʈat4	
𧶉	pʲin1	
𧶊	ɰun1	
𧶊	ɰun3	
𧶜	ɕɑŋ1	
𧶲	ʁwɑn2	
𧶲	ʁwɑn3	新
𧶷	tʂʰak4	
𧷎	qʰwət4	
𧷎	ʁat4	
𧷗	jɨwk4	
𧷡	lɨw3	
𧷿	tu1	
𧸈	pʲin3	
𧸖	ɖam3	
𧸘	lˠem3	
𧸩	sʲwin3	
𧸱	lˠej3	
𧹝	duŋ1	
𧹭	xˠwɨk4	
𧹲	χɨwk4	
𧹳	qɑn3	
𧺡	bɑt4	
𧺢	tʰɨw3	
𧺣	tsʲuŋ1	
𧺣	tsʲʰuŋ1	
𧺶	ʈˠʰwit4	
𧺹	kˠɨ2	
𧺺	bɑt4	
𧺼	tsʲʰie2	
𧺾	pʰɑn2	
𧻓	paŋ3	
𧻕	tsʲʰak4	
𧻖	ʈˠɨw1	
𧻙	mak4	
𧻙	pʰak4	
𧻚	ɰwən1	
𧻱	ɡˠɨw1	
𧻲	ʁəj1	
𧻵	ʂap4	
𧻶	xˠɨj1	
𧻷	pu1	
𧻸	dʑej3	
𧻹	juŋ2	
𧼏	ʁen1	
𧼐	ŋˠun2	
𧼐	kˠʰun2	
𧼒	ɡʲin1	
𧼒	kʲʰin2	
𧼒	kʲʰin3	
𧼙	ʈˠʰuŋ2	
𧼙	ʈˠʰuk4	
𧼞	kˠwət4	
𧼨	kˠət4	
𧼪	ʈˠʰej3	
𧼮	tʰɑŋ1	
𧼯	ɕu3	
𧼰	dʐap4	
𧽋	ʔu2	
𧽌	ʁwat4	
𧽍	ten1	
𧽍	den3	
𧽏	ʂɨw1	
𧽏	ʂɨwk4	
𧽐	kˠʰen1	
𧽒	xˠɨwŋ3	
𧽟	dzʲɨ2	
𧽟	dzʲɨ3	新
𧽠	tsʰwəj1	
𧽤	pʲew1	
𧽤	pʲʰew1	
𧽸	kˠwət4	
𧽻	kʲwit4	
𧽼	dɑm1	
𧾍	ʈˠen1	
𧾍	ɖˠen1	
𧾎	xʲwen1	
𧾒	tsʲʰi1	
𧾚	jɨ1	
𧾛	ɡˠwak4	
𧾣	xʲwen2	
𧾣	xˠwəj3	
𧾣	χwen3	
𧾣	kʲwit4	
𧾨	xˠən3	
𧾩	zʲwin1	
𧾩	zʲwen3	
𧾯	qet4	
𧾰	jɨk4	
𧾱	ɡˠu1	
𧾵	kˠwɑk4	
𧾵	ɡˠwɑk4	
𧾻	ɡʲɨw3	
𧿁	ŋˠwət4	
𧿅	sʲip4	
𧿲	tʂi2	
𧿳	fʰut4	
𧿹	mɨw2	
𧿻	kˠɨwk4	
𨀘	zʲɑŋ1	
𨀜	tʰɨwŋ1	
𨀝	ɲɑk4	
𨀨	tsɑt4	
𨁃	tʰej1	
𨁈	ʁɑŋ1	
𨁍	ɴen3	
𨁏	pʰu1	
𨁸	lwət4	
𨁹	jem2	
𨁽	tɨk4	
𨂁	ʔɑp4	
𨂁	ʔap4	
𨂝	bam1	
𨂢	tsʲɨk4	
𨂣	ɱu3	
𨂩	pʰɑt4	
𨂰	ʈˠʰej3	
𨃘	tʂɨw1	
𨄏	pʲʰew1	
𨄚	tsʲʰɑŋ1	
𨅎	tsʰwɑj3	
𨅔	dzɑm1	
𨅔	dzɑp4	
𨅗	pˠit4	
𨅞	tɑp4	
𨆁	tʰen2	
𨆂	sɑp4	
𨆌	vən1	
𨆪	kʲʰaŋ1	
𨆪	qʰeŋ3	
𨆫	ʈˠi3	
𨆮	dzʲak4	
𨆳	set4	
𨇆	lɑj3	
𨇙	kˠwej3	
𨇧	ʈˠʰəm2	
𨇮	kˠwət4	
𨇯	ʂawŋ1	
𨇱	pen1	
𨇻	mˠie2	
𨈈	dep4	
𨈋	jɑk4	
𨈚	bʲi1	
𨈛	tɕie1	
𨈭	tʰɑm1	
𨉢	ɖˠuŋ3	
𨊳	sʲim1	
𨊼	ʁwen2	
𨊼	ʁwen3	新
𨋐	pʰat4	
𨋕	ŋˠɑŋ3	
𨋖	lˠɨw2	
𨋙	jin3	
𨋚	ɳˠen2	
𨋩	vɨwk4	
𨋬	dʑɨŋ1	
𨋬	tɕɨŋ2	
𨋱	tʰwəj1	
𨌄	dzɑŋ3	
𨌅	tsʲʰi1	
𨌅	dzʲi1	
𨌅	dʐaj1	
𨌈	den1	
𨌗	kˠʰwi3	
𨌠	lɨwk4	
𨌥	vɨwk4	
𨌭	tʰɑp4	
𨌲	mʲin2	
𨌴	tʰwəj1	
𨍇	ʁak4	
𨍈	tsɨwŋ2	
𨍋	qwɑ1	
𨍎	mɨwk4	
𨍏	dɑk4	
𨍩	baŋ1	
𨍫	lˠit4	
𨍰	qʰɑp4	
𨍴	dɑŋ1	
𨍶	ɡʲwaŋ1	
𨍷	ɲuŋ2	
𨍺	ɡˠak4	
𨎌	ʈˠi3	
𨎩	qwɑŋ1	
𨎪	ɲi1	
𨎬	qew3	
𨎴	tɑŋ1	
𨎶	ɡˠɨ1	
𨎷	lˠem1	
𨎹	lɑm2	
𨏈	ʔˠɨn2	
𨏉	ʂwen1	
𨏉	ʂwen3	
𨏊	ʁam2	
𨏊	ʁam3	新
𨏒	lɑk4	
𨏔	lɨwk4	
𨏠	lɨwŋ1	
𨏩	len1	
𨏪	ʂam1	
𨏵	mˠin2	
𨏹	kˠwɑk4	
𨐁	dep4	
𨐔	ʂin1	
𨐖	sɑt4	
𨐨	pʲak4	
𨐶	χwak4	
𨑊	ɳˠuŋ1	
𨑊	nɨwŋ2	
𨑋	nuŋ1	
𨑒	du1	
𨑤	kʲʰie3	
𨑥	ɱut4	
𨑥	χwət4	
𨑩	tew3	
𨑩	tek4	
𨑪	tsʲʰuŋ1	
𨒇	qap4	
𨒋	ɰwət4	
𨒌	tɕaŋ1	
𨒛	ɲie2	
𨒥	ʁɨw2	
𨒥	ʁɨw3	新
𨒪	tsʲak4	
𨒬	tɕʰi1	
𨒰	jɨw1	
𨓊	tep4	
𨓤	tʰwəj3	
𨓯	ʔwen1	
𨔝	dɨwŋ2	
𨔝	dɨwŋ3	新
𨔣	qa1	
𨔥	tsen1	
𨕤	ɡˠip4	
𨖏	kˠɨw3	
𨖶	zʲɑŋ2	
𨖶	zʲɑŋ3	新
𨖹	ʈˠit4	
𨘇	ʁwɑj3	
𨘇	ʁen3	
𨘌	ʁwɑ2	
𨘌	ʁwɑ3	新
𨙂	jew1	
𨙂	jɨw1	
𨙅	ŋˠwən1	
𨙒	jɨk4	
𨙔	ʈˠʰuŋ1	
𨙔	ʈˠu3	
𨙙	tsʲʰen1	
𨙫	qʰɨw2	
𨙶	pɑj3	
𨙷	tsʲaŋ2	
𨙸	ɡʲie1	
𨙹	ɕew2	
𨙹	tsʲew2	
𨙺	ɳˠɨw2	
𨙽	ɡˠim1	
𨚓	fut4	
𨚔	pʰaw1	
𨚔	pɑw1	
𨚖	tsʲie1	
𨚙	ɰew1	
𨚙	ʁɑw1	
𨚯	dɨwŋ1	
𨚲	dzwən1	
𨚴	ɲɨ1	
𨚵	tsəj3	
𨚶	nen1	
𨚶	neŋ1	
𨛋	lˠi2	
𨛌	ɱɑŋ1	
𨛌	mɑŋ1	
𨛍	ʂaw3	
𨛒	bu3	
𨛖	qʰaj3	
𨛫	lej1	
𨛬	bəj1	
𨛭	ɕɨ1	
𨛳	zʲak4	
𨛴	ʁɑw2	
𨛴	ʁɑw3	新
𨛵	χu2	
𨛶	ɲɨw1	
𨛸	ʁu2	
𨛸	ʁu3	新
𨜏	jaŋ1	
𨜒	qej3	
𨜓	ʈˠaŋ1	
𨜓	ɖˠaŋ1	
𨜔	ʁwɑŋ1	
𨜖	ŋˠu1	
𨜘	ʔɨwk4	
𨜜	ʂaŋ2	
𨜳	duŋ1	
𨜴	qʰɑj3	
𨜴	ʁɑp4	
𨜴	qɑp4	
𨜵	ʔwən1	
𨜶	ʔʲak4	
𨜷	bɑŋ1	
𨜻	ɡˠen1	
𨜿	sʲwit4	
𨝀	ʔwəj2	
𨝀	ʁwəj2	
𨝀	ʁwəj3	新
𨝋	tʂaj3	
𨝌	qɑn1	
𨝍	tsʲʰen1	
𨝫	xˠip4	
𨝭	vɨwŋ1	
𨝯	dɨwŋ1	
𨝰	kˠew2	
𨝱	dzʲew1	
𨝴	ʁwɑŋ1	
𨝸	dɑm1	
𨞓	ʔˠɨwk4	
𨞙	ɡˠɨ1	
𨞚	maŋ1	
𨞛	qɑt4	
𨞜	kˠu1	
𨞪	dʑɨw1	
𨞪	ɖˠɨw1	
𨞪	dʑɨw2	
𨞪	dʑɨw3	新
𨞼	ɱən3	
𨞾	xˠɨŋ1	
𨟀	lˠi1	
𨟃	ʈˠɨŋ1	
𨟄	vən1	
𨟍	qwɑk4	
𨟏	jim1	
𨟙	ʔʲaŋ1	
𨟙	ʔʲaŋ2	
𨟚	ɲɑŋ1	
𨟠	kˠʰwen1	
𨟠	kˠʰɑk4	
𨟻	tsʲɑŋ3	
𨟼	qɑŋ2	
𨠒	fʰən3	
𨠔	bʲit4	
𨠦	ʁaw1	
𨡌	nwəj1	
𨡩	pʰɑt4	
𨡫	ʁwən2	
𨡫	ʁwən3	新
𨡭	mu1	
𨡭	mɨw1	
𨡰	tsʲɑŋ3	
𨡸	tɕwet4	
𨢊	mɨwŋ1	
𨢋	ʁɨwk4	
𨢌	lek4	
𨢍	dʑi3	
𨢐	pɑŋ1	
𨢡	bej3	
𨢦	ʂaj3	
𨢹	tɕaŋ1	
𨣆	jɨw2	
𨣉	qan3	
𨣘	mɨwŋ1	
𨣦	zʲɨ2	
𨣦	zʲɨ3	新
𨣧	dzej3	
𨣨	lɑm3	
𨣱	mɑt4	
𨣻	ʔʲem1	
𨣼	tsʰɨwŋ1	
𨤩	ʈˠʰuŋ1	
𨥂	kʲet4	
𨥥	qwaŋ2	
𨥦	dzej1	
𨥦	tsej1	
𨦂	ləj2	
𨦄	kˠʰem1	
𨦭	lɑw1	
𨧦	pˠie1	
𨧨	ɖˠwej3	
𨩪	ʈˠʰen2	
𨪉	dej1	
𨪌	ɡʲi1	
𨪎	ʔˠɨwk4	
𨪐	dɨw2	
𨪐	dɨw3	新
𨪴	qej1	
𨫒	lɨw3	
𨫔	bej3	
𨫔	sʲet4	
𨬅	lɑ2	
𨬐	ɡˠwət4	
𨬖	tʂin1	
𨬖	dʐan1	
𨬖	dʐen1	
𨬟	qu1	
𨭖	tɕen2	
𨮒	mɨŋ3	
𨯝	dwəj2	
𨯝	dwəj3	新
𨰉	dʐat4	
𨰟	pˠie1	
𨰠	lwɑ1	
𨱜	ɡʲie1	
𨱧	ʔew2	
𨱵	dɑw2	
𨱵	nɑw2	
𨱵	dɑw3	
𨱵	nɑw3	
𨲊	ɴɑn3	
𨲟	juŋ1	
𨲠	tsʲa1	
𨲭	ɡˠew2	
𨲭	ɡˠew3	新
𨲳	ɳˠuŋ1	
𨳌	ɖˠin3	
𨳗	tɕuŋ1	
𨳝	tʰeŋ2	
𨳳	ʈˠʰu3	
𨳺	det4	
𨴒	qʰwet4	
𨴖	tʂʰɨwk4	
𨴗	tet4	
𨴬	ʁuk4	
𨵊	dʐet4	
𨵌	ʔɑ2	
𨵥	ʂaŋ2	
𨵦	ju1	
𨵨	xˠwɨk4	
𨵪	ʁet4	
𨵫	ɳˠɑk4	
𨶃	ʈa3	
𨶆	tsʲʰɑŋ1	
𨶈	dɑŋ1	
𨶩	ʁɑp4	
𨷙	dʑɨwk4	
𨷭	ɖˠen1	
𨷱	tɕwen2	
𨷲	jɑk4	
𨷳	dzen3	
𨷻	lɑn1	
𨸏	vɨw2	
𨸏	vɨw3	新
𨸜	χəj1	
𨸭	pʰɑ1	
𨸰	kˠɨwk4	
𨸱	nem2	
𨸱	tʰem3	
𨹁	ʁɨwŋ1	
𨹁	qɨwŋ3	
𨹄	twɑ1	
𨹄	twɑ2	
𨹵	kˠwen2	
𨹸	tɕew3	
𨺅	vɨw3	
𨺟	ʈˠaŋ1	
𨺫	kʲʰen2	
𨻵	tsʰwəj1	
𨻷	qʰɑŋ1	
𨻻	lɨw1	
𨻻	lˠu2	
𨻼	pej1	
𨻼	pʰej1	
𨻾	lwəj2	
𨼊	ɱu1	
𨼍	ʁɑw1	
𨼎	tsʲwet4	
𨼏	ɲi1	
𨼑	ɖa1	
𨼒	tɕʰen2	
𨼔	zʲim1	
𨼬	ʁaj2	
𨼬	ʁaj3	新
𨼮	dʐam3	
𨼰	tʰwɑ2	
𨽄	ʂi3	
𨽍	dɨwk4	
𨽴	ʔaj3	
𨽿	dəj2	
𨽿	dəj3	新
𨾂	ɰuj3	
𨾉	kˠɨw2	
𨾊	ʁɨwŋ1	
𨾎	ɡˠwi1	
𨾔	fɑŋ3	
𨾚	kʲwie1	
𨾦	tɕʰi1	
𨾴	qwej1	
𨾵	ɲɨ1	
𨿐	tsʲʰwi2	
𨿠	dʑwie1	
𨿠	dʑwie3	
𨿯	lej1	
𨿿	tɕʰuŋ2	
𩀋	ɲwin1	
𩀑	juk4	
𩀞	tsʰɑŋ1	
𩀰	dzʲuŋ1	
𩀼	sɑn2	
𩀼	sɑn3	
𩀿	tsʲim1	
𩁌	jwie1	
𩁚	nɑn1	
𩁢	nɑn1	
𩁧	ʁwɑn3	
𩁺	ʂam1	
𩂆	fʰɨw2	
𩂓	tuŋ1	
𩂢	ɴaj1	
𩂢	ŋˠim1	
𩂣	lɑk4	
𩂥	ʔʲin3	
𩂩	lwəj1	
𩂹	jwak4	
𩂻	ʈˠʰep4	
𩃔	tsʲem1	
𩃔	ʂam1	
𩃗	ʔˠem2	
𩃙	qwaŋ1	
𩃵	ɲem2	
𩃶	bɑt4	
𩄁	xˠuj2	
𩄙	ʁɑm1	
𩄚	tsʲi1	
𩄡	lˠem1	
𩅀	tem3	
𩅀	ʈˠip4	
𩅂	dwɑn1	
𩅄	lɨwk4	
𩅟	bawk4	
𩅦	ʔwan1	
𩅧	tɕɨwŋ1	
𩅨	dʐim1	
𩅼	tsʲem1	
𩅼	lˠem3	
𩅼	tʂam3	
𩅽	nuŋ1	
𩅿	fʰɑk4	
𩆂	tsʲi1	
𩆂	dzʲi1	
𩆈	leŋ1	
𩆊	ɱən3	
𩆑	swɑn1	
𩆚	leŋ1	
𩆜	leŋ1	
𩆮	leŋ1	
𩆵	sʲie1	
𩆵	sen3	
𩆶	ɲɑŋ1	
𩆸	ɖawk4	
𩇕	dzʲaŋ2	
𩇕	dzʲaŋ3	新
𩇜	ʈˠʰaŋ3	
𩇠	ʔɑp4	
𩇪	vuj3	
𩈉	tɑm3	
𩈜	twəj1	
𩈡	xʲaŋ3	
𩈣	χɑm1	
𩈬	ʔwan3	
𩈭	ŋˠie3	
𩈵	lɑm1	
𩈶	ɳan2	
𩈹	men3	
𩈻	tsɑm1	
𩈻	tʂam3	
𩉥	ʁwen2	
𩉥	ʁwen3	新
𩉦	qwɨŋ1	
𩉪	ɲuŋ3	
𩉬	ɡʲie1	
𩉺	dɑ1	
𩉼	ɕin1	
𩊄	ɖˠɨw3	
𩊙	vɨwk4	
𩊚	lɑk4	
𩊜	twɑ2	
𩊜	dwɑ2	
𩊜	dwɑ3	新
𩊝	tɕi3	
𩊞	tɕi3	
𩊪	dɨw3	
𩊭	dwɑj3	
𩊮	sɑ1	
𩊮	ʂa1	
𩊯	ʂak4	
𩋁	ʈˠwet4	
𩋄	tʂʰɨw2	
𩋆	qʰan1	
𩋇	pet4	
𩋊	ʔɑp4	
𩋊	ʔˠəp4	
𩋏	nep4	
𩋟	vɨwk4	
𩋠	mʲen2	
𩋡	ɕit4	
𩋢	xˠwən3	
𩋩	ɖˠi3	
𩋪	nej2	
𩋬	jɑŋ1	
𩌃	ɡˠwi3	
𩌄	tʂʰɨw2	
𩌈	sɑk4	
𩌊	χawk4	
𩌍	qap4	
𩌏	bɨw3	
𩌏	pɑk4	
𩌑	ʔˠwən2	
𩌦	ʂie2	
𩌦	ʂaj2	
𩌦	ʂie3	
𩌨	dʑuŋ1	
𩌬	tɕɑŋ1	
𩌮	ʑuk4	
𩌮	zʲuk4	
𩌰	ʂam1	
𩌱	sɨw1	
𩍃	maj1	
𩍅	dɨwŋ1	
𩍆	sʲak4	
𩍔	kˠʰɨwk4	
𩍕	tɕet4	
𩍖	ʔˠɨk4	
𩍙	ʂɨk4	
𩍜	dɑk4	
𩍦	nej2	
𩍲	tɕie1	
𩍿	bɑk4	
𩎀	kˠən1	
𩎈	dzwɑn1	
𩎈	tswɑn1	
𩎉	ʂie2	
𩎌	χen3	
𩎑	tswɑn1	
𩎓	bˠi3	
𩎔	qaw1	
𩎕	sʲip4	
𩎕	sɑp4	
𩎚	ʈʰak4	
𩎧	vɨwk4	
𩎯	ɰuj1	
𩎺	ʔˠwən2	
𩏇	dwɑn2	
𩏇	dwɑn3	新
𩏑	ʁɑn1	
𩏚	zʲwi3	
𩏠	ʈaŋ3	
𩏩	xˠəm1	
𩏩	xˠem2	
𩏪	ɖak4	
𩐅	sɑp4	
𩐌	dwəj3	
𩐏	vən1	
𩐟	pawk4	
𩐠	χɨwŋ1	
𩐨	pʰawŋ1	
𩐨	bawŋ1	
𩐭	nep4	
𩐱	jəp4	
𩐵	dɨwŋ3	
𩑂	ɖawk4	
𩑃	ŋˠəp4	
𩑐	tʂʰaj1	
𩑒	dɑk4	
𩑒	ʈak4	
𩑒	ʈʰak4	
𩑔	qʰwən2	
𩑔	qʰwət4	
𩑛	fət4	
𩑟	qʰɑm1	
𩑢	baj1	
𩑢	bəj1	
𩑣	ɰɨw3	
𩑤	ɴɑw2	
𩑦	mət4	
𩑦	ʔwət4	
𩑳	kˠʰem2	
𩑵	ɱuj3	
𩑶	ʁu1	
𩑷	mɑt4	
𩑸	χɑ1	
𩑸	χɑ2	
𩑹	ʁwen3	
𩒣	kˠʰim2	
𩒣	kˠʰəm2	
𩒮	ɡˠɨw1	
𩒰	ɴɑ1	
𩒰	ɴɑ2	
𩒱	qʰwən1	
𩒱	qʰwən3	
𩒵	kʲʰwaŋ2	
𩒺	vu2	
𩒺	vu3	新
𩓝	bet4	
𩓞	dzʲaŋ3	
𩓡	kʲwie1	
𩓣	sʲu1	
𩓥	ɴawk4	
𩓨	tsʲaŋ1	
𩓬	ɖwaj1	
𩓸	kʲwie1	
𩓾	ɲem1	
𩔀	ɴwaj3	
𩔁	χwəj3	
𩔂	dwən3	
𩔃	ɰwən2	
𩔇	lɑw2	
𩔈	pʰɑk4	
𩔊	dʐwen2	
𩔊	dʐwen3	新
𩔚	ʔɨwŋ1	
𩔞	ʁɑm1	
𩔣	tɕen1	
𩔳	tʂak4	
𩔴	xˠuk4	
𩔶	ma1	
𩔹	pʲie1	
𩕊	tɕen2	
𩕏	bɑ1	
𩕐	lew3	
𩕔	lˠin2	
𩕔	lˠin3	
𩕖	sʲwen1	
𩕡	ʂɨk4	
𩕢	teŋ2	
𩕯	tɑw1	
𩕲	ʔˠie1	
𩕳	neŋ2	
𩕾	ŋˠwən3	
𩖄	kˠʰim2	
𩖊	leŋ1	
𩖎	χwɨŋ1	
𩖛	bɨwŋ1	
𩖛	bˠɨw1	
𩖣	zʲim1	
𩖴	lˠɨw2	
𩖶	xʲwet4	
𩖼	fut4	
𩗄	χɨwŋ1	
𩗔	nwəj2	
𩗬	lˠɑŋ1	
𩗬	lˠɑŋ3	
𩘅	qaj1	
𩘍	jwen2	
𩘍	jwen3	
𩘎	ʁuŋ1	
𩘐	xˠut4	
𩘑	ʔˠaŋ2	
𩘚	ɰuj2	
𩘡	lej3	
𩘹	ʂɨwk4	
𩘹	sʲɨwk4	
𩘽	ʈaŋ1	
𩙅	jwit4	
𩙒	pʲʰew1	
𩙚	sew1	
𩙛	χwɨŋ1	
𩙲	fuj1	
𩙺	jɨk4	
𩙽	ʁwan1	
𩚖	ɳˠɨw3	
𩚛	nɑp4	
𩚬	ʔak4	
𩚭	bɨw1	
𩚯	ɳˠi1	
𩚱	qweŋ2	
𩚳	vən3	
𩚴	ʔˠut4	
𩚴	ʔˠwət4	
𩚹	leŋ1	
𩛁	paw2	
𩛌	dʐi3	
𩛎	mɑm2	
𩛛	ji1	
𩛠	tswɑ1	
𩛢	sʲɨw1	
𩛥	tsəj3	
𩛺	kˠɨwk4	
𩛻	tsɑn3	
𩛿	zʲaŋ1	
𩜁	lˠɨŋ1	
𩜁	lˠɨŋ3	
𩜉	ɕa2	
𩜍	tɨwŋ1	
𩜏	ʔˠɨ3	
𩜮	tɕʰi3	
𩜰	pˠʰɨk4	
𩜴	dzʲi1	
𩜾	tɕen1	
𩜿	paw2	
𩝙	dʑi3	
𩝛	ʁat4	
𩝝	qʰɑw3	
𩝡	kʲʰen2	
𩝣	tɑp4	
𩝧	sʲɨw1	
𩝨	χwaj1	
𩝨	χwa1	新
𩝸	ʔˠwən1	
𩞁	mɑ1	
𩞃	ɕɑŋ2	
𩞉	dʐɨwŋ1	
𩞐	dʐawŋ1	
𩞧	ɕɑŋ2	
𩞬	tɨŋ3	
𩞿	χɑm3	
𩟂	qwɑ3	
𩟃	leŋ1	
𩟇	ʔɑw3	
𩟊	nuŋ1	
𩟊	ɳawŋ1	
𩟓	ʔwɑk4	
𩟗	tsʲem2	
𩟙	dzet4	
𩟭	lɨwŋ1	
𩠐	ɕɨw2	
𩠑	teŋ2	
𩠖	fət4	
𩠢	ji1	
𩠣	qep4	
𩠹	tɕwen1	
𩡔	χɑt4	
𩡕	baŋ1	
𩡝	dɑm1	
𩡩	pat4	
𩡺	qaj3	
𩡻	ʔew2	
𩢎	twət4	
𩢑	tsʲʰie2	
𩢔	pɑn3	
𩢕	bu3	
𩢛	qɑt4	
𩢮	xˠɨw1	
𩢰	vɨwk4	
𩢱	ʁwəj1	
𩢳	ɡˠu1	
𩢴	kʲʰit4	
𩢷	mak4	
𩢸	ʈˠɨw1	
𩢼	kˠʰwɑŋ1	
𩢽	ɡˠuŋ1	
𩢾	lˠej3	
𩢾	lˠet4	
𩣐	χwɑŋ1	
𩣘	ɳˠep4	
𩣝	bu3	
𩣡	bawk4	
𩣡	bət4	
𩣯	dɑp4	
𩣱	lˠɨwk4	
𩣸	vɨw2	
𩣸	vɨw3	新
𩣽	ɡˠɨwk4	
𩤛	ŋˠuŋ1	
𩤠	ʁaj1	
𩤡	sʲwen1	
𩤥	ʁam1	
𩤽	tʰej1	
𩥄	ten1	
𩥆	lˠɨ3	
𩥇	ʈˠen3	
𩥈	ʔwən1	
𩥉	kˠi3	
𩥑	tʰɑp4	
𩥓	tʰɑw1	
𩥮	ʂan2	
𩦂	ʁan1	
𩦌	sɑŋ1	
𩦎	fʰuj2	
𩦠	bʲew1	
𩦡	jɨ1	
𩦡	jɨ3	
𩦢	ŋˠu1	
𩦶	dɨwŋ1	
𩦶	duŋ1	
𩦺	mɨwŋ1	
𩧃	lˠej3	
𩧉	qwɑŋ1	
𩧋	lej1	
𩧐	lɑk4	
𩧐	tʰɑk4	
𩨭	kˠʰwɑ1	
𩨳	twət4	
𩨴	jew2	
𩨷	kˠʰwɑ1	
𩨾	ɴwa1	
𩩌	qwən2	
𩩘	ʔˠɨ2	
𩩝	qʰawŋ1	
𩩠	dzwət4	
𩩯	ben2	
𩩯	ben3	新
𩩱	qʰa3	
𩩲	ʁɑt4	
𩪉	xˠuk4	
𩪋	ɴɑw1	
𩪍	tɕʰu1	
𩪐	qwak4	
𩪘	ɖawŋ1	
𩪜	ɡˠwət4	
𩪡	dwən1	
𩪧	bʲak4	
𩪲	ʁat4	
𩫀	qʰɑj3	
𩫏	qwɑk4	
𩫥	dzɑw1	
𩫧	ɰwən1	
𩫫	bʲie1	
𩫿	dʐaŋ1	
𩬑	tem1	
𩬙	fu1	
𩬙	fu3	
𩬜	kˠɨwk4	
𩬠	tʰəj1	
𩬰	ɡˠuŋ1	
𩬳	twəj2	
𩬶	sʲi3	
𩬹	kˠʰwɑŋ1	
𩭇	lˠi1	
𩭓	tsʲɨw1	
𩭩	tɨwŋ3	
𩭾	mɨw1	
𩭿	ɳat4	
𩮁	qʰat4	
𩮁	qat4	
𩮂	χat4	
𩮙	ɲuŋ1	
𩮜	ɕak4	
𩮜	tʰek4	
𩮝	ɴat4	
𩮰	tsɨwŋ1	
𩮰	tsɨwŋ2	
𩮳	bʲew2	
𩮳	bʲew3	新
𩮶	sɨw1	
𩮷	tɨw1	
𩯄	tswən3	
𩯅	fʰɨw3	
𩯅	fʰɨwk4	
𩯊	lew1	
𩯋	kˠak4	
𩯌	pɑt4	
𩯏	pɨwk4	
𩯨	nej2	
𩰎	ʔwaŋ1	
𩰗	pʲʰin3	
𩰝	pʲʰin1	
𩰞	mʲie2	
𩰞	nej2	
𩰟	fʰun1	
𩰢	ʂi2	
𩰢	ʂi3	
𩰥	tsʲɑk4	
𩰪	ʔˠut4	
𩰫	qwɑ1	
𩰬	qwɑ1	
𩰳	ʁwej1	
𩰴	ɲi1	
𩰹	qeŋ3	
𩰾	fuj3	
𩱈	tʂʰaw2	
𩱓	ɲi3	
𩱖	sɨwk4	
𩱘	qʰak4	
𩱚	bət4	
𩱡	kˠən1	
𩱤	kˠən1	
𩱦	tʂʰaw2	
𩱧	qaŋ1	
𩱨	ɲuk4	
𩱭	tsʲɨŋ3	
𩱱	jɨwk4	
𩱲	jɑk4	
𩱴	xˠew1	
𩱷	mɑt4	
𩱷	met4	
𩲄	ʔwəj3	
𩲏	χwa3	
𩳍	ʔeŋ2	
𩳔	ɴaw3	
𩴆	ɡˠɨj1	
𩴆	kˠɨj2	
𩴓	nɑ1	
𩴱	pʲin1	
𩴱	pʲʰin1	
𩴱	bʲin1	
𩴳	tʂʰat4	
𩵀	leŋ1	
𩵌	sew2	
𩵏	χwa3	
𩵖	sʲew2	
𩵢	χɑp4	
𩵣	pʰəj1	
𩵥	vəj3	
𩵩	fu1	
𩵭	ɰwɑŋ1	
𩶁	baŋ2	
𩶁	baŋ3	新
𩶅	tɕʰi1	
𩶇	ɕim2	
𩶤	sen2	
𩷍	jwak4	
𩷎	dek4	
𩷏	ɡʲaŋ1	
𩷏	ʁeŋ2	
𩷏	ʁeŋ3	新
𩷒	dzʲim1	
𩷕	lɑŋ1	
𩸄	ʁwa2	
𩸄	ʁwa3	新
𩹂	ɰuj3	
𩹄	χɑj3	
𩹇	deŋ1	
𩹈	ɖˠi3	
𩹉	fuj1	
𩹍	ɡʲwi1	
𩹏	ba3	
𩹟	nɑj3	
𩹲	pʰu1	
𩹳	swɑ2	
𩹶	dɑŋ1	
𩹺	qak4	
𩹼	ʁɑn3	
𩹿	qak4	
𩺀	tsʲak4	
𩺰	ŋˠɨ1	
𩺱	ɳˠɨk4	
𩺵	ʂin1	
𩻛	tsʲim1	
𩻛	dʐim1	
𩻜	lˠin1	
𩻝	dʐwen2	
𩻝	dʐwen3	新
𩻟	ɰwie1	
𩻟	xˠwie1	
𩻼	ɖˠej3	
𩼅	ɲuŋ3	
𩼈	ʔɑw3	
𩼊	lwɑ1	
𩼋	ŋˠəp4	
𩼝	dʑɑŋ1	
𩼪	ŋˠɨ1	
𩼼	ʈˠen1	
𩽏	lek4	
𩽛	bɑk4	
𩽜	kˠen2	
𩽵	lej2	
𩾔	tsʲʰi3	
𩾗	tew1	
𩾗	tsʲew1	
𩾘	ŋˠəj3	
𩾞	ʁwɑn1	
𩾷	qwɑ1	
𩾺	tɑm3	
𩾼	sʲak4	
𩾾	χaw1	
𩾿	vu2	
𩾿	vu3	新
𩿀	ɖˠɨwŋ3	
𩿂	mɑw3	
𩿇	ʁu2	
𩿇	ʁu3	新
𩿟	kˠʰɨ3	
𩿡	dəj1	
𩿢	tʰɨw2	
𩿢	dɨw2	
𩿢	dɨw3	新
𩿣	mɑt4	
𩿤	tʂat4	
𩿧	fu1	
𪀐	kˠip4	
𪀐	bˠip4	
𪀐	ɡˠep4	
𪀒	tɕʰi1	
𪀒	det4	
𪀕	jej3	
𪀗	kˠwie2	
𪀗	ŋˠwie2	
𪀘	dzʲɑŋ3	
𪀚	sʲɨwŋ1	
𪀠	zʲwin1	
𪀥	ɖak4	
𪀦	ʈˠʰɨk4	
𪁁	ɡˠɨwk4	
𪁍	qɑp4	
𪁘	ʔwɑŋ1	
𪁙	ɴu1	
𪁛	jwak4	
𪁜	lɑŋ1	
𪁞	dɨw1	
𪁪	muŋ2	
𪁪	mawŋ2	
𪁾	ʔɑw2	
𪂅	tɕie1	
𪂆	mˠin1	
𪂈	jem1	
𪂉	ɰwɨk4	
𪂌	tʰɑp4	
𪂸	sʲɨwk4	
𪂽	bən1	
𪂿	dej1	
𪂿	dej3	
𪃃	vɨwk4	
𪃄	səj1	
𪃈	qat4	
𪃈	qet4	
𪃍	ŋˠu1	
𪃓	vɨw2	
𪃓	vɨw3	新
𪃦	mʲew1	
𪃹	tsʲak4	
𪃹	tsʲɨk4	
𪃾	juŋ1	
𪄀	bɑn1	
𪄆	pʰej1	
𪄉	ʔˠuŋ1	
𪄛	sʲɨk4	
𪄭	tsʲʰit4	
𪄮	ʁu2	
𪄮	ʁu3	新
𪄱	ʈak4	
𪄱	tek4	
𪄲	ɕɑŋ1	
𪄶	zʲip4	
𪄸	tsek4	
𪄹	dʑɑŋ1	
𪄻	ɕuŋ1	
𪅂	tɕɑŋ1	
𪅃	pʲʰew1	
𪅄	swət4	
𪅆	lˠie1	
𪅟	juŋ1	
𪅮	mˠit4	
𪅲	xˠip4	
𪅶	tɕʰɑŋ2	
𪅺	χɨw1	
𪅼	lek4	
𪅾	kˠʰi1	
𪆁	sʲie1	
𪆃	dwɑn1	
𪆇	ɖˠɨw1	
𪆫	ɡˠɨ1	
𪆯	ɳawŋ1	
𪆰	ʔat4	
𪆱	lˠɨw1	
𪆶	tsʰɑn3	
𪆷	dʐɨ1	
𪆻	tɑm2	
𪇖	lɑm1	
𪇗	qɨwk4	
𪇘	ɖˠɨw1	
𪇭	tsʰɑj3	
𪇰	bɑw3	
𪇰	pɨwk4	
𪇰	puk4	
𪇰	pawk4	
𪇱	lɑk4	
𪇲	tsʲet4	
𪇴	met4	
𪇹	lɑp4	
𪇼	nɑn1	
𪈁	tɕim1	
𪈓	kˠɨwk4	
𪈜	lˠu2	
𪈟	qat4	
𪈩	χwɑn1	
𪈮	man1	
𪈴	kˠwɑk4	
𪈻	ɡˠwen1	
𪈿	mən1	
𪉜	ʈam1	
𪉜	ʈam3	
𪉦	qɑm3	
𪉦	qam3	
𪉧	tʰɑm3	
𪉮	tsʰɨw3	
𪉯	qʰɑm3	
𪉱	ben2	
𪉱	ben3	新
𪉸	ʔwən1	
𪉿	qʰɑm3	
𪉿	qɑm3	
𪊇	tʰɑm3	
𪊉	ʁwaj1	
𪊍	zʲi2	
𪊍	zʲi3	新
𪊑	qen1	
𪊑	qʰen1	
𪊑	qʰeŋ3	
𪊧	qwej1	
𪊨	kˠi2	
𪋆	qwən1	
𪋇	tɕwi1	
𪋎	ʔˠɨw1	
𪋐	nwɑn3	
𪋝	sɨwk4	
𪋮	jɨ1	
𪋮	jɨ3	
𪋯	ɲu1	
𪋯	sʲu1	
𪌈	bʲie1	
𪌘	tʰɨw2	
𪌣	qak4	
𪌯	swət4	
𪍑	tɕʰew2	
𪍒	ʁu1	
𪍛	swət4	
𪍠	qʰɨwk4	
𪍣	lɨw2	
𪍦	lˠen2	
𪍴	len1	
𪍶	dʑen2	
𪍶	dʑen3	新
𪍺	ʁwan2	
𪍺	ʁwan3	新
𪍿	qwaŋ2	
𪎂	ləj1	
𪎓	mˠie2	
𪎕	mˠie1	
𪎣	lˠɨw1	
𪎥	sek4	
𪎨	dɨw1	
𪎭	mˠie1	
𪎮	xˠwie1	
𪎵	qʰɑŋ3	
𪎶	dwən1	
𪎽	tɕʰɨwŋ1	
𪎽	tʰuŋ3	
𪏂	ɖˠem1	
𪏆	tʰwən1	
𪏆	tʰwɑn1	
𪏉	ʈˠem1	
𪏓	ʁwaŋ1	
𪏚	ɰun2	
𪏤	qwəj3	
𪏮	ɲɨ2	
𪏴	kˠɨn2	
𪏻	ʁu1	
𪏿	ʈˠu1	
𪐂	kˠʰwən2	
𪐄	pʲie2	
𪐄	baj3	
𪐏	ʈak4	
𪐏	ʈˠak4	
𪐙	pʰɨwk4	
𪐝	dɑj3	
𪐤	ɰɨw1	
𪐴	ʈˠu2	
𪐿	pʰawŋ1	
𪑊	tsʲʰew3	
𪑙	kˠim1	
𪑚	ləj1	
𪑝	ʔˠɨwk4	
𪑝	ɰwɨk4	
𪑝	xˠwɨk4	
𪑧	dep4	
𪑧	lep4	
𪑩	den3	
𪑪	man1	
𪑬	ɖˠɨŋ3	
𪑱	ʔɨwk4	
𪑱	ʔawk4	
𪑾	ɲuk4	
𪑿	tsʲi1	
𪒀	bɑn1	
𪒄	mek4	
𪒑	tsʰek4	
𪒒	ʈˠʰuŋ1	
𪒘	ɖˠɨŋ3	
𪒜	mat4	
𪒟	dzɨŋ3	
𪒠	ʔam2	
𪒠	ʔam3	
𪒬	ɳˠuŋ1	
𪒴	dəj1	
𪒴	təj1	
𪒹	qam1	
𪒿	dɨwŋ1	
𪓌	tswəj3	
𪓐	tʂʰɨ2	
𪓞	ɡˠu1	
𪓞	qɨw1	
𪓬	mej1	
𪓰	tsʲʰɨw1	
𪓷	ʁej1	
𪓹	ma1	
𪓿	ɕie1	
𪔅	ɰun1	
𪔔	pʰawŋ1	
𪔗	ʔˠin1	
𪔜	dɨwŋ1	
𪔢	luŋ1	
𪔧	tʰep4	
𪔪	tsʲʰip4	
𪔰	ɰim3	
𪔳	lˠɨwŋ1	
𪔵	vun1	
𪔿	pʰɨwk4	
𪕊	tsʲie1	
𪕋	lˠɨw1	
𪕋	lˠɨw2	
𪕌	leŋ1	
𪕍	qweŋ1	
𪕎	ɲuŋ2	
𪕏	jɨw3	
𪕔	ɲi2	
𪕞	tsʲwin3	
𪕭	ʔɑj3	
𪕯	ʁet4	
𪕯	ʁek4	
𪕱	ʁu1	
𪕶	ʔak4	
𪕶	ʔʲak4	
𪕸	qɨwk4	
𪕹	dɑŋ1	
𪖂	lˠie1	
𪖇	vən1	
𪖎	dʐam1	
𪖛	kˠʰɨw3	
𪖥	xˠie2	
𪖥	xˠɨj2	
𪖵	ʔɨwŋ3	
𪖶	swət4	
𪖼	tsʲim1	
𪗂	dʐam1	
𪗉	tsʲi1	
𪗋	tsʲi1	
𪗍	dzej1	
𪗔	pʰat4	
𪗙	ɴan2	
𪗛	ŋˠən2	
𪗨	dʐit4	
𪗪	ɕi1	
𪗭	ʈa1	
𪗶	dʐaj1	
𪗻	ʈˠit4	
𪗻	det4	
𪗾	ʁat4	
𪗾	χat4	
𪘁	ʁɑp4	
𪘁	tʰɑp4	
𪘏	tʂʰɨwk4	
𪘏	tʂʰawk4	
𪘓	tsʰɑ1	
𪘓	dzɑ1	
𪘘	ʁap4	
𪘧	tʂʰit4	
𪘧	dzwət4	
𪘨	ʈaj1	
𪘩	ŋˠun2	
𪘪	dʐan2	
𪘪	dʐan3	新
𪘲	ɴaj1	
𪙊	ŋˠem1	
𪙊	ɴam1	
𪙊	ŋˠəm3	
𪙌	tsʰet4	
𪙍	pɑk4	
𪙤	ŋˠin2	
𪙧	ɡˠɨj1	
𪙷	lɑp4	
𪙽	lek4	
𪚀	lˠen1	
𪚗	lɨwŋ1	
𪚝	lˠuŋ1	
𪚠	lˠuŋ1	
𪚦	kˠwi1	
𪚱	tsʲew1	
𪛊	ŋˠin1	
𪛊	ŋˠɨn1	
𪛋	tɕʰɑŋ3	
