#漢字	音標	解釋
東	tɨwŋ1/tuŋ1	
菄	tɨwŋ1/tuŋ1	
鶇	tɨwŋ1/tuŋ1	
䍶	tɨwŋ1/tuŋ1	
䍶	ɖˠin1/ɖin1	
䍶	tɨwŋ3/tuŋ3	
𠍀	tɨwŋ1/tuŋ1	
倲	tɨwŋ1/tuŋ1	
𩜍	tɨwŋ1/tuŋ1	
𢘐	tɨwŋ1/tuŋ1	
涷	tɨwŋ1/tuŋ1	
涷	tɨwŋ3/tuŋ3	
蝀	tɨwŋ1/tuŋ1	
蝀	tɨwŋ2/tuŋ2	
凍	tɨwŋ1/tuŋ1	
凍	tɨwŋ3/tuŋ3	
鯟	tɨwŋ1/tuŋ1	
𢔅	tɨwŋ1/tuŋ1	
崠	tɨwŋ1/tuŋ1	
埬	tɨwŋ1/tuŋ1	
𧓕	tɨwŋ1/tuŋ1	
䰤	tɨwŋ1/tuŋ1	
同	dɨwŋ1/duŋ1	
仝	dɨwŋ1/duŋ1	
童	dɨwŋ1/duŋ1	
僮	dɨwŋ1/duŋ1	
銅	dɨwŋ1/duŋ1	
桐	dɨwŋ1/duŋ1	
峒	dɨwŋ1/duŋ1	
峒	dɨwŋ3/duŋ3	
硐	dɨwŋ1/duŋ1	
硐	dɨwŋ3/duŋ3	
𦨴	dɨwŋ1/duŋ1	
𧱁	dɨwŋ1/duŋ1	
筒	dɨwŋ1/duŋ1	
筒	dɨwŋ3/duŋ3	
瞳	dɨwŋ1/duŋ1	
㼧	dɨwŋ1/duŋ1	
𤭁	dɨwŋ1/duŋ1	
罿	dɨwŋ1/duŋ1	
罿	tɕʰuŋ1/tʃʰɨuŋ1	
犝	dɨwŋ1/duŋ1	
筩	dɨwŋ1/duŋ1	
潼	dɨwŋ1/duŋ1	
潼	tɕʰuŋ1/tʃʰɨuŋ1	
曈	dɨwŋ1/duŋ1	
曈	tʰɨwŋ1/tʰuŋ1	
曈	tʰɨwŋ2/tʰuŋ2	
洞	dɨwŋ1/duŋ1	
洞	dɨwŋ3/duŋ3	
侗	dɨwŋ1/duŋ1	
侗	tʰɨwŋ1/tʰuŋ1	
侗	tʰɨwŋ2/tʰuŋ2	
橦	dɨwŋ1/duŋ1	
橦	tɕuŋ1/tʃɨuŋ1	
橦	ɖawŋ1/ɖɯaŋ1	
烔	dɨwŋ1/duŋ1	
䴀	dɨwŋ1/duŋ1	
挏	dɨwŋ1/duŋ1	
挏	dɨwŋ3/duŋ3	
酮	dɨwŋ1/duŋ1	
酮	dɨwŋ3/duŋ3	
鮦	dɨwŋ1/duŋ1	
鮦	ɖˠuŋ3/ɖɨuŋ3	
鮦	ɖˠɨw3/ɖiu̯3	
㼿	dɨwŋ1/duŋ1	
㼿	tɕuŋ3/tʃɨuŋ3	
𦏆	dɨwŋ1/duŋ1	
𦍻	dɨwŋ1/duŋ1	
眮	dɨwŋ1/duŋ1	
眮	dɨwŋ3/duŋ3	
蕫	dɨwŋ1/duŋ1	
蕫	tɨwŋ2/tuŋ2	
穜	dɨwŋ1/duŋ1	
穜	ɖˠuŋ1/ɖɨuŋ1	
衕	dɨwŋ1/duŋ1	
衕	dɨwŋ3/duŋ3	
𩍅	dɨwŋ1/duŋ1	
𢈉	dɨwŋ1/duŋ1	
䆚	dɨwŋ1/duŋ1	
哃	dɨwŋ1/duŋ1	
𢏕	dɨwŋ1/duŋ1	
絧	dɨwŋ1/duŋ1	
絧	dɨwŋ3/duŋ3	
𨚯	dɨwŋ1/duŋ1	
𨝯	dɨwŋ1/duŋ1	
𪔜	dɨwŋ1/duŋ1	
𩦶	dɨwŋ1/duŋ1	
𪒿	dɨwŋ1/duŋ1	
中	ʈˠɨwŋ1/ʈɨuŋ1	
中	ʈˠɨwŋ3/ʈɨuŋ3	
衷	ʈˠɨwŋ1/ʈɨuŋ1	
衷	ʈˠɨwŋ3/ʈɨuŋ3	
忠	ʈˠɨwŋ1/ʈɨuŋ1	
𦬕	ʈˠɨwŋ1/ʈɨuŋ1	
𦬕	ɖˠɨwŋ1/ɖɨuŋ1	
蟲	ɖˠɨwŋ1/ɖɨuŋ1	
蟲	ɖˠɨwŋ3/ɖɨuŋ3	
沖	ɖˠɨwŋ1/ɖɨuŋ1	
种	ɖˠɨwŋ1/ɖɨuŋ1	
盅	ɖˠɨwŋ1/ɖɨuŋ1	
盅	ʈˠʰɨwŋ1/ʈʰɨuŋ1	
爞	ɖˠɨwŋ1/ɖɨuŋ1	
爞	dɨwŋ1/duŋ1	
翀	ɖˠɨwŋ1/ɖɨuŋ1	
終	tɕɨwŋ1/tʃɨuŋ1	
眾	tɕɨwŋ1/tʃɨuŋ1	
眾	tɕɨwŋ3/tʃɨuŋ3	
潀	tɕɨwŋ1/tʃɨuŋ1	
潀	dzɨwŋ1/dzuŋ1	
𣧩	tɕɨwŋ1/tʃɨuŋ1	
螽	tɕɨwŋ1/tʃɨuŋ1	
𧑄	tɕɨwŋ1/tʃɨuŋ1	
鼨	tɕɨwŋ1/tʃɨuŋ1	
蔠	tɕɨwŋ1/tʃɨuŋ1	
柊	tɕɨwŋ1/tʃɨuŋ1	
𩅧	tɕɨwŋ1/tʃɨuŋ1	
䶱	tɕɨwŋ1/tʃɨuŋ1	
䶱	dɨwŋ1/duŋ1	
鴤	tɕɨwŋ1/tʃɨuŋ1	
鴤	tɨwŋ1/tuŋ1	
䈺	tɕɨwŋ1/tʃɨuŋ1	
泈	tɕɨwŋ1/tʃɨuŋ1	
䝦	tɕɨwŋ1/tʃɨuŋ1	
忡	ʈˠʰɨwŋ1/ʈʰɨuŋ1	
浺	ʈˠʰɨwŋ1/ʈʰɨuŋ1	
崇	dʐɨwŋ1/dʐʅuŋ1	
崈	dʐɨwŋ1/dʐʅuŋ1	
㓽	dʐɨwŋ1/dʐʅuŋ1	
㓽	dʐɨwŋ3/dʐʅuŋ3	
𩞉	dʐɨwŋ1/dʐʅuŋ1	
嵩	sʲɨwŋ1/sɨuŋ1	
崧	sʲɨwŋ1/sɨuŋ1	
𪀚	sʲɨwŋ1/sɨuŋ1	
娀	sʲɨwŋ1/sɨuŋ1	
菘	sʲɨwŋ1/sɨuŋ1	
硹	sʲɨwŋ1/sɨuŋ1	
㣝	sʲɨwŋ1/sɨuŋ1	
𧊕	sʲɨwŋ1/sɨuŋ1	
䯷	sʲɨwŋ1/sɨuŋ1	
戎	ɲɨwŋ1/ɲʒɨuŋ1	
𢦦	ɲɨwŋ1/ɲʒɨuŋ1	
茙	ɲɨwŋ1/ɲʒɨuŋ1	
㭜	ɲɨwŋ1/ɲʒɨuŋ1	
駥	ɲɨwŋ1/ɲʒɨuŋ1	
𥬪	ɲɨwŋ1/ɲʒɨuŋ1	
𠈋	ɲɨwŋ1/ɲʒɨuŋ1	
狨	ɲɨwŋ1/ɲʒɨuŋ1	
絨	ɲɨwŋ1/ɲʒɨuŋ1	
弓	kˠɨwŋ1/kɨuŋ1	
躳	kˠɨwŋ1/kɨuŋ1	
躬	kˠɨwŋ1/kɨuŋ1	
㴦	kˠɨwŋ1/kɨuŋ1	
宮	kˠɨwŋ1/kɨuŋ1	
匑	kˠɨwŋ1/kɨuŋ1	
匑	kˠʰɨwŋ1/kʰɨuŋ1	
融	jɨwŋ1/jɨuŋ1	
肜	jɨwŋ1/jɨuŋ1	
瀜	jɨwŋ1/jɨuŋ1	
雄	ɣˠɨwŋ1/ɨuŋ1	
熊	ɣˠɨwŋ1/ɨuŋ1	
瞢	mɨwŋ1/mvuŋ1	
瞢	mɨŋ1/muəŋ1	
瞢	mɨwŋ3/mvuŋ3	
夢	mɨwŋ1/mvuŋ1	
夢	mɨwŋ3/mvuŋ3	
鄸	mɨwŋ1/mvuŋ1	
鄸	mɨwŋ3/mvuŋ3	
懜	mɨwŋ1/mvuŋ1	
懜	mɨwŋ1/muŋ1	
懜	mɨŋ3/muəŋ3	
𦫰	mɨwŋ1/mvuŋ1	
𧲎	mɨwŋ1/mvuŋ1	
穹	kˠʰɨwŋ1/kʰɨuŋ1	
𢞏	kˠʰɨwŋ1/kʰɨuŋ1	
焪	kˠʰɨwŋ1/kʰɨuŋ1	
焪	kˠʰɨwŋ3/kʰɨuŋ3	
芎	kˠʰɨwŋ1/kʰɨuŋ1	
𦵡	kˠʰɨwŋ1/kʰɨuŋ1	
𥳎	kˠʰɨwŋ1/kʰɨuŋ1	
𥳎	ɡˠuŋ1/ɡɨuŋ1	
𥳎	kˠʰuŋ1/kʰɨuŋ1	
窮	ɡˠɨwŋ1/ɡɨuŋ1	
藭	ɡˠɨwŋ1/ɡɨuŋ1	
𥨪	ɡˠɨwŋ1/ɡɨuŋ1	
馮	vuŋ1/bvuŋ1	
馮	bˠɨŋ1/bɨŋ1	
堸	vuŋ1/bvuŋ1	
汎	vuŋ1/bvuŋ1	
汎	fʰɛm3/pfʰuɐm3	
芃	vuŋ1/bvuŋ1	
芃	bɨwŋ1/buŋ1	
𨝭	vuŋ1/bvuŋ1	
渢	vuŋ1/bvuŋ1	
梵	vuŋ1/bvuŋ1	
梵	vɛm3/bvuɐm3	
風	fuŋ1/pfuŋ1	
風	fuŋ3/pfuŋ3	
飌	fuŋ1/pfuŋ1	
楓	fuŋ1/pfuŋ1	
猦	fuŋ1/pfuŋ1	
偑	fuŋ1/pfuŋ1	
檒	fuŋ1/pfuŋ1	
𧆉	fuŋ1/pfuŋ1	
豐	fʰuŋ1/pfʰuŋ1	
酆	fʰuŋ1/pfʰuŋ1	
蘴	fʰuŋ1/pfʰuŋ1	
灃	fʰuŋ1/pfʰuŋ1	
寷	fʰuŋ1/pfʰuŋ1	
麷	fʰuŋ1/pfʰuŋ1	
麷	fʰuŋ3/pfʰuŋ3	
㒥	fʰuŋ1/pfʰuŋ1	
㠦	fʰuŋ1/pfʰuŋ1	
充	tɕʰɨwŋ1/tʃʰɨuŋ1	
珫	tɕʰɨwŋ1/tʃʰɨuŋ1	
茺	tɕʰɨwŋ1/tʃʰɨuŋ1	
㤝	tɕʰɨwŋ1/tʃʰɨuŋ1	
䘪	tɕʰɨwŋ1/tʃʰɨuŋ1	
𪎽	tɕʰɨwŋ1/tʃʰɨuŋ1	
𪎽	tʰɨwŋ3/tʰuŋ3	
㳘	tɕʰɨwŋ1/tʃʰɨuŋ1	
隆	lˠɨwŋ1/ɭɨuŋ1	
癃	lˠɨwŋ1/ɭɨuŋ1	
𪔳	lˠɨwŋ1/ɭɨuŋ1	
窿	lˠɨwŋ1/ɭɨuŋ1	
霳	lˠɨwŋ1/ɭɨuŋ1	
㚅	lˠɨwŋ1/ɭɨuŋ1	
空	qʰɨwŋ1/kʰuŋ1	
空	qʰɨwŋ3/kʰuŋ3	
箜	qʰɨwŋ1/kʰuŋ1	
崆	qʰɨwŋ1/kʰuŋ1	
崆	qʰawŋ1/kʰɯaŋ1	
椌	qʰɨwŋ1/kʰuŋ1	
椌	qʰawŋ1/kʰɯaŋ1	
硿	qʰɨwŋ1/kʰuŋ1	
䅝	qʰɨwŋ1/kʰuŋ1	
悾	qʰɨwŋ1/kʰuŋ1	
悾	qʰawŋ1/kʰɯaŋ1	
悾	qʰɨwŋ3/kʰuŋ3	
埪	qʰɨwŋ1/kʰuŋ1	
倥	qʰɨwŋ1/kʰuŋ1	
倥	qʰɨwŋ2/kʰuŋ2	
倥	qʰɨwŋ3/kʰuŋ3	
涳	qʰɨwŋ1/kʰuŋ1	
涳	ɳawŋ1/ɳɯaŋ1	
涳	qʰawŋ1/kʰɯaŋ1	
鵼	qʰɨwŋ1/kʰuŋ1	
𦱇	qʰɨwŋ1/kʰuŋ1	
𢃐	qʰɨwŋ1/kʰuŋ1	
𧌆	qʰɨwŋ1/kʰuŋ1	
公	qɨwŋ1/kuŋ1	
功	qɨwŋ1/kuŋ1	
工	qɨwŋ1/kuŋ1	
疘	qɨwŋ1/kuŋ1	
蚣	qɨwŋ1/kuŋ1	
蚣	tɕuŋ1/tʃɨuŋ1	
玒	qɨwŋ1/kuŋ1	
玒	qawŋ1/kɯaŋ1	
釭	qɨwŋ1/kuŋ1	
釭	qawŋ1/kɯaŋ1	
魟	qɨwŋ1/kuŋ1	
魟	ʁɨwŋ1/ɦuŋ1	
魟	χɨwŋ1/huŋ1	
攻	qɨwŋ1/kuŋ1	
㓚	qɨwŋ1/kuŋ1	
愩	qɨwŋ1/kuŋ1	
碽	qɨwŋ1/kuŋ1	
篢	qɨwŋ1/kuŋ1	
蒙	mɨwŋ1/muŋ1	
冡	mɨwŋ1/muŋ1	
濛	mɨwŋ1/muŋ1	
濛	mɨwŋ2/muŋ2	
𩦺	mɨwŋ1/muŋ1	
艨	mɨwŋ1/muŋ1	
艨	mɨwŋ3/muŋ3	
䑃	mɨwŋ1/muŋ1	
䑃	mɨwŋ2/muŋ2	
矇	mɨwŋ1/muŋ1	
饛	mɨwŋ1/muŋ1	
䰒	mɨwŋ1/muŋ1	
檬	mɨwŋ1/muŋ1	
𨢊	mɨwŋ1/muŋ1	
䴿	mɨwŋ1/muŋ1	
𨣘	mɨwŋ1/muŋ1	
鸏	mɨwŋ1/muŋ1	
鸏	mɨwŋ2/muŋ2	
幪	mɨwŋ1/muŋ1	
罞	mɨwŋ1/muŋ1	
罞	maw1/muau1	
𢄐	mɨwŋ1/muŋ1	
𢄐	mɨwŋ3/muŋ3	
髳	mɨwŋ1/muŋ1	
蠓	mɨwŋ1/muŋ1	
蠓	mɨwŋ2/muŋ2	
𦿏	mɨwŋ1/muŋ1	
雺	mɨwŋ1/muŋ1	
雺	mɨw1/mvuəu1	
雺	mɨwŋ3/muŋ3	
雺	mɨw3/muəu3	
霿	mɨwŋ1/muŋ1	
霿	mɨwŋ3/muŋ3	
霚	mɨwŋ1/muŋ1	
霚	ɱu3/mvu3	
朦	mɨwŋ1/muŋ1	
䀄	mɨwŋ1/muŋ1	
靀	mɨwŋ1/muŋ1	
籠	lɨwŋ1/luŋ1	
籠	lˠuŋ1/ɭɨuŋ1	
籠	lɨwŋ2/luŋ2	
豅	lɨwŋ1/luŋ1	
㰍	lɨwŋ1/luŋ1	
朧	lɨwŋ1/luŋ1	
𡃡	lɨwŋ1/luŋ1	
龓	lɨwŋ1/luŋ1	
龓	lɨwŋ2/luŋ2	
䪊	lɨwŋ1/luŋ1	
瀧	lɨwŋ1/luŋ1	
瀧	lawŋ1/ɭɯaŋ1	
瀧	ʂawŋ1/ʂɯaŋ1	
聾	lɨwŋ1/luŋ1	
𨏠	lɨwŋ1/luŋ1	
礱	lɨwŋ1/luŋ1	
礱	lɨwŋ3/luŋ3	
䆍	lɨwŋ1/luŋ1	
𪚗	lɨwŋ1/luŋ1	
嚨	lɨwŋ1/luŋ1	
蘢	lɨwŋ1/luŋ1	
蘢	lˠuŋ1/ɭɨuŋ1	
櫳	lɨwŋ1/luŋ1	
𤮨	lɨwŋ1/luŋ1	
巃	lɨwŋ1/luŋ1	
巃	lɨwŋ2/luŋ2	
襱	lɨwŋ1/luŋ1	
襱	lɨwŋ2/luŋ2	
襱	ɖˠuŋ3/ɖɨuŋ3	
𧙥	lɨwŋ1/luŋ1	
瓏	lɨwŋ1/luŋ1	
曨	lɨwŋ1/luŋ1	
曨	lɨwŋ2/luŋ2	
鸗	lɨwŋ1/luŋ1	
鸗	lˠuŋ1/ɭɨuŋ1	
𩟭	lɨwŋ1/luŋ1	
蠪	lɨwŋ1/luŋ1	
㟅	lɨwŋ1/luŋ1	
㟅	ɴɨwŋ1/ŋuŋ1	
㟅	ɴawŋ1/ŋɯaŋ1	
屸	lɨwŋ1/luŋ1	
洪	ʁɨwŋ1/ɦuŋ1	
鉷	ʁɨwŋ1/ɦuŋ1	
訌	ʁɨwŋ1/ɦuŋ1	
紅	ʁɨwŋ1/ɦuŋ1	
虹	ʁɨwŋ1/ɦuŋ1	
虹	qɨwŋ3/kuŋ3	
虹	qawŋ3/kɯaŋ3	
仜	ʁɨwŋ1/ɦuŋ1	
鴻	ʁɨwŋ1/ɦuŋ1	
鴻	ʁɨwŋ3/ɦuŋ3	
葒	ʁɨwŋ1/ɦuŋ1	
葓	ʁɨwŋ1/ɦuŋ1	
谼	ʁɨwŋ1/ɦuŋ1	
䉺	ʁɨwŋ1/ɦuŋ1	
烘	ʁɨwŋ1/ɦuŋ1	
烘	χɨwŋ1/huŋ1	
烘	ʁɨwŋ3/ɦuŋ3	
烘	χɨwŋ3/huŋ3	
洚	ʁɨwŋ1/ɦuŋ1	
洚	ʁawŋ1/ɦɯaŋ1	
洚	qawŋ3/kɯaŋ3	
渱	ʁɨwŋ1/ɦuŋ1	
𨹁	ʁɨwŋ1/ɦuŋ1	
𨹁	qɨwŋ3/kuŋ3	
䧆	ʁɨwŋ1/ɦuŋ1	
䪦	ʁɨwŋ1/ɦuŋ1	
𦏺	ʁɨwŋ1/ɦuŋ1	
䫹	ʁɨwŋ1/ɦuŋ1	
䂫	ʁɨwŋ1/ɦuŋ1	
𨾊	ʁɨwŋ1/ɦuŋ1	
叢	dzɨwŋ1/dzuŋ1	
藂	dzɨwŋ1/dzuŋ1	
䕺	dzɨwŋ1/dzuŋ1	
𥵫	dzɨwŋ1/dzuŋ1	
翁	ʔɨwŋ1/ʔuŋ1	
螉	ʔɨwŋ1/ʔuŋ1	
䱵	ʔɨwŋ1/ʔuŋ1	
蓊	ʔɨwŋ1/ʔuŋ1	
蓊	ʔɨwŋ2/ʔuŋ2	
䈵	ʔɨwŋ1/ʔuŋ1	
䈵	ʔɨwŋ2/ʔuŋ2	
䩺	ʔɨwŋ1/ʔuŋ1	
㮬	ʔɨwŋ1/ʔuŋ1	
𩔚	ʔɨwŋ1/ʔuŋ1	
悤	tsʰɨwŋ1/tsʰuŋ1	
忩	tsʰɨwŋ1/tsʰuŋ1	
蔥	tsʰɨwŋ1/tsʰuŋ1	
樬	tsʰɨwŋ1/tsʰuŋ1	
䡯	tsʰɨwŋ1/tsʰuŋ1	
聰	tsʰɨwŋ1/tsʰuŋ1	
𦇎	tsʰɨwŋ1/tsʰuŋ1	
璁	tsʰɨwŋ1/tsʰuŋ1	
驄	tsʰɨwŋ1/tsʰuŋ1	
蟌	tsʰɨwŋ1/tsʰuŋ1	
囪	tsʰɨwŋ1/tsʰuŋ1	
囪	tʂʰawŋ1/tʂʰɯaŋ1	
𨣼	tsʰɨwŋ1/tsʰuŋ1	
鏓	tsʰɨwŋ1/tsʰuŋ1	
熜	tsʰɨwŋ1/tsʰuŋ1	
熜	tsɨwŋ2/tsuŋ2	
𢊕	tsʰɨwŋ1/tsʰuŋ1	
𢊕	tsɨwŋ2/tsuŋ2	
通	tʰɨwŋ1/tʰuŋ1	
蓪	tʰɨwŋ1/tʰuŋ1	
恫	tʰɨwŋ1/tʰuŋ1	
恫	dɨwŋ3/duŋ3	
痌	tʰɨwŋ1/tʰuŋ1	
俑	tʰɨwŋ1/tʰuŋ1	
俑	juŋ2/jɨuŋ2	
𧳆	tʰɨwŋ1/tʰuŋ1	
𨀜	tʰɨwŋ1/tʰuŋ1	
葼	tsɨwŋ1/tsuŋ1	
鬷	tsɨwŋ1/tsuŋ1	
鬷	tsɨwŋ2/tsuŋ2	
嵕	tsɨwŋ1/tsuŋ1	
猣	tsɨwŋ1/tsuŋ1	
猣	tsɨwŋ2/tsuŋ2	
豵	tsɨwŋ1/tsuŋ1	
豵	tsʲuŋ1/tsɨuŋ1	
鯼	tsɨwŋ1/tsuŋ1	
鯼	tsɨwŋ3/tsuŋ3	
椶	tsɨwŋ1/tsuŋ1	
騣	tsɨwŋ1/tsuŋ1	
𩮰	tsɨwŋ1/tsuŋ1	
𩮰	tsɨwŋ2/tsuŋ2	
䗥	tsɨwŋ1/tsuŋ1	
䗥	tsʲʰuŋ1/tsʰɨuŋ1	
嵸	tsɨwŋ1/tsuŋ1	
嵸	tsɨwŋ2/tsuŋ2	
艐	tsɨwŋ1/tsuŋ1	
艐	qaj3/kɯai3	
艐	qʰɑ3/kʰɑ3	
蝬	tsɨwŋ1/tsuŋ1	
堫	tsɨwŋ1/tsuŋ1	
堫	tʂʰawŋ1/tʂʰɯaŋ1	
𥓻	tsɨwŋ1/tsuŋ1	
翪	tsɨwŋ1/tsuŋ1	
翪	tsɨwŋ2/tsuŋ2	
緵	tsɨwŋ1/tsuŋ1	
緵	tsɨwŋ3/tsuŋ3	
㚇	tsɨwŋ1/tsuŋ1	
㚇	tsɨwŋ3/tsuŋ3	
㣭	tsɨwŋ1/tsuŋ1	
稯	tsɨwŋ1/tsuŋ1	
鬉	tsɨwŋ1/tsuŋ1	
蓬	bɨwŋ1/buŋ1	
𥭗	bɨwŋ1/buŋ1	
篷	bɨwŋ1/buŋ1	
髼	bɨwŋ1/buŋ1	
蜂	bɨwŋ1/buŋ1	
蜂	fʰuŋ1/pfʰuŋ1	
𧚋	bɨwŋ1/buŋ1	
韸	bɨwŋ1/buŋ1	
䮾	bɨwŋ1/buŋ1	
䮾	lawŋ1/ɭɯaŋ1	
𩖛	bɨwŋ1/buŋ1	
𩖛	bˠɨw1/biu̯1	
叿	χɨwŋ1/huŋ1	
谾	χɨwŋ1/huŋ1	
谾	χawŋ1/hɯaŋ1	
𩐠	χɨwŋ1/huŋ1	
𩗄	χɨwŋ1/huŋ1	
𣞷	sɨwŋ1/suŋ1	
𣞷	sɨwŋ2/suŋ2	
𢤄	sɨwŋ1/suŋ1	
㬝	sɨwŋ1/suŋ1	
冬	tɨwŋ1/tuŋ1	
𠔙	tɨwŋ1/tuŋ1	
苳	tɨwŋ1/tuŋ1	
笗	tɨwŋ1/tuŋ1	
𩂓	tɨwŋ1/tuŋ1	
𧲴	tɨwŋ1/tuŋ1	
彤	dɨwŋ1/duŋ1	
疼	dɨwŋ1/duŋ1	
佟	dɨwŋ1/duŋ1	
炵	dɨwŋ1/duŋ1	
炵	tʰɨwŋ1/tʰuŋ1	
䳋	dɨwŋ1/duŋ1	
鼕	dɨwŋ1/duŋ1	
𢥞	dɨwŋ1/duŋ1	
𢾮	dɨwŋ1/duŋ1	
㤏	dɨwŋ1/duŋ1	
痋	dɨwŋ1/duŋ1	
䂈	dɨwŋ1/duŋ1	
鉵	dɨwŋ1/duŋ1	
𧹝	dɨwŋ1/duŋ1	
浵	dɨwŋ1/duŋ1	
𠩁	dɨwŋ1/duŋ1	
鉖	dɨwŋ1/duŋ1	
𨜳	dɨwŋ1/duŋ1	
㠽	dɨwŋ1/duŋ1	
赨	dɨwŋ1/duŋ1	
賨	dzɨwŋ1/dzuŋ1	
琮	dzɨwŋ1/dzuŋ1	
悰	dzɨwŋ1/dzuŋ1	
淙	dzɨwŋ1/dzuŋ1	
淙	dʐawŋ1/dʐɯaŋ1	
淙	ʂawŋ3/ʂɯaŋ3	
慒	dzɨwŋ1/dzuŋ1	
慒	zʲɨw1/ziu̯1	
鬃	dzɨwŋ1/dzuŋ1	
鬃	dʐawŋ1/dʐɯaŋ1	
㼻	dzɨwŋ1/dzuŋ1	
㼻	dʐawŋ1/dʐɯaŋ1	
孮	dzɨwŋ1/dzuŋ1	
誴	dzɨwŋ1/dzuŋ1	
𢃏	dzɨwŋ1/dzuŋ1	
農	nɨwŋ1/nuŋ1	
䢉	nɨwŋ1/nuŋ1	
辳	nɨwŋ1/nuŋ1	
𨑋	nɨwŋ1/nuŋ1	
𩟊	nɨwŋ1/nuŋ1	
𩟊	ɳawŋ1/ɳɯaŋ1	
噥	nɨwŋ1/nuŋ1	
噥	ɳawŋ1/ɳɯaŋ1	
𩅽	nɨwŋ1/nuŋ1	
憹	nɨwŋ1/nuŋ1	
㺜	nɨwŋ1/nuŋ1	
㺜	ɳaw1/ɳɯau1	
㺜	nɑw1/nɑu1	
儂	nɨwŋ1/nuŋ1	
𧗕	nɨwŋ1/nuŋ1	
膿	nɨwŋ1/nuŋ1	
䃔	ʁɨwŋ1/ɦuŋ1	
䃔	ʁɨwŋ3/ɦuŋ3	
㗢	ʁɨwŋ1/ɦuŋ1	
㗢	dɨwŋ3/duŋ3	
㗢	ʁɨwŋ3/ɦuŋ3	
𩘎	ʁɨwŋ1/ɦuŋ1	
䃧	lɨwŋ1/luŋ1	
𪔢	lɨwŋ1/luŋ1	
𣫣	lɨwŋ1/luŋ1	
宗	tsɨwŋ1/tsuŋ1	
倧	tsɨwŋ1/tsuŋ1	
鬆	sɨwŋ1/suŋ1	
鬆	sʲuŋ1/sɨuŋ1	
鬆	tsʲʰuŋ1/tsʰɨuŋ1	
鬆	sɨwŋ3/suŋ3	
䯳	sɨwŋ1/suŋ1	
鍾	tɕuŋ1/tʃɨuŋ1	
鐘	tɕuŋ1/tʃɨuŋ1	
忪	tɕuŋ1/tʃɨuŋ1	
䇗	tɕuŋ1/tʃɨuŋ1	
蹱	tɕuŋ1/tʃɨuŋ1	
蹱	ʈˠʰuŋ1/ʈʰɨuŋ1	
蹱	ʈˠʰuŋ3/ʈʰɨuŋ3	
彸	tɕuŋ1/tʃɨuŋ1	
衳	tɕuŋ1/tʃɨuŋ1	
伀	tɕuŋ1/tʃɨuŋ1	
籦	tɕuŋ1/tʃɨuŋ1	
妐	tɕuŋ1/tʃɨuŋ1	
㕬	tɕuŋ1/tʃɨuŋ1	
𧢸	tɕuŋ1/tʃɨuŋ1	
𧢸	qawŋ1/kɯaŋ1	
炂	tɕuŋ1/tʃɨuŋ1	
𦬘	tɕuŋ1/tʃɨuŋ1	
𨳗	tɕuŋ1/tʃɨuŋ1	
鈆	tɕuŋ1/tʃɨuŋ1	
鈆	jwɛn1/jyen1	
龍	lˠuŋ1/ɭɨuŋ1	
𪚝	lˠuŋ1/ɭɨuŋ1	
躘	lˠuŋ1/ɭɨuŋ1	
躘	lˠuŋ3/ɭɨuŋ3	
驡	lˠuŋ1/ɭɨuŋ1	
驡	tsɑŋ2/tsɑŋ2	
𪚠	lˠuŋ1/ɭɨuŋ1	
𦪽	lˠuŋ1/ɭɨuŋ1	
舂	ɕuŋ1/ʃɨuŋ1	
𧐍	ɕuŋ1/ʃɨuŋ1	
摏	ɕuŋ1/ʃɨuŋ1	
蹖	ɕuŋ1/ʃɨuŋ1	
𪄻	ɕuŋ1/ʃɨuŋ1	
憃	ɕuŋ1/ʃɨuŋ1	
憃	ʈʰawŋ1/ʈʰɯaŋ1	
憃	ʈˠʰuŋ3/ʈʰɨuŋ3	
松	zʲuŋ1/zɨuŋ1	
㮤	zʲuŋ1/zɨuŋ1	
凇	zʲuŋ1/zɨuŋ1	
凇	sʲuŋ1/sɨuŋ1	
凇	sɨwŋ3/suŋ3	
訟	zʲuŋ1/zɨuŋ1	
訟	zʲuŋ3/zɨuŋ3	
𧘂	tɕʰuŋ1/tʃʰɨuŋ1	
衝	tɕʰuŋ1/tʃʰɨuŋ1	
憧	tɕʰuŋ1/tʃʰɨuŋ1	
憧	ɖawŋ3/ɖɯaŋ3	
䡴	tɕʰuŋ1/tʃʰɨuŋ1	
䡴	ɖawŋ3/ɖɯaŋ3	
艟	tɕʰuŋ1/tʃʰɨuŋ1	
艟	ɖawŋ3/ɖɯaŋ3	
褈	tɕʰuŋ1/tʃʰɨuŋ1	
褈	ɖˠuŋ1/ɖɨuŋ1	
𠟍	tɕʰuŋ1/tʃʰɨuŋ1	
𠝤	tɕʰuŋ1/tʃʰɨuŋ1	
䂌	tɕʰuŋ1/tʃʰɨuŋ1	
容	juŋ1/jɨuŋ1	
溶	juŋ1/jɨuŋ1	
溶	juŋ2/jɨuŋ2	
滽	juŋ1/jɨuŋ1	
庸	juŋ1/jɨuŋ1	
𦤘	juŋ1/jɨuŋ1	
𧴄	juŋ1/jɨuŋ1	
㺎	juŋ1/jɨuŋ1	
𤛑	juŋ1/jɨuŋ1	
墉	juŋ1/jɨuŋ1	
鎔	juŋ1/jɨuŋ1	
鏞	juŋ1/jɨuŋ1	
銿	juŋ1/jɨuŋ1	
鄘	juŋ1/jɨuŋ1	
傭	juŋ1/jɨuŋ1	
傭	ʈˠʰuŋ1/ʈʰɨuŋ1	
𪅟	juŋ1/jɨuŋ1	
㼸	juŋ1/jɨuŋ1	
𤮇	juŋ1/jɨuŋ1	
鱅	juŋ1/jɨuŋ1	
鱅	ʑuŋ1/dʒɨuŋ1	
蓉	juŋ1/jɨuŋ1	
䗤	juŋ1/jɨuŋ1	
傛	juŋ1/jɨuŋ1	
傛	juŋ2/jɨuŋ2	
褣	juŋ1/jɨuŋ1	
搈	juŋ1/jɨuŋ1	
瑢	juŋ1/jɨuŋ1	
䈶	juŋ1/jɨuŋ1	
嵱	juŋ1/jɨuŋ1	
頌	juŋ1/jɨuŋ1	
頌	zʲuŋ3/zɨuŋ3	
㝐	juŋ1/jɨuŋ1	
䡆	juŋ1/jɨuŋ1	
㟾	juŋ1/jɨuŋ1	
𨲟	juŋ1/jɨuŋ1	
𪃾	juŋ1/jɨuŋ1	
槦	juŋ1/jɨuŋ1	
㣑	juŋ1/jɨuŋ1	
𢧳	juŋ1/jɨuŋ1	
封	fuŋ1/pfuŋ1	
封	fuŋ3/pfuŋ3	
𡉚	fuŋ1/pfuŋ1	
犎	fuŋ1/pfuŋ1	
葑	fuŋ1/pfuŋ1	
葑	fuŋ3/pfuŋ3	
崶	fuŋ1/pfuŋ1	
胷	xˠuŋ1/hɨuŋ1	
凶	xˠuŋ1/hɨuŋ1	
𣧑	xˠuŋ1/hɨuŋ1	
銎	xˠuŋ1/hɨuŋ1	
銎	kˠʰuŋ1/kʰɨuŋ1	
洶	xˠuŋ1/hɨuŋ1	
洶	xˠuŋ2/hɨuŋ2	
恟	xˠuŋ1/hɨuŋ1	
𧧗	xˠuŋ1/hɨuŋ1	
兇	xˠuŋ1/hɨuŋ1	
兇	xˠuŋ2/hɨuŋ2	
訩	xˠuŋ1/hɨuŋ1	
匈	xˠuŋ1/hɨuŋ1	
顒	ŋˠuŋ1/ŋɨuŋ1	
𩤛	ŋˠuŋ1/ŋɨuŋ1	
鰅	ŋˠuŋ1/ŋɨuŋ1	
鰅	ŋˠu1/ŋɨ̯u1	
喁	ŋˠuŋ1/ŋɨuŋ1	
邕	ʔˠuŋ1/ʔɨuŋ1	
雍	ʔˠuŋ1/ʔɨuŋ1	
雍	ʔˠuŋ3/ʔɨuŋ3	
噰	ʔˠuŋ1/ʔɨuŋ1	
嗈	ʔˠuŋ1/ʔɨuŋ1	
郺	ʔˠuŋ1/ʔɨuŋ1	
郺	ʔɨwŋ2/ʔuŋ2	
澭	ʔˠuŋ1/ʔɨuŋ1	
灉	ʔˠuŋ1/ʔɨuŋ1	
灉	ʔˠuŋ3/ʔɨuŋ3	
癰	ʔˠuŋ1/ʔɨuŋ1	
罋	ʔˠuŋ1/ʔɨuŋ1	
罋	ʔɨwŋ3/ʔuŋ3	
廱	ʔˠuŋ1/ʔɨuŋ1	
饔	ʔˠuŋ1/ʔɨuŋ1	
壅	ʔˠuŋ1/ʔɨuŋ1	
壅	ʔˠuŋ2/ʔɨuŋ2	
壅	ʔˠuŋ3/ʔɨuŋ3	
雝	ʔˠuŋ1/ʔɨuŋ1	
𪄉	ʔˠuŋ1/ʔɨuŋ1	
㻾	ʔˠuŋ1/ʔɨuŋ1	
𧴗	ʔˠuŋ1/ʔɨuŋ1	
醲	ɳˠuŋ1/ɳɨuŋ1	
𨑊	ɳˠuŋ1/ɳɨuŋ1	
𨑊	nɨwŋ2/nuŋ2	
濃	ɳˠuŋ1/ɳɨuŋ1	
襛	ɳˠuŋ1/ɳɨuŋ1	
襛	ɲuŋ1/ɲʒɨuŋ1	
穠	ɳˠuŋ1/ɳɨuŋ1	
穠	ɲuŋ1/ɲʒɨuŋ1	
檂	ɳˠuŋ1/ɳɨuŋ1	
𪒬	ɳˠuŋ1/ɳɨuŋ1	
𨲳	ɳˠuŋ1/ɳɨuŋ1	
重	ɖˠuŋ1/ɖɨuŋ1	
重	ɖˠuŋ3/ɖɨuŋ3	
緟	ɖˠuŋ1/ɖɨuŋ1	
緟	ɖˠuŋ3/ɖɨuŋ3	
䳯	ɖˠuŋ1/ɖɨuŋ1	
蝩	ɖˠuŋ1/ɖɨuŋ1	
從	dzʲuŋ1/dzɨuŋ1	
從	tsʲʰuŋ1/tsʰɨuŋ1	
從	dzʲuŋ3/dzɨuŋ3	
从	dzʲuŋ1/dzɨuŋ1	
𩀰	dzʲuŋ1/dzɨuŋ1	
𦟛	ʈˠʰuŋ1/ʈʰɨuŋ1	
𨙔	ʈˠʰuŋ1/ʈʰɨuŋ1	
𨙔	ʈˠu3/ʈɨ̯u3	
䝑	ʈˠʰuŋ1/ʈʰɨuŋ1	
𨤩	ʈˠʰuŋ1/ʈʰɨuŋ1	
𪒒	ʈˠʰuŋ1/ʈʰɨuŋ1	
逢	vuŋ1/bvuŋ1	
縫	vuŋ1/bvuŋ1	
縫	vuŋ3/bvuŋ3	
漨	vuŋ1/bvuŋ1	
䩼	vuŋ1/bvuŋ1	
𥎌	vuŋ1/bvuŋ1	
夆	vuŋ1/bvuŋ1	
𥛝	vuŋ1/bvuŋ1	
捀	vuŋ1/bvuŋ1	
捀	vuŋ3/bvuŋ3	
峯	fʰuŋ1/pfʰuŋ1	
鋒	fʰuŋ1/pfʰuŋ1	
丰	fʰuŋ1/pfʰuŋ1	
𡴀	fʰuŋ1/pfʰuŋ1	
𢓱	fʰuŋ1/pfʰuŋ1	
妦	fʰuŋ1/pfʰuŋ1	
蠭	fʰuŋ1/pfʰuŋ1	
𧒒	fʰuŋ1/pfʰuŋ1	
桻	fʰuŋ1/pfʰuŋ1	
㷭	fʰuŋ1/pfʰuŋ1	
烽	fʰuŋ1/pfʰuŋ1	
莑	fʰuŋ1/pfʰuŋ1	
仹	fʰuŋ1/pfʰuŋ1	
㸼	fʰuŋ1/pfʰuŋ1	
縱	tsʲuŋ1/tsɨuŋ1	
縱	tsʲuŋ3/tsɨuŋ3	
𣯨	tsʲuŋ1/tsɨuŋ1	
蹤	tsʲuŋ1/tsɨuŋ1	
䡮	tsʲuŋ1/tsɨuŋ1	
樅	tsʲuŋ1/tsɨuŋ1	
樅	tsʲʰuŋ1/tsʰɨuŋ1	
磫	tsʲuŋ1/tsɨuŋ1	
熧	tsʲuŋ1/tsɨuŋ1	
𧺣	tsʲuŋ1/tsɨuŋ1	
𧺣	tsʲʰuŋ1/tsʰɨuŋ1	
茸	ɲuŋ1/ɲʒɨuŋ1	
䩸	ɲuŋ1/ɲʒɨuŋ1	
䩸	ɲuŋ3/ɲʒɨuŋ3	
𩮙	ɲuŋ1/ɲʒɨuŋ1	
䇯	ɲuŋ1/ɲʒɨuŋ1	
搑	ɲuŋ1/ɲʒɨuŋ1	
搑	ɲuŋ2/ɲʒɨuŋ2	
𥎂	ɲuŋ1/ɲʒɨuŋ1	
榵	ɲuŋ1/ɲʒɨuŋ1	
穁	ɲuŋ1/ɲʒɨuŋ1	
穁	ɲuŋ2/ɲʒɨuŋ2	
蛩	ɡˠuŋ1/ɡɨuŋ1	
邛	ɡˠuŋ1/ɡɨuŋ1	
舼	ɡˠuŋ1/ɡɨuŋ1	
𦨰	ɡˠuŋ1/ɡɨuŋ1	
筇	ɡˠuŋ1/ɡɨuŋ1	
輁	ɡˠuŋ1/ɡɨuŋ1	
輁	kˠuŋ2/kɨuŋ2	
𦭭	ɡˠuŋ1/ɡɨuŋ1	
䂬	ɡˠuŋ1/ɡɨuŋ1	
䂬	kˠuŋ2/kɨuŋ2	
蛬	ɡˠuŋ1/ɡɨuŋ1	
蛬	kˠuŋ2/kɨuŋ2	
𠌖	ɡˠuŋ1/ɡɨuŋ1	
𩬰	ɡˠuŋ1/ɡɨuŋ1	
桏	ɡˠuŋ1/ɡɨuŋ1	
䅃	ɡˠuŋ1/ɡɨuŋ1	
䅃	ɡˠuŋ3/ɡɨuŋ3	
𤤶	ɡˠuŋ1/ɡɨuŋ1	
𩢽	ɡˠuŋ1/ɡɨuŋ1	
慵	ʑuŋ1/dʒɨuŋ1	
𩌨	ʑuŋ1/dʒɨuŋ1	
恭	kˠuŋ1/kɨuŋ1	
龔	kˠuŋ1/kɨuŋ1	
供	kˠuŋ1/kɨuŋ1	
供	kˠuŋ3/kɨuŋ3	
珙	kˠuŋ1/kɨuŋ1	
珙	kˠuŋ2/kɨuŋ2	
䢼	kˠuŋ1/kɨuŋ1	
共	kˠuŋ1/kɨuŋ1	
共	ɡˠuŋ3/ɡɨuŋ3	
𤱨	kˠuŋ1/kɨuŋ1	
廾	kˠuŋ1/kɨuŋ1	
廾	kˠuŋ2/kɨuŋ2	
髸	kˠuŋ1/kɨuŋ1	
䳍	kˠuŋ1/kɨuŋ1	
蜙	sʲuŋ1/sɨuŋ1	
淞	sʲuŋ1/sɨuŋ1	
倯	sʲuŋ1/sɨuŋ1	
𢔋	sʲuŋ1/sɨuŋ1	
鏦	tsʲʰuŋ1/tsʰɨuŋ1	
鏦	tʂʰawŋ1/tʂʰɯaŋ1	
暰	tsʲʰuŋ1/tsʰɨuŋ1	
瑽	tsʲʰuŋ1/tsʰɨuŋ1	
摐	tsʲʰuŋ1/tsʰɨuŋ1	
摐	tʂʰawŋ1/tʂʰɯaŋ1	
䐫	tsʲʰuŋ1/tsʰɨuŋ1	
𥡬	tsʲʰuŋ1/tsʰɨuŋ1	
𨑪	tsʲʰuŋ1/tsʰɨuŋ1	
江	qawŋ1/kɯaŋ1	
扛	qawŋ1/kɯaŋ1	
杠	qawŋ1/kɯaŋ1	
茳	qawŋ1/kɯaŋ1	
矼	qawŋ1/kɯaŋ1	
豇	qawŋ1/kɯaŋ1	
肛	qawŋ1/kɯaŋ1	
肛	χawŋ1/hɯaŋ1	
䜫	qawŋ1/kɯaŋ1	
厖	mawŋ1/muaŋ1	
駹	mawŋ1/muaŋ1	
狵	mawŋ1/muaŋ1	
尨	mawŋ1/muaŋ1	
浝	mawŋ1/muaŋ1	
哤	mawŋ1/muaŋ1	
牻	mawŋ1/muaŋ1	
娏	mawŋ1/muaŋ1	
䵨	mawŋ1/muaŋ1	
㟌	mawŋ1/muaŋ1	
蛖	mawŋ1/muaŋ1	
𥆙	mawŋ1/muaŋ1	
痝	mawŋ1/muaŋ1	
𠈵	mawŋ1/muaŋ1	
𠈵	mawŋ2/muaŋ2	
𦗳	ɳawŋ1/ɳɯaŋ1	
𣰊	ɳawŋ1/ɳɯaŋ1	
鬞	ɳawŋ1/ɳɯaŋ1	
䁸	ɳawŋ1/ɳɯaŋ1	
𪆯	ɳawŋ1/ɳɯaŋ1	
窻	tʂʰawŋ1/tʂʰɯaŋ1	
牕	tʂʰawŋ1/tʂʰɯaŋ1	
窓	tʂʰawŋ1/tʂʰɯaŋ1	
䎫	tʂʰawŋ1/tʂʰɯaŋ1	
䎫	tʂʰawŋ3/tʂʰɯaŋ3	
𥎋	tʂʰawŋ1/tʂʰɯaŋ1	
邦	pawŋ1/puaŋ1	
𤰫	pawŋ1/puaŋ1	
梆	pawŋ1/puaŋ1	
垹	pawŋ1/puaŋ1	
栙	ʁawŋ1/ɦɯaŋ1	
䜶	ʁawŋ1/ɦɯaŋ1	
降	ʁawŋ1/ɦɯaŋ1	
降	qawŋ3/kɯaŋ3	
缸	ʁawŋ1/ɦɯaŋ1	
瓨	ʁawŋ1/ɦɯaŋ1	
夅	ʁawŋ1/ɦɯaŋ1	
跭	ʁawŋ1/ɦɯaŋ1	
胮	pʰawŋ1/pʰuaŋ1	
胮	bawŋ1/buaŋ1	
𤵸	pʰawŋ1/pʰuaŋ1	
𩐨	pʰawŋ1/pʰuaŋ1	
𩐨	bawŋ1/buaŋ1	
𪔔	pʰawŋ1/pʰuaŋ1	
𪐿	pʰawŋ1/pʰuaŋ1	
雙	ʂawŋ1/ʂɯaŋ1	
艭	ʂawŋ1/ʂɯaŋ1	
䉶	ʂawŋ1/ʂɯaŋ1	
𢥠	ʂawŋ1/ʂɯaŋ1	
䝄	ʂawŋ1/ʂɯaŋ1	
𨇯	ʂawŋ1/ʂɯaŋ1	
龐	bawŋ1/buaŋ1	
逄	bawŋ1/buaŋ1	
舽	bawŋ1/buaŋ1	
啌	χawŋ1/hɯaŋ1	
舡	χawŋ1/hɯaŋ1	
胦	ʔawŋ1/ʔɯaŋ1	
胦	ʔˠɑŋ1/ʔɨɔŋ1	
腔	qʰawŋ1/kʰɯaŋ1	
𤟄	qʰawŋ1/kʰɯaŋ1	
羫	qʰawŋ1/kʰɯaŋ1	
控	qʰawŋ1/kʰɯaŋ1	
控	qʰɨwŋ3/kʰuŋ3	
跫	qʰawŋ1/kʰɯaŋ1	
𩩝	qʰawŋ1/kʰɯaŋ1	
㾤	qʰawŋ1/kʰɯaŋ1	
㼹	qʰawŋ1/kʰɯaŋ1	
㼹	qʰɑŋ1/kʰɑŋ1	
幢	ɖawŋ1/ɖɯaŋ1	
幢	ɖawŋ3/ɖɯaŋ3	
撞	ɖawŋ1/ɖɯaŋ1	
撞	ɖawŋ3/ɖɯaŋ3	
𣃘	ɖawŋ1/ɖɯaŋ1	
𣃘	ʈˠɨŋ1/ʈiŋ1	
𣃘	ʈˠʰɛn2/ʈʰien2	
噇	ɖawŋ1/ɖɯaŋ1	
𩪘	ɖawŋ1/ɖɯaŋ1	
䚎	ʈʰawŋ1/ʈʰɯaŋ1	
䚎	ʈʰawŋ3/ʈʰɯaŋ3	
𥡟	ʈʰawŋ1/ʈʰɯaŋ1	
䄝	ʈʰawŋ1/ʈʰɯaŋ1	
𧜧	ʈʰawŋ1/ʈʰɯaŋ1	
樁	ʈawŋ1/ʈɯaŋ1	
𣻛	ʈawŋ1/ʈɯaŋ1	
𩞐	dʐawŋ1/dʐɯaŋ1	
支	tɕi1/tʃi1	
𥾣	tɕi1/tʃi1	
只	tɕi1/tʃi1	
只	tɕi2/tʃi2	
汥	tɕi1/tʃi1	
汥	ɡʲi1/ɡi1	
汥	ɡˠi3/ɡɨi̯3	
㲍	tɕi1/tʃi1	
巵	tɕi1/tʃi1	
梔	tɕi1/tʃi1	
枝	tɕi1/tʃi1	
衹	tɕi1/tʃi1	
衹	ɡʲi1/ɡi1	
㽻	tɕi1/tʃi1	
衼	tɕi1/tʃi1	
肢	tɕi1/tʃi1	
胑	tɕi1/tʃi1	
𨈛	tɕi1/tʃi1	
禔	tɕi1/tʃi1	
禔	ʑi1/dʒi1	
禔	dʲɛj1/diei1	
馶	tɕi1/tʃi1	
馶	ɡʲi1/ɡi1	
馶	ɕi3/ʃi3	
馶	kʲi3/ki3	
氏	tɕi1/tʃi1	
氏	tsʲɛŋ1/tsieŋ1	
氏	ʑi3/ʒi3	
疻	tɕi1/tʃi1	
㩼	tɕi1/tʃi1	
㩼	tɕi3/tʃi3	
鳷	tɕi1/tʃi1	
䧴	tɕi1/tʃi1	
䧴	ɕi3/ʃi3	
觶	tɕi1/tʃi1	
觶	tɕi3/tʃi3	
榰	tɕi1/tʃi1	
㯄	tɕi1/tʃi1	
𪂅	tɕi1/tʃi1	
𧌔	tɕi1/tʃi1	
眵	tɕi1/tʃi1	
眵	tɕʰi1/tʃʰi1	
䡋	tɕi1/tʃi1	
𩍲	tɕi1/tʃi1	
移	ji1/ji1	
䄬	ji1/ji1	
迻	ji1/ji1	
𠩗	ji1/ji1	
杝	ji1/ji1	
杝	ɖˠi3/ɖi3	
鉹	ji1/ji1	
鉹	tɕʰi2/tʃʰi2	
袲	ji1/ji1	
袲	tɕʰi2/tʃʰi2	
袲	nɑ2/nɑ2	
箷	ji1/ji1	
𥠥	ji1/ji1	
㥴	ji1/ji1	
㥴	ji2/ji2	
詑	ji1/ji1	
詑	xʲi1/hi1	
詑	dɑ1/dɑ1	
詑	tʰwɑ1/tʰuɔ1	
詑	dɑ3/dɑ3	
簃	ji1/ji1	
簃	ɖˠi1/ɖi1	
䔟	ji1/ji1	
熪	ji1/ji1	
扅	ji1/ji1	
衪	ji1/ji1	
衪	ji2/ji2	
暆	ji1/ji1	
迆	ji1/ji1	
迆	ji2/ji2	
𤝻	ji1/ji1	
栘	ji1/ji1	
栘	ʑɛj1/dʒiei1	
歋	ji1/ji1	
酏	ji1/ji1	
酏	ji2/ji2	
匜	ji1/ji1	
匜	ji2/ji2	
拸	ji1/ji1	
謻	ji1/ji1	
𠗺	ji1/ji1	
蛇	ji1/ji1	
蛇	tʰɑ1/tʰɑ1	
蛇	ʑa1/dʒia1	
虵	ji1/ji1	
虵	ʑa1/dʒia1	
虵	ja2/jia2	
螔	ji1/ji1	
螔	si1/si1	
𠐀	ji1/ji1	
𣣢	ji1/ji1	
䬁	ji1/ji1	
爲	ɰwi1/ɨui1	
爲	ɰwi3/ɨui3	
為	ɰwi1/ɨui1	
潙	ɰwi1/ɨui1	
潙	kˠwi1/kɨui1	
䧦	ɰwi1/ɨui1	
䧦	xˠwi1/hɨui1	
䧦	ɰwi2/ɨui2	
鄬	ɰwi1/ɨui1	
鄬	ɰwi2/ɨui2	
𩻟	ɰwi1/ɨui1	
𩻟	xˠwi1/hɨui1	
嬀	kˠwi1/kɨui1	
𪎮	xˠwi1/hɨui1	
麾	xˠwi1/hɨui1	
噅	xˠwi1/hɨui1	
撝	xˠwi1/hɨui1	
逶	ʔˠwi1/ʔɨui1	
𣨙	ʔˠwi1/ʔɨui1	
𣨙	ʔˠwi3/ʔɨui3	
萎	ʔˠwi1/ʔɨui1	
萎	ʔˠwi3/ʔɨui3	
㮃	ʔˠwi1/ʔɨui1	
覣	ʔˠwi1/ʔɨui1	
蜲	ʔˠwi1/ʔɨui1	
蜲	ʔˠwi2/ʔɨui2	
痿	ʔˠwi1/ʔɨui1	
痿	ɲwi1/ɲʒyi̯1	
倭	ʔˠwi1/ʔɨui1	
倭	ʔwɑ1/ʔuɔ1	
倭	ʔwɑ2/ʔuɔ2	
委	ʔˠwi1/ʔɨui1	
委	ʔˠwi2/ʔɨui2	
䴧	ʔˠwi1/ʔɨui1	
蟡	ʔˠwi1/ʔɨui1	
蟡	kˠwi2/kɨui2	
糜	mˠi1/mɨi̯1	
縻	mˠi1/mɨi̯1	
㸏	mˠi1/mɨi̯1	
𪎕	mˠi1/mɨi̯1	
蘼	mˠi1/mɨi̯1	
蘼	mˠi2/mɨi̯2	
䊳	mˠi1/mɨi̯1	
𪎭	mˠi1/mɨi̯1	
𦗕	mˠi1/mɨi̯1	
𦗕	mˠi2/mɨi̯2	
醿	mˠi1/mɨi̯1	
隓	xʲwi1/hyi̯1	
墮	xʲwi1/hyi̯1	
墮	dwɑ3/duɔ3	
墮	tʰwɑ2/tʰuɔ2	
隳	xʲwi1/hyi̯1	
眭	xʲwi1/hyi̯1	
眭	sʲwi1/syi̯1	
眭	ɣʲwɛj1/ɦyei1	
觿	xʲwi1/hyi̯1	
觿	ɣʲwɛj1/ɦyei1	
睢	xʲwi1/hyi̯1	
睢	sʲwi1/syi̯1	
睢	xʲwi3/hyi̯3	
䜐	xʲwi1/hyi̯1	
鑴	xʲwi1/hyi̯1	
鑴	ɣʲwɛj1/ɦyei1	
蘳	xʲwi1/hyi̯1	
蘳	ʁwa3/ɦua3	
鬌	ɖˠwi1/ɖyi̯1	
鬌	twɑ2/tuɔ2	
鬌	dwɑ3/duɔ3	
錘	ɖˠwi1/ɖyi̯1	
錘	ɖˠwi3/ɖyi̯3	
甀	ɖˠwi1/ɖyi̯1	
甀	ɖˠwi3/ɖyi̯3	
𡍮	ʑwi1/dʒyi̯1	
垂	ʑwi1/dʒyi̯1	
陲	ʑwi1/dʒyi̯1	
倕	ʑwi1/dʒyi̯1	
𦈼	ʑwi1/dʒyi̯1	
𨿠	ʑwi1/dʒyi̯1	
𨿠	ʑwi3/ʒyi̯3	
圌	ʑwi1/dʒyi̯1	
圌	ʑwɛn1/dʒyen1	
篅	ʑwi1/dʒyi̯1	
篅	ʑwɛn1/dʒyen1	
𥳙	ʑwi1/dʒyi̯1	
𠃀	ʑwi1/dʒyi̯1	
羸	lˠwi1/ɭyi̯1	
𡰠	lˠwi1/ɭyi̯1	
𡰠	lwɑ3/luɔ3	
吹	tɕʰwi1/tʃʰyi̯1	
吹	tɕʰwi3/tʃʰyi̯3	
炊	tɕʰwi1/tʃʰyi̯1	
䶴	tɕʰwi1/tʃʰyi̯1	
䶴	tɕʰwi3/tʃʰyi̯3	
鈹	pˠʰi1/pʰɨi̯1	
帔	pˠʰi1/pʰɨi̯1	
帔	pˠʰi3/pʰɨi̯3	
鮍	pˠʰi1/pʰɨi̯1	
披	pˠʰi1/pʰɨi̯1	
披	pˠʰi2/pʰɨi̯2	
𤱍	pˠʰi1/pʰɨi̯1	
耚	pˠʰi1/pʰɨi̯1	
狓	pˠʰi1/pʰɨi̯1	
翍	pˠʰi1/pʰɨi̯1	
旇	pˠʰi1/pʰɨi̯1	
旇	bˠi3/bɨi̯3	
秛	pˠʰi1/pʰɨi̯1	
秛	pˠʰi3/pʰɨi̯3	
𤿎	pˠʰi1/pʰɨi̯1	
㱟	pˠʰi1/pʰɨi̯1	
㱟	pˠʰi2/pʰɨi̯2	
陂	pˠi1/pɨi̯1	
陂	pˠi3/pɨi̯3	
詖	pˠi1/pɨi̯1	
詖	pˠi3/pɨi̯3	
碑	pˠi1/pɨi̯1	
羆	pˠi1/pɨi̯1	
𥀍	pˠi1/pɨi̯1	
𨰟	pˠi1/pɨi̯1	
𤜑	pˠi1/pɨi̯1	
𨧦	pˠi1/pɨi̯1	
𥶓	pˠi1/pɨi̯1	
襬	pˠi1/pɨi̯1	
襬	pˠʰi3/pʰɨi̯3	
藣	pˠi1/pɨi̯1	
藣	pˠi3/pɨi̯3	
隨	zʲwi1/zyi̯1	
隋	zʲwi1/zyi̯1	
隋	tʰwɑ2/tʰuɔ2	
𥶻	zʲwi1/zyi̯1	
虧	kˠʰwi1/kʰɨui1	
闚	kʲʰwi1/kʰyi̯1	
窺	kʲʰwi1/kʰyi̯1	
奇	ɡˠi1/ɡɨi̯1	
奇	kˠi1/kɨi̯1	
琦	ɡˠi1/ɡɨi̯1	
騎	ɡˠi1/ɡɨi̯1	
騎	ɡˠi3/ɡɨi̯3	
鵸	ɡˠi1/ɡɨi̯1	
弜	ɡˠi1/ɡɨi̯1	
弜	ɡˠɑŋ3/ɡɨɔŋ3	
鬾	ɡˠi1/ɡɨi̯1	
鬾	ɡˠi3/ɡɨi̯3	
碕	ɡˠi1/ɡɨi̯1	
碕	kˠʰi1/kʰɨi̯1	
碕	kˠʰi2/kʰɨi̯2	
𢺷	ɡˠi1/ɡɨi̯1	
㩽	ɡˠi1/ɡɨi̯1	
錡	ɡˠi1/ɡɨi̯1	
錡	ɡˠi3/ɡɨi̯3	
錡	ŋˠi2/ŋɨi̯2	
祇	ɡʲi1/ɡi1	
示	ɡʲi1/ɡi1	
示	ʑi3/ʒi3	
岐	ɡʲi1/ɡi1	
歧	ɡʲi1/ɡi1	
𨙸	ɡʲi1/ɡi1	
疧	ɡʲi1/ɡi1	
蚑	ɡʲi1/ɡi1	
蚑	kʲʰi3/kʰi3	
忯	ɡʲi1/ɡi1	
忯	ʑi1/dʒi1	
䞚	ɡʲi1/ɡi1	
䞚	kˠʰi2/kʰɨi̯2	
翄	ɡʲi1/ɡi1	
翄	ɕi3/ʃi3	
𢻚	ɡʲi1/ɡi1	
軝	ɡʲi1/ɡi1	
𩉬	ɡʲi1/ɡi1	
芪	ɡʲi1/ɡi1	
跂	ɡʲi1/ɡi1	
跂	kʲʰi2/kʰi2	
跂	kʲʰi3/kʰi3	
䲬	ɡʲi1/ɡi1	
蚔	ɡʲi1/ɡi1	
䉻	ɡʲi1/ɡi1	
𦭲	ɡʲi1/ɡi1	
伎	ɡʲi1/ɡi1	
伎	ɡˠi3/ɡɨi̯3	
伎	tɕi3/tʃi3	
𨱜	ɡʲi1/ɡi1	
𠁭	ɡʲi1/ɡi1	
犧	xˠi1/hɨi̯1	
羲	xˠi1/hɨi̯1	
焁	xˠi1/hɨi̯1	
焁	xʲi1/hi1	
桸	xˠi1/hɨi̯1	
巇	xˠi1/hɨi̯1	
羛	xˠi1/hɨi̯1	
羛	ŋˠi2/ŋɨi̯2	
戲	xˠi1/hɨi̯1	
戲	χu1/hu1	
戲	xˠi3/hɨi̯3	
𤃪	xˠi1/hɨi̯1	
曦	xˠi1/hɨi̯1	
𢹍	xˠi1/hɨi̯1	
𧕆	xˠi1/hɨi̯1	
䚙	xˠi1/hɨi̯1	
䚙	xˠwɛn1/hʉon1	
䖒	xˠi1/hɨi̯1	
㺣	xˠi1/hɨi̯1	
𣤴	xˠi1/hɨi̯1	
𢨛	xˠi1/hɨi̯1	
㚀	xˠi1/hɨi̯1	
隵	xˠi1/hɨi̯1	
㩻	kˠʰi1/kʰɨi̯1	
㩻	kˠwi3/kɨui3	
觭	kˠʰi1/kʰɨi̯1	
觭	kˠʰi2/kʰɨi̯2	
踦	kˠʰi1/kʰɨi̯1	
踦	kˠi2/kɨi̯2	
㱦	kˠʰi1/kʰɨi̯1	
㱦	kˠi1/kɨi̯1	
㱦	kˠi2/kɨi̯2	
崎	kˠʰi1/kʰɨi̯1	
崎	ɡˠi1/ɡɨi̯1	
𦖊	kˠʰi1/kʰɨi̯1	
𤘌	kˠʰi1/kʰɨi̯1	
㥓	kˠʰi1/kʰɨi̯1	
㥓	kˠʰi2/kʰɨi̯2	
䗁	kˠʰi1/kʰɨi̯1	
䗁	ɡˠi3/ɡɨi̯3	
攲	kˠʰi1/kʰɨi̯1	
攲	kˠi1/kɨi̯1	
攲	kˠi2/kɨi̯2	
宜	ŋˠi1/ŋɨi̯1	
宐	ŋˠi1/ŋɨi̯1	
𠣨	ŋˠi1/ŋɨi̯1	
㝖	ŋˠi1/ŋɨi̯1	
儀	ŋˠi1/ŋɨi̯1	
𥫃	ŋˠi1/ŋɨi̯1	
𥫃	ŋˠi3/ŋɨi̯3	
䣡	ŋˠi1/ŋɨi̯1	
䴊	ŋˠi1/ŋɨi̯1	
轙	ŋˠi1/ŋɨi̯1	
轙	ŋˠi2/ŋɨi̯2	
涯	ŋˠi1/ŋɨi̯1	
涯	ɴa1/ŋɯa1	
涯	ɴaj1/ŋɯai1	老
崖	ŋˠi1/ŋɨi̯1	
崖	ɴa1/ŋɯa1	
崖	ɴaj1/ŋɯai1	
皮	bˠi1/bɨi̯1	
疲	bˠi1/bɨi̯1	
郫	bˠi1/bɨi̯1	
郫	bʲi1/bi1	
郫	baj1/buai1	
罷	bˠi1/bɨi̯1	
罷	bˠi3/bɨi̯3	
罷	ba3/bua3	
罷	baj3/buai3	老
㯅	bˠi1/bɨi̯1	
㯅	bʲi1/bi1	
㯅	pʲɛj1/piei1	
犤	bˠi1/bɨi̯1	
犤	baj1/buai1	
提	ʑi1/dʒi1	
提	dʲɛj1/diei1	
𦑡	ʑi1/dʒi1	
㖷	ʑi1/dʒi1	
匙	ʑi1/dʒi1	
䈕	ʑi1/dʒi1	
堤	ʑi1/dʒi1	
堤	tʲɛj1/tiei1	
堤	tʲɛj2/tiei2	
𦳚	ʑi1/dʒi1	
姼	ʑi1/dʒi1	
姼	ʑi3/ʒi3	
姼	tɕʰi2/tʃʰi2	
眂	ʑi1/dʒi1	
𣏚	ʑi1/dʒi1	
兒	ɲi1/ɲʒi1	
兒	ŋʲɛj1/ŋiei1	
𠒆	ɲi1/ɲʒi1	
唲	ɲi1/ɲʒi1	
唲	ʔaj1/ʔɯai1	
婼	ɲi1/ɲʒi1	
婼	ɲa1/ɲʒia1	
婼	ʈˠʰɑk4/ʈʰɨɔk4	
離	lˠi1/ɭi1	
離	lˠi3/ɭi3	
離	lʲɛj3/liei3	
籬	lˠi1/ɭi1	
醨	lˠi1/ɭi1	
罹	lˠi1/ɭi1	
璃	lˠi1/ɭi1	
酈	lˠi1/ɭi1	
酈	lʲɛk4/liek4	
𣀷	lˠi1/ɭi1	
𣀷	lʲɛj2/liei2	
驪	lˠi1/ɭi1	
驪	lʲɛj1/liei1	
𪖂	lˠi1/ɭi1	
樆	lˠi1/ɭi1	
鸝	lˠi1/ɭi1	
鵹	lˠi1/ɭi1	
𪅆	lˠi1/ɭi1	
縭	lˠi1/ɭi1	
褵	lˠi1/ɭi1	
蘺	lˠi1/ɭi1	
䕻	lˠi1/ɭi1	
䕻	lʲɛj3/liei3	
麗	lˠi1/ɭi1	
麗	lʲɛj3/liei3	
离	lˠi1/ɭi1	
离	ʈˠʰi1/ʈʰi1	
䍦	lˠi1/ɭi1	
㰚	lˠi1/ɭi1	
蠡	lˠi1/ɭi1	
蠡	lwɑ1/luɔ1	
蠡	lʲɛj2/liei2	
䅻	lˠi1/ɭi1	
孋	lˠi1/ɭi1	
漓	lˠi1/ɭi1	
灕	lˠi1/ɭi1	
𧕯	lˠi1/ɭi1	
𧕯	ʂi1/ʂʅi̯1	
㷰	lˠi1/ɭi1	
㷰	ʈˠʰi1/ʈʰi1	
𧕮	lˠi1/ɭi1	
攡	lˠi1/ɭi1	
黐	lˠi1/ɭi1	
黐	ʈˠʰi1/ʈʰi1	
矖	lˠi1/ɭi1	
矖	ʂi2/ʂʅi̯2	
穲	lˠi1/ɭi1	
𢟢	lˠi1/ɭi1	
𢥗	lˠi1/ɭi1	
謧	lˠi1/ɭi1	
謧	lʲɛj1/liei1	
劙	lˠi1/ɭi1	
劙	lʲɛj2/liei2	
劙	lʲɛj3/liei3	
疵	dzi1/dzi1	
骴	dzi1/dzi1	
骴	dzi3/dzi3	
玼	dzi1/dzi1	
玼	tsʰi2/tsʰi2	
玼	tsʲʰɛj2/tsʰiei2	
茈	dzi1/dzi1	
茈	dʐaj1/dʐɯai1	
茈	tsi2/tsi2	
𣐑	dzi1/dzi1	
胔	dzi1/dzi1	
胔	tsʰi1/tsʰi1	
胔	dzi3/dzi3	
飺	dzi1/dzi1	
鴜	dzi1/dzi1	
鴜	tsi1/tsi1	
貲	tsi1/tsi1	
頿	tsi1/tsi1	
𪕊	tsi1/tsi1	
鮆	tsi1/tsi1	
鮆	dzʲɛj3/dziei3	
訾	tsi1/tsi1	
訾	tsi2/tsi2	
鄑	tsi1/tsi1	
㠿	tsi1/tsi1	
媊	tsi1/tsi1	
媊	tsʲɛn2/tsien2	
𨚖	tsi1/tsi1	
㰣	tsi1/tsi1	
㰣	tsi3/tsi3	
鈭	tsi1/tsi1	
鈭	tsʰi1/tsʰi1	
姕	tsi1/tsi1	
姕	tsʰi1/tsʰi1	
𦺱	tsi1/tsi1	
䖪	tsi1/tsi1	
觜	tsi1/tsi1	
觜	tsʲwi1/tsyi̯1	
觜	tsʲwi2/tsyi̯2	
羈	kˠi1/kɨi̯1	
畸	kˠi1/kɨi̯1	
羇	kˠi1/kɨi̯1	
掎	kˠi1/kɨi̯1	
掎	kˠi2/kɨi̯2	
掎	kˠʰi3/kʰɨi̯3	
妓	kˠi1/kɨi̯1	
妓	ɡˠi3/ɡɨi̯3	
躸	kˠi1/kɨi̯1	
卑	pʲi1/pi1	
鵯	pʲi1/pi1	
鵯	pʲʰit4/pʰit4	
椑	pʲi1/pi1	
椑	bʲɛj1/biei1	
椑	bʲɛk4/biek4	
箄	pʲi1/pi1	
箄	pʲɛj1/piei1	
箄	pʲi2/pi2	
裨	pʲi1/pi1	
裨	bʲi1/bi1	
鞞	pʲi1/pi1	
鞞	bʲɛj1/biei1	
鞞	pʲi2/pi2	
鞞	pʲɛŋ2/pieŋ2	
𩔹	pʲi1/pi1	
庳	pʲi1/pi1	
庳	bʲi3/bi3	
渒	pʲi1/pi1	
錍	pʲi1/pi1	
錍	pʲʰɛj1/pʰiei1	
𢃍	pʲi1/pi1	
陴	bʲi1/bi1	
𩫫	bʲi1/bi1	
焷	bʲi1/bi1	
脾	bʲi1/bi1	
䴽	bʲi1/bi1	
埤	bʲi1/bi1	
蜱	bʲi1/bi1	
蜱	mʲɛw1/mieu1	
𧓎	bʲi1/bi1	
螷	bʲi1/bi1	
螷	bɛŋ3/buɛŋ3	
蠯	bʲi1/bi1	
蠯	baj1/buai1	
蠯	bɛŋ3/buɛŋ3	
𪌈	bʲi1/bi1	
紕	bʲi1/bi1	
紕	pʲʰi1/pʰi1	
䌳	ɕi1/ʃi1	
䌳	si1/si1	
䌳	tɕʰi1/tʃʰi1	
絁	ɕi1/ʃi1	
施	ɕi1/ʃi1	
施	ɕi3/ʃi3	
葹	ɕi1/ʃi1	
䙾	ɕi1/ʃi1	
鍦	ɕi1/ʃi1	
鍦	ʑa1/dʒia1	
鍦	ɕi3/ʃi3	
鉈	ɕi1/ʃi1	
鉈	ʑa1/dʒia1	
鸍	ɕi1/ʃi1	
鸍	mʲi1/mi1	
𪓿	ɕi1/ʃi1	
䗐	ɕi1/ʃi1	
䗐	ɕi3/ʃi3	
𧠜	ɕi1/ʃi1	
𢻫	ɕi1/ʃi1	
斯	si1/si1	
虒	si1/si1	
𩆵	si1/si1	
𩆵	sʲɛn3/sien3	
榹	si1/si1	
㴲	si1/si1	
廝	si1/si1	
㒋	si1/si1	
凘	si1/si1	
磃	si1/si1	
㾷	si1/si1	
㾷	sʲɛj1/siei1	
傂	si1/si1	
傂	ɖˠi1/ɖi1	
傂	ɖˠi3/ɖi3	
謕	si1/si1	
謕	dʲɛj1/diei1	
謕	tʲʰɛj1/tʰiei1	
鼶	si1/si1	
鼶	dʲɛj1/diei1	
𪆁	si1/si1	
蟴	si1/si1	
㽄	si1/si1	
㽄	sʲɛj1/siei1	
䫢	si1/si1	
䔮	si1/si1	
菥	si1/si1	
菥	sʲɛk4/siek4	
𥕶	si1/si1	
蜤	si1/si1	
燍	si1/si1	
禠	si1/si1	
鐁	si1/si1	
差	tʂʰi1/tʂʰʅi̯1	
差	tʂʰa1/tʂʰɯa1	
差	tʂʰa3/tʂʰɯa3	
差	tʂʰaj1/tʂʰɯai1	
差	tʂʰaj3/tʂʰɯai3	
嵯	tʂʰi1/tʂʰʅi̯1	
嵯	dzɑ1/dzɑ1	
齹	tʂʰi1/tʂʰʅi̯1	
齹	dʐi1/dʐʅi̯1	
齹	dzɑ1/dzɑ1	
縒	tʂʰi1/tʂʰʅi̯1	
縒	sɑ2/sɑ2	
縒	tsʰɑk4/tsʰɑk4	
摛	ʈˠʰi1/ʈʰi1	
螭	ʈˠʰi1/ʈʰi1	
誺	ʈˠʰi1/ʈʰi1	
誺	ʈˠʰi3/ʈʰi3	
誺	lɑj3/lɑi3	
魑	ʈˠʰi1/ʈʰi1	
𡴥	ʈˠʰi1/ʈʰi1	
彲	ʈˠʰi1/ʈʰi1	
彌	mʲi1/mi1	
𢏏	mʲi1/mi1	
镾	mʲi1/mi1	
䍘	mʲi1/mi1	
𥹄	mʲi1/mi1	
𥉓	mʲi1/mi1	
𥉓	mʲɛt4/miet4	
瓕	mʲi1/mi1	
獼	mʲi1/mi1	
𥸀	mʲi1/mi1	
檷	mʲi1/mi1	
檷	nʲɛj2/niei2	
麊	mʲi1/mi1	
冞	mʲi1/mi1	
㜷	mʲi1/mi1	
䥸	mʲi1/mi1	
𥎖	mʲi1/mi1	
瀰	mʲi1/mi1	
瀰	mʲi2/mi2	
瀰	nʲɛj2/niei2	
雌	tsʰi1/tsʰi1	
𦍧	tsʰi1/tsʰi1	
知	ʈˠi1/ʈi1	
䵹	ʈˠi1/ʈi1	
鼅	ʈˠi1/ʈi1	
蜘	ʈˠi1/ʈi1	
䣽	ʈˠi1/ʈi1	
䝷	ʈˠi1/ʈi1	
漪	ʔˠi1/ʔɨi̯1	
猗	ʔˠi1/ʔɨi̯1	
猗	ʔˠi2/ʔɨi̯2	
椅	ʔˠi1/ʔɨi̯1	
椅	ʔˠi2/ʔɨi̯2	
旖	ʔˠi1/ʔɨi̯1	
旖	ʔˠi2/ʔɨi̯2	
禕	ʔˠi1/ʔɨi̯1	
陭	ʔˠi1/ʔɨi̯1	
陭	ʔˠi3/ʔɨi̯3	
欹	ʔˠi1/ʔɨi̯1	
㾨	ʔˠi1/ʔɨi̯1	
㾨	kˠʰi2/kʰɨi̯2	
犄	ʔˠi1/ʔɨi̯1	
𩕲	ʔˠi1/ʔɨi̯1	
檹	ʔˠi1/ʔɨi̯1	
馳	ɖˠi1/ɖi1	
趍	ɖˠi1/ɖi1	
趍	tsʲʰu1/tsʰɨ̯u1	
池	ɖˠi1/ɖi1	
池	dɑ1/dɑ1	
篪	ɖˠi1/ɖi1	
䶵	ɖˠi1/ɖi1	
踟	ɖˠi1/ɖi1	
褫	ɖˠi1/ɖi1	
褫	ɖˠi3/ɖi3	
褫	ʈˠʰi2/ʈʰi2	
䪧	ɖˠi1/ɖi1	
䶔	ɖˠi1/ɖi1	
誃	ɖˠi1/ɖi1	
誃	tɕʰi2/tʃʰi2	
䞾	ɖˠi1/ɖi1	
危	ŋˠwi1/ŋɨui1	
㕒	ŋˠwi1/ŋɨui1	
洈	ŋˠwi1/ŋɨui1	
洈	kˠwi2/kɨui2	
峗	ŋˠwi1/ŋɨui1	
釃	ʂi1/ʂʅi̯1	
釃	ʂɨ1/ʂʅu1	
釃	ʂi2/ʂʅi̯2	
簁	ʂi1/ʂʅi̯1	
簁	ʂi2/ʂʅi̯2	
欐	ʂi1/ʂʅi̯1	
欐	lʲɛj2/liei2	
欐	lʲɛj3/liei3	
襹	ʂi1/ʂʅi̯1	
襹	ʂi3/ʂʅi̯3	
褷	ʂi1/ʂʅi̯1	
籭	ʂi1/ʂʅi̯1	
籭	ʂaj1/ʂɯai1	
䪎	ʂwi1/ʂʯᵊi1	
䪎	swɑj1/suoi1	
䭨	ʂwi1/ʂʯᵊi1	
䭨	ɕwɛj3/ʃyei3	
䬐	ɲwi1/ɲʒyi̯1	
䬐	ʔwɑj1/ʔuoi1	
厜	tsʲwi1/tsyi̯1	
纗	tsʲwi1/tsyi̯1	
纗	ɣʲwɛj1/ɦyei1	
纗	jwi3/jyi̯3	
纗	ʁwa3/ɦua3	
纗	ʁwaj3/ɦuai3	老
惢	tsʲwi1/tsyi̯1	
惢	dzʲwi3/dzyi̯3	
惢	swɑ2/suɔ2	
嫢	tsʲwi1/tsyi̯1	
嫢	ɡʲwi3/ɡyi̯3	
嫢	ɣʲɛn3/ɦien3	
㭰	tsʲwi1/tsyi̯1	
㭰	tsʲwi2/tsyi̯2	
𩓸	kʲwi1/kyi̯1	
𩓡	kʲwi1/kyi̯1	
槻	kʲwi1/kyi̯1	
規	kʲwi1/kyi̯1	
鬹	kʲwi1/kyi̯1	
𨾚	kʲwi1/kyi̯1	
摫	kʲwi1/kyi̯1	
劑	tsʲwi1/tsyi̯1	
劑	dzʲɛj3/dziei3	
𦸺	tsʲwi1/tsyi̯1	
臇	tsʲwi1/tsyi̯1	
臇	tsʲwɛn2/tsyen2	
𤎱	tsʲwi1/tsyi̯1	
𤎱	tsʲwɛn2/tsyen2	
㷷	tsʲwi1/tsyi̯1	
衰	tʂʰwi1/tʂʰʯᵊi1	
衰	ʂwi1/ʂʯᵊi1	
夊	tʂʰwi1/tʂʰʯᵊi1	
夊	sʲwi1/syi̯1	
腄	ʈˠwi1/ʈyi̯1	
腄	ɰɨw1/ɨu̯1	
腄	ɖˠwi3/ɖyi̯3	
箠	ʈˠwi1/ʈyi̯1	
箠	tɕwi2/tʃyi̯2	
㩾	ʈˠwi1/ʈyi̯1	
䮔	tɕwi1/tʃyi̯1	
䮔	tɕwi2/tʃyi̯2	
齜	tʂi1/tʂʅi̯1	
𢻹	pʲʰi1/pʰi1	
𢻹	bˠi3/bɨi̯3	
𢻹	pˠʰi2/pʰɨi̯2	
䔺	jwi1/jyi̯1	
䔺	jwi2/jyi̯2	
𩁌	jwi1/jyi̯1	
蠵	jwi1/jyi̯1	
蠵	ɣʲwɛj1/ɦyei1	
欈	jwi1/jyi̯1	
𧲚	jwi1/jyi̯1	
䝐	jwi1/jyi̯1	
䝐	jwi2/jyi̯2	
脂	tɕi1/tʃi1	
祗	tɕi1/tʃi1	
泜	tɕi1/tʃi1	
泜	ɖˠi1/ɖi1	
砥	tɕi1/tʃi1	
砥	tɕi2/tʃi2	
栺	tɕi1/tʃi1	
栺	ŋʲɛj3/ŋiei3	
鴲	tɕi1/tʃi1	
鴲	tɕi3/tʃi3	
㴯	tɕi1/tʃi1	
䓜	tɕi1/tʃi1	
𥁼	tɕi1/tʃi1	
姨	ji1/ji1	
彝	ji1/ji1	
寅	ji1/ji1	
寅	jin1/jin1	
夷	ji1/ji1	
峓	ji1/ji1	
恞	ji1/ji1	
眱	ji1/ji1	
㰘	ji1/ji1	
珆	ji1/ji1	
蔩	ji1/ji1	
蔩	jin1/jin1	
蔩	jɛn2/jien2	
𡰥	ji1/ji1	
痍	ji1/ji1	
䧅	ji1/ji1	
荑	ji1/ji1	
荑	dʲɛj1/diei1	
桋	ji1/ji1	
桋	dʲɛj1/diei1	
蛦	ji1/ji1	
胰	ji1/ji1	
鮧	ji1/ji1	
鮧	dʲɛj1/diei1	
羠	ji1/ji1	
羠	zi3/zi3	
羨	ji1/ji1	
羨	zʲɛn3/zien3	
羨	jɛn3/jien3	
鏔	ji1/ji1	
𢓡	ji1/ji1	
鴺	ji1/ji1	
鴺	dʲɛj1/diei1	
𡱐	ji1/ji1	
跠	ji1/ji1	
洟	ji1/ji1	
洟	tʲʰɛj3/tʰiei3	
師	ʂi1/ʂʅi̯1	
鰤	ʂi1/ʂʅi̯1	
蒒	ʂi1/ʂʅi̯1	
篩	ʂi1/ʂʅi̯1	
獅	ʂi1/ʂʅi̯1	
螄	ʂi1/ʂʅi̯1	
𣬈	bʲi1/bi1	
毗	bʲi1/bi1	
比	bʲi1/bi1	
比	pʲi2/pi2	
比	bʲi3/bi3	
比	pʲi3/pi3	
比	bʲit4/bit4	
琵	bʲi1/bi1	
㮰	bʲi1/bi1	
芘	bʲi1/bi1	
芘	bʲi3/bi3	
沘	bʲi1/bi1	
沘	pʲi2/pi2	
貔	bʲi1/bi1	
豼	bʲi1/bi1	
膍	bʲi1/bi1	
膍	bʲɛj1/biei1	
肶	bʲi1/bi1	
蚍	bʲi1/bi1	
𧖈	bʲi1/bi1	
枇	bʲi1/bi1	
枇	pʲi2/pi2	
枇	bʲi3/bi3	
仳	bʲi1/bi1	
仳	pʲʰi2/pʰi2	
仳	bˠi3/bɨi̯3	
𨈚	bʲi1/bi1	
魮	bʲi1/bi1	
鈚	bʲi1/bi1	
鈚	pʲʰɛj1/pʰiei1	
𦳈	bʲi1/bi1	
𦊁	bʲi1/bi1	
阰	bʲi1/bi1	
𧑜	bʲi1/bi1	
鵧	bʲi1/bi1	
咨	tsi1/tsi1	
資	tsi1/tsi1	
粢	tsi1/tsi1	
𪗉	tsi1/tsi1	
𪗋	tsi1/tsi1	
𧞓	tsi1/tsi1	
諮	tsi1/tsi1	
姿	tsi1/tsi1	
齍	tsi1/tsi1	
澬	tsi1/tsi1	
澬	dzi1/dzi1	
𣳩	tsi1/tsi1	
齎	tsi1/tsi1	
齎	tsʲɛj1/tsiei1	
蒫	tsi1/tsi1	
蒫	dzɑ1/dzɑ1	
蒫	tsʲa1/tsia1	
𩆂	tsi1/tsi1	
𩆂	dzi1/dzi1	
𩄚	tsi1/tsi1	
飢	kˠi1/kɨi̯1	
机	kˠi1/kɨi̯1	
机	kˠi2/kɨi̯2	
肌	kˠi1/kɨi̯1	
虮	kˠi1/kɨi̯1	
鴟	tɕʰi1/tʃʰi1	
𨾦	tɕʰi1/tʃʰi1	
𪀒	tɕʰi1/tʃʰi1	
𪀒	dʲɛt4/diet4	
胵	tɕʰi1/tʃʰi1	
𩶅	tɕʰi1/tʃʰi1	
𧪡	tɕʰi1/tʃʰi1	
𨒬	tɕʰi1/tʃʰi1	
絺	ʈˠʰi1/ʈʰi1	
辴	ʈˠʰi1/ʈʰi1	
辴	ʈˠʰin2/ʈʰin2	
郗	ʈˠʰi1/ʈʰi1	
𥭘	ʈˠʰi1/ʈʰi1	
脪	ʈˠʰi1/ʈʰi1	
脪	xˠin2/hɨn2	
脪	xˠin3/hɨn3	
瓻	ʈˠʰi1/ʈʰi1	
訵	ʈˠʰi1/ʈʰi1	
訵	ʈˠʰi3/ʈʰi3	
郪	tsʰi1/tsʰi1	
郪	tsʲʰɛj1/tsʰiei1	
趑	tsʰi1/tsʰi1	
𨌅	tsʰi1/tsʰi1	
𨌅	dzi1/dzi1	
𨌅	dʐaj1/dʐɯai1	
趀	tsʰi1/tsʰi1	
𧾒	tsʰi1/tsʰi1	
𧠥	tsʰi1/tsʰi1	
𡰾	tsʰi1/tsʰi1	
𡳠	tsʰi1/tsʰi1	
蠀	tsʰi1/tsʰi1	
茨	dzi1/dzi1	
薋	dzi1/dzi1	
薺	dzi1/dzi1	
薺	dzʲɛj3/dziei3	
餈	dzi1/dzi1	
𩜴	dzi1/dzi1	
垐	dzi1/dzi1	
垐	dzʲɨk4/dzik4	
䆅	dzi1/dzi1	
蠐	dzi1/dzi1	
蠐	dzʲɛj1/dziei1	
瓷	dzi1/dzi1	
𥿆	dzi1/dzi1	
𥿆	zi1/zi1	
尼	ɳˠi1/ɳi1	
柅	ɳˠi1/ɳi1	
柅	ɳˠi2/ɳi2	
怩	ɳˠi1/ɳi1	
蚭	ɳˠi1/ɳi1	
跜	ɳˠi1/ɳi1	
呢	ɳˠi1/ɳi1	
𩚯	ɳˠi1/ɳi1	
䝚	ɳˠi1/ɳi1	
墀	ɖˠi1/ɖi1	
𡎰	ɖˠi1/ɖi1	
坻	ɖˠi1/ɖi1	
坻	tɕi2/tʃi2	
坻	tʲɛj2/tiei2	
遲	ɖˠi1/ɖi1	
遟	ɖˠi1/ɖi1	
遟	ɖˠi3/ɖi3	
蚳	ɖˠi1/ɖi1	
岻	ɖˠi1/ɖi1	
岻	tʲɛj1/tiei1	
彽	ɖˠi1/ɖi1	
阺	ɖˠi1/ɖi1	
荎	ɖˠi1/ɖi1	
荎	dʲɛt4/diet4	
菭	ɖˠi1/ɖi1	
菭	dɑj1/dɑi1	
謘	ɖˠi1/ɖi1	
謘	ɖˠi3/ɖi3	
莉	ɖˠi1/ɖi1	
莉	lʲɛj1/liei1	
貾	ɖˠi1/ɖi1	
私	si1/si1	
鋖	si1/si1	
厶	si1/si1	
𦮺	si1/si1	
㺨	si1/si1	
尸	ɕi1/ʃi1	
鳲	ɕi1/ʃi1	
屍	ɕi1/ʃi1	
屍	ɕi3/ʃi3	
蓍	ɕi1/ʃi1	
鬐	ɡʲi1/ɡi1	
𦓀	ɡʲi1/ɡi1	
耆	ɡʲi1/ɡi1	
愭	ɡʲi1/ɡi1	
𧡺	ɡʲi1/ɡi1	
𥉙	ɡʲi1/ɡi1	
䅲	ɡʲi1/ɡi1	
祁	ɡʲi1/ɡi1	
祁	tɕi2/tʃi2	
𨪌	ɡʲi1/ɡi1	
鰭	ɡʲi1/ɡi1	
鮨	ɡʲi1/ɡi1	
伊	ʔʲi1/ʔi1	
咿	ʔʲi1/ʔi1	
蛜	ʔʲi1/ʔi1	
黝	ʔʲi1/ʔi1	
黝	ʔʲɨw2/ʔiu̯2	
黟	ʔʲi1/ʔi1	
黟	ʔʲɛj1/ʔiei1	
棃	lˠi1/ɭi1	
梨	lˠi1/ɭi1	
𠠍	lˠi1/ɭi1	
秜	lˠi1/ɭi1	
蜊	lˠi1/ɭi1	
蔾	lˠi1/ɭi1	
蔾	lʲɛj1/liei1	
犂	lˠi1/ɭi1	
刕	lˠi1/ɭi1	
𢤂	lˠi1/ɭi1	
鯬	lˠi1/ɭi1	
鯬	lʲɛj1/liei1	
鑗	lˠi1/ɭi1	
䴻	lˠi1/ɭi1	
蟍	lˠi1/ɭi1	
𨟀	lˠi1/ɭi1	
葵	ɡʲwi1/ɡyi̯1	
鄈	ɡʲwi1/ɡyi̯1	
楑	ɡʲwi1/ɡyi̯1	
楑	ɡʲwi3/ɡyi̯3	
𩹍	ɡʲwi1/ɡyi̯1	
𢜽	ɡʲwi1/ɡyi̯1	
𢜽	ɡʲwi3/ɡyi̯3	
𦝢	ɡʲwi1/ɡyi̯1	
𦝢	ɡˠwi1/ɡɨui1	
䳫	ɡʲwi1/ɡyi̯1	
𧍜	ɡʲwi1/ɡyi̯1	
追	ʈˠwi1/ʈyi̯1	
䨨	ʈˠwi1/ʈyi̯1	
娺	ʈˠwi1/ʈyi̯1	
娺	ʈwat4/ʈuat4	
龜	kˠwi1/kɨui1	
龜	kˠɨw1/kɨu̯1	
𪚦	kˠwi1/kɨui1	
𠃾	kˠwi1/kɨui1	
䟸	kˠwi1/kɨui1	
䟸	ɡˠwi1/ɡɨui1	
螝	kˠwi1/kɨui1	
螝	ʁwɑj3/ɦuoi3	
騩	kˠwi1/kɨui1	
騩	kˠwi3/kɨui3	
蕤	ɲwi1/ɲʒyi̯1	
甤	ɲwi1/ɲʒyi̯1	
甤	ɲwi2/ɲʒyi̯2	
緌	ɲwi1/ɲʒyi̯1	
擩	ɲwi1/ɲʒyi̯1	
擩	ɲu2/ɲʒɨ̯u2	
擩	ɲu3/ɲʒɨ̯u3	
擩	nɨw3/nəu3	
桵	ɲwi1/ɲʒyi̯1	
䅑	ɲwi1/ɲʒyi̯1	
䅑	sʲwi1/syi̯1	
捼	ɲwi1/ɲʒyi̯1	
捼	nwɑj1/nuoi1	
捼	nwɑ1/nuɔ1	
榱	ʂwi1/ʂʯᵊi1	
𤸬	ʂwi1/ʂʯᵊi1	
惟	jwi1/jyi̯1	
𣄧	jwi1/jyi̯1	
維	jwi1/jyi̯1	
遺	jwi1/jyi̯1	
遺	jwi3/jyi̯3	
濰	jwi1/jyi̯1	
壝	jwi1/jyi̯1	
壝	jwi2/jyi̯2	
𥌰	jwi1/jyi̯1	
蓶	jwi1/jyi̯1	
蓶	jwi2/jyi̯2	
䜅	jwi1/jyi̯1	
䜅	ʑwi1/dʒyi̯1	
䜅	tsʲʰwi1/tsʰyi̯1	
琟	jwi1/jyi̯1	
唯	jwi1/jyi̯1	
唯	jwi2/jyi̯2	
𧔥	jwi1/jyi̯1	
𧔥	jwi3/jyi̯3	
㶟	lˠwi1/ɭyi̯1	
㶟	lˠwi2/ɭyi̯2	
纍	lˠwi1/ɭyi̯1	
纍	lˠwi3/ɭyi̯3	
虆	lˠwi1/ɭyi̯1	
欙	lˠwi1/ɭyi̯1	
𤜖	lˠwi1/ɭyi̯1	
𡿔	lˠwi1/ɭyi̯1	
㠥	lˠwi1/ɭyi̯1	
𡤯	lˠwi1/ɭyi̯1	
瓃	lˠwi1/ɭyi̯1	
瓃	lwɑj1/luoi1	
瓃	lˠwi3/ɭyi̯3	
𥍔	lˠwi1/ɭyi̯1	
鸓	lˠwi1/ɭyi̯1	
鸓	lˠwi2/ɭyi̯2	
儽	lˠwi1/ɭyi̯1	
儽	lwɑj3/luoi3	
纝	lˠwi1/ɭyi̯1	
綏	sʲwi1/syi̯1	
雖	sʲwi1/syi̯1	
荾	sʲwi1/syi̯1	
荽	sʲwi1/syi̯1	
䒘	sʲwi1/syi̯1	
葰	sʲwi1/syi̯1	
葰	swɑ2/suɔ2	
葰	ʂwa2/ʂua2	
浽	sʲwi1/syi̯1	
浽	nwɑj2/nuoi2	
奞	sʲwi1/syi̯1	
奞	sʲɛw1/sieu1	
奞	sʲin3/sin3	
奞	sʲwin3/syn3	
濉	sʲwi1/syi̯1	
逵	ɡˠwi1/ɡɨui1	
夔	ɡˠwi1/ɡɨui1	
𣦞	ɡˠwi1/ɡɨui1	
馗	ɡˠwi1/ɡɨui1	
馗	ɡˠɨw1/ɡɨu̯1	
戣	ɡˠwi1/ɡɨui1	
鍨	ɡˠwi1/ɡɨui1	
騤	ɡˠwi1/ɡɨui1	
騤	kʲwɛt4/kyet4	
犪	ɡˠwi1/ɡɨui1	
躨	ɡˠwi1/ɡɨui1	
艽	ɡˠwi1/ɡɨui1	
艽	ɡˠɨw1/ɡɨu̯1	
𠊾	ɡˠwi1/ɡɨui1	
𠊾	ɡʲwi3/ɡyi̯3	
𨾎	ɡˠwi1/ɡɨui1	
頯	ɡˠwi1/ɡɨui1	
頯	kˠwi2/kɨui2	
𠐽	ɡˠwi1/ɡɨui1	
𠐽	kˠwi3/kɨui3	
𧢦	ɡˠwi1/ɡɨui1	
𧢦	kˠʰwi1/kʰɨui1	
𢌳	ɡˠwi1/ɡɨui1	
頄	ɡˠwi1/ɡɨui1	
頄	ɡˠɨw1/ɡɨu̯1	
眉	mˠi1/mɨi̯1	
睂	mˠi1/mɨi̯1	
嵋	mˠi1/mɨi̯1	
湄	mˠi1/mɨi̯1	
𤃱	mˠi1/mɨi̯1	
鶥	mˠi1/mɨi̯1	
楣	mˠi1/mɨi̯1	
瑂	mˠi1/mɨi̯1	
矀	mˠi1/mɨi̯1	
矀	ɱi1/mvi1	
覹	mˠi1/mɨi̯1	
䉠	mˠi1/mɨi̯1	
䉠	ɱi1/mvi1	
黴	mˠi1/mɨi̯1	
黴	mɑj3/muoi3	
麋	mˠi1/mɨi̯1	
蘪	mˠi1/mɨi̯1	
郿	mˠi1/mɨi̯1	
郿	mˠi3/mɨi̯3	
㵟	mˠi1/mɨi̯1	
㵟	ɱi1/mvi1	
薇	mˠi1/mɨi̯1	
薇	ɱi1/mvi1	
葿	mˠi1/mɨi̯1	
攗	mˠi1/mɨi̯1	
悲	pˠi1/pɨi̯1	
錐	tɕwi1/tʃyi̯1	
隹	tɕwi1/tʃyi̯1	
𪋇	tɕwi1/tʃyi̯1	
騅	tɕwi1/tʃyi̯1	
㮅	tɕwi1/tʃyi̯1	
䶆	tɕwi1/tʃyi̯1	
萑	tɕwi1/tʃyi̯1	
鵻	tɕwi1/tʃyi̯1	
鵻	sʲwin2/syn2	
誰	ʑwi1/dʒyi̯1	
脽	ʑwi1/dʒyi̯1	
帷	ɰwi1/ɨui1	
邳	bˠi1/bɨi̯1	
鉟	bˠi1/bɨi̯1	
鉟	pˠʰi1/pʰɨi̯1	
䲹	bˠi1/bɨi̯1	
岯	bˠi1/bɨi̯1	
魾	bˠi1/bɨi̯1	
魾	pˠʰi1/pʰɨi̯1	
䫠	bˠi1/bɨi̯1	
䫠	pˠʰi1/pʰɨi̯1	
丕	pˠʰi1/pʰɨi̯1	
㔻	pˠʰi1/pʰɨi̯1	
伾	pˠʰi1/pʰɨi̯1	
秠	pˠʰi1/pʰɨi̯1	
秠	fʰɨw1/pfʰuəu1	
秠	pˠʰi2/pʰɨi̯2	
秠	fʰɨw2/pfʰuəu2	
䪹	pˠʰi1/pʰɨi̯1	
駓	pˠʰi1/pʰɨi̯1	
怌	pˠʰi1/pʰɨi̯1	
豾	pˠʰi1/pʰɨi̯1	
髬	pˠʰi1/pʰɨi̯1	
倠	xʲwi1/hyi̯1	
婎	xʲwi1/hyi̯1	
婎	xʲwi3/hyi̯3	
𢊄	xʲwi1/hyi̯1	
𢊿	xʲwi1/hyi̯1	
鎚	ɖˠwi1/ɖyi̯1	
鎚	twɑj1/tuoi1	
鎚	ɖˠwi3/ɖyi̯3	
椎	ɖˠwi1/ɖyi̯1	
槌	ɖˠwi1/ɖyi̯1	
槌	ɖˠwi3/ɖyi̯3	
桘	ɖˠwi1/ɖyi̯1	
顀	ɖˠwi1/ɖyi̯1	
推	tɕʰwi1/tʃʰyi̯1	
推	tʰwɑj1/tʰuoi1	
蓷	tɕʰwi1/tʃʰyi̯1	
蓷	tʰwɑj1/tʰuoi1	
胝	ʈˠi1/ʈi1	
疷	ʈˠi1/ʈi1	
秪	ʈˠi1/ʈi1	
氐	ʈˠi1/ʈi1	
氐	tʲɛj1/tiei1	
𦀘	pʲʰi1/pʰi1	
𦀘	pʲɛj1/piei1	
𧧺	pʲʰi1/pʰi1	
悂	pʲʰi1/pʰi1	
悂	pʲɛj1/piei1	
𢞗	pʲʰi1/pʰi1	
嶉	tsʲwi1/tsyi̯1	
嶉	tsʲu1/tsɨ̯u1	
嶉	tsʲwi2/tsyi̯2	
檇	tsʲwi1/tsyi̯1	
檇	dzwɑj1/dzuoi1	
檇	tsʲwi3/tsyi̯3	
巋	kˠʰwi1/kʰɨui1	
巋	kˠʰwi2/kʰɨui2	
蘬	kˠʰwi1/kʰɨui1	
蘬	kˠʰwi2/kʰɨui2	
狋	ŋˠi1/ŋɨi̯1	
狋	ɡˠwɛn1/ɡʉon1	
咦	xʲi1/hi1	
忾	xʲi1/hi1	
䐅	xʲi1/hi1	
𣢂	xʲi1/hi1	
屎	xʲi1/hi1	
屎	ɕi2/ʃi2	
之	tɕi1/tʃi1	
臸	tɕi1/tʃi1	
臸	ɲit4/ɲʒit4	
芝	tɕi1/tʃi1	
㞢	tɕi1/tʃi1	
飴	ji1/ji1	
𩛛	ji1/ji1	
䬮	ji1/ji1	
怡	ji1/ji1	
弬	ji1/ji1	
媐	ji1/ji1	
媐	xˠi1/hɨi̯1	
异	ji1/ji1	
异	ji3/ji3	
㼢	ji1/ji1	
𣐵	ji1/ji1	
圯	ji1/ji1	
貽	ji1/ji1	
巸	ji1/ji1	
洍	ji1/ji1	
洍	zi3/zi3	
𦣞	ji1/ji1	
𩠢	ji1/ji1	
頤	ji1/ji1	
詒	ji1/ji1	
詒	dɑj3/dɑi3	
㺿	ji1/ji1	
沶	ji1/ji1	
宧	ji1/ji1	
𦚟	ji1/ji1	
䱌	ji1/ji1	
姬	ji1/ji1	
姬	kˠi1/kɨi̯1	
台	ji1/ji1	
台	tʰɑj1/tʰɑi1	
眙	ji1/ji1	
眙	ʈˠʰi3/ʈʰi3	
瓵	ji1/ji1	
時	ʑi1/dʒi1	
旹	ʑi1/dʒi1	
塒	ʑi1/dʒi1	
鼭	ʑi1/dʒi1	
榯	ʑi1/dʒi1	
蒔	ʑi1/dʒi1	
蒔	ʑi3/ʒi3	
鰣	ʑi1/dʒi1	
疑	ŋˠi1/ŋɨi̯1	
嶷	ŋˠi1/ŋɨi̯1	
嶷	ŋˠɨk4/ŋɨk4	
觺	ŋˠi1/ŋɨi̯1	
觺	ŋˠɨk4/ŋɨk4	
思	si1/si1	
思	si3/si3	
恖	si1/si1	
司	si1/si1	
罳	si1/si1	
伺	si1/si1	
伺	si3/si3	
絲	si1/si1	
緦	si1/si1	
𥯨	si1/si1	
禗	si1/si1	
覗	si1/si1	
覗	si3/si3	
㺇	si1/si1	
𥄶	si1/si1	
蕬	si1/si1	
偲	si1/si1	
偲	tsʰɑj1/tsʰɑi1	
楒	si1/si1	
輜	tʂʰi1/tʂʰʅi̯1	
輜	tʂi1/tʂʅi̯1	
颸	tʂʰi1/tʂʰʅi̯1	
其	ɡˠi1/ɡɨi̯1	
其	kˠi1/kɨi̯1	
期	ɡˠi1/ɡɨi̯1	
旗	ɡˠi1/ɡɨi̯1	
綦	ɡˠi1/ɡɨi̯1	
綨	ɡˠi1/ɡɨi̯1	
𢃛	ɡˠi1/ɡɨi̯1	
萁	ɡˠi1/ɡɨi̯1	
萁	kˠi1/kɨi̯1	
𧯯	ɡˠi1/ɡɨi̯1	
蜝	ɡˠi1/ɡɨi̯1	
琪	ɡˠi1/ɡɨi̯1	
麒	ɡˠi1/ɡɨi̯1	
騏	ɡˠi1/ɡɨi̯1	
淇	ɡˠi1/ɡɨi̯1	
䳢	ɡˠi1/ɡɨi̯1	
錤	ɡˠi1/ɡɨi̯1	
錤	kˠi1/kɨi̯1	
藄	ɡˠi1/ɡɨi̯1	
棊	ɡˠi1/ɡɨi̯1	
櫀	ɡˠi1/ɡɨi̯1	
碁	ɡˠi1/ɡɨi̯1	
𤪌	ɡˠi1/ɡɨi̯1	
璂	ɡˠi1/ɡɨi̯1	
鯕	ɡˠi1/ɡɨi̯1	
蘄	ɡˠi1/ɡɨi̯1	
蘄	kˠi1/kɨi̯1	
蘄	ɡˠin1/ɡɨn1	
祺	ɡˠi1/ɡɨi̯1	
禥	ɡˠi1/ɡɨi̯1	
踑	ɡˠi1/ɡɨi̯1	
𦪆	ɡˠi1/ɡɨi̯1	
䑴	ɡˠi1/ɡɨi̯1	
𢍁	ɡˠi1/ɡɨi̯1	
𢍁	ɡˠi3/ɡɨi̯3	
䶞	ɡˠi1/ɡɨi̯1	
䶞	kˠʰi1/kʰɨi̯1	
詩	ɕi1/ʃi1	
邿	ɕi1/ʃi1	
齝	ɕi1/ʃi1	
齝	ʈˠʰi1/ʈʰi1	
𪗪	ɕi1/ʃi1	
呞	ɕi1/ʃi1	
䀢	ɕi1/ʃi1	
䀢	ɕim2/ʃim2	
䀢	ɕwin3/ʃyn3	
而	ɲi1/ɲʒi1	
栭	ɲi1/ɲʒi1	
𣚊	ɲi1/ɲʒi1	
𨼏	ɲi1/ɲʒi1	
陾	ɲi1/ɲʒi1	
陾	nɨw2/nəu2	
陑	ɲi1/ɲʒi1	
髵	ɲi1/ɲʒi1	
峏	ɲi1/ɲʒi1	
𨎪	ɲi1/ɲʒi1	
輀	ɲi1/ɲʒi1	
𦠌	ɲi1/ɲʒi1	
胹	ɲi1/ɲʒi1	
𦓒	ɲi1/ɲʒi1	
𩰴	ɲi1/ɲʒi1	
洏	ɲi1/ɲʒi1	
鮞	ɲi1/ɲʒi1	
鮞	ɲɨwk4/ɲʒɨuk4	
耏	ɲi1/ɲʒi1	
耏	nɑj3/nɑi3	
咡	ɲi1/ɲʒi1	
咡	ɲi3/ɲʒi3	
䎠	ɲi1/ɲʒi1	
䎠	ʁwɑn1/ɦuon1	
䎠	nwɑ1/nuɔ1	
誀	ɲi1/ɲʒi1	
誀	ɲi3/ɲʒi3	
鴯	ɲi1/ɲʒi1	
欺	kˠʰi1/kʰɨi̯1	
娸	kˠʰi1/kʰɨi̯1	
䫥	kˠʰi1/kʰɨi̯1	
䫥	qʰwɑj2/kʰuoi2	
䫥	ɴwɑj2/ŋuoi2	
䫏	kˠʰi1/kʰɨi̯1	
𠐾	kˠʰi1/kʰɨi̯1	
魌	kˠʰi1/kʰɨi̯1	
僛	kˠʰi1/kʰɨi̯1	
𪅾	kˠʰi1/kʰɨi̯1	
𡖾	kˠʰi1/kʰɨi̯1	
抾	kˠʰi1/kʰɨi̯1	
抾	kˠʰɛp4/kʰɨep4	
朞	kˠi1/kɨi̯1	
稘	kˠi1/kɨi̯1	
基	kˠi1/kɨi̯1	
箕	kˠi1/kɨi̯1	
䇫	kˠi1/kɨi̯1	
諅	kˠi1/kɨi̯1	
諅	ɡˠi3/ɡɨi̯3	
居	kˠi1/kɨi̯1	
居	kˠɨ1/kɨ̯u1	
諆	kˠi1/kɨi̯1	
詞	zi1/zi1	
祠	zi1/zi1	
柌	zi1/zi1	
辭	zi1/zi1	
辤	zi1/zi1	
辝	zi1/zi1	
釐	lˠi1/ɭi1	
貍	lˠi1/ɭi1	
狸	lˠi1/ɭi1	
氂	lˠi1/ɭi1	
氂	mɑw1/muɔu1	
嫠	lˠi1/ɭi1	
剺	lˠi1/ɭi1	
梩	lˠi1/ɭi1	
犛	lˠi1/ɭi1	
犛	lɑj1/lɑi1	
犛	maw1/muau1	
𣁟	lˠi1/ɭi1	
倈	lˠi1/ɭi1	
艃	lˠi1/ɭi1	
𣮉	lˠi1/ɭi1	
𣮉	lɑj1/lɑi1	
孷	lˠi1/ɭi1	
𢟤	lˠi1/ɭi1	
𢟤	lˠi3/ɭi3	
𩭇	lˠi1/ɭi1	
㾖	lˠi1/ɭi1	
㾖	lˠi2/ɭi2	
筣	lˠi1/ɭi1	
筣	lʲɛj1/liei1	
斄	lˠi1/ɭi1	
斄	lɑj1/lɑi1	
𠩬	lˠi1/ɭi1	
𠭰	lˠi1/ɭi1	
菑	tʂi1/tʂʅi̯1	
菑	tsɑj1/tsɑi1	
甾	tʂi1/tʂʅi̯1	
𦸜	tʂi1/tʂʅi̯1	
淄	tʂi1/tʂʅi̯1	
㿳	tʂi1/tʂʅi̯1	
茬	tʂi1/tʂʅi̯1	
茬	dʐi1/dʐʅi̯1	
錙	tʂi1/tʂʅi̯1	
鶅	tʂi1/tʂʅi̯1	
鶅	tʂi3/tʂʅi̯3	
緇	tʂi1/tʂʅi̯1	
䊷	tʂi1/tʂʅi̯1	
椔	tʂi1/tʂʅi̯1	
椔	tʂi3/tʂʅi̯3	
鯔	tʂi1/tʂʅi̯1	
䎩	tʂi1/tʂʅi̯1	
䣎	tʂi1/tʂʅi̯1	
僖	xˠi1/hɨi̯1	
歖	xˠi1/hɨi̯1	
熙	xˠi1/hɨi̯1	
嬉	xˠi1/hɨi̯1	
嬉	xˠi3/hɨi̯3	
禧	xˠi1/hɨi̯1	
譆	xˠi1/hɨi̯1	
𠩺	xˠi1/hɨi̯1	
瞦	xˠi1/hɨi̯1	
㶼	xˠi1/hɨi̯1	
㶼	ʔɑj1/ʔɑi1	
熹	xˠi1/hɨi̯1	
嘻	xˠi1/hɨi̯1	
𣢑	xˠi1/hɨi̯1	
娭	xˠi1/hɨi̯1	
誒	xˠi1/hɨi̯1	
醫	ʔˠi1/ʔɨi̯1	
毉	ʔˠi1/ʔɨi̯1	
譩	ʔˠi1/ʔɨi̯1	
譩	ʔˠi2/ʔɨi̯2	
㿄	ʔˠi1/ʔɨi̯1	
㿄	ʔaj3/ʔɯai3	
噫	ʔˠi1/ʔɨi̯1	
噫	ʔaj3/ʔɯai3	
癡	ʈˠʰi1/ʈʰi1	
笞	ʈˠʰi1/ʈʰi1	
痴	ʈˠʰi1/ʈʰi1	
治	ɖˠi1/ɖi1	
治	ɖˠi3/ɖi3	
持	ɖˠi1/ɖi1	
蚩	tɕʰi1/tʃʰi1	
嗤	tɕʰi1/tʃʰi1	
妛	tɕʰi1/tʃʰi1	
媸	tɕʰi1/tʃʰi1	
𦐉	tɕʰi1/tʃʰi1	
𣍆	tɕʰi1/tʃʰi1	
𣍆	nʲɛŋ1/nieŋ1	
𥉍	tɕʰi1/tʃʰi1	
慈	dzi1/dzi1	
礠	dzi1/dzi1	
鶿	dzi1/dzi1	
鶿	tsi1/tsi1	
濨	dzi1/dzi1	
兹	dzi1/dzi1	
兹	tsi1/tsi1	
孳	tsi1/tsi1	
孳	dzi3/dzi3	
嵫	tsi1/tsi1	
孜	tsi1/tsi1	
滋	tsi1/tsi1	
嗞	tsi1/tsi1	
𪑿	tsi1/tsi1	
鎡	tsi1/tsi1	
孖	tsi1/tsi1	
孖	dzi3/dzi3	
鼒	tsi1/tsi1	
鼒	dzɑj1/dzɑi1	
鰦	tsi1/tsi1	
仔	tsi1/tsi1	
仔	tsi2/tsi2	
稵	tsi1/tsi1	
漦	dʐi1/ʐʅi̯1	
䀵	ɕi1/ʃi1	
微	ɱi1/mvi1	
𢼸	ɱi1/mvi1	
䥩	ɱi1/mvi1	
癓	ɱi1/mvi1	
揮	xˠwi1/hɨui1	
煇	xˠwi1/hɨui1	
煇	ʁwɨn1/ɦun1	
煇	ʁwɨn3/ɦun3	
輝	xˠwi1/hɨui1	
暉	xˠwi1/hɨui1	
徽	xˠwi1/hɨui1	
翬	xˠwi1/hɨui1	
褘	xˠwi1/hɨui1	
鰴	xˠwi1/hɨui1	
楎	xˠwi1/hɨui1	
楎	ʁwɨn1/ɦun1	
幑	xˠwi1/hɨui1	
瀈	xˠwi1/hɨui1	
㫎	xˠwi1/hɨui1	
𤟤	xˠwi1/hɨui1	
𤟤	ʁwɨn1/ɦun1	
幃	ɰwi1/ɨui1	
韋	ɰwi1/ɨui1	
闈	ɰwi1/ɨui1	
圍	ɰwi1/ɨui1	
圍	ɰwi3/ɨui3	
䙟	ɰwi1/ɨui1	
𩎯	ɰwi1/ɨui1	
違	ɰwi1/ɨui1	
湋	ɰwi1/ɨui1	
囗	ɰwi1/ɨui1	
鍏	ɰwi1/ɨui1	
鍏	ɰwi2/ɨui2	
潿	ɰwi1/ɨui1	
𧝕	ɰwi1/ɨui1	
𠆎	ɰwi1/ɨui1	
𢾁	ɰwi1/ɨui1	
霏	fʰi1/pfʰi1	
䬠	fʰi1/pfʰi1	
妃	fʰi1/pfʰi1	
妃	pʰɑj3/pʰuoi3	
菲	fʰi1/pfʰi1	
菲	fʰi2/pfʰi2	
菲	vi3/bvi3	
䩁	fʰi1/pfʰi1	
婓	fʰi1/pfʰi1	
騑	fʰi1/pfʰi1	
騑	fi1/pfi1	
裶	fʰi1/pfʰi1	
𥇖	fʰi1/pfʰi1	
𥇖	pˠin1/pɨn1	
猆	fi1/pfi1	
飛	fi1/pfi1	
扉	fi1/pfi1	
緋	fi1/pfi1	
𩙲	fi1/pfi1	
非	fi1/pfi1	
馡	fi1/pfi1	
𩹉	fi1/pfi1	
騛	fi1/pfi1	
誹	fi1/pfi1	
誹	fi3/pfi3	
餥	fi1/pfi1	
餥	fi2/pfi2	
肥	vi1/bvi1	
腓	vi1/bvi1	
腓	vi3/bvi3	
䈈	vi1/bvi1	
淝	vi1/bvi1	
𤷂	vi1/bvi1	
痱	vi1/bvi1	
痱	bɑj3/buoi3	
痱	vi3/bvi3	
蜰	vi1/bvi1	
蜰	fi2/pfi2	
蜰	vi3/bvi3	
䨽	vi1/bvi1	
䨽	fʰi2/pfʰi2	
䨽	bˠi3/bɨi̯3	
蟦	vi1/bvi1	
蟦	vi3/bvi3	
賁	vi1/bvi1	
賁	vun1/bvun1	
賁	pɨn1/pun1	
賁	pˠi3/pɨi̯3	
裴	vi1/bvi1	
裴	bɑj1/buoi1	
威	ʔˠwi1/ʔɨui1	
葳	ʔˠwi1/ʔɨui1	
隇	ʔˠwi1/ʔɨui1	
嵔	ʔˠwi1/ʔɨui1	
嵔	ʔˠwi2/ʔɨui2	
嵔	ʔwɑj2/ʔuoi2	
蝛	ʔˠwi1/ʔɨui1	
鰄	ʔˠwi1/ʔɨui1	
媁	ʔˠwi1/ʔɨui1	
媁	ɰwi2/ɨui2	
楲	ʔˠwi1/ʔɨui1	
祈	ɡˠi1/ɡɨi̯1	
頎	ɡˠi1/ɡɨi̯1	
旂	ɡˠi1/ɡɨi̯1	
𩴆	ɡˠi1/ɡɨi̯1	
𩴆	kˠi2/kɨi̯2	
畿	ɡˠi1/ɡɨi̯1	
㙨	ɡˠi1/ɡɨi̯1	
圻	ɡˠi1/ɡɨi̯1	
圻	ŋˠin1/ŋɨn1	
圻	ɴɨn1/ŋən1	
刏	ɡˠi1/ɡɨi̯1	
刏	kˠi1/kɨi̯1	
刏	qwɑj3/kuoi3	
𧰙	ɡˠi1/ɡɨi̯1	
𦠄	ɡˠi1/ɡɨi̯1	
俟	ɡˠi1/ɡɨi̯1	
俟	dʐi3/ʐʅi̯3	
幾	ɡˠi1/ɡɨi̯1	
幾	kˠi1/kɨi̯1	
幾	kˠi2/kɨi̯2	
幾	ɡˠi3/ɡɨi̯3	
蚚	ɡˠi1/ɡɨi̯1	
蚚	ʁwɑj3/ɦuoi3	
玂	ɡˠi1/ɡɨi̯1	
蟣	ɡˠi1/ɡɨi̯1	
蟣	kˠi2/kɨi̯2	
岓	ɡˠi1/ɡɨi̯1	
𪙧	ɡˠi1/ɡɨi̯1	
機	kˠi1/kɨi̯1	
譏	kˠi1/kɨi̯1	
嘰	kˠi1/kɨi̯1	
𦺬	kˠi1/kɨi̯1	
磯	kˠi1/kɨi̯1	
鞿	kˠi1/kɨi̯1	
饑	kˠi1/kɨi̯1	
禨	kˠi1/kɨi̯1	
禨	kˠi3/kɨi̯3	
䟇	kˠi1/kɨi̯1	
鐖	kˠi1/kɨi̯1	
僟	kˠi1/kɨi̯1	
璣	kˠi1/kɨi̯1	
𧗇	kˠi1/kɨi̯1	
希	xˠi1/hɨi̯1	
晞	xˠi1/hɨi̯1	
莃	xˠi1/hɨi̯1	
鵗	xˠi1/hɨi̯1	
睎	xˠi1/hɨi̯1	
稀	xˠi1/hɨi̯1	
豨	xˠi1/hɨi̯1	
豨	xˠi2/hɨi̯2	
𧻶	xˠi1/hɨi̯1	
悕	xˠi1/hɨi̯1	
俙	xˠi1/hɨi̯1	
俙	χaj1/hɯai1	
俙	xˠi2/hɨi̯2	
欷	xˠi1/hɨi̯1	
欷	xˠi3/hɨi̯3	
依	ʔˠi1/ʔɨi̯1	
郼	ʔˠi1/ʔɨi̯1	
衣	ʔˠi1/ʔɨi̯1	
衣	ʔˠi3/ʔɨi̯3	
㛄	ʔˠi1/ʔɨi̯1	
㐆	ʔˠi1/ʔɨi̯1	
㐆	ʔˠin2/ʔɨn2	
䧇	ʔˠi1/ʔɨi̯1	
㥋	ʔˠi1/ʔɨi̯1	
㥋	ʔˠi2/ʔɨi̯2	
沂	ŋˠi1/ŋɨi̯1	
凒	ŋˠi1/ŋɨi̯1	
巍	ŋˠwi1/ŋɨui1	
犩	ŋˠwi1/ŋɨui1	
犩	ŋˠwi3/ŋɨui3	
歸	kˠwi1/kɨui1	
㱕	kˠwi1/kɨui1	
魚	ŋˠɨ1/ŋɨ̯u1	
𩺰	ŋˠɨ1/ŋɨ̯u1	
漁	ŋˠɨ1/ŋɨ̯u1	
𩼪	ŋˠɨ1/ŋɨ̯u1	
䰻	ŋˠɨ1/ŋɨ̯u1	
䱷	ŋˠɨ1/ŋɨ̯u1	
齬	ŋˠɨ1/ŋɨ̯u1	
齬	ɴu1/ŋu1	
齬	ŋˠɨ2/ŋɨ̯u2	
鋙	ŋˠɨ1/ŋɨ̯u1	
鋙	ŋˠɨ2/ŋɨ̯u2	
䁩	ŋˠɨ1/ŋɨ̯u1	
衙	ŋˠɨ1/ŋɨ̯u1	
衙	ɴa1/ŋɯa1	
衙	ŋˠɨ2/ŋɨ̯u2	
初	tʂʰɨ1/tʂʰʅu1	
𠿝	tʂʰɨ1/tʂʰʅu1	
書	ɕɨ1/ʃɨ̯u1	
鵨	ɕɨ1/ʃɨ̯u1	
瑹	ɕɨ1/ʃɨ̯u1	
舒	ɕɨ1/ʃɨ̯u1	
𦺗	ɕɨ1/ʃɨ̯u1	
紓	ɕɨ1/ʃɨ̯u1	
紓	ʑɨ3/ʒɨ̯u3	
𨛭	ɕɨ1/ʃɨ̯u1	
𡨢	kˠɨ1/kɨ̯u1	
据	kˠɨ1/kɨ̯u1	
裾	kˠɨ1/kɨ̯u1	
琚	kˠɨ1/kɨ̯u1	
䝻	kˠɨ1/kɨ̯u1	
鶋	kˠɨ1/kɨ̯u1	
車	kˠɨ1/kɨ̯u1	
車	tɕʰa1/tʃʰia1	
蜛	kˠɨ1/kɨ̯u1	
崌	kˠɨ1/kɨ̯u1	
椐	kˠɨ1/kɨ̯u1	
椐	kˠʰɨ1/kʰɨ̯u1	
椐	kˠɨ3/kɨ̯u3	
涺	kˠɨ1/kɨ̯u1	
𦱅	kˠɨ1/kɨ̯u1	
腒	kˠɨ1/kɨ̯u1	
腒	ɡˠɨ1/ɡɨ̯u1	
渠	ɡˠɨ1/ɡɨ̯u1	
𨎶	ɡˠɨ1/ɡɨ̯u1	
𦄽	ɡˠɨ1/ɡɨ̯u1	
璩	ɡˠɨ1/ɡɨ̯u1	
磲	ɡˠɨ1/ɡɨ̯u1	
蕖	ɡˠɨ1/ɡɨ̯u1	
籧	ɡˠɨ1/ɡɨ̯u1	
𥴧	ɡˠɨ1/ɡɨ̯u1	
𥴧	kˠɨ2/kɨ̯u2	
淭	ɡˠɨ1/ɡɨ̯u1	
醵	ɡˠɨ1/ɡɨ̯u1	
醵	ɡˠɨ3/ɡɨ̯u3	
醵	ɡˠɑk4/ɡɨɔk4	
𪆫	ɡˠɨ1/ɡɨ̯u1	
螶	ɡˠɨ1/ɡɨ̯u1	
蟝	ɡˠɨ1/ɡɨ̯u1	
䝣	ɡˠɨ1/ɡɨ̯u1	
豦	ɡˠɨ1/ɡɨ̯u1	
豦	kˠɨ3/kɨ̯u3	
蘧	ɡˠɨ1/ɡɨ̯u1	
蘧	ɡˠu1/ɡɨ̯u1	
鐻	ɡˠɨ1/ɡɨ̯u1	
鐻	ɡˠɨ3/ɡɨ̯u3	
鐻	kˠɨ3/kɨ̯u3	
璖	ɡˠɨ1/ɡɨ̯u1	
𨞙	ɡˠɨ1/ɡɨ̯u1	
㯫	ɡˠɨ1/ɡɨ̯u1	
䟊	ɡˠɨ1/ɡɨ̯u1	
𦼫	ɡˠɨ1/ɡɨ̯u1	
𦼫	ɡˠɨ3/ɡɨ̯u3	
䆽	ɡˠɨ1/ɡɨ̯u1	
𧝔	ɡˠɨ1/ɡɨ̯u1	
懅	ɡˠɨ1/ɡɨ̯u1	
余	jɨ1/jɨ̯u1	
余	ʑa1/dʒia1	
蜍	jɨ1/jɨ̯u1	
蜍	ʑɨ1/dʒɨ̯u1	
藇	jɨ1/jɨ̯u1	
藇	sʲɨ1/sɨ̯u1	
藇	jɨ2/jɨ̯u2	
藇	zʲɨ3/zɨ̯u3	
藇	jɨ3/jɨ̯u3	
㶛	jɨ1/jɨ̯u1	
餘	jɨ1/jɨ̯u1	
輿	jɨ1/jɨ̯u1	
輿	jɨ3/jɨ̯u3	
旟	jɨ1/jɨ̯u1	
鵌	jɨ1/jɨ̯u1	
鵌	du1/du1	
璵	jɨ1/jɨ̯u1	
艅	jɨ1/jɨ̯u1	
畬	jɨ1/jɨ̯u1	
畬	ɕa1/ʃia1	
𤰩	jɨ1/jɨ̯u1	
歟	jɨ1/jɨ̯u1	
歟	jɨ2/jɨ̯u2	
歟	jɨ3/jɨ̯u3	
與	jɨ1/jɨ̯u1	
與	jɨ2/jɨ̯u2	
與	jɨ3/jɨ̯u3	
譽	jɨ1/jɨ̯u1	
譽	jɨ3/jɨ̯u3	
嬩	jɨ1/jɨ̯u1	
舁	jɨ1/jɨ̯u1	
擧	jɨ1/jɨ̯u1	
妤	jɨ1/jɨ̯u1	
伃	jɨ1/jɨ̯u1	
㦛	jɨ1/jɨ̯u1	
㦛	jɨ2/jɨ̯u2	
𪋮	jɨ1/jɨ̯u1	
𪋮	jɨ3/jɨ̯u3	
予	jɨ1/jɨ̯u1	
予	jɨ2/jɨ̯u2	
㺞	jɨ1/jɨ̯u1	
𩦡	jɨ1/jɨ̯u1	
𩦡	jɨ3/jɨ̯u3	
𧾚	jɨ1/jɨ̯u1	
狳	jɨ1/jɨ̯u1	
鸒	jɨ1/jɨ̯u1	
鸒	jɨ3/jɨ̯u3	
雓	jɨ1/jɨ̯u1	
胥	sʲɨ1/sɨ̯u1	
胥	sʲɨ2/sɨ̯u2	
䱬	sʲɨ1/sɨ̯u1	
䈝	sʲɨ1/sɨ̯u1	
稰	sʲɨ1/sɨ̯u1	
稰	sʲɨ2/sɨ̯u2	
楈	sʲɨ1/sɨ̯u1	
楈	sʲɨ2/sɨ̯u2	
諝	sʲɨ1/sɨ̯u1	
諝	sʲɨ2/sɨ̯u2	
㥠	sʲɨ1/sɨ̯u1	
㥠	sʲɨ2/sɨ̯u2	
湑	sʲɨ1/sɨ̯u1	
湑	sʲɨ2/sɨ̯u2	
蝑	sʲɨ1/sɨ̯u1	
蝑	sʲa3/sia3	
揟	sʲɨ1/sɨ̯u1	
疽	tsʲʰɨ1/tsʰɨ̯u1	
岨	tsʲʰɨ1/tsʰɨ̯u1	
砠	tsʲʰɨ1/tsʰɨ̯u1	
䢸	tsʲʰɨ1/tsʰɨ̯u1	
趄	tsʲʰɨ1/tsʰɨ̯u1	
苴	tsʲʰɨ1/tsʰɨ̯u1	
苴	tsʲɨ1/tsɨ̯u1	
苴	dʐa1/dʐɯa1	
苴	tsʲɨ2/tsɨ̯u2	
沮	tsʲʰɨ1/tsʰɨ̯u1	
沮	tsʲɨ1/tsɨ̯u1	
沮	tʂɨ1/tʂʅu1	
沮	dzʲɨ3/dzɨ̯u3	
沮	tsʲɨ3/tsɨ̯u3	
狙	tsʲʰɨ1/tsʰɨ̯u1	
䏣	tsʲʰɨ1/tsʰɨ̯u1	
䏣	tsʲʰɨ3/tsʰɨ̯u3	
蛆	tsʲʰɨ1/tsʰɨ̯u1	
蛆	tsʲɨ1/tsɨ̯u1	
雎	tsʲʰɨ1/tsʰɨ̯u1	
蒩	tsʲʰɨ1/tsʰɨ̯u1	
蒩	tsu1/tsu1	
蒩	tsu2/tsu2	
𣻐	tsʲʰɨ1/tsʰɨ̯u1	
伹	tsʲʰɨ1/tsʰɨ̯u1	
伹	dzu3/dzu3	
坥	tsʲʰɨ1/tsʰɨ̯u1	
坥	tsʲʰɨ3/tsʰɨ̯u3	
𡳆	tsʲʰɨ1/tsʰɨ̯u1	
鉏	dʐɨ1/dʐʅu1	
鉏	dʐɨ3/dʐʅu3	
鋤	dʐɨ1/dʐʅu1	
耡	dʐɨ1/dʐʅu1	
耡	dʐɨ3/dʐʅu3	
豠	dʐɨ1/dʐʅu1	
𧱑	dʐɨ1/dʐʅu1	
𪆷	dʐɨ1/dʐʅu1	
攄	ʈˠʰɨ1/ʈʰɨ̯u1	
㯉	ʈˠʰɨ1/ʈʰɨ̯u1	
筡	ʈˠʰɨ1/ʈʰɨ̯u1	
筡	du1/du1	
摴	ʈˠʰɨ1/ʈʰɨ̯u1	
疏	ʂɨ1/ʂʅu1	
疏	ʂɨ3/ʂʅu3	
梳	ʂɨ1/ʂʅu1	
綀	ʂɨ1/ʂʅu1	
蔬	ʂɨ1/ʂʅu1	
疎	ʂɨ1/ʂʅu1	
𥿇	ʂɨ1/ʂʅu1	
𥿇	kˠʰɨ2/kʰɨ̯u2	
𦌿	ʂɨ1/ʂʅu1	
𤕟	ʂɨ1/ʂʅu1	
㽰	ʂɨ1/ʂʅu1	
疋	ʂɨ1/ʂʅu1	
疋	ʂɨ2/ʂʅu2	
疋	ɴa2/ŋɯa2	
虛	xˠɨ1/hɨ̯u1	
虛	kˠʰɨ1/kʰɨ̯u1	
驉	xˠɨ1/hɨ̯u1	
歔	xˠɨ1/hɨ̯u1	
噓	xˠɨ1/hɨ̯u1	
噓	xˠɨ3/hɨ̯u3	
魖	xˠɨ1/hɨ̯u1	
𥛳	xˠɨ1/hɨ̯u1	
徐	zʲɨ1/zɨ̯u1	
䣄	zʲɨ1/zɨ̯u1	
䣄	du1/du1	
䍱	zʲɨ1/zɨ̯u1	
俆	zʲɨ1/zɨ̯u1	
於	ʔˠɨ1/ʔɨ̯u1	
於	ʔu1/ʔu1	
扵	ʔˠɨ1/ʔɨ̯u1	
箊	ʔˠɨ1/ʔɨ̯u1	
淤	ʔˠɨ1/ʔɨ̯u1	
淤	ʔˠɨ3/ʔɨ̯u3	
唹	ʔˠɨ1/ʔɨ̯u1	
豬	ʈˠɨ1/ʈɨ̯u1	
䐗	ʈˠɨ1/ʈɨ̯u1	
猪	ʈˠɨ1/ʈɨ̯u1	
瀦	ʈˠɨ1/ʈɨ̯u1	
櫫	ʈˠɨ1/ʈɨ̯u1	
藸	ʈˠɨ1/ʈɨ̯u1	
藸	ɖˠɨ1/ɖɨ̯u1	
臚	lˠɨ1/ɭɨ̯u1	
閭	lˠɨ1/ɭɨ̯u1	
䰕	lˠɨ1/ɭɨ̯u1	
䰕	lu1/lu1	
廬	lˠɨ1/ɭɨ̯u1	
蘆	lˠɨ1/ɭɨ̯u1	
蘆	lu1/lu1	
櫚	lˠɨ1/ɭɨ̯u1	
驢	lˠɨ1/ɭɨ̯u1	
藘	lˠɨ1/ɭɨ̯u1	
䕡	lˠɨ1/ɭɨ̯u1	
爈	lˠɨ1/ɭɨ̯u1	
𤁵	lˠɨ1/ɭɨ̯u1	
㠠	lˠɨ1/ɭɨ̯u1	
櫖	lˠɨ1/ɭɨ̯u1	
櫖	lˠɨ3/ɭɨ̯u3	
璷	lˠɨ1/ɭɨ̯u1	
䮉	lˠɨ1/ɭɨ̯u1	
𥶆	lˠɨ1/ɭɨ̯u1	
𢣻	lˠɨ1/ɭɨ̯u1	
諸	tɕɨ1/tʃɨ̯u1	
諸	tɕa1/tʃia1	
櫧	tɕɨ1/tʃɨ̯u1	
㶆	tɕɨ1/tʃɨ̯u1	
藷	tɕɨ1/tʃɨ̯u1	
藷	ʑɨ3/ʒɨ̯u3	
𧄔	tɕɨ1/tʃɨ̯u1	
𧄔	ʑɨ1/dʒɨ̯u1	
䃴	tɕɨ1/tʃɨ̯u1	
蠩	tɕɨ1/tʃɨ̯u1	
除	ɖˠɨ1/ɖɨ̯u1	
除	ɖˠɨ3/ɖɨ̯u3	
躇	ɖˠɨ1/ɖɨ̯u1	
儲	ɖˠɨ1/ɖɨ̯u1	
涂	ɖˠɨ1/ɖɨ̯u1	
涂	du1/du1	
篨	ɖˠɨ1/ɖɨ̯u1	
𦿀	ɖˠɨ1/ɖɨ̯u1	
宁	ɖˠɨ1/ɖɨ̯u1	
宁	ɖˠɨ3/ɖɨ̯u3	
㾻	ɖˠɨ1/ɖɨ̯u1	
㾻	ɖˠɨ3/ɖɨ̯u3	
㾻	ʈˠʰɨ3/ʈʰɨ̯u3	
著	ɖˠɨ1/ɖɨ̯u1	
著	ʈˠɨ2/ʈɨ̯u2	
著	ʈˠɨ3/ʈɨ̯u3	
著	ʈˠɑk4/ʈɨɔk4	
著	ɖˠɑk4/ɖɨɔk4	
滁	ɖˠɨ1/ɖɨ̯u1	
蒢	ɖˠɨ1/ɖɨ̯u1	
屠	ɖˠɨ1/ɖɨ̯u1	
屠	du1/du1	
如	ɲɨ1/ɲʒɨ̯u1	
如	ɲɨ3/ɲʒɨ̯u3	
蕠	ɲɨ1/ɲʒɨ̯u1	
𨚴	ɲɨ1/ɲʒɨ̯u1	
洳	ɲɨ1/ɲʒɨ̯u1	
洳	ɲɨ3/ɲʒɨ̯u3	
鴽	ɲɨ1/ɲʒɨ̯u1	
𨾵	ɲɨ1/ɲʒɨ̯u1	
𡫽	ɲɨ1/ɲʒɨ̯u1	
𡫽	ɲɨ2/ɲʒɨ̯u2	
𡫽	ʔˠɨ3/ʔɨ̯u3	
茹	ɲɨ1/ɲʒɨ̯u1	
茹	ɲɨ2/ɲʒɨ̯u2	
茹	ɲɨ3/ɲʒɨ̯u3	
且	tsʲɨ1/tsɨ̯u1	
且	tsʲʰa2/tsʰia2	
墟	kˠʰɨ1/kʰɨ̯u1	
𥬔	kˠʰɨ1/kʰɨ̯u1	
袪	kˠʰɨ1/kʰɨ̯u1	
阹	kˠʰɨ1/kʰɨ̯u1	
胠	kˠʰɨ1/kʰɨ̯u1	
胠	kˠʰɨ3/kʰɨ̯u3	
胠	kˠʰɛp4/kʰɨep4	
魼	kˠʰɨ1/kʰɨ̯u1	
魼	tʰɑp4/tʰɑp4	
㠊	kˠʰɨ1/kʰɨ̯u1	
𢴮	kˠʰɨ1/kʰɨ̯u1	
㭕	kˠʰɨ1/kʰɨ̯u1	
䒧	kˠʰɨ1/kʰɨ̯u1	
䒧	kˠʰɨ3/kʰɨ̯u3	
菹	tʂɨ1/tʂʅu1	
𧗘	tʂɨ1/tʂʅu1	
䶥	tʂɨ1/tʂʅu1	
䶥	tʂa1/tʂɯa1	
䶥	dʐa1/dʐɯa1	
袽	ɳˠɨ1/ɳɨ̯u1	
帤	ɳˠɨ1/ɳɨ̯u1	
𣭠	ɳˠɨ1/ɳɨ̯u1	
蒘	ɳˠɨ1/ɳɨ̯u1	
蒘	ɳa1/ɳɯa1	
𣖹	ɳˠɨ1/ɳɨ̯u1	
挐	ɳˠɨ1/ɳɨ̯u1	
挐	ɳa1/ɳɯa1	
虞	ŋˠu1/ŋɨ̯u1	
𩦢	ŋˠu1/ŋɨ̯u1	
愚	ŋˠu1/ŋɨ̯u1	
娛	ŋˠu1/ŋɨ̯u1	
娛	ɴu3/ŋu3	
湡	ŋˠu1/ŋɨ̯u1	
堣	ŋˠu1/ŋɨ̯u1	
𪃍	ŋˠu1/ŋɨ̯u1	
嵎	ŋˠu1/ŋɨ̯u1	
髃	ŋˠu1/ŋɨ̯u1	
髃	ɴɨw2/ŋəu2	
禺	ŋˠu1/ŋɨ̯u1	
禺	ŋˠu3/ŋɨ̯u3	
隅	ŋˠu1/ŋɨ̯u1	
䴁	ŋˠu1/ŋɨ̯u1	
䴁	ŋˠu3/ŋɨ̯u3	
鍝	ŋˠu1/ŋɨ̯u1	
澞	ŋˠu1/ŋɨ̯u1	
𧍪	ŋˠu1/ŋɨ̯u1	
㷒	ŋˠu1/ŋɨ̯u1	
齵	ŋˠu1/ŋɨ̯u1	
齵	ɴɨw1/ŋəu1	
鸆	ŋˠu1/ŋɨ̯u1	
𨜖	ŋˠu1/ŋɨ̯u1	
芻	tʂʰu1/tʂʰʅu1	
犓	tʂʰu1/tʂʰʅu1	
無	ɱu1/mvu1	
毋	ɱu1/mvu1	
瞴	ɱu1/mvu1	
瞴	ɱu2/mvu2	
膴	ɱu1/mvu1	
膴	χu1/hu1	
膴	ɱu2/mvu2	
蕪	ɱu1/mvu1	
誣	ɱu1/mvu1	
巫	ɱu1/mvu1	
莁	ɱu1/mvu1	
璑	ɱu1/mvu1	
𨼊	ɱu1/mvu1	
䉑	ɱu1/mvu1	
䉑	mu1/mu1	
鷡	ɱu1/mvu1	
𦌬	ɱu1/mvu1	
𦌬	ɱu2/mvu2	
蝥	ɱu1/mvu1	
蝥	maw1/muau1	
蝥	mɨw1/mvuəu1	
蝥	ɱu3/mvu3	
𢜮	ɱu1/mvu1	
𢜮	ɱu2/mvu2	
𢜮	mu2/mu2	
无	ɱu1/mvu1	
无	mu1/mu1	
𢃀	ɱu1/mvu1	
譕	ɱu1/mvu1	
墲	ɱu1/mvu1	
墲	mu1/mu1	
墲	pʰu1/pʰu1	
鵐	ɱu1/mvu1	
憮	ɱu1/mvu1	
憮	ɱu2/mvu2	
䍢	ɱu1/mvu1	
于	ɰu1/ɨ̯u1	
迂	ɰu1/ɨ̯u1	
迂	ʔˠu1/ʔɨ̯u1	
迂	ʔˠu2/ʔɨ̯u2	
盂	ɰu1/ɨ̯u1	
邘	ɰu1/ɨ̯u1	
雩	ɰu1/ɨ̯u1	
雩	xˠu1/hɨ̯u1	
𦏴	ɰu1/ɨ̯u1	
竽	ɰu1/ɨ̯u1	
玗	ɰu1/ɨ̯u1	
芋	ɰu1/ɨ̯u1	
芋	ɰu3/ɨ̯u3	
汙	ɰu1/ɨ̯u1	
汙	ʔu3/ʔu3	
䣿	ɰu1/ɨ̯u1	
䣿	xˠu1/hɨ̯u1	
䣿	ʔˠu1/ʔɨ̯u1	
杅	ɰu1/ɨ̯u1	
釪	ɰu1/ɨ̯u1	
𧘘	ɰu1/ɨ̯u1	
骬	ɰu1/ɨ̯u1	
𠌶	ɰu1/ɨ̯u1	
𠌶	xˠu1/hɨ̯u1	
謣	ɰu1/ɨ̯u1	
䩒	ɰu1/ɨ̯u1	
䩒	xˠu1/hɨ̯u1	
䩒	ʔˠu1/ʔɨ̯u1	
䢓	ɰu1/ɨ̯u1	
𦱃	ɰu1/ɨ̯u1	
訏	xˠu1/hɨ̯u1	
吁	xˠu1/hɨ̯u1	
吁	ɰu3/ɨ̯u3	
欨	xˠu1/hɨ̯u1	
欨	xˠu2/hɨ̯u2	
㽳	xˠu1/hɨ̯u1	
盱	xˠu1/hɨ̯u1	
𧙆	xˠu1/hɨ̯u1	
𥈈	xˠu1/hɨ̯u1	
姁	xˠu1/hɨ̯u1	
姁	ɡˠu1/ɡɨ̯u1	
姁	xˠu2/hɨ̯u2	
姁	xˠu3/hɨ̯u3	
𦀒	xˠu1/hɨ̯u1	
𦀒	xˠu2/hɨ̯u2	
扜	xˠu1/hɨ̯u1	
扜	ʔˠu1/ʔɨ̯u1	
荂	xˠu1/hɨ̯u1	
荂	fʰu1/pfʰu1	
𢖳	xˠu1/hɨ̯u1	
旴	xˠu1/hɨ̯u1	
㰭	xˠu1/hɨ̯u1	
虖	xˠu1/hɨ̯u1	
虖	ʁu1/ɦu1	
虖	χu1/hu1	
𣚏	xˠu1/hɨ̯u1	
衢	ɡˠu1/ɡɨ̯u1	
劬	ɡˠu1/ɡɨ̯u1	
軥	ɡˠu1/ɡɨ̯u1	
軥	qɨw1/kəu1	
軥	qɨw3/kəu3	
氍	ɡˠu1/ɡɨ̯u1	
胊	ɡˠu1/ɡɨ̯u1	
䧁	ɡˠu1/ɡɨ̯u1	
䧁	xˠu2/hɨ̯u2	
臞	ɡˠu1/ɡɨ̯u1	
臞	ɡˠu3/ɡɨ̯u3	
癯	ɡˠu1/ɡɨ̯u1	
鴝	ɡˠu1/ɡɨ̯u1	
鴝	qɨw1/kəu1	
鸜	ɡˠu1/ɡɨ̯u1	
灈	ɡˠu1/ɡɨ̯u1	
躣	ɡˠu1/ɡɨ̯u1	
忂	ɡˠu1/ɡɨ̯u1	
𩢳	ɡˠu1/ɡɨ̯u1	
鼩	ɡˠu1/ɡɨ̯u1	
斪	ɡˠu1/ɡɨ̯u1	
句	ɡˠu1/ɡɨ̯u1	
句	qɨw1/kəu1	
句	kˠu3/kɨ̯u3	
句	qɨw3/kəu3	
蠷	ɡˠu1/ɡɨ̯u1	
瞿	ɡˠu1/ɡɨ̯u1	
瞿	kˠu3/kɨ̯u3	
欋	ɡˠu1/ɡɨ̯u1	
葋	ɡˠu1/ɡɨ̯u1	
翵	ɡˠu1/ɡɨ̯u1	
翵	ʁɨw1/ɦəu1	
𦐛	ɡˠu1/ɡɨ̯u1	
𦐛	kˠu2/kɨ̯u2	
蚼	ɡˠu1/ɡɨ̯u1	
蚼	χɨw2/həu2	
𪓞	ɡˠu1/ɡɨ̯u1	
𪓞	qɨw1/kəu1	
𧾱	ɡˠu1/ɡɨ̯u1	
䞤	ɡˠu1/ɡɨ̯u1	
䞤	fʰu2/pfʰu2	
𠣪	ɡˠu1/ɡɨ̯u1	
絇	ɡˠu1/ɡɨ̯u1	
絇	kˠu3/kɨ̯u3	
𡱺	ɡˠu1/ɡɨ̯u1	
𥃔	ɡˠu1/ɡɨ̯u1	
𥗫	ɡˠu1/ɡɨ̯u1	
𥗫	kˠu1/kɨ̯u1	
戵	ɡˠu1/ɡɨ̯u1	
鑺	ɡˠu1/ɡɨ̯u1	
儒	ɲu1/ɲʒɨ̯u1	
獳	ɲu1/ɲʒɨ̯u1	
獳	nɨw1/nəu1	
濡	ɲu1/ɲʒɨ̯u1	
濡	nwɑn1/nuon1	
襦	ɲu1/ɲʒɨ̯u1	
懦	ɲu1/ɲʒɨ̯u1	
嚅	ɲu1/ɲʒɨ̯u1	
鱬	ɲu1/ɲʒɨ̯u1	
𪋯	ɲu1/ɲʒɨ̯u1	
𪋯	sʲu1/sɨ̯u1	
嬬	ɲu1/ɲʒɨ̯u1	
繻	ɲu1/ɲʒɨ̯u1	
繻	sʲu1/sɨ̯u1	
顬	ɲu1/ɲʒɨ̯u1	
䞕	ɲu1/ɲʒɨ̯u1	
臑	ɲu1/ɲʒɨ̯u1	
醹	ɲu1/ɲʒɨ̯u1	
醹	ɲu2/ɲʒɨ̯u2	
㼱	ɲu1/ɲʒɨ̯u1	
㼱	ɲwɛn2/ɲʒyen2	
㼱	tsʲwin3/tsyn3	
䰰	ɲu1/ɲʒɨ̯u1	
䰰	nɨw1/nəu1	
須	sʲu1/sɨ̯u1	
鬚	sʲu1/sɨ̯u1	
嬃	sʲu1/sɨ̯u1	
𩓣	sʲu1/sɨ̯u1	
𥪥	sʲu1/sɨ̯u1	
𢄼	sʲu1/sɨ̯u1	
需	sʲu1/sɨ̯u1	
娶	sʲu1/sɨ̯u1	
娶	tsʲʰu3/tsʰɨ̯u3	
緰	sʲu1/sɨ̯u1	
緰	dɨw1/dəu1	
蕦	sʲu1/sɨ̯u1	
鑐	sʲu1/sɨ̯u1	
隃	sʲu1/sɨ̯u1	
隃	ju1/jɨ̯u1	
隃	ɕu1/ʃɨ̯u1	
隃	ɕu3/ʃɨ̯u3	
株	ʈˠu1/ʈɨ̯u1	
誅	ʈˠu1/ʈɨ̯u1	
邾	ʈˠu1/ʈɨ̯u1	
鼄	ʈˠu1/ʈɨ̯u1	
蛛	ʈˠu1/ʈɨ̯u1	
跦	ʈˠu1/ʈɨ̯u1	
袾	ʈˠu1/ʈɨ̯u1	
袾	tɕʰu1/tʃʰɨ̯u1	
列	ʈˠu1/ʈɨ̯u1	
列	lˠɛt4/ɭiet4	
㦵	ʈˠu1/ʈɨ̯u1	
鴸	ʈˠu1/ʈɨ̯u1	
鴸	tɕu1/tʃɨ̯u1	
𪏿	ʈˠu1/ʈɨ̯u1	
貙	ʈˠʰu1/ʈʰɨ̯u1	
𤠾	ʈˠʰu1/ʈʰɨ̯u1	
殊	ʑu1/dʒɨ̯u1	
銖	ʑu1/dʒɨ̯u1	
洙	ʑu1/dʒɨ̯u1	
茱	ʑu1/dʒɨ̯u1	
㼡	ʑu1/dʒɨ̯u1	
殳	ʑu1/dʒɨ̯u1	
𢎦	ʑu1/dʒɨ̯u1	
㸡	ʑu1/dʒɨ̯u1	
𦤂	ʑu1/dʒɨ̯u1	
陎	ʑu1/dʒɨ̯u1	
𠘧	ʑu1/dʒɨ̯u1	
杸	ʑu1/dʒɨ̯u1	
逾	ju1/jɨ̯u1	
踰	ju1/jɨ̯u1	
窬	ju1/jɨ̯u1	
窬	dɨw1/dəu1	
窬	dɨw3/dəu3	
臾	ju1/jɨ̯u1	
臾	ɡˠwi3/ɡɨui3	
楰	ju1/jɨ̯u1	
楰	ju2/jɨ̯u2	
腴	ju1/jɨ̯u1	
諛	ju1/jɨ̯u1	
鄃	ju1/jɨ̯u1	
鄃	ɕu1/ʃɨ̯u1	
覦	ju1/jɨ̯u1	
覦	ju3/jɨ̯u3	
𨵦	ju1/jɨ̯u1	
俞	ju1/jɨ̯u1	
俞	ʈˠʰɨw3/ʈʰiu̯3	
歈	ju1/jɨ̯u1	
歈	dɨw1/dəu1	
愉	ju1/jɨ̯u1	
𢋅	ju1/jɨ̯u1	
𢋅	jɨw1/jiu̯1	
揄	ju1/jɨ̯u1	
揄	jɨw1/jiu̯1	
揄	dɨw1/dəu1	
揄	dɨw3/dəu3	
褕	ju1/jɨ̯u1	
褕	jɛw1/jieu1	
瑜	ju1/jɨ̯u1	
崳	ju1/jɨ̯u1	
㥚	ju1/jɨ̯u1	
㥚	ju2/jɨ̯u2	
羭	ju1/jɨ̯u1	
蝓	ju1/jɨ̯u1	
榆	ju1/jɨ̯u1	
萸	ju1/jɨ̯u1	
堬	ju1/jɨ̯u1	
牏	ju1/jɨ̯u1	
牏	dɨw1/dəu1	
牏	ɖˠu3/ɖɨ̯u3	
渝	ju1/jɨ̯u1	
媮	ju1/jɨ̯u1	
媮	tʰɨw1/tʰəu1	
𤜹	ju1/jɨ̯u1	
㳛	ju1/jɨ̯u1	
㳛	jɨw1/jiu̯1	
𤧙	ju1/jɨ̯u1	
瘉	ju1/jɨ̯u1	
瘉	ju2/jɨ̯u2	
螸	ju1/jɨ̯u1	
蕍	ju1/jɨ̯u1	
𦺮	ju1/jɨ̯u1	
𦺮	ju2/jɨ̯u2	
䩱	ju1/jɨ̯u1	
䩱	ɕu3/ʃɨ̯u3	
䜽	ju1/jɨ̯u1	
萮	ju1/jɨ̯u1	
蘛	ju1/jɨ̯u1	
蘛	jɨwk4/jɨuk4	
舀	ju1/jɨ̯u1	
舀	jɨw1/jiu̯1	
舀	jɛw2/jieu2	
㼶	ju1/jɨ̯u1	
騟	ju1/jɨ̯u1	
𢔢	ju1/jɨ̯u1	
𥯮	ju1/jɨ̯u1	
𥔢	ju1/jɨ̯u1	
區	kˠʰu1/kʰɨ̯u1	
區	ʔɨw1/ʔəu1	
鰸	kˠʰu1/kʰɨ̯u1	
驅	kˠʰu1/kʰɨ̯u1	
驅	kˠʰu3/kʰɨ̯u3	
敺	kˠʰu1/kʰɨ̯u1	
嶇	kˠʰu1/kʰɨ̯u1	
軀	kˠʰu1/kʰɨ̯u1	
摳	kˠʰu1/kʰɨ̯u1	
摳	qʰɨw1/kʰəu1	
䧢	kˠʰu1/kʰɨ̯u1	
朱	tɕu1/tʃɨ̯u1	
珠	tɕu1/tʃɨ̯u1	
侏	tɕu1/tʃɨ̯u1	
絑	tɕu1/tʃɨ̯u1	
祩	tɕu1/tʃɨ̯u1	
祩	tɕu3/tʃɨ̯u3	
咮	tɕu1/tʃɨ̯u1	
咮	ʈˠɨw1/ʈiu̯1	
咮	ʈˠu3/ʈɨ̯u3	
咮	ʈˠɨw3/ʈiu̯3	
鮢	tɕu1/tʃɨ̯u1	
𤝹	tɕu1/tʃɨ̯u1	
硃	tɕu1/tʃɨ̯u1	
趨	tsʲʰu1/tsʰɨ̯u1	
鯫	tsʲʰu1/tsʰɨ̯u1	
鯫	dzɨw1/dzəu1	
鯫	dzɨw3/dzəu3	
慺	lˠu1/ɭɨ̯u1	
慺	lɨw1/ləu1	
慺	lˠu2/ɭɨ̯u2	
蔞	lˠu1/ɭɨ̯u1	
蔞	lɨw1/ləu1	
蔞	lˠu2/ɭɨ̯u2	
氀	lˠu1/ɭɨ̯u1	
瞜	lˠu1/ɭɨ̯u1	
瞜	lɨw1/ləu1	
䱾	lˠu1/ɭɨ̯u1	
䱾	lɨw1/ləu1	
嶁	lˠu1/ɭɨ̯u1	
嶁	lˠu2/ɭɨ̯u2	
嶁	lɨw2/ləu2	
䝏	lˠu1/ɭɨ̯u1	
䝏	lɨw1/ləu1	
㺏	lˠu1/ɭɨ̯u1	
摟	lˠu1/ɭɨ̯u1	
摟	lɨw1/ləu1	
鷜	lˠu1/ɭɨ̯u1	
鷜	lɨw1/ləu1	
鏤	lˠu1/ɭɨ̯u1	
鏤	lɨw3/ləu3	
䣚	lˠu1/ɭɨ̯u1	
䣚	lɨw1/ləu1	
婁	lˠu1/ɭɨ̯u1	
婁	lɨw1/ləu1	
瘻	lˠu1/ɭɨ̯u1	
瘻	lɨw3/ləu3	
𤗬	lˠu1/ɭɨ̯u1	
膢	lˠu1/ɭɨ̯u1	
膢	lɨw1/ləu1	
扶	vu1/bvu1	
扶	fu1/pfu1	
𢻳	vu1/bvu1	
芙	vu1/bvu1	
符	vu1/bvu1	
颫	vu1/bvu1	
鳧	vu1/bvu1	
榑	vu1/bvu1	
苻	vu1/bvu1	
蚨	vu1/bvu1	
夫	vu1/bvu1	
夫	fu1/pfu1	
𦽏	vu1/bvu1	
𣿆	vu1/bvu1	
枹	vu1/bvu1	
枹	paw1/puau1	
枹	vɨw1/bvuəu1	
瓿	vu1/bvu1	
瓿	bɨw3/buəu3	
𧥱	vu1/bvu1	
枎	vu1/bvu1	
坿	vu1/bvu1	
坿	vu3/bvu3	
泭	vu1/bvu1	
泭	fʰu1/pfʰu1	
𣻜	vu1/bvu1	
𤱽	vu1/bvu1	
𣘧	vu1/bvu1	
𣻥	vu1/bvu1	
𢞦	vu1/bvu1	
𦑹	vu1/bvu1	
𥄑	vu1/bvu1	
玸	vu1/bvu1	
䅳	dʐu1/dʐʅu1	
雛	dʐu1/dʐʅu1	
鶵	dʐu1/dʐʅu1	
媰	dʐu1/dʐʅu1	
㑳	tʂu1/tʂʅu1	
㑳	dʐɨw3/dʐʅᵊu3	
㑳	ɳap4/ɳɯap4	
搊	tʂu1/tʂʅu1	
搊	tʂʰɨw1/tʂʰʅᵊu1	
搊	tʂɨw2/tʂʅᵊu2	
敷	fʰu1/pfʰu1	
麩	fʰu1/pfʰu1	
麱	fʰu1/pfʰu1	
孚	fʰu1/pfʰu1	
𣞒	fʰu1/pfʰu1	
郛	fʰu1/pfʰu1	
鄜	fʰu1/pfʰu1	
鄜	lɨwk4/luk4	
鋪	fʰu1/pfʰu1	
鋪	pʰu1/pʰu1	
鋪	pʰu3/pʰu3	
筟	fʰu1/pfʰu1	
俘	fʰu1/pfʰu1	
痡	fʰu1/pfʰu1	
痡	pʰu1/pʰu1	
殍	fʰu1/pfʰu1	
殍	bˠi3/bɨi̯3	
殍	bˠɛw3/bɨeu3	
怤	fʰu1/pfʰu1	
䎔	fʰu1/pfʰu1	
𧀮	fʰu1/pfʰu1	
孵	fʰu1/pfʰu1	
豧	fʰu1/pfʰu1	
豧	fʰu3/pfʰu3	
豧	pʰɨw3/pʰuəu3	
尃	fʰu1/pfʰu1	
䱐	fʰu1/pfʰu1	
䱐	vɨw1/bvuəu1	
罦	fʰu1/pfʰu1	
罦	vu1/bvu1	
罦	vɨw1/bvuəu1	老
稃	fʰu1/pfʰu1	
𥹃	fʰu1/pfʰu1	
莩	fʰu1/pfʰu1	
莩	bˠɛw3/bɨeu3	
郙	fʰu1/pfʰu1	
郙	fu2/pfu2	
㕊	fʰu1/pfʰu1	
桴	fʰu1/pfʰu1	
桴	vu1/bvu1	
桴	vɨw1/bvuəu1	老
䒀	fʰu1/pfʰu1	
䒀	bu3/bu3	
㩤	fʰu1/pfʰu1	
姇	fʰu1/pfʰu1	
紨	fʰu1/pfʰu1	
䓵	fʰu1/pfʰu1	
㲗	fʰu1/pfʰu1	
䓏	fʰu1/pfʰu1	
秿	fʰu1/pfʰu1	
秿	pu1/pu1	
秿	vu3/bvu3	
諏	tsʲu1/tsɨ̯u1	
㖩	tsʲu1/tsɨ̯u1	
𡸨	tsʲu1/tsɨ̯u1	
娵	tsʲu1/tsɨ̯u1	
陬	tsʲu1/tsɨ̯u1	
陬	tʂɨw1/tʂʅᵊu1	
陬	tsɨw1/tsəu1	
掫	tsʲu1/tsɨ̯u1	
掫	tsɨw1/tsəu1	
掫	tʂɨw2/tʂʅᵊu2	
跗	fu1/pfu1	
跗	vu3/bvu3	
趺	fu1/pfu1	
膚	fu1/pfu1	
肤	fu1/pfu1	
邞	fu1/pfu1	
鈇	fu1/pfu1	
衭	fu1/pfu1	
㠸	fu1/pfu1	
玞	fu1/pfu1	
𩿧	fu1/pfu1	
𧀴	fu1/pfu1	
簠	fu1/pfu1	
簠	fu2/pfu2	
簠	fʰu3/pfʰu3	
鳺	fu1/pfu1	
柎	fu1/pfu1	
𩬙	fu1/pfu1	
𩬙	fu3/pfu3	
𩵩	fu1/pfu1	
䄮	fu1/pfu1	
䃿	fu1/pfu1	
妋	fu1/pfu1	
妋	ʔˠɨw1/ʔɨu̯1	
紆	ʔˠu1/ʔɨ̯u1	
陓	ʔˠu1/ʔɨ̯u1	
䩽	ʔˠu1/ʔɨ̯u1	
䙔	ʔˠu1/ʔɨ̯u1	
䙔	ʔɨw1/ʔəu1	
䙔	ʔɨw2/ʔəu2	
䙔	ʔɨw3/ʔəu3	
蓲	ʔˠu1/ʔɨ̯u1	
蓲	kˠʰɨw1/kʰɨu̯1	
蓲	ʔɨw1/ʔəu1	
蓲	ʔˠu3/ʔɨ̯u3	
㝼	ʔˠu1/ʔɨ̯u1	
虶	ʔˠu1/ʔɨ̯u1	
䨕	ʔˠu1/ʔɨ̯u1	
輸	ɕu1/ʃɨ̯u1	
輸	ɕu3/ʃɨ̯u3	
樞	tɕʰu1/tʃʰɨ̯u1	
姝	tɕʰu1/tʃʰɨ̯u1	
𩪍	tɕʰu1/tʃʰɨ̯u1	
䇬	tɕʰu1/tʃʰɨ̯u1	
廚	ɖˠu1/ɖɨ̯u1	
躕	ɖˠu1/ɖɨ̯u1	
趎	ɖˠu1/ɖɨ̯u1	
幮	ɖˠu1/ɖɨ̯u1	
裯	ɖˠu1/ɖɨ̯u1	
裯	tɑw1/tɑu1	
裯	ɖˠɨw1/ɖiu̯1	
拘	kˠu1/kɨ̯u1	
駒	kˠu1/kɨ̯u1	
䀠	kˠu1/kɨ̯u1	
䀠	kˠu3/kɨ̯u3	
眗	kˠu1/kɨ̯u1	
岣	kˠu1/kɨ̯u1	
岣	qɨw2/kəu2	
㪺	kˠu1/kɨ̯u1	
𨞜	kˠu1/kɨ̯u1	
捄	kˠu1/kɨ̯u1	
捄	ɡˠɨw1/ɡɨu̯1	
跔	kˠu1/kɨ̯u1	
鮈	kˠu1/kɨ̯u1	
俱	kˠu1/kɨ̯u1	
痀	kˠu1/kɨ̯u1	
𥇛	kˠu1/kɨ̯u1	
毹	ʂu1/ʂʅu1	
㡏	ʂu1/ʂʅu1	
㡏	ʂu3/ʂʅu3	
橾	ʂu1/ʂʅu1	
橾	sɨw2/səu2	
螋	ʂu1/ʂʅu1	
螋	ʂɨw1/ʂʅᵊu1	
模	mu1/mu1	
橅	mu1/mu1	
摸	mu1/mu1	
摸	mɑk4/muɔk4	
嫫	mu1/mu1	
㡔	mu1/mu1	
㡔	ɱu3/mvu3	
㡔	mɨwk4/muk4	
𨡭	mu1/mu1	
𨡭	mɨw1/mvuəu1	
謨	mu1/mu1	
𠻚	mu1/mu1	
膜	mu1/mu1	
膜	mɑk4/muɔk4	
酺	bu1/bu1	
匍	bu1/bu1	
蜅	bu1/bu1	
蜅	fu2/pfu2	
荹	bu1/bu1	
荹	bu3/bu3	
樸	bu1/bu1	
樸	bɨwk4/buk4	
樸	pɨwk4/puk4	
樸	pʰawk4/pʰuak4	
菩	bu1/bu1	
菩	bɑj3/buoi3	
菩	vɨw3/bvuəu3	
菩	bɨk4/buək4	
䔕	bu1/bu1	
蒲	bu1/bu1	
蒱	bu1/bu1	
䈻	bu1/bu1	
胡	ʁu1/ɦu1	
𩑶	ʁu1/ɦu1	
𠴱	ʁu1/ɦu1	
壺	ʁu1/ɦu1	
狐	ʁu1/ɦu1	
瓳	ʁu1/ɦu1	
餬	ʁu1/ɦu1	
瑚	ʁu1/ɦu1	
湖	ʁu1/ɦu1	
鶘	ʁu1/ɦu1	
猢	ʁu1/ɦu1	
醐	ʁu1/ɦu1	
𪏻	ʁu1/ɦu1	
䊀	ʁu1/ɦu1	
𪍒	ʁu1/ɦu1	
糊	ʁu1/ɦu1	
弧	ʁu1/ɦu1	
乎	ʁu1/ɦu1	
𠂞	ʁu1/ɦu1	
𪕱	ʁu1/ɦu1	
瓠	ʁu1/ɦu1	
瓠	ʁu3/ɦu3	
葫	ʁu1/ɦu1	
葫	χu1/hu1	
㾰	ʁu1/ɦu1	
魱	ʁu1/ɦu1	
箶	ʁu1/ɦu1	
䉉	ʁu1/ɦu1	
䉉	qu1/ku1	
𥶜	ʁu1/ɦu1	
𧛞	ʁu1/ɦu1	
㯛	ʁu1/ɦu1	
孤	qu1/ku1	
苽	qu1/ku1	
菰	qu1/ku1	
胍	qu1/ku1	
𡗷	qu1/ku1	
姑	qu1/ku1	
辜	qu1/ku1	
呱	qu1/ku1	
泒	qu1/ku1	
酤	qu1/ku1	
酤	ʁu3/ɦu3	
酤	qu3/ku3	
觚	qu1/ku1	
蛄	qu1/ku1	
箛	qu1/ku1	
鴣	qu1/ku1	
橭	qu1/ku1	
橭	qʰu1/kʰu1	
𠷞	qu1/ku1	
沽	qu1/ku1	
沽	qu2/ku2	
沽	qu3/ku3	
柧	qu1/ku1	
𨬟	qu1/ku1	
𧇡	qu1/ku1	
盬	qu1/ku1	
盬	qu2/ku2	
嫴	qu1/ku1	
罛	qu1/ku1	
軱	qu1/ku1	
箍	qu1/ku1	
䐻	qu1/ku1	
㼋	qu1/ku1	
㼋	ɲɨ2/ɲʒɨ̯u2	
徒	du1/du1	
𨑒	du1/du1	
瘏	du1/du1	
塗	du1/du1	
塗	ɖa1/ɖɯa1	
途	du1/du1	
酴	du1/du1	
駼	du1/du1	
𤙛	du1/du1	
梌	du1/du1	
梌	tʰu1/tʰu1	
梌	ɖa1/ɖɯa1	
㭸	du1/du1	
荼	du1/du1	
荼	ʑa1/dʒia1	
荼	ɖa1/ɖɯa1	
圖	du1/du1	
啚	du1/du1	
啚	pˠi2/pɨi̯2	
廜	du1/du1	
䣝	du1/du1	
䣝	ɖa1/ɖɯa1	
菟	du1/du1	
菟	tʰu3/tʰu3	
捈	du1/du1	
捈	tʰu1/tʰu1	
䅷	du1/du1	
嵞	du1/du1	
峹	du1/du1	
𣘻	du1/du1	
𣘻	ɖa1/ɖɯa1	
鍍	du1/du1	
鍍	du3/du3	
䤅	du1/du1	
䤅	dɨw1/dəu1	
蒤	du1/du1	
䖘	du1/du1	
鷵	du1/du1	
奴	nu1/nu1	
㚢	nu1/nu1	
砮	nu1/nu1	
砮	nu2/nu2	
駑	nu1/nu1	
帑	nu1/nu1	
帑	tʰɑŋ2/tʰɑŋ2	
孥	nu1/nu1	
笯	nu1/nu1	
笯	ɳa1/ɳɯa1	
笯	nu3/nu3	
呼	χu1/hu1	
嘑	χu1/hu1	
𧦝	χu1/hu1	
歑	χu1/hu1	
謼	χu1/hu1	
謼	χu3/hu3	
幠	χu1/hu1	
恗	χu1/hu1	
軤	χu1/hu1	
虍	χu1/hu1	
苸	χu1/hu1	
雐	χu1/hu1	
䰧	χu1/hu1	
滹	χu1/hu1	
吾	ɴu1/ŋu1	
吾	ɴa1/ŋɯa1	
鼯	ɴu1/ŋu1	
𪁙	ɴu1/ŋu1	
𧋋	ɴu1/ŋu1	
吳	ɴu1/ŋu1	
浯	ɴu1/ŋu1	
䓊	ɴu1/ŋu1	
㹳	ɴu1/ŋu1	
㻍	ɴu1/ŋu1	
珸	ɴu1/ŋu1	
蜈	ɴu1/ŋu1	
郚	ɴu1/ŋu1	
鯃	ɴu1/ŋu1	
娪	ɴu1/ŋu1	
鋘	ɴu1/ŋu1	
鋘	ʁwa1/ɦua1	
梧	ɴu1/ŋu1	
峿	ɴu1/ŋu1	
麌	ɴu1/ŋu1	
麌	ŋˠu2/ŋɨ̯u2	
𦨼	ɴu1/ŋu1	
祦	ɴu1/ŋu1	
租	tsu1/tsu1	
盧	lu1/lu1	
鑪	lu1/lu1	
壚	lu1/lu1	
籚	lu1/lu1	
顱	lu1/lu1	
髗	lu1/lu1	
鱸	lu1/lu1	
攎	lu1/lu1	
櫨	lu1/lu1	
轤	lu1/lu1	
黸	lu1/lu1	
獹	lu1/lu1	
鸕	lu1/lu1	
艫	lu1/lu1	
纑	lu1/lu1	
瀘	lu1/lu1	
瓐	lu1/lu1	
爐	lu1/lu1	
玈	lu1/lu1	
𢐸	lu1/lu1	
㢚	lu1/lu1	
㢚	lu2/lu2	
𤮧	lu1/lu1	
嚧	lu1/lu1	
矑	lu1/lu1	
㿖	lu1/lu1	
㿖	lu3/lu3	
㭔	lu1/lu1	
㭔	lu2/lu2	
𧇄	lu1/lu1	
𧆨	lu1/lu1	
罏	lu1/lu1	
蠦	lu1/lu1	
㪭	lu1/lu1	
𦿊	lu1/lu1	
蘇	su1/su1	
穌	su1/su1	
㢝	su1/su1	
酥	su1/su1	
徂	dzu1/dzu1	
䢐	dzu1/dzu1	
殂	dzu1/dzu1	
𣨐	dzu1/dzu1	
烏	ʔu1/ʔu1	
嗚	ʔu1/ʔu1	
洿	ʔu1/ʔu1	
洿	ʁu3/ɦu3	
汚	ʔu1/ʔu1	
杇	ʔu1/ʔu1	
圬	ʔu1/ʔu1	
釫	ʔu1/ʔu1	
釫	ʁwa1/ɦua1	
鰞	ʔu1/ʔu1	
歍	ʔu1/ʔu1	
鎢	ʔu1/ʔu1	
𢎰	ʔu1/ʔu1	
𢎰	qʰu1/kʰu1	
瑦	ʔu1/ʔu1	
瑦	ʔu2/ʔu2	
鄔	ʔu1/ʔu1	
鄔	ʔu2/ʔu2	
鄔	ʔˠɨ3/ʔɨ̯u3	
盓	ʔu1/ʔu1	
螐	ʔu1/ʔu1	
惡	ʔu1/ʔu1	
惡	ʔu3/ʔu3	
惡	ʔɑk4/ʔɑk4	
扝	ʔu1/ʔu1	
扝	qʰu1/kʰu1	
𦶀	ʔu1/ʔu1	
㮧	ʔu1/ʔu1	
鴮	ʔu1/ʔu1	
逋	pu1/pu1	
餔	pu1/pu1	
餔	bu3/bu3	
𥂈	pu1/pu1	
晡	pu1/pu1	
庯	pu1/pu1	
陠	pu1/pu1	
陠	pʰu1/pʰu1	
鵏	pu1/pu1	
鵏	bu3/bu3	
𧻷	pu1/pu1	
峬	pu1/pu1	
誧	pu1/pu1	
誧	pʰu1/pʰu1	
誧	pʰu2/pʰu2	
誧	pʰu3/pʰu3	
鯆	pu1/pu1	
鯆	pʰu1/pʰu1	
鯆	fu2/pfu2	
抪	pu1/pu1	
抪	pu3/pu3	
枯	qʰu1/kʰu1	
刳	qʰu1/kʰu1	
郀	qʰu1/kʰu1	
軲	qʰu1/kʰu1	
㱠	qʰu1/kʰu1	
跍	qʰu1/kʰu1	
挎	qʰu1/kʰu1	
鮬	qʰu1/kʰu1	
鮬	bu3/bu3	
麤	tsʰu1/tsʰu1	
麁	tsʰu1/tsʰu1	
𧆓	tsʰu1/tsʰu1	
𧆓	tsʰu2/tsʰu2	
𥼡	tsʰu1/tsʰu1	
觕	tsʰu1/tsʰu1	
觕	dzu3/dzu3	
觕	tɕʰuk4/tʃʰɨuk4	
𤿚	tsʰu1/tsʰu1	
𤿚	tsʲʰɨ2/tsʰɨ̯u2	
㻌	tʰu1/tʰu1	
稌	tʰu1/tʰu1	
稌	tʰu2/tʰu2	
悇	tʰu1/tʰu1	
悇	jɨ3/jɨ̯u3	
悇	ʈˠʰɨ3/ʈʰɨ̯u3	
嶀	tʰu1/tʰu1	
㻯	tʰu1/tʰu1	
𡸂	tʰu1/tʰu1	
庩	tʰu1/tʰu1	
䞮	tʰu1/tʰu1	
㻬	tʰu1/tʰu1	
䩣	tʰu1/tʰu1	
都	tu1/tu1	
𥳉	tu1/tu1	
闍	tu1/tu1	
闍	ʑa1/dʒia1	
𦘴	tu1/tu1	
𦘴	tu3/tu3	
𧷿	tu1/tu1	
醏	tu1/tu1	
䩲	tu1/tu1	
𥠵	pʰu1/pʰu1	
𩹲	pʰu1/pʰu1	
𨁏	pʰu1/pʰu1	
𧱹	pʰu1/pʰu1	
䮒	pʰu1/pʰu1	
𢼹	pʰu1/pʰu1	
齊	dzʲɛj1/dziei1	
齊	dzʲɛj3/dziei3	
臍	dzʲɛj1/dziei1	
麡	dzʲɛj1/dziei1	
麡	tsʲɛj1/tsiei1	
麡	dʐaj1/dʐɯai1	
𪗍	dzʲɛj1/dziei1	
懠	dzʲɛj1/dziei1	
懠	dzʲɛj3/dziei3	
䶒	dzʲɛj1/dziei1	
癠	dzʲɛj1/dziei1	
癠	dzʲɛj3/dziei3	
癠	tsʲɛj2/tsiei2	
𨥦	dzʲɛj1/dziei1	
𨥦	tsʲɛj1/tsiei1	
黎	lʲɛj1/liei1	
犁	lʲɛj1/liei1	
𤛿	lʲɛj1/liei1	
黧	lʲɛj1/liei1	
藜	lʲɛj1/liei1	
𦃇	lʲɛj1/liei1	
盠	lʲɛj1/liei1	
盠	lʲɛj2/liei2	
邌	lʲɛj1/liei1	
𨛫	lʲɛj1/liei1	
廲	lʲɛj1/liei1	
瓈	lʲɛj1/liei1	
𥌛	lʲɛj1/liei1	
𩧋	lʲɛj1/liei1	
㦒	lʲɛj1/liei1	
𨿯	lʲɛj1/liei1	
妻	tsʲʰɛj1/tsʰiei1	
妻	tsʲʰɛj3/tsʰiei3	
萋	tsʲʰɛj1/tsʰiei1	
淒	tsʲʰɛj1/tsʰiei1	
凄	tsʲʰɛj1/tsʰiei1	
悽	tsʲʰɛj1/tsʰiei1	
鶈	tsʲʰɛj1/tsʰiei1	
緀	tsʲʰɛj1/tsʰiei1	
緀	tsʲʰɛj2/tsʰiei2	
齌	tsʲʰɛj1/tsʰiei1	
齌	tsʲɛj1/tsiei1	
齌	dzʲɛj3/dziei3	
霋	tsʲʰɛj1/tsʰiei1	
低	tʲɛj1/tiei1	
袛	tʲɛj1/tiei1	
磾	tʲɛj1/tiei1	
鞮	tʲɛj1/tiei1	
腣	tʲɛj1/tiei1	
腣	tʲɛj3/tiei3	
羝	tʲɛj1/tiei1	
眡	tʲɛj1/tiei1	
眡	ʑi3/ʒi3	
隄	tʲɛj1/tiei1	
隄	dʲɛj1/diei1	
䧑	tʲɛj1/tiei1	
奃	tʲɛj1/tiei1	
趆	tʲɛj1/tiei1	
趆	tʲɛj3/tiei3	
𡰖	tʲɛj1/tiei1	
𡰖	dʲɛj1/diei1	
鍉	tʲɛj1/tiei1	
柢	tʲɛj1/tiei1	
柢	tʲɛj2/tiei2	
柢	tʲɛj3/tiei3	
䐎	tʲɛj1/tiei1	
䚣	tʲɛj1/tiei1	
䚣	dʲɛj1/diei1	
𥿄	tʲɛj1/tiei1	
揥	tʲɛj1/tiei1	
揥	tʲʰɛj3/tʰiei3	
揥	ʈˠʰɛj3/ʈʰiei3	
㓳	tʲɛj1/tiei1	
䬫	tʲɛj1/tiei1	
䬫	dʲɛj1/diei1	
嗁	dʲɛj1/diei1	
啼	dʲɛj1/diei1	
㖒	dʲɛj1/diei1	
蹏	dʲɛj1/diei1	
蹄	dʲɛj1/diei1	
𥶛	dʲɛj1/diei1	
𥶛	dʲɛj3/diei3	
詆	dʲɛj1/diei1	
詆	tʲɛj2/tiei2	
詆	tʲʰɛk4/tʰiek4	
瑅	dʲɛj1/diei1	
題	dʲɛj1/diei1	
題	dʲɛj3/diei3	
媞	dʲɛj1/diei1	
媞	ʑi3/ʒi3	
媞	dʲɛj3/diei3	
𧡨	dʲɛj1/diei1	
𧡨	dʲɛj3/diei3	
綈	dʲɛj1/diei1	
罤	dʲɛj1/diei1	
𣹲	dʲɛj1/diei1	
𣖅	dʲɛj1/diei1	
締	dʲɛj1/diei1	
締	dʲɛj3/diei3	
蕛	dʲɛj1/diei1	
稊	dʲɛj1/diei1	
𦯔	dʲɛj1/diei1	
䬾	dʲɛj1/diei1	
醍	dʲɛj1/diei1	
醍	tʲʰɛj2/tʰiei2	
褆	dʲɛj1/diei1	
褆	ʑi3/ʒi3	
褆	ɖˠi3/ɖi3	
鵜	dʲɛj1/diei1	
䱱	dʲɛj1/diei1	
崹	dʲɛj1/diei1	
緹	dʲɛj1/diei1	
緹	tʲʰɛj2/tʰiei2	
鷤	dʲɛj1/diei1	
鷤	dɑn1/dɑn1	
鷤	dʲɛj3/diei3	
騠	dʲɛj1/diei1	
折	dʲɛj1/diei1	
折	tɕɛt4/tʃiet4	
折	ʑɛt4/ʒiet4	
䨑	dʲɛj1/diei1	
銕	dʲɛj1/diei1	
銕	tʲʰɛt4/tʰiet4	
䖙	dʲɛj1/diei1	
䖙	tʲʰɛj1/tʰiei1	
𥉘	dʲɛj1/diei1	
𢔭	dʲɛj1/diei1	
𡰄	dʲɛj1/diei1	
厗	dʲɛj1/diei1	
𪂿	dʲɛj1/diei1	
𪂿	dʲɛj3/diei3	
鶙	dʲɛj1/diei1	
蝭	dʲɛj1/diei1	
蝭	tʲɛj3/tiei3	
𨪉	dʲɛj1/diei1	
㡗	dʲɛj1/diei1	
㡗	xʲɛj1/hiei1	
銻	dʲɛj1/diei1	
鮷	dʲɛj1/diei1	
趧	dʲɛj1/diei1	
𧋘	dʲɛj1/diei1	
鯷	dʲɛj1/diei1	
鯷	ʑi3/ʒi3	
鯷	dʲɛj3/diei3	
睼	dʲɛj1/diei1	
睼	tʲʰɛn3/tʰien3	
豍	pʲɛj1/piei1	
㡙	pʲɛj1/piei1	
螕	pʲɛj1/piei1	
𦱔	pʲɛj1/piei1	
蓖	pʲɛj1/piei1	
篦	pʲɛj1/piei1	
梐	pʲɛj1/piei1	
梐	bʲɛj3/biei3	
𥏠	pʲɛj1/piei1	
𨻼	pʲɛj1/piei1	
𨻼	pʲʰɛj1/pʰiei1	
狴	pʲɛj1/piei1	
鎞	pʲɛj1/piei1	
䚜	pʲɛj1/piei1	
雞	kʲɛj1/kiei1	
鷄	kʲɛj1/kiei1	
稽	kʲɛj1/kiei1	
稽	kʲʰɛj2/kʰiei2	
枅	kʲɛj1/kiei1	
笄	kʲɛj1/kiei1	
㮷	kʲɛj1/kiei1	
䗗	kʲɛj1/kiei1	
卟	kʲɛj1/kiei1	
卟	kʲʰɛj2/kʰiei2	
𥝌	kʲɛj1/kiei1	
𥝌	ɴɑj3/ŋɑi3	
𨪴	kʲɛj1/kiei1	
奚	ɣʲɛj1/ɦiei1	
豯	ɣʲɛj1/ɦiei1	
徯	ɣʲɛj1/ɦiei1	
徯	ɣʲɛj3/ɦiei3	
㜎	ɣʲɛj1/ɦiei1	
蹊	ɣʲɛj1/ɦiei1	
螇	ɣʲɛj1/ɦiei1	
螇	kʲʰɛj1/kʰiei1	
榽	ɣʲɛj1/ɦiei1	
榽	ʁaj1/ɦɯai1	
騱	ɣʲɛj1/ɦiei1	
胿	ɣʲɛj1/ɦiei1	
胿	kʲwɛj1/kyei1	
𡗞	ɣʲɛj1/ɦiei1	
郋	ɣʲɛj1/ɦiei1	
𪓷	ɣʲɛj1/ɦiei1	
傒	ɣʲɛj1/ɦiei1	
嵇	ɣʲɛj1/ɦiei1	
兮	ɣʲɛj1/ɦiei1	
鼷	ɣʲɛj1/ɦiei1	
蒵	ɣʲɛj1/ɦiei1	
蒵	ɣʲɛj3/ɦiei3	
貕	ɣʲɛj1/ɦiei1	
鷖	ʔʲɛj1/ʔiei1	
翳	ʔʲɛj1/ʔiei1	
翳	ʔʲɛj3/ʔiei3	
𧫦	ʔʲɛj1/ʔiei1	
嫛	ʔʲɛj1/ʔiei1	
黳	ʔʲɛj1/ʔiei1	
𦎣	ʔʲɛj1/ʔiei1	
𦎣	ʔʲin1/ʔin1	
𦎣	ʔan1/ʔɯan1	
㙠	ʔʲɛj1/ʔiei1	
㙠	ʔʲɛj3/ʔiei3	
䃜	ʔʲɛj1/ʔiei1	
繄	ʔʲɛj1/ʔiei1	
繄	ʔʲɛj3/ʔiei3	
䚷	ʔʲɛj1/ʔiei1	
䚷	ʔʲɛj2/ʔiei2	
𣕁	ʔʲɛj1/ʔiei1	
𣕁	ŋʲɛj1/ŋiei1	
倪	ŋʲɛj1/ŋiei1	
蜺	ŋʲɛj1/ŋiei1	
蜺	ŋʲɛt4/ŋiet4	
霓	ŋʲɛj1/ŋiei1	
霓	ŋʲɛj3/ŋiei3	
霓	ŋʲɛt4/ŋiet4	
郳	ŋʲɛj1/ŋiei1	
齯	ŋʲɛj1/ŋiei1	
婗	ŋʲɛj1/ŋiei1	
輗	ŋʲɛj1/ŋiei1	
棿	ŋʲɛj1/ŋiei1	
猊	ŋʲɛj1/ŋiei1	
麑	ŋʲɛj1/ŋiei1	
貎	ŋʲɛj1/ŋiei1	
鯢	ŋʲɛj1/ŋiei1	
䘽	ŋʲɛj1/ŋiei1	
䘽	ŋʲɛj2/ŋiei2	
䘽	ŋʲɛt4/ŋiet4	
𠆵	ŋʲɛj1/ŋiei1	
觬	ŋʲɛj1/ŋiei1	
觬	ŋʲɛj2/ŋiei2	
㪒	ŋʲɛj1/ŋiei1	
㪒	ŋʲɛj2/ŋiei2	
醯	xʲɛj1/hiei1	
䒊	xʲɛj1/hiei1	
𦫬	xʲɛj1/hiei1	
橀	xʲɛj1/hiei1	
橀	χɑj2/hɑi2	
忚	xʲɛj1/hiei1	
西	sʲɛj1/siei1	
卤	sʲɛj1/siei1	
𠧧	sʲɛj1/siei1	
棲	sʲɛj1/siei1	
栖	sʲɛj1/siei1	
栖	sʲɛj3/siei3	
犀	sʲɛj1/siei1	
嘶	sʲɛj1/siei1	
撕	sʲɛj1/siei1	
𤺊	sʲɛj1/siei1	
㯕	sʲɛj1/siei1	
屖	sʲɛj1/siei1	
𧬊	sʲɛj1/siei1	
粞	sʲɛj1/siei1	
粞	sɑj1/sɑi1	
𠞂	sʲɛj1/siei1	
梯	tʲʰɛj1/tʰiei1	
睇	tʲʰɛj1/tʰiei1	
睇	dʲɛj3/diei3	
鷈	tʲʰɛj1/tʰiei1	
𠥸	tʲʰɛj1/tʰiei1	
㔸	tʲʰɛj1/tʰiei1	
𨁃	tʲʰɛj1/tʰiei1	
𩤽	tʲʰɛj1/tʰiei1	
鼙	bʲɛj1/biei1	
崥	bʲɛj1/biei1	
崥	pʲi2/pi2	
㼰	bʲɛj1/biei1	
笓	bʲɛj1/biei1	
磇	pʲʰɛj1/pʰiei1	
𠜱	pʲʰɛj1/pʰiei1	
𪄆	pʲʰɛj1/pʰiei1	
批	pʲʰɛj1/pʰiei1	
賷	tsʲɛj1/tsiei1	
䪡	tsʲɛj1/tsiei1	
齏	tsʲɛj1/tsiei1	
𧆌	tsʲɛj1/tsiei1	
櫅	tsʲɛj1/tsiei1	
䂑	tsʲɛj1/tsiei1	
擠	tsʲɛj1/tsiei1	
擠	tsʲɛj3/tsiei3	
躋	tsʲɛj1/tsiei1	
躋	tsʲɛj3/tsiei3	
隮	tsʲɛj1/tsiei1	
隮	tsʲɛj3/tsiei3	
𢥎	tsʲɛj1/tsiei1	
啙	tsʲɛj1/tsiei1	
啙	tsi2/tsi2	
啙	dzʲɛj3/dziei3	
迷	mʲɛj1/miei1	
𡝡	mʲɛj1/miei1	
䤍	mʲɛj1/miei1	
麛	mʲɛj1/miei1	
𧠠	mʲɛj1/miei1	
𪓬	mʲɛj1/miei1	
泥	nʲɛj1/niei1	
泥	nʲɛj3/niei3	
埿	nʲɛj1/niei1	
埿	nʲɛj3/niei3	
埿	bam3/buam3	
屔	nʲɛj1/niei1	
臡	nʲɛj1/niei1	
臡	ɲɛj1/ɲʒiei1	
臡	nɑ1/nɑ1	
谿	kʲʰɛj1/kʰiei1	
嵠	kʲʰɛj1/kʰiei1	
溪	kʲʰɛj1/kʰiei1	
磎	kʲʰɛj1/kʰiei1	
鸂	kʲʰɛj1/kʰiei1	
檕	kʲʰɛj1/kʰiei1	
檕	kʲɛj3/kiei3	
𤳤	kʲʰɛj1/kʰiei1	
圭	kʲwɛj1/kyei1	
珪	kʲwɛj1/kyei1	
邽	kʲwɛj1/kyei1	
閨	kʲwɛj1/kyei1	
袿	kʲwɛj1/kyei1	
窐	kʲwɛj1/kyei1	
窐	ɣʲwɛj1/ɦyei1	
鮭	kʲwɛj1/kyei1	
鮭	kʲʰwɛj1/kʰyei1	
鮭	ʁaj1/ɦɯai1	
𪊧	kʲwɛj1/kyei1	
洼	kʲwɛj1/kyei1	
洼	ʔa1/ʔɯa1	
洼	ʔwa1/ʔua1	
洼	ʔaj1/ʔɯai1	老
𨾴	kʲwɛj1/kyei1	
𡌲	kʲwɛj1/kyei1	
𦓯	kʲwɛj1/kyei1	
㰪	kʲwɛj1/kyei1	
㰪	ʔaj1/ʔɯai1	
茥	kʲwɛj1/kyei1	
茥	kʲʰwɛj1/kʰyei1	
睽	kʲʰwɛj1/kʰyei1	
奎	kʲʰwɛj1/kʰyei1	
湀	kʲʰwɛj1/kʰyei1	
湀	ɡʲwi3/ɡyi̯3	
湀	kʲwi2/kyi̯2	
湀	kʲʰwɛt4/kʰyet4	
刲	kʲʰwɛj1/kʰyei1	
𠝥	kʲʰwɛj1/kʰyei1	
䯓	kʲʰwɛj1/kʰyei1	
聧	kʲʰwɛj1/kʰyei1	
䖯	kʲʰwɛj1/kʰyei1	
蝰	kʲʰwɛj1/kʰyei1	
㨒	kʲʰwɛj1/kʰyei1	
楏	kʲʰwɛj1/kʰyei1	
藈	kʲʰwɛj1/kʰyei1	
𡐠	kʲʰwɛj1/kʰyei1	
𡐠	qwaj2/kuai2	
𡐠	qwa3/kua3	
𡐠	qwaj3/kuai3	老
攜	ɣʲwɛj1/ɦyei1	
携	ɣʲwɛj1/ɦyei1	
𩰳	ɣʲwɛj1/ɦyei1	
畦	ɣʲwɛj1/ɦyei1	
驨	ɣʲwɛj1/ɦyei1	
巂	ɣʲwɛj1/ɦyei1	
酅	ɣʲwɛj1/ɦyei1	
𢥘	ɣʲwɛj1/ɦyei1	
𦋅	ɣʲwɛj1/ɦyei1	
𣫴	ɣʲwɛj1/ɦyei1	
𡸔	ɣʲwɛj1/ɦyei1	
讗	ɣʲwɛj1/ɦyei1	
讗	qwɛk4/kuɛk4	
㔒	ɣʲwɛj1/ɦyei1	
䙵	ɣʲwɛj1/ɦyei1	
黊	ɣʲwɛj1/ɦyei1	
黊	ʁwa3/ɦua3	
黊	ʁwaj3/ɦuai3	老
𡰢	ɣʲwɛj1/ɦyei1	
䀘	ɣʲwɛj1/ɦyei1	
烓	ʔʲwɛj1/ʔyei1	
烓	kʲʰwɛŋ2/kʰyeŋ2	
𧟼	ʔʲwɛj1/ʔyei1	
𤮰	ʔʲwɛj1/ʔyei1	
睳	xʲwɛj1/hyei1	
佳	qa1/kɯa1	
佳	qaj1/kɯai1	老
街	qaj1/kɯai1	
㥟	ʁaj1/ɦɯai1	
膎	ʁaj1/ɦɯai1	
鞵	ʁaj1/ɦɯai1	
鞋	ʁaj1/ɦɯai1	
㨙	ʁaj1/ɦɯai1	
㨙	ɣʲɛj3/ɦiei3	
䙎	ʁaj1/ɦɯai1	
牌	baj1/buai1	
䱝	baj1/buai1	
𥱼	baj1/buai1	
棑	baj1/buai1	
棑	baj3/buai3	
媧	qwa1/kua1	
媧	qwaj1/kuai1	老
緺	qwa1/kua1	
緺	qwɑ1/kuɔ1	
緺	qwaj1/kuai1	老
𧬭	qwa1/kua1	
𧬭	qwaj1/kuai1	老
腡	qwa1/kua1	
腡	lwɑ1/luɔ1	
腡	qwaj1/kuai1	老
蝸	qwa1/kua1	
蝸	qwaj1/kuai1	老
騧	qwa1/kua1	
騧	qwaj1/kuai1	老
歄	qwa1/kua1	
歄	qwaj1/kuai1	老
蛙	ʔwa1/ʔua1	
蛙	ʔwaj1/ʔuai1	老
鼃	ʔwa1/ʔua1	
鼃	ʁwa1/ɦua1	
鼃	ʔwaj1/ʔuai1	老
鼃	ʁwaj1/ɦuai1	老
咼	qʰwa1/kʰua1	
咼	qʰwaj1/kʰuai1	老
喎	qʰwa1/kʰua1	
喎	qʰwaj1/kʰuai1	老
絓	qʰwa1/kʰua1	
絓	ʁwa3/ɦua3	
絓	qʰwaj1/kʰuai1	老
絓	ʁwaj3/ɦuai3	老
䓙	qʰwa1/kʰua1	
䓙	qʰwaj1/kʰuai1	老
𦹬	qʰwa1/kʰua1	
𦹬	qʰwaj1/kʰuai1	老
䦱	qʰwa1/kʰua1	
䦱	ɰwi2/ɨui2	
䦱	qʰwaj1/kʰuai1	老
柴	dʐa1/dʐɯa1	
柴	dʐaj1/dʐɯai1	老
祡	dʐaj1/dʐɯai1	
𪗶	dʐaj1/dʐɯai1	
㧘	dʐaj1/dʐɯai1	
㧘	ɡˠi3/ɡɨi̯3	
㧘	dzi3/dzi3	
㾹	dʐaj1/dʐɯai1	
㾹	dʐaj3/dʐɯai3	
查	dʐa1/dʐɯa1	
查	dʐaj1/dʐɯai1	老
釵	tʂʰa1/tʂʰɯa1	
釵	tʂʰaj1/tʂʰɯai1	老
靫	tʂʰaj1/tʂʰɯai1	
靫	tʂʰa1/tʂʰɯa1	
𩑐	tʂʰaj1/tʂʰɯai1	
叉	tʂʰa1/tʂʰɯa1	
叉	tʂʰaj1/tʂʰɯai1	老
芆	tʂʰaj1/tʂʰɯai1	
䐤	tʂʰaj1/tʂʰɯai1	
䐤	tʂʰa1/tʂʰɯa1	
㼮	tʂʰaj1/tʂʰɯai1	
𠞊	tʂʰaj1/tʂʰɯai1	
𠞊	tʂʰa1/tʂʰɯa1	
竵	χwa1/hua1	
竵	χwaj1/huai1	老
𦶎	χwa1/hua1	
𦶎	χwaj1/huai1	老
𠿎	χwa1/hua1	
𠿎	χwaj1/huai1	老
𩝨	χwa1/hua1	
𩝨	χwaj1/huai1	老
䍲	ɳaj1/ɳɯai1	
掜	ɳaj1/ɳɯai1	
掜	ŋʲɛj2/ŋiei2	
誽	ɳaj1/ɳɯai1	
啀	ɴaj1/ŋɯai1	
𪘲	ɴaj1/ŋɯai1	
猚	ɴaj1/ŋɯai1	
猚	lˠwi2/ɭyi̯2	
厓	ɴaj1/ŋɯai1	
𩂢	ɴaj1/ŋɯai1	
𩂢	ŋˠim1/ŋɨm1	
娃	ʔa1/ʔɯa1	
娃	ʔaj1/ʔɯai1	老
哇	ʔa1/ʔɯa1	
哇	ʔwa1/ʔua1	
哇	ʔaj1/ʔɯai1	老
崽	ʂaj1/ʂɯai1	
諰	ʂaj1/ʂɯai1	
諰	si2/si2	
㗨	χaj1/hɯai1	
㰨	χaj1/hɯai1	
扠	ʈʰa1/ʈʰɯa1	
扠	ʈʰaj1/ʈʰɯai1	老
䁲	maj1/muai1	
𩍃	maj1/muai1	
皆	qaj1/kɯai1	
偕	qaj1/kɯai1	
䕸	qaj1/kɯai1	
䕸	ʁat4/ɦɯat4	
稭	qaj1/kɯai1	
稭	qat4/kɯat4	
喈	qaj1/kɯai1	
階	qaj1/kɯai1	
𦝨	qaj1/kɯai1	
𦝨	qʰaj2/kʰɯai2	
薢	qaj1/kɯai1	
薢	qaj2/kɯai2	
薢	qaj3/kɯai3	
荄	qaj1/kɯai1	
荄	qɑj1/kɑi1	
痎	qaj1/kɯai1	
堦	qaj1/kɯai1	
楷	qaj1/kɯai1	
楷	qʰaj2/kʰɯai2	
鶛	qaj1/kɯai1	
湝	qaj1/kɯai1	
湝	ʁaj1/ɦɯai1	
𤭧	qaj1/kɯai1	
𩘅	qaj1/kɯai1	
蝔	qaj1/kɯai1	
蝔	ʁaj1/ɦɯai1	
鍇	qaj1/kɯai1	
鍇	qʰaj2/kʰɯai2	
𢰇	ʔaj1/ʔɯai1	
諧	ʁaj1/ɦɯai1	
𩤠	ʁaj1/ɦɯai1	
骸	ʁaj1/ɦɯai1	
瑎	ʁaj1/ɦɯai1	
龤	ʁaj1/ɦɯai1	
䓳	ʁaj1/ɦɯai1	
䓳	ʁɨn3/ɦən3	
排	baj1/buai1	
俳	baj1/buai1	
輫	baj1/buai1	
輫	bɑj1/buoi1	
猈	baj1/buai1	
猈	baj3/buai3	
𩑢	baj1/buai1	
𩑢	bɑj1/buoi1	
乖	qwaj1/kuai1	
𦮃	qwaj1/kuai1	
𠦬	qwaj1/kuai1	
㾩	qwaj1/kuai1	
懷	ʁwaj1/ɦuai1	
褱	ʁwaj1/ɦuai1	
櫰	ʁwaj1/ɦuai1	
櫰	qwɑj1/kuoi1	
槐	ʁwaj1/ɦuai1	
槐	ʁwɑj1/ɦuoi1	
㜳	ʁwaj1/ɦuai1	
𪊉	ʁwaj1/ɦuai1	
㠢	ʁwaj1/ɦuai1	
𤜄	ʁwaj1/ɦuai1	
淮	ʁwaj1/ɦuai1	
褢	ʁwaj1/ɦuai1	
𧞷	ʁwaj1/ɦuai1	
瀤	ʁwaj1/ɦuai1	
匯	qʰwaj1/kʰuai1	
匯	ʁwɑj3/ɦuoi3	
㨤	qʰwaj1/kʰuai1	
㔞	qʰwaj1/kʰuai1	
豺	dʐaj1/dʐɯai1	
儕	dʐaj1/dʐɯai1	
𡺵	dʐaj1/dʐɯai1	
䞗	tʂʰaj1/tʂʰɯai1	
䞗	tsʰɑj1/tsʰɑi1	
虺	χwaj1/huai1	
虺	χwɑj1/huoi1	
虺	xˠwi2/hɨui2	
尵	ɖwaj1/ɖuai1	
尵	dwɑj1/duoi1	
𩓬	ɖwaj1/ɖuai1	
埋	maj1/muai1	
薶	maj1/muai1	
霾	maj1/muai1	
㦟	maj1/muai1	
齋	tʂaj1/tʂɯai1	
崴	ʔwaj1/ʔuai1	
碨	ʔwaj1/ʔuai1	
碨	ʔwɑj2/ʔuoi2	
䴜	ʔwaj1/ʔuai1	
溾	ʔwaj1/ʔuai1	
溾	ʁwɑj3/ɦuoi3	
𪘨	ʈaj1/ʈɯai1	
榸	ʈaj1/ʈɯai1	
唻	lɑj1/lɑi1	
唻	lɑj2/lɑi2	
揩	qʰaj1/kʰɯai1	
揩	qʰaj3/kʰɯai3	
𦂄	qʰaj1/kʰɯai1	
𢔡	qʰaj1/kʰɯai1	
𥻄	qʰaj1/kʰɯai1	
搱	ɳaj1/ɳɯai1	
𥳧	ʂaj1/ʂɯai1	
娾	ɴaj1/ŋɯai1	
娾	ɴaj2/ŋɯai2	
搋	ʈʰa1/ʈʰɯa1	
搋	ʈʰaj1/ʈʰɯai1	老
䐯	lwaj1/ɭuai1	
膗	dʐwaj1/dʐuai1	
𢶀	dʐwaj1/dʐuai1	
灰	χwɑj1/huoi1	
䖶	χwɑj1/huoi1	
鼿	χwɑj1/huoi1	
鼿	ɴwɨt4/ŋut4	
豗	χwɑj1/huoi1	
㾯	χwɑj1/huoi1	
恢	qʰwɑj1/kʰuoi1	
詼	qʰwɑj1/kʰuoi1	
悝	qʰwɑj1/kʰuoi1	
悝	lˠi2/ɭi2	
魁	qʰwɑj1/kʰuoi1	
䈛	qʰwɑj1/kʰuoi1	
䈛	qʰwaj3/kʰuai3	
䈛	qwaj3/kuai3	
㷇	qʰwɑj1/kʰuoi1	
顝	qʰwɑj1/kʰuoi1	
顝	qʰwɑj2/kʰuoi2	
顝	qʰwɨt4/kʰut4	
盔	qʰwɑj1/kʰuoi1	
隈	ʔwɑj1/ʔuoi1	
隈	ʔwɑj3/ʔuoi3	
煨	ʔwɑj1/ʔuoi1	
䋿	ʔwɑj1/ʔuoi1	
渨	ʔwɑj1/ʔuoi1	
椳	ʔwɑj1/ʔuoi1	
偎	ʔwɑj1/ʔuoi1	
揋	ʔwɑj1/ʔuoi1	
𧤖	ʔwɑj1/ʔuoi1	
葨	ʔwɑj1/ʔuoi1	
鰃	ʔwɑj1/ʔuoi1	
回	ʁwɑj1/ɦuoi1	
洄	ʁwɑj1/ɦuoi1	
迴	ʁwɑj1/ɦuoi1	
迴	ʁwɑj3/ɦuoi3	
徊	ʁwɑj1/ɦuoi1	
瑰	ʁwɑj1/ɦuoi1	
瑰	qwɑj1/kuoi1	
蚘	ʁwɑj1/ɦuoi1	
蛕	ʁwɑj1/ɦuoi1	
蛕	χwɑj2/huoi2	
佪	ʁwɑj1/ɦuoi1	
烠	ʁwɑj1/ɦuoi1	
𤜡	ʁwɑj1/ɦuoi1	
𩢱	ʁwɑj1/ɦuoi1	
茴	ʁwɑj1/ɦuoi1	
枚	mɑj1/muoi1	
梅	mɑj1/muoi1	
媒	mɑj1/muoi1	
玟	mɑj1/muoi1	
煤	mɑj1/muoi1	
脢	mɑj1/muoi1	
脢	mɑj3/muoi3	
脄	mɑj1/muoi1	
脄	mɑj3/muoi3	
腜	mɑj1/muoi1	
禖	mɑj1/muoi1	
䍙	mɑj1/muoi1	
䍙	ɱu2/mvu2	
䍙	mɑj3/muoi3	
莓	mɑj1/muoi1	
莓	mɑj3/muoi3	
莓	mɨw3/mvuəu3	
塺	mɑj1/muoi1	
塺	mɑ3/muɔ3	
鋂	mɑj1/muoi1	
䊈	mɑj1/muoi1	
䤂	mɑj1/muoi1	
傀	qwɑj1/kuoi1	
傀	qʰwɑj2/kʰuoi2	
𤪿	qwɑj1/kuoi1	
𠐤	qwɑj1/kuoi1	
瓌	qwɑj1/kuoi1	
鞼	qwɑj1/kuoi1	
鞼	ɡˠwi3/ɡɨui3	
膭	qwɑj1/kuoi1	
膭	ʁwɑj3/ɦuoi3	
䐩	qwɑj1/kuoi1	
䐩	qɑj1/kɑi1	
䐩	qʰɑj2/kʰɑi2	
䕇	qwɑj1/kuoi1	
䕇	ʁwɑj3/ɦuoi3	
雷	lwɑj1/luoi1	
𩂩	lwɑj1/luoi1	
儡	lwɑj1/luoi1	
儡	lwɑj2/luoi2	
㔣	lwɑj1/luoi1	
㔣	lwɑj3/luoi3	
櫑	lwɑj1/luoi1	
櫑	lwɑj2/luoi2	
罍	lwɑj1/luoi1	
鑘	lwɑj1/luoi1	
鑘	lwɑj2/luoi2	
𦌵	lwɑj1/luoi1	
鐳	lwɑj1/luoi1	
𤮚	lwɑj1/luoi1	
畾	lwɑj1/luoi1	
轠	lwɑj1/luoi1	
轠	lˠwi2/ɭyi̯2	
穨	dwɑj1/duoi1	
頹	dwɑj1/duoi1	
㿉	dwɑj1/duoi1	
隤	dwɑj1/duoi1	
墤	dwɑj1/duoi1	
墤	qʰwaj3/kʰuai3	
㢈	dwɑj1/duoi1	
魋	dwɑj1/duoi1	
蘈	dwɑj1/duoi1	
𧮓	dwɑj1/duoi1	
𧝋	dwɑj1/duoi1	
蹪	dwɑj1/duoi1	
𤗴	dwɑj1/duoi1	
崔	tsʰwɑj1/tsʰuoi1	
崔	dzwɑj1/dzuoi1	
催	tsʰwɑj1/tsʰuoi1	
縗	tsʰwɑj1/tsʰuoi1	
𨻵	tsʰwɑj1/tsʰuoi1	
𢕘	tsʰwɑj1/tsʰuoi1	
𧽠	tsʰwɑj1/tsʰuoi1	
磓	twɑj1/tuoi1	
塠	twɑj1/tuoi1	
頧	twɑj1/tuoi1	
頧	twɑj2/tuoi2	
䭔	twɑj1/tuoi1	
堆	twɑj1/tuoi1	
鴭	twɑj1/tuoi1	
𢈹	twɑj1/tuoi1	
搥	twɑj1/tuoi1	
䜃	twɑj1/tuoi1	
嵟	twɑj1/tuoi1	
𩈜	twɑj1/tuoi1	
𠂤	twɑj1/tuoi1	
敦	twɑj1/tuoi1	
敦	twɨn1/tun1	
敦	dwɑn1/duon1	
敦	twɨn3/tun3	
𡏩	twɑj1/tuoi1	
𤗯	swɑj1/suoi1	
挼	swɑj1/suoi1	
毸	swɑj1/suoi1	
嗺	swɑj1/suoi1	
嗺	tswɑj1/tsuoi1	
蓑	swɑj1/suoi1	
蓑	swɑ1/suɔ1	
摧	dzwɑj1/dzuoi1	
慛	dzwɑj1/dzuoi1	
槯	dzwɑj1/dzuoi1	
徘	bɑj1/buoi1	
培	bɑj1/buoi1	
培	bɨw3/buəu3	
陪	bɑj1/buoi1	
𨛬	bɑj1/buoi1	
䣙	bɑj1/buoi1	
䣙	pʰɨŋ2/pʰuəŋ2	
婄	bɑj1/buoi1	
婄	bɨw3/buəu3	
婄	pʰɨw2/pʰuəu2	
棓	bɑj1/buoi1	
棓	vɨw1/bvuəu1	
棓	bawŋ3/buaŋ3	
毰	bɑj1/buoi1	
𤗏	bɑj1/buoi1	
桮	pɑj1/puoi1	
杯	pɑj1/puoi1	
盃	pɑj1/puoi1	
肧	pʰɑj1/pʰuoi1	
肧	fʰɨw1/pfʰuəu1	
坯	pʰɑj1/pʰuoi1	
㾦	pʰɑj1/pʰuoi1	
醅	pʰɑj1/pʰuoi1	
醅	fʰɨw1/pfʰuəu1	
衃	pʰɑj1/pʰuoi1	
衃	fʰɨw1/pfʰuəu1	
𩵣	pʰɑj1/pʰuoi1	
𤬃	pʰɑj1/pʰuoi1	
抔	pʰɑj1/pʰuoi1	
抔	bɨw1/buəu1	
鮠	ɴwɑj1/ŋuoi1	
桅	ɴwɑj1/ŋuoi1	
桅	kˠwi2/kɨui2	
嵬	ɴwɑj1/ŋuoi1	
嵬	ɴwɑj2/ŋuoi2	
磑	ɴwɑj1/ŋuoi1	
磑	ɴwɑj3/ŋuoi3	
峞	ɴwɑj1/ŋuoi1	
峞	ɴwɑj2/ŋuoi2	
𨌴	tʰwɑj1/tʰuoi1	
𨋱	tʰwɑj1/tʰuoi1	
㷟	tʰwɑj1/tʰuoi1	
藬	tʰwɑj1/tʰuoi1	
㞜	tʰwɑj1/tʰuoi1	
𢆃	nwɑj1/nuoi1	
𢆃	nɑn3/nɑn3	
𨡌	nwɑj1/nuoi1	
脧	tswɑj1/tsuoi1	
脧	tsʲwɛn1/tsyen1	
䘒	tswɑj1/tsuoi1	
𡱥	tswɑj1/tsuoi1	
咍	χɑj1/hɑi1	
㾂	χɑj1/hɑi1	
𨸜	χɑj1/hɑi1	
開	qʰɑj1/kʰɑi1	
㱾	qʰɑj1/kʰɑi1	
侅	qʰɑj1/kʰɑi1	
侅	qɑj1/kɑi1	
侅	ʁaj3/ɦɯai3	
侅	ʁɑj3/ɦɑi3	
奒	qʰɑj1/kʰɑi1	
㚊	qʰɑj1/kʰɑi1	
哀	ʔɑj1/ʔɑi1	
埃	ʔɑj1/ʔɑi1	
唉	ʔɑj1/ʔɑi1	
唉	ʔaj2/ʔɯai2	
欸	ʔɑj1/ʔɑi1	
欸	ʔɑj2/ʔɑi2	
欸	χaj3/hɯai3	
毐	ʔɑj1/ʔɑi1	
毐	ʔɑj2/ʔɑi2	
臺	dɑj1/dɑi1	
擡	dɑj1/dɑi1	
苔	dɑj1/dɑi1	
炱	dɑj1/dɑi1	
嬯	dɑj1/dɑi1	
薹	dɑj1/dɑi1	
䈚	dɑj1/dɑi1	
䈚	si2/si2	
䈚	dɑj3/dɑi3	
儓	dɑj1/dɑi1	
儓	tʰɑj3/tʰɑi3	
檯	dɑj1/dɑi1	
駘	dɑj1/dɑi1	
駘	dɑj3/dɑi3	
𪒴	dɑj1/dɑi1	
𪒴	tɑj1/tɑi1	
籉	dɑj1/dɑi1	
跆	dɑj1/dɑi1	
𩿡	dɑj1/dɑi1	
該	qɑj1/kɑi1	
豥	qɑj1/kɑi1	
豥	ʁɑj1/ɦɑi1	
垓	qɑj1/kɑi1	
郂	qɑj1/kɑi1	
㱯	qɑj1/kɑi1	
㱯	ɴɑj1/ŋɑi1	
剴	qɑj1/kɑi1	
剴	ɴɑj1/ŋɑi1	
陔	qɑj1/kɑi1	
姟	qɑj1/kɑi1	
絯	qɑj1/kɑi1	
絯	ʁaj3/ɦɯai3	
晐	qɑj1/kɑi1	
峐	qɑj1/kɑi1	
祴	qɑj1/kɑi1	
賅	qɑj1/kɑi1	
㨟	qɑj1/kɑi1	
㨟	ʁɑj1/ɦɑi1	
胲	qɑj1/kɑi1	
䬵	qɑj1/kɑi1	
䬵	ʔaj3/ʔɯai3	
䶣	qɑj1/kɑi1	
裁	dzɑj1/dzɑi1	
裁	dzɑj3/dzɑi3	
纔	dzɑj1/dzɑi1	
纔	ʂam1/ʂɯam1	
纔	dzɑj3/dzɑi3	
財	dzɑj1/dzɑi1	
才	dzɑj1/dzɑi1	
材	dzɑj1/dzɑi1	
䴭	dzɑj1/dzɑi1	
溨	dzɑj1/dzɑi1	
𦬁	dzɑj1/dzɑi1	
來	lɑj1/lɑi1	
萊	lɑj1/lɑi1	
萊	lɑj3/lɑi3	
郲	lɑj1/lɑi1	
郲	lwɑj2/luoi2	
騋	lɑj1/lɑi1	
崍	lɑj1/lɑi1	
𤦃	lɑj1/lɑi1	
𧳟	lɑj1/lɑi1	
猍	lɑj1/lɑi1	
淶	lɑj1/lɑi1	
鯠	lɑj1/lɑi1	
鶆	lɑj1/lɑi1	
䅘	lɑj1/lɑi1	
䋱	lɑj1/lɑi1	
庲	lɑj1/lɑi1	
㾢	lɑj1/lɑi1	
㾢	lɑj3/lɑi3	
棶	lɑj1/lɑi1	
逨	lɑj1/lɑi1	
逨	lɑj3/lɑi3	
𪎂	lɑj1/lɑi1	
麳	lɑj1/lɑi1	
𤲓	lɑj1/lɑi1	
𪑚	lɑj1/lɑi1	
徠	lɑj1/lɑi1	
徠	lɑj3/lɑi3	
烖	tsɑj1/tsɑi1	
灾	tsɑj1/tsɑi1	
災	tsɑj1/tsɑi1	
𤆎	tsɑj1/tsɑi1	
栽	tsɑj1/tsɑi1	
栽	dzɑj3/dzɑi3	
哉	tsɑj1/tsɑi1	
𡿧	tsɑj1/tsɑi1	
𢦏	tsɑj1/tsɑi1	
𦳦	tsɑj1/tsɑi1	
渽	tsɑj1/tsɑi1	
睵	tsɑj1/tsɑi1	
睵	tsʰɑj1/tsʰɑi1	
猜	tsʰɑj1/tsʰɑi1	
㯁	bɑj1/buoi1	
胎	tʰɑj1/tʰɑi1	
孡	tʰɑj1/tʰɑi1	
鮐	tʰɑj1/tʰɑi1	
邰	tʰɑj1/tʰɑi1	
𧉟	tʰɑj1/tʰɑi1	
𩬠	tʰɑj1/tʰɑi1	
孩	ʁɑj1/ɦɑi1	
咳	ʁɑj1/ɦɑi1	
頦	ʁɑj1/ɦɑi1	
頦	qɑj2/kɑi2	
𧻲	ʁɑj1/ɦɑi1	
䠽	ʁɑj1/ɦɑi1	
䱺	ʁɑj1/ɦɑi1	
鰓	sɑj1/sɑi1	
揌	sɑj1/sɑi1	
䚡	sɑj1/sɑi1	
顋	sɑj1/sɑi1	
愢	sɑj1/sɑi1	
𪃄	sɑj1/sɑi1	
毢	sɑj1/sɑi1	
皚	ɴɑj1/ŋɑi1	
嵦	ɴɑj1/ŋɑi1	
敳	ɴɑj1/ŋɑi1	
隑	ɴɑj1/ŋɑi1	
獃	ɴɑj1/ŋɑi1	
能	nɑj1/nɑi1	
能	nɨŋ1/nəŋ1	
能	nɨŋ2/nəŋ2	
能	nɑj3/nɑi3	
㾍	nɑj1/nɑi1	
懛	tɑj1/tɑi1	
㹗	tɕʰɨw1/tʃʰiu̯1	
㹗	tʰɑw1/tʰɑu1	
𡜊	fʰɨw1/pfʰuəu1	
𡜊	fɨw2/pfuəu2	
真	tɕin1/tʃin1	
甄	tɕin1/tʃin1	
甄	kʲɛn1/kien1	
振	tɕin1/tʃin1	
振	tɕin3/tʃin3	
禛	tɕin1/tʃin1	
稹	tɕin1/tʃin1	
稹	tɕin2/tʃin2	
磌	tɕin1/tʃin1	
磌	dʲɛn1/dien1	
畛	tɕin1/tʃin1	
畛	tɕin2/tʃin2	
籈	tɕin1/tʃin1	
籈	kʲɛn1/kien1	
侲	tɕin1/tʃin1	
侲	tɕin3/tʃin3	
桭	tɕin1/tʃin1	
桭	ʑin1/dʒin1	
蒖	tɕin1/tʃin1	
唇	tɕin1/tʃin1	
㖘	tɕin1/tʃin1	
帪	tɕin1/tʃin1	
薽	tɕin1/tʃin1	
薽	kʲɛn1/kien1	
㲀	tɕin1/tʃin1	
㲀	dʐin1/dʐʅᵊn1	
𤣆	ʈˠʰin1/ʈʰin1	
𤣆	ɖan1/ɖɯan1	
𤣆	lˠɛn1/ɭien1	
胂	ʈˠʰin1/ʈʰin1	
胂	ɕin1/ʃin1	
縝	ʈˠʰin1/ʈʰin1	
縝	tɕʰin1/tʃʰin1	
縝	tɕin2/tʃin2	
因	ʔʲin1/ʔin1	
茵	ʔʲin1/ʔin1	
鞇	ʔʲin1/ʔin1	
禋	ʔʲin1/ʔin1	
𥛛	ʔʲin1/ʔin1	
闉	ʔʲin1/ʔin1	
駰	ʔʲin1/ʔin1	
駰	ʔˠin1/ʔɨn1	
湮	ʔʲin1/ʔin1	
湮	ʔʲɛn1/ʔien1	
烟	ʔʲin1/ʔin1	
烟	ʔʲɛn1/ʔien1	
氤	ʔʲin1/ʔin1	
絪	ʔʲin1/ʔin1	
垔	ʔʲin1/ʔin1	
陻	ʔʲin1/ʔin1	
㘻	ʔʲin1/ʔin1	
堙	ʔʲin1/ʔin1	
洇	ʔʲin1/ʔin1	
姻	ʔʲin1/ʔin1	
婣	ʔʲin1/ʔin1	
諲	ʔʲin1/ʔin1	
裀	ʔʲin1/ʔin1	
歅	ʔʲin1/ʔin1	
㧢	ʔʲin1/ʔin1	
新	sʲin1/sin1	
辛	sʲin1/sin1	
薪	sʲin1/sin1	
辰	ʑin1/dʒin1	
晨	ʑin1/dʒin1	
䢅	ʑin1/dʒin1	
敐	ʑin1/dʒin1	
敐	tɕin2/tʃin2	
宸	ʑin1/dʒin1	
鷐	ʑin1/dʒin1	
麎	ʑin1/dʒin1	
茞	ʑin1/dʒin1	
屒	ʑin1/dʒin1	
屒	ʈˠin2/ʈin2	
臣	ʑin1/dʒin1	
䢻	ʑin1/dʒin1	
䢻	tɕin3/tʃin3	
䣅	ʑin1/dʒin1	
仁	ɲin1/ɲʒin1	
朲	ɲin1/ɲʒin1	
人	ɲin1/ɲʒin1	
神	ʑin1/dʒin1	
親	tsʲʰin1/tsʰin1	
親	tsʲʰin3/tsʰin3	
寴	tsʲʰin1/tsʰin1	
寴	tsʲʰin3/tsʰin3	
𡪔	tsʲʰin1/tsʰin1	
礥	ɣʲɛn3/ɦien3	
礥	ɣʲɛn1/ɦien1	
𧥺	ɣʲɛn3/ɦien3	
𧥺	kʲwin3/kyn3	
㘋	ɣʲɛn3/ɦien3	
㘋	ɣʲɛn1/ɦien1	
申	ɕin1/ʃin1	
伸	ɕin1/ʃin1	
紳	ɕin1/ʃin1	
娠	ɕin1/ʃin1	
娠	tɕin3/tʃin3	
呻	ɕin1/ʃin1	
𣢘	ɕin1/ʃin1	
𠲳	ɕin1/ʃin1	
眒	ɕin1/ʃin1	
眒	ɕin3/ʃin3	
㑗	ɕin1/ʃin1	
𩉼	ɕin1/ʃin1	
𠭙	ɕin1/ʃin1	
身	ɕin1/ʃin1	
柛	ɕin1/ʃin1	
䰠	ɕin1/ʃin1	
訷	ɕin1/ʃin1	
賓	pʲin1/pin1	
𧶉	pʲin1/pin1	
濱	pʲin1/pin1	
檳	pʲin1/pin1	
䚔	pʲin1/pin1	
䚔	pʲin3/pin3	
䚔	pʲʰin3/pʰin3	
顮	pʲin1/pin1	
儐	pʲin1/pin1	
儐	pʲin3/pin3	
鑌	pʲin1/pin1	
矉	pʲin1/pin1	
𩴱	pʲin1/pin1	
𩴱	pʲʰin1/pʰin1	
𩴱	bʲin1/bin1	
㷠	lˠin1/ɭin1	
燐	lˠin1/ɭin1	
燐	lˠin3/ɭin3	
鄰	lˠin1/ɭin1	
轔	lˠin1/ɭin1	
轔	lˠin3/ɭin3	
嶙	lˠin1/ɭin1	
嶙	lˠin2/ɭin2	
粼	lˠin1/ɭin1	
粼	lˠin3/ɭin3	
磷	lˠin1/ɭin1	
磷	lˠin3/ɭin3	
疄	lˠin1/ɭin1	
疄	lˠin3/ɭin3	
麟	lˠin1/ɭin1	
麐	lˠin1/ɭin1	
麐	lˠin3/ɭin3	
鱗	lˠin1/ɭin1	
璘	lˠin1/ɭin1	
駗	lˠin1/ɭin1	
駗	tɕin2/tʃin2	
翷	lˠin1/ɭin1	
𧲂	lˠin1/ɭin1	
瞵	lˠin1/ɭin1	
瞵	lˠin3/ɭin3	
獜	lˠin1/ɭin1	
獜	lʲɛŋ1/lieŋ1	
驎	lˠin1/ɭin1	
壣	lˠin1/ɭin1	
𩻜	lˠin1/ɭin1	
鏻	lˠin1/ɭin1	
鏻	lʲɛŋ1/lieŋ1	
鏻	lˠin3/ɭin3	
繗	lˠin1/ɭin1	
潾	lˠin1/ɭin1	
潾	lan1/ɭɯan1	
𥎊	ɡˠin1/ɡɨn1	
㨷	ɡˠin1/ɡɨn1	
㨷	kˠin3/kɨn3	
堇	ɡˠin1/ɡɨn1	
堇	kˠin2/kɨn2	
墐	ɡˠin1/ɡɨn1	
墐	ɡˠin3/ɡɨn3	
魿	ɡˠin1/ɡɨn1	
魿	lʲɛŋ1/lieŋ1	
珍	ʈˠin1/ʈin1	
鎮	ʈˠin1/ʈin1	
鎮	ʈˠin3/ʈin3	
填	ʈˠin1/ʈin1	
填	dʲɛn1/dien1	
填	ʈˠin3/ʈin3	
填	dʲɛn3/dien3	
陳	ɖˠin1/ɖin1	
陳	ɖˠin3/ɖin3	
敶	ɖˠin1/ɖin1	
敶	ɖˠin3/ɖin3	
趁	ɖˠin1/ɖin1	
趁	ɳˠɛn2/ɳien2	
趁	ʈˠʰin3/ʈʰin3	
塵	ɖˠin1/ɖin1	
津	tsʲin1/tsin1	
𦪉	tsʲin1/tsin1	
璡	tsʲin1/tsin1	
璡	tsʲin3/tsin3	
濜	tsʲin1/tsin1	
濜	dzʲin3/dzin3	
濜	dʐin3/dʐʅᵊn3	
𦘔	tsʲin1/tsin1	
瞋	tɕʰin1/tʃʰin1	
嗔	tɕʰin1/tʃʰin1	
嗔	dʲɛn1/dien1	
謓	tɕʰin1/tʃʰin1	
䐜	tɕʰin1/tʃʰin1	
𣞟	tɕʰin1/tʃʰin1	
𣞟	tɕin2/tʃin2	
秦	dzʲin1/dzin1	
螓	dzʲin1/dzin1	
𤚩	dzʲin1/dzin1	
夤	jin1/jin1	
𦟘	jin1/jin1	
螾	jin1/jin1	
螾	jin2/jin2	
𡐔	jin1/jin1	
紉	ɳˠin1/ɳin1	
繽	pʲʰin1/pʰin1	
䎙	pʲʰin1/pʰin1	
𢣐	pʲʰin1/pʰin1	
𩰝	pʲʰin1/pʰin1	
頻	bʲin1/bin1	
蘋	bʲin1/bin1	
薲	bʲin1/bin1	
嬪	bʲin1/bin1	
㰋	bʲin1/bin1	
玭	bʲin1/bin1	
玭	bʲɛn1/bien1	
蠙	bʲin1/bin1	
蠙	bʲɛn1/bien1	
獱	bʲin1/bin1	
顰	bʲin1/bin1	
𧭹	bʲin1/bin1	
嚬	bʲin1/bin1	
𦇖	bʲin1/bin1	
𡤉	bʲin1/bin1	
銀	ŋˠin1/ŋɨn1	
㹞	ŋˠin1/ŋɨn1	
狺	ŋˠin1/ŋɨn1	
䖜	ŋˠin1/ŋɨn1	
檭	ŋˠin1/ŋɨn1	
鄞	ŋˠin1/ŋɨn1	
圁	ŋˠin1/ŋɨn1	
誾	ŋˠin1/ŋɨn1	
訔	ŋˠin1/ŋɨn1	
嚚	ŋˠin1/ŋɨn1	
䓄	ŋˠin1/ŋɨn1	
珢	ŋˠin1/ŋɨn1	
珢	qɨn1/kən1	
珢	qɨn3/kən3	
䴦	ŋˠin1/ŋɨn1	
垠	ŋˠin1/ŋɨn1	
垠	ɴɨn1/ŋən1	
𪛊	ŋˠin1/ŋɨn1	
泿	ŋˠin1/ŋɨn1	
泿	ɴɨn1/ŋən1	
巾	kˠin1/kɨn1	
麏	kˠun1/kɨun1	
麇	kˠun1/kɨun1	
麕	kˠun1/kɨun1	
頵	kˠun1/kɨun1	
頵	ʔˠun1/ʔɨun1	
莙	kˠun1/kɨun1	
莙	ɡˠun3/ɡɨun3	
汮	kˠun1/kɨun1	
汮	kʲwin1/kyn1	
筠	ɰun1/ɨun1	
囩	ɰun1/ɨun1	
縜	ɰun1/ɨun1	
荺	ɰun1/ɨun1	
荺	ɰun2/ɨun2	
囷	kˠʰun1/kʰɨun1	
箘	kˠʰun1/kʰɨun1	
箘	ɡˠun3/ɡɨun3	
箟	kˠʰun1/kʰɨun1	
輑	kˠʰun1/kʰɨun1	
蜠	kˠʰun1/kʰɨun1	
蜠	ɡˠun3/ɡɨun3	
峮	kˠʰun1/kʰɨun1	
𡈋	kˠʰun1/kʰɨun1	
𡈋	qʰwɨn2/kʰun2	
珉	mˠin1/mɨn1	
岷	mˠin1/mɨn1	
罠	mˠin1/mɨn1	
閩	mˠin1/mɨn1	
閩	ɱun1/mvun1	
緍	mˠin1/mɨn1	
䪸	mˠin1/mɨn1	
笢	mˠin1/mɨn1	
笢	mʲin2/min2	
旻	mˠin1/mɨn1	
旼	mˠin1/mɨn1	
痻	mˠin1/mɨn1	
闅	mˠin1/mɨn1	
闅	mʲin1/min1	
闅	ɱun1/mvun1	
汶	mˠin1/mɨn1	
汶	ɱun1/mvun1	
汶	ɱun3/mvun3	
捪	mˠin1/mɨn1	
忞	mˠin1/mɨn1	
盿	mˠin1/mɨn1	
睧	mˠin1/mɨn1	
睧	mʲin1/min1	
錉	mˠin1/mɨn1	
𪂆	mˠin1/mɨn1	
鈱	mˠin1/mɨn1	
貧	bˠin1/bɨn1	
𡧋	bˠin1/bɨn1	
𪔗	ʔˠin1/ʔɨn1	
鼘	ʔˠin1/ʔɨn1	
鼘	ʔʲwɛn1/ʔyen1	
贇	ʔˠun1/ʔɨun1	
奫	ʔˠun1/ʔɨun1	
蝹	ʔˠun1/ʔɨun1	
蝹	ʔɑw2/ʔɑu2	
彬	pˠin1/pɨn1	
斌	pˠin1/pɨn1	
份	pˠin1/pɨn1	
玢	pˠin1/pɨn1	
豳	pˠin1/pɨn1	
邠	pˠin1/pɨn1	
汃	pˠin1/pɨn1	
汃	pʰat4/pʰuat4	
霦	pˠin1/pɨn1	
㻞	pˠin1/pɨn1	
攽	pˠin1/pɨn1	
虨	pˠin1/pɨn1	
虨	pˠʰin1/pʰɨn1	
虨	pan1/puan1	
砏	pˠin1/pɨn1	
砏	pˠʰin1/pʰɨn1	
砏	fʰun1/pfʰun1	
民	mʲin1/min1	
泯	mʲin1/min1	
泯	mʲin2/min2	
怋	mʲin1/min1	
怋	mɨn1/mun1	
諄	tɕwin1/tʃyn1	
諄	tɕwin3/tʃyn3	
惇	tɕwin1/tʃyn1	
惇	twɨn1/tun1	
𥇜	tɕwin1/tʃyn1	
𥇜	tɕwin3/tʃyn3	
肫	tɕwin1/tʃyn1	
訰	tɕwin1/tʃyn1	
訰	tɕwin3/tʃyn3	
椿	ʈˠʰwin1/ʈʰyn1	
楯	ʈˠʰwin1/ʈʰyn1	
楯	zʲwin1/zyn1	
楯	ʑwin3/ʒyn3	
輴	ʈˠʰwin1/ʈʰyn1	
䡅	ʈˠʰwin1/ʈʰyn1	
鶞	ʈˠʰwin1/ʈʰyn1	
杶	ʈˠʰwin1/ʈʰyn1	
櫄	ʈˠʰwin1/ʈʰyn1	
瑃	ʈˠʰwin1/ʈʰyn1	
䣩	ɖˠwin1/ɖyn1	
䣩	ʑwin1/dʒyn1	
㡒	ɖˠwin1/ɖyn1	
㡒	ʈˠwin1/ʈyn1	
㡒	dwɨn3/dun3	
荀	sʲwin1/syn1	
郇	sʲwin1/syn1	
郇	ʁwan1/ɦuan1	
詢	sʲwin1/syn1	
眴	sʲwin1/syn1	
眴	ɲwin1/ɲʒyn1	
眴	ɕwin3/ʃyn3	
眴	xʲwɛn3/hyen3	
眴	ɣʲwɛn3/ɦyen3	
峋	sʲwin1/syn1	
珣	sʲwin1/syn1	
𣖼	sʲwin1/syn1	
洵	sʲwin1/syn1	
洵	zʲwin1/zyn1	
恂	sʲwin1/syn1	
畇	sʲwin1/syn1	
畇	jwin1/jyn1	
畇	zʲwin1/zyn1	
畇	dʲɛn1/dien1	
檈	sʲwin1/syn1	
檈	zʲwɛn1/zyen1	
槆	sʲwin1/syn1	
姰	sʲwin1/syn1	
姰	ɣʲwɛn3/ɦyen3	
㰬	sʲwin1/syn1	
純	ʑwin1/dʒyn1	
純	tɕwin2/tʃyn2	
蓴	ʑwin1/dʒyn1	
蒓	ʑwin1/dʒyn1	
醇	ʑwin1/dʒyn1	
鶉	ʑwin1/dʒyn1	
𦎫	ʑwin1/dʒyn1	
陙	ʑwin1/dʒyn1	
𢗋	ʑwin1/dʒyn1	
𢗋	ɡʲwɛŋ1/ɡyeŋ1	
錞	ʑwin1/dʒyn1	
錞	dwɑj3/duoi3	
淳	ʑwin1/dʒyn1	
𡗥	ʑwin1/dʒyn1	
焞	ʑwin1/dʒyn1	
犉	ɲwin1/ɲʒyn1	
𩀋	ɲwin1/ɲʒyn1	
瞤	ɲwin1/ɲʒyn1	
脣	ʑwin1/dʒyn1	
漘	ʑwin1/dʒyn1	
䔚	ʑwin1/dʒyn1	
㸪	ʑwin1/dʒyn1	
㸪	zʲwin1/zyn1	
紃	ʑwin1/dʒyn1	
紃	zʲwin1/zyn1	
淪	lˠwin1/ɭyn1	
倫	lˠwin1/ɭyn1	
論	lˠwin1/ɭyn1	
論	lwɨn1/lun1	
論	lwɨn3/lun3	
䑳	lˠwin1/ɭyn1	
輪	lˠwin1/ɭyn1	
陯	lˠwin1/ɭyn1	
鯩	lˠwin1/ɭyn1	
蜦	lˠwin1/ɭyn1	
蜦	lʲɛj3/liei3	
棆	lˠwin1/ɭyn1	
綸	lˠwin1/ɭyn1	
綸	qwan1/kuan1	
惀	lˠwin1/ɭyn1	
惀	lwɨn2/lun2	
侖	lˠwin1/ɭyn1	
踚	lˠwin1/ɭyn1	
掄	lˠwin1/ɭyn1	
掄	lwɨn1/lun1	
䈁	lˠwin1/ɭyn1	
屯	ʈˠwin1/ʈyn1	
屯	dwɨn1/dun1	
窀	ʈˠwin1/ʈyn1	
窀	dwɨn1/dun1	
窀	ɖwan1/ɖuan1	
迍	ʈˠwin1/ʈyn1	
逡	tsʲʰwin1/tsʰyn1	
竣	tsʲʰwin1/tsʰyn1	
皴	tsʲʰwin1/tsʰyn1	
㕙	tsʲʰwin1/tsʰyn1	
㕙	tsʲwin3/tsyn3	
壿	tsʲʰwin1/tsʰyn1	
捘	tsʲʰwin1/tsʰyn1	
捘	tswɑj3/tsuoi3	
捘	tswɨn3/tsun3	
竴	tsʲʰwin1/tsʰyn1	
踆	tsʲʰwin1/tsʰyn1	
𠣟	tsʲʰwin1/tsʰyn1	
夋	tsʲʰwin1/tsʰyn1	
遵	tsʲwin1/tsyn1	
跧	tsʲwin1/tsyn1	
跧	tʂwan1/tʂuan1	
跧	tʂwɛn1/tʂʯen1	
僎	tsʲwin1/tsyn1	
僎	dʐwɛn3/dʐʯen3	
嶟	tsʲwin1/tsyn1	
嶟	tswɨn1/tsun1	
鷷	tsʲwin1/tsyn1	
鷷	dzʲwin1/dzyn1	
春	tɕʰwin1/tʃʰyn1	
勻	jwin1/jyn1	
旬	zʲwin1/zyn1	
𠣙	zʲwin1/zyn1	
巡	zʲwin1/zyn1	
馴	zʲwin1/zyn1	
循	zʲwin1/zyn1	
揗	zʲwin1/zyn1	
揗	ʑwin3/ʒyn3	
䋸	zʲwin1/zyn1	
𪀠	zʲwin1/zyn1	
灥	zʲwin1/zyn1	
灥	tɕʰwɛn1/tʃʰyen1	
㽦	zʲwin1/zyn1	
𧾩	zʲwin1/zyn1	
𧾩	zʲwɛn3/zyen3	
䖲	zʲwin1/zyn1	
均	kʲwin1/kyn1	
鈞	kʲwin1/kyn1	
袀	kʲwin1/kyn1	
𧼒	ɡʲin1/ɡin1	
𧼒	kʲʰin2/kʰin2	
𧼒	kʲʰin3/kʰin3	
臻	tʂin1/tʂʅᵊn1	
蓁	tʂin1/tʂʅᵊn1	
搸	tʂin1/tʂʅᵊn1	
溱	tʂin1/tʂʅᵊn1	
潧	tʂin1/tʂʅᵊn1	
𣓀	tʂin1/tʂʅᵊn1	
𣓀	tʂin2/tʂʅᵊn2	
榛	tʂin1/tʂʅᵊn1	
樼	tʂin1/tʂʅᵊn1	
瀙	tʂin1/tʂʅᵊn1	
瀙	tʂʰin3/tʂʰʅᵊn3	
瀙	tsʲʰin3/tsʰin3	
𨬖	tʂin1/tʂʅᵊn1	
𨬖	dʐan1/dʐɯan1	
𨬖	dʐɛn1/dʐʅen1	
轃	tʂin1/tʂʅᵊn1	
轃	tsʲɛn1/tsien1	
莘	ʂin1/ʂʅᵊn1	
㜪	ʂin1/ʂʅᵊn1	
扟	ʂin1/ʂʅᵊn1	
駪	ʂin1/ʂʅᵊn1	
籸	ʂin1/ʂʅᵊn1	
䯂	ʂin1/ʂʅᵊn1	
䯂	dʐip4/dʐʅᵊp4	
甡	ʂin1/ʂʅᵊn1	
兟	ʂin1/ʂʅᵊn1	
詵	ʂin1/ʂʅᵊn1	
侁	ʂin1/ʂʅᵊn1	
𩺵	ʂin1/ʂʅᵊn1	
屾	ʂin1/ʂʅᵊn1	
𨐔	ʂin1/ʂʅᵊn1	
燊	ʂin1/ʂʅᵊn1	
𦐹	ʂin1/ʂʅᵊn1	
𢓠	ʂin1/ʂʅᵊn1	
𣘘	ʂin1/ʂʅᵊn1	
阠	ʂin1/ʂʅᵊn1	
阠	sʲin3/sin3	
阠	ɕin3/ʃin3	
姺	ʂin1/ʂʅᵊn1	
姺	sʲɛn2/sien2	
㾕	ʂin1/ʂʅᵊn1	
㾕	swɨn2/sun2	
㾕	ʂim2/ʂʅᵊm2	
𦿒	dʐin1/dʐʅᵊn1	
帘	dʐin1/dʐʅᵊn1	
帘	lˠɛm1/ɭiem1	
文	ɱun1/mvun1	
聞	ɱun1/mvun1	
聞	ɱun3/mvun3	
𦖞	ɱun1/mvun1	
彣	ɱun1/mvun1	
紋	ɱun1/mvun1	
雯	ɱun1/mvun1	
馼	ɱun1/mvun1	
蟁	ɱun1/mvun1	
蚊	ɱun1/mvun1	
䘇	ɱun1/mvun1	
䰚	ɱun1/mvun1	
鳼	ɱun1/mvun1	
鼤	ɱun1/mvun1	
鼤	ɱun3/mvun3	
雲	ɰun1/ɨun1	
芸	ɰun1/ɨun1	
蕓	ɰun1/ɨun1	
𦔐	ɰun1/ɨun1	
𦓷	ɰun1/ɨun1	
耘	ɰun1/ɨun1	
鄖	ɰun1/ɨun1	
妘	ɰun1/ɨun1	
紜	ɰun1/ɨun1	
溳	ɰun1/ɨun1	
溳	ɰun2/ɨun2	
澐	ɰun1/ɨun1	
云	ɰun1/ɨun1	
篔	ɰun1/ɨun1	
䢵	ɰun1/ɨun1	
員	ɰun1/ɨun1	
員	ɰwɛn1/ʉon1	
員	ɰun3/ɨun3	
𪔅	ɰun1/ɨun1	
愪	ɰun1/ɨun1	
愪	ɰun2/ɨun2	
沄	ɰun1/ɨun1	
沄	ʁwɨn1/ɦun1	
𧶊	ɰun1/ɨun1	
𧶊	ɰun3/ɨun3	
耺	ɰun1/ɨun1	
橒	ɰun1/ɨun1	
䉙	ɰun1/ɨun1	
熅	ʔˠun1/ʔɨun1	
氳	ʔˠun1/ʔɨun1	
縕	ʔˠun1/ʔɨun1	
縕	ʔwɨn1/ʔun1	
縕	ʔˠun2/ʔɨun2	
縕	ʔˠun3/ʔɨun3	
馧	ʔˠun1/ʔɨun1	
馧	ʔwɨt4/ʔut4	
蒕	ʔˠun1/ʔɨun1	
𥠺	ʔˠun1/ʔɨun1	
䡝	ʔˠun1/ʔɨun1	
䡝	ʔˠwɛn1/ʔʉon1	
䡝	ʔˠun2/ʔɨun2	
蘊	ʔˠun1/ʔɨun1	
蘊	ʔˠun2/ʔɨun2	
㚃	ʔˠun1/ʔɨun1	
汾	vun1/bvun1	
墳	vun1/bvun1	
墳	vun3/bvun3	
氛	vun1/bvun1	
氛	fʰun1/pfʰun1	
𣱦	vun1/bvun1	
鼖	vun1/bvun1	
䩿	vun1/bvun1	
𪔵	vun1/bvun1	
濆	vun1/bvun1	
濆	pʰɨn1/pʰun1	
焚	vun1/bvun1	
燌	vun1/bvun1	
羒	vun1/bvun1	
豶	vun1/bvun1	
頒	vun1/bvun1	
頒	pan1/puan1	
羵	vun1/bvun1	
䴅	vun1/bvun1	
䴅	pɨn1/pun1	
枌	vun1/bvun1	
鳻	vun1/bvun1	
鳻	pan1/puan1	
蕡	vun1/bvun1	
萉	vun1/bvun1	
萉	vi3/bvi3	
橨	vun1/bvun1	
橨	vi3/bvi3	
棼	vun1/bvun1	
葐	vun1/bvun1	
葐	bɨn1/bun1	
魵	vun1/bvun1	
魵	vun3/bvun3	
魵	fʰun2/pfʰun2	
魵	fʰun3/pfʰun3	
𧮱	vun1/bvun1	
妢	vun1/bvun1	
棻	vun1/bvun1	
棻	fʰun1/pfʰun1	
梤	vun1/bvun1	
肦	vun1/bvun1	
肦	pan1/puan1	
䫶	vun1/bvun1	
鐼	vun1/bvun1	
鐼	xˠun3/hɨun3	
馩	vun1/bvun1	
馚	vun1/bvun1	
㞣	vun1/bvun1	
㞣	fʰun1/pfʰun1	
鼢	vun1/bvun1	
鼢	vun3/bvun3	
蚡	vun1/bvun1	
蚡	vun3/bvun3	
轒	vun1/bvun1	
轒	vun3/bvun3	
分	fun1/pfun1	
分	vun3/bvun3	
饙	fun1/pfun1	
餴	fun1/pfun1	
扮	fun1/pfun1	
扮	qat4/kɯat4	
扮	fun2/pfun2	
扮	vun3/bvun3	
扮	pan3/puan3	
𡊅	fun1/pfun1	
𡊅	fun3/pfun3	
𣯻	fun1/pfun1	
羣	ɡˠun1/ɡɨun1	
帬	ɡˠun1/ɡɨun1	
裠	ɡˠun1/ɡɨun1	
宭	ɡˠun1/ɡɨun1	
宭	kˠun1/kɨun1	
𤸷	ɡˠun1/ɡɨun1	
𤸷	ɴwan1/ŋuan1	
薰	xˠun1/hɨun1	
薰	xˠun3/hɨun3	
曛	xˠun1/hɨun1	
勳	xˠun1/hɨun1	
勛	xˠun1/hɨun1	
熏	xˠun1/hɨun1	
燻	xˠun1/hɨun1	
獯	xˠun1/hɨun1	
纁	xˠun1/hɨun1	
醺	xˠun1/hɨun1	
葷	xˠun1/hɨun1	
焄	xˠun1/hɨun1	
臐	xˠun1/hɨun1	
臐	xˠun3/hɨun3	
君	kˠun1/kɨun1	
軍	kˠun1/kɨun1	
皸	kˠun1/kɨun1	
皸	kˠun3/kɨun3	
桾	kˠun1/kɨun1	
䇹	kˠun1/kɨun1	
鮶	kˠun1/kɨun1	
芬	fʰun1/pfʰun1	
紛	fʰun1/pfʰun1	
𢁥	fʰun1/pfʰun1	
𣬩	fʰun1/pfʰun1	
衯	fʰun1/pfʰun1	
𦐈	fʰun1/pfʰun1	
雰	fʰun1/pfʰun1	
𩰟	fʰun1/pfʰun1	
錀	fʰun1/pfʰun1	
欣	xˠin1/hɨn1	
忻	xˠin1/hɨn1	
昕	xˠin1/hɨn1	
訢	xˠin1/hɨn1	
炘	xˠin1/hɨn1	
炘	xˠin3/hɨn3	
邤	xˠin1/hɨn1	
殷	ʔˠin1/ʔɨn1	
殷	ʔan1/ʔɯan1	
慇	ʔˠin1/ʔɨn1	
㶏	ʔˠin1/ʔɨn1	
㶏	ʔˠin2/ʔɨn2	
㶏	ʔˠin3/ʔɨn3	
溵	ʔˠin1/ʔɨn1	
勤	ɡˠin1/ɡɨn1	
芹	ɡˠin1/ɡɨn1	
懃	ɡˠin1/ɡɨn1	
慬	ɡˠin1/ɡɨn1	
慬	kˠin2/kɨn2	
懄	ɡˠin1/ɡɨn1	
瘽	ɡˠin1/ɡɨn1	
瘽	ɡˠin3/ɡɨn3	
斤	kˠin1/kɨn1	
斤	kˠin3/kɨn3	
筋	kˠin1/kɨn1	
䈥	kˠin1/kɨn1	
釿	kˠin1/kɨn1	
釿	ŋˠin2/ŋɨn2	
䖐	ŋˠin1/ŋɨn1	
㹜	ŋˠin1/ŋɨn1	
齗	ŋˠin1/ŋɨn1	
齗	ŋˠin2/ŋɨn2	
齦	ŋˠin1/ŋɨn1	
齦	qʰɨn2/kʰən2	
齦	qʰan2/kʰɯan2	
斦	ŋˠin1/ŋɨn1	
元	ŋˠwɛn1/ŋʉon1	
原	ŋˠwɛn1/ŋʉon1	
𨙅	ŋˠwɛn1/ŋʉon1	
源	ŋˠwɛn1/ŋʉon1	
厵	ŋˠwɛn1/ŋʉon1	
杬	ŋˠwɛn1/ŋʉon1	
嫄	ŋˠwɛn1/ŋʉon1	
沅	ŋˠwɛn1/ŋʉon1	
騵	ŋˠwɛn1/ŋʉon1	
黿	ŋˠwɛn1/ŋʉon1	
黿	ɴwɑn1/ŋuon1	
羱	ŋˠwɛn1/ŋʉon1	
羱	ɴwɑn1/ŋuon1	
蚖	ŋˠwɛn1/ŋʉon1	
蚖	ɴwɑn1/ŋuon1	
𧔞	ŋˠwɛn1/ŋʉon1	
芫	ŋˠwɛn1/ŋʉon1	
邧	ŋˠwɛn1/ŋʉon1	
邧	ŋˠwɛn2/ŋʉon2	
榞	ŋˠwɛn1/ŋʉon1	
謜	ŋˠwɛn1/ŋʉon1	
謜	tsʲʰwɛn1/tsʰyen1	
㹉	ŋˠwɛn1/ŋʉon1	
䬧	ŋˠwɛn1/ŋʉon1	
獂	ŋˠwɛn1/ŋʉon1	
阮	ŋˠwɛn1/ŋʉon1	
阮	ŋˠwɛn2/ŋʉon2	
蒝	ŋˠwɛn1/ŋʉon1	
袁	ɰwɛn1/ʉon1	
爰	ɰwɛn1/ʉon1	
垣	ɰwɛn1/ʉon1	
𩫧	ɰwɛn1/ʉon1	
園	ɰwɛn1/ʉon1	
援	ɰwɛn1/ʉon1	
援	ɰwɛn3/ʉon3	
榬	ɰwɛn1/ʉon1	
轅	ɰwɛn1/ʉon1	
鶢	ɰwɛn1/ʉon1	
媛	ɰwɛn1/ʉon1	
媛	ɰwɛn3/ʉon3	
洹	ɰwɛn1/ʉon1	
洹	ʁwɑn1/ɦuon1	
溒	ɰwɛn1/ʉon1	
𧻚	ɰwɛn1/ʉon1	
蝯	ɰwɛn1/ʉon1	
猨	ɰwɛn1/ʉon1	
猿	ɰwɛn1/ʉon1	
煩	vɛn1/bvuɐn1	
番	vɛn1/bvuɐn1	
番	fʰɛn1/pfʰuɐn1	
番	pʰɑn1/pʰuon1	
番	pɑ1/puɔ1	
番	pɑ3/puɔ3	
𨆌	vɛn1/bvuɐn1	
蹯	vɛn1/bvuɐn1	
繁	vɛn1/bvuɐn1	
繁	bɑn1/buon1	
繁	bɑ1/buɔ1	
蘩	vɛn1/bvuɐn1	
薠	vɛn1/bvuɐn1	
樊	vɛn1/bvuɐn1	
𢶃	vɛn1/bvuɐn1	
繙	vɛn1/bvuɐn1	
繙	fʰɛn1/pfʰuɐn1	
燔	vɛn1/bvuɐn1	
膰	vɛn1/bvuɐn1	
瀿	vɛn1/bvuɐn1	
羳	vɛn1/bvuɐn1	
𩐏	vɛn1/bvuɐn1	
鷭	vɛn1/bvuɐn1	
蟠	vɛn1/bvuɐn1	
蟠	bɑn1/buon1	
蕃	vɛn1/bvuɐn1	
蕃	fɛn1/pfuɐn1	
蠜	vɛn1/bvuɐn1	
礬	vɛn1/bvuɐn1	
𪖇	vɛn1/bvuɐn1	
𨟄	vɛn1/bvuɐn1	
鐇	vɛn1/bvuɐn1	
鐇	fɛn1/pfuɐn1	
璠	vɛn1/bvuɐn1	
笲	vɛn1/bvuɐn1	
笲	vɛn3/bvuɐn3	
笲	bˠɛn3/bɨen3	
𥢌	vɛn1/bvuɐn1	
㺕	vɛn1/bvuɐn1	
㺕	bˠɛn3/bɨen3	
襎	vɛn1/bvuɐn1	
袢	vɛn1/bvuɐn1	
棥	vɛn1/bvuɐn1	
䋣	vɛn1/bvuɐn1	
𥿋	vɛn1/bvuɐn1	
墦	vɛn1/bvuɐn1	
𢐲	vɛn1/bvuɐn1	
䮳	vɛn1/bvuɐn1	
旛	vɛn1/bvuɐn1	
旛	fʰɛn1/pfʰuɐn1	
𧢜	vɛn1/bvuɐn1	
藩	vɛn1/bvuɐn1	
藩	fɛn1/pfuɐn1	
飜	fʰɛn1/pfʰuɐn1	
翻	fʰɛn1/pfʰuɐn1	
幡	fʰɛn1/pfʰuɐn1	
𤄫	fʰɛn1/pfʰuɐn1	
𤄜	fʰɛn1/pfʰuɐn1	
轓	fʰɛn1/pfʰuɐn1	
轓	fɛn1/pfuɐn1	
反	fʰɛn1/pfʰuɐn1	
反	fɛn2/pfuɐn2	
暄	xˠwɛn1/hʉon1	
煖	xˠwɛn1/hʉon1	
煖	nwɑn2/nuon2	
喛	xˠwɛn1/hʉon1	
喛	χwɑn3/huon3	
萱	xˠwɛn1/hʉon1	
䁔	xˠwɛn1/hʉon1	
䁔	xˠwɛn2/hʉon2	
䁔	ʁwɑn3/ɦuon3	
諼	xˠwɛn1/hʉon1	
諼	xˠwɛn2/hʉon2	
塤	xˠwɛn1/hʉon1	
壎	xˠwɛn1/hʉon1	
䳦	xˠwɛn1/hʉon1	
䳦	sʲwɛn1/syen1	
吅	xˠwɛn1/hʉon1	
吅	zʲuŋ3/zɨuŋ3	
貆	xˠwɛn1/hʉon1	
貆	ʁwɑn1/ɦuon1	
貆	χwɑn1/huon1	
喧	xˠwɛn1/hʉon1	
諠	xˠwɛn1/hʉon1	
愋	xˠwɛn1/hʉon1	
讙	xˠwɛn1/hʉon1	
讙	χwɑn1/huon1	
翧	xˠwɛn1/hʉon1	
䚭	xˠwɛn1/hʉon1	
蝖	xˠwɛn1/hʉon1	
鴛	ʔˠwɛn1/ʔʉon1	
鴛	ʔwɨn1/ʔun1	
冤	ʔˠwɛn1/ʔʉon1	
㠾	ʔˠwɛn1/ʔʉon1	
鵷	ʔˠwɛn1/ʔʉon1	
𣹠	ʔˠwɛn1/ʔʉon1	
惌	ʔˠwɛn1/ʔʉon1	
惌	ʔˠwɛn2/ʔʉon2	
䥉	ʔˠwɛn1/ʔʉon1	
宛	ʔˠwɛn1/ʔʉon1	
宛	ʔˠwɛn2/ʔʉon2	
蜿	ʔˠwɛn1/ʔʉon1	
蜿	ʔwɑn1/ʔuon1	
蜿	ʔˠwɛn2/ʔʉon2	
𩝸	ʔˠwɛn1/ʔʉon1	
蒬	ʔˠwɛn1/ʔʉon1	
怨	ʔˠwɛn1/ʔʉon1	
怨	ʔˠwɛn3/ʔʉon3	
𡟰	ʔˠwɛn1/ʔʉon1	
葾	ʔˠwɛn1/ʔʉon1	
䩩	ʔˠwɛn1/ʔʉon1	
䩩	ʔˠwɛn2/ʔʉon2	
裷	ʔˠwɛn1/ʔʉon1	
裷	kˠʰwɛn2/kʰʉon2	
眢	ʔˠwɛn1/ʔʉon1	
眢	ʔwɑn1/ʔuon1	
言	ŋˠɛn1/ŋɨen1	
琂	ŋˠɛn1/ŋɨen1	
甗	ŋˠɛn1/ŋɨen1	
甗	ŋˠɛn2/ŋɨen2	
甗	ŋˠɛn3/ŋɨen3	
䇾	ŋˠɛn1/ŋɨen1	
䓂	ŋˠɛn1/ŋɨen1	
攑	kˠʰɛn1/kʰɨen1	
䞿	kˠʰɛn1/kʰɨen1	
䞿	xˠɛn1/hɨen1	
軒	xˠɛn1/hɨen1	
掀	xˠɛn1/hɨen1	
鶱	xˠɛn1/hɨen1	
䡣	xˠɛn1/hɨen1	
䡣	ʁwɨn1/ɦun1	
蓒	xˠɛn1/hɨen1	
𢳚	kˠɛn1/kɨen1	
𣘖	kˠɛn1/kɨen1	
靬	kˠɛn1/kɨen1	
靬	qʰɑn1/kʰɑn1	
靬	qan1/kɯan1	
靬	qʰɑn3/kʰɑn3	
鞬	kˠɛn1/kɨen1	
𩎀	kˠɛn1/kɨen1	
㓺	kˠɛn1/kɨen1	
犍	kˠɛn1/kɨen1	
犍	ɡˠɛn1/ɡɨen1	
腱	kˠɛn1/kɨen1	
腱	ɡˠɛn3/ɡɨen3	
騝	kˠɛn1/kɨen1	
騝	ɡˠɛn1/ɡɨen1	
䭈	kˠɛn1/kɨen1	
𩱡	kˠɛn1/kɨen1	
𩱤	kˠɛn1/kɨen1	
蔫	ʔˠɛn1/ʔɨen1	
焉	ʔˠɛn1/ʔɨen1	
焉	ɰɛn1/ɨen1	
鱕	fɛn1/pfuɐn1	
籓	fɛn1/pfuɐn1	
𥴤	ɡˠɛn1/ɡɨen1	
赶	ɡˠɛn1/ɡɨen1	
赶	ɡˠwɛt4/ɡʉot4	
樠	ɱɛn1/mvuɐn1	
樠	mɨn1/mun1	
樠	mɑn1/muon1	
䰟	ʁwɨn1/ɦun1	
㮯	ʁwɨn1/ɦun1	
㮯	ʁwɨn3/ɦun3	
䮝	ʁwɨn1/ɦun1	
餛	ʁwɨn1/ɦun1	
餫	ʁwɨn1/ɦun1	
餫	ɰun3/ɨun3	
䴷	ʁwɨn1/ɦun1	
䴷	ʁwan3/ɦuan3	
鼲	ʁwɨn1/ɦun1	
渾	ʁwɨn1/ɦun1	
渾	ʁwɨn3/ɦun3	
忶	ʁwɨn1/ɦun1	
忶	ɰun3/ɨun3	
𦺊	ʁwɨn1/ɦun1	
俒	ʁwɨn1/ɦun1	
俒	ʁwɨn3/ɦun3	
㑮	ʁwɨn1/ɦun1	
㑮	ɴwɨn1/ŋun1	
𡍦	ʁwɨn1/ɦun1	
𡍦	ʁwan1/ɦuan1	
𢣒	ʁwɨn1/ɦun1	
𣝂	ʁwɨn1/ɦun1	
㨡	ʁwɨn1/ɦun1	
㨡	ʁwɨt4/ɦut4	
顐	ʁwɨn1/ɦun1	
顐	ɴwɨn1/ŋun1	
顐	ɴwɨn3/ŋun3	
𧡡	ʁwɨn1/ɦun1	
𧡡	ɰun3/ɨun3	
琿	ʁwɨn1/ɦun1	
昆	qwɨn1/kun1	
晜	qwɨn1/kun1	
𥊽	qwɨn1/kun1	
菎	qwɨn1/kun1	
㡓	qwɨn1/kun1	
褌	qwɨn1/kun1	
崐	qwɨn1/kun1	
琨	qwɨn1/kun1	
鵾	qwɨn1/kun1	
鶤	qwɨn1/kun1	
鶤	ɰun3/ɨun3	
鯤	qwɨn1/kun1	
䖵	qwɨn1/kun1	
蜫	qwɨn1/kun1	
惃	qwɨn1/kun1	
惃	qwɨn2/kun2	
㱎	qwɨn1/kun1	
錕	qwɨn1/kun1	
錕	qwɨn2/kun2	
瑻	qwɨn1/kun1	
𪋆	qwɨn1/kun1	
猑	qwɨn1/kun1	
騉	qwɨn1/kun1	
𥁕	ʔwɨn1/ʔun1	
溫	ʔwɨn1/ʔun1	
轀	ʔwɨn1/ʔun1	
薀	ʔwɨn1/ʔun1	
薀	ʔˠun2/ʔɨun2	
薀	ʔˠun3/ʔɨun3	
𩥈	ʔwɨn1/ʔun1	
殟	ʔwɨn1/ʔun1	
殟	ʔwɨt4/ʔut4	
𨜵	ʔwɨn1/ʔun1	
豱	ʔwɨn1/ʔun1	
韞	ʔwɨn1/ʔun1	
韞	ʔˠun2/ʔɨun2	
㼔	ʔwɨn1/ʔun1	
𪉸	ʔwɨn1/ʔun1	
門	mɨn1/mun1	
捫	mɨn1/mun1	
虋	mɨn1/mun1	
璊	mɨn1/mun1	
亹	mɨn1/mun1	
亹	ɱi2/mvi2	
𤅣	mɨn1/mun1	
䫒	mɨn1/mun1	
𣯩	mɨn1/mun1	
䟂	mɨn1/mun1	
䟂	mɑn1/muon1	
䊟	mɨn1/mun1	
𪈿	mɨn1/mun1	
孫	swɨn1/sun1	
蓀	swɨn1/sun1	
飧	swɨn1/sun1	
蕵	swɨn1/sun1	
猻	swɨn1/sun1	
搎	swɨn1/sun1	
尊	tswɨn1/tsun1	
罇	tswɨn1/tsun1	
樽	tswɨn1/tsun1	
繜	tswɨn1/tsun1	
存	dzwɨn1/dzun1	
蹲	dzwɨn1/dzun1	
拵	dzwɨn1/dzun1	
𨚲	dzwɨn1/dzun1	
袸	dzwɨn1/dzun1	
袸	dzʲɛn3/dzien3	
弴	twɨn1/tun1	
弴	tʲɛw1/tieu1	
弤	twɨn1/tun1	
弤	tʲɛj2/tiei2	
驐	twɨn1/tun1	
墩	twɨn1/tun1	
𤭞	twɨn1/tun1	
暾	tʰwɨn1/tʰun1	
燉	tʰwɨn1/tʰun1	
燉	dwɨn1/dun1	
涒	tʰwɨn1/tʰun1	
𪏆	tʰwɨn1/tʰun1	
𪏆	tʰwɑn1/tʰuon1	
噋	tʰwɨn1/tʰun1	
噋	qʰwɑk4/kʰuɔk4	
𧑒	tʰwɨn1/tʰun1	
黗	tʰwɨn1/tʰun1	
黗	tʰwɨn2/tʰun2	
豚	dwɨn1/dun1	
㹠	dwɨn1/dun1	
豘	dwɨn1/dun1	
臀	dwɨn1/dun1	
𡱂	dwɨn1/dun1	
𡱂	dʲɛn3/dien3	
𦞠	dwɨn1/dun1	
𩪡	dwɨn1/dun1	
軘	dwɨn1/dun1	
飩	dwɨn1/dun1	
𥴫	dwɨn1/dun1	
坉	dwɨn1/dun1	
坉	dwɨn3/dun3	
沌	dwɨn1/dun1	
沌	dwɨn3/dun3	
沌	ɖˠwɛn3/ɖyen3	
邨	dwɨn1/dun1	
忳	dwɨn1/dun1	
啍	dwɨn1/dun1	
芚	dwɨn1/dun1	
庉	dwɨn1/dun1	
庉	dwɨn3/dun3	
𪎶	dwɨn1/dun1	
𤫭	dwɨn1/dun1	
村	tsʰwɨn1/tsʰun1	
瘒	ɴwɨn1/ŋun1	
梱	ɴwɨn1/ŋun1	
梱	qʰwɨn2/kʰun2	
盆	bɨn1/bun1	
𪂽	bɨn1/bun1	
湓	bɨn1/bun1	
湓	fʰun3/pfʰun3	
湓	pʰɨn3/pʰun3	
奔	pɨn1/pun1	
奔	pɨn3/pun3	
犇	pɨn1/pun1	
崘	lwɨn1/lun1	
菕	lwɨn1/lun1	
坤	qʰwɨn1/kʰun1	
𡿦	qʰwɨn1/kʰun1	
髡	qʰwɨn1/kʰun1	
𩒱	qʰwɨn1/kʰun1	
𩒱	qʰwɨn3/kʰun3	
臗	qʰwɨn1/kʰun1	
髖	qʰwɨn1/kʰun1	
髖	qʰwɑn1/kʰuon1	
豤	qʰwɨn1/kʰun1	
豤	qʰɨn2/kʰən2	
豤	kʲʰɛn2/kʰien2	
昏	χwɨn1/hun1	
惛	χwɨn1/hun1	
惛	χwɨn2/hun2	
惛	χwɨn3/hun3	
婚	χwɨn1/hun1	
棔	χwɨn1/hun1	
閽	χwɨn1/hun1	
殙	χwɨn1/hun1	
𣣏	χwɨn1/hun1	
噴	pʰɨn1/pʰun1	
噴	pʰɨn3/pʰun3	
歕	pʰɨn1/pʰun1	
歕	pʰɨn3/pʰun3	
黁	nwɨn1/nun1	
痕	ʁɨn1/ɦən1	
鞎	ʁɨn1/ɦən1	
拫	ʁɨn1/ɦən1	
㯊	ʁɨn1/ɦən1	
根	qɨn1/kən1	
跟	qɨn1/kən1	
𣥦	qɨn1/kən1	
恩	ʔɨn1/ʔən1	
𤇯	ʔɨn1/ʔən1	
煾	ʔɨn1/ʔən1	
吞	tʰɨn1/tʰən1	
吞	tʲʰɛn1/tʰien1	
寒	ʁɑn1/ɦɑn1	
𩏑	ʁɑn1/ɦɑn1	
𦺦	ʁɑn1/ɦɑn1	
翰	ʁɑn1/ɦɑn1	
翰	ʁɑn3/ɦɑn3	
鶾	ʁɑn1/ɦɑn1	
邯	ʁɑn1/ɦɑn1	
邯	ʁɑm1/ɦɑm1	
邗	ʁɑn1/ɦɑn1	
邗	qɑn1/kɑn1	
虷	ʁɑn1/ɦɑn1	
汗	ʁɑn1/ɦɑn1	
汗	qɑn1/kɑn1	
汗	ʁɑn3/ɦɑn3	
𧃙	ʁɑn1/ɦɑn1	
𧃙	ʁɑn3/ɦɑn3	
䮧	ʁɑn1/ɦɑn1	
䮧	ʁɑn3/ɦɑn3	
豻	ɴɑn1/ŋɑn1	
豻	qʰan1/kʰɯan1	
豻	ʁɑn3/ɦɑn3	
豻	ɴɑn3/ŋɑn3	
犴	ɴɑn1/ŋɑn1	
犴	ɴɑn3/ŋɑn3	
雃	ɴɑn1/ŋɑn1	
雃	kʲʰɛn1/kʰien1	
𡽜	ɴɑn1/ŋɑn1	
單	tɑn1/tɑn1	
單	ʑɛn1/dʒien1	
單	ʑɛn3/ʒien3	
襌	tɑn1/tɑn1	
鄲	tɑn1/tɑn1	
丹	tɑn1/tɑn1	
殫	tɑn1/tɑn1	
簞	tɑn1/tɑn1	
匰	tɑn1/tɑn1	
㠆	tɑn1/tɑn1	
癉	tɑn1/tɑn1	
癉	dɑn1/dɑn1	
癉	tɑ2/tɑ2	
癉	tɑ3/tɑ3	
䐷	tɑn1/tɑn1	
安	ʔɑn1/ʔɑn1	
䀂	ʔɑn1/ʔɑn1	
鞌	ʔɑn1/ʔɑn1	
䢿	ʔɑn1/ʔɑn1	
䢿	ʔɑn3/ʔɑn3	
侒	ʔɑn1/ʔɑn1	
難	nɑn1/nɑn1	
難	nɑn3/nɑn3	
𪇼	nɑn1/nɑn1	
𩁢	nɑn1/nɑn1	
𩁚	nɑn1/nɑn1	
餐	tsʰɑn1/tsʰɑn1	
湌	tsʰɑn1/tsʰɑn1	
䉔	tsʰɑn1/tsʰɑn1	
灘	tʰɑn1/tʰɑn1	
灘	χɑn2/hɑn2	
灘	nɑn3/nɑn3	
嘽	tʰɑn1/tʰɑn1	
嘽	tɕʰɛn2/tʃʰien2	
嘆	tʰɑn1/tʰɑn1	
嘆	tʰɑn3/tʰɑn3	
擹	tʰɑn1/tʰɑn1	
譠	tʰɑn1/tʰɑn1	
譠	ʈan1/ʈɯan1	
痑	tʰɑn1/tʰɑn1	
痑	tʰɑ1/tʰɑ1	
痑	tɑ3/tɑ3	
攤	tʰɑn1/tʰɑn1	
攤	nɑn2/nɑn2	
攤	nɑn3/nɑn3	
𦧴	tʰɑn1/tʰɑn1	
𦧴	dʲɛn1/dien1	
嬗	tʰɑn1/tʰɑn1	
嬗	tɑn2/tɑn2	
嬗	ʑɛn3/ʒien3	
㨏	tʰɑn1/tʰɑn1	
𦙱	sɑn1/sɑn1	
跚	sɑn1/sɑn1	
珊	sɑn1/sɑn1	
姍	sɑn1/sɑn1	
䈀	sɑn1/sɑn1	
䈀	sɑn3/sɑn3	
壇	dɑn1/dɑn1	
檀	dɑn1/dɑn1	
撣	dɑn1/dɑn1	
撣	ʑɛn1/dʒien1	
撣	dɑn3/dɑn3	
彈	dɑn1/dɑn1	
彈	dɑn3/dɑn3	
驒	dɑn1/dɑn1	
驒	tʲɛn1/tien1	
驒	dɑ1/dɑ1	
驙	dɑn1/dɑn1	
驙	ʈˠɛn1/ʈien1	
但	dɑn1/dɑn1	
但	dɑn3/dɑn3	
胆	dɑn1/dɑn1	
繟	dɑn1/dɑn1	
繟	tɕʰɛn2/tʃʰien2	
儃	dɑn1/dɑn1	
儃	ʑɛn1/dʒien1	
聅	dɑn1/dɑn1	
聅	ʈˠʰɛt4/ʈʰiet4	
唌	dɑn1/dɑn1	
貚	dɑn1/dɑn1	
貚	dʲɛn1/dien1	
殘	dzɑn1/dzɑn1	
䏼	dzɑn1/dzɑn1	
䏼	dzɑn3/dzɑn3	
㱚	dzɑn1/dzɑn1	
㱚	ɴwat4/ŋuat4	
戔	dzɑn1/dzɑn1	
𥂫	dzɑn1/dzɑn1	
𣦼	dzɑn1/dzɑn1	
帴	dzɑn1/dzɑn1	
帴	tsʲɛn1/tsien1	
帴	tsʲɛn2/tsien2	
帴	sɑn3/sɑn3	
帴	ʂat4/ʂɯat4	
干	qɑn1/kɑn1	
乾	qɑn1/kɑn1	
乾	ɡˠɛn1/ɡɨen1	
漧	qɑn1/kɑn1	
竿	qɑn1/kɑn1	
肝	qɑn1/kɑn1	
奸	qɑn1/kɑn1	
鳱	qɑn1/kɑn1	
玕	qɑn1/kɑn1	
迀	qɑn1/kɑn1	
㿻	qɑn1/kɑn1	
𢧀	qɑn1/kɑn1	
忓	qɑn1/kɑn1	
忓	ʁɑn3/ɦɑn3	
𨝌	qɑn1/kɑn1	
𡯋	qɑn1/kɑn1	
蘭	lɑn1/lɑn1	
瀾	lɑn1/lɑn1	
瀾	lɑn3/lɑn3	
闌	lɑn1/lɑn1	
讕	lɑn1/lɑn1	
讕	lɑn2/lɑn2	
讕	lɑn3/lɑn3	
攔	lɑn1/lɑn1	
𨷻	lɑn1/lɑn1	
籣	lɑn1/lɑn1	
䪍	lɑn1/lɑn1	
欄	lɑn1/lɑn1	
躝	lɑn1/lɑn1	
幱	lɑn1/lɑn1	
㘓	lɑn1/lɑn1	
看	qʰɑn1/kʰɑn1	
看	qʰɑn3/kʰɑn3	
𥉏	qʰɑn1/kʰɑn1	
栞	qʰɑn1/kʰɑn1	
𣓁	qʰɑn1/kʰɑn1	
臤	qʰɑn1/kʰɑn1	
臤	qʰan1/kʰɯan1	
臤	ɣʲɛn1/ɦien1	
臤	kʲʰin3/kʰin3	
刊	qʰɑn1/kʰɑn1	
頇	χɑn1/hɑn1	
頇	ɴɑn3/ŋɑn3	
頇	ɴɑt4/ŋɑt4	
鼾	χɑn1/hɑn1	
鼾	ʁɑn3/ɦɑn3	
桓	ʁwɑn1/ɦuon1	
完	ʁwɑn1/ɦuon1	
䴟	ʁwɑn1/ɦuon1	
𩾞	ʁwɑn1/ɦuon1	
丸	ʁwɑn1/ɦuon1	
瓛	ʁwɑn1/ɦuon1	
紈	ʁwɑn1/ɦuon1	
𦻃	ʁwɑn1/ɦuon1	
雈	ʁwɑn1/ɦuon1	
汍	ʁwɑn1/ɦuon1	
絙	ʁwɑn1/ɦuon1	
絙	qɨŋ1/kəŋ1	
芄	ʁwɑn1/ɦuon1	
豲	ʁwɑn1/ɦuon1	
梡	ʁwɑn1/ɦuon1	
梡	ʁwɑn3/ɦuon3	
梡	qʰwɑn2/kʰuon2	
荁	ʁwɑn1/ɦuon1	
莞	ʁwɑn1/ɦuon1	
莞	qwɑn1/kuon1	
莞	ʁwan3/ɦuan3	
綄	ʁwɑn1/ɦuon1	
綄	ʁwɑn3/ɦuon3	
𦏊	ʁwɑn1/ɦuon1	
萈	ʁwɑn1/ɦuon1	
狟	ʁwɑn1/ɦuon1	
峘	ʁwɑn1/ɦuon1	
峘	ʁɨŋ1/ɦəŋ1	
㿪	ʁwɑn1/ɦuon1	
垸	ʁwɑn1/ɦuon1	
垸	ʁwɑn3/ɦuon3	
寏	ʁwɑn1/ɦuon1	
院	ʁwɑn1/ɦuon1	
院	ɰwɛn3/ʉon3	
捖	ʁwɑn1/ɦuon1	
岏	ɴwɑn1/ŋuon1	
刓	ɴwɑn1/ŋuon1	
园	ɴwɑn1/ŋuon1	
忨	ɴwɑn1/ŋuon1	
忨	ɴwɑn3/ŋuon3	
䯈	ɴwɑn1/ŋuon1	
抏	ɴwɑn1/ŋuon1	
𠒢	ɴwɑn1/ŋuon1	
端	twɑn1/tuon1	
褍	twɑn1/tuon1	
褍	twɑ2/tuɔ2	
剬	twɑn1/tuon1	
剬	tɕwɛn2/tʃyen2	
𧤗	twɑn1/tuon1	
耑	twɑn1/tuon1	
鍴	twɑn1/tuon1	
𥵣	twɑn1/tuon1	
竱	twɑn1/tuon1	
竱	tɕwɛn2/tʃyen2	
𦾸	twɑn1/tuon1	
𥠄	twɑn1/tuon1	
𥠄	twɑ2/tuɔ2	
偳	twɑn1/tuon1	
偳	tʰwɑn1/tʰuon1	
剜	ʔwɑn1/ʔuon1	
豌	ʔwɑn1/ʔuon1	
帵	ʔwɑn1/ʔuon1	
婠	ʔwɑn1/ʔuon1	
婠	qwɑn3/kuon3	
婠	ʔwat4/ʔuat4	
湍	tʰwɑn1/tʰuon1	
湍	tɕwɛn1/tʃyen1	
貒	tʰwɑn1/tʰuon1	
貒	tʰwɑn3/tʰuon3	
䵎	tʰwɑn1/tʰuon1	
煓	tʰwɑn1/tʰuon1	
酸	swɑn1/suon1	
狻	swɑn1/suon1	
䝜	swɑn1/suon1	
痠	swɑn1/suon1	
𩆑	swɑn1/suon1	
團	dwɑn1/duon1	
慱	dwɑn1/duon1	
篿	dwɑn1/duon1	
篿	tɕwɛn1/tʃyen1	
剸	dwɑn1/duon1	
剸	tɕwɛn2/tʃyen2	
剸	tɕwɛn3/tʃyen3	
鄟	dwɑn1/duon1	
鄟	tɕwɛn1/tʃyen1	
鄟	ʑwɛn3/ʒyen3	
𧐕	dwɑn1/duon1	
漙	dwɑn1/duon1	
鷒	dwɑn1/duon1	
鷒	tɕwɛn1/tʃyen1	
𪆃	dwɑn1/duon1	
摶	dwɑn1/duon1	
摶	ɖˠwɛn3/ɖyen3	
𩅂	dwɑn1/duon1	
欑	dzwɑn1/dzuon1	
巑	dzwɑn1/dzuon1	
𩎈	dzwɑn1/dzuon1	
𩎈	tswɑn1/tsuon1	
菆	dzwɑn1/dzuon1	
菆	tʂɨw1/tʂʅᵊu1	
菆	tʂʰu3/tʂʰʅu3	
襸	dzwɑn1/dzuon1	
襸	tsɑn3/tsɑn3	
酇	dzwɑn1/dzuon1	
酇	tswɑn2/tsuon2	
酇	tsɑn3/tsɑn3	
穳	dzwɑn1/dzuon1	
穳	dzɑn3/dzɑn3	
𥣚	dzwɑn1/dzuon1	
劗	dzwɑn1/dzuon1	
劗	tswɑn1/tsuon1	
官	qwɑn1/kuon1	
悹	qwɑn1/kuon1	
悹	qwɑn2/kuon2	
悹	qwɑn3/kuon3	
棺	qwɑn1/kuon1	
棺	qwɑn3/kuon3	
觀	qwɑn1/kuon1	
觀	qwɑn3/kuon3	
貫	qwɑn1/kuon1	
貫	qwɑn3/kuon3	
冠	qwɑn1/kuon1	
冠	qwɑn3/kuon3	
涫	qwɑn1/kuon1	
涫	qwɑn3/kuon3	
倌	qwɑn1/kuon1	
倌	qwan3/kuan3	
毌	qwɑn1/kuon1	
毌	qwɑn3/kuon3	
鑾	lwɑn1/luon1	
鸞	lwɑn1/luon1	
巒	lwɑn1/luon1	
欒	lwɑn1/luon1	
羉	lwɑn1/luon1	
𧄶	lwɑn1/luon1	
䜌	lwɑn1/luon1	
䜌	lˠwɛn1/ɭyen1	
䜌	lˠwɛn3/ɭyen3	
㱍	lwɑn1/luon1	
臠	lwɑn1/luon1	
臠	lˠwɛn2/ɭyen2	
灤	lwɑn1/luon1	
灓	lwɑn1/luon1	
灓	lwɑn3/luon3	
灓	lˠwɛn3/ɭyen3	
𤼙	lwɑn1/luon1	
𤼙	lˠwɛn1/ɭyen1	
圝	lwɑn1/luon1	
曫	lwɑn1/luon1	
歡	χwɑn1/huon1	
懽	χwɑn1/huon1	
懽	qwɑn3/kuon3	
驩	χwɑn1/huon1	
貛	χwɑn1/huon1	
𪈩	χwɑn1/huon1	
鴅	χwɑn1/huon1	
酄	χwɑn1/huon1	
獾	χwɑn1/huon1	
犿	χwɑn1/huon1	
𡚊	χwɑn1/huon1	
𠂄	χwɑn1/huon1	
寬	qʰwɑn1/kʰuon1	
鑽	tswɑn1/tsuon1	
鑽	tswɑn3/tsuon3	
𩎑	tswɑn1/tsuon1	
䡽	tswɑn1/tsuon1	
𣀶	tswɑn1/tsuon1	
槃	bɑn1/buon1	
盤	bɑn1/buon1	
鎜	bɑn1/buon1	
柈	bɑn1/buon1	
瘢	bɑn1/buon1	
磻	bɑn1/buon1	
幋	bɑn1/buon1	
磐	bɑn1/buon1	
䰉	bɑn1/buon1	
䰉	pan1/puan1	
般	bɑn1/buon1	
般	pɑn1/puon1	
般	pan1/puan1	
蹣	bɑn1/buon1	
蹣	mɑn1/muon1	
搫	bɑn1/buon1	
搫	bɑ1/buɔ1	
鞶	bɑn1/buon1	
𪄀	bɑn1/buon1	
𥈼	bɑn1/buon1	
媻	bɑn1/buon1	
媻	bɑ1/buɔ1	
縏	bɑn1/buon1	
𪒀	bɑn1/buon1	
䈲	bɑn1/buon1	
䈲	pɑn1/puon1	
𤠍	bɑn1/buon1	
瞞	mɑn1/muon1	
顢	mɑn1/muon1	
謾	mɑn1/muon1	
謾	man1/muan1	
謾	mʲɛn1/mien1	
謾	mɑn3/muon3	
謾	man3/muan3	
䊡	mɑn1/muon1	
饅	mɑn1/muon1	
慲	mɑn1/muon1	
鏝	mɑn1/muon1	
鏝	mɑn3/muon3	
槾	mɑn1/muon1	
墁	mɑn1/muon1	
墁	mɑn3/muon3	
㒼	mɑn1/muon1	
鞔	mɑn1/muon1	
鰻	mɑn1/muon1	
鰻	ɱɛn3/mvuɐn3	
曼	mɑn1/muon1	
曼	ɱɛn3/mvuɐn3	
蔓	mɑn1/muon1	
蔓	ɱɛn3/mvuɐn3	
䜱	mɑn1/muon1	
𤡁	mɑn1/muon1	
𦔔	mɑn1/muon1	
𦔔	mɑn3/muon3	
芇	mɑn1/muon1	
芇	mʲɛn1/mien1	
芇	mʲɛn2/mien2	
悗	mɑn1/muon1	
鬗	mɑn1/muon1	
鬗	ɱɛn3/mvuɐn3	
絻	mɑn1/muon1	
絻	mˠɛn2/mɨen2	
絻	ɱun3/mvun3	
潘	pʰɑn1/pʰuon1	
㽃	pʰɑn1/pʰuon1	
拌	pʰɑn1/pʰuon1	
拌	bɑn3/buon3	
㢖	pʰɑn1/pʰuon1	
𤺏	pʰɑn1/pʰuon1	
𤳖	pɑn1/puon1	
𠦒	pɑn1/puon1	
𠦒	pʲit4/pit4	
刪	ʂan1/ʂɯan1	
訕	ʂan1/ʂɯan1	
訕	ʂan3/ʂɯan3	
潸	ʂan1/ʂɯan1	
潸	ʂan2/ʂɯan2	
𣧱	ʂan1/ʂɯan1	
狦	ʂan1/ʂɯan1	
狦	ʂan3/ʂɯan3	
關	qwan1/kuan1	
関	qwan1/kuan1	
癏	qwan1/kuan1	
擐	qwan1/kuan1	
擐	ʁwan3/ɦuan3	
𠴨	qwan1/kuan1	
𢇇	qwan1/kuan1	
彎	ʔwan1/ʔuan1	
灣	ʔwan1/ʔuan1	
䘎	ʔwan1/ʔuan1	
𩅦	ʔwan1/ʔuan1	
潫	ʔwan1/ʔuan1	
潫	ʔʲwɛn1/ʔyen1	
潫	ʔˠwɛn1/ʔʉon1	
𣟴	ʂwan1/ʂuan1	
還	ʁwan1/ɦuan1	
還	zʲwɛn1/zyen1	
環	ʁwan1/ɦuan1	
𠟼	ʁwan1/ɦuan1	
鬟	ʁwan1/ɦuan1	
寰	ʁwan1/ɦuan1	
寰	ɣʲwɛn3/ɦyen3	
闤	ʁwan1/ɦuan1	
糫	ʁwan1/ɦuan1	
鍰	ʁwan1/ɦuan1	
圜	ʁwan1/ɦuan1	
圜	ɰwɛn1/ʉon1	
鐶	ʁwan1/ɦuan1	
轘	ʁwan1/ɦuan1	
轘	ʁwan3/ɦuan3	
䍺	ʁwan1/ɦuan1	
䍺	ʁwan3/ɦuan3	
𦏖	ʁwan1/ɦuan1	
澴	ʁwan1/ɦuan1	
𩙽	ʁwan1/ɦuan1	
䭴	ʁwan1/ɦuan1	
䭴	ɣʲwɛn3/ɦyen3	
㡲	ʁwan1/ɦuan1	
𦣴	ʁwan1/ɦuan1	
班	pan1/puan1	
螌	pan1/puan1	
斑	pan1/puan1	
辬	pan1/puan1	
斒	pan1/puan1	
鯿	pan1/puan1	
鯿	pʲɛn1/pien1	
扳	pan1/puan1	
扳	pʰan1/pʰuan1	
𠔯	pan1/puan1	
蠻	man1/muan1	
𪈮	man1/muan1	
獌	man1/muan1	
獌	ɱɛn3/mvuɐn3	
獌	mɑn3/muon3	
鬘	man1/muan1	
䅼	man1/muan1	
𪑪	man1/muan1	
顏	ɴan1/ŋɯan1	
楌	ɴan1/ŋɯan1	
姦	qan1/kɯan1	
菅	qan1/kɯan1	
葌	qan1/kɯan1	
䔵	qan1/kɯan1	
攀	pʰan1/pʰuan1	
眅	pʰan1/pʰuan1	
眅	pʰan2/pʰuan2	
奻	ɳwan1/ɳuan1	
奻	ɳwan3/ɳuan3	
頑	ɴwan1/ŋuan1	
馯	qʰan1/kʰɯan1	
馯	ʁɑn3/ɦɑn3	
鬜	qʰan1/kʰɯan1	
鬜	qʰat4/kʰɯat4	
山	ʂan1/ʂɯan1	
疝	ʂan1/ʂɯan1	
疝	ʂan3/ʂɯan3	
邖	ʂan1/ʂɯan1	
鰥	qwan1/kuan1	
鰥	qwan3/kuan3	
䤽	qwan1/kuan1	
閒	qan1/kɯan1	
閒	qan3/kɯan3	
艱	qan1/kɯan1	
囏	qan1/kɯan1	
蕳	qan1/kɯan1	
覸	qan1/kɯan1	
覸	pˠɛn2/pɨen2	
覸	qan3/kɯan3	
閑	ʁan1/ɦɯan1	
嫺	ʁan1/ɦɯan1	
癇	ʁan1/ɦɯan1	
𩦂	ʁan1/ɦɯan1	
蛝	ʁan1/ɦɯan1	
瞯	ʁan1/ɦɯan1	
鷴	ʁan1/ɦɯan1	
藖	ʁan1/ɦɯan1	
藖	ʁan3/ɦɯan3	
憪	ʁan1/ɦɯan1	
憪	ʁan3/ɦɯan3	
慳	qʰan1/kʰɯan1	
𧢞	qʰan1/kʰɯan1	
顅	qʰan1/kʰɯan1	
掔	qʰan1/kʰɯan1	
掔	kʲʰɛn1/kʰien1	
羥	qʰan1/kʰɯan1	
羥	qʰɛŋ1/kʰɯɛŋ1	
𩋆	qʰan1/kʰɯan1	
虥	dʐan1/dʐɯan1	
虥	dʐan3/dʐɯan3	
潺	dʐan1/dʐɯan1	
潺	dʐɛn1/dʐʅen1	
孱	dʐan1/dʐɯan1	
孱	dʐɛn1/dʐʅen1	
孱	dʐan3/dʐɯan3	
僝	dʐan1/dʐɯan1	
僝	dʐwɛn3/dʐʯen3	
䡲	dʐan1/dʐɯan1	
䡲	dʐɛn1/dʐʅen1	
𡎻	dʐan1/dʐɯan1	
𡎻	dʐɛn1/dʐʅen1	
羴	χan1/hɯan1	
訮	ɴan1/ŋɯan1	
訮	tʲʰɛn1/tʰien1	
訮	xʲɛn1/hien1	
𤡥	ɴan1/ŋɯan1	
𤡥	ʁan3/ɦɯan3	
㗴	ɴan1/ŋɯan1	
虤	ɴan1/ŋɯan1	
黰	ʔan1/ʔɯan1	
黰	tɕin2/tʃin2	
㸶	ʔan1/ʔɯan1	
黫	ʔan1/ʔɯan1	
斕	lan1/ɭɯan1	
𣁣	lan1/ɭɯan1	
𢛓	lan1/ɭɯan1	
嘫	ɳan1/ɳɯan1	
㬮	ɳan1/ɳɯan1	
㬮	nɑn3/nɑn3	
㺗	tɕʰɛn1/tʃʰien1	
𡣬	ʔwan1/ʔuan1	
𡣬	ʔʲwɛn1/ʔyen1	
𡣬	ʔˠwɛn1/ʔʉon1	
𡰝	ɡˠwɛn1/ɡʉon1	
㣶	ʈan1/ʈɯan1	
湲	ʁwan1/ɦuan1	
湲	ɰwɛn1/ʉon1	
先	sʲɛn1/sien1	
先	sʲɛn3/sien3	
躚	sʲɛn1/sien1	
蹮	sʲɛn1/sien1	
𥑻	sʲɛn1/sien1	
前	dzʲɛn1/dzien1	
歬	dzʲɛn1/dzien1	
騚	dzʲɛn1/dzien1	
湔	dzʲɛn1/dzien1	
湔	tsʲɛn1/tsien1	
湔	tsʲɛn3/tsien3	
𥮒	dzʲɛn1/dzien1	
𥮒	dzʲɛm1/dziem1	
𥷰	dzʲɛn1/dzien1	
千	tsʲʰɛn1/tsʰien1	
圱	tsʲʰɛn1/tsʰien1	
阡	tsʲʰɛn1/tsʰien1	
汘	tsʲʰɛn1/tsʰien1	
仟	tsʲʰɛn1/tsʰien1	
芊	tsʲʰɛn1/tsʰien1	
芊	tsʲʰɛn3/tsʰien3	
谸	tsʲʰɛn1/tsʰien1	
迁	tsʲʰɛn1/tsʰien1	
杄	tsʲʰɛn1/tsʰien1	
箋	tsʲɛn1/tsien1	
牋	tsʲɛn1/tsien1	
㮍	tsʲɛn1/tsien1	
瀳	tsʲɛn1/tsien1	
瀳	dzʲɛn3/dzien3	
韉	tsʲɛn1/tsien1	
淺	tsʲɛn1/tsien1	
淺	tsʲʰɛn2/tsʰien2	
𢃬	tsʲɛn1/tsien1	
𣚙	tsʲɛn1/tsien1	
濺	tsʲɛn1/tsien1	
濺	tsʲɛn3/tsien3	
籛	tsʲɛn1/tsien1	
籛	tsʲɛn2/tsien2	
籛	tsʲɛn3/tsien3	
𣝕	tsʲɛn1/tsien1	
𨔥	tsʲɛn1/tsien1	
天	tʲʰɛn1/tʰien1	
𠀘	tʲʰɛn1/tʰien1	
䒶	tʲʰɛn1/tʰien1	
𦧝	tʲʰɛn1/tʰien1	
堅	kʲɛn1/kien1	
鋻	kʲɛn1/kien1	
鋻	kʲɛn3/kien3	
𢮂	kʲɛn1/kien1	
𢮂	ɣʲɛn1/ɦien1	
㡉	kʲɛn1/kien1	
幵	kʲɛn1/kien1	
肩	kʲɛn1/kien1	
鳽	kʲɛn1/kien1	
鳽	ŋʲɛn1/ŋien1	
鳽	qʰɛŋ1/kʰɯɛŋ1	
鳽	ɴɛk4/ŋɯɛk4	
豜	kʲɛn1/kien1	
豜	ŋʲɛn3/ŋien3	
𧱚	kʲɛn1/kien1	
猏	kʲɛn1/kien1	
菺	kʲɛn1/kien1	
𪊑	kʲɛn1/kien1	
𪊑	kʲʰɛn1/kʰien1	
𪊑	kʲʰɛŋ3/kʰieŋ3	
麉	kʲɛn1/kien1	
鵳	kʲɛn1/kien1	
鰹	kʲɛn1/kien1	
䶬	kʲɛn1/kien1	
䶬	ŋˠɛt4/ŋɨet4	
䌑	kʲɛn1/kien1	
賢	ɣʲɛn1/ɦien1	
弦	ɣʲɛn1/ɦien1	
絃	ɣʲɛn1/ɦien1	
絃	xʲwɛn3/hyen3	
舷	ɣʲɛn1/ɦien1	
胘	ɣʲɛn1/ɦien1	
胘	ɣʲwɛn1/ɦyen1	
蚿	ɣʲɛn1/ɦien1	
𢛆	ɣʲɛn1/ɦien1	
𠛑	ɣʲɛn1/ɦien1	
伭	ɣʲɛn1/ɦien1	
伭	ɣʲwɛn1/ɦyen1	
𦱁	ɣʲɛn1/ɦien1	
婱	ɣʲɛn1/ɦien1	
𧼏	ɣʲɛn1/ɦien1	
痃	ɣʲɛn1/ɦien1	
煙	ʔʲɛn1/ʔien1	
𡨾	ʔʲɛn1/ʔien1	
𤎟	ʔʲɛn1/ʔien1	
燕	ʔʲɛn1/ʔien1	
燕	ʔʲɛn3/ʔien3	
咽	ʔʲɛn1/ʔien1	
咽	ʔʲɛn3/ʔien3	
咽	ʔʲɛt4/ʔiet4	
橪	ʔʲɛn1/ʔien1	
橪	ɲɛn2/ɲʒien2	
驠	ʔʲɛn1/ʔien1	
驠	ʔʲɛn3/ʔien3	
胭	ʔʲɛn1/ʔien1	
𥷀	ʔʲɛn1/ʔien1	
閼	ʔʲɛn1/ʔien1	
閼	ʔˠɛn1/ʔɨen1	
閼	ʔˠɛt4/ʔɨet4	
閼	ʔɑt4/ʔɑt4	
蓮	lʲɛn1/lien1	
蓮	lˠɛn2/ɭien2	
憐	lʲɛn1/lien1	
怜	lʲɛn1/lien1	
怜	lʲɛŋ1/lieŋ1	
嗹	lʲɛn1/lien1	
縺	lʲɛn1/lien1	
𪍴	lʲɛn1/lien1	
𨏩	lʲɛn1/lien1	
零	lʲɛn1/lien1	
零	lʲɛŋ1/lieŋ1	
零	lʲɛŋ3/lieŋ3	
田	dʲɛn1/dien1	
佃	dʲɛn1/dien1	
佃	dʲɛn3/dien3	
畋	dʲɛn1/dien1	
畋	dʲɛn3/dien3	
窴	dʲɛn1/dien1	
窴	dʲɛn3/dien3	
闐	dʲɛn1/dien1	
闐	dʲɛn3/dien3	
䟧	dʲɛn1/dien1	
鈿	dʲɛn1/dien1	
鈿	dʲɛn3/dien3	
䡘	dʲɛn1/dien1	
沺	dʲɛn1/dien1	
鷏	dʲɛn1/dien1	
𨌈	dʲɛn1/dien1	
滇	dʲɛn1/dien1	
滇	tʲɛn1/tien1	
滇	tʲʰɛn3/tʰien3	
搷	dʲɛn1/dien1	
秊	nʲɛn1/nien1	
年	nʲɛn1/nien1	
𨚶	nʲɛn1/nien1	
𨚶	nʲɛŋ1/nieŋ1	
顛	tʲɛn1/tien1	
顛	tʲʰɛn3/tʰien3	
㒹	tʲɛn1/tien1	
齻	tʲɛn1/tien1	
𩥄	tʲɛn1/tien1	
槙	tʲɛn1/tien1	
槙	tɕin2/tʃin2	
瘨	tʲɛn1/tien1	
癲	tʲɛn1/tien1	
𧽍	tʲɛn1/tien1	
𧽍	dʲɛn3/dien3	
巔	tʲɛn1/tien1	
𠑘	tʲɛn1/tien1	
傎	tʲɛn1/tien1	
蹎	tʲɛn1/tien1	
厧	tʲɛn1/tien1	
牽	kʲʰɛn1/kʰien1	
牽	kʲʰɛn3/kʰien3	
縴	kʲʰɛn1/kʰien1	
邢	kʲʰɛn1/kʰien1	
邢	ɣʲɛŋ1/ɦieŋ1	
汧	kʲʰɛn1/kʰien1	
汧	kʲʰɛn3/kʰien3	
蚈	kʲʰɛn1/kʰien1	
岍	kʲʰɛn1/kʰien1	
妍	ŋʲɛn1/ŋien1	
研	ŋʲɛn1/ŋien1	
研	ŋʲɛn3/ŋien3	
𥓋	ŋʲɛn1/ŋien1	
揅	ŋʲɛn1/ŋien1	
㿼	ŋʲɛn1/ŋien1	
趼	ŋʲɛn1/ŋien1	
趼	kʲɛn2/kien2	
趼	ŋʲɛn3/ŋien3	
俓	ŋʲɛn1/ŋien1	
俓	ɴɛŋ1/ŋɯɛŋ1	
俓	kʲɛŋ3/kieŋ3	
眠	mʲɛn1/mien1	
瞑	mʲɛn1/mien1	
瞑	mʲɛŋ1/mieŋ1	
瞑	mʲɛn3/mien3	
䏃	mʲɛn1/mien1	
矏	mʲɛn1/mien1	
𥌂	mʲɛn1/mien1	
䰓	mʲɛn1/mien1	
㝰	mʲɛn1/mien1	
蹁	bʲɛn1/bien1	
蹁	pʲɛn1/pien1	
骿	bʲɛn1/bien1	
軿	bʲɛn1/bien1	
軿	bʲɛŋ1/bieŋ1	
駢	bʲɛn1/bien1	
㼐	bʲɛn1/bien1	
胼	bʲɛn1/bien1	
跰	bʲɛn1/bien1	
跰	pɛŋ3/puɛŋ3	
楄	bʲɛn1/bien1	
賆	bʲɛn1/bien1	
琕	bʲɛn1/bien1	
淵	ʔʲwɛn1/ʔyen1	
𠝃	ʔʲwɛn1/ʔyen1	
囦	ʔʲwɛn1/ʔyen1	
㾓	ʔʲwɛn1/ʔyen1	
弲	ʔʲwɛn1/ʔyen1	
弲	xʲwɛn1/hyen1	
剈	ʔʲwɛn1/ʔyen1	
𨓯	ʔʲwɛn1/ʔyen1	
䨊	ʔʲwɛn1/ʔyen1	
蜎	ʔʲwɛn1/ʔyen1	
蜎	ɡʲwɛn3/ɡyen3	
涓	kʲwɛn1/kyen1	
睊	kʲwɛn1/kyen1	
睊	kʲwɛn3/kyen3	
蠲	kʲwɛn1/kyen1	
𦮻	kʲwɛn1/kyen1	
䅌	kʲwɛn1/kyen1	
鵑	kʲwɛn1/kyen1	
焆	kʲwɛn1/kyen1	
焆	ʔʲwɛt4/ʔyet4	
焆	ʔˠɛt4/ʔɨet4	
鞙	kʲwɛn1/kyen1	
鞙	ɣʲwɛn3/ɦyen3	
鋗	xʲwɛn1/hyen1	
駽	xʲwɛn1/hyen1	
駽	xʲwɛn3/hyen3	
㘣	xʲwɛn1/hyen1	
㘣	zʲwɛn1/zyen1	
梋	xʲwɛn1/hyen1	
矎	xʲwɛn1/hyen1	
矎	xʲwɛŋ3/hyeŋ3	
邊	pʲɛn1/pien1	
籩	pʲɛn1/pien1	
𤄺	pʲɛn1/pien1	
甂	pʲɛn1/pien1	
蝙	pʲɛn1/pien1	
猵	pʲɛn1/pien1	
猵	bʲin3/bin3	
𥣰	pʲɛn1/pien1	
𥣰	pʲɛn2/pien2	
編	pʲɛn1/pien1	
編	pʲɛn2/pien2	
萹	pʲɛn1/pien1	
萹	pʲʰɛn1/pʰien1	
萹	pʲɛn2/pien2	
𨇱	pʲɛn1/pien1	
𠑟	pʲɛn1/pien1	
牑	pʲɛn1/pien1	
䟍	pʲɛn1/pien1	
䟍	ʔˠɛn2/ʔɨen2	
玄	ɣʲwɛn1/ɦyen1	
縣	ɣʲwɛn1/ɦyen1	
縣	ɣʲwɛn3/ɦyen3	
懸	ɣʲwɛn1/ɦyen1	
眩	ɣʲwɛn1/ɦyen1	
眩	ɣʲwɛn3/ɦyen3	
䮄	ɣʲwɛn1/ɦyen1	
玹	ɣʲwɛn1/ɦyen1	
玹	ɣʲwɛn3/ɦyen3	
玆	ɣʲwɛn1/ɦyen1	
𧟨	ɣʲwɛn1/ɦyen1	
𥌭	ɣʲwɛn1/ɦyen1	
𥌭	xʲwɛn1/hyen1	
𥌭	ɣʲwɛn3/ɦyen3	
盷	ɣʲwɛn1/ɦyen1	
訇	ɣʲwɛn1/ɦyen1	
訇	χwɛŋ1/huɛŋ1	
祆	xʲɛn1/hien1	
仙	sʲɛn1/sien1	
僊	sʲɛn1/sien1	
𠑗	sʲɛn1/sien1	
㲔	sʲɛn1/sien1	
䉳	sʲɛn1/sien1	
䉳	sʲɛn2/sien2	
苮	sʲɛn1/sien1	
秈	sʲɛn1/sien1	
鮮	sʲɛn1/sien1	
鮮	sʲɛn2/sien2	
鮮	sʲɛn3/sien3	
硟	sʲɛn1/sien1	
硟	tɕʰɛn3/tʃʰien3	
鱻	sʲɛn1/sien1	
廯	sʲɛn1/sien1	
廯	sʲɛn2/sien2	
錢	dzʲɛn1/dzien1	
錢	tsʲɛn2/tsien2	
𧔢	dzʲɛn1/dzien1	
遷	tsʲʰɛn1/tsʰien1	
𨙙	tsʲʰɛn1/tsʰien1	
𠨧	tsʲʰɛn1/tsʰien1	
𨝍	tsʲʰɛn1/tsʰien1	
櫏	tsʲʰɛn1/tsʰien1	
䉦	tsʲʰɛn1/tsʰien1	
韆	tsʲʰɛn1/tsʰien1	
㿊	tsʲʰɛn1/tsʰien1	
煎	tsʲɛn1/tsien1	
煎	tsʲɛn3/tsien3	
葏	tsʲɛn1/tsien1	
鬋	tsʲɛn1/tsien1	
鬋	tsʲɛn2/tsien2	
鬋	tsʲɛn3/tsien3	
然	ɲɛn1/ɲʒien1	
燃	ɲɛn1/ɲʒien1	
𤡮	ɲɛn1/ɲʒien1	
㜣	ɲɛn1/ɲʒien1	
㜣	ɕɛn2/ʃien2	
㜣	nʲɛn3/nien3	
肰	ɲɛn1/ɲʒien1	
繎	ɲɛn1/ɲʒien1	
繎	ɲwɛn1/ɲʒyen1	
𥳚	ɲɛn1/ɲʒien1	
䕼	ɲɛn1/ɲʒien1	
𤓉	ɲɛn1/ɲʒien1	
延	jɛn1/jien1	
延	jɛn3/jien3	
埏	jɛn1/jien1	
埏	ɕɛn1/ʃien1	
筵	jɛn1/jien1	
狿	jɛn1/jien1	
狿	jɛn3/jien3	
郔	jɛn1/jien1	
綖	jɛn1/jien1	
蜒	jɛn1/jien1	
䘰	jɛn1/jien1	
䘰	ɕɛn1/ʃien1	
鋋	jɛn1/jien1	
鋋	ʑɛn1/dʒien1	
䀽	jɛn1/jien1	
𢌨	jɛn1/jien1	
䢭	jɛn1/jien1	
䢭	zʲɛn3/zien3	
䢭	jɛn3/jien3	
莚	jɛn1/jien1	
莚	jɛn3/jien3	
𩜾	tɕɛn1/tʃien1	
饘	tɕɛn1/tʃien1	
饘	tɕɛn2/tʃien2	
旃	tɕɛn1/tʃien1	
旜	tɕɛn1/tʃien1	
栴	tɕɛn1/tʃien1	
氈	tɕɛn1/tʃien1	
鸇	tɕɛn1/tʃien1	
𩔣	tɕɛn1/tʃien1	
邅	ʈˠɛn1/ʈien1	
邅	ɖˠɛn3/ɖien3	
𧾍	ʈˠɛn1/ʈien1	
𧾍	ɖˠɛn1/ɖien1	
鱣	ʈˠɛn1/ʈien1	
𩼼	ʈˠɛn1/ʈien1	
羶	ɕɛn1/ʃien1	
挻	ɕɛn1/ʃien1	
扇	ɕɛn1/ʃien1	
扇	ɕɛn3/ʃien3	
煽	ɕɛn1/ʃien1	
煽	ɕɛn3/ʃien3	
鯅	ɕɛn1/ʃien1	
脠	ɕɛn1/ʃien1	
脠	ʈˠʰɛn1/ʈʰien1	
梴	ʈˠʰɛn1/ʈʰien1	
鏈	ʈˠʰɛn1/ʈʰien1	
鏈	lˠɛn1/ɭien1	
㢟	ʈˠʰɛn1/ʈʰien1	
㢟	ʈˠʰɛn2/ʈʰien2	
蟬	ʑɛn1/dʒien1	
僤	ʑɛn1/dʒien1	
僤	dɑn3/dɑn3	
禪	ʑɛn1/dʒien1	
禪	ʑɛn3/ʒien3	
澶	ʑɛn1/dʒien1	
澶	dɑn3/dɑn3	
嬋	ʑɛn1/dʒien1	
纏	ɖˠɛn1/ɖien1	
纏	ɖˠɛn3/ɖien3	
緾	ɖˠɛn1/ɖien1	
躔	ɖˠɛn1/ɖien1	
瀍	ɖˠɛn1/ɖien1	
鄽	ɖˠɛn1/ɖien1	
𨷭	ɖˠɛn1/ɖien1	
𧔊	ɖˠɛn1/ɖien1	
廛	ɖˠɛn1/ɖien1	
㙻	ɖˠɛn1/ɖien1	
嘕	xˠɛn1/hɨen1	
仚	xˠɛn1/hɨen1	
嫣	xˠɛn1/hɨen1	
嫣	ʔˠɛn1/ʔɨen1	
嫣	ʔˠɛn2/ʔɨen2	
嫣	ʔˠɛn3/ʔɨen3	
𦒜	xˠɛn1/hɨen1	
連	lˠɛn1/ɭien1	
聮	lˠɛn1/ɭien1	
漣	lˠɛn1/ɭien1	
翴	lˠɛn1/ɭien1	
鰱	lˠɛn1/ɭien1	
令	lˠɛn1/ɭien1	
令	lˠɛŋ1/ɭieŋ1	
令	lʲɛŋ1/lieŋ1	
令	lˠɛŋ3/ɭieŋ3	
令	lʲɛŋ3/lieŋ3	
䃛	lˠɛn1/ɭien1	
㦁	lˠɛn1/ɭien1	
槤	lˠɛn1/ɭien1	
𪚀	lˠɛn1/ɭien1	
㶌	lˠɛn1/ɭien1	
篇	pʲʰɛn1/pʰien1	
偏	pʲʰɛn1/pʰien1	
偏	pʲʰɛn3/pʰien3	
翩	pʲʰɛn1/pʰien1	
媥	pʲʰɛn1/pʰien1	
㾫	pʲʰɛn1/pʰien1	
扁	pʲʰɛn1/pʰien1	
扁	pʲɛn2/pien2	
扁	bʲɛn3/bien3	
便	bʲɛn1/bien1	
便	bʲɛn3/bien3	
緶	bʲɛn1/bien1	
緶	pʲɛn2/pien2	
楩	bʲɛn1/bien1	
楩	bʲɛn3/bien3	
平	bʲɛn1/bien1	
平	bˠɛŋ1/bɨeŋ1	
諞	bʲɛn1/bien1	
諞	bˠɛn3/bɨen3	
諞	bʲɛn3/bien3	
㛹	bʲɛn1/bien1	
箯	bʲɛn1/bien1	
箯	pʲɛn1/pien1	
𧍲	bʲɛn1/bien1	
緜	mʲɛn1/mien1	
綿	mʲɛn1/mien1	
棉	mʲɛn1/mien1	
矊	mʲɛn1/mien1	
蝒	mʲɛn1/mien1	
𧉄	mʲɛn1/mien1	
𢣔	mʲɛn1/mien1	
宀	mʲɛn1/mien1	
䫵	mʲɛn1/mien1	
櫋	mʲɛn1/mien1	
𣏜	mʲɛn1/mien1	
臱	mʲɛn1/mien1	
㮌	mʲɛn1/mien1	
𣡠	mʲɛn1/mien1	
全	dzʲwɛn1/dzyen1	
㒰	dzʲwɛn1/dzyen1	
泉	dzʲwɛn1/dzyen1	
𧍭	dzʲwɛn1/dzyen1	
牷	dzʲwɛn1/dzyen1	
䀬	dzʲwɛn1/dzyen1	
䀬	tʂwɛn1/tʂʯen1	
葲	dzʲwɛn1/dzyen1	
宣	sʲwɛn1/syen1	
揎	sʲwɛn1/syen1	
㩊	sʲwɛn1/syen1	
愃	sʲwɛn1/syen1	
愃	xˠwɛn2/hʉon2	
𡈣	sʲwɛn1/syen1	
𩕖	sʲwɛn1/syen1	
瑄	sʲwɛn1/syen1	
𩤡	sʲwɛn1/syen1	
鐫	tsʲwɛn1/tsyen1	
鋑	tsʲwɛn1/tsyen1	
剶	tsʲwɛn1/tsyen1	
剶	ʈˠʰwɛn1/ʈʰyen1	
翾	xʲwɛn1/hyen1	
儇	xʲwɛn1/hyen1	
蠉	xʲwɛn1/hyen1	
蠉	xʲwɛn2/hyen2	
𧾎	xʲwɛn1/hyen1	
嬛	xʲwɛn1/hyen1	
嬛	ʔʲwɛn1/ʔyen1	
嬛	ɡʲwɛŋ1/ɡyeŋ1	
譞	xʲwɛn1/hyen1	
頨	xʲwɛn1/hyen1	
頨	ɰu2/ɨ̯u2	
堧	ɲwɛn1/ɲʒyen1	
堧	nwɑ3/nuɔ3	
䙇	ɲwɛn1/ɲʒyen1	
𤲬	ɲwɛn1/ɲʒyen1	
𤲬	ɲwɛn2/ɲʒyen2	
𤲬	ɲwɛn3/ɲʒyen3	
𤲬	nwɑ3/nuɔ3	
瑌	ɲwɛn1/ɲʒyen1	
瑌	ɲwɛn2/ɲʒyen2	
撋	ɲwɛn1/ɲʒyen1	
穿	tɕʰwɛn1/tʃʰyen1	
穿	tɕʰwɛn3/tʃʰyen3	
川	tɕʰwɛn1/tʃʰyen1	
沿	jwɛn1/jyen1	
㳂	jwɛn1/jyen1	
鉛	jwɛn1/jyen1	
櫞	jwɛn1/jyen1	
捐	jwɛn1/jyen1	
鳶	jwɛn1/jyen1	
蝝	jwɛn1/jyen1	
緣	jwɛn1/jyen1	
緣	jwɛn3/jyen3	
䱲	jwɛn1/jyen1	
𦿂	jwɛn1/jyen1	
𦛔	jwɛn1/jyen1	
𦛔	zʲwɛn3/zyen3	
旋	zʲwɛn1/zyen1	
旋	zʲwɛn3/zyen3	
璿	zʲwɛn1/zyen1	
𤩅	zʲwɛn1/zyen1	
𤫀	zʲwɛn1/zyen1	
䗠	zʲwɛn1/zyen1	
㳬	zʲwɛn1/zyen1	
㳬	zʲwɛn3/zyen3	
琁	zʲwɛn1/zyen1	
璇	zʲwɛn1/zyen1	
𣟳	zʲwɛn1/zyen1	
蜁	zʲwɛn1/zyen1	
㔯	zʲwɛn1/zyen1	
䁢	zʲwɛn1/zyen1	
嫙	zʲwɛn1/zyen1	
嫙	zʲwɛn3/zyen3	
鏇	zʲwɛn1/zyen1	
鏇	zʲwɛn3/zyen3	
娟	ʔʲwɛn1/ʔyen1	
悁	ʔʲwɛn1/ʔyen1	
𡷡	ʔʲwɛn1/ʔyen1	
船	ʑwɛn1/dʒyen1	
舩	ʑwɛn1/dʒyen1	
鞭	pʲɛn1/pien1	
鯾	pʲɛn1/pien1	
揙	pʲɛn1/pien1	
㳄	zʲɛn1/zien1	
涎	zʲɛn1/zien1	
涎	jɛn3/jien3	
詮	tsʲʰwɛn1/tsʰyen1	
銓	tsʲʰwɛn1/tsʰyen1	
硂	tsʲʰwɛn1/tsʰyen1	
痊	tsʲʰwɛn1/tsʰyen1	
佺	tsʲʰwɛn1/tsʰyen1	
悛	tsʲʰwɛn1/tsʰyen1	
駩	tsʲʰwɛn1/tsʰyen1	
筌	tsʲʰwɛn1/tsʰyen1	
絟	tsʲʰwɛn1/tsʰyen1	
絟	tsʲʰwɛt4/tsʰyet4	
譔	tsʲʰwɛn1/tsʰyen1	
譔	dʐwɛn3/dʐʯen3	
縓	tsʲʰwɛn1/tsʰyen1	
縓	tsʲʰwɛn3/tsʰyen3	
恮	tsʲʰwɛn1/tsʰyen1	
恮	tʂwɛn1/tʂʯen1	
荃	tsʲʰwɛn1/tsʰyen1	
𠛮	tsʲʰwɛn1/tsʰyen1	
峑	tsʲʰwɛn1/tsʰyen1	
𠥙	tsʲʰwɛn1/tsʰyen1	
鐉	tsʲʰwɛn1/tsʰyen1	
拴	tsʲʰwɛn1/tsʰyen1	
專	tɕwɛn1/tʃyen1	
甎	tɕwɛn1/tʃyen1	
顓	tɕwɛn1/tʃyen1	
嫥	tɕwɛn1/tʃyen1	
諯	tɕwɛn1/tʃyen1	
諯	ʑwɛn1/dʒyen1	
諯	tɕʰwɛn3/tʃʰyen3	
諯	tsʲʰwɛn3/tsʰyen3	
膞	tɕwɛn1/tʃyen1	
膞	ʑwɛn3/ʒyen3	
膞	tɕwɛn2/tʃyen2	
鱄	tɕwɛn1/tʃyen1	
鱄	tɕwɛn2/tʃyen2	
𩠹	tɕwɛn1/tʃyen1	
遄	ʑwɛn1/dʒyen1	
輲	ʑwɛn1/dʒyen1	
輇	ʑwɛn1/dʒyen1	
椯	ʑwɛn1/dʒyen1	
歂	ʑwɛn1/dʒyen1	
歂	ʑwɛn3/ʒyen3	
圓	ɰwɛn1/ʉon1	
蟤	tʂwɛn1/tʂʯen1	
栓	ʂwɛn1/ʂʯen1	
𨏉	ʂwɛn1/ʂʯen1	
𨏉	ʂwɛn3/ʂʯen3	
猭	ʈˠʰwɛn1/ʈʰyen1	
猭	ʈˠʰwɛn3/ʈʰyen3	
虔	ɡˠɛn1/ɡɨen1	
鰬	ɡˠɛn1/ɡɨen1	
𨜻	ɡˠɛn1/ɡɨen1	
榩	ɡˠɛn1/ɡɨen1	
鍵	ɡˠɛn1/ɡɨen1	
鍵	ɡˠɛn3/ɡɨen3	
揵	ɡˠɛn1/ɡɨen1	
揵	kˠɛn2/kɨen2	
愆	kˠʰɛn1/kʰɨen1	
䇂	kˠʰɛn1/kʰɨen1	
諐	kˠʰɛn1/kʰɨen1	
𠍴	kˠʰɛn1/kʰɨen1	
褰	kˠʰɛn1/kʰɨen1	
騫	kˠʰɛn1/kʰɨen1	
䙭	kˠʰɛn1/kʰɨen1	
䙭	kˠɛn2/kɨen2	
𧽐	kˠʰɛn1/kʰɨen1	
攐	kˠʰɛn1/kʰɨen1	
㗔	kˠʰɛn1/kʰɨen1	
權	ɡˠwɛn1/ɡʉon1	
拳	ɡˠwɛn1/ɡʉon1	
觠	ɡˠwɛn1/ɡʉon1	
觠	kˠwɛn3/kʉon3	
顴	ɡˠwɛn1/ɡʉon1	
踡	ɡˠwɛn1/ɡʉon1	
婘	ɡˠwɛn1/ɡʉon1	
孉	ɡˠwɛn1/ɡʉon1	
䠰	ɡˠwɛn1/ɡʉon1	
𤷄	ɡˠwɛn1/ɡʉon1	
犈	ɡˠwɛn1/ɡʉon1	
犈	kˠwɛn3/kʉon3	
蠸	ɡˠwɛn1/ɡʉon1	
齤	ɡˠwɛn1/ɡʉon1	
卷	ɡˠwɛn1/ɡʉon1	
卷	ɡˠwɛn3/ɡʉon3	
卷	kˠwɛn2/kʉon2	
卷	kˠwɛn3/kʉon3	
𪈻	ɡˠwɛn1/ɡʉon1	
𥆗	ɡˠwɛn1/ɡʉon1	
𥁠	ɡˠwɛn1/ɡʉon1	
𢑆	ɡˠwɛn1/ɡʉon1	
鬈	ɡˠwɛn1/ɡʉon1	
鬈	kˠʰwɛn1/kʰʉon1	
䟒	ɡˠwɛn1/ɡʉon1	
䑏	ɡˠwɛn1/ɡʉon1	
蜷	ɡˠwɛn1/ɡʉon1	
捲	ɡˠwɛn1/ɡʉon1	
捲	kˠwɛn2/kʉon2	
捲	kˠwɛn3/kʉon3	
椽	ɖˠwɛn1/ɖyen1	
傳	ɖˠwɛn1/ɖyen1	
傳	ɖˠwɛn3/ɖyen3	
傳	ʈˠwɛn3/ʈyen3	
攣	lˠwɛn1/ɭyen1	
弮	kˠʰwɛn1/kʰʉon1	
弮	kˠwɛn3/kʉon3	
㒽	kˠʰwɛn1/kʰʉon1	
棬	kˠʰwɛn1/kʰʉon1	
𨟠	kˠʰwɛn1/kʰʉon1	
𨟠	kˠʰɑk4/kʰɨɔk4	
鄢	ʔˠɛn1/ʔɨen1	
鄢	ʔˠɛn2/ʔɨen2	
鄢	ʔˠɛn3/ʔɨen3	
漹	ɰɛn1/ɨen1	
漹	ʔˠɛn3/ʔɨen3	
䗡	ɰɛn1/ɨen1	
燀	tɕʰɛn1/tʃʰien1	
燀	tɕɛn2/tʃien2	
燀	tɕʰɛn2/tʃʰien2	
勬	kˠwɛn1/kʉon1	
勬	kˠwɛn3/kʉon3	
蕭	sʲɛw1/sieu1	
簫	sʲɛw1/sieu1	
彇	sʲɛw1/sieu1	
蟰	sʲɛw1/sieu1	
蟰	sʲɨwk4/sɨuk4	
橚	sʲɛw1/sieu1	
橚	sʲɨwk4/sɨuk4	
潚	sʲɛw1/sieu1	
潚	sʲɨwk4/sɨuk4	
𩙚	sʲɛw1/sieu1	
踃	sʲɛw1/sieu1	
㩋	sʲɛw1/sieu1	
㩋	sʲɛw2/sieu2	
㩋	sʲɛw3/sieu3	
㩋	ʂɨwk4/ʂʅuk4	
㩋	sʲɨwk4/sɨuk4	
箾	sʲɛw1/sieu1	
箾	ʂawk4/ʂɯak4	
𦐺	sʲɛw1/sieu1	
㲖	sʲɛw1/sieu1	
艘	sʲɛw1/sieu1	
艘	sɑw1/sɑu1	
瞍	sʲɛw1/sieu1	
瞍	sɨw2/səu2	
翛	sʲɛw1/sieu1	
翛	ɕɨwk4/ʃɨuk4	
撨	sʲɛw1/sieu1	
撨	dzʲɛw1/dzieu1	
祧	tʲʰɛw1/tʰieu1	
佻	tʲʰɛw1/tʰieu1	
佻	dʲɛw1/dieu1	
挑	tʲʰɛw1/tʰieu1	
挑	tʰɑw1/tʰɑu1	
挑	dʲɛw3/dieu3	
朓	tʲʰɛw1/tʰieu1	
朓	tʲʰɛw2/tʰieu2	
恌	tʲʰɛw1/tʰieu1	
恌	jɛw1/jieu1	
𣂁	tʲʰɛw1/tʰieu1	
庣	tʲʰɛw1/tʰieu1	
銚	tʲʰɛw1/tʰieu1	
銚	jɛw1/jieu1	
銚	dʲɛw3/dieu3	
趒	tʲʰɛw1/tʰieu1	
趒	dʲɛw1/dieu1	
趒	tʲʰɛw3/tʰieu3	
聎	tʲʰɛw1/tʰieu1	
蓧	tʲʰɛw1/tʰieu1	
蓧	dʲɛk4/diek4	
貂	tʲɛw1/tieu1	
䯾	tʲɛw1/tieu1	
䯾	dʲɛw1/dieu1	
䯾	tɕɨw3/tʃiu̯3	
𠚥	tʲɛw1/tieu1	
刁	tʲɛw1/tieu1	
琱	tʲɛw1/tieu1	
凋	tʲɛw1/tieu1	
鯛	tʲɛw1/tieu1	
䂏	tʲɛw1/tieu1	
雕	tʲɛw1/tieu1	
鵰	tʲɛw1/tieu1	
蛁	tʲɛw1/tieu1	
彫	tʲɛw1/tieu1	
𧜣	tʲɛw1/tieu1	
𧜣	tʲɛw2/tieu2	
𧘨	tʲɛw1/tieu1	
芀	tʲɛw1/tieu1	
芀	dʲɛw1/dieu1	
𦶌	tʲɛw1/tieu1	
𦨣	tʲɛw1/tieu1	
𩾗	tʲɛw1/tieu1	
𩾗	tsʲɛw1/tsieu1	
㚋	tʲɛw1/tieu1	
奝	tʲɛw1/tieu1	
瞗	tʲɛw1/tieu1	
迢	dʲɛw1/dieu1	
條	dʲɛw1/dieu1	
樤	dʲɛw1/dieu1	
髫	dʲɛw1/dieu1	
跳	dʲɛw1/dieu1	
鋚	dʲɛw1/dieu1	
𧌁	dʲɛw1/dieu1	
蜩	dʲɛw1/dieu1	
苕	dʲɛw1/dieu1	
調	dʲɛw1/dieu1	
調	ʈˠɨw1/ʈiu̯1	
調	dʲɛw3/dieu3	
鮡	dʲɛw1/dieu1	
鮡	ɖˠɛw3/ɖieu3	
岧	dʲɛw1/dieu1	
䩦	dʲɛw1/dieu1	
嬥	dʲɛw1/dieu1	
嬥	dʲɛw3/dieu3	
嬥	ɖawk4/ɖɯak4	
𠤼	dʲɛw1/dieu1	
𣬸	dʲɛw1/dieu1	
𠧪	dʲɛw1/dieu1	
鰷	dʲɛw1/dieu1	
驍	kʲɛw1/kieu1	
梟	kʲɛw1/kieu1	
𥄉	kʲɛw1/kieu1	
澆	kʲɛw1/kieu1	
澆	ŋʲɛw3/ŋieu3	
憿	kʲɛw1/kieu1	
釗	kʲɛw1/kieu1	
釗	tɕɛw1/tʃieu1	
邀	kʲɛw1/kieu1	
邀	ʔʲɛw1/ʔieu1	
蟂	kʲɛw1/kieu1	
徼	kʲɛw1/kieu1	
徼	kʲɛw3/kieu3	
聊	lʲɛw1/lieu1	
𦗖	lʲɛw1/lieu1	
𦗖	lɑw1/lɑu1	
膋	lʲɛw1/lieu1	
膫	lʲɛw1/lieu1	
膫	lˠɛw3/ɭieu3	
飉	lʲɛw1/lieu1	
遼	lʲɛw1/lieu1	
憀	lʲɛw1/lieu1	
憀	lˠɨw1/ɭiu̯1	
竂	lʲɛw1/lieu1	
寥	lʲɛw1/lieu1	
寥	lʲɛk4/liek4	
料	lʲɛw1/lieu1	
料	lʲɛw3/lieu3	
㙩	lʲɛw1/lieu1	
㙩	lˠɛw3/ɭieu3	
橑	lʲɛw1/lieu1	
橑	lɑw2/lɑu2	
撩	lʲɛw1/lieu1	
撩	lʲɛw2/lieu2	
摷	lʲɛw1/lieu1	
摷	tʂaw1/tʂɯau1	
廖	lʲɛw1/lieu1	
廖	lˠɨw3/ɭiu̯3	
僚	lʲɛw1/lieu1	
僚	lˠɛw2/ɭieu2	
寮	lʲɛw1/lieu1	
鐐	lʲɛw1/lieu1	
鐐	lʲɛw3/lieu3	
簝	lʲɛw1/lieu1	
簝	lɑw1/lɑu1	
豂	lʲɛw1/lieu1	
鷯	lʲɛw1/lieu1	
鷯	lˠɛw3/ɭieu3	
𥲊	lʲɛw1/lieu1	
璙	lʲɛw1/lieu1	
璙	lˠɛw2/ɭieu2	
璙	lʲɛw3/lieu3	
嫽	lʲɛw1/lieu1	
嫽	lˠɛw2/ɭieu2	
嫽	lʲɛw3/lieu3	
漻	lʲɛw1/lieu1	
蟟	lʲɛw1/lieu1	
瞭	lʲɛw1/lieu1	
瞭	lʲɛw2/lieu2	
䜮	lʲɛw1/lieu1	
䜮	lɑw1/lɑu1	
𧂏	lʲɛw1/lieu1	
𩯊	lʲɛw1/lieu1	
嶚	lʲɛw1/lieu1	
翏	lʲɛw1/lieu1	
翏	lˠɨw3/ɭiu̯3	
繚	lʲɛw1/lieu1	
繚	lʲɛw2/lieu2	
繚	lˠɛw2/ɭieu2	
憭	lʲɛw1/lieu1	
憭	lʲɛw2/lieu2	
憭	lˠɛw2/ɭieu2	
獠	lʲɛw1/lieu1	
獠	ʈaw2/ʈɯau2	
獠	lɑw2/lɑu2	
髎	lʲɛw1/lieu1	
髎	lˠɛw1/ɭieu1	
𡽐	lʲɛw1/lieu1	
蟧	lʲɛw1/lieu1	
蟧	lɑw1/lɑu1	
𦿌	lʲɛw1/lieu1	
𦿌	lwɑ1/luɔ1	
敹	lʲɛw1/lieu1	
嘹	lʲɛw1/lieu1	
嘹	lʲɛw3/lieu3	
熮	lʲɛw1/lieu1	
熮	lˠɨw2/ɭiu̯2	
熮	lˠɛw3/ɭieu3	
堯	ŋʲɛw1/ŋieu1	
嶢	ŋʲɛw1/ŋieu1	
僥	ŋʲɛw1/ŋieu1	
垚	ŋʲɛw1/ŋieu1	
顤	ŋʲɛw1/ŋieu1	
顤	χaw1/hɯau1	
顤	ŋʲɛw3/ŋieu3	
膮	xʲɛw1/hieu1	
膮	xʲɛw2/hieu2	
嘵	xʲɛw1/hieu1	
憢	xʲɛw1/hieu1	
㚠	xʲɛw1/hieu1	
㚠	kʲʰɛw1/kʰieu1	
𦞵	xʲɛw1/hieu1	
䎄	xʲɛw1/hieu1	
䫞	xʲɛw1/hieu1	
䫞	kʲʰɛw1/kʰieu1	
幺	ʔʲɛw1/ʔieu1	
怮	ʔʲɛw1/ʔieu1	
怮	ʔˠɨw1/ʔɨu̯1	
怮	ʔʲɨw1/ʔiu̯1	
怮	ʔʲɨw2/ʔiu̯2	
葽	ʔʲɛw1/ʔieu1	
葽	ʔʲɛw2/ʔieu2	
葽	ʔʲɛw3/ʔieu3	
䱂	ʔʲɛw1/ʔieu1	
䱂	ʔˠɨw2/ʔɨu̯2	
㫐	ʔʲɛw1/ʔieu1	
㫐	ʔʲɛw2/ʔieu2	
鄡	kʲʰɛw1/kʰieu1	
郻	kʲʰɛw1/kʰieu1	
𢿣	kʲʰɛw1/kʰieu1	
𢿣	ɴaw1/ŋɯau1	
𢿣	kʲʰɛk4/kʰiek4	
墽	kʲʰɛw1/kʰieu1	
𡩇	kʲʰɛw1/kʰieu1	
宵	sʲɛw1/sieu1	
消	sʲɛw1/sieu1	
霄	sʲɛw1/sieu1	
捎	sʲɛw1/sieu1	
捎	ʂaw1/ʂɯau1	
逍	sʲɛw1/sieu1	
痟	sʲɛw1/sieu1	
綃	sʲɛw1/sieu1	
綃	ʂaw1/ʂɯau1	
銷	sʲɛw1/sieu1	
焇	sʲɛw1/sieu1	
硝	sʲɛw1/sieu1	
蛸	sʲɛw1/sieu1	
蛸	ʂaw1/ʂɯau1	
莦	sʲɛw1/sieu1	
莦	ʂaw1/ʂɯau1	
哨	sʲɛw1/sieu1	
哨	tsʲʰɛw3/tsʰieu3	
鮹	sʲɛw1/sieu1	
鮹	ʂaw1/ʂɯau1	
𤞚	sʲɛw1/sieu1	
䴛	sʲɛw1/sieu1	
揱	sʲɛw1/sieu1	
揱	ʂaw3/ʂɯau3	
揱	ʂawk4/ʂɯak4	
魈	sʲɛw1/sieu1	
超	ʈˠʰɛw1/ʈʰieu1	
怊	ʈˠʰɛw1/ʈʰieu1	
怊	tɕʰɛw1/tʃʰieu1	
欩	ʈˠʰɛw1/ʈʰieu1	
𢁾	ʈˠʰɛw1/ʈʰieu1	
𠰉	ʈˠʰɛw1/ʈʰieu1	
䫿	ʈˠʰɛw1/ʈʰieu1	
朝	ʈˠɛw1/ʈieu1	
朝	ɖˠɛw1/ɖieu1	
𦩻	ʈˠɛw1/ʈieu1	
鼂	ɖˠɛw1/ɖieu1	
晁	ɖˠɛw1/ɖieu1	
潮	ɖˠɛw1/ɖieu1	
囂	xˠɛw1/hɨeu1	
枵	xˠɛw1/hɨeu1	
歊	xˠɛw1/hɨeu1	
歊	χɨwk4/huk4	
毊	xˠɛw1/hɨeu1	
毊	ɡˠɛw1/ɡɨeu1	
獢	xˠɛw1/hɨeu1	
㺧	xˠɛw1/hɨeu1	
藃	xˠɛw1/hɨeu1	
藃	χaw1/hɯau1	
藃	χɑw3/hɑu3	
呺	xˠɛw1/hɨeu1	
𩱴	xˠɛw1/hɨeu1	
䖀	xˠɛw1/hɨeu1	
樵	dzʲɛw1/dzieu1	
𦿕	dzʲɛw1/dzieu1	
劁	dzʲɛw1/dzieu1	
劁	dzʲɛw3/dzieu3	
憔	dzʲɛw1/dzieu1	
顦	dzʲɛw1/dzieu1	
䏆	dzʲɛw1/dzieu1	
䏆	dzɑw1/dzɑu1	
譙	dzʲɛw1/dzieu1	
嶕	dzʲɛw1/dzieu1	
𡻝	dzʲɛw1/dzieu1	
𡻝	dʐaw1/dʐɯau1	
鐎	dzʲɛw1/dzieu1	
鐎	tsʲɛw1/tsieu1	
𨝱	dzʲɛw1/dzieu1	
僬	dzʲɛw1/dzieu1	
僬	tsʲɛw1/tsieu1	
僬	tsʲɛw3/tsieu3	
䩌	dzʲɛw1/dzieu1	
䩌	tsʲɛw1/tsieu1	
䩌	tsʲɛw3/tsieu3	
菬	dzʲɛw1/dzieu1	
菬	tɕɛw2/tʃieu2	
驕	kˠɛw1/kɨeu1	
嬌	kˠɛw1/kɨeu1	
嬌	ɡˠɛw1/ɡɨeu1	
嬌	kˠɛw2/kɨeu2	
憍	kˠɛw1/kɨeu1	
穚	kˠɛw1/kɨeu1	
鷮	kˠɛw1/kɨeu1	
鷮	ɡˠɛw1/ɡɨeu1	
蕎	kˠɛw1/kɨeu1	
蕎	ɡˠɛw1/ɡɨeu1	
喬	kˠɛw1/kɨeu1	
喬	ɡˠɛw1/ɡɨeu1	
簥	kˠɛw1/kɨeu1	
撟	kˠɛw1/kɨeu1	
撟	kˠɛw2/kɨeu2	
焦	tsʲɛw1/tsieu1	
𤓪	tsʲɛw1/tsieu1	
㲬	tsʲɛw1/tsieu1	
蕉	tsʲɛw1/tsieu1	
膲	tsʲɛw1/tsieu1	
鷦	tsʲɛw1/tsieu1	
椒	tsʲɛw1/tsieu1	
茮	tsʲɛw1/tsieu1	
噍	tsʲɛw1/tsieu1	
噍	dzʲɛw3/dzieu3	
蟭	tsʲɛw1/tsieu1	
𪚱	tsʲɛw1/tsieu1	
燋	tsʲɛw1/tsieu1	
燋	tsʲɑk4/tsɨɔk4	
䌭	tsʲɛw1/tsieu1	
饒	ɲɛw1/ɲʒieu1	
饒	ɲɛw3/ɲʒieu3	
橈	ɲɛw1/ɲʒieu1	
橈	ɳaw3/ɳɯau3	
襓	ɲɛw1/ɲʒieu1	
㹛	ɲɛw1/ɲʒieu1	
蟯	ɲɛw1/ɲʒieu1	
蟯	ʔʲɛw1/ʔieu1	
蕘	ɲɛw1/ɲʒieu1	
燒	ɕɛw1/ʃieu1	
燒	ɕɛw3/ʃieu3	
𤬖	ɕɛw1/ʃieu1	
𤬖	jɛw1/jieu1	
遙	jɛw1/jieu1	
媱	jɛw1/jieu1	
傜	jɛw1/jieu1	
繇	jɛw1/jieu1	
繇	jɨw1/jiu̯1	
繇	ɖˠɨw3/ɖiu̯3	
颻	jɛw1/jieu1	
𣣳	jɛw1/jieu1	
窯	jɛw1/jieu1	
窰	jɛw1/jieu1	
䔄	jɛw1/jieu1	
䔄	jɛw3/jieu3	
𦾺	jɛw1/jieu1	
珧	jɛw1/jieu1	
鰩	jɛw1/jieu1	
姚	jɛw1/jieu1	
搖	jɛw1/jieu1	
搖	jɛw3/jieu3	
謠	jɛw1/jieu1	
軺	jɛw1/jieu1	
軺	ʑɛw1/dʒieu1	
愮	jɛw1/jieu1	
𨙂	jɛw1/jieu1	
𨙂	jɨw1/jiu̯1	
陶	jɛw1/jieu1	
陶	dɑw1/dɑu1	
蘨	jɛw1/jieu1	
蘨	jɨw1/jiu̯1	
鷂	jɛw1/jieu1	
鷂	jɛw3/jieu3	
洮	jɛw1/jieu1	
洮	tʰɑw1/tʰɑu1	
烑	jɛw1/jieu1	
㿁	jɛw1/jieu1	
𢑄	jɛw1/jieu1	
㫍	jɛw1/jieu1	
榣	jɛw1/jieu1	
嗂	jɛw1/jieu1	
䠛	jɛw1/jieu1	
瑤	jɛw1/jieu1	
猺	jɛw1/jieu1	
餆	jɛw1/jieu1	
韶	ʑɛw1/dʒieu1	
㲈	ʑɛw1/dʒieu1	
佋	ʑɛw1/dʒieu1	
佋	ʑɛw3/ʒieu3	
𦯐	ʑɛw1/dʒieu1	
𠧙	ʑɛw1/dʒieu1	
𠧙	tɕɛw3/tʃieu3	
𠧙	ʑɛw3/ʒieu3	
玿	ʑɛw1/dʒieu1	
𢃳	ʑɛw1/dʒieu1	
柖	ʑɛw1/dʒieu1	
㸛	ʑɛw1/dʒieu1	
昭	tɕɛw1/tʃieu1	
鵃	tɕɛw1/tʃieu1	
鵃	ʈaw1/ʈɯau1	
鉊	tɕɛw1/tʃieu1	
招	tɕɛw1/tʃieu1	
盄	tɕɛw1/tʃieu1	
皽	tɕɛw1/tʃieu1	
皽	ʈˠɛn2/ʈien2	
皽	tɕɛn2/tʃien2	
飆	pʲɛw1/pieu1	
標	pʲɛw1/pieu1	
標	pʲɛw2/pieu2	
猋	pʲɛw1/pieu1	
杓	pʲɛw1/pieu1	
杓	pʲʰɛw1/pʰieu1	
杓	ʑɑk4/ʒɨɔk4	
杓	tʲɛk4/tiek4	
瘭	pʲɛw1/pieu1	
幖	pʲɛw1/pieu1	
熛	pʲɛw1/pieu1	
㠒	pʲɛw1/pieu1	
𧽤	pʲɛw1/pieu1	
𧽤	pʲʰɛw1/pʰieu1	
蔈	pʲɛw1/pieu1	
驫	pʲɛw1/pieu1	
驫	pˠɨw1/piu̯1	
𦠎	pʲɛw1/pieu1	
𦠎	pʲʰɛw1/pʰieu1	
𣄠	pʲɛw1/pieu1	
贆	pʲɛw1/pieu1	
髟	pʲɛw1/pieu1	
髟	pˠɨw1/piu̯1	
髟	ʂam1/ʂɯam1	
鑣	pˠɛw1/pɨeu1	
𧥍	pˠɛw1/pɨeu1	
臕	pˠɛw1/pɨeu1	
儦	pˠɛw1/pɨeu1	
瀌	pˠɛw1/pɨeu1	
瀌	bˠɨw1/biu̯1	
𦔩	pˠɛw1/pɨeu1	
藨	pˠɛw1/pɨeu1	
藨	pʰɑw1/pʰuɔu1	
藨	bˠɛw3/bɨeu3	
瓢	bʲɛw1/bieu1	
飄	bʲɛw1/bieu1	
飄	pʲʰɛw1/pʰieu1	
剽	bʲɛw1/bieu1	
剽	pʲʰɛw3/pʰieu3	
薸	bʲɛw1/bieu1	
㯱	bʲɛw1/bieu1	
㯱	pʰɑw1/pʰuɔu1	
螵	bʲɛw1/bieu1	
螵	pʲʰɛw1/pʰieu1	
䖢	mʲɛw1/mieu1	
篻	mʲɛw1/mieu1	
篻	pʲʰɛw2/pʰieu2	
㠺	mʲɛw1/mieu1	
𪃦	mʲɛw1/mieu1	
苗	mˠɛw1/mɨeu1	
描	mˠɛw1/mɨeu1	
描	maw1/muau1	
緢	mˠɛw1/mɨeu1	
緢	maw2/muau2	
緢	maw3/muau3	
貓	mˠɛw1/mɨeu1	
貓	maw1/muau1	
猫	mˠɛw1/mɨeu1	
要	ʔʲɛw1/ʔieu1	
要	ʔʲɛw3/ʔieu3	
腰	ʔʲɛw1/ʔieu1	
喓	ʔʲɛw1/ʔieu1	
𧍔	ʔʲɛw1/ʔieu1	
䙅	ʔʲɛw1/ʔieu1	
䳩	ʔʲɛw1/ʔieu1	
鴞	ɰɛw1/ɨeu1	
𨚙	ɰɛw1/ɨeu1	
𨚙	ʁɑw1/ɦɑu1	
橋	ɡˠɛw1/ɡɨeu1	
趫	ɡˠɛw1/ɡɨeu1	
趫	kˠʰɛw1/kʰɨeu1	
僑	ɡˠɛw1/ɡɨeu1	
㝯	ɡˠɛw1/ɡɨeu1	
鐈	ɡˠɛw1/ɡɨeu1	
嶠	ɡˠɛw1/ɡɨeu1	
嶠	ɡˠɛw3/ɡɨeu3	
轎	ɡˠɛw1/ɡɨeu1	
轎	ɡˠɛw3/ɡɨeu3	
蟜	ɡˠɛw1/ɡɨeu1	
蟜	kˠɛw2/kɨeu2	
蹻	ɡˠɛw1/ɡɨeu1	
蹻	kʲʰɛw1/kʰieu1	
蹻	kˠɛw2/kɨeu2	
蹻	kˠɑk4/kɨɔk4	
蹻	ɡˠɑk4/ɡɨɔk4	
䎗	ɡˠɛw1/ɡɨeu1	
䎗	ɡʲɛw1/ɡieu1	
䀉	ɡˠɛw1/ɡɨeu1	
鍫	tsʲʰɛw1/tsʰieu1	
鐰	tsʲʰɛw1/tsʰieu1	
鐰	dzɑw1/dzɑu1	
篍	tsʲʰɛw1/tsʰieu1	
篍	tsʲʰɨw1/tsʰiu̯1	
篍	tsʲʰɛw3/tsʰieu3	
幧	tsʲʰɛw1/tsʰieu1	
幧	tsʰɑw1/tsʰɑu1	
㡑	tsʲʰɛw1/tsʰieu1	
㡑	tsʲɛw2/tsieu2	
𣟼	tsʲʰɛw1/tsʰieu1	
𣟼	tsʲɨw1/tsiu̯1	
𣖄	tsʲʰɛw1/tsʰieu1	
妖	ʔˠɛw1/ʔɨeu1	
祅	ʔˠɛw1/ʔɨeu1	
枖	ʔˠɛw1/ʔɨeu1	
訞	ʔˠɛw1/ʔɨeu1	
夭	ʔˠɛw1/ʔɨeu1	
夭	ʔˠɛw2/ʔɨeu2	
夭	ʔɑw2/ʔɑu2	
繑	kʲʰɛw1/kʰieu1	
趬	kʲʰɛw1/kʰieu1	
趬	kˠʰɛw3/kʰɨeu3	
蹺	kʲʰɛw1/kʰieu1	
弨	tɕʰɛw1/tʃʰieu1	
弨	tɕʰɛw2/tʃʰieu2	
𤐫	pʲʰɛw1/pʰieu1	
漂	pʲʰɛw1/pʰieu1	
漂	pʲʰɛw3/pʰieu3	
𩙒	pʲʰɛw1/pʰieu1	
嫖	pʲʰɛw1/pʰieu1	
嫖	pʲʰɛw3/pʰieu3	
旚	pʲʰɛw1/pʰieu1	
犥	pʲʰɛw1/pʰieu1	
犥	pʲʰɛw2/pʰieu2	
鏢	pʲʰɛw1/pʰieu1	
僄	pʲʰɛw1/pʰieu1	
僄	pʲʰɛw3/pʰieu3	
𪅃	pʲʰɛw1/pʰieu1	
慓	pʲʰɛw1/pʰieu1	
慓	bʲɛw3/bieu3	
慓	pʲʰɛw3/pʰieu3	
彯	pʲʰɛw1/pʰieu1	
彯	pʲʰɛw3/pʰieu3	
摽	pʲʰɛw1/pʰieu1	
摽	bʲɛw3/bieu3	
摽	pʲʰɛw3/pʰieu3	
𨄏	pʲʰɛw1/pʰieu1	
翲	pʲʰɛw1/pʰieu1	
翲	pʲʰɛw3/pʰieu3	
瞟	pʲʰɛw1/pʰieu1	
瞟	pʲʰɛw2/pʰieu2	
嘌	pʲʰɛw1/pʰieu1	
翹	ɡʲɛw1/ɡieu1	
翹	ɡʲɛw3/ɡieu3	
荍	ɡʲɛw1/ɡieu1	
𧄍	ɡʲɛw1/ɡieu1	
嘺	ɡʲɛw1/ɡieu1	
𤖻	ɡʲɛw1/ɡieu1	
𤖻	ɕi3/ʃi3	
燎	lˠɛw1/ɭieu1	
燎	lˠɛw2/ɭieu2	
燎	lˠɛw3/ɭieu3	
𢄹	kˠʰɛw1/kʰɨeu1	
橇	kˠʰɛw1/kʰɨeu1	
鞽	kˠʰɛw1/kʰɨeu1	
肴	ʁaw1/ɦɯau1	
餚	ʁaw1/ɦɯau1	
崤	ʁaw1/ɦɯau1	
崤	ʁɑw1/ɦɑu1	
𦺔	ʁaw1/ɦɯau1	
殽	ʁaw1/ɦɯau1	
洨	ʁaw1/ɦɯau1	
筊	ʁaw1/ɦɯau1	
筊	qaw2/kɯau2	
姣	ʁaw1/ɦɯau1	
姣	qaw2/kɯau2	
猇	ʁaw1/ɦɯau1	
猇	χaw1/hɯau1	
㮁	ʁaw1/ɦɯau1	
爻	ʁaw1/ɦɯau1	
淆	ʁaw1/ɦɯau1	
笅	ʁaw1/ɦɯau1	
㬵	ʁaw1/ɦɯau1	
𨠦	ʁaw1/ɦɯau1	
䋂	ʁaw1/ɦɯau1	
倄	ʁaw1/ɦɯau1	
倄	ɰwɛj2/ʉoi2	
㤊	ʁaw1/ɦɯau1	
㤊	ʁaw3/ɦɯau3	
䂚	ʁaw1/ɦɯau1	
交	qaw1/kɯau1	
蛟	qaw1/kɯau1	
茭	qaw1/kɯau1	
鵁	qaw1/kɯau1	
膠	qaw1/kɯau1	
膠	qaw3/kɯau3	
鮫	qaw1/kɯau1	
咬	qaw1/kɯau1	
咬	ʔaw1/ʔɯau1	
郊	qaw1/kɯau1	
䍊	qaw1/kɯau1	
䍊	kʲʰɛk4/kʰiek4	
轇	qaw1/kɯau1	
㶀	qaw1/kɯau1	
䢒	qaw1/kɯau1	
教	qaw1/kɯau1	
教	qaw3/kɯau3	
䉰	qaw1/kɯau1	
䉰	ʁaw3/ɦɯau3	
䉰	qaw2/kɯau2	
𥹜	qaw1/kɯau1	
摎	qaw1/kɯau1	
摎	lˠɨw1/ɭiu̯1	
鉸	qaw1/kɯau1	
鉸	qaw2/kɯau2	
鉸	qaw3/kɯau3	
佼	qaw1/kɯau1	
佼	ʁaw3/ɦɯau3	
佼	qaw2/kɯau2	
𦫶	qaw1/kɯau1	
𦫶	pʰaw1/pʰuau1	
𦫶	kˠɨw1/kɨu̯1	
詨	qaw1/kɯau1	
詨	ʁaw3/ɦɯau3	
詨	χaw3/hɯau3	
嘐	qaw1/kɯau1	
嘐	χaw1/hɯau1	
𩎔	qaw1/kɯau1	
巢	dʐaw1/dʐɯau1	
巢	dʐaw3/dʐɯau3	
轈	dʐaw1/dʐɯau1	
勦	dʐaw1/dʐɯau1	
勦	tsʲɛw2/tsieu2	
𣝞	dʐaw1/dʐɯau1	
樔	dʐaw1/dʐɯau1	
𡏮	dʐaw1/dʐɯau1	
鄛	dʐaw1/dʐɯau1	
鐃	ɳaw1/ɳɯau1	
呶	ɳaw1/ɳɯau1	
譊	ɳaw1/ɳɯau1	
怓	ɳaw1/ɳɯau1	
䴃	ɳaw1/ɳɯau1	
𣲿	ɳaw1/ɳɯau1	
䃩	ɳaw1/ɳɯau1	
𡽧	ɳaw1/ɳɯau1	
梢	ʂaw1/ʂɯau1	
髾	ʂaw1/ʂɯau1	
輎	ʂaw1/ʂɯau1	
旓	ʂaw1/ʂɯau1	
弰	ʂaw1/ʂɯau1	
䈰	ʂaw1/ʂɯau1	
筲	ʂaw1/ʂɯau1	
鞘	ʂaw1/ʂɯau1	
鞘	sʲɛw3/sieu3	
䘯	ʂaw1/ʂɯau1	
颵	ʂaw1/ʂɯau1	
娋	ʂaw1/ʂɯau1	
娋	ʂaw3/ʂɯau3	
𡡏	ʂaw1/ʂɯau1	
茅	maw1/muau1	
鶜	maw1/muau1	
媌	maw1/muau1	
媌	maw2/muau2	
虓	χaw1/hɯau1	
髇	χaw1/hɯau1	
穘	χaw1/hɯau1	
窙	χaw1/hɯau1	
嗃	χaw1/hɯau1	
嗃	χaw3/hɯau3	
嗃	χɑk4/hɑk4	
䬘	χaw1/hɯau1	
哮	χaw1/hɯau1	
哮	χaw3/hɯau3	
庨	χaw1/hɯau1	
灱	χaw1/hɯau1	
涍	χaw1/hɯau1	
涍	χaw3/hɯau3	
𩾾	χaw1/hɯau1	
㹲	χaw1/hɯau1	
包	paw1/puau1	
胞	paw1/puau1	
胞	pʰaw1/pʰuau1	
苞	paw1/puau1	
勹	paw1/puau1	
𨚔	pʰaw1/pʰuau1	
𨚔	pɑw1/puɔu1	
䍖	pʰaw1/pʰuau1	
䍖	vɨw1/bvuəu1	
脬	pʰaw1/pʰuau1	
拋	pʰaw1/pʰuau1	
拋	pʰaw3/pʰuau3	
泡	pʰaw1/pʰuau1	
泡	baw1/buau1	
𠐋	pʰaw1/pʰuau1	
𠐋	law1/ɭɯau1	
𢿏	pʰaw1/pʰuau1	
敲	qʰaw1/kʰɯau1	
敲	qʰaw3/kʰɯau3	
跤	qʰaw1/kʰɯau1	
骹	qʰaw1/kʰɯau1	
𥉾	qʰaw1/kʰɯau1	
㤍	qʰaw1/kʰɯau1	
磽	qʰaw1/kʰɯau1	
磽	kʲʰɛw2/kʰieu2	
磽	ɴaw3/ŋɯau3	
䂭	qʰaw1/kʰɯau1	
礉	qʰaw1/kʰɯau1	
礉	qʰaw3/kʰɯau3	
鄗	qʰaw1/kʰɯau1	
鄗	ʁɑw3/ɦɑu3	
鄗	χɑk4/hɑk4	
墝	qʰaw1/kʰɯau1	
頝	qʰaw1/kʰɯau1	
聱	ɴaw1/ŋɯau1	
聱	ɴɑw1/ŋɑu1	
聱	ŋʲɨw1/ŋiu̯1	
謷	ɴaw1/ŋɯau1	
謷	ɴɑw1/ŋɑu1	
謷	ɴɑw3/ŋɑu3	
磝	ɴaw1/ŋɯau1	
𦗔	tʂaw1/tʂɯau1	
罺	tʂaw1/tʂɯau1	
罺	tʂʰaw3/tʂʰɯau3	
抓	tʂaw1/tʂɯau1	
抓	tʂaw2/tʂɯau2	
抓	tʂaw3/tʂɯau3	
𠿈	tʂaw1/tʂɯau1	
𠿈	tʂɨw1/tʂʅᵊu1	
嘲	ʈaw1/ʈɯau1	
䞴	ʈaw1/ʈɯau1	
䞴	ʈaw3/ʈɯau3	
啁	ʈaw1/ʈɯau1	
啁	ʈˠɨw1/ʈiu̯1	
鳭	ʈaw1/ʈɯau1	
䜈	tʂʰaw1/tʂʰɯau1	
抄	tʂʰaw1/tʂʰɯau1	
抄	tʂʰaw3/tʂʰɯau3	
鈔	tʂʰaw1/tʂʰɯau1	
鈔	tʂʰaw3/tʂʰɯau3	
𦾱	tʂʰaw1/tʂʰɯau1	
訬	tʂʰaw1/tʂʰɯau1	
訬	mʲɛw2/mieu2	
䰫	tʂʰaw1/tʂʰɯau1	
䰫	dʐaw3/dʐɯau3	
庖	baw1/buau1	
咆	baw1/buau1	
匏	baw1/buau1	
炮	baw1/buau1	
炮	pʰaw3/pʰuau3	
炰	baw1/buau1	
鉋	baw1/buau1	
鉋	baw3/buau3	
瓟	baw1/buau1	
瓟	bawk4/buak4	
麃	baw1/buau1	
麃	pˠʰɛw2/pʰɨeu2	
掊	baw1/buau1	
掊	vɨw1/bvuəu1	
掊	bɨw1/buəu1	
掊	pɨw2/puəu2	
颮	baw1/buau1	
颮	pʰawk4/pʰuak4	
鞄	baw1/buau1	
鞄	baw3/buau3	
鞄	pʰawk4/pʰuak4	
狍	baw1/buau1	
跑	baw1/buau1	
跑	bawk4/buak4	
捊	baw1/buau1	
捊	bɨw1/buəu1	
尥	baw1/buau1	
尥	lʲɛw3/lieu3	
㯡	baw1/buau1	
䫜	ʔaw1/ʔɯau1	
㕭	ʔaw1/ʔɯau1	
坳	ʔaw1/ʔɯau1	
窅	ʔaw1/ʔɯau1	
窅	ʔʲɛw2/ʔieu2	
軪	ʔaw1/ʔɯau1	
軪	ʔaw3/ʔɯau3	
眑	ʔaw1/ʔɯau1	
眑	ʔʲɨw2/ʔiu̯2	
梎	ʔaw1/ʔɯau1	
𠣑	ʔaw1/ʔɯau1	
䫸	ʈʰaw1/ʈʰɯau1	
嘮	ʈʰaw1/ʈʰɯau1	
顟	law1/ɭɯau1	
窌	law1/ɭɯau1	
窌	pʰaw3/pʰuau3	
窌	lˠɨw3/ɭiu̯3	
賿	law1/ɭɯau1	
䄻	ɖaw1/ɖɯau1	
豪	ʁɑw1/ɦɑu1	
號	ʁɑw1/ɦɑu1	
號	ʁɑw3/ɦɑu3	
毫	ʁɑw1/ɦɑu1	
嗥	ʁɑw1/ɦɑu1	
獆	ʁɑw1/ɦɑu1	
濠	ʁɑw1/ɦɑu1	
壕	ʁɑw1/ɦɑu1	
䫧	ʁɑw1/ɦɑu1	
𣘫	ʁɑw1/ɦɑu1	
𠢕	ʁɑw1/ɦɑu1	
𨼍	ʁɑw1/ɦɑu1	
高	qɑw1/kɑu1	
膏	qɑw1/kɑu1	
膏	qɑw3/kɑu3	
皐	qɑw1/kɑu1	
皋	qɑw1/kɑu1	
羔	qɑw1/kɑu1	
餻	qɑw1/kɑu1	
㟸	qɑw1/kɑu1	
櫜	qɑw1/kɑu1	
咎	qɑw1/kɑu1	
咎	ɡˠɨw3/ɡɨu̯3	
鼛	qɑw1/kɑu1	
鷎	qɑw1/kɑu1	
篙	qɑw1/kɑu1	
槔	qɑw1/kɑu1	
䚌	qɑw1/kɑu1	
䔌	qɑw1/kɑu1	
㤒	qɑw1/kɑu1	
䆁	qɑw1/kɑu1	
𣓌	qɑw1/kɑu1	
𣓌	qɑw2/kɑu2	
倃	qɑw1/kɑu1	
倃	ɡˠɨw3/ɡɨu̯3	
䓘	qɑw1/kɑu1	
䣗	qɑw1/kɑu1	
勞	lɑw1/lɑu1	
勞	lɑw3/lɑu3	
澇	lɑw1/lɑu1	
澇	lɑw2/lɑu2	
澇	lɑw3/lɑu3	
牢	lɑw1/lɑu1	
窂	lɑw1/lɑu1	
簩	lɑw1/lɑu1	
䝁	lɑw1/lɑu1	
𧰉	lɑw1/lɑu1	
醪	lɑw1/lɑu1	
撈	lɑw1/lɑu1	
㟉	lɑw1/lɑu1	
㗦	lɑw1/lɑu1	
髝	lɑw1/lɑu1	
髝	lɑw3/lɑu3	
憥	lɑw1/lɑu1	
𨦭	lɑw1/lɑu1	
𤩂	lɑw1/lɑu1	
嫪	lɑw1/lɑu1	
嫪	lɑw3/lɑu3	
哰	lɑw1/lɑu1	
𣘪	lɑw1/lɑu1	
蒿	χɑw1/hɑu1	
䜰	χɑw1/hɑu1	
撓	χɑw1/hɑu1	
撓	ɳaw2/ɳɯau2	
薧	χɑw1/hɑu1	
薧	qʰɑw2/kʰɑu2	
薅	χɑw1/hɑu1	
茠	χɑw1/hɑu1	
𣐾	χɑw1/hɑu1	
毛	mɑw1/muɔu1	
毛	mɑw3/muɔu3	
髦	mɑw1/muɔu1	
芼	mɑw1/muɔu1	
芼	mɑw3/muɔu3	
𣹪	mɑw1/muɔu1	
旄	mɑw1/muɔu1	
旄	mɑw3/muɔu3	
㮘	mɑw1/muɔu1	
枆	mɑw1/muɔu1	
酕	mɑw1/muɔu1	
堥	mɑw1/muɔu1	
堥	mɨw1/mvuəu1	
饕	tʰɑw1/tʰɑu1	
韜	tʰɑw1/tʰɑu1	
縚	tʰɑw1/tʰɑu1	
謟	tʰɑw1/tʰɑu1	
滔	tʰɑw1/tʰɑu1	
叨	tʰɑw1/tʰɑu1	
弢	tʰɑw1/tʰɑu1	
𩥓	tʰɑw1/tʰɑu1	
𤘸	tʰɑw1/tʰɑu1	
慆	tʰɑw1/tʰɑu1	
絛	tʰɑw1/tʰɑu1	
幍	tʰɑw1/tʰɑu1	
𠌪	tʰɑw1/tʰɑu1	
槄	tʰɑw1/tʰɑu1	
槄	tʰɑw2/tʰɑu2	
蜪	tʰɑw1/tʰɑu1	
蜪	dɑw1/dɑu1	
夲	tʰɑw1/tʰɑu1	
𠦂	tʰɑw1/tʰɑu1	
綢	tʰɑw1/tʰɑu1	
綢	ɖˠɨw1/ɖiu̯1	
搯	tʰɑw1/tʰɑu1	
翢	tʰɑw1/tʰɑu1	
翢	dɑw1/dɑu1	
瑫	tʰɑw1/tʰɑu1	
𠬢	tʰɑw1/tʰɑu1	
䈱	tʰɑw1/tʰɑu1	
𠚡	tʰɑw1/tʰɑu1	
詜	tʰɑw1/tʰɑu1	
刀	tɑw1/tɑu1	
魛	tɑw1/tɑu1	
忉	tɑw1/tɑu1	
舠	tɑw1/tɑu1	
𩕯	tɑw1/tɑu1	
朷	tɑw1/tɑu1	
朷	mɨwk4/muk4	
騷	sɑw1/sɑu1	
搔	sɑw1/sɑu1	
繅	sɑw1/sɑu1	
繅	tsɑw2/tsɑu2	
繰	sɑw1/sɑu1	
繰	tsɑw2/tsɑu2	
臊	sɑw1/sɑu1	
鰠	sɑw1/sɑu1	
溞	sɑw1/sɑu1	
颾	sɑw1/sɑu1	
鱢	sɑw1/sɑu1	
㮴	sɑw1/sɑu1	
𠋺	sɑw1/sɑu1	
慅	sɑw1/sɑu1	
慅	tsʰɑw2/tsʰɑu2	
袍	bɑw1/buɔu1	
袍	bɑw3/buɔu3	
袌	bɑw1/buɔu1	
軳	bɑw1/buɔu1	
襃	pɑw1/puɔu1	
褒	pɑw1/puɔu1	
𠅬	pɑw1/puɔu1	
䛬	dɑw1/dɑu1	
䛌	dɑw1/dɑu1	
咷	dɑw1/dɑu1	
咷	tʲʰɛw3/tʰieu3	
桃	dɑw1/dɑu1	
綯	dɑw1/dɑu1	
燾	dɑw1/dɑu1	
燾	dɑw3/dɑu3	
逃	dɑw1/dɑu1	
鼗	dɑw1/dɑu1	
鞀	dɑw1/dɑu1	
鞉	dɑw1/dɑu1	
濤	dɑw1/dɑu1	
掏	dɑw1/dɑu1	
檮	dɑw1/dɑu1	
檮	ɖˠɨw1/ɖiu̯1	
檮	tɑw2/tɑu2	
騊	dɑw1/dɑu1	
萄	dɑw1/dɑu1	
翿	dɑw1/dɑu1	
翿	dɑw3/dɑu3	
䬞	dɑw1/dɑu1	
䬞	ɖˠɨw1/ɖiu̯1	
匋	dɑw1/dɑu1	
啕	dɑw1/dɑu1	
錭	dɑw1/dɑu1	
駣	dɑw1/dɑu1	
駣	ɖˠɛw3/ɖieu3	
駣	dɑw3/dɑu3	
裪	dɑw1/dɑu1	
糟	tsɑw1/tsɑu1	
𦵩	tsɑw1/tsɑu1	
𦵩	dzʲɨw1/dziu̯1	
醩	tsɑw1/tsɑu1	
遭	tsɑw1/tsɑu1	
㷮	tsɑw1/tsɑu1	
槽	tsɑw1/tsɑu1	
槽	dzɑw1/dzɑu1	
傮	tsɑw1/tsɑu1	
𣩒	tsɑw1/tsɑu1	
㡟	tsɑw1/tsɑu1	
㡟	tsʰɑw1/tsʰɑu1	
敖	ɴɑw1/ŋɑu1	
遨	ɴɑw1/ŋɑu1	
翱	ɴɑw1/ŋɑu1	
驁	ɴɑw1/ŋɑu1	
驁	ɴɑw3/ŋɑu3	
熬	ɴɑw1/ŋɑu1	
嶅	ɴɑw1/ŋɑu1	
獒	ɴɑw1/ŋɑu1	
滶	ɴɑw1/ŋɑu1	
蔜	ɴɑw1/ŋɑu1	
鷔	ɴɑw1/ŋɑu1	
鷔	ɴɑw3/ŋɑu3	
鼇	ɴɑw1/ŋɑu1	
螯	ɴɑw1/ŋɑu1	
嗸	ɴɑw1/ŋɑu1	
嗷	ɴɑw1/ŋɑu1	
䫨	ɴɑw1/ŋɑu1	
䫨	ɴɑw3/ŋɑu3	
𢧴	ɴɑw1/ŋɑu1	
摮	ɴɑw1/ŋɑu1	
嫯	ɴɑw1/ŋɑu1	
嫯	ɴɑw3/ŋɑu3	
䦋	ɴɑw1/ŋɑu1	
𣘢	ɴɑw1/ŋɑu1	
𦪈	ɴɑw1/ŋɑu1	
𩪋	ɴɑw1/ŋɑu1	
鰲	ɴɑw1/ŋɑu1	
曹	dzɑw1/dzɑu1	
𣍘	dzɑw1/dzɑu1	
螬	dzɑw1/dzɑu1	
嘈	dzɑw1/dzɑu1	
䄚	dzɑw1/dzɑu1	
艚	dzɑw1/dzɑu1	
𩫥	dzɑw1/dzɑu1	
䐬	dzɑw1/dzɑu1	
蓸	dzɑw1/dzɑu1	
漕	dzɑw1/dzɑu1	
漕	dzɑw3/dzɑu3	
褿	dzɑw1/dzɑu1	
𤏶	ʔɑw1/ʔɑu1	
䥝	ʔɑw1/ʔɑu1	
鏖	ʔɑw1/ʔɑu1	
猱	nɑw1/nɑu1	
猱	ɳˠɨw3/ɳiu̯3	
𤣜	nɑw1/nɑu1	
巎	nɑw1/nɑu1	
嶩	nɑw1/nɑu1	
峱	nɑw1/nɑu1	
𤫕	nɑw1/nɑu1	
獿	nɑw1/nɑu1	
獿	ɳaw2/ɳɯau2	
尻	qʰɑw1/kʰɑu1	
訄	qʰɑw1/kʰɑu1	
訄	kˠʰɨw1/kʰɨu̯1	
訄	ɡˠɨw1/ɡɨu̯1	
操	tsʰɑw1/tsʰɑu1	
操	tsʰɑw3/tsʰɑu3	
𢿾	tsʰɑw1/tsʰɑu1	
䫽	pʰɑw1/pʰuɔu1	
㲏	pʰɑw1/pʰuɔu1	
歌	qɑ1/kɑ1	
謌	qɑ1/kɑ1	
柯	qɑ1/kɑ1	
妿	qɑ1/kɑ1	
妿	ʔɑ1/ʔɑ1	
㤎	qɑ1/kɑ1	
渮	qɑ1/kɑ1	
牁	qɑ1/kɑ1	
戕	qɑ1/kɑ1	
戕	dzʲɑŋ1/dzɨɔŋ1	
戕	tsɑŋ1/tsɑŋ1	
滒	qɑ1/kɑ1	
哥	qɑ1/kɑ1	
鴚	qɑ1/kɑ1	
蹉	tsʰɑ1/tsʰɑ1	
瑳	tsʰɑ1/tsʰɑ1	
瑳	tsʰɑ2/tsʰɑ2	
搓	tsʰɑ1/tsʰɑ1	
磋	tsʰɑ1/tsʰɑ1	
磋	tsʰɑ3/tsʰɑ3	
溠	tsʰɑ1/tsʰɑ1	
溠	tʂa1/tʂɯa1	
溠	tʂa3/tʂɯa3	
傞	tsʰɑ1/tsʰɑ1	
傞	sɑ1/sɑ1	
𪘓	tsʰɑ1/tsʰɑ1	
𪘓	dzɑ1/dzɑ1	
多	tɑ1/tɑ1	
𦷛	tɑ1/tɑ1	
娑	sɑ1/sɑ1	
娑	sɑ2/sɑ2	
挱	sɑ1/sɑ1	
挲	sɑ1/sɑ1	
𩊮	sɑ1/sɑ1	
𩊮	ʂa1/ʂɯa1	
獻	sɑ1/sɑ1	
獻	xˠɛn3/hɨen3	
䓾	sɑ1/sɑ1	
𠈱	sɑ1/sɑ1	
桫	sɑ1/sɑ1	
䤬	sɑ1/sɑ1	
𥆝	sɑ1/sɑ1	
駝	dɑ1/dɑ1	
駞	dɑ1/dɑ1	
鼉	dɑ1/dɑ1	
𡩆	dɑ1/dɑ1	
紽	dɑ1/dɑ1	
鮀	dɑ1/dɑ1	
陀	dɑ1/dɑ1	
䍫	dɑ1/dɑ1	
沱	dɑ1/dɑ1	
沱	dɑ3/dɑ3	
跎	dɑ1/dɑ1	
酡	dɑ1/dɑ1	
㼠	dɑ1/dɑ1	
馱	dɑ1/dɑ1	
馱	dɑ3/dɑ3	
迱	dɑ1/dɑ1	
鼧	dɑ1/dɑ1	
鼧	tʰɑ1/tʰɑ1	
袉	dɑ1/dɑ1	
袉	dɑ3/dɑ3	
袉	tʰɑ2/tʰɑ2	
𩉺	dɑ1/dɑ1	
䡐	dɑ1/dɑ1	
𧕛	dɑ1/dɑ1	
佗	dɑ1/dɑ1	
佗	tʰɑ1/tʰɑ1	
醝	dzɑ1/dzɑ1	
㽨	dzɑ1/dzɑ1	
瘥	dzɑ1/dzɑ1	
瘥	tsʲa1/tsia1	
瘥	tʂʰaj3/tʂʰɯai3	
䣜	dzɑ1/dzɑ1	
𣩈	dzɑ1/dzɑ1	
𣩈	tsʲa1/tsia1	
鹺	dzɑ1/dzɑ1	
𥰭	dzɑ1/dzɑ1	
𥰭	tʂa2/tʂɯa2	
艖	dzɑ1/dzɑ1	
艖	tʂʰa1/tʂʰɯa1	
蔖	dzɑ1/dzɑ1	
蔖	tsʰu2/tsʰu2	
䴾	dzɑ1/dzɑ1	
䑘	dzɑ1/dzɑ1	
䠡	dzɑ1/dzɑ1	
躦	dzɑ1/dzɑ1	
虘	dzɑ1/dzɑ1	
䰈	dzɑ1/dzɑ1	
䰈	tsʰɑ2/tsʰɑ2	
莪	ɴɑ1/ŋɑ1	
哦	ɴɑ1/ŋɑ1	
娥	ɴɑ1/ŋɑ1	
䄉	ɴɑ1/ŋɑ1	
峨	ɴɑ1/ŋɑ1	
鵝	ɴɑ1/ŋɑ1	
俄	ɴɑ1/ŋɑ1	
𩒰	ɴɑ1/ŋɑ1	
𩒰	ɴɑ2/ŋɑ2	
蛾	ɴɑ1/ŋɑ1	
蛾	ŋˠi2/ŋɨi̯2	
睋	ɴɑ1/ŋɑ1	
涐	ɴɑ1/ŋɑ1	
誐	ɴɑ1/ŋɑ1	
硪	ɴɑ1/ŋɑ1	
硪	ɴɑ2/ŋɑ2	
他	tʰɑ1/tʰɑ1	
拕	tʰɑ1/tʰɑ1	
拕	dɑ3/dɑ3	
它	tʰɑ1/tʰɑ1	
羅	lɑ1/lɑ1	
蘿	lɑ1/lɑ1	
籮	lɑ1/lɑ1	
儸	lɑ1/lɑ1	
饠	lɑ1/lɑ1	
𤄷	lɑ1/lɑ1	
欏	lɑ1/lɑ1	
囉	lɑ1/lɑ1	
鑼	lɑ1/lɑ1	
剆	lɑ1/lɑ1	
剆	lɑ2/lɑ2	
那	nɑ1/nɑ1	
那	nɑ2/nɑ2	
那	nɑ3/nɑ3	
㔮	nɑ1/nɑ1	
𤘟	nɑ1/nɑ1	
挪	nɑ1/nɑ1	
儺	nɑ1/nɑ1	
𠹈	nɑ1/nɑ1	
𡖔	nɑ1/nɑ1	
𩴓	nɑ1/nɑ1	
何	ʁɑ1/ɦɑ1	
何	ʁɑ3/ɦɑ3	
河	ʁɑ1/ɦɑ1	
荷	ʁɑ1/ɦɑ1	
荷	ʁɑ3/ɦɑ3	
菏	ʁɑ1/ɦɑ1	
苛	ʁɑ1/ɦɑ1	
蚵	ʁɑ1/ɦɑ1	
蚵	qʰɑ3/kʰɑ3	
魺	ʁɑ1/ɦɑ1	
訶	χɑ1/hɑ1	
呵	χɑ1/hɑ1	
呵	χɑ3/hɑ3	
𩑸	χɑ1/hɑ1	
𩑸	χɑ2/hɑ2	
㱒	χɑ1/hɑ1	
抲	χɑ1/hɑ1	
珂	qʰɑ1/kʰɑ1	
𠳌	qʰɑ1/kʰɑ1	
𠳌	qʰa3/kʰɯa3	
䯊	qʰɑ1/kʰɑ1	
軻	qʰɑ1/kʰɑ1	
軻	qʰɑ2/kʰɑ2	
軻	qʰɑ3/kʰɑ3	
阿	ʔɑ1/ʔɑ1	
娿	ʔɑ1/ʔɑ1	
娿	ʔɑ2/ʔɑ2	
痾	ʔɑ1/ʔɑ1	
妸	ʔɑ1/ʔɑ1	
妸	ʔɑ2/ʔɑ2	
䋪	ʔɑ1/ʔɑ1	
鈳	ʔɑ1/ʔɑ1	
戈	qwɑ1/kuɔ1	
過	qwɑ1/kuɔ1	
過	qwɑ3/kuɔ3	
渦	qwɑ1/kuɔ1	
渦	ʔwɑ1/ʔuɔ1	
鍋	qwɑ1/kuɔ1	
𨍋	qwɑ1/kuɔ1	
楇	qwɑ1/kuɔ1	
瘑	qwɑ1/kuɔ1	
㽿	qwɑ1/kuɔ1	
㽿	qʰwɑ1/kʰuɔ1	
𩰫	qwɑ1/kuɔ1	
𩰬	qwɑ1/kuɔ1	
㗻	qwɑ1/kuɔ1	
㗻	ʁwɑ1/ɦuɔ1	
堝	qwɑ1/kuɔ1	
𩾷	qwɑ1/kuɔ1	
𧒖	qwɑ1/kuɔ1	
𧒖	qwɑ3/kuɔ3	
遳	tsʰwɑ1/tsʰuɔ1	
𨹄	twɑ1/tuɔ1	
𨹄	twɑ2/tuɔ2	
𣑫	twɑ1/tuɔ1	
𣑫	twɑ3/tuɔ3	
莎	swɑ1/suɔ1	
魦	swɑ1/suɔ1	
魦	ʂa1/ʂɯa1	
莏	swɑ1/suɔ1	
𢘿	swɑ1/suɔ1	
趖	swɑ1/suɔ1	
唆	swɑ1/suɔ1	
𧨀	swɑ1/suɔ1	
髿	swɑ1/suɔ1	
髿	ʂa1/ʂɯa1	
梭	swɑ1/suɔ1	
𣜤	swɑ1/suɔ1	
㛗	swɑ1/suɔ1	
㛗	tsʰwɑ1/tsʰuɔ1	
婆	bɑ1/buɔ1	
鄱	bɑ1/buɔ1	
皤	bɑ1/buɔ1	
皤	pɑ1/puɔ1	
𩕏	bɑ1/buɔ1	
蔢	bɑ1/buɔ1	
碆	bɑ1/buɔ1	
碆	pɑ1/puɔ1	
㸰	dwɑ1/duɔ1	
㸰	qʰwɑ1/kʰuɔ1	
碢	dwɑ1/duɔ1	
堶	dwɑ1/duɔ1	
摩	mɑ1/muɔ1	
摩	mɑ3/muɔ3	
𩞁	mɑ1/muɔ1	
𥂓	mɑ1/muɔ1	
𥂓	ma1/mua1	
𡡉	mɑ1/muɔ1	
魔	mɑ1/muɔ1	
䯢	mɑ1/muɔ1	
磨	mɑ1/muɔ1	
磨	mɑ3/muɔ3	
劘	mɑ1/muɔ1	
𦟟	mɑ1/muɔ1	
𦣆	mɑ1/muɔ1	
䭩	mɑ1/muɔ1	
矬	dzwɑ1/dzuɔ1	
痤	dzwɑ1/dzuɔ1	
銼	dzwɑ1/dzuɔ1	
銼	tsʰwɑ3/tsʰuɔ3	
銼	dzɨwk4/dzuk4	
㭫	dzwɑ1/dzuɔ1	
睉	dzwɑ1/dzuɔ1	
訛	ɴwɑ1/ŋuɔ1	
譌	ɴwɑ1/ŋuɔ1	
吪	ɴwɑ1/ŋuɔ1	
鈋	ɴwɑ1/ŋuɔ1	
囮	ɴwɑ1/ŋuɔ1	
囮	jɨw1/jiu̯1	
魤	ɴwɑ1/ŋuɔ1	
𠂬	ɴwɑ1/ŋuɔ1	
𠂬	ɴwɑ2/ŋuɔ2	
𧦭	tʰwɑ1/tʰuɔ1	
涶	tʰwɑ1/tʰuɔ1	
涶	tʰwɑ3/tʰuɔ3	
䛢	tʰwɑ1/tʰuɔ1	
䛢	tʰɨwk4/tʰuk4	
䜏	tʰwɑ1/tʰuɔ1	
𩼊	lwɑ1/luɔ1	
摞	lwɑ1/luɔ1	
摞	lwɑ3/luɔ3	
騾	lwɑ1/luɔ1	
驘	lwɑ1/luɔ1	
鸁	lwɑ1/luɔ1	
𣜄	lwɑ1/luɔ1	
螺	lwɑ1/luɔ1	
蠃	lwɑ1/luɔ1	
蠃	lwɑ2/luɔ2	
𥢵	lwɑ1/luɔ1	
𥡜	lwɑ1/luɔ1	
𧄿	lwɑ1/luɔ1	
𨰠	lwɑ1/luɔ1	
覼	lwɑ1/luɔ1	
波	pɑ1/puɔ1	
紴	pɑ1/puɔ1	
紴	pˠʰi2/pʰɨi̯2	
嶓	pɑ1/puɔ1	
頗	pʰɑ1/pʰuɔ1	
頗	pʰɑ2/pʰuɔ2	
頗	pʰɑ3/pʰuɔ3	
坡	pʰɑ1/pʰuɔ1	
𨸭	pʰɑ1/pʰuɔ1	
玻	pʰɑ1/pʰuɔ1	
和	ʁwɑ1/ɦuɔ1	
和	ʁwɑ3/ɦuɔ3	
咊	ʁwɑ1/ɦuɔ1	
𤖱	ʁwɑ1/ɦuɔ1	
禾	ʁwɑ1/ɦuɔ1	
龢	ʁwɑ1/ɦuɔ1	
鉌	ʁwɑ1/ɦuɔ1	
䒩	ʁwɑ1/ɦuɔ1	
盉	ʁwɑ1/ɦuɔ1	
盉	ʁwɑ3/ɦuɔ3	
科	qʰwɑ1/kʰuɔ1	
科	qʰwɑ3/kʰuɔ3	
窠	qʰwɑ1/kʰuɔ1	
薖	qʰwɑ1/kʰuɔ1	
稞	qʰwɑ1/kʰuɔ1	
稞	ʁwa3/ɦua3	
萪	qʰwɑ1/kʰuɔ1	
蝌	qʰwɑ1/kʰuɔ1	
犐	qʰwɑ1/kʰuɔ1	
課	qʰwɑ1/kʰuɔ1	
課	qʰwɑ3/kʰuɔ3	
簻	qʰwɑ1/kʰuɔ1	
簻	ʈwa1/ʈua1	
䈖	qʰwɑ1/kʰuɔ1	
髁	qʰwɑ1/kʰuɔ1	
髁	qʰwa2/kʰua2	
髁	qʰwɑ3/kʰuɔ3	
𠏀	qʰwɑ1/kʰuɔ1	
濄	ʔwɑ1/ʔuɔ1	
涹	ʔwɑ1/ʔuɔ1	
𡑟	ʔwɑ1/ʔuɔ1	
踒	ʔwɑ1/ʔuɔ1	
𥟿	ʔwɑ1/ʔuɔ1	
𥟿	ʔwɑ2/ʔuɔ2	
鞾	xˠwɑ1/hʉɔ1	
靴	xˠwɑ1/hʉɔ1	
𢪎	xˠwɑ1/hʉɔ1	
㗾	xˠwɑ1/hʉɔ1	
𦚢	ʔˠwɑ1/ʔʉɔ1	
𠏃	ʔˠwɑ1/ʔʉɔ1	
𩨷	kˠʰwɑ1/kʰʉɔ1	
𩨭	kˠʰwɑ1/kʰʉɔ1	
伽	ɡˠɑ1/ɡɨɔ1	
茄	ɡˠɑ1/ɡɨɔ1	
茄	qa1/kɯa1	
枷	ɡˠɑ1/ɡɨɔ1	
枷	qa1/kɯa1	
佉	kˠʰɑ1/kʰɨɔ1	
呿	kˠʰɑ1/kʰɨɔ1	
呿	kˠʰɨ3/kʰɨ̯u3	
呿	kˠʰɛp4/kʰɨep4	
㰦	kˠʰɑ1/kʰɨɔ1	
㰦	kˠʰɨ3/kʰɨ̯u3	
𠋧	kˠʰɑ1/kʰɨɔ1	
迦	kˠɑ1/kɨɔ1	
迦	qa1/kɯa1	
脞	tsʰwɑ1/tsʰuɔ1	
脞	tsʰwɑ2/tsʰuɔ2	
侳	tswɑ1/tsuɔ1	
侳	tswɑ3/tsuɔ3	
𩛠	tswɑ1/tsuɔ1	
瘸	ɡˠwɑ1/ɡʉɔ1	
𦣛	lˠwɑ1/ɭyɔ1	
麻	ma1/mua1	
犘	ma1/mua1	
蟆	ma1/mua1	
𪓹	ma1/mua1	
𩔶	ma1/mua1	
痲	ma1/mua1	
㦄	ma1/mua1	
硨	tɕʰa1/tʃʰia1	
奢	ɕa1/ʃia1	
賒	ɕa1/ʃia1	
邪	ja1/jia1	
邪	zʲa1/zia1	
耶	ja1/jia1	
瑘	ja1/jia1	
釾	ja1/jia1	
鎁	ja1/jia1	
椰	ja1/jia1	
擨	ja1/jia1	
斜	ja1/jia1	
斜	zʲa1/zia1	
䓉	ja1/jia1	
𦰳	ja1/jia1	
䔑	ja1/jia1	
䔑	zʲa1/zia1	
𦭿	ja1/jia1	
𥯘	ja1/jia1	
遮	tɕa1/tʃia1	
𠌮	tɕa1/tʃia1	
㸙	tɕa1/tʃia1	
嗟	tsʲa1/tsia1	
𧨁	tsʲa1/tsia1	
罝	tsʲa1/tsia1	
謯	tsʲa1/tsia1	
謯	tʂa2/tʂɯa2	
𨲠	tsʲa1/tsia1	
袓	tsʲa1/tsia1	
袓	dzʲɨ3/dzɨ̯u3	
㜘	tsʲa1/tsia1	
怚	tsʲa1/tsia1	
怚	dzʲɨ3/dzɨ̯u3	
怚	tsʲɨ3/tsɨ̯u3	
䦈	tsʲa1/tsia1	
華	ʁwa1/ɦua1	
華	χwa1/hua1	
華	ʁwa3/ɦua3	
驊	ʁwa1/ɦua1	
鷨	ʁwa1/ɦua1	
𧑍	ʁwa1/ɦua1	
鏵	ʁwa1/ɦua1	
樺	ʁwa1/ɦua1	
樺	ʁwa3/ɦua3	
崋	ʁwa1/ɦua1	
崋	ʁwa3/ɦua3	
划	ʁwa1/ɦua1	
划	qwɑ2/kuɔ2	
划	qwɑ3/kuɔ3	
瓜	qwa1/kua1	
婐	qwa1/kua1	
婐	ʔwɑ2/ʔuɔ2	
㧓	qwa1/kua1	
花	χwa1/hua1	
譁	χwa1/hua1	
𧪮	χwa1/hua1	
誇	qʰwa1/kʰua1	
䠸	qʰwa1/kʰua1	
夸	qʰwa1/kʰua1	
姱	qʰwa1/kʰua1	
跨	qʰwa1/kʰua1	
跨	qʰwa2/kʰua2	
跨	qʰu3/kʰu3	
跨	qʰwa3/kʰua3	
胯	qʰwa1/kʰua1	
胯	qʰu3/kʰu3	
胯	qʰwa3/kʰua3	
𠇗	qʰwa1/kʰua1	
䯞	qʰwa1/kʰua1	
拏	ɳa1/ɳɯa1	
詉	ɳa1/ɳɯa1	
摣	ɳa1/ɳɯa1	
𧘽	ɳa1/ɳɯa1	
𧦮	ɳa1/ɳɯa1	
𤓷	ɳa1/ɳɯa1	
嘉	qa1/kɯa1	
家	qa1/kɯa1	
加	qa1/kɯa1	
葭	qa1/kɯa1	
笳	qa1/kɯa1	
麚	qa1/kɯa1	
䴥	qa1/kɯa1	
豭	qa1/kɯa1	
猳	qa1/kɯa1	
痂	qa1/kɯa1	
鴐	qa1/kɯa1	
袈	qa1/kɯa1	
𣮫	qa1/kɯa1	
跏	qa1/kɯa1	
𨔣	qa1/kɯa1	
𤠙	qa1/kɯa1	
𧉪	qa1/kɯa1	
珈	qa1/kɯa1	
瘕	qa1/kɯa1	
瘕	qa2/kɯa2	
瘕	qa3/kɯa3	
犌	qa1/kɯa1	
幏	qa1/kɯa1	
幏	qa3/kɯa3	
貑	qa1/kɯa1	
蟼	qa1/kɯa1	
蟼	kˠɛŋ1/kɨeŋ1	
蟼	kˠɛŋ2/kɨeŋ2	
遐	ʁa1/ɦɯa1	
蝦	ʁa1/ɦɯa1	
鍜	ʁa1/ɦɯa1	
霞	ʁa1/ɦɯa1	
瑕	ʁa1/ɦɯa1	
騢	ʁa1/ɦɯa1	
鰕	ʁa1/ɦɯa1	
䠍	ʁa1/ɦɯa1	
䫗	ʁa1/ɦɯa1	
赮	ʁa1/ɦɯa1	
蕸	ʁa1/ɦɯa1	
葩	pʰa1/pʰua1	
鈀	pʰa1/pʰua1	
鈀	pa1/pua1	
妑	pʰa1/pʰua1	
蚆	pʰa1/pʰua1	
蚆	pa1/pua1	
吧	pʰa1/pʰua1	
吧	pa1/pua1	
舥	pʰa1/pʰua1	
𧣃	pʰa1/pʰua1	
鴉	ʔa1/ʔɯa1	
鵶	ʔa1/ʔɯa1	
錏	ʔa1/ʔɯa1	
㝞	ʔa1/ʔɯa1	
椏	ʔa1/ʔɯa1	
椏	ʔɑ2/ʔɑ2	
丫	ʔa1/ʔɯa1	
䃁	ʔa1/ʔɯa1	
𠜲	ʔa1/ʔɯa1	
巴	pa1/pua1	
笆	pa1/pua1	
笆	ba3/bua3	
豝	pa1/pua1	
芭	pa1/pua1	
㿬	pa1/pua1	
杈	tʂʰa1/tʂʰɯa1	
杈	tʂʰa3/tʂʰɯa3	
杈	tʂʰaj3/tʂʰɯai3	老
鎈	tʂʰa1/tʂʰɯa1	
䑡	tʂʰa1/tʂʰɯa1	
鯊	ʂa1/ʂɯa1	
沙	ʂa1/ʂɯa1	
沙	ʂa3/ʂɯa3	
砂	ʂa1/ʂɯa1	
裟	ʂa1/ʂɯa1	
㲚	ʂa1/ʂɯa1	
桬	ʂa1/ʂɯa1	
紗	ʂa1/ʂɯa1	
硰	ʂa1/ʂɯa1	
硰	tsʰɑ2/tsʰɑ2	
牙	ɴa1/ŋɯa1	
芽	ɴa1/ŋɯa1	
齖	ɴa1/ŋɯa1	
齖	ɴa3/ŋɯa3	
呀	ɴa1/ŋɯa1	
呀	χa1/hɯa1	
枒	ɴa1/ŋɯa1	
枒	ɴa3/ŋɯa3	
樝	tʂa1/tʂɯa1	
柤	tʂa1/tʂɯa1	
𦳏	tʂa1/tʂɯa1	
㪥	tʂa1/tʂɯa1	
皻	tʂa1/tʂɯa1	
抯	tʂa1/tʂɯa1	
抯	zʲa3/zia3	
抯	tsʲa2/tsia2	
渣	tʂa1/tʂɯa1	
𤹡	tʂa1/tʂɯa1	
𥡧	tʂa1/tʂɯa1	
浾	tʂa1/tʂɯa1	
𡨀	ɖa1/ɖɯa1	
䠧	ɖa1/ɖɯa1	
茶	ɖa1/ɖɯa1	
秅	ɖa1/ɖɯa1	
秅	tu3/tu3	
𡝐	ɖa1/ɖɯa1	
𤶠	ɖa1/ɖɯa1	
𤶠	ʈa1/ʈɯa1	
𦛝	ɖa1/ɖɯa1	
𥥸	ɖa1/ɖɯa1	
𨼑	ɖa1/ɖɯa1	
䅊	ɖa1/ɖɯa1	
䅊	ʈa1/ʈɯa1	
䅊	ɖa3/ɖɯa3	
衺	zʲa1/zia1	
𥍸	ʑa1/dʒia1	
窊	ʔwa1/ʔua1	
窊	ʔwa3/ʔua3	
畖	ʔwa1/ʔua1	
窪	ʔwa1/ʔua1	
髽	tʂwa1/tʂua1	
檛	ʈwa1/ʈua1	
𥬲	ʈwa1/ʈua1	
𥬲	dwɑ3/duɔ3	
膼	ʈwa1/ʈua1	
爬	ba1/bua1	
杷	ba1/bua1	
杷	baj3/buai3	
杷	ba3/bua3	
琶	ba1/bua1	
楂	dʐa1/dʐɯa1	
槎	dʐa1/dʐɯa1	
槎	dʐa3/dʐɯa3	
㢒	dʐa1/dʐɯa1	
侘	ʈʰa1/ʈʰɯa1	
侘	ʈʰa3/ʈʰɯa3	
哆	ʈʰa1/ʈʰɯa1	
哆	tɕʰi2/tʃʰi2	
哆	tɑ2/tɑ2	
哆	tɕʰa2/tʃʰia2	
哆	tɕʰi3/tʃʰi3	
哆	tɑ3/tɑ3	
哆	ʈa3/ʈɯa3	
𤵾	ʈʰa1/ʈʰɯa1	
㗬	ʈʰa1/ʈʰɯa1	
奓	ʈa1/ʈɯa1	
奓	ʈa3/ʈɯa3	
𧬅	ʈa1/ʈɯa1	
觰	ʈa1/ʈɯa1	
觰	ʈa2/ʈɯa2	
咤	ʈa1/ʈɯa1	
咤	ʈa3/ʈɯa3	
𪗭	ʈa1/ʈɯa1	
䐒	ʈa1/ʈɯa1	
䐒	ʈa3/ʈɯa3	
煆	χa1/hɯa1	
煆	χa3/hɯa3	
谺	χa1/hɯa1	
疨	χa1/hɯa1	
岈	χa1/hɯa1	
颬	χa1/hɯa1	
䶗	qʰa1/kʰɯa1	
㤉	qʰa1/kʰɯa1	
𡤫	qʰa1/kʰɯa1	
㚗	dzʲa1/dzia1	
若	ɲa1/ɲʒia1	
若	ɲa2/ɲʒia2	
若	ɲɑk4/ɲʒɨɔk4	
些	sʲa1/sia1	
些	sʲɛj3/siei3	
些	sɑ3/sɑ3	
爹	tʲa1/tia1	
爹	dɑ3/dɑ3	
𣢉	ɴwa1/ŋua1	
𩨾	ɴwa1/ŋua1	
𣘟	qʰa1/kʰɯa1	
陽	jɑŋ1/jɨɔŋ1	
暘	jɑŋ1/jɨɔŋ1	
楊	jɑŋ1/jɨɔŋ1	
揚	jɑŋ1/jɨɔŋ1	
颺	jɑŋ1/jɨɔŋ1	
颺	jɑŋ3/jɨɔŋ3	
昜	jɑŋ1/jɨɔŋ1	
羊	jɑŋ1/jɨɔŋ1	
样	jɑŋ1/jɨɔŋ1	
样	tsɑŋ1/tsɑŋ1	
眻	jɑŋ1/jɨɔŋ1	
眻	jɑŋ3/jɨɔŋ3	
佯	jɑŋ1/jɨɔŋ1	
佯	dzʲɑŋ1/dzɨɔŋ1	
詳	jɑŋ1/jɨɔŋ1	
詳	zʲɑŋ1/zɨɔŋ1	
徉	jɑŋ1/jɨɔŋ1	
洋	jɑŋ1/jɨɔŋ1	
洋	zʲɑŋ1/zɨɔŋ1	
烊	jɑŋ1/jɨɔŋ1	
煬	jɑŋ1/jɨɔŋ1	
煬	jɑŋ3/jɨɔŋ3	
鍚	jɑŋ1/jɨɔŋ1	
𩋬	jɑŋ1/jɨɔŋ1	
輰	jɑŋ1/jɨɔŋ1	
敭	jɑŋ1/jɨɔŋ1	
瘍	jɑŋ1/jɨɔŋ1	
鴹	jɑŋ1/jɨɔŋ1	
鰑	jɑŋ1/jɨɔŋ1	
鸉	jɑŋ1/jɨɔŋ1	
蛘	jɑŋ1/jɨɔŋ1	
禓	jɑŋ1/jɨɔŋ1	
禓	ɕɑŋ1/ʃɨɔŋ1	
崵	jɑŋ1/jɨɔŋ1	
崵	dɑŋ3/dɑŋ3	
諹	jɑŋ1/jɨɔŋ1	
諹	jɑŋ3/jɨɔŋ3	
瑒	jɑŋ1/jɨɔŋ1	
瑒	ɖɛŋ3/ɖɯɛŋ3	
𥂸	jɑŋ1/jɨɔŋ1	
𦭵	jɑŋ1/jɨɔŋ1	
𦍹	jɑŋ1/jɨɔŋ1	
翔	zʲɑŋ1/zɨɔŋ1	
庠	zʲɑŋ1/zɨɔŋ1	
祥	zʲɑŋ1/zɨɔŋ1	
𨀘	zʲɑŋ1/zɨɔŋ1	
𦍙	zʲɑŋ1/zɨɔŋ1	
痒	zʲɑŋ1/zɨɔŋ1	
痒	jɑŋ2/jɨɔŋ2	
良	lˠɑŋ1/ɭɨɔŋ1	
梁	lˠɑŋ1/ɭɨɔŋ1	
粱	lˠɑŋ1/ɭɨɔŋ1	
粮	lˠɑŋ1/ɭɨɔŋ1	
糧	lˠɑŋ1/ɭɨɔŋ1	
涼	lˠɑŋ1/ɭɨɔŋ1	
涼	lˠɑŋ3/ɭɨɔŋ3	
凉	lˠɑŋ1/ɭɨɔŋ1	
𩗬	lˠɑŋ1/ɭɨɔŋ1	
𩗬	lˠɑŋ3/ɭɨɔŋ3	
量	lˠɑŋ1/ɭɨɔŋ1	
量	lˠɑŋ3/ɭɨɔŋ3	
蜋	lˠɑŋ1/ɭɨɔŋ1	
蜋	lɑŋ1/lɑŋ1	
踉	lˠɑŋ1/ɭɨɔŋ1	
踉	lɑŋ1/lɑŋ1	
踉	lˠɑŋ3/ɭɨɔŋ3	
椋	lˠɑŋ1/ɭɨɔŋ1	
䝶	lˠɑŋ1/ɭɨɔŋ1	
綡	lˠɑŋ1/ɭɨɔŋ1	
𣄴	lˠɑŋ1/ɭɨɔŋ1	
𣄴	lˠɑŋ3/ɭɨɔŋ3	
㹁	lˠɑŋ1/ɭɨɔŋ1	
㹁	lˠɑŋ3/ɭɨɔŋ3	
䣼	lˠɑŋ1/ɭɨɔŋ1	
輬	lˠɑŋ1/ɭɨɔŋ1	
香	xˠɑŋ1/hɨɔŋ1	
皀	xˠɑŋ1/hɨɔŋ1	
皀	pˠɨk4/pɨk4	
皀	kˠip4/kɨp4	
皀	pˠip4/pɨp4	
薌	xˠɑŋ1/hɨɔŋ1	
鄉	xˠɑŋ1/hɨɔŋ1	
膷	xˠɑŋ1/hɨɔŋ1	
商	ɕɑŋ1/ʃɨɔŋ1	
𧶜	ɕɑŋ1/ʃɨɔŋ1	
傷	ɕɑŋ1/ʃɨɔŋ1	
傷	ɕɑŋ3/ʃɨɔŋ3	
𥏻	ɕɑŋ1/ʃɨɔŋ1	
𥏻	tsʲʰɑŋ1/tsʰɨɔŋ1	
殤	ɕɑŋ1/ʃɨɔŋ1	
慯	ɕɑŋ1/ʃɨɔŋ1	
慯	ɕɑŋ3/ʃɨɔŋ3	
觴	ɕɑŋ1/ʃɨɔŋ1	
湯	ɕɑŋ1/ʃɨɔŋ1	
湯	tʰɑŋ1/tʰɑŋ1	
湯	tʰɑŋ3/tʰɑŋ3	
蔏	ɕɑŋ1/ʃɨɔŋ1	
𪄲	ɕɑŋ1/ʃɨɔŋ1	
螪	ɕɑŋ1/ʃɨɔŋ1	
㲽	ɕɑŋ1/ʃɨɔŋ1	
㲽	nʲɛn3/nien3	
䵮	ɕɑŋ1/ʃɨɔŋ1	
饟	ɕɑŋ1/ʃɨɔŋ1	
饟	ɕɑŋ2/ʃɨɔŋ2	
饟	ɕɑŋ3/ʃɨɔŋ3	
䵼	ɕɑŋ1/ʃɨɔŋ1	
塲	ɕɑŋ1/ʃɨɔŋ1	
𤳈	ɕɑŋ1/ʃɨɔŋ1	
房	vɑŋ1/bvuɔŋ1	
房	bɑŋ1/buɔŋ1	
防	vɑŋ1/bvuɔŋ1	
防	vɑŋ3/bvuɔŋ3	
坊	vɑŋ1/bvuɔŋ1	
坊	fɑŋ1/pfuɔŋ1	
魴	vɑŋ1/bvuɔŋ1	
方	vɑŋ1/bvuɔŋ1	
方	fɑŋ1/pfuɔŋ1	
肪	vɑŋ1/bvuɔŋ1	
肪	fɑŋ1/pfuɔŋ1	
鴋	vɑŋ1/bvuɔŋ1	
鴋	fɑŋ1/pfuɔŋ1	
鴋	fʰɑŋ2/pfʰuɔŋ2	
章	tɕɑŋ1/tʃɨɔŋ1	
漳	tɕɑŋ1/tʃɨɔŋ1	
樟	tɕɑŋ1/tʃɨɔŋ1	
慞	tɕɑŋ1/tʃɨɔŋ1	
璋	tɕɑŋ1/tʃɨɔŋ1	
彰	tɕɑŋ1/tʃɨɔŋ1	
墇	tɕɑŋ1/tʃɨɔŋ1	
墇	tɕɑŋ3/tʃɨɔŋ3	
障	tɕɑŋ1/tʃɨɔŋ1	
障	tɕɑŋ3/tʃɨɔŋ3	
麞	tɕɑŋ1/tʃɨɔŋ1	
獐	tɕɑŋ1/tʃɨɔŋ1	
鄣	tɕɑŋ1/tʃɨɔŋ1	
蔁	tɕɑŋ1/tʃɨɔŋ1	
𪅂	tɕɑŋ1/tʃɨɔŋ1	
𩌬	tɕɑŋ1/tʃɨɔŋ1	
暲	tɕɑŋ1/tʃɨɔŋ1	
昌	tɕʰɑŋ1/tʃʰɨɔŋ1	
裮	tɕʰɑŋ1/tʃʰɨɔŋ1	
倡	tɕʰɑŋ1/tʃʰɨɔŋ1	
倡	tɕʰɑŋ3/tʃʰɨɔŋ3	
猖	tɕʰɑŋ1/tʃʰɨɔŋ1	
閶	tɕʰɑŋ1/tʃʰɨɔŋ1	
琩	tɕʰɑŋ1/tʃʰɨɔŋ1	
鯧	tɕʰɑŋ1/tʃʰɨɔŋ1	
菖	tɕʰɑŋ1/tʃʰɨɔŋ1	
羌	kˠʰɑŋ1/kʰɨɔŋ1	
猐	kˠʰɑŋ1/kʰɨɔŋ1	
𡸓	kˠʰɑŋ1/kʰɨɔŋ1	
蜣	kˠʰɑŋ1/kʰɨɔŋ1	
薑	kˠɑŋ1/kɨɔŋ1	
𧅁	kˠɑŋ1/kɨɔŋ1	
畺	kˠɑŋ1/kɨɔŋ1	
疆	kˠɑŋ1/kɨɔŋ1	
壃	kˠɑŋ1/kɨɔŋ1	
畕	kˠɑŋ1/kɨɔŋ1	
㹔	kˠɑŋ1/kɨɔŋ1	
繮	kˠɑŋ1/kɨɔŋ1	
韁	kˠɑŋ1/kɨɔŋ1	
殭	kˠɑŋ1/kɨɔŋ1	
殭	kˠɑŋ3/kɨɔŋ3	
礓	kˠɑŋ1/kɨɔŋ1	
橿	kˠɑŋ1/kɨɔŋ1	
姜	kˠɑŋ1/kɨɔŋ1	
䗵	kˠɑŋ1/kɨɔŋ1	
僵	kˠɑŋ1/kɨɔŋ1	
長	ɖˠɑŋ1/ɖɨɔŋ1	
長	ʈˠɑŋ2/ʈɨɔŋ2	
長	ɖˠɑŋ3/ɖɨɔŋ3	
萇	ɖˠɑŋ1/ɖɨɔŋ1	
腸	ɖˠɑŋ1/ɖɨɔŋ1	
場	ɖˠɑŋ1/ɖɨɔŋ1	
䠆	ɖˠɑŋ1/ɖɨɔŋ1	
㙊	ɖˠɑŋ1/ɖɨɔŋ1	
䗅	ɖˠɑŋ1/ɖɨɔŋ1	
瓺	ɖˠɑŋ1/ɖɨɔŋ1	
瓺	ɖˠɑŋ3/ɖɨɔŋ3	
張	ʈˠɑŋ1/ʈɨɔŋ1	
張	ʈˠɑŋ3/ʈɨɔŋ3	
餦	ʈˠɑŋ1/ʈɨɔŋ1	
粻	ʈˠɑŋ1/ʈɨɔŋ1	
漲	ʈˠɑŋ1/ʈɨɔŋ1	
漲	ʈˠɑŋ3/ʈɨɔŋ3	
穰	ɲɑŋ1/ɲʒɨɔŋ1	
穰	ɲɑŋ2/ɲʒɨɔŋ2	
禳	ɲɑŋ1/ɲʒɨɔŋ1	
攘	ɲɑŋ1/ɲʒɨɔŋ1	
攘	ɲɑŋ2/ɲʒɨɔŋ2	
攘	ɲɑŋ3/ɲʒɨɔŋ3	
𣀮	ɲɑŋ1/ɲʒɨɔŋ1	
鑲	ɲɑŋ1/ɲʒɨɔŋ1	
鑲	sʲɑŋ1/sɨɔŋ1	
鑲	ɳˠɑŋ1/ɳɨɔŋ1	
𨟚	ɲɑŋ1/ɲʒɨɔŋ1	
躟	ɲɑŋ1/ɲʒɨɔŋ1	
躟	ɲɑŋ2/ɲʒɨɔŋ2	
瀼	ɲɑŋ1/ɲʒɨɔŋ1	
𩆶	ɲɑŋ1/ɲʒɨɔŋ1	
獽	ɲɑŋ1/ɲʒɨɔŋ1	
儴	ɲɑŋ1/ɲʒɨɔŋ1	
蘘	ɲɑŋ1/ɲʒɨɔŋ1	
䉴	ɲɑŋ1/ɲʒɨɔŋ1	
鬤	ɲɑŋ1/ɲʒɨɔŋ1	
鬤	ɳɛŋ1/ɳɯɛŋ1	
勷	ɲɑŋ1/ɲʒɨɔŋ1	
瓤	ɲɑŋ1/ɲʒɨɔŋ1	
瓤	ɳˠɑŋ1/ɳɨɔŋ1	
孃	ɲɑŋ1/ɲʒɨɔŋ1	
孃	ɳˠɑŋ1/ɳɨɔŋ1	
汸	fɑŋ1/pfuɔŋ1	
蚄	fɑŋ1/pfuɔŋ1	
邡	fɑŋ1/pfuɔŋ1	
邡	fʰɑŋ3/pfʰuɔŋ3	
枋	fɑŋ1/pfuɔŋ1	
鈁	fɑŋ1/pfuɔŋ1	
牥	fɑŋ1/pfuɔŋ1	
趽	fɑŋ1/pfuɔŋ1	
趽	bɑŋ1/buɔŋ1	
趽	fɑŋ3/pfuɔŋ3	
䄱	fɑŋ1/pfuɔŋ1	
匚	fɑŋ1/pfuɔŋ1	
襄	sʲɑŋ1/sɨɔŋ1	
廂	sʲɑŋ1/sɨɔŋ1	
湘	sʲɑŋ1/sɨɔŋ1	
相	sʲɑŋ1/sɨɔŋ1	
相	sʲɑŋ3/sɨɔŋ3	
緗	sʲɑŋ1/sɨɔŋ1	
纕	sʲɑŋ1/sɨɔŋ1	
忀	sʲɑŋ1/sɨɔŋ1	
驤	sʲɑŋ1/sɨɔŋ1	
瓖	sʲɑŋ1/sɨɔŋ1	
欀	sʲɑŋ1/sɨɔŋ1	
欀	ɲɑŋ3/ɲʒɨɔŋ3	
箱	sʲɑŋ1/sɨɔŋ1	
葙	sʲɑŋ1/sɨɔŋ1	
將	tsʲɑŋ1/tsɨɔŋ1	
將	tsʲɑŋ3/tsɨɔŋ3	
漿	tsʲɑŋ1/tsɨɔŋ1	
鱂	tsʲɑŋ1/tsɨɔŋ1	
蔣	tsʲɑŋ1/tsɨɔŋ1	
蔣	tsʲɑŋ2/tsɨɔŋ2	
螿	tsʲɑŋ1/tsɨɔŋ1	
𢪇	tsʲɑŋ1/tsɨɔŋ1	
創	tʂʰɑŋ1/tʂʰʅɔŋ1	
創	tʂʰɑŋ3/tʂʰʅɔŋ3	
瘡	tʂʰɑŋ1/tʂʰʅɔŋ1	
𠛂	tʂʰɑŋ1/tʂʰʅɔŋ1	
亡	ɱɑŋ1/mvuɔŋ1	
芒	ɱɑŋ1/mvuɔŋ1	
芒	mɑŋ1/muɔŋ1	
莣	ɱɑŋ1/mvuɔŋ1	
鋩	ɱɑŋ1/mvuɔŋ1	
硭	ɱɑŋ1/mvuɔŋ1	
杗	ɱɑŋ1/mvuɔŋ1	
杗	mɑŋ1/muɔŋ1	
朚	ɱɑŋ1/mvuɔŋ1	
朚	mɑŋ1/muɔŋ1	
朚	mɛŋ3/muɛŋ3	
邙	ɱɑŋ1/mvuɔŋ1	
邙	mɑŋ1/muɔŋ1	
𨛌	ɱɑŋ1/mvuɔŋ1	
𨛌	mɑŋ1/muɔŋ1	
望	ɱɑŋ1/mvuɔŋ1	
望	ɱɑŋ3/mvuɔŋ3	
朢	ɱɑŋ1/mvuɔŋ1	
朢	ɱɑŋ3/mvuɔŋ3	
娘	ɳˠɑŋ1/ɳɨɔŋ1	
牀	dʐɑŋ1/dʐʅɔŋ1	
床	dʐɑŋ1/dʐʅɔŋ1	
疒	dʐɑŋ1/dʐʅɔŋ1	
疒	ɳɛk4/ɳɯɛk4	
莊	tʂɑŋ1/tʂʅɔŋ1	
㽵	tʂɑŋ1/tʂʅɔŋ1	
妝	tʂɑŋ1/tʂʅɔŋ1	
裝	tʂɑŋ1/tʂʅɔŋ1	
裝	tʂɑŋ3/tʂʅɔŋ3	
䊋	tʂɑŋ1/tʂʅɔŋ1	
常	ʑɑŋ1/dʒɨɔŋ1	
尚	ʑɑŋ1/dʒɨɔŋ1	
尚	ʑɑŋ3/ʒɨɔŋ3	
裳	ʑɑŋ1/dʒɨɔŋ1	
甞	ʑɑŋ1/dʒɨɔŋ1	
嘗	ʑɑŋ1/dʒɨɔŋ1	
鋿	ʑɑŋ1/dʒɨɔŋ1	
𩼝	ʑɑŋ1/dʒɨɔŋ1	
償	ʑɑŋ1/dʒɨɔŋ1	
償	ʑɑŋ3/ʒɨɔŋ3	
𪄹	ʑɑŋ1/dʒɨɔŋ1	
徜	ʑɑŋ1/dʒɨɔŋ1	
霜	ʂɑŋ1/ʂʅɔŋ1	
鸘	ʂɑŋ1/ʂʅɔŋ1	
鷞	ʂɑŋ1/ʂʅɔŋ1	
鷞	ʂɑŋ2/ʂʅɔŋ2	
孀	ʂɑŋ1/ʂʅɔŋ1	
驦	ʂɑŋ1/ʂʅɔŋ1	
騻	ʂɑŋ1/ʂʅɔŋ1	
蠰	ʂɑŋ1/ʂʅɔŋ1	
蠰	nɑŋ1/nɑŋ1	
蠰	ɲɑŋ2/ɲʒɨɔŋ2	
蠰	ɕɑŋ3/ʃɨɔŋ3	
牆	dzʲɑŋ1/dzɨɔŋ1	
廧	dzʲɑŋ1/dzɨɔŋ1	
墻	dzʲɑŋ1/dzɨɔŋ1	
嬙	dzʲɑŋ1/dzɨɔŋ1	
嬙	ʂɨk4/ʂʅᵊk4	
檣	dzʲɑŋ1/dzɨɔŋ1	
薔	dzʲɑŋ1/dzɨɔŋ1	
薔	ʂɨk4/ʂʅᵊk4	
蘠	dzʲɑŋ1/dzɨɔŋ1	
𤞛	dzʲɑŋ1/dzɨɔŋ1	
鏘	tsʲʰɑŋ1/tsʰɨɔŋ1	
瑲	tsʲʰɑŋ1/tsʰɨɔŋ1	
槍	tsʲʰɑŋ1/tsʰɨɔŋ1	
槍	tʂʰɛŋ1/tʂʰɯɛŋ1	
蹌	tsʲʰɑŋ1/tsʰɨɔŋ1	
蹡	tsʲʰɑŋ1/tsʰɨɔŋ1	
蹡	tsʲʰɑŋ3/tsʰɨɔŋ3	
𨄚	tsʲʰɑŋ1/tsʰɨɔŋ1	
斨	tsʲʰɑŋ1/tsʰɨɔŋ1	
牄	tsʲʰɑŋ1/tsʰɨɔŋ1	
嶈	tsʲʰɑŋ1/tsʰɨɔŋ1	
𨶆	tsʲʰɑŋ1/tsʰɨɔŋ1	
搶	tsʲʰɑŋ1/tsʰɨɔŋ1	
搶	tʂʰɑŋ2/tʂʰʅɔŋ2	
搶	tsʲʰɑŋ2/tsʰɨɔŋ2	
匡	kˠʰwɑŋ1/kʰʉɔŋ1	
邼	kˠʰwɑŋ1/kʰʉɔŋ1	
筐	kˠʰwɑŋ1/kʰʉɔŋ1	
䖱	kˠʰwɑŋ1/kʰʉɔŋ1	
框	kˠʰwɑŋ1/kʰʉɔŋ1	
恇	kˠʰwɑŋ1/kʰʉɔŋ1	
劻	kˠʰwɑŋ1/kʰʉɔŋ1	
𩬹	kˠʰwɑŋ1/kʰʉɔŋ1	
洭	kˠʰwɑŋ1/kʰʉɔŋ1	
軭	kˠʰwɑŋ1/kʰʉɔŋ1	
軭	ɡˠwɑŋ1/ɡʉɔŋ1	
眶	kˠʰwɑŋ1/kʰʉɔŋ1	
䒰	kˠʰwɑŋ1/kʰʉɔŋ1	
𩢼	kˠʰwɑŋ1/kʰʉɔŋ1	
王	ɰwɑŋ1/ʉɔŋ1	
王	ɰwɑŋ3/ʉɔŋ3	
蚟	ɰwɑŋ1/ʉɔŋ1	
𩵭	ɰwɑŋ1/ʉɔŋ1	
彺	ɰwɑŋ1/ʉɔŋ1	
央	ʔˠɑŋ1/ʔɨɔŋ1	
鴦	ʔˠɑŋ1/ʔɨɔŋ1	
鴦	ʔɑŋ1/ʔɑŋ1	
殃	ʔˠɑŋ1/ʔɨɔŋ1	
䄃	ʔˠɑŋ1/ʔɨɔŋ1	
鉠	ʔˠɑŋ1/ʔɨɔŋ1	
鉠	ʔˠɛŋ1/ʔɨeŋ1	
秧	ʔˠɑŋ1/ʔɨɔŋ1	
秧	ʔˠɑŋ2/ʔɨɔŋ2	
霙	ʔˠɑŋ1/ʔɨɔŋ1	
霙	ʔˠɛŋ1/ʔɨeŋ1	
泱	ʔˠɑŋ1/ʔɨɔŋ1	
泱	ʔɑŋ2/ʔɑŋ2	
強	ɡˠɑŋ1/ɡɨɔŋ1	
彊	ɡˠɑŋ1/ɡɨɔŋ1	
彊	ɡˠɑŋ3/ɡɨɔŋ3	
䲔	ɡˠɑŋ1/ɡɨɔŋ1	
䲔	ɡˠɛŋ1/ɡɨeŋ1	
勥	ɡˠɑŋ1/ɡɨɔŋ1	
勥	ɡˠɑŋ3/ɡɨɔŋ3	
𦳝	ʈˠʰɑŋ1/ʈʰɨɔŋ1	
𦳝	tʰɑŋ1/tʰɑŋ1	
倀	ʈˠʰɑŋ1/ʈʰɨɔŋ1	
倀	ʈɛŋ3/ʈɯɛŋ3	
鼚	ʈˠʰɑŋ1/ʈʰɨɔŋ1	
芳	fʰɑŋ1/pfʰuɔŋ1	
妨	fʰɑŋ1/pfʰuɔŋ1	
妨	fʰɑŋ3/pfʰuɔŋ3	
淓	fʰɑŋ1/pfʰuɔŋ1	
狂	ɡˠwɑŋ1/ɡʉɔŋ1	
狂	ɡˠwɑŋ3/ɡʉɔŋ3	
軖	ɡˠwɑŋ1/ɡʉɔŋ1	
鵟	ɡˠwɑŋ1/ɡʉɔŋ1	
㞷	ɡˠwɑŋ1/ɡʉɔŋ1	
唐	dɑŋ1/dɑŋ1	
啺	dɑŋ1/dɑŋ1	
𥏬	dɑŋ1/dɑŋ1	
煻	dɑŋ1/dɑŋ1	
糖	dɑŋ1/dɑŋ1	
糛	dɑŋ1/dɑŋ1	
堂	dɑŋ1/dɑŋ1	
坣	dɑŋ1/dɑŋ1	
𪕹	dɑŋ1/dɑŋ1	
棠	dɑŋ1/dɑŋ1	
搪	dɑŋ1/dɑŋ1	
蓎	dɑŋ1/dɑŋ1	
瑭	dɑŋ1/dɑŋ1	
餹	dɑŋ1/dɑŋ1	
篖	dɑŋ1/dɑŋ1	
螗	dɑŋ1/dɑŋ1	
𤚫	dɑŋ1/dɑŋ1	
𤛋	dɑŋ1/dɑŋ1	
螳	dɑŋ1/dɑŋ1	
塘	dɑŋ1/dɑŋ1	
碭	dɑŋ1/dɑŋ1	
碭	dɑŋ3/dɑŋ3	
鶶	dɑŋ1/dɑŋ1	
𩹶	dɑŋ1/dɑŋ1	
踼	dɑŋ1/dɑŋ1	
踼	tʰɑŋ1/tʰɑŋ1	
踼	dɑŋ3/dɑŋ3	
闛	dɑŋ1/dɑŋ1	
闛	tʰɑŋ1/tʰɑŋ1	
赯	dɑŋ1/dɑŋ1	
磄	dɑŋ1/dɑŋ1	
溏	dɑŋ1/dɑŋ1	
䣘	dɑŋ1/dɑŋ1	
傏	dɑŋ1/dɑŋ1	
隚	dɑŋ1/dɑŋ1	
䧜	dɑŋ1/dɑŋ1	
𨶈	dɑŋ1/dɑŋ1	
鎕	dɑŋ1/dɑŋ1	
䉎	dɑŋ1/dɑŋ1	
𨍴	dɑŋ1/dɑŋ1	
橖	dɑŋ1/dɑŋ1	
榶	dɑŋ1/dɑŋ1	
㲥	dɑŋ1/dɑŋ1	
㼺	dɑŋ1/dɑŋ1	
郎	lɑŋ1/lɑŋ1	
蓈	lɑŋ1/lɑŋ1	
稂	lɑŋ1/lɑŋ1	
桹	lɑŋ1/lɑŋ1	
廊	lɑŋ1/lɑŋ1	
榔	lɑŋ1/lɑŋ1	
榔	lɑŋ2/lɑŋ2	
鋃	lɑŋ1/lɑŋ1	
硠	lɑŋ1/lɑŋ1	
𪁜	lɑŋ1/lɑŋ1	
浪	lɑŋ1/lɑŋ1	
浪	lɑŋ3/lɑŋ3	
䯖	lɑŋ1/lɑŋ1	
𩷕	lɑŋ1/lɑŋ1	
琅	lɑŋ1/lɑŋ1	
瑯	lɑŋ1/lɑŋ1	
㝗	lɑŋ1/lɑŋ1	
㝗	lɑŋ2/lɑŋ2	
狼	lɑŋ1/lɑŋ1	
欴	lɑŋ1/lɑŋ1	
𦵧	lɑŋ1/lɑŋ1	
莨	lɑŋ1/lɑŋ1	
㟍	lɑŋ1/lɑŋ1	
䡙	lɑŋ1/lɑŋ1	
艆	lɑŋ1/lɑŋ1	
駺	lɑŋ1/lɑŋ1	
躴	lɑŋ1/lɑŋ1	
筤	lɑŋ1/lɑŋ1	
𥍫	lɑŋ1/lɑŋ1	
閬	lɑŋ1/lɑŋ1	
閬	lɑŋ3/lɑŋ3	
哴	lɑŋ1/lɑŋ1	
哴	lˠɑŋ3/ɭɨɔŋ3	
當	tɑŋ1/tɑŋ1	
當	tɑŋ3/tɑŋ3	
鐺	tɑŋ1/tɑŋ1	
鐺	tʂʰɛŋ1/tʂʰɯɛŋ1	
簹	tɑŋ1/tɑŋ1	
襠	tɑŋ1/tɑŋ1	
璫	tɑŋ1/tɑŋ1	
𨎴	tɑŋ1/tɑŋ1	
檔	tɑŋ1/tɑŋ1	
儅	tɑŋ1/tɑŋ1	
儅	tɑŋ3/tɑŋ3	
𦡁	tɑŋ1/tɑŋ1	
㼕	tɑŋ1/tɑŋ1	
蟷	tɑŋ1/tɑŋ1	
倉	tsʰɑŋ1/tsʰɑŋ1	
蒼	tsʰɑŋ1/tsʰɑŋ1	
蒼	tsʰɑŋ2/tsʰɑŋ2	
鶬	tsʰɑŋ1/tsʰɑŋ1	
𩀞	tsʰɑŋ1/tsʰɑŋ1	
滄	tsʰɑŋ1/tsʰɑŋ1	
凔	tsʰɑŋ1/tsʰɑŋ1	
凔	tʂʰɑŋ3/tʂʰʅɔŋ3	
𠥐	tsʰɑŋ1/tsʰɑŋ1	
岡	qɑŋ1/kɑŋ1	
崗	qɑŋ1/kɑŋ1	
剛	qɑŋ1/kɑŋ1	
㓻	qɑŋ1/kɑŋ1	
掆	qɑŋ1/kɑŋ1	
掆	qɑŋ3/kɑŋ3	
笐	qɑŋ1/kɑŋ1	
笐	ʁɑŋ3/ɦɑŋ3	
鋼	qɑŋ1/kɑŋ1	
鋼	qɑŋ3/kɑŋ3	
綱	qɑŋ1/kɑŋ1	
亢	qɑŋ1/kɑŋ1	
亢	qʰɑŋ3/kʰɑŋ3	
犅	qɑŋ1/kɑŋ1	
堈	qɑŋ1/kɑŋ1	
𤭛	qɑŋ1/kɑŋ1	
牨	qɑŋ1/kɑŋ1	
苀	qɑŋ1/kɑŋ1	
苀	ʁɑŋ1/ɦɑŋ1	
魧	qɑŋ1/kɑŋ1	
魧	ʁɑŋ1/ɦɑŋ1	
迒	qɑŋ1/kɑŋ1	
迒	ʁɑŋ1/ɦɑŋ1	
桑	sɑŋ1/sɑŋ1	
桒	sɑŋ1/sɑŋ1	
𠸶	sɑŋ1/sɑŋ1	
𠸶	sɑŋ3/sɑŋ3	
喪	sɑŋ1/sɑŋ1	
喪	sɑŋ3/sɑŋ3	
𦅇	sɑŋ1/sɑŋ1	
𩦌	sɑŋ1/sɑŋ1	
康	qʰɑŋ1/kʰɑŋ1	
穅	qʰɑŋ1/kʰɑŋ1	
糠	qʰɑŋ1/kʰɑŋ1	
㱂	qʰɑŋ1/kʰɑŋ1	
㝩	qʰɑŋ1/kʰɑŋ1	
㝩	qʰɑŋ2/kʰɑŋ2	
槺	qʰɑŋ1/kʰɑŋ1	
𨻷	qʰɑŋ1/kʰɑŋ1	
䗧	qʰɑŋ1/kʰɑŋ1	
𥉽	qʰɑŋ1/kʰɑŋ1	
邟	qʰɑŋ1/kʰɑŋ1	
邟	ʁɑŋ1/ɦɑŋ1	
邟	qʰɑŋ3/kʰɑŋ3	
漮	qʰɑŋ1/kʰɑŋ1	
𤮊	qʰɑŋ1/kʰɑŋ1	
躿	qʰɑŋ1/kʰɑŋ1	
荒	χwɑŋ1/huɔŋ1	
荒	χwɑŋ3/huɔŋ3	
𥡃	χwɑŋ1/huɔŋ1	
肓	χwɑŋ1/huɔŋ1	
衁	χwɑŋ1/huɔŋ1	
𩣐	χwɑŋ1/huɔŋ1	
鄺	χwɑŋ1/huɔŋ1	
鄺	qwɑŋ2/kuɔŋ2	
𥿼	χwɑŋ1/huɔŋ1	
㠵	χwɑŋ1/huɔŋ1	
𧧢	χwɑŋ1/huɔŋ1	
𧧢	xˠwɑŋ2/hʉɔŋ2	
𧧢	χwɑŋ2/huɔŋ2	
䀮	χwɑŋ1/huɔŋ1	
䀮	mɑŋ1/muɔŋ1	
𣆖	χwɑŋ1/huɔŋ1	
𣆖	χwɑŋ2/huɔŋ2	
㡆	χwɑŋ1/huɔŋ1	
巟	χwɑŋ1/huɔŋ1	
𣺬	χwɑŋ1/huɔŋ1	
黃	ʁwɑŋ1/ɦuɔŋ1	
皇	ʁwɑŋ1/ɦuɔŋ1	
璜	ʁwɑŋ1/ɦuɔŋ1	
惶	ʁwɑŋ1/ɦuɔŋ1	
遑	ʁwɑŋ1/ɦuɔŋ1	
潢	ʁwɑŋ1/ɦuɔŋ1	
潢	ʁwɑŋ3/ɦuɔŋ3	
堭	ʁwɑŋ1/ɦuɔŋ1	
煌	ʁwɑŋ1/ɦuɔŋ1	
餭	ʁwɑŋ1/ɦuɔŋ1	
騜	ʁwɑŋ1/ɦuɔŋ1	
艎	ʁwɑŋ1/ɦuɔŋ1	
簧	ʁwɑŋ1/ɦuɔŋ1	
隍	ʁwɑŋ1/ɦuɔŋ1	
癀	ʁwɑŋ1/ɦuɔŋ1	
𨝴	ʁwɑŋ1/ɦuɔŋ1	
湟	ʁwɑŋ1/ɦuɔŋ1	
徨	ʁwɑŋ1/ɦuɔŋ1	
篁	ʁwɑŋ1/ɦuɔŋ1	
鱑	ʁwɑŋ1/ɦuɔŋ1	
蝗	ʁwɑŋ1/ɦuɔŋ1	
蝗	ʁwɛŋ1/ɦuɛŋ1	
蝗	ʁwɛŋ3/ɦuɛŋ3	
凰	ʁwɑŋ1/ɦuɔŋ1	
偟	ʁwɑŋ1/ɦuɔŋ1	
媓	ʁwɑŋ1/ɦuɔŋ1	
獚	ʁwɑŋ1/ɦuɔŋ1	
蟥	ʁwɑŋ1/ɦuɔŋ1	
韹	ʁwɑŋ1/ɦuɔŋ1	
韹	ʁwɛŋ1/ɦuɛŋ1	
𨜔	ʁwɑŋ1/ɦuɔŋ1	
䍿	ʁwɑŋ1/ɦuɔŋ1	
䅣	ʁwɑŋ1/ɦuɔŋ1	
𤯷	ʁwɑŋ1/ɦuɔŋ1	
葟	ʁwɑŋ1/ɦuɔŋ1	
趪	ʁwɑŋ1/ɦuɔŋ1	
光	qwɑŋ1/kuɔŋ1	
光	qwɑŋ3/kuɔŋ3	
灮	qwɑŋ1/kuɔŋ1	
洸	qwɑŋ1/kuɔŋ1	
洸	ʔwɑŋ1/ʔuɔŋ1	
桄	qwɑŋ1/kuɔŋ1	
桄	qwɑŋ3/kuɔŋ3	
胱	qwɑŋ1/kuɔŋ1	
垙	qwɑŋ1/kuɔŋ1	
𨎩	qwɑŋ1/kuɔŋ1	
輄	qwɑŋ1/kuɔŋ1	
橫	qwɑŋ1/kuɔŋ1	
橫	ʁwɛŋ1/ɦuɛŋ1	
橫	ʁwɛŋ3/ɦuɛŋ3	
𩧉	qwɑŋ1/kuɔŋ1	
恍	qwɑŋ1/kuɔŋ1	
茪	qwɑŋ1/kuɔŋ1	
僙	qwɑŋ1/kuɔŋ1	
侊	qwɑŋ1/kuɔŋ1	
侊	qwɛŋ1/kuɛŋ1	
簜	tʰɑŋ1/tʰɑŋ1	
簜	dɑŋ3/dɑŋ3	
鏜	tʰɑŋ1/tʰɑŋ1	
𧼮	tʰɑŋ1/tʰɑŋ1	
盪	tʰɑŋ1/tʰɑŋ1	
盪	dɑŋ3/dɑŋ3	
盪	tʰɑŋ3/tʰɑŋ3	
蝪	tʰɑŋ1/tʰɑŋ1	
鼞	tʰɑŋ1/tʰɑŋ1	
薚	tʰɑŋ1/tʰɑŋ1	
滂	pʰɑŋ1/pʰuɔŋ1	
鎊	pʰɑŋ1/pʰuɔŋ1	
霶	pʰɑŋ1/pʰuɔŋ1	
雱	pʰɑŋ1/pʰuɔŋ1	
䨦	pʰɑŋ1/pʰuɔŋ1	
磅	pʰɑŋ1/pʰuɔŋ1	
磅	pʰɛŋ1/pʰuɛŋ1	
𣂆	pʰɑŋ1/pʰuɔŋ1	
𣂆	bɛŋ1/buɛŋ1	
汪	ʔwɑŋ1/ʔuɔŋ1	
汪	ʔˠwɑŋ2/ʔʉɔŋ2	
汪	ʔwɑŋ3/ʔuɔŋ3	
尢	ʔwɑŋ1/ʔuɔŋ1	
尪	ʔwɑŋ1/ʔuɔŋ1	
𪁘	ʔwɑŋ1/ʔuɔŋ1	
佒	ʔɑŋ1/ʔɑŋ1	
咉	ʔɑŋ1/ʔɑŋ1	
咉	ʔɑŋ2/ʔɑŋ2	
𧲱	ʔɑŋ1/ʔɑŋ1	
㹧	ʔɑŋ1/ʔɑŋ1	
眏	ʔɑŋ1/ʔɑŋ1	
姎	ʔɑŋ1/ʔɑŋ1	
姎	ʔɑŋ2/ʔɑŋ2	
炕	χɑŋ1/hɑŋ1	
炕	qʰɑŋ3/kʰɑŋ3	
㰠	χɑŋ1/hɑŋ1	
䐠	χɑŋ1/hɑŋ1	
忼	χɑŋ1/hɑŋ1	
忼	qʰɑŋ2/kʰɑŋ2	
航	ʁɑŋ1/ɦɑŋ1	
筕	ʁɑŋ1/ɦɑŋ1	
筕	ʁɛŋ1/ɦɯɛŋ1	
桁	ʁɑŋ1/ɦɑŋ1	
桁	ʁɛŋ1/ɦɯɛŋ1	
行	ʁɑŋ1/ɦɑŋ1	
行	ʁɛŋ1/ɦɯɛŋ1	
行	ʁɑŋ3/ɦɑŋ3	
行	ʁɛŋ3/ɦɯɛŋ3	
𨁈	ʁɑŋ1/ɦɑŋ1	
頏	ʁɑŋ1/ɦɑŋ1	
頏	qʰɑŋ3/kʰɑŋ3	
𦐄	ʁɑŋ1/ɦɑŋ1	
胻	ʁɑŋ1/ɦɑŋ1	
胻	ʁɛŋ1/ɦɯɛŋ1	
胻	ʁɛŋ3/ɦɯɛŋ3	
杭	ʁɑŋ1/ɦɑŋ1	
沆	ʁɑŋ1/ɦɑŋ1	
沆	ʁɑŋ3/ɦɑŋ3	
蚢	ʁɑŋ1/ɦɑŋ1	
蚢	ʁɑŋ3/ɦɑŋ3	
蚢	qʰɑŋ3/kʰɑŋ3	
肮	ʁɑŋ1/ɦɑŋ1	
抗	ʁɑŋ1/ɦɑŋ1	
抗	qʰɑŋ3/kʰɑŋ3	
吭	ʁɑŋ1/ɦɑŋ1	
吭	ʁɑŋ3/ɦɑŋ3	
茫	mɑŋ1/muɔŋ1	
吂	mɑŋ1/muɔŋ1	
吂	mɑŋ3/muɔŋ3	
汒	mɑŋ1/muɔŋ1	
汒	ɱɑŋ3/mvuɔŋ3	
恾	mɑŋ1/muɔŋ1	
忙	mɑŋ1/muɔŋ1	
𥐞	mɑŋ1/muɔŋ1	
蘉	mɑŋ1/muɔŋ1	
𡩩	mɑŋ1/muɔŋ1	
臧	tsɑŋ1/tsɑŋ1	
匨	tsɑŋ1/tsɑŋ1	
牂	tsɑŋ1/tsɑŋ1	
贓	tsɑŋ1/tsɑŋ1	
囊	nɑŋ1/nɑŋ1	
傍	bɑŋ1/buɔŋ1	
傍	bɑŋ3/buɔŋ3	
彷	bɑŋ1/buɔŋ1	
彷	fʰɑŋ2/pfʰuɔŋ2	
膀	bɑŋ1/buɔŋ1	
髈	bɑŋ1/buɔŋ1	
髈	pʰɑŋ2/pʰuɔŋ2	
䠙	bɑŋ1/buɔŋ1	
旁	bɑŋ1/buɔŋ1	
篣	bɑŋ1/buɔŋ1	
篣	bɛŋ1/buɛŋ1	
𨜷	bɑŋ1/buɔŋ1	
螃	bɑŋ1/buɔŋ1	
螃	pɑŋ2/puɔŋ2	
螃	pɑŋ3/puɔŋ3	
䅭	bɑŋ1/buɔŋ1	
騯	bɑŋ1/buɔŋ1	
騯	pɛŋ1/puɛŋ1	
騯	bɛŋ1/buɛŋ1	
卬	ɴɑŋ1/ŋɑŋ1	
卬	ŋˠɑŋ2/ŋɨɔŋ2	
䭹	ɴɑŋ1/ŋɑŋ1	
䭹	ɴɑŋ2/ŋɑŋ2	
䭹	ɴɑŋ3/ŋɑŋ3	
枊	ɴɑŋ1/ŋɑŋ1	
枊	ɴɑŋ3/ŋɑŋ3	
昂	ɴɑŋ1/ŋɑŋ1	
䒢	ɴɑŋ1/ŋɑŋ1	
䒢	ŋˠɑŋ2/ŋɨɔŋ2	
㭿	ɴɑŋ1/ŋɑŋ1	
䩕	ɴɑŋ1/ŋɑŋ1	
藏	dzɑŋ1/dzɑŋ1	
藏	dzɑŋ3/dzɑŋ3	
䯑	qʰwɑŋ1/kʰuɔŋ1	
幫	pɑŋ1/puɔŋ1	
縍	pɑŋ1/puɔŋ1	
㨍	pɑŋ1/puɔŋ1	
𨢐	pɑŋ1/puɔŋ1	
鞤	pɑŋ1/puɔŋ1	
庚	qɛŋ1/kɯɛŋ1	
鶊	qɛŋ1/kɯɛŋ1	
更	qɛŋ1/kɯɛŋ1	
更	qɛŋ3/kɯɛŋ3	
䢚	qɛŋ1/kɯɛŋ1	
秔	qɛŋ1/kɯɛŋ1	
稉	qɛŋ1/kɯɛŋ1	
粳	qɛŋ1/kɯɛŋ1	
賡	qɛŋ1/kɯɛŋ1	
羹	qɛŋ1/kɯɛŋ1	
𩱧	qɛŋ1/kɯɛŋ1	
埂	qɛŋ1/kɯɛŋ1	
埂	qɛŋ2/kɯɛŋ2	
浭	qɛŋ1/kɯɛŋ1	
阬	qʰɛŋ1/kʰɯɛŋ1	
阬	qʰɑŋ3/kʰɑŋ3	
坑	qʰɛŋ1/kʰɯɛŋ1	
硎	qʰɛŋ1/kʰɯɛŋ1	
硎	ɣʲɛŋ1/ɦieŋ1	
𥉸	qʰɛŋ1/kʰɯɛŋ1	
砊	qʰɛŋ1/kʰɯɛŋ1	
砊	qʰɑŋ3/kʰɑŋ3	
劥	qʰɛŋ1/kʰɯɛŋ1	
盲	mɛŋ1/muɛŋ1	
蝱	mɛŋ1/muɛŋ1	
鄳	mɛŋ1/muɛŋ1	
鄳	mɛŋ2/muɛŋ2	
𥋝	mɛŋ1/muɛŋ1	
𥋝	mɛŋ2/muɛŋ2	
莔	mɛŋ1/muɛŋ1	
莔	xˠit4/hɨt4	
𨞚	mɛŋ1/muɛŋ1	
䥰	mɛŋ1/muɛŋ1	
𥭮	mɛŋ1/muɛŋ1	
黌	ʁwɛŋ1/ɦuɛŋ1	
鐄	ʁwɛŋ1/ɦuɛŋ1	
瑝	ʁwɛŋ1/ɦuɛŋ1	
喤	ʁwɛŋ1/ɦuɛŋ1	
喤	χwɛŋ1/huɛŋ1	
鍠	ʁwɛŋ1/ɦuɛŋ1	
䬝	ʁwɛŋ1/ɦuɛŋ1	
㶇	ʁwɛŋ1/ɦuɛŋ1	
㶇	ʁwɛŋ3/ɦuɛŋ3	
䄓	ʁwɛŋ1/ɦuɛŋ1	
𧝒	ʁwɛŋ1/ɦuɛŋ1	
𤮏	ʁwɛŋ1/ɦuɛŋ1	
𪏓	ʁwɛŋ1/ɦuɛŋ1	
𢘌	ʁwɛŋ1/ɦuɛŋ1	
彋	ʁwɛŋ1/ɦuɛŋ1	
閍	pɛŋ1/puɛŋ1	
祊	pɛŋ1/puɛŋ1	
𥛱	pɛŋ1/puɛŋ1	
嗙	pɛŋ1/puɛŋ1	
㔙	pɛŋ1/puɛŋ1	
諻	χwɛŋ1/huɛŋ1	
䎕	χwɛŋ1/huɛŋ1	
謍	χwɛŋ1/huɛŋ1	
謍	ʔwɛŋ1/ʔuɛŋ1	
謍	jwɛŋ1/jyeŋ1	
嚝	χwɛŋ1/huɛŋ1	
觵	qwɛŋ1/kuɛŋ1	
觥	qwɛŋ1/kuɛŋ1	
𩃙	qwɛŋ1/kuɛŋ1	
䍔	qwɛŋ1/kuɛŋ1	
𣘯	qwɛŋ1/kuɛŋ1	
彭	bɛŋ1/buɛŋ1	
澎	bɛŋ1/buɛŋ1	
澎	pʰɛŋ1/pʰuɛŋ1	
膨	bɛŋ1/buɛŋ1	
膨	bɛŋ3/buɛŋ3	
蟚	bɛŋ1/buɛŋ1	
䰃	bɛŋ1/buɛŋ1	
䰃	pɑŋ2/puɔŋ2	
棚	bɛŋ1/buɛŋ1	
棚	bɨŋ1/buəŋ1	
榜	bɛŋ1/buɛŋ1	
榜	pɑŋ2/puɔŋ2	
榜	pɛŋ3/puɛŋ3	
䄘	bɛŋ1/buɛŋ1	
搒	bɛŋ1/buɛŋ1	
搒	pɑŋ3/puɔŋ3	
蒡	bɛŋ1/buɛŋ1	
蒡	pɑŋ2/puɔŋ2	
𩡕	bɛŋ1/buɛŋ1	
憉	bɛŋ1/buɛŋ1	
輣	bɛŋ1/buɛŋ1	
𨍩	bɛŋ1/buɛŋ1	
脝	χɛŋ1/hɯɛŋ1	
悙	χɛŋ1/hɯɛŋ1	
亨	χɛŋ1/hɯɛŋ1	
亨	pʰɛŋ1/pʰuɛŋ1	
亨	xˠɑŋ2/hɨɔŋ2	
瞠	ʈʰɛŋ1/ʈʰɯɛŋ1	
橕	ʈʰɛŋ1/ʈʰɯɛŋ1	
樘	ʈʰɛŋ1/ʈʰɯɛŋ1	
䟓	ʈʰɛŋ1/ʈʰɯɛŋ1	
䟓	ʈɛŋ1/ʈɯɛŋ1	
䟓	ʈˠʰɛŋ1/ʈʰieŋ1	
竀	ʈʰɛŋ1/ʈʰɯɛŋ1	
竀	ʈˠʰɛŋ1/ʈʰieŋ1	
鎗	tʂʰɛŋ1/tʂʰɯɛŋ1	
琤	tʂʰɛŋ1/tʂʰɯɛŋ1	
傖	dʐɛŋ1/dʐɯɛŋ1	
䚘	dʐɛŋ1/dʐɯɛŋ1	
𩫿	dʐɛŋ1/dʐɯɛŋ1	
鬇	dʐɛŋ1/dʐɯɛŋ1	
崢	dʐɛŋ1/dʐɯɛŋ1	
韺	ʔˠɛŋ1/ʔɨeŋ1	
渶	ʔˠɛŋ1/ʔɨeŋ1	
鶧	ʔˠɛŋ1/ʔɨeŋ1	
英	ʔˠɛŋ1/ʔɨeŋ1	
瑛	ʔˠɛŋ1/ʔɨeŋ1	
㿮	ʔˠɛŋ1/ʔɨeŋ1	
㿮	ʔˠɑŋ3/ʔɨɔŋ3	
媖	ʔˠɛŋ1/ʔɨeŋ1	
楧	ʔˠɛŋ1/ʔɨeŋ1	
恲	pʰɛŋ1/pʰuɛŋ1	
評	bˠɛŋ1/bɨeŋ1	
評	bˠɛŋ3/bɨeŋ3	
苹	bˠɛŋ1/bɨeŋ1	
枰	bˠɛŋ1/bɨeŋ1	
枰	bˠɛŋ3/bɨeŋ3	
泙	bˠɛŋ1/bɨeŋ1	
坪	bˠɛŋ1/bɨeŋ1	
坪	bˠɛŋ3/bɨeŋ3	
胓	bˠɛŋ1/bɨeŋ1	
蚲	bˠɛŋ1/bɨeŋ1	
驚	kˠɛŋ1/kɨeŋ1	
京	kˠɛŋ1/kɨeŋ1	
荊	kˠɛŋ1/kɨeŋ1	
麠	kˠɛŋ1/kɨeŋ1	
麖	kˠɛŋ1/kɨeŋ1	
鶁	kˠɛŋ1/kɨeŋ1	
明	mˠɛŋ1/mɨeŋ1	
盟	mˠɛŋ1/mɨeŋ1	
盟	mɛŋ3/muɛŋ3	
𥁰	mˠɛŋ1/mɨeŋ1	
𥁰	mˠɛŋ2/mɨeŋ2	
䳟	mˠɛŋ1/mɨeŋ1	
鳴	mˠɛŋ1/mɨeŋ1	
棖	ɖɛŋ1/ɖɯɛŋ1	
盯	ɖɛŋ1/ɖɯɛŋ1	
盯	ʈɛŋ2/ʈɯɛŋ2	
澄	ɖɛŋ1/ɖɯɛŋ1	
澄	ɖˠɨŋ1/ɖiŋ1	
掁	ɖɛŋ1/ɖɯɛŋ1	
𣥺	ɖɛŋ1/ɖɯɛŋ1	
挰	ɖɛŋ1/ɖɯɛŋ1	
憕	ɖɛŋ1/ɖɯɛŋ1	
憕	ɖˠɨŋ1/ɖiŋ1	
趟	ʈɛŋ1/ʈɯɛŋ1	
趟	ʈɛŋ3/ʈɯɛŋ3	
𩘽	ʈɛŋ1/ʈɯɛŋ1	
榮	ɰwɛŋ1/ʉeŋ1	
禜	ɰwɛŋ1/ʉeŋ1	
禜	ɰwɛŋ3/ʉeŋ3	
蠑	ɰwɛŋ1/ʉeŋ1	
瑩	ɰwɛŋ1/ʉeŋ1	
瑩	ʔʲwɛŋ3/ʔyeŋ3	
揘	ɰwɛŋ1/ʉeŋ1	
嶸	ɰwɛŋ1/ʉeŋ1	
嶸	ʁwɛŋ1/ɦuɛŋ1	
兵	pˠɛŋ1/pɨeŋ1	
兄	xˠwɛŋ1/hʉeŋ1	
卿	kˠʰɛŋ1/kʰɨeŋ1	
生	ʂɛŋ1/ʂɯɛŋ1	
生	ʂɛŋ3/ʂɯɛŋ3	
笙	ʂɛŋ1/ʂɯɛŋ1	
牲	ʂɛŋ1/ʂɯɛŋ1	
猩	ʂɛŋ1/ʂɯɛŋ1	
猩	sʲɛŋ1/sieŋ1	
狌	ʂɛŋ1/ʂɯɛŋ1	
鉎	ʂɛŋ1/ʂɯɛŋ1	
鉎	sʲɛŋ1/sieŋ1	
甥	ʂɛŋ1/ʂɯɛŋ1	
䴤	ʂɛŋ1/ʂɯɛŋ1	
鼪	ʂɛŋ1/ʂɯɛŋ1	
鼪	ʂɛŋ3/ʂɯɛŋ3	
珄	ʂɛŋ1/ʂɯɛŋ1	
擎	ɡˠɛŋ1/ɡɨeŋ1	
勍	ɡˠɛŋ1/ɡɨeŋ1	
黥	ɡˠɛŋ1/ɡɨeŋ1	
䵞	ɡˠɛŋ1/ɡɨeŋ1	
剠	ɡˠɛŋ1/ɡɨeŋ1	
鯨	ɡˠɛŋ1/ɡɨeŋ1	
檠	ɡˠɛŋ1/ɡɨeŋ1	
檠	kˠɛŋ2/kɨeŋ2	
檠	ɡˠɛŋ3/ɡɨeŋ3	
樈	ɡˠɛŋ1/ɡɨeŋ1	
葝	ɡˠɛŋ1/ɡɨeŋ1	
葝	ɡʲɛŋ1/ɡieŋ1	
䫆	ɡˠɛŋ1/ɡɨeŋ1	
䫆	ʑɛŋ1/dʒieŋ1	
迎	ŋˠɛŋ1/ŋɨeŋ1	
迎	ŋˠɛŋ3/ŋɨeŋ3	
衡	ʁɛŋ1/ɦɯɛŋ1	
䯒	ʁɛŋ1/ɦɯɛŋ1	
洐	ʁɛŋ1/ɦɯɛŋ1	
珩	ʁɛŋ1/ɦɯɛŋ1	
蘅	ʁɛŋ1/ɦɯɛŋ1	
𦣍	ʁɛŋ1/ɦɯɛŋ1	
㲰	ɳɛŋ1/ɳɯɛŋ1	
𤕦	ɳɛŋ1/ɳɯɛŋ1	
獰	ɳɛŋ1/ɳɯɛŋ1	
𥣗	ɳɛŋ1/ɳɯɛŋ1	
𧂘	ɳɛŋ1/ɳɯɛŋ1	
耕	qɛŋ1/kɯɛŋ1	
鏗	qʰɛŋ1/kʰɯɛŋ1	
銵	qʰɛŋ1/kʰɯɛŋ1	
䡰	qʰɛŋ1/kʰɯɛŋ1	
誙	qʰɛŋ1/kʰɯɛŋ1	
牼	qʰɛŋ1/kʰɯɛŋ1	
牼	ʁɛŋ1/ɦɯɛŋ1	
𡷨	qʰɛŋ1/kʰɯɛŋ1	
硻	qʰɛŋ1/kʰɯɛŋ1	
殸	qʰɛŋ1/kʰɯɛŋ1	
殸	kʲʰɛŋ3/kʰieŋ3	
㧶	qʰɛŋ1/kʰɯɛŋ1	
䡩	qʰɛŋ1/kʰɯɛŋ1	
硜	qʰɛŋ1/kʰɯɛŋ1	
摼	qʰɛŋ1/kʰɯɛŋ1	
㰢	qʰɛŋ1/kʰɯɛŋ1	
甍	mɛŋ1/muɛŋ1	
𣞑	mɛŋ1/muɛŋ1	
䉚	mɛŋ1/muɛŋ1	
萌	mɛŋ1/muɛŋ1	
氓	mɛŋ1/muɛŋ1	
甿	mɛŋ1/muɛŋ1	
嫇	mɛŋ1/muɛŋ1	
嫇	mʲɛŋ1/mieŋ1	
嫇	mʲɛŋ2/mieŋ2	
蕄	mɛŋ1/muɛŋ1	
蕄	mɨŋ1/muəŋ1	
𧂛	mɛŋ1/muɛŋ1	
𥌯	mɛŋ1/muɛŋ1	
浜	pɛŋ1/puɛŋ1	
浜	pɛŋ2/puɛŋ2	
㙃	pɛŋ1/puɛŋ1	
宏	ʁwɛŋ1/ɦuɛŋ1	
紘	ʁwɛŋ1/ɦuɛŋ1	
紭	ʁwɛŋ1/ɦuɛŋ1	
閎	ʁwɛŋ1/ɦuɛŋ1	
嵤	ʁwɛŋ1/ɦuɛŋ1	
𧮯	ʁwɛŋ1/ɦuɛŋ1	
耾	ʁwɛŋ1/ɦuɛŋ1	
翃	ʁwɛŋ1/ɦuɛŋ1	
浤	ʁwɛŋ1/ɦuɛŋ1	
竑	ʁwɛŋ1/ɦuɛŋ1	
宖	ʁwɛŋ1/ɦuɛŋ1	
宖	ʔwɛŋ1/ʔuɛŋ1	
鈜	ʁwɛŋ1/ɦuɛŋ1	
吰	ʁwɛŋ1/ɦuɛŋ1	
𥐪	ʁwɛŋ1/ɦuɛŋ1	
莖	ʁɛŋ1/ɦɯɛŋ1	
莖	ʔɛŋ1/ʔɯɛŋ1	
䪫	ʁɛŋ1/ɦɯɛŋ1	
朾	ʈɛŋ1/ʈɯɛŋ1	
朾	ɖɛŋ1/ɖɯɛŋ1	
丁	ʈɛŋ1/ʈɯɛŋ1	
丁	tʲɛŋ1/tieŋ1	
玎	ʈɛŋ1/ʈɯɛŋ1	
玎	tʲɛŋ1/tieŋ1	
𠑅	ʈɛŋ1/ʈɯɛŋ1	
𧯫	ʈɛŋ1/ʈɯɛŋ1	
䆸	ʈɛŋ1/ʈɯɛŋ1	
甖	ʔɛŋ1/ʔɯɛŋ1	
罌	ʔɛŋ1/ʔɯɛŋ1	
罃	ʔɛŋ1/ʔɯɛŋ1	
鶯	ʔɛŋ1/ʔɯɛŋ1	
嚶	ʔɛŋ1/ʔɯɛŋ1	
櫻	ʔɛŋ1/ʔɯɛŋ1	
嫈	ʔɛŋ1/ʔɯɛŋ1	
嫈	ʔʲwɛŋ1/ʔyeŋ1	
嫈	ʔɛŋ3/ʔɯɛŋ3	
鸚	ʔɛŋ1/ʔɯɛŋ1	
譻	ʔɛŋ1/ʔɯɛŋ1	
鸎	ʔɛŋ1/ʔɯɛŋ1	
褮	ʔɛŋ1/ʔɯɛŋ1	
褮	ʔʲwɛŋ1/ʔyeŋ1	
褮	ɣʲwɛŋ1/ɦyeŋ1	
𠠜	ʔɛŋ1/ʔɯɛŋ1	
𦱊	dʐɛŋ1/dʐɯɛŋ1	
埩	dʐɛŋ1/dʐɯɛŋ1	
埩	tʂɛŋ1/tʂɯɛŋ1	
鏳	dʐɛŋ1/dʐɯɛŋ1	
崝	dʐɛŋ1/dʐɯɛŋ1	
錚	tʂʰɛŋ1/tʂʰɯɛŋ1	
凈	tʂʰɛŋ1/tʂʰɯɛŋ1	
棦	tʂʰɛŋ1/tʂʰɯɛŋ1	
噌	tʂʰɛŋ1/tʂʰɯɛŋ1	
儜	ɳɛŋ1/ɳɯɛŋ1	
薴	ɳɛŋ1/ɳɯɛŋ1	
鬡	ɳɛŋ1/ɳɯɛŋ1	
𧭈	ɳɛŋ1/ɳɯɛŋ1	
鑏	ɳɛŋ1/ɳɯɛŋ1	
䭢	ɳɛŋ1/ɳɯɛŋ1	
嬣	ɳɛŋ1/ɳɯɛŋ1	
怦	pʰɛŋ1/pʰuɛŋ1	
姘	pʰɛŋ1/pʰuɛŋ1	
姘	pʲʰɛŋ1/pʰieŋ1	
閛	pʰɛŋ1/pʰuɛŋ1	
𤘾	pʰɛŋ1/pʰuɛŋ1	
伻	pʰɛŋ1/pʰuɛŋ1	
弸	pʰɛŋ1/pʰuɛŋ1	
弸	bɛŋ1/buɛŋ1	
䍬	pʰɛŋ1/pʰuɛŋ1	
㛁	pʰɛŋ1/pʰuɛŋ1	
匉	pʰɛŋ1/pʰuɛŋ1	
抨	pʰɛŋ1/pʰuɛŋ1	
砰	pʰɛŋ1/pʰuɛŋ1	
轟	χwɛŋ1/huɛŋ1	
轟	χwɛŋ3/huɛŋ3	
輷	χwɛŋ1/huɛŋ1	
輷	χwɛŋ3/huɛŋ3	
揈	χwɛŋ1/huɛŋ1	
鍧	χwɛŋ1/huɛŋ1	
渹	χwɛŋ1/huɛŋ1	
𦑟	χwɛŋ1/huɛŋ1	
𥕗	χwɛŋ1/huɛŋ1	
𢝁	χwɛŋ1/huɛŋ1	
繃	pɛŋ1/puɛŋ1	
絣	pɛŋ1/puɛŋ1	
𢆸	pɛŋ1/puɛŋ1	
拼	pɛŋ1/puɛŋ1	
䑫	pɛŋ1/puɛŋ1	
橙	ɖɛŋ1/ɖɯɛŋ1	
橙	tɨŋ3/təŋ3	
揨	ɖɛŋ1/ɖɯɛŋ1	
𢾊	ɖɛŋ1/ɖɯɛŋ1	
𢿦	ɖɛŋ1/ɖɯɛŋ1	
湞	ɖɛŋ1/ɖɯɛŋ1	
湞	ʈˠɛŋ1/ʈieŋ1	
虰	ɖɛŋ1/ɖɯɛŋ1	
虰	ʈˠʰɛŋ1/ʈʰieŋ1	
虰	tʲɛŋ1/tieŋ1	
瞪	ɖɛŋ1/ɖɯɛŋ1	
瞪	ɖˠɨŋ1/ɖiŋ1	
瞪	ɖˠɨŋ3/ɖiŋ3	
䆵	ɖɛŋ1/ɖɯɛŋ1	
䁎	ɖɛŋ1/ɖɯɛŋ1	
䆑	ɖɛŋ1/ɖɯɛŋ1	
泓	ʔwɛŋ1/ʔuɛŋ1	
𩰎	ʔwɛŋ1/ʔuɛŋ1	
㥊	bɛŋ1/buɛŋ1	
庄	bɛŋ1/buɛŋ1	
娙	ɴɛŋ1/ŋɯɛŋ1	
娙	ɣʲɛŋ1/ɦieŋ1	
爭	tʂɛŋ1/tʂɯɛŋ1	
箏	tʂɛŋ1/tʂɯɛŋ1	
綪	tʂɛŋ1/tʂɯɛŋ1	
綪	tsʲʰɛn3/tsʰien3	
䋫	tʂɛŋ1/tʂɯɛŋ1	
猙	tʂɛŋ1/tʂɯɛŋ1	
猙	dzʲɛŋ3/dzieŋ3	
䱢	tʂɛŋ1/tʂɯɛŋ1	
清	tsʲʰɛŋ1/tsʰieŋ1	
圊	tsʲʰɛŋ1/tsʰieŋ1	
情	dzʲɛŋ1/dzieŋ1	
晴	dzʲɛŋ1/dzieŋ1	
請	dzʲɛŋ1/dzieŋ1	
請	tsʲʰɛŋ2/tsʰieŋ2	
請	dzʲɛŋ3/dzieŋ3	
夝	dzʲɛŋ1/dzieŋ1	
䝼	dzʲɛŋ1/dzieŋ1	
䝼	dzʲɛŋ3/dzieŋ3	
精	tsʲɛŋ1/tsieŋ1	
精	tsʲɛŋ3/tsieŋ3	
菁	tsʲɛŋ1/tsieŋ1	
鶄	tsʲɛŋ1/tsieŋ1	
鶄	tsʲʰɛŋ1/tsʰieŋ1	
蜻	tsʲɛŋ1/tsieŋ1	
蜻	tsʲʰɛŋ1/tsʰieŋ1	
晶	tsʲɛŋ1/tsieŋ1	
鼱	tsʲɛŋ1/tsieŋ1	
婧	tsʲɛŋ1/tsieŋ1	
婧	dzʲɛŋ3/dzieŋ3	
睛	tsʲɛŋ1/tsieŋ1	
睛	tsʲʰɛŋ2/tsʰieŋ2	
𣻒	tsʲɛŋ1/tsieŋ1	
旌	tsʲɛŋ1/tsieŋ1	
旍	tsʲɛŋ1/tsieŋ1	
箐	tsʲɛŋ1/tsieŋ1	
𩓨	tsʲɛŋ1/tsieŋ1	
聙	tsʲɛŋ1/tsieŋ1	
盈	jɛŋ1/jieŋ1	
嬴	jɛŋ1/jieŋ1	
㜲	jɛŋ1/jieŋ1	
瀛	jɛŋ1/jieŋ1	
籝	jɛŋ1/jieŋ1	
楹	jɛŋ1/jieŋ1	
贏	jɛŋ1/jieŋ1	
𤟣	jɛŋ1/jieŋ1	
䕦	jɛŋ1/jieŋ1	
𨜏	jɛŋ1/jieŋ1	
𦝚	jɛŋ1/jieŋ1	
攍	jɛŋ1/jieŋ1	
營	jwɛŋ1/jyeŋ1	
鎣	jwɛŋ1/jyeŋ1	
鎣	ʔʲwɛŋ3/ʔyeŋ3	
塋	jwɛŋ1/jyeŋ1	
䁝	jwɛŋ1/jyeŋ1	
䁝	ɣʲwɛŋ1/ɦyeŋ1	
䁝	ʔwɛŋ2/ʔuɛŋ2	
濴	jwɛŋ1/jyeŋ1	
嬰	ʔʲɛŋ1/ʔieŋ1	
瓔	ʔʲɛŋ1/ʔieŋ1	
纓	ʔʲɛŋ1/ʔieŋ1	
攖	ʔʲɛŋ1/ʔieŋ1	
𨟙	ʔʲɛŋ1/ʔieŋ1	
𨟙	ʔʲɛŋ2/ʔieŋ2	
賏	ʔʲɛŋ1/ʔieŋ1	
賏	ʔˠɛŋ3/ʔɨeŋ3	
蘡	ʔʲɛŋ1/ʔieŋ1	
貞	ʈˠɛŋ1/ʈieŋ1	
楨	ʈˠɛŋ1/ʈieŋ1	
禎	ʈˠɛŋ1/ʈieŋ1	
𨜓	ʈˠɛŋ1/ʈieŋ1	
𨜓	ɖˠɛŋ1/ɖieŋ1	
𨺟	ʈˠɛŋ1/ʈieŋ1	
檉	ʈˠʰɛŋ1/ʈʰieŋ1	
偵	ʈˠʰɛŋ1/ʈʰieŋ1	
偵	ʈɛŋ3/ʈɯɛŋ3	
偵	ʈˠʰɛŋ3/ʈʰieŋ3	
赬	ʈˠʰɛŋ1/ʈʰieŋ1	
䞓	ʈˠʰɛŋ1/ʈʰieŋ1	
蟶	ʈˠʰɛŋ1/ʈʰieŋ1	
成	ʑɛŋ1/dʒieŋ1	
𢦩	ʑɛŋ1/dʒieŋ1	
城	ʑɛŋ1/dʒieŋ1	
誠	ʑɛŋ1/dʒieŋ1	
宬	ʑɛŋ1/dʒieŋ1	
郕	ʑɛŋ1/dʒieŋ1	
筬	ʑɛŋ1/dʒieŋ1	
盛	ʑɛŋ1/dʒieŋ1	
盛	ʑɛŋ3/ʒieŋ3	
珹	ʑɛŋ1/dʒieŋ1	
呈	ɖˠɛŋ1/ɖieŋ1	
呈	ɖˠɛŋ3/ɖieŋ3	
程	ɖˠɛŋ1/ɖieŋ1	
酲	ɖˠɛŋ1/ɖieŋ1	
珵	ɖˠɛŋ1/ɖieŋ1	
䇸	ɖˠɛŋ1/ɖieŋ1	
裎	ɖˠɛŋ1/ɖieŋ1	
裎	ʈˠʰɛŋ2/ʈʰieŋ2	
聲	ɕɛŋ1/ʃieŋ1	
征	tɕɛŋ1/tʃieŋ1	
𨒌	tɕɛŋ1/tʃieŋ1	
鯖	tɕɛŋ1/tʃieŋ1	
鯖	tsʲʰɛŋ1/tsʰieŋ1	
𨢹	tɕɛŋ1/tʃieŋ1	
𦙫	tɕɛŋ1/tʃieŋ1	
鉦	tɕɛŋ1/tʃieŋ1	
怔	tɕɛŋ1/tʃieŋ1	
正	tɕɛŋ1/tʃieŋ1	
正	tɕɛŋ3/tʃieŋ3	
鴊	tɕɛŋ1/tʃieŋ1	
鴊	tɕɛŋ3/tʃieŋ3	
䋊	tɕɛŋ1/tʃieŋ1	
眐	tɕɛŋ1/tʃieŋ1	
𧘿	tɕɛŋ1/tʃieŋ1	
佂	tɕɛŋ1/tʃieŋ1	
輕	kʲʰɛŋ1/kʰieŋ1	
輕	kʲʰɛŋ3/kʰieŋ3	
𨆪	kʲʰɛŋ1/kʰieŋ1	
𨆪	kʲʰɛŋ3/kʰieŋ3	
鑋	kʲʰɛŋ1/kʰieŋ1	
鑋	kʲʰɛŋ3/kʰieŋ3	
名	mʲɛŋ1/mieŋ1	
洺	mʲɛŋ1/mieŋ1	
跉	lˠɛŋ1/ɭieŋ1	
跉	lʲɛŋ1/lieŋ1	
并	pʲɛŋ1/pieŋ1	
并	pʲɛŋ3/pieŋ3	
栟	pʲɛŋ1/pieŋ1	
箳	pʲɛŋ1/pieŋ1	
箳	bʲɛŋ1/bieŋ1	
屏	pʲɛŋ1/pieŋ1	
屏	bʲɛŋ1/bieŋ1	
屏	pʲɛŋ2/pieŋ2	
傾	kʲʰwɛŋ1/kʰyeŋ1	
頃	kʲʰwɛŋ1/kʰyeŋ1	
頃	kʲʰwɛŋ2/kʰyeŋ2	
𩛿	zʲɛŋ1/zieŋ1	
縈	ʔʲwɛŋ1/ʔyeŋ1	
䪯	ʔʲwɛŋ1/ʔyeŋ1	
𢄋	ʔʲwɛŋ1/ʔyeŋ1	
瓊	ɡʲwɛŋ1/ɡyeŋ1	
璚	ɡʲwɛŋ1/ɡyeŋ1	
煢	ɡʲwɛŋ1/ɡyeŋ1	
焭	ɡʲwɛŋ1/ɡyeŋ1	
睘	ɡʲwɛŋ1/ɡyeŋ1	
惸	ɡʲwɛŋ1/ɡyeŋ1	
𢶇	ɡʲwɛŋ1/ɡyeŋ1	
藑	ɡʲwɛŋ1/ɡyeŋ1	
𡞦	ɡʲwɛŋ1/ɡyeŋ1	
赹	ɡʲwɛŋ1/ɡyeŋ1	
憌	ɡʲwɛŋ1/ɡyeŋ1	
𦽓	ɡʲwɛŋ1/ɡyeŋ1	
𦾵	ɡʲwɛŋ1/ɡyeŋ1	
𨍶	ɡʲwɛŋ1/ɡyeŋ1	
㒌	ɡʲwɛŋ1/ɡyeŋ1	
騂	sʲwɛŋ1/syeŋ1	
𤙡	sʲwɛŋ1/syeŋ1	
垶	sʲwɛŋ1/syeŋ1	
觪	sʲwɛŋ1/syeŋ1	
頸	ɡʲɛŋ1/ɡieŋ1	
頸	kʲɛŋ2/kieŋ2	
𩷏	ɡʲɛŋ1/ɡieŋ1	
𩷏	ɣʲɛŋ3/ɦieŋ3	
𦳲	ɡʲɛŋ1/ɡieŋ1	
𧵣	xʲwɛŋ1/hyeŋ1	
𧵣	ɣʲwɛŋ1/ɦyeŋ1	
青	tsʲʰɛŋ1/tsʰieŋ1	
靘	tsʲʰɛŋ1/tsʰieŋ1	
靘	tsʲʰɛŋ3/tsʰieŋ3	
經	kʲɛŋ1/kieŋ1	
經	kʲɛŋ3/kieŋ3	
涇	kʲɛŋ1/kieŋ1	
鵛	kʲɛŋ1/kieŋ1	
巠	kʲɛŋ1/kieŋ1	
㓝	ɣʲɛŋ1/ɦieŋ1	
刑	ɣʲɛŋ1/ɦieŋ1	
形	ɣʲɛŋ1/ɦieŋ1	
𤬐	ɣʲɛŋ1/ɦieŋ1	
䣆	ɣʲɛŋ1/ɦieŋ1	
桯	ɣʲɛŋ1/ɦieŋ1	
桯	tʲʰɛŋ1/tʰieŋ1	
鉶	ɣʲɛŋ1/ɦieŋ1	
型	ɣʲɛŋ1/ɦieŋ1	
陘	ɣʲɛŋ1/ɦieŋ1	
侀	ɣʲɛŋ1/ɦieŋ1	
鈃	ɣʲɛŋ1/ɦieŋ1	
㼛	ɣʲɛŋ1/ɦieŋ1	
𤭓	ɣʲɛŋ1/ɦieŋ1	
鋞	ɣʲɛŋ1/ɦieŋ1	
鋞	ɣʲɛŋ3/ɦieŋ3	
庭	dʲɛŋ1/dieŋ1	
停	dʲɛŋ1/dieŋ1	
鼮	dʲɛŋ1/dieŋ1	
莛	dʲɛŋ1/dieŋ1	
莛	dʲɛŋ3/dieŋ3	
葶	dʲɛŋ1/dieŋ1	
葶	tʲɛŋ2/tieŋ2	
筳	dʲɛŋ1/dieŋ1	
亭	dʲɛŋ1/dieŋ1	
聤	dʲɛŋ1/dieŋ1	
霆	dʲɛŋ1/dieŋ1	
霆	dʲɛŋ3/dieŋ3	
渟	dʲɛŋ1/dieŋ1	
𩹇	dʲɛŋ1/dieŋ1	
綎	dʲɛŋ1/dieŋ1	
綎	tʲʰɛŋ1/tʰieŋ1	
娗	dʲɛŋ1/dieŋ1	
娗	dʲɛŋ3/dieŋ3	
㼗	dʲɛŋ1/dieŋ1	
𧖧	dʲɛŋ1/dieŋ1	
挺	dʲɛŋ1/dieŋ1	
挺	dʲɛŋ3/dieŋ3	
楟	dʲɛŋ1/dieŋ1	
蜓	dʲɛŋ1/dieŋ1	
蜓	dʲɛn3/dien3	
蜓	dʲɛŋ3/dieŋ3	
廷	dʲɛŋ1/dieŋ1	
廷	dʲɛŋ3/dieŋ3	
㹶	dʲɛŋ1/dieŋ1	
𧓴	dʲɛŋ1/dieŋ1	
釘	tʲɛŋ1/tieŋ1	
釘	tʲɛŋ3/tieŋ3	
䦺	tʲɛŋ1/tieŋ1	
靪	tʲɛŋ1/tieŋ1	
靪	tʲɛŋ2/tieŋ2	
仃	tʲɛŋ1/tieŋ1	
叮	tʲɛŋ1/tieŋ1	
馨	xʲɛŋ1/hieŋ1	
𠷓	xʲɛŋ1/hieŋ1	
蛵	xʲɛŋ1/hieŋ1	
星	sʲɛŋ1/sieŋ1	
曐	sʲɛŋ1/sieŋ1	
腥	sʲɛŋ1/sieŋ1	
腥	sʲɛŋ3/sieŋ3	
胜	sʲɛŋ1/sieŋ1	
鮏	sʲɛŋ1/sieŋ1	
鯹	sʲɛŋ1/sieŋ1	
𥠀	sʲɛŋ1/sieŋ1	
醒	sʲɛŋ1/sieŋ1	
醒	sʲɛŋ2/sieŋ2	
醒	sʲɛŋ3/sieŋ3	
篂	sʲɛŋ1/sieŋ1	
惺	sʲɛŋ1/sieŋ1	
惺	sʲɛŋ2/sieŋ2	
竮	pʲʰɛŋ1/pʰieŋ1	
竮	bʲɛŋ1/bieŋ1	
俜	pʲʰɛŋ1/pʰieŋ1	
俜	pʲʰɛŋ3/pʰieŋ3	
甹	pʲʰɛŋ1/pʰieŋ1	
𢖊	pʲʰɛŋ1/pʰieŋ1	
艵	pʲʰɛŋ1/pʰieŋ1	
頩	pʲʰɛŋ1/pʰieŋ1	
頩	pʲʰɛŋ2/pʰieŋ2	
覮	pʲʰɛŋ1/pʰieŋ1	
靈	lʲɛŋ1/lieŋ1	
霛	lʲɛŋ1/lieŋ1	
𩆈	lʲɛŋ1/lieŋ1	
𩆜	lʲɛŋ1/lieŋ1	
舲	lʲɛŋ1/lieŋ1	
齡	lʲɛŋ1/lieŋ1	
麢	lʲɛŋ1/lieŋ1	
𦏰	lʲɛŋ1/lieŋ1	
囹	lʲɛŋ1/lieŋ1	
鴒	lʲɛŋ1/lieŋ1	
䉁	lʲɛŋ1/lieŋ1	
蛉	lʲɛŋ1/lieŋ1	
鈴	lʲɛŋ1/lieŋ1	
霝	lʲɛŋ1/lieŋ1	
醽	lʲɛŋ1/lieŋ1	
苓	lʲɛŋ1/lieŋ1	
櫺	lʲɛŋ1/lieŋ1	
柃	lʲɛŋ1/lieŋ1	
柃	lˠɛŋ2/ɭieŋ2	
𩆚	lʲɛŋ1/lieŋ1	
伶	lʲɛŋ1/lieŋ1	
泠	lʲɛŋ1/lieŋ1	
瓴	lʲɛŋ1/lieŋ1	
𧕅	lʲɛŋ1/lieŋ1	
拎	lʲɛŋ1/lieŋ1	
刢	lʲɛŋ1/lieŋ1	
𧆺	lʲɛŋ1/lieŋ1	
𤣘	lʲɛŋ1/lieŋ1	
𤫲	lʲɛŋ1/lieŋ1	
玲	lʲɛŋ1/lieŋ1	
𦉢	lʲɛŋ1/lieŋ1	
𩖊	lʲɛŋ1/lieŋ1	
㾉	lʲɛŋ1/lieŋ1	
聆	lʲɛŋ1/lieŋ1	
竛	lʲɛŋ1/lieŋ1	
𠄖	lʲɛŋ1/lieŋ1	
蘦	lʲɛŋ1/lieŋ1	
軨	lʲɛŋ1/lieŋ1	
䡼	lʲɛŋ1/lieŋ1	
笭	lʲɛŋ1/lieŋ1	
笭	lʲɛŋ2/lieŋ2	
孁	lʲɛŋ1/lieŋ1	
𪕌	lʲɛŋ1/lieŋ1	
灵	lʲɛŋ1/lieŋ1	
𩟃	lʲɛŋ1/lieŋ1	
𩵀	lʲɛŋ1/lieŋ1	
龗	lʲɛŋ1/lieŋ1	
翎	lʲɛŋ1/lieŋ1	
閝	lʲɛŋ1/lieŋ1	
鹷	lʲɛŋ1/lieŋ1	
䴇	lʲɛŋ1/lieŋ1	
昤	lʲɛŋ1/lieŋ1	
駖	lʲɛŋ1/lieŋ1	
𧖜	lʲɛŋ1/lieŋ1	
𩆮	lʲɛŋ1/lieŋ1	
蕶	lʲɛŋ1/lieŋ1	
酃	lʲɛŋ1/lieŋ1	
詅	lʲɛŋ1/lieŋ1	
詅	lˠɛŋ3/ɭieŋ3	
彾	lʲɛŋ1/lieŋ1	
䯍	lʲɛŋ1/lieŋ1	
呤	lʲɛŋ1/lieŋ1	
狑	lʲɛŋ1/lieŋ1	
𤣤	lʲɛŋ1/lieŋ1	
爧	lʲɛŋ1/lieŋ1	
冷	lʲɛŋ1/lieŋ1	
冷	lɛŋ2/ɭɯɛŋ2	
冷	lʲɛŋ2/lieŋ2	
𠱠	lʲɛŋ1/lieŋ1	
𦫊	lʲɛŋ1/lieŋ1	
𢺰	lʲɛŋ1/lieŋ1	
𢺰	lʲɛŋ3/lieŋ3	
澪	lʲɛŋ1/lieŋ1	
𥤞	lʲɛŋ1/lieŋ1	
秢	lʲɛŋ1/lieŋ1	
䕘	lʲɛŋ1/lieŋ1	
䕘	lˠɛŋ2/ɭieŋ2	
岭	lʲɛŋ1/lieŋ1	
𣬹	lʲɛŋ1/lieŋ1	
𩚹	lʲɛŋ1/lieŋ1	
紷	lʲɛŋ1/lieŋ1	
䉹	lʲɛŋ1/lieŋ1	
砱	lʲɛŋ1/lieŋ1	
阾	lʲɛŋ1/lieŋ1	
阾	lˠɛŋ2/ɭieŋ2	
羚	lʲɛŋ1/lieŋ1	
姈	lʲɛŋ1/lieŋ1	
㸳	lʲɛŋ1/lieŋ1	
寧	nʲɛŋ1/nieŋ1	
寍	nʲɛŋ1/nieŋ1	
鸋	nʲɛŋ1/nieŋ1	
鸋	nʲɛŋ3/nieŋ3	
䆨	nʲɛŋ1/nieŋ1	
𧕝	nʲɛŋ1/nieŋ1	
嚀	nʲɛŋ1/nieŋ1	
聹	nʲɛŋ1/nieŋ1	
聹	nʲɛŋ2/nieŋ2	
汀	tʲʰɛŋ1/tʰieŋ1	
汀	tʲʰɛŋ3/tʰieŋ3	
訂	tʲʰɛŋ1/tʰieŋ1	
訂	dʲɛŋ3/dieŋ3	
訂	tʲɛŋ3/tieŋ3	
聽	tʲʰɛŋ1/tʰieŋ1	
聽	tʲʰɛŋ3/tʰieŋ3	
廳	tʲʰɛŋ1/tʰieŋ1	
町	tʲʰɛŋ1/tʰieŋ1	
町	tʲʰɛn2/tʰien2	
町	dʲɛŋ3/dieŋ3	
町	tʲʰɛŋ2/tʰieŋ2	
艼	tʲʰɛŋ1/tʰieŋ1	
艼	tʲʰɛŋ2/tʰieŋ2	
𦉬	tʲʰɛŋ1/tʰieŋ1	
𦉬	tʲʰɛŋ2/tʰieŋ2	
䩠	tʲʰɛŋ1/tʰieŋ1	
鞓	tʲʰɛŋ1/tʰieŋ1	
䋼	tʲʰɛŋ1/tʰieŋ1	
𦀚	tʲʰɛŋ1/tʰieŋ1	
庁	tʲʰɛŋ1/tʰieŋ1	
冥	mʲɛŋ1/mieŋ1	
榠	mʲɛŋ1/mieŋ1	
銘	mʲɛŋ1/mieŋ1	
鄍	mʲɛŋ1/mieŋ1	
溟	mʲɛŋ1/mieŋ1	
溟	mʲɛŋ2/mieŋ2	
䫤	mʲɛŋ1/mieŋ1	
螟	mʲɛŋ1/mieŋ1	
𧱴	mʲɛŋ1/mieŋ1	
猽	mʲɛŋ1/mieŋ1	
蓂	mʲɛŋ1/mieŋ1	
蓂	mʲɛk4/miek4	
𥹆	mʲɛŋ1/mieŋ1	
覭	mʲɛŋ1/mieŋ1	
覭	mʲɛk4/miek4	
暝	mʲɛŋ1/mieŋ1	
暝	mʲɛŋ3/mieŋ3	
瓶	bʲɛŋ1/bieŋ1	
缾	bʲɛŋ1/bieŋ1	
蛢	bʲɛŋ1/bieŋ1	
䶄	bʲɛŋ1/bieŋ1	
荓	bʲɛŋ1/bieŋ1	
䈂	bʲɛŋ1/bieŋ1	
萍	bʲɛŋ1/bieŋ1	
蓱	bʲɛŋ1/bieŋ1	
郱	bʲɛŋ1/bieŋ1	
𤳊	bʲɛŋ1/bieŋ1	
洴	bʲɛŋ1/bieŋ1	
熒	ɣʲwɛŋ1/ɦyeŋ1	
螢	ɣʲwɛŋ1/ɦyeŋ1	
滎	ɣʲwɛŋ1/ɦyeŋ1	
扃	kʲwɛŋ1/kyeŋ1	
駉	kʲwɛŋ1/kyeŋ1	
駫	kʲwɛŋ1/kyeŋ1	
坰	kʲwɛŋ1/kyeŋ1	
冋	kʲwɛŋ1/kyeŋ1	
冋	ɣʲwɛŋ3/ɦyeŋ3	
𪕍	kʲwɛŋ1/kyeŋ1	
絅	kʲwɛŋ1/kyeŋ1	
絅	kʲʰwɛŋ2/kʰyeŋ2	
𣕄	kʲwɛŋ1/kyeŋ1	
蒸	tɕɨŋ1/tʃiŋ1	
䒱	tɕɨŋ1/tʃiŋ1	
烝	tɕɨŋ1/tʃiŋ1	
烝	tɕɨŋ3/tʃiŋ3	
𦚦	tɕɨŋ1/tʃiŋ1	
䕄	tɕɨŋ1/tʃiŋ1	
篜	tɕɨŋ1/tʃiŋ1	
脀	tɕɨŋ1/tʃiŋ1	
承	ʑɨŋ1/dʒiŋ1	
丞	ʑɨŋ1/dʒiŋ1	
丞	ʑɨŋ3/ʒiŋ3	
𨋬	ʑɨŋ1/dʒiŋ1	
𨋬	tɕɨŋ2/tʃiŋ2	
澂	ɖˠɨŋ1/ɖiŋ1	
懲	ɖˠɨŋ1/ɖiŋ1	
陵	lˠɨŋ1/ɭiŋ1	
淩	lˠɨŋ1/ɭiŋ1	
夌	lˠɨŋ1/ɭiŋ1	
綾	lˠɨŋ1/ɭiŋ1	
凌	lˠɨŋ1/ɭiŋ1	
𠗲	lˠɨŋ1/ɭiŋ1	
蔆	lˠɨŋ1/ɭiŋ1	
菱	lˠɨŋ1/ɭiŋ1	
䔖	lˠɨŋ1/ɭiŋ1	
㥄	lˠɨŋ1/ɭiŋ1	
鯪	lˠɨŋ1/ɭiŋ1	
崚	lˠɨŋ1/ɭiŋ1	
㱥	lˠɨŋ1/ɭiŋ1	
㱥	lɨŋ3/ləŋ3	
𡕮	lˠɨŋ1/ɭiŋ1	
𡕮	kˠɨk4/kɨk4	
𩜁	lˠɨŋ1/ɭiŋ1	
𩜁	lˠɨŋ3/ɭiŋ3	
掕	lˠɨŋ1/ɭiŋ1	
祾	lˠɨŋ1/ɭiŋ1	
祾	lɨŋ1/ləŋ1	
𣣋	lˠɨŋ1/ɭiŋ1	
膺	ʔˠɨŋ1/ʔɨŋ1	
應	ʔˠɨŋ1/ʔɨŋ1	
應	ʔˠɨŋ3/ʔɨŋ3	
𧕄	ʔˠɨŋ1/ʔɨŋ1	
鷹	ʔˠɨŋ1/ʔɨŋ1	
凭	bˠɨŋ1/bɨŋ1	
凭	bˠɨŋ3/bɨŋ3	
憑	bˠɨŋ1/bɨŋ1	
淜	bˠɨŋ1/bɨŋ1	
㵗	bˠɨŋ1/bɨŋ1	
冫	pˠɨŋ1/pɨŋ1	
冰	pˠɨŋ1/pɨŋ1	
掤	pˠɨŋ1/pɨŋ1	
蠅	jɨŋ1/jiŋ1	
繩	ʑɨŋ1/dʒiŋ1	
譝	ʑɨŋ1/dʒiŋ1	
憴	ʑɨŋ1/dʒiŋ1	
鱦	ʑɨŋ1/dʒiŋ1	
鱦	mɛŋ2/muɛŋ2	
鱦	jɨŋ3/jiŋ3	
鱦	ʑɨŋ3/ʒiŋ3	
乘	ʑɨŋ1/dʒiŋ1	
乘	ʑɨŋ3/ʒiŋ3	
椉	ʑɨŋ1/dʒiŋ1	
𠅞	ʑɨŋ1/dʒiŋ1	
澠	ʑɨŋ1/dʒiŋ1	
澠	mʲin2/min2	
溗	ʑɨŋ1/dʒiŋ1	
塍	ʑɨŋ1/dʒiŋ1	
塖	ʑɨŋ1/dʒiŋ1	
騬	ʑɨŋ1/dʒiŋ1	
升	ɕɨŋ1/ʃiŋ1	
昇	ɕɨŋ1/ʃiŋ1	
陞	ɕɨŋ1/ʃiŋ1	
勝	ɕɨŋ1/ʃiŋ1	
勝	ɕɨŋ3/ʃiŋ3	
抍	ɕɨŋ1/ʃiŋ1	
抍	tɕɨŋ2/tʃiŋ2	
仍	ɲɨŋ1/ɲʒiŋ1	
艿	ɲɨŋ1/ɲʒiŋ1	
䚮	ɲɨŋ1/ɲʒiŋ1	
辸	ɲɨŋ1/ɲʒiŋ1	
礽	ɲɨŋ1/ɲʒiŋ1	
扔	ɲɨŋ1/ɲʒiŋ1	
扔	ɲɨŋ3/ɲʒiŋ3	
㭁	ɲɨŋ1/ɲʒiŋ1	
㭁	ɲɨŋ3/ɲʒiŋ3	
兢	kˠɨŋ1/kɨŋ1	
矜	kˠɨŋ1/kɨŋ1	
徵	ʈˠɨŋ1/ʈiŋ1	
徵	ʈˠi2/ʈi2	
𨟃	ʈˠɨŋ1/ʈiŋ1	
癥	ʈˠɨŋ1/ʈiŋ1	
繒	dzʲɨŋ1/dziŋ1	
鄫	dzʲɨŋ1/dziŋ1	
驓	dzʲɨŋ1/dziŋ1	
橧	dzʲɨŋ1/dziŋ1	
橧	tsɨŋ1/tsəŋ1	
竲	dzʲɨŋ1/dziŋ1	
竲	tsɨŋ1/tsəŋ1	
嶒	dzʲɨŋ1/dziŋ1	
凝	ŋˠɨŋ1/ŋɨŋ1	
凝	ŋˠɨŋ3/ŋɨŋ3	
興	xˠɨŋ1/hɨŋ1	
興	xˠɨŋ3/hɨŋ3	
嬹	xˠɨŋ1/hɨŋ1	
嬹	xˠɨŋ3/hɨŋ3	
𨞾	xˠɨŋ1/hɨŋ1	
稱	tɕʰɨŋ1/tʃʰiŋ1	
稱	tɕʰɨŋ3/tʃʰiŋ3	
爯	tɕʰɨŋ1/tʃʰiŋ1	
偁	tɕʰɨŋ1/tʃʰiŋ1	
殑	ɡˠɨŋ1/ɡɨŋ1	
殑	ɡˠɨŋ3/ɡɨŋ3	
䔷	ɡˠɨŋ1/ɡɨŋ1	
䔷	ɡˠim1/ɡɨm1	
㱡	ʂɨŋ1/ʂʅᵊŋ1	
㱡	ʂɨŋ2/ʂʅᵊŋ2	
硱	kˠʰɨŋ1/kʰɨŋ1	
硱	qʰwɨn2/kʰun2	
僜	ʈˠʰɨŋ1/ʈʰiŋ1	
僜	dɨŋ3/dəŋ3	
庱	ʈˠʰɨŋ1/ʈʰiŋ1	
庱	ʈˠʰɨŋ2/ʈʰiŋ2	
睖	ʈˠʰɨŋ1/ʈʰiŋ1	
磳	dʐɨŋ1/dʐʅᵊŋ1	
磳	tsɨŋ1/tsəŋ1	
砯	pˠʰɨŋ1/pʰɨŋ1	
登	tɨŋ1/təŋ1	
璒	tɨŋ1/təŋ1	
燈	tɨŋ1/təŋ1	
簦	tɨŋ1/təŋ1	
㲪	tɨŋ1/təŋ1	
䔲	tɨŋ1/təŋ1	
㽅	tɨŋ1/təŋ1	
䳾	tɨŋ1/təŋ1	
楞	lɨŋ1/ləŋ1	
棱	lɨŋ1/ləŋ1	
稜	lɨŋ1/ləŋ1	
輘	lɨŋ1/ləŋ1	
倰	lɨŋ1/ləŋ1	
僧	sɨŋ1/səŋ1	
鬙	sɨŋ1/səŋ1	
䒏	sɨŋ1/səŋ1	
崩	pɨŋ1/puəŋ1	
增	tsɨŋ1/tsəŋ1	
增	tsɨŋ3/tsəŋ3	
憎	tsɨŋ1/tsəŋ1	
曾	tsɨŋ1/tsəŋ1	
曾	dzɨŋ1/dzəŋ1	
矰	tsɨŋ1/tsəŋ1	
罾	tsɨŋ1/tsəŋ1	
熷	tsɨŋ1/tsəŋ1	
䎖	tsɨŋ1/tsəŋ1	
譄	tsɨŋ1/tsəŋ1	
𦼏	tsɨŋ1/tsəŋ1	
䒐	mɨŋ1/muəŋ1	
𦱟	mɨŋ1/muəŋ1	
層	dzɨŋ1/dzəŋ1	
䁬	dzɨŋ1/dzəŋ1	
朋	bɨŋ1/buəŋ1	
堋	bɨŋ1/buəŋ1	
堋	pʰɨŋ1/pʰuəŋ1	
堋	pɨŋ3/puəŋ3	
鵬	bɨŋ1/buəŋ1	
倗	bɨŋ1/buəŋ1	
倗	pʰɨŋ2/pʰuəŋ2	
倗	bɨŋ3/buəŋ3	
鬅	bɨŋ1/buəŋ1	
弘	ʁwɨŋ1/ɦuəŋ1	
鞃	ʁwɨŋ1/ɦuəŋ1	
苰	ʁwɨŋ1/ɦuəŋ1	
肱	qwɨŋ1/kuəŋ1	
𩉦	qwɨŋ1/kuəŋ1	
薨	χwɨŋ1/huəŋ1	
𠐿	χwɨŋ1/huəŋ1	
𩖎	χwɨŋ1/huəŋ1	
𩙛	χwɨŋ1/huəŋ1	
𤃫	χwɨŋ1/huəŋ1	
騰	dɨŋ1/dəŋ1	
滕	dɨŋ1/dəŋ1	
縢	dɨŋ1/dəŋ1	
幐	dɨŋ1/dəŋ1	
幐	dɨŋ3/dəŋ3	
螣	dɨŋ1/dəŋ1	
螣	ɖˠim3/ɖim3	
螣	dɨk4/dək4	
藤	dɨŋ1/dəŋ1	
謄	dɨŋ1/dəŋ1	
𧈜	dɨŋ1/dəŋ1	
儯	dɨŋ1/dəŋ1	
𤻴	dɨŋ1/dəŋ1	
鰧	dɨŋ1/dəŋ1	
鰧	ɖˠim3/ɖim3	
𥉋	dɨŋ1/dəŋ1	
恆	ʁɨŋ1/ɦəŋ1	
𢛢	ʁɨŋ1/ɦəŋ1	
揯	qɨŋ1/kəŋ1	
揯	qɨŋ3/kəŋ3	
緪	qɨŋ1/kəŋ1	
緪	qɨŋ3/kəŋ3	
鼟	tʰɨŋ1/tʰəŋ1	
膯	tʰɨŋ1/tʰəŋ1	
𤃶	tʰɨŋ1/tʰəŋ1	
𤃶	tʰɨŋ3/tʰəŋ3	
𧰥	tʰɨŋ1/tʰəŋ1	
漰	pʰɨŋ1/pʰuəŋ1	
尤	ɰɨw1/ɨu̯1	
𣏞	ɰɨw1/ɨu̯1	
疣	ɰɨw1/ɨu̯1	
肬	ɰɨw1/ɨu̯1	
𪐤	ɰɨw1/ɨu̯1	
沋	ɰɨw1/ɨu̯1	
郵	ɰɨw1/ɨu̯1	
訧	ɰɨw1/ɨu̯1	
憂	ʔˠɨw1/ʔɨu̯1	
優	ʔˠɨw1/ʔɨu̯1	
瀀	ʔˠɨw1/ʔɨu̯1	
𢖒	ʔˠɨw1/ʔɨu̯1	
麀	ʔˠɨw1/ʔɨu̯1	
𪋎	ʔˠɨw1/ʔɨu̯1	
櫌	ʔˠɨw1/ʔɨu̯1	
鄾	ʔˠɨw1/ʔɨu̯1	
𢆶	ʔˠɨw1/ʔɨu̯1	
𢆶	ʔʲɨw1/ʔiu̯1	
嚘	ʔˠɨw1/ʔɨu̯1	
耰	ʔˠɨw1/ʔɨu̯1	
獶	ʔˠɨw1/ʔɨu̯1	
𧀥	ʔˠɨw1/ʔɨu̯1	
纋	ʔˠɨw1/ʔɨu̯1	
㱊	ʔˠɨw1/ʔɨu̯1	
劉	lˠɨw1/ɭiu̯1	
留	lˠɨw1/ɭiu̯1	
留	lˠɨw3/ɭiu̯3	
蒥	lˠɨw1/ɭiu̯1	
勠	lˠɨw1/ɭiu̯1	
勠	lˠɨw3/ɭiu̯3	
勠	lˠɨwk4/ɭɨuk4	
鶹	lˠɨw1/ɭiu̯1	
騮	lˠɨw1/ɭiu̯1	
駠	lˠɨw1/ɭiu̯1	
疁	lˠɨw1/ɭiu̯1	
𥹷	lˠɨw1/ɭiu̯1	
流	lˠɨw1/ɭiu̯1	
㳅	lˠɨw1/ɭiu̯1	
飂	lˠɨw1/ɭiu̯1	
飂	lˠɨw3/ɭiu̯3	
飀	lˠɨw1/ɭiu̯1	
瘤	lˠɨw1/ɭiu̯1	
瘤	lˠɨw3/ɭiu̯3	
榴	lˠɨw1/ɭiu̯1	
瑬	lˠɨw1/ɭiu̯1	
旒	lˠɨw1/ɭiu̯1	
瑠	lˠɨw1/ɭiu̯1	
𪕋	lˠɨw1/ɭiu̯1	
𪕋	lˠɨw2/ɭiu̯2	
𤠑	lˠɨw1/ɭiu̯1	
䉧	lˠɨw1/ɭiu̯1	
䉧	lˠɨw2/ɭiu̯2	
𥰣	lˠɨw1/ɭiu̯1	
瀏	lˠɨw1/ɭiu̯1	
瀏	lˠɨw2/ɭiu̯2	
䬟	lˠɨw1/ɭiu̯1	
䱖	lˠɨw1/ɭiu̯1	
鰡	lˠɨw1/ɭiu̯1	
嵧	lˠɨw1/ɭiu̯1	
𣠚	lˠɨw1/ɭiu̯1	
鎦	lˠɨw1/ɭiu̯1	
𦃓	lˠɨw1/ɭiu̯1	
𢷶	lˠɨw1/ɭiu̯1	
䰘	lˠɨw1/ɭiu̯1	
䰘	kʲɛw2/kieu2	
懰	lˠɨw1/ɭiu̯1	
懰	lˠɨw2/ɭiu̯2	
餾	lˠɨw1/ɭiu̯1	
餾	lˠɨw3/ɭiu̯3	
䖻	lˠɨw1/ɭiu̯1	
裗	lˠɨw1/ɭiu̯1	
𪆱	lˠɨw1/ɭiu̯1	
𪎣	lˠɨw1/ɭiu̯1	
硫	lˠɨw1/ɭiu̯1	
遛	lˠɨw1/ɭiu̯1	
䚧	lˠɨw1/ɭiu̯1	
鏐	lˠɨw1/ɭiu̯1	
秋	tsʲʰɨw1/tsʰiu̯1	
秌	tsʲʰɨw1/tsʰiu̯1	
鞧	tsʲʰɨw1/tsʰiu̯1	
緧	tsʲʰɨw1/tsʰiu̯1	
𦃈	tsʲʰɨw1/tsʰiu̯1	
鞦	tsʲʰɨw1/tsʰiu̯1	
湫	tsʲʰɨw1/tsʰiu̯1	
湫	tsʲɨw1/tsiu̯1	
湫	tsʲɛw2/tsieu2	
湫	dzʲɨw3/dziu̯3	
鶖	tsʲʰɨw1/tsʰiu̯1	
鰍	tsʲʰɨw1/tsʰiu̯1	
楸	tsʲʰɨw1/tsʰiu̯1	
萩	tsʲʰɨw1/tsʰiu̯1	
𪓰	tsʲʰɨw1/tsʰiu̯1	
䵸	tsʲʰɨw1/tsʰiu̯1	
蟗	tsʲʰɨw1/tsʰiu̯1	
䨂	tsʲʰɨw1/tsʰiu̯1	
趥	tsʲʰɨw1/tsʰiu̯1	
趥	tsʲʰɨwŋ3/tsʰɨuŋ3	
猷	jɨw1/jiu̯1	
猶	jɨw1/jiu̯1	
猶	kˠɨw3/kɨu̯3	
猶	jɨw3/jiu̯3	
悠	jɨw1/jiu̯1	
油	jɨw1/jiu̯1	
油	jɨw3/jiu̯3	
由	jɨw1/jiu̯1	
攸	jɨw1/jiu̯1	
蕕	jɨw1/jiu̯1	
浟	jɨw1/jiu̯1	
𠧴	jɨw1/jiu̯1	
冘	jɨw1/jiu̯1	
冘	jim1/jim1	
輶	jɨw1/jiu̯1	
輶	jɨw2/jiu̯2	
輶	jɨw3/jiu̯3	
秞	jɨw1/jiu̯1	
蚰	jɨw1/jiu̯1	
蝣	jɨw1/jiu̯1	
櫾	jɨw1/jiu̯1	
櫾	jɨw3/jiu̯3	
楢	jɨw1/jiu̯1	
楢	tɕʰɛw2/tʃʰieu2	
𦳷	jɨw1/jiu̯1	
斿	jɨw1/jiu̯1	
游	jɨw1/jiu̯1	
遊	jɨw1/jiu̯1	
𨒰	jɨw1/jiu̯1	
卣	jɨw1/jiu̯1	
卣	jɨw2/jiu̯2	
䚻	jɨw1/jiu̯1	
鮋	jɨw1/jiu̯1	
鮋	ʑɨw1/dʒiu̯1	
鮋	ɖˠɨw1/ɖiu̯1	
鯈	jɨw1/jiu̯1	
鯈	ɖˠɨw1/ɖiu̯1	
抌	jɨw1/jiu̯1	
抌	ju2/jɨ̯u2	
抌	tɑm2/tɑm2	
偤	jɨw1/jiu̯1	
䍃	jɨw1/jiu̯1	
𤪎	jɨw1/jiu̯1	
𤪎	jɨw2/jiu̯2	
𤪎	jɛw3/jieu3	
邮	jɨw1/jiu̯1	
邮	dʲɛk4/diek4	
㾞	jɨw1/jiu̯1	
㘥	jɨw1/jiu̯1	
庮	jɨw1/jiu̯1	
庮	jɨw2/jiu̯2	
㕀	jɨw1/jiu̯1	
𣔴	jɨw1/jiu̯1	
𧡹	jɨw1/jiu̯1	
𦵵	jɨw1/jiu̯1	
牛	ŋˠɨw1/ŋɨu̯1	
遒	tsʲɨw1/tsiu̯1	
遒	dzʲɨw1/dziu̯1	
鮂	tsʲɨw1/tsiu̯1	
鮂	zʲɨw1/ziu̯1	
䎿	tsʲɨw1/tsiu̯1	
䎿	dzʲɨw1/dziu̯1	
蝤	tsʲɨw1/tsiu̯1	
蝤	dzʲɨw1/dziu̯1	
啾	tsʲɨw1/tsiu̯1	
逎	tsʲɨw1/tsiu̯1	
𩭓	tsʲɨw1/tsiu̯1	
揂	tsʲɨw1/tsiu̯1	
揫	tsʲɨw1/tsiu̯1	
酋	dzʲɨw1/dziu̯1	
㥢	dzʲɨw1/dziu̯1	
崷	dzʲɨw1/dziu̯1	
鰌	dzʲɨw1/dziu̯1	
煪	dzʲɨw1/dziu̯1	
𧤕	dzʲɨw1/dziu̯1	
脩	sʲɨw1/siu̯1	
修	sʲɨw1/siu̯1	
羞	sʲɨw1/siu̯1	
𩛢	sʲɨw1/siu̯1	
𩝧	sʲɨw1/siu̯1	
䡭	sʲɨw1/siu̯1	
樇	sʲɨw1/siu̯1	
抽	ʈˠʰɨw1/ʈʰiu̯1	
𢭆	ʈˠʰɨw1/ʈʰiu̯1	
㨨	ʈˠʰɨw1/ʈʰiu̯1	
婤	ʈˠʰɨw1/ʈʰiu̯1	
婤	tɕɨw1/tʃiu̯1	
𥈌	ʈˠʰɨw1/ʈʰiu̯1	
惆	ʈˠʰɨw1/ʈʰiu̯1	
惆	kˠʰɨw1/kʰiu̯1	
瘳	ʈˠʰɨw1/ʈʰiu̯1	
妯	ʈˠʰɨw1/ʈʰiu̯1	
妯	ɖˠɨwk4/ɖɨuk4	
𠁫	kˠʰɨw1/kʰiu̯1	
𣪘	kˠʰɨw1/kʰiu̯1	
𣪘	kˠɨw3/kɨu̯3	
犫	tɕʰɨw1/tʃʰiu̯1	
犨	tɕʰɨw1/tʃʰiu̯1	
周	tɕɨw1/tʃiu̯1	
州	tɕɨw1/tʃiu̯1	
𥺝	tɕɨw1/tʃiu̯1	
輖	tɕɨw1/tʃiu̯1	
洲	tɕɨw1/tʃiu̯1	
賙	tɕɨw1/tʃiu̯1	
喌	tɕɨw1/tʃiu̯1	
喌	tɕɨwk4/tʃɨuk4	
舟	tɕɨw1/tʃiu̯1	
郮	tɕɨw1/tʃiu̯1	
讎	ʑɨw1/dʒiu̯1	
𣫐	ʑɨw1/dʒiu̯1	
𣀓	ʑɨw1/dʒiu̯1	
酬	ʑɨw1/dʒiu̯1	
醻	ʑɨw1/dʒiu̯1	
詶	ʑɨw1/dʒiu̯1	
詶	ʑɨw3/ʒiu̯3	
雔	ʑɨw1/dʒiu̯1	
魗	ʑɨw1/dʒiu̯1	
魗	tɕʰɨw2/tʃʰiu̯2	
𨞪	ʑɨw1/dʒiu̯1	
𨞪	ɖˠɨw1/ɖiu̯1	
𨞪	ʑɨw3/ʒiu̯3	
柔	ɲɨw1/ɲʒiu̯1	
鍒	ɲɨw1/ɲʒiu̯1	
㽥	ɲɨw1/ɲʒiu̯1	
騥	ɲɨw1/ɲʒiu̯1	
蝚	ɲɨw1/ɲʒiu̯1	
蹂	ɲɨw1/ɲʒiu̯1	
蹂	ɲɨw2/ɲʒiu̯2	
蹂	ɲɨw3/ɲʒiu̯3	
葇	ɲɨw1/ɲʒiu̯1	
葇	ɲɨw2/ɲʒiu̯2	
鞣	ɲɨw1/ɲʒiu̯1	
鞣	ɲɨw3/ɲʒiu̯3	
鰇	ɲɨw1/ɲʒiu̯1	
瑈	ɲɨw1/ɲʒiu̯1	
腬	ɲɨw1/ɲʒiu̯1	
腬	ɳˠɨw3/ɳiu̯3	
鶔	ɲɨw1/ɲʒiu̯1	
揉	ɲɨw1/ɲʒiu̯1	
䰆	ɲɨw1/ɲʒiu̯1	
𨛶	ɲɨw1/ɲʒiu̯1	
䐓	ɲɨw1/ɲʒiu̯1	
收	ɕɨw1/ʃiu̯1	
收	ɕɨw3/ʃiu̯3	
丘	kˠʰɨw1/kʰɨu̯1	
丠	kˠʰɨw1/kʰɨu̯1	
蚯	kˠʰɨw1/kʰɨu̯1	
邱	kˠʰɨw1/kʰɨu̯1	
䬌	fʰɨw1/pfʰuəu1	
𡫺	fʰɨw1/pfʰuəu1	
紑	fʰɨw1/pfʰuəu1	
紑	fɨw1/pfuəu1	
紑	fʰɨw2/pfʰuəu2	
鳩	kˠɨw1/kɨu̯1	
𠠳	kˠɨw1/kɨu̯1	
朻	kˠɨw1/kɨu̯1	
朻	kʲɨw1/kiu̯1	
朻	kʲɨw2/kiu̯2	
䡂	kˠɨw1/kɨu̯1	
㽱	kˠɨw1/kɨu̯1	
㽱	kʲɨw1/kiu̯1	
㽱	qaw2/kɯau2	
鬮	kˠɨw1/kɨu̯1	
鬮	kʲɨw2/kiu̯2	
丩	kˠɨw1/kɨu̯1	
勼	kˠɨw1/kɨu̯1	
不	fu1/pfu1	
不	fu2/pfu2	
不	fɨw1/pfuəu1	老
不	fɨw2/pfuəu2	老
哹	fɨw1/pfuəu1	
哹	vɨw1/bvuəu1	
䍍	fɨw1/pfuəu1	
䍍	qʰɨw3/kʰəu3	
䍍	qʰɨwk4/kʰuk4	
鴀	fɨw1/pfuəu1	
鴀	fɨw2/pfuəu2	
𢯱	ʂɨw1/ʂʅᵊu1	
搜	ʂɨw1/ʂʅᵊu1	
餿	ʂɨw1/ʂʅᵊu1	
颼	ʂɨw1/ʂʅᵊu1	
溲	ʂɨw1/ʂʅᵊu1	
溲	ʂɨw2/ʂʅᵊu2	
鎪	ʂɨw1/ʂʅᵊu1	
廋	ʂɨw1/ʂʅᵊu1	
廋	sɨw2/səu2	
蒐	ʂɨw1/ʂʅᵊu1	
䕅	ʂɨw1/ʂʅᵊu1	
䕅	sɑw2/sɑu2	
獀	ʂɨw1/ʂʅᵊu1	
䐹	ʂɨw1/ʂʅᵊu1	
䐹	sʲɛw3/sieu3	
鄋	ʂɨw1/ʂʅᵊu1	
騪	ʂɨw1/ʂʅᵊu1	
犙	ʂɨw1/ʂʅᵊu1	
犙	ʂam1/ʂɯam1	
犙	sɑm1/sɑm1	
醙	ʂɨw1/ʂʅᵊu1	
醙	sʲɨw2/siu̯2	
𧽏	ʂɨw1/ʂʅᵊu1	
𧽏	ʂɨwk4/ʂʅuk4	
𢬆	tʂʰɨw1/tʂʰʅᵊu1	
篘	tʂʰɨw1/tʂʰʅᵊu1	
醔	tʂʰɨw1/tʂʰʅᵊu1	
㮲	tʂʰɨw1/tʂʰʅᵊu1	
𥻤	tʂʰɨw1/tʂʰʅᵊu1	
謅	tʂʰɨw1/tʂʰʅᵊu1	
謅	tʂʰaw2/tʂʰɯau2	
鄒	tʂɨw1/tʂʅᵊu1	
鄹	tʂɨw1/tʂʅᵊu1	
鄹	dzʲu3/dzɨ̯u3	
郰	tʂɨw1/tʂʅᵊu1	
騶	tʂɨw1/tʂʅᵊu1	
齱	tʂɨw1/tʂʅᵊu1	
齱	tʂʰawk4/tʂʰɯak4	
緅	tʂɨw1/tʂʅᵊu1	
緅	tsɨw1/tsəu1	
緅	tsʲu3/tsɨ̯u3	
䑼	tʂɨw1/tʂʅᵊu1	
𨃘	tʂɨw1/tʂʅᵊu1	
棷	tʂɨw1/tʂʅᵊu1	
棷	tsɨw1/tsəu1	
棷	sɨw2/səu2	
棷	tsʰɨw2/tsʰəu2	
箃	tʂɨw1/tʂʅᵊu1	
黀	tʂɨw1/tʂʅᵊu1	
愁	dʐɨw1/dʐʅᵊu1	
㵞	dʐɨw1/dʐʅᵊu1	
休	xˠɨw1/hɨu̯1	
貅	xˠɨw1/hɨu̯1	
㹯	xˠɨw1/hɨu̯1	
鵂	xˠɨw1/hɨu̯1	
𩢮	xˠɨw1/hɨu̯1	
㾋	xˠɨw1/hɨu̯1	
庥	xˠɨw1/hɨu̯1	
脙	xˠɨw1/hɨu̯1	
脙	ɡˠɨw1/ɡɨu̯1	
𦜵	xˠɨw1/hɨu̯1	
𦜵	ɡˠɨw1/ɡɨu̯1	
髤	xˠɨw1/hɨu̯1	
䰍	xˠɨw1/hɨu̯1	
䰍	tsʰi3/tsʰi3	
咻	xˠɨw1/hɨu̯1	
咻	xˠu2/hɨ̯u2	
㵻	xˠɨw1/hɨu̯1	
囚	zʲɨw1/ziu̯1	
泅	zʲɨw1/ziu̯1	
汓	zʲɨw1/ziu̯1	
苬	zʲɨw1/ziu̯1	
儔	ɖˠɨw1/ɖiu̯1	
儔	dɑw3/dɑu3	
躊	ɖˠɨw1/ɖiu̯1	
幬	ɖˠɨw1/ɖiu̯1	
幬	dɑw3/dɑu3	
𢃖	ɖˠɨw1/ɖiu̯1	
𠷎	ɖˠɨw1/ɖiu̯1	
疇	ɖˠɨw1/ɖiu̯1	
紬	ɖˠɨw1/ɖiu̯1	
稠	ɖˠɨw1/ɖiu̯1	
燽	ɖˠɨw1/ɖiu̯1	
薵	ɖˠɨw1/ɖiu̯1	
籌	ɖˠɨw1/ɖiu̯1	
𪆇	ɖˠɨw1/ɖiu̯1	
𪇘	ɖˠɨw1/ɖiu̯1	
棸	ɖˠɨw1/ɖiu̯1	
棸	ɖˠɨw3/ɖiu̯3	
椆	ɖˠɨw1/ɖiu̯1	
椆	tɕɨw3/tʃiu̯3	
怞	ɖˠɨw1/ɖiu̯1	
𦡴	ɖˠɨw1/ɖiu̯1	
𦡴	ɖˠɨw3/ɖiu̯3	
懤	ɖˠɨw1/ɖiu̯1	
懤	tɑw2/tɑu2	
懤	ɖˠɨw3/ɖiu̯3	
菗	ɖˠɨw1/ɖiu̯1	
𥲅	ɖˠɨw1/ɖiu̯1	
輈	ʈˠɨw1/ʈiu̯1	
盩	ʈˠɨw1/ʈiu̯1	
譸	ʈˠɨw1/ʈiu̯1	
侜	ʈˠɨw1/ʈiu̯1	
𩢸	ʈˠɨw1/ʈiu̯1	
𧻖	ʈˠɨw1/ʈiu̯1	
𥎻	ʈˠɨw1/ʈiu̯1	
矪	ʈˠɨw1/ʈiu̯1	
𧚍	ɡˠɨw1/ɡɨu̯1	
裘	ɡˠɨw1/ɡɨu̯1	
仇	ɡˠɨw1/ɡɨu̯1	
叴	ɡˠɨw1/ɡɨu̯1	
厹	ɡˠɨw1/ɡɨu̯1	
求	ɡˠɨw1/ɡɨu̯1	
𡨃	ɡˠɨw1/ɡɨu̯1	
蛷	ɡˠɨw1/ɡɨu̯1	
𧒔	ɡˠɨw1/ɡɨu̯1	
逑	ɡˠɨw1/ɡɨu̯1	
球	ɡˠɨw1/ɡɨu̯1	
璆	ɡˠɨw1/ɡɨu̯1	
璆	ɡʲɨw1/ɡiu̯1	
鼽	ɡˠɨw1/ɡɨu̯1	
莍	ɡˠɨw1/ɡɨu̯1	
䣇	ɡˠɨw1/ɡɨu̯1	
賕	ɡˠɨw1/ɡɨu̯1	
殏	ɡˠɨw1/ɡɨu̯1	
梂	ɡˠɨw1/ɡɨu̯1	
朹	ɡˠɨw1/ɡɨu̯1	
朹	kˠwi2/kɨui2	
㭝	ɡˠɨw1/ɡɨu̯1	
俅	ɡˠɨw1/ɡɨu̯1	
䊵	ɡˠɨw1/ɡɨu̯1	
絿	ɡˠɨw1/ɡɨu̯1	
䜪	ɡˠɨw1/ɡɨu̯1	
扏	ɡˠɨw1/ɡɨu̯1	
銶	ɡˠɨw1/ɡɨu̯1	
𩒮	ɡˠɨw1/ɡɨu̯1	
𥭑	ɡˠɨw1/ɡɨu̯1	
毬	ɡˠɨw1/ɡɨu̯1	
䟵	ɡˠɨw1/ɡɨu̯1	
犰	ɡˠɨw1/ɡɨu̯1	
𧻱	ɡˠɨw1/ɡɨu̯1	
訅	ɡˠɨw1/ɡɨu̯1	
釚	ɡˠɨw1/ɡɨu̯1	
肍	ɡˠɨw1/ɡɨu̯1	
𢛃	ɡˠɨw1/ɡɨu̯1	
𢛃	ɡˠɨw3/ɡɨu̯3	
𦬖	ɡˠɨw1/ɡɨu̯1	
浮	vu1/bvu1	
浮	vɨw1/bvuəu1	老
𥰛	vɨw1/bvuəu1	
琈	vɨw1/bvuəu1	
粰	vɨw1/bvuəu1	
䳕	vɨw1/bvuəu1	
罘	vu1/bvu1	
罘	vɨw1/bvuəu1	老
涪	vɨw1/bvuəu1	
芣	vɨw1/bvuəu1	
蜉	vu1/bvu1	
蜉	vɨw1/bvuəu1	老
烰	vɨw1/bvuəu1	
鉜	vɨw1/bvuəu1	
𡦄	vɨw1/bvuəu1	
𦮹	vɨw1/bvuəu1	
艀	vɨw1/bvuəu1	
䍌	vɨw1/bvuəu1	
䍌	bɨw1/buəu1	
䍌	bɨw3/buəu3	
䨗	vɨw1/bvuəu1	
謀	mu1/mvu1	
謀	mɨw1/mvuəu1	老
䱕	mɨw1/mvuəu1	
眸	mɨw1/mvuəu1	
牟	mu1/mvu1	
牟	mɨw1/mvuəu1	老
侔	mɨw1/mvuəu1	
矛	mu1/mvu1	
矛	mɨw1/mvuəu1	老
𢦧	mɨw1/mvuəu1	
鍪	mɨw1/mvuəu1	
鞪	mɨw1/mvuəu1	
鞪	mɨwk4/muk4	
麰	mɨw1/mvuəu1	
𦭷	mɨw1/mvuəu1	
劺	mɨw1/mvuəu1	
蟊	mɨw1/mvuəu1	
鷚	mɨw1/mvuəu1	
鷚	ɡʲɨw1/ɡiu̯1	
鷚	mˠɨw1/miu̯1	
鷚	lˠɨw3/ɭiu̯3	
𩭾	mɨw1/mvuəu1	
䋷	mɨw1/mvuəu1	
䋷	mˠɨw1/miu̯1	
恈	mɨw1/mvuəu1	
鴾	mɨw1/mvuəu1	
蛑	mɨw1/mvuəu1	
繆	mɨw1/mvuəu1	
繆	mˠɨw1/miu̯1	
繆	mˠɨw3/miu̯3	
繆	mɨwk4/mvuk4	
侯	ʁɨw1/ɦəu1	
矦	ʁɨw1/ɦəu1	
𥎦	ʁɨw1/ɦəu1	
帿	ʁɨw1/ɦəu1	
鄇	ʁɨw1/ɦəu1	
鄇	ʁɨw3/ɦəu3	
䫛	ʁɨw1/ɦəu1	
鍭	ʁɨw1/ɦəu1	
鍭	ʁɨw3/ɦəu3	
銗	ʁɨw1/ɦəu1	
猴	ʁɨw1/ɦəu1	
糇	ʁɨw1/ɦəu1	
翭	ʁɨw1/ɦəu1	
餱	ʁɨw1/ɦəu1	
喉	ʁɨw1/ɦəu1	
篌	ʁɨw1/ɦəu1	
鯸	ʁɨw1/ɦəu1	
㮢	ʁɨw1/ɦəu1	
𧮶	ʁɨw1/ɦəu1	
瘊	ʁɨw1/ɦəu1	
䗔	ʁɨw1/ɦəu1	
葔	ʁɨw1/ɦəu1	
骺	ʁɨw1/ɦəu1	
睺	ʁɨw1/ɦəu1	
睺	ʁɨw3/ɦəu3	
䙈	ʁɨw1/ɦəu1	
謳	ʔɨw1/ʔəu1	
嘔	ʔɨw1/ʔəu1	
嘔	ʔɨw2/ʔəu2	
歐	ʔɨw1/ʔəu1	
歐	ʔɨw2/ʔəu2	
甌	ʔɨw1/ʔəu1	
漚	ʔɨw1/ʔəu1	
漚	ʔɨw3/ʔəu3	
鷗	ʔɨw1/ʔəu1	
䁱	ʔɨw1/ʔəu1	
䁱	qʰɨw1/kʰəu1	
瞘	ʔɨw1/ʔəu1	
櫙	ʔɨw1/ʔəu1	
醧	ʔɨw1/ʔəu1	
醧	ʔˠɨ3/ʔɨ̯u3	
剾	ʔɨw1/ʔəu1	
剾	qʰɨw1/kʰəu1	
鏂	ʔɨw1/ʔəu1	
膒	ʔɨw1/ʔəu1	
羺	nɨw1/nəu1	
䨲	nɨw1/nəu1	
樓	lɨw1/ləu1	
𨻻	lɨw1/ləu1	
𨻻	lˠu2/ɭɨ̯u2	
𧁾	lɨw1/ləu1	
𠞭	lɨw1/ləu1	
𠞭	lɨw3/ləu3	
𦎹	lɨw1/ləu1	
僂	lɨw1/ləu1	
僂	lˠu2/ɭɨ̯u2	
僂	lɨw3/ləu3	
艛	lɨw1/ləu1	
耬	lɨw1/ləu1	
髏	lɨw1/ləu1	
𤬏	lɨw1/ləu1	
廔	lɨw1/ləu1	
嘍	lɨw1/ləu1	
嘍	lɨw2/ləu2	
螻	lɨw1/ləu1	
簍	lɨw1/ləu1	
簍	lˠu2/ɭɨ̯u2	
簍	lɨw2/ləu2	
鞻	lɨw1/ləu1	
褸	lɨw1/ləu1	
褸	lˠu2/ɭɨ̯u2	
遱	lɨw1/ləu1	
謱	lɨw1/ləu1	
謱	lˠu2/ɭɨ̯u2	
謱	lɨw2/ləu2	
涑	sɨw1/səu1	
涑	sɨwk4/suk4	
涑	sʲuk4/sɨuk4	
鏉	sɨw1/səu1	
鏉	ʂɨw3/ʂʅᵊu3	
鏉	sɨw3/səu3	
䩳	sɨw1/səu1	
𩌱	sɨw1/səu1	
𩮶	sɨw1/səu1	
摗	sɨw1/səu1	
𠘂	sɨw1/səu1	
𡠼	sɨw1/səu1	
彄	qʰɨw1/kʰəu1	
韝	qʰɨw1/kʰəu1	
韝	qɨw1/kəu1	
𢂁	qʰɨw1/kʰəu1	
滱	qʰɨw1/kʰəu1	
滱	qʰɨw3/kʰəu3	
夠	qʰɨw1/kʰəu1	
夠	qɨw1/kəu1	
齁	χɨw1/həu1	
𪅺	χɨw1/həu1	
𣠏	tsɨw1/tsəu1	
偷	tʰɨw1/tʰəu1	
鍮	tʰɨw1/tʰəu1	
鋀	tʰɨw1/tʰəu1	
頭	dɨw1/dəu1	
㓱	dɨw1/dəu1	
投	dɨw1/dəu1	
𪎨	dɨw1/dəu1	
骰	dɨw1/dəu1	
𣪌	dɨw1/dəu1	
坄	dɨw1/dəu1	
坄	jwɛk4/jyek4	
㢏	dɨw1/dəu1	
𪁞	dɨw1/dəu1	
鉤	qɨw1/kəu1	
𠛎	qɨw1/kəu1	
溝	qɨw1/kəu1	
褠	qɨw1/kəu1	
緱	qɨw1/kəu1	
篝	qɨw1/kəu1	
𥴴	qɨw1/kəu1	
㗕	qɨw1/kəu1	
𤫱	qɨw1/kəu1	
䑦	qɨw1/kəu1	
冓	qɨw1/kəu1	
冓	qɨw3/kəu3	
枸	qɨw1/kəu1	
枸	kˠu2/kɨ̯u2	
枸	qɨw2/kəu2	
兜	tɨw1/təu1	
侸	tɨw1/təu1	
吺	tɨw1/təu1	
篼	tɨw1/təu1	
𥆖	tɨw1/təu1	
剅	tɨw1/təu1	
𧡸	tɨw1/təu1	
𧯠	tɨw1/təu1	
郖	tɨw1/təu1	
郖	dɨw3/dəu3	
𩮷	tɨw1/təu1	
㔌	dzɨw1/dzəu1	
㔌	dzɨw3/dzəu3	
裒	bɨw1/buəu1	
䯽	bɨw1/buəu1	
䯽	fʰu2/pfʰu2	
䯽	pʰɨw2/pʰuəu2	
䏽	bɨw1/buəu1	
䏽	bɨw3/buəu3	
𩚭	bɨw1/buəu1	
箁	bɨw1/buəu1	
呣	mɨw1/muəu1	
幽	ʔʲɨw1/ʔiu̯1	
泑	ʔʲɨw1/ʔiu̯1	
泑	ʔʲɨw2/ʔiu̯2	
呦	ʔʲɨw1/ʔiu̯1	
𣢜	ʔʲɨw1/ʔiu̯1	
𣢜	ʔʲɨw2/ʔiu̯2	
𣢜	ʔˠɨwk4/ʔɨuk4	
𧍘	ʔʲɨw1/ʔiu̯1	
虯	ɡʲɨw1/ɡiu̯1	
觩	ɡʲɨw1/ɡiu̯1	
觓	ɡʲɨw1/ɡiu̯1	
蟉	ɡʲɨw1/ɡiu̯1	
蟉	lˠɨw1/ɭiu̯1	
蟉	ɡʲɨw3/ɡiu̯3	
𤙠	ɡʲɨw1/ɡiu̯1	
彪	pˠɨw1/piu̯1	
樛	kʲɨw1/kiu̯1	
𠃚	kʲɨw1/kiu̯1	
𦱠	kʲɨw1/kiu̯1	
淲	bˠɨw1/biu̯1	
飍	xʲɨw1/hiu̯1	
烋	xˠɨw1/hiu̯1	
侵	tsʲʰim1/tsʰim1	
𢔀	tsʲʰim1/tsʰim1	
駸	tsʲʰim1/tsʰim1	
駸	tʂʰim1/tʂʰʅᵊm1	
浸	tsʲʰim1/tsʰim1	
浸	tsʲim3/tsim3	
䜷	tsʲʰim1/tsʰim1	
𥍯	tsʲʰim1/tsʰim1	
𥍯	tsʲim1/tsim1	
綅	tsʲʰim1/tsʰim1	
綅	tsʲim1/tsim1	
綅	sʲɛm1/siem1	
尋	zʲim1/zim1	
𢒫	zʲim1/zim1	
鐔	zʲim1/zim1	
鐔	jim1/jim1	
鐔	dɑm1/dɑm1	
潯	zʲim1/zim1	
鱏	zʲim1/zim1	
鱏	jim1/jim1	
樳	zʲim1/zim1	
鄩	zʲim1/zim1	
𨼔	zʲim1/zim1	
𣎟	zʲim1/zim1	
𩖣	zʲim1/zim1	
襑	zʲim1/zim1	
襑	tʰɑm2/tʰɑm2	
枔	zʲim1/zim1	
撏	zʲim1/zim1	
撏	dzɑm1/dzɑm1	
撏	ʑɛm1/dʒiem1	
灊	zʲim1/zim1	
灊	dzʲim1/dzim1	
灊	dzʲɛm1/dziem1	
鬵	zʲim1/zim1	
鬵	dzʲim1/dzim1	
鬵	dzʲɛm1/dziem1	
𦅀	zʲim1/zim1	
林	lˠim1/ɭim1	
琳	lˠim1/ɭim1	
淋	lˠim1/ɭim1	
臨	lˠim1/ɭim1	
臨	lˠim3/ɭim3	
痳	lˠim1/ɭim1	
箖	lˠim1/ɭim1	
瀶	lˠim1/ɭim1	
霖	lˠim1/ɭim1	
琛	ʈˠʰim1/ʈʰim1	
棽	ʈˠʰim1/ʈʰim1	
棽	ʂim1/ʂʅᵊm1	
䑣	ʈˠʰim1/ʈʰim1	
𧡬	ʈˠʰim1/ʈʰim1	
𧡬	ʈˠʰim3/ʈʰim3	
綝	ʈˠʰim1/ʈʰim1	
郴	ʈˠʰim1/ʈʰim1	
賝	ʈˠʰim1/ʈʰim1	
斟	tɕim1/tʃim1	
針	tɕim1/tʃim1	
針	tɕim3/tʃim3	
鍼	tɕim1/tʃim1	
鍼	ɡˠɛm1/ɡɨem1	
鍼	ɡʲɛm1/ɡiem1	
𪈁	tɕim1/tʃim1	
箴	tɕim1/tʃim1	
葴	tɕim1/tʃim1	
瑊	tɕim1/tʃim1	
瑊	qam1/kɯam1	
鱵	tɕim1/tʃim1	
㘰	tɕim1/tʃim1	
沈	ɖˠim1/ɖim1	
沈	ɕim2/ʃim2	
沈	ɖˠim3/ɖim3	
沉	ɖˠim1/ɖim1	
𤘣	ɖˠim1/ɖim1	
莐	ɖˠim1/ɖim1	
䒞	ɖˠim1/ɖim1	
䒞	jim1/jim1	
䒞	tɑm2/tɑm2	
霃	ɖˠim1/ɖim1	
湛	ɖˠim1/ɖim1	
湛	tɑm1/tɑm1	
湛	ɖam3/ɖɯam3	
枕	ɖˠim1/ɖim1	
枕	tɕim2/tʃim2	
枕	tɕim3/tʃim3	
鈂	ɖˠim1/ɖim1	
鈂	dzʲim1/dzim1	
碪	ʈˠim1/ʈim1	
砧	ʈˠim1/ʈim1	
椹	ʈˠim1/ʈim1	
枮	ʈˠim1/ʈim1	
枮	sʲɛm1/siem1	
坫	ʈˠim1/ʈim1	
坫	tʲɛm3/tiem3	
諶	ʑim1/dʒim1	
愖	ʑim1/dʒim1	
訦	ʑim1/dʒim1	
訦	ʑim3/ʒim3	
忱	ʑim1/dʒim1	
煁	ʑim1/dʒim1	
瘎	ʑim1/dʒim1	
㽸	ʑim1/dʒim1	
任	ɲim1/ɲʒim1	
任	ɲim3/ɲʒim3	
鵀	ɲim1/ɲʒim1	
鵀	ɳˠim1/ɳim1	
鵀	ɲim3/ɲʒim3	
恁	ɲim1/ɲʒim1	
恁	ɲim2/ɲʒim2	
壬	ɲim1/ɲʒim1	
紝	ɲim1/ɲʒim1	
銋	ɲim1/ɲʒim1	
銋	ɲim2/ɲʒim2	
䛘	ɲim1/ɲʒim1	
䛘	ɳˠim1/ɳim1	
深	ɕim1/ʃim1	
深	ɕim3/ʃim3	
𦸂	ɕim1/ʃim1	
淫	jim1/jim1	
霪	jim1/jim1	
婬	jim1/jim1	
𥮍	jim1/jim1	
蟫	jim1/jim1	
蟫	dɑm1/dɑm1	
鷣	jim1/jim1	
鷣	jɛw3/jieu3	
𢓕	jim1/jim1	
䤁	jim1/jim1	
䤁	dzʲim1/dzim1	
撢	jim1/jim1	
撢	tʰɑm1/tʰɑm1	
撢	tʰɑm3/tʰɑm3	
𨟏	jim1/jim1	
㸒	jim1/jim1	
心	sʲim1/sim1	
𦁍	sʲim1/sim1	
𨊳	sʲim1/sim1	
杺	sʲim1/sim1	
愔	ʔʲim1/ʔim1	
韾	ʔʲim1/ʔim1	
祲	tsʲim1/tsim1	
祲	tsʲim3/tsim3	
梫	tsʲim1/tsim1	
梫	tʂʰim1/tʂʰʅᵊm1	
梫	tsʲʰim2/tsʰim2	
兓	tsʲim1/tsim1	
埐	tsʲim1/tsim1	
埐	dzʲim1/dzim1	
𩀿	tsʲim1/tsim1	
𪖼	tsʲim1/tsim1	
𩻛	tsʲim1/tsim1	
𩻛	dʐim1/dʐʅᵊm1	
𩷒	dzʲim1/dzim1	
䰼	dzʲim1/dzim1	
䰼	ɕim2/ʃim2	
䰼	dzɑm3/dzɑm3	
嶜	dzʲim1/dzim1	
梣	dzʲim1/dzim1	
梣	dʐim1/dʐʅᵊm1	
𣜣	dzʲim1/dzim1	
䋻	ɳˠim1/ɳim1	
琴	ɡˠim1/ɡɨm1	
㩒	ɡˠim1/ɡɨm1	
捦	ɡˠim1/ɡɨm1	
擒	ɡˠim1/ɡɨm1	
黔	ɡˠim1/ɡɨm1	
黔	ɡˠɛm1/ɡɨem1	
禽	ɡˠim1/ɡɨm1	
芩	ɡˠim1/ɡɨm1	
𨙽	ɡˠim1/ɡɨm1	
檎	ɡˠim1/ɡɨm1	
㕋	ɡˠim1/ɡɨm1	
鵭	ɡˠim1/ɡɨm1	
澿	ɡˠim1/ɡɨm1	
凜	ɡˠim1/ɡɨm1	
凜	lˠim2/ɭim2	
庈	ɡˠim1/ɡɨm1	
雂	ɡˠim1/ɡɨm1	
雂	ɡˠɛm1/ɡɨem1	
㪁	ɡˠim1/ɡɨm1	
㪁	qʰɑm1/kʰɑm1	
㪁	kˠʰɛm1/kʰɨem1	
㪁	kˠʰɛm3/kʰɨem3	
㱽	ɡˠim1/ɡɨm1	
㱽	ʈˠim2/ʈim2	
黚	ɡˠim1/ɡɨm1	
黚	ɡˠɛm1/ɡɨem1	
䅾	ɡˠim1/ɡɨm1	
䅾	dʐim1/dʐʅᵊm1	
耹	ɡˠim1/ɡɨm1	
靲	ɡˠim1/ɡɨm1	
欽	kˠʰim1/kʰɨm1	
菳	kˠʰim1/kʰɨm1	
衾	kˠʰim1/kʰɨm1	
嶔	kˠʰim1/kʰɨm1	
顉	kˠʰim1/kʰɨm1	
顉	kˠʰim2/kʰɨm2	
顉	ɴɑm2/ŋɑm2	
吟	ŋˠim1/ŋɨm1	
吟	ŋˠim3/ŋɨm3	
訡	ŋˠim1/ŋɨm1	
䪩	ŋˠim1/ŋɨm1	
唫	ŋˠim1/ŋɨm1	
唫	ɡˠim3/ɡɨm3	
崟	ŋˠim1/ŋɨm1	
荶	ŋˠim1/ŋɨm1	
碞	ŋˠim1/ŋɨm1	
碞	ɴam1/ŋɯam1	
乑	ŋˠim1/ŋɨm1	
𠪚	ŋˠim1/ŋɨm1	
𠪚	tʰɑm2/tʰɑm2	
𠪚	qʰɑm2/kʰɑm2	
歆	xˠim1/hɨm1	
廞	xˠim1/hɨm1	
廞	xˠim2/hɨm2	
嬜	xˠim1/hɨm1	
嬜	ʔɑm1/ʔɑm1	
嬜	χɑm1/hɑm1	
㽎	xˠim1/hɨm1	
㽎	dɑm1/dɑm1	
金	kˠim1/kɨm1	
今	kˠim1/kɨm1	
黅	kˠim1/kɨm1	
衿	kˠim1/kɨm1	
襟	kˠim1/kɨm1	
䘳	kˠim1/kɨm1	
禁	kˠim1/kɨm1	
禁	kˠim3/kɨm3	
㦗	kˠim1/kɨm1	
𪑙	kˠim1/kɨm1	
音	ʔˠim1/ʔɨm1	
陰	ʔˠim1/ʔɨm1	
隌	ʔˠim1/ʔɨm1	
隌	ʔɑm2/ʔɑm2	
瘖	ʔˠim1/ʔɨm1	
霠	ʔˠim1/ʔɨm1	
䜾	ʔˠim1/ʔɨm1	
喑	ʔˠim1/ʔɨm1	
喑	ʔɑm1/ʔɑm1	
喑	ʔˠim3/ʔɨm3	
䤃	ʔˠim1/ʔɨm1	
森	ʂim1/ʂʅᵊm1	
參	ʂim1/ʂʅᵊm1	
參	tʂʰim1/tʂʰʅᵊm1	
參	tsʰɑm1/tsʰɑm1	
參	sɑm1/sɑm1	
參	tsʰɑm3/tsʰɑm3	
曑	ʂim1/ʂʅᵊm1	
蔘	ʂim1/ʂʅᵊm1	
蔘	sɑm1/sɑm1	
薓	ʂim1/ʂʅᵊm1	
槮	ʂim1/ʂʅᵊm1	
槮	tʂʰim1/tʂʰʅᵊm1	
槮	ʂim2/ʂʅᵊm2	
槮	sɑm2/sɑm2	
襳	ʂim1/ʂʅᵊm1	
襳	sʲɛm1/siem1	
襳	ʂɛm1/ʂʅem1	
𥥍	ʂim1/ʂʅᵊm1	
𥥍	dɑm3/dɑm3	
穼	ʂim1/ʂʅᵊm1	
岑	dʐim1/dʐʅᵊm1	
涔	dʐim1/dʐʅᵊm1	
㞥	dʐim1/dʐʅᵊm1	
𣠟	dʐim1/dʐʅᵊm1	
𩅨	dʐim1/dʐʅᵊm1	
笒	dʐim1/dʐʅᵊm1	
笒	ɡˠim3/ɡɨm3	
兂	tʂim1/tʂʅᵊm1	
簪	tʂim1/tʂʅᵊm1	
簪	tsɑm1/tsɑm1	
㻸	tʂim1/tʂʅᵊm1	
撍	tʂim1/tʂʅᵊm1	
撍	tsɑm1/tsɑm1	
撍	tsɑm2/tsɑm2	
撍	tsɑm3/tsɑm3	
嵾	tʂʰim1/tʂʰʅᵊm1	
𥤇	tʂʰim1/tʂʰʅᵊm1	
𧡪	tɕʰim1/tʃʰim1	
𧡪	tɑm1/tɑm1	
𧡪	dɑm3/dɑm3	
覃	dɑm1/dɑm1	
𨝸	dɑm1/dɑm1	
潭	dɑm1/dɑm1	
潭	jim2/jim2	
曇	dɑm1/dɑm1	
藫	dɑm1/dɑm1	
橝	dɑm1/dɑm1	
橝	dʲɛm3/diem3	
譚	dɑm1/dɑm1	
譚	dɑm3/dɑm3	
𧽼	dɑm1/dɑm1	
燂	dɑm1/dɑm1	
燂	dzʲɛm1/dziem1	
壜	dɑm1/dɑm1	
眈	dɑm1/dɑm1	
眈	tɑm1/tɑm1	
𦗡	dɑm1/dɑm1	
𩡝	dɑm1/dɑm1	
𧂇	dɑm1/dɑm1	
蕁	dɑm1/dɑm1	
䊤	dɑm1/dɑm1	
䊤	dɑm3/dɑm3	
㽑	dɑm1/dɑm1	
驂	tsʰɑm1/tsʰɑm1	
䟃	tsʰɑm1/tsʰɑm1	
䟃	tsʰɑp4/tsʰɑp4	
傪	tsʰɑm1/tsʰɑm1	
傪	tsʰɑm2/tsʰɑm2	
㜗	tsʰɑm1/tsʰɑm1	
㜗	tsʰɑm2/tsʰɑm2	
㜗	tsʰɑp4/tsʰɑp4	
南	nɑm1/nɑm1	
男	nɑm1/nɑm1	
柟	nɑm1/nɑm1	
柟	ɲɛm1/ɲʒiem1	
柟	ɲɛm2/ɲʒiem2	
楠	nɑm1/nɑm1	
抩	nɑm1/nɑm1	
䶲	nɑm1/nɑm1	
䶲	ɲɛm1/ɲʒiem1	
𤱣	nɑm1/nɑm1	
諳	ʔɑm1/ʔɑm1	
䳺	ʔɑm1/ʔɑm1	
媕	ʔɑm1/ʔɑm1	
媕	ʔˠɛm2/ʔɨem2	
媕	ʔɑp4/ʔɑp4	
庵	ʔɑm1/ʔɑm1	
庵	ʔɑp4/ʔɑp4	
腤	ʔɑm1/ʔɑm1	
菴	ʔɑm1/ʔɑm1	
菴	ʔˠɛm1/ʔɨem1	
㞄	ʔɑm1/ʔɑm1	
㞄	ʔɑm2/ʔɑm2	
馣	ʔɑm1/ʔɑm1	
韽	ʔɑm1/ʔɑm1	
韽	ʔam3/ʔɯam3	
盦	ʔɑm1/ʔɑm1	
盦	ʔɑp4/ʔɑp4	
含	ʁɑm1/ɦɑm1	
涵	ʁɑm1/ɦɑm1	
涵	ʁɑm3/ɦɑm3	
䈄	ʁɑm1/ɦɑm1	
筨	ʁɑm1/ɦɑm1	
梒	ʁɑm1/ɦɑm1	
䤴	ʁɑm1/ɦɑm1	
函	ʁɑm1/ɦɑm1	
函	ʁam1/ɦɯam1	
顄	ʁɑm1/ɦɑm1	
顄	ʁɑm3/ɦɑm3	
𩔞	ʁɑm1/ɦɑm1	
蜬	ʁɑm1/ɦɑm1	
蜬	qɑm1/kɑm1	
頷	ʁɑm1/ɦɑm1	
頷	ʁɑm3/ɦɑm3	
𣹢	ʁɑm1/ɦɑm1	
鋡	ʁɑm1/ɦɑm1	
𤭙	ʁɑm1/ɦɑm1	
𠥴	ʁɑm1/ɦɑm1	
䶃	ʁɑm1/ɦɑm1	
䶃	qɑm1/kɑm1	
圅	ʁɑm1/ɦɑm1	
肣	ʁɑm1/ɦɑm1	
肣	ʁɑm3/ɦɑm3	
䨡	ʁɑm1/ɦɑm1	
𩄙	ʁɑm1/ɦɑm1	
𢎘	ʁɑm1/ɦɑm1	
𢎘	ʁɑm3/ɦɑm3	
𠗴	ʁɑm1/ɦɑm1	
婪	lɑm1/lɑm1	
惏	lɑm1/lɑm1	
燣	lɑm1/lɑm1	
燣	lɑm2/lɑm2	
嵐	lɑm1/lɑm1	
葻	lɑm1/lɑm1	
啉	lɑm1/lɑm1	
蠶	dzɑm1/dzɑm1	
䣟	dzɑm1/dzɑm1	
䣟	dzɑp4/dzɑp4	
𨅔	dzɑm1/dzɑm1	
𨅔	dzɑp4/dzɑp4	
篸	tsɑm1/tsɑm1	
篸	tsɑm3/tsɑm3	
𥸢	tsɑm1/tsɑm1	
䐶	tsɑm1/tsɑm1	
䐶	tsʲim2/tsim2	
䍼	tsɑm1/tsɑm1	
䍼	tsɑp4/tsɑp4	
鐕	tsɑm1/tsɑm1	
探	tʰɑm1/tʰɑm1	
貪	tʰɑm1/tʰɑm1	
耽	tɑm1/tɑm1	
耽	tɑm2/tɑm2	
酖	tɑm1/tɑm1	
妉	tɑm1/tɑm1	
甔	tɑm1/tɑm1	
甔	tɑm3/tɑm3	
媅	tɑm1/tɑm1	
𡖓	tɑm1/tɑm1	
𡖓	tɑm2/tɑm2	
龕	qʰɑm1/kʰɑm1	
𢦟	qʰɑm1/kʰɑm1	
𩑟	qʰɑm1/kʰɑm1	
堪	qʰɑm1/kʰɑm1	
戡	qʰɑm1/kʰɑm1	
戡	ʈˠim2/ʈim2	
𤯍	qʰɑm1/kʰɑm1	
𤯍	qɑm1/kɑm1	
𤯍	ʁɑm1/ɦɑm1	
嵁	qʰɑm1/kʰɑm1	
嵁	ɴɑm1/ŋɑm1	
嵁	qʰam1/kʰɯam1	
嵁	ɴɑm2/ŋɑm2	
嵁	dʐam3/dʐɯam3	
𤬪	qʰɑm1/kʰɑm1	
𤬪	du3/du3	
撖	qʰɑm1/kʰɑm1	
撖	qʰam2/kʰɯam2	
撖	ʁam3/ɦɯam3	
㟏	χɑm1/hɑm1	
𩈣	χɑm1/hɑm1	
馠	χɑm1/hɑm1	
𣢺	χɑm1/hɑm1	
谽	χɑm1/hɑm1	
唅	χɑm1/hɑm1	
唅	ʁɑm3/ɦɑm3	
𡬖	χɑm1/hɑm1	
𡪶	χɑm1/hɑm1	
毿	sɑm1/sɑm1	
弇	qɑm1/kɑm1	
弇	ʔˠɛm2/ʔɨem2	
淦	qɑm1/kɑm1	
淦	qɑm3/kɑm3	
䌠	qɑm1/kɑm1	
䌠	kʲʰɛm1/kʰiem1	
䌠	xʲɛm1/hiem1	
䌠	qam1/kɯam1	
䜙	ɴɑm1/ŋɑm1	
𡪁	ɴɑm1/ŋɑm1	
談	dɑm1/dɑm1	
郯	dɑm1/dɑm1	
惔	dɑm1/dɑm1	
惔	dɑm3/dɑm3	
錟	dɑm1/dɑm1	
淡	dɑm1/dɑm1	
淡	dɑm3/dɑm3	
淡	jɛm2/jiem2	
痰	dɑm1/dɑm1	
澹	dɑm1/dɑm1	
澹	dɑm3/dɑm3	
倓	dɑm1/dɑm1	
倓	dɑm3/dɑm3	
餤	dɑm1/dɑm1	
𥰨	dɑm1/dɑm1	
㶣	dɑm1/dɑm1	
㶣	ɖˠɛm1/ɖiem1	
甘	qɑm1/kɑm1	
柑	qɑm1/kɑm1	
䇞	qɑm1/kɑm1	
䇞	qɑm2/kɑm2	
苷	qɑm1/kɑm1	
泔	qɑm1/kɑm1	
媣	qɑm1/kɑm1	
媣	ɲɛm2/ɲʒiem2	
擔	tɑm1/tɑm1	
擔	tɑm3/tɑm3	
儋	tɑm1/tɑm1	
聸	tɑm1/tɑm1	
頕	tɑm1/tɑm1	
三	sɑm1/sɑm1	
三	sɑm3/sɑm3	
弎	sɑm1/sɑm1	
𢁘	sɑm1/sɑm1	
鬖	sɑm1/sɑm1	
藍	lɑm1/lɑm1	
襤	lɑm1/lɑm1	
䰐	lɑm1/lɑm1	
擥	lɑm1/lɑm1	
擥	lɑm2/lɑm2	
籃	lɑm1/lɑm1	
𩈵	lɑm1/lɑm1	
𪇖	lɑm1/lɑm1	
懢	lɑm1/lɑm1	
懢	lɑm3/lɑm3	
䆾	lɑm1/lɑm1	
䆾	lɑm3/lɑm3	
儖	lɑm1/lɑm1	
蘫	lɑm1/lɑm1	
蘫	χɑm3/hɑm3	
坩	qʰɑm1/kʰɑm1	
舑	tʰɑm1/tʰɑm1	
舑	ɲɛm1/ɲʒiem1	
聃	tʰɑm1/tʰɑm1	
𨈭	tʰɑm1/tʰɑm1	
緂	tʰɑm1/tʰɑm1	
緂	tɕʰɛm1/tʃʰiem1	
緂	tʰɑm2/tʰɑm2	
㘱	tʰɑm1/tʰɑm1	
䔜	tʰɑm1/tʰɑm1	
䆱	tʰɑm1/tʰɑm1	
䆱	tʰɑm3/tʰɑm3	
㴂	tʰɑm1/tʰɑm1	
𦸁	tʰɑm1/tʰɑm1	
慙	dzɑm1/dzɑm1	
慚	dzɑm1/dzɑm1	
鏨	dzɑm1/dzɑm1	
鏨	dʐam1/dʐɯam1	
鏨	dzɑm3/dzɑm3	
鏨	dzʲɛm3/dziem3	
䳻	dzɑm1/dzɑm1	
䳻	dʐam3/dʐɯam3	
㨻	dzɑm1/dzɑm1	
㨻	ʂam2/ʂɯam2	
酣	ʁɑm1/ɦɑm1	
甝	ʁɑm1/ɦɑm1	
䗣	ʁɑm1/ɦɑm1	
䗣	ʁɑm3/ɦɑm3	
魽	ʁɑm1/ɦɑm1	
煔	ʁɑm1/ɦɑm1	
煔	ɕɛm3/ʃiem3	
煔	tʲʰɛm3/tʰiem3	
炶	ʁɑm1/ɦɑm1	
姏	mɑm1/muɔm1	
𩈻	tsɑm1/tsɑm1	
𩈻	tʂam3/tʂɯam3	
蚶	χɑm1/hɑm1	
𧵊	χɑm1/hɑm1	
𧵊	χɑm3/hɑm3	
歛	χɑm1/hɑm1	
憨	χɑm1/hɑm1	
憨	ʁɑm3/ɦɑm3	
鹽	jɛm1/jiem1	
鹽	jɛm3/jiem3	
塩	jɛm1/jiem1	
𣡶	jɛm1/jiem1	
閻	jɛm1/jiem1	
壛	jɛm1/jiem1	
阽	jɛm1/jiem1	
檐	jɛm1/jiem1	
簷	jɛm1/jiem1	
櫩	jɛm1/jiem1	
𣡞	jɛm1/jiem1	
㶄	jɛm1/jiem1	
𪂈	jɛm1/jiem1	
䦲	jɛm1/jiem1	
䦲	tɕʰɛm3/tʃʰiem3	
㿕	jɛm1/jiem1	
𤅸	jɛm1/jiem1	
𤅸	jɛm3/jiem3	
廉	lˠɛm1/ɭiem1	
鐮	lˠɛm1/ɭiem1	
鎌	lˠɛm1/ɭiem1	
𩄡	lˠɛm1/ɭiem1	
㡘	lˠɛm1/ɭiem1	
簾	lˠɛm1/ɭiem1	
薕	lˠɛm1/ɭiem1	
薕	lʲɛm1/liem1	
薟	lˠɛm1/ɭiem1	
薟	lˠɛm2/ɭiem2	
蘞	lˠɛm1/ɭiem1	
蘞	xˠɛm1/hɨem1	
蘞	lˠɛm2/ɭiem2	
匳	lˠɛm1/ɭiem1	
籢	lˠɛm1/ɭiem1	
𥖝	lˠɛm1/ɭiem1	
獫	lˠɛm1/ɭiem1	
獫	lˠɛm2/ɭiem2	
獫	xˠɛm2/hɨem2	
獫	lˠɛm3/ɭiem3	
蠊	lˠɛm1/ɭiem1	
䆂	lˠɛm1/ɭiem1	
𨎷	lˠɛm1/ɭiem1	
𣀃	lˠɛm1/ɭiem1	
鬑	lˠɛm1/ɭiem1	
鬑	lʲɛm1/liem1	
覝	lˠɛm1/ɭiem1	
砭	pˠɛm1/pɨem1	
砭	pˠɛm3/pɨem3	
𥐗	pˠɛm1/pɨem1	
銛	sʲɛm1/siem1	
銛	tʲʰɛm2/tʰiem2	
銛	qwɑt4/kuot4	
暹	sʲɛm1/siem1	
𦃌	sʲɛm1/siem1	
韱	sʲɛm1/siem1	
纖	sʲɛm1/siem1	
憸	sʲɛm1/siem1	
憸	tsʲʰɛm1/tsʰiem1	
憸	xˠɛm2/hɨem2	
憸	tsʲʰɛm2/tsʰiem2	
孅	sʲɛm1/siem1	
䯹	sʲɛm1/siem1	
彡	sʲɛm1/siem1	
彡	ʂam1/ʂɯam1	
𢘁	sʲɛm1/siem1	
籤	tsʲʰɛm1/tsʰiem1	
臉	tsʲʰɛm1/tsʰiem1	
臉	lam2/ɭɯam2	
䑎	tsʲʰɛm1/tsʰiem1	
䑎	tʂʰam2/tʂʰɯam2	
鹼	tsʲʰɛm1/tsʰiem1	
鹼	qam2/kɯam2	
槧	tsʲʰɛm1/tsʰiem1	
槧	dzɑm3/dzɑm3	
槧	dzʲɛm3/dziem3	
槧	tsʲʰɛm3/tsʰiem3	
僉	tsʲʰɛm1/tsʰiem1	
𠠃	tsʲʰɛm1/tsʰiem1	
㡨	tsʲʰɛm1/tsʰiem1	
㡨	tsʲɛm1/tsiem1	
譣	tsʲʰɛm1/tsʰiem1	
譣	xˠɛm2/hɨem2	
詹	tɕɛm1/tʃiem1	
瞻	tɕɛm1/tʃiem1	
占	tɕɛm1/tʃiem1	
占	tɕɛm3/tʃiem3	
蟾	tɕɛm1/tʃiem1	
蟾	ʑɛm1/dʒiem1	
噡	tɕɛm1/tʃiem1	
厃	tɕɛm1/tʃiem1	
棎	ʑɛm1/dʒiem1	
苫	ɕɛm1/ʃiem1	
苫	ɕɛm3/ʃiem3	
痁	ɕɛm1/ʃiem1	
痁	tʲɛm3/tiem3	
𡝫	ɕɛm1/ʃiem1	
𡝫	ʈˠʰɛm1/ʈʰiem1	
䪜	tɕʰɛm1/tʃʰiem1	
䪜	tɕʰɛm3/tʃʰiem3	
㚲	tɕʰɛm1/tʃʰiem1	
㚲	tɕʰɛp4/tʃʰiep4	
幨	tɕʰɛm1/tʃʰiem1	
幨	tɕʰɛm3/tʃʰiem3	
襜	tɕʰɛm1/tʃʰiem1	
襜	tɕʰɛm3/tʃʰiem3	
裧	tɕʰɛm1/tʃʰiem1	
裧	tʰɑm2/tʰɑm2	
裧	tɕʰɛm3/tʃʰiem3	
𤎥	tɕʰɛm1/tʃʰiem1	
𤎥	tʰɑm2/tʰɑm2	
㾆	tɕʰɛm1/tʃʰiem1	
㾆	ɲɛm1/ɲʒiem1	
妗	tɕʰɛm1/tʃʰiem1	
妗	xʲɛm1/hiem1	
妗	χam1/hɯam1	
𢛈	tɕʰɛm1/tʃʰiem1	
𢃔	tɕʰɛm1/tʃʰiem1	
𩓾	ɲɛm1/ɲʒiem1	
髯	ɲɛm1/ɲʒiem1	
髯	ɲɛm3/ɲʒiem3	
蚺	ɲɛm1/ɲʒiem1	
呥	ɲɛm1/ɲʒiem1	
𧦦	ɲɛm1/ɲʒiem1	
蛅	ɲɛm1/ɲʒiem1	
冉	ɲɛm1/ɲʒiem1	
冉	ɲɛm2/ɲʒiem2	
袡	ɲɛm1/ɲʒiem1	
黏	ɳˠɛm1/ɳiem1	
粘	ɳˠɛm1/ɳiem1	
䬯	ɳˠɛm1/ɳiem1	
䬯	nʲɛm1/niem1	
炎	ɰɛm1/ɨem1	
霑	ʈˠɛm1/ʈiem1	
沾	ʈˠɛm1/ʈiem1	
沾	tʲʰɛm1/tʰiem1	
沾	tʲɛm3/tiem3	
𪏉	ʈˠɛm1/ʈiem1	
覘	ʈˠʰɛm1/ʈʰiem1	
覘	ʈˠʰɛm3/ʈʰiem3	
淹	ʔˠɛm1/ʔɨem1	
淹	ʔˠɛm3/ʔɨem3	
崦	ʔˠɛm1/ʔɨem1	
醃	ʔˠɛm1/ʔɨem1	
䣍	ʔˠɛm1/ʔɨem1	
䣍	ʔˠɛm2/ʔɨem2	
閹	ʔˠɛm1/ʔɨem1	
閹	ʔˠɛm2/ʔɨem2	
𢜩	kˠʰɛm1/kʰɨem1	
𢜩	qʰam2/kʰɯam2	
𨦄	kˠʰɛm1/kʰɨem1	
𪙊	ŋˠɛm1/ŋɨem1	
𪙊	ɴam1/ŋɯam1	
𪙊	ŋˠɛm3/ŋɨem3	
尖	tsʲɛm1/tsiem1	
殲	tsʲɛm1/tsiem1	
瀸	tsʲɛm1/tsiem1	
𡄑	tsʲɛm1/tsiem1	
𡄑	tsʲɛm3/tsiem3	
漸	tsʲɛm1/tsiem1	
漸	dzʲɛm3/dziem3	
虃	tsʲɛm1/tsiem1	
熸	tsʲɛm1/tsiem1	
㦰	tsʲɛm1/tsiem1	
𩅼	tsʲɛm1/tsiem1	
𩅼	lˠɛm3/ɭiem3	
𩅼	tʂam3/tʂɯam3	
鑯	tsʲɛm1/tsiem1	
鋟	tsʲɛm1/tsiem1	
鋟	tsʲʰim2/tsʰim2	
𩃔	tsʲɛm1/tsiem1	
𩃔	ʂam1/ʂɯam1	
潛	dzʲɛm1/dziem1	
潛	dzʲɛm3/dziem3	
朁	dzʲɛm1/dziem1	
朁	tsʰɑm2/tsʰɑm2	
䁮	dzʲɛm1/dziem1	
䁮	dzʲɛm3/dziem3	
𤎢	dzʲɛm1/dziem1	
螹	dzʲɛm1/dziem1	
螹	dzʲɛm3/dziem3	
箝	ɡˠɛm1/ɡɨem1	
鉗	ɡˠɛm1/ɡɨem1	
𢁮	ɡˠɛm1/ɡɨem1	
鉆	ɡˠɛm1/ɡɨem1	
鉆	tʲʰɛp4/tʰiep4	
拑	ɡˠɛm1/ɡɨem1	
羬	ɡˠɛm1/ɡɨem1	
羬	ɴam1/ŋɯam1	
鳹	ɡˠɛm1/ɡɨem1	
鈐	ɡˠɛm1/ɡɨem1	
懕	ʔʲɛm1/ʔiem1	
猒	ʔʲɛm1/ʔiem1	
猒	ʔʲɛm3/ʔiem3	
饜	ʔʲɛm1/ʔiem1	
饜	ʔʲɛm3/ʔiem3	
嬮	ʔʲɛm1/ʔiem1	
嬮	ʔʲɛm3/ʔiem3	
嬮	ʔʲɛp4/ʔiep4	
㤿	ʔʲɛm1/ʔiem1	
㤿	ʔˠɛm3/ʔɨem3	
䅧	ʔʲɛm1/ʔiem1	
䅧	ʔˠim3/ʔɨm3	
𨣻	ʔʲɛm1/ʔiem1	
燅	zʲɛm1/ziem1	
𤍙	zʲɛm1/ziem1	
燖	zʲɛm1/ziem1	
爓	zʲɛm1/ziem1	
爓	jɛm3/jiem3	
𦢨	zʲɛm1/ziem1	
䕭	zʲɛm1/ziem1	
𢸧	zʲɛm1/ziem1	
㰊	zʲɛm1/ziem1	
𢅮	zʲɛm1/ziem1	
𪏂	ɖˠɛm1/ɖiem1	
誗	ɖˠɛm1/ɖiem1	
添	tʲʰɛm1/tʰiem1	
黇	tʲʰɛm1/tʰiem1	
舚	tʲʰɛm1/tʰiem1	
舚	tʲʰɛm3/tʰiem3	
𩬑	tʲɛm1/tiem1	
敁	tʲɛm1/tiem1	
佔	tʲɛm1/tiem1	
詀	tʲɛm1/tiem1	
詀	ʈam1/ʈɯam1	
詀	ɖam3/ɖɯam3	
詀	tɕʰɛp4/tʃʰiep4	
㡇	tʲɛm1/tiem1	
㡇	ʈˠɛp4/ʈiep4	
㡇	tʲʰɛp4/tʰiep4	
𧚊	tʲɛm1/tiem1	
𧚊	tʲɛp4/tiep4	
𦕒	tʲɛm1/tiem1	
䀡	tʲɛm1/tiem1	
䀡	ʈˠʰɛm3/ʈʰiem3	
䀡	tʲɛm3/tiem3	
甜	dʲɛm1/diem1	
恬	dʲɛm1/diem1	
湉	dʲɛm1/diem1	
菾	dʲɛm1/diem1	
𦳇	dʲɛm1/diem1	
熑	lʲɛm1/liem1	
溓	lʲɛm1/liem1	
溓	lˠɛm2/ɭiem2	
溓	lʲɛm2/liem2	
濂	lʲɛm1/liem1	
燫	lʲɛm1/liem1	
謙	kʲʰɛm1/kʰiem1	
兼	kʲɛm1/kiem1	
兼	kʲɛm3/kiem3	
縑	kʲɛm1/kiem1	
鶼	kʲɛm1/kiem1	
𥻧	kʲɛm1/kiem1	
蒹	kʲɛm1/kiem1	
𦋰	kʲɛm1/kiem1	
鰜	kʲɛm1/kiem1	
鰜	ʁam1/ɦɯam1	
嫌	ɣʲɛm1/ɦiem1	
稴	ɣʲɛm1/ɦiem1	
稴	ʁam1/ɦɯam1	
稴	lʲɛm2/liem2	
稴	lʲɛm3/liem3	
鮎	nʲɛm1/niem1	
拈	nʲɛm1/niem1	
馦	xʲɛm1/hiem1	
㾾	xʲɛm1/hiem1	
䵌	xʲɛm1/hiem1	
㽐	xʲɛm1/hiem1	
欦	xʲɛm1/hiem1	
欦	kˠʰɛm2/kʰɨem2	
欦	χam2/hɯam2	
欦	χɑm1/hɑm1	
咸	ʁam1/ɦɯam1	
鹹	ʁam1/ɦɯam1	
醎	ʁam1/ɦɯam1	
𩤥	ʁam1/ɦɯam1	
諴	ʁam1/ɦɯam1	
椷	ʁam1/ɦɯam1	
㮭	ʁam1/ɦɯam1	
輱	ʁam1/ɦɯam1	
緘	qam1/kɯam1	
玪	qam1/kɯam1	
尲	qam1/kɯam1	
黬	qam1/kɯam1	
黬	ɴam1/ŋɯam1	
𪒹	qam1/kɯam1	
攕	ʂam1/ʂɯam1	
摻	ʂam1/ʂɯam1	
摻	ʂam2/ʂɯam2	
檆	ʂam1/ʂɯam1	
杉	ʂam1/ʂɯam1	
櫼	ʂam1/ʂɯam1	
𩁺	ʂam1/ʂɯam1	
䀐	ʂam1/ʂɯam1	
䀐	ʂam3/ʂɯam3	
𨏪	ʂam1/ʂɯam1	
𩌰	ʂam1/ʂɯam1	
㺑	ʂam1/ʂɯam1	
㺑	ʂam2/ʂɯam2	
𤟟	ʔam1/ʔɯam1	
𤟟	ʔam3/ʔɯam3	
淊	ʔam1/ʔɯam1	
淊	ʁɑm3/ɦɑm3	
淊	jɛm2/jiem2	
淊	ʔam3/ʔɯam3	
黯	ʔam1/ʔɯam1	
黯	ʔam2/ʔɯam2	
嵒	ɴam1/ŋɯam1	
䫡	ɴam1/ŋɯam1	
䫡	qʰam2/kʰɯam2	
䫡	qʰam3/kʰɯam3	
䫡	qam3/kɯam3	
𧇱	ɴam1/ŋɯam1	
麙	ɴam1/ŋɯam1	
㺂	ɴam1/ŋɯam1	
𧬌	ɴam1/ŋɯam1	
㰹	χam1/hɯam1	
𧍧	χam1/hɯam1	
𧮰	χam1/hɯam1	
䩂	χam1/hɯam1	
䩇	ʈam1/ʈɯam1	
鵮	ʈam1/ʈɯam1	
鵮	qʰam1/kʰɯam1	
𪉜	ʈam1/ʈɯam1	
𪉜	ʈam3/ʈɯam3	
諵	ɳam1/ɳɯam1	
諵	ɳam3/ɳɯam3	
喃	ɳam1/ɳɯam1	
讒	dʐam1/dʐɯam1	
讒	dʐam3/dʐɯam3	
獑	dʐam1/dʐɯam1	
饞	dʐam1/dʐɯam1	
毚	dʐam1/dʐɯam1	
㺥	dʐam1/dʐɯam1	
𪗂	dʐam1/dʐɯam1	
欃	dʐam1/dʐɯam1	
欃	dʐam3/dʐɯam3	
攙	dʐam1/dʐɯam1	
攙	tʂʰam1/tʂʰɯam1	
𪖎	dʐam1/dʐɯam1	
𢽝	dʐam1/dʐɯam1	
儳	dʐam1/dʐɯam1	
儳	dʐam3/dʐɯam3	
儳	tʂʰam3/tʂʰɯam3	
酁	dʐam1/dʐɯam1	
𢽣	qʰam1/kʰɯam1	
厱	qʰam1/kʰɯam1	
厱	kˠʰɛm1/kʰɨem1	
𠔺	qʰam1/kʰɯam1	
銜	ʁam1/ɦɯam1	
甉	ʁam1/ɦɯam1	
甉	ʁam3/ɦɯam3	
巉	dʐam1/dʐɯam1	
巉	dʐam3/dʐɯam3	
嶃	dʐam1/dʐɯam1	
嶃	dʐam3/dʐɯam3	
劖	dʐam1/dʐɯam1	
艬	dʐam1/dʐɯam1	
艬	dʐam3/dʐɯam3	
鑱	dʐam1/dʐɯam1	
鑱	dʐam3/dʐɯam3	
嚵	dʐam1/dʐɯam1	
嚵	dzʲɛm3/dziem3	
嚵	tʂʰam3/tʂʰɯam3	
巖	ɴam1/ŋɯam1	
礹	ɴam1/ŋɯam1	
礹	ŋˠɛm2/ŋɨem2	
𡆑	ɴam1/ŋɯam1	
衫	ʂam1/ʂɯam1	
縿	ʂam1/ʂɯam1	
芟	ʂam1/ʂɯam1	
穇	ʂam1/ʂɯam1	
監	qam1/kɯam1	
監	qam3/kɯam3	
礛	qam1/kɯam1	
𥌈	qam1/kɯam1	
𥌈	qam3/kɯam3	
鑑	qam1/kɯam1	
鑑	qam3/kɯam3	
㔋	qam1/kɯam1	
㔋	ʁam3/ɦɯam3	
㔋	lɑm3/lɑm3	
㔋	qam3/kɯam3	
𨂝	bam1/buam1	
嵌	qʰam1/kʰɯam1	
嵌	dzɑm3/dzɑm3	
嚴	ŋˠɛm1/ŋɨem1	
䉷	ŋˠɛm1/ŋɨem1	
𩏩	xˠɛm1/hɨem1	
𩏩	xˠɛm2/hɨem2	
杴	xˠɛm1/hɨem1	
㿌	xˠɛm1/hɨem1	
𥟕	xˠɛm1/hɨem1	
腌	ʔˠɛm1/ʔɨem1	
腌	ʔˠɛp4/ʔɨep4	
凡	vɛm1/bvuɐm1	
帆	vɛm1/bvuɐm1	
帆	vɛm3/bvuɐm3	
𠆩	vɛm1/bvuɐm1	
𠆩	fʰɛm3/pfʰuɐm3	
𦨲	vɛm1/bvuɐm1	
氾	vɛm1/bvuɐm1	
氾	fʰɛm3/pfʰuɐm3	
颿	vɛm1/bvuɐm1	
颿	vɛm3/bvuɐm3	
柉	vɛm1/bvuɐm1	
䒦	fʰɛm1/pfʰuɐm1	
䒦	fʰɛm3/pfʰuɐm3	
𣢲	fʰɛm1/pfʰuɐm1	
董	tɨwŋ2/tuŋ2	
箽	tɨwŋ2/tuŋ2	
𢤦	tɨwŋ2/tuŋ2	
䵔	tɨwŋ2/tuŋ2	
𧄓	tɨwŋ2/tuŋ2	
𤾬	mɨwŋ2/muŋ2	
曚	mɨwŋ2/muŋ2	
懵	mɨwŋ2/muŋ2	
懵	mɨŋ3/muəŋ3	
孔	qʰɨwŋ2/kʰuŋ2	
㪌	sɨwŋ2/suŋ2	
䉥	sɨwŋ2/suŋ2	
桶	tʰɨwŋ2/tʰuŋ2	
桶	dɨwŋ3/duŋ3	
捅	tʰɨwŋ2/tʰuŋ2	
總	tsɨwŋ2/tsuŋ2	
摠	tsɨwŋ2/tsuŋ2	
𢝰	tsɨwŋ2/tsuŋ2	
㢔	tsɨwŋ2/tsuŋ2	
蓯	tsɨwŋ2/tsuŋ2	
䁓	tsɨwŋ2/tsuŋ2	
䁓	tsɨwŋ3/tsuŋ3	
䁓	qaj3/kɯai3	
𨍈	tsɨwŋ2/tsuŋ2	
傯	tsɨwŋ2/tsuŋ2	
傯	tsɨwŋ3/tsuŋ3	
澒	ʁɨwŋ3/ɦuŋ3	
𧋔	ʁɨwŋ3/ɦuŋ3	
𠳃	ʁɨwŋ3/ɦuŋ3	
汞	ʁɨwŋ3/ɦuŋ3	
滃	ʔɨwŋ2/ʔuŋ2	
暡	ʔɨwŋ2/ʔuŋ2	
勜	ʔɨwŋ2/ʔuŋ2	
䐥	ʔɨwŋ2/ʔuŋ2	
塕	ʔɨwŋ2/ʔuŋ2	
𤌏	ʔɨwŋ2/ʔuŋ2	
琫	pɨwŋ2/puŋ2	
菶	pɨwŋ2/puŋ2	
菶	bɨwŋ3/buŋ3	
𦂌	pɨwŋ2/puŋ2	
𦂌	pawŋ2/puaŋ2	
俸	pɨwŋ2/puŋ2	
俸	vuŋ3/bvuŋ3	
竉	lɨwŋ2/luŋ2	
攏	lɨwŋ2/luŋ2	
𢤱	lɨwŋ2/luŋ2	
儱	lɨwŋ2/luŋ2	
儱	lˠuŋ3/ɭɨuŋ3	
嗊	χɨwŋ2/huŋ2	
𢦅	χɨwŋ2/huŋ2	
動	dɨwŋ3/duŋ3	
𨔝	dɨwŋ3/duŋ3	
姛	dɨwŋ3/duŋ3	
詷	dɨwŋ3/duŋ3	
唪	bɨwŋ3/buŋ3	
唪	vuŋ3/bvuŋ3	
埲	bɨwŋ3/buŋ3	
腫	tɕuŋ2/tʃɨuŋ2	
種	tɕuŋ2/tʃɨuŋ2	
種	tɕuŋ3/tʃɨuŋ3	
踵	tɕuŋ2/tʃɨuŋ2	
歱	tɕuŋ2/tʃɨuŋ2	
㣫	tɕuŋ2/tʃɨuŋ2	
喠	tɕuŋ2/tʃɨuŋ2	
喠	tɕʰuŋ2/tʃʰɨuŋ2	
寵	ʈˠʰuŋ2/ʈʰɨuŋ2	
𧼙	ʈˠʰuŋ2/ʈʰɨuŋ2	
𧼙	ʈˠʰuk4/ʈʰɨuk4	
埫	ʈˠʰuŋ2/ʈʰɨuŋ2	
隴	lˠuŋ2/ɭɨuŋ2	
壠	lˠuŋ2/ɭɨuŋ2	
㙙	lˠuŋ2/ɭɨuŋ2	
擁	ʔˠuŋ2/ʔɨuŋ2	
𢶜	ʔˠuŋ2/ʔɨuŋ2	
宂	ɲuŋ2/ɲʒɨuŋ2	
𡦼	ɲuŋ2/ɲʒɨuŋ2	
䢇	ɲuŋ2/ɲʒɨuŋ2	
𣭲	ɲuŋ2/ɲʒɨuŋ2	
氄	ɲuŋ2/ɲʒɨuŋ2	
軵	ɲuŋ2/ɲʒɨuŋ2	
𤘺	ɲuŋ2/ɲʒɨuŋ2	
𪕎	ɲuŋ2/ɲʒɨuŋ2	
𢫨	ɲuŋ2/ɲʒɨuŋ2	
𢫨	ɳˠuŋ3/ɳɨuŋ3	
𨍷	ɲuŋ2/ɲʒɨuŋ2	
𢝆	ɖˠuŋ3/ɖɨuŋ3	
冢	ʈˠuŋ2/ʈɨuŋ2	
塚	ʈˠuŋ2/ʈɨuŋ2	
奉	vuŋ3/bvuŋ3	
捧	fʰuŋ2/pfʰuŋ2	
勇	juŋ2/jɨuŋ2	
恿	juŋ2/jɨuŋ2	
涌	juŋ2/jɨuŋ2	
甬	juŋ2/jɨuŋ2	
踊	juŋ2/jɨuŋ2	
慂	juŋ2/jɨuŋ2	
𧻹	juŋ2/jɨuŋ2	
塎	juŋ2/jɨuŋ2	
悀	juŋ2/jɨuŋ2	
埇	juŋ2/jɨuŋ2	
蛹	juŋ2/jɨuŋ2	
𧗴	juŋ2/jɨuŋ2	
恐	kˠʰuŋ2/kʰɨuŋ2	
恐	kˠʰuŋ3/kʰɨuŋ3	
𢖶	kˠʰuŋ2/kʰɨuŋ2	
𢖶	kˠʰuŋ3/kʰɨuŋ3	
𦶐	kˠʰuŋ2/kʰɨuŋ2	
𦶐	kˠʰuŋ3/kʰɨuŋ3	
尰	ʑuŋ3/ʒɨuŋ3	
𤺄	ʑuŋ3/ʒɨuŋ3	
𢡹	ʑuŋ3/ʒɨuŋ3	
拱	kˠuŋ2/kɨuŋ2	
拲	kˠuŋ2/kɨuŋ2	
拲	kˠuk4/kɨuk4	
鞏	kˠuŋ2/kɨuŋ2	
孒	kˠuŋ2/kɨuŋ2	
孒	kˠut4/kɨut4	
孒	kˠwɛt4/kʉot4	
𢪒	kˠuŋ2/kɨuŋ2	
㤨	kˠuŋ2/kɨuŋ2	
𢸁	kˠuŋ2/kɨuŋ2	
㼦	kˠuŋ2/kɨuŋ2	
㧬	kˠuŋ2/kɨuŋ2	
䡗	kˠuŋ2/kɨuŋ2	
䱋	kˠuŋ2/kɨuŋ2	
巩	kˠuŋ2/kɨuŋ2	
栱	kˠuŋ2/kɨuŋ2	
悚	sʲuŋ2/sɨuŋ2	
竦	sʲuŋ2/sɨuŋ2	
慫	sʲuŋ2/sɨuŋ2	
聳	sʲuŋ2/sɨuŋ2	
𦄼	sʲuŋ2/sɨuŋ2	
𦄼	sʲu2/sɨ̯u2	
𦄼	sʲɨw2/siu̯2	
㩳	sʲuŋ2/sɨuŋ2	
駷	sʲuŋ2/sɨuŋ2	
駷	sɨw2/səu2	
愯	sʲuŋ2/sɨuŋ2	
傱	sʲuŋ2/sɨuŋ2	
䙕	sʲuŋ2/sɨuŋ2	
䙕	tsʲuŋ2/tsɨuŋ2	
詾	xˠuŋ2/hɨuŋ2	
覂	fuŋ2/pfuŋ2	
𢇫	fuŋ2/pfuŋ2	
湩	tɨwŋ2/tuŋ2	
湩	tɨwŋ3/tuŋ3	
湩	ʈˠuŋ3/ʈɨuŋ3	
𪁪	mɨwŋ2/muŋ2	
𪁪	mawŋ2/muaŋ2	
䏵	mɨwŋ2/muŋ2	
𨿿	tɕʰuŋ2/tʃʰɨuŋ2	
幒	tsʲʰuŋ2/tsʰɨuŋ2	
𢃓	tsʲʰuŋ2/tsʰɨuŋ2	
講	qawŋ2/kɯaŋ2	
港	qawŋ2/kɯaŋ2	
港	ʁɨwŋ3/ɦuŋ3	
傋	qawŋ2/kɯaŋ2	
傋	χawŋ2/hɯaŋ2	
耩	qawŋ2/kɯaŋ2	
㭋	bawŋ3/buaŋ3	
棒	bawŋ3/buaŋ3	
玤	bawŋ3/buaŋ3	
𢗒	bawŋ3/buaŋ3	
蚌	bawŋ3/buaŋ3	
蜯	bawŋ3/buaŋ3	
䎧	bawŋ3/buaŋ3	
慃	ʔawŋ2/ʔɯaŋ2	
項	ʁawŋ3/ɦɯaŋ3	
缿	ʁawŋ3/ɦɯaŋ3	
𢞡	χawŋ2/hɯaŋ2	
紙	tɕi2/tʃi2	
帋	tɕi2/tʃi2	
軹	tɕi2/tʃi2	
枳	tɕi2/tʃi2	
枳	kʲi2/ki2	
咫	tɕi2/tʃi2	
扺	tɕi2/tʃi2	
𣲵	tɕi2/tʃi2	
坁	tɕi2/tʃi2	
汦	tɕi2/tʃi2	
抧	tɕi2/tʃi2	
恀	tɕi2/tʃi2	
恀	ʑi3/ʒi3	
恀	tɕʰi2/tʃʰi2	
䅩	tɕi2/tʃi2	
䳅	tɕi2/tʃi2	
是	ʑi3/ʒi3	
諟	ʑi3/ʒi3	
徥	ʑi3/ʒi3	
徥	ɖˠi3/ɖi3	
𤜣	ʑi3/ʒi3	
䟗	ʑi3/ʒi3	
靡	mˠi2/mɨi̯2	
𨇻	mˠi2/mɨi̯2	
𪎓	mˠi2/mɨi̯2	
骳	mˠi2/mɨi̯2	
𡬍	mˠi2/mɨi̯2	
𡬍	mʲɛj2/miei2	
彼	pˠi2/pɨi̯2	
㗗	pˠi2/pɨi̯2	
柀	pˠi2/pɨi̯2	
佊	pˠi2/pɨi̯2	
佊	pˠi3/pɨi̯3	
𠐌	pˠi2/pɨi̯2	
被	bˠi3/bɨi̯3	
毀	xˠwi2/hɨui2	
毀	xˠwi3/hɨui3	
燬	xˠwi2/hɨui2	
檓	xˠwi2/hɨui2	
毇	xˠwi2/hɨui2	
𥶵	xˠwi2/hɨui2	
𠷏	xˠwi2/hɨui2	
𠷏	ʔˠwi2/ʔɨui2	
譭	xˠwi2/hɨui2	
㩓	xˠwi2/hɨui2	
烜	xˠwi2/hɨui2	
烜	xˠwɛn2/hʉon2	
𡢕	xˠwi2/hɨui2	
骫	ʔˠwi2/ʔɨui2	
䍴	ʔˠwi2/ʔɨui2	
䍴	ʔˠwi3/ʔɨui3	
跪	kˠʰwi2/kʰɨui2	
跪	ɡˠwi3/ɡɨui3	
𣄲	kˠʰwi2/kʰɨui2	
詭	kˠwi2/kɨui2	
垝	kˠwi2/kɨui2	
垝	kˠwi3/kɨui3	
陒	kˠwi2/kɨui2	
䣀	kˠwi2/kɨui2	
䣀	ɡˠwi3/ɡɨui3	
攱	kˠwi2/kɨui2	
攱	kˠwi3/kɨui3	
䤥	kˠwi2/kɨui2	
觤	kˠwi2/kɨui2	
恑	kˠwi2/kɨui2	
蛫	kˠwi2/kɨui2	
祪	kˠwi2/kɨui2	
庪	kˠwi2/kɨui2	
䃽	kˠwi2/kɨui2	
庋	kˠwi2/kɨui2	
庋	kˠi2/kɨi̯2	
𪀗	kˠwi2/kɨui2	
𪀗	ŋˠwi2/ŋɨui2	
姽	kˠwi2/kɨui2	
姽	ŋˠwi2/ŋɨui2	
佹	kˠwi2/kɨui2	
髓	sʲwi2/syi̯2	
嶲	sʲwi2/syi̯2	
靃	sʲwi2/syi̯2	
靃	χwɑk4/huɔk4	
䭉	sʲwi2/syi̯2	
𣿂	sʲwi2/syi̯2	
絫	lˠwi2/ɭyi̯2	
累	lˠwi2/ɭyi̯2	
累	lˠwi3/ɭyi̯3	
樏	lˠwi2/ɭyi̯2	
䉂	lˠwi2/ɭyi̯2	
厽	lˠwi2/ɭyi̯2	
垒	lˠwi2/ɭyi̯2	
垒	lˠwi3/ɭyi̯3	
技	ɡˠi3/ɡɨi̯3	
徛	ɡˠi3/ɡɨi̯3	
徛	kˠi3/kɨi̯3	
倚	ʔˠi2/ʔɨi̯2	
倚	ʔˠi3/ʔɨi̯3	
輢	ʔˠi2/ʔɨi̯2	
輢	ɡˠi3/ɡɨi̯3	
輢	ʔˠi3/ʔɨi̯3	
剞	kˠi2/kɨi̯2	
㞆	kˠi2/kɨi̯2	
㞆	kˠʰi3/kʰɨi̯3	
綺	kˠʰi2/kʰɨi̯2	
婍	kˠʰi2/kʰɨi̯2	
螘	ŋˠi2/ŋɨi̯2	
蟻	ŋˠi2/ŋɨi̯2	
礒	ŋˠi2/ŋɨi̯2	
齮	ŋˠi2/ŋɨi̯2	
艤	ŋˠi2/ŋɨi̯2	
檥	ŋˠi2/ŋɨi̯2	
㠖	ŋˠi2/ŋɨi̯2	
䰙	ŋˠi2/ŋɨi̯2	
蔿	ɰwi2/ɨui2	
儰	ɰwi2/ɨui2	
蘤	ɰwi2/ɨui2	
𤺉	ɰwi2/ɨui2	
薳	ɰwi2/ɨui2	
寪	ɰwi2/ɨui2	
蘂	ɲwi2/ɲʒyi̯2	
蕊	ɲwi2/ɲʒyi̯2	
繠	ɲwi2/ɲʒyi̯2	
此	tsʰi2/tsʰi2	
跐	tsʰi2/tsʰi2	
跐	tsi2/tsi2	
跐	tʂi2/tʂʅi̯2	
佌	tsʰi2/tsʰi2	
泚	tsʰi2/tsʰi2	
泚	tsʲʰɛj2/tsʰiei2	
𩢑	tsʰi2/tsʰi2	
𠈈	tsʰi2/tsʰi2	
𠈈	si2/si2	
𧺼	tsʰi2/tsʰi2	
𡘌	tsʰi2/tsʰi2	
𡘌	χaj3/hɯai3	
豸	ɖˠi3/ɖi3	
豸	ɖaj3/ɖɯai3	
陊	ɖˠi3/ɖi3	
陊	dɑ3/dɑ3	
䊓	ɖˠi3/ɖi3	
䊓	ʑi3/ʒi3	
踶	ɖˠi3/ɖi3	
踶	dʲɛj3/diei3	
阤	ɖˠi3/ɖi3	
阤	ɕi2/ʃi2	
䚦	ɖˠi3/ɖi3	
廌	ɖˠi3/ɖi3	
廌	ɖaj3/ɖɯai3	
徙	si2/si2	
壐	si2/si2	
璽	si2/si2	
𢇌	si2/si2	
肔	ji2/ji2	
崺	ji2/ji2	
扡	ji2/ji2	
孈	ji2/ji2	
孈	jwi2/jyi̯2	
孈	xʲwi3/hyi̯3	
孈	ʁwa3/ɦua3	
孈	ʁwaj3/ɦuai3	老
邐	lˠi2/ɭi2	
峛	lˠi2/ɭi2	
㸚	lˠi2/ɭi2	
㸚	lʲɛj3/liei3	
躧	ʂi2/ʂʅi̯2	
躧	ʂaj2/ʂɯai2	
𩎉	ʂi2/ʂʅi̯2	
灑	ʂi2/ʂʅi̯2	
灑	ʂa2/ʂɯa2	
灑	ʂi3/ʂʅi̯3	
灑	ʂaj2/ʂɯai2	老
纚	ʂi2/ʂʅi̯2	
縰	ʂi2/ʂʅi̯2	
𩌦	ʂi2/ʂʅi̯2	
𩌦	ʂaj2/ʂɯai2	
𩌦	ʂi3/ʂʅi̯3	
屣	ʂi2/ʂʅi̯2	
屣	ʂi3/ʂʅi̯3	
𢔌	pʲi2/pi2	
俾	pʲi2/pi2	
𪐄	pʲi2/pi2	
𪐄	baj3/buai3	
髀	pʲi2/pi2	
髀	bʲɛj3/biei3	
𦸣	pʲi2/pi2	
𦸣	bʲɛj3/biei3	
𦸣	pʲi3/pi3	
𠬈	pʲi2/pi2	
𢳋	pʲi2/pi2	
爾	ɲi2/ɲʒi2	
尒	ɲi2/ɲʒi2	
邇	ɲi2/ɲʒi2	
𨒛	ɲi2/ɲʒi2	
渳	mʲi2/mi2	
弭	mʲi2/mi2	
濔	mʲi2/mi2	
羋	mʲi2/mi2	
敉	mʲi2/mi2	
侎	mʲi2/mi2	
葞	mʲi2/mi2	
䖹	mʲi2/mi2	
𩰞	mʲi2/mi2	
𩰞	nʲɛj2/niei2	
㥝	mʲi2/mi2	
婢	bʲi3/bi3	
侈	tɕʰi2/tʃʰi2	
𡚼	tɕʰi2/tʃʰi2	
㢋	tɕʰi2/tʃʰi2	
㢁	tɕʰi2/tʃʰi2	
垑	tɕʰi2/tʃʰi2	
懘	tɕʰi2/tʃʰi2	
懘	tɕʰɛj3/tʃʰiei3	
㶴	tɕʰi2/tʃʰi2	
袳	tɕʰi2/tʃʰi2	
𧰲	tɕʰi2/tʃʰi2	
弛	ɕi2/ʃi2	
豕	ɕi2/ʃi2	
紫	tsi2/tsi2	
訿	tsi2/tsi2	
𣸆	tsi2/tsi2	
呰	tsi2/tsi2	
㧗	tsi2/tsi2	
㧗	tʂi2/tʂʅi̯2	
㧗	tsʲɛj2/tsiei2	
捶	tɕwi2/tʃyi̯2	
𦓝	tɕwi2/tʃyi̯2	
𦓝	tɕwɛn2/tʃyen2	
沝	tɕwi2/tʃyi̯2	
揣	tʂʰwi2/tʂʰʯᵊi2	
揣	twɑ2/tuɔ2	
㪜	tʂʰwi2/tʂʰʯᵊi2	
㪜	tɕʰwɛn2/tʃʰyen2	
㪜	twɑ2/tuɔ2	
𤢍	zʲwi3/zyi̯3	
舓	ʑi3/ʒi3	
𦧇	ʑi3/ʒi3	
舐	ʑi3/ʒi3	
諀	pʲʰi2/pʰi2	
庀	pʲʰi2/pʰi2	
疕	pʲʰi2/pʰi2	
疕	pʲi2/pi2	
疕	pˠʰi2/pʰɨi̯2	
䚹	pʲʰi2/pʰi2	
吡	pʲʰi2/pʰi2	
吡	bʲit4/bit4	
䓈	jwi2/jyi̯2	
䓈	jwɛk4/jyek4	
芛	jwi2/jyi̯2	
芛	jwit4/jyt4	
撱	jwi2/jyi̯2	
𤼒	jwi2/jyi̯2	
跬	kʲʰwi2/kʰyi̯2	
䞨	kʲʰwi2/kʰyi̯2	
頍	kʲʰwi2/kʰyi̯2	
䠑	kʲʰwi2/kʰyi̯2	
狔	ɳˠi2/ɳi2	
旎	ɳˠi2/ɳi2	
硊	ŋˠwi2/ŋɨui2	
頠	ŋˠwi2/ŋɨui2	
頠	ɴwɑj2/ŋuoi2	
㨖	ʈˠi2/ʈi2	
㨖	ʈˠi3/ʈi3	
𧛢	ʈˠi2/ʈi2	
𪖥	xˠi2/hɨi̯2	
企	kʲʰi2/kʰi2	
企	kʲʰi3/kʰi3	
菙	ʑwi3/ʒyi̯3	
㥨	ʑwi3/ʒyi̯3	
旨	tɕi2/tʃi2	
指	tɕi2/tʃi2	
恉	tɕi2/tʃi2	
䛗	tɕi2/tʃi2	
厎	tɕi2/tʃi2	
茋	tɕi2/tʃi2	
視	ʑi3/ʒi3	
眎	ʑi3/ʒi3	
美	mˠi2/mɨi̯2	
媺	mˠi2/mɨi̯2	
𤛎	mˠi2/mɨi̯2	
𤛎	mˠin2/mɨn2	
渼	mˠi2/mɨi̯2	
媄	mˠi2/mɨi̯2	
鄙	pˠi2/pɨi̯2	
娝	pˠi2/pɨi̯2	
痞	pˠi2/pɨi̯2	
痞	bˠi3/bɨi̯3	
痞	fɨw2/pfuəu2	
兕	zi3/zi3	
𧰽	zi3/zi3	
𠒅	zi3/zi3	
𠒃	zi3/zi3	
薙	zi3/zi3	
薙	ɖˠi3/ɖi3	
薙	tʲʰɛj3/tʰiei3	
䒨	zi3/zi3	
几	kˠi2/kɨi̯2	
𪊨	kˠi2/kɨi̯2	
麂	kˠi2/kɨi̯2	
㞦	kˠi2/kɨi̯2	
䢳	kˠi2/kɨi̯2	
㞛	kˠi2/kɨi̯2	
䂹	kˠi2/kɨi̯2	
䂹	ʂɛk4/ʂɯɛk4	
姊	tsi2/tsi2	
秭	tsi2/tsi2	
匕	pʲi2/pi2	
妣	pʲi2/pi2	
秕	pʲi2/pi2	
䃾	pʲi2/pi2	
䃾	bʲi3/bi3	
䃾	pʲi3/pi3	
朼	pʲi2/pi2	
軌	kˠwi2/kɨui2	
簋	kˠwi2/kɨui2	
晷	kˠwi2/kɨui2	
厬	kˠwi2/kɨui2	
𣷾	kˠwi2/kɨui2	
宄	kˠwi2/kɨui2	
匭	kˠwi2/kɨui2	
𠥗	kˠwi2/kɨui2	
氿	kˠwi2/kɨui2	
𧗝	kˠwi2/kɨui2	
洧	ɰwi2/ɨui2	
鮪	ɰwi2/ɨui2	
痏	ɰwi2/ɨui2	
䵋	ɰwi2/ɨui2	
䵋	qwɑj3/kuoi3	
矢	ɕi2/ʃi2	
𠂕	ɕi2/ʃi2	
𦳊	ɕi2/ʃi2	
雉	ɖˠi3/ɖi3	
滍	ɖˠi3/ɖi3	
死	si2/si2	
牝	bʲi3/bi3	
牝	bʲin3/bin3	
履	lˠi2/ɭi2	
水	ɕwi2/ʃyi̯2	
壘	lˠwi2/ɭyi̯2	
蜼	lˠwi2/ɭyi̯2	
蜼	jwi3/jyi̯3	
蜼	jɨw3/jiu̯3	
櫐	lˠwi2/ɭyi̯2	
蘽	lˠwi2/ɭyi̯2	
𡻭	lˠwi2/ɭyi̯2	
藟	lˠwi2/ɭyi̯2	
誄	lˠwi2/ɭyi̯2	
耒	lˠwi2/ɭyi̯2	
耒	lwɑj3/luoi3	
讄	lˠwi2/ɭyi̯2	
𤢹	lˠwi2/ɭyi̯2	
揆	ɡʲwi3/ɡyi̯3	
趡	tsʲʰwi2/tsʰyi̯2	
踓	tsʲʰwi2/tsʰyi̯2	
踓	jwi2/jyi̯2	
𨿐	tsʲʰwi2/tsʰyi̯2	
癸	kʲwi2/kyi̯2	
否	bˠi3/bɨi̯3	
否	fu2/pfu2	
否	fɨw2/pfuəu2	
圮	bˠi3/bɨi̯3	
𢁦	bˠi3/bɨi̯3	
䤏	bˠi3/bɨi̯3	
㠑	dzʲwi3/dzyi̯3	
㠑	dzwɑj3/dzuoi3	
嚭	pˠʰi2/pʰɨi̯2	
𡺮	pˠʰi2/pʰɨi̯2	
䲊	jwi2/jyi̯2	
䲊	dwɑ3/duɔ3	
䲊	tʰwɑ2/tʰuɔ2	
瀢	jwi2/jyi̯2	
瀢	dwɑj3/duoi3	
㰻	ʔˠi2/ʔɨi̯2	
濢	tsʲwi2/tsyi̯2	
濢	tsʲʰwi3/tsʰyi̯3	
噿	tsʲwi2/tsyi̯2	
臎	tsʲwi2/tsyi̯2	
臎	tsʲʰwi3/tsʰyi̯3	
黹	ʈˠi2/ʈi2	
𢾫	ʈˠi2/ʈi2	
夂	ʈˠi2/ʈi2	
𡳭	ʈˠʰi2/ʈʰi2	
𡳭	ʈˠʰi3/ʈʰi3	
𧿲	tʂi2/tʂʅi̯2	
䁤	xʲwi2/hyi̯2	
䁤	xʲwi3/hyi̯3	
跽	ɡˠi3/ɡɨi̯3	
止	tɕi2/tʃi2	
畤	tɕi2/tʃi2	
畤	ʑi3/ʒi3	
畤	ɖˠi3/ɖi3	
沚	tɕi2/tʃi2	
洔	tɕi2/tʃi2	
洔	ɖˠi3/ɖi3	
茝	tɕi2/tʃi2	
茝	tɕʰɛj2/tʃʰiei2	
趾	tɕi2/tʃi2	
址	tɕi2/tʃi2	
阯	tɕi2/tʃi2	
芷	tɕi2/tʃi2	
市	ʑi3/ʒi3	
恃	ʑi3/ʒi3	
𧩼	ʈˠi2/ʈi2	
𧩼	ʈˠʰi3/ʈʰi3	
喜	xˠi2/hɨi̯2	
憙	xˠi2/hɨi̯2	
憙	xˠi3/hɨi̯3	
蟢	xˠi2/hɨi̯2	
紀	kˠi2/kɨi̯2	
己	kˠi2/kɨi̯2	
妀	kˠi2/kɨi̯2	
𠮯	kˠi2/kɨi̯2	
以	ji2/ji2	
㠯	ji2/ji2	
已	ji2/ji2	
已	ji3/ji3	
苡	ji2/ji2	
苢	ji2/ji2	
佁	ji2/ji2	
佁	jɛj2/jiei2	
佁	ʈˠʰi3/ʈʰi3	
攺	ji2/ji2	
攺	zi3/zi3	
似	zi3/zi3	
佀	zi3/zi3	
祀	zi3/zi3	
𥘰	zi3/zi3	
禩	zi3/zi3	
姒	zi3/zi3	
巳	zi3/zi3	
耜	zi3/zi3	
𦓨	zi3/zi3	
汜	zi3/zi3	
泤	zi3/zi3	
鈶	zi3/zi3	
𪊍	zi3/zi3	
史	ʂi2/ʂʅi̯2	
使	ʂi2/ʂʅi̯2	
使	ʂi3/ʂʅi̯3	
駛	ʂi2/ʂʅi̯2	
駛	ʂi3/ʂʅi̯3	
𩰢	ʂi2/ʂʅi̯2	
𩰢	ʂi3/ʂʅi̯3	
耳	ɲi2/ɲʒi2	
洱	ɲi2/ɲʒi2	
洱	ɲi3/ɲʒi3	
駬	ɲi2/ɲʒi2	
䋙	ɲi2/ɲʒi2	
𪕔	ɲi2/ɲʒi2	
里	lˠi2/ɭi2	
裏	lˠi2/ɭi2	
鯉	lˠi2/ɭi2	
李	lˠi2/ɭi2	
理	lˠi2/ɭi2	
娌	lˠi2/ɭi2	
俚	lˠi2/ɭi2	
𨛋	lˠi2/ɭi2	
枲	si2/si2	
𦱓	si2/si2	
𤟧	si2/si2	
葸	si2/si2	
𠪙	si2/si2	
始	ɕi2/ʃi2	
歭	ɖˠi3/ɖi3	
跱	ɖˠi3/ɖi3	
峙	ɖˠi3/ɖi3	
痔	ɖˠi3/ɖi3	
偫	ɖˠi3/ɖi3	
秲	ɖˠi3/ɖi3	
秲	ʑi3/ʒi3	
庤	ɖˠi3/ɖi3	
起	kˠʰi2/kʰɨi̯2	
邔	kˠʰi2/kʰɨi̯2	
邔	ɡˠi3/ɡɨi̯3	
杞	kˠʰi2/kʰɨi̯2	
屺	kˠʰi2/kʰɨi̯2	
玘	kˠʰi2/kʰɨi̯2	
芑	kˠʰi2/kʰɨi̯2	
士	dʐi3/dʐʅi̯3	
仕	dʐi3/dʐʅi̯3	
柹	dʐi3/dʐʅi̯3	
𢨪	dʐi3/dʐʅi̯3	
戺	dʐi3/dʐʅi̯3	
竢	dʐi3/ʐʅi̯3	
涘	dʐi3/ʐʅi̯3	
騃	dʐi3/ʐʅi̯3	
騃	ɴaj2/ŋɯai2	
𥾩	dʐi3/ʐʅi̯3	
𥏳	dʐi3/ʐʅi̯3	
𢓪	dʐi3/ʐʅi̯3	
子	tsi2/tsi2	
㜽	tsi2/tsi2	
虸	tsi2/tsi2	
耔	tsi2/tsi2	
秄	tsi2/tsi2	
梓	tsi2/tsi2	
杍	tsi2/tsi2	
矣	ɰi2/ɨi̯2	
𦮸	ɰi2/ɨi̯2	
擬	ŋˠi2/ŋɨi̯2	
儗	ŋˠi2/ŋɨi̯2	
儗	ŋˠi3/ŋɨi̯3	
儗	ɴɑj3/ŋɑi3	
儗	χɑj3/hɑi3	
薿	ŋˠi2/ŋɨi̯2	
薿	ŋˠɨk4/ŋɨk4	
孴	ŋˠi2/ŋɨi̯2	
孴	jip4/jip4	
譺	ŋˠi2/ŋɨi̯2	
譺	ŋˠi3/ŋɨi̯3	
譺	ɴaj3/ŋɯai3	
𥣖	ŋˠi2/ŋɨi̯2	
齒	tɕʰi2/tʃʰi2	
䊼	tɕʰi2/tʃʰi2	
恥	ʈˠʰi2/ʈʰi2	
祉	ʈˠʰi2/ʈʰi2	
㓼	tʂʰit4/tʂʰʅᵊt4	
欼	tʂʰwaj3/tʂʰuai3	
㱀	tʂʰwaj3/tʂʰuai3	
滓	tʂi2/tʂʅi̯2	
笫	tʂi2/tʂʅi̯2	
胏	tʂi2/tʂʅi̯2	
䔂	tʂi2/tʂʅi̯2	
𠂔	tʂi2/tʂʅi̯2	
醷	ʔˠi2/ʔɨi̯2	
醷	ʔˠɨk4/ʔɨk4	
伱	ɳˠi2/ɳi2	
聻	ɳˠi2/ɳi2	
尾	ɱi2/mvi2	
斖	ɱi2/mvi2	
浘	ɱi2/mvi2	
娓	ɱi2/mvi2	
娓	mˠi3/mɨi̯3	
䞔	ɱi2/mvi2	
䅏	ɱi2/mvi2	
䬿	ɱi2/mvi2	
扆	ʔˠi2/ʔɨi̯2	
偯	ʔˠi2/ʔɨi̯2	
㕈	ʔˠi2/ʔɨi̯2	
㕈	ʔɑj2/ʔɑi2	
㕈	ʔwɑj3/ʔuoi3	
僾	ʔˠi2/ʔɨi̯2	
僾	ʔɑj3/ʔɑi3	
靉	ʔˠi2/ʔɨi̯2	
靉	ʔɑj3/ʔɑi3	
豈	kˠʰi2/kʰɨi̯2	
䔇	kˠʰi2/kʰɨi̯2	
䔇	ʁwɑj3/ɦuoi3	
穖	kˠi2/kɨi̯2	
斐	fʰi2/pfʰi2	
朏	fʰi2/pfʰi2	
朏	pʰɑj2/pʰuoi2	
悱	fʰi2/pfʰi2	
𩦎	fʰi2/pfʰi2	
奜	fʰi2/pfʰi2	
匪	fi2/pfi2	
篚	fi2/pfi2	
棐	fi2/pfi2	
榧	fi2/pfi2	
䕁	fi2/pfi2	
蜚	fi2/pfi2	
蜚	vi3/bvi3	
韙	ɰwi2/ɨui2	
煒	ɰwi2/ɨui2	
暐	ɰwi2/ɨui2	
偉	ɰwi2/ɨui2	
瑋	ɰwi2/ɨui2	
葦	ɰwi2/ɨui2	
椲	ɰwi2/ɨui2	
韡	ɰwi2/ɨui2	
𩘚	ɰwi2/ɨui2	
愇	ɰwi2/ɨui2	
𢯷	ɰwi2/ɨui2	
鬼	kˠwi2/kɨui2	
𤈦	xˠwi2/hɨui2	
𩄁	xˠwi2/hɨui2	
虫	xˠwi2/hɨui2	
卉	xˠwi2/hɨui2	
卉	xˠwi3/hɨui3	
顗	ŋˠi2/ŋɨi̯2	
霼	xˠi2/hɨi̯2	
霼	xˠi3/hɨi̯3	
唏	xˠi2/hɨi̯2	
唏	xˠi3/hɨi̯3	
磈	ʔˠwi2/ʔɨui2	
磈	qʰwɑj2/kʰuoi2	
膹	vi3/bvi3	
膹	vun3/bvun3	
䆏	vi3/bvi3	
陫	vi3/bvi3	
䒈	vi3/bvi3	
語	ŋˠɨ2/ŋɨ̯u2	
語	ŋˠɨ3/ŋɨ̯u3	
篽	ŋˠɨ2/ŋɨ̯u2	
籞	ŋˠɨ2/ŋɨ̯u2	
圉	ŋˠɨ2/ŋɨ̯u2	
敔	ŋˠɨ2/ŋɨ̯u2	
圄	ŋˠɨ2/ŋɨ̯u2	
䥏	ŋˠɨ2/ŋɨ̯u2	
禦	ŋˠɨ2/ŋɨ̯u2	
蘌	ŋˠɨ2/ŋɨ̯u2	
呂	lˠɨ2/ɭɨ̯u2	
膂	lˠɨ2/ɭɨ̯u2	
旅	lˠɨ2/ɭɨ̯u2	
𥰠	lˠɨ2/ɭɨ̯u2	
祣	lˠɨ2/ɭɨ̯u2	
穭	lˠɨ2/ɭɨ̯u2	
梠	lˠɨ2/ɭɨ̯u2	
儢	lˠɨ2/ɭɨ̯u2	
侶	lˠɨ2/ɭɨ̯u2	
㭚	lˠɨ2/ɭɨ̯u2	
郘	lˠɨ2/ɭɨ̯u2	
絽	lˠɨ2/ɭɨ̯u2	
𢈚	lˠɨ2/ɭɨ̯u2	
佇	ɖˠɨ3/ɖɨ̯u3	
竚	ɖˠɨ3/ɖɨ̯u3	
芧	ɖˠɨ3/ɖɨ̯u3	
苧	ɖˠɨ3/ɖɨ̯u3	
紵	ɖˠɨ3/ɖɨ̯u3	
杼	ɖˠɨ3/ɖɨ̯u3	
杼	ʑɨ3/ʒɨ̯u3	
羜	ɖˠɨ3/ɖɨ̯u3	
眝	ɖˠɨ3/ɖɨ̯u3	
与	jɨ2/jɨ̯u2	
𢌱	jɨ2/jɨ̯u2	
䰞	tɕɨ2/tʃɨ̯u2	
煑	tɕɨ2/tʃɨ̯u2	
陼	tɕɨ2/tʃɨ̯u2	
渚	tɕɨ2/tʃɨ̯u2	
汝	ɲɨ2/ɲʒɨ̯u2	
肗	ɲɨ2/ɲʒɨ̯u2	
𪏮	ɲɨ2/ɲʒɨ̯u2	
暑	ɕɨ2/ʃɨ̯u2	
鼠	ɕɨ2/ʃɨ̯u2	
黍	ɕɨ2/ʃɨ̯u2	
𧑓	ɕɨ2/ʃɨ̯u2	
癙	ɕɨ2/ʃɨ̯u2	
杵	tɕʰɨ2/tʃʰɨ̯u2	
處	tɕʰɨ2/tʃʰɨ̯u2	
處	tɕʰɨ3/tʃʰɨ̯u3	
貯	ʈˠɨ2/ʈɨ̯u2	
𡪄	ʈˠɨ2/ʈɨ̯u2	
𢁼	ʈˠɨ2/ʈɨ̯u2	
褚	ʈˠɨ2/ʈɨ̯u2	
褚	ʈˠʰɨ2/ʈʰɨ̯u2	
𤲑	ʈˠɨ2/ʈɨ̯u2	
䍆	ʈˠɨ2/ʈɨ̯u2	
詝	ʈˠɨ2/ʈɨ̯u2	
䘢	ʈˠɨ2/ʈɨ̯u2	
醑	sʲɨ2/sɨ̯u2	
糈	sʲɨ2/sɨ̯u2	
糈	ʂɨ2/ʂʅu2	
𥚩	sʲɨ2/sɨ̯u2	
楮	ʈˠʰɨ2/ʈʰɨ̯u2	
楮	tu2/tu2	
柠	ʈˠʰɨ2/ʈʰɨ̯u2	
女	ɳˠɨ2/ɳɨ̯u2	
女	ɳˠɨ3/ɳɨ̯u3	
籹	ɳˠɨ2/ɳɨ̯u2	
許	xˠɨ2/hɨ̯u2	
鄦	xˠɨ2/hɨ̯u2	
巨	ɡˠɨ3/ɡɨ̯u3	
拒	ɡˠɨ3/ɡɨ̯u3	
秬	ɡˠɨ3/ɡɨ̯u3	
距	ɡˠɨ3/ɡɨ̯u3	
𧣒	ɡˠɨ3/ɡɨ̯u3	
炬	ɡˠɨ3/ɡɨ̯u3	
粔	ɡˠɨ3/ɡɨ̯u3	
𧇽	ɡˠɨ3/ɡɨ̯u3	
虡	ɡˠɨ3/ɡɨ̯u3	
鉅	ɡˠɨ3/ɡɨ̯u3	
苣	ɡˠɨ3/ɡɨ̯u3	
駏	ɡˠɨ3/ɡɨ̯u3	
𦊐	ɡˠɨ3/ɡɨ̯u3	
詎	ɡˠɨ3/ɡɨ̯u3	
歫	ɡˠɨ3/ɡɨ̯u3	
䶙	ɡˠɨ3/ɡɨ̯u3	
所	ʂɨ2/ʂʅu2	
𠩄	ʂɨ2/ʂʅu2	
齭	ʂɨ2/ʂʅu2	
齭	tʂʰɨ2/tʂʰʅu2	
盨	ʂɨ2/ʂʅu2	
䝪	ʂɨ2/ʂʅu2	
楚	tʂʰɨ2/tʂʰʅu2	
楚	tʂʰɨ3/tʂʰʅu3	
礎	tʂʰɨ2/tʂʰʅu2	
齼	tʂʰɨ2/tʂʰʅu2	
𪓐	tʂʰɨ2/tʂʰʅu2	
䙘	tʂʰɨ2/tʂʰʅu2	
䙘	tsʲɨwk4/tsɨuk4	
憷	tʂʰɨ2/tʂʰʅu2	
濋	tʂʰɨ2/tʂʰʅu2	
阻	tʂɨ2/tʂʅu2	
阻	tʂɨ3/tʂʅu3	
俎	tʂɨ2/tʂʅu2	
齟	dʐɨ3/dʐʅu3	
咀	dzʲɨ3/dzɨ̯u3	
咀	tsʲɨ2/tsɨ̯u2	
跙	dzʲɨ3/dzɨ̯u3	
𧽟	dzʲɨ3/dzɨ̯u3	
𢮁	ʔˠɨ2/ʔɨ̯u2	
𢮁	ʔˠɨ3/ʔɨ̯u3	
𩩘	ʔˠɨ2/ʔɨ̯u2	
舉	kˠɨ2/kɨ̯u2	
莒	kˠɨ2/kɨ̯u2	
櫸	kˠɨ2/kɨ̯u2	
筥	kˠɨ2/kɨ̯u2	
𧺹	kˠɨ2/kɨ̯u2	
弆	kˠɨ2/kɨ̯u2	
弆	kˠʰɨ2/kʰɨ̯u2	
柜	kˠɨ2/kɨ̯u2	
䢹	kˠɨ2/kɨ̯u2	
𠢈	kˠɨ2/kɨ̯u2	
敘	zʲɨ3/zɨ̯u3	
緒	zʲɨ3/zɨ̯u3	
序	zʲɨ3/zɨ̯u3	
漵	zʲɨ3/zɨ̯u3	
抒	zʲɨ3/zɨ̯u3	
抒	ʑɨ3/ʒɨ̯u3	
嶼	zʲɨ3/zɨ̯u3	
鱮	zʲɨ3/zɨ̯u3	
𨣦	zʲɨ3/zɨ̯u3	
𥎗	zʲɨ3/zɨ̯u3	
𡱣	zʲɨ3/zɨ̯u3	
𡱣	jɨ3/jɨ̯u3	
去	kˠʰɨ2/kʰɨ̯u2	
去	kˠʰɨ3/kʰɨ̯u3	
麮	kˠʰɨ2/kʰɨ̯u2	
麮	kˠʰɨ3/kʰɨ̯u3	
𧉧	kˠʰɨ2/kʰɨ̯u2	
野	ʑɨ3/ʒɨ̯u3	
野	ja2/jia2	
墅	ʑɨ3/ʒɨ̯u3	
䃊	tsʲɨ2/tsɨ̯u2	
䃊	tsʲɛk4/tsiek4	
俁	ŋˠu2/ŋɨ̯u2	
噳	ŋˠu2/ŋɨ̯u2	
羽	ɰu2/ɨ̯u2	
羽	ɰu3/ɨ̯u3	
禹	ɰu2/ɨ̯u2	
雨	ɰu2/ɨ̯u2	
雨	ɰu3/ɨ̯u3	
宇	ɰu2/ɨ̯u2	
㝢	ɰu2/ɨ̯u2	
瑀	ɰu2/ɨ̯u2	
祤	ɰu2/ɨ̯u2	
祤	xˠu2/hɨ̯u2	
栩	ɰu2/ɨ̯u2	
栩	xˠu2/hɨ̯u2	
鄅	ɰu2/ɨ̯u2	
楀	ɰu2/ɨ̯u2	
楀	kˠu2/kɨ̯u2	
萭	ɰu2/ɨ̯u2	
萭	kˠu2/kɨ̯u2	
䣁	ɰu2/ɨ̯u2	
聥	ɰu2/ɨ̯u2	
聥	kˠu2/kɨ̯u2	
䨞	ɰu2/ɨ̯u2	
聚	dzʲu3/dzɨ̯u3	
甫	fu2/pfu2	
脯	fu2/pfu2	
斧	fu2/pfu2	
頫	fu2/pfu2	
頫	tʲʰɛw3/tʰieu3	
俯	fu2/pfu2	
府	fu2/pfu2	
腑	fu2/pfu2	
黼	fu2/pfu2	
莆	fu2/pfu2	
𧉊	fu2/pfu2	
俌	fu2/pfu2	
俌	fʰu2/pfʰu2	
㕮	fu2/pfu2	
㕮	vu3/bvu3	
父	fu2/pfu2	
父	vu3/bvu3	
𥒰	fu2/pfu2	
蚥	fu2/pfu2	
蚥	vu3/bvu3	
武	ɱu2/mvu2	
舞	ɱu2/mvu2	
儛	ɱu2/mvu2	
嫵	ɱu2/mvu2	
侮	ɱu2/mvu2	
㒇	ɱu2/mvu2	
珷	ɱu2/mvu2	
碔	ɱu2/mvu2	
廡	ɱu2/mvu2	
𢋑	ɱu2/mvu2	
甒	ɱu2/mvu2	
潕	ɱu2/mvu2	
鵡	ɱu2/mvu2	
䳇	ɱu2/mvu2	
䳇	mɨw2/muəu2	
娬	ɱu2/mvu2	
敄	ɱu2/mvu2	
敄	ɱu3/mvu3	
䒉	ɱu2/mvu2	
𣞤	ɱu2/mvu2	
輔	vu3/bvu3	
䩉	vu3/bvu3	
𩒺	vu3/bvu3	
腐	vu3/bvu3	
𩾿	vu3/bvu3	
滏	vu3/bvu3	
䭸	vu3/bvu3	
㾈	vu3/bvu3	
鬴	vu3/bvu3	
釜	vu3/bvu3	
䪔	vu3/bvu3	
撫	fʰu2/pfʰu2	
𢻬	fʰu2/pfʰu2	
弣	fʰu2/pfʰu2	
𠛺	fʰu2/pfʰu2	
拊	fʰu2/pfʰu2	
殕	fʰu2/pfʰu2	
殕	fɨw2/pfuəu2	
殕	ʔɨk4/ʔək4	
䋨	fʰu2/pfʰu2	
剖	fʰu2/pfʰu2	
剖	pʰɨw2/pʰuəu2	
䌗	fʰu2/pfʰu2	
𦵿	fʰu2/pfʰu2	
柱	ɖˠu3/ɖɨ̯u3	
柱	ʈˠu2/ʈɨ̯u2	
跓	ɖˠu3/ɖɨ̯u3	
嵀	ɖˠu3/ɖɨ̯u3	
詡	xˠu2/hɨ̯u2	
冔	xˠu2/hɨ̯u2	
珝	xˠu2/hɨ̯u2	
喣	xˠu2/hɨ̯u2	
煦	xˠu2/hɨ̯u2	
煦	xˠu3/hɨ̯u3	
豎	ʑu3/ʒɨ̯u3	
竪	ʑu3/ʒɨ̯u3	
樹	ʑu3/ʒɨ̯u3	
裋	ʑu3/ʒɨ̯u3	
庾	ju2/jɨ̯u2	
窳	ju2/jɨ̯u2	
𥦠	ju2/jɨ̯u2	
愈	ju2/jɨ̯u2	
㼌	ju2/jɨ̯u2	
貐	ju2/jɨ̯u2	
斞	ju2/jɨ̯u2	
主	tɕu2/tʃɨ̯u2	
麈	tɕu2/tʃɨ̯u2	
枓	tɕu2/tʃɨ̯u2	
枓	tɨw2/təu2	
宔	tɕu2/tʃɨ̯u2	
炷	tɕu2/tʃɨ̯u2	
炷	tɕu3/tʃɨ̯u3	
傴	ʔˠu2/ʔɨ̯u2	
噢	ʔˠu2/ʔɨ̯u2	
噢	ʔˠɨwk4/ʔɨuk4	
齲	kˠʰu2/kʰɨ̯u2	
踽	kˠʰu2/kʰɨ̯u2	
踽	kˠu2/kɨ̯u2	
竘	kˠʰu2/kʰɨ̯u2	
竘	qʰɨw2/kʰəu2	
拄	ʈˠu2/ʈɨ̯u2	
丶	ʈˠu2/ʈɨ̯u2	
𪐴	ʈˠu2/ʈɨ̯u2	
乳	ɲu2/ɲʒɨ̯u2	
窶	ɡˠu3/ɡɨ̯u3	
貗	ɡˠu3/ɡɨ̯u3	
數	ʂu2/ʂʅu2	
數	ʂu3/ʂʅu3	
數	ʂawk4/ʂɯak4	
籔	ʂu2/ʂʅu2	
籔	sɨw2/səu2	
矩	kˠu2/kɨ̯u2	
榘	kˠu2/kɨ̯u2	
䅓	kˠu2/kɨ̯u2	
蒟	kˠu2/kɨ̯u2	
蒟	kˠu3/kɨ̯u3	
椇	kˠu2/kɨ̯u2	
取	tsʲʰu2/tsʰɨ̯u2	
取	tsʰɨw2/tsʰəu2	
縷	lˠu2/ɭɨ̯u2	
漊	lˠu2/ɭɨ̯u2	
漊	lɨw2/ləu2	
𪈜	lˠu2/ɭɨ̯u2	
㜢	lˠu2/ɭɨ̯u2	
𦭯	lˠu2/ɭɨ̯u2	
䅡	sʲu2/sɨ̯u2	
䝒	dʐu3/dʐʅu3	
𧱛	dʐu3/dʐʅu3	
姥	mu2/mu2	
莽	mu2/mu2	
莽	mɑŋ2/muɔŋ2	
莽	mɨw2/muəu2	
䥈	mu2/mu2	
䥈	mɑŋ2/muɔŋ2	
媽	mu2/mu2	
峔	mu2/mu2	
土	tʰu2/tʰu2	
土	du3/du3	
吐	tʰu2/tʰu2	
吐	tʰu3/tʰu3	
芏	tʰu2/tʰu2	
杜	du3/du3	
靯	du3/du3	
𡍨	du3/du3	
𢾅	du3/du3	
肚	du3/du3	
肚	tu2/tu2	
𥀁	du3/du3	
𥀁	tu2/tu2	
荰	du3/du3	
魯	lu2/lu2	
櫓	lu2/lu2	
滷	lu2/lu2	
滷	tɕʰɛk4/tʃʰiek4	
滷	dʲɛk4/diek4	
虜	lu2/lu2	
擄	lu2/lu2	
𢲸	lu2/lu2	
樐	lu2/lu2	
艣	lu2/lu2	
鐪	lu2/lu2	
蓾	lu2/lu2	
𧀦	lu2/lu2	
鹵	lu2/lu2	
㔪	lu2/lu2	
鏀	lu2/lu2	
䲐	lu2/lu2	
覩	tu2/tu2	
睹	tu2/tu2	
暏	tu2/tu2	
賭	tu2/tu2	
堵	tu2/tu2	
堵	tɕa2/tʃia2	
帾	tu2/tu2	
㕆	tu2/tu2	
㕆	ʁu3/ɦu3	
䁈	tu2/tu2	
䁈	kʲʰɛj3/kʰiei3	
古	qu2/ku2	
鼓	qu2/ku2	
鼔	qu2/ku2	
瞽	qu2/ku2	
股	qu2/ku2	
𦙶	qu2/ku2	
罟	qu2/ku2	
蠱	qu2/ku2	
估	qu2/ku2	
鈷	qu2/ku2	
羖	qu2/ku2	
𦍩	qu2/ku2	
詁	qu2/ku2	
牯	qu2/ku2	
賈	qu2/ku2	
賈	qa2/kɯa2	
賈	qa3/kɯa3	
夃	qu2/ku2	
焸	qu2/ku2	
𠑹	qu2/ku2	
𥂩	qu2/ku2	
五	ɴu2/ŋu2	
午	ɴu2/ŋu2	
旿	ɴu2/ŋu2	
伍	ɴu2/ŋu2	
仵	ɴu2/ŋu2	
簿	bu3/bu3	
簿	bɑk4/buɔk4	
部	bu3/bu3	
部	bɨw3/buəu3	老
粗	dzu3/dzu3	
麆	dzu3/dzu3	
麆	dʐɨ3/dʐʅu3	
駔	dzu3/dzu3	
駔	tsɑŋ2/tsɑŋ2	
祖	tsu2/tsu2	
珇	tsu2/tsu2	
組	tsu2/tsu2	
䔃	tsu2/tsu2	
靻	tsu2/tsu2	
虎	χu2/hu2	
琥	χu2/hu2	
戽	χu2/hu2	
戽	ʁu3/ɦu3	
戽	χu3/hu3	
滸	χu2/hu2	
𨛵	χu2/hu2	
萀	χu2/hu2	
䗂	χu2/hu2	
隖	ʔu2/ʔu2	
塢	ʔu2/ʔu2	
䃖	ʔu2/ʔu2	
𢄓	ʔu2/ʔu2	
溩	ʔu2/ʔu2	
䛩	ʔu2/ʔu2	
𧽋	ʔu2/ʔu2	
䡧	ʔu2/ʔu2	
苦	qʰu2/kʰu2	
苦	qʰu3/kʰu3	
𥯶	qʰu2/kʰu2	
怒	nu2/nu2	
怒	nu3/nu3	
弩	nu2/nu2	
努	nu2/nu2	
𧉭	nu2/nu2	
戶	ʁu3/ɦu3	
楛	ʁu3/ɦu3	
扈	ʁu3/ɦu3	
怙	ʁu3/ɦu3	
鄠	ʁu3/ɦu3	
帍	ʁu3/ɦu3	
祜	ʁu3/ɦu3	
昈	ʁu3/ɦu3	
𡻮	ʁu3/ɦu3	
岵	ʁu3/ɦu3	
芐	ʁu3/ɦu3	
芐	ʁa3/ɦɯa3	
雇	ʁu3/ɦu3	
雇	qu3/ku3	
𩿇	ʁu3/ɦu3	
𪄮	ʁu3/ɦu3	
𨛸	ʁu3/ɦu3	
婟	ʁu3/ɦu3	
𡜂	ʁu3/ɦu3	
滬	ʁu3/ɦu3	
簄	ʁu3/ɦu3	
普	pʰu2/pʰu2	
溥	pʰu2/pʰu2	
溥	pɑk4/puɔk4	
浦	pʰu2/pʰu2	
烳	pʰu2/pʰu2	
補	pu2/pu2	
譜	pu2/pu2	
圃	pu2/pu2	
圃	pu3/pu3	
鱭	dzʲɛj3/dziei3	
禮	lʲɛj2/liei2	
礼	lʲɛj2/liei2	
𥴡	lʲɛj2/liei2	
𦫈	lʲɛj2/liei2	
澧	lʲɛj2/liei2	
醴	lʲɛj2/liei2	
鱧	lʲɛj2/liei2	
鱺	lʲɛj2/liei2	
𩽵	lʲɛj2/liei2	
欚	lʲɛj2/liei2	
豊	lʲɛj2/liei2	
體	tʲʰɛj2/tʰiei2	
軆	tʲʰɛj2/tʰiei2	
涕	tʲʰɛj2/tʰiei2	
涕	tʲʰɛj3/tʰiei3	
䪆	tʲʰɛj2/tʰiei2	
挮	tʲʰɛj2/tʰiei2	
𣈡	tʲʰɛj2/tʰiei2	
䫌	pʲʰɛj2/pʰiei2	
濟	tsʲɛj2/tsiei2	
濟	tsʲɛj3/tsiei3	
䍤	tsʲɛj2/tsiei2	
𠨍	tsʲɛj2/tsiei2	
邸	tʲɛj2/tiei2	
底	tʲɛj2/tiei2	
䏄	tʲɛj2/tiei2	
抵	tʲɛj2/tiei2	
牴	tʲɛj2/tiei2	
觝	tʲɛj2/tiei2	
㪆	tʲɛj2/tiei2	
軧	tʲɛj2/tiei2	
弟	dʲɛj3/diei3	
娣	dʲɛj3/diei3	
悌	dʲɛj3/diei3	
䑯	dʲɛj3/diei3	
遞	dʲɛj3/diei3	
㼵	dʲɛj3/diei3	
禰	nʲɛj2/niei2	
嬭	nʲɛj2/niei2	
嬭	ɳaj2/ɳɯai2	
苨	nʲɛj2/niei2	
𩋪	nʲɛj2/niei2	
𦰫	nʲɛj2/niei2	
坭	nʲɛj2/niei2	
𩯨	nʲɛj2/niei2	
薾	nʲɛj2/niei2	
鑈	nʲɛj2/niei2	
鑈	nʲɛp4/niep4	
𩍦	nʲɛj2/niei2	
洗	sʲɛj2/siei2	
洗	sʲɛn2/sien2	
洒	sʲɛj2/siei2	
洒	ʂaj3/ʂɯai3	
皉	tsʲʰɛj2/tsʰiei2	
啓	kʲʰɛj2/kʰiei2	
棨	kʲʰɛj2/kʰiei2	
綮	kʲʰɛj2/kʰiei2	
䭬	kʲʰɛj2/kʰiei2	
晵	kʲʰɛj2/kʰiei2	
晵	kʲʰɛn3/kʰien3	
闙	kʲʰɛj2/kʰiei2	
启	kʲʰɛj2/kʰiei2	
䏿	kʲʰɛj2/kʰiei2	
䏿	kʲʰɛj3/kʰiei3	
㒅	kʲʰɛj2/kʰiei2	
䡔	kʲʰɛj2/kʰiei2	
謑	ɣʲɛj3/ɦiei3	
謑	χaj3/hɯai3	
謑	χa3/hɯa3	
𥰥	ɣʲɛj3/ɦiei3	
𦩶	ɣʲɛj3/ɦiei3	
涀	ɣʲɛj3/ɦiei3	
涀	kʲʰɛn3/kʰien3	
涀	ɣʲɛn3/ɦien3	
𧧹	ɣʲɛj3/ɦiei3	
匸	ɣʲɛj3/ɦiei3	
𥉐	ɣʲɛj3/ɦiei3	
米	mʲɛj2/miei2	
眯	mʲɛj2/miei2	
䋛	mʲɛj2/miei2	
洣	mʲɛj2/miei2	
蔝	mʲɛj2/miei2	
䱊	mʲɛj2/miei2	
陛	bʲɛj3/biei3	
䯗	bʲɛj3/biei3	
㙄	bʲɛj3/biei3	
𤙞	bʲɛj3/biei3	
𠈺	bʲɛj3/biei3	
𠯋	ʔʲɛj2/ʔiei2	
堄	ŋʲɛj2/ŋiei2	
堄	ŋʲɛj3/ŋiei3	
晲	ŋʲɛj2/ŋiei2	
㪏	pʲɛj2/piei2	
㪏	pʲɛj3/piei3	
𤽊	pʲɛj2/piei2	
蟹	ʁaj3/ɦɯai3	
䲒	ʁaj3/ɦɯai3	
解	ʁa3/ɦɯa3	
解	qa2/kɯa2	
解	qa3/kɯa3	
解	ʁaj3/ɦɯai3	
解	qaj2/kɯai2	
解	qaj3/kɯai3	
獬	ʁaj3/ɦɯai3	
澥	ʁaj3/ɦɯai3	
嶰	ʁaj3/ɦɯai3	
𨼬	ʁaj3/ɦɯai3	
買	maj2/muai2	
嘪	maj2/muai2	
蕒	maj2/muai2	
㵋	maj2/muai2	
㵋	mʲɛk4/miek4	
鷶	maj2/muai2	
䒓	qʰaj2/kʰɯai2	
𡢖	qʰaj2/kʰɯai2	
𡢖	kʲʰɛj3/kʰiei3	
𡢖	qʰaj3/kʰɯai3	
𧳋	ɖaj3/ɖɯai3	
㚷	ɳaj2/ɳɯai2	
矲	baj3/buai3	
䥯	baj3/buai3	
𢞎	baj3/buai3	
㔥	baj3/buai3	
矮	ʔaj2/ʔɯai2	
㢊	ʔaj2/ʔɯai2	
躷	ʔaj2/ʔɯai2	
擺	paj2/puai2	
捭	paj2/puai2	
檞	qaj2/kɯai2	
𠁥	qwaj2/kuai2	
𠁥	qwa2/kua2	
枴	qwaj2/kuai2	
㧳	qat4/kɯat4	
夥	ʁwaj3/ɦuai3	
夥	ʁwɑ3/ɦuɔ3	
箉	daj3/dɯai3	
拐	qwaj2/kuai2	
駭	ʁaj3/ɦɯai3	
駴	ʁaj3/ɦɯai3	
𠢲	qʰaj2/kʰɯai2	
𥏪	qʰaj2/kʰɯai2	
𤶗	ɴaj2/ŋɯai2	
𧡋	ɴaj2/ŋɯai2	
挨	ʔaj2/ʔɯai2	
挨	ʔɑj2/ʔɑi2	
賄	χwɑj2/huoi2	
𧶅	χwɑj2/huoi2	
䏨	χwɑj2/huoi2	
燘	χwɑj2/huoi2	
燘	mɑj2/muoi2	
悔	χwɑj2/huoi2	
悔	χwɑj3/huoi3	
㷄	χwɑj2/huoi2	
㷄	qwɑn3/kuon3	
猥	ʔwɑj2/ʔuoi2	
腲	ʔwɑj2/ʔuoi2	
鍡	ʔwɑj2/ʔuoi2	
㛱	ʔwɑj2/ʔuoi2	
𥓔	ʔwɑj2/ʔuoi2	
㱬	ʔwɑj2/ʔuoi2	
㞇	ʔwɑj2/ʔuoi2	
𨝀	ʔwɑj2/ʔuoi2	
𨝀	ʁwɑj3/ɦuoi3	
磥	lwɑj2/luoi2	
磊	lwɑj2/luoi2	
癗	lwɑj2/luoi2	
𡾋	lwɑj2/luoi2	
礧	lwɑj2/luoi2	
礧	lwɑj3/luoi3	
䣂	lwɑj2/luoi2	
䣂	lwɑj3/luoi3	
㵽	lwɑj2/luoi2	
𡼊	lwɑj2/luoi2	
蕾	lwɑj2/luoi2	
𨻾	lwɑj2/luoi2	
𦢏	lwɑj2/luoi2	
頛	lwɑj2/luoi2	
陮	dwɑj3/duoi3	
𨯝	dwɑj3/duoi3	
𦶏	dwɑj3/duoi3	
辠	dzwɑj3/dzuoi3	
罪	dzwɑj3/dzuoi3	
浼	mɑj2/muoi2	
潣	mɑj2/muoi2	
潣	mˠin2/mɨn2	
每	mɑj2/muoi2	
每	mɑj3/muoi3	
挴	mɑj2/muoi2	
䜸	mɑj2/muoi2	
骽	tʰwɑj2/tʰuoi2	
腿	tʰwɑj2/tʰuoi2	
聉	tʰwɑj2/tʰuoi2	
聉	ŋˠit4/ŋɨt4	
聉	ʈwat4/ʈuat4	
聉	ɴwat4/ŋuat4	
僓	tʰwɑj2/tʰuoi2	
僓	ʁwɑj3/ɦuoi3	
脮	tʰwɑj2/tʰuoi2	
脮	nwɑj2/nuoi2	
㟎	tʰwɑj2/tʰuoi2	
㟎	tʰwɑ2/tʰuɔ2	
㱣	tʰwɑj2/tʰuoi2	
㞂	tʰwɑj2/tʰuoi2	
瘣	ʁwɑj3/ɦuoi3	
㱱	ʁwɑj3/ɦuoi3	
䜋	ʁwɑj3/ɦuoi3	
廆	ʁwɑj3/ɦuoi3	
輠	ʁwɑj3/ɦuoi3	
輠	qwɑ2/kuɔ2	
輠	ʁwɑ3/ɦuɔ3	
輠	ʁwa3/ɦua3	
㚍	qʰwɑj2/kʰuoi2	
𦞙	twɑj2/tuoi2	
䇏	twɑj2/tuoi2	
𡑈	twɑj2/tuoi2	
謉	twɑj2/tuoi2	
謉	kˠwi3/kɨui3	
餧	nwɑj2/nuoi2	
餧	ʔˠwi3/ʔɨui3	
餒	nwɑj2/nuoi2	
娞	nwɑj2/nuoi2	
𩗔	nwɑj2/nuoi2	
鮾	nwɑj2/nuoi2	
㼏	nwɑj2/nuoi2	
𩬳	twɑj2/tuoi2	
顡	ɴwɑj2/ŋuoi2	
顡	ŋˠi3/ŋɨi̯3	
顡	ʈwaj3/ʈuai3	
隗	ɴwɑj2/ŋuoi2	
䃬	ɴwɑj2/ŋuoi2	
皠	tsʰwɑj2/tsʰuoi2	
𣿒	tsʰwɑj2/tsʰuoi2	
𣿓	tsʰwɑj2/tsʰuoi2	
漼	tsʰwɑj2/tsʰuoi2	
璀	tsʰwɑj2/tsʰuoi2	
𥼺	tsʰwɑj2/tsʰuoi2	
䊫	tsʰwɑj2/tsʰuoi2	
鏙	tsʰwɑj2/tsʰuoi2	
琲	bɑj3/buoi3	
𢳁	bɑj3/buoi3	
嶊	tswɑj2/tsuoi2	
洅	tswɑj2/tsuoi2	
海	χɑj2/hɑi2	
醢	χɑj2/hɑi2	
愷	qʰɑj2/kʰɑi2	
凱	qʰɑj2/kʰɑi2	
颽	qʰɑj2/kʰɑi2	
塏	qʰɑj2/kʰɑi2	
暟	qʰɑj2/kʰɑi2	
鎧	qʰɑj2/kʰɑi2	
鎧	qʰɑj3/kʰɑi3	
闓	qʰɑj2/kʰɑi2	
闓	qʰɑj3/kʰɑi3	
輆	qʰɑj2/kʰɑi2	
宰	tsɑj2/tsɑi2	
縡	tsɑj2/tsɑi2	
縡	tsɑj3/tsɑi3	
䏁	tsɑj2/tsɑi2	
載	tsɑj2/tsɑi2	
載	tsɑj3/tsɑi3	
載	dzɑj3/dzɑi3	
殆	dɑj3/dɑi3	
待	dɑj3/dɑi3	
怠	dɑj3/dɑi3	
迨	dɑj3/dɑi3	
𨽿	dɑj3/dɑi3	
紿	dɑj3/dɑi3	
軩	dɑj3/dɑi3	
𠷂	dɑj3/dɑi3	
乃	nɑj2/nɑi2	
迺	nɑj2/nɑi2	
鼐	nɑj2/nɑi2	
鼐	nɑj3/nɑi3	
改	qɑj2/kɑi2	
絠	qɑj2/kɑi2	
亥	ʁɑj3/ɦɑi3	
㧡	ʁɑj3/ɦɑi3	
𥩲	ʁɑj3/ɦɑi3	
啡	pʰɑj2/pʰuoi2	
采	tsʰɑj2/tsʰɑi2	
採	tsʰɑj2/tsʰɑi2	
綵	tsʰɑj2/tsʰɑi2	
寀	tsʰɑj2/tsʰɑi2	
彩	tsʰɑj2/tsʰɑi2	
䰂	tsʰɑj2/tsʰɑi2	
䰂	tsʰɑj3/tsʰɑi3	
㥒	tsʰɑj2/tsʰɑi2	
等	tɑj2/tɑi2	
等	tɨŋ2/təŋ2	
䆀	mɑj2/muoi2	
䆀	mɑj3/muoi3	
在	dzɑj3/dzɑi3	
俖	pʰɑj2/pʰuoi2	
㘆	tʰɑj2/tʰɑi2	
疓	nɑj2/nɑi2	
𨦂	lɑj2/lɑi2	
䑂	jɛj2/jiei2	
𦚪	jɛj2/jiei2	
倍	bɑj3/buoi3	
蓓	bɑj3/buoi3	
軫	tɕin2/tʃin2	
胗	tɕin2/tʃin2	
胗	kʲin2/kin2	
疹	tɕin2/tʃin2	
賑	tɕin2/tʃin2	
賑	tɕin3/tʃin3	
㐱	tɕin2/tʃin2	
鬒	tɕin2/tʃin2	
紾	tɕin2/tʃin2	
紾	ʈˠɛn2/ʈien2	
𦕑	tɕin2/tʃin2	
診	tɕin2/tʃin2	
診	ɖˠin3/ɖin3	
袗	tɕin2/tʃin2	
袗	tɕin3/tʃin3	
裖	tɕin2/tʃin2	
眕	tɕin2/tʃin2	
䪾	tɕin2/tʃin2	
䪾	tɕin3/tʃin3	
𠘱	tɕin2/tʃin2	
腎	ʑin3/ʒin3	
蜃	ʑin3/ʒin3	
祳	ʑin3/ʒin3	
脤	ʑin3/ʒin3	
㰮	ʑin3/ʒin3	
鋠	ʑin3/ʒin3	
忍	ɲin2/ɲʒin2	
荵	ɲin2/ɲʒin2	
涊	ɲin2/ɲʒin2	
涊	nʲɛn2/nien2	
矤	ɕin2/ʃin2	
矧	ɕin2/ʃin2	
訠	ɕin2/ʃin2	
哂	ɕin2/ʃin2	
弞	ɕin2/ʃin2	
弞	jin2/jin2	
頣	ɕin2/ʃin2	
僯	lˠin2/ɭin2	
𩕔	lˠin2/ɭin2	
𩕔	lˠin3/ɭin3	
橉	lˠin2/ɭin2	
橉	lˠin3/ɭin3	
撛	lˠin2/ɭin2	
撛	lˠin3/ɭin3	
紖	ɖˠin3/ɖin3	
䏖	ɖˠin3/ɖin3	
䏖	jin2/jin2	
䏖	jin3/jin3	
䀕	ɖˠin3/ɖin3	
眹	ɖˠin3/ɖin3	
緊	kʲin2/kin2	
𦜌	kʲin2/kin2	
𤷌	kʲin2/kin2	
盡	dzʲin3/dzin3	
盡	tsʲin2/tsin2	
㯸	tsʲin2/tsin2	
髕	bʲin3/bin3	
臏	bʲin3/bin3	
磭	ŋˠin2/ŋɨn2	
磭	tɕʰɑk4/tʃʰɨɔk4	
磭	ŋˠɑk4/ŋɨɔk4	
𪙤	ŋˠin2/ŋɨn2	
听	ŋˠin2/ŋɨn2	
笉	ɰun2/ɨun2	
窘	ɡˠun3/ɡɨun3	
僒	ɡˠun3/ɡɨun3	
㖥	ɡˠun3/ɡɨun3	
㻒	ɡˠun3/ɡɨun3	
菌	ɡˠun3/ɡɨun3	
菌	ɡˠwɛn3/ɡʉon3	
䐃	ɡˠun3/ɡɨun3	
蔨	ɡˠun3/ɡɨun3	
蔨	ɡˠwɛn3/ɡʉon3	
引	jin2/jin2	
引	jin3/jin3	
𢎢	jin2/jin2	
蚓	jin2/jin2	
𠻤	jin2/jin2	
𠻤	jɛn2/jien2	
𠻤	jɛn3/jien3	
𢯼	jin2/jin2	
𢯼	jin3/jin3	
濥	jin2/jin2	
濥	jin3/jin3	
廴	jin2/jin2	
戭	jin2/jin2	
戭	jɛn2/jien2	
縯	jin2/jin2	
縯	jɛn2/jien2	
鈏	jin2/jin2	
鈏	jin3/jin3	
靷	jin2/jin2	
靷	jin3/jin3	
愍	mˠin2/mɨn2	
慜	mˠin2/mɨn2	
憫	mˠin2/mɨn2	
閔	mˠin2/mɨn2	
敏	mˠin2/mɨn2	
敃	mˠin2/mɨn2	
𢽹	mˠin2/mɨn2	
簢	mˠin2/mɨn2	
𥴲	mˠin2/mɨn2	
𦌡	mˠin2/mɨn2	
𨏵	mˠin2/mɨn2	
鰵	mˠin2/mɨn2	
𤿕	mʲin2/min2	
僶	mʲin2/min2	
黽	mʲin2/min2	
黽	mʲɛn2/mien2	
黽	mɛŋ2/muɛŋ2	
䟨	mʲin2/min2	
刡	mʲin2/min2	
𨌲	mʲin2/min2	
脗	mʲin2/min2	
殞	ɰun2/ɨun2	
磒	ɰun2/ɨun2	
隕	ɰun2/ɨun2	
霣	ɰun2/ɨun2	
準	tɕwin2/tʃyn2	
準	tɕwɛt4/tʃyet4	
准	tɕwin2/tʃyn2	
埻	tɕwin2/tʃyn2	
埻	qwɑk4/kuɔk4	
埻	qwɛk4/kuɛk4	
尹	jwin2/jyn2	
䪳	jwin2/jyn2	
允	jwin2/jyn2	
狁	jwin2/jyn2	
馻	jwin2/jyn2	
馻	jwɛn2/jyen2	
玧	jwin2/jyn2	
𡴞	jwin2/jyn2	
𧉃	jwin2/jyn2	
筍	sʲwin2/syn2	
笋	sʲwin2/syn2	
𠣬	sʲwin2/syn2	
隼	sʲwin2/syn2	
箰	sʲwin2/syn2	
簨	sʲwin2/syn2	
𥯗	sʲwin2/syn2	
𣕍	sʲwin2/syn2	
蝡	ɲwɛn2/ɲʒyen2	
蠢	tɕʰwin2/tʃʰyn2	
𢧨	tɕʰwin2/tʃʰyn2	
䐏	tɕʰwin2/tʃʰyn2	
踳	tɕʰwin2/tʃʰyn2	
惷	tɕʰwin2/tʃʰyn2	
𦚧	tɕʰwin2/tʃʰyn2	
偆	tɕʰwin2/tʃʰyn2	
偆	ʈˠʰwin2/ʈʰyn2	
僢	tɕʰwin2/tʃʰyn2	
𢾎	tɕʰwin2/tʃʰyn2	
盾	ʑwin3/ʒyn3	
盾	dwɨn3/dun3	
吮	ʑwin3/ʒyn3	
吮	dzʲwɛn3/dzyen3	
耣	lˠwin2/ɭyn2	
𦓾	lˠwin2/ɭyn2	
𣯍	ɲwin2/ɲʒyn2	
𦃢	kˠʰun2/kʰɨun2	
螼	kʲʰin2/kʰin2	
螼	kʲʰin3/kʰin3	
𤿳	kʲʰin2/kʰin2	
賰	ɕwin2/ʃyn2	
㾙	xˠin2/hɨn2	
㾙	xˠin3/hɨn3	
吻	ɱun2/mvun2	
𦝮	ɱun2/mvun2	
刎	ɱun2/mvun2	
抆	ɱun2/mvun2	
抆	ɱun3/mvun3	
伆	ɱun2/mvun2	
伆	ɱut4/mvut4	
勽	ɱun2/mvun2	
勽	bɑw3/buɔu3	
𦮶	ɱun2/mvun2	
粉	fun2/pfun2	
黺	fun2/pfun2	
憤	vun3/bvun3	
𢤬	vun3/bvun3	
㿎	vun3/bvun3	
鱝	vun3/bvun3	
弅	vun3/bvun3	
𢅯	vun3/bvun3	
坌	vun3/bvun3	
坌	bɨn3/bun3	
忿	fʰun2/pfʰun2	
忿	fʰun3/pfʰun3	
惲	ʔˠun2/ʔɨun2	
褞	ʔˠun2/ʔɨun2	
賱	ʔˠun2/ʔɨun2	
醞	ʔˠun2/ʔɨun2	
醞	ʔˠun3/ʔɨun3	
搵	ʔˠun2/ʔɨun2	
搵	ʔwɨn3/ʔun3	
搵	ʔwɨt4/ʔut4	
齳	ŋˠun2/ŋɨun2	
𪘩	ŋˠun2/ŋɨun2	
夽	ŋˠun2/ŋɨun2	
喗	ŋˠun2/ŋɨun2	
𧼐	ŋˠun2/ŋɨun2	
𧼐	kˠʰun2/kʰɨun2	
抎	ɰun2/ɨun2	
䫟	ɰun2/ɨun2	
䫟	ʁwɨn3/ɦun3	
𪏚	ɰun2/ɨun2	
𤸫	ɰun2/ɨun2	
𤸫	ɰun3/ɨun3	
𦄐	kˠʰun2/kʰɨun2	
隱	ʔˠin2/ʔɨn2	
隱	ʔˠin3/ʔɨn3	
磤	ʔˠin2/ʔɨn2	
𤻘	ʔˠin2/ʔɨn2	
䌥	ʔˠin2/ʔɨn2	
㥯	ʔˠin2/ʔɨn2	
㥯	ʔˠin3/ʔɨn3	
櫽	ʔˠin2/ʔɨn2	
嶾	ʔˠin2/ʔɨn2	
𠃊	ʔˠin2/ʔɨn2	
𨏈	ʔˠin2/ʔɨn2	
謹	kˠin2/kɨn2	
𪏴	kˠin2/kɨn2	
㹏	kˠin2/kɨn2	
槿	kˠin2/kɨn2	
𡏳	kˠin2/kɨn2	
漌	kˠin2/kɨn2	
巹	kˠin2/kɨn2	
𧯷	kˠin2/kɨn2	
菦	kˠin2/kɨn2	
𧤛	tʂin2/tʂʅᵊn2	
赾	kˠʰin2/kʰɨn2	
近	ɡˠin3/ɡɨn3	
齔	tʂʰin2/tʂʰʅᵊn2	
齔	tʂʰin3/tʂʰʅᵊn3	
䘆	xˠin2/hɨn2	
䘆	xˠɛn2/hɨen2	
𡯱	ŋˠwɛn2/ŋʉon2	
遠	ɰwɛn2/ʉon2	
遠	ɰwɛn3/ʉon3	
𩔃	ɰwɛn2/ʉon2	
偃	ʔˠɛn2/ʔɨen2	
㫃	ʔˠɛn2/ʔɨen2	
䞁	ʔˠɛn2/ʔɨen2	
䞁	ʔˠɛn3/ʔɨen3	
鶠	ʔˠɛn2/ʔɨen2	
郾	ʔˠɛn2/ʔɨen2	
郾	ʔˠɛn3/ʔɨen3	
褗	ʔˠɛn2/ʔɨen2	
褗	ʔˠɛn3/ʔɨen3	
堰	ʔˠɛn2/ʔɨen2	
堰	ʔˠɛn3/ʔɨen3	
匽	ʔˠɛn2/ʔɨen2	
鼴	ʔˠɛn2/ʔɨen2	
蝘	ʔˠɛn2/ʔɨen2	
蝘	ʔʲɛn2/ʔien2	
鰋	ʔˠɛn2/ʔɨen2	
湕	kˠɛn2/kɨen2	
𥍹	kˠɛn2/kɨen2	
㔓	kˠɛn2/kɨen2	
蹇	kˠɛn2/kɨen2	
寋	ɡˠɛn3/ɡɨen3	
楗	ɡˠɛn3/ɡɨen3	
𠐻	ɡˠɛn3/ɡɨen3	
𠐻	kˠɛn2/kɨen2	
𧥛	kˠʰɛn2/kʰɨen2	
𧥜	ŋˠɛn2/ŋɨen2	
巘	ŋˠɛn2/ŋɨen2	
𪗛	ŋˠɛn2/ŋɨen2	
屵	ŋˠɛn2/ŋɨen2	
屵	ɴɑt4/ŋɑt4	
幰	xˠɛn2/hɨen2	
攇	xˠɛn2/hɨen2	
䜢	xˠɛn2/hɨen2	
晚	ɱɛn2/mvuɐn2	
娩	ɱɛn2/mvuɐn2	
娩	mˠɛn2/mɨen2	
娩	ɱun3/mvun3	
娩	ɱɛn3/mvuɐn3	
挽	ɱɛn2/mvuɐn2	
輓	ɱɛn2/mvuɐn2	
輓	ɱɛn3/mvuɐn3	
㿸	ɱɛn2/mvuɐn2	
㿸	ɱɛn3/mvuɐn3	
㝃	ɱɛn2/mvuɐn2	
㝃	mˠɛn2/mɨen2	
脕	ɱɛn2/mvuɐn2	
脕	ɱun3/mvun3	
脕	ɱɛn3/mvuɐn3	
䡊	fɛn2/pfuɐn2	
阪	fɛn2/pfuɐn2	
阪	ban3/buan3	
坂	fɛn2/pfuɐn2	
返	fɛn2/pfuɐn2	
橎	fɛn2/pfuɐn2	
𧯦	ɡˠwɛn3/ɡʉon3	
𧯦	kˠwɛn3/kʉon3	
圈	ɡˠwɛn3/ɡʉon3	
婉	ʔˠwɛn2/ʔʉon2	
菀	ʔˠwɛn2/ʔʉon2	
菀	ʔˠut4/ʔɨut4	
苑	ʔˠwɛn2/ʔʉon2	
踠	ʔˠwɛn2/ʔʉon2	
䖤	ʔˠwɛn2/ʔʉon2	
畹	ʔˠwɛn2/ʔʉon2	
琬	ʔˠwɛn2/ʔʉon2	
琬	ʔwɑn3/ʔuon3	
倇	ʔˠwɛn2/ʔʉon2	
𩌑	ʔˠwɛn2/ʔʉon2	
䘼	ʔˠwɛn2/ʔʉon2	
夗	ʔˠwɛn2/ʔʉon2	
𩎺	ʔˠwɛn2/ʔʉon2	
晼	ʔˠwɛn2/ʔʉon2	
睕	ʔˠwɛn2/ʔʉon2	
睕	ʔwɑn3/ʔuon3	
睕	ʔwɑt4/ʔuot4	
𤗍	ʔˠwɛn2/ʔʉon2	
䛄	ʔˠwɛn2/ʔʉon2	
䛄	ʔˠwɛn3/ʔʉon3	
䅚	kˠʰwɛn2/kʰʉon2	
綣	kˠʰwɛn2/kʰʉon2	
綣	kˠʰwɛn3/kʰʉon3	
虇	kˠʰwɛn2/kʰʉon2	
虇	kˠʰwɛn3/kʰʉon3	
䊎	kˠʰwɛn2/kʰʉon2	
𪐂	kˠʰwɛn2/kʰʉon2	
暅	xˠwɛn2/hʉon2	
咺	xˠwɛn2/hʉon2	
𧡩	xˠwɛn2/hʉon2	
𧡩	ʁwɑn3/ɦuon3	
飯	vɛn3/bvuɐn3	
軬	vɛn3/bvuɐn3	
䪻	vɛn3/bvuɐn3	
䪻	bˠɛn3/bɨen3	
混	ʁwɨn3/ɦun3	
鯶	ʁwɨn3/ɦun3	
緷	ʁwɨn3/ɦun3	
緷	qwɨn2/kun2	
緷	ɰun3/ɨun3	
焜	ʁwɨn3/ɦun3	
倱	ʁwɨn3/ɦun3	
棍	ʁwɨn3/ɦun3	
睔	ʁwɨn3/ɦun3	
睔	lwɨn2/lun2	
睔	qwɨn3/kun3	
䚠	ʁwɨn3/ɦun3	
𨡫	ʁwɨn3/ɦun3	
䧰	ʁwɨn3/ɦun3	
掍	ʁwɨn3/ɦun3	
睴	ʁwɨn3/ɦun3	
睴	qwɨn3/kun3	
翉	pʰɨn2/pʰun2	
忖	tsʰwɨn2/tsʰun2	
𢩭	tsʰwɨn2/tsʰun2	
刌	tsʰwɨn2/tsʰun2	
本	pɨn2/pun2	
畚	pɨn2/pun2	
𤲙	pɨn2/pun2	
笨	pɨn2/pun2	
笨	bɨn3/bun3	
㡷	pɨn2/pun2	
苯	pɨn2/pun2	
損	swɨn2/sun2	
䐣	swɨn2/sun2	
𦠆	swɨn2/sun2	
𦠆	dʐwɛn3/dʐʯen3	
𠟃	tswɨn2/tsun2	
撙	tswɨn2/tsun2	
噂	tswɨn2/tsun2	
譐	tswɨn2/tsun2	
䔿	tswɨn2/tsun2	
僔	tswɨn2/tsun2	
穩	ʔwɨn2/ʔun2	
𡁋	ʔwɨn2/ʔun2	
㒚	ʔwɨn2/ʔun2	
㒚	ʔˠin3/ʔɨn3	
囤	dwɨn3/dun3	
𥫱	dwɨn3/dun3	
遁	dwɨn3/dun3	
遯	dwɨn3/dun3	
鱒	dzwɨn3/dzun3	
𩩌	qwɨn2/kun2	
㯻	qwɨn2/kun2	
袞	qwɨn2/kun2	
緄	qwɨn2/kun2	
鯀	qwɨn2/kun2	
輥	qwɨn2/kun2	
蔉	qwɨn2/kun2	
丨	qwɨn2/kun2	
䃂	qwɨn2/kun2	
畽	tʰwɨn2/tʰun2	
𤊯	tʰwɨn2/tʰun2	
吨	tʰwɨn2/tʰun2	
閫	qʰwɨn2/kʰun2	
壼	qʰwɨn2/kʰun2	
稇	qʰwɨn2/kʰun2	
裍	qʰwɨn2/kʰun2	
悃	qʰwɨn2/kʰun2	
𩑔	qʰwɨn2/kʰun2	
𩑔	qʰwɨt4/kʰut4	
齫	qʰwɨn2/kʰun2	
㤻	lwɨn2/lun2	
碖	lwɨn2/lun2	
碖	lwɨn3/lun3	
獖	bɨn3/bun3	
㮥	bɨn3/bun3	
体	bɨn3/bun3	
懣	mɨn2/mun2	
懣	mɑn2/muon2	
懣	mɨn3/mun3	
㶧	nwɨn2/nun2	
𦃕	χwɨn2/hun2	
很	ʁɨn3/ɦən3	
墾	qʰɨn2/kʰən2	
懇	qʰɨn2/kʰən2	
䫀	qɨn2/kən2	
䫀	tʲɛn2/tien2	
詪	qɨn2/kən2	
詪	ɣʲɛn3/ɦien3	
詪	qɨn3/kən3	
旱	ʁɑn3/ɦɑn3	
𡷛	ʁɑn3/ɦɑn3	
皔	ʁɑn3/ɦɑn3	
䓍	ʁɑn3/ɦɑn3	
䛞	ʁɑn3/ɦɑn3	
亶	tɑn2/tɑn2	
𤺺	tɑn2/tɑn2	
笪	tɑn2/tɑn2	
笪	tɑn3/tɑn3	
笪	tɑt4/tɑt4	
疸	tɑn2/tɑn2	
疸	tɑn3/tɑn3	
觛	tɑn2/tɑn2	
觛	dɑn3/dɑn3	
觛	tɑn3/tɑn3	
狚	tɑn2/tɑn2	
狚	tɑn3/tɑn3	
狚	tɑt4/tɑt4	
担	tɑn2/tɑn2	
坦	tʰɑn2/tʰɑn2	
䦔	tʰɑn2/tʰɑn2	
散	sɑn2/sɑn2	
散	sɑn3/sɑn3	
𢽳	sɑn2/sɑn2	
𢿱	sɑn2/sɑn2	
𢿱	sɑn3/sɑn3	
饊	sɑn2/sɑn2	
糤	sɑn2/sɑn2	
鏾	sɑn2/sɑn2	
繖	sɑn2/sɑn2	
繖	sɑn3/sɑn3	
䉈	sɑn2/sɑn2	
䉈	sɑt4/sɑt4	
傘	sɑn2/sɑn2	
𩀼	sɑn2/sɑn2	
𩀼	sɑn3/sɑn3	
𢄻	sɑn2/sɑn2	
蜑	dɑn3/dɑn3	
袒	dɑn3/dɑn3	
袒	ɖan3/ɖɯan3	
襢	dɑn3/dɑn3	
襢	ʈˠɛn2/ʈien2	
襢	ʈˠɛn3/ʈien3	
誕	dɑn3/dɑn3	
潬	dɑn3/dɑn3	
䩥	dɑn3/dɑn3	
繵	dɑn3/dɑn3	
膻	dɑn3/dɑn3	
瓚	dzɑn3/dzɑn3	
趲	dzɑn3/dzɑn3	
趲	tsɑn3/tsɑn3	
禶	dzɑn3/dzɑn3	
笴	qɑn2/kɑn2	
笴	qɑ2/kɑ2	
簳	qɑn2/kɑn2	
皯	qɑn2/kɑn2	
䵟	qɑn2/kɑn2	
𤿊	qɑn2/kɑn2	
稈	qɑn2/kɑn2	
秆	qɑn2/kɑn2	
仠	qɑn2/kɑn2	
𦼮	qɑn2/kɑn2	
矸	qɑn2/kɑn2	
矸	ʁɑn3/ɦɑn3	
矸	qɑn3/kɑn3	
衦	qɑn2/kɑn2	
𥾍	qɑn2/kɑn2	
嬾	lɑn2/lɑn2	
懶	lɑn2/lɑn2	
𥽭	lɑn2/lɑn2	
𥻂	lɑn2/lɑn2	
侃	qʰɑn2/kʰɑn2	
侃	qʰɑn3/kʰɑn3	
衎	qʰɑn2/kʰɑn2	
衎	qʰɑn3/kʰɑn3	
䍐	χɑn2/hɑn2	
䍐	χɑn3/hɑn3	
蔊	χɑn2/hɑn2	
厂	χɑn2/hɑn2	
厂	χɑn3/hɑn3	
暵	χɑn2/hɑn2	
暵	χɑn3/hɑn3	
焊	χɑn2/hɑn2	
熯	χɑn2/hɑn2	
熯	ɲɛn2/ɲʒien2	
熯	χɑn3/hɑn3	
䰖	tsɑn2/tsɑn2	
䰖	tsɑn3/tsɑn3	
䰖	tsɑt4/tsɑt4	
緩	ʁwɑn3/ɦuon3	
澣	ʁwɑn3/ɦuon3	
浣	ʁwɑn3/ɦuon3	
㬊	ʁwɑn3/ɦuon3	
棵	ʁwɑn3/ɦuon3	
棵	qʰwɑn2/kʰuon2	
𧶲	ʁwɑn3/ɦuon3	
鰀	ʁwɑn3/ɦuon3	
嵈	ʁwɑn3/ɦuon3	
晥	ʁwɑn3/ɦuon3	
䈠	ʁwɑn3/ɦuon3	
短	twɑn2/tuon2	
𢭃	twɑn2/tuon2	
斷	twɑn2/tuon2	
斷	dwɑn3/duon3	
斷	twɑn3/tuon3	
𢷖	twɑn2/tuon2	
椀	ʔwɑn2/ʔuon2	
盌	ʔwɑn2/ʔuon2	
䝹	ʔwɑn2/ʔuon2	
疃	tʰwɑn2/tʰuon2	
𤲫	tʰwɑn2/tʰuon2	
瘓	tʰwɑn2/tʰuon2	
䠪	tʰwɑn2/tʰuon2	
算	swɑn2/suon2	
匴	swɑn2/suon2	
篹	swɑn2/suon2	
管	qwɑn2/kuon2	
筦	qwɑn2/kuon2	
脘	qwɑn2/kuon2	
輨	qwɑn2/kuon2	
盥	qwɑn2/kuon2	
盥	qwɑn3/kuon3	
琯	qwɑn2/kuon2	
琯	qwɨn3/kun3	
痯	qwɑn2/kuon2	
痯	qwɑn3/kuon3	
䩪	qwɑn2/kuon2	
錧	qwɑn2/kuon2	
錧	qwɑn3/kuon3	
䗆	qwɑn2/kuon2	
䘾	qwɑn2/kuon2	
䘾	qwɑn3/kuon3	
卵	lwɑn2/luon2	
卵	lwɑ2/luɔ2	
款	qʰwɑn2/kʰuon2	
歀	qʰwɑn2/kʰuon2	
欵	qʰwɑn2/kʰuon2	
窾	qʰwɑn2/kʰuon2	
䥗	qʰwɑn2/kʰuon2	
䥗	qʰwɑn3/kʰuon3	
䲌	qʰwɑn2/kʰuon2	
䲌	qʰwɑn3/kʰuon3	
煗	nwɑn2/nuon2	
㬉	nwɑn2/nuon2	
暖	nwɑn2/nuon2	
餪	nwɑn2/nuon2	
渜	nwɑn2/nuon2	
渜	nwɑn3/nuon3	
稬	nwɑn2/nuon2	
稬	nwɑn3/nuon3	
稬	nwɑ3/nuɔ3	
纂	tswɑn2/tsuon2	
䂎	tswɑn2/tsuon2	
䂎	tswɑn3/tsuon3	
䂎	tsʰwɑn3/tsʰuon3	
纘	tswɑn2/tsuon2	
儹	tswɑn2/tsuon2	
籫	tswɑn2/tsuon2	
繤	tswɑn2/tsuon2	
𦆈	tswɑn2/tsuon2	
伴	bɑn3/buon3	
㚘	bɑn3/buon3	
滿	mɑn2/muon2	
𢟮	mɑn2/muon2	
𥲈	mɑn2/muon2	
鏋	mɑn2/muon2	
粄	pɑn2/puon2	
䉽	pɑn2/puon2	
䬳	pɑn2/puon2	
瓪	pɑn2/puon2	
瓪	pan2/puan2	
昄	pɑn2/puon2	
昄	pan2/puan2	
昄	ban3/buan3	
𩏇	dwɑn3/duon3	
緞	dwɑn3/duon3	
坢	pʰɑn2/pʰuon2	
𧺾	pʰɑn2/pʰuon2	
綰	ʔwan2/ʔuan2	
綰	ʔwan3/ʔuan3	
版	pan2/puan2	
板	pan2/puan2	
蝂	pan2/puan2	
鈑	pan2/puan2	
䩆	tʂan2/tʂɯan2	
拃	tʂan2/tʂɯan2	
䎒	tʂan2/tʂɯan2	
䎒	tɕɛn2/tʃien2	
赧	ɳan2/ɳɯan2	
𩈶	ɳan2/ɳɯan2	
㫱	ɳan2/ɳɯan2	
戁	ɳan2/ɳɯan2	
戁	ɲɛn2/ɲʒien2	
僩	ʁan3/ɦɯan3	
僩	qan2/kɯan2	
捍	ʁan3/ɦɯan3	
捍	ʁɑn3/ɦɑn3	
橌	ʁan3/ɦɯan3	
睆	ʁwan3/ɦuan3	
睅	ʁwan3/ɦuan3	
𪍺	ʁwan3/ɦuan3	
鯇	ʁwan3/ɦuan3	
皖	ʁwan3/ɦuan3	
魬	ban3/buan3	
矕	man2/muan2	
𦺖	man2/muan2	
𦺖	kʲwit4/kyt4	
𪘪	dʐan3/dʐɯan3	
䗃	dʐan3/dʐɯan3	
𪗙	ɴan2/ŋɯan2	
㹽	tʂʰan2/tʂʰɯan2	
撰	dʐwan3/dʐuan3	
撰	dʐwɛn3/dʐʯen3	
饌	dʐwan3/dʐuan3	
饌	dʐwɛn3/dʐʯen3	
產	ʂan2/ʂɯan2	
簅	ʂan2/ʂɯan2	
摌	ʂan2/ʂɯan2	
㹌	ʂan2/ʂɯan2	
嵼	ʂan2/ʂɯan2	
汕	ʂan2/ʂɯan2	
汕	ʂan3/ʂɯan3	
滻	ʂan2/ʂɯan2	
㦃	ʂan2/ʂɯan2	
㦃	tʂʰan2/tʂʰɯan2	
㦃	tʂʰwan2/tʂʰuan2	
䊲	ʂan2/ʂɯan2	
䊲	tʂʰwan2/tʂʰuan2	
𩥮	ʂan2/ʂɯan2	
限	ʁan3/ɦɯan3	
硍	ʁan3/ɦɯan3	
䁂	ʁan3/ɦɯan3	
㹂	ʁan3/ɦɯan3	
㹂	kʲʰɛn2/kʰien2	
㹂	ɣʲɛt4/ɦiet4	
䦘	ʁan3/ɦɯan3	
𥇅	man2/muan2	
簡	qan2/kɯan2	
㶕	qan2/kɯan2	
𧟉	qan2/kɯan2	
柬	qan2/kɯan2	
暕	qan2/kɯan2	
揀	qan2/kɯan2	
揀	lʲɛn3/lien3	
剗	tʂʰan2/tʂʰɯan2	
鏟	tʂʰan2/tʂʰɯan2	
鏟	tʂʰan3/tʂʰɯan3	
丳	tʂʰan2/tʂʰɯan2	
羼	tʂʰan2/tʂʰɯan2	
羼	tʂʰan3/tʂʰɯan3	
䐮	tʂʰan2/tʂʰɯan2	
棧	dʐan3/dʐɯan3	
棧	dʐɛn3/dʐʅen3	
㟞	dʐan3/dʐɯan3	
嶘	dʐan3/dʐɯan3	
轏	dʐan3/dʐɯan3	
𠊩	dʐan3/dʐɯan3	
輚	dʐan3/dʐɯan3	
眼	ɴan2/ŋɯan2	
醆	tʂan2/tʂɯan2	
醆	tɕɛn2/tʃien2	
琖	tʂan2/tʂɯan2	
盞	tʂan2/tʂɯan2	
𧣴	tʂan2/tʂɯan2	
銑	sʲɛn2/sien2	
跣	sʲɛn2/sien2	
毨	sʲɛn2/sien2	
燹	sʲɛn2/sien2	
燹	xˠwi3/hɨui3	
箲	sʲɛn2/sien2	
筅	sʲɛn2/sien2	
㭠	sʲɛn2/sien2	
𦭶	sʲɛn2/sien2	
𩶤	sʲɛn2/sien2	
腆	tʲʰɛn2/tʰien2	
痶	tʲʰɛn2/tʰien2	
圢	tʲʰɛn2/tʰien2	
圢	tʲʰɛŋ2/tʰieŋ2	
淟	tʲʰɛn2/tʰien2	
𤲖	tʲʰɛn2/tʰien2	
錪	tʲʰɛn2/tʰien2	
錪	tʲɛn2/tien2	
靦	tʲʰɛn2/tʰien2	
㥏	tʲʰɛn2/tʰien2	
琠	tʲʰɛn2/tʰien2	
蚕	tʲʰɛn2/tʰien2	
䠄	tʲʰɛn2/tʰien2	
𨆁	tʲʰɛn2/tʰien2	
賟	tʲʰɛn2/tʰien2	
晪	tʲʰɛn2/tʰien2	
典	tʲɛn2/tien2	
蕇	tʲɛn2/tien2	
𥮏	tʲɛn2/tien2	
躽	ʔʲɛn2/ʔien2	
躽	ʔˠɛn3/ʔɨen3	
𥈔	ʔʲɛn2/ʔien2	
𥈔	ʔˠɛn3/ʔɨen3	
𥈔	ʔat4/ʔɯat4	
宴	ʔʲɛn2/ʔien2	
宴	ʔʲɛn3/ʔien3	
嬿	ʔʲɛn2/ʔien2	
嬿	ʔʲɛn3/ʔien3	
殄	dʲɛn3/dien3	
跈	dʲɛn3/dien3	
跈	nʲɛn2/nien2	
繭	kʲɛn2/kien2	
絸	kʲɛn2/kien2	
蠒	kʲɛn2/kien2	
𥀹	kʲɛn2/kien2	
𢆞	kʲɛn2/kien2	
𡘸	kʲɛn2/kien2	
垷	kʲɛn2/kien2	
垷	ɣʲɛn3/ɦien3	
筧	kʲɛn2/kien2	
襺	kʲɛn2/kien2	
𢺃	kʲɛn2/kien2	
挸	kʲɛn2/kien2	
𢹕	kʲɛn2/kien2	
峴	ɣʲɛn3/ɦien3	
臔	ɣʲɛn3/ɦien3	
哯	ɣʲɛn3/ɦien3	
晛	ɣʲɛn3/ɦien3	
晛	nʲɛn3/nien3	
蜆	ɣʲɛn3/ɦien3	
蜆	xʲɛn2/hien2	
蜆	kʲʰɛn3/kʰien3	
俔	ɣʲɛn3/ɦien3	
俔	kʲʰɛn3/kʰien3	
顈	ɣʲɛn3/ɦien3	
顈	kʲʰwɛŋ2/kʰyeŋ2	
䵤	ɣʲɛn3/ɦien3	
睍	ɣʲɛn3/ɦien3	
㦓	ɣʲɛn3/ɦien3	
顯	xʲɛn2/hien2	
韅	xʲɛn2/hien2	
抮	xʲɛn2/hien2	
𣊡	xʲɛn2/hien2	
𣊡	ɴɑp4/ŋɑp4	
㨠	mʲɛn2/mien2	
丏	mʲɛn2/mien2	
眄	mʲɛn2/mien2	
眄	mʲɛn3/mien3	
撚	nʲɛn2/nien2	
蹨	nʲɛn2/nien2	
蹨	ɲɛn2/ɲʒien2	
匾	pʲɛn2/pien2	
𦄒	pʲɛn2/pien2	
𥤓	pʲɛn2/pien2	
惼	pʲɛn2/pien2	
碥	pʲɛn2/pien2	
糄	pʲɛn2/pien2	
泫	ɣʲwɛn3/ɦyen3	
鉉	ɣʲwɛn3/ɦyen3	
琄	ɣʲwɛn3/ɦyen3	
贙	ɣʲwɛn3/ɦyen3	
埍	ɣʲwɛn3/ɦyen3	
埍	kʲwɛn2/kyen2	
繯	ɣʲwɛn3/ɦyen3	
繯	ʁwan3/ɦuan3	
䀏	ɣʲwɛn3/ɦyen3	
䩙	ɣʲwɛn3/ɦyen3	
䧎	ɣʲwɛn3/ɦyen3	
𨊼	ɣʲwɛn3/ɦyen3	
𩉥	ɣʲwɛn3/ɦyen3	
𡿨	kʲwɛn2/kyen2	
畎	kʲwɛn2/kyen2	
𤰝	kʲwɛn2/kyen2	
詃	kʲwɛn2/kyen2	
罥	kʲwɛn2/kyen2	
罥	kʲwɛn3/kyen3	
羂	kʲwɛn2/kyen2	
汱	kʲwɛn2/kyen2	
辮	bʲɛn3/bien3	
艑	bʲɛn3/bien3	
𪉱	bʲɛn3/bien3	
㲢	bʲɛn3/bien3	
𤻶	bʲɛn3/bien3	
𩩯	bʲɛn3/bien3	
犬	kʲʰwɛn2/kʰyen2	
𥧬	kʲʰɛn2/kʰien2	
䵖	kʲʰɛn2/kʰien2	
䵖	kʲʰɛn3/kʰien3	
蜸	kʲʰɛn2/kʰien2	
齞	ŋʲɛn2/ŋien2	
獮	sʲɛn2/sien2	
𤣗	sʲɛn2/sien2	
𥙮	sʲɛn2/sien2	
尠	sʲɛn2/sien2	
尠	sʲu3/sɨ̯u3	
尟	sʲɛn2/sien2	
癬	sʲɛn2/sien2	
𤐨	sʲɛn2/sien2	
𧕇	sʲɛn2/sien2	
蘚	sʲɛn2/sien2	
演	jɛn2/jien2	
衍	jɛn2/jien2	
衍	jɛn3/jien3	
𧍢	jɛn2/jien2	
𧊔	jɛn2/jien2	
踐	dzʲɛn3/dzien3	
諓	dzʲɛn3/dzien3	
餞	dzʲɛn3/dzien3	
俴	dzʲɛn3/dzien3	
俴	tsʲɛn2/tsien2	
𤷃	dzʲɛn3/dzien3	
𧗸	dzʲɛn3/dzien3	
㣤	dzʲɛn3/dzien3	
展	ʈˠɛn2/ʈien2	
㞡	ʈˠɛn2/ʈien2	
搌	ʈˠɛn2/ʈien2	
搌	ʈˠʰɛn2/ʈʰien2	
輾	ʈˠɛn2/ʈien2	
輾	ɳˠɛn3/ɳien3	
㠭	ʈˠɛn2/ʈien2	
㜊	ʈˠɛn2/ʈien2	
𧎰	ʈˠɛn2/ʈien2	
𦗢	tɕɛn2/tʃien2	
𠟉	tɕɛn2/tʃien2	
樿	tɕɛn2/tʃien2	
𩕊	tɕɛn2/tʃien2	
䆄	tɕɛn2/tʃien2	
䡀	tɕɛn2/tʃien2	
䁴	tɕɛn2/tʃien2	
䁴	ɕɛn2/ʃien2	
𥊳	tɕɛn2/tʃien2	
橏	tɕɛn2/tʃien2	
㔊	tɕɛn2/tʃien2	
𨭖	tɕɛn2/tʃien2	
嫸	tɕɛn2/tʃien2	
𨋚	ɳˠɛn2/ɳien2	
㞋	ɳˠɛn2/ɳien2	
㞋	ɲwɛn2/ɲʒyen2	
闡	tɕʰɛn2/tʃʰien2	
䵐	tɕʰɛn2/tʃʰien2	
幝	tɕʰɛn2/tʃʰien2	
𨼒	tɕʰɛn2/tʃʰien2	
灛	tɕʰɛn2/tʃʰien2	
𦆀	tɕʰɛn2/tʃʰien2	
𦆀	zʲɛn3/zien3	
遣	kʲʰɛn2/kʰien2	
遣	kʲʰɛn3/kʰien3	
繾	kʲʰɛn2/kʰien2	
繾	kʲʰɛn3/kʰien3	
䭤	kʲʰɛn2/kʰien2	
𥳐	kʲʰɛn2/kʰien2	
𠳋	kʲʰɛn2/kʰien2	
𨺫	kʲʰɛn2/kʰien2	
𩝡	kʲʰɛn2/kʰien2	
謇	kˠɛn2/kɨen2	
搴	kˠɛn2/kɨen2	
𢷘	kˠɛn2/kɨen2	
𦂇	kˠɛn2/kɨen2	
𡾰	kˠɛn2/kɨen2	
𡾰	ɡˠɛn3/ɡɨen3	
藆	kˠɛn2/kɨen2	
𩽜	kˠɛn2/kɨen2	
𢵈	kʲɛn2/kien2	
善	ʑɛn3/ʒien3	
譱	ʑɛn3/ʒien3	
墠	ʑɛn3/ʒien3	
鱓	ʑɛn3/ʒien3	
蟺	ʑɛn3/ʒien3	
僐	ʑɛn3/ʒien3	
鄯	ʑɛn3/ʒien3	
墡	ʑɛn3/ʒien3	
磰	ʑɛn3/ʒien3	
𪍶	ʑɛn3/ʒien3	
翦	tsʲɛn2/tsien2	
剪	tsʲɛn2/tsien2	
揃	tsʲɛn2/tsien2	
戩	tsʲɛn2/tsien2	
𦺍	tsʲɛn2/tsien2	
𥰸	tsʲɛn2/tsien2	
𥳟	tsʲɛn2/tsien2	
㨵	tsʲɛn2/tsien2	
㒄	ɲɛn2/ɲʒien2	
㒄	ɕɛn2/ʃien2	
輦	lˠɛn2/ɭien2	
𪍦	lˠɛn2/ɭien2	
𤑿	lˠɛn2/ɭien2	
璉	lˠɛn2/ɭien2	
鄻	lˠɛn2/ɭien2	
僆	lˠɛn2/ɭien2	
僆	lʲɛn3/lien3	
摙	lˠɛn2/ɭien2	
摙	lˠɛn3/ɭien3	
膦	lˠɛn2/ɭien2	
齴	ŋˠɛn2/ŋɨen2	
遃	ŋˠɛn2/ŋɨen2	
嵃	ŋˠɛn2/ŋɨen2	
讞	ŋˠɛn2/ŋɨen2	
讞	ŋˠɛt4/ŋɨet4	
𤫣	ŋˠɛn2/ŋɨen2	
件	ɡˠɛn3/ɡɨen3	
鑳	ɡˠɛn3/ɡɨen3	
辯	bˠɛn3/bɨen3	
𧦪	bˠɛn3/bɨen3	
辡	bˠɛn3/bɨen3	
辡	pˠɛn2/pɨen2	
辨	bˠɛn3/bɨen3	
辨	ban3/buan3	
緬	mʲɛn2/mien2	
沔	mʲɛn2/mien2	
汅	mʲɛn2/mien2	
湎	mʲɛn2/mien2	
愐	mʲɛn2/mien2	
𩋠	mʲɛn2/mien2	
偭	mʲɛn2/mien2	
偭	mʲɛn3/mien3	
勔	mʲɛn2/mien2	
𢃮	mʲɛn2/mien2	
褊	pʲɛn2/pien2	
㦚	pʲɛn2/pien2	
㦚	bʲɛn3/bien3	
𧕣	tsʲwɛn2/tsyen2	
雋	dzʲwɛn3/dzyen3	
隽	dzʲwɛn3/dzyen3	
𤺻	dzʲwɛn3/dzyen3	
𦼱	dzʲwɛn3/dzyen3	
䁵	pˠɛn2/pɨen2	
鴘	pˠɛn2/pɨen2	
鴘	pˠʰɛn2/pʰɨen2	
兗	jwɛn2/jyen2	
渷	jwɛn2/jyen2	
沇	jwɛn2/jyen2	
𢯻	jwɛn2/jyen2	
抁	jwɛn2/jyen2	
𦳆	jwɛn2/jyen2	
𦳆	ɡˠwɛn3/ɡʉon3	
㕣	jwɛn2/jyen2	
𦁙	jwɛn2/jyen2	
𩘍	jwɛn2/jyen2	
𩘍	jwɛn3/jyen3	
孌	lˠwɛn2/ɭyen2	
孌	lˠwɛn3/ɭyen3	
𡡗	lˠwɛn2/ɭyen2	
脟	lˠwɛn2/ɭyen2	
脟	lˠwɛt4/ɭyet4	
轉	ʈˠwɛn2/ʈyen2	
轉	ʈˠwɛn3/ʈyen3	
𣓧	ʈˠwɛn2/ʈyen2	
菤	kˠwɛn2/kʉon2	
韏	kˠwɛn2/kʉon2	
韏	kˠʰwɛn3/kʰʉon3	
韏	ɡˠwɛn3/ɡʉon3	
𨹵	kˠwɛn2/kʉon2	
埢	kˠwɛn2/kʉon2	
輭	ɲwɛn2/ɲʒyen2	
軟	ɲwɛn2/ɲʒyen2	
㮕	ɲwɛn2/ɲʒyen2	
䓴	ɲwɛn2/ɲʒyen2	
碝	ɲwɛn2/ɲʒyen2	
愞	ɲwɛn2/ɲʒyen2	
愞	nwɑn3/nuon3	
愞	nwɑ3/nuɔ3	
腝	ɲwɛn2/ɲʒyen2	
腝	nwɨn3/nun3	
腝	nɑw3/nɑu3	
䞂	ɲwɛn2/ɲʒyen2	
耎	ɲwɛn2/ɲʒyen2	
𢘎	ɲwɛn2/ɲʒyen2	
偄	ɲwɛn2/ɲʒyen2	
偄	nwɑn3/nuon3	
緛	ɲwɛn2/ɲʒyen2	
舛	tɕʰwɛn2/tʃʰyen2	
喘	tɕʰwɛn2/tʃʰyen2	
荈	tɕʰwɛn2/tʃʰyen2	
腨	ʑwɛn3/ʒyen3	
𡭐	ʑwɛn3/ʒyen3	
踹	ʑwɛn3/ʒyen3	
踹	twɑn3/tuon3	
𦺲	ʑwɛn3/ʒyen3	
篆	ɖˠwɛn3/ɖyen3	
瑑	ɖˠwɛn3/ɖyen3	
𦁆	ɖˠwɛn3/ɖyen3	
䧘	ɖˠwɛn3/ɖyen3	
堟	ɖˠwɛn3/ɖyen3	
孨	tɕwɛn2/tʃyen2	
孨	tʂwɛn3/tʂʯen3	
孨	ɳˠip4/ɳip4	
𨷱	tɕwɛn2/tʃyen2	
𡇰	tɕwɛn2/tʃyen2	
選	sʲwɛn2/syen2	
選	sʲwɛn3/syen3	
𦌔	sʲwɛn2/syen2	
𦌔	ʂan3/ʂɯan3	
𦌔	sʲwɛn3/syen3	
𥶷	sʲwɛn2/syen2	
𩔊	dʐwɛn3/dʐʯen3	
𩻝	dʐwɛn3/dʐʯen3	
𧾣	xʲwɛn2/hyen2	
𧾣	xˠwɛj3/hʉoi3	
𧾣	xʲwɛn3/hyen3	
𧾣	kʲwit4/kyt4	
免	mˠɛn2/mɨen2	
勉	mˠɛn2/mɨen2	
俛	mˠɛn2/mɨen2	
鮸	mˠɛn2/mɨen2	
冕	mˠɛn2/mɨen2	
𨩪	ʈˠʰɛn2/ʈʰien2	
蕆	ʈˠʰɛn2/ʈʰien2	
𧈪	ʈˠʰɛn2/ʈʰien2	
䩶	ʈˠʰɛn2/ʈʰien2	
䩶	ʈˠʰɛŋ2/ʈʰieŋ2	
篠	sʲɛw2/sieu2	
筱	sʲɛw2/sieu2	
𩵌	sʲɛw2/sieu2	
𧩮	sʲɛw2/sieu2	
謏	sʲɛw2/sieu2	
謏	sɨw2/səu2	
謏	sɨw3/səu3	
謏	ʂɨwk4/ʂʅuk4	
䃤	sʲɛw2/sieu2	
䃤	sʲɨwk4/sɨuk4	
皎	kʲɛw2/kieu2	
璬	kʲɛw2/kieu2	
𢅎	kʲɛw2/kieu2	
𢅎	kʲɛw3/kieu3	
䥵	kʲɛw2/kieu2	
䥵	xʲɛw2/hieu2	
㿟	kʲɛw2/kieu2	
皦	kʲɛw2/kieu2	
恔	kʲɛw2/kieu2	
繳	kʲɛw2/kieu2	
繳	tɕɑk4/tʃɨɔk4	
繳	ʁɛk4/ɦɯɛk4	
晈	kʲɛw2/kieu2	
䘨	kʲɛw2/kieu2	
儌	kʲɛw2/kieu2	
鳥	tʲɛw2/tieu2	
𢁕	tʲɛw2/tieu2	
㣿	tʲɛw2/tieu2	
㣿	tɕɑk4/tʃɨɔk4	
㣿	tʲɛk4/tiek4	
蔦	tʲɛw2/tieu2	
蔦	tʲɛw3/tieu3	
釕	tʲɛw2/tieu2	
扚	tʲɛw2/tieu2	
扚	tʲɛk4/tiek4	
䄪	tʲɛw2/tieu2	
𠄏	tʲɛw2/tieu2	
了	lʲɛw2/lieu2	
蓼	lʲɛw2/lieu2	
蓼	lˠɨwk4/ɭɨuk4	
镽	lʲɛw2/lieu2	
鄝	lʲɛw2/lieu2	
䑠	lʲɛw2/lieu2	
爒	lʲɛw2/lieu2	
爒	lˠɛw2/ɭieu2	
𢄺	lʲɛw2/lieu2	
𢄺	tsʲɛw2/tsieu2	
𥗀	lʲɛw2/lieu2	
𤁸	lʲɛw2/lieu2	
𧘈	lʲɛw2/lieu2	
窱	tʲʰɛw2/tʰieu2	
窱	tʲʰɛw3/tʰieu3	
䠷	tʲʰɛw2/tʰieu2	
曉	xʲɛw2/hieu2	
皢	xʲɛw2/hieu2	
杳	ʔʲɛw2/ʔieu2	
窈	ʔʲɛw2/ʔieu2	
偠	ʔʲɛw2/ʔieu2	
騕	ʔʲɛw2/ʔieu2	
𩡻	ʔʲɛw2/ʔieu2	
𨱧	ʔʲɛw2/ʔieu2	
㫏	ʔʲɛw2/ʔieu2	
鴢	ʔʲɛw2/ʔieu2	
鴢	ʔaw2/ʔɯau2	
婹	ʔʲɛw2/ʔieu2	
䆞	ʔʲɛw2/ʔieu2	
䆞	ʔʲɛw3/ʔieu3	
𡧮	ʔʲɛw2/ʔieu2	
苭	ʔʲɛw2/ʔieu2	
嬲	nʲɛw2/nieu2	
嫋	nʲɛw2/nieu2	
䦊	nʲɛw2/nieu2	
㒟	nʲɛw2/nieu2	
褭	nʲɛw2/nieu2	
嬈	nʲɛw2/nieu2	
嬈	ɲɛw2/ɲʒieu2	
嬈	xʲɛw3/hieu3	
㜵	nʲɛw2/nieu2	
䃵	nʲɛw2/nieu2	
𢸣	nʲɛw2/nieu2	
皛	ɣʲɛw3/ɦieu3	
皛	pʰɛk4/pʰuɛk4	
㵿	ɣʲɛw3/ɦieu3	
芍	ɣʲɛw3/ɦieu3	
芍	ʑɑk4/ʒɨɔk4	
芍	tsʲʰɑk4/tsʰɨɔk4	
芍	ʈˠɑk4/ʈɨɔk4	
芍	tʲɛk4/tiek4	
𦯪	ɣʲɛw3/ɦieu3	
𠄔	ɣʲɛw3/ɦieu3	
窕	dʲɛw3/dieu3	
𤕷	dʲɛw3/dieu3	
𤱩	dʲɛw3/dieu3	
誂	dʲɛw3/dieu3	
掉	dʲɛw3/dieu3	
掉	ɳawk4/ɳɯak4	
䂽	dʲɛw3/dieu3	
䂪	kʲʰɛw2/kʰieu2	
劋	tsʲɛw2/tsieu2	
㭂	tsʲɛw2/tsieu2	
𧂈	tsʲɛw2/tsieu2	
小	sʲɛw2/sieu2	
𩵖	sʲɛw2/sieu2	
䒕	sʲɛw2/sieu2	
肈	ɖˠɛw3/ɖieu3	
肁	ɖˠɛw3/ɖieu3	
兆	ɖˠɛw3/ɖieu3	
趙	ɖˠɛw3/ɖieu3	
旐	ɖˠɛw3/ɖieu3	
狣	ɖˠɛw3/ɖieu3	
䍮	ɖˠɛw3/ɖieu3	
垗	ɖˠɛw3/ɖieu3	
𠧞	ɖˠɛw3/ɖieu3	
沼	tɕɛw2/tʃieu2	
䈃	tɕɛw2/tʃieu2	
殀	ʔˠɛw2/ʔɨeu2	
芺	ʔˠɛw2/ʔɨeu2	
芺	ʔɑw2/ʔɑu2	
仸	ʔˠɛw2/ʔɨeu2	
巐	ʈˠʰɛw2/ʈʰieu2	
少	ɕɛw2/ʃieu2	
少	ɕɛw3/ʃieu3	
䒚	ɕɛw2/ʃieu2	
𨙹	ɕɛw2/ʃieu2	
𨙹	tsʲɛw2/tsieu2	
擾	ɲɛw2/ɲʒieu2	
𢹎	ɲɛw2/ɲʒieu2	
繞	ɲɛw2/ɲʒieu2	
繞	ɲɛw3/ɲʒieu3	
遶	ɲɛw2/ɲʒieu2	
𤛾	ɲɛw2/ɲʒieu2	
𧳨	ɲɛw2/ɲʒieu2	
𢹰	bʲɛw3/bieu3	
鰾	bʲɛw3/bieu3	
顠	bʲɛw3/bieu3	
顠	pʲʰɛw2/pʰieu2	
𩮳	bʲɛw3/bieu3	
膘	bʲɛw3/bieu3	
膘	pʲʰɛw2/pʰieu2	
膘	tsʲɛw2/tsieu2	
𦭼	bʲɛw3/bieu3	
𪍑	tɕʰɛw2/tʃʰieu2	
麨	tɕʰɛw2/tʃʰieu2	
眧	tɕʰɛw2/tʃʰieu2	
縹	pʲʰɛw2/pʰieu2	
醥	pʲʰɛw2/pʰieu2	
皫	pʲʰɛw2/pʰieu2	
眇	mʲɛw2/mieu2	
渺	mʲɛw2/mieu2	
𦳥	mʲɛw2/mieu2	
淼	mʲɛw2/mieu2	
杪	mʲɛw2/mieu2	
秒	mʲɛw2/mieu2	
藐	mʲɛw2/mieu2	
藐	mawk4/muak4	
吵	mʲɛw2/mieu2	
吵	tʂʰaw2/tʂʰɯau2	
篎	mʲɛw2/mieu2	
篎	mʲɛw3/mieu3	
紹	ʑɛw3/ʒieu3	
綤	ʑɛw3/ʒieu3	
袑	ʑɛw3/ʒieu3	
䙼	ʑɛw3/ʒieu3	
矯	kˠɛw2/kɨeu2	
鱎	kˠɛw2/kɨeu2	
䚩	kˠɛw2/kɨeu2	
敽	kˠɛw2/kɨeu2	
𥃧	kˠɛw2/kɨeu2	
譑	kˠɛw2/kɨeu2	
譑	kˠʰɛw3/kʰɨeu3	
𨝰	kˠɛw2/kɨeu2	
孂	kˠɛw2/kɨeu2	
孂	kʲɨw2/kiu̯2	
孂	qɨk4/kək4	
表	pˠɛw2/pɨeu2	
𧘝	pˠɛw2/pɨeu2	
𧞧	pˠɛw2/pɨeu2	
䔸	pˠɛw2/pɨeu2	
褾	pʲɛw2/pieu2	
𧢄	pʲɛw2/pieu2	
㟽	pʲɛw2/pieu2	
𦳤	bˠɛw3/bɨeu3	
𠬪	bˠɛw3/bɨeu3	
㰶	bˠɛw3/bɨeu3	
㹾	bˠɛw3/bɨeu3	
𧴎	bˠɛw3/bɨeu3	
鷕	jwi2/jyi̯2	
溔	jɛw2/jieu2	
𦥨	jɛw2/jieu2	
抭	jɛw2/jieu2	
𩨴	jɛw2/jieu2	
䁘	jɛw2/jieu2	
悄	tsʲʰɛw2/tsʰieu2	
愀	tsʲʰɛw2/tsʰieu2	
愀	dzʲɨw3/dziu̯3	
釥	tsʲʰɛw2/tsʰieu2	
剿	tsʲɛw2/tsieu2	
漅	tsʲɛw2/tsieu2	
𤃭	tsʲɛw2/tsieu2	
𨲭	ɡˠɛw3/ɡɨeu3	
𢻢	lˠɛw2/ɭieu2	
䩍	lˠɛw2/ɭieu2	
闄	ʔʲɛw2/ʔieu2	
巧	qʰaw2/kʰɯau2	
巧	qʰaw3/kʰɯau3	
䲾	qʰaw2/kʰɯau2	
澩	ʁaw3/ɦɯau3	
澩	dʐawk4/dʐɯak4	
澩	ʁawk4/ɦɯak4	
㺒	ʁaw3/ɦɯau3	
㺒	ɳaw2/ɳɯau2	
䕧	ʁaw3/ɦɯau3	
䕧	qaw2/kɯau2	
䀊	ʁaw3/ɦɯau3	
䀊	qaw2/kɯau2	
飽	paw2/puau2	
𩜿	paw2/puau2	
𩛁	paw2/puau2	
卯	maw2/muau2	
戼	maw2/muau2	
泖	maw2/muau2	
昴	maw2/muau2	
茆	maw2/muau2	
茆	lˠɨw2/ɭiu̯2	
絞	qaw2/kɯau2	
狡	qaw2/kɯau2	
攪	qaw2/kɯau2	
𢯴	qaw2/kɯau2	
𥂔	qaw2/kɯau2	
烄	qaw2/kɯau2	
烄	qɑw3/kɑu3	
𤉧	qaw2/kɯau2	
爪	tʂaw2/tʂɯau2	
㕚	tʂaw2/tʂɯau2	
䝖	tʂaw2/tʂɯau2	
瑵	tʂaw2/tʂɯau2	
笊	tʂaw2/tʂɯau2	
笊	tʂaw3/tʂɯau3	
𢁬	tʂaw2/tʂɯau2	
𦬔	tʂaw2/tʂɯau2	
拗	ʔaw2/ʔɯau2	
𢂊	ʔaw2/ʔɯau2	
𥄀	ʔaw2/ʔɯau2	
狕	ʔaw2/ʔɯau2	
鮑	baw3/buau3	
骲	baw3/buau3	
骲	pʰɨwk4/pʰuk4	
骲	bawk4/buak4	
𡂟	baw3/buau3	
齩	ɴaw2/ŋɯau2	
㑿	dʐaw3/dʐɯau3	
煼	tʂʰaw2/tʂʰɯau2	
𩱦	tʂʰaw2/tʂʰɯau2	
𤌉	tʂʰaw2/tʂʰɯau2	
炒	tʂʰaw2/tʂʰɯau2	
𩱈	tʂʰaw2/tʂʰɯau2	
䝤	ʈaw2/ʈɯau2	
䝤	lɑw2/lɑu2	
㪢	ʂaw2/ʂɯau2	
晧	ʁɑw3/ɦɑu3	
昊	ʁɑw3/ɦɑu3	
昦	ʁɑw3/ɦɑu3	
暤	ʁɑw3/ɦɑu3	
鎬	ʁɑw3/ɦɑu3	
浩	ʁɑw3/ɦɑu3	
浩	qɑp4/kɑp4	
顥	ʁɑw3/ɦɑu3	
灝	ʁɑw3/ɦɑu3	
灝	qɑm2/kɑm2	
鰝	ʁɑw3/ɦɑu3	
鰝	χɑk4/hɑk4	
夰	ʁɑw3/ɦɑu3	
夰	qɑw2/kɑu2	
薃	ʁɑw3/ɦɑu3	
𨛴	ʁɑw3/ɦɑu3	
𧇼	ʁɑw3/ɦɑu3	
𥢑	ʁɑw3/ɦɑu3	
滈	ʁɑw3/ɦɑu3	
滈	χawk4/hɯak4	
抱	bɑw3/buɔu3	
老	lɑw2/lɑu2	
轑	lɑw2/lɑu2	
潦	lɑw2/lɑu2	
潦	lɑw3/lɑu3	
䕩	lɑw2/lɑu2	
栳	lɑw2/lɑu2	
𣠼	lɑw2/lɑu2	
𩔇	lɑw2/lɑu2	
恅	lɑw2/lɑu2	
𡂕	lɑw2/lɑu2	
䵏	lɑw2/lɑu2	
討	tʰɑw2/tʰɑu2	
套	tʰɑw2/tʰɑu2	
道	dɑw3/dɑu3	
衟	dɑw3/dɑu3	
𡬹	dɑw3/dɑu3	
稻	dɑw3/dɑu3	
䆃	dɑw3/dɑu3	
𨱵	dɑw3/dɑu3	
𨱵	nɑw2/nɑu2	
𨱵	nɑw3/nɑu3	
堖	nɑw2/nɑu2	
腦	nɑw2/nɑu2	
腦	nɑw3/nɑu3	
𠜶	nɑw2/nɑu2	
惱	nɑw2/nɑu2	
碯	nɑw2/nɑu2	
㺁	nɑw2/nɑu2	
𧳦	nɑw2/nɑu2	
㛴	nɑw2/nɑu2	
㛮	sɑw2/sɑu2	
嫂	sɑw2/sɑu2	
㛐	sɑw2/sɑu2	
燥	sɑw2/sɑu2	
埽	sɑw2/sɑu2	
埽	sɑw3/sɑu3	
掃	sɑw2/sɑu2	
掃	sɑw3/sɑu3	
倒	tɑw2/tɑu2	
倒	tɑw3/tɑu3	
擣	tɑw2/tɑu2	
㨶	tɑw2/tɑu2	
島	tɑw2/tɑu2	
禂	tɑw2/tɑu2	
䮻	tɑw2/tɑu2	
禱	tɑw2/tɑu2	
禱	tɑw3/tɑu3	
㿒	tɑw2/tɑu2	
㿒	ɖˠɨw3/ɖiu̯3	
壔	tɑw2/tɑu2	
草	tsʰɑw2/tsʰɑu2	
艸	tsʰɑw2/tsʰɑu2	
懆	tsʰɑw2/tsʰɑu2	
騲	tsʰɑw2/tsʰɑu2	
𠹊	tsʰɑw2/tsʰɑu2	
愺	tsʰɑw2/tsʰɑu2	
早	tsɑw2/tsɑu2	
澡	tsɑw2/tsɑu2	
藻	tsɑw2/tsɑu2	
薻	tsɑw2/tsɑu2	
𧎮	tsɑw2/tsɑu2	
蚤	tsɑw2/tsɑu2	
䲃	tsɑw2/tsɑu2	
璪	tsɑw2/tsɑu2	
璅	tsɑw2/tsɑu2	
棗	tsɑw2/tsɑu2	
皁	dzɑw3/dzɑu3	
𦯑	dzɑw3/dzɑu3	
造	dzɑw3/dzɑu3	
造	tsʰɑw3/tsʰɑu3	
艁	dzɑw3/dzɑu3	
艁	tsʰɑw3/tsʰɑu3	
暠	qɑw2/kɑu2	
杲	qɑw2/kɑu2	
稾	qɑw2/kɑu2	
稾	qʰɑw3/kʰɑu3	
藁	qɑw2/kɑu2	
縞	qɑw2/kɑu2	
縞	qɑw3/kɑu3	
槀	qɑw2/kɑu2	
槀	qʰɑw2/kʰɑu2	
㚖	qɑw2/kɑu2	
㚖	tɕʰɛk4/tʃʰiek4	
菒	qɑw2/kɑu2	
𥓖	qɑw2/kɑu2	
好	χɑw2/hɑu2	
好	χɑw3/hɑu3	
𡚽	χɑw2/hɑu2	
𡚽	χɑw3/hɑu3	
蓩	mɑw2/muɔu2	
蓩	mɨwk4/muk4	
䓮	mɑw2/muɔu2	
䓮	mɨw3/muəu3	
媢	mɑw2/muɔu2	
媢	mʲi3/mi3	
媢	mɑw3/muɔu3	
媢	mɨwk4/muk4	
𠔼	mɑw2/muɔu2	
𠔼	mɨw3/muəu3	
寶	pɑw2/puɔu2	
珤	pɑw2/puɔu2	
保	pɑw2/puɔu2	
𡥀	pɑw2/puɔu2	
堢	pɑw2/puɔu2	
堡	pɑw2/puɔu2	
褓	pɑw2/puɔu2	
緥	pɑw2/puɔu2	
鴇	pɑw2/puɔu2	
葆	pɑw2/puɔu2	
駂	pɑw2/puɔu2	
䎂	pɑw2/puɔu2	
宲	pɑw2/puɔu2	
賲	pɑw2/puɔu2	
𠤏	pɑw2/puɔu2	
襖	ʔɑw2/ʔɑu2	
镺	ʔɑw2/ʔɑu2	
镺	ʔɑw3/ʔɑu3	
懊	ʔɑw2/ʔɑu2	
懊	ʔɑw3/ʔɑu3	
懊	ʔˠɨwk4/ʔɨuk4	
䐿	ʔɑw2/ʔɑu2	
䐿	ʔɑw3/ʔɑu3	
䐿	ʔˠɨwk4/ʔɨuk4	
䴠	ʔɑw2/ʔɑu2	
媼	ʔɑw2/ʔɑu2	
燠	ʔɑw2/ʔɑu2	
燠	ʔɑw3/ʔɑu3	
燠	ʔˠɨwk4/ʔɨuk4	
㤇	ʔɑw2/ʔɑu2	
郩	ʔɑw2/ʔɑu2	
䯠	ʔɑw2/ʔɑu2	
𪁾	ʔɑw2/ʔɑu2	
考	qʰɑw2/kʰɑu2	
攷	qʰɑw2/kʰɑu2	
栲	qʰɑw2/kʰɑu2	
祰	qʰɑw2/kʰɑu2	
祰	qɨwk4/kuk4	
洘	qʰɑw2/kʰɑu2	
燺	qʰɑw2/kʰɑu2	
丂	qʰɑw2/kʰɑu2	
䯪	qʰɑw2/kʰɑu2	
䯪	qʰɑw3/kʰɑu3	
𦽀	ɴɑw2/ŋɑu2	
𩑤	ɴɑw2/ŋɑu2	
哿	qɑ2/kɑ2	
舸	qɑ2/kɑ2	
𥰮	qɑ2/kɑ2	
嚲	tɑ2/tɑ2	
䯬	tɑ2/tɑ2	
䫂	tɑ2/tɑ2	
褨	sɑ2/sɑ2	
柁	dɑ3/dɑ3	
舵	dɑ3/dɑ3	
𣵻	dɑ3/dɑ3	
我	ɴɑ2/ŋɑ2	
騀	ɴɑ2/ŋɑ2	
㧴	ɴɑ2/ŋɑ2	
㰁	lɑ2/lɑ2	
𨬅	lɑ2/lɑ2	
攞	lɑ2/lɑ2	
砢	lɑ2/lɑ2	
㦬	lɑ2/lɑ2	
曪	lɑ2/lɑ2	
𣂞	lɑ2/lɑ2	
𠻡	lɑ2/lɑ2	
橠	nɑ2/nɑ2	
娜	nɑ2/nɑ2	
㡅	nɑ2/nɑ2	
𢄴	nɑ2/nɑ2	
㰤	χɑ2/hɑ2	
㰤	χɑ3/hɑ3	
㰤	qʰa3/kʰɯa3	
㗿	χɑ2/hɑ2	
㗿	χa2/hɯa2	
㗿	χa3/hɯa3	
㪃	χɑ2/hɑ2	
㪋	χɑ2/hɑ2	
㪋	ʁɑn3/ɦɑn3	
可	qʰɑ2/kʰɑ2	
岢	qʰɑ2/kʰɑ2	
坷	qʰɑ2/kʰɑ2	
坷	qʰɑ3/kʰɑ3	
𨵌	ʔɑ2/ʔɑ2	
𣘨	ʔɑ2/ʔɑ2	
㫊	ʔɑ2/ʔɑ2	
𧙃	ʔɑ2/ʔɑ2	
左	tsɑ2/tsɑ2	
左	tsɑ3/tsɑ3	
㝾	tsɑ2/tsɑ2	
㝾	tsɑ3/tsɑ3	
𠂇	tsɑ2/tsɑ2	
果	qwɑ2/kuɔ2	
菓	qwɑ2/kuɔ2	
猓	qwɑ2/kuɔ2	
鐹	qwɑ2/kuɔ2	
鐹	qwɑ3/kuɔ3	
裹	qwɑ2/kuɔ2	
裹	qwɑ3/kuɔ3	
蜾	qwɑ2/kuɔ2	
惈	qwɑ2/kuɔ2	
䴹	qwɑ2/kuɔ2	
䴹	ʁwa3/ɦua3	
粿	qwɑ2/kuɔ2	
埵	twɑ2/tuɔ2	
挆	twɑ2/tuɔ2	
挆	twɑ3/tuɔ3	
𦀉	twɑ2/tuɔ2	
朵	twɑ2/tuɔ2	
朶	twɑ2/tuɔ2	
綞	twɑ2/tuɔ2	
鍺	twɑ2/tuɔ2	
䤪	twɑ2/tuɔ2	
𩊜	twɑ2/tuɔ2	
𩊜	dwɑ3/duɔ3	
鎖	swɑ2/suɔ2	
瑣	swɑ2/suɔ2	
溑	swɑ2/suɔ2	
䈗	swɑ2/suɔ2	
䵀	swɑ2/suɔ2	
𩹳	swɑ2/suɔ2	
𥔭	swɑ2/suɔ2	
䣔	swɑ2/suɔ2	
𢱡	swɑ2/suɔ2	
𧴪	swɑ2/suɔ2	
垛	dwɑ3/duɔ3	
𤬾	dwɑ3/duɔ3	
䅜	dwɑ3/duɔ3	
䅜	ʑwi3/ʒyi̯3	
𥳔	dwɑ3/duɔ3	
䤻	dwɑ3/duɔ3	
憜	dwɑ3/duɔ3	
惰	dwɑ3/duɔ3	
嫷	dwɑ3/duɔ3	
嫷	tʰwɑ2/tʰuɔ2	
嫷	tʰwɑ3/tʰuɔ3	
嶞	dwɑ3/duɔ3	
妥	tʰwɑ2/tʰuɔ2	
橢	tʰwɑ2/tʰuɔ2	
𨼰	tʰwɑ2/tʰuɔ2	
鵎	tʰwɑ2/tʰuɔ2	
麼	mɑ2/muɔ2	
𣋟	mɑ2/muɔ2	
懡	mɑ2/muɔ2	
坐	dzwɑ3/dzuɔ3	
𡋲	dzwɑ3/dzuɔ3	
㛂	ɴwɑ2/ŋuɔ2	
㛂	nwɑ2/nuɔ2	
裸	lwɑ2/luɔ2	
躶	lwɑ2/luɔ2	
𧝹	lwɑ2/luɔ2	
臝	lwɑ2/luɔ2	
瘰	lwɑ2/luɔ2	
𤼠	lwɑ2/luɔ2	
蓏	lwɑ2/luɔ2	
𢫷	nwɑ2/nuɔ2	
跛	pɑ2/puɔ2	
跛	pˠi3/pɨi̯3	
簸	pɑ2/puɔ2	
簸	pɑ3/puɔ3	
駊	pɑ2/puɔ2	
駊	pʰɑ2/pʰuɔ2	
㝿	pɑ2/puɔ2	
叵	pʰɑ2/pʰuɔ2	
𡽠	pʰɑ2/pʰuɔ2	
禍	ʁwɑ3/ɦuɔ3	
𥚁	ʁwɑ3/ɦuɔ3	
𡖿	ʁwɑ3/ɦuɔ3	
𣄸	ʁwɑ3/ɦuɔ3	
𨘌	ʁwɑ3/ɦuɔ3	
火	χwɑ2/huɔ2	
邩	χwɑ2/huɔ2	
顆	qʰwɑ2/kʰuɔ2	
堁	qʰwɑ2/kʰuɔ2	
堁	qʰwɑj3/kʰuoi3	
堁	qʰwɑ3/kʰuɔ3	
敤	qʰwɑ2/kʰuɔ2	
敤	qʰwɑ3/kʰuɔ3	
爸	bɑ3/buɔ3	
䂳	tsʰwɑ2/tsʰuɔ2	
䂳	tʂʰwa2/tʂʰua2	
馬	ma2/mua2	
碼	ma2/mua2	
䣕	ma2/mua2	
䣕	ma3/mua3	
罵	ma2/mua2	
罵	ma3/mua3	
𥧓	ma2/mua2	
鷌	ma2/mua2	
鰢	ma2/mua2	
者	tɕa2/tʃia2	
赭	tɕa2/tʃia2	
𡐨	ja2/jia2	
也	ja2/jia2	
冶	ja2/jia2	
雅	ɴa2/ŋɯa2	
庌	ɴa2/ŋɯa2	
厊	ɴa2/ŋɯa2	
㿿	ɴa2/ŋɯa2	
檟	qa2/kɯa2	
榎	qa2/kɯa2	
嘏	qa2/kɯa2	
假	qa2/kɯa2	
假	qa3/kɯa3	
叚	qa2/kɯa2	
斝	qa2/kɯa2	
椵	qa2/kɯa2	
椵	qa3/kɯa3	
婽	qa2/kɯa2	
啞	ʔa2/ʔɯa2	
啞	ʔa3/ʔɯa3	
啞	ʔɛk4/ʔɯɛk4	
瘂	ʔa2/ʔɯa2	
𤺘	ʔa2/ʔɯa2	
灺	zʲa3/zia3	
䵦	zʲa3/zia3	
下	ʁa3/ɦɯa3	
丅	ʁa3/ɦɯa3	
夏	ʁa3/ɦɯa3	
廈	ʁa3/ɦɯa3	
寫	sʲa2/sia2	
𣞐	sʲa2/sia2	
瀉	sʲa2/sia2	
瀉	sʲa3/sia3	
𣬕	sʲa2/sia2	
𡎬	tʂwa2/tʂua2	
乜	mʲa2/mia2	
閜	χa2/hɯa2	
襾	χa2/hɯa2	
襾	ʔa3/ʔɯa3	
社	ʑa3/ʒia3	
𥁹	ʑa3/ʒia3	
𣝒	ʑa3/ʒia3	
跒	qʰa2/kʰɯa2	
跁	ba3/bua3	
䇑	ba3/bua3	
捨	ɕa2/ʃia2	
舍	ɕa2/ʃia2	
舍	ɕa3/ʃia3	
騇	ɕa2/ʃia2	
騇	ɕa3/ʃia3	
䬷	ɕa2/ʃia2	
𩜉	ɕa2/ʃia2	
姐	tsʲa2/tsia2	
飷	tsʲa2/tsia2	
把	pa2/pua2	
踝	ʁwa3/ɦua3	
䋀	ʁwa3/ɦua3	
𦖍	ʁwa3/ɦua3	
觟	ʁwa3/ɦua3	
𩸄	ʁwa3/ɦua3	
𢦚	ʁwa3/ɦua3	
寡	qwa2/kua2	
冎	qwa2/kua2	
剮	qwa2/kua2	
𣑍	qwa2/kua2	
𠊰	qwa2/kua2	
䈑	qwa2/kua2	
𧤐	qwa2/kua2	
瓦	ɴwa2/ŋua2	
瓦	ɴwa3/ŋua3	
邷	ɴwa2/ŋua2	
惹	ɲa2/ɲʒia2	
惹	ɲɑk4/ɲʒɨɔk4	
𠰒	ɲa2/ɲʒia2	
鮓	tʂa2/tʂɯa2	
厏	tʂa2/tʂɯa2	
厏	dʐa3/dʐɯa3	
痄	tʂa2/tʂɯa2	
奲	tɕʰa2/tʃʰia2	
㨋	tɕʰa2/tʃʰia2	
䰩	tɕʰa2/tʃʰia2	
撦	tɕʰa2/tʃʰia2	
䋾	ʈa2/ʈɯa2	
䋈	ɳa2/ɳɯa2	
骻	qʰwa2/kʰua2	
㡁	qʰwa2/kʰua2	
銙	qʰwa2/kʰua2	
𢄳	qʰwa2/kʰua2	
㐄	qʰwa2/kʰua2	
㐄	qʰwa3/kʰua3	
䊬	ʈʰwa2/ʈʰua2	
𧫝	ʂwa2/ʂua2	
傻	ʂwa2/ʂua2	
傻	ʂwa3/ʂua3	
奼	ʈʰa2/ʈʰɯa2	
奼	tu3/tu3	
奼	ʈa3/ʈɯa3	
藞	la2/ɭɯa2	
養	jɑŋ2/jɨɔŋ2	
養	jɑŋ3/jɨɔŋ3	
癢	jɑŋ2/jɨɔŋ2	
瀁	jɑŋ2/jɨɔŋ2	
瀁	jɑŋ3/jɨɔŋ3	
蝆	jɑŋ2/jɨɔŋ2	
勨	jɑŋ2/jɨɔŋ2	
勨	zʲɑŋ3/zɨɔŋ3	
𧓲	jɑŋ2/jɨɔŋ2	
像	zʲɑŋ3/zɨɔŋ3	
象	zʲɑŋ3/zɨɔŋ3	
蟓	zʲɑŋ3/zɨɔŋ3	
蟓	ɕɑŋ3/ʃɨɔŋ3	
橡	zʲɑŋ3/zɨɔŋ3	
襐	zʲɑŋ3/zɨɔŋ3	
鱌	zʲɑŋ3/zɨɔŋ3	
潒	zʲɑŋ3/zɨɔŋ3	
潒	dɑŋ3/dɑŋ3	
𦺨	zʲɑŋ3/zɨɔŋ3	
𨖶	zʲɑŋ3/zɨɔŋ3	
嶑	zʲɑŋ3/zɨɔŋ3	
㢡	tsʲɑŋ2/tsɨɔŋ2	
獎	tsʲɑŋ2/tsɨɔŋ2	
䉃	tsʲɑŋ2/tsɨɔŋ2	
槳	tsʲɑŋ2/tsɨɔŋ2	
㯍	tsʲɑŋ2/tsɨɔŋ2	
㒳	lˠɑŋ2/ɭɨɔŋ2	
兩	lˠɑŋ2/ɭɨɔŋ2	
兩	lˠɑŋ3/ɭɨɔŋ3	
脼	lˠɑŋ2/ɭɨɔŋ2	
𣓈	lˠɑŋ2/ɭɨɔŋ2	
緉	lˠɑŋ2/ɭɨɔŋ2	
緉	lˠɑŋ3/ɭɨɔŋ3	
蜽	lˠɑŋ2/ɭɨɔŋ2	
魎	lˠɑŋ2/ɭɨɔŋ2	
㔝	lˠɑŋ2/ɭɨɔŋ2	
鞅	ʔˠɑŋ2/ʔɨɔŋ2	
柍	ʔˠɑŋ2/ʔɨɔŋ2	
䬬	ʔˠɑŋ2/ʔɨɔŋ2	
䬬	ʔˠɑŋ3/ʔɨɔŋ3	
詇	ʔˠɑŋ2/ʔɨɔŋ2	
詇	ʔˠɑŋ3/ʔɨɔŋ3	
詇	ʔˠɛŋ3/ʔɨeŋ3	
岟	ʔˠɑŋ2/ʔɨɔŋ2	
駚	ʔˠɑŋ2/ʔɨɔŋ2	
駚	ʔɑŋ2/ʔɑŋ2	
炴	ʔˠɑŋ2/ʔɨɔŋ2	
𧵌	ʔˠɑŋ2/ʔɨɔŋ2	
怏	ʔˠɑŋ2/ʔɨɔŋ2	
怏	ʔˠɑŋ3/ʔɨɔŋ3	
紻	ʔˠɑŋ2/ʔɨɔŋ2	
誩	ɡˠɑŋ3/ɡɨɔŋ3	
誩	ɡˠɛŋ3/ɡɨeŋ3	
誩	tʰɑm3/tʰɑm3	
滰	ɡˠɑŋ3/ɡɨɔŋ3	
仰	ŋˠɑŋ2/ŋɨɔŋ2	
仰	ŋˠɑŋ3/ŋɨɔŋ3	
磢	tʂʰɑŋ2/tʂʰʅɔŋ2	
㼽	tʂʰɑŋ2/tʂʰʅɔŋ2	
㼽	ʂɑŋ2/ʂʅɔŋ2	
𠞮	tʂʰɑŋ2/tʂʰʅɔŋ2	
漺	tʂʰɑŋ2/tʂʰʅɔŋ2	
漺	ʂɑŋ2/ʂʅɔŋ2	
愴	tʂʰɑŋ2/tʂʰʅɔŋ2	
愴	tʂʰɑŋ3/tʂʰʅɔŋ3	
想	sʲɑŋ2/sɨɔŋ2	
鯗	sʲɑŋ2/sɨɔŋ2	
掌	tɕɑŋ2/tʃɨɔŋ2	
仉	tɕɑŋ2/tʃɨɔŋ2	
𤓯	tɕɑŋ2/tʃɨɔŋ2	
𤕤	ʂɑŋ2/ʂʅɔŋ2	
爽	ʂɑŋ2/ʂʅɔŋ2	
𦄍	ʂɑŋ2/ʂʅɔŋ2	
塽	ʂɑŋ2/ʂʅɔŋ2	
樉	ʂɑŋ2/ʂʅɔŋ2	
䫪	ʂɑŋ2/ʂʅɔŋ2	
䫪	tʂʰɑŋ2/tʂʰʅɔŋ2	
響	xˠɑŋ2/hɨɔŋ2	
饗	xˠɑŋ2/hɨɔŋ2	
蠁	xˠɑŋ2/hɨɔŋ2	
蠁	xˠɑŋ3/hɨɔŋ3	
䖮	xˠɑŋ2/hɨɔŋ2	
亯	xˠɑŋ2/hɨɔŋ2	
嚮	xˠɑŋ2/hɨɔŋ2	
嚮	xˠɑŋ3/hɨɔŋ3	
曏	xˠɑŋ2/hɨɔŋ2	
曏	ɕɑŋ2/ʃɨɔŋ2	
曏	ɕɑŋ3/ʃɨɔŋ3	
曏	xˠɑŋ3/hɨɔŋ3	
敞	tɕʰɑŋ2/tʃʰɨɔŋ2	
𢠵	tɕʰɑŋ2/tʃʰɨɔŋ2	
氅	tɕʰɑŋ2/tʃʰɨɔŋ2	
𪅶	tɕʰɑŋ2/tʃʰɨɔŋ2	
廠	tɕʰɑŋ2/tʃʰɨɔŋ2	
廠	tɕʰɑŋ3/tʃʰɨɔŋ3	
䟫	tɕʰɑŋ2/tʃʰɨɔŋ2	
僘	tɕʰɑŋ2/tʃʰɨɔŋ2	
繈	kˠɑŋ2/kɨɔŋ2	
鏹	kˠɑŋ2/kɨɔŋ2	
襁	kˠɑŋ2/kɨɔŋ2	
膙	kˠɑŋ2/kɨɔŋ2	
憼	kˠɑŋ2/kɨɔŋ2	
憼	kˠɛŋ2/kɨeŋ2	
丈	ɖˠɑŋ3/ɖɨɔŋ3	
杖	ɖˠɑŋ3/ɖɨɔŋ3	
仗	ɖˠɑŋ3/ɖɨɔŋ3	
㽴	ɖˠɑŋ3/ɖɨɔŋ3	
昶	ʈˠʰɑŋ2/ʈʰɨɔŋ2	
昶	ʈˠʰɑŋ3/ʈʰɨɔŋ3	
鋹	ʈˠʰɑŋ2/ʈʰɨɔŋ2	
獷	kˠwɑŋ2/kʉɔŋ2	
獷	qwɛŋ2/kuɛŋ2	
壤	ɲɑŋ2/ɲʒɨɔŋ2	
䖆	ɲɑŋ2/ɲʒɨɔŋ2	
䖆	ɳˠɑŋ3/ɳɨɔŋ3	
䑋	ɲɑŋ2/ɲʒɨɔŋ2	
𥗝	ɲɑŋ2/ɲʒɨɔŋ2	
賞	ɕɑŋ2/ʃɨɔŋ2	
𩞧	ɕɑŋ2/ʃɨɔŋ2	
𩞃	ɕɑŋ2/ʃɨɔŋ2	
髣	fʰɑŋ2/pfʰuɔŋ2	
仿	fʰɑŋ2/pfʰuɔŋ2	
紡	fʰɑŋ2/pfʰuɔŋ2	
鶭	fʰɑŋ2/pfʰuɔŋ2	
网	ɱɑŋ2/mvuɔŋ2	
網	ɱɑŋ2/mvuɔŋ2	
罔	ɱɑŋ2/mvuɔŋ2	
輞	ɱɑŋ2/mvuɔŋ2	
棢	ɱɑŋ2/mvuɔŋ2	
惘	ɱɑŋ2/mvuɔŋ2	
菵	ɱɑŋ2/mvuɔŋ2	
誷	ɱɑŋ2/mvuɔŋ2	
𡔞	ɱɑŋ2/mvuɔŋ2	
𦖉	ɱɑŋ2/mvuɔŋ2	
蛧	ɱɑŋ2/mvuɔŋ2	
魍	ɱɑŋ2/mvuɔŋ2	
昉	fɑŋ2/pfuɔŋ2	
倣	fɑŋ2/pfuɔŋ2	
放	fɑŋ2/pfuɔŋ2	
放	fɑŋ3/pfuɔŋ3	
瓬	fɑŋ2/pfuɔŋ2	
枉	ʔˠwɑŋ2/ʔʉɔŋ2	
𢼟	ʔˠwɑŋ2/ʔʉɔŋ2	
𣢫	ʔˠwɑŋ2/ʔʉɔŋ2	
往	ɰwɑŋ2/ʉɔŋ2	
暀	ɰwɑŋ2/ʉɔŋ2	
暀	ɰwɑŋ3/ʉɔŋ3	
暀	ʁwɑŋ3/ɦuɔŋ3	
怳	xˠwɑŋ2/hʉɔŋ2	
摤	tsʲʰɑŋ2/tsʰɨɔŋ2	
上	ʑɑŋ3/ʒɨɔŋ3	
丄	ʑɑŋ3/ʒɨɔŋ3	
俇	ɡˠwɑŋ3/ɡʉɔŋ3	
俇	kˠwɑŋ3/kʉɔŋ3	
臩	kˠwɑŋ2/kʉɔŋ2	
臩	kˠwɛŋ2/kʉeŋ2	
迋	kˠwɑŋ2/kʉɔŋ2	
迋	ɰwɑŋ3/ʉɔŋ3	
𠏤	kˠwɑŋ2/kʉɔŋ2	
逛	kˠwɑŋ2/kʉɔŋ2	
𩦠	bʲɛw1/bieu1	
傸	tʂʰɑŋ2/tʂʰʅɔŋ2	
蕩	dɑŋ3/dɑŋ3	
蕩	tʰɑŋ3/tʰɑŋ3	
婸	dɑŋ3/dɑŋ3	
𥯕	dɑŋ3/dɑŋ3	
𥯕	tʰɑŋ2/tʰɑŋ2	
𢠽	dɑŋ3/dɑŋ3	
愓	dɑŋ3/dɑŋ3	
璗	dɑŋ3/dɑŋ3	
䑗	dɑŋ3/dɑŋ3	
嵣	dɑŋ3/dɑŋ3	
顙	sɑŋ2/sɑŋ2	
𣞙	sɑŋ2/sɑŋ2	
𣡆	sɑŋ2/sɑŋ2	
磉	sɑŋ2/sɑŋ2	
廣	qwɑŋ2/kuɔŋ2	
牓	pɑŋ2/puɔŋ2	
𣮧	pɑŋ2/puɔŋ2	
髒	tsɑŋ2/tsɑŋ2	
曩	nɑŋ2/nɑŋ2	
灢	nɑŋ2/nɑŋ2	
灢	nɑŋ3/nɑŋ3	
骯	ʁɑŋ3/ɦɑŋ3	
骯	qʰɑŋ2/kʰɑŋ2	
䟘	ʁɑŋ3/ɦɑŋ3	
䟘	qɑŋ2/kɑŋ2	
𡕬	ʁɑŋ3/ɦɑŋ3	
曭	tʰɑŋ2/tʰɑŋ2	
儻	tʰɑŋ2/tʰɑŋ2	
儻	tʰɑŋ3/tʰɑŋ3	
偒	tʰɑŋ2/tʰɑŋ2	
戃	tʰɑŋ2/tʰɑŋ2	
矘	tʰɑŋ2/tʰɑŋ2	
爣	tʰɑŋ2/tʰɑŋ2	
𣎲	tʰɑŋ2/tʰɑŋ2	
㼒	tʰɑŋ2/tʰɑŋ2	
㿩	tʰɑŋ2/tʰɑŋ2	
攩	tʰɑŋ2/tʰɑŋ2	
攩	ʁwɑŋ3/ɦuɔŋ3	
茻	mɑŋ2/muɔŋ2	
壾	mɑŋ2/muɔŋ2	
䁳	mɑŋ2/muɔŋ2	
䒎	mɑŋ2/muɔŋ2	
㬒	mɑŋ2/muɔŋ2	
蟒	mɑŋ2/muɔŋ2	
漭	mɑŋ2/muɔŋ2	
漭	mɑŋ3/muɔŋ3	
㟐	mɑŋ2/muɔŋ2	
㟐	mɑŋ3/muɔŋ3	
黨	tɑŋ2/tɑŋ2	
讜	tɑŋ2/tɑŋ2	
欓	tɑŋ2/tɑŋ2	
䣣	tɑŋ2/tɑŋ2	
𧅗	tɑŋ2/tɑŋ2	
朗	lɑŋ2/lɑŋ2	
朖	lɑŋ2/lɑŋ2	
誏	lɑŋ2/lɑŋ2	
俍	lɑŋ2/lɑŋ2	
崀	lɑŋ2/lɑŋ2	
坱	ʔɑŋ2/ʔɑŋ2	
映	ʔɑŋ2/ʔɑŋ2	
映	ʔˠɛŋ3/ʔɨeŋ3	
醠	ʔɑŋ2/ʔɑŋ2	
醠	ʔɑŋ3/ʔɑŋ3	
䇦	ʔɑŋ2/ʔɑŋ2	
盎	ʔɑŋ2/ʔɑŋ2	
盎	ʔɑŋ3/ʔɑŋ3	
軮	ʔɑŋ2/ʔɑŋ2	
慷	qʰɑŋ2/kʰɑŋ2	
𡻚	qʰɑŋ2/kʰɑŋ2	
䡉	qʰɑŋ2/kʰɑŋ2	
䡉	qʰwɑŋ2/kʰuɔŋ2	
懬	qʰɑŋ2/kʰɑŋ2	
懬	qʰwɑŋ2/kʰuɔŋ2	
㳹	ʔwɑŋ2/ʔuɔŋ2	
瀇	ʔwɑŋ2/ʔuɔŋ2	
晃	ʁwɑŋ3/ɦuɔŋ3	
幌	ʁwɑŋ3/ɦuɔŋ3	
櫎	ʁwɑŋ3/ɦuɔŋ3	
榥	ʁwɑŋ3/ɦuɔŋ3	
滉	ʁwɑŋ3/ɦuɔŋ3	
皝	ʁwɑŋ3/ɦuɔŋ3	
䒍	pʰɑŋ2/pʰuɔŋ2	
慌	χwɑŋ2/huɔŋ2	
爌	χwɑŋ2/huɔŋ2	
爌	qʰwɑŋ2/kʰuɔŋ2	
爌	qʰwɑŋ3/kʰuɔŋ3	
𡧽	χwɑŋ2/huɔŋ2	
䁜	χwɑŋ2/huɔŋ2	
㬻	χwɑŋ2/huɔŋ2	
䴚	qɑŋ2/kɑŋ2	
𨟼	qɑŋ2/kɑŋ2	
㽘	qɑŋ2/kɑŋ2	
奘	dzɑŋ3/dzɑŋ3	
汻	χɑŋ2/hɑŋ2	
酐	χɑŋ2/hɑŋ2	
𤰟	χɑŋ2/hɑŋ2	
梗	qɛŋ2/kɯɛŋ2	
挭	qɛŋ2/kɯɛŋ2	
哽	qɛŋ2/kɯɛŋ2	
郠	qɛŋ2/kɯɛŋ2	
綆	qɛŋ2/kɯɛŋ2	
鯁	qɛŋ2/kɯɛŋ2	
骾	qɛŋ2/kɯɛŋ2	
𧋑	qɛŋ2/kɯɛŋ2	
丙	pˠɛŋ2/pɨeŋ2	
昞	pˠɛŋ2/pɨeŋ2	
怲	pˠɛŋ2/pɨeŋ2	
怲	pˠɛŋ3/pɨeŋ3	
邴	pˠɛŋ2/pɨeŋ2	
邴	pˠɛŋ3/pɨeŋ3	
炳	pˠɛŋ2/pɨeŋ2	
秉	pˠɛŋ2/pɨeŋ2	
窉	pˠɛŋ2/pɨeŋ2	
苪	pˠɛŋ2/pɨeŋ2	
蛃	pˠɛŋ2/pɨeŋ2	
警	kˠɛŋ2/kɨeŋ2	
儆	kˠɛŋ2/kɨeŋ2	
儆	ɡˠɛŋ3/ɡɨeŋ3	
景	kˠɛŋ2/kɨeŋ2	
境	kˠɛŋ2/kɨeŋ2	
璥	kˠɛŋ2/kɨeŋ2	
影	ʔˠɛŋ2/ʔɨeŋ2	
璟	ʔˠɛŋ2/ʔɨeŋ2	
璟	kˠwɛŋ2/kʉeŋ2	
璄	ʔˠɛŋ2/ʔɨeŋ2	
䭘	ʔˠɛŋ2/ʔɨeŋ2	
摬	ʔˠɛŋ2/ʔɨeŋ2	
㲟	ʔˠɛŋ2/ʔɨeŋ2	
𠝟	ʔˠɛŋ2/ʔɨeŋ2	
𩘑	ʔˠɛŋ2/ʔɨeŋ2	
省	ʂɛŋ2/ʂɯɛŋ2	
省	sʲɛŋ2/sieŋ2	
眚	ʂɛŋ2/ʂɯɛŋ2	
㾪	ʂɛŋ2/ʂɯɛŋ2	
𡞞	ʂɛŋ2/ʂɯɛŋ2	
䚇	ʂɛŋ2/ʂɯɛŋ2	
𨵥	ʂɛŋ2/ʂɯɛŋ2	
㼳	ʂɛŋ2/ʂɯɛŋ2	
渻	ʂɛŋ2/ʂɯɛŋ2	
渻	sʲɛŋ2/sieŋ2	
𨜜	ʂɛŋ2/ʂɯɛŋ2	
永	ɰwɛŋ2/ʉeŋ2	
栐	ɰwɛŋ2/ʉeŋ2	
𦬺	xˠwɛŋ2/hʉeŋ2	
皿	mˠɛŋ2/mɨeŋ2	
𥥊	mˠɛŋ2/mɨeŋ2	
憬	kˠwɛŋ2/kʉeŋ2	
囧	kˠwɛŋ2/kʉeŋ2	
煚	kˠwɛŋ2/kʉeŋ2	
暻	kˠwɛŋ2/kʉeŋ2	
杏	ʁɛŋ3/ɦɯɛŋ3	
莕	ʁɛŋ3/ɦɯɛŋ3	
荇	ʁɛŋ3/ɦɯɛŋ3	
猛	mɛŋ2/muɛŋ2	
蜢	mɛŋ2/muɛŋ2	
艋	mɛŋ2/muɛŋ2	
礦	qwɛŋ2/kuɛŋ2	
鑛	qwɛŋ2/kuɛŋ2	
𨥥	qwɛŋ2/kuɛŋ2	
𪍿	qwɛŋ2/kuɛŋ2	
䵃	qwɛŋ2/kuɛŋ2	
穬	qwɛŋ2/kuɛŋ2	
㑟	pɛŋ2/puɛŋ2	
𧚭	pɛŋ2/puɛŋ2	
㴄	ʔwɛŋ2/ʔuɛŋ2	
奣	ʔwɛŋ2/ʔuɛŋ2	
打	tɛŋ2/tɯɛŋ2	
打	tʲɛŋ2/tieŋ2	
卝	ʁwɛŋ3/ɦuɛŋ3	
澋	ʁwɛŋ3/ɦuɛŋ3	
鮩	bɛŋ3/buɛŋ3	
鮩	bʲɛŋ3/bieŋ3	
鮩	bʲit4/bit4	
𥉁	qʰwɛŋ2/kʰuɛŋ2	
𥉁	kʲwɛŋ2/kyeŋ2	
𥉁	kˠu3/kɨ̯u3	
檸	ɳɛŋ2/ɳɯɛŋ2	
耿	qɛŋ2/kɯɛŋ2	
𦵸	qɛŋ2/kɯɛŋ2	
𥉔	qɛŋ2/kɯɛŋ2	
䁅	mɛŋ2/muɛŋ2	
䁅	mɛŋ3/muɛŋ3	
鼆	mɛŋ2/muɛŋ2	
幸	ʁɛŋ3/ɦɯɛŋ3	
𡴘	ʁɛŋ3/ɦɯɛŋ3	
倖	ʁɛŋ3/ɦɯɛŋ3	
㼬	ʁɛŋ3/ɦɯɛŋ3	
𠊧	bɛŋ3/buɛŋ3	
𩶁	bɛŋ3/buɛŋ3	
皏	pʰɛŋ2/pʰuɛŋ2	
靜	dzʲɛŋ3/dzieŋ3	
睜	dzʲɛŋ3/dzieŋ3	
𩇕	dzʲɛŋ3/dzieŋ3	
靖	dzʲɛŋ3/dzieŋ3	
妌	dzʲɛŋ3/dzieŋ3	
穽	dzʲɛŋ3/dzieŋ3	
阱	dzʲɛŋ3/dzieŋ3	
竫	dzʲɛŋ3/dzieŋ3	
整	tɕɛŋ2/tʃieŋ2	
逞	ʈˠʰɛŋ2/ʈʰieŋ2	
騁	ʈˠʰɛŋ2/ʈʰieŋ2	
悜	ʈˠʰɛŋ2/ʈʰieŋ2	
睈	ʈˠʰɛŋ2/ʈʰieŋ2	
郢	jɛŋ2/jieŋ2	
浧	jɛŋ2/jieŋ2	
梬	jɛŋ2/jieŋ2	
痙	ɡʲɛŋ3/ɡieŋ3	
𠗊	ɡʲɛŋ3/ɡieŋ3	
潁	jwɛŋ2/jyeŋ2	
穎	jwɛŋ2/jyeŋ2	
領	lˠɛŋ2/ɭieŋ2	
嶺	lˠɛŋ2/ɭieŋ2	
袊	lˠɛŋ2/ɭieŋ2	
餅	pʲɛŋ2/pieŋ2	
鉼	pʲɛŋ2/pieŋ2	
併	pʲɛŋ2/pieŋ2	
併	bʲɛŋ3/bieŋ3	
併	pʲɛŋ3/pieŋ3	
䴵	pʲɛŋ2/pieŋ2	
𩒵	kʲʰwɛŋ2/kʰyeŋ2	
㩩	kʲʰwɛŋ2/kʰyeŋ2	
檾	kʲʰwɛŋ2/kʰyeŋ2	
苘	kʲʰwɛŋ2/kʰyeŋ2	
䔛	kʲʰwɛŋ2/kʰyeŋ2	
井	tsʲɛŋ2/tsieŋ2	
𨙷	tsʲɛŋ2/tsieŋ2	
廮	ʔʲɛŋ2/ʔieŋ2	
癭	ʔʲɛŋ2/ʔieŋ2	
𣤵	ʔʲɛŋ2/ʔieŋ2	
𦡺	ʔʲɛŋ2/ʔieŋ2	
睲	sʲɛŋ2/sieŋ2	
睲	sʲɛŋ3/sieŋ3	
㮐	sʲɛŋ2/sieŋ2	
𢜫	sʲɛŋ2/sieŋ2	
眳	mʲɛŋ2/mieŋ2	
慏	mʲɛŋ2/mieŋ2	
徎	ɖˠɛŋ3/ɖieŋ3	
徎	tʲʰɛŋ2/tʰieŋ2	
塣	ɖˠɛŋ3/ɖieŋ3	
迥	ɣʲwɛŋ3/ɦyeŋ3	
炯	ɣʲwɛŋ3/ɦyeŋ3	
炯	kʲwɛŋ2/kyeŋ2	
泂	ɣʲwɛŋ3/ɦyeŋ3	
𦳖	ɣʲwɛŋ3/ɦyeŋ3	
熲	kʲwɛŋ2/kyeŋ2	
炅	kʲwɛŋ2/kyeŋ2	
炅	kʲwɛj3/kyei3	
𠖷	kʲwɛŋ2/kyeŋ2	
㯋	kʲwɛŋ2/kyeŋ2	
𩚱	kʲwɛŋ2/kyeŋ2	
𧍮	kʲwɛŋ2/kyeŋ2	
茗	mʲɛŋ2/mieŋ2	
酩	mʲɛŋ2/mieŋ2	
瀴	mʲɛŋ2/mieŋ2	
瀴	ʔʲɛŋ2/ʔieŋ2	
瀴	ʔɛŋ3/ʔɯɛŋ3	
姳	mʲɛŋ2/mieŋ2	
頂	tʲɛŋ2/tieŋ2	
𩠑	tʲɛŋ2/tieŋ2	
𩕢	tʲɛŋ2/tieŋ2	
奵	tʲɛŋ2/tieŋ2	
耵	tʲɛŋ2/tieŋ2	
鼎	tʲɛŋ2/tieŋ2	
薡	tʲɛŋ2/tieŋ2	
酊	tʲɛŋ2/tieŋ2	
濎	tʲɛŋ2/tieŋ2	
㞟	tʲɛŋ2/tieŋ2	
㞟	dʲɛn3/dien3	
艇	dʲɛŋ3/dieŋ3	
鋌	dʲɛŋ3/dieŋ3	
梃	dʲɛŋ3/dieŋ3	
涏	dʲɛŋ3/dieŋ3	
涏	dʲɛn3/dien3	
誔	dʲɛŋ3/dieŋ3	
珽	tʲʰɛŋ2/tʰieŋ2	
脡	tʲʰɛŋ2/tʰieŋ2	
侹	tʲʰɛŋ2/tʰieŋ2	
侹	tʲʰɛŋ3/tʰieŋ3	
頲	tʲʰɛŋ2/tʰieŋ2	
𡈼	tʲʰɛŋ2/tʰieŋ2	
𤱹	tʲʰɛŋ2/tʰieŋ2	
𨳝	tʲʰɛŋ2/tʰieŋ2	
汫	dzʲɛŋ3/dzieŋ3	
濙	ʔʲwɛŋ2/ʔyeŋ2	
謦	kʲʰɛŋ2/kʰieŋ2	
𩕳	nʲɛŋ2/nieŋ2	
䗿	nʲɛŋ2/nieŋ2	
濘	nʲɛŋ2/nieŋ2	
濘	nʲɛj3/niei3	
濘	nʲɛŋ3/nieŋ3	
䔭	nʲɛŋ2/nieŋ2	
婞	ɣʲɛŋ3/ɦieŋ3	
涬	ɣʲɛŋ3/ɦieŋ3	
脛	ɣʲɛŋ3/ɦieŋ3	
𢙼	ɣʲɛŋ3/ɦieŋ3	
緈	ɣʲɛŋ3/ɦieŋ3	
箵	sʲɛŋ2/sieŋ2	
褧	kʲʰwɛŋ2/kʰyeŋ2	
剄	kʲɛŋ2/kieŋ2	
烴	kʲɛŋ2/kieŋ2	
巊	ʔʲɛŋ2/ʔieŋ2	
𩳍	ʔʲɛŋ2/ʔieŋ2	
𦊓	lʲɛŋ2/lieŋ2	
竝	bʲɛŋ3/bieŋ3	
並	bʲɛŋ3/bieŋ3	
詗	xʲwɛŋ2/hyeŋ2	
詗	xʲwɛŋ3/hyeŋ3	
䀴	ŋʲɛŋ2/ŋieŋ2	
矨	ŋʲɛŋ2/ŋieŋ2	
拯	tɕɨŋ2/tʃiŋ2	
撜	tɕɨŋ2/tʃiŋ2	
氶	tɕɨŋ2/tʃiŋ2	
肯	qʰɨŋ2/kʰəŋ2	
肎	qʰɨŋ2/kʰəŋ2	
有	ɰɨw2/ɨu̯2	
右	ɰɨw2/ɨu̯2	
右	ɰɨw3/ɨu̯3	
䳑	ɰɨw2/ɨu̯2	
友	ɰɨw2/ɨu̯2	
㕛	ɰɨw2/ɨu̯2	
䀁	ɰɨw2/ɨu̯2	
䀁	ɰɨw3/ɨu̯3	
𥁓	ɰɨw2/ɨu̯2	
𥁓	ɰɨw3/ɨu̯3	
栯	ɰɨw2/ɨu̯2	
栯	ʔˠɨwk4/ʔɨuk4	
䒴	ɰɨw2/ɨu̯2	
柳	lˠɨw2/ɭiu̯2	
罶	lˠɨw2/ɭiu̯2	
𦊑	lˠɨw2/ɭiu̯2	
珋	lˠɨw2/ɭiu̯2	
𩖴	lˠɨw2/ɭiu̯2	
嬼	lˠɨw2/ɭiu̯2	
嬼	lˠɨw3/ɭiu̯3	
綹	lˠɨw2/ɭiu̯2	
𨋖	lˠɨw2/ɭiu̯2	
狃	ɳˠɨw2/ɳiu̯2	
狃	ɳˠɨw3/ɳiu̯3	
紐	ɳˠɨw2/ɳiu̯2	
鈕	ɳˠɨw2/ɳiu̯2	
杻	ɳˠɨw2/ɳiu̯2	
杻	ʈˠʰɨw2/ʈʰiu̯2	
禸	ɳˠɨw2/ɳiu̯2	
禸	ɲɨw2/ɲʒiu̯2	
扭	ɳˠɨw2/ɳiu̯2	
扭	ʈˠɨw2/ʈiu̯2	
𢔟	ɳˠɨw2/ɳiu̯2	
䏔	ɳˠɨw2/ɳiu̯2	
𨙺	ɳˠɨw2/ɳiu̯2	
莥	ɳˠɨw2/ɳiu̯2	
丑	ʈˠʰɨw2/ʈʰiu̯2	
杽	ʈˠʰɨw2/ʈʰiu̯2	
肘	ʈˠɨw2/ʈiu̯2	
疛	ʈˠɨw2/ʈiu̯2	
疛	ɖˠɨw3/ɖiu̯3	
𤶡	ʈˠɨw2/ʈiu̯2	
朽	xˠɨw2/hɨu̯2	
㱙	xˠɨw2/hɨu̯2	
㽲	xˠɨw2/hɨu̯2	
殠	xˠɨw2/hɨu̯2	
殠	tɕʰɨw3/tʃʰiu̯3	
久	kˠɨw2/kɨu̯2	
九	kˠɨw2/kɨu̯2	
玖	kˠɨw2/kɨu̯2	
灸	kˠɨw2/kɨu̯2	
灸	kˠɨw3/kɨu̯3	
韭	kˠɨw2/kɨu̯2	
𡚮	kˠɨw2/kɨu̯2	
𨾉	kˠɨw2/kɨu̯2	
首	ɕɨw2/ʃiu̯2	
首	ɕɨw3/ʃiu̯3	
𩠐	ɕɨw2/ʃiu̯2	
𦣻	ɕɨw2/ʃiu̯2	
手	ɕɨw2/ʃiu̯2	
守	ɕɨw2/ʃiu̯2	
守	ɕɨw3/ʃiu̯3	
䭭	ɕɨw2/ʃiu̯2	
醜	tɕʰɨw2/tʃʰiu̯2	
𧃝	tɕʰɨw2/tʃʰiu̯2	
婦	vu3/bvu3	
婦	vɨw3/bvuəu3	老
䘀	vɨw3/bvuəu3	
負	vu3/bvu3	
負	vɨw3/bvuəu3	老
萯	vɨw3/bvuəu3	
蝜	vɨw3/bvuəu3	
阜	vu3/bvu3	
阜	vɨw3/bvuəu3	老
𨸏	vɨw3/bvuəu3	
𪃓	vɨw3/bvuəu3	
偩	vɨw3/bvuəu3	
𦰺	vɨw3/bvuəu3	
𩣸	vɨw3/bvuəu3	
䧞	vɨw3/bvuəu3	
䧞	ma3/mua3	
㷆	vɨw3/bvuəu3	
𧌈	vɨw3/bvuəu3	
缶	fu2/pfu2	
缶	fɨw2/pfuəu2	老
缹	fɨw2/pfuəu2	
糗	kˠʰɨw2/kʰɨu̯2	
楺	ɲɨw2/ɲʒiu̯2	
煣	ɲɨw2/ɲʒiu̯2	
煣	ɲɨw3/ɲʒiu̯3	
輮	ɲɨw2/ɲʒiu̯2	
輮	ɲɨw3/ɲʒiu̯3	
沑	ɲɨw2/ɲʒiu̯2	
沑	ɳˠɨwk4/ɳɨuk4	
𥠊	ɲɨw2/ɲʒiu̯2	
韖	ɲɨw2/ɲʒiu̯2	
粈	ɲɨw2/ɲʒiu̯2	
舅	ɡˠɨw3/ɡɨu̯3	
臼	ɡˠɨw3/ɡɨu̯3	
齨	ɡˠɨw3/ɡɨu̯3	
麔	ɡˠɨw3/ɡɨu̯3	
䳎	ɡˠɨw3/ɡɨu̯3	
䊆	ɡˠɨw3/ɡɨu̯3	
𤷑	ɡˠɨw3/ɡɨu̯3	
䛮	ɡˠɨw3/ɡɨu̯3	
紂	ɖˠɨw3/ɖiu̯3	
䈙	ɖˠɨw3/ɖiu̯3	
葤	ɖˠɨw3/ɖiu̯3	
酉	jɨw2/jiu̯2	
丣	jɨw2/jiu̯2	
誘	jɨw2/jiu̯2	
㕗	jɨw2/jiu̯2	
䛻	jɨw2/jiu̯2	
牖	jɨw2/jiu̯2	
槱	jɨw2/jiu̯2	
槱	jɨw3/jiu̯3	
𥙫	jɨw2/jiu̯2	
莠	jɨw2/jiu̯2	
羑	jɨw2/jiu̯2	
蜏	jɨw2/jiu̯2	
蜏	sʲɨw3/siu̯3	
蜏	jɨw3/jiu̯3	
㝌	jɨw2/jiu̯2	
㝌	kˠɨw3/kɨu̯3	
𣣸	jɨw2/jiu̯2	
琇	jɨw2/jiu̯2	
琇	sʲɨw3/siu̯3	
梄	jɨw2/jiu̯2	
𨣆	jɨw2/jiu̯2	
𦏇	jɨw2/jiu̯2	
受	ʑɨw3/ʒiu̯3	
壽	ʑɨw3/ʒiu̯3	
璹	ʑɨw3/ʒiu̯3	
璹	ʑɨwk4/ʒɨuk4	
綬	ʑɨw3/ʒiu̯3	
滫	sʲɨw2/siu̯2	
糔	sʲɨw2/siu̯2	
䬀	ʔˠɨw2/ʔɨu̯2	
䬀	ʔʲɨw2/ʔiu̯2	
懮	ʔˠɨw2/ʔɨu̯2	
酒	tsʲɨw2/tsiu̯2	
帚	tɕɨw2/tʃiu̯2	
箒	tɕɨw2/tʃiu̯2	
鯞	tɕɨw2/tʃiu̯2	
晭	tɕɨw2/tʃiu̯2	
𧳜	tɕɨw2/tʃiu̯2	
㤱	fʰɨw2/pfʰuəu2	
㤱	fʰɨw3/pfʰuəu3	
𩂆	fʰɨw2/pfʰuəu2	
𧌗	tʂɨw2/tʂʅᵊu2	
𥣙	dʐɨw3/dʐʅᵊu3	
𩋄	tʂʰɨw2/tʂʰʅᵊu2	
𩌄	tʂʰɨw2/tʂʰʅᵊu2	
厚	ʁɨw3/ɦəu3	
垕	ʁɨw3/ɦəu3	
後	ʁɨw3/ɦəu3	
𨒥	ʁɨw3/ɦəu3	
后	ʁɨw3/ɦəu3	
郈	ʁɨw3/ɦəu3	
㖃	ʁɨw3/ɦəu3	
㖃	χɨw2/həu2	
㖃	χɨw3/həu3	
母	mu2/mu2	
母	mɨw2/muəu2	老
牡	mu2/mu2	
牡	mɨw2/muəu2	老
某	mu2/mu2	
某	mɨw2/muəu2	老
拇	mu2/mu2	
拇	mɨw2/muəu2	老
胟	mɨw2/muəu2	
畝	mu2/mu2	
畝	mɨw2/muəu2	老
畮	mu2/mu2	
畮	mɨw2/muəu2	老
畞	mɨw2/muəu2	
𤝕	mɨw2/muəu2	
𤵝	mɨw2/muəu2	
踇	mɨw2/muəu2	
𧿹	mɨw2/muəu2	
犃	bɨw3/buəu3	
䴺	bɨw3/buəu3	
篰	bɨw3/buəu3	
蔀	bɨw3/buəu3	
蔀	pʰɨw2/pʰuəu2	
斗	tɨw2/təu2	
㪷	tɨw2/təu2	
蚪	tɨw2/təu2	
阧	tɨw2/təu2	
陡	tɨw2/təu2	
抖	tɨw2/təu2	
襡	tɨw2/təu2	
襡	dɨw3/dəu3	
襡	tɨw3/təu3	
襡	dɨwk4/duk4	
襡	ʑuk4/ʒɨuk4	
𪌘	tʰɨw2/tʰəu2	
飳	tʰɨw2/tʰəu2	
妵	tʰɨw2/tʰəu2	
黈	tʰɨw2/tʰəu2	
𩿢	tʰɨw2/tʰəu2	
𩿢	dɨw3/dəu3	
蘣	tʰɨw2/tʰəu2	
斢	tʰɨw2/tʰəu2	
鈄	tʰɨw2/tʰəu2	
䱏	tʰɨw2/tʰəu2	
苟	qɨw2/kəu2	
玽	qɨw2/kəu2	
狗	qɨw2/kəu2	
垢	qɨw2/kəu2	
笱	qɨw2/kəu2	
𦊒	qɨw2/kəu2	
耇	qɨw2/kəu2	
詬	qɨw2/kəu2	
詬	qʰɨw3/kʰəu3	
詬	χɨw3/həu3	
茩	qɨw2/kəu2	
敂	qɨw2/kəu2	
豿	qɨw2/kəu2	
藕	ɴɨw2/ŋəu2	
蕅	ɴɨw2/ŋəu2	
偶	ɴɨw2/ŋəu2	
偶	ɴɨw3/ŋəu3	
耦	ɴɨw2/ŋəu2	
㼴	ɴɨw2/ŋəu2	
㨐	pɨw2/puəu2	
㝅	nɨw2/nəu2	
㝅	qɨw3/kəu3	
㳶	nɨw2/nəu2	
𡝦	nɨw2/nəu2	
啂	nɨw2/nəu2	
𡭾	nɨw2/nəu2	
叜	sɨw2/səu2	
叟	sɨw2/səu2	
傁	sɨw2/səu2	
嗾	sɨw2/səu2	
嗾	sɨw3/səu3	
嗾	tsʰɨw3/tsʰəu3	
𠻛	sɨw2/səu2	
擻	sɨw2/səu2	
藪	sɨw2/səu2	
䏂	sɨw2/səu2	
吼	χɨw2/həu2	
吼	χɨw3/həu3	
吽	χɨw2/həu2	
呴	χɨw2/həu2	
呴	xˠu3/hɨ̯u3	
㸸	χɨw2/həu2	
㸸	ʔɨw2/ʔəu2	
㸸	qʰɨw2/kʰəu2	
𤘽	χɨw2/həu2	
䳝	pʰɨw2/pʰuəu2	
毆	ʔɨw2/ʔəu2	
𠙶	ʔɨw2/ʔəu2	
塸	ʔɨw2/ʔəu2	
塿	lɨw2/ləu2	
甊	lɨw2/ləu2	
𪍣	lɨw2/ləu2	
㪹	lɨw2/ləu2	
䅹	lɨw2/ləu2	
走	tsɨw2/tsəu2	
走	tsɨw3/tsəu3	
口	qʰɨw2/kʰəu2	
扣	qʰɨw2/kʰəu2	
扣	qʰɨw3/kʰəu3	
𤘘	qʰɨw2/kʰəu2	
釦	qʰɨw2/kʰəu2	
叩	qʰɨw2/kʰəu2	
𧥣	qʰɨw2/kʰəu2	
𨙫	qʰɨw2/kʰəu2	
䕆	dɨw3/dəu3	
𨪐	dɨw3/dəu3	
𠁁	dɨw3/dəu3	
趣	tsʰɨw2/tsʰəu2	
趣	tsʲʰu3/tsʰɨ̯u3	
蚴	ʔʲɨw2/ʔiu̯2	
糾	kʲɨw2/kiu̯2	
赳	kʲɨw2/kiu̯2	
寑	tsʲʰim2/tsʰim2	
𡪢	tsʲʰim2/tsʰim2	
寢	tsʲʰim2/tsʰim2	
㾛	tsʲʰim2/tsʰim2	
𡬓	tsʲʰim2/tsʰim2	
𦯈	tsʲʰim2/tsʰim2	
䤐	tsʲʰim2/tsʰim2	
䤐	tsʲim2/tsim2	
朕	ɖˠim3/ɖim3	
𦩎	ɖˠim3/ɖim3	
栚	ɖˠim3/ɖim3	
顩	ɖˠim3/ɖim3	
顩	ŋˠɛm2/ŋɨem2	
坅	kˠʰim2/kʰɨm2	
廩	lˠim2/ɭim2	
㐭	lˠim2/ɭim2	
懍	lˠim2/ɭim2	
菻	lˠim2/ɭim2	
顲	lˠim2/ɭim2	
顲	lɑm2/lɑm2	
顲	lɑm3/lɑm3	
𤎭	lˠim2/ɭim2	
癛	lˠim2/ɭim2	
罧	sʲim2/sim2	
罧	ʂim3/ʂʅᵊm3	
伈	sʲim2/sim2	
踸	ʈˠʰim2/ʈʰim2	
鍖	ʈˠʰim2/ʈʰim2	
䫖	ʈˠʰim2/ʈʰim2	
寖	tsʲim2/tsim2	
䭙	tsʲim2/tsim2	
荏	ɲim2/ɲʒim2	
飪	ɲim2/ɲʒim2	
餁	ɲim2/ɲʒim2	
䭃	ɲim2/ɲʒim2	
稔	ɲim2/ɲʒim2	
栠	ɲim2/ɲʒim2	
袵	ɲim2/ɲʒim2	
䏕	ɲim2/ɲʒim2	
䇮	ɲim2/ɲʒim2	
棯	ɲim2/ɲʒim2	
𢆉	ɲim2/ɲʒim2	
腍	ɲim2/ɲʒim2	
䪴	tɕim2/tʃim2	
䪴	tɑm2/tɑm2	
䫬	tɕim2/tʃim2	
邥	ɕim2/ʃim2	
宷	ɕim2/ʃim2	
審	ɕim2/ʃim2	
㰂	ɕim2/ʃim2	
瞫	ɕim2/ʃim2	
瞫	dɑm3/dɑm3	
諗	ɕim2/ʃim2	
魫	ɕim2/ʃim2	
淰	ɕim2/ʃim2	
淰	nʲɛm2/niem2	
淰	ɳam2/ɳɯam2	
㜤	ɕim2/ʃim2	
㜤	nʲɛm2/niem2	
𩶇	ɕim2/ʃim2	
𧀯	ɕim2/ʃim2	
葚	ʑim3/ʒim3	
𣞵	ʑim3/ʒim3	
甚	ʑim3/ʒim3	
瀋	tɕʰim2/tʃʰim2	
墋	tʂʰim2/tʂʰʅᵊm2	
醦	tʂʰim2/tʂʰʅᵊm2	
醦	ʂam2/ʂɯam2	
磣	tʂʰim2/tʂʰʅᵊm2	
拰	ɳˠim2/ɳim2	
噤	ɡˠim3/ɡɨm3	
䫴	ɡˠim3/ɡɨm3	
䫴	ɰim3/ɨm3	
凚	ɡˠim3/ɡɨm3	
錦	kˠim2/kɨm2	
蕈	dzʲim3/dzim3	
僸	ŋˠim2/ŋɨm2	
僸	kˠim3/kɨm3	
趛	ŋˠim2/ŋɨm2	
瘮	ʂim2/ʂʅᵊm2	
稟	pˠim2/pɨm2	
㱃	ʔˠim2/ʔɨm2	
飲	ʔˠim2/ʔɨm2	
飲	ʔˠim3/ʔɨm3	
𤃷	ʔˠim2/ʔɨm2	
𤃷	ʔɑm2/ʔɑm2	
品	pˠʰim2/pʰɨm2	
𩖄	kˠʰim2/kʰɨm2	
𩒣	kˠʰim2/kʰɨm2	
𩒣	kˠʰɛm2/kʰɨem2	
感	qɑm2/kɑm2	
𥸡	qɑm2/kɑm2	
鱤	qɑm2/kɑm2	
贑	qɑm2/kɑm2	
䤗	qɑm2/kɑm2	
贛	qɑm2/kɑm2	
贛	qɨwŋ3/kuŋ3	
贛	qɑm3/kɑm3	
㔶	qɑm2/kɑm2	
㔶	qɨwŋ3/kuŋ3	
𧆐	qɑm2/kɑm2	
𧆐	qɨwŋ3/kuŋ3	
𧆐	qɑm3/kɑm3	
䃭	qɑm2/kɑm2	
灨	qɑm2/kɑm2	
灨	qɑm3/kɑm3	
禫	dɑm3/dɑm3	
䨢	dɑm3/dɑm3	
黮	dɑm3/dɑm3	
黮	tʰɑm2/tʰɑm2	
窞	dɑm3/dɑm3	
髧	dɑm3/dɑm3	
萏	dɑm3/dɑm3	
𧂄	dɑm3/dɑm3	
醰	dɑm3/dɑm3	
嘾	dɑm3/dɑm3	
贉	dɑm3/dɑm3	
𣛱	dɑm3/dɑm3	
晻	ʔɑm2/ʔɑm2	
晻	ʔˠɛm2/ʔɨem2	
黭	ʔɑm2/ʔɑm2	
揞	ʔɑm2/ʔɑm2	
揞	ʔam3/ʔɯam3	
唵	ʔɑm2/ʔɑm2	
罯	ʔɑm2/ʔɑm2	
罯	ʔɑp4/ʔɑp4	
黤	ʔɑm2/ʔɑm2	
黤	ʔam2/ʔɯam2	
腩	nɑm2/nɑm2	
湳	nɑm2/nɑm2	
䈒	nɑm2/nɑm2	
䎃	nɑm2/nɑm2	
䎃	ɲɛm2/ɲʒiem2	
揇	nɑm2/nɑm2	
萳	nɑm2/nɑm2	
𧖺	tʰɑm2/tʰɑm2	
䏙	tʰɑm2/tʰɑm2	
嗿	tʰɑm2/tʰɑm2	
歜	dzɑm3/dzɑm3	
歜	tɕʰuk4/tʃʰɨuk4	
㣅	dzɑm3/dzɑm3	
㔆	dzɑm3/dzɑm3	
慘	tsʰɑm2/tsʰɑm2	
憯	tsʰɑm2/tsʰɑm2	
憯	tsʲʰɛm2/tsʰiem2	
黲	tsʰɑm2/tsʰɑm2	
噆	tsʰɑm2/tsʰɑm2	
噆	tsɑp4/tsɑp4	
䫩	tsʰɑm2/tsʰɑm2	
䫩	sɑm2/sɑm2	
㜝	ɴɑm2/ŋɑm2	
㜝	ʁɑm3/ɦɑm3	
昝	tsɑm2/tsɑm2	
寁	tsɑm2/tsɑm2	
寁	dzʲɛp4/dziep4	
糂	sɑm2/sɑm2	
糝	sɑm2/sɑm2	
糣	sɑm2/sɑm2	
𢕕	sɑm2/sɑm2	
㧲	sɑm2/sɑm2	
䊉	sɑm2/sɑm2	
坎	qʰɑm2/kʰɑm2	
歁	qʰɑm2/kʰɑm2	
歁	qʰɑp4/kʰɑp4	
惂	qʰɑm2/kʰɑm2	
輡	qʰɑm2/kʰɑm2	
錎	qʰɑm2/kʰɑm2	
錎	ʁam3/ɦɯam3	
轗	qʰɑm2/kʰɑm2	
轗	qʰɑm3/kʰɑm3	
埳	qʰɑm2/kʰɑm2	
顑	qʰɑm2/kʰɑm2	
顑	ɴam3/ŋɯam3	
竷	qʰɑm2/kʰɑm2	
竷	qʰɑm3/kʰɑm3	
臽	qʰɑm2/kʰɑm2	
臽	ʁam3/ɦɯam3	
頜	ʁɑm3/ɦɑm3	
頜	qɑp4/kɑp4	
撼	ʁɑm3/ɦɑm3	
菡	ʁɑm3/ɦɑm3	
欿	ʁɑm3/ɦɑm3	
蜭	ʁɑm3/ɦɑm3	
𢇞	ʁɑm3/ɦɑm3	
𢃗	ʁɑm3/ɦɑm3	
莟	ʁɑm3/ɦɑm3	
𡻡	ʁɑm3/ɦɑm3	
壈	lɑm2/lɑm2	
𨎹	lɑm2/lɑm2	
浨	lɑm2/lɑm2	
醂	lɑm2/lɑm2	
𠓭	lɑm2/lɑm2	
漤	lɑm2/lɑm2	
黕	tɑm2/tɑm2	
衴	tɑm2/tɑm2	
丼	tɑm2/tɑm2	
瓭	tɑm2/tɑm2	
䉞	tɑm2/tɑm2	
𥴶	tɑm2/tɑm2	
䫲	χɑm2/hɑm2	
䫲	χɑm3/hɑm3	
敢	qɑm2/kɑm2	
𠭖	qɑm2/kɑm2	
𣪏	qɑm2/kɑm2	
𢽤	qɑm2/kɑm2	
橄	qɑm2/kɑm2	
澉	qɑm2/kɑm2	
澉	tʰɑm3/tʰɑm3	
覽	lɑm2/lɑm2	
爁	lɑm2/lɑm2	
爁	lɑm3/lɑm3	
爁	lˠɛm3/ɭiem3	
攬	lɑm2/lɑm2	
欖	lɑm2/lɑm2	
罱	lɑm2/lɑm2	
𦵹	tʰɑm2/tʰɑm2	
菼	tʰɑm2/tʰɑm2	
毯	tʰɑm2/tʰɑm2	
𦃖	tʰɑm2/tʰɑm2	
膽	tɑm2/tɑm2	
紞	tɑm2/tɑm2	
䃫	tɑm2/tɑm2	
黵	tɑm2/tɑm2	
𪆻	tɑm2/tɑm2	
噉	dɑm3/dɑm3	
啖	dɑm3/dɑm3	
啗	dɑm3/dɑm3	
𥲄	dɑm3/dɑm3	
憺	dɑm3/dɑm3	
㛧	mɑm2/muɔm2	
𩛎	mɑm2/muɔm2	
䭕	tsɑm2/tsɑm2	
㟛	dzɑm3/dzɑm3	
喊	χɑm2/hɑm2	
喊	ʁam3/ɦɯam3	
喊	χam2/hɯam2	
嚂	χɑm2/hɑm2	
嚂	qʰɑm3/kʰɑm3	
嚂	lɑm3/lɑm3	
壏	χɑm2/hɑm2	
壏	ʁam3/ɦɯam3	
㯺	χɑm2/hɑm2	
㯺	ʁam3/ɦɯam3	
埯	ʔɑm2/ʔɑm2	
埯	ʔˠɛm2/ʔɨem2	
揜	ʔɑm2/ʔɑm2	
揜	ʔˠɛm2/ʔɨem2	
䖔	qʰɑm2/kʰɑm2	
䖔	χɑm3/hɑm3	
琰	jɛm2/jiem2	
剡	jɛm2/jiem2	
剡	ʑɛm3/ʒiem3	
𨁹	jɛm2/jiem2	
棪	jɛm2/jiem2	
燄	jɛm2/jiem2	
扊	jɛm2/jiem2	
夵	jɛm2/jiem2	
䎦	jɛm2/jiem2	
䌪	jɛm2/jiem2	
斂	lˠɛm2/ɭiem2	
斂	lˠɛm3/ɭiem3	
撿	lˠɛm2/ɭiem2	
瀲	lˠɛm2/ɭiem2	
瀲	lˠɛm3/ɭiem3	
嬚	lˠɛm2/ɭiem2	
䭑	lˠɛm2/ɭiem2	
羷	lˠɛm2/ɭiem2	
䌞	lˠɛm2/ɭiem2	
㰈	lˠɛm2/ɭiem2	
㯬	lˠɛm2/ɭiem2	
險	xˠɛm2/hɨem2	
玁	xˠɛm2/hɨem2	
㛍	xˠɛm2/hɨem2	
㛍	kʲʰɛp4/kʰiep4	
㛍	xʲɛp4/hiep4	
嶮	xˠɛm2/hɨem2	
嶮	ŋˠɛm2/ŋɨem2	
貶	pˠɛm2/pɨem2	
𦥘	pˠɛm2/pɨem2	
颭	tɕɛm2/tʃiem2	
𩑳	kˠʰɛm2/kʰɨem2	
嵰	kˠʰɛm2/kʰɨem2	
广	ŋˠɛm2/ŋɨem2	
隒	ŋˠɛm2/ŋɨem2	
嬐	ŋˠɛm2/ŋɨem2	
䲓	ŋˠɛm2/ŋɨem2	
噞	ŋˠɛm2/ŋɨem2	
噞	ŋˠɛm3/ŋɨem3	
儉	ɡˠɛm3/ɡɨem3	
芡	ɡˠɛm3/ɡɨem3	
檢	kˠɛm2/kɨem2	
瞼	kˠɛm2/kɨem2	
黶	ʔʲɛm2/ʔiem2	
𥜒	ʔʲɛm2/ʔiem2	
檿	ʔʲɛm2/ʔiem2	
厭	ʔʲɛm2/ʔiem2	
厭	ʔʲɛm3/ʔiem3	
厭	ʔʲɛp4/ʔiep4	
魘	ʔʲɛm2/ʔiem2	
魘	ʔʲɛp4/ʔiep4	
厴	ʔʲɛm2/ʔiem2	
擪	ʔʲɛm2/ʔiem2	
擪	ʔʲɛp4/ʔiep4	
酓	ʔʲɛm2/ʔiem2	
酓	ʔʲɛm3/ʔiem3	
姌	ɲɛm2/ɲʒiem2	
姌	nʲɛm2/niem2	
苒	ɲɛm2/ɲʒiem2	
染	ɲɛm2/ɲʒiem2	
染	ɲɛm3/ɲʒiem3	
𩃵	ɲɛm2/ɲʒiem2	
䣸	ɲɛm2/ɲʒiem2	
𥬕	ɲɛm2/ɲʒiem2	
陝	ɕɛm2/ʃiem2	
睒	ɕɛm2/ʃiem2	
睒	tʰɑm3/tʰɑm3	
閃	ɕɛm2/ʃiem2	
閃	ɕɛm3/ʃiem3	
𧴭	ɕɛm2/ʃiem2	
覢	ɕɛm2/ʃiem2	
㴸	ɕɛm2/ʃiem2	
㚒	ɕɛm2/ʃiem2	
㚒	ɕɛk4/ʃiek4	
𡟨	ɕɛm2/ʃiem2	
諂	ʈˠʰɛm2/ʈʰiem2	
讇	ʈˠʰɛm2/ʈʰiem2	
奄	ʔˠɛm2/ʔɨem2	
𩃗	ʔˠɛm2/ʔɨem2	
㭺	ʔˠɛm2/ʔɨem2	
掩	ʔˠɛm2/ʔɨem2	
裺	ʔˠɛm2/ʔɨem2	
裺	ʔˠɛm3/ʔɨem3	
渰	ʔˠɛm2/ʔɨem2	
罨	ʔˠɛm2/ʔɨem2	
罨	ʔɑp4/ʔɑp4	
罨	ʔˠɛp4/ʔɨep4	
𤗎	ʔˠɛm2/ʔɨem2	
𡹮	ʔˠɛm2/ʔɨem2	
𣃳	ʔˠɛm2/ʔɨem2	
𣃳	ʔʲɛp4/ʔiep4	
𥕌	dzʲɛm3/dziem3	
蔪	dzʲɛm3/dziem3	
𦾶	dzʲɛm3/dziem3	
䟅	dzʲɛm3/dziem3	
䤔	dzʲɛm3/dziem3	
䤘	tsʲʰɛm2/tsʰiem2	
䤘	tʂʰam2/tʂʰɯam2	
𩟗	tsʲɛm2/tsiem2	
脥	kʲʰɛm2/kʰiem2	
忝	tʲʰɛm2/tʰiem2	
忝	tʲʰɛm3/tʰiem3	
䄼	tʲʰɛm2/tʰiem2	
栝	tʲʰɛm2/tʰiem2	
栝	qwɑt4/kuot4	
悿	tʲʰɛm2/tʰiem2	
𨸱	nʲɛm2/niem2	
𨸱	tʲʰɛm3/tʰiem3	
點	tʲɛm2/tiem2	
玷	tʲɛm2/tiem2	
𦒻	tʲɛm2/tiem2	
𦒻	tʲɛm3/tiem3	
㓠	tʲɛm2/tiem2	
䍄	tʲɛm2/tiem2	
簟	dʲɛm3/diem3	
扂	dʲɛm3/diem3	
𠂼	dʲɛm3/diem3	
驔	dʲɛm3/diem3	
㶘	dʲɛm3/diem3	
嗛	kʲʰɛm2/kʰiem2	
歉	kʲʰɛm2/kʰiem2	
歉	qʰam2/kʰɯam2	
歉	qʰam3/kʰɯam3	
慊	kʲʰɛm2/kʰiem2	
膁	kʲʰɛm2/kʰiem2	
𤬓	lʲɛm2/liem2	
鼸	ɣʲɛm3/ɦiem3	
㺌	ɣʲɛm3/ɦiem3	
㺌	ʁam3/ɦɯam3	
𡕢	mʲɛm2/miem2	
𡕢	ɱɛm2/mvuɐm2	
厸	mʲɛm2/miem2	
儼	ŋˠɛm2/ŋɨem2	
𠆲	ŋˠɛm2/ŋɨem2	
㢂	ŋˠɛm2/ŋɨem2	
𢇘	ŋˠɛm2/ŋɨem2	
曮	ŋˠɛm2/ŋɨem2	
䇜	kˠʰɛm2/kʰɨem2	
豏	ʁam3/ɦɯam3	
減	ʁam3/ɦɯam3	
減	qam2/kɯam2	
㺝	ʁam3/ɦɯam3	
𡞣	ʁam3/ɦɯam3	
𥻇	ʁam3/ɦɯam3	
㴴	ɖam3/ɖɯam3	
偡	ɖam3/ɖɯam3	
㦿	qʰam2/kʰɯam2	
𣓅	qʰam2/kʰɯam2	
槏	qʰam2/kʰɯam2	
鹻	qam2/kɯam2	
𥳒	qam2/kɯam2	
瀺	dʐam3/dʐɯam3	
醶	lam2/ɭɯam2	
醶	tʂʰam2/tʂʰɯam2	
斬	tʂam2/tʂɯam2	
鬫	χam2/hɯam2	
𧀵	ʂam2/ʂɯam2	
𦊔	ɳam2/ɳɯam2	
𦌫	ɳam2/ɳɯam2	
𠐩	ʈʰam2/ʈʰɯam2	
旵	ʈʰam2/ʈʰɯam2	
檻	ʁam3/ɦɯam3	
艦	ʁam3/ɦɯam3	
𥽏	ʁam3/ɦɯam3	
濫	ʁam3/ɦɯam3	
濫	lɑm3/lɑm3	
𨏊	ʁam3/ɦɯam3	
轞	ʁam3/ɦɯam3	
𪒠	ʔam2/ʔɯam2	
𪒠	ʔam3/ʔɯam3	
㺖	χam2/hɯam2	
㺖	ʁɑm3/ɦɑm3	
㺖	tʂʰam3/tʂʰɯam3	
豃	χam2/hɯam2	
范	vɛm3/bvuɐm3	
範	vɛm3/bvuɐm3	
軓	vɛm3/bvuɐm3	
笵	vɛm3/bvuɐm3	
犯	vɛm3/bvuɐm3	
𧍙	vɛm3/bvuɐm3	
錽	ɱɛm2/mvuɐm2	
𢨔	ɱɛm2/mvuɐm2	
𦜒	fɛm2/pfuɐm2	
凵	kˠʰɛm2/kʰɨem2	
㧄	kˠʰɛm2/kʰɨem2	
釩	fʰɛm2/pfʰuɐm2	
𠑆	ʈˠʰɛm2/ʈʰiem2	
𨇧	ʈˠʰɛm2/ʈʰiem2	
送	sɨwŋ3/suŋ3	
鳳	vuŋ3/bvuŋ3	
𠤈	vuŋ3/bvuŋ3	
貢	qɨwŋ3/kuŋ3	
𣹟	qɨwŋ3/kuŋ3	
羾	qɨwŋ3/kuŋ3	
䇨	qɨwŋ3/kuŋ3	
㯯	qɨwŋ3/kuŋ3	
弄	lɨwŋ3/luŋ3	
𢙱	lɨwŋ3/luŋ3	
梇	lɨwŋ3/luŋ3	
哢	lɨwŋ3/luŋ3	
㢅	lɨwŋ3/luŋ3	
㳥	lɨwŋ3/luŋ3	
棟	tɨwŋ3/tuŋ3	
㼯	tɨwŋ3/tuŋ3	
𩭩	tɨwŋ3/tuŋ3	
鞚	qʰɨwŋ3/kʰuŋ3	
𤗇	qʰɨwŋ3/kʰuŋ3	
糉	tsɨwŋ3/tsuŋ3	
粽	tsɨwŋ3/tsuŋ3	
瓮	ʔɨwŋ3/ʔuŋ3	
甕	ʔɨwŋ3/ʔuŋ3	
𦉥	ʔɨwŋ3/ʔuŋ3	
𪖵	ʔɨwŋ3/ʔuŋ3	
謥	tsʰɨwŋ3/tsʰuŋ3	
憁	tsʰɨwŋ3/tsʰuŋ3	
㓊	dɨwŋ3/duŋ3	
胴	dɨwŋ3/duŋ3	
慟	dɨwŋ3/duŋ3	
駧	dɨwŋ3/duŋ3	
迵	dɨwŋ3/duŋ3	
㢥	dɨwŋ3/duŋ3	
𩐵	dɨwŋ3/duŋ3	
痛	tʰɨwŋ3/tʰuŋ3	
仲	ɖˠɨwŋ3/ɖɨuŋ3	
𩿀	ɖˠɨwŋ3/ɖɨuŋ3	
諷	fuŋ3/pfuŋ3	
䛪	kˠʰɨwŋ3/kʰɨuŋ3	
䠻	kˠʰɨwŋ3/kʰɨuŋ3	
㝱	mɨwŋ3/mvuŋ3	
䠢	mɨwŋ3/mvuŋ3	
𧽒	xˠɨwŋ3/hɨuŋ3	
䠗	xˠɨwŋ3/hɨuŋ3	
䠗	kʲʰɨw3/kʰiu̯3	
賵	fʰuŋ3/pfʰuŋ3	
𣀒	dzɨwŋ3/dzuŋ3	
𠏭	dzɨwŋ3/dzuŋ3	
哄	ʁɨwŋ3/ɦuŋ3	
鬨	ʁɨwŋ3/ɦuŋ3	
鬨	ʁawŋ3/ɦɯaŋ3	
蕻	ʁɨwŋ3/ɦuŋ3	
齈	nɨwŋ3/nuŋ3	
癑	nɨwŋ3/nuŋ3	
銃	tɕʰɨwŋ3/tʃʰɨuŋ3	
戇	χɨwŋ3/huŋ3	
戇	ʈawŋ3/ʈɯaŋ3	
宋	sɨwŋ3/suŋ3	
綜	tsɨwŋ3/tsuŋ3	
䝋	tsɨwŋ3/tsuŋ3	
錝	tsɨwŋ3/tsuŋ3	
統	tʰɨwŋ3/tʰuŋ3	
用	juŋ3/jɨuŋ3	
誦	zʲuŋ3/zɨuŋ3	
㡝	vuŋ3/bvuŋ3	
龏	kˠuŋ3/kɨuŋ3	
龏	ʔawk4/ʔɯak4	
堹	ʈˠuŋ3/ʈɨuŋ3	
諥	ʈˠuŋ3/ʈɨuŋ3	
瘲	tsʲuŋ3/tsɨuŋ3	
𩉪	ɲuŋ3/ɲʒɨuŋ3	
𩼅	ɲuŋ3/ɲʒɨuŋ3	
偅	tɕuŋ3/tʃɨuŋ3	
𨉢	ɖˠuŋ3/ɖɨuŋ3	
贚	lˠuŋ3/ɭɨuŋ3	
絳	qawŋ3/kɯaŋ3	
𡲣	qawŋ3/kɯaŋ3	
巷	ʁawŋ3/ɦɯaŋ3	
衖	ʁawŋ3/ɦɯaŋ3	
𢤤	ɖawŋ3/ɖɯaŋ3	
𥈄	ʈʰawŋ3/ʈʰɯaŋ3	
漴	dʐawŋ3/dʐɯaŋ3	
肨	pʰawŋ3/pʰuaŋ3	
㦼	ʂawŋ3/ʂɯaŋ3	
寘	tɕi3/tʃi3	
忮	tɕi3/tʃi3	
伿	tɕi3/tʃi3	
伿	ji3/ji3	
䚳	tɕi3/tʃi3	
𡽆	tɕi3/tʃi3	
避	bʲi3/bi3	
惴	tɕwi3/tʃyi̯3	
𦥻	tɕwi3/tʃyi̯3	
𦦇	tɕwi3/tʃyi̯3	
詈	lˠi3/ɭi3	
荔	lˠi3/ɭi3	
荔	lʲɛj3/liei3	
㿛	lˠi3/ɭi3	
㿛	lʲɛj3/liei3	
珕	lˠi3/ɭi3	
珕	lʲɛj3/liei3	
𥶾	lˠi3/ɭi3	
𥶾	lʲɛj3/liei3	
豉	ʑi3/ʒi3	
𢻃	ʑi3/ʒi3	
𢐂	ʑi3/ʒi3	
𢐂	ʈˠi3/ʈi3	
䩃	ʑi3/ʒi3	
積	tsi3/tsi3	
積	tsʲɛk4/tsiek4	
𧂐	tsi3/tsi3	
𦎸	tsi3/tsi3	
𦎸	dzi3/dzi3	
賜	si3/si3	
𧀩	si3/si3	
澌	si3/si3	
𣩠	si3/si3	
儩	si3/si3	
杫	si3/si3	
䞈	kˠwi3/kɨui3	
𢈌	kˠwi3/kɨui3	
貱	pˠi3/pɨi̯3	
髲	bˠi3/bɨi̯3	
鞁	bˠi3/bɨi̯3	
㢰	bˠi3/bɨi̯3	
𤿙	bˠi3/bɨi̯3	
𤿙	tʂi3/tʂʅi̯3	
寄	kˠi3/kɨi̯3	
䐀	kˠi3/kɨi̯3	
臂	pʲi3/pi3	
芰	ɡˠi3/ɡɨi̯3	
䝸	ɡˠi3/ɡɨi̯3	
䛋	ɡˠi3/ɡɨi̯3	
䛋	tsʰi3/tsʰi3	
刺	tsʰi3/tsʰi3	
刺	tsʲʰɛk4/tsʰiek4	
刾	tsʰi3/tsʰi3	
㢀	tsʰi3/tsʰi3	
朿	tsʰi3/tsʰi3	
㡹	tsʰi3/tsʰi3	
𧧒	tsʰi3/tsʰi3	
莿	tsʰi3/tsʰi3	
庛	tsʰi3/tsʰi3	
蛓	tsʰi3/tsʰi3	
易	ji3/ji3	
易	jɛk4/jiek4	
㑥	ji3/ji3	
貤	ji3/ji3	
貤	ʑi3/ʒi3	
㒾	ji3/ji3	
㒾	ɕi3/ʃi3	
敡	ji3/ji3	
議	ŋˠi3/ŋɨi̯3	
誼	ŋˠi3/ŋɨi̯3	
竩	ŋˠi3/ŋɨi̯3	
𩈭	ŋˠi3/ŋɨi̯3	
義	ŋˠi3/ŋɨi̯3	
譬	pʲʰi3/pʰi3	
㵨	pʲʰi3/pʰi3	
漬	dzi3/dzi3	
眥	dzi3/dzi3	
眥	dzʲɛj3/dziei3	
㱴	dzi3/dzi3	
髊	dzi3/dzi3	
智	ʈˠi3/ʈi3	
𣉻	ʈˠi3/ʈi3	
潪	ʈˠi3/ʈi3	
潪	ɖˠɛk4/ɖiek4	
縋	ɖˠwi3/ɖyi̯3	
膇	ɖˠwi3/ɖyi̯3	
硾	ɖˠwi3/ɖyi̯3	
𥞃	tɕʰwi3/tʃʰyi̯3	
嚱	xˠi3/hɨi̯3	
𢺵	kʲʰi3/kʰi3	
𨑤	kʲʰi3/kʰi3	
吱	kʲʰi3/kʰi3	
縊	ʔʲi3/ʔi3	
縊	ʔʲɛj3/ʔiei3	
㱲	ʔʲi3/ʔi3	
螠	ʔʲi3/ʔi3	
翅	ɕi3/ʃi3	
𦐊	ɕi3/ʃi3	
啻	ɕi3/ʃi3	
卶	ɕi3/ʃi3	
卶	tɕʰi3/tʃʰi3	
翨	ɕi3/ʃi3	
翨	kʲi3/ki3	
曬	ʂi3/ʂʅi̯3	
曬	ʂaj3/ʂɯai3	
觖	kʲʰwi3/kʰyi̯3	
觖	kʲwɛt4/kyet4	
僞	ŋˠwi3/ŋɨui3	
恚	ʔʲwi3/ʔyi̯3	
㜇	ʔʲwi3/ʔyi̯3	
睡	ʑwi3/ʒyi̯3	
瑞	ʑwi3/ʒyi̯3	
䄲	ɲwi3/ɲʒyi̯3	
䅗	sʲwi3/syi̯3	
瀡	sʲwi3/syi̯3	
娷	ʈˠwi3/ʈyi̯3	
諈	ʈˠwi3/ʈyi̯3	
瓗	jwi3/jyi̯3	
䜜	jwi3/jyi̯3	
贀	jwi3/jyi̯3	
諉	ɳˠwi3/ɳyi̯3	
㨅	ɳˠwi3/ɳyi̯3	
㢻	ɳˠwi3/ɳyi̯3	
瞡	kʲwi3/kyi̯3	
𧙁	tʂi3/tʂʅi̯3	
至	tɕi3/tʃi3	
摯	tɕi3/tʃi3	
贄	tɕi3/tʃi3	
鷙	tɕi3/tʃi3	
礩	tɕi3/tʃi3	
礩	tɕit4/tʃit4	
䥍	tɕi3/tʃi3	
䥍	tɕip4/tʃip4	
懥	tɕi3/tʃi3	
懥	ʈˠi3/ʈi3	
䲀	tɕi3/tʃi3	
𩊝	tɕi3/tʃi3	
𩊞	tɕi3/tʃi3	
𢄢	tɕi3/tʃi3	
𢄢	ɕwɛj3/ʃyei3	
𡠗	tɕi3/tʃi3	
𡠗	tɕip4/tʃip4	
位	ɰwi3/ɨui3	
媚	mˠi3/mɨi̯3	
魅	mˠi3/mɨi̯3	
鬽	mˠi3/mɨi̯3	
篃	mˠi3/mɨi̯3	
蝞	mˠi3/mɨi̯3	
嚜	mˠi3/mɨi̯3	
䉋	mˠi3/mɨi̯3	
煝	mˠi3/mɨi̯3	
遂	zʲwi3/zyi̯3	
彗	zʲwi3/zyi̯3	
彗	ɰwɛj3/ʉoi3	
彗	zʲwɛj3/zyei3	
隧	zʲwi3/zyi̯3	
襚	zʲwi3/zyi̯3	
旞	zʲwi3/zyi̯3	
璲	zʲwi3/zyi̯3	
檖	zʲwi3/zyi̯3	
𣔾	zʲwi3/zyi̯3	
𤓫	zʲwi3/zyi̯3	
𤎩	zʲwi3/zyi̯3	
燧	zʲwi3/zyi̯3	
澻	zʲwi3/zyi̯3	
䡵	zʲwi3/zyi̯3	
鐆	zʲwi3/zyi̯3	
鐩	zʲwi3/zyi̯3	
穟	zʲwi3/zyi̯3	
𦼯	zʲwi3/zyi̯3	
蔧	zʲwi3/zyi̯3	
𦂁	zʲwi3/zyi̯3	
㒸	zʲwi3/zyi̯3	
𥝩	zʲwi3/zyi̯3	
穗	zʲwi3/zyi̯3	
䉌	zʲwi3/zyi̯3	
𩏚	zʲwi3/zyi̯3	
醉	tsʲwi3/tsyi̯3	
邃	sʲwi3/syi̯3	
祟	sʲwi3/syi̯3	
誶	sʲwi3/syi̯3	
誶	swɑj3/suoi3	
誶	dzʲwit4/dzyt4	
粹	sʲwi3/syi̯3	
睟	sʲwi3/syi̯3	
𠭥	sʲwi3/syi̯3	
𠭥	tɕwɛj3/tʃyei3	
賥	sʲwi3/syi̯3	
譢	sʲwi3/syi̯3	
𢢝	sʲwi3/syi̯3	
類	lˠwi3/ɭyi̯3	
淚	lˠwi3/ɭyi̯3	
𦝭	lˠwi3/ɭyi̯3	
蘱	lˠwi3/ɭyi̯3	
蘱	lwɑj3/luoi3	
䇐	lˠwi3/ɭyi̯3	
䇐	lˠi3/ɭi3	
䇐	lˠip4/ɭip4	
禷	lˠwi3/ɭyi̯3	
祕	pˠi3/pɨi̯3	
毖	pˠi3/pɨi̯3	
閟	pˠi3/pɨi̯3	
轡	pˠi3/pɨi̯3	
柲	pˠi3/pɨi̯3	
柲	bʲit4/bit4	
柲	pˠit4/pɨt4	
柲	bʲɛt4/biet4	
鉍	pˠi3/pɨi̯3	
鉍	pˠit4/pɨt4	
泌	pˠi3/pɨi̯3	
泌	bʲit4/bit4	
泌	pˠit4/pɨt4	
鄪	pˠi3/pɨi̯3	
費	pˠi3/pɨi̯3	
費	fʰi3/pfʰi3	
費	vi3/bvi3	
䀣	pˠi3/pɨi̯3	
䀣	mat4/muat4	
䪐	pˠi3/pɨi̯3	
𠨘	pˠi3/pɨi̯3	
粊	pˠi3/pɨi̯3	
䉾	pˠi3/pɨi̯3	
𡛗	pˠi3/pɨi̯3	
匱	ɡˠwi3/ɡɨui3	
蕢	ɡˠwi3/ɡɨui3	
蕢	qʰwaj3/kʰuai3	
饋	ɡˠwi3/ɡɨui3	
餽	ɡˠwi3/ɡɨui3	
𦆠	ɡˠwi3/ɡɨui3	
櫃	ɡˠwi3/ɡɨui3	
樻	ɡˠwi3/ɡɨui3	
樻	kˠʰwi3/kʰɨui3	
簣	ɡˠwi3/ɡɨui3	
簣	qʰwaj3/kʰuai3	
𩌃	ɡˠwi3/ɡɨui3	
濞	pˠʰi3/pʰɨi̯3	
濞	pʲʰɛj3/pʰiei3	
嚊	pˠʰi3/pʰɨi̯3	
䑄	pˠʰi3/pʰɨi̯3	
䑄	bˠi3/bɨi̯3	
䑄	bʲi3/bi3	
㿙	pˠʰi3/pʰɨi̯3	
𦤢	pˠʰi3/pʰɨi̯3	
淠	pˠʰi3/pʰɨi̯3	
淠	pʲʰɛj3/pʰiei3	
備	bˠi3/bɨi̯3	
俻	bˠi3/bɨi̯3	
𤰇	bˠi3/bɨi̯3	
𤰈	bˠi3/bɨi̯3	
𡚤	bˠi3/bɨi̯3	
奰	bˠi3/bɨi̯3	
糒	bˠi3/bɨi̯3	
犕	bˠi3/bɨi̯3	
絥	bˠi3/bɨi̯3	
絥	vuk4/bvuk4	
鞴	bˠi3/bɨi̯3	
鞴	bu3/bu3	
鞴	vuk4/bvuk4	
𩎓	bˠi3/bɨi̯3	
贔	bˠi3/bɨi̯3	
𣖾	bˠi3/bɨi̯3	
㣁	bˠi3/bɨi̯3	
㸢	bˠi3/bɨi̯3	
媿	kˠwi3/kɨui3	
愧	kˠwi3/kɨui3	
聭	kˠwi3/kɨui3	
䁛	kˠwi3/kɨui3	
帥	ʂwi3/ʂʯᵊi3	
帥	ʂwit4/ʂʯᵊt4	
率	ʂwi3/ʂʯᵊi3	
率	ʂwit4/ʂʯᵊt4	
喟	kˠʰwi3/kʰɨui3	
喟	qʰwaj3/kʰuai3	
嘳	kˠʰwi3/kʰɨui3	
嘳	qʰwaj3/kʰuai3	
䯣	kˠʰwi3/kʰɨui3	
䰎	kˠʰwi3/kʰɨui3	
腃	kˠʰwi3/kʰɨui3	
䙡	kˠʰwi3/kʰɨui3	
尯	kˠʰwi3/kʰɨui3	
𨌗	kˠʰwi3/kʰɨui3	
豷	xˠwi3/hɨui3	
豷	ʔʲɛj3/ʔiei3	
嗜	ʑi3/ʒi3	
𩝙	ʑi3/ʒi3	
𨢍	ʑi3/ʒi3	
利	lˠi3/ɭi3	
𥝢	lˠi3/ɭi3	
䬆	lˠi3/ɭi3	
䬆	lˠit4/ɭit4	
莅	lˠi3/ɭi3	
涖	lˠi3/ɭi3	
涖	lʲɛj3/liei3	
痢	lˠi3/ɭi3	
䚕	lˠi3/ɭi3	
䚕	lʲɛj3/liei3	
膩	ɳˠi3/ɳi3	
𦡸	ɳˠi3/ɳi3	
䁊	ɳˠi3/ɳi3	
䁊	ʔwɑt4/ʔuot4	
䣵	ɳˠi3/ɳi3	
䣵	ɲi3/ɲʒi3	
屁	pʲʰi3/pʰi3	
䊧	pʲʰi3/pʰi3	
䊧	fʰi3/pfʰi3	
劓	ŋˠi3/ŋɨi̯3	
致	ʈˠi3/ʈi3	
懫	ʈˠi3/ʈi3	
懫	tɕit4/tʃit4	
疐	ʈˠi3/ʈi3	
疐	tʲɛj3/tiei3	
𢷟	ʈˠi3/ʈi3	
𨆫	ʈˠi3/ʈi3	
躓	ʈˠi3/ʈi3	
𨎌	ʈˠi3/ʈi3	
輊	ʈˠi3/ʈi3	
騺	ʈˠi3/ʈi3	
䞃	ʈˠi3/ʈi3	
𣱐	ʈˠi3/ʈi3	
𣱐	ʔʲin3/ʔin3	
質	ʈˠi3/ʈi3	
質	tɕit4/tʃit4	
駤	ʈˠi3/ʈi3	
棄	kʲʰi3/kʰi3	
弃	kʲʰi3/kʰi3	
夡	kʲʰi3/kʰi3	
㞓	kʲʰi3/kʰi3	
蟿	kʲʰi3/kʰi3	
蟿	kʲʰɛj3/kʰiei3	
緻	ɖˠi3/ɖi3	
稚	ɖˠi3/ɖi3	
稺	ɖˠi3/ɖi3	
𦃘	ɖˠi3/ɖi3	
𩹈	ɖˠi3/ɖi3	
𠊷	ɖˠi3/ɖi3	
𢴧	ɖˠi3/ɖi3	
𩋩	ɖˠi3/ɖi3	
𦥐	ɖˠi3/ɖi3	
寐	mʲi3/mi3	
杘	ʈˠʰi3/ʈʰi3	
𣐉	ʈˠʰi3/ʈʰi3	
𦥊	ʈˠʰi3/ʈʰi3	
跮	ʈˠʰi3/ʈʰi3	
跮	ʈˠʰit4/ʈʰit4	
冀	kˠi3/kɨi̯3	
兾	kˠi3/kɨi̯3	
覬	kˠi3/kɨi̯3	
穊	kˠi3/kɨi̯3	
驥	kˠi3/kɨi̯3	
𩥉	kˠi3/kɨi̯3	
洎	kˠi3/kɨi̯3	
洎	ɡˠi3/ɡɨi̯3	
懻	kˠi3/kɨi̯3	
臮	ɡˠi3/ɡɨi̯3	
暨	ɡˠi3/ɡɨi̯3	
暨	kˠi3/kɨi̯3	
暨	kˠit4/kɨt4	
鱀	ɡˠi3/ɡɨi̯3	
垍	ɡˠi3/ɡɨi̯3	
塈	ɡˠi3/ɡɨi̯3	
塈	xˠi3/hɨi̯3	
𣽍	ɡˠi3/ɡɨi̯3	
悸	ɡʲwi3/ɡyi̯3	
猤	ɡʲwi3/ɡyi̯3	
痵	ɡʲwi3/ɡyi̯3	
𡬄	ɡʲwi3/ɡyi̯3	
翠	tsʲʰwi3/tsʰyi̯3	
二	ɲi3/ɲʒi3	
弍	ɲi3/ɲʒi3	
貳	ɲi3/ɲʒi3	
樲	ɲi3/ɲʒi3	
髶	ɲi3/ɲʒi3	
恣	tsi3/tsi3	
𣣌	tsi3/tsi3	
𣣌	tsʰi3/tsʰi3	
次	tsʰi3/tsʰi3	
䳐	tsʰi3/tsʰi3	
佽	tsʰi3/tsʰi3	
絘	tsʰi3/tsʰi3	
𩾔	tsʰi3/tsʰi3	
𧊒	tsʰi3/tsʰi3	
䯸	tsʰi3/tsʰi3	
懿	ʔˠi3/ʔɨi̯3	
饐	ʔˠi3/ʔɨi̯3	
㙪	ʔˠi3/ʔɨi̯3	
㙪	ʔʲɛj3/ʔiei3	
欭	ʔˠi3/ʔɨi̯3	
鷧	ʔˠi3/ʔɨi̯3	
撎	ʔˠi3/ʔɨi̯3	
亄	ʔˠi3/ʔɨi̯3	
亄	ʔˠit4/ʔɨt4	
四	si3/si3	
亖	si3/si3	
𦉭	si3/si3	
肆	si3/si3	
𩬶	si3/si3	
柶	si3/si3	
泗	si3/si3	
牭	si3/si3	
𧳙	si3/si3	
𧳙	ɡˠi3/ɡɨi̯3	
㣈	si3/si3	
駟	si3/si3	
𦞤	si3/si3	
蕼	si3/si3	
肂	si3/si3	
器	kˠʰi3/kʰɨi̯3	
季	kʲwi3/kyi̯3	
鼻	bʲi3/bi3	
𤹝	bʲi3/bi3	
坒	bʲi3/bi3	
坒	bʲit4/bit4	
襣	bʲi3/bi3	
䫁	bʲi3/bi3	
痹	pʲi3/pi3	
畀	pʲi3/pi3	
庇	pʲi3/pi3	
萃	dzʲwi3/dzyi̯3	
顇	dzʲwi3/dzyi̯3	
悴	dzʲwi3/dzyi̯3	
㱖	dzʲwi3/dzyi̯3	
䆊	dzʲwi3/dzyi̯3	
瘁	dzʲwi3/dzyi̯3	
地	dʲi3/di3	
墬	dʲi3/di3	
齂	xˠi3/hɨi̯3	
齂	χaj3/hɯai3	
齂	mat4/muat4	
㕧	xˠi3/hɨi̯3	
屓	xˠi3/hɨi̯3	
呬	xˠi3/hɨi̯3	
𤡬	xˠi3/hɨi̯3	
䨳	xˠi3/hɨi̯3	
肄	ji3/ji3	
殔	ji3/ji3	
㡼	ji3/ji3	
勩	ji3/ji3	
勩	jɛj3/jiei3	
隶	ji3/ji3	
㣇	ji3/ji3	
㣇	dʲɛj3/diei3	
𥿫	ji3/ji3	
諡	ʑi3/ʒi3	
謚	ʑi3/ʒi3	
謚	ʔʲɛk4/ʔiek4	
自	dzi3/dzi3	
嫉	dzi3/dzi3	
嫉	dzʲit4/dzit4	
墜	ɖˠwi3/ɖyi̯3	
懟	ɖˠwi3/ɖyi̯3	
出	tɕʰwi3/tʃʰyi̯3	
出	tɕʰwit4/tʃʰyt4	
𤀷	jwi3/jyi̯3	
𢣘	jwi3/jyi̯3	
瞶	jwi3/jyi̯3	
瞶	kˠwi3/kɨui3	
䗽	jwi3/jyi̯3	
侐	xʲwi3/hyi̯3	
侐	xˠwɨk4/hʉik4	
轛	ʈˠwi3/ʈyi̯3	
轛	twɑj3/tuoi3	
痓	tɕʰi3/tʃʰi3	
詄	ɕi3/ʃi3	
詄	dʲɛt4/diet4	
㿷	tʂʰwi3/tʂʰʯᵊi3	
㿷	tsʰɑw3/tsʰɑu3	
㽷	ɕwi3/ʃyi̯3	
𥤼	ɕwi3/ʃyi̯3	
志	tɕi3/tʃi3	
娡	tɕi3/tʃi3	
䓌	tɕi3/tʃi3	
誌	tɕi3/tʃi3	
痣	tɕi3/tʃi3	
織	tɕi3/tʃi3	
織	tɕɨk4/tʃik4	
識	tɕi3/tʃi3	
識	ɕɨk4/ʃik4	
值	ɖˠi3/ɖi3	
植	ɖˠi3/ɖi3	
植	ʑɨk4/ʒik4	
㨁	ɖˠi3/ɖi3	
㨁	ʑɨk4/ʒik4	
𠍜	ɖˠi3/ɖi3	
寺	zi3/zi3	
嗣	zi3/zi3	
孠	zi3/zi3	
飤	zi3/zi3	
飼	zi3/zi3	
蚝	tsʰi3/tsʰi3	
螆	tsʰi3/tsʰi3	
𧉠	tsʰi3/tsʰi3	
笥	si3/si3	
試	ɕi3/ʃi3	
弑	ɕi3/ʃi3	
幟	ɕi3/ʃi3	
幟	tɕʰi3/tʃʰi3	
僿	ɕi3/ʃi3	
胾	tʂi3/tʂʅi̯3	
事	tʂi3/tʂʅi̯3	
事	dʐi3/dʐʅi̯3	
剚	tʂi3/tʂʅi̯3	
倳	tʂi3/tʂʅi̯3	
吏	lˠi3/ɭi3	
字	dzi3/dzi3	
牸	dzi3/dzi3	
茡	dzi3/dzi3	
芓	dzi3/dzi3	
䰡	ʈˠʰi3/ʈʰi3	
餌	ɲi3/ɲʒi3	
𩱓	ɲi3/ɲʒi3	
珥	ɲi3/ɲʒi3	
衈	ɲi3/ɲʒi3	
毦	ɲi3/ɲʒi3	
刵	ɲi3/ɲʒi3	
佴	ɲi3/ɲʒi3	
佴	nɑj3/nɑi3	
䎶	ɲi3/ɲʒi3	
㛅	ɲi3/ɲʒi3	
䏪	ɲi3/ɲʒi3	
眲	ɲi3/ɲʒi3	
眲	ɳɛk4/ɳɯɛk4	
𦖢	ɲi3/ɲʒi3	
𣳪	ʂi3/ʂʅi̯3	
𧳅	ʂi3/ʂʅi̯3	
𨽄	ʂi3/ʂʅi̯3	
𥥥	ʂi3/ʂʅi̯3	
廁	tʂʰi3/tʂʰʅi̯3	
異	ji3/ji3	
潩	ji3/ji3	
潩	jɨk4/jik4	
食	ji3/ji3	
食	ʑɨk4/ʒik4	
䔬	ji3/ji3	
廙	ji3/ji3	
廙	jɨk4/jik4	
置	ʈˠi3/ʈi3	
侍	ʑi3/ʒi3	
𩛌	dʐi3/dʐʅi̯3	
忌	ɡˠi3/ɡɨi̯3	
惎	ɡˠi3/ɡɨi̯3	
䋟	ɡˠi3/ɡɨi̯3	
鵋	ɡˠi3/ɡɨi̯3	
誋	ɡˠi3/ɡɨi̯3	
梞	ɡˠi3/ɡɨi̯3	
帺	ɡˠi3/ɡɨi̯3	
𥭜	ɡˠi3/ɡɨi̯3	
熾	tɕʰi3/tʃʰi3	
饎	tɕʰi3/tʃʰi3	
𩜮	tɕʰi3/tʃʰi3	
糦	tɕʰi3/tʃʰi3	
𡑠	tɕʰi3/tʃʰi3	
𡑠	ʑɨk4/ʒik4	
埴	tɕʰi3/tʃʰi3	
埴	ʑɨk4/ʒik4	
意	ʔˠi3/ʔɨi̯3	
鷾	ʔˠi3/ʔɨi̯3	
䵝	ʔˠi3/ʔɨi̯3	
記	kˠi3/kɨi̯3	
䰯	ŋˠi3/ŋɨi̯3	
豙	ŋˠi3/ŋɨi̯3	
㘈	ŋˠi3/ŋɨi̯3	
㘈	ŋˠɨk4/ŋɨk4	
㽈	ŋˠi3/ŋɨi̯3	
亟	kˠʰi3/kʰɨi̯3	
亟	kˠɨk4/kɨk4	
唭	kˠʰi3/kʰɨi̯3	
䀈	kˠʰi3/kʰɨi̯3	
䀈	xˠi3/hɨi̯3	
未	ɱi3/mvi3	
味	ɱi3/mvi3	
菋	ɱi3/mvi3	
𩑵	ɱi3/mvi3	
䊊	ɱi3/mvi3	
沬	ɱi3/mvi3	
鮇	ɱi3/mvi3	
𡶎	ɱi3/mvi3	
貴	kˠwi3/kɨui3	
胃	ɰwi3/ɨui3	
謂	ɰwi3/ɨui3	
㥜	ɰwi3/ɨui3	
媦	ɰwi3/ɨui3	
𦩝	ɰwi3/ɨui3	
緯	ɰwi3/ɨui3	
彙	ɰwi3/ɨui3	
蝟	ɰwi3/ɨui3	
渭	ɰwi3/ɨui3	
煟	ɰwi3/ɨui3	
𩹂	ɰwi3/ɨui3	
𨾂	ɰwi3/ɨui3	
緭	ɰwi3/ɨui3	
𢍚	ɰwi3/ɨui3	
𦳢	ɰwi3/ɨui3	
䬑	ɰwi3/ɨui3	
䬑	ɰut4/ɨut4	
魏	ŋˠwi3/ŋɨui3	
沸	fi3/pfi3	
疿	fi3/pfi3	
芾	fi3/pfi3	
芾	pɑj3/puoi3	
芾	fut4/pfut4	
茀	fi3/pfi3	
茀	fʰut4/pfʰut4	
鯡	fi3/pfi3	
㹃	fi3/pfi3	
𩰾	fi3/pfi3	
𧙂	fi3/pfi3	
䛍	fi3/pfi3	
䟛	fi3/pfi3	
䟛	bɑt4/buot4	
髴	fʰi3/pfʰi3	
髴	fut4/pfut4	
髴	fʰut4/pfʰut4	
靅	fʰi3/pfʰi3	
𣙿	fʰi3/pfʰi3	
昲	fʰi3/pfʰi3	
𥽂	kˠʰwi3/kʰɨui3	
𧝷	kˠʰwi3/kʰɨui3	
尉	ʔˠwi3/ʔɨui3	
尉	ʔˠut4/ʔɨut4	
㷉	ʔˠwi3/ʔɨui3	
熨	ʔˠwi3/ʔɨui3	
熨	ʔˠut4/ʔɨut4	
慰	ʔˠwi3/ʔɨui3	
畏	ʔˠwi3/ʔɨui3	
罻	ʔˠwi3/ʔɨui3	
犚	ʔˠwi3/ʔɨui3	
蔚	ʔˠwi3/ʔɨui3	
蔚	ʔˠut4/ʔɨut4	
螱	ʔˠwi3/ʔɨui3	
𧕈	ʔˠwi3/ʔɨui3	
褽	ʔˠwi3/ʔɨui3	
䲁	ʔˠwi3/ʔɨui3	
諱	xˠwi3/hɨui3	
芔	xˠwi3/hɨui3	
泋	xˠwi3/hɨui3	
𥝋	vi3/bvi3	
𦦔	vi3/bvi3	
狒	vi3/bvi3	
㵒	vi3/bvi3	
怫	vi3/bvi3	
怫	vut4/bvut4	
屝	vi3/bvi3	
𧕿	vi3/bvi3	
䨾	vi3/bvi3	
翡	vi3/bvi3	
𡌦	vi3/bvi3	
𩇪	vi3/bvi3	
䠊	vi3/bvi3	
㔗	vi3/bvi3	
𥄱	vi3/bvi3	
𥄱	pʰɑt4/pʰuot4	
黂	vi3/bvi3	
既	kˠi3/kɨi̯3	
溉	kˠi3/kɨi̯3	
溉	qɑj3/kɑi3	
𣢆	kˠi3/kɨi̯3	
旡	kˠi3/kɨi̯3	
蔇	kˠi3/kɨi̯3	
毅	ŋˠi3/ŋɨi̯3	
𢖫	ŋˠi3/ŋɨi̯3	
𧅙	ŋˠi3/ŋɨi̯3	
藙	ŋˠi3/ŋɨi̯3	
䉨	ŋˠi3/ŋɨi̯3	
氣	kˠʰi3/kʰɨi̯3	
氣	xˠi3/hɨi̯3	
炁	kˠʰi3/kʰɨi̯3	
气	kˠʰi3/kʰɨi̯3	
盵	kˠʰi3/kʰɨi̯3	
愾	xˠi3/hɨi̯3	
愾	qʰɑj3/kʰɑi3	
餼	xˠi3/hɨi̯3	
䊠	xˠi3/hɨi̯3	
鎎	xˠi3/hɨi̯3	
𢟪	xˠi3/hɨi̯3	
𢟪	ʔɑj3/ʔɑi3	
熂	xˠi3/hɨi̯3	
黖	xˠi3/hɨi̯3	
摡	xˠi3/hɨi̯3	
摡	qɑj3/kɑi3	
𧱲	xˠi3/hɨi̯3	
䮎	xˠi3/hɨi̯3	
犔	xˠi3/hɨi̯3	
忥	xˠi3/hɨi̯3	
䤒	ɡˠi3/ɡɨi̯3	
御	ŋˠɨ3/ŋɨ̯u3	
馭	ŋˠɨ3/ŋɨ̯u3	
慮	lˠɨ3/ɭɨ̯u3	
勴	lˠɨ3/ɭɨ̯u3	
𥶌	lˠɨ3/ɭɨ̯u3	
𠣊	lˠɨ3/ɭɨ̯u3	
鑢	lˠɨ3/ɭɨ̯u3	
𩥆	lˠɨ3/ɭɨ̯u3	
𡾅	lˠɨ3/ɭɨ̯u3	
𦊼	lˠɨ3/ɭɨ̯u3	
據	kˠɨ3/kɨ̯u3	
鋸	kˠɨ3/kɨ̯u3	
倨	kˠɨ3/kɨ̯u3	
踞	kˠɨ3/kɨ̯u3	
澽	kˠɨ3/kɨ̯u3	
澽	ɡˠɨ3/ɡɨ̯u3	
𧣻	kˠɨ3/kɨ̯u3	
䱟	kˠɨ3/kɨ̯u3	
覰	tsʲʰɨ3/tsʰɨ̯u3	
䁦	tsʲʰɨ3/tsʰɨ̯u3	
刞	tsʲʰɨ3/tsʰɨ̯u3	
蜡	tsʲʰɨ3/tsʰɨ̯u3	
蜡	dʐa3/dʐɯa3	
鼁	kˠʰɨ3/kʰɨ̯u3	
㧁	kˠʰɨ3/kʰɨ̯u3	
㧁	qɑp4/kɑp4	
㧁	qʰɑp4/kʰɑp4	
㧁	ʁɑp4/ɦɑp4	
𩿟	kˠʰɨ3/kʰɨ̯u3	
署	ʑɨ3/ʒɨ̯u3	
薯	ʑɨ3/ʒɨ̯u3	
曙	ʑɨ3/ʒɨ̯u3	
恕	ɕɨ3/ʃɨ̯u3	
庶	ɕɨ3/ʃɨ̯u3	
庶	tɕɨ3/tʃɨ̯u3	
樜	ɕɨ3/ʃɨ̯u3	
樜	tɕa3/tʃia3	
㵂	ɕɨ3/ʃɨ̯u3	
箸	ʈˠɨ3/ʈɨ̯u3	
箸	ɖˠɨ3/ɖɨ̯u3	
䬡	tɕɨ3/tʃɨ̯u3	
翥	tɕɨ3/tʃɨ̯u3	
𤳯	tɕɨ3/tʃɨ̯u3	
䭖	tɕɨ3/tʃɨ̯u3	
䘄	tɕɨ3/tʃɨ̯u3	
𤳐	tɕɨ3/tʃɨ̯u3	
𡻠	tɕɨ3/tʃɨ̯u3	
㫂	tɕɨ3/tʃɨ̯u3	
捒	ʂɨ3/ʂʅu3	
捒	ʂu3/ʂʅu3	
㫹	ʂɨ3/ʂʅu3	
飫	ʔˠɨ3/ʔɨ̯u3	
𩜏	ʔˠɨ3/ʔɨ̯u3	
瘀	ʔˠɨ3/ʔɨ̯u3	
菸	ʔˠɨ3/ʔɨ̯u3	
棜	ʔˠɨ3/ʔɨ̯u3	
筯	ɖˠɨ3/ɖɨ̯u3	
遽	ɡˠɨ3/ɡɨ̯u3	
勮	ɡˠɨ3/ɡɨ̯u3	
絮	sʲɨ3/sɨ̯u3	
絮	ɳˠɨ3/ɳɨ̯u3	
絮	ʈˠʰɨ3/ʈʰɨ̯u3	
絮	ɳa3/ɳɯa3	
助	dʐɨ3/dʐʅu3	
詛	tʂɨ3/tʂʅu3	
豫	jɨ3/jɨ̯u3	
預	jɨ3/jɨ̯u3	
礜	jɨ3/jɨ̯u3	
悆	jɨ3/jɨ̯u3	
𣝑	jɨ3/jɨ̯u3	
蕷	jɨ3/jɨ̯u3	
穥	jɨ3/jɨ̯u3	
忬	jɨ3/jɨ̯u3	
澦	jɨ3/jɨ̯u3	
𡒊	jɨ3/jɨ̯u3	
儊	tʂʰɨ3/tʂʰʅu3	
䖏	tɕʰɨ3/tʃʰɨ̯u3	
遇	ŋˠu3/ŋɨ̯u3	
寓	ŋˠu3/ŋɨ̯u3	
庽	ŋˠu3/ŋɨ̯u3	
媀	ŋˠu3/ŋɨ̯u3	
𤸒	ŋˠu3/ŋɨ̯u3	
嫗	ʔˠu3/ʔɨ̯u3	
饇	ʔˠu3/ʔɨ̯u3	
𦒸	ʑu3/ʒɨ̯u3	
澍	ʑu3/ʒɨ̯u3	
澍	tɕu3/tʃɨ̯u3	
尌	ʑu3/ʒɨ̯u3	
𠊪	ʑu3/ʒɨ̯u3	
住	ɖˠu3/ɖɨ̯u3	
住	ʈˠu3/ʈɨ̯u3	
逗	ɖˠu3/ɖɨ̯u3	
逗	dɨw3/dəu3	
附	vu3/bvu3	
祔	vu3/bvu3	
賻	vu3/bvu3	
駙	vu3/bvu3	
鮒	vu3/bvu3	
䠵	vu3/bvu3	
蚹	vu3/bvu3	
胕	vu3/bvu3	
注	tɕu3/tʃɨ̯u3	
疰	tɕu3/tʃɨ̯u3	
罜	tɕu3/tʃɨ̯u3	
罜	dɨwk4/duk4	
㹥	tɕu3/tʃɨ̯u3	
鑄	tɕu3/tʃɨ̯u3	
馵	tɕu3/tʃɨ̯u3	
註	tɕu3/tʃɨ̯u3	
註	ʈˠu3/ʈɨ̯u3	
霔	tɕu3/tʃɨ̯u3	
㺛	tɕu3/tʃɨ̯u3	
䎷	tɕu3/tʃɨ̯u3	
䎷	fʰu3/pfʰu3	
𠴦	tɕu3/tʃɨ̯u3	
䪒	tɕu3/tʃɨ̯u3	
蛀	tɕu3/tʃɨ̯u3	
屨	kˠu3/kɨ̯u3	
怐	kˠu3/kɨ̯u3	
怐	qʰɨw3/kʰəu3	
怐	qɨw3/kəu3	
怐	χɨw3/həu3	
䈮	kˠu3/kɨ̯u3	
邭	kˠu3/kɨ̯u3	
昫	xˠu3/hɨ̯u3	
酗	xˠu3/hɨ̯u3	
𧏺	xˠu3/hɨ̯u3	
戍	ɕu3/ʃɨ̯u3	
腧	ɕu3/ʃɨ̯u3	
𧼯	ɕu3/ʃɨ̯u3	
䠼	ɕu3/ʃɨ̯u3	
㲓	ɕu3/ʃɨ̯u3	
裕	ju3/jɨ̯u3	
䘱	ju3/jɨ̯u3	
諭	ju3/jɨ̯u3	
喻	ju3/jɨ̯u3	
籲	ju3/jɨ̯u3	
𠕦	ju3/jɨ̯u3	
孺	ɲu3/ɲʒɨ̯u3	
𡦗	ɲu3/ɲʒɨ̯u3	
㹘	ɲu3/ɲʒɨ̯u3	
赴	fʰu3/pfʰu3	
𠓗	fʰu3/pfʰu3	
𠓗	pʰɛk4/pʰuɛk4	
䞯	fʰu3/pfʰu3	
訃	fʰu3/pfʰu3	
䞳	fʰu3/pfʰu3	
䞳	pʰɨw3/pʰuəu3	
䞳	bɨk4/buək4	
仆	fʰu3/pfʰu3	
仆	fʰɨw3/pfʰuəu3	
仆	pʰɨw3/pʰuəu3	
仆	bɨk4/buək4	
䟔	fʰu3/pfʰu3	
婏	fʰu3/pfʰu3	
婏	fʰɛn3/pfʰuɐn3	
務	ɱu3/mvu3	
婺	ɱu3/mvu3	
霧	ɱu3/mvu3	
騖	ɱu3/mvu3	
𦎦	ɱu3/mvu3	
䨁	ɱu3/mvu3	
𨂣	ɱu3/mvu3	
𦆞	ɱu3/mvu3	
嵍	ɱu3/mvu3	
鶩	ɱu3/mvu3	
鶩	mɨwk4/muk4	
足	tsʲu3/tsɨ̯u3	
足	tsʲuk4/tsɨuk4	
懼	ɡˠu3/ɡɨ̯u3	
具	ɡˠu3/ɡɨ̯u3	
埧	ɡˠu3/ɡɨ̯u3	
䨒	ɰu3/ɨ̯u3	
埾	dzʲu3/dzɨ̯u3	
付	fu3/pfu3	
賦	fu3/pfu3	
傅	fu3/pfu3	
陚	fu3/pfu3	
搏	fu3/pfu3	
搏	pʰɑk4/pʰuɔk4	
搏	pɑk4/puɔk4	
鉒	ʈˠu3/ʈɨ̯u3	
駐	ʈˠu3/ʈɨ̯u3	
軴	ʈˠu3/ʈɨ̯u3	
壴	ʈˠu3/ʈɨ̯u3	
亍	ʈˠu3/ʈɨ̯u3	
亍	ʈˠʰuk4/ʈʰɨuk4	
𤛐	kˠʰu3/kʰɨ̯u3	
䜴	tʂʰu3/tʂʰʅu3	
䐢	tʂʰu3/tʂʰʅu3	
䐢	tʂɨw3/tʂʅᵊu3	
𨳳	ʈˠʰu3/ʈʰɨ̯u3	
𢨸	ʈˠʰu3/ʈʰɨ̯u3	
屢	lˠu3/ɭɨ̯u3	
𡀿	lˠu3/ɭɨ̯u3	
暮	mu3/mu3	
慕	mu3/mu3	
募	mu3/mu3	
墓	mu3/mu3	
慔	mu3/mu3	
𥰻	mu3/mu3	
渡	du3/du3	
斁	du3/du3	
斁	tu3/tu3	
斁	jɛk4/jiek4	
度	du3/du3	
度	dɑk4/dɑk4	
𥯖	du3/du3	
路	lu3/lu3	
露	lu3/lu3	
潞	lu3/lu3	
輅	lu3/lu3	
鷺	lu3/lu3	
璐	lu3/lu3	
賂	lu3/lu3	
簬	lu3/lu3	
簵	lu3/lu3	
虂	lu3/lu3	
𤻱	lu3/lu3	
𦌕	lu3/lu3	
妒	tu3/tu3	
妬	tu3/tu3	
秺	tu3/tu3	
𤴱	tu3/tu3	
㓃	tu3/tu3	
㓃	ʈa3/ʈɯa3	
蠹	tu3/tu3	
螙	tu3/tu3	
殬	tu3/tu3	
兔	tʰu3/tʰu3	
鵵	tʰu3/tʰu3	
顧	qu3/ku3	
頋	qu3/ku3	
稒	qu3/ku3	
故	qu3/ku3	
痼	qu3/ku3	
固	qu3/ku3	
錮	qu3/ku3	
㽽	qu3/ku3	
鯝	qu3/ku3	
䍛	qu3/ku3	
棝	qu3/ku3	
凅	qu3/ku3	
誤	ɴu3/ŋu3	
悞	ɴu3/ŋu3	
寤	ɴu3/ŋu3	
忤	ɴu3/ŋu3	
啎	ɴu3/ŋu3	
迕	ɴu3/ŋu3	
遻	ɴu3/ŋu3	
晤	ɴu3/ŋu3	
悟	ɴu3/ŋu3	
逜	ɴu3/ŋu3	
窹	ɴu3/ŋu3	
捂	ɴu3/ŋu3	
䎸	ɴu3/ŋu3	
護	ʁu3/ɦu3	
嫭	ʁu3/ɦu3	
頀	ʁu3/ɦu3	
互	ʁu3/ɦu3	
濩	ʁu3/ɦu3	
濩	ʁwɑk4/ɦuɔk4	
濩	ʔwɛk4/ʔuɛk4	
䇘	ʁu3/ɦu3	
冱	ʁu3/ɦu3	
枑	ʁu3/ɦu3	
䨼	ʁu3/ɦu3	
韄	ʁu3/ɦu3	
𧥮	ʁu3/ɦu3	
鱯	ʁu3/ɦu3	
鱯	ʁwa3/ɦua3	
鱯	ʁwɛk4/ɦuɛk4	
擭	ʁu3/ɦu3	
擭	ʁwɑk4/ɦuɔk4	
擭	ʔwɛk4/ʔuɛk4	
𦊂	ʁu3/ɦu3	
𦬚	ʁu3/ɦu3	
訴	su3/su3	
愬	su3/su3	
愬	ʂɛk4/ʂɯɛk4	
𧪜	su3/su3	
泝	su3/su3	
遡	su3/su3	
素	su3/su3	
傃	su3/su3	
嗉	su3/su3	
膆	su3/su3	
𤤐	su3/su3	
塑	su3/su3	
塐	su3/su3	
䛾	su3/su3	
𤢘	su3/su3	
㨞	su3/su3	
祚	dzu3/dzu3	
胙	dzu3/dzu3	
阼	dzu3/dzu3	
𧃘	dzu3/dzu3	
飵	dzu3/dzu3	
飵	dzɑk4/dzɑk4	
𧇿	dzu3/dzu3	
秨	dzu3/dzu3	
秨	dzɑk4/dzɑk4	
布	pu3/pu3	
佈	pu3/pu3	
𠜙	pu3/pu3	
𧉩	pu3/pu3	
噁	ʔu3/ʔu3	
䜑	ʔu3/ʔu3	
怖	pʰu3/pʰu3	
悑	pʰu3/pʰu3	
𤸵	pʰu3/pʰu3	
𤸵	bu3/bu3	
厝	tsʰu3/tsʰu3	
厝	tsʰɑk4/tsʰɑk4	
措	tsʰu3/tsʰu3	
醋	tsʰu3/tsʰu3	
錯	tsʰu3/tsʰu3	
錯	tsʰɑk4/tsʰɑk4	
㳻	tsʰu3/tsʰu3	
㳻	tʂɛk4/tʂɯɛk4	
㳻	ʂɛk4/ʂɯɛk4	
絝	qʰu3/kʰu3	
袴	qʰu3/kʰu3	
庫	qʰu3/kʰu3	
䔯	qʰu3/kʰu3	
捕	bu3/bu3	
哺	bu3/bu3	
步	bu3/bu3	
𩣝	bu3/bu3	
𨛒	bu3/bu3	
𩢕	bu3/bu3	
作	tsu3/tsu3	
作	tsɑ3/tsɑ3	
作	tsɑk4/tsɑk4	
霽	tsʲɛj3/tsiei3	
䰏	tsʲɛj3/tsiei3	
䰏	tsʲɛt4/tsiet4	
䶓	tsʲɛj3/tsiei3	
穧	tsʲɛj3/tsiei3	
穧	dzʲɛj3/dziei3	
帝	tʲɛj3/tiei3	
諦	tʲɛj3/tiei3	
嚏	tʲɛj3/tiei3	
啑	tʲɛj3/tiei3	
啑	ʂap4/ʂɯap4	
蔕	tʲɛj3/tiei3	
螮	tʲɛj3/tiei3	
蝃	tʲɛj3/tiei3	
蝃	tɕwɛt4/tʃyet4	
摕	tʲɛj3/tiei3	
摕	dʲɛj3/diei3	
摕	dʲɛt4/diet4	
𦨢	tʲɛj3/tiei3	
䠠	tʲɛj3/tiei3	
䠠	tɕɛj3/tʃiei3	
骶	tʲɛj3/tiei3	
僀	tʲɛj3/tiei3	
𢰂	tʲɛj3/tiei3	
𢰂	dʲɛj3/diei3	
䟡	tʲɛj3/tiei3	
𤬵	tʲɛj3/tiei3	
偙	tʲɛj3/tiei3	
䩚	tʲɛj3/tiei3	
渧	tʲɛj3/tiei3	
嚌	dzʲɛj3/dziei3	
𨣧	dzʲɛj3/dziei3	
䶩	dzʲɛj3/dziei3	
替	tʲʰɛj3/tʰiei3	
𤾕	tʲʰɛj3/tʰiei3	
暜	tʲʰɛj3/tʰiei3	
㬱	tʲʰɛj3/tʰiei3	
鬀	tʲʰɛj3/tʰiei3	
鬀	dʲɛj3/diei3	
剃	tʲʰɛj3/tʰiei3	
戻	tʲʰɛj3/tʰiei3	
𣧂	tʲʰɛj3/tʰiei3	
䎮	tʲʰɛj3/tʰiei3	
𡲕	tʲʰɛj3/tʰiei3	
达	tʲʰɛj3/tʰiei3	
𢝹	tʲʰɛj3/tʰiei3	
𧛒	tʲʰɛj3/tʰiei3	
殢	tʲʰɛj3/tʰiei3	
殢	xʲɛj3/hiei3	
𣤢	tʲʰɛj3/tʰiei3	
𥫵	tʲʰɛj3/tʰiei3	
第	dʲɛj3/diei3	
遰	dʲɛj3/diei3	
髢	dʲɛj3/diei3	
禘	dʲɛj3/diei3	
軑	dʲɛj3/diei3	
軑	dɑj3/dɑi3	
釱	dʲɛj3/diei3	
釱	dɑj3/dɑi3	
棣	dʲɛj3/diei3	
杕	dʲɛj3/diei3	
𧫚	dʲɛj3/diei3	
慸	dʲɛj3/diei3	
慸	ʈˠʰɛj3/ʈʰiei3	
慸	ʈʰaj3/ʈʰɯai3	
墆	dʲɛj3/diei3	
墆	dʲɛt4/diet4	
逮	dʲɛj3/diei3	
逮	dɑj3/dɑi3	
砌	tsʲʰɛj3/tsʰiei3	
切	tsʲʰɛj3/tsʰiei3	
切	tsʲʰɛt4/tsʰiet4	
𥉻	tsʲʰɛj3/tsʰiei3	
𥉻	ʈˠʰɛj3/ʈʰiei3	
𥉻	tʂʰat4/tʂʰɯat4	
摖	tsʲʰɛj3/tsʰiei3	
䏅	tsʲʰɛj3/tsʰiei3	
䀙	tsʲʰɛj3/tsʰiei3	
𦕀	tsʲʰɛj3/tsʰiei3	
細	sʲɛj3/siei3	
𥿳	sʲɛj3/siei3	
壻	sʲɛj3/siei3	
𣳦	sʲɛj3/siei3	
詣	ŋʲɛj3/ŋiei3	
𢏗	ŋʲɛj3/ŋiei3	
羿	ŋʲɛj3/ŋiei3	
𦐧	ŋʲɛj3/ŋiei3	
睨	ŋʲɛj3/ŋiei3	
盻	ŋʲɛj3/ŋiei3	
盻	ɣʲɛj3/ɦiei3	
𧡎	ŋʲɛj3/ŋiei3	
甈	ŋʲɛj3/ŋiei3	
甈	kˠʰɛj3/kʰɨei3	
計	kʲɛj3/kiei3	
係	kʲɛj3/kiei3	
繼	kʲɛj3/kiei3	
繫	kʲɛj3/kiei3	
繫	ɣʲɛj3/ɦiei3	
薊	kʲɛj3/kiei3	
髻	kʲɛj3/kiei3	
𨜒	kʲɛj3/kiei3	
檵	kʲɛj3/kiei3	
蘻	kʲɛj3/kiei3	
轚	kʲɛj3/kiei3	
轚	kʲɛk4/kiek4	
㲅	kʲɛj3/kiei3	
䐼	ɣʲɛj3/ɦiei3	
䐼	ɣʲɛt4/ɦiet4	
𦝜	ɣʲɛj3/ɦiei3	
系	ɣʲɛj3/ɦiei3	
𦃟	ɣʲɛj3/ɦiei3	
妎	ɣʲɛj3/ɦiei3	
妎	ʁɑj3/ɦɑi3	
禊	ɣʲɛj3/ɦiei3	
瘛	ɣʲɛj3/ɦiei3	
瘛	tɕʰɛj3/tʃʰiei3	
瘛	tɕʰɛt4/tʃʰiet4	
慀	ɣʲɛj3/ɦiei3	
䦏	ɣʲɛj3/ɦiei3	
䦏	ʁaj3/ɦɯai3	
稧	ɣʲɛj3/ɦiei3	
契	kʲʰɛj3/kʰiei3	
契	kˠʰit4/kʰɨt4	
契	kʲʰɛt4/kʰiet4	
栔	kʲʰɛj3/kʰiei3	
栔	kʲʰɛt4/kʰiet4	
罊	kʲʰɛj3/kʰiei3	
罊	qʰɛk4/kʰɯɛk4	
𦩣	kʲʰɛj3/kʰiei3	
𢢞	kʲʰɛj3/kʰiei3	
䫔	kʲʰɛj3/kʰiei3	
䫔	kʲʰɛt4/kʰiet4	
曀	ʔʲɛj3/ʔiei3	
枍	ʔʲɛj3/ʔiei3	
瘱	ʔʲɛj3/ʔiei3	
㝣	ʔʲɛj3/ʔiei3	
㝣	ʔʲɛt4/ʔiet4	
殪	ʔʲɛj3/ʔiei3	
瞖	ʔʲɛj3/ʔiei3	
医	ʔʲɛj3/ʔiei3	
嫕	ʔʲɛj3/ʔiei3	
蘙	ʔʲɛj3/ʔiei3	
𧬇	ʔʲɛj3/ʔiei3	
殹	ʔʲɛj3/ʔiei3	
謎	mʲɛj3/miei3	
㩢	mʲɛj3/miei3	
㩢	mat4/muat4	
㩢	mʲɛt4/miet4	
閉	pʲɛj3/piei3	
閉	pʲɛt4/piet4	
閇	pʲɛj3/piei3	
嬖	pʲɛj3/piei3	
箅	pʲɛj3/piei3	
慧	ɣʲwɛj3/ɦyei3	
憓	ɣʲwɛj3/ɦyei3	
潓	ɣʲwɛj3/ɦyei3	
惠	ɣʲwɛj3/ɦyei3	
蟪	ɣʲwɛj3/ɦyei3	
蕙	ɣʲwɛj3/ɦyei3	
橞	ɣʲwɛj3/ɦyei3	
繐	ɣʲwɛj3/ɦyei3	
繐	sʲwɛj3/syei3	
㩨	ɣʲwɛj3/ɦyei3	
儶	ɣʲwɛj3/ɦyei3	
譓	ɣʲwɛj3/ɦyei3	
鏸	ɣʲwɛj3/ɦyei3	
𦒎	ɣʲwɛj3/ɦyei3	
𦒎	jɛj3/jiei3	
桂	kʲwɛj3/kyei3	
昋	kʲwɛj3/kyei3	
炔	kʲwɛj3/kyei3	
筀	kʲwɛj3/kyei3	
罣	kʲwɛj3/kyei3	
罣	qwa3/kua3	
罣	ʁwa3/ɦua3	
罣	qwaj3/kuai3	老
罣	ʁwaj3/ɦuai3	老
𤱾	kʲwɛj3/kyei3	
𣧎	kʲwɛj3/kyei3	
䳏	kʲwɛj3/kyei3	
嘒	xʲwɛj3/hyei3	
嚖	xʲwɛj3/hyei3	
暳	xʲwɛj3/hyei3	
媲	pʲʰɛj3/pʰiei3	
䠘	pʲʰɛj3/pʰiei3	
睥	pʲʰɛj3/pʰiei3	
𣹮	pʲʰɛj3/pʰiei3	
𠞇	pʲʰɛj3/pʰiei3	
薜	bʲɛj3/biei3	
薜	pɛk4/puɛk4	
𨫔	bʲɛj3/biei3	
𨫔	sʲɛt4/siet4	
𥴬	bʲɛj3/biei3	
𨢡	bʲɛj3/biei3	
𣘥	bʲɛj3/biei3	
戾	lʲɛj3/liei3	
戾	lʲɛt4/liet4	
㑦	lʲɛj3/liei3	
隸	lʲɛj3/liei3	
隷	lʲɛj3/liei3	
儷	lʲɛj3/liei3	
盭	lʲɛj3/liei3	
盭	lʲɛt4/liet4	
綟	lʲɛj3/liei3	
綟	lʲɛt4/liet4	
𠠫	lʲɛj3/liei3	
唳	lʲɛj3/liei3	
唳	lʲɛt4/liet4	
蜧	lʲɛj3/liei3	
䓞	lʲɛj3/liei3	
沴	lʲɛj3/liei3	
捩	lʲɛj3/liei3	
捩	lʲɛt4/liet4	
𤃀	lʲɛj3/liei3	
悷	lʲɛj3/liei3	
栛	lʲɛj3/liei3	
丽	lʲɛj3/liei3	
𣛒	lʲɛj3/liei3	
𩘡	lʲɛj3/liei3	
𣟌	lʲɛj3/liei3	
𥱻	ʈˠʰɨ1/ʈʰɨ̯u1	
𢤇	nʲɛj3/niei3	
迡	nʲɛj3/niei3	
㰥	xʲɛj3/hiei3	
㚛	xʲɛj3/hiei3	
㚛	xʲɛt4/hiet4	
祭	tsʲɛj3/tsiei3	
祭	tʂaj3/tʂɯai3	
際	tsʲɛj3/tsiei3	
穄	tsʲɛj3/tsiei3	
鰶	tsʲɛj3/tsiei3	
㦣	tsʲɛj3/tsiei3	
㦣	ɰwɛj3/ʉoi3	
㦣	ŋʲɛj3/ŋiei3	
歲	sʲwɛj3/syei3	
櫘	sʲwɛj3/syei3	
𦄑	sʲwɛj3/syei3	
衛	ɰwɛj3/ʉoi3	
軎	ɰwɛj3/ʉoi3	
軎	zʲwɛj3/zyei3	
轊	ɰwɛj3/ʉoi3	
轊	zʲwɛj3/zyei3	
璏	ɰwɛj3/ʉoi3	
璏	ɖˠɛj3/ɖiei3	
璏	ɰwɛt4/ʉot4	
𥶽	ɰwɛj3/ʉoi3	
𧲝	ɰwɛj3/ʉoi3	
𧲔	ɰwɛj3/ʉoi3	
槥	ɰwɛj3/ʉoi3	
槥	zʲwɛj3/zyei3	
讆	ɰwɛj3/ʉoi3	
𤜂	ɰwɛj3/ʉoi3	
𤜂	kˠwɛj3/kʉoi3	
𤜂	ɡˠwɛj3/ɡʉoi3	
熭	ɰwɛj3/ʉoi3	
熭	ɰwɛt4/ʉot4	
芮	ɲwɛj3/ɲʒyei3	
汭	ɲwɛj3/ɲʒyei3	
枘	ɲwɛj3/ɲʒyei3	
蜹	ɲwɛj3/ɲʒyei3	
蜹	jwɛj3/jyei3	
蜹	ɲwɛt4/ɲʒyet4	
笍	ɲwɛj3/ɲʒyei3	
笍	ʈˠwɛj3/ʈyei3	
鈉	ɲwɛj3/ɲʒyei3	
贅	tɕwɛj3/tʃyei3	
𠻜	ʂwɛj3/ʂʯei3	
𠻜	ʂwɛt4/ʂʯet4	
毳	tsʲʰwɛj3/tsʰyei3	
毳	tʂʰwɛj3/tʂʰʯei3	
韢	tsʲʰwɛj3/tsʰyei3	
脃	tsʲʰwɛj3/tsʰyei3	
膬	tsʲʰwɛj3/tsʰyei3	
膬	tsʲʰwɛt4/tsʰyet4	
脆	tsʲʰwɛj3/tsʰyei3	
帨	tsʲʰwɛj3/tsʰyei3	
帨	ɕwɛj3/ʃyei3	
竁	tsʲʰwɛj3/tsʰyei3	
竁	tʂʰwɛj3/tʂʰʯei3	
竁	tɕʰwɛn3/tʃʰyen3	
𣃍	tsʲʰwɛj3/tsʰyei3	
𣃍	tʂʰwɛj3/tʂʰʯei3	
𧑎	tsʲʰwɛj3/tsʰyei3	
𧑎	tsʲwɛj3/tsyei3	
𧑎	tswɑj3/tsuoi3	
㓹	tsʲʰwɛj3/tsʰyei3	
㯔	tsʲʰwɛj3/tsʰyei3	
㯔	tʂʰwɛj3/tʂʰʯei3	
𤂳	tsʲʰwɛj3/tsʰyei3	
𤂳	sʲwɛn3/syen3	
銳	jwɛj3/jyei3	
銳	dwɑj3/duoi3	
銴	jwɛj3/jyei3	
銴	ʑɛj3/ʒiei3	
叡	jwɛj3/jyei3	
睿	jwɛj3/jyei3	
䓲	jwɛj3/jyei3	
䓲	jwɛt4/jyet4	
綴	ʈˠwɛj3/ʈyei3	
綴	ʈˠwɛt4/ʈyet4	
醊	ʈˠwɛj3/ʈyei3	
醊	ʈˠwɛt4/ʈyet4	
畷	ʈˠwɛj3/ʈyei3	
畷	ʈˠwɛt4/ʈyet4	
䄌	ʈˠwɛj3/ʈyei3	
啜	ʈˠwɛj3/ʈyei3	
啜	ʑwɛj3/ʒyei3	
啜	tɕʰwɛt4/tʃʰyet4	
啜	ʈˠwɛt4/ʈyet4	
啜	ʑwɛt4/ʒyet4	
餟	ʈˠwɛj3/ʈyei3	
餟	ʈˠwɛt4/ʈyet4	
腏	ʈˠwɛj3/ʈyei3	
腏	twɑt4/tuot4	
腏	ʈˠwɛt4/ʈyet4	
錣	ʈˠwɛj3/ʈyei3	
錣	ʈwat4/ʈuat4	
卂	ʈˠwɛj3/ʈyei3	
卂	sʲin3/sin3	
輟	ʈˠwɛj3/ʈyei3	
輟	ʈˠwɛt4/ʈyet4	
稅	ɕwɛj3/ʃyei3	
說	ɕwɛj3/ʃyei3	
說	jwɛt4/jyet4	
說	ɕwɛt4/ʃyet4	
裞	ɕwɛj3/ʃyei3	
裞	tʰwɑj3/tʰuoi3	
蛻	ɕwɛj3/ʃyei3	
蛻	tʰwɑj3/tʰuoi3	
蛻	tʰwɑ3/tʰuɔ3	
蛻	jwɛt4/jyet4	
涗	ɕwɛj3/ʃyei3	
䬽	ɕwɛj3/ʃyei3	
䬽	lwɑj3/luoi3	
弊	bʲɛj3/biei3	
斃	bʲɛj3/biei3	
幣	bʲɛj3/biei3	
㡀	bʲɛj3/biei3	
敝	bʲɛj3/biei3	
篲	zʲwɛj3/zyei3	
𥱵	zʲwɛj3/zyei3	
𥱵	zʲip4/zip4	
鏏	zʲwɛj3/zyei3	
䵻	zʲwɛj3/zyei3	
𢅫	zʲwɛj3/zyei3	
蔽	pʲɛj3/piei3	
鄨	pʲɛj3/piei3	
鄨	pʲɛt4/piet4	
鷩	pʲɛj3/piei3	
鷩	pʲɛt4/piet4	
彆	pʲɛj3/piei3	
劌	kˠwɛj3/kʉoi3	
鱖	kˠwɛj3/kʉoi3	
鱖	kˠwɛt4/kʉot4	
𠜾	kˠwɛj3/kʉoi3	
𠜾	kˠut4/kɨut4	
𨇙	kˠwɛj3/kʉoi3	
蹶	kˠwɛj3/kʉoi3	
蹶	kˠwɛt4/kʉot4	
蹶	ɡˠwɛt4/ɡʉot4	
袂	mʲɛj3/miei3	
㡜	ʂɛj3/ʂʅei3	
㡜	sʲɛt4/siet4	
㡜	sʲwɛt4/syet4	
鎩	ʂɛj3/ʂʅei3	
鎩	ʂaj3/ʂɯai3	
鎩	ʂat4/ʂɯat4	
蔱	ʂɛj3/ʂʅei3	
蔱	ʂat4/ʂɯat4	
掣	tɕʰɛj3/tʃʰiei3	
掣	tɕʰɛt4/tʃʰiet4	
痸	tɕʰɛj3/tʃʰiei3	
𤸪	tɕʰɛj3/tʃʰiei3	
𢜳	tɕʰɛj3/tʃʰiei3	
銐	tɕʰɛj3/tʃʰiei3	
銐	ɖˠɛj3/ɖiei3	
𤢻	tɕʰɛj3/tʃʰiei3	
制	tɕɛj3/tʃiei3	
𠛐	tɕɛj3/tʃiei3	
𦜗	tɕɛj3/tʃiei3	
淛	tɕɛj3/tʃiei3	
製	tɕɛj3/tʃiei3	
䎺	tɕɛj3/tʃiei3	
晢	tɕɛj3/tʃiei3	
晢	tɕɛt4/tʃiet4	
䇽	tɕɛj3/tʃiei3	
㛳	tɕɛj3/tʃiei3	
㛳	jɛj3/jiei3	
㝂	tɕɛj3/tʃiei3	
䱥	tɕɛj3/tʃiei3	
䀸	tɕɛj3/tʃiei3	
䀸	ʈˠʰɛj3/ʈʰiei3	
䀸	tɕɛt4/tʃiet4	
狾	tɕɛj3/tʃiei3	
𥍭	tɕɛj3/tʃiei3	
䩢	tɕɛj3/tʃiei3	
䩢	tɕɛt4/tʃiet4	
䭁	tɕɛj3/tʃiei3	
迣	tɕɛj3/tʃiei3	
逝	ʑɛj3/ʒiei3	
忕	ʑɛj3/ʒiei3	
忕	tʰɑj3/tʰɑi3	
忕	dɑj3/dɑi3	
觢	ʑɛj3/ʒiei3	
噬	ʑɛj3/ʒiei3	
誓	ʑɛj3/ʒiei3	
𣂯	ʑɛj3/ʒiei3	
筮	ʑɛj3/ʒiei3	
簭	ʑɛj3/ʒiei3	
澨	ʑɛj3/ʒiei3	
遾	ʑɛj3/ʒiei3	
𧻸	ʑɛj3/ʒiei3	
𦚨	ʑɛj3/ʒiei3	
曳	jɛj3/jiei3	
裔	jɛj3/jiei3	
𤤺	jɛj3/jiei3	
泄	jɛj3/jiei3	
泄	sʲɛt4/siet4	
洩	jɛj3/jiei3	
𤵺	jɛj3/jiei3	
䎈	jɛj3/jiei3	
枻	jɛj3/jiei3	
詍	jɛj3/jiei3	
𢘽	jɛj3/jiei3	
𢘽	ʈˠʰɛj3/ʈʰiei3	
靾	jɛj3/jiei3	
跇	jɛj3/jiei3	
跇	ʈˠʰɛj3/ʈʰiei3	
𠂆	jɛj3/jiei3	
袣	jɛj3/jiei3	
䄿	jɛj3/jiei3	
𪀕	jɛj3/jiei3	
㵝	jɛj3/jiei3	
㑜	jɛj3/jiei3	
㑜	ʈˠʰɛj3/ʈʰiei3	
抴	jɛj3/jiei3	
抴	jɛt4/jiet4	
䇩	jɛj3/jiei3	
㹭	jɛj3/jiei3	
丿	jɛj3/jiei3	
丿	pʲʰɛt4/pʰiet4	
㵩	jɛj3/jiei3	
𢂼	jɛj3/jiei3	
呭	jɛj3/jiei3	
䕍	jɛj3/jiei3	
䋵	ʔˠɛj3/ʔɨei3	
瘞	ʔˠɛj3/ʔɨei3	
餲	ʔˠɛj3/ʔɨei3	
餲	ʔaj3/ʔɯai3	
餲	ʁɑt4/ɦɑt4	
餲	ʔɑt4/ʔɑt4	
𦝲	ʔˠɛj3/ʔɨei3	
䔽	ʔˠɛj3/ʔɨei3	
䔽	ʔɑj3/ʔɑi3	
藝	ŋʲɛj3/ŋiei3	
埶	ŋʲɛj3/ŋiei3	
蓺	ŋʲɛj3/ŋiei3	
寱	ŋʲɛj3/ŋiei3	
囈	ŋʲɛj3/ŋiei3	
槸	ŋʲɛj3/ŋiei3	
褹	ŋʲɛj3/ŋiei3	
褹	ɳaj3/ɳɯai3	
滯	ɖˠɛj3/ɖiei3	
彘	ɖˠɛj3/ɖiei3	
蹛	ɖˠɛj3/ɖiei3	
蹛	tɑj3/tɑi3	
𦭮	ɖˠɛj3/ɖiei3	
𩻼	ɖˠɛj3/ɖiei3	
例	lˠɛj3/ɭiei3	
厲	lˠɛj3/ɭiei3	
礪	lˠɛj3/ɭiei3	
勵	lˠɛj3/ɭiei3	
禲	lˠɛj3/ɭiei3	
癘	lˠɛj3/ɭiei3	
㾐	lˠɛj3/ɭiei3	
鮤	lˠɛj3/ɭiei3	
鮤	lˠɛt4/ɭiet4	
濿	lˠɛj3/ɭiei3	
砅	lˠɛj3/ɭiei3	
蠣	lˠɛj3/ɭiei3	
蠇	lˠɛj3/ɭiei3	
櫔	lˠɛj3/ɭiei3	
𩧃	lˠɛj3/ɭiei3	
𩢾	lˠɛj3/ɭiei3	
𩢾	lˠɛt4/ɭiet4	
䅀	lˠɛj3/ɭiei3	
䅀	lˠɛt4/ɭiet4	
𥣭	lˠɛj3/ɭiei3	
𧸱	lˠɛj3/ɭiei3	
糲	lˠɛj3/ɭiei3	
糲	lɑj3/lɑi3	
糲	lɑt4/lɑt4	
巁	lˠɛj3/ɭiei3	
犡	lˠɛj3/ɭiei3	
犡	lɑj3/lɑi3	
栵	lˠɛj3/ɭiei3	
栵	lˠɛt4/ɭiet4	
𢂥	lˠɛj3/ɭiei3	
𢤆	lˠɛj3/ɭiei3	
洌	lˠɛj3/ɭiei3	
洌	lˠɛt4/ɭiet4	
憩	kˠʰɛj3/kʰɨei3	
𡳅	kˠʰɛj3/kʰɨei3	
䔾	kˠʰɛj3/kʰɨei3	
䔾	ʁɑt4/ɦɑt4	
愒	kˠʰɛj3/kʰɨei3	
愒	qʰɑj3/kʰɑi3	
愒	kˠʰɛt4/kʰɨet4	
揭	kˠʰɛj3/kʰɨei3	
揭	kˠɛt4/kɨet4	
揭	ɡˠɛt4/ɡɨet4	
揭	kˠʰɛt4/kʰɨet4	
世	ɕɛj3/ʃiei3	
勢	ɕɛj3/ʃiei3	
貰	ɕɛj3/ʃiei3	
貰	ʑa3/ʒia3	
猘	kˠɛj3/kɨei3	
𦇧	kˠɛj3/kɨei3	
罽	kˠɛj3/kɨei3	
𣯅	kˠɛj3/kɨei3	
瀱	kˠɛj3/kɨei3	
訐	kˠɛj3/kɨei3	
訐	kˠɛt4/kɨet4	
彐	kˠɛj3/kɨei3	
蘮	kˠɛj3/kɨei3	
㿃	ʈˠɛj3/ʈiei3	
㿃	tɑj3/tɑi3	
偈	ɡˠɛj3/ɡɨei3	
偈	ɡˠɛt4/ɡɨet4	
𧼪	ʈˠʰɛj3/ʈʰiei3	
傺	ʈˠʰɛj3/ʈʰiei3	
䚢	ʈˠʰɛj3/ʈʰiei3	
䚢	ʈˠʰɛt4/ʈʰiet4	
䟷	ʈˠʰɛj3/ʈʰiei3	
𨂰	ʈˠʰɛj3/ʈʰiei3	
𨧨	ɖˠwɛj3/ɖyei3	
㓷	ŋˠɛj3/ŋɨei3	
蕝	tsʲwɛj3/tsyei3	
蕝	tsʲwɛt4/tsyet4	
㨹	tsʲwɛj3/tsyei3	
㨹	sʲwɛt4/syet4	
潎	pʲʰɛj3/pʰiei3	
潎	pʲʰɛt4/pʰiet4	
𥏙	kˠʰwɛj3/kʰʉoi3	
䂕	xˠwɛj3/hʉoi3	
泰	tʰɑj3/tʰɑi3	
太	tʰɑj3/tʰɑi3	
汰	tʰɑj3/tʰɑi3	
蓋	qɑj3/kɑi3	
蓋	ʁɑp4/ɦɑp4	
蓋	qɑp4/kɑp4	
匃	qɑj3/kɑi3	
匃	qɑt4/kɑt4	
丐	qɑj3/kɑi3	
艾	ɴɑj3/ŋɑi3	
艾	ŋˠɛj3/ŋɨei3	
𧰿	ɴɑj3/ŋɑi3	
鴱	ɴɑj3/ŋɑi3	
藹	ʔɑj3/ʔɑi3	
壒	ʔɑj3/ʔɑi3	
馤	ʔɑj3/ʔɑi3	
靄	ʔɑj3/ʔɑi3	
靄	ʔɑt4/ʔɑt4	
𣋞	ʔɑj3/ʔɑi3	
𣩱	ʔɑj3/ʔɑi3	
𢣏	ʔɑj3/ʔɑi3	
𪕭	ʔɑj3/ʔɑi3	
曖	ʔɑj3/ʔɑi3	
柰	nɑj3/nɑi3	
奈	nɑj3/nɑi3	
奈	nɑ3/nɑ3	
㲡	nɑj3/nɑi3	
𩹟	nɑj3/nɑi3	
渿	nɑj3/nɑi3	
大	dɑj3/dɑi3	
大	dɑ3/dɑ3	
汏	dɑj3/dɑi3	
汏	tʰɑt4/tʰɑt4	
䲦	dɑj3/dɑi3	
𪐝	dɑj3/dɑi3	
㐲	dɑj3/dɑi3	
害	ʁɑj3/ɦɑi3	
𡕗	ʁɑj3/ɦɑi3	
𢞐	ʁɑj3/ɦɑi3	
帶	tɑj3/tɑi3	
跢	tɑj3/tɑi3	
跢	tɑ3/tɑ3	
𢄔	tɑj3/tɑi3	
艜	tɑj3/tɑi3	
㯂	tɑj3/tɑi3	
貝	pɑj3/puoi3	
沛	pɑj3/puoi3	
沛	pʰɑj3/pʰuoi3	
𨙶	pɑj3/puoi3	
鋇	pɑj3/puoi3	
䟺	pɑj3/puoi3	
䟺	bɑj3/buoi3	
狽	pɑj3/puoi3	
㸬	pɑj3/puoi3	
伂	pɑj3/puoi3	
䰽	pɑj3/puoi3	
茷	pɑj3/puoi3	
茷	vɛj3/bvei3	
茷	vɛt4/bvuɐt4	
𣬪	pɑj3/puoi3	
𥄔	pɑj3/puoi3	
𥄔	pʰɑj3/pʰuoi3	
𢂏	pɑj3/puoi3	
霈	pʰɑj3/pʰuoi3	
浿	pʰɑj3/pʰuoi3	
浿	pʰaj3/pʰuai3	
㤄	pʰɑj3/pʰuoi3	
㤄	fʰɛj3/pfʰei3	
㤄	fʰɛt4/pfʰuɐt4	
㤄	pɑt4/puot4	
會	ʁwɑj3/ɦuoi3	
會	qwɑj3/kuoi3	
䢈	ʁwɑj3/ɦuoi3	
𨘇	ʁwɑj3/ɦuoi3	
𨘇	ɣʲɛn3/ɦien3	
禬	ʁwɑj3/ɦuoi3	
禬	qwɑj3/kuoi3	
繪	ʁwɑj3/ɦuoi3	
兌	dwɑj3/duoi3	
𩊭	dwɑj3/duoi3	
綐	dwɑj3/duoi3	
㟋	dwɑj3/duoi3	
儈	qwɑj3/kuoi3	
膾	qwɑj3/kuoi3	
鱠	qwɑj3/kuoi3	
襘	qwɑj3/kuoi3	
檜	qwɑj3/kuoi3	
檜	qwɑt4/kuot4	
旝	qwɑj3/kuoi3	
巜	qwɑj3/kuoi3	
澮	qwɑj3/kuoi3	
鄶	qwɑj3/kuoi3	
廥	qwɑj3/kuoi3	
䯤	qwɑj3/kuoi3	
鬠	qwɑj3/kuoi3	
鬠	ʁwɑt4/ɦuot4	
劊	qwɑj3/kuoi3	
劊	qwɑt4/kuot4	
䐴	qwɑj3/kuoi3	
𢶒	qwɑj3/kuoi3	
獪	qwɑj3/kuoi3	
獪	qwaj3/kuai3	
最	tswɑj3/tsuoi3	
𢃒	tswɑj3/tsuoi3	
𧬨	χwɑj3/huoi3	
噦	χwɑj3/huoi3	
噦	ʔˠwɛt4/ʔʉot4	
翽	χwɑj3/huoi3	
鐬	χwɑj3/huoi3	
渙	χwɑj3/huoi3	
渙	χwɑn3/huon3	
濊	χwɑj3/huoi3	
濊	ʔwɑj3/ʔuoi3	
濊	ʔˠwɛj3/ʔʉoi3	
濊	χwɑt4/huot4	
𥢶	qʰwɑj3/kʰuoi3	
𥢶	qʰwaj3/kʰuai3	
酹	lwɑj3/luoi3	
頪	lwɑj3/luoi3	
㲕	lwɑj3/luoi3	
㲕	lˠwɛt4/ɭyet4	
㱻	lwɑj3/luoi3	
㱻	lwɑ3/luɔ3	
外	ɴwɑj3/ŋuoi3	
祋	twɑj3/tuoi3	
祋	twɑt4/tuot4	
懀	ʔwɑj3/ʔuoi3	
懀	ʔwaj3/ʔuai3	
薈	ʔwɑj3/ʔuoi3	
嬒	ʔwɑj3/ʔuoi3	
嬒	ʔwɑt4/ʔuot4	
䶐	ʔwɑj3/ʔuoi3	
䶐	ʔwaj3/ʔuai3	
瞺	ʔwɑj3/ʔuoi3	
䵳	ʔwɑj3/ʔuoi3	
䵳	ʔwaj3/ʔuai3	
蕞	dzwɑj3/dzuoi3	
𥳣	dzwɑj3/dzuoi3	
𥕸	swɑj3/suoi3	
𣩡	swɑj3/suoi3	
𥊴	swɑj3/suoi3	
襊	tsʰwɑj3/tsʰuoi3	
襊	tsʰwɑt4/tsʰuot4	
𨅎	tsʰwɑj3/tsʰuoi3	
𥨒	tsʰwɑj3/tsʰuoi3	
旆	bɑj3/buoi3	
軷	bɑj3/buoi3	
軷	bɑt4/buot4	
磕	qʰɑj3/kʰɑi3	
磕	qʰɑt4/kʰɑt4	
磕	qʰɑp4/kʰɑp4	
䳚	qʰɑj3/kʰɑi3	
䳚	qʰɑn3/kʰɑn3	
䳚	qʰɑt4/kʰɑt4	
轄	qʰɑj3/kʰɑi3	
轄	ʁat4/ɦɯat4	
溘	qʰɑj3/kʰɑi3	
溘	qʰɑp4/kʰɑp4	
𥎆	qʰɑj3/kʰɑi3	
𩫀	qʰɑj3/kʰɑi3	
㪡	qʰɑj3/kʰɑi3	
𨜴	qʰɑj3/kʰɑi3	
𨜴	ʁɑp4/ɦɑp4	
𨜴	qɑp4/kɑp4	
蔡	tsʰɑj3/tsʰɑi3	
𣞖	tsʰɑj3/tsʰɑi3	
𪇭	tsʰɑj3/tsʰɑi3	
賴	lɑj3/lɑi3	
籟	lɑj3/lɑi3	
癩	lɑj3/lɑi3	
癩	lɑt4/lɑt4	
瀨	lɑj3/lɑi3	
䄤	lɑj3/lɑi3	
藾	lɑj3/lɑi3	
䓶	lɑj3/lɑi3	
䓶	lɑt4/lɑt4	
䲚	lɑj3/lɑi3	
䲚	tʰɑt4/tʰɑt4	
𨇆	lɑj3/lɑi3	
㸊	lɑj3/lɑi3	
鵣	lɑj3/lɑi3	
𡂖	lɑj3/lɑi3	
餀	χɑj3/hɑi3	
𦤦	χɑj3/hɑi3	
𦤦	χɑt4/hɑt4	
㺔	χɑj3/hɑi3	
𤵽	χɑj3/hɑi3	
𩹄	χɑj3/hɑi3	
娧	tʰwɑj3/tʰuoi3	
娧	jwɛt4/jyet4	
駾	tʰwɑj3/tʰuoi3	
毻	tʰwɑj3/tʰuoi3	
毻	tʰwɑ3/tʰuɔ3	
眜	mɑj3/muoi3	
眜	mɑt4/muot4	
沫	mɑj3/muoi3	
沫	mɑt4/muot4	
枺	mɑj3/muoi3	
𦦣	tsʰwɑj3/tsʰuoi3	
卦	qwa3/kua3	
卦	qwaj3/kuai3	老
挂	qwa3/kua3	
挂	qwaj3/kuai3	老
掛	qwa3/kua3	
掛	qwaj3/kuai3	老
詿	qwa3/kua3	
詿	ʁwa3/ɦua3	
詿	qwaj3/kuai3	老
詿	ʁwaj3/ɦuai3	老
懈	qaj3/kɯai3	
繲	qaj3/kɯai3	
廨	qaj3/kɯai3	
㾏	qaj3/kɯai3	
隘	ʔaj3/ʔɯai3	
𨽴	ʔaj3/ʔɯai3	
阸	ʔaj3/ʔɯai3	
阸	ʔɛk4/ʔɯɛk4	
䅬	ʔaj3/ʔɯai3	
賹	ʔaj3/ʔɯai3	
邂	ʁaj3/ɦɯai3	
賣	maj3/muai3	
畫	ʁwa3/ɦua3	
畫	ʁwɛk4/ɦuɛk4	
畫	ʁwaj3/ɦuai3	老
澅	ʁwa3/ɦua3	
澅	ʁwaj3/ɦuai3	老
繣	ʁwa3/ɦua3	
繣	χwɛk4/huɛk4	
繣	ʁwaj3/ɦuai3	老
衩	tʂʰa3/tʂʰɯa3	
衩	tʂʰaj3/tʂʰɯai3	老
㳗	tʂʰaj3/tʂʰɯai3	
訍	tʂʰaj3/tʂʰɯai3	
𧪘	tʂʰaj3/tʂʰɯai3	
睚	ɴaj3/ŋɯai3	
𢈕	paj3/puai3	
粺	baj3/buai3	
稗	baj3/buai3	
眦	dʐaj3/dʐɯai3	
派	pʰa3/pʰua3	
派	pʰaj3/pʰuai3	
𠂢	pʰaj3/pʰuai3	
𥿯	pʰaj3/pʰuai3	
𣏟	pʰaj3/pʰuai3	
㵺	pʰaj3/pʰuai3	
㭛	pʰaj3/pʰuai3	
𣎳	pʰaj3/pʰuai3	
𣎳	pʲʰin3/pʰin3	
債	tʂaj3/tʂɯai3	
債	tʂɛk4/tʂɯɛk4	
𨛖	qʰaj3/kʰɯai3	
䵘	ʂaj3/ʂɯai3	
𨢦	ʂaj3/ʂɯai3	
汛	ʂaj3/ʂɯai3	
汛	sʲin3/sin3	
汛	sʲɛn3/sien3	
諣	χwa3/hua3	
諣	χwaj3/huai3	老
㠔	paj3/puai3	
膪	ʈaj3/ʈɯai3	
膪	ʈa3/ʈɯa3	
𢕮	ʈaj3/ʈɯai3	
𢕮	ʈa3/ʈɯa3	
怪	qwaj3/kuai3	
恠	qwaj3/kuai3	
𥑋	qwaj3/kuai3	
𦳋	qwaj3/kuai3	
𣀤	qwaj3/kuai3	
壞	qwaj3/kuai3	
壞	ʁwaj3/ɦuai3	
𡌪	qwaj3/kuai3	
㧔	qwaj3/kuai3	
呝	ʔaj3/ʔɯai3	
呝	ʔɛk4/ʔɯɛk4	
瘵	tʂaj3/tʂɯai3	
𨝋	tʂaj3/tʂɯai3	
誡	qaj3/kɯai3	
戒	qaj3/kɯai3	
界	qaj3/kɯai3	
介	qaj3/kɯai3	
屆	qaj3/kɯai3	
疥	qaj3/kɯai3	
玠	qaj3/kɯai3	
㝏	qaj3/kɯai3	
㠹	qaj3/kɯai3	
砎	qaj3/kɯai3	
砎	qat4/kɯat4	
砎	ʁat4/ɦɯat4	
魪	qaj3/kɯai3	
尬	qaj3/kɯai3	
价	qaj3/kɯai3	
䯰	qaj3/kɯai3	
悈	qaj3/kɯai3	
悈	kˠɨk4/kɨk4	
䲸	qaj3/kɯai3	
芥	qaj3/kɯai3	
衸	qaj3/kɯai3	
衸	ʁaj3/ɦɯai3	
丯	qaj3/kɯai3	
𠨴	qaj3/kɯai3	
𩡺	qaj3/kɯai3	
譮	χaj3/hɯai3	
㖑	χaj3/hɯai3	
噧	χaj3/hɯai3	
噧	tʰɑt4/tʰɑt4	
䜕	χaj3/hɯai3	
䜕	maj3/muai3	
㞒	χaj3/hɯai3	
𢗊	χaj3/hɯai3	
械	ʁaj3/ɦɯai3	
䪥	ʁaj3/ɦɯai3	
薤	ʁaj3/ɦɯai3	
齘	ʁaj3/ɦɯai3	
瀣	ʁaj3/ɦɯai3	
瀣	ʁɑj3/ɦɑi3	
㒠	ʁaj3/ɦɯai3	
韰	ʁaj3/ɦɯai3	
𤡧	ʁaj3/ɦɯai3	
㳦	ʁaj3/ɦɯai3	
𦗐	ɴaj3/ŋɯai3	
𢟰	ɴaj3/ŋɯai3	
𧏹	ɴaj3/ŋɯai3	
蒯	qʰwaj3/kʰuai3	
嬇	qʰwaj3/kʰuai3	
嬇	ʁwɑj3/ɦuoi3	
㕟	qʰwaj3/kʰuai3	
𢷎	paj3/puai3	
拜	paj3/puai3	
扒	paj3/puai3	
扒	pat4/puat4	
扒	pˠɛt4/pɨet4	
湃	pʰaj3/pʰuai3	
𡎯	ʁwaj3/ɦuai3	
蘾	ʁwaj3/ɦuai3	
聵	ɴwaj3/ŋuai3	
𦖥	ɴwaj3/ŋuai3	
𩔀	ɴwaj3/ŋuai3	
憊	baj3/buai3	
𤸶	baj3/buai3	
韛	baj3/buai3	
𣡖	baj3/buai3	
𦩋	baj3/buai3	
㶔	baj3/buai3	
䀛	maj3/muai3	
䀛	mɑt4/muot4	
𧱘	maj3/muai3	
韎	maj3/muai3	
韎	mɑt4/muot4	
𧱳	χwaj3/huai3	
躗	χwaj3/huai3	
𣟉	χwaj3/huai3	
𣸎	χwaj3/huai3	
咶	χwaj3/huai3	
咶	ʁwat4/ɦuat4	
𧜁	ʂaj3/ʂɯai3	
殺	ʂaj3/ʂɯai3	
殺	ʂat4/ʂɯat4	
閷	ʂaj3/ʂɯai3	
烗	qʰaj3/kʰɯai3	
𤈪	qʰaj3/kʰɯai3	
劾	qʰaj3/kʰɯai3	
劾	ʁɑj3/ɦɑi3	
劾	ʁɨk4/ɦək4	
夬	qwaj3/kuai3	
快	qʰwaj3/kʰuai3	
噲	qʰwaj3/kʰuai3	
駃	qʰwaj3/kʰuai3	
駃	kʲwɛt4/kyet4	
璯	qʰwaj3/kʰuai3	
邁	maj3/muai3	
勱	maj3/muai3	
佅	maj3/muai3	
話	ʁwa3/ɦua3	
話	ʁwaj3/ɦuai3	老
敗	baj3/buai3	
敗	paj3/puai3	
贁	baj3/buai3	
䢙	baj3/buai3	
唄	baj3/buai3	
嘬	tʂʰwaj3/tʂʰuai3	
䴝	tʂʰwaj3/tʂʰuai3	
𣤌	tʂʰwaj3/tʂʰuai3	
𠽶	tʂʰwaj3/tʂʰuai3	
犗	qaj3/kɯai3	
𧜅	qaj3/kɯai3	
蠆	ʈʰaj3/ʈʰɯai3	
喝	ʔaj3/ʔɯai3	
喝	χɑt4/hɑt4	
嗄	ʔaj3/ʔɯai3	
嗄	ʂa3/ʂɯa3	
欬	ʔaj3/ʔɯai3	
欬	qʰɑj3/kʰɑi3	
𠱡	ʂaj3/ʂɯai3	
𠱡	sɑt4/sɑt4	
𦤧	ɖaj3/ɖɯai3	
𦤬	χaj3/hɯai3	
啐	tʂʰwaj3/tʂʰuai3	
啐	tsʰwɑj3/tsʰuoi3	
啐	swɑj3/suoi3	
啐	tsʲwit4/tsyt4	
寨	dʐaj3/dʐɯai3	
寨	sɨk4/sək4	
砦	dʐaj3/dʐɯai3	
㕢	ʁaj3/ɦɯai3	
㕢	qɑj3/kɑi3	
隊	dwɑj3/duoi3	
䨴	dwɑj3/duoi3	
薱	dwɑj3/duoi3	
憝	dwɑj3/duoi3	
憞	dwɑj3/duoi3	
譈	dwɑj3/duoi3	
鐓	dwɑj3/duoi3	
䃍	dwɑj3/duoi3	
䯟	dwɑj3/duoi3	
𩐌	dwɑj3/duoi3	
濧	dwɑj3/duoi3	
佩	bɑj3/buoi3	
珮	bɑj3/buoi3	
孛	bɑj3/buoi3	
孛	bɨt4/but4	
鄁	bɑj3/buoi3	
邶	bɑj3/buoi3	
偝	bɑj3/buoi3	
誖	bɑj3/buoi3	
誖	pɑj3/puoi3	
誖	bɨt4/but4	
悖	bɑj3/buoi3	
悖	bɨt4/but4	
背	bɑj3/buoi3	
背	pɑj3/puoi3	
𢂤	bɑj3/buoi3	
苝	bɑj3/buoi3	
妹	mɑj3/muoi3	
昧	mɑj3/muoi3	
眛	mɑj3/muoi3	
痗	mɑj3/muoi3	
痗	χwɑj3/huoi3	
瑁	mɑj3/muoi3	
瑁	mɑw3/muɔu3	
瑁	mɨwk4/muk4	
配	pʰɑj3/pʰuoi3	
昢	pʰɑj3/pʰuoi3	
昢	pʰɨt4/pʰut4	
嶏	pʰɑj3/pʰuoi3	
嶏	fʰut4/pfʰut4	
誨	χwɑj3/huoi3	
晦	χwɑj3/huoi3	
𠧩	χwɑj3/huoi3	
靧	χwɑj3/huoi3	
頮	χwɑj3/huoi3	
秏	χwɑj3/huoi3	
秏	χɑw3/hɑu3	
𩔁	χwɑj3/huoi3	
詯	χwɑj3/huoi3	
詯	ʁwɑj3/ɦuoi3	
𣴵	χwɑj3/huoi3	
對	twɑj3/tuoi3	
𡭊	twɑj3/tuoi3	
碓	twɑj3/tuoi3	
𣝉	twɑj3/tuoi3	
𠏮	twɑj3/tuoi3	
倅	tsʰwɑj3/tsʰuoi3	
倅	tswɨt4/tsut4	
淬	tsʰwɑj3/tsʰuoi3	
焠	tsʰwɑj3/tsʰuoi3	
䃀	tsʰwɑj3/tsʰuoi3	
晬	tswɑj3/tsuoi3	
祽	tswɑj3/tsuoi3	
𪓌	tswɑj3/tsuoi3	
綷	tswɑj3/tsuoi3	
夎	tswɑj3/tsuoi3	
夎	tswɑ3/tsuɔ3	
𩲄	ʔwɑj3/ʔuoi3	
退	tʰwɑj3/tʰuoi3	
𢓴	tʰwɑj3/tʰuoi3	
𨓤	tʰwɑj3/tʰuoi3	
㥆	tʰwɑj3/tʰuoi3	
㥆	tʰwɨt4/tʰut4	
𡯵	tʰwɑj3/tʰuoi3	
憒	qwɑj3/kuoi3	
幗	qwɑj3/kuoi3	
幗	qwɛk4/kuɛk4	
慖	qwɑj3/kuoi3	
慖	qwɛk4/kuɛk4	
簂	qwɑj3/kuoi3	
䈐	qwɑj3/kuoi3	
𪏤	qwɑj3/kuoi3	
蔮	qwɑj3/kuoi3	
潰	ʁwɑj3/ɦuoi3	
繢	ʁwɑj3/ɦuoi3	
殨	ʁwɑj3/ɦuoi3	
闠	ʁwɑj3/ɦuoi3	
䛛	ʁwɑj3/ɦuoi3	
塊	qʰwɑj3/kʰuoi3	
凷	qʰwɑj3/kʰuoi3	
碎	swɑj3/suoi3	
𤭢	swɑj3/suoi3	
繀	swɑj3/suoi3	
內	nwɑj3/nuoi3	
纇	lwɑj3/luoi3	
攂	lwɑj3/luoi3	
䒹	lwɑj3/luoi3	
𥣬	lwɑj3/luoi3	
𡔇	lwɑj3/luoi3	
銇	lwɑj3/luoi3	
錑	lwɑj3/luoi3	
輩	pɑj3/puoi3	
代	dɑj3/dɑi3	
岱	dɑj3/dɑi3	
黛	dɑj3/dɑi3	
黱	dɑj3/dɑi3	
埭	dɑj3/dɑi3	
𡍖	dɑj3/dɑi3	
帒	dɑj3/dɑi3	
袋	dɑj3/dɑi3	
𤮼	dɑj3/dɑi3	
酨	dɑj3/dɑi3	
酨	dzɑj3/dzɑi3	
瑇	dɑj3/dɑi3	
瑇	dɨwk4/duk4	
靆	dɑj3/dɑi3	
再	tsɑj3/tsɑi3	
𨚵	tsɑj3/tsɑi3	
𩛥	tsɑj3/tsɑi3	
䵧	tsɑj3/tsɑi3	
賽	sɑj3/sɑi3	
簺	sɑj3/sɑi3	
塞	sɑj3/sɑi3	
塞	sɨk4/sək4	
𢞝	sɑj3/sɑi3	
貸	tʰɑj3/tʰɑi3	
態	tʰɑj3/tʰɑi3	
曃	tʰɑj3/tʰɑi3	
槩	qɑj3/kɑi3	
𠌰	qɑj3/kɑi3	
㧉	qɑj3/kɑi3	
慨	qʰɑj3/kʰɑi3	
嘅	qʰɑj3/kʰɑi3	
礙	ɴɑj3/ŋɑi3	
硋	ɴɑj3/ŋɑi3	
䙷	ɴɑj3/ŋɑi3	
䙷	tɨk4/tək4	
閡	ɴɑj3/ŋɑi3	
懝	ɴɑj3/ŋɑi3	
懝	ŋˠɨk4/ŋɨk4	
愛	ʔɑj3/ʔɑi3	
㤅	ʔɑj3/ʔɑi3	
𥴨	ʔɑj3/ʔɑi3	
薆	ʔɑj3/ʔɑi3	
璦	ʔɑj3/ʔɑi3	
㤥	ʁɑj3/ɦɑi3	
耐	nɑj3/nɑi3	
螚	nɑj3/nɑi3	
𣉘	nɑj3/nɑi3	
𣉘	nɨk4/nək4	
戴	tɑj3/tɑi3	
賚	lɑj3/lɑi3	
睞	lɑj3/lɑi3	
勑	lɑj3/lɑi3	
䚅	lɑj3/lɑi3	
菜	tsʰɑj3/tsʰɑi3	
埰	tsʰɑj3/tsʰɑi3	
棌	tsʰɑj3/tsʰɑi3	
䐆	tsʰɑj3/tsʰɑi3	
𣿐	dzɑj3/dzɑi3	
𣿐	dzɨk4/dzək4	
廢	fɛj3/pfei3	
癈	fɛj3/pfei3	
𤼺	fɛj3/pfei3	
橃	fɛj3/pfei3	
橃	vɛt4/bvuɐt4	
祓	fɛj3/pfei3	
祓	fʰut4/pfʰut4	
𥳊	fɛj3/pfei3	
䉬	fɛj3/pfei3	
䚨	fɛj3/pfei3	
䚨	bɑt4/buot4	
砩	fɛj3/pfei3	
肺	fʰɛj3/pfʰei3	
杮	fʰɛj3/pfʰei3	
䑔	fʰɛj3/pfʰei3	
䑔	vɛt4/bvuɐt4	
穢	ʔˠwɛj3/ʔʉoi3	
薉	ʔˠwɛj3/ʔʉoi3	
獩	ʔˠwɛj3/ʔʉoi3	
饖	ʔˠwɛj3/ʔʉoi3	
䮹	ʔˠwɛj3/ʔʉoi3	
吠	vɛj3/bvei3	
𩵥	vɛj3/bvei3	
鼣	vɛj3/bvei3	
喙	xˠwɛj3/hʉoi3	
𤸁	xˠwɛj3/hʉoi3	
𣨶	xˠwɛj3/hʉoi3	
餯	xˠwɛj3/hʉoi3	
顪	xˠwɛj3/hʉoi3	
刈	ŋˠɛj3/ŋɨei3	
乂	ŋˠɛj3/ŋɨei3	
㲼	ŋˠɛj3/ŋɨei3	
㣻	ŋˠɛj3/ŋɨei3	
𩾘	ŋˠɛj3/ŋɨei3	
䖊	ŋˠɛj3/ŋɨei3	
䢃	ŋˠɛj3/ŋɨei3	
震	tɕin3/tʃin3	
挋	tɕin3/tʃin3	
䟴	tɕin3/tʃin3	
䳲	tɕin3/tʃin3	
信	sʲin3/sin3	
訊	sʲin3/sin3	
訙	sʲin3/sin3	
迅	sʲin3/sin3	
迅	sʲwin3/syn3	
囟	sʲin3/sin3	
顖	sʲin3/sin3	
𤜢	sʲin3/sin3	
刃	ɲin3/ɲʒin3	
認	ɲin3/ɲʒin3	
認	ɲɨŋ3/ɲʒiŋ3	
肕	ɲin3/ɲʒin3	
韌	ɲin3/ɲʒin3	
仞	ɲin3/ɲʒin3	
軔	ɲin3/ɲʒin3	
牣	ɲin3/ɲʒin3	
杒	ɲin3/ɲʒin3	
訒	ɲin3/ɲʒin3	
𢂻	ɲin3/ɲʒin3	
䀼	ɲin3/ɲʒin3	
胤	jin3/jin3	
酳	jin3/jin3	
朄	jin3/jin3	
洕	jin3/jin3	
𨋙	jin3/jin3	
遴	lˠin3/ɭin3	
吝	lˠin3/ɭin3	
悋	lˠin3/ɭin3	
閵	lˠin3/ɭin3	
𥳞	lˠin3/ɭin3	
粦	lˠin3/ɭin3	
藺	lˠin3/ɭin3	
轥	lˠin3/ɭin3	
䗲	lˠin3/ɭin3	
𠄈	lˠin3/ɭin3	
䉮	lˠin3/ɭin3	
𦺸	lˠin3/ɭin3	
甐	lˠin3/ɭin3	
𧶆	lˠin3/ɭin3	
𧖔	lˠin3/ɭin3	
𤌎	lˠin3/ɭin3	
躙	lˠin3/ɭin3	
擯	pʲin3/pin3	
殯	pʲin3/pin3	
鬢	pʲin3/pin3	
覕	pʲin3/pin3	
覕	mʲɛt4/miet4	
𧸈	pʲin3/pin3	
陣	ɖˠin3/ɖin3	
𨳌	ɖˠin3/ɖin3	
慎	ʑin3/ʒin3	
昚	ʑin3/ʒin3	
抻	ɕin3/ʃin3	
菣	kʲʰin3/kʰin3	
菣	kʲʰɛn3/kʰien3	
賮	dzʲin3/dzin3	
燼	dzʲin3/dzin3	
㶳	dzʲin3/dzin3	
藎	dzʲin3/dzin3	
璶	dzʲin3/dzin3	
憖	ŋˠin3/ŋɨn3	
猌	ŋˠin3/ŋɨn3	
垽	ŋˠin3/ŋɨn3	
晉	tsʲin3/tsin3	
㬜	tsʲin3/tsin3	
搢	tsʲin3/tsin3	
縉	tsʲin3/tsin3	
䗯	tsʲin3/tsin3	
進	tsʲin3/tsin3	
枃	tsʲin3/tsin3	
瑨	tsʲin3/tsin3	
𦎷	tsʲin3/tsin3	
衅	xˠin3/hɨn3	
釁	xˠin3/hɨn3	
舋	xˠin3/hɨn3	
瑱	ʈˠin3/ʈin3	
瑱	tʲʰɛn3/tʰien3	
僅	ɡˠin3/ɡɨn3	
覲	ɡˠin3/ɡɨn3	
殣	ɡˠin3/ɡɨn3	
瑾	ɡˠin3/ɡɨn3	
饉	ɡˠin3/ɡɨn3	
㝻	ɡˠin3/ɡɨn3	
廑	ɡˠin3/ɡɨn3	
𠞱	ɡˠin3/ɡɨn3	
歏	ɡˠin3/ɡɨn3	
櫬	tʂʰin3/tʂʰʅᵊn3	
嚫	tʂʰin3/tʂʰʅᵊn3	
䞋	tʂʰin3/tʂʰʅᵊn3	
襯	tʂʰin3/tʂʰʅᵊn3	
儭	tʂʰin3/tʂʰʅᵊn3	
儭	tsʲʰin3/tsʰin3	
印	ʔʲin3/ʔin3	
鮣	ʔʲin3/ʔin3	
𩂥	ʔʲin3/ʔin3	
疢	ʈˠʰin3/ʈʰin3	
𩰗	pʲʰin3/pʰin3	
呁	kʲwin3/kyn3	
稕	tɕwin3/tʃyn3	
𦽑	tɕwin3/tʃyn3	
盹	tɕwin3/tʃyn3	
𡺲	sʲwin3/syn3	
峻	sʲwin3/syn3	
濬	sʲwin3/syn3	
浚	sʲwin3/syn3	
陖	sʲwin3/syn3	
埈	sʲwin3/syn3	
鵕	sʲwin3/syn3	
𢏤	sʲwin3/syn3	
𧸩	sʲwin3/syn3	
晙	sʲwin3/syn3	
晙	tsʲwin3/tsyn3	
迿	sʲwin3/syn3	
迿	ɣʲwɛn3/ɦyen3	
殉	zʲwin3/zyn3	
徇	zʲwin3/zyn3	
侚	zʲwin3/zyn3	
𢓈	zʲwin3/zyn3	
儁	tsʲwin3/tsyn3	
俊	tsʲwin3/tsyn3	
餕	tsʲwin3/tsyn3	
畯	tsʲwin3/tsyn3	
駿	tsʲwin3/tsyn3	
𪕞	tsʲwin3/tsyn3	
寯	tsʲwin3/tsyn3	
焌	tsʲwin3/tsyn3	
焌	tswɨn3/tsun3	
焌	tsʲʰwit4/tsʰyt4	
𤮪	tsʲwin3/tsyn3	
舜	ɕwin3/ʃyn3	
䑞	ɕwin3/ʃyn3	
蕣	ɕwin3/ʃyn3	
瞬	ɕwin3/ʃyn3	
瞚	ɕwin3/ʃyn3	
鬊	ɕwin3/ʃyn3	
閏	ɲwin3/ɲʒyn3	
潤	ɲwin3/ɲʒyn3	
䏰	ɲwin3/ɲʒyn3	
順	ʑwin3/ʒyn3	
問	ɱun3/mvun3	
璺	ɱun3/mvun3	
紊	ɱun3/mvun3	
莬	ɱun3/mvun3	
運	ɰun3/ɨun3	
暈	ɰun3/ɨun3	
䩵	ɰun3/ɨun3	
韗	ɰun3/ɨun3	
韗	xˠwɛn3/hʉon3	
鄆	ɰun3/ɨun3	
䲰	ɰun3/ɨun3	
韻	ɰun3/ɨun3	
䚋	ɰun3/ɨun3	
訓	xˠun3/hɨun3	
爋	xˠun3/hɨun3	
瀵	fʰun3/pfʰun3	
瀵	fun3/pfun3	
糞	fun3/pfun3	
𥻔	fun3/pfun3	
拚	fun3/pfun3	
拚	bˠɛn3/bɨen3	
僨	fun3/pfun3	
奮	fun3/pfun3	
㱵	fun3/pfun3	
慍	ʔˠun3/ʔɨun3	
攈	kˠun3/kɨun3	
捃	kˠun3/kɨun3	
𧱝	kˠun3/kɨun3	
𧱝	kˠut4/kɨut4	
𧱝	ɡˠut4/ɡɨut4	
𧱝	kˠwɛt4/kʉot4	
䝍	kˠun3/kɨun3	
郡	ɡˠun3/ɡɨun3	
秎	vun3/bvun3	
焮	xˠin3/hɨn3	
𤴾	xˠin3/hɨn3	
𦜓	xˠin3/hɨn3	
靳	kˠin3/kɨn3	
㧆	kˠin3/kɨn3	
劤	kˠin3/kɨn3	
懚	ʔˠin3/ʔɨn3	
檼	ʔˠin3/ʔɨn3	
𤔌	ʔˠin3/ʔɨn3	
㡥	ʔˠin3/ʔɨn3	
願	ŋˠwɛn3/ŋʉon3	
𩕾	ŋˠwɛn3/ŋʉon3	
傆	ŋˠwɛn3/ŋʉon3	
愿	ŋˠwɛn3/ŋʉon3	
販	fɛn3/pfuɐn3	
畈	fɛn3/pfuɐn3	
券	kˠʰwɛn3/kʰʉon3	
絭	kˠʰwɛn3/kʰʉon3	
絭	kˠwɛn3/kʉon3	
絭	kˠuk4/kɨuk4	
勸	kˠʰwɛn3/kʰʉon3	
万	ɱɛn3/mvuɐn3	
万	mɨk4/muək4	
萬	ɱɛn3/mvuɐn3	
蟃	ɱɛn3/mvuɐn3	
𨞼	ɱɛn3/mvuɐn3	
䝡	ɱɛn3/mvuɐn3	
𩆊	ɱɛn3/mvuɐn3	
𦂔	ɱɛn3/mvuɐn3	
贎	ɱɛn3/mvuɐn3	
䡬	ɱɛn3/mvuɐn3	
𩚳	vɛn3/bvuɐn3	
閞	vɛn3/bvuɐn3	
閞	bˠɛn3/bɨen3	
𥹇	vɛn3/bvuɐn3	
㶗	vɛn3/bvuɐn3	
𧉤	vɛn3/bvuɐn3	
嬎	fʰɛn3/pfʰuɐn3	
㽹	fʰɛn3/pfʰuɐn3	
𨠒	fʰɛn3/pfʰuɐn3	
𡗹	fʰɛn3/pfʰuɐn3	
𣀔	fʰɛn3/pfʰuɐn3	
𣀔	tʂʰwɛn3/tʂʰʯen3	
㤆	fʰɛn3/pfʰuɐn3	
奿	fʰɛn3/pfʰuɐn3	
㪻	fʰɛn3/pfʰuɐn3	
汳	fʰɛn3/pfʰuɐn3	
建	kˠɛn3/kɨen3	
旔	kˠɛn3/kɨen3	
傿	ʔˠɛn3/ʔɨen3	
㰽	ʔˠɛn3/ʔɨen3	
𡙷	ʔˠɛn3/ʔɨen3	
憲	xˠɛn3/hɨen3	
𧾨	xˠɛn3/hɨen3	
瀗	xˠɛn3/hɨen3	
楥	xˠwɛn3/hʉon3	
楦	xˠwɛn3/hʉon3	
𩋢	xˠwɛn3/hʉon3	
健	ɡˠɛn3/ɡɨen3	
𤬝	ŋˠɛn3/ŋɨen3	
鬳	ŋˠɛn3/ŋɨen3	
卛	kˠwɛn3/kʉon3	
慁	ʁwɨn3/ɦun3	
溷	ʁwɨn3/ɦun3	
圂	ʁwɨn3/ɦun3	
頓	twɨn3/tun3	
扽	twɨn3/tun3	
巽	swɨn3/sun3	
顨	swɨn3/sun3	
潠	swɨn3/sun3	
𠹀	swɨn3/sun3	
遜	swɨn3/sun3	
愻	swɨn3/sun3	
困	qʰwɨn3/kʰun3	
𣏔	qʰwɨn3/kʰun3	
涃	qʰwɨn3/kʰun3	
嫩	nwɨn3/nun3	
媆	nwɨn3/nun3	
抐	nwɨn3/nun3	
抐	nwɨt4/nut4	
䭡	ʔwɨn3/ʔun3	
䭡	ʔɨn3/ʔən3	
悶	mɨn3/mun3	
鐏	dzwɨn3/dzun3	
臶	dzwɨn3/dzun3	
臶	dzʲɛn3/dzien3	
栫	dzwɨn3/dzun3	
栫	dzʲɛn3/dzien3	
𦪚	dzwɨn3/dzun3	
璭	qwɨn3/kun3	
㴫	qwɨn3/kun3	
𧬪	qwɨn3/kun3	
謴	qwɨn3/kun3	
鈍	dwɨn3/dun3	
鶨	dwɨn3/dun3	
鶨	ʈˠʰwɛn3/ʈʰyen3	
𩔂	dwɨn3/dun3	
寸	tsʰwɨn3/tsʰun3	
䍎	tsʰwɨn3/tsʰun3	
䍎	tsʲʰɛn3/tsʰien3	
𣴞	bɨn3/bun3	
諢	ɴwɨn3/ŋun3	
溣	lwɨn3/lun3	
𩯄	tswɨn3/tsun3	
恨	ʁɨn3/ɦən3	
艮	qɨn3/kən3	
茛	qɨn3/kən3	
䭓	ɴɨn3/ŋən3	
扞	ʁɑn3/ɦɑn3	
螒	ʁɑn3/ɦɑn3	
垾	ʁɑn3/ɦɑn3	
釬	ʁɑn3/ɦɑn3	
悍	ʁɑn3/ɦɑn3	
瀚	ʁɑn3/ɦɑn3	
閈	ʁɑn3/ɦɑn3	
𤿧	ʁɑn3/ɦɑn3	
駻	ʁɑn3/ɦɑn3	
雗	ʁɑn3/ɦɑn3	
䏷	ʁɑn3/ɦɑn3	
㢨	ʁɑn3/ɦɑn3	
㲦	ʁɑn3/ɦɑn3	
𩹼	ʁɑn3/ɦɑn3	
炭	tʰɑn3/tʰɑn3	
歎	tʰɑn3/tʰɑn3	
湠	tʰɑn3/tʰɑn3	
𣁗	tʰɑn3/tʰɑn3	
㛶	tʰɑn3/tʰɑn3	
按	ʔɑn3/ʔɑn3	
案	ʔɑn3/ʔɑn3	
洝	ʔɑn3/ʔɑn3	
晏	ʔɑn3/ʔɑn3	
晏	ʔan3/ʔɯan3	
荌	ʔɑn3/ʔɑn3	
䅁	ʔɑn3/ʔɑn3	
旦	tɑn3/tɑn3	
鴠	tɑn3/tɑn3	
怛	tɑn3/tɑn3	
怛	tɑt4/tɑt4	
㡺	tɑn3/tɑn3	
憚	dɑn3/dɑn3	
旰	qɑn3/kɑn3	
榦	qɑn3/kɑn3	
倝	qɑn3/kɑn3	
幹	qɑn3/kɑn3	
杆	qɑn3/kɑn3	
𧹳	qɑn3/kɑn3	
盰	qɑn3/kɑn3	
骭	qɑn3/kɑn3	
骭	ʁan3/ɦɯan3	
涆	qɑn3/kɑn3	
𢁗	qɑn3/kɑn3	
岸	ɴɑn3/ŋɑn3	
䮗	ɴɑn3/ŋɑn3	
㷳	ɴɑn3/ŋɑn3	
𡹼	ɴɑn3/ŋɑn3	
喭	ɴɑn3/ŋɑn3	
喭	ŋˠɛn3/ŋɨen3	
𨲊	ɴɑn3/ŋɑn3	
偘	qʰɑn3/kʰɑn3	
漢	χɑn3/hɑn3	
𤳉	χɑn3/hɑn3	
𡅽	χɑn3/hɑn3	
𡅽	χwɑn3/huon3	
𤅩	χɑn3/hɑn3	
䎯	χɑn3/hɑn3	
爛	lɑn3/lɑn3	
爤	lɑn3/lɑn3	
𢒞	lɑn3/lɑn3	
糷	lɑn3/lɑn3	
鑭	lɑn3/lɑn3	
𦍀	nɑn3/nɑn3	
粲	tsʰɑn3/tsʰɑn3	
㛑	tsʰɑn3/tsʰɑn3	
燦	tsʰɑn3/tsʰɑn3	
璨	tsʰɑn3/tsʰɑn3	
薒	tsʰɑn3/tsʰɑn3	
𪆶	tsʰɑn3/tsʰɑn3	
贊	tsɑn3/tsɑn3	
讚	tsɑn3/tsɑn3	
饡	tsɑn3/tsɑn3	
灒	tsɑn3/tsɑn3	
𩛻	tsɑn3/tsɑn3	
㜺	tsɑn3/tsɑn3	
㜺	dzɑn3/dzɑn3	
攢	tsɑn3/tsɑn3	
攢	dzwɑn3/dzuon3	
𣧻	dzɑn3/dzɑn3	
囋	dzɑn3/dzɑn3	
囋	dzɑt4/dzɑt4	
換	ʁwɑn3/ɦuon3	
逭	ʁwɑn3/ɦuon3	
𩁧	ʁwɑn3/ɦuon3	
肒	ʁwɑn3/ɦuon3	
䯘	ʁwɑn3/ɦuon3	
漶	ʁwɑn3/ɦuon3	
䀓	ʁwɑn3/ɦuon3	
𤴯	ʁwɑn3/ɦuon3	
惋	ʔwɑn3/ʔuon3	
腕	ʔwɑn3/ʔuon3	
𢯲	ʔwɑn3/ʔuon3	
捥	ʔwɑn3/ʔuon3	
矔	qwɑn3/kuon3	
矔	qwan3/kuan3	
祼	qwɑn3/kuon3	
館	qwɑn3/kuon3	
瓘	qwɑn3/kuon3	
罐	qwɑn3/kuon3	
𤼐	qwɑn3/kuon3	
灌	qwɑn3/kuon3	
雚	qwɑn3/kuon3	
鸛	qwɑn3/kuon3	
樌	qwɑn3/kuon3	
鏆	qwɑn3/kuon3	
爟	qwɑn3/kuon3	
遦	qwɑn3/kuon3	
悺	qwɑn3/kuon3	
竄	tsʰwɑn3/tsʰuon3	
鑹	tsʰwɑn3/tsʰuon3	
爨	tsʰwɑn3/tsʰuon3	
殩	tsʰwɑn3/tsʰuon3	
玩	ɴwɑn3/ŋuon3	
貦	ɴwɑn3/ŋuon3	
翫	ɴwɑn3/ŋuon3	
妧	ɴwɑn3/ŋuon3	
段	dwɑn3/duon3	
毈	dwɑn3/duon3	
椴	dwɑn3/duon3	
亂	lwɑn3/luon3	
𢿢	lwɑn3/luon3	
𤔔	lwɑn3/luon3	
鍛	twɑn3/tuon3	
腶	twɑn3/tuon3	
碫	twɑn3/tuon3	
瑖	twɑn3/tuon3	
彖	tʰwɑn3/tʰuon3	
褖	tʰwɑn3/tʰuon3	
湪	tʰwɑn3/tʰuon3	
喚	χwɑn3/huon3	
嚾	χwɑn3/huon3	
煥	χwɑn3/huon3	
奐	χwɑn3/huon3	
𥈉	χwɑn3/huon3	
筭	swɑn3/suon3	
蒜	swɑn3/suon3	
笇	swɑn3/suon3	
祘	swɑn3/suon3	
縵	mɑn3/muon3	
縵	man3/muan3	
幔	mɑn3/muon3	
漫	mɑn3/muon3	
𣁜	mɑn3/muon3	
䝢	mɑn3/muon3	
半	pɑn3/puon3	
絆	pɑn3/puon3	
靽	pɑn3/puon3	
姅	pɑn3/puon3	
姅	pʰɑn3/pʰuon3	
𩢔	pɑn3/puon3	
㪵	pɑn3/puon3	
𠯘	pɑn3/puon3	
判	pʰɑn3/pʰuon3	
泮	pʰɑn3/pʰuon3	
頖	pʰɑn3/pʰuon3	
沜	pʰɑn3/pʰuon3	
胖	pʰɑn3/pʰuon3	
冸	pʰɑn3/pʰuon3	
牉	pʰɑn3/pʰuon3	
叛	bɑn3/buon3	
𡞟	bɑn3/buon3	
畔	bɑn3/buon3	
𪋐	nwɑn3/nuon3	
諫	qan3/kɯan3	
澗	qan3/kɯan3	
鐧	qan3/kɯan3	
鴈	ɴan3/ŋɯan3	
鳫	ɴan3/ŋɯan3	
雁	ɴan3/ŋɯan3	
贗	ɴan3/ŋɯan3	
偐	ɴan3/ŋɯan3	
𤜵	ɴan3/ŋɯan3	
𤜵	qan3/kɯan3	
𤜵	ŋʲɛn3/ŋien3	
騴	ʔan3/ʔɯan3	
䁙	ʔan3/ʔɯan3	
鴳	ʔan3/ʔɯan3	
鷃	ʔan3/ʔɯan3	
柵	ʂan3/ʂɯan3	
柵	tʂʰɛk4/tʂʰɯɛk4	
䴮	ʂan3/ʂɯan3	
娨	ʁan3/ɦɯan3	
慢	man3/muan3	
嫚	man3/muan3	
㾺	man3/muan3	
㾺	ʈʰan3/ʈʰɯan3	
㾺	ma3/mua3	
贃	ʔwan3/ʔuan3	
𩈬	ʔwan3/ʔuan3	
患	ʁwan3/ɦuan3	
𢠶	ʁwan3/ɦuan3	
宦	ʁwan3/ɦuan3	
豢	ʁwan3/ɦuan3	
槵	ʁwan3/ɦuan3	
慣	qwan3/kuan3	
丱	qwan3/kuan3	
摜	qwan3/kuan3	
串	qwan3/kuan3	
㝈	ʂwan3/ʂuan3	
㝈	ʂwɛn3/ʂʯen3	
涮	ʂwan3/ʂuan3	
篡	tʂʰwan3/tʂʰuan3	
薍	ɴwan3/ŋuan3	
𧮺	dʐan3/dʐɯan3	
襻	pʰan3/pʰuan3	
䴼	tʂʰan3/tʂʰɯan3	
㬄	ʈʰan3/ʈʰɯan3	
襇	qan3/kɯan3	
𨣉	qan3/kɯan3	
𧙧	qan3/kɯan3	
莧	ʁan3/ɦɯan3	
粯	ʁan3/ɦɯan3	
瓣	ban3/buan3	
辦	ban3/buan3	
𥌊	ban3/buan3	
𥌊	pʰan3/pʰuan3	
釆	ban3/buan3	
盼	pʰan3/pʰuan3	
幻	ʁwan3/ɦuan3	
蔄	man3/muan3	
蔄	lɨw3/ləu3	
綻	ɖan3/ɖɯan3	
䋎	ɖan3/ɖɯan3	
霰	sʲɛn3/sien3	
䨘	sʲɛn3/sien3	
㪇	sʲɛn3/sien3	
𢊰	sʲɛn3/sien3	
軐	sʲɛn3/sien3	
𥰳	sʲɛn3/sien3	
蒨	tsʲʰɛn3/tsʰien3	
茜	tsʲʰɛn3/tsʰien3	
輤	tsʲʰɛn3/tsʰien3	
倩	tsʲʰɛn3/tsʰien3	
倩	tsʲʰɛŋ3/tsʰieŋ3	
䛹	tsʲʰɛn3/tsʰien3	
棈	tsʲʰɛn3/tsʰien3	
𢂺	tsʲʰɛn3/tsʰien3	
𧚫	tsʲʰɛn3/tsʰien3	
䑶	tsʲʰɛn3/tsʰien3	
篟	tsʲʰɛn3/tsʰien3	
絢	xʲwɛn3/hyen3	
敻	xʲwɛn3/hyen3	
敻	xʲwɛŋ3/hyeŋ3	
㧦	xʲwɛn3/hyen3	
讂	xʲwɛn3/hyen3	
讂	kʲwɛn3/kyen3	
袨	ɣʲwɛn3/ɦyen3	
炫	ɣʲwɛn3/ɦyen3	
衒	ɣʲwɛn3/ɦyen3	
𧗳	ɣʲwɛn3/ɦyen3	
䝮	ɣʲwɛn3/ɦyen3	
𩑹	ɣʲwɛn3/ɦyen3	
瓹	kʲwɛn3/kyen3	
䣺	kʲwɛn3/kyen3	
𦌾	kʲwɛn3/kyen3	
懁	kʲwɛn3/kyen3	
䡓	kʲwɛn3/kyen3	
獧	kʲwɛn3/kyen3	
狷	kʲwɛn3/kyen3	
㢾	kʲwɛn3/kyen3	
電	dʲɛn3/dien3	
殿	dʲɛn3/dien3	
殿	tʲɛn3/tien3	
奠	dʲɛn3/dien3	
奠	tʲɛŋ3/tieŋ3	
澱	dʲɛn3/dien3	
淀	dʲɛn3/dien3	
甸	dʲɛn3/dien3	
𪑩	dʲɛn3/dien3	
壂	dʲɛn3/dien3	
練	lʲɛn3/lien3	
浰	lʲɛn3/lien3	
鍊	lʲɛn3/lien3	
楝	lʲɛn3/lien3	
㼑	lʲɛn3/lien3	
鰊	lʲɛn3/lien3	
萰	lʲɛn3/lien3	
堜	lʲɛn3/lien3	
湅	lʲɛn3/lien3	
𣿊	lʲɛn3/lien3	
㪝	lʲɛn3/lien3	
𣞰	lʲɛn3/lien3	
𤗛	lʲɛn3/lien3	
見	kʲɛn3/kien3	
見	ɣʲɛn3/ɦien3	
㬗	nʲɛn3/nien3	
㯠	kʲʰɛn3/kʰien3	
現	ɣʲɛn3/ɦien3	
硯	ŋʲɛn3/ŋien3	
𨁍	ŋʲɛn3/ŋien3	
鷰	ʔʲɛn3/ʔien3	
醼	ʔʲɛn3/ʔien3	
讌	ʔʲɛn3/ʔien3	
嚥	ʔʲɛn3/ʔien3	
㬫	ʔʲɛn3/ʔien3	
溎	ʔʲɛn3/ʔien3	
酀	ʔʲɛn3/ʔien3	
𥉛	ʔʲɛn3/ʔien3	
薦	tsʲɛn3/tsien3	
𧲛	tsʲɛn3/tsien3	
麪	mʲɛn3/mien3	
麵	mʲɛn3/mien3	
㴐	mʲɛn3/mien3	
𡧍	mʲɛn3/mien3	
𩈹	mʲɛn3/mien3	
𥻩	mʲɛn3/mien3	
片	pʲʰɛn3/pʰien3	
䏒	pʲʰɛn3/pʰien3	
㸤	pʲʰɛn3/pʰien3	
荐	dzʲɛn3/dzien3	
洊	dzʲɛn3/dzien3	
𨷳	dzʲɛn3/dzien3	
䬼	ʔʲwɛn3/ʔyen3	
裫	ʔʲwɛn3/ʔyen3	
噮	ʔʲwɛn3/ʔyen3	
肙	ʔʲwɛn3/ʔyen3	
唸	tʲɛn3/tien3	
唸	tʲɛm3/tiem3	
𠿍	tʲɛn3/tien3	
𩎌	xʲɛn3/hien3	
線	sʲɛn3/sien3	
綫	sʲɛn3/sien3	
惗	sʲɛn3/sien3	
惗	nʲɛp4/niep4	
戰	tɕɛn3/tʃien3	
顫	tɕɛn3/tʃien3	
繕	ʑɛn3/ʒien3	
擅	ʑɛn3/ʒien3	
膳	ʑɛn3/ʒien3	
饍	ʑɛn3/ʒien3	
䄠	ʑɛn3/ʒien3	
𤮜	ʑɛn3/ʒien3	
𦉕	ʑɛn3/ʒien3	
彥	ŋˠɛn3/ŋɨen3	
唁	ŋˠɛn3/ŋɨen3	
諺	ŋˠɛn3/ŋɨen3	
這	ŋˠɛn3/ŋɨen3	
這	tɕa1/tʃia1	遮
這	tɕa2/tʃia2	者
這	tɕɛk4/tʃiek4	適
譴	kʲʰɛn3/kʰien3	
䪈	kʲʰɛn3/kʰien3	
絹	kʲwɛn3/kyen3	
鄄	kʲwɛn3/kyen3	
㯞	kʲwɛn3/kyen3	
䚈	kʲwɛn3/kyen3	
瑗	ɰwɛn3/ʉon3	
褑	ɰwɛn3/ʉon3	
面	mʲɛn3/mien3	
釧	tɕʰwɛn3/tʃʰyen3	
掾	jwɛn3/jyen3	
𢐄	jwɛn3/jyen3	
𩥇	ʈˠɛn3/ʈien3	
𧝑	ʈˠɛn3/ʈien3	
箭	tsʲɛn3/tsien3	
𥳭	tsʲɛn3/tsien3	
葥	tsʲɛn3/tsien3	
榗	tsʲɛn3/tsien3	
傓	ɕɛn3/ʃien3	
𧎥	ɕɛn3/ʃien3	
𦶋	ɕɛn3/ʃien3	
𥰢	ɕɛn3/ʃien3	
眷	kˠwɛn3/kʉon3	
睠	kˠwɛn3/kʉon3	
桊	kˠwɛn3/kʉon3	
帣	kˠwɛn3/kʉon3	
餋	kˠwɛn3/kʉon3	
䖭	kˠwɛn3/kʉon3	
𢍏	kˠwɛn3/kʉon3	
倦	ɡˠwɛn3/ɡʉon3	
𣜨	ɡˠwɛn3/ɡʉon3	
襈	ɡˠwɛn3/ɡʉon3	
襈	dʐwɛn3/dʐʯen3	
淃	ɡˠwɛn3/ɡʉon3	
戀	lˠwɛn3/ɭyen3	
變	pˠɛn3/pɨen3	
𥆊	tsʲʰwɛn3/tsʰyen3	
卞	bˠɛn3/bɨen3	
抃	bˠɛn3/bɨen3	
弁	bˠɛn3/bɨen3	
㝸	bˠɛn3/bɨen3	
汴	bˠɛn3/bɨen3	
昪	bˠɛn3/bɨen3	
匥	bˠɛn3/bɨen3	
䒪	bˠɛn3/bɨen3	
㺹	bˠɛn3/bɨen3	
忭	bˠɛn3/bɨen3	
縼	zʲwɛn3/zyen3	
𢳄	zʲwɛn3/zyen3	
䍻	zʲwɛn3/zyen3	
䍻	sʲwɛn3/syen3	
𤂿	sʲwɛn3/syen3	
䠣	sʲwɛn3/syen3	
䠣	kˠʰwɛn3/kʰʉon3	
繏	sʲwɛn3/syen3	
渲	sʲwɛn3/syen3	
䉵	dʐwɛn3/dʐʯen3	
𤩄	dʐwɛn3/dʐʯen3	
𠨎	dʐwɛn3/dʐʯen3	
賤	dzʲɛn3/dzien3	
騗	pʲʰɛn3/pʰien3	
𢮨	ʑwɛn3/ʒyen3	
叀	ʑwɛn3/ʒyen3	
碾	ɳˠɛn3/ɳien3	
囀	ʈˠwɛn3/ʈyen3	
𤹨	lˠɛn3/ɭien3	
䄐	kˠʰwɛn3/kʰʉon3	
徧	pʲɛn3/pien3	
遍	pʲɛn3/pien3	
嘯	sʲɛw3/sieu3	
歗	sʲɛw3/sieu3	
熽	sʲɛw3/sieu3	
糶	tʲʰɛw3/tʰieu3	
𥺋	tʲʰɛw3/tʰieu3	
眺	tʲʰɛw3/tʰieu3	
覜	tʲʰɛw3/tʰieu3	
鋽	tʲʰɛw3/tʰieu3	
絩	tʲʰɛw3/tʰieu3	
弔	tʲɛw3/tieu3	
弔	tʲɛk4/tiek4	
伄	tʲɛw3/tieu3	
瘹	tʲɛw3/tieu3	
釣	tʲɛw3/tieu3	
窵	tʲɛw3/tieu3	
𨑩	tʲɛw3/tieu3	
𨑩	tʲɛk4/tiek4	
叫	kʲɛw3/kieu3	
訆	kʲɛw3/kieu3	
譥	kʲɛw3/kieu3	
激	kʲɛw3/kieu3	
激	kʲɛk4/kiek4	
噭	kʲɛw3/kieu3	
嘂	kʲɛw3/kieu3	
獥	kʲɛw3/kieu3	
獥	kʲɛk4/kiek4	
獥	ɣʲɛk4/ɦiek4	
㰾	kʲɛw3/kieu3	
㰾	kʲɛk4/kiek4	
鸄	kʲɛw3/kieu3	
鸄	kʲɛk4/kiek4	
鸄	ɣʲɛk4/ɦiek4	
𨎬	kʲɛw3/kieu3	
尿	nʲɛw3/nieu3	
㞙	nʲɛw3/nieu3	
藋	dʲɛw3/dieu3	
莜	dʲɛw3/dieu3	
𥁮	dʲɛw3/dieu3	
竅	kʲʰɛw3/kʰieu3	
𢶡	kʲʰɛw3/kʰieu3	
𢶡	kʲʰɛk4/kʰiek4	
𩕐	lʲɛw3/lieu3	
𦌒	lʲɛw3/lieu3	
炓	lʲɛw3/lieu3	
獟	ŋʲɛw3/ŋieu3	
鼼	ŋʲɛw3/ŋieu3	
鼼	ŋˠɨw3/ŋɨu̯3	
嘄	ŋʲɛw3/ŋieu3	
窔	ʔʲɛw3/ʔieu3	
㱇	xˠɨk4/hɨk4	
㱇	ʂɨk4/ʂʅᵊk4	
娎	ɖˠɛt4/ɖiet4	
娎	xˠɛt4/hɨet4	
笑	sʲɛw3/sieu3	
㗛	sʲɛw3/sieu3	
肖	sʲɛw3/sieu3	
韒	sʲɛw3/sieu3	
照	tɕɛw3/tʃieu3	
炤	tɕɛw3/tʃieu3	
詔	tɕɛw3/tʃieu3	
𨹸	tɕɛw3/tʃieu3	
燿	jɛw3/jieu3	
覞	jɛw3/jieu3	
𧡷	jɛw3/jieu3	
耀	jɛw3/jieu3	
曜	jɛw3/jieu3	
𧢢	jɛw3/jieu3	
𧢢	jɑk4/jɨɔk4	
𥌺	jɛw3/jieu3	
𥌺	jɑk4/jɨɔk4	
㞁	jɛw3/jieu3	
筄	jɛw3/jieu3	
趭	jɛw3/jieu3	
趭	dzʲɛw3/dzieu3	
趭	tsʲɛw3/tsieu3	
艞	jɛw3/jieu3	
讑	jɛw3/jieu3	
約	ʔʲɛw3/ʔieu3	
約	ʔˠɑk4/ʔɨɔk4	
召	ɖˠɛw3/ɖieu3	
召	ʑɛw3/ʒieu3	
邵	ʑɛw3/ʒieu3	
劭	ʑɛw3/ʒieu3	
𠣫	ʑɛw3/ʒieu3	
䬰	ʑɛw3/ʒieu3	
卲	ʑɛw3/ʒieu3	
㬓	pʲʰɛw3/pʰieu3	
䏇	pʲʰɛw3/pʰieu3	
勡	pʲʰɛw3/pʰieu3	
誚	dzʲɛw3/dzieu3	
妙	mʲɛw3/mieu3	
玅	mʲɛw3/mieu3	
陗	tsʲʰɛw3/tsʰieu3	
峭	tsʲʰɛw3/tsʰieu3	
㴥	tsʲʰɛw3/tsʰieu3	
俏	tsʲʰɛw3/tsʰieu3	
帩	tsʲʰɛw3/tsʰieu3	
𪑊	tsʲʰɛw3/tsʰieu3	
尞	lˠɛw3/ɭieu3	
𤻲	lˠɛw3/ɭieu3	
𤻲	lɑk4/lɑk4	
療	lˠɛw3/ɭieu3	
𠿕	kˠʰɛw3/kʰɨeu3	
㢗	kˠʰɛw3/kʰɨeu3	
㚁	kˠʰɛw3/kʰɨeu3	
𧇠	ŋˠɛw3/ŋɨeu3	
醮	tsʲɛw3/tsieu3	
𥛲	tsʲɛw3/tsieu3	
釂	tsʲɛw3/tsieu3	
皭	tsʲɛw3/tsieu3	
皭	dzʲɑk4/dzɨɔk4	
潐	tsʲɛw3/tsieu3	
爝	tsʲɛw3/tsieu3	
爝	tsʲɑk4/tsɨɔk4	
爝	dzʲɑk4/dzɨɔk4	
𥡤	tsʲɛw3/tsieu3	
䂃	tsʲɛw3/tsieu3	
廟	mˠɛw3/mɨeu3	
庿	mˠɛw3/mɨeu3	
驃	bʲɛw3/bieu3	
脁	ʈˠʰɛw3/ʈʰieu3	
裱	pˠɛw3/pɨeu3	
俵	pˠɛw3/pɨeu3	
效	ʁaw3/ɦɯau3	
効	ʁaw3/ɦɯau3	
校	ʁaw3/ɦɯau3	
校	qaw3/kɯau3	
斅	ʁaw3/ɦɯau3	
傚	ʁaw3/ɦɯau3	
𣱓	ʁaw3/ɦɯau3	
𢼂	qaw3/kɯau3	
窖	qaw3/kɯau3	
酵	qaw3/kɯau3	
覺	qaw3/kɯau3	
覺	qawk4/kɯak4	
較	qaw3/kɯau3	
較	qawk4/kɯak4	
𡥈	qaw3/kɯau3	
珓	qaw3/kɯau3	
孝	χaw3/hɯau3	
𡦳	χaw3/hɯau3	
罩	ʈaw3/ʈɯau3	
䈇	ʈaw3/ʈɯau3	
䍜	ʈaw3/ʈɯau3	
鵫	ʈaw3/ʈɯau3	
鵫	ɖawk4/ɖɯak4	
豹	paw3/puau3	
𧭤	paw3/puau3	
𢖔	paw3/puau3	
爆	paw3/puau3	
爆	pawk4/puak4	
爆	pɑk4/puɔk4	
䶂	paw3/puau3	
䶂	tɕɑk4/tʃɨɔk4	
䶂	tsʲɑk4/tsɨɔk4	
䶂	tʲɛk4/tiek4	
皃	maw3/muau3	
皃	mawk4/muak4	
䫉	maw3/muau3	
貌	maw3/muau3	
䡚	maw3/muau3	
𢂹	maw3/muau3	
𢅉	maw3/muau3	
奅	pʰaw3/pʰuau3	
皰	pʰaw3/pʰuau3	
皰	baw3/buau3	
礮	pʰaw3/pʰuau3	
趠	ʈʰaw3/ʈʰɯau3	
趠	ʈʰawk4/ʈʰɯak4	
踔	ʈʰaw3/ʈʰɯau3	
踔	ʈʰawk4/ʈʰɯak4	
稍	ʂaw3/ʂɯau3	
潲	ʂaw3/ʂɯau3	
𣕇	ʂaw3/ʂɯau3	
𨛍	ʂaw3/ʂɯau3	
𦓴	ʂaw3/ʂɯau3	
棹	ɖaw3/ɖɯau3	
櫂	ɖaw3/ɖɯau3	
濯	ɖaw3/ɖɯau3	
濯	ɖawk4/ɖɯak4	
㷹	ɖaw3/ɖɯau3	
淖	ɳaw3/ɳɯau3	
𠆴	ɳaw3/ɳɯau3	
鬧	ɳaw3/ɳɯau3	
癄	tʂaw3/tʂɯau3	
靤	baw3/buau3	
縐	tʂʰaw3/tʂʰɯau3	
縐	tʂɨw3/tʂʅᵊu3	
耖	tʂʰaw3/tʂʰɯau3	
仯	tʂʰaw3/tʂʰɯau3	
觘	tʂʰaw3/tʂʰɯau3	
𦨖	tʂʰaw3/tʂʰɯau3	
靿	ʔaw3/ʔɯau3	
袎	ʔaw3/ʔɯau3	
㑃	ʔaw3/ʔɯau3	
箹	ʔaw3/ʔɯau3	
箹	ʔawk4/ʔɯak4	
樂	ɴaw3/ŋɯau3	
樂	ɴawk4/ŋɯak4	
樂	lɑk4/lɑk4	
𩳔	ɴaw3/ŋɯau3	
号	ʁɑw3/ɦɑu3	
𤩭	ʁɑw3/ɦɑu3	
㙱	ʁɑw3/ɦɑu3	
䜂	ʁɑw3/ɦɑu3	
𡟷	ʁɑw3/ɦɑu3	
導	dɑw3/dɑu3	
纛	dɑw3/dɑu3	
纛	dɨwk4/duk4	
悼	dɑw3/dɑu3	
蹈	dɑw3/dɑu3	
盜	dɑw3/dɑu3	
𠺛	dɑw3/dɑu3	
䊭	dɑw3/dɑu3	
䌦	dɑw3/dɑu3	
䌦	dʲɛk4/diek4	
到	tɑw3/tɑu3	
𤓾	tɑw3/tɑu3	
𧛔	tɑw3/tɑu3	
𧛔	tɨwk4/tuk4	
菿	tɑw3/tɑu3	
菿	ʈawk4/ʈɯak4	
誥	qɑw3/kɑu3	
郜	qɑw3/kɑu3	
郜	qɨwk4/kuk4	
告	qɑw3/kɑu3	
告	qɨwk4/kuk4	
𣝏	qɑw3/kɑu3	
傲	ɴɑw3/ŋɑu3	
鏊	ɴɑw3/ŋɑu3	
奡	ɴɑw3/ŋɑu3	
冃	mɑw3/muɔu3	
帽	mɑw3/muɔu3	
耄	mɑw3/muɔu3	
𧂕	mɑw3/muɔu3	
眊	mɑw3/muɔu3	
眊	mawk4/muak4	
𤣽	mɑw3/muɔu3	
冒	mɑw3/muɔu3	
冒	mɨk4/muək4	
𥈆	mɑw3/muɔu3	
𥈆	xˠɨwk4/hɨuk4	
𩿂	mɑw3/muɔu3	
𢯾	mɑw3/muɔu3	
覒	mɑw3/muɔu3	
㲝	mɑw3/muɔu3	
䋃	mɑw3/muɔu3	
𣔺	mɑw3/muɔu3	
𣔺	mɨwk4/muk4	
僗	lɑw3/lɑu3	
癆	lɑw3/lɑu3	
𣟽	lɑw3/lɑu3	
慥	tsʰɑw3/tsʰɑu3	
糙	tsʰɑw3/tsʰɑu3	
鄵	tsʰɑw3/tsʰɑu3	
暴	bɑw3/buɔu3	
暴	bɨwk4/buk4	
虣	bɑw3/buɔu3	
曝	bɑw3/buɔu3	
曝	bɨwk4/buk4	
瀑	bɑw3/buɔu3	
瀑	bɨwk4/buk4	
菢	bɑw3/buɔu3	
𤔣	bɑw3/buɔu3	
𪇰	bɑw3/buɔu3	
𪇰	pɨwk4/puk4	
𪇰	pawk4/puak4	
報	pɑw3/puɔu3	
𢲵	dzɑw3/dzɑu3	
奧	ʔɑw3/ʔɑu3	
𩟇	ʔɑw3/ʔɑu3	
隩	ʔɑw3/ʔɑu3	
隩	ʔˠɨwk4/ʔɨuk4	
䜒	ʔɑw3/ʔɑu3	
墺	ʔɑw3/ʔɑu3	
墺	ʔˠɨwk4/ʔɨuk4	
𩼈	ʔɑw3/ʔɑu3	
澳	ʔɑw3/ʔɑu3	
澳	ʔˠɨwk4/ʔɨuk4	
喿	sɑw3/sɑu3	
譟	sɑw3/sɑu3	
噪	sɑw3/sɑu3	
瘙	sɑw3/sɑu3	
㿋	sɑw3/sɑu3	
髞	sɑw3/sɑu3	
𢤁	sɑw3/sɑu3	
𩝝	qʰɑw3/kʰɑu3	
犒	qʰɑw3/kʰɑu3	
靠	qʰɑw3/kʰɑu3	
竈	tsɑw3/tsɑu3	
躁	tsɑw3/tsɑu3	
趮	tsɑw3/tsɑu3	
箇	qɑ3/kɑ3	
个	qɑ3/kɑ3	
個	qɑ3/kɑ3	
賀	ʁɑ3/ɦɑ3	
𧝂	ʁɑ3/ɦɑ3	
袔	ʁɑ3/ɦɑ3	
㵑	ʁɑ3/ɦɑ3	
佐	tsɑ3/tsɑ3	
𠡃	tsɑ3/tsɑ3	
袏	tsɑ3/tsɑ3	
邏	lɑ3/lɑ3	
𧟌	lɑ3/lɑ3	
㿚	lɑ3/lɑ3	
餓	ɴɑ3/ŋɑ3	
拖	tʰɑ3/tʰɑ3	
㳀	qwɑ3/kuɔ3	
𩟂	qwɑ3/kuɔ3	
俰	ʁwɑ3/ɦuɔ3	
挫	tswɑ3/tsuɔ3	
𡱼	qʰwɑ3/kʰuɔ3	
㾧	qʰwɑ3/kʰuɔ3	
唾	tʰwɑ3/tʰuɔ3	
毤	tʰwɑ3/tʰuɔ3	
𧝍	tʰwɑ3/tʰuɔ3	
𧝍	dwɑ3/duɔ3	
播	pɑ3/puɔ3	
𢿥	pɑ3/puɔ3	
譒	pɑ3/puɔ3	
剉	tsʰwɑ3/tsʰuɔ3	
莝	tsʰwɑ3/tsʰuɔ3	
䃺	mɑ3/muɔ3	
破	pʰɑ3/pʰuɔ3	
座	dzwɑ3/dzuɔ3	
臥	ɴwɑ3/ŋuɔ3	
諎	tsʰɑ3/tsʰɑ3	
諎	tʂɛk4/tʂɯɛk4	
𢯽	tsʰɑ3/tsʰɑ3	
貨	χwɑ3/huɔ3	
媠	dwɑ3/duɔ3	
𧱫	dwɑ3/duɔ3	
縛	vɑ3/bvuɔ3	
縛	vɑk4/bvuɔk4	
䇔	lwɑ3/luɔ3	
𢺑	lwɑ3/luɔ3	
䌴	lwɑ3/luɔ3	
𠏢	lwɑ3/luɔ3	
㛊	twɑ3/tuɔ3	
剁	twɑ3/tuɔ3	
䐝	swɑ3/suɔ3	
侉	ʔɑ3/ʔɑ3	
涴	ʔwɑ3/ʔuɔ3	
禡	ma3/mua3	
榪	ma3/mua3	
鬕	ma3/mua3	
𧪨	ma3/mua3	
傌	ma3/mua3	
駕	qa3/kɯa3	
稼	qa3/kɯa3	
嫁	qa3/kɯa3	
架	qa3/kɯa3	
價	qa3/kɯa3	
𢉤	qa3/kɯa3	
𦙺	qa3/kɯa3	
亞	ʔa3/ʔɯa3	
俹	ʔa3/ʔɯa3	
𣇩	ʔa3/ʔɯa3	
㰳	ʔa3/ʔɯa3	
稏	ʔa3/ʔɯa3	
𦜖	ʔa3/ʔɯa3	
婭	ʔa3/ʔɯa3	
䢝	ʔa3/ʔɯa3	
嚇	χa3/hɯa3	
嚇	χɛk4/hɯɛk4	
罅	χa3/hɯa3	
唬	χa3/hɯa3	
唬	qwɛk4/kuɛk4	
𧫒	χa3/hɯa3	
㙤	χa3/hɯa3	
迓	ɴa3/ŋɯa3	
訝	ɴa3/ŋɯa3	
犽	ɴa3/ŋɯa3	
砑	ɴa3/ŋɯa3	
詫	ʈʰa3/ʈʰɯa3	
𧬮	ʈʰa3/ʈʰɯa3	
𧬮	qwa3/kua3	
吒	ʈa3/ʈɯa3	
灹	ʈa3/ʈɯa3	
䒲	ʈa3/ʈɯa3	
𨶃	ʈa3/ʈɯa3	
詐	tʂa3/tʂɯa3	
咋	tʂa3/tʂɯa3	
咋	dʐɛk4/dʐɯɛk4	
咋	tʂɛk4/tʂɯɛk4	
笮	tʂa3/tʂɯa3	
笮	dzɑk4/dzɑk4	
笮	tʂɛk4/tʂɯɛk4	
醡	tʂa3/tʂɯa3	
榨	tʂa3/tʂɯa3	
乍	dʐa3/dʐɯa3	
䄍	dʐa3/dʐɯa3	
齰	dʐa3/dʐɯa3	
齰	dʐɛk4/dʐɯɛk4	
𧧻	dʐa3/dʐɯa3	
謝	zʲa3/zia3	
榭	zʲa3/zia3	
㴬	zʲa3/zia3	
髂	qʰa3/kʰɯa3	
𩩱	qʰa3/kʰɯa3	
疴	qʰa3/kʰɯa3	
𧩶	qʰa3/kʰɯa3	
暇	ʁa3/ɦɯa3	
褯	dzʲa3/dzia3	
藉	dzʲa3/dzia3	
藉	dzʲɛk4/dziek4	
躤	dzʲa3/dzia3	
䤳	dzʲa3/dzia3	
䣠	dzʲa3/dzia3	
夜	ja3/jia3	
射	ja3/jia3	
射	ʑa3/ʒia3	
射	jɛk4/jiek4	
射	ʑɛk4/ʒiek4	
鵺	ja3/jia3	
䞣	tɕʰa3/tʃʰia3	
䞣	tsʲʰa3/tsʰia3	
䞣	ʈʰɛk4/ʈʰɯɛk4	
斥	tɕʰa3/tʃʰia3	
斥	tɕʰɛk4/tʃʰiek4	
卸	sʲa3/sia3	
䉣	sʲa3/sia3	
柘	tɕa3/tʃia3	
鷓	tɕa3/tʃia3	
䗪	tɕa3/tʃia3	
䗪	tɕɛk4/tʃiek4	
嗻	tɕa3/tʃia3	
炙	tɕa3/tʃia3	
炙	tɕɛk4/tʃiek4	
蔗	tɕa3/tʃia3	
唶	tsʲa3/tsia3	
借	tsʲa3/tsia3	
借	tsʲɛk4/tsiek4	
赦	ɕa3/ʃia3	
涻	ɕa3/ʃia3	
厙	ɕa3/ʃia3	
䠶	ʑa3/ʒia3	
麝	ʑa3/ʒia3	
麝	ʑɛk4/ʒiek4	
霸	pa3/pua3	
𧟶	pa3/pua3	
弝	pa3/pua3	
欛	pa3/pua3	
靶	pa3/pua3	
灞	pa3/pua3	
垻	pa3/pua3	
帊	pʰa3/pʰua3	
怕	pʰa3/pʰua3	
怕	pʰɛk4/pʰuɛk4	
摦	ʁwa3/ɦua3	
㕦	ʁwa3/ɦua3	
檴	ʁwa3/ɦua3	
檴	ʁwɑk4/ɦuɔk4	
化	χwa3/hua3	
𠤎	χwa3/hua3	
𩲏	χwa3/hua3	
𩵏	χwa3/hua3	
杹	χwa3/hua3	
誜	ʂwa3/ʂua3	
𤝡	ba3/bua3	
𩹏	ba3/bua3	
𦫙	ba3/bua3	
𥝧	ba3/bua3	
䏧	ɳa3/ɳɯa3	
笡	tsʲʰa3/tsʰia3	
𦔯	ʂa3/ʂɯa3	
坬	qwa3/kua3	
䖳	ɖa3/ɖɯa3	
攨	ʔwa3/ʔua3	
䠚	ʔwa3/ʔua3	
漾	jɑŋ3/jɨɔŋ3	
恙	jɑŋ3/jɨɔŋ3	
羕	jɑŋ3/jɨɔŋ3	
㨾	jɑŋ3/jɨɔŋ3	
䭐	jɑŋ3/jɨɔŋ3	
㺊	jɑŋ3/jɨɔŋ3	
亮	lˠɑŋ3/ɭɨɔŋ3	
諒	lˠɑŋ3/ɭɨɔŋ3	
掠	lˠɑŋ3/ɭɨɔŋ3	
掠	lˠɑk4/ɭɨɔk4	
悢	lˠɑŋ3/ɭɨɔŋ3	
䁁	lˠɑŋ3/ɭɨɔŋ3	
䀶	lˠɑŋ3/ɭɨɔŋ3	
狀	dʐɑŋ3/dʐʅɔŋ3	
讓	ɲɑŋ3/ɲʒɨɔŋ3	
懹	ɲɑŋ3/ɲʒɨɔŋ3	
餉	ɕɑŋ3/ʃɨɔŋ3	
向	ɕɑŋ3/ʃɨɔŋ3	
向	xˠɑŋ3/hɨɔŋ3	
𤵼	ɕɑŋ3/ʃɨɔŋ3	
珦	ɕɑŋ3/ʃɨɔŋ3	
珦	xˠɑŋ3/hɨɔŋ3	
帳	ʈˠɑŋ3/ʈɨɔŋ3	
脹	ʈˠɑŋ3/ʈɨɔŋ3	
痮	ʈˠɑŋ3/ʈɨɔŋ3	
悵	ʈˠʰɑŋ3/ʈʰɨɔŋ3	
暢	ʈˠʰɑŋ3/ʈʰɨɔŋ3	
鬯	ʈˠʰɑŋ3/ʈʰɨɔŋ3	
韔	ʈˠʰɑŋ3/ʈʰɨɔŋ3	
䩨	ʈˠʰɑŋ3/ʈʰɨɔŋ3	
𧀄	ʈˠʰɑŋ3/ʈʰɨɔŋ3	
畼	ʈˠʰɑŋ3/ʈʰɨɔŋ3	
𥠴	ʈˠʰɑŋ3/ʈʰɨɔŋ3	
𥇔	ʈˠʰɑŋ3/ʈʰɨɔŋ3	
䦳	xˠɑŋ3/hɨɔŋ3	
萫	xˠɑŋ3/hɨɔŋ3	
𧬰	xˠɑŋ3/hɨɔŋ3	
釀	ɳˠɑŋ3/ɳɨɔŋ3	
𥽬	ɳˠɑŋ3/ɳɨɔŋ3	
匠	dzʲɑŋ3/dzɨɔŋ3	
䞪	dzʲɑŋ3/dzɨɔŋ3	
𪀘	dzʲɑŋ3/dzɨɔŋ3	
㢓	tɕɑŋ3/tʃɨɔŋ3	
嶂	tɕɑŋ3/tʃɨɔŋ3	
瘴	tɕɑŋ3/tʃɨɔŋ3	
壯	tʂɑŋ3/tʂʅɔŋ3	
𣴣	tʂɑŋ3/tʂʅɔŋ3	
弶	ɡˠɑŋ3/ɡɨɔŋ3	
唱	tɕʰɑŋ3/tʃʰɨɔŋ3	
𪛋	tɕʰɑŋ3/tʃʰɨɔŋ3	
刱	tʂʰɑŋ3/tʂʰʅɔŋ3	
醬	tsʲɑŋ3/tsɨɔŋ3	
𨡰	tsʲɑŋ3/tsɨɔŋ3	
𨟻	tsʲɑŋ3/tsɨɔŋ3	
𨋕	ŋˠɑŋ3/ŋɨɔŋ3	
訪	fʰɑŋ3/pfʰuɔŋ3	
妄	ɱɑŋ3/mvuɔŋ3	
忘	ɱɑŋ3/mvuɔŋ3	
𧫢	ɱɑŋ3/mvuɔŋ3	
況	xˠwɑŋ3/hʉɔŋ3	
况	xˠwɑŋ3/hʉɔŋ3	
𣍦	xˠwɑŋ3/hʉɔŋ3	
貺	xˠwɑŋ3/hʉɔŋ3	
誑	kˠwɑŋ3/kʉɔŋ3	
㤮	kˠwɑŋ3/kʉɔŋ3	
㤮	ɰwɑŋ3/ʉɔŋ3	
臦	kˠwɑŋ3/kʉɔŋ3	
旺	ɰwɑŋ3/ʉɔŋ3	
舫	fɑŋ3/pfuɔŋ3	
舫	pɑŋ3/puɔŋ3	
𨾔	fɑŋ3/pfuɔŋ3	
唴	kˠʰɑŋ3/kʰɨɔŋ3	
𥇉	kˠʰɑŋ3/kʰɨɔŋ3	
羻	kˠʰɑŋ3/kʰɨɔŋ3	
誆	ɡˠwɑŋ3/ɡʉɔŋ3	
宕	dɑŋ3/dɑŋ3	
逿	dɑŋ3/dɑŋ3	
𦿆	dɑŋ3/dɑŋ3	
𡇈	dɑŋ3/dɑŋ3	
埌	lɑŋ3/lɑŋ3	
䕞	lɑŋ3/lɑŋ3	
蒗	lɑŋ3/lɑŋ3	
𡵙	ɴɑŋ3/ŋɑŋ3	
葬	tsɑŋ3/tsɑŋ3	
徬	bɑŋ3/buɔŋ3	
𨌄	dzɑŋ3/dzɑŋ3	
譡	tɑŋ3/tɑŋ3	
瓽	tɑŋ3/tɑŋ3	
擋	tɑŋ3/tɑŋ3	
闣	tɑŋ3/tɑŋ3	
閌	qʰɑŋ3/kʰɑŋ3	
犺	qʰɑŋ3/kʰɑŋ3	
伉	qʰɑŋ3/kʰɑŋ3	
𪎵	qʰɑŋ3/kʰɑŋ3	
謗	pɑŋ3/puɔŋ3	
摥	tʰɑŋ3/tʰɑŋ3	
鐋	tʰɑŋ3/tʰɑŋ3	
曠	qʰwɑŋ3/kʰuɔŋ3	
矌	qʰwɑŋ3/kʰuɔŋ3	
壙	qʰwɑŋ3/kʰuɔŋ3	
纊	qʰwɑŋ3/kʰuɔŋ3	
儾	nɑŋ3/nɑŋ3	
㚂	nɑŋ3/nɑŋ3	
擴	ʁwɑŋ3/ɦuɔŋ3	
䤑	ʔwɑŋ3/ʔuɔŋ3	
暎	ʔˠɛŋ3/ʔɨeŋ3	
敬	kˠɛŋ3/kɨeŋ3	
竟	kˠɛŋ3/kɨeŋ3	
鏡	kˠɛŋ3/kɨeŋ3	
獍	kˠɛŋ3/kɨeŋ3	
競	ɡˠɛŋ3/ɡɨeŋ3	
𥪰	ɡˠɛŋ3/ɡɨeŋ3	
倞	ɡˠɛŋ3/ɡɨeŋ3	
曔	ɡˠɛŋ3/ɡɨeŋ3	
慶	kˠʰɛŋ3/kʰɨeŋ3	
命	mˠɛŋ3/mɨeŋ3	
病	bˠɛŋ3/bɨeŋ3	
孟	mɛŋ3/muɛŋ3	
柄	pˠɛŋ3/pɨeŋ3	
棅	pˠɛŋ3/pɨeŋ3	
鈵	pˠɛŋ3/pɨeŋ3	
寎	pˠɛŋ3/pɨeŋ3	
詠	ɰwɛŋ3/ʉeŋ3	
咏	ɰwɛŋ3/ʉeŋ3	
泳	ɰwɛŋ3/ʉeŋ3	
醟	ɰwɛŋ3/ʉeŋ3	
醟	xʲwɛŋ3/hyeŋ3	
絎	ʁɛŋ3/ɦɯɛŋ3	
㵾	tʂʰɛŋ3/tʂʰɯɛŋ3	
㵾	dzʲɛŋ3/dzieŋ3	
㡧	ʈɛŋ3/ʈɯɛŋ3	
𩏠	ʈɛŋ3/ʈɯɛŋ3	
牚	ʈʰɛŋ3/ʈʰɯɛŋ3	
𧻓	pɛŋ3/puɛŋ3	
鋥	ɖɛŋ3/ɖɯɛŋ3	
𥊼	ɖɛŋ3/ɖɯɛŋ3	
䂻	ɖɛŋ3/ɖɯɛŋ3	
貹	ʂɛŋ3/ʂɯɛŋ3	
䛭	χɛŋ3/hɯɛŋ3	
𥥈	ʔwɛŋ3/ʔuɛŋ3	
諍	tʂɛŋ3/tʂɯɛŋ3	
迸	pɛŋ3/puɛŋ3	
䨻	bɛŋ3/buɛŋ3	
䙬	ʔɛŋ3/ʔɯɛŋ3	
鞕	ɴɛŋ3/ŋɯɛŋ3	
硬	ɴɛŋ3/ŋɯɛŋ3	
勁	kʲɛŋ3/kieŋ3	
凊	tsʲʰɛŋ3/tsʰieŋ3	
政	tɕɛŋ3/tʃieŋ3	
証	tɕɛŋ3/tʃieŋ3	
聖	ɕɛŋ3/ʃieŋ3	
鄭	ɖˠɛŋ3/ɖieŋ3	
㽀	ɖˠɛŋ3/ɖieŋ3	
遉	ʈˠʰɛŋ3/ʈʰieŋ3	
𩇜	ʈˠʰɛŋ3/ʈʰieŋ3	
性	sʲɛŋ3/sieŋ3	
姓	sʲɛŋ3/sieŋ3	
聘	pʲʰɛŋ3/pʰieŋ3	
娉	pʲʰɛŋ3/pʰieŋ3	
摒	pʲɛŋ3/pieŋ3	
偋	bʲɛŋ3/bieŋ3	
庰	bʲɛŋ3/bieŋ3	
淨	dzʲɛŋ3/dzieŋ3	
靚	dzʲɛŋ3/dzieŋ3	
𩓞	dzʲɛŋ3/dzieŋ3	
墭	ʑɛŋ3/ʒieŋ3	
晟	ʑɛŋ3/ʒieŋ3	
詺	mʲɛŋ3/mieŋ3	
𩈡	xʲɛŋ3/hieŋ3	
徑	kʲɛŋ3/kieŋ3	
逕	kʲɛŋ3/kieŋ3	
𠲮	kʲɛŋ3/kieŋ3	
𩰹	kʲɛŋ3/kieŋ3	
桱	kʲɛŋ3/kieŋ3	
甯	nʲɛŋ3/nieŋ3	
佞	nʲɛŋ3/nieŋ3	
踁	ɣʲɛŋ3/ɦieŋ3	
定	dʲɛŋ3/dieŋ3	
定	tʲɛŋ3/tieŋ3	
掟	dʲɛŋ3/dieŋ3	
錠	dʲɛŋ3/dieŋ3	
錠	tʲɛŋ3/tieŋ3	
矴	tʲɛŋ3/tieŋ3	
飣	tʲɛŋ3/tieŋ3	
𦘭	tʲɛŋ3/tieŋ3	
顁	tʲɛŋ3/tieŋ3	
罄	kʲʰɛŋ3/kʰieŋ3	
𥥻	kʲʰɛŋ3/kʰieŋ3	
磬	kʲʰɛŋ3/kʰieŋ3	
掅	tsʲʰɛŋ3/tsʰieŋ3	
䒌	mʲɛŋ3/mieŋ3	
𢣙	ʔʲwɛŋ3/ʔyeŋ3	
瀅	ʔʲwɛŋ3/ʔyeŋ3	
證	tɕɨŋ3/tʃiŋ3	
孕	jɨŋ3/jiŋ3	
䵴	jɨŋ3/jiŋ3	
賸	jɨŋ3/jiŋ3	
賸	ʑɨŋ3/ʒiŋ3	
媵	jɨŋ3/jiŋ3	
媵	ʑɨŋ3/ʒiŋ3	
㑞	jɨŋ3/jiŋ3	
膡	jɨŋ3/jiŋ3	
膡	ɕɨŋ3/ʃiŋ3	
𣎜	ʑɨŋ3/ʒiŋ3	
嵊	ʑɨŋ3/ʒiŋ3	
剩	ʑɨŋ3/ʒiŋ3	
芿	ɲɨŋ3/ɲʒiŋ3	
譍	ʔˠɨŋ3/ʔɨŋ3	
噟	ʔˠɨŋ3/ʔɨŋ3	
甑	tsʲɨŋ3/tsiŋ3	
䰝	tsʲɨŋ3/tsiŋ3	
𩱭	tsʲɨŋ3/tsiŋ3	
䙢	tsʲɨŋ3/tsiŋ3	
臖	xˠɨŋ3/hɨŋ3	
蕂	ɕɨŋ3/ʃiŋ3	
榺	ɕɨŋ3/ʃiŋ3	
𪒘	ɖˠɨŋ3/ɖiŋ3	
𪑬	ɖˠɨŋ3/ɖiŋ3	
靐	bˠɨŋ3/bɨŋ3	
秤	tɕʰɨŋ3/tʃʰiŋ3	
覴	ʈˠʰɨŋ3/ʈʰiŋ3	
嶝	tɨŋ3/təŋ3	
鐙	tɨŋ3/təŋ3	
隥	tɨŋ3/təŋ3	
凳	tɨŋ3/təŋ3	
𧄼	tɨŋ3/təŋ3	
𩞬	tɨŋ3/təŋ3	
磴	tɨŋ3/təŋ3	
贈	dzɨŋ3/dzəŋ3	
𪒟	dzɨŋ3/dzəŋ3	
亙	qɨŋ3/kəŋ3	
堩	qɨŋ3/kəŋ3	
䱍	qɨŋ3/kəŋ3	
𥔂	qɨŋ3/kəŋ3	
蹭	tsʰɨŋ3/tsʰəŋ3	
𠟂	tsʰɨŋ3/tsʰəŋ3	
鄧	dɨŋ3/dəŋ3	
蹬	dɨŋ3/dəŋ3	
𣩟	dɨŋ3/dəŋ3	
䮴	dɨŋ3/dəŋ3	
䲛	mɨŋ3/muəŋ3	
𨮒	mɨŋ3/muəŋ3	
𧀧	mɨŋ3/muəŋ3	
𥦜	pɨŋ3/puəŋ3	
踜	lɨŋ3/ləŋ3	
𡬙	sɨŋ3/səŋ3	
宥	ɰɨw3/ɨu̯3	
又	ɰɨw3/ɨu̯3	
佑	ɰɨw3/ɨu̯3	
祐	ɰɨw3/ɨu̯3	
酭	ɰɨw3/ɨu̯3	
𩑣	ɰɨw3/ɨu̯3	
𤴨	ɰɨw3/ɨu̯3	
囿	ɰɨw3/ɨu̯3	
囿	ɰɨwk4/ɨuk4	
姷	ɰɨw3/ɨu̯3	
忧	ɰɨw3/ɨu̯3	
䞥	ɰɨw3/ɨu̯3	
侑	ɰɨw3/ɨu̯3	
𦳩	ɰɨw3/ɨu̯3	
救	kˠɨw3/kɨu̯3	
廏	kˠɨw3/kɨu̯3	
究	kˠɨw3/kɨu̯3	
疚	kˠɨw3/kɨu̯3	
匓	kˠɨw3/kɨu̯3	
𧧷	kˠɨw3/kɨu̯3	
𨖏	kˠɨw3/kɨu̯3	
胄	ɖˠɨw3/ɖiu̯3	
冑	ɖˠɨw3/ɖiu̯3	
𩊄	ɖˠɨw3/ɖiu̯3	
酎	ɖˠɨw3/ɖiu̯3	
宙	ɖˠɨw3/ɖiu̯3	
籀	ɖˠɨw3/ɖiu̯3	
伷	ɖˠɨw3/ɖiu̯3	
䛆	ɖˠɨw3/ɖiu̯3	
駎	ɖˠɨw3/ɖiu̯3	
晝	ʈˠɨw3/ʈiu̯3	
噣	ʈˠɨw3/ʈiu̯3	
噣	tɨw3/təu3	
噣	tɕuk4/tʃɨuk4	
噣	ʈawk4/ʈɯak4	
狩	ɕɨw3/ʃiu̯3	
獸	ɕɨw3/ʃiu̯3	
臭	tɕʰɨw3/tʃʰiu̯3	
岫	zʲɨw3/ziu̯3	
𥥉	zʲɨw3/ziu̯3	
袖	zʲɨw3/ziu̯3	
牰	zʲɨw3/ziu̯3	
牰	jɨw3/jiu̯3	
齅	xˠɨw3/hɨu̯3	
嘼	xˠɨw3/hɨu̯3	
珛	xˠɨw3/hɨu̯3	
呪	tɕɨw3/tʃiu̯3	
祝	tɕɨw3/tʃiu̯3	
祝	tɕɨwk4/tʃɨuk4	
舊	ɡˠɨw3/ɡɨu̯3	
柩	ɡˠɨw3/ɡɨu̯3	
匶	ɡˠɨw3/ɡɨu̯3	
𤸃	ʂɨw3/ʂʅᵊu3	
瘦	ʂɨw3/ʂʅᵊu3	
漱	ʂɨw3/ʂʅᵊu3	
漱	sɨw3/səu3	
皺	tʂɨw3/tʂʅᵊu3	
㾭	tʂɨw3/tʂʅᵊu3	
甃	tʂɨw3/tʂʅᵊu3	
副	fʰu3/pfʰu3	
副	fʰuk4/pfʰuk4	
副	pˠʰɨk4/pʰɨk4	
副	fʰɨw3/pfʰuəu3	老
𩯅	fʰɨw3/pfʰuəu3	
𩯅	fʰuk4/pfʰuk4	
覆	fʰu3/pfʰu3	
覆	vu3/bvu3	
覆	fʰuk4/pfʰuk4	
覆	pʰɨk4/pʰuək4	
覆	fʰɨw3/pfʰuəu3	老
覆	vɨw3/bvuəu3	老
𤸑	fʰɨw3/pfʰuəu3	
𤸑	vɨw3/bvuəu3	
𤸑	vuk4/bvuk4	
褔	fʰɨw3/pfʰuəu3	
簉	tʂʰɨw3/tʂʰʅᵊu3	
䔏	tʂʰɨw3/tʂʰʅᵊu3	
遚	tʂʰɨw3/tʂʰʅᵊu3	
富	fu3/pfu3	
富	fɨw3/pfuəu3	老
輻	fɨw3/pfuəu3	
輻	fuk4/pfuk4	
鍑	fɨw3/pfuəu3	
鍑	fuk4/pfuk4	
䔰	fɨw3/pfuəu3	
䔰	fʰuk4/pfʰuk4	
畜	ʈˠʰɨw3/ʈʰiu̯3	
畜	xˠɨwk4/hɨuk4	
溜	lˠɨw3/ɭiu̯3	
霤	lˠɨw3/ɭiu̯3	
㙀	lˠɨw3/ɭiu̯3	
僇	lˠɨw3/ɭiu̯3	
僇	lˠɨwk4/ɭɨuk4	
廇	lˠɨw3/ɭiu̯3	
畂	lˠɨw3/ɭiu̯3	
𥛅	lˠɨw3/ɭiu̯3	
塯	lˠɨw3/ɭiu̯3	
㽌	lˠɨw3/ɭiu̯3	
秀	sʲɨw3/siu̯3	
繡	sʲɨw3/siu̯3	
宿	sʲɨw3/siu̯3	
宿	sʲɨwk4/sɨuk4	
僦	tsʲɨw3/tsiu̯3	
䅢	tsʲɨw3/tsiu̯3	
媨	tsʲɨw3/tsiu̯3	
驟	dʐɨw3/dʐʅᵊu3	
僽	dʐɨw3/dʐʅᵊu3	
就	dzʲɨw3/dziu̯3	
鷲	dzʲɨw3/dziu̯3	
殧	dzʲɨw3/dziu̯3	
殧	tsʲʰɨwk4/tsʰɨuk4	
殧	tsʲɨwk4/tsɨuk4	
㠇	dzʲɨw3/dziu̯3	
糅	ɳˠɨw3/ɳiu̯3	
𩚖	ɳˠɨw3/ɳiu̯3	
復	vu3/bvu3	
復	vuk4/bvuk4	
復	vɨw3/bvuəu3	老
𢕒	vɨw3/bvuəu3	
伏	vɨw3/bvuəu3	
伏	vuk4/bvuk4	
椱	vɨw3/bvuəu3	
椱	vuk4/bvuk4	
𨺅	vɨw3/bvuəu3	
複	vu3/bvu3	
複	fuk4/pfuk4	
複	vɨw3/bvuəu3	老
狖	jɨw3/jiu̯3	
貁	jɨw3/jiu̯3	
鼬	jɨw3/jiu̯3	
柚	jɨw3/jiu̯3	
柚	ɖˠɨwk4/ɖɨuk4	
褎	jɨw3/jiu̯3	
𪕏	jɨw3/jiu̯3	
授	ʑɨw3/ʒiu̯3	
㖟	ʑɨw3/ʒiu̯3	
售	ʑɨw3/ʒiu̯3	
𪖛	kˠʰɨw3/kʰɨu̯3	
䞭	tsʰwɑj1/tsʰuoi1	
候	ʁɨw3/ɦəu3	
鮜	ʁɨw3/ɦəu3	
逅	ʁɨw3/ɦəu3	
訽	ʁɨw3/ɦəu3	
訽	χɨw3/həu3	
堠	ʁɨw3/ɦəu3	
鱟	ʁɨw3/ɦəu3	
鱟	ʔɨwk4/ʔuk4	
䞧	ʁɨw3/ɦəu3	
䞀	ʁɨw3/ɦəu3	
𥀃	ʁɨw3/ɦəu3	
寇	qʰɨw3/kʰəu3	
鷇	qʰɨw3/kʰəu3	
㜌	qʰɨw3/kʰəu3	
簆	qʰɨw3/kʰəu3	
瞉	qʰɨw3/kʰəu3	
茂	mu3/mu3	
茂	mɨw3/muəu3	老
貿	mɨw3/muəu3	
鄮	mɨw3/muəu3	
戊	mu3/mu3	
戊	mɨw3/muəu3	老
愗	mɨw3/muəu3	
袤	mɨw3/muəu3	
楙	mɨw3/muəu3	
懋	mu3/mu3	
懋	mɨw3/muəu3	老
瞀	mɨw3/muəu3	
瞀	mawk4/muak4	
姆	mɨw3/muəu3	
苺	mɨw3/muəu3	
𦼪	mɨw3/muəu3	
踣	pʰɨw3/pʰuəu3	
踣	bɨk4/buək4	
㰴	pʰɨw3/pʰuəu3	
豆	dɨw3/dəu3	
竇	dɨw3/dəu3	
酘	dɨw3/dəu3	
荳	dɨw3/dəu3	
脰	dɨw3/dəu3	
梪	dɨw3/dəu3	
餖	dɨw3/dəu3	
浢	dɨw3/dəu3	
䄈	dɨw3/dəu3	
毭	dɨw3/dəu3	
𩊪	dɨw3/dəu3	
𤀨	dɨw3/dəu3	
㛒	dɨw3/dəu3	
鬥	tɨw3/təu3	
鬬	tɨw3/təu3	
鬪	tɨw3/təu3	
䛠	tɨw3/təu3	
𧱦	tɨw3/təu3	
斣	tɨw3/təu3	
䬦	tɨw3/təu3	
槈	nɨw3/nəu3	
鎒	nɨw3/nəu3	
耨	nɨw3/nəu3	
耨	nɨwk4/nuk4	
𣫌	nɨw3/nəu3	
譳	nɨw3/nəu3	
瘶	sɨw3/səu3	
嗽	sɨw3/səu3	
嗽	sɨwk4/suk4	
嗽	ʂawk4/ʂɯak4	
欶	sɨw3/səu3	
欶	ʂawk4/ʂɯak4	
奏	tsɨw3/tsəu3	
透	tʰɨw3/tʰəu3	
透	ɕɨwk4/ʃɨuk4	
咅	tʰɨw3/tʰəu3	
㰯	tʰɨw3/tʰəu3	
㰯	χɨw3/həu3	
䟝	tʰɨw3/tʰəu3	
𧺢	tʰɨw3/tʰəu3	
𠹝	ʔɨw3/ʔəu3	
遘	qɨw3/kəu3	
構	qɨw3/kəu3	
媾	qɨw3/kəu3	
覯	qɨw3/kəu3	
姤	qɨw3/kəu3	
購	qɨw3/kəu3	
䝭	qɨw3/kəu3	
雊	qɨw3/kəu3	
彀	qɨw3/kəu3	
𤚼	qɨw3/kəu3	
㝤	qɨw3/kəu3	
搆	qɨw3/kəu3	
煹	qɨw3/kəu3	
䃓	qɨw3/kəu3	
𢄇	qɨw3/kəu3	
輳	tsʰɨw3/tsʰəu3	
腠	tsʰɨw3/tsʰəu3	
湊	tsʰɨw3/tsʰəu3	
𪉮	tsʰɨw3/tsʰəu3	
蔟	tsʰɨw3/tsʰəu3	
蔟	tsʰɨwk4/tsʰuk4	
楱	tsʰɨw3/tsʰəu3	
楱	dzɨw3/dzəu3	
𧱪	tsʰɨw3/tsʰəu3	
陋	lɨw3/ləu3	
漏	lɨw3/ləu3	
屚	lɨw3/ləu3	
𦸢	lɨw3/ləu3	
𧷡	lɨw3/ləu3	
𨫒	lɨw3/ləu3	
𣤋	lɨw3/ləu3	
𧫞	lɨw3/ləu3	
蔻	χɨw3/həu3	
豞	χɨw3/həu3	
豞	χawk4/hɯak4	
䪷	χɨw3/həu3	
佝	χɨw3/həu3	
𩌏	bɨw3/buəu3	
𩌏	pɑk4/puɔk4	
䠫	dzɨw3/dzəu3	
幼	ʔʲɨw3/ʔiu̯3	
謬	mˠɨw3/miu̯3	
𧾻	ɡʲɨw3/ɡiu̯3	
沁	tsʲʰim3/tsʰim3	
𠖶	tsʲʰim3/tsʰim3	
吣	tsʲʰim3/tsʰim3	
䈜	tsʲʰim3/tsʰim3	
濅	tsʲim3/tsim3	
𥧲	tsʲim3/tsim3	
妊	ɲim3/ɲʒim3	
絍	ɲim3/ɲʒim3	
衽	ɲim3/ɲʒim3	
鴆	ɖˠim3/ɖim3	
㼉	ɖˠim3/ɖim3	
𦧈	ɡˠim3/ɡɨm3	
䶖	ɡˠim3/ɡɨm3	
𤘡	ɡˠim3/ɡɨm3	
𦨽	ɡˠim3/ɡɨm3	
紟	ɡˠim3/ɡɨm3	
鈙	ɡˠim3/ɡɨm3	
齽	ɡˠim3/ɡɨm3	
㯲	kˠim3/kɨm3	
賃	ɳˠim3/ɳim3	
蔭	ʔˠim3/ʔɨm3	
窨	ʔˠim3/ʔɨm3	
𤷜	ʔˠim3/ʔɨm3	
廕	ʔˠim3/ʔɨm3	
滲	ʂim3/ʂʅᵊm3	
闖	ʈˠʰim3/ʈʰim3	
譖	tʂim3/tʂʅᵊm3	
讖	tʂʰim3/tʂʰʅᵊm3	
揕	ʈˠim3/ʈim3	
㓄	ʈˠim3/ʈim3	
𠐼	lˠim3/ɭim3	
侺	ʑim3/ʒim3	
𪔰	ɰim3/ɨm3	
𢊖	ɕim3/ʃim3	
勘	qʰɑm3/kʰɑm3	
䘓	qʰɑm3/kʰɑm3	
𧗀	qʰɑm3/kʰɑm3	
𪉯	qʰɑm3/kʰɑm3	
磡	qʰɑm3/kʰɑm3	
紺	qɑm3/kɑm3	
憾	ʁɑm3/ɦɑm3	
琀	ʁɑm3/ɦɑm3	
浛	ʁɑm3/ɦɑm3	
䐄	ʁɑm3/ɦɑm3	
䐄	ʁam3/ɦɯam3	
暗	ʔɑm3/ʔɑm3	
闇	ʔɑm3/ʔɑm3	
僋	tʰɑm3/tʰɑm3	
僋	lɑm3/lɑm3	
㶒	tʰɑm3/tʰɑm3	
㐁	tʰɑm3/tʰɑm3	
㐁	tʲʰɛm3/tʰiem3	
傝	tʰɑm3/tʰɑm3	
傝	tʰɑp4/tʰɑp4	
䐺	tʰɑm3/tʰɑm3	
憛	tʰɑm3/tʰɑm3	
俕	sɑm3/sɑm3	
閐	sɑm3/sɑm3	
㤾	sɑm3/sɑm3	
䫅	sɑm3/sɑm3	
謲	tsʰɑm3/tsʰɑm3	
㽩	tsʰɑm3/tsʰɑm3	
𤁡	dɑm3/dɑm3	
𧗜	dɑm3/dɑm3	
儑	ɴɑm3/ŋɑm3	
儑	ɴɑp4/ŋɑp4	
馾	tɑm3/tɑm3	
帎	tɑm3/tɑm3	
𩈉	tɑm3/tɑm3	
𩾺	tɑm3/tɑm3	
妠	nɑm3/nɑm3	
妠	ɳwat4/ɳuat4	
妠	nɑp4/nɑp4	
𤃨	lɑm3/lɑm3	
𩞿	χɑm3/hɑm3	
闞	qʰɑm3/kʰɑm3	
闞	χam3/hɯam3	
瞰	qʰɑm3/kʰɑm3	
𣊟	qʰɑm3/kʰɑm3	
𪉿	qʰɑm3/kʰɑm3	
𪉿	qɑm3/kɑm3	
𨣨	lɑm3/lɑm3	
纜	lɑm3/lɑm3	
㜮	lɑm3/lɑm3	
賧	tʰɑm3/tʰɑm3	
𪊇	tʰɑm3/tʰɑm3	
𪉧	tʰɑm3/tʰɑm3	
舕	tʰɑm3/tʰɑm3	
𪉦	qɑm3/kɑm3	
𪉦	qam3/kɯam3	
譀	ʁɑm3/ɦɑm3	
譀	χam3/hɯam3	
譀	χap4/hɯap4	
𤎡	ʁɑm3/ɦɑm3	
腅	dɑm3/dɑm3	
暫	dzɑm3/dzɑm3	
蹔	dzɑm3/dzɑm3	
豔	jɛm3/jiem3	
艷	jɛm3/jiem3	
焰	jɛm3/jiem3	
焱	jɛm3/jiem3	
焱	xʲwɛk4/hyek4	
𢴵	jɛm3/jiem3	
灩	jɛm3/jiem3	
贍	ʑɛm3/ʒiem3	
𢜰	ʔʲɛm3/ʔiem3	
𢜰	ʔˠɛm3/ʔɨem3	
窆	pˠɛm3/pɨem3	
驗	ŋˠɛm3/ŋɨem3	
𣄝	ŋˠɛm3/ŋɨem3	
掞	ɕɛm3/ʃiem3	
壍	tsʲʰɛm3/tsʰiem3	
塹	tsʲʰɛm3/tsʰiem3	
嬱	tsʲʰɛm3/tsʰiem3	
殮	lˠɛm3/ɭiem3	
𧸘	lˠɛm3/ɭiem3	
䠨	tɕʰɛm3/tʃʰiem3	
韂	tɕʰɛm3/tʃʰiem3	
㙴	tɕʰɛm3/tʃʰiem3	
俺	ʔˠɛm3/ʔɨem3	
㮇	tʲʰɛm3/tʰiem3	
念	nʲɛm3/niem3	
𦁤	nʲɛm3/niem3	
店	tʲɛm3/tiem3	
墊	tʲɛm3/tiem3	
墊	dʲɛp4/diep4	
𩅀	tʲɛm3/tiem3	
𩅀	ʈˠip4/ʈip4	
㝪	tʲɛm3/tiem3	
㝪	tʲɛp4/tiep4	
埝	tʲɛm3/tiem3	
埝	nʲɛp4/niep4	
䃸	sʲɛm3/siem3	
䆎	sʲɛm3/siem3	
磹	dʲɛm3/diem3	
㼭	dʲɛm3/diem3	
趝	kʲɛm3/kiem3	
僭	tsʲɛm3/tsiem3	
䱤	kʲɛm3/kiem3	
䱤	ʁam3/ɦɯam3	
傔	kʲʰɛm3/kʰiem3	
釅	ŋˠɛm3/ŋɨem3	
脅	xˠɛm3/hɨem3	
脅	xˠɛp4/hɨep4	
姭	xˠɛm3/hɨem3	
𤬯	kˠʰɛm3/kʰɨem3	
𦲯	ɱɛm3/mvuɐm3	
陷	ʁam3/ɦɯam3	
蘸	tʂam3/tʂɯam3	
站	ʈam3/ʈɯam3	
𣳤	ʈam3/ʈɯam3	
𧸖	ɖam3/ɖɯam3	
譧	ɖam3/ɖɯam3	
𨼮	dʐam3/dʐɯam3	
䪌	dʐam3/dʐɯam3	
鑒	qam3/kɯam3	
懺	tʂʰam3/tʂʰɯam3	
摲	tʂʰam3/tʂʰɯam3	
𤮭	tʂʰam3/tʂʰɯam3	
覱	tʂam3/tʂɯam3	
釤	ʂam3/ʂɯam3	
㣌	ʂam3/ʂɯam3	
㒈	χam3/hɯam3	
湴	bam3/buam3	
㽉	ʁam3/ɦɯam3	
泛	fʰɛm3/pfʰuɐm3	
泛	vɛp4/bvuɐp4	
䀀	fʰɛm3/pfʰuɐm3	
𥁔	fʰɛm3/pfʰuɐm3	
姂	fʰɛm3/pfʰuɐm3	
姂	vɛp4/bvuɐp4	
姂	kˠʰɛp4/kʰɨep4	
劒	kˠɛm3/kɨem3	
欠	kˠʰɛm3/kʰɨem3	
㐸	kˠʰɛm3/kʰɨem3	
𦑎	ʔˠɛm3/ʔɨem3	
㛪	ʔˠɛm3/ʔɨem3	
䛳	ʔˠɛm3/ʔɨem3	
覎	ʔˠɛm3/ʔɨem3	
屋	ʔɨwk4/ʔuk4	
𡲃	ʔɨwk4/ʔuk4	
𦤿	ʔɨwk4/ʔuk4	
剭	ʔɨwk4/ʔuk4	
𨜘	ʔɨwk4/ʔuk4	
𪑱	ʔɨwk4/ʔuk4	
𪑱	ʔawk4/ʔɯak4	
䑁	ʔɨwk4/ʔuk4	
獨	dɨwk4/duk4	
黷	dɨwk4/duk4	
讟	dɨwk4/duk4	
髑	dɨwk4/duk4	
䫳	dɨwk4/duk4	
殰	dɨwk4/duk4	
讀	dɨwk4/duk4	
櫝	dɨwk4/duk4	
牘	dɨwk4/duk4	
儥	dɨwk4/duk4	
儥	jɨwk4/jɨuk4	
㾄	dɨwk4/duk4	
贕	dɨwk4/duk4	
碡	dɨwk4/duk4	
碡	ɖˠɨwk4/ɖɨuk4	
䢱	dɨwk4/duk4	
䮷	dɨwk4/duk4	
皾	dɨwk4/duk4	
𤟩	dɨwk4/duk4	
韣	dɨwk4/duk4	
韣	tɕuk4/tʃɨuk4	
韣	ʑuk4/ʒɨuk4	
瓄	dɨwk4/duk4	
瀆	dɨwk4/duk4	
𨽍	dɨwk4/duk4	
豄	dɨwk4/duk4	
韇	dɨwk4/duk4	
嬻	dɨwk4/duk4	
犢	dɨwk4/duk4	
鸀	dɨwk4/duk4	
鸀	tɕuk4/tʃɨuk4	
鸀	ɖawk4/ɖɯak4	
㒔	dɨwk4/duk4	
㒔	ʑuk4/ʒɨuk4	
匵	dɨwk4/duk4	
穀	qɨwk4/kuk4	
糓	qɨwk4/kuk4	
轂	qɨwk4/kuk4	
榖	qɨwk4/kuk4	
瀔	qɨwk4/kuk4	
谷	qɨwk4/kuk4	
谷	lɨwk4/luk4	
谷	juk4/jɨuk4	
瑴	qɨwk4/kuk4	
瑴	qawk4/kɯak4	
𪇗	qɨwk4/kuk4	
𣨍	qɨwk4/kuk4	
𪕸	qɨwk4/kuk4	
䜼	qɨwk4/kuk4	
𧣡	qɨwk4/kuk4	
䐨	qɨwk4/kuk4	
𤞞	qɨwk4/kuk4	
𤞞	juk4/jɨuk4	
𥆌	qɨwk4/kuk4	
䀰	qɨwk4/kuk4	
唂	qɨwk4/kuk4	
縠	ʁɨwk4/ɦuk4	
槲	ʁɨwk4/ɦuk4	
斛	ʁɨwk4/ɦuk4	
螜	ʁɨwk4/ɦuk4	
𧂔	ʁɨwk4/ɦuk4	
礐	ʁɨwk4/ɦuk4	
礐	qʰawk4/kʰɯak4	
礐	lɛk4/ɭɯɛk4	
觳	ʁɨwk4/ɦuk4	
觳	qʰawk4/kʰɯak4	
蔛	ʁɨwk4/ɦuk4	
𨢋	ʁɨwk4/ɦuk4	
𣹬	ʁɨwk4/ɦuk4	
䶜	ʁɨwk4/ɦuk4	
䶜	qɨwk4/kuk4	
㽇	ʁɨwk4/ɦuk4	
䈸	ʁɨwk4/ɦuk4	
焀	ʁɨwk4/ɦuk4	
哭	qʰɨwk4/kʰuk4	
㲉	qʰɨwk4/kʰuk4	
㲉	qʰawk4/kʰɯak4	
𪍠	qʰɨwk4/kʰuk4	
䧊	qʰɨwk4/kʰuk4	
䧊	qɨwk4/kuk4	
䵈	qʰɨwk4/kʰuk4	
㲄	qʰɨwk4/kʰuk4	
𣫓	qʰɨwk4/kʰuk4	
禿	tʰɨwk4/tʰuk4	
𣬜	tʰɨwk4/tʰuk4	
𢬳	tʰɨwk4/tʰuk4	
鵚	tʰɨwk4/tʰuk4	
豰	tɨwk4/tuk4	
豰	χɨwk4/huk4	
豰	bawk4/buak4	
啄	tɨwk4/tuk4	
啄	ʈawk4/ʈɯak4	
䐁	tɨwk4/tuk4	
䐁	ʈawk4/ʈɯak4	
𡰪	tɨwk4/tuk4	
𧞐	tɨwk4/tuk4	
𢽚	tɨwk4/tuk4	
𢽚	ʈawk4/ʈɯak4	
竺	tɨwk4/tuk4	
竺	ʈˠɨwk4/ʈɨuk4	
剢	tɨwk4/tuk4	
速	sɨwk4/suk4	
遬	sɨwk4/suk4	
𧫷	sɨwk4/suk4	
蔌	sɨwk4/suk4	
餗	sɨwk4/suk4	
𩱖	sɨwk4/suk4	
𧐒	sɨwk4/suk4	
樕	sɨwk4/suk4	
𣫎	sɨwk4/suk4	
㑛	sɨwk4/suk4	
㑛	ɕuk4/ʃɨuk4	
梀	sɨwk4/suk4	
梀	tsʰɨwk4/tsʰuk4	
梀	ʈˠʰuk4/ʈʰɨuk4	
𪋝	sɨwk4/suk4	
藗	sɨwk4/suk4	
殐	sɨwk4/suk4	
𡖯	sɨwk4/suk4	
棴	sɨwk4/suk4	
棴	vuk4/bvuk4	
祿	lɨwk4/luk4	
鹿	lɨwk4/luk4	
漉	lɨwk4/luk4	
淥	lɨwk4/luk4	
淥	lˠuk4/ɭɨuk4	
觻	lɨwk4/luk4	
觻	lʲɛk4/liek4	
睩	lɨwk4/luk4	
䚄	lɨwk4/luk4	
䚄	lˠuk4/ɭɨuk4	
龣	lɨwk4/luk4	
龣	qawk4/kɯak4	
𨏔	lɨwk4/luk4	
轆	lɨwk4/luk4	
㼾	lɨwk4/luk4	
𦪇	lɨwk4/luk4	
琭	lɨwk4/luk4	
簏	lɨwk4/luk4	
箓	lɨwk4/luk4	
螰	lɨwk4/luk4	
䍡	lɨwk4/luk4	
麓	lɨwk4/luk4	
㯟	lɨwk4/luk4	
碌	lɨwk4/luk4	
碌	lˠuk4/ɭɨuk4	
盝	lɨwk4/luk4	
𥂖	lɨwk4/luk4	
騼	lɨwk4/luk4	
磟	lɨwk4/luk4	
磟	lˠɨwk4/ɭɨuk4	
簶	lɨwk4/luk4	
𧌍	lɨwk4/luk4	
娽	lɨwk4/luk4	
娽	lˠuk4/ɭɨuk4	
𥉶	lɨwk4/luk4	
摝	lɨwk4/luk4	
𥛞	lɨwk4/luk4	
𦌟	lɨwk4/luk4	
𥂇	lɨwk4/luk4	
𤽺	lɨwk4/luk4	
廘	lɨwk4/luk4	
角	lɨwk4/luk4	
角	qawk4/kɯak4	
𥪋	lɨwk4/luk4	
𥪋	vuk4/bvuk4	
彔	lɨwk4/luk4	
濼	lɨwk4/luk4	
濼	pʰɨwk4/pʰuk4	
濼	lɑk4/lɑk4	
濼	pʰɑk4/pʰuɔk4	
濼	lʲɛk4/liek4	
鏕	lɨwk4/luk4	
趢	lɨwk4/luk4	
趢	lˠuk4/ɭɨuk4	
䎑	lɨwk4/luk4	
𨌠	lɨwk4/luk4	
㪖	lɨwk4/luk4	
㪖	lˠuk4/ɭɨuk4	
𩅄	lɨwk4/luk4	
蔍	lɨwk4/luk4	
嗀	χɨwk4/huk4	
嗀	χawk4/hɯak4	
熇	χɨwk4/huk4	
熇	χɑk4/hɑk4	
𦞦	χɨwk4/huk4	
𦞦	χɑk4/hɑk4	
𧹲	χɨwk4/huk4	
㷤	χɨwk4/huk4	
嚛	χɨwk4/huk4	
族	dzɨwk4/dzuk4	
鑿	dzɨwk4/dzuk4	
鑿	tsɑk4/tsɑk4	
鑿	dzɑk4/dzɑk4	
瘯	tsʰɨwk4/tsʰuk4	
䃚	tsʰɨwk4/tsʰuk4	
趗	tsʰɨwk4/tsʰuk4	
趗	tsʲʰuk4/tsʰɨuk4	
簇	tsʰɨwk4/tsʰuk4	
鏃	tsɨwk4/tsuk4	
鎐	tsɨwk4/tsuk4	
䗱	bɨwk4/buk4	
㲫	bɨwk4/buk4	
僕	bɨwk4/buk4	
䑑	bɨwk4/buk4	
𥐁	bɨwk4/buk4	
菐	bɨwk4/buk4	
菐	fuk4/pfuk4	
𡰿	bɨwk4/buk4	
穙	bɨwk4/buk4	
扑	pʰɨwk4/pʰuk4	
醭	pʰɨwk4/pʰuk4	
墣	pʰɨwk4/pʰuk4	
墣	pʰawk4/pʰuak4	
𥣜	pʰɨwk4/pʰuk4	
𪔿	pʰɨwk4/pʰuk4	
攴	pʰɨwk4/pʰuk4	
攴	pʰawk4/pʰuak4	
撲	pʰɨwk4/pʰuk4	
𪐙	pʰɨwk4/pʰuk4	
䴆	pʰɨwk4/pʰuk4	
䴆	bɨwk4/buk4	
卜	pɨwk4/puk4	
濮	pɨwk4/puk4	
䧤	pɨwk4/puk4	
轐	pɨwk4/puk4	
轐	bɨwk4/buk4	
𡡐	pɨwk4/puk4	
獛	pɨwk4/puk4	
蹼	pɨwk4/puk4	
纀	pɨwk4/puk4	
襆	pɨwk4/puk4	
襆	vuk4/bvuk4	
𩯏	pɨwk4/puk4	
䪁	pɨwk4/puk4	
䪁	fuk4/pfuk4	
鳪	pɨwk4/puk4	
木	mɨwk4/muk4	
沐	mɨwk4/muk4	
毣	mɨwk4/muk4	
毣	mawk4/muak4	
霂	mɨwk4/muk4	
𨍎	mɨwk4/muk4	
艒	mɨwk4/muk4	
艒	mɨk4/muək4	
楘	mɨwk4/muk4	
蚞	mɨwk4/muk4	
福	fuk4/pfuk4	
腹	fuk4/pfuk4	
幅	fuk4/pfuk4	
幅	pˠɨk4/pɨk4	
𠋩	fuk4/pfuk4	
葍	fuk4/pfuk4	
蝠	fuk4/pfuk4	
𥳇	fuk4/pfuk4	
鶝	fuk4/pfuk4	
鶝	bˠɨk4/bɨk4	
踾	fuk4/pfuk4	
踾	pˠʰɨk4/pʰɨk4	
踾	bˠɨk4/bɨk4	
輹	fuk4/pfuk4	
輹	vuk4/bvuk4	
偪	fuk4/pfuk4	
偪	pˠɨk4/pɨk4	
楅	fuk4/pfuk4	
楅	pˠɨk4/pɨk4	
𦿁	fuk4/pfuk4	
虙	vuk4/bvuk4	
服	vuk4/bvuk4	
𦨈	vuk4/bvuk4	
茯	vuk4/bvuk4	
馥	vuk4/bvuk4	
馥	bˠɨk4/bɨk4	
鵩	vuk4/bvuk4	
蕧	vuk4/bvuk4	
蕧	fʰuk4/pfʰuk4	
𨋩	vuk4/bvuk4	
澓	vuk4/bvuk4	
洑	vuk4/bvuk4	
箙	vuk4/bvuk4	
𩋟	vuk4/bvuk4	
𨌥	vuk4/bvuk4	
𪃃	vuk4/bvuk4	
𩢰	vuk4/bvuk4	
𥨍	vuk4/bvuk4	
𥨍	fʰuk4/pfʰuk4	
复	vuk4/bvuk4	
畐	vuk4/bvuk4	
畐	pˠʰɨk4/pʰɨk4	
𩊙	vuk4/bvuk4	
𩎧	vuk4/bvuk4	
菔	vuk4/bvuk4	
菔	bɨk4/buək4	
匐	vuk4/bvuk4	
匐	bɨk4/buək4	
鰒	vuk4/bvuk4	
鰒	bawk4/buak4	
栿	vuk4/bvuk4	
縮	ʂɨwk4/ʂʅuk4	
莤	ʂɨwk4/ʂʅuk4	
𩘹	ʂɨwk4/ʂʅuk4	
𩘹	sʲɨwk4/sɨuk4	
樎	ʂɨwk4/ʂʅuk4	
謖	ʂɨwk4/ʂʅuk4	
䎘	ʂɨwk4/ʂʅuk4	
䎘	sʲɨwk4/sɨuk4	
蹜	ʂɨwk4/ʂʅuk4	
摍	ʂɨwk4/ʂʅuk4	
𧐴	ʂɨwk4/ʂʅuk4	
摵	ʂɨwk4/ʂʅuk4	
摵	tsʲɨwk4/tsɨuk4	
摵	ʂɛk4/ʂɯɛk4	
六	lˠɨwk4/ɭɨuk4	
陸	lˠɨwk4/ɭɨuk4	
戮	lˠɨwk4/ɭɨuk4	
剹	lˠɨwk4/ɭɨuk4	
稑	lˠɨwk4/ɭɨuk4	
穋	lˠɨwk4/ɭɨuk4	
鵱	lˠɨwk4/ɭɨuk4	
𦾷	lˠɨwk4/ɭɨuk4	
𩣱	lˠɨwk4/ɭɨuk4	
鯥	lˠɨwk4/ɭɨuk4	
𦸐	lˠɨwk4/ɭɨuk4	
𧌉	lˠɨwk4/ɭɨuk4	
淕	lˠɨwk4/ɭɨuk4	
䡜	lˠɨwk4/ɭɨuk4	
坴	lˠɨwk4/ɭɨuk4	
𡴆	lˠɨwk4/ɭɨuk4	
踛	lˠɨwk4/ɭɨuk4	
𥚊	lˠɨwk4/ɭɨuk4	
逐	ɖˠɨwk4/ɖɨuk4	
軸	ɖˠɨwk4/ɖɨuk4	
舳	ɖˠɨwk4/ɖɨuk4	
鱁	ɖˠɨwk4/ɖɨuk4	
𧏿	ɖˠɨwk4/ɖɨuk4	
筑	ɖˠɨwk4/ɖɨuk4	
筑	ʈˠɨwk4/ʈɨuk4	
蓫	ɖˠɨwk4/ɖɨuk4	
蓫	xˠɨwk4/hɨuk4	
蓫	ʈˠʰɨwk4/ʈʰɨuk4	
䮱	ɖˠɨwk4/ɖɨuk4	
篴	ɖˠɨwk4/ɖɨuk4	
篴	dʲɛk4/diek4	
菊	kˠɨwk4/kɨuk4	
鞠	kˠɨwk4/kɨuk4	
鞠	kˠʰɨwk4/kʰɨuk4	
鞠	ɡˠɨwk4/ɡɨuk4	
蘜	kˠɨwk4/kɨuk4	
𧃓	kˠɨwk4/kɨuk4	
㥌	kˠɨwk4/kɨuk4	
𡙳	kˠɨwk4/kɨuk4	
掬	kˠɨwk4/kɨuk4	
匊	kˠɨwk4/kɨuk4	
𥷚	kˠɨwk4/kɨuk4	
𥱩	kˠɨwk4/kɨuk4	
鞫	kˠɨwk4/kɨuk4	
𡫬	kˠɨwk4/kɨuk4	
𥩁	kˠɨwk4/kɨuk4	
㹼	kˠɨwk4/kɨuk4	
𪈓	kˠɨwk4/kɨuk4	
鵴	kˠɨwk4/kɨuk4	
鵴	ɡˠɨwk4/ɡɨuk4	
𨸰	kˠɨwk4/kɨuk4	
㘲	kˠɨwk4/kɨuk4	
㽤	kˠɨwk4/kɨuk4	
䱡	kˠɨwk4/kɨuk4	
䱡	ɡˠɨwk4/ɡɨuk4	
䱡	kˠʰuk4/kʰɨuk4	
椈	kˠɨwk4/kɨuk4	
巈	kˠɨwk4/kɨuk4	
𦥑	kˠɨwk4/kɨuk4	
𦥑	kˠuk4/kɨuk4	
䳔	kˠɨwk4/kɨuk4	
𩛺	kˠɨwk4/kɨuk4	
諊	kˠɨwk4/kɨuk4	
𩬜	kˠɨwk4/kɨuk4	
踘	kˠɨwk4/kɨuk4	
踘	ɡˠɨwk4/ɡɨuk4	
閰	kˠɨwk4/kɨuk4	
𣐊	kˠɨwk4/kɨuk4	
𧿻	kˠɨwk4/kɨuk4	
泦	kˠɨwk4/kɨuk4	
趜	kˠɨwk4/kɨuk4	
趜	ɡˠɨwk4/ɡɨuk4	
麴	kˠʰɨwk4/kʰɨuk4	
𥶶	kˠʰɨwk4/kʰɨuk4	
𩍔	kˠʰɨwk4/kʰɨuk4	
𠤄	kˠʰɨwk4/kʰɨuk4	
𠤄	ɡˠɨwk4/ɡɨuk4	
熟	ʑɨwk4/ʒɨuk4	
孰	ʑɨwk4/ʒɨuk4	
淑	ʑɨwk4/ʒɨuk4	
塾	ʑɨwk4/ʒɨuk4	
𨷙	ʑɨwk4/ʒɨuk4	
婌	ʑɨwk4/ʒɨuk4	
䃞	ʑɨwk4/ʒɨuk4	
俶	tɕʰɨwk4/tʃʰɨuk4	
柷	tɕʰɨwk4/tʃʰɨuk4	
柷	tɕɨwk4/tʃɨuk4	
琡	tɕʰɨwk4/tʃʰɨuk4	
琡	tɕɨwk4/tʃɨuk4	
𣥹	tɕʰɨwk4/tʃʰɨuk4	
埱	tɕʰɨwk4/tʃʰɨuk4	
育	jɨwk4/jɨuk4	
毓	jɨwk4/jɨuk4	
鬻	jɨwk4/jɨuk4	
粥	jɨwk4/jɨuk4	
粥	tɕɨwk4/tʃɨuk4	
𩱱	jɨwk4/jɨuk4	
䋭	jɨwk4/jɨuk4	
𧷗	jɨwk4/jɨuk4	
棛	jɨwk4/jɨuk4	
錥	jɨwk4/jɨuk4	
煜	jɨwk4/jɨuk4	
煜	ɰip4/ɨp4	
焴	jɨwk4/jɨuk4	
昱	jɨwk4/jɨuk4	
蒮	jɨwk4/jɨuk4	
淯	jɨwk4/jɨuk4	
蜟	jɨwk4/jɨuk4	
𢌻	jɨwk4/jɨuk4	
堉	jɨwk4/jɨuk4	
喅	jɨwk4/jɨuk4	
𤳕	jɨwk4/jɨuk4	
𥉑	jɨwk4/jɨuk4	
𥉑	ʁɑk4/ɦɑk4	
逳	jɨwk4/jɨuk4	
𦱀	jɨwk4/jɨuk4	
驧	ɡˠɨwk4/ɡɨuk4	
𩣽	ɡˠɨwk4/ɡɨuk4	
𪁁	ɡˠɨwk4/ɡɨuk4	
毱	ɡˠɨwk4/ɡɨuk4	
䗇	ɡˠɨwk4/ɡɨuk4	
䜯	ɡˠɨwk4/ɡɨuk4	
鼀	tsʲʰɨwk4/tsʰɨuk4	
蹴	tsʲʰɨwk4/tsʰɨuk4	
蹴	tsʲɨwk4/tsɨuk4	
肉	ɲɨwk4/ɲʒɨuk4	
衄	ɲɨwk4/ɲʒɨuk4	
衄	ɳˠɨwk4/ɳɨuk4	
叔	ɕɨwk4/ʃɨuk4	
儵	ɕɨwk4/ʃɨuk4	
倏	ɕɨwk4/ʃɨuk4	
虪	ɕɨwk4/ʃɨuk4	
跾	ɕɨwk4/ʃɨuk4	
鮛	ɕɨwk4/ʃɨuk4	
掓	ɕɨwk4/ʃɨuk4	
𢞣	ɕɨwk4/ʃɨuk4	
尗	ɕɨwk4/ʃɨuk4	
菽	ɕɨwk4/ʃɨuk4	
㶖	ɕɨwk4/ʃɨuk4	
蓄	xˠɨwk4/hɨuk4	
蓄	ʈˠʰɨwk4/ʈʰɨuk4	
稸	xˠɨwk4/hɨuk4	
稸	ʈˠʰɨwk4/ʈʰɨuk4	
𤲸	xˠɨwk4/hɨuk4	
㜅	xˠɨwk4/hɨuk4	
鄐	xˠɨwk4/hɨuk4	
鄐	ʈˠʰɨwk4/ʈʰɨuk4	
荲	xˠɨwk4/hɨuk4	
荲	ʈˠʰɨwk4/ʈʰɨuk4	
荲	ʈˠʰɨk4/ʈʰik4	
慉	xˠɨwk4/hɨuk4	
竹	ʈˠɨwk4/ʈɨuk4	
築	ʈˠɨwk4/ʈɨuk4	
𥴁	ʈˠɨwk4/ʈɨuk4	
茿	ʈˠɨwk4/ʈɨuk4	
蹙	tsʲɨwk4/tsɨuk4	
踧	tsʲɨwk4/tsɨuk4	
踧	dʲɛk4/diek4	
𧑙	tsʲɨwk4/tsɨuk4	
𠴫	tsʲɨwk4/tsɨuk4	
𠴫	dzʲɛk4/dziek4	
㗤	tsʲɨwk4/tsɨuk4	
噈	tsʲɨwk4/tsɨuk4	
槭	tsʲɨwk4/tsɨuk4	
𣤶	tsʲɨwk4/tsɨuk4	
𣤶	dzʲɨwk4/dzɨuk4	
𣤶	tsɑp4/tsɑp4	
𥷼	tsʲɨwk4/tsɨuk4	
縬	tsʲɨwk4/tsɨuk4	
縬	tʂɨwk4/tʂʅuk4	
𣢰	tsʲɨwk4/tsɨuk4	
𦟠	tsʲɨwk4/tsɨuk4	
顣	tsʲɨwk4/tsɨuk4	
珿	tʂʰɨwk4/tʂʰʅuk4	
矗	tʂʰɨwk4/tʂʰʅuk4	
矗	ʈˠʰɨwk4/ʈʰɨuk4	
𪘏	tʂʰɨwk4/tʂʰʅuk4	
𪘏	tʂʰawk4/tʂʰɯak4	
𨴖	tʂʰɨwk4/tʂʰʅuk4	
𧯩	tʂʰɨwk4/tʂʰʅuk4	
䎌	tʂʰɨwk4/tʂʰʅuk4	
朒	ɳˠɨwk4/ɳɨuk4	
恧	ɳˠɨwk4/ɳɨuk4	
恧	ɳˠɨk4/ɳik4	
𦗂	ɳˠɨwk4/ɳɨuk4	
忸	ɳˠɨwk4/ɳɨuk4	
䖡	ɳˠɨwk4/ɳɨuk4	
䂇	ɳˠɨwk4/ɳɨuk4	
𡎺	tʂɨwk4/tʂʅuk4	
蝮	fʰuk4/pfʰuk4	
㙏	fʰuk4/pfʰuk4	
郁	ʔˠɨwk4/ʔɨuk4	
戫	ʔˠɨwk4/ʔɨuk4	
彧	ʔˠɨwk4/ʔɨuk4	
薁	ʔˠɨwk4/ʔɨuk4	
䉛	ʔˠɨwk4/ʔɨuk4	
𨞓	ʔˠɨwk4/ʔɨuk4	
𪑝	ʔˠɨwk4/ʔɨuk4	
𪑝	ɰwɨk4/ʉik4	
𪑝	xˠwɨk4/hʉik4	
稶	ʔˠɨwk4/ʔɨuk4	
㰲	ʔˠɨwk4/ʔɨuk4	
㰲	tɕuk4/tʃɨuk4	
㰲	xˠwɨk4/hʉik4	
𠸹	ʔˠɨwk4/ʔɨuk4	
𨪎	ʔˠɨwk4/ʔɨuk4	
肅	sʲɨwk4/sɨuk4	
蓿	sʲɨwk4/sɨuk4	
夙	sʲɨwk4/sɨuk4	
𠉦	sʲɨwk4/sɨuk4	
𠈇	sʲɨwk4/sɨuk4	
玊	sʲɨwk4/sɨuk4	
玊	sʲuk4/sɨuk4	
鷫	sʲɨwk4/sɨuk4	
𪂸	sʲɨwk4/sɨuk4	
驌	sʲɨwk4/sɨuk4	
鱐	sʲɨwk4/sɨuk4	
𤥔	sʲɨwk4/sɨuk4	
䑿	sʲɨwk4/sɨuk4	
㑉	sʲɨwk4/sɨuk4	
璛	sʲɨwk4/sɨuk4	
㪩	sʲɨwk4/sɨuk4	
目	mɨwk4/mvuk4	
睦	mɨwk4/mvuk4	
穆	mɨwk4/mvuk4	
苜	mɨwk4/mvuk4	
𦱒	mɨwk4/mvuk4	
牧	mɨwk4/mvuk4	
㙁	mɨwk4/mvuk4	
萺	mɨwk4/mvuk4	
萺	mɨwk4/muk4	
㣎	mɨwk4/mvuk4	
㾇	mɨwk4/mvuk4	
哊	ɰɨwk4/ɨuk4	
滀	ʈˠʰɨwk4/ʈʰɨuk4	
苖	ʈˠʰɨwk4/ʈʰɨuk4	
苖	dʲɛk4/diek4	
敊	ʈˠʰɨwk4/ʈʰɨuk4	
傗	ʈˠʰɨwk4/ʈʰɨuk4	
砡	ŋˠɨwk4/ŋɨuk4	
沃	ʔɨwk4/ʔuk4	
鋈	ʔɨwk4/ʔuk4	
䁷	ʔɨwk4/ʔuk4	
䁷	qawk4/kɯak4	
觷	ʔɨwk4/ʔuk4	
觷	ɴawk4/ŋɯak4	
觷	ʁawk4/ɦɯak4	
䮸	ʔɨwk4/ʔuk4	
䮸	qawk4/kɯak4	
䮸	ʔawk4/ʔɯak4	
毒	dɨwk4/duk4	
𡹆	dɨwk4/duk4	
𦺇	dɨwk4/duk4	
蝳	dɨwk4/duk4	
𢃶	dɨwk4/duk4	
篤	tɨwk4/tuk4	
督	tɨwk4/tuk4	
𧝴	tɨwk4/tuk4	
𧞶	tɨwk4/tuk4	
錖	tɨwk4/tuk4	
𤬂	tɨwk4/tuk4	
𥓍	tɨwk4/tuk4	
裻	tɨwk4/tuk4	
裻	sɨwk4/suk4	
酷	qʰɨwk4/kʰuk4	
焅	qʰɨwk4/kʰuk4	
𥞴	qʰɨwk4/kʰuk4	
嚳	qʰɨwk4/kʰuk4	
硞	qʰɨwk4/kʰuk4	
硞	qʰawk4/kʰɯak4	
𡷥	qʰɨwk4/kʰuk4	
鵠	ʁɨwk4/ɦuk4	
㿥	ʁɨwk4/ɦuk4	
㿥	ʁawk4/ɦɯak4	
翯	ʁɨwk4/ɦuk4	
翯	ʁawk4/ɦɯak4	
翯	χawk4/hɯak4	
隺	ʁɨwk4/ɦuk4	
𤌍	ʁɨwk4/ɦuk4	
頶	ʁɨwk4/ɦuk4	
𨴬	ʁɨwk4/ɦuk4	
鏷	bɨwk4/buk4	
洬	sɨwk4/suk4	
梏	qɨwk4/kuk4	
梏	qawk4/kɯak4	
牿	qɨwk4/kuk4	
䧼	qɨwk4/kuk4	
䅵	qɨwk4/kuk4	
䅵	tɕɑk4/tʃɨɔk4	
臛	χɨwk4/huk4	
褥	nɨwk4/nuk4	
褥	ɲuk4/ɲʒɨuk4	
傉	nɨwk4/nuk4	
搙	nɨwk4/nuk4	
搙	ɳawk4/ɳɯak4	
傶	tsɨwk4/tsuk4	
𣪲	tsɨwk4/tsuk4	
錊	tsɨwk4/tsuk4	
襮	pɨwk4/puk4	
襮	pɑk4/puɔk4	
犦	pɨwk4/puk4	
犦	bawk4/buak4	
𤛹	ɴɨwk4/ŋuk4	
燭	tɕuk4/tʃɨuk4	
屬	tɕuk4/tʃɨuk4	
屬	ʑuk4/ʒɨuk4	
属	tɕuk4/tʃɨuk4	
属	ʑuk4/ʒɨuk4	
矚	tɕuk4/tʃɨuk4	
䌵	tɕuk4/tʃɨuk4	
囑	tɕuk4/tʃɨuk4	
䟉	tɕuk4/tʃɨuk4	
蠾	tɕuk4/tʃɨuk4	
蠾	ʑuk4/ʒɨuk4	
蠋	tɕuk4/tʃɨuk4	
蠋	ɖˠuk4/ɖɨuk4	
玉	ŋˠuk4/ŋɨuk4	
獄	ŋˠuk4/ŋɨuk4	
鳿	ŋˠuk4/ŋɨuk4	
頊	ŋˠuk4/ŋɨuk4	
頊	xˠuk4/hɨuk4	
旭	xˠuk4/hɨuk4	
勖	xˠuk4/hɨuk4	
𩔴	xˠuk4/hɨuk4	
𩪉	xˠuk4/hɨuk4	
輂	kˠuk4/kɨuk4	
鋦	kˠuk4/kɨuk4	
挶	kˠuk4/kɨuk4	
梮	kˠuk4/kɨuk4	
䡞	kˠuk4/kɨuk4	
㮂	kˠuk4/kɨuk4	
䋰	kˠuk4/kɨuk4	
𦅽	kˠuk4/kɨuk4	
𧤑	kˠuk4/kɨuk4	
局	ɡˠuk4/ɡɨuk4	
跼	ɡˠuk4/ɡɨuk4	
駶	ɡˠuk4/ɡɨuk4	
侷	ɡˠuk4/ɡɨuk4	
䎤	ɡˠuk4/ɡɨuk4	
蜀	ʑuk4/ʒɨuk4	
㯮	ʑuk4/ʒɨuk4	
䙱	ʑuk4/ʒɨuk4	
襩	ʑuk4/ʒɨuk4	
㻿	ʑuk4/ʒɨuk4	
鐲	ʑuk4/ʒɨuk4	
鐲	ɖawk4/ɖɯak4	
觸	tɕʰuk4/tʃʰɨuk4	
臅	tɕʰuk4/tʃʰɨuk4	
辱	ɲuk4/ɲʒɨuk4	
蓐	ɲuk4/ɲʒɨuk4	
鄏	ɲuk4/ɲʒɨuk4	
縟	ɲuk4/ɲʒɨuk4	
溽	ɲuk4/ɲʒɨuk4	
㦺	ɲuk4/ɲʒɨuk4	
媷	ɲuk4/ɲʒɨuk4	
嗕	ɲuk4/ɲʒɨuk4	
𪑾	ɲuk4/ɲʒɨuk4	
𩱨	ɲuk4/ɲʒɨuk4	
束	ɕuk4/ʃɨuk4	
欲	juk4/jɨuk4	
浴	juk4/jɨuk4	
鵒	juk4/jɨuk4	
𩀑	juk4/jɨuk4	
鋊	juk4/jɨuk4	
輍	juk4/jɨuk4	
慾	juk4/jɨuk4	
躅	ɖˠuk4/ɖɨuk4	
䠱	ɖˠuk4/ɖɨuk4	
錄	lˠuk4/ɭɨuk4	
綠	lˠuk4/ɭɨuk4	
醁	lˠuk4/ɭɨuk4	
騄	lˠuk4/ɭɨuk4	
菉	lˠuk4/ɭɨuk4	
逯	lˠuk4/ɭɨuk4	
䱚	lˠuk4/ɭɨuk4	
籙	lˠuk4/ɭɨuk4	
䟿	lˠuk4/ɭɨuk4	
𧨹	lˠuk4/ɭɨuk4	
㫽	lˠuk4/ɭɨuk4	
曲	kˠʰuk4/kʰɨuk4	
䒼	kˠʰuk4/kʰɨuk4	
匤	kˠʰuk4/kʰɨuk4	
瘃	ʈˠuk4/ʈɨuk4	
𤷚	ʈˠuk4/ʈɨuk4	
孎	ʈˠuk4/ʈɨuk4	
孎	ʈawk4/ʈɯak4	
斸	ʈˠuk4/ʈɨuk4	
钃	ʈˠuk4/ʈɨuk4	
欘	ʈˠuk4/ʈɨuk4	
欘	ɖawk4/ɖɯak4	
𢒔	ʈˠuk4/ʈɨuk4	
𢒔	ʈˠʰuk4/ʈʰɨuk4	
哫	tsʲuk4/tsɨuk4	
贖	ʑuk4/ʒɨuk4	
𩌮	ʑuk4/ʒɨuk4	
𩌮	zʲuk4/zɨuk4	
䴬	ʑuk4/ʒɨuk4	
䴬	jɨk4/jik4	
幞	vuk4/bvuk4	
促	tsʲʰuk4/tsʰɨuk4	
誎	tsʲʰuk4/tsʰɨuk4	
𤗁	tsʲʰuk4/tsʰɨuk4	
𦠁	tsʲʰuk4/tsʰɨuk4	
㹱	tsʲʰuk4/tsʰɨuk4	
㹱	tsʲʰɑk4/tsʰɨɔk4	
續	zʲuk4/zɨuk4	
俗	zʲuk4/zɨuk4	
藚	zʲuk4/zɨuk4	
粟	sʲuk4/sɨuk4	
𥻆	sʲuk4/sɨuk4	
憟	sʲuk4/sɨuk4	
𣯼	sʲuk4/sɨuk4	
㔄	sʲuk4/sɨuk4	
𥹵	ʈˠʰuk4/ʈʰɨuk4	
㙇	ʈˠʰuk4/ʈʰɨuk4	
豖	ʈˠʰuk4/ʈʰɨuk4	
斠	qawk4/kɯak4	
桷	qawk4/kɯak4	
䡈	qawk4/kɯak4	
珏	qawk4/kɯak4	
䚫	qawk4/kɯak4	
䚫	ɣʲɛk4/ɦiek4	
榷	qawk4/kɯak4	
捔	qawk4/kɯak4	
捔	dʐawk4/dʐɯak4	
搉	qawk4/kɯak4	
搉	qʰawk4/kʰɯak4	
傕	qawk4/kɯak4	
䮤	qawk4/kɯak4	
䮤	ʁɑk4/ɦɑk4	
嶽	ɴawk4/ŋɯak4	
岳	ɴawk4/ŋɯak4	
鸑	ɴawk4/ŋɯak4	
𩓥	ɴawk4/ŋɯak4	
捳	ɴawk4/ŋɯak4	
㹊	ɴawk4/ŋɯak4	
浞	dʐawk4/dʐɯak4	
丵	dʐawk4/dʐɯak4	
鋜	dʐawk4/dʐɯak4	
灂	dʐawk4/dʐɯak4	
鷟	dʐawk4/dʐɯak4	
篧	dʐawk4/dʐɯak4	
篧	tʂawk4/tʂɯak4	
汋	dʐawk4/dʐɯak4	
汋	ʑɑk4/ʒɨɔk4	
齺	dʐawk4/dʐɯak4	
𤉐	dʐawk4/dʐɯak4	
簎	dʐawk4/dʐɯak4	
簎	tʂʰɛk4/tʂʰɯɛk4	
簎	dzʲɛk4/dziek4	
捉	tʂawk4/tʂɯak4	
穛	tʂawk4/tʂɯak4	
𥼚	tʂawk4/tʂɯak4	
穱	tʂawk4/tʂɯak4	
斮	tʂawk4/tʂɯak4	
斮	tʂɑk4/tʂʅɔk4	
𧂒	tʂawk4/tʂɯak4	
朔	ʂawk4/ʂɯak4	
矟	ʂawk4/ʂɯak4	
槊	ʂawk4/ʂɯak4	
蒴	ʂawk4/ʂɯak4	
𦂗	ʂawk4/ʂɯak4	
㮶	ʂawk4/ʂɯak4	
𦋞	ʂawk4/ʂɯak4	
斲	ʈawk4/ʈɯak4	
涿	ʈawk4/ʈɯak4	
諑	ʈawk4/ʈɯak4	
㧻	ʈawk4/ʈɯak4	
琢	ʈawk4/ʈɯak4	
卓	ʈawk4/ʈɯak4	
桌	ʈawk4/ʈɯak4	
𥢔	ʈawk4/ʈɯak4	
斀	ʈawk4/ʈɯak4	
啅	ʈawk4/ʈɯak4	
𢁁	ʈawk4/ʈɯak4	
倬	ʈawk4/ʈɯak4	
晫	ʈawk4/ʈɯak4	
晫	ʈʰawk4/ʈʰɯak4	
剝	pawk4/puak4	
駮	pawk4/puak4	
駁	pawk4/puak4	
𩐟	pawk4/puak4	
𦢊	pawk4/puak4	
𦢊	bawk4/buak4	
嚗	pawk4/puak4	
𥭖	pawk4/puak4	
肑	pawk4/puak4	
肑	tʲɛk4/tiek4	
髉	pawk4/puak4	
㿺	pawk4/puak4	
䑈	pawk4/puak4	
趵	pawk4/puak4	
邈	mawk4/muak4	
㦝	mawk4/muak4	
𢷕	mawk4/muak4	
瞐	mawk4/muak4	
雹	bawk4/buak4	
𩅟	bawk4/buak4	
𢷏	bawk4/buak4	
𩣡	bawk4/buak4	
𩣡	bɨt4/but4	
䮀	bawk4/buak4	
䈏	bawk4/buak4	
瓝	bawk4/buak4	
㼎	bawk4/buak4	
謈	bawk4/buak4	
謈	pʰawk4/pʰuak4	
窇	bawk4/buak4	
𥭓	bawk4/buak4	
𥭓	tʂʰawk4/tʂʰɯak4	
懪	bawk4/buak4	
㩧	bawk4/buak4	
㩧	pʰawk4/pʰuak4	
璞	pʰawk4/pʰuak4	
朴	pʰawk4/pʰuak4	
㹒	pʰawk4/pʰuak4	
圤	pʰawk4/pʰuak4	
𤆝	pʰawk4/pʰuak4	
𥛟	pʰawk4/pʰuak4	
㺪	pʰawk4/pʰuak4	
𧴤	pʰawk4/pʰuak4	
㱿	qʰawk4/kʰɯak4	
毃	qʰawk4/kʰɯak4	
愨	qʰawk4/kʰɯak4	
確	qʰawk4/kʰɯak4	
碻	qʰawk4/kʰɯak4	
𤿩	qʰawk4/kʰɯak4	
燩	qʰawk4/kʰɯak4	
燩	kʲʰɛk4/kʰiek4	
嶨	qʰawk4/kʰɯak4	
嶨	ʁawk4/ɦɯak4	
塙	qʰawk4/kʰɯak4	
𣤇	qʰawk4/kʰɯak4	
𠕓	qʰawk4/kʰɯak4	
埆	qʰawk4/kʰɯak4	
𡇱	qʰawk4/kʰɯak4	
濁	ɖawk4/ɖɯak4	
擢	ɖawk4/ɖɯak4	
𧃔	ɖawk4/ɖɯak4	
㺟	ɖawk4/ɖɯak4	
蠗	ɖawk4/ɖɯak4	
鸐	ɖawk4/ɖɯak4	
𩑂	ɖawk4/ɖɯak4	
𢢗	ɖawk4/ɖɯak4	
𩆸	ɖawk4/ɖɯak4	
㪬	ɖawk4/ɖɯak4	
㪬	ʈʰawk4/ʈʰɯak4	
渥	ʔawk4/ʔɯak4	
握	ʔawk4/ʔɯak4	
偓	ʔawk4/ʔɯak4	
幄	ʔawk4/ʔɯak4	
楃	ʔawk4/ʔɯak4	
喔	ʔawk4/ʔɯak4	
鷽	ʔawk4/ʔɯak4	
鷽	ʁawk4/ɦɯak4	
葯	ʔawk4/ʔɯak4	
葯	ʔˠɑk4/ʔɨɔk4	
腛	ʔawk4/ʔɯak4	
齷	ʔawk4/ʔɯak4	
媉	ʔawk4/ʔɯak4	
𦯏	ʔawk4/ʔɯak4	
𠿟	ʔawk4/ʔɯak4	
搦	ɳawk4/ɳɯak4	
搦	ɳɛk4/ɳɯɛk4	
䚥	ɳawk4/ɳɯak4	
𧢺	ɳawk4/ɳɯak4	
𧣺	ɳawk4/ɳɯak4	
逴	ʈʰawk4/ʈʰɯak4	
逴	ʈˠʰɑk4/ʈʰɨɔk4	
犖	lawk4/ɭɯak4	
䃕	lawk4/ɭɯak4	
𡁆	lawk4/ɭɯak4	
學	ʁawk4/ɦɯak4	
确	ʁawk4/ɦɯak4	
𥀣	ʁawk4/ɦɯak4	
㕰	χawk4/hɯak4	
𩌊	χawk4/hɯak4	
𦰾	χawk4/hɯak4	
謞	χawk4/hɯak4	
謞	χɑk4/hɑk4	
瀥	χawk4/hɯak4	
䤕	χawk4/hɯak4	
娖	tʂʰawk4/tʂʰɯak4	
䃗	tʂʰawk4/tʂʰɯak4	
娕	tʂʰawk4/tʂʰɯak4	
擉	tʂʰawk4/tʂʰɯak4	
齪	tʂʰawk4/tʂʰɯak4	
晊	tɕit4/tʃit4	
郅	tɕit4/tʃit4	
桎	tɕit4/tʃit4	
櫍	tɕit4/tʃit4	
蛭	tɕit4/tʃit4	
蛭	ʈˠit4/ʈit4	
蛭	tʲɛt4/tiet4	
騭	tɕit4/tʃit4	
劕	tɕit4/tʃit4	
銍	tɕit4/tʃit4	
銍	ʈˠit4/ʈit4	
䑇	tɕit4/tʃit4	
鑕	tɕit4/tʃit4	
𡂒	tɕit4/tʃit4	
侄	tɕit4/tʃit4	
日	ɲit4/ɲʒit4	
馹	ɲit4/ɲʒit4	
衵	ɲit4/ɲʒit4	
衵	ɳˠit4/ɳit4	
㠴	ɲit4/ɲʒit4	
實	ʑit4/ʒit4	
秩	ɖˠit4/ɖit4	
紩	ɖˠit4/ɖit4	
帙	ɖˠit4/ɖit4	
袠	ɖˠit4/ɖit4	
柣	ɖˠit4/ɖit4	
柣	tsʲʰɛt4/tsʰiet4	
翐	ɖˠit4/ɖit4	
姪	ɖˠit4/ɖit4	
姪	dʲɛt4/diet4	
妷	ɖˠit4/ɖit4	
豑	ɖˠit4/ɖit4	
𣗻	ɖˠit4/ɖit4	
䟈	ɖˠit4/ɖit4	
𢧤	ɖˠit4/ɖit4	
悉	sʲit4/sit4	
厀	sʲit4/sit4	
膝	sʲit4/sit4	
蟋	sʲit4/sit4	
蟋	ʂit4/ʂʅᵊt4	
𧀬	sʲit4/sit4	
𦸝	sʲit4/sit4	
䊝	sʲit4/sit4	
䊝	sʲɛt4/siet4	
僁	sʲit4/sit4	
僁	sʲɛt4/siet4	
窸	sʲit4/sit4	
一	ʔʲit4/ʔit4	
弌	ʔʲit4/ʔit4	
壹	ʔʲit4/ʔit4	
七	tsʲʰit4/tsʰit4	
漆	tsʲʰit4/tsʰit4	
柒	tsʲʰit4/tsʰit4	
䣛	tsʲʰit4/tsʰit4	
𪄭	tsʲʰit4/tsʰit4	
桼	tsʲʰit4/tsʰit4	
𣛺	tsʲʰit4/tsʰit4	
𦸓	tsʲʰit4/tsʰit4	
㯃	tsʲʰit4/tsʰit4	
匹	pʲʰit4/pʰit4	
𠯔	pʲʰit4/pʰit4	
䏘	pʲʰit4/pʰit4	
吉	kʲit4/kit4	
趌	kʲit4/kit4	
趌	kʲʰit4/kʰit4	
趌	ɡˠit4/ɡɨt4	
趌	kʲɛt4/kiet4	
狤	kʲit4/kit4	
狤	ɡˠit4/ɡɨt4	
狤	kʲɛt4/kiet4	
拮	kʲit4/kit4	
拮	kʲɛt4/kiet4	
䟌	kʲit4/kit4	
䟌	dzʲɛt4/dziet4	
郆	kʲit4/kit4	
洁	kʲit4/kit4	
𤿠	kʲit4/kit4	
暱	ɳˠit4/ɳit4	
昵	ɳˠit4/ɳit4	
䵒	ɳˠit4/ɳit4	
䵑	ɳˠit4/ɳit4	
䘌	ɳˠit4/ɳit4	
㥾	ɳˠit4/ɳit4	
㥾	ɳˠɨk4/ɳik4	
逸	jit4/jit4	
佚	jit4/jit4	
佾	jit4/jit4	
溢	jit4/jit4	
軼	jit4/jit4	
軼	dʲɛt4/diet4	
鎰	jit4/jit4	
泆	jit4/jit4	
泆	dʲɛt4/diet4	
齸	jit4/jit4	
齸	ʔʲɛk4/ʔiek4	
劮	jit4/jit4	
欥	jit4/jit4	
欥	jwit4/jyt4	
䭿	jit4/jit4	
䭿	dʲɛt4/diet4	
䳀	jit4/jit4	
䳀	dʲɛt4/diet4	
詰	kʲʰit4/kʰit4	
蛣	kʲʰit4/kʰit4	
𩢴	kʲʰit4/kʰit4	
欯	xʲit4/hit4	
欪	xʲit4/hit4	
欪	ʈˠʰwit4/ʈʰyt4	
咭	xʲit4/hit4	
咭	qʰat4/kʰɯat4	
恄	xʲit4/hit4	
㣟	xʲit4/hit4	
抶	ʈˠʰit4/ʈʰit4	
咥	ʈˠʰit4/ʈʰit4	
咥	dʲɛt4/diet4	
咥	tʲɛt4/tiet4	
眣	ʈˠʰit4/ʈʰit4	
眣	ʈat4/ʈɯat4	
眣	dʲɛt4/diet4	
栗	lˠit4/ɭit4	
㮚	lˠit4/ɭit4	
𣡷	lˠit4/ɭit4	
慄	lˠit4/ɭit4	
溧	lˠit4/ɭit4	
𠞉	lˠit4/ɭit4	
鷅	lˠit4/ɭit4	
凓	lˠit4/ɭit4	
篥	lˠit4/ɭit4	
麜	lˠit4/ɭit4	
𨍫	lˠit4/ɭit4	
瑮	lˠit4/ɭit4	
𦃊	lˠit4/ɭit4	
塛	lˠit4/ɭit4	
搮	lˠit4/ɭit4	
䔁	lˠit4/ɭit4	
㗚	lˠit4/ɭit4	
㟳	lˠit4/ɭit4	
窒	ʈˠit4/ʈit4	
窒	tʲɛt4/tiet4	
挃	ʈˠit4/ʈit4	
庢	ʈˠit4/ʈit4	
秷	ʈˠit4/ʈit4	
𦤻	ʈˠit4/ʈit4	
㲳	ʈˠit4/ʈit4	
㗧	ʈˠit4/ʈit4	
㗧	tʲɛt4/tiet4	
𪗻	ʈˠit4/ʈit4	
𪗻	dʲɛt4/diet4	
𨖹	ʈˠit4/ʈit4	
螲	ʈˠit4/ʈit4	
𥎹	ʈˠit4/ʈit4	
疾	dzʲit4/dzit4	
𤕺	dzʲit4/dzit4	
蒺	dzʲit4/dzit4	
㑵	dzʲit4/dzit4	
𧎿	dzʲit4/dzit4	
揤	dzʲit4/dzit4	
揤	tsʲɨk4/tsik4	
愱	dzʲit4/dzit4	
槉	dzʲit4/dzit4	
𠹋	dzʲit4/dzit4	
𧪠	dzʲit4/dzit4	
𠞩	tʂʰit4/tʂʰʅᵊt4	
𠞩	ʂwit4/ʂʯᵊt4	
𪘧	tʂʰit4/tʂʰʅᵊt4	
𪘧	dzwɨt4/dzut4	
䜉	tʂʰit4/tʂʰʅᵊt4	
失	ɕit4/ʃit4	
室	ɕit4/ʃit4	
𩋡	ɕit4/ʃit4	
堲	tsʲit4/tsit4	
堲	tsʲɨk4/tsik4	
堲	dzʲɨk4/dzik4	
𡁶	tsʲit4/tsit4	
唧	tsʲit4/tsit4	
唧	tsʲɨk4/tsik4	
㲺	tsʲit4/tsit4	
𢪍	tsʲit4/tsit4	
𢪍	tsʲɛt4/tsiet4	
𧉍	tsʲit4/tsit4	
蝍	tsʲit4/tsit4	
蝍	tsʲɛt4/tsiet4	
蝍	tsʲɨk4/tsik4	
楖	tsʲit4/tsit4	
楖	tʂit4/tʂʅᵊt4	
楖	tsʲɨk4/tsik4	
蜜	mʲit4/mit4	
𧖅	mʲit4/mit4	
謐	mʲit4/mit4	
䤉	mʲit4/mit4	
榓	mʲit4/mit4	
𥁑	mʲit4/mit4	
宓	mʲit4/mit4	
宓	mˠit4/mɨt4	
淧	mʲit4/mit4	
𥋱	mʲit4/mit4	
必	pʲit4/pit4	
畢	pʲit4/pit4	
篳	pʲit4/pit4	
蓽	pʲit4/pit4	
韠	pʲit4/pit4	
㻫	pʲit4/pit4	
䟆	pʲit4/pit4	
蹕	pʲit4/pit4	
滭	pʲit4/pit4	
㪤	pʲit4/pit4	
鷝	pʲit4/pit4	
觱	pʲit4/pit4	
觱	ɰut4/ɨut4	
珌	pʲit4/pit4	
㓖	pʲit4/pit4	
熚	pʲit4/pit4	
𡠚	pʲit4/pit4	
彃	pʲit4/pit4	
㮿	pʲit4/pit4	
縪	pʲit4/pit4	
鮅	pʲit4/pit4	
鮅	bʲit4/bit4	
饆	pʲit4/pit4	
鏎	pʲit4/pit4	
𡻞	pʲit4/pit4	
𥀕	pʲit4/pit4	
𥛘	pʲit4/pit4	
罼	pʲit4/pit4	
姞	ɡˠit4/ɡɨt4	
佶	ɡˠit4/ɡɨt4	
鮚	ɡˠit4/ɡɨt4	
邲	bʲit4/bit4	
邲	bˠit4/bɨt4	
馝	bʲit4/bit4	
馝	bʲɛt4/biet4	
苾	bʲit4/bit4	
苾	bʲɛt4/biet4	
䩛	bʲit4/bit4	
佖	bʲit4/bit4	
佖	bˠit4/bɨt4	
駜	bʲit4/bit4	
駜	bˠit4/bɨt4	
飶	bʲit4/bit4	
飶	bʲɛt4/biet4	
綼	bʲit4/bit4	
綼	pʲɛk4/piek4	
怭	bʲit4/bit4	
𨠔	bʲit4/bit4	
䖩	bʲit4/bit4	
𣢠	bʲit4/bit4	
咇	bʲit4/bit4	
咇	pˠit4/pɨt4	
咇	bʲɛt4/biet4	
妼	bʲit4/bit4	
䫻	ɰut4/ɨut4	
𡿯	ɰut4/ɨut4	
汩	ɰut4/ɨut4	
蒁	ɰut4/ɨut4	
㧒	ɰut4/ɨut4	
蟀	ʂwit4/ʂʯᵊt4	
𧍓	ʂwit4/ʂʯᵊt4	
䢦	ʂwit4/ʂʯᵊt4	
𧜠	ʂwit4/ʂʯᵊt4	
咰	ʂwit4/ʂʯᵊt4	
𠌭	ʂwit4/ʂʯᵊt4	
𧗿	ʂwit4/ʂʯᵊt4	
叱	tɕʰit4/tʃʰit4	
𪗨	dʐit4/dʐʅᵊt4	
密	mˠit4/mɨt4	
𡶇	mˠit4/mɨt4	
蔤	mˠit4/mɨt4	
滵	mˠit4/mɨt4	
沕	mˠit4/mɨt4	
沕	ɱut4/mvut4	
樒	mˠit4/mɨt4	
㫘	mˠit4/mɨt4	
𪅮	mˠit4/mɨt4	
𥉴	mˠit4/mɨt4	
弼	bˠit4/bɨt4	
𢐀	bˠit4/bɨt4	
㢸	bˠit4/bɨt4	
𠡂	bˠit4/bɨt4	
䄶	bˠit4/bɨt4	
䄶	bɨt4/but4	
𢘍	bˠit4/bɨt4	
胇	bˠit4/bɨt4	
乙	ʔˠit4/ʔɨt4	
鳦	ʔˠit4/ʔɨt4	
耴	ŋˠit4/ŋɨt4	
耴	ʈˠɛp4/ʈiep4	
㔎	ŋˠit4/ŋɨt4	
㔎	sʲɛt4/siet4	
𡿪	ŋˠit4/ŋɨt4	
𡿪	lˠɛt4/ɭiet4	
圪	ŋˠit4/ŋɨt4	
𦨇	ŋˠit4/ŋɨt4	
𠡝	ŋˠit4/ŋɨt4	
筆	pˠit4/pɨt4	
潷	pˠit4/pɨt4	
𢴩	pˠit4/pɨt4	
㻶	pˠit4/pɨt4	
𨅗	pˠit4/pɨt4	
茁	ʈˠwit4/ʈyt4	
茁	tʂwat4/tʂuat4	
茁	tʂwɛt4/tʂʯet4	
肸	xˠit4/hɨt4	
獝	xʲwit4/hyt4	
術	ʑwit4/ʒyt4	
述	ʑwit4/ʒyt4	
秫	ʑwit4/ʒyt4	
朮	ʑwit4/ʒyt4	
朮	ɖˠwit4/ɖyt4	
沭	ʑwit4/ʒyt4	
噊	ʑwit4/ʒyt4	
噊	jwit4/jyt4	
袕	ʑwit4/ʒyt4	
袕	ɣʲwɛt4/ɦyet4	
潏	ʑwit4/ʒyt4	
潏	jwit4/jyt4	
潏	kʲwɛt4/kyet4	
鱊	ʑwit4/ʒyt4	
鱊	jwit4/jyt4	
鱊	qwat4/kuat4	
驈	ʑwit4/ʒyt4	
驈	jwit4/jyt4	
𧑐	ʑwit4/ʒyt4	
𧑐	jwit4/jyt4	
橘	kʲwit4/kyt4	
繘	kʲwit4/kyt4	
繘	jwit4/jyt4	
𧽻	kʲwit4/kyt4	
䤎	kʲwit4/kyt4	
𦙮	kʲwit4/kyt4	
𣎛	kʲwit4/kyt4	
崒	dzʲwit4/dzyt4	
崒	dzwɨt4/dzut4	
踤	dzʲwit4/dzyt4	
捽	dzʲwit4/dzyt4	
捽	dzwɨt4/dzut4	
聿	jwit4/jyt4	
鴪	jwit4/jyt4	
燏	jwit4/jyt4	
遹	jwit4/jyt4	
鷸	jwit4/jyt4	
𩙅	jwit4/jyt4	
矞	jwit4/jyt4	
霱	jwit4/jyt4	
䢖	jwit4/jyt4	
䋖	jwit4/jyt4	
銉	jwit4/jyt4	
𦒔	jwit4/jyt4	
𥎐	jwit4/jyt4	
卒	tsʲwit4/tsyt4	
卒	tsʰwɨt4/tsʰut4	
卒	tswɨt4/tsut4	
𣨛	tsʲwit4/tsyt4	
𣨛	tsʰwɨt4/tsʰut4	
䱣	tsʲwit4/tsyt4	
㰵	tsʲwit4/tsyt4	
卹	sʲwit4/syt4	
恤	sʲwit4/syt4	
戌	sʲwit4/syt4	
訹	sʲwit4/syt4	
珬	sʲwit4/syt4	
𧪞	sʲwit4/syt4	
𧪞	qɑp4/kɑp4	
䳳	sʲwit4/syt4	
賉	sʲwit4/syt4	
𣸃	sʲwit4/syt4	
㖅	sʲwit4/syt4	
𧊥	sʲwit4/syt4	
銊	sʲwit4/syt4	
欰	sʲwit4/syt4	
𥚋	sʲwit4/syt4	
𨜿	sʲwit4/syt4	
律	lˠwit4/ɭyt4	
寽	lˠwit4/ɭyt4	
繂	lˠwit4/ɭyt4	
膟	lˠwit4/ɭyt4	
䔞	lˠwit4/ɭyt4	
葎	lˠwit4/ɭyt4	
𥭐	lˠwit4/ɭyt4	
𠷈	lˠwit4/ɭyt4	
黜	ʈˠʰwit4/ʈʰyt4	
怵	ʈˠʰwit4/ʈʰyt4	
𧺶	ʈˠʰwit4/ʈʰyt4	
炪	ʈˠʰwit4/ʈʰyt4	
炪	tɕwɛt4/tʃyet4	
䟣	ʈˠʰwit4/ʈʰyt4	
㤕	ʈˠʰwit4/ʈʰyt4	
㤕	ʈˠwit4/ʈyt4	
𤝞	ʈˠʰwit4/ʈʰyt4	
窋	ʈˠwit4/ʈyt4	
絀	ʈˠwit4/ʈyt4	
䂐	ʈˠwit4/ʈyt4	
䂐	tɕwɛt4/tʃyet4	
㑁	ʈˠwit4/ʈyt4	
逫	ʈˠwit4/ʈyt4	
𡢑	ʈˠwit4/ʈyt4	
泏	ʈˠwit4/ʈyt4	
泏	qʰwɨt4/kʰut4	
𦬸	ɖˠwit4/ɖyt4	
炢	ɖˠwit4/ɖyt4	
𠭴	tʂwit4/tʂʯᵊt4	
𠭴	tɕwɛt4/tʃyet4	
𠮌	tʂwit4/tʂʯᵊt4	
䎀	xʲwit4/hyt4	
䎀	xˠwɛt4/hʉot4	
怴	xʲwit4/hyt4	
䬂	xʲwit4/hyt4	
䬂	xˠwɛt4/hʉot4	
𥄵	xʲwit4/hyt4	
櫛	tʂit4/tʂʅᵊt4	
瀄	tʂit4/tʂʅᵊt4	
㘉	tʂit4/tʂʅᵊt4	
𥠈	tʂit4/tʂʅᵊt4	
擳	tʂit4/tʂʅᵊt4	
瑟	ʂit4/ʂʅᵊt4	
飋	ʂit4/ʂʅᵊt4	
蝨	ʂit4/ʂʅᵊt4	
璱	ʂit4/ʂʅᵊt4	
𦆄	ʂit4/ʂʅᵊt4	
物	ɱut4/mvut4	
勿	ɱut4/mvut4	
𣃦	ɱut4/mvut4	
芴	ɱut4/mvut4	
岉	ɱut4/mvut4	
𨑥	ɱut4/mvut4	
𨑥	χwɨt4/hut4	
昒	ɱut4/mvut4	
昒	χwɨt4/hut4	
弗	fut4/pfut4	
紱	fut4/pfut4	
黻	fut4/pfut4	
綍	fut4/pfut4	
紼	fut4/pfut4	
巿	fut4/pfut4	
韍	fut4/pfut4	
𨚓	fut4/pfut4	
翇	fut4/pfut4	
柫	fut4/pfut4	
𡗻	fut4/pfut4	
冹	fut4/pfut4	
冹	fɛt4/pfuɐt4	
帗	fut4/pfut4	
帗	pɑt4/puot4	
𩖼	fut4/pfut4	
笰	fut4/pfut4	
𤊸	fut4/pfut4	
甶	fut4/pfut4	
鬱	ʔˠut4/ʔɨut4	
欝	ʔˠut4/ʔɨut4	
灪	ʔˠut4/ʔɨut4	
爩	ʔˠut4/ʔɨut4	
𩚴	ʔˠut4/ʔɨut4	
𩚴	ʔˠwɛt4/ʔʉot4	
黦	ʔˠut4/ʔɨut4	
黦	ʔˠwɛt4/ʔʉot4	
黦	ʔˠɛt4/ʔɨet4	
𥘄	ʔˠut4/ʔɨut4	
𩰪	ʔˠut4/ʔɨut4	
𠀔	kˠut4/kɨut4	
𦁐	kˠut4/kɨut4	
𦁐	kˠʰwɛt4/kʰʉot4	
厥	kˠut4/kɨut4	
厥	kˠwɛt4/kʉot4	
屈	kˠut4/kɨut4	
屈	kˠʰut4/kʰɨut4	
鶌	kˠut4/kɨut4	
趉	kˠut4/kɨut4	
䠇	kˠut4/kɨut4	
䠇	ɡˠut4/ɡɨut4	
詘	kˠʰut4/kʰɨut4	
𧌑	kˠʰut4/kʰɨut4	
倔	ɡˠut4/ɡɨut4	
崛	ɡˠut4/ɡɨut4	
崛	ŋˠut4/ŋɨut4	
𡲬	ɡˠut4/ɡɨut4	
䘿	ɡˠut4/ɡɨut4	
𡲗	ɡˠut4/ɡɨut4	
堀	ɡˠut4/ɡɨut4	
堀	qʰwɨt4/kʰut4	
掘	ɡˠut4/ɡɨut4	
掘	ɡˠwɛt4/ɡʉot4	
佛	vut4/bvut4	
坲	vut4/bvut4	
𡶒	vut4/bvut4	
咈	vut4/bvut4	
䞞	vut4/bvut4	
刜	vut4/bvut4	
刜	fʰut4/pfʰut4	
𣀣	vut4/bvut4	
炥	vut4/bvut4	
䬍	xˠut4/hɨut4	
䬍	χwɨt4/hut4	
𩘐	xˠut4/hɨut4	
欻	xˠut4/hɨut4	
𠦪	xˠut4/hɨut4	
㗵	xˠut4/hɨut4	
烼	xˠut4/hɨut4	
𢯮	ɰut4/ɨut4	
䁌	ɰut4/ɨut4	
𢔥	ɰut4/ɨut4	
拂	fʰut4/pfʰut4	
𢂀	fʰut4/pfʰut4	
艴	fʰut4/pfʰut4	
艴	bɨt4/but4	
乀	fʰut4/pfʰut4	
䭮	fʰut4/pfʰut4	
彿	fʰut4/pfʰut4	
𧿳	fʰut4/pfʰut4	
迄	xˠit4/hɨt4	
仡	xˠit4/hɨt4	
仡	ŋˠit4/ŋɨt4	
釳	xˠit4/hɨt4	
忔	xˠit4/hɨt4	
䒗	xˠit4/hɨt4	
䒗	kˠʰit4/kʰɨt4	
䛥	xˠit4/hɨt4	
汔	xˠit4/hɨt4	
訖	kˠit4/kɨt4	
吃	kˠit4/kɨt4	
扢	kˠit4/kɨt4	
扢	qwɨt4/kut4	
扢	ʁwɨt4/ɦut4	
䰴	kˠit4/kɨt4	
疙	ŋˠit4/ŋɨt4	
屹	ŋˠit4/ŋɨt4	
𧆫	ŋˠit4/ŋɨt4	
䞘	ɡˠit4/ɡɨt4	
𢇓	ɡˠit4/ɡɨt4	
乞	kˠʰit4/kʰɨt4	
月	ŋˠwɛt4/ŋʉot4	
刖	ŋˠwɛt4/ŋʉot4	
刖	ɴwɨt4/ŋut4	
刖	ɴwat4/ŋuat4	
跀	ŋˠwɛt4/ŋʉot4	
𧿁	ŋˠwɛt4/ŋʉot4	
軏	ŋˠwɛt4/ŋʉot4	
軏	ɴwɨt4/ŋut4	
抈	ŋˠwɛt4/ŋʉot4	
扤	ŋˠwɛt4/ŋʉot4	
扤	ɴwɨt4/ŋut4	
枂	ŋˠwɛt4/ŋʉot4	
枂	ɴwɑt4/ŋuot4	
鈅	ŋˠwɛt4/ŋʉot4	
玥	ŋˠwɛt4/ŋʉot4	
𦘹	ŋˠwɛt4/ŋʉot4	
伐	vɛt4/bvuɐt4	
筏	vɛt4/bvuɐt4	
筏	pɑt4/puot4	
栰	vɛt4/bvuɐt4	
罰	vɛt4/bvuɐt4	
閥	vɛt4/bvuɐt4	
垡	vɛt4/bvuɐt4	
瞂	vɛt4/bvuɐt4	
拔	vɛt4/bvuɐt4	
拔	bɑt4/buot4	
拔	bat4/buat4	
藅	vɛt4/bvuɐt4	
坺	vɛt4/bvuɐt4	
坺	bɑt4/buot4	
䣹	vɛt4/bvuɐt4	
越	ɰwɛt4/ʉot4	
越	ʁwɑt4/ɦuot4	
𨒋	ɰwɛt4/ʉot4	
粵	ɰwɛt4/ʉot4	
戉	ɰwɛt4/ʉot4	
鉞	ɰwɛt4/ʉot4	
䋐	ɰwɛt4/ʉot4	
樾	ɰwɛt4/ʉot4	
蚏	ɰwɛt4/ʉot4	
曰	ɰwɛt4/ʉot4	
𥩡	ɰwɛt4/ʉot4	
𡛟	ɰwɛt4/ʉot4	
𣐋	ɰwɛt4/ʉot4	
𧊎	ɰwɛt4/ʉot4	
泧	ɰwɛt4/ʉot4	
泧	xˠwɛt4/hʉot4	
泧	χwɑt4/huot4	
氒	kˠwɛt4/kʉot4	
𨇮	kˠwɛt4/kʉot4	
𧽸	kˠwɛt4/kʉot4	
𧼞	kˠwɛt4/kʉot4	
瘚	kˠwɛt4/kʉot4	
劂	kˠwɛt4/kʉot4	
蕨	kˠwɛt4/kʉot4	
蟨	kˠwɛt4/kʉot4	
蟩	kˠwɛt4/kʉot4	
橜	kˠwɛt4/kʉot4	
橜	ɡˠwɛt4/ɡʉot4	
𥕲	kˠwɛt4/kʉot4	
𠢤	kˠwɛt4/kʉot4	
欮	kˠwɛt4/kʉot4	
撅	kˠwɛt4/kʉot4	
撅	ɡˠwɛt4/ɡʉot4	
𠄌	kˠwɛt4/kʉot4	
𡡕	ʔˠwɛt4/ʔʉot4	
𧤼	ɡˠwɛt4/ɡʉot4	
鷢	ɡˠwɛt4/ɡʉot4	
憠	ɡˠwɛt4/ɡʉot4	
𨬐	ɡˠwɛt4/ɡʉot4	
䞷	ɡˠwɛt4/ɡʉot4	
𣖬	ɡˠwɛt4/ɡʉot4	
𩪜	ɡˠwɛt4/ɡʉot4	
亅	ɡˠwɛt4/ɡʉot4	
闕	kˠʰwɛt4/kʰʉot4	
㵐	kˠʰwɛt4/kʰʉot4	
髮	fɛt4/pfuɐt4	
𩠖	fɛt4/pfuɐt4	
𩑛	fɛt4/pfuɐt4	
發	fɛt4/pfuɐt4	
颰	fɛt4/pfuɐt4	
颰	bɑt4/buot4	
韤	ɱɛt4/mvuɐt4	
韈	ɱɛt4/mvuɐt4	
襪	ɱɛt4/mvuɐt4	
𥄎	ɱɛt4/mvuɐt4	
𥄎	xʲwɛt4/hyet4	
𥄎	xʲwɛk4/hyek4	
𥄎	xˠwɨk4/hʉik4	
㒝	ɱɛt4/mvuɐt4	
㒝	mʲɛt4/miet4	
䟠	xˠwɛt4/hʉot4	
狘	xˠwɛt4/hʉot4	
㞽	xˠwɛt4/hʉot4	
謁	ʔˠɛt4/ʔɨet4	
暍	ʔˠɛt4/ʔɨet4	
暍	χɑt4/hɑt4	
𢉥	ʔˠɛt4/ʔɨet4	
𢉥	ʔɑt4/ʔɑt4	
歇	xˠɛt4/hɨet4	
蠍	xˠɛt4/hɨet4	
猲	xˠɛt4/hɨet4	
猲	χɑt4/hɑt4	
猲	kˠʰɛp4/kʰɨep4	
𤢔	xˠɛt4/hɨet4	
𦪬	xˠɛt4/hɨet4	
𧼨	kˠɛt4/kɨet4	
羯	kˠɛt4/kɨet4	
𢶆	kˠɛt4/kɨet4	
鍻	kˠɛt4/kɨet4	
𢷒	ɡˠɛt4/ɡɨet4	
竭	ɡˠɛt4/ɡɨet4	
碣	ɡˠɛt4/ɡɨet4	
楬	ɡˠɛt4/ɡɨet4	
楬	qʰat4/kʰɯat4	
钀	ŋˠɛt4/ŋɨet4	
沒	mɨt4/mut4	
歿	mɨt4/mut4	
𤣻	mɨt4/mut4	
𩑦	mɨt4/mut4	
𩑦	ʔwɨt4/ʔut4	
𠬛	mɨt4/mut4	
莈	mɨt4/mut4	
骨	qwɨt4/kut4	
縎	qwɨt4/kut4	
鶻	qwɨt4/kut4	
鶻	ʁwɨt4/ɦut4	
鶻	ʁwat4/ɦuat4	
滑	qwɨt4/kut4	
滑	ʁwɨt4/ɦut4	
滑	ʁwat4/ɦuat4	
䮩	qwɨt4/kut4	
啒	qwɨt4/kut4	
啒	χwɨt4/hut4	
淈	qwɨt4/kut4	
淈	ʁɨt4/ɦət4	
汨	qwɨt4/kut4	
汨	mʲɛk4/miek4	
愲	qwɨt4/kut4	
蓇	qwɨt4/kut4	
尳	qwɨt4/kut4	
尳	ʁwɨt4/ɦut4	
㾶	qwɨt4/kut4	
榾	qwɨt4/kut4	
䓛	qwɨt4/kut4	
㒴	qwɨt4/kut4	
勃	bɨt4/but4	
渤	bɨt4/but4	
𩱚	bɨt4/but4	
餑	bɨt4/but4	
𡋯	bɨt4/but4	
馞	bɨt4/but4	
馞	pʰɨt4/pʰut4	
郣	bɨt4/but4	
浡	bɨt4/but4	
𣭷	bɨt4/but4	
𢠜	bɨt4/but4	
㪍	bɨt4/but4	
㶿	bɨt4/but4	
桲	bɨt4/but4	
挬	bɨt4/but4	
脖	bɨt4/but4	
𦸦	bɨt4/but4	
鵓	bɨt4/but4	
咄	twɨt4/tut4	
咄	twɑt4/tuot4	
柮	twɨt4/tut4	
柮	dzwɑt4/dzuot4	
𩢎	twɨt4/tut4	
𩨳	twɨt4/tut4	
突	tʰwɨt4/tʰut4	
突	dwɨt4/dut4	
梲	tʰwɨt4/tʰut4	
梲	tʰwɑt4/tʰuot4	
梲	tɕwɛt4/tʃyet4	
𠫓	tʰwɨt4/tʰut4	
𡿮	tʰwɨt4/tʰut4	
𡿮	dwɨt4/dut4	
䠈	tʰwɨt4/tʰut4	
揬	dwɨt4/dut4	
腯	dwɨt4/dut4	
鼵	dwɨt4/dut4	
葖	dwɨt4/dut4	
鶟	dwɨt4/dut4	
堗	dwɨt4/dut4	
𦩤	dwɨt4/dut4	
鈯	dwɨt4/dut4	
𦔅	dwɨt4/dut4	
𣔻	dwɨt4/dut4	
凸	dwɨt4/dut4	
凸	dʲɛt4/diet4	
鍎	dwɨt4/dut4	
膃	ʔwɨt4/ʔut4	
嗢	ʔwɨt4/ʔut4	
嗢	ʔwat4/ʔuat4	
䯉	ʔwɨt4/ʔut4	
䯉	ʔwat4/ʔuat4	
榲	ʔwɨt4/ʔut4	
淴	ʔwɨt4/ʔut4	
忽	χwɨt4/hut4	
㾁	χwɨt4/hut4	
匫	χwɨt4/hut4	
寣	χwɨt4/hut4	
笏	χwɨt4/hut4	
䩐	χwɨt4/hut4	
㫚	χwɨt4/hut4	
𣓗	χwɨt4/hut4	
㦌	χwɨt4/hut4	
𦁕	χwɨt4/hut4	
𢑢	χwɨt4/hut4	
惚	χwɨt4/hut4	
𤶘	χwɨt4/hut4	
兀	ɴwɨt4/ŋut4	
杌	ɴwɨt4/ŋut4	
屼	ɴwɨt4/ŋut4	
矹	ɴwɨt4/ŋut4	
䦍	ɴwɨt4/ŋut4	
𦨉	ɴwɨt4/ŋut4	
䑢	ɴwɨt4/ŋut4	
𠨜	ɴwɨt4/ŋut4	
㽾	ɴwɨt4/ŋut4	
𤴰	ɴwɨt4/ŋut4	
𧈭	ɴwɨt4/ŋut4	
𦬂	ɴwɨt4/ŋut4	
䪬	pʰɨt4/pʰut4	
哱	pʰɨt4/pʰut4	
㛘	pʰɨt4/pʰut4	
𠀽	lwɨt4/lut4	
𨁸	lwɨt4/lut4	
硉	lwɨt4/lut4	
𥓎	lwɨt4/lut4	
㪐	lwɨt4/lut4	
窟	qʰwɨt4/kʰut4	
矻	qʰwɨt4/kʰut4	
𧷎	qʰwɨt4/kʰut4	
𧷎	ʁat4/ɦɯat4	
㧾	qʰwɨt4/kʰut4	
圣	qʰwɨt4/kʰut4	
㩿	qʰwɨt4/kʰut4	
𡑣	qʰwɨt4/kʰut4	
䯇	qʰwɨt4/kʰut4	
䯇	qʰwat4/kʰuat4	
𡼿	qʰwɨt4/kʰut4	
𥌄	qʰwɨt4/kʰut4	
胐	qʰwɨt4/kʰut4	
訥	nwɨt4/nut4	
㕯	nwɨt4/nut4	
㕯	ɳwat4/ɳuat4	
㕯	ɲwɛt4/ɲʒyet4	
肭	nwɨt4/nut4	
肭	ɳwat4/ɳuat4	
𣧍	nwɨt4/nut4	
窣	swɨt4/sut4	
𪌯	swɨt4/sut4	
𪍛	swɨt4/sut4	
㲞	swɨt4/sut4	
𪖶	swɨt4/sut4	
𪅄	swɨt4/sut4	
屑	swɨt4/sut4	
屑	sʲɛt4/siet4	
猝	tsʰwɨt4/tsʰut4	
𢪃	tsʰwɨt4/tsʰut4	
𥾛	tsʰwɨt4/tsʰut4	
椊	dzwɨt4/dzut4	
䚝	dzwɨt4/dzut4	
𩩠	dzwɨt4/dzut4	
麧	ʁɨt4/ɦət4	
𥝖	ʁɨt4/ɦət4	
齕	ʁɨt4/ɦət4	
齕	ɣʲɛt4/ɦiet4	
紇	ʁɨt4/ɦət4	
紇	ɣʲɛt4/ɦiet4	
搰	ʁwɨt4/ɦut4	
𣝗	ʁwɨt4/ɦut4	
𦗣	ʁwɨt4/ɦut4	
𢪏	ʁwɨt4/ɦut4	
𡰅	ʁwɨt4/ɦut4	
稡	tswɨt4/tsut4	
曷	ʁɑt4/ɦɑt4	
褐	ʁɑt4/ɦɑt4	
毼	ʁɑt4/ɦɑt4	
鶡	ʁɑt4/ɦɑt4	
蝎	ʁɑt4/ɦɑt4	
䫘	ʁɑt4/ɦɑt4	
䫘	χɑt4/hɑt4	
𩩲	ʁɑt4/ɦɑt4	
骱	ʁɑt4/ɦɑt4	
骱	qat4/kɯat4	
㮫	ʁɑt4/ɦɑt4	
鞨	ʁɑt4/ɦɑt4	
鞨	ʑɛt4/ʒiet4	
𠿒	χɑt4/hɑt4	
㿣	χɑt4/hɑt4	
𩡔	χɑt4/hɑt4	
𢛁	tɑt4/tɑt4	
妲	tɑt4/tɑt4	
呾	tɑt4/tɑt4	
呾	ʔat4/ʔɯat4	
炟	tɑt4/tɑt4	
䵣	tɑt4/tɑt4	
𦬹	tɑt4/tɑt4	
靼	tɑt4/tɑt4	
靼	tɕɛt4/tʃiet4	
闥	tʰɑt4/tʰɑt4	
㒓	tʰɑt4/tʰɑt4	
撻	tʰɑt4/tʰɑt4	
躂	tʰɑt4/tʰɑt4	
澾	tʰɑt4/tʰɑt4	
獺	tʰɑt4/tʰɑt4	
獺	ʈʰat4/ʈʰɯat4	
𣥂	tʰɑt4/tʰɑt4	
羍	tʰɑt4/tʰɑt4	
𦍒	tʰɑt4/tʰɑt4	
達	tʰɑt4/tʰɑt4	
達	dɑt4/dɑt4	
遏	ʔɑt4/ʔɑt4	
齃	ʔɑt4/ʔɑt4	
頞	ʔɑt4/ʔɑt4	
堨	ʔɑt4/ʔɑt4	
胺	ʔɑt4/ʔɑt4	
咹	ʔɑt4/ʔɑt4	
𠥜	ʔɑt4/ʔɑt4	
剌	lɑt4/lɑt4	
揧	lɑt4/lɑt4	
辢	lɑt4/lɑt4	
瘌	lɑt4/lɑt4	
攋	lɑt4/lɑt4	
𢉨	lɑt4/lɑt4	
轢	lɑt4/lɑt4	
轢	lɑk4/lɑk4	
轢	lʲɛk4/liek4	
𢃴	lɑt4/lɑt4	
䶛	lɑt4/lɑt4	
㻝	lɑt4/lɑt4	
𥈙	lɑt4/lɑt4	
楋	lɑt4/lɑt4	
蝲	lɑt4/lɑt4	
渴	qʰɑt4/kʰɑt4	
渴	ɡˠɛt4/ɡɨet4	
㵣	qʰɑt4/kʰɑt4	
𤸎	qʰɑt4/kʰɑt4	
嵑	qʰɑt4/kʰɑt4	
䯋	qʰɑt4/kʰɑt4	
䯋	bɑt4/buot4	
䅥	qʰɑt4/kʰɑt4	
䅥	kˠɛt4/kɨet4	
薘	dɑt4/dɑt4	
嶻	dzɑt4/dzɑt4	
嶻	dzʲɛt4/dziet4	
囐	dzɑt4/dzɑt4	
㩵	dzɑt4/dzɑt4	
㩵	ɴɑt4/ŋɑt4	
嶭	ɴɑt4/ŋɑt4	
嶭	ŋʲɛt4/ŋiet4	
䡾	ɴɑt4/ŋɑt4	
䡾	ŋˠɛt4/ŋɨet4	
枿	ɴɑt4/ŋɑt4	
𣡌	ɴɑt4/ŋɑt4	
櫱	ɴɑt4/ŋɑt4	
櫱	ŋˠɛt4/ŋɨet4	
𣎴	ɴɑt4/ŋɑt4	
𠱥	ɴɑt4/ŋɑt4	
𠲗	ɴɑt4/ŋɑt4	
歺	ɴɑt4/ŋɑt4	
齾	ɴɑt4/ŋɑt4	
齾	ɴat4/ŋɯat4	
葛	qɑt4/kɑt4	
䈓	qɑt4/kɑt4	
獦	qɑt4/kɑt4	
獦	lˠɛp4/ɭiep4	
割	qɑt4/kɑt4	
𩢛	qɑt4/kɑt4	
輵	qɑt4/kɑt4	
𨞛	qɑt4/kɑt4	
𥢸	qɑt4/kɑt4	
㵧	qɑt4/kɑt4	
躠	sɑt4/sɑt4	
薩	sɑt4/sɑt4	
摋	sɑt4/sɑt4	
𥻦	sɑt4/sɑt4	
攃	sɑt4/sɑt4	
攃	tsʰɑt4/tsʰɑt4	
𦼧	sɑt4/sɑt4	
𨐖	sɑt4/sɑt4	
䌨	tsʰɑt4/tsʰɑt4	
礤	tsʰɑt4/tsʰɑt4	
捺	nɑt4/nɑt4	
𤷈	nɑt4/nɑt4	
𤷈	ɳat4/ɳɯat4	
䖧	nɑt4/nɑt4	
末	mɑt4/muot4	
昩	mɑt4/muot4	
𩑷	mɑt4/muot4	
䴲	mɑt4/muot4	
𨣱	mɑt4/muot4	
䬴	mɑt4/muot4	
秣	mɑt4/muot4	
𥬎	mɑt4/muot4	
靺	mɑt4/muot4	
𥄕	mɑt4/muot4	
粖	mɑt4/muot4	
粖	mʲɛt4/miet4	
𩱷	mɑt4/muot4	
𩱷	mʲɛt4/miet4	
𥽘	mɑt4/muot4	
䱅	mɑt4/muot4	
抹	mɑt4/muot4	
妺	mɑt4/muot4	
𠇱	mɑt4/muot4	
𢗿	mɑt4/muot4	
𡊉	mɑt4/muot4	
瀎	mɑt4/muot4	
瀎	mʲɛt4/miet4	
𩿣	mɑt4/muot4	
𦫕	mɑt4/muot4	
袜	mɑt4/muot4	
撥	pɑt4/puot4	
癶	pɑt4/puot4	
袚	pɑt4/puot4	
茇	pɑt4/puot4	
茇	bɑt4/buot4	
鉢	pɑt4/puot4	
盋	pɑt4/puot4	
䳊	pɑt4/puot4	
䳊	bɑt4/buot4	
鱍	pɑt4/puot4	
鱍	pʰɑt4/pʰuot4	
䢌	pɑt4/puot4	
𩯌	pɑt4/puot4	
襏	pɑt4/puot4	
𦪑	pɑt4/puot4	
驋	pɑt4/puot4	
拶	tsɑt4/tsɑt4	
㳨	tsɑt4/tsɑt4	
𠛱	tsɑt4/tsɑt4	
𠛱	lˠɛt4/ɭiet4	
𨀨	tsɑt4/tsɑt4	
㵶	tsɑt4/tsɑt4	
㵶	tsʲɛt4/tsiet4	
㵶	tsʲɛk4/tsiek4	
括	qwɑt4/kuot4	
活	qwɑt4/kuot4	
活	ʁwɑt4/ɦuot4	
𣽅	qwɑt4/kuot4	
𣽅	ʁwɑt4/ɦuot4	
髺	qwɑt4/kuot4	
聒	qwɑt4/kuot4	
䒷	qwɑt4/kuot4	
𦸈	qwɑt4/kuot4	
鴰	qwɑt4/kuot4	
鴰	qwat4/kuat4	
萿	qwɑt4/kuot4	
适	qwɑt4/kuot4	
适	qʰwɑt4/kʰuot4	
佸	qwɑt4/kuot4	
佸	ʁwɑt4/ɦuot4	
頢	qwɑt4/kuot4	
頢	ʁwat4/ɦuat4	
葀	qwɑt4/kuot4	
䯏	qwɑt4/kuot4	
懖	qwɑt4/kuot4	
𦗾	qwɑt4/kuot4	
筈	qwɑt4/kuot4	
筈	qʰwɑt4/kʰuot4	
闊	qʰwɑt4/kʰuot4	
蛞	qʰwɑt4/kʰuot4	
䟯	qʰwɑt4/kʰuot4	
𤫵	qʰwɑt4/kʰuot4	
䄆	ʁwɑt4/ɦuot4	
䄆	qwat4/kuat4	
秳	ʁwɑt4/ɦuot4	
姡	ʁwɑt4/ɦuot4	
姡	ʁwat4/ɦuat4	
奪	dwɑt4/duot4	
𡙜	dwɑt4/duot4	
敓	dwɑt4/duot4	
脫	dwɑt4/duot4	
脫	tʰwɑt4/tʰuot4	
挩	dwɑt4/duot4	
挩	tʰwɑt4/tʰuot4	
莌	dwɑt4/duot4	
莌	tʰwɑt4/tʰuot4	
痥	dwɑt4/duot4	
鮵	dwɑt4/duot4	
豁	χwɑt4/huot4	
𧯆	χwɑt4/huot4	
奯	χwɑt4/huot4	
𤃴	χwɑt4/huot4	
𣁳	χwɑt4/huot4	
𣁳	ʔwɑt4/ʔuot4	
𣁳	ʔwat4/ʔuat4	
眓	χwɑt4/huot4	
斡	ʔwɑt4/ʔuot4	
焥	ʔwɑt4/ʔuot4	
䩊	ʔwɑt4/ʔuot4	
捾	ʔwɑt4/ʔuot4	
𥄗	ʔwɑt4/ʔuot4	
繓	tswɑt4/tsuot4	
撮	tswɑt4/tsuot4	
撮	tsʰwɑt4/tsʰuot4	
攥	tswɑt4/tsuot4	
鏺	pʰɑt4/pʰuot4	
𢯸	pʰɑt4/pʰuot4	
𨂩	pʰɑt4/pʰuot4	
㧊	pʰɑt4/pʰuot4	
䣪	pʰɑt4/pʰuot4	
𨡩	pʰɑt4/pʰuot4	
𣸍	pʰɑt4/pʰuot4	
𧘟	pʰɑt4/pʰuot4	
𦫔	pʰɑt4/pʰuot4	
䍨	pʰɑt4/pʰuot4	
𠷑	pʰɑt4/pʰuot4	
侻	tʰwɑt4/tʰuot4	
捋	lwɑt4/luot4	
𠜖	lwɑt4/luot4	
蛶	lwɑt4/luot4	
蛶	lˠwɛt4/ɭyet4	
㸹	lwɑt4/luot4	
㸹	lˠwɛt4/ɭyet4	
㭩	lwɑt4/luot4	
㭩	lˠwɛt4/ɭyet4	
掇	twɑt4/tuot4	
掇	ʈˠwɛt4/ʈyet4	
剟	twɑt4/tuot4	
剟	ʈˠwɛt4/ʈyet4	
鵽	twɑt4/tuot4	
鵽	ʈwat4/ʈuat4	
裰	twɑt4/tuot4	
敠	twɑt4/tuot4	
敠	tsʲʰwɛt4/tsʰyet4	
跋	bɑt4/buot4	
𧺡	bɑt4/buot4	
𧺺	bɑt4/buot4	
魃	bɑt4/buot4	
𢇷	bɑt4/buot4	
䣮	bɑt4/buot4	
馛	bɑt4/buot4	
炦	bɑt4/buot4	
癹	bɑt4/buot4	
妭	bɑt4/buot4	
犮	bɑt4/buot4	
胈	bɑt4/buot4	
鈸	bɑt4/buot4	
䮂	bɑt4/buot4	
菝	bɑt4/buot4	
菝	bat4/buat4	
𩃶	bɑt4/buot4	
黠	ʁat4/ɦɯat4	
𩪲	ʁat4/ɦɯat4	
䦖	ʁat4/ɦɯat4	
䦖	ɣʲɛt4/ɦiet4	
札	tʂat4/tʂɯat4	
𣧖	tʂat4/tʂɯat4	
𣧖	tsʲɛt4/tsiet4	
蚻	tʂat4/tʂɯat4	
紮	tʂat4/tʂɯat4	
𩿤	tʂat4/tʂɯat4	
扎	tʂat4/tʂɯat4	
𥎱	bat4/buat4	
𤫶	qʰat4/kʰɯat4	
擖	qʰat4/kʰɯat4	
擖	qat4/kɯat4	
擖	ɖap4/ɖɯap4	
劼	qʰat4/kʰɯat4	
𩮁	qʰat4/kʰɯat4	
𩮁	qat4/kɯat4	
㓞	qʰat4/kʰɯat4	
㓤	qʰat4/kʰɯat4	
硈	qʰat4/kʰɯat4	
𦸉	qʰat4/kʰɯat4	
䂒	qʰat4/kʰɯat4	
𢼣	qʰat4/kʰɯat4	
猾	ʁwat4/ɦuat4	
䱻	ʁwat4/ɦuat4	
磆	ʁwat4/ɦuat4	
螖	ʁwat4/ɦuat4	
䴳	ʁwat4/ɦuat4	
𧽌	ʁwat4/ɦuat4	
八	pat4/puat4	
𩡩	pat4/puat4	
朳	pat4/puat4	
捌	pat4/puat4	
㺴	pat4/puat4	
䤢	pat4/puat4	
哵	pat4/puat4	
玐	pat4/puat4	
釟	pat4/puat4	
窡	ʈwat4/ʈuat4	
𠿡	ʈwat4/ʈuat4	
穵	ʔwat4/ʔuat4	
穵	ʔat4/ʔɯat4	
嗗	ʔwat4/ʔuat4	
豽	ɳwat4/ɳuat4	
貀	ɳwat4/ɳuat4	
䶪	tʂʰat4/tʂʰɯat4	
䕓	tʂʰat4/tʂʰɯat4	
察	tʂʰat4/tʂʰɯat4	
詧	tʂʰat4/tʂʰɯat4	
詧	tsʲʰɛt4/tsʰiet4	
𣘤	tʂʰat4/tʂʰɯat4	
𩴳	tʂʰat4/tʂʰɯat4	
劀	qwat4/kuat4	
𠟽	qwat4/kuat4	
戛	qat4/kɯat4	
扴	qat4/kɯat4	
圿	qat4/kɯat4	
鴶	qat4/kɯat4	
楔	qat4/kɯat4	
楔	sʲɛt4/siet4	
秸	qat4/kɯat4	
鞂	qat4/kɯat4	
忦	qat4/kɯat4	
嘎	qat4/kɯat4	
𠜵	qat4/kɯat4	
𪃈	qat4/kɯat4	
𪃈	kʲɛt4/kiet4	
袺	qat4/kɯat4	
袺	kʲɛt4/kiet4	
㮖	qat4/kɯat4	
磍	qat4/kɯat4	
磍	qʰat4/kʰɯat4	
頡	qat4/kɯat4	
頡	ɣʲɛt4/ɦiet4	
軋	ʔat4/ʔɯat4	
圠	ʔat4/ʔɯat4	
揠	ʔat4/ʔɯat4	
嫼	ʔat4/ʔɯat4	
䝟	ʔat4/ʔɯat4	
猰	ʔat4/ʔɯat4	
猰	qat4/kɯat4	
猰	kʲʰɛt4/kʰiet4	
䰲	ʔat4/ʔɯat4	
窫	ʔat4/ʔɯat4	
煞	ʂat4/ʂɯat4	
𣻑	ʂat4/ʂɯat4	
榝	ʂat4/ʂɯat4	
榝	ʂɛt4/ʂʅet4	
㑻	mat4/muat4	
䯦	mat4/muat4	
𪒜	mat4/muat4	
睰	mat4/muat4	
礣	mat4/muat4	
傄	χwat4/huat4	
䀨	χwat4/huat4	
痆	ɳat4/ɳɯat4	
𧞍	ɳat4/ɳɯat4	
𦤙	ɴwat4/ŋuat4	
𦘍	ɴwat4/ŋuat4	
𪗔	pʰat4/pʰuat4	
𥐙	pʰat4/pʰuat4	
𨋐	pʰat4/pʰuat4	
鎋	ʁat4/ɦɯat4	
舝	ʁat4/ɦɯat4	
𪗾	ʁat4/ɦɯat4	
𪗾	χat4/hɯat4	
鶷	ʁat4/ɦɯat4	
𧕱	ʁat4/ɦɯat4	
𤪍	ʁat4/ɦɯat4	
𦵯	ʁat4/ɦɯat4	
縖	ʁat4/ɦɯat4	
𩝛	ʁat4/ɦɯat4	
𥰶	ʁat4/ɦɯat4	
𠢆	ʁat4/ɦɯat4	
𢮟	ʁat4/ɦɯat4	
𪆰	ʔat4/ʔɯat4	
䦪	ʔat4/ʔɯat4	
𡇼	ʔat4/ʔɯat4	
劜	ʔat4/ʔɯat4	
聐	ɴat4/ŋɯat4	
𩮝	ɴat4/ŋɯat4	
𡿖	ɴat4/ŋɯat4	
𡿖	ŋʲɛt4/ŋiet4	
刹	tʂʰat4/tʂʰɯat4	
䓭	tʂʰat4/tʂʰɯat4	
𥴭	qʰat4/kʰɯat4	
趏	qʰat4/kʰɯat4	
趏	qwat4/kuat4	
瞎	χat4/hɯat4	
𩮂	χat4/hɯat4	
㔠	χat4/hɯat4	
刮	qwat4/kuat4	
𤁪	ʁwat4/ɦuat4	
𦧠	ʁwat4/ɦuat4	
敌	ʁwat4/ɦuat4	
舌	ʁwat4/ɦuat4	
舌	ʑɛt4/ʒiet4	
䫄	ʈʰwat4/ʈʰuat4	
𤁫	ʈʰwat4/ʈʰuat4	
刷	ʂwat4/ʂuat4	
刷	ʂwɛt4/ʂʯet4	
䎳	ɴwat4/ŋuat4	
䚴	ɴwat4/ŋuat4	
䵵	tʂʰwat4/tʂʰuat4	
䵵	tʂwɛt4/tʂʯet4	
㔍	tʂʰwat4/tʂʰuat4	
㔍	tʂʰwɛt4/tʂʰʯet4	
帓	mat4/muat4	
帕	mat4/muat4	
𤬷	ɳwat4/ɳuat4	
袦	ɳwat4/ɳuat4	
㭭	pat4/puat4	
㭭	pʲɛt4/piet4	
𪈟	qat4/kɯat4	
𨰉	dʐat4/dʐɯat4	
耫	dʐat4/dʐɯat4	
耫	dʐɛk4/dʐɯɛk4	
㳐	dʐat4/dʐɯat4	
哳	ʈat4/ʈɯat4	
𢧖	ʈat4/ʈɯat4	
𧶇	ʈat4/ʈɯat4	
𩭿	ɳat4/ɳɯat4	
揳	sʲɛt4/siet4	
𨆳	sʲɛt4/siet4	
榍	sʲɛt4/siet4	
糏	sʲɛt4/siet4	
偰	sʲɛt4/siet4	
㴽	sʲɛt4/siet4	
𦵱	sʲɛt4/siet4	
𦞚	sʲɛt4/siet4	
㨝	sʲɛt4/siet4	
㗫	tsʲʰɛt4/tsʰiet4	
𪙌	tsʲʰɛt4/tsʰiet4	
竊	tsʲʰɛt4/tsʰiet4	
沏	tsʲʰɛt4/tsʰiet4	
䟙	tsʲʰɛt4/tsʰiet4	
結	kʲɛt4/kiet4	
絜	kʲɛt4/kiet4	
絜	ɣʲɛt4/ɦiet4	
潔	kʲɛt4/kiet4	
䥛	kʲɛt4/kiet4	
鍥	kʲɛt4/kiet4	
鍥	kʲʰɛt4/kʰiet4	
桔	kʲɛt4/kiet4	
𣚃	kʲɛt4/kiet4	
𧾯	kʲɛt4/kiet4	
魝	kʲɛt4/kiet4	
𡔢	kʲɛt4/kiet4	
𡔢	kʲʰɛt4/kʰiet4	
𧍩	kʲɛt4/kiet4	
節	tsʲɛt4/tsiet4	
𢎛	tsʲɛt4/tsiet4	
癤	tsʲɛt4/tsiet4	
楶	tsʲɛt4/tsiet4	
㸅	tsʲɛt4/tsiet4	
𡴺	tsʲɛt4/tsiet4	
𡴺	dzʲɛt4/dziet4	
䲙	tsʲɛt4/tsiet4	
幯	tsʲɛt4/tsiet4	
𠬝	tsʲɛt4/tsiet4	
𧞛	tsʲɛt4/tsiet4	
血	xʲwɛt4/hyet4	
𥅧	xʲwɛt4/hyet4	
䆷	xʲwɛt4/hyet4	
䆝	xʲwɛt4/hyet4	
䦑	xʲwɛt4/hyet4	
泬	xʲwɛt4/hyet4	
疦	xʲwɛt4/hyet4	
疦	kʲwɛt4/kyet4	
瞲	xʲwɛt4/hyet4	
決	xʲwɛt4/hyet4	
決	kʲwɛt4/kyet4	
䛎	xʲwɛt4/hyet4	
䒸	xʲwɛt4/hyet4	
坹	xʲwɛt4/hyet4	
坹	ɣʲwɛt4/ɦyet4	
闋	kʲʰwɛt4/kʰyet4	
缺	kʲʰwɛt4/kʰyet4	
𨴒	kʲʰwɛt4/kʰyet4	
玦	kʲwɛt4/kyet4	
䀗	kʲwɛt4/kyet4	
譎	kʲwɛt4/kyet4	
訣	kʲwɛt4/kyet4	
𧤾	kʲwɛt4/kyet4	
觼	kʲwɛt4/kyet4	
鐍	kʲwɛt4/kyet4	
𦯊	kʲwɛt4/kyet4	
芵	kʲwɛt4/kyet4	
赽	kʲwɛt4/kyet4	
鴂	kʲwɛt4/kyet4	
鈌	kʲwɛt4/kyet4	
𣬎	kʲwɛt4/kyet4	
㭈	kʲwɛt4/kyet4	
蚗	kʲwɛt4/kyet4	
趹	kʲwɛt4/kyet4	
憰	kʲwɛt4/kyet4	
𧝃	kʲwɛt4/kyet4	
䏐	kʲwɛt4/kyet4	
抉	kʲwɛt4/kyet4	
抉	ʔʲwɛt4/ʔyet4	
穴	ɣʲwɛt4/ɦyet4	
䋉	ɣʲwɛt4/ɦyet4	
䆕	ʔʲwɛt4/ʔyet4	
妜	ʔʲwɛt4/ʔyet4	
𥈾	ʔʲwɛt4/ʔyet4	
䆢	ʔʲwɛt4/ʔyet4	
昳	dʲɛt4/diet4	
胅	dʲɛt4/diet4	
垤	dʲɛt4/diet4	
耋	dʲɛt4/diet4	
迭	dʲɛt4/diet4	
跌	dʲɛt4/diet4	
絰	dʲɛt4/diet4	
驖	dʲɛt4/diet4	
驖	tʲʰɛt4/tʰiet4	
嵽	dʲɛt4/diet4	
𨳺	dʲɛt4/diet4	
瓞	dʲɛt4/diet4	
戜	dʲɛt4/diet4	
苵	dʲɛt4/diet4	
镻	dʲɛt4/diet4	
𢲼	dʲɛt4/diet4	
恎	dʲɛt4/diet4	
𠽧	dʲɛt4/diet4	
𡼄	dʲɛt4/diet4	
𥑇	dʲɛt4/diet4	
趃	dʲɛt4/diet4	
㦅	dʲɛt4/diet4	
鐵	tʲʰɛt4/tʰiet4	
僣	tʲʰɛt4/tʰiet4	
餮	tʲʰɛt4/tʰiet4	
飻	tʲʰɛt4/tʰiet4	
蛈	tʲʰɛt4/tʰiet4	
𢶋	tʲʰɛt4/tʰiet4	
纈	ɣʲɛt4/ɦiet4	
擷	ɣʲɛt4/ɦiet4	
擷	xʲɛt4/hiet4	
𢴲	ɣʲɛt4/ɦiet4	
𢴲	xʲɛt4/hiet4	
頁	ɣʲɛt4/ɦiet4	
襭	ɣʲɛt4/ɦiet4	
𥊯	ɣʲɛt4/ɦiet4	
𧀺	ɣʲɛt4/ɦiet4	
𪕯	ɣʲɛt4/ɦiet4	
𪕯	ɣʲɛk4/ɦiek4	
翓	ɣʲɛt4/ɦiet4	
奊	ɣʲɛt4/ɦiet4	
籺	ɣʲɛt4/ɦiet4	
𨵪	ɣʲɛt4/ɦiet4	
𥢹	ɣʲɛt4/ɦiet4	
覈	ɣʲɛt4/ɦiet4	
覈	ʁɛk4/ɦɯɛk4	
涅	nʲɛt4/niet4	
捏	nʲɛt4/niet4	
𦯖	nʲɛt4/niet4	
㘿	nʲɛt4/niet4	
圼	nʲɛt4/niet4	
篞	nʲɛt4/niet4	
苶	nʲɛt4/niet4	
苶	ɲɛt4/ɲʒiet4	
苶	nʲɛp4/niep4	
𥔄	nʲɛt4/niet4	
𤶚	nʲɛt4/niet4	
㖏	nʲɛt4/niet4	
𦛠	nʲɛt4/niet4	
菍	nʲɛt4/niet4	
菍	nʲɛp4/niep4	
截	dzʲɛt4/dziet4	
蠞	dzʲɛt4/dziet4	
䕙	dzʲɛt4/dziet4	
𩟙	dzʲɛt4/dziet4	
齧	ŋʲɛt4/ŋiet4	
嵲	ŋʲɛt4/ŋiet4	
槷	ŋʲɛt4/ŋiet4	
臬	ŋʲɛt4/ŋiet4	
臲	ŋʲɛt4/ŋiet4	
陧	ŋʲɛt4/ŋiet4	
𡴎	ŋʲɛt4/ŋiet4	
𡴎	ŋˠɛt4/ŋɨet4	
闑	ŋʲɛt4/ŋiet4	
闑	ŋˠɛt4/ŋɨet4	
蔑	mʲɛt4/miet4	
懱	mʲɛt4/miet4	
𧂝	mʲɛt4/miet4	
蠛	mʲɛt4/miet4	
篾	mʲɛt4/miet4	
幭	mʲɛt4/miet4	
鱴	mʲɛt4/miet4	
𥾝	mʲɛt4/miet4	
衊	mʲɛt4/miet4	
䩏	mʲɛt4/miet4	
𤊾	mʲɛt4/miet4	
𪇴	mʲɛt4/miet4	
𥣫	mʲɛt4/miet4	
鴓	mʲɛt4/miet4	
𥸴	mʲɛt4/miet4	
𥌨	mʲɛt4/miet4	
㢼	pʲɛt4/piet4	
䋢	pʲɛt4/piet4	
䋢	pʲʰɛt4/pʰiet4	
𩋇	pʲɛt4/piet4	
𡘴	pʲɛt4/piet4	
䌘	pʲɛt4/piet4	
䘷	pʲɛt4/piet4	
㔡	pʲɛt4/piet4	
噎	ʔʲɛt4/ʔiet4	
䊦	ʔʲɛt4/ʔiet4	
蠮	ʔʲɛt4/ʔiet4	
𤝱	ʔʲɛt4/ʔiet4	
挈	kʲʰɛt4/kʰiet4	
㼤	kʲʰɛt4/kʰiet4	
蛪	kʲʰɛt4/kʰiet4	
䩤	xʲɛt4/hiet4	
褉	xʲɛt4/hiet4	
䙽	xʲɛt4/hiet4	
撆	pʲʰɛt4/pʰiet4	
𢠳	pʲʰɛt4/pʰiet4	
瞥	pʲʰɛt4/pʰiet4	
䭱	pʲʰɛt4/pʰiet4	
䭱	bʲɛt4/biet4	
嫳	pʲʰɛt4/pʰiet4	
䫾	pʲʰɛt4/pʰiet4	
䫾	pˠɨk4/pɨk4	
鐅	pʲʰɛt4/pʰiet4	
暼	pʲʰɛt4/pʰiet4	
蹩	bʲɛt4/biet4	
𢱧	bʲɛt4/biet4	
𩓝	bʲɛt4/biet4	
癟	bʲɛt4/biet4	
癟	pʲʰɛt4/pʰiet4	
䏟	bʲɛt4/biet4	
蛂	bʲɛt4/biet4	
𢛎	bʲɛt4/biet4	
襒	bʲɛt4/biet4	
𥉺	tʲɛt4/tiet4	
𨴗	tʲɛt4/tiet4	
𡇓	tʲɛt4/tiet4	
𥸸	lʲɛt4/liet4	
夨	lʲɛt4/liet4	
夨	tʂɨk4/tʂʅᵊk4	
薛	sʲɛt4/siet4	
紲	sʲɛt4/siet4	
緤	sʲɛt4/siet4	
褻	sʲɛt4/siet4	
辥	sʲɛt4/siet4	
渫	sʲɛt4/siet4	
渫	dʐap4/dʐɯap4	
禼	sʲɛt4/siet4	
𥝁	sʲɛt4/siet4	
媟	sʲɛt4/siet4	
齛	sʲɛt4/siet4	
𣽒	sʲɛt4/siet4	
暬	sʲɛt4/siet4	
暬	nʲɛp4/niep4	
絬	sʲɛt4/siet4	
疶	sʲɛt4/siet4	
迾	lˠɛt4/ɭiet4	
蛚	lˠɛt4/ɭiet4	
烈	lˠɛt4/ɭiet4	
冽	lˠɛt4/ɭiet4	
裂	lˠɛt4/ɭiet4	
茢	lˠɛt4/ɭiet4	
颲	lˠɛt4/ɭiet4	
鴷	lˠɛt4/ɭiet4	
㤠	lˠɛt4/ɭiet4	
挒	lˠɛt4/ɭiet4	
𡊻	lˠɛt4/ɭiet4	
姴	lˠɛt4/ɭiet4	
哲	ʈˠɛt4/ʈiet4	
悊	ʈˠɛt4/ʈiet4	
喆	ʈˠɛt4/ʈiet4	
嚞	ʈˠɛt4/ʈiet4	
蜇	ʈˠɛt4/ʈiet4	
傑	ɡˠɛt4/ɡɨet4	
桀	ɡˠɛt4/ɡɨet4	
榤	ɡˠɛt4/ɡɨet4	
嵥	ɡˠɛt4/ɡɨet4	
滐	ɡˠɛt4/ɡɨet4	
櫭	ɡˠɛt4/ɡɨet4	
杰	ɡˠɛt4/ɡɨet4	
搩	ɡˠɛt4/ɡɨet4	
熱	ɲɛt4/ɲʒiet4	
晣	tɕɛt4/tʃiet4	
浙	tɕɛt4/tʃiet4	
𩍕	tɕɛt4/tʃiet4	
䏳	tɕɛt4/tʃiet4	
揲	ʑɛt4/ʒiet4	
揲	jɛp4/jiep4	
揲	dʲɛp4/diep4	
蛥	ʑɛt4/ʒiet4	
孼	ŋˠɛt4/ŋɨet4	
糱	ŋˠɛt4/ŋɨet4	
𤅊	ŋˠɛt4/ŋɨet4	
蠥	ŋˠɛt4/ŋɨet4	
㜸	ŋˠɛt4/ŋɨet4	
滅	mʲɛt4/miet4	
搣	mʲɛt4/miet4	
朅	kˠʰɛt4/kʰɨet4	
藒	kˠʰɛt4/kʰɨet4	
𡐤	kˠʰɛt4/kʰɨet4	
鼈	pʲɛt4/piet4	
虌	pʲɛt4/piet4	
𡐞	pʲɛt4/piet4	
憋	pʲɛt4/piet4	
憋	pʲʰɛt4/pʰiet4	
䳤	pʲɛt4/piet4	
絕	dzʲwɛt4/dzyet4	
㔢	tsʲwɛt4/tsyet4	
𨼎	tsʲwɛt4/tsyet4	
雪	sʲwɛt4/syet4	
䨮	sʲwɛt4/syet4	
𤿫	ʈˠʰwɛt4/ʈʰyet4	
悅	jwɛt4/jyet4	
閱	jwɛt4/jyet4	
𧀲	jwɛt4/jyet4	
蒛	kʲʰwɛt4/kʰyet4	
爇	ɲwɛt4/ɲʒyet4	
焫	ɲwɛt4/ɲʒyet4	
㨎	ɲwɛt4/ɲʒyet4	
拙	tɕwɛt4/tʃyet4	
䫎	tɕwɛt4/tʃyet4	
䪼	tɕwɛt4/tʃyet4	
𨡸	tɕwɛt4/tʃyet4	
䖦	tɕwɛt4/tʃyet4	
歠	tɕʰwɛt4/tʃʰyet4	
惙	ʈˠwɛt4/ʈyet4	
罬	ʈˠwɛt4/ʈyet4	
罬	kˠwɛt4/kʉot4	
䟾	ʈˠwɛt4/ʈyet4	
𩋁	ʈˠwɛt4/ʈyet4	
叕	ʈˠwɛt4/ʈyet4	
𧖀	ʈˠwɛt4/ʈyet4	
劣	lˠwɛt4/ɭyet4	
𢚃	lˠwɛt4/ɭyet4	
埒	lˠwɛt4/ɭyet4	
䟹	lˠwɛt4/ɭyet4	
鋝	lˠwɛt4/ɭyet4	
浖	lˠwɛt4/ɭyet4	
哷	lˠwɛt4/ɭyet4	
𦓤	lˠwɛt4/ɭyet4	
別	bˠɛt4/bɨet4	
別	pˠɛt4/pɨet4	
𡷘	bˠɛt4/bɨet4	
轍	ɖˠɛt4/ɖiet4	
徹	ɖˠɛt4/ɖiet4	
徹	ʈˠʰɛt4/ʈʰiet4	
撤	ɖˠɛt4/ɖiet4	
撤	ʈˠʰɛt4/ʈʰiet4	
澈	ɖˠɛt4/ɖiet4	
㯙	ɖˠɛt4/ɖiet4	
䇷	pˠɛt4/pɨet4	
𧧸	pˠɛt4/pɨet4	
莂	pˠɛt4/pɨet4	
㕞	ʂwɛt4/ʂʯet4	
𠴪	ʂwɛt4/ʂʯet4	
孑	kʲɛt4/kiet4	
𨥂	kʲɛt4/kiet4	
設	ɕɛt4/ʃiet4	
蔎	ɕɛt4/ʃiet4	
吶	ɳˠwɛt4/ɳyet4	
𩖶	xʲwɛt4/hyet4	
𣧡	xʲwɛt4/hyet4	
烕	xʲwɛt4/hyet4	
𦐋	xʲwɛt4/hyet4	
吷	xʲwɛt4/hyet4	
𧣸	kˠwɛt4/kʉot4	
䞵	kˠwɛt4/kʉot4	
𥕹	tsʲʰwɛt4/tsʰyet4	
𧕾	tsʲɛt4/tsiet4	
䘁	tsʲɛt4/tsiet4	
𪇲	tsʲɛt4/tsiet4	
尐	tsʲɛt4/tsiet4	
𠯙	tsʲɛt4/tsiet4	
𠱝	ʔˠɛt4/ʔɨet4	
屮	ʈˠʰɛt4/ʈʰiet4	
硩	ʈˠʰɛt4/ʈʰiet4	
硩	tʲʰɛk4/tʰiek4	
䒆	ʈˠʰɛt4/ʈʰiet4	
焎	xˠɛt4/hɨet4	
㿱	zʲwɛt4/zyet4	
𧋍	zʲwɛt4/zyet4	
𨵊	dʐɛt4/dʐʅet4	
藥	jɑk4/jɨɔk4	
躍	jɑk4/jɨɔk4	
礿	jɑk4/jɨɔk4	
禴	jɑk4/jɨɔk4	
蘥	jɑk4/jɨɔk4	
鑰	jɑk4/jɨɔk4	
𩱲	jɑk4/jɨɔk4	
瀹	jɑk4/jɨɔk4	
𤅢	jɑk4/jɨɔk4	
𤄶	jɑk4/jɨɔk4	
爚	jɑk4/jɨɔk4	
爚	ɕɑk4/ʃɨɔk4	
櫟	jɑk4/jɨɔk4	
櫟	lʲɛk4/liek4	
龠	jɑk4/jɨɔk4	
䋤	jɑk4/jɨɔk4	
𠩃	jɑk4/jɨɔk4	
敫	jɑk4/jɨɔk4	
籥	jɑk4/jɨɔk4	
𢅹	jɑk4/jɨɔk4	
𧕋	jɑk4/jɨɔk4	
纅	jɑk4/jɨɔk4	
鸙	jɑk4/jɨɔk4	
㜰	jɑk4/jɨɔk4	
㜰	ɕɑk4/ʃɨɔk4	
𤒀	jɑk4/jɨɔk4	
䟑	jɑk4/jɨɔk4	
㿑	jɑk4/jɨɔk4	
𨷲	jɑk4/jɨɔk4	
䠯	jɑk4/jɨɔk4	
𨈋	jɑk4/jɨɔk4	
䖃	jɑk4/jɨɔk4	
略	lˠɑk4/ɭɨɔk4	
䌎	lˠɑk4/ɭɨɔk4	
擽	lˠɑk4/ɭɨɔk4	
擽	lʲɛk4/liek4	
㗉	lˠɑk4/ɭɨɔk4	
䂮	lˠɑk4/ɭɨɔk4	
𧎾	lˠɑk4/ɭɨɔk4	
䀩	lˠɑk4/ɭɨɔk4	
䀩	lɑk4/lɑk4	
䛚	lˠɑk4/ɭɨɔk4	
腳	kˠɑk4/kɨɔk4	
脚	kˠɑk4/kɨɔk4	
卻	kˠɑk4/kɨɔk4	
卻	kˠʰɑk4/kʰɨɔk4	
屩	kˠɑk4/kɨɔk4	
灼	tɕɑk4/tʃɨɔk4	
斫	tɕɑk4/tʃɨɔk4	
彴	tɕɑk4/tʃɨɔk4	
勺	tɕɑk4/tʃɨɔk4	
勺	ʑɑk4/ʒɨɔk4	
酌	tɕɑk4/tʃɨɔk4	
焯	tɕɑk4/tʃɨɔk4	
妁	tɕɑk4/tʃɨɔk4	
妁	ʑɑk4/ʒɨɔk4	
謶	tɕɑk4/tʃɨɔk4	
𥯩	tɕɑk4/tʃɨɔk4	
犳	tɕɑk4/tʃɨɔk4	
𧘑	tɕɑk4/tʃɨɔk4	
禚	tɕɑk4/tʃɨɔk4	
爍	ɕɑk4/ʃɨɔk4	
鑠	ɕɑk4/ʃɨɔk4	
獡	ɕɑk4/ʃɨɔk4	
䁻	ɕɑk4/ʃɨɔk4	
䟏	ɕɑk4/ʃɨɔk4	
䟏	lʲɛk4/liek4	
弱	ɲɑk4/ɲʒɨɔk4	
鄀	ɲɑk4/ɲʒɨɔk4	
箬	ɲɑk4/ɲʒɨɔk4	
蒻	ɲɑk4/ɲʒɨɔk4	
楉	ɲɑk4/ɲʒɨɔk4	
溺	ɲɑk4/ɲʒɨɔk4	
溺	nʲɛk4/niek4	
䐞	ɲɑk4/ɲʒɨɔk4	
叒	ɲɑk4/ɲʒɨɔk4	
𨀝	ɲɑk4/ɲʒɨɔk4	
綽	tɕʰɑk4/tʃʰɨɔk4	
繛	tɕʰɑk4/tʃʰɨɔk4	
婥	tɕʰɑk4/tʃʰɨɔk4	
却	kˠʰɑk4/kʰɨɔk4	
𤷽	kˠʰɑk4/kʰɨɔk4	
虐	ŋˠɑk4/ŋɨɔk4	
瘧	ŋˠɑk4/ŋɨɔk4	
仢	ʑɑk4/ʒɨɔk4	
㲋	ʈˠʰɑk4/ʈʰɨɔk4	
𤟭	ʈˠʰɑk4/ʈʰɨɔk4	
辵	ʈˠʰɑk4/ʈʰɨɔk4	
蠚	ʈˠʰɑk4/ʈʰɨɔk4	
蠚	χɑk4/hɑk4	
削	sʲɑk4/sɨɔk4	
爵	tsʲɑk4/tsɨɔk4	
𩰥	tsʲɑk4/tsɨɔk4	
雀	tsʲɑk4/tsɨɔk4	
㩱	tsʲɑk4/tsɨɔk4	
嚼	dzʲɑk4/dzɨɔk4	
鵲	tsʲʰɑk4/tsʰɨɔk4	
舄	tsʲʰɑk4/tsʰɨɔk4	
舄	sʲɛk4/siek4	
趞	tsʲʰɑk4/tsʰɨɔk4	
碏	tsʲʰɑk4/tsʰɨɔk4	
皵	tsʲʰɑk4/tsʰɨɔk4	
皵	tsʲʰɛk4/tsʰiek4	
踖	tsʲʰɑk4/tsʰɨɔk4	
踖	tsʲɛk4/tsiek4	
踖	dzʲɛk4/dziek4	
䇎	tsʲʰɑk4/tsʰɨɔk4	
䱜	tsʲʰɑk4/tsʰɨɔk4	
䱜	tsʰɑk4/tsʰɑk4	
噱	ɡˠɑk4/ɡɨɔk4	
𠊬	ɡˠɑk4/ɡɨɔk4	
𠊬	kˠʰɛk4/kʰɨek4	
𧍕	ɡˠɑk4/ɡɨɔk4	
𧍕	qʰwɛk4/kʰuɛk4	
𧮫	ɡˠɑk4/ɡɨɔk4	
𠶸	ɡˠɑk4/ɡɨɔk4	
𠶸	kˠʰɛk4/kʰɨek4	
臄	ɡˠɑk4/ɡɨɔk4	
䐘	ɡˠɑk4/ɡɨɔk4	
嬳	ʔˠwɑk4/ʔʉɔk4	
嬳	ʔwɑk4/ʔuɔk4	
𡤬	ʔˠwɑk4/ʔʉɔk4	
彠	ʔˠwɑk4/ʔʉɔk4	
彠	ʔwɛk4/ʔuɛk4	
彠	ʁwɛk4/ɦuɛk4	
臒	ʔˠwɑk4/ʔʉɔk4	
臒	ʔwɑk4/ʔuɔk4	
䂄	xˠwɑk4/hʉɔk4	
矆	xˠwɑk4/hʉɔk4	
彏	xˠwɑk4/hʉɔk4	
彏	kˠwɑk4/kʉɔk4	
戄	xˠwɑk4/hʉɔk4	
戄	ɡˠwɑk4/ɡʉɔk4	
籰	ɰwɑk4/ʉɔk4	
𧤽	ɰwɑk4/ʉɔk4	
𧅚	ɰwɑk4/ʉɔk4	
𥸘	ɰwɑk4/ʉɔk4	
䢲	ɰwɑk4/ʉɔk4	
玃	kˠwɑk4/kʉɔk4	
貜	kˠwɑk4/kʉɔk4	
貜	ɡˠwɑk4/ɡʉɔk4	
𧾵	kˠwɑk4/kʉɔk4	
𧾵	ɡˠwɑk4/ɡʉɔk4	
钁	kˠwɑk4/kʉɔk4	
攫	kˠwɑk4/kʉɔk4	
矍	kˠwɑk4/kʉɔk4	
𡚠	kˠwɑk4/kʉɔk4	
𡚠	ɡˠwɑk4/ɡʉɔk4	
躩	kˠwɑk4/kʉɔk4	
躩	kˠʰwɑk4/kʰʉɔk4	
𪈴	kˠwɑk4/kʉɔk4	
𨏹	kˠwɑk4/kʉɔk4	
𥗁	ʈˠɑk4/ʈɨɔk4	
櫡	ʈˠɑk4/ʈɨɔk4	
鐯	ʈˠɑk4/ʈɨɔk4	
𣃈	ʈˠɑk4/ʈɨɔk4	
擆	ʈˠɑk4/ʈɨɔk4	
𢖦	kˠʰwɑk4/kʰʉɔk4	
䣤	ɡˠwɑk4/ɡʉɔk4	
逽	ɳˠɑk4/ɳɨɔk4	
𨵫	ɳˠɑk4/ɳɨɔk4	
蹃	ɳˠɑk4/ɳɨɔk4	
蹃	ɳɛk4/ɳɯɛk4	
𩅿	fʰɑk4/pfʰuɔk4	
謔	xˠɑk4/hɨɔk4	
鐸	dɑk4/dɑk4	
剫	dɑk4/dɑk4	
𢜬	dɑk4/dɑk4	
踱	dɑk4/dɑk4	
凙	dɑk4/dɑk4	
襗	dɑk4/dɑk4	
襗	ɖɛk4/ɖɯɛk4	
襗	jɛk4/jiek4	
𩑒	dɑk4/dɑk4	
𩑒	ʈɛk4/ʈɯɛk4	
𩑒	ʈʰɛk4/ʈʰɯɛk4	
𧩧	dɑk4/dɑk4	
𩍜	dɑk4/dɑk4	
䐾	dɑk4/dɑk4	
㤞	dɑk4/dɑk4	
喥	dɑk4/dɑk4	
仛	dɑk4/dɑk4	
𨍏	dɑk4/dɑk4	
莫	mɑk4/muɔk4	
幕	mɑk4/muɔk4	
鄚	mɑk4/muɔk4	
鏌	mɑk4/muɔk4	
漠	mɑk4/muɔk4	
瘼	mɑk4/muɔk4	
寞	mɑk4/muɔk4	
瞙	mɑk4/muɔk4	
嗼	mɑk4/muɔk4	
嗼	mɛk4/muɛk4	
塻	mɑk4/muɔk4	
𣩎	mɑk4/muɔk4	
𢊗	mɑk4/muɔk4	
𡈗	mɑk4/muɔk4	
𠢓	mɑk4/muɔk4	
落	lɑk4/lɑk4	
絡	lɑk4/lɑk4	
烙	lɑk4/lɑk4	
洛	lɑk4/lɑk4	
珞	lɑk4/lɑk4	
酪	lɑk4/lɑk4	
𩂣	lɑk4/lɑk4	
笿	lɑk4/lɑk4	
硌	lɑk4/lɑk4	
駱	lɑk4/lɑk4	
𤽼	lɑk4/lɑk4	
𩊚	lɑk4/lɑk4	
㓢	lɑk4/lɑk4	
鉻	lɑk4/lɑk4	
鉻	qɛk4/kɯɛk4	
馲	lɑk4/lɑk4	
馲	tʰɑk4/tʰɑk4	
馲	ʈɛk4/ʈɯɛk4	
𩧐	lɑk4/lɑk4	
𩧐	tʰɑk4/tʰɑk4	
鮥	lɑk4/lɑk4	
䶅	lɑk4/lɑk4	
䶅	ʁɑk4/ɦɑk4	
雒	lɑk4/lɑk4	
𣛗	lɑk4/lɑk4	
𧭥	lɑk4/lɑk4	
躒	lɑk4/lɑk4	
躒	lʲɛk4/liek4	
鵅	lɑk4/lɑk4	
鵅	qɛk4/kɯɛk4	
𣧳	lɑk4/lɑk4	
𤽥	lɑk4/lɑk4	
挌	lɑk4/lɑk4	
挌	qɛk4/kɯɛk4	
𪇱	lɑk4/lɑk4	
袼	lɑk4/lɑk4	
袼	qɑk4/kɑk4	
𨏒	lɑk4/lɑk4	
託	tʰɑk4/tʰɑk4	
袥	tʰɑk4/tʰɑk4	
橐	tʰɑk4/tʰɑk4	
魠	tʰɑk4/tʰɑk4	
籜	tʰɑk4/tʰɑk4	
柝	tʰɑk4/tʰɑk4	
𣟄	tʰɑk4/tʰɑk4	
拓	tʰɑk4/tʰɑk4	
拓	tɕɛk4/tʃiek4	
跅	tʰɑk4/tʰɑk4	
蘀	tʰɑk4/tʰɑk4	
𦚈	tʰɑk4/tʰɑk4	
侂	tʰɑk4/tʰɑk4	
飥	tʰɑk4/tʰɑk4	
魄	tʰɑk4/tʰɑk4	
魄	pʰɛk4/pʰuɛk4	
沰	tʰɑk4/tʰɑk4	
矺	tʰɑk4/tʰɑk4	
矺	ʈɛk4/ʈɯɛk4	
矺	tɑp4/tɑp4	
迮	tsɑk4/tsɑk4	
迮	tʂɛk4/tʂɯɛk4	
柞	tsɑk4/tsɑk4	
柞	dzɑk4/dzɑk4	
糳	tsɑk4/tsɑk4	
㘀	tsɑk4/tsɑk4	
㘀	tswɑk4/tsuɔk4	
逪	tsʰɑk4/tsʰɑk4	
剒	tsʰɑk4/tsʰɑk4	
莡	tsʰɑk4/tsʰɑk4	
各	qɑk4/kɑk4	
閣	qɑk4/kɑk4	
格	qɑk4/kɑk4	
格	qɛk4/kɯɛk4	
胳	qɑk4/kɑk4	
恪	qʰɑk4/kʰɑk4	
㤩	qʰɑk4/kʰɑk4	
愙	qʰɑk4/kʰɑk4	
咢	ɴɑk4/ŋɑk4	
愕	ɴɑk4/ŋɑk4	
鄂	ɴɑk4/ŋɑk4	
諤	ɴɑk4/ŋɑk4	
𠟎	ɴɑk4/ŋɑk4	
𧊜	ɴɑk4/ŋɑk4	
𧍞	ɴɑk4/ŋɑk4	
遌	ɴɑk4/ŋɑk4	
萼	ɴɑk4/ŋɑk4	
鍔	ɴɑk4/ŋɑk4	
𡅡	ɴɑk4/ŋɑk4	
崿	ɴɑk4/ŋɑk4	
鶚	ɴɑk4/ŋɑk4	
鰐	ɴɑk4/ŋɑk4	
噩	ɴɑk4/ŋɑk4	
㗁	ɴɑk4/ŋɑk4	
齶	ɴɑk4/ŋɑk4	
顎	ɴɑk4/ŋɑk4	
𡾙	ɴɑk4/ŋɑk4	
鑩	ɴɑk4/ŋɑk4	
偔	ɴɑk4/ŋɑk4	
堮	ɴɑk4/ŋɑk4	
𡓐	ɴɑk4/ŋɑk4	
㮙	ɴɑk4/ŋɑk4	
湂	ɴɑk4/ŋɑk4	
𩔈	pʰɑk4/pʰuɔk4	
奤	pʰɑk4/pʰuɔk4	
䨰	pʰɑk4/pʰuɔk4	
粕	pʰɑk4/pʰuɔk4	
膊	pʰɑk4/pʰuɔk4	
𦢸	pʰɑk4/pʰuɔk4	
䪙	pʰɑk4/pʰuɔk4	
胉	pʰɑk4/pʰuɔk4	
蒪	pʰɑk4/pʰuɔk4	
𥴮	pʰɑk4/pʰuɔk4	
𥴮	pɑk4/puɔk4	
𦿍	pʰɑk4/pʰuɔk4	
𦥭	pʰɑk4/pʰuɔk4	
𦐦	pʰɑk4/pʰuɔk4	
𢙣	ʔɑk4/ʔɑk4	
堊	ʔɑk4/ʔɑk4	
蝁	ʔɑk4/ʔɑk4	
泊	bɑk4/buɔk4	
亳	bɑk4/buɔk4	
箔	bɑk4/buɔk4	
薄	bɑk4/buɔk4	
礴	bɑk4/buɔk4	
𩍿	bɑk4/buɔk4	
鑮	bɑk4/buɔk4	
鑮	pɑk4/puɔk4	
踄	bɑk4/buɔk4	
𩽛	bɑk4/buɔk4	
䭦	bɑk4/buɔk4	
壑	χɑk4/hɑk4	
㕡	χɑk4/hɑk4	
郝	χɑk4/hɑk4	
郝	ɕɛk4/ʃiek4	
郝	tɕʰɛk4/tʃʰiek4	
矐	χɑk4/hɑk4	
矐	χwɑk4/huɔk4	
索	sɑk4/sɑk4	
索	ʂɛk4/ʂɯɛk4	
𢱢	sɑk4/sɑk4	
溹	sɑk4/sɑk4	
溹	ʂɛk4/ʂɯɛk4	
𩌈	sɑk4/sɑk4	
𦵫	sɑk4/sɑk4	
㮦	sɑk4/sɑk4	
涸	ʁɑk4/ɦɑk4	
鶴	ʁɑk4/ɦɑk4	
貈	ʁɑk4/ɦɑk4	
貉	ʁɑk4/ɦɑk4	
貉	mɛk4/muɛk4	
狢	ʁɑk4/ɦɑk4	
𠗂	ʁɑk4/ɦɑk4	
佫	ʁɑk4/ɦɑk4	
䅂	ʁɑk4/ɦɑk4	
昨	dzɑk4/dzɑk4	
酢	dzɑk4/dzɑk4	
莋	dzɑk4/dzɑk4	
怍	dzɑk4/dzɑk4	
𣫞	dzɑk4/dzɑk4	
筰	dzɑk4/dzɑk4	
㸲	dzɑk4/dzɑk4	
岝	dzɑk4/dzɑk4	
岝	dʐɛk4/dʐɯɛk4	
䣢	dzɑk4/dzɑk4	
䣢	dzʲɛk4/dziek4	
𦁎	dzɑk4/dzɑk4	
𢂃	dzɑk4/dzɑk4	
䋏	dzɑk4/dzɑk4	
砟	dzɑk4/dzɑk4	
葃	dzɑk4/dzɑk4	
葃	dʐɛk4/dʐɯɛk4	
葃	dzʲɛk4/dziek4	
鈼	dzɑk4/dzɑk4	
博	pɑk4/puɔk4	
髆	pɑk4/puɔk4	
鎛	pɑk4/puɔk4	
㗘	pɑk4/puɔk4	
𪙍	pɑk4/puɔk4	
簙	pɑk4/puɔk4	
䗚	pɑk4/puɔk4	
猼	pɑk4/puɔk4	
䍸	pɑk4/puɔk4	
欂	pɑk4/puɔk4	
欂	bˠɛk4/bɨek4	
欂	bɛk4/buɛk4	
䶈	pɑk4/puɔk4	
餺	pɑk4/puɔk4	
䙏	pɑk4/puɔk4	
諾	nɑk4/nɑk4	
霍	χwɑk4/huɔk4	
霩	χwɑk4/huɔk4	
䁨	χwɑk4/huɔk4	
藿	χwɑk4/huɔk4	
彉	χwɑk4/huɔk4	
彉	qwɑk4/kuɔk4	
彍	χwɑk4/huɔk4	
彍	qwɑk4/kuɔk4	
攉	χwɑk4/huɔk4	
瀖	χwɑk4/huɔk4	
劐	χwɑk4/huɔk4	
癨	χwɑk4/huɔk4	
郭	qwɑk4/kuɔk4	
𩫏	qwɑk4/kuɔk4	
𨟍	qwɑk4/kuɔk4	
崞	qwɑk4/kuɔk4	
椁	qwɑk4/kuɔk4	
槨	qwɑk4/kuɔk4	
𦘅	qwɑk4/kuɔk4	
雘	ʔwɑk4/ʔuɔk4	
蠖	ʔwɑk4/ʔuɔk4	
𩟓	ʔwɑk4/ʔuɔk4	
鸌	ʔwɑk4/ʔuɔk4	
穫	ʁwɑk4/ɦuɔk4	
鑊	ʁwɑk4/ɦuɔk4	
㦜	ʁwɑk4/ɦuɔk4	
𤐰	ʁwɑk4/ɦuɔk4	
䨥	ʁwɑk4/ɦuɔk4	
䨥	tɕɛk4/tʃiek4	
𤻙	ʁwɑk4/ɦuɔk4	
𢋒	ʁwɑk4/ɦuɔk4	
廓	qʰwɑk4/kʰuɔk4	
鞹	qʰwɑk4/kʰuɔk4	
漷	qʰwɑk4/kʰuɔk4	
漷	χwɛk4/huɛk4	
𠠎	qʰwɑk4/kʰuɔk4	
𠠎	qʰwɛk4/kʰuɛk4	
籗	qʰwɑk4/kʰuɔk4	
瓁	ɴwɑk4/ŋuɔk4	
硦	lwɑk4/luɔk4	
陌	mɛk4/muɛk4	
帞	mɛk4/muɛk4	
袹	mɛk4/muɛk4	
𡠜	mɛk4/muɛk4	
𡖶	mɛk4/muɛk4	
貘	mɛk4/muɛk4	
蛨	mɛk4/muɛk4	
貊	mɛk4/muɛk4	
佰	mɛk4/muɛk4	
驀	mɛk4/muɛk4	
㹮	mɛk4/muɛk4	
𩢷	mɛk4/muɛk4	
洦	mɛk4/muɛk4	
洦	pʰɛk4/pʰuɛk4	
𢫦	mɛk4/muɛk4	
𧻙	mɛk4/muɛk4	
𧻙	pʰɛk4/pʰuɛk4	
銆	mɛk4/muɛk4	
磔	ʈɛk4/ʈɯɛk4	
虴	ʈɛk4/ʈɯɛk4	
舴	ʈɛk4/ʈɯɛk4	
舴	tʂɛk4/tʂɯɛk4	
𤜤	ʈɛk4/ʈɯɛk4	
𪄱	ʈɛk4/ʈɯɛk4	
𪄱	tʲɛk4/tiek4	
𪐏	ʈɛk4/ʈɯɛk4	
𪐏	ʈˠɛk4/ʈiek4	
嫡	ʈɛk4/ʈɯɛk4	
嫡	tʲɛk4/tiek4	
𥧮	ʈɛk4/ʈɯɛk4	
杔	ʈɛk4/ʈɯɛk4	
白	bɛk4/buɛk4	
帛	bɛk4/buɛk4	
舶	bɛk4/buɛk4	
鮊	bɛk4/buɛk4	
𦰬	bɛk4/buɛk4	
伯	pɛk4/puɛk4	
迫	pɛk4/puɛk4	
敀	pɛk4/puɛk4	
敀	pʰɛk4/pʰuɛk4	
百	pɛk4/puɛk4	
柏	pɛk4/puɛk4	
湐	pɛk4/puɛk4	
𦯉	pɛk4/puɛk4	
㼟	pɛk4/puɛk4	
劇	ɡˠɛk4/ɡɨek4	
屐	ɡˠɛk4/ɡɨek4	
𨍺	ɡˠɛk4/ɡɨek4	
谻	ɡˠɛk4/ɡɨek4	
谻	kˠɛk4/kɨek4	
𢜭	ɡˠɛk4/ɡɨek4	
𢜭	kˠɛk4/kɨek4	
㘌	ɡˠɛk4/ɡɨek4	
戟	kˠɛk4/kɨek4	
撠	kˠɛk4/kɨek4	
𦻝	kˠɛk4/kɨek4	
𤜾	kˠɛk4/kɨek4	
丮	kˠɛk4/kɨek4	
𩯋	kˠɛk4/kɨek4	
𡩡	ʂɛk4/ʂɯɛk4	
䞽	ʂɛk4/ʂɯɛk4	
𥻨	ʂɛk4/ʂɯɛk4	
䜺	tʂʰɛk4/tʂʰɯɛk4	
嚄	ʁwɛk4/ɦuɛk4	
𡄴	ʁwɛk4/ɦuɛk4	
嘖	tʂɛk4/tʂɯɛk4	
嘖	dʐɛk4/dʐɯɛk4	
窄	tʂɛk4/tʂɯɛk4	
蚱	tʂɛk4/tʂɯɛk4	
齚	dʐɛk4/dʐɯɛk4	
泎	dʐɛk4/dʐɯɛk4	
隙	kˠʰɛk4/kʰɨek4	
郤	kˠʰɛk4/kʰɨek4	
綌	kˠʰɛk4/kʰɨek4	
𧯈	kˠʰɛk4/kʰɨek4	
𡭴	kˠʰɛk4/kʰɨek4	
額	ɴɛk4/ŋɯɛk4	
頟	ɴɛk4/ŋɯɛk4	
䱮	ɴɛk4/ŋɯɛk4	
峉	ɴɛk4/ŋɯɛk4	
詻	ɴɛk4/ŋɯɛk4	
䩹	ɴɛk4/ŋɯɛk4	
逆	ŋˠɛk4/ŋɨek4	
屰	ŋˠɛk4/ŋɨek4	
縌	ŋˠɛk4/ŋɨek4	
㘙	ŋˠɛk4/ŋɨek4	
𥿬	ŋˠɛk4/ŋɨek4	
𠱘	ŋˠɛk4/ŋɨek4	
客	qʰɛk4/kʰɯɛk4	
喀	qʰɛk4/kʰɯɛk4	
礊	qʰɛk4/kʰɯɛk4	
礊	χwɛk4/huɛk4	
揢	qʰɛk4/kʰɯɛk4	
𩚬	ʔɛk4/ʔɯɛk4	
虩	xˠɛk4/hɨek4	
虩	ʂɛk4/ʂɯɛk4	
坼	ʈʰɛk4/ʈʰɯɛk4	
㿭	ʈʰɛk4/ʈʰɯɛk4	
𤖴	ʈʰɛk4/ʈʰɯɛk4	
𩎚	ʈʰɛk4/ʈʰɯɛk4	
䪝	ʔwɛk4/ʔuɛk4	
拍	pʰɛk4/pʰuɛk4	
珀	pʰɛk4/pʰuɛk4	
𤖼	pʰɛk4/pʰuɛk4	
赫	χɛk4/hɯɛk4	
爀	χɛk4/hɯɛk4	
𢅰	χɛk4/hɯɛk4	
𥋿	χɛk4/hɯɛk4	
垎	ʁɛk4/ɦɯɛk4	
䞦	ʁɛk4/ɦɯɛk4	
楁	ʁɛk4/ɦɯɛk4	
𨍇	ʁɛk4/ɦɯɛk4	
𢓜	qɛk4/kɯɛk4	
茖	qɛk4/kɯɛk4	
骼	qɛk4/kɯɛk4	
觡	qɛk4/kɯɛk4	
𩹺	qɛk4/kɯɛk4	
㦴	qɛk4/kɯɛk4	
蛒	qɛk4/kɯɛk4	
𪌣	qɛk4/kɯɛk4	
𢼛	qɛk4/kɯɛk4	
𢼛	qwɛk4/kuɛk4	
𩹿	qɛk4/kɯɛk4	
謋	χwɛk4/huɛk4	
諕	χwɛk4/huɛk4	
砉	χwɛk4/huɛk4	
砉	xʲwɛk4/hyek4	
𦒧	χwɛk4/huɛk4	
湱	χwɛk4/huɛk4	
硅	χwɛk4/huɛk4	
𢝇	χwɛk4/huɛk4	
宅	ɖɛk4/ɖɯɛk4	
㡯	ɖɛk4/ɖɯɛk4	
擇	ɖɛk4/ɖɯɛk4	
澤	ɖɛk4/ɖɯɛk4	
𪀥	ɖɛk4/ɖɯɛk4	
翟	ɖɛk4/ɖɯɛk4	
翟	dʲɛk4/diek4	
䕪	ɖɛk4/ɖɯɛk4	
檡	ɖɛk4/ɖɯɛk4	
檡	ɕɛk4/ʃiek4	
鸅	ɖɛk4/ɖɯɛk4	
𩏪	ɖɛk4/ɖɯɛk4	
蠌	ɖɛk4/ɖɯɛk4	
𤂥	ɖɛk4/ɖɯɛk4	
虢	qwɛk4/kuɛk4	
㶁	qwɛk4/kuɛk4	
𧭣	qwɛk4/kuɛk4	
㠛	ʔwɛk4/ʔuɛk4	
𣝍	bˠɛk4/bɨek4	
麥	mɛk4/muɛk4	
𧖴	mɛk4/muɛk4	
脉	mɛk4/muɛk4	
衇	mɛk4/muɛk4	
霢	mɛk4/muɛk4	
眽	mɛk4/muɛk4	
覛	mɛk4/muɛk4	
覛	mʲɛk4/miek4	
𧡒	mɛk4/muɛk4	
獲	ʁwɛk4/ɦuɛk4	
嫿	ʁwɛk4/ɦuɛk4	
劃	ʁwɛk4/ɦuɛk4	
劃	χwɛk4/huɛk4	
㗲	ʁwɛk4/ɦuɛk4	
咟	ʁwɛk4/ɦuɛk4	
蟈	qwɛk4/kuɛk4	
馘	qwɛk4/kuɛk4	
聝	qwɛk4/kuɛk4	
膕	qwɛk4/kuɛk4	
𩪐	qwɛk4/kuɛk4	
摑	qwɛk4/kuɛk4	
漍	qwɛk4/kuɛk4	
𢹖	qwɛk4/kuɛk4	
䂸	qwɛk4/kuɛk4	
嘓	qwɛk4/kuɛk4	
䬎	qwɛk4/kuɛk4	
𧖻	qwɛk4/kuɛk4	
檗	pɛk4/puɛk4	
擘	pɛk4/puɛk4	
𤖟	pɛk4/puɛk4	
糪	pɛk4/puɛk4	
糪	pʰɛk4/pʰuɛk4	
䌟	bɛk4/buɛk4	
繴	bɛk4/buɛk4	
繴	pʲɛk4/piek4	
𦌠	bɛk4/buɛk4	
賾	dʐɛk4/dʐɯɛk4	
鰿	dʐɛk4/dʐɯɛk4	
鰿	tsʲɛk4/tsiek4	
㣱	dʐɛk4/dʐɯɛk4	
矠	dʐɛk4/dʐɯɛk4	
矠	tʂʰɛk4/tʂʰɯɛk4	
責	tʂɛk4/tʂɯɛk4	
𩔳	tʂɛk4/tʂɯɛk4	
簀	tʂɛk4/tʂɯɛk4	
幘	tʂɛk4/tʂɯɛk4	
謮	tʂɛk4/tʂɯɛk4	
𧐐	tʂɛk4/tʂɯɛk4	
𧐐	tsʲɛk4/tsiek4	
𦟜	tʂɛk4/tʂɯɛk4	
嫧	tʂɛk4/tʂɯɛk4	
嫧	tʂʰɛk4/tʂʰɯɛk4	
嫧	tsʲʰɛk4/tsʰiek4	
䞰	dʐwɛk4/dʐuɛk4	
䟄	dʐwɛk4/dʐuɛk4	
䟄	tsʲʰɛk4/tsʰiek4	
策	tʂʰɛk4/tʂʰɯɛk4	
冊	tʂʰɛk4/tʂʰɯɛk4	
笧	tʂʰɛk4/tʂʰɯɛk4	
䶦	tʂʰɛk4/tʂʰɯɛk4	
筴	tʂʰɛk4/tʂʰɯɛk4	
筴	kʲɛp4/kiep4	
筴	qap4/kɯap4	
𣌧	tʂʰɛk4/tʂʰɯɛk4	
憡	tʂʰɛk4/tʂʰɯɛk4	
皟	tʂʰɛk4/tʂʰɯɛk4	
㥽	tʂʰɛk4/tʂʰɯɛk4	
𧶷	tʂʰɛk4/tʂʰɯɛk4	
拺	tʂʰɛk4/tʂʰɯɛk4	
拺	ʂɛk4/ʂɯɛk4	
𩱘	qʰɛk4/kʰɯɛk4	
䙐	qʰɛk4/kʰɯɛk4	
緙	qʰɛk4/kʰɯɛk4	
諽	qʰɛk4/kʰɯɛk4	
諽	qɛk4/kɯɛk4	
剨	χwɛk4/huɛk4	
𦑌	χwɛk4/huɛk4	
𦑌	xˠwɨk4/hʉik4	
㦎	χwɛk4/huɛk4	
捇	χwɛk4/huɛk4	
掝	χwɛk4/huɛk4	
㖪	χwɛk4/huɛk4	
䐸	χwɛk4/huɛk4	
焃	χwɛk4/huɛk4	
㩇	χwɛk4/huɛk4	
㩇	ʁwɛk4/ɦuɛk4	
𢄶	χwɛk4/huɛk4	
𨐶	χwɛk4/huɛk4	
𥊮	χwɛk4/huɛk4	
𤷇	χwɛk4/huɛk4	
𤷇	xˠwɨk4/hʉik4	
䦝	χwɛk4/huɛk4	
𤁹	χwɛk4/huɛk4	
䬉	χwɛk4/huɛk4	
𠜻	χwɛk4/huɛk4	
䃒	ʁɛk4/ɦɯɛk4	
翮	ʁɛk4/ɦɯɛk4	
㮝	ʁɛk4/ɦɯɛk4	
核	ʁɛk4/ɦɯɛk4	
𤈧	ʁɛk4/ɦɯɛk4	
滆	ʁɛk4/ɦɯɛk4	
蒚	ʁɛk4/ɦɯɛk4	
蒚	lʲɛk4/liek4	
隔	qɛk4/kɯɛk4	
膈	qɛk4/kɯɛk4	
搹	qɛk4/kɯɛk4	
鬲	qɛk4/kɯɛk4	
鬲	lʲɛk4/liek4	
槅	qɛk4/kɯɛk4	
革	qɛk4/kɯɛk4	
𥴩	qɛk4/kɯɛk4	
𢡍	qɛk4/kɯɛk4	
䪂	qɛk4/kɯɛk4	
𧈑	qɛk4/kɯɛk4	
䨣	qɛk4/kɯɛk4	
𥉅	qɛk4/kɯɛk4	
𦑜	qɛk4/kɯɛk4	
嗝	qɛk4/kɯɛk4	
摘	ʈɛk4/ʈɯɛk4	
摘	tʲʰɛk4/tʰiek4	
謫	ʈɛk4/ʈɯɛk4	
讁	ʈɛk4/ʈɯɛk4	
𤟍	ʈɛk4/ʈɯɛk4	
棏	ʈɛk4/ʈɯɛk4	
棏	dɨk4/dək4	
𡇠	ʈɛk4/ʈɯɛk4	
䊞	ʈɛk4/ʈɯɛk4	
厇	ʈɛk4/ʈɯɛk4	
戹	ʔɛk4/ʔɯɛk4	
厄	ʔɛk4/ʔɯɛk4	
搤	ʔɛk4/ʔɯɛk4	
㧖	ʔɛk4/ʔɯɛk4	
軶	ʔɛk4/ʔɯɛk4	
豟	ʔɛk4/ʔɯɛk4	
𪕶	ʔɛk4/ʔɯɛk4	
𪕶	ʔʲɛk4/ʔiek4	
貖	ʔɛk4/ʔɯɛk4	
蚅	ʔɛk4/ʔɯɛk4	
𧠞	ʔɛk4/ʔɯɛk4	
栜	ʂɛk4/ʂɯɛk4	
𣽤	ʂɛk4/ʂɯɛk4	
㾊	ʂɛk4/ʂɯɛk4	
䨛	ʂɛk4/ʂɯɛk4	
擌	ʂɛk4/ʂɯɛk4	
𩊯	ʂɛk4/ʂɯɛk4	
𢶉	pʰɛk4/pʰuɛk4	
虉	ɴɛk4/ŋɯɛk4	
虉	ŋʲɛk4/ŋiek4	
㣂	ɴɛk4/ŋɯɛk4	
𥖪	lɛk4/ɭɯɛk4	
𢷾	ʂwɛk4/ʂuɛk4	
𧾛	ɡˠwɛk4/ɡʉek4	
䭆	ɳɛk4/ɳɯɛk4	
昔	sʲɛk4/siek4	
𦠡	sʲɛk4/siek4	
腊	sʲɛk4/siek4	
惜	sʲɛk4/siek4	
潟	sʲɛk4/siek4	
磶	sʲɛk4/siek4	
𩍆	sʲɛk4/siek4	
蕮	sʲɛk4/siek4	
鬄	sʲɛk4/siek4	
䯜	sʲɛk4/siek4	
䯜	tʲʰɛk4/tʰiek4	
𩾼	sʲɛk4/siek4	
焟	sʲɛk4/siek4	
棤	sʲɛk4/siek4	
脊	tsʲɛk4/tsiek4	
蹐	tsʲɛk4/tsiek4	
迹	tsʲɛk4/tsiek4	
跡	tsʲɛk4/tsiek4	
𨒪	tsʲɛk4/tsiek4	
𪃹	tsʲɛk4/tsiek4	
𪃹	tsʲɨk4/tsik4	
𩺀	tsʲɛk4/tsiek4	
鯽	tsʲɛk4/tsiek4	
鯽	tsʲɨk4/tsik4	
蹟	tsʲɛk4/tsiek4	
襀	tsʲɛk4/tsiek4	
庴	tsʲɛk4/tsiek4	
庴	dzʲɛk4/dziek4	
益	ʔʲɛk4/ʔiek4	
嗌	ʔʲɛk4/ʔiek4	
𨜶	ʔʲɛk4/ʔiek4	
膉	ʔʲɛk4/ʔiek4	
𦶩	ʔʲɛk4/ʔiek4	
繹	jɛk4/jiek4	
睪	jɛk4/jiek4	
睪	ɳˠɛp4/ɳiep4	
亦	jɛk4/jiek4	
弈	jɛk4/jiek4	
奕	jɛk4/jiek4	
帟	jɛk4/jiek4	
譯	jɛk4/jiek4	
懌	jɛk4/jiek4	
驛	jɛk4/jiek4	
嶧	jɛk4/jiek4	
醳	jɛk4/jiek4	
腋	jɛk4/jiek4	
掖	jɛk4/jiek4	
䘸	jɛk4/jiek4	
䘸	tɕɛk4/tʃiek4	
液	jɛk4/jiek4	
痬	jɛk4/jiek4	
蜴	jɛk4/jiek4	
埸	jɛk4/jiek4	
圛	jɛk4/jiek4	
墿	jɛk4/jiek4	
焲	jɛk4/jiek4	
𥜃	jɛk4/jiek4	
㴒	jɛk4/jiek4	
燡	jɛk4/jiek4	
𦔥	jɛk4/jiek4	
𦔥	ɕɛk4/ʃiek4	
𡱿	jɛk4/jiek4	
㘁	jɛk4/jiek4	
𤑹	jɛk4/jiek4	
𠓋	jɛk4/jiek4	
釋	ɕɛk4/ʃiek4	
𥼶	ɕɛk4/ʃiek4	
適	ɕɛk4/ʃiek4	
適	tɕɛk4/tʃiek4	
適	tʲɛk4/tiek4	
奭	ɕɛk4/ʃiek4	
睗	ɕɛk4/ʃiek4	
晹	ɕɛk4/ʃiek4	
𡣪	ɕɛk4/ʃiek4	
螫	ɕɛk4/ʃiek4	
𩮜	ɕɛk4/ʃiek4	
𩮜	tʲʰɛk4/tʰiek4	
冟	ɕɛk4/ʃiek4	
䁺	ɕɛk4/ʃiek4	
襫	ɕɛk4/ʃiek4	
尺	tɕʰɛk4/tʃʰiek4	
赤	tɕʰɛk4/tʃʰiek4	
烾	tɕʰɛk4/tʃʰiek4	
蚇	tɕʰɛk4/tʃʰiek4	
㡿	tɕʰɛk4/tʃʰiek4	
𠧚	tɕʰɛk4/tʃʰiek4	
𠧵	tɕʰɛk4/tʃʰiek4	
石	ʑɛk4/ʒiek4	
碩	ʑɛk4/ʒiek4	
祏	ʑɛk4/ʒiek4	
鉐	ʑɛk4/ʒiek4	
䄷	ʑɛk4/ʒiek4	
鼫	ʑɛk4/ʒiek4	
䲽	ʑɛk4/ʒiek4	
隻	tɕɛk4/tʃiek4	
墌	tɕɛk4/tʃiek4	
摭	tɕɛk4/tʃiek4	
蹠	tɕɛk4/tʃiek4	
跖	tɕɛk4/tʃiek4	
䞠	tɕɛk4/tʃiek4	
𠪮	tɕɛk4/tʃiek4	
擲	ɖˠɛk4/ɖiek4	
擿	ɖˠɛk4/ɖiek4	
䵂	ɖˠɛk4/ɖiek4	
䵂	dʲɛk4/diek4	
躑	ɖˠɛk4/ɖiek4	
蹢	ɖˠɛk4/ɖiek4	
蹢	tʲɛk4/tiek4	
𧓸	ɖˠɛk4/ɖiek4	
磧	tsʲʰɛk4/tsʰiek4	
𧻕	tsʲʰɛk4/tsʰiek4	
洓	tsʲʰɛk4/tsʰiek4	
𧙞	tsʲʰɛk4/tsʰiek4	
席	zʲɛk4/ziek4	
夕	zʲɛk4/ziek4	
穸	zʲɛk4/ziek4	
汐	zʲɛk4/ziek4	
𨛳	zʲɛk4/ziek4	
蓆	zʲɛk4/ziek4	
籍	dzʲɛk4/dziek4	
𨆮	dzʲɛk4/dziek4	
耤	dzʲɛk4/dziek4	
塉	dzʲɛk4/dziek4	
瘠	dzʲɛk4/dziek4	
猎	dzʲɛk4/dziek4	
膌	dzʲɛk4/dziek4	
擗	bʲɛk4/biek4	
躄	bʲɛk4/biek4	
躄	pʲɛk4/piek4	
闢	bʲɛk4/biek4	
辟	bʲɛk4/biek4	
辟	pʲɛk4/piek4	
辟	pʲʰɛk4/pʰiek4	
㱸	bʲɛk4/biek4	
𩪧	bʲɛk4/biek4	
萆	bʲɛk4/biek4	
𣮐	bʲɛk4/biek4	
役	jwɛk4/jyek4	
疫	jwɛk4/jyek4	
𩷍	jwɛk4/jyek4	
垼	jwɛk4/jyek4	
炈	jwɛk4/jyek4	
𪁛	jwɛk4/jyek4	
鈠	jwɛk4/jyek4	
𩂹	jwɛk4/jyek4	
豛	jwɛk4/jyek4	
𧈻	jwɛk4/jyek4	
瞁	xʲwɛk4/hyek4	
𥆛	xʲwɛk4/hyek4	
璧	pʲɛk4/piek4	
鐴	pʲɛk4/piek4	
𣦢	pʲɛk4/piek4	
襞	pʲɛk4/piek4	
𨐨	pʲɛk4/piek4	
僻	pʲʰɛk4/pʰiek4	
癖	pʲʰɛk4/pʰiek4	
廦	pʲʰɛk4/pʰiek4	
廦	pʲɛk4/piek4	
碧	pˠɛk4/pɨek4	
彳	ʈˠʰɛk4/ʈʰiek4	
𤭏	ʈˠʰɛk4/ʈʰiek4	
𦳮	tɕwɛk4/tʃyek4	
𢔠	xʲwɛk4/hyek4	
錫	sʲɛk4/siek4	
析	sʲɛk4/siek4	
㭊	sʲɛk4/siek4	
裼	sʲɛk4/siek4	
皙	sʲɛk4/siek4	
緆	sʲɛk4/siek4	
𪎥	sʲɛk4/siek4	
蜥	sʲɛk4/siek4	
淅	sʲɛk4/siek4	
惁	sʲɛk4/siek4	
𧊸	sʲɛk4/siek4	
㱤	sʲɛk4/siek4	
擊	kʲɛk4/kiek4	
墼	kʲɛk4/kiek4	
𦼷	kʲɛk4/kiek4	
𡫀	kʲɛk4/kiek4	
霹	pʲʰɛk4/pʰiek4	
劈	pʲʰɛk4/pʰiek4	
澼	pʲʰɛk4/pʰiek4	
憵	pʲʰɛk4/pʰiek4	
䤨	pʲʰɛk4/pʰiek4	
靂	lʲɛk4/liek4	
䟐	lʲɛk4/liek4	
癧	lʲɛk4/liek4	
鎘	lʲɛk4/liek4	
䥶	lʲɛk4/liek4	
礫	lʲɛk4/liek4	
瓅	lʲɛk4/liek4	
秝	lʲɛk4/liek4	
櫪	lʲɛk4/liek4	
䍽	lʲɛk4/liek4	
𩽏	lʲɛk4/liek4	
歷	lʲɛk4/liek4	
曆	lʲɛk4/liek4	
藶	lʲɛk4/liek4	
瀝	lʲɛk4/liek4	
磿	lʲɛk4/liek4	
㽁	lʲɛk4/liek4	
皪	lʲɛk4/liek4	
𥌮	lʲɛk4/liek4	
䍥	lʲɛk4/liek4	
𪙽	lʲɛk4/liek4	
𤩚	lʲɛk4/liek4	
厤	lʲɛk4/liek4	
攊	lʲɛk4/liek4	
䮥	lʲɛk4/liek4	
𧙉	lʲɛk4/liek4	
䤙	lʲɛk4/liek4	
𡳸	lʲɛk4/liek4	
𦠓	lʲɛk4/liek4	
𨢌	lʲɛk4/liek4	
㔏	lʲɛk4/liek4	
𪅼	lʲɛk4/liek4	
𥽗	lʲɛk4/liek4	
蚸	lʲɛk4/liek4	
的	tʲɛk4/tiek4	
甋	tʲɛk4/tiek4	
靮	tʲɛk4/tiek4	
鏑	tʲɛk4/tiek4	
馰	tʲɛk4/tiek4	
滴	tʲɛk4/tiek4	
玓	tʲɛk4/tiek4	
樀	tʲɛk4/tiek4	
樀	dʲɛk4/diek4	
𦉹	tʲɛk4/tiek4	
𥕐	tʲɛk4/tiek4	
𥐝	tʲɛk4/tiek4	
𣂉	tʲɛk4/tiek4	
啇	tʲɛk4/tiek4	
魡	tʲɛk4/tiek4	
檄	ɣʲɛk4/ɦiek4	
覡	ɣʲɛk4/ɦiek4	
薂	ɣʲɛk4/ɦiek4	
椺	ɣʲɛk4/ɦiek4	
鷁	ŋʲɛk4/ŋiek4	
鶂	ŋʲɛk4/ŋiek4	
艗	ŋʲɛk4/ŋiek4	
𠩫	ŋʲɛk4/ŋiek4	
荻	dʲɛk4/diek4	
狄	dʲɛk4/diek4	
敵	dʲɛk4/diek4	
籊	dʲɛk4/diek4	
籊	tʲʰɛk4/tʰiek4	
迪	dʲɛk4/diek4	
覿	dʲɛk4/diek4	
𧠫	dʲɛk4/diek4	
笛	dʲɛk4/diek4	
糴	dʲɛk4/diek4	
籴	dʲɛk4/diek4	
滌	dʲɛk4/diek4	
蔋	dʲɛk4/diek4	
𩷎	dʲɛk4/diek4	
頔	dʲɛk4/diek4	
梑	dʲɛk4/diek4	
䊮	dʲɛk4/diek4	
䨤	dʲɛk4/diek4	
㹍	dʲɛk4/diek4	
㣙	dʲɛk4/diek4	
逖	tʲʰɛk4/tʰiek4	
逷	tʲʰɛk4/tʰiek4	
倜	tʲʰɛk4/tʰiek4	
趯	tʲʰɛk4/tʰiek4	
䢰	tʲʰɛk4/tʰiek4	
剔	tʲʰɛk4/tʰiek4	
𠜓	tʲʰɛk4/tʰiek4	
惕	tʲʰɛk4/tʰiek4	
踢	tʲʰɛk4/tʰiek4	
䚐	tʲʰɛk4/tʰiek4	
䚐	dzʲɛk4/dziek4	
𤈥	tʲʰɛk4/tʰiek4	
蓨	tʲʰɛk4/tʰiek4	
悐	tʲʰɛk4/tʰiek4	
𢞒	tʲʰɛk4/tʰiek4	
𢞒	kʲʰɛk4/kʰiek4	
𥉈	tʲʰɛk4/tʰiek4	
績	tsʲɛk4/tsiek4	
勣	tsʲɛk4/tsiek4	
樍	tsʲɛk4/tsiek4	
𪄸	tsʲɛk4/tsiek4	
𣪠	kʲʰɛk4/kʰiek4	
喫	kʲʰɛk4/kʰiek4	
𠿊	kʲʰɛk4/kʰiek4	
𥍰	kʲʰɛk4/kʰiek4	
惄	nʲɛk4/niek4	
𧖷	nʲɛk4/niek4	
愵	nʲɛk4/niek4	
寂	dzʲɛk4/dziek4	
𡧘	dzʲɛk4/dziek4	
𡧯	dzʲɛk4/dziek4	
覓	mʲɛk4/miek4	
幎	mʲɛk4/miek4	
幦	mʲɛk4/miek4	
𧜀	mʲɛk4/miek4	
䮭	mʲɛk4/miek4	
糸	mʲɛk4/miek4	
鼏	mʲɛk4/miek4	
羃	mʲɛk4/miek4	
漞	mʲɛk4/miek4	
冂	mʲɛk4/miek4	
䖑	mʲɛk4/miek4	
𧱻	mʲɛk4/miek4	
䌐	mʲɛk4/miek4	
𪒄	mʲɛk4/miek4	
䈿	mʲɛk4/miek4	
濗	mʲɛk4/miek4	
𧐎	mʲɛk4/miek4	
塓	mʲɛk4/miek4	
甓	bʲɛk4/biek4	
鷿	bʲɛk4/biek4	
壁	pʲɛk4/piek4	
鼊	pʲɛk4/piek4	
𧲜	pʲɛk4/piek4	
闃	kʲʰwɛk4/kʰyek4	
䠐	kʲʰwɛk4/kʰyek4	
郹	kʲwɛk4/kyek4	
狊	kʲwɛk4/kyek4	
狊	xʲwɛk4/hyek4	
鶪	kʲwɛk4/kyek4	
湨	kʲwɛk4/kyek4	
鼳	kʲwɛk4/kyek4	
犑	kʲwɛk4/kyek4	
𠋬	kʲwɛk4/kyek4	
戚	tsʲʰɛk4/tsʰiek4	
慼	tsʲʰɛk4/tsʰiek4	
𧒕	tsʲʰɛk4/tsʰiek4	
鼜	tsʲʰɛk4/tsʰiek4	
鏚	tsʲʰɛk4/tsʰiek4	
𪒑	tsʲʰɛk4/tsʰiek4	
𧠪	tsʲʰɛk4/tsʰiek4	
慽	tsʲʰɛk4/tsʰiek4	
𧐶	tsʲʰɛk4/tsʰiek4	
𦸗	tsʲʰɛk4/tsʰiek4	
磩	tsʲʰɛk4/tsʰiek4	
赥	xʲɛk4/hiek4	
鬩	xʲɛk4/hiek4	
𥍠	xʲɛk4/hiek4	
𤄎	xʲɛk4/hiek4	
𧨃	xʲɛk4/hiek4	
䈪	xʲɛk4/hiek4	
㤸	xʲɛk4/hiek4	
𣣉	xʲɛk4/hiek4	
㦦	xʲɛk4/hiek4	
𥍟	xʲwɛk4/hyek4	
殈	xʲwɛk4/hyek4	
𣤩	tʲʰɛk4/tʰiek4	
𥛚	tʲʰɛk4/tʰiek4	
職	tɕɨk4/tʃik4	
軄	tɕɨk4/tʃik4	
戠	tɕɨk4/tʃik4	
膱	tɕɨk4/tʃik4	
蟙	tɕɨk4/tʃik4	
𧄕	tɕɨk4/tʃik4	
䐈	tɕɨk4/tʃik4	
䐈	ɖˠɨk4/ɖik4	
樴	tɕɨk4/tʃik4	
樴	dɨk4/dək4	
直	ɖˠɨk4/ɖik4	
犆	ɖˠɨk4/ɖik4	
𡸜	ɖˠɨk4/ɖik4	
力	lˠɨk4/ɭik4	
朸	lˠɨk4/ɭik4	
朸	lɨk4/lək4	
屴	lˠɨk4/ɭik4	
仂	lˠɨk4/ɭik4	
仂	lɨk4/lək4	
鳨	lˠɨk4/ɭik4	
𠢠	lˠɨk4/ɭik4	
𣲒	lˠɨk4/ɭik4	
𡯄	lˠɨk4/ɭik4	
𧲡	lˠɨk4/ɭik4	
敕	ʈˠʰɨk4/ʈʰik4	
勅	ʈˠʰɨk4/ʈʰik4	
飭	ʈˠʰɨk4/ʈʰik4	
淔	ʈˠʰɨk4/ʈʰik4	
趩	ʈˠʰɨk4/ʈʰik4	
栻	ʈˠʰɨk4/ʈʰik4	
侙	ʈˠʰɨk4/ʈʰik4	
𪀦	ʈˠʰɨk4/ʈʰik4	
鷘	ʈˠʰɨk4/ʈʰik4	
恜	ʈˠʰɨk4/ʈʰik4	
慗	ʈˠʰɨk4/ʈʰik4	
遫	ʈˠʰɨk4/ʈʰik4	
㽚	ʈˠʰɨk4/ʈʰik4	
陟	ʈˠɨk4/ʈik4	
稙	ʈˠɨk4/ʈik4	
蝕	ʑɨk4/ʒik4	
息	sʲɨk4/sik4	
㮩	sʲɨk4/sik4	
鄎	sʲɨk4/sik4	
瘜	sʲɨk4/sik4	
蒠	sʲɨk4/sik4	
熄	sʲɨk4/sik4	
𦞜	sʲɨk4/sik4	
䭒	sʲɨk4/sik4	
㴧	sʲɨk4/sik4	
𥰝	sʲɨk4/sik4	
𪄛	sʲɨk4/sik4	
寔	ʑɨk4/ʒik4	
湜	ʑɨk4/ʒik4	
殖	ʑɨk4/ʒik4	
遈	ʑɨk4/ʒik4	
式	ɕɨk4/ʃik4	
拭	ɕɨk4/ʃik4	
𢂑	ɕɨk4/ʃik4	
軾	ɕɨk4/ʃik4	
飾	ɕɨk4/ʃik4	
𥿮	ɕɨk4/ʃik4	
鉽	ɕɨk4/ʃik4	
烒	ɕɨk4/ʃik4	
𧄹	ɕɨk4/ʃik4	
赩	xˠɨk4/hɨk4	
衋	xˠɨk4/hɨk4	
䵱	xˠɨk4/hɨk4	
𥈜	xˠɨk4/hɨk4	
𢤋	xˠɨk4/hɨk4	
崱	dʐɨk4/dʐʅᵊk4	
𡸦	dʐɨk4/dʐʅᵊk4	
溭	dʐɨk4/dʐʅᵊk4	
萴	dʐɨk4/dʐʅᵊk4	
萴	tʂɨk4/tʂʅᵊk4	
極	ɡˠɨk4/ɡɨk4	
匿	ɳˠɨk4/ɳik4	
𧈟	ɳˠɨk4/ɳik4	
𧏾	ɳˠɨk4/ɳik4	
𩺱	ɳˠɨk4/ɳik4	
測	tʂʰɨk4/tʂʰʅᵊk4	
惻	tʂʰɨk4/tʂʰʅᵊk4	
畟	tʂʰɨk4/tʂʰʅᵊk4	
畟	tsʲɨk4/tsik4	
𦔎	tʂʰɨk4/tʂʰʅᵊk4	
𡍫	tʂʰɨk4/tʂʰʅᵊk4	
䔴	tʂʰɨk4/tʂʰʅᵊk4	
憶	ʔˠɨk4/ʔɨk4	
億	ʔˠɨk4/ʔɨk4	
臆	ʔˠɨk4/ʔɨk4	
肊	ʔˠɨk4/ʔɨk4	
𠶷	ʔˠɨk4/ʔɨk4	
繶	ʔˠɨk4/ʔɨk4	
澺	ʔˠɨk4/ʔɨk4	
薏	ʔˠɨk4/ʔɨk4	
𦺳	ʔˠɨk4/ʔɨk4	
䗷	ʔˠɨk4/ʔɨk4	
𩍖	ʔˠɨk4/ʔɨk4	
檍	ʔˠɨk4/ʔɨk4	
𣚍	ʔˠɨk4/ʔɨk4	
癔	ʔˠɨk4/ʔɨk4	
抑	ʔˠɨk4/ʔɨk4	
𡊁	ʔˠɨk4/ʔɨk4	
色	ʂɨk4/ʂʅᵊk4	
嗇	ʂɨk4/ʂʅᵊk4	
𩍙	ʂɨk4/ʂʅᵊk4	
穡	ʂɨk4/ʂʅᵊk4	
轖	ʂɨk4/ʂʅᵊk4	
繬	ʂɨk4/ʂʅᵊk4	
濇	ʂɨk4/ʂʅᵊk4	
濇	ʂip4/ʂʅᵊp4	
䉢	ʂɨk4/ʂʅᵊk4	
𧒗	ʂɨk4/ʂʅᵊk4	
懎	ʂɨk4/ʂʅᵊk4	
𩕡	ʂɨk4/ʂʅᵊk4	
𠢳	ʂɨk4/ʂʅᵊk4	
䩯	kˠʰɨk4/kʰɨk4	
殛	kˠɨk4/kɨk4	
㥛	kˠɨk4/kɨk4	
襋	kˠɨk4/kɨk4	
棘	kˠɨk4/kɨk4	
㻷	kˠɨk4/kɨk4	
蕀	kˠɨk4/kɨk4	
茍	kˠɨk4/kɨk4	
𧩦	kˠɨk4/kɨk4	
弋	jɨk4/jik4	
翊	jɨk4/jik4	
翌	jɨk4/jik4	
黓	jɨk4/jik4	
翼	jɨk4/jik4	
𩙺	jɨk4/jik4	
𦏵	jɨk4/jik4	
隿	jɨk4/jik4	
𧃟	jɨk4/jik4	
㚤	jɨk4/jik4	
杙	jɨk4/jik4	
芅	jɨk4/jik4	
㔴	jɨk4/jik4	
𧾰	jɨk4/jik4	
𨙒	jɨk4/jik4	
𥡪	jɨk4/jik4	
蛡	jɨk4/jik4	
𤬩	jɨk4/jik4	
𢖺	jɨk4/jik4	
瀷	jɨk4/jik4	
瀷	tɕʰɨk4/tʃʰik4	
𢎀	jɨk4/jik4	
𠥦	jɨk4/jik4	
熼	jɨk4/jik4	
釴	jɨk4/jik4	
𤼌	jɨk4/jik4	
𧑌	jɨk4/jik4	
𦔜	jɨk4/jik4	
䄩	jɨk4/jik4	
𢓀	jɨk4/jik4	
䘝	jɨk4/jik4	
䣧	jɨk4/jik4	
即	tsʲɨk4/tsik4	
卽	tsʲɨk4/tsik4	
稷	tsʲɨk4/tsik4	
㮨	tsʲɨk4/tsik4	
㹄	tsʲɨk4/tsik4	
𨂢	tsʲɨk4/tsik4	
𤠎	tsʲɨk4/tsik4	
䐚	tsʲɨk4/tsik4	
逼	pˠɨk4/pɨk4	
皕	pˠɨk4/pɨk4	
䮠	pˠɨk4/pɨk4	
湢	pˠɨk4/pɨk4	
㘠	pˠɨk4/pɨk4	
域	ɰwɨk4/ʉik4	
蜮	ɰwɨk4/ʉik4	
蜮	ʁwɨk4/ɦuək4	
罭	ɰwɨk4/ʉik4	
棫	ɰwɨk4/ʉik4	
㚜	ɰwɨk4/ʉik4	
𪂉	ɰwɨk4/ʉik4	
𦈸	ɰwɨk4/ʉik4	
琙	ɰwɨk4/ʉik4	
緎	ɰwɨk4/ʉik4	
緎	xˠwɨk4/hʉik4	
䮙	ɰwɨk4/ʉik4	
魊	ɰwɨk4/ʉik4	
魊	ʁwɨk4/ɦuək4	
淢	ɰwɨk4/ʉik4	
淢	xˠwɨk4/hʉik4	
𦱂	ɰwɨk4/ʉik4	
洫	xˠwɨk4/hʉik4	
䦗	xˠwɨk4/hʉik4	
閾	xˠwɨk4/hʉik4	
𨵨	xˠwɨk4/hʉik4	
𠷾	xˠwɨk4/hʉik4	
𧹭	xˠwɨk4/hʉik4	
堛	pˠʰɨk4/pʰɨk4	
愊	pˠʰɨk4/pʰɨk4	
𤗚	pˠʰɨk4/pʰɨk4	
𤗚	bˠɨk4/bɨk4	
𩜰	pˠʰɨk4/pʰɨk4	
揊	pˠʰɨk4/pʰɨk4	
稫	pˠʰɨk4/pʰɨk4	
䦼	pˠʰɨk4/pʰɨk4	
𢾇	pˠʰɨk4/pʰɨk4	
㽬	pˠʰɨk4/pʰɨk4	
疈	pˠʰɨk4/pʰɨk4	
稄	tʂɨk4/tʂʅᵊk4	
𥟔	tʂɨk4/tʂʅᵊk4	
𣅔	tʂɨk4/tʂʅᵊk4	
𢯩	tʂɨk4/tʂʅᵊk4	
𢯩	dzʲɨk4/dzik4	
仄	tʂɨk4/tʂʅᵊk4	
昃	tʂɨk4/tʂʅᵊk4	
㳁	tʂɨk4/tʂʅᵊk4	
側	tʂɨk4/tʂʅᵊk4	
𠨮	tʂɨk4/tʂʅᵊk4	
愎	bˠɨk4/bɨk4	
腷	bˠɨk4/bɨk4	
𤐧	bˠɨk4/bɨk4	
𥻅	bˠɨk4/bɨk4	
𡮞	ʈˠɨk4/ʈik4	
𣮊	ʈˠɨk4/ʈik4	
𢕚	ʈˠɨk4/ʈik4	
䁇	mˠɨk4/mɨk4	
䁇	mɨk4/muək4	
𦔫	tɕʰɨk4/tʃʰik4	
德	tɨk4/tək4	
惪	tɨk4/tək4	
𢛳	tɨk4/tək4	
得	tɨk4/tək4	
淂	tɨk4/tək4	
𨁽	tɨk4/tək4	
𣌏	tɨk4/tək4	
𠮊	tɨk4/tək4	
則	tsɨk4/tsək4	
𠟻	tsɨk4/tsək4	
𠟭	tsɨk4/tsək4	
勒	lɨk4/lək4	
肋	lɨk4/lək4	
扐	lɨk4/lək4	
艻	lɨk4/lək4	
𤨕	lɨk4/lək4	
玏	lɨk4/lək4	
泐	lɨk4/lək4	
㔹	lɨk4/lək4	
阞	lɨk4/lək4	
竻	lɨk4/lək4	
忒	tʰɨk4/tʰək4	
㧹	tʰɨk4/tʰək4	
慝	tʰɨk4/tʰək4	
貣	tʰɨk4/tʰək4	
貣	dɨk4/dək4	
𥊸	tʰɨk4/tʰək4	
㥂	tʰɨk4/tʰək4	
刻	qʰɨk4/kʰək4	
克	qʰɨk4/kʰək4	
剋	qʰɨk4/kʰək4	
勀	qʰɨk4/kʰək4	
𡞢	qʰɨk4/kʰək4	
特	dɨk4/dək4	
𧈩	dɨk4/dək4	
𧎢	dɨk4/dək4	
𤙰	dɨk4/dək4	
鴏	dɨk4/dək4	
黑	χɨk4/hək4	
潶	χɨk4/hək4	
㱄	χɨk4/hək4	
墨	mɨk4/muək4	
默	mɨk4/muək4	
䘃	mɨk4/muək4	
纆	mɨk4/muək4	
𢄏	mɨk4/muək4	
𡣫	mɨk4/muək4	
䁿	mɨk4/muək4	
𤲰	mɨk4/muək4	
賊	dzɨk4/dzək4	
𧵪	dzɨk4/dzək4	
鱡	dzɨk4/dzək4	
鰂	dzɨk4/dzək4	
蠈	dzɨk4/dzək4	
𦽒	dzɨk4/dzək4	
𡫼	sɨk4/sək4	
㥶	sɨk4/sək4	
𢥛	sɨk4/sək4	
北	pɨk4/puək4	
𧉥	pɨk4/puək4	
蔔	bɨk4/buək4	
僰	bɨk4/buək4	
𠣵	bɨk4/buək4	
垘	bɨk4/buək4	
䵗	bɨk4/buək4	
𧟱	bɨk4/buək4	
𢫯	bɨk4/buək4	
或	ʁwɨk4/ɦuək4	
惑	ʁwɨk4/ɦuək4	
𡿿	ʁwɨk4/ɦuək4	
國	qwɨk4/kuək4	
餩	ʔɨk4/ʔək4	
䘅	nɨk4/nək4	
䎪	nɨk4/nək4	
裓	qɨk4/kək4	
𢧧	qɨk4/kək4	
墄	tsʰɨk4/tsʰək4	
𧕡	pʰɨk4/pʰuək4	
𠣾	pʰɨk4/pʰuək4	
𢃤	χwɨk4/huək4	
𥇙	χwɨk4/huək4	
緝	tsʲʰip4/tsʰip4	
葺	tsʲʰip4/tsʰip4	
葺	tsʲip4/tsip4	
諿	tsʲʰip4/tsʰip4	
𧚨	tsʲʰip4/tsʰip4	
𧚨	tsʲip4/tsip4	
𪔪	tsʲʰip4/tsʰip4	
咠	tsʲʰip4/tsʰip4	
咠	tsʲip4/tsip4	
十	ʑip4/ʒip4	
什	ʑip4/ʒip4	
拾	ʑip4/ʒip4	
褶	ʑip4/ʒip4	
褶	zʲip4/zip4	
褶	dʲɛp4/diep4	
執	tɕip4/tʃip4	
汁	tɕip4/tʃip4	
瓡	tɕip4/tʃip4	
慹	tɕip4/tʃip4	
慹	dzʲip4/dzip4	
慹	tɕɛp4/tʃiep4	
慹	nʲɛp4/niep4	
習	zʲip4/zip4	
襲	zʲip4/zip4	
隰	zʲip4/zip4	
鰼	zʲip4/zip4	
騽	zʲip4/zip4	
騽	ɰip4/ɨp4	
飁	zʲip4/zip4	
槢	zʲip4/zip4	
𪄶	zʲip4/zip4	
𦸚	zʲip4/zip4	
䒁	zʲip4/zip4	
霫	zʲip4/zip4	
霫	sʲip4/sip4	
集	dzʲip4/dzip4	
輯	dzʲip4/dzip4	
檝	dzʲip4/dzip4	
檝	tsʲɛp4/tsiep4	
亼	dzʲip4/dzip4	
𠦫	dzʲip4/dzip4	
𦺴	dzʲip4/dzip4	
鏶	dzʲip4/dzip4	
鏶	tsʲʰɛp4/tsʰiep4	
箿	dzʲip4/dzip4	
入	ɲip4/ɲʒip4	
廿	ɲip4/ɲʒip4	
揖	ʔʲip4/ʔip4	
挹	ʔʲip4/ʔip4	
溼	ɕip4/ʃip4	
濕	ɕip4/ʃip4	
濕	tʰɑp4/tʰɑp4	
䏉	ɕip4/ʃip4	
㗱	tsʲip4/tsip4	
潗	tsʲip4/tsip4	
䌖	tsʲip4/tsip4	
䌖	dzʲɛp4/dziep4	
湒	tsʲip4/tsip4	
蓻	tsʲip4/tsip4	
䁒	tsʲip4/tsip4	
𥠋	tsʲip4/tsip4	
㠍	tsʲip4/tsip4	
及	ɡˠip4/ɡɨp4	
𨕤	ɡˠip4/ɡɨp4	
𦶍	ɡˠip4/ɡɨp4	
苙	ɡˠip4/ɡɨp4	
苙	lˠip4/ɭip4	
䲯	ɡˠip4/ɡɨp4	
笈	ɡˠip4/ɡɨp4	
笈	ɡˠɛp4/ɡɨep4	
笈	tʂʰap4/tʂʰɯap4	
㧀	ɡˠip4/ɡɨp4	
蟄	ɖˠip4/ɖip4	
䐲	ɖˠip4/ɖip4	
俋	ɖˠip4/ɖip4	
㙷	ɖˠip4/ɖip4	
㙷	ɖˠɛp4/ɖiep4	
㞏	ɖˠip4/ɖip4	
譶	ɖˠip4/ɖip4	
譶	dɑp4/dɑp4	
縶	ʈˠip4/ʈip4	
馽	ʈˠip4/ʈip4	
𡁉	ʈˠip4/ʈip4	
立	lˠip4/ɭip4	
䶘	lˠip4/ɭip4	
䶘	lɑp4/lɑp4	
粒	lˠip4/ɭip4	
笠	lˠip4/ɭip4	
鴗	lˠip4/ɭip4	
岦	lˠip4/ɭip4	
砬	lˠip4/ɭip4	
急	kˠip4/kɨp4	
汲	kˠip4/kɨp4	
給	kˠip4/kɨp4	
伋	kˠip4/kɨp4	
級	kˠip4/kɨp4	
芨	kˠip4/kɨp4	
𦳌	kˠip4/kɨp4	
㽺	kˠip4/kɨp4	
㽺	χɑp4/hɑp4	
彶	kˠip4/kɨp4	
𪀐	kˠip4/kɨp4	
𪀐	bˠip4/bɨp4	
𪀐	ɡˠɛp4/ɡɨep4	
岌	ŋˠip4/ŋɨp4	
㱞	ŋˠip4/ŋɨp4	
泣	kˠʰip4/kʰɨp4	
㬤	kˠʰip4/kʰɨp4	
湆	kˠʰip4/kʰɨp4	
𩎕	sʲip4/sip4	
𩎕	sɑp4/sɑp4	
卌	sʲip4/sip4	
𧿅	sʲip4/sip4	
㗩	sʲip4/sip4	
歰	ʂip4/ʂʅᵊp4	
澀	ʂip4/ʂʅᵊp4	
澁	ʂip4/ʂʅᵊp4	
鈒	ʂip4/ʂʅᵊp4	
鈒	sɑp4/sɑp4	
雭	ʂip4/ʂʅᵊp4	
㒊	ʂip4/ʂʅᵊp4	
翜	ʂip4/ʂʅᵊp4	
翜	ʂap4/ʂɯap4	
吸	xˠip4/hɨp4	
噏	xˠip4/hɨp4	
歙	xˠip4/hɨp4	
歙	ɕɛp4/ʃiep4	
翕	xˠip4/hɨp4	
𧬈	xˠip4/hɨp4	
潝	xˠip4/hɨp4	
熻	xˠip4/hɨp4	
嬆	xˠip4/hɨp4	
翖	xˠip4/hɨp4	
𨝫	xˠip4/hɨp4	
闟	xˠip4/hɨp4	
𪅲	xˠip4/hɨp4	
戢	tʂip4/tʂʅᵊp4	
𥊬	tʂip4/tʂʅᵊp4	
𧤏	tʂip4/tʂʅᵊp4	
𧥄	tʂip4/tʂʅᵊp4	
㗊	tʂip4/tʂʅᵊp4	
蕺	tʂip4/tʂʅᵊp4	
濈	tʂip4/tʂʅᵊp4	
𠿠	tʂip4/tʂʅᵊp4	
霵	tʂip4/tʂʅᵊp4	
霵	dʐip4/dʐʅᵊp4	
邑	ʔˠip4/ʔɨp4	
悒	ʔˠip4/ʔɨp4	
唈	ʔˠip4/ʔɨp4	
唈	ʔɑp4/ʔɑp4	
裛	ʔˠip4/ʔɨp4	
裛	ʔˠɛp4/ʔɨep4	
浥	ʔˠip4/ʔɨp4	
浥	ʔap4/ʔɯap4	
浥	ʔˠɛp4/ʔɨep4	
䓃	ʔˠip4/ʔɨp4	
䭂	ʔˠip4/ʔɨp4	
𦶂	ʔˠip4/ʔɨp4	
湁	ʈˠʰip4/ʈʰip4	
雴	ʈˠʰip4/ʈʰip4	
漐	ʈˠʰip4/ʈʰip4	
曄	ɰip4/ɨp4	
曄	ɰɛp4/ɨep4	
熠	ɰip4/ɨp4	
熠	jip4/jip4	
㵫	ɳˠip4/ɳip4	
𣲷	ɳˠip4/ɳip4	
㘝	ɳˠip4/ɳip4	
㘝	ɳap4/ɳɯap4	
𦮾	ɳˠip4/ɳip4	
鵖	pˠip4/pɨp4	
鵖	kˠɛp4/kɨep4	
㞚	tʂʰip4/tʂʰʅᵊp4	
㞚	tʂap4/tʂɯap4	
㞚	ʂap4/ʂɯap4	
𡍪	tʂʰip4/tʂʰʅᵊp4	
䙄	tʂʰip4/tʂʰʅᵊp4	
䙄	tʂap4/tʂɯap4	
𢕬	tʂʰip4/tʂʰʅᵊp4	
𢕬	sɑp4/sɑp4	
卙	tɕʰip4/tʃʰip4	
合	ʁɑp4/ɦɑp4	
合	qɑp4/kɑp4	
郃	ʁɑp4/ɦɑp4	
郃	qɑp4/kɑp4	
榙	ʁɑp4/ɦɑp4	
䢔	ʁɑp4/ɦɑp4	
㭘	ʁɑp4/ɦɑp4	
㭘	qɑp4/kɑp4	
㭘	ɡˠɛp4/ɡɨep4	
詥	ʁɑp4/ɦɑp4	
耠	ʁɑp4/ɦɑp4	
𡇶	ʁɑp4/ɦɑp4	
𪘁	ʁɑp4/ɦɑp4	
𪘁	tʰɑp4/tʰɑp4	
𦳬	ʁɑp4/ɦɑp4	
盒	ʁɑp4/ɦɑp4	
閤	qɑp4/kɑp4	
鴿	qɑp4/kɑp4	
敆	qɑp4/kɑp4	
鉿	qɑp4/kɑp4	
鮯	qɑp4/kɑp4	
蛤	qɑp4/kɑp4	
匌	qɑp4/kɑp4	
匌	qʰɑp4/kʰɑp4	
佮	qɑp4/kɑp4	
佮	tʰɑp4/tʰɑp4	
佮	ʔɑp4/ʔɑp4	
𣭝	qɑp4/kɑp4	
㠷	qɑp4/kɑp4	
鞈	qɑp4/kɑp4	
鞈	qap4/kɯap4	
韐	qɑp4/kɑp4	
韐	qap4/kɯap4	
𢂷	qɑp4/kɑp4	
𢂷	qap4/kɯap4	
答	tɑp4/tɑp4	
畣	tɑp4/tɑp4	
𨅞	tɑp4/tɑp4	
撘	tɑp4/tɑp4	
荅	tɑp4/tɑp4	
褡	tɑp4/tɑp4	
㜓	tɑp4/tɑp4	
㾑	tɑp4/tɑp4	
㾑	χɑp4/hɑp4	
㾑	ɴɑp4/ŋɑp4	
嗒	tɑp4/tɑp4	
嗒	tʰɑp4/tʰɑp4	
𤝰	tɑp4/tɑp4	
㿯	tɑp4/tɑp4	
㯚	tɑp4/tɑp4	
趿	sɑp4/sɑp4	
颯	sɑp4/sɑp4	
靸	sɑp4/sɑp4	
馺	sɑp4/sɑp4	
霅	sɑp4/sɑp4	
霅	tɕɛp4/tʃiep4	
霅	ʁap4/ɦɯap4	
霅	ɖap4/ɖɯap4	
卅	sɑp4/sɑp4	
㚫	sɑp4/sɑp4	
𣬬	sɑp4/sɑp4	
沓	dɑp4/dɑp4	
誻	dɑp4/dɑp4	
遝	dɑp4/dɑp4	
㧺	dɑp4/dɑp4	
㭼	dɑp4/dɑp4	
㭼	tʰɑp4/tʰɑp4	
涾	dɑp4/dɑp4	
𩣯	dɑp4/dɑp4	
龖	dɑp4/dɑp4	
𠉤	dɑp4/dɑp4	
𣝋	dɑp4/dɑp4	
蹹	dɑp4/dɑp4	
䂿	dɑp4/dɑp4	
䜚	dɑp4/dɑp4	
𦂀	dɑp4/dɑp4	
𦾽	dɑp4/dɑp4	
𧌏	dɑp4/dɑp4	
眔	dɑp4/dɑp4	
錔	tʰɑp4/tʰɑp4	
嚃	tʰɑp4/tʰɑp4	
䓠	tʰɑp4/tʰɑp4	
䓠	tɑp4/tɑp4	
㛥	tʰɑp4/tʰɑp4	
踏	tʰɑp4/tʰɑp4	
𢃕	tʰɑp4/tʰɑp4	
鞜	tʰɑp4/tʰɑp4	
𦑇	tʰɑp4/tʰɑp4	
漯	tʰɑp4/tʰɑp4	
㹺	tʰɑp4/tʰɑp4	
𦧟	tʰɑp4/tʰɑp4	
䶀	tʰɑp4/tʰɑp4	
䶀	qʰɑp4/kʰɑp4	
䵬	tʰɑp4/tʰɑp4	
𨌭	tʰɑp4/tʰɑp4	
䍝	tʰɑp4/tʰɑp4	
濌	tʰɑp4/tʰɑp4	
𪂌	tʰɑp4/tʰɑp4	
䈋	tʰɑp4/tʰɑp4	
雜	dzɑp4/dzɑp4	
韴	dzɑp4/dzɑp4	
磼	dzɑp4/dzɑp4	
雥	dzɑp4/dzɑp4	
䕹	dzɑp4/dzɑp4	
䕹	dzʲɛp4/dziep4	
帀	tsɑp4/tsɑp4	
迊	tsɑp4/tsɑp4	
𠯗	tsɑp4/tsɑp4	
魳	tsɑp4/tsɑp4	
嘁	tsɑp4/tsɑp4	
沞	tsɑp4/tsɑp4	
䞙	tsɑp4/tsɑp4	
拉	lɑp4/lɑp4	
搚	lɑp4/lɑp4	
㩉	lɑp4/lɑp4	
㩉	tɑp4/tɑp4	
摺	lɑp4/lɑp4	
摺	tɕɛp4/tʃiep4	
𦒆	lɑp4/lɑp4	
磖	lɑp4/lɑp4	
𪇹	lɑp4/lɑp4	
菈	lɑp4/lɑp4	
𣤊	lɑp4/lɑp4	
㕇	lɑp4/lɑp4	
𤛊	lɑp4/lɑp4	
納	nɑp4/nɑp4	
䪏	nɑp4/nɑp4	
蒳	nɑp4/nɑp4	
軜	nɑp4/nɑp4	
衲	nɑp4/nɑp4	
魶	nɑp4/nɑp4	
㨥	nɑp4/nɑp4	
𣩄	qʰɑp4/kʰɑp4	
厒	qʰɑp4/kʰɑp4	
䆟	qʰɑp4/kʰɑp4	
姶	ʔɑp4/ʔɑp4	
𤸱	ʔɑp4/ʔɑp4	
㔩	ʔɑp4/ʔɑp4	
𨂁	ʔɑp4/ʔɑp4	
𨂁	ʔap4/ʔɯap4	
𩋊	ʔɑp4/ʔɑp4	
𩋊	ʔˠɛp4/ʔɨep4	
𩇠	ʔɑp4/ʔɑp4	
搕	ʔɑp4/ʔɑp4	
鞥	ʔɑp4/ʔɑp4	
欱	χɑp4/hɑp4	
欱	χap4/hɯap4	
𣣹	χɑp4/hɑp4	
礏	ɴɑp4/ŋɑp4	
哈	ɴɑp4/ŋɑp4	
𡀾	ɴɑp4/ŋɑp4	
砐	ɴɑp4/ŋɑp4	
礘	ɴɑp4/ŋɑp4	
䑥	ɴɑp4/ŋɑp4	
魥	ɴɑp4/ŋɑp4	
魥	kˠʰɛp4/kʰɨep4	
遪	tsʰɑp4/tsʰɑp4	
盍	ʁɑp4/ɦɑp4	
闔	ʁɑp4/ɦɑp4	
𨶩	ʁɑp4/ɦɑp4	
嗑	ʁɑp4/ɦɑp4	
嗑	qɑp4/kɑp4	
篕	ʁɑp4/ɦɑp4	
熆	ʁɑp4/ɦɑp4	
臘	lɑp4/lɑp4	
臈	lɑp4/lɑp4	
𪙷	lɑp4/lɑp4	
鑞	lɑp4/lɑp4	
蠟	lɑp4/lɑp4	
䗶	lɑp4/lɑp4	
擸	lɑp4/lɑp4	
擸	lˠɛp4/ɭiep4	
𥀰	lɑp4/lɑp4	
𦒦	lɑp4/lɑp4	
𦅶	lɑp4/lɑp4	
邋	lɑp4/lɑp4	
邋	lˠɛp4/ɭiep4	
㿴	tɑp4/tɑp4	
耷	tɑp4/tɑp4	
搨	tɑp4/tɑp4	
𠞈	tɑp4/tɑp4	
笚	tɑp4/tɑp4	
笚	ʁap4/ɦɯap4	
𩝣	tɑp4/tɑp4	
䪚	tɑp4/tɑp4	
榻	tʰɑp4/tʰɑp4	
㯓	tʰɑp4/tʰɑp4	
𦪙	tʰɑp4/tʰɑp4	
毾	tʰɑp4/tʰɑp4	
鰈	tʰɑp4/tʰɑp4	
鰨	tʰɑp4/tʰɑp4	
𦶑	tʰɑp4/tʰɑp4	
狧	tʰɑp4/tʰɑp4	
𦧭	tʰɑp4/tʰɑp4	
𧪦	tʰɑp4/tʰɑp4	
𦐇	tʰɑp4/tʰɑp4	
鞳	tʰɑp4/tʰɑp4	
塔	tʰɑp4/tʰɑp4	
搭	tʰɑp4/tʰɑp4	
遢	tʰɑp4/tʰɑp4	
𩥑	tʰɑp4/tʰɑp4	
𩵢	χɑp4/hɑp4	
笝	nɑp4/nɑp4	
𩚛	nɑp4/nɑp4	
蹋	dɑp4/dɑp4	
躢	dɑp4/dɑp4	
闒	dɑp4/dɑp4	
𤒻	dɑp4/dɑp4	
𧮑	dɑp4/dɑp4	
譫	dɑp4/dɑp4	
譫	tɕɛp4/tʃiep4	
䍇	dɑp4/dɑp4	
䳴	dɑp4/dɑp4	
䈳	dɑp4/dɑp4	
𦑲	dɑp4/dɑp4	
𠎷	sɑp4/sɑp4	
𠿓	sɑp4/sɑp4	
𢶍	sɑp4/sɑp4	
𢶍	dzɑp4/dzɑp4	
𨆂	sɑp4/sɑp4	
𩐅	sɑp4/sɑp4	
𥋙	ɴɑp4/ŋɑp4	
䪞	dzɑp4/dzɑp4	
䫦	qɑp4/kɑp4	
閘	qɑp4/kɑp4	
閘	ʔap4/ʔɯap4	
鉀	qɑp4/kɑp4	
鉀	qap4/kɯap4	
䗘	qɑp4/kɑp4	
榼	qʰɑp4/kʰɑp4	
𧛾	qʰɑp4/kʰɑp4	
㕎	qʰɑp4/kʰɑp4	
𨍰	qʰɑp4/kʰɑp4	
鰪	ʔɑp4/ʔɑp4	
廅	ʔɑp4/ʔɑp4	
囃	tsʰɑp4/tsʰɑp4	
𥗭	tsʰɑp4/tsʰɑp4	
䵽	tsʰɑp4/tsʰɑp4	
砝	qɑp4/kɑp4	
砝	kˠɛp4/kɨep4	
𪁍	qɑp4/kɑp4	
葉	jɛp4/jiep4	
葉	ɕɛp4/ʃiep4	
楪	jɛp4/jiep4	
鍱	jɛp4/jiep4	
偞	jɛp4/jiep4	
偞	xʲɛp4/hiep4	
枼	jɛp4/jiep4	
㯿	jɛp4/jiep4	
㯿	lˠɛp4/ɭiep4	
煠	jɛp4/jiep4	
煠	ʈˠʰɛp4/ʈʰiep4	
煠	dʐap4/dʐɯap4	
䈎	jɛp4/jiep4	
䈎	ʈˠʰɛp4/ʈʰiep4	
殜	jɛp4/jiep4	
殜	ɖˠɛp4/ɖiep4	
接	tsʲɛp4/tsiep4	
椄	tsʲɛp4/tsiep4	
睫	tsʲɛp4/tsiep4	
䀹	tsʲɛp4/tsiep4	
楫	tsʲɛp4/tsiep4	
婕	tsʲɛp4/tsiep4	
菨	tsʲɛp4/tsiep4	
𣶏	tsʲɛp4/tsiep4	
鯜	tsʲɛp4/tsiep4	
鯜	tsʲʰɛp4/tsʰiep4	
䈉	tsʲɛp4/tsiep4	
䈉	ʂap4/ʂɯap4	
攝	ɕɛp4/ʃiep4	
攝	nʲɛp4/niep4	
灄	ɕɛp4/ʃiep4	
欇	ɕɛp4/ʃiep4	
欇	ʑɛp4/ʒiep4	
𥍉	ɕɛp4/ʃiep4	
弽	ɕɛp4/ʃiep4	
弽	xʲɛp4/hiep4	
韘	ɕɛp4/ʃiep4	
韘	sʲɛp4/siep4	
涉	ʑɛp4/ʒiep4	
涉	tʲɛp4/tiep4	
𣻣	ʑɛp4/ʒiep4	
䤮	ʑɛp4/ʒiep4	
獵	lˠɛp4/ɭiep4	
鬣	lˠɛp4/ɭiep4	
㲱	lˠɛp4/ɭiep4	
躐	lˠɛp4/ɭiep4	
䁽	lˠɛp4/ɭiep4	
𣋲	lˠɛp4/ɭiep4	
儠	lˠɛp4/ɭiep4	
犣	lˠɛp4/ɭiep4	
䪉	lˠɛp4/ɭiep4	
㼲	lˠɛp4/ɭiep4	
㼲	lʲɛp4/liep4	
䉭	lˠɛp4/ɭiep4	
鱲	lˠɛp4/ɭiep4	
𡂏	lˠɛp4/ɭiep4	
𥪂	lˠɛp4/ɭiep4	
𠠗	lˠɛp4/ɭiep4	
䜲	lˠɛp4/ɭiep4	
䃳	lˠɛp4/ɭiep4	
巤	lˠɛp4/ɭiep4	
捷	dzʲɛp4/dziep4	
疌	dzʲɛp4/dziep4	
倢	dzʲɛp4/dziep4	
崨	dzʲɛp4/dziep4	
踕	dzʲɛp4/dziep4	
誱	dzʲɛp4/dziep4	
䐑	ɖˠɛp4/ɖiep4	
㪑	ʔˠɛp4/ʔɨep4	
𦀖	ʔˠɛp4/ʔɨep4	
𦀖	kˠɛp4/kɨep4	
聶	ɳˠɛp4/ɳiep4	
躡	ɳˠɛp4/ɳiep4	
鑷	ɳˠɛp4/ɳiep4	
𤴘	ɳˠɛp4/ɳiep4	
㚔	ɳˠɛp4/ɳiep4	
帇	ɳˠɛp4/ɳiep4	
𩣘	ɳˠɛp4/ɳiep4	
籋	ɳˠɛp4/ɳiep4	
籋	nʲɛp4/niep4	
䌜	ɳˠɛp4/ɳiep4	
𣌍	ɳˠɛp4/ɳiep4	
㸎	ɳˠɛp4/ɳiep4	
踂	ɳˠɛp4/ɳiep4	
𥬬	ɳˠɛp4/ɳiep4	
䳖	ɳˠɛp4/ɳiep4	
𣀳	ɳˠɛp4/ɳiep4	
謵	tɕʰɛp4/tʃʰiep4	
𣠞	tɕʰɛp4/tʃʰiep4	
𣠞	tɕɛp4/tʃiep4	
䧪	tɕʰɛp4/tʃʰiep4	
喢	tɕʰɛp4/tʃʰiep4	
喢	ʂɛp4/ʂʅep4	
喢	tʂʰap4/tʂʰɯap4	
喢	ʂap4/ʂɯap4	
㤴	tɕʰɛp4/tʃʰiep4	
㤴	ʈˠʰɛp4/ʈʰiep4	
㳧	tɕʰɛp4/tʃʰiep4	
𦛖	tɕʰɛp4/tʃʰiep4	
讘	ɲɛp4/ɲʒiep4	
顳	ɲɛp4/ɲʒiep4	
喦	ɲɛp4/ɲʒiep4	
囁	ɲɛp4/ɲʒiep4	
囁	tɕɛp4/tʃiep4	
𦣀	ɲɛp4/ɲʒiep4	
讋	tɕɛp4/tʃiep4	
懾	tɕɛp4/tʃiep4	
慴	tɕɛp4/tʃiep4	
慴	dʲɛp4/diep4	
䜆	tɕɛp4/tʃiep4	
謺	tɕɛp4/tʃiep4	
襵	tɕɛp4/tʃiep4	
襵	ʈˠɛp4/ʈiep4	
䝕	tɕɛp4/tʃiep4	
妾	tsʲʰɛp4/tsʰiep4	
緁	tsʲʰɛp4/tsʰiep4	
䌌	tsʲʰɛp4/tsʰiep4	
𠟪	tsʲʰɛp4/tsʰiep4	
𠟪	ŋˠɛp4/ŋɨep4	
淁	tsʲʰɛp4/tsʰiep4	
𣠺	tsʲʰɛp4/tsʰiep4	
穕	tsʲʰɛp4/tsʰiep4	
踥	tsʲʰɛp4/tsʰiep4	
鍤	ʈˠʰɛp4/ʈʰiep4	
鍤	tʂʰap4/tʂʰɯap4	
𩂻	ʈˠʰɛp4/ʈʰiep4	
𥯥	ʈˠʰɛp4/ʈʰiep4	
衱	ɡˠɛp4/ɡɨep4	
衱	kˠɛp4/kɨep4	
极	ɡˠɛp4/ɡɨep4	
輒	ʈˠɛp4/ʈiep4	
𦯍	ʈˠɛp4/ʈiep4	
𢬴	ʈˠɛp4/ʈiep4	
𢬴	tʲɛp4/tiep4	
鮿	ʈˠɛp4/ʈiep4	
㭯	ʈˠɛp4/ʈiep4	
曅	ɰɛp4/ɨep4	
饁	ɰɛp4/ɨep4	
燁	ɰɛp4/ɨep4	
爗	ɰɛp4/ɨep4	
皣	ɰɛp4/ɨep4	
瞱	ɰɛp4/ɨep4	
𤷾	kˠʰɛp4/kʰɨep4	
萐	ʂɛp4/ʂʅep4	
萐	ʂap4/ʂɯap4	
箑	ʂɛp4/ʂʅep4	
箑	dʐap4/dʐɯap4	
箑	ʂap4/ʂɯap4	
歃	ʂɛp4/ʂʅep4	
歃	ʂap4/ʂɯap4	
霎	ʂɛp4/ʂʅep4	
霎	ʂap4/ʂɯap4	
㰼	ʂɛp4/ʂʅep4	
靨	ʔʲɛp4/ʔiep4	
𣚕	ʔʲɛp4/ʔiep4	
怗	tʲʰɛp4/tʰiep4	
帖	tʲʰɛp4/tʰiep4	
𪔧	tʲʰɛp4/tʰiep4	
䩞	tʲʰɛp4/tʰiep4	
䩞	tʲɛp4/tiep4	
貼	tʲʰɛp4/tʰiep4	
跕	tʲʰɛp4/tʰiep4	
跕	tʲɛp4/tiep4	
蝶	tʲʰɛp4/tʰiep4	
蝶	dʲɛp4/diep4	
䑜	tʲʰɛp4/tʰiep4	
呫	tʲʰɛp4/tʰiep4	
協	ɣʲɛp4/ɦiep4	
叶	ɣʲɛp4/ɦiep4	
勰	ɣʲɛp4/ɦiep4	
綊	ɣʲɛp4/ɦiep4	
挾	ɣʲɛp4/ɦiep4	
俠	ɣʲɛp4/ɦiep4	
𠗉	ɣʲɛp4/ɦiep4	
𠗉	tsʲɛp4/tsiep4	
𠗉	ʁap4/ɦɯap4	
劦	ɣʲɛp4/ɦiep4	
𤙒	ɣʲɛp4/ɦiep4	
𢂐	ɣʲɛp4/ɦiep4	
頰	kʲɛp4/kiep4	
𩠣	kʲɛp4/kiep4	
鋏	kʲɛp4/kiep4	
梜	kʲɛp4/kiep4	
梜	qap4/kɯap4	
莢	kʲɛp4/kiep4	
蛺	kʲɛp4/kiep4	
唊	kʲɛp4/kiep4	
𥞵	kʲɛp4/kiep4	
愜	kʲʰɛp4/kʰiep4	
㥦	kʲʰɛp4/kʰiep4	
悏	kʲʰɛp4/kʰiep4	
㾜	kʲʰɛp4/kʰiep4	
匧	kʲʰɛp4/kʰiep4	
篋	kʲʰɛp4/kʰiep4	
㤲	kʲʰɛp4/kʰiep4	
牒	dʲɛp4/diep4	
喋	dʲɛp4/diep4	
喋	tʲɛp4/tiep4	
喋	ɖap4/ɖɯap4	
蹀	dʲɛp4/diep4	
諜	dʲɛp4/diep4	
堞	dʲɛp4/diep4	
𨈈	dʲɛp4/diep4	
氎	dʲɛp4/diep4	
𣯉	dʲɛp4/diep4	
褺	dʲɛp4/diep4	
曡	dʲɛp4/diep4	
疊	dʲɛp4/diep4	
䥡	dʲɛp4/diep4	
䠟	dʲɛp4/diep4	
㥈	dʲɛp4/diep4	
𥷕	dʲɛp4/diep4	
牃	dʲɛp4/diep4	
褋	dʲɛp4/diep4	
惵	dʲɛp4/diep4	
𨐁	dʲɛp4/diep4	
𠗨	dʲɛp4/diep4	
𠗨	ɖap4/ɖɯap4	
䴑	dʲɛp4/diep4	
㩹	dʲɛp4/diep4	
𪑧	dʲɛp4/diep4	
𪑧	lʲɛp4/liep4	
䁋	dʲɛp4/diep4	
䁋	xʲɛp4/hiep4	
𤗨	dʲɛp4/diep4	
𩐭	nʲɛp4/niep4	
捻	nʲɛp4/niep4	
錜	nʲɛp4/niep4	
敜	nʲɛp4/niep4	
㘨	nʲɛp4/niep4	
𩋏	nʲɛp4/niep4	
燮	sʲɛp4/siep4	
屧	sʲɛp4/siep4	
屟	sʲɛp4/siep4	
躞	sʲɛp4/siep4	
𤫉	sʲɛp4/siep4	
𤏻	sʲɛp4/siep4	
鞢	sʲɛp4/siep4	
徢	sʲɛp4/siep4	
𦔼	sʲɛp4/siep4	
𤗈	sʲɛp4/siep4	
蜨	sʲɛp4/siep4	
𧕊	sʲɛp4/siep4	
䕈	sʲɛp4/siep4	
𡞘	sʲɛp4/siep4	
𦩌	sʲɛp4/siep4	
𡂩	lʲɛp4/liep4	
𦖩	lʲɛp4/liep4	
聑	tʲɛp4/tiep4	
𠲷	tʲɛp4/tiep4	
笘	tʲɛp4/tiep4	
㑙	tʲɛp4/tiep4	
𨓊	tʲɛp4/tiep4	
浹	tsʲɛp4/tsiep4	
㼪	tsʲɛp4/tsiep4	
䢡	sʲɛp4/siep4	
洽	ʁap4/ɦɯap4	
䨐	ʁap4/ɦɯap4	
狹	ʁap4/ɦɯap4	
陜	ʁap4/ɦɯap4	
陿	ʁap4/ɦɯap4	
祫	ʁap4/ɦɯap4	
峽	ʁap4/ɦɯap4	
硤	ʁap4/ɦɯap4	
𢈙	ʁap4/ɦɯap4	
𪘘	ʁap4/ɦɯap4	
𤲍	ʁap4/ɦɯap4	
烚	ʁap4/ɦɯap4	
珨	ʁap4/ɦɯap4	
䞩	ʁap4/ɦɯap4	
恰	qʰap4/kʰɯap4	
掐	qʰap4/kʰɯap4	
䁍	qʰap4/kʰɯap4	
㓣	qʰap4/kʰɯap4	
䶢	qʰap4/kʰɯap4	
䶢	qap4/kɯap4	
帢	qʰap4/kʰɯap4	
𠕣	qʰap4/kʰɯap4	
𢂿	qʰap4/kʰɯap4	
㡊	qʰap4/kʰɯap4	
𣁴	qʰap4/kʰɯap4	
䮢	dʐap4/dʐɯap4	
牐	dʐap4/dʐɯap4	
𧼰	dʐap4/dʐɯap4	
夾	qap4/kɯap4	
郟	qap4/kɯap4	
跲	qap4/kɯap4	
跲	kˠɛp4/kɨep4	
跲	ɡˠɛp4/ɡɨep4	
袷	qap4/kɯap4	
袷	kˠɛp4/kɨep4	
裌	qap4/kɯap4	
䀫	qap4/kɯap4	
餄	qap4/kɯap4	
㿓	qap4/kɯap4	
鵊	qap4/kɯap4	
䩡	qap4/kɯap4	
眨	tʂap4/tʂɯap4	
偛	tʂap4/tʂɯap4	
𥀈	tʂap4/tʂɯap4	
䛽	tʂap4/tʂɯap4	
插	tʂʰap4/tʂʰɯap4	
臿	tʂʰap4/tʂʰɯap4	
疀	tʂʰap4/tʂʰɯap4	
扱	tʂʰap4/tʂʰɯap4	
㛼	tʂʰap4/tʂʰɯap4	
㷅	tʂʰap4/tʂʰɯap4	
𤜯	tʂʰap4/tʂʰɯap4	
𡤙	ɳap4/ɳɯap4	
㗙	ɳap4/ɳɯap4	
䶎	χap4/hɯap4	
㰰	χap4/hɯap4	
敮	χap4/hɯap4	
𧳛	ʂap4/ʂɯap4	
劄	ʈap4/ʈɯap4	
𠍹	ʈap4/ʈɯap4	
𧉫	ʈap4/ʈɯap4	
凹	ʔap4/ʔɯap4	
圔	ʔap4/ʔɯap4	
𥃐	ʈʰap4/ʈʰɯap4	
狎	ʁap4/ɦɯap4	
翈	ʁap4/ɦɯap4	
柙	ʁap4/ɦɯap4	
匣	ʁap4/ɦɯap4	
𧆥	ʁap4/ɦɯap4	
𦾏	ʁap4/ɦɯap4	
𢘉	ʁap4/ɦɯap4	
炠	ʁap4/ɦɯap4	
𤁳	ɖap4/ɖɯap4	
𧃹	ɖap4/ɖɯap4	
鴨	ʔap4/ʔɯap4	
壓	ʔap4/ʔɯap4	
庘	ʔap4/ʔɯap4	
䆘	ʔap4/ʔɯap4	
押	ʔap4/ʔɯap4	
押	qap4/kɯap4	
甲	qap4/kɯap4	
胛	qap4/kɯap4	
𥑐	qap4/kɯap4	
玾	qap4/kɯap4	
𨒇	qap4/kɯap4	
𠩘	qap4/kɯap4	
𩌍	qap4/kɯap4	
翣	ʂap4/ʂɯap4	
𧲌	ʂap4/ʂɯap4	
帹	ʂap4/ʂɯap4	
䬊	ʂap4/ʂɯap4	
𧻵	ʂap4/ʂɯap4	
呷	χap4/hɯap4	
䛅	χap4/hɯap4	
𣢗	χap4/hɯap4	
業	ŋˠɛp4/ŋɨep4	
㸣	ŋˠɛp4/ŋɨep4	
鄴	ŋˠɛp4/ŋɨep4	
驜	ŋˠɛp4/ŋɨep4	
嶪	ŋˠɛp4/ŋɨep4	
䧨	ŋˠɛp4/ŋɨep4	
㗼	ŋˠɛp4/ŋɨep4	
𠄅	ŋˠɛp4/ŋɨep4	
𩑃	ŋˠɛp4/ŋɨep4	
䲜	ŋˠɛp4/ŋɨep4	
𢢜	ŋˠɛp4/ŋɨep4	
𩼋	ŋˠɛp4/ŋɨep4	
鸈	ŋˠɛp4/ŋɨep4	
澲	ŋˠɛp4/ŋɨep4	
𣣲	xˠɛp4/hɨep4	
𣢩	xˠɛp4/hɨep4	
愶	xˠɛp4/hɨep4	
㢵	xˠɛp4/hɨep4	
嗋	xˠɛp4/hɨep4	
熁	xˠɛp4/hɨep4	
𣹩	xˠɛp4/hɨep4	
拹	xˠɛp4/hɨep4	
怯	kˠʰɛp4/kʰɨep4	
㹤	kˠʰɛp4/kʰɨep4	
𠩂	kˠʰɛp4/kʰɨep4	
㾀	kˠʰɛp4/kʰɨep4	
𤴼	kˠʰɛp4/kʰɨep4	
劫	kˠɛp4/kɨep4	
蜐	kˠɛp4/kɨep4	
鉣	kˠɛp4/kɨep4	
䀷	kˠɛp4/kɨep4	
䱒	ʔˠɛp4/ʔɨep4	
䎨	ʔˠɛp4/ʔɨep4	
殗	ʔˠɛp4/ʔɨep4	
㡋	ʔˠɛp4/ʔɨep4	
䤶	ʔˠɛp4/ʔɨep4	
𦤡	ʔˠɛp4/ʔɨep4	
餣	ʔˠɛp4/ʔɨep4	
䁆	ʔˠɛp4/ʔɨep4	
𩐱	jɛp4/jiep4	
昅	ɡˠɛp4/ɡɨep4	
乏	vɛp4/bvuɐp4	
法	fɛp4/pfuɐp4	
灋	fɛp4/pfuɐp4	
𥎰	fʰɛp4/pfʰuɐp4	
䎎	ɳˠɛp4/ɳiep4	
𣹵	ɳˠɛp4/ɳiep4	
𡷝	ɳˠɛp4/ɳiep4	
𦑣	ʈˠʰɛp4/ʈʰiep4	
怎	tsɨm2/tsəm2	
