汉字	罗马字	IPA		注释																																													
						阴平1，阴上2，阴去3，阴入4																																											
多	to1	to	阴平			阳平5，             阳去7，阳入8																																											
他	thann1	tʰã	阴平			阴平 33	阴上 41	阴去 31	阴入 52																																								
舵	tho7	tʰo	阳去			阳平 12		阳去 22	阳入 121																																								
大	tua7	tua	阳去	(白)大家官																																													
大	ta7	ta	阳去	(白)大家官																																													
大	tai7	tai	阳去	(文)		˧˧	˦˩	˧˩	˥˨																																								
拖	thua1	tʰua	阴平	(白)		˩˨		˨˨	˩˨˩																																								
拖	tho1	tʰo	阴平	(文)																																													
駝	to5	to	阳平																																														
陀	to5	to	阳平																																														
馱	tua5	tua	阳平	(白)驮米																																													
馱	to5	to	阳平	(文)																																													
挪	no5	no	阳平																																														
挪	na5	na	阳平	挪用																																													
羅	lo5	lo	阳平	罗经:罗盘																																													
鑼	lou5	lou	阳平	铿锣鼓kʰaĩ1 lou5 kou2																																													
籮	lua5	lua	阳平	(白)																																													
籮	lo5	lo	阳平	(文)																																													
左	tso2	tso	阴上																																														
佐	tso2	tso	阴上																																														
做	tso3	tso	阴去	做功课,做功德,做地																																													
搓	so1	so	阴平	1.搓伸so1 tsʰun1 ,2.搓圆仔so1 ĩ5 a																																													
挲	so1	so	阴平	(俗写)搓so1																																													
歌	kua1	kua	阴平	(白)																																													
歌	kou1	kou	阴平	(文)歌舞kou1 bu2																																													
歌	ko1	ko	阴平	(文)																																													
哥	ko1	ko	阴平	1.魠哥tʰõh8 ko1:笨蛋,2.癞哥tʰai7 ko1:恶心,3.痴哥ti1 ko1:变态好色																																													
個	ge5	ge	阳平	(量词)一个																																													
個	e5	e	阳平	1.(助词)谁的:伊个,2.(连接形容词)大个细个																																													
個	kou2	kou	阴上	(量词)一个人																																													
個	ko3	ko	阴去	(文)一个:顶级,数一数二"伊煮食是it4 ko3"																																													
个	ge5	ge	阳平	(量词)一个																																													
个	e5	e	阳平	1.(助词)谁的:伊个,2.(连接形容词)大个细个																																													
个	ko3	ko	阴去	(文)一个:顶级,数一数二"伊煮食是it4 ko3"																																													
箇	e5	e	阳平	1.(助词)谁的:伊个,2.(连接形容词)大个细个																																													
軻	kho1	kʰo	阴平																																														
可	khua2	kʰua	阴上	(白)小可sio2 kʰua2																																													
可	kho2	kʰo	阴上	(文)																																													
蛾	go5	go	阳平																																														
鵝	go5	go	阳平																																														
鵝	gou5	gou	阳平																																														
俄	go5	go	阳平																																														
我	gua2	gua	阴上	(白)																																													
我	ngo2	ŋo	阴上	(文)																																													
餓	go7	go	阳去																																														
餓	gou7	gou	阳去																																														
何	ua5	ua	阳平	(白)无奈何tai7 ua5																																													
何	ho5	ho	阳平	(文)																																													
河	ho5	ho	阳平																																														
河	hue5	hue	阳平	(白)地名:秀峰乡坪洄村pɛ̃5 hue5,相传平和建县时,王阳明原提议县名"清平县",后遵循"照得县名须土俗",而取平河社之名.原平河则因避讳改名为坪洄																																													
荷	ho5	ho	阳平	荷兰豆																																													
苛	kho1	kʰo	阴平																																														
賀	ho7	ho	阳去																																														
阿	a1	a	阴平																																														
阿	o1	o	阴平	阿弥陀佛																																													
茄	kio5	kio	阳平	茄仔																																													
茄	kee1	kɛ	阴平	番茄:西红柿																																													
波	pho1	pʰo	阴平	海波:泡沫板																																													
波	po1	po	阴平	波动																																													
菠	pue1	pue	阴平	(白)菠薐仔																																													
跛	pai2	pai	阴上	跛骹																																													
簸	pua3	pua	阴去																																														
播	pua3	pua	阴去	(白)播稻																																													
播	pou3	pou	阴去	播堘																																													
破	phua3	pʰua	阴去	(白)破烂,破开																																													
破	pho3	pʰo	阴去	(文)																																													
坡	pho1	pʰo	阴平																																														
玻	po1	po	阴平																																														
婆	po5	po	阳平	婆姐:诸生娘娘侍女,小孩十六岁出婆姐宫																																													
魔	mo1	mo	阴平																																														
魔	mo5	mo	阳平																																														
磨	bua5	bua	阳平	(白)																																													
磨	mo5	mo	阳平	(文)唵磨粿:碱仔粿																																													
摩	mo5	mo	阳平																																														
覕	bih4	biʔ	阴入																																														
剁	to3	to	阴去																																														
剁	tak4	tak	阴入	(训)本字斫																																													
剁	tok4	tok	阴入	(训)本字斫																																													
斫	tsioh4	tsioʔ	阴入	劈砍,牛斫角:两人互相较劲																																													
斫	tak4	tak	阴入	敲打,撞击,剁																																													
斫	tok4	tok	阴入	敲打,撞击,剁																																													
剉	tsho3	tsʰo	阴去																																														
妥	tho3	tʰo	阴去																																														
唾	tho3	tʰo	阴去																																														
惰	tuann7	tuã	阳去	(白)懒惰																																													
惰	to7	to	阳去																																														
墮	to7	to	阳去																																														
囉	lo5	lo	阳平																																														
囉	lo1	lo	阴平	(助词) 哪啰仔:哪里																																													
囉	loh8	loʔ	阳入	啰是:就是																																													
糯	no5	no	阳平																																														
騾	lo5	lo	阳平																																														
螺	le5	le	阳平	(白)虎咬㖹螺:1.枪打出头鸟  2.努力方向不对,原指老虎先袭击吹螺号的带队人反而不袭击埋伏的猎人																																													
螺	lo5	lo	阳平	(文)																																													
腡	le5	le	阳平	腡仔:手指上完整的圆形手纹																																													
摞	lo3	lo	阴去																																														
銼	tsho3	tsʰo	阴去																																														
坐	tse7	tse	阳去																																														
坐	tshe7	tsʰe	阳去	1.沉陷,2.过滤沉淀																																													
座	tse7	tse	阳去	(白)																																													
座	tso2	tso	阴上	星座																																													
蓑	sui1	sui	阴平	棕蓑tsaŋ1 sui1																																													
梭	so1	so	阴平																																														
唆	sua3	sua	阴去	(白)使唆:教唆																																													
唆	so1	so	阴平																																														
鎖	so2	so	阴上																																														
瑣	so2	so	阴上																																														
鍋	ue1	ue	阴平	(白)																																													
過	kua1	kua	阴平	(白)蔬菜老了																																													
過	kua3	kua	阴去	(白)罪过																																													
過	kue3	kue	阴去	过着:染上, 罪过																																													
過	ko3	ko	阴去	(文)																																													
戈	ko1	ko	阴平																																														
果	kue2	kue	阴上	(白)果子仔kue2 tsi2 ia2:水果																																													
果	ko2	ko	阴上																																														
粿	kue2	kue	阴上	卷仔粿,碗粿																																													
裹	kue2	kue	阴上	(白) 裹粽																																													
裹	ko2	ko	阴上	(文)																																													
科	kho1	kʰo	阴平																																														
棵	kho1	kʰo	阴平																																														
窠	kho1	kʰo	阴平	地名,一些地方窠写作科.秀峰:石圳科,老厝科. 长乐:科子头,木棉科. 九峰:甜笋科,老鸦科,担水窠.大溪:深科,水眼科,竹湾科.国强:荣树科.霞寨:桐树科.崎岭:大科塘,后科,寨科,瓦窑科,蕉科																																													
窠	khe1	kʰe	阴平	落骨橐窠lauʔ4 kut4 lop8 kʰe1:邋遢.  两山间深沟为窠																																													
窠	he1	he	阴平	落窟橐窠,同kʰe1																																													
窠	khuei1	kʰuei	阴平	地名:芦溪镇九曲村大窠(亦有写作大魁), 秀峰乡龙船窠. 结合客语区的窠作科, 可以推测窠字分别转写作魁/科. 对比此字转写应该可作为平和西部客闽语分布区的判断条件之一																																													
課	khue3	kʰue	阴去	(白) 做功课:干活																																													
課	kho3	kʰo	阴去	(文)																																													
顆	kho1	kʰo	阴平																																														
訛	go5	go	阳平																																														
臥	ap4	ap	阴入	卧铺,卧倒																																													
火	hue2	hue	阴上																																														
夥	hue2	hue	阴上																																														
貨	hue3	hue	阴去																																														
禾	ho5	ho	阳平	乡镇有白读ue7																																													
和	ho5	ho	阳平	(文) 讲和:讲平和本地闽南话																																													
和	hue5	hue	阳平	(白)相传平和之名来源于秀峰坪洄pɛ̃5 hue5,原名平河后雅化平和,因避嫌县名改为坪洄																																													
禍	ho7	ho	阳去																																														
倭	o1	o	阴平																																														
窩	o1	o	阴平																																														
瘸	khue5	kʰue	阳平	瘸蹄:手有问题,常指笨手笨脚																																													
靴	hia1	hia	阴平	水靴,靴靴:鞋头翘起来的样子																																													
巴	pa1	pa	阴平																																														
疤	pa1	pa	阴平																																														
疤	ba1	ba	阴平	疤仔																																													
芭	pa1	pa	阴平																																														
把	pee2	pɛ	阴上	(白)																																													
把	peenn2	pɛ̃	阴上	(白)																																													
把	pa2	pa	阴上	(文)																																													
爸	pee7	pɛ	阳去	(白)																																													
霸	pa3	pa	阴去																																														
壩	pa3	pa	阴去																																														
垻	pa3	pa	阴去																																														
怕	phann3	pʰã	阴去	怕狗:胆小鬼																																													
杷	pee5	pɛ	阳平	(白)枇杷dzi5pee5																																													
杷	pha5	pʰa	阳平	(文)枇杷phi5pha5																																													
枇	dzi5	dzi	阳平	(白)枇杷dzi5pee5																																													
枇	phi5	pʰi	阳平	(文)枇杷phi5pha5																																													
琶	pee5	pɛ	阳平																																														
琶	pha5	pʰa	阳平																																														
爬	pee5	pɛ	阳平																																														
麻	ba5	ba	阳平	麻麻																																													
麻	mua5	mua	阳平	(白)油麻,麻雀																																													
麻	mo5	mo	阳平	麻骨𤖯,麻骨火,麻骨仔,麻骨头,麻骨尾																																													
麻	ma5	ma	阳平	(文)																																													
蟆	ma5	ma	阳平																																														
蟆	po5	po	阳平	(俗)																																													
蟆	pou5	pou	阳平	(俗)																																													
馬	bee2	bɛ	阴上																																														
媽	ma2	ma	阴上	(白)阿妈,外妈,老妈,公妈,妈祖																																													
媽	ma5	ma	阳平																																														
碼	bee2	bɛ	阴上																																														
駡	mee7	mɛ	阳去																																														
詈	le2	le	阴上	骂,咒骂																																													
拿	na2	na	阴上																																														
詫	tha3	tʰa	阴去	惊诧																																													
茶	tee5	tɛ	阳平																																														
查	tsee1	tsɛ	阴平	检查																																													
查	tshee5	tsʰɛ	阳平	查数																																													
渣	tsee1	tsɛ	阴平																																														
詐	tsee3	tsɛ	阴去																																														
榨	tsee3	tsɛ	阴去																																														
炸	tsee3	tsɛ	阴去																																														
叉	tshee1	tsʰɛ	阴平																																														
叉	tsheeh8	tsʰɛʔ	阳入	(替)lau3 tsʰɛh8:邋遢																																													
杈	tshee1	tsʰɛ	阴平																																														
差	tshee1	tsʰɛ	阴平	出差,差不多																																													
差	tshiau1	tsʰiau	阴平	差不多																																													
岔	tshee1	tsʰɛ	阴平																																														
岔	tsha1	tsʰa	阴平																																														
查	tsee5	tsɛ	阳平	查询																																													
沙	sua1	sua	阴平	(白)																																													
沙	see1	sɛ	阴平	(文)1.豆沙,2.沙沙:松散状,3.沙县																																													
紗	see1	sɛ	阴平	纱布																																													
痧	sua1	sua	阴平	着痧																																													
灑	see3	sɛ	阴去	1.猛摔 2.手掌猛击																																													
嘉	kee1	kɛ	阴平																																														
家	kee1	kɛ	阴平																																														
家	kat4	kat	阴入	家己:kat4 ti2/kat4 li2																																													
加	kee1	kɛ	阴平																																														
枷	kee5	kɛ	阳平	举枷,举戏枷,无枷举交椅																																													
假	kee2	kɛ	阴上																																														
賈	kou2	kou	阴上	商贾																																													
稼	kee3	kɛ	阴去																																														
價	kee3	kɛ	阴去																																														
架	kee3	kɛ	阴去																																														
架	keenn3	kɛ̃	阴去	量词,一架车																																													
駕	kee3	kɛ	阴去																																														
嫁	kee3	kɛ	阴去																																														
牙	gee5	gɛ	阳平																																														
牙	gia5	gia	阳平	(文)月牙guat8 gia5,姜子牙kiaŋ1 tsu2 gia5																																													
芽	gee5	gɛ	阳平																																														
衙	gee5	gɛ	阳平																																														
雅	ngee2	ŋɛ	阴上																																														
訝	nga3	ŋa	阴去	讶讶																																													
蝦	hee1	hɛ	阴平	虾仔																																													
蝦	hee5	hɛ	阳平	龙虾																																													
嚇	heeh4	hɛʔ	阴入	(白)																																													
嚇	heennh8	hɛ̃ʔ	阳入	(白)1.表疑问:汝真正卜走,嚇？2.惊叹语气词:嚇,煞是汝也！3.挑衅语气词:嚇,汝(无解)爽乎？																																													
霞	hee5	hɛ	阳平																																														
霞	ee7	ɛ	阳去	地名:霞寨,由下寨雅化而来																																													
遐	hee5	hɛ	阳平																																														
遐	hia1	hia	阴平	那里																																													
瑕	hee5	hɛ	阳平																																														
下	ee7	ɛ	阳去																																														
下	hee7	hɛ	阳去	放																																													
下	kee7	kɛ	阳去	低																																													
夏	hee7	hɛ	阳去	补夏:立夏,因立夏当天要食补.补夏无补漏tsʰiʔ8tsʰɛʔ8																																													
廈	ee7	ɛ	阳去	(白)																																													
廈	hee7	hɛ	阳去	(文)																																													
丫	a1	a	阴平																																														
鴉	a1	a	阴平	老鸦:乌鸦																																													
啞	eenn2	ɛ̃	阴上	哑口ɛ̃2 kau2																																													
啞	eenn7	ɛ̃	阳去	哑哑哑: 支支吾吾																																													
亞	a1	a	阴平																																														
姐	tse2	tse	阴上	(白)阿姐:对母亲的偏称																																													
姐	tsia2	tsia	阴上	婆姐:诸生娘娘侍女.本地拜婆姐,让其帮忙带孩子.十六岁出婆姐宫																																													
借	tsioh4	tsioʔ	阴入	借口,借镭																																													
且	tshiann2	tsʰiã	阴上	慢且																																													
褯	tshioh8	tsʰioʔ	阳入																																														
寫	sia2	sia	阴上	共字写:同姓氏																																													
瀉	sia3	sia	阴去																																														
卸	sia3	sia	阴去	卸败:丢人																																													
邪	sia5	sia	阳平																																														
斜	sia5	sia	阳平	斜在地名有时候是转写畲,因为畲斜读音相同,意思也可理解为一样都是开垦后的斜坡田.如五村村斜坑,实际是"畲坑",当地有巫氏祖墓,最早是由坂仔镇峨眉山村巫厝迁徙而来;原地名为"畲坑",后转写为"斜坑"																																													
謝	sia7	sia	阳去	谢平安																																													
爹	tia1	tia	阴平																																														
遮	tsia1	tsia	阴平	这里																																													
遮	dzia1	dzia	阴平	老树好遮荫																																													
者	tsa2	tsa	阴上	地名:豆坪村许者院kʰou2 tsa2 heŋ7																																													
者	tsia2	tsia	阴上																																														
蔗	tsia3	tsia	阴去																																														
車	tshia1	tsʰia	阴平	(白)在地名中出现并指代水车:秀峰乡车田巷村,霞寨镇车埕村,安厚镇水车洋村																																													
車	ki1	ki	阴平	(文)车马炮;车前草																																													
扯	tshe2	tsʰe	阴上	扯平,扯结																																													
蛇	tsua5	tsua	阳平	缠身蛇:带状疱疹																																													
蛇	sia5	sia	阳平																																														
射	sia7	sia	阳去																																														
奢	tshia1	tsʰia	阴平	奢侈tsʰia1 tsʰi2																																													
賒	sia1	sia	阴平																																														
捨	sia2	sia	阴上	舍赐sia2 si3																																													
赦	sia3	sia	阴去																																														
舍	sia3	sia	阴去	阿舍:公子哥																																													
畲	sia5	sia	阳平	斜在地名有时候是转写畲,因为畲斜读音相同,意思也可理解为一样都是开垦后的斜坡田.如五村村斜坑,实际是"畲坑",当地有巫氏祖墓,最早是由坂仔镇峨眉山村巫厝迁徙而来;原地名为"畲坑",后转写为"斜坑"																																													
畲	tsia5	tsia	阳平	地名:芦溪镇知仔畲 乌畲 畲坑,秀峰乡冬瓜畲,九峰镇畲坑																																													
畬	sia5	sia	阳平	斜在地名有时候是转写畲,因为畲斜读音相同,意思也可理解为一样都是开垦后的斜坡田.如五村村斜坑,实际是"畲坑",当地有巫氏祖墓,最早是由坂仔镇峨眉山村巫厝迁徙而来;原地名为"畲坑",后转写为"斜坑"																																													
畬	tsia5	tsia	阳平	地名:芦溪镇知仔畲 乌畲 畲坑,秀峰乡冬瓜畲,九峰镇畲坑																																													
社	sia7	sia	阳去																																														
惹	dzia2	dzia	阴上																																														
耶	ia5	ia	阳平																																														
椰	ia5	ia	阳平																																														
爺	ia5	ia	阳平																																														
冶	ia2	ia	阴上																																														
也	a7	a	阳去																																														
也	ia2	ia	阴上																																														
野	ia2	ia	阴上																																														
夜	ia7	ia	阳去																																														
掖	ia7	ia	阳去	(俗字)挥洒																																													
耍	sua2	sua	阴上																																														
耍	sng2	sŋ	阴上	(替)玩耍																																													
瓜	kuee1	kuɛ	阴平																																														
蝸	o1	o	阴平																																														
寡	kua2	kua	阴上																																														
垮	khua1	kʰua	阴平																																														
夸	khua1	kʰua	阴平																																														
誇	khua1	kʰua	阴平																																														
跨	khua1	kʰua	阴平																																														
跨	khua3	kʰua	阴去																																														
娃	ua1	ua	阴平																																														
瓦	hia7	hia	阳去	(白)																																													
瓦	ua2	ua	阴上	(文)																																													
倚	ua2	ua	阴上	靠																																													
花	huee1	huɛ	阴平	擘爪花 pɛʔ4-dziau2-uɛ1:手脚末端麻痹																																													
化	huee3	huɛ	阴去																																														
華	huee5	huɛ	阳平																																														
補	pou2	pou	阴上																																														
譜	phou2	pʰou	阴上																																														
布	pou3	pou	阴去																																														
佈	pou3	pou	阴去																																														
鋪	phou1	pʰou	阴平	床铺,守铺:守灵																																													
鋪	phou3	pʰou	阴去	店铺																																													
普	phou2	pʰou	阴上																																														
浦	phou2	pʰou	阴上																																														
怖	pou3	pou	阴去																																														
菩	phou5	pʰou	阳平																																														
蒲	phou5	pʰou	阳平																																														
蒲	pou5	pou	阳平	1.蒲荆,2.地名:山格镇蒲时治																																													
脯	pou2	pou	阴上	菜脯																																													
脯	hu2	hu	阴上																																														
埔	pou1	pou	阴平																																														
部	pou7	pou	阳去	(文)																																													
部	phou7	pʰou	阳去	(白)量词:一部手机																																													
簿	pho7	pʰo	阳去																																														
簿	phou7	pʰou	阳去																																														
步	pou7	pou	阳去																																														
捕	pou7	pou	阳去																																														
埠	pou7	pou	阳去																																														
模	bou5	bou	阳平																																														
模	mou5	mou	阳平	模型																																													
墓	bong7	boŋ	阳去																																														
募	bou7	bou	阳去																																														
慕	bou7	bou	阳去																																														
都	tou1	tou	阴平																																														
都	tau1	tau	阴平	地名:文峰镇山都村																																													
堵	tou2	tou	阴上																																														
堵	tu5	tu	阳平	堵车																																													
賭	tou2	tou	阴上																																														
肚	tou2	tou	阴上	骹后肚:小腿肚																																													
肚	tou7	tou	阳去	猪肚鱼肚																																													
妒	tou3	tou	阴去																																														
土	tou2	tou	阴上	土螼,土蚓,土猴																																													
土	thou2	tʰou	阴上	土白话:大白话,土否bai2:坏又蠢,土棍:粗鲁的人																																													
塗	thou5	tʰou	阳平	涂																																													
塗	tou5	tou	阳平	糊涂																																													
吐	thou3	tʰou	阴去																																														
吐	thou2	tʰou	阴上	吐芛tʰou2 ĩ2																																													
兔	thou3	tʰou	阴去																																														
途	tou5	tou	阳平																																														
屠	tou5	tou	阳平																																														
圖	tou5	tou	阳平																																														
徒	tou5	tou	阳平																																														
杜	tou7	tou	阳去																																														
度	tou7	tou	阳去																																														
度	ho7	ho	阳去	1.给予, 2.被动态																																													
度	tio7	tio	阳去	度晬tio7 tse3																																													
晬	tse3	tse	阴去	度晬tio7 tse3																																													
渡	tou7	tou	阳去																																														
鍍	tou7	tou	阳去																																														
奴	nou5	nou	阳平																																														
努	nou2	nou	阴上																																														
努	lou2	lou	阴上	(白)努力:费心神																																													
怒	nou7	nou	阳去																																														
盧	lou5	lou	阳平																																														
爐	lou5	lou	阳平																																														
鹵	lou2	lou	阴上	卤料																																													
鹵	lou7	lou	阳去	盐卤																																													
魯	lou2	lou	阴上																																														
櫓	lou2	lou	阴上																																														
虜	lou2	lou	阴上																																														
露	lou3	lou	阴去	冻露水:让植物吸收阳光雨水																																													
露	lou7	lou	阳去	鱼露																																													
路	lou7	lou	阳去																																														
路	lio7	lio	阳去	软路:柔软,手脚灵活																																													
賂	lou7	lou	阳去																																														
租	tsou1	tsou	阴平																																														
祖	tsou2	tsou	阴上																																														
組	tsou2	tsou	阴上																																														
粗	tshou1	tsʰou	阴平																																														
醋	tshou7	tsʰou	阳去																																														
錯	tsho3	tsʰo	阴去																																														
措	tsho3	tsʰo	阴去																																														
蘇	sou1	sou	阴平																																														
酥	sou1	sou	阴平																																														
酥	sau1	sau	阴平	1.酥声:喉咙沙哑, 2.结构酥脆																																													
素	sou3	sou	阴去																																														
塑	sok4	sok	阴入																																														
訴	sou3	sou	阴去																																														
辜	kou1	kou	阴平																																														
孤	kou1	kou	阴平																																														
箍	khou1	kʰou	阴平																																														
姑	kou1	kou	阴平																																														
菇	kou1	kou	阴平	生菇:发霉																																													
估	kou1	kou	阴平																																														
古	kou2	kou	阴上																																														
牯	kou2	kou	阴上	石牯:石头																																													
股	kou2	kou	阴上																																														
鼓	kou2	kou	阴上																																														
故	kou3	kou	阴去																																														
顧	kou3	kou	阴去																																														
固	kou3	kou	阴去																																														
雇	kou3	kou	阴去	雇家:照顾家庭																																													
枯	kou1	kou	阴平																																														
枯	khou1	kʰou	阴平	茶枯:茶饼																																													
苦	khou2	kʰou	阴上																																														
庫	khou3	kʰou	阴去																																														
褲	khou3	kʰou	阴去																																														
梧	gou5	gou	阳平																																														
吾	gou5	gou	阳平																																														
吳	gou5	gou	阳平																																														
蜈	ngou5	ŋou	阳平	蜈蜞ŋou5kʰi5:水蛭																																													
蜈	gia5	gia	阳平	蟧蜈la5gia5:大蜘蛛,一般指白额高脚蛛																																													
蜈	ngia5	ŋia	阳平	蜈蚣ŋia5kaŋ1																																													
蟧	la5	la	阳平	蟧蜈la5gia5:大蜘蛛,一般指白额高脚蛛																																													
蜞	khi5	kʰi	阳平	蜈蜞ŋou5kʰi5:水蛭																																													
五	gou7	gou	阳去	(白)																																													
五	ngou2	ŋou	阴上	(文)																																													
午	ngou2	ŋou	阴上	(文)中午																																													
午	ngou7	ŋou	阳去	(白)午时																																													
伍	ngou2	ŋou	阴上	(文)																																													
伍	gou7	gou	阳去	(白)五																																													
悟	gou7	gou	阳去	孙悟空suĩ1 gou7 kʰoŋ1																																													
悟	bou7	bou	阳去	孙悟空suĩ1 bou7 kʰoŋ1																																													
悟	bok8	bok	阳入	孙悟空suĩ1 bok8 kʰoŋ1																																													
誤	gou7	gou	阳去																																														
呼	hou1	hou	阴平	(文)																																													
呼	khou1	kʰou	阴平	(白)呼唤家禽																																													
呼	hu7	hu	阳去	拟声词"风呼呼叫"																																													
乎	hou1	hou	阴平																																														
乎	honnh8	hõʔ	阳入																																														
虎	hou2	hou	阴上																																														
滸	hou2	hou	阴上	水浒																																													
滸	khou2	kʰou	阴上																																														
戽	hou3	hou	阴去	戽斗																																													
戽	hou5	hou	阳平	(替)捞取:戽饭																																													
壺	ou5	ou	阳平																																														
壺	au5	au	阳平	地名:大溪后时由壶嗣雅化而来																																													
瓠	pu5	pu	阳平																																														
胡	ou5	ou	阳平																																														
胡	hou5	hou	阳平	胡来																																													
糊	kou5	kou	阳平	(白)黏糊:米糊																																													
糊	hou5	hou	阳平	(文)糊涂																																													
狐	hou5	hou	阳平																																														
湖	ou5	ou	阳平																																														
戶	hou7	hou	阳去																																														
滬	hou7	hou	阳去																																														
互	hou7	hou	阳去																																														
護	hou7	hou	阳去																																														
烏	ou1	ou	阴平	乌ŋi1ŋiau1																																													
污	ou1	ou	阴平																																														
污	bu1	bu	阴平	污染bu1dziam2																																													
塢	ou3	ou	阴去																																														
惡	oh4	oʔ	阴入	难																																													
惡	ok4	ok	阴入																																														
惡	ou3	ou	阴去	可恶kʰou2ou3																																													
女	lu2	lu	阴上	女生																																													
女	li2	li	阴上	妇女																																													
廬	lou5	lou	阳平																																														
驢	li5	li	阳平																																														
呂	li7	li	阳去																																														
侶	li7	li	阳去																																														
旅	li2	li	阴上																																														
慮	li7	li	阳去																																														
濾	li7	li	阳去																																														
蛆	tshi1	tsʰi	阴平																																														
疽	tshi1	tsʰi	阴平																																														
胥	si1	si	阴平																																														
絮	si3	si	阴去																																														
徐	si5	si	阳平	1.姓氏 2.地名:岩坂徐水场																																													
序	si7	si	阳去	四序su3 si7:舒适																																													
緒	si7	si	阳去																																														
敘	si7	si	阳去																																														
豬	ti1	ti	阴平	猪头冇:帽子,猪尺仔:领带																																													
著	ti3	ti	阴去																																														
著	tsu3	tsu	阴去	著作																																													
著	tsiak8	tsiak	阳入	着落																																													
著	toh8	toʔ	阳入	着火烧,着是																																													
著	tioh8	tioʔ	阳入	肯定回复																																													
著	tsiak8	tsiak	阳入	(文)着急																																													
着	toh8	toʔ	阳入	着火烧,着是																																													
着	tioh8	tioʔ	阳入	肯定回复																																													
着	tsiak8	tsiak	阳入	(文)着急																																													
除	ti5	ti	阳平																																														
蜍	tsi5	tsi	阳平	蟾蜍tseŋ1tsi5																																													
儲	thi2	tʰi	阴上																																														
苧	te7	te	阳去	麻苧																																													
箸	ti7	ti	阳去																																														
阻	tsou2	tsou	阴上																																														
初	tshe1	tsʰe	阴平																																														
楚	tshou2	tsʰou	阴上																																														
鋤	ti5	ti	阳平	锄头公,锄头母																																													
鋤	thi5	tʰi	阳平	锄草:草料整理成堆																																													
疏	se1	se	阴平	(白)																																													
疏	sou1	sou	阴平	(文)																																													
蔬	se1	se	阴平																																														
蔬	sou1	sou	阴平	(文)																																													
梳	se1	se	阴平																																														
所	se2	se	阴上	(白)所有se2u7																																													
所	so2	so	阴上																																														
諸	tsu1	tsu	阴平																																														
諸	tsi1	tsi	阴平	诸葛亮 tsi1kak4liaŋ7																																													
諸	tsa1	tsa	阴平	诸夫诸母																																													
煮	tsi2	tsi	阴上																																														
炕	khong7	kʰoŋ	阳去	文火慢炖:kʰoŋ7牛筋																																													
處	tshi3	tsʰi	阴去																																														
處	tshu2	tsʰu	阴上																																														
書	si1	si	阴平	(文)因避嫌应该没有白读																																													
舒	tshu1	tsʰu	阴平	(白)1.铺展物品,2.滑倒																																													
舒	tshi1	tsʰi	阴平	(白)铺席子																																													
舒	tsu7	tsu	阳去	(白)1.垫的动作,塞鞋垫:舒鞋贴仔,2.垫的东西,尿布:尿舒仔																																													
舒	su1	su	阴平	(文)																																													
厝	tshu3	tsʰu	阴去	飞厝乾:燕尾脊, 涂墼厝:土块搭的屋, kʰan3厝瓦:瓦片屋																																													
澍	tshu7	tsʰu	阳去	喷射,澍水																																													
鼠	tshi2	tsʰi	阴上	猫鼠仔:三角肌																																													
暑	si2	si	阴上																																														
黍	se2	se	阴上	黍仔,扫帚黍仔,番黍																																													
庶	su3	su	阴去																																														
墅	su2	su	阴上																																														
薯	tsi5	tsi	阳平																																														
署	su2	su	阴上																																														
署	su7	su	阳去																																														
如	dzi5	dzi	阳平																																														
茹	dzi5	dzi	阳平	凌乱.茹㩝lak8㩝:胡搅蛮缠																																													
汝	li2	li	阴上																																														
居	ki1	ki	阴平																																														
裾	ki1	ki	阴平	衫仔裾:衣服下摆,桃裾:衣服下摆前后长中间短																																													
舉	ki2	ki	阴上																																														
攑	gia5	gia	阳平	(替)举起:gia5悬																																													
鋸	ki3	ki	阴去																																														
据	ki3	ki	阴去																																														
据	ki7	ki	阳去	本字徛,依靠:据拐																																													
據	ki3	ki	阴去																																														
據	ki7	ki	阳去	本字徛,依靠:据拐																																													
墟	hi1	hi	阴平	小溪墟:乡镇常倚靠圩市发展而来,故用于指代镇中心																																													
圩	hi1	hi	阴平	同墟,平和乡镇的路牌常用此字,如坂仔圩南胜圩																																													
去	khi3	kʰi	阴去	会音变成li3或i3,出去tsʰut4 li3, 食去tsiaʔ8 i3																																													
渠	ki7	ki	阳去																																														
巨	ki7	ki	阳去																																														
距	ki7	ki	阳去																																														
拒	ki7	ki	阳去																																														
魚	hi5	hi	阳平																																														
漁	hi5	hi	阳平																																														
語	gi2	gi	阴上																																														
御	gi7	gi	阳去																																														
禦	gi7	gi	阳去																																														
虚	hi1	hi	阴平																																														
噓	hi1	hi	阴平																																														
許	khou2	kʰou	阴上	(白)姓氏																																													
許	hi2	hi	阴上	(文)																																													
許	hit4	hit	阴入	那个																																													
許	het4	het	阴入	het4 tsa5:谁																																													
迄	hit4	hit	阴入	那个																																													
迄	het4	het	阴入	het4 tsa5:谁																																													
淤	i1	i	阴平																																														
於	i5	i	阳平																																														
余	i5	i	阳平																																														
餘	i5	i	阳平																																														
與	i2	i	阴上																																														
譽	gi7	gi	阳去																																														
預	i7	i	阳去	预棋:下棋,预hok8 ki1																																													
豫	i7	i	阳去																																														
夫	po1	po	阴平	(白)诸夫tsa1 po1																																													
夫	pou1	pou	阴平	同po1,诸夫																																													
夫	hu1	hu	阴平	(文)																																													
膚	lou2	lou	阴上																																														
甫	phou2	pʰou	阴上	杜甫tou2 pʰou2																																													
哺	pou7	pou	阳去																																														
斧	phu2	pʰu	阴上	(白)																																													
斧	hu2	hu	阴上	(文)																																													
府	hu2	hu	阴上																																														
腑	hu2	hu	阴上																																														
俯	hu2	hu	阴上																																														
賦	hu3	hu	阴去																																														
傅	hu3	hu	阴去																																														
付	hu3	hu	阴去																																														
敷	hu1	hu	阴平																																														
敷	phou1	pʰou	阴平	(白)敷砖仔																																													
俘	hu5	hu	阳平																																														
撫	hu2	hu	阴上																																														
撫	bu5	bu	阳平	抚猪: 挠孩子腋下逗孩子开心																																													
赴	hu3	hu	阴去	赴圩:1.赶集 2.走马观花,由前意引申得																																													
訃	phok4	pʰok	阴入	讣告pʰok4ko3																																													
符	hu5	hu	阳平																																														
扶	phou5	pʰou	阳平	(白)扶膦脬																																													
扶	hu5	hu	阳平	(文)																																													
釜	hu2	hu	阴上																																														
腐	hu7	hu	阳去	豆腐																																													
腐	hu2	hu	阴上	贪腐																																													
殕	phu2	pʰu	阴上	臭殕,生殕:腐烂																																													
輔	hu7	hu	阳去																																														
父	pee7	pɛ	阳去	(白)																																													
父	hu7	hu	阳去	(文)																																													
附	hu7	hu	阳去																																														
毋	m7	m	阳去	毋通m7maŋ1, 毋好m7mo2																																													
巫	bu5	bu	阳平	巫术																																													
誣	bu5	bu	阳平																																														
無	bo5	bo	阳平																																														
無	bu5	bu	阳平	(文)																																													
舞	bu2	bu	阴上																																														
舞	bong2	boŋ	阴上	(白)大舞狮着在弄,差一滴火碗油:很大阵仗的舞狮都请了,却不舍得灯盏一滴油;比喻人在其他地方很慷慨却在细枝末节很吝啬.此白读只在这句话出现																																													
侮	bu2	bu	阴上																																														
武	bu2	bu	阴上																																														
鵡	bu2	bu	阴上																																														
霧	bu7	bu	阳去																																														
務	bu7	bu	阳去																																														
縷	lou2	lou	阴上	一缕																																													
縷	li2	li	阴上																																														
屢	li2	li	阴上																																														
趨	khi1	kʰi	阴平																																														
㩻	khi1	kʰi	阴平	倾斜,重㩻爿:重心不稳,睏侹㩻:侧睡																																													
取	tshi2	tsʰi	阴上																																														
取	tshiu2	tsʰiu	阴上	取回																																													
娶	tshua7	tsʰua	阳去																																														
趣	tshi3	tsʰi	阴去																																														
聚	tsi7	tsi	阳去																																														
需	si5	si	阳平																																														
須	tshiu1	tsʰiu	阴平	(白)胡须喙须笔须																																													
須	si1	si	阴平	(文)																																													
鎢	ou1	ou	阴平																																														
續	sua3	sua	阴去	(白)1.接上:续手,续济仔料,2.沾上:续着																																													
續	sek8	sek	阳入	(文)																																													
蛛	ti1	ti	阴平																																														
誅	ti1	ti	阴平																																														
駐	tsu3	tsu	阴去																																														
注	tsu3	tsu	阴去	(文)																																													
注	tu3	tu	阴去	(白)形容量多:一注山,归注镭																																													
厨	tu5	tu	阳平	(文)																																													
厨	tou5	tou	阳平	(白)厨子tou5 tsi2																																													
柱	thiau7	tʰiau	阳去	柱薯:淮山																																													
𤶃	thiau7	tʰiau	阳去	𤶃仔籽:痘痘																																													
住	tsu7	tsu	阳去																																														
雛	tshu5	tsʰu	阳平	雏仔:未婚女子																																													
數	siau3	siau	阴去	(白)																																													
數	sou3	sou	阴去	(文)																																													
珠	tsiu1	tsiu	阴平	(白)目珠																																													
珠	tsu1	tsu	阴平	(文)																																													
朱	tsu1	tsu	阴平																																														
主	tsu2	tsu	阴上																																														
主	tsi2	tsi	阴上	神主:神主牌																																													
鑄	tsu3	tsu	阴去																																														
櫥	tu5	tu	阳平																																														
樞	su1	su	阴平																																														
輸	su1	su	阴平																																														
輸	si1	si	阴平																																														
戍	sut4	sut	阴入																																														
殊	su5	su	阳平																																														
豎	su7	su	阳去																																														
樹	tshiu7	tsʰiu	阳去																																														
儒	dzi5	dzi	阳平																																														
乳	dzi2	dzi	阴上																																														
拘	ki1	ki	阴平																																														
駒	ki1	ki	阴平																																														
俱	ki7	ki	阳去																																														
矩	ki2	ki	阴上																																														
句	ku3	ku	阴去																																														
枸	kou2	kou	阴上																																														
佝	ku1	ku	阴平	𤸫痀un3 ku1, 蹺痀kʰiau1 ku1, 厾痀tok4 ku1:驼背																																													
痀	ku1	ku	阴平	𤸫痀un3 ku1, 蹺痀kʰiau1 ku1, 厾痀tok4 ku1:驼背																																													
跔	khu5	kʰu	阳平	蹲下																																													
區	khi1	kʰi	阴平																																														
驅	khi1	kʰi	阴平																																														
軀	su1	su	阴平	浑躯hin1 su1																																													
軀	khi1	kʰi	阴平																																														
具	ki7	ki	阳去																																														
懼	ki7	ki	阳去																																														
虞	gi5	gi	阳平																																														
愚	gi5	gi	阳平	愚笨																																													
愚	i5	i	阳平	愚公移山																																													
娛	gi5	gi	阳平																																														
遇	gi7	gi	阳去																																														
寓	gi7	gi	阳去																																														
迂	i1	i	阴平																																														
于	i5	i	阳平																																														
盂	ou5	ou	阳平																																														
雨	hou7	hou	阳去	(白)																																													
雨	i2	i	阴上	(文)																																													
禹	i2	i	阴上																																														
宇	i2	i	阴上																																														
羽	i2	i	阴上																																														
芋	ou7	ou	阳去																																														
逾	i5	i	阳平																																														
榆	dzi5	dzi	阳平																																														
愉	dzi5	dzi	阳平																																														
愉	i5	i	阳平																																														
愈	dzi2	dzi	阴上																																														
愈	dzu2	dzu	阴上	愈来愈																																													
愈	lu2	lu	阴上	愈来愈,音变为l																																													
喻	dzi7	dzi	阳去																																														
裕	dzu7	dzu	阳去																																														
戴	ti3	ti	阴去	(白)																																													
戴	tai3	tai	阴去	(文)																																													
胎	the1	tʰe	阴平	(白)鸡仔胎																																													
胎	thai1	tʰai	阴平	(文)风胎:轮胎																																													
台	thai1	tʰai	阴平	风台																																													
台	tai5	tai	阳平																																														
態	thai3	tʰai	阴去																																														
貸	tai7	tai	阳去																																														
臺	tai5	tai	阳平																																														
苔	ti5	ti	阳平	(白)青苔																																													
苔	thi5	tʰi	阳平	同ti5																																													
苔	thai1	tʰai	阴平	(文)																																													
抬	tai5	tai	阳平																																														
殆	tai7	tai	阳去																																														
待	thai7	tʰai	阳去	管待																																													
怠	tai7	tai	阳去																																														
代	te7	te	阳去	(白)后代																																													
代	tai7	tai	阳去	(文)																																													
袋	te7	te	阳去	粪袋:农村的垃圾堆																																													
袋	te2	te	阴上	装东西:袋物件																																													
乃	nai2	nai	阴上																																														
耐	nai7	nai	阳去																																														
來	lai5	lai	阳平																																														
災	tse1	tse	阴平	(白)死囡仔灾, 着灾死囡仔																																													
災	tsai1	tsai	阴平	(文)																																													
栽	tsai1	tsai	阴平	倒头栽																																													
宰	tsai2	tsai	阴上																																														
滓	tsai2	tsai	阴上	目滓:眼泪																																													
滓	tai2	tai	阴上	1.沉淀物:结归滓,2.气味过浓:甜滓																																													
載	tsai3	tsai	阴去																																														
再	tsai3	tsai	阴去																																														
猜	tshai1	tsʰai	阴平																																														
采	tshai2	tsʰai	阴上																																														
睬	tshai2	tsʰai	阴上																																														
彩	tshai2	tsʰai	阴上																																														
菜	tshai3	tsʰai	阴去																																														
裁	tsai5	tsai	阳平																																														
材	tsai5	tsai	阳平																																														
材	tsha5	tsʰa	阳平																																														
才	tsai5	tsai	阳平	(白)才调																																													
才	tshai5	tsʰai	阳平	(文)																																													
財	tsai5	tsai	阳平																																														
在	ti7	ti	阳去																																														
在	tsai7	tsai	阳去	在厝奇南香hiũ1,出厝松柏丛:在家中受呵护可以娇贵,出门就得像松柏根须那样自寻门路了																																													
在	tshai7	tsʰai	阳去	在牢牢																																													
腮	sai1	sai	阴平	(文)腮仔																																													
腮	tshi1	tsʰi	阴平	(白)牙槽腮																																													
賽	sai3	sai	阴去																																														
該	kai1	kai	阴平																																														
改	ke2	ke	阴上	(白)戒																																													
改	kai2	kai	阴上	(文)改良仔:芗剧																																													
溉	khai3	kʰai	阴去																																														
概	khai3	kʰai	阴去																																														
開	khui1	kʰui	阴平	(白)																																													
開	khai1	kʰai	阴平	(文)																																													
凱	khai2	kʰai	阴上																																														
愷	khai2	kʰai	阴上																																														
慨	khai3	kʰai	阴去																																														
呆	tai1	tai	阴平																																														
礙	gai7	gai	阳去	妨碍,碍胃:寒性食物冷胃伤胃																																													
海	hai2	hai	阴上																																														
孩	hai5	hai	阳平																																														
亥	hai7	hai	阳去																																														
哀	ai1	ai	阴平																																														
埃	ai1	ai	阴平																																														
埃	ia1	ia	阴平	轰埃eŋ1 ia1																																													
唉	hai7	hai	阳去																																														
愛	ai3	ai	阴去																																														
貝	pue3	pue	阴去																																														
杮	phue3	pʰue	阴去	樵杮仔:木片																																													
沛	phue3	pʰue	阴去	颠沛																																													
垡	phueh8	pʰueʔ	阳入	物体表层沾满油腻:三层仔肉垡lut8sut8																																													
沛	phai3	pʰai	阴去	丰沛																																													
帶	tua3	tua	阴去	(白)																																													
帶	tai3	tai	阴去	(文)																																													
泰	thua3	tʰua	阴去	(白)长泰tio5tʰua3																																													
泰	thai3	tʰai	阴去	(文)																																													
太	thai3	tʰai	阴去	公太																																													
汰	thua7	tʰua	阳去	用清水冲洗;汰衫裤:漂洗衣物,汰喙:漱口																																													
奈	tai7	tai	阳去	无奈何tai7 ua5																																													
奈	nai7	nai	阳去																																														
賴	lua7	lua	阳去	(白)姓氏																																													
賴	nai7	nai	阳去	(文)依赖																																													
瀨	lua3	lua	阴去	地名:山格镇洪濑口,崎岭乡古濑村																																													
癩	thai2	tʰai	阴上	癞哥(鬼):原指麻风病人,后引申做恶心肮脏之意																																													
蔡	tshua3	tsʰua	阴去	(白)姓氏																																													
蓋	kua3	kua	阴去	名词:盖仔																																													
蓋	kah4	kaʔ	阴入	动词:盖被																																													
蓋	kai3	kai	阴去	盖好也:太好了																																													
蓋	khop4	kʰop	阴入	盖住																																													
丐	kai3	kai	阴去																																														
艾	hiann7	hiã	阳去																																														
害	hai7	hai	阳去																																														
藹	ai2	ai	阴上	和蔼																																													
拜	pai3	pai	阴去																																														
排	pai5	pai	阳平																																														
埋	bai5	bai	阳平																																														
埋	tai5	tai	阳平	(白)死(度人)埋si2 hoŋ5 tai5																																													
齋	tse5	tse	阳平																																														
豺	sia5	sia	阳平	豺狗:山间野狗																																													
豺	sai5	sai	阳平	豺喙:馋嘴																																													
皆	kai1	kai	阴平																																														
街	ke1	ke	阴平																																														
階	kai1	kai	阴平																																														
戒	kai3	kai	阴去	戒尺																																													
芥	kua3	kua	阴去	(白)芥菜																																													
芥	kee3	kɛ	阴去	(白)芥芒仔菜kɛ3 me5																																													
芥	kai3	kai	阴去	芥蓝仔																																													
尬	kai3	kai	阴去																																														
界	ke3	ke	阴去	(白)大四界:多的是																																													
界	kai3	kai	阴去	界限																																													
介	kai3	kai	阴去																																														
疥	kai3	kai	阴去	疥疮:痔疮																																													
届	kai3	kai	阴去																																														
楷	khai2	kʰai	阴上																																														
諧	hiap8	hiap	阳入																																														
駭	hai3	hai	阴去																																														
械	hai7	hai	阳去																																														
挨	e1	e	阴平	(白)挨砻:稻谷脱壳的磨																																													
挨	he7	he	阳去	(白)1.摩擦,肘击 2.闲逛 3.地名:霞寨镇大协关																																													
擺	pai2	pai	阴上																																														
派	phai3	pʰai	阴去	派使:1.使唤;2.送走邪祟的仪式																																													
牌	pai5	pai	阳平																																														
罷	pa7	pa	阳去																																														
稗	phe7	pʰe	阳去	稗仔																																													
買	be2	be	阴上																																														
賣	be7	be	阳去																																														
奶	ne1	ne	阴平																																														
奶	leng1	leŋ	阴平	橡奶tsʰiu7leŋ1:橡胶																																													
奶	le2	le	阴上	娘妳																																													
債	tsee3	tsɛ	阴去																																														
釵	tshee1	tsʰɛ	阴平	金簪釵																																													
柴	tsha5	tsʰa	阳平																																														
篩	thai5	tʰai	阳平	(白)米筛目,筛仔																																													
篩	sai5	sai	阳平	(文)筛选																																													
灑	se3	se	阴去	洒物件:摔东西																																													
灑	sa2	sa	阴上	潇洒																																													
曬	sai3	sai	阴去																																														
佳	kee1	kɛ	阴平																																														
佳	kai1	kai	阴平	(替)佳哉:太好了																																													
解	e7	e	阳去	解晓																																													
解	ke2	ke	阴上	1.戒:解熏解酒,2.改错:歹习惯爱解一下																																													
解	kai2	kai	阴上	(文)																																													
涯	gia5	gia	阳平																																														
崖	gia5	gia	阳平																																														
鞋	e5	e	阳平																																														
蟹	he7	he	阳去	(白)毛蟹,草蟹,蟳蟹																																													
懈	hai7	hai	阳去																																														
矮	e2	e	阴上																																														
隘	ek4	ek	阴入	地名:隘仔楼																																													
敗	pai7	pai	阳去	卸败:丢人																																													
邁	mai7	mai	阳去																																														
寨	tsee7	tsɛ	阳去																																														
蔽	pi3	pi	阴去																																														
斃	pi3	pi	阴去																																														
敝	pi7	pi	阳去																																														
幣	pi7	pi	阳去																																														
弊	pi7	pi	阳去																																														
厲	li7	li	阳去																																														
勵	le7	le	阳去																																														
例	li7	li	阳去																																														
例	le7	le	阳去																																														
祭	tse3	tse	阴去	祭墓																																													
際	tse3	tse	阴去																																														
際	tsia3	tsia	阴去	地名"磜"有时候会俗写成际,如果念成tsia3有的还会俗写做"蔗",如南寨村南蔗																																													
際	tsua3	tsua	阴去	地名"磜"有时候会俗写成际																																													
漈	tsia3	tsia	阴去	地名:山格镇高示村,坂仔镇白水漈,安厚镇漈口																																													
漈	tsua3	tsua	阴去	地名:崎岭乡际头村,小溪镇豆坪际脚,霞寨镇百丈漈村 漈尾村,坂仔镇白水漈																																													
磜	tsia3	tsia	阴去	地名:山格镇高示村,坂仔镇白水漈,安厚镇漈口																																													
磜	tsua3	tsua	阴去	地名:崎岭乡际头村,小溪镇豆坪际脚,霞寨镇百丈漈村 漈尾村,坂仔镇白水漈																																													
滯	tih8	tiʔ	阳入																																														
制	tsi3	tsi	阴去																																														
制	tse3	tse	阴去	(白)																																													
製	tsi3	tsi	阴去																																														
製	tse3	tse	阴去	(白)																																													
漬	tsi3	tsi	阴去	i3 tsi3:肮脏																																													
漬	tshi5	tsʰi	阳平	潮湿																																													
舐	tsi7	tsi	阳去	1.舔,2.用布止住:水洒出来去tsi7下																																													
勢	se3	se	阴去	(白)否势pʰaĩ2 se3																																													
勢	si3	si	阴去	(文)好势否势bai2 si3																																													
世	se3	se	阴去	(白)																																													
世	si3	si	阴去	(文)出世:出生																																													
誓	tsua7	tsua	阳去	(白)咒誓																																													
誓	si7	si	阳去	(文)																																													
誓	se7	se	阳去	(白)																																													
逝	si7	si	阳去	(文)																																													
逝	tsua7	tsua	阳去	(白)1.次:只逝,2.行:归逝																																													
藝	ge7	ge	阳去																																														
閉	pi3	pi	阴去																																														
䀫	kheh4	kʰeʔ	阴入	闭眼:禁kʰeʔ4目																																													
箅	pi3	pi	阴去																																														
批	phe1	pʰe	阴平																																														
陛	pi3	pi	阴去																																														
迷	be5	be	阳平	(白)迷信																																													
迷	mi5	mi	阳平	(文)迷彩服,迷路																																													
米	bi2	bi	阴上																																														
謎	be5	be	阳平																																														
堤	the1	tʰe	阴平																																														
低	te1	te	阴平																																														
底	te2	te	阴上																																														
抵	te2	te	阴上																																														
抵	tu2	tu	阴上	抵数																																													
拄	tu2	tu	阴上	1.支撑,2.遇到,3.顶撞,4.刚刚																																													
帝	te3	te	阴去																																														
蒂	ti3	ti	阴去	耳蒂仔:耳屏, 咙喉蒂仔:悬雍垂																																													
梯	thui1	tʰui	阴平	(白)																																													
梯	thi1	tʰi	阴平	(文)																																													
體	the2	tʰe	阴上																																														
替	the3	tʰe	阴去																																														
涕	the3	tʰe	阴去																																														
剃	thi3	tʰi	阴去																																														
提	the5	tʰe	阳平																																														
摕	theh8	tʰeʔ	阳入	拿,带:摕物件																																													
捾	kuann7	kuã	阳去	提																																													
題	te5	te	阳平																																														
蹄	te5	te	阳平																																														
啼	thi5	tʰi	阳平	鸡啼,大架鸡慢啼:形容人散漫																																													
弟	ti7	ti	阳去	(白)小弟仔																																													
弟	te7	te	阳去	(文)徒弟																																													
第	te7	te	阳去																																														
遞	te7	te	阳去																																														
泥	ni5	ni	阳平																																														
犁	le5	le	阳平																																														
黎	le5	le	阳平																																														
禮	le2	le	阴上	畏小礼																																													
麗	le7	le	阳去																																														
隸	le7	le	阳去																																														
擠	kheh4	kʰeʔ	阴入	(训)挤压																																													
濟	tse7	tse	阳去	偌济																																													
濟	tse3	tse	阴去	救济																																													
妻	tshe1	tsʰe	阴平																																														
凄	tshe1	tsʰe	阴平																																														
砌	kih4	kiʔ	阴入	砌石,五骹砌																																													
砌	gih4	giʔ	阴入	又																																													
砌	tshiat4	tsʰiat	阴入	砌墙,砌石																																													
齊	tse5	tse	阳平																																														
臍	tsai5	tsai	阳平	(白)肚脐																																													
薺	tsi5	tsi	阳平	马荸																																													
西	sai1	sai	阴平	(白)																																													
西	se1	se	阴平	(文)																																													
棲	tshe1	tsʰe	阴平																																														
犀	sai1	sai	阴平	犀角																																													
犀	se1	se	阴平	犀牛																																													
洗	se2	se	阴上	洗骹,洗浑躯,洗汤																																													
細	se3	se	阴去																																														
婿	sai3	sai	阴去																																														
䔮	se1	se	阴平	鱼se1:一种水草,因鱼类常游于其中而得名																																													
雞	ke1	ke	阴平																																														
稽	ke1	ke	阴平																																														
計	ke3	ke	阴去																																														
繼	ke3	ke	阴去																																														
系	he7	he	阳去																																														
溪	khe1	kʰe	阴平																																														
膎	ge5	ge	阳平	(替)汤里的固体,汤料,馅料																																													
啟	khe2	kʰe	阴上																																														
契	khe3	kʰe	阴去																																														
倪	ge5	ge	阳平																																														
詣	tsi2	tsi	阴上																																														
奚	he5	he	阳平																																														
繫	he7	he	阳去																																														
係	he7	he	阳去																																														
縊	ek4	ek	阴入	自缢																																													
杯	pue1	pue	阴平																																														
輩	pue3	pue	阴去																																														
背	pue3	pue	阴去	背身																																													
背	pue7	pue	阳去	背诵																																													
褙	pue3	pue	阴去	涂褙																																													
坯	phue1	pʰue	阴平	粗坯仔																																													
胚	phue1	pʰue	阴平	猪胚仔,胚才仔,死人胚,皇神胚,胚死命																																													
配	phue3	pʰue	阴去	物配																																													
培	pue5	pue	阳平																																														
陪	pue5	pue	阳平																																														
賠	pue5	pue	阳平																																														
倍	pue7	pue	阳去																																														
佩	phue7	pʰue	阳去																																														
佩	phuah8	pʰuaʔ	阳入	佩衫裤																																													
媒	bun5	bun	阳平	媒人婆																																													
媒	bue5	bue	阳平																																														
枚	bue5	bue	阳平																																														
玫	bue5	bue	阳平																																														
梅	m5	m	阳平	树梅,杨梅tsʰo5 m5(连读做tsʰom5)																																													
梅	bue5	bue	阳平	梅州,梅花																																													
每	bue2	bue	阴上																																														
昧	mai7	mai	阳去																																														
昧	mee7	mɛ	阳去	(白)																																													
妹	mai7	mai	阳去	小妹仔																																													
妹	mee7	mɛ	阳去	(白)																																													
妹	mai1	mai	阴平	阿妹,臭妹																																													
妹	mee1	mɛ	阴平	(白)																																													
堆	tu1	tu	阴平	名词,草堆																																													
堆	lu1	lu	阴平	肿块																																													
堆	tui1	tui	阴平																																														
對	tui3	tui	阴去	联对																																													
推	thui1	tʰui	阴平																																														
推	the1	tʰe	阴平	(白)																																													
推	tshui1	tsʰui	阴平	推销																																													
推	tu1	tu	阴平	1.推卸责任, 2.囤积"堆堆作垺"																																													
推	tui1	tui	阴平	同tu1																																													
推	lu1	lu	阴平																																														
推	lu7	lu	阳去	(替)																																													
撨	tshiau5	tsʰiau	阳平	(俗字)1.移动:撨桌仔 2.调整:撨时钟 3.协商:趄撨																																													
腿	thui2	tʰui	阴上																																														
退	thue3	tʰue	阴去																																														
退	the3	tʰe	阴去																																														
頽	thui5	tʰui	阳平																																														
隊	tui7	tui	阳去																																														
内	lai7	lai	阳去	(替)里,内胎:内裤																																													
雷	lui5	lui	阳平																																														
鐳	lui5	lui	阳平	钱:偌济镭,来自荷兰钱币duit或西班牙钱币real,在日常使用中替换了绝大多数钱的位置																																													
儡	le2	le	阴上	轱儡仔ka1 le2 a																																													
催	tshui1	tsʰui	阴平																																														
崔	tshui1	tsʰui	阴平																																														
罪	tsue7	tsue	阳去																																														
碎	tshui3	tsʰui	阴去																																														
瑰	bue5	bue	阳平																																														
盔	khue1	kʰue	阴平																																														
魁	khue1	kʰue	阴平																																														
魁	khuei1	kʰuei	阴平	地名:芦溪镇双峰村大魁. 应为大窠转写,当地窠念kʰuei																																													
詼	khue1	kʰue	阴平	做诙:丑角																																													
恢	hue1	hue	阴平																																														
塊	te3	te	阴去																																														
桅	ui5	ui	阳平																																														
灰	hue1	hue	阴平																																														
灰	hu1	hu	阴平	(白)壁灰,香灰																																													
悔	hue2	hue	阴上																																														
賄	hue3	hue	阴去																																														
賄	hue2	hue	阴上	分家贿:分财产																																													
晦	hui3	hui	阴去	晦气																																													
回	hue5	hue	阳平	衫仔裾回着涂粉																																													
洄	hue5	hue	阳平	地名:秀峰乡坪洄村																																													
匯	hue7	hue	阳去																																														
彙	hue7	hue	阳去																																														
潰	khui3	kʰui	阴去																																														
煨	ue1	ue	阴平	文火慢炖																																													
兌	tui7	tui	阳去																																														
兌	tue7	tue	阳去																																														
最	tsue3	tsue	阴去																																														
劊	kue3	kue	阴去																																														
會	hue7	hue	阳去	开会																																													
會	kue3	kue	阴去	会计																																													
外	gua7	gua	阳去	(白)																																													
外	gue7	gue	阳去	(文)外甥仔,外妈,外家																																													
繪	hue7	hue	阳去																																														
乖	kuai1	kuai	阴平																																														
怪	kuai3	kuai	阴去																																														
怪	kue3	kue	阴去	(白)																																													
淮	huai5	huai	阳平																																														
懷	huai5	huai	阳平																																														
懷	kui7	kui	阳去	怀囝仔:用布把孩子背在身上																																													
槐	huai5	huai	阳平																																														
傀	ka1	ka	阴平	(替)ka1 le2仔:木偶戏																																													
壞	hai7	hai	阳去	1.品质差:坏厝 2.坏掉了:坏去也																																													
拐	kuai2	kuai	阴上																																														
𢶒	kue7	kue	阳去	扭曲,不顺.kue7 tsun7 le5: 歪扭,扭伤																																													
掛	kua3	kua	阴去																																														
挂	kua3	kua	阴去																																														
卦	kuee3	kuɛ	阴去																																														
歪	uai1	uai	阴平																																														
畫	uee7	uɛ	阳去	画尪仔:画画																																													
蛙	kuai1	kuai	阴平	蛤蛙,青蛙,大肚蛙																																													
蛙	kuainn1	kuaĩ	阴平	同kuai1,大肚蛙kuaĩ1,刚长出尾巴的蝌蚪:kam2 kuaĩ1																																													
快	khuann3	kʰuã	阴去	快活 kʰuã3uãʔ8																																													
快	khuai3	kʰuai	阴去																																														
筷	khuai3	kʰuai	阴去																																														
話	uee7	uɛ	阳去																																														
脆	tshe3	tsʰe	阴去																																														
脆	tshui3	tsʰui	阴去																																														
歲	hue3	hue	阴去	(白)岁数																																													
歲	sue3	sue	阴去	(文)太岁																																													
彗	hui7	hui	阳去																																														
贅	tsue2	tsue	阴上	鱼赘仔:贅疣																																													
稅	sue3	sue	阴去	租:税厝,税度人																																													
鱖	kuee1	kuɛ	阴平	红鳜鱼																																													
衛	ue7	ue	阳去																																														
鋭	dzue7	dzue	阳去																																														
廢	hui3	hui	阴去																																														
肺	hi3	hi	阴去																																														
吠	pui7	pui	阳去																																														
穢	ue3	ue	阴去																																														
穢	ge7	ge	阳去	扫秽:扫地																																													
圭	kui1	kui	阴平																																														
胿	kui1	kui	阴平	鸡胿:1.鸡嗉子,2.气球,3.煤油灯																																													
閨	kui1	kui	阴平																																														
桂	kui3	kui	阴去																																														
奎	kui5	kui	阳平																																														
慧	hui3	hui	阴去																																														
惠	hui7	hui	阳去																																														
卑	pi1	pi	阴平																																														
碑	pue1	pue	阴平	(白)																																													
碑	pi1	pi	阴平																																														
彼	pi2	pi	阴上																																														
臂	pi3	pi	阴去	挽袖口																																													
披	phi1	pʰi	阴平																																														
譬	pi3	pi	阴去																																														
皮	phue5	pʰue	阳平	(白)																																													
皮	phi5	pʰi	阳平	(文)激着皮皮																																													
呸	phue3	pʰue	阴去																																														
疲	phi5	pʰi	阳平																																														
脾	pi5	pi	阳平	脾胃																																													
脾	phi5	pʰi	阳平	脾气																																													
被	phue7	pʰue	阳去	(白)日头被:晒太阳就像盖被子一样暖和,锄头被:下地劳作就像盖被子一样暖和																																													
被	pi7	pi	阳去	(文)被动																																													
婢	pi1	pi	阴平	奴婢																																													
避	phiah4	pʰiaʔ	阴入	避走																																													
避	pi3	pi	阴去																																														
癖	phiah4	pʰiaʔ	阴入	怪癖																																													
糜	mai5	mai	阳平	糜,饮糜仔																																													
糜	mee5	mɛ	阳平	(白)																																													
彌	mi5	mi	阳平	弥弥:散漫																																													
彌	mi1	mi	阴平	阿弥陀佛																																													
靡	mi5	mi	阳平																																														
籬	li5	li	阳平																																														
籬	le7	le	阳去	饭篱																																													
離	li7	li	阳去	离开,离骹手																																													
離	li5	li	阳平	分离																																													
璃	le5	le	阳平																																														
璃	li5	li	阳平	琉璃																																													
荔	le7	le	阳去	荔枝仔,荔珠仔																																													
紫	tsi2	tsi	阴上																																														
黹	tsi2	tsi	阴上	针黹:针线活																																													
雌	tshu5	tsʰu	阳平	雌仔:处男处女																																													
此	tshu2	tsʰu	阴上																																														
疵	tshu5	tsʰu	阳平																																														
刺	tshiah4	tsʰiaʔ	阴入	(白)刺痒																																													
刺	tshi3	tsʰi	阴去	(文)刺葱:丧母孝子手持的哭丧棒																																													
刺	tshinn3	tsʰĩ	阴去	毛刺头:毛孔																																													
斯	su1	su	阴平																																														
撕	si1	si	阴平																																														
璽	su5	su	阳平																																														
徙	sua2	sua	阴上	徙位																																													
賜	si3	si	阴去																																														
賜	su3	su	阴去	赏赐																																													
知	tsai1	tsai	阴平	(白)知影																																													
知	ti1	ti	阴平	(文)通知																																													
智	ti3	ti	阴去																																														
池	ti5	ti	阳平																																														
馳	ti5	ti	阳平																																														
支	ki1	ki	阴平	(白)天干地支,一支喙																																													
支	tsi1	tsi	阴平	(文)支持tsi1ti5																																													
枝	ki1	ki	阴平	(白)树枝																																													
枝	tsi1	tsi	阴平	(文)荔枝仔																																													
肢	ki1	ki	阴平	四肢																																													
只	tsit4	tsit	阴入	这:只位,只个,只股																																													
只	tsiah4	tsiaʔ	阴入	一只鸡仔																																													
只	tsi2	tsi	阴上	只有																																													
紙	tsua2	tsua	阴上																																														
侈	tshi2	tsʰi	阴上	奢侈tsʰia1 tsʰi2																																													
施	sua1	sua	阴平	(白)洒落																																													
施	si1	si	阴平	(文)																																													
翅	tshi3	tsʰi	阴去																																														
匙	si5	si	阳平	汤匙,锁匙,煎匙仔,灰匙仔																																													
是	si7	si	阳去																																														
氏	si7	si	阳去																																														
豉	sinn7	sĩ	阳去																																														
豉	ki5	ki	阳平	地名:金光村豉仔山																																													
兒	dzi5	dzi	阳平	红花小儿																																													
爾	nia5	nia	阳平	(替)而已,本字定																																													
羈	ki1	ki	阴平																																														
寄	kia3	kia	阴去																																														
企	thi2	tʰi	阴上	企业																																													
企	khia7	kʰia	阳去	(训)本字徛																																													
徛	khia7	kʰia	阳去	站立																																													
徛	ki7	ki	阳去	支撑:徛拐																																													
奇	ki5	ki	阳平	(文)在厝奇南香hiũ1,出厝松柏丛:在家中受呵护可以娇贵,出门就得像松柏根须那样自寻门路了																																													
奇	khia1	kʰia	阴平	(白)私奇sai1 kʰia1:私房钱																																													
奇	kha1	kʰa	阴平	(白)一奇袋仔																																													
奇	ku1	ku	阴平	(替)奇怪																																													
尻	kha1	kʰa	阴平	尻穿																																													
騎	khia5	kʰia	阳平	(白)																																													
騎	khi5	kʰi	阳平	(文)																																													
崎	kia7	kia	阳去	地名:崎岭乡;前岭未是崎,后岭各较崎:之前翻过的山岭并非最陡峭的,后面还有更陡峭的.比喻眼前困难虽大,但后头还有更困难的																																													
岐	ki5	ki	阳平	地名:安厚镇岐山村ki5san1																																													
技	ki1	ki	阴平																																														
技	ki7	ki	阳去																																														
妓	ki1	ki	阴平																																														
宜	gi5	gi	阳平																																														
儀	gi5	gi	阳平																																														
蟻	hia7	hia	阳去																																														
蟻	gi2	gi	阴上																																														
義	gi7	gi	阳去																																														
議	gi7	gi	阳去																																														
誼	gi5	gi	阳平																																														
犧	hi1	hi	阴平																																														
戲	hi3	hi	阴去																																														
椅	i2	i	阴上																																														
移	i5	i	阳平																																														
易	ek8	ek	阳入																																														
易	i7	i	阳去	容易,易经																																													
悲	pi1	pi	阴平																																														
鄙	pi2	pi	阴上	鄙人																																													
鄙	phi2	pʰi	阴上	卑鄙																																													
疕	phi2	pʰi	阴上	干疕:伤口结痂,疕仔:伤口的痂,饭疕 鼎疕:锅巴,囝仔疕:小孩子																																													
比	pi2	pi	阴上																																														
庇	pi3	pi	阴去	保庇																																													
痹	pi3	pi	阴去																																														
痹	pi5	pi	阳平	痹症																																													
泌	pi3	pi	阴去																																														
秘	pi3	pi	阴去																																														
轡	phue3	pʰue	阴去																																														
丕	phi1	pʰi	阴平																																														
屁	phui3	pʰui	阴去																																														
琵	phi5	pʰi	阳平																																														
牝	pin7	pin	阳去	牝惰pin7 tuã7																																													
備	pi7	pi	阳去																																														
鼻	phinn7	pʰĩ	阳去	鼻刀:鼻梁																																													
鼻	pit8	pit	阳入	鼻祖																																													
篦	pin3	pin	阴去	櫛篦																																													
篦	peng3	peŋ	阴去	櫛篦																																													
眉	bai5	bai	阳平	(白)目眉毛																																													
眉	mi5	mi	阳平	(文)地名:坂仔镇峨眉山村																																													
眉	mu5	mu	阳平	地名:坂仔镇峨眉山村																																													
楣	bai5	bai	阳平	门楣																																													
楣	bi5	bi	阳平																																														
黴	bue5	bue	阳平																																														
美	bi2	bi	阴上																																														
美	bue2	bue	阴上	1.美蝶仔, 2.地名小溪:圆窗美,美厝.山格:美厝,园美.霞寨:山美,角美,井美楼.坂仔:埔美.大溪:仙美,坑美.国强:仙美,岭美.安厚:大路美,狮美.崎岭:美塘,福墘美																																													
媚	bai7	bai	阳去																																														
寐	bi7	bi	阳去																																														
地	te7	te	阳去																																														
尼	ni5	ni	阳平																																														
呢	ni5	ni	阳平	呢毛衫																																													
膩	dzi7	dzi	阳去	细腻:1.节约,2.拘谨																																													
梨	lai5	lai	阳平																																														
履	li2	li	阴上																																														
利	lai7	lai	阳去	(白)金光村长利是由塘里雅化而来,菜刀毋利煎匙较利:比喻女儿比儿子厉害																																													
利	li7	li	阳去	(文)利便																																													
痢	li7	li	阳去																																														
咨	tsu1	tsu	阴平																																														
資	tsu1	tsu	阴平																																														
姿	tsu1	tsu	阴平																																														
姊	tsi2	tsi	阴上																																														
次	tshu3	tsʰu	阴去																																														
瓷	tsu5	tsu	阳平																																														
瓷	hui5	hui	阳平	(替)瓷器																																													
糍	tsi5	tsi	阳平																																														
自	tsu7	tsu	阳去																																														
私	su1	su	阴平	私奇																																													
私	si1	si	阴平	家私																																													
私	sai1	sai	阴平	(白)私奇sai1 kʰia1																																													
死	si2	si	阴上																																														
四	si3	si	阴去	(白)四三四两:一口气,一次性																																													
四	su3	su	阴去	(文)四君,四物,四神,四果汤																																													
肆	si3	si	阴去	(白)																																													
肆	su3	su	阴去	(文)																																													
致	ti3	ti	阴去																																														
遲	ti5	ti	阳平																																														
雉	ti7	ti	阳去	雉雞																																													
稚	ti7	ti	阳去																																														
師	sai1	sai	阴平	(白)师公,老师:师傅																																													
師	su1	su	阴平	(文)老师																																													
獅	sai1	sai	阴平	狮仔头:三角肌																																													
脂	tsu1	tsu	阴平	油脂																																													
脂	tsi1	tsi	阴平	脂肪																																													
指	tsai2	tsai	阴上	手指仔:手指																																													
指	tseng2	tseŋ	阴上	指甲,指头公:大拇指,指指tseŋ2tsai2:手指																																													
指	ki2	ki	阴上	指掺凿ki2tsʰam1tsʰak8:指手画脚																																													
指	tsi2	tsi	阴上	手指仔:戒指																																													
旨	tsi2	tsi	阴上																																														
至	tsi3	tsi	阴去																																														
示	si7	si	阳去																																														
示	tsia3	tsia	阴去	(替)地名:崎岭乡际头村,原为漈头,小溪镇豆坪际脚,原为漈骹																																													
示	tsua3	tsua	阴去	(替)地名:崎岭乡际头村,原为漈头,小溪镇豆坪际脚,原为漈骹																																													
尸	si1	si	阴平																																														
屍	si1	si	阴平	懒尸																																													
矢	tsit8	tsit	阳入	箭矢																																													
屎	sai2	sai	阴上	小溪眼泪是目滓tsai2,平和其他地方有用目屎																																													
嗜	si7	si	阳去																																														
視	si7	si	阳去																																														
二	dzi7	dzi	阳去																																														
二	dzu7	dzu	阳去	(文)常用于数字年份																																													
貳	dzi7	dzi	阳去																																														
貳	dzu7	dzu	阳去	(文)常用于数字年份																																													
肌	ki1	ki	阴平																																														
饥	kui1	kui	阴平	(白)枵饥失顿iau1 kui1 sit4 tuĩ3																																													
饥	ki1	ki	阴平	(文)饥荒ki1 huĩ1																																													
飢	kui1	kui	阴平	(白)枵饥失顿iau1 kui1 sit4 tuĩ3																																													
飢	ki1	ki	阴平	(文)饥荒ki1 huĩ1																																													
幾	kui2	kui	阴上	(白)几个																																													
幾	ki2	ki	阴上	(文)几何																																													
幾	ki1	ki	阴平	(文)几乎																																													
几	kui2	kui	阴上	(白)几个																																													
几	ki2	ki	阴上	(文)几何																																													
几	ki1	ki	阴平	(文)几乎																																													
冀	ki3	ki	阴去																																														
器	khi3	kʰi	阴去																																														
棄	khi3	kʰi	阴去																																														
祈	ki5	ki	阳平																																														
鰭	ki5	ki	阳平																																														
伊	i1	i	阴平																																														
懿	i3	i	阴去																																														
夷	i5	i	阳平																																														
姨	i5	i	阳平																																														
姨	inn5	ĩ	阳平	尪姨																																													
肄	i7	i	阳去																																														
你	ni2	ni	阴上																																														
厘	li5	li	阳平																																														
李	li2	li	阴上																																														
理	li2	li	阴上																																														
裏	lai7	lai	阳去	(白)内																																													
裏	li2	li	阴上	(文)																																													
里	li2	li	阴上	一里																																													
鯉	li2	li	阴上																																														
鯉	tai1	tai	阴平	(白)哥鲤,红鲤仔																																													
吏	li7	li	阳去																																														
兹	tsu1	tsu	阴平																																														
滋	tsu1	tsu	阴平																																														
囝	kiann2	kiã	阴上	(白)孩子																																													
囝	kin2	kin	阴上	kin2na2:孩子																																													
囝	kan2	kan	阴上	kan2na2:丫鬟,也有写成𡢃																																													
囝	a2	a	阴上	小称后缀,常训以仔:包仔鸡仔																																													
𡢃	kan2	kan	阴上	𡢃仔:丫鬟																																													
仔	a2	a	阴上	小称后缀:包仔鸡仔																																													
子	tsi2	tsi	阴上	(白)厨子,刀子																																													
子	tsu2	tsu	阴上	(文)子女																																													
子	dzi2	dzi	阴上	石子仔,棋子仔																																													
子	gi2	gi	阴上	石子仔																																													
籽	tsi2	tsi	阴上																																														
梓	tsi2	tsi	阴上																																														
磁	tsu5	tsu	阳平																																														
慈	tsu5	tsu	阳平																																														
字	dzi7	dzi	阳去																																														
司	si1	si	阴平																																														
司	su1	su	阴平	司法,司机																																													
絲	si1	si	阴平																																														
思	su1	su	阴平	思想																																													
思	su3	su	阴去	意思																																													
伺	su7	su	阳去	伺奉																																													
辭	si5	si	阳平	(白)辞职																																													
辭	su5	su	阳平	(文)辞典																																													
詞	su5	su	阳平																																														
祠	si5	si	阳平	祠堂																																													
巳	i2	i	阴上	巳蛇																																													
祀	tshai7	tsʰai	阳去	(白)祀翁:供神																																													
祀	su7	su	阳去	(文)																																													
似	sai7	sai	阳去	(白)熟似																																													
似	tshi7	tsʰi	阳去	(文)																																													
姒	sai7	sai	阳去	同姒taŋ5 sai7:妯娌,兄弟的妻子																																													
寺	si7	si	阳去																																														
嗣	su7	su	阳去																																														
嗣	si5	si	阳平	大溪后时由壶嗣雅化而来																																													
飼	tshi7	tsʰi	阳去																																														
置	ti3	ti	阴去																																														
痴	ti1	ti	阴平	痴哥																																													
耻	thi2	tʰi	阴上	耻笑:被嘲笑																																													
持	ti5	ti	阳平	支持																																													
峙	si7	si	阳去	对峙																																													
痔	ti7	ti	阳去																																														
治	ti7	ti	阳去	创治,在爽治中该音会鼻化为tĩ7																																													
治	thai5	tʰai	阳平	(白)治鸡																																													
刣	thai5	tʰai	阳平	杀,治的俗字																																													
輜	tsu1	tsu	阴平	辎重																																													
廁	tshek4	tsʰek	阴入																																														
廁	tsheh4	tsʰeʔ	阴入																																														
士	su7	su	阳去																																														
士	si7	si	阳去	的士仔																																													
事	su7	su	阳去																																														
事	tai7	tai	阳去	事事tai7 tsi3																																													
事	thai7	tʰai	阳去	事先																																													
事	tsi3	tsi	阴去	事事tai7 tsi3																																													
史	su2	su	阴上																																														
使	sai2	sai	阴上	1.可以:解使, 2.耍脾气:使性, 3.使唤																																													
使	sainn1	saĩ	阴平	使昵:撒娇																																													
使	su2	su	阴上																																														
駛	sai2	sai	阴上	(白)驶车:开特定线路, 同行车kiã5 tsʰia1																																													
駛	su2	su	阴上	(文)																																													
芝	tsi1	tsi	阴平																																														
之	tsi1	tsi	阴平																																														
址	tsi2	tsi	阴上																																														
止	tsi2	tsi	阴上																																														
趾	tsai2	tsai	阴上																																														
志	tsi3	tsi	阴去																																														
誌	tsi3	tsi	阴去																																														
痣	ki3	ki	阴去																																														
嗤	tshi1	tsʰi	阴平																																														
嗤	tshi7	tsʰi	阳去	气流泄出的拟声词:1.高压锅tsʰi7 tsʰu7叫 2.伊人讲话tsʰi7 tsʰa7叫																																													
齒	khi2	kʰi	阴上																																														
詩	si1	si	阴平																																														
始	si2	si	阴上																																														
試	tshi3	tsʰi	阴去	试味,试请看:试一下																																													
時	si5	si	阳平																																														
市	tshi7	tsʰi	阳去																																														
恃	si7	si	阳去																																														
侍	sai7	sai	阳去	(白)服侍																																													
侍	su7	su	阳去	(文)																																													
侍	tshi7	tsʰi	阳去	(白)侍者公tsʰi7 tsia2 kong1/tsʰi7 ia2 kong1:是三平祖师收服的神明,喜欢吃米,流传有蛇的形象																																													
而	dzi5	dzi	阳平																																														
耳	hinn7	hĩ	阳去	(白)和耳朵有关的大部分是hĩ;耳缀仔:耳垂,耳仔唇:耳轮,耳滴仔:耳屏,耳甕仔:耳内腔																																													
耳	hi7	hi	阳去	(白)涂砻换无耳:形容独子家庭,什么事情都要独子来承担,就像推磨找不到人替换																																													
耳	dzi2	dzi	阴上	(文)木耳																																													
餌	dzi7	dzi	阳去																																														
基	ki1	ki	阴平																																														
姬	ki1	ki	阴平																																														
己	ki2	ki	阴上	自己																																													
己	ti7	ti	阳去	家己kat4ti7,会音变成kat4li7																																													
紀	ki2	ki	阴上																																														
記	ki3	ki	阴去																																														
欺	khi1	kʰi	阴平																																														
起	khi2	kʰi	阴上																																														
杞	ki2	ki	阴上																																														
棋	ki5	ki	阳平																																														
其	ki5	ki	阳平																																														
旗	ki5	ki	阳平																																														
箕	ki1	ki	阴平	粪箕,簸箕																																													
期	ki5	ki	阳平																																														
忌	ki7	ki	阳去	做忌																																													
忌	i7	i	阳去	禁忌kim3i7																																													
疑	gi5	gi	阳平																																														
擬	gi2	gi	阴上																																														
嘻	hi1	hi	阴平																																														
𠱐	gi1	gi	阴平	笑声,笑𠱐𠱐:笑嘻																																													
嬉	hi1	hi	阴平																																														
禧	hi1	hi	阴平																																														
熙	hi1	hi	阴平																																														
喜	hi2	hi	阴上																																														
醫	i1	i	阴平	(文)																																													
醫	ui1	ui	阴平	(白)																																													
意	i3	i	阴去																																														
矣	i7	i	阳去																																														
怡	i5	i	阳平																																														
貽	i5	i	阳平																																														
已	gi7	gi	阳去																																														
以	i2	i	阴上																																														
異	i7	i	阳去																																														
機	kui1	kui	阴平	(白)																																													
機	ki1	ki	阴平	(文)																																													
譏	ki1	ki	阴平																																														
饑	kui1	kui	阴平	(白)枵饥失顿iau1 kui1 sit4 tuĩ3																																													
饑	ki1	ki	阴平	(文)饥荒ki1 huĩ1																																													
既	ki3	ki	阴去																																														
豈	khi2	kʰi	阴上																																														
氣	khui3	kʰui	阴去	(白)喘气,气声,气力																																													
氣	khi3	kʰi	阴去	(文)																																													
气	khui3	kʰui	阴去	(白)喘气,气声,气力																																													
气	khi3	kʰi	阴去	(文)																																													
汽	khi3	kʰi	阴去																																														
毅	ge7	ge	阳去																																														
希	hi1	hi	阴平																																														
稀	hi1	hi	阴平																																														
依	i1	i	阴平																																														
衣	ui1	ui	阴平	(白)胎盘																																													
衣	i1	i	阴平	(文)																																													
累	lui2	lui	阴上																																														
累	lui7	lui	阳去																																														
喙	tshui3	tsʰui	阴去	拍喙鼓,答喙鼓,好头喙																																													
嘴	tsui2	tsui	阴上																																														
髓	tshue2	tsʰue	阴上	骨髓																																													
隨	sui5	sui	阳平																																														
揣	tshue7	tsʰue	阳去	找																																													
吹	tshue1	tsʰue	阴平																																														
噗	phuh8	pʰuʔ	阳入	pʰuʔ8喙:吹动双唇																																													
颺	tshiunn5	tsʰiũ	阳平	吹动:风柜颺粟																																													
颺	iann7	iã	阳去	iã7胡蝇																																													
瘍	siunn5	siũ	阳平	(白)粘液,粘稠																																													
瘍	iang5	iaŋ	阳平	(文)																																													
鯗	siunn7	siũ	阳去	咸鯗味:肉腐烂的味道																																													
炊	tshue1	tsʰue	阴平																																														
垂	sue7	sue	阳去	下垂,往下流:垂落来																																													
垂	se7	se	阳去	颔垂仔:口水巾																																													
垂	sue5	sue	阳平	头垂垂																																													
垂	sui1	sui	阴平	(替)长条小口, 冲罐仔垂:茶壶口, 尿垂:膦鸟																																													
睡	tsue7	tsue	阳去	ka1 tsue7																																													
睏	khun3	kʰun	阴去	睏交觉ka1 tsue7																																													
䖙	the1	tʰe	阴平	(俗)躺下,小睡一会																																													
夗	inn1	ĩ	阴平	睡觉																																													
瑞	sui7	sui	阳去																																														
蕊	lui2	lui	阴上																																														
規	kui1	kui	阴平																																														
詭	kui2	kui	阴上																																														
虧	khui1	kʰui	阴平																																														
窺	khui1	kʰui	阴平																																														
跪	kui7	kui	阳去																																														
危	hui1	hui	阴平	危险																																													
危	ui1	ui	阴平																																														
偽	ui5	ui	阳平																																														
麾	hui1	hui	阴平																																														
毁	hui2	hui	阴上																																														
委	ui2	ui	阴上																																														
喂	ui3	ui	阴去																																														
為	ui7	ui	阳去	为了																																													
為	ui5	ui	阳平	行为																																													
壘	lui2	lui	阴上																																														
類	lui7	lui	阳去																																														
淚	lui7	lui	阳去																																														
醉	tsui3	tsui	阴去																																														
翠	tshui3	tsʰui	阴去																																														
悴	tsut4	tsut	阴入																																														
綏	sui1	sui	阴平																																														
雖	sui1	sui	阴平																																														
粹	tshui3	tsʰui	阴去																																														
遂	sui7	sui	阳去																																														
隧	sui7	sui	阳去																																														
穗	sui7	sui	阳去																																														
追	tui1	tui	阴平	催促追赶:硬共人追个																																													
槌	thui5	tʰui	阳平	摃槌仔:锤子																																													
錘	thui5	tʰui	阳平																																														
捶	tui5	tui	阳平	捶拳头母																																													
墜	tui7	tui	阳去	耳墜仔																																													
墜	thui7	tʰui	阳去	坠落去:垂落下去																																													
衰	sue1	sue	阴平	倒霉:衰㞞																																													
摔	siak4	siak	阴入	摔物件																																													
摔	sut4	sut	阴入	1.抽打 2.余光快速扫过																																													
帥	sue3	sue	阴去	玄坛元帅:赵公明																																													
率	lut8	lut	阳入	(白)效率																																													
率	suat4	suat	阴入	(文)直率																																													
錐	tsui1	tsui	阴平																																														
水	tsui2	tsui	阴上	(白)喙水,色水																																													
水	sui2	sui	阴上	(文)风水hoŋ1 sui2,水气sui2 kʰui2																																													
誰	tsa5	tsa	阳平	he3 tsa5																																													
誰	tsia5	tsia	阳平	又																																													
誰	sui5	sui	阳平																																														
龜	ku1	ku	阴平	(白)																																													
龜	kui1	kui	阴平	(文)																																													
軌	khui2	kʰui	阴上																																														
癸	khui5	kʰui	阳平																																														
愧	khui3	kʰui	阴去																																														
季	kui3	kui	阴去	着季节:蔬菜应季																																													
葵	khue5	kʰue	阳平	(白)葵扇																																													
葵	khui5	kʰui	阳平	(文)葵花																																													
逵	khui5	kʰui	阳平	李逵																																													
逵	kui5	kui	阳平																																														
櫃	kui7	kui	阳去																																														
帷	ui5	ui	阳平																																														
位	ui7	ui	阳去																																														
維	ui5	ui	阳平																																														
惟	ui5	ui	阳平																																														
遺	ui5	ui	阳平																																														
遺	i5	i	阳平																																														
唯	ui5	ui	阳平																																														
飛	pue1	pue	阴平	(白)飞丝																																													
飛	hui1	hui	阴平	(文)飞机																																													
非	hui1	hui	阴平																																														
匪	hui2	hui	阴上	土匪仔话:也称蛇话,平和建国前匪患严重,土匪内部使用一种反切密语,将一句话中前后字声母韵母互相倒装,在整句话中变换复杂晦涩难懂,今濒临失传																																													
沸	pui3	pui	阴去	(白)																																													
沸	hui3	hui	阴去	(文)																																													
痱	pui3	pui	阴去	痱仔																																													
妃	hui1	hui	阴平																																														
費	hui3	hui	阴去																																														
肥	pui5	pui	阳平	阿肥勒仔																																													
薇	bi5	bi	阳平																																														
微	bi5	bi	阳平	微微仔																																													
微	bui1	bui	阴平	雨微仔:小雨																																													
尾	bue2	bue	阴上																																														
未	bue7	bue	阳去	(白)犹未																																													
未	bi7	bi	阳去	(文)未来																																													
味	bi7	bi	阳去	味道																																													
味	mi7	mi	阳去	味素粉																																													
眯	bi1	bi	阴平	眯一下																																													
歸	kui1	kui	阴平																																														
鬼	kui2	kui	阴上																																														
貴	kui3	kui	阴去																																														
巍	gui1	gui	阴平																																														
魏	ui7	ui	阳去																																														
揮	hui1	hui	阴平																																														
輝	hui1	hui	阴平																																														
徽	hui1	hui	阴平																																														
諱	hui3	hui	阴去																																														
卉	hui3	hui	阴去																																														
威	ui1	ui	阴平																																														
畏	ui3	ui	阴去	恐惧,丢脸.毋畏m7 mui7																																													
慰	ui3	ui	阴去																																														
違	ui5	ui	阳平																																														
圍	ui5	ui	阳平																																														
葦	ui2	ui	阴上																																														
偉	ui2	ui	阴上																																														
緯	ui7	ui	阳去																																														
胃	ui7	ui	阳去																																														
謂	ui7	ui	阳去	鬼仔怪																																													
汇	hue7	hue	阳去																																														
褒	pau1	pau	阴平	褒贬																																													
保	po2	po	阴上																																														
保	pou2	pou	阴上																																														
堡	po2	po	阴上																																														
寶	po2	po	阴上																																														
報	po3	po	阴去																																														
袍	phau5	pʰau	阳平	大红袍																																													
抱	pho7	pʰo	阳去																																														
抈	moh4	moʔ	阴入	抱.moʔ4囝仔:拐卖儿童																																													
暴	pok8	pok	阳入	暴力																																													
暴	pauh4	pauʔ	阴入	突起:暴牙																																													
毛	mo5	mo	阳平																																														
芼	mo1	mo	阴平																																														
冒	mou7	mou	阳去																																														
帽	bo7	bo	阳去																																														
帽	bou7	bou	阳去																																														
刀	to1	to	阴平																																														
朷	to1	to	阴平	朷仔树:潺槁树																																													
叨	tho1	tʰo	阴平																																														
叨	tau1	tau	阴平																																														
倒	to2	to	阴上	转倒:斡旋度过																																													
倒	tue2	tue	阴上	(白)																																													
倒	tau2	tau	阴上	倒车																																													
島	to2	to	阴上																																														
禱	to2	to	阴上																																														
到	to3	to	阴去	迟到																																													
到	kau3	kau	阴去	(训)遘																																													
滔	tho1	tʰo	阴平																																														
討	tho2	tʰo	阴上																																														
套	tho3	tʰo	阴去																																														
桃	tho5	tʰo	阳平																																														
桃	thou5	tʰou	阳平	牵桃乩																																													
桃	to5	to	阳平	杨桃																																													
逃	to5	to	阳平																																														
陶	thau5	tʰau	阳平																																														
萄	to5	to	阳平																																														
㪗	thau2	tʰau	阴上	解开,消解																																													
濤	tho5	tʰo	阳平																																														
稻	tiu7	tiu	阳去	(替)本字粙																																													
粙	tiu7	tiu	阳去																																														
道	to7	to	阳去	大道公会音变做tai7liok8kong1,参考漳典的"土地公"词条																																													
導	to7	to	阳去																																														
盗	to7	to	阳去																																														
竊	tshiak4	tsʰiak	阴入																																														
腦	nau2	nau	阴上																																														
惱	lo2	lo	阴上	烦恼																																													
勞	lo5	lo	阳平																																														
撈	lau1	lau	阴平	捞话:套话																																													
嘮	lou1	lou	阴平	磨蹭"较紧个,mai3 koʔ4 lou1也"																																													
烙	lou7	lou	阳去	烧烙sio1 lou7																																													
牢	tiau5	tiau	阳平	1.牢固, 2.牛牢猪牢																																													
牢	lo5	lo	阳平	监牢																																													
老	lau7	lau	阳去	老师,老人																																													
老	lau2	lau	阴上	老实,或指古早之人事物"老个"																																													
老	lou2	lou	阴上	(文)老老lou2 lau2:寿终正寝																																													
老	ngiau2	ŋiau	阴上	老鼠																																													
遭	tso1	tso	阴平																																														
糟	tshau1	tsʰau	阴平	乱糟糟																																													
糟	tsau1	tsau	阴平	酒糟																																													
早	tsa2	tsa	阴上																																														
棗	tso2	tso	阴上																																														
蚤	tsau2	tsau	阴上	跳蚤:虼蚤																																													
躁	tsau3	tsau	阴去																																														
燥	so3	so	阴去	上火:伤燥																																													
竈	tsau3	tsau	阴去	灶台, 灶骹,灶仔																																													
操	tshau1	tsʰau	阴平	(白)操练, 做操																																													
操	tsho1	tsʰo	阴平	(文)曹操																																													
造	tsou7	tsou	阳去																																														
草	tshau2	tsʰau	阴上	(白)1.草仔茶:草药 2.力草,市草,料草,毛草																																													
草	tsho2	tsʰo	阴上	(文)草稿																																													
曹	tso5	tso	阳平																																														
褿	tsiau5	tsiau	阳平	全都																																													
褿	tsau5	tsau	阳平	同tsiau5																																													
槽	tso5	tso	阳平	鸡槽仔:鸡食槽																																													
槽	tsio5	tsio	阳平	牙槽岸gɛ5 tsio5 huã7:脸颊																																													
嘈	tshau7	tsʰau	阳去	嘈嘈滚																																													
嘈	tsha7	tsʰa	阳去	嘈嘈滚																																													
皂	tso7	tso	阳去																																														
皂	sap4	sap	阴入	(训)皂文sap4 bun5																																													
騷	so1	so	阴平																																														
臊	tsho1	tsʰo	阴平	臭臊																																													
臊	tso1	tso	阴平	鱼臊仔草:鱼腥草																																													
掃	sau3	sau	阴去	(白)扫帚sau3 tsʰiu2																																													
掃	so3	so	阴去																																														
掃	sou3	sou	阴去	(文)粪扫pun3 sou3																																													
嫂	so2	so	阴上																																														
嫂	sou2	sou	阴上	阿嫂																																													
髙	ko1	ko	阴平																																														
篙	ko1	ko	阴平	竹篙厝:一整排的房子																																													
膏	ko1	ko	阴平																																														
羔	ko1	ko	阴平																																														
糕	ko1	ko	阴平																																														
稿	ko2	ko	阴上																																														
告	ko3	ko	阴去																																														
哠	kauh8	kauʔ	阳入	啰嗦唠叨:哠哠念																																													
考	kho2	kʰo	阴上																																														
烤	kho2	kʰo	阴上																																														
靠	kho3	kʰo	阴去																																														
靠	khua3	kʰua	阴去	倚靠																																													
犒	kho3	kʰo	阴去																																														
熬	go5	go	阳平	熬酒, 熬暝																																													
熬	gou5	gou	阳平	又																																													
傲	ngou7	ŋou	阳去																																														
蒿	o1	o	阴平	茼蒿																																													
薅	khau1	kʰau	阴平																																														
好	ho2	ho	阴上	好脚数,好样,好气声,好势,好康,好范,好体,好尾景																																													
好	honn3	hõ	阴去	好鲜hõ3 tsʰĩ1:喜新厌旧																																													
𠢕	gau5	gau	阳平	厉害																																													
耗	hou7	hou	阳去																																														
豪	ho5	ho	阳平	官豪仔:竹鼠,吃官真花而得名																																													
毫	ho5	ho	阳平																																														
蠔	oh8	oʔ	阳入	蠔仔																																													
號	ho7	ho	阳去																																														
號	lo7	lo	阳去	这种:只号tsit4 lo7,存在有lo变lio																																													
號	lio7	lio	阳去	同lo7																																													
浩	ho7	ho	阳去																																														
爊	ou1	ou	阴平	爊鸡酒																																													
襖	o2	o	阴上																																														
懊	au3	au	阴去																																														
奥	au3	au	阴去																																														
包	pau1	pau	阴平																																														
包	bau7	bau	阳去	(训)承包:bau7工地																																													
胞	pau1	pau	阴平																																														
飽	pa2	pa	阴上	(白)																																													
飽	pau2	pau	阴上	(文)																																													
豹	pa3	pa	阴去	虎豹																																													
爆	pok8	pok	阳入																																														
泡	pha7	pʰa	阳去	(白)肨泡:皮肤起泡"烫着pʰoŋ3 pʰa7"																																													
泡	phau3	pʰau	阴去	(文)泡茶																																													
泡	pho3	pʰo	阴去	食物质地软烂,吃得费力塞牙缝																																													
拋	pha1	pʰa	阴平	(白)1.罔抛/抛一碾转:原意为迂回, 引申作散步 2.抛网: 捕鱼																																													
抛	phia1	pʰia	阴平	1.摸索,拿出来;2.抓取;3.兜风玩耍																																													
拋	pha5	pʰa	阳平	(白)抛戾pʰa5 le7																																													
拋	pha7	pʰa	阳去	(白)抛抛走, 抛抛颠																																													
拋	phau1	pʰau	阴平	(文)																																													
枹	phau1	pʰau	阴平	栟枹pʰin5 pʰau1:薜荔,本地柚子用瓤仔nui5 a2																																													
脬	pha1	pʰa	阴平	膦脬:阴囊																																													
炮	phau3	pʰau	阴去																																														
跑	phau2	pʰau	阴上																																														
鮑	pau1	pau	阴平																																														
刨	phau1	pʰau	阴平																																														
茅	hm5	hm	阳平	(白)																																													
茅	mau5	mau	阳平	(文)																																													
貓	ngiau1	ŋiau	阴平	猫鼠的ngiau实际是阴上,并非猫																																													
貓	ba5	ba	阳平	阿ba5仔:长辈对女生的爱称,挐猫仔:对女生贬义称呼																																													
岋	ngiauh4	ŋiauʔ	阴入	1.蠕动:ŋiauʔ4ŋiauʔ4动 2.作对:ŋiauʔ4 siau5																																													
卯	bau2	bau	阴上																																														
貌	bau7	bau	阳去	貌相																																													
貌	mau7	mau	阳去	礼貌																																													
鐃	dziau5	dziau	阳平																																														
撓	dziau3	dziau	阴去	挠痒																																													
撓	ngiau1	ŋiau	阴平	挠挠: 痒																																													
撓	ngiauh4	ŋiauʔ	阴入	挠㞞: 和人作对																																													
撓	la7	la	阳去	1.胡搅蛮缠,2.搅拌"撓火":把炉灶内燃烧物挑松开,使其燃烧充分																																													
撓	giau2	giau	阴上	拨弄挖掘:挠喙齿																																													
撓	ko5	ko	阳平	(训)搅拌:ko5饭,dzi5 ko5 ko5																																													
撓	gia3	gia	阴去	(训)向外凸显																																													
鬧	lau7	lau	阳去	闹热																																													
鬧	la7	la	阳去	惹是生非																																													
鬧	nau7	nau	阳去	(文)																																													
罩	ta3	ta	阴去	蠓罩:蚊帐																																													
罩	tau3	tau	阴去																																														
抓	tsua1	tsua	阴平																																														
搣	mee1	mɛ	阴平	五指抓:mɛ1涂沙																																													
挱	see1	sɛ	阴平	抓取"sɛ1物件":抓住东西扔出去																																													
爪	dziau2	dziau	阴上	擘爪花 pɛʔ4-dziau2-uɛ1:手脚末端麻痹																																													
找	tsau7	tsau	阳去	找镭																																													
抄	tshiau1	tsʰiau	阴平	(白)抄家																																													
抄	tshau1	tsʰau	阴平	(文)抄裤: 提裤子																																													
𦨖	tshau3	tsʰau	阴去	不安稳:tsʰau3 tsʰau3跳																																													
鈔	tshau1	tsʰau	阴平																																														
炒	tsha2	tsʰa	阴上																																														
吵	tsha2	tsʰa	阴上	(白)																																													
吵	tshau2	tsʰau	阴上	(文)吵闹																																													
巢	tshau5	tsʰau	阳平																																														
梢	siau1	siau	阴平																																														
捎	sa1	sa	阴平	抓东西																																													
捎	siau1	siau	阴平	捎物件																																													
稍	siau1	siau	阴平																																														
潲	siau5	siau	阳平	(替)本字㞞																																													
交	kau1	kau	阴平																																														
交	ka1	ka	阴平	交懍恂																																													
較	khah4	kʰaʔ	阴入																																														
較	kau3	kau	阴去																																														
蛟	kau1	kau	阴平	枫埔村金蛟是由金沟仔雅化而来																																													
郊	kau1	kau	阴平																																														
咬	ka7	ka	阳去																																														
膠	ka1	ka	阴平																																														
教	ka3	ka	阴去																																														
教	kau3	kau	阴去																																														
絞	ka2	ka	阴上																																														
狡	kau2	kau	阴上	狡猾																																													
鉸	ka1	ka	阴平	1.动作剪 2.铰剪																																													
搞	kau2	kau	阴上																																														
攪	kiau2	kiau	阴上	搅吵:打扰																																													
酵	kann3	kã	阴去	(白)酵母																																													
酵	hau1	hau	阴平	发酵																																													
窖	kau3	kau	阴去	窖肥:沤肥																																													
校	kau3	kau	阴去	检查调试:校对																																													
校	hau7	hau	阳去	(文)校长																																													
校	ka3	ka	阴去	(白)调试:校秤																																													
覺	kak4	kak	阴入																																														
敲	kha3	kʰa	阴去	(白)敲门																																													
敲	tshiau1	tsʰiau	阴平	(文)推敲																																													
卡	kha2	kʰa	阴上																																														
巧	kha2	kʰa	阴上	奇巧																																													
巧	khau2	kʰau	阴上	做巧竅:做害人的巫术																																													
巧	khiau2	kʰiau	阴上	单字用,漂亮别致																																													
竅	khiau2	kʰiau	阴上	1.关于鬼神化解的巫术:竅蟉仔,做竅,过竅,2.物品华而不实:竅料仔																																													
竅	khiau3	kʰiau	阴去	窍门																																													
竅	khio3	kʰio	阴去	做巧竅:做害人的巫术																																													
孝	ha3	ha	阴去	(白)																																													
孝	hau3	hau	阴去	(文)																																													
肴	giau5	giau	阳平																																														
效	hau7	hau	阳去																																														
坳	au1	au	阴平																																														
拗	au2	au	阴上																																														
飆	pio1	pio	阴平	飙车																																													
飆	phiu1	pʰiu	阴平	快速走																																													
標	pio1	pio	阴平	(白)投标																																													
標	piau1	piau	阴平	(文)																																													
摽	pio1	pio	阴平	龅牙"喙齿pio1pio1"																																													
表	pio2	pio	阴上	(白)																																													
表	piau2	piau	阴上	(文)																																													
錶	pio2	pio	阴上	(白)																																													
錶	piau2	piau	阴上	(文)																																													
飄	phiau1	pʰiau	阴平																																														
漂	phio1	pʰio	阴平	(白)批水漂																																													
漂	phio3	pʰio	阴去	(白)漂白粉																																													
漂	phiau1	pʰiau	阴平	漂流																																													
漂	phiau3	pʰiau	阴去																																														
票	phio3	pʰio	阴去																																														
嫖	phiau5	pʰiau	阳平																																														
瓢	phiau5	pʰiau	阳平																																														
描	biau5	biau	阳平																																														
苗	biau5	biau	阳平																																														
藐	biau2	biau	阴上																																														
渺	biau2	biau	阴上																																														
秒	biau2	biau	阴上																																														
廟	bio7	bio	阳去																																														
妙	biau7	biau	阳去																																														
燎	liau5	liau	阳平																																														
焦	ta1	ta	阴平	(白)干焦kan1na1:经常																																													
焦	tsiau1	tsiau	阴平	(文)																																													
蕉	tsio1	tsio	阴平	(白)牙蕉																																													
蕉	tsiau1	tsiau	阴平	(文)地名:芦溪镇蕉路村,从前也有写作焦路																																													
凋	tiau1	tiau	阴平																																														
椒	tsio1	tsio	阴平																																														
剿	tsau5	tsau	阳平	围剿																																													
鍬	tshiau1	tsʰiau	阴平																																														
樵	tsha5	tsʰa	阳平																																														
瞧	tshiau5	tsʰiau	阳平																																														
消	siau1	siau	阴平	忍屎袂枵,忍尿下消																																													
宵	sio1	sio	阴平	(白)																																													
宵	siau1	siau	阴平	(文)																																													
霄	sio1	sio	阴平																																														
硝	siau1	siau	阴平	炮硝																																													
銷	siau1	siau	阴平																																														
𤞚	tshio1	tsʰio	阴平	嚣张:𤞚鸡仔																																													
小	sio2	sio	阴上	(白)																																													
小	siau2	siau	阴上	(文)红花小儿: 童乩或神明称呼小孩"婆姐保庇红花小儿好邀𤆬好𠢕大"																																													
小	niu1	niu	阴平	(训)形容很小:niu1niu1仔																																													
尛	niu1	niu	阴平	形容很小:niu1niu1仔																																													
笑	tshio3	tsʰio	阴去	(白)																																													
笑	siau3	siau	阴去	(文)见笑kian3 siau3																																													
鞘	tshiau3	tsʰiau	阴去																																														
朝	tiau5	tiau	阳平																																														
朝	tiau1	tiau	阴平	三朝:三天;三朝做客:婚礼当天算在内的第三天,男方陪同女方回娘家做客,要带上三牲等礼物																																													
超	thiau1	tʰiau	阴平																																														
潮	tio5	tio	阳平																																														
趙	tio7	tio	阳去	(白)																																													
趙	tiau7	tiau	阳去	(文)																																													
兆	tiau7	tiau	阳去																																														
肇	tiau7	tiau	阳去																																														
召	tiau7	tiau	阳去																																														
昭	tsiau1	tsiau	阴平																																														
招	tsio1	tsio	阴平	招人																																													
招	tsiau1	tsiau	阴平																																														
沼	tsiau2	tsiau	阴上																																														
照	tsio3	tsio	阴去	(白)照镜, 照相, 照问																																													
照	tsiau3	tsiau	阴去	(文)照顾																																													
爁	na5	na	阳平	闪爁:闪电																																													
爁	nah4	naʔ	阴入	炙烤:naʔ4日花仔																																													
爁	na7	na	阳去	同naʔ4																																													
詔	tsiau3	tsiau	阴去																																														
燒	sio1	sio	阴平																																														
少	tsio2	tsio	阴上	(白)																																													
少	siau2	siau	阴上	(文)少个: 长辈称呼晚辈																																													
少	siau3	siau	阴去	(文)少年																																													
韶	siau5	siau	阳平																																														
紹	siau7	siau	阳去																																														
邵	siau7	siau	阳去																																														
饒	dziau5	dziau	阳平																																														
僥	hiau1	hiau	阴平	侥幸																																													
擾	dziau2	dziau	阴上																																														
繞	dziau2	dziau	阴上																																														
驕	kiau1	kiau	阴平																																														
嬌	kiau1	kiau	阴平																																														
矯	kiau2	kiau	阴上																																														
喬	kiau5	kiau	阳平																																														
僑	kiau5	kiau	阳平																																														
喬	khiau5	kʰiau	阳平	乔东乔西: 嫌东嫌西																																													
橋	kio5	kio	阳平																																														
轎	kio7	kio	阳去	(白)轿仔																																													
轎	kiau7	kiau	阳去	(文)轿车																																													
囂	hau1	hau	阴平	嚣㞞: 好色																																													
囂	hiau1	hiau	阴平	嚣张																																													
枵	iau1	iau	阴平	枵腹肚																																													
枵	iaunn1	iaũ	阴平	枵鬼:贪吃,同豺sai5																																													
妖	iau1	iau	阴平																																														
邀	io1	io	阴平	(白)邀𤆬: 带孩子																																													
邀	iau1	iau	阴平	(文)																																													
幺	io1	io	阴平																																														
要	iau1	iau	阴平	要求																																													
要	iau3	iau	阴去	要紧																																													
夭	iau2	iau	阴上	夭寿																																													
搖	io5	io	阳平																																														
謠	io5	io	阳平	歌谣																																													
窯	io5	io	阳平	瓦窑hia7io5																																													
姚	iau5	iau	阳平																																														
舀	iunn2	iũ	阴上	舀水, 舀物件																																													
耀	tshio7	tsʰio	阳去	(白)照射																																													
耀	iau7	iau	阳去	(文)																																													
刁	thiau1	tʰiau	阴平	刁工: 故意																																													
刁	thau1	tʰau	阴平	同tʰiau1																																													
刁	tiau1	tiau	阴平	放刁: 放狠话																																													
貂	tiau1	tiau	阴平																																														
雕	tiau1	tiau	阴平																																														
鳥	tsiau2	tsiau	阴上	膦鸟																																													
鴞	hioh8	hioʔ	阳入	lai7hioʔ8:老鹰																																													
吊	tiau3	tiau	阴去	(文)吊脰,吊针																																													
釣	tio3	tio	阴去																																														
挑	thio1	tʰio	阴平	(白)挑担,铁挑																																													
挑	thiau1	tʰiau	阴平	(文)																																													
跳	tio5	tio	阳平	(白)																																													
跳	thiau3	tʰiau	阴去	(文)跳起来:不服气																																													
條	tiau5	tiau	阳平	椅条																																													
調	thiau5	tʰiau	阳平	调羹仔																																													
調	thau5	tʰau	阳平	同tʰiau5,调羹仔																																													
調	tiau5	tiau	阳平	调整																																													
調	tiau7	tiau	阳去	声调																																													
調	thiau2	tʰiau	阴上	(替)tʰiau2 tʰuaʔ4:协商																																													
掉	tio7	tio	阳去	1.抽搐 2.颠簸																																													
尿	dzio7	dzio	阳去																																														
聊	liau5	liau	阳平																																														
蹽	liau5	liau	阳平	蹽水:趟水																																													
寮	liau5	liau	阳平	船寮:疍民居住的船																																													
遼	liau5	liau	阳平																																														
撩	lio5	lio	阳平	把浮在表面的物体捞起来: 撩油, 撩物件																																													
寥	liau5	liau	阳平																																														
廖	liau7	liau	阳去																																														
了	liau2	liau	阴上	了然:失望,了了:完了																																													
瞭	liau2	liau	阴上																																														
瞭	lio2	lio	阴上	眼睛一瞥																																													
料	liau7	liau	阳去	料理自身:照顾自己																																													
簫	siau1	siau	阴平																																														
蕭	siau1	siau	阴平																																														
嘯	siau3	siau	阴去																																														
繳	kiau2	kiau	阴上																																														
叫	kio3	kio	阴去																																														
藠	kio7	kio	阳去	藠头平和有叫做:lek8藠葱 dzioʔ8藠葱 loʔ8藠葱 lou7藠葱																																													
堯	giau5	giau	阳平																																														
曉	hiau2	hiau	阴上	解晓																																													
曉	iau2	iau	阴上	只在(无解)晓一词出现连读be7iau2,专指达不到, 伊(无解)晓嚇悬																																													
么	io1	io	阴平	一																																													
杳	biau2	biau	阴上																																														
剖	phua3	pʰua	阴去																																														
某	bou2	bou	阴上																																														
畝	bou2	bou	阴上																																														
牡	bou2	bou	阴上																																														
拇	bo2	bo	阴上																																														
母	bu2	bu	阴上	老母: 母亲																																													
母	bou2	bou	阴上	老婆																																													
母	bo2	bo	阴上																																														
姆	m2	m	阴上																																														
姆	bou2	bou	阴上	保姆																																													
姥	bu2	bu	阴上	老母: 母亲																																													
姥	bou2	bou	阴上	老婆																																													
姥	bo2	bo	阴上																																														
茂	bou7	bou	阳去																																														
戊	bou7	bou	阳去																																														
貿	bou7	bou	阳去																																														
貿	bauh8	bauʔ	阳入	(白)贸功课:承包工程																																													
兜	tau1	tau	阴平	家里																																													
斗	tau2	tau	阴上																																														
抖	tou2	tou	阴上																																														
鬥	tau3	tau	阴去	(白)1.拼合:斗做垺 2.相处:斗做伙 3.安装																																													
鬥	tou3	tou	阴去	(文)战斗																																													
偷	thau1	tʰau	阴平	偷获物件																																													
透	thau3	tʰau	阴去																																														
頭	thau5	tʰau	阳平																																														
投	tau5	tau	阳平																																														
豆	tau7	tau	阳去																																														
骰	tau7	tau	阳去	骰仔																																													
骰	kau7	kau	阳去	六骰																																													
褥	dzek8	dzek	阳入																																														
褥	dzioh8	dzioʔ	阳入	被褥,褥疮																																													
樓	lau5	lau	阳平	楼仔:土楼, 楼门公/楼公爷:土楼内供奉的神明,一般是土地公妈,常设在正门内部两侧																																													
漏	lau7	lau	阳去																																														
陋	lau7	lau	阳去																																														
走	tsau2	tsau	阴上	走阴,走影:大太阳天转阴天																																													
踖	tsoh8	tsoʔ	阳入	四处跑																																													
奏	tsau3	tsau	阴去																																														
湊	tshau3	tsʰau	阴去	湊歁tsʰau3 kʰam2																																													
湊	tsau3	tsau	阴去	凑巧kʰiau2																																													
叟	sou2	sou	阴上																																														
嗽	sau3	sau	阴去	嗽药水																																													
勾	kau1	kau	阴平																																														
鉤	kau1	kau	阴平	枫埔村金蛟仔是由金钩仔雅化而来																																													
鉤	ka1	ka	阴平	(白)钩吻kam1 uĩ2:断肠草																																													
溝	kau1	kau	阴平																																														
狗	kau2	kau	阴上																																														
垢	kau2	kau	阴上	油垢:头油, 出油旺盛的人睡过的地方会传染油垢:毋好睏遐伊厚油垢																																													
夠	kau3	kau	阴去																																														
構	kau3	kau	阴去	结构																																													
構	kou3	kou	阴去	机构																																													
購	kou3	kou	阴去	采购																																													
摳	khau1	kʰau	阴平	剾																																													
剾	khau1	kʰau	阴平																																														
口	khau2	kʰau	阴上																																														
口	kau2	kau	阴上	哑口ɛ̃2 kau2,巷子口:巷子头																																													
叩	khau3	kʰau	阴去	叩碌碡la5 tat8																																													
扣	khau3	kʰau	阴去																																														
寇	khau3	kʰau	阴去																																														
藕	ngau7	ŋau	阳去	藕																																													
偶	ngau2	ŋau	阴上	(白)偶数ŋau2 siau2																																													
偶	ngou2	ŋou	阴上	(文)偶数ŋou2 siau2																																													
偶	gou2	gou	阴上	(文)配偶pʰue3 gou2																																													
吼	hau2	hau	阴上																																														
侯	kau5	kau	阳平	(白)闽侯县																																													
侯	hau5	hau	阳平	(文)侯山宫																																													
喉	au5	au	阳平																																														
猴	kau5	kau	阳平																																														
後	au7	au	阳去	后尾仔, 后壁																																													
後	hau7	hau	阳去	后生																																													
厚	kau7	kau	阳去	(白)																																													
厚	hou7	hou	阳去	(文)																																													
后	hau7	hau	阳去	天后宫																																													
候	hau7	hau	阳去																																														
謳	au1	au	阴平																																														
歐	au1	au	阴平																																														
甌	au1	au	阴平	瓯仔粉:漂白粉,常用于清洗小杯子而得名																																													
嘔	au2	au	阴上																																														
毆	au1	au	阴平																																														
漚	au3	au	阴去	臭腐味																																													
媼	au2	au	阴上	媼个:称呼母亲																																													
否	phainn2	pʰaĩ	阴上	否囝,否势pʰaĩ2 se3																																													
否	bai2	bai	阴上	否势bai2 si3,心否无人知喙否大厉害																																													
痞	phainn2	pʰaĩ	阴上	本字否:pʰaĩ2囝																																													
富	pu3	pu	阴去	(白)代代富																																													
富	hu3	hu	阴去	(文)富贵																																													
副	hu3	hu	阴去																																														
浮	phu5	pʰu	阳平	(白)																																													
浮	hu5	hu	阳平	(文)																																													
浡	phuh8	pʰuʔ	阳入	浮肿:ham3 pʰuʔ8"气遘ham3pʰuʔ8"																																													
阜	pu7	pu	阳去																																														
負	hu7	hu	阳去																																														
婦	pu7	pu	阳去	(白)新妇																																													
婦	hu7	hu	阳去	(文)妇女节																																													
複	hok4	hok	阴入	复杂																																													
複	hok8	hok	阳入	恢复																																													
謀	bou5	bou	阳平																																														
矛	mo5	mo	阳平																																														
眸	bou5	bou	阳平																																														
紐	liu2	liu	阴上	纽仔																																													
扭	niu2	niu	阴上																																														
留	lau5	lau	阳平	(白)																																													
留	liu5	liu	阳平	(文)芦溪镇九曲村留恩																																													
榴	liu5	liu	阳平																																														
餾	liu7	liu	阳去	加热食物																																													
劉	lau5	lau	阳平																																														
流	lau5	lau	阳平	(白)																																													
流	liu5	liu	阳平	(文)																																													
硫	liu5	liu	阳平																																														
琉	liu5	liu	阳平																																														
柳	liu2	liu	阴上																																														
溜	liu1	liu	阴平	遛遛须须食目珠:出门在外没人教,只能是自己看自己学,有样学样																																													
溜	liu3	liu	阴去	1.脱:溜皮,  2.舔, 3.油腻:垡溜溜																																													
酒	tsiu2	tsiu	阴上																																														
酋	tshiu5	tsʰiu	阳平																																														
秋	tshiu1	tsʰiu	阴平																																														
就	tsiu7	tsiu	阳去																																														
修	siu1	siu	阴平																																														
羞	tshiu1	tsʰiu	阴平	手指划脸颊,羞羞羞																																													
秀	siu3	siu	阴去	地名里有的秀,是由小雅化而来;如秀峰sio2pʰaŋ1,由"小峰"雅化而来																																													
鏽	siu3	siu	阴去																																														
繡	siu3	siu	阴去																																														
宿	sok4	sok	阴入	宿舍																																													
宿	siok4	siok	阴入	住宿																																													
宿	sek4	sek	阴入	星宿																																													
囚	kiu5	kiu	阳平																																														
袖	siu3	siu	阴去																																														
肘	tiu2	tiu	阴上	肘掣: 耍性子																																													
晝	tau2	tau	阴上	(白)																																													
晝	tiu2	tiu	阴上	(文)																																													
抽	thiu1	tʰiu	阴平																																														
丑	thiunn2	tʰiũ	阴上	子丑寅卯																																													
綢	tiu5	tiu	阳平	绸缎																																													
稠	tiu5	tiu	阳平																																														
籌	thiu5	tʰiu	阳平	筹备																																													
紂	tiu7	tiu	阳去																																														
宙	tiu7	tiu	阳去																																														
皺	dziau5	dziau	阳平	dziau5kĩ3kaĩ3:皱巴巴																																													
皺	niau3	niau	阴去	皱眉																																													
愁	tshiu5	tsʰiu	阳平																																														
驟	tso7	tso	阳去																																														
搜	sou1	sou	阴平																																														
颼	sou1	sou	阴平																																														
周	tsiu1	tsiu	阴平																																														
舟	tsiu1	tsiu	阴平																																														
洲	tsiu1	tsiu	阴平	溪洲																																													
州	tsiu1	tsiu	阴平																																														
帚	tshiu2	tsʰiu	阴上	扫帚																																													
咒	tsiu3	tsiu	阴去	咒誓																																													
蛀	tsiu3	tsiu	阴去	蛀虫:啃食木头的蛀虫																																													
醜	thiunn2	tʰiũ	阴上	小丑																																													
臭	tshau3	tsʰau	阴去																																														
收	siu1	siu	阴平																																														
手	tshiu2	tsʰiu	阴上	手尾																																													
首	siu2	siu	阴上																																														
守	tsiu2	tsiu	阴上	(白)守寡																																													
守	siu2	siu	阴上	(文)																																													
獸	siu3	siu	阴去																																														
仇	tshiu5	tsʰiu	阳平	仇人																																													
酬	siu5	siu	阳平																																														
受	siu7	siu	阳去																																														
壽	siu7	siu	阳去																																														
授	siu7	siu	阳去																																														
售	siu7	siu	阳去																																														
泅	siu5	siu	阳平	游,袂晓泅溪嫌溪弯																																													
柔	dziu5	dziu	阳平																																														
揉	dziu5	dziu	阳平																																														
鳩	khiu1	kʰiu	阴平	斑鸠																																													
鳩	kiu1	kiu	阴平	地名:坂仔镇斑鸠飞																																													
鬮	khau1	kʰau	阴平	拾阄, 僭鬮																																													
九	kau2	kau	阴上	(白)																																													
九	kiu2	kiu	阴上	(文)九峰, 九曲																																													
九	kiau2	kiau	阴上	跋九,落九,和九																																													
久	ku2	ku	阴上	(白)																																													
韭	ku2	ku	阴上	本地祭拜都会准备韭菜,寓意美满长存"韭菜食久久"																																													
灸	ku3	ku	阴去																																														
究	kiu3	kiu	阴去																																														
救	kiu3	kiu	阴去																																														
丘	khu1	kʰu	阴平	1.姓氏,2.一块地的单位:一丘堘,3.堘丘:田沟																																													
丘	ku1	ku	阴平	厝丘,由厝龟雅化而来																																													
求	kiu5	kiu	阳平																																														
球	kiu5	kiu	阳平																																														
舅	ku7	ku	阳去																																														
臼	khu7	kʰu	阳去	樁臼面tseŋ1 kʰu7 mi7																																													
咎	kiu7	kiu	阳去																																														
舊	ku7	ku	阳去																																														
柩	khu7	kʰu	阳去	一柩棺材																																													
柩	kiu7	kiu	阳去	灵柩																																													
牛	gu5	gu	阳平																																														
休	hiu1	hiu	阴平																																														
朽	hiu2	hiu	阴上																																														
裘	hiu5	hiu	阳平	大裘:大衣																																													
憂	iu1	iu	阴平																																														
優	iu1	iu	阴平																																														
尤	iu5	iu	阳平																																														
郵	iu5	iu	阳平																																														
魷	dziu5	dziu	阳平	鱿鱼须																																													
有	u7	u	阳去	(白)																																													
有	iu2	iu	阴上	(文)有限iu2 an7: 不可能, 望伊创只项事志亦是有限																																													
友	iu2	iu	阴上																																														
又	iu7	iu	阳去																																														
右	iu7	iu	阳去																																														
宥	iu7	iu	阳去																																														
祐	iu7	iu	阳去																																														
油	iu5	iu	阳平																																														
游	iu5	iu	阳平																																														
悠	iu1	iu	阴平																																														
猶	au2	au	阴上	犹未																																													
猶	iu5	iu	阳平																																														
由	iu5	iu	阳平																																														
岫	siu7	siu	阳去																																														
酉	iu7	iu	阳去																																														
誘	iu2	iu	阴上																																														
誘	siann5	siã	阳平	本字餳:引诱																																													
釉	iu7	iu	阳去																																														
柚	nui5	nui	阳平	本字可能是瓤																																													
彪	piau1	piau	阴平																																														
彪	piu1	piu	阴平																																														
謬	miau7	miau	阳去																																														
謬	biu7	biu	阳去																																														
糾	kiu1	kiu	阴平																																														
糾	kiu3	kiu	阴去	弯曲,收缩																																													
幽	iu1	iu	阴平																																														
幼	iu3	iu	阴去	幼枝骨:苗条瘦幼																																													
茈	tsinn2	tsĩ	阴上	幼小,幼嫩:tsĩ2姜																																													
耽	tam1	tam	阴平																																														
貪	tham1	tʰam	阴平																																														
探	tham3	tʰam	阴去																																														
探	tham1	tʰam	阴平	俯身够东西																																													
潭	tham5	tʰam	阳平																																														
譚	tham5	tʰam	阳平																																														
南	lam5	lam	阳平																																														
男	lam5	lam	阳平																																														
婪	lam5	lam	阳平																																														
簪	tsam1	tsam	阴平																																														
參	tsham1	tsʰam	阴平	参加,参详																																													
參	som1	som	阴平	人参,参仔																																													
慘	tsham2	tsʰam	阴上																																														
蠶	tsheng5	tsʰeŋ	阳平	蚕仔:桑葚树,蚕仔子:桑葚																																													
感	kam2	kam	阴上																																														
𠖫	kam2	kam	阴上	1.遮:𠖫雨伞,2.盖子:鼎𠖫,3.𠖫肚:反刍动物的胃																																													
堪	kham1	kʰam	阴平	承受:解堪,(无解)堪																																													
龕	kham1	kʰam	阴平																																														
坎	kham2	kʰam	阴上																																														
砍	kham2	kʰam	阴上																																														
勘	kham1	kʰam	阴平																																														
勘	khan3	kʰan	阴去	1.动词:盖厝瓦:瓦片厝 2.名词:盖仔																																													
含	kann5	kã	阳平	(白)1.东西包揽到身边, 2.顺带做事情, 3.照料																																													
含	kam5	kam	阳平	(白)																																													
含	ham5	ham	阳平	(文)																																													
含	ham3	ham	阴去	贬义吃,含肚:原意可能是向逝者口中塞入物品,后引申为贪吃																																													
暍	hannh4	hãʔ	阴入	受到气体冲击:hãʔ4烧气																																													
頷	am7	am	阳去	颔仔																																													
函	ham5	ham	阳平																																														
涵	ham5	ham	阳平																																														
涵	am5	am	阳平	涵管:引水用的管子																																													
涵	ann2	ã	阴上	偏袒																																													
撼	ham7	ham	阳去																																														
撼	ham2	ham	阴上	砍砸																																													
撼	hmh4	hmh	阴入	棍棒敲击																																													
憾	ham7	ham	阳去																																														
庵	am1	am	阴平																																														
諳	am1	am	阴平																																														
暗	am3	am	阴去	卜暗仔:傍晚																																													
擔	tann1	tã	阴平	(白)抬头																																													
擔	tann3	tã	阴去	(白)担子																																													
擔	tam1	tam	阴平	(文)																																													
膽	tann2	tã	阴上																																														
坍	tham1	tʰam	阴平																																														
毯	than2	tʰan	阴上																																														
痰	tham5	tʰam	阳平																																														
談	tann3	tã	阴去	(替)无讲无tã3																																													
談	tam5	tam	阳平	谈话																																													
淡	tam7	tam	阳去																																														
淡	tiam7	tiam	阳去	淡薄仔tiam7 puaʔ8																																													
淡	teng7	teŋ	阳去																																														
淡	tann7	tã	阳去	(白)试咸淡																																													
藍	lam5	lam	阳平																																														
籃	na5	na	阳平																																														
箢	uinn2	uĩ	阴上	uĩ2仔:杆秤上的小竹盘																																													
欖	na2	na	阴上	橄榄孙																																													
覽	lam2	lam	阴上																																														
纜	lam2	lam	阴上																																														
濫	lam7	lam	阳去	濫糝lam7 sam2,会弱化成lan.饭糝:饭泥																																													
慚	tshan5	tsʰan	阳平																																														
暫	tsiam7	tsiam	阳去																																														
暫	tseng7	tseŋ	阳去																																														
暫	tsam7	tsam	阳去																																														
鏨	tsam7	tsam	阳去	斩																																													
三	sann1	sã	阴平	(白)																																													
三	sam1	sam	阴平	(文)三公量:什么事情都能包容																																													
衫	sann1	sã	阴平	(白)																																													
衫	sam1	sam	阴平	(文)hun7sam1:衬衫,童衫:婴儿衣服																																													
柑	kam1	kam	阴平																																														
泔	kam1	kam	阴平																																														
甘	kam1	kam	阴平																																														
敢	kann7	kã	阳去	(白)																																													
敢	kam1	kam	阴平	(文)敢毋, 也有kom1m7																																													
橄	kan1	kan	阴平																																														
蚶	ham1	ham	阴平																																														
喊	ham2	ham	阴上																																														
喊	hiam3	hiam	阴去	呼喊动物:hiam3牛																																													
憨	ham1	ham	阴平																																														
邯	ham1	ham	阴平																																														
酣	ham1	ham	阴平																																														
站	tsam7	tsam	阳去																																														
賺	tsuan2	tsuan	阴上																																														
斬	tsann2	tsã	阴上	(白)截断																																													
斬	tsam2	tsam	阴上	(文)																																													
蘸	tsann3	tsã	阴去	(白)蘸料																																													
蘸	tsam3	tsam	阴去	(文)																																													
讒	tsham5	tsʰam	阳平																																														
饞	tshan5	tsʰan	阳平	谗言																																													
饞	sai5	sai	阳平	本字豺																																													
杉	sam1	sam	阴平	杉仔:杉树																																													
尷	kam1	kam	阴平																																														
減	kiam2	kiam	阴上																																														
鹼	kinn1	kĩ	阴平																																														
堿	kinn1	kĩ	阴平																																														
鹹	kiam5	kiam	阳平																																														
鹹	keng5	keŋ	阳平																																														
咸	ham5	ham	阳平																																														
陷	ham7	ham	阳去	冲陷:中煞																																													
攙	tsham1	tsʰam	阴平																																														
懺	tsham3	tsʰam	阴去																																														
監	kann1	kã	阴平	(白)监狱																																													
監	kam3	kam	阴去	(文)监督																																													
鑒	kam3	kam	阴去																																														
鑑	kam3	kam	阴去																																														
巖	na5	na	阳平	(白)1.石岩, 2.龙岩																																													
巖	giam5	giam	阳平	(文)称呼宫庙;溪洲东古岩																																													
巖	geng5	geŋ	阳平	(文)称呼宫庙;溪洲东古岩																																													
銜	ham5	ham	阳平																																														
艦	lam7	lam	阳去	地名:山格镇内舰																																													
貶	pian2	pian	阴上																																														
貶	peng2	peŋ	阴上	(白)																																													
黏	liam5	liam	阳平																																														
黏	ni5	ni	阳平	多ni5:桃金娘,芋ni5:一种小芋头																																													
廉	lian5	lian	阳平																																														
鐮	liam5	liam	阳平	镰刀																																													
鐮	leng5	leŋ	阳平	镰勒仔leŋ5lek4ga2																																													
臁	liam5	liam	阳平	骹臁:小腿的前面部分,与"后肚"相对																																													
簾	ni5	ni	阳平	簾檐水滴原位:屋檐滴水始终不变,比喻上辈家风不正,下辈也不会明理贤良																																													
簾	li5	li	阳平	帘子:门簾																																													
斂	liam2	liam	阴上																																														
殮	liam2	liam	阴上																																														
尖	tsiam1	tsiam	阴平																																														
殲	tshiam1	tsʰiam	阴平																																														
籤	tshiam1	tsʰiam	阴平																																														
簽	tshiam1	tsʰiam	阴平																																														
薟	hiam1	hiam	阴平	刺鼻气味																																													
潛	tshian5	tsʰian	阳平																																														
潛	tshiang3	tsʰiaŋ	阴去	扎入水中																																													
漸	tsiam7	tsiam	阳去																																														
暹	siam1	siam	阴平																																														
纖	tshiam1	tsʰiam	阴平	纤维																																													
纖	siam1	siam	阴平	(替)无咸无siam1:味道淡																																													
沾	tsiam1	tsiam	阴平	沾沾自喜																																													
沾	tsam1	tsam	阴平	昆虫沾到物品:蜂沾花																																													
粘	liam5	liam	阳平																																														
粘	tsiam1	tsiam	阴平	粘米:糯米																																													
瞻	tsan1	tsan	阴平																																														
砧	tiam1	tiam	阴平	砧仔																																													
占	tsiam1	tsiam	阴平																																														
占	tsiam3	tsiam	阴去																																														
占	tin3	tin	阴去	占位置																																													
占	teng3	teŋ	阴去	占位																																													
陝	siam2	siam	阴上																																														
閃	siam2	siam	阴上	(文)																																													
閃	sinnh4	sĩʔ	阴入	(白)闪爁sĩh4 na5:闪电																																													
贍	tsan1	tsan	阴平	瞻养																																													
染	ni2	ni	阴上	(白)染头毛																																													
染	dziam2	dziam	阴上	(文)感染																																													
染	i3	i	阴去	(训)沾染																																													
冉	dziam2	dziam	阴上																																														
檢	kiam2	kiam	阴上																																														
鉗	khinn5	kʰĩ	阳平	拑:抓住																																													
儉	khiam7	kʰiam	阳去																																														
驗	giam7	giam	阳去																																														
險	hiam2	hiam	阴上																																														
淹	im1	im	阴平	(白)																																													
淹	iam1	iam	阴平	(文)																																													
閹	iam1	iam	阴平	阉鸡																																													
掩	iam2	iam	阴上	掩门																																													
掩	uinn1	uĩ	阴平	(训)遮掩:uĩ1青盲																																													
掩	uinn7	uĩ	阳去	(训)眼睛看不清																																													
厭	iam3	iam	阴去																																														
厭	ia3	ia	阴去	厌倦																																													
炎	iam7	iam	阳去																																														
鹽	iam5	iam	阳平																																														
鹽	sinn7	sĩ	阳去	1.腌制"盐咸菜",2.受化学反应刺激"目珠盐一下盖痛也"																																													
芫	iam5	iam	阳平	芫荽																																													
荽	suinn1	suĩ	阴平	芫荽																																													
閻	giam5	giam	阳平																																														
檐	tsinn5	tsĩ	阳平	簾檐水滴原位:屋檐滴水始终不变,比喻上辈家风不正,下辈也不会明理贤良																																													
蟾	tseng1	tseŋ	阴平	蟾蜍tseŋ1tsi5																																													
艷	iam7	iam	阳去																																														
焰	iam7	iam	阳去																																														
焰	iann7	iã	阳去	(白)火焰																																													
劍	kiam7	kiam	阳去																																														
欠	khiam3	kʰiam	阴去																																														
嚴	giam5	giam	阳平																																														
儼	giam2	giam	阴上																																														
鍁	liam1	liam	阴平	半锨仔puã3 liam1 ma																																													
掂	tiam1	tiam	阴平																																														
點	tiam2	tiam	阴上																																														
𢯩	dzih8	dziʔ	阳入	按压的动作																																													
墊	tiam7	tiam	阳去																																														
店	tiam3	tiam	阴去																																														
惦	tiam7	tiam	阳去	惦静:安静																																													
惦	tim1	tim	阴平	(训)tim1 tim1:安静																																													
扂	tiam7	tiam	阳去	安静																																													
扂	tim1	tim	阴平	(训)tim1 tim1:安静																																													
添	thinn1	tʰĩ	阴平	(白)添衫仔裤																																													
添	thiam1	tʰiam	阴平	(文)添油:给寺庙添香火钱																																													
悿	thiam2	tʰiam	阴上	劳累																																													
甜	tinn1	tĩ	阴平																																														
拈	ni1	ni	阴平																																														
拈	liam1	liam	阴平																																														
鮎	liam5	liam	阳平																																														
念	liam7	liam	阳去																																														
僭	tshiam3	tsʰiam	阴去	僭阄tsʰiam3 kʰau1																																													
兼	kiam1	kiam	阴平																																														
謙	khiam1	kʰiam	阴平																																														
歉	khiam2	kʰiam	阴上																																														
嫌	hiam5	hiam	阳平																																														
泛	ham3	ham	阴去																																														
泛	huan3	huan	阴去																																														
凡	huan5	huan	阳平																																														
帆	phang5	pʰaŋ	阳平	(白)																																													
帆	huan5	huan	阳平	(文)																																													
範	pan7	pan	阳去	(白)大范,有范,范仔																																													
範	huan7	huan	阳去	(文)																																													
范	pan7	pan	阳去	(白)大范,有范,范仔																																													
范	huan7	huan	阳去	(文)																																													
犯	huan7	huan	阳去																																														
梵	huan7	huan	阳去																																														
答	tah4	taʔ	阴入	(白)答应																																													
答	tap4	tap	阴入	(文)答喙鼓																																													
搭	tah4	taʔ	阴入	搭戏棚																																													
踏	tah8	taʔ	阳入																																														
沓	thah8	tʰaʔ	阳入	一叠																																													
納	lah4	laʔ	阴入	纳凉																																													
納	luah8	luaʔ	阳入	地名:豆坪村纳树脚,这个地名有很多种读法:luah8/lah8/lau7,对应的是"赖树骹/蜡树骹/老树骹",因为这里位于豆坪赖氏祠堂的山脚下,且有一棵蜡树.因此有很多种称呼																																													
納	lap8	lap	阳入	收纳,纳税																																													
納	la3	la	阴去	纳凉																																													
拉	la1	la	阴平	拉lun1:微微热, 拉uɛ:挑剔																																													
拉	lah8	laʔ	阳入	割开																																													
雜	tsap8	tsap	阳入																																														
蛤	kap4	kap	阴入	蛤蛙																																													
鴿	kap4	kap	阴入																																														
喝	huah4	huaʔ	阴入	呼喊:喝东喝西																																													
喝	hat4	hat	阴入	单字使用, 大声呵斥,大呼小叫																																													
喝	hak4	hak	阴入	同hat4																																													
喝	hap4	hap	阴入	(白)喝仙hap4 sian1																																													
合	kap4	kap	阴入	(白)合馅:配馅料, 合册:包书皮																																													
合	kah4	kaʔ	阴入	(白)																																													
合	hap8	hap	阳入	(文)																																													
合	ah8	aʔ	阳入	合适,合心意																																													
合	hah8	haʔ	阳入	合适																																													
盒	ah8	aʔ	阳入	匣																																													
盒	hap8	hap	阳入	荐盒:拜神明的小包糖果,本地通常是冬瓜条冰糖和一点小糖果																																													
榻	thah4	tʰaʔ	阴入																																														
塔	thah4	tʰaʔ	阴入																																														
塌	thap4	tʰap	阴入	填补:塌镭																																													
塌	lap4	lap	阴入	塌陷																																													
臘	lah8	laʔ	阳入																																														
蠟	lah8	laʔ	阳入																																														
鑞	lah8	laʔ	阳入																																														
磕	khap8	kʰap	阳入																																														
闔	hap8	hap	阳入	阖家平安																																													
插	tshah4	tsʰaʔ	阴入																																														
插	tshap4	tsʰap	阴入	1.理睬 2.里面再添一层																																													
閘	tsannh8	tsãʔ	阳入	闸牢:堵住																																													
閘	tsah8	tsaʔ	阳入	同tsaʔ8																																													
閘	tshuann7	tsʰuã	阳去	闸门:锁门																																													
煠	sah8	saʔ	阳入																																														
霎	sap4	sap	阴入	雨霎仔																																													
夾	giap4	giap	阴入	夹仔																																													
夾	gap4	gap	阴入	被东西夹伤"度门夹着"																																													
夾	hap4	hap	阴入	同gap4																																													
夾	ngeeh4	ŋɛʔ	阴入	夹物件																																													
夾	kah4	kaʔ	阴入	1.带在身边:夹囝 2.搭配:夹糜饭食																																													
夾	kap4	kap	阴入	夹馅:配馅料,夹册皮:包书皮																																													
夾	kiap4	kiap	阴入	1.kiap4 nih4:眨眼睛 2.电子设备信号不好:猫夹夹 3.电子设备老化卡顿:手机用久解夹 4.物品具有粘性:软粿仔解夹手																																													
莢	keh4	keʔ	阴入	一荚花生																																													
篋	kheh4	kʰeʔ	阴入	铁篋仔:铁文具盒																																													
鍥	keh4	keʔ	阴入	锲仔镰,草锲仔																																													
恰	khap4	kʰap	阴入																																														
狹	eh8	eʔ	阳入																																														
峽	kiap4	kiap	阴入	海峡																																													
洽	kop8	kop	阳入	粘稠:lo5 kop8 kop8																																													
甲	kah4	kaʔ	阴入	(白)																																													
甲	kiap4	kiap	阴入	(文)马甲																																													
裌	kah4	kaʔ	阴入																																														
匣	ah8	aʔ	阳入																																														
鴨	ah4	aʔ	阴入																																														
押	ah4	aʔ	阴入	(白)1.押金																																													
押	ap4	ap	阴入	(文)抵押																																													
壓	teeh4	tɛʔ	阴入	本字笮																																													
壓	ap4	ap	阴入	压力,压迫																																													
壓	ah8	aʔ	阳入	压尺,压线																																													
笮	teeh4	tɛʔ	阴入	压																																													
聶	liap4	liap	阴入																																														
鑷	giap4	giap	阴入																																														
躡	neeh4	nɛʔ	阴入	躡骹尾																																													
獵	lah8	laʔ	阳入	拍猎																																													
獵	ba5	ba	阳平	犛:猎物																																													
犛	ba5	ba	阳平	猎物																																													
接	tsih4	tsiʔ	阴入	(白)1.托住 2.迎:接棺																																													
接	tsiap4	tsiap	阴入	(文)接大厝																																													
妾	tshiap4	tsʰiap	阴入																																														
捷	tsiap8	tsiap	阳入	(白)经常:捷创																																													
捷	tsiat8	tsiat	阳入	(文)																																													
輒	tiap4	tiap	阴入																																														
摺	tsih4	tsiʔ	阴入	折衫仔裤																																													
折	tsih4	tsiʔ	阴入	(白)摺																																													
折	tsih8	tsiʔ	阳入	(白)断:骹折去																																													
折	sih8	siʔ	阳入	(白)折本:亏本																																													
折	tsiat4	tsiat	阴入	(文)拍折																																													
攝	liap4	liap	阴入																																														
攝	siap4	siap	阴入	摄取																																													
屟	siap4	siap	阴入	1.硬塞,2.行贿																																													
涉	siap8	siap	阳入																																														
葉	iap8	iap	阳入	姓氏																																													
劫	kiap4	kiap	阴入																																														
怯	khiap4	kʰiap	阴入																																														
業	giap8	giap	阳入																																														
脅	hiap8	hiap	阳入																																														
貼	tah4	taʔ	阴入	(白)1.粘贴 2.紧贴着																																													
貼	thiap4	tʰiap	阴入	(文)																																													
帖	thiap4	tʰiap	阴入	请帖																																													
疊	thiap8	tʰiap	阳入	(文)																																													
疊	thah8	tʰaʔ	阳入	(白)1.量词,一叠;2.长衫叠马褂																																													
牒	tiap8	tiap	阳入																																														
蝶	tiap8	tiap	阳入	合蝶																																													
蝶	iah8	iaʔ	阳入	bue2 iaʔ8美蝶仔,美蝶精																																													
諜	tiap8	tiap	阳入																																														
協	hiap8	hiap	阳入																																														
協	he7	he	阳去	地名:霞寨镇大协关,山势弯绕he7来he7去而得名																																													
俠	hiap8	hiap	阳入																																														
挾	hiap8	hiap	阳入																																														
法	huat4	huat	阴入																																														
乏	huat8	huat	阳入	(文)																																													
稟	peng2	peŋ	阴上																																														
品	phin2	pʰin	阴上																																														
品	pheng2	pʰeŋ	阴上																																														
賃	dzim7	dzim	阳去																																														
林	na5	na	阳平	(白)内林村																																													
林	lim5	lim	阳平	(文)西林村																																													
淋	lam5	lam	阳平	(白)																																													
淋	lim5	lim	阳平	(文)																																													
臨	liam5	liam	阳平	(白)liam5 mi1 ia:一会																																													
臨	lim5	lim	阳平	(文)临时																																													
凜	lim2	lim	阴上	陡峭:岭仔过伤凛																																													
廩	lim2	lim	阴上																																														
浸	tsim3	tsim	阴去																																														
侵	tshiam5	tsʰiam	阳平																																														
寢	tshim2	tsʰim	阴上																																														
心	sim1	sim	阴平																																														
尋	siam5	siam	阳平	双手抱,一寻:双臂摊开的长度																																													
尋	sim5	sim	阳平	找寻																																													
琛	tim1	tim	阴平	阴琛否im1 tim1 bai7																																													
沉	tiam5	tiam	阳平	(白)1.下沉:沉底,2.潜水:沉水																																													
沉	thiam7	tʰiam	阳去	(白)使之沉下去,1.沉本:亏钱,2.沉仔:打酱油的直勺子																																													
沉	tim3	tim	阴去	沉色:深色																																													
沉	tim5	tim	阳平	(文)																																													
朕	tim7	tim	阳去																																														
岑	khim5	kʰim	阳平	九峰鸡岑山																																													
森	som1	som	阴平	森林																																													
滲	sim3	sim	阴去	渗透																																													
滲	siam3	siam	阴去	渗水																																													
針	tsiam1	tsiam	阴平	针线																																													
針	tsam1	tsam	阴平	金针菇																																													
斟	tsim1	tsim	阴平	斟酌																																													
枕	tsim2	tsim	阴上																																														
深	tshim1	tsʰim	阴平																																														
沈	sim2	sim	阴上																																														
審	sim2	sim	阴上																																														
嬸	sim2	sim	阴上																																														
嬸	tim2	tim	阴上	婶姆tim2 m2																																													
妗	kim7	kim	阳去	阿妗																																													
甚	sim7	sim	阳去	甚至																																													
甚	sim2	sim	阴上	小溪用,甚物sim2miʔ4																																													
甚	sam2	sam	阴上	崎岭用,甚物sam2miʔ4																																													
甚	siam2	siam	阴上	南胜用,甚物sim2miʔ4																																													
甚	siann2	siã	阴上	霞寨用,甚货sã2hue3																																													
甚	siann2	siã	阴上	安厚用,甚货siã2hue3																																													
甚	ham3	ham	阴去	(替)崎岭九峰用,甚物ham3miʔ4																																													
壬	dzim5	dzim	阳平																																														
任	dzim7	dzim	阳去																																														
妊	dzim7	dzim	阳去																																														
今	kin1	kin	阴平	今仔日kin1 na2 dzit8																																													
今	keng1	keŋ	阴平																																														
今	kim1	kim	阴平																																														
今	tann1	tã	阴平	(训)																																													
金	kim1	kim	阴平																																														
襟	khim1	kʰim	阴平	1.对襟仔,2.襟胸:鸡鸭前胸肉																																													
禁	kim3	kim	阴去	1.关闭的动作:禁电灯,2.关闭的装置:禁仔,自行车的刹车																																													
錦	kim2	kim	阴上																																														
欽	khim1	kʰim	阴平																																														
琴	khim5	kʰim	阳平																																														
禽	khim5	kʰim	阳平																																														
擒	khim5	kʰim	阳平																																														
吟	gim5	gim	阳平	吟诗																																													
音	im1	im	阴平																																														
陰	iam1	iam	阴平	(白)半阴阳,交阴寒																																													
陰	im1	im	阴平	(文)																																													
飮	am2	am	阴上	(白)饮仔,饮糜仔:稀饭汤																																													
飮	im2	im	阴上	(文)																																													
蔭	im1	im	阴平	荫庇																																													
蔭	im3	im	阴去	荫家:妻子贤良会持家																																													
窨	im3	im	阴去	窨豆芽																																													
淫	im5	im	阳平																																														
立	lip8	lip	阳入																																														
粒	liap8	liap	阳入																																														
緝	tship8	tsʰip	阳入																																														
集	tsip8	tsip	阳入																																														
輯	tship8	tsʰip	阳入																																														
習	sip8	sip	阳入																																														
襲	sit8	sit	阳入																																														
蟄	tit8	tit	阳入	惊蛰																																													
澀	siap4	siap	阴入																																														
汁	tsiap4	tsiap	阴入																																														
執	tsip4	tsip	阴入																																														
濕	sip4	sip	阴入																																														
澹	tam5	tam	阳平	潮湿:衫仔tam5tam5																																													
十	tsap8	tsap	阳入	(白)																																													
十	sip8	sip	阳入	(文)十全十美																																													
什	tsap8	tsap	阳入	(白)																																													
什	sip8	sip	阳入	(文)十全十美																																													
拾	sip8	sip	阳入																																														
咂	tsop8	tsop	阳入	咂咂叫:吧唧嘴																																													
入	dzip8	dzip	阳入																																														
急	kip4	kip	阴入	急计:着急																																													
級	khip4	kʰip	阴入																																														
汲	khip4	kʰip	阴入																																														
給	kip4	kip	阴入																																														
泣	khip4	kʰip	阴入																																														
及	kip8	kip	阳入																																														
吸	khip4	kʰip	阴入																																														
吸	hiap4	hiap	阴入	吸铁:磁铁																																													
吸	khiap4	kʰiap	阴入	紧贴																																													
吸	soh4	soʔ	阴入	吸收																																													
啜	tshueh4	tsʰueʔ	阴入	饮用:啜水,啜酒																																													
邑	ip4	ip	阴入																																														
挹	iap4	iap	阴入	(白)偏僻角落,挹角仔																																													
挹	ip4	ip	阴入	(文)																																													
揖	iap4	iap	阴入	uĩ1 uĩ1 iap4 iap4:行事隐蔽																																													
丹	tan1	tan	阴平	炉丹:宫庙里求得的香炉灰																																													
單	tuann1	tuã	阴平	(白)单位,订单																																													
單	tan1	tan	阴平	(文)																																													
旦	tuann3	tuã	阴去	(白)旦角																																													
旦	tan3	tan	阴去	(文)元旦																																													
灘	thuann1	tʰuã	阴平	(白)石滩																																													
灘	than1	tʰan	阴平	(文)																																													
攤	thuann1	tʰuã	阴平	(白)摊开,排摊																																													
攤	than1	tʰan	阴平	(文)																																													
澶	thuann3	tʰuã	阴去	泛滥,繁殖																																													
坦	than2	tʰan	阴上																																														
嘆	than3	tʰan	阴去																																														
炭	thuann3	tʰuã	阴去	(白)火炭																																													
炭	than3	tʰan	阴去	(文)																																													
檀	tuann5	tuã	阳平	(白)																																													
檀	than5	tʰan	阳平	(文)																																													
坛	tuann5	tuã	阳平	(白)孤阴坛																																													
坛	than5	tʰan	阳平	(文)玄坛爷																																													
坛	un5	un	阳平	平地,此字不是"壇"的简化,有的考做"囩".地名:高南村高坛,即"悬囩"kuan5-un5;村内土地庙记作"观云庙"																																													
彈	tuann7	tuã	阳去	(白)臭弹,弹走,弹线:木工线																																													
彈	tuann5	tuã	阳平	(白)弹琴																																													
彈	tan5	tan	阳平	(文)子弹																																													
𦗀	tan5	tan	阳平	大响声:𦗀雷公																																													
誕	tan3	tan	阴去																																														
但	tan7	tan	阳去																																														
蛋	tan3	tan	阴去																																														
憚	tan7	tan	阳去																																														
難	lan5	lan	阳平	困难																																													
難	lan7	lan	阳去	磨难																																													
蘭	lan5	lan	阳平																																														
蘭	lian5	lian	阳平	(替)荷兰豆																																													
蘭	leng5	leŋ	阳平	(替)荷兰豆																																													
攔	na5	na	阳平	(白)阻拦,拦截																																													
攔	lan5	lan	阳平	(文)																																													
欄	lan5	lan	阳平	栏杆																																													
懶	nua7	nua	阳去	(白)懒伏鸡母:像抱窝母鸡一样慵懒的人																																													
懶	nua3	nua	阴去	(白)1.倒下,2.撒泼打滚																																													
懶	lan2	lan	阴上	(文)懒尸																																													
爛	nua7	nua	阳去																																														
澜	nua7	nua	阳去	喙澜																																													
贊	tsan3	tsan	阴去																																														
餐	tshan1	tsʰan	阴平																																														
燦	tshang3	tsʰaŋ	阴去	金灿灿																																													
燦	tshann3	tsʰã	阴去	金灿灿																																													
殘	tsan5	tsan	阳平																																														
珊	san1	san	阴平																																														
散	suann3	suã	阴去	(白)四散罔来																																													
散	san2	san	阴上	(文)药散																																													
散	san3	san	阴去	(文)散步																																													
散	som5	som	阳平	(替)邋遢																																													
散	song7	soŋ	阳去	(替)散步,散漫的样子:loŋ7 soŋ7																																													
傘	suann3	suã	阴去																																														
肝	kuann1	kuã	阴平																																														
竿	kuann1	kuã	阴平																																														
杆	kuann1	kuã	阴平	(白)																																													
杆	kueenn2	kuɛ̃	阴上	(白)杆																																													
杆	kuann2	kuã	阴上	(白)杆秤																																													
杆	kan1	kan	阴平	(文)栏杆																																													
鼾	hueenn1	huɛ̃	阴平	鼾眠:打呼噜																																													
鼾	huann1	huã	阴平	又																																													
鼾	kueenn1	kuɛ̃	阴平	鼾眠:打呼噜																																													
鼾	ham1	ham	阴平	鼾眠:打呼噜																																													
干	kan1	kan	阴平																																														
干	kan3	kan	阴去																																														
乾	kuann1	kuã	阴平	(白)																																													
乾	kian1	kian	阴平	凝结,坚固:干冻,干疕																																													
乾	keng1	keŋ	阴平	同kian1																																													
乾	khian5	kʰian	阳平	做乾坤:装修动工等有关房屋风水之建造事																																													
乾	kheng5	kʰeŋ	阳平																																														
墘	kinn5	kĩ	阳平	(白)边缘:碗墘,衫仔墘																																													
墘	kiann5	kiã	阳平	(白)地名:霞寨镇李仔墘 天上墘																																													
墘	khian5	kʰian	阳平	(文)地名:国强乡墘岭村																																													
桿	kuann2	kuã	阴上	杆秤																																													
稈	kuann2	kuã	阴上																																														
擀	kuann2	kuã	阴上																																														
趕	kuann2	kuã	阴上																																														
看	khuann1	kʰuã	阴平	(白)看牛																																													
看	khuann3	kʰuã	阴去	(白)																																													
看	khan3	kʰan	阴去	(文)看守																																													
刊	khan1	kʰan	阴平																																														
侃	khan2	kʰan	阴上																																														
岸	huann7	huã	阳去	堘岸,牙槽岸																																													
罕	han2	han	阴上																																														
漢	han3	han	阴去																																														
寒	kuann5	kuã	阳平	(白)																																													
寒	han5	han	阳平	(文)小寒大寒																																													
寒	gan5	gan	阳平	(替)天气寒冷																																													
韓	han5	han	阳平																																														
旱	uann7	uã	阳去	(白)大旱																																													
旱	huann7	huã	阳去	(白)又																																													
旱	han7	han	阳去	(文)干旱																																													
捍	huann7	huã	阳去	扶:捍事个:主持人,司仪																																													
汗	kuann7	kuã	阳去	(白)																																													
汗	han7	han	阳去	(文)																																													
翰	han7	han	阳去																																														
安	uann1	uã	阴平	(白)同安																																													
安	an1	an	阴平	(文)																																													
鞍	uann1	uã	阴平	(白)山尖																																													
垵	uann1	uã	阴平	山尖																																													
鞍	an1	an	阴平	(文)																																													
按	an3	an	阴去	从,"按遐过来"																																													
案	an3	an	阴去																																														
扮	pan7	pan	阳去																																														
盼	phan3	pʰan	阴去																																														
瓣	pan7	pan	阳去																																														
辦	pan7	pan	阳去	地名:豆坪村办仔头,办仔为谐音.得名于自然村旁溪中有引水的水圳																																													
辦	peng7	peŋ	阳去																																														
䋎	thinn7	tʰĩ	阳去	缝补																																													
䋎	tan7	tan	阳去	缠绕																																													
怎	tsuann2	tsuã	阴上	按怎																																													
盞	tsuann2	tsuã	阴上																																														
鏟	thuann2	tʰuã	阴上	(白)铲草																																													
鏟	tshan2	tsʰan	阴上																																														
山	suann1	suã	阴平	(白)																																													
山	san1	san	阴平	(文)																																													
產	suann2	suã	阴上	(白)产坑,由散坑雅化而来																																													
產	san2	san	阴上	(文)																																													
艱	kan1	kan	阴平																																														
艱	keng1	keŋ	阴平																																														
間	kan1	kan	阴平	空间																																													
間	keng1	keŋ	阴平	煮食间:厨房																																													
間	kan3	kan	阴去	间隔																																													
簡	kan2	kan	阴上																																														
簡	keng2	keŋ	阴上																																														
揀	keng2	keŋ	阴上																																														
揀	kan2	kan	阴上	同keŋ2																																													
柬	kan2	kan	阴上																																														
眼	gan2	gan	阴上																																														
眼	kan2	kan	阴上	厚字眼,也可以是gan2																																													
眼	keng2	keŋ	阴上	龙眼leŋ5keŋ2																																													
闲	eng5	eŋ	阳平	(白)有闲,无闲																																													
闲	han5	han	阳平	(文)清闲,闲慢:愚笨无能																																													
限	an7	an	阳去	(白)有限:不可能, "望伊创只项事志亦是有限"																																													
限	han7	han	阳去	(文)限制																																													
莧	heng7	heŋ	阳去	红苋菜																																													
班	pan1	pan	阴平																																														
班	peng1	peŋ	阴平																																														
斑	pan1	pan	阴平																																														
斑	peng1	peŋ	阴平	斑甲:褐背斑鸠																																													
扳	peenn1	pɛ̃	阴平																																														
扳	pan2	pan	阴上	扳手																																													
頒	pan1	pan	阴平																																														
板	pan2	pan	阴上	倒吊板:天花板, 板坪仔:天台																																													
板	pang1	paŋ	阴平	枋																																													
版	pan2	pan	阴上																																														
攀	phan1	pʰan	阴平																																														
屘	ban1	ban	阴平	最小的孩子																																													
蠻	ban5	ban	阳平																																														
慢	ban7	ban	阳去	慢so5 so5																																													
棧	tsan3	tsan	阴去																																														
删	san1	san	阴平																																														
删	seng1	seŋ	阴平	1.动词,使用锯齿状的工具打梳,或间苗,2.删剪:刀刃是锯齿状的剪刀,用来梳理密集的地方,如理发的打薄剪刀,园艺的修枝剪.																																													
訕	san3	san	阴去																																														
訕	suan7	suan	阳去	骂人																																													
奸	kan1	kan	阴平																																														
奸	kan3	kan	阴去	pʰih4kan3kiau7:骂人																																													
姦	kan1	kan	阴平																																														
姦	kan3	kan	阴去	pʰih4kan3kiau7:骂人																																													
諫	kan3	kan	阴去																																														
顏	gan5	gan	阳平																																														
雁	gan7	gan	阳去	大雁tua7 gan7																																													
晏	uann3	uã	阴去	晚																																													
編	pinn3	pĩ	阴去	(白)编头鬃																																													
編	pian1	pian	阴平	(文)																																													
鞭	pinn1	pĩ	阴平	(白)铁马鞭:马鞭草																																													
鞭	pian1	pian	阴平																																														
鞭	peng1	peŋ	阴平																																														
變	pinn3	pĩ	阴去	(白)变鬼变怪																																													
變	pian3	pian	阴去	(文)																																													
變	peng3	peŋ	阴去																																														
篇	phinn1	pʰĩ	阴平	(白)																																													
篇	phian1	pʰian	阴平	(文)																																													
篇	pheng1	pʰeŋ	阴平																																														
偏	phinn1	pʰĩ	阴平	(白)偏人:贪别人的小便宜																																													
偏	phian1	pʰian	阴平	(文)																																													
偏	pheng1	pʰeŋ	阴平																																														
騙	phian3	pʰian	阴去																																														
騙	pheng3	pʰeŋ	阴去																																														
便	pan5	pan	阳平	便宜																																													
便	pian7	pian	阳去	利便																																													
辨	pian7	pian	阳去																																														
辨	peŋ7	peŋ	阳去																																														
辯	pian7	pian	阳去																																														
辯	peŋ7	peŋ	阳去																																														
汴	pian7	pian	阳去																																														
綿	mi5	mi	阳平	拖拉:绵趖,绵绵																																													
免	bian2	bian	阴上																																														
免	beng2	beŋ	阴上																																														
勉	bian2	bian	阴上																																														
勉	beng2	beŋ	阴上																																														
娩	bian2	bian	阴上																																														
緬	bian7	bian	阳去																																														
面	bin7	bin	阳去	表面																																													
面	beng7	beŋ	阳去																																														
面	mi7	mi	阳去	麫																																													
碾	lian2	lian	阴上																																														
碾	leng2	leŋ	阴上																																														
碾	tian2	tian	阴上	碾米																																													
碾	lun2	lun	阴上	石碾																																													
碾	tun2	tun	阴上	碾踏:碾压																																													
連	lian5	lian	阳平																																														
連	leng5	leŋ	阳平																																														
僆	nua7	nua	阳去	鸡僆仔:1.未下蛋的小鸡母 2.未嫁人的小女孩																																													
聯	lian5	lian	阳平																																														
聯	leng5	leŋ	阳平																																														
煎	tsuann1	tsuã	阴平	(白)煎草仔茶,煎茶米																																													
煎	tsian1	tsian	阴平	(文)																																													
煎	tseng1	tseŋ	阴平																																														
剪	tsian2	tsian	阴上	铰剪																																													
剪	tseng2	tseŋ	阴上																																														
箭	tsinn3	tsĩ	阴去																																														
濺	tsuann7	tsuã	阳去																																														
遷	tshian1	tsʰian	阴平																																														
遷	tsheng1	tsʰeŋ	阴平																																														
淺	tshinn2	tsʰĩ	阴上	(白)色浅浅																																													
淺	tshian2	tsʰian	阴上	(文)																																													
淺	tsheng2	tsʰeŋ	阴上																																														
錢	tsinn5	tsĩ	阳平	套钱:垫圈,钱鼠:鼹鼠																																													
踐	tsian2	tsian	阴上																																														
踐	tseng2	tseŋ	阴上																																														
賤	tsuann7	tsuã	阳去	(白)滥贱																																													
賤	tshuann7	tsʰuã	阳去	(白)滥贱,同tsuã7																																													
賤	tsian7	tsian	阳去	(文)																																													
賤	tseng7	tseŋ	阳去																																														
仙	sian1	sian	阴平	地理仙:风水先生,做仙:委婉称呼去世																																													
仙	seng1	seŋ	阴平	做仙																																													
仙	suann1	suã	阴平	地名:国强乡仙美村																																													
鉎	sian1	sian	阴平	1.铁锈,2.皮肤污泥																																													
鉎	seng1	seŋ	阴平	又																																													
鉎	seenn1	sɛ̃	阴平	(白)鉎鼎,鉎铁,鉎珠仔																																													
鮮	tshinn1	tsʰĩ	阴平	(白)新鲜																																													
鮮	sian1	sian	阴平	(文)																																													
鮮	sian2	sian	阴上	朝鲜																																													
癬	sian7	sian	阳去																																														
線	suann3	suã	阴去	(白)																																													
涎	sian5	sian	阳平																																														
羨	hian3	hian	阴去																																														
羨	heng3	heŋ	阴去																																														
展	tian2	tian	阴上	展皇神																																													
展	teng2	teŋ	阴上																																														
纏	tinn5	tĩ	阳平	瓮laŋ2萦缠ĩ5 tĩ5:不明事理胡搅蛮缠																																													
戰	tsian3	tsian	阴去																																														
戰	tseng3	tseŋ	阴去																																														
顫	tsun3	tsun	阴去																																														
顫	tsun1	tsun	阴平																																														
扇	sinn3	sĩ	阴去	葵扇,扇仔																																													
扇	sian3	sian	阴去	扇喙䫌																																													
蟬	sinn3	sĩ	阴去	(白)地名:文峰镇西蝉社区sai1 sĩ3																																													
蟬	sian5	sian	阳平	知了																																													
蟬	tsheng5	tsʰeŋ	阳平																																														
禪	sian5	sian	阳平																																														
善	sian7	sian	阳去																																														
善	seng7	seŋ	阳去	善良																																													
膳	sian7	sian	阳去	药膳																																													
擅	sian7	sian	阳去																																														
擅	seng7	seŋ	阳去																																														
然	dzian5	dzian	阳平																																														
然	dzeng5	dzeŋ	阳平																																														
燃	hiann5	hiã	阳平	(白)																																													
燃	dzian5	dzian	阳平	(文)																																													
燃	dzeng5	dzeŋ	阳平																																														
遣	khian2	kʰian	阴上																																														
遣	kheng2	kʰeŋ	阴上																																														
虔	tshian5	tsʰian	阳平																																														
件	kiann7	kiã	阳去	(白)																																													
件	kian7	kian	阳去	(文)																																													
諺	gan7	gan	阳去																																														
延	ian5	ian	阳平																																														
延	eng5	eŋ	阳平																																														
延	tshian5	tsʰian	阳平	推脱																																													
延	tsheng5	tsʰeŋ	阳平																																														
演	ian2	ian	阴上																																														
演	eng2	eŋ	阴上																																														
建	kian3	kian	阴去																																														
建	keng3	keŋ	阴去																																														
鍵	kian7	kian	阳去																																														
鍵	keng7	keŋ	阳去																																														
健	kiann7	kiã	阳去	(白)康健:老人身体好, 六月诸母较健老虎六月诸夫倚壁穿裤																																													
健	kian7	kian	阳去																																														
健	keng7	keŋ	阳去																																														
腱	kian3	kian	阴去	腱子仔肉																																													
腱	keng3	keŋ	阴去																																														
腱	kian7	kian	阳去																																														
腱	keng7	keŋ	阳去																																														
言	gan5	gan	阳平																																														
軒	hian3	hian	阴去	羊肉臭轩,臭老轩:老人臭																																													
軒	heng3	heŋ	阴去																																														
軒	hian1	hian	阴平																																														
軒	heng1	heŋ	阴平																																														
掀	hian1	hian	阴平																																														
掀	heng1	heŋ	阴平																																														
偃	ian2	ian	阴上	推翻,掀翻																																													
偃	eng2	eŋ	阴上	偃倒																																													
憲	hian3	hian	阴去																																														
憲	heng3	heŋ	阴去																																														
獻	hinn3	hĩ	阴去	(白)																																													
獻	hian3	hian	阴去	(文)献开:翻开摊牌																																													
蔫	lian1	lian	阴平																																														
邊	pinn1	pĩ	阴平	(白)																																													
邊	pian1	pian	阴平																																														
邊	peng1	peŋ	阴平																																														
蝙	pian2	pian	阴上																																														
蝙	peng2	peŋ	阴上																																														
扁	pinn2	pĩ	阴上	(白)																																													
扁	pun2	pun	阴上	扁担pun2 tã1																																													
扁	pan2	pan	阴上	扁食																																													
扁	pian2	pian	阴上	(文)																																													
扁	peng2	peŋ	阴上	扁担peŋ2 tã1																																													
匾	pian2	pian	阴上																																														
匾	peng2	peŋ	阴上	牌匾																																													
遍	pian3	pian	阴去																																														
遍	peng3	peŋ	阴去																																														
片	phinn3	pʰĩ	阴去	(白)一片纸																																													
片	phian3	pʰian	阴去	(文)一片地																																													
片	pheng3	pʰeŋ	阴去	(文)																																													
辮	pinn7	pĩ	阳去	(白)																																													
辮	pin7	pin	阳去																																														
辮	pian7	pian	阳去	(文)																																													
辮	peng7	peŋ	阳去																																														
眠	bin5	bin	阳平																																														
眠	beng5	beŋ	阳平	又																																													
眠	mui5	mui	阳平	(白)眠床mui5 tsʰŋ5																																													
麵	mi7	mi	阳去	麫																																													
顚	tian1	tian	阴平	猪母颠																																													
顚	thian1	tʰian	阴平	颠颠魠魠																																													
顚	tiann1	tiã	阴平	(白)行路颠颠																																													
典	tian2	tian	阴上																																														
典	teng2	teŋ	阴上																																														
天	thinn1	tʰĩ	阴平	(白)																																													
天	thian1	tʰian	阴平	(文)天马山,天门宫,天门冬,天兵pʰiã1																																													
天	theng1	tʰeŋ	阴平																																														
田	tshan5	tsʰan	阳平	塍																																													
田	thian5	tʰian	阳平																																														
田	theng5	tʰeŋ	阳平																																														
塡	thian5	tʰian	阳平																																														
塡	thiam7	tʰiam	阳去	填水,井里打水																																													
塡	thun7	tʰun	阳去	贬义吃																																													
電	tian7	tian	阳去																																														
電	teng7	teŋ	阳去																																														
殿	tian7	tian	阳去																																														
殿	teng7	teŋ	阳去																																														
奠	tian7	tian	阳去																																														
奠	teng7	teŋ	阳去																																														
佃	tian7	tian	阳去																																														
佃	teng7	teŋ	阳去																																														
年	ni5	ni	阳平	(白)																																													
年	lian5	lian	阳平	(文)少年,流年																																													
年	leng5	leŋ	阳平	少年																																													
辇	lian2	lian	阴上	风车辇																																													
辇	leng2	leŋ	阴上	车辇																																													
攆	lian2	lian	阴上																																														
撚	liam7	liam	阳去	八撚瓜:棱角丝瓜, 撚仔姓:因为迁徙或联姻等活动继承别的姓氏,但有说法父方姓氏最大房要有人继承,不然会带来灾祸																																													
憐	lian5	lian	阳平																																														
憐	leng5	leŋ	阳平																																														
蓮	lian5	lian	阳平																																														
蓮	leng5	leŋ	阳平																																														
練	lian7	lian	阳去	练仙:闲聊																																													
練	leng7	leŋ	阳去																																														
煉	lian7	lian	阳去																																														
煉	leng7	leŋ	阳去																																														
薦	tsian3	tsian	阴去	荐盒sian3 hap8:供奉神明的甜品包,通常是冬瓜条,冰糖和一个小糖果																																													
薦	tseng3	tseŋ	阴去																																														
千	tsheng1	tsʰeŋ	阴平	(白)																																													
千	tshian1	tsʰian	阴平	(文)千人苦千样																																													
千	tshan1	tsʰan	阴平	千人千样																																													
前	tseng5	tseŋ	阳平	(白)																																													
前	tsian5	tsian	阳平	(文)1,前程 2.地名:文峰镇前埔村																																													
前	sian5	sian	阳平	车前草																																													
先	seng1	seŋ	阴平	先后,待先																																													
先	sin1	sin	阴平	先生																																													
肩	keng1	keŋ	阴平																																														
肩	kian1	kian	阴平	(文)肩膀																																													
堅	kian1	kian	阴平																																														
堅	keng1	keŋ	阴平																																														
鏗	khiang1	kʰiaŋ	阴平	硬物撞击声:碗kʰok4遘kʰiaŋ1kʰiaŋ1叫																																													
鏗	khainn1	kʰaĩ	阴平	敲击金属声:锣鼓kʰaĩ1 kʰaĩ1叫																																													
繭	kan2	kan	阴上	纠茧:杂乱交错在一起																																													
繭	lan1	lan	阴平	(训)身体皮肤结茧																																													
見	kinn3	kĩ	阴去	(白)见身:本身																																													
見	kian3	kian	阴去	(文)见笑:丢人																																													
見	keng3	keŋ	阴去	(文)																																													
梘	kian2	kian	阴上	地名:九峰鎮枧下村																																													
牽	khan1	kʰan	阴平	(白)牵亡:童乩通灵逝者,与生者交谈																																													
牽	khian1	kʰian	阴平	(文)圈仔,也有写成牵仔																																													
牽	kheng1	kʰeŋ	阴平																																														
硏	geng2	geŋ	阴上	研磨																																													
硏	gian2	gian	阴上	研究																																													
癮	gian3	gian	阴去	(白)正面喜欢:我瘾食,也有做负面:起gian3																																													
癮	in2	in	阴上	(文)负面瘾:上瘾tsiũ7 in2																																													
硯	hian3	hian	阴去																																														
顯	hiann2	hiã	阴上	(白)显目																																													
顯	hian2	hian	阴上	(文)																																													
顯	heng2	heŋ	阴上																																														
顯	hian1	hian	阴平	(训)神明灵验																																													
賢	hian5	hian	阳平																																														
賢	heng5	heŋ	阳平																																														
弦	hinn5	hĩ	阳平	(白)弦仔:二胡																																													
弦	hian5	hian	阳平	(文)弦仔:二胡																																													
弦	heng5	heŋ	阳平	(文)																																													
現	hian7	hian	阳去	马上:现卜,现去,现创																																													
現	heng7	heŋ	阳去	现曾:现在,最近																																													
鵪	ian1	ian	阴平	鹌鹑 ian1sun5																																													
鶉	sun5	sun	阳平	鹌鹑 ian1sun5																																													
煙	ian1	ian	阴平	烟火																																													
燕	inn3	ĩ	阴去	(白)																																													
燕	ian3	ian	阴去	(文)																																													
咽	in1	in	阴平	咽炎																																													
咽	ian3	ian	阴去	咽气																																													
宴	ian3	ian	阴去																																														
宴	eng3	eŋ	阴去	又																																													
獺	thuah4	tʰuaʔ	阴入	水獭																																													
達	tat8	tat	阳入																																														
捺	nai7	nai	阳去	横竖撇捺																																													
辣	luah8	luaʔ	阳入																																														
擦	tshat4	tsʰat	阴入																																														
擦	tshe3	tsʰe	阴去	鼎tsʰe3:洗锅的刷子																																													
擦	le3	le	阴去	1.摩擦"le3破皮" 2.锉刀"le3仔"																																													
擦	tshit4	tsʰit	阴入	擦拭																																													
擦	tsut8	tsut	阳入	随便擦																																													
撒	sat4	sat	阴入																																														
薩	sat4	sat	阴入																																														
割	kuah4	kuaʔ	阴入																																														
葛	kuah4	kuaʔ	阴入	(白)地名:1崎岭乡下葛村.2.南靖县葛竹村																																													
葛	kak4	kak	阴入	(文)诸葛亮 tsi1kak4liaŋ7																																													
渴	khuah4	kʰuaʔ	阴入																																														
八	peh4	peʔ	阴入	(白)新派有八百不分的情况,但不成体系																																													
八	pat4	pat	阴入	(文)																																													
八	bat4	bat	阴入	1.曾经做"我bat4创",2.会,晓得"听毋bat4"																																													
扒	pee1	pɛ	阴平	扒痒,扒糜饭:扒饭也有被动意,如果病人卧床需人照料就用"伊爱度人扒"																																													
拔	puat8	puat	阳入	(文)																																													
拔	phuannh8	pʰuãʔ	阳入	(白)一拔水:井里打一桶水																																													
紮	tsah4	tsaʔ	阴入	(白)扎裤头																																													
紮	tsat4	tsat	阴入	(文)扎根																																													
紮	tsap4	tsap	阴入	一扎花																																													
扎	tsah4	tsaʔ	阴入	(白)1.提起:扎裤头 2.带:扎物件																																													
扎	tsat4	tsat	阴入	(文)扎根																																													
扎	tsap4	tsap	阴入	一扎花																																													
察	tsee5	tsɛ	阳平																																														
殺	suah4	suaʔ	阴入	(白)七杀八败																																													
殺	sat4	sat	阴入	(文)																																													
煞	sah4	saʔ	阴入	(白)1.连带"伊亦煞来去",2.居然"汝煞毋也",3.反而"人愈讲伊煞愈毋听",4.难道"汝煞听无"																																													
煞	suah4	suaʔ	阴入	(白)1.结束"煞九煞九",2.凶煞邪神																																													
鍘	tsah8	tsaʔ	阳入																																														
轄	hak4	hak	阴入	购买不动产:hak4厝																																													
轄	hat4	hat	阴入	同hat4																																													
別	pat8	pat	阳入	(白)																																													
別	piat4	piat	阴入	(文)																																													
別	bat4	bat	阴入	1.曾经做"我bat4创",2.会,晓得"听解bat4"																																													
捌	bat4	bat	阴入	1.曾经做"我bat4创",2.会,晓得"听解bat4"																																													
擘	peeh4	pɛʔ	阴入	擘腹:忧虑"手头空空真擘腹",擘爪花:手抽筋																																													
鱉	pih4	piʔ	阴入	水鳖仔:小口水壶,鳖尾骨:腰骶部,脊椎尾部的骨头																																													
滅	biat8	biat	阳入																																														
列	liat8	liat	阳入																																														
裂	liat8	liat	阳入	(文)																																													
裂	lih8	liʔ	阳入	(白)裂开:倒裂箍:手皮倒刺																																													
裂	liah4	liaʔ	阴入	裂䉔:手皮倒刺																																													
裂	leeh8	lɛʔ	阳入	(替)开口																																													
裂	ueh8	ueʔ	阳入	(替)开裂:裤底ueʔ8去																																													
烈	liat8	liat	阳入																																														
薛	sih4	siʔ	阴入																																														
泄	tshuah4	tsʰuaʔ	阴入																																														
泄	siah4	siaʔ	阴入																																														
泄	tsuh4	tsuʔ	阴入	(训)喷射:tsuʔ4膏,tsiʔ4 tsuʔ4																																													
泄	tshu7	tsʰu	阳去	(训)喷射																																													
哲	tiat4	tiat	阴入	哲学																																													
徹	thiat4	tʰiat	阴入	彻底																																													
徹	theeh4	tʰɛʔ	阴入	徹徹:干净																																													
澈	thiat4	tʰiat	阴入																																														
澈	theeh4	tʰɛʔ	阴入	赤剥澈:tsʰiaʔ4 bak4 tʰɛʔ4																																													
澈	thiah4	tʰiaʔ	阴入	剥澈:pak4 tʰiaʔ4																																													
撤	thiat4	tʰiat	阴入																																														
浙	tsiat4	tsiat	阴入	浙江																																													
浙	tsek4	tsek	阴入	又																																													
舌	tsih8	tsiʔ	阳入																																														
設	siat4	siat	阴入																																														
熱	dzuah8	dzuaʔ	阳入	(白)烧热																																													
熱	dziat8	dziat	阳入	(文)闹热																																													
熇	ho1	ho	阴平	温热																																													
傑	kiat8	kiat	阳入																																														
孽	giat8	giat	阳入																																														
揭	giah4	giaʔ	阴入	翘																																													
揭	kiat4	kiat	阴入	揭阳																																													
揭	khiat4	kʰiat	阴入	捩揭liʔ4 kʰiat4:过于精明																																													
竭	kiat8	kiat	阳入																																														
竭	khiat8	kʰiat	阳入	咙喉凋竭竭																																													
歇	heh4	heʔ	阴入	歇骹																																													
歇	heennh4	hɛ̃ʔ	阴入	喘息																																													
撇	phiat4	pʰiat	阴入																																														
篾	bih8	biʔ	阳入	篾瓤:篾黄,篾席,篾青																																													
笪	tat8	tat	阳入	谷笪:晒谷物的竹制晒席																																													
鐵	thih4	tʰiʔ	阴入																																														
迭	tiap8	tiap	阳入	更迭																																													
跌	tiat8	tiat	阳入																																														
捏	liap4	liap	阴入																																														
捏	ni5	ni	阳平	手指捏起																																													
捏	teenn7	tɛ̃	阳去	(训)捏,握																																													
懾	liap4	liap	阴入	懾懾:恐惧的样子																																													
節	tseh4	tseʔ	阴入	(白)冬节,季节																																													
節	tsat4	tsat	阴入	节制																																													
節	tsiat4	tsiat	阴入	(文)																																													
切	tsheh4	tsʰeʔ	阴入	痛切,鼎切:锅刷																																													
切	tshiat4	tsʰiat	阴入																																														
截	tsiat8	tsiat	阳入	(文)																																													
截	tsannh8	tsãʔ	阳入	可能是闸																																													
屑	seh4	seʔ	阴入	(白)屑仔:碎屑																																													
屑	sut4	sut	阴入	一屑仔:一点点																																													
屑	siap4	siap	阴入	拾粒siap4:不浪费细小的东西																																													
結	kat4	kat	阴入	(白)猴kat4形:面容忧愁																																													
結	kiat4	kiat	阴入	(文)																																													
潔	kiat4	kiat	阴入																																														
搬	puann1	puã	阴平																																														
般	puann1	puã	阴平	(白)																																													
般	pan1	pan	阴平	(文)																																													
半	puann3	puã	阴去	(白)半丁																																													
半	pan3	pan	阴去	(文)																																													
拌	puann7	puã	阳去	(白)																																													
拌	pan7	pan	阳去	(文)																																													
泮	puann3	puã	阴去	国强镇泮池																																													
絆	puann7	puã	阳去																																														
潘	phun1	pʰun	阴平	米潘:淘米水																																													
潘	pheng1	pʰeŋ	阴平																																														
潘	phuann1	pʰuã	阴平	(白)姓氏																																													
拼	piann3	piã	阴去	(白)																																													
拼	pheng3	pʰeŋ	阴去	(文)																																													
判	phuann3	pʰuã	阴去	(白)																																													
判	phan3	pʰan	阴去	(文)																																													
盤	puann5	puã	阳平																																														
盤	uinn2	uĩ	阴上	(训)uĩ2仔:杆秤上的小竹盘																																													
伴	phuann7	pʰuã	阳去	(白)																																													
伴	pan7	pan	阳去	(文)																																													
叛	pan7	pan	阳去																																														
瞞	mua5	mua	阳平																																														
饅	ban7	ban	阳去																																														
滿	mua2	mua	阴上	(白)																																													
滿	buan2	buan	阴上	(文)自满																																													
漫	mua7	mua	阳去	(白)漫过																																													
漫	ban7	ban	阳去	(文)																																													
幔	mua1	mua	阴平	披:幔衫仔																																													
幔	mua7	mua	阳去	雨幔仔:细雨																																													
幔	ban7	ban	阳去																																														
端	tuann1	tuã	阴平	(白)卵端:未成熟的卵泡																																													
端	tuan1	tuan	阴平	(文)																																													
短	te2	te	阴上																																														
短	tuan2	tuan	阴上	(文)																																													
斷	tuinn7	tuĩ	阳去	(白)																																													
斷	tuan3	tuan	阴去																																														
斷	tuan7	tuan	阳去																																														
鍛	tuan3	tuan	阴去	锻炼																																													
鍛	thuan3	tʰuan	阴去	锻鼎:新铁锅到手后,烧热并淋油,使其形成一层保护膜																																													
團	thuinn5	tʰuĩ	阳平	(白)一团																																													
團	thuan5	tʰuan	阳平	(文)																																													
段	tuann7	tuã	阳去	(白)																																													
段	tuan7	tuan	阳去	(文)																																													
緞	tuan7	tuan	阳去	缎州楼																																													
暖	luan2	luan	阴上																																														
鸞	luan5	luan	阳平																																														
卵	nui7	nui	阳去	涂洲卖鸭卵:去世的委婉说法																																													
亂	luan7	luan	阳去																																														
亂	lan7	lan	阳去	(白)乱主来,乱使来																																													
纂	tshuan3	tsʰuan	阴去																																														
鑽	tsuinn3	tsuĩ	阴去	(白)																																													
鑽	tsuan3	tsuan	阴去	(文)																																													
鑽	nui3	nui	阴去	(训)钻过去																																													
鑽	suan7	suan	阳去	(替)𥖄仔:钻石																																													
𥖄	suan7	suan	阳去	𥖄仔:钻石																																													
竄	tshuann3	tsʰuã	阴去	(白)横穿																																													
竄	tshuan3	tsʰuan	阴去	(文)窜尿:漏尿																																													
竄	tshngh4	tsʰŋʔ	阴入	(替)疾驰而过																																													
酸	suinn1	suĩ	阴平	(白)																																													
酸	suan1	suan	阴平	(文)																																													
算	suinn3	suĩ	阴去																																														
算	suan3	suan	阴去																																														
蒜	suan3	suan	阴去																																														
官	kuann1	kuã	阴平	(白)																																													
官	kuan1	kuan	阴平	(文)																																													
棺	kuann1	kuã	阴平																																														
觀	kuan1	kuan	阴平	观音																																													
觀	kuan3	kuan	阴去	道观																																													
冠	kuan1	kuan	阴平	皇冠																																													
冠	kuan3	kuan	阴去	冠军																																													
管	kuinn2	kuĩ	阴上	(白)																																													
管	kuan2	kuan	阴上	(文)																																													
館	kuan2	kuan	阴上																																														
灌	kuan3	kuan	阴去																																														
罐	kuan3	kuan	阴去																																														
貫	kuinn3	kuĩ	阴去	(白)穿孔:贯耳仔																																													
貫	kuan3	kuan	阴去	(文)																																													
寬	khuann1	kʰuã	阴平	(白)																																													
寬	khuan1	kʰuan	阴平	(文)																																													
款	khuan2	kʰuan	阴上																																														
玩	uan2	uan	阴上																																														
歡	huann1	huã	阴平	(白)																																													
歡	huan1	huan	阴平	(文)																																													
喚	huan3	huan	阴去																																														
煥	huan3	huan	阴去																																														
桓	huan5	huan	阳平																																														
完	uan5	uan	阳平																																														
丸	uan5	uan	阳平																																														
丸	inn5	ĩ	阳平	圆																																													
紈	uan5	uan	阳平																																														
緩	huan7	huan	阳去																																														
皖	uan2	uan	阴上																																														
換	uann7	uã	阳去																																														
豌	uan2	uan	阴上																																														
碗	uann2	uã	阴上	鸡公碗,pʰiat4仔碗																																													
腕	uann2	uã	阴上																																														
腕	uan2	uan	阴上																																														
幻	huan3	huan	阴去																																														
篡	tshuan3	tsʰuan	阴去																																														
撰	tsuan3	tsuan	阴去																																														
閂	tshuann3	tsʰuã	阴去																																														
閂	suinn1	suĩ	阴平	闩仔																																													
拴	suinn1	suĩ	阴平																																														
拴	suinn3	suĩ	阴去	(白)紧缩																																													
拴	suan1	suan	阴平	(文)																																													
關	kueenn1	kuɛ̃	阴平	(白)关门																																													
關	kuan1	kuan	阴平	(文)关公																																													
慣	kuan3	kuan	阴去																																														
頑	uan5	uan	阳平																																														
還	heng5	heŋ	阳平																																														
還	han5	han	阳平	又																																													
還	huan5	huan	阳平	(文)归:伊还伊,汝还汝																																													
環	khuan5	kʰuan	阳平																																														
患	huan7	huan	阳去																																														
宦	huan7	huan	阳去																																														
彎	uainn1	uaĩ	阴平	(白)弯猪哥𪘧																																													
彎	uan1	uan	阴平	(文)																																													
灣	uan1	uan	阴平																																														
戀	luan7	luan	阳去																																														
痊	tsuan5	tsuan	阳平																																														
全	tsuinn5	tsuĩ	阳平	(白)																																													
全	tsuan5	tsuan	阳平	(文)																																													
泉	tsuann5	tsuã	阳平	(白)泉州																																													
泉	tsuan5	tsuan	阳平	(文)																																													
宣	suan1	suan	阴平																																														
栓	suinn1	suĩ	阴平	栓仔																																													
選	suan2	suan	阴上																																														
旋	tsuinn7	tsuĩ	阳去	(白)1.吮吸,2.发旋																																													
旋	tsng5	tsŋ	阳平	(白)爱不释手,纠缠不清,"胡蝇旋屎疕"																																													
旋	suan5	suan	阳平	(文)																																													
轉	tuinn2	tuĩ	阴上	(白)																																													
轉	tun2	tun	阴上	倒转来																																													
轉	teng2	teŋ	阴上	倒转来																																													
轉	tsuan7	tsuan	阳去	拧转																																													
轉	tsun7	tsun	阳去	拧转																																													
踅	seh8	seʔ	阳入	1.旋转,2.闲逛																																													
傳	thuinn5	tʰuĩ	阳平	(白)传家																																													
傳	thuan5	tʰuan	阳平	(文)宣传																																													
傳	tuan7	tuan	阳去	(文)传记																																													
篆	tuan7	tuan	阳去	小篆																																													
專	tsuinn1	tsuĩ	阴平	(白)																																													
專	tsuan1	tsuan	阴平	(文)																																													
磚	tsuinn1	tsuĩ	阴平																																														
川	tshuinn1	tsʰuĩ	阴平	(白)地名:安厚镇东川村																																													
川	tshuan1	tsʰuan	阴平	(文)																																													
圳	tsun3	tsun	阴去	水沟																																													
穿	tshuinn1	tsʰuĩ	阴平	(白)																																													
穿	tshuan1	tsʰuan	阴平	(文)																																													
穿	tsheng7	tsʰeŋ	阳去	(训)穿衫仔裤																																													
穿	long1	loŋ	阴平	(训)穿过:衫仔loŋ1落去																																													
喘	tshuan2	tsʰuan	阴上																																														
串	tshuinn3	tsʰuĩ	阴去																																														
串	tshuan3	tsʰuan	阴去																																														
串	tshuann3	tsʰuã	阴去	闩门																																													
船	tsun5	tsun	阳平	船仔:中秋浦疍民上岸后定居的社里.根据民国资料记载,小溪船民有陈欧黄林高徐郑曾张孙庄阮卢杨等14姓,今天发现还有钟和方,总16姓.流传有谚语"船底撑，床底食，船(一下仔)破，做乞食"																																													
軟	nui2	nui	阴上	(白)																																													
捲	kuinn2	kuĩ	阴上																																														
眷	kuan3	kuan	阴去																																														
卷	kuinn2	kuĩ	阴上	卷的动作																																													
卷	kuinn3	kuĩ	阴去	试卷																																													
卷	kauh4	kauʔ	阴入	(训)kauʔ4草;面kauʔ4,民间写作"面猴"																																													
絹	kin3	kin	阴去	手绢																																													
圈	khuinn1	kʰuĩ	阴平	(白)圈起来																																													
圈	khuan1	kʰuan	阴平	(文)																																													
圈	khian1	kʰian	阴平	圈仔:圆环,橡奶圈仔:橡皮筋,门圈仔:门环																																													
圈	kheng1	kʰeŋ	阴平	又																																													
權	khuan5	kʰuan	阳平																																														
拳	kun5	kun	阳平																																														
倦	kuan7	kuan	阳去																																														
員	guan5	guan	阳平	员工																																													
員	uan5	uan	阳平	团员																																													
圓	inn5	ĩ	阳平	肉圆仔																																													
圓	guan5	guan	阳平																																														
院	inn7	ĩ	阳去																																														
院	heng7	heŋ	阳去	地名:豆坪村许者院kʰou2 tsa2 heŋ7																																													
縈	inn5	ĩ	阳平	瓮laŋ2 ĩ5 tĩ5:不明事理胡搅蛮缠																																													
緣	ian5	ian	阳平																																														
緣	eng5	eŋ	阳平																																														
沿	ian5	ian	阳平																																														
鉛	ian5	ian	阳平																																														
捐	kuan1	kuan	阴平																																														
藩	phan1	pʰan	阴平																																														
藩	phuann1	pʰuã	阴平																																														
藩	huan5	huan	阳平	张挂:藩蠓罩,藩绫																																													
反	pan2	pan	阴上	反册,反辗转,反倒爿,反白仁																																													
反	huan2	huan	阴上	(文)																																													
反	peng2	peŋ	阴上	腹反:拉肚子																																													
坂	puann2	puã	阴上	平地:坂仔镇,下坂城																																													
翻	huan1	huan	阴平																																														
番	han1	han	阴平																																														
番	huan1	huan	阴平	番薯,番仔火,番麦,番仔麦穗,番仔蜡																																													
販	puann3	puã	阴去	(白)卖																																													
販	huan3	huan	阴去	(文)贩仔																																													
煩	huan5	huan	阳平																																														
礬	huan5	huan	阳平	矾:樟脑丸																																													
繁	huan5	huan	阳平																																														
飯	puinn7	puĩ	阳去	饭神:传统认为食物有灵,不能乱敲碗筷,会拍走饭神																																													
晚	uan2	uan	阴上																																														
挽	ban2	ban	阴上	(白)1.采摘;2.挽风:抽搐吐白沫翻白眼																																													
挽	uan2	uan	阴上	(文)挽联																																													
萬	ban7	ban	阳去																																														
勸	khuinn3	kʰuĩ	阴去	(白)																																													
勸	khuan3	kʰuan	阴去	(文)																																													
券	kuinn3	kuĩ	阴去																																														
元	guan5	guan	阳平																																														
原	guan5	guan	阳平																																														
源	guan5	guan	阳平																																														
阮	uinn2	uĩ	阴上	小溪船民姓氏.民国资料记载,小溪船民有陈欧黄林高徐郑曾张孙庄阮卢杨14姓																																													
願	guan7	guan	阳去																																														
喧	suan1	suan	阴平																																														
楦	hun3	hun	阴去																																														
楦	un3	un	阴去	楦动:伤口发炎																																													
冤	uan1	uan	阴平	冤家																																													
宛	uan2	uan	阴上																																														
婉	uan2	uan	阴上																																														
䘼	uinn2	uĩ	阴上	袖子:手䘼																																													
怨	uan3	uan	阴去																																														
袁	uan5	uan	阳平																																														
園	huinn5	huĩ	阳平	(白)																																													
園	guan5	guan	阳平	(文)																																													
援	uan5	uan	阳平																																														
垣	huan5	huan	阳平																																														
遠	huinn7	huĩ	阳去	(白)																																													
遠	uan2	uan	阴上	(文)永远																																													
涓	kuan1	kuan	阴平																																														
犬	khian2	kʰian	阴上																																														
犬	kheng2	kʰeŋ	阴上																																														
懸	kuan5	kuan	阳平	(白)																																													
懸	hian5	hian	阳平	(文)																																													
懸	keng5	keŋ	阳平	(文)																																													
玄	han5	han	阳平	玄坛爷:左右甩动神明塑像,也称弄王公或显尪,出巡时四人一轿,前后两人下蹲承重,中间二人摆轿甩出弧度,以金身胡须触地为准																																													
玄	hian5	hian	阳平																																														
縣	kuan7	kuan	阳去																																														
眩	hin5	hin	阳平	猪母眩																																													
眩	heng5	heŋ	阳平																																														
淵	ian1	ian	阴平																																														
鉢	puah4	puaʔ	阴入																																														
撥	puah4	puaʔ	阴入	(白)拨工																																													
撥	puat4	puat	阴入	(文)																																													
撥	pue2	pue	阴上	拨开,玩弄																																													
潑	phuah4	pʰuaʔ	阴入	(白)泼水,泼雨																																													
潑	phuat4	pʰuat	阴入	(文)活泼																																													
鈸	puah8	puaʔ	阳入																																														
跋	puah8	puaʔ	阳入	1.摔倒:跋倒,2.赌博:跋九,3.使出:跋死人坯																																													
末	buah8	buaʔ	阳入	(白)药末																																													
末	buat8	buat	阳入	(文)																																													
抹	buah4	buaʔ	阴入	(白)																																													
抹	buat4	buat	阴入	(文)																																													
沫	buah8	buaʔ	阳入																																														
掇	tuah8	tuaʔ	阳入	气掇掇																																													
脫	thuah4	tʰuaʔ	阴入	(白)拉开:脱屉仔,度过:tʰau2脱																																													
脫	thuat4	tʰuat	阴入	(文)脱离																																													
脫	lut4	lut	阴入	主动脱落																																													
脫	thut8	tʰut	阳入	非主动脱落,脱肛																																													
奪	tuah8	tuaʔ	阳入	气夺夺																																													
奪	tuat8	tuat	阳入																																														
捋	luah8	luaʔ	阳入	梳																																													
捋	luah4	luaʔ	阴入	割:刀仔捋落去																																													
捋	lut8	lut	阳入	捋度伊伸:捋顺																																													
撮	tshop4	tsʰop	阴入																																														
撮	tshuat4	tsʰuat	阴入																																														
括	kuah4	kuaʔ	阴入	(白)包括																																													
括	khuah4	kʰuaʔ	阴入	又																																													
括	kuat4	kuat	阴入	(文)括号																																													
括	khuat4	kʰuat	阴入	又																																													
闊	khuah4	kʰuaʔ	阴入	(白)																																													
闊	khuat4	kʰuat	阴入	(文)																																													
活	uah8	uaʔ	阳入	(白)																																													
活	uannh8	uãʔ	阳入	(白)快活 kʰuã3uãʔ8																																													
活	huat8	huat	阳入	(文)																																													
斡	uat4	uat	阴入	令物体扭动:斡头,斡辗转																																													
滑	kut8	kut	阳入																																														
猾	kut8	kut	阳入																																														
挖	ua1	ua	阴平																																														
挖	ue1	ue	阴平	剜																																													
挖	ueh4	ueʔ	阴入	撅																																													
刷	sua2	sua	阴上																																														
刮	kuah4	kuaʔ	阴入																																														
刮	kueh4	kueʔ	阴入																																														
刮	kuat4	kuat	阴入	刮壁糊																																													
劣	liat8	liat	阳入																																														
絕	tsuat8	tsuat	阳入	(文)绝后,死绝,绝代																																													
雪	seh4	seʔ	阴入																																														
輟	tuat4	tuat	阴入																																														
綴	tue3	tue	阴去	跟从;缠缠缀缀:纠缠																																													
綴	tsue3	tsue	阴去																																														
拙	tsuat4	tsuat	阴入																																														
說	sueh4	sueʔ	阴入	(白)无声无说																																													
說	suat4	suat	阴入	(文)小说																																													
悅	uat8	uat	阳入																																														
閱	uat8	uat	阳入																																														
髮	huat4	huat	阴入																																														
發	puh4	puʔ	阴入	(白)发芽,冒出头																																													
發	huat4	huat	阴入																																														
發	huat8	huat	阳入	huat8loh8:舒服愉快																																													
伐	huah8	huaʔ	阳入	(白)一伐:一步																																													
伐	huat8	huat	阳入	(文)伐木																																													
筏	huat8	huat	阳入																																														
罰	huat8	huat	阳入																																														
襪	bueh8	bueʔ	阳入																																														
蕨	kueh4	kueʔ	阴入	蕨仔kueʔ4 ia2:蕨菜																																													
蕨	kit8	kit	阳入	(替)牛kit8:牛桩																																													
闕	khuat4	kʰuat	阴入																																														
掘	kut8	kut	阳入	掘堘																																													
劌	kueh8	kueʔ	阳入	1.刮蹭,2.一段,3.扭曲:劌筋																																													
橛	kueh8	kueʔ	阳入	劌																																													
橛	khit8	kʰit	阳入	櫭																																													
月	gueh8	gueʔ	阳入	(白)																																													
月	guat8	guat	阳入	(文)																																													
噦	eh4	eʔ	阴入																																														
越	uat8	uat	阳入																																														
粵	uat8	uat	阳入																																														
決	kuat4	kuat	阴入																																														
訣	kuat4	kuat	阴入																																														
缺	khih4	kʰiʔ	阴入	(白)缺喙																																													
缺	khueh4	kʰueʔ	阴入	少缺:很多,多的是																																													
缺	khuat4	kʰuat	阴入	(文)缺点																																													
血	hueh4	hueʔ	阴入																																														
穴	hiap8	hiap	阳入																																														
礐	hak8	hak	阳入	大礐,屎hak8仔:厕所."屎紧正卜刺hak8"																																													
吞	thun1	tʰun	阴平																																														
根	kin1	kin	阴平																																														
根	keng1	keŋ	阴平																																														
跟	kin1	kin	阴平																																														
跟	keng1	keŋ	阴平																																														
墾	khun2	kʰun	阴上																																														
懇	khun2	kʰun	阴上																																														
齦	gin5	gin	阳平																																														
齦	geng5	geŋ	阳平																																														
痕	hun5	hun	阳平																																														
痕	heng5	heŋ	阳平																																														
很	hin2	hin	阴上																																														
恨	hin7	hin	阳去																																														
恨	heng7	heŋ	阳去																																														
恩	in1	in	阴平																																														
恩	eng1	eŋ	阴平																																														
彬	pin1	pin	阴平																																														
彬	peng1	peŋ	阴平																																														
賓	pin1	pin	阴平																																														
賓	peng1	peŋ	阴平																																														
檳	pin1	pin	阴平	槟榔芋pin1 nŋ5 ou7																																													
檳	peng1	peŋ	阴平	槟榔peŋ1 loŋ5																																													
鬢	pin3	pin	阴去	鬓piaŋ1:太阳穴																																													
鬢	peng3	peŋ	阴去	又																																													
殯	pin3	pin	阴去																																														
殯	peng3	peŋ	阴去																																														
貧	pin5	pin	阳平																																														
貧	peng5	peŋ	阳平																																														
頻	pin5	pin	阳平																																														
頻	peng5	peŋ	阳平																																														
蘋	pin5	pin	阳平																																														
蘋	peng5	peŋ	阳平																																														
閩	ban5	ban	阳平																																														
民	bin5	bin	阳平																																														
民	beng5	beŋ	阳平																																														
敏	bin2	bin	阴上																																														
敏	beng2	beŋ	阴上																																														
抿	bin2	bin	阴上	齿抿:牙刷																																													
憫	bin2	bin	阴上																																														
憫	beng2	beŋ	阴上																																														
鄰	lin5	lin	阳平																																														
鱗	lan5	lan	阳平	(白)																																													
鱗	lin5	lin	阳平	(文)																																													
鱗	leng5	leŋ	阳平																																														
鱗	lian5	lian	阳平	又																																													
磷	lin1	lin	阴平																																														
磷	leng1	leŋ	阴平	磷矿石																																													
吝	lin7	lin	阳去																																														
吝	leng7	leŋ	阳去																																														
津	tsin1	tsin	阴平																																														
津	tseng1	tseŋ	阴平	津贴																																													
盡	tsin7	tsin	阳去																																														
盡	tseng7	tseŋ	阳去																																														
進	tsin3	tsin	阴去	进头香:喜新厌旧,爱出风头																																													
晉	tsin3	tsin	阴去																																														
親	tsheenn1	tsʰɛ̃	阴平	(白)亲姆																																													
親	tshin1	tsʰin	阴平	(文)																																													
親	tsheng1	tsʰeŋ	阴平	(文)																																													
親	tsim1	tsim	阴平	(训)																																													
秦	tsin5	tsin	阳平	秦始皇tsin5 si2 hoŋ5																																													
秦	tseng5	tseŋ	阳平																																														
辛	sin1	sin	阴平																																														
辛	seng1	seŋ	阴平																																														
新	sin1	sin	阴平																																														
新	seng1	seŋ	阴平																																														
薪	sin1	sin	阴平	薪水sin1 sui2																																													
薪	seng1	seŋ	阴平	薪水seŋ1 sui2																																													
信	sin3	sin	阴去																																														
信	seng3	seŋ	阴去																																														
囟	sin3	sin	阴去																																														
訊	sin3	sin	阴去																																														
珍	tsin1	tsin	阴平	珍珠																																													
珍	tseng1	tseŋ	阴平																																														
珍	tin1	tin	阴平	八珍,珍惜																																													
珍	teng1	teŋ	阴平																																														
鎭	tin3	tin	阴去																																														
鎭	teng3	teŋ	阴去																																														
趁	than3	tʰan	阴去	趁镭																																													
趁	tham2	tʰam	阴上	趁较早																																													
陳	tan5	tan	阳平																																														
塵	thun5	tʰun	阳平	筅尘: 年前打扫家里																																													
塵	tsun5	tsun	阳平	筅尘,尘扫:年尾打扫用的长扫帚																																													
塵	tin5	tin	阳平	(文)																																													
塵	teng5	teŋ	阳平																																														
塵	sam5	sam	阳平	(替)la5sam5:肮脏																																													
陣	tsun7	tsun	阳去	一阵仔																																													
陣	tin7	tin	阳去	大阵																																													
陣	teng7	teŋ	阳去																																														
榛	tsin1	tsin	阴平																																														
榛	tseng1	tseŋ	阴平																																														
臻	tsin1	tsin	阴平																																														
臻	tseng1	tseŋ	阴平																																														
襯	tsheng3	tsʰeŋ	阴去	衬托																																													
真	tsin1	tsin	阴平																																														
真	tseng1	tseŋ	阴平																																														
滇	tinn7	tĩ	阳去	水满了																																													
診	tsin2	tsin	阴上																																														
診	tseng2	tseŋ	阴上																																														
疹	tsin2	tsin	阴上	湿疹																																													
疹	tseng2	tseŋ	阴上																																														
振	tsun1	tsun	阴平	giʔ4 giʔ4振,siʔ4 siʔ4振																																													
振	tsin2	tsin	阴上																																														
振	tin2	tin	阴上	振动tin2 taŋ7																																													
振	teng2	teŋ	阴上																																														
震	tsin2	tsin	阴上																																														
震	tseng2	tseŋ	阴上																																														
娠	sin1	sin	阴平																																														
神	sin5	sin	阳平																																														
神	seng5	seŋ	阳平																																														
身	sin1	sin	阴平																																														
身	seng1	seŋ	阴平																																														
申	sin1	sin	阴平																																														
申	seng1	seŋ	阴平																																														
伸	tshun1	tsʰun	阴平	(白)																																													
伸	sin1	sin	阴平	(文)																																													
辰	sin5	sin	阳平																																														
辰	seng5	seŋ	阳平																																														
晨	sin5	sin	阳平																																														
晨	seng5	seŋ	阳平																																														
宸	sian5	sian	阳平	宸虫:壁虎																																													
宸	seng5	seŋ	阳平	宸虫:壁虎																																													
臣	sin5	sin	阳平	奸臣精																																													
臣	seng5	seŋ	阳平																																														
腎	sin7	sin	阳去																																														
腎	sian7	sian	阳去	肾子:膦核																																													
腎	seng7	seŋ	阳去																																														
腎	kian7	kian	阳去	(白)鸡肾																																													
愼	sim7	sim	阳去	慎重,慎慎																																													
愼	seng7	seŋ	阳去																																														
人	lang5	laŋ	阳平	(白)																																													
人	dzin5	dzin	阳平	(文)																																													
人	dzeng5	dzeŋ	阳平																																														
仁	dzin5	dzin	阳平																																														
仁	dzeng5	dzeŋ	阳平																																														
忍	lun2	lun	阴上	(白)忍牢牢																																													
忍	dzim2	dzim	阴上	(文)																																													
認	dzin7	dzin	阳去	地名:九峰镇科子认,实际是"窠子岃" kʰo1tsu2dzim7																																													
認	dzeng7	dzeŋ	阳去																																														
岃	dzim7	dzim	阳去	地名:九峰镇科子认,实际是"窠子岃" kʰo1tsu2dzim7																																													
刃	dzim7	dzim	阳去																																														
巾	kin1	kin	阴平	手巾仔:工人农人围在腰间的长薄布																																													
巾	keng1	keŋ	阴平																																														
緊	kin2	kin	阴上																																														
緊	keng2	keŋ	阴上																																														
僅	kin2	kin	阴上																																														
銀	gin5	gin	阳平	买银:购置女性逝者下葬的银首饰,传统认为银质物可去煞荫身																																													
銀	geng5	geŋ	阳平																																														
釁	hin3	hin	阴去																																														
因	in1	in	阴平																																														
姻	in1	in	阴平																																														
印	in3	in	阴去	糕仔印:糕点模具,塗墼仔印:土块模具,草木灰晒干之后取下做土砖建房																																													
寅	in5	in	阳平																																														
茵	in7	in	阳去	山脊,地名:霞寨雷公茵 石古茵脚 大茵;雷公茵是因为当初山顶有一棵树,后来雷公大作被劈烧了,因此得名																																													
引	in2	in	阴上																																														
引	eng2	eŋ	阴上	引水eŋ2 tsui2																																													
斤	kin1	kin	阴平																																														
斤	keng1	keŋ	阴平																																														
筋	kin1	kin	阴平																																														
筋	keng1	keŋ	阴平																																														
謹	kin2	kin	阴上																																														
勁	keng3	keŋ	阴去																																														
勤	khin5	kʰin	阳平																																														
勤	kheng5	kʰeŋ	阳平																																														
芹	khin5	kʰin	阳平																																														
芹	kheng5	kʰeŋ	阳平																																														
欣	him1	him	阴平																																														
欣	heng1	heŋ	阴平																																														
隱	un2	un	阴上																																														
筆	pit4	pit	阴入																																														
畢	pit4	pit	阴入																																														
必	pit4	pit	阴入																																														
匹	phit4	pʰit	阴入																																														
弼	pit4	pit	阴入																																														
密	bat8	bat	阳入	(白)																																													
密	ba7	ba	阳去	严实																																													
密	bit8	bit	阳入	(文)																																													
蜜	bit8	bit	阳入																																														
栗	lat8	lat	阳入	栗子																																													
栗	lek4	lek	阴入	栗栗:惊恐呆滞的样子																																													
慄	lek4	lek	阴入	惊恐呆滞的样子																																													
七	tshit4	tsʰit	阴入																																														
漆	tshat4	tsʰat	阴入																																														
疾	tsit8	tsit	阳入																																														
悉	sek4	sek	阴入																																														
悉	sit4	sit	阴入	熟悉																																													
膝	tshit4	tsʰit	阴入																																														
窒	that4	tʰat	阴入	(白)堵塞																																													
窒	tit4	tit	阴入	窒息																																													
窒	tsak8	tsak	阳入	窒息:tsak8气																																													
侄	tit8	tit	阳入																																														
秩	tiat8	tiat	阳入																																														
瑟	sih4	siʔ	阴入	瑟瑟颤																																													
瑟	sek4	sek	阴入																																														
虱	sap4	sap	阴入	虱母																																													
虱	sat4	sat	阴入	木虱,涂虱																																													
質	tsit4	tsit	阴入																																														
質	tsiat4	tsiat	阴入	臭tsiat4:食物腐烂变质发臭																																													
實	tsat8	tsat	阳入	(白)实气tsak8 kʰui3																																													
實	sit8	sit	阳入	(文)																																													
失	sit4	sit	阴入																																														
室	sit4	sit	阴入																																														
日	dzit8	dzit	阳入																																														
吉	kit4	kit	阴入																																														
一	tsit8	tsit	阳入	(训)蜀																																													
一	it4	it	阴入	一五七:一次性,一口气																																													
乙	it4	it	阴入																																														
逸	ek8	ek	阳入	逃逸																																													
乞	khit4	kʰit	阴入																																														
奔	pun1	pun	阴平																																														
本	pun2	pun	阴上																																														
噴	phun3	pʰun	阴去																																														
盆	phun5	pʰun	阳平																																														
笨	pun7	pun	阳去																																														
門	mui5	mui	阳平	(白)																																													
門	bun5	bun	阳平	(文)灶门公:司命灶君																																													
𠁣	inn7	ĩ	阳去	𠁣𠃛:开关门的拟声词																																													
𠃛	uainn1	uaĩ	阴平	𠁣𠃛:开关门的拟声词																																													
悶	bun7	bun	阳去																																														
敦	tun1	tun	阴平																																														
墩	tun1	tun	阴平																																														
頓	tuinn3	tuĩ	阴去	(白)1.放下 2.跺脚																																													
頓	tun3	tun	阴去	(文)																																													
炖	tun7	tun	阳去																																														
𤆤	tim7	tim	阳去	炖煮																																													
褪	thuinn3	tʰuĩ	阴去	褪衫仔裤																																													
屯	thun7	tʰun	阳去	囤积																																													
屯	thun5	tʰun	阳平																																														
豚	thun5	tʰun	阳平	豚母:1.无法生育的女性,2.肥胖的女性																																													
臀	thun5	tʰun	阳平																																														
囤	thun7	tʰun	阳去																																														
沌	tun7	tun	阳去																																														
盾	tun2	tun	阴上																																														
鈍	tun1	tun	阴平	刀子不锋利																																													
鈍	thun7	tʰun	阳去	人反应迟钝																																													
遁	tun7	tun	阳去																																														
嫩	lun7	lun	阳去																																														
嫩	lun2	lun	阴上	韧																																													
論	lun7	lun	阳去																																														
崙	lun7	lun	阳去	小山包:大仑尾																																													
尊	tsun1	tsun	阴平																																														
村	tshuinn1	tsʰuĩ	阴平	(白)地名:芦溪镇新村村,秀峰乡上村子岽、舍人村siaŋ7 dzin5 tsʰuĩ1																																													
村	tshuan1	tsʰuan	阴平	五村村																																													
寸	tshun3	tsʰun	阴去																																														
存	tsun5	tsun	阳平	单字用,表尊重																																													
蹲	tun1	tun	阴平																																														
孫	suinn1	suĩ	阴平	(白)姓氏, 孙悟空suĩ1 bok8 kʰoŋ1																																													
孫	sun1	sun	阴平	(文)																																													
損	suinn2	suĩ	阴上	(白)损耗																																													
損	sun2	sun	阴上	(文)亏损																																													
遜	sun3	sun	阴去																																														
昆	khun1	kʰun	阴平																																														
崑	khun1	kʰun	阴平																																														
滾	kun2	kun	阴上																																														
棍	kun3	kun	阴去																																														
坤	khun1	kʰun	阴平																																														
捆	khun2	kʰun	阴上																																														
困	khun3	kʰun	阴去																																														
昏	huinn1	huĩ	阴平	(白)下昏																																													
昏	hun1	hun	阴平	(文)																																													
婚	hun1	hun	阴平																																														
魂	hun5	hun	阳平																																														
混	hun7	hun	阳去																																														
渾	hin1	hin	阴平	浑躯hin1 su1																																													
渾	hun1	hun	阴平	浑躯hun1 su1																																													
渾	heng1	heŋ	阴平																																														
温	un1	un	阴平																																														
瘟	un1	un	阴平																																														
穩	un2	un	阴上																																														
倫	lun5	lun	阳平																																														
淪	lun5	lun	阳平																																														
輪	lun5	lun	阳平																																														
遵	tsun1	tsun	阴平																																														
俊	tsun3	tsun	阴去																																														
竣	tsun3	tsun	阴去																																														
荀	sun5	sun	阳平																																														
詢	sun5	sun	阳平																																														
鵪	sun5	sun	阳平	鹌鹑																																													
筍	sun2	sun	阴上																																														
笋	sun2	sun	阴上																																														
旬	sun5	sun	阳平																																														
循	sun5	sun	阳平																																														
巡	sun5	sun	阳平	做量词表示一道痕迹																																													
殉	sin7	sin	阳去																																														
諄	tsun1	tsun	阴平																																														
準	tsun2	tsun	阴上																																														
准	tsun2	tsun	阴上																																														
春	tshun1	tsʰun	阴平	春仔:过年贴的春字,双春:闰年带闰月																																													
蠢	tun2	tun	阴上	愚蠢																																													
唇	tun5	tun	阳平																																														
順	sun7	sun	阳去																																														
舜	sun3	sun	阴去																																														
瞬	sun3	sun	阴去																																														
純	sun5	sun	阳平																																														
醇	sun5	sun	阳平																																														
潤	dzun7	dzun	阳去																																														
閏	lun7	lun	阳去																																														
閏	dzun7	dzun	阳去																																														
均	kin1	kin	阴平																																														
均	keng1	keŋ	阴平																																														
鈞	kin1	kin	阴平																																														
菌	khun2	kʰun	阴上																																														
窘	kun7	kun	阳去																																														
隕	un2	un	阴上																																														
匀	un5	un	阳平	匀匀仔来																																													
匀	in5	in	阳平	均匀																																													
匀	eng5	eŋ	阳平																																														
允	in2	in	阴上																																														
允	un2	un	阴上	同in2																																													
分	pun1	pun	阴平	分水米																																													
分	hun1	hun	阴平	拾分金:也称拾骨																																													
分	hun7	hun	阳去	水分																																													
粉	hun2	hun	阴上																																														
糞	pun3	pun	阴去	粪斗,粪扫																																													
糞	peng3	peŋ	阴去																																														
奮	hun3	hun	阴去																																														
芬	hun1	hun	阴平																																														
紛	hun1	hun	阴平																																														
墳	hun5	hun	阳平																																														
焚	hun5	hun	阳平																																														
憤	hun2	hun	阴上																																														
憤	heng2	heŋ	阴上																																														
份	hun7	hun	阳去																																														
文	bun5	bun	阳平																																														
紋	bun5	bun	阳平																																														
聞	bun5	bun	阳平																																														
吻	bun2	bun	阴上																																														
刎	uinn2	uĩ	阴上	钩吻kam1 uĩ2:断肠草																																													
問	mui7	mui	阳去	相借问:打招呼																																													
君	kun1	kun	阴平																																														
君	keng1	keŋ	阴平																																														
軍	kun1	kun	阴平																																														
軍	keng1	keŋ	阴平																																														
群	kun5	kun	阳平																																														
群	kin5	kin	阳平	同kun5																																													
裙	kun5	kun	阳平																																														
郡	kun7	kun	阳去																																														
熏	hun1	hun	阴平																																														
熏	heng1	heŋ	阴平	熏熏heŋ1 heŋ1																																													
勛	hun1	hun	阴平																																														
勛	heng1	heŋ	阴平																																														
薰	hun1	hun	阴平																																														
葷	hun1	hun	阴平																																														
葷	heng1	heŋ	阴平	荤素heŋ1sou3																																													
訓	hun3	hun	阴去																																														
訓	heng3	heŋ	阴去																																														
馴	sun5	sun	阳平																																														
熨	ut4	ut	阴入	熨斗																																													
聿	ut8	ut	阳入	1.快速擦拭,2.被传染,3.快速做事情																																													
雲	hun5	hun	阳平	(白)																																													
雲	un5	un	阳平	云霄;高南村高云,实际为"悬坛"																																													
雲	eng5	eŋ	阳平	(文)云南																																													
雲	in5	in	阳平	(文)云南																																													
韻	un7	un	阳去																																														
運	un7	un	阳去																																														
運	eng7	eŋ	阳去	气运kʰui3 eŋ7																																													
暈	hun5	hun	阳平																																														
暈	heng5	heŋ	阳平																																														
不	put4	put	阴入																																														
勃	pok8	pok	阳入	生机勃勃																																													
沒	but8	but	阳入																																														
突	tut8	tut	阳入																																														
卒	tsut4	tsut	阴入	卒仔																																													
猝	tsut4	tsut	阴入	猝死																																													
骨	kut4	kut	阴入																																														
窟	khut4	kʰut	阴入																																														
忽	hut4	hut	阴入																																														
核	hut8	hut	阳入	(白)核仔																																													
核	hak8	hak	阳入	(文)楼顶个落来变核酸																																													
核	hat8	hat	阳入	牵核:扁桃体发炎																																													
律	lut8	lut	阳入																																														
戌	sut4	sut	阴入																																														
恤	sut4	sut	阴入	抚恤																																													
蟀	sut4	sut	阴入																																														
出	tshut4	tsʰut	阴入	出油:用油板炸油																																													
齣	tshut4	tsʰut	阴入	一齣戏																																													
術	sut4	sut	阴入																																														
述	sut8	sut	阳入																																														
秫	tsut8	tsut	阳入	秫米:糯米																																													
橘	kit4	kit	阴入																																														
橘	kiat4	kiat	阴入																																														
弗	hut4	hut	阴入																																														
拂	put4	put	阴入	拨弄物品装起来:拂米																																													
拂	hut4	hut	阴入																																														
佛	hut8	hut	阳入																																														
物	mih8	miʔ	阳入	(白)物件																																													
物	mih4	miʔ	阴入	(白)什么:甚物sim2miʔ4																																													
物	but8	but	阳入	(文)物质																																													
勿	but8	but	阳入																																														
屈	khut4	kʰut	阴入																																														
倔	kut8	kut	阳入																																														
氯	lek8	lek	阳入																																														
幫	png5	pŋ	阳平	拓宽:帮较阔																																													
幫	pang1	paŋ	阴平																																														
榜	png2	pŋ	阴上	(白)封神榜																																													
榜	pang2	paŋ	阴上	(文)榜样																																													
謗	pang7	paŋ	阳去																																														
膀	pang2	paŋ	阴上	肩膀																																													
膀	phang5	pʰaŋ	阳平	膀胱																																													
旁	phang5	pʰaŋ	阳平																																														
傍	png7	pŋ	阳去	傍神做福:宫庙做活动,顺便过去吃东西																																													
磅	pong7	poŋ	阳去																																														
忙	bang5	baŋ	阳平																																														
芒	mee5	mɛ	阳平	(白)芥芒仔菜kɛ3 mɛ5 ia2																																													
芒	bang5	baŋ	阳平																																														
芒	bong5	boŋ	阳平																																														
檨	suainn7	suaĩ	阳去	檨仔:芒果																																													
茫	bong5	boŋ	阳平																																														
莽	bong2	boŋ	阴上	莽撞																																													
當	tng3	tŋ	阴去	典当																																													
當	tng1	tŋ	阴平	当时																																													
當	tang1	taŋ	阴平	当然																																													
當	tong1	toŋ	阴平	同taŋ1																																													
當	tong3	toŋ	阴去	承受:当解牢																																													
黨	tang2	taŋ	阴上	党参																																													
黨	tong2	toŋ	阴上																																														
黨	teng2	teŋ	阴上																																														
擋	tong3	toŋ	阴去																																														
擋	tang3	taŋ	阴去																																														
檔	tong3	toŋ	阴去																																														
檔	thong7	tʰoŋ	阳去	量词,一叠																																													
湯	thng1	tʰŋ	阴平	(白)																																													
湯	thang1	tʰaŋ	阴平	(文)赴汤蹈火																																													
躺	thang2	tʰaŋ	阴上																																														
燙	thng3	tʰŋ	阴去																																														
堂	tng5	tŋ	阳平																																														
堂	tong5	toŋ	阳平	亲堂仔																																													
棠	tng5	tŋ	阳平	(白)地名:坂仔镇甘棠脚																																													
棠	tong5	toŋ	阳平	(文)海棠																																													
唐	tong5	toŋ	阳平																																														
糖	thng5	tʰŋ	阳平																																														
塘	tng5	tŋ	阳平																																														
螳	tong5	toŋ	阳平																																														
蕩	thng7	tʰŋ	阳去	(白)洗荡:荡瓶仔																																													
蕩	tng7	tŋ	阳去	(白)荡仔:抓泥鳅的一种竹篾工具																																													
蕩	tong7	toŋ	阳去	(文)浪荡																																													
囊	lang5	laŋ	阳平																																														
囊	long5	loŋ	阳平	胶囊																																													
囊	long1	loŋ	阴平	1.投入,2.穿过:衫仔loŋ1落去																																													
囊	lom1	lom	阴平	1.投入,2.穿过,同loŋ1																																													
狼	long5	loŋ	阳平																																														
廊	long5	loŋ	阳平																																														
郎	long5	loŋ	阳平																																														
郎	ong2	oŋ	阴上	地名:厝丘村堀郎kʰut4 oŋ2																																													
榔	nng5	nŋ	阳平	槟榔芋pin1 nŋ5 ou7																																													
榔	long5	loŋ	阳平	槟榔peŋ1 loŋ5																																													
朗	lang2	laŋ	阴上	明朗																																													
朗	long2	loŋ	阴上	开朗																																													
浪	lang2	laŋ	阴上																																														
贓	tsang1	tsaŋ	阴平																																														
葬	tiang3	tiaŋ	阴去																																														
倉	tshng1	tsʰŋ	阴平	(白)																																													
蹌	tshiang2	tsʰiaŋ	阴上	惹是生非																																													
蹌	tshiang7	tsʰiaŋ	阳去	蹌蹌滚:吵闹嘈杂,闹腾																																													
蒼	tshng1	tsʰŋ	阴平	苍白																																													
藏	tsong7	tsoŋ	阳去																																														
藏	tshang3	tsʰaŋ	阴去	藏冞:潜水																																													
冞	bi7	bi	阳去	藏冞:潜水																																													
囥	khng3	kʰŋ	阴去	藏																																													
臟	tsng7	tsŋ	阳去	(白)同肠:大脏,卵脏																																													
臟	tsong7	tsoŋ	阳去	(文)心脏																																													
桑	sng1	sŋ	阴平	(白)桑仔树																																													
桑	sang1	saŋ	阴平	(文)地名:长乐乡农桑寮																																													
喪	song3	soŋ	阴去	丧事																																													
岡	kng1	kŋ	阴平																																														
剛	kang1	kaŋ	阴平	金刚																																													
鋼	kng3	kŋ	阴去																																														
缸	kng1	kŋ	阴平																																														
綱	bang7	baŋ	阳去																																														
崗	kng1	kŋ	阴平	(白)地名:芦溪镇山岗村,秀峰乡象鼻岗																																													
崗	kang1	kaŋ	阴平	(文)																																													
康	khong1	kʰoŋ	阴平																																														
康	khng1	kʰŋ	阴平	(白)																																													
康	khang1	kʰaŋ	阴平	好康:好事,否康:坏事																																													
糠	khng1	kʰŋ	阴平	地名:南胜镇糠厝村																																													
慷	khong2	kʰoŋ	阴上																																														
抗	khong3	kʰoŋ	阴去																																														
抗	kheng1	kʰeŋ	阴平																																														
杭	hang5	haŋ	阳平																																														
迒	hann7	hã	阳去	1.跨越,2.驱赶																																													
亢	khong3	kʰoŋ	阴去	甲亢																																													
航	hang5	haŋ	阳平																																														
行	kiann5	kiã	阳平	(白)																																													
行	hang5	haŋ	阳平	银行																																													
行	heng5	heŋ	阳平	行为,行李																																													
行	heng7	heŋ	阳去	品行																																													
娘	niu5	niu	阳平	nia5应是"娘仔"合音																																													
釀	liang7	liaŋ	阳去																																														
良	liang5	liaŋ	阳平																																														
凉	niu5	niu	阳平	(白)凉伞																																													
凉	liang5	liaŋ	阳平	(文)																																													
晾	ne5	ne	阳平	(白)晾衫裤:好天积落雨來晾																																													
量	niu5	niu	阳平	(白)测量																																													
量	niu7	niu	阳去	(白)																																													
量	liang7	liaŋ	阳去	(文)好量:好性子																																													
量	leng7	leŋ	阳去	好量leŋ7																																													
糧	niu5	niu	阳平																																														
糧	liang5	liaŋ	阳平																																														
梁	liang5	liaŋ	阳平																																														
兩	no7	no	阳去	两镭仔																																													
兩	niu2	niu	阴上	度量单位																																													
亮	liang7	liaŋ	阳去																																														
輛	liang7	liaŋ	阳去																																														
諒	liang7	liaŋ	阳去																																														
諒	leng7	leŋ	阳去																																														
將	tsiang1	tsiaŋ	阴平																																														
將	tseng1	tseŋ	阴平	(白)将军tseŋ1 kun1																																													
將	tsiang3	tsiaŋ	阴去																																														
將	tseng3	tseŋ	阴去	(白)大将tua7 tseŋ3																																													
漿	tsiunn1	tsiũ	阴平																																														
蔣	tsiunn2	tsiũ	阴上																																														
槳	tsiunn2	tsiũ	阴上																																														
獎	tsiang2	tsiaŋ	阴上																																														
醬	tsiunn3	tsiũ	阴去																																														
槍	tshiunn1	tsʰiũ	阴平	红缨枪																																													
槍	tshiang1	tsʰiaŋ	阴平																																														
搶	tshiunn2	tsʰiũ	阴上																																														
牆	tshiunn5	tsʰiũ	阳平																																														
匠	tsiunn7	tsiũ	阳去	(白)木匠,石匠																																													
匠	tsiang7	tsiaŋ	阳去	(文)																																													
相	siunn1	siũ	阴平	相思																																													
相	tshiunn7	tsʰiũ	阳去	照相																																													
相	siang1	siaŋ	阴平	相对																																													
相	seng1	seŋ	阴平	同siaŋ1																																													
相	siunn3	siũ	阴去	1.生相:生肖;2.体相:嘲笑																																													
相	siang3	siaŋ	阴去	宰相																																													
相	seng3	seŋ	阴去	同siaŋ3																																													
厢	siunn1	siũ	阴平																																														
鑲	siunn1	siũ	阴平																																														
箱	siunn1	siũ	阴平																																														
襄	siang1	siaŋ	阴平																																														
想	siunn7	siũ	阳去																																														
想	siang2	siaŋ	阴上																																														
想	seng2	seŋ	阴上																																														
詳	siang5	siaŋ	阳平	详细siaŋ5 se3																																													
詳	seng5	seŋ	阳平	详细seŋ5 se3																																													
祥	siang5	siaŋ	阳平																																														
祥	seng5	seŋ	阳平																																														
像	tshiunn7	tsʰiũ	阳去																																														
像	tshiang7	tsʰiaŋ	阳去																																														
象	tshiunn7	tsʰiũ	阳去																																														
橡	tshiunn7	tsʰiũ	阳去																																														
橡	tshiu7	tsʰiu	阳去	橡奶tsʰiu7leŋ1:橡胶																																													
張	tiunn1	tiũ	阴平	(白)张持,张饭包																																													
張	tiang1	tiaŋ	阴平	(文)																																													
張	teng1	teŋ	阴平																																														
漲	tiunn3	tiũ	阴去	(白)																																													
漲	tiang3	tiaŋ	阴去	(文)																																													
漲	teng3	teŋ	阴去																																														
長	tng5	tŋ	阳平	(白长年菜:正月初一早上吃素,吃菠薐菜豆干和韭菜,寓意子做大官长年久清心.大鼎要三十晚上洗好,初一早上不能动炉灶拿刀																																													
長	tiunn5	tiũ	阳平	(白)地名:长乐乡tiũ5 loʔ8																																													
長	tio5	tio	阳平	(白)长泰tio5 tʰua3																																													
長	tiunn2	tiũ	阴上	(白)职位名:校长,所长																																													
長	tiang5	tiaŋ	阳平	(文)																																													
長	tiang2	tiaŋ	阴上	(文)																																													
帳	tiang3	tiaŋ	阴去																																														
賬	tiang3	tiaŋ	阴去																																														
脹	tiunn3	tiũ	阴去																																														
暢	tshiang3	tsʰiaŋ	阴去	畅销,舒畅																																													
暢	thiong3	tʰioŋ	阴去	同tʰeŋ3																																													
暢	theng3	tʰeŋ	阴去	畅畅:长记性																																													
腸	tng5	tŋ	阳平																																														
腸	tshiang5	tsʰiaŋ	阳平	风肠,烟肠,卵肠																																													
腸	tsng5	tsŋ	阳平	(训)脏:卵脏,大脏																																													
場	tiunn5	tiũ	阳平																																														
丈	tiunn7	tiũ	阳去	(白)丈人																																													
丈	tng7	tŋ	阳去	(白)一丈布																																													
丈	tiang7	tiaŋ	阳去	(文)大丈夫																																													
丈	teng7	teŋ	阳去	(文)丈夫teŋ7 hu1																																													
杖	thng7	tʰŋ	阳去	(白)桐杖tʰaŋ1 tʰŋ7																																													
杖	tiang7	tiaŋ	阳去	(文)																																													
仗	thiann7	tʰiã	阳去	(白)仗胆:壮胆																																													
仗	tiang7	tiaŋ	阳去	(文)																																													
莊	tsng1	tsŋ	阴平																																														
妝	tsng1	tsŋ	阴平	(白)tsŋ1 tã7:打扮																																													
妝	tsong1	tsoŋ	阴平	(文)																																													
裝	tsng1	tsŋ	阴平	(白)																																													
裝	tsong1	tsoŋ	阴平	(文)																																													
壯	tsang3	tsaŋ	阴去	(白)四壮大																																													
壯	tsong3	tsoŋ	阴去																																														
瘡	tshng1	tsʰŋ	阴平																																														
癰	eng1	eŋ	阴平	生癰仔																																													
創	tshong3	tsʰoŋ	阴去	创哪货,创哪仔,创siam3物,创ham3物,创sãh4																																													
創	tsheng3	tsʰeŋ	阴去																																														
牀	tshng5	tsʰŋ	阳平	眠床																																													
狀	tsong7	tsoŋ	阳去	状况																																													
狀	tseng7	tseŋ	阳去	状元																																													
霜	sng1	sŋ	阴平																																														
孀	sng1	sŋ	阴平																																														
爽	sng2	sŋ	阴上	(白)																																													
爽	song2	soŋ	阴上	(文)																																													
章	tsiunn1	tsiũ	阴平	(白)																																													
章	tsiang1	tsiaŋ	阴平	(文)																																													
漳	tsiunn1	tsiũ	阴平	(白)地名:芦溪镇漳汀村,漳浦县																																													
漳	tsiang1	tsiaŋ	阴平	(文)漳州																																													
獐	kiunn1	kiũ	阴平	山獐仔																																													
樟	tsiunn1	tsiũ	阴平	(白)樟仔树																																													
掌	tsiunn2	tsiũ	阴上	(白)																																													
掌	tsiang2	tsiaŋ	阴上	(文)																																													
掌	tiang2	tiaŋ	阴上	(文)又																																													
障	tsiang7	tsiaŋ	阳去																																														
鯧	tshiunn1	tsʰiũ	阴平	金鲳仔																																													
昌	tshiunn1	tsʰiũ	阴平	(白)面仔昌昌																																													
昌	tshiang1	tsʰiaŋ	阴平																																														
倡	tshiang3	tsʰiaŋ	阴去																																														
廠	tshiunn2	tsʰiũ	阴上	(白)																																													
廠	tshiang2	tsʰiaŋ	阴上	(文)																																													
唱	tshiunn3	tsʰiũ	阴去																																														
唱	tshiang3	tsʰiaŋ	阴去																																														
商	siang1	siaŋ	阴平																																														
商	seng1	seŋ	阴平																																														
傷	siunn1	siũ	阴平	(白)太过																																													
傷	seng1	seŋ	阴平	过伤																																													
傷	siang1	siaŋ	阴平	(文)																																													
賞	siunn2	siũ	阴上	(白)赏面																																													
賞	siang2	siaŋ	阴上	(文)赏赐																																													
賞	seng2	seŋ	阴上	(文)																																													
餉	hiang2	hiaŋ	阴上																																														
常	siang5	siaŋ	阳平																																														
常	seng5	seŋ	阳平																																														
嘗	siang5	siaŋ	阳平																																														
嘗	seng5	seŋ	阳平																																														
償	siang5	siaŋ	阳平																																														
償	seng5	seŋ	阳平																																														
裳	siang1	siaŋ	阴平	衣裳																																													
上	tsiunn7	tsiũ	阳去	(白)																																													
上	tshiunn7	tsʰiũ	阳去	(白)上水:从井打水,上菇/上醭:发霉																																													
上	siang7	siaŋ	阳去	(文)																																													
尙	siunn7	siũ	阳去	(白)和尚;尚杯:向神明求问事情的占卜杯																																													
尙	siang7	siaŋ	阳去	(文)																																													
瓤	nng5	nŋ	阳平	(白)外壳和内芯间的皮1.肉瓤,2.竹仔二瓤,3.瓤:蛋壳仁之间的膜																																													
瓤	nui5	nui	阳平	(白)nui5仔:柚子																																													
瓤	dziang5	dziaŋ	阳平	(文)																																													
壤	dziang2	dziaŋ	阴上																																														
攘	dziang2	dziaŋ	阴上																																														
嚷	dziang2	dziaŋ	阴上																																														
讓	niunn7	niũ	阳去																																														
疆	kiang1	kiaŋ	阴平																																														
僵	kiang1	kiaŋ	阴平																																														
姜	kiang1	kiaŋ	阴平	姓氏,姜尚姜太爷																																													
姜	kiunn1	kiũ	阴平	薑																																													
薑	kiunn1	kiũ	阴平																																														
强	kiang5	kiaŋ	阳平																																														
强	kiang2	kiaŋ	阴上																																														
强	khiunn7	kʰiũ	阳去	过分节约																																													
强	kheng7	kʰeŋ	阳去	同kʰiũ7:喙须在强饭泥																																													
勥	khiang3	kʰiaŋ	阴去	1.厉害 2.精明:强头婆																																													
香	hiunn1	hiũ	阴平	(白)																																													
香	hiang1	hiaŋ	阴平	(文)																																													
香	heng1	heŋ	阴平	(文)																																													
鄉	hiunn1	hiũ	阴平	(白)																																													
鄉	hiang1	hiaŋ	阴平	(文)																																													
薌	hiang1	hiaŋ	阴平	芗剧也称改良仔kai2 liaŋ5 ŋa																																													
薌	heng1	heŋ	阴平	(文)																																													
哼	heenn1	hɛ̃	阴平	(训)吵闹声																																													
哼	hinn1	hĩ	阴平	(训)同hɛ̃1																																													
哼	hann1	hã	阴平	(训)同hɛ̃1																																													
哼	hainn1	haĩ	阴平	(训)吵闹声																																													
哼	kainn1	kaĩ	阴平	(训)狗叫,或对他人话语的蔑称																																													
哼	hannh8	hãʔ	阳入	(训)牛叫,或形容他人难听的叫声																																													
哼	hmh8	hmh	阳入	(训)应允声																																													
哼	heenn2	hɛ̃	阴上	(训)应允声																																													
哼	heennh8	hɛ̃ʔ	阳入	(训)1.表疑问:汝真正卜走,嚇？2.惊叹语气词:嚇,煞是汝也！3.挑衅语气词:嚇,汝(无解)爽乎？																																													
享	hiang2	hiaŋ	阴上																																														
享	heng2	heŋ	阴上																																														
響	hiang2	hiaŋ	阴上	音响																																													
向	hiang3	hiaŋ	阴去																																														
向	hing3	hiŋ	阴去	向爿:那里																																													
向	hiunn3	hiũ	阴去	(白)向爿:那里																																													
向	hng3	hŋ	阴去	(白)向爿:那里,向着:向前向后																																													
向	ng3	ŋ	阴去	(白)向着:向前向后																																													
向	ann3	ã	阴去	(训)朝向某处某方向																																													
餡	ann7	ã	阳去	馅料																																													
央	hng1	hŋ	阴平	(白)																																													
央	iang1	iaŋ	阴平	(文)																																													
秧	ng1	ŋ	阴平	(白)水秧:水稻,秧tsioʔ4:水稻秧苗,焦秧:旱地里的水稻秧,挽秧:收水稻,un3秧:把水稻绑成一把,前一天晚上沾上肥料,拿出来晾干准备好,第二天再拿去播种.能让水稻种的更好																																													
秧	iang1	iaŋ	阴平	(文)																																													
殃	iang1	iaŋ	阴平																																														
羊	iunn5	iũ	阳平																																														
洋	iunn5	iũ	阳平	(白)																																													
洋	iang5	iaŋ	阳平																																														
洋	iong5	ioŋ	阳平	地名:霞寨镇洋坑村																																													
楊	iunn5	iũ	阳平																																														
楊	tsho5	tsʰo	阳平	杨梅tsʰo5m5,连读做tsʰom5																																													
揚	iang5	iaŋ	阳平																																														
陽	iang5	iaŋ	阳平	小溪民国称阳明镇																																													
陽	eng5	eŋ	阳平	阳明																																													
陽	iunn5	iũ	阳平	(白)半阴阳:指鸡公没有阉到位,仍很好斗.也引申到骂人																																													
養	iang2	iaŋ	阴上																																														
仰	iang2	iaŋ	阴上	(文)信仰																																													
癢	tsiunn7	tsiũ	阳去																																														
樣	iunn7	iũ	阳去	有样看样无样家己想																																													
樣	iang7	iaŋ	阳去																																														
恙	iunn7	iũ	阳去																																														
博	phok4	pʰok	阴入																																														
薄	poh8	poʔ	阳入	(白)																																													
薄	pok8	pok	阳入	(文)																																													
泊	pek4	pek	阴入	梁山泊																																													
泊	phek4	pʰek	阴入	湖泊,落泊																																													
莫	moh8	moʔ	阳入																																														
漠	noh4	noʔ	阴入	(替)noʔ4noʔ4:不起眼																																													
膜	moh8	moʔ	阳入																																														
膜	mu5	mu	阳平																																														
摸	bong1	boŋ	阴平																																														
摸	mo1	mo	阴平	暗mi5 mo1																																													
寞	bok8	bok	阳入																																														
幕	bou7	bou	阳去																																														
託	thok4	tʰok	阴入																																														
托	thok4	tʰok	阴入	托梦																																													
托	thuh4	tʰuʔ	阴入	托手尾																																													
托	thuh8	tʰuʔ	阳入	(训)tʰiʔ8tʰuʔ8:拖延																																													
昳	thih8	tʰiʔ	阳入	(训)tʰiʔ8tʰuʔ8:拖延																																													
諾	hioh8	hioʔ	阳入	允诺语气词																																													
諾	lok8	lok	阳入																																														
落	loh8	loʔ	阳入	落九:胡搅蛮缠																																													
落	lauh8	lauʔ	阳入	掉落																																													
落	lak4	lak	阴入	掉落																																													
落	lah4	laʔ	阴入	落凉																																													
落	lau3	lau	阴去	雨落母水:房屋滴水																																													
落	lok8	lok	阳入	(文)落kʰok8																																													
丼	tom5	tom	阳平	落水声																																													
丼	thom1	tʰom	阴平	(训)淊糜仔丼:很稀的粥																																													
洛	lok8	lok	阳入																																														
駱	lok8	lok	阳入																																														
絡	lok8	lok	阳入																																														
烙	lo7	lo	阳去	烧烙:暖和																																													
烙	lok8	lok	阳入																																														
樂	lok8	lok	阳入	快乐																																													
樂	gak8	gak	阳入	乐队																																													
樂	loh8	loʔ	阳入	(白)地名:长乐乡tiũ5 loʔ8																																													
作	tsoh4	tsoʔ	阴入	(白)作孝,作堘																																													
作	tsok4	tsok	阴入																																														
鑿	tshak8	tsʰak	阳入	刺穿																																													
昨	tsau7	tsau	阳去	昨日tsau7 dzit8:昨天																																													
昨	tsa7	tsa	阳去	昨昏tsã7 huĩ1:昨晚																																													
昨	tsoh8	tsoʔ	阳入	昨日tsoʔ8 dzit8:前天																																													
索	soh4	soʔ	阴入	索仔																																													
各	koh4	koʔ	阴入																																														
咯	kok8	kok	阳入	母鸡叫																																													
閣	keeh4	kɛʔ	阴入	出阁:女子出嫁																																													
胳	koh4	koʔ	阴入	胳笼空																																													
鱷	gok4	gok	阴入																																														
壑	hak4	hak	阴入																																														
鶴	hoh8	hoʔ	阳入																																														
掠	liah8	liaʔ	阳入	(训)抓住																																													
掠	liak8	liak	阳入																																														
搦	liah8	liaʔ	阳入	抓住																																													
搦	lak8	lak	阳入	握住																																													
略	liat8	liat	阳入																																														
略	lioh8	lioʔ	阳入																																														
爵	tsiat8	tsiat	阳入	伯爵																																													
雀	tseeh4	tsɛʔ	阴入	臭头雀仔																																													
雀	tshiak4	tsʰiak	阴入	麻雀:麻将																																													
雀	tsiap4	tsiap	阴入	tsiap4仔哭天tsiap4tsiap4,随卜落雨																																													
鵲	tshiak4	tsʰiak	阴入																																														
削	siah4	siaʔ	阴入	(白)																																													
削	siak4	siak	阴入	(文)剥削阶级																																													
酌	tsiak8	tsiak	阳入																																														
綽	tshok4	tsʰok	阴入																																														
勺	tshiah8	tsʰiaʔ	阳入																																														
若	na7	na	阳去	(白)																																													
若	dziak8	dziak	阳入	(文)																																													
弱	dziak8	dziak	阳入																																														
腳	kioh4	kioʔ	阴入	好脚数:有责任心,做事勤快																																													
卻	khiak4	kʰiak	阴入																																														
虐	giat8	giat	阳入																																														
虐	gioh8	gioʔ	阳入	疑虐																																													
瘧	giat8	giat	阳入																																														
約	ioh4	ioʔ	阴入	(白)猜																																													
約	iak4	iak	阴入	(文)琯溪约																																													
鑰	ioh8	ioʔ	阳入	(白)钥门,钥钩																																													
鑰	iak8	iak	阳入	(文)																																													
躍	iauh8	iauʔ	阳入	跳跃,跃进																																													
光	kuinn1	kuĩ	阴平																																														
廣	kuinn2	kuĩ	阴上	(白)广东,广州																																													
廣	kong2	koŋ	阴上	(文)																																													
曠	khuinn3	kʰuĩ	阴去	(白)阔旷																																													
曠	khong3	kʰoŋ	阴去	(文)																																													
荒	huinn1	huĩ	阴平	枵荒:饥荒																																													
慌	huinn1	huĩ	阴平	(白)																																													
慌	hong1	hoŋ	阴平	(文)																																													
恍	hong2	hoŋ	阴上																																														
謊	hong2	hoŋ	阴上																																														
黃	uinn5	uĩ	阳平	(白)																																													
黃	hong5	hoŋ	阳平	(文)黄金斗:装先祖遗骸的骸骨罐																																													
蝗	hong5	hoŋ	阳平																																														
皇	hong5	hoŋ	阳平	皇鸡仔,皇神坯																																													
皇	heng5	heŋ	阳平	皇神,皇帝																																													
癀	hong5	hoŋ	阳平	手癀																																													
汪	ong1	oŋ	阴平																																														
方	puinn1	puĩ	阴平	(白)小溪船民姓																																													
方	pang1	paŋ	阴平	(白)四方大:国字脸																																													
方	hng1	hŋ	阴平	(白)地方,土方:偏方																																													
方	hong1	hoŋ	阴平	(文)																																													
方	heng1	heŋ	阴平																																														
枋	pang1	paŋ	阴平	板																																													
枋	puinn1	puĩ	阴平	地名:坂仔镇枋坪村																																													
肪	hong2	hoŋ	阴上																																														
肪	heng2	heŋ	阴上																																														
仿	hong2	hoŋ	阴上																																														
放	pang3	paŋ	阴去	(白)																																													
放	hong3	hoŋ	阴去	(文)																																													
芳	phang1	pʰaŋ	阴平	(白)																																													
芳	hong1	hoŋ	阴平	(文)																																													
妨	hong5	hoŋ	阳平																																														
紡	phang2	pʰaŋ	阴上	(白)																																													
紡	hong2	hoŋ	阴上	(文)																																													
訪	hong2	hoŋ	阴上																																														
房	pang5	paŋ	阳平																																														
防	hong5	hoŋ	阳平																																														
防	heng5	heŋ	阳平																																														
亡	bong5	boŋ	阳平	牵亡:童乩通灵逝者,从而与生者交谈																																													
忘	bang7	baŋ	阳去	(白)																																													
忘	bong7	boŋ	阳去	(文)																																													
網	bang7	baŋ	阳去																																														
望	bang7	baŋ	阳去																																														
妄	bong7	boŋ	阳去																																														
匡	khong1	kʰoŋ	阴平																																														
筐	kheng1	kʰeŋ	阴平	(白)																																													
筐	khong1	kʰoŋ	阴平	(文)																																													
框	khong1	kʰoŋ	阴平	(文)																																													
狂	khong5	kʰoŋ	阳平																																														
狂	kheng5	kʰeŋ	阳平																																														
況	hong2	hoŋ	阴上																																														
況	heng2	heŋ	阴上																																														
枉	ong2	oŋ	阴上																																														
王	ong5	oŋ	阳平																																														
往	eng2	eŋ	阴上	别往年,往会受前入声pat影响为teŋ2																																													
往	ong2	oŋ	阴上	往来																																													
旺	ong7	oŋ	阳去																																														
郭	kueh4	kueʔ	阴入																																														
擴	khok4	kʰok	阴入																																														
廓	khok4	kʰok	阴入																																														
霍	hok4	hok	阴入																																														
藿	hok4	hok	阴入																																														
縛	pak8	pak	阳入	缚骹:缠足																																													
繏	suinn3	suĩ	阴去	束缚																																													
邦	pang1	paŋ	阴平																																														
綁	pang2	paŋ	阴上																																														
胖	phong3	pʰoŋ	阴去	(白)胖肚:贬义吃																																													
胖	phang3	pʰaŋ	阴去																																														
龐	phiang5	pʰiaŋ	阳平	庞庞:胖																																													
龐	phang5	pʰaŋ	阳平																																														
棒	pang7	paŋ	阳去																																														
蚌	pang7	paŋ	阳去																																														
樁	tseng1	tseŋ	阴平	椿臼面tseŋ1 kʰu7 mi7																																													
撞	tseng1	tseŋ	阴平																																														
撞	tsheng7	tsʰeŋ	阳去	碰见																																													
撞	tong7	toŋ	阳去																																														
撞	long7	loŋ	阳去	同toŋ7																																													
窗	thang1	tʰaŋ	阴平																																														
雙	sng1	sŋ	阴平	(白)地名:山格镇双坑村sŋ1 kʰɛ̃1																																													
雙	siang1	siaŋ	阴平	(文)双春:闰年又带闰月,传统认为这时是大吉,动到风水相关(拾骨,徙新厝,买银等)都该在双春最好																																													
雙	seng1	seŋ	阴平																																														
江	kang1	kaŋ	阴平																																														
肛	kng1	kŋ	阴平																																														
扛	kng1	kŋ	阴平																																														
講	kong2	koŋ	阴上																																														
講	kang2	kaŋ	阴上	(文)讲究																																													
港	kang2	kaŋ	阴上																																														
降	kang3	kaŋ	阴去	目降:骂人跟石降一样睁眼瞎																																													
降	hang5	haŋ	阳平																																														
虹	kheng7	kʰeŋ	阳去	1.天虹:彩虹,猴牵虹:形容人做事有头没尾;2.地名:豆坪村虹仔头,实际为"桕仔头"																																													
桕	kheng7	kʰeŋ	阳去	乌桕树;地名:豆坪村虹仔头,实际为"桕仔头"																																													
腔	khiunn1	kʰiũ	阴平	腔调																																													
腔	khang1	kʰaŋ	阴平	鼻腔耳腔喙腔																																													
項	hang7	haŋ	阳去																																														
巷	hang7	haŋ	阳去																																														
剝	pak4	pak	阴入																																														
駁	pak4	pak	阴入	(白)驳壳铳,反驳																																													
璞	phok4	pʰok	阴入																																														
雹	phauh8	pʰauʔ	阳入	落雹																																													
卓	toh4	toʔ	阴入	姓氏,小溪卓姓聚落位于古楼敦睦村																																													
桌	toh4	toʔ	阴入																																														
琢	tok4	tok	阴入																																														
啄	teh4	teʔ	阴入	啄食:鸡啄菜																																													
啄	tok4	tok	阴入	啄交睡																																													
戳	tshak8	tsʰak	阳入																																														
戳	tshok8	tsʰok	阳入	邮戳																																													
濁	tak8	tak	阳入	(白)形容发物:猪头冇tak8 tak8,食了解过敏																																													
濁	tsok8	tsok	阳入	繁杂																																													
捉	tsok4	tsok	阴入																																														
鐲	soh8	soʔ	阳入	手镯仔																																													
朔	sok4	sok	阴入																																														
角	kak4	kak	阴入																																														
墼	kat4	kat	阴入	塗墼厝:用土块搭建的房子,塗墼印:印土块的模具																																													
餃	kiau2	kiau	阴上																																														
確	khak4	kʰak	阴入																																														
殼	khak4	kʰak	阴入																																														
嶽	gak8	gak	阳入	监狱																																													
岳	gak8	gak	阳入	山岳																																													
學	oh8	oʔ	阳入	(白)学堂																																													
學	hak8	hak	阳入	(文)学生																																													
握	ak4	ak	阴入	掌握																																													
握	ap4	ap	阴入	握手																																													
崩	pang1	paŋ	阴平	倒塌:新建村崩坎湖,豆坪村大崩																																													
朋	peng5	peŋ	阳平																																														
爿	peng5	peŋ	阳平																																														
登	teng1	teŋ	阴平																																														
燈	teng1	teŋ	阴平																																														
等	teng2	teŋ	阴上																																														
等	tan2	tan	阴上																																														
凳	teng3	teŋ	阴去																																														
滕	thin5	tʰin	阳平	滕水滕茶																																													
藤	tin5	tin	阳平																																														
騰	thng7	tʰŋ	阳去																																														
疼	thiann3	tʰiã	阴去																																														
謄	theng5	tʰeŋ	阳平																																														
鄧	teng7	teŋ	阳去																																														
能	leng5	leŋ	阳平																																														
增	tseng1	tseŋ	阴平																																														
增	tsan1	tsan	阴平																																														
憎	tseng1	tseŋ	阴平																																														
曾	tsan1	tsan	阴平	(白)曾姓																																													
曾	tseng1	tseŋ	阴平	现曾:现在,最近																																													
曾	tseng5	tseŋ	阳平	曾经																																													
層	tsan1	tsan	阴平	大层:臼齿																																													
層	tsan5	tsan	阳平	三层仔,炊层仔																																													
層	tsian5	tsian	阳平	(文)地名:文峰镇前山村也有写作层山																																													
層	teng5	teŋ	阳平																																														
層	tsan3	tsan	阴去	层次,楼层																																													
贈	tsan7	tsan	阳去	赠助																																													
贈	tseng7	tseŋ	阳去																																														
僧	tseng1	tseŋ	阴平																																														
肯	kheng2	kʰeŋ	阴上																																														
恆	an5	an	阳平	紧绷,紧迫																																													
恆	heng5	heŋ	阳平																																														
冰	peng1	peŋ	阴平																																														
憑	peng5	peŋ	阳平																																														
憑	pin5	pin	阳平	同peŋ5																																													
凌	leng5	leŋ	阳平																																														
菱	leng5	leŋ	阳平	菠薐仔																																													
陵	leng5	leŋ	阳平																																														
徵	teng1	teŋ	阴平																																														
澄	teng5	teŋ	阳平																																														
澄	theng5	tʰeŋ	阳平	地名:九峰镇澄溪																																													
懲	tin5	tin	阳平																																														
橙	tshiam5	tsʰiam	阳平																																														
瞪	teenn3	tɛ̃	阴去	瞪目珠																																													
𩏠	teenn3	tɛ̃	阴去	奋力憋气做:tɛ̃3屎																																													
蒸	tsin1	tsin	阴平																																														
拯	tsin2	tsin	阴上																																														
證	tsin3	tsin	阴去	证明,证据																																													
證	tseng3	tseŋ	阴去	又																																													
症	tsin3	tsin	阴去																																														
稱	tsheng1	tsʰeŋ	阴平	称呼																																													
稱	tshin3	tsʰin	阴去	对称,称重																																													
秤	tshin3	tsʰin	阴去	秤仔																																													
乘	seng5	seŋ	阳平																																														
乘	sin3	sin	阴去	乘势																																													
繩	sin5	sin	阳平																																														
剩	sin7	sin	阳去																																														
剩	sun7	sun	阳去																																														
剩	tshun7	tsʰun	阳去	除夕夜把饭剩下留到初一早上食用,以tsʰun7为春,寓意来年有tsʰun7有春																																													
升	seng1	seŋ	阴平																																														
升	tsin1	tsin	阴平	(白)升栱:舀米的小杯,升栱头:又长又圆的头																																													
昇	seng1	seŋ	阴平																																														
勝	seng3	seŋ	阴去																																														
勝	sin3	sin	阴去	地名:南胜县																																													
承	seng5	seŋ	阳平																																														
丞	seng5	seŋ	阳平																																														
仍	dzeng5	dzeŋ	阳平																																														
扔	dzeng1	dzeŋ	阴平																																														
兢	kin1	kin	阴平																																														
凝	gin5	gin	阳平	瞪眼睛凝视																																													
凝	gan5	gan	阳平	寒冷"天凝凝"																																													
凝	geng5	geŋ	阳平	(文)凝结,凝固																																													
凝	gan3	gan	阴去	凝冷水:用冷水降温使物体保持固态.1.和面时加入冷水,让面团成型, 2.打造铁器淬火成型																																													
興	hin1	hin	阴平	兴旺																																													
興	hin3	hin	阴去	高兴																																													
興	heng1	heŋ	阴平	兴旺																																													
興	heng3	heŋ	阴去	兴趣																																													
應	in3	in	阴去	(白)回复																																													
應	eng3	eŋ	阴去	(文)应答																																													
應	eng1	eŋ	阴平	应该																																													
鷹	eng1	eŋ	阴平																																														
蠅	sin5	sin	阳平	胡蝇旋屎疕:1.爱不释手 2.纠缠不清																																													
孕	in7	in	阳去																																														
北	pak4	pak	阴入																																														
墨	bak8	bak	阳入																																														
默	bek4	bek	阴入																																														
德	tek4	tek	阴入																																														
得	tit4	tit	阴入	(白)得到																																													
得	tek4	tek	阴入	(文)																																													
特	tek8	tek	阳入																																														
肋	lek8	lek	阳入																																														
勒	lek8	lek	阳入	阿肥勒仔																																													
則	tsek4	tsek	阴入																																														
則	tsiah4	tsiaʔ	阴入	(替)这么																																													
賊	tshat8	tsʰat	阳入	贼仔																																													
賊	tsat8	tsat	阳入	墨贼bat8tsat8																																													
塞	that4	tʰat	阴入	(白)1.堵住 2.狼吞虎咽																																													
塞	sat4	sat	阴入	(白)塞车,塞鼻																																													
塞	sek4	sek	阴入	(文)闭塞																																													
揳	seh4	seʔ	阴入	塞入缝隙																																													
刻	khek4	kʰek	阴入																																														
刻	khat4	kʰat	阴入	(白)雕刻:刻木,刻石头																																													
克	khek4	kʰek	阴入	刻苦																																													
黑	hek4	hek	阴入	少用此字,常训做乌																																													
逼	pek4	pek	阴入																																														
逼	piak4	piak	阴入	煏																																													
力	lat8	lat	阳入	(白)出力																																													
力	lek8	lek	阳入	(文)努力																																													
即	tsit4	tsit	阴入																																														
鯽	tsit4	tsit	阴入	鲫仔鱼																																													
鯽	tsak4	tsak	阴入	地域差异,同tsit4																																													
稷	tsit4	tsit	阴入																																														
息	sit4	sit	阴入																																														
熄	sit4	sit	阴入	熄灯																																													
直	tit8	tit	阳入	条直																																													
值	tat8	tat	阳入	(白)无所值																																													
值	tit8	tit	阳入	(文)值日,数值																																													
側	tshek4	tsʰek	阴入																																														
測	tshek4	tsʰek	阴入																																														
惻	tshek4	tsʰek	阴入																																														
色	sek4	sek	阴入																																														
嗇	sek4	sek	阴入																																														
織	tsit4	tsit	阴入	针织:针线活																																													
職	tsit4	tsit	阴入																																														
職	tsip4	tsip	阴入																																														
食	tsiah8	tsiaʔ	阳入	(白)食新lian1:尝鲜																																													
食	sit8	sit	阳入	(文)																																													
蝕	sih8	siʔ	阳入	蚀巡:消损,消损的痕迹																																													
蝕	sit8	sit	阳入	侵蚀																																													
蝕	ih8	iʔ	阳入	蚀指iʔ8tsai2:指头因浸水过久溃烂																																													
識	sit4	sit	阴入																																														
式	sit4	sit	阴入																																														
飾	sit4	sit	阴入																																														
殖	sit8	sit	阳入																																														
植	sit8	sit	阳入																																														
棘	kit4	kit	阴入																																														
極	kit8	kit	阳入																																														
極	kek8	kek	阳入	极死:特别,非常																																													
憶	ek4	ek	阴入																																														
億	ek4	ek	阴入																																														
抑	ah4	aʔ	阴入	连词:还是,或者																																													
抑	ek4	ek	阴入																																														
弋	ek8	ek	阳入																																														
翼	sit8	sit	阳入																																														
弘	heng5	heŋ	阳平																																														
弘	hong5	hoŋ	阳平																																														
國	kok4	kok	阴入																																														
或	hek8	hek	阳入																																														
惑	hek8	hek	阳入																																														
域	hek8	hek	阳入																																														
烹	pheng1	pʰeŋ	阴平																																														
彭	pheenn5	pʰɛ̃	阳平	(白)地名:彭林pʰɛ̃5 na5																																													
彭	pheng5	pʰeŋ	阳平																																														
膨	pheng5	pʰeŋ	阳平	膨胀																																													
膨	phong5	pʰoŋ	阳平	pʰin1 pʰoŋ5:康乐果																																													
膨	phong7	pʰoŋ	阳去	鼓起来:膨皮																																													
盲	me5	me	阳平	(白)青盲																																													
盲	bong5	boŋ	阳平	(文)盲肠																																													
猛	me2	me	阴上	较猛:赶紧																																													
猛	beng2	beŋ	阴上																																														
孟	beng7	beŋ	阳去																																														
打	tann2	tã	阴上																																														
冷	leng2	leŋ	阴上																																														
撐	theenn3	tʰɛ̃	阴去	撑雨伞																																													
撐	theenn1	tʰɛ̃	阴平	撑船																																													
鐺	tang1	taŋ	阴平																																														
鐺	tong3	toŋ	阴去	(训)打鼓声																																													
鐺	khainn1	kʰaĩ	阴平	(训)敲锣声																																													
生	tsheenn1	tsʰɛ̃	阴平	(白)食物没熟																																													
生	seenn1	sɛ̃	阴平	(白)生分,生日,(生毛将军?)sɛ̃1 mo5 tsiaŋ1 kun1:一种草药																																													
生	seng1	seŋ	阴平	(文)																																													
牲	seng1	seŋ	阴平																																														
笙	seng1	seŋ	阴平																																														
甥	seng1	seŋ	阴平																																														
省	seenn2	sɛ̃	阴上																																														
更	keenn1	kɛ̃	阴平	(白)三更半暝																																													
更	keng1	keŋ	阴平	(文)更新																																													
梗	kuainn2	kuaĩ	阴上	芋梗,树梗,竹梗,木梗																																													
庚	keng1	keŋ	阴平																																														
羹	keng1	keŋ	阴平	调羹																																													
羹	keenn1	kɛ̃	阴平	(白)杂罗羹:各种食材一起炖煮																																													
羹	ge5	ge	阳平	(训)汤里的固体,汤料,馅料																																													
哽	keenn2	kɛ̃	阴上																																														
坑	kheenn1	kʰɛ̃	阴平																																														
硬	nge7	ŋe	阳去																																														
澩	haunnh8	haũʔ	阳入	蔬菜水果表皮生涩或没熟或缺水木质																																													
橂	teng7	teŋ	阳去	硬																																													
亨	heng1	heŋ	阴平																																														
衡	heng5	heŋ	阳平																																														
杏	heng7	heŋ	阳去																																														
逬	piang3	piaŋ	阴去	大响声																																													
逬	peng3	peŋ	阴去	迸发																																													
棚	peenn5	pɛ̃	阳平	戏棚																																													
棚	pheenn5	pʰɛ̃	阳平	雨棚																																													
萌	beng5	beŋ	阳平																																														
爭	tseenn1	tsɛ̃	阴平	(白)相争																																													
爭	tseng1	tseŋ	阴平	(文)																																													
爭	tseenn3	tsɛ̃	阴去	(白)争吵"争输赢"																																													
爭	tsinn3	tsĩ	阴去	(训)争抢争吵:tsĩ3喙																																													
錚	tseng1	tseŋ	阴平	𦗀錚鼓:停灵和出丧时敲的鼓,两声小鼓一声鈸.逝者有两代或以上的晚辈才能敲,如果不够辈分义子义女也算数.也可拟声称作tong7tong7tshainn1																																													
箏	tshee1	tsʰɛ	阴平	风筝hoŋ1tsʰɛ1																																													
睜	tseng1	tseŋ	阴平																																														
耕	keng1	keŋ	阴平																																														
耿	keng2	keŋ	阴上																																														
莖	keng1	keŋ	阴平																																														
莖	hueenn5	huɛ̃	阳平	芋茎:芋头梗																																													
莖	huann5	huã	阳平	同huɛ̃5																																													
幸	heng7	heŋ	阳去																																														
鶯	eng1	eŋ	阴平																																														
鸚	eng1	eŋ	阴平																																														
櫻	eng1	eŋ	阴平																																														
兵	peng1	peŋ	阴平																																														
兵	phiann1	pʰiã	阴平	(白)天兵:形容人身材魁梧																																													
丙	piann2	piã	阴上	(白)																																													
丙	peng2	peŋ	阴上	(文)																																													
秉	peng2	peŋ	阴上																																														
柄	peenn2	pɛ̃	阴上	(白)																																													
柄	peng2	peŋ	阴上	(文)																																													
平	penn5	pẽ	阳平	(白)平坦																																													
平	phenn5	pʰẽ	阳平	(白)分配:平水,平来平去																																													
平	phiann5	pʰiã	阳平	(白)三平祖师公																																													
平	peng5	peŋ	阳平	(文)平和																																													
坪	penn5	pẽ	阳平	大片的平缓山坡:1.坪仔:山坡;2.霞寨镇大坪 小坪																																													
坪	phenn5	pʰẽ	阳平	地名:秀峰乡坪洄村																																													
坪	phiann5	pʰiã	阳平	地名:小溪镇豆坪村																																													
坪	peng5	peŋ	阳平	(文)																																													
評	peng5	peŋ	阳平																																														
病	peenn7	pɛ̃	阳去	细病:不至死的疾病,后引申为贬义词"细病死囝仔",与之相对是大病,避讳直呼绝症而称大病																																													
明	ma5	ma	阳平	(白)明载																																													
明	mia5	mia	阳平	(白)明载																																													
明	me5	me	阳平	(白)明年																																													
明	beng5	beŋ	阳平	(文)																																													
鳴	beng5	beŋ	阳平																																														
盟	beng5	beŋ	阳平																																														
皿	bin2	bin	阴上																																														
命	mia7	mia	阳去	(白)																																													
命	beng7	beŋ	阳去	(文)																																													
京	kiann1	kiã	阴平	(白)																																													
京	keenn1	kɛ̃	阴平	地名:坂仔镇金京洋村kim1 kɛ̃1 iũ5																																													
荆	kiunn1	kiũ	阴平	(白)蒲荆.山格镇蒲姜林实为蒲荆林																																													
荆	keng1	keŋ	阴平	(文)																																													
驚	kiann1	kiã	阴平	(白)																																													
驚	keenn1	kɛ̃	阴平	(白)惊蛰																																													
驚	keng1	keŋ	阴平	(文)																																													
境	keng2	keŋ	阴上																																														
境	kiann2	kiã	阴上	(白)地名:文峰镇上境																																													
景	keng2	keŋ	阴上																																														
警	keng2	keŋ	阴上																																														
敬	keng3	keŋ	阴去																																														
竟	keng2	keŋ	阴上																																														
鏡	kiann3	kiã	阴去																																														
卿	kheng1	kʰeŋ	阴平																																														
慶	khiann3	kʰiã	阴去																																														
慶	kheng3	kʰeŋ	阴去																																														
擎	kheng5	kʰeŋ	阳平																																														
鯨	keng1	keŋ	阴平																																														
競	keng7	keŋ	阳去																																														
迎	ngia5	ŋia	阳平	(白)迎王公,迎尪																																													
迎	geng5	geŋ	阳平	(文)																																													
英	eng1	eŋ	阴平																																														
影	iann2	iã	阴上	(白)知影																																													
影	ng2	ŋ	阴上	(白)日影,树影,走影:太阳天转阴天																																													
影	eng2	eŋ	阴上	(文)																																													
映	iann3	iã	阴去	(白)1.照射 2.浅浅的看																																													
映	eng3	eŋ	阴去	(文)																																													
餠	piann2	piã	阴上																																														
餠	phiann2	pʰiã	阴上	量词,一片																																													
幷	peng3	peŋ	阴去																																														
並	peng3	peŋ	阴去																																														
碰	phoŋ7	pʰoŋ	阳去	碰电:1.触电 2.电路短路																																													
聘	pheng3	pʰeŋ	阴去	聘金																																													
𩩍	phiann1	pʰiã	阴平	骹𩩍:背部																																													
名	mia5	mia	阳平	(白)																																													
名	beng5	beŋ	阳平	(文)																																													
領	nia2	nia	阴上	(白)一领衫仔,一领被																																													
領	leng2	leŋ	阴上	(文)																																													
嶺	nia2	nia	阴上																																														
令	leng7	leŋ	阳去	令旗																																													
精	tsiann1	tsiã	阴平	(白)灵精																																													
精	tseng1	tseŋ	阴平	(文)精神																																													
晶	tsinn1	tsĩ	阴平	(白)水晶																																													
晶	tseng1	tseŋ	阴平	(文)																																													
睛	tseenn5	tsɛ̃	阳平																																														
井	tseenn2	tsɛ̃	阴上																																														
淸	tsheng1	tsʰeŋ	阴平	(文)清心																																													
請	tshiann2	tsʰiã	阴上	(白)																																													
請	tsheng2	tsʰeŋ	阴上	(文)																																													
情	tsiann5	tsiã	阳平	(白)																																													
情	tseng5	tseŋ	阳平	(文)																																													
靜	tseng7	tseŋ	阳去	tiam7静																																													
靜	tseenn7	tsɛ̃	阳去	(白)																																													
淨	tsinn7	tsĩ	阳去	(白)尖净:面容瘦削																																													
淨	tseng7	tseŋ	阳去																																														
性	seng3	seŋ	阴去	(文)发性																																													
性	seenn3	sɛ̃	阴去	(白)性命																																													
姓	seenn3	sɛ̃	阴去																																														
貞	tsin1	tsin	阴平																																														
蟶	than1	tʰan	阴平	蛏仔,蛏仔干																																													
偵	tsin1	tsin	阴平																																														
逞	theng2	tʰeŋ	阴上																																														
呈	thiann5	tʰiã	阳平	(白)呈送																																													
程	thiann5	tʰiã	阳平	(白)姓氏																																													
程	theng5	tʰeŋ	阳平	(文)程度																																													
鄭	teenn7	tɛ̃	阳去																																														
正	tsiann1	tsiã	阴平	(白)新正时																																													
正	tsiann3	tsiã	阴去	(白)																																													
正	tseng3	tseŋ	阴去	(文)																																													
正	tsiah4	tsiaʔ	阴入	这么																																													
征	tseng1	tseŋ	阴平																																														
整	tseng2	tseŋ	阴上																																														
政	tseng3	tseŋ	阴去																																														
聲	siann1	siã	阴平	(白)																																													
聲	seng1	seŋ	阴平	(文)																																													
聖	siann3	siã	阴去	(白)灵验																																													
聖	seng3	seŋ	阴去	(文)圣人																																													
城	siann5	siã	阳平	(白)																																													
城	seng5	seŋ	阳平	(文)																																													
成	tsiann5	tsiã	阳平	(白)成人,成样																																													
成	tshiann5	tsʰiã	阳平	(白)1.成尾:最后收尾 2.成囝仔:把孩子带大																																													
成	siann5	siã	阳平	(白)																																													
成	seng5	seŋ	阳平	(文)																																													
誠	seng5	seŋ	阳平																																														
盛	siann7	siã	阳去	盛仔:竹篾编成的器具做喜事时用来装礼品																																													
盛	sin5	sin	阳平	接:盛水																																													
盛	sin7	sin	阳去	同seŋ7																																													
盛	seng7	seŋ	阳去																																														
頸	keng2	keŋ	阴上	颔颈																																													
勁	kin3	kin	阴去	干劲																																													
輕	khin1	kʰin	阴平																																														
輕	khin2	kʰin	阴上	(替)kʰin2眠:睡眠浅																																													
嬰	eenn1	ɛ̃	阴平	(白)婴婴叫, 幼婴:1.幼稚 2.成年人装成小孩子																																													
嬰	eng1	eŋ	阴平	(文)																																													
纓	iann1	iã	阴平	(白)红缨枪aŋ5 iã1 tsʰiũ1																																													
纓	eng1	eŋ	阴平	(文)																																													
盈	eng5	eŋ	阳平																																														
贏	iann5	iã	阳平	(白)																																													
贏	eng5	eŋ	阳平	(文)																																													
姘	pheng3	pʰeŋ	阴去	姘头:契兄头,奸夫																																													
拼	pheng1	pʰeŋ	阴平	(文)																																													
甁	pan5	pan	阳平																																														
屛	pin5	pin	阳平	(白)																																													
屛	peng5	peŋ	阳平	(文)																																													
銘	beng5	beŋ	阳平																																														
冥	beng5	beŋ	阳平																																														
螟	nee1	nɛ	阴平	山螟:蜻蜓																																													
丁	teng1	teŋ	阴平																																														
釘	teng1	teŋ	阴平																																														
釘	teng3	teŋ	阴去																																														
䟓	teenn1	tɛ̃	阴平	脚后跟.踏䟓:踩着鞋帮穿鞋,拖䟓:拖着鞋底走路																																													
頂	teng2	teŋ	阴上																																														
鼎	tiann2	tiã	阴上	(白)大鼎																																													
鼎	teng2	teŋ	阴上	(文)一言九鼎																																													
訂	teng3	teŋ	阴去																																														
聽	thiann1	tʰiã	阴平	(白)																																													
聽	theng1	tʰeŋ	阴平	(文)																																													
聽	theng3	tʰeŋ	阴去	可以																																													
汀	thiann1	tʰiã	阴平	(白)地名:霞寨镇长汀村,芦溪镇漳汀村																																													
汀	theng1	tʰeŋ	阴平	(文)																																													
廳	thiann1	tʰiã	阴平	老公厅																																													
廷	teng5	teŋ	阳平																																														
停	theng5	tʰeŋ	阳平																																														
亭	theng5	tʰeŋ	阳平																																														
庭	teng5	teŋ	阳平																																														
庭	tiann5	tiã	阳平	(白)厝庭,门口庭:院子																																													
蜓	theng5	tʰeŋ	阳平																																														
挺	than2	tʰan	阴上	挺直,挺横,挺㩻																																													
挺	theng2	tʰeŋ	阴上																																														
挺	thann2	tʰã	阴上	(白)推出去																																													
挺	teng5	teŋ	阳平	(替)直																																													
艇	theng2	tʰeŋ	阴上																																														
錠	teng3	teŋ	阴去																																														
定	tiann7	tiã	阳去	(白)定着:一定																																													
定	teng7	teŋ	阳去	(文)永定																																													
定	nia5	nia	阳平	而已																																													
寧	leng5	leŋ	阳平																																														
棱	leng5	leŋ	阳平																																														
楞	leng5	leŋ	阳平																																														
楞	nia7	nia	阳去	物体表面突起的条状物																																													
佞	leng7	leŋ	阳去																																														
靈	leng5	leŋ	阳平																																														
零	lan5	lan	阳平	零头,零星仔																																													
零	leng5	leŋ	阳平																																														
鈴	leng5	leŋ	阳平																																														
伶	leng5	leŋ	阳平																																														
另	leng7	leŋ	阳去																																														
靑	tsheenn1	tsʰɛ̃	阴平	(白)																																													
靑	tsheng1	tsʰeŋ	阴平	(文)																																													
蜻	tsheng1	tsʰeŋ	阴平																																														
星	tsheenn1	tsʰɛ̃	阴平	(白)																																													
星	san1	san	阴平	1.零星:零食 2.零星仔镭:散钱																																													
星	seng1	seŋ	阴平	(文)																																													
腥	tsheenn3	tsʰɛ̃	阴去	臭腥味,涂垢腥:土腥味																																													
醒	tsheenn2	tsʰɛ̃	阴上																																														
經	keenn1	kɛ̃	阴平	(白)1.织:经蜘蛛网 2.绊倒																																													
經	keng1	keŋ	阴平	(文)																																													
徑	keenn3	kɛ̃	阴去	(白)地名:豆坪村径口kɛ̃3 ia kʰau2																																													
徑	kiann3	kiã	阴去	(白)地名:大溪镇大陂行村,南胜镇溪底行村.康熙县志记载小溪有地名豆行村.此字有地方转写为行珩荇.本人猜测是为径,不过今天豆坪的径口是kɛ̃,不排除是音变,此处仅供参考."陉,《说文》:山绝坎也"																																													
徑	keng3	keŋ	阴去	(文)																																													
馨	heng1	heŋ	阴平																																														
刑	heng5	heŋ	阳平																																														
型	heng5	heŋ	阳平																																														
形	heng5	heŋ	阳平																																														
百	peeh4	pɛʔ	阴入	(白)食百二:长命百岁,百二忍:如同一百二十岁的老人,什么大风大浪都能包容,从不发脾气																																													
百	pek4	pek	阴入	(文)																																													
𬦰	peeh4	pɛʔ	阴入	攀登;爬起来																																													
柏	peeh4	pɛʔ	阴入	(白)松柏																																													
柏	pek4	pek	阴入	(文)人名																																													
伯	peeh4	pɛʔ	阴入	土地公,伯公仔,土地伯公,土老伯公																																													
伯	pit4	pit	阴入	伯劳																																													
迫	pek4	pek	阴入																																														
拍	phah4	pʰaʔ	阴入	拍碌碡la5 tat8																																													
撆	piat8	piat	阳入	拍打																																													
珀	phek4	pʰek	阴入																																														
粕	phoh4	pʰoʔ	阴入	渣滓:茶米粕,肉粕仔																																													
魄	phek4	pʰek	阴入																																														
白	peeh8	pɛʔ	阳入	(白)白皮仔饼																																													
白	pek8	pek	阳入	(文)																																													
帕	phee3	pʰɛ	阴去	奶帕仔:婴儿围巾,奶帕:胸罩																																													
帛	peeh8	pɛʔ	阳入	(白)																																													
帛	pek8	pek	阳入	(文)																																													
陌	bak8	bak	阳入																																														
拆	thiah4	tʰiaʔ	阴入	拆白讲:说白了																																													
擇	tek8	tek	阳入																																														
擇	toh8	toʔ	阳入	(白)择菜																																													
澤	tek8	tek	阳入																																														
宅	theeh8	tʰɛʔ	阳入	厝宅:规模较大的住宅																																													
宅	teeh8	tɛʔ	阳入	地名:山格镇鸭母宅																																													
格	keeh4	kɛʔ	阴入																																														
客	kheeh4	kʰɛʔ	阴入	人客,讲客.客仔毋捌补,客仔分盐ŋi7ŋai7叫																																													
咳	kheennh8	kʰɛ̃ʔ	阳入	咳嗽																																													
咳	ka1	ka	阴平	着咳tsak8:剧烈咳嗽																																													
咳	khak4	kʰak	阴入	咳鱼刺																																													
额	hiah8	hiaʔ	阳入	额头																																													
額	giah8	giaʔ	阳入	够额,无额																																													
赫	hek4	hek	阴入																																														
赫	hiah4	hiaʔ	阴入	这么																																													
麥	beeh8	bɛʔ	阳入	麦仔膏																																													
脈	meeh8	mɛʔ	阳入																																														
摘	tiak4	tiak	阴入	文摘																																													
摘	tiah4	tiaʔ	阴入	(白)摘菜																																													
摘	tiap4	tiap	阴入	(训)尝一小口																																													
摘	tioh4	tioʔ	阴入	(训)1.拔起:tioʔ4喙齿 2.小调整:tioʔ4咸																																													
責	tsek4	tsek	阴入																																														
策	tshek4	tsʰek	阴入																																														
册	tsheeh4	tsʰɛʔ	阴入																																														
革	kek4	kek	阴入																																														
隔	keeh4	kɛʔ	阴入	隔开,山格镇由山隔雅化而来																																													
隔	kiah4	kiaʔ	阴入	隔壁kiaʔ4 piaʔ4																																													
厄	eeh4	ɛʔ	阴入	劫难:蛇伤虎厄天注定																																													
軛	eeh4	ɛʔ	阴入	牛轭仔																																													
碧	phek4	pʰek	阴入																																														
戟	kek4	kek	阴入																																														
隙	khiah4	kʰiaʔ	阴入	(白)1.落隙,缺一隙 2.地名:豆坪村后湖隙																																													
劇	kiak8	kiak	阳入																																														
屐	kiah8	kiaʔ	阳入	(白)木屐bak8 kiaʔ8																																													
屐	kiak8	kiak	阳入	(文)樵头屐仔																																													
逆	gek8	gek	阳入																																														
璧	pek4	pek	阴入																																														
僻	phiah4	pʰiaʔ	阴入																																														
闢	phiah4	pʰiaʔ	阴入	(白)																																													
闢	phek4	pʰek	阴入	(文)																																													
積	tsek4	tsek	阴入	积着:受到因果报应																																													
跡	tsiah4	tsiaʔ	阴入	(白)发迹,影迹																																													
跡	tsek4	tsek	阴入	(文)事迹																																													
脊	tsiah4	tsiaʔ	阴入	(白)																																													
脊	tsit4	tsit	阴入	(文)																																													
蹠	tsiah4	tsiaʔ	阴入	骹蹠:脚掌;踏骹蹠踏遘着着:上梁不正下梁歪																																													
籍	tsip4	tsip	阴入	籍贯																																													
籍	tsek4	tsek	阴入	祖籍																																													
昔	sek4	sek	阴入																																														
惜	sioh4	sioʔ	阴入																																														
席	tshioh8	tsʰioʔ	阳入	(白)席仔																																													
席	sek8	sek	阳入	(文)主席																																													
夕	sek8	sek	阳入																																														
擲	teenn7	tɛ̃	阳去	(训)紧握:tɛ̃7拳头母																																													
隻	tsiah4	tsiaʔ	阴入	一只猪仔																																													
炙	tsia3	tsia	阴去																																														
赤	tshiah4	tsʰiaʔ	阴入	1.颜色:赤色 2.赤身裸体:赤剥澈tsʰiaʔ4 bak4 tʰɛʔ4 3.瘙痒:赤痒																																													
斥	thiat4	tʰiat	阴入	排斥																																													
斥	thak4	tʰak	阴入	体斥:讽刺挖苦																																													
尺	tshioh4	tsʰioʔ	阴入																																														
適	sit4	sit	阴入																																														
釋	sek4	sek	阴入																																														
石	tsioh8	tsioʔ	阳入	(白)																																													
石	sek8	sek	阳入	(文)																																													
石	see7	sɛ	阳去	石榴																																													
碩	soh4	soʔ	阴入	硕士.小溪许多人读soʔ,可能是误传																																													
碩	sek8	sek	阳入																																														
益	ek4	ek	阴入	益母草																																													
亦	ek8	ek	阳入																																														
亦	a7	a	阳去	也																																													
譯	ek8	ek	阳入																																														
液	sioh8	sioʔ	阳入	(白)手液,骹液																																													
液	ek8	ek	阳入	洗手液																																													
液	iak8	iak	阳入	同ek8																																													
壁	piah4	piaʔ	阴入																																														
霹	phek4	pʰek	阴入																																														
劈	phek4	pʰek	阴入																																														
劈	phut4	pʰut	阴入	劈落去																																													
劈	phuah4	pʰuaʔ	阴入	劈柴																																													
覓	bau7	bau	阳去	承包:觅功课																																													
覓	bai7	bai	阳去																																														
覓	lai7	lai	阳去	lai7hioʔ8:老鹰																																													
睞	lai7	lai	阳去	lai7hioʔ8:老鹰																																													
滴	tih4	tiʔ	阴入	掉落:滴目滓																																													
嫡	tit4	tit	阴入																																														
的	tit4	tit	阴入	目的																																													
的	tek4	tek	阴入	的士仔,的确良																																													
踢	that4	tʰat	阴入																																														
剔	that4	tʰat	阴入																																														
剔	thek4	tʰek	阴入																																														
狄	tek8	tek	阳入																																														
笛	tat8	tat	阳入	笛仔																																													
敵	tek8	tek	阳入																																														
糴	tiah8	tiaʔ	阳入	1.糴tiaʔ8米:买米 2.糶tʰio3米:卖米																																													
糶	thio3	tʰio	阴去	1.糴tiaʔ8米:买米 2.糶tʰio4米:卖米																																													
溺	kek4	kek	阴入																																														
歷	lek8	lek	阳入																																														
曆	lah8	laʔ	阳入	(白)历日:日历																																													
曆	lek8	lek	阳入	(文)																																													
績	tsek4	tsek	阴入																																														
戚	tshek4	tsʰek	阴入																																														
寂	tsek8	tsek	阳入																																														
寂	tsih4	tsiʔ	阴入	(白)tiam7 tsiʔ4 tsiʔ4																																													
錫	siah4	siaʔ	阴入																																														
析	sek4	sek	阴入																																														
擊	kek4	kek	阴入																																														
激	kek4	kek	阴入	1.忍:激牢牢 2.装腔作势:激倥倥 3.酝酿:激雨																																													
激	kit4	kit	阴入	激动,起激:发火																																													
喫	khe3	kʰe	阴去	啃食骨头																																													
礦	khong3	kʰoŋ	阴去																																														
橫	hueenn5	huɛ̃	阳平	横樵举入灶:做事死板																																													
橫	huainn5	huaĩ	阳平	横横横:形容拖拖拉拉																																													
轟	eng1	eŋ	阴平	轰涂粉,轰埃																																													
轟	hong1	hoŋ	阴平																																														
宏	hong5	hoŋ	阳平																																														
兄	hiann1	hiã	阴平	在契兄一词出现连读kʰe3 iã1																																													
榮	eng5	eŋ	阳平																																														
永	eng2	eŋ	阴上																																														
泳	eng2	eŋ	阴上																																														
咏	eng2	eŋ	阴上																																														
傾	kheng1	kʰeŋ	阴平																																														
頃	kheng2	kʰeŋ	阴上																																														
瓊	kheng5	kʰeŋ	阳平																																														
營	iann5	iã	阳平	(白)军营																																													
營	eng5	eŋ	阳平	(文)																																													
塋	eng5	eŋ	阳平																																														
穎	eng2	eŋ	阴上																																														
螢	iann5	iã	阳平	(白)火萤																																													
螢	eng5	eŋ	阳平	(文)																																													
獲	hek4	hek	阴入																																														
劃	ueeh8	uɛʔ	阳入																																														
劃	uah8	uaʔ	阳入																																														
役	ek8	ek	阳入																																														
疫	ek8	ek	阳入																																														
篷	phang5	pʰaŋ	阳平	(白)																																													
蓬	phong5	pʰoŋ	阳平	(文)																																													
蒙	bong5	boŋ	阳平	蒙雾:起雾																																													
懵	bong2	boŋ	阴上																																														
東	tang1	taŋ	阴平	(白)																																													
東	tong1	toŋ	阴平	(文)东风																																													
崠	tang3	taŋ	阴去	地名:霞寨镇岽后, 岽仔鞍,崎岭乡岽头, 碗尾岽,国强乡岽仔林山,岽仔尾.芦溪磨石坑岽.此字闽区为taŋ3,客区为toŋ3																																													
崠	tong3	toŋ	阴去	高山,作地名主要分布在平和西部:九峰观音崬																																													
崬	tang3	taŋ	阴去	地名:霞寨镇岽后, 岽仔鞍,崎岭乡岽头, 碗尾岽,国强乡岽仔林山,岽仔尾.芦溪磨石坑岽.此字闽区为taŋ3,客区为toŋ3																																													
崬	tong3	toŋ	阴去	高山,作地名主要分布在平和西部:九峰观音崬																																													
董	tong2	toŋ	阴上																																														
懂	tong2	toŋ	阴上																																														
棟	tong3	toŋ	阴去																																														
凍	tang3	taŋ	阴去	(白)干冻kian1 taŋ3:汤在低温下凝结成果冻状																																													
凍	tong3	toŋ	阴去	(文)																																													
通	thang1	tʰaŋ	阴平	(白)																																													
通	theng1	tʰeŋ	阴平	(文)																																													
通	thong1	tʰoŋ	阴平	(文)																																													
桶	thang2	tʰaŋ	阴上																																														
捅	thong2	tʰoŋ	阴上	(文)																																													
捅	thng2	tʰŋ	阴上	(白)																																													
痛	thang3	tʰaŋ	阴去	(白)痛痛:长记性																																													
痛	thong3	tʰoŋ	阴去																																														
同	tang5	taŋ	阳平	(白)同名:称呼与自己同名的人																																													
同	tong5	toŋ	阳平	(文)																																													
銅	tang5	taŋ	阳平	地名:豆坪村铜仔头,实际为"㼯仔头"																																													
桐	tang5	taŋ	阳平	地名:霞寨镇桐树科																																													
桐	thang5	tʰaŋ	阳平	桐仔树,桐油																																													
筒	tang5	taŋ	阳平	落水筒																																													
筒	thang2	tʰaŋ	阴上	悬筒																																													
𩪘	tang5	taŋ	阳平	尾𩪘骨:尾骨																																													
栱	kong2	koŋ	阴上	长筒状器具:水栱仔, 臭水栱:霉变味																																													
童	tang5	taŋ	阳平	(白)童乩																																													
童	tong5	toŋ	阳平	(文)儿童																																													
瞳	tong5	toŋ	阳平																																														
動	tang7	taŋ	阳去	(白)振动																																													
動	tong7	toŋ	阳去	(文)无动静:无聊,做动静:打发时间																																													
動	tang3	taŋ	阴去	(替)taŋ3甲:指甲长进肉里																																													
洞	tang7	taŋ	阳去	(白)四面环山的地方																																													
洞	tong7	toŋ	阳去	(文)																																													
籠	lang5	laŋ	阳平	鸡笼仔																																													
籠	lang1	laŋ	阴平	火笼																																													
籠	lang2	laŋ	阴上	竹笼																																													
籠	lang7	laŋ	阳去	箸笼																																													
籠	long5	loŋ	阳平	(文)																																													
𥦌	lang7	laŋ	阳去	𥦌浮:起身挪动位置																																													
𥦌	long3	loŋ	阴去	1.洞,2.宽阔:𥦌旷:(1.宽大:衫仔𥦌旷𥦌旷,2.空旷)																																													
壠	lang5	laŋ	阳平	土坡:小溪镇垄仔,笼仔园,霞寨镇石人坑,牛角人村																																													
聾	lang5	laŋ	阳平	臭耳聋																																													
攏	lang2	laŋ	阴上	(白)承拢:承包																																													
攏	long2	loŋ	阴上	(文)																																													
弄	lang7	laŋ	阳去	(白)弄龙,弄狮,弄喙舌																																													
弄	long7	loŋ	阳去	(文)																																													
弄	lang3	laŋ	阴去	(替)laŋ3空:使漏空																																													
棕	tsang1	tsaŋ	阴平	棕蓑tsaŋ1sui1																																													
棕	tsiang1	tsiaŋ	阴平	又,棕蓑tsiaŋ1sui1																																													
鬃	tsang1	tsaŋ	阴平	铰头鬃																																													
總	tsang2	tsaŋ	阴上	(白)菜总:菜苗																																													
總	tsong2	tsoŋ	阴上	(文)																																													
聰	tshong1	tsʰoŋ	阴平	(文)																																													
匆	tshong1	tsʰoŋ	阴平																																														
葱	tshang1	tsʰaŋ	阴平	北葱,葱仔																																													
囱	tshong1	tsʰoŋ	阴平																																														
叢	tsang5	tsaŋ	阳平	(白)量词,一支一根																																													
叢	tsong5	tsoŋ	阳平	(文)丛书																																													
送	sang3	saŋ	阴去	(白)																																													
送	song3	soŋ	阴去	(文)																																													
公	kang1	kaŋ	阴平	(白)公母																																													
公	kong1	koŋ	阴平	(文)王公,土地公,老公,公太,大道公,楼门公																																													
工	kang1	kaŋ	阴平	(白)做工,工人																																													
工	kong1	koŋ	阴平	(文)土工:1.白事司仪,2.形容人不爱说话																																													
杠	kng1	kŋ	阴平	(白)扛起																																													
杠	kng3	kŋ	阴去	(白)杆子																																													
杠	kang3	kaŋ	阴去																																														
功	kang1	kaŋ	阴平	(白)用功																																													
功	khang1	kʰaŋ	阴平	(白)功课																																													
功	kong1	koŋ	阴平	(文)功夫																																													
攻	kong1	koŋ	阴平																																														
貢	kong3	koŋ	阴去	贡糖贡肉,北贡:形容人粗壮																																													
空	khang1	kʰaŋ	阴平	(白)落空																																													
空	khong1	kʰoŋ	阴平	(文)空间																																													
冇	phann3	pʰã	阴去	冇心:空心,白浮冇:形容婴儿白润																																													
孔	khong2	kʰoŋ	阴上																																														
孔	khang2	kʰaŋ	阴上	(白)孔雀,大目孔:没心没肺																																													
控	khong3	kʰoŋ	阴去	(文)面孔																																													
烘	hang1	haŋ	阴平	烘炉																																													
哄	hang2	haŋ	阴上	哄吓,哄头																																													
哄	hong7	hoŋ	阳去	哄狗相咬:挑拨离间																																													
紅	ang5	aŋ	阳平																																														
洪	ang5	aŋ	阳平	(白)姓氏																																													
洪	hong5	hoŋ	阳平	(文)洪水																																													
鴻	hong5	hoŋ	阳平																																														
翁	ang1	aŋ	阴平	(白)表示神明的应也是此字,但一般为区别于老公,写成尪																																													
翁	ong1	oŋ	阴平	(文)																																													
瓮	ang3	aŋ	阴去	金斗瓮仔:拾浑金时装骨头的骸骨罐																																													
蕹	eng3	eŋ	阴去	蕹菜																																													
冬	tang1	taŋ	阴平	(白)1.畓冬:烂泥田;2.放冬:学生放假;由学堂在农忙时间让学生放假回家做农事引申而来																																													
冬	tong1	toŋ	阴平	(文)																																													
統	thang2	tʰaŋ	阴上	(白)悬统袜:长筒袜																																													
統	thong2	tʰoŋ	阴上	(文)																																													
農	long5	loŋ	阳平																																														
膿	lang5	laŋ	阳平	(白)涨脓																																													
膿	long5	loŋ	阳平	(文)																																													
宗	tsong1	tsoŋ	阴平																																														
粽	tsang3	tsaŋ	阴去																																														
鬆	sang1	saŋ	阴平																																														
宋	song3	soŋ	阴去																																														
宋	seng3	seŋ	阴去																																														
風	hong1	hoŋ	阴平	风肠,风吹辇,风柜斗草																																													
風	puinn1	puĩ	阴平	(白)风时雨:强对流暴雨																																													
楓	puinn1	puĩ	阴平	地名:枫埔puĩ1 pou1																																													
瘋	hong1	hoŋ	阴平																																														
諷	hong2	hoŋ	阴上																																														
豐	hong1	hoŋ	阴平																																														
丰	hong1	hoŋ	阴平																																														
馮	hong5	hoŋ	阳平																																														
鳳	hong7	hoŋ	阳去																																														
夢	bang7	baŋ	阳去	(白)做眠梦																																													
夢	bong7	boŋ	阳去	(文)																																													
隆	leng5	leŋ	阳平																																														
嵩	seng1	seŋ	阴平	九峰柏嵩关pek4 seŋ1 kuan1																																													
中	tang1	taŋ	阴平	(白)中央taŋ1 hŋ1																																													
中	teng1	teŋ	阴平	(文)中秋,一中																																													
中	teng3	teŋ	阴去	(文)中奖																																													
忠	teng1	teŋ	阴平																																														
蟲	thang5	tʰaŋ	阳平	宸蟲仔sian5 aŋ5 ŋa2:壁虎																																													
仲	teng7	teŋ	阳去																																														
崇	seng5	seŋ	阳平																																														
終	teng1	teŋ	阴平																																														
眾	tseng3	tseŋ	阴去																																														
充	tsheng1	tsʰeŋ	阴平																																														
銃	tsheng3	tsʰeŋ	阴去	响铳:祭祀或巡境的一种铳形制礼炮																																													
絨	dzeng5	dzeŋ	阳平																																														
戎	dzeng5	dzeŋ	阳平																																														
弓	keng1	keŋ	阴平																																														
宮	keng1	keŋ	阴平																																														
穹	keng1	keŋ	阴平																																														
窮	keng5	keŋ	阳平																																														
熊	him5	him	阳平																																														
雄	heng5	heŋ	阳平																																														
融	eng5	eŋ	阳平																																														
融	iunn5	iũ	阳平	(白)																																													
封	hong1	hoŋ	阴平																																														
封	heng1	heŋ	阴平																																														
峯	phang1	pʰaŋ	阴平	(白)地名:小峰,大峰.小峰即秀峰乡,大峰是灵通山,由黄道周题名,今大溪有自然村峰山村																																													
峯	hong1	hoŋ	阴平	(文)																																													
鋒	hong1	hoŋ	阴平																																														
捧	phang5	pʰaŋ	阳平	(白)捧水捧茶																																													
捧	phong2	pʰoŋ	阴上																																														
逢	hong5	hoŋ	阳平																																														
縫	phang7	pʰaŋ	阳去	(白)缝隙																																													
縫	pang5	paŋ	阳平	(白)缝制:缝衫裤																																													
縫	hong5	hoŋ	阳平	(文)																																													
奉	hong7	hoŋ	阳去																																														
俸	hong7	hoŋ	阳去																																														
濃	long5	loŋ	阳平																																														
龍	liong5	lioŋ	阳平	排龙阵:阵仗大																																													
龍	leng5	leŋ	阳平	龙眼leŋ5 keŋ2																																													
礱	lang5	laŋ	阳平	挨砻,涂砻																																													
隴	long2	loŋ	阴上																																														
壟	leng2	leŋ	阴上	(白)																																													
壟	lang5	laŋ	阳平	(替)垅,玉溪村垄仔																																													
龔	keng2	keŋ	阴上	(白)																																													
龔	kiong2	kioŋ	阴上	(文)																																													
蹤	tsong1	tsoŋ	阴平																																														
蹤	tsong5	tsoŋ	阳平	四处奔走																																													
縱	tsheng3	tsʰeŋ	阴去	放纵																																													
從	tseng5	tseŋ	阳平																																														
慫	som5	som	阳平	(替)som5som5:老土,低俗																																													
松	tsheng5	tsʰeŋ	阳平	(白)																																													
松	seng5	seŋ	阳平	(文)																																													
聳	tshang3	tsʰaŋ	阴去	毛发竖立:毛tsʰaŋ3tsʰaŋ3																																													
誦	seng7	seŋ	阳去																																														
頌	seng7	seŋ	阳去																																														
訟	seng7	seŋ	阳去																																														
冢	theng2	tʰeŋ	阴上																																														
寵	theng2	tʰeŋ	阴上																																														
重	tang7	taŋ	阳去	(白)																																													
重	teng5	teŋ	阳平	(文)重复																																													
重	teng7	teŋ	阳去	(文)重要																																													
㼯	tang7	taŋ	阳去	1.㼯仔:一种类似甕的瓦罐;2.地名:豆坪村铜仔头,实际为"㼯仔头"																																													
鐘	tseng1	tseŋ	阴平																																														
種	tseng3	tseŋ	阴去																																														
腫	tseng2	tseŋ	阴上																																														
衆	tseng3	tseŋ	阴去	大众爷:戚继光,众公妈:有受立祠供奉的孤魂野鬼,大众汤:救济汤食																																													
种	tseng3	tseŋ	阴去																																														
冲	tsheng1	tsʰeŋ	阴平	冲罐仔:茶壶																																													
冲	tsheng3	tsʰeŋ	阴去	冲击"涂骹烧气冲倒起来"																																													
冲	tshiang5	tsʰiaŋ	阳平	水冲下去:tsʰiaŋ5水																																													
冲	tang5	taŋ	阳平	水冲下去:taŋ5水																																													
冲	tsong5	tsoŋ	阳平	(替)四处奔波																																													
舂	tseng1	tseŋ	阴平																																														
茸	dzeng5	dzeŋ	阳平	食茸:食补																																													
冗	leng7	leŋ	阳去	松散																																													
恭	keng1	keŋ	阴平	恭敬																																													
供	keng1	keŋ	阴平																																														
供	keng3	keŋ	阴去																																														
拱	keng2	keŋ	阴上	拱门																																													
拱	keng7	keŋ	阳去	衫仔拱:衣架																																													
鞏	kheng2	kʰeŋ	阴上																																														
恐	kheng2	kʰeŋ	阴上																																														
共	kang7	kaŋ	阳去	(白)																																													
共	keng7	keŋ	阳去	(文)共同																																													
胸	heng1	heŋ	阴平																																														
凶	heng1	heŋ	阴平																																														
兇	heng1	heŋ	阴平																																														
雍	eng1	eŋ	阴平																																														
擁	eng1	eŋ	阴平																																														
容	eng5	eŋ	阳平																																														
熔	eng5	eŋ	阳平																																														
庸	eng1	eŋ	阴平																																														
勇	eng2	eŋ	阴上																																														
湧	eng2	eŋ	阴上																																														
恿	seng7	seŋ	阳去	溺爱:餳恿siã5 seŋ7																																													
用	eng7	eŋ	阳去																																														
卜	pok4	pok	阴入																																														
扑	phok4	pʰok	阴入																																														
扑	phut4	pʰut	阴入																																														
扑	phak4	pʰak	阴入	扑克																																													
僕	phak4	pʰak	阴入	趴倒																																													
僕	phok4	pʰok	阴入																																														
朴	phoh4	pʰoʔ	阴入	(白)朴实																																													
朴	phok4	pʰok	阴入	(文)朴素																																													
曝	phak8	pʰak	阳入	(白)晒																																													
曝	phok8	pʰok	阳入	(文)																																													
瀑	pok8	pok	阳入																																														
木	bak8	bak	阳入	(白)木匠																																													
木	bok8	bok	阳入	(文)木材																																													
沐	bak4	bak	阴入	(白)沾染到																																													
沐	bok8	bok	阳入	(文)沐浴																																													
禿	thut8	tʰut	阳入	秃顶																																													
獨	tak8	tak	阳入	(白)孤独																																													
獨	tok8	tok	阳入	(文)独立																																													
讀	thak8	tʰak	阳入	(白)读册																																													
讀	thok8	tʰok	阳入	(文)																																													
鹿	lok8	lok	阳入																																														
漉	lak4	lak	阴入	漉水:衣服过水																																													
祿	lok8	lok	阳入	王禄仔:江湖骗子																																													
族	tsok8	tsok	阳入																																														
速	sok4	sok	阴入																																														
穀	kok4	kok	阴入																																														
穀	kak4	kak	阴入	(白)五谷																																													
谷	kok4	kok	阴入	谷雨																																													
哭	khau3	kʰau	阴去																																														
斛	hak4	hak	阴入	石斛																																													
屋	ok4	ok	阴入	船屋:疍民船上的小屋																																													
篤	tok4	tok	阴入																																														
督	tok4	tok	阴入																																														
毒	thau7	tʰau	阳去	(白)投毒																																													
毒	tak8	tak	阳入	(白)																																													
毒	tok8	tok	阳入	(文)																																													
酷	khok4	kʰok	阴入	冷酷酷:态度很差																																													
沃	ak4	ak	阴入	浇																																													
福	hok4	hok	阴入																																														
幅	pak4	pak	阴入	(白)																																													
幅	hok4	hok	阴入	(文)																																													
蝠	bit8	bit	阳入	(白)蝠婆:蝙蝠																																													
蝠	hok4	hok	阴入	(文)																																													
復	hok4	hok	阴入																																														
腹	pak4	pak	阴入																																														
覆	phak4	pʰak	阴入	(白)趴倒																																													
覆	hok4	hok	阴入	(文)覆灭																																													
服	hok8	hok	阳入																																														
伏	pu7	pu	阳去	伏卵,伏番薯																																													
伏	hok8	hok	阳入																																														
袱	hok8	hok	阳入																																														
目	bak8	bak	阳入	(白)眼泪:目滓tsai2,平和其他地方有用目屎																																													
目	bok8	bok	阳入	(文)																																													
穆	bok8	bok	阳入																																														
牧	bok8	bok	阳入																																														
六	lak8	lak	阳入	(白)																																													
六	liok8	liok	阳入	(文)																																													
陸	lek8	lek	阳入	大陆tua7 lek8																																													
肅	sok4	sok	阴入																																														
肅	siok4	siok	阴入	又																																													
竹	tek4	tek	阴入																																														
築	tek4	tek	阴入																																														
畜	hek4	hek	阴入																																														
逐	tak8	tak	阳入	逐家																																													
迮	dzek4	dzek	阴入	追赶																																													
軸	tek8	tek	阳入																																														
縮	sok4	sok	阴入																																														
縮	siok4	siok	阴入	又																																													
祝	tsek4	tsek	阴入																																														
叔	tsek4	tsek	阴入																																														
熟	sek8	sek	阳入																																														
淑	sek4	sek	阴入																																														
肉	bah4	baʔ	阴入	(替)肉酥:炸肉																																													
肉	lek8	lek	阳入	乌肉:形容肉黑"喙唇乌肉"																																													
肉	dzek8	dzek	阳入	酥肉:炸面糊																																													
菊	kek4	kek	阴入																																														
麴	khak4	kʰak	阴入	酒曲,红曲白曲																																													
蓄	hek4	hek	阴入																																														
蓄	hak4	hak	阴入	辖:购置不动产																																													
蓄	hat4	hat	阴入	同hak4																																													
郁	ut4	ut	阴入	1.郁味:腐味 2.郁卒:心情苦闷 3.弯曲:郁伤:扭伤																																													
育	ek8	ek	阳入																																														
綠	lek8	lek	阳入																																														
錄	lek8	lek	阳入																																														
碌	lek8	lek	阳入	(白)																																													
碌	lok8	lok	阳入	碌碌泅:游手好闲,碌碌无为																																													
碌	la5	la	阳平	碌碡la5tat8,磟碡瓜:棱角丝瓜																																													
碡	tat8	tat	阳入	碌碡la5tat8,磟碡瓜:棱角丝瓜																																													
足	tsek4	tsek	阴入																																														
促	tshek4	tsʰek	阴入	1.促架势 2.索仔促较长个																																													
粟	tshek4	tsʰek	阴入																																														
俗	sek8	sek	阳入																																														
俗	sioh8	sioʔ	阳入	(替)拾俗:秋后算账"事志过后mai3 koʔ4拾俗也"																																													
燭	tsek4	tsek	阴入																																														
觸	tshek4	tsʰek	阴入																																														
贖	si5	si	阳平																																														
束	sok4	sok	阴入																																														
束	siok4	siok	阴入	又																																													
蜀	tsit8	tsit	阳入	一																																													
屬	sek8	sek	阳入																																														
辱	dzek8	dzek	阳入																																														
麯	khak4	kʰak	阴入	酒曲																																													
曲	khut4	kʰut	阴入	(白)曲尺																																													
曲	khak4	kʰak	阴入	酒曲																																													
曲	khek4	kʰek	阴入																																														
曲	khiok4	kʰiok	阴入	地名:芦溪镇九曲																																													
局	kek8	kek	阳入																																														
玉	gek8	gek	阳入																																														
獄	gak8	gak	阳入	监狱kã1 gak8																																													
旭	hek4	hek	阴入																																														
欲	ek8	ek	阳入																																														
浴	ek8	ek	阳入																																														
㔊	thuann2	tʰuã	阴上	㔊草:除草																																													
緷	hun7	hun	阳去	緷衫:衬衫																																													
醪	lo5	lo	阳平	浑浊:醪酒																																													
醭	phu2	pʰu	阴上	发霉:生醭, 臭霉味:臭醭味																																													
餳	siann5	siã	阳平	引诱																																													
肨	phong3	pʰoŋ	阴去	膨胀																																													
䫌	phe2	pʰe	阴上	喙䫌: 脸颊																																													
摃	kong3	koŋ	阴去	敲,锤摃铁:两个人较劲																																													
㩝	ko5	ko	阳平	1.搅拌 2.胡搅蛮缠																																													
挐	dzi5	dzi	阳平	乱来																																													
㞞	siau5	siau	阳平	精液																																													
骹	kha1	kʰa	阴平	1.下肢,蛤鼓骹:罗圈腿 2.底部:山骹 3.㾪骹:不得志																																													
暝	mee5	mɛ	阳平	夜晚																																													
懍	lun2	lun	阴上	交懍恂ka1 lun2 sun2																																													
恂	sun2	sun	阴上	交懍恂ka1 lun2 sun2																																													
妳	le2	le	阴上	娘妳																																													
礓	kiang1	kiaŋ	阴平	大礓: 大碗																																													
鋟	tshiam2	tsʰiam	阴上																																														
鋟	tsheng2	tsʰeŋ	阴上																																														
匏	pu5	pu	阳平	匏仔, 匏桸																																													
桸	hia1	hia	阴平	匏桸: 葫芦瓢晒干做水瓢																																													
佚	thit4	tʰit	阴入	佚佗																																													
佗	ta1	ta	阴平	佗位:哪里																																													
佗	tho5	tʰo	阳平	佚佗																																													
哪	na2	na	阴上	哪货																																													
哪	lo5	lo	阳平	哪吒																																													
吒	tshia1	tsʰia	阴平	哪吒:罗车																																													
筪	hah8	haʔ	阳入	筪仔: 包粽或粿的叶子																																													
蹺	khiau1	kʰiau	阴平	蹺痀kʰiau1 ku1																																													
𤸫	un3	un	阴去	𤸫痀un3 ku1																																													
揾	uinn1	uĩ	阴平	揾揖																																													
揾	un3	un	阴去	蘸																																													
厾	tuh4	tuʔ	阴入	(白)轻轻点一下,点tuʔ4:指点																																													
厾	tok4	tok	阴入	厾痀tok4 ku1																																													
𤆬	tshua7	tsʰua	阳去	1.带领 2.带孩子																																													
膦	lan7	lan	阳去	男子阴部																																													
搐	tiuh4	tiuʔ	阴入	搐搐掣: 抽搐不停																																													
掣	tshuah4	tsʰuaʔ	阴入	1.拉拽 2.抽搐																																													
掣	tsuat4	tsuat	阴入	1.抖动抽搐 2.洒溅出																																													
遘	kau3	kau	阴去	到																																													
趄	tshu1	tsʰu	阴平	滑倒																																													
趄	tshi1	tsʰi	阴平	趄撨:协商																																													
垺	pu5	pu	阳平	做垺,归垺																																													
筅	tsheng2	tsʰeŋ	阴上	1.用扫帚扫 2.扫帚状之物																																													
搝	giu2	giu	阴上	拉,揪																																													
搝	hiu3	hiu	阴去	1.扔,甩掉;2.挥洒																																													
搝	hiunn3	hiũ	阴去	同hiu3																																													
蹛	tua3	tua	阴去	住																																													
㾪	san2	san	阴上	瘦:san1 pi1 pa1,san2猴仔																																													
撋	nua2	nua	阴上	揉搓:nua2衫裤																																													
䭕	tsiann2	tsiã	阴上	䭕pi1 pu1																																													
㨻	tsann7	tsã	阳去	截断																																													
戧	tshiang5	tsʰiaŋ	阳平	从上往下冲水																																													
戧	tang5	taŋ	阳平	同tsʰiaŋ5																																													
煬	iunn5	iũ	阳平	融																																													
敉	mi7	mi	阳去																																														
魠	thonnh8	tʰõʔ	阳入	魠哥:笨拙,愚笨																																													
魠	thoh8	tʰoʔ	阳入	三日客学澈澈,三日和戆魠魠:平和人认为客家话更接近官话更好学																																													
𢕕	tsam3	tsam	阴去	猛踩:𢕕涂骹																																													
媵	thin7	tʰin	阳去	1.匹配:喙腔媵灶腔, 2.较劲:媵(无解)直																																													
剜	ue1	ue	阴平	挖																																													
撅	ueh4	ueʔ	阴入	挖																																													
鵁	ka1	ka	阴平	鵁鸰ka1 leŋ7:八哥																																													
鸰	leng7	leŋ	阳去	鵁鸰ka1 leŋ7:八哥																																													
煏	piak4	piak	阴入																																														
㧾	hut4	hut	阴入	1.击打 2.获得 3.除掉 4.造成																																													
軲	ka2	ka	阴上	(白) 摩托轱:摩托车																																													
膭	kui7	kui	阳去	1.膭囝仔:用布背孩子,2.挂膭来:未婚先孕																																													
㨑	tsang1	tsaŋ	阴平																																														
孵	pu7	pu	阳去	(替)本字伏																																													
𥍉	nih4	niʔ	阴入	𥍉目珠																																													
糝	sam2	sam	阴上	1.撒:糁盐糁粉 2.乱来:滥糁罔来																																													
塍	tshan5	tsʰan	阳平	塍草:仙草蜜,塍囝仔:小片田地																																													
磴	teng7	teŋ	阳去	门teŋ7:门槛																																													
磴	tiann7	tiã	阳去	(白)																																													
䧘	teng7	teŋ	阳去	门teŋ7:门槛																																													
䧘	tiann7	tiã	阳去	(白)																																													
尪	ang1	aŋ	阴平	尪仔:画,画尪仔:画画																																													
䟉	tshek8	tsʰek	阳入																																														
硈	khiat8	kʰiat	阳入	坎坎硈硈:做事不顺一波三折																																													
锓	tshin2	tsʰin	阴上	tsʰin2 tsʰaĩ1叫:金属掉落的声音																																													
挃	tinnh8	tĩʔ	阳入	(毋爱)挃:不要了																																													
脰	tau7	tau	阳去	吊脰:上吊																																													
漖	ka3	ka	阴去	含水分:糜饭漖漖																																													
髻	kue3	kue	阴去	鸡髻:鸡冠																																													
戇	gong7	goŋ	阳去																																														
戇	gang7	gaŋ	阳去	戆戆																																													
螕	pi1	pi	阴平	牛螕:牛虻																																													
翕	hip4	hip	阴入	1.闷 2.照相																																													
熻	hip4	hip	阴入	长时间焖煮;hip4咸饭:焖咸饭																																													
熻	him7	him	阳去	短时间焖煮;him3茶:泡茶																																													
畓	lam3	lam	阴去	烂泥地:地名:内林村畓里(畓个)lam3me2,产坑村畓头大畓,豆坪村畓沟																																													
畓	lom3	lom	阴去	(替)1.水果水分过多而软烂;2.烂泥地:畓冬:烂泥田																																													
畓	lom5	lom	阳平	(替)水分过多而软烂																																													
坔	lam3	lam	阴去	烂泥地:地名:内林村畓里(畓个)lam3 me2,产坑村畓头																																													
鑢	le3	le	阴去	1.摩擦"le3破皮" 2.锉刀"le3仔"																																													
蟳	tsim5	tsim	阳平	蟳仔																																													
刈	kuah4	kuaʔ	阴入	地名:霞寨镇刈厝,原为"葛厝"																																													
埒	luah8	luaʔ	阳入	梯田.地名:霞寨镇长埒 什埒																																													
陉	kiann3	kiã	阴去	陡峭高山,有时候俗写成行:南胜镇溪底行村,大溪镇大陂行村																																													
䀁	hui5	hui	阳平	瓷器																																													
蠞	tshih8	tsʰiʔ	阳入	蠞仔:梭子蟹																																													
儂	lang5	laŋ	阳平	人																																													
箬	hioh8	hioʔ	阳入																																														
箬	hah8	haʔ	阳入	也写作筪仔:包粽或粿的叶子																																													
虬	khiu5	kʰiu	阳平	弯曲收缩:吓遘kʰiu5骹																																													
䊆	khiu7	kʰiu	阳去	劲道,有韧劲:韧䊆																																													
軂	lo3	lo	阴去	长,根较軂身:投资很多回报很少																																													
軂	lou3	lou	阴去	长,同																																													
熥	thuinn7	tʰuĩ	阳去	加热食物																																													
熥	tuinn7	tuĩ	阳去	同tʰuĩ7																																													
癌	gam5	gam	阳平																																														
栟	phin5	pʰin	阳平	栟枹pʰin5 pʰau1:薜荔,本地柚子用瓤仔nui5 a2																																													
侹	than2	tʰan	阴上	侹lan2䇌:反面朝上,人仰马翻																																													
䇌	tshio3	tsʰio	阴去	侹lan2䇌:反面朝上,人仰马翻,䇌杯:圣杯两个都开口朝上																																													
𨑨	thit4	tʰit	阴入	𨑨迌tʰit4tʰo5:出去玩																																													
𨑨	tshit4	tsʰit	阴入	𨑨迌tsʰit4tʰo5:出去玩																																													
迌	tho5	tʰo	阳平	𨑨迌tʰit4tʰo5, tsʰit4tʰo5:出去玩																																													
㚖	tshioh4	tsʰioʔ	阴入	搓洗																																													
廍	phou7	pʰou	阳去	作坊.廍公:作坊供奉的神明																																													
褫	thi2	tʰi	阴上	撕扯																																													
𢫯	hop4	hop	阴入	1.盖住 2.闷着																																													
擉	tsak8	tsak	阳入	打,出拳猛刺																																													
觳	kauh8	kauʔ	阳入	不停的:觳觳掣																																													
觳	kauh4	kauʔ	阴入	碾压																																													
煦	u3	u	阴去	煦烧:接触物品导热传递温度																																													
曳	iat8	iat	阳入	挥舞,摇动:iat8葵扇																																													
挈	khioh4	kʰioʔ	阴入	捡起来																																													
呃	eeh4	ɛʔ	阴入	咬:蛇伤虎呃天注定,一个民间故事，有一个人给算命师算到会被老虎吃掉，算命师给他支招，带一碗饭一般白米饭一半生栗到溪边吃。因为生栗无法食用，就只能是挑到溪里，就慢慢吃慢慢挑，等吃完这劫就过去了																																													
呃	eeh8	ɛʔ	阳入	拍呃:打嗝																																													
揢	khee5	kʰɛ	阳平	卡住																																													
噉	konn7	kõ	阳去	打呼噜的声音																																													
袂	be7	be	阳去	(俗)不会,无解的合音																																													
䀇	kou2	kou	阴上	茶䀇:电热水壶																																													
凊	tshin3	tsʰin	阴去	余下的:凊饭,凊汗:臭汗																																													
尫	ang1	aŋ	阴平	神明.翁的俗字																																													
㖹	pun5	pun	阳平	吹,㖹风:吹牛																																													
捔	kak8	kak	阳入	扔掉:kak8 hiat4																																													
㧒	hiat4	hiat	阴入	扔掉:kak8 hiat4																																													
丢	tiu1	tiu	阴平	紧丢丢:很紧迫																																													
儑	gam7	gam	阳去	呆傻,笨																																													
呵	o1	o	阴平	呵咾:夸奖																																													
咾	lo2	lo	阴上	呵咾:夸奖																																													
哔	pi1	pi	阴平	(替)拟声词,口哨声																																													
唵	am1	am	阴平	唵磨粿:碱仔粿																																													
啉	lim1	lim	阴平	喝																																													
嗺	sui1	sui	阴平	尿嗺:阴茎头																																													
圇	lun5	lun	阳平	拉囵:微热,温热																																													
拉	lah4	laʔ	阴入	垃圾laʔ4sap4																																													
圾	sap4	sap	阴入	垃圾laʔ4sap4																																													
屉	thuah4	tʰuaʔ	阴入	屉仔																																													
𨂾	lam3	lam	阴去	猛踹																																													
趖	so5	so	阳平	蠕动																																													
汔	kit8	kit	阳入	浓稠																																													
汔	khit8	kʰit	阳入	粉状食物加水煮成糊状,汔米糊,有的写成(⿰米厥)																																													
螼	keng2	keŋ	阴上	土螼:蚯蚓																																													
蚓	un2	un	阴上	土蚓:蚯蚓																																													
蟉	liau7	liau	阳去	竅蟉仔:鬼神化解的巫术																																													
膣	tsi1	tsi	阴平	女阴																																													
𤖯	pe1	pe	阴平	女阴一词应是"堘𤖯"音变而来,后音变为tsʰam1pe1,有的写成參屄																																													
踒	o2	o	阴上	扭伤																																													
𪘧	tshuah8	tsʰuaʔ	阳入	扭曲,歪斜不正的样子:弯猪哥𪘧																																													
炰	pu5	pu	阳平	焖烤																																													
𤉙	kun5	kun	阳平	煮																																													
趺	u1	u	阴平	骹头趺:膝盖																																													
譀	ham3	ham	阴去	ham3ham3:行事浮夸不实在, ham3siau5:做事虚伪,或狂妄自大, ham3古:虚构旧事做故事																																													
䫲	ham3	ham	阴去	浮肿,䫲浡:非常生气																																													
胮	hang3	haŋ	阴去	(训)浮肿:haŋ3浮,haŋ3肿,haŋ3haŋ3																																													
挼	dzue5	dzue	阳平	1.搓洗,2.揉搓																																													
揞	om1	om	阴平	捂住																																													
㔤	sim3	sim	阴去	摇晃抖动,㔤骹:抖腿,㔤背:驼背																																													
𨚊	ip4	ip	阴入	少量水焖煮:𨚊米糕,做喜事时分给邻里米糕																																													
麩	hu1	hu	阴平	碎屑:饼麩																																													
𢲸	lou7	lou	阳去	1.动词,摇晃"𢲸喙齿",2.不稳定的样子																																													
𢲸	lou2	lou	阴上	不稳定的样子:"喙齿lin7lou2"																																													
虼	ka1	ka	阴平	虼蚻:蟑螂																																													
蚻	tsuah8	tsuaʔ	阳入	虼蚻:蟑螂																																													
㧌	mau1	mau	阴平	用力打																																													
䉔	tshiann1	tsʰiã	阴平	1.尖刺:竹䉔,2.手皮倒刺:裂䉔																																													
𤺪	sian7	sian	阳去	累,疲倦,无精打采																																													
𤺪	seng7	seŋ	阳去	累,疲倦,无精打采,同sian7																																													
漌	kin5	kin	阳平	倒掉容器上部液体,剩下沉底的部分																																													
抉	kuat4	kuat	阴入	拍打;抉手:打手心,抉喙䫌:扇耳光																																													
抉	kuat8	kuat	阳入	用力拍打:抉喙䫌																																													
𢼌	pa1	pa	阴平	拍打,扇耳光																																													
𢼌	pau7	pau	阳去	用力打																																													
柝	khok4	kʰok	阴入	敲击,敲打																																													
搡	sak4	sak	阴入	手掌推打,推出去																																													
趿	sannh4	sãʔ	阴入	手掌猛推打																																													
櫼	tsinn1	tsĩ	阴平	1.争抢, 2.踢腿打, 3.硬塞进, 4.固执:圆櫼																																													
躘	leng3	leŋ	阴去	1.脚踩"leŋ3骹力车" 2.踹"leŋ3被" 3.跃起																																													
餄	kauh4	kauʔ	阴入	包裹:1.面餄:面片,实际发音为kau5,可能是入声丢失,民间俗写为面猴.2.kauʔ4草:用草席包裹下葬,也有用作骂人"kauʔ4草仔"																																													
躄	phih4	pʰiʔ	阴入	骂,指责																																													
㵪	suan7	suan	阳去	1.骂,数落,2.撒尿																																													
扲	gim7	gim	阳去	拿东西																																													
嘺	kiau7	kiau	阳去	kan3 kiau7:骂,数落																																													
𥉐	he1	he	阴平	1.快快的看 2.看不清:近视目珠he1 he1 3.鄙视:目珠he1 he1在共人看																																													
鰮	un1	un	阴平	溪鰮:芳鱼																																													
茈	tsinn2	tsĩ	阴上	形容幼嫩幼小:tsĩ2姜																																													
揌	sai1	sai	阴平	手掌暴打:sai1喙䫌																																													
猌	gin7	gin	阳去	gin7目:看不顺眼																																													
跉	lan1	lan	阴平	身体皮肤结茧结跉:长老趼																																													
橐	lop4	lop	阴入	1.袋子:橐仔,2.装入的动作:橐袋仔																																													
籗	khah4	kʰaʔ	阴入	鱼篓.好桸也爱好籗:原意为好网抓到鱼,也要有装的住的器具.形容会赚钱也要会理财																																													
枒	uee1	uɛ	阴平	(替)分叉; 擘爪枒pɛh4-dziau2-uɛ1:手抽筋																																													
嶼	si7	si	阳去	鼓浪屿																																													
撙	tsun2	tsun	阴上	撙节:把握																																													
啑	tsop8	tsop	阳入	咀嚼																																													
柯	kua1	kua	阴平	柯仔树																																													
柯	kua5	kua	阳平	姓氏读音																																													
誆	kong7	koŋ	阳去	koŋ7koŋ7tiã1:走路摇摇晃晃																																													
㧹	thit8	tʰit	阳入	较量"tʰit8来tʰit8去"																																													
□	lip4	lip	阴入	喝一小口:lip4一喙																																													
□	tshai7	tsʰai	阳去	用力打																																													
□	khiak8	kʰiak	阳入	五指敲打																																													
□	kiaunnh8	kiaũʔ	阳入	五指敲打																																													
□	tu7	tu	阳去	拳头抡打																																													
□	pe1	pe	阴平	用手掌打:喙䫌pe1落去																																													
□	siang3	siaŋ	阴去	扔,大力砸:siaŋ3物件																																													
□	phe1	pʰe	阴平	扔,甩出去																																													
□	hainn3	haĩ	阴去	扔,甩掉																																													
□	lui5	lui	阳平	lui5目珠:揉眼睛																																													
□	lin7	lin	阳去	不稳定的样子:"喙齿lin7lou2"																																													
□	piang1	piaŋ	阴平	鬓piaŋ1:太阳穴																																													
□	ngai7	ŋai	阳去	拟声词,谐音客家话的"我".客仔分盐ŋai7ŋai7叫:形容环境很嘈杂.平和人听不懂客家话,就把客家话讲话戏称为"ŋai7ŋai7叫"																																													
□	kuang5	kuaŋ	阳平	臭水kuaŋ5:发霉的味道,同臭水栱,本意应该是筒里积水的霉味																																													
□	tshuh4	tsʰuʔ	阴入	把物品放入温度不同的物体中使其温度上升或下降																																													
□	uang7	uaŋ	阳去	往后倒下																																													
□	tioh4	tioʔ	阴入	1.拔起:tioʔ4喙齿 2.小调整:tioʔ4味																																													
□	hann2	hã	阴上	1.赶:hã2鸭仔 2.虚张声势:hã2人																																													
□	hainn1	haĩ	阴平	庞大,分量大																																													
□	kheh8	kʰeʔ	阳入	拿给别人																																													
□	tshee7	tsʰɛ	阳去	lau3 tsʰɛ7:邋遢																																													
□	khian3	kʰian	阴去	炒出食物的香味:kʰian3芳,俗字为左火右遣																																													
□	khah8	kʰaʔ	阳入	1.粘黏 2.关门																																													
□	tsiau1	tsiau	阴平	tsiau1 tuʔ4仔:一点点																																													
□	phainn7	pʰaĩ	阳去	背起:背金斗																																													
□	ainn7	aĩ	阳去	背起																																													
□	hiannh4	hiãʔ	阴入	背起																																													
□	tsiang7	tsiaŋ	阳去	用布背孩子:tsiaŋ7囝仔,tsiaŋ7巾																																													
□	bi3	bi	阴去	闪躲,躲避.捉迷藏:走相bi3																																													
□	kainn7	kaĩ	阳去	dziau5kĩ7kaĩ7:很皱的样子																																													
□	leeh4	lɛʔ	阴入	开裂小口																																													
□	tshngh4	tsʰŋʔ	阴入	吹,用鼻子用力吹气:tsʰŋʔ4鼻																																													
□	tshih8	tsʰiʔ	阳入	下垂,头低垂的样子																																													
□	khiat8	kʰiat	阳入	抓挠,用爪子扒挠																																													
□	khip8	kʰip	阳入	抓挠,用爪子扒挠																																													
□	hiau3	hiau	阴去	1.翘起来 2.掀起来																																													
□	khang3	kʰaŋ	阴去	抓挠,用手指扣,1.用手指抠,2.齿状物咬住																																													
□	mauh4	mauʔ	阴入	缓慢咀嚼,吃,食,没牙齿的咀嚼																																													
□	nauh4	nauʔ	阴入	缓慢咀嚼,同mauʔ4,吃,食,没牙齿的咀嚼,同mauʔ4																																													
□	niu1	niu	阴平	形容很小:niu1仔																																													
□	tsoh8	tsoʔ	阳入	跑来跑去,四处奔波																																													
□	ham7	ham	阳去	ham7 hɛʔ8:声音沙哑																																													
□	tang3	taŋ	阴去	taŋ3甲:指甲长进肉里																																													
□	thang7	tʰaŋ	阳去	笨拙,愚笨																																													
□	lop8	lop	阳入	四处奔走																																													
□	tuh4	tuʔ	阴入	1.小点 2.轻点的动作"tuʔ4一tuʔ4"																																													
□	dzih8	dziʔ	阳入	按压的动作																																													
□	tann1	tã	阴平	现在																																													
□	tship4	tsʰip	阴入	浅浅的看																																													
□	hian1	hian	阴平	神明灵验																																													
□	suat8	suat	阳入	切割,同siat8																																													
□	le3	le	阴去	1.摩擦"le3破皮" 2.锉刀"le3仔"																																													
□	pit4	pit	阴入	裂开																																													
□	tshu7	tsʰu	阳去	喷射																																													
□	phiat8	pʰiat	阳入	pʰiat8翼仔:拍打翅膀																																													
□	phih8	pʰiʔ	阳入	pʰiʔ8 pʰok8:爆炸声																																													
□	pih4	piʔ	阴入	挽起,卷起袖子:piʔ4手䘼																																													
□	uinn2	uĩ	阴上	uĩ2仔:杆秤上的小竹盘																																													
□	ho1	ho	阴平	温热																																													
□	ku1	ku	阴平	𤸫痀un3 ku1																																													
□	kiu3	kiu	阴去	弯曲,缩紧,kiu3带:裤头带																																													
□	lun3	lun	阴去	伸缩,引申为磨蹭																																													
□	annh4	ãʔ	阴入	偏袒,包揽"ãh4 kiau2":原指赌博时耍暗招,后也引申做胡搅蛮缠																																													
□	thuh8	tʰuʔ	阳入	tʰiʔ8 tʰuʔ8:拖延																																													
□	thih8	tʰiʔ	阳入	tʰiʔ8 tʰuʔ8:拖延																																													
□	hut4	hut	阴入	偷hut4物件:偷东西																																													
□	tim1	tim	阴平	tim1 tim1安静																																													
□	thin7	tʰin	阳去	较量"相tʰin7重"																																													
□	tsheh8	tsʰeʔ	阳入	吃,食,狼吞虎咽																																													
□	kut8	kut	阳入	吃,食,一口接一口:kut8kut8叫																																													
□	phong3	pʰoŋ	阴去	膨胀																																													
□	inn3	ĩ	阴去	ĩ3 ĩ3:排便的儿语																																													
□	hee3	hɛ	阴去	hɛ3 hɛ3:沒胃口																																													
□	aunn3	aũ	阴去	狗叫声																																													
□	haunn3	haũ	阴去	狗叫声																																													
□	ounn3	oũ	阴去	狗叫声																																													
□	hounn3	hoũ	阴去	狗叫声																																													
□	ngounn3	ŋoũ	阴去	狗叫声																																													
□	tshi3	tsʰi	阴去	低头,俯身																																													
□	lee3	lɛ	阴去	放置:和尚头顶lee3橄榄核																																													
□	sam5	sam	阳平	la5sam5:肮脏																																													
□	nai3	nai	阴去	1.指尖轻轻捏一点, 2.咬一小口																																													
□	tshan2	tsʰan	阴上	浪费:tsʰan物件																																													
□	pheennh8	pʰɛ̃ʔ	阳入	上气不接下气:pʰiʔ8 pʰɛ̃h8喘																																													
□	keeh8	kɛʔ	阳入	大呼小叫声,或吵架声																																													
□	kiuh8	kiuʔ	阳入	尖锐叫声																																													
□	gok8	gok	阳入	吵闹声																																													
□	onnh8	õʔ	阳入	含糊不清的声音																																													
□	tse3	tse	阴去	这个,应是只个合音																																													
□	he3	he	阴去	那个,应是许个合音																																													
□	lang1	laŋ	阴平	乌laŋ1:形容颜色很黑																																													
□	but4	but	阴入	but4铁:骂人不成器																																													
□	liu5	liu	阳平	缓慢的样子:六月秋紧丢丢,七月秋慢liu5liu5:农业谚语.立秋若在农历六月,后续热天短,晚稻生长时日不足,需要抓紧时间割稻播稻抢农时;若在七月,则秋热尚长,庄稼生长有足够时间,农事可从容应对.																																													
□	uainnh4	uaĩʔ	阴入	扭伤																																													
□	ngih4	ŋĩʔ	阴入	ŋĩʔ4sĩʔ4:吝啬																																													
□	sinnh4	sĩʔ	阴入	ŋĩʔ4sĩʔ4:吝啬																																													
□	gam2	gam	阴上	两侧相互合在一起的螺纹																																													
