例字	注释	中古音	公平	九屋	潭下	甘棠	定江	三街	灵田	大圩力村	潮田	大境	海洋江尾
多		果开一平歌端	to44	tua232	tua13	tuo132	tuo24	tuo13	luo242	ɗʊɔ422	tuo43	tuo42	tᵘo24
拖		果开一平歌透	tʰo44	tʰua232	tʰua13	tʰuo132	tʰuo24	tʰuo13	tʰuo242	tʰʊɔ422	tʰuo43	tʰuo42	tʰᵘo24
箩		果开一平歌来	lo21	nua33	nua33	nuo22	luo22	luo533	luo33	lʊɔ33	nuo33	luo33	lᵘo21
搓		果开一平歌清	tʃʰi44	tsʰua232	tsʰua13	tsʰuo132	tsʰuo24	tsʰuo13	tsʰuo242	tsʰʊɔ422	tsʰuo43	tsʰuo42	tsʰᵘo24
哥		果开一平歌见	piᴇ55{训读}	kuɔ232	kuɯ35	kuo44{变调}	kuo24	kuo33	kuo242	kʊɔ422	kuo43	kuo42	kᵘo21
鹅		果开一平歌疑	ŋo21	ua33	ua33	ŋuo22	ŋuo22	ŋuo533	ŋuo33	ŋʊɔ33	ŋuo33	ŋuo33	ŋᵘo21
何		果开一平歌匣	ho21{借桂}	hua33	hua33	huo22	huo22	huo533	huo33	hʊɔ33	huo21{借桂}	huo33	hᵘo21
左		果开一上哿精	tʃiᴇ55	tsua422	tsua44	tsuo35	tsuo33	tsuo35	tsuo35	tsʊɔ55	tsuo55	tsuo55	tsᵘo55
可		果开一上哿溪	kʰo53{借桂}	kʰua21	kʰua21	kʰuo44	kʰuo13	kʰuo33	kʰuo35	kʰʊɔ55	kʰuo55	kʰuo55	kʰᵘo55
我		果开一上哿疑	ʊɯ55	ua21	ua33	ŋuo44	ŋuo33	ŋ33	ŋuo21	ŋʊɔ13	ŋuo52	ŋuo52	ŋᵘo55
大		果开一去个定	ta53	tua53	ta53	tua21	tsua31	tsua21	tuᴇ44	tɑ21	ta21	ta21	ta33
饿		果开一去个疑	ŋo53	ua53	ua53	ŋuo21	ŋuo31	ŋuo21	ŋu44	ŋʊɔ21	ŋuo21	ŋuo21	ŋᵘo33
茄	{~子}	果开三平戈群	ki21	kiɔ33	tʃiᵘɔ33	kiɔ22	tʃio22	tʃyɔ533	tɕia33	tʃʰɑ33	tʃʰiɑ33	tʃa33	tʃʰia21
坡		果合一平戈滂	pʰo44	pʰɤᵊ232	pʰuɯ13	pʰuo132	pʰuo24	pʰuo13	pʰuo242	pʰʊɔ422		pʰuo42	pʰᵘo24
婆		果合一平戈並	pɯ21	pɤᵊ33	puɯ33	puo22	puo22	pu533	pu33	pu33	pu33	pu33	pᵘo21
磨	{~刀}	果合一平戈明	mʊ53	mɤᵊ33	muɯ33	muo22	muo22	muo533	mu33	mu33	muo33	m33	mᵘo21
蓑		果合一平戈心	si21	sua232	sua13	suo132	suo24	suo13	suo33	sʊɔ33{借桂}	suo43	suo42	sᵘo24
窠		果合一平戈溪	ʊɯ44	fu232	kʰu13			kʰu13	kʰu242	kʰu422	kʰu33{连读}	kʰu42	kʰu24
禾		果合一平戈匣	ʊɯ21	u33	u33	ʊ22	huo22	u533	u33	hʊɔ33	u33	u33	u21
坐		果合一上果从	tsiᴇ33	tsua21	tsua21	tsuo44	tsuo13	tsuo33	tsʰuo21	tsʰʊɔ13	tsʰuo52	tsʰuo53	tsʰᵘo53
锁		果合一上果心	siᴇ55	suo422	sua44	suo44	suo33	suo33	suo35	sʊɔ55	suo55	suo55	sᵘo55
果		果合一上果见	kʊɯ55	kua422	kua44	kuo44	kuo33	kuo33	kuo35	kʊɔ55	kuo55	kuo55	kᵘo55
火		果合一上果晓	fʊɯ55	fu422	fu44	hʊ44	huo33	fu33	hu35	fu55	fu55	fu55	fu55
祸		果合一上果匣	fʊɯ53	huɔ35	hua35	huo35	huo55	huo21	huo55	hʊɔ13	huo24	huo35	hᵘo33
破		果合一去过滂	pʰɯ35	pʰɤᵊ53	pʰu53/pʰuɯ53	pʰuo35	pʰuo55	pʰu35	pʰu55	pʰu35	pʰu24	pʰu35	pʰᵘo53
糯	{~米}	果合一去过泥	ȵi53	nua53	nua53	nuo21	luo31	nuo21	nu44	nu21	nuo21	nuo21	nᵘo33
座		果合一去过从	tsiᴇ33	tsua21	tsua21	tsuo44	tsuo31	tsuo35	tsʰuo21	tsʰʊɔ13	tsʰuo52	tsʰuo53	tsʰᵘo53
过		果合一去过见	kʊɯ35	ku35	ku35	kʊ35	ku55	ku35	ku55	ku35	ku24	ku35	ku53
课		果合一去过溪	kʰʊɯ35	kʰua35	kʰua35	kʰuo35	kʰuo55	kʰuo35	kʰuo55	kʰʊɔ35	kʰuo24	kʰuo35	kʰᵘo53
货		果合一去过晓	fʊɯ35	hua35	hua35	huo35	huo55	huo35	huo55	hʊɔ35	huo24	huo35	hᵘo53
疤		假开二平麻帮	pɒ44	pɤᵊ232	pᵘɔ13	pᵘɔ132	pɔ24	puo13	po242	ɓʊɔ422	pa43	pa42	pa24
爬		假开二平麻並	pɒ21	puɔ33	pᵘɔ33	pᵘɔ22	pɔ22	puo533	pa33	pʊɔ33	pa33	pa33	pa21
麻		假开二平麻明	mɒ21	mɤᵊ33	mᵘɔ33	mᵘɔ22	mɔ22	muo533	mo33	mʊɔ33	ma33	ma33	ma21
茶		假开二平麻澄	tʃo21	tsua33	tsᵘɔ33	tsᵘɔ22	tsɔ22	tʃyɔ533	tsuo33	tʃʰɑ33	tsʰa33	tʃa33	tʃa21
渣		假开二平麻庄	tʃo44	tsua232	tsᵘɔ13	tsᵘɔ132	tsɔ24	tʃyɔ13	tsuo242	tʃɑ422	tsa43	tʃa42	tʃa24
叉		假开二平麻初	tʃʰo44	tsʰua232	tsʰᵘɔ13	tsʰᵘɔ132	tsʰɔ24	tʃʰyɔ13	tsʰuo21	tʃʰɑ422	tsʰa43	tʃʰa42	tʃʰa24
查	{调~}	假开二平麻崇	tʃɒ21	tsua33	tsᵘɔ33	tsᵘɔ22	tsɔ22	tʃyɔ533	tsuo33	tʃʰɑ33	tsʰa33	tʃa33	tsa21
沙		假开二平麻生	ʃo44	sua232	sᵘɔ13	sᵘɔ132	sɔ24	ʃyɔ13	suo242	ʃɑ33	sa43	ʃa42	ʃa24
家		假开二平麻见	kɒ44	kiɔ232	kᵘɔ13{家具}/tʃiᵘɔ13{家长}	kᵘɔ132	kɔ24	kuo13	kuo242	kɑ422	ka43	ka42	ka24
牙		假开二平麻疑	ŋo21	ua33	ᵘɔ33	ŋᵘɔ22	ŋɔ22	ŋuo533	ŋuo33	ŋɑ33	ŋa33	ŋa33	ŋa21
虾	{鱼~}	假开二平麻晓	ho44	hua232	hᵘɔ13	hᵘɔ132	ha24	huo13	huo242	hɑ422	ha43	ha42	ha24
丫	{~头}	假开二平麻影	ɒ44	ua232	ᵘɔ13	ŋᵘɔ132	ŋɔ24	uɔ13	uo242	ɑ422	iɑ43	a42	a24
把		假开二上马帮	pɒ55	pɤᵊ422	pᵘɔ44	pa44	pɔ33	puɔ33	po35	ɓʊɔ55	pa55	pa55	pa55
马		假开二上马明	mɒ33	mɤᵊ21	mᵘɔ21	mᵘɔ44	mɔ13	muɔ33	mo21	mʊɔ13	mã52	ma53	ma55
洒		假开二上马生	sɒ55	suɔ5	sᵘɔ44	sᵘɔ5		suo5	suo21/suᴇ35		ʃiɑ24	sa55	sa55
假	{真~}	假开二上马见	kɒ55	kuɔ422	kᵘɔ44	kᵘɔ44	kɔ33	kuɔ33	kuo35	kɑ55	ka55	ka55	ka55
下	{底~}	假开二上马匣	ho53	hua21	hᵘɔ53	hᵘɔ21	ha13	huɔ21	huo21	hɑ21	ha21	ha53	ha21
哑		假开二上马影	o55	ua422	ᵘɔ44	ŋᵘɔ44	ɔ33	uɔ33	uo35	ɑ55	ŋa55	a55	a55
霸		假开二去祃帮		puɔ35	pᵘɔ35	pᵘɔ35	pɔ55	puɔ35	po55	ɓʊɔ35	pa24	pa35	pa53
爸		假开二去祃帮	mɒ33	pa5	pa33	pa44/ta35	pa33	pa5	ia33/pa35	ɓɑ55	ta24	pa33	pa33
骂		假开二去祃明	mɒ53	mɤᵊ53	mᵘɔ53	mᵘɔ21	mɔ31	muɔ21	mo44	mʊɔ21	ma21	ma21	ma33
榨	{~油}	假开二去祃庄	tʃo35	tsua35	tsᵘɔ35	tsᵘɔ35	tsɔ55	tʃyɔ35	tsuo55	tʃɑ35	tsa24	tʃa35	tʃa53
岔		假开二去祃初	tʃʰo35	tsʰua53	tsʰᵘɔ53	tsʰᵘɔ35	tsʰɔ55	tʃʰyɔ35	tsʰuo55	tʃʰɑ35	tsʰa24	tʃʰa35	tʃʰa53
嫁		假开二去祃见	kɒ35	kuɔ35	kᵘɔ35	kᵘɔ35	kɔ55	kuɔ35	kuo55	kɑ35	ka24	ka35	ka53
价		假开二去祃见	kɒ35	kuɔ35	kᵘɔ35	kᵘɔ35	kɔ55	kuɔ35	kuo55	kɑ35	ka24	ka35	ka53
斜		假开三平麻邪	siɒ21/siᴇ21{多说}	ua232{训读}/tsʰua21	tʃʰiᵘɔ33	tʃiɔ22	tʃio22	tʃyɔ533	tia35		ʃiɑ24	ʃia33	sia21
车	{马~}	假开三平麻昌	tʃʰiᴇ44	tsʰua232	tsʰᵘɔ13	tsʰᵘɔ132	tsʰɔ24	tʃʰyɔ13	tsʰa242	tʃʰɑ422	tʃʰa43	tʃʰa42	tʃʰa24
蛇		假开三平麻船	ʃiᴇ21	sua33	sᵘɔ33	sᵘɔ22	sɔ22	ʃyɔ533	sa33	ʃiɔ33	ʃa33	ʃa33	ʃa21
爷		假开三平麻以	lau33{训读}	tiᴇ232	tiɛ13{训读}	iɔ22	io22	iᴇ533	koŋ242{训读}	kiᴇ̃422{训读}	koŋ24{训读}	iɛ21{借桂}	ia21
姐		假开三上马精	tɒ53	tʃiᴇ422	tʃiɛ44	tʃie44	tʃie33	tʃiᴇ33	tɕiᴇ35	tʃiᴇ55	ta21	tʃiɛ55	
写		假开三上马心	siᴇ55	ʃiɔ422	ʃiᵘɔ44	ʃiɔ44	ʃio33	ʃyɔ33	ɕia35	ʃiɑ55	ʃiɑ55	ʃia55	sia55
扯		假开三上马昌	tʃʰiᴇ55	tʃʰiᴇ21	tʃʰiɛ21	tʃʰie44		tʃʰiᴇ33	tsʰa35	tʃʰiɔ55	kʰuæ55{训读}	tʃʰa55	tʃʰa55/kʰuæ55{训读}
社		假开三上马禅	ʃiᴇ35	sua21	ʃiᵘɔ21	sᵘɔ21	sɔ31	ʃyɔ21	sa44	ʃiɔ21	ʃa21	ʃiɛ35	ʃa33/ʃiɛ24
惹		假开三上马日		iɔ422	iᵘɔ44	ȵiɔ44	lio33	iᴇ33	ŋia35	ȵiɑ55	iɑ52	iɛ53	ia55
也	{~是}	假开三上马以	i33/iᴇ33/a33	a33	a21	a21	io13	a35	a21	iᴇ53{借桂}	iɑ52	ia53	ia55
野		假开三上马以	io33	iɔ21	iᵘɔ21	iɔ44	io13	iᴇ33	ia21	iᴇ13	iɑ52	ia53	ia55
借		假开三去祃精		tʃiɔ35	tʃiᵘɔ35	tʃiɔ35	tʃio55	tʃyɔ35	tɕia55	tʃiɑ35	tʃiɑ24	tʃia35	tsia53
泻		假开三去祃心	siᴇ35	ʃiɔ35	ʃiᵘɔ35	ʃiɔ35	ʃio55	ʃyɔ35	ɕia55	ʃiɑ35	ʃiɑ24	ʃia35	sia53
谢		假开三去祃邪	siᴇ35	səi33{文读}	tʃiᵘɔ53	tʃiɔ21	tʃio31	səi21	ɕiᴇ44	ʃiᴇ35	ʃiᴇ24	ʃiɛ35	sia53
夜		假开三去祃以	iɒ53	iɔ53	iᵘɔ53	iɔ21	io31	iᴇ21	ia44	iɔ21	iɑ21	ia21	ia33
瓜		假合二平麻见	kʊɒ44	kua232	kua13	kᵘɔ132	kua24	kuɔ13	kua242	kʊɔ422	kuɑ43	kua42	kua24
夸		假合二平麻溪		kʰua232	15	kʰua132	kʰua24	kʰua13	kʰua242	kʰʊɑ33{借桂}	kʰuɑ43	kʰua42	kʰua24
花		假合二平麻晓	fɒ44	hua232	huɯ13	hᵘɔ132	hua24	huɔ13	hua242	hʊɔ422	huɑ43	hua42	hua24
划	{~船}	假合二平麻匣	fɒ53	hua53	huɯ53	hua22	tsʰa24{训读}	ua5	hua33	hʊɔ21	huɑ21	hua21	hua21
寡		假合二上马见	kʊɒ55	kua422	kua44	kᵘɔ44	kua33	kuɔ33	kua35	kʊɔ55	kuɑ55	kua55	kua55
瓦		假合二上马疑	ŋo33	ua21	ua21	ŋᵘɔ44	ŋɔ13	uɔ33	ua21	ŋʊɔ33	uɑ52	ua53	ua53
化		假合二去祃晓	fɒ53	hua53	huɯ53	hᵘɔ35	hua55	huɔ35	hua55	hʊɔ21	huɑ24	hua21	hua33
铺	{~设}	遇合一平模滂	pʰʊ44	pʰu232	pʰu13	pʰʊ132	pʰu24	pʰu13	pʰu242	pʰu422	pʰu43	pʰu42	pʰu24
菩		遇合一平模並	pʊ21	pua33	pu33	15	pu22	pu533	pu33	pʰu21{借桂}	pu33	pu33	pu21
模	{~子}	遇合一平模明	mʊ21	mu33	mu33	muo22	mu22	muo533	muo33	mʊɔ33	m̩33	mu33	mᵘo21
都	{~是}	遇合一平模端	tʊ44	tɤᵊ33/tu33{变调}	tu13	tʊ132	tu24	tu13	lɑu33	ɗu422	tu33{变调}	tu42	tu24
徒		遇合一平模定	tɑʊ21	tu33	tᵘɔu33	tʊ22	tu22	tu533	tu33	tu33	tu33	tu33	tu21
涂		遇合一平模定	tɑʊ21	tu33	tᵘɔu33	tʊ22	tu22	tu533	tu33	tu33	tu33	tu33	tu21
奴		遇合一平模泥	nɑʊ21	nu33	nᵘɔu33	nʊ22	lu22	lu533	nu33	nu33	nu21{借桂}	nu33	nu21
炉		遇合一平模来	lɑʊ21	nu33	nᵘɔu33	nʊ22	lu22	lu533	lu33	lu33	nu33	lu33	lu21
租		遇合一平模精	tsɑʊ44	tsau232	tsᵘɔu13	tsʊ132	tsu24	tsu13	tsu242	tsu422	tsu43	tsu42	tsu24
粗		遇合一平模清	tsʰɑʊ44	tsʰau232	tsʰᵘɔu13	tsʰʊ132	tsʰu24	tsʰu13	tsʰu242	tsʰu422	tsʰu43	tsʰu42	tsʰu24
苏		遇合一平模心	sɑʊ44	sau232	sᵘɔu13	sʊ132	su24	su13	su242	su422	su43	su42	su24
孤		遇合一平模见		ku232	ku13	kʊ132	ku24	ku13	ku242	ku422	ku33{借桂}	ku42	ku24
枯		遇合一平模溪		fu232	kʰu13	kʰʊ132	kʰu24	kʰu13	kʰu242	kʰu33{借桂}	kʰu43	kʰu42	kʰu24
蜈		遇合一平模疑		ŋ̩33	u33	ŋ̩22	u22	u533	ŋ̩33	u33	u33	u33	u21
湖		遇合一平模匣	fʊ21	fu33	fu33	fʊ22	fu22	fu533	fu33	fu33	fu33	fu33	fu21
胡	{~子}	遇合一平模匣	fʊ21	fu33	fu33	fʊ22	fu22	fu533	fu33	fu33	fu33	fu33	fu21
乌		遇合一平模影		u232	u13	ʊ132	u24	u13	u242	u33{借桂}	u43	u42	u24
补		遇合一上姥帮	pʊ55	pu422	pu44	pʊ44	pu33	pu33	pu35	ɓu55	pu55	pu55	pu55
普		遇合一上姥滂		pʰu21	pʰu21	pʰʊ44	pʰu13	pʰu33	pʰu35	pʰu55	pʰu55	pʰu55	pʰu55
部		遇合一上姥並	pʊ53	pu53	pu53	pʊ21	pu31	pu21	pʰu44	pu35	pu21	pu21	pu53
堵		遇合一上姥端	tʊ55	tu422	tᵘɔu44	tʊ44	tu33	tu33	lu35	ɗu55	tu55	tu55	tu55
土		遇合一上姥透	tʰɑʊ55	tʰu21	tʰᵘɔu21	tʰʊ44	tʰu13	tʰu33	tʰu35	tʰu55	tʰu55	tʰu55	tʰu55
肚		遇合一上姥定	tɑʊ55	tu422	tᵘɔu21	tʊ44	tu13	tu33	tu21	tu13	tu21	tu21	tu55
努		遇合一上姥泥		nu53{借桂}	15	nʊ44	lu33	lu33	nu35		nu52	nu53	lu55
卤		遇合一上姥来	lɑʊ33	nu21	nᵘɔu21	nʊ44	lu33	lu33	lu21	lu13	nu52	lu53	lu55
祖		遇合一上姥精	tsɑʊ55	tsu422	tsᵘɔu44/tsu44	tsʊ44	tsu33	tsu33	tsu35	tsu55	tsu55	tsu55	tsu55
古		遇合一上姥见	kʊ55	ku422	ku44	kʊ44	ku33	ku33	ku35	ku55	ku55	ku55	ku55
牯		遇合一上姥见	kʊ55	ku422	ku44	kʊ44	ku33	ku33	ku35	ku55	ku55	ku55	ku55
鼓		遇合一上姥见	kʊ55	ku422	ku44	kʊ44	ku33	ku33	ku35	ku55	ku55	ku55	ku55
苦		遇合一上姥溪	fʊ55	fu422	kʰu21	kʰʊ44	kʰu13	kʰu33	kʰu35	kʰu55	kʰu55	kʰu55	kʰu55
五		遇合一上姥疑	ŋ̩33	ŋ̩21	ŋ̩21	ŋ̩44	ŋ̩13	ŋ̩33	ŋ̩35	ŋ̩13	ŋ̩52	ŋ̩53	ŋ̩55
虎		遇合一上姥晓	fʊ55	fu422	fu44	fʊ44	fu33	fu33	fu35	fu55	fu55	fu55	fu55
户		遇合一上姥匣	fʊ53	fu53	fu53	fʊ21	fu31	fu21	fu44	fu35	fu24	fu21	fu53
布		遇合一去暮帮	pʊ35	pu35	pu35	pʊ35	pu55	pu35	pu55	ɓu35	pu24	pu35	pu53
铺	{店~}	遇合一去暮滂	pʰʊ35	pʰu53	pʰu21	pʰʊ35	pʰu55	pʰu35	pʰu55	pʰu35	pʰu24	pʰu35	pʰu53
步		遇合一去暮並	pʊ53	pu53	pu53	pʊ21	pu31	pu21	pu44	pu21	pu21	pu21	pu53
吐	{呕~}	遇合一去暮透	tʰɑʊ35	tʰua53	tʰᵘɔu53	tʰʊ35	tʰu55	tʰu35	tʰu55	tʰu35	tʰu24	tʰu35	tʰu53
兔		遇合一去暮透	tʰɑʊ35	tʰu53	tʰᵘɔu53	tʰʊ35	tʰu55	tʰu35	tʰu55	tʰu35	tʰu24	tʰu35	tʰu53
路		遇合一去暮来	lɑʊ53	nu53	nᵘɔu53	nʊ21	lu31	lu21	lu44	lu21	nu21	lu21	lu33
做		遇合一去暮精	tsʊo55	tsɿ35	tsɿ35	tsɿ35	tsɿ55	tsɿ35	tsɿ55	tsɿ35	tsɿ24	tsɿ35	tsɿ53
醋		遇合一去暮清	tsʰɑʊ35	tsʰau53	tsʰᵘɔu35	tsʰʊ35	tsʰu55	tsʰu35	tsʰu55	tsʰu35	tsʰu24	tsʰu35	tsʰu55
素		遇合一去暮心	sɑʊ35	su35{借桂}	sᵘɔu35/su35	sʊ35	su55	su35	su55	su35	su24	su35	su53
固		遇合一去暮见	kʊ35	ku35	ku35	kʊ35	ku55	ku35	ku55	ku35	ku24	ku35	ku53
裤		遇合一去暮溪	fʊ35	fu422	kʰu53	kʰʊ35	kʰu55	kʰu35	kʰu55	kʰu35	kʰu24	kʰu35	kʰu53
恶	{可~}	遇合一去暮影	o55	ua5	ᵘɔ5/u35	uo5	u31	u21	u55	u35{借桂}	u24	uo5	
驴		遇合三平鱼来		nɯ33	ny33	15	ly22	lu533	ly33	ly33	ȵy33	ly33	ly21
徐		遇合三平鱼邪		tsu33	tʃy33	tʃʏ22	tʃy22	tʃy533	tɕy33	tʃʰy33	ʃy33	tʃy33	tʃy21
猪		遇合三平鱼猪	tiau44	tɯ232	ty13	tʏ132	ty24	ty13	ly242	ɗy422	ty43	ty42	tʃy24
除		遇合三平鱼澄	tʃʊ21	tsu33	tʃy33	tʃʏ22	tʃy22	tʃy533	tɕy33	tʃʰy33	tsʰu33	tʃy33	tʃy21
初		遇合三平鱼初	tʃʰau44	tsʰau232	tsʰᵘɔu13	tsʰʊ132	tsʰu24	tsʰu13	tsʰu242	tsʰu422	tsʰu43	tsʰu42	tsʰu24
书		遇合三平鱼书	ʃau44	su232	ʃy13	ʃʏ132	ʃy24	ʃy13	ɕy242	ʃy422	ʃy43	ʃy42	ʃy24
如		遇合三平鱼日		ɯ33	y33	ʏ22	y22	y533{老派}/iu533{新派}	iɑu33	y33	y33	y33	y21
居		遇合三平鱼见			tʃy13	kʏ132	tʃy24	tʃy13	tɕy242	ty422	tʃy43		tʃy24
墟		遇合三平鱼溪	hiau44	hɯ232	ʃy13	hʏ132	ʃy24	hu13	ɕy242	ʃy33{借桂}	ʃy43	ʃy42	ʃy24
渠		遇合三平鱼群		kʰɯ21	tʃʰy21{借桂}	kʰʏ22	tʃy22	tʃʰy533	tɕy33		tʃyɘŋ24{训读}	tʃy33	tʃʰy21
鱼		遇合三平鱼疑	ȵiau21	ŋ̩33	ŋ̩33	ŋ̩22	ŋ̩22	ŋ̩533	ŋ̩33	ŋ̩33	ŋ̩33	ŋ̩33	ŋ̩21
虚		遇合三平鱼晓	hiau44	hɯ232	ʃy13	hʏ132	ʃy24	ʃy13/hu13	ɕy242	ʃy33{借桂}	ʃy43	ʃy42	ʃy24
淤		遇合三平鱼影		ɯ232	y33{借桂}	ʏ132	y24	y13	y242	y33{借桂}	y33	y33	y24
女		遇合三上语泥	ȵiau33	nɯ21	ny21	ȵʏ44	lu13	ly33	ny21	ȵy13	ȵy52	ȵy53	ȵy55
吕		遇合三上语来	liau33	nɯ21	ny21	ȵʏ44	ly13	ly33	ly21	ly13	ȵy52	ly53	ly55
序		遇合三上语邪		ʃy35{借桂}	ʃy21	ʃʏ35	ʃy55	ʃy35	ɕy44	ʃy35	ʃy24	tʃy33	sy53
煮		遇合三上语章	tʃau55	tsu422	tʃy44	tʃʏ44	tʃy33	tʃy33	tɕy35	tʃy55	tʃy55	tʃy55	tʃy55
处	{相~}	遇合三上语昌	tʃʰau55	tsʰu21	tʃʰy21	tʃʰʏ44	tʃʰy13	tʃʰy33	tɕʰy35	tsʰu55		tsʰu42	tʃʰy55
鼠		遇合三上语书	ʃau55	su21	ʃy44	tʃʰʏ44	tʃʰy13	ʃy33	suᵉi35	ʃy44	ʃy55	ʃy55	ʃy55
举		遇合三上语见	ki55	kɯ422	tʃy44	kʏ44	tʃy33	tʃy33	ky35	ky55	tʃy55	tʃy55	tʃy55
巨		遇合三上语群		tʃy35{借桂}	tʃy35	kʏ35	tʃy13	tʃy21	ky44	ky35	tʃy24	tʃy35	tʃy53
语		遇合三上语疑	iau33	ɯ21	y21	ʏ44	y33	y33	y21	y53{借桂}	y52	y53	y55
许		遇合三上语晓	hiau55	hɯ422	ʃy44	hʏ44	ʃy33	ʃy33	ɕy35	ʃy55	ʃy55	ʃy55	ʃy55
与		遇合三上语以		ɯ422	y44	ʏ44	y33	y33				y53	y55
虑		遇合三去御来	liau53	ny35{借桂}	ny53	ȵʏ21	ly31	ly21	ly44	ly21	ȵy24	ly21	ly33
助		遇合三去御崇		tsu21	15	tsʊ21	tsu31	tsu21	tsu44	tsu35	tsʰu21	tsu21	tsu33
薯		遇合三去御禅	ʃau21	su33	ʃy33	ʃʏ22	ʃy22	ʃy533	ɕy33	ʃy33	ʃy33	ʃy33	ʃy21
去	{来~}	遇合三去御溪	hau35	hɯ53	kʰɯ53	kʰʏ35	kʰi55	kʰu35	kʰa33	kʰy35	kʰɤ24	kʰɤ35	kʰɤ53
夫		遇合三平虞非	fʊ44	fu232	fu13	fʊ132	fu24	fu13	fu242	fu33{借桂}	fu33{借桂}	fu42	fu24
符		遇合三平虞奉	fʊ21	fu33	fu33	fʊ22	fu22	fu533	fu33	fu21{借桂}	fu33	fu33	fu21
无		遇合三平虞微	ȵiau33	ŋ̩33	ŋ̩33	ʊ22		u533	u33	u33			u21
须	{胡~}	遇合三平虞心	sᴇɪ44	sɿ232	ʃy33{借桂}	ʃʏ132	ʃy24	ʃy13	ɕy242	ʃy33{借桂}	ʃy43	ʃy42	sy24
厨		遇合三平虞澄	tiau21	tsu33	tʃy33	tʃʏ22	tsu22	tʃy533	tɕy33	tʃʰy33	tsʰu33	tʃy33	tʃy21
朱		遇合三平虞章		tsu232	tʃy13	tʃʏ132	tʃy24	tʃy13	tɕy242	tʃy422	tsu43	ty42	tʃy24
输		遇合三平虞书	ʃau44	su232	ʃy13	ʃʏ132	ʃy24	ʃy13	ɕy242	ʃy422	ʃy43	ʃy42	ʃy24
区		遇合三平虞溪		kʰɯ232	tʃʰy13	kʰʏ132	tʃʰy24	tʃʰy13	kʰy242	kʰy33{借桂}	tʃʰy43	tʃʰy42	tʃʰy24
于		遇合三平虞云		ɯ33	y21{借桂}	ʏ22	y22	y533	y33	y33	y21{借桂}	y21{借桂}	y21
斧		遇合三上麌非	fʊ55	fu422	fu44	fʊ44	fu33	fu33	fu35	fu55	fu55	fu55	fu55
腐		遇合三上麌奉	fʊ35	fu21	fu21	fʊ44	fu13	fu33	fu44	fu55	fu21	fu21	fu55
武		遇合三上麌微	u33/ŋ̩33	u21	ŋ̩21	ʊ44	u33	u33	u21	ŋ̩13	u52	u53	u55
娶		遇合三上麌从	tsʰau55	tsʰɿ21	tʃʰy21	tʃʰʏ44	tʃʰy13	tʃʰy33	ɕɜ35	tʃʰy53{借桂}	tʃʰy55	tʃʰy55	tsʰy55
柱		遇合三上麌澄	tiau33	tɯ21	ty21	tʏ44	ty13	ty33	ty21	ɗy13	ty52	ty53	tʃy53
数	{动~}	遇合三上麌生	ʃau55	sau422	sᵘɔu44	sʊ44	su33	su33	su35	su55	su55	su53	su55
主		遇合三上麌章	tʃau55	tsu422	tʃy44	tʃʏ44	tʃy33	tʃy33	tɕy35	tsu55	tʃy55	tsu55	tʃy55
竖		遇合三上麌禅	ʃau33	taŋ53{训读}	ʃy53	15	ʃy31	ʃy35	su44	tʃʰy13	su24{借桂}	su35	ʃy33
雨		遇合三上麌云	iau33	ɯ21	y21	ʏ44	y33	y33	y21	y13	y52	y53	y55
羽		遇合三上麌云		y53{借桂}	y21	ʏ44	y33	y33	y21	y13	y52	y53	y55
附		遇合三去遇奉	fʊ35	fu53	fu53	15	fu55	fu35	fu44	fu35{借桂}	fu24	fu35	fu53
雾		遇合三去遇微	u53	u53	u53	ʊ21	u31	u21	u44	u21	u24	u21	u33
住		遇合三去遇澄	tiau53	tɯ53	ty53	tʏ21	ty31	ty21	ty44	ɗy21	ty21	ty21	ty33
数	{名词}	遇合三去遇生	ʃau35	su35	sᵘɔu35/ʃy35	sʊ35	su55	su35	su44	su35	su24	su35	su53
树		遇合三去遇禅	ʃau53	su53	ʃy53	ʃʏ21	ʃy31	ʃy21	ɕy44	ʃy21	ʃy21	ʃy21	ʃy33
句		遇合三去遇见	kiau35	kɯ35	tʃy35	kʏ35	ky55	ku35	ky55	ky35	tʃy24	tʃy35	tʃy53
具		遇合三去遇群		kɯ35	tʃy53	kʏ21	tʃy55	tʃy21	tɕy44	ky35	tʃy24	tʃy35	tʃy53
遇		遇合三去遇疑	i53	ɯ53	y53	ʏ21	y31	y21	y44	y21	y21	y21	y33
芋		遇合三去遇云	i53	ɯ53	y53	ʏ21	y31	y21	y44	y21	y21	y21	y33
胎		蟹开一平咍透	tʰæ44	tʰuo232	tʰuɯ13	tʰye132	tsʰuəi24	tʰɤ13	tʰɛ242	tʰᴇɪ422	tʰe43	tʰɛ42	tʰɛ24
台		蟹开一平咍定	ta21	tuo33	tuɯ33	tye22	tsuəi22	tɤ533	tɛ33	tᴇɪ33	te33	tɛ33	tɛ21
来		蟹开一平咍来	la21	nuo33	nuɯ33	nye22	ləi22	lɤ533	lɛ33	lᴇɪ33	nᴇi33	lɛi33	lɘi21
灾		蟹开一平咍精	tʃiᴇ33	tsuo232	tsa13	tʃye132	tsəi24	tsɤ13	tsɛ242	tsæ̃e422	tse43	tsɛ42	tsɛ24
猜		蟹开一平咍清	tsʰa44	tsʰuo232	tsʰuɯ13	tʃʰye132	tsʰəi24	tsʰɤ13	tsʰɛ242	tsʰᴇɪ422	tsʰuᴇi43	tsʰuɛi42	tsʰɛ24
才		蟹开一平咍从	tsa21	tsuo33	tsuɯ33	tʃye22	tsəi22	tsɤ533	tsɛ33	tsʰᴇɪ33	tsʰe33	tsɛ33	tsɛ21
腮		蟹开一平咍心	sa44	suo232	suɯ13	ʃye132	səi24	sɤ13	sɛ242	sᴇɪ422	sæ43	ʃuæ42	ʃuæ24
该		蟹开一平咍见	ka44	kuo232	ka13	kəi44{变调}		ka13	kuᴇ242	kæ̃e422	kæ43	kæ42	kɛ24
开		蟹开一平咍溪	ha44	huo232	kʰuɯ13	kʰye132	kʰuəi24	kʰuɤ13	kʰuᵉi242	kʰʊᴇɪ422	kʰuᴇi43	kʰuɛi42	kʰuɘi24
待		蟹开一上海定		tuo53	tuɯ35	tye21	tsuəi31	tɤ21	tɛ44	tᴇɪ13	te24	tɛ53	tɛ53
彩		蟹开一上海清	tsʰa55	tsʰəi53{借桂}	tsʰuɯ21	tʃʰye44	tsʰəi13	tsʰɤ33	tsʰɛ35	tsʰæ̃e53{借桂}	tsʰæ55	tsʰɛ55	tsʰɛ55
在		蟹开一上海从	tsa33	tsuo21	tsuɯ21	tʃye44	tsəi13	tsɤ33	tsʰɛ21	tsʰᴇɪ21	tʃiᴇ33	tʃʰi53	tsʰɛ55
改		蟹开一上海见	ka55	kuo422	ka44	ka44	ka33	ka33	kuᴇ35	kæ̃e55	kæ55	kæ55	kɛ55
海		蟹开一上海晓	ha55	huo422	ha44	ha44	həi33	ha33	hɛ35	hæ̃e55	hæ55	hæ55	hæ55
戴		蟹开一去代端	tæ35	tuo35	tuɯ35	tye35	tsuəi55	tɤ35	lɛ55	ɗᴇɪ35	te24	tɛ35	tɛ53
态		蟹开一去代透		tʰəi35{借桂}	tʰuɯ53	tʰəi35	tsʰuəi55	tʰɤ35	tʰɛ55	tʰæ̃e35	tʰe24	tʰɛ35	tʰɛ55
袋		蟹开一去代定	tæ35	tuo53	tuɯ53	tye21	tsuəi31	tɤ21	tɛ44	tᴇɪ35	te21	tɛ21	tɛ53
耐		蟹开一去代泥	na53	nuo53	nuɯ53	ȵye21	luəi31	lɤ21	nɛ44	næ̃e35	ne21	nɛ21	nɛ53
再		蟹开一去代精	tsa35	tsuo35	tsəi35{借桂}	tʃye35	tsəi55	tsɤ35	tsɛ55	tsᴇɪ35	tse24	tsɛ35	tsɛ53
菜		蟹开一去代清	tsʰa35	tsʰuo53	tsʰuɯ53	tʃʰye35	tsʰəi55	tsʰɤ35	tsʰɛ55	tsʰᴇɪ35	tsʰæ24	tsʰɛ35	tsʰɛ55
赛		蟹开一去代心		suo35	sa35	sua35	sua55	ʃya35	sɛ55	sᴇɪ35	sæ24	ʃuæ35	ʃuæ53
概		蟹开一去代见		kʰuo35	kʰa35	kʰa35	ka55	kʰa35	kʰɛ55	kʰæ̃e35	kʰæ24	kæ35	kʰɛ53
碍		蟹开一去代疑	ŋa53	uo53	a53	15		ŋa21	ŋɛ44	ȵiɑ55		ŋɛ35	æ33
爱		蟹开一去代影	a35	uo35	əi35	ŋye35	ŋuəi55	uɤ35	uᵉi55	ʊᴇɪ35	æ24	ŋæ35	uɘi53
贝		蟹开一去泰帮	pæ35	pi35	pi35	pei35	pei55	pi35	pi55	ɓᴇɪ35	pᴇi24	pɛi35	pɘi33
带		蟹开一去泰端	ta53	tuo35	tuɯ35	tye35	tsuəi55	tɤ35	lɛ55	ɗᴇɪ35	te24	tɛ35	tɛ53
太		蟹开一去泰透	tʰæ35	tʰɤᵊ422	tʰuɯ53	tʰəi5	tsʰuəi55	tʰɤ35	tʰɛ55	tʰᴇɪ35	tʰe24	tʰɛ35	tʰɛ55
赖		蟹开一去泰来	læ53	nuo53	na53	nua21	luəi31	lya21	luᴇ44	læ̃e35	na21	la21	læ33
蔡		蟹开一去泰清	tsʰa35	tsʰuo53	tsʰuɯ53	tʃʰye35		tsʰɤ35	tsʰɛ55	tsʰᴇɪ35	tsʰe24	tsʰɛ35	tsʰɛ55
盖		蟹开一去泰见	ka35	kuo232	kuɯ35	kye35	kuəi55	kuɤ35	kuᴇ55	kʊᴇɪ35	kuᴇi24	kuɛi35	kuɘi53
艾		蟹开一去泰疑	ŋa53	uo53	a53	ŋye21	uəi31	ŋa21	ɛ44	ŋæ̃e35	uᴇi21	ŋæ35	ŋɛ53
害		蟹开一去泰匣	ha53	huo53	ha53	ha21	həi31	ha21	huᴇ44	hæ̃e21	hæ21	hɛ35	æ55
排		蟹开二平皆並	pᴇ21	puo33	pa33	pua22	pua22	pia533	puᴇ33	pæ̃e33	pæ33	pæ33	pæ21
埋		蟹开二平皆明	mᴇ21	muo33	ma33	mua22	mua22	mia533	muᴇ33	mæ̃e33	mæ33	mæ33	mæ21
斋		蟹开二平皆庄	tʃiᴇ44	tsuo232	tsa13	tsua132	tsua24	tʃya13	tsuᴇ242	tʃæ̃e422	tʃa43	tʃua42	tsuæ24
豺		蟹开二平皆崇		tsuo33	tsuɯ33	tsua22	tsəi22	tʃya533	tsuᴇ33	tʃæ̃e33	tsʰe33	tʃua33	tsɛ21
阶		蟹开二平皆见	ka44	kuo232	ka13	ka132	ka24	ka13	kuᴇ242	kæ̃e422	kæ43	kæ42	kɛ24
拜		蟹开二去怪帮	pᴇ35	puo35	pa35	pua35	pua55	pia35	puᴇ55	ɓæ̃e35	pæ24	pæ35	pæ53
介		蟹开二去怪见	ka35	kuo35	ka35	ka35	ka55	ka35	kuᴇ55	kʊᴇɪ35	kæ24	kæ35	kɛ53
戒		蟹开二去怪见	ka35	kuo35	ka35	ka44{变调}	ka55	ka35	kuᴇ55	kæ̃e35	kæ24	kæ35	kɛ53
牌		蟹开二平佳並	pᴇ21	puo33	pa33	pua22	pua22	pia533	puᴇ33	pæ̃e33	pæ33	pæ33	pæ21
柴		蟹开二平佳崇	tʃiᴇ21	tsuo33	tsa33	tsua22	tsua22	tʃya533	tsuᴇ33	tʃʰæ̃e33	tsʰuæ33	tʃua33	tsuæ21
筛	~子	蟹开二平佳生	ʃiᴇ44	suo232	sa13	sua132	sua24	ʃya13	suᴇ242	ʃæ̃e422	ʃuæ43	ʃua42	ʃuæ24
街		蟹开二平佳见	ka44	kuo232	ka13	ka132	ka24	ka13	kuᴇ242	kæ̃e422	kæ43	kæ42	kɛ24
鞋		蟹开二平佳匣	ha21	huo33	ha33	ha22	ha22	ha533	huᴇ33	hæ̃e33	hæ33	hæ33	hæ21
摆		蟹开二上蟹帮	pᴇ55	puo422	pa44	pua44	pua33	pia33	puᴇ35	ɓɑ̃55	pæ55	pæ55	pæ55
买		蟹开二上蟹明	mᴇ33	muo21	ma21	mua44	mua13	mia33	muᴇ21	mæ̃e13	mæ52	mæ53	mæ55
奶		蟹开二上蟹泥	na21{指乳房}/na33{奶奶}	nɛ422{奶水}/na422{奶奶}	nəi35{指乳房}/nəi44{奶奶}	nəi44	ləi55	ləi35{指乳房}/lya33{奶子}	nɛ44{奶奶}/tɕi44{吃奶}	nɑ̃55{吃奶}/tʃi35{吃奶}	læ24{奶妈}/tʃi24{吃奶}	nɛ53	nɛ55/tʃi55
解	~开	蟹开二上蟹见	ka55	kuo422	ka44	ka44	ka33	ka33	kuᴇ35	kæ̃e55	kæ55	kæ55	kɛ55
矮		蟹开二上蟹影	ᴇ55	uo422	a44	ŋa44	ŋa33	ŋa33	uᴇ35	æ̃e55	ŋæ55	æ55	æ55
派		蟹开二去卦滂	pʰᴇ35	pʰuo35	pʰa35	pʰa35	pʰa55	pʰia35	pʰuᴇ55	pʰæ̃e35{借桂}	pʰæ24	pʰæ35	pʰæ53
卖		蟹开二去卦明	mᴇ53	muo53	ma53	mua21	mua31	mia21	muᴇ44	mæ̃e21	mæ21	mæ21	mæ33
债		蟹开二去卦庄			15	tsəi35	tsəi55	tsɤ21	tsɛ55	tʃɑŋ35{训读}	tsʰæ21	tsɛ35{借桂}	tsɛ53
晒		蟹开二去卦生	ʃiᴇ35	suo35	sa35	sua35	sua55	ʃya35	suᴇ55	ʃæ̃e35	ʃuæ24	ʃua35	ʃuæ55
败		蟹开二去夬並	pæ53	puo53	pa53	pua21	pua31	pia21	puᴇ44	pæ̃e21	pæ21	pæ21	pæ33
迈		蟹开二去夬明	mᴇ53	muo53	ma53	mua21	mua31	mia21	muᴇ44	la35{训读}/mɑ̃21	mæ21	mæ21	mæ33
寨		蟹开二去夬崇	tʃiᴇ53	tsa53	tsa53	tsua21	tsəi24	tsa21	tsuᴇ44	tʃʰæ̃e21	tsʰæ21	tʃua21	tsuæ33
币		蟹开三去祭並	pᴇ53	pi35{借桂}	pi53	pi21	pi31	pi21	pi44	pi35	pi24{借桂}	pi21	pi33
厉		蟹开三去祭来	læ53	ni35{借桂}	ni53	ni21	li31	li21	li44	li21	ȵi21	li21	li33
际		蟹开三去祭精		tʃi35{借桂}	tʃi35{借桂}	tʃi35	tʃi55	tʃi35	tɕi55	tsi35	tʃi35{借桂}	tʃi35	tsi53
制	~造	蟹开三去祭章	tsʊo55{训读}	tsɿ35	tsɿ35	tsɿ35	tsɿ55	tsɿ35	tsɿ55	tsɿ35	tsɿ35{借桂}	tʃi21	tʃi53
世		蟹开三去祭书	sᴇɪ35	ʃiᴇ35	ʃiɛ35	ʃi35	ʃi55	ʃi35	ɕi55	ʃi35	ʃi24	ʃi35	ʃi53
艺		蟹开三去祭疑	ȵi53	i35{借桂}	i35	i35	i55	i35	i44	i35	i24	i35	i53
蓖		蟹开四平齐帮	pæ44	pi35{借桂}	pi35{借桂}	pi21	pi55	pi13	pi242	pʰi33	pi21{变调}	pi35{借桂}	pi33
批		蟹开四平齐滂	pʰᴇɪ44	pʰi232	pʰi13	pʰi132	pʰi24	pʰi13	pʰi242	pʰi422	pʰi43	pʰi42	pʰi24
迷		蟹开四平齐明	mæ21	mi21{借桂}	mi33	mi5	mi22	mi533	miᴇn33	mi21	mi33	mi21	mi21
低		蟹开四平齐端	tᴇɪ44	tɛ232	ti13	ti132	ti24	ta13	tɛ242	ɗi422	te43	tɛ42	tɛ24
梯		蟹开四平齐透	tʰᴇɪ44	tʰɛ232	tʰiɛ13	tʰi44{变调}	tʰi24	tʰa13	tʰɛ242		tʰe43	tʰɛ42	tʰɛ24
提		蟹开四平齐定	tᴇɪ21	tɛ33	ti33	ti22	ti22	ti533	ti33	ti33	ti33	ti33	ti21
泥		蟹开四平齐泥	nᴇɪ21	nɛ33	niɛ33	na22	li22	la533	nɛ33	ȵi33	ne33	nɛ33	nɛ21
犁		蟹开四平齐来	lᴇɪ21	nɛ33	niɛ33	ni22	li22	li533	lɛ33	li33	ne33	lɛ33	lɛ21
齐		蟹开四平齐清	tsᴇɪ21	tsɛ33	tʃiɛ33	tʃi22	tʃi22	tsa533	tsɛ33	tsʰi33	tsʰe33	tsɛ33	tsɛ21
西		蟹开四平齐心	sᴇɪ44	sɛ232	ʃi13	ʃi132	ʃi24	ʃi13	ɕi242	si422	ʃi43	ʃi42	si24
鸡		蟹开四平齐见	kᴇɪ44	kɛ232	tʃiɛ13	ki132	tʃi24	tʃia13	kɛ242	tʃi422	ke43	kɛ42	kɛ24
米		蟹开四上荠明	mᴇɪ33	mɛ21	miɛ21	mi44	mi13	ma33	mɛ21	mi13	me52	mɛ53	mɛ55
底		蟹开四上荠端	tᴇɪ55	tɛ422	tiɛ44	ti44	ti33	ta33	lɛ35	ɗi55	te55	tɛ55	tɛ55
体		蟹开四上荠透	tʰᴇɪ55	tʰi33	tʰi44	tʰi44	tʰi33	tʰi33	tʰi35	tʰi55	tʰi55	tʰi55	tʰi55
弟		蟹开四上荠定	tᴇɪ33	tɛ33{变调}	tiɛ33{变调}	ta44	ti31	ti21/ta33	tɛ21	ti33{变调}	te52	tɛ35	tɛ21
礼		蟹开四上荠来	læ33	ni21	ni21	ȵi44	li13	li33	li21	li13	ȵi52	li53	li55
挤		蟹开四上荠精	tsi55	tsɛ5	tʃi44	tʃi44	tʃi33	tʃi33	tɕi35	tsi55	tʃi55	tʃi55	tsi55
洗		蟹开四上荠心	sᴇɪ55	sɛ422	ʃiɛ44	ʃi44	ʃi33	sa33	sɛ35	si55	se55	sɛ55	sɛ55
启		蟹开四上荠溪		tʃʰi53	tʃʰi53{借桂}	kʰi44	tʃʰi13	tʃʰi33	kʰi35	tʃʰi53{借桂}	tʃʰi55	tʃʰi53	tʃʰi55
闭		蟹开四去霁帮	pᴇɪ35	pɛ35	pi35	pi21	pi55	pi35	pi55	ɓi35	pi24	pi35	pi33
鐾	~刀	蟹开四去霁並	pᴇɪ53		piɛ53	15	pei31	pa21		pi21		pʰɛ35	pɘi33
谜		蟹开四去霁明	mᴇɪ53	mi21{借桂}	mi35	mi21	mi22	mi21	mi44	mi33	mi24	mi21	mi33
替		蟹开四去霁透	tʰᴇɪ35	tʰi53	tʰi53	tʰi35	tʰi55	tʰa35	tʰi55	tʰi35	tʰe24	tʰɛ35	tʰɛ55
第		蟹开四去霁定	tᴇɪ53	tɛ53	ti53	ti21	ti31	ti21	tɛ44	tᴇɪ21	ti21	tɛ35	ti33
细		蟹开四去霁心	si35	sɛ35	ʃi35	ʃi35	ʃi55	ʃi35	ɕi55	si35	se24	sɛ35	sɛ55
计		蟹开四去霁见	tʃi35{借桂}	tʃi35	tʃi35	ki35	tʃi55	tʃi35	tɕi55	tʃi35	tʃi24	tʃi35	tʃi53
杯		蟹合一平灰帮	pᴇɪ44	pɤᵊ232	puɯ13	pei132	pei24	pɤ13	puᵉi242	ɓᴇɪ422	pᴇi43	pɛi42	pɘi24
胚		蟹合一平灰滂		pʰɤᵊ232	15	pʰei132	pʰei24	pʰɤ13		pʰᴇɪ33{借桂}		pʰɛi42	pʰɘi24
赔		蟹合一平灰並	pʊ21	pɤᵊ33	puɯ33	pei22	pei22	pɤ533	puᵉi33	pᴇɪ33	pᴇi33	pɛi33	pɘi21
煤		蟹合一平灰明	mʊ21	mɤᵊ33	muɯ33	mei22	mei22	mɤ533	muᵉi33	mᴇɪ33	mᴇi33	mɛi33	mɘi21
堆		蟹合一平灰端	tʊ44	tɤᵊ232	tuɯ13	tʏ132	tei24	tɤ13	luᵉi242	ɗᴇɪ422	tuᴇi43	tuɛi42	tuɘi24
推		蟹合一平灰透	tʰʊ44	tʰɤᵊ232	tʰuɯ13	tʰʏ132	tʰei24	tʰɤ13	tʰuᵉi242	tʰᴇɪ422	tsʰoŋ55{训读}	tʰuɛi42	tʰuɘi24
雷		蟹合一平灰来	lʊ21	nɤᵊ33	nuɯ33	ȵʏ22	lei22	lɤ533	luᵉi33	lᴇɪ33	nuᴇi33	luɛi33	luɘi21
催		蟹合一平灰清	tsʰʊ44	tsʰɤᵊ232	tʃʰy13	tsʰei132	tsʰuei24	tsʰɤ13	tsʰuᵉi242	tsʰᴇɪ33{借桂}	tsʰuᴇi43	tsʰuɛi42	tsʰuɘi24
灰		蟹合一平灰晓	fʊ44	hɤᵊ232	huɯ13/fuɯ13	huei132	fei24	fɤ13	huᵉi242	fʊᴇɪ33{借桂}	huᴇi43	huɛi42	fɘi24
回		蟹合一平灰匣	u21	ɤᵊ33	uəi33	uei22	uei22	fɤ533	huᵉi33	fʊᴇɪ33	uᴇi33	uɛi33	uɘi21
倍		蟹合一上贿並	pʊ53	pɤᵊ53	puɯ53	pei21	pei31	pɤ21	puᵉi44	pᴇɪ21	pᴇi21	pɛi21	pɘi33
每		蟹合一上贿明		mɤᵊ21	mei21	mei44	mei13	mɤ33	muᵉi21	mᴇɪ13	mᴇi52	mɛi53	mɘi55
腿		蟹合一上贿透	ki4{训读}	tʰɤᵊ21	tʰuɯ44	kiɑu5	tʰei13	tʰɤ33	tʰei35	tʰᴇɪ55	tʰuᴇi55	tʰuɛi55	tʰuɘi55
罪		蟹合一上贿从	tsʊ33	tsɤᵊ53	tsuɯ53	tʃʏ21	tsei31	tsɤ21	tsuᵉi44	tsʰᴇɪ21	tsʰuᴇi21	tsuɛi21	tsuɘi33
悔		蟹合一上贿晓		huᴇi53{借桂}	fei44	huei44	fei33	fᴇi33	huᵉi35	fʊᴇɪ55	huᴇi55	huɛi55	fɘi55
汇		蟹合一上贿匣		hɤᵊ53	huɯ53	huei21	fei31	fɤ21	huᵉi44	fʊᴇɪ21	huᴇi24	huɛi21	fɘi33
辈		蟹合一去队帮	pʊ35	pɤᵊ35	puɯ35	pei21	pei55	pɤ21	puᵉi55	ɓᴇɪ35	pᴇi24	pɛi35	pɘi33
配		蟹合一去队滂	pʰʊ35	pʰɤᵊ53	pʰuɯ53	pʰei35	pʰei55	pʰɤ35	pʰuᵉi55	pʰᴇɪ35	pʰᴇi24	pʰɛi35	pʰɘi53
背	~诵	蟹合一去队並	pʊ53	pɤᵊ53	puɯ35	pei35	pei31	pɤ21	puᵉi44	pᴇɪ21	pᴇi24	pɛi35	pɘi53
妹		蟹合一去队明	mʊ53	məi35	mei35	mei35	mei31	mɤ21	mei44	mᴇɪ35	mᴇi21	mɛi21	mɘi24
对		蟹合一去队端	tʊ35	tiau53	tiɑu53/tuɯ35	tʏ35	tei55	tɤ35	luᵉi55	ɗᴇɪ35	tuᴇi24	tuɛi35	tuɘi53
退		蟹合一去队透	tʰʊ35	tʰɤᵊ53	tʰuɯ53	tʰʏ35	tʰei55	tʰɤ35	tʰuᵉi55	tʰᴇɪ35	tʰuᴇi24	tʰuɛi35	tʰuɘi53
队		蟹合一去队定	tʊ35	tɤᵊ35	tuɯ53	tʏ35	tei55	tɤ35	tuᵉi44	tᴇɪ35	tuᴇi24	tuɛi35	tɘi33/tuɘi53
内		蟹合一去队泥	nʊ53	nɤᵊ53	nuɯ53	nei21	lei31	lɤ21	nuᵉi44	li21	nuᴇi21	nuɛi35	nɘi33
累	困乏	蟹合一去队来	lʊ21/la35	nɯ53	ny53	ȵʏ21	lei31	ly21	luᵉi44	lᴇɪ21	ȵiɑ33	nuɛi21	luɘi33
碎		蟹合一去队心	sʊ35	sɤᵊ35	sᵘɔ35/suɯ35	ʃʏ35	sei55	sɤ35	suᵉi55	sᴇɪ35	suᴇi24	suɛi35	suɘi53
块		蟹合一去队溪	fa35	hua53	kʰua53	kʰua35	kʰua55	kʰua35	kʰuᴇ55	kʰʊæ̃e35	kʰuæ24	kʰuæ35	kʰuæ53
最		蟹合一去泰精	tsᴇɪ35{借桂}	tsu35{借桂}	tsuei35	tsuei35	tsei55	tsuᴇi35	tsuᵉi55	tsᴇɪ35{借桂}	tʃy24	tsuɛi21	tsuɘi53
外		蟹合一去泰疑	ʊᴇ53	mɤᵊ53	muɯ53	uəi21	mei31	uɤ21{内外}/mɤ21{外婆}	mei44	mᴇɪ21	uæ21	mɛi21	uæ33/mɘi33
会	开~	蟹合一去泰匣	fʊ53	hɤᵊ53	huɯ53	huei21	fei31	fɤ21	huᵉi44	fʊᴇɪ21	huᴇi21	huɛi21	fɘi33
怀		蟹合二平皆匣		hua33	huəi21{借桂}	huəi22	həi22	fa533	huᴇ33	fʊæ̃e33	huæ33	huæ33	fæ21
怪		蟹合二去怪见	kʊᴇ35	kua35	kua35	kua35	kua55	kua35	kuᴇ55	kʊæ̃e35	kuæ24	kuæ35	kuæ53
坏		蟹合二去怪匣	fᴇ53	hua53	hua53	hua21	hua31	fa21	huᴇ44	fʊæ̃e21	huæ21	huæ21	fæ33
歪		蟹合二平佳晓	ʊᴇ44	ua232	ua13	ua132	ua24	ua35	uᴇ242	ʊæ̃e422	uæ43	uæ42	uæ24
拐		蟹合二上蟹见	kʊᴇ55	kua422	kua44	kua44	kua33	kua33	kuᴇ35	kʊæ̃e55	kuæ43	kuæ55	kuæ55
挂		蟹合二去卦见	kʊa35	kua35	kua35	kᵘɔ35	kua55	kuɔ35	kua55	kʊɔ55	kuɑ24	kua35	kua53
画		蟹合二去卦匣	fɒ53	hua53	huɯ53	hᵘɔ132	hua31	huɔ21	hua44	hʊɔ21	huɑ21	hua21	hua33
快		蟹合二去夬溪	fa35	hua35	kʰua53	kʰua35	kʰua55	kʰua35	kʰuᴇ55	kʰʊæ̃e35	kʰuæ24	kʰuæ35	kʰuæ53
话		蟹合二去夬匣	fɒ53	hua53	huɯ53	hᵘɔ21	hua31	huɔ21	hua44	hʊɔ21	huɑ21	hua21	hua33
岁		蟹合三去祭心	sᴇɪ35	sɛ35	ʃy35	ʃʏ35	sei55	ʃy35	suᵉi55	ʃy35	suᴇi24	suɛi35	suɘi53
税		蟹合三去祭书	ʃʊᴇɪ35	sɤᵊ35	ʃy35	ʃʏ35	suei55	ʃy35	suᵉi55	ʃʊᴇɪ35	suᴇi24	suɛi35	suɘi53
卫		蟹合三去祭云		uᴇi35	uei21	uei21	uei31	uᴇi21	uᵉi44	ʊᴇɪ35	uᴇi24	uɛi35	uɘi33
肺		蟹合三去废敷	fᴇɪ35{借桂}	fᴇi35	fei35	fei35	fei55	fᴇi35	fi55	fʊᴇɪ35	fᴇi24	fɛi35	fɘi53
桂		蟹合四去齐见	kʊæ35	kuᴇi35	kuei35	kuei35	kuei55	kuᴇi35	kuᵉi55	kʊᴇɪ35	kuᴇi24	kuɛi35	kuɘi53
惠		蟹合四去霁匣		huᴇi35	huei35	huei21	fei24{借桂}	fᴇi35	huᵉi44	fʊᴇɪ21	huᴇi24	huɛi35	fɘi33
碑		止开三平支帮	pæ44	pᴇi232	pei13	pei132	pei24	pɤ13{老派}/pᴇi13{新派}	puᵉi242	ɓᴇɪ422	pᴇi43	pɛi42	pɘi24
披		止开三平支滂	pʰæ44	pʰi232	pʰi13	pʰi132	pʰi24	pʰi13	pʰi242	pʰi422	pʰi43	pʰi42	pʰi24
皮		止开三平支並	pæ21	pi33	pi33	pi22	pi22	pi533	pi33	pi33	pi33	pi33	pi21
脾		止开三平支並	pʰi21{借桂}	pʰi21{借桂}	pi33	pʰi44{变调}	pi22	pi533	pei33	pi33	pi33	pi33	pi21
篱		止开三平支来	læ21	ni33	ni33	ȵi22	li22	li533	li33	li33	ȵi33	li33	li21
撕		止开三平支心	tʃʰiᴇ55{训读}	sa53	ʃi53	sɿ132	sɿ31	sa21{多说}/sɿ21	sɿ242		sɿ43	sɿ42	sɿ24
池		止开三平支澄		tsɿ33	tsʰɿ21{借桂}	tsʰɿ22	tsɿ22	tsɿ533	tsɿ33{池塘}/tsʰɿ33{水池}	tsʰɿ21{借桂}		tʃʰi33	tʃi21
支		止开三平支章	tʃi44	tʃi232	tʃi13	tʃi132	tsɿ24	tʃi13	tsɿ242	tʃi422	tsɿ33{借桂}	tʃi42	tʃi24
奇		止开三平支群	ki21	ki33	tʃi33	ki22	tʃʰi22	tʃi533	ki33		tʃʰi33	tʃʰi21{借桂}	tʃi21
移		止开三平支以	i21	i33	i33	i22	i22	i533	i33	i33	i21{借桂}	i33	i21
被	~子	止开三上纸並	pæ33	pi21	pi21	pi21	pi13	pi33	pi21	pᴇɪ35	pᴇi24	pɛi35	pi53
紫		止开三上纸精	tsɿ53{借桂}	tsɿ422	tsɿ53{借桂}	tsɿ44	tsɿ33	tsɿ33	tsɿ35	tsɿ55	tsɿ55	tsɿ55	tsɿ55
纸		止开三上纸章	tʃi55	tʃi422	tʃi44	tʃi44	tʃi33	tʃi33	tɕi35	tʃi55	tʃi55	tʃi55	tʃi55
是		止开三上纸禅	tʃi33	tʃi21	tʃi21	ʃi44	ʃi31	ʃi33	tɕʰi21	ʃi21	tʃʰi52	ʃi53	tʃʰi21
技		止开三上纸群	tʃi35{借桂}	tʃi35{借桂}	tʃi35	tʃi35	tʃi55	tʃi35	tɕi44	tʃi35	tʃi24	tʃi35	
椅		止开三上纸影	taŋ35{训读}		i44	i44	i33	i33	i35	i55	i55	i55	i55
避		止开三去寘並	pæ53	pi53	pi53	pi21	pi31	pi21	pi44	pi35	pi24	pi21	pi53
荔		止开三去寘来	li35/læ21{荔浦}	ni53	ni53	ȵi21	li31	li21	li44	li21	ȵi24	li21	li33
刺		止开三去寘清	tsʰæ35	tsʰɿ53	tsʰɿ53	tsʰɿ35	tsʰɿ55	tsʰɿ35	tsʰɿ55	tsʰɿ35	tsʰɿ24	tsʰɿ35	tsʰɿ53
智		止开三去寘知	tʃi35{借桂}	tsɿ53	tsɿ35	tsɿ35	tsɿ31	tsɿ35	tsɿ35	tʃi35	tsɿ24	tʃi35	tʃi53
翅		止开三去寘书	tʃi35	tʃi35	tʃi35	tʃi35	tʃi55	tʃi35	tɕi55	tʃʰi35	tʃʰi24	tʃi35	tʃi53
寄		止开三去寘见	ki35	ki35	tʃi35	ki35	tʃi55	tʃi35	ki55	tʃi35	tʃi24	tʃi35	tʃi53
义		止开三去寘疑	i35	i21{借桂}	i53	i21	i55	i35	ȵi33	i35	i21	i35	i33
戏		止开三去寘晓	hi35	ʃi35	ʃi35	hi35	ʃi55	ʃi35	ɕi55	ʃi35	ʃi24	ʃi35	ʃi53
易	难~	止开三去寘以	i53	i21	i21	i35	i55	i35	i44	i21	i21	i21	i33
悲		止开三平脂帮			pei131	pei132	pei24	pɤ13	puᵉi242		pᴇi43	pɛi42	pɘi24
枇	~杷	止开三平脂並	pæ21	pi33	pi33	pi22	pi22	pi21	pi33	pi33	pi33	pi22	pi21
眉		止开三平脂明	mæ21		mi33	mi22	mi22	mi533	mi33		mi33	mɛi33	mi21/mɘi21
尼		止开三平脂泥	nᴇɪ21	ni21{借桂}	ni33	ȵi22	li22	ni533	ȵi33	ȵi33	ȵi33	nɛi33	ȵi21
梨		止开三平脂来	læ21	ni33	ni33	ȵi22	li22	li533	li33	li33	ȵi33	li33	li21
资		止开三平脂精	tsɿ33{借桂}	tsɿ232	tsɿ13	tsɿ132	tsɿ24	tʃi13	tsɿ242	tsɿ33{借桂}	tsɿ43	tsɿ42	tsɿ24
瓷		止开三平脂从	tsæ21	tsɿ33	tsɿ33	tsɿ22	tsɿ22	tsɿ533	tsɿ33	tsʰɿ33{借桂}	tsʰɿ21{借桂}	tsɿ33	tsɿ21
私		止开三平脂心	sæ44	sɿ232	sɿ13/ʃi13	sɿ132	sɿ24	sɿ13	sɿ242	sɿ33{借桂}	sɿ43	sɿ42	
迟		止开三平脂澄	tæ21	ti33	ti33	tsʰɿ21{借桂}	ti22	ti533	tɕʰiᴇ21/ti33	ti33	ti33	tʃi33/ti33	ti21/tʃʰi21
师		止开三平脂生	sɿ44	sɿ232	sɿ13	sɿ132	sɿ24	sɿ13	sɿ242	sɿ33{借桂}	sɿ43	sɿ42	sɿ24
尸	~体	止开三平脂书	ʃi44	ʃi232	ʃi13	sɿ132	sɿ24	ʃi13	sɿ242	ʃi33{借桂}	ʃi43	ʃi42	ʃi24
饥	~饿	止开三平脂见	ki44	ki232	tʃi13	ki132	tʃi24	tʃi13	ki242	tʃi33{借桂}	tʃi43	tʃi42	tʃi24
姨		止开三平脂以	i21{借桂}	i33	i33	i22	i22	i533	i33	i33		i33	i21
比	~较	止开三上旨帮	pæ55	pi422	pi44	pi44	pi33	pi33	pi35	ɓi55	pi55	pi55	pi55
美		止开三上旨明	ʊæ33		mei53	mei44	mei13	mᴇi33	mei21	hɑʊ21{训读}	mᴇi52	mɛi53	mɘi55
死		止开三上旨心	sæ55	sɿ422	sɿ44	sɿ44	sɿ33	sɿ33	sɿ35	sɿ55	sɿ55	sɿ55	sɿ55
指		止开三上旨章	tʃi55	tʃi422	tʃi44	tʃi44	tsɿ33	tʃi33	tsɿ35	tʃi55		tʃi55	tʃi55
屎		止开三上旨书	ʃi55	ʃi422	ʃi44	ʃi44	ʃi33	ʃi33	ɕi35	ʃi55	ʃi55	ʃi55	ʃi55
秘		止开三去至帮		mi35{借桂}	mi35	mi35	mi31	mi35	mi55	mi35	mi24	mi35	mi33
屁		止开三去至滂	pʰæ35	pʰi53	pʰi53	pʰi35	pʰi55	pʰi35	pʰi55	pʰi35	pʰi24	pʰi35	pʰi53
备		止开三去至並	pæ53	pi21	piɛ21	pi21	pi31	pi21	pei44	pi35	pi21	pi21	pi33
鼻		止开三去至並	pia21	pɛ53	pʰi53	pi21	pi31	pi21	pi44	pi21	pi21	pi33{变调}	pi21/piɛ55
地		止开三去至定	tæ53	ti53	ti53	ti21	ti31	ti21	ti44	ti21	ti21	ti21	ti33
利		止开三去至来	læ53	ni53	ni53	ȵi21	li31	li21	li44	li21	ȵi21	li21	li33
次		止开三去至清	tsʰæ35	tsʰɿ53	tsʰɿ53	tsʰɿ35	tsʰɿ55	tsʰɿ35	tsʰɿ55	tsʰɿ35	tsʰɿ24	tsʰɿ35	tsʰɿ53
自		止开三去至从	tsæ53	tsɿ53	tsɿ53	tsɿ21	tsɿ31	tsɿ21	tsɿ44	sɿ21	tsʰɿ21	tsɿ21	tsɿ33
四		止开三去至心	sæ35	sɿ35	sɿ35	sɿ35	sɿ55	sɿ35	sɿ55	sɿ35	sɿ24	sɿ35	sɿ53
致		止开三去至知	tʃi35{借桂}	tsɿ35{借桂}	tsɿ35{借桂}	tʃi35		tʃi35	tsɿ55	tʃi35	tsɿ24	tʃi35	tʃi53
示		止开三去至船	ʃi35	sɿ35	sɿ21	sɿ21	sɿ31{示范}/sɿ55{指示}	sɿ21	sɿ44	sɿ35	sɿ24	sɿ21	sɿ33
视		止开三去至禅	ʃi35	sɿ35{借桂}	ʃi35	15	sɿ24	sɿ21	sɿ44	sɿ35	sɿ24	sɿ21	sɿ33
二		止开三去至日	ȵi53	i53	i53	i21	i31	i21	i44	i21	i21	i21	i33
器		止开三去至溪		kʰi21	tʃʰi35	kʰi35	tʃʰi55	tʃʰi35	tɕʰi55	tʃʰi35	tʃʰi24	tʃʰi35	tʃʰi33
弃		止开三去至溪		hi35	tʃʰi35	kʰi35	ʃi55	ʃi35	hi55	ʃi35	ʃi24	tʃʰi35	ʃi53
厘		止开三平之来	læ21	ni33	ni33	ȵi22	li22	li533	li33	li33	ȵi33	li33	li21
磁		止开三平之从	tsʰɿ21{借桂}	tsʰɿ21{借桂}	tsʰɿ21{借桂}	tsʰɿ21{借桂}	tsɿ22	tsɿ533	tsɿ33	tsʰɿ21{借桂}	tsʰɿ21{借桂}	tsɿ33	tsɿ21
丝		止开三平之心	sæ44	sɿ232	sɿ13	sɿ132	sɿ24	sɿ13	sɿ242	sɿ33{借桂}	sɿ43	sɿ42	sɿ24
祠		止开三平之邪	tsæ53	tsɿ33	tsɿ33	tsɿ22	tsɿ22	tsɿ533	tsɿ33	tsʰɿ33	tsɿ33	tsɿ33	tsɿ21
诗		止开三平之书		sɿ232	sɿ13	sɿ132	sɿ24	sɿ13	sɿ242	sɿ33	sɿ43	sɿ42	sɿ24
时		止开三平之禅	ʃi21	ʃi33	ʃi33	ʃi22	ʃi22	ʃi533	ɕi33	ʃi33	ʃi33	ʃi33	ʃiɛ21
基		止开三平之见		ki232	tʃi13	ki132	tʃi24	tʃi13	tɕi242	tʃi33{借桂}	tʃi43	tʃi42	tʃi24
欺		止开三平之溪	kʰi44	kʰi232	tʃʰi13	kʰi132	tʃʰi24	tʃʰi13	tɕʰi242	tʃʰi33{借桂}	tʃʰi43	tʃʰi42	tʃʰi24
棋		止开三平之群	ki21	ki33	tʃi33	kʰi22	tʃi22	tʃi533	tɕi33	tʃʰi33	tʃʰi33	tʃi33	tʃi21
疑		止开三平之疑	ȵi21	ni33	ni33	ȵi22	li22	i533	ȵi33	ȵi33	ȵi33	ȵi33	ȵi21
医		止开三平之影	i44	i232	i13	i132	i24	i13	i242	i33{借桂}	i43	i42	i24
你		止开三上止泥	næ33	ni21	ni21	ȵi44	li13	ni33	ȵi21	ȵi13	n52	ni53	ȵi55
里	~面	止开三上止来	læ33	ni21	ni21	ni44	li13	ni33	li21	li13	ȵi52	li53	li55
痔		止开三上止澄	tʃi35	tʃi35	tʃi53	tʃi21	tsɿ31	tʃi21	tɕi44	tʃi35	tʃʰi21	tʃi35	
使		止开三上止生	ʃi53	sɿ53	sɿ44	ʃi44	sɿ33	ʃi33	sɛ35	ʃi55	ʃi55	ʃi55	ʃi55
止		止开三上止章	tʃi55	tʃi422	tʃi44	tʃi44	tʃi33	tʃi33	tsɿ35		tʃi55	tʃi55	tʃi55
齿		止开三上止昌	tʃʰi55	tʃʰi21	tʃʰi44	tʃʰi44	tʃʰi13	tʃʰi33	tɕʰi35	tʃʰi55	tʃʰi55	tʃʰi55	tʃʰi55
始		止开三上止书	ʃi53{借桂}	ʃi422	ʃi44	ʃi44	sɿ33	ʃi33	ɕi35	ʃi55	ʃi55	ʃi55	ʃi55
市		止开三上止禅		sɿ53	sɿ53	sɿ21	sɿ31	sɿ21	sɿ44	sɿ35{借桂}	sɿ24	sɿ35	sɿ53
耳		止开三上止日	ȵiᴇ33	i422	i44	i44	i33	i33	i35	i13	i55	i53	i55/y55
纪		止开三上止见	ki55	tʃi33{变调}	tʃi44	ki44	tʃi33	tʃi33	tɕi35	tʃi55		tʃi55	tʃi55
起		止开三上止溪	hi55	hi422	tʃʰi21	kʰi44	tʃʰi13	tʃʰi33	kʰi35	tʃʰi55	tʃʰi55	tʃʰi55	tʃʰi55
喜		止开三上止晓	hi55	hi422	ʃi44	hi44	ʃi33	ʃi33	ɕi35	ʃi53{借桂}	ʃi55	ʃi55	ʃi55
己		止开三上止以	i55	i422	i21	i44		i33	i21		i52	i53	i55
以		止开三上止以	i55	i422	i21	i44	i33	i33	i21	i53{借桂}	i52	i53	i55
吏		止开三去志来	li35	ni53	ni35	ȵi21	li31	li21			ȵi21		li33
字		止开三去志从	tsæ53	tsɿ53	tsɿ53	tsɿ21	tsɿ31	tsɿ21	tsɿ44	sɿ21	tsʰɿ21	tsɿ21	tsɿ33
寺		止开三去志邪	tsæ53	tsɿ53	tsɿ53	sɿ21	tsɿ31	tsɿ21	tsɿ44	sɿ21	tsʰɿ21	tsɿ21	tsɿ33
饲		止开三去志邪		sɿ35{借桂}	sɿ35	sɿ35	sɿ24	sɿ35	sɿ44	sɿ21		sɿ21	sɿ53
治		止开三去志澄	tʃi35	tsɿ35{借桂}	tsɿ35{借桂}/tʃi53	tʃi35	tsɿ31	tʃi35	tsɿ44	tʃi35		tʃi35	tʃi53
事		止开三去志崇	si53	sɿ53	sɿ53	ʃi44{变调}	sɿ31	sɿ21	sɿ44	sɿ21	sɿ21	sɿ21	sɿ33
痣		止开三去志章	tʃi35	tʃi35	tsɿ53/tʃi35	tsɿ21	tʃi55	tʃi35	tsɿ55	tʃi35	tsɿ24	tʃi35	tʃi53
试		止开三去至书	ʃi35	ʃi35	sɿ35	ʃi35	ʃi55	ʃi35	sɿ55	ʃi35	ʃi24	ʃi35	ʃi33
记		止开三去至见	ki35	ki35	tʃi35	ki35	tʃi55	tʃi35	ki55	tʃi35	tʃi24	tʃi35	tʃi55
忌		止开三去至群	ki35	ki53	tʃi35	ki21	tʃi31	tʃi35	tɕi44	tʃi35	tʃʰi21	tʃi35	tʃi55
意		止开三去至影	i35	i35	i35	i35	i55	i35	i55	i35{借桂}	i24	i35	i53
机		止开三平微见	ki44	ki232	tʃi13	ki132	tʃi24	tʃi13	tɕi242	tʃi422	tʃi43	tʃi42	tʃi24
希		止开三平微晓	hi44	hi232	ʃi13	hi132	ʃi24	ʃi13	ɕi242	ʃi422	ʃi43	ʃi42	ʃi24
衣		止开三平微影	i44	i232	i13	i132	i24	i13	i242	i422	i43	i42	i24
几		止开三上尾见	ki55	ki422	tʃi44	ki44		tʃi33	ki35	tʃi55	tʃi55	tʃi55	tʃi55
气		止开三去未溪	hi35	hi35	tʃʰi53	kʰi35	tʃʰi55	tʃʰi35	tɕʰi55	tʃʰi35	tʃʰi24	tʃʰi35	tʃʰi53
毅		止开三去未疑		i35{借桂}	i35	i35		i35	i44	i35{借桂}	i24{借桂}	i35	i33
吹		止合三平支昌	tʃʰʊ44	tsʰu232	tʃʰy13	tʃʰʏ132	tsʰuei24	tʃʰy13	tsʰuᵉi242	tʃʰy422	tʃʰy43	tʃʰy42	tʃʰy24
规		止合三平支见	kʊæ55	kuᴇi232	kuei13	kuei132	kuei24	kuᴇi13	kuᵉi242	kʊᴇɪ33{变调}	kuᴇi43	kuɛi42	kuɘi24
亏		止合三平支溪	kʰʊæ44	kʰuᴇi232	kʰuei13	kʰuei132	kʰuei24	kʰuᴇi13	kʰuᵉi242	kʰy422	kʰuᴇi43	kʰuɛi42	kʰuɘi24
危		止合三平支疑		uᴇi33	uei33{借桂}	uei22	uei22	uᴇi533	uᵉi33	ʊᴇɪ33	uᴇi33	uɛi33	uɘi21
嘴		止合三上纸精	tsᴇɪ55	tsɿ422	tʃy44	tʃʏ44	tsei33	tʃy33	tsuᵉi35	tʃy55	tʃy55	tʃy55	tʃy55
跪		止合三上纸群	kʊæ53	kuᴇi53	kɯ53	kuei21	kuei31	ku21	kuᵉi44	kʰy21	tʃʰy21	ty21	tʃy33
喂	~饭	止合三去寘影	ʊæ35	uei35	uei35	uei35	uei55	y35	uᵉi55		y24	y35	y53
为	~什么	止合三去寘云	ʊæ53	uei53	uei53	uei21	uei31	uᴇi21	uᵉi44	ʊᴇɪ21	uᴇi21	uɛi21	uɘi33
追		止合三平脂知	tʃʊ44	tsuᴇi232	tsuei13	tʃʏ132	tsuei24	tsuᴇi13	tsuᵉi242	tʃy422	tʃy43	tʃy42	tʃy24
锤		止合三平脂澄	tʊ21	tɯ33	ty33	tʏ22	tei22	ty533	ty33	ty33	ty33	ty33	ty21
龟		止合三平脂见	kʊæ44	kuᴇi232	kuei13	kuei132	kuei24	kuᴇi13	kuᵉi242	kʊᴇɪ422	kuᴇi43	kuɛi42	tʃy24
遗		止合三平脂以	i21{借桂}	i33	i21{借桂}	15		i533	i33	i21{借桂}	i21{借桂}	i21{借桂}	
水		止合三上旨书	ʃʊ55	su422	ʃy44	ʃʏ44	suei33	ʃy33	suᵉi35	ʃy55	ʃy55	ʃy55	ʃy55
类		止合三去至来		nɯ422	nuɯ53	nei21	lei31	lɤ21	luᵉi44	lᴇɪ35	nuᴇi21	luɛi21	luɘi33
泪		止合三去至来	liau53	nɯ21	ny21	ȵʏ21	lei31	ly21	liɑu44	ly21	ȵy21	ly21	
醉		止合三去至精	tsᴇɪ35	tsuᴇi35	tʃy35	tʃʏ35	tsei55	tʃy35	tɕy55/tsuᵉi55{多说}	tʃy35	tʃy24	tʃy35	tʃy53
翠		止合三去至清		tsʰuᴇi35	tʃʰy53	tsʰei35	tsʰei55	tʃʰy35	tsʰuᵉi55	tsʰʊᴇɪ35	tsʰuᴇi24	tsʰuɛi35	tsʰuɘi53
帅		止合三去至生		suəi35{借桂}	suəi35	sua35	sua55	ʃya35	suᴇ55	ʃʊæ̃e35{借桂}	ʃuæ24	ʃuæ35	ʃuæ53
季		止合三去至见		ki35	tʃi35	ki35	tʃi55	tʃi35	tɕi55	tʃi35{借桂}	tʃi24	tʃi35	tʃi33
柜		止合三去至群	kʊæ53	kuᴇi53	kɯ53	kuei21	kuei31	ku21	kuᵉi44	kʰy21	tʃʰy21	tʃy21	
位		止合三去至云	ʊæ53	uᴇi53	uei53	uei21	uei31	uᴇi21	uᵉi44	ʊᴇɪ35	uᴇi21	uɛi21	uɘi33
飞		止合三平微非	fæ44	fᴇi232	fei13	fei132	fei24	fᴇi13	fi242	fʊᴇɪ422	fi43	fi42	fi24
肥		止合三平微奉	fæ21	fᴇi33	fei33	fei22	fei22	fᴇi533	fei33	fʊᴇɪ33	fi33	fi33	fi21
归		止合三平微见	kʊæ44	kuᴇi232	15	kuei132	kuei24	kuᴇi13	kuᵉi242	kʊᴇɪ422	kuᴇi43	kuɛi42	kuɘi24
威		止合三平微影	ʊæ44	uᴇi232	uei13	uei132	uei24	uᴇi13	uᵉi242	ʊᴇɪ33{变调}	uᴇi43	uɛi42	uɘi24
围		止合三平微云	ʊæ21	uᴇi33	uei33	uei22	uei22	uᴇi533	uᵉi33	ʊᴇɪ33	y33	y33	y21
匪		止合三上尾非	fᴇɪ55	fᴇi422	fei44	fei44	fei33	fei33	fei35	fʊᴇɪ55	fᴇi55	fi55	fɘi55
尾		止合三上尾微	mæ33	mi21	mi21	mi44	uei33	uᴇi33	mi21	mᴇɪ13	mi52	mi53	mi55
鬼		止合三上尾见	kʊæ55	kuᴇi422	kuei44	kuei44	kuei33	kuᴇi33	kuᵉi35	ky55	tʃy55	tʃy55	tʃy55
伟		止合三上尾云		uᴇi422	uei53{借桂}	uei44	uei33	uᴇi33	uᵉi21		uᴇi52	uei53	uɘi55
费		止合三去未帮		fᴇi35	fei35	fei35	fei55	fei35	fi55	fʊᴇɪ35	fᴇi24	fɛi35	fɘi53
味		止合三去未微	ʊæ53	uᴇi53	uei53	uei21	uei31	uᴇi21	uᵉi44	ʊᴇɪ33{变调}	uᴇi21	uɛi21	uɘi33
贵		止合三去未见	kʊæ35	kuᴇi35	kuei35	kuei35	kuei55	kuᴇi35	kuᵉi55	kʊᴇɪ35{借桂}	tʃy24	kuɛi35	tʃy53
胃		止合三去未云	ʊæ53	uᴇi53	uei53	uei21	uei31	uᴇi21	uᵉi44	ʊᴇɪ35{借桂}	uᴇi24{借桂}	uɛi35	uɘi33
毛		效开一平豪明	mau21	mɑu33	mɑu33	mou22	mau22	mau533	mɑu33	mɑʊ33	mɑu33	mau33	mɑu21
刀		效开一平豪端	tau44	tɑu232	tɑu13	tou132	tau24	tau13	lɑu242	ɗɑʊ422	tɑu43	tau42	tɑu24
桃		效开一平豪定	tau21	tɑu33	tɑu33	tou22	tau22	tau533	tɑu33	tɑʊ33	tɑu33	tau33	tɑu21
淘	~米	效开一平豪定	tau21	hɑu33	tɑu33	tou22	tau22	hau533	tɑu33	tɑʊ33	tɑu33	tau33	tɑu21
劳		效开一平豪来	lau21	nɑu33	nɑu33	nou22	lau22	lau533	lɜ33	lɑʊ33	nɑu33	lau33	lɑu21
牢		效开一平豪来	lau21	nɑu33	nɑu22	nou22	lau22	lau533	lɑu33	lɑʊ33	nɑu33	lau33	lɑu21
糟		效开一平豪精	tsau44	tsɑu232	tsɑu13	tsou132	tsau24	tsau13	tsɑu242	tsɑʊ422	tsɑu43	tsau42	tsɑu24
操		效开一平豪清		tsʰɑu232	tsʰɑu13	tsʰou132	tsʰau24	tsʰau13	tsʰɑu242	tsʰɑʊ422	tsʰɑu43	tsʰau42	tsʰɑu24
曹		效开一平豪从	tsau21	tsʰɑu21{借桂}	tsɑu33	tsʰou22	tsau22	tsau533	tsɑu33	tsʰɑʊ33	tsʰɑu21{借桂}	tsau33	tsɑu21
臊		效开一平豪心	sau44	sɑu232	sɑu13	sou132	sau24	sau13	sɑu242	sɑʊ33	sɑu43	sau42	sɑu24
高		效开一平豪见	kau44	kɑu232	kɑu13	kou132	kau24	kau13	kɑu242	kɑʊ422	kɑu43	kau42	kɑu24
熬		效开一平豪疑	ŋau21	ɑu33	ɑu33	ŋou22	ŋau22	ŋau533	ŋɑu33	ŋɑʊ33	ŋɑu33	ŋau33	ŋɑu24/ŋɑu21
豪		效开一平豪匣		hɑu33	hɑu33	hou22	hau22	hau533	hɜ33	hɑʊ21{借桂}	hɑu33	hau21{借桂}	hɑu21
保		效开一上皓帮	pau55	pɑu422	pɑu44	pou44	pau33	pau33	pɑu35	ɓɑʊ55	pɑu55	pau55	pɑu55
宝		效开一上皓帮	pau55	pɑu422	pɑu44	pou44	pau33	pau33	pɑu35	ɓɑʊ55	pɑu55	pau55	pɑu55
抱		效开一上皓並	pau33	pɑu21	pɑu21	pou44	pau13	pau33	mɑu21	pɑʊ13	pɑu52	pau53	pɑu53
倒		效开一上皓端		tɑu422	tɑu44	tou44	tau33	tau33	lɑu35	ɗɑʊ55	lu55	lau55	lɑu33
讨		效开一上皓透	tʰau55	tʰɑu21	tʰɑu21	tʰou44	tʰau13	tʰau33	tʰɑu35	tʰɑʊ55	tʰɑu55	tʰau55	tʰɑu55
道		效开一上皓定	tau53	tɑu53	tɑu53	tou21	tau31	tau21	tɑu44	toʊ21	tɑu21	tau21	tɑu33
脑		效开一上皓泥	nau33	nɑu21	nɑu21	nou44	lau13	nau33	nɑu21	nɑʊ13	nɑu52	nau53	nɑu55
老		效开一上皓来	lau33	nɑu21	nɑu21	nou44	lau13	lau33	lɑu21	lɑʊ13	nɑu52	lau53	lɑu55
早		效开一上皓精	tsau55	tsɑu422	tsɑu44	tsou44	tsau33	tsau33	tsɑu35	tsɑʊ55	tsɑu55	tsau55	tsɑu55
草		效开一上皓清	tsʰau55	tsʰɑu21	tsʰɑu21	tsʰou44	tsʰau13	tsʰau33	tsʰɑu242	tsʰɑʊ55	tsʰɑu55	tsʰau55	tsʰɑu55
造		效开一上皓从		tsɑu35{借桂}	tsɑu53	tsou21	tsau31	tsau21	tsɑu44		tsʰɑu21	tsau35	tsɑu33
扫	~地	效开一上皓心	sau55	sɑu35	sɑu35	sou44	sau55	sau35	sɑu55	sɑʊ35	sɑu24	sau55	sɑu55
稿		效开一上皓见		kɑu422	kɑu44	kou44	kau33	kau33	kɑu35	kɑʊ55	kɑu55	kau55	kɑu55
烤		效开一上皓溪	tʃi4{训读}	kʰɑu21	kʰɑu21	kʰou44	kʰau13	kʰau33	kʰɑu35	tʃᴇɪ53{训读}	kʰɑu55	kʰau55	kʰɑu55
好		效开一上皓晓	ʊæ33	hɑu21	hei33{训读}	hou44	hau13	hɤ33	hɑu35	hoʊ21	hɑu55	hau55	hɑu55
袄		效开一上皓影		ɑu53{借桂}	ɑu21	ŋou44		ŋau33	ŋɑu21			ŋau55	ŋɑu55
报		效开一去号帮	pau35	pɑu35	pɑu35	pou35	pau55	pau35	pɑu55	ɓɑʊ35	pɑu24	pau35	pɑu53
暴		效开一去号並		pɑu35	pɑu35	pou35	pau55	pau35	pɑu44	pɑʊ35	pɑu24	pau35	pɑu53
帽		效开一去号明	mau53	mɑu53	mɑu53	mou21	mau31	mau21	mɑu44	mɑʊ21	mɑu21	mau21	mɑu33
到		效开一去号端	tau35	tɑu35	tɑu35	tou35	tau55	tau35	lɑu55	ɗɑʊ35	tɑu24	tau35	tɑu53
套		效开一去号透	tʰau35	tʰɑu53	tʰɑu53	tʰou35	tʰau55	tʰau35	tʰɑu55	tʰɑʊ35	tʰɑu24	tʰau35	tʰɑu53
灶		效开一去号精	tsau35	tsɑu35	tsɑu35	tsou35	tsau55	tsau35	tsɑu55	tʃɑʊ35	tsɑu24	tʃau35	tsɑu53
糙		效开一去号清	tsʰau35	tsʰau35	tsʰɑu35	tsʰou35	tsʰau55	tsʰau35	tsʰɑu55	tsʰɑʊ33	tsʰɑu24	tsʰau35	tsʰɑu53
告		效开一去号见	pau35{训读}	pɑu35{训读}	kɑu35	kou35	kau55	kau35	pɑu55{训读}	ɓɑʊ35{训读}	kɑu24	kau35	kɑu33
靠		效开一去号溪	kʰau35	kʰɑu53	kʰɑu53	kʰou35	kʰau55	kʰau35	kʰɑu55	kʰɑʊ35	kʰɑu24	kʰau35	kʰɑu53
号	~数	效开一去号匣	hau53	hɑu53	hɑu53	hou21	hau31	hau21	hɑu44	hɑʊ35	hɑu21	hau21	hɑu33
包		效开二平肴帮	pɑʊ44	pɑu232	pɑu13	pou132	pau24	pau13	pɑu242	ɓɑʊ422	pɑu43	pau42	pɑu24
茅		效开二平肴明	mau21	mɑu33	mɑu33	mou22	mau22	mau533	mɑu33	mɑʊ33	mɑu33	mau33	mɑu21
交		效开二平肴见	kɑʊ44	kiɑu232	tʃiɑu13	kiou132	tʃiau24	tʃiau13	tɕiɑu242	tʃiɑʊ33{借桂}	tʃiɑu43	tʃiau42	tʃiɑu24
教	~书	效开二平肴见	kɑʊ44	kiɑu232	tʃiɑu35	kiou35	tʃiau24	tʃiau13	tɕiɑu242	tʃiɑʊ33{借桂}		pau35{训读}	
敲		效开二平肴溪	kʰɑʊ44	kʰɑu232	kʰɑu13	kʰou132	kʰau24	kʰau13	kʰɑu242	kʰɑʊ33	kʰɑu43	kʰau42	kʰɑu24
饱		效开二上巧帮	pɑʊ55	pɑu422	pɑu44	pou44	pau33	pau33	pɑu35	ɓɑʊ55	pɑu55	pau55	pɑu55
找		效开二上巧庄	tsaŋ21{训读}	tʃiŋ33{训读}	tsɑu44	tʃiŋ22{训读}		tsau33	tɕin33{训读}	lʊɔ35{训读}	pa33	pa33	tʃɑu55
炒		效开二上巧初	tʃʰɑʊ55	tsʰɑu21	tsʰɑu21	tsʰou44	tsʰau13	tsʰau33	tsʰɑu35	tʃʰɑʊ55	tsʰɑu55	tʃʰau55	tʃʰɑu55
搞		效开二上巧见	kɑʊ55	kɑu422	kɑu44	kɑu44	kau33	kau33	kɑu35		kɑu55	kau55	kɑu55
巧		效开二上巧溪	kʰiɑʊ55	kʰiɑu21/tʃʰiɑu21	tʃʰiɑu21	kʰiou44	tʃʰiau13	tʃʰiau33	tɕʰiɑu35	tʃʰiɑʊ55	tʃʰiɑu55	tʃʰiau55	tʃʰiɑu55
咬		效开二上巧疑	ŋɑʊ33	ɑu21	ɑu21	ŋou44	iau13	ŋau33	ŋɑu21	ŋɑʊ13	ŋɑu52	ŋau53	ŋɑu53
豹		效开二去效帮		pɑu35	pɑu35	pou35	pau55	pau35	pɑu55	ɓɑʊ35	pɑu24	pau35	pɑu53
炮		效开二去效滂	pʰɑʊ35	pʰɑu53	pʰɑu53	pʰou35	pʰau55	pʰau35	pʰɑu55	pʰɑʊ35	pʰɑu24	pʰau35	pʰɑu53
貌		效开二去效明	mɑʊ35/mau53	mɑu53	mɑu21	mou21	mau31	mau21	mɑu44	mɑʊ35	mɑu21	mau21	mɑu33
闹		效开二去效泥	nɑʊ53	nɑu53	nɑu53	nou21	lau31	nau21	nɑu44	nɑʊ21	nɑu21	nau21	nɑu33
罩		效开二去效知	tsɑʊ35	tsɑu35	tsɑu53	tsou35	tsau55	tsau35	tsɑu55	tʃɑʊ35	tsɑu24	tʃau35	tsɑu53
潲	猪~	效开二去效生	ʃɑʊ35	sɑu35	sɑu35	sou35	sau55	sau35	sɑu55	ʃɑʊ35	sɑu24	ʃau35	ʃɑu53
较		效开二去效见		ʃiɑu35	ʃiɑu35	kiou35	ʃiau55	ʃiau35	tɕiɑu55	ʃiɑʊ35	tʃiɑu24	tʃiau35	ʃiɑu53
孝		效开二去效晓	hɑʊ35	hiɑu35	ʃiɑu35	hiou35	ʃiau55	ʃiau35	ɕiɑu55	ʃiɑʊ35	ʃiɑu24	ʃiau35	ʃiɑu53
效		效开二去效匣		ʃiɑu35	ʃiɑu35	hiou35	ʃiau55	ʃiau35	ɕiɑu55	ʃiɑʊ35{借桂}	ʃiɑu24	ʃiau35	ʃiɑu53
标		效开三平宵帮	pᴇɪ44	piᴇ232	piɑu13	piou44{变调}	piau24	piau13	piɑu242	ɓɑʊ422	piɑu43	piau42	piɑu24
飘		效开三平宵滂	pʰᴇɪ44	pʰiᴇ232	pʰiɑu13	pʰiou132	pʰiau24	pʰiau13	pʰiɑu242	pʰiɑʊ422	pʰiɑu43	pʰiau42	pʰiɑu24
苗		效开三平宵明	mi21	miᴇ33	miɑu33	miou22	miau22	miau533	miɑu33	miᴇ33	miɑu33	miau33	miɑu21
猫		效开三平宵明	mi35/mɑʊ53	mɑu232	mɑu35	miou22/mou22	miau55	mau35/miau35	mɜ33	miɑʊ53/mɑʊ33	miɑu33	miau55/ȵiaŋ55	miɑu21
焦		效开三平宵精	tsᴇɪ44	tʃiᴇ232	tʃiɑu13	tʃiou132	tʃiau24	tʃiau13	tɕiɑu242	tʃiᴇ422	tʃiɑu43	tʃiau42	tsiɑu24
锹		效开三平宵清	tsʰᴇɪ44	tʃʰiᴇ232	tʃʰiɑu13	tʃʰiou132	tʃʰiau24	tʃʰiau13	tɕʰiɑu242	tʃʰiᴇ422	tʃʰiɑu43	tʃʰiau42	tsʰiɑu24
消		效开三平宵心	sᴇɪ44	ʃiᴇ232	ʃiɑu13	ʃiou132	ʃiau24	ʃiau13	ɕiɑu242	ʃiᴇ422	ʃiɑu43	ʃiau42	siɑu24
超		效开三平宵彻	tʃʰɑʊ44	tsʰɑu232	tsʰɑu13	tsʰou132	tsʰau24	tsʰau13	tsʰɑu242	tʃʰɑʊ33	tsʰɑu43	tʃʰau42	tsʰɑu24
朝	今~	效开三平宵知		tsɑu232	tsɑu13	tsou132	tiau22	tsau13	tiɑu242		tiɑu43	tiau42/tʃau42	tiɑu24
朝		效开三平宵澄		tsɑu33	tsɑu33	tsou22	tsau22/tiau22	tsau533	tsɑu33	tʃɑʊ33	tsʰɑu33	tʃau22	tʃɑu21
潮	~田	效开三平宵澄		tsɑu33	tsɑu33	tsou22	tsau22	tsau533	tsɑu33	tiᴇ33	tiɑu33	tiau22	tʃɑu21
招		效开三平宵章	tʃi44	tʃiᴇ232	tsɑu13	tsou132	tsau24	tsau13	tsɑu242	tʃɑʊ33{借桂}	tsɑu43	tʃau42	tʃɑu24
烧		效开三平宵书	ʃi44	ʃiᴇ232	sɑu13	sou132	sau24	sau13	sɑu242	ʃiᴇ422	ʃɑu43	ʃau42	ʃɑu24
桥		效开三平宵群	ki21	kiᴇ33	tʃiɑu33	kiou22	tʃiau22	tʃiau533	tɕiɑu33	tʃʰiᴇ33	tʃʰiɑu33	tʃiau33	tʃiɑu21
腰		效开三平宵影	i44	iᴇ232	iɑu13	iou132	iau24	iau13	iɑu242	iᴇ33{变调}	iɑu43	iau42	iɑu24
摇		效开三平宵以	i21	iᴇ33/iɑu33	iɑu33	iou22	iau22	iau533	iɑu33	iᴇ33	iɑu33	iau33	iɑu21
表		效开三上小帮	pᴇɪ55	piᴇ422	piɑu44	piou44	piau33	piau33	piɑu35	ɓiɑʊ55	piɑu55	piau55	piɑu55
秒		效开三上小明		miᴇ422	miɑu21	miou44	miau33	miau33	miɑu35	miɑʊ53	miɑu52	miau53	miɑu55
小		效开三上小心	si35{训读}	sɛ35{训读}	ʃiɑu44	ʃiou44	ʃiau33	ʃiau33	ɕi55{训读}	ʃi35	se24{训读}	sɛ35{训读}	
赵		效开三上小澄	tʃi53	tsɑu53	tsɑu53	tsou21	tsau31	tsau21	tsɑu44	tʃɑʊ35{借桂}	tsɑu24	tʃau35	tʃɑu33
少	多~	效开三上小书	sᴇɪ55	ʃiᴇ422	sɑu44	sou44	sau33	sau33	sɑu35	ʃiᴇ55	ʃɑu55	ʃau55	ʃɑu55
绍		效开三上小禅		sɑu35	sɑu35	sou35	sau55	sau21	sɑu44	ʃɑʊ35	ʃɑu24	ʃau35	ʃɑu33
票		效开三去笑滂	pʰᴇɪ35	pʰiᴇ53	pʰiɑu53	pʰiou35	pʰiau55	pʰiau35	pʰiɑu55	pʰiᴇ35	pʰiɑu24	pʰiau35	pʰiɑu53
漂	~亮	效开三去笑滂	pʰᴇɪ35	pʰiᴇ53	pʰiɑu53	pʰiou35	pʰiau55	pʰiau35	pʰiɑu55	pʰiɑʊ35	pʰiɑu24	pʰiau35	pʰiɑu53
妙		效开三去笑明	miɑʊ35{借桂}	miɑu35{借桂}	miɑu35	miou21	miau31	miau21	miɑu44	miɑʊ35		miau35	miɑu33
笑		效开三去笑心	sᴇɪ35	ʃiᴇ35	ʃiɑu35	ʃiou35	ʃiau55	ʃiau35	ɕiɑu55	ʃiᴇ35	ʃiɑu24	ʃiau35	siɑu53
照		效开三去笑章	tʃi35	tʃiᴇ35	tsɑu35	tsou35	tsau55	tsau35	tsɑu55	tʃiᴇ35	tsɑu24	tʃau35	tʃɑu53
少	~年	效开三去笑书		sɑu35{借桂}	sɑu35	sou35	sau55	sau35	sɜ55		ʃɑu24	ʃau35	ʃɑu53
绕		效开三去笑日	kᴇɪ55	kiɑu422	iɑu35	iou44		liau33					iɑu55
轿		效开三去效群	kᴇɪ53	kiᴇ53	tʃiɑu53	kiou21	tʃiau31	tʃiau21	tɕiɑu44	tʃʰiᴇ21	tʃʰiɑu21	tʃiau21	tʃiɑu33
要		效开三去效影	iau35	iᴇ35	iɑu35	iou35	iau55	iau35	iɑu55	iᴇ35	iɑu24	iau35	iɑu53
雕		效开四平萧端		tiᴇ232	tiɑu13	tiou132	tiau24	tiau13	liɑu242	ɗiᴇ33	tiɑu43	tiau42	tiɑu24
条		效开四平萧定	ti21	tiᴇ33	tiɑu33	tiou22	tiau22	tiau533	tiɑu33	tiᴇ33	tiɑu33	tiau33	tiɑu21
聊		效开四平萧来		niɑu33	niɑu33	ȵiou22	liau22	liau533	liɑu33	liɑʊ33{借桂}	ȵiɑu33	liau33	liɑu21
萧		效开四平萧心	sᴇɪ44	ʃiᴇ232	ʃiɑu13	ʃiou132	ʃiau24	ʃiau13	ɕiɑu242	ʃiᴇ422	ʃiɑu43	ʃiau42	siɑu24
浇		效开四平萧见		kiɑu232	tʃiɑu13	kiou132	tʃiau24	tʃiau13	tɕiɑu242	tʃiᴇ422	tʃiɑu43	tʃiau42	tʃiɑu24
鸟		效开四上筱端	tᴇɪ55	tiᴇ422	tiɑu44	tiou44	tiau33	tiau33	liɑu35	ɗiᴇ55	tiɑu55/liɑu55	tiau55	tiɑu55
了		效开四上筱来	lᴇɪ33	niᴇ21	niɑu21	ȵiou44	liau22	liau33	liɑu21	liᴇ35	ȵiɑu52	liau53	liɑu55
缴		效开四上筱见	kᴇɪ55	kiɑu422	tʃiɑu44	kiou44	tʃiau33	tʃiau33	tɕiɑu35	tʃiɑʊ55	tʃiɑu55	tʃiau55	tʃiɑu55
晓		效开四上筱晓	hi55	hi5	ʃiɑu44	hiou44	ʃiau33	ʃiau33	ɕiɑu35	ʃiᴇ55	ʃiɑu55	ʃiau55	ʃiɑu55
钓		效开四去啸端	tᴇɪ35	tiᴇ35	tiɑu35	tiou35	tiau55	tiau35	liɑu55	ɗiᴇ35	tiɑu24	tiau35	tiɑu53
跳		效开四去啸透	tʰᴇɪ35	tʰiᴇ53	tʰiɑu53	tʰiou35	tʰiau55	tʰiau35	tʰiɑu55	tʰiᴇ35	tʰiɑu24	tʰiau35	tʰiɑu53
掉		效开四去啸定		tiᴇ35	tiɑu53	tiou21		15	tiᴇ21	tiᴇ35	tiᴇ5	tiɛ5	tiɑu53
尿		效开四去啸泥	nᴇɪ53	niᴇ53	niɑu53	ȵiou21	liau31	ȵiau21	ȵiɑu44	ȵiᴇ21	ȵiɑu21	ȵiau21	ȵiɑu33
料		效开四去啸来	lᴇɪ53	niᴇ53	niɑu53	ȵiou21	liau31	liau21	liɑu44	liᴇ21	ȵiɑu21	liau21	liɑu33
叫		效开四去啸见	ki35	kiᴇ35	tʃiɑu35	kiou35	tʃiau55	tʃiau35	tɕiɑu55	tʃiᴇ35	tʃiɑu24	tʃiau35	tʃiɑu53
窖		效开四去啸溪		tʃʰiɑu35	tʃʰiɑu35	kʰiou35	tʃʰiau55	tʃʰiau35	tɕʰiɑu55	tʃʰiᴇ35	tʃʰiɑu24	tʃʰiau35	tsʰiɑu53
偷		流开一平侯透	tʰɑʊ44	tʰa232	tʰia13	tʰɑu132	tʰa24	tʰau13	tʰɜ242	tʰɑ422	tʰᴇi43	tʰɛi42	tʰɘi24
头		流开一平侯定	tɑʊ21	ta33	tia33	tɑu22	ta22	tau533	tɜ33	tɑ33	tᴇi33	tɛi33	tɘi21
楼		流开一平侯来	lɑʊ21	na33	nia33	nɑu22	la22	lau533	lɜ33	lɑ33	nᴇi33	lɛi33	lɘi21
钩		流开一平侯见	kɑʊ44	ka232	tʃia13	kɑu132	ka24	tʃiau13	kɜ242	kɑ422	kᴇi43	kɛi42	kɘi24
猴		流开一平侯匣	hɑʊ21	ha33	ʃia33	hɑu22	ha22	hau533	hɜ33	hɑ33	hᴇi33	hɛi22	hɘi21
某		流开一上厚明	mɑʊ33	ma21	mᵘɔu21	mou44	mau13	mau33	mɑu21	moʊ13		mou55	məu55
亩		流开一上厚明	mũ33	mu21	mu21	mʊ44	mu24	mu33	mu21	moʊ13			məu55
母		流开一上厚明		mu21	mu21	mʊ44	mu24	mu33	mu21	mu13		mu53	mu55
斗	一~	流开一上厚端	tɑʊ55	ta422	tia44	tɑu44	ta33	tau33	lɜ35	ɗɑ55	tᴇi55	tɛi55	tɘi55
陡		流开一上厚端		ta422	tia44	tɑu44	ta33	tau33	lɜ35	ɗɑ55	tᴇi55	tɛi55	tɘi55
敨	~气	流开一上厚透	tʰɑʊ55	tʰa21	tʰia21	tʰɑu44		tʰau33	tʰɜ35	tʰɑ55	tʰᴇi55	tʰɛi55/tʰou55	tʰɘi55
篓		流开一上厚来	lɑʊ33		na44	nɑu44	la13	lau33	lɜ35		nou52		lɘi55
走		流开一上厚精	tsɑʊ55	tsa422	tʃia44	tsɑu44	tsa33	tsau33		tsɑ55	tsᴇi55	tsɛi55	tsɘi55
狗		流开一上厚见	kɑʊ55	ka422	tʃia44	kɑu44	ka33	tʃiau33	kɜ35	kɑ55	kᴇi55	kɛi55	kɘi55
口		流开一上厚溪	hɑʊ55	ha21	tʃʰia21	kʰɑu44	kʰa13	tʃʰiau33	kʰɜ35	kʰɑ55	kʰᴇi55	kʰɛi55	kʰɘi55
藕		流开一上厚疑	ŋɑʊ33	au53{借桂}	ia21	ŋɑu44	ŋa33	ȵiau33	ŋɜ21	ŋɑ55	ou52	ŋou55	ɘi55
後		流开一上厚匣	hɑʊ33	ha53	ʃia53	hɑu21	ha31	hau21	hɜ44	hɑ21	hᴇi21	hɛi21	hɘi33
厚		流开一上厚匣	hɑʊ33	ha21	ʃia21	hɑu44	ha31	hau33	hɜ21	hɑ21	hᴇi52	hɛi53	hɘi53
呕		流开一上厚影			15	ŋɑu44	au33	uɤ33	ua35		ou55		ɘi55
斗		流开一去候端	tɑʊ35	tau35	tᵘɔu53/tia53	tɑu35	ta55	tou35	lɜ55	ɗɑ35	tᴇi24	tɛi35{多说}/tou35	tɘi33
透		流开一去候透	tʰɑʊ35	tʰa53	tʰia53	tʰɑu35	tʰa55	tʰau35	tʰɜ55		tʰᴇi24	tʰɛi35	tʰɘi53
豆		流开一去候定	tɑʊ53	ta53	tia53	tɑu21	ta31	tau21	tʰɜ44	tɑ21	tᴇi21	tɛi21	tɘi33
漏		流开一去候来	lɑʊ53	na53	nia53	nɑu21	la31	lau21	lɜ44	lɑ21	nᴇi21	lɛi21	lɘi33
奏		流开一去候精		tsau35{借桂}	15	tsɑu35	tsau55	tsou35				tsɛi35	
凑		流开一去候清	tsʰɑʊ35	tsʰa53	tʃʰia53	tsʰɑu35	tsʰau55	tsʰau35	tsʰɜ55	tsʰɑ35	tsʰᴇi24	tsʰɛi35	
嗽		流开一去候心	sɑʊ35	sa35	ʃia35	sɑu35	sa55	sau35	sɜ55	sɑ35	sᴇi24	sɛi35	sɘi55
够		流开一去候见	kɑʊ35	ka35	tʃia35	kɑu35	ka55	tʃiau35	kɜ55	kɑ35	kᴇi24	kɛi35	kɘi53
勾		流开一去候见			kᵘɔu35	kɑu35	ka55	tʃiau13	kɜ242	koʊ35{借桂}	kᴇi43	kɛi42	kɘi53
扣		流开一去候溪	kʰɑʊ35	kʰa35	tʃʰia53	kʰɑu35	kʰa55	tʃʰiau35	kʰɜ55	kʰɑ35	kʰᴇi24	kʰɛi35	kʰɘi53
候		流开一去候匣	hɑʊ53	huɔ21	ʃia21	hɑu21	ha31	hau21	hɜ44	hɑ21	hᴇi21	hɛi21	hɘi33
沤		流开一去候影	ɑʊ35	a35	ia35	ŋɑu35	ŋa55	ŋau35	ɜ55	ɑ35	ᴇi24	ɛi35	ɘi53
浮		流开三平尤奉	fau21	fu33	fᵘɔu33	pou22	fu22	pau533	fɜ33	fu33	fu33	fu33	
谋		流开三平尤明		mau21{借桂}	mᵘɔu21{借桂}	mou22	mau22	mau533	mɜ33	moʊ33	mou33	mou33	məu21
流		流开三平尤来	liau21	niau33	niᵒu33	ȵiou22	liau22	liou533	liɑu33	liᵒʊ33	ȵiou33	liou33	liəu21
秋		流开三平尤清	tʃʰiau44	tʃʰiau232	tʃʰiᵒu13/tsʰᵘɔu13	tʃʰiou132	tʃʰiau24	tʃʰiou13	tɕʰiɑu242	tʃʰiᵒʊ422	tʃʰiou43	tʃʰiou42	tsʰiəu24
修		流开三平尤心	ʃiau44	ʃiau232	ʃiᵒu13	ʃiou132	ʃiau24	ʃiou13	ɕiɑu242	ʃiᵒʊ422	ʃiou43	ʃiou42	siəu24
囚		流开三平尤邪		kiau33	tʃʰiᵒu21{借桂}	tʃiou22	tʃiau22	tʃiou533	tɕiɑu33		tʃʰiou33	tʃiou33	tʃiəu21
抽		流开三平尤彻	tʃʰiau44	tsʰau232	tsʰᵘɔu13	tʃʰiou132	tsʰau24	tsʰou13	tsʰɑu242	tʃʰiᵒʊ422	tʃʰou43	tʃʰou42	tʃʰiəu24
绸		流开三平尤澄	tʃau21	tsau33	tsᵘɔu33	tsʊ22	tsau22	tsou533	tsɑu33	tʃʰiᵒʊ33	tʃʰou33	tʃou33	tʃɘi21
愁		流开三平尤崇	tʃɑʊ21	tsa33	tsa33	tsɑu22	tsa22	tsau533	tsɜ33	tʃʰɑ33	tʃʰᴇi33	tʃɛi21	tʃɘi21
馊		流开三平尤生	ʃɑʊ44	sa232	ʃia13	sɑu132	sa24	sau13	sɜ242	ʃɑ422	ʃᴇi43	ʃɛi42	ʃɘi24
周		流开三平尤章	tʃɑʊ44	tsau232	tsᵘɔu13	tsʊ132	tsau24	tsou13	tsɑu242	tʃiᵒʊ422	tʃou43	tʃou42	tʃiəu24
收		流开三平尤书	ʃɑʊ44	sau232	sᵘɔu13	sʊ132	sau24	sou13	sɑu242	ʃiᵒʊ422	ʃou43	ʃou42	ʃiəu24
仇		流开三平尤禅	ʃɑʊ21	sau33	sᵘɔu33	sʊ22	sau22	sou533	su33	tʃʰiᵒʊ33	tʃʰou33	tʃou33	tʃɘi21
揉		流开三平尤日		iau33	iᵒu33	iou22	iau22	iou533	iɑu33	iᵒʊ33	iou33	iou33	iəu21
鸠	斑~	流开三平尤见	tʃiɑʊ44	kiau232	tʃiᵒu33{借桂}	kiou132	tʃiau24	tʃiou13	tɕiɑu242	tʃiᵒʊ33{借桂}	tʃiou33{借桂}	tʃiou42	tʃiəu24
求		流开三平尤群	kiɑʊ21	kiau33	tʃiᵒu33	kiou22	tʃiau22	tʃiou533	tɕiɑu33	tʃʰiᵒʊ33	tʃʰiou33	tʃiou33	tʃiəu21
牛		流开三平尤疑	ȵiɑʊ21	a33	ia33	ȵiou22	liau22	ȵiau533	ŋɜ33	ȵiᵒʊ33	ȵiou33	ȵiou33	ȵiəu21
休		流开三平尤晓	hiau44	ʃiau232	ʃiᵒu13	hiou132	ʃiau24	ʃiou13	ɕiɑu242	ʃiᵒʊ422	ʃiou43	ʃiou42	siəu24
优		流开三平尤影	iɑʊ44	iau33{借桂}	iᵒu13	iou132	iau24	iou13	iɑu242	iᵒʊ33{借桂}	iou43	iou42	iəu24
邮		流开三平尤云	iɑʊ21	iau21{借桂}	iᵒu33	iou22	iau22	iou533	iɑu242	iᵒʊ33	iou33	iou33	iəu21
油		流开三平尤以	iɑʊ21	iau33	iᵒu33	iou22	iau22	iou533	iɑu33	iᵒʊ33	iou33	iou33	iəu24
游		流开三平尤以	iɑʊ21	iau33	iᵒu33	iou22	iau22	iou533	iɑu33	iᵒʊ33	iou33	iou33	iəu24
妇		流开三上有奉	fa4/fʊ33	fu53	fu53	fʊ21	fu31	fu21	fu44	fu13	fu24	fu35	fu33
负		流开三上有奉	fʊ33	fu21	fu53	fʊ21	fu55	fu35	fu44	fu13	fu24	fu35	fu53
扭		流开三上有泥	ȵiau33	niau422	niᵒu44	ȵiou44	liau33	ȵiou33	ȵiɑu35	ȵiᵒʊ55	ȵiou52	ȵiou55	ȵiəu55
柳		流开三上有来	liau33	niau422	niᵒu44	ȵiou44	liau33	liou33	ȵiɑu35	liᵒʊ13	ȵiou52	liou55	liəu55
酒		流开三上有精	tʃiau55	tʃiau422	tʃiᵒu44	tʃiou44	tʃiau33	tʃiou33	tɕiɑu35	tʃiᵒʊ55	tʃiou55	tʃiou55	tsiəu55
丑	美~	流开三上有昌	tʃʰau55	tsʰau21	tsʰᵘɔu21	tsʰʊ44	tsʰau13	tsʰou33	tsʰɑu35	tʃʰiᵒʊ35	tʃʰou55	tʃʰou55	tʃʰiəu55
手		流开三上有书	ʃɑʊ55	sau422	sᵘɔu44	sʊ44	sau33	sou33	su35	ʃiᵒʊ55	ʃou55	ʃou55	ʃiəu55
受		流开三上有禅	ʃɑʊ53	sau53	sᵘɔu53	sʊ21	sau31	sou21	su44	ʃy21	ʃou21	ʃou21	ʃiəu33
九		流开三上有见	kiɑʊ55	kiau422	tʃiᵒu44	kiou44	tʃiau33	tʃiou33	kiɑu35	tʃiᵒʊ55	tʃiou55	tʃiou55	tʃiəu55
韭		流开三上有见	kiɑʊ55	kiau422	tʃiᵒu44	kiou44	tʃiau33	tʃiou33	kiɑu35	tʃiᵒʊ55	tʃiou55	tʃiou55	tʃiəu55
舅		流开三上有群	kiɑʊ33	kiau53	tʃiᵒu53	kiou21	tʃiau31	tʃiou21	tɕiɑu44	tʃʰiᵒʊ21	tʃʰiou21	tʃiou35	tʃiəu33
朽		流开三上有晓	hiau55	hiau422	ʃiᵒu44	hiou44	ʃiau33	ʃiou33	ɕiɑu35		ʃiou55	ʃiou55	ʃiəu55
有		流开三上有云	iɑʊ33	iau21	iᵒu21	iou44	iau13	iou33	iɑu21	iᵒʊ13	iou52	iou53	iəu55
富		流开三去宥非	fʊ35	fu35	fu35{借桂}	fʊ35	fu55	fu35	fu55		fu24	fu35	
就		流开三去宥从	tʃiau53	tʃiau53	tʃiᵒu53	tʃiou21	tʃiau31	tʃiou21	tɕiɑu44	tʃʰiᵒʊ21	tʃʰiou21	tʃiou21	tʃiəu33
绣		流开三去宥心	ʃiau35	ʃiau35	ʃiᵒu35	ʃiou35	ʃiau55	ʃiou35	ɕiɑu55	ʃiᵒʊ35	ʃiou24	ʃiou35	siəu53
袖		流开三去宥邪	ʃiau53	tʃiau21	tʃiᵒu21	tʃiou21	ʃiau55	tʃiou21{衣袖}/ʃiou35{领袖}	tɕiɑu44	tʃʰiᵒʊ21	tʃʰiou21	tʃiou21	siəu53
皱		流开三去宥庄	tʃɑʊ35	tsa35	tsᵘɔu35{借桂}	tsou35	tsau55	tsou35	tsɜ55		tsou24	tʃɛi35	tʃɘi53
瘦		流开三去宥生	ʃɑʊ35	sa35	sa35	sɑu35	sa55	sau35	sɜ55	ʃɑ35	ʃᴇi24	ʃɛi35	ʃɘi53
漱		流开三去宥生	ʃiau35	sau35	sᵘɔu35/ʃia35	sʊ35	su55	su35	su55	su35	su24	su35	su53
咒		流开三去宥章	tʃɑʊ35	tsau35	tsᵘɔu35	tsʊ35	tsau55	tsou35	tsu55		tʃou24	tʃou35	
臭	香~	流开三去宥昌	tʃʰɑʊ35	tsʰau53	tsʰᵘɔu53	tsʰʊ35	tsʰau55	tsʰou35	tsʰu55	tʃʰiᵒʊ35	tʃʰou24	tʃʰou35	tʃʰiəu53
兽		流开三去宥书	ʃɑʊ35		sᵘɔu53	sʊ35	sau31	sou21	su55		sou24	ʃou21	ʃiəu33
寿		流开三去宥禅	ʃɑʊ53	sau53	sᵘɔu53	sʊ21	sau31	sou21	su44	ʃiᵒʊ21	ʃou21	ʃou21	ʃiəu33
救		流开三去宥见	kiɑʊ35	kiau35	tʃiᵒu35	kiou35	tʃiau55	tʃiou35	kiɑu55	tʃiᵒʊ35	tʃiou24	tʃiou35	tʃiəu33
旧		流开三去宥群	kiɑʊ53	kiau53	tʃiᵒu53	kiou21	tʃiau31	tʃiou21	tɕiɑu44	tʃiᵒʊ35	tʃʰiou21	tʃiou21	tʃiəu33
又		流开三去宥云	iau21	iau53	iᵒu53	iou21	iau31	iou35	iɑu44	iᵒʊ21	iou21	iou21	iəu33
右		流开三去宥云	iɑʊ53	iau53	iᵒu53	iou21	iau31	iou35	iɑu44	iᵒʊ21	iou21	iou21	iəu33
柚		流开三去宥以	iɑʊ53	iau35	iᵒu35	iou21	iau31	iou35	iɑu44/iɑu44	iᴇ21	iɑu21	iau21	iəu33/iəu33
耽		咸开一平覃端	tɒ̃44	tuo232	tᵘɔ13	tɑŋ132	taŋ24	taŋ13	lan242	ɗɑ̃422	tɑ̃43	tã42	tã24
贪		咸开一平覃透	tʰɒ̃44	tʰan232	tʰᵘɔ13	tʰɑŋ132	tʰɔ24	tʰaŋ13	tʰan242	tʰɑ̃422	tʰɑ̃43	tʰã42	tʰã24
潭		咸开一平覃定	tɒ̃21	tuo33	tᵘɔ33	tɑŋ22	taŋ22	tuo533	tan33	tɑ̃33	tɑ̃33	tã33	tã21
南		咸开一平覃泥	nɒ̃21	nuo33	nᵘɔ33	nᵘɔ22	lɔ22	nuo533	na33	nɑ̃33	nɑ̃33	nã33	nã21
参		咸开一平覃清		tsʰuo232	tsʰᵘɔ13	tsʰᵘɔ132	tsʰɔ24	tʃʰyɔ13	tsan242	tsʰɑ̃33{变调}	tsʰɑ̃43	tsʰã42	tsʰã24
蚕		咸开一平覃从	tsɒ̃21	tsuo33	tsᵘɔ33	tsᵘɔ22	tsɔ22	tsuo533	tsa33	tsʰɑ̃33	tsʰɑ̃33	tsã33	tsã21
含		咸开一平覃匣	hɒ̃21	hɑŋ33	hᵘɔŋ33	hᵘɔ22	hɔ22	huo533	hua33	hʊɑ̃33	hɑ̃33	hã33	hã21
庵		咸开一平覃影	ɒ̃44	uo232	ᵘɔ13	ŋᵘɔ132	ŋɔ24	ŋuo13	an242	miᴇ21{训读}	ɑ̃33{借桂}	ã33	ã24
惨		咸开一上感清	tsʰɒ̃55	tsʰan53{借桂}	tsʰɑŋ21	tsʰɑŋ44	tsʰɔ13	tsʰaŋ33	tsʰan35	tsʰɑ̃55	tsʰɑ̃55	tsʰã55	tsʰã55
感		咸开一上感见		kan53{借桂}	kᵘɔ44	kᵘɔ44	kɔ33	kuo33	kan35	kɑ̃55	kɑ̃55	kã55	kã55
砍		咸开一上感溪		kʰuo21	kʰᵘɔ21	kʰᵘɔ44	kʰɔ13	kʰaŋ5/tsau5{训读}	kʰan35	kʰɑ̃55	kʰɑ̃55	kʰã55	kʰã55
探		咸开一去勘透	tʰɒ̃35	tʰuo53	tʰᵘɔ53	tʰᵘɔ35	tʰɔ55	tʰaŋ35	tʰan55	tʰɑ̃35	tʰɑ̃24	tʰã35	tʰã53
暗		咸开一去勘影	ɒ̃35	ɑŋ35	ŋ35	ŋᵘɔ35	ɔ55	uɔ35	ua55	ʊɑ̃35	ɑ̃24	ã35	ŋã33
答		咸开一入合端	tɒ55	tuo5	tᵘɔ5	tᵘɔ5	tɔ5	tuɔ5	luo21	tɑ̃53	tiɑ5	ta5	ta5
沓		咸开一入合定	tɒ55	tua422	tᵘɔ5	ta21	ta31	ta21	tuo33	tɑ̃53	tiɑ21	ta5	ta5
纳		咸开一入合泥	na21{借桂}	nuo422	15	nᵘɔ22	la22	luo5		nɑ21	na21	na53/na5	na55
拉		咸开一入合来	lɒ4	na232	na13	la44	la33	luo35	la242	lɑ33	na5	la53	la5
杂		咸开一入合从	tsɒ53	tsuo53	tsᵘɔ53	tsᵘɔ21	tsɔ31	tsuɔ21	tsuo33	tsʰɑ21	tʃʰiɑ5	tsa53	tsa5
鸽		咸开一入合见	ko21{借桂}	kuo5	ku5	kᵘɔ5	kuo5	kuo5	kuo242		kuɑ5	hua5	kua5
合		咸开一入合匣	hɒ55/hʊo55	hua422	huɯ53	hᵘɔ5	huo5	huo5	hua21	hʊɔ53	huo33	hua21	hᵘo21
担	~担子	咸开一平谈端	tɒ̃44	tuo232	tᵘɔ13	tᵘɔ132	tɔ24	tuɔ13	lan242	ɗɑ̃33{变调}	tɑ̃43	tã42	tã24
谈		咸开一平谈定	tɒ̃21	tuo33	tᵘɔ33	tᵘɔ22	tɔ22	tuɔ533	tan33	tɑ̃33	tɑ̃33	tã33	tã21
篮		咸开一平谈来	lɒ̃44	nuo232	nᵘɔ33	nᵘɔ22	lɔ22	luɔ533	la33	lɑ̃33	nɑ̃33	lã33	lã24
三		咸开一平谈心	sɒ̃44	suo232	sᵘɔ13	sᵘɔ132	sɔ24	suɔ13	sa242	sɑ̃422	sɑ̃43	sã42	sã24
柑		咸开一平谈见	kʊɒ̃44	kan232	kᵘɔŋ13	kuo132	kuo24	kuo13	kuan242	kʊɑ̃422	kuɑ̃43	kuã42	kuã24
胆		咸开一上敢端	tɒ̃55	tuo422	tᵘɔ44	tᵘɔ44	tɔ33	tuɔ33	lan35	ɗɑ̃55	tɑ̃55	tã55	tã55
毯		咸开一上敢透	tʰɒ̃55	tʰuo21	tʰᵘɔ21	tʰᵘɔ44	tʰɔ13	tʰuɔ33	tʰa35	tʰɑ̃55	tʰɑ̃55	tʰã55	tʰã55
淡		咸开一上敢定	tɒ̃33	tuo21	tᵘɔ21	tᵘɔ44	tɔ13	tuɔ33	ta21	tɑ̃21	tɑ̃52	tã53	tã53
敢		咸开一上敢见	kɒ̃55	həi21	kᵘɔ44	kᵘɔ44	kɔ33	kuɔ33	kan35	kʊɑ̃55	kɑ̃55	kã55	kã55
喊		咸开一上敢晓	hɒ̃55	huo21	hᵘɔ21	hᵘɔ44	hɔ13	huɔ33	ha35	hɑ̃13	hɑ̃55	hã55	hã55
担	~子	咸开一去阚端	tɒ̃35	tuo35	tᵘɔ35	tᵘɔ35	tɔ55	tuɔ35	la55	ɗɑ̃35	tɑ̃24	tã35	tã53
塔		咸开一入盍透	tʰɒ55	tʰuo422	tʰᵘɔ5	tʰᵘɔ5	tʰɔ5	tʰuɔ5	tʰuo21	tu21	tʰa21	tʰa5	tʰa5
腊		咸开一入盍来	lɒ21	nuo422	nᵘɔ5	nᵘɔ5	lɔ5	luɔ5	luo21	lɑ53	ȵiɑ5	la53	la5
磕		咸开一入盍溪	kʰo4	kʰɑu422	kʰuɯ5	kʰᵘɔ21	kʰuo5	kʰuo5	kʰuo21	kʰʊɔ53	kʰuo5	kʰuo5	kʰᵘo5
杉		咸开二平咸生	ʃo44	suo232	15	sᵘɔ132	sɔ24	ʃyɔ13	suo242	ʃɑ̃33	ʃɑ̃43	ʃã42	ʃã24
咸	~味	咸开二平咸匣	hɔ̃21	huo33	hᵘɔ33	hᵘɔ22	hɔ22	huo533	ha33	hɑ̃33	hɑ̃33	hã33	hã21
减		咸开二上赚见	kɒ̃55	kuo422	kᵘɔ44	kᵘɔ44	kɔ33	kuɔ33	kan35	kɑ̃55	kɑ̃55	kã55	kã55
站	车~	咸开二去陷澄		tsuo53	tsᵘɔ53	tsᵘɔ21	tsɔ31	tʃyɔ21	tsan44	tʃɑ̃35	tsɑ̃24	tʃã35	tʃã53
扎	~针	咸开二入洽知	tʃɒ̃21	tsuo33	tsᵘɔ5	tsᵘɔ21		15	tsuo21			tʃa5	
插		咸开二入洽初	tʃʰɒ̃55	tsʰuo422	tsʰᵘɔ5	tsʰᵘɔ5	tsʰɔ5	tʃʰyɔ5	tsʰuo21	tʃʰɑ53	tʃʰa5	tʃʰa5	tʃʰa5
闸		咸开二入洽崇	tʃɒ̃55	tsuo5	tsᵘɔ5	tsᵘɔ21	tsɔ5	tʃyɔ5	tsuo21	tʃɑ53	tʃa5	tʃa5	tʃa5
炸	油~	咸开二入洽生	tʃʊo35	pɑu53{训读}	tsᵘɔ35	tsᵘɔ35	tsɔ5	tʃyɔ21	tsuo55	tʃʰɑ21	tʃʰa21	tʃa21	
夹		咸开二入洽见	kɒ̃55	kuo5	kᵘɔ5	kᵘɔ5	kɔ5	kuɔ5	kuo21	kɑ53	tʃiɑ5{借桂}	ka5	ka5
狭	窄	咸开二入洽匣	hɒ̃53	huo53	tsa5{训读}	hᵘɔ5		15	huo44		ha21	ha21	ha21
衫		咸开二平衔生	ʃɒ̃44	suo232	sᵘɔ13	sᵘɔ132	sɔ24	ʃyɔ13	san242		sɑ̃43	ʃã42	sã24
岩		咸开二平衔疑	ŋɒ̃21	uo33	ᵘɔ33	iɛn21{借桂}	ŋɔ22	ŋuo533	ŋa33	ŋɑ̃33	iᴇ̃21{借桂}	iɛ̃33	ŋã21
甲		咸开二入狎见	kɒ̃55	kuo5	kᵘɔ5	kᵘɔ5	kɔ5	kuɔ5	kuo21	ɑ53	tʃiɑ21{借桂}	ka5	tʃia21/ka5
鸭		咸开二入狎影	ɒ̃55	uo5	ᵘɔ5	ŋᵘɔ5	ŋɔ5	uɔ5	uᴇ21	ɑ53	a5	a5	a5
压		咸开二入狎影	ɒ̃55	uo5	ᵘɔ5	ŋᵘɔ5	ŋɔ5	uɔ5{瓮压}/ia5{压死}	uᴇ21	ɑ53	a5	a5	ŋa5
帘		咸开三平监来	lan21	ni33	niɛ33	ȵie22	lie22	liᴇ533	liᴇn33	liᴇ̃33	ȵiᴇ̃33	liɛ̃33	liɛ̃21
尖		咸开三平监精	tsan44	tʃi232	tʃiɛ13	tʃie132	tʃie24	tʃiᴇ13	tɕiᴇn242	tʃiᴇ̃33{借桂}	tʃiᴇ̃43	tʃiɛ̃42	tsiɛ̃24
签		咸开三平监清		tʃʰi232	tʃʰiɛ13	tʃʰie132	tʃʰie24	tʃʰiᴇ13	tɕʰiᴇn242	tʃʰiᴇ̃33{借桂}	tʃʰiᴇ̃43	tʃʰiɛ̃42	tsʰiɛ̃24
沾		咸开三平监知		tʃi232	niɛ13	15		tʃiᴇ13	tsan242	ȵiɑ̃33	tʃɑ̃33{借桂}	tʃã42	tsã24
钳		咸开三平监群	kan21	ki33	tʃiɛ33	kie22	tʃie22	tʃiᴇ13	tɕin33	tʃʰiᴇ̃33	tʃʰiᴇ̃33	tʃiɛ̃33	tʃiɛ̃21
阉		咸开三平监影	in44	i232	iɛ13	ie132	ie24	iᴇ13	iᴇn242	iᴇ̃422	iᴇ̃43	iɛ̃42	iɛ̃24
炎		咸开三平监云			iɛ33	ȵie5	ie22	iᴇ533/iᴇn533	iᴇn33	iᴇ̃33	iᴇ̃33	ȵiɛ̃33	iɛ̃21
盐		咸开三平监以	in21	i33	iɛ33	ie22	ie22	iᴇ533	iᴇ33/iᴇn33	iᴇ̃33	iᴇ̃33	iɛ̃33	iɛ̃21
闪		咸开三上琰书		tʃiᴇ53	15	sɑŋ44	sɔ33	15	san35	ʃɑ̃55	sɑ̃55	ʃã55	ʃiɛ̃55
染		咸开三上琰日	ŋan33	i21	iɛ21	ȵie44	lie13	iᴇ33	ȵiᴇ21	ȵiᴇ̃21	iᴇ̃52	iɛ̃53	iɛ̃55
检		咸开三上琰见		ki422	tʃiɛ44	kie44	tʃie33	tʃiᴇ33	kiᴇn35	tʃiᴇ̃55	tʃiᴇ̃55	tʃiɛ̃55	tʃiɛ̃55
险		咸开三上琰晓		hiŋ53	ʃiɛ44	hie44		ʃiᴇ33	ɕiᴇn35	ʃiᴇ̃55	ʃiᴇ̃55	ʃiɛ̃55	ʃiɛ̃55
占		咸开三去艳章	tʃan35	tʃi35	tʃiɛ35	tsɑŋ35	tʃie55	tʃiᴇ35	tɕiᴇ55	tʃɑ̃35	tsɑ̃24	tʃã35	tʃã53
验		咸开三去艳疑	nan53	li53	niɛ21	ȵie21	lie31	liᴇ21	ȵiᴇn44	ȵiᴇ̃21	iᴇ̃24{借桂}	ȵiɛ̃21	niɛ̃33
艳		咸开三去艳以		iᴇn35{借桂}	iɛ35	15	ie55	iᴇ35	iᴇn44	ȵiᴇ̃35	iᴇ̃24	iɛ̃35	iɛ̃53
接		咸开三入叶精	tsi44	tʃiᴇ5	tʃiɛ5	tʃie5	tʃie5	tʃiᴇ5	tɕiᴇ21	tsiᴇ53	tʃiᴇ5	tʃiɛ5	tsiɛ5
折	~叠	咸开三入叶章	tʃi44	tʃiᴇ5	tʃiɛ5	tʃie5	tʃie5	tʃiᴇ5	tɕiᴇ21	tʃiᴇ̃53	tʃiᴇ5	tʃiɛ5	tʃiɛ5
叶		咸开三入叶以	i21	iᴇ422	iɛ5	ie5	ie5	iᴇ5	iᴇ4	iᴇ̃53	iᴇ5	iɛ53	iɛ̃5
严		咸开三平严疑		iŋ33	ᵘɔ33/iɛ33	ie22	ie22	iᴇ533/iᴇn533	iᴇn33	iᴇ̃33	iᴇ̃21{借桂}	iɛ̃33	iɛ̃21
剑		咸开三去酽见	kan35	tʃi35	tʃiɛ35	kie35	tʃie55	tʃiᴇ35	kiᴇn55	tʃiᴇ̃35	tʃiᴇ̃24	tʃiɛ̃35	tsiɛ̃53
欠		咸开三去酬溪	han35	hi35	tʃʰiɛ53	kʰie35	tʃʰie55	tʃʰiᴇ35	kʰiᴇn55	tʃʰiᴇ̃35	tʃʰiᴇ̃24	tʃʰiɛ̃35	tʃʰiɛ̃53
劫		咸开三入业见	ki4		15	kie44	tʃie22	tʃiᴇ5	kiᴇ21		tʃiᴇ21{借桂}	tʃiɛ5	tʃiɛ5
业		咸开三入业疑		iᴇ21	niɛ5	ȵie5	lie5	liᴇ5	ȵiᴇ21	ȵiᴇ̃53	ȵiᴇ5	iɛ21	ȵiɛ5
添		咸开四平添透	tʰan44	tʰi232	tʰiɛ13	tʰie132	tʰie24	tʰiᴇ13	tʰiᴇn242		tʰiᴇ̃43	tʰiɛ̃42	tʰiɛ̃24
甜		咸开四平添定	tan21	ti33	tiɛ33	tie22	tie22	tiᴇ533	tiᴇ33	tiᴇ̃33	tiᴇ̃33	tiɛ̃33	tiɛ̃21
兼		咸开四平添见		kiŋ232	tʃiɛ13	kie132		tʃiᴇn13	tɕiᴇn242	tʃiᴇ̃33{借桂}	tʃiᴇ̃43	tʃiɛ̃42	tʃiɛ̃24
谦		咸开四平添溪		tʃʰiᴇn33{借桂}	15	kʰie132	tʃʰie24	tʃʰiᴇ13	kʰiᴇn242		tʃʰiᴇ̃43	tʃʰiɛ̃42	tʃʰiɛ̃24
嫌		咸开四平添匣	han21	hi33	ʃiɛ33	hie22	ʃie22	ʃiᴇ533	ɕiᴇn33	ʃiᴇ̃33	ʃiᴇ̃33	ʃiɛ̃33	ʃiɛ̃21
点		咸开四上忝端	tan55	ti5	tiɛ44	tie44	tie33	tiᴇ33	liᴇn35	ɗiᴇ̃55	tiᴇ̃55	tiɛ̃55	tiɛ̃55
店		咸开四去㮇端	tan35	ti53	tiɛ53	tie21	tie33	tiᴇ21	liᴇn44	ɗiᴇ̃21	tiᴇ̃24	tiɛ̃21	tiɛ̃33
念		咸开四去㮇泥	nan553	ni53	niɛ53	ȵie21	lie31	liᴇ21	ȵiᴇn44	ȵiᴇ̃21	ȵiᴇ̃21	ȵiɛ̃21	ȵiɛ̃33
歉		咸开四去㮇溪		tʃʰiᴇn35{借桂}	tʃʰiɛ53	kʰie35	tʃʰie55	tʃʰiᴇ5	tɕʰiᴇn55		tʃʰiᴇ̃24	tʃʰiɛ̃35	tʃʰiɛ̃53
帖		咸开四入贴透	tʰi4	tʰiᴇ422	tʰiɛ5	tʰie5	tʰie22	tʰiᴇ5	tʰiᴇ21	tʰiᴇ̃53	tʰiᴇ̃21{借桂}	tʰiɛ̃5	tʰiɛ̃5
碟		咸开四入贴定		tiᴇ53	tiɛ53	tie21	tie31	tiᴇ21	tiᴇ4				tiɛ̃5
凡		咸合三平凡奉		fuo33	fan21{借桂}/fan33	fɑŋ22	fɔ22	fuo533	faŋ33	hʊɔ33	fɑ̃33	fã33	fã21
犯		咸合三上范奉	fɒ̃53	fuo53	fᵘɔ53	fᵘɔ21	fɔ31	fuo21	fa44	fɑ̃21	fɑ̃21	fã21	fã33
法		咸合三入乏非	fɒ55	fuo5	fᵘɔ5	fᵘɔ5	fɔ5	fuo5	fuo21	hʊɔ21	fiɑ5	fa5	fa5/hua5
林		深开三平侵来	lan21	niŋ33	niŋ33	ȵiŋ22	liŋ22	liŋ533	lin33	lin33	ȵiɘŋ33	liŋ33	lɑŋ21
心		深开三平侵心	saŋ44	ʃiŋ232	ʃiŋ13	ʃiŋ132	ʃiŋ24	ʃiŋ13	ɕin242	ʃin422	ʃiɘŋ43	ʃiŋ42	sɑŋ24
沉		深开三平侵澄	taŋ21	tiŋ33	tiŋ33	tsaŋ22	tiŋ22	tiŋ533	tin33		tsʰaŋ33	tʃaŋ33	ʃiᵊŋ21
针		深开三平侵章	tʃaŋ44	tsaŋ232	tsaŋ13	tsaŋ132	tsaŋ24	tsaŋ13	tɕin242	tʃin422	tʃiɘŋ43	tʃiŋ42	tʃiᵊŋ24
深		深开三平侵书	ʃaŋ44	saŋ232	saŋ13	saŋ132	saŋ24	saŋ13	ɕin242	ʃin422	ʃiɘŋ43	ʃiŋ42	ʃiᵊŋ24
今		深开三平侵见	kin44	kiŋ232	tʃiŋ13	kiŋ132	tʃiŋ24	tʃi{老派}/tʃiŋ{新派}	kin242	tʃin422	kiɘŋ43	tʃiŋ42	tʃiᵊŋ24
金		深开三平侵见	kiaŋ44	kiŋ232	tʃiŋ13	kiŋ132	tʃiŋ24	tʃiŋ13	kin242	tʃin422	kiɘŋ43	tʃiŋ42	tʃiᵊŋ24
琴		深开三平侵群	kiaŋ21	kiŋ33	tʃiɛ33	kiŋ22	tʃiŋ22	tʃiŋ533	kin33	tʃʰin33	tʃʰiɘŋ33	tʃiŋ33	tʃiᵊŋ21
音		深开三平侵影	iaŋ44	iŋ232	iŋ13	iŋ132	iŋ24	iŋ13	in242	in33	iɘŋ43	iŋ42	iᵊŋ24
品		深开三上寝滂		pʰiŋ422	pʰiŋ53{借桂}	pʰie44	pʰiŋ	pʰiŋ33{凡品官}/pʰəi33{品行}	pʰin35		pʰiɘŋ55	pʰiŋ55	pʰiᵊŋ55
渗		深开三去沁生	tsʰaŋ35		15	15		tʃʰiŋ35	tɕʰin55	ʃan21	ʃaŋ24	tʃʰiŋ35	ʃiᵊŋ53
任	责~	深开三去沁日		iŋ35	iᵘɔŋ21	iŋ21	iŋ55	iŋ35{任务}/iŋ21{上任}	in44	in33	iɘŋ24	iŋ35	iᵊŋ53
禁	~止	深开三去沁见	kiaŋ35	kiŋ35	tʃiŋ35	kiŋ35	tʃiŋ55	tʃiŋ35	kin55	tʃin35	kiɘŋ24	tʃiŋ35	tʃiᵊŋ53
粒		深开三入缉来	lia4	niᴇ422	ȵi21	ȵi44	li22	li5	li4	kʰʊɔ55{训读}	kʰuo55{训读}	kʰuo55{训读}	li21
集		深开三入缉从		tʃi21{借桂}	tʃi5	tʃi5	tʃi22	tʃi5	tɕiᴇ21		tʃi21	tʃi33	tsi21
习		深开三入缉邪		ʃi5	ʃi5	ʃi5		ʃi5	ɕiᴇ21	ʃi21{借桂}	ʃi21{借桂}	ʃi21{借桂}	siɛ5
蛰	惊~	深开三入缉澄	tʃi21	tʃi21	tsa21/tsəi21	tsəi21	tsəi22	tsəi21	tɕi4	tsʰᴇɪ21	tsɤ21	tʃiɛ33	tʃi21
汁		深开三入缉章		tʃi35	15	tʃi5	tsy24	tʃi5	tɕiᴇ21	tʃi21	tʃi24	tʃi21	tʃi21
湿		深开三入缉书	ʃa4	ʃiᴇ5	ʃi5	ʃi5	ʃi5	ʃi5	ɕiᴇ21	ʃi53	ʃiᴇ5	ʃiɛ5	ʃiɛ5
十		深开三入缉禅	ʃa4	ʃiᴇ53	ʃiɛ53	ʃie21	ʃie5	ʃiᴇ21	ɕiᴇ4	ʃiᴇ21	ʃiᴇ33	ʃiɛ33	ʃiɛ21
入		深开三入缉日	ȵia21	iᴇ422	iɛ5/y5	ŋ̩5	ŋ31	iu533{收入}/ȵi5{出入}	y4	ŋ53	ȵiᴇ5	ȵiɛ̃53	
急		深开三入缉见	kia4	kiᴇ5	tʃi5	ki5	tʃi5	tʃi5	kiᴇ21	tʃi53	tʃiᴇ5	tʃiɛ5	tʃiɛ5
级		深开三入缉见		kiᴇ5	tʃi5	ki21	tʃi22	tʃi5	kiᴇ21	tʃi53	tʃi21{借桂}	tʃi21	tʃi21
及		深开三入缉群		kiᴇ5	tʃi5	ki5	tʃi5{及时}/tʃi22{及第}	tʃi5	kiᴇ21	tʃi53	tʃi21	tʃiɛ55/tʃi21	tʃi21
吸		深开三入缉晓	hi4		tʃi5	hi5	tʃi22	15	suo21	ʃʊɔ53	suo5	ʃi21	tʃi21
单		山开一平寒端	tɒ̃44	tuo232	tᵘɔ13	tᵘɔ132	tɔ24	tuo13	lan242	ɗɑ̃422	tɑ̃43	tã42	tã24
摊		山开一平寒透	tʰɒ̃44	tʰuo232	tʰᵘɔ13	tʰᵘɔ132	tʰɔ24	tʰuo13	tʰan242	tʰɑ̃422	tʰɑ̃43	tʰã42	tʰã24
弹	~琴	山开一平寒定	tɒ̃21	tuo33	tᵘɔ33	tᵘɔ22	tɔ22	tuo533	tan33	tɑ̃33	tɑ̃33	tã33	tã21
难	~易	山开一平寒泥	nɒ̃21	nuo33	nᵘɔ33	nᵘɔ22	lɔ22	nuo533	na33	nɑ̃33	nɑ̃33	nã33	nã21
栏		山开一平寒来	lɒ̃21	nuo33	nᵘɔ33	luo22	lɔ22	luo533	lan33	lɑ̃33	nɑ̃33	lã33	lã21
餐		山开一平寒清	tsʰɒ̃44	tsʰuo232	tsʰᵘɔ13	tsʰᵘɔ132	tsʰɔ24	tsʰuo13	tsʰan242	tsʰɑ̃33{变调}	tsʰɑ̃43	tsʰã42	tsʰã24
残		山开一平寒从	tsɒ̃21	tsʰan21{借桂}	tsʰan21{借桂}	tsʰɑŋ22	tsɔ22	tsuo533	tsan33	tsʰɑ̃21{借桂}	tsʰɑ̃33	tsã33	tsʰã21
肝		山开一平寒见	kʊɒ̃44	koŋ232	kᵘɔŋ13	kuo132	kuo24	kuo13	kua242	kʊɑ̃422	kuɑ̃43	kuã42	kuã24
干	~湿	山开一平寒见	kʊɒ̃44	koŋ232	kᵘɔŋ13	kuo132	kuo24	kuo13	kua242	kʊɑ̃33{变调}	kuɑ̃43	kuã42	kuã24
寒		山开一平寒匣	hɒ̃21	huo33	hᵘɔ33	hᵘɔ22	hɔ22	huo533	han33	hɑ̃33	hɑ̃33	hã33	hã21
安		山开一平寒影	ɒ̃44	uo232	ᵘɔ13	ŋᵘɔ132	ŋɔ24	ŋuo13	an242	ɑ̃33	ɑ̃43	ã42	ã24
懒		山开一上旱来	lɒ̃33	nuo21	nᵘɔ21	nᵘɔ44	lɔ13	luo33	la21	lɑ̃13	nɑ̃52	lã53	lã55
伞		山开一上旱心	sɒ̃35	suo35	sᵘɔ35	sᵘɔ35	sɔ33	suo35	san55	sɑ̃35	sɑ̃24	sã35	sã55
赶		山开一上旱见	kɒ̃55/kʊaŋ55	koŋ422	kᵘɔ44	kᵘɔ44	kuaŋ33	kuo33	kua35	kʊɑ̃55	kɑ̃55	kuã55	kuã55
旱		山开一上旱匣	hɒ̃33	hoŋ21	hᵘɔŋ21	huo21	huo31	huo21	hua21	hʊɑ̃21	hɑ̃21	hã35	hã33
旦		山开一去翰端	tɒ̃35	tan35{借桂}	tɑŋ35	tᵘɔ21	tɔ31	tuo21	lan55	tɑ̃21	tɑ̃24	tã35	tã53
炭		山开一去翰透	tʰɒ̃35	tʰuo53	tʰᵘɔ53	tʰᵘɔ35	tʰɔ55	tʰuo35	tʰa5	tʰɑ̃35	tʰɑ̃24	tʰã35	tʰã53
蛋		山开一去翰定	tɒ̃53	tuo53	tᵘɔ53	tᵘɔ21	tɔ31	tuo21	tan44	tɑ̃21	tɑ̃21	tã21	tã33
难	灾~	山开一去翰泥	nɒ̃53	nuo53	nᵘɔ53	nᵘɔ21	lɔ31	luo21	nan44	nɑ̃21	nɑ̃24	nã21	nã33
烂		山开一去翰来	lɒ̃53	nuo53	nᵘɔ53	nɑŋ35	lɔ31	luo21	la44	lɑ̃21	nɑ̃21	lã21	lã33
灒	溅	山开一去翰精	tsɒ̃53	tʃʰi35{训读}	tsᵘɔ35	tsᵘɔ35	tsɔ55	tsuo35	tsa5	tsɑ̃35	tsɑ̃24	tsã35	tsã53
散		山开一去翰心	sɒ̃35	suo35	sᵘɔ35	sᵘɔ35	sɔ55	suo35	sa55	sɑ̃35	sɑ̃24	sã35	sã55
看	~见	山开一去翰溪	ȵiaŋ35	kʰuo53	kʰᵘɔ53	kʰᵘɔ35	kʰɔ55	kʰuo35	ɕiaŋ55{训读}	kʰʊɑ̃35	ȵiɑ24	ȵia35	ȵia53
岸		山开一去翰疑	ŋɒ̃53	uo53	ᵘɔ53	ŋᵘɔ21	ŋɔ31	ŋuo21	ua44	ʊɑ̃21	uɑ̃21	ã21	ŋã33
汉		山开一去翰晓	hɒ̃35	hoŋ53	hᵘɔ53	hᵘɔ35	hɔ55	huo21	han55	hɑ̃35	hɑ̃24	hã35	hã33
汗		山开一去翰匣	hɒ̃53	hoŋ53	hᵘɔŋ53	huo21	huo31	huo21	hua44	hʊɑ̃21	huɑ̃21	huã21	fã33
案		山开一去翰影	ɒ̃35	uo35	ᵘɔ35	ŋᵘɔ35	ŋɔ55	uo35{案件}/ŋuo35{案板}	a55	ɑ̃35	ɑ̃24	ã35	ã53
达		山开一入曷定		tuo5	tᵘɔ5	tᵘɔ5		tuo5	tuo21	tɑ53	ta21	ta5	ta5
捺		山开一入曷泥		na35	15	nᵘɔ5		luo5	nuo21		na21	na53	na5
辣		山开一入曷来	lʊo35	nua232	nuɯ35	nᵘɔ35	luo5	luo35	luo4	lɑ53	ȵiɑ5	la53	la5
擦		山开一入曷清	tsʰɒ55	tsʰuo422	tsʰᵘɔ5	tsʰᵘɔ44	tsʰɔ5	tsʰuo5	tsʰuo21	tsʰɑ53	tʃʰiɑ5	tsʰa5	tsʰa5
割		山开一入曷见	kʊɒ55	kua5	kuɯ5	kuo5	kuo5	kuo5	kuo21/kua21	kʊɔ53	kuɑ5	kua5	kua5
渴		山开一入曷溪		koŋ232	15	kʰuo44		kʰuo5		kʰʊɔ53	kʰuɑ5	kʰua5	kʰᵘo5
山		山开二平山生	ʃɒ̃44	suo232	sᵘɔ13	sᵘɔ132	sɔ24	ʃyɔ13	sa242	ʃɑ̃422	ʃɑ̃43	ʃã42	ʃã24
间		山开二平山见	kɒ̃44	kiŋ232	kᵘɔ13	kəi132	kɔ24	kuo13	tɕiᴇn242	kɑ̃33{变调}	kɑ̃43	kã42	kã24/tʃiɛ̃24
闲		山开二平山匣		huo33	hᵘɔ33	hᵘɔ22	ʃie22	huo533{老派}/ʃiᴇ13{新派}	ɕiᴇn33		hɑ̃33	ʃiɛ̃33	ʃiɛ̃21
铲		山开二上产初	tʃʰɒ̃55	tsʰuo21	tsʰᵘɔ21	tsʰᵘɔ44	tsʰɔ13	tʃʰyɔ33	tsʰan35	tʃʰɑ̃55	tʃʰɑ̃55	tʃʰã55	tsʰã55
简		山开二上产见		ki422	tʃiɛ44	kie44	tʃie33	tʃiᴇ33	kiᴇn35	tʃiᴇ̃53{借桂}	tʃiᴇ̃55	tʃiɛ̃55	tʃiɛ̃55
眼		山开二上产疑	ŋɒ̃33	uo21	ᵘɔ21	ŋᵘɔ44	ŋɔ13	ŋuo33	ŋa21	ŋɑ̃13	ŋɑ̃52	ŋã53	ŋã55
限		山开二上产匣		huo53	hᵘɔ53	hᵘɔ21	hɔ31	huo21	han44	hɑ̃21	ʃiᴇ̃24	hã21	hã33
扮		山开二去襉帮		puo53	pᵘɔŋ21	pɑŋ35	paŋ55	puo21	pan55	pɑ̃21	pɑ̃21	pã21	pã33
盼		山开二去襉滂		pʰan35{借桂}	pʰᵘɔ53	pʰɑŋ35	pʰaŋ55	pʰuo35	pʰan55	pʰɑ̃35	pʰɑ̃24	pʰã35	pʰã53
办		山开二去涧並	pɒ̃21	puo53	pᵘɔ53	pᵘɔ21	pɔ31	puo21	puan44	pɑ̃35	pɑ̃21	pã21	pã33
苋		山开二去襉匣	hɒ̃53	huo53	hᵘɔŋ21	hᵘɔ21	hɔ31	huo21	ha44	hɑ̃21	hɑ̃21	hã21	hã33
八		山开二入黠帮	pa55	puo5	pᵘɔ5	pᵘɔ5	pɔ5	puo5	puo21	ɓʊɔ53	piɑ5	pa5	pa5
拔		山开二入黠並	pa53	puo53	pᵘɔ5	pa44	pa5	puo21	pᴇn55	kʰʊæ̃e53	kʰuæ55{训读}	kʰuæ55{训读}	kʰuæ55{训读}/pa5
抹		山开二入黠明	mɒ55	kʰuo232	mɑu5	muo5	mɔ5	muo5	mua21	mʊɔ53	ma5	ma5	
扎	~辫子	山开二入黠庄	tʃɒ55	tsuo5	tsᵘɔ5	tsᵘɔ5	tsɔ5	tʃyɔ5	tsuo21		tʃa5	tʃa5	tʃa5
察		山开二入黠初	tʃʰɒ55	tsua33	tsʰᵘɔ5	tsᵘɔ22	tsʰɔ22	tʃʰyɔ533	tsuo33		tʃʰa5	tʃa33	tʃa21
杀		山开二入黠生	ʃɒ55	suo5	sᵘɔ5	sᵘɔ5	sɔ5	ʃyɔ5	suo21	ʃɑ53	ʃa5	ʃa5	ʃa5
班		山开二平删帮	pɒ̃44	puo232	pᵘɔ13	pᵘɔ132	pɔ24	puo13	pan242	ɓɑ̃422	pɑ̃43	pã42	pã24
蛮		山开二平删明	mɒ̃21	muo33	mᵘɔ33	mɑŋ22	mɔ22	muo533	man33	mɑ̃33	mɑ̃33	mã33	mã21
删		山开二平删生		soŋ232	sᵘɔŋ13	sᵘɔ132	sɔ24	ʃyɔ13	sua242	ʃyᴇ̃33	ʃuɑ̃43	ʃã42	suã24
奸		山开二平删见	kɒ̃44	tʃiᴇn33{借桂}	tʃiɛ13	kie132	tʃie24	tʃiᴇn13	kiᴇn242	tʃiᴇ̃33{借桂}	tʃiᴇ̃43	tʃiɛ̃42	tʃiɛ̃24
颜		山开二平删疑		iŋ33	iɛ33	ie22	ie22	iᴇn533	iᴇn33	iᴇ̃33	iᴇ̃33	iɛ̃33	iɛ̃21
板		山开二上潸帮	pɒ̃55	puo422	pᵘɔ44	pᵘɔ44	pɔ33	puo33	pa35	ɓɑ̃55	pɑ̃55	pã55	pã55
慢		山开二去谏明	mɒ̃53	muo53	mᵘɔ53	mᵘɔ21	mɔ31	muo21	ma44	mɑ̃21	mɑ̃21	mã21	mã33
雁		山开二去谏疑		uo35	ᵘɔ35	ŋᵘɔ21	ie55/ŋɔ55	ŋuo21	ŋan44	ŋʊɔ33	ŋɑ̃24	ŋã35/iɛ̃35	ŋã53
铡		山开二入辖崇		tsuo5	tsᵘɔ53	tsᵘɔ21	tsɔ31	tsau21	tsuo21	tʃɑ53	tʃa5	tʃa5	tʃa5
鞭		山开三平仙帮	pan44	pi232	piɛ13	pie132	pie24	piᴇ13	piᴇn242	ɓiᴇ̃33	piᴇ̃43	piɛ̃42	piɛ̃24
篇		山开三平仙滂	pʰan44	pʰi232	pʰiɛ13	pʰie132	pʰie24	pʰiᴇ13	pʰiᴇn242	pʰiᴇ̃33	pʰiᴇ̃43	pʰiɛ̃42	pʰiɛ̃24
便	{~宜}	山开三平仙並	pan21	pəi33	pəi33	pie21	pie22	pəi533	pᴇn33	piᴇ̃33	piᴇ̃33	piɛ̃33	piɛ̃21
棉		山开三平仙明	man21	mi33	miɛ33	mie21{借桂}	muo22/mie22	miᴇ533	miᴇn33	mʊɔ21	miᴇ̃33	miɛ̃33	miɛ̃21
连		山开三平仙来	lan21	ni33	niɛ33	ȵie22	lie22	liᴇ533	liᴇn33	liᴇ̃33	ȵiᴇ̃33	liɛ̃33	liɛ̃21
煎		山开三平仙精	tsan44	tʃi232	tʃiɛ13	tʃie132	tʃie24	tʃiᴇ13	tɕiᴇn242	tʃiᴇ̃422	tʃiᴇ̃43	tʃiɛ̃42	tsiɛ̃24
迁		山开三平仙清	tsʰan44	tʃʰi232	tʃʰiɛ13	tʃʰie132	tʃʰie24	tʃʰiᴇ13	tɕʰiᴇn242	tʃʰiᴇ̃422	tʃʰiᴇ̃43	tʃʰiɛ̃42	
钱		山开三平仙从	tsan21	tʃi33	tʃiɛ33	tʃie33	tʃie22	tʃiᴇ533	tɕiᴇ33	tʃʰiᴇ̃33	tʃʰiᴇ̃33	tʃiɛ̃33	tsiɛ̃21
仙		山开三平仙心	san44	ʃi232	ʃiɛ13	ʃie132	ʃie24	ʃiᴇ13	ɕiᴇ242	ʃiᴇ̃422	ʃiᴇ̃43	ʃiɛ̃42	siɛ̃24
燃		山开三平仙日	ŋan21	iŋ33	iɛ33	ie22	lie22	niᴇ533	iᴇn33	niᴇ̃33	iᴇ̃33	iɛ̃33	iɛ̃21
延		山开三平仙以		iᴇn21{借桂}	iɛ33	iŋ22	ie22	iᴇ533	iᴇn33	iᴇ̃33	iᴇ̃33	iɛ̃33	iɛ̃21
辨		山开三上狝並		piᴇn35{借桂}	piɛ53	pie21	pie31	piᴇ21	piᴇn44	piᴇ̃35{借桂}	piᴇ̃24	piɛ̃35	piɛ̃33
免		山开三上狝明	man33	miŋ21	miɛ21	mie44	mie13	miᴇ33	miᴇn21	miᴇ̃13	miᴇ̃52	miɛ̃53	miɛ̃55
碾	{~碎}	山开三上狝泥	nan55	ni21	niɛ21	ȵie44	lie13	niᴇ33	ȵiᴇn21	ȵiᴇ̃55	ȵiᴇ̃52	ȵiɛ̃53	ȵiɛ̃55
剪		山开三上狝精	tsan55	tʃi422	tʃiɛ44	tʃie44	tʃie33	tʃiᴇ33	tɕiᴇ35	tʃiᴇ̃55	tʃiᴇ̃55	tʃiɛ̃55	tsiɛ̃55
浅		山开三上狝清	tsʰan55	tʃʰi21	tʃʰiɛ21	tʃʰie44	tʃʰie13	tʃʰiᴇ33	tɕʰiᴇ35	tʃʰiᴇ̃55	tʃʰiᴇ̃55	tʃʰiɛ̃55	tsʰiɛ̃55
展		山开三上狝知	tʃin55	tsuo422	tsan44	tsɑŋ44	tsaŋ33	tsaŋ33	tsan35	tʃɑ̃55	tʃɑ̃55	tʃã55	tsã55
善		山开三上狝禅	ʃʊaŋ53	sɑŋ35	san35	sɑŋ35	saŋ55	saŋ35	san44		ʃɑ̃24	ʃã35	sã53
件		山开三上狝群	kan53	ki53	tʃiɛ53	kie21	tʃie31	tʃiᴇ21	kiᴇn44		tʃʰiᴇ̃21	tʃiɛ̃21	tʃiɛ̃33
演		山开三上狝疑		iŋ422	iɛ44	ie44	ie33	iᴇ33	iᴇn21	iᴇ̃53	iᴇ̃52	iɛ̃53	iɛ̃55
变		山开三去线帮	pan35	pi35	piɛ35	pie35	pie55	piᴇ35	piᴇ55	ɓiᴇ̃35	piᴇ̃24	piɛ̃35	piɛ̃53
骗	{~人}	山开三去线滂	pʰan35	pʰi53	pʰiɛ53	pʰie35	pʰie55	pʰiᴇ35	pʰiᴇn55	pʰiᴇ̃35	pʰiᴇ̃24	pʰiɛ̃35	pʰiɛ̃53
便	{方~}	山开三去线並	pan53	pi21	piɛ53	pie21	pie31	piᴇ21	piᴇn44	piᴇ̃21	piᴇ̃21	piɛ̃21	piɛ̃33
面		山开三去线明	man53	mi53	miɛ53	mie21	mie31	miᴇ21	miᴇn44	miᴇ̃21	miᴇ̃21	miɛ̃21	miɛ̃33
箭		山开三去线精	tsan35	tʃi35	tʃiɛ35	tʃie35	tʃie55	tʃiᴇ35	tɕiᴇ55	tʃiᴇ̃35	tʃiᴇ̃24	tʃiɛ̃35	tsiɛ̃53
贱		山开三去线从	tsan53	tʃi53	tʃiɛ53	tʃie21	tʃie31	tʃiᴇ21	tɕiᴇ44	tʃʰiᴇ̃21	tʃʰiᴇ̃21	tʃiɛ̃21	tsiɛ̃33
线		山开三去线心	san35	ʃi35	ʃiɛ35	ʃie35	ʃie55	ʃiᴇ35	ɕiᴇ55	ʃiᴇ̃35	ʃiᴇ̃24	ʃiɛ̃35	siɛ̃53
战		山开三去线章		tsan35	tsan53	tsɑŋ35	tsaŋ55	tsaŋ35	tsan55	tʃɑ̃35	tʃɑ̃24	tʃã35	tʃã53
扇		山开三去线书	ʃan35	ʃi35	ʃiɛ35	ʃie35	ʃie55	ʃiᴇ35	ɕiᴇ55	ʃiᴇ̃35	ʃɑ̃24	ʃiɛ̃35	ʃiɛ̃53
别		山开三入薛帮		piᴇ5	piɛ5	pie21	pie5	piᴇ21	piᴇ21	piᴇ21	piᴇ21	piɛ5	piɛ21
灭		山开三入薛明		miᴇ21	miɛ5	mie44	mie22	miᴇ5	miᴇ21	miᴇ53	miᴇ52	miɛ53	miɛ5
列		山开三入薛来		niᴇ21	niɛ5	ȵie44	lie22	liᴇ5	liᴇ21	liᴇ21	ȵiᴇ21{借桂}	liɛ5	liɛ5
撤		山开三入薛彻		tsʰa422	tsʰa5	tsʰa5	tsʰa5	tsʰa5	tsʰa21	tʃʰɑ53	tʃʰɤ5	tʃʰiɛ5	tsʰiɛ5
舌		山开三入薛船	ʃa21	ʃi53	ʃiɛ53	ʃie21	ʃie31	ʃiᴇ21	ɕiᴇ4	ʃiᴇ21	ʃiᴇ21	ʃiɛ21	ʃiɛ21
折	{~本}	山开三入薛禅	ʃi21	ʃiᴇ53	ʃiɛ53	ʃie5	ʃie31	ʃiᴇ21	ɕiᴇ4	ʃiᴇ21		ʃiɛ21	
热		山开三入薛日	ȵi4	iᴇ422	iɛ5	ȵie5	lie5	niᴇ5	ȵiᴇ21	ȵiᴇ53	ȵiᴇ52	ȵiɛ53	ȵiɛ5
孽		山开三入薛疑	ȵi4	iᴇ422	iɛ5	ȵie5	lie5	liᴇ5	ȵiᴇ21		ȵiᴇ52	ȵiɛ53	ȵiɛ5
言		山开三平元疑		iᴇn21{借桂}	15	ie22	ie22	iᴇn533	iᴇn33		iᴇ̃33	iɛ̃33	iɛ̃21
建		山开三去愿见		tʃiᴇn35{借桂}	tʃiŋ35	kiŋ35	tʃiŋ55	tʃiᴇn35	tɕiᴇn55	tʃiᴇ̃35	tʃiᴇ̃24	tʃiɛ̃35	tʃiɛ̃53
献		山开三去愿晓		hi53	ʃiɛ35	hie35	ʃie55	ʃiᴇ35	ɕiᴇn55	ʃiᴇ̃35	ʃiᴇ̃24	ʃiɛ̃35	ʃiɛ̃33
揭		山开三入月见	tʃʰi33	kiᴇ5	tʃiɛ5	kie5	tʃie5	tʃiᴇ5	tɕiᴇ21		tʃiᴇ21	tʃiɛ5	tʃiɛ5
歇		山开三入月晓	hia4	hiᴇ5	ʃiɛ5	hie5	ʃie5	ʃiᴇ5	ɕiᴇ21	ʃiᴇ53	ʃiᴇ5		
边		山开四平先帮	pan44	pi232	piɛ13	pie132	pie24	piᴇ13	piᴇ242	ɓiᴇ̃422	piᴇ̃43	piɛ̃42	piɛ̃24
颠		山开四平先端			tiɛ13	tie132	tie24	tiᴇ13		ɗiᴇ̃422	tiᴇ̃43	tiɛ̃42	tiɛ̃24
天		山开四平先透	tʰan44	tʰi232	tʰiɛ13	tʰie132	tʰie24	tʰiᴇ13	tʰiᴇn242	tʰiᴇ̃422	tʰiᴇ̃43	tʰiɛ̃42	tʰiɛ̃24
田		山开四平先定	tan21	ti33	tiɛ33	tie22	tie22	tiᴇ533	tiᴇ33	tiᴇ̃33	tiᴇ̃33	tiɛ̃33	tiɛ̃21
年		山开四平先泥	nan21	ni33	niɛ33	ȵie22	lie22	niᴇ533	ȵiᴇn33	ȵiᴇ̃33	ȵiᴇ̃33	ȵiɛ̃33	ȵiɛ̃21
怜		山开四平先来	lan33	ni33	niɛ33	ȵiŋ22	lie22	liᴇ533	liᴇn33	lin33	ȵiᴇ̃33	liɛ̃33	liɛ̃21
千		山开四平先清	tsʰan44	tʃʰi232	tʃʰiɛ13	tʃʰie132	tʃʰie24	tʃʰiᴇ13	tɕʰiᴇn242	tʃʰiᴇ̃422	tʃʰiᴇ̃43	tʃʰiɛ̃42	tsʰiɛ̃24
前		山开四平先从	tsan21	tʃi33	tʃiɛ33	tʃie22	tʃie22	tʃiᴇ533	tɕiᴇ33	tʃʰiᴇ̃33	tʃʰiᴇ̃33	tʃiɛ̃33	tsiɛ̃21
先		山开四平先心	san44	ʃi232	ʃiɛ13	ʃie132	ʃie24	ʃiᴇ13	ɕiᴇn242	ʃiᴇ̃422	ʃiᴇ̃43	ʃiɛ̃42	siɛ̃24
肩		山开四平先见			tʃiɛn33{借桂}	kiŋ132	tʃie24	15	kiᴇn242		tʃiᴇ̃43	tʃiɛ̃42	tʃiɛ̃24
牵		山开四平先溪	han44	kʰi232	tʃʰiɛ13	kʰie132	tʃʰie24	tʃʰiᴇ13	kʰiᴇn242	tʃʰiᴇ̃422	tʃʰiᴇ̃43	tʃʰiɛ̃42	tʃʰiɛ̃24
研		山开四平先疑		iᴇn21{借桂}	niɛ33	ȵie132	lie13	niᴇ33	iᴇn33	ȵiᴇ̃33	iᴇ̃33	ȵiɛ̃33	ȵiɛ̃24
烟		山开四平先影	in44	i232	iɛ13	ie132	ie24	iᴇ13	iᴇn242	iᴇ̃422	iᴇ̃43	iɛ̃42	iɛ̃24
扁		山开四上铣帮	pan55	pi422	piɛ44	pie44	pie33	piᴇ33	piᴇn35	ɓiᴇ̃55	piᴇ̃55	piɛ̃55	piɛ̃55
典		山开四上铣端	tan55	tiᴇn53{借桂}	tiɛ44	tie44	tie33	tiᴇ33	liᴇn35	ɗiᴇ̃55	tiᴇ̃55	tiɛ̃55	tiɛ̃55
遍		山开四去霰帮	pʰan35	pʰi53	pʰiɛ53	pie35	pʰie55	pʰiᴇ35	piᴇn55	pʰiᴇ̃35	piᴇ̃24	pʰiɛ̃35	piɛ̃53
片		山开四去霰滂	pʰan35	pʰi53	pʰiɛ53	pʰie35	pʰie55	pʰiᴇ35	pʰiᴇn55	pʰiᴇ̃35	pʰiᴇ̃24	pʰiɛ̃35	pʰiɛ̃53
面	{~粉}	山开四去霰明	man53	mi53	miɛ53	mie21	mie31	miᴇ21	miᴇn44	miᴇ̃21	miᴇ̃21	miɛ̃21	miɛ̃33
电		山开四去霰定	tan53	ti53	tiɛ53	tie21	tie31	tiᴇ21	tiᴇn44	tiᴇ̃21	tiᴇ̃21	tiɛ̃21	tiɛ̃33
练		山开四去霰来	lan53	ni53	niɛ53	ȵie21	lie31	liᴇ21	liᴇn44	liᴇ̃21	niᴇ̃21	liɛ̃21	liɛ̃33
见		山开四去霰见	kan35	ki35	tʃiɛ35	15	tʃie55	tʃiᴇ35	kiᴇn55	tʃiᴇ̃35		tʃiɛ̃35	tʃiɛ̃53
现		山开四去霰匣	han53	hi53	ʃiɛ53	hie21	ʃie55	ʃiᴇ35	ɕiᴇn44		ʃiᴇ̃24	ʃiɛ̃21	ʃiɛ̃33
憋		山开四入屑帮	pi4	piᴇ53	piɛ5	pie21	pie5	piᴇ21	piᴇ21	ɓiᴇ53	piᴇ21	piɛ5	piɛ5
撇		山开四入屑滂	pʰi4	pʰiᴇ5	pʰiɛ5	pʰie44	pʰie5	pʰiᴇ5	pʰiᴇ21	pʰiᴇ53	pʰiᴇ5	pʰiɛ5	pʰiɛ5
铁		山开四入屑透	tʰi4	tʰiᴇ422	tʰiɛ5	tʰie5	tʰie5	tʰiᴇ5	tʰiᴇ21	tʰiᴇ53	tʰiᴇ5	tʰiɛ5	tʰiɛ5
节		山开四入屑精	tsi4	tʃiᴇ5	tʃiɛ5	tʃie5	tʃie5	tʃiᴇ5	tɕiᴇ21	tʃiᴇ53	tʃiᴇ21	tʃiɛ5	tsiɛ5
切		山开四入屑清	tʃʰi44	tʃʰiᴇ5	tʃʰiɛ5	tʃʰie5	tʃʰie5	tʃʰiᴇ5	tɕʰiᴇ21	tʃʰiᴇ53	tʃʰiᴇ5	tʃʰiɛ5	tsʰiɛ5
截		山开四入屑从	tsi4	tʃiᴇ5	tʃiɛ5	tʃie5	tʃie5	tʃiᴇ5	tɕiᴇ21	tʃiᴇ53		tʃiɛ5	tʃiɛ5
结		山开四入屑见	ki4	kiᴇ5	tʃiɛ5	kie5	tʃie22	tʃiᴇ5	kiᴇ21	tʃiᴇ53	tʃiᴇ5	tʃiɛ5	tʃiɛ5
噎		山开四入屑影	i4	iᴇ5	iɛ13	ie5	ie5	iᴇ5	iᴇ21	iᴇ53	iᴇ5	iɛ5	iɛ5
搬		山合一平桓帮	pon44	poŋ232	pᵘɔŋ13	puo132	puo24	puo13	pua242	ɓɑ̃422	pɑ̃43	pã42	pã24
盘		山合一平桓並	pon21	poŋ33	pᵘɔŋ33	puo22	puo22	puo533	pua33	pɑ̃33	pɑ̃33	pã33	pã21
端		山合一平桓端	ton44	tua232	tᵘɔ13	tᵘɔ132	tu24	tuɤ13	lua242	ɗʊɑ̃422	tuɑ̃43	tuã33	tuã24
团		山合一平桓定	tɔ̃21	toŋ33	tua33	tᵘɔ22	tuo22	tuo533	tua33	tʊɑ̃33	tuɑ̃33	tuã33	tuã21
钻	{动词}	山合一平桓精	tson44	tsoŋ35	tsua13	tsuɑŋ132	tʃyø24	tsuo13	tsua242	tsʊɑ̃422	tsuɑ̃43	tsuã42	tsuã24
酸		山合一平桓心	son44	soŋ232	sᵘɔŋ13	sᵘɔ132	suo24	suo13	sua242	sʊɑ̃422	suɑ̃43	suã42	suã24
官		山合一平桓见	kon44	koŋ232	kᵘɔŋ13	kuo132	kuo24	kuo13	kuan242	kʊɑ̃422	kuɑ̃43	kuã42	kuã24
欢		山合一平桓晓	hon44	hoŋ232	fɑŋ13	huɑŋ132	faŋ24	faŋ13	huan242	fʊɑ̃422	huɑ̃43	huã42	fã24
丸		山合一平桓匣	in21	a33	yɛ33	uɑŋ22	uaŋ22	yᴇ533	uan33	ʊɑ̃21{借桂}	yᴇ̃33	uã33	uã21
伴		山合一上缓並	pon33	poŋ53	pᵘɔŋ53	puo21	puo31	puɔ21	puan44	pɑ̃21	pɑ̃24	pã21	pã33
满		山合一上缓明	mon33	moŋ21	mᵘɔŋ21	muo44	muo13	muo33	mua21	mɑ̃13	mɑ̃52	mã53	mã55
短		山合一上缓端	ton55	toŋ422	tᵘɔŋ44	tuo44	tuo33	tuo33	lua35	ɗʊɑ̃55	tuɑ̃55	tuã55	tuã55
暖		山合一上缓泥	non33	noŋ21	nᵘɔŋ21	lᵘɔ44	luo13	nuo33	nua21	nʊɑ̃21	luɑ̃52	nuã53	nuã55
卵		山合一上缓来	tɒ̃53{训读}		nᵘɔ21	15		luo33	luo35	lʊɔ55	nuɑ̃52	luo55	lᵘo55
管		山合一上缓见	kon55	koŋ422	kᵘɔŋ44	kuɑŋ44	kuo33	kuo33	kua35	kʊɑ̃55	kuɑ̃55	kuã55	kuã55
碗		山合一上缓影	on55	ŋ422	ŋ44	uo44	uo33	uɔ33	ua35	ʊɑ̃55	uɑ̃55	uã55	uã55
半		山合一去换帮	pon33	poŋ35	pᵘɔŋ35	puo35	puo55	puo35	pua55	ɓɑ̃35	pɑ̃24	pã35	pã53
判		山合一去换滂	pʰon35	pʰan35{借桂}	pʰᵘɔ53	pʰɑŋ35	pʰaŋ55	pʰuɔ35	pʰan55	pʰɑ̃35	pʰɑ̃24	pʰã35	pʰã53
叛		山合一去换並	pʰon35	pʰan35{借桂}	pʰan35	pɑŋ35	pʰaŋ55	pʰuɔ35	pan44	pʰɑ̃35	pʰɑ̃24	pʰã21	pʰã53
段		山合一去换定		toŋ53	tᵘɔŋ53	tᵘɔ21	tuo31	tuo21	tuan44	tʊɑ̃21	tuɑ̃21	tuã53	tuã33
乱		山合一去换来	lon53	noŋ53	nᵘɔ53	nᵘɔ21	luo31	luɔ21	lua44	lʊɑ̃21	nuɑ̃21	luã21	luã33
钻	{~子}	山合一去换精	tson35	tsoŋ35	tsua53	tsuɑŋ35	tsuo55	tsuo35	tsua55	tsʊɑ̃35	tsuɑ̃24	tsuã35	tsuã53
蒜		山合一去换心	son35	soŋ35	sᵘɔŋ35	sᵘɔ35	suo55	suo35	sua55	sʊɑ̃35	suɑ̃24	suã35	suã53
罐		山合一去换见		tɑŋ53{训读}	kᵘɔŋ35	kuo35	kuo55	kuaŋ35	kuan55	kʊɑ̃35	kuɑ̃24	kuã35	kuã53
换		山合一去换匣	hon53	hoŋ53	hᵘɔŋ53	huo21	hua31	huo21	huan44	hʊɑ̃21		huã21	fã33/huã33
拨		山合一入末帮	pɯ44	pua5	puɯ5	puo5	puo5	puo5	po21	ɓʊɔ53	pa5	puo5	pa5
泼		山合一入末滂	pʰɯ44	pʰua422	pʰuɯ5	pʰuo5	pʰuo5	pʰuo5	pʰua21	pʰʊɔ53	pʰa5	pʰa5	pʰa5
末		山合一入末明			mᵘɔ21	muo44	muo5	muo5	mo21	mʊɔ53	muo21	mi53	
脱		山合一入末透	tʰi4	tʰi5	tʰua53	tʰuo5	tʰuo5	tʰuo5	tʰua21		tʰuɑ5	tʰua5	tʰuæ5
括		山合一入末见		kua21	kuɯ5	kua4	kʰuo5/kʰuo22	kuɔ5	kua21	kʊɑ̃21/kʊɔ53	kuɑ21	kua5	kua5
阔		山合一入末溪	fɯ4	hua5	kʰuɯ5	kʰuo5	kʰuo5	kʰuo5	kʰua21	kʰʊɔ53	kʰuɑ5	kʰua5/kʰuo5	kʰua5
活		山合一入末匣		hua33	huɯ53	huo5	huo22	huo5	huo21	hʊɔ33	huo33	huo33	hᵘo21
滑		山合二入黠匣	fɒ33	hua33	huɯ53	hᵘɔ21	hua22	huo5	hua44	hʊɔ21	huɑ21	hua21	huã21
关		山合二平删见	kʊɒ̃44	koŋ232	kᵘɔŋ13	kᵘɔ132{关口}/kye132{关门}/kuɑŋ132{关于}	kuəi24	kuɤ13	kuᵉi242	kʊɑ̃422	kuɑ43	kuã42	kuã24
环		山合二平删匣		huan21{借桂}	fan33	huɑŋ22	faŋ22	faŋ33	huan33		huɑ33	huã33	fã21/huã21
弯		山合二平删影	ʊɒ̃44	oŋ232	ŋ13	uo132	uo24	uɔ13	ua242	ʊɑ̃33	uɑ̃43	uã42	uã24
惯		山合二去谏见		koŋ33	kᵘɔŋ35	kuɑŋ35	kua55	kuaŋ33	kuan55	kʊɑ̃35	kuɑ24	kua35	kua53
患		山合二去谏匣			15	huɑŋ35	faŋ55	fuɔ21	huan44		fɑ̃24	huã21	fã33/huã33
刷		山合二入辖生	ʃʊa35	sua53	sua5	sᵘɔ5	sua5	fy33	sua21	ʃʊɔ53	ʃa21	ʃua5	ʃua5
刮		山合二入辖见	kʊɒ55	kua5	kuɯ5	kʊ5	kua5	kuɔ5	kua21	kʊɔ53	kuɑ5	kua5	kua5
全		山合三平仙从	tsan21	tsa33	tyɛ33	tye22	tʃio22	tsɤ533	tɕyᴇn33	tʃʰyᴇ̃33	tʃʰyᴇ̃33	tʃyɛ̃33	tsyɛ̃21
宣		山合三平仙心		ʃyᴇn33	ʃyɛ13	ʃye132	ʃio24	ʃyᴇn13	ɕyᴇn242		ʃyᴇ̃43	ʃyɛ̃42	syɛ̃24
旋		山合三平仙邪	tan35{训读}	ta35{训读}	15	tye35{训读}	fio55	ʃyᴇn33	ɕyᴇn33	tʃʰyᴇ̃21	ʃyᴇ̃24	ʃyɛ̃33	tʃyɛ̃33
传		山合三平仙澄	tʃan21	tsa33	tʃyɛ33	tʃye22	tʃio22	tyᴇ33	tɕyᴇ33	tʃʰyᴇ̃33	tʃʰuɑ̃21{借桂}	tʃuã33	tʃyɛ̃21
专		山合三平仙章	tʃan44	tsa232	tʃyɛ13	tʃye132	tʃio24	tʃyᴇ13	tsuan242	tʃyᴇ̃33	tʃyᴇ̃43	tʃuã42	tʃyɛ̃̃24
穿		山合三平仙昌	tʃʰan44	tsʰa232	tʃʰyɛ13	tʃʰye132	tʃʰyø24	tʃʰyᴇ13	tsʰa242	tʃʰyᴇ̃33	tʃʰyᴇ̃43	tʃʰyɛ̃42	tʃʰyɛ̃24
船		山合三平仙船	ʃan21	sa33	ʃyɛ33	ʃye22	ʃio22	fyᴇ33	sa33	ʃyᴇ̃33	tʃʰyᴇ̃33	ʃyɛ̃33	tʃyɛ̃21
拳		山合三平仙群	kan21	ka33	tʃyɛ33	kye22	kio22	ky33	kyᴇn33	tʃʰyᴇ̃33	tʃʰyᴇ̃33	tʃyɛ̃33	tsyɛ̃21
圆		山合三平仙云	lon33{调读}	a33	yɛ33	ye22	io22	yᴇ33	lua33{训读}	lʊɑ̃33{训读}	yᴇ̃33	yɛ̃33	yɛ̃21
铅		山合三平仙以		a33	tsʰəi13	ye22	io22	yᴇ533	yᴇn33	yᴇ33	yᴇ̃33/tʃʰiᴇ̃43	yɛ̃33	yɛ̃21
选		山合三上狝心	san33	sa422	ʃyɛ44	ʃye44	ʃio33	sɤ33	ɕyᴇn35	ʃyᴇ̃̃55	ʃyᴇ̃55	ʃyɛ̃55	syɛ̃55
软		山合三上狝日	ŋan33	a21	yɛ21	ŋye44	ŋio13	a33	ŋa21	ny13	yᴇ̃52	ȵyɛ̃53	ȵyɛ̃55
卷		山合三上狝见	kan33	ka422	tyɛ44	kye44	kio33	kɤ33	kyᴇn35	kyᴇ̃55	tʃyᴇ̃55	tʃyɛ̃55	tʃyɛ̃55
恋		山合三去线来		ni53	15	ȵie21	lie31	liᴇ21	ȵiᴇn44			liɛ̃35	ȵiɛ̃33
转	{~螺丝}	山合三去线知	tan33	ta33	tyɛ35	tye35		tyᴇ33/tɤ33	lyᴇ55		tyᴇ̃24	tʃyɛ̃55	
串		山合三去线昌	tʃʰan35	tsʰa33	tʃʰyɛ53	tʃʰye35	tio55	tyᴇ33	tsʰa55	tʃʰyᴇ̃35	tʃʰyᴇ̃24	tʃʰyɛ̃35	tʃʰyɛ̃53
院		山合三去线云			yɛ53	ye21	io31	yᴇ21	yᴇn44	yᴇ̃21	yᴇ̃21	yɛ̃21	yɛ̃33
绝		山合三入薛从		tsa33	tʃyɛ5	kye5	kio5	tsɤ21	tɕyᴇ21		tʃyᴇ̃21	tʃyɛ̃21	
雪		山合三入薛心	si4	sa33	ʃyɛ5	ʃye5	ʃio5	sɤ33	ɕyᴇ21	ʃyɑ̃53	ʃyᴇ5	ʃyɛ5	syɛ5
翻		山合三平元敷	fɒ̃44	fuo232	fᵘɔ13	fᵘɔ132	fɔ24	fuo33	fa242	fɑ̃33	fɑ̃43	fã42	fã24
烦		山合三平元奉	fɒ̃21	fuo33	fᵘɔ33	fᵘɔ22	fɔ22	fuo33	fan33	fɑ̃33	fɑ̃33	fã33	fã21
元		山合三平元疑	fa33	yᴇn21{借桂}	yɛ33	ye22		yᴇ33	yᴇn33	yᴇ̃33	yᴇ̃33	yɛ̃33	yɛ̃21
原		山合三平元疑	in21	iŋ33	yɛ33	ye22		yᴇn533	yᴇn33	yᴇ̃33	yᴇ̃33	yɛ̃33	yɛ̃21
冤		山合三平元影	in44	a232	yɛ13	ye132	yɔ24	yᴇ13	yᴇn242	yᴇ̃33	yᴇ̃43	ȵyɛ̃42	yɛ̃24
园		山合三平元云	in21	yᴇn21{借桂}	yɛ33	ye22	yø22	yᴇ533	yᴇn33	yᴇ̃33	yᴇ̃33	yɛ33	yɛ̃21
反		山合三上阮非	fɒ̃55	fuo422	fᵘɔ44	fᵘɔ44	fɔ33	fuo33	fa35	fɑ̃55	fɑ̃55	fã55	fã55
晚		山合三上阮微			ŋ44	15		15	ua44			uã53	
远		山合三上阮云	in33	a21	yɛ21	ye44	io13	yᴇ33	yᴇ21	yᴇ̃13	yᴇ̃52	yɛ̃53	yɛ̃55
贩		山合三去愿非	fɒ̃35	fuo33	fan35	fɑŋ35	fa55	fuo35{新派}/fuo21{老派}	fan55	fɑ̃35	fɑ̃24	fã35	fã33
饭		山合三去愿奉	fɒ̃53	fuo53	fᵘɔ53	fᵘɔ21	fɔ31	fuo21	fa44	fɑ̃21	fɑ̃21	fã21	fã33
万		山合三去愿微	ʊɒ̃53	uo53	ŋ53	ᵘɔ21	ua31	uo21	uan44	ʊɑ̃21	uɑ̃21	uã21	uã33
劝		山合三去愿溪	han33	ha33	tʃʰyɛ53	kʰye35	kʰio55	kʰɤ33	kʰa55	kʰyᴇ̃35	tʃʰyᴇ̃24	tʃʰyɛ̃35	tʃʰyɛ̃53
愿		山合三去愿疑	ŋan33	yᴇn35{借桂}	yɛ53	ye21	ŋyɔ31	yᴇn21	yᴇn44		ȵyᴇ̃21	ȵyɛ21	ȵyɛ̃33
怨		山合三去愿影	in33	yᴇn35{借桂}	yɛ53	ye35	yɔ55	yᴇ33	yᴇ55	yᴇ̃21	ȵyᴇ̃21	yɛ̃35	y33
发	{~财}	山合三入月非	fɒ̃55	fuo5	fᵘɔ5	fᵘɔ5	fɔ5	fuo5	fuo21	hʊɔ53	fiɑ5	fa5	fa5
罚		山合三入月奉	fɒ̃53	fuo33	fᵘɔ53	fᵘɔ21	fɔ31	fuɔ21	fuo33	hʊɔ21	fiɑ21	fã21	fã5
袜		山合三入月微	mɒ21	mua422	muɯ5	muo55	mɔ5	muo5	muo21	mʊɔ53	ma5	ma53	ma5
月		山合三入月疑	ʊɯ4	a21	yɛ5	ŋye5	ŋio5	mɤ5	ŋə242	ȵyɑ̃53	ȵyᴇ5	ȵyɛ̃53	ȵyɛ5
县		山合四去霰匣	han53	hi53	ʃiɛ53	hie21	ʃie31	ʃiᴇ21	ɕiᴇn44	ʃiᴇ̃21	ʃiᴇ̃21	ʃiɛ̃21	ʃiɛ̃33
缺		山合四入屑溪	kʰiᴇ4	kʰi422	tʃʰyɛ5	kʰye5	kʰio5	kʰy5	kʰə21	kʰyɑ̃53	tʃʰyᴇ5	tʃʰyɛ5	tʃʰyɛ5
血		山合四入屑晓	ʃi4	ha5	ʃyɛ5	hye5	hyɔ5	hɤ5	hə21	ʃyɑ̃53	ʃyᴇ5	ʃyɛ5	ʃyɛ5
吞		臻开一平痕透	tʰaŋ44	i33{训读}	tʰaŋ13	tʰaŋ132	tʰaŋ24	taŋ13	tʰən242	iᴇ̃35{训读}	tʰɘŋ43	tʰɘŋ42	tʰɘŋ24
根		臻开一平痕见	kaŋ44	ka232	ka13	ka132	ka24	tiəi13	kə242	kɜn422	kiɘŋ43	kɘŋ42	kɘŋ24
痕		臻开一平痕匣			haŋ33	haŋ22	haŋ22	haŋ533	hən33	in35{训读}	hɘŋ33	hɘŋ33	hɘŋ21
恩		臻开一平痕影	ŋaŋ44	a232	aŋ13	ŋa132	ŋa24	nəi13	ə242{多说}/ən242	ŋɜn33	ɘŋ43	ɘŋ42	ɘŋ24
很		臻开一上很匣	haŋ53	haŋ422	haŋ44	haŋ44	haŋ13	hoŋ33	hən35	hɜn55	hɘŋ52	hɘŋ53	hɘŋ55
恨		臻开一去恨匣	haŋ53	haŋ53	haŋ53	haŋ21	haŋ31	hoŋ21	hən44	hɜn21	hɘŋ21	hɘŋ21	hɘŋ33
宾		臻开三平真帮	paŋ44	piŋ232	piɛ13	piŋ44	pəi24	piŋ13	pᴇn242	ɓin33	pɘŋ43	piŋ42	pɘŋ24
贫		臻开三平真並		pəi33	pəi33	pəi22	pəi22	pəi33	pᴇn33	pɜn33	pɘŋ33	pɘŋ33	pɘŋ21
民		臻开三平真明		miŋ33	məi33	məi22	məi22	məi533	mᴇn33	mɜn33	miɘŋ21{借桂}	miŋ33	miᵊŋ21
邻		臻开三平真来		nəi33	niɛ33	ȵiŋ22	lie22	liŋ33	lᴇn33	lin33	ȵiɘŋ33	liŋ33	liᵊŋ21
津		臻开三平真精			kəi13	tsəi44	kəi24	tiəi13	tɕin242	tʃin422	kɘŋ43	tsɘŋ42	tsɘŋ24
亲		臻开三平真清	tsʰaŋ44	tʃʰiŋ232	tsʰəi13	tʃʰiŋ132	fiŋ24	tʃiŋ13	tʰin242	tʃʰin422	tʃʰiɘŋ43	tʃʰiŋ42	tsʰɘŋ24
秦		臻开三平真从	tsan21	tʃiŋ33	tʃiŋ33	tʃiŋ22	tiŋ22	tʃiŋ33	tɕin33	tʃʰin33	tsʰɘŋ33	tʃiŋ33	tsɘŋ21
新		臻开三平真心	saŋ44	ʃiŋ232	ʃiŋ13	ʃiŋ132	ʃiŋ24	ʃiŋ13	ɕin242	ʃin422	ʃiɘŋ43	ʃiŋ42	sɘŋ24
珍		臻开三平真知		tsaŋ232	tsaŋ13	tsaŋ132	tsaŋ24	tsaŋ13	tsən242	tsɜn422	tʃiɘŋ43	tʃɘŋ42	tʃiᵊŋ24
陈		臻开三平真澄		tsaŋ33	tsaŋ33	tsaŋ22	tsaŋ22	tsoŋ33	tsən33	tʃʰɜn33	tʃʰɘŋ33	tʃɘŋ33	tsɘŋ21
尘		臻开三平真澄	tʃaŋ21	tsʰaŋ21{借桂}	tsaŋ33		tsaŋ22	tiŋ533	tɕin33	tʃʰɜn33	tʃʰiɘŋ33	tʃɘŋ33	tʃiᵊŋ21
真		臻开三平真章	tʃaŋ44	tsaŋ232	tsaŋ13	tsaŋ132	tsaŋ24	tsaŋ13	tɕin242	tʃin422	tʃiɘŋ43	tʃɘŋ42	tʃiᵊŋ24
神		臻开三平真船	ʃaŋ21	saŋ33	saŋ33	saŋ22	saŋ22	saŋ33	ɕin33	ʃin33	ʃiɘŋ33	ʃɘŋ33	ʃiᵊŋ21
身		臻开三平真书	ʃaŋ44	saŋ232	saŋ13	saŋ132	saŋ22	saŋ13	ɕin242	ʃin422	ʃiɘŋ43	ʃɘŋ42	ʃiᵊŋ24
晨		臻开三平真禅	ʃaŋ21	saŋ33	15	saŋ22	saŋ22	saŋ33	sən33	ʃɜn33		tʃʰɘŋ21{借桂}	ʃiᵊŋ21
人		臻开三平真日	ȵiaŋ21	iŋ33	iŋ33	ȵiŋ22	liŋ22	iŋ33	ŋ33	ŋ33	ŋ33	iŋ33	ŋ21
巾		臻开三平真见	kiaŋ44	kiŋ232	tʃiŋ13	kiŋ44	tʃiŋ24	tʃiŋ13	tɕin242	tʃin422	kiɘŋ43	tʃiŋ42	
银		臻开三平真疑	ȵiaŋ21	ŋ33	iŋ33	ȵiŋ22	liŋ22	iŋ533	in33	ŋ33	ŋ33	ȵiŋ33	iᵊŋ21
因		臻开三平真影	iaŋ44	iŋ232	iŋ13	iŋ132	iŋ24	iŋ13	in242	in33	iɘŋ43	iŋ42	iᵊŋ24
尽		臻开三上轸从	tsaŋ33	tʃiŋ33	tʃiŋ53	tʃiŋ21	tiŋ55	tiŋ21	tɕin44	tʃin35	tʃʰiɘŋ21	tʃiŋ21	tsɘŋ33
忍		臻开三上轸日	ȵiaŋ33	iŋ422	iŋ44	iŋ44	liŋ13	iŋ33	in21	in13	ŋ55	iŋ53	iᵊŋ54
紧		臻开三上轸见	kiaŋ33	kiŋ422	tʃiŋ44	kiŋ44	tʃiŋ33	tʃiŋ33	tɕin35	tʃin55	kiɘŋ55	tʃiŋ55	tʃiᵊŋ55
引		臻开三上轸以	iaŋ33	iŋ422	iŋ44	iŋ44	iŋ33	iŋ33	in35	in55	iɘŋ55	iŋ53	iᵊŋ55
进		臻开三去震精	ȵia21{训读}	iᴇ422{训读}	y5{训读}	tʃiŋ35	tiŋ55	niu35	tɕin55	ŋ53{训读}	ȵiᴇ5{训读}	ȵiɛ̃53{训读}	tsɘŋ33
亲	{~家}	臻开三去震清	tsʰaŋ33	tsʰəi33	tsʰəi53	tsʰəi35	fiŋ55	tsʰəi33	tsʰᴇn55	tsʰɜn35	tʃʰiɘŋ24	tʃʰiŋ35	tsʰɘŋ53
信		臻开三去震心	saŋ33	ʃiŋ35	ʃiŋ35	ʃiŋ35	ʃiŋ55	ʃiŋ35	ɕin55	ʃin35	ʃiɘŋ24	ʃiŋ35	sɘŋ53
镇		臻开三去震知		tsaŋ33	tsəi35	tsaŋ21	tsaŋ55	tsəi33/soŋ35	tsən55	tʃɜn35	tʃiɘŋ24	tʃɘŋ35	tʃiᵊŋ53
衬		臻开三去震初		tsʰaŋ53	tsʰaŋ53	tsʰaŋ35	tsʰaŋ55	tsʰaŋ33	tsʰən55	tsʰɜn35	tʃʰɘŋ24	tʃʰɘŋ35	tsʰɘŋ53
认		臻开三去震日	ȵiaŋ53		iŋ53	niŋ21	liŋ31	iŋ21	ȵin44	ŋ21	iɘŋ24	iŋ35	ȵiᵊŋ33/iᵊŋ33
印		臻开三去震影	tʃin44{训读}	iŋ33	iŋ35	iŋ35	iŋ55	iŋ33	in55	in35	iɘŋ24	iŋ35	iᵊŋ53
笔		臻开三入质帮	pia4	pɛ5	piɛ5	pi5	pi5	pi5	piᴇ21	ɓi53	piᴇ5	piɛ5	piɛ5
必		臻开三入质帮		pi21{借桂}	pi5	pi5	pi55	pi5	piᴇ21	ɓi53	piᴇ5	piɛ5	piɛ5
匹		臻开三入质滂	pæ4	pʰi5	pi44	pʰi44	pi22	pʰi33	pi44	pʰi53	pi33	pi33	pi21
蜜		臻开三入质明	mia4	mɛ422	mi5	mi5	mi31	mi5	mi21	mi21	mi5	mi53	miɛ5
栗		臻开三入质来		niᴇ232	ni44	nəi5	li22	li5	li4	li21	ȵi33	li33	
七		臻开三入质清	tʃʰia4	tʃʰiᴇ422	tʃʰi5	tʃʰi5	tʃi5	tʰi5	tɕʰiᴇ21	tʃʰi53	tʃʰiᴇ5	tʃʰiɛ5	tsʰiɛ̃5
侄		臻开三入质澄	tʃiᴇ21	tʃiᴇ33	tsəi53	tsəi21	ti22	tsəi21	tiᴇ4		tiᴇ33	tiɛ33	tiɛ21
虱		臻开三入质生	ʃa4	sa53	ʃiɛ5	sa5	sa5	səi33	ɕyᴇ21	ʃiɑ53	ʃɤ5	ʃɤ5	sɤ5
质		臻开三入质章		tsɿ21{借桂}	tsɿ21{借桂}	tʃi5	tʃy22	tʃi5	tɕiᴇ21	tʃi21	tsɿ21{借桂}	tiɛ5	tʃi21
实		臻开三入质船	ʃa21	ʃiᴇ33	ʃiɛ53	ʃie21	ʃie5	ʃiᴇ21	ɕiᴇ4	ʃi21	ʃiᴇ33	ʃiɛ33	ʃiɛ21
失		臻开三入质书		ʃiᴇ5	ʃiɛ53	ʃi5	ʃie5	ʃiᴇ21	ɕiᴇ21	ʃi21	ʃiᴇ21	ʃiɛ21	
室		臻开三入质书	ʃa4	sɿ21{借桂}	sɿ21	ʃi21		ʃi5	ɕiᴇ4	ʃi21	ʃi21{借桂}	ʃiɛ33	ʃi21
日		臻开三入质日	ȵia21	iᴇ33	i5	ȵi5{日子}/ȵie5{日头}	li31	i5/niᴇ5	ȵiᴇ242	ŋ53{日子}/ȵyɑ̃53{日头}	ȵiᴇ52	ȵiɛ21/ȵi21	ȵiɛ5
吉		臻开三入质见		kiᴇ5	tʃi5	ki5	tʃi5	tʃi5	kiᴇ21		tʃi21{借桂}	tʃi21	tʃi21
一		臻开三入质影	i4	iᴇ5	i5/iɛ5	i5	i5	i5	iᴇ21	i53	iᴇ5	iɛ5	iɛ5
斤		臻开三平殷见	kiaŋ44	kiŋ232	tʃiŋ13	kiŋ132	tʃiŋ24	tiŋ13	tɕin242	tʃin422	kiɘŋ43	tiŋ42	tiᵊŋ24
勤		臻开三平殷群	kiaŋ21	kiŋ33	tiŋ33	kiŋ22	tʃiŋ22	tʃʰiŋ533	tɕin33	tʃʰin33	tiɘŋ33	tʃiŋ33	tʃiᵊŋ21
近		臻开三上隐群	kiaŋ33	kiŋ21	tiŋ21	kiŋ44	tʃiŋ13	tʃiŋ33	tɕin21	tʃʰin21	kʰiɘŋ52	tʃʰiŋ53	tʃʰiᵊŋ53
隐		臻开三上隐影		iŋ33	iŋ44	iŋ44	iŋ33	iŋ33	in35		iɘŋ55	iŋ55	iᵊŋ55
劲		臻开三去掀见	kiaŋ35		nəi5	kiŋ35	tʃiŋ55	tʃiəi33	tɕin55		ȵiᴇ5	tʃiŋ35	tʃiᵊŋ53
盆		臻合一平魂並	paŋ21	pa33	piɛ33	paŋ22	paŋ22	paŋ33	pə33	pin33	pɘŋ33	pɘŋ33	pɘŋ21
门		臻合一平魂明	maŋ21	ma33	miɛ33	maŋ22	maŋ22	maŋ33	mə33	min33	mɘŋ33	mɘŋ33	mɘŋ21
尊		臻合一平魂精		tsaŋ232	tsuaŋ33{借桂}	tsaŋ132	tsaŋ24	tsaŋ13	tsuən242	tsəŋ422	tsɘŋ43	tsɘŋ42	tsɘŋ24
村		臻合一平魂清	tsʰaŋ44	tsʰaŋ232	tsʰaŋ13	tsʰaŋ132	tsʰɔŋ24	tsʰaŋ13	tsʰuən242	tsʰɔŋ33{变调}	tsʰɘŋ43	tsʰɘŋ42	tsʰɘŋ24
存		臻合一平魂从	tsaŋ21	tsaŋ33	tsaŋ33	tsaŋ22	tsɔŋ22	tsaŋ33	sᴇn33	tsʰɜn33/tsʰɔŋ33	tsʰɘŋ33	tsɘŋ33	tsɘŋ21
孙		臻合一平魂心	saŋ44	saŋ232	sa13/sᵘɔŋ13	saŋ132	sɔŋ24	saŋ13	suən242	sɔŋ422	sɘŋ43	sɘŋ42	sɘŋ24
昆		臻合一平魂见		kʰuaŋ33{借桂}	kʰuaŋ33{借桂}	kʰuaŋ132	kʰuɔŋ24	kʰioŋ13	kʰuən242	kʰyn422	kʰuɘŋ43	kʰuɘŋ42	kʰuɘŋ24
坤		臻合一平魂溪		kʰuaŋ33{借桂}	kʰᵘɔŋ13	kʰuaŋ132	kuɔŋ24	kʰuaŋ13	kʰuən242	kʰyn33	kʰuɘŋ43	kʰuɘŋ42	kʰuɘŋ24
婚		臻合一平魂晓	faŋ44	huaŋ232	hᵘɔŋ13	huaŋ132	fɔŋ24	faŋ13	huən242		fɘŋ43	huɘŋ42	fɘŋ24
魂		臻合一平魂匣	faŋ21	huaŋ33	hᵘɔŋ33	huaŋ22	fɔŋ22	foŋ33	huən33	fʊin33	fɘŋ33	huɘŋ33	fɘŋ21
温		臻合一平魂影	ʊaŋ44	uaŋ232	uaŋ13	ioŋ132	uɔŋ24	ioŋ13	uən242	ʊin33	uɘŋ43	uɘŋ42	uɘŋ24
本		臻合一上混帮	paŋ55	pa422	piɛ44	paŋ44	pɔŋ33	paŋ33	pə35	ɓɜn55	pɘŋ55	pɘŋ55	pɘŋ55
滚		臻合一上混见	kʊaŋ33	kuaŋ422	kᵘɔŋ44	kuaŋ44	kuɔŋ33	kioŋ33	kuən35	kyn55	kuɘŋ55	kuɘŋ55	kuɘŋ55
混		臻合一上混匣	faŋ53	huaŋ422	huɑŋ53	huaŋ21	fɔŋ31	faŋ21	huən44		fɘŋ24	huɘŋ21	fɘŋ33
稳		臻合一上混影	ʊaŋ55	uaŋ422	uaŋ44	uaŋ44	uɔŋ33	ioŋ33	uən35	ʊin55	uɘŋ55	uɘŋ55	uɘŋ55
嫩		臻合一去恩泥	naŋ53	naŋ33	nᵘɔŋ53	naŋ21	lɔŋ31	naŋ21	nən44	nɔŋ21	nɘŋ21	nɘŋ21	nɘŋ33
寸		臻合一去恩清	tsʰaŋ35	tsʰaŋ53	tsʰaŋ53	tsʰaŋ35	tsʰɔŋ55	tsʰaŋ35	tsʰuən55	tsʰɔŋ35	tsʰɘŋ24	tsʰɘŋ35	tsʰɘŋ53
棍		臻合一去恩见	kʊaŋ33	kuaŋ33	kᵘɔŋ35	kuaŋ35	kuɔŋ55	kioŋ33	kuən55	kyn35	kuɘŋ24	kuɘŋ35	kuɘŋ53
困		臻合一去恩溪	kʰʊaŋ33	kuaŋ35	kʰuaŋ53	kʰuaŋ35	kʰuɔŋ55	kʰuaŋ33	kʰuən55	kʰyn35	kʰuɘŋ24	kʰuɘŋ33	kʰuɘŋ53
没		臻合一入没明	ma4		15	15		ma5/nia33	mə21		mɤ33	mɤ53	
骨		臻合一入没见	kʊɯ4	kua5	ku5	kʊ5	ku5	ku5	kə21	kʊɔ53	ku5	ku5	ku5
轮		臻合三平谆来		naŋ33	naŋ33	naŋ22	lɔŋ22	laŋ533	lan33	lin33	naŋ33	laŋ33	lɑŋ21
椿		臻合三平谆彻	tsʰaŋ44	tsʰoŋ232	tsʰuaŋ13	tsʰaŋ132	tsʰuɔŋ24	tʃioŋ13	tsʰuən242	tʃʰyn33	tʃʰyɘŋ43	tʃʰyŋ42	tʃʰyᵊŋ24
春		臻合三平谆昌	tsʰaŋ44	tsʰoŋ232	tsʰuaŋ13	tsʰuaŋ132	tsʰuɔŋ24	tioŋ13	tsʰuən242	tʃʰyn33{变调}	tʃʰyɘŋ43	tʃʰuɘŋ42	tʃʰyᵊŋ24
纯		臻合三平谆禅	tsaŋ21	tsʰuaŋ21{借桂}	suaŋ33	saŋ22	suɔŋ22	sioŋ533	suən33		ʃyɘŋ33	ʃyŋ33	ʃɑŋ21
均		臻合三平谆见		kiŋ232	tʃyɛ13	kaŋ44	tʃyŋ24	tyŋ13	tɕyn242	kyn422	tʃyɘŋ43	tyŋ42	tʃyᵊŋ24
匀		臻合三平谆以	iaŋ21	yŋ21{借桂}	iᵘɔŋ33	iŋ22	yŋ22	ioŋ33	yn33	yn33	yɘŋ33	yŋ33	yᵊŋ21
笋		臻合三上准心	saŋ55	ʃiŋ422	saŋ44	saŋ44	sɔŋ33	saŋ33	sən35	sin55	sɘŋ55	sɘŋ55	sɘŋ55
准		臻合三上准章	tʃʊaŋ55	tsoŋ422	tsuaŋ44	tsuaŋ44	tsuɔŋ33	tioŋ33	tsuən35	tʃyn55	tʃyɘŋ55	tʃyŋ55	tʃyᵊŋ55
蠢		臻合三上准昌	tʃʰʊaŋ55	tsʰuaŋ21	tsʰuaŋ21	tsʰuaŋ44	tsʰuɔŋ13	tioŋ33	tsʰuən35	tʃyn55	tʃyɘŋ55	tyŋ55	tʃʰyᵊŋ55
菌		臻合三上准群	kiaŋ53	kuaŋ21	kᵘɔŋ21	kyŋ35	tyŋ24	koŋ33	kən33/tɕyn44	kʰyn21	tʃyɘŋ21	tʃyŋ21	tʃyᵊŋ33
顺		臻合三去椁船	ʃʊaŋ53	soŋ33	suaŋ53	saŋ21	suɔŋ31	ʃioŋ21	suən44	ʃyn21	ʃyɘŋ21	ʃyŋ21	ʃyᵊŋ33
闰		臻合三去椁日	ȵiaŋ53	uaŋ53	iᵘɔŋ53	iŋ21	iŋ31	ioŋ21	yn44	yn21	yɘŋ21	yŋ21	yᵊŋ33
律		臻合三入术来		ny21{借桂}	15	ȵʏ5	ly22	ly33	ly21	ly33	ȵy21{借桂}	ly33	ly21
出		臻合三入术昌	tʃʰiᴇ21/tʃʰɑʊ35	tsʰa422	tʃʰy5	tʰʏ5	tʃʰy5	tʃy33	tɕʰyᴇ21	tʃʰy53	tʃʰyᴇ5	tʃʰyɛ5	su21
术		臻合三入术船		su21{借桂}	ʃy21	ʃiou21	su22	su33	ɕiɑu33	su21	su21{借桂}	su21{借桂}	su21
分		臻合三平文非	faŋ44	fa232	fiɛ13	faŋ132	fɔŋ24	faŋ13	fə242	fʊin422	fɘŋ43	fɘŋ42	fɘŋ24
坟		臻合三平文奉	faŋ21	fa33	fiɛ33	faŋ22	fɔŋ22	faŋ33	fə33	fʊin33	huɘŋ33	fɘŋ33	fɘŋ21
蚊		臻合三平文微	maŋ21	ma33	miɛ33	maŋ22	mɔŋ22	maŋ33	man33	min33	mɘŋ33	mɘŋ33	mɘŋ21
军		臻合三平文见	kiaŋ44	tʃyŋ232	tyn13	kyŋ132	tʃyŋ24	tʃyŋ13/koŋ13	tɕyn242	kyn422	tʃyɘŋ43	tʃyŋ42	tʃyᵊŋ24
裙		臻合三平文群	kiaŋ53	kuaŋ33	kᵘɔŋ33	kaŋ22	kaŋ22	kaŋ533	tɕyn33	kʰyn33	tʃʰyɘŋ33	tʃyŋ33	tʃyᵊŋ21
熏		臻合三平文晓	hiaŋ44	huaŋ232	hᵘɔŋ13	haŋ132	haŋ24	haŋ13	ɕyn242	ʃyn33	ʃyɘŋ43	ʃyŋ42	ʃyᵊŋ24
荤		臻合三平文晓	faŋ44	huaŋ232	hᵘɔŋ13	huaŋ132	fɔŋ24	foŋ13	huən242	ʃyn422	fɘŋ43	huɘŋ42	fɘŋ24
云		臻合三平文云	iaŋ21	uaŋ33	iᵘɔŋ33	iŋ22	yŋ22	ioŋ533	ioŋ33	yn33	yɘŋ33	yŋ33	yᵊŋ21
粉		臻合三上吻非	faŋ55	fa422	fiɛ44	faŋ44	fɔŋ33	foŋ33	fən35	fʊin55	fɘŋ55	fɘŋ55	fɘŋ55
粪		臻合三去问非	faŋ35	fa33	fiɛ35	faŋ35	fɔŋ55	faŋ33	fə55	fʊin35	fɘŋ24	fɘŋ35	fɘŋ53
份		臻合三去问奉	faŋ53	fa53	fiɛ53	faŋ21	fɔŋ31	foŋ21	fə44	fʊin21	fɘŋ21	fɘŋ21	fɘŋ33
问		臻合三去问微	maŋ53	ma53	miɛ53	maŋ21	mɔŋ31	maŋ21	mə44	min21	mɘŋ21	mɘŋ21	mɘŋ33
运		臻合三去问云	iaŋ53	uaŋ53	yn53	iŋ21	yŋ55	ioŋ21	yn44	yn21	yɘŋ21	yŋ21	yᵊŋ33
物		臻合三入物微	ʊɯ21	ua33	ua5	ua5	u22	ua33	u33	u21	u21	u21	u21
帮		宕开一平唐帮	pon44	pɑŋ232	pɑŋ13	pɑŋ132	paŋ24	paŋ13	paŋ242	ɓɔŋ422	paŋ43	paŋ42	pɑŋ24
旁		宕开一平唐並	pon21	pɑŋ33	pɑŋ33	pɑŋ22	paŋ22	paŋ533	paŋ33	pɔŋ33	paŋ33	paŋ33	pɑŋ21
忙		宕开一平唐明		mɑŋ33	mɑŋ33	mɑŋ21	maŋ22	maŋ533	maŋ33	mɔŋ33	maŋ33	maŋ33	mɑŋ21
当	{~时}	宕开一平唐端		tɑŋ232	tɑŋ13	tɑŋ132	taŋ24	taŋ13	laŋ242	ɗɑŋ33	taŋ43	taŋ42	tɑŋ24
汤		宕开一平唐透	tʰɔ̃44	tɑŋ232	tʰɑŋ13	tʰɑŋ132	taŋ24	taŋ13	tʰaŋ242	tʰɑŋ422	tʰaŋ43	tʰaŋ42	tʰɑŋ24
堂		宕开一平唐定	tɔ̃21	tɑŋ33	tɑŋ33	tɑŋ22	taŋ22	taŋ33	taŋ33	tɑŋ33	taŋ33	taŋ33	tɑŋ21
糖		宕开一平唐定	tɔ̃21	tɑŋ33	tɑŋ33	tɑŋ22	taŋ22	taŋ533	taŋ33	tɑŋ33	taŋ33	taŋ33	tɑŋ21
塘		宕开一平唐定	tɔ̃21	tɑŋ33	tɑŋ33	tɑŋ22	taŋ22	taŋ533	taŋ33	tɑŋ33	taŋ33	taŋ33	tɑŋ21
郎		宕开一平唐来	lɔ̃21	nɑŋ33	nɑŋ33	nɑŋ22	laŋ22	laŋ33	laŋ33	lɑŋ33	naŋ33	laŋ33	lɑŋ21
狼		宕开一平唐来	lɔ̃21	nɑŋ33	nɑŋ33	nɑŋ22	laŋ22	laŋ33	laŋ33	lɑŋ33	naŋ33	laŋ33	lɑŋ21
仓		宕开一平唐清	tsʰɔ̃44	tsʰɑŋ232	tsʰɑŋ13	tsʰɑŋ132	tsʰaŋ24	tsʰaŋ13	tsʰaŋ242	tsʰɑŋ33	tsʰaŋ43	tsʰaŋ42	tsʰɑŋ24
桑		宕开一平唐心		sɑŋ232	sᵘɔ13	sɑŋ132	saŋ24	saŋ13	saŋ242	sɑŋ33	saŋ43	saŋ42	sɑŋ24
刚		宕开一平唐见	kɔ̃44	kɑŋ232	kɑŋ13	kɑŋ132	kaŋ24	kaŋ13	kaŋ242	kɑŋ422	kaŋ43	kaŋ42	kɑŋ24
缸		宕开一平唐见	on35	kɑŋ232	kɑŋ13	kɑŋ132	kaŋ24	kaŋ13	kaŋ242	kɑŋ422	kaŋ43	kaŋ42	kɑŋ24
糠		宕开一平唐溪	hɔ̃44	hɑŋ232	kʰɑŋ13	kʰɑŋ132	kʰaŋ24	kaŋ13	kʰaŋ242	kʰɑŋ422	kʰaŋ43	kʰaŋ42	kʰɑŋ24
昂		宕开一平唐疑	ŋɔ̃21	ɑŋ33	15	ŋɑŋ22	ŋaŋ22	naŋ533	ȵiaŋ21			ŋaŋ33	ŋɑŋ21
行		宕开一平唐匣	hɔ̃21	hɑŋ33	hɑŋ33	hɑŋ22	haŋ22	haŋ533	haŋ33	hɑŋ33	haŋ33	haŋ33	hɑŋ21
榜		宕开一上荡帮	pɒ̃33	pɑŋ422	pᵘɔ44	pɑŋ44	paŋ33	paŋ33	paŋ35	ɓɔŋ55	paŋ55	paŋ55	pɑŋ55
党		宕开一上荡端	tɔ̃55	tɑŋ422	tɑŋ44/tᵘɔ44	tɑŋ44	taŋ33	taŋ33	laŋ35	ɗɑŋ55	taŋ55	taŋ55	tɑŋ55
嗓		宕开一上荡心	sɔ̃55	sɑŋ422	sɑŋ44	sɑŋ44	saŋ33	saŋ33	saŋ35		saŋ55	saŋ55	sɑŋ55
当	{~铺}	宕开一去宕端	tɔ̃35	tɑŋ33	tɑŋ35	tɑŋ35	taŋ55	taŋ33	laŋ55	ɗɑŋ35	taŋ24	taŋ35	tɑŋ53
浪		宕开一去宕来	lɔ̃53	nɑŋ53	nɑŋ35	nɑŋ21	lɔ31	laŋ21	laŋ44	lɑŋ21	naŋ21	laŋ35	lɑŋ53
葬		宕开一去宕精	tsɔ̃35	tsɑŋ33	tsɑŋ35	tsɑŋ35	tsaŋ55	tsaŋ33	tsaŋ55	tsɑŋ35	tsaŋ24	tsaŋ35	tsɑŋ53
杠		宕开一去宕见	kɔ̃44	kɑŋ33	kɑŋ35	kɑŋ35	kaŋ55	kaŋ35	kaŋ55	kɑŋ35	kaŋ24	kaŋ35	kɑŋ53
抗		宕开一去宕溪		kʰɑŋ35	kʰɑŋ53	kʰɑŋ35	kʰaŋ55	kʰaŋ33	kʰaŋ55	kʰɑŋ35	kʰaŋ24	kʰaŋ35	kʰɑŋ53
博		宕开一入铎帮		puo5	pᵘɔ21	puo21	puo22	puo5	puo4	ɓʊɔ21	puo24	puo5	pᵘo21
薄		宕开一入铎並	pɯ33	pua53	pɑu53	pou21	pau31	puo21	pu33	pʊɔ21	puo21	pu21	
摸		宕开一入铎明	mũ44	mɑu232	mɑu5	muo132	muo13	muo13	mu242	pu21		ma5	mᵘo24
落		宕开一入铎来	lʊo53	nɑu21	nɑu5	nou5	lau5	luo5	luo21	lʊɔ53	nuo52	luo53	lᵘo5
乐		宕开一入铎来	lʊo21	nuo21{借桂}	nua5	iɑu5	luo31	luo5	luo21	lʊɔ21	nuo21	luo33	
作		宕开一入铎精		tsɿ5	tsua33	tsuo5	tsau22/sau5	tsu5	tsuo21	tsɿ35	tsuo5	tsuo21	tsᵘo21
凿		宕开一入铎从	tsʊo53	tsuo422	tsᵘɔ53	tsᵘɔ44	tsɔ31	tsuo21					tsᵘo21
索		宕开一入铎心	sʊo55	sɑu5	sɑu5	sou5	sau5/suo33	suo5	suo21	sʊɔ53	suo5	suo5	sᵘo5
各		宕开一入铎见	ka4	kua5	ku35	kou5	kɔ5	kuo5	kuo21	kʊɔ53	kuo5	kuo5	kᵘo53
鹤		宕开一入铎匣		ha33	15	huo44		huo5	huo4	hʊɔ21	huo24	huo5	hᵘo21
恶		宕开一入铎影	o55	uo5	ua5	uo5	uo5	u21	uo21	ʊɔ53	uo24	uo5	ᵘo5
粮		宕开三平阳来	lin21	niɑŋ33	niɑŋ33	ȵiɑŋ22	liaŋ22	liaŋ33	liaŋ33	liɑŋ33	niɑŋ33	liaŋ33	liɑŋ24
将		宕开三平阳精	tsin44	tʃiɑŋ232	tʃiɑŋ13	tʃiɑŋ132	tʃiaŋ24	tiaŋ13	tɕiaŋ242	tiɑŋ422	tʃiɑŋ43	tʃiaŋ42	tsiɑŋ24
枪		宕开三平阳清	tsʰin44	tʃʰiɑŋ232	tʃʰiɑŋ13	tʃʰiɑŋ132	tʰiaŋ24	tiaŋ13	tɕʰiaŋ242	tiɑŋ422	tʃiɑŋ43	tʃʰiaŋ42	tsʰiɑŋ24
墙		宕开三平阳从	tsin21	tʃiɑŋ33	tʃiɑŋ33	tʃiɑŋ22	tʃiaŋ22	tʃiaŋ33	tɕiaŋ33	tʃʰiɑŋ33	tʃʰiɑŋ33	tʃiaŋ33	tsiɑŋ21
箱		宕开三平阳心	sin44	ʃiɑŋ232	ʃiɑŋ13	ʃiɑŋ132	ʃiaŋ24	ʃiaŋ13	ɕiaŋ242	ʃiɑŋ422	ʃiɑŋ43	ʃiaŋ42	siɑŋ24
详		宕开三平阳邪		tʃiɑŋ33	tʃiɑŋ33	tʃiɑŋ22	tʃiaŋ22	tʃiaŋ533	tɕiaŋ33	tʃʰiɑŋ33	tʃʰiɑŋ33	tʃiaŋ33	tsiɑŋ21
张		宕开三平阳知	tʃin44	tsɑŋ232	tsɑŋ13	tsɑŋ132	tsaŋ24	tsaŋ13	tsaŋ242	tʃɔŋ422	tʃaŋ43	tʃaŋ42	tʃiɑŋ24
长	{~短}	宕开三平阳澄	tin21	tiɑŋ33	tiɑŋ33	tsɑŋ22	tiaŋ22	tiaŋ533	tiaŋ33	tiɑŋ33	tiɑŋ33	tiaŋ33	tiɑŋ21
肠		宕开三平阳澄	tin21	tsɑŋ33	tsɑŋ33	tsɑŋ22	tsaŋ22	tsaŋ21	tsaŋ33	tʃʰɑŋ21	tʃʰaŋ21{借桂}	tʃaŋ33	tʃiɑŋ21
场		宕开三平阳澄	tʃin21	tsɑŋ33	tsʰɑŋ21{借桂}	tsɑŋ22	tsaŋ22	tsaŋ33	tsaŋ33	tʃʰɑŋ21	tʃʰaŋ21{借桂}	tʃaŋ33	tʃiɑŋ21
庄		宕开三平阳庄	tʃʊɔ̃44	tsɑŋ232	tsuɑŋ13	tsuɑŋ44	tsuaŋ24	tyaŋ13	tsuaŋ242	tʃʊɑŋ422	fuɑŋ43	tʃuaŋ42	tsuɑŋ24
装		宕开三平阳庄	tʃʊɔ̃44	tsɑŋ232	tsuɑŋ13	15	tsuaŋ24	tyaŋ13	tsuaŋ242	tʃʊɑŋ422	tʃuɑŋ43	tʃuaŋ42	tsuɑŋ24
疮		宕开三平阳初	tʃʰʊɔ̃44	tsʰɑŋ232	tsʰuɑŋ13	tsʰuɑŋ44	tsʰuaŋ24	tyaŋ13	tsʰuaŋ242	tʃʰɔŋ422	tʃʰuɑŋ43	tʃʰuaŋ42	tsʰuɑŋ24
床		宕开三平阳崇	tʃʊɔ̃21	tsɑŋ33	tsɑŋ33	tsuɑŋ22	tsaŋ22	tʃyaŋ533	tsuaŋ33	tʃʰɔŋ33	tʃʰuɑŋ33	tʃuaŋ33	tsuɑŋ21
霜		宕开三平阳生	ʃʊɔ̃44	sɑŋ232	suɑŋ13	suɑŋ132	suaŋ24	ʃyaŋ13	suaŋ242	ʃɑŋ422	ʃuɑŋ43	ʃuaŋ42	suɑŋ24
章		宕开三平阳章	tʃin44	tsɑŋ232	tsɑŋ13	tsɑŋ132	tsaŋ24	tsaŋ13	tsaŋ242	tʃɑŋ422	tʃaŋ43	tʃaŋ42	tʃiɑŋ24
昌		宕开三平阳昌		tsʰɑŋ232	tsʰɑŋ13	tsʰɑŋ132	tsʰaŋ24	tsʰaŋ13	tsʰaŋ242	tʃʰɔŋ422	tʃʰaŋ43	tʃʰaŋ42	tʃʰiɑŋ24
伤		宕开三平阳书	ʃin44	saŋ232	sɑŋ13	sɑŋ132	saŋ24	saŋ13	saŋ242	ʃɑŋ422	ʃaŋ43	ʃaŋ42	ʃiɑŋ24
常		宕开三平阳禅		tsɑŋ33	tsɑŋ33	tsɑŋ22	tsaŋ22	tsaŋ33	tsaŋ33	tʃʰɑŋ33	tʃʰaŋ33	tʃaŋ33	tʃiɑŋ21
尝		宕开三平阳禅	ʃaŋ21	sɑŋ33	sɑŋ33	sɑŋ22	saŋ22	tsaŋ33	saŋ33	ʃɑŋ33	ʃaŋ33	ʃaŋ33	tʃiɑŋ21
姜		宕开三平阳见	kin44	kiɑŋ232	tʃiɑŋ13	kiɑŋ132	tʃiaŋ24	tʃiaŋ13	tɕiaŋ242	tʃiɑŋ422	tʃiɑŋ43	tʃiaŋ42	tʃiɑŋ24
强		宕开三平阳群	kin21	kiɑŋ33	tʃiɑŋ33	kiɑŋ22	tʃiaŋ22	tʃiaŋ533	tɕiaŋ33	tʃʰiɑŋ33	tʃʰiɑŋ33	tʃiaŋ33	tʃiɑŋ21
香		宕开三平阳晓	hin44	hiɑŋ232	ʃiɑŋ13	hiɑŋ132	ʃiaŋ24	ʃiaŋ13	ɕiaŋ242	ʃiɑŋ422	ʃiɑŋ43	ʃiaŋ42	ʃiɑŋ24
乡		宕开三平阳晓	hin44	hiɑŋ232	ʃiɑŋ13	hiɑŋ132	ʃiaŋ24	ʃiaŋ13	ɕiaŋ242	ʃiɑŋ422	ʃiɑŋ43	ʃiaŋ42	ʃiɑŋ24
秧		宕开三平阳影	iaŋ44	iɑŋ232	iɑŋ13	iɑŋ132	iaŋ24	iaŋ13	iaŋ242	iɑŋ422	iɑŋ43	iaŋ42	iɑŋ24
羊		宕开三平阳以	iaŋ21	iɑŋ33	iɑŋ33	iɑŋ22	iaŋ22	iaŋ33	iaŋ33	iɑŋ33	iɑŋ33	iaŋ33	iɑŋ21
杨		宕开三平阳以	iaŋ21	iɑŋ33	iɑŋ33	iɑŋ22	iaŋ22	iaŋ33	iaŋ33	iɑŋ33	iɑŋ33	iaŋ33	iɑŋ21
两	{~个}	宕开三上养来	liɛ̃33	niɑŋ21	niɑŋ21	ȵiɑŋ44	liaŋ13	liaŋ33	liaŋ21	liɑŋ13	ȵiɑŋ52	liaŋ53	liɑŋ55
两	{斤~}	宕开三上养来	lin55	niɑŋ21	niɑŋ44	ȵiɑŋ44	liaŋ33	liaŋ33	liaŋ35	liɑŋ55	ȵiɑŋ55	liaŋ53	liɑŋ54
奖		宕开三上养精	tsin55	tʃiɑŋ422	tʃiɑŋ44	tʃiɑŋ44	tʃiaŋ33	tʃiaŋ33	tɕiaŋ35	tʃiɑŋ55	tʃiɑŋ55	fiaŋ55	tsiɑŋ55
抢		宕开三上养清	tsʰin55	tʃʰiɑŋ21	tʃʰiɑŋ21	tʃʰiɑŋ44	tiaŋ13	tiaŋ33	tɕʰiaŋ35	tʃʰiɑŋ55	tʃʰiɑŋ55	tʃʰiaŋ55	tsʰiɑŋ55
想		宕开三上养心	sin55	ʃiɑŋ422	ʃiɑŋ44	ʃiɑŋ44	ʃiaŋ33	ʃiaŋ33	ɕiaŋ35	ʃiɑŋ55	ʃiɑŋ55	ʃiaŋ55	siɑŋ55
象		宕开三上养邪	sin35	tʃiɑŋ53	ʃiɑŋ53	tʃiɑŋ21	tʃiaŋ31	tʃiaŋ21	ɕiaŋ44	ʃiɑŋ13	tʃʰiɑŋ21	ʃiaŋ21	tsiɑŋ33
像		宕开三上养邪	sin35	tʃiɑŋ33	ʃiɑŋ53	ʃiɑŋ35	ʃiaŋ55	tʃiaŋ21	tɕiaŋ44	ʃiɑŋ13	ʃiɑŋ24	ʃiaŋ21	tsiɑŋ33
涨		宕开三上养知	tʃin55	tsɑŋ422	tsɑŋ44	tsɑŋ44	tsaŋ33	tsaŋ33	tsaŋ35	tiɑŋ55	tʃaŋ55	tʃaŋ55	tʃiɑŋ55
丈		宕开三上养澄	tin53	tiɑŋ33	tiɑŋ53	tiɑŋ21	tiaŋ31	tsaŋ21	tiaŋ44	tiɑŋ21	tiɑŋ21	tiaŋ21	tiɑŋ33
杖		宕开三上养澄		tsɑŋ33	15	tsɑŋ35	tsaŋ55	tsaŋ21	tsaŋ44	tʃɑŋ13	tʃaŋ24	tʃaŋ35	tiɑŋ33
闯		宕开三上养初	tʃʰʊɔ̃55	tsʰuɑŋ21	tsʰuɑŋ53	tsʰuɑŋ44	tsʰuaŋ13	tyaŋ33	tsʰuaŋ35	tʃʰʊɑŋ55	tʃʰuɑŋ54	tʃʰuaŋ55	tsʰuɑŋ55
掌		宕开三上养章		tsɑŋ422	tsɑŋ44	tsɑŋ44	tsaŋ33	tsaŋ33	tsaŋ35	tʃɑŋ55	tʃaŋ55	tʃaŋ55	tʃiɑŋ55
厂		宕开三上养昌	tʃʰin55	tsʰɑŋ21	tsʰɑŋ21	tsʰɑŋ44	tsʰaŋ13	tsʰaŋ33	tsʰaŋ35	tʃʰɑŋ55	tʃʰaŋ55	tʃʰaŋ55	tʃʰiɑŋ55
上	{~山}	宕开三上养禅	ʃaŋ33	sɑŋ21	sɑŋ21	sɑŋ21	saŋ13	saŋ33	tsʰaŋ21	ʃɑŋ21	tʃʰaŋ52	ʃaŋ53	tʃʰiɑŋ53
养		宕开三上养以	iaŋ33	iɑŋ422	iɑŋ21	iɑŋ44	iaŋ13	iaŋ33	iaŋ21	iɑŋ13	iɑŋ52	iaŋ53	iɑŋ55
酿		宕开三去漾泥		iɑŋ53	15	ȵiɑŋ21	ȵiaŋ22	ȵiaŋ23	ȵiaŋ44		ȵiɑŋ24	ȵiaŋ21	ȵiɑŋ33
量		宕开三去漾来	lin21	niɑŋ53	niɑŋ33	ȵiɑŋ22	liaŋ22	liaŋ33	liaŋ33	liɑŋ33	ȵiɑŋ33	liaŋ33	liɑŋ24
酱		宕开三去漾精	tsin35	tʃiɑŋ33	tʃiɑŋ35	tʃiɑŋ35	tiaŋ55	tiaŋ33	tɕiaŋ55	tʃiɑŋ35	tʃiɑŋ24	tʃiaŋ35	tsiɑŋ53
匠		宕开三去漾从	tsin53	tʃiɑŋ53	tʃiɑŋ53	tʃiɑŋ21	tʃiaŋ31	tʃiaŋ21	tɕiaŋ44	tʃʰiɑŋ21	tʃʰiɑŋ21	tʃiaŋ21	tsiɑŋ53
相		宕开三去漾心	sin35	ʃiɑŋ33	ʃiɑŋ53	ʃiɑŋ35	ʃiaŋ55	ʃiaŋ33	ɕiaŋ55	ʃiɑŋ35	ʃiɑŋ24	ʃiaŋ35	siɑŋ53
胀		宕开三去漾知	tin35	tiɑŋ33	tsɑŋ35	tsɑŋ35	tiaŋ55	tiaŋ35	tiaŋ55	tiɑŋ35	tʃaŋ24	tʃaŋ35	tiɑŋ53
壮		宕开三去漾庄	tʃʊɔ̃35	tsɑŋ33	tsuɑŋ35	tsuɑŋ35	tsuaŋ55	tʃyaŋ33	tsuaŋ55	tʃʊɑŋ35	tʃuɑŋ24	tʃuaŋ35	tsuɑŋ53
创		宕开三去漾初		tsʰɑŋ53	tsʰuɑŋ35{借桂}	tsʰuɑŋ35	tsʰuaŋ55	tʃʰyaŋ35	tsʰuaŋ55	tʃʰʊɑŋ35	tʃʰuɑŋ24	uaŋ35	tsʰuɑŋ53
状		宕开三去漾崇	tʃʊɔ̃53	tsɑŋ33	tsuɑŋ35	tsuɑŋ35	tsuaŋ55	tʃyaŋ33	tsuaŋ44	tʃʰɔŋ21	tʃʰuɑŋ21	fuaŋ21	tsuɑŋ33
唱		宕开三去漾昌		tsʰɑŋ33	tsʰɑŋ53	tsʰɑŋ35	tsʰaŋ55	tsʰaŋ33	tsʰaŋ55	tʃʰɔŋ35	tiɑŋ24	tʃʰaŋ35	tiɑŋ53
上	{~面}	宕开三去漾禅	ʃaŋ21	sɑŋ21	sɑŋ53	sɑŋ35	saŋ13	saŋ21	saŋ44	ʃɔŋ21	ʃaŋ21	ʃaŋ53	ʃiɑŋ33
让		宕开三去漾日	ȵiaŋ53	iɑŋ53	iɑŋ53	ȵiɑŋ21	liaŋ31	iaŋ21	iaŋ44	iɑŋ21	ȵiɑŋ21	ȵiaŋ21	ȵiɑŋ33
向		宕开三去漾晓	hin35	hiɑŋ33	ʃiɑŋ35	hiɑŋ35	ʃiaŋ55	ʃiaŋ35	ɕiaŋ55	ʃiɑŋ35	ʃiɑŋ24	ʃiaŋ35	tʃʰiɑŋ53
样		宕开三去漾以	iaŋ53	iɑŋ35	iɑŋ53	iɑŋ21	iaŋ31	iaŋ21	iaŋ44	iɑŋ21	iɑŋ21	iaŋ21	iɑŋ33
鹊		宕开三入药清			tʃʰiɑu5	tʃʰiou44	tʃʰiau31	tʃʰiau21	tsʰiɑu21			tʃʰio21{借桂}	tsio21
削		宕开三入药心	si4	ʃiau33	ʃiᵒu5	ʃiou5	ʃio5/ʃio22	ʃiou33	ɕiəu242	ʃiᵒʊ53	ʃiou5	ʃiou5	sio21
着	{~衣}	宕开三入药知	tʃʊo55		15	tsᵘɔ5		tsuo33					tiɛ21
着	{睡~}	宕开三入药澄	ti4	tiɑu33	tiɑu21	tsuo5	tiau31	tsu33	tiɑu4	tiᴇ21		tsuo21	tsᵘo21
弱		宕开三入药日		iua422	iɑu5	niou5	liau31	niau5	liɑu21	ȵiɔ53		ȵio21	ȵio21
脚		宕开三入药见	ki4	kiua5	tʃiɑu5	kiou5	tʃiau5	tʃiau5	kiɑu21	tʃiᴇ53	tʃyᴇ5	tʃyɛ5	tʃyɛ5
虐		宕开三入药疑		nyᴇ21	15	ȵiou5	liau5	ȵiau5	niɑu21		ȵyᴇ21	ȵyɛ53	ȵyɛ54
约		宕开三入药影		iua422	iᵘɔ21	iou5	io5/iau5	iau5	iɑu21		yᴇ5	yɛ5	io21
药		宕开三入药以	ia44	iua422	iɑu5	iou5	iau5	iau5	iɑu21	iᴇ53	yᴇ5	yɛ53	yɛ5
光		宕合一平唐见	kũ44	kuɑŋ232	kuɑŋ13	kuɑŋ132	kuaŋ24	kuaŋ13	kuaŋ242	kɔŋ422	kuɑŋ43	kuaŋ42	kuɑŋ24
荒		宕合一平唐晓	hũ44	huɑŋ232	fɑŋ13	huɑŋ132	faŋ24	faŋ13	huaŋ242	hɔŋ422	faŋ43	huaŋ42	fɑŋ24
黄		宕合一平唐匣	ʊon21	uɑŋ33	uɑŋ33	uɑŋ22	uaŋ22	uaŋ533	uaŋ33	ɔŋ33	uɑŋ33	uaŋ33	uɑŋ21
广		宕合一上荡见	fɯ4{训读}	kuɑŋ422	kuɑŋ44	kuɑŋ44	kuaŋ33	kuaŋ33	kuaŋ35	kɔŋ55	kuɑŋ55	kuaŋ55	kuɑŋ55
谎		宕合一上荡晓		huɑŋ422	fɑŋ44	huɑŋ44	faŋ33	faŋ33	huaŋ35	hɔŋ55	faŋ55	huaŋ55	
郭		宕合一入铎见		kua5	kuɯ5/kɑu5	kʊ5	kuo5	kuo5	kuo21	kʊɔ53	kuo21	kuo21	kᵘo5
方		宕合三平阳非	hũ44	fɑŋ232	fɑŋ13	fɑŋ132	faŋ24	faŋ13	faŋ33	fɔŋ422	faŋ43	faŋ42	fɑŋ24
房		宕合三平阳奉	hũ21	fɑŋ33	fɑŋ33	fɑŋ22	faŋ22	faŋ33	faŋ33	hɔŋ33	faŋ33	faŋ33	fɑŋ21
筐		宕合三平阳溪		kuɑŋ232	kʰuɑŋ13	kʰuɑŋ132	kuaŋ24	kʰuaŋ13	kʰuaŋ242	kʰʊɑŋ422	kʰuɑŋ43	kʰuaŋ42	kʰuɑŋ24
狂		宕合三平阳群		kʰuɑŋ21{借桂}	kʰuɑŋ21{借桂}	kʰuɑŋ22	kuaŋ22	kuaŋ33	kuaŋ33	kʰʊɑŋ33	kʰuɑŋ21{借桂}	kuaŋ33	kuɑŋ21
王		宕合三平阳云	ʊon21	uɑŋ33	uɑŋ33	uɑŋ22	uaŋ22	uaŋ33	uaŋ33	in33	uɑŋ33	uaŋ33	uɑŋ21
纺		宕合三上养敷	hũ55	fɑŋ422	fɑŋ53{借桂}	fɑŋ44	faŋ33	faŋ33	faŋ35	fɑŋ55	faŋ55	faŋ55	fɑŋ55
网		宕合三上养微	mũ33	mɑŋ21	mɑŋ21	mɑŋ44	maŋ13	maŋ33{老派}/uaŋ33{新派}	moŋ21	mɔŋ13	maŋ52	maŋ53	uɑŋ55
枉		宕合三上养影	ʊon55	uɑŋ422	uɑŋ44	uɑŋ44	uaŋ24	uaŋ33	uaŋ35	ɔŋ33	uɑŋ55	uaŋ55	uɑŋ55
放		宕合三去漾非	hũ33	fɑŋ33	fɑŋ35	fɑŋ35	faŋ55	faŋ33	foŋ55	hɔŋ35	faŋ24	faŋ35	fɑŋ53
忘		宕合三去漾微	mũ53	mɑŋ53	mɑŋ53	mɑŋ21	maŋ31	maŋ21	maŋ44	mɔŋ21	maŋ21	maŋ21	mɑŋ33
逛		宕合三去漾见		kuɑŋ33	kuɑŋ35	kʰuɑŋ44		kuaŋ33	kuaŋ55			kuaŋ35	
况		宕合三去漾晓		kʰuɑŋ35{借桂}	15	kʰuɑŋ35	kuaŋ55	kuaŋ33	kʰuaŋ55	kʰʊɑŋ35	kʰuɑŋ24	kʰuaŋ33	kʰuɑŋ33
旺		宕合三去漾云	ʊon53	uɑŋ53	uɑŋ53	uɑŋ21	uaŋ31	uaŋ21	uaŋ44	ɔŋ21	uɑŋ21	uaŋ21	uɑŋ53
庞		江开二平江並	pon21	pɑŋ33	15	pʰɑŋ22	paŋ22	puo533	pan33		paŋ33	paŋ33	pã21
桩		江开二平江知	tʃɔ̃44	tsʰoŋ232	tsuɑŋ13	tsuɑŋ132	tsuaŋ24	tʃyaŋ13	tsʰuən242	tʃʊɑŋ422	tʃuɑŋ43	tʃuaŋ42	tsuɑŋ24
窗		江开二平江初	tʃʰʊɔ̃44	tsʰɑŋ232	tsʰuɑŋ13	tsʰuɑŋ132	tsʰuaŋ24	tyaŋ13	tsʰuaŋ242	tʃʰɔŋ422	tʃʰuɑŋ43	tʃʰuaŋ42	tsʰuɑŋ24
双		江开二平江生	ʃʊɔ̃44	sɑŋ232	suɑŋ13	suɑŋ132	suaŋ24	ʃyaŋ13	suaŋ242	ʃɔŋ422	ʃuɑŋ43	ʃuaŋ42	suɑŋ24
江		江开二平江见	kaŋ44	kɑŋ232	kɑŋ13	kɑŋ132	kaŋ24	kaŋ13	kaŋ242	kɔŋ422	kaŋ43	kaŋ42	kɑŋ24
降	{投~}	江开二平江匣		ʃiɑŋ21	ʃiɑŋ21{借桂}	15	ʃiaŋ22	ʃiaŋ33	ɕiaŋ33	ʃiɑŋ33	ʃiɑŋ21	ʃiaŋ33	ʃiɑŋ21
棒		江开二上讲並	pon33	pɑŋ33	pɑŋ21	pou21	paŋ31	paŋ21	paŋ44	pɔŋ21	paŋ21	paŋ21	pɑŋ33
讲		江开二上讲见	kaŋ33	kɑŋ422	kɑŋ44	kɑŋ44	kaŋ33	kaŋ33	kaŋ35	kɔŋ55	kaŋ55	kaŋ55	kɑŋ55
胖		江开二上讲滂	pʰon33	pʰɑŋ33	pʰɑŋ53	pʰɑŋ35	pʰaŋ55	paŋ33	pʰaŋ55	pʰɑŋ35	fi33{训读}	pʰaŋ35	pʰɑŋ53
撞		江开二去绛澄	tʃʰɔ̃55	pʰoŋ53	tsuɑŋ35	15	tsuaŋ55	tʃyaŋ33	tsuaŋ44	tʃʰɔŋ35	tʃʰuɑ54	tʃʰuaŋ55	tsuɑŋ53
降	{下~}	江开二去绛见		kiɑŋ35	ʃiɑŋ35{借桂}	kiɑŋ35	tʃiaŋ55	tʃiaŋ33	tɕiaŋ55		tʃiɑŋ24	tʃiaŋ35	tʃiɑŋ53
巷		江开二去绛匣	hɔ̃21	hɑŋ53	hɑŋ53	hɑŋ21	haŋ31	haŋ21	haŋ44	hɔŋ21	haŋ21	haŋ21	hɑŋ33
剥		江开二去绛帮	piᴇ55	puo35	pɑu5	pou5	puo5	puo35	puo21	ɓʊɔ21	pe5	pɛ5	pᵘo5
桌		江开二入觉知		tuo33	tsɑu5	tsɑu5	tsau5	tsu33	tsuo21	tʃʊɔ53	fuo5	fuo5	tsᵘo5
戳		江开二入觉彻	tʃʰʊo55	sɑu33	tsʰɑu5	tsʰuo5		tsʰuo5	tsʰuo21	tʃʰʊɔ53	tʃuo5	tʃua5	tsʰᵘo5
捉		江开二入觉庄	tʃʊo55	tsɑu5	tsɑu5	tsɑu5	tsau5	tsu5	tsuo21	tʃʊɔ53	tʃuo5	tʃuo5	tsᵘo5/tʃᵘo5
觉		江开二入觉见		kʰiua5	tʃʰiᵘɔ21	kʰiɑu5	tʃiau5	tʃiau5	tɕiɑu21	tʃʰiɔ21	tʃʰio21{借桂}	tʃʰyɛ21	
角		江开二入觉见	ka4	kuo5	kɑu5	kou5	kau5	kuo5	kuo21		kuo5	kuo5	kᵘo5
确		江开二入觉溪		kʰua33	tʃʰyɛ5	kʰᵘɔ5	kʰuo5	kʰuo5	kʰuo21	kʰyɑ̃53	kʰuo5	kʰuo5	kʰᵘo21
壳		江开二入觉溪	kʰa44	kʰɑu422	kʰɑu5	kʰou5	kʰau5	kʰuo5	kʰuo21	kʰʊɔ53	kʰuo5	kʰuo5	kʰᵘo5
乐	{音~}	江开二入觉疑		iɔ21	iɑu5	uo5	io22	iau5	io21	iɔ21	io21{借桂}	yɛ53	io21
学		江开二入觉匣	ha44	ʃiua422	ʃiɑu5	hiou21	ʃiau5	ʃiau5	ɕiɑu4	ʃiɔ21{借桂}	huo21	huo21	ʃio21
握		江开二入觉影	u21	u5	u33	ʊ44	uo5	u533	u21	u33	u24	u5	u33
朋		曾开一平登並	pon21	paŋ33	pei33	pou22	pɔy22	poŋ33	pən33	piᴇ̃33	poŋ33	poŋ33	poŋ21
灯		曾开一平登端	taŋ44	taŋ232	təi13	təi132	təi24	təi13	lən242	ɗɜn422	tɘŋ43	tɘŋ42	tɘŋ24
藤		曾开一平登定	taŋ21	təi33	təi33	təi22	təi22	təi33	tə33	tɜn33	tɘŋ33	tɘŋ33	tɘŋ21
能		曾开一平登泥	naŋ21	nəi33	nəi33	nəi22	laŋ22	nəi33	nə33	nɜn33	nɘŋ33	nɘŋ33	nɘŋ21
增		曾开一平登精	tsaŋ44	tsəi232	tsəi13	tsəi132	tsaŋ24	tsəi13	tsən242	tsɜn422	tsɘŋ43	tsɘŋ42	tsɘŋ24
层		曾开一平登从	tsaŋ21	təi33	tsəi33	tsaŋ22	tsəi22	tsəi533	tɕyᴇ33	tsʰɜn33	tsʰɘŋ33	tsɘŋ33	tsɘŋ21
僧		曾开一平登心		sa33	sa13	tsəi132	tsəi24	tsəi13	sən242	tsɜn422	sɘŋ43	tsɘŋ42	tsɘŋ24
等		曾开一上等端	taŋ55	təi422	təi44	təi44	təi33	təi33	lə35	ɗɜn55	tɘŋ55	tɘŋ55	tɘŋ55
肯		曾开一上等溪		həi21	kʰəi21	kʰəi44	kʰaŋ13	tʃiəi33	kʰə35	kʰɜn55	kʰɘŋ55	kʰɘŋ55	kʰɘŋ55
凳		曾开一去嶝端	taŋ35	təi33	təi35	təi35	təi55	təi33	lə55	ɗɜn35	tɘŋ24	tɘŋ35	tɘŋ53
邓		曾开一去嶝定	taŋ53	taŋ53	taŋ53	taŋ21	taŋ31	toŋ21	tən44	tɜn13	tɘŋ24	tɘŋ35	tɘŋ33
北		曾开一入德帮	pa4	pa5	pəi5	pəi5	pəi5	pəi5	pə21	ɓᴇɪ53	pɤ5	pɤ5	pɤ5
墨		曾开一入德明	ma4	ma422	məi5	məi5	məi5	məi5	mə21	mᴇɪ53	mɤ52	mɤ53	mɤ5
得		曾开一入德端	ta4	ta5	ta5	ta5	ta5	ta5	la21	ɗɑ53	tɤ5	tɤ5	tɤ5
特		曾开一入德定		tʰa5	tʰa5	tʰye5	tʰa5	tʰɤ33	tə21		tʰɤ21{借桂}	tʰɤ5	tʰɤ21
勒		曾开一入德来	la4	nəi422	na5	nəi5	ləi5	ləi5	la21	lᴇɪ53	nɤ52	lɤ53	lɤ5
贼		曾开一入德从	tsa4	tsa53	tsəi53	tsəi21	tsəi31	tsəi5	tɕyᴇ4	tsʰᴇɪ21	tsʰɤ33	tsɤ33	tɤ21
塞		曾开一入德心	sa4	sa5	səi5	səi5	səi5	səi33	sə21	sᴇɪ53	sɤ5	sɤ5	sɤ5
刻		曾开一入德溪	ka4	kʰa422	kʰa44	kʰa5	kʰa5	tia5	kʰa21	kʰɑ53	kʰɤ5	kʰɤ5	kʰɤ5
克		曾开一入德溪	kʰa4	kʰa422	kʰa21	kʰa5	kʰa5	tʃia5	kʰa21	kʰɑ53	kʰɤ5	kʰɤ5	kʰy5
黑		曾开一入德晓	hɯ4	ha422	həi5	həi5	həi5	həi5	hə21	hᴇɪ53	hɤ5	hɤ5	hɤ5
冰		曾开三平蒸帮		piŋ232	piŋ13	piŋ132	piŋ24	piŋ13	pin242	ɓin422	pɘŋ43	pɘŋ42	pɘŋ24
蒸		曾开三平蒸章	tʃaŋ44	tsəi232	tsəi13	tsəi132	tsəi24	tsəi13	tsᴇn242	tʃɜn422	tʃiɘŋ43	faŋ42	tʃiᵊŋ24
称	{~重}	曾开三平蒸昌	tʃʰaŋ44	səi232	səi13	səi132	tsʰəi24	tsʰəi13	tsʰᴇn242	tʃʰɜn422	tʃʰiɘŋ43	aŋ42	tʃʰiᵊŋ24
乘		曾开三平蒸船		səi33	səi33	tsʰaŋ22	səi22	səi33	sᴇn33	ʃɜn33	tʃʰiɘŋ33	tʃoŋ33	tʃiᵊŋ21
升		曾开三平蒸书	ʃaŋ44	səi232	səi13	səi132	səi24	səi13	sᴇn242	ʃɜn422	ʃiɘŋ43	ʃɘŋ42	ʃiᵊŋ24
承		曾开三平蒸禅		tsʰaŋ21{借桂}	15	tsaŋ22	səi22	səi533	sᴇn33	ʃɜn33	tʃʰiɘŋ33	tʃɘŋ33	tʃiᵊŋ21
鹰		曾开三平蒸影	aŋ44	əi232	əi13	ŋəi132	ŋəi24	nəi13	ᴇn242	in33	iɘŋ43	iŋ42	iᵊŋ24
证		曾开三去证章		tsəi35	tsəi35	tsəi35	tsəi55	tsəi33	tsᴇn55	tʃɜn35	tʃiɘŋ24	tʃɘŋ35	tʃiᵊŋ53
秤		曾开三去证昌	tʃʰaŋ35	tsʰəi33	tsʰəi53	tsʰəi35	tsʰəi55	tsʰəi33	tsʰᴇn55	tʃʰɜn35	tʃʰiɘŋ24	tʃʰɘŋ35	tʃʰiᵊŋ53
剩		曾开三去证船	ʃaŋ53	səi35	səi53	səi21	səi31	səi21	sᴇn44	ʃɜn21	ʃiɘŋ21	ʃiɛ̃21	ʃiᵊŋ53
胜		曾开三去证书	ʃaŋ35	saŋ35{借桂}	səi35	səi35	səi55	səi35	sᴇn44	ʃɜn35	ʃiɘŋ24	ʃɘŋ35	ʃiᵊŋ53
兴	{高~}	曾开三去证晓	haŋ35	həi33	həi13	həi35	həi55	həi33	hᴇn55	ʃin35	ʃiɘŋ24	ʃiŋ35	ʃiᵊŋ33
逼		曾开三入职帮	pi4	pi5	pi5	pi5	pi5	piᴇ5	piᴇ21	ɓi53	piᴇ5	piɛ5	piɛ5
力		曾开三入职来	li21	niᴇ422	nəi5	nəi5	ləi5	liᴇ5	liᴇ21	lᴇɪ53	ȵiᴇ5	liɛ̃53	liɛ5
媳		曾开三入职心		ʃi232	ʃi13	ʃi132	ʃi24	ʃiᴇ5	ɕi242	sᴇɪ53	ʃi21	ʃi5	si21
直		曾开三入职澄	tʃa4	tiᴇ33	təi53	tsəi21	tsəi31	tsəi21	tiᴇ4	tᴇɪ21	tiᴇ33	tiɛ33	tiɛ21
侧		曾开三入职庄		tsʰa422	tsʰa5	tsʰa5	tsʰa5	tsəi5	tsʰa21	tʃᴇɪ53	tʃʰɤ5	tsʰɤ5	tsʰɤ5
色		曾开三入职生	ʃa4	sa33	səi5	səi5	səi31	səi33	sə21	ʃiɑ21	ʃɤ5	sɤ5	sɤ5
织		曾开三入职章	tʃʊɯ44	tʃiᴇ5	tsəi5	tsəi5	tsəi5	tʃiᴇ5	tɕiᴇ21	tʃᴇɪ53	tʃiᴇ5	tʃiɛ5	tʃiɛ5
食		曾开三入职船	hi4	ʃiᴇ33	səi21	sɿ21	səi31	ʃiᴇ21	ɕiᴇ4			ʃiɛ33	ʃiɛ21
识		曾开三入职书		ʃiᴇ33	ʃi5	sɿ44	ʃi5/a22	ʃi33	ɕiᴇ4	ʃi21		ʃiɛ33	ʃi21
极		曾开三入职群		tʃi21{借桂}	15	ki21	tʃi5	tʃi5	kiᴇ21	tʃi21	tʃi21	tʃi21	tʃi21
国		曾合一入德见	kʊɯ4	kua5	kua5	kua5	kuo5	kua5	kua21	kʊɔ53	kuo5	kuo5	kᵘo5
彭		梗开二平庚並	pon21	pʰaŋ21{借桂}	pᵘɔŋ33	pou22	pɔy22	paŋ33	poŋ33	piᴇ̃33	poŋ33	poŋ33	poŋ21
撑		梗开二平庚彻	tʃʰin44	tsʰa232	15	tsʰaŋ132	tsʰɔŋ24	tsʰa13	tsʰᴇn242	tʃʰɑ̃35		tʃʰã35	tsʰã24
铛		梗开二平庚初	tʃʰin44	tsʰa232	tsʰa13	tsʰa132		tsʰa13	tsʰᴇn242				
生		梗开二平庚生	ʃin44	sa232	sa13	sa132	sa24	sa13	sᴇn242	ʃɑŋ422	ʃɑ̃43	ʃã42	sɘŋ24
甥		梗开二平庚生	ʃin44	sa33{变调}	sa13	sa132	sa24	sa13	sᴇn242	ʃɑŋ422	ʃɑ̃43	sɘŋ42	ʃã24
庚		梗开二平庚见	kaŋ44	ka232	ka13	ka132	kɔŋ24	tiəi13	kᴇn242	kɑŋ422	kɘŋ43	kɘŋ42	kɘŋ24
衡		梗开二平庚匣		haŋ33	15	haŋ22	haŋ22	hoŋ33	hən33		hɘŋ33	hɘŋ33	hɘŋ21
猛		梗开二上梗明		moŋ21	mᵘɔŋ44	mou44	mɔy13	maŋ33	moŋ21	mɔŋ13	moŋ52	moŋ53	moŋ55
打		梗开二上梗端	kʊɯ33{训读}	pua21{训读}	pəi21{训读}	tʊ44		tuo33/pia533{训读}	pa21{训读}	piɑ̃53{训读}	maŋ55{训读}	ta55/pa33{训读}	
冷		梗开二上梗来	lin33	nuo21	nᵘɔ44	nʊ44	lɔ55	luo33	luan21	lɑ̃13	nɑ̃52	lã53	lã55/kɘŋ53{训读}
省		梗开二上梗生		sa422	sa44	sa44		sa33	sᴇn35	sɜn55	ʃɘŋ44	sɘŋ55	sɘŋ55
杏		梗开二上梗匣		ʃiŋ35	15	hiŋ35	ʃie55	ʃiŋ33	ɕiᴇn44	ʃin35	ʃiɘŋ24{借桂}	ʃiŋ35	
更		梗开二去映见	kaŋ35	kaŋ33	kaŋ35	kaŋ35	kɔŋ55	kaŋ35	kən55	kɜn35	kɘŋ24	kɘŋ35	
硬		梗开二去映疑	ȵiɛ̃53	a53	a53	ŋa21	ŋa31	nia21	uan44	ŋɑ̃21	ŋɑ̃21	ŋã21	ŋã33
百		梗开二入陌帮	piᴇ4	pa5	pa5	pa5	pa5	pa5	pa21	ɓɑ53	pɤ5	pɤ5	pɤ5
伯		梗开二入陌帮	piᴇ4	pa5	pa5	pa5	pa5	pa5	pa21			pɤ5	pɤ21
拍		梗开二入陌滂	pʰiᴇ4	pʰa422	pʰa5	pʰa5	pʰa5	pʰa5	pʰa21	pɑ53	pʰɤ5	pʰɤ5	pʰɤ5
𢫦		梗开二入陌明	pʰiᴇ4	pua21	pəi21	pʰa5		pia5	pa21	piɑ̃53	maŋ55{训读}	pa33	
白		梗开二入陌並	piᴇ53	pa53	pa53	pa21	pa31	pa21	pa4	pɑ̃21	pɤ21	pɤ21	pɤ21
拆		梗开二入陌彻	tʃʰiᴇ55	tsʰa422	tsʰa5	tsʰa5	tsʰa5	tsʰa5	tsʰa21	tʃʰɑ53	tʃʰɤ5	tsʰɤ5	tsʰɤ5
择		梗开二入陌澄	tʃiᴇ55	tsa33	tsa5	tsa21	tsa22	tsa21	tsa21	kʰɑ53	tsɤ5	tsɤ5	tsɤ5
格		梗开二入陌见	kiᴇ4	ka5	ka5	ka44	ka5	tʃia5	ka21	kɑ53	kɤ5	kɤ5	kɤ5
客		梗开二入陌溪	hiᴇ55	ha422	kʰa5	kʰa5	kʰa5	tʃia5	kʰa21	kʰɑ53	kʰɤ5	kʰɤ5	kʰɤ5
棚		梗开二平耕帮	pon21	paŋ33	pei33	pou22	pɔy22	poŋ13/pa33	poŋ33	piᴇ̃33	poŋ33	poŋ33	poŋ21
橙	{~子}	梗开二平耕澄	tsaŋ21	kɑŋ232	15	tsaŋ22		tsaŋ33	tsᴇn33	kʊɑ̃33{训读}	tʃʰiɘŋ33	tʃɘŋ33	
争		梗开二平耕庄	tʃin44	tsa232	tsəi13	tsa132	tsaŋ24	tsəi13	tsᴇn242	tʃɑ̃422	tʃiɘŋ43	tʃã24	tʃã24
耕		梗开二平耕见	kin44	ka232	ka13	ka132	kɔŋ24	tʃia13	kᴇn242		kiɘŋ43	kɘŋ42	kɘŋ24
幸		梗开二上耿匣		ʃiŋ35{借桂}	ʃiŋ35{借桂}	hiŋ35	ʃiŋ55	ʃiŋ33	ɕin44	ʃin35{借桂}	ʃiɘŋ24	ʃiŋ35	
麦		梗开二入麦明	mi53	ma422	ma5	ma5	ma5	ma5	ma21	mɑ53	mɤ52	mɤ53	mɤ5
脉		梗开二入麦明	mi53	ma21	ma5	ma5	ma5	ma5	ma21	mɑ53	mɤ52	mɤ53	mɤ5
责		梗开二入麦庄		tsa21	tsa5	tsa5	tsa5	tsa5	tsa21	tʃiɑ53	tsɤ5	tsɤ5	tsɤ5
策		梗开二入麦初		tsʰa21	tsʰa5	tsʰa5	tsʰa22	tsʰa5	tsʰa21	tsʰɑ53	tsʰɤ5	tsʰɤ5	tsʰɤ5
隔		梗开二入麦见	kiᴇ4	ka5	ka5	ka5	ka5	tʃia5	ka21	kɑ53	kɤ5	kɤ5	kɤ5
核		梗开二入麦匣			həi5	ha5	həi5	həi5	hə21			hɤ33	hɤ5
兵		梗开三平庚帮	paŋ44	pəi232	pəi13	pəi132	pəi24	pəi13	pᴇn242	ɓɜn422	pɘŋ43	pɘŋ42	pɘŋ24
平		梗开三平庚並	paŋ21	pəi33	pəi33	pəi22	pəi22	pəi533	pᴇn33	pɜn33	pɘŋ33	pɘŋ33	pɘŋ21
明		梗开三平庚明		məi33	məi33	məi22	məi22	məi533	mᴇn33	mɜn33	miɘŋ33	mɘŋ33	miᵊŋ21
京		梗开三平庚见	kaŋ44	kəi232	kəi13	kəi132	kəi24	tiəi13	kᴇn242	tʃin422	kiɘŋ43	tʃiŋ42	tʃiᵊŋ24
迎		梗开三平庚疑		iŋ33	iŋ33	iŋ22	ie22	iŋ533	iᴇn33	in21{借桂}		iŋ33	
英		梗开三平庚影		əi232	əi13	ŋəi132	iŋ24	nəi13	ᴇn242	in33{借桂}	iɘŋ43	iŋ42	iᵊŋ24
景		梗开三上梗见		tʃiŋ53	tʃiŋ53	kəi44	kəi33	tʃiəi33	tɕin35	tʃin55	tʃiɘŋ55	tʃiŋ55	tʃiᵊŋ55
影		梗开三上梗影	iaŋ55	əi422	əi44	ŋəi44	iŋ33	nəi33	in21	ɜn55	iɘŋ55	iŋ55	iᵊŋ55
病		梗开三去映並	paŋ53	pəi53	pəi33	pəi21	pəi31	pəi21	pᴇn44	pɜn21	pɘŋ21	pɘŋ21	pɘŋ33
命		梗开三去映明	maŋ53	məi53	məi53	məi21	məi31	məi21	mᴇn44	mɜn21	mɘŋ21	mɘŋ21	mɘŋ33
镜		梗开三去映见	kaŋ35	kəi33	kəi35	kəi35	kəi55	tʃiəi33	kᴇn55	kɜn35	kɘŋ24	kɘŋ35	kɘŋ53
庆		梗开三去映溪		kʰəi53	kʰəi53	kʰəi35	tʃʰiŋ55	tiəi35	tɕʰin55	tʃʰin35	tʃʰiɘŋ24	tʃʰiŋ35	tʃʰiᵊŋ53
剧	{戏~}	梗开三入陌群		tʃy35{借桂}	tʃy35{借桂}	kʏ35	tʃy55	tʃy35	tɕy55	ky35	tʃy24	tʃy35	tʃy53
名		梗开三平清明	maŋ53	məi33	məi33	məi22	məi22	məi533	mᴇn33	mɜn33	miɘŋ33	mɘŋ33	miᵊŋ21
精		梗开三平清精	tsan44	tsəi232	tsəi13	tsəi132	tsəi24	tsəi13/ʃiəi13	tsᴇn242	tsɜn422	tʃiɘŋ43	tsɘŋ42	tsɘŋ24
清		梗开三平清清	tsʰaŋ44	tsʰəi232	tsʰəi13	tsʰəi132	tsʰəi24	tsʰəi13	tsʰᴇn242	tsʰɜn422	tʃʰiɘŋ43	tsʰɘŋ42	tsʰɘŋ24
晴		梗开三平清从	tsaŋ21	tsəi33	tsəi33	tsəi22	tsəi22	tsəi533	tsᴇn33	tsʰɜn33	tʃʰiɘŋ33	tsɘŋ33	tsɘŋ21
程		梗开三平清澄		səi33	səi33	səi22	səi22	səi533	tsᴇn33	tʃɜn33	tʃʰaŋ33	tʃʰɘŋ21{借桂}	tʃiᵊŋ21
正	{~月}	梗开三平清章	tʃaŋ44	tsəi232	tsəi13	tsəi132	tsəi24	tsəi13	tsᴇn242	tʃɜn422	tʃiɘŋ43	tʃɘŋ42	
声		梗开三平清书	ʃaŋ44	səi232	səi13	səi132	səi24	səi13	sᴇn242	ʃɜn422	ʃiɘŋ43	ʃɘŋ42	ʃiᵊŋ24
成		梗开三平清禅	ʃan21	səi33	səi33	səi22	səi22	səi533	sᴇn33	ʃɜn33	tʃʰiɘŋ33	ʃɘŋ33	tʃiᵊŋ21
轻		梗开三平清溪	haŋ44	həi232	kʰəi13	kʰəi132	kʰəi24	tʃʰiəi13	kʰᴇn242	kʰɜn422	kʰiɘŋ43	kʰɘŋ42	kʰɘŋ24
赢		梗开三平清以	ŋaŋ21	əi33	əi33	ŋəi22	ŋəi22	ȵiəi533	ᴇn33	ŋɜn33	ŋ33	ŋɘŋ33	ŋɘŋ21
领		梗开三上静来	lan33	nəi21	nəi21	nəi44	ləi13	ləi33	lᴇn21	lan13	ȵiɘŋ52	lɘŋ53	lɘŋ55
井		梗开三上静精	tsaŋ55	tsəi422	tsəi44	tsəi44	tsəi33	tsəi33	tsᴇn35	tsɜn55	tʃiɘŋ55	tsɘŋ55	tsɘŋ55
请		梗开三上静清	tsʰaŋ55	tsʰəi21	tsʰəi21	tsʰəi44	tsʰəi13	tsʰəi33	tsʰᴇn35	tsʰɜn55	tʃʰiɘŋ55	tsʰɘŋ55	tsʰɘŋ55
静		梗开三上静心	tsaŋ53	tsəi21	tsəi21	tʃiŋ21	tsəi31	tsəi21	tsᴇn44	tsin35{借桂}	tʃʰiɘŋ21	tsɘŋ53	tsɘŋ33
整		梗开三上静章	tsaŋ55	tsəi422	tsəi44	tsəi44	tsəi33	tsəi33	tsᴇn35	tʃɜn55	tʃiɘŋ55	tʃɘŋ55	tʃiᵊŋ55
颈		梗开三上静见	kaŋ55	kəi422	kəi44	kəi44	kəi33	tʃiəi33	kᴇn35	kɜn55	kiɘŋ55	tʃiŋ55/kɘŋ55	kɘŋ55
并	{合~}	梗开三去劲帮		piŋ35	piɛ53	piŋ35		piŋ21	piᴇn55		pɘŋ24	pɘŋ35	piᵊŋ53
令		梗开三去劲来		nəi21	nəi53	nəi21	ləi31	ləi21	lᴇn44	lɜn21	ȵiɘŋ24	lɘŋ35	lɘŋ33
净		梗开三去劲从	tsaŋ53	tsəi21	tsəi21	tsəi21	tsəi31	tsəi21	tsᴇn44	tsʰɜn21	tʃʰiɘŋ21	tsɘŋ21	tsɘŋ33
姓		梗开三去劲心	saŋ35	səi35	səi35	səi35	səi55	səi35	sᴇn55	sɜn35	sɘŋ24	sɘŋ35	sɘŋ53
政		梗开三去劲章	tʃaŋ35	tsəi35	tsəi35	tsəi35	tsəi55	tsəi35	tsᴇn55	tʃɜn35	tʃiɘŋ24	tʃɘŋ35	tʃiᵊŋ53
积		梗开三入昔精		tʃi5	tʃi5	tʃi5	tʃi5	tʃi5	tɕiᴇ21	tʃi21{借桂}	tʃi21{借桂}	tʃiɛ5	tsiɛ5
脊		梗开三入昔精	tʃi33	tsɛ5	tʃi44	tʃi5	tʃi22	tʃi5	tɕi35	tʃi21{借桂}	tʃi21{借桂}	tʃiɛ5	tsiɛ5
惜		梗开三入昔心	si4	ʃi21{借桂}	ʃi21{借桂}	sᵘɔ44	səi22	ʃi533	ɕiᴇ21	ʃiᴇ21	ʃi33	ʃiɛ5	
席		梗开三入昔邪		ʃi5	ʃi5	ʃi44	ʃi22	ʃi533	ɕiᴇ21	ʃi21{借桂}	ʃi21{借桂}	ʃi21{借桂}	siɛ5
尺		梗开三入昔昌	tʃʰi44	tʃʰiᴇ422	tsʰəi5	tsʰəi5	tsʰəi5	tʰiᴇ55	tɕʰiᴇ21	tʃʰᴇɪ53	tʃʰiᴇ5	tʃʰiɛ5	tʃʰiɛ5
射		梗开三入昔船		sua53	15	sᵘɔ21		ʃyᴇ21	sa44	ʃʊɔ21	ʃa21	ʃa21	
适		梗开三入昔书		ʃi35	15	ʃi5	sɿ22	ʃi5	ɕiᴇ21		ʃi21{借桂}	ʃi35	ʃi21
石		梗开三入昔禅	ʃa21	ʃiᴇ53	səi53	səi21	səi31	ʃiᴇ21	ɕiᴇ4	ʃᴇɪ21	ʃiᴇ21	ʃiɛ21	ʃiɛ21
瓶		梗开四平青並	paŋ21	pəi33	pəi33	pəi22	pəi22	pəi533	pᴇn33	pɜn33	pɘŋ33	pɘŋ33	pɘŋ21
钉		梗开四平青端	taŋ44	təi232	təi13	təi132	təi24	təi13	lᴇn242	ɗɜn422	tɘŋ43	tɘŋ42	tɘŋ24
听		梗开四平青透	tʰaŋ35	tʰəi35	tʰəi13	tʰəi35	tʰəi55	tʰəi35	tʰᴇn55	tʰɜn35	tʰiɘŋ24	tʰɘŋ35	tʰɘŋ53
停		梗开四平青定	taŋ21	təi33	təi33	təi22	təi22	təi533	tᴇn33	tɜn33	tiɘŋ33	tɘŋ33	tɘŋ21
宁		梗开四平青泥	lan21	nəi33	niŋ33	ȵiŋ22	liŋ22	ləi533	lᴇn33	ȵin33	ȵiɘŋ33	ȵiŋ33	ȵiᵊŋ21
灵		梗开四平青来	lan21	nəi33	nəi33	nəi22	ləi22	ləi533	lᴇn33	lin33	ȵiɘŋ33	liŋ33	liᵊŋ21
青		梗开四平青清	tsʰaŋ44	tsʰəi232	tsʰəi13	tsʰəi132	tsʰəi24	tsʰəi13	tsʰᴇn242	tsʰɜn422	tʃʰiɘŋ43	tsʰɘŋ42	tsʰɘŋ24
星		梗开四平青心	saŋ44	səi232	səi13	səi132	səi24	səi13	sᴇn242	sɜn422	sɘŋ43	sɘŋ42	sɘŋ24
经		梗开四平青见	kaŋ44	kəi232	kəi13	kəi132	kəi24	tʃiəi13	kᴇn242	kɜn422	tʃiɘŋ43	tʃiŋ42	tʃiᵊŋ24
形		梗开四平青匣		ʃiŋ21{借桂}	ʃiŋ21{借桂}	həi22	ʃiŋ22	həi533	ɕin33		ʃiɘŋ33	ʃiŋ33	ʃiᵊŋ21
顶		梗开四上迥端	taŋ55	təi422	tiŋ44	təi44	təi33	təi33	lᴇn35	ɗɜn55	tɘŋ55	tɘŋ55	tɘŋ55
醒		梗开四上迥心	saŋ55	səi422	səi44	səi44	səi33	səi33	sᴇn35	sɜn55	sɘŋ55	sɘŋ55	sɘŋ55
定		梗开四去径定	taŋ53	təi53	təi53	təi21	təi31	təi21	tᴇn44	tɜn21	tiɘŋ21	tɘŋ21	tɘŋ33
另		梗开四去径来	lan53	nəi53	nəi53	nəi21	ləi31	ləi21	lᴇn44	lin21	ȵiɘŋ21	liŋ21	lɘŋ33
壁		梗开四入锡帮	pi4	pəi33	pəi5	pəi5	pəi5	piᴇ5	piᴇ21	ɓᴇɪ53	piᴇ5	piɛ5	piɛ5
滴		梗开四入锡端	tᴇɪ35	tiᴇ35	tiɛ5/ti33	ti44	ti5	ta35	lɛ44		te24	tiɛ5	ti21
踢		梗开四入锡透	tʰi4	tʰɛ422	tʰəi5	tʰəi5	tʰəi5	tʰi5/tʰəi35	tʰiᴇ21	tʰᴇɪ53	tʰiᴇ5	tɛi53	
笛		梗开四入锡定	ti21	tɛ422	tei5	tou21	təi5	ti21	tiᴇ4	ti21{借桂}	tiᴇ21	tiɛ5	ti21
历		梗开四入锡来	li21	na33	ni33	ȵie5		li5/liᴇ5	liᴇ21	li21{借桂}	ȵi21	li33	li21
绩		梗开四入锡精		tʃi5	tʃi5	tʃi44	tʃi22	tʃi5	tɕiᴇ21	tʃi21{借桂}	tʃi21{借桂}	tʃi21	tsi21
戚		梗开四入锡清		tsʰiᴇ422	tʃʰiɛ44	tʃʰi44	tʃʰi22	tʃʰi5	tɕʰiᴇ21	tʃʰi21{借桂}	tʃʰiᴇ24	tʃʰiɛ5	tsʰiɛ5
吃		梗开四入锡溪	tʃʰi4	hiᴇ422	tʃʰiɛ5	kʰie5	tʃʰie5	tʃʰiᴇ5	kʰiᴇ21	tʃʰiᴇ53	tʃʰiᴇ5	tʃʰiɛ5	tʃʰiɛ5
横		梗合二平庚匣	ʊin21	ua33	ua33	ua22	fɔŋ22/ua22	ua533	uan33	ʊɑ̃33	uɑ̃33	uã33	
获		梗合二入麦匣		hua5	15	huo5	huo22	huo5	huo21		huo21	huo33	hᵘo33
兄		梗合三平庚晓	piᴇ55	huəi232	huəi13	huəi132	həi24	fəi13	ɕioŋ242		ʃyᴇ̃43	ʃioŋ42	ʃyᵊŋ24
荣		梗合三平庚云		ioŋ33	iᵘɔŋ33	ioŋ22	yŋ22	ioŋ533	ioŋ33	iɑŋ21	ioŋ33	ioŋ33	ioŋ21
永		梗合三上梗云		ioŋ53	15	iŋ22	yŋ13	yŋ33	ioŋ21	yn55	ioŋ52	ioŋ53	yᵊŋ55/ioŋ55
营		梗合三平清以	ion21	iŋ33	iᵘɔŋ33	iŋ22	iŋ22	uəi533	ioŋ33	ŋ33	ŋ33	iŋ33	iᵊŋ21
疫		梗合三入昔以		y35{借桂}	15	iu44	y22	y533	y33		i24{借桂}	y35	y21
萤		梗合四平青匣			iᵘɔŋ33	iŋ22		15		iɑŋ33	iɘŋ33	ioŋ33	iᵊŋ21
篷		通合一平东並	pon21	paŋ33	pei33	pou22	pɔy22	paŋ533	poŋ33	piᴇ̃33	poŋ33	poŋ33	poŋ21
蒙		通合一平东明	mon21	moŋ33	mᵘɔŋ33	mou22	mɔy22	maŋ533	moŋ33	miᴇ̃33	moŋ33	moŋ33	moŋ21
东		通合一平东端	ton44	taŋ232	tei13	tou132	tɔy24	taŋ13	loŋ242	ɗiᴇ̃422	toŋ43	toŋ42	toŋ24
通		通合一平东透	tʰon44	tʰaŋ232	tʰei13	tʰou132	tʰɔy24	tʰaŋ13	tʰoŋ242	tʰiᴇ̃422	tʰoŋ43	tʰoŋ42	tʰoŋ24
同		通合一平东定	ton21	taŋ33	tei33	tou22	tɔy22	taŋ533	toŋ33	tiᴇ̃33	toŋ33	toŋ33	toŋ21
聋		通合一平东来	lon21	naŋ33	nei33	nou22	lɔy22	laŋ533	loŋ33	liᴇ̃33	noŋ33	loŋ33	loŋ24
棕		通合一平东精	tson44	tsaŋ232	tsei13	tsou132	tsɔy24	tsoŋ13/soŋ13	tsoŋ242	tʃiᴇ̃422	tsoŋ43	tsoŋ42	tsoŋ24
葱		通合一平东清	tsʰon44	tsʰaŋ232	tsʰei13	tsʰou132	tsʰɔy24	tsʰaŋ13	tsʰoŋ242	tʃʰiᴇ̃422	tsʰoŋ43	tsʰoŋ42	tsʰoŋ24
公		通合一平东见	kon44	kaŋ232	kei13	kou132	kɔy24	kaŋ13	koŋ242	kiᴇ̃422	koŋ43	koŋ42	koŋ24
工		通合一平东见	kon44	kaŋ232	kei13	kou132	kɔy24	kaŋ13	koŋ242	kiᴇ̃422	koŋ43	koŋ42	koŋ24
空		通合一平东溪	hon44	haŋ232	kʰei13	kʰou132	kʰɔy24	kʰaŋ13	kʰoŋ242	kʰiᴇ̃422	kʰoŋ43	kʰoŋ42	kʰoŋ24
烘		通合一平东晓	tʃi4{训读}	hɑŋ53	hᵘɔŋ13	hou132		haŋ13	hoŋ242			hoŋ42	foŋ24
红		通合一平东匣	hon21	haŋ33	hei33	hou22	hɔy22	haŋ533	hoŋ33	hiᴇ̃33	hoŋ33	hoŋ33	hoŋ21
懂		通合一上董端	ton55	taŋ422	tei44	tou44	tɔy33	taŋ33	loŋ35	ɗiᴇ̃55	toŋ55	toŋ55	toŋ55
桶		通合一上董透	tʰon55	tʰaŋ21	tʰei21	tʰou44	tʰɔy13	tʰaŋ33	tʰoŋ35	tʰiᴇ̃55	tʰoŋ55	tʰoŋ55	tʰoŋ55
动		通合一上董定	ton33	taŋ21	tei53	tou44	tɔy13	taŋ33	toŋ21	tiᴇ̃13	toŋ52	toŋ53	toŋ53
总		通合一上董精	tson55	tsaŋ422	tsᵘɔŋ44	tsou44	tsɔy33	tsaŋ33	tsoŋ35	tʃiᴇ̃55	tsoŋ55	tsoŋ55	tsoŋ55
冻		通合一去送端	ton35	taŋ35	tei35	tou35	tɔy55	taŋ35	loŋ55	ɗiᴇ̃35	toŋ24	toŋ35	toŋ53
痛		通合一去送透	tʰon35	tʰaŋ53	tʰei53	tʰou35		tʰaŋ35	tʰoŋ55	tʰiᴇ̃35	tʰoŋ24	tʰoŋ35	tʰoŋ53
洞		通合一去送定	ton53	taŋ53	tei53	tou21	tɔy31	taŋ21	toŋ44	tiᴇ̃21	toŋ21	toŋ21	toŋ33
弄		通合一去送来	lon53	naŋ53	nᵘɔŋ53	nou21	lɔy31	uəi21{训读}	loŋ44		noŋ24	loŋ35	loŋ33
粽		通合一去送精	tson35	tsaŋ35	tsei35	tsou35	tsɔy55	tsaŋ35	tsoŋ55	tʃiᴇ̃35	tsoŋ24	tsoŋ35	tsoŋ53
送		通合一去送心	son35	saŋ35	sei35	sou35	sɔy55	saŋ35	soŋ55	ʃiᴇ̃35	soŋ24	soŋ35	soŋ53
木		通合一入屋明	ma4	mɑɯ422	mei5	mou5	mɔy5	mɤ5	mɑu21	mi53	mɑu5	mau53	mɑu5
独		通合一入屋定	tʊɯ4	tɑɯ422	tei53	tou21	tɔy31	tɤ21	tɑu44	tiɑ̃21	tou33	tu21	tu21
读		通合一入屋定	ta4	tɑɯ422	tei53	tou21	tɔy31	tɤ21	tɑu4	tiɑ̃21	tu33	tɤ33	tu21
鹿		通合一入屋来		nu33	nei5	nou5	lɔy5	lɤ5/lu533	lu33	liɑ̃53	nu33	lu33	lu21
族		通合一入屋从		tsu21	tsu21{借桂}	tsʊ4	tsu22	tsu5	tsu21		tsu21{借桂}	tsu33	tsu21
速		通合一入屋心		su21	ʃy21	sʊ5	su22	su5	su33		su21	su21	su21
谷	{~子}	通合一入屋见	kʊɯ4	kɑɯ5	kei5	kou5	ku5	kɤ5	kɑu21	kiɑ̃53	kɑu5	kau5	kəu5
哭		通合一入屋溪	hʊɯ4	hɑɯ422	kʰei5	kʰou5	kʰɔy5	kʰɤ5	kʰɑu21	kʰiɑ̃53	kʰɑu5	kʰau5	kʰəu5
冬		通合一平冬端	ton44	taŋ232	tei13	tou132	tɔy24	taŋ13	loŋ242	ɗiᴇ̃422	toŋ43	toŋ42	toŋ24
农		通合一平冬泥		noŋ33	nᵘɔŋ33	naŋ22	lɔy22	noŋ533	noŋ33		noŋ33	noŋ33	noŋ21
宗		通合一平冬精	tson44	tsoŋ232	tsᵘɔŋ13	tsaŋ132	tsaŋ24	tsoŋ13/soŋ13	tsoŋ242		tsoŋ43	tsoŋ42	tsoŋ24
松	{~紧}	通合一平冬心	son44	saŋ232	sei13	sou132	sɔy24	saŋ13	soŋ242	ʃiᴇ̃422	soŋ43	soŋ42	soŋ24
毒		通合一入沃定	tʊɯ4	tɑɯ53	tei53	tou21	tɔy31	tɤ21	tɑu44	tiɑ̃21	tou33	tɤ33	tu21
风		通合三平东非	fon44	faŋ232	fei13	fou132	fɔy24	faŋ13	foŋ242	fiᴇ̃422	foŋ43	foŋ42	foŋ24
丰		通合三平东敷		foŋ33{借桂}	fei13	fou132	fɔy24	faŋ13	foŋ242	fiᴇ̃422	foŋ43	foŋ42	foŋ24
中		通合三平东知	tson44	tsoŋ232	tsᵘɔŋ13	tsaŋ132	tsaŋ24	tʃioŋ13	tsoŋ242	tʃɔŋ422	tʃoŋ43	tʃoŋ42	tʃioŋ24
虫		通合三平东澄	tin21	tiŋ33	tiŋ33	tiŋ22	tiŋ22	tiŋ533	tioŋ33	tiɑŋ33	tioŋ33	tioŋ33	tioŋ21
终		通合三平东章		tsoŋ232	tsᵘɔŋ13	tsaŋ132	tsaŋ24	tʃioŋ13	tsoŋ242		tʃoŋ43	tʃoŋ42	tsoŋ24
充		通合三平东昌	tʃʰon44	tsʰaŋ232	tsʰᵘɔŋ13	tsʰaŋ132	tsʰɔy24	tsʰaŋ13	tsʰoŋ242	tʃʰɔŋ422	tʃʰoŋ43	tʃʰoŋ42	tsʰoŋ24
绒		通合三平东日		ioŋ33	iᵘɔŋ33	ioŋ22	yŋ22	ioŋ533	ioŋ33	iɑŋ33	ioŋ33	ioŋ33	ioŋ21
弓		通合三平东见		kaŋ33{变调}	kei13	kuaŋ132	kɔy24	kuaŋ13	koŋ242	kɔŋ422	koŋ43	koŋ42	koŋ24
宫		通合三平东见		koŋ33{变调}	kei13	kou132	kɔy24	kaŋ13	koŋ242	kɔŋ422	koŋ43	koŋ42	koŋ24
穷		通合三平东群	kion21	kioŋ33	tʃiᵘɔŋ33	kiŋ22	tʃiŋ22	tʃioŋ533	tɕioŋ33	tʃʰiɔŋ33	tʃʰioŋ33	tʃioŋ33	tʃioŋ21
熊		通合三平东云	ʃion21	ʃioŋ33	ʃiᵘɔŋ33	hioŋ22	ʃyŋ22	ʃioŋ533	ɕioŋ33	ʃiɔŋ33	ʃioŋ33	ʃioŋ33	ʃioŋ21
梦		通合三去送明	mon53	maŋ53	mei53	15	mɔy31	maŋ21	moŋ44	miᴇ̃21	moŋ21	moŋ21	moŋ33
众		通合三去送章	tʃon35	tsoŋ35	tsᵘɔŋ35	tsaŋ35	tsɔy55	tʃioŋ35	tsoŋ55		tʃoŋ24	tʃoŋ35	tʃioŋ53
铳		通合三去送昌	tʃʰon35	tsʰaŋ53	tsʰᵘɔŋ35	tsʰaŋ35		tsʰaŋ35	tsʰoŋ55	tʃʰɔŋ35	tʃʰoŋ24	tʃʰoŋ35	tsʰoŋ53
福		通合三入屋非	fa4	fɑɯ5	fei5	fou5	fɔy5	fɤ5	fɑu21	fiɑ̃53	fu33	fu33	fu21
服	{~气}	通合三入屋敷	fa4	fɑɯ53	fei5	fou21	fu22	fɤ21/fu533	fɑu4	fiɑ̃21	fu33	fu33	fu21
目		通合三入屋明		mu35{借桂}	mu21	mou5/mou21	mu31	mɤ5	mɑu21	mu21{借桂}	mu21{借桂}	mau53	mu21
六		通合三入屋来	li4	niau422	niᵒu5	ȵiou5	liau5	liou5	liɑu21	liᴇ53	ȵiɑu52	liau53	lyɛ5
竹		通合三入屋知	ti4	tiau5	tiᵒu5	tiou5	tiau5	tiou5	tiɑu21	ɗiᴇ53	tiou5	tiou5	tyɛ5
缩		通合三入屋生	ʃʊɯ4	sɑɯ5	suei5	sou5	sɔy5	ʃyᴇ5	sɑu21	ʃiɑ̃53	suo5	suo5	sᵘo5
祝		通合三入屋章		tsu21	tsu21	tsʊ5	tsu22	tsu5	tsu21		tsu21{借桂}	tsu5	tsu21
叔		通合三入屋书	ʃʊɯ4	iɔ33	iᵘɔ33	mɑŋ5	su22	ʃyᴇ5	sɑu21	mɑ̃55	mɑ̃55	mã55	su21
熟		通合三入屋禅	ʃʊɯ4	sau53	suei53	sou21	su31	ʃyᴇ21	sɑu4	ʃiɑ21	ʃɑu5	ʃau33	su21/ʃyɛ21
肉		通合三入屋日	tʃiᴇ35	tsua35	tsᵘɔ35	iou5	iɔy31	tʃy35	tsa44	tʃʊɔ35	tʃa24	tʃa35	tʃia53
封		通合三平钟非	fon44	faŋ232	fei13	fou132	fɔy24	faŋ13	foŋ242	fiᴇ̃422	foŋ43	foŋ42	foŋ24
蜂		通合三平钟敷		faŋ232	fei13	fou132	fɔy24	faŋ13	foŋ242	pʰiᴇ̃422	foŋ43	foŋ42	foŋ24
浓		通合三平钟泥	nin21	i53{训读}	nᵘɔŋ33	noŋ22	laŋ22	noŋ533	noŋ33		noŋ33	noŋ33	noŋ21
龙		通合三平钟来	lin21	noŋ33	nᵘɔŋ33	naŋ22	laŋ22	loŋ533	loŋ33	liɑŋ33	noŋ33	loŋ33	lioŋ21
松	{~树}	通合三平钟邪	tʃin21	tʃiŋ33	tʃiŋ33	tʃiŋ22	sɔy24	soŋ13/tʃiŋ33	tɕioŋ33	tʃʰiɑŋ33	soŋ43/tʃʰioŋ33	soŋ42	tsoŋ21/soŋ24
重	{~复}	通合三平钟澄	tʃon53	tsoŋ33	tsᵘɔŋ33	tsaŋ22	tsɔŋ22	tsoŋ533	tsoŋ33	tsʰɔŋ33	tsʰoŋ21{借桂}	tioŋ33	tsoŋ21
钟		通合三平钟章	tʃon44	tsoŋ232	tsᵘɔŋ13	tsaŋ132	tsɔŋ24	tʃioŋ13	tsoŋ242	tʃɔŋ422	tʃoŋ43	tʃoŋ42	tsoŋ24
冲		通合三平钟昌		tsʰaŋ232	tsʰᵘɔŋ13	tsʰaŋ132	tsʰɔŋ24	tsʰoŋ13	tsʰoŋ242	tʃʰɔŋ422	tʃʰoŋ43	tʃʰoŋ42	tsʰoŋ24
茸		通合三平钟日		ioŋ33	iᵘɔŋ33	15		ioŋ533	ioŋ33	iɔŋ33	ioŋ21{借桂}	ioŋ33	ioŋ21
胸		通合三平钟晓		ʃioŋ232	ʃiᵘɔŋ13	hioŋ132	ʃiŋ24	ʃioŋ13	ɕioŋ242		ʃioŋ43	ʃioŋ42	ʃioŋ24
凶	{~恶}	通合三平钟晓	hion44	ʃioŋ232	ʃiᵘɔŋ13	hioŋ132	ʃiŋ24	ʃioŋ13	ɕioŋ242		ʃioŋ43	ʃioŋ42	ʃioŋ24
容		通合三平钟以		ioŋ33	iᵘɔŋ33	iŋ22	yŋ22	ioŋ533	ioŋ33	iɑŋ33	ioŋ33	ioŋ33	ioŋ21
重	{轻~}	通合三上肿澄	tin33	tiŋ21	tiŋ21	tiŋ44	tiŋ13	tiŋ33	tioŋ21	tiɔŋ13	tioŋ52	tioŋ53	tioŋ53
种	{~子}	通合三上肿章	tʃon55	tsaŋ422	tsᵘɔŋ44	tsaŋ44	tsɔŋ33	tsoŋ33	tsoŋ35	tʃɔŋ55	tʃoŋ55	tʃoŋ55	tʃioŋ55
勇		通合三上肿以		ioŋ53	iᵘɔŋ53	iŋ44	yŋ33	ioŋ33	ioŋ21		ioŋ52	ioŋ55	ioŋ55
共		通合三去用群		koŋ53	kᵘɔŋ53	kuaŋ21	kɔŋ31	koŋ21	koŋ44	kɔŋ35	koŋ21	koŋ35	koŋ53
用		通合三去用以	ion53	ioŋ53	iᵘɔŋ53	iŋ21	iŋ31	ioŋ21	ioŋ44	iɔŋ21	se55{训读}	sɛ55{训读}	ioŋ33
绿		通合三入烛来	li4	niau422	niᵒu5	ȵiou5	liau5	liou5	liɑu21	liᴇ53	ȵiɑu52	liau53	lyɛ5
足		通合三入烛精	ki4{训读}	tʃiau5	tʃiᵒu5	tʃiou5/tsʊ5	tʃiau5	tsu5	tɕiɑu21	tʃiᴇ53	tsu21{借桂}	tsu21	tsyɛ5
俗		通合三入烛邪		su21{借桂}	su21{借桂}	sʊ5	su22	su21{风俗}/ʃiou55{各乡各俗}	sɑu33	su35{借桂}	su21{借桂}	su21{借桂}	su21
赎		通合三入烛船	ʃʊɯ4	sɑɯ5	su21	sou21	sɔy5	ʃyᴇ21	sɑu21	ʃiɑ21	su21{借桂}	ʃiau33	su21
属		通合三入烛禅		su21{借桂}	su21	sʊ44	su22	ʃyᴇ21/su21	su21		su21{借桂}	su33	su21
局		通合三入烛群		kɯ5	tʃy5	ki5	ky5	kɤ5	ky21	ky53	tʃy21{借桂}	tʃy33	tʃy21
玉		通合三入烛疑		ɯ422	y53	kʏ21	y31	y21	y33	y21		y21	y33
