原排序	單字	聲紐	攝	韻部	呼	等	聲調	組	IPA 聲母	IPA 韻母	IPA 聲調號	輔助	國際音標	粵拼聲母	粵拼 韻母	粵拼 聲調號	輔助	粵拼	備註（泛粵詞表）		
1	啊	#N/A	#N/A	#N/A	#N/A	#N/A	#N/A	#N/A	ʔ	a	33	3	ʔa33		aa	1	3	aa1	{1}助詞，用在形容詞或動詞後面，表示完成：「吃啊飯（吃了飯）」丨「撞啊車（撞了車）」丨「天黑啊（天已經黑了）」丨「佢抓啊隻老鼠（他已經抓了隻老鼠）」；{2}助詞，用在形容詞和副詞的後面，三者形成一個形容詞性短語：「皓ʋɐn55啊(ʔa33)（非常光猛）」丨「重ʔəm33啊(ʔa33)（很重）」丨「肥腯啊（很肥）」		
2	啊	#N/A	#N/A	#N/A	#N/A	#N/A	#N/A	#N/A	ʔ	a	55	3	ʔa55		aa	2	3	aa2	{1}助詞，用在兩個相同的單字形容詞中間，表示大程度、非常、極度：「辣啊辣」｜「劬啊劬」；{2}介詞，在、住：「我賴啊該(kʰuɔi11)唔走（我賴在這不走）」丨「佢抓啊隻老鼠（他抓住隻老鼠）」		
3	啊	#N/A	#N/A	#N/A	#N/A	#N/A	#N/A	#N/A	ʔ	a	11	3	ʔa11		aa	5	3	aa5	{1}助詞，用在兩個疊字副詞的後面，表達「地」的意思，三者形成一個完整的副詞：：「珠珠啊走去（匆忙地走）」丨「嗗嗗啊飲水（大口地喝水）」丨「核(vut10)核(vut10)啊起身（突然地起身）」丨「hiu55 hiu55 啊嘴（嘴嘟嘟地）」；{2}助詞，用在兩個相同的單字動詞中間，表示正在進行，有「著」、「緊」的意思，第二個單字動詞會高變調：「行(haŋ22)啊行(haŋ225)（走著走著）」丨「惗啊惗（想著想著）」丨「做(tou33)啊做(tou33)（做著做著）」；{3}助詞，用在動詞和副詞中間，表示「一旦…就會...」：「摸啊就跌啊(ʔa33)（碰一下就倒了）」丨「睇啊好走啊(ʔa33)（剛看一下，對方就走了）」丨「瞓啊講做工（睡一下才工作）」		
4	啊	#N/A	#N/A	#N/A	#N/A	#N/A	#N/A	#N/A	ʔ	a	32	3	ʔa32		aa	6	3	aa6	表示感歎、興奮：「爽啊」		
5	阿	#N/A	#N/A	#N/A	#N/A	#N/A	#N/A	#N/A	ʔ	a	33	3	ʔa33		aa	1	3	aa1	「阿嬸」		
6	阿	影	果	歌	開	一	平	影	ʔ	uɔ	33	4	ʔuɔ33		uo	1	3	uo1	「阿膠」		
7	哎	#N/A	#N/A	#N/A	#N/A	#N/A	#N/A	#N/A	ʔ	ɔi	33	4	ʔɔi33		oi	1	3	oi1	本讀		
8	哎	#N/A	#N/A	#N/A	#N/A	#N/A	#N/A	#N/A	ʔ	ai	55	4	ʔai55		aai	2	4	aai2	訓讀，名義上的：「哎呀(ja55)老(lau55)竇(daai6)」		
9	哎	#N/A	#N/A	#N/A	#N/A	#N/A	#N/A	#N/A	ʔ	ɔi	55	4	ʔɔi55		oi	2	3	oi2	變調		
10	唉	影	蟹	咍	開	一	平	影	ʔ	ɔi	33	4	ʔɔi33		oi	1	3	oi1	本讀，「唉聲歎氣」		
11	唉	影	蟹	咍	開	一	平	影	ʔ	ai	33	4	ʔai33		aai	1	4	aai1	變調		
12	埃	影	蟹	咍	開	一	平	影	ʔ	ɔi	33	4	ʔɔi33		oi	1	3	oi1			
13	癌	#N/A	#N/A	#N/A	#N/A	#N/A	#N/A	#N/A	ŋ	am	22	4	ŋam22	ng	aam	4	6	ngaam4			
14	庵	影	咸	覃	開	一	平	影	ʔ	am	33	4	ʔam33		aam	1	4	aam1			
15	諳	影	咸	覃	開	一	平	影	ʔ	am	33	4	ʔam33		aam	1	4	aam1			
16	暗	影	咸	覃	開	一	去	影	ʔ	am	55	4	ʔam55		aam	2	4	aam2	本讀，「黑暗」丨「暗殺(sɔt55)」丨「暗示」		
17	暗	影	咸	覃	開	一	去	影	ʔ	am	33	4	ʔam33		aam	1	4	aam1	又讀，「個天(hɐn33)好暗」丨「暗槓」		
18	黯	影	咸	咸	開	二	上	影	ʔ	am	55	4	ʔam55		aam	2	4	aam2			
19	凹	影	咸	咸	開	二	入	影	n	ip	33	4	nip33	n	ip	8	4	nip8	本讀，形容詞：「凹凸」		
20	凹	影	咸	咸	開	二	入	影	n	ip	11	4	nip11	n	ip	10	4	nip10	nip33的變調，名詞，表凹進去的東西：「一個凹」｜「酒凹（酒渦）」		
21	凹	影	咸	咸	開	二	入	影	ʔ	au	11	4	ʔau11		aau	5	4	aau5	又讀，地名用詞，同「坳」		
22	坳	影	效	肴	開	二	平	影	ʔ	au	11	4	ʔau11		aau	5	4	aau5	同「凹(ʔau11)」，地名用詞，里坳村		
23	傲	疑	效	豪	開	一	去	見	ŋ	au	32	4	ŋau32	ng	aau	6	6	ngaau6			
24	奧	影	效	豪	開	一	去	影	ʔ	au	33	4	ʔau33		aau	1	4	aau1			
25	懊	影	效	豪	開	一	去	影	ʔ	au	33	4	ʔau33		aau	1	4	aau1			
26	挨	影	蟹	皆	開	二	上	影	ŋ	ɔi	22	4	ŋɔi22	ng	oi	4	5	ngoi4			
27	捱	#N/A	#N/A	#N/A	#N/A	#N/A	#N/A	#N/A	ŋ	ɔi	22	4	ŋɔi22	ng	oi	4	5	ngoi4			
28	矮	影	蟹	佳	開	二	上	影	ʔ	ɔi	55	4	ʔɔi55		oi	2	3	oi2			
29	艾	疑	蟹	泰	開	一	去	見	ŋ	ɔi	32	4	ŋɔi32	ng	oi	6	5	ngoi6	本讀，「艾姓」		
30	艾	疑	蟹	泰	開	一	去	見	ŋ	ɔi	11	4	ŋɔi11	ng	oi	5	5	ngoi5	變調，{1}專指植物：「老鼠艾」｜「艾糍」丨單獨或位於詞末則升變為「ŋɔi115」；{2}形容臉色蒼白，血色不足：四字詞「白(pak32)艾(ŋɔi11)白(pak32)艾(ŋɔi115)」		
31	鵪	#N/A	#N/A	#N/A	#N/A	#N/A	#N/A	#N/A	ʔ	əm	33	4	ʔəm33		eam	1	4	eam1			
32	愛	影	蟹	咍	開	一	去	影	ʔ	uɔi	33	5	ʔuɔi33		uoi	1	4	uoi1			
33	礙	疑	蟹	咍	開	一	去	見	ŋ	uɔi	32	5	ŋuɔi32	ng	uoi	6	6	nguoi6			
34	安	影	山	寒	開	一	平	影	ʔ	uɔn	33	5	ʔuɔn33		uon	1	4	uon1	{1}數量多得有剩：「安等」；{2}形容造謠、無中生有，一說「牛膜安造」，「牛膜」可能古越語是「牛」的意思：四字詞 「牛(ŋai22)膜安煲(pau335)」		
35	鞍	影	山	寒	開	一	平	影	ʔ	uɔn	33	5	ʔuɔn33		uon	1	4	uon1			
36	岸	疑	山	寒	開	一	去	見	ŋ	uɔn	32	5	ŋuɔn32	ng	uon	6	6	nguon6			
37	按	影	山	寒	開	一	去	影	ʔ	uɔn	33	5	ʔuɔn33		uon	1	4	uon1	{1}準時：四字詞 「依時(si22)依候」，又作「按時(si22)按候」、「到時(si22)到候」；{2}靠猜測：「按估」		
38	案	影	山	寒	開	一	去	影	ʔ	uɔn	33	5	ʔuɔn33		uon	1	4	uon1			
39	吧	滂	假	麻	開	二	平	幫	p	a	32	3	pa32	b	aa	6	4	baa6	本讀		
40	吧	滂	假	麻	開	二	平	幫	p	a	55	3	pa55	b	aa	2	4	baa2	變調，「酒吧」		
41	八	幫	山	山	開	二	入	幫	p	ɔt	55	4	pɔt55	b	ot	7	4	bot7	本讀，{1}表數量，現僅見於固固定搭配：「三八墟」｜「三八二十四」｜「五八中四十」丨「八珍」丨「時辰八字」；{2}歪斜不正：條擔桿八啊(ʔa33)(擔桿歪了)；{3}放斜：「打(ʔa55)八」		
42	八	幫	山	山	開	二	入	幫	p	ɔt	33	4	pɔt33	b	ot	8	4	bot8	又讀，{1}表數量：「八樣」；{2}特定名詞：「八角(kɔk33)」｜「八卦」；{3}比喻人非常之固執、專制，不聽勸告；也形容自身感到不舒服，好像總有些不對勁，一說「一樣(jiŋ32)勾八(pɔt33)」：四字詞 「 一樣(jiŋ32)勾勾」		
43	八	幫	山	山	開	二	入	幫	p	ɔt	11	4	pɔt11	b	ot	5	4	bot5	變調，「二五八」｜「四月八」		
44	叭	#N/A	#N/A	#N/A	#N/A	#N/A	#N/A	#N/A	p	a	55	3	pa55	b	aa	2	4	baa2			
45	巴	幫	假	麻	開	二	平	幫	p	a	33	3	pa33	b	aa	1	4	baa1	本讀，一說「脫至巴肋(lak32)」，指赤膊，不穿衣服，通常指男人。「巴肋」為英文blank的音譯，有「赤膊」之意：四字詞 「脫巴(pa33)至肋(lak33)」		
46	巴	幫	假	麻	開	二	平	幫	p	a	55	3	pa55	b	aa	2	4	baa2	變調，公交車：「巴市( si115)」		
47	巴	幫	假	麻	開	二	平	幫	p	a	11	3	pa11	b	aa	5	4	baa5	變調，「古巴」		
48	巴	幫	假	麻	開	二	平	幫	pʰ	a	22	4	pʰa22	p	aa	4	4	paa4	又讀，「下巴」		
49	扒	幫	山	山	開	二	入	幫	pʰ	a	22	4	pʰa22	p	aa	4	4	paa4	本讀，「扒手」		
50	扒	幫	山	山	開	二	入	幫	pʰ	a	11	4	pʰa11	p	aa	5	4	paa5	變調，表肉排：「豬扒」｜「雞扒飯」，位於詞末則升變為「pʰa115」		
51	捌	幫	山	山	開	二	入	幫	p	ɐt	33	4	pɐt33	b	at	8	4	bat8			
52	疤	#N/A	#N/A	#N/A	#N/A	#N/A	#N/A	#N/A	p	a	33	3	pa33	b	aa	1	4	baa1	本讀，「疤痕」		
53	疤	#N/A	#N/A	#N/A	#N/A	#N/A	#N/A	#N/A	n	a	11	3	na11	n	aa	5	4	naa5	訓讀，表疤痕、破洞：「損啊(ʔa33)一條疤」		
54	笆	幫	假	麻	開	二	平	幫	p	a	33	3	pa33	b	aa	1	4	baa1			
55	粑	#N/A	#N/A	#N/A	#N/A	#N/A	#N/A	#N/A	p	a	33	3	pa33	b	aa	1	4	baa1			
56	芭	幫	假	麻	開	二	平	幫	p	a	33	3	pa33	b	aa	1	4	baa1			
57	拔	並	山	元	合	三	入	幫	p	ɔt	32	4	pɔt32	b	ot	9	4	bot9	消瘦：「拔想」		
58	跋	並	山	寒	開	一	入	幫	p	ɔt	32	4	pɔt32	b	ot	9	4	bot9			
59	把	幫	假	麻	開	二	上	幫	p	a	55	3	pa55	b	aa	2	4	baa2	{1}厲害、出眾：「把痺」，同廣州話「巴閉」；{2}量詞：「一把口」丨四字詞 「欶淨(tiɐŋ321)把嘴（指人急切地等待某樣事物）」		
60	靶	幫	假	麻	開	二	去	幫	p	a	33	3	pa33	b	aa	1	4	baa1			
61	壩	#N/A	#N/A	#N/A	#N/A	#N/A	#N/A	#N/A	p	a	33	3	pa33	b	aa	1	4	baa1			
62	爸	並	果	歌	開	一	上	幫	p	a	55	3	pa55	b	aa	2	4	baa2			
63	罷	並	止	支B	開	三	平	幫	p	a	32	3	pa32	b	aa	6	4	baa6			
64	霸	幫	假	麻	開	二	去	幫	p	a	33	3	pa33	b	aa	1	4	baa1	本讀，「霸王」		
65	霸	幫	假	麻	開	二	去	幫	p	a	32	3	pa32	b	aa	6	4	baa6	變調，霸佔：「霸位(ʋei325)」		
66	白	並	梗	庚	開	二	入	幫	p	ak	32	4	pak32	b	aak	9	5	baak9	本讀，{1}洪水：「白(pak32)水大(ʔɔi325)」丨「浸白(pak32)水大(ʔɔi325) 」；{2}蜈蚣：「白肅」；{3}芋頭：「白眼開」；{4}形容臉色蒼白，血色不足：四字詞「白(pak32)艾(ŋɔi11)白(pak32)艾(ŋɔi115)」		
67	白	並	梗	庚	開	二	入	幫	pʰ	ak	11	5	pʰak11	p	aak	10	5	paak10	變調，蛋白：「蛋白」		
68	佰	明	梗	庚	開	二	入	幫	p	ak	33	4	pak33	b	aak	8	5	baak8			
69	擺	幫	蟹	佳	開	二	上	幫	p	ɔi	55	4	pɔi55	b	oi	2	4	boi2	{1}衣服很大：四字詞 「長(tsʰiŋ22)袍大擺」；{2}指擺放的物件淩亂無序：四字詞 「爬開擺開」		
70	百	幫	梗	庚	開	二	入	幫	p	ak	55	4	pak55	b	aak	7	5	baak7	本讀，「百家姓」丨「百峰山」丨「百花齊放」		
71	百	幫	梗	庚	開	二	入	幫	p	ak	33	4	pak33	b	aak	8	5	baak8	習讀，「一百」丨「一百圓」		
72	襬	幫	止	支B	開	三	平	幫	p	ɔi	55	4	pɔi55	b	oi	2	4	boi2			
73	拜	幫	蟹	皆	開	二	去	幫	p	ɔi	33	4	pɔi33	b	oi	1	4	boi1	本讀，「拜神」丨「拜也也」		
74	拜	幫	蟹	皆	開	二	去	幫	p	ɔi	55	4	pɔi55	b	oi	2	4	boi2	變調，再見：「拜拜pɔi33」		
75	稗	並	蟹	佳	開	二	去	幫	pʰ	ɔi	11	5	pʰɔi11	p	oi	5	4	poi5			
76	敗	並	蟹	夬	開	二	去	幫	p	ɔi	32	4	pɔi32	b	oi	6	4	boi6			
77	搬	#N/A	#N/A	#N/A	#N/A	#N/A	#N/A	#N/A	p	uɔn	33	5	puɔn33	b	uon	1	5	buon1			
78	斑	幫	山	刪	開	二	平	幫	p	ɔn	33	4	pɔn33	b	on	1	4	bon1			
79	班	幫	山	刪	開	二	平	幫	p	ɔn	33	4	pɔn33	b	on	1	4	bon1			
80	般	幫	山	寒	開	一	平	幫	p	uɔn	33	5	puɔn33	b	uon	1	5	buon1			
81	頒	並	臻	文	合	三	平	幫	p	ɔn	33	4	pɔn33	b	on	1	4	bon1			
82	板	幫	山	刪	開	二	上	幫	p	ɔn	55	4	pɔn55	b	on	2	4	bon2	{1}非…不可：「係板」丨「你係板要做，結果衰啊(ʔa33)（你非得要做，結果出事了）」；{2}差勁「差板」指「差勁」		
83	版	幫	山	刪	開	二	上	幫	p	ɔn	55	4	pɔn55	b	on	2	4	bon2			
84	闆	#N/A	#N/A	#N/A	#N/A	#N/A	#N/A	#N/A	p	ɔn	55	4	pɔn55	b	on	2	4	bon2			
85	阪	幫	山	元	合	三	上	幫	p	ɔn	55	4	pɔn55	b	on	2	4	bon2			
86	伴	並	山	寒	開	一	上	幫	p	uɔn	32	5	puɔn32	b	uon	6	5	buon6	文讀		
87	伴	並	山	寒	開	一	上	幫	pʰ	uɔn	11	6	pʰuɔn11	p	uon	5	5	puon5	白讀，{1}夥伴、朋友圈：「伴堆(ʔui32)」；{2}有人陪伴、成群結隊：四字詞 「有(jiu33)伴(pʰuɔn11)有(jiu33)堆(ʔui32)」		
88	半	幫	山	寒	開	一	去	幫	p	uɔn	33	5	puɔn33	b	uon	1	5	buon1	本讀，表一半：四字詞 「半(puɔn33)鹹不淡(ham115) （一半鹹一半淡，形容東西做到中間、騎虎難下、兩邊不到岸）」		
89	半	幫	山	寒	開	一	去	幫	p	uɔn	11	5	puɔn11	b	uon	5	5	buon5	變調，「一半」丨丨「一知半解」		
90	扮	幫	臻	文	合	三	平	幫	p	ɔn	32	4	pɔn32	b	on	6	4	bon6			
91	辦	並	山	山	開	二	去	幫	p	ɔn	32	4	pɔn32	b	on	6	4	bon6	{1}樣板：「有辦(pɔn325)睇」，絕大部分語境均升變為pɔn325；{2}表及時：「走唔辦（來不及走）」		
92	幫	幫	宕	唐	開	一	平	幫	p	ɔŋ	33	4	pɔŋ33	b	ong	1	5	bong1			
93	邦	幫	江	江	開	二	平	幫	p	ɔŋ	33	4	pɔŋ33	b	ong	1	5	bong1			
94	榜	並	梗	庚	開	二	平	幫	p	ɔŋ	55	4	pɔŋ55	b	ong	2	5	bong2			
95	綁	#N/A	#N/A	#N/A	#N/A	#N/A	#N/A	#N/A	p	ɔŋ	55	4	pɔŋ55	b	ong	2	5	bong2			
96	膀	並	宕	唐	開	一	平	幫	pʰ	ɔŋ	22	5	pʰɔŋ22	p	ong	4	5	pong4			
97	傍	並	宕	唐	開	一	平	幫	pʰ	ɔŋ	22	5	pʰɔŋ22	p	ong	4	5	pong4	文讀，「傍晚」		
98	傍	並	宕	唐	開	一	去	幫	p	ɔŋ	32	4	pɔŋ32	b	ong	6	5	bong6	又讀，「傍著」		
99	傍	並	宕	唐	開	一	去	幫	p	aŋ	32	4	paŋ32	b	aang	6	6	baang6	白讀，梯子：「傍企 kʰei115」		
100	棒	並	江	江	開	二	上	幫	pʰ	aŋ	11	5	pʰaŋ11	p	aang	5	6	paang5	表冥頑不靈：「老牛惡教棒」		
101	磅	滂	宕	唐	開	一	平	幫	p	ɔŋ	32	4	pɔŋ32	b	ong	6	5	bong6			
102	蚌	並	江	江	開	二	上	幫	pʰ	ɔŋ	11	5	pʰɔŋ11	p	ong	5	5	pong5			
103	包	幫	效	肴	開	二	平	幫	p	au	33	4	pau33	b	aau	1	5	baau1	本讀，{1}名詞，「包子」；{2}「包在我身上」		
104	包	幫	效	肴	開	二	平	幫	p	au	11	4	pau11	b	aau	5	5	baau5	又讀，量詞，{1}「一包叉燒」；{2}名詞，口腔兩內側的肉：「口包」；{3}罵小朋友不聽話：「死仔包」		
105	孢	#N/A	#N/A	#N/A	#N/A	#N/A	#N/A	#N/A	p	au	33	4	pau33	b	aau	1	5	baau1			
106	煲	#N/A	#N/A	#N/A	#N/A	#N/A	#N/A	#N/A	p	au	33	4	pau33	b	aau	1	5	baau1	本讀，形容造謠、無中生有，一說「牛膜安造」，「牛膜」可能古越語是「牛」的意思：四字詞 「牛(ŋai22)膜安煲(pau335)」		
107	煲	#N/A	#N/A	#N/A	#N/A	#N/A	#N/A	#N/A	p	au	11	4	pau11	b	aau	5	5	baau5	變調，名詞，「煲仔粥」丨「煲仔飯」		
108	胞	幫	效	肴	開	二	平	幫	p	au	33	4	pau33	b	aau	1	5	baau1			
109	苞	幫	效	肴	開	二	平	幫	p	au	33	4	pau33	b	aau	1	5	baau1			
110	褒	幫	效	豪	開	一	平	幫	p	au	33	4	pau33	b	aau	1	5	baau1			
111	雹	並	江	江	開	二	入	幫	p	ɔk	32	4	pɔk32	b	ok	6	4	bok6			
112	保	幫	效	豪	開	一	上	幫	p	au	55	4	pau55	b	aau	2	5	baau2	皇家同花順：「皇保麒」		
113	堡	幫	效	豪	開	一	上	幫	p	au	55	4	pau55	b	aau	2	5	baau2			
114	寶	幫	效	豪	開	一	上	幫	p	au	55	4	pau55	b	aau	2	5	baau2	{1}銀寶：「寶面(mɐn325)」；{2}形容小的物件上面放大的東西：四字詞 「葫(ʋu22)蘆(lou22)頂(ʔɐn55)寶」		
115	葆	幫	效	豪	開	一	上	幫	p	au	55	4	pau55	b	aau	2	5	baau2			
116	褓	幫	效	豪	開	一	上	幫	p	au	55	4	pau55	b	aau	2	5	baau2			
117	飽	幫	效	肴	開	二	上	幫	p	au	55	4	pau55	b	aau	2	5	baau2	{1}飽脹：四字詞「飽氣(hei11)飽氣(hei115) （形容胃有點飽飽的感覺）」；四字詞 「撐(tsaŋ32)飽撐(tsaŋ32)漲（吃得很飽，肚子都撐漲起來了）」；{2}自滿：「飽屎」		
118	報	幫	效	豪	開	一	去	幫	p	au	33	4	pau33	b	aau	1	5	baau1			
119	抱	並	效	豪	開	一	上	幫	pʰ	au	11	5	pʰau11	p	aau	5	5	paau5			
120	暴	並	效	豪	開	一	去	幫	p	au	32	4	pau32	b	aau	6	5	baau6	{1}關係陌生：「生(saŋ33)暴」；{2}第一次：「打(ʔa55)暴」		
121	爆	幫	效	肴	開	二	去	幫	p	au	33	4	pau33	b	aau	1	5	baau1			
122	豹	幫	效	肴	開	二	去	幫	p	au	33	4	pau33	b	aau	1	5	baau1			
123	鮑	並	效	肴	開	二	上	幫	p	au	33	4	pau33	b	aau	1	5	baau1			
124	卑	幫	止	支A	開	三	平	幫	p	ei	33	4	pei33	b	ei	1	4	bei1			
125	悲	幫	止	脂B	開	三	平	幫	p	ei	33	4	pei33	b	ei	1	4	bei1			
126	杯	幫	蟹	灰	合	一	平	幫	p	uɔi	33	5	puɔi33	b	uoi	1	5	buoi1			
127	盃	幫	蟹	灰	合	一	平	幫	p	uɔi	33	5	puɔi33	b	uoi	1	5	buoi1			
128	碑	幫	止	支B	開	三	平	幫	p	ei	33	4	pei33	b	ei	1	4	bei1			
129	北	幫	曾	登	開	一	入	幫	p	ak	55	4	pak55	b	aak	7	5	baak7	形容物件放在房子中央，造成其他位置難以使用：四字詞 「其中北獵」		
130	倍	並	蟹	灰	合	一	上	幫	pʰ	uɔi	11	6	pʰuɔi11	p	uoi	5	5	puoi5			
131	備	並	止	脂B	開	三	去	幫	p	ei	32	4	pei32	b	ei	6	4	bei6			
132	悖	並	蟹	灰	合	一	去	幫	p	uɔi	33	5	puɔi33	b	uoi	1	5	buoi1			
133	憊	並	蟹	皆	開	二	去	幫	p	ei	32	4	pei32	b	ei	6	4	bei6			
134	焙	#N/A	#N/A	#N/A	#N/A	#N/A	#N/A	#N/A	pʰ	uɔi	32	6	pʰuɔi32	p	uoi	6	5	puoi6			
135	狽	幫	蟹	泰	開	一	去	幫	p	uɔi	33	5	puɔi33	b	uoi	1	5	buoi1			
136	背	幫	蟹	灰	合	一	去	幫	p	uɔi	33	5	puɔi33	b	uoi	1	5	buoi1	{1}「背叛」；{2}肩負：「背負」；{3}指人極度疲累：四字詞 「腰㾢背(puɔi33)曲(kʰək55)」		
137	背	並	蟹	灰	合	一	去	幫	p	uɔi	32	5	puɔi32	b	uoi	6	5	buoi6	{1}「背誦」；{2}表器官遲緩，功能低下：「手背（手功能衰弱）」丨「耳背（耳聾）」		
136	背	幫	蟹	灰	合	一	去	幫	p	uɔi	11	5	puɔi11	b	uoi	5	5	buoi5	puɔi33的變調，「駝(hou22)背」丨「駝(hou22)背(puɔi115)」		
138	背	幫	蟹	灰	合	一	去	幫	p	ei	33	4	pei33	b	ei	1	4	bei1	白讀，「背脊( tiɛk11)」		
139	背	幫	蟹	灰	合	一	去	幫	p	ei	11	4	pei11	b	ei	5	4	bei5	白讀，動詞，肩負：「背起你」		
140	背	幫	蟹	灰	合	一	去	幫	p	ou	33	4	pou33	b	ou	1	4	bou1	白讀，老派讀音，「背脊( tiɛk11)」		
141	被	並	止	支B	開	三	去	幫	p	ei	32	4	pei32	b	ei	6	4	bei6	文讀，「被動」		
142	被	並	止	支B	開	三	上	幫	pʰ	ei	11	5	pʰei11	p	ei	5	4	pei5	白讀，{1}「一張被」；{2}棉胎和厚被子的通稱：四字詞 「棉(mɐn22)胎(huɔi33)被(pʰei11)竇(ʔai11)」；{3}縫補被子的時候連席也補了，形容多此一舉，好事做成壞事：四字詞 「鋪被(pʰe11)連(lɐn22)席(tiɐk32)」		
143	貝	幫	蟹	泰	開	一	去	幫	p	uɔi	33	5	puɔi33	b	uoi	1	5	buoi1			
144	輩	幫	蟹	灰	合	一	去	幫	p	uɔi	33	5	puɔi33	b	uoi	1	5	buoi1			
145	奔	幫	臻	魂	合	一	平	幫	p	in	33	4	pin33	b	in	1	4	bin1			
146	本	幫	臻	魂	合	一	上	幫	p	uɔn	55	5	puɔn55	b	uon	2	5	buon2			
147	畚	幫	臻	魂	合	一	上	幫	p	uɔn	55	5	puɔn55	b	uon	2	5	buon2			
148	笨	幫	臻	魂	合	一	上	幫	p	un	32	4	pun32	b	un	6	4	bun6			
149	崩	幫	曾	登	開	一	平	幫	p	aŋ	33	4	paŋ33	b	aang	1	6	baang1	本讀，咒罵用語：「斥崩」丨「斥閪崩」		
150	崩	幫	曾	登	開	一	平	幫	p	aŋ	55	4	paŋ55	b	aang	2	6	baang2	變調，「崩牙(ŋa22)」丨「崩口」		
151	繃	幫	梗	耕	開	二	平	幫	p	aŋ	33	4	paŋ33	b	aang	1	6	baang1			
152	蹦	#N/A	#N/A	#N/A	#N/A	#N/A	#N/A	#N/A	p	aŋ	33	4	paŋ33	b	aang	1	6	baang1			
153	迸	幫	梗	耕	開	二	去	幫	p	ɐn	32	4	pɐn32	b	an	6	4	ban6			
154	逼	幫	曾	蒸	開	三	入	幫	p	ɐt	55	4	pɐt55	b	at	7	4	bat7			
155	鼻	並	止	脂A	開	三	去	幫	p	ei	32	4	pei32	b	ei	6	4	bei6	{1}指鼻涕：「流鼻(pei325)」；{2}鼻子：「鼻哥」；{3}專指粒狀涼果：「鼻屎梅」；{4}脛骨：「梁鼻骭」		
156	妣	幫	止	脂A	開	三	上	幫	p	ei	55	4	pei55	b	ei	2	4	bei2			
157	彼	幫	止	支B	開	三	上	幫	p	ei	55	4	pei55	b	ei	2	4	bei2			
158	比	幫	止	脂A	開	三	上	幫	p	ei	55	4	pei55	b	ei	2	4	bei2			
159	筆	幫	臻	真B	開	三	入	幫	p	it	55	4	pit55	b	it	7	4	bit7			
160	鄙	幫	止	脂B	開	三	上	幫	pʰ	ei	55	5	pʰei55	p	ei	2	4	pei2			
161	嗶	#N/A	#N/A	#N/A	#N/A	#N/A	#N/A	#N/A	p	it	55	4	pit55	b	it	2	4	bit2			
162	壁	幫	梗	青	開	四	入	幫	p	ɐt	55	4	pɐt55	b	at	7	4	bat7			
163	幣	並	蟹	祭A	開	三	去	幫	p	ɔi	32	4	pɔi32	b	oi	6	4	boi6			
164	庇	幫	止	脂A	開	三	去	幫	p	ei	33	4	pei33	b	ei	1	4	bei1			
165	弊	並	蟹	祭A	開	三	去	幫	p	ɔi	32	4	pɔi32	b	oi	6	4	boi6	糟糕：「弊傢伙」		
166	必	幫	臻	真A	開	三	入	幫	p	ɐt	55	4	pɐt55	b	at	7	4	bat7			
167	敝	並	蟹	祭A	開	三	去	幫	p	ɔi	32	4	pɔi32	b	oi	6	4	boi6			
168	斃	並	蟹	祭A	開	三	去	幫	p	ɔi	32	4	pɔi32	b	oi	6	4	boi6			
169	璧	幫	梗	清A	開	三	入	幫	p	ɐt	55	4	pɐt55	b	at	7	4	bat7			
170	畢	幫	臻	真A	開	三	入	幫	p	it	55	4	pit55	b	it	7	4	bit7			
171	痺	#N/A	#N/A	#N/A	#N/A	#N/A	#N/A	#N/A	p	ei	33	4	pei33	b	ei	1	4	bei1	{1}厲害：「把痺」；{2}著急：「把痺」		
172	碧	幫	梗	清B	開	三	入	幫	p	ɐt	55	4	pɐt55	b	at	7	4	bat7			
173	臂	幫	止	支A	開	三	去	幫	p	ei	11	4	pei11	b	ei	5	4	bei5	形容一樣東西不熟，多指水果 。可能是「青皮(pʰei11)綠桔」演化：四字詞 「青(tʰiɐŋ33)臂綠桔(kit55)」		
174	蔽	幫	蟹	祭A	開	三	去	幫	p	ɔi	33	4	pɔi33	b	oi	1	4	boi1			
175	避	並	止	支A	開	三	去	幫	p	ei	32	4	pei32	b	ei	6	4	bei6			
176	閉	幫	蟹	齊	開	四	去	幫	p	ɔi	33	4	pɔi33	b	oi	1	4	boi1			
177	陛	並	蟹	齊	開	四	上	幫	p	ɔi	32	4	pɔi32	b	oi	6	4	boi6			
178	編	幫	山	先	開	四	平	幫	pʰ	ɐn	33	5	pʰɐn33	p	an	1	4	pan1			
179	蝙	幫	山	先	開	四	平	幫	p	ɐn	55	4	pɐn55	b	an	2	4	ban2			
180	邊	幫	山	先	開	四	平	幫	p	ɐn	33	4	pɐn33	b	an	1	4	ban1	本讀，{1}正如、就像：「邊你話過（正如你所說的那樣）」；{2}邊界：「一條邊(pɐn335)」，多升變為pɐn335；{3}同時做：「邊行邊講」		
181	邊	幫	山	先	開	四	平	幫	p	ɐn	11	4	pɐn11	b	an	5	4	ban5	變調，{1}一側：「側邊」；{2}地名用字，「陳(tsʰin11)邊」丨「張良邊」；{3}生疏：四字詞 「橫邊(pɐn11)親戚（關係疏遠的親戚）」		
182	邊	幫	山	先	開	四	平	幫	p	ɐn	32	4	pɐn32	b	an	6	4	ban6	變調，「一邊」丨「該(kʰuɔi11)邊」丨四字詞 「兩邊(pɐn32)兩側(sak55)（左右兩方）」		
183	鞭	幫	山	仙A	開	三	平	幫	p	in	33	4	pin33	b	in	1	4	bin1	文讀，「北市買長鞭」		
184	鞭	幫	山	仙A	開	三	平	幫	p	in	11	4	pin11	b	in	5	4	bin5	變調，名詞，「一條鞭(pin115)」		
185	鞭	幫	山	仙A	開	三	平	幫	pʰ	in	33	5	pʰin33	p	in	1	4	pin1	白讀，動詞，「鞭死佢」		
186	匾	幫	山	先	開	四	上	幫	p	ɐn	55	4	pɐn55	b	an	2	4	ban2			
187	扁	幫	山	先	開	四	上	幫	p	ɐn	55	4	pɐn55	b	an	2	4	ban2	「扁平」		
188	扁	滂	山	仙A	開	三	平	幫	pʰ	ɐn	33	5	pʰɐn33	p	an	1	4	pan1	「一葉扁舟」		
189	貶	幫	咸	鹽B	開	三	上	幫	p	ɐn	55	4	pɐn55	b	an	2	4	ban2			
190	便	並	山	仙A	開	三	平	幫	pʰ	ɐn	22	5	pʰɐn22	p	an	4	4	pan4	「便宜」		
191	便	並	山	仙A	開	三	去	幫	p	ɐn	32	4	pɐn32	b	an	6	4	ban6	{1}「便是」；{2}便利：「利便」；{3}助詞：「便(pɐn321)家錢(tʰɐn335) （既然如此、這樣子）」；{4}表事前準備，以備不時之需：「帶便支筆去做嘢（事先準備一支筆去工作）」；{5}準備就緒：「裝便膛」		
192	汴	並	山	仙B	開	三	去	幫	p	ɐn	32	4	pɐn32	b	an	6	4	ban6			
193	變	幫	山	仙B	開	三	去	幫	p	ɐn	33	4	pɐn33	b	an	1	4	ban1			
194	辨	並	山	仙B	開	三	上	幫	p	ɐn	32	4	pɐn32	b	an	6	4	ban6			
195	辮	並	山	先	開	四	上	幫	p	in	11	4	pin11	b	in	5	4	bin5			
196	辯	並	山	仙B	開	三	上	幫	p	ɐn	32	4	pɐn32	b	an	6	4	ban6			
197	遍	幫	山	先	開	四	去	幫	pʰ	ɐn	33	5	pʰɐn33	p	an	1	4	pan1			
198	彪	幫	流	幽	開	三	平	幫	p	iɐu	33	5	piɐu33	b	iau	1	5	biau1			
199	標	幫	效	宵A	開	三	平	幫	p	iɐu	33	5	piɐu33	b	iau	1	5	biau1			
200	鑣	幫	效	宵B	開	三	平	幫	p	iɐu	33	5	piɐu33	b	iau	1	5	biau1			
201	飆	幫	效	宵A	開	三	平	幫	p	iɐu	33	5	piɐu33	b	iau	1	5	biau1	竄稀：「飆屎」		
202	表	幫	效	宵B	開	三	上	幫	p	iɐu	55	5	piɐu55	b	iau	2	5	biau2			
203	錶	#N/A	#N/A	#N/A	#N/A	#N/A	#N/A	#N/A	p	iɐu	33	5	piɐu33	b	iau	1	5	biau1	{1}鐘：「鐘錶」丨「錶鏈」；{2}量詞，時間的計算單位：「幾錶(piɐu335) （幾點鐘）」		
204	癟	並	山	先	開	四	入	幫	pʰ	ɔt	33	5	pʰɔt33	p	ot	8	4	pot8			
205	癟	並	山	先	開	四	入	幫	pʰ	ɔt	11	5	pʰɔt11	p	ot	10	4	pot10	變調，名詞，四字詞 「老(lau55)皮(pʰei22)老(lau55)癟(pʰɔt11) （形容水果的皮很皺很老）」		
206	別	並	山	仙B	開	三	入	幫	p	ɐt	32	4	pɐt32	b	at	9	4	bat9	本讀，{1}表無緣無故：「你別事罵我做乜（你平白無故罵我幹什麼）；{2}動詞，擠壓：「別酒米（擠痘痘）」		
207	別	並	山	仙B	開	三	入	幫	p	iɛt	32	5	piɛt32	b	iet	9	5	biet9	變調，動詞，擠壓：「別牙膏」		
208	彆	幫	蟹	祭A	開	三	去	幫	p	ɐt	33	4	pɐt33	b	at	8	4	bat8			
209	彬	幫	臻	真B	開	三	平	幫	p	in	33	4	pin33	b	in	1	4	bin1			
210	檳	幫	臻	真A	開	三	平	幫	p	in	33	4	pin33	b	in	1	4	bin1			
211	濱	幫	臻	真A	開	三	平	幫	p	in	33	4	pin33	b	in	1	4	bin1			
212	瀕	#N/A	#N/A	#N/A	#N/A	#N/A	#N/A	#N/A	pʰ	in	22	5	pʰin22	p	in	4	4	pin4			
213	繽	滂	臻	真A	開	三	平	幫	p	in	33	4	pin33	b	in	1	4	bin1			
214	賓	幫	臻	真A	開	三	平	幫	p	in	33	4	pin33	b	in	1	4	bin1			
215	臏	並	臻	真A	開	三	上	幫	p	in	33	4	pin33	b	in	1	4	bin1			
216	鬢	幫	臻	真A	開	三	去	幫	p	in	33	4	pin33	b	in	1	4	bin1	本讀，「鬢角」		
217	鬢	幫	臻	真A	開	三	去	幫	p	in	11	4	pin11	b	in	5	4	bin5	變調，「兩側嘅鬢(pin115)」		
218	兵	幫	梗	庚	開	三	平	幫	p	ɐn	33	4	pɐn33	b	an	1	4	ban1			
219	冰	幫	曾	蒸	開	三	平	幫	p	ɐn	33	4	pɐn33	b	an	1	4	ban1	「冰凍」		
220	冰	幫	曾	蒸	開	三	平	幫	p	ɐn	55	4	pɐn55	b	an	2	4	ban2	變調，形容詞，「凍冰啊(ʔa33)（冷冰冰）」		
221	丙	幫	梗	庚	開	三	上	幫	p	ɐn	55	4	pɐn55	b	an	2	4	ban2			
222	柄	幫	梗	庚	開	三	去	幫	p	iɐŋ	11	5	piɐŋ11	b	iang	5	6	biang5	文讀，{1}「把柄」；{2}各方爭執，多形容對方杠：四字詞 「拗(ʔai33)頸拗(ʔai33)柄(piɐŋ11)」		
223	柄	幫	梗	庚	開	三	去	幫	pʰ	iɐŋ	55	6	pʰiɐŋ55	p	iang	2	6	piang2	白讀，量詞，{1}表示一把，一把傘：「一柄遮(tsiɛ335)」;{2}表示一片，一片光碟：「一柄帶(ʔɔi115)」;{3}形容詞，形容一片片：「白柄柄」、「乾柄柄」		
224	炳	幫	梗	庚	開	三	上	幫	p	ɐn	55	4	pɐn55	b	an	2	4	ban2			
225	秉	幫	梗	庚	開	三	上	幫	p	ɐn	55	4	pɐn55	b	an	2	4	ban2			
226	稟	幫	深	侵B	開	三	上	幫	p	in	55	4	pin55	b	in	2	4	bin2			
227	餅	幫	梗	清A	開	三	上	幫	p	iɐŋ	55	5	piɐŋ55	b	iang	2	6	biang2	餅乾和糖果，這些都是拜神用品，泛指相關的拜神拜祭食物：四字詞 「餅(piɐŋ55)仔(tuɔi55)麻(mɔ22)糖(hɔŋ225)」		
228	並	並	梗	青	開	四	上	幫	p	ɐn	32	4	pɐn32	b	an	6	4	ban6	助詞短語，有「既然如此」、「這樣子」、「畢竟」的意思，多用於感歎或顧全大局的語境：「並(pɐn32)家(ka33)錢(tʰɐn225)」丨「並(pɐn32)家(ka33)錢(tʰɐn225)大家生生性性」丨「並(pɐn32)家(ka33)錢(tʰɐn225)呀，等佢大個，情況就慢慢好了」		
229	併	幫	梗	清A	開	三	上	幫	p	ɐn	32	4	pɐn32	b	an	6	4	ban6			
230	并	幫	梗	清A	開	三	平	幫	p	ɐn	32	4	pɐn32	b	an	6	4	ban6			
231	摒	幫	梗	清A	開	三	去	幫	p	ɐn	55	4	pɐn55	b	an	2	4	ban2			
232	病	並	梗	庚	開	三	去	幫	p	iɐŋ	32	5	piɐŋ32	b	iang	6	6	biang6			
233	蔔	並	曾	登	開	一	入	幫	p	ak	32	4	pak32	b	aak	9	5	baak9			
234	剝	幫	江	江	開	二	入	幫	m	ɔk	55	4	mɔk55	m	ok	7	4	mok7	本讀，「剝削(ɬik55)」		
235	剝	幫	江	江	開	二	入	幫	m	ɔk	33	4	mɔk33	m	ok	8	4	mok8	又讀，「剝皮」		
236	撥	幫	山	寒	開	一	入	幫	p	uɔt	55	5	puɔt55	b	uot	7	5	buot7	本讀，「挑撥」丨「撥款」		
237	撥	幫	山	寒	開	一	入	幫	p	uɔt	32	5	puɔt32	b	uot	9	5	buot9	又讀，「撥飯」丨「撥開」		
238	撥	幫	山	寒	開	一	入	幫	pʰ	uɔt	33	6	pʰuɔt33	p	uot	8	5	puot8	又讀，「撥扇」		
239	撥	幫	山	寒	開	一	入	幫	f	ak	55	4	fak55	f	aak	7	5	faak7	訓讀，用棍棒筷子等撥：「撥開呢泥佢」		
240	撥	幫	山	寒	開	一	入	幫	f	ak	33	4	fak33	f	aak	8	5	faak8	訓讀，{1}綁緊的東西爆開：「條彩帶撥開啊(ʔa33)」；{2}搖動長條物體：「fak33 fak331尾(mei55)（擺尾的動作）」		
241	播	幫	果	歌	開	一	去	幫	p	uɔ	33	4	puɔ33	b	uo	1	4	buo1			
242	波	幫	果	歌	開	一	平	幫	p	uɔ	33	4	puɔ33	b	uo	1	4	buo1			
243	玻	滂	果	歌	開	一	平	幫	p	uɔ	33	4	puɔ33	b	uo	1	4	buo1	本讀，「玻爾理論」		
244	玻	滂	果	歌	開	一	平	幫	p	uɔ	55	4	puɔ55	b	uo	2	4	buo2	變調，「玻璃」		
245	缽	#N/A	#N/A	#N/A	#N/A	#N/A	#N/A	#N/A	p	uɔt	32	5	puɔt32	b	uot	9	5	buot9	本讀，「衣缽」		
246	缽	#N/A	#N/A	#N/A	#N/A	#N/A	#N/A	#N/A	p	uɔt	11	5	puɔt11	b	uot	10	5	buot10	變調，「一個缽」丨四字詞「偷爐(lou11)偷缽(puɔt11)（偷偷摸摸）」		
247	菠	#N/A	#N/A	#N/A	#N/A	#N/A	#N/A	#N/A	p	uɔ	33	4	puɔ33	b	uo	1	4	buo1	文讀，「菠菜」		
248	菠	#N/A	#N/A	#N/A	#N/A	#N/A	#N/A	#N/A	p	ou	33	4	pou33	b	ou	1	4	bou1	白讀，「菠蘿(lou225)」		
249	伯	幫	梗	庚	開	二	入	幫	p	ak	55	4	pak55	b	aak	7	5	baak7	本讀，「伯仲」		
250	伯	幫	梗	庚	開	二	入	幫	p	ak	32	4	pak32	b	aak	9	5	baak9	又讀，表曾祖父曾祖母一輩或再古老的輩分：「伯公(kəŋ11) （太祖父）」丨「伯婆(pʰou11)（太祖母）」		
251	伯	幫	梗	庚	開	二	入	幫	p	ak	11	4	pak11	b	aak	10	5	baak10	又讀，「阿伯」		
252	勃	並	臻	魂	合	一	入	幫	p	uɔt	32	5	puɔt32	b	uot	9	5	buot9			
253	博	幫	宕	唐	開	一	入	幫	p	ɔk	55	4	pɔk55	b	ok	7	4	bok7			
254	帛	並	梗	庚	開	二	入	幫	p	ak	32	4	pak32	b	aak	9	5	baak9			
255	搏	幫	遇	虞	合	三	去	幫	p	ɔk	33	4	pɔk33	b	ok	8	4	bok8			
256	柏	幫	梗	庚	開	二	入	幫	pʰ	ak	55	5	pʰak55	p	aak	7	5	paak7			
257	泊	並	宕	唐	開	一	入	幫	p	ɔk	32	4	pɔk32	b	ok	9	4	bok9	本讀，「淡泊」		
258	泊	並	宕	唐	開	一	入	幫	pʰ	ak	33	5	pʰak33	p	aak	8	5	paak8	訓讀，「泊車」		
259	渤	並	臻	魂	合	一	入	幫	p	uɔt	32	5	puɔt32	b	uot	9	5	buot9			
260	礴	並	宕	唐	開	一	入	幫	p	ɔk	32	4	pɔk32	b	ok	9	4	bok9			
261	箔	並	宕	唐	開	一	入	幫	p	ɔk	32	4	pɔk32	b	ok	9	4	bok9			
262	脖	並	臻	魂	合	一	入	幫	p	uɔt	32	5	puɔt32	b	uot	9	5	buot9			
263	膊	滂	宕	唐	開	一	入	幫	p	ɔk	33	4	pɔk33	b	ok	8	4	bok8			
264	薄	並	宕	唐	開	一	入	幫	p	ɔk	32	4	pɔk32	b	ok	9	4	bok9			
265	駁	幫	江	江	開	二	入	幫	p	ɔk	33	4	pɔk33	b	ok	8	4	bok8	表示生物附著於物體上：「蚊駁到蚊帳上面」		
266	跛	幫	果	歌	開	一	上	幫	p	ɔi	55	4	pɔi55	b	oi	2	4	boi2			
267	簸	幫	果	歌	開	一	上	幫	p	ou	33	4	pou33	b	ou	1	4	bou1			
268	擘	幫	梗	耕	開	二	入	幫	m	ak	33	4	mak33	m	aak	8	5	maak8	{1}張開、掰開：「擘開個口」；{2}表否定，是「唔得」連讀產生的音：「擘手（不准）」丨「擘子（沒辦法）」丨「擘了（不得了）」丨四字詞 ：「擘斷(huɔn33)尾(mei55)連(lɐn11) （指說話或做事滔滔不絕，停不了）」丨「擘腸擘筋(kin11)（形容聲音嘈雜）」		
269	卜	幫	通	東	開	一	入	幫	p	ək	55	4	pək55	b	eak	7	5	beak7			
270	哺	並	遇	模	開	一	去	幫	p	ou	32	4	pou32	b	ou	6	4	bou6			
271	捕	並	遇	模	開	一	去	幫	p	ou	32	4	pou32	b	ou	6	4	bou6			
272	補	幫	遇	模	開	一	上	幫	p	ou	55	4	pou55	b	ou	2	4	bou2			
273	不	幫	流	尤	合	三	平	幫	p	ut	55	4	put55	b	ut	7	4	but7	否定：四字詞 「半(puɔn33)鹹不淡(ham115) （一半鹹一半淡，形容東西做到中間、騎虎難下、兩邊不到岸）」丨四字詞 「不入教化（小孩子不聽話，怎麼教也無濟於事）」		
274	佈	幫	遇	模	開	一	去	幫	p	ou	33	4	pou33	b	ou	1	4	bou1			
275	埔	#N/A	#N/A	#N/A	#N/A	#N/A	#N/A	#N/A	p	ou	33	4	pou33	b	ou	1	4	bou1			
276	埠	#N/A	#N/A	#N/A	#N/A	#N/A	#N/A	#N/A	f	ai	32	4	fai32	f	aai	6	5	faai6	「步」分化字：「三埠」		
277	埗	#N/A	#N/A	#N/A	#N/A	#N/A	#N/A	#N/A	p	ou	32	4	pou32	b	ou	6	4	bou6	同「埠」：「水埗頭」		
278	布	幫	遇	模	開	一	去	幫	p	ou	33	4	pou33	b	ou	1	4	bou1	布林：「布攬」		
279	怖	滂	遇	模	開	一	去	幫	p	ou	33	4	pou33	b	ou	1	4	bou1			
280	步	並	遇	模	開	一	去	幫	p	ou	32	4	pou32	b	ou	6	4	bou6			
281	簿	並	遇	模	開	一	上	幫	p	ou	32	4	pou32	b	ou	6	4	bou6			
282	部	並	遇	模	開	一	上	幫	p	ou	32	4	pou32	b	ou	6	4	bou6	本讀，「部首」		
283	部	並	遇	模	開	一	上	幫	p	ou	11	4	pou11	b	ou	5	4	bou5	變調，部分地區口語，量詞：「一部車」		
284	擦	#N/A	#N/A	#N/A	#N/A	#N/A	#N/A	#N/A	tsʰ	ɔt	33	6	tsʰɔt33	c	ot	8	4	cot8			
285	猜	清	蟹	咍	開	一	平	精	tsʰ	ɔi	33	6	tsʰɔi33	c	oi	1	4	coi1	{1}猜拳：「猜市」；{2} 赤腳：「單猜腳(kik115)」		
286	才	從	蟹	咍	開	一	平	精	tʰ	uɔi	22	6	tʰuɔi22	t	uoi	4	5	tuoi4			
287	材	從	蟹	咍	開	一	平	精	tʰ	uɔi	22	6	tʰuɔi22	t	uoi	4	5	tuoi4			
288	裁	從	蟹	咍	開	一	平	精	tʰ	uɔi	22	6	tʰuɔi22	t	uoi	4	5	tuoi4			
289	財	從	蟹	咍	開	一	平	精	tʰ	uɔi	22	6	tʰuɔi22	t	uoi	4	5	tuoi4			
290	彩	清	蟹	咍	開	一	上	精	tʰ	uɔi	55	6	tʰuɔi55	t	uoi	2	5	tuoi2	指彩頭、運氣：「好彩」		
291	採	清	蟹	咍	開	一	上	精	tʰ	uɔi	55	6	tʰuɔi55	t	uoi	2	5	tuoi2			
292	睬	#N/A	#N/A	#N/A	#N/A	#N/A	#N/A	#N/A	tʰ	uɔi	55	6	tʰuɔi55	t	uoi	2	5	tuoi2			
293	綵	清	蟹	咍	開	一	上	精	tʰ	uɔi	55	6	tʰuɔi55	t	uoi	2	5	tuoi2			
294	踩	#N/A	#N/A	#N/A	#N/A	#N/A	#N/A	#N/A	tsʰ	ɔi	55	6	tsʰɔi55	c	oi	2	4	coi2	本讀，「踩踏」		
295	踩	#N/A	#N/A	#N/A	#N/A	#N/A	#N/A	#N/A	n	ɔi	55	4	nɔi55	n	oi	2	4	noi2	白讀，「踩落(lɔk32)去」		
296	踩	#N/A	#N/A	#N/A	#N/A	#N/A	#N/A	#N/A	j	ɔi	55	4	jɔi55	j	oi	2	4	joi2	白讀，「踩落(lɔk32)去」		
297	采	清	蟹	咍	開	一	上	精	tʰ	uɔi	55	6	tʰuɔi55	t	uoi	2	5	tuoi2			
298	菜	清	蟹	咍	開	一	去	精	tʰ	uɔi	33	6	tʰuɔi33	t	uoi	1	5	tuoi1	本讀，「菜花」丨「菜果」丨「菜乾」丨「紹菜」丨「白菜(tʰuɔi335)」丨「西洋菜(tʰuɔi335)」丨「嘜(mak55)菜(tʰuɔi335)」「東洋頭菜（膠塊狀混合雞蛋等的甜品大菜糕）」丨「菜耳（菜心）」丨「芽菜（綠豆芽）」		
299	菜	清	蟹	咍	開	一	去	精	tʰ	uɔi	11	6	tʰuɔi11	t	uoi	5	5	tuoi5	變調，「紫菜」丨「莧菜」丨「蕹菜」丨「狗肝菜(tʰuɔi115)」		
300	蔡	清	蟹	泰	開	一	去	精	tʰ	uɔi	33	6	tʰuɔi33	t	uoi	1	5	tuoi1			
301	參	清	咸	覃	開	一	平	精	tʰ	am	33	5	tʰam33	t	aam	1	5	taam1	「參加」丨「人參」丨「參差」		
302	參	心	咸	談	開	一	平	精	ɬ	am	33	4	ɬam33	sl	aam	1	6	slaam1	表「三」的大寫，同「叁」		
303	叁	#N/A	#N/A	#N/A	#N/A	#N/A	#N/A	#N/A	ɬ	am	33	4	ɬam33	sl	aam	1	6	slaam1	表「三」的大寫，同「參」		
304	餐	清	山	寒	開	一	平	精	tʰ	ɔn	33	5	tʰɔn33	t	on	1	4	ton1	本讀，「晚餐(tʰɔn335)」		
305	餐	清	山	寒	開	一	平	精	tʰ	ɔn	11	5	tʰɔn11	t	on	5	4	ton5	變調，每餐：「餐(tʰɔn33)餐(tʰɔn11)」		
306	慚	從	咸	談	開	一	平	精	tʰ	am	22	5	tʰam22	t	aam	4	5	taam4			
307	殘	從	山	寒	開	一	平	精	tʰ	ɔn	22	5	tʰɔn22	t	on	4	4	ton4			
308	蠶	從	咸	覃	開	一	平	精	tʰ	am	11	5	tʰam11	t	aam	5	5	taam5			
309	慘	清	咸	覃	開	一	上	精	tʰ	am	55	5	tʰam55	t	aam	2	5	taam2	表兇狠：「最慘係佢咯」		
310	燦	清	山	寒	開	一	去	精	tʰ	ɔn	55	5	tʰɔn55	t	on	2	4	ton2			
311	璨	清	山	寒	開	一	去	精	tʰ	ɔn	55	5	tʰɔn55	t	on	2	4	ton2			
312	倉	清	宕	唐	開	一	平	精	tʰ	ɔŋ	33	5	tʰɔŋ33	t	ong	1	5	tong1			
313	滄	清	宕	唐	開	一	平	精	tʰ	ɔŋ	33	5	tʰɔŋ33	t	ong	1	5	tong1			
314	艙	#N/A	#N/A	#N/A	#N/A	#N/A	#N/A	#N/A	tʰ	ɔŋ	33	5	tʰɔŋ33	t	ong	1	5	tong1			
315	蒼	清	宕	唐	開	一	平	精	tʰ	ɔŋ	33	5	tʰɔŋ33	t	ong	1	5	tong1			
316	藏	從	宕	唐	開	一	平	精	tʰ	ɔŋ	22	5	tʰɔŋ22	t	ong	4	5	tong4	{1}掩蓋，使人不發現：「呢嘢藏啊(ʔa55)該」；{2}泛指事物：「行(haŋ22)藏（東西）」；{3}抵達某個高度：「水藏到膝頭」		
317	藏	從	宕	唐	開	一	去	精	t	ɔŋ	32	4	tɔŋ32	d	ong	6	5	dong6	「寶藏」		
318	操	清	效	豪	開	一	平	精	tʰ	au	33	5	tʰau33	t	aau	1	5	taau1			
319	糙	清	效	豪	開	一	去	精	tʰ	au	33	5	tʰau33	t	aau	1	5	taau1			
320	嘈	從	效	豪	開	一	平	精	tʰ	au	22	5	tʰau22	t	aau	4	5	taau4	感覺吵：「嘈龍龍」丨「嘈痺啊(ʔa33)」丨「嘈piɛt33啊(ʔa11)」丨四字詞：「嘈龍滾涌(tsʰəŋ11)（形容聲音嘈雜）」		
321	曹	從	效	豪	開	一	平	精	tʰ	au	22	5	tʰau22	t	aau	4	5	taau4			
322	槽	精	效	豪	開	一	平	精	tʰ	au	22	5	tʰau22	t	aau	4	5	taau4	本讀，「槽點」		
323	槽	精	效	豪	開	一	平	精	tʰ	au	11	5	tʰau11	t	aau	5	5	taau5	變調，「水槽」丨「一個槽」		
324	草	清	效	豪	開	一	上	精	tʰ	au	55	5	tʰau55	t	aau	2	5	taau2			
325	側	莊	曾	蒸	開	三	入	莊	ts	ak	55	5	tsak55	z	aak	7	5	zaak7	表不正：「側轉（歪了）」丨「行(haŋ22)側（走一邊去了）」		
326	側	莊	曾	蒸	開	三	入	莊	ts	ak	11	5	tsak11	z	aak	10	5	zaak10	表翻身動作：「轉側」		
327	側	莊	曾	蒸	開	三	入	莊	s	ak	55	4	sak55	s	aak	7	5	saak7	同「邊」：「一側（一邊）」丨「四字詞 「兩邊(pɐn32)兩側(sak55)」」		
328	側	莊	曾	蒸	開	三	入	莊	s	ak	33	4	sak33	s	aak	8	5	saak8	側(sak55)的變調，用法相同		
329	側	莊	曾	蒸	開	三	入	莊	s	ak	11	4	sak11	s	aak	10	5	saak10	側(sak55)的變調，表涇渭分明地分開：「帶側（邊界分明地分開不同種類的東西）」		
330	冊	初	梗	耕	開	二	入	莊	tsʰ	ak	55	6	tsʰak55	c	aak	7	5	caak7			
331	廁	初	止	之	開	三	去	莊	ɬ	i	33	3	ɬi33	sl	i	1	4	sli1			
332	惻	初	曾	蒸	開	三	入	莊	tsʰ	ak	55	6	tsʰak55	c	aak	7	5	caak7			
333	測	初	曾	蒸	開	三	入	莊	tsʰ	ak	55	6	tsʰak55	c	aak	7	5	caak7			
334	策	初	梗	耕	開	二	入	莊	tsʰ	ak	55	6	tsʰak55	c	aak	7	5	caak7			
335	層	從	曾	登	開	一	平	精	tʰ	aŋ	22	5	tʰaŋ22	t	aang	4	6	taang4			
336	曾	從	曾	登	開	一	平	精	tʰ	aŋ	22	5	tʰaŋ22	t	aang	4	6	taang4	{1}過去的時間：「曾經」；{2}故意：「曾意」		
337	曾	精	曾	登	開	一	平	精	t	aŋ	32	4	taŋ32	d	aang	6	6	daang6	「曾孫」、「曾姓」		
338	曾	從	曾	登	開	一	平	精	tʰ	iɐŋ	22	6	tʰiɐŋ22	t	iang	4	6	tiang4	曾(tʰaŋ22)的變調，表曾經：「未曾」丨「未曾下(haa11)（動不動就）」		
339	曾	從	曾	登	開	一	平	精	h	iɐŋ	22	5	hiɐŋ22	h	iang	4	6	hiang4	曾(tʰiɐŋ22)的變調，表曾經：「未曾」丨「未曾下(haa11)（動不動就）」		
340	叉	初	蟹	佳	開	二	平	莊	tsʰ	a	33	5	tsʰa33	c	aa	1	4	caa1	本讀，「叉燒」		
341	叉	初	蟹	佳	開	二	平	莊	tsʰ	a	11	5	tsʰa11	c	aa	5	4	caa5	變調，名詞：「鋼叉tsʰa115」		
342	插	初	咸	咸	開	二	入	莊	tsʰ	ap	33	6	tsʰap33	c	aap	8	5	caap8	本讀，「插入」		
343	插	初	咸	咸	開	二	入	莊	tsʰ	ap	11	6	tsʰap11	c	aap	10	5	caap10	變調，名詞，表用插的方法來加固的零件，如固定門窗的硬件：「一個插(tsʰap115)」		
344	察	初	山	山	開	二	入	莊	tsʰ	ɔt	55	6	tsʰɔt55	c	ot	7	4	cot7			
345	查	崇	假	麻	開	二	平	莊	tsʰ	a	22	5	tsʰa22	c	aa	4	4	caa4	「檢查」		
346	查	#N/A	#N/A	#N/A	#N/A	#N/A	#N/A	#N/A	ts	a	33	4	tsa33	z	aa	1	4	zaa1	「查姓」		
347	槎	崇	假	麻	開	二	平	莊	tsʰ	a	22	5	tsʰa22	c	aa	4	4	caa4			
348	茶	澄	假	麻	開	二	平	知	tsʰ	a	22	5	tsʰa22	c	aa	4	4	caa4	形容迷蒙小雨，廣義也指下雨：四字詞 「落(lɔk32)水微茶」		
349	剎	#N/A	#N/A	#N/A	#N/A	#N/A	#N/A	#N/A	s	ɔt	33	4	sɔt33	s	ot	8	4	sot8			
350	奼	徹	假	麻	開	二	上	知	tsʰ	a	33	5	tsʰa33	c	aa	1	4	caa1			
351	岔	#N/A	#N/A	#N/A	#N/A	#N/A	#N/A	#N/A	tsʰ	a	33	5	tsʰa33	c	aa	1	4	caa1			
352	詫	徹	假	麻	開	二	去	知	tsʰ	a	33	5	tsʰa33	c	aa	1	4	caa1			
353	差	初	假	麻	開	二	平	莊	tsʰ	a	33	5	tsʰa33	c	aa	1	4	caa1	同「錯」：「講差（講錯）」		
354	差	初	蟹	佳	開	二	平	莊	tsʰ	ɔi	33	6	tsʰɔi33	c	oi	1	4	coi1	「出差」		
355	差	初	止	支B	開	三	平	莊	tsʰ	ei	33	6	tsʰei33	c	ei	1	4	cei1	「參差」		
356	拆	#N/A	#N/A	#N/A	#N/A	#N/A	#N/A	#N/A	tsʰ	ak	33	6	tsʰak33	c	aak	8	5	caak8			
357	柴	崇	蟹	佳	開	二	平	莊	tsʰ	ɔi	11	6	tsʰɔi11	c	oi	5	4	coi5	刁蠻、彆扭：「扭紋」丨「扭紋柴」		
358	摻	生	咸	咸	開	二	平	莊	tʰ	am	33	5	tʰam33	t	aam	1	5	taam1			
359	攙	崇	咸	咸	開	二	平	莊	tʰ	am	22	5	tʰam22	t	aam	4	5	taam4			
360	潺	崇	山	山	開	二	平	莊	s	ɔn	22	4	sɔn22	s	on	4	4	son4	鼻涕蟲：「牛鼻潺」		
361	禪	常	山	仙A	開	三	平	章	s	iɛm	22	5	siɛm22	s	iem	4	5	siem4	「禪佛」		
362	禪	常	山	仙A	開	三	去	章	s	iɛn	32	5	siɛn32	s	ien	6	5	sien6	「禪讓」		
363	纏	澄	山	仙B	開	三	平	知	tsʰ	iɛn	22	7	tsʰiɛn22	c	ien	4	5	cien4	文讀，「纏繞」		
364	纏	澄	山	仙B	開	三	去	知	ts	iɛn	32	6	tsiɛn32	z	ien	6	5	zien6	白讀，「討條包裝袋纏起佢」		
365	廛	澄	山	仙B	開	三	平	知	tsʰ	iɛn	22	7	tsʰiɛn22	c	ien	4	5	cien4			
366	蟬	常	山	仙A	開	三	平	章	s	iɛm	22	5	siɛm22	s	iem	4	5	siem4	文讀，「蟬鳴」		
367	蟬	常	山	仙A	開	三	平	章	tsʰ	iɛn	11	7	tsʰiɛn11	c	ien	5	5	cien5	白讀，「一隻蟬(tsʰiɛn115)」丨「蟬翼」		
368	蟾	章	咸	鹽A	開	三	平	章	s	iɛm	22	5	siɛm22	s	iem	4	5	siem4	文讀，「蟾宮」		
369	蟾	章	咸	鹽A	開	三	平	章	kʰ	əm	22	5	kʰəm22	k	eam	4	5	keam4	白讀，「蟾(kʰəm22)蜍(si22)」		
370	饞	崇	咸	咸	開	二	平	莊	tsʰ	am	22	6	tsʰam22	c	aam	4	5	caam4	{1}囉嗦：「吟(ŋam22)饞」；{2}「饞狗奄（幫人做事，做之前，那人說沒所謂，開工之後那個人開始指指點點，形容這類人）」		
371	剷	#N/A	#N/A	#N/A	#N/A	#N/A	#N/A	#N/A	tsʰ	ɔn	55	6	tsʰɔn55	c	on	2	4	con2			
372	產	生	山	山	開	二	上	莊	tsʰ	ɔn	55	6	tsʰɔn55	c	on	2	4	con2	{1}贈送：「產個蘋果我吃下」；{2}斜躺：「產到該（斜躺在這）」丨「產椅」		
373	諂	徹	咸	鹽B	開	三	上	知	tsʰ	im	33	6	tsʰim33	c	im	1	4	cim1			
374	鏟	初	山	山	開	二	上	莊	tsʰ	ɔn	55	6	tsʰɔn55	c	on	2	4	con2			
375	昌	昌	宕	陽	開	三	平	章	tsʰ	iŋ	33	6	tsʰiŋ33	c	iing	1	6	ciing1			
376	猖	昌	宕	陽	開	三	平	章	tsʰ	iŋ	33	6	tsʰiŋ33	c	iing	1	6	ciing1			
377	菖	昌	宕	陽	開	三	平	章	tsʰ	iŋ	33	6	tsʰiŋ33	c	iing	1	6	ciing1			
378	償	常	宕	陽	開	三	平	章	s	iŋ	22	4	siŋ22	s	iing	4	6	siing4			
379	嘗	常	宕	陽	開	三	平	章	s	iŋ	22	4	siŋ22	s	iing	4	6	siing4			
380	場	澄	宕	陽	開	三	平	知	tsʰ	iŋ	22	6	tsʰiŋ22	c	iing	4	6	ciing4			
381	嫦	#N/A	#N/A	#N/A	#N/A	#N/A	#N/A	#N/A	s	iŋ	22	4	siŋ22	s	iing	4	6	siing4			
382	常	常	宕	陽	開	三	平	章	s	iŋ	22	4	siŋ22	s	iing	4	6	siing4			
383	腸	澄	宕	陽	開	三	平	知	tsʰ	iŋ	22	6	tsʰiŋ22	c	iing	4	6	ciing4	{1}臘腸：「風(fəŋ33)腸(tsʰiŋ225)」；{2}{4}形容聲音嘈雜：四字詞 「擘腸擘筋(kin11)」		
384	長	澄	宕	陽	開	三	平	知	tsʰ	iŋ	22	6	tsʰiŋ22	c	iing	4	6	ciing4	{1}時間長，引申為一向：「長時(si225)」丨「長世(sɔi335)」；{2}同等輩分中最小的、老幺：「長婆(pʰou22)（最小的叔婆）」丨「長舅」；{3}大、久：「長氣」丨 四字詞 「長(tsʰiŋ22)袍大擺（指衣服很大）」丨「長(tsʰiŋ22)氣(hei11)爛渣(tsa55)（囉嗦）」		
385	長	知	宕	陽	開	三	上	知	ts	iŋ	55	5	tsiŋ55	z	iing	2	6	ziing2	粗魯：四字詞 「雷頭(hai22)科長(tsiŋ55)」		
386	廠	昌	宕	陽	開	三	上	章	tsʰ	ɔŋ	55	6	tsʰɔŋ55	c	ong	2	5	cong2			
387	敞	昌	宕	陽	開	三	上	章	tsʰ	ɔŋ	55	6	tsʰɔŋ55	c	ong	2	5	cong2			
388	倡	昌	宕	陽	開	三	平	章	tsʰ	iŋ	33	6	tsʰiŋ33	c	iing	1	6	ciing1			
389	唱	昌	宕	陽	開	三	去	章	tsʰ	iŋ	33	6	tsʰiŋ33	c	iing	1	6	ciing1			
390	悵	徹	宕	陽	開	三	去	知	tsʰ	iŋ	33	6	tsʰiŋ33	c	iing	1	6	ciing1			
391	暢	徹	宕	陽	開	三	去	知	tsʰ	iŋ	55	6	tsʰiŋ55	c	iing	2	6	ciing2			
392	抄	初	效	肴	開	二	平	莊	tsʰ	au	33	6	tsʰau33	c	aau	1	5	caau1			
393	超	徹	效	宵B	開	三	平	知	tsʰ	iɐu	33	7	tsʰiɐu33	c	iau	1	5	ciau1			
394	鈔	初	效	肴	開	二	平	莊	tsʰ	au	33	6	tsʰau33	c	aau	1	5	caau1			
395	嘲	知	效	肴	開	二	平	知	ts	au	33	5	tsau33	z	aau	1	5	zaau1			
396	巢	崇	效	肴	開	二	平	莊	tsʰ	au	22	6	tsʰau22	c	aau	4	5	caau4	本讀，皺：「巢皮」丨四字詞 「巢(tsʰau22)皮(pʰei22)蜢(maŋ55)髀（形容東西很老很皺）」		
397	巢	崇	效	肴	開	二	平	莊	tsʰ	au	11	6	tsʰau11	c	aau	5	5	caau5	變調，記入心入腦：「聽入巢」		
398	晁	澄	效	宵B	開	三	平	知	tsʰ	iɐu	22	7	tsʰiɐu22	c	iau	4	5	ciau4			
399	潮	澄	效	宵B	開	三	平	知	tsʰ	iɐu	22	7	tsʰiɐu22	c	iau	4	5	ciau4			
400	吵	明	效	宵A	開	三	上	幫	tsʰ	au	55	6	tsʰau55	c	aau	2	5	caau2	形容聲音嘈雜：四字詞 「吵耳嘮造」		
401	炒	初	效	肴	開	二	上	莊	tsʰ	au	55	6	tsʰau55	c	aau	2	5	caau2			
402	車	昌	假	麻	開	三	平	章	tsʰ	iɛ	33	6	tsʰiɛ33	c	ie	1	4	cie1	{1}動詞，轉動：「車轉張檯」；{2}動詞，用機器縫製衣服：「車衣(ji335)」；{3}市區內公交車的舊稱：「市內(nui325)車」		
403	車	見	遇	魚	開	三	平	見	k	ui	33	4	kui33	g	ui	1	4	gui1	象棋用語：「車馬炮 」		
404	車	昌	假	麻	開	三	平	章	tsʰ	iɛ	11	6	tsʰiɛ11	c	ie	5	4	cie5	變調，形容在轉動的狀態：「車車轉」		
405	扯	#N/A	#N/A	#N/A	#N/A	#N/A	#N/A	#N/A	tsʰ	iɛ	55	6	tsʰiɛ55	c	ie	2	4	cie2			
406	坼	徹	梗	庚	開	二	入	知	tsʰ	ɐt	33	6	tsʰɐt33	c	at	1	4	cat1			
407	徹	澄	山	仙B	開	三	入	知	tsʰ	ɛt	55	6	tsʰɛt55	c	iet	7	5	ciet7			
408	掣	昌	蟹	祭A	開	三	去	章	ts	ɔi	33	5	tsɔi33	z	oi	1	4	zoi1	「電掣」		
409	掣	昌	山	仙A	開	三	入	章	tsʰ	ɐt	55	6	tsʰɐt55	c	at	7	4	cat7	「風馳電掣」		
410	撤	澄	山	仙B	開	三	入	知	tsʰ	ɛt	55	6	tsʰɛt55	c	iet	7	5	ciet7	本讀，「撤退」		
411	撤	澄	山	仙B	開	三	入	知	tsʰ	iɛt	33	7	tsʰiɛt33	c	iet	8	5	ciet8	又讀，{1}收走、撤走：「撤嗮呢碗碗碟碟」；{2}風吹：「颱風撤嗮呢樹去」		
412	澈	澄	山	仙B	開	三	入	知	tsʰ	iɛt	55	7	tsʰiɛt55	c	iet	7	5	ciet7			
413	轍	澄	山	仙B	開	三	入	知	tsʰ	ɐt	55	6	tsʰɐt55	c	at	7	4	cat7			
414	塵	澄	臻	真B	開	三	平	知	tsʰ	in	22	6	tsʰin22	c	in	4	4	cin4	歲晚大掃除：「打塵」		
415	宸	常	臻	真A	開	三	平	章	s	in	22	4	sin22	s	in	4	4	sin4			
416	晨	常	臻	真A	開	三	平	章	s	in	22	4	sin22	s	in	4	4	sin4			
417	沉	澄	深	侵B	開	三	平	知	tsʰ	im	22	6	tsʰim22	c	im	4	4	cim4			
418	臣	常	臻	真A	開	三	平	章	s	in	22	4	sin22	s	in	4	4	sin4			
419	辰	常	臻	真A	開	三	平	章	s	in	22	4	sin22	s	in	4	4	sin4			
420	陳	澄	臻	真B	開	三	平	知	tsʰ	in	22	6	tsʰin22	c	in	4	4	cin4	本讀，「陳皮」丨「陳述」丨「陳(tsʰin22)篷吉（陳夢吉的俗稱）」		
421	陳	澄	臻	真B	開	三	平	知	tsʰ	in	11	6	tsʰin11	c	in	5	4	cin5	變調，地名，「陳邊(pɐn11)」		
422	襯	初	臻	真B	開	三	去	莊	tsʰ	in	33	6	tsʰin33	c	in	1	4	cin1			
423	趁	澄	臻	真B	開	三	平	知	tsʰ	in	33	6	tsʰin33	c	in	1	4	cin1			
424	撐	#N/A	#N/A	#N/A	#N/A	#N/A	#N/A	#N/A	tsʰ	aŋ	33	6	tsʰaŋ33	c	aang	1	6	caang1	文讀，動詞，即將死的雞用腳撐電飯煲蓋，比喻做錯事或處於下風時，卻不認衰還為自己開脫的行為：四字詞 「死雞(kɔi335)撐(tsʰaŋ33)腳(kik33)」		
425	撐	#N/A	#N/A	#N/A	#N/A	#N/A	#N/A	#N/A	tsʰ	aŋ	11	6	tsʰaŋ11	c	aang	5	6	caang5	tsʰaŋ33的變調，名詞，表支撐物：「側撐（摩托車側邊的托）」		
426	撐	#N/A	#N/A	#N/A	#N/A	#N/A	#N/A	#N/A	j	aŋ	33	4	jaŋ33	j	aang	1	6	jaang1	白讀，爬：「撐樓梯」		
427	撐	#N/A	#N/A	#N/A	#N/A	#N/A	#N/A	#N/A	ts	aŋ	32	5	tsaŋ32	z	aang	6	6	zaang6	白讀，吃撐：四字詞 「撐(tsaŋ32)飽撐(tsaŋ32)漲（吃得很飽，肚子都撐漲起來了）」		
428	瞠	徹	梗	庚	開	二	平	知	tsʰ	aŋ	33	6	tsʰaŋ33	c	aang	1	6	caang1			
429	稱	昌	曾	蒸	開	三	平	章	tsʰ	ɐn	33	6	tsʰɐn33	c	an	1	4	can1	東西懸吊在半空：「令稱稱」		
430	稱	昌	曾	蒸	開	三	平	章	tsʰ	ɐn	11	6	tsʰɐn11	c	an	5	4	can5	變調，同「秤」，秤子：「一把稱」		
431	丞	常	曾	蒸	開	三	平	章	s	ɐn	22	4	sɐn22	s	an	4	4	san4			
432	乘	船	曾	蒸	開	三	平	章	s	ɐn	22	4	sɐn22	s	an	4	4	san4	「乘車」		
433	乘	船	曾	蒸	開	三	去	章	s	ɐn	32	4	sɐn32	s	an	6	4	san6	「千乘之國」		
434	呈	澄	梗	清B	開	三	平	知	tsʰ	ɐn	22	6	tsʰɐn22	c	an	4	4	can4			
435	城	常	梗	清A	開	三	平	章	s	ɐn	22	4	sɐn22	s	an	4	4	san4	文讀，「城墻」		
436	城	常	梗	清A	開	三	平	章	s	iɐŋ	22	5	siɐŋ22	s	iang	4	6	siang4	白讀，「城北」		
437	埕	#N/A	#N/A	#N/A	#N/A	#N/A	#N/A	#N/A	tsʰ	ɐn	22	6	tsʰɐn22	c	an	4	4	can4			
438	懲	澄	曾	蒸	開	三	平	知	tsʰ	ɐn	22	6	tsʰɐn22	c	an	4	4	can4			
439	成	常	梗	清A	開	三	平	章	s	ɐn	22	4	sɐn22	s	an	4	4	san4	文讀，{1}表成熟、正經：「成識」丨四字詞： 「唔成(sɐn22)唔識（指人(青少年)不成熟，做事沒分寸 ）」；{2}「一成」		
440	成	常	梗	清A	開	三	平	章	s	iɐŋ	22	5	siɐŋ22	s	iang	4	6	siang4	白讀，量詞，整、全部：「成個人」		
441	承	常	曾	蒸	開	三	平	章	s	ɐn	22	4	sɐn22	s	an	4	4	san4			
442	橙	澄	梗	耕	開	二	平	知	tsʰ	aŋ	22	6	tsʰaŋ22	c	aang	4	6	caang4			
443	澄	澄	曾	蒸	開	三	平	知	tsʰ	ɐn	22	6	tsʰɐn22	c	an	4	4	can4	「澄清」		
444	澄	澄	梗	庚	開	二	平	知	ʔ	aŋ	32	4	ʔaŋ32		aang	6	5	aang6	「澄麵」		
445	程	澄	梗	清B	開	三	平	知	tsʰ	ɐn	22	6	tsʰɐn22	c	an	4	4	can4			
446	誠	常	梗	清A	開	三	平	章	s	ɐn	22	4	sɐn22	s	an	4	4	san4			
447	逞	徹	梗	清B	開	三	上	知	tsʰ	ɐn	55	6	tsʰɐn55	c	an	2	4	can2			
448	騁	徹	梗	清B	開	三	上	知	tsʰ	ɐn	55	6	tsʰɐn55	c	an	2	4	can2			
449	秤	昌	曾	蒸	開	三	去	章	tsʰ	ɐn	11	6	tsʰɐn11	c	an	5	4	can5	購物東西時商家加一點物品，令重量達標：「搭秤」		
450	喫	溪	梗	青	開	四	入	見	h	iɐk	33	5	hiɐk33	h	iak	8	5	hiak8			
451	黐	徹	止	支B	開	三	平	知	tsʰ	ei	33	6	tsʰei33	c	ei	1	4	cei1			
452	痴	徹	止	之	開	三	平	知	tsʰ	ei	33	6	tsʰei33	c	ei	1	4	cei1			
453	匙	常	止	支A	開	三	平	章	s	i	22	3	si22	s	i	4	3	si4	本讀，「鎖匙」		
454	匙	常	止	支A	開	三	平	章	s	i	11	3	si11	s	i	5	3	si5	變調，抹水泥的刀具：「灰匙(si115)」		
455	弛	書	止	支A	開	三	上	章	tsʰ	ei	22	6	tsʰei22	c	ei	4	4	cei4			
456	持	澄	止	之	開	三	平	知	tsʰ	ei	22	6	tsʰei22	c	ei	4	4	cei4	老當益壯：「能持」		
457	池	澄	止	支B	開	三	平	知	tsʰ	ei	22	6	tsʰei22	c	ei	4	4	cei4			
458	遲	澄	止	脂B	開	三	平	知	tsʰ	ei	22	6	tsʰei22	c	ei	4	4	cei4			
459	馳	澄	止	支B	開	三	平	知	tsʰ	ei	22	6	tsʰei22	c	ei	4	4	cei4			
460	侈	昌	止	支A	開	三	上	章	tsʰ	ei	33	6	tsʰei33	c	ei	1	4	cei1			
461	尺	昌	梗	清A	開	三	入	章	tsʰ	iɐk	33	7	tsʰiɐk33	c	iak	8	5	ciak8	本讀，「一尺」		
462	尺	昌	梗	清A	開	三	入	章	tsʰ	iɐk	11	7	tsʰiɐk11	c	iak	10	5	ciak10	變調，「捲尺」丨「尺寸」		
463	恥	徹	止	之	開	三	上	知	tsʰ	ei	55	6	tsʰei55	c	ei	2	4	cei2			
464	齒	昌	止	之	開	三	上	章	tsʰ	ei	55	6	tsʰei55	c	ei	2	4	cei2	{1}撕咬：「齒雞脾」；{2}形容食物過於韌硬，難以咀嚼：四字詞 「韌(ŋin33)牙(ŋa22)韌(ŋin33)齒」		
465	敕	徹	曾	蒸	開	三	入	知	tsʰ	ɐt	55	6	tsʰɐt55	c	at	7	4	cat7			
466	斥	昌	梗	清·	開	三	入	章	tsʰ	ɐt	55	6	tsʰɐt55	c	at	7	4	cat7	咒罵用語：「斥崩(paŋ33)」丨「斥閪崩(paŋ33)」		
467	熾	昌	止	之	開	三	去	章	tsʰ	ei	33	6	tsʰei33	c	ei	1	4	cei1			
468	翅	書	止	支A	開	三	去	章	tsʰ	ei	33	6	tsʰei33	c	ei	1	4	cei1			
469	赤	昌	梗	清A	開	三	入	章	tsʰ	ɐt	55	6	tsʰɐt55	c	at	7	4	cat7	文讀，「赤腳醫生」丨「赤壁」		
470	赤	昌	梗	清A	開	三	入	章	tsʰ	iɐk	33	7	tsʰiɐk33	c	iak	8	5	ciak8	白讀，{1}地名：「赤溪」丨「赤坎」；{2}高祖輩：「赤伯(pak32)（高祖母）」丨「赤伯(pak32)公(kəŋ11)（高祖父）」丨「赤婆(pʰuɔ22)婆(pʰuɔ22)」		
471	充	昌	通	東	開	三	平	章	tsʰ	əŋ	33	6	tsʰəŋ33	c	eang	1	6	ceang1			
472	忡	徹	通	東	開	三	平	知	tsʰ	əŋ	33	6	tsʰəŋ33	c	eang	1	6	ceang1			
473	憧	昌	通	鍾	開	三	平	章	tsʰ	əŋ	33	6	tsʰəŋ33	c	eang	1	6	ceang1			
474	沖	澄	通	東	開	三	平	知	tsʰ	əŋ	33	6	tsʰəŋ33	c	eang	1	6	ceang1	本讀，「沖水」		
475	沖	澄	通	東	開	三	平	知	tsʰ	əŋ	55	6	tsʰəŋ55	c	eang	2	6	ceang2	變調，特指大水沖走，「大水沖啊(ʔa33)去了」		
476	衝	昌	通	鍾	開	三	平	章	tsʰ	əŋ	33	6	tsʰəŋ33	c	eang	1	6	ceang1			
477	崇	崇	通	東	開	三	平	莊	s	əŋ	22	4	səŋ22	s	eang	4	6	seang4			
478	蟲	澄	通	東	開	三	平	知	tsʰ	əŋ	22	6	tsʰəŋ22	c	eang	4	6	ceang4	毛毛蟲：「狗毛蟲」		
479	寵	徹	通	鍾	開	三	上	知	tsʰ	əŋ	55	6	tsʰəŋ55	c	eang	2	6	ceang2			
480	銃	昌	通	東	開	三	去	章	tsʰ	əŋ	33	6	tsʰəŋ33	c	eang	1	6	ceang1			
481	抽	徹	流	尤	開	三	平	知	tsʰ	ai	33	6	tsʰai33	c	aai	1	5	caai1	用力地抬起、搬起、拿起：「抽起瓶煤氣」		
482	仇	羣	流	尤	開	三	平	見	s	iu	22	4	siu22	s	iu	4	4	siu4			
483	惆	徹	流	尤	開	三	平	知	tsʰ	iu	22	6	tsʰiu22	c	iu	4	4	ciu4			
484	愁	崇	流	尤	開	三	平	莊	s	ai	22	4	sai22	s	aai	4	5	saai4	表擔憂：「我愁你冇飯吃」		
485	疇	澄	流	尤	開	三	平	知	tsʰ	iu	22	6	tsʰiu22	c	iu	4	4	ciu4			
486	稠	澄	流	尤	開	三	平	知	tsʰ	iu	22	6	tsʰiu22	c	iu	4	4	ciu4			
487	籌	澄	流	尤	開	三	平	知	tsʰ	iu	22	6	tsʰiu22	c	iu	4	4	ciu4	本讀，動詞，「籌劃」		
488	籌	澄	流	尤	開	三	平	知	tsʰ	iu	11	6	tsʰiu11	c	iu	5	4	ciu5	變調，名詞，「一張籌(tsʰiu115)」		
489	綢	透	效	豪	開	一	平	端	tsʰ	iu	22	6	tsʰiu22	c	iu	4	4	ciu4			
490	躊	澄	流	尤	開	三	平	知	tsʰ	iu	22	6	tsʰiu22	c	iu	4	4	ciu4			
491	酬	常	流	尤	開	三	平	章	tsʰ	iu	22	6	tsʰiu22	c	iu	4	4	ciu4			
492	丑	徹	流	尤	開	三	上	知	tsʰ	iu	55	6	tsʰiu55	c	iu	2	4	ciu2			
493	醜	昌	流	尤	開	三	上	章	tsʰ	iu	55	6	tsʰiu55	c	iu	2	4	ciu2	{1}表不道德：「唔知(ʔei33)好醜」；{2}不友善：「醜氣(hei115)」；{3}醜陋：「醜鬼」		
494	臭	昌	流	尤	開	三	去	章	tsʰ	iu	33	6	tsʰiu33	c	iu	1	4	ciu1	本讀，{1}樟腦丸：「臭屎丸」；{2}指人聽力差：四字詞 「耳聾耳臭(tsʰiu33)」；{3}藿香薊：「臭蜢」		
495	臭	昌	流	尤	開	三	去	章	tsʰ	iu	55	6	tsʰiu55	c	iu	2	4	ciu2	變調，臭味：「臭𡃴( tʰui225)」		
496	出	昌	止	脂A	合	三	去	章	tsʰ	ut	55	6	tsʰut55	c	ut	7	4	cut7	{1}非…不可：「以出」；{2}形容在嚴寒之下得到很多溫暖：四字詞 「暖(nuɔn33)出耳氣(hei33)」；{3}形容叫聲太大，以至於聲音都變得聲嘶力竭：四字詞 「召(tiu11)出子聲(siɐŋ11)」		
497	初	初	遇	魚	開	三	平	莊	tsʰ	uɔ	33	6	tsʰuɔ33	c	uo	1	4	cuo1			
498	齣	#N/A	#N/A	#N/A	#N/A	#N/A	#N/A	#N/A	tsʰ	ut	55	6	tsʰut55	c	ut	7	4	cut7			
499	廚	澄	遇	虞	合	三	平	知	tsʰ	ui	22	6	tsʰui22	c	ui	4	4	cui4			
500	櫥	#N/A	#N/A	#N/A	#N/A	#N/A	#N/A	#N/A	tsʰ	ui	22	6	tsʰui22	c	ui	4	4	cui4			
501	蜍	常	遇	魚	開	三	平	章	tsʰ	ui	22	6	tsʰui22	c	ui	4	4	cui4	文讀，「蟾(siɛm22)蜍(tsʰui22)」		
502	蜍	常	遇	魚	開	三	平	章	s	i	22	3	si22	s	i	4	3	si4	白讀，「蟾(kʰəm22)蜍(si22)」		
503	躇	澄	遇	魚	開	三	平	知	tsʰ	ui	22	6	tsʰui22	c	ui	4	4	cui4			
504	鋤	崇	遇	魚	開	三	平	莊	tsʰ	ou	22	6	tsʰou22	c	ou	4	4	cou4	本讀，「鋤頭(hai11)」		
505	鋤	崇	遇	魚	開	三	平	莊	tsʰ	ou	11	6	tsʰou11	c	ou	5	4	cou5	變調，名詞，「一個鋤(tsʰou115)」		
506	除	澄	遇	魚	開	三	平	知	tsʰ	ui	22	6	tsʰui22	c	ui	4	4	cui4	把物體移離另一物體：「除啊(ʔa33)䊆膠佢」		
507	雛	崇	遇	虞	合	三	平	莊	tsʰ	uɔ	33	6	tsʰuɔ33	c	uo	1	4	cuo1			
508	儲	澄	遇	魚	開	三	平	知	tsʰ	ui	11	6	tsʰui11	c	ui	5	4	cui5	本讀，「儲存」		
509	儲	澄	遇	魚	開	三	平	知	tʰ	iu	33	5	tʰiu33	t	iu	1	4	tiu1	訓讀，存錢：「儲錢」丨四字詞 「五更(kaŋ33)儲(tʰiu33)屎（形容人非常勤勞）」		
510	杵	昌	遇	魚	開	三	上	章	tsʰ	ui	11	6	tsʰui11	c	ui	5	4	cui5			
511	楚	初	遇	魚	開	三	上	莊	tsʰ	uɔ	55	6	tsʰuɔ55	c	uo	2	4	cuo2			
512	礎	初	遇	魚	開	三	上	莊	tsʰ	uɔ	55	6	tsʰuɔ55	c	uo	2	4	cuo2			
513	畜	徹	流	尤	開	三	去	知	tsʰ	ək	55	6	tsʰək55	c	eak	7	5	ceak7			
514	矗	初	通	東	開	三	入	莊	tsʰ	ək	55	6	tsʰək55	c	eak	7	5	ceak7			
515	處	昌	遇	魚	開	三	去	章	tsʰ	ui	11	6	tsʰui11	c	ui	5	4	cui5	{1}地方：「一處」；{2}「處長」；{3}指物件擺放對周圍造成阻礙：四字詞「 阻處(tsʰui11)阻浪(lɔŋ33)」；{4}「處女」		
516	處	昌	遇	魚	開	三	上	章	tsʰ	ui	55	6	tsʰui55	c	ui	2	4	cui2	「處理」丨「相處」		
517	處	昌	遇	魚	開	三	去	章	tsʰ	ui	33	6	tsʰui33	c	ui	1	4	cui1	變調，地方：「氣(hei33)處」		
518	觸	昌	通	鍾	開	三	入	章	tsʰ	ək	55	6	tsʰək55	c	eak	7	5	ceak7			
519	揣	初	止	支B	合	三	上	莊	tsʰ	un	55	6	tsʰun55	c	un	2	4	cun2			
520	川	昌	山	仙A	合	三	平	章	tsʰ	un	33	6	tsʰun33	c	un	1	4	cun1			
521	穿	昌	山	仙A	合	三	平	章	tsʰ	un	33	6	tsʰun33	c	un	1	4	cun1			
522	傳	澄	山	仙B	合	三	平	知	tsʰ	un	22	6	tsʰun22	c	un	4	4	cun4	「宣傳」		
523	傳	澄	山	仙B	合	三	去	知	ts	uɔn	32	6	tsuɔn32	z	uon	6	5	zuon6	「自傳(tsuɔn325)」		
524	傳	澄	山	仙B	合	三	去	知	ts	uɔn	11	6	tsuɔn11	z	uon	5	5	zuon5	tsuɔn32的變調，流傳的故事：「古傳」		
525	船	船	山	仙A	合	三	平	章	s	uɔn	22	5	suɔn22	s	uon	4	5	suon4			
526	喘	昌	山	仙A	合	三	上	章	tsʰ	un	55	6	tsʰun55	c	un	2	4	cun2			
527	舛	昌	山	仙A	合	三	上	章	tsʰ	un	55	6	tsʰun55	c	un	2	4	cun2			
528	串	見	山	刪	合	二	去	見	tsʰ	un	33	6	tsʰun33	c	un	1	4	cun1	表囂張：「你好串哇」		
529	瘡	初	宕	陽	開	三	平	莊	tsʰ	ɔŋ	33	6	tsʰɔŋ33	c	ong	1	5	cong1	本讀，「痤瘡」		
530	瘡	初	宕	陽	開	三	平	莊	tsʰ	ɔŋ	11	6	tsʰɔŋ11	c	ong	5	5	cong5	變調，「一粒瘡」		
531	窗	#N/A	#N/A	#N/A	#N/A	#N/A	#N/A	#N/A	tʰ	ɔŋ	33	5	tʰɔŋ33	t	ong	1	5	tong1	表窗戶：「窗眼」丨「窗眼口」		
532	幢	澄	江	江	開	二	去	知	ʔ	əŋ	32	4	ʔəŋ32		eang	6	5	eang6			
533	床	崇	宕	陽	開	三	平	莊	tsʰ	ɔŋ	22	6	tsʰɔŋ22	c	ong	4	5	cong4	{1}起床：「下床」；{2}代指時間：「下床（上午）」丨「一下床（上午較早的時段）」		
534	闖	徹	深	侵B	開	三	去	知	tsʰ	ɔŋ	55	6	tsʰɔŋ55	c	ong	2	5	cong2			
535	創	初	宕	陽	開	三	平	莊	tsʰ	ɔŋ	55	6	tsʰɔŋ55	c	ong	2	5	cong2			
536	愴	初	宕	陽	開	三	上	莊	tʰ	ɔŋ	33	5	tʰɔŋ33	t	ong	1	5	tong1			
537	吹	昌	止	支A	合	三	平	章	tsʰ	ui	33	6	tsʰui33	c	ui	1	4	cui1			
538	炊	昌	止	支A	合	三	平	章	tsʰ	ui	33	6	tsʰui33	c	ui	1	4	cui1			
539	垂	常	止	支A	合	三	平	章	s	ui	22	4	sui22	s	ui	4	4	sui4			
540	搥	端	蟹	灰	合	一	平	端	tsʰ	ui	22	6	tsʰui22	c	ui	4	4	cui4			
541	槌	澄	止	脂B	合	三	平	知	tsʰ	ui	22	6	tsʰui22	c	ui	4	4	cui4			
542	錘	澄	止	支B	合	三	平	知	tsʰ	ui	22	6	tsʰui22	c	ui	4	4	cui4			
543	鎚	澄	止	脂B	合	三	平	知	tsʰ	ui	22	6	tsʰui22	c	ui	4	4	cui4			
544	春	昌	臻	真A	合	三	平	章	tsʰ	un	33	6	tsʰun33	c	un	1	4	cun1			
545	膥	昌	臻	真A	合	三	平	章	tsʰ	un	11	6	tsʰun11	c	un	5	4	cun5	{1}陰莖：「膥牯」；{2}睪丸：「膥蛋(ʔɔn325)」		
546	淳	常	臻	真A	合	三	平	章	s	un	22	4	sun22	s	un	4	4	sun4			
547	純	常	臻	真A	合	三	平	章	s	un	22	4	sun22	s	un	4	4	sun4			
548	脣	船	臻	真A	合	三	平	章	s	un	22	4	sun22	s	un	4	4	sun4			
549	醇	常	臻	真A	合	三	平	章	s	un	22	4	sun22	s	un	4	4	sun4			
550	鶉	常	臻	真A	合	三	平	章	s	un	11	4	sun11	s	un	5	4	sun5			
551	蠢	昌	臻	真A	合	三	上	章	tsʰ	un	55	6	tsʰun55	c	un	2	4	cun2			
552	戳	#N/A	#N/A	#N/A	#N/A	#N/A	#N/A	#N/A	tsʰ	ɔk	11	6	tsʰɔk11	c	ok	10	4	cok10			
553	綽	昌	宕	陽	開	三	入	章	tsʰ	ik	55	6	tsʰik55	c	iik	7	5	ciik7			
554	疵	從	止	支A	開	三	平	精	ɬ	i	11	3	ɬi11	sl	i	5	4	sli5			
555	慈	從	止	之	開	三	平	精	ɬ	i	22	3	ɬi22	sl	i	4	4	sli4			
556	瓷	從	止	脂A	開	三	平	精	ɬ	i	22	3	ɬi22	sl	i	4	4	sli4			
557	磁	#N/A	#N/A	#N/A	#N/A	#N/A	#N/A	#N/A	ɬ	i	22	3	ɬi22	sl	i	4	4	sli4			
558	糍	#N/A	#N/A	#N/A	#N/A	#N/A	#N/A	#N/A	tʰ	ei	22	5	tʰei22	t	ei	4	4	tei4	粘米做的糕點：「煎軟糍」丨「爐底糍（台山式華夫餅）」丨「雞腸糍（粉卷）」		
559	祠	邪	止	之	開	三	平	精	ɬ	i	22	3	ɬi22	sl	i	4	4	sli4			
560	茨	從	止	脂A	開	三	平	精	ɬ	i	22	3	ɬi22	sl	i	4	4	sli4	本讀，「托洛茨基」		
561	茨	從	止	脂A	開	三	平	精	s	i	22	3	si22	s	i	4	3	si4	變調，「茨實」丨「茨菇(ku115)」		
562	詞	邪	止	之	開	三	平	精	ɬ	i	22	3	ɬi22	sl	i	4	4	sli4			
563	辭	邪	止	之	開	三	平	精	ɬ	i	22	3	ɬi22	sl	i	4	4	sli4			
564	雌	清	止	支A	開	三	平	精	t	i	33	3	ti33	d	i	1	3	di1			
565	此	清	止	支A	開	三	上	精	ɬ	i	55	3	ɬi55	sl	i	2	4	sli2			
566	刺	清	止	支A	開	三	去	精	ɬ	i	33	3	ɬi33	sl	i	1	4	sli1			
567	嘶	清	止	脂A	開	三	去	精	ɬ	i	33	3	ɬi33	sl	i	1	4	sli1	擬聲詞：四字詞 「嘶嘶索(ɬɔk11)索(ɬɔk11)丨嘶嘶ɬak55 ɬak55（形容塑料袋等發出的小雜音）」		
568	匆	#N/A	#N/A	#N/A	#N/A	#N/A	#N/A	#N/A	tʰ	əŋ	33	5	tʰəŋ33	t	eang	1	6	teang1			
569	樅	精	通	鍾	開	三	平	精	tʰ	əŋ	33	5	tʰəŋ33	t	eang	1	6	teang1			
570	聰	清	通	東	開	一	平	精	tʰ	əŋ	33	5	tʰəŋ33	t	eang	1	6	teang1			
571	蔥	清	通	東	開	一	平	精	tʰ	əŋ	33	5	tʰəŋ33	t	eang	1	6	teang1	本讀，「青(tʰɐn33)蔥」		
572	蔥	清	通	東	開	一	平	精	tʰ	əŋ	11	5	tʰəŋ11	t	eang	5	6	teang5	變調，蔥，或泛指配料：「一條蔥(tʰəŋ115)」四字詞 「香芹蔥(tʰəŋ11)蒜」		
573	叢	從	通	東	開	一	平	精	tʰ	əŋ	22	5	tʰəŋ22	t	eang	4	6	teang4			
574	從	從	通	鍾	開	三	平	精	tʰ	əŋ	22	5	tʰəŋ22	t	eang	4	6	teang4	{1}明白、了解：「知(ei33)從」，為「知(ei33)隨」的變體、「知(ei33)təŋ22」的變調；{2}從小培養孩子的習慣：四字詞 「目從小起」		
575	淙	從	通	冬	合	一	平	精	t	əŋ	33	4	təŋ33	d	eang	1	6	deang1			
576	湊	清	流	侯	開	一	去	精	tʰ	ai	33	5	tʰai33	t	aai	1	5	taai1	本讀，碰巧：「湊啱」		
577	湊	清	流	侯	開	一	去	精	tsʰ	ai	33	6	tsʰai33	c	aai	1	5	caai1	又讀，撫養：「湊大你」		
578	粗	從	遇	模	開	一	上	精	tʰ	ou	33	5	tʰou33	t	ou	1	4	tou1	粗口爛舌：四字詞 「粗口爛鼻」		
579	促	清	通	鍾	開	三	入	精	tʰ	ək	55	5	tʰək55	t	eak	7	5	teak7			
580	簇	清	通	東	開	一	入	精	tʰ	ək	55	5	tʰək55	t	eak	7	5	teak7			
581	蹙	精	通	東	開	三	入	精	tʰ	ək	55	5	tʰək55	t	eak	7	5	teak7			
582	蹴	清	通	東	開	三	入	精	tʰ	ək	55	5	tʰək55	t	eak	7	5	teak7			
583	醋	清	遇	模	開	一	去	精	tʰ	ou	33	5	tʰou33	t	ou	1	4	tou1			
584	竄	清	山	寒	合	一	去	精	tsʰ	un	55	6	tsʰun55	c	un	2	4	cun2			
585	催	清	蟹	灰	合	一	平	精	tʰ	ui	33	5	tʰui33	t	ui	1	4	tui1			
586	崔	清	蟹	灰	合	一	平	精	tʰ	ui	33	5	tʰui33	t	ui	1	4	tui1			
587	摧	從	蟹	灰	合	一	平	精	tʰ	ui	33	5	tʰui33	t	ui	1	4	tui1			
588	璀	清	蟹	灰	合	一	上	精	tʰ	ui	33	5	tʰui33	t	ui	1	4	tui1			
589	悴	從	止	脂A	合	三	去	精	ɬ	ui	32	4	ɬui32	sl	ui	6	5	slui6			
590	淬	清	蟹	灰	合	一	去	精	tʰ	ui	33	5	tʰui33	t	ui	1	4	tui1			
591	粹	心	止	脂A	合	三	去	精	ɬ	ui	32	4	ɬui32	sl	ui	6	5	slui6			
592	翠	清	止	脂A	合	三	去	精	tʰ	ui	33	5	tʰui33	t	ui	1	4	tui1			
593	脆	清	蟹	祭A	合	三	去	精	tʰ	ui	33	5	tʰui33	t	ui	1	4	tui1	本讀，「脆口」		
594	脆	清	蟹	祭A	合	三	去	精	tʰ	ui	11	5	tʰui11	t	ui	5	4	tui5	變調，形容脆的程度：「咯(lɔk55)咯(lɔk55)脆」		
595	萃	從	止	脂A	合	三	去	精	ɬ	ui	32	4	ɬui32	sl	ui	6	5	slui6			
596	村	清	臻	魂	合	一	平	精	tʰ	un	33	5	tʰun33	t	un	1	4	tun1	本讀，極少使用，用於少部分地名：「汶村」		
597	村	清	臻	魂	合	一	平	精	tʰ	un	11	5	tʰun11	t	un	5	4	tun5	變調，習讀，{1}泛指回娘家或拜年：「去村」；{2}村莊：「村子」		
598	存	從	臻	魂	合	一	平	精	tʰ	un	22	5	tʰun22	t	un	4	4	tun4			
599	忖	清	臻	魂	合	一	上	精	tsʰ	un	55	6	tsʰun55	c	un	2	4	cun2			
600	寸	清	臻	魂	合	一	去	精	tʰ	un	33	5	tʰun33	t	un	1	4	tun1	把物體疊起來：「寸埋(muɔi22)一下(ha115)」		
601	搓	清	果	歌	開	一	平	精	tʰ	uɔ	33	5	tʰuɔ33	t	uo	1	4	tuo1			
602	磋	清	果	歌	開	一	平	精	tʰ	uɔ	33	5	tʰuɔ33	t	uo	1	4	tuo1			
603	蹉	清	果	歌	開	一	平	精	tʰ	uɔ	33	5	tʰuɔ33	t	uo	1	4	tuo1			
604	厝	清	遇	模	開	一	去	精	tʰ	ou	33	5	tʰou33	t	ou	1	4	tou1			
605	挫	精	果	歌	合	一	去	精	tʰ	uɔ	11	5	tʰuɔ11	t	uo	5	4	tuo5			
606	措	清	遇	模	開	一	去	精	tʰ	ou	33	5	tʰou33	t	ou	1	4	tou1			
607	錯	清	遇	模	開	一	去	精	tʰ	uɔ	33	5	tʰuɔ33	t	uo	1	4	tuo1			
608	搭	透	咸	談	開	一	入	端	ʔ	ap	33	4	ʔap33		aap	8	4	aap8	購物東西時商家加一點物品，令重量達標：「搭秤」		
609	挹	影	深	侵A	開	三	入	影	ʔ	ap	33	4	ʔap33		aap	8	4	aap8	表敷藥：「挹尐藥(jik11)」		
610	答	端	咸	覃	開	一	入	端	ʔ	ap	55	4	ʔap55		aap	7	4	aap7	本讀，「回答」丨「答覆」		
611	答	端	咸	覃	開	一	入	端	ʔ	ap	33	4	ʔap33		aap	8	4	aap8	又讀，「唔答」丨「答應」丨「答你」		
612	達	透	山	寒	開	一	入	端	ʔ	ɔt	32	4	ʔɔt32		ot	9	3	ot9			
613	打	端	梗	庚	開	二	上	端	ʔ	a	55	3	ʔa55		aa	2	3	aa2	{1}莫非：「打指」；{2}結巴：「打(ʔa55)lut115」；{3}掃除：「打塵」；{4}做事匆忙：四字詞 「打(ʔa55)雲打(ʔa55)核(ʋut11)（慌亂）」；{5}打擊：「打(ʔa55)牛(ŋai22)射馬(ma11)（明面上打牛，實質上打起射馬的注意，有聲東擊西、指桑罵槐、醉翁之意不在酒的意思）」；{6}橫豎亂擺，形容事物擺放不規律，阻礙空間：四字詞 「放橫打(ʔa55)逕」，又作「打(ʔa55)橫打(ʔa55)逕」；{7}放斜：「打八(pɔt55)」；{8}語氣詞，放任某人不管：「我打理你」丨「打理佢講乜都好」；{9}第一次：「打暴」		
614	打	端	梗	庚	開	二	上	端	t	a	55	3	ta55	d	aa	2	4	daa2	量詞，「一打西餅」		
615	大	定	蟹	泰	開	一	去	端	ʔ	ɔi	32	4	ʔɔi32		oi	6	3	oi6	{1}糍名：「大龍金（用黃糖、紅棗、芝麻等做的粘米糯米混合糍）」；{2}程度大：四字詞 「大灑大揦（花錢沒節制、做事沒分寸）」丨四字詞 「大膽狗乸（形容一個人很大膽）」丨四字詞 「長(tsʰiŋ22)袍大擺（指衣服很大）」丨四字詞 「得(ʔak33)閒(kʰɔn22)大樂(lɔk32)（有空餘時間且心情愉悅）」丨四字詞 「闊廊大灑（指寬敞，形容建築物的內部）」丨「幾(kei55)大（無論如何）」丨四字詞 「疲(pʰiɛ11)古大liu32（睡得香）」；{3}起床晚：「大難」；{4}疲累艱苦：四字詞 「辛苦大命(miɐŋ32)」；{4}洪水：「白(pak32)水大(ʔɔi325)」丨「浸白(pak32)水大(ʔɔi325) 」		
616	呆	#N/A	#N/A	#N/A	#N/A	#N/A	#N/A	#N/A	ŋ	uɔi	22	5	ŋuɔi22	ng	uoi	4	6	nguoi4	助詞，老派土話，無明確意義，疑似從代詞發展而來：「箇咪係了呆時」		
617	歹	#N/A	#N/A	#N/A	#N/A	#N/A	#N/A	#N/A	ʔ	ɔi	55	4	ʔɔi55		oi	2	3	oi2			
618	代	定	蟹	咍	開	一	去	端	ʔ	uɔi	32	5	ʔuɔi32		uoi	6	4	uoi6			
619	岱	定	蟹	咍	開	一	去	端	ʔ	uɔi	32	5	ʔuɔi32		uoi	6	4	uoi6			
620	帶	端	蟹	泰	開	一	去	端	ʔ	ɔi	33	4	ʔɔi33		oi	1	3	oi1	本讀，「帶上」		
621	帶	端	蟹	泰	開	一	去	端	ʔ	ɔi	11	4	ʔɔi11		oi	5	3	oi5	變調，名詞，{1}海鮮：「帶子」；{2}光碟：「睇帶(ʔɔi115)」		
622	待	定	蟹	咍	開	一	上	端	ʔ	uɔi	32	5	ʔuɔi32		uoi	6	4	uoi6			
623	戴	端	蟹	咍	開	一	去	端	ʔ	ɔi	33	4	ʔɔi33		oi	1	3	oi1			
624	袋	定	蟹	咍	開	一	去	端	ʔ	uɔi	32	5	ʔuɔi32		uoi	6	4	uoi6			
625	貸	透	蟹	咍	開	一	去	端	h	ɔi	33	4	hɔi33	h	oi	1	4	hoi1			
626	逮	定	蟹	齊	開	四	去	端	ʔ	ɔi	32	4	ʔɔi32		oi	6	3	oi6			
627	黛	定	蟹	咍	開	一	去	端	ʔ	uɔi	32	5	ʔuɔi32		uoi	6	4	uoi6			
628	丹	端	山	寒	開	一	平	端	ʔ	ɔn	33	4	ʔɔn33		on	1	3	on1			
629	單	常	山	仙A	開	三	平	章	s	iɛm	22	5	siɛm22	s	iem	4	5	siem4	「單于」		
630	單	常	山	仙A	開	三	去	章	s	iɛn	32	5	siɛn32	s	ien	6	5	sien6	「單立文」		
631	單	端	山	寒	開	一	平	端	ʔ	ɔn	33	4	ʔɔn33		on	1	3	on1	{1}一個、奇數：「單獨」；{2}赤腳：「單猜腳(kik115)」		
632	單	端	山	寒	開	一	平	端	t	ɔn	55	4	tɔn55	d	on	2	4	don2	變調，量詞，宗：「一單工程」		
633	擔	端	咸	談	開	一	平	端	ʔ	am	33	4	ʔam33		aam	1	4	aam1	{1}叼：「隻狗擔呢垃圾翻基」；{2}量詞，一百斤：「部車成擔重」		
634	殫	端	山	寒	開	一	平	端	ʔ	ɔn	33	4	ʔɔn33		on	1	3	on1			
635	眈	定	咸	覃	開	一	平	端	ʔ	am	33	4	ʔam33		aam	1	4	aam1			
636	膽	端	咸	談	開	一	上	端	ʔ	am	55	4	ʔam55		aam	2	4	aam2	程度大：四字詞 「大膽狗乸（形容一個人很大膽）」		
637	但	定	山	寒	開	一	平	端	ʔ	ɔn	32	4	ʔɔn32		on	6	3	on6			
638	彈	定	山	寒	開	一	平	端	h	ɔn	22	4	hɔn22	h	on	4	4	hon4	「彈琴」		
639	彈	定	山	寒	開	一	去	端	ʔ	ɔn	32	4	ʔɔn32		on	6	3	on6	「彈弓」丨「彈簧」		
640	彈	定	山	寒	開	一	去	端	t	ɔn	32	4	tɔn32	d	on	6	4	don6	ʔɔn32的又讀，「彈起」丨「彈弓」		
641	憚	定	山	寒	開	一	去	端	ʔ	ɔn	32	4	ʔɔn32		on	6	3	on6			
642	旦	端	山	寒	開	一	去	端	ʔ	ɔn	33	4	ʔɔn33		on	1	3	on1			
643	淡	定	咸	談	開	一	上	端	ʔ	am	32	4	ʔam32		aam	6	4	aam6	文讀，性格沉默不張揚：「淡靜」		
644	淡	定	咸	談	開	一	上	端	h	am	33	4	ham33	h	aam	1	5	haam1	白讀，不濃厚：四字詞 「淡(ham33)過(kuɔ33)貓(miɐu55)尿（飯菜沒味道）丨四字詞 「半(puɔn33)鹹不淡(ham115) （一半鹹一半淡，形容東西做到中間、騎虎難下、兩邊不到岸）」		
645	澹	定	咸	談	開	一	平	端	ʔ	am	32	4	ʔam32		aam	6	4	aam6			
646	蛋	#N/A	#N/A	#N/A	#N/A	#N/A	#N/A	#N/A	ʔ	ɔn	32	4	ʔɔn32		on	6	3	on6	代指一切動物的卵：「魚蛋(ʔɔn325)」丨「蟲蛋(ʔɔn325)」		
647	誕	定	山	寒	開	一	上	端	ʔ	ɔn	33	4	ʔɔn33		on	1	3	on1			
648	當	端	宕	唐	開	一	平	端	ʔ	ɔŋ	33	4	ʔɔŋ33		ong	1	4	ong1			
649	噹	#N/A	#N/A	#N/A	#N/A	#N/A	#N/A	#N/A	ʔ	ɔŋ	33	4	ʔɔŋ33		ong	1	4	ong1	花狹口蛙：「噹(ʔɔŋ33)囊(nɔŋ22)」		
650	鐺	初	梗	庚	開	二	平	莊	tsʰ	aŋ	33	6	tsʰaŋ33	c	aang	1	6	caang1	同「罉」，較深的廚房器皿：「銻鐺(tsʰaŋ335)」		
651	擋	端	宕	唐	開	一	去	端	ʔ	ɔŋ	33	4	ʔɔŋ33		ong	1	4	ong1			
652	檔	端	宕	唐	開	一	平	端	t	ɔŋ	33	4	tɔŋ33	d	ong	1	5	dong1	本讀，迅速：「快檔」		
653	檔	#N/A	#N/A	#N/A	#N/A	#N/A	#N/A	#N/A	t	ɔŋ	55	4	tɔŋ55	d	ong	2	5	dong2	訓讀，量詞，段、條，修飾條狀物：「一tɔŋ55屎」丨「條水管好大tɔŋ55」		
654	黨	端	宕	唐	開	一	上	端	ʔ	ɔŋ	55	4	ʔɔŋ55		ong	2	4	ong2			
655	宕	定	宕	唐	開	一	去	端	ʔ	ɔŋ	32	4	ʔɔŋ32		ong	6	4	ong6			
656	盪	透	宕	唐	開	一	平	端	ʔ	ɔŋ	32	4	ʔɔŋ32		ong	6	4	ong6			
657	蕩	定	宕	唐	開	一	上	端	ʔ	ɔŋ	32	4	ʔɔŋ32		ong	6	4	ong6	本讀，遊蕩：「出去蕩」		
658	蕩	定	宕	唐	開	一	上	端	t	ɔŋ	32	4	tɔŋ32	d	ong	6	5	dong6	變調，批灰：「批蕩」		
659	刀	端	效	豪	開	一	平	端	ʔ	au	33	4	ʔau33		aau	1	4	aau1	本讀，「刀劍」		
660	刀	端	效	豪	開	一	平	端	ʔ	au	11	4	ʔau11		aau	5	4	aau5	變調，用於前面有形容詞時：「大刀」		
661	倒	端	效	豪	開	一	去	端	ʔ	au	33	4	ʔau33		aau	1	4	aau1	「倒轉」		
662	倒	端	效	豪	開	一	上	端	ʔ	au	55	4	ʔau55		aau	2	4	aau2	「倒垃圾」丨「倒sɔi55（出界）」		
663	倒	端	效	豪	開	一	上	端	t	au	55	4	tau55	d	aau	2	5	daau2	變調，「跌倒」連讀演化出的讀音		
664	導	定	效	豪	開	一	去	端	ʔ	au	32	4	ʔau32		aau	6	4	aau6			
665	島	端	效	豪	開	一	上	端	ʔ	au	55	4	ʔau55		aau	2	4	aau2			
666	搗	#N/A	#N/A	#N/A	#N/A	#N/A	#N/A	#N/A	ʔ	au	55	4	ʔau55		aau	2	4	aau2			
667	擣	端	效	豪	開	一	上	端	ʔ	au	55	4	ʔau55		aau	2	4	aau2			
668	蹈	定	效	豪	開	一	去	端	ʔ	au	32	4	ʔau32		aau	6	4	aau6			
669	到	端	效	豪	開	一	去	端	ʔ	au	33	4	ʔau33		aau	1	4	aau1	文讀，{1}「到達」丨「來到」丨「到時」；{2}準時：四字詞 「依時(si22)依候」，又作「按時(si22)按候」、「到時(si22)到候」；{3}形容物件擺放得有秩序，也指做事循規蹈矩：四字詞 「隨(tʰui22)一到二(ŋei325)」		
670	到	端	效	豪	開	一	去	端	ʔ	au	55	4	ʔau55		aau	2	4	aau2	白讀，「見到」丨「吃到」丨「掂到」		
671	悼	定	效	豪	開	一	去	端	ʔ	au	32	4	ʔau32		aau	6	4	aau6			
672	盜	定	效	豪	開	一	去	端	ʔ	au	32	4	ʔau32		aau	6	4	aau6			
673	稻	定	效	豪	開	一	上	端	ʔ	au	32	4	ʔau32		aau	6	4	aau6			
674	道	定	效	豪	開	一	上	端	ʔ	au	32	4	ʔau32		aau	6	4	aau6	陷入：「隻腳道啊(ʔa33)入去」丨「道啊(ʔa33)腳(kik33)（腳踩坑而骨折）」		
675	的	端	梗	青	開	四	入	端	ʔ	ɐt	55	4	ʔɐt55		at	7	3	at7			
676	得	端	曾	登	開	一	入	端	ʔ	ak	55	4	ʔak55		aak	7	4	aak7	文讀，{1}「得到」；{2}不偏不倚地合適、朝著好的形勢發展：「得法」；{3}同「一舉兩得」： 四字詞 「一起兩得(ʔak55)」		
677	得	端	曾	登	開	一	入	端	ʔ	ak	33	4	ʔak33		aak	8	4	aak8	白讀，{1}可以：「得手」丨「得過」；{2}有：「得閒(kʰɔn22)」丨四字詞 「得(ʔak33)閒(kʰɔn22)大樂(lɔk32)（有空餘時間且心情愉悅）」；{3}憑藉出色的口才而得到好處：四字詞 「弄口得(ʔak33)食」		
678	得	端	曾	登	開	一	入	端	t	ak	33	4	tak33	d	aak	8	5	daak8	白讀，{1}可以：「得」丨「唔得」丨；{2}出眾：「得貨」		
679	德	端	曾	登	開	一	入	端	ʔ	ak	55	4	ʔak55		aak	7	4	aak7			
680	燈	端	曾	登	開	一	平	端	ʔ	aŋ	33	4	ʔaŋ33		aang	1	5	aang1			
681	登	端	曾	登	開	一	平	端	ʔ	aŋ	33	4	ʔaŋ33		aang	1	5	aang1	記錄：「登明」		
682	等	端	蟹	咍	開	一	上	端	ʔ	aŋ	55	4	ʔaŋ55		aang	2	5	aang2	{1}數量多得有剩：「安等」丨「大等」丨「有(jiu33)等」；{2}逛街，趕集：「等墟(hui11)」丨「等台城」丨「等大江」		
683	凳	端	曾	登	開	一	去	端	ʔ	aŋ	11	4	ʔaŋ11		aang	5	5	aang5			
684	瞪	澄	梗	耕	開	二	平	知	ʔ	aŋ	33	4	ʔaŋ33		aang	1	5	aang1			
685	蹬	定	曾	登	開	一	去	端	ʔ	aŋ	32	4	ʔaŋ32		aang	6	5	aang6			
686	鄧	定	曾	登	開	一	去	端	ʔ	aŋ	32	4	ʔaŋ32		aang	6	5	aang6			
687	低	端	蟹	齊	開	四	平	端	ʔ	ɔi	33	4	ʔɔi33		oi	1	3	oi1	是有分寸、成熟：四字詞 「知(ei33)高知(ei33)低」		
688	堤	常	止	支A	開	三	平	章	h	ɔi	22	4	hɔi22	h	oi	4	4	hoi4			
689	滴	端	梗	青	開	四	入	端	ʔ	ɐt	33	4	ʔɐt33		at	8	3	at8	文讀，「滴水」		
690	滴	端	梗	青	開	四	入	端	ʔ	iɐk	33	5	ʔiɐk33		iak	8	4	iak8	白讀，「一滴」		
691	敵	定	梗	青	開	四	入	端	ʔ	ɐt	32	4	ʔɐt32		at	9	3	at9			
692	滌	定	梗	青	開	四	入	端	ʔ	ɐt	32	4	ʔɐt32		at	9	3	at9			
693	狄	定	梗	青	開	四	入	端	ʔ	ɐt	32	4	ʔɐt32		at	9	3	at9			
694	笛	定	梗	青	開	四	入	端	ʔ	iɐk	32	5	ʔiɐk32		iak	9	4	iak9			
695	荻	定	梗	青	開	四	入	端	ʔ	ɐt	32	4	ʔɐt32		at	9	3	at9			
696	迪	定	梗	青	開	四	入	端	ʔ	ɐt	32	4	ʔɐt32		at	9	3	at9			
697	底	端	蟹	齊	開	四	上	端	ʔ	ɔi	55	4	ʔɔi55		oi	2	3	oi2			
698	抵	端	蟹	齊	開	四	上	端	ʔ	ɔi	55	4	ʔɔi55		oi	2	3	oi2	本讀，{1}忍受：「惡(ʔɔk33)抵」；{2}躲避：「抵水」；{3}值得：「唔抵」		
699	抵	端	蟹	齊	開	四	上	端	t	ɔi	55	4	tɔi55	d	oi	2	4	doi2	變調，值得：「唔抵」		
700	柢	端	蟹	齊	開	四	平	端	ʔ	ɔi	55	4	ʔɔi55		oi	2	3	oi2			
701	牴	端	蟹	齊	開	四	上	端	ʔ	ɔi	55	4	ʔɔi55		oi	2	3	oi2			
702	邸	端	蟹	齊	開	四	上	端	ʔ	ɔi	55	4	ʔɔi55		oi	2	3	oi2			
703	地	定	止	脂A	開	三	去	端	ʔ	ei	32	4	ʔei32		ei	6	3	ei6			
704	帝	端	蟹	齊	開	四	去	端	ʔ	ɔi	33	4	ʔɔi33		oi	1	3	oi1	本讀，「皇帝」		
705	帝	端	蟹	齊	開	四	去	端	t	ɔi	115	4	tɔi115	d	oi	5*	4	doi5*	訓讀，裝模作樣：「詐假帝(tɔi115)」		
706	蒂	端	蟹	齊	開	四	去	端	ʔ	ei	11	4	ʔei11		ei	5	3	ei5			
707	弟	定	蟹	齊	開	四	上	端	ʔ	ɔi	32	4	ʔɔi32		oi	6	3	oi6	文讀，「兄弟」		
708	弟	定	蟹	齊	開	四	上	端	t	ɔi	32	4	tɔi32	d	oi	6	4	doi6	白讀，特指男童：「弟(tɔi22)弟(tɔi325)」		
709	弟	定	蟹	齊	開	四	上	端	h	ɔi	11	4	hɔi11	h	oi	5	4	hoi5	白讀，特征直系兄弟姐妹：「兄弟」丨「弟妹(muɔi11)」		
710	第	定	蟹	齊	開	四	去	端	ʔ	ɔi	32	4	ʔɔi32		oi	6	3	oi6	剛才：「第先(ɬɐn33)」丨「第一」		
711	締	定	蟹	齊	開	四	平	端	ʔ	ɔi	33	4	ʔɔi33		oi	1	3	oi1			
712	諦	端	蟹	齊	開	四	去	端	ʔ	ɔi	33	4	ʔɔi33		oi	1	3	oi1			
713	遞	定	蟹	齊	開	四	上	端	ʔ	ɔi	32	4	ʔɔi32		oi	6	3	oi6			
714	巔	端	山	先	開	四	平	端	ʔ	ɐn	33	4	ʔɐn33		an	1	3	an1			
715	癲	端	山	先	開	四	平	端	ʔ	ɐn	33	4	ʔɐn33		an	1	3	an1	精神不正常：四字詞 「癲癲線(ɬɐn11)線(ɬɐn11)」		
716	顛	端	山	先	開	四	平	端	ʔ	ɐn	33	4	ʔɐn33		an	1	3	an1			
717	典	端	山	先	開	四	上	端	ʔ	ɐn	55	4	ʔɐn55		an	2	3	an2			
718	碘	#N/A	#N/A	#N/A	#N/A	#N/A	#N/A	#N/A	ʔ	ɐn	55	4	ʔɐn55		an	2	3	an2			
719	踮	#N/A	#N/A	#N/A	#N/A	#N/A	#N/A	#N/A	ʔ	iɛm	33	5	ʔiɛm33		iem	1	4	iem1	本讀，「踮腳」		
720	踮	#N/A	#N/A	#N/A	#N/A	#N/A	#N/A	#N/A	n	aŋ	55	4	naŋ55	n	aang	2	6	naang2	訓讀，踮起腳：「踮起腳(kik115)」		
721	點	端	咸	添	開	四	上	端	ʔ	iɛm	55	5	ʔiɛm55		iem	2	4	iem2	{1}方方面面：四字詞 「點肉(ŋək11)點血(hut33)（形容氣色好）」；{2}有點甜：「點 tsut55 點 tsut55」		
722	佃	定	山	先	開	四	平	端	ʔ	ɐn	32	4	ʔɐn32		an	6	3	an6			
723	墊	端	咸	添	開	四	去	端	t	ɐn	33	4	tɐn33	d	an	1	4	dan1			
724	奠	定	山	先	開	四	去	端	ʔ	ɐn	32	4	ʔɐn32		an	6	3	an6			
725	店	端	咸	添	開	四	去	端	ʔ	iɛm	33	5	ʔiɛm33		iem	1	4	iem1			
726	惦	#N/A	#N/A	#N/A	#N/A	#N/A	#N/A	#N/A	ʔ	iɛm	33	5	ʔiɛm33		iem	1	4	iem1			
727	殿	定	山	先	開	四	去	端	ʔ	ɐn	32	4	ʔɐn32		an	6	3	an6			
728	澱	定	山	先	開	四	去	端	ʔ	ɐn	32	4	ʔɐn32		an	6	3	an6			
729	玷	端	咸	添	開	四	上	端	ʔ	iɛm	33	5	ʔiɛm33		iem	1	4	iem1			
730	甸	定	山	先	開	四	去	端	ʔ	ɐn	32	4	ʔɐn32		an	6	3	an6			
731	電	定	山	先	開	四	去	端	ʔ	ɐn	32	4	ʔɐn32		an	6	3	an6	{1}電燈：「點電」丨「開電」丨「著電」丨「tap55電（關燈）」丨「電泡(pɔk55)」；{2}電話：「打電(ʔɐn325)」		
732	靛	#N/A	#N/A	#N/A	#N/A	#N/A	#N/A	#N/A	ʔ	ɐn	32	4	ʔɐn32		an	6	3	an6			
733	凋	端	效	蕭	開	四	平	端	ʔ	iɐu	33	5	ʔiɐu33		iau	1	4	iau1			
734	刁	端	效	蕭	開	四	平	端	ʔ	iɐu	33	5	ʔiɐu33		iau	1	4	iau1			
735	叼	#N/A	#N/A	#N/A	#N/A	#N/A	#N/A	#N/A	ʔ	iɐu	33	5	ʔiɐu33		iau	1	4	iau1			
736	貂	端	效	蕭	開	四	平	端	ʔ	iɐu	33	5	ʔiɐu33		iau	1	4	iau1			
737	雕	端	效	蕭	開	四	平	端	ʔ	iɐu	33	5	ʔiɐu33		iau	1	4	iau1			
738	鵰	端	效	蕭	開	四	平	端	ʔ	iɐu	33	5	ʔiɐu33		iau	1	4	iau1			
739	吊	#N/A	#N/A	#N/A	#N/A	#N/A	#N/A	#N/A	ʔ	iɐu	33	5	ʔiɐu33		iau	1	4	iau1	失去：「吊架(ka115)（丟臉）」		
740	弔	端	效	蕭	開	四	去	端	ʔ	iɐu	33	5	ʔiɐu33		iau	1	4	iau1			
741	掉	定	效	蕭	開	四	上	端	ʔ	iɐu	32	5	ʔiɐu32		iau	6	4	iau6	兩手空空：四字詞 「空手掉掉」		
742	調	定	效	蕭	開	四	平	端	h	iɐu	22	5	hiɐu22	h	iau	4	5	hiau4	「調整」		
743	調	定	效	蕭	開	四	去	端	ʔ	iɐu	32	5	ʔiɐu32		iau	6	4	iau6	「調查」丨「唔聽講唔聽調」		
744	釣	端	效	蕭	開	四	去	端	ʔ	iɐu	33	5	ʔiɐu33		iau	1	4	iau1	本讀，「釣魚」		
745	釣	端	效	蕭	開	四	去	端	ʔ	iɐu	11	5	ʔiɐu11		iau	5	4	iau5	變調，名詞，「魚(ŋui11)釣」		
746	跌	定	山	先	開	四	入	端	ʔ	ɐt	33	4	ʔɐt33		at	8	3	at8	{1}逐漸跌落：「節(tɐt11)節(tɐt11)跌」丨「跌反（摔著了）」		
747	喋	定	咸	添	開	四	入	端	ʔ	iɛp	32	5	ʔiɛp32		iep	9	4	iep9			
748	疊	定	咸	添	開	四	入	端	ʔ	iɛp	32	5	ʔiɛp32		iep	9	4	iep9	本讀，「重疊」		
749	疊	定	咸	添	開	四	入	端	t	ap	32	4	tap32	d	aap	9	5	daap9	白讀，「一疊」		
750	疊	定	咸	添	開	四	入	端	t	ap	11	4	tap11	d	aap	10	5	daap10	tap32的變調，「一疊」		
751	碟	#N/A	#N/A	#N/A	#N/A	#N/A	#N/A	#N/A	ʔ	iɛp	32	5	ʔiɛp32		iep	9	4	iep9			
752	蝶	透	咸	添	開	四	入	端	ʔ	iɛp	32	5	ʔiɛp32		iep	9	4	iep9			
753	迭	定	山	先	開	四	入	端	ʔ	iɛp	32	5	ʔiɛp32		iep	9	4	iep9			
754	丁	知	梗	耕	開	二	平	知	ʔ	ɐn	33	4	ʔɐn33		an	1	3	an1			
755	仃	端	梗	青	開	四	平	端	ʔ	ɐn	33	4	ʔɐn33		an	1	3	an1			
756	叮	端	梗	青	開	四	平	端	ʔ	ɐn	33	4	ʔɐn33		an	1	3	an1	本讀，「叮咚」		
757	叮	端	梗	青	開	四	平	端	t	ɐn	55	4	tɐn55	d	an	2	4	dan2	變調，擬聲詞，「叮一聲」		
758	町	透	梗	青	開	四	平	端	ʔ	ɐn	33	4	ʔɐn33		an	1	3	an1			
759	盯	澄	梗	庚	開	二	平	知	ʔ	ɐn	33	4	ʔɐn33		an	1	3	an1			
760	釘	端	梗	青	開	四	平	端	ʔ	ɐn	33	4	ʔɐn33		an	1	3	an1	文讀，「釘子」		
761	釘	端	梗	青	開	四	平	端	ʔ	iɐŋ	33	5	ʔiɐŋ33		iang	1	5	iang1	白讀，{1}動詞，釘上：「釘入去」；{2}名詞，釘子：「一口釘」		
762	釘	端	梗	青	開	四	平	端	ʔ	iɐŋ	11	5	ʔiɐŋ11		iang	5	5	iang5	ʔiɐŋ33的變調，名詞，釘子：「鐵釘」		
763	頂	端	梗	青	開	四	上	端	ʔ	ɐn	55	4	ʔɐn55		an	2	3	an2	文讀，{1}「頂撞」；{2}表程度最大：「頂(ɐn55)頂(iɐŋ55)」；{3}副詞，表程度較大：「頂尖」；{4}形容小的物件上面放大的東西：四字詞 「葫(ʋu22)蘆(lou22)頂(ʔɐn55)寶」；{5}別緻、特別：「頂尖」；{6}象棋把卒往前走的行為：「頂卒」		
764	頂	端	梗	青	開	四	上	端	ʔ	iɐŋ	55	5	ʔiɐŋ55		iang	2	5	iang2	白讀，{1}最外層：「面頂」；{2}表程度最大：「頂(ɐn55)頂(iɐŋ55)」		
765	鼎	端	梗	青	開	四	上	端	ʔ	ɐn	55	4	ʔɐn55		an	2	3	an2			
766	定	定	梗	青	開	四	去	端	ʔ	ɐn	32	4	ʔɐn32		an	6	3	an6	文讀，{1}「一定」；{2}乖巧，不亂動：「定住」		
767	定	定	梗	青	開	四	去	端	ʔ	iɐŋ	32	5	ʔiɐŋ32		iang	6	5	iang6	白讀，形容詞，安穩：「坐定再講」		
768	定	定	梗	青	開	四	去	端	t	ɐn	325	4	tɐn325	d	an	6*	4	dan6*	變調，表肯定：「唔定(tɐn325)（有可能，用於句末）」		
769	訂	透	梗	青	開	四	平	端	ʔ	ɐn	32	4	ʔɐn32		an	6	3	an6	文讀，「裝訂」		
770	訂	透	梗	青	開	四	平	端	ʔ	iɐŋ	32	5	ʔiɐŋ32		iang	6	5	iang6	白讀，「訂位(ʋei325)」		
771	丟	#N/A	#N/A	#N/A	#N/A	#N/A	#N/A	#N/A	ʔ	iu	33	4	ʔiu33		iu	1	3	iu1			
772	冬	端	通	冬	合	一	平	端	ʔ	əŋ	33	4	ʔəŋ33		eang	1	5	eang1			
773	咚	#N/A	#N/A	#N/A	#N/A	#N/A	#N/A	#N/A	t	əŋ	33	4	təŋ33	d	eang	1	6	deang1			
774	東	端	通	東	開	一	平	端	ʔ	əŋ	33	4	ʔəŋ33		eang	1	5	eang1	膠塊狀混合雞蛋等的甜品大菜糕：「東洋頭菜」		
775	懂	#N/A	#N/A	#N/A	#N/A	#N/A	#N/A	#N/A	ʔ	əŋ	55	4	ʔəŋ55		eang	2	5	eang2			
776	董	端	通	東	開	一	上	端	ʔ	əŋ	55	4	ʔəŋ55		eang	2	5	eang2			
777	凍	端	通	東	開	一	平	端	ʔ	əŋ	33	4	ʔəŋ33		eang	1	5	eang1			
778	動	定	通	東	開	一	上	端	ʔ	əŋ	32	4	ʔəŋ32		eang	6	5	eang6			
779	棟	端	通	東	開	一	去	端	ʔ	əŋ	55	4	ʔəŋ55		eang	2	5	eang2			
780	洞	定	通	東	開	一	平	端	ʔ	əŋ	32	4	ʔəŋ32		eang	6	5	eang6	菜地：「田(hɐn22)洞(ʔəŋ325)」		
781	兜	端	流	侯	開	一	平	端	ʔ	ai	33	4	ʔai33		aai	1	4	aai1			
782	抖	端	流	侯	開	一	上	端	ʔ	ai	55	4	ʔai55		aai	2	4	aai2			
783	唞	#N/A	#N/A	#N/A	#N/A	#N/A	#N/A	#N/A	h	ai	55	4	hai55	h	aai	2	5	haai2	表休息：「唞腳(kik33)」丨「唞氣(hei33)」		
784	斗	端	流	侯	開	一	上	端	ʔ	ai	55	4	ʔai55		aai	2	4	aai2	泥斗車：「斗仔(tuɔi55)車(tsʰiɛ33)」		
785	蚪	端	流	侯	開	一	上	端	ʔ	ai	55	4	ʔai55		aai	2	4	aai2			
786	陡	端	流	侯	開	一	上	端	ʔ	ai	55	4	ʔai55		aai	2	4	aai2			
787	痘	#N/A	#N/A	#N/A	#N/A	#N/A	#N/A	#N/A	ʔ	ai	32	4	ʔai32		aai	6	4	aai6	文讀，皮膚坑坑窪窪：「痘皮」		
788	痘	#N/A	#N/A	#N/A	#N/A	#N/A	#N/A	#N/A	h	ai	11	4	hai11	h	aai	5	5	haai5	白讀，咒罵用語：「生(saŋ33)黑痘（hai115)」丨「生(saŋ33)痘黑」		
789	竇	定	流	侯	開	一	去	端	ʔ	ai	32	4	ʔai32		aai	6	4	aai6	文讀，圍繞著盤旋：「蚊蟲竇垃圾」		
790	竇	定	流	侯	開	一	去	端	t	ai	32	4	tai32	d	aai	6	5	daai6	白讀，父親：「老竇」		
791	竇	定	流	侯	開	一	去	端	ʔ	ai	11	4	ʔai11		aai	5	4	aai5	ʔai32的變調，{1}量詞，一群、一家：「一竇人」；{2}棉胎和厚被子的通稱：四字詞 「棉(mɐn22)胎(huɔi33)被(pʰei11)竇(ʔai11)」		
792	荳	定	流	侯	開	一	去	端	ʔ	ai	32	4	ʔai32		aai	6	4	aai6			
793	豆	定	流	侯	開	一	去	端	ʔ	ai	32	4	ʔai32		aai	6	4	aai6	文讀，「扁豆」丨「豆芽（黃豆芽）」		
794	豆	定	流	侯	開	一	去	端	h	ai	11	4	hai11	h	aai	5	5	haai5	白讀，「水紅(həŋ22)豆(hai115)」丨四字詞 「豆(hai11)豆(hai11)麥麥（泛指堅果豆類）」		
795	逗	澄	遇	虞	合	三	去	知	ʔ	ai	32	4	ʔai32		aai	6	4	aai6			
796	蔸	端	流	侯	開	一	去	端	ʔ	ai	33	4	ʔai33		aai	1	4	aai1	量詞，棵：「一蔸菜」		
797	督	端	通	冬	合	一	入	端	ʔ	ək	55	4	ʔək55		eak	7	4	eak7	本讀，「督促」		
798	督	端	通	冬	合	一	入	端	t	ək	55	4	tək55	d	eak	7	5	deak7	變調，「戙督企(kʰei11)」		
799	都	端	遇	模	開	一	平	端	ʔ	ou	33	4	ʔou33		ou	1	3	ou1	本讀，「都是」丨「首都」		
800	都	端	遇	模	開	一	平	端	t	ou	55	4	tou55	d	ou	2	4	dou2	又讀，副詞，皆：「你都傻嘅」		
801	都	端	遇	模	開	一	平	端	ʔ	ou	32	4	ʔou32		ou	6	3	ou6	又讀，地名：「都斛」		
802	毒	定	通	冬	合	一	入	端	ʔ	ək	32	4	ʔək32		eak	9	4	eak9	文讀，「中毒」		
803	毒	定	通	冬	合	一	入	端	ʔ	au	32	4	ʔau32		aau	6	4	aau6	白讀，動詞，下毒、毒殺：「毒蟲」丨「毒死你」丨「毒牙（根管治療）」		
804	瀆	定	通	東	開	一	入	端	ʔ	ək	32	4	ʔək32		eak	9	4	eak9			
805	犢	定	通	東	開	一	入	端	ʔ	ək	32	4	ʔək32		eak	9	4	eak9			
806	獨	定	通	東	開	一	入	端	ʔ	ək	32	4	ʔək32		eak	9	4	eak9	每一個：「獨個(kuɔi335)」丨「獨處(tsʰui115)」		
807	讀	定	通	東	開	一	入	端	ʔ	ək	32	4	ʔək32		eak	9	4	eak9	閱讀：四字詞 「讀書聰明（拜神時的祈禱語，祝願家裡學生讀書順利，聰明伶俐的意思）」		
808	讀	定	通	東	開	一	入	端	ʔ	ai	32	4	ʔai32		aai	6	4	aai6	「句讀」		
809	堵	端	遇	模	開	一	上	端	ʔ	ou	55	4	ʔou55		ou	2	3	ou2			
810	睹	端	遇	模	開	一	上	端	ʔ	ou	55	4	ʔou55		ou	2	3	ou2			
811	篤	端	通	冬	合	一	入	端	ʔ	ək	55	4	ʔək55		eak	7	4	eak7	本讀，{1}動詞，戳：「篤你」；{2}名詞，條狀支撐物、拐杖：「郡水篤」丨「kui32水篤（懷疑從「扶(fu22)手篤」演化）」		
812	篤	端	通	冬	合	一	入	端	ʔ	ək	33	4	ʔək33		eak	8	4	eak8	又讀，量詞，一泡：「一篤屎」		
813	賭	端	遇	模	開	一	上	端	ʔ	ou	55	4	ʔou55		ou	2	3	ou2	形容好賭之徒：四字詞 「爛賭王澤」		
814	妒	端	遇	模	開	一	去	端	ʔ	ou	32	4	ʔou32		ou	6	3	ou6			
815	度	定	宕	唐	開	一	入	端	ʔ	ɔk	32	4	ʔɔk32		ok	9	3	ok9	{1}「量度」丨；{2}挑選：「度蘋果」		
816	度	定	遇	模	開	一	去	端	ʔ	ou	32	4	ʔou32		ou	6	3	ou6	{1}「度過」；{2}量詞，扇、節：「一度門」丨「一度蛋糕」		
817	杜	定	遇	模	開	一	上	端	ʔ	ou	32	4	ʔou32		ou	6	3	ou6			
818	渡	定	遇	模	開	一	去	端	ʔ	ou	32	4	ʔou32		ou	6	3	ou6			
819	肚	定	遇	模	開	一	上	端	ʔ	ou	55	4	ʔou55		ou	2	3	ou2	泛指圍在胸前或肚子前的布料衣物：「肚婆(pʰou115)」		
820	鍍	定	遇	模	開	一	平	端	ʔ	ou	32	4	ʔou32		ou	6	3	ou6			
821	端	端	山	寒	合	一	平	端	ʔ	uɔn	33	5	ʔuɔn33		uon	1	4	uon1			
822	短	端	山	寒	合	一	上	端	ʔ	uɔn	55	5	ʔuɔn55		uon	2	4	uon2			
823	斷	端	山	寒	合	一	上	端	ʔ	uɔn	32	5	ʔuɔn32		uon	6	4	uon6	文讀，「斷交」		
824	斷	端	山	寒	合	一	上	端	h	uɔn	33	5	huɔn33	h	uon	1	5	huon1	白讀，「斷啊(ʔa33)」丨四字詞 ：「擘斷(huɔn33)尾(mei55)連(lɐn11) （指說話或做事滔滔不絕，停不了）」		
825	段	定	山	寒	合	一	去	端	ʔ	uɔn	32	5	ʔuɔn32		uon	6	4	uon6	本讀，「一段」		
826	段	定	山	寒	合	一	去	端	ʔ	uɔn	115	5	ʔuɔn115		uon	5*	4	uon5*	變調，{1}中午到黃昏前的時間：「大小段(uɔn115)」；{2}吃下午茶：「吃大小段(uɔn115)」；{3}睡午覺：「瞓(fun11)大小段(uɔn115)」		
827	緞	定	山	寒	合	一	上	端	ʔ	uɔn	32	5	ʔuɔn32		uon	6	4	uon6			
828	鍛	端	山	寒	合	一	去	端	ʔ	uɔn	32	5	ʔuɔn32		uon	6	4	uon6			
829	堆	端	蟹	灰	合	一	平	端	ʔ	ui	33	4	ʔui33		ui	1	3	ui1	本讀，「一堆」丨「堆積」		
830	堆	端	蟹	灰	合	一	平	端	ʔ	ui	11	4	ʔui11		ui	5	3	ui5	變調，{1}名詞，一堆物體：「一個堆」；{2}地名：「沙堆鎮」		
831	堆	端	蟹	灰	合	一	平	端	ʔ	ui	32	4	ʔui32		ui	6	3	ui6	又讀，{1}「一堆」丨「堆積」；{2}夥伴、朋友圈：「伴(pʰuɔn11)堆」；{3}有人陪伴、成群結隊：四字詞 「有(jiu33)伴(pʰuɔn11)有(jiu33)堆(ʔui32)」		
832	兌	定	蟹	泰	合	一	去	端	ʔ	ui	32	4	ʔui32		ui	6	3	ui6			
833	對	端	蟹	灰	合	一	去	端	ʔ	ui	33	4	ʔui33		ui	1	3	ui1	本讀，「對手」		
834	對	端	蟹	灰	合	一	去	端	ʔ	ui	11	4	ʔui11		ui	5	3	ui5	變調，名詞，對聯：「一副對(ʔui115)」丨「對(ʔui33)對(ʔui115)」		
835	隊	定	蟹	灰	合	一	去	端	t	ui	32	4	tui32	d	ui	6	4	dui6			
836	噸	#N/A	#N/A	#N/A	#N/A	#N/A	#N/A	#N/A	t	un	55	4	tun55	d	un	2	4	dun2			
837	墩	端	臻	魂	合	一	平	端	ʔ	un	55	4	ʔun55		un	2	3	un2	本讀，「石墩」		
838	墩	端	臻	魂	合	一	平	端	ʔ	un	11	4	ʔun11		un	5	3	un5	變調，地名：「西墩」丨「南墩」		
839	敦	端	蟹	灰	合	一	平	端	ʔ	un	33	4	ʔun33		un	1	3	un1			
840	蹲	從	臻	魂	合	一	平	精	t	un	33	4	tun33	d	un	1	4	dun1			
841	盹	章	臻	真A	合	三	去	章	tʰ	in	55	5	tʰin55	t	in	2	4	tin2	訓讀，打瞌睡：「盹眼睏tʰin55 ŋɔn55 fun115」		
842	盹	章	臻	真A	合	三	去	章	ʔ	un	11	4	ʔun11		un	5	3	un5	本讀，「打盹」		
843	盹	章	臻	真A	合	三	去	章	tʰ	uɔn	55	6	tʰuɔn55	t	uon	2	5	tuon2	訓讀，打瞌睡：「盹五分鐘」		
844	沌	定	臻	魂	合	一	平	端	ʔ	un	32	4	ʔun32		un	6	3	un6			
845	迍	知	臻	真B	合	三	平	知	ts	un	32	5	tsun32	z	un	6	4	zun6	行動不便：「遴迍」		
846	燉	透	臻	魂	合	一	平	端	ʔ	un	32	4	ʔun32		un	6	3	un6			
847	盾	船	臻	真A	合	三	上	章	h	un	11	4	hun11	h	un	5	4	hun5			
848	遁	定	臻	魂	合	一	上	端	ʔ	un	32	4	ʔun32		un	6	3	un6			
849	鈍	定	臻	魂	合	一	去	端	ʔ	un	32	4	ʔun32		un	6	3	un6			
850	頓	端	臻	魂	合	一	去	端	ʔ	un	32	4	ʔun32		un	6	3	un6			
851	咄	端	臻	魂	合	一	入	端	ts	uɔt	55	6	tsuɔt55	z	uot	7	5	zuot7			
852	多	端	果	歌	開	一	平	端	ʔ	uɔ	33	4	ʔuɔ33		uo	1	3	uo1	文讀，形容小孩發嗲，不聽話：四字詞 「多(ʔuɔ33)橋多(ʔuɔ33)扭」		
853	多	端	果	歌	開	一	平	端	ʔ	ou	115	4	ʔou115		ou	5*	3	ou5*	白讀，少：「尐 矇(məŋ55)多(ou115)」		
854	奪	定	山	寒	合	一	入	端	ʔ	uɔt	32	5	ʔuɔt32		uot	9	4	uot9			
855	踱	定	宕	唐	開	一	入	端	ʔ	ɔk	32	4	ʔɔk32		ok	9	3	ok9			
856	朵	端	果	歌	合	一	上	端	ʔ	uɔ	55	4	ʔuɔ55		uo	2	3	uo2	文讀，「花朵」		
857	朵	端	果	歌	合	一	上	端	ʔ	ou	55	4	ʔou55		ou	2	3	ou2	白讀，「一朵」		
858	躲	#N/A	#N/A	#N/A	#N/A	#N/A	#N/A	#N/A	ʔ	uɔ	55	4	ʔuɔ55		uo	2	3	uo2			
859	墮	定	果	歌	合	一	上	端	ʔ	uɔ	32	4	ʔuɔ32		uo	6	3	uo6			
860	惰	定	果	歌	合	一	上	端	ʔ	uɔ	32	4	ʔuɔ32		uo	6	3	uo6			
861	跺	#N/A	#N/A	#N/A	#N/A	#N/A	#N/A	#N/A	ʔ	uɔ	55	4	ʔuɔ55		uo	2	3	uo2			
862	欸	影	蟹	咍	開	一	上	影	ʔ	ei	32	4	ʔei32		ei	6	3	ei6			
863	俄	疑	果	歌	開	一	平	見	ŋ	uɔ	22	4	ŋuɔ22	ng	uo	4	5	nguo4			
864	哦	疑	果	歌	開	一	平	見	ʔ	ɔ	0	3	ʔɔ0		o	0	2	o0	語氣助詞，「係哦」		
865	哦	疑	果	歌	開	一	平	見	ŋ	uɔ	22	4	ŋuɔ22	ng	uo	4	5	nguo4	「吟哦」		
866	娥	疑	果	歌	開	一	平	見	ŋ	uɔ	22	4	ŋuɔ22	ng	uo	4	5	nguo4			
867	峨	疑	果	歌	開	一	平	見	ŋ	uɔ	22	4	ŋuɔ22	ng	uo	4	5	nguo4			
868	蛾	疑	果	歌	開	一	平	見	ŋ	uɔ	22	4	ŋuɔ22	ng	uo	4	5	nguo4			
869	訛	疑	果	歌	合	一	平	見	ŋ	uɔ	22	4	ŋuɔ22	ng	uo	4	5	nguo4			
870	額	疑	梗	庚	開	二	入	見	ŋ	ak	32	4	ŋak32	ng	aak	9	6	ngaak9			
871	鵝	疑	果	歌	開	一	平	見	ŋ	uɔ	22	4	ŋuɔ22	ng	uo	4	5	nguo4			
872	厄	影	梗	耕	開	二	入	影	ʔ	ak	55	4	ʔak55		aak	7	4	aak7			
873	呃	#N/A	#N/A	#N/A	#N/A	#N/A	#N/A	#N/A	ŋ	ak	55	4	ŋak55	ng	aak	7	6	ngaak7			
874	噩	疑	宕	唐	開	一	入	見	ŋ	ɔk	55	4	ŋɔk55	ng	ok	7	5	ngok7			
875	惡	影	宕	唐	開	一	入	影	ʔ	ɔk	55	4	ʔɔk55		ok	7	3	ok7	本讀，「惡霸」		
876	惡	影	遇	模	開	一	平	影	ʔ	ɔk	33	4	ʔɔk33		ok	8	3	ok8	又讀，難：「惡刮（難說道理）丨「惡抵（難忍）」丨四字詞 「惡(ʔɔk33) tiɛp11 年生(saŋ33)（形容很難娶老婆的人）」		
877	惡	影	遇	模	開	一	去	影	ʋ	u	33	3	ʋu33	v	u	1	3	vu1	本讀，「可惡」		
878	惡	影	遇	模	開	一	平	影	ʔ	ɔk	11	4	ʔɔk11		ok	10	3	ok10	訓讀，擬聲詞，嘔吐的聲音：「吃錯嘢，我到該惡極惡唔出」		
879	扼	#N/A	#N/A	#N/A	#N/A	#N/A	#N/A	#N/A	ʔ	ak	55	4	ʔak55		aak	7	4	aak7			
880	遏	影	山	寒	開	一	入	影	ʔ	ɔt	55	4	ʔɔt55		ot	7	3	ot7			
881	顎	疑	宕	唐	開	一	入	見	ŋ	ɔk	32	4	ŋɔk32	ng	ok	9	5	ngok9			
882	鄂	疑	宕	唐	開	一	入	見	ŋ	ɔk	55	4	ŋɔk55	ng	ok	7	5	ngok7			
883	餓	疑	果	歌	開	一	去	見	ŋ	uɔ	32	4	ŋuɔ32	ng	uo	6	5	nguo6	文讀，「飢餓」		
884	餓	疑	果	歌	開	一	去	見	ŋ	ou	32	4	ŋou32	ng	ou	6	5	ngou6	白讀，{1}表渴望：「我餓你」；{2}餓鬼上身：「生(saŋ33)餓(ŋou325)」		
885	鱷	#N/A	#N/A	#N/A	#N/A	#N/A	#N/A	#N/A	ŋ	ɔk	55	4	ŋɔk55	ng	ok	7	5	ngok7			
886	恩	影	臻	痕	開	一	平	影	j	in	33	4	jin33	j	in	1	4	jin1			
887	兒	日	止	支A	開	三	平	日	ŋ	ei	22	4	ŋei22	ng	ei	4	5	ngei4	指事物處在危險的邊緣，也可用來形容驚險的行為：四字詞 「兒𡳞戲戲」		
888	而	日	止	之	開	三	平	日	ŋ	ei	22	4	ŋei22	ng	ei	4	5	ngei4			
889	耳	日	止	之	開	三	上	日	ŋ	ei	55	4	ŋei55	ng	ei	2	5	ngei2	{1}留神：「冇耳阻（當耳邊風）」；{2} 助詞，表完成的狀態：「郁(ŋək33)耳（動過，多形容食物）」丨「乃餸冇郁(ŋək33)過耳（那些飯菜沒有被動過）」；{3}指人聽力差：四字詞 「耳聾耳臭(tsʰiu33)」；{4}肥胖：四字詞 「肥頭(hai22)腯(tut55)耳」；{5}耳朵：四字詞 「面紅(həŋ22)耳熱（熱得臉發紅）」丨四字詞 「暖(nuɔn33)出耳氣(hei33)（形容在嚴寒之下得到很多溫暖）」；{6}：菜心：「菜(tʰuɔi33)耳」；{7}形容聲音嘈雜：四字詞 「吵耳嘮造」		
890	二	日	止	脂A	開	三	去	日	ŋ	ei	32	4	ŋei32	ng	ei	6	5	ngei6	本讀，{1}「二斤」；{2}形容物件擺放得有秩序，也指做事循規蹈矩：四字詞 「隨(tʰui22)一到二(ŋei325)」		
891	二	日	止	脂A	開	三	去	日	ŋ	ei	11	4	ŋei11	ng	ei	5	5	ngei5	變調，{1}撲克牌的二：「二仔(tuɔi55)」丨「葵二(ŋei115)」；{2}稱呼輩分，一般置於句末才讀此音：「阿二(ŋei115)」；{3}副詞，形容頹廢的姿態：「死二二」丨「懶二二」丨四字詞 「懶二(ŋei11)懶二(ŋei115)」		
892	貳	日	止	脂A	開	三	去	日	ŋ	ei	32	4	ŋei32	ng	ei	6	5	ngei6			
893	發	幫	山	元	合	三	入	幫	f	ɔt	55	4	fɔt55	f	ot	7	4	fot7	本讀，「發財（麻將）」丨「發達（書面語）」丨「發現」丨「發展」		
894	發	幫	山	元	合	三	入	幫	f	ɔt	33	4	fɔt33	f	ot	8	4	fot8	又讀，{1}富有：「發財」丨「發達（口語發財）」；{2}食物浸水膨脹：「發糍」丨「發海參」丨「發燶(nəŋ11)粥」；{3}病痛發生：「發雞盲」丨「發燒」丨「發飯奶（沒攝入足夠糖分導致頭暈心悸手抖出冷汗的症狀）」；{4}發脾氣：「發(fɔt33)氣(hei335)」		
895	發	幫	山	元	合	三	入	幫	f	ɔt	11	4	fɔt11	f	ot	10	4	fot10	變調，積極主動：「喜發」		
896	乏	並	咸	凡	合	三	入	幫	f	ɔt	32	4	fɔt32	f	ot	9	4	fot9			
897	伐	並	山	元	合	三	入	幫	f	ɔt	32	4	fɔt32	f	ot	9	4	fot9			
898	筏	並	山	元	合	三	入	幫	f	ɔt	32	4	fɔt32	f	ot	9	4	fot9			
899	罰	並	山	元	合	三	入	幫	f	ɔt	32	4	fɔt32	f	ot	9	4	fot9			
900	法	幫	咸	凡	合	三	入	幫	f	ɔt	55	4	fɔt55	f	ot	7	4	fot7	本讀，{1}「法律」；{2}不偏不倚地合適、朝著好的形勢發展：「得(ʔak55)法」		
901	法	幫	咸	凡	合	三	入	幫	f	uɔ	55	4	fuɔ55	f	uo	2	4	fuo2	變調，「法子」的連讀變音，辦法：「法子」		
902	砝	見	咸	談	開	一	入	見	f	ɔt	55	4	fɔt55	f	ot	7	4	fot7			
903	髮	幫	山	元	合	三	入	幫	f	ɔt	55	4	fɔt55	f	ot	7	4	fot7			
904	帆	並	咸	凡	合	三	平	幫	f	ɔn	22	4	fɔn22	f	on	4	4	fon4			
905	番	並	山	元	合	三	平	幫	f	ɔn	33	4	fɔn33	f	on	1	4	fon1	「番薯」丨「番(fɔn33)薯(si22)頭(hai22)（麻將的字牌）」		
906	番	滂	山	寒	合	一	平	幫	pʰ	uɔn	33	6	pʰuɔn33	p	uon	1	5	puon1	「番禺」		
907	翻	滂	山	元	合	三	平	幫	f	ɔn	33	4	fɔn33	f	on	1	4	fon1	腸胃不適想吐：「翻悶」		
908	藩	並	山	元	合	三	平	幫	f	ɔn	22	4	fɔn22	f	on	4	4	fon4	本讀，「藩王」丨「藩鎮」		
909	藩	並	山	元	合	三	平	幫	f	ɔn	33	4	fɔn33	f	on	1	4	fon1	變調，「三(ɬam33)藩市」		
910	凡	並	咸	凡	合	三	平	幫	f	ɔn	22	4	fɔn22	f	on	4	4	fon4			
911	樊	並	山	元	合	三	平	幫	f	ɔn	22	4	fɔn22	f	on	4	4	fon4			
912	煩	並	山	元	合	三	平	幫	f	ɔn	22	4	fɔn22	f	on	4	4	fon4	本讀，使人煩悶：「煩氣(hei33)」		
913	煩	並	山	元	合	三	平	幫	f	ɔn	11	4	fɔn11	f	on	5	4	fon5	變調，很煩：「煩左啊(ʔa33)」		
914	繁	並	山	元	合	三	平	幫	f	ɔn	22	4	fɔn22	f	on	4	4	fon4			
915	蕃	並	山	元	合	三	平	幫	f	ɔn	22	4	fɔn22	f	on	4	4	fon4			
916	反	滂	山	元	合	三	平	幫	f	ɔn	55	4	fɔn55	f	on	2	4	fon2	{1}摔倒：「跌反」；{2}玩耍：「去反」；{3}開玩笑：「講反」		
917	返	幫	山	元	合	三	上	幫	f	ɔn	55	4	fɔn55	f	on	2	4	fon2			
918	梵	並	咸	凡	合	三	去	幫	f	ɔn	22	4	fɔn22	f	on	4	4	fon4			
919	氾	滂	咸	凡	合	三	去	幫	f	ɔn	32	4	fɔn32	f	on	6	4	fon6			
920	泛	滂	咸	凡	合	三	去	幫	f	ɔn	32	4	fɔn32	f	on	6	4	fon6			
921	犯	並	咸	凡	合	三	上	幫	f	ɔn	32	4	fɔn32	f	on	6	4	fon6			
922	範	並	咸	凡	合	三	上	幫	f	ɔn	32	4	fɔn32	f	on	6	4	fon6			
923	范	並	咸	凡	合	三	上	幫	f	ɔn	32	4	fɔn32	f	on	6	4	fon6			
924	販	幫	山	元	合	三	去	幫	f	ɔn	11	4	fɔn11	f	on	5	4	fon5	小販：「販仔(tuɔi55)」		
925	飯	並	山	元	合	三	上	幫	f	ɔn	32	4	fɔn32	f	on	6	4	fon6	{1}沒攝入足夠糖分導致頭暈心悸手抖出冷汗的症狀：「發(fɔt33)飯奶」；{2}煮出的飯不好吃：四字詞 「生(saŋ33)米爛飯」		
926	坊	幫	宕	陽	合	三	平	幫	f	ɔŋ	55	4	fɔŋ55	f	ong	2	5	fong2			
927	方	並	宕	陽	合	三	平	幫	f	ɔŋ	33	4	fɔŋ33	f	ong	1	5	fong1	本讀，「正方」丨「東方」丨「方法」		
928	方	並	宕	陽	合	三	平	幫	f	ɔŋ	55	4	fɔŋ55	f	ong	2	5	fong2	變調，專用於表示面積：「一個方」		
929	芳	滂	宕	陽	合	三	平	幫	f	ɔŋ	33	4	fɔŋ33	f	ong	1	5	fong1			
930	妨	滂	宕	陽	合	三	平	幫	f	ɔŋ	22	4	fɔŋ22	f	ong	4	5	fong4			
931	房	並	宕	陽	合	三	平	幫	f	ɔŋ	22	4	fɔŋ22	f	ong	4	5	fong4	本讀，「房子」		
932	房	並	宕	陽	合	三	平	幫	f	ɔŋ	11	4	fɔŋ11	f	ong	5	5	fong5	變調，「房門口」丨「一間房(fɔŋ11)」		
933	肪	並	宕	陽	合	三	平	幫	f	ɔŋ	55	4	fɔŋ55	f	ong	2	5	fong2			
934	防	並	宕	陽	合	三	平	幫	f	ɔŋ	22	4	fɔŋ22	f	ong	4	5	fong4			
935	仿	滂	宕	陽	合	三	上	幫	f	ɔŋ	55	4	fɔŋ55	f	ong	2	5	fong2			
936	紡	滂	宕	陽	合	三	上	幫	f	ɔŋ	55	4	fɔŋ55	f	ong	2	5	fong2			
937	訪	滂	宕	陽	合	三	去	幫	f	ɔŋ	55	4	fɔŋ55	f	ong	2	5	fong2			
938	放	幫	宕	陽	合	三	上	幫	f	ɔŋ	33	4	fɔŋ33	f	ong	1	5	fong1	橫豎亂擺，形容事物擺放不規律，阻礙空間：四字詞 「放橫打(ʔa55)逕」，又作「打橫打逕」		
939	啡	滂	蟹	灰	合	一	上	幫	f	iɛ	55	4	fiɛ55	f	ie	2	4	fie2	本讀，「咖啡」		
940	啡	滂	蟹	灰	合	一	上	幫	f	iɛ	11	4	fiɛ11	f	ie	5	4	fie5	變調，形容詞，邋遢：「咧啡( fiɛ11)」		
941	妃	滂	止	微	合	三	平	幫	f	ei	33	4	fei33	f	ei	1	4	fei1			
942	扉	幫	止	微	合	三	平	幫	f	ei	33	4	fei33	f	ei	1	4	fei1			
943	菲	滂	止	微	合	三	平	幫	f	ei	33	4	fei33	f	ei	1	4	fei1	「芳菲」		
944	菲	滂	止	微	合	三	平	幫	f	ei	55	4	fei55	f	ei	2	4	fei2	「菲薄」		
945	非	幫	止	微	合	三	平	幫	f	ei	33	4	fei33	f	ei	1	4	fei1			
946	飛	幫	止	微	合	三	平	幫	f	ei	33	4	fei33	f	ei	1	4	fei1	本讀，{1}指打麻將胡牌的種類：「三(ɬam33)飛(fei335)」丨「雙飛(fei335)」；{2}形容面色很好：四字詞「 紅(həŋ22)粉花(fa33)飛(fei33)」		
947	飛	幫	止	微	合	三	平	幫	f	ei	11	4	fei11	f	ei	5	4	fei5	變調，門票：「買飛(fei115)」		
948	肥	並	止	微	合	三	平	幫	f	ei	22	4	fei22	f	ei	4	4	fei4	{1}體型肥胖、食物肥膩：「肥təm32təm32」丨「肥ləm32ləm32」丨四字詞：「肥頭(hai22)腯(tut55)耳」		
949	匪	幫	止	微	合	三	上	幫	f	ei	55	4	fei55	f	ei	2	4	fei2			
950	悱	滂	止	微	合	三	上	幫	f	ei	55	4	fei55	f	ei	2	4	fei2			
951	斐	滂	止	微	合	三	上	幫	f	ei	55	4	fei55	f	ei	2	4	fei2			
952	翡	並	止	微	合	三	去	幫	f	ei	55	4	fei55	f	ei	2	4	fei2			
953	吠	並	蟹	廢	合	三	去	幫	f	ei	32	4	fei32	f	ei	6	4	fei6	文讀，「吠叫」		
954	吠	並	蟹	廢	合	三	去	幫	p	uɔi	32	5	puɔi32	b	uoi	6	5	buoi6	白讀，「狗吠」		
955	廢	幫	蟹	廢	合	三	去	幫	f	ei	55	4	fei55	f	ei	2	4	fei2			
956	沸	幫	止	微	合	三	去	幫	f	ei	33	4	fei33	f	ei	1	4	fei1			
957	肺	滂	蟹	廢	合	三	去	幫	f	ei	33	4	fei33	f	ei	1	4	fei1			
958	費	幫	止	脂B	開	三	去	幫	f	ei	33	4	fei33	f	ei	1	4	fei1			
959	分	幫	臻	文	合	三	平	幫	f	un	33	4	fun33	f	un	1	4	fun1	「分開」		
960	分	並	臻	文	合	三	去	幫	f	un	32	4	fun32	f	un	6	4	fun6	「本分」		
961	氛	並	臻	文	合	三	平	幫	f	un	33	4	fun33	f	un	1	4	fun1			
962	紛	滂	臻	文	合	三	平	幫	f	un	33	4	fun33	f	un	1	4	fun1			
963	芬	滂	臻	文	合	三	平	幫	f	un	33	4	fun33	f	un	1	4	fun1			
964	墳	並	臻	文	合	三	平	幫	f	un	22	4	fun22	f	un	4	4	fun4			
965	焚	並	臻	文	合	三	平	幫	f	un	22	4	fun22	f	un	4	4	fun4			
966	汾	並	臻	文	合	三	平	幫	f	un	22	4	fun22	f	un	4	4	fun4			
967	粉	幫	臻	文	合	三	上	幫	f	un	55	4	fun55	f	un	2	4	fun2	{1}形容面色很好：四字詞「 紅(həŋ22)粉花(fa33)飛(fei33)」；{2}形容人的皮膚很黃：四字詞 「黃(ʋɔŋ22)糖搋(tsʰɔi33)粉」；{3}臭臭米：「涼米粉」		
968	份	幫	臻	真B	開	三	平	幫	f	un	32	4	fun32	f	un	6	4	fun6			
969	奮	幫	臻	文	合	三	去	幫	f	un	11	4	fun11	f	un	5	4	fun5			
970	忿	滂	臻	文	合	三	上	幫	f	un	11	4	fun11	f	un	5	4	fun5	文讀，「忿忿不平」		
971	忿	滂	臻	文	合	三	上	幫	f	un	32	4	fun32	f	un	6	4	fun6	白讀，憤怒，不服：「忿氣(hei33)」		
972	憤	並	臻	文	合	三	上	幫	f	un	11	4	fun11	f	un	5	4	fun5			
973	糞	幫	臻	文	合	三	去	幫	f	un	11	4	fun11	f	un	5	4	fun5			
974	丰	滂	通	鍾	合	三	平	幫	f	əŋ	33	4	fəŋ33	f	eang	1	6	feang1			
975	封	幫	通	鍾	合	三	平	幫	f	əŋ	33	4	fəŋ33	f	eang	1	6	feang1			
976	峯/峰	滂	通	鍾	合	三	平	幫	f	əŋ	33	4	fəŋ33	f	eang	1	6	feang1			
977	楓	幫	通	東	合	三	平	幫	f	əŋ	33	4	fəŋ33	f	eang	1	6	feang1			
978	烽	滂	通	鍾	合	三	平	幫	f	əŋ	33	4	fəŋ33	f	eang	1	6	feang1			
979	蜂	並	通	東	開	一	平	幫	f	əŋ	33	4	fəŋ33	f	eang	1	6	feang1	本讀，「蜜蜂」		
980	蜂	並	通	東	開	一	平	幫	f	əŋ	11	4	fəŋ11	f	eang	5	6	feang5	變調，「黑鬼蜂」		
981	諷	幫	通	東	合	三	去	幫	f	əŋ	55	4	fəŋ55	f	eang	2	6	feang2			
982	豊	來	蟹	齊	開	四	上	來	l	ɔi	11	4	lɔi11	l	oi	5	4	loi5			
983	豐	滂	通	東	合	三	平	幫	f	əŋ	33	4	fəŋ33	f	eang	1	6	feang1			
984	鋒	滂	通	鍾	合	三	平	幫	f	əŋ	33	4	fəŋ33	f	eang	1	6	feang1			
985	風	幫	通	東	合	三	平	幫	f	əŋ	33	4	fəŋ33	f	eang	1	6	feang1	本讀，{1}事情：「多𡳞風（多事）」；{2}風邪：「發(fɔt33)風（風入侵人體犯病）」；{3}形容寒冷的雨天，多用於小雨時分：四字詞 「微風(fəŋ33)雪水」；{4}形容詞，小題大做，誇誇其談：「南風」		
986	風	幫	通	東	合	三	平	幫	f	əŋ	11	4	fəŋ11	f	eang	5	6	feang5	變調：{1}氣候：「起北風」；{2}風風火火地：「風風啊(ʔa11)」		
987	縫	並	通	鍾	合	三	去	幫	f	əŋ	22	4	fəŋ22	f	eang	4	6	feang4			
988	逢	並	通	鍾	合	三	平	幫	f	əŋ	22	4	fəŋ22	f	eang	4	6	feang4			
989	馮	並	通	東	合	三	平	幫	f	əŋ	22	4	fəŋ22	f	eang	4	6	feang4	「姓馮」		
990	馮	並	曾	蒸	開	三	平	幫	pʰ	aŋ	22	5	pʰaŋ22	p	aang	4	6	paang4	「暴虎馮河」		
991	俸	幫	通	東	開	一	上	幫	f	əŋ	32	4	fəŋ32	f	eang	6	6	feang6			
992	奉	並	通	鍾	合	三	上	幫	f	əŋ	32	4	fəŋ32	f	eang	6	6	feang6	燒紙錢拜祭先人：「奉寶」		
993	鳳	並	通	東	合	三	去	幫	f	əŋ	32	4	fəŋ32	f	eang	6	6	feang6			
994	佛	並	臻	文	合	三	入	幫	f	ut	32	4	fut32	f	ut	9	4	fut9	「佛教」		
995	佛	並	臻	文	合	三	入	幫	f	ut	55	4	fut55	f	ut	2	4	fut2	「仿佛」		
996	否	幫	流	尤	合	三	上	幫	f	ai	55	4	fai55	f	aai	2	5	faai2	「否定」		
997	否	並	止	脂B	開	三	上	幫	pʰ	ei	55	5	pʰei55	p	ei	2	4	pei2	「否極泰來」		
998	夫	幫	遇	虞	合	三	平	幫	f	u	33	3	fu33	f	u	1	3	fu1	「農夫」		
999	夫	並	遇	虞	合	三	平	幫	f	u	22	3	fu22	f	u	4	3	fu4	「夫兵，猶火也」		
1000	孵	滂	遇	虞	合	三	平	幫	f	u	22	3	fu22	f	u	4	3	fu4	文讀，「孵化」		
1001	孵	滂	遇	虞	合	三	平	幫	p	ou	32	4	pou32	b	ou	6	4	bou6	白讀，「孵個蛋」		
1002	敷	滂	遇	虞	合	三	平	幫	f	u	33	3	fu33	f	u	1	3	fu1			
1003	戽	曉	遇	模	開	一	去	影	f	u	33	3	fu33	f	u	1	3	fu1	把水潑出、舀出：「戽水」		
1004	膚	幫	遇	虞	合	三	平	幫	f	u	33	3	fu33	f	u	1	3	fu1			
1005	伏	並	流	尤	合	三	去	幫	f	ək	32	4	fək32	f	eak	9	5	feak9	文讀，「埋伏」		
1006	伏	並	流	尤	合	三	去	幫	p	ək	32	4	pək32	b	eak	9	5	beak9	白讀，「伏啊(ʔa55)該(kʰuɔi11)」		
1007	俘	滂	遇	虞	合	三	平	幫	f	u	22	3	fu22	f	u	4	3	fu4			
1008	孚	滂	遇	虞	合	三	平	幫	f	u	22	3	fu22	f	u	4	3	fu4			
1009	匐	並	通	東	合	三	入	幫	f	ək	32	4	fək32	f	eak	9	5	feak9			
1010	幅	幫	通	東	合	三	入	幫	f	ək	55	4	fək55	f	eak	7	5	feak7	文讀，「幅員遼闊」丨「一幅畫」		
1011	幅	幫	通	東	合	三	入	幫	f	ək	33	4	fək33	f	eak	8	5	feak8	白讀，量詞，地方、片、塊：「該幅好細」丨「一幅田都冇人耕」		
1012	弗	幫	臻	文	合	三	入	幫	f	ut	55	4	fut55	f	ut	7	4	fut7			
1013	彿	滂	臻	文	合	三	入	幫	f	ut	55	4	fut55	f	ut	7	4	fut7			
1014	扶	並	遇	虞	合	三	平	幫	f	u	22	3	fu22	f	u	4	3	fu4	本讀，「扶梯」		
1015	扶	並	遇	虞	合	三	平	幫	f	u	11	3	fu11	f	u	5	3	fu5	變調，地名，「那(nuɔ22)扶」		
1016	服	並	通	東	合	三	入	幫	f	ək	32	4	fək32	f	eak	9	5	feak9			
1017	浮	並	流	尤	合	三	平	幫	f	ai	22	4	fai22	f	aai	4	5	faai4	文讀，{1}「浮力」；{2}虛歲：「浮歲」		
1018	浮	並	流	尤	合	三	平	幫	pʰ	ou	22	5	pʰou22	p	ou	4	4	pou4	白讀，{1}浮起：「水浮蓮」；{2}使食物浮起的烹飪方法：「浮丸(juɔn11)」		
1019	福	幫	通	東	合	三	入	幫	f	ək	55	4	fək55	f	eak	7	5	feak7			
1020	符	並	遇	虞	合	三	平	幫	f	u	22	3	fu22	f	u	4	3	fu4			
1021	縛	並	果	歌	開	一	去	幫	p	ɔk	33	4	pɔk33	b	ok	8	4	bok8			
1022	芙	並	遇	虞	合	三	平	幫	f	u	22	3	fu22	f	u	4	3	fu4			
1023	苻	並	遇	虞	合	三	平	幫	f	u	22	3	fu22	f	u	4	3	fu4			
1024	蝠	幫	通	東	合	三	入	幫	f	ək	55	4	fək55	f	eak	7	5	feak7			
1025	袱	#N/A	#N/A	#N/A	#N/A	#N/A	#N/A	#N/A	f	ək	32	4	fək32	f	eak	9	5	feak9	本讀，「包袱」		
1026	袱	#N/A	#N/A	#N/A	#N/A	#N/A	#N/A	#N/A	f	ək	11	4	fək11	f	eak	10	5	feak10	變調，「地袱」		
1027	輻	幫	流	尤	合	三	去	幫	f	ək	55	4	fək55	f	eak	7	5	feak7			
1028	俯	幫	遇	虞	合	三	上	幫	f	u	55	3	fu55	f	u	2	3	fu2			
1029	府	幫	遇	虞	合	三	上	幫	f	u	55	3	fu55	f	u	2	3	fu2			
1030	撫	滂	遇	虞	合	三	上	幫	f	u	55	3	fu55	f	u	2	3	fu2			
1031	斧	幫	遇	虞	合	三	上	幫	f	u	55	3	fu55	f	u	2	3	fu2	文讀，「斧正」		
1032	斧	幫	遇	虞	合	三	上	幫	p	ou	55	4	pou55	b	ou	2	4	bou2	白讀，「斧頭(hai22)」		
1033	腐	並	遇	虞	合	三	上	幫	f	u	32	3	fu32	f	u	6	3	fu6			
1034	輔	並	遇	虞	合	三	上	幫	f	u	32	3	fu32	f	u	6	3	fu6			
1035	付	幫	遇	虞	合	三	去	幫	f	u	32	3	fu32	f	u	6	3	fu6			
1036	傅	幫	遇	虞	合	三	去	幫	f	u	32	3	fu32	f	u	6	3	fu6			
1037	副	滂	流	尤	合	三	去	幫	f	u	33	3	fu33	f	u	1	3	fu1			
1038	咐	#N/A	#N/A	#N/A	#N/A	#N/A	#N/A	#N/A	f	u	33	3	fu33	f	u	1	3	fu1			
1039	婦	並	流	尤	合	三	上	幫	f	u	11	3	fu11	f	u	5	3	fu5	兒子的老婆：「心(ɬim33)婦」		
1040	富	幫	流	尤	合	三	去	幫	f	u	33	3	fu33	f	u	1	3	fu1	烏勤藤：「富勤藤」		
1041	復	並	流	尤	合	三	去	幫	f	ək	55	4	fək55	f	eak	7	5	feak7	「反復」		
1042	復	並	流	尤	合	三	去	幫	f	ək	32	4	fək32	f	eak	9	5	feak9	「恢復」		
1043	父	幫	遇	虞	合	三	上	幫	f	u	32	3	fu32	f	u	6	3	fu6			
1044	腹	幫	通	東	合	三	入	幫	f	ək	55	4	fək55	f	eak	7	5	feak7			
1045	複	並	流	尤	合	三	去	幫	f	ək	55	4	fək55	f	eak	7	5	feak7			
1046	覆	滂	流	尤	合	三	去	幫	f	ək	55	4	fək55	f	eak	7	5	feak7	文讀，「翻天覆地」		
1047	覆	並	曾	登	開	一	入	幫	pʰ	ək	33	5	pʰək33	p	eak	8	5	peak8	白讀，動詞，將器皿口朝下倒置：「覆好呢碗碟」		
1048	負	並	流	尤	合	三	上	幫	f	u	32	3	fu32	f	u	6	3	fu6			
1049	賦	幫	遇	虞	合	三	去	幫	f	u	33	3	fu33	f	u	1	3	fu1			
1050	赴	滂	遇	虞	合	三	去	幫	f	u	32	3	fu32	f	u	6	3	fu6			
1051	訃	滂	遇	虞	合	三	去	幫	f	u	32	3	fu32	f	u	6	3	fu6			
1052	附	並	遇	虞	合	三	去	幫	f	u	32	3	fu32	f	u	6	3	fu6			
1053	馥	並	通	東	合	三	入	幫	f	ək	55	4	fək55	f	eak	7	5	feak7			
1054	駙	並	遇	虞	合	三	去	幫	f	u	32	3	fu32	f	u	6	3	fu6			
1055	嘎	見	山	山	開	二	入	見	k	a	55	3	ka55	g	aa	2	4	gaa2			
1056	尬	見	蟹	皆	開	二	去	見	k	ɔi	33	4	kɔi33	g	oi	1	4	goi1			
1057	該	見	蟹	咍	開	一	平	見	k	uɔi	33	5	kuɔi33	g	uoi	1	5	guoi1	文讀，{1}糟糕、完啦：「該(kuɔi33) tuɔn55」丨「該死」；{2}指人老實不客氣，沒等你反應過來就做了不那麼規矩的事情：四字詞 「一個唔該(kuɔi33)」；{3}不好意思、麻煩了、感謝：「唔該」丨「唔該嗮」		
1058	該	見	蟹	咍	開	一	平	見	kʰ	uɔi	11	6	kʰuɔi11	k	uoi	5	5	kuoi5	白讀，指示代詞，這，這麼：「該個」丨「該時(si225)」丨「該(kʰɔi11)tsɔn325（現在）」		
1059	改	見	蟹	咍	開	一	上	見	k	uɔi	55	5	kuɔi55	g	uoi	2	5	guoi2			
1060	概	見	蟹	咍	開	一	去	見	kʰ	uɔi	33	6	kʰuɔi33	k	uoi	1	5	kuoi1			
1061	溉	見	止	微	開	三	去	見	kʰ	uɔi	33	6	kʰuɔi33	k	uoi	1	5	kuoi1			
1062	蓋	見	蟹	泰	開	一	去	見	kʰ	uɔi	33	6	kʰuɔi33	k	uoi	1	5	kuoi1	本讀，動詞，「覆蓋」		
1063	蓋	見	蟹	泰	開	一	去	見	k	uɔi	11	5	kuɔi11	g	uoi	5	5	guoi5	變調，名詞，「杯蓋」		
1064	尷	#N/A	#N/A	#N/A	#N/A	#N/A	#N/A	#N/A	k	am	33	4	kam33	g	aam	1	5	gaam1			
1065	干	見	山	寒	開	一	平	見	k	uɔn	33	5	kuɔn33	g	uon	1	5	guon1			
1066	杆	見	山	寒	開	一	去	見	k	uɔn	33	5	kuɔn33	g	uon	1	5	guon1			
1067	柑	見	咸	談	開	一	平	見	k	am	11	4	kam11	g	aam	5	5	gaam5			
1068	甘	見	咸	談	開	一	平	見	k	am	33	4	kam33	g	aam	1	5	gaam1	{1}逼迫：「甘激（軟硬兼施）」丨四字詞 「甘甘激激（軟硬兼施）」；{2}屈服：「甘願」；{3}難怪：「甘屎命(miɐŋ325)」		
1069	竿	見	山	寒	開	一	平	見	k	uɔn	33	5	kuɔn33	g	uon	1	5	guon1			
1070	肝	見	山	寒	開	一	平	見	k	uɔn	33	5	kuɔn33	g	uon	1	5	guon1			
1071	感	見	咸	覃	開	一	上	見	k	am	55	4	kam55	g	aam	2	5	gaam2	感冒：「感緊」		
1072	敢	見	咸	談	開	一	上	見	k	am	55	4	kam55	g	aam	2	5	gaam2			
1073	桿	#N/A	#N/A	#N/A	#N/A	#N/A	#N/A	#N/A	k	uɔn	33	5	kuɔn33	g	uon	1	5	guon1	本讀，「桿菌」		
1074	桿	#N/A	#N/A	#N/A	#N/A	#N/A	#N/A	#N/A	k	uɔn	11	5	kuɔn11	g	uon	5	5	guon5	變調，「擔桿」		
1075	橄	見	咸	談	開	一	上	見	k	am	33	4	kam33	g	aam	1	5	gaam1			
1076	稈	見	山	寒	開	一	上	見	k	uɔn	55	5	kuɔn55	g	uon	2	5	guon2	稻草堆：「稈堆(ʔui11)」		
1077	趕	#N/A	#N/A	#N/A	#N/A	#N/A	#N/A	#N/A	k	uɔn	55	5	kuɔn55	g	uon	2	5	guon2	趕時間、快點：「趕緊」丨四字詞 「趕時趕候（十分趕時間，臨近遲到的意思）」		
1078	幹	見	山	寒	開	一	去	見	k	uɔn	33	5	kuɔn33	g	uon	1	5	guon1			
1079	剛	見	宕	唐	開	一	平	見	k	ɔŋ	33	4	kɔŋ33	g	ong	1	5	gong1			
1080	岡	見	宕	唐	開	一	平	見	k	ɔŋ	33	4	kɔŋ33	g	ong	1	5	gong1	本讀，「岡州」丨「馬岡」		
1081	岡	見	宕	唐	開	一	平	見	k	ɔŋ	11	4	kɔŋ11	g	ong	5	5	gong5	變調，「蜆岡」丨「沙(sa33)岡」		
1082	綱	見	宕	唐	開	一	平	見	k	ɔŋ	33	4	kɔŋ33	g	ong	1	5	gong1			
1083	缸	匣	江	江	開	二	平	影	k	ɔŋ	33	4	kɔŋ33	g	ong	1	5	gong1			
1084	肛	見	江	江	開	二	平	見	k	ɔŋ	33	4	kɔŋ33	g	ong	1	5	gong1			
1085	鋼	見	宕	唐	開	一	平	見	k	ɔŋ	11	4	kɔŋ11	g	ong	5	5	gong5	飯菜涼了：「生(saŋ33)冷(laŋ33)鋼」		
1086	崗	見	宕	唐	開	一	平	見	k	ɔŋ	33	4	kɔŋ33	g	ong	1	5	gong1	本讀，同「岡」		
1087	崗	見	宕	唐	開	一	平	見	k	ɔŋ	11	4	kɔŋ11	g	ong	5	5	gong5	變調，「崗位」		
1088	港	見	江	江	開	二	上	見	kʰ	ɔŋ	55	5	kʰɔŋ55	k	ong	2	5	kong2	變調，部分山村讀音：「港州」		
1089	槓	#N/A	#N/A	#N/A	#N/A	#N/A	#N/A	#N/A	k	ɔŋ	33	4	kɔŋ33	g	ong	1	5	gong1			
1090	弈	以	梗	清A	開	三	入	以	j	ɐt	32	4	jɐt32	j	at	9	4	jat9			
1091	懌	以	梗	清A	開	三	入	以	j	ɐt	32	4	jɐt32	j	at	9	4	jat9			
1092	埸	以	梗	清A	開	三	入	以	j	ɐt	32	4	jɐt32	j	at	9	4	jat9			
1093	斁	以	梗	清A	開	三	入	以	j	ɐt	32	4	jɐt32	j	at	9	4	jat9			
1094	驛	以	梗	清A	開	三	入	以	j	ɐt	32	4	jɐt32	j	at	9	4	jat9			
1095	篙	見	效	豪	開	一	平	見	k	au	11	4	kau11	g	aau	5	5	gaau5			
1096	糕	#N/A	#N/A	#N/A	#N/A	#N/A	#N/A	#N/A	k	au	33	4	kau33	g	aau	1	5	gaau1			
1097	羔	見	效	豪	開	一	平	見	k	au	33	4	kau33	g	aau	1	5	gaau1			
1098	膏	見	效	豪	開	一	平	見	k	au	33	4	kau33	g	aau	1	5	gaau1			
1099	高	見	效	豪	開	一	平	見	k	au	33	4	kau33	g	aau	1	5	gaau1	本讀，{1}是有分寸、成熟：四字詞 「知(ei33)高知(ei33)低」；{2}熱鬧：「高興」		
1100	高	見	效	豪	開	一	平	見	k	au	55	4	kau55	g	aau	2	5	gaau2	變調，上方：「上(siŋ32)高」		
1101	搞	#N/A	#N/A	#N/A	#N/A	#N/A	#N/A	#N/A	k	au	55	4	kau55	g	aau	2	5	gaau2	同「攪」：「搞笑」丨「撈搞（頑皮搞破壞）」丨四字詞 「撈(lau33)撈(lau33)搞搞（頑皮搞破壞）」		
1102	稿	#N/A	#N/A	#N/A	#N/A	#N/A	#N/A	#N/A	k	au	55	4	kau55	g	aau	2	5	gaau2			
1103	告	見	效	豪	開	一	去	見	k	au	33	4	kau33	g	aau	1	5	gaau1	{1}告狀：「嚎告」；{2}廣告：「告白」		
1104	割	見	山	寒	開	一	入	見	k	uɔt	33	5	kuɔt33	g	uot	8	5	guot8			
1105	哥	見	果	歌	開	一	平	見	k	uɔ	55	4	kuɔ55	g	uo	2	4	guo2	{1}身體器官後綴詞，鼻子：「鼻哥」；{2}男人：「佬哥」		
1106	戈	見	果	歌	合	一	平	見	f	uɔ	33	4	fuɔ33	f	uo	1	4	fuo1			
1107	擱	#N/A	#N/A	#N/A	#N/A	#N/A	#N/A	#N/A	k	ɔk	33	4	kɔk33	g	ok	8	4	gok8			
1108	歌	見	果	歌	開	一	平	見	k	uɔ	11	4	kuɔ11	g	uo	5	4	guo5			
1109	胳	見	宕	唐	開	一	入	見	k	ak	55	4	kak55	g	aak	7	5	gaak7			
1110	鴿	見	咸	覃	開	一	入	見	ʔ	ap	11	4	ʔap11		aap	10	4	aap10			
1111	格	見	宕	唐	開	一	入	見	k	ak	55	4	kak55	g	aak	7	5	gaak7	本讀，{1}「格外」；{2}指人的外表：「你個格唔錯」丨「衰格」		
1112	格	見	宕	唐	開	一	入	見	k	ak	11	4	kak11	g	aak	10	5	gaak10	變調，「方格」		
1113	格	見	宕	唐	開	一	入	見	k	ak	33	4	kak33	g	aak	8	5	gaak8	{1}檢查：「格價」；{2}形容體格強壯：「實格格」丨四字詞 「實實格(kak33)格(kak33)」		
1114	閣	見	宕	唐	開	一	入	見	k	ɔk	55	4	kɔk55	g	ok	7	4	gok7	本讀，「束之高閣」		
1115	閣	見	宕	唐	開	一	入	見	k	ɔk	33	4	kɔk33	g	ok	8	4	gok8	又讀，「閣仔」		
1116	隔	見	梗	耕	開	二	入	見	k	ak	33	4	kak33	g	aak	8	5	gaak8	隔著山猜牛，比喻無憑無據地盲猜：「隔山(sɔn33)估牛(ŋai22)」		
1117	革	見	梗	耕	開	二	入	見	k	ak	55	4	kak55	g	aak	7	5	gaak7			
1118	骼	見	梗	庚	開	二	入	見	k	ak	55	4	kak55	g	aak	7	5	gaak7			
1119	葛	見	山	寒	開	一	入	見	k	uɔt	55	5	kuɔt55	g	uot	7	5	guot7	本讀，「葛菜」丨「諸葛」		
1120	葛	見	山	寒	開	一	入	見	k	ut	11	4	kut11	g	ut	10	4	gut10	變調，「葛粉」		
1121	個	見	果	歌	開	一	去	見	k	uɔi	33	5	kuɔi33	g	uoi	1	5	guoi1	指人老實不客氣，沒等你反應過來就做了不那麼規矩的事情：四字詞 「一個唔該(kuɔi33)」		
1122	各	見	宕	唐	開	一	入	見	k	ɔk	55	4	kɔk55	g	ok	7	4	gok7	本讀，「各位」		
1123	各	見	宕	唐	開	一	入	見	k	ɔk	33	4	kɔk33	g	ok	8	4	gok8	變調，形容每個人都有不同的習慣、信仰、選擇等等，又同「各了各人」：四字詞 「各(kɔk33)有(jiu33)各(kɔk33)人」		
1124	根	見	臻	痕	開	一	平	見	k	in	33	4	kin33	g	in	1	4	gin1	本讀，「根本」		
1125	根	見	臻	痕	開	一	平	見	k	in	11	4	kin11	g	in	5	4	gin5	變調，崩大碗、積雪草、雷公根：「老(lau55)剛根(kin115)」		
1126	跟	見	臻	痕	開	一	平	見	k	in	33	4	kin33	g	in	1	4	gin1			
1127	亙	見	曾	登	開	一	去	見	k	aŋ	55	4	kaŋ55	g	aang	2	6	gaang2			
1128	庚	見	梗	庚	開	二	平	見	k	aŋ	33	4	kaŋ33	g	aang	1	6	gaang1			
1129	羹	見	梗	庚	開	二	平	見	k	aŋ	33	4	kaŋ33	g	aang	1	6	gaang1			
1130	耕	見	梗	耕	開	二	平	見	k	aŋ	33	4	kaŋ33	g	aang	1	6	gaang1	四字詞 指莊家收成豐盛：「耕田(hɐn22)好(hau55)禾」		
1131	哽	見	梗	庚	開	二	上	見	k	aŋ	55	4	kaŋ55	g	aang	2	6	gaang2	文讀，「哽咽」		
1132	哽	見	梗	庚	開	二	上	見	kʰ	aŋ	55	5	kʰaŋ55	k	aang	2	6	kaang2	白讀，{1}吞下：「哽落喉嚨」；{2}噎著：「哽緊」		
1133	哽	見	梗	庚	開	二	上	見	kʰ	aŋ	11	5	kʰaŋ11	k	aang	5	6	kaang5	訓讀，形容水不熟，引申為食物不熟：四字詞 「生(saŋ33)水肫( kʰ in11)哽( kʰaŋ11)」		
1134	哽	見	梗	庚	開	二	上	見	ʔ	ɔn	55	4	ʔɔn55		on	2	3	on2	訓讀，{1}形容不需要太久：「哽乜緊」；{2}動詞，頂著：「哽到我條腰」」；{3}動詞，墊付：「幫我哽住先」；{4}形容很容易：「哽乜易」		
1135	埂	見	梗	庚	開	二	平	見	k	aŋ	55	4	kaŋ55	g	aang	2	6	gaang2			
1136	梗	見	梗	庚	開	二	上	見	k	aŋ	55	4	kaŋ55	g	aang	2	6	gaang2	{1}固定：「梗性（固執）」丨「梗啊(ʔa33)」丨「瞓梗啊頸（落枕）」丨四字詞 「死梗蠻山(sɔn33)（形容固執，或者是不會變通的人）」；{2}硬：「硬梗梗」；{3}表肯定：「梗係」；{4}植物的莖：「菜梗」		
1137	耿	見	梗	耕	開	二	上	見	k	aŋ	55	4	kaŋ55	g	aang	2	6	gaang2			
1138	更	見	梗	庚	開	二	平	見	k	aŋ	33	4	kaŋ33	g	aang	1	6	gaang1	本讀，{1}村裡打更人待的小屋：「更古寮(liɐu225)」；{2}三更半夜：四字詞「三(ɬam33)更(kaŋ33)五鼓」；{3}形容人非常勤勞：四字詞 「五更(kaŋ33)儲(tʰiu33)屎」；{4}結婚後起自己的號：「更號」；{5}動詞，卡住、插住；「更個校章上去衫」丨「更針(tsim33)」即「別針」；{6}副詞，修飾酸：「酸更啊(ʔa33)」		
1139	更	見	梗	庚	開	二	平	見	ʔ	aŋ	33	4	ʔaŋ33		aang	1	5	aang1	白讀，「更講句我就走了」		
1140	供	見	通	鍾	開	三	去	見	k	əŋ	33	4	kəŋ33	g	eang	1	6	geang1			
1141	公	見	通	東	開	一	平	見	k	əŋ	33	4	kəŋ33	g	eang	1	6	geang1	本讀，「阿公」丨「公仔（老人家）」		
1142	公	見	通	東	開	一	平	見	k	əŋ	11	4	kəŋ11	g	eang	5	6	geang5	變調，「老(lau55)公」丨「公仔(tuɔi55)（玩偶）」丨「腳(kik33)公」丨「公仔(tuɔi55)戲（動畫片）」		
1143	公	見	通	東	開	一	平	見	k	əŋ	55	4	kəŋ55	g	eang	2	6	geang2	變調，撲克牌的K：「王公」		
1144	功	見	通	東	開	一	平	見	k	əŋ	33	4	kəŋ33	g	eang	1	6	geang1	功勞：「功容」丨四字詞 「講功講容（斤斤計較）」		
1145	宮	見	通	東	開	三	平	見	k	əŋ	33	4	kəŋ33	g	eang	1	6	geang1			
1146	工	見	通	東	開	一	平	見	k	əŋ	33	4	kəŋ33	g	eang	1	6	geang1	{1}功夫、工作量：「使(suɔi55)工」；{2}副詞，修飾青綠色：「青(tʰiɐŋ33)工工」		
1147	弓	見	通	東	開	三	平	見	k	əŋ	33	4	kəŋ33	g	eang	1	6	geang1			
1148	恭	見	通	鍾	開	三	平	見	k	əŋ	33	4	kəŋ33	g	eang	1	6	geang1			
1149	攻	見	通	東	開	一	平	見	k	əŋ	33	4	kəŋ33	g	eang	1	6	geang1	嗆：「攻鼻」		
1150	蚣	見	通	東	開	一	平	見	k	əŋ	33	4	kəŋ33	g	eang	1	6	geang1			
1151	躬	見	通	東	開	三	平	見	k	əŋ	33	4	kəŋ33	g	eang	1	6	geang1	{1}從一邊鑽到另一邊：「躬過去」；{2}彎：「躬腰」		
1152	拱	見	通	鍾	開	三	上	見	k	əŋ	55	4	kəŋ55	g	eang	2	6	geang2	本讀，「拱門」		
1153	拱	見	通	鍾	開	三	上	見	kʰ	əŋ	55	5	kʰəŋ55	k	eang	2	6	keang2	變調，部分山村的口音：「拱kʰəŋ55北」		
1154	鞏	見	通	鍾	開	三	上	見	k	əŋ	55	4	kəŋ55	g	eang	2	6	geang2			
1155	共	見	通	鍾	開	三	平	見	k	əŋ	32	4	kəŋ32	g	eang	6	6	geang6	照顧小朋友：「共大你」丨「共仔女」		
1156	貢	見	通	東	開	一	去	見	k	əŋ	33	4	kəŋ33	g	eang	1	6	geang1	指平時拜神祭祀祖先的儀式：「貢祭」		
1157	勾	#N/A	#N/A	#N/A	#N/A	#N/A	#N/A	#N/A	ŋ	ai	33	4	ŋai33	ng	aai	1	6	ngaai1	比喻人非常之固執、專制，不聽勸告；也形容自身感到不舒服，好像總有些不對勁，一說「一樣勾八」：四字詞 「 一樣(jiŋ32)勾勾」		
1158	溝	見	流	侯	開	一	平	見	kʰ	ai	33	5	kʰai33	k	aai	1	5	kaai1	混合：「溝勻」		
1159	鉤	見	流	侯	開	一	平	見	ŋ	ai	33	4	ŋai33	ng	aai	1	6	ngaai1	本讀，動詞，「鉤起」		
1160	鉤	見	流	侯	開	一	平	見	ŋ	ai	11	4	ŋai11	ng	aai	5	6	ngaai5	變調，名詞，「一個鉤」		
1161	鉤	見	流	侯	開	一	平	見	ŋ	ai	55	4	ŋai55	ng	aai	2	6	ngaai2	變調，挖掘機：「鉤機」		
1162	枸	見	流	侯	開	一	平	見	k	ai	55	4	kai55	g	aai	2	5	gaai2			
1163	狗	見	流	侯	開	一	上	見	k	ai	55	4	kai55	g	aai	2	5	gaai2	{1}毛毛蟲：「狗毛蟲」；{2}對小孩子的愛稱：「狗奴」丨「狗仔(tuɔi55)」；{3}螻蛄：「水狗」；{4}亂：四字詞 「狗屎橫畫(ʋak11)（形容物件放得非常混亂）」；{5}程度大：四字詞 「大膽狗乸（形容一個人很大膽）」；{6}形容親戚間的關係生疏：四字詞 「姑(ku33)婆(pʰou22)狗夾(kap11)」；{7}用於好色、荒唐、有味的調侃，形容人不正經：四字詞 「無三(ɬam33)狗𡳞」；{8}「饞狗奄（幫人做事，做之前，那人說沒所謂，開工之後那個人開始指指點點，形容這類人）」		
1164	苟	見	流	侯	開	一	上	見	k	ai	55	4	kai55	g	aai	2	5	gaai2			
1165	垢	見	流	侯	開	一	上	見	kʰ	ai	55	5	kʰai55	k	aai	2	5	kaai2			
1166	夠	溪	流	侯	開	一	平	見	k	ai	33	4	kai33	g	aai	1	5	gaai1	做工出很多力氣：「夠頸」丨「做夠頸（辛苦了）」		
1167	搆	見	流	侯	開	一	去	見	kʰ	ai	33	5	kʰai33	k	aai	1	5	kaai1			
1168	構	見	流	侯	開	一	去	見	kʰ	ai	33	5	kʰai33	k	aai	1	5	kaai1			
1169	購	見	流	侯	開	一	去	見	kʰ	ai	33	5	kʰai33	k	aai	1	5	kaai1			
1170	估	見	遇	模	開	一	上	見	k	u	55	3	ku55	g	u	2	3	gu2	{1}猜測、以為：「估只」丨「估得（料到）」丨「按估（靠猜測）」丨「隔山(sɔn33)估牛(ŋai22)（隔著山猜牛，比喻無憑無據地盲猜）」；{2}謎語：「估仔(tuɔi55)」		
1171	姑	見	遇	模	開	一	平	見	k	u	33	3	ku33	g	u	1	3	gu1	本讀，形容親戚間的關係生疏：四字詞 「姑(ku33)婆(pʰou22)狗夾(kap11)」		
1172	姑	見	遇	模	開	一	平	見	k	u	11	3	ku11	g	u	5	3	gu5	變調，老公或父親的妹妹：「小姑」		
1173	孤	見	遇	模	開	一	平	見	k	u	33	3	ku33	g	u	1	3	gu1			
1174	沽	見	遇	模	開	一	平	見	k	u	33	3	ku33	g	u	1	3	gu1			
1175	箍	見	遇	模	開	一	平	見	kʰ	u	33	4	kʰu33	k	u	1	3	ku1	本讀，「緊箍咒」		
1176	箍	見	遇	模	開	一	平	見	kʰ	u	11	4	kʰu11	k	u	5	3	ku5	變調，名詞，「一個箍」		
1177	箍	見	遇	模	開	一	平	見	kʰ	ou		5	kʰou	k	ou	2	4	kou2	變調，動詞，勒緊：「箍牛筋（用橡皮筋勒緊）」		
1178	菰	見	遇	模	開	一	平	見	k	u	33	3	ku33	g	u	1	3	gu1			
1179	辜	見	遇	模	開	一	平	見	k	u	33	3	ku33	g	u	1	3	gu1			
1180	古	見	遇	模	開	一	上	見	k	u	55	3	ku55	g	u	2	3	gu2	{1}幽默：「古格(kak11)」丨「古卡(kʰak11)」丨「泥(ŋɔi32)古」；{2}形容睡得香：四字詞 「疲(pʰiɛ11)古大liu32」；{3}巧克力：「朱古力(lat55)」		
1181	穀	見	通	東	開	一	入	見	k	ək	55	4	kək55	g	eak	7	5	geak7			
1182	股	見	遇	模	開	一	上	見	k	u	55	3	ku55	g	u	2	3	gu2			
1183	詁	見	遇	模	開	一	上	見	k	u	55	3	ku55	g	u	2	3	gu2			
1184	谷	見	通	東	開	一	入	見	k	ək	55	4	kək55	g	eak	7	5	geak7	本讀，{1}「山谷」；{2}施加力量，本字「勗」：「谷爆」		
1185	谷	見	通	東	開	一	入	見	k	ək	33	4	kək33	g	eak	8	5	geak8	變調，副詞，修飾硬：「硬谷啊(ʔa33)」丨「硬谷谷」		
1186	勗	曉	通	鍾	開	三	入	影	k	ək	55	4	kək55	g	eak	7	5	geak7	施加力量：「勗爆」		
1187	骨	見	臻	魂	合	一	入	見	k	ut	55	4	kut55	g	ut	7	4	gut7	毛骨悚然、起雞皮疙瘩：「毛骨頭(hai11)聳」		
1188	鼓	見	遇	模	開	一	上	見	k	u	55	3	ku55	g	u	2	3	gu2	{1}硬得鼓起：「硬鼓鼓」；{2}村裡打更人待的小屋：「更古寮(liɐu225)」；{3}三更半夜：四字詞「三(ɬam33)更(kaŋ33)五鼓」		
1189	僱	#N/A	#N/A	#N/A	#N/A	#N/A	#N/A	#N/A	k	u	33	3	ku33	g	u	1	3	gu1			
1190	固	見	遇	模	開	一	去	見	k	u	33	3	ku33	g	u	1	3	gu1			
1191	故	見	遇	模	開	一	去	見	k	u	33	3	ku33	g	u	1	3	gu1			
1192	錮	見	遇	模	開	一	去	見	k	u	33	3	ku33	g	u	1	3	gu1			
1193	雇	匣	遇	模	開	一	上	影	k	u	33	3	ku33	g	u	1	3	gu1			
1194	顧	見	遇	模	開	一	去	見	k	u	33	3	ku33	g	u	1	3	gu1			
1195	刮	見	山	刪	合	二	入	見	k	ɔt	33	4	kɔt33	g	ot	8	4	got8	{1}難說道理：「惡(ʔɔk33)刮」；{2}嬰兒滿月剃頭：「刮頭(haai22)」		
1196	瓜	見	假	麻	合	二	平	見	k	a	33	3	ka33	g	aa	1	4	gaa1	本讀，「西瓜」丨「絲(ɬi33)瓜」丨「冬瓜」丨「節(tɐt55)瓜」		
1197	瓜	見	假	麻	合	二	平	見	k	a	11	3	ka11	g	aa	5	4	gaa5	變調，「蒲(pʰou11)瓜（葫蘆）」丨「簕(lak55)瓜(ka115)（苦瓜）」丨「木(mək32)瓜(ka115)」丨「番(fɔn33)瓜(ka115)」丨「簕(lak55)瓜床（碌架床）」		
1198	蝸	見	蟹	佳	合	二	平	見	ʋ	uɔ	33	4	ʋuɔ33	v	uo	1	4	vuo1			
1199	颳	#N/A	#N/A	#N/A	#N/A	#N/A	#N/A	#N/A	k	ɔt	33	4	kɔt33	g	ot	8	4	got8			
1200	寡	見	假	麻	合	二	上	見	k	a	55	3	ka55	g	aa	2	4	gaa2			
1201	卦	見	蟹	佳	合	二	去	見	k	a	33	3	ka33	g	aa	1	4	gaa1			
1202	掛	見	蟹	佳	合	二	去	見	kʰ	a	33	4	kʰa33	k	aa	1	4	kaa1			
1203	拐	羣	蟹	佳	開	二	上	見	k	ɔi	55	4	kɔi55	g	oi	2	4	goi2			
1204	怪	見	蟹	皆	合	二	去	見	k	ɔi	33	4	kɔi33	g	oi	1	4	goi1			
1205	倌	見	山	寒	合	一	平	見	k	uɔn	33	5	kuɔn33	g	uon	1	5	guon1			
1206	冠	見	山	寒	合	一	平	見	k	uɔn	33	5	kuɔn33	g	uon	1	5	guon1			
1207	官	見	山	寒	合	一	平	見	k	uɔn	33	5	kuɔn33	g	uon	1	5	guon1			
1208	棺	見	山	寒	合	一	平	見	k	uɔn	33	5	kuɔn33	g	uon	1	5	guon1			
1209	觀	見	山	寒	合	一	平	見	k	uɔn	33	5	kuɔn33	g	uon	1	5	guon1			
1210	關	見	山	刪	合	二	平	見	k	ɔn	33	4	kɔn33	g	on	1	4	gon1	形容人與人關係密切：四字詞 「關關熟(sək32)熟(sək32)」		
1211	管	見	山	寒	合	一	上	見	k	uɔn	55	5	kuɔn55	g	uon	2	5	guon2	{1}動詞，任由：「管(kuɔn553)佢」；{2}量詞，本：「一管書」；{3}副詞，盡情做、有種就做：「只管」；{4}名字，掃把：「掃管」；{5}動詞，顧著：「朋友來到，我管同佢傾計」		
1212	館	見	山	寒	合	一	去	見	k	uɔn	55	5	kuɔn55	g	uon	2	5	guon2			
1213	慣	見	山	刪	合	二	去	見	k	ɔn	33	4	kɔn33	g	on	1	4	gon1	一直、習慣，或指長期保持的人際關係：「慣勢(sɔi335)」丨「慣勢了（教育小孩子用語，指壞習慣）」		
1214	灌	見	山	寒	合	一	去	見	k	uɔn	33	5	kuɔn33	g	uon	1	5	guon1			
1215	罐	見	山	寒	合	一	去	見	k	uɔn	11	5	kuɔn11	g	uon	5	5	guon5			
1216	貫	見	山	寒	合	一	平	見	k	uɔn	33	5	kuɔn33	g	uon	1	5	guon1			
1217	鸛	見	山	寒	合	一	去	見	k	uɔn	33	5	kuɔn33	g	uon	1	5	guon1			
1218	光	見	宕	唐	合	一	平	見	k	ɔŋ	33	4	kɔŋ33	g	ong	1	5	gong1			
1219	胱	見	宕	唐	合	一	平	見	k	ɔŋ	33	4	kɔŋ33	g	ong	1	5	gong1			
1220	廣	見	宕	唐	合	一	上	見	k	ɔŋ	55	4	kɔŋ55	g	ong	2	5	gong2			
1221	獷	見	宕	陽	合	三	上	見	kʰ	ɔŋ	33	5	kʰɔŋ33	k	ong	1	5	kong1			
1222	圭	見	蟹	齊	合	四	平	見	k	ei	33	4	kei33	g	ei	1	4	gei1			
1223	歸	見	止	微	合	三	平	見	k	ei	33	4	kei33	g	ei	1	4	gei1	家：「翻去歸（回家）」丨「翻歸」丨「翻去歸村（回村）」		
1224	瑰	見	蟹	灰	合	一	平	見	k	ei	33	4	kei33	g	ei	1	4	gei1			
1225	規	見	止	支A	合	三	平	見	kʰ	ei	33	5	kʰei33	k	ei	1	4	kei1			
1226	閨	見	蟹	齊	合	四	平	見	k	ei	33	4	kei33	g	ei	1	4	gei1			
1227	鮭	見	蟹	齊	合	四	平	見	k	ei	33	4	kei33	g	ei	1	4	gei1			
1228	龜	見	止	脂B	合	三	平	見	k	ei	33	4	kei33	g	ei	1	4	gei1	{1}形容人做東西時無從入手，同「老鼠拖牛」：四字詞 「老(lau33)鼠咬龜(kei335)」；{2}駝背：「生(saŋ33)龜(kei335)」		
1229	晷	見	止	脂B	合	三	上	見	k	ei	55	4	kei55	g	ei	2	4	gei2			
1230	癸	見	止	脂A	合	三	上	見	k	ei	33	4	kei33	g	ei	1	4	gei1			
1231	詭	見	止	支B	合	三	上	見	k	ei	55	4	kei55	g	ei	2	4	gei2			
1232	軌	見	止	脂B	合	三	上	見	k	ei	55	4	kei55	g	ei	2	4	gei2			
1233	鬼	見	止	微	合	三	上	見	k	ei	55	4	kei55	g	ei	2	4	gei2	{1}形容手舞足蹈，把一樣很簡單的事情重複舞動：四字詞 「舞鬼弄術」；{2}指人非常瘦，同「骨瘦如柴」：四字詞 「瘦蜢(maŋ55)鬼癆」；{3}四字詞「 覡婆(pou11)鬼乸」：專指幫人算命的女性		
1234	桂	見	蟹	齊	合	四	去	見	k	ei	33	4	kei33	g	ei	1	4	gei1			
1235	櫃	羣	止	脂B	合	三	去	見	k	ei	32	4	kei32	g	ei	6	4	gei6			
1236	貴	見	止	微	合	三	去	見	k	ei	33	4	kei33	g	ei	1	4	gei1			
1237	跪	溪	止	支B	合	三	上	見	k	ei	32	4	kei32	g	ei	6	4	gei6			
1238	鱖	見	蟹	祭B	合	三	去	見	k	ei	33	4	kei33	g	ei	1	4	gei1			
1239	滾	#N/A	#N/A	#N/A	#N/A	#N/A	#N/A	#N/A	k	un	55	4	kun55	g	un	2	4	gun2			
1240	棍	匣	臻	魂	合	一	上	影	k	un	11	4	kun11	g	un	5	4	gun5			
1241	聒	見	山	寒	合	一	入	見	k	ɔk	55	4	kɔk55	g	ok	7	4	gok7			
1242	郭	見	宕	唐	合	一	入	見	kʰ	ɔk	33	5	kʰɔk33	k	ok	8	4	kok8			
1243	鍋	見	果	歌	合	一	平	見	ʋ	uɔ	33	4	ʋuɔ33	v	uo	1	4	vuo1			
1244	國	見	曾	登	合	一	入	見	k	ɔk	55	4	kɔk55	g	ok	7	4	gok7	矮子綽號：「矮仔(tuɔi55)國」		
1245	果	見	果	歌	合	一	上	見	k	uɔ	55	4	kuɔ55	g	uo	2	4	guo2	{1}動詞，起名、改名：「果名」丨「果乜名（叫什麼名字）」；{2}名詞，水果種類：「蕉果」丨「橙果」丨「桃(hau11)果」		
1246	粿	見	果	歌	合	一	上	見	k	uɔ	55	4	kuɔ55	g	uo	2	4	guo2			
1247	裹	見	果	歌	合	一	上	見	k	uɔ	55	4	kuɔ55	g	uo	2	4	guo2			
1248	過	見	果	歌	合	一	平	見	k	uɔ	33	4	kuɔ33	g	uo	1	4	guo1	本讀，{1}熄滅：「盞電過啊(ʔa33)」；{2}過分：「過為(ʋei22)」；{3}不濃厚：四字詞 「淡(ham33)過(kuɔ33)貓(miɐu55)尿（飯菜沒味道）；{4}明年：「過年」；{5}去世：「過後(hai32)」		
1249	過	見	果	歌	合	一	平	見	k	uɔ	11	4	kuɔ11	g	uo	5	4	guo5	變調，次：「二(ŋei32)過（指煲湯水或涼茶時用同樣的料煲第二次）」		
1250	哈	疑	咸	覃	開	一	入	見	h	a	55	3	ha55	h	aa	2	4	haa2			
1251	蛤	見	咸	覃	開	一	入	見	k	əp	55	4	kəp55	g	eap	7	5	geap7	本讀，{1}青蛙：「蛤」丨「蛤蚧niɛm115（蝌蚪）」；{2}植物：「蛤蔞(lai11)」		
1252	蛤	見	咸	覃	開	一	入	見	k	əp	11	4	kəp11	g	eap	10	5	geap10	變調，「油蛤」		
1253	孩	匣	蟹	咍	開	一	平	影	h	ɔi	22	4	hɔi22	h	oi	4	4	hoi4			
1254	骸	匣	蟹	皆	開	二	平	影	h	ɔi	22	4	hɔi22	h	oi	4	4	hoi4			
1255	駭	匣	蟹	皆	開	二	上	影	h	uɔi	11	5	huɔi11	h	uoi	5	5	huoi5			
1256	海	曉	蟹	咍	開	一	上	影	h	uɔi	55	5	huɔi55	h	uoi	2	5	huoi2			
1257	亥	匣	蟹	咍	開	一	上	影	h	uɔi	32	5	huɔi32	h	uoi	6	5	huoi6			
1258	害	匣	蟹	泰	開	一	去	影	h	uɔi	32	5	huɔi32	h	uoi	6	5	huoi6			
1259	鼾	曉	山	寒	開	一	平	影	h	uɔn	22	5	huɔn22	h	uon	4	5	huon4	文讀，「鼻鼾」		
1260	鼾	曉	山	寒	開	一	平	影	m	iɐŋ	22	5	miɐŋ22	m	iang	4	6	miang4	白讀，「鼻鼾」		
1261	函	匣	咸	覃	開	一	平	影	h	am	22	4	ham22	h	aam	4	5	haam4			
1262	含	匣	咸	覃	開	一	平	影	h	am	22	4	ham22	h	aam	4	5	haam4	本讀，{1}火藥量詞：「一含炮」；{2}指炸藥的引潮濕無法點燃：「含引」		
1263	含	匣	咸	覃	開	一	平	影	h	əm	22	4	həm22	h	eam	4	5	heam4	白讀，「含住」		
1264	焓	#N/A	#N/A	#N/A	#N/A	#N/A	#N/A	#N/A	h	am	22	4	ham22	h	aam	4	5	haam4	{1}很容易流汗的體質：「焓紅」；{2}用火烤：「焓著」		
1265	寒	匣	山	寒	開	一	平	影	h	uɔn	22	5	huɔn22	h	uon	4	5	huon4			
1266	涵	匣	咸	覃	開	一	平	影	h	am	22	4	ham22	h	aam	4	5	haam4			
1267	韓	匣	山	寒	開	一	平	影	h	uɔn	22	5	huɔn22	h	uon	4	5	huon4			
1268	喊	曉	咸	談	開	一	上	影	h	am	33	4	ham33	h	aam	1	5	haam1			
1269	罕	#N/A	#N/A	#N/A	#N/A	#N/A	#N/A	#N/A	h	uɔn	55	5	huɔn55	h	uon	2	5	huon2			
1270	旱	匣	山	寒	開	一	上	影	h	uɔn	11	5	huɔn11	h	uon	5	5	huon5	本讀，「旱災」		
1271	旱	匣	山	寒	開	一	上	影	h	uɔn	33	5	huɔn33	h	uon	1	5	huon1	又讀，表示「什麼鬼」：「天旱huɔn33」		
1272	汗	匣	山	寒	開	一	去	影	h	uɔn	32	5	huɔn32	h	uon	6	5	huon6	流汗多，汗流浹背：四字詞 「汗流炸糝」		
1273	漢	曉	山	寒	開	一	去	影	h	uɔn	33	5	huɔn33	h	uon	1	5	huon1			
1274	瀚	匣	山	寒	開	一	去	影	h	uɔn	32	5	huɔn32	h	uon	6	5	huon6			
1275	翰	匣	山	寒	開	一	去	影	h	uɔn	32	5	huɔn32	h	uon	6	5	huon6			
1276	銲	#N/A	#N/A	#N/A	#N/A	#N/A	#N/A	#N/A	h	uɔn	32	5	huɔn32	h	uon	6	5	huon6			
1277	杭	匣	宕	唐	開	一	平	影	h	ɔŋ	22	4	hɔŋ22	h	ong	4	5	hong4			
1278	航	匣	宕	唐	開	一	平	影	h	ɔŋ	22	4	hɔŋ22	h	ong	4	5	hong4			
1279	嚎	#N/A	#N/A	#N/A	#N/A	#N/A	#N/A	#N/A	h	au	22	4	hau22	h	aau	4	5	haau4	{1}告狀：「嚎告」；{2}慘叫：「嚎拜」丨「喊死喊嚎拜」		
1280	毫	匣	效	豪	開	一	平	影	h	au	22	4	hau22	h	aau	4	5	haau4			
1281	蠔	#N/A	#N/A	#N/A	#N/A	#N/A	#N/A	#N/A	h	au	22	4	hau22	h	aau	4	5	haau4			
1282	豪	匣	效	豪	開	一	平	影	h	au	22	4	hau22	h	aau	4	5	haau4			
1283	好	曉	效	豪	開	一	去	影	h	au	33	4	hau33	h	aau	1	5	haau1	喜好：「好使（喜歡花錢）」丨「好動」丨「好死（自作自受）」		
1284	好	曉	效	豪	開	一	上	影	h	au	55	4	hau55	h	aau	2	5	haau2	{1}表示程度強烈：「好風」丨「好禾（豐收）」丨「好火（猛火）」；{2}挑食：「好口」；{3}無論如何：「好唔好」；{4}程度好：四字詞 「好(hau55)口好(hau55)馬(ma11)（「口馬」意思為「口才」，即有好口才之意，「冇口冇馬」即為沒口才之意。有詩云：好口好馬當三石。）」丨「好乃擘好乃（得寸進尺）」丨四字詞 指莊家收成豐盛：「耕田(hɐn22)好(hau55)禾」；{5}天氣晴朗：四字詞 「好(hau55)天(hɐn33)好(hau55)時(si22)」；{6}副詞，一下子就，一般用於副詞前後轉折的語境：「我捏啊(ʔa11)佢，佢好走啊(ʔa33)去（我捏他一下，他就走了）」丨「我俾錢佢，佢好黑我面（我給他錢，他就給我臉色看）」；{7}器官靈敏：「好鼻」丨「好耳」		
1285	好	曉	效	豪	開	一	上	影	h	au	115	4	hau115	h	aau	5*	5	haau5*	變調，如何，怎樣：「幾好」		
1286	薅	曉	效	豪	開	一	平	影	h	au	33	4	hau33	h	aau	1	5	haau1	除草：「薅草」		
1287	浩	匣	效	豪	開	一	上	影	h	au	11	4	hau11	h	aau	5	5	haau5			
1288	晧	匣	效	豪	開	一	上	影	h	au	11	4	hau11	h	aau	5	5	haau5	文讀，「皓月」		
1289	皓	匣	效	豪	開	一	去	影	h	au	32	4	hau32	h	aau	6	5	haau6	白讀，{1}天明：「皓」；{2}光潔：「皓淨(tiɐŋ32)」		
1290	耗	#N/A	#N/A	#N/A	#N/A	#N/A	#N/A	#N/A	h	au	33	4	hau33	h	aau	1	5	haau1			
1291	號	匣	效	豪	開	一	平	影	h	au	22	4	hau22	h	aau	4	5	haau4	「哀號」		
1292	號	匣	效	豪	開	一	去	影	h	au	32	4	hau32	h	aau	6	5	haau6	{1}名詞，號碼：「電話號」；{2}動詞，霸佔：「號位」		
1293	呵	曉	果	歌	開	一	平	影	h	uɔ	33	4	huɔ33	h	uo	1	4	huo1			
1294	喝	影	蟹	夬	開	二	去	影	h	uɔt	33	5	huɔt33	h	uot	8	5	huot8			
1295	何	匣	果	歌	開	一	平	影	h	uɔ	22	4	huɔ22	h	uo	4	4	huo4			
1296	劾	匣	曾	登	開	一	入	見	h	ɔt	32	4	hɔt32	h	ot	9	4	hot9			
1297	合	匣	咸	覃	開	一	入	影	h	ap	32	4	hap32	h	aap	9	5	haap9	本讀，「合成」		
1298	合	見	咸	覃	開	一	入	見	k	ap	11	4	kap11	g	aap	10	5	gaap10	變調，地名：「三(ɬam33)合鎮」		
1299	合	匣	咸	覃	開	一	入	影	h	iɛp	33	5	hiɛp33	h	iep	8	5	hiep8	變調，閉眼：「合眼」丨四字詞 「合(hiɛp33)埋(muɔi22)眉眼」		
1300	和	匣	果	歌	合	一	平	影	ʋ	uɔ	22	4	ʋuɔ22	v	uo	4	4	vuo4	「和諧」		
1301	和	匣	果	歌	合	一	去	影	ʋ	uɔ	32	4	ʋuɔ32	v	uo	6	4	vuo6	「唱和」		
1302	和	匣	果	歌	合	一	平	影	ʋ	u	22	3	ʋu22	v	u	4	3	vu4	「叫和ʋu225」		
1303	核	匣	梗	耕	開	二	入	影	h	ɔt	32	4	hɔt32	h	ot	9	4	hot9	文讀，「核心」		
1304	核	匣	梗	耕	開	二	入	影	ʋ	ut	11	4	ʋut11	v	ut	10	4	vut10	白讀，{1}果核：「蘋果核」；{2}匆忙：「核核啊(ʔa11)去（匆匆地去）」丨「云核（事幹）」丨四字詞 「打(ʔa55)雲打(ʔa55)核(ʋut11)（慌亂）；{3}名詞，紅包：「利是核」		
1305	河	匣	果	歌	開	一	平	影	h	uɔ	22	4	huɔ22	h	uo	4	4	huo4	欄杆：「欄河(huɔ225)」		
1306	盒	匣	咸	覃	開	一	入	影	h	ap	11	4	hap11	h	aap	10	5	haap10			
1307	禾	匣	果	歌	合	一	平	影	ʋ	uɔ	22	4	ʋuɔ22	v	uo	4	4	vuo4	禾草：「禾胎115（糍粑，因形似禾胎（禾苗）而名）」丨四字詞 指莊家收成豐盛：「耕田(hɐn22)好(hau55)禾」		
1308	荷	匣	果	歌	開	一	平	影	h	uɔ	22	4	huɔ22	h	uo	4	4	huo4	「荷花」		
1309	荷	匣	果	歌	開	一	上	影	h	uɔ	32	4	huɔ32	h	uo	6	4	huo6	「負荷」		
1310	蚵	匣	果	歌	開	一	平	影	ʔ	uɔ	33	4	ʔuɔ33		uo	1	3	uo1			
1311	闔	匣	咸	談	開	一	入	影	h	ap	32	4	hap32	h	aap	9	5	haap9			
1312	賀	匣	果	歌	開	一	去	影	h	uɔ	32	4	huɔ32	h	uo	6	4	huo6			
1313	赫	曉	梗	庚	開	二	入	影	h	ak	55	4	hak55	h	aak	7	5	haak7			
1314	鶴	匣	宕	唐	開	一	入	影	h	ɔk	32	4	hɔk32	h	ok	9	4	hok9	本讀，「鶴山」		
1315	鶴	匣	宕	唐	開	一	入	影	h	ɔk	11	4	hɔk11	h	ok	10	4	hok10	變調，名詞，「白鶴」		
1316	黑	曉	曾	登	開	一	入	影	h	ak	55	4	hak55	h	aak	7	5	haak7	晚上：「晚黑」丨「夜(jiɛ11)黑」		
1317	痕	匣	臻	痕	開	一	平	影	h	ɔn	11	4	hɔn11	h	on	5	4	hon5			
1318	很	匣	臻	痕	開	一	上	影	h	ɔn	55	4	hɔn55	h	on	2	4	hon2			
1319	狠	#N/A	#N/A	#N/A	#N/A	#N/A	#N/A	#N/A	h	ɔn	55	4	hɔn55	h	on	2	4	hon2			
1320	恨	匣	臻	痕	開	一	去	影	h	ɔn	32	4	hɔn32	h	on	6	4	hon6	{1}疼愛：「我恨你」；{2}貪婪：「刻恨」		
1321	恆	匣	曾	登	開	一	平	影	h	aŋ	22	4	haŋ22	h	aang	4	6	haang4			
1322	橫	見	宕	唐	合	一	平	見	ʋ	aŋ	22	4	ʋaŋ22	v	aang	4	6	vaang4	{1}胖：「你橫啊(ʔa33)」；{2}回、次：「一橫」丨「上一橫」；{3}打橫：「放橫」；{4}生疏：四字詞 「橫邊(pɐn11)親戚」；{5}橫豎亂擺，形容事物擺放不規律，阻礙空間：四字詞 「放橫打(ʔa55)逕」，又作「打(ʔa55)橫打(ʔa55)逕」丨四字詞 「狗屎橫畫(ʋak11)（形容物件放得非常混亂）」		
1323	衡	匣	梗	庚	開	二	平	影	h	aŋ	22	4	haŋ22	h	aang	4	6	haang4			
1324	哄	匣	通	東	開	一	去	影	h	əŋ	32	4	həŋ32	h	eang	6	6	heang6	搶、湧、趕：「去哄」		
1325	烘	曉	通	東	開	一	去	影	h	əŋ	33	4	həŋ33	h	eang	1	6	heang1	本讀，「烘焙」		
1326	烘	匣	通	東	開	一	平	影	h	əŋ	32	4	həŋ32	h	eang	6	6	heang6	又讀，「火烘烘」		
1327	轟	曉	梗	耕	合	二	平	影	k	aŋ	33	4	kaŋ33	g	aang	1	6	gaang1			
1328	肱	見	曾	登	合	一	平	見	k	aŋ	33	4	kaŋ33	g	aang	1	6	gaang1			
1329	宏	匣	梗	耕	合	二	平	影	f	aŋ	22	4	faŋ22	f	aang	4	6	faang4			
1330	弘	匣	曾	登	合	一	平	影	f	aŋ	22	4	faŋ22	f	aang	4	6	faang4			
1331	洪	匣	通	東	開	一	平	影	h	əŋ	22	4	həŋ22	h	eang	4	6	heang4			
1332	紅	匣	通	東	開	一	平	影	h	əŋ	22	4	həŋ22	h	eang	4	6	heang4	本讀，{1}紅包：「紅紙」丨「一張紅紙（一封利是）」；{2}形容面色很好：四字詞「 紅(həŋ22)粉花(fa33)飛(fei33)」；{3}發紅：四字詞 「面紅(həŋ22)耳熱（熱得臉發紅）」；{4}愛炫耀：「演世(sɔi33)紅(həŋ22)」		
1333	紅	匣	通	東	開	一	平	影	k	əŋ	33	4	kəŋ33	g	eang	1	6	geang1	同「工」		
1334	紅	匣	通	東	開	一	平	影	h	əŋ	11	4	həŋ11	h	eang	5	6	heang5	həŋ22的變調，「豬紅」丨「鴨紅」丨「粉紅色」		
1335	虹	匣	通	東	開	一	平	影	h	əŋ	22	4	həŋ22	h	eang	4	6	heang4			
1336	訌	匣	通	東	開	一	平	影	h	əŋ	22	4	həŋ22	h	eang	4	6	heang4			
1337	鴻	匣	通	東	開	一	平	影	h	əŋ	22	4	həŋ22	h	eang	4	6	heang4			
1338	侯	匣	流	侯	開	一	平	影	h	ai	22	4	hai22	h	aai	4	5	haai4			
1339	喉	匣	流	侯	開	一	平	影	h	ai	22	4	hai22	h	aai	4	5	haai4	扁桃腺：「扁喉腺」		
1340	猴	匣	流	侯	開	一	平	影	h	ai	22	4	hai22	h	aai	4	5	haai4			
1341	候	匣	流	侯	開	一	去	影	h	ai	32	4	hai32	h	aai	6	5	haai6	{1}形容小孩子不聽話，惹家長生氣：四字詞 「激氣(hei33)激候」；{2}形容食物乾巴巴的感覺：四字詞 「乾(kuɔn33)珠乾(kuɔn33)候」；{3}準時：四字詞 「依時(si22)依候」，又作「按時(si22)按候」、「到時(si22)到候」		
1342	厚	匣	流	侯	開	一	上	影	h	ai	32	4	hai32	h	aai	6	5	haai6			
1343	后	匣	流	侯	開	一	上	影	h	ai	32	4	hai32	h	aai	6	5	haai6			
1344	後	匣	流	侯	開	一	上	影	h	ai	32	4	hai32	h	aai	6	5	haai6	本讀，{1}「後人」；{2}節儉：四字詞 「留前(tʰɐn22)撿後(hai32)」；{3}過世：「過(kuɔ33)後」		
1345	後	匣	流	侯	開	一	上	影	h	ai	11	4	hai11	h	aai	5	5	haai5	變調，「後日(ŋit11)」丨「後年」丨「大個後日(ŋit11)（大後天）」		
1346	乎	匣	遇	模	開	一	平	影	f	u	22	3	fu22	f	u	4	3	fu4			
1347	呼	曉	遇	模	開	一	平	影	f	u	33	3	fu33	f	u	1	3	fu1			
1348	忽	曉	臻	魂	合	一	入	影	f	ut	55	4	fut55	f	ut	7	4	fut7			
1349	惚	曉	臻	魂	合	一	入	影	f	ut	55	4	fut55	f	ut	7	4	fut7			
1350	囫	#N/A	#N/A	#N/A	#N/A	#N/A	#N/A	#N/A	f	ut	55	4	fut55	f	ut	7	4	fut7			
1351	壺	匣	遇	模	開	一	平	影	ʋ	u	22	3	ʋu22	v	u	4	3	vu4			
1352	弧	匣	遇	模	開	一	平	影	ʋ	u	22	3	ʋu22	v	u	4	3	vu4			
1353	斛	匣	通	東	開	一	入	影	f	ək	32	4	fək32	f	eak	9	5	feak9			
1354	湖	匣	遇	模	開	一	平	影	ʋ	u	22	3	ʋu22	v	u	4	3	vu4			
1355	狐	匣	遇	模	開	一	平	影	ʋ	u	22	3	ʋu22	v	u	4	3	vu4			
1356	瑚	匣	遇	模	開	一	平	影	ʋ	u	22	3	ʋu22	v	u	4	3	vu4			
1357	糊	匣	遇	模	開	一	平	影	ʋ	u	22	3	ʋu22	v	u	4	3	vu4			
1358	胡	匣	遇	模	開	一	平	影	ʋ	u	22	3	ʋu22	v	u	4	3	vu4			
1359	葫	匣	遇	模	開	一	平	影	ʋ	u	22	3	ʋu22	v	u	4	3	vu4	本讀，形容小的物件上面放大的東西：四字詞 「葫(ʋu22)蘆(lou22)頂(ʔɐn55)寶」		
1360	葫	匣	遇	模	開	一	平	影	f	u	22	3	fu22	f	u	4	3	fu4	ʋu22的又讀，「葫蘆」		
1361	葫	匣	遇	模	開	一	平	影	f	u	55	3	fu55	f	u	2	3	fu2	變調，撲克牌Full house：「葫蘆(lou225)」		
1362	蝴	#N/A	#N/A	#N/A	#N/A	#N/A	#N/A	#N/A	ʋ	u	22	3	ʋu22	v	u	4	3	vu4			
1363	鬍	#N/A	#N/A	#N/A	#N/A	#N/A	#N/A	#N/A	ʋ	u	22	3	ʋu22	v	u	4	3	vu4			
1364	唬	曉	假	麻	開	二	去	影	f	u	55	3	fu55	f	u	2	3	fu2			
1365	滸	曉	遇	模	開	一	上	影	f	u	55	3	fu55	f	u	2	3	fu2			
1366	琥	曉	遇	模	開	一	上	影	f	u	55	3	fu55	f	u	2	3	fu2			
1367	虎	曉	遇	模	開	一	上	影	f	u	55	3	fu55	f	u	2	3	fu2			
1368	互	匣	遇	模	開	一	去	影	ʋ	u	32	3	ʋu32	v	u	6	3	vu6			
1369	戶	匣	遇	模	開	一	上	影	f	u	32	3	fu32	f	u	6	3	fu6			
1370	扈	匣	遇	模	開	一	上	影	f	u	32	3	fu32	f	u	6	3	fu6			
1371	滬	匣	遇	模	開	一	上	影	f	u	32	3	fu32	f	u	6	3	fu6			
1372	護	匣	遇	模	開	一	去	影	ʋ	u	32	3	ʋu32	v	u	6	3	vu6			
1373	嘩	#N/A	#N/A	#N/A	#N/A	#N/A	#N/A	#N/A	ʋ	a	22	3	ʋa22	v	aa	4	4	vaa4	「嘩變」		
1374	嘩	#N/A	#N/A	#N/A	#N/A	#N/A	#N/A	#N/A	ʋ	a	32	3	ʋa32	v	aa	6	4	vaa6	語氣助詞：「嘩」		
1375	花	曉	假	麻	合	二	平	影	f	a	33	3	fa33	f	aa	1	4	faa1	本讀，形容面色很好：四字詞「 紅(həŋ22)粉花(fa33)飛(fei33)」		
1376	花	曉	假	麻	合	二	平	影	f	a	11	3	fa11	f	aa	5	4	faa5	變調，{1}撲克牌梅花：「花女（梅花Q）」丨「三(ɬam11)花(fa115)（撲克牌玩法）」；{2}說謊：「花罅」		
1377	滑	匣	山	山	合	二	入	影	ʋ	ɔt	32	4	ʋɔt32	v	ot	9	4	vot9	通腸胃：「滑臟」		
1378	猾	匣	山	山	合	二	入	影	ʋ	ɔt	32	4	ʋɔt32	v	ot	9	4	vot9			
1379	華	匣	假	麻	合	二	平	影	ʋ	a	22	3	ʋa22	v	aa	4	4	vaa4			
1380	譁	曉	假	麻	合	二	平	影	ʋ	a	22	3	ʋa22	v	aa	4	4	vaa4			
1381	劃	匣	梗	耕	合	二	入	影	ʋ	ak	32	4	ʋak32	v	aak	9	5	vaak9	動詞，「劃船」		
1382	劃	匣	梗	耕	合	二	入	影	ʋ	ak	11	4	ʋak11	v	aak	10	5	vaak10	名詞，「筆劃」		
1383	化	曉	假	麻	合	二	去	影	f	a	33	3	fa33	f	aa	1	4	faa1	小孩子不聽話，怎麼教也無濟於事：四字詞 「不入教化」		
1384	畫	匣	梗	耕	合	二	入	影	ʋ	ak	32	4	ʋak32	v	aak	9	5	vaak9	本讀，動詞，「畫畫(ʋa325)」		
1385	畫	匣	梗	耕	合	二	入	影	ʋ	ak	11	4	ʋak11	v	aak	10	5	vaak10	ʋak32的變調，名詞，「筆畫」丨四字詞 「狗屎橫畫(ʋak11)（形容物件放得非常混亂）」		
1386	畫	匣	蟹	佳	合	二	去	影	ʋ	a	32	3	ʋa32	v	aa	6	4	vaa6	本讀，名詞，「畫筆」		
1387	話	匣	蟹	夬	合	二	去	影	ʋ	a	32	3	ʋa32	v	aa	6	4	vaa6			
1388	歪	#N/A	#N/A	#N/A	#N/A	#N/A	#N/A	#N/A	ʋ	ɔi	55	4	ʋɔi55	v	oi	2	4	voi2	本讀，「歪理」		
1389	歪	#N/A	#N/A	#N/A	#N/A	#N/A	#N/A	#N/A	m	iɛ	55	4	miɛ55	m	ie	2	4	mie2	訓讀，「歪啊(ʔa33)」		
1390	歪	#N/A	#N/A	#N/A	#N/A	#N/A	#N/A	#N/A	tsʰ	ɔi	55	6	tsʰɔi55	c	oi	2	4	coi2	訓讀，「歪轉」丨「歪啊(ʔa33)」		
1391	徊	匣	蟹	灰	合	一	平	影	ʋ	uɔi	22	5	ʋuɔi22	v	uoi	4	5	vuoi4			
1392	懷	匣	蟹	皆	合	二	平	影	ʋ	ɔi	22	4	ʋɔi22	v	oi	4	4	voi4			
1393	槐	匣	蟹	皆	合	二	平	影	ʋ	ɔi	22	4	ʋɔi22	v	oi	4	4	voi4			
1394	淮	匣	蟹	皆	合	二	平	影	ʋ	ɔi	22	4	ʋɔi22	v	oi	4	4	voi4			
1395	壞	見	蟹	皆	合	二	去	見	ʋ	ɔi	32	4	ʋɔi32	v	oi	6	4	voi6			
1396	歡	曉	山	寒	合	一	平	影	f	uɔn	33	5	fuɔn33	f	uon	1	5	fuon1			
1397	環	匣	山	刪	合	二	平	影	ʋ	ɔn	22	4	ʋɔn22	v	on	4	4	von4			
1398	還	匣	山	刪	合	二	平	影	ʋ	ɔn	22	4	ʋɔn22	v	on	4	4	von4	本讀，「還錢」		
1399	還	匣	山	刪	合	二	平	影	ʋ	ɔn	11	4	ʋɔn11	v	on	5	4	von5	變調，「還有(jiu11)」丨「還係」		
1400	緩	匣	山	寒	合	一	上	影	f	uɔn	32	5	fuɔn32	f	uon	6	5	fuon6			
1401	喚	曉	山	寒	合	一	去	影	f	uɔn	32	5	fuɔn32	f	uon	6	5	fuon6			
1402	幻	匣	山	山	合	二	去	影	ʋ	ɔn	32	4	ʋɔn32	v	on	6	4	von6			
1403	患	匣	山	刪	合	二	去	影	ʋ	ɔn	32	4	ʋɔn32	v	on	6	4	von6			
1404	換	匣	山	寒	合	一	去	影	ʋ	uɔn	32	5	ʋuɔn32	v	uon	6	5	vuon6	換衣服：「換身」		
1405	渙	曉	蟹	泰	合	一	去	影	f	uɔn	32	5	fuɔn32	f	uon	6	5	fuon6			
1406	煥	曉	山	寒	合	一	去	影	f	uɔn	32	5	fuɔn32	f	uon	6	5	fuon6			
1407	瘓	透	山	寒	合	一	上	端	f	uɔn	32	5	fuɔn32	f	uon	6	5	fuon6			
1408	慌	曉	宕	唐	合	一	上	影	f	ɔŋ	33	4	fɔŋ33	f	ong	1	5	fong1			
1409	荒	曉	宕	唐	合	一	平	影	f	ɔŋ	33	4	fɔŋ33	f	ong	1	5	fong1			
1410	凰	匣	宕	唐	合	一	平	影	ʋ	ɔŋ	22	4	ʋɔŋ22	v	ong	4	5	vong4			
1411	煌	匣	宕	唐	合	一	平	影	ʋ	ɔŋ	22	4	ʋɔŋ22	v	ong	4	5	vong4			
1412	皇	匣	宕	唐	合	一	平	影	ʋ	ɔŋ	22	4	ʋɔŋ22	v	ong	4	5	vong4	皇家同花順：「皇保麒」		
1413	磺	#N/A	#N/A	#N/A	#N/A	#N/A	#N/A	#N/A	ʋ	ɔŋ	22	4	ʋɔŋ22	v	ong	4	5	vong4			
1414	簧	匣	宕	唐	合	一	平	影	ʋ	ɔŋ	22	4	ʋɔŋ22	v	ong	4	5	vong4			
1415	黃	匣	宕	唐	合	一	平	影	ʋ	ɔŋ	22	4	ʋɔŋ22	v	ong	4	5	vong4	本讀，形容人的皮膚很黃：四字詞 「黃(ʋɔŋ22)糖搋(tsʰɔi33)粉」		
1416	黃	匣	宕	唐	合	一	平	影	ʋ	ɔŋ	11	4	ʋɔŋ11	v	ong	5	5	vong5	變調，「蛋黃」		
1417	恍	見	宕	唐	合	一	平	見	f	ɔŋ	55	4	fɔŋ55	f	ong	2	5	fong2			
1418	晃	匣	宕	唐	合	一	上	影	f	ɔŋ	55	4	fɔŋ55	f	ong	2	5	fong2			
1419	謊	#N/A	#N/A	#N/A	#N/A	#N/A	#N/A	#N/A	f	ɔŋ	33	4	fɔŋ33	f	ong	1	5	fong1			
1420	徽	曉	止	微	合	三	平	影	f	ei	33	4	fei33	f	ei	1	4	fei1			
1421	恢	溪	蟹	灰	合	一	平	見	f	uɔi	33	5	fuɔi33	f	uoi	1	5	fuoi1			
1422	揮	曉	止	微	合	三	平	影	f	ei	33	4	fei33	f	ei	1	4	fei1			
1423	暉	曉	止	微	合	三	平	影	f	ei	33	4	fei33	f	ei	1	4	fei1			
1424	灰	曉	蟹	灰	合	一	平	影	f	uɔi	33	5	fuɔi33	f	uoi	1	5	fuoi1	{1}抹水泥的刀具：「灰匙(si115)」；{2}用豬屎和灰混雜在一起，即指人將兩件不相關的事物盲目地摻和：四字詞 「豬屎撈(lau33)灰(fuɔi335)」		
1425	輝	曉	止	微	合	三	平	影	f	ei	33	4	fei33	f	ei	1	4	fei1			
1426	回	匣	蟹	灰	合	一	平	影	ʋ	uɔi	22	5	ʋuɔi22	v	uoi	4	5	vuoi4			
1427	洄	匣	蟹	灰	合	一	平	影	ʋ	uɔi	22	5	ʋuɔi22	v	uoi	4	5	vuoi4			
1428	迴	匣	蟹	灰	合	一	平	影	ʋ	uɔi	22	5	ʋuɔi22	v	uoi	4	5	vuoi4			
1429	悔	曉	蟹	灰	合	一	上	影	f	uɔi	55	5	fuɔi55	f	uoi	2	5	fuoi2			
1430	毀	曉	止	支B	合	三	上	影	f	ei	55	4	fei55	f	ei	2	4	fei2			
1431	匯	溪	蟹	皆	合	二	平	見	ʋ	uɔi	32	5	ʋuɔi32	v	uoi	6	5	vuoi6			
1432	卉	曉	止	微	合	三	上	影	f	ei	55	4	fei55	f	ei	2	4	fei2			
1433	彗	邪	止	脂A	合	三	去	精	f	ei	32	4	fei32	f	ei	6	4	fei6			
1434	彙	云	止	微	合	三	去	影	ʋ	uɔi	32	5	ʋuɔi32	v	uoi	6	5	vuoi6			
1435	惠	匣	蟹	齊	合	四	去	影	f	ei	32	4	fei32	f	ei	6	4	fei6			
1436	慧	匣	蟹	齊	合	四	去	影	f	ei	32	4	fei32	f	ei	6	4	fei6			
1437	晦	曉	蟹	灰	合	一	去	影	f	uɔi	55	5	fuɔi55	f	uoi	2	5	fuoi2			
1438	會	見	蟹	泰	合	一	去	見	ʋ	uɔi	32	5	ʋuɔi32	v	uoi	6	5	vuoi6	「會面」丨「會計」		
1439	會	見	蟹	泰	合	一	去	見	ʋ	uɔi	11	5	ʋuɔi11	v	uoi	5	5	vuoi5	「會做」		
1440	蕙	匣	蟹	齊	合	四	去	影	f	ei	32	4	fei32	f	ei	6	4	fei6			
1441	誨	曉	蟹	灰	合	一	去	影	f	uɔi	55	5	fuɔi55	f	uoi	2	5	fuoi2			
1442	諱	曉	止	微	合	三	去	影	ʋ	ei	55	4	ʋei55	v	ei	2	4	vei2			
1443	賄	曉	蟹	灰	合	一	上	影	h	uɔi	55	5	huɔi55	h	uoi	2	5	huoi2			
1444	婚	曉	臻	魂	合	一	平	影	f	un	33	4	fun33	f	un	1	4	fun1			
1445	昏	曉	臻	魂	合	一	平	影	f	un	33	4	fun33	f	un	1	4	fun1			
1446	混	匣	臻	魂	合	一	上	影	ʋ	un	32	4	ʋun32	v	un	6	4	vun6			
1447	渾	匣	臻	魂	合	一	平	影	ʋ	un	32	4	ʋun32	v	un	6	4	vun6			
1448	葷	曉	臻	魂	合	三	平	影	ʋ	un	22	4	ʋun22	v	un	4	4	vun4			
1449	魂	匣	臻	魂	合	一	平	影	ʋ	un	22	4	ʋun22	v	un	4	4	vun4			
1450	活	見	山	寒	合	一	入	見	ʋ	uɔt	32	5	ʋuɔt32	v	uot	9	5	vuot9	靈活、熟練：「口活（口才好）」		
1451	伙	#N/A	#N/A	#N/A	#N/A	#N/A	#N/A	#N/A	f	uɔ	55	4	fuɔ55	f	uo	2	4	fuo2			
1452	夥	匣	蟹	佳	合	二	上	影	f	uɔ	55	4	fuɔ55	f	uo	2	4	fuo2			
1453	火	曉	果	歌	合	一	上	影	f	uɔ	55	4	fuɔ55	f	uo	2	4	fuo2	{1}辦法，來源於「法子」的變音：「火子」；{2}煤油：「火水」		
1454	惑	匣	曾	登	合	一	入	影	ʋ	ak	32	4	ʋak32	v	aak	9	5	vaak9			
1455	或	匣	曾	登	合	一	入	影	ʋ	ak	32	4	ʋak32	v	aak	9	5	vaak9			
1456	獲	匣	梗	耕	合	二	入	影	ʋ	ɔk	32	4	ʋɔk32	v	ok	9	4	vok9			
1457	禍	匣	果	歌	合	一	上	影	ʋ	uɔ	32	4	ʋuɔ32	v	uo	6	4	vuo6			
1458	穫	匣	宕	唐	合	一	入	影	ʋ	ɔk	32	4	ʋɔk32	v	ok	9	4	vok9			
1459	貨	曉	果	歌	合	一	去	影	f	uɔ	33	4	fuɔ33	f	uo	1	4	fuo1	形勢向好：「起貨」		
1460	霍	曉	宕	唐	合	一	入	影	kʰ	ɔk	33	5	kʰɔk33	k	ok	8	4	kok8			
1461	几	見	止	脂B	開	三	上	見	k	ei	33	4	kei33	g	ei	1	4	gei1			
1462	唧	精	臻	真A	開	三	入	精	t	ɐt	55	4	tɐt55	d	at	7	4	dat7			
1463	嘰	見	止	微	開	三	平	見	k	ei	55	4	kei55	g	ei	2	4	gei2			
1464	圾	#N/A	#N/A	#N/A	#N/A	#N/A	#N/A	#N/A	ɬ	ap	55	4	ɬap55	sl	aap	7	6	slaap7			
1465	圾	#N/A	#N/A	#N/A	#N/A	#N/A	#N/A	#N/A	ɬ	əp	55	4	ɬəp55	sl	eap	7	6	sleap7	兩者都是普遍讀音，以「ləp ɬəp」居多		
1466	基	見	止	之	開	三	平	見	k	ei	33	4	kei33	g	ei	1	4	gei1	本讀，「基礎」		
1467	基	見	止	之	開	三	平	見	k	ei	11	4	kei11	g	ei	5	4	gei5	變調，名詞，「塘基」丨「一條基」		
1468	姬	以	止	之	開	三	平	以	k	ei	33	4	kei33	g	ei	1	4	gei1			
1469	朞	见	止	之	開	三	平	見	k	ei	33	4	kei33	g	ei	1	4	gei1			
1470	機	見	止	微	開	三	平	見	k	ei	33	4	kei33	g	ei	1	4	gei1	夾克衫：「機裇」		
1471	激	見	效	蕭	開	四	去	見	k	ɐt	55	4	kɐt55	g	at	7	4	gat7	{1}激勵：「甘激（軟硬兼施）」丨四字詞 「甘甘激激（軟硬兼施）」；{2}惹人生氣：「激」丨四字詞 「激氣(hei33)激候（形容小孩子不聽話，惹家長生氣）」		
1472	犄	影	止	支B	開	三	平	影	k	ei	33	4	kei33	g	ei	1	4	gei1			
1473	畸	見	止	支B	開	三	平	見	kʰ	ei	33	5	kʰei33	k	ei	1	4	kei1	本讀，「正畸」		
1474	畸	見	止	支B	開	三	平	見	kʰ	ei	55	5	kʰei55	k	ei	2	4	kei2	變調，「畸形」		
1475	磯	見	止	微	開	三	平	見	k	ei	33	4	kei33	g	ei	1	4	gei1			
1476	積	精	止	支A	開	三	去	精	t	ɐt	55	4	tɐt55	d	at	7	4	dat7			
1477	箕	見	止	之	開	三	平	見	k	ei	11	4	kei11	g	ei	5	4	gei5			
1478	緝	清	深	侵A	開	三	入	精	tʰ	ip	55	5	tʰip55	t	ip	7	4	tip7	文讀，「通緝」		
1479	緝	清	深	侵A	開	三	入	精	ts	əp	55	5	tsəp55	c	eap	7	5	ceap7	白讀，用手捉住：「緝住佢件衫，俾佢冇處跑」		
1480	績	精	梗	青	開	四	入	精	t	ɐt	55	4	tɐt55	d	at	7	4	dat7			
1481	肌	見	止	脂B	開	三	平	見	k	ei	33	4	kei33	g	ei	1	4	gei1			
1482	譏	見	止	微	開	三	平	見	k	ei	33	4	kei33	g	ei	1	4	gei1			
1483	跡	精	梗	清A	開	三	入	精	t	ɐt	55	4	tɐt55	d	at	7	4	dat7			
1484	蹟	精	梗	清A	開	三	入	精	t	ɐt	55	4	tɐt55	d	at	7	4	dat7			
1485	雞	見	蟹	齊	開	四	平	見	k	ɔi	33	4	kɔi33	g	oi	1	4	goi1	本讀，{1}股份、下注：「雞頭(hai225)」；{2}即將死的雞用腳撐電飯煲蓋，比喻做錯事或處於下風時，卻不認衰還為自己開脫的行為：四字詞 「死雞(kɔi335)撐(tsʰaŋ33)腳(kik33)」；{3}下巴：「雞臀」；{4}益力多：「益力雞(kɔi335)」；{5}棕色：「雞屎色」		
1486	雞	見	蟹	齊	開	四	平	見	k	ɔi	11	4	kɔi11	g	oi	5	4	goi5	變調，眼挑針：「睇人屙屎生公雞(kɔi11)」		
1487	飢	見	止	脂B	開	三	平	見	k	ei	33	4	kei33	g	ei	1	4	gei1	肚子餓：「肚飢」		
1488	饑	見	止	微	開	三	平	見	k	ei	33	4	kei33	g	ei	1	4	gei1			
1489	即	精	曾	蒸	開	三	入	精	t	ɐt	55	4	tɐt55	d	at	7	4	dat7	一向：「即了」		
1490	及	羣	深	侵B	開	三	入	見	k	iɛp	32	5	kiɛp32	g	iep	9	5	giep9			
1491	吉	見	臻	真A	開	三	入	見	k	it	55	4	kit55	g	it	7	4	git7	陳夢吉的俗稱：「陳(tsʰin22)篷吉」		
1492	岌	疑	深	侵B	開	三	入	見	kʰ	ip	55	5	kʰip55	k	ip	7	4	kip7			
1493	急	見	深	侵B	開	三	入	見	k	ip	55	4	kip55	g	ip	7	4	gip7			
1494	擊	見	梗	青	開	四	入	見	k	ɐt	55	4	kɐt55	g	at	7	4	gat7			
1495	棘	見	曾	蒸	開	三	入	見	k	ɐt	55	4	kɐt55	g	at	7	4	gat7			
1496	極	羣	曾	蒸	開	三	入	見	k	ɐt	32	4	kɐt32	g	at	9	4	gat9	副詞，表示三番四次：「講極你都唔明」		
1497	汲	見	深	侵B	開	三	入	見	kʰ	ip	55	5	kʰip55	k	ip	7	4	kip7			
1498	疾	從	臻	真A	開	三	入	精	t	ip	32	4	tip32	d	ip	9	4	dip9			
1499	籍	從	梗	清A	開	三	入	精	t	ɐt	32	4	tɐt32	d	at	9	4	dat9			
1500	級	見	深	侵B	開	三	入	見	kʰ	ip	55	5	kʰip55	k	ip	7	4	kip7			
1501	輯	從	深	侵A	開	三	入	精	tʰ	ip	55	5	tʰip55	t	ip	7	4	tip7			
1502	集	從	深	侵A	開	三	入	精	t	ap	32	4	tap32	d	aap	9	5	daap9			
1503	己	見	止	之	開	三	上	見	k	ei	55	4	kei55	g	ei	2	4	gei2			
1504	幾	見	止	微	開	三	平	見	k	ei	33	4	kei33	g	ei	1	4	gei1	「幾乎」		
1505	幾	羣	止	微	開	三	平	見	k	ei	55	4	kei55	g	ei	2	4	gei2	{1}不知道：「幾(kei55)啊(ʔa33)（不知道）」；{2}大門鎖：「門(muɔn22)幾」；{3}無論如何：「幾大」		
1506	擠	精	蟹	齊	開	四	平	精	t	ɔi	55	4	tɔi55	d	oi	2	4	doi2			
1507	脊	精	梗	清A	開	三	入	精	t	iɐk	33	5	tiɐk33	d	iak	8	5	diak8	文讀，「脊梁」		
1508	脊	精	梗	清A	開	三	入	精	t	iɐk	11	5	tiɐk11	d	iak	10	5	diak10	變調，「背(puoi33 )脊」		
1509	劑	精	止	支A	合	三	平	精	t	ɔi	55	4	tɔi55	d	oi	2	4	doi2			
1510	妓	羣	止	支B	開	三	上	見	k	ei	32	4	kei32	g	ei	6	4	gei6			
1511	季	見	止	脂A	合	三	去	見	k	ei	33	4	kei33	g	ei	1	4	gei1			
1512	寄	見	止	支B	開	三	去	見	k	ei	33	4	kei33	g	ei	1	4	gei1			
1513	忌	羣	止	之	開	三	去	見	k	ei	32	4	kei32	g	ei	6	4	gei6			
1514	悸	羣	止	脂A	合	三	去	見	k	ei	33	4	kei33	g	ei	1	4	gei1			
1515	技	羣	止	支B	開	三	上	見	k	ei	32	4	kei32	g	ei	6	4	gei6			
1516	既	見	止	微	開	三	去	見	k	ei	33	4	kei33	g	ei	1	4	gei1			
1517	暨	羣	止	脂B	開	三	去	見	k	ei	33	4	kei33	g	ei	1	4	gei1			
1518	濟	精	蟹	齊	開	四	去	精	t	ɔi	33	4	tɔi33	d	oi	1	4	doi1	塞得下、食量大：「濟得(ʔak33)」		
1519	祭	精	蟹	祭A	開	三	去	精	t	ɔi	33	4	tɔi33	d	oi	1	4	doi1			
1520	紀	見	止	之	開	三	上	見	k	ei	55	4	kei55	g	ei	2	4	gei2			
1521	繼	見	蟹	齊	開	四	去	見	k	ɔi	33	4	kɔi33	g	oi	1	4	goi1			
1522	計	見	蟹	齊	開	四	去	見	k	ɔi	33	4	kɔi33	g	oi	1	4	goi1	比喻人詭計多端，多作調侃：四字詞 「屎計(kɔi335)流流」		
1523	記	見	止	之	開	三	去	見	k	ei	33	4	kei33	g	ei	1	4	gei1			
1524	際	精	蟹	祭A	開	三	去	精	t	ɔi	33	4	tɔi33	d	oi	1	4	doi1	本讀，「國際」		
1525	際	#N/A	#N/A	#N/A	#N/A	#N/A	#N/A	#N/A	t	ɔi	55	4	tɔi55	d	oi	2	4	doi2	變調，名詞，邊，一般只表示外面：「外(ŋɔi32)際」丨「出際」		
1526	髻	見	蟹	齊	開	四	去	見	k	ɔi	11	4	kɔi11	g	oi	5	4	goi5	紅色用來綁蔥蒜在門口的繩：「髻繩」		
1527	伽	羣	果	歌	開	三	平	見	k	a	33	3	ka33	g	aa	1	4	gaa1			
1528	佳	見	蟹	佳	開	二	平	見	k	ɔi	33	4	kɔi33	g	oi	1	4	goi1			
1529	傢	#N/A	#N/A	#N/A	#N/A	#N/A	#N/A	#N/A	k	a	33	3	ka33	g	aa	1	4	gaa1			
1530	加	見	假	麻	開	二	平	見	k	a	33	3	ka33	g	aa	1	4	gaa1	更加：「加利(lei325)」		
1531	嘉	見	假	麻	開	二	平	見	k	a	33	3	ka33	g	aa	1	4	gaa1			
1532	夾	見	咸	咸	開	二	入	見	k	ap	33	4	kap33	g	aap	8	5	gaap8	本讀，{1}夾克：「夾仔(tuɔi55)」；{2}保險櫃：「夾馬(ma115)」意；{3}表程度，完成、光：「做夾」；{4}量詞，對：「一夾」；{5}合得來：「我同你夾」		
1533	夾	見	咸	咸	開	二	入	見	k	ap	11	4	kap11	g	aap	10	5	gaap10	變調，形容親戚間的關係生疏：四字詞 「姑(ku33)婆(pʰou22)狗夾(kap11)」		
1534	家	見	假	麻	開	二	平	見	k	a	33	3	ka33	g	aa	1	4	gaa1	本讀，{1}光鮮：「家勢」；{2}工具：「家生(saŋ33)」；{3}指做東西可順帶在家裡做，以免浪費人力財力在外面找人解決，亦更方便處理：四字詞 「就(tiu32)家(ka33)就(tiu32)務」		
1535	家	見	假	麻	開	二	平	見	k	a	11	3	ka11	g	aa	5	4	gaa5	變調，{1}遊戲的參與者：「家（每個參與者）」丨「唔夠家（不夠人玩）」丨「上(siŋ32)家」丨「下(ha32)家」；{2}代詞：「大家(ka115)」丨「㑢家(ka115)（他們）」；{3}量詞，人：「兩家(ka115)（兩個人）」丨「兩家(ka115)佬（兩個人）」		
1536	枷	羣	果	歌	開	三	平	見	k	a	33	3	ka33	g	aa	1	4	gaa1			
1537	迦	見	果	歌	開	三	平	見	k	a	33	3	ka33	g	aa	1	4	gaa1			
1538	舺	#N/A	#N/A	#N/A	#N/A	#N/A	#N/A	#N/A	k	ap	55	4	kap55	g	aap	7	5	gaap7			
1539	莢	見	咸	添	開	四	入	見	k	ap	33	4	kap33	g	aap	8	5	gaap8			
1540	頰	見	咸	添	開	四	入	見	k	ap	33	4	kap33	g	aap	8	5	gaap8			
1541	假	見	假	麻	開	二	上	見	k	a	55	3	ka55	g	aa	2	4	gaa2	{1}胡扯：「講假」；{2}自以為是、自作聰明，又作「假屎令叻」：四字詞  「令屎假叻」；{3}裝模作樣：「詐假 帝(tɔi115)」		
1542	甲	見	咸	銜	開	二	入	見	k	ap	55	4	kap55	g	aap	7	5	gaap7	本讀，「甲乙丙丁」丨「甲魚」丨「甲胄」		
1543	甲	見	咸	銜	開	二	入	見	k	ap	33	4	kap33	g	aap	8	5	gaap8	變調，「陷甲（嵌甲）」		
1544	甲	見	咸	銜	開	二	入	見	k	ap	11	4	kap11	g	aap	10	5	gaap10	變調，指甲、腳指甲：「手甲」丨「腳甲」丨「手甲剪（指甲鉗）」		
1545	價	見	假	麻	開	二	去	見	k	a	33	3	ka33	g	aa	1	4	gaa1			
1546	嫁	見	假	麻	開	二	去	見	k	a	33	3	ka33	g	aa	1	4	gaa1			
1547	架	見	假	麻	開	二	去	見	k	a	33	3	ka33	g	aa	1	4	gaa1	本讀，「招架」「架生」		
1548	架	見	假	麻	開	二	去	見	k	a	11	3	ka11	g	aa	5	4	gaa5	變調，{1}還沒…就：「未先架」；{2}面子、尊嚴：「吊架」；{3}量詞，修飾機械：「一架車」		
1549	駕	見	假	麻	開	二	去	見	k	a	33	3	ka33	g	aa	1	4	gaa1			
1550	兼	見	咸	添	開	四	平	見	k	iɛm	33	5	kiɛm33	g	iem	1	5	giem1			
1551	堅	見	山	先	開	四	平	見	k	ɐn	33	4	kɐn33	g	an	1	4	gan1			
1552	奸	見	山	寒	開	一	平	見	k	ɔn	33	4	kɔn33	g	on	1	4	gon1			
1553	姦	見	山	刪	開	二	平	見	k	ɔn	33	4	kɔn33	g	on	1	4	gon1			
1554	尖	精	咸	鹽A	開	三	平	精	t	iɛm	33	5	tiɛm33	d	iem	1	5	diem1	本讀，{1}副詞，表程度較大：「頂ʔɐn55尖」；{2}形容詞，特別、別緻：「頂ʔɐn55尖」		
1555	尖	精	咸	鹽A	開	三	平	精	t	iɛm	11	5	tiɛm11	d	iem	5	5	diem5	變調，名詞，「打尖」丨「雞翼尖」		
1556	煎	精	山	仙A	開	三	平	精	t	ɐn	33	4	tɐn33	d	an	1	4	dan1			
1557	監	見	咸	銜	開	二	平	見	k	am	33	4	kam33	g	aam	1	5	gaam1			
1558	緘	見	咸	咸	開	二	平	見	k	am	33	4	kam33	g	aam	1	5	gaam1			
1559	肩	見	山	先	開	四	平	見	k	ɔn	33	4	kɔn33	g	on	1	4	gon1			
1560	艱	見	山	山	開	二	平	見	k	ɔn	33	4	kɔn33	g	on	1	4	gon1			
1561	間	#N/A	#N/A	#N/A	#N/A	#N/A	#N/A	#N/A	k	ɔn	33	4	kɔn33	g	on	1	4	gon1	本讀，{1}量詞，「一間房」；{2}動詞，分隔開：「間開」		
1562	間	#N/A	#N/A	#N/A	#N/A	#N/A	#N/A	#N/A	k	ɔn	11	4	kɔn11	g	on	5	4	gon5	變調，名詞，房間：「單(ʔɔn33)間」		
1563	儉	羣	咸	鹽B	開	三	上	見	k	iɛm	32	5	kiɛm32	g	iem	6	5	giem6			
1564	剪	精	山	仙A	開	三	上	精	t	ɐn	55	4	tɐn55	d	an	2	4	dan2	本讀，「剪毛（剪頭髮）」		
1565	剪	#N/A	#N/A	#N/A	#N/A	#N/A	#N/A	#N/A	t	ɐn	11	4	tɐn11	d	an	5	4	dan5	訓讀，副詞，修飾短：「短tɐn11短tɐn115」		
1566	揀	見	山	山	開	二	上	見	k	ɔn	55	4	kɔn55	g	on	2	4	gon2			
1567	撿	來	咸	鹽A	開	三	上	來	k	iɛm	55	5	kiɛm55	g	iem	2	5	giem2	{1}指保存、儲存：「撿」丨四字詞 「留前(tʰɐn22)撿後(hai32)（節儉）」；{2}剩餘性命：「唔撿久」；{3}收拾：「撿枱」		
1568	檢	見	咸	鹽B	開	三	上	見	k	iɛm	55	5	kiɛm55	g	iem	2	5	giem2			
1569	減	匣	咸	咸	開	二	上	影	k	am	55	4	kam55	g	aam	2	5	gaam2	{1}撥，多用於飯菜：「減乃飯」；{2}一些、一點：「吃減尐飯」		
1570	瞼	見	咸	鹽B	開	三	上	見	k	iɛm	55	5	kiɛm55	g	iem	2	5	giem2			
1571	簡	見	山	山	開	二	上	見	k	ɔn	55	4	kɔn55	g	on	2	4	gon2			
1572	繭	見	山	先	開	四	上	見	k	ɔn	55	4	kɔn55	g	on	2	4	gon2			
1573	鹼	清	咸	鹽A	開	三	平	精	k	ɔn	55	4	kɔn55	g	on	2	4	gon2			
1574	件	羣	山	仙B	開	三	上	見	k	ɐn	32	4	kɐn32	g	an	6	4	gan6			
1575	健	羣	山	元	開	三	去	見	k	ɐn	32	4	kɐn32	g	an	6	4	gan6			
1576	劍	#N/A	#N/A	#N/A	#N/A	#N/A	#N/A	#N/A	k	iɛm	33	5	kiɛm33	g	iem	1	5	giem1			
1577	建	見	山	元	開	三	去	見	k	ɐn	32	4	kɐn32	g	an	6	4	gan6			
1578	檻	匣	咸	銜	開	二	上	影	l	am	32	4	lam32	l	aam	6	5	laam6			
1579	毽	#N/A	#N/A	#N/A	#N/A	#N/A	#N/A	#N/A	j	ɐn	33	4	jɐn33	j	an	1	4	jan1			
1580	漸	從	咸	鹽A	開	三	上	精	t	iɛm	32	5	tiɛm32	d	iem	6	5	diem6	「漸(tiɛm11)漸(tiɛm115)」		
1581	澗	見	山	刪	開	二	去	見	k	ɔn	33	4	kɔn33	g	on	1	4	gon1			
1582	濺	精	山	仙A	開	三	去	精	t	ɐn	32	4	tɐn32	d	an	6	4	dan6	「濺射」		
1583	濺	精	山	先	開	四	平	精	t	ɐn	33	4	tɐn33	d	an	1	4	dan1	「流水鳴濺濺」		
1584	箭	精	山	仙A	開	三	去	精	t	ɐn	33	4	tɐn33	d	an	1	4	dan1			
1585	艦	匣	咸	銜	開	二	上	影	l	am	32	4	lam32	l	aam	6	5	laam6			
1586	荐	從	山	先	開	四	去	精	t	ɐn	33	4	tɐn33	d	an	1	4	dan1			
1587	薦	精	山	先	開	四	去	精	t	ɐn	33	4	tɐn33	d	an	1	4	dan1			
1588	見	見	山	先	開	四	去	見	k	ɐn	33	4	kɐn33	g	an	1	4	gan1	本讀，「看見」		
1589	見	匣	山	先	開	四	去	影	j	iɛn	32	5	jiɛn32	j	ien	6	5	jien6	同「現」		
1590	見	見	山	先	開	四	去	見	k	ɐn	55	4	kɐn55	g	an	2	4	gan2	變調，固執：「一見」		
1591	諫	見	山	刪	開	二	去	見	k	ɔn	33	4	kɔn33	g	on	1	4	gon1			
1592	賤	從	山	仙A	開	三	去	精	t	ɐn	32	4	tɐn32	d	an	6	4	dan6			
1593	踐	從	山	仙A	開	三	上	精	t	ɐn	32	4	tɐn32	d	an	6	4	dan6			
1594	鍵	羣	山	仙B	開	三	平	見	k	ɐn	32	4	kɐn32	g	an	6	4	gan6			
1595	鑑	見	咸	銜	開	二	平	見	k	am	33	4	kam33	g	aam	1	5	gaam1			
1596	餞	從	山	仙A	開	三	上	精	t	ɐn	32	4	tɐn32	d	an	6	4	dan6	「餞行」		
1597	餞	從	山	仙A	開	三	上	精	t	ɐn	55	4	tɐn55	d	an	2	4	dan2	以炒熟磨細的糯米和糖組合，結婚常用：「炒米餞」		
1598	僵	見	宕	陽	開	三	平	見	k	iŋ	33	4	kiŋ33	g	iing	1	6	giing1			
1599	姜	見	宕	陽	開	三	平	見	k	iŋ	33	4	kiŋ33	g	iing	1	6	giing1			
1600	將	精	宕	陽	開	三	平	精	t	iŋ	33	4	tiŋ33	d	iing	1	6	diing1			
1601	江	見	江	江	開	二	平	見	k	ɔŋ	33	4	kɔŋ33	g	ong	1	5	gong1			
1602	漿	精	宕	陽	開	三	平	精	t	iŋ	33	4	tiŋ33	d	iing	1	6	diing1	本讀，「漿糊」		
1603	漿	精	宕	陽	開	三	平	精	t	iŋ	11	4	tiŋ11	d	iing	5	6	diing5	變調，「泥漿」丨「起漿」		
1604	疆	見	宕	陽	開	三	平	見	k	iŋ	33	4	kiŋ33	g	iing	1	6	giing1			
1605	薑	見	宕	陽	開	三	平	見	k	iŋ	33	4	kiŋ33	g	iing	1	6	giing1			
1606	韁	見	宕	陽	開	三	平	見	k	iŋ	33	4	kiŋ33	g	iing	1	6	giing1			
1607	槳	精	宕	陽	開	三	上	精	t	iŋ	55	4	tiŋ55	d	iing	2	6	diing2			
1608	獎	精	宕	陽	開	三	上	精	t	iŋ	55	4	tiŋ55	d	iing	2	6	diing2			
1609	蔣	精	宕	陽	開	三	平	精	t	iŋ	55	4	tiŋ55	d	iing	2	6	diing2			
1610	講	見	江	江	開	二	上	見	k	ɔŋ	55	4	kɔŋ55	g	ong	2	5	gong2	{1}斤斤計較：四字詞 「講功講容」；{2}做了...先：「講先」；{3}副詞，才：「你罵我我講駁你嘴」		
1611	匠	從	宕	陽	開	三	去	精	t	iŋ	32	4	tiŋ32	d	iing	6	6	diing6			
1612	醬	精	宕	陽	開	三	去	精	t	iŋ	33	4	tiŋ33	d	iing	1	6	diing1			
1613	降	見	江	江	開	二	去	見	k	ɔŋ	33	4	kɔŋ33	g	ong	1	5	gong1	「降落(lɔk32)」		
1614	降	匣	江	江	開	二	平	影	h	ɔŋ	22	4	hɔŋ22	h	ong	4	5	hong4	「投降」		
1615	交	見	效	肴	開	二	平	見	k	au	33	4	kau33	g	aau	1	5	gaau1	本讀，「交收」		
1616	交	見	效	肴	開	二	平	見	k	au	11	4	kau11	g	aau	5	5	gaau5	變調，打架：「打交(kau115)」		
1617	嬌	見	效	宵B	開	三	平	見	k	iɐu	33	5	kiɐu33	g	iau	1	5	giau1	形容小女孩很嗲，養尊處優慣的樣子：四字詞 「嬌氣(hei33)蜢(maŋ55)命(miɐŋ32)」		
1618	椒	精	效	宵A	開	三	平	精	t	iɐu	33	5	tiɐu33	d	iau	1	5	diau1			
1619	焦	精	效	宵A	開	三	平	精	t	iɐu	33	5	tiɐu33	d	iau	1	5	diau1			
1620	礁	#N/A	#N/A	#N/A	#N/A	#N/A	#N/A	#N/A	t	iɐu	33	5	tiɐu33	d	iau	1	5	diau1			
1621	膠	見	效	肴	開	二	平	見	k	au	33	4	kau33	g	aau	1	5	gaau1			
1622	蕉	精	效	宵A	開	三	平	精	t	iɐu	33	5	tiɐu33	d	iau	1	5	diau1	本讀，「芭蕉」		
1623	蕉	精	效	宵A	開	三	平	精	t	iɐu	11	5	tiɐu11	d	iau	5	5	diau5	變調，「一梳蕉(tiɐu115)」丨「香蕉」丨「粉蕉」；訓讀，{1}一下、一次：「一蕉」；{2}助詞，用在動詞後綴，修飾動詞：「整蕉（受傷）」丨「跌蕉（摔到）」丨「嚇蕉（被嚇到）」		
1624	蛟	見	效	肴	開	二	平	見	k	au	33	4	kau33	g	aau	1	5	gaau1			
1625	跤	溪	效	肴	開	二	平	見	k	au	33	4	kau33	g	aau	1	5	gaau1			
1626	郊	見	效	肴	開	二	平	見	k	au	33	4	kau33	g	aau	1	5	gaau1			
1627	驕	見	效	宵B	開	三	平	見	k	iɐu	33	5	kiɐu33	g	iau	1	5	giau1			
1628	剿	精	效	小	開	三	上	精	t	iɐu	55	5	tiɐu55	d	iau	2	5	diau2			
1629	攪	見	效	肴	開	二	上	見	k	au	55	4	kau55	g	aau	2	5	gaau2			
1630	狡	見	效	肴	開	二	上	見	k	au	55	4	kau55	g	aau	2	5	gaau2			
1631	皎	見	效	蕭	開	四	上	見	k	au	55	4	kau55	g	aau	2	5	gaau2			
1632	矯	見	效	宵B	開	三	上	見	k	iɐu	55	5	kiɐu55	g	iau	2	5	giau2			
1633	絞	見	效	肴	開	二	上	見	k	au	55	4	kau55	g	aau	2	5	gaau2	本讀，「絞肉」		
1634	絞	見	效	肴	開	二	上	見	kʰ	au	55	5	kʰau55	k	aau	2	5	kaau2	又讀，「絞絲(ɬi11)」		
1635	繳	見	效	蕭	開	四	上	見	k	iɐu	55	5	kiɐu55	g	iau	2	5	giau2			
1636	腳	見	宕	陽	開	三	入	見	k	ik	33	4	kik33	g	iik	8	5	giik8	本讀，{1}拍馬屁：「托大腳」；{2}下的注，多用於撲克遊戲「話事」：「腳魄地」；{3}形容很近：「兩步腳」；{4}抽筋：「腳反筋(kin335)」；{5}即將死的雞用腳撐電飯煲蓋，比喻做錯事或處於下風時，卻不認衰還為自己開脫的行為：四字詞 「死雞(kɔi335)撐(tsʰaŋ33)腳(kik33)」		
1637	腳	見	宕	陽	開	三	入	見	k	ik	11	4	kik11	g	iik	10	5	giik10	變調，「香腳」、「豬腳」等。亦可指「食物殘渣」，如「湯腳」即「湯渣」；赤腳：「單猜腳(kik115)」		
1638	角	來	通	東	開	一	入	來	k	ɔk	33	4	kɔk33	g	ok	8	4	gok8	本讀，「八(pɔt33)角」丨「豆(ʔai32)角」		
1639	角	來	通	東	開	一	入	來	k	ɔk	11	4	kɔk11	g	ok	10	4	gok10	又讀，{1}撲克牌方塊：「角織」；{2}兩頭尖的糍：「角仔(tuɔi55)」；{3}「角落(lɔk11)」丨「田(hɐn22)角(水稻田)」；{4}微不足道：四字詞 「蚊追牛(ŋai22)角(kɔk11)」		
1640	餃	#N/A	#N/A	#N/A	#N/A	#N/A	#N/A	#N/A	k	au	55	4	kau55	g	aau	2	5	gaau2			
1641	叫	見	效	蕭	開	四	去	見	k	iɐu	33	5	kiɐu33	g	iau	1	5	giau1			
1642	教	見	效	肴	開	二	去	見	k	au	33	4	kau33	g	aau	1	5	gaau1	{1}沒教養：「失教」；{2}小孩子不聽話，怎麼教也無濟於事：四字詞 「不入教化」		
1643	窖	見	效	肴	開	二	去	見	k	au	33	4	kau33	g	aau	1	5	gaau1			
1644	滘	#N/A	#N/A	#N/A	#N/A	#N/A	#N/A	#N/A	k	au	33	4	kau33	g	aau	1	5	gaau1			
1645	較	見	效	肴	開	二	去	見	k	au	33	4	kau33	g	aau	1	5	gaau1			
1646	轎	羣	效	宵B	開	三	平	見	k	iɐu	32	5	kiɐu32	g	iau	6	5	giau6			
1647	酵	見	效	肴	開	二	去	見	h	au	33	4	hau33	h	aau	1	5	haau1			
1648	接	精	咸	鹽A	開	三	入	精	t	iɛp	55	5	tiɛp55	d	iep	7	5	diep7	本讀，「直接」「接受」「接觸」		
1649	接	精	咸	鹽A	開	三	入	精	t	iɛp	33	5	tiɛp33	d	iep	8	5	diep8	又讀，「接送」丨「接客」		
1650	揭	溪	蟹	祭B	開	三	去	見	kʰ	ɐt	33	5	kʰɐt33	k	at	8	4	kat8			
1651	皆	見	蟹	皆	開	二	平	見	k	ɔi	33	4	kɔi33	g	oi	1	4	goi1			
1652	街	見	蟹	佳	開	二	平	見	k	ɔi	11	4	kɔi11	g	oi	5	4	goi5	習讀，{1}「街邊」；{2}眼挑針：「公(kəŋ33)街」		
1653	街	見	蟹	佳	開	二	平	見	k	ɔi	55	4	kɔi55	g	oi	2	4	goi2	變調，「街市」丨「街坊」		
1654	階	見	蟹	皆	開	二	平	見	k	ɔi	33	4	kɔi33	g	oi	1	4	goi1	地磚：「階磚」		
1655	傑	羣	山	仙B	開	三	入	見	k	ɐt	32	4	kɐt32	g	at	9	4	gat9			
1656	劫	見	咸	嚴	開	三	入	見	k	iɛp	55	5	kiɛp55	g	iep	7	5	giep7			
1657	截	從	山	先	開	四	入	精	t	ɐt	32	4	tɐt32	d	at	9	4	dat9			
1658	拮	見	臻	真A	開	三	入	見	k	ɐt	55	4	kɐt55	g	at	7	4	gat7	文讀，「拮据」		
1659	拮	見	臻	真A	開	三	入	見	k	it	33	4	kit33	g	it	8	4	git8	白讀，刺、戳：「用針拮你會痛嗎」		
1660	捷	從	咸	鹽A	開	三	入	精	t	iɛp	32	5	tiɛp32	d	iep	9	5	diep9			
1661	杰	羣	山	仙B	開	三	入	見	k	ɐt	32	4	kɐt32	g	at	9	4	gat9			
1662	桔	見	山	先	開	四	入	見	k	ɐt	55	4	kɐt55	g	at	7	4	gat7	「桔梗」		
1663	桔	見	山	先	開	四	入	見	k	it	55	4	kit55	g	it	7	4	git7	「年桔」丨四字詞 「青(tʰiɐŋ33)臂綠桔(kit55)（形容一樣東西不熟，多指水果 。可能是「青皮(pʰei11)綠桔」演化）」		
1664	潔	見	山	先	開	四	入	見	k	ɐt	55	4	kɐt55	g	at	7	4	gat7			
1665	睫	精	咸	鹽A	開	三	入	精	t	iɛp	32	5	tiɛp32	d	iep	9	5	diep9			
1666	節	精	山	先	開	四	入	精	t	ɐt	55	4	tɐt55	d	at	7	4	dat7	本讀，{1}「節日」{2}形容跌落的狀態：「節節跌」		
1667	節	精	山	先	開	四	入	精	t	ɐt	33	4	tɐt33	d	at	8	4	dat8	又讀，「過節（過節日）」丨「時節」		
1668	節	精	山	先	開	四	入	精	t	ɐt	11	4	tɐt11	d	at	10	4	dat10	變調，{1}結節：「竹節」；{2}形容跌落的狀態：「節節跌」		
1669	結	見	山	先	開	四	入	見	k	ɐt	55	4	kɐt55	g	at	7	4	gat7	本讀，{1}教條主義、信奉傳統儀式或迷信的做法：「結識」；{2}便秘：「結屎」		
1670	結	#N/A	#N/A	#N/A	#N/A	#N/A	#N/A	#N/A	k	ɐt	33	4	kɐt33	g	at	8	4	gat8	變調，動詞，扣鈕扣：「結鈕」		
1671	姐	精	假	麻	開	三	上	精	t	iɛ	55	4	tiɛ55	d	ie	2	4	die2	對稍相較自己年長的女性的稱呼：「大姐」		
1672	解	見	蟹	佳	開	二	上	見	k	ɔi	55	4	kɔi55	g	oi	2	4	goi2	意思：「解義」丨「幾解（為什麼）」		
1673	解	匣	蟹	佳	開	二	去	影	h	ɔi	32	4	hɔi32	h	oi	6	4	hoi6	「解姓」		
1674	介	見	蟹	皆	開	二	去	見	k	ɔi	33	4	kɔi33	g	oi	1	4	goi1			
1675	蚧	#N/A	#N/A	#N/A	#N/A	#N/A	#N/A	#N/A	k	ɔi	55	4	kɔi55	g	oi	2	4	goi2	「蛤(kəp55)蚧」		
1676	蚧	#N/A	#N/A	#N/A	#N/A	#N/A	#N/A	#N/A	k	ɔi	11	4	kɔi11	g	oi	5	4	goi5	樹蛙：「拿離蚧(kɔi11)」		
1677	借	精	假	麻	開	三	去	精	t	iɛ	33	4	tiɛ33	d	ie	1	4	die1			
1678	屆	見	蟹	皆	開	二	去	見	k	ɔi	33	4	kɔi33	g	oi	1	4	goi1			
1679	戒	見	蟹	皆	開	二	去	見	k	ɔi	33	4	kɔi33	g	oi	1	4	goi1			
1680	界	見	蟹	皆	開	二	去	見	k	ɔi	33	4	kɔi33	g	oi	1	4	goi1			
1681	芥	見	蟹	皆	開	二	去	見	k	ɔi	33	4	kɔi33	g	oi	1	4	goi1			
1682	藉	從	假	麻	開	三	去	精	t	ɐt	32	4	tɐt32	d	at	9	4	dat9			
1683	誡	見	蟹	皆	開	二	去	見	k	ɔi	33	4	kɔi33	g	oi	1	4	goi1			
1684	今	見	深	侵B	開	三	平	見	k	im	33	4	kim33	g	im	1	4	gim1			
1685	巾	見	臻	真B	開	三	平	見	k	in	33	4	kin33	g	in	1	4	gin1			
1686	斤	見	臻	欣	開	三	平	見	k	in	33	4	kin33	g	in	1	4	gin1			
1687	津	精	臻	真A	開	三	平	精	ts	un	33	5	tsun33	z	un	1	4	zun1			
1688	筋	見	臻	欣	開	三	平	見	k	in	33	4	kin33	g	in	1	4	gin1	本讀，{1}橡皮筋：「牛筋(kin335)」；{2}抽筋：「腳反筋(kin335)」		
1689	筋	見	臻	欣	開	三	平	見	k	in	11	4	kin11	g	in	5	4	gin5	變調，形容聲音嘈雜：四字詞 「擘腸擘筋(kin11)」		
1690	觔	#N/A	#N/A	#N/A	#N/A	#N/A	#N/A	#N/A	k	in	33	4	kin33	g	in	1	4	gin1			
1691	金	見	深	侵B	開	三	平	見	k	im	33	4	kim33	g	im	1	4	gim1			
1692	僅	羣	臻	真B	開	三	去	見	k	in	55	4	kin55	g	in	2	4	gin2	剛剛好：「僅熟(sək115)（食物剛好熟）」		
1693	儘	#N/A	#N/A	#N/A	#N/A	#N/A	#N/A	#N/A	t	in	32	4	tin32	d	in	6	4	din6			
1694	槿	見	臻	欣	開	三	上	見	k	in	55	4	kin55	g	in	2	4	gin2			
1695	瑾	羣	臻	真B	開	三	去	見	k	in	55	4	kin55	g	in	2	4	gin2			
1696	緊	見	臻	真A	開	三	上	見	k	in	55	4	kin55	g	in	2	4	gin2	{1}表進行中：「做緊」；{2}氣急敗壞：「緊緊彈(tɔn32)」；{3}正打算：「想緊」；{4}事情做到半途：「做緊做」丨「搞緊搞」丨「瞓(fun11)緊瞓(fun11)」；{5}低聲啼哭：「緊慢(mɔn325)」；{6}不慌不忙，也會用於貶義，指無動於衷：四字詞 「唔緊唔要(jiɐu115)」；{7}要緊，或程度大：「緊要」；{8}抓穩、站穩：「捉緊」丨「企緊」		
1697	菫	#N/A	#N/A	#N/A	#N/A	#N/A	#N/A	#N/A	k	in	55	4	kin55	g	in	2	4	gin2			
1698	謹	見	臻	欣	開	三	上	見	k	in	55	4	kin55	g	in	2	4	gin2			
1699	錦	見	深	侵B	開	三	上	見	k	im	55	4	kim55	g	im	2	4	gim2			
1700	晉	精	臻	真A	開	三	去	精	t	un	33	4	tun33	d	un	1	4	dun1			
1701	浸	清	深	侵A	開	三	平	精	t	im	33	4	tim33	d	im	1	4	dim1	副詞，表涼爽程度：「涼浸啊(ʔa33)」		
1702	浸	清	深	侵A	開	三	平	精	ts	im	32	5	tsim32	z	im	6	4	zim6	變調，溺水：「浸緊」		
1703	盡	從	臻	真A	開	三	上	精	t	in	32	4	tin32	d	in	6	4	din6			
1704	禁	見	深	侵B	開	三	平	見	k	im	33	4	kim33	g	im	1	4	gim1	本讀，「禁止」		
1705	禁	見	深	侵B	開	三	去	見	kʰ	im	33	5	kʰim33	k	im	1	4	kim1	白讀，耐用：「禁使(suɔi55)」		
1706	近	羣	臻	欣	開	三	去	見	k	in	32	4	kin32	g	in	6	4	gin6	文讀，「遠近」		
1707	近	羣	臻	欣	開	三	去	見	kʰ	in	33	5	kʰin33	k	in	1	4	kin1	白讀，「近laai55啊(ʔa33)」		
1708	進	精	臻	真A	開	三	去	精	t	in	33	4	tin33	d	in	1	4	din1			
1709	京	見	梗	庚	開	三	平	見	k	ɐn	33	4	kɐn33	g	an	1	4	gan1			
1710	兢	見	曾	蒸	開	三	平	見	k	ɐn	33	4	kɐn33	g	an	1	4	gan1			
1711	晶	精	梗	清A	開	三	平	精	t	ɐn	33	4	tɐn33	d	an	1	4	dan1			
1712	涇	見	梗	青	開	四	平	見	k	ɐn	33	4	kɐn33	g	an	1	4	gan1			
1713	睛	精	梗	清A	開	三	平	精	t	ɐn	33	4	tɐn33	d	an	1	4	dan1			
1714	精	精	梗	清A	開	三	平	精	t	ɐn	33	4	tɐn33	d	an	1	4	dan1	文讀，「精力」		
1715	精	精	梗	清A	開	三	平	精	t	iɐŋ	33	5	tiɐŋ33	d	iang	1	6	diang1	白讀，「好(hau55)精」		
1716	經	見	梗	青	開	四	平	見	k	ɐn	33	4	kɐn33	g	an	1	4	gan1			
1717	荊	見	梗	庚	開	三	平	見	k	ɐn	33	4	kɐn33	g	an	1	4	gan1			
1718	莖	匣	梗	耕	開	二	平	影	k	ɐn	32	4	kɐn32	g	an	6	4	gan6			
1719	驚	見	梗	庚	開	三	平	見	k	ɐn	33	4	kɐn33	g	an	1	4	gan1	文讀，「一驚一乍」		
1720	驚	見	梗	庚	開	三	平	見	k	iɐŋ	33	5	kiɐŋ33	g	iang	1	6	giang1	白讀，「驚你」		
1721	驚	見	梗	庚	開	三	平	見	k	aŋ	33	4	kaŋ33	g	aang	1	6	gaang1	又讀，「驚蟄」		
1722	驚	見	梗	庚	開	三	平	見	k	iɐŋ	11	5	kiɐŋ11	g	iang	5	6	giang5	kiɐŋ33的變調，輕輕地、悄悄地：「驚(kiɐŋ11)驚( kiɐŋ115)」丨「驚(kiɐŋ11)驚( kiɐŋ115)行路」		
1723	鯨	羣	梗	庚	開	三	平	見	kʰ	ɐn	22	5	kʰɐn22	k	an	4	4	kan4			
1724	井	精	梗	清A	開	三	上	精	t	iɐŋ	55	5	tiɐŋ55	d	iang	2	6	diang2			
1725	憬	見	梗	庚	合	三	上	見	k	ɐn	55	4	kɐn55	g	an	2	4	gan2			
1726	景	見	梗	庚	開	三	上	見	k	ɐn	55	4	kɐn55	g	an	2	4	gan2			
1727	警	見	梗	庚	開	三	上	見	k	ɐn	55	4	kɐn55	g	an	2	4	gan2			
1728	阱	從	梗	清A	開	三	上	精	t	iɐŋ	55	5	tiɐŋ55	d	iang	2	6	diang2			
1729	頸	羣	梗	清A	開	三	平	見	k	iɐŋ	55	5	kiɐŋ55	g	iang	2	6	giang2	{1}表脾氣：「好(hau55)頸（好脾氣）」丨「拗(ʔai33)頸」（爭執）丨四字詞 「拗(ʔai33)頸拗(ʔai33)柄(piɐŋ11)（各方爭執，多形容對方杠）」；{2}做工出的力：「夠頸」丨「做夠頸（辛苦了）」；{3}喉嚨：「頸頭(hai11)」；{4}形容人什麼都不帶直接出門：「空身(sin33)凈(tiɐŋ321)頸」		
1730	勁	見	梗	清A	開	三	去	見	k	ɐn	32	4	kɐn32	g	an	6	4	gan6			
1731	境	見	梗	庚	開	三	上	見	k	ɐn	55	4	kɐn55	g	an	2	4	gan2			
1732	徑	見	梗	青	開	四	去	見	k	ɐn	32	4	kɐn32	g	an	6	4	gan6			
1733	逕	見	梗	青	開	四	去	見	k	aŋ	11	4	kaŋ11	g	aang	5	6	gaang5	{1}地名：「坪(pʰiɐng22)逕水庫」；{2}橫豎亂擺，形容事物擺放不規律，阻礙空間：四字詞 「放橫打(ʔa55)逕」，又作「打(ʔa55)橫打(ʔa55)逕」		
1734	敬	見	梗	庚	開	三	去	見	k	ɐn	33	4	kɐn33	g	an	1	4	gan1			
1735	淨	從	梗	清A	開	三	去	精	t	ɐn	32	4	tɐn32	d	an	6	4	dan6	文讀，「潔淨」		
1736	淨	從	梗	清A	開	三	去	精	t	iɐŋ	32	5	tiɐŋ32	d	iang	6	6	diang6	白讀，{1}表歸零：「賣淨」丨「空身(sin33)凈頸（形容人什麼都不帶直接出門）」丨四字詞 「欶淨(tiɐŋ321)把嘴（指人急切地等待某樣事物）」；{2}醒神乾淨：「醒(ɬiɐŋ55)淨(tiɐŋ32)」		
1737	竟	見	梗	庚	開	三	去	見	k	ɐn	32	4	kɐn32	g	an	6	4	gan6	本讀，「畢竟」		
1738	竟	見	梗	庚	開	三	去	見	k	ɐn	55	4	kɐn55	g	an	2	4	gan2	變調，「竟然」		
1739	競	羣	梗	庚	開	三	去	見	k	ɐn	32	4	kɐn32	g	an	6	4	gan6			
1740	鏡	見	梗	庚	開	三	去	見	k	iɐŋ	33	5	kiɐŋ33	g	iang	1	6	giang1			
1741	靖	從	梗	清A	開	三	上	精	t	ɐn	32	4	tɐn32	d	an	6	4	dan6			
1742	靜	從	梗	清A	開	三	上	精	t	ɐn	32	4	tɐn32	d	an	6	4	dan6	性格沉默不張揚：「淡靜」丨四字詞 「靜靜室室（安安靜靜安坐）」		
1743	炯	匣	梗	青	合	四	上	影	k	ɐn	55	4	kɐn55	g	an	2	4	gan2			
1744	迥	匣	梗	青	合	四	上	影	k	ɐn	55	4	kɐn55	g	an	2	4	gan2			
1745	究	見	流	尤	開	三	去	見	k	iu	33	4	kiu33	g	iu	1	4	giu1			
1746	糾	見	流	幽	開	三	上	見	k	iɐu	55	5	kiɐu55	g	iau	2	5	giau2			
1747	赳	見	流	幽	開	三	上	見	k	iɐu	55	5	kiɐu55	g	iau	2	5	giau2			
1748	鳩	見	流	尤	開	三	平	見	k	ai	33	4	kai33	g	aai	1	5	gaai1			
1749	久	見	流	尤	開	三	上	見	k	iu	55	4	kiu55	g	iu	2	4	giu2	久不久：「久久」		
1750	九	見	流	尤	開	三	上	見	k	iu	55	4	kiu55	g	iu	2	4	giu2			
1751	灸	見	流	尤	開	三	上	見	k	iu	33	4	kiu33	g	iu	1	4	giu1			
1752	玖	見	流	尤	開	三	上	見	k	iu	55	4	kiu55	g	iu	2	4	giu2			
1753	酒	精	流	尤	開	三	上	精	t	iu	55	4	tiu55	d	iu	2	4	diu2	{1}借喻為痘痘：「酒米」；{2}比賽加時：「酒市」		
1754	韭	見	流	尤	開	三	上	見	k	iu	55	4	kiu55	g	iu	2	4	giu2			
1755	咎	見	效	豪	開	一	平	見	k	iu	33	4	kiu33	g	iu	1	4	giu1			
1756	就	從	流	尤	開	三	去	精	t	iu	32	4	tiu32	d	iu	6	4	diu6	本讀，{1}指做東西可順帶在家裡做，以免浪費人力財力在外面找人解決，亦更方便處理：四字詞 「就(tiu32)家(ka33)就(tiu32)務」；{2}就這樣而已：「信就」；{3}就算：「就信」		
1757	就	從	流	尤	開	三	去	精	t	i	32	3	ti32	d	i	6	3	di6	輕聲變調，副詞，用語語句連接，「箇就未好先」		
1758	就	從	流	尤	開	三	去	精	ts	iɐu	32	6	tsiɐu32	z	iau	6	5	ziau6	訓讀，「罷就」		
1759	救	見	流	尤	開	三	去	見	k	iu	33	4	kiu33	g	iu	1	4	giu1			
1760	疚	見	流	尤	開	三	去	見	k	iu	33	4	kiu33	g	iu	1	4	giu1			
1761	舅	羣	流	尤	開	三	上	見	kʰ	iu	11	5	kʰiu11	k	iu	5	4	kiu5			
1762	舊	羣	流	尤	開	三	去	見	k	iu	32	4	kiu32	g	iu	6	4	giu6			
1763	居	見	遇	魚	開	三	平	見	k	ui	33	4	kui33	g	ui	1	4	gui1			
1764	掬	見	通	東	開	三	入	見	k	ək	55	4	kək55	g	eak	7	5	geak7			
1765	鞠	見	通	東	開	三	入	見	k	ək	55	4	kək55	g	eak	7	5	geak7			
1766	局	羣	通	鍾	開	三	入	見	k	ək	32	4	kək32	g	eak	9	5	geak9			
1767	橘	見	臻	真A	合	三	入	見	k	ut	55	4	kut55	g	ut	7	4	gut7			
1768	菊	見	通	東	開	三	入	見	k	ək	55	4	kək55	g	eak	7	5	geak7			
1769	咀	從	遇	魚	開	三	上	精	t	ui	55	4	tui55	d	ui	2	4	dui2			
1770	櫸	見	遇	魚	開	三	上	見	k	ui	55	4	kui55	g	ui	2	4	gui2			
1771	矩	見	遇	虞	合	三	上	見	k	ui	55	4	kui55	g	ui	2	4	gui2			
1772	舉	見	遇	魚	開	三	上	見	k	ui	55	4	kui55	g	ui	2	4	gui2			
1773	俱	見	遇	虞	合	三	平	見	kʰ	ui	33	5	kʰui33	k	ui	1	4	kui1			
1774	具	羣	遇	虞	合	三	去	見	k	ui	32	4	kui32	g	ui	6	4	gui6			
1775	劇	羣	梗	庚	開	三	入	見	kʰ	iɐk	55	6	kʰiɐk55	k	iak	7	5	kiak7			
1776	句	羣	遇	虞	合	三	平	見	k	ui	33	4	kui33	g	ui	1	4	gui1	「一句話」		
1777	句	羣	遇	虞	合	三	平	見	k	ui	11	4	kui11	g	ui	5	4	gui5	「語句」		
1778	句	見	流	侯	開	一	平	見	ŋ	ai	33	4	ŋai33	ng	aai	1	6	ngaai1	同「鉤」		
1779	巨	羣	遇	魚	開	三	上	見	k	ui	32	4	kui32	g	ui	6	4	gui6			
1780	懼	羣	遇	虞	合	三	去	見	k	ui	32	4	kui32	g	ui	6	4	gui6			
1781	拒	羣	遇	魚	開	三	上	見	kʰ	ui	11	5	kʰui11	k	ui	5	4	kui5			
1782	据	見	遇	魚	開	三	平	見	k	ui	33	4	kui33	g	ui	1	4	gui1			
1783	據	見	遇	魚	開	三	去	見	k	ui	33	4	kui33	g	ui	1	4	gui1			
1784	炬	羣	遇	魚	開	三	上	見	k	ui	32	4	kui32	g	ui	6	4	gui6			
1785	聚	從	遇	虞	合	三	上	精	t	ui	32	4	tui32	d	ui	6	4	dui6			
1786	距	羣	遇	魚	開	三	上	見	kʰ	ui	11	5	kʰui11	k	ui	5	4	kui5			
1787	鋸	見	遇	魚	開	三	去	見	k	ui	33	4	kui33	g	ui	1	4	gui1	本讀，「鋸樹」		
1788	鋸	見	遇	魚	開	三	去	見	ŋ	ui	55	4	ŋui55	ng	ui	2	5	ngui2	訓讀，「鋸開」		
1789	娟	影	山	仙A	合	三	平	影	k	un	33	4	kun33	g	un	1	4	gun1			
1790	捐	以	山	仙A	合	三	平	以	k	un	33	4	kun33	g	un	1	4	gun1			
1791	涓	見	山	先	合	四	平	見	k	un	33	4	kun33	g	un	1	4	gun1			
1792	鵑	見	山	先	合	四	平	見	k	un	33	4	kun33	g	un	1	4	gun1			
1793	捲	羣	山	仙B	合	三	平	見	k	un	55	4	kun55	g	un	2	4	gun2			
1794	倦	羣	山	仙B	合	三	去	見	k	un	32	4	kun32	g	un	6	4	gun6	老當益壯：「青(tʰiɐŋ33)倦」		
1795	卷	見	山	仙B	合	三	上	見	k	un	55	4	kun55	g	un	2	4	gun2	動詞，「卷起」		
1796	卷	見	山	仙B	合	三	上	見	kʰ	un	55	5	kʰun55	k	un	2	4	kun2	名詞，「試卷」丨「蛋卷」		
1797	眷	見	山	仙B	合	三	去	見	k	un	33	4	kun33	g	un	1	4	gun1			
1798	絹	見	山	仙A	合	三	去	見	k	un	33	4	kun33	g	un	1	4	gun1			
1799	倔	羣	臻	文	合	三	入	見	k	ut	32	4	kut32	g	ut	9	4	gut9			
1800	崛	羣	臻	文	合	三	入	見	k	ut	32	4	kut32	g	ut	9	4	gut9			
1801	掘	羣	臻	文	合	三	入	見	k	ut	32	4	kut32	g	ut	9	4	gut9			
1802	橛	#N/A	#N/A	#N/A	#N/A	#N/A	#N/A	#N/A	k	ut	55	4	kut55	g	ut	7	4	gut7			
1803	絕	從	山	仙A	合	三	入	精	t	ut	32	4	tut32	d	ut	9	4	dut9			
1804	覺	見	江	江	開	二	入	見	k	ɔk	55	4	kɔk55	g	ok	7	4	gok7	本讀，「覺醒(ɬɐn55)」		
1805	覺	見	江	江	開	二	入	見	k	ɔk	33	4	kɔk33	g	ok	8	4	gok8	又讀，「覺得(ʔak55)」		
1806	覺	見	效	肴	開	二	去	見	k	au	33	4	kau33	g	aau	1	5	gaau1	本讀，「瞓(fun11)覺」		
1807	瞓	#N/A	#N/A	#N/A	#N/A	#N/A	#N/A	#N/A	f	un	33	4	fun33	f	un	1	4	fun1	本讀，動詞，睡覺：「瞓覺」丨「反瞓（睡覺亂動）」		
1808	瞓	#N/A	#N/A	#N/A	#N/A	#N/A	#N/A	#N/A	f	un	11	4	fun11	f	un	5	4	fun5	變調，名詞，熬夜：「抵眼瞓」		
1809	君	見	臻	文	合	三	平	見	k	un	33	4	kun33	g	un	1	4	gun1			
1810	均	見	臻	真A	合	三	平	見	k	un	33	4	kun33	g	un	1	4	gun1	指吃東西或分配東西過於保守、冷淡，或不慍不火，多數貶義，用於調侃：「均神」		
1811	軍	見	臻	文	合	三	平	見	k	un	33	4	kun33	g	un	1	4	gun1			
1812	鈞	見	臻	真A	合	三	平	見	k	un	33	4	kun33	g	un	1	4	gun1			
1813	俊	精	臻	真A	合	三	去	精	t	un	33	4	tun33	d	un	1	4	dun1			
1814	峻	心	臻	真A	合	三	去	精	t	un	33	4	tun33	d	un	1	4	dun1			
1815	竣	清	臻	真A	合	三	平	精	t	un	33	4	tun33	d	un	1	4	dun1			
1816	菌	羣	臻	真B	合	三	上	見	kʰ	un	11	5	kʰun11	k	un	5	4	kun5			
1817	郡	羣	臻	文	合	三	去	見	k	un	32	4	kun32	g	un	6	4	gun6	拐杖：「郡水篤(ʔək55)」丨「kui32水篤(ʔək55)」，懷疑從「扶(fu22)手篤(ʔək55)」演化		
1818	駿	精	臻	真A	合	三	去	精	t	un	33	4	tun33	d	un	1	4	dun1			
1819	咖	#N/A	#N/A	#N/A	#N/A	#N/A	#N/A	#N/A	k	a	33	3	ka33	g	aa	1	4	gaa1			
1820	喀	溪	梗	庚	開	二	入	見	h	ak	33	4	hak33	h	aak	1	5	haak1			
1821	開	溪	蟹	咍	開	一	平	見	h	uɔi	33	5	huɔi33	h	uoi	1	5	huoi1	指擺放的物件淩亂無序：四字詞 「爬開擺開」		
1822	凱	溪	蟹	咍	開	一	上	見	h	uɔi	55	5	huɔi55	h	uoi	2	5	huoi2			
1823	嘅	#N/A	#N/A	#N/A	#N/A	#N/A	#N/A	#N/A	k	ɛ	33	3	kɛ33	g	e	1	3	ge1	本讀，「係嘅」		
1824	嘅	#N/A	#N/A	#N/A	#N/A	#N/A	#N/A	#N/A	k	ɛ	11	3	kɛ11	g	e	5	3	ge5	變調		
1825	慨	溪	蟹	咍	開	一	去	見	kʰ	uɔi	33	6	kʰuɔi33	k	uoi	1	5	kuoi1			
1826	楷	見	蟹	皆	開	二	平	見	k	ɔi	33	4	kɔi33	g	oi	1	4	goi1			
1827	愾	曉	止	微	開	三	去	影	kʰ	uɔi	33	6	kʰuɔi33	k	uoi	1	5	kuoi1			
1828	刊	溪	山	寒	開	一	平	見	h	uɔn	55	5	huɔn55	h	uon	2	5	huon2			
1829	勘	溪	咸	覃	開	一	去	見	h	am	33	4	ham33	h	aam	1	5	haam1			
1830	堪	溪	咸	覃	開	一	平	見	h	am	33	4	ham33	h	aam	1	5	haam1			
1831	侃	溪	山	寒	開	一	上	見	h	uɔn	55	5	huɔn55	h	uon	2	5	huon2			
1832	坎	溪	咸	覃	開	一	上	見	h	am	55	4	ham55	h	aam	2	5	haam2	本讀，{1}口音、口癖：「聲(siɐŋ33)坎」；{2}牙縫：「牙(ŋa22)坎」；{3}碰撞：「坎穿頭」		
1833	坎	溪	咸	覃	開	一	上	見	h	am	33	4	ham33	h	aam	1	5	haam1	本讀，地名：「赤坎」		
1834	坎	溪	咸	覃	開	一	上	見	h	əm	11	4	həm11	h	eam	5	5	heam5	白讀，一個洞：「一個坎」		
1835	坎	溪	咸	覃	開	一	上	見	kʰ	ɔn	55	5	kʰɔn55	k	on	2	4	kon2	訓讀，麻將量詞用語，指麻將中的順子或刻子：「一坎子」		
1836	崁	#N/A	#N/A	#N/A	#N/A	#N/A	#N/A	#N/A	h	am	33	4	ham33	h	aam	1	5	haam1			
1837	砍	#N/A	#N/A	#N/A	#N/A	#N/A	#N/A	#N/A	h	am	55	4	ham55	h	aam	2	5	haam2			
1838	看	溪	山	寒	開	一	平	見	h	uɔn	33	5	huɔn33	h	uon	1	5	huon1			
1839	瞰	溪	咸	談	開	一	去	見	h	am	33	4	ham33	h	aam	1	5	haam1			
1840	康	溪	宕	唐	開	一	平	見	h	ɔŋ	33	4	hɔŋ33	h	ong	1	5	hong1			
1841	亢	見	宕	唐	開	一	平	見	kʰ	ɔŋ	33	5	kʰɔŋ33	k	ong	1	5	kong1			
1842	抗	匣	宕	唐	開	一	平	影	kʰ	ɔŋ	33	5	kʰɔŋ33	k	ong	1	5	kong1			
1843	炕	曉	宕	唐	開	一	平	影	h	aŋ	33	4	haŋ33	h	aang	1	6	haang1			
1844	烤	#N/A	#N/A	#N/A	#N/A	#N/A	#N/A	#N/A	h	au	55	4	hau55	h	aau	2	5	haau2			
1845	考	溪	效	豪	開	一	上	見	h	au	55	4	hau55	h	aau	2	5	haau2			
1846	靠	溪	效	豪	開	一	去	見	kʰ	ai	33	5	kʰai33	k	aai	1	5	kaai1			
1847	峇	#N/A	#N/A	#N/A	#N/A	#N/A	#N/A	#N/A	p	a	33	3	pa33	b	aa	1	4	baa1			
1848	柯	見	果	歌	開	一	平	見	ʔ	uɔ	33	4	ʔuɔ33		uo	1	3	uo1			
1850	棵	匣	山	寒	合	一	上	影	pʰ	uɔ	55	5	pʰuɔ55	p	uo	2	4	puo2			
1851	瞌	#N/A	#N/A	#N/A	#N/A	#N/A	#N/A	#N/A	h	ap	55	4	hap55	h	aap	7	5	haap7			
1852	磕	溪	蟹	泰	開	一	去	見	h	ap	55	4	hap55	h	aap	7	5	haap7			
1853	科	溪	果	歌	合	一	平	見	f	uɔ	33	4	fuɔ33	f	uo	1	4	fuo1	粗魯：四字詞 「雷頭(hai22)科長(tsiŋ55)」		
1854	稞	溪	果	歌	合	一	平	見	f	uɔ	33	4	fuɔ33	f	uo	1	4	fuo1			
1855	苛	匣	果	歌	開	一	平	影	h	uɔ	55	4	huɔ55	h	uo	2	4	huo2			
1856	蝌	溪	果	歌	合	一	平	見	f	uɔ	33	4	fuɔ33	f	uo	1	4	fuo1			
1857	顆	溪	果	歌	合	一	上	見	f	uɔ	55	4	fuɔ55	f	uo	2	4	fuo2			
1858	咳	匣	蟹	咍	開	一	平	影	kʰ	ɐt	55	5	kʰɐt55	k	at	7	4	kat7			
1859	殼	#N/A	#N/A	#N/A	#N/A	#N/A	#N/A	#N/A	h	ɔk	33	4	hɔk33	h	ok	8	4	hok8	本讀，{1}「軟殼蟹」；{2}增厚的腳指甲：「松殼」；{3}頭皮屑：「頭(hai22)殼」		
1860	殼	#N/A	#N/A	#N/A	#N/A	#N/A	#N/A	#N/A	h	ɔk	11	4	hɔk11	h	ok	10	4	hok10	又讀，{1}「一個殼」；{2}表勺子：「殼仔」		
1861	可	溪	果	歌	開	一	上	見	h	uɔ	55	4	huɔ55	h	uo	2	4	huo2			
1862	坷	溪	果	歌	開	一	上	見	h	uɔ	55	4	huɔ55	h	uo	2	4	huo2			
1863	渴	溪	山	寒	開	一	入	見	h	uɔt	33	5	huɔt33	h	uot	8	5	huot8			
1864	克	溪	曾	登	開	一	入	見	h	ak	55	4	hak55	h	aak	7	5	haak7			
1865	刻	溪	曾	登	開	一	入	見	h	ak	55	4	hak55	h	aak	7	5	haak7	貪婪、不捨得：「刻恨」		
1866	剋	溪	曾	登	開	一	入	見	h	ak	55	4	hak55	h	aak	7	5	haak7			
1867	客	溪	梗	庚	開	二	入	見	h	ak	55	4	hak55	h	aak	7	5	haak7	本讀，「客家」丨「客氣」		
1868	客	溪	梗	庚	開	二	入	見	h	ak	33	4	hak33	h	aak	8	5	haak8	又讀，「客人」		
1869	課	溪	果	歌	合	一	平	見	f	uɔ	33	4	fuɔ33	f	uo	1	4	fuo1			
1870	墾	溪	臻	痕	開	一	上	見	h	aŋ	55	4	haŋ55	h	aang	2	6	haang2			
1871	肯	溪	曾	登	開	一	上	見	h	aŋ	55	4	haŋ55	h	aang	2	6	haang2	本讀，{1}習慣做、經常地：「你好肯去行山」；{2}饒恕：「唔肯過你（不饒了你）」		
1872	肯	溪	曾	登	開	一	上	見	h	aŋ	33	4	haŋ33	h	aang	1	6	haang1	變調，地名：「肯堂(hɔŋ11)」		
1873	坑	溪	梗	庚	開	二	平	見	h	aŋ	33	4	haŋ33	h	aang	1	6	haang1	本讀，「坑口」		
1874	坑	溪	梗	庚	開	二	平	見	h	aŋ	11	4	haŋ11	h	aang	5	6	haang5	變調，地名，「彭沙坑」丨「北坑」		
1875	空	溪	通	東	開	一	平	見	h	əŋ	33	4	həŋ33	h	eang	1	6	heang1	{1}不拌飯不蘸醬直接吃：「空口」；{2}有空洞：「空孔」；{3}空手、空虛：四字詞 「空手掉掉（兩手空空的意思）」丨「空身(sin33)凈(tiɐŋ321)頸（形容人什麼都不帶直接出門）」丨「空空龍龍（形容場合空虛，又「空空kʰaŋ22 kʰaŋ22」）」		
1876	孔	溪	通	東	開	一	上	見	kʰ	əŋ	55	5	kʰəŋ55	k	eang	2	6	keang2	{1}有空洞：「空孔」；{2}穿孔漏水的器皿：四字詞  「漏(lai32)孔漏 (lai32)luɔi11」		
1877	恐	溪	通	鍾	開	三	上	見	h	əŋ	55	4	həŋ55	h	eang	2	6	heang2			
1878	控	溪	江	江	開	二	平	見	h	əŋ	33	4	həŋ33	h	eang	1	6	heang1			
1879	摳	溪	流	侯	開	三	平	見	kʰ	ai	33	5	kʰai33	k	aai	1	5	kaai1	撓：「摳下」		
1880	口	溪	流	侯	開	一	上	見	h	ai	55	4	hai55	h	aai	2	5	haai2	{1}口癖：「口舐(sɔi115)」；{2}口才：「口馬(ma11)」丨四字詞 「好(hau55)口好(hau55)馬(ma11)（「口馬」意思為「口才」，即有好口才之意，「冇口冇馬」即為沒口才之意。有詩云：好口好馬當三石。）」；{3}口腔：「口包(pau11)（口腔兩側內側的肉）」丨「「口牙角（kɔk11）」（嘴角）」；{4}說話多少：「口多(ʔuɔ33)（多嘴）」丨「口少(siɐu55)（寡言）」；{5}憑藉出色的口才而得到好處：四字詞 「弄口得(ʔak33)食」；{6}小朋友頂嘴：「口嘴嘴」；{7}量詞，修飾打針的次數：「一口針(tsim115)」		
1881	叩	溪	流	侯	開	一	上	見	kʰ	ai	33	5	kʰai33	k	aai	1	5	kaai1			
1882	寇	溪	流	侯	開	一	去	見	kʰ	ai	33	5	kʰai33	k	aai	1	5	kaai1			
1883	扣	溪	流	侯	開	一	上	見	kʰ	ai	33	5	kʰai33	k	aai	1	5	kaai1			
1884	蔻	曉	流	侯	開	一	去	影	kʰ	ai	33	5	kʰai33	k	aai	1	5	kaai1			
1885	哭	溪	通	東	開	一	入	見	h	ək	55	4	hək55	h	eak	7	5	heak7	本讀，「哭泣」丨「哭喪」		
1886	哭	溪	通	東	開	一	入	見	h	ək	33	4	hək33	h	eak	8	5	heak8	又讀，「大聲哭」丨「唔好哭啦」		
1887	枯	溪	遇	模	開	一	平	見	k	u	33	3	ku33	g	u	1	3	gu1			
1888	骷	#N/A	#N/A	#N/A	#N/A	#N/A	#N/A	#N/A	kʰ	u	33	4	kʰu33	k	u	1	3	ku1			
1889	苦	溪	遇	模	開	一	上	見	f	u	55	3	fu55	f	u	2	3	fu2	疲累艱苦：四字詞 「辛苦大命(miɐŋ32)」		
1890	庫	溪	遇	模	開	一	去	見	f	u	33	3	fu33	f	u	1	3	fu1			
1891	褲	#N/A	#N/A	#N/A	#N/A	#N/A	#N/A	#N/A	f	u	11	3	fu11	f	u	5	3	fu5	形容遮遮掩掩，不見人：四字詞 「閂(sɔn33)門(muɔn22)閂(sɔn33)褲」		
1892	酷	溪	通	冬	合	一	入	見	h	ək	32	4	hək32	h	eak	9	5	heak9	{1}加熱：「酷焫佢」；{2}悶熱：「今日好酷」		
1893	夸	溪	假	麻	合	二	平	見	kʰ	a	33	4	kʰa33	k	aa	1	4	kaa1			
1894	誇	溪	假	麻	合	二	平	見	kʰ	a	33	4	kʰa33	k	aa	1	4	kaa1			
1895	垮	#N/A	#N/A	#N/A	#N/A	#N/A	#N/A	#N/A	kʰ	a	33	4	kʰa33	k	aa	1	4	kaa1			
1896	跨	溪	假	麻	合	二	平	見	kʰ	a	33	4	kʰa33	k	aa	1	4	kaa1	本讀，「跨欄」		
1897	跨	溪	假	麻	合	二	平	見	kʰ	a	22	4	kʰa22	k	aa	4	4	kaa4	又讀，越過：「跨過去」		
1898	塊	溪	蟹	灰	合	一	去	見	f	ɔi	33	4	fɔi33	f	oi	1	4	foi1			
1899	快	溪	蟹	夬	合	二	去	見	f	ɔi	33	4	fɔi33	f	oi	1	4	foi1	迅速：「快勢(sɔi33)」丨「快檔」丨「快趣」		
1900	筷	#N/A	#N/A	#N/A	#N/A	#N/A	#N/A	#N/A	f	ɔi	33	4	fɔi33	f	oi	1	4	foi1			
1901	寬	溪	山	寒	合	一	平	見	f	uɔn	33	5	fuɔn33	f	uon	1	5	fuon1			
1902	款	溪	山	寒	合	一	上	見	f	uɔn	55	5	fuɔn55	f	uon	2	5	fuon2			
1903	狂	羣	宕	陽	合	三	平	見	kʰ	ɔŋ	22	5	kʰɔŋ22	k	ong	4	5	kong4			
1904	曠	溪	宕	唐	合	一	去	見	kʰ	ɔŋ	33	5	kʰɔŋ33	k	ong	1	5	kong1	本讀，「曠日持久」		
1905	曠	#N/A	#N/A	#N/A	#N/A	#N/A	#N/A	#N/A	kʰ	aŋ	22	5	kʰaŋ22	k	aang	4	6	kaang4	變調，形容場合空虛：「空空kʰaŋ22 kʰaŋ22（又「空空龍龍」）」		
1906	況	曉	宕	陽	合	三	去	影	f	ɔŋ	55	4	fɔŋ55	f	ong	2	5	fong2			
1907	眶	溪	宕	陽	合	三	平	見	kʰ	ɔŋ	33	5	kʰɔŋ33	k	ong	1	5	kong1			
1908	礦	見	梗	庚	合	二	上	見	kʰ	ɔŋ	33	5	kʰɔŋ33	k	ong	1	5	kong1			
1909	盔	溪	蟹	灰	合	一	平	見	kʰ	ei	33	5	kʰei33	k	ei	1	4	kei1			
1910	窺	溪	止	支A	合	三	平	見	kʰ	ei	33	5	kʰei33	k	ei	1	4	kei1			
1911	虧	溪	止	支B	合	三	平	見	kʰ	ei	33	5	kʰei33	k	ei	1	4	kei1			
1912	葵	羣	止	脂A	合	三	平	見	kʰ	ei	22	5	kʰei22	k	ei	4	4	kei4	本讀，「葵花」		
1913	葵	羣	止	脂A	合	三	平	見	kʰ	ei	11	5	kʰei11	k	ei	5	4	kei5	變調，撲克牌黑桃：「葵扇(siɛn33)」，亦讀「葵(kʰei22)扇(siɛn11)」		
1914	逵	羣	止	脂B	合	三	平	見	kʰ	ei	22	5	kʰei22	k	ei	4	4	kei4			
1915	魁	溪	蟹	灰	合	一	平	見	f	uɔi	33	5	fuɔi33	f	uoi	1	5	fuoi1			
1916	傀	溪	蟹	灰	合	一	上	見	f	ɔi	33	4	fɔi33	f	oi	1	4	foi1			
1917	匱	羣	止	脂B	合	三	去	見	k	ei	32	4	kei32	g	ei	6	4	gei6			
1918	喟	溪	止	脂B	合	三	去	見	ʋ	ei	55	4	ʋei55	v	ei	2	4	vei2			
1919	愧	見	止	脂B	合	三	去	見	kʰ	ei	33	5	kʰei33	k	ei	1	4	kei1			
1920	潰	匣	蟹	灰	合	一	去	影	kʰ	ei	55	5	kʰei55	k	ei	2	4	kei2			
1921	餽	羣	止	脂B	合	三	去	見	k	ei	32	4	kei32	g	ei	6	4	gei6			
1922	饋	羣	止	脂B	合	三	去	見	k	ei	32	4	kei32	g	ei	6	4	gei6			
1923	坤	溪	臻	魂	合	一	平	見	kʰ	un	33	5	kʰun33	k	un	1	4	kun1			
1924	崑	#N/A	#N/A	#N/A	#N/A	#N/A	#N/A	#N/A	kʰ	un	33	5	kʰun33	k	un	1	4	kun1			
1925	昆	見	臻	魂	合	一	平	見	kʰ	un	33	5	kʰun33	k	un	1	4	kun1	傢私木材：「昆鏈」，懷疑是「坤甸」		
1926	捆	#N/A	#N/A	#N/A	#N/A	#N/A	#N/A	#N/A	kʰ	un	55	5	kʰun55	k	un	2	4	kun2			
1927	綑	#N/A	#N/A	#N/A	#N/A	#N/A	#N/A	#N/A	kʰ	un	55	5	kʰun55	k	un	2	4	kun2			
1928	困	溪	臻	魂	合	一	去	見	kʰ	un	33	5	kʰun33	k	un	1	4	kun1			
1929	睏	#N/A	#N/A	#N/A	#N/A	#N/A	#N/A	#N/A	f	un	33	4	fun33	f	un	1	4	fun1	同「瞓(fun11)」		
1930	廓	溪	宕	唐	合	一	入	見	kʰ	ɔk	33	5	kʰɔk33	k	ok	8	4	kok8			
1931	括	見	山	寒	合	一	入	見	k	ɔt	55	4	kɔt55	g	ot	7	4	got7			
1932	擴	匣	宕	唐	合	一	去	影	kʰ	ɔk	33	5	kʰɔk33	k	ok	8	4	kok8			
1933	闊	溪	山	寒	合	一	入	見	f	uɔt	33	5	fuɔt33	f	uot	8	5	fuot8	{1}大方：「闊佬」；{2}指寬敞，形容建築物的內部：四字詞 「闊廊大灑」		
1934	垃	#N/A	#N/A	#N/A	#N/A	#N/A	#N/A	#N/A	l	ap	32	4	lap32	l	aap	9	5	laap9	文讀		
1935	垃	#N/A	#N/A	#N/A	#N/A	#N/A	#N/A	#N/A	l	əp	32	4	ləp32	l	eap	9	5	leap9	白讀，習讀		
1936	拉	來	咸	覃	開	一	入	來	l	ɔi	33	4	lɔi33	l	oi	1	4	loi1	本讀，「拉扯」		
1937	拉	來	咸	覃	開	一	入	來	l	a	55	3	la55	l	aa	2	4	laa2	變調，「卡拉OK」		
1938	拉	來	咸	覃	開	一	入	來	l	ɔi	55	4	lɔi55	l	oi	2	4	loi2	變調，{1}地名：「阿拉伯(pak55)」丨「委內瑞拉」；{2}line的音譯：「一條拉」；{3}魚類：「赤(tsʰiɐk33)拉魚(ŋui115)」；{4}死亡：「拉柴」		
1939	喇	#N/A	#N/A	#N/A	#N/A	#N/A	#N/A	#N/A	l	a	33	3	la33	l	aa	1	4	laa1			
1940	臘	來	咸	談	開	一	入	來	l	ap	32	4	lap32	l	aap	9	5	laap9			
1941	蠟	來	咸	談	開	一	入	來	l	ap	32	4	lap32	l	aap	9	5	laap9			
1942	辣	來	山	寒	開	一	入	來	l	ɔt	32	4	lɔt32	l	ot	9	4	lot9			
1943	來	來	蟹	咍	開	一	平	來	l	uɔi	22	5	luɔi22	l	uoi	4	5	luoi4	本讀，「來去」		
1944	來	來	蟹	咍	開	一	平	來	l	ɔi	22	4	lɔi22	l	oi	4	4	loi4	變調，表程度大：「來由」		
1945	萊	來	蟹	咍	開	一	平	來	l	uɔi	22	5	luɔi22	l	uoi	4	5	luoi4			
1946	賴	來	蟹	泰	開	一	去	來	l	ɔi	32	4	lɔi32	l	oi	6	4	loi6	倒數第一：「賴尾(mei55)鴨」		
1947	婪	來	咸	覃	開	一	平	來	l	am	22	4	lam22	l	aam	4	5	laam4			
1948	嵐	來	咸	覃	開	一	平	來	l	am	22	4	lam22	l	aam	4	5	laam4			
1949	攔	來	山	寒	開	一	平	來	l	ɔn	22	4	lɔn22	l	on	4	4	lon4	阻攔：四字詞 「攔頭(hai22) tsuɔt32 世(sɔi33)」		
1950	斕	來	山	山	開	二	平	來	l	ɔn	22	4	lɔn22	l	on	4	4	lon4			
1951	欄	來	山	寒	開	一	平	來	l	ɔn	22	4	lɔn22	l	on	4	4	lon4	欄杆：「欄河(huɔ225)」		
1952	瀾	來	山	寒	開	一	平	來	l	ɔn	22	4	lɔn22	l	on	4	4	lon4			
1953	籃	來	咸	談	開	一	平	來	l	am	11	4	lam11	l	aam	5	5	laam5			
1954	藍	來	咸	談	開	一	平	來	l	am	22	4	lam22	l	aam	4	5	laam4			
1955	蘭	來	山	寒	開	一	平	來	l	ɔn	22	4	lɔn22	l	on	4	4	lon4	本讀，「蘭花」		
1956	蘭	來	山	寒	開	一	平	來	l	ɔn	55	4	lɔn55	l	on	2	4	lon2	變調，「荷蘭」		
1957	闌	來	山	寒	開	一	平	來	l	ɔn	22	4	lɔn22	l	on	4	4	lon4			
1958	懶	來	山	寒	開	一	上	來	l	ɔn	33	4	lɔn33	l	on	1	4	lon1	懶惰：四字詞 「懶二(ŋei11)懶二(ŋei115)」		
1959	攬	來	咸	談	開	一	上	來	l	am	55	4	lam55	l	aam	2	5	laam2	{1}擁抱：「攬住」；{2} 布林：「布攬」		
1960	攬	來	咸	談	開	一	上	來	l	am	32	4	lam32	l	aam	6	5	laam6	提著：「攬籃」		
1961	欖	來	咸	談	開	一	上	來	l	am	55	4	lam55	l	aam	2	5	laam2			
1962	覽	來	咸	談	開	一	上	來	l	am	11	4	lam11	l	aam	5	5	laam5			
1963	濫	匣	咸	銜	開	二	上	影	l	am	32	4	lam32	l	aam	6	5	laam6			
1964	爛	來	山	寒	開	一	去	來	l	ɔn	32	4	lɔn32	l	on	6	4	lon6	{1}貶義，沉迷：四字詞 「爛賭王澤（形容好賭之徒）」；{2}貶義，長而不斷：「長(tsʰiŋ22)氣(hei11)爛渣(tsa55)（囉嗦）」；{3}煮出的飯不好吃：四字詞 「生(saŋ33)米爛飯」		
1965	纜	來	咸	覃	開	一	上	來	l	am	32	4	lam32	l	aam	6	5	laam6	耽誤：「纜站」		
1966	廊	來	宕	唐	開	一	平	來	l	ɔŋ	22	4	lɔŋ22	l	ong	4	5	long4	指寬敞，形容建築物的內部：四字詞 「闊廊大灑」		
1967	榔	來	宕	唐	開	一	平	來	l	ɔŋ	22	4	lɔŋ22	l	ong	4	5	long4			
1968	狼	來	宕	唐	開	一	平	來	l	ɔŋ	22	4	lɔŋ22	l	ong	4	5	long4	形容人匆忙雜亂的樣子：「狼忙」丨四字詞 「狼狼忙忙」		
1969	琅	來	宕	唐	開	一	平	來	l	ɔŋ	22	4	lɔŋ22	l	ong	4	5	long4			
1970	瑯	來	宕	唐	開	一	平	來	l	ɔŋ	22	4	lɔŋ22	l	ong	4	5	long4			
1971	螂	#N/A	#N/A	#N/A	#N/A	#N/A	#N/A	#N/A	l	ɔŋ	22	4	lɔŋ22	l	ong	4	5	long4	螳螂：「螞家(ka11)螂」		
1972	郎	來	宕	唐	開	一	平	來	l	ɔŋ	22	4	lɔŋ22	l	ong	4	5	long4			
1973	朗	來	宕	唐	開	一	上	來	l	ɔŋ	11	4	lɔŋ11	l	ong	5	5	long5			
1974	浪	來	宕	唐	開	一	去	來	l	ɔŋ	32	4	lɔŋ32	l	ong	6	5	long6	本讀，「衝浪」		
1975	浪	來	宕	唐	開	一	平	來	l	ɔŋ	33	4	lɔŋ33	l	ong	1	5	long1	變調，{1}源自「蓢」，引申為凸起狀，統一以「浪」表示。墊高：「浪高(kau11)」；{2}指物件擺放對周圍造成阻礙：四字詞「 阻處(tsʰui11)阻浪(lɔŋ33)」；{3}佔地方：「浪(lɔŋ33) kʰɔŋ22 」		
1976	浪	來	宕	唐	開	一	去	來	l	ɔŋ	11	4	lɔŋ11	l	ong	5	5	long5	lɔŋ33的變調，名詞，{1}矮身床：「ʋuɔ11浪床」；{2}源自「蓢」，引申為凸起狀，統一以「浪」表示。蒸架：「laŋ55浪」		
1977	浪	來	宕	唐	開	一	平	來	l	ɔŋ	55	4	lɔŋ55	l	ong	2	5	long2	lɔŋ33的變調變調，一個人騎在另一個人肩上：「騎(kʰiɛ22)馬(ma11)浪(lɔŋ55)」		
1978	浪	來	宕	唐	開	一	去	來	n	ɔŋ	32	4	nɔŋ32	n	ong	6	5	nong6	訓讀，用於「暈嗮浪」		
1979	浪	#N/A	#N/A	#N/A	#N/A	#N/A	#N/A	#N/A	l	aŋ	32	4	laŋ32	l	aang	6	6	laang6	訓讀，形容詞，長條類物體太長以致於佔地方：「長(tsʰiŋ22)浪(laŋ32)逛(kaŋ32)」		
1980	浪	#N/A	#N/A	#N/A	#N/A	#N/A	#N/A	#N/A	l	aŋ	55	4	laŋ55	l	aang	2	6	laang2	訓讀，名詞，瀝水籃筐、篩子、蒸架：「laŋ55（瀝水籃筐）」丨「laŋ55 浪(lɔŋ11)（蒸架）」丨「laŋ55罩(tsau115)（蓋食物的大蓋子）」		
1981	浪	#N/A	#N/A	#N/A	#N/A	#N/A	#N/A	#N/A	l	aŋ	11	4	laŋ11	l	aang	5	6	laang5	訓讀，{1}名詞，「laŋ55」的變調，瀝水籃筐、篩子、蒸架：「青(tʰiɐŋ33)水漏(lai32)浪(laŋ11)（形容食物盡是水，不好吃）」；{2}關鍵節點：「浪(laŋ11)逛( kaŋ11)」		
1982	撈	來	效	豪	開	一	平	來	l	ai	22	4	lai22	l	aai	4	5	laai4	「撈起」		
1983	撈	來	效	豪	開	一	平	來	l	au	33	4	lau33	l	aau	1	5	laau1	{1}攪拌混合：「撈麵」丨四字詞 「三(ɬam33)四(ɬei33)撈(lau33)雜（指東西擺放混亂）」丨四字詞 「豬屎撈(lau33)灰(fuɔi335)（用豬屎和灰混雜在一起，即指人將兩件不相關的事物盲目地摻和）」；{2}頑皮搞破壞：「撈搞」丨四字詞 「撈(lau33)撈(lau33)搞搞」；{3}交朋友：「撈朋友」		
1984	撈	來	效	豪	開	一	平	來	l	au	11	4	lau11	l	aau	5	5	laau5	玩：「去撈」		
1985	撈	來	效	豪	開	一	平	來	l	au	32	4	lau32	l	aau	6	5	laau6	撈起東西再煮：「過(kuɔ33)撈」		
1986	勞	來	效	豪	開	一	平	來	l	au	22	4	lau22	l	aau	4	5	laau4			
1987	牢	來	效	豪	開	一	平	來	l	au	22	4	lau22	l	aau	4	5	laau4			
1988	老	來	效	豪	開	一	上	來	l	au	55	4	lau55	l	aau	2	5	laau2	文讀，{1}形容小孩子得意洋洋或有不匹配年齡的成熟：「老水」；{2}屁股：「老𦙓」；{3}時間長：四字詞 「老(lau55)皮(pʰei22)老(lau55)pʰɔt11 （形容水果的皮很皺很老）」		
1989	老	來	效	豪	開	一	上	來	l	au	33	4	lau33	l	aau	1	5	laau1	白讀，動物：「老鼠」丨「老虎」丨四字詞 「老(lau33)鼠咬龜(kei335)（形容人做東西時無從入手，同「老鼠拖牛」）」		
1990	佬	#N/A	#N/A	#N/A	#N/A	#N/A	#N/A	#N/A	l	au	55	4	lau55	l	aau	2	5	laau2	{1}人、成年男人：「大個佬（成年人）」丨「一個佬（一個人）」；{2}父親：「你佬係我朋友（你爸爸是我朋友）」；{3}裝修、砌磚、批盪等粗重工夫的師傅：「泥水佬」		
1991	勒	來	曾	登	開	一	入	來	l	ak	32	4	lak32	l	aak	9	5	laak9			
1992	樂	來	宕	唐	開	一	入	來	l	ɔk	32	4	lɔk32	l	ok	9	4	lok9	快樂、開心、自在：「樂著」丨四字詞 「得(ʔak33)閒(kʰɔn22)大樂(lɔk32)（有空餘時間且心情愉悅）」		
1993	樂	疑	江	江	開	二	入	見	ŋ	ɔk	32	4	ŋɔk32	ng	ok	9	5	ngok9	「音樂」		
1994	簕	#N/A	#N/A	#N/A	#N/A	#N/A	#N/A	#N/A	l	ak	33	4	lak33	l	aak	8	5	laak8	本讀，刺：「棵樹有簕」		
1995	簕	#N/A	#N/A	#N/A	#N/A	#N/A	#N/A	#N/A	l	ak	55	4	lak55	l	aak	7	5	laak7	變調，{1}苦瓜：「簕瓜(ka115)」；{2}發顫、為某件事發生後感到後怕，或表達誇張：「骨簕」丨「一餐飯五千銀，骨亦簕啊」；{3}組合床、碌架床：「簕架(ka11)床」		
1996	纍	來	止	脂A	合	三	平	來	l	ui	32	4	lui32	l	ui	6	4	lui6			
1997	鐳	來	蟹	灰	合	一	平	來	l	ui	22	4	lui22	l	ui	4	4	lui4			
1998	雷	來	蟹	灰	合	一	平	來	l	ui	22	4	lui22	l	ui	4	4	lui4	{1}粗魯：「雷頭(hai33)」丨四字詞 「雷頭(hai22)科長(tsiŋ55)」；{2}打雷：「雷響」丨「雷響馬(ma11)顫（雷聲大得連馬都顫抖了，形容雷聲大，風雨交加）」		
1999	儡	來	蟹	灰	合	一	平	來	l	ui	11	4	lui11	l	ui	5	4	lui5			
2000	蕾	來	蟹	灰	合	一	上	來	l	ui	11	4	lui11	l	ui	5	4	lui5			
2001	淚	來	止	脂A	合	三	去	來	l	ui	32	4	lui32	l	ui	6	4	lui6	本讀，「淚痕」		
2002	淚	來	止	脂A	合	三	去	來	l	ui	11	4	lui11	l	ui	5	4	lui5	變調，「眼淚」		
2003	累	來	止	支A	合	三	去	來	l	ui	32	4	lui32	l	ui	6	4	lui6	「疲累」		
2004	累	來	止	支A	合	三	上	來	l	ui	22	4	lui22	l	ui	4	4	lui4	「傷痕累累」		
2005	劬	羣	遇	虞	合	三	平	見	k	ai	33	4	kai33	g	aai	1	5	gaai1	累：「劬攰」		
2006	攰	#N/A	#N/A	#N/A	#N/A	#N/A	#N/A	#N/A	k	ui	33	4	kui33	g	ui	6	4	gui6	累：「劬攰」		
2007	肋	來	曾	登	開	一	入	來	l	ak	32	4	lak32	l	aak	9	5	laak9	本讀，「肋骨」		
2008	肋	來	曾	登	開	一	入	來	l	ɔt	32	4	lɔt32	l	ot	9	4	lot9	變調，「下肋」		
2009	肋	來	曾	登	開	一	入	來	l	ak	33	4	lak33	l	aak	8	5	laak8	變調，一說「脫至巴肋(lak33)」，指赤膊，不穿衣服，通常指男人。「巴肋」為英文blank的音譯，有「赤膊」之意：四字詞 「脫巴(pa33)至肋(lak33)」		
2010	類	來	止	脂A	合	三	去	來	l	ui	32	4	lui32	l	ui	6	4	lui6			
2011	冷	來	梗	青	開	四	平	來	l	aŋ	11	4	laŋ11	l	aang	5	6	laang5	文讀，{1}空調放出的冷空氣：「冷」；{2}空調：「冷氣」		
2012	冷	來	梗	青	開	四	平	來	l	aŋ	33	4	laŋ33	l	aang	1	6	laang1	白讀 ，{1}凍：「好冷」；{2}飯菜涼了：「生(saŋ33)冷鋼」		
2013	梨	來	止	脂A	開	三	平	來	l	ei	22	4	lei22	l	ei	4	4	lei4			
2014	漓	來	止	支A	開	三	平	來	l	ei	22	4	lei22	l	ei	4	4	lei4			
2015	犁	來	蟹	齊	開	四	平	來	l	ɔi	22	4	lɔi22	l	oi	4	4	loi4			
2016	狸	來	止	之	開	三	平	來	l	ei	22	4	lei22	l	ei	4	4	lei4	本讀，「狸貓」		
2017	狸	來	止	之	開	三	平	來	l	ei	11	4	lei11	l	ei	5	4	lei5	變調，「狐狸」		
2018	璃	來	止	支A	開	三	平	來	l	ei	22	4	lei22	l	ei	4	4	lei4	本讀，「琉璃」		
2019	璃	來	止	支A	開	三	平	來	l	ei	55	4	lei55	l	ei	2	4	lei2	變調，「玻璃」		
2020	籬	來	止	支A	開	三	平	來	l	ei	22	4	lei22	l	ei	4	4	lei4	本讀，「籬笆」		
2021	籬	來	止	支A	開	三	平	來	l	ei	1	4	lei1	l	ei	5	4	lei5	變調，隔壁：「隔籬」		
2022	釐	來	止	之	開	三	平	來	l	ei	22	4	lei22	l	ei	4	4	lei4			
2023	離	來	止	支A	開	三	平	來	l	ei	22	4	lei22	l	ei	4	4	lei4			
2024	驪	來	止	支A	開	三	平	來	l	ei	22	4	lei22	l	ei	4	4	lei4			
2025	鸝	來	止	支A	開	三	平	來	l	ei	22	4	lei22	l	ei	4	4	lei4			
2026	黎	來	蟹	齊	開	四	平	來	l	ɔi	22	4	lɔi22	l	oi	4	4	loi4			
2027	李	來	止	之	開	三	上	來	l	ei	55	4	lei55	l	ei	2	4	lei2			
2028	理	來	止	之	開	三	上	來	l	ei	11	4	lei11	l	ei	5	4	lei5	{1}管：「打理」丨「打理你（管你怎麼樣）」；{2}整齊乾淨：「其理」；{3}理應：「應理」		
2029	禮	來	蟹	齊	開	四	上	來	l	ɔi	11	4	lɔi11	l	oi	5	4	loi5			
2030	裏	來	止	之	開	三	上	來	l	ei	55	4	lei55	l	ei	2	4	lei2			
2031	裡	#N/A	#N/A	#N/A	#N/A	#N/A	#N/A	#N/A	l	ei	55	4	lei55	l	ei	2	4	lei2			
2032	里	來	止	之	開	三	上	來	l	ei	11	4	lei11	l	ei	5	4	lei5			
2033	鯉	來	止	之	開	三	上	來	l	ei	11	4	lei11	l	ei	5	4	lei5			
2034	例	來	蟹	祭A	開	三	去	來	l	ɔi	32	4	lɔi32	l	oi	6	4	loi6			
2035	俐	#N/A	#N/A	#N/A	#N/A	#N/A	#N/A	#N/A	l	ei	32	4	lei32	l	ei	6	4	lei6			
2036	利	來	止	脂A	開	三	去	來	l	ei	32	4	lei32	l	ei	6	4	lei6	更加：「加利(lei325)」		
2037	力	來	曾	蒸	開	三	入	來	l	ɐt	32	4	lɐt32	l	at	9	4	lat9	{1}形容工作付出多氣力：四字詞 「下(ha11)氣(hei33)下(ha11)力」；{2}巧克力：「朱古力(lat55)」		
2038	勵	來	蟹	祭A	開	三	去	來	l	ɔi	32	4	lɔi32	l	oi	6	4	loi6			
2039	厲	來	蟹	祭A	開	三	去	來	l	ɔi	32	4	lɔi32	l	oi	6	4	loi6			
2040	曆	來	梗	青	開	四	入	來	l	ɐt	32	4	lɐt32	l	at	9	4	lat9			
2041	歷	來	梗	青	開	四	入	來	l	ɐt	32	4	lɐt32	l	at	9	4	lat9			
2042	瀝	來	梗	青	開	四	入	來	l	ɐt	55	4	lɐt55	l	at	2	4	lat2	「嘔心瀝血」		
2043	瀝	來	梗	青	開	四	入	來	l	iɐk	32	5	liɐk32	l	iak	9	5	liak9	地名：「大瀝鎮」		
2044	痢	來	止	脂A	開	三	去	來	l	ei	32	4	lei32	l	ei	6	4	lei6			
2045	立	來	深	侵A	開	三	入	來	l	ip	32	4	lip32	l	ip	9	4	lip9			
2046	笠	來	深	侵A	開	三	入	來	l	ip	55	4	lip55	l	ip	7	4	lip7	文讀，「簑笠」		
2047	笠	來	深	侵A	開	三	入	來	l	ap	55	4	lap55	l	aap	7	5	laap7	白讀，名詞，{1}厚衣服：「笠衫(sam55)」；{2}倒閉：「執(tsap55)笠」		
2048	笠	來	深	侵A	開	三	入	來	l	əp	55	4	ləp55	l	eap	7	5	leap7	白讀，動詞，「笠落(lɔk32)去」		
2049	粒	來	深	侵A	開	三	入	來	l	ip	55	4	lip55	l	ip	7	4	lip7	文讀，「粒子」		
2050	粒	來	深	侵A	開	三	入	來	l	ip	33	4	lip33	l	ip	8	4	lip8	白讀，「一粒」		
2051	粒	來	深	侵A	開	三	入	來	n	ip	33	4	nip33	n	ip	8	4	nip8	白讀，老派，「一粒」		
2052	莉	澄	止	脂B	開	三	平	知	l	ei	32	4	lei32	l	ei	6	4	lei6			
2053	蠣	來	蟹	祭A	開	三	去	來	l	ɔi	32	4	lɔi32	l	oi	6	4	loi6			
2054	隸	來	蟹	齊	開	四	去	來	l	ɔi	32	4	lɔi32	l	oi	6	4	loi6			
2055	麗	來	止	支A	開	三	平	來	l	ɔi	32	4	lɔi32	l	oi	6	4	loi6			
2056	倆	#N/A	#N/A	#N/A	#N/A	#N/A	#N/A	#N/A	l	iŋ	55	4	liŋ55	l	iing	2	6	liing2			
2057	廉	來	咸	鹽A	開	三	平	來	l	iɛm	22	5	liɛm22	l	iem	4	5	liem4			
2058	憐	來	山	先	開	四	平	來	l	ɐn	22	4	lɐn22	l	an	4	4	lan4			
2059	漣	來	山	仙A	開	三	平	來	l	ɐn	22	4	lɐn22	l	an	4	4	lan4			
2060	簾	來	咸	鹽A	開	三	平	來	l	iɛm	22	5	liɛm22	l	iem	4	5	liem4			
2061	聯	來	山	仙A	開	三	平	來	l	un	22	4	lun22	l	un	4	4	lun4			
2062	蓮	來	山	先	開	四	平	來	l	ɐn	22	4	lɐn22	l	an	4	4	lan4			
2063	連	來	山	仙A	開	三	平	來	l	ɐn	22	4	lɐn22	l	an	4	4	lan4	本讀，{1}當時馬上：「連時」；{2}牛欄丸：「牙(ŋa22)連(lɐn22)丸(juɔn11)」；{3}縫補被子的時候連席也補了，形容多此一舉，好事做成壞事：四字詞 「鋪被(pʰe11)連(lɐn22)席(tiɐk32)」		
2064	連	來	山	仙A	開	三	平	來	l	ɐn	11	4	lɐn11	l	an	5	4	lan5	變調，名詞，指相連的一段： 四字詞 ：「擘斷(huɔn33)尾(mei55)連(lɐn11) （指說話或做事滔滔不絕，停不了）」		
2065	鐮	來	咸	鹽A	開	三	平	來	l	iɛm	22	5	liɛm22	l	iem	4	5	liem4			
2066	臉	清	咸	鹽A	開	三	平	精	l	iɛm	11	5	liɛm11	l	iem	5	5	liem5			
2067	戀	來	山	仙A	合	三	去	來	l	un	55	4	lun55	l	un	2	4	lun2	玩：「戀遊戲」		
2068	斂	來	咸	鹽A	開	三	上	來	l	iɛm	11	5	liɛm11	l	iem	5	5	liem5			
2069	殮	來	咸	鹽A	開	三	去	來	l	iɛm	11	5	liɛm11	l	iem	5	5	liem5			
2070	煉	#N/A	#N/A	#N/A	#N/A	#N/A	#N/A	#N/A	l	ɐn	32	4	lɐn32	l	an	6	4	lan6			
2071	練	來	山	先	開	四	去	來	l	ɐn	32	4	lɐn32	l	an	6	4	lan6			
2072	鍊	來	山	先	開	四	去	來	l	ɐn	32	4	lɐn32	l	an	6	4	lan6			
2073	鏈	徹	山	仙B	開	三	平	知	l	ɐn	32	4	lɐn32	l	an	6	4	lan6	傢私木材：「昆鏈」，懷疑是「坤甸」		
2074	梁	來	宕	陽	開	三	平	來	l	iŋ	22	4	liŋ22	l	iing	4	6	liing4	脛骨：「梁鼻骭」		
2075	涼	來	宕	陽	開	三	平	來	l	iŋ	22	4	liŋ22	l	iing	4	6	liing4	{1}洗澡：「洗涼」丨「沖涼」；{2}臭臭米：「涼米粉」；{3}涼茶：「涼水」；{4}藥性寒涼：「涼削(ɬik55)」		
2076	粱	來	宕	陽	開	三	平	來	l	iŋ	22	4	liŋ22	l	iing	4	6	liing4			
2077	糧	來	宕	陽	開	三	平	來	l	iŋ	22	4	liŋ22	l	iing	4	6	liing4			
2078	良	來	宕	陽	開	三	平	來	l	iŋ	22	4	liŋ22	l	iing	4	6	liing4			
2079	兩	來	宕	陽	開	三	上	來	l	iŋ	55	4	liŋ55	l	iing	2	6	liing2	數目二：四字詞 「兩邊(pɐn32)兩側(sak55)（左右兩方）」丨四字詞 「三(ɬam33)頭(hai22)兩千（形容數目少）」丨四字詞 「一起兩得(ʔak55)（同「一舉兩得」）」		
2080	亮	來	宕	陽	開	三	去	來	l	iŋ	32	4	liŋ32	l	iing	6	6	liing6			
2081	晾	#N/A	#N/A	#N/A	#N/A	#N/A	#N/A	#N/A	l	ɔŋ	32	4	lɔŋ32	l	ong	6	5	long6			
2082	諒	來	宕	陽	開	三	去	來	l	iŋ	32	4	liŋ32	l	iing	6	6	liing6			
2083	輛	#N/A	#N/A	#N/A	#N/A	#N/A	#N/A	#N/A	l	iŋ	22	4	liŋ22	l	iing	4	6	liing4			
2084	量	來	宕	陽	開	三	平	來	l	iŋ	22	4	liŋ22	l	iing	4	6	liing4	「測量」		
2085	量	來	宕	陽	開	三	去	來	l	iŋ	32	4	liŋ32	l	iing	6	6	liing6	「數量」		
2086	僚	來	效	蕭	開	四	平	來	l	iɐu	22	5	liɐu22	l	iau	4	5	liau4			
2087	嘹	來	效	蕭	開	四	平	來	l	iɐu	22	5	liɐu22	l	iau	4	5	liau4			
2088	寥	來	效	蕭	開	四	平	來	l	iɐu	22	5	liɐu22	l	iau	4	5	liau4			
2089	寮	來	效	蕭	開	四	平	來	l	iɐu	22	5	liɐu22	l	iau	4	5	liau4	村裡打更人待的小屋：「更古寮(liɐu225)」		
2090	撩	來	效	蕭	開	四	平	來	l	iɐu	22	5	liɐu22	l	iau	4	5	liau4	「撩人」		
2091	撩	來	效	蕭	開	四	上	來	l	iɐu	55	5	liɐu55	l	iau	2	5	liau2	「撩開」丨「撩牙（用牙籤清潔牙齒）」		
2092	燎	來	效	宵A	開	三	平	來	l	iɐu	22	5	liɐu22	l	iau	4	5	liau4			
2093	療	來	效	宵A	開	三	去	來	l	iɐu	22	5	liɐu22	l	iau	4	5	liau4			
2094	繚	來	效	蕭	開	四	平	來	l	iɐu	22	5	liɐu22	l	iau	4	5	liau4			
2095	聊	來	效	蕭	開	四	平	來	l	iɐu	22	5	liɐu22	l	iau	4	5	liau4			
2096	遼	來	效	蕭	開	四	平	來	l	iɐu	22	5	liɐu22	l	iau	4	5	liau4			
2097	了	來	效	蕭	開	四	上	來	l	iɐu	55	5	liɐu55	l	iau	2	5	liau2	{1}一向：「即了」；{2}算了：「了啊(ʔa33)」；{3}區分、隔開：「了開」丨「你了你我了我（區分你我）」丨四字詞 「各(kɔk33)有(jiu33)各(kɔk33)人（ 形容每個人都有不同的習慣、信仰、選擇等等，同「各了各人」）」		
2098	潦	來	效	豪	開	一	上	來	l	au	11	4	lau11	l	aau	5	5	laau5			
2099	廖	來	效	蕭	開	四	平	來	l	iɐu	32	5	liɐu32	l	iau	6	5	liau6			
2100	蓼	來	效	蕭	開	四	上	來	l	iɐu	32	5	liɐu32	l	iau	6	5	liau6			
2101	料	來	效	蕭	開	四	平	來	l	iɐu	32	5	liɐu32	l	iau	6	5	liau6			
2102	瞭	來	效	蕭	開	四	平	來	l	iɐu	22	5	liɐu22	l	iau	4	5	liau4			
2103	列	來	山	仙A	開	三	入	來	l	ɐt	32	4	lɐt32	l	at	9	4	lat9			
2104	劣	來	山	仙A	合	三	入	來	l	ut	55	4	lut55	l	ut	7	4	lut7			
2105	烈	來	山	仙A	開	三	入	來	l	ɐt	32	4	lɐt32	l	at	9	4	lat9			
2106	獵	來	咸	鹽A	開	三	入	來	l	iɛp	32	5	liɛp32	l	iep	9	5	liep9	形容物件放在房子中央，造成其他位置難以使用：四字詞 「其中北獵」		
2107	裂	來	山	仙A	開	三	入	來	l	ɐt	33	4	lɐt33	l	at	8	4	lat8	文讀，「崩裂」		
2108	裂	來	山	仙A	開	三	入	來	l	iɛp	11	5	liɛp11	l	iep	10	5	liep10	白讀，名詞，縫隙：「一條裂」		
2109	裂	來	山	仙A	開	三	入	來	l	iɛp	55	5	liɛp55	l	iep	7	5	liep7	白讀，名詞，縫隙：「一條裂」		
2110	林	來	深	侵A	開	三	平	來	l	im	22	4	lim22	l	im	4	4	lim4			
2111	淋	來	深	侵A	開	三	平	來	l	im	22	4	lim22	l	im	4	4	lim4			
2112	琳	來	深	侵A	開	三	平	來	l	im	22	4	lim22	l	im	4	4	lim4			
2113	磷	來	臻	真A	開	三	平	來	l	in	22	4	lin22	l	in	4	4	lin4			
2114	臨	來	深	侵A	開	三	平	來	l	im	22	4	lim22	l	im	4	4	lim4			
2115	遴	來	臻	真A	開	三	去	來	l	in	22	4	lin22	l	in	4	4	lin4	「遴選」		
2116	鄰	來	臻	真A	開	三	平	來	l	in	22	4	lin22	l	in	4	4	lin4			
2117	霖	來	深	侵A	開	三	平	來	l	im	22	4	lim22	l	im	4	4	lim4	副詞，僅用於修飾甜：「甜霖啊(ʔa33)」		
2118	鱗	來	臻	真A	開	三	平	來	l	in	22	4	lin22	l	in	4	4	lin4			
2119	麟	來	臻	真A	開	三	平	來	l	in	22	4	lin22	l	in	4	4	lin4			
2120	凌	來	曾	蒸	開	三	平	來	l	ɐn	22	4	lɐn22	l	an	4	4	lan4			
2121	玲	來	梗	青	開	四	平	來	l	ɐn	22	4	lɐn22	l	an	4	4	lan4			
2122	羚	來	梗	青	開	四	平	來	l	ɐn	22	4	lɐn22	l	an	4	4	lan4			
2123	聆	來	梗	青	開	四	平	來	l	ɐn	22	4	lɐn22	l	an	4	4	lan4			
2124	菱	來	曾	蒸	開	三	平	來	l	ɐn	22	4	lɐn22	l	an	4	4	lan4	菱粉搭配紅糖分層蒸煮的糍：「菱粉糍」		
2125	蛉	來	梗	青	開	四	平	來	l	ɐn	22	4	lɐn22	l	an	4	4	lan4			
2126	鈴	來	梗	青	開	四	平	來	l	ɐn	22	4	lɐn22	l	an	4	4	lan4	文讀，「金鈴」丨「馬鈴薯」		
2127	鈴	來	梗	青	開	四	平	來	l	iɐŋ	11	5	liɐŋ11	l	iang	5	6	liang5	白讀，「一個鈴(liɐŋ115)」丨「鈴聲」		
2128	陵	來	曾	蒸	開	三	平	來	l	ɐn	22	4	lɐn22	l	an	4	4	lan4			
2129	零	來	山	先	開	三	平	來	l	ɐn	22	4	lɐn22	l	an	4	4	lan4	文讀，「零落(lɔk32)」		
2130	零	來	山	先	開	四	平	來	l	iɐŋ	22	5	liɐŋ22	l	iang	4	6	liang4	白讀，「零個」		
2131	靈	來	梗	青	開	四	平	來	l	ɐn	22	4	lɐn22	l	an	4	4	lan4	文讀，「靈秀」		
2132	靈	來	梗	青	開	四	平	來	l	iɐŋ	22	5	liɐŋ22	l	iang	4	6	liang4	白讀，靈驗：「靈(liɐŋ22)擎( kʰiɐŋ22)」」		
2133	齡	來	梗	青	開	四	平	來	l	ɐn	22	4	lɐn22	l	an	4	4	lan4	本讀，「年齡」		
2134	齡	來	梗	青	開	四	平	來	l	ɐn	32	4	lɐn32	l	an	6	4	lan6	變調，又讀，「年齡」		
2135	嶺	來	梗	清A	開	三	上	來	l	iɐŋ	11	5	liɐŋ11	l	iang	5	6	liang5			
2136	令	來	梗	清	開	三	去	來	l	ɐn	32	4	lɐn32	l	an	6	4	lan6	{1}同廣州話「讕」，自以為是：「令叻（自作聰明）」丨「令假叻」丨四字詞 「令屎假叻（即自以為是、自作聰明，又作「假屎令叻」）」；{2}東西懸吊在半空的狀態：「令稱(tsʰɐn33)稱(tsʰɐn33)」		
2137	另	#N/A	#N/A	#N/A	#N/A	#N/A	#N/A	#N/A	l	ɐn	32	4	lɐn32	l	an	6	4	lan6	單獨不合群的物體：「另了了」		
2138	劉	來	流	尤	開	三	平	來	l	iu	22	4	liu22	l	iu	4	4	liu4			
2139	榴	來	流	尤	開	三	平	來	l	iu	22	4	liu22	l	iu	4	4	liu4	本讀，「榴蓮」		
2140	榴	來	流	尤	開	三	平	來	l	iu	11	4	liu11	l	iu	5	4	liu5	變調，「番石榴(liu115)」		
2141	流	來	流	尤	開	三	平	來	l	iu	22	4	liu22	l	iu	4	4	liu4	{1}流汗多，汗流浹背：四字詞 「汗流炸糝」；{2}比喻人詭計多端，多作調侃：四字詞 「屎計(kɔi335)流流」		
2142	瀏	來	流	尤	開	三	平	來	l	iu	22	4	liu22	l	iu	4	4	liu4			
2143	琉	#N/A	#N/A	#N/A	#N/A	#N/A	#N/A	#N/A	l	iu	22	4	liu22	l	iu	4	4	liu4			
2144	留	來	流	尤	開	三	平	來	l	iu	22	4	liu22	l	iu	4	4	liu4	節儉：四字詞 「留前(tʰɐn22)撿後(hai32)」		
2145	瘤	來	流	尤	開	三	平	來	l	iu	22	4	liu22	l	iu	4	4	liu4	本讀，「腫瘤」		
2146	瘤	來	流	尤	開	三	平	來	l	iu	11	4	liu11	l	iu	5	4	liu5	變調，「一個瘤(liu115)」		
2147	硫	來	流	尤	開	三	平	來	l	iu	22	4	liu22	l	iu	4	4	liu4			
2148	柳	來	流	尤	開	三	上	來	l	iu	11	4	liu11	l	iu	5	4	liu5	長條狀的劃痕：「一條柳」		
2149	六	來	通	東	開	三	入	來	l	ək	32	4	lək32	l	eak	9	5	leak9	本讀，「六份」		
2150	六	來	通	東	開	三	入	來	l	ək	11	4	lək11	l	eak	10	5	leak10	變調，「三(ɬam33)六九」		
2151	碌	來	通	東	開	一	入	來	l	ək	55	4	lək55	l	eak	7	5	leak7	沙田柚：「古碌」		
2152	碌	來	通	東	開	一	入	來	l	ək	33	4	lək33	l	eak	8	5	leak8	{1}形容圓：「圓至碌」；{2}匆匆忙忙：「碌碌輪{lun11}」丨四字詞「碌(lək33)碌(lək33)仆(pʰək33)仆(pʰək33)」		
2153	嚨	來	通	東	開	一	平	來	l	əŋ	22	4	ləŋ22	l	eang	4	6	leang4			
2154	朧	來	通	東	開	一	平	來	l	əŋ	22	4	ləŋ22	l	eang	4	6	leang4			
2155	瓏	來	通	東	開	一	平	來	l	əŋ	22	4	ləŋ22	l	eang	4	6	leang4			
2156	窿	來	通	東	開	三	平	來	l	əŋ	55	4	ləŋ55	l	eang	2	6	leang2	形容打麻將時卡窿情況多：四字詞 「卡(kʰa55)窿卡(kʰa55)罅」		
2157	籠	來	通	東	開	一	平	來	l	əŋ	22	4	ləŋ22	l	eang	4	6	leang4	本讀，「籠罩」		
2158	籠	來	通	東	開	一	平	來	l	əŋ	11	4	ləŋ11	l	eang	5	6	leang5	變調，{1}籠子：「狗籠」；{2} 腫脹：四字詞「 籠籠腫腫」		
2159	聾	來	通	東	開	一	平	來	l	əŋ	22	4	ləŋ22	l	eang	4	6	leang4	指人聽力差：四字詞 「耳聾耳臭(tsʰiu33)」		
2160	隆	來	通	東	開	三	平	來	l	əŋ	22	4	ləŋ22	l	eang	4	6	leang4	本讀，「興隆」		
2161	隆	來	通	東	開	三	平	來	l	əm	11	4	ləm11	l	eam	5	5	leam5	變調，擬聲詞，打雷聲音：「隆隆laak7」		
2162	隆	來	通	東	開	三	平	來	l	əm	22	4	ləm22	l	eam	4	5	leam4	變調，形容詞，指天陰、打雷的先兆：「隆埋個天(hɐn33)」		
2163	龍	來	通	鍾	開	三	平	來	l	əŋ	22	4	ləŋ22	l	eang	4	6	leang4	{1}九吐魚：「龍兔」；{2}形容場合空虛：「空空龍龍（又「空空kʰaŋ22 kʰaŋ22」）」；{3}檸檬：「龍檬」		
2164	壟	#N/A	#N/A	#N/A	#N/A	#N/A	#N/A	#N/A	l	əŋ	11	4	ləŋ11	l	eang	5	6	leang5	「田壟」		
2165	攏	來	通	東	開	一	上	來	l	əŋ	55	4	ləŋ55	l	eang	2	6	leang2			
2166	隴	來	通	鍾	開	三	上	來	l	əŋ	11	4	ləŋ11	l	eang	5	6	leang5			
2167	樓	來	流	侯	開	一	平	來	l	ai	22	4	lai22	l	aai	4	5	laai4	{1}修飾強調較吉祥的時間段的副詞：「早樓樓」丨四字詞 「早市樓樓（強調現在是早上）」丨「新年樓樓」；{2}衣物凌亂：「樓皺」丨四字詞 「樓樓皺(tsai33)皺(tsai33)」；{3}分寸感、做事，脫胎自樂譜「re」「la」：「樓啦」丨四字詞 「冇(mau33)樓冇(mau33)啦（沒分寸）」		
2168	漏	來	流	侯	開	一	去	來	l	ai	32	4	lai32	l	aai	6	5	laai6	本讀，{1}穿孔漏水的器皿：四字詞  「漏(lai32)孔漏 luɔi115」；{2}形容食物盡是水，不好吃：「青(tʰiɐŋ33)水漏(lai32)laŋ11」；{3}不穩固：「漏pai32」丨「漏褲（褲子穿不穩而下滑）」；{4}副詞，修飾容易：「易漏啊(ʔa33)」		
2169	漏	來	流	侯	開	一	去	來	l	ai	11	4	lai11	l	aai	5	5	laai5	變調，{1}名詞，漏斗：「一個漏(lai115)」；{2}形容詞，修飾嘴巴，鬆，引申為信口開河：「口漏漏」		
2170	陋	來	流	侯	開	一	去	來	l	ai	32	4	lai32	l	aai	6	5	laai6			
2171	廬	來	遇	魚	開	三	平	來	l	ou	22	4	lou22	l	ou	4	4	lou4			
2172	爐	來	遇	模	開	一	平	來	l	ou	22	4	lou22	l	ou	4	4	lou4	本讀，偷偷摸摸：四字詞「偷爐(lou11)偷爐(lou115)」丨「偷爐(lou22)偷缽(puɔt11)」		
2173	爐	來	遇	模	開	一	平	來	l	ou	11	4	lou11	l	ou	5	4	lou5	變調，偷偷摸摸：四字詞「偷爐(lou11)偷爐(lou115)」		
2174	盧	來	遇	模	開	一	平	來	l	ou	22	4	lou22	l	ou	4	4	lou4	枇杷：「盧屈」		
2175	蘆	來	遇	魚	開	三	平	來	l	ou	22	4	lou22	l	ou	4	4	lou4	本讀，形容小的物件上面放大的東西：四字詞 「葫(ʋu22)蘆(lou22)頂(ʔɐn55)寶」		
2176	蘆	來	遇	魚	開	三	平	來	l	ou	11	4	lou11	l	ou	5	4	lou5	變調，「葫(ʋu22)蘆」		
2177	顱	來	遇	模	開	一	平	來	l	ou	22	4	lou22	l	ou	4	4	lou4			
2178	驢	來	遇	魚	開	三	平	來	l	ou	22	4	lou22	l	ou	4	4	lou4			
2179	侶	來	遇	魚	開	三	上	來	l	ui	11	4	lui11	l	ui	5	4	lui5			
2180	呂	來	遇	魚	開	三	上	來	l	ui	11	4	lui11	l	ui	5	4	lui5			
2181	屢	來	遇	虞	合	三	去	來	l	ui	11	4	lui11	l	ui	5	4	lui5			
2182	履	來	止	脂A	開	三	上	來	l	ei	11	4	lei11	l	ei	5	4	lei5			
2183	擄	來	遇	模	開	一	上	來	l	ou	11	4	lou11	l	ou	5	4	lou5			
2184	旅	來	遇	魚	開	三	上	來	l	ui	11	4	lui11	l	ui	5	4	lui5	去：「旅北京」		
2185	櫓	來	遇	模	開	一	上	來	l	ou	11	4	lou11	l	ou	5	4	lou5			
2186	滷	來	遇	模	開	一	上	來	l	uɔ	55	4	luɔ55	l	uo	2	4	luo2	文讀，「滷水」		
2187	滷	來	遇	模	開	一	上	來	l	ou	55	4	lou55	l	ou	2	4	lou2	白讀，「滷水」		
2188	縷	來	遇	虞	合	三	上	來	l	ui	11	4	lui11	l	ui	5	4	lui5			
2189	虜	來	遇	模	開	一	上	來	l	ou	11	4	lou11	l	ou	5	4	lou5			
2190	鋁	#N/A	#N/A	#N/A	#N/A	#N/A	#N/A	#N/A	l	ui	11	4	lui11	l	ui	5	4	lui5			
2191	魯	來	遇	模	開	一	上	來	l	ou	11	4	lou11	l	ou	5	4	lou5			
2192	律	來	臻	真A	合	三	入	來	l	ut	32	4	lut32	l	ut	6	4	lut6			
2193	慮	來	遇	魚	開	三	去	來	l	ui	32	4	lui32	l	ui	6	4	lui6			
2194	氯	#N/A	#N/A	#N/A	#N/A	#N/A	#N/A	#N/A	l	ək	32	4	lək32	l	eak	9	5	leak9			
2195	漉	來	通	東	開	一	入	來	l	ək	32	4	lək32	l	eak	9	5	leak9			
2196	濾	#N/A	#N/A	#N/A	#N/A	#N/A	#N/A	#N/A	l	ui	32	4	lui32	l	ui	6	4	lui6			
2197	率	生	臻	諄	合	三	入	莊	l	ut	32	4	lut32	l	ut	9	4	lut9	「效率」		
2198	率	生	臻	諄	合	三	入	莊	ɬ	ut	55	4	ɬut55	sl	ut	7	5	slut7	「率眾」		
2199	綠	來	通	鍾	開	三	入	來	l	ək	32	4	lək32	l	eak	9	5	leak9	形容一樣東西不熟，多指水果 。可能是「青皮(pʰei11)綠桔」演化：四字詞 「青(tʰiɐŋ33)臂綠桔(kit55)」		
2200	路	來	遇	模	開	一	去	來	l	ou	32	4	lou32	l	ou	6	4	lou6			
2201	錄	來	通	鍾	開	三	入	來	l	ək	32	4	lək32	l	eak	9	5	leak9			
2202	陸	來	通	東	開	三	入	來	l	ək	32	4	lək32	l	eak	9	5	leak9			
2203	露	來	遇	模	開	一	去	來	l	ou	32	4	lou32	l	ou	6	4	lou6	形容物品沒遮掩，被人一覽無遺：四字詞 「露頭(hai22)𪘲𪘲」丨 四字詞 「露天(hɐn33)露面(mɐn32)」		
2204	鹿	來	通	東	開	一	入	來	l	ək	32	4	lək32	l	eak	9	5	leak9			
2205	卵	來	山	寒	合	一	上	來	l	uɔn	55	5	luɔn55	l	uon	2	5	luon2			
2206	亂	來	山	寒	合	一	去	來	l	uɔn	32	5	luɔn32	l	uon	6	5	luon6	東西凌亂：「頽亂」丨四字詞 「頽頽亂亂」		
2207	掠	來	宕	陽	開	三	去	來	l	ik	32	4	lik32	l	iik	9	5	liik9			
2208	略	來	宕	陽	開	三	入	來	l	ik	32	4	lik32	l	iik	9	5	liik9			
2209	倫	來	臻	真A	合	三	平	來	l	un	22	4	lun22	l	un	4	4	lun4			
2210	圇	#N/A	#N/A	#N/A	#N/A	#N/A	#N/A	#N/A	l	un	22	4	lun22	l	un	4	4	lun4			
2211	崙	#N/A	#N/A	#N/A	#N/A	#N/A	#N/A	#N/A	l	un	22	4	lun22	l	un	4	4	lun4			
2212	掄	來	臻	真A	合	三	平	來	l	un	22	4	lun22	l	un	4	4	lun4			
2213	淪	來	臻	真A	合	三	平	來	l	un	22	4	lun22	l	un	4	4	lun4			
2214	綸	來	臻	真A	合	三	平	來	l	un	22	4	lun22	l	un	4	4	lun4			
2215	輪	來	臻	真A	合	三	平	來	l	un	22	4	lun22	l	un	4	4	lun4	本讀，全部輪一次：「轉(tsuɔn55)輪」		
2216	輪	來	臻	真A	合	三	平	來	l	un	11	4	lun11	l	un	5	4	lun5	變調，量詞，次數：「一輪」」		
2217	論	來	臻	魂	合	一	去	來	l	un	32	4	lun32	l	un	6	4	lun6			
2218	籮	來	果	歌	開	一	平	來	l	ou	22	4	lou22	l	ou	4	4	lou4			
2219	羅	來	果	歌	開	一	平	來	l	uɔ	22	4	luɔ22	l	uo	4	4	luo4			
2220	蘿	來	果	歌	開	一	平	來	l	uɔ	22	4	luɔ22	l	uo	4	4	luo4	文讀，「蘿星村」		
2221	蘿	來	果	歌	開	一	平	來	l	ou	22	4	lou22	l	ou	4	4	lou4	白讀，「菠(pɔu33)蘿」		
2222	螺	來	果	歌	合	一	平	來	l	uɔ	22	4	luɔ22	l	uo	4	4	luo4	文讀，「螺絲」		
2223	螺	來	果	歌	合	一	平	來	l	ou	22	4	lou22	l	ou	4	4	lou4	白讀，「田螺」		
2224	螺	來	果	歌	合	一	平	來	l	ou	11	4	lou11	l	ou	5	4	lou5	lou22的變調，{1}田螺：「一個螺」；{2}蝸牛：「圓螺蟲」		
2225	邏	來	果	歌	開	一	去	來	l	uɔ	22	4	luɔ22	l	uo	4	4	luo4			
2226	鑼	來	果	歌	開	一	平	來	l	uɔ	22	4	luɔ22	l	uo	4	4	luo4			
2227	鑼	來	果	歌	開	一	平	來	l	ou	22	4	lou22	l	ou	4	4	lou4			
2228	裸	來	果	歌	合	一	上	來	l	uɔ	55	4	luɔ55	l	uo	2	4	luo2			
2229	洛	來	宕	唐	開	一	入	來	l	ɔk	55	4	lɔk55	l	ok	7	4	lok7			
2230	烙	來	宕	唐	開	一	入	來	l	ɔk	55	4	lɔk55	l	ok	7	4	lok7	本讀，「炮烙」		
2231	烙	來	宕	唐	開	一	入	來	l	ɔk	33	4	lɔk33	l	ok	8	4	lok8	又讀，用油爆香：「烙香佢」		
2232	絡	來	宕	唐	開	一	入	來	l	ɔk	55	4	lɔk55	l	ok	7	4	lok7			
2233	落	來	宕	唐	開	一	入	來	l	ɔk	32	4	lɔk32	l	ok	9	4	lok9	本讀，形容迷蒙小雨，廣義也指下雨：四字詞 「落(lɔk32)水微茶」		
2234	落	來	宕	唐	開	一	入	來	l	ɔk	11	4	lɔk11	l	ok	10	4	lok10	變調，「角(kɔk11)落」		
2235	駱	來	宕	唐	開	一	入	來	l	ɔk	55	4	lɔk55	l	ok	7	4	lok7			
2236	嗎	#N/A	#N/A	#N/A	#N/A	#N/A	#N/A	#N/A	m	a	33	3	ma33	m	aa	1	4	maa1	「來嗎」		
2237	嗎	#N/A	#N/A	#N/A	#N/A	#N/A	#N/A	#N/A	m	a	55	3	ma55	m	aa	2	4	maa2	「嗎啡(fiɛ55)」		
2238	媽	明	遇	模	開	一	上	幫	m	a	55	3	ma55	m	aa	2	4	maa2			
2239	痲	明	假	麻	開	二	平	幫	m	a	22	3	ma22	m	aa	4	4	maa4			
2240	麻	明	假	麻	開	二	平	幫	m	a	22	3	ma22	m	aa	4	4	maa4	本讀，「麻煩」		
2241	麻	明	假	麻	開	二	平	幫	m	ɔ	22	3	mɔ22	m	o	4	3	mo4	變調，名詞，{1}糖：「麻糖(hɔŋ225)」丨「麻糖(hɔŋ22)錘（棒棒糖）」；{2}餅乾和糖果，這些都是拜神用品，泛指相關的拜神拜祭食物：四字詞 「餅(piɐŋ55)仔(tuɔi55)麻(mɔ22)糖(hɔŋ225)」		
2242	麼	明	果	歌	開	一	上	幫	m	uɔ	55	4	muɔ55	m	uo	2	4	muo2	本讀，「什麼」		
2243	麼	明	果	歌	開	一	上	幫	m	ɔ	11	3	mɔ11	m	o	5	3	mo5	變調，用於句末詢問，「你冇麼」		
2244	瑪	#N/A	#N/A	#N/A	#N/A	#N/A	#N/A	#N/A	m	a	11	3	ma11	m	aa	5	4	maa5	沙琪瑪：「騎瑪(ma115)」		
2245	碼	明	假	麻	開	二	上	幫	m	a	11	3	ma11	m	aa	5	4	maa5	泛指彩票、賭博用的籌碼：「買碼」		
2246	螞	#N/A	#N/A	#N/A	#N/A	#N/A	#N/A	#N/A	m	a	11	3	ma11	m	aa	5	4	maa5			
2247	馬	明	假	麻	開	二	上	幫	m	a	11	3	ma11	m	aa	5	4	maa5	本讀，{1}保險箱：夾馬；{2}「鹹蝦」的連讀：「鹹馬」；{3}馬匹：四字詞 「打(ʔa55)牛(ŋai22)射馬(ma11)（明面上打牛，實質上打起射馬的注意，有聲東擊西、指桑罵槐、醉翁之意不在酒的意思）」丨四字詞：「雷響馬(ma11)顫（雷聲大得連馬都顫抖了，形容雷聲大，風雨交加）」；{4}口才：「口馬」丨 四字詞 「好(hau55)口好(hau55)馬(ma11)（「口馬」意思為「口才」，即有好口才之意，「冇口冇馬」即為沒口才之意。有詩云：好口好馬當三石。）」；{5}一個人騎在另一個人肩上：「騎(kʰiɛ22)馬(ma11)浪(lɔŋ55)」		
2248	馬	明	假	麻	開	二	上	幫	m	a	55	3	ma55	m	aa	2	4	maa2	變調，「馬虎」		
2249	馬	明	假	麻	開	二	上	幫	m	a	33	3	ma33	m	aa	1	4	maa1	變調，{1}荸薺：「馬薺(tʰei115)」；{2}猴子：「馬騮」		
2250	罵	明	假	麻	開	二	上	幫	m	a	32	3	ma32	m	aa	6	4	maa6			
2251	埋	明	蟹	皆	開	二	平	幫	m	ɔi	22	4	mɔi22	m	oi	4	4	moi4	本讀，「掩埋」		
2252	埋	明	蟹	皆	開	二	平	幫	m	uɔi	22	5	muɔi22	m	uoi	4	5	muoi4	又讀，{1}接近：「埋來」丨四字詞 「埋(muɔi22)年埋(muɔi22)晚（臨近過年）」；{2}閉合：「埋口」丨四字詞 「合(hiɛp33)埋(muɔi22)眉眼」；{3}完成、結束：「做埋先」；{4}作補充說明：「肚都疼埋」；{5}整齊：「埋齊」；{6}臨近過年：四字詞 「埋(muɔi22)年埋(muɔi22)晚」		
2253	霾	明	蟹	皆	開	二	平	幫	m	ɔi	22	4	mɔi22	m	oi	4	4	moi4			
2254	買	明	蟹	佳	開	二	上	幫	m	ɔi	33	4	mɔi33	m	oi	1	4	moi1			
2255	賣	明	蟹	佳	開	二	去	幫	m	ɔi	32	4	mɔi32	m	oi	6	4	moi6			
2256	邁	明	蟹	夬	開	二	去	幫	m	ɔi	32	4	mɔi32	m	oi	6	4	moi6			
2257	麥	明	梗	耕	開	二	入	幫	m	ak	32	4	mak32	m	aak	9	5	maak9	泛指堅果豆類：四字詞 「豆(hai11)豆(hai11)麥麥」		
2258	瞞	明	山	寒	開	一	平	幫	m	uɔn	22	5	muɔn22	m	uon	4	5	muon4			
2259	蠻	明	山	刪	開	二	平	幫	m	ɔn	22	4	mɔn22	m	on	4	4	mon4	{1}野蠻：「蠻kʰai22樓」；{2}形容固執，或者是不會變通的人：四字詞 「死梗蠻山(sɔn33)」		
2260	蹣	並	山	桓	合	一	平	幫	pʰ	uɔn	22	6	pʰuɔn22	p	uon	4	5	puon4	「蹣跚」		
2261	蹣	明	山	桓	合	一	平	幫	m	uɔn	22	5	muɔn22	m	uon	4	5	muon4	「蹣跚」		
2262	饅	明	山	寒	開	一	平	幫	m	ɔn	32	4	mɔn32	m	on	6	4	mon6			
2263	鰻	明	山	寒	開	一	平	幫	m	ɔn	32	4	mɔn32	m	on	6	4	mon6			
2264	滿	明	山	寒	開	一	上	幫	m	uɔn	55	5	muɔn55	m	uon	2	5	muon2	{1}畢業：「讀滿書」；{2}弄得滿身都是：四字詞 「滿身(sin33)滿盛」		
2265	幔	明	山	寒	開	一	去	幫	m	ɔn	32	4	mɔn32	m	on	6	4	mon6			
2266	慢	明	山	刪	開	二	去	幫	m	ɔn	32	4	mɔn32	m	on	6	4	mon6	{1}低聲啼哭：「緊慢(mɔn325)」；{2}拖拉：「散慢」；{3}「慢(mɔn32)慢(mɔn115)」		
2267	曼	明	山	寒	開	一	平	幫	m	ɔn	32	4	mɔn32	m	on	6	4	mon6			
2268	漫	明	山	寒	開	一	去	幫	m	ɔn	32	4	mɔn32	m	on	6	4	mon6			
2269	蔓	明	山	元	合	三	去	幫	m	ɔn	32	4	mɔn32	m	on	6	4	mon6			
2270	忙	明	宕	唐	開	一	平	幫	m	ɔŋ	22	4	mɔŋ22	m	ong	4	5	mong4	形容人匆忙雜亂的樣子：「狼忙」丨四字詞 「狼狼忙忙」		
2271	盲	明	梗	庚	開	二	平	幫	m	aŋ	22	4	maŋ22	m	aang	4	6	maang4	蠻橫：「盲行(haŋ22)」		
2272	芒	明	宕	陽	合	三	平	幫	m	ɔŋ	22	4	mɔŋ22	m	ong	4	5	mong4	「光芒」		
2273	芒	明	宕	陽	合	三	平	幫	m	ɔŋ	33	4	mɔŋ33	m	ong	1	5	mong1	「芒果」		
2274	茫	明	宕	唐	開	一	平	幫	m	ɔŋ	22	4	mɔŋ22	m	ong	4	5	mong4			
2275	貓	明	效	宵B	開	三	平	幫	m	iu	55	4	miu55	m	iu	2	4	miu2	本讀，「一隻貓」		
2276	貓	明	效	肴	開	二	平	幫	m	iɐu	55	5	miɐu55	m	iau	2	5	miau2	習讀，不濃厚：四字詞 「淡(ham33)過(kuɔ33)貓(miɐu55)尿（飯菜沒味道）		
2277	毛	明	效	豪	開	一	平	幫	m	au	22	4	mau22	m	aau	4	5	maau4	{1}毛毛蟲：「狗毛蟲」；{2}頭髮：「頭毛」；{3}毛骨悚然、起雞皮疙瘩：「毛骨頭(hai11)聳」		
2278	矛	明	流	尤	合	三	平	幫	m	au	22	4	mau22	m	aau	4	5	maau4			
2279	茅	明	效	肴	開	二	平	幫	m	au	22	4	mau22	m	aau	4	5	maau4			
2280	錨	#N/A	#N/A	#N/A	#N/A	#N/A	#N/A	#N/A	m	au	22	4	mau22	m	aau	4	5	maau4			
2281	卯	明	效	肴	開	二	上	幫	m	au	11	4	mau11	m	aau	5	5	maau5			
2282	冒	明	效	豪	開	一	去	幫	m	au	32	4	mau32	m	aau	6	5	maau6			
2283	帽	明	效	豪	開	一	去	幫	m	au	32	4	mau32	m	aau	6	5	maau6	頭盔：「戴帽(mau325)」		
2284	茂	明	流	侯	開	一	去	幫	m	au	32	4	mau32	m	aau	6	5	maau6			
2285	貌	明	效	肴	開	二	去	幫	m	au	32	4	mau32	m	aau	6	5	maau6			
2286	貿	明	流	侯	開	一	去	幫	m	au	32	4	mau32	m	aau	6	5	maau6			
2287	么	#N/A	#N/A	#N/A	#N/A	#N/A	#N/A	#N/A	m	uɔ	55	4	muɔ55	m	uo	2	4	muo2			
2288	媒	明	蟹	灰	合	一	平	幫	m	uɔi	22	5	muɔi22	m	uoi	4	5	muoi4			
2289	枚	明	蟹	灰	合	一	平	幫	m	uɔi	22	5	muɔi22	m	uoi	4	5	muoi4			
2290	梅	明	蟹	灰	合	一	平	幫	m	uɔi	22	5	muɔi22	m	uoi	4	5	muoi4			
2291	楣	明	止	脂B	開	三	平	幫	m	ei	22	4	mei22	m	ei	4	4	mei4			
2292	沒	明	臻	魂	合	一	入	幫	m	uɔt	32	5	muɔt32	m	uot	6	5	muot6			
2293	煤	明	蟹	灰	合	一	平	幫	m	uɔi	22	5	muɔi22	m	uoi	4	5	muoi4	形容用各種藉口推脫：四字詞 「討(hou55)煤討(hou55) juɔi115」		
2294	玫	#N/A	#N/A	#N/A	#N/A	#N/A	#N/A	#N/A	m	uɔi	22	5	muɔi22	m	uoi	4	5	muoi4			
2295	眉	明	止	脂B	開	三	平	幫	m	ei	22	4	mei22	m	ei	4	4	mei4	{1}額頭：「眉頭(hai22)；{2}眉毛，四字詞 「合(hiɛp33)埋(muɔi22)眉眼」丨四字詞 「眉癡眼癡」（形容極度疲累，昏昏欲睡）		
2296	莓	明	蟹	灰	合	一	平	幫	m	uɔi	22	5	muɔi22	m	uoi	4	5	muoi4			
2297	霉	#N/A	#N/A	#N/A	#N/A	#N/A	#N/A	#N/A	m	uɔi	22	5	muɔi22	m	uoi	4	5	muoi4			
2298	黴	明	止	脂B	開	三	平	幫	m	uɔi	22	5	muɔi22	m	uoi	4	5	muoi4			
2299	每	明	蟹	灰	合	一	上	幫	m	uɔi	11	5	muɔi11	m	uoi	5	5	muoi5			
2300	美	明	止	脂B	開	三	上	幫	m	ei	11	4	mei11	m	ei	5	4	mei5			
2301	妹	明	蟹	灰	合	一	去	幫	m	uɔi	11	5	muɔi11	m	uoi	5	5	muoi5	「妹夫」丨「你妹」		
2302	妹	明	蟹	灰	合	一	去	幫	m	uɔi	55	5	muɔi55	m	uoi	2	5	muoi2	「啊妹」丨「妹(muɔi22)妹」		
2303	媚	明	止	脂B	開	三	去	幫	m	ei	22	4	mei22	m	ei	4	4	mei4			
2304	寐	明	止	脂A	開	三	去	幫	m	ei	32	4	mei32	m	ei	6	4	mei6			
2305	昧	明	蟹	灰	合	一	去	幫	m	uɔi	32	5	muɔi32	m	uoi	6	5	muoi6			
2306	魅	明	止	脂B	開	三	去	幫	m	ei	32	4	mei32	m	ei	6	4	mei6			
2307	們	#N/A	#N/A	#N/A	#N/A	#N/A	#N/A	#N/A	m	uɔn	22	5	muɔn22	m	uon	4	5	muon4			
2308	門	明	臻	魂	合	一	平	幫	m	uɔn	22	5	muɔn22	m	uon	4	5	muon4	本讀，{1}大門的鎖：「門幾(kei55)」；{2}對不敢見人的人的嘲弄：「門角(kɔk11)炮」；{3}事物分明：「塊門塊（指分開一塊塊）」；{4}形容遮遮掩掩，不見人：四字詞 「閂(sɔn33)門(muɔn22)閂(sɔn33)褲」		
2309	門	明	臻	魂	合	一	平	幫	m	uɔn	11	5	muɔn11	m	uon	5	5	muon5	變調，{1}肚子不妙要去廁所：走後(hai32)門；{2}人做一件事的時候，不到最後關頭不做：四字詞 「抿(min33)屎抿(min33)門(muɔn11)」；{3}後面、後來：「尾(mei55)門」丨「第尾(mei55)門」		
2310	悶	明	臻	魂	合	一	去	幫	m	uɔn	32	5	muɔn32	m	uon	6	5	muon6	腸胃不適想吐：「翻悶」		
2311	炆	#N/A	#N/A	#N/A	#N/A	#N/A	#N/A	#N/A	m	in	55	4	min55	m	in	2	4	min2			
2312	朦	明	通	東	開	一	平	幫	m	əŋ	22	4	məŋ22	m	eang	4	6	meang4			
2313	檬	明	通	東	開	一	平	幫	m	əŋ	55	4	məŋ55	m	eang	2	6	meang2			
2314	濛	明	通	東	開	一	平	幫	m	əŋ	22	4	məŋ22	m	eang	4	6	meang4			
2315	盟	明	梗	庚	開	三	平	幫	m	aŋ	22	4	maŋ22	m	aang	4	6	maang4			
2316	矇	明	通	東	開	一	平	幫	m	əŋ	22	4	məŋ22	m	eang	4	6	meang4	本讀，「朦朧」		
2317	矇	#N/A	#N/A	#N/A	#N/A	#N/A	#N/A	#N/A	m	əŋ	55	4	məŋ55	m	eang	2	6	meang2	訓讀，形容詞，少，僅用於修飾「尐」：「尐məŋ55」丨「呢菜得尐məŋ55」		
2318	萌	明	梗	耕	開	二	平	幫	m	aŋ	22	4	maŋ22	m	aang	4	6	maang4			
2319	蒙	明	通	東	開	一	平	幫	m	əŋ	22	4	məŋ22	m	eang	4	6	meang4	本讀，「蒙古」		
2320	蒙	明	通	東	開	一	平	幫	p	əŋ	33	4	pəŋ33	b	eang	1	6	beang1	白讀，{1}用粉覆蓋：「蒙眼（眼睛進入異物，無法睜開）」丨「呢麵粉蒙啊(ʔa33)我雙眼」；{2}沙塵滾滾：「塵蒙(pəŋ33)蒙(pəŋ11)」		
2321	蒙	明	通	東	開	一	平	幫	p	əŋ	11	4	pəŋ11	b	eang	5	6	beang5	pəŋ33的變調，沙塵滾滾：「塵蒙(pəŋ33)蒙(pəŋ11)」		
2322	蒙	明	通	東	開	一	平	幫	m	əŋ	33	4	məŋ33	m	eang	1	6	meang1	訓讀，睡過頭：「瞓過蒙」		
2323	懵	明	通	東	開	一	上	幫	m	əŋ	55	4	məŋ55	m	eang	2	6	meang2	形容植物野蠻生長以致過於茂盛：「呢草好懵」		
2324	猛	明	梗	庚	開	二	上	幫	m	aŋ	11	4	maŋ11	m	aang	5	6	maang5	文讀，「猛烈」丨「光猛」		
2325	猛	明	梗	庚	開	二	上	幫	m	aŋ	33	4	maŋ33	m	aang	1	6	maang1	白讀，「風(fəŋ33)猛」		
2326	艋	明	梗	庚	開	二	上	幫	m	aŋ	11	4	maŋ11	m	aang	5	6	maang5			
2327	蜢	明	梗	庚	開	二	上	幫	m	aŋ	55	4	maŋ55	m	aang	2	6	maang2	本讀，{1}副詞，修飾瘦、皺：「窈(niɐu33)蜢啊(ʔa33)」丨「巢蜢蜢」；{2}煩躁：「蜢爭(tsaŋ55)」；{3}拉扯、不正：「上紐蜢下扣（紐扣歪了）」丨「我條腰好蜢」丨「扭蜢」；{4}四字詞 「巢(tsʰau22)皮(pʰei22)蜢(maŋ55)髀（形容東西很老很皺）」；{5}四字詞 「瘦蜢(maŋ55)鬼勞（指人非常瘦，同「骨瘦如柴」）」；{6}形容小女孩很嗲，養尊處優慣的樣子：四字詞 「嬌氣(hei33)蜢(maŋ55)命(miɐŋ32)」；{7}乾巴巴的：四字詞 「猛(maŋ55)乾(kuɔn11)猛(maŋ55)乾(kuɔn115)」		
2328	蜢	明	梗	庚	開	二	上	幫	m	aŋ	11	4	maŋ11	m	aang	5	6	maang5	變調，藿香薊：「臭(tsʰiu33)蜢」		
2329	錳	#N/A	#N/A	#N/A	#N/A	#N/A	#N/A	#N/A	m	aŋ	11	4	maŋ11	m	aang	5	6	maang5			
2330	夢	明	通	東	合	三	平	幫	m	əŋ	32	4	məŋ32	m	eang	6	6	meang6			
2331	孟	明	梗	庚	開	二	去	幫	m	aŋ	32	4	maŋ32	m	aang	6	6	maang6			
2332	糜	明	止	支B	開	三	平	幫	m	ei	22	4	mei22	m	ei	4	4	mei4			
2333	謎	明	蟹	齊	開	四	去	幫	m	ɔi	22	4	mɔi22	m	oi	4	4	moi4			
2334	迷	明	蟹	齊	開	四	平	幫	m	ɔi	22	4	mɔi22	m	oi	4	4	moi4			
2335	米	明	蟹	齊	開	四	上	幫	m	ɔi	55	4	mɔi55	m	oi	2	4	moi2	{1}借喻為痘痘：「酒米」；{2}嬌小：「米屎」指「嬌小」；{3}用七夕水泡開的粘米然後曬乾姩磨的粉：「涼米粉」；{4}煮出的飯不好吃：四字詞 「生(saŋ33)米爛飯」		
2336	靡	明	止	支B	開	三	上	幫	m	ei	22	4	mei22	m	ei	4	4	mei4			
2337	密	明	臻	真B	開	三	入	幫	m	it	32	4	mit32	m	it	9	4	mit9	扭轉頭擰轉面，以示拒絕：四字詞「扭頭(hai22)密面(mɐn32)」		
2338	泌	幫	止	脂B	開	三	去	幫	p	ei	33	4	pei33	b	ei	1	4	bei1	過濾：「泌水」		
2339	祕	幫	止	脂B	開	三	去	幫	p	ei	33	4	pei33	b	ei	1	4	bei1			
2340	秘	#N/A	#N/A	#N/A	#N/A	#N/A	#N/A	#N/A	p	ei	33	4	pei33	b	ei	1	4	bei1			
2341	蜜	明	臻	真A	開	三	入	幫	m	it	32	4	mit32	m	it	9	4	mit9			
2342	覓	明	梗	青	開	四	入	幫	m	ɐt	32	4	mɐt32	m	at	9	4	mat9			
2343	棉	明	山	仙A	開	三	平	幫	m	ɐn	22	4	mɐn22	m	an	4	4	man4	本讀，棉胎和厚被子的通稱：四字詞 「棉(mɐn22)胎(huɔi33)被(pʰei311)竇(ʔai11)」		
2344	棉	明	山	仙A	開	三	平	幫	m	ɐn	11	4	mɐn11	m	an	5	4	man5	變調，「棉衫(sam11)」丨「棉褲」		
2345	眠	明	山	先	開	四	平	幫	m	ɐn	22	4	mɐn22	m	an	4	4	man4	{1}躺：「眠落(lɔk32)去」；{2}睡：「眠一下」		
2346	綿	明	山	仙A	開	三	平	幫	m	ɐn	22	4	mɐn22	m	an	4	4	man4			
2347	免	明	山	仙B	開	三	上	幫	m	ɐn	11	4	mɐn11	m	an	5	4	man5			
2348	冕	明	山	仙B	開	三	上	幫	m	ɐn	11	4	mɐn11	m	an	5	4	man5			
2349	勉	明	山	仙B	開	三	上	幫	m	ɐn	11	4	mɐn11	m	an	5	4	man5			
2350	緬	明	山	仙A	開	三	上	幫	m	ɐn	55	4	mɐn55	m	an	2	4	man2			
2351	面	明	山	仙A	開	三	去	幫	m	ɐn	32	4	mɐn32	m	an	6	4	man6	{1}最頂的一層：「面頂iɐŋ55」丨四字詞 「露天(hɐn33)露面(mɐn32)（形容物品沒遮掩，被人一覽無遺）」；{2}量詞，用於鏡子、眼鏡：「面眼鏡」；{3}臉：四字詞 「面紅(həŋ22)耳熱（熱得臉發紅）」；{4}扭轉頭擰轉面，以示拒絕：四字詞「扭頭(hai22)密面(mɐn32)」		
2352	麵	明	山	先	開	四	去	幫	m	ɐn	32	4	mɐn32	m	an	6	4	man6	本讀，「麵條」		
2353	麵	明	山	先	開	四	去	幫	m	ɐn	11	4	mɐn11	m	an	5	4	man5	變調，「麵豉(si325)」		
2354	喵	#N/A	#N/A	#N/A	#N/A	#N/A	#N/A	#N/A	m	iɐu	55	5	miɐu55	m	iau	2	5	miau2			
2355	描	明	效	宵B	開	三	平	幫	m	iɐu	22	5	miɐu22	m	iau	4	5	miau4			
2356	瞄	#N/A	#N/A	#N/A	#N/A	#N/A	#N/A	#N/A	m	iɐu	22	5	miɐu22	m	iau	4	5	miau4			
2357	苗	明	效	宵B	開	三	平	幫	m	iɐu	22	5	miɐu22	m	iau	4	5	miau4			
2358	渺	明	效	宵A	開	三	上	幫	m	iɐu	11	5	miɐu11	m	iau	5	5	miau5			
2359	眇	明	效	宵A	開	三	上	幫	m	iɐu	11	5	miɐu11	m	iau	5	5	miau5			
2360	秒	明	效	宵A	開	三	上	幫	m	iɐu	11	5	miɐu11	m	iau	5	5	miau5			
2361	妙	明	效	宵A	開	三	去	幫	m	iɐu	32	5	miɐu32	m	iau	6	5	miau6			
2362	廟	明	效	宵B	開	三	去	幫	m	iɐu	32	5	miɐu32	m	iau	6	5	miau6			
2363	咩	#N/A	#N/A	#N/A	#N/A	#N/A	#N/A	#N/A	m	iɛ	55	4	miɛ55	m	ie	2	4	mie2	羊：「羊咩」		
2364	滅	明	山	仙A	開	三	入	幫	m	ɐt	32	4	mɐt32	m	at	9	4	mat9			
2365	篾	明	山	先	開	四	入	幫	m	ɐt	32	4	mɐt32	m	at	9	4	mat9			
2366	蔑	明	山	先	開	四	入	幫	m	ɐt	32	4	mɐt32	m	at	9	4	mat9			
2367	岷	明	臻	真B	開	三	平	幫	m	in	22	4	min22	m	in	4	4	min4			
2368	民	明	臻	真A	開	三	平	幫	m	in	22	4	min22	m	in	4	4	min4	本讀，「人民」		
2369	民	明	臻	真A	開	三	平	幫	m	in	55	4	min55	m	in	2	4	min2	又讀，不同年齡層的人：「老(lau55)民（長者）」丨「三(ɬam33)民仔(tuɔi55)（小朋友）」丨「心(ɬim33)民仔(tuɔi55)（小朋友）」		
2370	緍	明	臻	真B	開	三	平	幫	m	in	55	4	min55	m	in	2	4	min2	本讀，「絲緍」		
2371	緍	明	臻	真B	開	三	平	幫	m	un	55	4	mun55	m	un	2	4	mun2	又讀，貨幣單位，元：「一緍」		
2372	憫	明	臻	真B	開	三	上	幫	m	ɐn	11	4	mɐn11	m	an	5	4	man5			
2373	閔	明	臻	真B	開	三	上	幫	m	ɐn	11	4	mɐn11	m	an	5	4	man5			
2374	敏	明	臻	真B	開	三	上	幫	m	ɐn	11	4	mɐn11	m	an	5	4	man5			
2375	皿	明	梗	庚	開	三	上	幫	m	ɐn	11	4	mɐn11	m	an	5	4	man5			
2376	閩	明	臻	真B	開	三	平	幫	m	ɔn	22	4	mɔn22	m	on	4	4	mon4			
2377	珉	明	臻	真B	開	三	平	幫	m	in	22	4	min22	m	in	4	4	min4			
2378	冥	明	梗	青	開	四	平	幫	m	ɐn	22	4	mɐn22	m	an	4	4	man4			
2379	名	明	梗	清A	開	三	平	幫	m	ɐn	22	4	mɐn22	m	an	4	4	man4	文讀，「姓名」		
2380	名	明	梗	清A	開	三	平	幫	m	iɐŋ	22	5	miɐŋ22	m	iang	4	6	miang4	白讀，「果名」		
2381	明	明	梗	庚	開	三	平	幫	m	ɐn	22	4	mɐn22	m	an	4	4	man4	明明：「明正」		
2382	螟	明	梗	青	開	四	平	幫	m	ɐn	22	4	mɐn22	m	an	4	4	man4			
2383	銘	明	梗	青	開	四	平	幫	m	ɐn	22	4	mɐn22	m	an	4	4	man4			
2384	鳴	明	梗	庚	開	三	平	幫	m	ɐn	22	4	mɐn22	m	an	4	4	man4			
2385	命	明	梗	庚	開	三	去	幫	m	ɐn	32	4	mɐn32	m	an	6	4	man6	文讀，「性命」		
2386	命	明	梗	庚	開	三	去	幫	m	iɐŋ	32	5	miɐŋ32	m	iang	6	6	miang6	白讀，{1}「一條命」；{2}難怪：「甘屎命(miɐŋ325)」；{3}形容小女孩很嗲，養尊處優慣的樣子：四字詞 「嬌氣(hei33)蜢(maŋ55)命(miɐŋ32)」；{4}疲累艱苦：四字詞 「辛苦大命(miɐŋ32)」		
2387	謬	明	流	幽	開	三	去	幫	m	au	32	4	mau32	m	aau	6	5	maau6	荒謬：「屁謬」		
2388	摸	明	遇	模	開	一	平	幫	m	ou	55	4	mou55	m	ou	2	4	mou2			
2389	摩	明	果	歌	開	一	平	幫	m	uɔ	33	4	muɔ33	m	uo	1	4	muo1	「摩擦」		
2390	摩	明	果	歌	開	一	平	幫	m	uɔ	55	4	muɔ55	m	uo	2	4	muo2	「摩托(hɔk55)」丨「按摩」		
2391	模	明	遇	模	開	一	平	幫	m	ou	22	4	mou22	m	ou	4	4	mou4	本讀，「模型」		
2392	模	明	遇	模	開	一	平	幫	m	ou	11	4	mou11	m	ou	5	4	mou5	變調，名詞，「印模(mou115)」		
2393	磨	明	果	歌	開	一	平	幫	m	uɔ	22	4	muɔ22	m	uo	4	4	muo4	「蘑菇」		
2394	磨	明	果	歌	開	一	去	幫	m	uɔ	32	4	muɔ32	m	uo	6	4	muo6	「推磨」		
2395	磨	明	果	歌	開	一	去	幫	m	ou	32	4	mou32	m	ou	6	4	mou6	白讀，動詞，摩擦著、緊貼著、滑著：「任條褲到地磨」丨「我慢慢磨過來」		
2396	膜	明	宕	唐	開	一	入	幫	m	ɔk	11	4	mɔk11	m	ok	10	4	mok10	{1}起風：「起風膜」；{2}形容造謠、無中生有，一說「牛膜安造」，「牛膜」可能古越語是「牛」的意思：四字詞 「牛(ŋai22)膜安煲(pau335)」		
2397	魔	明	果	歌	開	一	平	幫	m	uɔ	33	4	muɔ33	m	uo	1	4	muo1			
2398	抹	明	山	寒	開	一	入	幫	m	uɔt	33	5	muɔt33	m	uot	8	5	muot8			
2399	墨	明	曾	登	開	一	入	幫	m	ak	32	4	mak32	m	aak	9	5	maak9	形容黑的程度：「黑墨墨」		
2400	寞	明	宕	唐	開	一	入	幫	m	ɔk	55	4	mɔk55	m	ok	7	4	mok7			
2401	末	明	山	寒	開	一	入	幫	m	uɔt	32	5	muɔt32	m	uot	9	5	muot9			
2402	沫	明	蟹	泰	開	一	去	幫	m	uɔt	32	5	muɔt32	m	uot	9	5	muot9			
2403	漠	明	宕	唐	開	一	入	幫	m	ɔk	55	4	mɔk55	m	ok	7	4	mok7			
2404	脈	明	梗	耕	開	二	入	幫	m	ak	33	4	mak33	m	aak	8	5	maak8	{1}戲稱被嚇死：「冇嗮脈」；{2}形容瘦的程度：「瘦脈啊(ʔa33)」		
2405	茉	#N/A	#N/A	#N/A	#N/A	#N/A	#N/A	#N/A	m	uɔt	32	5	muɔt32	m	uot	9	5	muot9			
2406	莫	明	宕	唐	開	一	入	幫	m	ɔk	32	4	mɔk32	m	ok	9	4	mok9			
2407	陌	明	梗	庚	開	二	入	幫	m	ak	55	4	mak55	m	aak	7	5	maak7			
2408	默	明	曾	登	開	一	入	幫	m	ak	32	4	mak32	m	aak	9	5	maak9			
2409	哞	#N/A	#N/A	#N/A	#N/A	#N/A	#N/A	#N/A	m	ai	22	4	mai22	m	aai	4	5	maai4			
2410	牟	明	流	尤	合	三	平	幫	m	ai	22	4	mai22	m	aai	4	5	maai4			
2411	眸	明	流	尤	合	三	平	幫	m	au	22	4	mau22	m	aau	4	5	maau4			
2412	繆	明	流	幽	開	三	去	幫	m	au	32	4	mau32	m	aau	6	5	maau6	同「謬」		
2413	繆	明	流	尤	合	三	平	幫	m	ai	22	4	mai22	m	aai	4	5	maai4	「未雨綢繆」		
2414	謀	明	流	尤	合	三	平	幫	m	ai	22	4	mai22	m	aai	4	5	maai4			
2415	某	明	流	侯	開	一	上	幫	m	ai	11	4	mai11	m	aai	5	5	maai5			
2416	姆	明	流	侯	開	一	去	幫	m	ou	11	4	mou11	m	ou	5	4	mou5	{1}伯伯的妻子：「姆」；{2}鄰里中比父親年長的男性的妻子：「阿姆」；{3}泛指輩分高的女人：「阿姆」		
2417	拇	明	流	侯	開	一	上	幫	m	ou	11	4	mou11	m	ou	5	4	mou5			
2418	母	明	流	侯	開	一	上	幫	m	ou	11	4	mou11	m	ou	5	4	mou5			
2419	牡	明	流	侯	開	一	上	幫	m	ai	11	4	mai11	m	aai	5	5	maai5			
2420	畝	明	流	尤	開	三	上	幫	m	ai	11	4	mai11	m	aai	5	5	maai5			
2421	募	明	遇	模	開	一	去	幫	m	ou	32	4	mou32	m	ou	6	4	mou6			
2422	墓	明	遇	模	開	一	去	幫	m	ou	32	4	mou32	m	ou	6	4	mou6			
2423	幕	明	宕	唐	開	一	入	幫	m	ɔk	55	4	mɔk55	m	ok	7	4	mok7			
2424	慕	明	遇	模	開	一	去	幫	m	ou	32	4	mou32	m	ou	6	4	mou6			
2425	暮	明	遇	模	開	一	去	幫	m	ou	32	4	mou32	m	ou	6	4	mou6			
2426	木	明	通	東	開	一	入	幫	m	ək	32	4	mək32	m	eak	9	5	meak9	本讀，木頭：「木碌(lək55)」		
2427	木	明	通	東	開	一	入	幫	m	ək	11	4	mək11	m	eak	10	5	meak10	變調，「木頭(hai11)」		
2428	沐	明	通	東	開	一	入	幫	m	ək	32	4	mək32	m	eak	9	5	meak9			
2429	牧	明	通	東	合	三	入	幫	m	ək	32	4	mək32	m	eak	9	5	meak9			
2430	目	明	通	東	合	三	入	幫	m	ək	32	4	mək32	m	eak	9	5	meak9	從小培養孩子的習慣：四字詞 「目從小起」		
2431	睦	明	通	東	合	三	入	幫	m	ək	32	4	mək32	m	eak	9	5	meak9			
2432	穆	明	通	東	合	三	入	幫	m	ək	32	4	mək32	m	eak	9	5	meak9			
2433	拿	#N/A	#N/A	#N/A	#N/A	#N/A	#N/A	#N/A	n	a	22	3	na22	n	aa	4	4	naa4	爬高：「拿上去」		
2434	吶	孃	山	仙B	合	三	入	知	n	ap	32	4	nap32	n	aap	9	5	naap9	本讀，「吶喊」		
2435	吶	孃	山	仙B	合	三	入	知	n	ei	32	4	nei32	n	ei	6	4	nei6	訓讀，擬聲詞，「吶，來呀」		
2436	吶	孃	山	仙B	合	三	入	知	n	ei	22	4	nei22	n	ei	4	4	nei4	訓讀，擬聲詞，「我冇呃你吶」		
2437	納	泥	咸	覃	開	一	入	端	n	ap	32	4	nap32	n	aap	9	5	naap9	本讀，「納入」		
2438	納	泥	咸	覃	開	一	入	端	n	ap	33	4	nap33	n	aap	8	5	naap8	變調，用鉤子勾住：「納住佢」		
2439	納	泥	咸	覃	開	一	入	端	n	ap	11	4	nap11	n	aap	10	5	naap10	nap33的變調，名詞，掛東西的鉤子：「一個納」		
2440	那	泥	果	歌	開	一	平	端	n	uɔ	22	4	nuɔ22	n	uo	4	4	nuo4	地名前綴，壯侗語族，田，多見於地名：「那扶(fu11)」		
2441	那	泥	果	歌	開	一	上	端	n	a	22	3	na22	n	aa	4	4	naa4	「那位」		
2442	哪	#N/A	#N/A	#N/A	#N/A	#N/A	#N/A	#N/A	n	a	22	3	na22	n	aa	4	4	naa4			
2443	鈉	日	蟹	祭A	合	三	去	日	n	ap	32	4	nap32	n	aap	9	5	naap9			
2444	乃	泥	蟹	咍	開	一	上	端	n	ɔi	11	4	nɔi11	n	oi	5	4	noi5	{1}表「哪」：「你去乃(nɔi115)啊(ʔa33)」；{2}以前：「乃時(si11)」；{3}得不償失：「乃下(ha11)補乃下(ha11)」		
2445	乃	泥	蟹	咍	開	一	上	端	n	ɔi	55	4	nɔi55	n	oi	2	4	noi2	{1}表「那些」、「些」：「乃(nɔi11)乃(nɔi55)啊(ʔa33)」丨「「該(kʰuɔi11)乃」」丨 四字詞 「一樣(jiing6)一乃(nɔi55)（每樣東西(分配)一些）」；{2}表示程度：「好乃未」		
2446	奶	#N/A	#N/A	#N/A	#N/A	#N/A	#N/A	#N/A	n	ɔi	11	4	nɔi11	n	oi	5	4	noi5	沒攝入足夠糖分導致頭暈心悸手抖出冷汗的症狀：「發飯奶」		
2447	妳	#N/A	#N/A	#N/A	#N/A	#N/A	#N/A	#N/A	n	ei	11	4	nei11	n	ei	5	4	nei5	文讀，「妳們」		
2448	妳	#N/A	#N/A	#N/A	#N/A	#N/A	#N/A	#N/A	n	ei	33	4	nei33	n	ei	1	4	nei1	白讀，「愛妳」		
2449	奈	泥	蟹	泰	開	一	去	端	n	uɔi	32	5	nuɔi32	n	uoi	6	5	nuoi6			
2450	耐	泥	蟹	咍	開	一	去	端	n	uɔi	32	5	nuɔi32	n	uoi	6	5	nuoi6			
2451	囡	#N/A	#N/A	#N/A	#N/A	#N/A	#N/A	#N/A	n	ɔn	55	4	nɔn55	n	on	2	4	non2			
2452	南	泥	咸	覃	開	一	平	端	n	am	22	4	nam22	n	aam	4	5	naam4	形容詞，小題大做，誇誇其談：「南風(fəŋ33)」		
2453	喃	孃	咸	咸	開	二	平	知	n	am	22	4	nam22	n	aam	4	5	naam4			
2454	楠	泥	咸	覃	開	一	平	端	n	am	22	4	nam22	n	aam	4	5	naam4			
2455	男	泥	咸	覃	開	一	平	端	n	am	22	4	nam22	n	aam	4	5	naam4			
2456	難	泥	山	寒	開	一	平	端	n	ɔn	22	4	nɔn22	n	on	4	4	non4	「困難」		
2457	難	泥	山	寒	開	一	去	端	n	ɔn	32	4	nɔn32	n	on	6	4	non6	{1}「災難」；{2}起床晚：「大難」		
2458	囊	泥	宕	唐	開	一	平	端	n	ɔŋ	22	4	nɔŋ22	n	ong	4	5	nong4	本讀，花狹口蛙：「ʔɔŋ33囊」		
2459	囊	泥	宕	唐	開	一	平	端	n	ɔŋ	11	4	nɔŋ11	n	ong	5	5	nong5	變調，{1}小腿肉：「腳(kik33)髀囊」；{2}名詞，彎：「一個囊」丨「兜一個大囊繞了一大圈）」		
2460	撓	曉	效	豪	開	一	平	影	n	ai	22	4	nai22	n	aai	4	5	naai4	文讀，抓拿、扶手：「撓穩」		
2461	撓	曉	效	豪	開	一	平	影	n	ai	33	4	nai33	n	aai	1	5	naai1	白讀，抓拿、扶手：「撓穩」		
2462	惱	泥	效	豪	開	一	上	端	n	au	11	4	nau11	n	aau	5	5	naau5			
2463	瑙	#N/A	#N/A	#N/A	#N/A	#N/A	#N/A	#N/A	n	au	11	4	nau11	n	aau	5	5	naau5			
2464	腦	泥	效	豪	開	一	上	端	n	au	55	4	nau55	n	aau	2	5	naau2	垂頭聳腦： 四字詞：「kai32頭(hai22)kai32腦」		
2465	鬧	孃	效	肴	開	二	去	知	n	ai	32	4	nai32	n	aai	6	5	naai6	本讀，「鬧市」		
2466	鬧	孃	效	肴	開	二	去	知	n	au	32	4	nau32	n	aau	6	5	naau6	訓讀，罵，「鬧人」		
2467	內	泥	蟹	灰	合	一	去	端	n	ui	32	4	nui32	n	ui	6	4	nui6	本讀，「內勤」		
2468	內	泥	蟹	灰	合	一	去	端	n	uɔi	32	5	nuɔi32	n	uoi	6	5	nuoi6	變調，「內裡」		
2469	嫩	泥	臻	魂	合	一	去	端	n	un	32	4	nun32	n	un	6	4	nun6			
2470	恁	日	深	侵A	開	三	平	日	n	ɐn	11	4	nɐn11	n	an	5	4	nan5			
2471	能	泥	蟹	咍	開	一	平	端	n	aŋ	22	4	naŋ22	n	aang	4	6	naang4	{1}老當益壯：「能持」；{2}能力、辦法：「有(jiu11)能」丨「有(jiu11)之能」		
2472	妮	#N/A	#N/A	#N/A	#N/A	#N/A	#N/A	#N/A	n	ɔi	22	4	nɔi22	n	oi	4	4	noi4			
2473	尼	孃	止	脂B	開	三	平	知	n	ɔi	22	4	nɔi22	n	oi	4	4	noi4			
2474	泥	泥	蟹	齊	開	四	平	端	n	ɔi	22	4	nɔi22	n	oi	4	4	noi4	本讀，{1}形容人漂亮、好看：「好(hau55)泥」；{2}裝修、砌磚、批盪等粗重工夫的師傅：「泥水佬」		
2475	泥	泥	蟹	齊	開	四	去	端	n	ɔi	32	4	nɔi32	n	oi	6	4	noi6	變調，{1}用手塗抹：「泥落(lɔk32)去」；{2}幽默：「泥(ŋɔi32)古」		
2476	泥	泥	蟹	齊	開	四	平	端	n	ɔi	11	4	nɔi11	n	oi	5	4	noi5	變調，人體污垢：「老(lau55)泥」		
2477	擬	疑	止	之	開	三	上	見	ŋ	ei	11	4	ŋei11	ng	ei	5	5	ngei5			
2478	逆	疑	梗	庚	開	三	入	見	ŋ	ak	32	4	ŋak32	ng	aak	9	6	ngaak9	運氣差：「逆架(ka11)（麻將賭局中運氣差的玩家）」		
2479	拈	泥	咸	添	開	四	平	端	n	iɛm	33	5	niɛm33	n	iem	1	5	niem1	本讀，拿起：「拈起」		
2480	拈	泥	咸	添	開	四	平	端	n	iɛm	55	5	niɛm55	n	iem	2	5	niem2	變調，量詞，片：「一拈葉(jiɛp11)」		
2481	年	泥	山	先	開	四	平	端	n	ɐn	22	4	nɐn22	n	an	4	4	nan4	{1}形容很難娶老婆的人：四字詞 「惡(ʔɔk33) tiɛp11 年生(saŋ33)」；{2}臨近過年：四字詞 「埋(muɔi22)年埋(muɔi22)晚」；{3}明年：「過(kuɔ33)年」		
2482	黏	孃	咸	鹽B	開	三	平	知	n	iɛm	22	5	niɛm22	n	iem	4	5	niem4	本讀，「黏液」		
2483	黏	孃	咸	鹽B	開	三	平	知	n	ak	55	4	nak55	n	aak	7	5	naak7	訓讀，{1}黏糊糊：「黏筋」丨「黏筋筋」；{2}補貼：「幾百蚊黏啊(ʔa22)乃(nɔi115)」；{3}球類運動的球觸網：「黏網」；{4}小蚊蟲：「蚊黏」		
2484	唸	端	山	先	開	四	去	端	n	iɛm	32	5	niɛm32	n	iem	6	5	niem6	{1}囉嗦：「日日唸我」；{2}背誦：「唸書」		
2485	廿	日	深	侵A	開	三	入	日	ŋ	ip	32	4	ŋip32	ng	ip	9	5	ngip9			
2486	念	泥	咸	添	開	四	去	端	n	iɛm	32	5	niɛm32	n	iem	6	5	niem6			
2487	娘	孃	宕	陽	開	三	平	知	n	iŋ	22	4	niŋ22	n	iing	4	6	niing4	本讀，「娘親」		
2488	娘	孃	宕	陽	開	三	平	知	n	iŋ	11	4	niŋ11	n	iing	5	6	niing5	變調，母子：「仔(tuɔi55)娘」丨「兩仔(tuɔi55)娘（兩母子）」		
2489	鳥	端	效	蕭	開	四	上	端	n	iɐu	11	5	niɐu11	n	iau	5	5	niau5			
2490	尿	泥	效	蕭	開	四	去	端	n	iɐu	32	5	niɐu32	n	iau	6	5	niau6	不濃厚：四字詞 「淡(ham33)過(kuɔ33)貓(miɐu55)尿（飯菜沒味道）		
2491	聶	孃	咸	鹽B	開	三	入	知	n	iɛp	55	5	niɛp55	n	iep	7	5	niep7			
2492	躡	孃	咸	鹽B	開	三	入	知	n	iɛp	55	5	niɛp55	n	iep	7	5	niep7			
2493	凝	疑	曾	蒸	開	三	平	見	ŋ	ɐn	22	4	ŋɐn22	ng	an	4	5	ngan4	文讀，「凝固」		
2494	凝	疑	曾	蒸	開	三	平	見	ŋ	iɐŋ	22	5	ŋiɐŋ22	ng	iang	4	7	ngiang4	白讀，在意：「凝住凝住」		
2495	寧	泥	梗	青	開	四	平	端	n	ɐn	22	4	nɐn22	n	an	4	4	nan4	寧可：「寧火」		
2496	妞	#N/A	#N/A	#N/A	#N/A	#N/A	#N/A	#N/A	n	iu	55	4	niu55	n	iu	2	4	niu2			
2497	牛	疑	流	尤	開	三	平	見	ŋ	ai	22	4	ŋai22	ng	aai	4	6	ngaai4	文讀，{1}表冥頑不靈：「老牛惡教棒」；{2}生日：「牛屙屎」；{3}米象：「穀牛(ŋai225)」；{4}鼻涕蟲：「牛鼻潺」；{5}橡皮筋：「牛筋(kin335)」；{6}形容造謠、無中生有，一說「牛膜安造」，「牛膜」可能古越語是「牛」的意思：四字詞 「牛(ŋai22)膜安煲(pau335)」；{7}形容小孩不聽使喚，固執的性格：四字詞 「牛(ŋai22)皮(pʰei22)肉(ŋək32)韌(ŋin11)」；{8}打擊：「打(ʔa55)牛(ŋai22)射馬(ma11)（明面上打牛，實質上打起射馬的注意，有聲東擊西、指桑罵槐、醉翁之意不在酒的意思）」；{9}四肢伏地爬行：「緣牛(ŋai325)」；{10}微不足道：四字詞 「蚊追牛(ŋai22)角(kɔk11)」；{11}隔著山猜牛，比喻無憑無據地盲猜：「隔山(sɔn33)估牛(ŋai22)」		
2498	牛	疑	流	尤	開	三	平	見	ŋ	ai	11	4	ŋai11	ng	aai	5	6	ngaai5	變調，「牛牯」		
2499	扭	孃	流	尤	開	三	上	知	n	iu	55	4	niu55	n	iu	2	4	niu2	{1}形容小孩發嗲，不聽話：四字詞 「多(ʔuɔ33)橋多(ʔuɔ33)扭」;{2}扭轉頭擰轉面，以示拒絕：四字詞 「扭頭(hai22)密面(mɐn32)」；{3}刁蠻、歪曲：「扭紋」丨「扭紋柴」丨「扭蜢」		
2500	紐	孃	流	尤	開	三	上	知	n	iu	55	4	niu55	n	iu	2	4	niu2			
2501	鈕	孃	流	尤	開	三	上	知	n	iu	55	4	niu55	n	iu	2	4	niu2			
2502	濃	孃	通	鍾	開	三	平	知	ŋ	əŋ	22	4	ŋəŋ22	ng	eang	4	7	ngeang4			
2503	膿	泥	通	冬	合	一	平	端	n	əŋ	22	4	nəŋ22	n	eang	4	6	neang4			
2504	農	泥	通	冬	合	一	平	端	n	əŋ	22	4	nəŋ22	n	eang	4	6	neang4			
2505	弄	來	通	東	開	一	去	來	l	əŋ	32	4	ləŋ32	l	eang	6	6	leang6	{1}憑藉出色的口才而得到好處：四字詞 「弄口得(ʔak33)食」；{2}形容手舞足蹈，把一樣很簡單的事情重複舞動：四字詞 「舞鬼弄術」		
2506	奴	泥	遇	模	開	一	平	端	n	ou	22	4	nou22	n	ou	4	4	nou4	{1}用於對小孩子親暱稱呼；「狗奴」；{2}搓：「奴手巾」		
2507	努	泥	遇	模	開	一	上	端	n	ou	55	4	nou55	n	ou	2	4	nou2	用力催谷：「努屎」丨四字詞 「牽上(siŋ33)努下(ha33)（形容人很懶，做工作的時候動來動去就是不做）」		
2508	女	孃	遇	魚	開	三	上	知	n	ui	55	4	nui55	n	ui	2	4	nui2	{1}撲克牌「Q」：「啤女」；{2}」在提及故鄉所在地的語境時指特定地方的人：「我係台山人女」；{3}未嫁娶的女子：「女仔(tuɔi55)」；{4}對小孩子的暱稱，不分性別：「啊(ʔa33)女啊(ʔa32)」		
2509	怒	泥	遇	模	開	一	上	端	n	ou	32	4	nou32	n	ou	6	4	nou6			
2510	暖	泥	山	寒	合	一	上	端	n	uɔn	11	5	nuɔn11	n	uon	5	5	nuon5	文讀，「溫暖」		
2511	暖	泥	山	寒	合	一	上	端	n	uɔn	33	5	nuɔn33	n	uon	1	5	nuon1	白讀，形容在嚴寒之下得到很多溫暖：四字詞 「暖(nuɔn33)出耳氣(hei33)」		
2512	瘧	疑	宕	陽	開	三	入	見	ŋ	ik	32	4	ŋik32	ng	ik	9	5	ngik9			
2513	虐	疑	宕	陽	開	三	入	見	ŋ	ik	32	4	ŋik32	ng	ik	9	5	ngik9			
2514	娜	泥	果	歌	開	一	上	端	n	uɔ	22	4	nuɔ22	n	uo	4	4	nuo4			
2515	挪	泥	果	歌	開	一	平	端	n	uɔ	22	4	nuɔ22	n	uo	4	4	nuo4	本讀，「挪移」		
2516	挪	泥	果	歌	開	一	平	端	ŋ	un	55	4	ŋun55	ng	un	2	5	ngun2	訓讀，移動，「你挪下」		
2517	懦	日	遇	虞	合	三	平	日	n	ou	32	4	nou32	n	ou	6	4	nou6			
2518	諾	泥	宕	唐	開	一	入	端	n	ɔk	32	4	nɔk32	n	ok	9	4	nok9			
2519	嘔	影	流	侯	開	一	上	影	ʔ	ai	55	4	ʔai55		aai	2	4	aai2			
2520	歐	影	流	侯	開	一	平	影	ʔ	ai	33	4	ʔai33		aai	1	4	aai1			
2521	鷗	影	流	侯	開	一	平	影	ʔ	ai	33	4	ʔai33		aai	1	4	aai1			
2522	偶	疑	流	侯	開	一	上	見	ŋ	ai	11	4	ŋai11	ng	aai	5	6	ngaai5			
2523	藕	疑	流	侯	開	一	上	見	ŋ	ai	11	4	ŋai11	ng	aai	5	6	ngaai5			
2524	啪	#N/A	#N/A	#N/A	#N/A	#N/A	#N/A	#N/A	pʰ	ak	33	5	pʰak33	p	aak	1	5	paak1			
2525	趴	#N/A	#N/A	#N/A	#N/A	#N/A	#N/A	#N/A	pʰ	a	22	4	pʰa22	p	aa	4	4	paa4			
2526	杷	並	假	麻	開	二	平	幫	pʰ	a	22	4	pʰa22	p	aa	4	4	paa4			
2527	爬	並	假	麻	開	二	平	幫	pʰ	a	22	4	pʰa22	p	aa	4	4	paa4	{1}指擺放的物件淩亂無序：四字詞 「爬開擺開」；{2}手忙腳亂，不知所措的樣子：四字詞 「冇(mau33)爬冇(mau33)搲」		
2528	琶	並	假	麻	開	二	平	幫	pʰ	a	22	4	pʰa22	p	aa	4	4	paa4			
2529	耙	#N/A	#N/A	#N/A	#N/A	#N/A	#N/A	#N/A	pʰ	a	22	4	pʰa22	p	aa	4	4	paa4			
2530	帕	明	山	刪	開	二	入	幫	pʰ	ak	55	5	pʰak55	p	aak	7	5	paak7			
2531	怕	滂	假	麻	開	二	去	幫	pʰ	a	33	4	pʰa33	p	aa	1	4	paa1	形容事情越怕就越會發生：四字詞 「怕屎茄(kʰiɛ55)屎」		
2532	拍	滂	梗	庚	開	二	入	幫	pʰ	ak	33	5	pʰak33	p	aak	8	5	paak8	本讀，「拍手」		
2533	拍	滂	梗	庚	開	二	入	幫	pʰ	ak	11	5	pʰak11	p	aak	10	5	paak10	變調，「球拍」		
2534	排	並	蟹	皆	開	二	平	幫	pʰ	ɔi	22	5	pʰɔi22	p	oi	4	4	poi4			
2535	牌	並	蟹	佳	開	二	平	幫	pʰ	ɔi	22	5	pʰɔi22	p	oi	4	4	poi4			
2536	派	滂	蟹	佳	開	二	去	幫	pʰ	ɔi	55	5	pʰɔi55	p	oi	2	4	poi2	「峨眉派」		
2537	派	滂	蟹	佳	開	二	去	幫	pʰ	ɔi	33	5	pʰɔi33	p	oi	1	4	poi1	「一派胡言」		
2538	派	滂	蟹	佳	開	二	去	幫	pʰ	ɔi	11	5	pʰɔi11	p	oi	5	4	poi5	英文pie的音譯：「蘋果派(pʰɔi115)」		
2539	湃	滂	蟹	皆	開	二	去	幫	p	ɔi	33	4	pɔi33	b	oi	1	4	boi1			
2540	潘	滂	山	寒	開	一	平	幫	pʰ	uɔn	33	6	pʰuɔn33	p	uon	1	5	puon1			
2541	盤	並	山	寒	開	一	平	幫	pʰ	uɔn	22	6	pʰuɔn22	p	uon	4	5	puon4	翻亂：「盤佢」		
2542	蟠	並	山	元	合	三	平	幫	pʰ	uɔn	22	6	pʰuɔn22	p	uon	4	5	puon4			
2543	判	滂	山	寒	開	一	去	幫	pʰ	uɔn	33	6	pʰuɔn33	p	uon	1	5	puon1			
2544	叛	並	山	寒	開	一	去	幫	p	uɔn	32	5	puɔn32	b	uon	6	5	buon6			
2545	拚	幫	臻	文	合	三	去	幫	p	uɔn	33	5	puɔn33	b	uon	1	5	buon1			
2546	畔	並	山	寒	開	一	去	幫	p	uɔn	32	5	puɔn32	b	uon	6	5	buon6			
2547	滂	滂	宕	唐	開	一	平	幫	pʰ	ɔŋ	22	5	pʰɔŋ22	p	ong	4	5	pong4			
2548	徬	並	宕	唐	開	一	去	幫	pʰ	ɔŋ	22	5	pʰɔŋ22	p	ong	4	5	pong4			
2549	旁	並	宕	唐	開	一	平	幫	pʰ	ɔŋ	22	5	pʰɔŋ22	p	ong	4	5	pong4			
2550	螃	並	宕	唐	開	一	平	幫	pʰ	ɔŋ	22	5	pʰɔŋ22	p	ong	4	5	pong4			
2551	龐	並	江	江	開	二	平	幫	pʰ	ɔŋ	22	5	pʰɔŋ22	p	ong	4	5	pong4			
2552	胖	滂	山	寒	開	一	去	幫	p	uɔn	32	5	puɔn32	b	uon	6	5	buon6	本讀，「分胖」		
2553	胖	滂	山	寒	開	一	去	幫	n	ut	55	4	nut55	n	ut	7	4	nut7	訓讀，小朋友長胖：「個仔好胖哇」		
2554	拋	滂	效	肴	開	二	平	幫	pʰ	au	33	5	pʰau33	p	aau	1	5	paau1			
2555	袍	並	效	豪	開	一	平	幫	pʰ	au	22	5	pʰau22	p	aau	4	5	paau4	四字詞 「長(tsʰiŋ22)袍大擺（指衣服很大）」		
2556	跑	並	效	肴	開	二	平	幫	pʰ	au	55	5	pʰau55	p	aau	2	5	paau2			
2557	泡	滂	效	肴	開	二	平	幫	pʰ	au	33	5	pʰau33	p	aau	1	5	paau1	「泡飯」		
2558	泡	滂	效	肴	開	二	平	幫	pʰ	au	11	5	pʰau11	p	aau	5	5	paau5	發泡膠：「水泡」		
2559	泡	滂	效	肴	開	二	平	幫	p	ɔk	55	4	pɔk55	b	ok	7	4	bok7	「電泡（燈泡）」丨「魚(ŋui11)泡」		
2560	炮	滂	效	肴	開	二	去	幫	pʰ	au	33	5	pʰau33	p	aau	1	5	paau1	顛簸：「條路炮」		
2561	砲	#N/A	#N/A	#N/A	#N/A	#N/A	#N/A	#N/A	pʰ	au	33	5	pʰau33	p	aau	1	5	paau1			
2562	培	並	蟹	灰	合	一	平	幫	pʰ	uɔi	22	6	pʰuɔi22	p	uoi	4	5	puoi4			
2563	賠	#N/A	#N/A	#N/A	#N/A	#N/A	#N/A	#N/A	pʰ	uɔi	22	6	pʰuɔi22	p	uoi	4	5	puoi4			
2564	陪	並	蟹	灰	合	一	平	幫	pʰ	uɔi	22	6	pʰuɔi22	p	uoi	4	5	puoi4			
2565	佩	並	蟹	灰	合	一	去	幫	p	uɔi	32	5	puɔi32	b	uoi	6	5	buoi6			
2566	沛	幫	蟹	泰	開	一	去	幫	pʰ	uɔi	33	6	pʰuɔi33	p	uoi	1	5	puoi1			
2567	珮	並	蟹	灰	合	一	去	幫	p	uɔi	32	5	puɔi32	b	uoi	6	5	buoi6			
2568	配	滂	蟹	灰	合	一	去	幫	pʰ	uɔi	33	6	pʰuɔi33	p	uoi	1	5	puoi1			
2569	噴	滂	臻	魂	合	一	平	幫	pʰ	un	33	5	pʰun33	p	un	1	4	pun1			
2570	湓	滂	臻	魂	合	一	去	幫	pʰ	un	22	5	pʰun22	p	un	4	4	pun4	煲水溢出：「湓出來」		
2571	盆	並	臻	魂	合	一	平	幫	pʰ	un	11	5	pʰun11	p	un	5	4	pun5			
2572	彭	並	梗	庚	開	二	平	幫	pʰ	aŋ	22	5	pʰaŋ22	p	aang	4	6	paang4			
2573	朋	並	曾	登	開	一	平	幫	pʰ	aŋ	22	5	pʰaŋ22	p	aang	4	6	paang4			
2574	棚	並	梗	庚	開	二	平	幫	pʰ	aŋ	22	5	pʰaŋ22	p	aang	4	6	paang4			
2575	澎	並	梗	庚	開	二	平	幫	pʰ	aŋ	22	5	pʰaŋ22	p	aang	4	6	paang4			
2576	硼	#N/A	#N/A	#N/A	#N/A	#N/A	#N/A	#N/A	pʰ	aŋ	22	5	pʰaŋ22	p	aang	4	6	paang4			
2577	篷	並	通	東	開	一	平	幫	pʰ	əŋ	22	5	pʰəŋ22	p	eang	4	6	peang4	陳夢吉的俗稱：「陳(tsʰin22)篷吉」		
2578	膨	並	梗	庚	開	二	平	幫	pʰ	aŋ	22	5	pʰaŋ22	p	aang	4	6	paang4			
2579	蓬	並	通	東	開	一	平	幫	pʰ	əŋ	22	5	pʰəŋ22	p	eang	4	6	peang4			
2580	鵬	並	曾	登	開	一	平	幫	pʰ	aŋ	22	5	pʰaŋ22	p	aang	4	6	paang4			
2581	捧	滂	通	鍾	合	三	上	幫	p	əŋ	55	4	pəŋ55	b	eang	2	6	beang2	「捧起」		
2582	捧	滂	通	鍾	合	三	上	幫	pʰ	əŋ	55	5	pʰəŋ55	p	eang	2	6	peang2	「吹捧」		
2583	碰	#N/A	#N/A	#N/A	#N/A	#N/A	#N/A	#N/A	pʰ	əŋ	33	5	pʰəŋ33	p	eang	1	6	peang1			
2584	劈	滂	梗	青	開	四	入	幫	pʰ	iɐk	33	6	pʰiɐk33	p	iak	8	5	piak8			
2585	批	滂	蟹	齊	開	四	平	幫	pʰ	ɔi	33	5	pʰɔi33	p	oi	1	4	poi1	本讀，{1}削皮：「批皮(pʰei22)」；{2}批灰：「批蕩(tɔŋ32)」		
2586	批	滂	蟹	齊	開	四	平	幫	pʰ	ɔi	115	5	pʰɔi115	p	oi	5*	4	poi5*	變調，{1}球拍：「乒乓球批(pʰɔi115)」；{2}螺絲刀：「螺絲批(pʰɔi115)」		
2587	披	滂	止	支B	開	三	平	幫	pʰ	ei	33	5	pʰei33	p	ei	1	4	pei1			
2588	啤	#N/A	#N/A	#N/A	#N/A	#N/A	#N/A	#N/A	pʰ	iɛ	55	5	pʰiɛ55	p	ie	2	4	pie2	撲克牌對子：「啤四」		
2589	啤	#N/A	#N/A	#N/A	#N/A	#N/A	#N/A	#N/A	p	iɛ	55	4	piɛ55	b	ie	2	4	bie2	沖壓：「啤膠（過膠）」丨「啤機」		
2590	枇	並	止	脂A	開	三	平	幫	pʰ	ei	22	5	pʰei22	p	ei	4	4	pei4			
2591	琵	並	止	脂A	開	三	平	幫	pʰ	ei	22	5	pʰei22	p	ei	4	4	pei4			
2592	疲	並	止	支B	開	三	平	幫	pʰ	ei	22	5	pʰei22	p	ei	4	4	pei4	文讀，「疲勞」		
2593	疲	並	止	支B	開	三	平	幫	pʰ	iɛ	11	5	pʰiɛ11	p	ie	5	4	pie5	白讀， 形容睡得香：四字詞 「疲(pʰiɛ11)古大liu32」		
2594	皮	並	止	支B	開	三	平	幫	pʰ	ei	22	5	pʰei22	p	ei	4	4	pei4	本讀，動植物的表皮：四字詞 「老(lau55)皮(pʰei22)老(lau55)pʰɔt11 （形容水果的皮很皺很老）」丨四字詞 「牛(ŋai22)皮(pʰei22)肉(ŋək32)韌(ŋin11)（ 形容小孩不聽使喚，固執的性格）」丨四字詞 「巢(tsʰau22)皮(pʰei22)蜢(maŋ55)髀（形容東西很老很皺）」		
2595	皮	並	止	支B	開	三	平	幫	pʰ	ei	11	5	pʰei11	p	ei	5	4	pei5	變調，{1}「黃皮pʰei11」丨「黃皮餡(ham11)」；{2}形容一樣東西不熟，多指水果 。可能是「青皮(pʰei11)綠桔」演化：四字詞 「青(tʰiɐŋ33)臂綠桔(kit55)」		
2596	脾	並	止	支A	開	三	平	幫	pʰ	ei	22	5	pʰei22	p	ei	4	4	pei4	本讀，「脾氣」		
2597	脾	並	止	支A	開	三	平	幫	pʰ	ei	11	5	pʰei11	p	ei	5	4	pei5	變調，「脾胃」丨「一個脾」		
2598	匹	滂	臻	真A	開	三	入	幫	pʰ	it	55	5	pʰit55	p	it	7	4	pit7			
2599	僻	滂	梗	清A	開	三	入	幫	pʰ	ɐt	55	5	pʰɐt55	p	at	7	4	pat7	本讀，跛腳：「僻腳(kik115)」丨「僻啊(ʔa55)僻（一拐一拐的）」		
2600	僻	#N/A	#N/A	#N/A	#N/A	#N/A	#N/A	#N/A	pʰ	iɛt	55	6	pʰiɛt55	p	iet	7	5	piet7	訓讀，形容詞，形容魚很生猛地躍動：「pʰiɛt55 pʰiɛt55 漂」		
2601	屁	滂	止	脂A	開	三	去	幫	pʰ	ei	33	5	pʰei33	p	ei	1	4	pei1	荒謬：「屁謬」		
2602	譬	滂	止	支A	開	三	去	幫	pʰ	ei	33	5	pʰei33	p	ei	1	4	pei1			
2603	闢	並	梗	清A	開	三	入	幫	pʰ	ɐt	55	5	pʰɐt55	p	at	7	4	pat7			
2604	偏	滂	山	仙A	開	三	平	幫	pʰ	ɐn	33	5	pʰɐn33	p	an	1	4	pan1			
2605	篇	滂	山	仙A	開	三	平	幫	pʰ	ɐn	33	5	pʰɐn33	p	an	1	4	pan1			
2606	翩	滂	山	仙A	開	三	平	幫	pʰ	ɐn	33	5	pʰɐn33	p	an	1	4	pan1			
2607	片	滂	山	先	開	四	去	幫	pʰ	ɐn	33	5	pʰɐn33	p	an	1	4	pan1	本讀，「一片」丨「麥片(pʰɐn335)」		
2608	片	滂	山	先	開	四	去	幫	pʰ	ɐn	55	5	pʰɐn55	p	an	2	4	pan2	變調，「屎片」丨「鬚片」丨「瓦片」		
2609	片	滂	山	先	開	四	去	幫	pʰ	iɐŋ	33	6	pʰiɐŋ33	p	iang	1	6	piang1	變調，一片區域：「成(siɐŋ22)片片」丨「一片紅嗮」		
2610	騙	#N/A	#N/A	#N/A	#N/A	#N/A	#N/A	#N/A	pʰ	ɐn	33	5	pʰɐn33	p	an	1	4	pan1			
2611	漂	滂	效	宵A	開	三	去	幫	pʰ	iɐu	33	6	pʰiɐu33	p	iau	1	5	piau1			
2612	飄	並	效	宵A	開	三	平	幫	pʰ	iɐu	33	6	pʰiɐu33	p	iau	1	5	piau1			
2613	瓢	並	效	宵A	開	三	平	幫	pʰ	iɐu	22	6	pʰiɐu22	p	iau	4	5	piau4	本讀，「瓢蟲」		
2614	瓢	並	效	宵A	開	三	平	幫	pʰ	iɐu	11	6	pʰiɐu11	p	iau	5	5	piau5	變調，「一個瓢」		
2615	瞟	滂	效	宵A	開	三	平	幫	pʰ	iɐu	22	6	pʰiɐu22	p	iau	4	5	piau4			
2616	票	#N/A	#N/A	#N/A	#N/A	#N/A	#N/A	#N/A	pʰ	iɐu	11	6	pʰiɐu11	p	iau	5	5	piau5			
2617	瞥	滂	山	先	開	四	入	幫	pʰ	ɐt	55	5	pʰɐt55	p	at	7	4	pat7			
2618	撇	#N/A	#N/A	#N/A	#N/A	#N/A	#N/A	#N/A	pʰ	ɐt	11	5	pʰɐt11	p	at	10	4	pat10	「一撇」		
2619	撇	#N/A	#N/A	#N/A	#N/A	#N/A	#N/A	#N/A	pʰ	ɐt	33	5	pʰɐt33	p	at	8	4	pat8	「撇水」		
2620	拼	幫	梗	耕	開	二	平	幫	pʰ	ɐn	33	5	pʰɐn33	p	an	1	4	pan1			
2621	蘋	並	臻	真A	開	三	平	幫	pʰ	ɐn	22	5	pʰɐn22	p	an	4	4	pan4			
2622	貧	並	臻	真B	開	三	平	幫	pʰ	in	22	5	pʰin22	p	in	4	4	pin4			
2623	頻	並	臻	真A	開	三	平	幫	pʰ	in	22	5	pʰin22	p	in	4	4	pin4			
2624	品	滂	深	侵B	開	三	上	幫	p	in	55	4	pin55	b	in	2	4	bin2			
2625	聘	滂	梗	清A	開	三	去	幫	pʰ	ɐn	33	5	pʰɐn33	p	an	1	4	pan1			
2626	坪	並	梗	庚	開	三	平	幫	pʰ	ɐn	22	5	pʰɐn22	p	an	4	4	pan4	文讀，「草坪」		
2627	坪	並	梗	庚	開	三	平	幫	pʰ	iɐŋ	22	6	pʰiɐŋ22	p	iang	4	6	piang4	白讀，「坪(pʰiɐŋ22)逕(kaŋ11)水庫」丨「下坪學校」		
2628	坪	並	梗	庚	開	三	平	幫	pʰ	iɐŋ	11	6	pʰiɐŋ11	p	iang	5	6	piang5	白讀，「草坪」丨「草坪里」		
2629	屏	幫	梗	清A	開	三	上	幫	p	ɐn	55	4	pɐn55	b	an	2	4	ban2	「屏除」		
2630	屏	並	梗	青	開	四	平	幫	pʰ	ɐn	22	5	pʰɐn22	p	an	4	4	pan4	「屏幕」		
2631	屏	幫	梗	清A	開	三	上	幫	p	iɐŋ	33	5	piɐŋ33	b	iang	1	6	biang1	白讀，藏：「屏起個神樓」		
2632	平	並	山	仙A	開	三	平	幫	pʰ	ɐn	22	5	pʰɐn22	p	an	4	4	pan4	文讀，平時：「平素(ɬou335)」		
2633	平	並	山	仙A	開	三	平	幫	pʰ	iɐŋ	22	6	pʰiɐŋ22	p	iang	4	6	piang4	白讀，便宜：「平」		
2634	憑	並	曾	蒸	開	三	平	幫	pʰ	aŋ	22	5	pʰaŋ22	p	aang	4	6	paang4			
2635	瓶	並	梗	青	開	四	平	幫	pʰ	iɐŋ	11	6	pʰiɐŋ11	p	iang	5	6	piang5			
2636	萍	並	梗	青	開	四	平	幫	pʰ	ɐn	22	5	pʰɐn22	p	an	4	4	pan4			
2637	評	並	梗	庚	開	三	平	幫	pʰ	ɐn	22	5	pʰɐn22	p	an	4	4	pan4			
2638	坡	滂	果	歌	開	一	平	幫	p	uɔ	33	4	puɔ33	b	uo	1	4	buo1			
2639	潑	#N/A	#N/A	#N/A	#N/A	#N/A	#N/A	#N/A	pʰ	uɔt	33	6	pʰuɔt33	p	uot	8	5	puot8			
2640	陂	幫	止	支B	開	三	平	幫	p	ei	33	4	pei33	b	ei	1	4	bei1			
2641	婆	並	果	歌	開	一	平	幫	pʰ	uɔ	22	5	pʰuɔ22	p	uo	4	4	puo4	文讀，女性對丈夫的奶奶的稱呼，或者女性對老兩代的鄰里女性的稱呼：「婆(pʰuɔ22)婆(pʰuɔ22)」		
2642	婆	並	果	歌	開	一	平	幫	pʰ	ou	22	5	pʰou22	p	ou	4	4	pou4	白讀，{1}拐賣小朋友的惡醜女人：「人容婆」；{2}形容親戚間的關係生疏：四字詞 「姑(ku33)婆(pʰou22)狗夾(kap11)」；{3}「阿婆」丨「婆仔(tuɔi55)」丨「家(ka33)婆」		
2643	婆	並	果	歌	開	一	平	幫	pʰ	ou	11	5	pʰou11	p	ou	5	4	pou5	白讀，{1}「婆乸」丨「老(lau55)婆乸」丨「覡婆(pʰou11)」丨「老(lau55)婆」丨四字詞「 覡婆(pou11)鬼乸（專指幫人算命的女性）」；{2}泛指圍在胸前或肚子前的布料衣物：「肚婆(pʰou115)」		
2644	頗	滂	果	歌	開	一	平	幫	pʰ	uɔ	55	5	pʰuɔ55	p	uo	2	4	puo2			
2645	珀	滂	梗	庚	開	二	入	幫	pʰ	ak	55	5	pʰak55	p	aak	7	5	paak7			
2646	破	滂	果	歌	開	一	去	幫	pʰ	uɔ	33	5	pʰuɔ33	p	uo	1	4	puo1			
2647	粕	滂	宕	唐	開	一	入	幫	pʰ	ak	55	5	pʰak55	p	aak	7	5	paak7			
2648	迫	幫	梗	庚	開	二	入	幫	p	ɐt	55	4	pɐt55	b	at	7	4	bat7			
2649	魄	滂	梗	庚	開	二	入	幫	pʰ	ak	55	5	pʰak55	p	aak	7	5	paak7			
2650	剖	滂	流	侯	開	一	上	幫	pʰ	au	55	5	pʰau55	p	aau	2	5	paau2			
2651	仆	並	曾	登	開	一	入	幫	pʰ	ək	55	5	pʰək55	p	eak	7	5	peak7	本讀，「仆落(lɔk32)地」		
2652	仆	並	曾	登	開	一	入	幫	pʰ	ək	11	5	pʰək11	p	eak	5	5	peak5	變調，撞傷長的疙瘩：「一個仆」		
2653	仆	並	曾	登	開	一	入	幫	pʰ	ək	33	5	pʰək33	p	eak	8	5	peak8	變調，連滾帶爬，或引申為匆匆忙忙：四字詞：「碌(lək33)碌(lək33)仆(pʰək33)仆(pʰək33)」丨「碌(lək33)仆」		
2654	撲	滂	通	東	開	一	入	幫	pʰ	ɔk	55	5	pʰɔk55	p	ok	7	4	pok7	本讀，「撲朔」		
2655	撲	滂	通	東	開	一	入	幫	pʰ	ɔk	33	5	pʰɔk33	p	ok	8	4	pok8	又讀，「撲蝴蝶」		
2656	撲	滂	通	東	開	一	入	幫	p	ɔk	55	4	pɔk55	b	ok	7	4	bok7	又讀，擊打，「撲死你」		
2657	鋪	滂	遇	模	開	一	去	幫	pʰ	ou	33	5	pʰou33	p	ou	1	4	pou1	{1}店鋪，小賣部：「鋪仔((tuɔi55)」；{2}縫補被子的時候連席也補了，形容多此一舉，好事做成壞事：四字詞 「鋪被(pʰe11)連(lɐn22)席(tiɐk32)」		
2658	僕	並	通	東	開	一	入	幫	p	ək	32	4	pək32	b	eak	9	5	beak9			
2659	匍	並	遇	模	開	一	平	幫	pʰ	ou	22	5	pʰou22	p	ou	4	4	pou4			
2660	樸	滂	江	江	開	二	入	幫	pʰ	ɔk	55	5	pʰɔk55	p	ok	7	4	pok7			
2661	朴	滂	江	江	開	二	入	幫	pʰ	ɔk	55	5	pʰɔk55	p	ok	7	4	pok7			
2662	璞	滂	江	江	開	二	入	幫	pʰ	ɔk	55	5	pʰɔk55	p	ok	7	4	pok7			
2663	菩	並	遇	模	開	一	平	幫	pʰ	ou	22	5	pʰou22	p	ou	4	4	pou4			
2664	葡	#N/A	#N/A	#N/A	#N/A	#N/A	#N/A	#N/A	pʰ	ou	22	5	pʰou22	p	ou	4	4	pou4			
2665	蒲	並	遇	模	開	一	平	幫	pʰ	ou	22	5	pʰou22	p	ou	4	4	pou4	本讀，「蒲草」		
2666	蒲	並	遇	模	開	一	平	幫	pʰ	ou	11	5	pʰou11	p	ou	5	4	pou5	變調，葫蘆：「蒲瓜(ka11)」		
2667	普	滂	遇	模	開	一	上	幫	pʰ	ou	55	5	pʰou55	p	ou	2	4	pou2			
2668	譜	幫	遇	模	開	一	上	幫	pʰ	ou	55	5	pʰou55	p	ou	2	4	pou2			
2669	蹼	幫	通	東	開	一	入	幫	pʰ	ɔk	55	5	pʰɔk55	p	ok	2	4	pok2			
2670	曝	並	效	豪	開	一	去	幫	p	au	32	4	pau32	b	aau	6	5	baau6			
2671	瀑	並	效	豪	開	一	去	幫	p	ək	32	4	pək32	b	eak	6	5	beak6			
2672	七	清	臻	真A	開	三	入	精	tʰ	it	55	5	tʰit55	t	it	7	4	tit7			
2673	妻	清	蟹	齊	開	四	平	精	tʰ	ɔi	33	5	tʰɔi33	t	oi	1	4	toi1			
2674	悽	清	蟹	齊	開	四	平	精	tʰ	ɔi	33	5	tʰɔi33	t	oi	1	4	toi1			
2675	戚	清	梗	青	開	四	入	精	tʰ	ɐt	55	5	tʰɐt55	t	at	7	4	tat7	表生疏：四字詞：「橫邊(pɐn11)親戚（關係疏遠的親戚）」		
2676	期	见	止	之	開	三	平	見	k	ei	33	4	kei33	g	ei	1	4	gei1	「期年」		
2677	期	羣	止	之	開	三	平	見	kʰ	ei	22	5	kʰei22	k	ei	4	4	kei4	「日期」		
2678	柒	清	臻	真A	開	三	入	精	tʰ	it	55	5	tʰit55	t	it	7	4	tit7			
2679	棲	心	蟹	齊	開	四	平	精	tʰ	ɔi	33	5	tʰɔi33	t	oi	1	4	toi1			
2680	欺	溪	止	之	開	三	平	見	h	ei	33	4	hei33	h	ei	1	4	hei1	本讀，「欺騙」		
2681	欺	溪	止	之	開	三	平	見	h	a	33	3	ha33	h	aa	1	4	haa1	訓讀，欺負：「佢欺我」		
2682	沏	清	山	先	開	四	入	精	tʰ	ɔi	33	5	tʰɔi33	t	oi	1	4	toi1			
2683	淒	清	蟹	齊	開	四	平	精	tʰ	ɔi	33	5	tʰɔi33	t	oi	1	4	toi1			
2684	漆	清	臻	真A	開	三	入	精	tʰ	it	55	5	tʰit55	t	it	7	4	tit7			
2685	萋	清	蟹	齊	開	四	平	精	tʰ	ɔi	33	5	tʰɔi33	t	oi	1	4	toi1			
2686	谿	溪	蟹	齊	開	四	平	見	kʰ	ɔi	33	5	kʰɔi33	k	oi	1	4	koi1			
2687	其	羣	止	之	開	三	平	見	kʰ	ei	22	5	kʰei22	k	ei	4	4	kei4	{1}整齊乾淨：「其理」；{2}形容物件放在房子中央，造成其他位置難以使用：四字詞 「其中北獵」；{3}非…不可：「限其」		
2688	奇	見	止	支B	開	三	平	見	k	ei	33	4	kei33	g	ei	1	4	gei1	「奇數」		
2689	奇	羣	止	支B	開	三	平	見	kʰ	ei	22	5	kʰei22	k	ei	4	4	kei4	奇怪：四字詞 奇(kʰei22)奇(kʰei22)巧(kʰau55)巧(kʰau55)：形容事物很奇怪，「奇巧」即奇怪		
2690	崎	羣	止	微	開	三	平	見	kʰ	ei	22	5	kʰei22	k	ei	4	4	kei4			
2691	旗	羣	止	之	開	三	平	見	kʰ	ei	22	5	kʰei22	k	ei	4	4	kei4			
2692	棋	#N/A	#N/A	#N/A	#N/A	#N/A	#N/A	#N/A	kʰ	ei	22	5	kʰei22	k	ei	4	4	kei4	下棋：「作(tɔk33)棋(kʰei22)」		
2693	歧	羣	止	支A	開	三	平	見	kʰ	ei	22	5	kʰei22	k	ei	4	4	kei4			
2694	淇	羣	止	之	開	三	平	見	kʰ	ei	22	5	kʰei22	k	ei	4	4	kei4			
2695	琦	羣	止	支B	開	三	平	見	kʰ	ei	22	5	kʰei22	k	ei	4	4	kei4			
2696	琪	羣	止	之	開	三	平	見	kʰ	ei	22	5	kʰei22	k	ei	4	4	kei4			
2697	祈	羣	止	微	開	三	平	見	kʰ	ei	22	5	kʰei22	k	ei	4	4	kei4			
2698	臍	從	蟹	齊	開	四	平	精	tʰ	ei	11	5	tʰei11	t	ei	5	4	tei5	荸薺：「孖臍」		
2699	騎	羣	止	支B	開	三	平	見	kʰ	ei	22	5	kʰei22	k	ei	4	4	kei4	文讀，「胡騎」		
2700	騎	羣	止	支B	開	三	去	見	kʰ	iɛ	22	5	kʰiɛ22	k	ie	4	4	kie4	白讀，{1}「騎馬」；{2}沙琪瑪：「騎瑪(ma115)」；{3}一個人騎在另一個人肩上：「騎(kʰiɛ22)馬(ma11)浪(lɔŋ55)」		
2701	鰭	羣	止	脂A	開	三	平	見	kʰ	ei	22	5	kʰei22	k	ei	4	4	kei4			
2702	齊	從	蟹	齊	開	四	平	精	tʰ	ɔi	22	5	tʰɔi22	t	oi	4	4	toi4	整齊：埋(muɔi22)齊		
2703	乞	溪	臻	欣	開	三	入	見	h	ɔt	55	4	hɔt55	h	ot	2	4	hot2			
2704	企	溪	止	支A	開	三	去	見	kʰ	ei	33	5	kʰei33	k	ei	1	4	kei1	本讀，{1}「企圖」；{2}站立：「企穩」；{3}物體直立：「戙企」；{4}代指與朋友站立著寒暄：「我同個朋友企下」		
2705	企	溪	止	支A	開	三	上	見	kʰ	ei	55	5	kʰei55	k	ei	2	4	kei2	變調，家：「翻企（回家）」丨「翻企村（回村）」丨「翻企樓(lai225)（回樓）」		
2706	企	溪	止	支A	開	三	上	見	kʰ	ei	11	5	kʰei11	k	ei	5	4	kei5	變調，{1}梯子：「傍(paŋ32)企( kʰei115)」；{2}物體直立的狀態：「戙督(tək55)企」		
2707	啟	溪	蟹	齊	開	四	上	見	kʰ	ɔi	55	5	kʰɔi55	k	oi	2	4	koi2			
2708	杞	溪	止	之	開	三	上	見	k	ei	55	4	kei55	g	ei	2	4	gei2			
2709	綺	溪	止	支B	開	三	上	見	j	i	55	3	ji55	j	i	2	3	ji2			
2710	豈	溪	止	微	開	三	上	見	h	ei	55	4	hei55	h	ei	2	4	hei2			
2711	起	溪	止	之	開	三	上	見	h	ei	55	4	hei55	h	ei	2	4	hei2	{1}已經完成的狀態：「做起（做好了）」丨「裝起（裝好了）」；{2}從小培養孩子的習慣：四字詞 「目從小起」；{3}同「一舉兩得」： 四字詞 「一起兩得(ʔak55)」		
2712	器	溪	止	脂B	開	三	去	見	h	ei	33	4	hei33	h	ei	1	4	hei1			
2713	憩	溪	蟹	祭B	開	三	去	見	h	ei	33	4	hei33	h	ei	1	4	hei1			
2714	棄	溪	止	脂A	開	三	去	見	h	ei	33	4	hei33	h	ei	1	4	hei1			
2715	氣	溪	止	微	開	三	去	見	h	ei	33	4	hei33	h	ei	1	4	hei1	本讀，{1}唇舌：「氣候」丨「使(suɔi55)氣多過侯（浪費力氣給你溝通）」；{2}地方：「氣(hei33)處(tsʰui33)；{3}偏暴躁的生氣：「氣緊」；{4}醒目：「醒氣」；{5}偏委屈的生氣：「氣疼(tiak3)」；{6}使人煩悶：「煩(fɔn22)氣」；{7}揶揄人小氣、過於精緻：「神氣」；{8}有默契，或指能與其他情況相提並論：「同氣」；{9}囉嗦：「長(tsʰiŋ22氣」丨四字詞 「長(tsʰiŋ22)氣(hei11)爛渣(tsa55)（囉嗦）」；{10}形容小孩子不聽話，惹家長生氣：四字詞 「激氣(hei33)激候」；{11}形容在嚴寒之下得到很多溫暖：四字詞 「暖(nuɔn33)出耳氣(hei33)」{12}發脾氣：「發(fɔt33)氣(hei335)」；{13}形容小女孩很嗲，養尊處優慣的樣子：四字詞 「嬌氣(hei33)蜢(maŋ55)命(miɐŋ32)」；{14}通情達理：「通氣」；{15}形容工作付出多氣力：四字詞 「下(ha11)氣(hei33)下(ha11)力」；{16}不間斷，一直做，直到完成：四字詞 「一條子氣(hei335)」；{17}一個人在做了很後悔的且沒有作用的事情之後，會感嘆一聲，意指白做一場：四字詞 「冇(mau33)𡳞文氣(hei33)」		
2716	氣	溪	止	微	開	三	去	見	h	ei	11	4	hei11	h	ei	5	4	hei5	變動，{1}不友善：「醜氣(hei115)」；{2}孩子氣：「三(ɬam33)民(min55)仔(tuɔi55)氣」；{3}有飽腹感：「飽氣(hei115)」丨四字詞「飽氣(hei11)飽氣(hei115) （形容胃有點飽飽的感覺）」；{4}便意：「緊屎氣(hei115)」		
2717	汽	#N/A	#N/A	#N/A	#N/A	#N/A	#N/A	#N/A	h	ei	33	4	hei33	h	ei	1	4	hei1			
2718	砌	清	蟹	齊	開	四	去	精	tʰ	ɔi	33	5	tʰɔi33	t	oi	1	4	toi1			
2719	卡	#N/A	#N/A	#N/A	#N/A	#N/A	#N/A	#N/A	kʰ	a	55	4	kʰa55	k	aa	2	4	kaa2	本讀，{1}「信用卡」；{2}卡住：四字詞 「卡(kʰa55)窿卡(kʰa55)罅（形容打麻將時卡窿情況多）」		
2720	卡	#N/A	#N/A	#N/A	#N/A	#N/A	#N/A	#N/A	kʰ	ak	33	5	kʰak33	k	aak	8	5	kaak8	變調，動詞，卡住：「卡啊(ʔa55)上面（卡在上面）」		
2721	卡	#N/A	#N/A	#N/A	#N/A	#N/A	#N/A	#N/A	kʰ	ak	11	5	kʰak11	k	aak	10	5	kaak10	變調，名词，結節：「繩卡」丨「布頭(hai22)卡（沒必要的死話）」丨「蔗卡」		
2722	卡	#N/A	#N/A	#N/A	#N/A	#N/A	#N/A	#N/A	kʰ	ak	55	5	kʰak55	k	aak	7	5	kaak7	變調，量詞，一節：「一卡蔗」		
2723	恰	溪	咸	咸	開	二	入	見	h	ap	55	4	hap55	h	aap	7	5	haap7			
2724	仟	清	山	先	開	四	平	精	tʰ	ɐn	33	5	tʰɐn33	t	an	1	4	tan1			
2725	千	清	山	先	開	四	平	精	tʰ	ɐn	33	5	tʰɐn33	t	an	1	4	tan1	形容數目少：四字詞 「三(ɬam33)頭(hai22)兩千」		
2726	牽	溪	山	先	開	四	平	見	h	ɐn	33	4	hɐn33	h	an	1	4	han1	{1}伸手：「牽手」；{2}伸腰：「牽腰」丨四字詞 「牽上(siŋ33)努下(ha33)（形容人很懶，做工作的時候動來動去就是不做）」		
2727	簽	#N/A	#N/A	#N/A	#N/A	#N/A	#N/A	#N/A	tʰ	iɛm	33	6	tʰiɛm33	t	iem	1	5	tiem1			
2728	籤	清	咸	鹽A	開	三	平	精	tʰ	iɛm	33	6	tʰiɛm33	t	iem	1	5	tiem1	本讀，「求籤」		
2729	籤	清	咸	鹽A	開	三	平	精	tʰ	iɛm	11	6	tʰiɛm11	t	iem	5	5	tiem5	變調，「棉(mɐn22)籤」丨「牙(ŋa22)籤」丨「標籤」		
2730	謙	溪	咸	添	開	四	平	見	h	im	33	4	him33	h	im	1	4	him1			
2731	遷	清	山	仙A	開	三	平	精	tʰ	ɐn	33	5	tʰɐn33	t	an	1	4	tan1			
2732	鉛	以	山	仙A	合	三	平	以	j	uɔn	22	5	juɔn22	j	uon	4	5	juon4			
2733	阡	清	山	先	開	四	平	精	tʰ	ɐn	33	5	tʰɐn33	t	an	1	4	tan1			
2734	乾	見	山	寒	開	一	平	見	k	uɔn	33	5	kuɔn33	g	uon	1	5	guon1	{1}形容食物乾巴巴的感覺：四字詞 「乾(kuɔn33)珠乾(kuɔn33)侯」；{2}乾巴巴的：「猛(maŋ55)乾(kuɔn11)猛(maŋ55)乾(kuɔn115)」		
2735	乾	見	山	寒	開	一	平	見	k	uɔn	11	5	kuɔn11	g	uon	5	5	guon5	kuɔn33的變調，名詞：「餅乾」丨「菜(tʰuɔi33)乾」丨「豬肉(ŋək32)乾」		
2736	乾	羣	山	仙B	開	三	平	見	kʰ	ɐn	22	5	kʰɐn22	k	an	4	4	kan4	「乾坤」		
2737	前	從	山	先	開	四	平	精	tʰ	ɐn	22	5	tʰɐn22	t	an	4	4	tan4	本讀，{1}節儉：四字詞 「留前撿後(hai32)」；{2}大前天：「大個前啊(ʔa33)日(ŋit11)」		
2738	前	從	山	先	開	四	平	精	tʰ	ɐn	11	5	tʰɐn11	t	an	5	4	tan5	變調，{1}最靠近的一層：「門前」丨「口前」(眼前，跟前)；{2}地名：「山前村」		
2739	拑	羣	咸	鹽B	開	三	平	見	kʰ	iɛm	22	6	kʰiɛm22	k	iem	4	5	kiem4			
2740	潛	從	咸	鹽A	開	三	平	精	tʰ	iɛm	22	6	tʰiɛm22	t	iem	4	5	tiem4	本讀，「潛水」		
2741	潛	從	咸	鹽A	開	三	平	精	tʰ	iɛm	11	6	tʰiɛm11	t	iem	5	5	tiem5	變調，水溝：「水潛」		
2742	虔	羣	山	仙B	開	三	平	見	kʰ	ɐn	22	5	kʰɐn22	k	an	4	4	kan4			
2743	鉗	羣	咸	鹽B	開	三	平	見	kʰ	iɛm	22	6	kʰiɛm22	k	iem	4	5	kiem4	本讀，「鐵鉗」		
2744	鉗	羣	咸	鹽B	開	三	平	見	kʰ	iɛm	11	6	kʰiɛm11	k	iem	5	5	kiem5	變調，「鉗魚(ŋui22)」		
2745	錢	從	山	仙A	開	三	平	精	tʰ	ɐn	22	5	tʰɐn22	t	an	4	4	tan4	「真的」的意思，多指對人作出的承諾(多為最後一次)：四字詞 「真真錢錢」		
2746	淺	精	山	先	開	四	平	精	tʰ	ɐn	55	5	tʰɐn55	t	an	2	4	tan2			
2747	譴	溪	山	仙A	開	三	去	見	h	ɐn	55	4	hɐn55	h	an	2	4	han2			
2748	遣	溪	山	仙A	開	三	上	見	h	ɐn	55	4	hɐn55	h	an	2	4	han2			
2749	塹	清	咸	鹽A	開	三	去	精	tʰ	ɐn	11	5	tʰɐn11	t	an	5	4	tan5			
2750	欠	溪	咸	嚴	開	三	去	見	h	im	33	4	him33	h	im	1	4	him1			
2751	歉	溪	咸	添	開	四	上	見	h	iɛp	55	5	hiɛp55	h	iep	7	5	hiep7			
2752	縴	溪	山	先	開	四	平	見	h	ɐn	33	4	hɐn33	h	an	1	4	han1			
2753	芡	羣	咸	鹽B	開	三	上	見	h	im	33	4	him33	h	im	1	4	him1			
2754	嗆	#N/A	#N/A	#N/A	#N/A	#N/A	#N/A	#N/A	tʰ	iŋ	33	5	tʰiŋ33	t	iing	1	6	tiing1			
2755	嗆	#N/A	#N/A	#N/A	#N/A	#N/A	#N/A	#N/A	t	ək	32	4	tək32	d	eak	9	5	deak9	訓讀，同「嗆」		
2756	戕	從	宕	陽	開	三	平	精	tʰ	iŋ	22	5	tʰiŋ22	t	iing	4	6	tiing4			
2757	槍	清	宕	陽	開	三	平	精	tʰ	iŋ	33	5	tʰiŋ33	t	iing	1	6	tiing1			
2758	羌	溪	宕	陽	開	三	平	見	k	iŋ	33	4	kiŋ33	g	iing	1	6	giing1	本讀，「羌族」		
2759	羌	溪	宕	陽	開	三	平	見	k	iŋ	11	4	kiŋ11	g	iing	5	6	giing5	變調，地名，「中(tsəŋ33)羌」		
2760	腔	溪	江	江	開	二	平	見	h	ɔŋ	33	4	hɔŋ33	h	ong	1	5	hong1			
2761	鎗	初	梗	庚	開	二	平	莊	tʰ	iŋ	33	5	tʰiŋ33	t	iing	1	6	tiing1			
2762	鏘	清	宕	陽	開	三	平	精	tʰ	iŋ	33	5	tʰiŋ33	t	iing	1	6	tiing1			
2763	強	羣	宕	陽	開	三	平	見	kʰ	iŋ	22	5	kʰiŋ22	k	iing	4	6	kiing4	「強大」		
2764	強	羣	宕	陽	開	三	平	見	kʰ	iŋ	11	5	kʰiŋ11	k	iing	5	6	kiing5	「強迫」		
2765	牆	從	宕	陽	開	三	平	精	tʰ	iŋ	22	5	tʰiŋ22	t	iing	4	6	tiing4			
2766	薔	從	宕	陽	開	三	平	精	tʰ	iŋ	22	5	tʰiŋ22	t	iing	4	6	tiing4			
2767	搶	清	宕	陽	開	三	上	精	tʰ	iŋ	55	5	tʰiŋ55	t	iing	2	6	tiing2			
2768	敲	溪	效	肴	開	二	平	見	kʰ	ai	33	5	kʰai33	k	aai	1	5	kaai1			
2769	僑	羣	效	宵B	開	三	平	見	kʰ	iɐu	22	6	kʰiɐu22	k	iau	4	5	kiau4			
2770	喬	見	效	宵B	開	三	平	見	kʰ	iɐu	22	6	kʰiɐu22	k	iau	4	5	kiau4			
2771	憔	從	效	宵A	開	三	平	精	tʰ	iɐu	22	6	tʰiɐu22	t	iau	4	5	tiau4			
2772	樵	從	效	宵A	開	三	平	精	tʰ	iɐu	22	6	tʰiɐu22	t	iau	4	5	tiau4			
2773	橋	羣	效	宵B	開	三	平	見	kʰ	iɐu	22	6	kʰiɐu22	k	iau	4	5	kiau4	形容小孩發嗲，不聽話：四字詞 「多(ʔuɔ33)橋多(ʔuɔ33)扭」		
2774	瞧	#N/A	#N/A	#N/A	#N/A	#N/A	#N/A	#N/A	t	iɐu	33	5	tiɐu33	d	iau	1	5	diau1			
2775	翹	羣	效	宵A	開	三	平	見	kʰ	iɐu	22	6	kʰiɐu22	k	iau	4	5	kiau4	文讀，「銀翹」		
2776	翹	羣	效	宵A	開	三	去	見	kʰ	iɐu	33	6	kʰiɐu33	k	iau	1	5	kiau1	白讀，「翹起」		
2777	巧	溪	效	肴	開	二	上	見	kʰ	au	55	5	kʰau55	k	aau	2	5	kaau2	文讀，奇怪：四字詞 奇(kʰei22)奇(kʰei22)巧(kʰau55)巧(kʰau55)		
2778	巧	溪	效	肴	開	二	上	見	kʰ	iɐu	55	6	kʰiɐu55	k	iau	2	5	kiau2	白讀，「確係巧」		
2779	悄	清	效	宵A	開	三	上	精	tʰ	iɐu	55	6	tʰiɐu55	t	iau	2	5	tiau2			
2780	俏	清	效	宵A	開	三	去	精	tʰ	iɐu	33	6	tʰiɐu33	t	iau	1	5	tiau1			
2781	峭	清	效	宵A	開	三	去	精	tʰ	iɐu	33	6	tʰiɐu33	t	iau	1	5	tiau1			
2782	切	清	山	先	開	四	入	精	tʰ	ɐt	7	5	tʰɐt7	t	at	7	4	tat7	本讀，「切勿」丨「關切」		
2783	切	清	山	先	開	四	入	精	tʰ	ɐt	33	5	tʰɐt33	t	at	8	4	tat8	又讀，動詞，「切開」		
2784	切	清	蟹	齊	開	四	去	精	tʰ	ɔi	33	5	tʰɔi33	t	oi	1	4	toi1	本讀，「一切」		
2785	茄	羣	果	歌	開	三	平	見	kʰ	iɛ	11	5	kʰiɛ11	k	ie	5	4	kie5	「茄子」		
2786	茄	羣	果	歌	開	三	平	見	k	a	11	3	ka11	g	aa	5	4	gaa5	「雪茄」		
2787	茄	羣	果	歌	開	三	平	見	kʰ	iɛ	55	5	kʰiɛ55	k	ie	2	4	kie2	訓讀，{1}量詞，表條狀植物或植物的一截：「一茄蕉」；{2}踩屎，形容事情越怕就越會發生：四字詞 「怕屎茄(kʰiɛ55)屎」		
2788	且	精	遇	魚	開	三	平	精	tsʰ	iɛ	55	6	tsʰiɛ55	c	ie	2	4	cie2			
2789	妾	清	咸	鹽A	開	三	入	精	tʰ	iɛp	55	6	tʰiɛp55	t	iep	7	5	tiep7			
2790	竊	清	山	先	開	四	入	精	tʰ	ɐt	55	5	tʰɐt55	t	at	7	4	tat7			
2791	侵	清	深	侵A	開	三	平	精	tʰ	im	33	5	tʰim33	t	im	1	4	tim1			
2792	親	清	臻	真A	開	三	平	精	tʰ	in	33	5	tʰin33	t	in	1	4	tin1	{1}老式吐談口語，有「既然如此」、「這樣子」的意思：「親kʰai335」；{2}副詞，每次：「做親都錯」；{3}生疏：四字詞：「橫邊(pɐn11)親戚（關係疏遠的親戚）」；{4}近代沒血緣，但幾代前有關係的鄰居：「同親」		
2793	勤	羣	臻	欣	開	三	平	見	kʰ	in	22	5	kʰin22	k	in	4	4	kin4	{1}鳳眼果：「勤婆(pʰuɔ22)」；{2}烏勤藤：「富勤藤」		
2794	擒	羣	深	侵B	開	三	平	見	kʰ	im	22	5	kʰim22	k	im	4	4	kim4	文讀，「擒拿」		
2795	擒	生	深	侵B	開	三	平	莊	kʰ	əm	22	5	kʰəm22	k	eam	4	5	keam4	白讀，攀爬：「擒高擒低」丨「擒上去」		
2796	琴	羣	深	侵B	開	三	平	見	kʰ	im	22	5	kʰim22	k	im	4	4	kim4			
2797	禽	羣	深	侵B	開	三	平	見	kʰ	im	22	5	kʰim22	k	im	4	4	kim4			
2798	秦	從	臻	真A	開	三	平	精	tʰ	un	22	5	tʰun22	t	un	4	4	tun4			
2799	芹	羣	臻	欣	開	三	平	見	kʰ	in	22	5	kʰin22	k	in	4	4	kin4	泛指配料：四字詞 「香芹蔥蒜」		
2800	寢	清	深	侵A	開	三	上	精	tʰ	im	55	5	tʰim55	t	im	2	4	tim2			
2801	傾	溪	梗	清A	合	三	平	見	kʰ	ɐn	55	5	kʰɐn55	k	an	2	4	kan2	文讀，「傾瀉」		
2802	傾	溪	梗	清A	合	三	平	見	kʰ	ɐn	33	5	kʰɐn33	k	an	1	4	kan1	白讀，「傾偈(kɔi335)」		
2803	氫	#N/A	#N/A	#N/A	#N/A	#N/A	#N/A	#N/A	h	iɐŋ	33	5	hiɐŋ33	h	iang	1	6	hiang1			
2804	清	清	梗	清A	開	三	平	精	tʰ	ɐn	33	5	tʰɐn33	t	an	1	4	tan1	文讀，「清明」		
2805	清	清	梗	清A	開	三	平	精	tʰ	iɐŋ	33	6	tʰiɐŋ33	t	iang	1	6	tiang1	白讀，「水唔夠清」		
2806	蜻	精	梗	清A	開	三	平	精	tʰ	ɐn	33	5	tʰɐn33	t	an	1	4	tan1			
2807	輕	溪	梗	清A	開	三	平	見	h	ɐn	33	4	hɐn33	h	an	1	4	han1	文讀，「輕信」		
2808	輕	溪	梗	清A	開	三	平	見	h	iɐŋ	33	5	hiɐŋ33	h	iang	1	6	hiang1	白讀，「輕hiɐŋ11輕hiɐŋ115」丨「輕手輕腳」丨輕擎(kiɐŋ22)（輕巧）」		
2809	青	清	梗	青	開	四	平	精	tʰ	ɐn	33	5	tʰɐn33	t	an	1	4	tan1	文讀，{1}「青年」；{2}指老人家老當益壯，身體好，同「能持」：「青倦」		
2810	青	清	梗	青	開	四	平	精	tʰ	iɐŋ	33	6	tʰiɐŋ33	t	iang	1	6	tiang1	白讀，{1}指老人家老當益壯，身體好，同「能持」：「青(tʰiɐŋ33)倦」；{2}口腔受到不適的刺激分泌唾液的行為：「流青口水」；{3}形容一樣東西不熟，多指水果 。可能是「青皮(pʰei11)綠桔」演化：四字詞 「青(tʰiɐŋ33)臂綠桔(kit55)」；{4}形容食物盡是水，不好吃：四字詞 「青(tʰiɐŋ33)水漏(lai32)laŋ11」；{5}青綠色：「青(tʰiɐŋ33)工工」		
2811	情	從	梗	清A	開	三	平	精	tʰ	ɐn	22	5	tʰɐn22	t	an	4	4	tan4	本讀，「情愛」		
2812	情	從	梗	清A	開	三	平	精	tʰ	aŋ	22	5	tʰaŋ22	t	aang	4	6	taang4	變調，情願：「情tʰaŋ22願ŋun22」		
2813	情	從	梗	清A	開	三	平	精	t	ɐn	225	4	tɐn225	d	an	4*	4	dan4*	變調，「實情tɐn225」		
2814	晴	從	梗	清A	開	三	平	精	tʰ	ɐn	22	5	tʰɐn22	t	an	4	4	tan4	文讀，「晴朗」		
2815	晴	從	梗	清A	開	三	平	精	tʰ	iɐŋ	22	6	tʰiɐŋ22	t	iang	4	6	tiang4	白讀，{1}雨過天晴：「晴水」；{2}動不動就：「未晴下(haa11)」		
2815	晴	從	梗	清A	開	三	平	精	tʰ	iɐŋ	11	6	tʰiɐŋ11	t	iang	5	6	tiang5	訓讀，形容安靜的場面：四字詞 「息(ɬɐt55)息(ɬɐt55)晴(tʰiɐŋ11)晴(tʰiɐŋ11)」		
2816	請	從	梗	清A	開	三	平	精	tʰ	ɐn	55	5	tʰɐn55	t	an	2	4	tan2	文讀，「請假」		
2817	請	從	梗	清A	開	三	平	精	tʰ	iɐŋ	55	6	tʰiɐŋ55	t	iang	2	6	tiang2	白讀，請吃席、吃席：「送請」		
2818	頃	溪	梗	清A	合	三	平	見	kʰ	ɐn	55	5	kʰɐn55	k	an	2	4	kan2			
2819	慶	溪	梗	庚	開	三	去	見	h	ɐn	33	4	hɐn33	h	an	1	4	han1			
2820	穹	溪	通	東	開	三	平	見	kʰ	əŋ	22	5	kʰəŋ22	k	eang	4	6	keang4			
2821	窮	羣	通	東	開	三	平	見	kʰ	əŋ	22	5	kʰəŋ22	k	eang	4	6	keang4	本讀，「窮奇」		
2822	窮	羣	通	東	開	三	平	見	kʰ	əŋ	11	5	kʰəŋ11	k	eang	5	6	keang5	訓讀，指示代詞，那，同「恁」，大江用法為「窮」：「窮有嘢吃」		
2823	丘	溪	流	尤	開	三	平	見	h	iu	33	4	hiu33	h	iu	1	4	hiu1			
2824	秋	清	流	尤	開	三	平	精	tʰ	iu	33	5	tʰiu33	t	iu	1	4	tiu1			
2825	蚯	溪	流	尤	開	三	平	見	h	iu	33	4	hiu33	h	iu	1	4	hiu1			
2826	邱	溪	流	尤	開	三	平	見	h	iu	33	4	hiu33	h	iu	1	4	hiu1			
2827	鰍	清	流	尤	開	三	平	精	tʰ	iu	33	5	tʰiu33	t	iu	1	4	tiu1			
2828	囚	邪	流	尤	開	三	平	精	tʰ	iu	22	5	tʰiu22	t	iu	4	4	tiu4			
2829	毬	羣	流	尤	開	三	平	見	kʰ	iu	22	5	kʰiu22	k	iu	4	4	kiu4			
2830	求	羣	流	尤	開	三	平	見	kʰ	iu	22	5	kʰiu22	k	iu	4	4	kiu4			
2831	球	羣	流	尤	開	三	平	見	kʰ	iu	22	5	kʰiu22	k	iu	4	4	kiu4			
2832	糗	溪	流	尤	開	三	上	見	tsʰ	iu	33	6	tsʰiu33	c	iu	1	4	ciu1			
2833	區	溪	遇	虞	合	三	平	見	kʰ	ui	33	5	kʰui33	k	ui	1	4	kui1	「區分」丨「小區」		
2834	區	影	流	侯	開	一	平	影	ʔ	ai	33	4	ʔai33		aai	1	4	aai1	「區姓」		
2835	屈	見	臻	文	合	三	入	見	ʋ	ut	55	4	ʋut55	v	ut	7	4	vut7	文讀，{1}枇杷：「蘆屈」；{2}「屈原」		
2836	屈	見	臻	文	合	三	入	見	ʋ	ut	33	4	ʋut33	v	ut	8	4	vut8	白讀，{1}使彎曲：「屈爛佢」		
2837	嶇	溪	遇	虞	合	三	平	見	kʰ	ui	33	5	kʰui33	k	ui	1	4	kui1			
2838	蛆	清	遇	魚	開	三	平	精	tʰ	ui	33	5	tʰui33	t	ui	1	4	tui1			
2839	趨	清	遇	虞	合	三	平	精	tʰ	ui	33	5	tʰui33	t	ui	1	4	tui1			
2840	軀	溪	遇	虞	合	三	平	見	kʰ	ui	33	5	kʰui33	k	ui	1	4	kui1			
2841	驅	溪	遇	虞	合	三	平	見	kʰ	ui	33	5	kʰui33	k	ui	1	4	kui1			
2842	渠	羣	遇	魚	開	三	平	見	kʰ	ui	22	5	kʰui22	k	ui	4	4	kui4			
2843	麴	溪	通	東	開	三	入	見	kʰ	ək	55	5	kʰək55	k	eak	7	5	keak7			
2844	取	清	遇	虞	合	三	上	精	tʰ	ui	55	5	tʰui55	t	ui	2	4	tui2			
2845	娶	心	遇	虞	合	三	平	精	tʰ	ui	55	5	tʰui55	t	ui	2	4	tui2			
2846	曲	溪	通	鍾	開	三	入	見	kʰ	ək	55	5	kʰək55	k	eak	7	5	keak7	本讀，{1}「曲折」丨「曲目」；{2}指人極度疲累：四字詞 「腰㾢背(puɔi33)曲(kʰək55)」		
2847	曲	溪	通	鍾	開	三	入	見	kʰ	ək	11	5	kʰək11	k	eak	10	5	keak10	變調，名詞，彎：「一個曲」丨「轉曲」丨「膝頭(hai22)曲（膝蓋）」		
2848	去	溪	遇	魚	開	三	上	見	h	ui	33	4	hui33	h	ui	1	4	hui1	{1}不珍惜東西，說扔就扔：「呢田(hɐn22)嘢(niɛ33)擘去離」		
2849	覷	#N/A	#N/A	#N/A	#N/A	#N/A	#N/A	#N/A	h	ui	33	4	hui33	h	ui	1	4	hui1			
2850	趣	清	流	侯	開	一	上	精	tʰ	ui	33	5	tʰui33	t	ui	1	4	tui1	迅速：「快趣」		
2851	圈	羣	山	元	合	三	上	見	h	un	55	4	hun55	h	un	2	4	hun2			
2852	全	從	山	仙A	合	三	平	精	tʰ	un	22	5	tʰun22	t	un	4	4	tun4	喘氣：「全氣(hei33)」		
2853	拳	羣	山	仙B	合	三	平	見	kʰ	un	22	5	kʰun22	k	un	4	4	kun4			
2854	權	羣	山	仙B	合	三	平	見	kʰ	un	22	5	kʰun22	k	un	4	4	kun4			
2855	泉	從	山	仙A	合	三	平	精	tʰ	un	22	5	tʰun22	t	un	4	4	tun4			
2856	痊	清	山	仙A	合	三	平	精	tʰ	un	22	5	tʰun22	t	un	4	4	tun4			
2857	蜷	羣	山	仙B	合	三	平	見	kʰ	un	22	5	kʰun22	k	un	4	4	kun4			
2858	詮	清	山	仙A	合	三	平	精	tʰ	un	22	5	tʰun22	t	un	4	4	tun4			
2859	銓	清	山	仙A	合	三	平	精	ɬ	un	32	4	ɬun32	sl	un	6	5	slun6			
2860	犬	溪	山	先	合	四	上	見	h	un	55	4	hun55	h	un	2	4	hun2	蚯蚓：」黃(ʋɔŋ22)犬」		
2861	券	溪	山	元	合	三	去	見	h	un	11	4	hun11	h	un	5	4	hun5			
2862	勸	溪	山	元	合	三	去	見	h	un	33	4	hun33	h	un	1	4	hun1			
2863	缺	溪	山	先	合	四	入	見	h	ut	55	4	hut55	h	ut	7	4	hut7			
2864	卻	見	宕	陽	開	三	入	見	kʰ	ik	55	5	kʰik55	k	iik	7	5	kiik7			
2865	確	溪	江	江	開	二	入	見	kʰ	ɔk	55	5	kʰɔk55	k	ok	7	4	kok7	表「真是的」，含有責怪意味：「確係真係」		
2866	雀	精	宕	陽	開	三	入	精	t	ik	55	4	tik55	d	iik	7	5	diik7	本讀，「禾雀」丨「孔雀」丨「麻雀（麻將）」		
2867	雀	精	宕	陽	開	三	入	精	t	ik	11	4	tik11	d	iik	10	5	diik10	變調，「雀仔(tuɔi55)」丨「雀竇(ʔai11)」「一雀（麻將）」		
2868	群	羣	臻	文	合	三	平	見	kʰ	un	22	5	kʰun22	k	un	4	4	kun4			
2869	裙	羣	臻	文	合	三	平	見	kʰ	un	22	5	kʰun22	k	un	4	4	kun4			
2870	然	日	山	仙A	開	三	平	日	ŋ	ɐn	22	4	ŋɐn22	ng	an	4	5	ngan4			
2871	燃	日	山	仙A	開	三	平	日	ŋ	ɐn	22	4	ŋɐn22	ng	an	4	5	ngan4			
2872	冉	日	咸	鹽A	開	三	上	日	ŋ	iɛm	11	5	ŋiɛm11	ng	iem	5	6	ngiem5			
2873	染	日	咸	鹽A	開	三	上	日	ŋ	iɛm	11	5	ŋiɛm11	ng	iem	5	6	ngiem5	文讀，「傳染」丨「污染」		
2874	染	日	咸	鹽A	開	三	上	日	ŋ	iɛm	33	5	ŋiɛm33	ng	iem	1	6	ngiem1	白讀，「染色」		
2875	苒	日	咸	鹽A	開	三	上	日	ŋ	iɛm	11	5	ŋiɛm11	ng	iem	5	6	ngiem5			
2876	嚷	#N/A	#N/A	#N/A	#N/A	#N/A	#N/A	#N/A	ŋ	iŋ	32	4	ŋiŋ32	ng	iing	6	7	ngiing6			
2877	壤	日	宕	陽	開	三	上	日	ŋ	iŋ	11	4	ŋiŋ11	ng	iing	5	7	ngiing5			
2878	攘	日	宕	陽	開	三	平	日	ŋ	iŋ	11	4	ŋiŋ11	ng	iing	5	7	ngiing5			
2879	讓	日	宕	陽	開	三	去	日	ŋ	iŋ	32	4	ŋiŋ32	ng	iing	6	7	ngiing6			
2880	擾	日	效	宵A	開	三	上	日	ŋ	iɐu	11	5	ŋiɐu11	ng	iau	5	6	ngiau5			
2881	繞	日	效	宵A	開	三	上	日	ŋ	iɐu	11	5	ŋiɐu11	ng	iau	5	6	ngiau5			
2882	惹	日	假	麻	開	三	上	日	ŋ	iɛ	11	4	ŋiɛ11	ng	ie	5	5	ngie5	文讀，「招惹」		
2883	惹	日	假	麻	開	三	上	日	ŋ	iɛ	55	4	ŋiɛ55	ng	ie	2	5	ngie2	白讀，傳染：「感冒惹俾我」		
2884	熱	日	山	仙A	開	三	入	日	ŋ	ɐt	32	4	ŋɐt32	ng	at	9	5	ngat9	{1}悶熱：「郁熱(ŋɐt115)」；{2}熱得臉發紅：四字詞 「面紅(həŋ22)耳熱」		
2885	人	日	臻	真A	開	三	平	日	ŋ	in	22	4	ŋin22	ng	in	4	5	ngin4	{1}表示籍貫：「人女」；{2}孫子對奶奶的稱呼：「人」；{3}媳婦對家婆的稱呼：「安人」；{4}形容每個人都有不同的習慣、信仰、選擇等等，又同「各了各人」：四字詞 「各(kɔk33)有(jiu33)各(kɔk33)人」		
2886	仁	日	臻	真A	開	三	平	日	ŋ	in	22	4	ŋin22	ng	in	4	5	ngin4			
2887	壬	日	深	侵A	開	三	平	日	ŋ	im	22	4	ŋim22	ng	im	4	5	ngim4			
2888	忍	日	臻	真A	開	三	上	日	ŋ	in	11	4	ŋin11	ng	in	5	5	ngin5	文讀，{1}忍者；{2}眼皮底下：「眼忍(ŋin115)」		
2889	忍	日	臻	真A	開	三	上	日	ŋ	in	33	4	ŋin33	ng	in	1	5	ngin1	白讀，形容感到反胃，或形容物品令人作嘔：「忍(ŋin33)肉(ŋək11)」丨四字詞 「忍(ŋin33)忍(ŋin33)肉(ŋək11)肉(ŋək11)」		
2890	忍	日	臻	真A	開	三	上	日	ŋ	in	55	4	ŋin55	ng	in	2	5	ngin2	變調，動詞，皺著皮膚：「忍面」		
2891	稔	日	深	侵A	開	三	上	日	n	im	11	4	nim11	n	im	5	4	nim5			
2892	仞	日	臻	真A	開	三	去	日	j	in	32	4	jin32	j	in	6	4	jin6			
2893	任	日	深	侵A	開	三	去	日	ŋ	im	32	4	ŋim32	ng	im	6	5	ngim6	不需要精細分工，而用原來的一體式物件直接用：「任罉吃」丨「任袋灑」		
2894	刃	日	臻	真A	開	三	去	日	j	in	32	4	jin32	j	in	6	4	jin6			
2895	紉	孃	臻	真B	開	三	平	知	j	in	32	4	jin32	j	in	6	4	jin6			
2896	認	日	臻	真A	開	三	去	日	ŋ	in	32	4	ŋin32	ng	in	6	5	ngin6			
2897	韌	日	臻	真A	開	三	去	日	ŋ	in	32	4	ŋin32	ng	in	6	5	ngin6	文讀，「堅韌」		
2898	韌	日	臻	真A	開	三	去	日	ŋ	in	33	4	ŋin33	ng	in	1	5	ngin1	白讀，形容食物過於韌硬，難以咀嚼：四字詞 「韌(ŋin33)牙(ŋa22)韌(ŋin33)齒」		
2899	韌	日	臻	真A	開	三	去	日	ŋ	in	11	4	ŋin11	ng	in	5	5	ngin5	變調，形容小孩不聽使喚，固執的性格：四字詞 「牛(ŋai22)皮(pʰei22)肉(ŋək32)韌(ŋin11)」		
2900	飪	日	深	侵A	開	三	上	日	ŋ	im	32	4	ŋim32	ng	im	6	5	ngim6			
2901	扔	日	曾	蒸	開	三	平	日	ŋ	ɐn	22	4	ŋɐn22	ng	an	4	5	ngan4			
2902	仍	日	曾	蒸	開	三	平	日	ŋ	ɐn	22	4	ŋɐn22	ng	an	4	5	ngan4			
2903	日	日	臻	真A	開	三	入	日	ŋ	it	32	4	ŋit32	ng	it	9	5	ngit9	文讀，「日期」丨「日頭(hai11)」丨「開日頭(hai11)（出太陽）」		
2904	日	日	臻	真A	開	三	入	日	ŋ	it	11	4	ŋit11	ng	it	10	5	ngit10	變調，{1}白天：「日(ŋit115)」丨「日啊(ʔa55)」；{2}一天：「日(ŋit33)日(ŋit11)（每天）」丨「後(hai11)日（後天）」丨「前(tʰɐn22)啊(ʔa33)日(ŋit115)（前天）」；{3}太陽：「日(ŋit115)」		
2905	日	日	臻	真A	開	三	入	日	ŋ	it	33	4	ŋit33	ng	it	8	5	ngit8	白讀，「一日」丨「日(ŋit33)日(ŋit11)」		
2906	容	以	通	鍾	開	三	平	以	j	əŋ	22	4	jəŋ22	j	eang	4	6	jeang4	{1}功勞：「功容」丨「講功講容（斤斤計較）」；{2}小題大做、挑剔：「形容」		
2907	嶸	云	梗	庚	合	三	平	影	ʋ	ɐn	22	4	ʋɐn22	v	an	4	4	van4			
2908	榕	#N/A	#N/A	#N/A	#N/A	#N/A	#N/A	#N/A	j	əŋ	22	4	jəŋ22	j	eang	4	6	jeang4			
2909	榮	云	梗	庚	合	三	平	影	ʋ	ɐn	22	4	ʋɐn22	v	an	4	4	van4			
2910	溶	以	通	鍾	開	三	平	以	j	əŋ	22	4	jəŋ22	j	eang	4	6	jeang4			
2911	熔	#N/A	#N/A	#N/A	#N/A	#N/A	#N/A	#N/A	j	əŋ	22	4	jəŋ22	j	eang	4	6	jeang4			
2912	絨	日	通	東	開	三	平	日	ŋ	əŋ	22	4	ŋəŋ22	ng	eang	4	7	ngeang4			
2913	茸	日	通	鍾	開	三	平	日	ŋ	əŋ	22	4	ŋəŋ22	ng	eang	4	7	ngeang4			
2914	蓉	以	通	鍾	開	三	平	以	j	əŋ	22	4	jəŋ22	j	eang	4	6	jeang4	文讀，「芙蓉」		
2915	蓉	以	通	鍾	開	三	平	以	ŋ	əŋ	22	4	ŋəŋ22	ng	eang	4	7	ngeang4	白讀，「蒜蓉」		
2916	融	以	通	東	開	三	平	以	j	əŋ	22	4	jəŋ22	j	eang	4	6	jeang4			
2917	鎔	以	通	鍾	開	三	平	以	j	əŋ	22	4	jəŋ22	j	eang	4	6	jeang4			
2918	揉	日	流	尤	開	三	平	日	ŋ	iɐu	22	5	ŋiɐu22	ng	iau	4	6	ngiau4			
2919	柔	日	流	尤	開	三	平	日	ŋ	iɐu	22	5	ŋiɐu22	ng	iau	4	6	ngiau4			
2920	肉	日	通	東	開	三	入	日	ŋ	ək	32	4	ŋək32	ng	eak	9	6	ngeak9	本讀，包裹骨骼的柔軟組織：「豬肉」丨「吃肉」丨 四字詞 「牛(ŋai22)皮(pʰei22)肉(ŋək32)韌(ŋin11)（形容小孩不聽使喚，固執的性格）」		
2921	肉	日	通	東	開	三	入	日	ŋ	ək	11	4	ŋək11	ng	eak	10	6	ngeak10	變調，{1}包裹骨骼的柔軟組織：「螺(lou11)肉」丨「冇肉」丨「生肉（長胖）」丨四字詞 「點肉(ŋək11)點血(hut33)（形容氣色好）」；{2} 形容感到反胃，或形容物品令人作嘔：「忍(ŋin33)肉(ŋək11)」丨四字詞 「忍(ŋin33)忍(ŋin33)肉(ŋək11)肉(ŋək11)」		
2922	儒	日	遇	虞	合	三	平	日	j	i	22	3	ji22	j	i	4	3	ji4			
2923	如	日	遇	魚	開	三	平	日	ŋ	ui	22	4	ŋui22	ng	ui	4	5	ngui4			
2924	茹	日	遇	魚	開	三	平	日	ŋ	ui	22	4	ŋui22	ng	ui	4	5	ngui4			
2925	乳	日	遇	虞	合	三	上	日	ŋ	ui	11	4	ŋui11	ng	ui	5	5	ngui5			
2926	辱	日	通	鍾	開	三	入	日	j	ək	32	4	jək32	j	eak	9	5	jeak9			
2927	入	日	深	侵A	開	三	入	日	j	ip	32	4	jip32	j	ip	9	4	jip9	小孩子不聽話，怎麼教也無濟於事：四字詞 「不入教化」		
2928	褥	日	通	鍾	開	三	入	日	ŋ	ək	32	4	ŋək32	ng	eak	9	6	ngeak9			
2929	軟	日	山	仙A	合	三	上	日	ŋ	un	33	4	ŋun33	ng	un	1	5	ngun1	軟餅：「軟隱(jin115)」		
2930	阮	疑	山	元	合	三	平	見	ŋ	un	11	4	ŋun11	ng	un	5	5	ngun5			
2931	瑞	常	止	支A	合	三	去	章	ɬ	ui	32	4	ɬui32	sl	ui	6	5	slui6			
2932	銳	以	蟹	祭A	合	三	去	以	j	ui	32	4	jui32	j	ui	6	4	jui6			
2933	潤	日	臻	真A	合	三	去	日	ŋ	uɔn	32	5	ŋuɔn32	ng	uon	6	6	nguon6	文讀，「滋潤」		
2934	潤	日	臻	真A	合	三	去	日	ŋ	un	32	4	ŋun32	ng	un	6	5	ngun6	白讀，本應脆的食物變軟：「塊餅乾潤啊(ʔa33)」		
2935	閏	日	臻	真A	合	三	去	日	ŋ	uɔn	32	5	ŋuɔn32	ng	uon	6	6	nguon6	文讀，「閏年」		
2936	閏	日	臻	真A	合	三	去	日	ŋ	un	32	4	ŋun32	ng	un	6	5	ngun6	白讀，「閏啊(ʔa33)一年」		
2937	弱	日	宕	陽	開	三	入	日	ŋ	ik	32	4	ŋik32	ng	iik	9	6	ngiik9			
2938	篛	#N/A	#N/A	#N/A	#N/A	#N/A	#N/A	#N/A	ŋ	ik	32	4	ŋik32	ng	iik	9	6	ngiik9			
2939	若	日	宕	陽	開	三	入	日	ŋ	ik	32	4	ŋik32	ng	iik	9	6	ngiik9			
2940	撒	#N/A	#N/A	#N/A	#N/A	#N/A	#N/A	#N/A	ɬ	ɔt	33	4	ɬɔt33	sl	ot	8	5	slot8			
2941	灑	生	止	支B	開	三	上	莊	s	a	55	3	sa55	s	aa	2	4	saa2	本讀，{1}大範圍地摸：「盲眼灑雞(kɔi335)（捂眼摸人的遊戲）」；{2}程度大：四字詞 「大灑大揦（花錢沒節制、做事沒分寸）」丨四字詞 「闊廊大灑（指寬敞，形容建築物的內部）」		
2942	灑	#N/A	#N/A	#N/A	#N/A	#N/A	#N/A	#N/A	s	ɔi	55	4	sɔi55	s	oi	2	4	soi2	訓讀，動詞，雨水淋：「行過來唔好俾水sɔi55」		
2943	卅	心	咸	覃	開	一	入	精	ɬ	ap	32	4	ɬap32	sl	aap	9	6	slaap9			
2944	薩	心	山	寒	開	一	入	精	ɬ	ɔt	33	4	ɬɔt33	sl	ot	8	5	slot8			
2945	塞	心	曾	登	開	一	入	精	ɬ	ak	55	4	ɬak55	sl	aak	7	6	slaak7	{1}「塞車(tsʰiɛ33)」；{2}打嗝：「塞嗝(ʔək55)」		
2946	塞	心	蟹	咍	開	一	去	精	s	uɔi	33	5	suɔi33	s	uoi	1	5	suoi1	「要塞」		
2947	腮	#N/A	#N/A	#N/A	#N/A	#N/A	#N/A	#N/A	ɬ	uɔi	33	5	ɬuɔi33	sl	uoi	1	6	sluoi1	本讀，「魚腮」		
2948	腮	#N/A	#N/A	#N/A	#N/A	#N/A	#N/A	#N/A	ɬ	uɔi	11	5	ɬuɔi11	sl	uoi	5	6	sluoi5	變調，{1}腮腺炎：「生(saŋ33)沙(sa33)腮」；{2}下巴：「下(ha32)腮」		
2949	鰓	心	蟹	咍	開	一	平	精	ɬ	uɔi	33	5	ɬuɔi33	sl	uoi	1	6	sluoi1			
2950	賽	心	蟹	咍	開	一	去	精	s	uɔi	33	5	suɔi33	s	uoi	1	5	suoi1			
2951	三	心	咸	談	開	一	平	精	ɬ	am	33	4	ɬam33	sl	aam	1	6	slaam1	本讀，{1}數字三：四字詞 「三(ɬam33)四(ɬei33)撈(lau33)雜（指東西擺放混亂）」丨四字詞「三(ɬam33)更(kaŋ33)五鼓（三更半夜）」丨四字詞 「三(ɬam33)頭(hai22)兩千（形容數目少）」丨四字詞 「一眼三(ɬam33)睄（眼看八方）」；{2}不正經，不知羞恥：「無三(ɬam33)」丨四字詞 「無三(ɬam33)狗𡳞（用於好色、荒唐、有味的調侃，形容人不正經）」丨四字詞 「無三(ɬam33)無四(ɬei115)（形容人或事物不靠譜，不著邊際）」；{3}小朋友：「三民(min55)仔(tuɔi55)」；{4}紅杉魚：「紅(həŋ22)三(ɬam335)」		
2952	三	心	咸	談	開	一	平	精	ɬ	am	11	4	ɬam11	sl	aam	5	6	slaam5	變調，{1}撲克牌玩法：「三(ɬam11)花(fa115)」；{2}輩分稱呼：「阿三(ɬam11)」		
2953	傘	心	山	寒	開	一	上	精	ɬ	ɔn	33	4	ɬɔn33	sl	on	1	5	slon1			
2954	散	心	山	寒	開	一	去	精	ɬ	ɔn	33	4	ɬɔn33	sl	on	1	5	slon1	{1}傷口逐漸恢復：「個疤散啊(ʔa33)」；{2}「散步」丨「擴散」		
2955	散	心	山	寒	開	一	上	精	ɬ	ɔn	55	4	ɬɔn55	sl	on	2	5	slon2	{1}「散文」；{2}拖拉，動作慢：「散慢」；{3}零錢：「散紙」		
2956	喪	心	宕	唐	開	一	平	精	ɬ	ɔŋ	33	4	ɬɔŋ33	sl	ong	1	6	slong1			
2957	桑	心	宕	唐	開	一	平	精	ɬ	ɔŋ	33	4	ɬɔŋ33	sl	ong	1	6	slong1	本讀，「滄桑」		
2958	桑	心	宕	唐	開	一	平	精	ɬ	ɔŋ	11	4	ɬɔŋ11	sl	ong	5	6	slong5	變調，「桑葉(jiɛp11)」		
2959	嗓	#N/A	#N/A	#N/A	#N/A	#N/A	#N/A	#N/A	ɬ	ɔŋ	11	4	ɬɔŋ11	sl	ong	5	6	slong5			
2960	搔	心	效	豪	開	一	平	精	ɬ	au	33	4	ɬau33	sl	aau	1	6	slaau1			
2961	騷	心	效	豪	開	一	平	精	ɬ	au	33	4	ɬau33	sl	aau	1	6	slaau1			
2962	嫂	心	效	豪	開	一	上	精	ɬ	au	55	4	ɬau55	sl	aau	2	6	slaau2			
2963	掃	心	效	豪	開	一	上	精	ɬ	au	33	4	ɬau33	sl	aau	1	6	slaau1			
2964	澀	生	深	侵B	開	三	入	莊	s	əp	55	4	səp55	s	eap	7	5	seap7	文讀，{1}「苦澀」；{2}粗糙：「澀遢(tʰɔt33)遢(tʰɔt33)」；{3}剪：「澀tiɐu11張紙佢」		
2965	澀	生	深	侵B	開	三	入	莊	k	iɛp	33	5	kiɛp33	g	iep	8	5	giep8	白讀，味道苦：「澀口」		
2966	澀	生	深	侵B	開	三	入	莊	n	ɐt	55	4	nɐt55	n	at	7	4	nat7	訓讀，味道苦：「乃涼茶澀嘅」		
2967	澀	生	深	侵B	開	三	入	莊	s	ap	55	4	sap55	s	aap	7	5	saap7	səp55的變調，剪：「澀tiɐu11張紙佢」		
2968	色	生	曾	蒸	開	三	入	莊	s	ɐt	55	4	sɐt55	s	at	7	4	sat7	本讀，「顏色」丨「雞(kɔi33)屎色（棕色）」		
2969	色	生	曾	蒸	開	三	入	莊	s	iɛt	55	5	siɛt55	s	iet	7	5	siet7	訓讀，骰子：「色」		
2970	森	生	深	侵B	開	三	平	莊	s	əm	22	4	səm22	s	eam	4	5	seam4			
2971	僧	心	曾	登	開	一	平	精	ɬ	aŋ	33	4	ɬaŋ33	sl	aang	1	7	slaang1	本讀，「僧人」		
2972	僧	心	曾	登	開	一	平	精	t	aŋ	33	4	taŋ33	d	aang	1	6	daang1	習讀：「唐僧」		
2973	殺	生	山	山	開	二	入	莊	s	ɔt	55	4	sɔt55	s	ot	7	4	sot7	本讀，「殺蟲」丨「暗(ʔam55)殺」		
2974	殺	生	山	山	開	二	入	莊	s	ɔt	33	4	sɔt33	s	ot	8	4	sot8	又讀，{1}殺人；{2}小題大做：「殺勢(sɔi33)」丨「殺屎」		
2975	沙	生	假	麻	開	二	平	莊	s	a	33	3	sa33	s	aa	1	4	saa1	本讀，{1}「沙和尚」；{2}囂張：「沙塵」		
2976	沙	生	假	麻	開	二	平	莊	s	a	11	3	sa11	s	aa	5	4	saa5	變調，「沙漠」丨「一粒沙」		
2977	砂	生	假	麻	開	二	平	莊	s	a	33	3	sa33	s	aa	1	4	saa1			
2978	紗	生	假	麻	開	二	平	莊	s	a	33	3	sa33	s	aa	1	4	saa1			
2979	莎	心	果	歌	合	一	平	精	s	a	33	3	sa33	s	aa	1	4	saa1			
2980	鯊	生	假	麻	開	二	平	莊	s	a	33	3	sa33	s	aa	1	4	saa1			
2981	傻	生	假	麻	合	二	上	莊	s	uɔ	11	4	suɔ11	s	uo	5	4	suo5			
2982	廈	匣	假	麻	開	二	上	影	h	a	32	3	ha32	h	aa	6	4	haa6			
2983	篩	生	止	脂B	開	三	平	莊	s	ɔi	33	4	sɔi33	s	oi	1	4	soi1			
2984	曬	#N/A	#N/A	#N/A	#N/A	#N/A	#N/A	#N/A	s	ɔi	33	4	sɔi33	s	oi	1	4	soi1	天台、天棚：「曬棚」		
2985	刪	生	山	刪	開	二	平	莊	s	ɔn	33	4	sɔn33	s	on	1	4	son1			
2986	姍	心	山	寒	開	一	平	精	s	ɔn	33	4	sɔn33	s	on	1	4	son1			
2987	山	生	山	山	開	二	平	莊	s	ɔn	33	4	sɔn33	s	on	1	4	son1	本讀，{1}「台山」；{2}住在交通不便的地方的人：「山尾(mei55)佬」；{3}拉一粒粒的屎：「屙屎山(sɔn335)」；{4}形容固執，或者是不會變通的人：四字詞 「死梗蠻山(sɔn33)」；{5}隔著山猜牛，比喻無憑無據地盲猜：「隔山(sɔn33)估牛(ŋai22)」		
2988	山	生	山	山	開	二	平	莊	s	ɔn	11	4	sɔn11	s	on	5	4	son5	變調，{1}登上山：「上(siŋ33)山」；{2}地名：「址山」		
2989	搧	#N/A	#N/A	#N/A	#N/A	#N/A	#N/A	#N/A	s	iɛn	33	5	siɛn33	s	ien	1	5	sien1	打巴掌：「搧你一巴掌」		
2990	杉	生	咸	咸	開	二	平	莊	tsʰ	am	33	6	tsʰam33	c	aam	1	5	caam1			
2991	篸	精	咸	覃	開	一	去	精	tsʰ	am	55	6	tsʰam55	c	aam	2	5	caam2	裝垃圾的東西：「垃圾篸」		
2992	煽	書	山	仙A	開	三	平	章	s	iɛn	33	5	siɛn33	s	ien	1	5	sien1			
2993	珊	心	山	寒	開	一	平	精	s	ɔn	33	4	sɔn33	s	on	1	4	son1			
2994	衫	生	咸	銜	開	二	平	莊	s	am	33	4	sam33	s	aam	1	5	saam1	本讀，「衣衫不整」		
2995	衫	生	咸	銜	開	二	平	莊	s	am	11	4	sam11	s	aam	5	5	saam5	變調，「著(tsik33)衫」丨「一件衫」		
2996	衫	生	咸	銜	開	二	平	莊	s	am	55	4	sam55	s	aam	2	5	saam2	sam11的變調，「裇衫（恤衫）」丨「笠(lap55)衫」丨「唥(laŋ55)衫」		
2997	跚	心	山	寒	開	一	平	精	s	ɔn	33	4	sɔn33	s	on	1	4	son1			
2998	閃	書	咸	鹽A	開	三	上	章	s	iɛm	55	5	siɛm55	s	iem	2	5	siem2	文讀，{1}「閃電」；{2}躲開：「閃埋(muɔi22)」		
2999	閃	書	咸	鹽A	開	三	上	章	s	iɛp	33	5	siɛp33	s	iep	8	5	siep8	白讀，{1}光影變化：「天(hɐn33)閃」丨「條腰閃啊(ʔa33)」；{2}燈泡失靈：「盞電閃啊(ʔa33)」		
3000	陝	書	咸	鹽A	開	三	上	章	s	iɛm	55	5	siɛm55	s	iem	2	5	siem2			
3001	善	常	山	仙A	開	三	上	章	s	iɛn	32	5	siɛn32	s	ien	6	5	sien6	死亡，貶義：「我 個仇人善啊(ʔa33)啦(la33)」		
3002	扇	書	山	仙A	開	三	平	章	s	iɛn	33	5	siɛn33	s	ien	1	5	sien1	本讀，{1}「一把扇」；{2}撲克牌黑桃：「葵(kʰei11)扇(siɛn33)」，亦讀「葵(kʰei22)扇(siɛn11)」		
3003	扇	書	山	仙A	開	三	平	章	s	iɛn	11	5	siɛn11	s	ien	5	5	sien5	變調，撲克牌黑桃：「葵(kʰei11)扇(siɛn33)」，亦讀「葵(kʰei22)扇(siɛn11)」		
3004	擅	常	山	仙A	開	三	去	章	s	iɛn	32	5	siɛn32	s	ien	6	5	sien6			
3005	繕	常	山	仙A	開	三	去	章	s	iɛn	32	5	siɛn32	s	ien	6	5	sien6			
3006	傷	書	宕	陽	開	三	平	章	s	iŋ	33	4	siŋ33	s	iing	1	6	siing1	文讀，「傷口」		
3007	傷	書	宕	陽	開	三	平	章	s	iŋ	55	4	siŋ55	s	iing	2	6	siing2	白讀，動詞，受傷：「傷啊(ʔa33)個鼻」		
3008	商	書	宕	陽	開	三	平	章	s	iŋ	33	4	siŋ33	s	iing	1	6	siing1			
3009	晌	#N/A	#N/A	#N/A	#N/A	#N/A	#N/A	#N/A	h	iŋ	55	4	hiŋ55	h	iing	2	6	hiing2			
3010	賞	書	宕	陽	開	三	上	章	s	iŋ	55	4	siŋ55	s	iing	2	6	siing2	形容詞，頑皮、不聽話：「獪(kʰɔi22)賞」		
3011	上	常	宕	陽	開	三	去	章	s	iŋ	32	4	siŋ32	s	iing	6	6	siing6	{1}方位名詞：「上頭(hai22)（上面）」丨「在上」丨「上海」；{2}鹽巴：「上味(mei325)；{3}差不多、有一定程度、過一會：「上下(ha115」丨「你上下(ha115)就關火」		
3012	上	常	宕	陽	開	三	上	章	s	iŋ	33	4	siŋ33	s	iing	1	6	siing1	{1}方位動詞：「上去」丨「上台城」；{2}形容人很懶，做工作的時候動來動去就是不做：四字詞 「牽上(siŋ33)努下(ha33)」		
3013	尚	常	宕	陽	開	三	平	章	s	iŋ	32	4	siŋ32	s	iing	6	6	siing6			
3014	燒	書	效	宵A	開	三	平	章	s	iɐu	33	5	siɐu33	s	iau	1	5	siau1	本讀，「燃燒」		
3015	燒	書	效	宵A	開	三	平	章	s	au	33	4	sau33	s	aau	1	5	saau1	變調，「燒酒」		
3016	稍	生	效	肴	開	二	去	莊	s	au	55	4	sau55	s	aau	2	5	saau2			
3017	韶	常	效	宵A	開	三	平	章	s	iɐu	22	5	siɐu22	s	iau	4	5	siau4			
3018	少	書	效	宵A	開	三	去	章	s	iɐu	33	5	siɐu33	s	iau	1	5	siau1	「少年」		
3019	少	書	效	宵A	開	三	上	章	s	iɐu	55	5	siɐu55	s	iau	2	5	siau2	「飯量少」		
3020	劭	常	效	宵A	開	三	去	章	s	iɐu	32	5	siɐu32	s	iau	6	5	siau6			
3021	哨	心	效	宵A	開	三	平	精	s	au	33	4	sau33	s	aau	1	5	saau1			
3022	紹	常	效	宵A	開	三	上	章	s	iɐu	32	5	siɐu32	s	iau	6	5	siau6			
3023	邵	常	效	宵A	開	三	去	章	s	iɐu	32	5	siɐu32	s	iau	6	5	siau6			
3024	奢	書	假	麻	開	三	平	章	tsʰ	iɛ	33	6	tsʰiɛ33	c	ie	1	4	cie1			
3025	舌	匣	山	刪	合	二	入	影	s	iɛt	11	5	siɛt11	s	iet	10	5	siet10			
3026	蛇	船	假	麻	開	三	平	章	s	iɛ	22	4	siɛ22	s	ie	4	4	sie4	形容吃得很飽，像蛇一樣撐著：「飽啊(ʔa33)蛇」丨「飽嗮蛇」		
3027	蛇	以	止	支A	開	三	平	以	j	i	22	3	ji22	j	i	4	3	ji4	「虛與委蛇」		
3028	捨	書	假	麻	開	三	上	章	s	iɛ	55	4	siɛ55	s	ie	2	4	sie2	「捨衣」即「燒衣紙」		
3029	射	船	假	麻	開	三	去	章	s	iɛ	32	4	siɛ32	s	ie	6	4	sie6	{1}打擊：「打(ʔa55)牛(ŋai22)射馬(ma11)（明面上打牛，實質上打起射馬的注意，有聲東擊西、指桑罵槐、醉翁之意不在酒的意思）」；{2}影射：「你射(siɛ32)啊(ʔa11)射(siɛ325)，我知你講我」		
3030	攝	泥	咸	添	開	四	入	端	n	iɛp	55	5	niɛp55	n	iep	7	5	niep7			
3031	社	常	假	麻	開	三	上	章	s	iɛ	11	4	siɛ11	s	ie	5	4	sie5			
3032	舍	書	假	麻	開	三	上	章	s	iɛ	55	4	siɛ55	s	ie	2	4	sie2	同「捨」		
3033	舍	書	假	麻	開	三	去	章	s	iɛ	33	4	siɛ33	s	ie	1	4	sie1	「宿舍」		
3034	設	書	山	仙A	開	三	入	章	s	iɛt	55	5	siɛt55	s	iet	7	5	siet7			
3035	赦	書	假	麻	開	三	去	章	s	iɛ	33	4	siɛ33	s	ie	1	4	sie1			
3036	伸	書	臻	真A	開	三	平	章	s	in	33	4	sin33	s	in	1	4	sin1			
3037	呻	書	臻	真A	開	三	平	章	s	in	33	4	sin33	s	in	1	4	sin1			
3038	深	書	深	侵A	開	三	平	章	s	im	33	4	sim33	s	im	1	4	sim1			
3039	申	書	臻	真A	開	三	平	章	s	in	33	4	sin33	s	in	1	4	sin1			
3040	紳	書	臻	真A	開	三	平	章	s	in	33	4	sin33	s	in	1	4	sin1			
3041	身	書	臻	真A	開	三	平	章	s	in	33	4	sin33	s	in	1	4	sin1	本讀，{1}換衣服：「換身」；{2}形容人什麼都不帶直接出門：「空身(sin33)凈(tiɐŋ321)頸」；{3}弄得滿身都是：四字詞 「滿身(sin33)滿盛」		
3042	身	書	臻	真A	開	三	平	章	s	in	11	4	sin11	s	in	5	4	sin5	變調，「側身」指「側邊」		
3043	神	船	臻	真A	開	三	平	章	s	in	22	4	sin22	s	in	4	4	sin4	指吃東西或分配東西過於保守、冷淡、小氣，或不慍不火，多數貶義，用於調侃：「均神」		
3044	嬸	#N/A	#N/A	#N/A	#N/A	#N/A	#N/A	#N/A	s	im	55	4	sim55	s	im	2	4	sim2			
3045	審	書	深	侵A	開	三	上	章	s	im	55	4	sim55	s	im	2	4	sim2			
3046	沈	澄	深	侵B	開	三	平	知	tsʰ	im	22	6	tsʰim22	c	im	4	4	cim4	同「沈」		
3047	沈	書	深	侵A	開	三	上	章	s	im	55	4	sim55	s	im	2	4	sim2	「沈括」		
3048	瀋	昌	深	侵A	開	三	上	章	s	im	55	4	sim55	s	im	2	4	sim2	「瀋陽」		
3049	慎	常	臻	真A	開	三	去	章	s	in	32	4	sin32	s	in	6	4	sin6			
3050	滲	生	深	侵B	開	三	去	莊	s	im	33	4	sim33	s	im	1	4	sim1			
3051	甚	常	深	侵A	開	三	上	章	s	im	32	4	sim32	s	im	6	4	sim6			
3052	腎	常	臻	真A	開	三	上	章	s	un	11	4	sun11	s	un	5	4	sun5			
3053	胥	心	遇	魚	開	三	平	精	ɬ	ui	32	4	ɬui32	sl	ui	6	5	slui6			
3054	葚	船	深	侵A	開	三	上	章	s	im	32	4	sim32	s	im	6	4	sim6			
3055	升	書	曾	蒸	開	三	平	章	s	ɐn	33	4	sɐn33	s	an	1	4	san1			
3056	昇	書	曾	蒸	開	三	平	章	s	ɐn	33	4	sɐn33	s	an	1	4	san1			
3057	牲	生	梗	庚	開	二	平	莊	s	aŋ	33	4	saŋ33	s	aang	1	6	saang1			
3058	生	生	梗	庚	開	二	平	莊	s	aŋ	33	4	saŋ33	s	aang	1	6	saang1	本讀，{1}消遣：「生藝(ŋɔi325)」；{2}無所畏懼：「唔怕生唔怕爛」；{3}本來形容出麻疹，後引申為罵人用語：「生瘋」丨「生瘋屎」；{4}咒人死：「生黑豆(hai115)」；{5}餓鬼上身：「生餓(ŋou325)」；{6}煮出的飯不好吃：四字詞 「生(saŋ33)米爛飯」；{7}形容水不熟，引申為食物不熟：四字詞 「生(saŋ33)水肫( kʰ in11)哽( kʰaŋ11)」；{8}形容很難娶老婆的人：四字詞 「惡(ʔɔk33) tiɛp11 年生(saŋ33)」；{9}新鮮：「生鮮(ɬɐn33)」；{10}：駝背：「生(saŋ33)龜(kei335)」		
3059	生	生	梗	庚	開	二	平	莊	s	aŋ	11	4	saŋ11	s	aang	5	6	saang5	變調，{1}年輕：「頭生(saŋ11)」丨四字詞 「頭(hai22)生(saŋ11)遙遙」；{2}硬生(saŋ11)硬生(saŋ115)：形容東西硬硬的；{3}「野生」		
3060	甥	生	梗	庚	開	二	平	莊	s	aŋ	33	4	saŋ33	s	aang	1	6	saang1			
3061	笙	生	梗	庚	開	二	平	莊	s	aŋ	33	4	saŋ33	s	aang	1	6	saang1			
3062	聲	書	梗	清A	開	三	平	章	s	ɐn	33	4	sɐn33	s	an	1	4	san1	文讀，「聲音」		
3063	聲	書	梗	清A	開	三	平	章	s	iɐŋ	33	5	siɐŋ33	s	iang	1	6	siang1	白讀，「大聲」丨「住聲（叫小朋友不要哭了）」；{}一言不發：四字詞 「唔知(tsi33)尐(nit55)聲(siɐŋ335)」		
3064	聲	書	梗	清A	開	三	平	章	s	iɐŋ	11	5	siɐŋ11	s	iang	5	6	siang5	siɐŋ33的變調，{1}小心注意：「好(hau55)聲(siɐŋ11)」；{2}有口音：「僑聲」；{3}形容叫聲太大，以至於聲音都變得聲嘶力竭：四字詞 「召(tiu11)出子聲(siɐŋ11)」		
3065	繩	船	曾	蒸	開	三	平	章	s	ɐn	22	4	sɐn22	s	an	4	4	san4			
3066	省	生	梗	庚	開	三	上	莊	s	aŋ	55	4	saŋ55	s	aang	2	6	saang2	{1}擦拭：「省乾淨」；{2}指動物十二指腸，估計從「生腸」演變簡化而來）：「豬省」；{3}象棋上士的動作，估計從「上士」演變而來：「省士」		
3067	省	心	梗	清A	開	三	上	精	ɬ	iɐŋ	55	5	ɬiɐŋ55	sl	iang	2	7	sliang2	「反省」		
3068	剩	船	曾	蒸	開	三	去	章	ts	ɐn	32	5	tsɐn32	z	an	6	4	zan6			
3069	勝	書	曾	蒸	開	三	去	章	s	ɐn	33	4	sɐn33	s	an	1	4	san1			
3070	盛	常	梗	清A	開	三	去	章	s	ɐn	32	4	sɐn32	s	an	6	4	san6	弄得滿身都是：四字詞 「滿身(sin33)滿盛」		
3071	聖	書	梗	清A	開	三	去	章	s	ɐn	33	4	sɐn33	s	an	1	4	san1			
3072	失	書	臻	真A	開	三	入	章	s	it	55	4	sit55	s	it	7	4	sit7	{1}沒教養：「失教」；{2}丟失、消失：「失啊(ʔa33)個銀包」		
3073	屍	書	止	脂A	開	三	平	章	s	i	33	3	si33	s	i	1	3	si1			
3074	師	生	止	脂B	開	三	平	莊	ɬ	i	33	3	ɬi33	sl	i	1	4	sli1	形容詞，為人正式嚴肅、容不得半點錯：「師爺」丨「佢份人好師爺」		
3075	施	書	止	支A	開	三	平	章	s	i	33	3	si33	s	i	1	3	si1			
3076	溼	書	深	侵A	開	三	入	章	s	ip	55	4	sip55	s	ip	7	4	sip7	文讀，「風(fəŋ33)溼」丨「溼氣(hei33)」		
3077	溼	書	深	侵A	開	三	入	章	s	ik	33	4	sik33	s	iik	8	5	siik8	白讀，「溼水」丨「溼溚溚」		
3078	濕	書	深	侵A	開	三	入	章	s	ip	55	4	sip55	s	ip	7	4	sip7	文讀，「風(fəŋ33)濕」丨「濕氣(hei33)」		
3079	濕	書	深	侵A	開	三	入	章	s	ik	33	4	sik33	s	iik	8	5	siik8	白讀，「濕水」丨「濕溚溚」		
3080	獅	生	止	脂B	開	三	平	莊	ɬ	i	33	3	ɬi33	sl	i	1	4	sli1			
3081	蝨	生	臻	臻	開	三	入	莊	s	iɛt	55	5	siɛt55	s	iet	7	5	siet7			
3082	詩	書	止	之	開	三	平	章	s	i	33	3	si33	s	i	1	3	si1			
3083	什	常	深	侵A	開	三	入	章	s	im	32	4	sim32	s	im	6	4	sim6	「什麼」		
3084	什	常	深	侵A	開	三	入	章	t	ap	32	4	tap32	d	aap	9	5	daap9	「什錦」		
3085	十	常	深	侵A	開	三	入	章	s	ip	32	4	sip32	s	ip	9	4	sip9			
3086	實	船	臻	真A	開	三	入	章	s	it	32	4	sit32	s	it	9	4	sit9	肌肉強壯：「實格(kak33)格(kak33)」丨四字詞 「實實格(kak33)格(kak33)」		
3087	拾	常	深	侵A	開	三	入	章	s	ip	32	4	sip32	s	ip	9	4	sip9			
3088	時	常	止	之	開	三	平	章	s	i	22	3	si22	s	i	4	3	si4	本讀，{1}天氣：「天(hɐn33)時」丨四字詞 「好(hau55)天(hɐn33)好(hau55)時(si22)（天氣晴朗）」；{2}一句話、一個消息：「時文」；{3}當時馬上：「連(lɐn22)時」；{4}用在句末，指「話說回來」：「你唔使(suɔi55)怕時（雖然這樣，你也不用擔心」）」；{5}準時：四字詞 「依時(si22)依候」，又作「按時(si22)按候」、「到時(si22)到候」		
3089	時	常	止	之	開	三	平	章	s	i	11	3	si11	s	i	5	3	si5	變調，{1}以前：「舊時」；{2}還沒過一會：「未時」		
3090	石	常	梗	清A	開	三	入	章	s	iɐk	32	5	siɐk32	s	iak	9	5	siak9	本讀，「石修」丨「石岐」		
3091	石	常	梗	清A	開	三	入	章	s	iɐk	11	5	siɐk11	s	iak	10	5	siak10	變調，「石頭(hai11)」丨「石牯（石頭）」丨「蠻石（岩石）」		
3092	蝕	船	曾	蒸	開	三	入	章	s	ɐt	32	4	sɐt32	s	at	9	4	sat9	表示液體損耗的過程：「蝕水（太陽蒸發或布紙吸蝕致使水份流失）」丨「米粉蝕水（米粉很容易吸水）」丨「酒精蝕啊(ʔa33)了（酒精蒸發了）」		
3093	食	以	止	之	開	三	去	以	s	ɐt	32	4	sɐt32	s	at	9	4	sat9	憑藉出色的口才而得到好處：四字詞 「弄口得(ʔak33)食」		
3094	使	生	止	之	開	三	去	莊	ɬ	i	55	3	ɬi55	sl	i	2	4	sli2	「使者」		
3095	使	生	止	之	開	三	上	莊	s	uɔi	55	5	suɔi55	s	uoi	2	5	suoi2	「使用」丨「使力（用力）」		
3096	史	生	止	之	開	三	上	莊	ɬ	i	55	3	ɬi55	sl	i	2	4	sli2			
3097	始	書	止	之	開	三	上	章	tsʰ	ei	55	6	tsʰei55	c	ei	2	4	cei2			
3098	屎	曉	止	脂A	開	三	平	影	s	i	55	3	si55	s	i	2	3	si2	{1}拉一粒粒的屎：「屙屎山(sɔn335)」；{2}難怪：「甘屎命(miɐŋ325)」；{3}竄稀：「飆屎」；{4}拉稀：「屙稀屎」；{5}便秘：「結屎」指「便秘」；{6}比喻人詭計多端，多作調侃：四字詞 「屎計(kɔi335)流流」；{7}形容物件放得非常混亂：四字詞 「狗屎橫畫(ʋak11)）」；{8}樟腦丸：「臭屎丸」；{9}即自以為是、自作聰明，又作「假屎令叻」：四字詞 「令屎假叻」；{10}人做一件事的時候，不到最後關頭不做：四字詞 「抿(min33)屎抿(min33)門(muɔn11)」；{11}形容事情越怕就越會發生：四字詞 「怕屎茄(kʰiɛ55)屎」；{12}四字詞 形容人非常勤勞： 「五更(kaŋ33)儲(tʰiu33)屎」；{13}用豬屎和灰混雜在一起，即指人將兩件不相關的事物盲目地摻和：四字詞 「豬屎撈(lau33)灰(fuɔi335)」；{14}小氣：「針(tsim33)屎」；{15}棕色：「雞(kɔi33)屎色」；{16}自滿：「飽屎」		
3099	矢	書	止	脂A	開	三	上	章	s	i	55	3	si55	s	i	2	3	si2			
3100	駛	生	止	之	開	三	上	莊	s	uɔi	55	5	suɔi55	s	uoi	2	5	suoi2			
3101	世	書	蟹	祭A	開	三	去	章	s	ɔi	33	4	sɔi33	s	oi	1	4	soi1	本讀，{1}長期以來：「長(tsʰiŋ22)世(sɔi33)」；{2}上輩子結怨，形容被人陷害：「前世(sɔi33)」丨「前世(sɔi33害啊(ʔa33)」;{3}阻攔：四字詞 「攔頭(hai22) tsuɔt32 世(sɔi33)」；{3}愛炫耀：「演世(sɔi33)紅(həŋ22)」		
3102	世	書	蟹	祭A	開	三	去	章	s	ɔi	11	4	sɔi11	s	oi	5	4	soi5	變調，長時間：「九世」丨「九世(sɔi11)九世(sɔi33)由(jiu225)」		
3103	事	莊	止	之	開	三	去	莊	ɬ	i	32	3	ɬi32	sl	i	6	4	sli6			
3104	仕	崇	止	之	開	三	上	莊	ɬ	i	32	3	ɬi32	sl	i	6	4	sli6			
3105	侍	常	止	之	開	三	去	章	s	i	32	3	si32	s	i	6	3	si6	本讀，「侍女」		
3106	侍	常	止	之	開	三	去	章	ɬ	i	32	3	ɬi32	sl	i	6	4	sli6	習讀，「服侍」		
3107	勢	書	蟹	祭A	開	三	去	章	s	ɔi	33	4	sɔi33	s	oi	1	4	soi1	本讀，{1}一直、習慣：「慣勢(sɔi335)」丨「慣勢了（教育小孩子用語，指壞習慣）」；{2}外表光鮮：「家(ka33)勢」；{3}小題大做：「殺(sɔt33)勢」；{4}迅速：「快勢」；{5}厲害：「勢利」；{6}一股勁地：「起勢」		
3108	勢	書	蟹	祭A	開	三	去	章	s	ɔi	55	4	sɔi55	s	oi	2	4	soi2	變調，{1}用在其他詞的後面，表示該詞的狀態：「nɔn55 勢（嬌氣作狀臭美）」；「樣(jiŋ55)勢（樣子）」；{2}出界，英文out side的音譯：「倒(ʔau55) 勢」		
3109	士	崇	止	之	開	三	上	莊	ɬ	i	32	3	ɬi32	sl	i	6	4	sli6			
3110	室	書	臻	真A	開	三	入	章	s	it	55	4	sit55	s	it	7	4	sit7	{1}seat的音譯，座位：「車(tsʰiɛ33)室」；{2}安安靜靜地：四字詞 「靜靜室室」		
3111	市	常	止	之	開	三	上	章	s	i	11	3	si11	s	i	5	3	si5	{1}身為、作為、已經：「為(ʋei22)市」；{2}態度凌厲不友好：「喜市」；{3}猜拳：「猜市」；{4}聰明：「叻市」；{5}四字詞 「早市樓樓（強調現在是早上）」		
3112	式	書	曾	蒸	開	三	入	章	s	ɐt	55	4	sɐt55	s	at	7	4	sat7			
3113	恃	常	止	之	開	三	上	章	s	i	11	3	si11	s	i	5	3	si5			
3114	是	常	止	支A	開	三	上	章	s	i	32	3	si32	s	i	6	3	si6			
3115	柿	#N/A	#N/A	#N/A	#N/A	#N/A	#N/A	#N/A	ɬ	i	11	3	ɬi11	sl	i	5	4	sli5	柿子：「柿ɬi11 tuɔt55」		
3116	氏	常	止	支A	開	三	上	章	s	i	11	3	si11	s	i	5	3	si5			
3117	示	羣	止	支A	開	三	平	見	s	i	32	3	si32	s	i	6	3	si6			
3118	舐	船	止	支A	開	三	上	章	s	ɔi	11	4	sɔi11	s	oi	5	4	soi5	口癖：「口舐(sɔi11)」		
3119	視	常	止	脂A	開	三	上	章	s	i	32	3	si32	s	i	6	3	si6			
3120	試	書	止	之	開	三	去	章	s	i	33	3	si33	s	i	1	3	si1	看一看、試試看、觀望態度：「睇試」		
3121	誓	常	蟹	祭A	開	三	去	章	s	ɔi	32	4	sɔi32	s	oi	6	4	soi6			
3122	識	書	曾	蒸	開	三	入	章	s	ɐt	55	4	sɐt55	s	at	7	4	sat7	{1}教條主義、信奉傳統儀式或迷信的做法：「結識」；{2}學會、知道：「識領(liɐŋ11)」丨「識會(ʋuɔi11)」；{3}成熟、正經：「成(sɐn22)識」丨四字詞： 「唔成(sɐn22)唔識（指人(青少年)不成熟，做事沒分寸）」		
3123	識	章	止	之	開	三	去	章	ts	i	33	4	tsi33	z	i	1	3	zi1	通「志」		
3124	逝	常	蟹	祭A	開	三	去	章	s	ɔi	32	4	sɔi32	s	oi	6	4	soi6			
3125	適	書	梗	清A	開	三	入	章	s	ɐt	55	4	sɐt55	s	at	7	4	sat7			
3126	釋	書	梗	清A	開	三	入	章	s	ɐt	55	4	sɐt55	s	at	7	4	sat7			
3127	飾	書	曾	蒸	開	三	入	章	s	ɐt	55	4	sɐt55	s	at	7	4	sat7			
3128	收	書	流	尤	開	三	平	章	s	iu	33	4	siu33	s	iu	1	4	siu1			
3129	守	書	流	尤	開	三	上	章	s	iu	55	4	siu55	s	iu	2	4	siu2			
3130	手	書	流	尤	開	三	上	章	s	iu	55	4	siu55	s	iu	2	4	siu2	{1}動物上肢：四字詞 「空手掉掉（兩手空空的意思）」丨「手甲(kap11)（指甲）」丨「手甲(kap11)剪（指甲鉗）」；{2}拖拉機：「手扶(fu22)仔(tuɔi55)」；{3}量詞，局：「一手紙牌」；{4}多手多腳：「手多腳多」		
3131	首	書	流	尤	開	三	上	章	s	iu	55	4	siu55	s	iu	2	4	siu2			
3132	受	常	流	尤	開	三	上	章	s	iu	32	4	siu32	s	iu	6	4	siu6			
3133	售	常	流	尤	開	三	去	章	tsʰ	iu	22	6	tsʰiu22	c	iu	4	4	ciu4			
3134	壽	常	流	尤	開	三	上	章	s	iu	32	4	siu32	s	iu	6	4	siu6			
3135	授	常	流	尤	開	三	去	章	s	iu	32	4	siu32	s	iu	6	4	siu6			
3136	狩	書	流	尤	開	三	去	章	s	iu	33	4	siu33	s	iu	1	4	siu1			
3137	獸	書	流	尤	開	三	去	章	tsʰ	iu	33	6	tsʰiu33	c	iu	1	4	ciu1			
3138	瘦	生	流	尤	開	三	去	莊	s	ai	33	4	sai33	s	aai	1	5	saai1	肌肉不豐滿，脂肪少：「瘦脈啊(ʔa33)（很瘦）」丨四字詞 「瘦蜢(maŋ55)鬼癆（指人非常瘦，同「骨瘦如柴」）」		
3139	叔	書	通	東	開	三	入	章	s	ək	55	4	sək55	s	eak	7	5	seak7	丈夫的弟弟：「小叔」		
3140	抒	邪	遇	魚	開	三	上	精	s	i	33	3	si33	s	i	1	3	si1			
3141	書	書	遇	魚	開	三	平	章	s	i	33	3	si33	s	i	1	3	si1			
3142	梳	生	遇	魚	開	三	平	莊	s	ou	33	4	sou33	s	ou	1	4	sou1	本讀，動詞，「梳毛」		
3143	梳	生	遇	魚	開	三	平	莊	s	ou	11	4	sou11	s	ou	5	4	sou5	變調，名詞，「一個梳(sou115)」		
3144	樞	昌	遇	虞	合	三	平	章	s	i	33	3	si33	s	i	1	3	si1			
3145	殊	常	遇	虞	合	三	平	章	s	i	22	3	si22	s	i	4	3	si4			
3146	疏	生	遇	魚	開	三	平	莊	s	uɔ	33	4	suɔ33	s	uo	1	4	suo1	{1}吃青菜或清淡的食物，以疏通人體內的火，達到解膩清熱的效果： 「疏氣(hei33)」；{2}清瘦：「疏想」		
3147	紓	書	遇	魚	開	三	平	章	s	i	33	3	si33	s	i	1	3	si1			
3148	舒	書	遇	魚	開	三	平	章	s	i	33	3	si33	s	i	1	3	si1			
3149	蔬	生	遇	魚	開	三	平	莊	s	uɔ	33	4	suɔ33	s	uo	1	4	suo1			
3150	輸	書	遇	虞	合	三	平	章	s	i	33	3	si33	s	i	1	3	si1			
3151	熟	常	通	東	開	三	入	章	s	ək	32	4	sək32	s	eak	9	5	seak9	本讀，形容人與人關係密切：四字詞 「關關熟(sək32)熟(sək32)」		
3152	熟	常	通	東	開	三	入	章	s	ək	11	4	sək11	s	eak	10	5	seak10	變調，「僅熟(sək115)」		
3153	贖	船	通	鍾	開	三	入	章	s	ək	32	4	sək32	s	eak	9	5	seak9	文讀，「贖罪」		
3154	贖	船	通	鍾	開	三	入	章	t	ək	32	4	tək32	d	eak	9	5	deak9	白讀，找錢：「贖散(ɬɔn55)紙」		
3155	屬	常	通	鍾	開	三	入	章	s	ək	32	4	sək32	s	eak	9	5	seak9			
3156	暑	書	遇	魚	開	三	上	章	s	i	55	3	si55	s	i	2	3	si2			
3157	曙	常	遇	魚	開	三	去	章	s	i	32	3	si32	s	i	6	3	si6			
3158	署	常	遇	魚	開	三	去	章	s	i	32	3	si32	s	i	6	3	si6			
3159	薯	常	遇	魚	開	三	去	章	s	i	22	3	si22	s	i	4	3	si4	遺傳特征，家族特征：「種(tsəŋ55)薯(si225)」		
3160	蜀	常	通	鍾	開	三	入	章	s	ək	32	4	sək32	s	eak	9	5	seak9			
3161	鼠	書	遇	魚	開	三	上	章	s	i	55	3	si55	s	i	2	3	si2	鼠類：「飛鼠（蝙蝠）」丨四字詞 「老(lau33)鼠咬龜(kei335)（形容人做東西時無從入手，同「老鼠拖牛」）		
3162	墅	常	遇	魚	開	三	上	章	ɬ	ui	11	4	ɬui11	sl	ui	5	5	slui5			
3163	數	生	遇	虞	合	三	去	莊	s	ou	33	4	sou33	s	ou	1	4	sou1	名詞，{1}「數學」丨「啱數」；{2}計劃做事：「打(ʔa55)數」；{3}結賬：「睇數」		
3164	數	生	遇	虞	合	三	上	莊	s	ou	55	4	sou55	s	ou	2	4	sou2	動詞，「數清楚」		
3165	束	書	通	鍾	開	三	入	章	tsʰ	ək	55	6	tsʰək55	c	eak	7	5	ceak7	把衣服尾巴塞到褲子裡面的動作：「束衫(sam11)」		
3166	樹	常	遇	虞	合	三	上	章	s	i	32	3	si32	s	i	6	3	si6	村裡共同拜祭的社稷之神，疑似從「社壇」變音而來：「樹壇(hɔn11)」		
3167	術	船	臻	真A	合	三	入	章	s	ut	32	4	sut32	s	ut	9	4	sut9	形容手舞足蹈，把一樣很簡單的事情重複舞動：四字詞 「舞鬼弄術」		
3168	豎	常	遇	虞	合	三	上	章	s	i	32	3	si32	s	i	6	3	si6	文讀，「豎立」丨「豎起」		
3169	豎	常	遇	虞	合	三	上	章	s	i	55	3	si55	s	i	2	3	si2	白讀，形容平常不會豎起的物體豎起的情形：「豎起」丨「頭毛豎起嗮」		
3170	述	船	臻	真A	合	三	入	章	s	ut	32	4	sut32	s	ut	9	4	sut9			
3171	刷	生	山	刪	合	二	入	莊	s	ɔt	33	4	sɔt33	s	ot	8	4	sot8	本讀，老派讀法，動詞，「刷牙(ŋa22)」		
3172	刷	生	山	刪	合	二	入	莊	tsʰ	ɔt	33	6	tsʰɔt33	c	ot	8	4	cot8	習讀，動詞，「刷牙(ŋa22)」		
3173	刷	生	山	刪	合	二	入	莊	s	ɔt	11	4	sɔt11	s	ot	10	4	sot10	sɔt33的變調，名詞，「牙(ŋa22)刷(sɔt115)」		
3174	刷	生	山	刪	合	二	入	莊	tsʰ	ɔt	11	6	tsʰɔt11	c	ot	10	4	cot10	tsʰɔt33的變調，名詞，「牙(ŋa22)刷(tsʰɔt115)」		
3175	耍	#N/A	#N/A	#N/A	#N/A	#N/A	#N/A	#N/A	s	a	55	3	sa55	s	aa	2	4	saa2			
3176	衰	生	止	脂B	合	三	平	莊	s	ui	33	4	sui33	s	ui	1	4	sui1	到麼：「衰頹」		
3177	帥	生	止	脂B	合	三	去	莊	s	ui	33	4	sui33	s	ui	1	4	sui1			
3178	拴	清	山	仙A	合	三	平	精	s	ɔn	33	4	sɔn33	s	on	1	4	son1			
3179	雙	生	江	江	開	二	平	莊	s	ɔŋ	33	4	sɔŋ33	s	ong	1	5	song1	加倍：「加雙」		
3180	霜	生	宕	陽	開	三	平	莊	s	ɔŋ	33	4	sɔŋ33	s	ong	1	5	song1			
3181	爽	生	宕	陽	開	三	上	莊	s	ɔŋ	55	4	sɔŋ55	s	ong	2	5	song2	{1}爽快：「爽啊(ʔa32)」；{2}小朋友可愛：丨「佢好爽哇」；{3}事物令人心情愉悅：「爽哥（對味、舒服、愉悅）」「豬肉好爽吃」丨「呢傢私設計好爽」丨「今日感冒唔係好爽」丨；{4}圖有趣：「貪爽」丨「貪謀爽」；{5}剛剛好：「緊爽」；{6}剛才：「啱爽」		
3182	誰	常	止	脂A	合	三	平	章	s	ui	22	4	sui22	s	ui	4	4	sui4	本讀，「誰人」		
3183	誰	常	止	脂A	合	三	平	章	s	ui	55	4	sui55	s	ui	2	4	sui2	變調，sui225丟失升變過程所演變：「啊(ʔa33)誰啊(ʔa33)」		
3184	水	書	止	脂A	合	三	上	章	s	ui	55	4	sui55	s	ui	2	4	sui2	{1}洪水：「白(pak32)水大(ʔɔi325)」丨「浸白(pak32)水大(ʔɔi325) 」；{2}雨：「落(lɔk32)水（下雨）」丨「水衣（雨衣）」；{3}避諱藥茶而喚作水：「涼水」；{4}形容食物盡是水，不好吃：「青(tʰiɐŋ33)水漏(lai32)laŋ11」；{5}形容迷蒙小雨，廣義也指下雨：四字詞 「落水微茶」；{6}形容寒冷的雨天，多用於小雨時分：四字詞 「微風(fəŋ33)雪水」；{7}形容水不熟，引申為食物不熟：四字詞 「生(saŋ33)水肫( kʰ in11)哽( kʰaŋ11)」；{8}螻蛄：「水狗」；{9}用水蒸煮制熱的包子：「水包(pau335)」；{10}煤油：「火水」		
3185	睡	常	止	支A	合	三	去	章	s	ui	32	4	sui32	s	ui	6	4	sui6			
3186	稅	書	蟹	祭A	合	三	去	章	s	ui	33	4	sui33	s	ui	1	4	sui1			
3187	瞬	書	臻	真A	合	三	去	章	s	un	11	4	sun11	s	un	5	4	sun5			
3188	順	船	臻	真A	合	三	去	章	s	un	32	4	sun32	s	un	6	4	sun6			
3189	說	書	山	仙A	合	三	入	章	s	uɔt	55	5	suɔt55	s	uot	7	5	suot7			
3190	說	書	蟹	祭A	合	三	去	章	s	ui	33	4	sui33	s	ui	1	4	sui1	「遊說」		
3191	說	以	山	仙A	合	三	入	以	j	uɔt	32	5	juɔt32	j	uot	9	5	juot9	「不亦說乎」		
3192	朔	生	江	江	開	二	入	莊	s	ɔk	55	4	sɔk55	s	ok	7	4	sok7			
3193	爍	書	宕	陽	開	三	入	章	s	ik	55	4	sik55	s	iik	7	5	siik7			
3194	碩	常	梗	清A	開	三	入	章	s	iɐk	32	5	siɐk32	s	iak	9	5	siak9			
3195	司	心	止	之	開	三	平	精	ɬ	i	33	3	ɬi33	sl	i	1	4	sli1			
3196	思	心	止	之	開	三	平	精	ɬ	i	33	3	ɬi33	sl	i	1	4	sli1			
3197	撕	心	蟹	齊	開	四	平	精	ɬ	i	33	3	ɬi33	sl	i	1	4	sli1			
3198	斯	心	止	支A	開	三	平	精	ɬ	i	33	3	ɬi33	sl	i	1	4	sli1			
3199	私	心	止	脂A	開	三	平	精	ɬ	i	33	3	ɬi33	sl	i	1	4	sli1			
3200	絲	心	止	之	開	三	平	精	ɬ	i	33	3	ɬi33	sl	i	1	4	sli1	本讀，「絲巾」丨「絲瓜」		
3201	絲	心	止	之	開	三	平	精	ɬ	i	11	3	ɬi11	sl	i	5	4	sli5	變調，「鋼絲(ɬi115)」丨「一條絲」		
3202	鷥	#N/A	#N/A	#N/A	#N/A	#N/A	#N/A	#N/A	ɬ	i	33	3	ɬi33	sl	i	1	4	sli1			
3203	死	心	止	脂A	開	三	上	精	ɬ	ei	55	4	ɬei55	sl	ei	2	5	slei2	{1}副詞，表達程度大：「好(hau55)死吽」；{2}糟糕：「該(kuɔi33)死」；{3}自作自受：「好(hau33)死」；{4}形容固執，或者是不會變通的人：四字詞 「死梗蠻山(sɔn33)」；{5}即將死的雞用腳撐電飯煲蓋，比喻做錯事或處於下風時，卻不認衰還為自己開脫的行為：四字詞 「死雞(kɔi335)撐(tsʰaŋ33)腳(kik33)」		
3204	伺	心	止	之	開	三	去	精	ɬ	i	32	3	ɬi32	sl	i	6	4	sli6			
3205	似	邪	止	之	開	三	上	精	ɬ	i	11	3	ɬi11	sl	i	5	4	sli5	文讀，「似乎」		
3206	似	邪	止	之	開	三	上	精	tʰ	i	11	4	tʰi11	t	i	5	3	ti5	白讀，「似模似樣」		
3207	似	邪	止	之	開	三	上	精	tʰ	ei	11	5	tʰei11	t	ei	5	4	tei5	白讀，老派，「你似你爸」		
3208	四	心	止	脂A	開	三	去	精	ɬ	ei	33	4	ɬei33	sl	ei	1	5	slei1	本讀，數字四：四字詞 「三(ɬam33)四(ɬei33)撈(lau33)雜（指東西擺放混亂）」		
3209	四	心	止	脂A	開	三	去	精	ɬ	ei	11	4	ɬei11	sl	ei	5	5	slei5	變調，{1}撲克牌四：「四仔(tuɔi55)」；{2}輩分稱呼，如「阿四(ɬei115)」；{3}形容人或事物不靠譜，不著邊際：四字詞 「無三(ɬam33)無四(ɬei115)」		
3210	姒	邪	止	之	開	三	上	精	ɬ	i	11	3	ɬi11	sl	i	5	4	sli5			
3211	寺	邪	止	之	開	三	去	精	t	i	32	3	ti32	d	i	6	3	di6			
3212	祀	邪	止	之	開	三	上	精	t	i	32	3	ti32	d	i	6	3	di6			
3213	肆	心	止	脂A	開	三	去	精	ɬ	i	33	3	ɬi33	sl	i	1	4	sli1			
3214	肆	心	止	脂A	開	三	去	精	ɬ	ei	33	4	ɬei33	sl	ei	1	5	slei1	「四」的大寫		
3215	賜	心	止	支A	開	三	去	精	ɬ	i	33	3	ɬi33	sl	i	1	4	sli1			
3216	飼	邪	止	之	開	三	去	精	t	i	32	3	ti32	d	i	6	3	di6			
3217	松	邪	通	鍾	開	三	平	精	tʰ	əŋ	22	5	tʰəŋ22	t	eang	4	6	teang4			
3218	鬆	心	通	冬	合	一	平	精	ɬ	əŋ	33	4	ɬəŋ33	sl	eang	1	7	sleang1			
3219	慫	心	通	鍾	開	三	上	精	tʰ	əŋ	55	5	tʰəŋ55	t	eang	2	6	teang2			
3220	宋	心	通	冬	合	一	去	精	ɬ	əŋ	33	4	ɬəŋ33	sl	eang	1	7	sleang1			
3221	訟	邪	通	鍾	開	三	平	精	t	əŋ	32	4	təŋ32	d	eang	6	6	deang6			
3222	誦	邪	通	鍾	開	三	去	精	t	əŋ	32	4	təŋ32	d	eang	6	6	deang6			
3223	送	心	通	東	開	一	去	精	ɬ	əŋ	33	4	ɬəŋ33	sl	eang	1	7	sleang1	請吃席、吃席：「送請(tʰiɐŋ55)」		
3224	頌	以	通	鍾	開	三	平	以	t	əŋ	32	4	təŋ32	d	eang	6	6	deang6			
3225	搜	生	流	尤	開	三	平	莊	ɬ	ai	55	4	ɬai55	sl	aai	2	6	slaai2			
3226	嗽	心	流	侯	開	一	去	精	ɬ	ai	33	4	ɬai33	sl	aai	1	6	slaai1			
3227	甦	#N/A	#N/A	#N/A	#N/A	#N/A	#N/A	#N/A	ɬ	ou	33	4	ɬou33	sl	ou	1	5	slou1			
3228	穌	心	遇	模	開	一	平	精	ɬ	ou	33	4	ɬou33	sl	ou	1	5	slou1			
3229	蘇	心	遇	模	開	一	平	精	ɬ	ou	33	4	ɬou33	sl	ou	1	5	slou1			
3230	酥	心	遇	模	開	一	平	精	ɬ	ou	33	4	ɬou33	sl	ou	1	5	slou1			
3231	俗	邪	通	鍾	開	三	入	精	t	ək	32	4	tək32	d	eak	9	5	deak9			
3232	塑	心	遇	模	開	一	去	精	ɬ	ou	33	4	ɬou33	sl	ou	1	5	slou1	本讀，「塑形」		
3233	塑	心	遇	模	開	一	去	精	s	ɔk	55	4	sɔk55	s	ok	7	4	sok7	又讀，「塑料」		
3234	宿	心	流	尤	開	三	去	精	ɬ	iu	33	4	ɬiu33	sl	iu	1	5	sliu1	「星宿」		
3235	宿	心	通	東	開	三	入	精	ɬ	ək	55	4	ɬək55	sl	eak	7	6	sleak7	「住宿」		
3236	粟	心	通	鍾	開	三	入	精	ɬ	ək	55	4	ɬək55	sl	eak	7	6	sleak7			
3237	素	心	遇	模	開	一	去	精	ɬ	ou	33	4	ɬou33	sl	ou	1	5	slou1	「平素(ɬou335)」指「平時」		
3238	肅	心	通	東	開	三	入	精	ɬ	ək	55	4	ɬək55	sl	eak	7	6	sleak7	蜈蚣：「白肅」		
3239	訴	心	遇	模	開	一	去	精	ɬ	ou	33	4	ɬou33	sl	ou	1	5	slou1			
3240	速	心	通	東	開	一	入	精	tʰ	ək	55	5	tʰək55	t	eak	7	5	teak7	本讀，方便麵：「速食麵(mɐn32)」		
3241	速	#N/A	#N/A	#N/A	#N/A	#N/A	#N/A	#N/A	tʰ	ak	55	5	tʰak55	t	aak	7	5	taak7	變調，副詞，從「速速」演化，意思是快點，多用於祈使句，也可表達很快地：「tʰak55 tʰak55」		
3242	痠	心	山	寒	合	一	平	精	ɬ	uɔn	33	5	ɬuɔn33	sl	uon	1	6	sluon1			
3243	酸	心	山	寒	合	一	平	精	ɬ	uɔn	33	5	ɬuɔn33	sl	uon	1	6	sluon1	忍不住發笑的癢癢感覺：「我好酸哇」		
3244	算	心	山	寒	合	一	上	精	ɬ	uɔn	33	5	ɬuɔn33	sl	uon	1	6	sluon1	{1}有什麼所謂：「算幾口」；{2}僅此而已：「算就」；{3}新年習俗之掛蒜頭時必唸台詞，祝福心想事成：四字詞 「中想中算」		
3245	蒜	心	山	寒	合	一	去	精	ɬ	uɔn	11	5	ɬuɔn11	sl	uon	5	6	sluon5	泛指配料：四字詞 「香芹蔥蒜」		
3246	雖	心	止	脂A	合	三	平	精	ɬ	ui	33	4	ɬui33	sl	ui	1	5	slui1			
3247	髓	心	止	支A	合	三	上	精	ɬ	uɔi	55	5	ɬuɔi55	sl	uoi	2	6	sluoi2			
3248	歲	心	蟹	祭A	合	三	去	精	ɬ	ui	33	4	ɬui33	sl	ui	1	5	slui1			
3249	碎	心	蟹	灰	合	一	去	精				1		sl	ui	1	5	slui1	本讀，形容詞，「破碎」		
3250	碎	心	蟹	灰	合	一	去	精	ɬ	ui	11	4	ɬui11	sl	ui	5	5	slui5	變調，名詞，「花生碎」丨「米碎」		
3251	穗	邪	止	脂A	合	三	去	精	ɬ	ui	32	4	ɬui32	sl	ui	6	5	slui6			
3252	遂	邪	止	脂A	合	三	去	精	ɬ	ui	32	4	ɬui32	sl	ui	6	5	slui6			
3253	邃	心	止	脂A	合	三	去	精	ɬ	ui	32	4	ɬui32	sl	ui	6	5	slui6			
3254	隧	邪	止	脂A	合	三	去	精	ɬ	ui	32	4	ɬui32	sl	ui	6	5	slui6			
3255	孫	心	臻	魂	合	一	平	精	ɬ	un	33	4	ɬun33	sl	un	1	5	slun1			
3256	損	心	臻	魂	合	一	上	精	ɬ	un	55	4	ɬun55	sl	un	2	5	slun2			
3257	筍	心	臻	真A	合	三	上	精	ɬ	un	55	4	ɬun55	sl	un	2	5	slun2			
3258	縮	生	通	東	開	三	入	莊	s	ək	55	4	sək55	s	eak	7	5	seak7	文讀，「縮小」		
3259	縮	生	通	東	開	三	入	莊	s	ək	33	4	sək33	s	eak	8	5	seak8	白讀，「縮手」		
3260	縮	#N/A	#N/A	#N/A	#N/A	#N/A	#N/A	#N/A	s	ut	33	4	sut33	s	ut	8	4	sut8	訓讀，動詞，踡縮：「sut33埋一二角」		
3261	所	生	遇	魚	開	三	上	莊	s	uɔ	55	4	suɔ55	s	uo	2	4	suo2			
3262	瑣	心	果	歌	合	一	上	精	ɬ	ou	55	4	ɬou55	sl	ou	2	5	slou2			
3263	索	心	宕	唐	開	一	入	精	ɬ	ɔk	55	4	ɬɔk55	sl	ok	7	5	slok7	本讀，用繩綁：「索緊佢」丨「繩索」		
3264	索	心	宕	唐	開	一	入	精	ɬ	ɔk	11	4	ɬɔk11	sl	ok	10	5	slok10	變調，{1}麻將條子：「索子」丨「九索」；{2}筍殼魚：「癬索」；{3}形容塑料袋等發出的小雜音：四字詞 「嘶嘶索(ɬɔk11)索(ɬɔk11)丨嘶嘶ɬak55 ɬak55」；{4}勁、癮、樂趣：「冇索（沒意思，提不起興趣）」		
3265	鎖	心	果	歌	合	一	上	精	ɬ	ou	55	4	ɬou55	sl	ou	2	5	slou2	形容拉屎久：「屙鎖鏈」		
3266	他	透	果	歌	開	一	平	端	h	a	33	3	ha33	h	aa	1	4	haa1			
3267	她	#N/A	#N/A	#N/A	#N/A	#N/A	#N/A	#N/A	h	a	33	3	ha33	h	aa	1	4	haa1			
3268	它	透	果	歌	開	一	平	端	h	a	33	3	ha33	h	aa	1	4	haa1			
3269	塔	透	咸	談	開	一	入	端	h	ap	55	4	hap55	h	aap	7	5	haap7	用來擺燃燒中的蚊香的盤：「蚊香塔」		
3270	沓	定	咸	覃	開	一	入	端	ʔ	ap	32	4	ʔap32		aap	9	4	aap9			
3271	沓	定	咸	覃	開	一	入	端	t	ap	32	4	tap32	d	aap	9	5	daap9	同「疊(tap32)」：「一沓」		
3272	沓	定	咸	覃	開	一	入	端	t	ap	11	4	tap11	d	aap	10	5	daap10	同「疊(tap11)」：「一沓」		
3273	獺	透	山	寒	開	一	入	端	tsʰ	ɔt	33	6	tsʰɔt33	c	ot	8	4	cot8			
3274	踏	透	咸	覃	開	針	入	端	ʔ	ap	32	4	ʔap32		aap	9	4	aap9	{1}量詞，表示房子數量，又引申代指鄰舍或鄰居：「兩踏屋」丨「上(siŋ32)下(haa32)踏」；{2}鐘錶的針正對著某個數字：「踏正(tsiɐŋ33)一點錶(piɐu335)」；{3}長輩跟隨後輩的稱呼叫別的親人：「踏著你喊」		
3275	胎	透	蟹	咍	開	一	平	端	h	uɔi	33	5	huɔi33	h	uoi	1	5	huoi1	本讀，棉胎和厚被子的通稱：四字詞 「棉(mɐn22)胎(huɔi33)被(pʰei11)竇(ʔai11)」		
3276	胎	透	蟹	咍	開	一	平	端	tʰ	ɔi	55	5	tʰɔi55	t	oi	2	4	toi2	訓讀，「輪胎」丨「爆胎」		
3277	胎	透	蟹	咍	開	一	平	端	h	uɔi	11	5	huɔi11	h	uoi	5	5	huoi5	變調，{1}本義是禾的幼苗，後代指兩頭尖的橢圓形銀針粉：「禾胎(huɔi115)」；{2}輪胎：「胎速（輪胎的速度）」		
3278	台	透	蟹	咍	開	一	平	端	h	uɔi	22	5	huɔi22	h	uoi	4	5	huoi4	「台山」		
3279	台	以	止	之	開	三	平	以	j	i	22	3	ji22	j	i	4	3	ji4	同「怡」		
3280	抬	#N/A	#N/A	#N/A	#N/A	#N/A	#N/A	#N/A	h	uɔi	22	5	huɔi22	h	uoi	4	5	huoi4			
3281	檯	定	蟹	咍	開	一	平	端	h	uɔi	22	5	huɔi22	h	uoi	4	5	huoi4	本讀，「檯球」		
3282	檯	定	蟹	咍	開	一	平	端	h	uɔi	11	5	huɔi11	h	uoi	5	5	huoi5	變調，「檯底」		
3283	臺	定	蟹	咍	開	一	平	端	h	uɔi	22	5	huɔi22	h	uoi	4	5	huoi4			
3284	苔	定	蟹	咍	開	一	平	端	h	uɔi	22	5	huɔi22	h	uoi	4	5	huoi4	本讀，「海苔」		
3285	苔	定	蟹	咍	開	一	平	端	h	uɔi	11	5	huɔi11	h	uoi	5	5	huoi5	變調，「青(tʰiɐŋ33)苔」		
3286	颱	#N/A	#N/A	#N/A	#N/A	#N/A	#N/A	#N/A	h	uɔi	22	5	huɔi22	h	uoi	4	5	huoi4			
3287	太	透	蟹	泰	開	一	去	端	h	ɔi	33	4	hɔi33	h	oi	1	4	hoi1			
3288	態	透	蟹	咍	開	一	去	端	h	ɔi	33	4	hɔi33	h	oi	1	4	hoi1			
3289	汰	透	蟹	泰	開	一	去	端	h	ɔi	33	4	hɔi33	h	oi	1	4	hoi1			
3290	泰	透	蟹	泰	開	一	去	端	h	ɔi	33	4	hɔi33	h	oi	1	4	hoi1			
3291	攤	透	山	寒	開	一	平	端	h	ɔn	33	4	hɔn33	h	on	1	4	hon1			
3292	灘	透	山	寒	開	一	平	端	h	ɔn	33	4	hɔn33	h	on	1	4	hon1	本讀，「灘塗」		
3293	灘	透	山	寒	開	一	平	端	h	ɔn	55	4	hɔn55	h	on	2	4	hon2	變調，慣讀，「沙(saa11)灘」		
3294	癱	#N/A	#N/A	#N/A	#N/A	#N/A	#N/A	#N/A	h	ɔn	55	4	hɔn55	h	on	2	4	hon2			
3295	貪	透	咸	覃	開	一	平	端	h	am	33	4	ham33	h	aam	1	5	haam1	「貪爽」、「貪謀爽」意為「圖它有趣」		
3296	壇	定	山	寒	開	一	平	端	h	ɔn	22	4	hɔn22	h	on	4	4	hon4	本讀，「開壇」		
3297	壇	定	山	寒	開	一	平	端	h	ɔn	11	4	hɔn11	h	on	5	4	hon5	變調，村裡共同拜祭的社稷之神，疑似從「社壇」變音而來：「樹壇」		
3298	檀	定	山	寒	開	一	平	端	h	ɔn	22	4	hɔn22	h	on	4	4	hon4			
3299	潭	定	咸	覃	開	一	平	端	h	am	22	4	ham22	h	aam	4	5	haam4	本讀，「龍潭虎穴」		
3300	潭	定	咸	覃	開	一	平	端	h	am	11	4	ham11	h	aam	5	5	haam5	變調，「潭江」		
3301	痰	定	咸	談	開	一	平	端	h	am	22	4	ham22	h	aam	4	5	haam4			
3302	罈	#N/A	#N/A	#N/A	#N/A	#N/A	#N/A	#N/A	h	am	22	4	ham22	h	aam	4	5	haam4			
3303	談	定	咸	談	開	一	平	端	h	am	22	4	ham22	h	aam	4	5	haam4			
3304	譚	定	咸	覃	開	一	平	端	h	am	11	4	ham11	h	aam	5	5	haam5			
3305	坦	透	山	寒	開	一	上	端	h	ɔn	55	4	hɔn55	h	on	2	4	hon2			
3306	毯	透	咸	談	開	一	上	端	h	ɔn	55	4	hɔn55	h	on	2	4	hon2			
3307	袒	定	山	寒	開	一	上	端	h	ɔn	55	4	hɔn55	h	on	2	4	hon2			
3308	嘆	透	山	寒	開	一	平	端	h	ɔn	33	4	hɔn33	h	on	1	4	hon1			
3309	探	透	咸	覃	開	一	平	端	h	am	33	4	ham33	h	aam	1	5	haam1			
3310	歎	透	山	寒	開	一	去	端	h	ɔn	33	4	hɔn33	h	on	1	4	hon1			
3311	炭	透	山	寒	開	一	去	端	h	ɔn	33	4	hɔn33	h	on	1	4	hon1			
3312	湯	書	宕	陽	開	三	平	章	h	ɔŋ	33	4	hɔŋ33	h	ong	1	5	hong1			
3313	唐	定	宕	唐	開	一	平	端	h	ɔŋ	22	4	hɔŋ22	h	ong	4	5	hong4			
3314	堂	定	宕	唐	開	一	平	端	h	ɔŋ	22	4	hɔŋ22	h	ong	4	5	hong4	本讀，「教堂」		
3315	堂	定	宕	唐	開	一	平	端	h	ɔŋ	11	4	hɔŋ11	h	ong	5	5	hong5	變調，地名，「肯(haŋ33)堂村」		
3316	塘	定	宕	唐	開	一	平	端	h	ɔŋ	22	4	hɔŋ22	h	ong	4	5	hong4	本讀，池塘：「眼塘」		
3317	塘	定	宕	唐	開	一	平	端	h	ɔŋ	11	4	hɔŋ11	h	ong	5	5	hong5	變調，地名，「大塘村」		
3318	棠	定	宕	唐	開	一	平	端	h	ɔŋ	22	4	hɔŋ22	h	ong	4	5	hong4			
3319	糖	定	宕	唐	開	一	平	端	h	ɔŋ	22	4	hɔŋ22	h	ong	4	5	hong4	{1}專指拜神用的糖、菓子：「糖果」；{2}糖果：「mɔ22糖」；{3}餅乾和糖果，這些都是拜神用品，泛指相關的拜神拜祭食物：四字詞 「餅(piɐŋ55)仔(tuɔi55)麻(mɔ22)糖(hɔŋ225)」；{4}形容人的皮膚很黃：四字詞 「黃(ʋɔŋ22)糖搋(tsʰɔi33)粉」		
3320	螳	定	宕	唐	開	一	平	端	h	ɔŋ	22	4	hɔŋ22	h	ong	4	5	hong4	螳螂：「螞家(ka33)螂」		
3321	躺	#N/A	#N/A	#N/A	#N/A	#N/A	#N/A	#N/A	h	ɔŋ	55	4	hɔŋ55	h	ong	2	5	hong2			
3322	燙	#N/A	#N/A	#N/A	#N/A	#N/A	#N/A	#N/A	h	ɔŋ	33	4	hɔŋ33	h	ong	1	5	hong1			
3323	掏	定	效	豪	開	一	平	端	h	au	22	4	hau22	h	aau	4	5	haau4			
3324	滔	透	效	豪	開	一	平	端	h	au	33	4	hau33	h	aau	1	5	haau1			
3325	濤	定	效	豪	開	一	平	端	h	au	22	4	hau22	h	aau	4	5	haau4			
3326	啕	定	效	豪	開	一	平	端	h	au	22	4	hau22	h	aau	4	5	haau4			
3327	桃	定	效	豪	開	一	平	端	h	au	22	4	hau22	h	aau	4	5	haau4	本讀，「水蜜桃」丨「白桃」		
3328	桃	定	效	豪	開	一	平	端	h	au	11	4	hau11	h	aau	5	5	haau5	變調，「桃果」丨「桃園」丨「楊桃」		
3329	淘	#N/A	#N/A	#N/A	#N/A	#N/A	#N/A	#N/A	h	au	22	4	hau22	h	aau	4	5	haau4			
3330	萄	定	效	豪	開	一	平	端	h	au	22	4	hau22	h	aau	4	5	haau4			
3331	逃	定	效	豪	開	一	平	端	h	au	22	4	hau22	h	aau	4	5	haau4			
3332	陶	定	效	豪	開	一	平	端	h	au	22	4	hau22	h	aau	4	5	haau4			
3333	討	透	效	豪	開	一	上	端	h	au	55	4	hau55	h	aau	2	5	haau2	文讀，「討教」		
3334	討	透	效	豪	開	一	上	端	h	ou	55	4	hou55	h	ou	2	4	hou2	白讀，{1}拿取：「討個碗過來」丨四字詞 「討(hou55)煤討(hou55) juɔi115（形容用各種藉口推脫）」；{2}動物來月經、發情：「討(hou55)朗」		
3335	套	透	效	豪	開	一	上	端	h	au	33	4	hau33	h	aau	1	5	haau1			
3336	特	定	曾	登	開	一	入	端	ʔ	ak	32	4	ʔak32		aak	9	4	aak9	本讀，「特赦」		
3337	特	定	曾	登	開	一	入	端	ʔ	ak	11	4	ʔak11		aak	10	4	aak10	變調，故意：「行(haŋ22)特(ʔak115)」		
3338	疼	定	通	冬	合	一	平	端	h	əŋ	22	4	həŋ22	h	eang	4	6	heang4	文讀，「疼痛」		
3339	疼	定	通	冬	合	一	平	端	tʰ	iɐk	33	6	tʰiɐk33	t	iak	8	5	tiak8	白讀，「好疼」		
3340	籐	#N/A	#N/A	#N/A	#N/A	#N/A	#N/A	#N/A	h	aŋ	22	4	haŋ22	h	aang	4	6	haang4			
3341	藤	定	曾	登	開	一	平	端	h	aŋ	22	4	haŋ22	h	aang	4	6	haang4	烏勤藤：「富勤藤」		
3342	騰	定	曾	登	開	一	平	端	h	aŋ	22	4	haŋ22	h	aang	4	6	haang4			
3343	剔	透	梗	青	開	四	入	端	tʰ	ɐt	55	5	tʰɐt55	t	at	7	4	tat7			
3344	梯	透	蟹	齊	開	四	平	端	h	ɔi	33	4	hɔi33	h	oi	1	4	hoi1			
3345	踢	透	梗	青	開	四	入	端	pʰ	iɐk	33	6	pʰiɐk33	p	iak	8	5	piak8	本讀，{1}「踢波」；{2}扔掉：「踢啊(ʔa33)乃(nɔi55)垃圾佢」		
3346	踢	透	梗	青	開	四	入	端	kʰ	iɐk	33	6	kʰiɐk33	k	iak	8	5	kiak8	又讀，「踢波」		
3347	啼	定	蟹	齊	開	四	平	端	h	ɔi	22	4	hɔi22	h	oi	4	4	hoi4			
3348	提	常	止	支A	開	三	平	章	h	ɔi	22	4	hɔi22	h	oi	4	4	hoi4			
3349	蹄	定	蟹	齊	開	四	平	端	h	ɔi	22	4	hɔi22	h	oi	4	4	hoi4			
3350	題	定	蟹	齊	開	四	平	端	h	ɔi	22	4	hɔi22	h	oi	4	4	hoi4			
3351	體	透	蟹	齊	開	四	上	端	h	ɔi	55	4	hɔi55	h	oi	2	4	hoi2			
3352	剃	透	蟹	齊	開	四	去	端	h	ɔi	33	4	hɔi33	h	oi	1	4	hoi1			
3353	惕	透	梗	青	開	四	入	端	tʰ	ɐt	55	5	tʰɐt55	t	at	7	4	tat7			
3354	替	透	蟹	齊	開	四	去	端	h	ɔi	33	4	hɔi33	h	oi	1	4	hoi1			
3355	天	透	山	先	開	四	平	端	h	ɐn	33	4	hɐn33	h	an	1	4	han1	本讀，{1}天花板、天空：「天面(mɐn32)」丨 四字詞 「露天(hɐn33)露面(mɐn32)（形容物品沒遮掩，被人一覽無遺）」；{2}搞什麼傢伙、做什麼鬼東西：「你整乜天漢」；{3}天氣：「天時(si22)」丨四字詞 「好(hau55)天(hɐn33)好(hau55)時(si22)（天氣晴朗）」		
3356	天	透	山	先	開	四	平	端	h	ɐn	11	4	hɐn11	h	an	5	4	han5	變調，表示各種天氣：「熱天(hɐn115)」丨「冷(laŋ33)天(hɐn115)」		
3357	天	透	山	先	開	四	平	端	h	ɐn	22	4	hɐn22	h	an	4	4	han4	變調：明天、改天：「天早」		
3358	添	透	咸	添	開	四	平	端	h	iɛm	33	5	hiɛm33	h	iem	1	5	hiem1	文讀，「添加」		
3359	添	透	咸	添	開	四	平	端	tʰ	im	33	5	tʰim33	t	im	1	4	tim1	白讀，「添尐飯」		
3360	添	透	咸	添	開	四	平	端	h	im	33	4	him33	h	im	1	4	him1	白讀，tʰim33的又讀，「添尐飯」		
3361	填	知	臻	真B	開	三	平	知	h	ɐn	22	4	hɐn22	h	an	4	4	han4			
3362	甜	定	咸	添	開	四	平	端	h	iɛm	22	5	hiɛm22	h	iem	4	5	hiem4	有點甜：四字詞 「點 tsut55 點 tsut55」丨「「甜 tsut11 甜 tsut115」」		
3363	田	定	山	先	開	四	平	端	h	ɐn	22	4	hɐn22	h	an	4	4	han4	本讀，{1}種水稻的田：「田角(kɔk11)」 ；{2}菜地：「田洞(ʔəŋ325)」；{3}四字詞 指莊家收成豐盛：「耕田(hɐn22)好(hau55)禾」；{4}東西、物件：「田(hɐn22)嘢(niɛ33)」丨「田(hɐn22)嘢(niɛ11)」；{5}量詞，種類款式：「一han22零食」		
3364	田	定	山	先	開	四	平	端	h	ɐn	11	4	hɐn11	h	an	5	4	han5	變調，{1}地名：「隔田村」；{2}水稻田：「片(pʰiɐŋ33)田」		
3365	闐	定	山	先	開	四	平	端	h	ɐn	22	4	hɐn22	h	an	4	4	han4			
3366	挑	透	效	蕭	開	四	平	端	h	iɐu	33	5	hiɐu33	h	iau	1	5	hiau1	文讀，「挑選」		
3367	挑	#N/A	#N/A	#N/A	#N/A	#N/A	#N/A	#N/A	tʰ	iɐu	33	6	tʰiɐu33	t	iau	1	5	tiau1	白讀，動詞：往物體上雕刻、挖：「挑個花紋到張木凳」丨「挑條刺出來」		
3368	條	定	效	蕭	開	四	平	端	h	iɐu	22	5	hiɐu22	h	iau	4	5	hiau4	{1}歌曲的量詞：「一條歌」；{2}味道的量詞：「一條味」；{3}不間斷，一直做，直到完成：四字詞 「一條子氣(hei335)」；{4}心裡：「條心(ɬim335)」		
3369	跳	定	效	蕭	開	四	平	端	h	iɐu	33	5	hiɐu33	h	iau	1	5	hiau1	文讀，「跳遠」		
3370	跳	定	效	蕭	開	四	平	端	h	iɐu	22	5	hiɐu22	h	iau	4	5	hiau4	白讀，「眼眉跳」		
3371	帖	透	咸	添	開	四	入	端	h	iɛp	55	5	hiɛp55	h	iep	7	5	hiep7	本讀，「請(tʰiɐŋ55)帖」丨「字帖」		
3372	帖	透	咸	添	開	四	入	端	h	iɛp	33	5	hiɛp33	h	iep	8	5	hiep8	又讀，「帖落去」		
3373	貼	透	咸	添	開	四	入	端	h	iɛp	55	5	hiɛp55	h	iep	7	5	hiep7	本讀，「補貼」丨「津貼」丨「對鏡貼花黃」		
3374	貼	透	咸	添	開	四	入	端	h	iɛp	33	5	hiɛp33	h	iep	8	5	hiep8	又讀，「貼緊」		
3375	貼	透	咸	添	開	四	入	端	h	ip	33	4	hip33	h	ip	8	4	hip8	白讀，「貼埋(muɔi22)」丨「貼過來」		
3376	鐵	透	山	先	開	四	入	端	h	ɐt	33	4	hɐt33	h	at	8	4	hat8			
3377	廳	透	梗	青	開	四	平	端	h	iɐŋ	33	5	hiɐŋ33	h	iang	1	6	hiang1	大廳：「廳底」		
3378	聽	透	梗	青	開	四	平	端	h	ɐn	33	4	hɐn33	h	an	1	4	han1	文讀，「言聽計從」		
3379	聽	透	梗	青	開	四	去	端	h	iɐŋ	33	5	hiɐŋ33	h	iang	1	6	hiang1	白讀，「聽話」		
3380	亭	定	梗	青	開	四	平	端	h	ɐn	22	4	hɐn22	h	an	4	4	han4			
3381	停	定	梗	青	開	四	平	端	h	ɐn	22	4	hɐn22	h	an	4	4	han4			
3382	婷	#N/A	#N/A	#N/A	#N/A	#N/A	#N/A	#N/A	h	ɐn	22	4	hɐn22	h	an	4	4	han4			
3383	庭	定	梗	青	開	四	平	端	h	ɐn	22	4	hɐn22	h	an	4	4	han4			
3384	廷	定	梗	青	開	四	平	端	h	ɐn	22	4	hɐn22	h	an	4	4	han4			
3385	蜓	定	梗	青	開	四	平	端	h	ɐn	22	4	hɐn22	h	an	4	4	han4			
3386	霆	定	梗	青	開	四	平	端	h	ɐn	22	4	hɐn22	h	an	4	4	han4			
3387	挺	定	梗	青	開	四	平	端	h	ɐn	11	4	hɐn11	h	an	5	4	han5			
3388	艇	定	梗	青	開	四	上	端	h	iɐŋ	11	5	hiɐŋ11	h	iang	5	6	hiang5			
3389	通	透	通	東	開	一	平	端	h	əŋ	33	4	həŋ33	h	eang	1	6	heang1	{1}通情達理：「通氣(hei33)」；{2}動詞，把事物伸入洞內或管道內的動作：「通隻腳落條牛仔褲入面」丨「個窿好深，通唔盡」丨「通隻手指入去個孔」		
3390	仝	定	通	東	開	一	平	端	h	əŋ	22	4	həŋ22	h	eang	4	6	heang4			
3391	僮	定	通	東	開	一	平	端	h	əŋ	22	4	həŋ22	h	eang	4	6	heang4			
3392	同	定	通	東	開	一	平	端	h	əŋ	22	4	həŋ22	h	eang	4	6	heang4	{1}有默契、相提並論：「同氣(hei33)」；{2}貶義，沒人像你一樣：「冇人同」		
3393	彤	定	通	冬	合	一	平	端	h	əŋ	22	4	həŋ22	h	eang	4	6	heang4			
3394	桐	定	通	東	開	一	平	端	h	əŋ	22	4	həŋ22	h	eang	4	6	heang4			
3395	潼	昌	通	鍾	開	三	平	章	h	əŋ	22	4	həŋ22	h	eang	4	6	heang4			
3396	童	定	通	東	開	一	平	端	h	əŋ	22	4	həŋ22	h	eang	4	6	heang4			
3397	茼	#N/A	#N/A	#N/A	#N/A	#N/A	#N/A	#N/A	tʰ	əŋ	22	5	tʰəŋ22	t	eang	4	6	teang4			
3398	銅	定	通	東	開	一	平	端	h	əŋ	22	4	həŋ22	h	eang	4	6	heang4			
3399	桶	透	通	東	開	一	上	端	h	əŋ	55	4	həŋ55	h	eang	2	6	heang2			
3400	筒	定	通	東	開	一	平	端	h	əŋ	22	4	həŋ22	h	eang	4	6	heang4	本讀，麻將的筒子：「七筒」		
3401	筒	定	通	東	開	一	平	端	h	əŋ	11	4	həŋ11	h	eang	5	6	heang5	變調，{1}「萬花筒」丨「電筒」丨「竹筒」丨「甜筒」；{2}胖了：「圓嗮筒」；{3}腿骨：「筒骨」		
3402	統	透	通	冬	合	一	去	端	h	əŋ	55	4	həŋ55	h	eang	2	6	heang2	本讀，「統一」		
3403	統	透	通	冬	合	一	去	端	tʰ	əŋ	55	5	tʰəŋ55	t	eang	2	6	teang2	變調，「統統」		
3404	痛	透	通	東	開	一	去	端	h	əŋ	33	4	həŋ33	h	eang	1	6	heang1			
3405	偷	透	流	侯	開	一	平	端	h	ai	33	4	hai33	h	aai	1	5	haai1	偷偷摸摸：四字詞「 偷爐(lou11)偷爐(lou115)」丨四字詞「 偷爐(lou22)偷缽(puɔt11)」		
3406	投	定	流	侯	開	一	平	端	h	ai	22	4	hai22	h	aai	4	5	haai4			
3407	頭	定	流	侯	開	一	平	端	h	ai	22	4	hai22	h	aai	4	5	haai4	本讀，{1}剛才：「頭一」丨「在頭(hai335)」」丨「頭先(ɬɐn335)」；{2}走最前面：「行在頭」；{3}食物香：「香頭」；{4}事情原委：「頭路」；{5}頭皮屑：「頭殼(hɔk11)」；{6}年輕：「頭生(saŋ11)」丨四字詞 「頭(hai22)生(saŋ11)遙遙」；{7}大頭菜：「頭菜(tʰuɔi33)」；{8}膠塊狀混合雞蛋等的甜品大菜糕：「東洋頭菜(tʰuɔi33)」；{9}形容肥胖：四字詞：「肥頭(hai22)腯(tut55)耳」；{10}阻攔：四字詞 「攔頭(hai22) tsuɔt32 世(sɔi33)」；{11}粗魯：四字詞 「雷頭(hai22)科長(tsiŋ55)」；{12}形容物品沒遮掩，被人一覽無遺：四字詞 「露頭(hai22)𪘲𪘲」；{13}四字詞 「三(ɬam33)頭(hai22)兩千（形容數目少）」；{14}黃昏：「晚頭」；{15}學前班：「晚頭班」；{16}垂頭聳腦： 四字詞：「kai32頭(hai22)kai32腦」；{17}頭髮：「頭毛」；{18}扭轉頭擰轉面，以示拒絕：四字詞「扭頭(hai22)密面(mɐn32)」		
3408	頭	定	流	侯	開	一	平	端	h	ai	11	4	hai11	h	aai	5	5	haai5	變調，{1}裡面：「瓦頭」；{2}喉嚨：「頸頭」；{3}地名：「咀頭」丨「渡頭」；{4}毛骨悚然、起雞皮疙瘩：「毛骨頭聳」		
3409	透	透	流	侯	開	一	去	端	h	ai	33	4	hai33	h	aai	1	5	haai1			
3410	凸	定	臻	魂	合	一	入	端	ʔ	ut	32	4	ʔut32		ut	9	3	ut9	本讀，「凸出」		
3411	凸	定	臻	魂	合	一	入	端	n	ou	33	4	nou33	n	ou	1	4	nou1	訓讀，凸出：「凸起」		
3412	禿	透	通	東	開	一	入	端	tʰ	ək	55	5	tʰək55	t	eak	2	5	teak2			
3413	突	透	臻	魂	合	一	入	端	ʔ	ut	32	4	ʔut32		ut	9	3	ut9			
3414	圖	定	遇	模	開	一	平	端	h	ou	22	4	hou22	h	ou	4	4	hou4			
3415	塗	定	遇	模	開	一	平	端	h	ou	22	4	hou22	h	ou	4	4	hou4			
3416	屠	澄	遇	魚	開	三	平	知	h	ou	22	4	hou22	h	ou	4	4	hou4			
3417	徒	定	遇	模	開	一	平	端	h	ou	22	4	hou22	h	ou	4	4	hou4			
3418	涂	澄	遇	魚	開	三	平	知	h	ou	22	4	hou22	h	ou	4	4	hou4			
3419	途	定	遇	模	開	一	平	端	h	ou	22	4	hou22	h	ou	4	4	hou4			
3420	吐	透	遇	模	開	一	上	端	h	ou	33	4	hou33	h	ou	1	4	hou1			
3421	土	透	遇	模	開	一	上	端	h	ou	55	4	hou55	h	ou	2	4	hou2	方言俗語：「土談」		
3422	兔	透	遇	模	開	一	去	端	h	ou	33	4	hou33	h	ou	1	4	hou1			
3423	菟	定	遇	模	開	一	平	端	h	ou	33	4	hou33	h	ou	1	4	hou1			
3424	團	定	山	寒	合	一	平	端	h	uɔn	22	5	huɔn22	h	uon	4	5	huon4			
3425	糰	#N/A	#N/A	#N/A	#N/A	#N/A	#N/A	#N/A	h	uɔn	22	5	huɔn22	h	uon	4	5	huon4			
3426	推	透	蟹	灰	合	一	平	端	h	ui	33	4	hui33	h	ui	1	4	hui1	本讀，「推動」		
3427	推	透	蟹	灰	合	一	平	端	tʰ	ui	33	5	tʰui33	t	ui	1	4	tui1	又讀，「推薦」		
3428	頹	定	蟹	灰	合	一	平	端	h	ui	22	4	hui22	h	ui	4	4	hui4			
3429	腿	透	蟹	灰	合	一	上	端	h	ui	55	4	hui55	h	ui	2	4	hui2			
3430	蛻	書	蟹	祭A	合	三	去	章	h	ui	33	4	hui33	h	ui	1	4	hui1			
3431	退	透	蟹	灰	合	一	去	端	h	ui	33	4	hui33	h	ui	1	4	hui1			
3432	吞	透	臻	痕	開	一	平	端	h	un	33	4	hun33	h	un	1	4	hun1			
3433	屯	定	臻	魂	合	一	平	端	h	un	11	4	hun11	h	un	5	4	hun5	本讀，「屯兵」		
3434	屯	定	臻	魂	合	一	平	端	tʰ	un	22	5	tʰun22	t	un	4	4	tun4	變調，「屯門(muɔn22)」		
3435	屯	定	臻	魂	合	一	平	端	tʰ	un	33	5	tʰun33	t	un	1	4	tun1	白讀，疊起：「屯起」		
3436	臀	定	臻	魂	合	一	平	端	h	un	22	4	hun22	h	un	4	4	hun4	本讀，{1}下巴：「雞(kɔi33)臀」；{2}屁股：「屎臀」；{3}撲克牌紅心：「鵝臀」		
3437	臀	定	臻	魂	合	一	平	端	h	un	11	4	hun11	h	un	5	4	hun5	變調，撲克牌紅心：「臀十」		
3438	豚	定	臻	魂	合	一	平	端	tʰ	un	22	5	tʰun22	t	un	4	4	tun4	田鼠：「豚鼠」		
3439	褪	#N/A	#N/A	#N/A	#N/A	#N/A	#N/A	#N/A	h	ui	33	4	hui33	h	ui	1	4	hui1	本讀，「褪色」		
3440	褪	#N/A	#N/A	#N/A	#N/A	#N/A	#N/A	#N/A	tʰ	ɔn	33	5	tʰɔn33	t	on	1	4	ton1	變調，車子後退：「褪車(tsʰiɛ33)」		
3441	托	#N/A	#N/A	#N/A	#N/A	#N/A	#N/A	#N/A	h	ɔk	55	4	hɔk55	h	ok	7	4	hok7	本讀，「托運」丨「摩(muɔ55)托」丨「托兒所」		
3442	托	#N/A	#N/A	#N/A	#N/A	#N/A	#N/A	#N/A	h	ɔk	33	4	hɔk33	h	ok	8	4	hok8	又讀，拍馬屁：「托大腳(kik33)」		
3443	拖	透	果	歌	開	一	去	端	h	ou	33	4	hou33	h	ou	1	4	hou1	本讀，「拖地」		
3444	拖	透	果	歌	開	一	去	端	tʰ	uɔ	55	5	tʰuɔ55	t	uo	2	4	tuo2	訓讀，「拍拖」		
3445	脫	定	山	寒	合	一	入	端	h	uɔt	33	5	huɔt33	h	uot	8	5	huot8	{1}衣服的量詞：「一脫衫(sam33)」；{2}一說「脫至巴肋(lak32)」，指赤膊，不穿衣服，通常指男人。「巴肋」為英文blank的音譯，有「赤膊」之意：四字詞 「脫巴(pa33)至肋(lak33)」		
3446	託	透	宕	唐	開	一	入	端	h	ɔk	33	4	hɔk33	h	ok	8	4	hok8			
3447	佗	定	果	歌	開	一	平	端	h	uɔ	22	4	huɔ22	h	uo	4	4	huo4			
3448	沱	定	果	歌	開	一	平	端	h	uɔ	22	4	huɔ22	h	uo	4	4	huo4			
3449	跎	定	果	歌	開	一	平	端	h	uɔ	22	4	huɔ22	h	uo	4	4	huo4			
3450	陀	定	果	歌	開	一	平	端	h	uɔ	22	4	huɔ22	h	uo	4	4	huo4	文讀，「頭陀」		
3451	陀	定	果	歌	開	一	平	端	h	ou	22	4	hou22	h	ou	4	4	hou4	白讀，{1}害，連累：「陀衰家」丨「陀累我」；{2}拉、帶：「陀三民仔」丨「陀BB」		
3452	馱	定	果	歌	開	一	平	端	h	uɔ	22	4	huɔ22	h	uo	4	4	huo4			
3453	駝	定	果	歌	開	一	平	端	h	uɔ	22	4	huɔ22	h	uo	4	4	huo4	文讀，「駱駝」		
3453	駝	定	果	歌	開	一	平	端	h	ou	22	4	hou22	h	ou	4	4	hou4	白讀，「駝背(puɔi11)」丨「駝背(puɔi115)」		
3454	鴕	#N/A	#N/A	#N/A	#N/A	#N/A	#N/A	#N/A	h	uɔ	22	4	huɔ22	h	uo	4	4	huo4			
3455	妥	透	果	歌	合	一	上	端	h	uɔ	11	4	huɔ11	h	uo	5	4	huo5			
3456	橢	透	果	歌	合	一	上	端	ʔ	uɔ	55	4	ʔuɔ55		uo	2	3	uo2			
3457	唾	透	果	歌	合	一	去	端	tʰ	uɔ	11	5	tʰuɔ11	t	uo	5	4	tuo5			
3458	拓	透	宕	唐	開	一	入	端	h	ɔk	33	4	hɔk33	h	ok	8	4	hok8			
3459	媧	見	蟹	佳	合	二	平	見	ʋ	uɔ	33	4	ʋuɔ33	v	uo	1	4	vuo1			
3460	挖	#N/A	#N/A	#N/A	#N/A	#N/A	#N/A	#N/A	ʋ	ɔt	33	4	ʋɔt33	v	ot	8	4	vot8			
3461	窪	影	假	麻	合	二	平	影	ʋ	a	33	3	ʋa33	v	aa	1	4	vaa1			
3462	蛙	影	蟹	佳	合	二	平	影	ʋ	a	33	3	ʋa33	v	aa	1	4	vaa1			
3463	娃	影	蟹	佳	開	二	平	影	ʋ	a	33	3	ʋa33	v	aa	1	4	vaa1			
3464	瓦	疑	假	麻	合	二	上	見	ŋ	a	55	3	ŋa55	ng	aa	2	5	ngaa2	裡面：「瓦頭(hai11)」		
3465	襪	明	山	元	合	三	入	幫	m	ɔt	32	4	mɔt32	m	ot	6	4	mot6			
3466	外	疑	蟹	泰	合	一	去	見	ŋ	uɔi	32	5	ŋuɔi32	ng	uoi	6	6	nguoi6	文讀，「外人」		
3467	外	疑	蟹	泰	合	一	去	見	ŋ	ɔi	32	4	ŋɔi32	ng	oi	6	5	ngoi6	白讀，{1}外面：「外際(tɔi55)」；{2}娘家：「外祖頭(hai115)」；{3}出國：「出外(ŋɔi325)」丨「到外(ŋɔi32)」丨「去外(ŋɔi32)」		
3468	彎	影	山	刪	合	二	平	影	ʋ	ɔn	33	4	ʋɔn33	v	on	1	4	von1			
3469	灣	影	山	刪	合	二	平	影	ʋ	ɔn	33	4	ʋɔn33	v	on	1	4	von1	本讀，「台灣」		
3470	灣	影	山	刪	合	二	平	影	ʋ	ɔn	22	4	ʋɔn22	v	on	4	4	von4	變調，地名：「南灣」丨「牛(ŋai22)灣」		
3471	丸	匣	山	寒	合	一	平	影	j	uɔn	22	5	juɔn22	j	uon	4	5	juon4	本讀，{1}膠囊：「丸仔(tuɔi55)」；{2}樟腦丸：「臭屎丸(juɔn225)」		
3472	丸	匣	山	寒	合	一	平	影	j	uɔn	11	5	juɔn11	j	uon	5	5	juon5	變調，糍粑：「丸(juɔn115)」丨「牙(ŋa22)連(lɐn22)丸(juɔn11)（牛欄丸）」		
3473	完	匣	山	寒	合	一	平	影	j	uɔn	22	5	juɔn22	j	uon	4	5	juon4			
3474	烷	#N/A	#N/A	#N/A	#N/A	#N/A	#N/A	#N/A	j	uɔn	22	5	juɔn22	j	uon	4	5	juon4			
3475	頑	疑	山	刪	合	二	平	見	ŋ	ɔn	22	4	ŋɔn22	ng	on	4	5	ngon4			
3476	惋	影	山	寒	合	一	去	影	ʋ	uɔn	55	5	ʋuɔn55	v	uon	2	5	vuon2			
3477	晚	明	山	元	合	三	上	幫	m	ɔn	11	4	mɔn11	m	on	5	4	mon5	{1}黃昏：「晚頭(hai22)」；{2}學前班：「晚頭班」；{3}臨近過年：四字詞 「埋(muɔi22)年埋(muɔi22)晚」；{4}泛指一天：「昨(tɔk11)晚（昨天）」丨「今晚（今天）」		
3478	碗	#N/A	#N/A	#N/A	#N/A	#N/A	#N/A	#N/A	ʋ	uɔn	55	5	ʋuɔn55	v	uon	2	5	vuon2	{1}碗、小缽：「碗頭(hai22)」丨「碗頭仔(tuɔi55)」丨「餸碗頭(hai22)（已裝有飯菜的器皿）」；{2}砵仔糕：「碗頭(hai22)仔(tuɔi55)糍」		
3479	腕	影	山	寒	合	一	去	影	ʋ	uɔn	55	5	ʋuɔn55	v	uon	2	5	vuon2			
3480	萬	明	山	元	合	三	去	幫	m	ɔn	32	4	mɔn32	m	on	6	4	mon6			
3481	汪	影	宕	唐	合	一	平	影	ʋ	ɔŋ	55	4	ʋɔŋ55	v	ong	2	5	vong2			
3482	亡	明	宕	陽	合	三	平	幫	m	ɔŋ	22	4	mɔŋ22	m	ong	4	5	mong4	罵人用語，感歎用語：「死閪亡」		
3483	王	云	宕	陽	合	三	平	影	ʋ	ɔŋ	22	4	ʋɔŋ22	v	ong	4	5	vong4	{1}撲克牌K：「葵(kʰei11)王」；{2}形容好賭之徒：四字詞 「爛賭王澤」		
3484	往	云	宕	陽	合	三	上	影	ʋ	ɔŋ	11	4	ʋɔŋ11	v	ong	5	5	vong5			
3485	枉	影	宕	陽	合	三	上	影	ʋ	ɔŋ	55	4	ʋɔŋ55	v	ong	2	5	vong2			
3486	網	明	宕	陽	合	三	上	幫	m	ɔŋ	55	4	mɔŋ55	m	ong	2	5	mong2			
3487	妄	明	宕	陽	合	三	去	幫	m	ɔŋ	11	4	mɔŋ11	m	ong	5	5	mong5			
3488	忘	明	宕	陽	合	三	去	幫	m	ɔŋ	22	4	mɔŋ22	m	ong	4	5	mong4	本讀，「忘記」		
3489	忘	明	宕	陽	合	三	去	幫	m	ɔŋ	32	4	mɔŋ32	m	ong	6	5	mong6	又讀，雞的胰臟：「雞忘記」		
3490	旺	云	宕	陽	合	三	去	影	ʋ	ɔŋ	32	4	ʋɔŋ32	v	ong	6	5	vong6	{1}祝福用語，祝人好運：「旺相」丨四字詞 「旺旺相相」；{2}表示多出一點點：「四點鐘旺尐（四點鐘過一點）」		
3491	望	明	宕	陽	合	三	平	幫	m	ɔŋ	32	4	mɔŋ32	m	ong	6	5	mong6			
3492	危	疑	止	支B	合	三	平	見	ŋ	ɔi	22	4	ŋɔi22	ng	oi	4	5	ngoi4			
3493	威	影	止	微	合	三	平	影	ʋ	ei	33	4	ʋei33	v	ei	1	4	vei1			
3494	微	明	止	微	合	三	平	幫	m	ei	22	4	mei22	m	ei	4	4	mei4	{1}形容迷蒙小雨，廣義也指下雨：四字詞 「落(lɔk32)水微茶」；{2}形容寒冷的雨天，多用於小雨時分：四字詞 「微風(fəŋ33)雪水」		
3495	薇	明	止	脂B	開	三	平	幫	m	ei	22	4	mei22	m	ei	4	4	mei4			
3496	逶	影	止	支B	合	三	平	影	ʋ	ei	55	4	ʋei55	v	ei	2	4	vei2			
3497	唯	以	止	脂A	合	三	平	以	ʋ	ei	22	4	ʋei22	v	ei	4	4	vei4			
3498	圍	云	止	微	合	三	平	影	ʋ	ei	22	4	ʋei22	v	ei	4	4	vei4			
3499	帷	云	止	脂B	合	三	平	影	ʋ	ei	22	4	ʋei22	v	ei	4	4	vei4			
3500	惟	以	止	脂A	合	三	平	以	ʋ	ei	22	4	ʋei22	v	ei	4	4	vei4			
3501	維	以	止	脂A	合	三	平	以	ʋ	ei	22	4	ʋei22	v	ei	4	4	vei4			
3502	違	云	止	微	合	三	平	影	ʋ	ei	22	4	ʋei22	v	ei	4	4	vei4			
3503	韋	云	止	微	合	三	平	影	ʋ	ei	55	4	ʋei55	v	ei	2	4	vei2			
3504	偉	云	止	微	合	三	上	影	ʋ	ei	55	4	ʋei55	v	ei	2	4	vei2			
3505	委	影	止	支B	合	三	上	影	ʋ	ei	55	4	ʋei55	v	ei	2	4	vei2			
3506	尾	明	止	微	合	三	上	幫	m	ei	55	4	mei55	m	ei	2	4	mei2	本讀，{1}消息靈通：「尾了」；{2}四字詞 ：「擘斷(huɔn33)尾(mei55)連(lɐn11) （指說話或做事滔滔不絕，停不了）」；{3}收據、回條：「紙尾」		
3507	尾	明	止	微	合	三	上	幫	m	ei	11	4	mei11	m	ei	5	4	mei5	變調，{1}跟在後面：「跟尾」；{2}蜻蜓：「黃(ʋɔŋ22)尾(mei115)」		
3508	煒	云	止	微	合	三	上	影	ʋ	ei	55	4	ʋei55	v	ei	2	4	vei2			
3509	瑋	云	止	微	合	三	上	影	ʋ	ei	55	4	ʋei55	v	ei	2	4	vei2			
3510	緯	云	止	微	合	三	去	影	ʋ	ei	55	4	ʋei55	v	ei	2	4	vei2			
3511	萎	影	止	支B	合	三	去	影	ʋ	ei	55	4	ʋei55	v	ei	2	4	vei2			
3512	葦	云	止	微	合	三	上	影	ʋ	ei	55	4	ʋei55	v	ei	2	4	vei2			
3513	位	云	止	脂B	合	三	去	影	ʋ	ei	32	4	ʋei32	v	ei	6	4	vei6			
3514	偽	#N/A	#N/A	#N/A	#N/A	#N/A	#N/A	#N/A	ŋ	ɔi	32	4	ŋɔi32	ng	oi	6	5	ngoi6	不順、麻煩：「偽滯」		
3515	味	明	止	微	合	三	去	幫	m	ei	32	4	mei32	m	ei	6	4	mei6	{1}鹽巴：「上味(mei325)；{2}一味：「想味(mei325)」		
3516	尉	影	止	微	合	三	去	影	ʋ	ei	33	4	ʋei33	v	ei	1	4	vei1			
3517	慰	影	止	微	合	三	去	影	ʋ	ei	33	4	ʋei33	v	ei	1	4	vei1			
3518	未	明	止	微	合	三	去	幫	m	ei	32	4	mei32	m	ei	6	4	mei6	先別要：「未住」		
3519	渭	云	止	微	合	三	去	影	ʋ	ei	32	4	ʋei32	v	ei	6	4	vei6			
3520	為	云	止	支B	合	三	平	影	ʋ	ei	22	4	ʋei22	v	ei	4	4	vei4	「為時已晚」		
3521	為	云	止	支B	合	三	平	影	ʋ	ei	32	4	ʋei32	v	ei	6	4	vei6	「因為」		
3522	胃	云	止	微	合	三	去	影	ʋ	ei	32	4	ʋei32	v	ei	6	4	vei6			
3523	蝟	云	止	微	合	三	去	影	ʋ	ei	32	4	ʋei32	v	ei	6	4	vei6			
3524	衛	云	蟹	祭B	合	三	去	影	ʋ	ei	32	4	ʋei32	v	ei	6	4	vei6			
3525	謂	云	止	微	合	三	去	影	ʋ	ei	32	4	ʋei32	v	ei	6	4	vei6			
3526	餵	#N/A	#N/A	#N/A	#N/A	#N/A	#N/A	#N/A	ʋ	ei	33	4	ʋei33	v	ei	1	4	vei1			
3527	魏	疑	止	微	合	三	去	見	ŋ	ɔi	32	4	ŋɔi32	ng	oi	6	5	ngoi6			
3528	溫	影	臻	魂	合	一	平	影	ʋ	un	33	4	ʋun33	v	un	1	4	vun1			
3529	文	明	臻	文	合	三	平	幫	m	un	22	4	mun22	m	un	4	4	mun4	一個人在做了很後悔的且沒有作用的事情之後，會感嘆一聲，意指白做一場：四字詞 「冇(mau33)𡳞文氣(hei33)」		
3530	紋	明	臻	文	合	三	平	幫	m	un	22	4	mun22	m	un	4	4	mun4	刁蠻、彆扭：「扭紋」丨「扭紋柴」		
3531	聞	明	臻	文	合	三	平	幫	m	un	22	4	mun22	m	un	4	4	mun4			
3532	蚊	明	臻	文	合	三	平	幫	m	un	11	4	mun11	m	un	5	4	mun5	微不足道：四字詞 「蚊追牛(ŋai22)角(kɔk11)」		
3533	汶	明	臻	文	合	三	平	幫	m	un	22	4	mun22	m	un	4	4	mun4			
3534	刎	明	臻	文	合	三	上	幫	m	ɐn	11	4	mɐn11	m	an	5	4	man5			
3535	吻	明	臻	文	合	三	上	幫	m	ɐn	11	4	mɐn11	m	an	5	4	man5			
3536	穩	影	臻	魂	合	一	上	影	ʋ	un	55	4	ʋun55	v	un	2	4	vun2			
3537	紊	明	臻	文	合	三	去	幫	m	un	32	4	mun32	m	un	6	4	mun6			
3538	問	明	臻	文	合	三	去	幫	m	un	32	4	mun32	m	un	6	4	mun6			
3539	渦	影	果	歌	合	一	平	影	ʋ	uɔ	33	4	ʋuɔ33	v	uo	1	4	vuo1			
3540	窩	#N/A	#N/A	#N/A	#N/A	#N/A	#N/A	#N/A	ʋ	uɔ	33	4	ʋuɔ33	v	uo	1	4	vuo1			
3541	我	疑	果	歌	開	一	上	見	ŋ	uɔ	11	4	ŋuɔ11	ng	uo	5	5	nguo5	文讀，「自我」		
3542	我	疑	果	歌	開	一	上	見	ŋ	uɔi	33	5	ŋuɔi33	ng	uoi	1	6	nguoi1	白讀，「我冇錢」		
3543	我	疑	果	歌	開	一	上	見	ŋ	uɔi	11	5	ŋuɔi11	ng	uoi	5	6	nguoi5	白讀，我們、我們的：「帶我去見識」丨「我家族龐大」		
3544	握	影	江	江	開	二	入	影	ʔ	ak	55	4	ʔak55		aak	7	4	aak7			
3545	沃	影	通	冬	合	一	入	影	j	ək	55	4	jək55	j	eak	7	5	jeak7			
3546	臥	疑	果	歌	合	一	去	見	ŋ	uɔ	32	4	ŋuɔ32	ng	uo	6	5	nguo6			
3547	嗚	影	遇	模	開	一	平	影	ʋ	u	33	3	ʋu33	v	u	1	3	vu1			
3548	屋	影	通	東	開	一	入	影	ʔ	ək	55	4	ʔək55		eak	7	4	eak7			
3549	於	影	遇	魚	開	三	平	影	j	i	33	3	ji33	j	i	1	3	ji1			
3550	汙	云	遇	虞	合	三	平	影	ʋ	u	33	3	ʋu33	v	u	1	3	vu1			
3551	污	#N/A	#N/A	#N/A	#N/A	#N/A	#N/A	#N/A	ʋ	u	33	3	ʋu33	v	u	1	3	vu1			
3552	烏	影	遇	模	開	一	平	影	ʋ	u	33	3	ʋu33	v	u	1	3	vu1			
3553	吳	疑	遇	模	開	一	平	見	m		22	2	m22	m		4	2	m4	習讀		
3554	吳	疑	遇	模	開	一	平	見	ŋ		22	2	ŋ22	ng		4	3	ng4	本讀，老派		
3555	吾	疑	遇	模	開	一	平	見	m		22	2	m22	m		4	2	m4	習讀		
3556	吾	疑	遇	模	開	一	平	見	ŋ		22	2	ŋ22	ng		4	3	ng4	本讀，老派		
3557	唔	#N/A	#N/A	#N/A	#N/A	#N/A	#N/A	#N/A	m		22	2	m22	m		4	2	m4	{1}指人(青少年)不成熟，做事沒分寸 四字詞： 「唔成(sɐn22)唔識」；{2}不慌不忙，也會用於貶義，指無動於衷：四字詞 「唔緊唔要(jiɐu115)」；{3}指飯菜沒味道：四字詞 「唔鹹唔𪘲(ŋei335)」；{4}一言不發：四字詞 「唔知(tsi33)尐(nit55)聲(siɐŋ335)」；{5}指人老實不客氣，沒等你反應過來就做了不那麼規矩的事情：四字詞 「一個唔該(kuɔi33)」		
3558	梧	疑	遇	模	開	一	平	見	m		22	2	m22	m		4	2	m4	習讀		
3559	梧	疑	遇	模	開	一	平	見	ŋ		22	2	ŋ22	ng		4	3	ng4	本讀，老派		
3560	蜈	疑	遇	模	開	一	平	見	m		22	2	m22	m		4	2	m4	習讀		
3561	蜈	疑	遇	模	開	一	平	見	ŋ		22	2	ŋ22	ng		4	3	ng4	本讀，老派		
3562	五	疑	遇	模	開	一	上	見	m		55	2	m55	m		2	2	m2	習讀，{1}五指毛桃：「五爪金龍」；{2}數目五：四字詞 「五更(kaŋ33)儲(tʰiu33)屎（形容人非常勤勞）」丨四字詞「三(ɬam33)更(kaŋ33)五鼓（三更半夜）」		
3563	五	疑	遇	模	開	一	上	見	ŋ		55	2	ŋ55	ng		2	3	ng2	本讀，老派		
3564	伍	疑	遇	模	開	一	上	見	m		55	2	m55	m		2	2	m2	習讀，「姓伍」丨「伍拾元整」		
3565	伍	疑	遇	模	開	一	上	見	ŋ		55	2	ŋ55	ng		2	3	ng2	本讀，老派，「姓伍」丨「伍拾元整」		
3566	伍	疑	遇	模	開	一	上	見	m		11	2	m11	m		5	2	m5	m55的變調，「隊伍」		
3567	伍	疑	遇	模	開	一	上	見	ŋ		11	2	ŋ11	ng		5	3	ng5	ng55的變調，「隊伍」		
3568	侮	明	遇	虞	合	三	上	幫	m	ou	11	4	mou11	m	ou	5	4	mou5			
3569	午	疑	遇	模	開	一	上	見	m		11	2	m11	m		5	2	m5	習讀		
3570	午	疑	遇	模	開	一	上	見	ŋ		11	2	ŋ11	ng		5	3	ng5	本讀，老派		
3571	武	明	遇	虞	合	三	上	幫	m	ou	11	4	mou11	m	ou	5	4	mou5			
3572	舞	明	遇	虞	合	三	上	幫	m	ou	55	4	mou55	m	ou	2	4	mou2	形容手舞足蹈，把一樣很簡單的事情重複舞動：四字詞 「舞鬼弄術」		
3573	鵡	明	遇	虞	合	三	上	幫	m	ou	11	4	mou11	m	ou	5	4	mou5			
3574	務	明	遇	虞	合	三	去	幫	m	ou	32	4	mou32	m	ou	6	4	mou6	指做東西可順帶在家裡做，以免浪費人力財力在外面找人解決，亦更方便處理：四字詞 「就(tiu32)家(ka33)就(tiu32)務」		
3575	勿	明	臻	文	合	三	入	幫	m	uɔt	32	5	muɔt32	m	uot	9	5	muot9			
3576	埡	#N/A	#N/A	#N/A	#N/A	#N/A	#N/A	#N/A	ʔ	a	33	3	ʔa33		aa	1	3	aa1			
3577	塢	影	遇	模	開	一	上	影	ʔ	au	33	4	ʔau33		aau	1	4	aau1	本讀，「船塢」		
3578	塢	影	遇	模	開	一	上	影	ʋ	u	33	3	ʋu33	v	u	1	3	vu1	又讀，「船塢」		
3579	悟	疑	遇	模	開	一	去	見	m		32	2	m32	m		6	2	m6	習讀		
3580	悟	疑	遇	模	開	一	去	見	ŋ		32	2	ŋ32	ng		6	3	ng6	本讀，老派		
3581	悟	疑	遇	模	開	一	去	見	m		22	2	m22	m		4	2	m4	m32的變調，「孫悟空」		
3582	戊	明	流	侯	開	一	去	幫	m	ou	32	4	mou32	m	ou	6	4	mou6			
3583	晤	疑	遇	模	開	一	去	見	m		32	2	m32	m		6	2	m6	習讀		
3584	晤	疑	遇	模	開	一	去	見	ŋ		32	2	ŋ32	ng		6	3	ng6	本讀，老派		
3585	物	明	臻	文	合	三	入	幫	m	uɔt	32	5	muɔt32	m	uot	9	5	muot9			
3586	誤	疑	遇	模	開	一	去	見	m		32	2	m32	m		6	2	m6	習讀		
3587	誤	疑	遇	模	開	一	去	見	ŋ		32	2	ŋ32	ng		6	3	ng6	本讀，老派		
3588	霧	明	遇	虞	合	三	去	幫	m	ou	32	4	mou32	m	ou	6	4	mou6			
3589	吸	曉	深	侵B	開	三	入	影	kʰ	ip	55	5	kʰip55	k	ip	7	4	kip7	磁石：「吸石(siɐk325)」		
3590	嘻	曉	止	之	開	三	平	影	h	ei	33	4	hei33	h	ei	1	4	hei1	「嘻嘻哈哈」		
3591	嘻	曉	止	之	開	三	平	影	h	i	55	3	hi55	h	i	2	3	hi2	「嘻嘻笑」		
3592	嘻	曉	止	之	開	三	平	影	h	i	11	3	hi11	h	i	5	3	hi5	「嘻嘻傻笑」		
3593	夕	邪	梗	清A	開	三	入	精	tʰ	ɐt	32	5	tʰɐt32	t	at	9	4	tat9			
3594	嬉	曉	止	之	開	三	平	影	h	ei	33	4	hei33	h	ei	1	4	hei1	開心：「心(ɬim330嬉」		
3595	希	曉	止	微	開	三	平	影	h	ei	33	4	hei33	h	ei	1	4	hei1			
3596	息	心	曾	蒸	開	三	入	精	ɬ	ɐt	55	4	ɬɐt55	sl	at	7	5	slat7	本讀，{1}「休息」；{2}形容安靜的場面：四字詞 「息(ɬɐt55)息(ɬɐt55)晴(tʰiɐŋ11)晴(tʰiɐŋ11)」		
3597	息	心	曾	蒸	開	三	入	精	ɬ	ak	33	4	ɬak33	sl	aak	8	6	slaak8	訓讀，曾孫：「我個息大個了」		
3598	惜	心	梗	清A	開	三	入	精	ɬ	ɐt	55	4	ɬɐt55	sl	at	7	5	slat7			
3599	昔	心	梗	清A	開	三	入	精	ɬ	ɐt	55	4	ɬɐt55	sl	at	7	5	slat7			
3600	晰	#N/A	#N/A	#N/A	#N/A	#N/A	#N/A	#N/A	ɬ	ɐt	55	4	ɬɐt55	sl	at	7	5	slat7			
3601	曦	曉	止	支B	開	三	平	影	h	ei	33	4	hei33	h	ei	1	4	hei1			
3602	析	心	梗	青	開	四	入	精	ɬ	ɐt	55	4	ɬɐt55	sl	at	7	5	slat7			
3603	汐	邪	梗	清A	開	三	入	精	t	ɐt	32	4	tɐt32	d	at	9	4	dat9			
3604	淅	心	梗	青	開	四	入	精	ɬ	ik	55	4	ɬik55	sl	iik	2	6	sliik2			
3605	溪	溪	蟹	齊	開	四	平	見	kʰ	ɔi	33	5	kʰɔi33	k	oi	1	4	koi1			
3606	烯	#N/A	#N/A	#N/A	#N/A	#N/A	#N/A	#N/A	h	ei	33	4	hei33	h	ei	1	4	hei1			
3607	熄	心	曾	蒸	開	三	入	精	ɬ	ɐt	55	4	ɬɐt55	sl	at	7	5	slat7			
3608	熙	曉	止	之	開	三	平	影	h	ei	33	4	hei33	h	ei	1	4	hei1			
3609	熹	曉	止	之	開	三	平	影	h	ei	33	4	hei33	h	ei	1	4	hei1			
3610	犀	心	蟹	齊	開	四	平	精	ɬ	ɔi	33	4	ɬɔi33	sl	oi	1	5	sloi1			
3611	犧	曉	止	支B	開	三	平	影	h	ei	33	4	hei33	h	ei	1	4	hei1			
3612	矽	#N/A	#N/A	#N/A	#N/A	#N/A	#N/A	#N/A	t	ɐt	32	4	tɐt32	d	at	9	4	dat9			
3613	稀	曉	止	微	開	三	平	影	h	ei	33	4	hei33	h	ei	1	4	hei1			
3614	羲	曉	止	支B	開	三	平	影	h	ei	33	4	hei33	h	ei	1	4	hei1			
3615	膝	心	臻	真A	開	三	入	精	ɬ	ip	55	4	ɬip55	sl	ip	7	5	slip7			
3616	蜥	心	梗	青	開	四	入	精	ɬ	ɐt	55	4	ɬɐt55	sl	at	7	5	slat7			
3617	西	心	蟹	齊	開	四	平	精	ɬ	ɔi	33	4	ɬɔi33	sl	oi	1	5	sloi1			
3618	嗮	#N/A	#N/A	#N/A	#N/A	#N/A	#N/A	#N/A	ɬ	ɔi	33	4	ɬɔi33	sl	oi	1	5	sloi1	{1}助詞，表示動作已完成：「冇嗮」；{2}太好了：「好過嗮」		
3619	席	邪	梗	清A	開	三	入	精	t	ɐt	32	4	tɐt32	d	at	9	4	dat9	文讀，「主席」		
3620	席	邪	梗	清A	開	三	入	精	t	iɐk	32	5	tiɐk32	d	iak	9	5	diak9	白讀，縫補被子的時候連席也補了，形容多此一舉，好事做成壞事：四字詞 「鋪被(pʰe11)連(lɐn22)席(tiɐk32)」		
3621	習	邪	深	侵A	開	三	入	精	t	ip	32	4	tip32	d	ip	9	4	dip9			
3622	蓆	邪	梗	清A	開	三	入	精	t	iɐk	32	5	tiɐk32	d	iak	9	5	diak9			
3623	襲	邪	深	侵A	開	三	入	精	t	ap	32	4	tap32	d	aap	9	5	daap9			
3624	錫	心	梗	青	開	四	入	精	ɬ	ɐt	55	4	ɬɐt55	sl	at	7	5	slat7	文讀，「錫元素」		
3625	錫	心	梗	青	開	四	入	精	ɬ	iɐk	33	5	ɬiɐk33	sl	iak	8	6	sliak8	白讀，「錫紙」		
3626	錫	心	梗	青	開	四	入	精	s	iɐk	33	5	siɐk33	s	iak	8	5	siak8	訓讀，吻：「錫一啖」		
3627	喜	曉	止	之	開	三	上	影	h	ei	55	4	hei55	h	ei	2	4	hei2	{1}凌厲：「喜市」；{2}積極主動：「喜發(fɔt11)」		
3628	徙	心	止	支A	開	三	上	精	ɬ	ɔi	55	4	ɬɔi55	sl	oi	2	5	sloi2			
3629	洗	心	蟹	齊	開	四	上	精	ɬ	ɔi	55	4	ɬɔi55	sl	oi	2	5	sloi2	洗澡：「洗涼」		
3630	璽	心	止	支A	開	三	上	精	ɬ	ɔi	55	4	ɬɔi55	sl	oi	2	5	sloi2			
3631	禧	曉	止	之	開	三	平	影	h	ei	33	4	hei33	h	ei	1	4	hei1			
3632	係	見	蟹	齊	開	四	去	見	h	ɔi	32	4	hɔi32	h	oi	6	4	hoi6			
3633	戲	曉	止	支B	開	三	平	影	h	ei	33	4	hei33	h	ei	1	4	hei1	{1}指事物處在危險的邊緣，也可用來形容驚險的行為：四字詞 「兒𡳞戲戲」；{2}代指影視作品：「睇戲」丨「公仔(kəŋ11)(tuɔi55)戲（動畫片）」		
3634	系	匣	蟹	齊	開	四	去	影	h	ɔi	32	4	hɔi32	h	oi	6	4	hoi6			
3635	細	心	蟹	齊	開	四	去	精	ɬ	ɔi	33	4	ɬɔi33	sl	oi	1	5	sloi1	本讀，粉絲：「細粉」		
3636	細	心	蟹	齊	開	四	去	精	ɬ	ɔi	11	4	ɬɔi11	sl	oi	5	5	sloi5	變調，弟弟、小朋友：「細」丨「細佬」		
3637	繫	匣	蟹	齊	開	四	去	影	h	ɔi	32	4	hɔi32	h	oi	6	4	hoi6			
3638	蝦	匣	假	麻	開	二	平	影	h	a	11	3	ha11	h	aa	5	4	haa5	本讀，「蝦蟹」		
3639	蝦	匣	假	麻	開	二	平	影	h	a	55	3	ha55	h	aa	2	4	haa2	變調，「蝦餃」		
3640	俠	匣	咸	添	開	四	入	影	h	iɛp	32	5	hiɛp32	h	iep	9	5	hiep9			
3641	峽	匣	咸	咸	開	二	入	影	h	iɛp	32	5	hiɛp32	h	iep	9	5	hiep9			
3642	暇	匣	假	麻	開	二	去	影	h	a	32	3	ha32	h	aa	6	4	haa6			
3643	狹	匣	咸	咸	開	二	入	影	h	iɛp	32	5	hiɛp32	h	iep	9	5	hiep9	本讀，「狹窄」		
3644	狹	匣	咸	咸	開	二	入	影	k	iɛp	32	5	kiɛp32	g	iep	9	5	giep9	訓讀，擁擠：「逼狹」		
3645	瑕	匣	假	麻	開	二	平	影	h	a	22	3	ha22	h	aa	4	4	haa4			
3646	轄	溪	蟹	泰	開	一	去	見	h	ɔt	32	4	hɔt32	h	ot	9	4	hot9			
3647	遐	匣	假	麻	開	二	平	影	h	a	22	3	ha22	h	aa	4	4	haa4			
3648	霞	匣	假	麻	開	二	平	影	h	a	22	3	ha22	h	aa	4	4	haa4			
3649	下	匣	假	麻	開	二	去	影	h	a	32	3	ha32	h	aa	6	4	haa6	{1}方位名詞：「下面(mɐn32)」丨「在下」丨「下腮(ɬuɔi11)（下巴）」；{2}差不多、一會兒：「上(siŋ32下(ha325)」		
3650	下	匣	假	麻	開	二	上	影	h	a	33	3	ha33	h	aa	1	4	haa1	{1}方位動詞：「下去」；{2} 起床：「下床」；{3}形容人很懶，做工作的時候動來動去就是不做：四字詞 「牽上(siŋ33)努下(ha33)」		
3651	下	匣	假	麻	開	二	去	影	h	a	11	3	ha11	h	aa	5	4	haa5	{1}次數：「一下」；{2}在下面：「打(ʔa55)下」；{3}形容工作付出多氣力：四字詞 「下(ha11)氣(hei33)下(ha11)力」		
3652	嚇	曉	假	麻	開	二	去	影	h	ak	33	4	hak33	h	aak	8	5	haak8			
3653	夏	匣	假	麻	開	二	上	影	h	a	32	3	ha32	h	aa	6	4	haa6			
3654	仙	心	山	仙A	開	三	平	精	ɬ	ɐn	33	4	ɬɐn33	sl	an	1	5	slan1	本讀，「仙女」		
3655	仙	心	山	仙A	開	三	平	精	ɬ	ɐn	55	4	ɬɐn55	sl	an	2	5	slan2	變調，{1}硬幣：「仙仔(tuɔi55)」；{2}貨幣面值，分：「一個仙」		
3656	先	心	山	先	開	四	平	精	ɬ	ɐn	33	4	ɬɐn33	sl	an	1	5	slan1	剛才：「頭(hai22)先」丨「第先(ɬɐn335)」丨「啱先(ɬɐn335)」「早先」；{2}碰巧：「啱先(ɬɐn335)」		
3657	掀	曉	山	元	開	三	平	影	h	ɐn	33	4	hɐn33	h	an	1	4	han1			
3658	纖	心	咸	鹽A	開	三	平	精	tʰ	iɛm	33	6	tʰiɛm33	t	iem	1	5	tiem1			
3659	鮮	心	山	仙A	開	三	平	精	ɬ	ɐn	33	4	ɬɐn33	sl	an	1	5	slan1	新鮮：「生(saŋ33)鮮」		
3660	鮮	心	山	仙A	開	三	上	精	ɬ	ɐn	55	4	ɬɐn55	sl	an	2	5	slan2	「鮮有」		
3661	咸	匣	咸	咸	開	二	平	影	h	am	22	4	ham22	h	aam	4	5	haam4			
3662	嫌	匣	咸	添	開	四	平	影	j	iɛm	22	5	jiɛm22	j	iem	4	5	jiem4			
3663	嫻	#N/A	#N/A	#N/A	#N/A	#N/A	#N/A	#N/A	h	ɔn	22	4	hɔn22	h	on	4	4	hon4			
3664	弦	匣	山	先	開	四	平	影	j	iɛn	22	5	jiɛn22	j	ien	4	5	jien4			
3665	絃	匣	山	先	開	四	平	影	j	iɛn	22	5	jiɛn22	j	ien	4	5	jien4			
3666	賢	匣	山	先	開	四	平	影	j	iɛn	22	5	jiɛn22	j	ien	4	5	jien4			
3667	銜	匣	咸	銜	開	二	平	影	h	am	22	4	ham22	h	aam	4	5	haam4			
3668	閒	見	山	山	開	二	平	見	h	ɔn	22	4	hɔn22	h	on	4	4	hon4	本讀，「閒人」		
3669	閒	見	山	山	開	二	平	見	kʰ	ɔn	22	5	kʰɔn22	k	on	4	4	kon4	變調，「得閒」的連音：「得(ʔak33)閒(kʰɔn22)」丨四字詞 「得(ʔak33)閒(kʰɔn22)大樂(lɔk32)（有空餘時間且心情愉悅）」		
3670	鹹	匣	咸	咸	開	二	平	影	h	am	22	4	ham22	h	aam	4	5	haam4	{1}鹹蝦醬：「鹹馬」；{2}「鹹枕餅」即「鹹煎餅」；{3}「鹹tap55」泛指涼果類食品；四字詞 「半(puɔn33)鹹不淡(ham115) （一半鹹一半淡，形容東西做到中間、騎虎難下、兩邊不到岸）」；{4}指飯菜沒味道：四字詞 「唔鹹唔𪘲(ŋei335)」		
3671	蘚	心	山	仙A	開	三	上	精	ɬ	ɐn	55	4	ɬɐn55	sl	an	2	5	slan2			
3672	險	曉	咸	鹽B	開	三	上	影	h	iɛm	55	5	hiɛm55	h	iem	2	5	hiem2			
3673	顯	曉	山	先	開	四	上	影	h	ɐn	55	4	hɐn55	h	an	2	4	han2			
3674	憲	曉	山	元	開	三	去	影	h	ɐn	33	4	hɐn33	h	an	1	4	han1			
3675	獻	曉	臻	元	開	三	去	見	h	un	33	4	hun33	h	un	1	4	hun1			
3676	現	匣	山	先	開	四	去	影	j	iɛn	32	5	jiɛn32	j	ien	6	5	jien6	本讀，清晰：「現」		
3677	現	匣	山	先	開	四	去	影	j	ɐn	32	4	jɐn32	j	an	6	4	jan6	又讀，來安口音		
3678	線	心	山	仙A	開	三	去	精	ɬ	ɐn	33	4	ɬɐn33	sl	an	1	5	slan1	本讀，「無線」丨「打嘜(mak11)線（「嘜線(ɬɐn33)」本義是把裝訂嘜頭的線頭緊緊聯在布上，引申為表達意思時講得十分明確：「打(ʔa55)嘜(mak11)線(ɬɐn33)」）」		
3679	線	心	山	仙A	開	三	去	精	ɬ	ɐn	11	4	ɬɐn11	sl	an	5	5	slan5	變調，瘋癲：「癲線」丨四字詞 「癲癲線(ɬɐn11)線(ɬɐn11)（精神不正常）」丨「吽線線(ɬɐn11吽線線(ɬɐn115」		
3680	縣	匣	山	先	合	四	平	影	j	uɔn	32	5	juɔn32	j	uon	6	5	juon6			
3681	羨	邪	山	仙A	開	三	去	精	ɬ	un	32	4	ɬun32	sl	un	6	5	slun6			
3682	腺	#N/A	#N/A	#N/A	#N/A	#N/A	#N/A	#N/A	ɬ	ɐn	33	4	ɬɐn33	sl	an	1	5	slan1			
3683	限	匣	山	山	開	二	上	影	h	ɔn	32	4	hɔn32	h	on	6	4	hon6	本讀，非…不可：「限其」		
3684	限	#N/A	#N/A	#N/A	#N/A	#N/A	#N/A	#N/A	kʰ	ɐn	55	5	kʰɐn55	k	an	2	4	kan2	訓讀，副詞，表示數不勝數：「無kʰɐn55」丨「曱甴無kʰɐn551多」		
3685	陷	匣	咸	咸	開	二	去	影	h	am	32	4	ham32	h	aam	6	5	haam6			
3686	餡	#N/A	#N/A	#N/A	#N/A	#N/A	#N/A	#N/A	h	am	32	4	ham32	h	aam	6	5	haam6	本讀，「餡料」		
3687	餡	#N/A	#N/A	#N/A	#N/A	#N/A	#N/A	#N/A	h	am	11	4	ham11	h	aam	5	5	haam5	變調，「黃(ʋɔŋ11)皮(pʰei11)餡」		
3688	廂	心	宕	陽	開	三	平	精	ɬ	iŋ	33	4	ɬiŋ33	sl	iing	1	7	sliing1			
3689	湘	心	宕	陽	開	三	平	精	ɬ	iŋ	33	4	ɬiŋ33	sl	iing	1	7	sliing1			
3690	相	心	宕	陽	開	三	平	精	ɬ	iŋ	33	4	ɬiŋ33	sl	iing	1	7	sliing1	{1}照片：「相頭(hai225)」；{2}相親：「相睇」；{3}祝福用語，祝人好運：「旺相」丨四字詞 「旺旺相相」		
3691	鉎	心	梗	青	開	四	平	精	ɬ	iɐŋ	33	5	ɬiɐŋ33	sl	iang	1	7	sliang1	鐵鏽：「生(saŋ33)鉎」		
3692	箱	心	宕	陽	開	三	平	精	ɬ	iŋ	33	4	ɬiŋ33	sl	iing	1	7	sliing1	本讀，「黑箱操作」		
3693	箱	心	宕	陽	開	三	平	精	ɬ	iŋ	11	4	ɬiŋ11	sl	iing	5	7	sliing5	變調，「紙皮箱」		
3694	鄉	曉	宕	陽	開	三	平	影	h	iŋ	33	4	hiŋ33	h	iing	1	6	hiing1			
3695	鑲	心	宕	陽	開	三	平	精	tʰ	iŋ	33	5	tʰiŋ33	t	iing	1	6	tiing1			
3696	香	曉	宕	陽	開	三	平	影	h	iŋ	33	4	hiŋ33	h	iing	1	6	hiing1	{1}香味足：「香頭(hai22)」；{2}煮東西焦了：「呢菜香啊(ʔa33)」；{3}泛指配料：四字詞 「香芹蔥蒜」		
3697	庠	邪	宕	陽	開	三	平	精	tʰ	iŋ	22	5	tʰiŋ22	t	iing	4	6	tiing4			
3698	祥	邪	宕	陽	開	三	平	精	tʰ	iŋ	22	5	tʰiŋ22	t	iing	4	6	tiing4			
3699	翔	邪	宕	陽	開	三	平	精	tʰ	iŋ	22	5	tʰiŋ22	t	iing	4	6	tiing4			
3700	詳	邪	宕	陽	開	三	平	精	tʰ	iŋ	22	5	tʰiŋ22	t	iing	4	6	tiing4			
3701	享	#N/A	#N/A	#N/A	#N/A	#N/A	#N/A	#N/A	h	iŋ	55	4	hiŋ55	h	iing	2	6	hiing2			
3702	想	心	宕	陽	開	三	上	精	ɬ	iŋ	55	4	ɬiŋ55	sl	iing	2	7	sliing2	{1}變瘦：「拔想」丨「疏想」；{2}正打算：「想緊」；{3}新年習俗之掛蒜頭時必唸台詞，祝福心想事成：四字詞 「中想中算」；{4}一味：「想味(mei325)」		
3703	響	曉	宕	陽	開	三	上	影	h	iŋ	55	4	hiŋ55	h	iing	2	6	hiing2	雷聲大得連馬都顫抖了，形容雷聲大，風雨交加：「雷響馬(ma11)顫」		
3704	饗	曉	宕	陽	開	三	上	影	h	iŋ	55	4	hiŋ55	h	iing	2	6	hiing2			
3705	像	邪	宕	陽	開	三	上	精	t	iŋ	32	4	tiŋ32	d	iing	6	6	diing6			
3706	向	書	宕	陽	開	三	去	章	h	iŋ	33	4	hiŋ33	h	iing	1	6	hiing1	文讀，「向南」		
3707	向	書	宕	陽	開	三	去	章	h	iŋ	55	4	hiŋ55	h	iing	2	6	hiing2	白讀，「向窮(kʰəŋ11)去」		
3708	嚮	曉	宕	陽	開	三	上	影	h	iŋ	33	4	hiŋ33	h	iing	1	6	hiing1			
3709	巷	匣	江	江	開	二	去	影	h	ɔŋ	32	4	hɔŋ32	h	ong	6	5	hong6	本讀，「烏衣巷」		
3710	巷	匣	江	江	開	二	去	影	h	ɔŋ	11	4	hɔŋ11	h	ong	5	5	hong5	變調，地名，「麥巷」丨「大巷」丨「里巷」		
3711	巷	匣	江	江	開	二	去	影	h	ɔŋ	55	4	hɔŋ55	h	ong	2	5	hong2	變調，「橫巷」丨「巷仔(tuɔi55)」		
3712	橡	邪	宕	陽	開	三	上	精	t	iŋ	32	4	tiŋ32	d	iing	6	6	diing6			
3713	象	邪	宕	陽	開	三	上	精	t	iŋ	32	4	tiŋ32	d	iing	6	6	diing6			
3714	項	匣	江	江	開	二	上	影	h	ɔŋ	32	4	hɔŋ32	h	ong	6	5	hong6			
3715	宵	心	效	宵A	開	三	平	精	ɬ	iɐu	33	5	ɬiɐu33	sl	iau	1	6	sliau1			
3716	消	心	效	宵A	開	三	平	精	ɬ	iɐu	33	5	ɬiɐu33	sl	iau	1	6	sliau1			
3717	瀟	#N/A	#N/A	#N/A	#N/A	#N/A	#N/A	#N/A	ɬ	iɐu	33	5	ɬiɐu33	sl	iau	1	6	sliau1			
3718	硝	心	效	宵A	開	三	平	精	ɬ	iɐu	33	5	ɬiɐu33	sl	iau	1	6	sliau1			
3719	簫	心	效	蕭	開	四	平	精	ɬ	iɐu	33	5	ɬiɐu33	sl	iau	1	6	sliau1			
3720	蕭	心	效	蕭	開	四	平	精	ɬ	iɐu	33	5	ɬiɐu33	sl	iau	1	6	sliau1			
3721	逍	心	效	宵A	開	三	平	精	ɬ	iɐu	33	5	ɬiɐu33	sl	iau	1	6	sliau1			
3722	銷	心	效	宵A	開	三	平	精	ɬ	iɐu	33	5	ɬiɐu33	sl	iau	1	6	sliau1			
3723	霄	心	效	宵A	開	三	平	精	ɬ	iɐu	33	5	ɬiɐu33	sl	iau	1	6	sliau1			
3724	淆	匣	效	肴	開	二	平	影	ŋ	au	22	4	ŋau22	ng	aau	4	6	ngaau4			
3725	小	心	效	宵A	開	三	上	精	ɬ	iɐu	55	5	ɬiɐu55	sl	iau	2	6	sliau2	{1}形容人很猥瑣，或小氣：四字詞 「小神小鬼」；{2}從小培養孩子的習慣：四字詞 「目從小起」		
3726	曉	曉	效	蕭	開	四	上	影	h	iɐu	55	5	hiɐu55	h	iau	2	5	hiau2			
3727	嘯	心	效	蕭	開	四	去	精	ɬ	iɐu	33	5	ɬiɐu33	sl	iau	1	6	sliau1			
3728	孝	曉	效	肴	開	二	去	影	h	au	33	4	hau33	h	aau	1	5	haau1			
3729	效	匣	效	肴	開	二	去	影	h	au	32	4	hau32	h	aau	6	5	haau6			
3730	校	見	效	肴	開	二	去	見	k	au	33	4	kau33	g	aau	1	5	gaau1	「校對」		
3731	校	匣	效	肴	開	二	去	影	h	au	32	4	hau32	h	aau	6	5	haau6	「學校」		
3732	笑	心	效	宵A	開	三	去	精	ɬ	iɐu	33	5	ɬiɐu33	sl	iau	1	6	sliau1			
3733	肖	心	效	宵A	開	三	去	精	ɬ	iɐu	33	5	ɬiɐu33	sl	iau	1	6	sliau1			
3734	些	心	假	麻	開	三	平	精	ɬ	iɛ	33	4	ɬiɛ33	sl	ie	1	5	slie1			
3735	偕	見	蟹	皆	開	二	平	見	k	ɔi	33	4	kɔi33	g	oi	1	4	goi1			
3736	協	匣	咸	添	開	四	入	影	h	iɛp	32	5	hiɛp32	h	iep	9	5	hiep9			
3737	挾	匣	咸	添	開	四	入	影	h	iɛp	32	5	hiɛp32	h	iep	9	5	hiep9			
3738	斜	邪	假	麻	開	三	平	精	tʰ	iɛ	22	5	tʰiɛ22	t	ie	4	4	tie4	文讀，「傾斜」		
3739	斜	邪	假	麻	開	三	平	精	tʰ	iɛ	33	5	tʰiɛ33	t	ie	1	4	tie1	白讀，「斜斜哋」		
3740	脅	曉	咸	嚴	開	三	去	影	h	iɛp	32	5	hiɛp32	h	iep	9	5	hiep9			
3741	葉	以	咸	鹽A	開	三	入	以	j	iɛp	32	5	jiɛp32	j	iep	9	5	jiep9	本讀，「葉姓」		
3742	葉	以	咸	鹽A	開	三	入	以	j	iɛp	11	5	jiɛp11	j	iep	10	5	jiep10	變調，名詞，「一拈(niɛm55)葉」		
3743	諧	匣	蟹	皆	開	二	平	影	h	ɔi	22	4	hɔi22	h	oi	4	4	hoi4			
3744	邪	邪	假	麻	開	三	平	精	tʰ	iɛ	22	5	tʰiɛ22	t	ie	4	4	tie4	「邪神」		
3745	邪	以	假	麻	開	三	平	以	j	iɛ	22	4	jiɛ22	j	ie	4	4	jie4	「其正色邪」		
3746	鞋	匣	蟹	佳	開	二	平	影	h	ɔi	22	4	hɔi22	h	oi	4	4	hoi4			
3747	寫	心	假	麻	開	三	上	精	ɬ	iɛ	55	4	ɬiɛ55	sl	ie	2	5	slie2			
3748	血	曉	山	先	合	四	入	影	h	ut	55	4	hut55	h	ut	7	4	hut7	本讀，「血壓」丨「血統」		
3749	血	曉	山	先	合	四	入	影	h	ut	33	4	hut33	h	ut	8	4	hut8	又讀，「流血」丨四字詞 「點肉(ŋək11)點血(hut33)（形容氣色好）」		
3750	卸	心	假	麻	開	三	去	精	ɬ	iɛ	33	4	ɬiɛ33	sl	ie	1	5	slie1			
3751	屑	心	臻	魂	合	一	入	精	ɬ	ɐt	55	4	ɬɐt55	sl	at	7	5	slat7			
3752	懈	見	蟹	佳	開	二	去	見	h	ɔi	32	4	hɔi32	h	oi	6	4	hoi6			
3753	械	匣	蟹	皆	開	二	去	影	h	ɔi	32	4	hɔi32	h	oi	6	4	hoi6			
3754	榭	邪	假	麻	開	三	去	精	t	iɛ	32	4	tiɛ32	d	ie	6	4	die6			
3755	泄	心	山	仙A	開	三	入	精	ɬ	ɐt	55	4	ɬɐt55	sl	at	7	5	slat7			
3756	洩	#N/A	#N/A	#N/A	#N/A	#N/A	#N/A	#N/A	ɬ	ɐt	55	4	ɬɐt55	sl	at	7	5	slat7			
3757	瀉	心	假	麻	開	三	上	精	ɬ	iɛ	33	4	ɬiɛ33	sl	ie	1	5	slie1	文讀，「腹瀉」		
3758	瀉	心	假	麻	開	三	上	精	ɬ	iɛ	55	4	ɬiɛ55	sl	ie	2	5	slie2	白讀，倒水、水溢出：「瀉水」丨「呢水瀉出來」		
3759	蟹	匣	蟹	佳	開	二	上	影	h	ɔi	55	4	hɔi55	h	oi	2	4	hoi2			
3760	謝	邪	假	麻	開	三	去	精	t	iɛ	32	4	tiɛ32	d	ie	6	4	die6			
3761	邂	匣	蟹	佳	開	二	去	影	h	ɔi	11	4	hɔi11	h	oi	5	4	hoi5			
3762	心	心	深	侵A	開	三	平	精	ɬ	im	33	4	ɬim33	sl	im	1	5	slim1	本讀，{1}心意：「心事」丨「好(hau55)心事」；{2}開心：「心嬉」；{3}小朋友：「心民(min55)仔(tuɔi55)」；{4}兒子的老婆：「心婦」；{5}心裡：「條心(ɬim335)」		
3763	心	心	深	侵A	開	三	平	精	ɬ	im	11	4	ɬim11	sl	im	5	5	slim5	變調，{1}地名，「蔡田(hɐn22)心」；{2}伴手禮：「手心」		
3764	新	心	臻	真A	開	三	平	精	ɬ	in	33	4	ɬin33	sl	in	1	5	slin1	本讀，「新舊」		
3765	新	心	臻	真A	開	三	平	精	ɬ	in	55	4	ɬin55	sl	in	2	5	slin2	變調，新娘：「新娘(niŋ225)」		
3766	欣	曉	臻	欣	開	三	平	影	h	in	33	4	hin33	h	in	1	4	hin1			
3767	薪	心	臻	真A	開	三	平	精	ɬ	in	33	4	ɬin33	sl	in	1	5	slin1			
3768	辛	心	臻	真A	開	三	平	精	ɬ	in	33	4	ɬin33	sl	in	1	5	slin1	疲累艱苦：四字詞 「辛苦大命(miɐŋ32)」		
3769	信	心	臻	真A	開	三	去	精	ɬ	in	33	4	ɬin33	sl	in	1	5	slin1	{1}「算」的演化音，表示就這樣而已：「信就(tiu32)」；{2}「算」的演化音，表示就算：「就(tiu32)信」		
3770	惺	心	梗	清	開	三	上	精	ɬ	ɐn	33	4	ɬɐn33	sl	an	1	5	slan1			
3771	星	心	梗	青	開	四	平	精	ɬ	ɐn	33	4	ɬɐn33	sl	an	1	5	slan1	文讀，「星星」		
3772	星	心	梗	青	開	四	平	精	ɬ	iɐŋ	11	5	ɬiɐŋ11	sl	iang	5	7	sliang5	白讀，「一粒星」		
3773	猩	生	梗	庚	開	二	平	莊	ɬ	ɐn	33	4	ɬɐn33	sl	an	1	5	slan1			
3774	腥	心	梗	青	開	四	平	精	ɬ	iɐŋ	33	5	ɬiɐŋ33	sl	iang	1	7	sliang1			
3775	興	曉	曾	蒸	開	三	平	影	h	ɐn	33	4	hɐn33	h	an	1	4	han1	{1}可以、流行：「興kʰau115」丨「以前唔興煮飯」；{2}熱鬧：「高(kau33)興」；{3}想死：「興死」；{4}待會：「興陣(tsin11)間」		
3776	刑	匣	梗	青	開	四	平	影	j	ɐn	22	4	jɐn22	j	an	4	4	jan4			
3777	型	匣	梗	青	開	四	平	影	j	ɐn	22	4	jɐn22	j	an	4	4	jan4			
3778	形	匣	梗	青	開	四	平	影	j	ɐn	22	4	jɐn22	j	an	4	4	jan4	小題大做、挑剔：「形容」		
3779	行	匣	宕	唐	開	一	平	影	h	ɔŋ	22	4	hɔŋ22	h	ong	4	5	hong4	{1}「銀行」丨「行列」；{2}用雙手或物體互相平行地從兩端慢慢向中央集中的動作：「行面(mɐn32)（用雙手擠壓別人的臉）」丨「行蕉佢冇俾佢歪」		
3780	行	匣	梗	庚	開	二	平	影	h	aŋ	22	4	haŋ22	h	aang	4	6	haang4	{1}「行路」；{2}副詞，緊繃，同「緪」：「扯行佢」；{3}東西、物件：「行藏(tʰɔŋ22)」；{3}故意：「行(haŋ22)特(ʔak115)」；{4}拜山掃墓：「行山(sɔn33)」；{5}暫時離開：「行(haŋ22)側」；{6}蠻橫：「盲行」；{7}副詞，表示動作持續，且有加強的趨勢：「講行佢（一直講）」丨「望行佢（一直望）」		
3781	行	匣	梗	庚	開	二	去	影	h	aŋ	32	4	haŋ32	h	aang	6	6	haang6	「品行」		
3782	行	匣	宕	唐	開	一	平	影	h	ɔŋ	55	4	hɔŋ55	h	ong	2	5	hong2	塗抹的動作，抹水泥：「行水泥」		
3783	擤	#N/A	#N/A	#N/A	#N/A	#N/A	#N/A	#N/A	ɬ	in	33	4	ɬin33	sl	in	1	5	slin1			
3784	醒	心	梗	青	開	四	平	精	ɬ	ɐn	55	4	ɬɐn55	sl	an	2	5	slan2	文讀，「醒覺」		
3785	醒	心	梗	青	開	四	平	精	ɬ	iɐŋ	55	5	ɬiɐŋ55	sl	iang	2	7	sliang2	白讀，{1}起床：「醒眼」；{2}醒目：「醒氣(hei33)」；{3}醒神乾淨：「醒(ɬiɐŋ55)淨(tiɐŋ32)」		
3786	倖	匣	梗	耕	開	二	上	影	h	aŋ	32	4	haŋ32	h	aang	6	6	haang6			
3787	姓	心	梗	清A	開	三	去	精	ɬ	ɐn	33	4	ɬɐn33	sl	an	1	5	slan1			
3788	幸	匣	梗	耕	開	二	上	影	h	aŋ	32	4	haŋ32	h	aang	6	6	haang6			
3789	性	心	梗	清A	開	三	去	精	ɬ	ɐn	33	4	ɬɐn33	sl	an	1	5	slan1	固執：「梗性」		
3790	杏	匣	梗	庚	開	二	上	影	h	aŋ	32	4	haŋ32	h	aang	6	6	haang6			
3791	兄	曉	梗	庚	合	三	平	影	h	ɐn	33	4	hɐn33	h	an	1	4	han1			
3792	兇	曉	通	鍾	開	三	平	影	h	əŋ	33	4	həŋ33	h	eang	1	6	heang1			
3793	凶	曉	通	鍾	開	三	平	影	h	əŋ	33	4	həŋ33	h	eang	1	6	heang1			
3794	匈	曉	通	鍾	開	三	平	影	h	əŋ	33	4	həŋ33	h	eang	1	6	heang1			
3795	洶	曉	通	鍾	開	三	平	影	h	əŋ	33	4	həŋ33	h	eang	1	6	heang1			
3796	胸	#N/A	#N/A	#N/A	#N/A	#N/A	#N/A	#N/A	h	əŋ	33	4	həŋ33	h	eang	1	6	heang1	本讀，「胸部」		
3797	胸	#N/A	#N/A	#N/A	#N/A	#N/A	#N/A	#N/A	h	əŋ	11	4	həŋ11	h	eang	5	6	heang5	變調，「雞(kɔi330胸」		
3798	熊	云	通	東	開	三	平	影	h	əŋ	22	4	həŋ22	h	eang	4	6	heang4			
3799	雄	云	通	東	開	三	平	影	h	əŋ	22	4	həŋ22	h	eang	4	6	heang4			
3800	休	曉	流	尤	開	三	平	影	h	iu	33	4	hiu33	h	iu	1	4	hiu1			
3801	修	心	流	尤	開	三	平	精	ɬ	iu	33	4	ɬiu33	sl	iu	1	5	sliu1	師傅：「修傅(fu325)」		
3802	咻	曉	流	尤	開	三	平	影	h	iu	33	4	hiu33	h	iu	1	4	hiu1	「嘿咻」		
3803	咻	曉	流	尤	開	三	平	影	h	iu	55	4	hiu55	h	iu	2	4	hiu2	動詞，嘟起嘴的動作：「咻嘴」		
3804	羞	心	流	尤	開	三	平	精	ɬ	iu	33	4	ɬiu33	sl	iu	1	5	sliu1	「唔怕醜唔怕羞」		
3805	脩	心	流	尤	開	三	平	精	ɬ	iu	33	4	ɬiu33	sl	iu	1	5	sliu1			
3806	嗅	#N/A	#N/A	#N/A	#N/A	#N/A	#N/A	#N/A	tsʰ	iu	33	6	tsʰiu33	c	iu	1	4	ciu1			
3807	琇	以	流	尤	開	三	上	以	ɬ	iu	33	4	ɬiu33	sl	iu	1	5	sliu1			
3808	秀	心	流	尤	開	三	去	精	ɬ	iu	33	4	ɬiu33	sl	iu	1	5	sliu1			
3809	繡	心	流	尤	開	三	去	精	ɬ	iu	33	4	ɬiu33	sl	iu	1	5	sliu1	本讀，「刺繡」		
3810	繡	#N/A	#N/A	#N/A	#N/A	#N/A	#N/A	#N/A	ɬ	iu	55	4	ɬiu55	sl	iu	2	5	sliu2	訓讀，動詞，鞭打，一般專用在對小朋友的管教上：「我討條雞毛掃ɬiu55善你」		
3811	袖	邪	流	尤	開	三	去	精	t	iu	32	4	tiu32	d	iu	6	4	diu6			
3812	鏽	#N/A	#N/A	#N/A	#N/A	#N/A	#N/A	#N/A	s	au	33	4	sau33	s	aau	1	5	saau1			
3813	墟	溪	遇	魚	開	三	平	見	h	ui	33	4	hui33	h	ui	1	4	hui1	本讀，「廢墟」		
3814	墟	溪	遇	魚	開	三	平	見	h	ui	11	4	hui11	h	ui	5	4	hui5	變調，集市：「等(ʔaŋ55)墟」丨「墟日(ŋit11)」丨「大江墟」		
3815	籲	以	遇	虞	合	三	去	以	j	i	32	3	ji32	j	i	6	3	ji6			
3816	虛	曉	遇	魚	開	三	平	影	h	ui	33	4	hui33	h	ui	1	4	hui1			
3817	需	心	遇	虞	合	三	平	精	ɬ	ui	33	4	ɬui33	sl	ui	1	5	slui1			
3818	須	心	遇	虞	合	三	平	精	ɬ	ui	33	4	ɬui33	sl	ui	1	5	slui1			
3819	鬚	心	遇	虞	合	三	平	精	ɬ	ou	33	4	ɬou33	sl	ou	1	5	slou1	本讀，「龍鬚糖」丨「鬚髮」		
3820	鬚	心	遇	虞	合	三	平	精	ɬ	ou	11	4	ɬou11	sl	ou	5	5	slou5	變調，{1}「鬍鬚(ɬou115)」；{2}鬚狀、長條尾巴狀物體：「拂塵有條鬚(ɬou115)」		
3821	徐	邪	遇	魚	開	三	平	精	tʰ	ui	22	5	tʰui22	t	ui	4	4	tui4			
3822	栩	云	遇	虞	合	三	上	影	h	ui	55	4	hui55	h	ui	2	4	hui2			
3823	許	曉	遇	魚	開	三	上	影	h	ui	55	4	hui55	h	ui	2	4	hui2			
3824	婿	#N/A	#N/A	#N/A	#N/A	#N/A	#N/A	#N/A	ɬ	ɔi	11	4	ɬɔi11	sl	oi	5	5	sloi5			
3825	序	邪	遇	魚	開	三	上	精	t	ui	32	4	tui32	d	ui	6	4	dui6			
3826	敘	邪	遇	魚	開	三	上	精	t	ui	32	4	tui32	d	ui	6	4	dui6			
3827	旭	曉	通	鍾	開	三	入	影	k	ək	55	4	kək55	g	eak	7	5	geak7			
3828	絮	心	遇	魚	開	三	去	精	ɬ	ui	11	4	ɬui11	sl	ui	5	5	slui5			
3829	緒	邪	遇	魚	開	三	上	精	ɬ	ui	11	4	ɬui11	sl	ui	5	5	slui5			
3830	續	邪	通	鍾	開	三	入	精	t	ək	32	4	tək32	d	eak	9	5	deak9			
3831	蓄	曉	通	東	開	三	入	影	tsʰ	ək	55	6	tsʰək55	c	eak	7	5	ceak7			
3832	宣	心	山	仙A	合	三	平	精	ɬ	un	33	4	ɬun33	sl	un	1	5	slun1			
3833	懸	匣	山	先	合	四	平	影	j	uɔn	22	5	juɔn22	j	uon	4	5	juon4			
3834	旋	邪	山	仙A	合	三	平	精	ɬ	un	22	4	ɬun22	sl	un	4	5	slun4	本讀，「旋風」		
3835	旋	邪	山	仙A	合	三	平	精	t	un	32	4	tun32	d	un	6	4	dun6	變調，動詞，擰：「旋開佢」		
3836	旋	邪	山	仙A	合	三	平	精	t	un	11	4	tun11	d	un	5	4	dun5	變調，名詞，髪旋，「你個頭有兩個tun115」		
3837	漩	#N/A	#N/A	#N/A	#N/A	#N/A	#N/A	#N/A	ɬ	un	22	4	ɬun22	sl	un	4	5	slun4			
3838	玄	匣	山	先	合	四	平	影	j	uɔn	22	5	juɔn22	j	uon	4	5	juon4			
3839	選	心	山	仙A	合	三	上	精	ɬ	un	55	4	ɬun55	sl	un	2	5	slun2			
3840	渲	心	山	仙A	合	三	去	精	ɬ	un	33	4	ɬun33	sl	un	1	5	slun1			
3841	炫	匣	山	先	合	四	去	影	j	uɔn	22	5	juɔn22	j	uon	4	5	juon4			
3842	眩	匣	山	先	合	四	平	影	j	uɔn	22	5	juɔn22	j	uon	4	5	juon4			
3843	削	心	宕	陽	開	三	入	精	ɬ	ik	55	4	ɬik55	sl	iik	7	6	sliik7	本讀，{1}「剝(mɔk55)削」；{2}藥性寒涼：「涼削」		
3844	削	心	宕	陽	開	三	入	精	ɬ	ik	33	4	ɬik33	sl	iik	8	6	sliik8	又讀，「削去」		
3845	薛	心	山	仙A	開	三	入	精	ɬ	ɐt	55	4	ɬɐt55	sl	at	7	5	slat7			
3846	靴	曉	果	歌	合	三	平	影	h	iɛ	33	4	hiɛ33	h	ie	1	4	hie1			
3847	學	匣	江	江	開	二	入	影	h	ɔk	32	4	hɔk32	h	ok	9	4	hok9			
3848	穴	匣	山	先	合	四	入	影	j	uɔt	32	5	juɔt32	j	uot	9	5	juot9			
3849	雪	心	山	仙A	合	三	入	精	ɬ	ut	55	4	ɬut55	sl	ut	7	5	slut7	形容寒冷的雨天，多用於小雨時分：四字詞 「微風(fəŋ33)雪水」		
3850	勛	曉	臻	文	合	三	平	影	f	un	33	4	fun33	f	un	1	4	fun1			
3851	燻	曉	臻	文	合	三	平	影	f	un	33	4	fun33	f	un	1	4	fun1			
3852	薰	曉	臻	文	合	三	平	影	f	un	33	4	fun33	f	un	1	4	fun1			
3853	醺	曉	臻	文	合	三	平	影	f	un	33	4	fun33	f	un	1	4	fun1			
3854	尋	邪	深	侵A	開	三	平	精	tʰ	im	22	5	tʰim22	t	im	4	4	tim4			
3855	巡	邪	臻	真A	合	三	平	精	tʰ	un	22	5	tʰun22	t	un	4	4	tun4			
3856	循	邪	臻	真A	合	三	平	精	tʰ	un	22	5	tʰun22	t	un	4	4	tun4			
3857	旬	邪	臻	真A	合	三	平	精	tʰ	un	22	5	tʰun22	t	un	4	4	tun4			
3858	詢	心	臻	真A	合	三	平	精	ɬ	un	33	4	ɬun33	sl	un	1	5	slun1			
3859	殉	邪	臻	真A	合	三	去	精	ɬ	un	33	4	ɬun33	sl	un	1	5	slun1			
3860	訊	心	臻	真A	開	三	去	精	ɬ	in	33	4	ɬin33	sl	in	1	5	slin1			
3861	訓	曉	臻	文	合	三	去	影	f	un	33	4	fun33	f	un	1	4	fun1			
3862	迅	心	臻	真A	開	三	去	精	ɬ	in	33	4	ɬin33	sl	in	1	5	slin1			
3863	遜	心	臻	魂	合	一	去	精	ɬ	un	33	4	ɬun33	sl	un	1	5	slun1			
3864	馴	邪	臻	真A	合	三	平	精	s	un	22	4	sun22	s	un	4	4	sun4	{1}秉性純良：「馴」；{2}動物沒有活力、快死了：「條魚純啊(ʔa33)」		
3865	丫	影	假	麻	開	二	平	影	ʔ	a	11	3	ʔa11		aa	5	3	aa5	分叉口：「髀丫（大腿間縫隙）」		
3866	丫	影	假	麻	開	二	平	影	ʔ	a	33	3	ʔa33		aa	1	3	aa1	「丫鬟」		
3867	壓	影	咸	銜	開	二	入	影	ʔ	ɔt	55	4	ʔɔt55		ot	7	3	ot7			
3868	押	影	咸	銜	開	二	入	影	ʔ	ɔt	55	4	ʔɔt55		ot	7	3	ot7	本讀，「押韻」		
3868	押	影	咸	銜	開	二	入	影	ʔ	ɔt	33	4	ʔɔt33		ot	8	3	ot8	又讀，重重地摔某樣東西在地上：「押爛個碗」		
3869	椏	影	假	麻	開	二	平	影	ʔ	a	11	3	ʔa11		aa	5	3	aa5			
3870	鴉	影	假	麻	開	二	平	影	ʔ	a	33	3	ʔa33		aa	1	3	aa1			
3871	鴨	影	咸	銜	開	二	入	影	ʔ	ap	33	4	ʔap33		aap	8	4	aap8	{1}倒數第一：「賴尾(mei55)鴨」；{2}扁平足：「鴨乸腳」		
3872	崖	疑	止	支B	開	三	平	見	ŋ	ɔi	22	4	ŋɔi22	ng	oi	4	5	ngoi4			
3873	涯	疑	止	支B	開	三	平	見	ŋ	ɔi	22	4	ŋɔi22	ng	oi	4	5	ngoi4			
3874	牙	疑	假	麻	開	二	平	見	ŋ	a	22	3	ŋa22	ng	aa	4	5	ngaa4	本讀，{1}牛欄丸：「牙(ŋa22)連(lɐn22)丸(juɔn11)」；{2}形容食物過於韌硬，難以咀嚼：四字詞 「韌(ŋin33)牙(ŋa22)韌(ŋin33)齒」		
3875	牙	疑	假	麻	開	二	平	見	ŋ	a	11	3	ŋa11	ng	aa	5	5	ngaa5	變調，縫隙、螺紋：「𪘲(ŋei33) 牙(ŋa115)（露出一點小縫）」丨「滑牙(ŋa115)（零件因紋路缺損而無法緊合）」		
3876	芽	疑	假	麻	開	二	平	見	ŋ	a	22	3	ŋa22	ng	aa	4	5	ngaa4	{1}綠豆芽：「芽菜(tʰuɔi33)」；{2}黃豆芽：「豆(ʔai32)芽」		
3877	衙	疑	遇	魚	開	三	平	見	ŋ	a	22	3	ŋa22	ng	aa	4	5	ngaa4			
3878	雅	疑	假	麻	開	二	上	見	ŋ	a	11	3	ŋa11	ng	aa	5	5	ngaa5			
3879	亞	影	假	麻	開	二	去	影	ʔ	a	33	3	ʔa33		aa	1	3	aa1			
3880	揠	影	山	山	開	二	入	影	ʔ	ɔt	55	4	ʔɔt55		ot	7	3	ot7			
3881	咽	影	山	先	開	四	平	影	j	iɛn	33	5	jiɛn33	j	ien	1	5	jien1	「咽喉」		
3882	咽	影	山	先	開	四	入	影	j	iɛt	55	5	jiɛt55	j	iet	7	5	jiet7	「哽咽」		
3883	淹	影	咸	鹽B	開	三	平	影	j	iɛm	55	5	jiɛm55	j	iem	2	5	jiem2			
3884	煙	影	山	先	開	四	平	影	j	iɛn	33	5	jiɛn33	j	ien	1	5	jien1	本讀		
3885	煙	影	山	先	開	四	平	影	j	ɐn	33	4	jɐn33	j	an	1	4	jan1	又讀，來安口音		
3886	醃	影	咸	鹽B	開	三	平	影	j	iɛm	33	5	jiɛm33	j	iem	1	5	jiem1	文讀，「醃製」		
3887	醃	影	咸	鹽B	開	三	平	影	j	iɛp	33	5	jiɛp33	j	iep	8	5	jiep8	白讀，「俾鹽醃鹹魚」		
3888	嚴	疑	咸	嚴	開	三	平	見	ŋ	iɛm	22	5	ŋiɛm22	ng	iem	4	6	ngiem4			
3889	礹	疑	咸	銜	開	二	平	見	ŋ	am	22	4	ŋam22	ng	aam	4	6	ngaam4			
3890	巖	疑	咸	銜	開	二	平	見	ŋ	am	22	4	ŋam22	ng	aam	4	6	ngaam4			
3891	延	以	山	仙A	開	三	平	以	j	iɛn	22	5	jiɛn22	j	ien	4	5	jien4			
3892	沿	以	山	仙A	合	三	平	以	j	uɔn	22	5	juɔn22	j	uon	4	5	juon4			
3893	炎	云	咸	鹽B	開	三	平	影	j	iɛm	32	5	jiɛm32	j	iem	6	5	jiem6			
3894	研	疑	山	先	開	四	平	見	ŋ	ɐn	22	4	ŋɐn22	ng	an	4	5	ngan4	文讀，「研究」		
3895	研	疑	山	先	開	四	平	見	ŋ	ɔn	22	4	ŋɔn22	ng	on	4	5	ngon4	白讀，用刀子慢慢用鋸的形式劃開：「研眼蔗」		
3896	言	疑	山	元	開	三	平	見	ŋ	un	22	4	ŋun22	ng	un	4	5	ngun4			
3897	閻	以	咸	鹽A	開	三	平	以	j	iɛm	22	5	jiɛm22	j	iem	4	5	jiem4			
3898	顏	疑	山	刪	開	二	平	見	ŋ	ɔn	22	4	ŋɔn22	ng	on	4	5	ngon4			
3899	鹽	以	咸	鹽A	開	三	平	以	j	iɛm	22	5	jiɛm22	j	iem	4	5	jiem4			
3900	儼	疑	咸	嚴	開	三	上	見	ŋ	iɛm	11	5	ŋiɛm11	ng	iem	5	6	ngiem5			
3901	奄	影	咸	鹽B	開	三	上	影	j	iɛm	55	5	jiɛm55	j	iem	2	5	jiem2	小腹：「奄仔(tuɔi55)」丨「饞狗奄（幫人做事，做之前，那人說沒所謂，開工之後那個人開始指指點點，形容這類人）」		
3902	掩	影	咸	鹽B	開	三	上	影	j	iɛm	55	5	jiɛm55	j	iem	2	5	jiem2	動物如蝸牛的口蓋：「掩」		
3903	演	以	山	仙A	開	三	上	以	j	iɛn	55	5	jiɛn55	j	ien	2	5	jien2	本讀，愛炫耀：「演世(sɔi33)紅(həŋ22)」		
3904	演	以	山	仙A	開	三	上	以	j	ɐn	55	4	jɐn55	j	an	2	4	jan2	又讀，來安口音		
3905	眼	疑	山	山	開	二	上	見	ŋ	ɔn	55	4	ŋɔn55	ng	on	2	5	ngon2	{1}表示條狀植物的量詞：「一眼蔗」；{2}池塘的量詞：「一眼塘」；{3}池塘：「眼塘」；{4}窗戶：「窗眼」；{5}眼睛：四字詞 「合(hiɛp33)埋(muɔi22)眉眼」丨四字詞 「眉癡眼癡」（形容極度疲累，昏昏欲睡）；{6}起床：「醒(ɬiɐŋ55)眼」；{7}眼看八方：四字詞 「一眼三(ɬam33)睄」；{8}針的量詞：「一眼針(tsim33)」		
3906	衍	以	山	仙A	開	三	上	以	j	iɛn	55	5	jiɛn55	j	ien	2	5	jien2			
3907	鼴	影	山	元	開	三	上	影	j	iɛn	55	5	jiɛn55	j	ien	2	5	jien2			
3908	厭	影	咸	鹽A	開	三	上	影	j	iɛm	33	5	jiɛm33	j	iem	1	5	jiem1			
3909	嚥	影	山	先	開	四	去	影	j	iɛn	33	5	jiɛn33	j	ien	1	5	jien1			
3910	堰	影	山	元	開	三	上	影	j	iɛn	55	5	jiɛn55	j	ien	2	5	jien2			
3911	宴	影	山	先	開	四	上	影	j	iɛn	33	5	jiɛn33	j	ien	1	5	jien1			
3912	彥	疑	山	仙B	開	三	去	見	ŋ	ɐn	32	4	ŋɐn32	ng	an	6	5	ngan6			
3913	晏	影	山	寒	開	一	去	影	ʔ	ɔn	33	4	ʔɔn33		on	1	3	on1	{1}「晏子」；{2}下午：「晏晝(tsiu11)」；{3}代指下午飯：「吃晏」丨「晏晝(tsiu11)」；{4}遲：「你好晏啊(ʔa33)」		
3914	晏	影	山	刪	開	二	去	影	j	iɛn	33	5	jiɛn33	j	ien	1	5	jien1	「海晏」		
3915	焰	以	咸	鹽A	開	三	去	以	j	iɛm	32	5	jiɛm32	j	iem	6	5	jiem6			
3916	燄	以	咸	鹽A	開	三	上	以	j	iɛm	32	5	jiɛm32	j	iem	6	5	jiem6			
3917	燕	影	山	先	開	四	平	影	j	ɐn	33	4	jɐn33	j	an	1	4	jan1	本讀，「燕國」丨「燕窩」丨「燕貽村」		
3918	燕	影	山	先	開	四	去	影	j	ɐn	11	4	jɐn11	j	an	5	4	jan5	變調，「燕子」		
3919	硯	疑	山	先	開	四	去	見	ŋ	iɛn	32	5	ŋiɛn32	ng	ien	6	6	ngien6			
3920	諺	疑	山	仙B	開	三	去	見	ŋ	ɐn	32	4	ŋɐn32	ng	an	6	5	ngan6			
3921	雁	疑	山	刪	開	二	去	見	ŋ	ɔn	32	4	ŋɔn32	ng	on	6	5	ngon6			
3922	驗	疑	咸	鹽B	開	三	去	見	ŋ	iɛm	32	5	ŋiɛm32	ng	iem	6	6	ngiem6			
3923	央	影	宕	陽	開	三	平	影	j	iŋ	33	4	jiŋ33	j	iing	1	6	jiing1			
3924	殃	影	宕	陽	開	三	平	影	j	iŋ	33	4	jiŋ33	j	iing	1	6	jiing1			
3925	秧	影	宕	陽	開	三	平	影	j	iŋ	33	4	jiŋ33	j	iing	1	6	jiing1			
3926	鴦	影	宕	陽	開	三	平	影	j	iŋ	33	4	jiŋ33	j	iing	1	6	jiing1			
3927	徉	以	宕	陽	開	三	平	以	j	iŋ	22	4	jiŋ22	j	iing	4	6	jiing4			
3928	揚	以	宕	陽	開	三	平	以	j	iŋ	22	4	jiŋ22	j	iing	4	6	jiing4	本讀，「發揚」		
3929	揚	以	宕	陽	開	三	平	以	j	iŋ	55	4	jiŋ55	j	iing	2	6	jiing2	變調，招手，揮手示意：「揚手」		
3930	揚	以	宕	陽	開	三	平	以	j	iŋ	32	4	jiŋ32	j	iing	6	6	jiing6	變調，招手，揮手示意：「揚手」		
3931	楊	以	宕	陽	開	三	平	以	j	iŋ	22	4	jiŋ22	j	iing	4	6	jiing4	類似酢漿草的植物：「小鼻楊」		
3932	洋	以	宕	陽	開	三	平	以	j	iŋ	22	4	jiŋ22	j	iing	4	6	jiing4	膠塊狀混合雞蛋等的甜品大菜糕：「東洋頭菜」		
3933	烊	以	宕	陽	開	三	平	以	j	iŋ	22	4	jiŋ22	j	iing	4	6	jiing4			
3934	瘍	以	宕	陽	開	三	平	以	j	iŋ	22	4	jiŋ22	j	iing	4	6	jiing4			
3935	羊	以	宕	陽	開	三	平	以	j	iŋ	22	4	jiŋ22	j	iing	4	6	jiing4			
3936	陽	以	宕	陽	開	三	平	以	j	iŋ	22	4	jiŋ22	j	iing	4	6	jiing4			
3937	仰	疑	宕	陽	開	三	上	見	ŋ	iŋ	11	4	ŋiŋ11	ng	iing	5	7	ngiing5			
3938	氧	#N/A	#N/A	#N/A	#N/A	#N/A	#N/A	#N/A	j	iŋ	11	4	jiŋ11	j	iing	5	6	jiing5			
3939	癢	以	宕	陽	開	三	上	以	j	iŋ	11	4	jiŋ11	j	iing	5	6	jiing5	本讀，「痕癢」		
3940	癢	以	宕	陽	開	三	上	以	h	uɔi	22	5	huɔi22	h	uoi	4	5	huoi4	訓讀，{1}痕癢：「個身癢」；{2}多事、好動：「癢(huɔi22) tʰɔt33」		
3941	養	以	宕	陽	開	三	上	以	j	iŋ	11	4	jiŋ11	j	iing	5	6	jiing5	文讀，「營養」		
3942	養	以	宕	陽	開	三	去	以	j	iɐŋ	33	5	jiɐŋ33	j	iang	1	6	jiang1	白讀，「養狗」		
3943	樣	#N/A	#N/A	#N/A	#N/A	#N/A	#N/A	#N/A	j	iŋ	32	4	jiŋ32	j	iing	6	6	jiing6	本讀，{1}比喻人非常之固執、專制，不聽勸告；也形容自身感到不舒服，好像總有些不對勁，一說「一樣勾八」：四字詞 「 一樣(jiŋ32)勾勾」；{2}每樣東西(分配)一些： 四字詞 「一樣(jiing6)一乃(nɔi55)」		
3944	樣	#N/A	#N/A	#N/A	#N/A	#N/A	#N/A	#N/A	j	iŋ	55	4	jiŋ55	j	iing	2	6	jiing2	變調，jiŋ325丟失升變過程所演變，樣子，或作…的樣子：「樣勢(sɔi55)」丨「乜你幾箇樣勢(sɔi55)啊(ʔa33)，		
3945	漾	以	宕	陽	開	三	去	以	j	iŋ	32	4	jiŋ32	j	iing	6	6	jiing6			
3946	妖	影	效	宵B	開	三	平	影	j	iɐu	55	5	jiɐu55	j	iau	2	5	jiau2			
3947	腰	影	效	宵A	開	三	平	影	j	iɐu	33	5	jiɐu33	j	iau	1	5	jiau1	{1}靠背椅的椅背：「腰(jiɐu335)」；{2}指人極度疲累：四字詞 「腰㾢背(puɔi33)曲(kʰək55)」		
3948	邀	見	效	蕭	開	四	平	見	j	iɐu	33	5	jiɐu33	j	iau	1	5	jiau1			
3949	姚	以	效	宵A	開	三	平	以	j	iɐu	22	5	jiɐu22	j	iau	4	5	jiau4			
3950	搖	以	效	宵A	開	三	平	以	j	iɐu	22	5	jiɐu22	j	iau	4	5	jiau4	本讀，「搖晃」		
3951	搖	以	效	宵A	開	三	平	以	ŋ	au	22	4	ŋau22	ng	aau	4	6	ngaau4	訓讀，「笪地搖溜(liu325)」丨「kʰɐt55 kʰɐt55搖（顫抖）」		
3952	瑤	以	效	宵A	開	三	平	以	j	iɐu	22	5	jiɐu22	j	iau	4	5	jiau4			
3953	窯	以	效	宵A	開	三	平	以	j	iɐu	22	5	jiɐu22	j	iau	4	5	jiau4			
3954	肴	匣	效	肴	開	二	平	影	ŋ	au	22	4	ŋau22	ng	aau	4	6	ngaau4			
3955	謠	以	效	宵A	開	三	平	以	j	iɐu	22	5	jiɐu22	j	iau	4	5	jiau4			
3956	遙	以	效	宵A	開	三	平	以	j	iɐu	22	5	jiɐu22	j	iau	4	5	jiau4	年輕：四字詞 「頭(hai22)生(saŋ11)遙遙」		
3957	餚	匣	效	肴	開	二	平	影	ŋ	au	22	4	ŋau22	ng	aau	4	6	ngaau4	餸尾：「餚尾(mei55)」		
3958	咬	見	效	肴	開	二	平	見	ŋ	au	55	4	ŋau55	ng	aau	2	6	ngaau2	形容人做東西時無從入手，同「老鼠拖牛」：四字詞 「老(lau33)鼠咬龜(kei335)」		
3959	舀	以	遇	虞	合	三	平	以	j	iɐu	55	5	jiɐu55	j	iau	2	5	jiau2			
3960	曜	以	效	宵A	開	三	去	以	j	iɐu	32	5	jiɐu32	j	iau	6	5	jiau6			
3961	耀	以	效	宵A	開	三	去	以	j	iɐu	32	5	jiɐu32	j	iau	6	5	jiau6			
3962	藥	以	宕	陽	開	三	入	以	j	ik	11	4	jik11	j	iik	10	5	jiik10	還有很久、有排：「藥膏(kau335)」		
3963	要	影	效	宵A	開	三	平	影	j	iɐu	33	5	jiɐu33	j	iau	1	5	jiau1	不慌不忙，也會用於貶義，指無動於衷：四字詞 「唔緊唔要(jiɐu115)」		
3964	噎	影	山	先	開	四	入	影	j	iɛt	55	5	jiɛt55	j	iet	7	5	jiet7			
3965	椰	以	假	麻	開	三	平	以	j	iɛ	22	4	jiɛ22	j	ie	4	4	jie4			
3966	爺	#N/A	#N/A	#N/A	#N/A	#N/A	#N/A	#N/A	j	iɛ	22	4	jiɛ22	j	ie	4	4	jie4	本讀，{1}丈夫的哥哥：「大爺」；{2}泛指父母或長輩：「爺姐」		
3967	爺	#N/A	#N/A	#N/A	#N/A	#N/A	#N/A	#N/A	j	iɛ	11	4	jiɛ11	j	ie	5	4	jie5	變調，父子：「仔(tuɔi55)爺」丨「兩仔(tuɔi55)爺」		
3968	野	常	遇	魚	開	三	上	章	j	iɛ	11	4	jiɛ11	j	ie	5	4	jie5			
3969	夜	以	假	麻	開	三	去	以	j	iɛ	32	4	jiɛ32	j	ie	6	4	jie6	本讀，{1}「深夜」；{2}夜鷺：「夜遊」		
3970	夜	以	假	麻	開	三	去	以	j	iɛ	11	4	jiɛ11	j	ie	5	4	jie5	變調，「夜黑」丨「半(puɔn33)夜(jiɛ116)」丨挨夜(jiɛ116)		
3971	曳	以	蟹	祭A	開	三	去	以	j	ɔi	32	4	jɔi32	j	oi	6	4	joi6	本讀，「搖曳」		
3972	曳	以	蟹	祭A	開	三	去	以	j	ɔi	22	4	jɔi22	j	oi	4	4	joi4	訓讀，{1}頑皮：「又獪又曳」；{2}笨：「個仔讀書好曳哇」		
3973	獪	見	蟹	泰	合	一	去	見	kʰ	ɔi	22	5	kʰɔi22	k	oi	4	4	koi4	不聽話、頑皮，用於形容未成年人：「最獪係你」丨「獪賞」		
3974	業	疑	咸	嚴	開	三	入	見	ŋ	iɛp	32	5	ŋiɛp32	ng	iep	9	6	ngiep9			
3975	液	以	梗	清A	開	三	入	以	j	it	32	4	jit32	j	it	9	4	jit9			
3976	腋	以	梗	清A	開	三	入	以	j	it	32	4	jit32	j	it	9	4	jit9			
3977	頁	匣	山	先	開	四	入	影	j	iɛp	11	5	jiɛp11	j	iep	10	5	jiep10	文讀，「頁首」		
3978	頁	匣	山	先	開	四	入	影	ts	ak	11	5	tsak11	z	aak	10	5	zaak10	白讀，書冊上單張的紙或單面的紙：「一頁紙」丨「第一頁」		
3979	一	影	臻	真A	開	三	入	影	j	it	55	4	jit55	j	it	7	4	jit7	{1}剛才：「一啊(ʔa11)」丨「第一」丨「頭(hai22)一」；{2}比喻人非常之固執、專制，不聽勸告；也形容自身感到不舒服，好像總有些不對勁，一說「一樣勾八」：四字詞 「 一樣(jiŋ32)勾勾」；{3}不間斷，一直做，直到完成：四字詞 「一條子氣(hei335)」；{4}眼看八方：四字詞 「一眼三(ɬam33)睄」；{5}指人老實不客氣，沒等你反應過來就做了不那麼規矩的事情：四字詞 「一個唔該(kuɔi33)」；{6}同「一舉兩得」： 四字詞 「一起兩得(ʔak55)」；{7}每樣東西(分配)一些： 四字詞 「一樣(jiing6)一乃(nɔi55)」；{8}形容物件擺放得有秩序，也指做事循規蹈矩：四字詞 「隨(tʰui22)一到二(ŋei325)」		
3980	伊	影	止	脂A	開	三	平	影	j	i	33	3	ji33	j	i	1	3	ji1			
3981	依	影	止	微	開	三	平	影	j	i	33	3	ji33	j	i	1	3	ji1	準時：四字詞 「依時(si22)依候」，又作「按時(si22)按候」、「到時(si22)到候」		
3982	壹	影	臻	真A	開	三	入	影	j	it	55	4	jit55	j	it	7	4	jit7	撲克牌「A」叫「壹」或「壹市」或「市」或「jin55市」		
3983	漪	影	止	支B	開	三	平	影	j	i	55	3	ji55	j	i	2	3	ji2			
3984	衣	影	止	微	開	三	平	影	j	i	33	3	ji33	j	i	1	3	ji1	本讀，「衣服」		
3985	衣	影	止	微	開	三	平	影	j	i	11	3	ji11	j	i	5	3	ji5	變調，生物組織的外膜：「花生衣」丨「一層衣」		
3986	醫	影	止	之	開	三	平	影	j	i	33	3	ji33	j	i	1	3	ji1			
3987	儀	疑	止	支B	開	三	平	見	ŋ	ei	22	4	ŋei22	ng	ei	4	5	ngei4			
3988	咦	曉	止	脂A	開	三	平	影	j	i	22	3	ji22	j	i	4	3	ji4			
3989	夷	以	止	脂A	開	三	平	以	j	i	22	3	ji22	j	i	4	3	ji4			
3990	姨	以	止	脂A	開	三	平	以	j	i	22	3	ji22	j	i	4	3	ji4	本讀，「姨媽」丨「姨(ji22)姨(ji55)」丨「姨婆(pʰou22)」丨「姨公(kəŋ33)」丨「大姨丈(tsʰiŋ11)」」丨「尾(mei55)姨丈(tsʰiŋ11)」丨「大姨」		
3991	姨	以	止	脂A	開	三	平	以	j	i	11	3	ji11	j	i	5	3	ji5	變調，「阿姨（稱呼母親的妹妹）」丨「姨丈(tsʰiŋ11)」丨「尾(mei55)姨」丨「二(ŋei32)姨」丨「三(ɬam33)姨」		
3992	姨	以	止	脂A	開	三	平	以	j	i	55	3	ji55	j	i	2	3	ji2	變調，「阿姨（稱呼沒有血緣關係的女性長輩）」		
3993	宜	疑	止	支B	開	三	平	見	ŋ	ei	22	4	ŋei22	ng	ei	4	5	ngei4	{1}合適的話、應該的話：「宜應」丨「宜得」；{2}不如：「不宜」		
3994	怡	以	止	之	開	三	平	以	j	i	22	3	ji22	j	i	4	3	ji4			
3995	疑	疑	止	之	開	三	平	見	ŋ	ei	22	4	ŋei22	ng	ei	4	5	ngei4			
3996	移	以	止	支A	開	三	平	以	j	i	22	3	ji22	j	i	4	3	ji4			
3997	胰	以	止	脂A	開	三	平	以	j	i	22	3	ji22	j	i	4	3	ji4			
3998	誼	疑	止	支B	開	三	去	見	ŋ	ei	22	4	ŋei22	ng	ei	4	5	ngei4			
3999	貽	以	止	之	開	三	平	以	j	i	22	3	ji22	j	i	4	3	ji4			
4000	遺	以	止	脂A	合	三	平	以	ʋ	ei	22	4	ʋei22	v	ei	4	4	vei4			
4001	頤	以	止	之	開	三	平	以	j	i	22	3	ji22	j	i	4	3	ji4			
4002	飴	以	止	之	開	三	平	以	j	i	22	3	ji22	j	i	4	3	ji4			
4003	乙	影	臻	真B	開	三	入	影	j	uɔt	55	5	juɔt55	j	uot	7	5	juot7			
4004	以	以	止	之	開	三	上	以	j	i	11	3	ji11	j	i	5	3	ji5	非…不可、始終、死活要、無論如何都：「以出」丨「喊你冇(au55)閂門，你以出係閂啊(ʔa33)佢」		
4005	倚	影	止	支B	開	三	上	影	j	i	55	3	ji55	j	i	2	3	ji2			
4006	已	以	止	之	開	三	上	以	j	i	11	3	ji11	j	i	5	3	ji5			
4007	椅	影	止	支B	開	三	上	影	j	i	55	3	ji55	j	i	2	3	ji2			
4008	矣	云	止	之	開	三	上	影	j	i	11	3	ji11	j	i	5	3	ji5	本讀		
4009	矣	云	止	之	開	三	上	影		ə		2	ə		ea	1	3	ea1	動詞完成體標記：「吃矣飯」		
4010	矣	云	止	之	開	三	上	影		ə		2	ə		ea	2	3	ea2	動詞進行體標記：「吃矣飯」		
4011	蟻	疑	止	支B	開	三	上	見	ŋ	ɔi	55	4	ŋɔi55	ng	oi	2	5	ngoi2			
4012	迤	#N/A	#N/A	#N/A	#N/A	#N/A	#N/A	#N/A	j	i	22	3	ji22	j	i	4	3	ji4			
4013	亦	以	梗	清A	開	三	入	以	j	ɐt	32	4	jɐt32	j	at	9	4	jat9	文讀，「亦是」		
4014	亦	以	梗	清A	開	三	入	以	j	iɐk	32	5	jiɐk32	j	iak	9	5	jiak9	白讀，「亦係」		
4015	佚	以	臻	真A	開	三	入	以	j	it	32	4	jit32	j	it	9	4	jit9			
4016	億	影	曾	蒸	開	三	入	影	j	ɐt	55	4	jɐt55	j	at	7	4	jat7			
4017	奕	以	梗	清A	開	三	入	以	j	ɐt	32	4	jɐt32	j	at	9	4	jat9			
4018	役	以	梗	清A	合	三	入	以	ʋ	ɐt	32	4	ʋɐt32	v	at	9	4	vat9			
4019	意	影	止	之	開	三	去	影	j	i	33	3	ji33	j	i	1	3	ji1			
4020	憶	影	曾	蒸	開	三	入	影	j	ɐt	55	4	jɐt55	j	at	7	4	jat7			
4021	懿	影	止	脂B	開	三	去	影	j	i	33	3	ji33	j	i	1	3	ji1			
4022	抑	影	曾	蒸	開	三	入	影	ŋ	ɐt	55	4	ŋɐt55	ng	at	7	5	ngat7			
4023	易	以	梗	清A	開	三	入	以	j	ɐt	32	4	jɐt32	j	at	9	4	jat9	「貿易」		
4024	易	以	止	支A	開	三	去	以	j	i	32	3	ji32	j	i	6	3	ji6	「容易」		
4025	毅	疑	止	微	開	三	去	見	ŋ	ɔi	32	4	ŋɔi32	ng	oi	6	5	ngoi6			
4026	溢	以	臻	真A	開	三	入	以	j	it	32	4	jit32	j	it	9	4	jit9			
4027	異	以	止	之	開	三	去	以	j	i	32	3	ji32	j	i	6	3	ji6			
4028	疫	以	梗	清A	合	三	入	以	ʋ	ɐt	32	4	ʋɐt32	v	at	9	4	vat9			
4029	益	影	梗	清A	開	三	入	影	j	ɐt	55	4	jɐt55	j	at	7	4	jat7			
4030	繹	以	梗	清A	開	三	入	以	j	ɐt	32	4	jɐt32	j	at	9	4	jat9			
4031	義	疑	止	支B	開	三	去	見	ŋ	ei	32	4	ŋei32	ng	ei	6	5	ngei6	{1}含義：「解(kɔi55)義」；{2}沒意思：「冇乜解(kɔi55)義」		
4032	羿	疑	蟹	齊	開	四	去	見	ŋ	ɔi	32	4	ŋɔi32	ng	oi	6	5	ngoi6			
4033	刈	疑	蟹	廢	開	三	去	見	ŋ	ɔi	32	4	ŋɔi32	ng	oi	6	5	ngoi6			
4034	翼	以	曾	蒸	開	三	入	以	j	ɐt	11	4	jɐt11	j	at	10	4	jat10	會飛的小昆蟲，如娥蚋：「翼(jɐt115)」丨「翼仔(tuɔi55)」		
4035	藝	疑	蟹	祭A	開	三	去	見	ŋ	ɔi	32	4	ŋɔi32	ng	oi	6	5	ngoi6	消遣：「生(saŋ33)藝(ŋɔi325)」		
4036	蜴	以	梗	清A	開	三	入	以	j	ɐt	32	4	jɐt32	j	at	9	4	jat9			
4037	裔	以	蟹	祭A	開	三	去	以	j	ui	32	4	jui32	j	ui	6	4	jui6			
4038	譯	以	梗	清A	開	三	入	以	j	ɐt	32	4	jɐt32	j	at	9	4	jat9			
4039	議	疑	止	支B	開	三	去	見	ŋ	ei	32	4	ŋei32	ng	ei	6	5	ngei6			
4040	逸	以	臻	真A	開	三	入	以	j	it	32	4	jit32	j	it	9	4	jit9			
4041	邑	影	深	侵B	開	三	入	影	j	ip	55	4	jip55	j	ip	7	4	jip7			
4042	驛	以	梗	清A	開	三	入	以	j	ɐt	32	4	jɐt32	j	at	9	4	jat9			
4043	因	影	臻	真A	開	三	平	影	j	in	33	4	jin33	j	in	1	4	jin1			
4044	姻	影	臻	真A	開	三	平	影	j	in	33	4	jin33	j	in	1	4	jin1			
4045	殷	影	臻	欣	開	三	平	影	j	in	33	4	jin33	j	in	1	4	jin1			
4046	茵	影	臻	真A	開	三	平	影	j	in	33	4	jin33	j	in	1	4	jin1			
4047	陰	影	深	侵B	開	三	平	影	j	im	33	4	jim33	j	im	1	4	jim1			
4048	音	影	深	侵B	開	三	平	影	j	im	33	4	jim33	j	im	1	4	jim1			
4049	吟	疑	深	侵B	開	三	平	見	ŋ	im	22	4	ŋim22	ng	im	4	5	ngim4	文讀，「呻吟」		
4050	吟	疑	深	侵B	開	三	平	見	ŋ	am	22	4	ŋam22	ng	aam	4	6	ngaam4	白讀，囉嗦地念叨：「吟饞」		
4051	吟	疑	深	侵B	開	三	平	見	ŋ	am	11	4	ŋam11	ng	aam	5	6	ngaam5	白讀，ŋam22的變調，囉嗦地念叨：「吟」丨「你媽一味到吟」		
4052	吟	疑	深	侵B	開	三	平	見	ŋ	əm	11	4	ŋəm11	ng	eam	5	6	ngeam5	白讀，ŋam11的又讀，囉嗦地念叨：「吟」丨「你媽一味到吟」		
4053	垠	疑	臻	真B	開	三	平	見	ŋ	ɔn	22	4	ŋɔn22	ng	on	4	5	ngon4			
4054	淫	以	深	侵A	開	三	平	以	j	im	22	4	jim22	j	im	4	4	jim4			
4055	銀	疑	臻	真B	開	三	平	見	ŋ	ɔn	22	4	ŋɔn22	ng	on	4	5	ngon4			
4056	霪	以	深	侵A	開	三	平	以	j	im	22	4	jim22	j	im	4	4	jim4			
4057	齦	疑	臻	欣	開	三	平	見	ŋ	ɔn	22	4	ŋɔn22	ng	on	4	5	ngon4			
4058	引	以	臻	真A	開	三	上	以	j	in	11	4	jin11	j	in	5	4	jin5			
4059	癮	#N/A	#N/A	#N/A	#N/A	#N/A	#N/A	#N/A	j	in	11	4	jin11	j	in	5	4	jin5			
4060	蚓	以	臻	真A	開	三	上	以	j	in	11	4	jin11	j	in	5	4	jin5			
4061	隱	影	臻	欣	開	三	上	影	j	in	11	4	jin11	j	in	5	4	jin5	軟餅：「軟隱(jin115)」		
4062	飲	影	深	侵B	開	三	上	影	ŋ	im	55	4	ŋim55	ng	im	2	5	ngim2			
4063	印	影	臻	真A	開	三	去	影	j	in	33	4	jin33	j	in	1	4	jin1	本讀，「印章」丨「複印」		
4064	印	影	臻	真A	開	三	去	影	j	in	11	4	jin11	j	in	5	4	jin5	變調，名詞，痕跡：「一個印」		
4065	蔭	影	深	侵B	開	三	去	影	j	im	11	4	jim11	j	im	5	4	jim5			
4066	嬰	影	梗	清A	開	三	平	影	j	ɐn	33	4	jɐn33	j	an	1	4	jan1			
4067	櫻	影	梗	耕	開	二	平	影	j	ɐn	33	4	jɐn33	j	an	1	4	jan1			
4068	瑛	影	梗	庚	開	三	平	影	j	ɐn	33	4	jɐn33	j	an	1	4	jan1			
4069	英	影	梗	庚	開	三	平	影	j	ɐn	33	4	jɐn33	j	an	1	4	jan1			
4070	鶯	影	梗	耕	開	二	平	影	ʔ	aŋ	33	4	ʔaŋ33		aang	1	5	aang1			
4071	鷹	影	曾	蒸	開	三	平	影	j	ɐn	33	4	jɐn33	j	an	1	4	jan1			
4072	鸚	影	梗	耕	開	二	平	影	j	ɐn	33	4	jɐn33	j	an	1	4	jan1			
4073	營	以	梗	清A	合	三	平	以	j	ɐn	22	4	jɐn22	j	an	4	4	jan4			
4074	瑩	云	梗	庚	合	三	平	影	j	ɐn	22	4	jɐn22	j	an	4	4	jan4			
4075	盈	以	梗	清A	開	三	平	以	ŋ	ɐn	22	4	ŋɐn22	ng	an	4	5	ngan4			
4076	螢	匣	梗	青	合	四	平	影	j	ɐn	22	4	jɐn22	j	an	4	4	jan4			
4077	蠅	以	曾	蒸	開	三	平	以	j	ɐn	22	4	jɐn22	j	an	4	4	jan4	本讀，「蠅頭小利」		
4078	蠅	以	曾	蒸	開	三	平	以	j	ɐn	11	4	jɐn11	j	an	5	4	jan5	變調，蒼蠅：「禾蠅(jɐn115)」		
4079	贏	以	梗	清A	開	三	平	以	j	iŋ	22	4	jiŋ22	j	iing	4	6	jiing4			
4080	迎	疑	梗	庚	開	三	平	見	ŋ	ɐn	22	4	ŋɐn22	ng	an	4	5	ngan4	文讀，「歡迎」		
4081	迎	影	梗	清A	合	三	平	影	ŋ	iɐŋ	22	5	ŋiɐŋ22	ng	iang	4	7	ngiang4	白讀，腦海覺得有事會發生：「迎住有人殺我」		
4082	影	影	梗	庚	開	三	上	影	j	ɐn	55	4	jɐn55	j	an	2	4	jan2	文讀，{1}表疑惑，這樣，「影」估計是「樣」變音：「kʰau11影」；{2}播映：「紙戲影啊(ʔa33)未」		
4083	影	影	梗	庚	開	三	上	影	j	iɐŋ	55	5	jiɐŋ55	j	iang	2	6	jiang2	白讀，{1}雞映包，「映」強行讀「jiɐŋ55」，而大江「映」無此發音，因此使用「影」的白讀：「雞(kɔi33)影包(pau33)」		
4084	潁	以	梗	清A	合	三	上	以	ʋ	ɐn	32	4	ʋɐn32	v	an	6	4	van6			
4085	應	影	曾	蒸	開	三	平	影	j	ɐn	33	4	jɐn33	j	an	1	4	jan1	{1}反正，疑似「應」吞音：「反應」；{2}合適的話、應該的話：「宜應」；{3}理應：「應理」		
4086	映	影	宕	唐	開	一	上	影	j	iŋ	55	4	jiŋ55	j	iing	2	6	jiing2	炫耀：「映」丨「他有乜嘢就到映」		
4087	硬	疑	梗	耕	開	二	去	見	ŋ	aŋ	32	4	ŋaŋ32	ng	aang	6	7	ngaang6	硬生(saŋ11)硬生(saŋ115)：形容東西硬硬的		
4088	傭	以	通	鍾	開	三	平	以	j	əŋ	22	4	jəŋ22	j	eang	4	6	jeang4			
4089	庸	以	通	鍾	開	三	平	以	j	əŋ	22	4	jəŋ22	j	eang	4	6	jeang4			
4090	雍	影	通	鍾	開	三	平	影	j	əŋ	33	4	jəŋ33	j	eang	1	6	jeang1			
4091	俑	透	通	東	開	一	平	端	j	əŋ	55	4	jəŋ55	j	eang	2	6	jeang2			
4092	勇	以	通	鍾	開	三	上	以	j	əŋ	11	4	jəŋ11	j	eang	5	6	jeang5			
4093	恿	以	通	鍾	開	三	上	以	j	əŋ	55	4	jəŋ55	j	eang	2	6	jeang2			
4094	擁	影	通	鍾	開	三	上	影	j	əŋ	55	4	jəŋ55	j	eang	2	6	jeang2	哄搶：「去擁」		
4095	永	云	梗	庚	合	三	上	影	ʋ	ɐn	11	4	ʋɐn11	v	an	5	4	van5			
4096	泳	云	梗	庚	合	三	去	影	ʋ	ɐn	32	4	ʋɐn32	v	an	6	4	van6			
4097	涌	以	通	鍾	開	三	上	以	j	əŋ	55	4	jəŋ55	j	eang	2	6	jeang2	同「湧」		
4098	涌	以	通	鍾	開	三	上	以	tsʰ	əŋ	55	6	tsʰəŋ55	c	eang	2	6	ceang2	本讀，「河涌」		
4099	涌	以	通	鍾	開	三	上	以	tsʰ	əŋ	11	6	tsʰəŋ11	c	eang	5	6	ceang5	變調，「沙(saa33)涌」		
4100	湧	以	通	鍾	開	三	上	以	j	əŋ	55	4	jəŋ55	j	eang	2	6	jeang2			
4101	蛹	以	通	鍾	開	三	上	以	j	əŋ	55	4	jəŋ55	j	eang	2	6	jeang2			
4102	詠	云	梗	庚	合	三	去	影	ʋ	ɐn	32	4	ʋɐn32	v	an	6	4	van6			
4103	踴	#N/A	#N/A	#N/A	#N/A	#N/A	#N/A	#N/A	j	əŋ	55	4	jəŋ55	j	eang	2	6	jeang2			
4104	用	以	通	鍾	開	三	去	以	j	əŋ	32	4	jəŋ32	j	eang	6	6	jeang6			
4105	優	影	流	尤	開	三	平	影	j	iu	33	4	jiu33	j	iu	1	4	jiu1			
4106	幽	影	流	幽	開	三	平	影	j	iu	33	4	jiu33	j	iu	1	4	jiu1			
4107	悠	以	流	尤	開	三	平	以	j	iu	22	4	jiu22	j	iu	4	4	jiu4			
4108	憂	影	流	尤	開	三	平	影	j	iu	33	4	jiu33	j	iu	1	4	jiu1			
4109	攸	以	流	尤	開	三	平	以	j	iu	22	4	jiu22	j	iu	4	4	jiu4			
4110	尤	云	流	尤	開	三	平	影	j	iu	22	4	jiu22	j	iu	4	4	jiu4			
4111	油	以	流	尤	開	三	平	以	j	iu	22	4	jiu22	j	iu	4	4	jiu4			
4112	游	以	流	尤	開	三	平	以	j	iu	22	4	jiu22	j	iu	4	4	jiu4			
4113	猶	以	流	尤	開	三	平	以	j	iu	22	4	jiu22	j	iu	4	4	jiu4			
4114	由	以	流	尤	開	三	平	以	j	iu	22	4	jiu22	j	iu	4	4	jiu4			
4115	疣	云	流	尤	開	三	平	影	j	iu	22	4	jiu22	j	iu	4	4	jiu4	本讀，「贅疣」		
4116	疣	云	流	尤	開	三	平	影	j	iu	11	4	jiu11	j	iu	5	4	jiu5	變調，「一個疣(jiu11)」		
4117	遊	以	流	尤	開	三	平	以	j	iu	22	4	jiu22	j	iu	4	4	jiu4			
4118	郵	云	流	尤	開	三	平	影	j	iu	22	4	jiu22	j	iu	4	4	jiu4			
4119	鈾	#N/A	#N/A	#N/A	#N/A	#N/A	#N/A	#N/A	j	iu	22	4	jiu22	j	iu	4	4	jiu4			
4120	魷	#N/A	#N/A	#N/A	#N/A	#N/A	#N/A	#N/A	j	iu	22	4	jiu22	j	iu	4	4	jiu4			
4121	友	云	流	尤	開	三	上	影	j	iu	11	4	jiu11	j	iu	5	4	jiu5			
4122	佑	云	流	尤	開	三	去	影	j	iu	32	4	jiu32	j	iu	6	4	jiu6			
4123	又	云	流	尤	開	三	去	影	j	iu	32	4	jiu32	j	iu	6	4	jiu6			
4124	右	云	流	尤	開	三	上	影	j	iu	32	4	jiu32	j	iu	6	4	jiu6			
4125	幼	影	流	幽	開	三	去	影	j	iu	33	4	jiu33	j	iu	1	4	jiu1			
4126	柚	以	流	尤	開	三	去	以	j	iu	11	4	jiu11	j	iu	5	4	jiu5			
4127	祐	云	流	尤	開	三	去	影	j	iu	32	4	jiu32	j	iu	6	4	jiu6			
4128	誘	以	流	尤	開	三	上	以	j	iu	32	4	jiu32	j	iu	6	4	jiu6			
4129	釉	#N/A	#N/A	#N/A	#N/A	#N/A	#N/A	#N/A	j	iu	32	4	jiu32	j	iu	6	4	jiu6			
4130	迂	云	遇	虞	合	三	平	影	j	i	33	3	ji33	j	i	1	3	ji1			
4131	于	云	遇	虞	合	三	平	影	j	i	33	3	ji33	j	i	1	3	ji1			
4132	余	以	遇	魚	開	三	平	以	j	i	22	3	ji22	j	i	4	3	ji4			
4133	娛	疑	遇	虞	合	三	平	見	ŋ	ui	22	4	ŋui22	ng	ui	4	5	ngui4			
4134	愉	以	遇	虞	合	三	平	以	j	i	22	3	ji22	j	i	4	3	ji4			
4135	愚	疑	遇	虞	合	三	平	見	ŋ	ui	22	4	ŋui22	ng	ui	4	5	ngui4			
4136	漁	疑	遇	魚	開	三	平	見	ŋ	ui	22	4	ŋui22	ng	ui	4	5	ngui4			
4137	瑜	以	遇	虞	合	三	平	以	j	i	22	3	ji22	j	i	4	3	ji4			
4138	盂	云	遇	虞	合	三	平	影	j	i	22	3	ji22	j	i	4	3	ji4			
4139	萸	以	遇	虞	合	三	平	以	j	i	22	3	ji22	j	i	4	3	ji4			
4140	諛	以	遇	虞	合	三	平	以	j	i	22	3	ji22	j	i	4	3	ji4			
4141	輿	以	遇	魚	開	三	平	以	j	i	22	3	ji22	j	i	4	3	ji4			
4142	餘	以	遇	魚	開	三	平	以	j	i	22	3	ji22	j	i	4	3	ji4			
4143	魚	疑	遇	魚	開	三	平	見	ŋ	ui	22	4	ŋui22	ng	ui	4	5	ngui4	本讀，「鯉魚」丨「鱅魚」丨「鯪魚」丨「鯇魚」丨「魚翅」丨「生(saŋ11)魚(ŋui225)（黑魚）」丨「鰍魚(ŋui225)」丨「魷魚(ŋui225)」丨「金魚(ŋui225)」丨「紮(tɔt33)魚（青蛙）」		
4144	魚	疑	遇	魚	開	三	平	見	ŋ	ui	11	4	ŋui11	ng	ui	5	5	ngui5	變調，「鯽魚」丨「鹹魚」丨「扁魚」丨「魚鱗」丨「魚眼」丨「魚泡(pɔk55)」丨 「大頭魚(ŋui115)」丨「翻車魚(ŋui115)」丨「一條魚(ŋui115)」		
4145	予	以	遇	魚	開	三	上	以	j	i	11	3	ji11	j	i	5	3	ji5			
4146	宇	云	遇	虞	合	三	上	影	j	i	11	3	ji11	j	i	5	3	ji5			
4147	嶼	邪	遇	魚	開	三	上	精	t	ui	32	4	tui32	d	ui	6	4	dui6	本讀，「島嶼」		
4148	嶼	邪	遇	魚	開	三	上	精	j	i	22	3	ji22	j	i	4	3	ji4	變調，「大嶼山」		
4149	羽	云	遇	虞	合	三	上	影	j	i	11	3	ji11	j	i	5	3	ji5			
4150	與	以	遇	魚	開	三	去	以	j	i	11	3	ji11	j	i	5	3	ji5			
4151	語	疑	遇	魚	開	三	上	見	ŋ	ui	11	4	ŋui11	ng	ui	5	5	ngui5			
4152	雨	云	遇	虞	合	三	上	影	j	i	11	3	ji11	j	i	5	3	ji5			
4153	喻	以	遇	虞	合	三	去	以	j	i	32	3	ji32	j	i	6	3	ji6			
4154	域	云	曾	蒸	合	三	入	影	ʋ	ak	55	4	ʋak55	v	aak	7	5	vaak7			
4155	御	疑	遇	魚	開	三	去	見	ŋ	ui	32	4	ŋui32	ng	ui	6	5	ngui6			
4156	愈	以	遇	虞	合	三	上	以	j	i	32	3	ji32	j	i	6	3	ji6			
4157	慾	以	通	鍾	開	三	入	以	j	ək	32	4	jək32	j	eak	9	5	jeak9			
4158	昱	以	通	東	開	三	入	以	j	ək	55	4	jək55	j	eak	7	5	jeak7			
4159	欲	以	通	鍾	開	三	入	以	j	ək	32	4	jək32	j	eak	9	5	jeak9			
4160	浴	以	通	鍾	開	三	入	以	j	ək	32	4	jək32	j	eak	9	5	jeak9	浸洗衣物、毛巾等：「浴」丨「浴蕉條毛巾佢」		
4161	玉	疑	通	鍾	開	三	入	見	ŋ	ək	32	4	ŋək32	ng	eak	9	6	ngeak9			
4162	癒	#N/A	#N/A	#N/A	#N/A	#N/A	#N/A	#N/A	j	i	32	3	ji32	j	i	6	3	ji6			
4163	禦	疑	遇	魚	開	三	上	見	ŋ	ui	32	4	ŋui32	ng	ui	6	5	ngui6			
4164	育	以	通	東	開	三	入	以	j	ək	32	4	jək32	j	eak	9	5	jeak9			
4165	芋	云	遇	虞	合	三	去	影	ʋ	u	11	3	ʋu11	v	u	5	3	vu5	水觀音：「蟻芋」		
4166	蔚	影	止	微	合	三	去	影	ʋ	ei	33	4	ʋei33	v	ei	1	4	vei1			
4167	裕	以	遇	虞	合	三	去	以	j	i	32	3	ji32	j	i	6	3	ji6			
4168	譽	以	遇	魚	開	三	平	以	j	i	32	3	ji32	j	i	6	3	ji6			
4169	豫	以	遇	魚	開	三	去	以	j	i	32	3	ji32	j	i	6	3	ji6			
4170	禺	疑	遇	虞	合	三	平	見	ŋ	ui	22	4	ŋui22	ng	ui	4	5	ngui4			
4171	遇	疑	遇	虞	合	三	去	見	ŋ	ui	32	4	ŋui32	ng	ui	6	5	ngui6			
4172	郁	影	通	東	開	三	入	影	j	ək	55	4	jək55	j	eak	7	5	jeak7	悶熱：「郁熱(ŋɐt115)」丨「郁掁(tsɐn115)」		
4173	喐	#N/A	#N/A	#N/A	#N/A	#N/A	#N/A	#N/A	ŋ	ək	33	4	ŋək33	ng	eak	8	6	ngeak8	本讀，動：「喐都唔喐一下」		
4174	喐	#N/A	#N/A	#N/A	#N/A	#N/A	#N/A	#N/A	ŋ	ək	55	4	ŋək55	ng	eak	7	6	ngeak7	變調，動不動：「喐啊(ʔa11)就」		
4175	預	以	遇	魚	開	三	去	以	j	i	32	3	ji32	j	i	6	3	ji6			
4176	鬱	影	臻	文	合	三	入	影	ʋ	ut	55	4	ʋut55	v	ut	7	4	vut7			
4177	冤	影	山	元	合	三	平	影	j	uɔn	33	5	juɔn33	j	uon	1	5	juon1			
4178	淵	影	山	先	合	四	平	影	j	uɔn	33	5	juɔn33	j	uon	1	5	juon1			
4179	鳶	以	山	仙A	合	三	平	以	j	uɔn	33	5	juɔn33	j	uon	1	5	juon1			
4180	鴛	影	山	元	合	三	平	影	j	uɔn	33	5	juɔn33	j	uon	1	5	juon1			
4181	元	疑	山	元	合	三	平	見	ŋ	un	22	4	ŋun22	ng	un	4	5	ngun4	貨幣圓的簡寫以外的一切用法：「元朝」丨「元氣」丨「元帥」丨「元姓」		
4182	元	疑	山	元	合	三	平	見	j	uɔn	22	5	juɔn22	j	uon	4	5	juon4	僅用於表示貨幣，「圓」的簡寫：「拾元」		
4183	原	疑	山	元	合	三	平	見	ŋ	un	22	4	ŋun22	ng	un	4	5	ngun4			
4184	員	云	臻	文	合	三	平	影	j	uɔn	22	5	juɔn22	j	uon	4	5	juon4			
4185	園	云	山	元	合	三	平	影	j	uɔn	22	5	juɔn22	j	uon	4	5	juon4			
4186	圓	云	山	仙B	合	三	平	影	j	uɔn	22	5	juɔn22	j	uon	4	5	juon4	圓滾滾：「圓之碌(lək33)」		
4187	垣	云	山	元	合	三	平	影	f	un	22	4	fun22	f	un	4	4	fun4			
4188	援	云	山	元	合	三	平	影	j	uɔn	22	5	juɔn22	j	uon	4	5	juon4			
4189	源	疑	山	元	合	三	平	見	ŋ	un	22	4	ŋun22	ng	un	4	5	ngun4			
4190	猿	云	山	元	合	三	平	影	j	uɔn	22	5	juɔn22	j	uon	4	5	juon4			
4191	袁	云	山	元	合	三	平	影	j	uɔn	22	5	juɔn22	j	uon	4	5	juon4			
4192	轅	云	山	元	合	三	平	影	j	uɔn	22	5	juɔn22	j	uon	4	5	juon4			
4193	遠	云	山	元	合	三	上	影	j	uɔn	55	5	juɔn55	j	uon	2	5	juon2			
4194	怨	影	山	元	合	三	平	影	j	uɔn	33	5	juɔn33	j	uon	1	5	juon1			
4195	院	匣	山	寒	合	一	平	影	j	uɔn	32	5	juɔn32	j	uon	6	5	juon6			
4196	願	疑	山	元	合	三	去	見	ŋ	un	32	4	ŋun32	ng	un	6	5	ngun6	本讀，「願意」		
4197	願	疑	山	元	合	三	去	見	ŋ	un	22	4	ŋun22	ng	un	4	5	ngun4	變調，「情tʰaŋ22願ŋun22」		
4198	約	影	宕	陽	開	三	入	影	j	ik	55	4	jik55	j	iik	7	5	jiik7	本讀，「合約」丨「大約」		
4199	約	影	宕	陽	開	三	入	影	j	ik	33	4	jik33	j	iik	8	5	jiik8	又讀，動詞，「約人」丨「約會」		
4200	岳	疑	江	江	開	二	入	見	ŋ	ɔk	32	4	ŋɔk32	ng	ok	9	5	ngok9	抬頭：「岳起個頭」		
4201	嶽	疑	江	江	開	二	入	見	ŋ	ɔk	32	4	ŋɔk32	ng	ok	9	5	ngok9			
4202	悅	以	山	仙A	合	三	入	以	j	uɔt	32	5	juɔt32	j	uot	9	5	juot9			
4203	月	疑	山	元	合	三	入	見	ŋ	ut	32	4	ŋut32	ng	ut	9	5	ngut9	本讀，「月份」丨「一月」丨「月亮」		
4204	月	疑	山	元	合	三	入	見	ŋ	ut	11	4	ŋut11	ng	ut	10	5	ngut10	變調，{1}表述月份的數量：「一個月」；{2}月亮：「個月(ŋut115)好圓」		
4205	粵	云	山	元	合	三	入	影	j	uɔt	32	5	juɔt32	j	uot	9	5	juot9			
4206	越	云	山	元	合	三	入	影	j	uɔt	32	5	juɔt32	j	uot	9	5	juot9			
4207	躍	以	宕	陽	開	三	入	以	j	ik	32	4	jik32	j	iik	9	5	jiik9			
4208	閱	以	山	仙A	合	三	入	以	j	uɔt	32	5	juɔt32	j	uot	9	5	juot9			
4209	暈	#N/A	#N/A	#N/A	#N/A	#N/A	#N/A	#N/A	ʋ	un	22	4	ʋun22	v	un	4	4	vun4	{1}形容暈眩的感受：四字詞 「暈暈摏(tsəŋ33)摏(tsəŋ11)」；{2}做某件事做到很費勁，用「A 暈 A 吽」的格式表示：「打暈打吽（打得很辛苦）」丨「做暈做吽（做到暈頭轉向）」		
4210	云	云	臻	文	合	三	平	影	ʋ	un	22	4	ʋun22	v	un	4	4	vun4			
4211	勻	以	臻	真A	合	三	平	以	j	un	22	4	jun22	j	un	4	4	jun4			
4212	耘	云	臻	文	合	三	平	影	ʋ	un	22	4	ʋun22	v	un	4	4	vun4			
4213	昀	以	臻	真A	合	三	平	以	j	un	22	4	jun22	j	un	4	4	jun4			
4214	雲	云	臻	文	合	三	平	影	ʋ	un	22	4	ʋun22	v	un	4	4	vun4	做事匆忙：四字詞 「打(ʔa55)雲打(ʔa55)核(ʋut11)（慌亂）		
4215	允	以	臻	真A	合	三	上	以	ʋ	un	11	4	ʋun11	v	un	5	4	vun5			
4216	孕	以	曾	蒸	開	三	去	以	j	in	32	4	jin32	j	in	6	4	jin6			
4217	運	云	臻	文	合	三	去	影	ʋ	un	32	4	ʋun32	v	un	6	4	vun6			
4218	韻	云	臻	文	合	三	去	影	ʋ	un	32	4	ʋun32	v	un	6	4	vun6			
4219	雜	從	咸	覃	開	一	入	精	t	ap	32	4	tap32	d	aap	6	5	daap6	指東西擺放混亂：四字詞 「三(ɬam33)四(ɬei33)撈(lau33)雜」		
4220	哉	精	蟹	咍	開	一	平	精	t	uɔi	33	5	tuɔi33	d	uoi	1	5	duoi1			
4221	栽	精	蟹	咍	開	一	平	精	t	uɔi	33	5	tuɔi33	d	uoi	1	5	duoi1			
4222	災	精	蟹	咍	開	一	平	精	t	uɔi	33	5	tuɔi33	d	uoi	1	5	duoi1			
4223	宰	精	蟹	咍	開	一	上	精	t	uɔi	55	5	tuɔi55	d	uoi	2	5	duoi2			
4224	再	精	蟹	咍	開	一	去	精	t	uɔi	33	5	tuɔi33	d	uoi	1	5	duoi1			
4225	在	從	蟹	咍	開	一	上	精	t	uɔi	32	5	tuɔi32	d	uoi	6	5	duoi6	{1}表示方位：「在出（外邊）」丨「在入（裡邊）」丨「在上(siŋ32)（上邊）」丨「在下(haa32)（下邊）」；{2}糞便的量詞：「一在屎」；{3}剛才：「在頭(hai225)」		
4226	載	精	蟹	咍	開	一	去	精	t	uɔi	33	5	tuɔi33	d	uoi	1	5	duoi1	「記載」		
4227	載	精	蟹	咍	開	一	上	精	t	uɔi	55	5	tuɔi55	d	uoi	2	5	duoi2	「一年半載」		
4228	暫	從	咸	談	開	一	去	精	t	iɛm	32	5	tiɛm32	d	iem	6	5	diem6			
4229	暫	從	咸	談	開	一	去	精	ts	am	32	5	tsam32	z	aam	2	5	zaam2			
4230	讚	精	山	寒	開	一	去	精	t	ɔn	33	4	tɔn33	d	on	1	4	don1			
4231	贊	精	山	寒	開	一	去	精	t	ɔn	33	4	tɔn33	d	on	1	4	don1			
4232	贓	精	宕	唐	開	一	平	精	t	ɔŋ	33	4	tɔŋ33	d	ong	1	5	dong1			
4233	髒	精	宕	唐	開	一	上	精	t	ɔŋ	33	4	tɔŋ33	d	ong	1	5	dong1			
4234	臟	#N/A	#N/A	#N/A	#N/A	#N/A	#N/A	#N/A	t	ɔŋ	32	4	tɔŋ32	d	ong	6	5	dong6	通腸胃：「滑臟」		
4235	葬	精	宕	唐	開	一	去	精	t	ɔŋ	33	4	tɔŋ33	d	ong	1	5	dong1			
4236	糟	精	效	豪	開	一	平	精	t	au	33	4	tau33	d	aau	1	5	daau1	形容貶義詞：「爛糟糟丨丨「潺糟糟」		
4237	蹧	#N/A	#N/A	#N/A	#N/A	#N/A	#N/A	#N/A	t	au	33	4	tau33	d	aau	1	5	daau1			
4238	遭	精	效	豪	開	一	平	精	t	au	33	4	tau33	d	aau	1	5	daau1			
4239	鑿	從	通	東	開	一	入	精	t	ɔk	32	4	tɔk32	d	ok	9	4	dok9	大丁苦瓜：「雷公鑿」		
4240	早	精	效	豪	開	一	上	精	t	au	55	4	tau55	d	aau	2	5	daau2	{1}早：「早先(ɬɐn33)」丨四字詞 「早市樓樓（強調現在是早上）」；{2}早上、午餐：「早朝(tsiɐu11)」		
4241	棗	精	效	豪	開	一	上	精	t	au	55	4	tau55	d	aau	2	5	daau2			
4242	澡	精	效	豪	開	一	上	精	tʰ	au	33	5	tʰau33	t	aau	1	5	taau1			
4243	藻	精	效	豪	開	一	上	精	tʰ	au	33	5	tʰau33	t	aau	1	5	taau1			
4244	蚤	精	效	豪	開	一	上	精	t	au	55	4	tau55	d	aau	2	5	daau2			
4245	噪	心	效	豪	開	一	去	精	tʰ	au	33	5	tʰau33	t	aau	1	5	taau1			
4246	灶	#N/A	#N/A	#N/A	#N/A	#N/A	#N/A	#N/A	t	au	33	4	tau33	d	aau	1	5	daau1	本讀，「灶頭(hai11)」		
4247	灶	#N/A	#N/A	#N/A	#N/A	#N/A	#N/A	#N/A	t	au	11	4	tau11	d	aau	5	5	daau5	變調，「灶君」丨「灶菩薩」丨「一個灶」		
4248	燥	心	效	豪	開	一	上	精	tʰ	au	33	5	tʰau33	t	aau	1	5	taau1			
4249	皂	#N/A	#N/A	#N/A	#N/A	#N/A	#N/A	#N/A	t	au	32	4	tau32	d	aau	6	5	daau6			
4250	躁	精	效	豪	開	一	去	精	tʰ	au	33	5	tʰau33	t	aau	1	5	taau1			
4251	造	從	效	豪	開	一	上	精	t	au	32	4	tau32	d	aau	6	5	daau6	{1}造謠：「你唔好造啦」；{2}量詞，收成、場：「一造水（一場雨）」；{3}註定：「造數(sou33)」；{4}嘈雜：「嘮造」；{5}形容造謠、無中生有，一說「牛膜安煲」，「牛膜」可能古越語是「牛」的意思：四字詞 「牛(ŋai22)膜安造(tau325)」；{6}形容聲音嘈雜：四字詞 「吵耳嘮造」；{7}動詞，蚊蟲煩擾，或引申為人際間的煩擾：「有蚊造我」丨「你一味造我做乜」		
4252	則	精	曾	登	開	一	入	精	t	ak	55	4	tak55	d	aak	7	5	daak7			
4253	擇	澄	梗	庚	開	二	入	知	ts	ak	32	5	tsak32	z	aak	9	5	zaak9			
4254	澤	澄	梗	庚	開	二	入	知	ts	ak	32	5	tsak32	z	aak	9	5	zaak9	形容好賭之徒：四字詞 「爛賭王澤」		
4255	責	莊	梗	耕	開	二	入	莊	ts	ak	55	5	tsak55	z	aak	7	5	zaak7			
4256	賊	從	曾	登	開	一	入	精	tʰ	ak	32	5	tʰak32	t	aak	9	5	taak9			
4257	增	精	曾	登	開	一	平	精	t	aŋ	33	4	taŋ33	d	aang	1	6	daang1			
4258	憎	精	曾	登	開	一	平	精	t	aŋ	33	4	taŋ33	d	aang	1	6	daang1			
4259	贈	從	曾	登	開	一	去	精	t	aŋ	32	4	taŋ32	d	aang	6	6	daang6			
4260	扎	莊	山	山	開	二	入	莊	ts	ɔt	33	5	tsɔt33	z	ot	8	4	zot8	本讀，「針扎」		
4261	扎	莊	山	山	開	二	入	莊	ts	ɔt	11	5	tsɔt11	z	ot	10	4	zot10	變調，量詞，束：「一扎花」		
4262	渣	莊	假	麻	開	二	平	莊	ts	a	11	4	tsa11	z	aa	5	4	zaa5	「渣滓」丨「湯渣」		
4263	渣	莊	假	麻	開	二	平	莊	ts	a	55	4	tsa55	z	aa	2	4	zaa2	差勁、弱，「瓦渣」丨「渣」丨「渣皮(pʰei22)」； {2}囉嗦：「長(tsʰiŋ22)氣(hei11)爛渣(tsa55)」		
4264	紮	莊	山	山	開	二	入	莊	ts	ɔt	33	5	tsɔt33	z	ot	8	4	zot8	本讀，「包紮」		
4265	紮	莊	山	山	開	二	入	莊	t	ɔt	33	4	tɔt33	d	ot	8	4	dot8	訓讀，{1}抽搐、跳：「你到該紮乜啊(ʔa33)」丨「條魚好生猛，識紮」；{2}青蛙：「紮魚(ŋui225)」		
4266	閘	見	咸	談	開	一	入	見	ts	ap	32	5	tsap32	z	aap	9	5	zaap9			
4267	眨	莊	咸	咸	開	二	入	莊	ts	am	55	5	tsam55	z	aam	2	5	zaam2			
4268	吒	知	假	麻	開	二	去	知	ts	a	33	4	tsa33	z	aa	1	4	zaa1			
4269	柵	初	梗	庚	開	三	入	莊	tsʰ	ak	55	6	tsʰak55	c	aak	7	5	caak7	「柵欄」		
4270	柵	生	山	刪	開	二	去	莊	s	ɔn	33	4	sɔn33	s	on	1	4	son1	「柵極」丨「柵欄」		
4271	榨	莊	假	麻	開	二	去	莊	ts	a	33	4	tsa33	z	aa	1	4	zaa1			
4272	炸	#N/A	#N/A	#N/A	#N/A	#N/A	#N/A	#N/A	ts	a	33	4	tsa33	z	aa	1	4	zaa1			
4273	詐	莊	假	麻	開	二	去	莊	ts	a	33	4	tsa33	z	aa	1	4	zaa1	裝模作樣：「詐假 帝(tɔi115)」		
4274	摘	知	梗	耕	開	二	入	知	ts	ak	32	5	tsak32	z	aak	9	5	zaak9			
4275	齋	莊	蟹	皆	開	二	平	莊	ts	ɔi	33	5	tsɔi33	z	oi	1	4	zoi1			
4276	宅	澄	梗	庚	開	二	入	知	ts	ak	32	5	tsak32	z	aak	9	5	zaak9			
4277	窄	莊	梗	庚	開	二	入	莊	ts	ak	33	5	tsak33	z	aak	8	5	zaak8			
4278	債	莊	蟹	佳	開	二	去	莊	ts	ɔi	33	5	tsɔi33	z	oi	1	4	zoi1			
4279	寨	崇	蟹	夬	開	二	去	莊	ts	ɔi	32	5	tsɔi32	z	oi	6	4	zoi6			
4280	占	章	咸	鹽A	開	三	平	章	ts	iɛm	33	6	tsiɛm33	z	iem	1	5	ziem1			
4281	氈	章	山	仙A	開	三	平	章	t	ɐn	33	4	tɐn33	d	an	1	4	dan1			
4282	沾	知	咸	鹽B	開	三	平	知	ts	iɛm	33	6	tsiɛm33	z	iem	1	5	ziem1			
4283	瞻	章	咸	鹽A	開	三	平	章	ts	iɛm	33	6	tsiɛm33	z	iem	1	5	ziem1			
4284	詹	章	咸	鹽A	開	三	平	章	ts	iɛm	33	6	tsiɛm33	z	iem	1	5	ziem1			
4285	展	知	山	仙B	開	三	上	知	ts	in	55	5	tsin55	z	in	2	4	zin2			
4286	斬	莊	咸	咸	開	二	上	莊	ts	am	55	5	tsam55	z	aam	2	5	zaam2	本讀，「斬擊」		
4287	斬	莊	咸	咸	開	二	上	莊	m	ək	55	4	mək55	m	eak	2	5	meak2	訓讀，「斬開碌木」		
4288	盞	莊	山	山	開	二	上	莊	ts	ɔn	55	5	tsɔn55	z	on	2	4	zon2			
4289	盞	#N/A	#N/A	#N/A	#N/A	#N/A	#N/A	#N/A	ts	ɔn	325	5	tsɔn325	z	on	6*	4	zon6*	訓讀，名詞，現在，同「該(kʰɔi11)時(si225)」：「該(kʰɔi11)tsɔn325」		
4290	佔	端	咸	添	開	四	平	端	ts	iɛm	33	6	tsiɛm33	z	iem	1	5	ziem1			
4291	戰	章	山	仙A	開	三	去	章	ts	iɛn	33	6	tsiɛn33	z	ien	1	5	zien1			
4292	湛	澄	深	侵B	開	三	平	知	ts	am	33	5	tsam33	z	aam	1	5	zaam1			
4293	站	知	咸	咸	開	二	去	知	ts	am	32	5	tsam32	z	aam	6	5	zaam6	耽誤：「站」丨「纜站」		
4294	顫	章	山	仙A	開	三	去	章	ts	iɛn	33	6	tsiɛn33	z	ien	1	5	zien1	雷聲大得連馬都顫抖了，形容雷聲大，風雨交加：「雷響馬(ma11)顫」		
4295	張	知	宕	陽	開	三	平	知	ts	iŋ	33	5	tsiŋ33	z	iing	1	6	ziing1	麻將裡面的牌：「罰張(tsiŋ335)（被中斷摸牌）」丨「入張(tsiŋ335)（成功有坎）」		
4296	彰	章	宕	陽	開	三	平	章	ts	iŋ	33	5	tsiŋ33	z	iing	1	6	ziing1			
4297	樟	章	宕	陽	開	三	平	章	ts	iŋ	33	5	tsiŋ33	z	iing	1	6	ziing1			
4298	漳	章	宕	陽	開	三	平	章	ts	iŋ	33	5	tsiŋ33	z	iing	1	6	ziing1			
4299	璋	章	宕	陽	開	三	平	章	ts	iŋ	33	5	tsiŋ33	z	iing	1	6	ziing1			
4300	章	章	宕	陽	開	三	平	章	ts	iŋ	33	5	tsiŋ33	z	iing	1	6	ziing1			
4301	蟑	#N/A	#N/A	#N/A	#N/A	#N/A	#N/A	#N/A	ts	iŋ	33	5	tsiŋ33	z	iing	1	6	ziing1			
4302	掌	章	宕	陽	開	三	上	章	ts	iŋ	55	5	tsiŋ55	z	iing	2	6	ziing2			
4303	漲	知	宕	陽	開	三	平	知	ts	iŋ	33	5	tsiŋ33	z	iing	1	6	ziing1	四字詞 「撐(tsaŋ32)飽撐(tsaŋ32)漲（吃得很飽，肚子都撐漲起來了）」		
4304	丈	澄	宕	陽	開	三	上	知	ts	iŋ	32	5	tsiŋ32	z	iing	6	6	ziing6	本讀，「丈人」丨「千丈」		
4305	丈	澄	宕	陽	開	三	上	知	tsʰ	iŋ	11	6	tsʰiŋ11	c	iing	5	6	ciing5	變調，對姑丈姨丈的稱呼：「丈」丨「姨(ji22)丈」丨「姑(ku33)丈」		
4306	仗	澄	宕	陽	開	三	去	知	ts	iŋ	33	5	tsiŋ33	z	iing	1	6	ziing1	「勝仗」		
4307	仗	澄	宕	陽	開	三	去	知	ts	iŋ	32	5	tsiŋ32	z	iing	6	6	ziing6	「仗義」		
4308	帳	知	宕	陽	開	三	去	知	ts	iŋ	33	5	tsiŋ33	z	iing	1	6	ziing1			
4309	杖	澄	宕	陽	開	三	上	知	ts	iŋ	32	5	tsiŋ32	z	iing	6	6	ziing6			
4310	脹	知	宕	陽	開	三	去	知	ts	iŋ	33	5	tsiŋ33	z	iing	1	6	ziing1			
4311	賬	知	宕	陽	開	三	去	知	ts	iŋ	33	5	tsiŋ33	z	iing	1	6	ziing1			
4312	障	章	宕	陽	開	三	平	章	ts	iŋ	33	5	tsiŋ33	z	iing	1	6	ziing1			
4313	招	章	效	宵A	開	三	平	章	ts	iɐu	33	6	tsiɐu33	z	iau	1	5	ziau1			
4314	昭	章	效	宵A	開	三	平	章	ts	iɐu	33	6	tsiɐu33	z	iau	1	5	ziau1			
4315	朝	澄	效	宵B	開	三	平	知	tsʰ	iɐu	22	7	tsʰiɐu22	c	iau	4	5	ciau4	「朝廷」		
4316	朝	知	效	宵B	開	三	平	知	ts	iɐu	33	6	tsiɐu33	z	iau	1	5	ziau1	「朝夕」		
4317	朝	知	效	宵B	開	三	平	知	ts	iɐu	11	6	tsiɐu11	z	iau	5	5	ziau5	tsiɐu33的變調，{1}本義指上午：「朝早」丨「早朝」；{2}引申義指午飯：「吃朝早」丨「吃早朝」		
4318	找	#N/A	#N/A	#N/A	#N/A	#N/A	#N/A	#N/A	ts	au	55	5	tsau55	z	aau	2	5	zaau2			
4319	沼	章	效	宵A	開	三	上	章	ts	iɐu	55	6	tsiɐu55	z	iau	2	5	ziau2			
4320	兆	澄	效	宵B	開	三	上	知	s	iɐu	11	5	siɐu11	s	iau	5	5	siau5	「一兆」丨「溫兆倫」		
4321	兆	澄	效	宵B	開	三	上	知	s	iɐu	32	5	siɐu32	s	iau	6	5	siau6	「兆頭(hai22)」		
4322	召	常	效	宵A	開	三	去	章	ts	iɐu	33	6	tsiɐu33	z	iau	1	5	ziau1	本讀，「召喚」		
4323	召	澄	效	宵B	開	三	去	知	t	iu	33	4	tiu33	d	iu	1	4	diu1	訓讀，叫喊：「召你番來」丨四字詞「kiɛ55 laŋ22 kiɛ55 召(tiu11)（聲嘈雜、震耳欲聾。多用於形容人，偶爾用作物件(電視)的噪音）」丨四字詞 「召(tiu11)出子聲(siɐŋ11)（形容叫聲太大，以至於聲音都變得聲嘶力竭）」		
4324	照	章	效	宵A	開	三	去	章	ts	iɐu	33	6	tsiɐu33	z	iau	1	5	ziau1	用手撥起水洗臉：「照少少水洗面」		
4325	罩	知	效	肴	開	二	去	知	ts	au	33	5	tsau33	z	aau	1	5	zaau1	本讀，動詞，「罩住」丨「籠罩」		
4326	罩	知	效	肴	開	二	去	知	ts	au	11	5	tsau11	z	aau	5	5	zaau5	變調，名詞，「一個罩(tsau11)」丨「𢆡罩（文胸）」丨「laŋ55罩(115)（蓋食物的大蓋子）」		
4327	肇	#N/A	#N/A	#N/A	#N/A	#N/A	#N/A	#N/A	s	iɐu	32	5	siɐu32	s	iau	6	5	siau6			
4328	趙	澄	效	宵B	開	三	上	知	ts	iɐu	32	6	tsiɐu32	z	iau	6	5	ziau6			
4329	遮	章	假	麻	開	三	平	章	ts	iɛ	33	5	tsiɛ33	z	ie	1	4	zie1			
4330	哲	知	山	仙B	開	三	入	知	ts	iɛt	55	6	tsiɛt55	z	iet	7	5	ziet7			
4331	折	常	山	仙A	開	三	入	章	s	iɛt	32	5	siɛt32	s	iet	9	5	siet9	「折本」		
4332	折	章	山	仙A	開	三	入	章	ts	iɛt	55	6	tsiɛt55	z	iet	7	5	ziet7	「骨折」		
4333	折	章	山	仙A	開	三	入	章	ts	iɛt	33	6	tsiɛt33	z	iet	8	5	ziet8	訓讀，動詞，詛咒人死或不幸的用語：「折啊(ʔa33)你」丨「折啊(ʔa33)佢」		
4334	折	常	山	仙A	開	三	入	章	s	iɛt	11	5	siɛt11	s	iet	10	5	siet10	siɛt32的變調：「折底」		
4335	者	章	假	麻	開	三	上	章	ts	iɛ	55	5	tsiɛ55	z	ie	2	4	zie2			
4336	褶	定	咸	添	開	四	入	端	ts	iɛp	11	6	tsiɛp11	z	iep	10	5	ziep10	「褶皱」丨「腳(kik33)褶（大腿與小腿關節處的內方）」		
4337	浙	章	山	仙A	開	三	入	章	ts	iɛt	55	6	tsiɛt55	z	iet	7	5	ziet7			
4338	蔗	章	假	麻	開	三	去	章	ts	iɛ	11	5	tsiɛ11	z	ie	5	4	zie5			
4339	這	疑	山	仙B	開	三	去	見	ts	iɛ	33	5	tsiɛ33	z	ie	1	4	zie1			
4340	偵	徹	梗	清B	開	三	平	知	ts	ɐn	33	5	tsɐn33	z	an	1	4	zan1			
4341	斟	章	深	侵A	開	三	平	章	ts	im	33	5	tsim33	z	im	1	4	zim1			
4342	楨	知	梗	清B	開	三	平	知	ts	ɐn	33	5	tsɐn33	z	an	1	4	zan1			
4343	珍	知	臻	真B	開	三	平	知	ts	in	33	5	tsin33	z	in	1	4	zin1			
4344	真	章	臻	真A	開	三	平	章	ts	in	33	5	tsin33	z	in	1	4	zin1	「真的」的意思，多指對人作出的承諾(多為最後一次)：四字詞 「真真錢錢」		
4345	砧	知	深	侵	開	三	平	知	ʔ	im	11	4	ʔim11		im	5	3	im5	負責切食材的人：「砧手」		
4346	碪	知	深	侵	開	三	平	知	ʔ	im	11	4	ʔim11		im	5	3	im5			
4347	禎	知	梗	清B	開	三	平	知	ts	ɐn	33	5	tsɐn33	z	an	1	4	zan1			
4348	貞	知	梗	清B	開	三	平	知	ts	ɐn	33	5	tsɐn33	z	an	1	4	zan1			
4349	針	章	深	侵A	開	三	平	章	ts	im	33	5	tsim33	z	im	1	4	zim1	本讀，「針灸」丨「一眼針（一根裁縫用的針）」丨「針屎（小氣）」		
4350	針	章	深	侵A	開	三	平	章	ts	im	11	5	tsim11	z	im	5	4	zim5	變調，「打針(tsim115)」丨「針筒(həŋ115)」丨「牙(ŋa22)針（牙籤）」丨「一口針(tsim11)（一支或一次注射的針）」		
4351	枕	章	深	侵A	開	三	上	章	ts	im	55	5	tsim55	z	im	2	4	zim2			
4352	疹	章	臻	真A	開	三	上	章	tsʰ	in	55	6	tsʰin55	c	in	2	4	cin2			
4353	診	章	臻	真A	開	三	上	章	tsʰ	in	55	6	tsʰin55	c	in	2	4	cin2			
4354	圳	#N/A	#N/A	#N/A	#N/A	#N/A	#N/A	#N/A	ts	un	33	5	tsun33	z	un	1	4	zun1	本讀，「深圳」		
4355	圳	#N/A	#N/A	#N/A	#N/A	#N/A	#N/A	#N/A	ts	un	11	5	tsun11	z	un	5	4	zun5	變調，水溝：「水圳」		
4356	振	章	臻	真A	開	三	平	章	ts	in	55	5	tsin55	z	in	2	4	zin2			
4357	鎮	知	臻	真B	開	三	平	知	ts	in	33	5	tsin33	z	in	1	4	zin1			
4358	陣	澄	臻	真B	開	三	去	知	ts	in	32	5	tsin32	z	in	6	4	zin6	本讀，「陣勢」		
4359	陣	澄	臻	真B	開	三	去	知	ts	in	11	5	tsin11	z	in	5	4	zin5	變調，一段時間之後：「陣久」丨「一陣(tsin115)」丨「一陣間(kɔn335)」丨「興陣間(kɔn335)」		
4360	陣	#N/A	#N/A	#N/A	#N/A	#N/A	#N/A	#N/A	ts	əm	32	5	tsəm32	z	eam	6	5	zeam6	變調，量詞，修飾氣味，一股：「成陣淰(nəm33)味」		
4361	震	章	臻	真A	開	三	去	章	ts	in	55	5	tsin55	z	in	2	4	zin2			
4362	崢	崇	梗	庚	開	二	平	莊	ts	aŋ	33	5	tsaŋ33	z	aang	1	6	zaang1			
4363	征	章	梗	清A	開	三	平	章	ts	ɐn	33	5	tsɐn33	z	an	1	4	zan1			
4364	掙	#N/A	#N/A	#N/A	#N/A	#N/A	#N/A	#N/A	ts	aŋ	33	5	tsaŋ33	z	aang	1	6	zaang1			
4365	爭	莊	梗	耕	開	二	平	莊	ts	aŋ	33	5	tsaŋ33	z	aang	1	6	zaang1	本讀，差點、欠：「爭少少就遲到」丨「我爭你一百萬」		
4366	爭	莊	梗	耕	開	二	平	莊	ts	aŋ	55	5	tsaŋ55	z	aang	2	6	zaang2	變調，頂嘴：「口爭爭」		
4367	猙	莊	梗	耕	開	二	平	莊	ts	aŋ	33	5	tsaŋ33	z	aang	1	6	zaang1			
4368	癥	知	曾	蒸	開	三	平	知	ts	ɐn	33	5	tsɐn33	z	an	1	4	zan1			
4369	睜	從	梗	清A	開	三	上	精	tsʰ	aŋ	33	6	tsʰaŋ33	c	aang	1	6	caang1			
4370	箏	莊	梗	耕	開	二	平	莊	ts	aŋ	33	5	tsaŋ33	z	aang	1	6	zaang1			
4371	蒸	章	曾	蒸	開	三	平	章	ts	ɐn	33	5	tsɐn33	z	an	1	4	zan1	本讀，「蒸發」		
4372	蒸	#N/A	#N/A	#N/A	#N/A	#N/A	#N/A	#N/A	ts	ɐn	11	5	tsɐn11	z	an	5	4	zan5	訓讀，{1}形容詞，植物缺水：「乾tsɐn11（乾乾的）」丨「生亁tsɐn11（動詞短語，水果缺水）」；{2}動詞，起爭執：「蒸頸」		
4373	諍	莊	梗	耕	開	二	去	莊	ts	aŋ	33	5	tsaŋ33	z	aang	1	6	zaang1			
4374	拯	章	曾	蒸	開	三	上	章	tsʰ	ɐn	55	6	tsʰɐn55	c	an	2	4	can2			
4375	整	章	梗	清A	開	三	上	章	ts	ɐn	55	5	tsɐn55	z	an	2	4	zan2	有「做」、「使」、「用」、「修」等的意思：「你整乜啊(ʔa33)」丨「整好個水喉」		
4376	政	章	梗	清A	開	三	去	章	ts	ɐn	33	5	tsɐn33	z	an	1	4	zan1			
4377	正	章	梗	清A	開	三	平	章	ts	ɐn	33	5	tsɐn33	z	an	1	4	zan1	文讀，{1}簡直是：「正裝(tsɔŋ33)」；{2}明明：「明正」		
4378	正	章	梗	清A	開	三	去	章	ts	iɐŋ	33	6	tsiɐŋ33	z	iang	1	6	ziang1	白讀，{1}令人滿意，很棒：「正啊(ʔa33)」丨「好正」；{2}不歪斜：「放正乃」		
4379	癥	知	曾	蒸	開	三	平	知	ts	ɐn	33	5	tsɐn33	z	an	1	4	zan1			
4380	證	章	曾	蒸	開	三	去	章	ts	ɐn	33	5	tsɐn33	z	an	1	4	zan1			
4381	鄭	澄	梗	清B	開	三	去	知	ts	iɐŋ	32	6	tsiɐŋ32	z	iang	6	6	ziang6	{1}剛剛：「我鄭去屙屎」；{2}總是：「你鄭係激我」		
4382	之	章	止	之	開	三	平	章	ts	i	33	4	tsi33	z	i	1	3	zi1			
4383	支	章	止	支A	開	三	平	章	ts	i	33	4	tsi33	z	i	1	3	zi1	本讀，「支出」		
4384	支	章	止	支A	開	三	平	章	ts	i	32	4	tsi32	z	i	6	3	zi6	變調，{1}量詞，盞，「一支電（一盞燈）」；{2}量詞，條，專修飾一堆的條狀粉麵：「夾一支粉絲（夾起一把粉絲）」		
4385	枝	章	止	支A	開	三	平	章	ts	i	33	4	tsi33	z	i	1	3	zi1			
4386	汁	章	深	侵A	開	三	入	章	ts	ip	55	5	tsip55	z	ip	7	4	zip7	{1}乳頭：「汁汁」丨「珠仔(tuɔi55)汁（外突乳頭）」丨「顯窟汁（內凹乳頭）」		
4387	知	知	止	支B	開	三	平	知	ts	i	33	4	tsi33	z	i	1	3	zi1	文讀，一言不發：四字詞 「唔知(tsi33)尐(nit55)聲(siɐŋ335)」		
4388	知	知	止	支B	開	三	平	知	ʔ	ei	33	4	ʔei33		ei	1	3	ei1	白讀，知道：「知隨」丨「知從」丨「知təŋ22」丨四字詞 「知(ei33)高知(ei33)低（知高知低，意思是有分寸、成熟）」		
4389	織	章	止	之	開	三	去	章	ts	ɐt	55	5	tsɐt55	z	at	7	4	zat7	撲克牌的J：「織」		
4390	肢	章	止	支A	開	三	平	章	ts	i	33	4	tsi33	z	i	1	3	zi1			
4391	脂	章	止	脂A	開	三	平	章	ts	i	33	4	tsi33	z	i	1	3	zi1			
4392	芝	章	止	之	開	三	平	章	ts	i	33	4	tsi33	z	i	1	3	zi1			
4393	蜘	知	止	支B	開	三	平	知	ts	i	33	4	tsi33	z	i	1	3	zi1			
4394	隻	章	梗	清A	開	三	入	章	ts	iɐk	33	6	tsiɐk33	z	iak	8	5	ziak8	本讀，「隻身」丨「一隻貓」		
4395	隻	章	梗	清A	開	三	入	章	ts	iɐk	55	6	tsiɐk55	z	iak	7	5	ziak7	變調，表示蝦時的變調：「一隻蝦」		
4396	值	澄	止	之	開	三	去	知	ts	ɐt	32	5	tsɐt32	z	at	9	4	zat9			
4397	執	章	深	侵A	開	三	入	章	ts	ip	55	5	tsip55	z	ip	7	4	zip7	文讀，「執行」丨「執教」		
4398	執	章	深	侵A	開	三	入	章	ts	ap	55	5	tsap55	z	aap	7	5	zaap7	白讀，「執蕉間房」丨「執笠(lap55)」		
4399	執	章	深	侵A	開	三	入	章	ts	əp	55	5	tsəp55	z	eap	7	5	zeap7	白讀，抓住，扯緊：「執緊我哇」		
4400	姪	澄	臻	真B	開	三	入	知	ts	it	32	5	tsit32	z	it	9	4	zit9			
4401	植	澄	止	之	開	三	去	知	ts	ɐt	32	5	tsɐt32	z	at	9	4	zat9			
4402	殖	常	曾	蒸	開	三	入	章	ts	ɐt	32	5	tsɐt32	z	at	9	4	zat9			
4403	直	澄	曾	蒸	開	三	入	知	ts	ɐt	32	5	tsɐt32	z	at	9	4	zat9	直接、乾脆：「直成(sɐn22)」		
4404	職	章	曾	蒸	開	三	入	章	ts	ɐt	55	5	tsɐt55	z	at	7	4	zat7			
4405	質	章	臻	真A	開	三	入	章	ts	it	55	5	tsit55	z	it	7	4	zit7	「物質」		
4406	質	知	止	脂B	開	三	去	知	ts	i	33	4	tsi33	z	i	1	3	zi1	「人質」		
4407	只	章	止	支A	開	三	平	章	ts	i	55	4	tsi55	z	i	2	3	zi2			
4408	址	章	止	之	開	三	上	章	ts	i	55	4	tsi55	z	i	2	3	zi2			
4409	徵	知	曾	蒸	開	三	平	知	ts	ɐn	33	5	tsɐn33	z	an	1	4	zan1			
4410	指	章	止	脂A	開	三	上	章	ts	i	55	4	tsi55	z	i	2	3	zi2			
4411	旨	章	止	脂A	開	三	上	章	ts	i	55	4	tsi55	z	i	2	3	zi2			
4412	止	章	止	之	開	三	上	章	ts	i	55	4	tsi55	z	i	2	3	zi2			
4413	祉	徹	止	之	開	三	上	知	ts	i	55	4	tsi55	z	i	2	3	zi2			
4414	紙	章	止	支A	開	三	上	章	ts	i	55	4	tsi55	z	i	2	3	zi2	{1}量詞，齣：「一紙戲」；{2}量詞，張：「一紙相(ɬiŋ335)」；{3}錢：「港紙」丨「銀紙」；{4}撲克牌：「紙牌(pʰɔi225)」		
4415	趾	章	止	之	開	三	上	章	ts	i	55	4	tsi55	z	i	2	3	zi2			
4416	制	章	蟹	祭A	開	三	去	章	ts	ɔi	33	5	tsɔi33	z	oi	1	4	zoi1	本讀，{1}遭受，一般用於受到教訓：「制過(kuɔ33)」；{2}限制：「制水（限量用水）」		
4417	制	章	蟹	祭A	開	三	去	章	ts	ɔi	11	5	tsɔi11	z	oi	5	4	zoi5	變調，形容人麻煩多事：「麻制」		
4418	制	章	蟹	祭A	開	三	去	章	ts	ɔi	32	5	tsɔi32	z	oi	6	4	zoi6	變調，{1}制止：「有人打架，你幫手制」丨「小朋友哭啊(ʔa33)，制唔住」；{2}形容詞，潔癖：「制屎」		
4419	帙	澄	臻	真B	開	三	入	知	ʔ	ɐt	32	4	ʔɐt32		at	9	3	at9			
4420	志	章	止	之	開	三	去	章	ts	i	33	4	tsi33	z	i	1	3	zi1			
4421	智	知	止	支B	開	三	去	知	ts	i	33	4	tsi33	z	i	1	3	zi1			
4422	治	澄	止	之	開	三	平	知	ts	i	32	4	tsi32	z	i	6	3	zi6			
4423	滯	澄	蟹	祭B	開	三	去	知	ts	ɔi	32	5	tsɔi32	z	oi	6	4	zoi6	不順、麻煩：「偽滯」		
4424	秩	澄	臻	真B	開	三	入	知	ʔ	it	32	4	ʔit32		it	9	3	it9			
4425	稚	澄	止	脂B	開	三	去	知	ts	i	33	4	tsi33	z	i	1	3	zi1			
4426	緻	澄	止	脂B	開	三	去	知	ts	i	33	4	tsi33	z	i	1	3	zi1			
4427	置	知	止	之	開	三	去	知	ts	i	33	4	tsi33	z	i	1	3	zi1			
4428	至	章	止	脂A	開	三	去	章	ts	i	33	4	tsi33	z	i	1	3	zi1	一說「脫至巴肋(lak32)」，指赤膊，不穿衣服，通常指男人。「巴肋」為英文blank的音譯，有「赤膊」之意：四字詞 「脫巴(pa33)至肋(lak33)」		
4429	致	知	止	脂B	開	三	去	知	ts	i	33	4	tsi33	z	i	1	3	zi1			
4430	製	章	蟹	祭A	開	三	去	章	ts	ɔi	33	5	tsɔi33	z	oi	1	4	zoi1			
4431	誌	章	止	之	開	三	去	章	ts	i	33	4	tsi33	z	i	1	3	zi1			
4432	中	知	通	東	開	三	平	知	ts	əŋ	33	5	tsəŋ33	z	eang	1	6	zeang1	{1}中間：「中間(kɔn33)下(ha115)」；{2}新年習俗之掛蒜頭時必唸台詞，祝福心想事成：「四字詞 中想中算」；{3}形容物件放在房子中央，造成其他位置難以使用：四字詞 「其中北獵」		
4433	忠	知	通	東	開	三	平	知	ts	əŋ	33	5	tsəŋ33	z	eang	1	6	zeang1			
4434	忪	章	通	鍾	開	三	平	章	ɬ	əŋ	33	4	ɬəŋ33	sl	eang	1	7	sleang1			
4435	終	章	通	東	開	三	平	章	ts	əŋ	33	5	tsəŋ33	z	eang	1	6	zeang1			
4436	螽	章	通	東	開	三	平	章	ts	əŋ	33	5	tsəŋ33	z	eang	1	6	zeang1			
4437	衷	知	通	東	開	三	平	知	tsʰ	əŋ	33	6	tsʰəŋ33	c	eang	1	6	ceang1			
4438	鍾	章	通	鍾	開	三	平	章	ts	əŋ	33	5	tsəŋ33	z	eang	1	6	zeang1			
4439	鐘	章	通	鍾	開	三	平	章	ts	əŋ	33	5	tsəŋ33	z	eang	1	6	zeang1			
4440	冢	知	通	鍾	開	三	上	知	tsʰ	əŋ	55	6	tsʰəŋ55	c	eang	2	6	ceang2			
4441	塚	知	通	鍾	開	三	上	知	tsʰ	əŋ	55	6	tsʰəŋ55	c	eang	2	6	ceang2			
4442	種	章	通	鍾	開	三	去	章	ts	əŋ	33	5	tsəŋ33	z	eang	1	6	zeang1	「種植」		
4443	種	章	通	鍾	開	三	上	章	ts	əŋ	55	5	tsəŋ55	z	eang	2	6	zeang2	{1}「種子」；{2}基因、遺傳特征、家族特征：「種(tsəŋ55)薯(si225)」		
4444	腫	章	通	鍾	開	三	上	章	ts	əŋ	55	5	tsəŋ55	z	eang	2	6	zeang2	腫脹：四字詞「 籠籠腫腫」		
4445	踵	章	通	鍾	開	三	上	章	ts	əŋ	55	5	tsəŋ55	z	eang	2	6	zeang2			
4446	仲	澄	通	東	開	三	去	知	ts	əŋ	32	5	tsəŋ32	z	eang	6	6	zeang6			
4447	眾	章	通	東	開	三	平	章	ts	əŋ	33	5	tsəŋ33	z	eang	1	6	zeang1			
4448	重	澄	通	鍾	開	三	平	知	tsʰ	əŋ	22	6	tsʰəŋ22	c	eang	4	6	ceang4	「重新」		
4449	重	澄	通	鍾	開	三	去	知	ts	əŋ	32	5	tsəŋ32	z	eang	6	6	zeang6	「重要」		
4450	重	澄	通	鍾	開	三	上	知	tsʰ	əŋ	33	6	tsʰəŋ33	c	eang	1	6	ceang1	「重量」丨「重ʔəm33啊(ʔa33)（很重）」		
4451	周	章	流	尤	開	三	平	章	ts	iu	33	5	tsiu33	z	iu	1	4	ziu1			
4452	州	章	流	尤	開	三	平	章	ts	iu	33	5	tsiu33	z	iu	1	4	ziu1			
4453	洲	章	流	尤	開	三	平	章	ts	iu	33	5	tsiu33	z	iu	1	4	ziu1			
4454	粥	以	通	東	開	三	入	以	ts	ək	55	5	tsək55	z	eak	7	5	zeak7			
4455	舟	章	流	尤	開	三	平	章	ts	iu	33	5	tsiu33	z	iu	1	4	ziu1			
4456	軸	澄	通	東	開	三	入	知	ts	ək	32	5	tsək32	z	eak	9	5	zeak9			
4457	宙	澄	流	尤	開	三	去	知	ts	au	32	5	tsau32	z	aau	6	5	zaau6			
4458	晝	知	流	尤	開	三	去	知	ts	iu	33	5	tsiu33	z	iu	1	4	ziu1	本讀，「白晝」		
4459	晝	知	流	尤	開	三	去	知	ts	iu	11	5	tsiu11	z	iu	5	4	ziu5	變調，{1}下午：「晏(ʔɔn33)晝」；{1}下午的延伸義，指在下午做事：「吃晏(ʔɔn33)晝（吃晚飯）」丨「訓晏(ʔɔn33)晝（睡午覺）」		
4460	皺	莊	流	尤	開	三	去	莊	ts	ai	33	5	tsai33	z	aai	1	5	zaai1	文讀，衣物凌亂：「樓皺」丨四字詞 「樓樓皺(tsai33)皺(tsai33)」		
4461	皺	莊	流	尤	開	三	去	莊	ts	ai	55	5	tsai55	z	aai	2	5	zaai2	白讀，動詞，扯住、皺起：「皺起塊面」丨「感覺乃筋骨好皺（感覺筋骨扯住不自然）」		
4462	褸	來	遇	虞	合	三	上	來	l	ui	11	4	lui11	l	ui	5	4	lui5	「襤褸」		
4463	褸	來	流	侯	開	一	平	來	l	ai	33	4	lai33	l	aai	1	5	laai1	「大褸」		
4464	縐	初	效	肴	開	二	去	莊	ts	ai	33	5	tsai33	z	aai	1	5	zaai1			
4465	侏	章	遇	虞	合	三	平	章	ts	i	33	4	tsi33	z	i	1	3	zi1			
4466	朱	章	遇	虞	合	三	平	章	ts	i	33	4	tsi33	z	i	1	3	zi1	巧克力：「朱古力(lat55)」		
4467	株	知	遇	虞	合	三	平	知	ts	i	33	4	tsi33	z	i	1	3	zi1			
4468	珠	章	遇	虞	合	三	平	章	ts	i	11	4	tsi11	z	i	5	3	zi5	{1}形容食物乾巴巴的感覺：四字詞 「乾(kuɔn33)珠乾(kuɔn33)侯」；{2}匆匆忙忙：「珠珠啊(ʔa11)跑溜」		
4469	茱	常	遇	虞	合	三	平	章	ts	i	33	4	tsi33	z	i	1	3	zi1			
4470	藷	#N/A	#N/A	#N/A	#N/A	#N/A	#N/A	#N/A	ts	i	33	4	tsi33	z	i	1	3	zi1			
4471	藷	常	遇	魚	開	三	去	章	s	i	22	3	si22	s	i	4	3	si4	同「薯」		
4472	蛛	知	遇	虞	合	三	平	知	ts	i	33	4	tsi33	z	i	1	3	zi1			
4473	諸	章	遇	魚	開	三	平	章	ts	i	33	4	tsi33	z	i	1	3	zi1			
4474	豬	知	遇	魚	開	三	平	知	ts	i	33	4	tsi33	z	i	1	3	zi1	用豬屎和灰混雜在一起，即指人將兩件不相關的事物盲目地摻和：四字詞 「豬屎撈(lau33)灰(fuɔi335)」		
4475	朮	船	臻	真A	合	三	入	章	s	ut	32	4	sut32	s	ut	9	4	sut9			
4476	燭	章	通	鍾	開	三	入	章	ts	ək	55	5	tsək55	z	eak	7	5	zeak7	拜神用的蠟燭：「燭仔(tuɔi55)」		
4477	竹	知	通	東	開	三	入	知	ts	ək	55	5	tsək55	z	eak	7	5	zeak7			
4478	竺	端	通	東	開	一	入	端	ts	ək	55	5	tsək55	z	eak	7	5	zeak7			
4479	築	知	通	東	開	三	入	知	ts	ək	55	5	tsək55	z	eak	7	5	zeak7			
4480	逐	澄	通	東	開	三	入	知	ts	ək	32	5	tsək32	z	eak	9	5	zeak9			
4481	主	章	遇	虞	合	三	上	章	ts	i	55	4	tsi55	z	i	2	3	zi2			
4482	煮	#N/A	#N/A	#N/A	#N/A	#N/A	#N/A	#N/A	ts	i	55	4	tsi55	z	i	2	3	zi2			
4483	貯	知	遇	魚	開	三	上	知	tsʰ	ui	11	6	tsʰui11	c	ui	5	4	cui5			
4484	佇	澄	遇	魚	開	三	上	知	tsʰ	ui	11	6	tsʰui11	c	ui	5	4	cui5			
4485	住	澄	遇	虞	合	三	去	知	ts	i	32	4	tsi32	z	i	6	3	zi6	停止：「住聲(siɐŋ33)（動詞，叫小朋友不要再哭了）」丨「定(ʔɐn32)住（形容詞，指人的姿勢穩定，多形容小朋友乖巧地端坐）」		
4486	助	崇	遇	魚	開	三	去	莊	ts	uɔ	32	5	tsuɔ32	z	uo	6	4	zuo6			
4487	杼	澄	遇	魚	開	三	上	知	tsʰ	ui	11	6	tsʰui11	c	ui	5	4	cui5			
4488	柱	澄	遇	虞	合	三	上	知	tsʰ	ui	11	6	tsʰui11	c	ui	5	4	cui5			
4489	注	章	遇	虞	合	三	去	章	ts	i	11	4	tsi11	z	i	5	3	zi5			
4490	祝	章	流	尤	開	三	去	章	ts	ək	55	5	tsək55	z	eak	7	5	zeak7			
4491	筑	澄	通	東	開	三	入	知	ts	ək	55	5	tsək55	z	eak	7	5	zeak7			
4492	著	澄	宕	陽	開	三	入	知	ts	ik	32	5	tsik32	z	iik	9	5	ziik9	文讀，{1}「著涼」丨「著火」；{2}農村間對同村同輩鄰居的稱呼：「著里」；{3}打開：「著電（開燈）」丨「電腦著啊(ʔa33)（電腦是打開的狀態）」；{4}中招：「著啊(ʔa33)感冒」		
4493	著	知	宕	陽	開	三	入	知	ts	ik	33	5	tsik33	z	iik	8	5	ziik8	白讀，穿：「著鞋」		
4494	著	知	遇	魚	開	三	去	知	ts	i	33	4	tsi33	z	i	1	3	zi1	「顯著」		
4495	蛀	章	遇	虞	合	三	去	章	ts	i	33	4	tsi33	z	i	1	3	zi1	文讀，「蛀牙」		
4496	蛀	章	遇	虞	合	三	去	章	ts	i	32	4	tsi32	z	i	6	3	zi6	白讀，動詞：「個牙蛀啊(ʔa33)」		
4497	註	章	遇	虞	合	三	去	章	ts	i	11	4	tsi11	z	i	5	3	zi5			
4498	駐	知	遇	虞	合	三	去	知	ts	i	11	4	tsi11	z	i	5	3	zi5			
4499	抓	莊	效	肴	開	二	平	莊	ts	a	33	4	tsa33	z	aa	1	4	zaa1			
4500	爪	莊	效	肴	開	二	上	莊	ts	au	55	5	tsau55	z	aau	2	5	zaau2	{1}物體的腳：「褲爪（褲腳）」；{2}緊抓：「用條繩爪緊棵樹」		
4501	專	章	山	仙A	合	三	平	章	ts	uɔn	33	6	tsuɔn33	z	uon	1	5	zuon1			
4502	磚	#N/A	#N/A	#N/A	#N/A	#N/A	#N/A	#N/A	ts	uɔn	33	6	tsuɔn33	z	uon	1	5	zuon1	地磚：「階磚」		
4503	轉	知	山	仙B	合	三	上	知	ts	uɔn	55	6	tsuɔn55	z	uon	2	5	zuon2	全部輪一次：「轉輪(lun11)」		
4504	賺	#N/A	#N/A	#N/A	#N/A	#N/A	#N/A	#N/A	ts	ɔn	32	5	tsɔn32	z	on	6	4	zon6	文讀，「賺取」		
4505	賺	#N/A	#N/A	#N/A	#N/A	#N/A	#N/A	#N/A	ts	ɐn	32	5	tsɐn32	z	an	6	4	zan6	白讀，「今年賺多乃」		
4506	妝	莊	宕	陽	開	三	平	莊	ts	ɔŋ	33	5	tsɔŋ33	z	ong	1	5	zong1			
4507	庄	並	梗	耕	開	二	平	幫	ts	ɔŋ	33	5	tsɔŋ33	z	ong	1	5	zong1			
4508	樁	知	江	江	開	二	平	知	ts	ɔŋ	33	5	tsɔŋ33	z	ong	1	5	zong1			
4509	莊	莊	宕	陽	開	三	平	莊	ts	ɔŋ	33	5	tsɔŋ33	z	ong	1	5	zong1			
4510	裝	莊	宕	陽	開	三	平	莊	ts	ɔŋ	33	5	tsɔŋ33	z	ong	1	5	zong1	{1}去山上下葬：「裝山」；{2}上膛，比喻準備就緒：「裝便(pɐn32)膛」		
4511	奘	從	宕	唐	開	一	上	精	ts	ɔŋ	33	5	tsɔŋ33	z	ong	1	5	zong1			
4512	壯	莊	宕	陽	開	三	去	莊	ts	ɔŋ	33	5	tsɔŋ33	z	ong	1	5	zong1			
4513	撞	澄	江	江	開	二	平	知	ts	ɔŋ	32	5	tsɔŋ32	z	ong	6	5	zong6	{1}猜測：「撞啱道題」；{2}遇見：「今日撞到熟人」		
4514	狀	崇	宕	陽	開	三	去	莊	ts	ɔŋ	32	5	tsɔŋ32	z	ong	6	5	zong6			
4515	椎	澄	止	脂B	合	三	平	知	ts	ui	33	5	tsui33	z	ui	1	4	zui1	本讀，「椎名林檎」		
4516	椎	澄	止	脂B	合	三	平	知	ts	ui	11	5	tsui11	z	ui	5	4	zui5	變調，「頸椎」丨「腰椎」		
4517	追	知	止	脂B	合	三	平	知	ts	ui	33	5	tsui33	z	ui	1	4	zui1	{1}昆蟲叮咬：「有蚊追我」；{2} 微不足道：四字詞 「蚊追牛(ŋai22)角(kɔk11)」		
4518	錐	章	止	脂A	合	三	平	章	ts	ui	33	5	tsui33	z	ui	1	4	zui1	本讀，「立錐之地」		
4519	錐	章	止	脂A	合	三	平	章	ts	ui	11	5	tsui11	z	ui	5	4	zui5	變調，名詞，「一個椎(tsui115)」丨「鋼椎」		
4520	錐	章	止	脂A	合	三	平	章	j	ui	55	4	jui55	j	ui	2	4	jui2	變調，「圓錐( jui55)」		
4521	墜	澄	止	脂B	合	三	去	知	ts	ui	32	5	tsui32	z	ui	6	4	zui6			
4522	綴	知	蟹	祭B	合	三	去	知	ts	ui	32	5	tsui32	z	ui	6	4	zui6	文讀，「點綴」		
4523	綴	知	山	仙B	合	三	入	知	ts	uɔt	55	6	tsuɔt55	z	uot	7	5	zuot7	白讀，「點綴」		
4524	贅	章	蟹	祭A	合	三	去	章	ts	ui	32	5	tsui32	z	ui	6	4	zui6			
4525	准	章	臻	真A	合	三	上	章	ts	un	55	5	tsun55	z	un	2	4	zun2			
4526	準	章	臻	真A	合	三	上	章	ts	un	55	5	tsun55	z	un	2	4	zun2	「準餐」指「把…當正餐吃」		
4527	拙	章	山	仙A	合	三	入	章	ts	uɔt	55	6	tsuɔt55	z	uot	7	5	zuot7			
4528	捉	莊	江	江	開	二	入	莊	ts	ɔk	33	5	tsɔk33	z	ok	8	4	zok8			
4529	桌	知	江	江	開	二	入	知	tsʰ	ik	55	6	tsʰik55	c	iik	7	5	ciik7			
4530	卓	知	江	江	開	二	入	知	tsʰ	ik	55	6	tsʰik55	c	iik	7	5	ciik7			
4531	啄	端	通	東	開	一	入	端	t	ik	55	4	tik55	d	iik	7	5	diik7			
4532	斫	章	宕	陽	開	三	入	章	t	ik	55	4	tik55	d	iik	7	5	diik7	文讀，「斫伐」		
4533	斫	章	宕	陽	開	三	入	章	ʔ	ik	55	4	ʔik55		iik	7	4	iik7	白讀，用刀砍：「斫爛䊆排骨」		
4534	濁	澄	江	江	開	二	入	知	t	ək	32	4	tək32	d	eak	9	5	deak9	{1}渾濁：「盆水好濁」；{2}嗆到：「飲水濁緊」		
4535	琢	知	江	江	開	二	入	知	t	ik	55	4	tik55	d	iik	7	5	diik7			
4536	鈪	常	通	鍾	開	三	入	章	ʔ	ak	11	4	ʔak11		aak	10	4	aak10			
4537	鐲	常	通	鍾	開	三	入	章	ts	ək	32	5	tsək32	z	eak	9	5	zeak9	文讀，「鐲鏤」		
4538	鐲	常	通	鍾	開	三	入	章	ʔ	ak	11	4	ʔak11		aak	10	4	aak10	白讀，「手鐲(ʔak115)」		
4539	姿	精	止	脂A	開	三	平	精	t	i	33	3	ti33	d	i	1	3	di1			
4540	孜	精	止	之	開	三	平	精	t	i	33	3	ti33	d	i	1	3	di1			
4541	滋	精	止	之	開	三	平	精	t	i	33	3	ti33	d	i	1	3	di1			
4542	茲	精	止	之	開	三	平	精	t	i	33	3	ti33	d	i	1	3	di1			
4543	諮	精	止	脂A	開	三	平	精	t	i	33	3	ti33	d	i	1	3	di1			
4544	資	精	止	脂A	開	三	平	精	t	i	33	3	ti33	d	i	1	3	di1			
4545	仔	精	止	之	開	三	上	精	t	i	55	3	ti55	d	i	2	3	di2	「仔細」		
4546	仔	#N/A	#N/A	#N/A	#N/A	#N/A	#N/A	#N/A	t	uɔi	55	5	tuɔi55	d	uoi	2	5	duoi2	{1}指小的人、動物、物品：「豬仔」丨「手仔」丨「氹仔」；{2}餅乾和糖果，這些都是拜神用品，泛指相關的拜神拜祭食物：四字詞 「餅(piɐŋ55)仔(tuɔi55)麻(mɔ22)糖(hɔŋ225)」；{3}泥斗車：「斗仔(tuɔi55)車(tsʰiɛ33)」；{4}動畫片：「公仔(kəŋ11)(tuɔi55)戲」		
4547	姊	精	止	脂A	開	三	上	精	t	ei	55	4	tei55	d	ei	2	4	dei2			
4548	子	精	止	之	開	三	上	精	t	i	55	3	ti55	d	i	2	3	di2	{1}麻將裡按種類分的牌：「萬子」丨「索(ɬɔk11)子」丨「筒(həŋ22)子」；{2}辦法，來源於「法子」的變音和縮寫：「火子」丨「有子（有辦法）」丨「冇子（沒辦法）」；{3}蟲子幼年形態：「蚊子（小小的蚊子）」；{4}不間斷，一直做，直到完成：四字詞 「一條子氣(hei335)」；{4}形容叫聲太大，以至於聲音都變得聲嘶力竭：四字詞 「召(tiu11)出子聲(siɐŋ11)」		
4549	梓	精	止	之	開	三	上	精	t	i	55	3	ti55	d	i	2	3	di2			
4550	籽	#N/A	#N/A	#N/A	#N/A	#N/A	#N/A	#N/A	t	i	55	3	ti55	d	i	2	3	di2			
4551	紫	精	止	支A	開	三	上	精	t	i	55	3	ti55	d	i	2	3	di2			
4552	字	從	止	之	開	三	去	精	t	i	32	3	ti32	d	i	6	3	di6	鐘錶分針指向的刻度，以五分鐘為單位的時間：「兩個字（十分鐘）」		
4553	自	從	止	脂A	開	三	去	精	t	i	32	3	ti32	d	i	6	3	di6	本讀，「自在」丨「自己」		
4554	自	從	止	脂A	開	三	去	精	k	ak	32	4	kak32	g	aak	9	5	gaak9	變調，「自己」		
4555	宗	精	通	冬	合	一	平	精	t	əŋ	33	4	təŋ33	d	eang	1	6	deang1	量詞，群、堆，疑似是「眾」的變音，「一宗人（一群人）」丨「成(siɐŋ22)宗宗（一大群）」		
4556	棕	#N/A	#N/A	#N/A	#N/A	#N/A	#N/A	#N/A	t	əŋ	33	4	təŋ33	d	eang	1	6	deang1			
4557	蹤	精	通	鍾	開	三	平	精	t	əŋ	33	4	təŋ33	d	eang	1	6	deang1			
4558	鬃	從	通	冬	合	一	平	精	t	əŋ	33	4	təŋ33	d	eang	1	6	deang1			
4559	總	精	通	東	開	一	上	精	t	əŋ	55	4	təŋ55	d	eang	2	6	deang2	{1}完全：「規矩總唔人性化」；{2}副詞，索性、直接：「你話佢，佢總唔理你」		
4560	粽	精	通	東	開	一	去	精	t	əŋ	11	4	təŋ11	d	eang	5	6	deang5			
4561	綜	精	通	冬	合	一	去	精	t	əŋ	33	4	təŋ33	d	eang	1	6	deang1			
4562	縱	精	通	鍾	開	三	平	精	t	əŋ	33	4	təŋ33	d	eang	1	6	deang1			
4563	鄒	莊	流	尤	開	三	平	莊	ts	ai	33	5	tsai33	z	aai	1	5	zaai1			
4564	走	精	流	侯	開	一	上	精	t	ai	55	4	tai55	d	aai	2	5	daai2			
4565	奏	精	流	侯	開	一	去	精	t	ai	33	4	tai33	d	aai	1	5	daai1			
4566	驟	崇	流	尤	開	三	去	莊	ts	au	32	5	tsau32	z	aau	6	5	zaau6	轉眼間：「驟(tsau321)眼」		
4567	租	精	遇	模	開	一	平	精	t	ou	33	4	tou33	d	ou	1	4	dou1			
4568	卒	精	臻	真A	合	三	入	精	t	ut	55	4	tut55	d	ut	7	4	dut7	輕輕放：「卒個茶杯落來」		
4569	捽	從	臻	真A	合	三	入	精	tʰ	ut	33	5	tʰut33	t	ut	8	4	tut8	本讀，{1}來回搓：「捽淨佢」；{2}多用於用橡皮擦擦的動作：「捽啊(ʔa33)佢」		
4570	捽	#N/A	#N/A	#N/A	#N/A	#N/A	#N/A	#N/A	n	ut	33	4	nut33	n	ut	8	4	nut8	訓讀，來回搓：「捽老泥」		
4571	捽	從	臻	真A	合	三	入	精	tʰ	ut	11	5	tʰut11	t	ut	10	4	tut10	變調，名詞：「膠捽（橡皮擦）」		
4572	捽	#N/A	#N/A	#N/A	#N/A	#N/A	#N/A	#N/A	ts	ut	33	5	tsut33	z	ut	8	4	zut8	訓讀，動詞，點擊、輕輕戳：「tsut33下你塊面」		
4573	族	從	通	東	開	一	入	精	t	ək	32	4	tək32	d	eak	9	5	deak9			
4574	足	精	通	鍾	開	三	入	精	t	ək	55	4	tək55	d	eak	7	5	deak7			
4575	俎	莊	遇	魚	開	三	上	莊	ts	ou	55	5	tsou55	z	ou	2	4	zou2			
4576	祖	精	遇	模	開	一	上	精	t	ou	55	4	tou55	d	ou	2	4	dou2	紫蘇：「祖蘇」		
4577	組	精	遇	模	開	一	上	精	t	ou	55	4	tou55	d	ou	2	4	dou2			
4578	阻	莊	遇	魚	開	三	上	莊	ts	uɔ	55	5	tsuɔ55	z	uo	2	4	zuo2	文讀，「風雨無阻」		
4579	阻	莊	遇	魚	開	三	上	莊	ts	ou	55	5	tsou55	z	ou	2	4	zou2	白讀，{1}留神：「冇耳阻（當耳邊風）」；{2}指物件擺放對周圍造成阻礙：四字詞「 阻處(tsʰui11)阻浪(lɔŋ33)」；{3}形容阻擋著去路、道路，或者雜物亂放：四字詞 「lou33 lou33 阻阻」		
4580	嘴	#N/A	#N/A	#N/A	#N/A	#N/A	#N/A	#N/A	t	ui	55	4	tui55	d	ui	2	4	dui2	{1}小朋友頂嘴：「口嘴嘴」；{2}指人急切地等待某樣事物：四字詞 「欶淨(tiɐŋ321)把嘴」		
4581	最	精	蟹	泰	合	一	去	精	t	ui	33	4	tui33	d	ui	1	4	dui1			
4582	罪	從	蟹	灰	合	一	上	精	t	ui	32	4	tui32	d	ui	6	4	dui6			
4583	醉	精	止	脂A	合	三	去	精	t	ui	33	4	tui33	d	ui	1	4	dui1			
4584	尊	精	臻	魂	合	一	平	精	t	un	33	4	tun33	d	un	1	4	dun1			
4585	遵	精	臻	真A	合	三	平	精	t	un	33	4	tun33	d	un	1	4	dun1			
4586	昨	從	宕	唐	開	一	入	精	t	ɔk	11	4	tɔk11	d	ok	10	4	dok10	本讀，「昨天」丨「昨晚（昨晚、昨天）」		
4587	昨	從	宕	唐	開	一	入	精	t	am	11	4	tam11	d	aam	5	5	daam5	變調，「昨晚(mɔn115)」		
4588	佐	精	果	歌	開	一	去	精	t	uɔ	33	4	tuɔ33	d	uo	1	4	duo1			
4589	左	精	果	歌	開	一	上	精	t	uɔ	55	4	tuɔ55	d	uo	2	4	duo2	歪斜：「左口（歪嘴）」丨「左鞋（鞋子左右反了）」		
4590	作	精	遇	模	開	一	去	精	t	ɔk	55	4	tɔk55	d	ok	7	4	dok7	本讀，自以為：「作叻（自作聰明）」丨「作爽（沾沾自喜）」		
4591	作	精	遇	模	開	一	去	精	t	ɔk	33	4	tɔk33	d	ok	8	4	dok8	又讀，{1}下棋：「作棋(kʰei225)」；{2}編造：「作古仔」；{3}辦法，與「幾(hau115好」一齊用：「你幾好(hau115)吃作（你用什麼方法怎麼吃）」；{4}副詞，形容程度大，用於已發生的事物：「你睇個女仔幾好(hau115)靚作啊（你看看這個女孩多漂亮啊）」丨「本書乜該(kʰuɔi11)厚作啊（這本書怎麼厚成這樣啊）」		
4592	祚	從	遇	模	開	一	去	精	t	uɔ	32	4	tuɔ32	d	uo	6	4	duo6			
4593	做	#N/A	#N/A	#N/A	#N/A	#N/A	#N/A	#N/A	t	ou	33	4	tou33	d	ou	1	4	dou1			
4594	坐	從	果	歌	合	一	上	精	t	uɔ	32	4	tuɔ32	d	uo	6	4	duo6	文讀，「坐下」		
4595	坐	從	果	歌	合	一	上	精	tʰ	ou	33	5	tʰou33	t	ou	1	4	tou1	白讀，「你來坐」		
4596	坐	從	果	歌	合	一	上	精	t	ou	32	4	tou32	d	ou	6	4	dou6	白讀，{1}形容把東西放下的動作：「坐個煲落煤氣爐」丨「坐部電腦到張檯」；{2}形容事物向深處下墜、坐下的動作：「成個人一唔留神坐啊(ʔa33)落去」；{3}「坐廁」丨「坐扇」；{4}動詞，使…下降：「tou32部電視落地」丨「tou32火（降火）」		
4597	座	從	果	歌	合	一	去	精	t	uɔ	32	4	tuɔ32	d	uo	6	4	duo6			
4598	叻	#N/A	#N/A	#N/A	#N/A	#N/A	#N/A	#N/A	l	iɐk	55	5	liɐk55	l	iak	7	5	liak7	聰明：「作(tɔk55)叻（自作聰明）」丨「叻市」丨四字詞 「令屎假叻（自以為是、自作聰明，又作「假屎令叻」）」		
4599	堯	疑	效	蕭	開	四	平	見	ŋ	iɐu	22	5	ŋiɐu22	ng	iau	4	6	ngiau4			
4600	垚	疑	效	蕭	開	四	平	見	ŋ	iɐu	22	5	ŋiɐu22	ng	iau	4	6	ngiau4			
4601	嶢	疑	效	蕭	開	四	平	見	ŋ	iɐu	22	5	ŋiɐu22	ng	iau	4	6	ngiau4			
4602	冶	以	假	麻	開	三	上	以	j	iɛ	11	4	jiɛ11	j	ie	5	4	jie5			
4603	也	以	假	麻	開	三	上	以	j	a	11	3	ja11	j	aa	5	4	jaa5			
4604	喏	#N/A	#N/A	#N/A	#N/A	#N/A	#N/A	#N/A	j	a	11	3	ja11	j	aa	5	4	jaa5	拜神，對小朋友使用的語氣：「拜喏喏」		
4605	髦	明	效	豪	開	一	平	幫	m	au	22	4	mau22	m	aau	4	5	maau4			
4606	芼	明	效	豪	開	一	平	幫	m	au	22	4	mau22	m	aau	4	5	maau4			
4607	旄	明	效	豪	開	一	平	幫	m	au	22	4	mau22	m	aau	4	5	maau4			
4608	氂	明	效	豪	開	一	平	幫	m	au	22	4	mau22	m	aau	4	5	maau4			
4609	遽	羣	遇	魚	開	三	去	見	k	ui	32	4	kui32	g	ui	6	4	gui6			
4610	踞	見	遇	魚	開	三	去	見	k	ui	33	4	kui33	g	ui	1	4	gui1			
4611	鉅	羣	遇	魚	開	三	上	見	k	ui	32	4	kui32	g	ui	6	4	gui6			
4612	詎	羣	遇	魚	開	三	上	見	kʰ	ui	11	5	kʰui11	k	ui	5	4	kui5			
4613	倨	羣	遇	魚	開	三	上	見	k	ui	33	4	kui33	g	ui	1	4	gui1			
4614	禹	云	遇	虞	合	三	上	影	j	i	11	3	ji11	j	i	5	3	ji5			
4615	逅	匣	流	侯	開	一	去	影	h	ai	32	4	hai32	h	aai	6	5	haai6			
4616	樅	精	通	鍾	開	三	平	精	t	əŋ	33	4	təŋ33	d	eang	1	6	deang1	地名，「樅陽」		
4617	樅	精	通	鍾	開	三	平	精	tsʰ	əŋ	33	6	tsʰəŋ33	c	eang	1	6	ceang1	「樅樹」		
4618	囑	章	通	鍾	開	三	入	章	ts	ək	55	5	tsək55	z	eak	7	5	zeak7	文讀，「囑咐」丨「遺囑」		
4619	囑	章	通	鍾	開	三	入	章	ts	ək	33	5	tsək33	z	eak	8	5	zeak8	白讀，囑咐：「囑」「千囑萬囑」		
4620	矚	章	通	鍾	開	三	入	章	ts	ək	55	5	tsək55	z	eak	7	5	zeak7			
4621	舂	書	通	鍾	開	三	平	章	ts	əŋ	33	5	tsəŋ33	z	eang	1	6	zeang1			
4622	惴	章	止	支A	合	三	去	章	ts	ui	32	5	tsui32	z	ui	6	4	zui6	形容詞，笨蠢：「你好惴哇」		
4623	忑	#N/A	#N/A	#N/A	#N/A	#N/A	#N/A	#N/A	tʰ	ɐt	55	5	tʰɐt55	t	at	7	4	tat7			
4624	恬	定	咸	添	開	四	平	端	h	iɛm	11	5	hiɛm11	h	iem	5	5	hiem5			
4625	舔	#N/A	#N/A	#N/A	#N/A	#N/A	#N/A	#N/A	h	iɛm	22	5	hiɛm22	h	iem	4	5	hiem4	文讀，「舔狗」		
4626	舔	#N/A	#N/A	#N/A	#N/A	#N/A	#N/A	#N/A	l	iɛm	55	5	liɛm55	l	iem	2	5	liem2	白讀，「舔脷」		
4627	騫	溪	山	仙B	開	三	平	見	h	ɐn	33	4	hɐn33	h	an	1	4	han1			
4628	腆	透	山	先	開	四	上	端	ʔ	ɐn	55	4	ʔɐn55		an	2	3	an2			
4629	靦	透	山	先	開	四	上	端	m	ɐn	55	4	mɐn55	m	an	2	4	man2			
4630	吼	曉	流	侯	開	一	上	影	h	au	55	4	hau55	h	aau	2	5	haau2			
4631	嗑	匣	咸	談	開	一	入	影	h	ap	55	4	hap55	h	aap	7	5	haap7	本讀，「磕牙」		
4632	嗑	匣	咸	談	開	一	入	影	s	uɔi	32	5	suɔi32	s	uoi	6	5	suoi6	訓讀，嗑瓜子的動作：「嗑瓜子」		
4633	湍	透	山	寒	合	一	平	端	tsʰ	un	55	6	tsʰun55	c	un	2	4	cun2			
4634	嵌	溪	咸	銜	開	二	平	見	h	am	33	4	ham33	h	aam	1	5	haam1			
4635	撼	匣	咸	覃	開	一	上	影	h	am	32	4	ham32	h	aam	6	5	haam6			
4636	憾	匣	咸	覃	開	一	去	影	h	am	32	4	ham32	h	aam	6	5	haam6			
4637	龕	溪	咸	覃	開	一	平	見	h	am	33	4	ham33	h	aam	1	5	haam1			
4638	酣	匣	咸	談	開	一	平	影	h	am	33	4	ham33	h	aam	1	5	haam1			
4639	憨	曉	咸	談	開	一	平	影	h	am	33	4	ham33	h	aam	1	5	haam1			
4640	兮	匣	蟹	齊	開	四	平	影	h	ɔi	22	4	hɔi22	h	oi	4	4	hoi4			
4641	奚	匣	蟹	齊	開	四	平	影	h	ɔi	22	4	hɔi22	h	oi	4	4	hoi4			
4642	涕	透	蟹	齊	開	四	上	端	h	ɔi	33	4	hɔi33	h	oi	1	4	hoi1			
4643	屜	#N/A	#N/A	#N/A	#N/A	#N/A	#N/A	#N/A	h	ɔi	33	4	hɔi33	h	oi	1	4	hoi1			
4644	掐	溪	咸	咸	開	二	入	見	h	ap	55	4	hap55	h	aap	7	5	haap7			
4645	鏗	溪	梗	耕	開	二	平	見	h	aŋ	33	4	haŋ33	h	aang	1	6	haang1			
4646	啃	#N/A	#N/A	#N/A	#N/A	#N/A	#N/A	#N/A	h	aŋ	55	4	haŋ55	h	aang	2	6	haang2			
4647	亨	曉	梗	庚	開	二	平	影	h	aŋ	33	4	haŋ33	h	aang	1	6	haang1			
4648	忐	#N/A	#N/A	#N/A	#N/A	#N/A	#N/A	#N/A	h	ɔn	55	4	hɔn55	h	on	2	4	hon2			
4649	咯	#N/A	#N/A	#N/A	#N/A	#N/A	#N/A	#N/A	l	ɔ	33	3	lɔ33	l	o	1	3	lo1	語氣詞：「係咯」		
4650	咯	#N/A	#N/A	#N/A	#N/A	#N/A	#N/A	#N/A	k	ɔk	55	4	kɔk55	g	ok	7	4	gok7	模仿雞叫的聲音：「咯咯叫」		
4651	咯	#N/A	#N/A	#N/A	#N/A	#N/A	#N/A	#N/A	kʰ	ak	11	5	kʰak11	k	aak	5	5	kaak5	{1}咯痰聲：「咯咯聲」；{2}把痰從肺弄到喉嚨的動作：「咯出來」		
4652	咯	#N/A	#N/A	#N/A	#N/A	#N/A	#N/A	#N/A	l	ɔk	55	4	lɔk55	l	ok	7	4	lok7	形容脆的程度：「咯咯脆(tʰui11)」		
4653	綸	見	山	山	合	二	平	見	k	ɔn	33	4	kɔn33	g	on	1	4	gon1	「綸巾」		
4654	綸	來	臻	諄	合	三	平	來	l	un	22	4	lun22	l	un	4	4	lun4	「經綸」		
4655	逛	見	宕	陽	合	三	上	見	k	aŋ	32	4	kaŋ32	g	aang	6	6	gaang6	{1}漫步目的地走：「到街逛」；{2}形容詞，長條類物體太長以致於佔地方：「長(tsʰiŋ22)laŋ32逛」；{3}動詞，長條物體佔用空間：「條竹篙逛啊該」		
4656	逛	見	宕	陽	合	三	上	見	k	aŋ	11	4	kaŋ11	g	aang	5	6	gaang5	{1}關鍵節點：「浪(laŋ11)逛( kaŋ11)」；{2}僅用於撲克牌術語：「三(ɬam33)啤(pʰiɛ55)逛(kaŋ11)（十三張三層都只有各一個對子的差牌）」		
4657	褂	#N/A	#N/A	#N/A	#N/A	#N/A	#N/A	#N/A	kʰ	a	33	4	kʰa33	k	aa	1	4	kaa1			
4658	乖	見	蟹	皆	合	二	平	見	k	ɔi	33	4	kɔi33	g	oi	1	4	goi1			
4659	瞿	見	遇	虞	合	三	去	見	kʰ	ui	22	5	kʰui22	k	ui	4	4	kui4			
4660	隅	疑	遇	虞	合	三	平	見	ŋ	ui	22	4	ŋui22	ng	ui	4	5	ngui4			
4661	虞	疑	遇	虞	合	三	平	見	ŋ	ui	22	4	ŋui22	ng	ui	4	5	ngui4			
4662	馭	疑	遇	魚	開	三	去	見	ŋ	ui	32	4	ŋui32	ng	ui	6	5	ngui6			
4663	寓	疑	遇	虞	合	三	去	見	ŋ	ui	32	4	ŋui32	ng	ui	6	5	ngui6			
4664	嫗	影	遇	虞	合	三	去	影	j	i	55	3	ji55	j	i	2	3	ji2			
4665	諭	以	遇	虞	合	三	去	以	j	i	32	3	ji32	j	i	6	3	ji6			
4666	翌	以	曾	蒸	開	三	入	以	j	ɐt	32	4	jɐt32	j	at	9	4	jat9			
4667	俺	影	咸	鹽B	開	三	去	影	ʔ	am	33	4	ʔam33		aam	1	4	aam1			
4668	弇	影	咸	鹽B	開	三	上	見	j	iɛm	55	5	jiɛm55	j	iem	2	5	jiem2			
4669	蜿	影	山	元	合	三	平	影	ʋ	uɔn	55	5	ʋuɔn55	v	uon	2	5	vuon2			
4670	嫣	曉	山	仙B	開	三	平	影	j	iɛn	33	5	jiɛn33	j	ien	1	5	jien1			
4671	妍	疑	山	先	開	四	平	見	ŋ	ɐn	22	4	ŋɐn22	ng	an	4	5	ngan4			
4672	焉	影	山	仙B	開	三	平	影	j	iɛn	33	5	jiɛn33	j	ien	1	5	jien1			
4673	菸	影	遇	魚	開	三	去	影	j	iɛn	33	5	jiɛn33	j	ien	1	5	jien1	本讀		
4674	菸	影	遇	魚	開	三	去	影	j	ɐn	33	4	jɐn33	j	an	1	4	jan1	又讀，來安口音		
4675	蜒	以	山	仙A	開	三	平	以	j	iɛn	22	5	jiɛn22	j	ien	4	5	jien4			
4676	筵	以	山	仙A	開	三	平	以	j	iɛn	22	5	jiɛn22	j	ien	4	5	jien4			
4677	縈	影	梗	清A	合	三	平	影	j	ɐn	22	4	jɐn22	j	an	4	4	jan4			
4678	謔	曉	宕	陽	開	三	入	影	ŋ	ik	32	4	ŋik32	ng	iik	9	6	ngiik9			
4679	鑰	以	宕	陽	開	三	入	以	j	ik	32	4	jik32	j	iik	9	5	jiik9			
4680	爹	知	假	麻	開	三	平	知	ʔ	iɛ	33	4	ʔiɛ33		ie	1	3	ie1			
4681	靨	影	咸	鹽A	開	三	入	影	j	iɛp	32	5	jiɛp32	j	iep	9	5	jiep9			
4682	曰	云	山	元	合	三	入	影	j	uɔt	32	5	juɔt32	j	uot	9	5	juot9			
4683	怎	#N/A	#N/A	#N/A	#N/A	#N/A	#N/A	#N/A	t	im	55	4	tim55	d	im	2	4	dim2			
4684	窕	定	效	蕭	開	四	上	端	ʔ	iɐu	32	5	ʔiɐu32		iau	6	4	iau6			
4685	眺	透	效	蕭	開	四	去	端	h	iɐu	33	5	hiɐu33	h	iau	1	5	hiau1			
4686	蹺	溪	效	宵A	開	三	平	見	kʰ	iɐu	33	6	kʰiɐu33	k	iau	1	5	kiau1			
4687	蹊	溪	效	宵A	開	三	平	見	kʰ	ɔi	33	5	kʰɔi33	k	oi	1	4	koi1			
4688	歇	曉	山	元	開	三	入	影	h	ɐt	55	4	hɐt55	h	at	7	4	hat7	文讀，「歇斯底里」		
4689	歇	曉	山	元	開	三	入	影	h	ɐt	33	4	hɐt33	h	at	8	4	hat8	白讀，休息，引申指過多一會：「ʔaŋ33歇啊(ʔa11)」丨「「ʔaŋ33歇啊我就要去開工」		
4690	怯	溪	咸	嚴	開	三	入	見	h	iɛp	32	5	hiɛp32	h	iep	9	5	hiep9			
4691	愜	溪	咸	添	開	四	入	見	h	iɛp	32	5	hiɛp32	h	iep	9	5	hiep9			
4692	雋	#N/A	#N/A	#N/A	#N/A	#N/A	#N/A	#N/A	t	un	33	4	tun33	d	un	1	4	dun1			
4693	朕	澄	深	侵B	開	三	上	知	ts	im	32	5	tsim32	z	im	6	4	zim6	量詞，修飾味道，股：「一朕𡃴」		
4694	札	莊	山	山	開	二	入	莊	ts	ɔt	33	5	tsɔt33	z	ot	8	4	zot8			
4695	鍘	#N/A	#N/A	#N/A	#N/A	#N/A	#N/A	#N/A	ts	ap	32	5	tsap32	z	aap	9	5	zaap9	用刀砍、解剖食物：「鍘雞」		
4696	軋	影	山	山	開	二	入	影	ts	ɔt	33	5	tsɔt33	z	ot	8	4	zot8			
4697	砸	#N/A	#N/A	#N/A	#N/A	#N/A	#N/A	#N/A	ts	ɔt	33	5	tsɔt33	z	ot	8	4	zot8			
4698	棧	崇	山	山	開	二	上	莊	ts	ɔn	32	5	tsɔn32	z	on	6	4	zon6			
4699	綻	澄	山	山	開	二	去	知	ts	ɔn	32	5	tsɔn32	z	on	6	4	zon6			
4700	撰	崇	山	刪	合	二	上	莊	ts	ɔn	32	5	tsɔn32	z	on	6	4	zon6			
4701	蘸	莊	咸	咸	開	二	去	莊	t	am	32	4	tam32	d	aam	6	5	daam6	90年代字典記載		
4702	蘸	莊	咸	咸	開	二	去	莊	l	əm	33	4	ləm33	l	eam	1	5	leam1			
4703	嶄	#N/A	#N/A	#N/A	#N/A	#N/A	#N/A	#N/A	ts	am	55	5	tsam55	z	aam	2	5	zaam2			
4704	擲	澄	梗	清B	開	三	入	知	ts	ɐt	32	5	tsɐt32	z	at	9	4	zat9			
4705	蚱	莊	梗	庚	開	二	入	莊	ts	a	33	4	tsa33	z	aa	1	4	zaa1			
4706	嘖	莊	梗	庚	開	二	入	莊	ts	ɐt	55	5	tsɐt55	z	at	7	4	zat7			
4707	乍	崇	假	麻	開	二	去	莊	ts	a	33	4	tsa33	z	aa	1	4	zaa1			
4708	奐	曉	山	寒	合	一	去	影	f	uɔn	32	5	fuɔn32	f	uon	6	5	fuon6			
4709	浣	匣	山	寒	合	一	上	影	f	uɔn	55	5	fuɔn55	f	uon	2	5	fuon2			
4710	偎	影	蟹	灰	合	一	平	影	ʋ	ei	33	4	ʋei33	v	ei	1	4	vei1			
4711	桓	匣	山	寒	合	一	平	影	f	un	22	4	fun22	f	un	4	4	fun4			
4712	瓠	匣	遇	模	開	一	平	影	ʋ	u	32	3	ʋu32	v	u	6	3	vu6			
4713	徨	匣	宕	唐	合	一	平	影	ʋ	ɔŋ	22	4	ʋɔŋ22	v	ong	4	5	vong4			
4714	惶	匣	宕	唐	合	一	平	影	ʋ	ɔŋ	22	4	ʋɔŋ22	v	ong	4	5	vong4			
4715	潢	匣	宕	唐	合	一	平	影	ʋ	ɔŋ	22	4	ʋɔŋ22	v	ong	4	5	vong4			
4716	喔	影	江	江	開	二	入	影	ʔ	ək	55	4	ʔək55		eak	7	4	eak7			
4717	溯	#N/A	#N/A	#N/A	#N/A	#N/A	#N/A	#N/A	ɬ	ou	33	4	ɬou33	sl	ou	1	5	slou1			
4718	娑	心	果	歌	開	一	平	精	ɬ	uɔ	33	4	ɬuɔ33	sl	uo	1	5	sluo1	本讀，「婆(pʰuɔ22)娑(ɬuɔ33)」		
4719	娑	心	果	歌	開	一	平	精	s	uɔ	33	4	suɔ33	s	uo	1	4	suo1	又讀，「婆(pʰuɔ22)娑(suɔ33)		
4720	梭	心	果	歌	合	一	平	精	s	uɔ	33	4	suɔ33	s	uo	1	4	suo1			
4721	蓑	心	果	戈	合	一	平	精	ɬ	uɔ	33	4	ɬuɔ33	sl	uo	1	5	sluo1			
4722	嗦	#N/A	#N/A	#N/A	#N/A	#N/A	#N/A	#N/A	s	uɔ	55	4	suɔ55	s	uo	2	4	suo2			
4723	欶	生	江	江	開	二	入	莊	s	ɔk	33	4	sɔk33	s	ok	8	4	sok8	{1}哄人：「欶女仔」；{2}吸入空氣、上氣不接下氣：「欶下空氣」丨「跑步跑到我欶嗮氣」；{3}指人急切地等待某樣事物：四字詞 「欶淨(tiɐŋ321)把嘴」		
4724	簑	#N/A	#N/A	#N/A	#N/A	#N/A	#N/A	#N/A	ɬ	uɔ	33	4	ɬuɔ33	sl	uo	1	5	sluo1			
4725	迢	定	效	蕭	開	四	平	端	h	iɐu	22	5	hiɐu22	h	iau	4	5	hiau4			
4726	懾	章	咸	鹽A	開	三	入	章	n	iɛp	55	5	niɛp55	n	iep	7	5	niep7			
4727	襄	心	宕	陽	開	三	平	精	ɬ	iŋ	33	4	ɬiŋ33	sl	iing	1	7	sliing1			
4728	裳	常	宕	陽	開	三	平	章	s	iŋ	22	4	siŋ22	s	iing	4	6	siing4			
4729	沮	從	遇	魚	開	三	上	精	t	ui	55	4	tui55	d	ui	2	4	dui2			
4730	猝	清	臻	魂	合	一	入	清	tʰ	uɔt	55	6	tʰuɔt55	t	uot	7	5	tuot7			
4731	衹	#N/A	#N/A	#N/A	#N/A	#N/A	#N/A	#N/A	ts	i	55	4	tsi55	z	i	2	3	zi2			
4732	廝	心	止	支A	開	三	平	精	ɬ	i	33	3	ɬi33	sl	i	1	4	sli1			
4733	駟	心	止	脂A	開	三	去	精	ɬ	i	33	3	ɬi33	sl	i	1	4	sli1			
4734	峙	澄	止	之	開	三	上	知	s	i	32	3	si32	s	i	6	3	si6			
4735	嗇	生	曾	蒸	開	三	入	莊	ɬ	ɐt	55	4	ɬɐt55	sl	at	7	5	slat7			
4736	賒	書	假	麻	開	三	平	章	s	iɛ	33	4	siɛ33	s	ie	1	4	sie1			
4737	佘	#N/A	#N/A	#N/A	#N/A	#N/A	#N/A	#N/A	s	iɛ	22	4	siɛ22	s	ie	4	4	sie4			
4738	畲	書	假	麻	開	三	平	章	s	iɛ	33	4	siɛ33	s	ie	1	4	sie1			
4739	祟	心	止	脂A	合	三	去	精	ɬ	ui	32	4	ɬui32	sl	ui	6	5	slui6			
4740	楔	見	山	山	開	二	入	見	ɬ	ɐt	55	4	ɬɐt55	sl	at	7	5	slat7	本讀，「楔子」		
4741	楔	見	山	山	開	二	入	見	ɬ	iɛp	33	5	ɬiɛp33	sl	iep	8	6	sliep8	訓讀，塞入：「楔入去」		
4742	浹	精	咸	添	開	四	入	精	k	ap	33	4	kap33	g	aap	8	5	gaap8	流汗多，汗流浹背：四字詞 「汗流炸糝」		
4743	囁	日	咸	鹽A	開	三	入	日	n	iɛp	55	5	niɛp55	n	iep	7	5	niep7			
4744	摺	來	咸	覃	開	一	入	來	ts	iɛp	33	6	tsiɛp33	z	iep	8	5	ziep8	本讀，動詞，「褶衫」		
4745	摺	來	咸	覃	開	一	入	來	ts	iɛp	11	6	tsiɛp11	z	iep	10	5	ziep10	變調，{1}「存摺」；{2}一側眼睛有疾病的人：「摺眼」丨「摺眼龍（獨眼龍，蔑稱）」		
4746	輒	知	咸	鹽B	開	三	入	知	ts	iɛp	33	6	tsiɛp33	z	iep	8	5	ziep8			
4747	啜	知	蟹	祭B	合	三	去	知	ts	uɔt	55	6	tsuɔt55	z	uot	7	5	zuot7	文讀，「啜泣」		
4748	啜	知	蟹	祭B	合	三	去	知	t	uɔt	33	5	tuɔt33	d	uot	8	5	duot8	白讀，用嘴巴或吸管工具吸液體的動作：「啜奶」		
4749	啜	#N/A	#N/A	#N/A	#N/A	#N/A	#N/A	#N/A	t	uɔt	55	5	tuɔt55	d	uot	7	5	duot7	訓讀，助詞，柿的後綴：「柿tuɔt55」		
4750	輟	知	蟹	祭B	合	三	去	知	ts	uɔt	55	6	tsuɔt55	z	uot	7	5	zuot7			
4751	掇	知	山	仙B	合	三	入	知	ts	uɔt	55	6	tsuɔt55	z	uot	7	5	zuot7			
4752	癤	精	山	先	開	四	入	精	t	ɐt	55	4	tɐt55	d	at	7	4	dat7			
4753	櫛	莊	臻	臻	開	三	入	莊	t	ɐt	55	4	tɐt55	d	at	7	4	dat7			
4754	茁	知	臻	真B	合	三	入	知	ts	uɔt	55	6	tsuɔt55	z	uot	7	5	zuot7			
4755	浞	崇	江	江	開	二	入	莊	ts	ɔk	33	5	tsɔk33	z	ok	8	4	zok8			
4756	擢	澄	江	江	開	二	入	知	ts	ɔk	32	5	tsɔk32	z	ok	9	4	zok9	本讀，「擢升」		
4757	擢	澄	江	江	開	二	入	知	tsʰ	ɔk	33	6	tsʰɔk33	c	ok	8	4	cok8	訓讀，搖晃：「擢勻支奶」丨「擢口（漱口）」		
4758	濯	澄	效	肴	開	二	去	知	ts	ɔk	32	5	tsɔk32	z	ok	9	4	zok9			
4759	賑	章	臻	真A	開	三	上	章	ts	in	55	5	tsin55	z	in	2	4	zin2			
4760	肫	章	臻	真A	合	三	平	章	ts	un	33	5	tsun33	z	un	1	4	zun1	文讀，「肫篤」		
4761	肫	章	臻	真A	合	三	平	章	kʰ	in	11	5	kʰin11	k	in	5	4	kin5	白讀，{1}禽類的胃：「雞肫」；{2}形容水不熟，引申為食物不熟：四字詞 「生(saŋ33)水肫( kʰ in11)哽( kʰaŋ11)」		
4762	諄	章	臻	真A	合	三	平	章	ts	un	33	5	tsun33	z	un	1	4	zun1			
4763	怵	徹	臻	真B	合	三	入	知	tsʰ	ək	55	6	tsʰək55	c	eak	7	5	ceak7			
4764	黜	徹	臻	真B	合	三	入	知	ts	uɔt	55	6	tsuɔt55	z	uot	7	5	zuot7			
4765	嫉	從	止	脂A	開	三	去	精	t	ip	32	4	tip32	d	ip	9	4	dip9			
4766	蟄	澄	深	侵B	開	三	入	知	ts	ɐt	32	5	tsɐt32	z	at	9	4	zat9			
4767	窒	知	臻	真B	開	三	入	知	ts	it	32	5	tsit32	z	it	9	4	zit9	本讀，「窒息」		
4768	窒	端	山	先	開	四	入	端	ʔ	it	33	4	ʔit33		it	8	3	it8	訓讀，{1}塞住：「窒緊個孔」；{2}放：「ʔit33啊(ʔa55)杯茶到檯面就可以」		
4769	窒	端	山	先	開	四	入	端	ʔ	it	11	4	ʔit11		it	10	3	it10	訓讀，ʔit33的變調，名詞，塞子、瓶塞：「紅酒有個窒」		
4770	窒	#N/A	#N/A	#N/A	#N/A	#N/A	#N/A	#N/A	ts	ɔt	32	5	tsɔt32	z	ot	9	4	zot9	變調，頂撞、搶白：「佢一句就窒住我」丨「窒人唔禮貌」		
4771	揪	#N/A	#N/A	#N/A	#N/A	#N/A	#N/A	#N/A	tʰ	iu	33	5	tʰiu33	t	iu	1	4	tiu1			
4772	啾	精	流	尤	開	三	平	精	tʰ	iu	33	5	tʰiu33	t	iu	1	4	tiu1			
4773	鷲	從	流	尤	開	三	去	精	t	iu	32	4	tiu32	d	iu	6	4	diu6			
4774	啁	知	效	肴	開	二	平	知	ts	iu	33	5	tsiu33	z	iu	1	4	ziu1			
4775	週	#N/A	#N/A	#N/A	#N/A	#N/A	#N/A	#N/A	ts	iu	33	5	tsiu33	z	iu	1	4	ziu1			
4776	冑	澄	流	尤	開	三	去	知	ts	au	32	5	tsau32	z	aau	6	5	zaau6	「甲冑」		
4777	胄	澄	流	尤	開	三	去	知	ts	au	32	5	tsau32	z	aau	6	5	zaau6	「貴胄」		
4778	揍	#N/A	#N/A	#N/A	#N/A	#N/A	#N/A	#N/A	t	ai	33	4	tai33	d	aai	1	5	daai1			
4779	巳	邪	止	之	開	三	上	精	t	i	32	3	ti32	d	i	6	3	di6			
4780	耜	邪	止	之	開	三	上	精	t	i	32	3	ti32	d	i	6	3	di6			
4781	嗣	邪	止	之	開	三	去	精	t	i	32	3	ti32	d	i	6	3	di6			
4782	俟	俟	止	之	開	三	上	莊	t	i	32	3	ti32	d	i	6	3	di6			
4783	吱	溪	止	支A	開	三	去	見	ts	i	33	4	tsi33	z	i	1	3	zi1			
4784	胝	知	止	脂B	開	三	平	知	ts	i	33	4	tsi33	z	i	1	3	zi1			
4785	枳	章	止	支A	開	三	上	章	ts	i	55	4	tsi55	z	i	2	3	zi2			
4786	咫	章	止	支A	開	三	上	章	ts	i	55	4	tsi55	z	i	2	3	zi2			
4787	摯	章	止	脂A	開	三	去	章	ts	i	33	4	tsi33	z	i	1	3	zi1			
4788	拄	知	遇	虞	合	三	上	知	ts	i	55	4	tsi55	z	i	2	3	zi2			
4789	鑄	章	遇	虞	合	三	去	章	ts	i	33	4	tsi33	z	i	1	3	zi1			
4790	恣	精	止	脂A	開	三	去	精	ɬ	i	33	3	ɬi33	sl	i	1	4	sli1			
4791	漬	從	止	支A	開	三	去	精	t	ɐt	55	4	tɐt55	d	at	7	4	dat7			
4792	瘠	從	梗	清A	開	三	入	精	t	iɐk	33	5	tiɐk33	d	iak	8	5	diak8			
4793	寂	從	梗	青	開	四	入	精	t	ɐt	32	4	tɐt32	d	at	9	4	dat9			
4794	粘	孃	咸	鹽B	開	三	平	知	ts	iɛm	33	6	tsiɛm33	z	iem	1	5	ziem1			
4795	闡	昌	山	仙A	開	三	上	章	tsʰ	in	55	6	tsʰin55	c	in	2	4	cin2			
4796	徜	常	宕	陽	開	三	平	章	s	iŋ	22	4	siŋ22	s	iing	4	6	siing4			
4797	嚐	#N/A	#N/A	#N/A	#N/A	#N/A	#N/A	#N/A	s	iŋ	22	4	siŋ22	s	iing	4	6	siing4			
4798	嚼	從	宕	陽	開	三	入	精	t	ik	55	4	tik55	d	iik	7	5	diik7			
4799	爵	精	宕	陽	開	三	入	精	t	ik	55	4	tik55	d	iik	7	5	diik7			
4800	倩	清	山	先	開	四	去	精	s	iɛn	32	5	siɛn32	s	ien	6	5	sien6			
4801	飧	心	臻	魂	合	一	平	精	ɬ	un	33	4	ɬun33	sl	un	1	5	slun1			
4802	媳	#N/A	#N/A	#N/A	#N/A	#N/A	#N/A	#N/A	ɬ	ɐt	55	4	ɬɐt55	sl	at	7	5	slat7	媳婦即「心婦」		
4803	贛	見	咸	覃	開	一	去	見	k	am	33	4	kam33	g	aam	1	5	gaam1			
4804	胗	章	臻	真A	開	三	上	章	tsʰ	in	55	6	tsʰin55	c	in	2	4	cin2			
4805	胗	見	臻	真A	開	三	上	見	kʰ	in	11	5	kʰin11	k	in	5	4	kin5	訓讀，雞胗		
4806	悍	匣	山	寒	開	一	去	影	h	uɔn	32	5	huɔn32	h	uon	6	5	huon6			
4807	吝	來	臻	真A	開	三	去	來	l	un	32	4	lun32	l	un	6	4	lun6			
4808	藺	來	臻	真A	開	三	去	來	l	un	32	4	lun32	l	un	6	4	lun6			
4809	壘	來	止	脂A	合	三	上	來	l	ui	11	4	lui11	l	ui	5	4	lui5			
4810	栗	來	臻	真A	開	三	入	來	l	ut	32	4	lut32	l	ut	9	4	lut9			
4811	慄	來	臻	真A	開	三	入	來	l	ut	32	4	lut32	l	ut	9	4	lut9	文讀，「戰慄」		
4812	慄	來	臻	真A	開	三	入	來	n	ut	32	4	nut32	n	ut	9	4	nut9	白讀，害怕：「唔好慄，我照顧你」		
4813	溜	來	流	尤	開	三	去	來	l	iu	22	4	liu22	l	iu	4	4	liu4	本讀，「溜走」		
4814	溜	來	流	尤	開	三	去	來	l	iu	32*	4	liu32*	l	iu	6*	4	liu6*	訓讀，副詞，指進行中的動作或一直做的動作：「顫溜（一直顫抖）」丨「哄溜（正在趕）」		
4815	嘍	來	流	侯	開	一	平	來	l	ai	22	4	lai22	l	aai	4	5	laai4			
4816	嘍	#N/A	#N/A	#N/A	#N/A	#N/A	#N/A	#N/A	l	ai	55	4	lai55	l	aai	2	5	laai2	訓讀，副詞，修飾距離，僅用於修飾近：「近(kʰin33)lai55啊(ʔa33)」		
4817	髏	來	流	侯	開	一	平	來	l	ai	22	4	lai22	l	aai	4	5	laai4			
4818	摟	來	流	侯	開	一	平	來	l	ai	55	4	lai55	l	aai	2	5	laai2	動詞，{1}逗，撩：「摟蕉個三民仔」丨「佢摟我去撈，我唔去」；{2}生火：「摟火」		
4819	䉪	來	遇	虞	合	三	上	來	l	ui	55	4	lui55	l	ui	2	4	lui2	裝魚竹籠		
4820	簍	來	流	侯	開	一	平	來	l	ai	11	4	lai11	l	aai	5	5	laai5			
4821	蔞	來	流	侯	開	一	平	來	l	ai	33	4	lai33	l	aai	1	5	laai1	本讀，「沖蔞」		
4822	蔞	來	流	侯	開	一	平	來	l	ai	11	4	lai11	l	aai	5	5	laai5	變調，「蛤(kəp55)蔞」		
4823	鏤	來	流	侯	開	一		來	l	ai	32	4	lai32	l	aai	6	5	laai6			
4824	罹	來	止	支A	開	三	平	來	l	ei	22	4	lei22	l	ei	4	4	lei4			
4825	愣	#N/A	#N/A	#N/A	#N/A	#N/A	#N/A	#N/A	l	ɐn	32	4	lɐn32	l	an	6	4	lan6			
4826	凜	羣	深	侵B	開	三	平	見	l	im	11	4	lim11	l	im	5	4	lim5			
4827	捋	來	山	寒	合	一	入	來	l	uɔt	32	5	luɔt32	l	uot	9	5	luot9	文讀，「捋順」		
4828	捋	來	山	寒	合	一	入	來	l	uɔt	33	5	luɔt33	l	uot	8	5	luot8	白讀，動詞，{1}挖：「捋開呢泥」；{2}擼起袖子：「捋起衫袖」		
4829	捋	來	山	寒	合	一	入	來	l	uɔt	11	5	luɔt11	l	uot	5	5	luot5	變調，名詞，用來挖的工具：「耳屎捋(luɔt11)」		
4830	酹	來	蟹	泰	合	一	去	來	l	ɔi	32	4	lɔi32	l	oi	6	4	loi6	「酹酒」		
4831	冽	來	山	仙A	開	三	入	來	l	ɐt	32	4	lɐt32	l	at	9	4	lat9			
4832	甩	#N/A	#N/A	#N/A	#N/A	#N/A	#N/A	#N/A	l	ɔt	55	4	lɔt55	l	ot	2	4	lot2			
4833	戌	心	臻	真A	合	三	入	精	ɬ	ut	55	4	ɬut55	sl	ut	7	5	slut7			
4834	恤	心	臻	真A	合	三	入	精	ɬ	ut	55	4	ɬut55	sl	ut	7	5	slut7			
4835	漱	生	流	尤	開	三	去	莊	ɬ	ai	55	4	ɬai55	sl	aai	2	6	slaai2			
4836	蒐	生	流	尤	開	三	平	莊	ɬ	ai	55	4	ɬai55	sl	aai	2	6	slaai2			
4837	嗖	#N/A	#N/A	#N/A	#N/A	#N/A	#N/A	#N/A	ɬ	ai	55	4	ɬai55	sl	aai	2	6	slaai2			
4838	艘	心	效	蕭	開	四	平	精	ɬ	ai	55	4	ɬai55	sl	aai	2	6	slaai2			
4839	颼	生	流	尤	開	三	平	莊	ɬ	ai	55	4	ɬai55	sl	aai	2	6	slaai2	本讀，「冷颼颼」		
4840	颼	生	流	尤	開	三	平	莊	s	i	55	3	si55	s	i	2	3	si2	訓讀，把東西伸出去：「颼手」丨「颼條棍俾我」		
4841	颼	生	流	尤	開	三	平	莊	s	uɔi	55	5	suɔi55	s	uoi	2	5	suoi2	訓讀，把手伸出去：「颼手」		
4842	叟	心	流	侯	開	一	上	精	ɬ	ai	55	4	ɬai55	sl	aai	2	6	slaai2			
4843	擻	心	流	侯	開	一	上	精	ɬ	ai	55	4	ɬai55	sl	aai	2	6	slaai2	把灰塵搖掉：「擻蕉塊布」		
4844	饈	#N/A	#N/A	#N/A	#N/A	#N/A	#N/A	#N/A	ɬ	iu	33	4	ɬiu33	sl	iu	1	5	sliu1			
4845	糬	#N/A	#N/A	#N/A	#N/A	#N/A	#N/A	#N/A	s	i	22	3	si22	s	i	4	3	si4			
4846	脯	幫	遇	虞	合	三	上	幫	pʰ	ou	55	5	pʰou55	p	ou	2	4	pou2			
4847	甫	幫	遇	虞	合	三	上	幫	f	u	55	3	fu55	f	u	2	3	fu2	「驚魂甫定」丨「甫草」		
4848	甫	幫	遇	虞	合	三	上	幫	pʰ	ou	55	5	pʰou55	p	ou	2	4	pou2	「杜甫」		
4849	砰	滂	梗	耕	開	二	平	幫	pʰ	ɐn	22	5	pʰɐn22	p	an	4	4	pan4			
4850	胼	並	山	先	開	四	平	幫	pʰ	ɐn	22	5	pʰɐn22	p	an	4	4	pan4			
4851	霹	滂	梗	青	開	四	入	幫	pʰ	ɐt	55	5	pʰɐt55	p	at	7	4	pat7			
4852	圮	並	止	脂B	開	三	上	幫	pʰ	ei	55	5	pʰei55	p	ei	2	4	pei2			
4853	攀	滂	山	刪	開	二	平	幫	pʰ	ɔn	33	5	pʰɔn33	p	on	1	4	pon1			
4854	盼	滂	山	山	開	二	去	幫	pʰ	ɔn	33	5	pʰɔn33	p	on	1	4	pon1			
4855	烹	#N/A	#N/A	#N/A	#N/A	#N/A	#N/A	#N/A	pʰ	aŋ	33	5	pʰaŋ33	p	aang	1	6	paang1			
4856	噢	影	遇	虞	合	三	上	影	ʔ	ɔ	0	3	ʔɔ0		o	0	2	o0			
4857	甕	影	通	東	開	一	去	影	ʔ	əŋ	11	4	ʔəŋ11		eang	5	5	eang5			
4858	盎	影	宕	唐	開	一	上	影	ʔ	ɔŋ	32	4	ʔɔŋ32		ong	6	4	ong6			
4859	襖	影	效	豪	開	一	上	影	ʔ	au	11	4	ʔau11		aau	5	4	aau5			
4860	摔	#N/A	#N/A	#N/A	#N/A	#N/A	#N/A	#N/A	ɬ	ut	55	4	ɬut55	sl	ut	2	5	slut2			
4861	你	#N/A	#N/A	#N/A	#N/A	#N/A	#N/A	#N/A	n	ei	11	4	nei11	n	ei	5	4	nei5	文讀，「你們」		
4862	你	#N/A	#N/A	#N/A	#N/A	#N/A	#N/A	#N/A	n	ei	33	4	nei33	n	ei	1	4	nei1	白讀，「你好靚女」		
4863	偌	#N/A	#N/A	#N/A	#N/A	#N/A	#N/A	#N/A	n	iɐk	11	5	niɐk11	n	iak	10	5	niak10	{1}你的：「偌媽個閪」；{2}指示代詞，你們：「偌都唔明我」		
4864	偌	#N/A	#N/A	#N/A	#N/A	#N/A	#N/A	#N/A	n	iɐk	55	5	niɐk55	n	iak	2	5	niak2	指示代詞，別人：「偌」丨「人偌」		
4865	呢	孃	止	脂B	開	三	平	知	n	ei	22	4	nei22	n	ei	4	4	nei4	文讀，「呢喃」		
4866	呢	孃	止	脂B	開	三	平	知	n	ɛ	0	3	nɛ0	n	e	0	3	ne0	語氣詞		
4867	呢	孃	止	脂B	開	三	平	知	n	ɛ	55	3	nɛ55	n	e	2	3	ne2	表複數、那些、這些：「呢飯凍啊(ʔa33)了」		
4868	捺	泥	山	寒	開	一	入	端	n	ɔt	11	4	nɔt11	n	ot	10	4	not10	「一撇一捺」		
4869	捺	泥	山	寒	開	一	入	端	n	ɔt	33	4	nɔt33	n	ot	8	4	not8	「按捺」		
4870	迺	泥	蟹	咍	開	一	上	端	n	ɔi	55	4	nɔi55	n	oi	2	4	noi2			
4871	燠	影	效	豪	開	一	上	影	j	ək	55	4	jək55	j	eak	2	5	jeak2			
4872	鬻	以	通	東	開	三	入	以	j	ək	32	4	jək32	j	eak	9	5	jeak9			
4873	窈	影	效	蕭	開	四	上	影	j	iɐu	55	5	jiɐu55	j	iau	2	5	jiau2	文讀，「窈窕」		
4874	窈	影	效	蕭	開	四	上	影	n	iɐu	33	5	niɐu33	n	iau	1	5	niau1	白讀，瘦：「個女仔好窈」		
4875	窟	溪	臻	魂	合	一	入	見	f	ut	55	4	fut55	f	ut	7	4	fut7			
4876	喙	曉	蟹	廢	合	三	去	影	f	uɔi	55	5	fuɔi55	f	uoi	2	5	fuoi2	文讀，「鳥喙」		
4877	喙	曉	蟹	廢	合	三	去	影	ts	uɔi	11	6	tsuɔi11	z	uoi	5	5	zuoi5	白讀，動物的喙或代指突出的物體：「雞有個喙」丨「古仔古仔有個喙（謎語的謎面，謎底是有尾巴的糍粑）」丨「miu55喙(tsuɔi115)（嘟嘴巴）」丨「張枱有個喙」		
4878	惘	明	宕	陽	合	三	上	幫	m	ɔŋ	11	4	mɔŋ11	m	ong	5	5	mong5			
4879	亟	見	曾	蒸	開	三	入	見	k	ɐt	55	4	kɐt55	g	at	7	4	gat7	「亟需」		
4880	亟	溪	止	之	開	三	去	見	kʰ	ei	33	5	kʰei33	k	ei	1	4	kei1	「亟經洽談」丨「亟來問訊」		
4881	摹	#N/A	#N/A	#N/A	#N/A	#N/A	#N/A	#N/A	m	ou	22	4	mou22	m	ou	4	4	mou4			
4882	杳	影	效	蕭	開	四	上	影	m	iɐu	11	5	miɐu11	m	iau	5	5	miau5			
4883	娓	明	止	微	合	三	上	幫	m	ei	55	4	mei55	m	ei	2	4	mei2			
4884	麋	明	止	脂B	開	三	平	幫	m	ei	22	4	mei22	m	ei	4	4	mei4			
4885	獼	明	止	支A	開	三	平	幫	m	ei	22	4	mei22	m	ei	4	4	mei4			
4886	瞇	#N/A	#N/A	#N/A	#N/A	#N/A	#N/A	#N/A	m	ei	33	4	mei33	m	ei	1	4	mei1			
4887	瀰	明	止	支A	開	三	平	幫	m	ei	22	4	mei22	m	ei	4	4	mei4			
4888	謐	明	臻	真A	開	三	入	幫	m	it	32	4	mit32	m	it	9	4	mit9			
4889	驀	明	梗	庚	開	二	入	幫	m	ak	32	4	mak32	m	aak	9	5	maak9			
4890	蟆	明	假	麻	開	二	平	幫	m	a	22	3	ma22	m	aa	4	4	maa4			
4891	櫚	來	遇	魚	開	三	平	來	l	ui	11	4	lui11	l	ui	5	4	lui5			
4892	拌	滂	山	寒	開	一	平	幫	p	uɔn	32	5	puɔn32	b	uon	6	5	buon6	本讀，「攪拌」		
4893	拌	滂	山	寒	開	一	平	幫	p	ɔn	33	4	pɔn33	b	on	1	4	bon1	訓讀，用硬物敲打：「我拌善你」		
4894	絆	幫	山	寒	開	一	去	幫	p	uɔn	32	5	puɔn32	b	uon	6	5	buon6			
4895	碾	孃	山	仙B	開	三	去	知	ts	in	55	5	tsin55	z	in	2	4	zin2			
4896	輾	孃	山	仙B	開	三	去	知	n	ɐn	55	4	nɐn55	n	an	2	4	nan2	訓讀，捏：「輾爆個氣球」		
4897	輾	知	山	仙B	開	三	上	知	ts	in	55	5	tsin55	z	in	2	4	zin2	本讀，「輾轉」		
4898	汀	透	梗	青	開	四	平	端	ʔ	ɐn	33	4	ʔɐn33		an	1	3	an1			
4899	舵	定	果	歌	開	一	上	端	h	uɔ	22	4	huɔ22	h	uo	4	4	huo4			
4900	撮	精	山	寒	合	一	入	精	tʰ	uɔt	55	6	tʰuɔt55	t	uot	7	5	tuot7			
4901	啞	影	假	麻	開	二	上	影	ʔ	a	55	3	ʔa55		aa	2	3	aa2	啞巴：「啞口」		
4902	隨	邪	止	支A	合	三	平	精	tʰ	ui	22	5	tʰui22	t	ui	4	4	tui4	形容物件擺放得有秩序，也指做事循規蹈矩：四字詞 「隨(tʰui22)一到二(ŋei325)」		
4903	隨	邪	止	支A	合	三	平	精	t	ui	32	4	tui32	d	ui	6	4	dui6	又讀，老派：「隨你」		
4904	瘋	#N/A	#N/A	#N/A	#N/A	#N/A	#N/A	#N/A	f	əŋ	33	4	fəŋ33	f	eang	1	6	feang1			
4905	吩	#N/A	#N/A	#N/A	#N/A	#N/A	#N/A	#N/A	f	un	33	4	fun33	f	un	1	4	fun1			
4906	碳	#N/A	#N/A	#N/A	#N/A	#N/A	#N/A	#N/A	h	ɔn	33	4	hɔn33	h	on	1	4	hon1			
4907	岩	#N/A	#N/A	#N/A	#N/A	#N/A	#N/A	#N/A	ŋ	am	22	4	ŋam22	ng	aam	4	6	ngaam4			
4908	睾	#N/A	#N/A	#N/A	#N/A	#N/A	#N/A	#N/A	k	au	33	4	kau33	g	aau	1	5	gaau1			
4909	祛	#N/A	#N/A	#N/A	#N/A	#N/A	#N/A	#N/A	h	ui	33	4	hui33	h	ui	1	4	hui1			
4910	賅	見	蟹	咍	開	一	平	見	k	uɔi	33	5	kuɔi33	g	uoi	1	5	guoi1			
4911	乒	#N/A	#N/A	#N/A	#N/A	#N/A	#N/A	#N/A	p	in	55	4	pin55	b	in	2	4	bin2	乒乓球又稱「tin55 tɔŋ55波」		
4912	乓	#N/A	#N/A	#N/A	#N/A	#N/A	#N/A	#N/A	p	ɔŋ	55	4	pɔŋ55	b	ong	2	5	bong2	乒乓球又稱「tin55 tɔŋ55波」		
4913	煦	曉	遇	虞	合	三	上	影	h	ui	55	4	hui55	h	ui	2	4	hui2			
4914	欽	溪	深	侵B	開	三	平	見	h	im	33	4	him33	h	im	1	4	him1			
4915	寅	以	止	脂A	開	三	平	以	j	in	22	4	jin22	j	in	4	4	jin4			
4916	甄	章	臻	真A	開	三	平	章	ts	in	33	5	tsin33	z	in	1	4	zin1			
4917	泣	溪	深	侵B	開	三	入	見	h	ip	55	4	hip55	h	ip	7	4	hip7			
4918	揖	影	深	侵A	開	三	入	影	j	ip	55	4	jip55	j	ip	7	4	jip7	本讀，「作揖」		
4919	揖	#N/A	#N/A	#N/A	#N/A	#N/A	#N/A	#N/A	t	əp	33	4	təp33	d	eap	8	5	deap8	訓讀，動詞，攆走、拈走物件：「təp33啊(ʔa33)袋垃圾走」丨「təp33啊(ʔa33)條蟲佢去」		
4920	黝	影	止	脂A	開	三	平	影	j	iu	33	4	jiu33	j	iu	1	4	jiu1			
4921	汝	日	遇	魚	開	三	上	日	n	ei	11	4	nei11	n	ei	5	4	nei5			
4922	蓊	影	通	東	開	一	平	影	j	əŋ	33	4	jəŋ33	j	eang	1	6	jeang1			
4923	蟯	日	效	宵A	開	三	平	日	n	iɐu	22	5	niɐu22	n	iau	4	5	niau4			
4924	夭	影	效	宵B	開	三	平	影	j	iɐu	55	5	jiɐu55	j	iau	2	5	jiau2			
4925	吆	#N/A	#N/A	#N/A	#N/A	#N/A	#N/A	#N/A	j	iɐu	33	5	jiɐu33	j	iau	1	5	jiau1			
4926	稽	溪	蟹	齊	開	四	上	見	kʰ	ɔi	55	5	kʰɔi55	k	oi	2	4	koi2	「稽查」丨「無稽」		
4927	稽	見	蟹	齊	開	四	平	見	kʰ	ɔi	33	5	kʰɔi33	k	oi	1	4	koi1	「稽首」		
4928	襟	見	深	侵B	開	三	平	見	kʰ	im	33	5	kʰim33	k	im	1	4	kim1			
4929	給	見	深	侵B	開	三	入	見	kʰ	ip	55	5	kʰip55	k	ip	7	4	kip7			
4930	篝	見	流	侯	開	一	平	見	k	ai	33	4	kai33	g	aai	1	5	gaai1			
4931	骹	羣	流	尤	開	三	上	見	k	au	33	4	kau33	g	aau	1	5	gaau1	「甩臼」		
4932	臼	群	流	尤	開	三	上	見	k	iu	32	4	kiu32	g	iu	6	4	giu6	「臼齒」		
4933	桕	#N/A	#N/A	#N/A	#N/A	#N/A	#N/A	#N/A	kʰ	iu	11	5	kʰiu11	k	iu	5	4	kiu5			
4934	冀	見	止	脂B	開	三	去	見	kʰ	ei	33	5	kʰei33	k	ei	1	4	kei1			
4935	祇	羣	止	支A	開	三	平	見	ts	i	55	4	tsi55	z	i	2	3	zi2			
4936	擎	羣	梗	庚	開	三	平	見	kʰ	ɐn	22	5	kʰɐn22	k	an	4	4	kan4	文讀，「引擎」		
4937	擎	羣	梗	庚	開	三	平	見	kʰ	iɐŋ	22	6	kʰiɐŋ22	k	iang	4	6	kiang4	白讀，{1}形容詞，輕便：「輕(hiɐŋ33) 擎」；{2}形容詞，靈驗：「靈(liɐŋ22) 擎」		
4938	瓊	羣	梗	清A	合	三	平	見	kʰ	ɐn	22	5	kʰɐn22	k	an	4	4	kan4			
4939	襁	見	宕	陽	開	三	上	見	kʰ	iŋ	11	5	kʰiŋ11	k	iing	5	6	kiing5			
4940	彷	滂	宕	陽	合	三	上	幫	f	ɔŋ	55	4	fɔŋ55	f	ong	2	5	fong2	「彷製」		
4941	彷	並	宕	唐	開	一	平	幫	pʰ	ɔŋ	22	5	pʰɔŋ22	p	ong	4	5	pong4	「彷徨」		
4942	鍥	見	山	先	開	四	入	見	kʰ	ɐt	33	5	kʰɐt33	k	at	8	4	kat8			
4943	竅	溪	效	蕭	開	四	去	見	h	iɐu	33	5	hiɐu33	h	iau	1	5	hiau1			
4944	翦	精	山	仙A	開	三	上	精	t	ɐn	55	4	tɐn55	d	an	2	4	dan2			
4945	菁	精	梗	清A	開	三	平	精	t	ɐn	33	4	tɐn33	d	an	1	4	dan1			
4946	怔	章	梗	清A	開	三	平	章	ts	ɐn	33	5	tsɐn33	z	an	1	4	zan1			
4947	畏	影	止	微	合	三	去	影	ʋ	ei	33	4	ʋei33	v	ei	1	4	vei1			
4948	鷸	以	臻	真A	合	三	入	以	k	ut	55	4	kut55	g	ut	7	4	gut7			
4949	鷸	以	臻	真A	合	三	入	以	kʰ	ut	55	5	kʰut55	k	ut	7	4	kut7			
4950	鷸	以	臻	真A	合	三	入	以	l	ut	32	4	lut32	l	ut	6	4	lut6			
4951	醞	影	臻	文	合	三	上	影	ʋ	un	55	4	ʋun55	v	un	2	4	vun2			
4952	蘊	影	臻	文	合	三	上	影	ʋ	un	32	4	ʋun32	v	un	6	4	vun6			
4953	隕	云	臻	真B	合	三	上	影	ʋ	un	11	4	ʋun11	v	un	5	4	vun5			
4954	殞	云	臻	真B	合	三	上	影	ʋ	un	11	4	ʋun11	v	un	5	4	vun5			
4955	芸	云	臻	文	合	三	平	影	ʋ	un	22	4	ʋun22	v	un	4	4	vun4			
4956	尹	以	臻	真A	合	三	上	以	ʋ	un	11	4	ʋun11	v	un	5	4	vun5			
4957	穢	影	蟹	廢	合	三	去	影	ʋ	uɔi	33	5	ʋuɔi33	v	uoi	1	5	vuoi1			
4958	桅	疑	蟹	灰	合	一	平	見	ʋ	ei	22	4	ʋei22	v	ei	4	4	vei4			
4959	閎	匣	梗	耕	合	二	平	影	f	aŋ	22	4	faŋ22	f	aang	4	6	faang4			
4960	挽	明	山	元	合	三	上	幫	ʋ	ɔn	11	4	ʋɔn11	v	on	5	4	von5	本讀，「挽回」		
4961	挽	明	山	元	合	三	上	幫	m	ɔn	33	4	mɔn33	m	on	1	4	mon1	訓讀，「冇得挽」		
4962	輓	明	山	元	合	三	上	幫	ʋ	ɔn	11	4	ʋɔn11	v	on	5	4	von5			
4963	嬛	#N/A	#N/A	#N/A	#N/A	#N/A	#N/A	#N/A	ʋ	ɔn	22	4	ʋɔn22	v	on	4	4	von4			
4964	寰	匣	山	刪	合	二	平	影	ʋ	ɔn	22	4	ʋɔn22	v	on	4	4	von4			
4965	鬟	匣	山	刪	合	二	平	影	ʋ	ɔn	22	4	ʋɔn22	v	on	4	4	von4			
4966	呱	見	遇	模	開	一	平	見	k	a	33	3	ka33	g	aa	1	4	gaa1			
4967	踝	匣	假	麻	合	二	上	影	f	uɔ	33	4	fuɔ33	f	uo	1	4	fuo1			
4968	樺	匣	假	麻	合	二	平	影	ʋ	a	22	3	ʋa22	v	aa	4	4	vaa4			
4969	悚	心	通	鍾	開	三	上	精	ɬ	əŋ	55	4	ɬəŋ55	sl	eang	2	7	sleang2			
4970	聳	心	通	鍾	開	三	上	精	ɬ	əŋ	55	4	ɬəŋ55	sl	eang	2	7	sleang2	起雞皮疙瘩：「雞皮米聳」丨「「毛骨頭(hai11)聳」		
4971	嵩	心	通	東	開	三	平	精	ɬ	əŋ	33	4	ɬəŋ33	sl	eang	1	7	sleang1			
4972	睞	來	蟹	咍	開	一	去	來	l	uɔi	32	5	luɔi32	l	uoi	6	5	luoi6			
4973	蜋	來	宕	陽	開	三	平	來	l	ɔŋ	22	4	lɔŋ22	l	ong	4	5	long4			
4974	嘮	徹	效	肴	開	二	平	知	l	au	22	4	lau22	l	aau	4	5	laau4	「嘮造」丨「嘮嘈」丨四字詞 「吵耳嘮造（形容聲音嘈雜）」		
4975	賂	來	遇	模	開	一	去	來	l	ou	32	4	lou32	l	ou	6	4	lou6			
4976	鷺	來	遇	模	開	一	去	來	l	ou	32	4	lou32	l	ou	6	4	lou6			
4977	炙	章	梗	青A	開	三	入	章	ts	ɐt	55	5	tsɐt55	z	at	7	4	zat7			
4978	叶	匣	咸	添	開	四	入	影	h	iɛp	32	5	hiɛp32	h	iep	9	5	hiep9	同「協」		
4979	劦	匣	咸	添	開	四	入	影	h	iɛp	32	5	hiɛp32	h	iep	9	5	hiep9			
4980	勰	匣	咸	添	開	四	入	影	h	iɛp	32	5	hiɛp32	h	iep	9	5	hiep9			
4981	臻	莊	臻	臻	開	三	平	莊	ts	un	33	5	tsun33	z	un	1	4	zun1			
4982	蓁	莊	臻	臻	開	三	平	莊	ts	un	33	5	tsun33	z	un	1	4	zun1			
4983	榛	莊	臻	臻	開	三	平	莊	ts	un	33	5	tsun33	z	un	1	4	zun1			
4984	莘	生	臻	臻	開	三	平	莊	ɬ	in	33	4	ɬin33	sl	in	1	5	slin1			
4985	燊	生	臻	臻	開	三	平	莊	ɬ	in	33	4	ɬin33	sl	in	1	5	slin1			
4986	鮜	匣	流	侯	開	一	去	影	h	ai	32	4	hai32	h	aai	6	5	haai6			
4987	軒	曉	山	元	開	三	平	影	h	ɐn	33	4	hɐn33	h	an	1	4	han1			
4988	鶱	曉	山	元	開	三	平	影	h	ɐn	33	4	hɐn33	h	an	1	4	han1			
4989	呪	章	流	尤	開	三	去	章	ts	au	33	5	tsau33	z	aau	1	5	zaau1			
4990	咒	#N/A	#N/A	#N/A	#N/A	#N/A	#N/A	#N/A	ts	iu	32	5	tsiu32	z	iu	6	4	ziu6			
4991	吃	見	臻	欣	開	三	入	見	h	iɐk	33	5	hiɐk33	h	iak	8	5	hiak8	本讀，「吃嘢」		
4992	吃	見	臻	欣	開	三	入	見	h	ɐt	55	4	hɐt55	h	at	7	4	hat7	訓讀，打吃嚏		
4993	訖	見	臻	欣	開	三	入	見	kʰ	ɐt	55	5	kʰɐt55	k	at	7	4	kat7			
4994	扢	見	臻	欣	開	三	入	見	h	ɐt	55	4	hɐt55	h	at	7	4	hat7	本讀		
4995	扢	#N/A	#N/A	#N/A	#N/A	#N/A	#N/A	#N/A	h	ɔt	33	4	hɔt33	h	ot	8	4	hot8	訓讀，動詞，徒有嘴巴在說：「hɔt33啊(ʔa551)把口」		
4996	涉	常	咸	鹽A	開	三	入	章	s	iɛp	32	5	siɛp32	s	iep	9	5	siep9			
4997	契	溪	蟹	齊	開	四	去	見	kʰ	ɔi	33	5	kʰɔi33	k	oi	1	4	koi1	「契約」		
4998	契	溪	山	先	開	四	入	見	ɬ	ɐt	55	4	ɬɐt55	sl	at	7	5	slat7	「契丹」		
4999	膩	孃	止	脂B	開	三	去	知	n	ei	32	4	nei32	n	ei	6	4	nei6			
5000	腬	孃	流	尤	開	三	去	知	n	au	22	4	nau22	n	aau	4	5	naau4	{1}吃了食物令人產生油膩的感覺：「腬頸」丨「肥豬肉好腬」；{2}拖拉：「腬黏(nak55)」丨「腬茄(kʰiɛ11)」		
5001	匿	孃	曾	蒸	開	三	入	知	n	ɐt	55	4	nɐt55	n	at	7	4	nat7	本讀，「匿藏」		
5002	匿	孃	曾	蒸	開	三	入	知	n	ɔt	33	4	nɔt33	n	ot	8	4	not8	訓讀，躲藏：「匿埋(muɔi22)一二(ŋei32)角(kɔk115)」		
5003	暱	孃	臻	真B	開	三	入	知	n	ɐt	55	4	nɐt55	n	at	7	4	nat7			
5004	溺	泥	梗	青	開	四	入	端	n	ɐt	55	4	nɐt55	n	at	7	4	nat7			
5005	拘	見	遇	虞	合	三	平	見	kʰ	ui	33	5	kʰui33	k	ui	1	4	kui1			
5006	弩	泥	遇	模	開	一	上	端	n	ou	11	4	nou11	n	ou	5	4	nou5			
5007	爾	日	止	支A	開	三	上	日	ŋ	ei	11	4	ŋei11	ng	ei	5	5	ngei5			
5008	邇	日	止	支A	開	三	上	日	ŋ	ei	11	4	ŋei11	ng	ei	5	5	ngei5			
5009	匣	匣	咸	銜	開	二	入	影	h	ap	11	4	hap11	h	aap	10	5	haap10			
5010	朽	曉	流	尤	開	三	上	影	h	iu	55	4	hiu55	h	iu	2	4	hiu2			
5011	彌	明	止	支A	開	三	平	幫	m	ei	22	4	mei22	m	ei	4	4	mei4			
5012	洽	匣	咸	咸	開	二	入	影	t	iɛp	32	5	tiɛp32	d	iep	9	5	diep9			
5013	馨	曉	梗	青	開	四	平	影	h	ɐn	33	4	hɐn33	h	an	1	4	han1			
5014	罄	溪	梗	青	開	四	去	見	h	ɐn	33	4	hɐn33	h	an	1	4	han1			
5015	饒	日	效	宵A	開	三	平	日	ŋ	iɐu	22	5	ŋiɐu22	ng	iau	4	6	ngiau4			
5016	僥	疑	效	蕭	開	四	平	見	h	iɐu	55	5	hiɐu55	h	iau	2	5	hiau2			
5017	釀	孃	宕	陽	開	三	去	知	ŋ	iŋ	32	4	ŋiŋ32	ng	iing	6	7	ngiing6			
5018	驍	見	效	蕭	開	四	平	見	h	iɐu	33	5	hiɐu33	h	iau	1	5	hiau1			
5019	澆	見	效	蕭	開	四	平	見	h	iɐu	33	5	hiɐu33	h	iau	1	5	hiau1	本讀，「澆水」		
5020	澆	見	效	蕭	開	四	平	見	ŋ	iɐu	22	5	ŋiɐu22	ng	iau	4	6	ngiau4	又讀，「澆水」		
5021	苑	影	山	元	合	三	上	影	ʋ	uɔn	55	5	ʋuɔn55	v	uon	2	5	vuon2			
5022	宛	影	山	元	合	三	上	影	ʋ	uɔn	55	5	ʋuɔn55	v	uon	2	5	vuon2			
5023	婉	影	山	元	合	三	上	影	ʋ	uɔn	55	5	ʋuɔn55	v	uon	2	5	vuon2			
5024	捏	泥	山	先	開	四	入	端	n	iɛp	55	5	niɛp55	n	iep	2	5	niep2	文讀，「捏緊」		
5025	捏	泥	山	先	開	四	入	端	n	ɐt	33	4	nɐt33	n	at	8	4	nat8	白讀，「捏下個赧」		
5026	撚	泥	山	先	開	四	上	端	n	ɐn	55	4	nɐn55	n	an	2	4	nan2	本讀，緊緊用力捏住：「撚爛個枕頭」		
5027	撚	泥	山	先	開	四	上	端	n	uɔn	55	5	nuɔn55	n	uon	2	5	nuon2	訓讀，用手慢慢抿開：「撚開乃銀紙比我」丨「撚下個麻將就知係乜牌」		
5028	撚	#N/A	#N/A	#N/A	#N/A	#N/A	#N/A	#N/A	n	ɔn	55	4	nɔn55	n	on	2	4	non2	訓讀，動詞，{1}調侃：「你唔好nɔn55我啦」；{2}形容詞，嬌氣、作狀、臭美：「nɔn55勢(sɔi55)」		
5029	吏	來	止	之	開	三	去	來	l	ei	32	4	lei32	l	ei	6	4	lei6			
5030	檜	見	蟹	泰	合	一	去	見	kʰ	uɔi	33	6	kʰuɔi33	k	uoi	1	5	kuoi1			
5031	繪	匣	蟹	泰	合	一	去	影	kʰ	uɔi	33	6	kʰuɔi33	k	uoi	1	5	kuoi1			
5032	膾	見	蟹	泰	合	一	去	見	kʰ	uɔi	33	6	kʰuɔi33	k	uoi	1	5	kuoi1			
5033	黠	匣	山	山	開	二	入	影	k	ɐt	55	4	kɐt55	g	at	7	4	gat7			
5034	頡	見	山	山	開	二	入	見	k	ɐt	55	4	kɐt55	g	at	7	4	gat7			
5035	婺	明	遇	虞	合	三	去	幫	m	ou	32	4	mou32	m	ou	6	4	mou6			
5036	巫	明	遇	虞	合	三	平	幫	m	ou	22	4	mou22	m	ou	4	4	mou4			
5037	誣	明	遇	虞	合	三	平	幫	m	ou	22	4	mou22	m	ou	4	4	mou4			
5038	毋	明	遇	虞	合	三	平	幫	m	ou	22	4	mou22	m	ou	4	4	mou4			
5039	蕪	明	遇	虞	合	三	平	幫	m	ou	22	4	mou22	m	ou	4	4	mou4			
5040	無	明	遇	虞	合	三	平	幫	m	ou	22	4	mou22	m	ou	4	4	mou4	{1}用於好色、荒唐、有味的調侃，形容人不正經：四字詞 「無三(ɬam33)狗𡳞」；{2}形容人或事物不靠譜，不著邊際：四字詞 「無三(ɬam33)無四(ɬei115)」		
5041	酉	以	流	尤	開	三	上	以	j	iu	11	4	jiu11	j	iu	5	4	jiu5			
5042	莽	明	遇	模	開	一	上	幫	m	ɔŋ	11	4	mɔŋ11	m	ong	5	5	mong5			
5043	蟒	明	宕	唐	開	一	上	幫	m	ɔŋ	11	4	mɔŋ11	m	ong	5	5	mong5			
5044	翁	影	通	東	開	一	平	影	j	əŋ	33	4	jəŋ33	j	eang	1	6	jeang1			
5045	嗡	#N/A	#N/A	#N/A	#N/A	#N/A	#N/A	#N/A	j	əŋ	33	4	jəŋ33	j	eang	1	6	jeang1			
5046	瞎	曉	山	刪	開	二	入	影	h	ɔt	32	4	hɔt32	h	ot	9	4	hot9			
5047	懇	溪	臻	痕	開	一	上	見	h	ɔn	55	4	hɔn55	h	on	2	4	hon2			
5048	逾	以	遇	虞	合	三	平	以	j	i	22	3	ji22	j	i	4	3	ji4			
5049	渝	以	遇	虞	合	三	平	以	j	i	22	3	ji22	j	i	4	3	ji4			
5050	榆	以	遇	虞	合	三	平	以	j	i	22	3	ji22	j	i	4	3	ji4			
5051	豔	以	咸	鹽A	開	三	去	以	j	iɛm	32	5	jiɛm32	j	iem	6	5	jiem6			
5052	嚏	端	蟹	齊	開	四	去	端	tsʰ	ei	32	6	tsʰei32	c	ei	6	4	cei6	本讀，「乞嚏」		
5053	嚏	端	蟹	齊	開	四	去	端	tsʰ	ei	33	6	tsʰei33	c	ei	1	4	cei1	變調，小孩子頂嘴時，大人對這個狀態的訓斥：「口拆嚏」		
5054	蚜	#N/A	#N/A	#N/A	#N/A	#N/A	#N/A	#N/A	ŋ	a	22	3	ŋa22	ng	aa	4	5	ngaa4			
5055	訝	疑	假	麻	開	二	去	見	ŋ	a	32	3	ŋa32	ng	aa	6	5	ngaa6	霸佔：「訝位(ʋei325)」		
5056	蕊	日	止	支A	合	三	上	日	l	ui	11	4	lui11	l	ui	5	4	lui5			
5057	軻	溪	果	歌	開	一	平	見	ʔ	uɔ	33	4	ʔuɔ33		uo	1	3	uo1			
5058	婀	#N/A	#N/A	#N/A	#N/A	#N/A	#N/A	#N/A	ʔ	uɔ	33	4	ʔuɔ33		uo	1	3	uo1			
5059	餌	日	止	之	開	三	去	日	n	ei	32	4	nei32	n	ei	6	4	nei6	泛指肥料：「淋餌(nei325)」		
5060	洱	日	止	之	開	三	上	日	ŋ	ei	55	4	ŋei55	ng	ei	2	5	ngei2	「洱海」		
5061	洱	日	止	之	開	三	去	日	n	ei	32	4	nei32	n	ei	6	4	nei6	「普洱(nei325)」		
5062	圃	幫	遇	模	開	一	上	幫	pʰ	ou	55	5	pʰou55	p	ou	2	4	pou2	本讀，「苗圃」		
5063	圃	#N/A	#N/A	#N/A	#N/A	#N/A	#N/A	#N/A	pʰ	ou	11	5	pʰou11	p	ou	5	4	pou5	訓讀，名詞，圍裙、文胸等圍在胸前的衣物：「肚pʰou11」		
5064	浦	滂	遇	模	開	一	上	幫	pʰ	ou	22	5	pʰou22	p	ou	4	4	pou4	本讀，「黃浦江」		
5065	浦	滂	遇	模	開	一	上	幫	p	ou	55	4	pou55	b	ou	2	4	bou2	變調，「沙(sa33)浦村(tʰun115)」，筆者的祖籍，專屬讀音		
5066	悉	心	臻	真A	開	三	入	精	ɬ	ɐt	55	4	ɬɐt55	sl	at	7	5	slat7			
5067	窸	心	臻	真A	開	三	入	精	ɬ	ɐt	55	4	ɬɐt55	sl	at	7	5	slat7			
5068	蟋	心	臻	真A	開	三	入	精	ɬ	ɐt	55	4	ɬɐt55	sl	at	7	5	slat7			
5069	拭	書	曾	蒸	開	三	入	章	s	ɐt	55	4	sɐt55	s	at	7	4	sat7			
5070	軾	書	曾	蒸	開	三	入	章	s	ik	55	4	sik55	s	iik	7	5	siik7			
5071	夙	心	通	東	開	三	入	精	ɬ	ək	55	4	ɬək55	sl	eak	7	6	sleak7			
5072	倏	書	通	東	開	三	入	章	s	ək	55	4	sək55	s	eak	7	5	seak7			
5073	淑	常	通	東	開	三	入	章	s	ək	32	4	sək32	s	eak	9	5	seak9			
5074	孰	常	通	東	開	三	入	章	s	ək	32	4	sək32	s	eak	9	5	seak9			
5075	塾	常	通	東	開	三	入	章	s	ək	32	4	sək32	s	eak	9	5	seak9			
5076	酌	章	宕	陽	開	三	入	章	ts	ik	55	5	tsik55	z	iik	7	5	ziik7			
5077	灼	章	宕	陽	開	三	入	章	s	ik	55	4	sik55	s	iik	7	5	siik7			
5078	鵲	清	宕	陽	開	三	入	精	ɬ	ik	55	4	ɬik55	sl	iik	7	6	sliik7			
5079	勺	章	宕	陽	開	三	入	章	s	ik	55	4	sik55	s	iik	7	5	siik7			
5080	芍	章	宕	陽	開	三	入	章	s	ik	55	4	sik55	s	iik	7	5	siik7			
5081	嗜	常	止	脂A	開	三	去	章	s	i	33	3	si33	s	i	1	3	si1			
5082	黍	書	遇	魚	開	三	上	章	s	i	55	3	si55	s	i	2	3	si2			
5083	恕	書	遇	魚	開	三	去	章	s	i	33	3	si33	s	i	1	3	si1			
5084	庶	書	遇	魚	開	三	去	章	s	i	33	3	si33	s	i	1	3	si1			
5085	幟	書	止	之	開	三	去	章	tsʰ	ei	33	6	tsʰei33	c	ei	1	4	cei1			
5086	蟀	生	臻	真B	合	三	入	莊	ɬ	ut	55	4	ɬut55	sl	ut	7	5	slut7			
5087	丐	見	蟹	泰	開	一	去	見	kʰ	uɔi	33	6	kʰuɔi33	k	uoi	1	5	kuoi1			
5088	舜	書	臻	真A	合	三	去	章	s	un	33	4	sun33	s	un	1	4	sun1			
5089	涔	崇	深	侵B	開	三	平	莊	s	əm	22	4	səm22	s	eam	4	5	seam4			
5090	岑	崇	深	侵B	開	三	平	莊	s	əm	22	4	səm22	s	eam	4	5	seam4			
5091	倪	疑	蟹	齊	開	四	平	見	ŋ	ɔi	22	4	ŋɔi22	ng	oi	4	5	ngoi4			
5092	霓	疑	蟹	齊	開	四	去	見	ŋ	ɔi	22	4	ŋɔi22	ng	oi	4	5	ngoi4			
5093	巍	疑	止	微	合	三	平	見	ŋ	ɔi	22	4	ŋɔi22	ng	oi	4	5	ngoi4			
5094	嵬	疑	蟹	灰	合	一	平	見	ŋ	ɔi	22	4	ŋɔi22	ng	oi	4	5	ngoi4			
5095	隘	影	蟹	佳	開	二	去	影	ʔ	ɔi	33	4	ʔɔi33		oi	1	3	oi1			
5096	縊	影	止	支A	開	三	去	影	ʔ	ɔi	33	4	ʔɔi33		oi	1	3	oi1			
5097	謳	影	流	侯	開	一	平	影	ʔ	ai	33	4	ʔai33		aai	1	4	aai1			
5098	迄	曉	臻	欣	開	三	入	影	kʰ	ɐt	55	5	kʰɐt55	k	at	2	4	kat2			
5099	兀	疑	臻	魂	合	一	入	見	ŋ	ut	55	4	ŋut55	ng	ut	7	5	ngut7	本讀，「突兀」		
5100	兀	疑	臻	魂	合	一	入	見	ŋ	ək	33	4	ŋək33	ng	eak	8	6	ngeak8	訓讀，動：「唔好兀」		
5101	屹	疑	臻	欣	開	三	入	見	kʰ	ɐt	55	5	kʰɐt55	k	at	2	4	kat2			
5102	罌	影	梗	耕	開	二	平	影	ʔ	aŋ	33	4	ʔaŋ33		aang	1	5	aang1	本讀，「罌粟」		
5103	罌	影	梗	耕	開	二	平	影	ʔ	aŋ	11	4	ʔaŋ11		aang	5	5	aang5	變調，大肚瓦罐：「錢罌」		
5104	渥	影	江	江	開	二	入	影	ʔ	ak	55	4	ʔak55		aak	7	4	aak7			
5105	寤	疑	遇	模	開	一	去	見	m		32	2	m32	m		6	2	m6	習讀		
5106	寤	疑	遇	模	開	一	去	見	ŋ		32	2	ŋ32	ng		6	3	ng6	本讀，老派		
5107	餒	泥	蟹	灰	合	一	上	端	n	ui	11	4	nui11	n	ui	5	4	nui5	本讀，「氣餒」		
5108	嚀	泥	梗	青	開	四	平	端	n	ɐn	22	4	nɐn22	n	an	4	4	nan4			
5109	獰	孃	梗	庚	開	二	平	知	n	ɐn	22	4	nɐn22	n	an	4	4	nan4			
5110	檸	孃	梗	庚	開	二	上	知	n	ɐn	22	4	nɐn22	n	an	4	4	nan4			
5111	濘	泥	梗	青	開	四	上	端	n	ɐn	22	4	nɐn22	n	an	4	4	nan4			
5112	賈	見	遇	模	開	一	上	見	k	u	55	3	ku55	g	u	2	3	gu2	「商賈」		
5113	賈	見	假	麻	開	二	上	見	k	a	55	3	ka55	g	aa	2	4	gaa2	「賈島」		
5114	峪	以	通	鍾	開	三	入	以	j	ək	32	4	jək32	j	eak	9	5	jeak9	本讀，「山峪」		
5115	峪	以	通	鍾	開	三	入	以	j	i	32	3	ji32	j	i	9	3	ji9	變調，地名，「嘉峪關」		
5116	獄	疑	通	鍾	開	三	入	見	ŋ	ək	32	4	ŋək32	ng	eak	9	6	ngeak9			
5117	瑟	生	臻	臻	開	三	入	莊	s	it	55	4	sit55	s	it	7	4	sit7			
5118	礫	來	梗	青	開	四	入	來	l	ɐt	55	4	lɐt55	l	at	7	4	lat7			
5119	靂	來	梗	青	開	四	入	來	l	ɐt	55	4	lɐt55	l	at	7	4	lat7			
5120	巒	來	山	寒	合	一	平	來	l	uɔn	22	5	luɔn22	l	uon	4	5	luon4			
5121	拎	來	梗	青	開	四	平	來	l	ɐn	22	4	lɐn22	l	an	4	4	lan4			
5122	伶	來	梗	青	開	四	平	來	l	ɐn	22	4	lɐn22	l	an	4	4	lan4			
5123	楞	來	曾	登	開	一	平	來	l	ɐn	22	4	lɐn22	l	an	4	4	lan4			
5124	耶	以	假	麻	開	三	平	以	j	iɛ	22	4	jiɛ22	j	ie	4	4	jie4			
5125	吁	曉	遇	虞	合	三	平	影	h	ui	33	4	hui33	h	ui	1	4	hui1			
5126	噓	曉	遇	魚	開	三	平	影	h	ui	33	4	hui33	h	ui	1	4	hui1			
5127	揆	羣	止	脂A	合	三	上	見	kʰ	ei	22	5	kʰei22	k	ei	4	4	kei4			
5128	睽	溪	蟹	齊	合	四	平	見	kʰ	ei	22	5	kʰei22	k	ei	4	4	kei4			
5129	畦	匣	蟹	齊	合	四	平	影	kʰ	ei	22	5	kʰei22	k	ei	4	4	kei4			
5130	攜	匣	蟹	齊	合	四	平	影	kʰ	ei	22	5	kʰei22	k	ei	4	4	kei4			
5131	喧	曉	山	元	合	三	平	影	ɬ	un	33	4	ɬun33	sl	un	1	5	slun1			
5132	暄	曉	山	元	合	三	平	影	ɬ	un	33	4	ɬun33	sl	un	1	5	slun1			
5133	絢	曉	山	先	合	四	去	影	ɬ	un	33	4	ɬun33	sl	un	1	5	slun1			
5134	哮	曉	效	肴	開	二	平	影	h	au	33	4	hau33	h	aau	1	5	haau1			
5135	拷	#N/A	#N/A	#N/A	#N/A	#N/A	#N/A	#N/A	h	au	55	4	hau55	h	aau	2	5	haau2			
5136	榻	透	咸	談	開	一	入	端	h	ap	33	4	hap33	h	aap	8	5	haap8			
5137	塌	#N/A	#N/A	#N/A	#N/A	#N/A	#N/A	#N/A	h	ap	55	4	hap55	h	aap	7	5	haap7			
5138	蹋	定	咸	談	開	一	入	端	ʔ	ap	32	4	ʔap32		aap	9	4	aap9			
5139	囂	曉	效	宵B	開	三	平	影	h	iɐu	33	5	hiɐu33	h	iau	1	5	hiau1			
5140	玩	疑	山	寒	合	一	去	見	ŋ	uɔn	32	5	ŋuɔn32	ng	uon	6	6	nguon6			
5141	刨	#N/A	#N/A	#N/A	#N/A	#N/A	#N/A	#N/A	pʰ	au	22	5	pʰau22	p	aau	4	5	paau4	本讀，{1}分與取，引申為分寸、度，名詞：「pʰaŋ33 刨」丨「「有pʰaŋ33 刨」（有分寸）」；{2}鑽研：「刨碼(ma115)（研究買彩票）」丨「刨書」；{3}用沐浴露塗抹全身：「刨梘」		
5142	刨	#N/A	#N/A	#N/A	#N/A	#N/A	#N/A	#N/A	pʰ	au	11	5	pʰau11	p	aau	5	5	paau5	變調，名詞，刨子：「刨仔(tuɔi55)」		
5143	庖	並	效	肴	開	二	平	幫	pʰ	au	22	5	pʰau22	p	aau	4	5	paau4			
5144	咆	並	效	肴	開	二	平	幫	pʰ	au	22	5	pʰau22	p	aau	4	5	paau4			
5145	皰	滂	效	肴	開	二	去	幫	pʰ	au	22	5	pʰau22	p	aau	4	5	paau4			
5146	敖	疑	效	豪	開	一	平	見	ŋ	au	22	4	ŋau22	ng	aau	4	6	ngaau4			
5147	熬	疑	效	豪	開	一	平	見	ŋ	au	22	4	ŋau22	ng	aau	4	6	ngaau4			
5148	螯	疑	效	豪	開	一	平	見	ŋ	au	22	4	ŋau22	ng	aau	4	6	ngaau4			
5149	翱	疑	效	豪	開	一	平	見	ŋ	au	22	4	ŋau22	ng	aau	4	6	ngaau4			
5150	遨	疑	效	豪	開	一	平	見	ŋ	au	22	4	ŋau22	ng	aau	4	6	ngaau4			
5151	嗷	疑	效	豪	開	一	平	見	ŋ	au	22	4	ŋau22	ng	aau	4	6	ngaau4			
5152	訕	生	山	刪	開	二	平	莊	s	ɔn	33	4	sɔn33	s	on	1	4	son1			
5153	栓	生	山	仙B	合	三	平	莊	s	ɔn	33	4	sɔn33	s	on	1	4	son1			
5154	閂	#N/A	#N/A	#N/A	#N/A	#N/A	#N/A	#N/A	s	ɔn	33	4	sɔn33	s	on	1	4	son1	本讀，關：「閂門」丨四字詞 「閂(sɔn33)門(muɔn22)閂(sɔn33)褲（形容遮遮掩掩，不見人）」		
5155	閂	#N/A	#N/A	#N/A	#N/A	#N/A	#N/A	#N/A	s	ɔn	11	4	sɔn11	s	on	5	4	son5	變調，名詞，門的開關：「門(muɔn22)閂」		
5156	耒	來	蟹	灰	合	一	上	來	l	uɔi	32	5	luɔi32	l	uoi	6	5	luoi6			
5157	擂	#N/A	#N/A	#N/A	#N/A	#N/A	#N/A	#N/A	l	ui	22	4	lui22	l	ui	4	4	lui4			
5158	祿	來	通	東	開	一	入	來	l	ək	32	4	lək32	l	eak	9	5	leak9			
5159	麓	來	通	東	開	一	入	來	l	ək	55	4	lək55	l	eak	7	5	leak7			
5160	媲	滂	蟹	齊	開	四	去	幫	p	ei	55	4	pei55	b	ei	2	4	bei2			
5161	郝	曉	宕	唐	開	一	入	影	kʰ	ɔk	33	5	kʰɔk33	k	ok	8	4	kok8			
5162	涸	匣	宕	唐	開	一	入	影	kʰ	ɔk	33	5	kʰɔk33	k	ok	8	4	kok8	口渴：「涸」		
5163	壑	曉	宕	唐	開	一	入	影	kʰ	ɔk	33	5	kʰɔk33	k	ok	8	4	kok8			
5164	慷	溪	宕	唐	開	一	上	見	h	ɔŋ	55	4	hɔŋ55	h	ong	2	5	hong2			
5165	騾	來	果	歌	合	一	平	來	l	uɔ	22	4	luɔ22	l	uo	4	4	luo4			
5166	囉	來	果	歌	開	一	平	來	l	uɔ	55	4	luɔ55	l	uo	2	4	luo2	「囉嗦」		
5167	囉	來	果	歌	開	一	平	來	l	ɔ	33	3	lɔ33	l	o	1	3	lo1	語氣詞		
5168	紂	澄	流	尤	開	三	上	知	ts	au	32	5	tsau32	z	aau	6	5	zaau6			
5169	肘	知	流	尤	開	三	上	知	ts	au	55	5	tsau55	z	aau	2	5	zaau2	本讀，「肘擊」		
5170	肘	知	流	尤	開	三	上	知	tsʰ	ɔk	11	6	tsʰɔk11	c	ok	10	4	cok10	訓讀，{1}手肘：「手肘」；{2}肘擊：「肘死你」		
5171	卿	溪	梗	庚	開	三	平	見	h	ɐn	33	4	hɐn33	h	an	1	4	han1			
5172	蓓	並	蟹	灰	合	一	上	幫	p	uɔi	32	5	puɔi32	b	uoi	6	5	buoi6	文讀，「蓓蕾」		
5173	蓓	並	蟹	灰	合	一	上	幫	pʰ	uɔi	11	6	pʰuɔi11	p	uoi	5	5	puoi5	白讀，山上墳墓頭頂的帽子形狀的泥土帶草的物體：「草蓓」		
5174	徘	並	蟹	灰	合	一	平	幫	pʰ	ɔi	22	5	pʰɔi22	p	oi	4	4	poi4			
5175	胚	#N/A	#N/A	#N/A	#N/A	#N/A	#N/A	#N/A	pʰ	uɔi	33	6	pʰuɔi33	p	uoi	1	5	puoi1			
5176	俳	並	蟹	皆	開	二	平	幫	pʰ	ɔi	22	5	pʰɔi22	p	oi	4	4	poi4			
5177	裴	並	蟹	灰	合	一	平	幫	pʰ	uɔi	22	6	pʰuɔi22	p	uoi	4	5	puoi4			
5178	隙	溪	梗	庚	開	三	入	見	kʰ	ɐt	55	5	kʰɐt55	k	at	7	4	kat7			
5179	竭	羣	山	元	開	三	入	見	k	ɐt	32	4	kɐt32	g	at	6	4	gat6	本讀，「竭澤而漁」		
5180	竭	羣	山	元	開	三	入	見	k	it	32	4	kit32	g	it	9	4	git9	訓讀，濃稠：「好竭」丨四字詞 「竭(kit32)tut11竭(kit32)tut115（形容濃稠的狀態）」		
5181	竭	羣	山	元	開	三	入	見	k	it	33	4	kit33	g	it	8	4	git8	訓讀，副詞，修飾顏色：「黃(ʋɔŋ22)kit33啊(ʔa33)」		
5182	蠍	曉	山	元	開	三	入	影	kʰ	ɐt	55	5	kʰɐt55	k	at	7	4	kat7			
5183	抉	見	山	先	合	四	入	見	kʰ	ut	55	5	kʰut55	k	ut	7	4	kut7			
5184	決	曉	山	先	合	四	入	影	kʰ	ut	55	5	kʰut55	k	ut	7	4	kut7			
5185	蕨	見	山	元	合	三	入	見	k	ut	55	4	kut55	g	ut	7	4	gut7			
5186	獗	#N/A	#N/A	#N/A	#N/A	#N/A	#N/A	#N/A	kʰ	ut	55	5	kʰut55	k	ut	7	4	kut7			
5187	撅	見	山	元	合	三	入	見	kʰ	ut	55	5	kʰut55	k	ut	7	4	kut7			
5188	闕	溪	山	元	合	三	入	見	kʰ	ut	55	5	kʰut55	k	ut	7	4	kut7			
5189	訣	見	山	先	合	四	入	見	kʰ	ut	55	5	kʰut55	k	ut	7	4	kut7	本讀，「訣別」		
5190	訣	見	山	先	合	四	入	見	kʰ	ut	11	5	kʰut11	k	ut	10	4	kut10	變調，「口訣」		
5191	邳	並	止	脂B	開	三	平	幫	pʰ	ei	55	5	pʰei55	p	ei	2	4	pei2			
5192	婢	並	止	支A	開	三	上	幫	pʰ	ei	11	5	pʰei11	p	ei	5	4	pei5			
5193	簷	以	咸	鹽A	開	三	平	以	s	iɛm	22	5	siɛm22	s	iem	4	5	siem4			
5194	殆	定	蟹	咍	開	一	上	端	ʔ	uɔi	32	5	ʔuɔi32		uoi	6	4	uoi6			
5195	怠	定	蟹	咍	開	一	上	端	ʔ	uɔi	32	5	ʔuɔi32		uoi	6	4	uoi6			
5196	嚅	日	遇	虞	合	三	平	日	j	i	22	3	ji22	j	i	4	3	ji4			
5197	孺	日	遇	虞	合	三	去	日	j	i	22	3	ji22	j	i	4	3	ji4			
5198	蠕	#N/A	#N/A	#N/A	#N/A	#N/A	#N/A	#N/A	j	i	22	3	ji22	j	i	4	3	ji4			
5199	骯	匣	宕	唐	開	一	上	影	ʔ	ɔŋ	33	4	ʔɔŋ33		ong	1	4	ong1			
5200	昂	疑	宕	唐	開	一	平	見	ŋ	ɔŋ	22	4	ŋɔŋ22	ng	ong	4	6	ngong4	本讀，「昂首」		
5201	昂	疑	宕	唐	開	一	平	見	ŋ	ɔŋ	55	4	ŋɔŋ55	ng	ong	2	6	ngong2	變調，動詞，後仰：「反昂」		
5202	愕	疑	宕	唐	開	一	入	見	ŋ	ɔk	55	4	ŋɔk55	ng	ok	7	5	ngok7			
5203	堊	影	宕	唐	開	一	入	影	ʔ	ɔk	55	4	ʔɔk55		ok	7	3	ok7			
5204	哀	影	蟹	咍	開	一	平	影	ʔ	uɔi	33	5	ʔuɔi33		uoi	1	4	uoi1			
5205	皚	疑	蟹	咍	開	一	平	見	ŋ	uɔi	22	5	ŋuɔi22	ng	uoi	4	6	nguoi4			
5206	藹	影	蟹	泰	開	一	去	影	ʔ	uɔi	55	5	ʔuɔi55		uoi	2	4	uoi2			
5207	吭	匣	宕	唐	開	一	平	影	h	aŋ	33	4	haŋ33	h	aang	1	6	haang1	「吭聲」		
5208	吭	匣	宕	唐	開	一	平	影	h	ɔŋ	22	4	hɔŋ22	h	ong	4	5	hong4	「引吭」		
5209	筐	溪	宕	陽	合	三	平	見	kʰ	ɔŋ	33	5	kʰɔŋ33	k	ong	1	5	kong1			
5210	框	溪	宕	陽	合	三	平	見	kʰ	ɔŋ	33	5	kʰɔŋ33	k	ong	1	5	kong1	文讀，「條框」		
5211	框	溪	宕	陽	合	三	平	見	kʰ	aŋ	55	5	kʰaŋ55	k	aang	2	6	kaang2	白讀，「籮筐」		
5212	框	溪	宕	陽	合	三	平	見	kʰ	ɐn	55	5	kʰɐn55	k	an	2	4	kan2	訓讀，裝餸的不鏽鋼兜，粵語的pʰaŋ55：「一個框」		
5213	膛	#N/A	#N/A	#N/A	#N/A	#N/A	#N/A	#N/A	h	ɔŋ	22	4	hɔŋ22	h	ong	4	5	hong4	準備就緒：「裝便(pɐn32)膛」		
5214	趟	知	梗	庚	開	二	平	知	h	ɔŋ	33	4	hɔŋ33	h	ong	1	5	hong1			
5215	倘	#N/A	#N/A	#N/A	#N/A	#N/A	#N/A	#N/A	h	ɔŋ	55	4	hɔŋ55	h	ong	2	5	hong2			
5216	淌	#N/A	#N/A	#N/A	#N/A	#N/A	#N/A	#N/A	h	ɔŋ	55	4	hɔŋ55	h	ong	2	5	hong2			
5217	熨	影	臻	文	合	三	入	影	ʋ	un	32	4	ʋun32	v	un	6	4	vun6	本讀，「熨斗」		
5218	熨	影	臻	文	合	三	入	影	h	ɔŋ	33	4	hɔŋ33	h	ong	1	5	hong1	訓讀，「熨斗」		
5219	炕	曉	宕	唐	開	一	平	影	kʰ	ɔŋ	33	5	kʰɔŋ33	k	ong	1	5	kong1	{1}長條木質座椅、床：「炕床」；{2}烘焙、加熱：「炕包(pau33)（烘烤過的包子，如菠蘿包）」		
5220	叨	透	效	豪	開	一	平	端	ʔ	au	33	4	ʔau33		aau	1	4	aau1	文讀，「叨光」		
5221	叨	透	效	豪	開	一	平	端	t	au	32	4	tau32	d	aau	6	5	daau6	白讀，吵鬧：「嘮(lau22)叨」		
5222	禱	端	效	豪	開	一	上	端	h	au	55	4	hau55	h	aau	2	5	haau2			
5223	蒿	曉	效	豪	開	一	平	影	h	au	33	4	hau33	h	aau	1	5	haau1			
5224	褐	匣	山	寒	開	一	入	影	h	uɔt	32	5	huɔt32	h	uot	6	5	huot6			
5225	絛	透	效	豪	開	一	平	端	h	au	33	4	hau33	h	aau	1	5	haau1			
5226	荼	定	遇	模	開	一	平	端	h	ou	22	4	hou22	h	ou	4	4	hou4	如火如荼		
5227	窘	羣	臻	真B	合	三	上	見	kʰ	un	33	5	kʰun33	k	un	1	4	kun1			
5228	豁	曉	山	寒	合	一	入	影	kʰ	uɔt	33	6	kʰuɔt33	k	uot	8	5	kuot8			
5229	癩	來	蟹	泰	開	一	去	來	l	ɔi	32	4	lɔi32	l	oi	6	4	loi6			
5230	籟	來	蟹	泰	開	一	去	來	l	ɔi	32	4	lɔi32	l	oi	6	4	loi6			
5231	邐	來	止	支A	開	三	上	來	l	ei	11	4	lei11	l	ei	5	4	lei5			
5232	捩	來	山	先	開	四	入	來	l	ɐt	32	4	lɐt32	l	at	9	4	lat9	本讀，「轉捩點」		
5233	捩	來	山	先	開	四	入	來	l	ɔi	55	4	lɔi55	l	oi	2	4	loi2	訓讀，扭轉：「捩轉頭」丨「捩轉身」		
5234	戾	來	蟹	齊	開	四	去	來	l	ui	32	4	lui32	l	ui	6	4	lui6			
5235	忱	常	深	侵A	開	三	平	章	s	əm	22	4	səm22	s	eam	4	5	seam4			
5236	沁	清	深	侵A	開	三	去	精	ɬ	im	55	4	ɬim55	sl	im	2	5	slim2			
5237	噬	常	蟹	祭A	開	三	去	章	s	ɔi	32	4	sɔi32	s	oi	6	4	soi6			
5238	煞	生	山	山	開	二	入	莊	s	ɔt	33	4	sɔt33	s	ot	8	4	sot8			
5239	梢	生	效	肴	開	二	平	莊	s	au	33	4	sau33	s	aau	1	5	saau1			
5240	霎	生	咸	鹽B	開	三	入	莊	s	ap	33	4	sap33	s	aap	8	5	saap8			
5241	噏	曉	深	侵B	開	三	入	影	ŋ	ap	33	4	ŋap33	ng	aap	8	6	ngaap8	胡說：「亂噏」		
5242	齧	疑	山	先	開	四	如	見	ŋ	ɔt	32	4	ŋɔt32	ng	ot	9	5	ngot9	咬，貶義，用語罵人：「你討乃飯去齧耶」		
5243	嚙	疑	山	先	開	四	如	見	ŋ	ɔt	32	4	ŋɔt32	ng	ot	9	5	ngot9	咬，貶義，用語罵人：「你討乃飯去嚙耶」		
5244	吮	船	臻	諄	合	三	上	章	s	uɔn	11	5	suɔn11	s	uon	5	5	suon5	吸：「吮淨個盤」		
5245	戥	#N/A	#N/A	#N/A	#N/A	#N/A	#N/A	#N/A	ʔ	aŋ	32	4	ʔaŋ32		aang	6	5	aang6	本讀，{1}替：「我戥你開心」；{2}動詞，附和：「戥尐(nit551)聲(siɐŋ115)（發出附和的那點聲音）」；{3}動詞，附帶：「你戥埋佢來撈啦」		
5246	梔	章	止	支A	開	三	平	章	ts	i	33	4	tsi33	z	i	1	3	zi1			
5247	屙	影	果	歌	開	一	平	影	ʔ	ou	33	4	ʔou33		ou	1	3	ou1			
5248	蕹	#N/A	#N/A	#N/A	#N/A	#N/A	#N/A	#N/A	j	əŋ	33	4	jəŋ33	j	eang	1	6	jeang1	空心菜：「蕹菜(tʰuɔi11)」		
5249	痣	章	止	之	開	三	去	章	ts	i	33	4	tsi33	z	i	1	3	zi1			
5250	癦	#N/A	#N/A	#N/A	#N/A	#N/A	#N/A	#N/A	m	ak	11	4	mak11	m	aak	10	5	maak10			
5251	毓	以	通	東	開	三	入	以	j	ək	55	4	jək55	j	eak	7	5	jeak7			
5252	痄	莊	假	麻	開	二	去	莊	ts	a	33	4	tsa33	z	aa	1	4	zaa1	「痄腮(ɬuɔi11)」		
5253	搵	影	臻	文	合	三	上	影	f	un	55	4	fun55	f	un	2	4	fun2	本讀，尋找：「搵人」		
5254	搵	影	臻	文	合	三	上	影	ʋ	un	55	4	ʋun55	v	un	2	4	vun2	變調，慣讀：「搵人」		
5255	摷	莊	效	肴	開	二	平	莊	tsʰ	au	33	6	tsʰau33	c	aau	1	5	caau1	掀開、翻找：「煮飯你要摷起呢菜，佢講唔燶」丨「摷番乃文件」		
5256	搊	莊	遇	虞	合	三	平	莊	tsʰ	au	33	6	tsʰau33	c	aau	1	5	caau1	掀開、翻找：「搊翻張屋契出來」		
5257	汨	明	梗	青	開	四	入	幫	m	ɐt	32	4	mɐt32	m	at	9	4	mat9			
5258	冪	明	梗	青	開	四	入	幫	m	ɐt	32	4	mɐt32	m	at	9	4	mat9			
5259	蚺	日	咸	鹽A	開	三	平	日	ŋ	iɛm	22	5	ŋiɛm22	ng	iem	4	6	ngiem4	壁虎：「蚺蛇」		
5260	塱	#N/A	#N/A	#N/A	#N/A	#N/A	#N/A	#N/A	l	ɔŋ	11	4	lɔŋ11	l	ong	5	5	long5	水邊低地：「塱」丨「塱田（水邊低田）」		
5261	畀	幫	止	脂A	開	三	去	幫	ʔ	ei	55	4	ʔei55		ei	2	3	ei2	{1}給：「畀你」；{2}有時候：「畀時(si22)」		
5262	甑	精	曾	蒸	開	三	去	精	t	aŋ	11	4	taŋ11	d	aang	5	6	daang5			
5263	罾	精	曾	登	開	一	平	精	t	aŋ	33	4	taŋ33	d	aang	1	6	daang1	漁網		
5264	睇	透	蟹	齊	開	四	上	端	h	ɔi	55	4	hɔi55	h	oi	2	4	hoi2	{1}可能：「睇能」丨「睇過(kuɔ33)」；{2}即將：「睇緊」；{3}代指看醫生：「我唔舒服，去睇下」；{4}結賬：「睇數(sou33)」		
5265	桁	匣	梗	庚	開	二	平	影	h	aŋ	11	4	haŋ11	h	aang	5	6	haang5			
5266	鵠	匣	通	冬	開	一	入	影	k	ək	55	4	kək55	g	eak	7	5	geak7			
5267	鑊	匣	宕	唐	合	一	入	影	ʋ	ɔk	11	4	ʋɔk11	v	ok	10	4	vok10	鍋：「鑊耳（鍋的把手）」		
5268	藠	#N/A	#N/A	#N/A	#N/A	#N/A	#N/A	#N/A	kʰ	iɐu	11	6	kʰiɐu11	k	iau	5	5	kiau5	蕗蕎：「藠頭(hai225)」		
5269	扛	見	江	江	開	二	平	見	k	ɔŋ	33	4	kɔŋ33	g	ong	1	5	gong1	端，用於不大的器皿：「扛碗」丨「扛餸籃」		
5270	槨	見	宕	唐	合	一	入	見	kʰ	ɔk	33	5	kʰɔk33	k	ok	8	4	kok8			
5271	鷯	來	效	宵A	開	三	去	來	l	iɐu	32	5	liɐu32	l	iau	6	5	liau6	鸚鵡：「鷯哥」		
5272	賃	孃	深	侵B	開	三	去	知	ŋ	im	32	4	ŋim32	ng	im	6	5	ngim6			
5273	瀧	來	通	東	開	一	平	來	l	əŋ	22	4	ləŋ22	l	eang	4	6	leang4	「奔瀧」		
5274	瀧	生	江	江	開	二	平	莊	s	ɔŋ	33	4	sɔŋ33	s	ong	1	5	song1	地名，「瀧水」		
5275	輦	来	山	仙A	開	三	上	来	l	in	11	4	lin11	l	in	5	4	lin5			
5276	輦	来	山	仙A	開	三	上	来	l	ɐn	11	4	lɐn11	l	an	5	4	lan5			
5277	罅	曉	假	麻	開	二	去	見	l	a	11	3	la11	l	aa	5	4	laa5	形容打麻將時卡窿情況多：四字詞 「卡(kʰa55)窿卡(kʰa55)罅」		
5278	蜆	曉	山	先	開	四	上	影	h	ɐn	55	4	hɐn55	h	an	2	4	han2			
5279	搇	#N/A	#N/A	#N/A	#N/A	#N/A	#N/A	#N/A	k	im	32	4	kim32	g	im	6	4	gim6	按：「搇掣」		
5280	撳	#N/A	#N/A	#N/A	#N/A	#N/A	#N/A	#N/A	k	im	32	4	kim32	g	im	6	4	gim6	按：「撳掣」		
5281	㷫	#N/A	#N/A	#N/A	#N/A	#N/A	#N/A	#N/A	h	ɐn	33	4	hɐn33	h	an	1	4	han1	{1}形容詞，熱：「天時㷫」；{2}動詞，加熱：「㷫焫乃豬肉佢」		
5282	焫	日	山	仙A	合	三	入	日	n	ɔt	33	4	nɔt33	n	ot	8	4	not8	{1}形容詞，溫度高：「部電視好焫」；{2}動詞，加熱：「用個火柴鐖(kɔi335)焫蕉佢」；{3}副詞，修飾恨，對錯過的事物感到極度可惜和悲憤：「恨焫焫」		
5283	鄺	曉	宕	唐	合	一	平	見	kʰ	ɔŋ	33	5	kʰɔŋ33	k	ong	1	5	kong1	習讀，「鄺姓」		
5284	鄺	曉	宕	唐	合	一	平	見	f	ɔŋ	33	4	fɔŋ33	f	ong	1	5	fong1	舊讀，「鄺姓」		
5285	髹	曉	流	尤	開	三	平	見	j	iu	22	4	jiu22	j	iu	4	4	jiu4	「髹漆」		
5286	瓤	孃	宕	陽	開	三	平	知	n	ɔŋ	22	4	nɔŋ22	n	ong	4	5	nong4	瓜裡面的帶核的肉：「瓜瓤」		
5287	腩	泥	咸	覃	開	一	上	端	n	am	11	4	nam11	n	aam	5	5	naam5	腹上肥肉也：「肚腩」		
5288	孖	精	止	之	開	三	平	精	m	a	33	3	ma33	m	aa	1	4	maa1			
5289	薺	從	止	脂A	開	三	平	精	tʰ	ei	11	5	tʰei11	t	ei	5	4	tei5	荸薺：「馬(ma33)薺(tʰei115)」		
5290	謨	明	遇	模	開	一	平	幫	m	ou	22	4	mou22	m	ou	4	4	mou4			
5291	襠	端	宕	唐	開	一	平	端	n	ɔŋ	32	4	nɔŋ32	n	ong	6	5	nong6	本讀，「褲襠」		
5292	襠	端	宕	唐	開	一	平	端	n	ɔŋ	11	4	nɔŋ11	n	ong	5	5	nong5	變調，「一個襠」		
5293	痂	見	假	麻	開	二	平	見	k	a	11	3	ka11	g	aa	5	4	gaa5			
5294	薊	見	蟹	齊	開	四	去	見	k	ɔi	33	4	kɔi33	g	oi	1	4	goi1			
5295	屐	羣	梗	庚	開	三	入	見	kʰ	iɐk	11	6	kʰiɐk11	k	iak	10	5	kiak10	鞋：「雪屐（溜冰鞋）」丨「一對屐」		
5296	潷	幫	臻	真B	開	三	入	幫	p	ei	33	4	pei33	b	ei	1	4	bei1	過濾：「潷渣(tsa11)」丨「潷水」		
5297	潸	生	山	刪	開	二	平	莊	s	ɔn	33	4	sɔn33	s	on	1	4	son1			
5298	呷	曉	咸	銜	開	二	入	影	h	ap	33	4	hap33	h	aap	8	5	haap8	大口地喝：「呷碗湯」丨「呷醋（吃醋）」		
5299	腌	影	咸	鹽B	開	三	入	影	j	iɛp	33	5	jiɛp33	j	iep	8	5	jiep8			
5300	髀	幫	止	支A	開	三	上	幫	p	ei	55	4	pei55	b	ei	2	4	bei2	小腿的肌肉：「腳(kik33)髀囊(nɔŋ11)」丨四字詞 「巢(tsʰau22)皮(pʰei22)蜢(maŋ55)髀（形容東西很老很皺）」		
5301	豢	匣	山	刪	合	二	去	影	ʋ	ɔn	32	4	ʋɔn32	v	on	6	4	von6			
5302	謚	船	止	脂A	開	三	去	章	s	i	33	3	si33	s	i	1	3	si1			
5303	冧	#N/A	#N/A	#N/A	#N/A	#N/A	#N/A	#N/A	l	əm	33	4	ləm33	l	eam	1	5	leam1	倒塌：「冧樓(lai225)」		
5304	炷	章	遇	虞	合	三	上	章	ts	i	11	4	tsi11	z	i	5	3	zi5	本讀，香火的量詞，「一炷香」		
5305	炷	章	遇	虞	合	三	去	章	ts	i	32	4	tsi32	z	i	6	3	zi6	變調，「一炷香」		
5306	炷	章	遇	虞	合	三	去	章	ts	i	33	4	tsi33	z	i	1	3	zi1	變調，動詞，上香：「炷香」		
5307	唁	疑	山	仙B	開	三	去	見	ŋ	ɐn	32	4	ŋɐn32	ng	an	6	5	ngan6			
5308	凼	#N/A	#N/A	#N/A	#N/A	#N/A	#N/A	#N/A	h	am	11	4	ham11	h	aam	5	5	haam5			
5309	詡	曉	遇	虞	合	三	上	影	h	ui	55	4	hui55	h	ui	2	4	hui2			
5310	鯪	來	曾	蒸	開	三	平	來	l	iɐŋ	22	5	liɐŋ22	l	iang	4	6	liang4			
5311	糝	心	咸	覃	開	一	上	精	ɬ	am	55	4	ɬam55	sl	aam	2	6	slaam2	本讀，{1}動物的糧食：「豬糝」丨「狗糝」；{2}流汗多，汗流浹背：四字詞 「汗流炸糝」		
5312	糝	心	咸	覃	開	一	上	精	ɬ	əm	55	4	ɬəm55	sl	eam	2	6	sleam2	白讀，動詞，灑：「糝水」丨「糝秧苗」丨「糝粉」		
5313	領	來	梗	清A	開	三	上	來	l	ɐn	11	4	lɐn11	l	an	5	4	lan5	文讀，「領軍」		
5314	領	來	梗	清A	開	三	上	來	l	iɐŋ	11	5	liɐŋ11	l	iang	5	6	liang5	白讀，「領導」丨「紅領巾」丨「領取」		
5315	領	來	梗	清A	開	三	上	來	l	iɐŋ	33	5	liɐŋ33	l	iang	1	6	liang1	白讀，動詞，領取：「領米」丨「領錢」		
5316	漖	#N/A	#N/A	#N/A	#N/A	#N/A	#N/A	#N/A	k	au	33	4	kau33	g	aau	1	5	gaau1	同「窖」		
5317	罯	影	咸	覃	開	一	入	影	ʔ	ap	33	4	ʔap33		aap	8	4	aap8	敷藥：「俾乃藥罯下就好啊(ʔa33)咯」		
5318	揸	#N/A	#N/A	#N/A	#N/A	#N/A	#N/A	#N/A	ts	a	33	4	tsa33	z	aa	1	4	zaa1	{1}拿：「揸緊」；{2}量詞，一堆：「一揸米」		
5319	罉	#N/A	#N/A	#N/A	#N/A	#N/A	#N/A	#N/A	tsʰ	aŋ	33	6	tsʰaŋ33	c	aang	1	6	caang1	較深的廚房器皿：「銻罉(tsʰaŋ335)」		
5320	罉	#N/A	#N/A	#N/A	#N/A	#N/A	#N/A	#N/A	tsʰ	aŋ	11	6	tsʰaŋ11	c	aang	5	6	caang5	變調，量詞，修飾器皿：「一罉酒」丨「一罉尿」		
5321	覡	匣	梗	青	開	四	入	影	s	aŋ	11	4	saŋ11	s	aang	5	6	saang5	訓讀，算命婆：「覡婆(pou115)」丨四字詞「 覡婆(pou11)鬼乸（專指幫人算命的女性）」		
5322	梟	見	效	蕭	開	四	平	見	h	iɐu	33	5	hiɐu33	h	iau	1	5	hiau1			
5323	鴞	云	效	宵B	開	三	平	影	h	iɐu	33	5	hiɐu33	h	iau	1	5	hiau1			
5324	萼	疑	宕	唐	開	一	入	見	ŋ	ɔk	55	4	ŋɔk55	ng	ok	7	5	ngok7			
5325	鍔	疑	宕	唐	開	一	入	見	ŋ	ɔk	55	4	ŋɔk55	ng	ok	7	5	ngok7			
5326	鶚	疑	宕	唐	開	一	入	見	ŋ	ɔk	55	4	ŋɔk55	ng	ok	7	5	ngok7			
5327	榫	#N/A	#N/A	#N/A	#N/A	#N/A	#N/A	#N/A	ɬ	un	55	4	ɬun55	sl	un	2	5	slun2			
5328	乸	#N/A	#N/A	#N/A	#N/A	#N/A	#N/A	#N/A	n	a	55	3	na55	n	aa	2	4	naa2	{1}形容一個人很大膽：四字詞 「大膽狗乸」；{2}四字詞「 覡婆(pou11)鬼乸」：專指幫人算命的女性		
5329	掟	定	梗	青	開	四	去	端	ʔ	iɐŋ	33	5	ʔiɐŋ33		iang	1	5	iang1	拋：「掟石牯」		
5330	汩	云	臻	真B	合	三	入	影	k	ut	55	4	kut55	g	ut	7	4	gut7			
5331	嗗	影	山	山	合	二	入	影	k	uɔt	11	5	kuɔt11	g	uot	10	5	guot10	喝水的吞嚥聲：「嗗嗗啊(ʔa11)吞落去」		
5332	皖	匣	山	刪	合	二	上	影	f	uɔn	55	5	fuɔn55	f	uon	2	5	fuon2			
5333	鱅	常	通	鍾	開	三	平	章	s	əŋ	22	4	səŋ22	s	eang	4	6	seang4	「鱅魚(ŋui22)」		
5334	盥	見	山	寒	合	一	上	見	f	uɔn	55	5	fuɔn55	f	uon	2	5	fuon2			
5335	攢	從	山	寒	合	一	去	精	tʰ	un	22	5	tʰun22	t	un	4	4	tun4	全盒：「攢盒」		
5336	脢	明	蟹	灰	合	一	平	幫	m	uɔi	22	5	muɔi22	m	uoi	4	5	muoi4	豬的肩部肉：「脢頭(hai22)」		
5337	有	云	流	尤	開	三	上	影	j	iu	11	4	jiu11	j	iu	5	4	jiu5	文讀，「擁有」		
5338	有	云	流	尤	開	三	上	影	j	iu	33	4	jiu33	j	iu	1	4	jiu1	白讀，{1}形容每個人都有不同的習慣、信仰、選擇等等，又同「各了各人」：四字詞 「各(kɔk33)有(jiu33)各(kɔk33)人」；{2}有人陪伴、成群結隊：四字詞 「有(jiu33)伴(pʰuɔn11)有(jiu33)堆(ʔui32)」		
5339	睨	疑	蟹	齊	開	四	去	見	ŋ	ɔi	32	4	ŋɔi32	ng	oi	6	5	ngoi6	本讀，「睥睨」		
5340	睨	疑	蟹	齊	開	四	去	見	k	ai	11	4	kai11	g	aai	5	5	gaai5	訓讀，不懷好意地斜視：「睨住你」丨「眼睨睨」		
5341	睥	滂	蟹	齊	開	四	去	幫	pʰ	ei	11	5	pʰei11	p	ei	5	4	pei5			
5342	陟	知	曾	蒸	開	三	入	知	ts	ɐt	55	5	tsɐt55	z	at	7	4	zat7			
5343	燶	#N/A	#N/A	#N/A	#N/A	#N/A	#N/A	#N/A	n	əŋ	33	4	nəŋ33	n	eang	1	6	neang1	本讀，{1}燒焦：「碗麵煮燶啊」；{2}植物枯萎：「蔸樹燶啊(ʔa33)」		
5344	燶	#N/A	#N/A	#N/A	#N/A	#N/A	#N/A	#N/A	n	əŋ	11	4	nəŋ11	n	eang	5	6	neang5	變調，名詞，鍋巴：「燶粥（指「用水泡開過的鍋巴）」丨「燶kiɛt55（用燶捏成的橢圓狀食物）」		
5345	腍	日	深	侵A	開	三	上	日	n	əm	22	4	nəm22	n	eam	4	5	neam4	軟：「肚腩好腍」		
5346	淰	泥	咸	添	開	四	上	端	n	əm	32	4	nəm32	n	eam	6	5	neam6	潮濕的：「南風天間屋淰嗮」		
5347	淰	泥	咸	添	開	四	上	端	n	əm	33	4	nəm33	n	eam	1	5	neam1	發霉的：「呢湯水淰淰哋」丨「有條淰味」		
5348	攨	影	假	麻	合	二	去	影	ʋ	a	55	3	ʋa55	v	aa	2	4	vaa2	{1}抓：「攨損你」；{2}耙：「一個攨」；{3}混亂、臨急抱佛腳：「攨攨糊」；{4}手忙腳亂，不知所措的樣子：四字詞 「冇(mau33)爬冇(mau33)攨」		
5349	魑	徹	止	支B	開	三	平	知	tsʰ	ei	33	6	tsʰei33	c	ei	1	4	cei1			
5350	螭	徹	止	支B	開	三	平	知	tsʰ	ei	33	6	tsʰei33	c	ei	1	4	cei1			
5351	蠹	端	遇	模	開	一	去	端	ʔ	au	32	4	ʔau32		aau	6	4	aau6			
5352	磡	溪	咸	覃	開	一	去	見	h	am	33	4	ham33	h	aam	1	5	haam1			
5353	糅	娘	流	尤	開	三	去	知	ŋ	iɐu	22	5	ŋiɐu22	ng	iau	4	6	ngiau4			
5354	冼	#N/A	#N/A	#N/A	#N/A	#N/A	#N/A	#N/A	ɬ	ɐn	55	4	ɬɐn55	sl	an	2	5	slan2			
5355	沕	明	臻	真B	開	三	入	幫	m	ei	32	4	mei32	m	ei	6	4	mei6	彎腰、下探：「沕低」丨「沕水（潛水）」		
5356	磔	知	梗	庚	開	二	入	知	ts	ak	32	5	tsak32	z	aak	9	5	zaak9			
5357	矺	知	梗	耕	開	二	入	知	ts	ak	33	5	tsak33	z	aak	8	5	zaak8	壓住：「矺死你」		
5358	涎	邪	山	仙A	開	三	平	精	j	iɛn	22	5	jiɛn22	j	ien	4	5	jien4			
5359	搋	徹	蟹	皆	開	二	平	知	tsʰ	ɔi	33	6	tsʰɔi33	c	oi	1	4	coi1	{1}搓：「搋糍」；{2}形容人的皮膚很黃：四字詞 「黃(ʋɔŋ22)糖搋(tsʰɔi33)粉」		
5360	霅	章	咸	鹽A	開	三	入	章	s	iɛp	33	5	siɛp33	s	iep	8	5	siep8	閃電：「天(hɐn33)霅」		
5361	躐	來	咸	鹽A	開	三	入	來	l	ap	33	4	lap33	l	aap	8	5	laap8	跨：「躐過去」		
5362	篆	澄	山	仙B	合	三	上	知	ɬ	un	32	4	ɬun32	sl	un	6	5	slun6			
5363	罡	#N/A	#N/A	#N/A	#N/A	#N/A	#N/A	#N/A	k	ɔŋ	33	4	kɔŋ33	g	ong	1	5	gong1			
5364	櫳	來	通	東	開	一	平	來	l	əŋ	22	4	ləŋ22	l	eang	4	6	leang4	趟櫳：「走櫳(ləŋ225)」		
5365	挈	溪		先	開	四	入	見	h	ɐt	55	4	hɐt55	h	at	7	4	hat7	提攜：「帶挈(ʔɔi33)」		
5366	餿	生	流	尤	開	三	平	莊	ɬ	ək	55	4	ɬək55	sl	eak	7	6	sleak7	菜莖放置太久導致產生腐敗的最外面的一截：「餿口」		
5367	嗲	#N/A	#N/A	#N/A	#N/A	#N/A	#N/A	#N/A	ʔ	iɛ	55	4	ʔiɛ55		ie	2	3	ie2			
5368	煨	影	蟹	灰	合	一	平	影	ʋ	uɔi	33	5	ʋuɔi33	v	uoi	1	5	vuoi1			
5369	奩	#N/A	#N/A	#N/A	#N/A	#N/A	#N/A	#N/A	l	əm	22	4	ləm22	l	eam	4	5	leam4			
5370	焊	曉	山	寒	開	一	上	見	h	uɔn	32	5	huɔn32	h	uon	6	5	huon6			
5371	泮	滂	山	寒	開	一	去	幫	pʰ	uɔn	22	6	pʰuɔn22	p	uon	4	5	puon4			
5372	篦	幫	蟹	齊	開	四	平	幫	p	ei	32	4	pei32	b	ei	6	4	bei6			
5373	瀛	以	梗	清A	開	三	平	以	j	iŋ	22	4	jiŋ22	j	iing	4	6	jiing4			
5374	芪	群	止	支A	開	三	平	見	kʰ	ei	22	5	kʰei22	k	ei	4	4	kei4			
5375	耆	群	止	脂A	開	三	平	見	kʰ	ei	22	5	kʰei22	k	ei	4	4	kei4			
5376	轆	來	通	東	開	一	入	來	l	ək	55	4	lək55	l	eak	7	5	leak7			
5377	癆	來	效	豪	開	一	去	來	l	au	22	4	lau22	l	aau	4	5	laau4	本讀，病人：四字詞 「瘦蜢(maŋ55)鬼勞（指人非常瘦，同「骨瘦如柴」）」		
5378	癆	來	效	豪	開	一	去	來	l	au	11	4	lau11	l	aau	5	5	laau5	變調，名詞，{1}疿子：「生癆(lau115)（長疿子）」；{2}被火烤過的黑色痕跡：「火癆」		
5379	篡	初	山	刪	合	二	去	莊	s	ɔn	33	4	sɔn33	s	on	1	4	son1			
5380	痔	澄	止	之	開	三	上	知	ts	i	32	4	tsi32	z	i	6	3	zi6			
5381	嘢	#N/A	#N/A	#N/A	#N/A	#N/A	#N/A	#N/A	j	iɛ	33	4	jiɛ33	j	ie	1	4	jie1	「好嘢」丨「有嘢」丨「一嘢打死你」		
5382	嘢	#N/A	#N/A	#N/A	#N/A	#N/A	#N/A	#N/A	n	iɛ	33	4	niɛ33	n	ie	1	4	nie1	名詞，東西、物件：「田(hɐn22)嘢(niɛ33)」		
5383	嘢	#N/A	#N/A	#N/A	#N/A	#N/A	#N/A	#N/A	n	iɛ	11	4	niɛ11	n	ie	5	4	nie5	名詞，東西、物件：「田(hɐn22)嘢(niɛ11)」		
5384	䟃	#N/A	#N/A	#N/A	#N/A	#N/A	#N/A	#N/A	tsʰ	ək	33	6	tsʰək33	c	eak	8	5	ceak8	奔波、急忙地奔跑：「tsʰək33過去俾前」丨「唔使tsʰək33，大把時間」		
5385	戥	#N/A	#N/A	#N/A	#N/A	#N/A	#N/A	#N/A	ʔ	aŋ	33	4	ʔaŋ33		aang	1	5	aang1	訓讀，{1}連詞，和：「你ʔaŋ33佢都唔係好人」；{2}副詞，還：「你ʔaŋ33唔吃飯我就唔理你」；{3}副詞，待會：「ʔaŋ33歇啊(ʔa11)」		
5386	斷	#N/A	#N/A	#N/A	#N/A	#N/A	#N/A	#N/A	t	uɔn	55	5	tuɔn55	d	uon	2	5	duon2	訓讀，歎詞，糟糕、完蛋啦：「該(kuɔi33) tuɔn55」		
5387	鑽	精	山	寒	合	一	平	精	t	uɔn	33	5	tuɔn33	d	uon	1	5	duon1	本讀，{1}「鑽開」；{2}形容詞，薄荷等對口腔刺激帶來的感覺：「香口膠好鑽」；{3}動詞，刺激牙齒：「話梅鑽啊(ʔa55)個牙」		
5388	鑽	精	山	寒	合	一	平	精	t	uɔn	11	5	tuɔn11	d	uon	5	5	duon5	變調，名詞：泥鰍：「泥(nɔi22)鑽」		
5389	蠄	#N/A	#N/A	#N/A	#N/A	#N/A	#N/A	#N/A	kʰ	a	22	4	kʰa22	k	aa	4	4	kaa4	蜘蛛：「蠄蟧」		
5390	蟧	來	效	豪	開	一	平	來	l	au	11	4	lau11	l	aau	5	5	laau5	蜘蛛：「蠄蟧」		
5391	曱	#N/A	#N/A	#N/A	#N/A	#N/A	#N/A	#N/A	kʰ	a	22	4	kʰa22	k	aa	4	4	kaa4	蟑螂：「曱甴」		
5392	甴	#N/A	#N/A	#N/A	#N/A	#N/A	#N/A	#N/A	tʰ	ɔt	11	5	tʰɔt11	t	ot	10	4	tot10	蟑螂：「曱甴」		
5393	啐	#N/A	#N/A	#N/A	#N/A	#N/A	#N/A	#N/A	t	ut	11	4	tut11	d	ut	10	4	dut10	訓讀，{1}名稱，指代方位：「該(kʰuɔi11)tut115（這裡）」丨「窮tut115（那裡）」；{2}修飾形容詞或動詞的助詞，用於疊字後或兩個相同單字之間：四字詞 「竭(kit32)tut11竭(kit32)tut115（形容濃稠的狀態）」丨「竭(kit32)竭(kit32)tut115」		
5394	噊	#N/A	#N/A	#N/A	#N/A	#N/A	#N/A	#N/A	n	ut	33	4	nut33	n	ut	8	4	nut8	訓讀，修飾形容詞的助詞：「好nut33啊(ʔa33)」丨「聽教nut3啊(ʔa33)（很聽話）」		
5395	揌	心	蟹	咍	開	一	平	精	tʰ	ei	33	5	tʰei33	t	ei	1	4	tei1	動詞，塞：「揌塊紙巾入去」		
5396	派	#N/A	#N/A	#N/A	#N/A	#N/A	#N/A	#N/A	pʰ	aŋ	33	5	pʰaŋ33	p	aang	1	6	paang1	訓讀，{1}動詞，派發：「pʰaŋ33豬肉」；{2}名稱，分與取，引申為分寸：「pʰaŋ33 刨」丨「有pʰaŋ33 刨（有分寸）」		
5397	吽	曉	流	侯	開	一	上	影	ŋ	ai	32	4	ŋai32	ng	aai	6	6	ngaai6	{1}笨蠢傻：「睇你就吽啊(ʔa33)」丨「成個吽雞(kɔi335)箇」丨「吽洗啊（傻得厲害）」；{2}瘋瘋癲癲，不正常，一說「吽𡳞吽𡳞」、「吽ŋɔt55吽ŋɔt55」、「吽線(ɬɐn11)吽線(ɬɐn115)」：四字詞  「吽tsuɔ11吽tsuɔ115」；{3}做某件事做到很費勁，用「A 暈 A 吽」的格式表示：「打暈打吽（打得很辛苦）」丨「做暈做吽（做到暈頭轉向）」		
5398	啜	#N/A	#N/A	#N/A	#N/A	#N/A	#N/A	#N/A	ts	uɔ	11	5	tsuɔ11	z	uo	5	4	zuo5	訓讀，修飾傻的助詞，瘋瘋癲癲，不正常，一說「吽𡳞吽𡳞」、「吽ŋɔt55吽ŋɔt55」、「吽線(ɬɐn11)吽線(ɬɐn115)」：四字詞  「吽tsuɔ11吽tsuɔ115」		
5399	犵	#N/A	#N/A	#N/A	#N/A	#N/A	#N/A	#N/A	ŋ	ɔt	55	4	ŋɔt55	ng	ot	7	5	ngot7	訓讀，修飾傻的助詞，瘋瘋癲癲，不正常，一說「吽𡳞吽𡳞」、「吽ŋɔt55吽ŋɔt55」、「吽線(ɬɐn11)吽線(ɬɐn115)」：四字詞  「吽tsuɔ11吽tsuɔ115」		
5400	耷	端	咸	談	開	一	入	端	t	ap	55	4	tap55	d	aap	7	5	daap7	動詞，關按鈕：「tap55電（關燈）」丨「tap55掣」		
5401	溜	#N/A	#N/A	#N/A	#N/A	#N/A	#N/A	#N/A	l	iu	32	4	liu32	l	iu	6	4	liu6	訓讀，名詞，一次的睡眠：「訓一liu32（睡一次覺）」丨四字詞 「疲(pʰiɛ11)古大liu32（睡得香）」		
5402	飵	#N/A	#N/A	#N/A	#N/A	#N/A	#N/A	#N/A	t	ɔk	32	4	tɔk32	d	ok	9	4	dok9	訓讀，動詞，浪費、糟蹋，一般用於食物：「tɔk32過(kuɔ33)」		
5403	颶	#N/A	#N/A	#N/A	#N/A	#N/A	#N/A	#N/A	k	u	32	3	ku32	g	u	6	3	gu6	「風颶（颱風）」丨「打風颶（打颱風）」		
5404	撟	見	效	宵B	開	三	上	見	k	iɐu	55	5	kiɐu55	g	iau	2	5	giau2	動詞，擦、抹，使清潔：「撟淨張凳」		
5405	扛	#N/A	#N/A	#N/A	#N/A	#N/A	#N/A	#N/A	kʰ	ɔŋ	22	5	kʰɔŋ22	k	ong	4	5	kong4	{1}量詞，一段：「一kʰɔŋ22豬腳」；{2}形容詞，佔地方：「浪(lɔŋ33) kʰɔŋ22 」		
5406	𨀤	#N/A	#N/A	#N/A	#N/A	#N/A	#N/A	#N/A	l	uɔi	33	5	luɔi33	l	uoi	1	5	luoi1	{1}動詞，鑽入：「luɔi33入個窿」丨「luɔi33件衫落身」；{2}動詞，跌撞：「luɔi33 tsʰuɔi55」；{3}形容詞，跌跌撞撞的：「luɔi33 tsʰuɔi55」丨「「luɔi33 tsʰuɔi55 tsʰuɔi55」」		
5407	𨀤	#N/A	#N/A	#N/A	#N/A	#N/A	#N/A	#N/A	l	uɔi	11	5	luɔi11	l	uoi	5	5	luoi5	「luɔi33」的變調，名詞，穿孔漏水的器皿：四字詞  「漏(lai32)孔漏 luɔi115」		
5408	𨀤	#N/A	#N/A	#N/A	#N/A	#N/A	#N/A	#N/A	l	ui	33	4	lui33	l	ui	1	4	lui1	動詞，踉蹌、將要跌倒、跌撞		
5409	餒	#N/A	#N/A	#N/A	#N/A	#N/A	#N/A	#N/A	n	ɔi	33	4	nɔi33	n	oi	1	4	noi1	訓讀，形容詞，累到人渾身無力：「餒攰」丨「餒餒攰」丨「餒眼」丨「餒擎」		
5410	睃	#N/A	#N/A	#N/A	#N/A	#N/A	#N/A	#N/A	ɬ	uɔ	33	4	ɬuɔ33	sl	uo	1	5	sluo1	動詞，瀏覽，掃視：「睃下本書」		
5411	擰	#N/A	#N/A	#N/A	#N/A	#N/A	#N/A	#N/A	n	ɐn	32	4	nɐn32	n	an	6	4	nan6	動詞，扭：「擰甩樽蓋」		
5412	扐	#N/A	#N/A	#N/A	#N/A	#N/A	#N/A	#N/A	l	ak	32	4	lak32	l	aak	9	5	laak9	訓讀，動詞，抱起：「lak32起BB」		
5413	揹	#N/A	#N/A	#N/A	#N/A	#N/A	#N/A	#N/A	p	ei	11	4	pei11	b	ei	10	4	bei10	動詞，背起：「揹起BB」		
5414	緣	以	山	仙A	合	三	平	以	j	uɔn	22	5	juɔn22	j	uon	4	5	juon4	動詞，四肢伏地爬行：「緣牛(ŋai225)」		
5415	𢫖	#N/A	#N/A	#N/A	#N/A	#N/A	#N/A	#N/A	s	uɔt	55	5	suɔt55	s	uot	7	5	suot7	訓讀，{1}形容詞，滑：「笪地好suɔt55」丨「suot5 suot5飄（滑不溜秋，多用來指魚生猛）」；{2}動詞，滑動：「suɔt55落去」；{3}滑梯：「suot5 suot5板」		
5416	㙇	徹	通	鍾	開	三	入	知	n	ək	32	4	nək32	n	eak	9	5	neak9	{1}踩：「㙇死隻曱甴」；{2}可以用腳踏的：「㙇腳(kik88)」		
5417	爩	影	臻	文	合	三	入	影	ʋ	ut	33	4	ʋut33	v	ut	8	4	vut8	{1}修飾溫暖的助詞：「暖(nuɔn33)爩啊(ʔa33)」丨「暖(nuɔn33)爩爩啊(ʔa33)」；{2}動詞，弄皺：「爩啊張紙佢」丨「爩巢佢」；{3}動詞，味道嗆：「呢臭味爩到我想死」		
5418	獍	#N/A	#N/A	#N/A	#N/A	#N/A	#N/A	#N/A	k	iɐŋ	11	5	kiɐŋ11	g	iang	5	6	giang5	訓讀，名詞，污漬：「kiɐŋ11」丨「起kiɐŋ11（污漬形成）」		
5419	掁	澄	梗	庚	開	二	平	知	ts	ɐn	33	5	tsɐn33	z	an	1	4	zan1	形容詞，動詞，炫目耀眼：「日頭好掁」丨「掁眼」丨「日頭掁蕉我不舒服」丨「郁掁(tsɐn115)）（悶熱）」		
5420	硌	來	宕	唐	開	一	入	來	kʰ	ɔt	33	5	kʰɔt33	k	ot	8	4	kot8	摩擦：「硌腳(kik33)（鞋子不合適因而摩擦到腳）」		
5421	泎	崇	梗	庚	開	二	入	莊	ts	a	32	4	tsa32	z	aa	6	4	zaa6	動詞，用尿滋：「屙篤尿tsa32乃草」		
5422	嘚	#N/A	#N/A	#N/A	#N/A	#N/A	#N/A	#N/A	t	ak	11	4	tak11	d	aak	10	5	daak10	訓讀，代詞，與他人稱呼未知的一個第三者：「窮個tak11係啊(ʔa33)誰啊」		
5423	箇	見	果	歌	開	一	去	見	kʰ	au	11	5	kʰau11	k	aau	5	5	kaau5	指示代詞，這樣：「興箇(kʰau115)（可以這樣、流行這樣）」丨「乜你箇對我啊(ʔa33)」		
5424	苶	#N/A	#N/A	#N/A	#N/A	#N/A	#N/A	#N/A	n	iɛp	33	5	niɛp33	n	iep	8	5	niep8	訓讀，{1}助詞，修飾軟：「軟niɛp3啊(ʔa33)」；{2}動詞，內陷：「佢塊面瘦到niɛp33入去」		
5425	啷	#N/A	#N/A	#N/A	#N/A	#N/A	#N/A	#N/A	n	ɔŋ	55	4	nɔŋ55	n	ong	2	5	nong2	動詞，{1}漱口：「nɔŋ55口」；{2}動詞，液體搖搖晃晃，快將瀉出：「呢水滿啊(ʔa33)嚌，就nɔŋ55出來了」丨「nɔŋ55 nɔŋ55 pʰiɛt33（搖搖晃晃塊溢出的狀態）」		
5426	擗	#N/A	#N/A	#N/A	#N/A	#N/A	#N/A	#N/A	pʰ	iɛt	33	6	pʰiɛt33	p	iet	8	5	piet8	訓讀，助詞，修飾啷，液體搖搖晃晃，快將瀉出：「nɔŋ55 nɔŋ55 pʰiɛt33」		
5427	咧	#N/A	#N/A	#N/A	#N/A	#N/A	#N/A	#N/A	l	iɛ	11	4	liɛ11	l	ie	5	4	lie5	{1}形容詞，邋遢：「咧啡( fiɛ11)」；{2}擬聲詞，引申為長炮仗的俗稱：「咧咧嘣(pəŋ325)」		
5428	嘣	#N/A	#N/A	#N/A	#N/A	#N/A	#N/A	#N/A	p	əŋ	325	4	pəŋ325	b	eang	6*	6	beang6*	擬聲詞，引申為長炮仗的俗稱：「liɛ11liɛ11嘣(pəŋ325)」		
5429	踸	#N/A	#N/A	#N/A	#N/A	#N/A	#N/A	#N/A	tsʰ	əm	22	6	tsʰəm22	c	eam	4	5	ceam4	訓讀，動詞，跳：「tsʰəm22起」		
5430	㗂	#N/A	#N/A	#N/A	#N/A	#N/A	#N/A	#N/A	s	aŋ	551	4	saŋ551	s	aang	2'	6	saang2'	訓讀，「識領」的連讀音，意思是「知道」、「會」：：「我saŋ551開飛機啦」		
5431	扔	日	曾	蒸	開	三	平	日	j	au	32	4	jau32	j	aau	6	5	jaau6	訓讀，「扔(jau32)你部電腦佢」		
5432	扔	日	曾	蒸	開	三	平	日	s	au	32	4	sau32	s	aau	6	5	saau6	訓讀，「扔(sau32)垃圾」		
5433	扔	日	曾	蒸	開	三	平	日	ʋ	ɐn	32	4	ʋɐn32	v	an	6	4	van6	訓讀，「扔(ʋɐn32)嗮乃傢私佢」		
5434	扔	日	曾	蒸	開	三	平	日	ʋ	ɐn	33	4	ʋɐn33	v	an	1	4	van1	訓讀，「過期食物扔(ʋɐn33)啊(ʔa33)佢」		
5435	扔	日	曾	蒸	開	三	平	日	ʋ	in	33	4	ʋin33	v	in	1	4	vin1	訓讀，「扔(ʋin33)啊(ʔa33)塊瓦片佢」		
5436	搊	#N/A	#N/A	#N/A	#N/A	#N/A	#N/A	#N/A	ts	ai	11	5	tsai11	z	aai	5	5	zaai5	訓讀，{1}量詞，修飾植物：「一tsai11西洋菜」；{2}量詞，串，多修飾水果：「一tsai11菩提子」；{3}量詞，修飾紅包：「一tsai11利是」		
5437	俾	幫	止	支A	開	三	上	幫	ʔ	ei	55	4	ʔei55		ei	2	3	ei2	給：「俾我數學書」		
5438	惗	泥	咸	添	開	四	入	端	n	am	55	4	nam55	n	aam	2	5	naam2	想：「惗下幾好做」		
5439	罱	來	咸	談	開	一	上	來	n	am	55	4	nam55	n	aam	2	5	naam2	動詞，舀，僅用於液體：「nam55水」		
5440	跴	#N/A	#N/A	#N/A	#N/A	#N/A	#N/A	#N/A	tsʰ	uɔi	55	7	tsʰuɔi55	c	uoi	2	5	cuoi2	訓讀，{1}動詞，跌撞：「luɔi33 tsʰuɔi55」；{2}形容詞，跌跌撞撞的：「luɔi33 tsʰuɔi55」丨「「luɔi33 tsʰuɔi55 tsʰuɔi55」」		
5441	趿	#N/A	#N/A	#N/A	#N/A	#N/A	#N/A	#N/A	tʰ	ɔt	33	5	tʰɔt33	t	ot	8	4	tot8	訓讀，動詞，反復做卻用處有限的行為：「你到該tʰɔt33乜啊(ʔa33)」丨「癢(huɔi22)tʰɔt33（不安分、多事、反復做事情但用途不大）」		
5442	㩠	#N/A	#N/A	#N/A	#N/A	#N/A	#N/A	#N/A	pʰ	iɐu	55	6	pʰiɐu55	p	iau	2	5	piau2	動詞，撕開紙張或布料：「㩠啊(ʔa33)張紙佢」丨「條褲㩠啊(ʔa33)咯（褲子裂開了）」丨「㩠口（包裝用來撕開的小缺口）」		
5443	噻	#N/A	#N/A	#N/A	#N/A	#N/A	#N/A	#N/A	ɬ	ak	11	4	ɬak11	sl	aak	10	6	slaak10	{1}擬聲詞，形容塑料袋等發出的小雜音：四字詞 「嘶嘶索(ɬɔk11)索(ɬɔk11)丨嘶嘶ɬak55 ɬak55」；{2}副詞，祈使快點：「ɬak11聲(siɐŋ33)」丨「ɬak11啊(ʔa11)嘢」		
5444	盅	澄	通	東	開	三	平	知	ts	əŋ	11	5	tsəŋ11	z	eang	5	6	zeang5	{1}量詞，修飾瓶樽等器皿：「一盅飲料」丨「一盅螺絲」；{2}名詞，瓶、樽：「燉盅(tsəŋ115)」丨「盅仔」		
5445	颯	心	咸	覃	開	一	入	精	ɬ	ap	55	4	ɬap55	sl	aap	7	6	slaap7	本讀，「颯爽」		
5446	颯	#N/A	#N/A	#N/A	#N/A	#N/A	#N/A	#N/A	ɬ	ɔt	55	4	ɬɔt55	sl	ot	7	5	slot7	訓讀，副詞，修飾安靜：「靜ɬɔt55啊(ʔa33)」丨「靜ɬɔt55 ɬɔt55」		
5447	纊	溪	宕	唐	合	一	去	見	kʰ	aŋ	22	5	kʰaŋ22	k	aang	4	6	kaang4	動詞，把圍巾繞在脖子：「kʰaŋ22頸巾」		
5448	𠴕	#N/A	#N/A	#N/A	#N/A	#N/A	#N/A	#N/A	m	iu	55	4	miu55	m	iu	2	4	miu2	動詞，聳起或嘟起，僅用於嘴巴：「miu55喙(tsuɔi115)」		
5449	𢬿	#N/A	#N/A	#N/A	#N/A	#N/A	#N/A	#N/A	kʰ	ɔi	33	5	kʰɔi33	k	oi	1	4	koi1	動詞，廣義的拿：「𢬿張紙巾俾你」丨「我唔夠力𢬿哇」		
5450	咑	#N/A	#N/A	#N/A	#N/A	#N/A	#N/A	#N/A	t	a	32	3	ta32	d	aa	6	4	daa6	訓讀，副詞，{1}表示約數、左右：「ta32 下(ha11)（上下、待會）」丨「我ta32 下(ha11)就出門口了（我準備好就出門口了）」丨「ta32 下(ha11)放三殼(hɔk11)鹽就夠了（大約放三勺鹽就夠了）」；{2}全部：「呢穀ta32下(ha11)俾老鼠吃嗮」丨「我da32下(ha11)收嗮衫」		
5451	𪐀	#N/A	#N/A	#N/A	#N/A	#N/A	#N/A	#N/A	n	a	33	3	na33	n	aa	1	4	naa1	連詞，連著，同「褦」：「豬肉𪐀埋層皮」丨「我𪐀埋你去見工」		
5452	戇	知	江	江	開	二	去	知	ŋ	ɔŋ	32	4	ŋɔŋ32	ng	ong	6	6	ngong6	傻，蠢，笨：「戇(ŋɔŋ32)戇(ŋɔŋ325)哋」丨「半天戇（貶義詞，罵人蠢）」		
5453	唅	#N/A	#N/A	#N/A	#N/A	#N/A	#N/A	#N/A	ŋ	am	11	4	ŋam11	ng	aam	5	6	ngaam5	訓讀，名詞，渠：「水ŋam11」丨「一個ŋam11」		
5454	幎	明	梗	青	開	四	入	幫	m	iɐŋ	22	5	miɐŋ22	m	iang	4	6	miang4	動詞，遮蓋：「幎住你對眼」丨「幎住乃餸碗頭」		
5455	䂨	#N/A	#N/A	#N/A	#N/A	#N/A	#N/A	#N/A	tsʰ	ak	55	6	tsʰak55	c	aak	7	5	caak7	訓讀，動詞，點火，多用於啟動打火機或發動機等機械：「tsʰak55著個火柴鐖(kɔi335)」丨「我架車tsʰak55唔著哇」		
5456	耨	#N/A	#N/A	#N/A	#N/A	#N/A	#N/A	#N/A	n	ou	33	4	nou33	n	ou	1	4	nou1	訓讀，動詞，患處變扁變小：「我呢赧nou33啊(ʔa33)啦」		
5457	邋	來	咸	談	開	一	入	來	l	ɔt	32	4	lɔt32	l	ot	9	4	lot9	「邋(lɔt32)遢(tʰɔt33)」		
5458	邋	來	咸	談	開	一	入	來	l	a	11	3	la11	l	aa	5	4	laa5	「邋(la11)遢(tʰɔt11)」		
5459	遢	透	咸	談	開	一	入	端	tʰ	ɔt	33	5	tʰɔt33	t	ot	8	4	tot8	{1}污糟：「邋(lɔt32)遢(tʰɔt33)」；{2}糙糙的：「澀(səp55)遢遢」		
5460	遢	透	咸	談	開	一	入	端	tʰ	ɔt	11	5	tʰɔt11	t	ot	10	4	tot10	「邋(la11)遢(tʰɔt11)」		
5461	𣏾	#N/A	#N/A	#N/A	#N/A	#N/A	#N/A	#N/A	ʔ	ak	32	4	ʔak32		aak	9	4	aak9	訓讀，動詞，用錘子把鐵釘錘入木板的動作：「ʔak32鐵釘」		
5462	嘜	#N/A	#N/A	#N/A	#N/A	#N/A	#N/A	#N/A	m	ak	55	4	mak55	m	aak	7	5	maak7	本讀，「嘜頭(haai22)」丨「嘜菜(tʰuɔi335)」		
5463	嘜	#N/A	#N/A	#N/A	#N/A	#N/A	#N/A	#N/A	m	ak	11	4	mak11	m	aak	10	5	maak10	變調，「嘜線(ɬɐn33)」本義是把裝訂嘜頭的線頭緊緊聯在布上，引申為表達意思時講得十分明確：「打(ʔa55)嘜(mak11)線(ɬɐn33)」		
5464	嘜	#N/A	#N/A	#N/A	#N/A	#N/A	#N/A	#N/A	m	ak	32	4	mak32	m	aak	9	5	maak9	動詞，摔在地上：「嘜到我腳都腫」丨「嘜地炮（玩具砂炮）」		
5465	撬	#N/A	#N/A	#N/A	#N/A	#N/A	#N/A	#N/A	k	iɐu	32	5	kiɐu32	g	iau	6	5	giau6	{1}腳被扭了：「撬腳(kik115)」；{2}交叉：「撬架(ka115)」		
5466	欬	#N/A	#N/A	#N/A	#N/A	#N/A	#N/A	#N/A	kʰ	ɐt	55	5	kʰɐt55	k	at	7	4	kat7	{1}訓讀，副詞，修飾疲累：「劬kʰɐt55啊(ʔa33)」；{2}訓讀，形容詞，僅用於表示人體顫抖：「kʰɐt55 kʰɐt55顫」丨「「kʰɐt55 kʰɐt55搖(ŋau22)」」		
5467	唥	#N/A	#N/A	#N/A	#N/A	#N/A	#N/A	#N/A	l	aŋ	55	4	laŋ55	l	aang	2	6	laang2	{1}鬧鐘響的擬聲：「電話到該唥」；{2}毛衣：「唥衫(sam115)」丨「唥衫(sam55)」；{3}名詞，彈弓的俗稱：「唥花(fa33)撐(tsʰaŋ115)」		
5468	唥	#N/A	#N/A	#N/A	#N/A	#N/A	#N/A	#N/A	l	aŋ	32	4	laŋ32	l	aang	6	6	laang6	全部：「冚唪唥」		
5469	囔	#N/A	#N/A	#N/A	#N/A	#N/A	#N/A	#N/A	l	aŋ	22	4	laŋ22	l	aang	22	6	laang22	訓讀，動詞，大聲嚎哭：「laŋ22到好大聲」丨四字詞「kiɛ55 laŋ22 kiɛ55 召(tiu11)（聲嘈雜、震耳欲聾。多用於形容人，偶爾用作物件(電視)的噪音）」		
5470	佾	以	臻	真A	開	三	入	以	j	iɛt	32	5	jiɛt32	j	iet	9	5	jiet9	動詞，{1}挺起：「佾起條腰」；{2}揭開：「佾開個蓋」		
5471	痀	#N/A	#N/A	#N/A	#N/A	#N/A	#N/A	#N/A	kʰ	ai	22	5	kʰai22	k	aai	4	5	kaai4	訓讀，形容詞，野蠻：「蠻kʰai22樓」		
5472	尐	精	山	仙A	開	三	入	精	n	it	55	4	nit55	n	it	7	4	nit7	{1}數量詞，一點點：「尐 məŋ55 多(ou115)（一丟丟）」丨「尐屎啊(ʔa33)（少得可憐）」丨「尐啊豉油夠了」；{2}副詞，數量少：「高啊(ʔa33)尐」丨「肥啊(ʔa33)尐」；{3}名詞，抽象的某一處某一點：「該尐係我嘅財產」；{4}一言不發：四字詞 「唔知(tsi33)尐(nit55)聲(siɐŋ335)」		
5473	尐	#N/A	#N/A	#N/A	#N/A	#N/A	#N/A	#N/A	n	i	11	3	ni11	n	i	5	3	ni5	副詞，待會、過一會：「ni11久」丨「興ni11久」		
5474	莧	匣	山	山	開	二	去	影	h	ɔn	32	4	hɔn32	h	on	6	4	hon6	「莧菜(tʰuɔi11)」丨「馬屎莧」		
5475	腠	#N/A	#N/A	#N/A	#N/A	#N/A	#N/A	#N/A	tʰ	ai	325	5	tʰai325	t	aai	6*	5	taai6*	訓讀，狀態詞，滿意：「夠tʰai325」		
5476	𠠝	#N/A	#N/A	#N/A	#N/A	#N/A	#N/A	#N/A	l	iɐk	32	5	liɐk32	l	iak	9	5	liak9	動詞，用刀分解食物：「𠠝燒豬」		
5477	壢	#N/A	#N/A	#N/A	#N/A	#N/A	#N/A	#N/A	l	iɐk	32	5	liɐk32	l	iak	9	5	liak9	量詞，修飾大範圍條狀物，「一壢壟」丨「一壢田」		
5478	二	#N/A	#N/A	#N/A	#N/A	#N/A	#N/A	#N/A	tʰ	ou	55	5	tʰou55	t	ou	2	4	tou2	訓讀，僅用於撲克牌術語，兩對，由英文two pair音譯成廣州話、台城話再音譯而來：「兩啤(pʰiɛ55)」		
5479	嘞	#N/A	#N/A	#N/A	#N/A	#N/A	#N/A	#N/A	l	ak	55	4	lak55	l	aak	7	5	laak7	訓讀，{1}僅用於撲克牌術語，十三張的特殊勝利牌型的統稱，由英文luck音譯成廣州話再音譯而來：「lak55啊(ʔa33)」；{2}形容詞，精靈、健康、有幹勁：「lak55 tak55」；{3}擬聲詞，打雷的聲音：「隆(ləm11)隆(ləm11)laak7」		
5480	嗻	#N/A	#N/A	#N/A	#N/A	#N/A	#N/A	#N/A	ts	iɛ	11	5	tsiɛ11	z	ie	5	4	zie5	訓讀，副詞，修飾水不規則流下的狀態：「tsiɛ11 tsiɛ11流」		
5481	𡳞	#N/A	#N/A	#N/A	#N/A	#N/A	#N/A	#N/A	l	in	55	4	lin55	l	in	2	4	lin2	{1}陰莖：「我條𡳞好長」；{2}粗口：「𡳞就(tsiɐu32)（算了）」丨「好𡳞爽」；{3}用於好色、荒唐、有味的調侃，形容人不正經：四字詞 「無三(ɬam33)狗𡳞」；{4}瘋瘋癲癲，不正常，一說「吽𡳞吽𡳞」、「吽ŋɔt55吽ŋɔt55」、「吽線(ɬɐn11)吽線(ɬɐn115)」：四字詞  「吽tsuɔ11吽tsuɔ115」；{5}一個人在做了很後悔的且沒有作用的事情之後，會感嘆一聲，意指白做一場：四字詞 「冇(mau33)𡳞文氣(hei33)」		
5482	閪	#N/A	#N/A	#N/A	#N/A	#N/A	#N/A	#N/A	h	ɔi	33	4	hɔi33	h	oi	1	4	hoi1	{1}陰道：「你媽個閪」；{2}囂張：「老(lau55)閪」」		
5483	屌	#N/A	#N/A	#N/A	#N/A	#N/A	#N/A	#N/A	ʔ	iu	55	4	ʔiu55		iu	2	3	iu2	動詞，性交：「屌閪(hɔi335)」		
5484	𨳍	#N/A	#N/A	#N/A	#N/A	#N/A	#N/A	#N/A	tʰ	uɔt	32	6	tʰuɔt32	t	uot	9	5	tuot9	{1}陰莖：「你條𨳍」；{2}笨、蠢、傻的粗口：「笨𨳍」		
5485	咔	#N/A	#N/A	#N/A	#N/A	#N/A	#N/A	#N/A	kʰ	a	11	4	kʰa11	k	aa	5	4	kaa5	擬聲詞，模仿別人笑；「咔咔笑」		
5486	𪘲	疑	蟹	佳	開	二	平	見	ŋ	ei	33	4	ŋei33	ng	ei	1	5	ngei1	{1}動詞，露出一點縫隙：「𪘲牙(ŋa115)」；{2}形容物品沒遮掩，被人一覽無遺：四字詞 「露頭(hai22)𪘲𪘲」丨 四字詞 「露天(hɐn33)露面(mɐn32)」；{3}}指飯菜沒味道：四字詞 「唔鹹唔𪘲(ŋei335)」		
5487	趌	#N/A	#N/A	#N/A	#N/A	#N/A	#N/A	#N/A	k	iɛ	32	4	kiɛ32	g	ie	6	4	gie6	訓讀，動詞，踉蹌地走：「我拗啊柴，kiɛ32啊(ʔa11)kiɛ325翻去基」		
5488	趌	#N/A	#N/A	#N/A	#N/A	#N/A	#N/A	#N/A	kʰ	it	33	5	kʰit33	k	it	8	4	kit8	訓讀，動詞，得意洋洋搖搖晃晃地走路，或表示好動，貶義：「佢好(hau33)kʰit33，咪等佢kʰit33夠頸咯」		
5489	𤔂	#N/A	#N/A	#N/A	#N/A	#N/A	#N/A	#N/A	l	ut	33	4	lut33	l	ut	8	4	lut8	動詞，使紙張變皺：「𤔂巢張銀紙」		
5490	𤔂	#N/A	#N/A	#N/A	#N/A	#N/A	#N/A	#N/A	l	ut	11	4	lut11	l	ut	10	4	lut10	結巴：「打(ʔa55)𤔂(lut115)」		
5491	啖	定	咸	談	開	一	上	端	ʔ	am	32	4	ʔam32		aam	6	4	aam6	量詞，口，專用於食物：「一啖糖水」		
5492	撢	以	深	侵A	開	三	平	以	j	im	22	4	jim22	j	im	4	4	jim4	文讀，動詞，從容器掏出來：「撢部手機出來」		
5493	撢	以	深	侵A	開	三	平	以	ŋ	am	22	4	ŋam22	ng	aam	4	6	ngaam4	白讀，動詞，把東西從容器裡面拿出來：「撢十蚊俾我睇數」		
5494	漚	影	流	侯	開	一	平	影	ʔ	ai	32	4	ʔai32		aai	6	4	aai6	動詞，焗、使發酵、煮東西使濃稠：「ʔai32腐乳（發酵腐乳）」丨「ʔai32麥片（煮麥片）」		
5495	漚	影	流	侯	開	一	平	影	ʔ	ai	33	4	ʔai33		aai	1	4	aai1	動詞，使發霉、變質、變壞：「乃剩餸漚到臭了」		
5496	嗹	#N/A	#N/A	#N/A	#N/A	#N/A	#N/A	#N/A	l	ɐn	33	4	lɐn33	l	an	1	4	lan1	訓讀，形容詞，表示有東西頂著的感覺：「lɐn33頂(ɐn55)頂(ɐn55)」		
5497	揬	定	臻	魂	合	一	入	端	ʔ	ut	33	4	ʔut33		ut	8	3	ut8	動詞，頂到、頂嘴：「張凳有嘢凸出，揬到我啦」丨「一句揬我（一句頂嘴頂著我）」		
5498	嘞	#N/A	#N/A	#N/A	#N/A	#N/A	#N/A	#N/A	l	ak	33	4	lak33	l	aak	8	5	laak8	訓讀，副詞，修飾新：「新lak33啊(ʔa33)」		
5499	醟	云	梗	庚	合	三	去	影	ʋ	ɐn	55	4	ʋɐn55	v	an	2	4	van2	副詞，修飾光亮：如「皓醟啊(ʔa33)（非常光猛）」		
5500	拗	影	效	肴	開	二	上	影	ʔ	ai	33	4	ʔai33		aai	1	4	aai1	本讀，{1}爭吵：「拗頸」丨「拗頸拗柄(piɐŋ11)（各方爭執，多形容對方杠）」；{2}筆順反了：「拗筆」		
5501	拗	影	效	肴	開	二	上	影	ʔ	au	55	4	ʔau55		aau	2	4	aau2	變調，使彎曲：「拗柴（扭腳）」		
5502	搪	定	宕	唐	開	一	平	端	h	ɔŋ	55	4	hɔŋ55	h	ong	2	5	hong2			
5503	慳	溪	山	山	開	二	平	見	h	ɔn	33	4	hɔn33	h	on	1	4	hon1	節儉：「慳tɔn55」丨四字詞 「慳慳tɔn55 tɔn55」		
5504	勯	#N/A	#N/A	#N/A	#N/A	#N/A	#N/A	#N/A	t	ɔn	55	4	tɔn55	d	on	2	4	don2	訓讀，形容詞，節儉：「慳tɔn55」丨四字詞 「慳慳tɔn55 tɔn55」		
5505	啱	#N/A	#N/A	#N/A	#N/A	#N/A	#N/A	#N/A	ŋ	am	55	4	ŋam55	ng	aam	2	6	ngaam2	{1}形容詞，碰巧：「乜該(kʰuɔi11)啱啊(ʔa33)，撞到你」丨「啱先(ɬɐn33)」；{2}形容詞，正確的：「道題做啱啊」；{3}副詞，剛才：「啱啱」丨「啱爽」丨「啱先(ɬɐn33)」；{4}動詞，借過：「你啱一下，俾我入」；{5}形容詞，合適：「我同你好啱」		
5506	樑	#N/A	#N/A	#N/A	#N/A	#N/A	#N/A	#N/A	l	iŋ	22	4	liŋ22	l	iing	4	6	liing4	{1}量詞，修飾梯子： 「一樑傍(paŋ32)企(kʰei115)」；{2}名詞，梯子：「樑傍(paŋ32)企(kʰei115)」		
5507	徶	#N/A	#N/A	#N/A	#N/A	#N/A	#N/A	#N/A	p	iɛt	33	5	piɛt33	b	iet	8	5	biet8	訓讀，{1}副詞，修飾淡：「淡(ham33)piɛt33 piɛt33」；{2}副詞，與「嘈」構成形容詞性短語，修飾噪音：「嘈piɛt33啊(ʔa33)」		
5508	餸	#N/A	#N/A	#N/A	#N/A	#N/A	#N/A	#N/A	ɬ	əŋ	11	4	ɬəŋ11	sl	eang	5	7	sleang5	飯菜：「餸」丨「餸碗（用來盛飯菜的器皿的統稱）」丨「餸碗頭(hai22)（裝有飯菜的器皿）」		
5509	𡃴	#N/A	#N/A	#N/A	#N/A	#N/A	#N/A	#N/A	tʰ	ui	22	5	tʰui22	t	ui	4	4	tui4	氣味：「一條𡃴(tʰui225)」丨「臭(tsʰiu55)𡃴(tʰui22)」丨「冇𡃴冇味」		
5510	餲	匣	山	寒	開	一	入	影	ŋ	ɔt	33	4	ŋɔt33	ng	ot	8	5	ngot8	尿騷味：「篤尿餲嘅」		
5511	𧰵	#N/A	#N/A	#N/A	#N/A	#N/A	#N/A	#N/A	ʔ	ək	33	4	ʔək33		eak	8	4	eak8	本讀，動詞，刺：「𧰵穿個氣球」		
5512	𧰵	#N/A	#N/A	#N/A	#N/A	#N/A	#N/A	#N/A	ʔ	ək	11	4	ʔək11		eak	10	4	eak10	「ək33」的變調，名詞，草藥：「篸仔𧰵(ʔək115)」		
5513	𢜴	#N/A	#N/A	#N/A	#N/A	#N/A	#N/A	#N/A	k	ai	11	4	kai11	g	aai	5	5	gaai5	動詞，瞪：「有個人𢜴住我」丨「眼𢜴𢜴」		
5514	煠	徹	咸	鹽B	開	三	入	知	s	ap	32	4	sap32	s	ap	9	4	sap9			
5515	螆	清	止	之	開	三	去	精	t	ei	33	4	tei33	d	ei	1	4	dei1	名詞，蟲子，或泛指身上長的會發癢的疙瘩或不健康的區域：「隻狗生螆(tei335)（狗的皮膚病變）」丨「紅螆(tei335)（陰囊長的疙瘩）」		
5516	珏	見	江	江	開	二	入	見	k	ɔk	55	4	kɔk55	g	ok	7	4	gok7			
5517	韉	精	山	先	開	四	平	精	t	ɐn	33	4	tɐn33	d	an	1	4	dan1			
5518	轡	幫	止	脂B	開	三	去	幫	p	ei	33	4	pei33	b	ei	1	4	bei1			
5519	柝	透	宕	唐	開	一	入	端	tʰ	ɔk	55	5	tʰɔk55	t	ok	2	4	tok2			
5520	叱	昌	臻	真A	開	三	入	章	tsʰ	ɐt	55	6	tsʰɐt55	c	at	7	4	cat7			
5521	綾	來	曾	蒸	開	三	平	來	l	ɐn	22	4	lɐn22	l	an	4	4	lan4			
5522	泵	#N/A	#N/A	#N/A	#N/A	#N/A	#N/A	#N/A	p	əm	55	4	pəm55	b	eam	2	5	beam2	本讀，「氣泵」		
5523	泵	#N/A	#N/A	#N/A	#N/A	#N/A	#N/A	#N/A	t	əm	55	4	təm55	d	eam	2	5	deam2	訓讀，{1}注入氣體：「泵氣」；{2}蓋章：「泵印」		
5524	遴	來	臻	真A	開	三	去	來	l	un	32	4	lun32	l	un	6	4	lun6	笨手笨腳：「遴迍」		
5525	嬲	泥	效	蕭	開	四	上	端	n	ai	33	4	nai33	n	aai	1	5	naai1	本讀，生氣：「我好嬲哇」		
5526	嬲	泥	效	蕭	開	四	上	端	n	iu	33	4	niu33	n	iu	1	4	niu1	變調，生氣：「我梗係嬲啦」		
5527	偈	群	蟹	祭B	開	三	去	見	k	ɔi	33	4	kɔi33	g	oi	1	4	goi1	聊天：「傾偈(kɔi335)」		
5528	贗	疑	山	刪	開	二	去	見	ŋ	ɔn	32	4	ŋɔn32	ng	on	6	5	ngon6			
5529	熠	云	深	侵B	開	三	入	影	s	iɛp	55	5	siɛp55	s	iep	7	5	siep7			
5530	曄	云	咸	鹽B	開	三	入	影	s	iɛp	55	5	siɛp55	s	iep	7	5	siep7			
5531	燁	云	咸	鹽B	開	三	入	影	s	iɛp	55	5	siɛp55	s	iep	7	5	siep7			
5532	旻	明	臻	真B	開	三	平	幫	m	in	22	4	min22	m	in	4	4	min4			
5533	兗	以	山	仙A	合	三	上	以	j	uɔn	55	5	juɔn55	j	uon	2	5	juon2			
5534	閾	曉	曾	蒸	合	三	入	影	ʋ	ak	55	4	ʋak55	v	aak	7	5	vaak7			
5535	歆	曉	深	侵B	開	三	平	影	h	im	33	4	him33	h	im	1	4	him1			
5536	萱	曉	山	元	合	三	平	影	ɬ	un	33	4	ɬun33	sl	un	1	5	slun1			
5537	冇	#N/A	#N/A	#N/A	#N/A	#N/A	#N/A	#N/A	m	au	33	4	mau33	m	aau	1	5	maau1	本讀，{1}手忙腳亂，不知所措的樣子：四字詞 「冇(mau33)爬冇(mau33)搲」；{2}指人做事沒分寸、沒原則、不靠譜。「樓」和「啦」是音符的「re」和「la」，即不靠譜：四字詞 「冇(mau33)樓冇(mau33)啦」；{3}一個人在做了很後悔的且沒有作用的事情之後，會感嘆一聲，意指白做一場：四字詞 「冇(mau33)𡳞文氣(hei33)」；{4}否定：「我冇錢」		
5538	冇	#N/A	#N/A	#N/A	#N/A	#N/A	#N/A	#N/A	m	au	55	4	mau55	m	aau	2	5	maau2	變調，「唔好」的連讀，表示不要：「冇打我哇」		
5539	𪥸	#N/A	#N/A	#N/A	#N/A	#N/A	#N/A	#N/A	m	au	55	4	mau55	m	aau	2	5	maau2	「唔好」的連讀，表示不要：「𪥸打我哇」		
5540	抿	#N/A	#N/A	#N/A	#N/A	#N/A	#N/A	#N/A	m	in	33	4	min33	m	in	1	4	min1	本讀，邊陲：「抿尾」丨四字詞 「抿(min33)屎抿(min33)門(muɔn11)（人做一件事的時候，不到最後關頭不做）」		
5541	抿	#N/A	#N/A	#N/A	#N/A	#N/A	#N/A	#N/A	m	in	55	4	min55	m	in	2	4	min2	變調，{1}擦屁股：「抿屎」；{2}小指：「抿指」		
5542	頽	#N/A	#N/A	#N/A	#N/A	#N/A	#N/A	#N/A	h	ui	22	4	hui22	h	ui	4	4	hui4	東西凌亂：「頽亂」丨四字詞 「頽頽亂亂」		
5543	啦	#N/A	#N/A	#N/A	#N/A	#N/A	#N/A	#N/A	l	a	33	3	la33	l	aa	1	4	laa1	語氣詞：「行啦」		
5544	啦	#N/A	#N/A	#N/A	#N/A	#N/A	#N/A	#N/A	l	a	55	3	la55	l	aa	2	4	laa2	分寸感、做事，脫胎自樂譜「re」「la」：「樓啦」丨四字詞 「冇(mau33)樓冇(mau33)啦（沒分寸）」		
5545	牯	見	遇	模	開	一	上	見	k	u	55	3	ku55	g	u	2	3	gu2	{1}雄性哺乳動物：「牛(ŋai11)牯」丨「狗牯」；{2}石頭：「石(siɐk11)牯」		
5546	摏	書	通	鍾	開	三	平	章	ts	əŋ	33	5	tsəŋ33	z	eang	1	6	zeang1	{1}撞：「成個人摏過來」；{2}形容暈眩的感受：四字詞 「暈暈摏(tsəŋ33)摏(tsəŋ11)」；{3}一頓一頓，沒精神，用「A 摏(tsəŋ11) A 摏(tsəŋ115)」的格式表示：「暈摏暈摏」丨「疼摏疼摏」		
5547	嘥	#N/A	#N/A	#N/A	#N/A	#N/A	#N/A	#N/A	ɬ	ɔi	55	4	ɬɔi55	sl	oi	2	5	sloi2	浪費：「嘥嗮」		
5548	揞	影	咸	覃	開	一	上	影	ʔ	am	55	4	ʔam55		aam	2	4	aam2	本讀，用手遮掩：「揞耳」		
5549	揞	影	咸	覃	開	一	上	影	ʔ	am	33	4	ʔam33		aam	1	4	aam1	變調，因汗來不及抹而導致感冒：「揞汗(huɔn32)」丨「揞汗(huɔn11)」		
5550	㖇	#N/A	#N/A	#N/A	#N/A	#N/A	#N/A	#N/A	m	ei	33	4	mei33	m	ei	1	4	mei1	{1}動詞，用嘴抿一點水：「我輕輕㖇幾啖湯」；{2}動詞，水慢慢溢出：「呢湯水㖇嗮出來啦」		
5551	娣	定	蟹	齊	開	四	上	端	h	ɔi	11	4	hɔi11	h	oi	5	4	hoi5			
5552	軭	溪	宕	陽	合	三	平	見	ʋ	aŋ	33	4	ʋaŋ33	v	aang	1	6	vaang1	失敗、搞砸了：「搞軭啊(ʔa33)」		
5553	䊆	群	流	尤	開	三	上	見	k	au	32	4	kau32	g	aau	6	5	gaau6	量詞，修飾不大的物體或不完整的物體，個、塊：「一䊆糍」丨「一䊆石頭」		
5554	芯	心	深	侵A	開	三	平	精	ɬ	im	33	4	ɬim33	sl	im	1	5	slim1	本讀，物體的中心部分：「芯片(pʰɐn335)」丨「燈芯」		
5555	芯	心	深	侵A	開	三	平	精	ɬ	im	11	4	ɬim11	sl	im	5	5	slim5	變調，「電芯」		
5556	戙	#N/A	#N/A	#N/A	#N/A	#N/A	#N/A	#N/A	ʔ	əŋ	32	4	ʔəŋ32		eang	6	5	eang6	使豎直：「戙落(lɔk32)去」丨「戙督企(kʰei11)」		
5557	䂿	定	咸	覃	開	一	入	端	ʔ	əp	32	4	ʔəp32		eap	9	4	eap9	拳打、錘打：「䂿口鐵釘」		
5558	接	#N/A	#N/A	#N/A	#N/A	#N/A	#N/A	#N/A	t	iɛp	11	5	tiɛp11	d	iep	10	5	diep10	訓讀，形容很難娶老婆的人：四字詞 「惡(ʔɔk33) tiɛp11 年生(saŋ33)」		
5559	笮	莊	梗	庚	開	二	入	莊	ts	ak	32	5	tsak32	z	aak	9	5	zaak9	壓住：「大石笮死蟹」		
5560	癡	徹	止	之	開	三	平	知	tsʰ	ei	33	6	tsʰei33	c	ei	1	4	cei1	形容極度疲累，昏昏欲睡：四字詞 「眉癡眼癡」		
5561	哩	#N/A	#N/A	#N/A	#N/A	#N/A	#N/A	#N/A	l	i	33	3	li33	l	i	1	3	li1	訓讀，擬聲詞，形容放屁的聲音，連續且響亮：四字詞 「li33 li33 piɛt11 liɛt11」		
5562	趌	#N/A	#N/A	#N/A	#N/A	#N/A	#N/A	#N/A	k	iɛ	5	4	kiɛ5	g	ie	2	4	gie2	訓讀，聲嘈雜、震耳欲聾。多用於形容人，偶爾用作物件(電視)的噪音：四字詞「kiɛ55 laŋ22 kiɛ55 召(tiu11)」		
5563	㹭	#N/A	#N/A	#N/A	#N/A	#N/A	#N/A	#N/A	j	uɔi	115	5	juɔi115	j	uoi	5*	5	juoi5*	訓讀，形容用各種藉口推脫：四字詞 「討(hou55)煤討(hou55) juɔi115」		
5564	窒	#N/A	#N/A	#N/A	#N/A	#N/A	#N/A	#N/A	ts	uɔt	32	6	tsuɔt32	z	uot	9	5	zuot9	訓讀，阻攔：四字詞 「攔頭(hai22) tsuɔt32 世(sɔi33)」		
5565	嚧	#N/A	#N/A	#N/A	#N/A	#N/A	#N/A	#N/A	l	ou	33	4	lou33	l	ou	1	4	lou1	訓讀，形容詞，妨礙、佔位置：「lou33阻」丨四字詞 「lou33 lou33 阻阻（形容阻擋著去路、道路，或者雜物亂放）」		
5566	赧	娘	山	刪	開	二	上	知	n	ɔn	11	4	nɔn11	n	on	5	4	non5	名詞，蚊蟲叮咬的疙瘩：「起個赧」		
5567	㗰	#N/A	#N/A	#N/A	#N/A	#N/A	#N/A	#N/A	t	əŋ	22	4	təŋ22	d	eang	4	6	deang4	訓讀，動詞，明白、了解：「知(ei33)təŋ22」，為「知(ei33)隨」的變體、「知(ei33)從」的變調		
5568	䀜	#N/A	#N/A	#N/A	#N/A	#N/A	#N/A	#N/A	m	ei	33	4	mei33	m	ei	1	4	mei1	訓讀，動詞，不知，是「唔知(ei33)」的連讀：「我mei33 təŋ22你中意我」		
5569	㬟	#N/A	#N/A	#N/A	#N/A	#N/A	#N/A	#N/A	m	iɐŋ	22	5	miɐŋ22	m	iang	4	6	miang4	副詞，沒有，是「未曾(hiɐŋ22)」的連讀：「我㬟去（我沒有去）」		
5570	㬟	#N/A	#N/A	#N/A	#N/A	#N/A	#N/A	#N/A	m	iɐŋ	11	5	miɐŋ11	m	iang	5	6	miang5	副詞，沒有，是「miɐŋ22」的變調：「我㬟做過作業（我沒做過作業）」		
5571	贐	#N/A	#N/A	#N/A	#N/A	#N/A	#N/A	#N/A	ɬ	im	11	4	ɬim11	sl	im	5	5	slim5	伴手禮：「手贐」		
5572	㑢	#N/A	#N/A	#N/A	#N/A	#N/A	#N/A	#N/A	kʰ	iɐk	11	6	kʰiɐk11	k	iak	10	5	kiak10	代詞，他們：「㑢媽嘅閪」		
5573	脛	匣	梗	青	開	四	去	影	k	ɐn	32	4	kɐn32	g	an	6	4	gan6	文讀，「不脛而走」		
5574	脛	匣	梗	青	開	四	上	影	k	aŋ	11	4	kaŋ11	g	aang	5	6	gaang5	白讀，「脛骨」		
5575	脷	#N/A	#N/A	#N/A	#N/A	#N/A	#N/A	#N/A	l	ei	32	4	lei32	l	ei	6	4	lei6	本讀，{1}昂貴：「揦脷」；{2}舌頭：「條脷生泡」		
5576	脷	#N/A	#N/A	#N/A	#N/A	#N/A	#N/A	#N/A	l	ei	325	4	lei325	l	ei	6*	4	lei6*	訓讀，副詞，特別、尤其：「加lei325」丨「佢加lei325難服侍哇」		
5577	揦	#N/A	#N/A	#N/A	#N/A	#N/A	#N/A	#N/A	l	a	55	3	la55	l	aa	2	4	laa2	{1}大範圍包抄式攬東西：「揦嗮乃麻雀過來」；{2}挽起：「揦起衫袖」；{3}辣味、被辣刺激：「白花油好揦」丨「下乃辣椒揦下乃豬肉」；{4}昂貴：「揦脷」；{5}程度大：四字詞 「大灑大揦（花錢沒節制、做事沒分寸）」：		
5578	㧬	見	通	鍾	開	三	上	見	ʔ	əŋ	55	4	ʔəŋ55		eang	2	5	eang2	輕力推；「㧬車」丨「㧬火（在灶前推柴，引申為看火）」		
5579	掽	#N/A	#N/A	#N/A	#N/A	#N/A	#N/A	#N/A	pʰ	aŋ	55	5	pʰaŋ55	p	aang	2	6	paang2	{1}動詞，撞碰：「你頭先掽蕉我，要道歉」；{2}動詞，搖晃：「揸住杯茶到掽溜(liu325*)」丨「我睇你行路掽啊(ʔa33)pʰaŋ55，小心哇」；{3}動詞，摔破：「個碗掽啊(ʔa33)了」		
5580	沂	疑	止	微	開	三	平	見	j	i	22	3	ji22	j	i	4	3	ji4			
5581	銻	定	蟹	齊	開	四	平	端	tʰ	ɔi	55	5	tʰɔi55	t	oi	2	4	toi2	鋁製品：「tʰɔi55罉(tsʰaŋ33)」		
5582	瀨	來	蟹	泰	開	一	去	來	l	ɔi	32	4	lɔi32	l	oi	6	4	loi6	屎尿失禁：「瀨屎」		
5583	砒	#N/A	#N/A	#N/A	#N/A	#N/A	#N/A	#N/A	p	ɔi	33	4	pɔi33	p	oi	1	4	poi1			
5584	靚	從	梗	清A	開	三	去	精	l	iɐŋ	33	5	liɐŋ33	l	iang	1	6	liang1	本讀，顏值高的：「靚女」丨「口靚（嘴巴靚，引申為好禮貌，主動對人打招呼，或說令人高興的話）」		
5585	靚	從	梗	清A	開	三	去	精	l	iɐŋ	55	5	liɐŋ55	l	iang	2	6	liang2	變調，名詞，{1}黑社會小弟：「你條靚好串」；{2}青少年男性：「靚仔」		
5586	汛	心	臻	真A	開	三	去	精	ɬ	in	33	4	ɬin33	sl	in	1	5	slin1			
5587	鯽	精	曾	蒸	開	三	入	精	t	ak	55	4	tak55	d	aak	7	5	daak7			
5588	釗	章	效	宵A	開	三	平	章	ts	iɐu	33	6	tsiɐu33	z	iau	1	5	ziau1			
5589	焯	章	宕	陽	開	三	入	章	ts	ik	55	5	tsik55	c	iik	7	5	ciik7	本讀，「焯水」		
5590	焯	章	宕	陽	開	三	入	章	s	ik	55	4	sik55	s	iik	7	5	siik7	變調，「白焯」		
5591	疸	端	山	寒	開	一	上	端	h	ɔn	55	4	hɔn55	h	on	2	4	hon2			
5592	掹	#N/A	#N/A	#N/A	#N/A	#N/A	#N/A	#N/A	m	aŋ	33	4	maŋ33	m	aang	1	6	maang1	{1}拉扯：「掹緊條繩」；{2}引申為關燈：「掹電」		
5593	䒐	明	曾	登	開	一	平	幫	m	aŋ	55	4	maŋ55	m	aang	2	6	maang2	心情煩躁、發脾氣：「䒐䒏」丨「乜你該䒐呀」		
5594	䒏	心	曾	登	開	一	平	精	ts	aŋ	55	5	tsaŋ55	z	aang	2	6	zaang2	心情煩躁、發脾氣：「䒐䒏」		
5595	妗	昌	咸	鹽A	開	三	平	章	kʰ	im	11	5	kʰim11	k	im	5	4	kim5	舅母：「阿妗」		
5596	拂	滂	臻	文	合	三	入	幫	f	ut	32	4	fut32	f	ut	9	4	fut9	文讀，「拂曉」		
5597	拂	滂	臻	文	合	三	入	幫	f	ut	33	4	fut33	f	ut	8	4	fut8	白讀，掃到篸裡：「拂垃圾」		
5598	埲	並	通	東	開	一	上	幫	f	əŋ	32	4	fəŋ32	f	eang	6	6	feang6	量詞，修飾墻：「一埲墻」		
5599	窠	#N/A	#N/A	#N/A	#N/A	#N/A	#N/A	#N/A	ʋ	uɔ	11	4	ʋuɔ11	v	uo	5	4	vuo5	訓讀，{1}名詞，曬穀用大簸箕：「ʋuɔ11」；{2}名詞，飯桌：「ʋuɔ11頭(hai225)」；{3}名詞，矮身床：「ʋuɔ11浪(lɔŋ11)床」		
5600	嚌	從	蟹	齊	開	四	去	精	t	ɔi	32	4	tɔi32	d	oi	6	4	doi6	助詞，修飾程度過大：「重啊(ʔa33)嚌」丨「黑仔啊(ʔa33)嚌」		
5601	灒	精	山	寒	開	一	去	精	t	ɔn	33	4	tɔn33	d	on	1	4	don1	油或水因為高溫而跳起彈射：「俾油灒緊，好疼」		
5602	㷹	澄	效	肴	開	二	去	知	ts	au	33	5	tsau33	z	aau	1	5	zaau1	用油炸：「㷹香條皖魚」		
5603	嘚	#N/A	#N/A	#N/A	#N/A	#N/A	#N/A	#N/A	t	ak	55	4	tak55	d	aak	7	5	daak7	形容詞，精靈、健康、有幹勁：「lak55 tak55」		
5604	樽	精	臻	魂	合	一	平	精	t	un	11	4	tun11	d	un	5	4	dun5			
5605	𣫞	#N/A	#N/A	#N/A	#N/A	#N/A	#N/A	#N/A	t	ɔk	55	4	tɔk55	d	ok	7	4	dok7	訓讀，動詞，上鎖：「tɔk55門」		
5606	懟	澄	止	脂B	合	三	去	知	ʔ	ui	55	4	ʔui55		ui	2	3	ui2	{1}撞：「懟死你」；{2}擊敗：「懟冧你」		
5607	𢆡	#N/A	#N/A	#N/A	#N/A	#N/A	#N/A	#N/A	n	ɐn	55	4	nɐn55	n	an	2	4	nan2	乳房：「𢆡罩（文胸）」		
5608	姩	#N/A	#N/A	#N/A	#N/A	#N/A	#N/A	#N/A	n	ɐn	55	4	nɐn55	n	an	2	4	nan2	乳房：「姩罩（文胸）」		
5609	㾢	來	蟹	咍	開	一	平	來	l	ɔi	22	4	lɔi22	l	oi	4	4	loi4	{1}專門形容抬槓的人：「反對㾢」；{2}身體部位受損，多用於手腳腰：「佢隻腳㾢啊(ʔa33)」；{3}指人極度疲累：四字詞 「腰㾢背(puɔi33)曲(kʰək55)」		
5610	躝	來	山	寒	開	一	平	來	l	ɔn	55	4	lɔn55	l	on	2	4	lon2	{1}翻身，或滾來滾去：「到間床躝」；{2}滾：「你躝開」		
5611	迾	來	山	仙A	開	三	入	來	l	ɔt	32	4	lɔt32	l	ot	9	4	lot9	量詞，排：「一迾屋都係我嘅產業」		
5612	𬻴	#N/A	#N/A	#N/A	#N/A	#N/A	#N/A	#N/A	n	iɛm	33	5	niɛm33	n	iem	1	5	niem1	量詞，瓣：「一𬻴柑果」丨「一𬻴沙田柚」		
5613	鹵	來	遇	模	開	一	上	來	l	ou	55	4	lou55	l	ou	2	4	lou2	本讀，「鹵水」		
5614	鹵	來	遇	模	開	一	上	來	l	uɔ	55	4	luɔ55	l	uo	2	4	luo2	又讀，動詞，「隻鵝係鹵嘅」		
5615	𦧲	#N/A	#N/A	#N/A	#N/A	#N/A	#N/A	#N/A	l	ui	55	4	lui55	l	ui	2	4	lui2	慢慢吐出：「𦧲痰」丨「𦧲口水」		
5616	攣	來	山	仙A	合	三	平	來	l	un	22	4	lun22	l	un	4	4	lun4	文讀，「痙攣」		
5617	攣	來	山	仙A	合	三	平	來	l	un	33	4	lun33	l	un	1	4	lun1	白讀，捲、捲曲、蜷縮：「冷到我攣埋被竇」		
5618	痙	群	梗	清A	開	三	上	見	k	ɐn	32	4	kɐn32	g	an	6	4	gan6			
5619	淥	來	通	東	開	一	入	來	l	ək	32	4	lək32	l	eak	9	5	leak9	用熱水燙：「淥麵」		
5620	擳	莊	臻	臻	開	三	入	莊	ts	iɛt	55	6	tsiɛt55	z	iet	7	5	ziet7	本讀，{1}用手搔人使癢；「擳癢(huɔi22)你」；{2}擠壓、通過擠壓而噴灑：「擳噴霧」		
5621	擳	莊	臻	臻	開	三	入	莊	s	iɛt	55	5	siɛt55	s	iet	7	5	siet7	變調，擠壓、通過擠壓而噴灑：「擳殺蟲水」		
5622	搽	#N/A	#N/A	#N/A	#N/A	#N/A	#N/A	#N/A	tsʰ	a	22	5	tsʰa22	c	aa	4	4	caa4	塗抹：「搽油」		
5623	彳	徹	梗	清B	開	三	入	知	tsʰ	ɐt	55	6	tsʰɐt55	c	at	7	4	cat7	本讀，動詞，單腳走或跳：「你tsʰɐt55下tsʰɐt55下，拗啊(ʔa33)柴莫」		
5624	彳	徹	梗	清B	開	三	入	知	tsʰ	ɐt	11	6	tsʰɐt11	c	at	5	4	cat5	tsʰɐt55的變調，單腳跳遊戲：「tsʰɐt55 tsʰɐt115」		
5625	𪘞	#N/A	#N/A	#N/A	#N/A	#N/A	#N/A	#N/A	s	ɔi	32	4	sɔi32	s	oi	6	4	soi6	動詞，顯露：「棵苗𪘞啊(ʔa33)出來」丨「𪘞牙(ŋa225)（齙牙）」		
5626	潲	生	效	肴	開	二	去	莊	s	au	33	4	sau33	s	aau	1	5	saau1	名詞，洗米水、泔水：「潲」		
5627	泔	見	咸	談	開	一	平	見	k	am	33	4	kam33	g	aam	1	5	gaam1			
5628	燥	#N/A	#N/A	#N/A	#N/A	#N/A	#N/A	#N/A	s	au	55	4	sau55	s	aau	2	5	saau2	訓讀，動詞，風乾、晾乾、乘涼：「我sau55下個身」丨「sau55乾呢衫」丨「sau55下呢蠔豉」		
5629	孱	崇	山	山	開	二	上	莊	s	ɔn	22	4	sɔn22	s	on	4	4	son4			
5630	呀	曉	假	麻	開	二	平	影	ʔ	a	33	3	ʔa33		aa	1	3	aa1			
5631	呀	曉	假	麻	開	二	平	影	j	a	55	3	ja55	j	aa	2	4	jaa2	表「當然」、「並且」、「並非」，表示對對方言行的進一步肯定或否定：「唔係呀，我唔識佢」丨「你問有冇紙巾？我有呀」丨「你都覺得佢好靚？係呀」		
5632	呀	曉	假	麻	開	二	平	影	j	a	22	3	ja22	j	aa	4	4	jaa4	祈使語氣詞：「快行呀」丨「乜你喐手呀」		
5633	呀	曉	假	麻	開	二	平	影	j	a	115	3	ja115	j	aa	5*	4	jaa5*	表「而已」、不值得驚奇：「少少錢呀」丨「考啊(ʔa33)99分呀」		
5634	哩	#N/A	#N/A	#N/A	#N/A	#N/A	#N/A	#N/A	l	ɛ	115	3	lɛ115	l	e	5*	3	le5*	當對方質疑時，對對方的進一步解釋：「唔係哩，我唔識佢」丨「我整啊(ʔa33)餸哩」		
5635	瘍	以	宕	陽	開	三	平	以	j	iŋ	22	4	jiŋ22	j	iing	4	6	jiing4	植物的汁液：「香蕉未熟就會有瘍」		
5636	薳	云	止	支B	合	三	上	影	j	uɔn	11	5	juɔn11	j	uon	5	5	juon5	嫩苗、嫩枝葉：「菜薳(juɔn115)」丨「瓜薳(juɔn115)」		
5637	鎅	#N/A	#N/A	#N/A	#N/A	#N/A	#N/A	#N/A	k	ɔi	33	4	kɔi33	g	oi	1	4	goi1	用刀鋸等劃開：「鎅瓦片」丨「鎅刀（美工刀）」		
5638	𢜴	#N/A	#N/A	#N/A	#N/A	#N/A	#N/A	#N/A	k	ai	32	4	kai32	g	aai	6	5	gaai6	訓讀，動詞，低頭：「kai32頭」丨四字詞：「kai32頭(hai22)kai32腦（垂頭聳腦）」		
5639	篋	溪	咸	添	開	四	入	見	k	iɛp	55	5	kiɛp55	g	iep	7	5	giep7	行李箱：「我有個皮篋」		
5640	趷	#N/A	#N/A	#N/A	#N/A	#N/A	#N/A	#N/A	k	it	32	4	kit32	g	it	9	4	git9	撅起：「趷起個老𦙓」		
5641	𢫏	#N/A	#N/A	#N/A	#N/A	#N/A	#N/A	#N/A	kʰ	əm	55	5	kʰəm55	k	eam	2	5	keam2	拿東西遮住：「𢫏好呢餸」		
5642	滰	群	宕	陽	開	三	上	見	kʰ	ɐn	22	5	kʰɐn22	k	an	4	4	kan4	讓濕潤的物件放在高位，讓水慢慢流亁：「等佢慢慢滰水」		
5643	扤	疑	臻	魂	合	一	入	見	ŋ	əp	32	4	ŋəp32	ng	eap	9	6	ngeap9	{1}點頭：「係同意就扤頭(hai225)」；{2}低頭：「你個頭扤落來了」		
5644	囓	#N/A	#N/A	#N/A	#N/A	#N/A	#N/A	#N/A	ŋ	iɛt	55	5	ŋiɛt55	ng	iet	7	6	ngiet7	訓讀，{1}擬聲詞，形容不穩固的椅子發出的零件碰撞的聲音：「張凳一味ŋiɛt55 ŋiɛt55聲」；{2}搖晃，晃動，令物體發出噪音：「你討張凳ŋiɛt55乜啊(ʔa33)」		
5645	扻	#N/A	#N/A	#N/A	#N/A	#N/A	#N/A	#N/A	h	əm	55	4	həm55	h	eam	2	5	heam2	撞：「扻埋墻」		
5646	扻	#N/A	#N/A	#N/A	#N/A	#N/A	#N/A	#N/A	kʰ	əm	55	5	kʰəm55	k	eam	2	5	keam2	掌摑：「扻巴掌」		
5647	砣	#N/A	#N/A	#N/A	#N/A	#N/A	#N/A	#N/A	h	ou	22	4	hou22	h	ou	4	4	hou4	「秤砣」		
5648	掂	#N/A	#N/A	#N/A	#N/A	#N/A	#N/A	#N/A	ʔ	iɛm	33	5	ʔiɛm33		iem	1	4	iem1	觸碰：「你唔好掂我」		
5649	掂	#N/A	#N/A	#N/A	#N/A	#N/A	#N/A	#N/A	ʔ	iɛm	32	5	ʔiɛm32		iem	6	4	iem6	{1}形容詞，直的：「條棍打掂擺」；{2}副詞，完成：「搞掂」；{3}讚賞事情做得好：「掂水」丨「掂啊(ʔa33)」		
5650	𨂽	#N/A	#N/A	#N/A	#N/A	#N/A	#N/A	#N/A	ʔ	əm	32	4	ʔəm32		eam	6	4	eam6	用力踩：「𨂽地」		
5651	趯	透	梗	青	開	四	入	端	ʔ	iɐk	33	5	ʔiɐk33		iak	8	4	iak8	驅趕，驅逐：「趯呢羊走」		
5652	嘟	#N/A	#N/A	#N/A	#N/A	#N/A	#N/A	#N/A	ʔ	ut	55	4	ʔut55		ut	7	3	ut7	訓讀，動詞，久坐不動：「你成日ʔut55到部電腦門前」		
5653	朊	#N/A	#N/A	#N/A	#N/A	#N/A	#N/A	#N/A	ŋ	un	55	4	ŋun55	ng	un	2	5	ngun2	訓讀，植物的幼苗：「瓜ŋun55」丨「豆(ʔai32)ŋun55」		
5654	罴	#N/A	#N/A	#N/A	#N/A	#N/A	#N/A	#N/A	p	ei	33	4	pei33	b	ei	33	4	bei33			
5655	癬	心	山	仙A	開	三	上	精	ɬ	ɐn	55	4	ɬɐn55	sl	an	2	5	slan2	筍殼魚：「癬索(ɬɔk11)」		
5656	鮎	#N/A	#N/A	#N/A	#N/A	#N/A	#N/A	#N/A	n	iɛm	115	5	niɛm115	n	iem	5*	5	niem5*	訓讀，名詞，幼蟲：「蛤蚧niɛm115（蝌蚪）」		
5657	揈	曉	梗	耕	合	二	平	影	f	ɐn	32	4	fɐn32	f	an	6	4	fan6	晃動：「揈衫」		
5658	份	#N/A	#N/A	#N/A	#N/A	#N/A	#N/A	#N/A	f	ɐn	32	4	fɐn32	f	an	6	4	fan6	訓讀，量詞，與「大」構成形容詞性短語，指體型大：「大fɐn32」		
5659	噢	#N/A	#N/A	#N/A	#N/A	#N/A	#N/A	#N/A	ʔ	u	55	3	ʔu55		u	2	2	u2	訓讀，語氣詞，哦豁：「u55 hu113」		
5660	唿	#N/A	#N/A	#N/A	#N/A	#N/A	#N/A	#N/A	h	u	113	3	hu113	h	u	3*	3	hu3*	訓讀，語氣詞，哦豁：「u55 hu113」		
5661	菇	#N/A	#N/A	#N/A	#N/A	#N/A	#N/A	#N/A	k	u	33	3	ku33	g	u	1	3	gu1	本讀，「冬菇」丨「草菇」丨「猴頭菇」		
5662	菇	#N/A	#N/A	#N/A	#N/A	#N/A	#N/A	#N/A	k	u	11	3	ku11	g	u	5	3	gu5	變調，「茨(si22)菇(ku115)」丨「草菇」		
5663	𡁶	#N/A	#N/A	#N/A	#N/A	#N/A	#N/A	#N/A	k	iɛt	55	5	kiɛt55	g	iet	7	5	giet7	訓讀，助詞，修飾飯焦，指用飯焦捏成的橢圓狀食物：「燶(nəŋ11)kiɛt55」		
5664	氹	#N/A	#N/A	#N/A	#N/A	#N/A	#N/A	#N/A	h	am	33	4	ham33	h	aam	1	5	haam1	本讀，{1}哄：「氹你開心」；{2}地名，「氹仔」		
5665	氹	#N/A	#N/A	#N/A	#N/A	#N/A	#N/A	#N/A	h	am	11	4	ham11	h	aam	5	5	haam5	變調，名詞，「一個氹」		
5666	氹	#N/A	#N/A	#N/A	#N/A	#N/A	#N/A	#N/A	h	əm	11	4	həm11	h	eam	5	5	heam5	白讀，名詞，「一個氹」		
5667	㘝	娘	咸	咸	開	二	入	知	ŋ	ap	33	4	ŋap33	ng	aap	8	6	ngaap8	動詞，褲子包裹上衣的動作、或把衣袖褲腿往上捲的動作：「㘝好褲腳」丨「㘝起衫袖」		
5668	淰	#N/A	#N/A	#N/A	#N/A	#N/A	#N/A	#N/A	l	əm	55	4	ləm55	l	eam	2	5	leam2	訓讀，副詞，修飾水，水汪汪：「水ləm55 ləm55」		
5669	螻	來	流	侯	開	一	平	來	l	ai	22	4	lai22	l	aai	4	5	laai4	水狗：「螻蛄」		
5670	蛄	見	遇	模	開	一	平	見	k	u	33	3	ku33	g	u	1	3	gu1	水狗：「螻蛄」		
5671	蟛	#N/A	#N/A	#N/A	#N/A	#N/A	#N/A	#N/A	pʰ	aŋ	22	5	pʰaŋ22	p	aang	4	6	paang4	小型蟹：「蟛蜞(kʰei11)」		
5672	蜞	#N/A	#N/A	#N/A	#N/A	#N/A	#N/A	#N/A	kʰ	ei	22	5	kʰei22	k	ei	4	4	kei4	本讀，螞蟥：「蟥蜞」		
5673	蜞	#N/A	#N/A	#N/A	#N/A	#N/A	#N/A	#N/A	kʰ	ei	11	5	kʰei11	k	ei	5	4	kei5	變調，小型蟹：「蟛蜞(kʰei11)」		
5674	姣	匣	效	肴	開	二	平	影	h	au	22	4	hau22	h	aau	4	5	haau4			
5675	涮	生	山	刪	合	二	去	莊	s	ɔn	33	4	sɔn33	s	on	1	4	son1			
5676	緋	幫	止	微	合	三	平	幫	f	ei	33	4	fei33	f	ei	1	4	fei1			
5677	戎	日	通	東	開	三	平	日	j	əŋ	22	4	jəŋ22	j	eang	4	6	jeang4			
5678	啫	#N/A	#N/A	#N/A	#N/A	#N/A	#N/A	#N/A	ts	iɛ	55	5	tsiɛ55	z	ie	2	4	zie2	「啫喱(lei225)」		
5678	啫	#N/A	#N/A	#N/A	#N/A	#N/A	#N/A	#N/A	ts	iɐu	22	6	tsiɐu22	z	iau	4	5	ziau4	訓讀，小孩子陰莖：「啫(tsiɐu22)啫(tsiɐu55)」		
5678	啫	#N/A	#N/A	#N/A	#N/A	#N/A	#N/A	#N/A	ts	iɐu	55	6	tsiɐu55	z	iau	2	5	ziau2	訓讀，小孩子陰莖：「啫(tsiɐu22)啫(tsiɐu55)」		
5679	喱	#N/A	#N/A	#N/A	#N/A	#N/A	#N/A	#N/A	l	ei	22	4	lei22	l	ei	4	4	lei4	「啫喱(lei225)」		
5680	喱	#N/A	#N/A	#N/A	#N/A	#N/A	#N/A	#N/A	l	ei	55	4	lei55	l	ei	2	4	lei2	「咖喱」丨「古喱（苦工）」		
5681	瘌	來	山	寒	開	一	入	來	l	ɔt	33	4	lɔt33	l	ot	8	4	lot8	{1}勒緊：「瘌啊(ʔa55)我條腰」；{2}形容詞，被勒得不舒服：「lɔt33 lɔt33 疼」		
5682	搙	泥	通	冬	合	一	入	端	n	ək	33	4	nək33	n	eak	8	5	neak8	{1}按壓、點觸：「搙下個掣」		
5683	骰	定	流	侯	開	一	平	端	s	iɛt	55	5	siɛt55	s	iet	2	5	siet2			
5684	釁	曉	臻	真B	開	三	去	影	h	in	33	4	hin33	h	in	1	4	hin1			
5685	搉	溪	江	江	開	二	入	見	kʰ	ɔk	55	5	kʰɔk55	k	ok	7	4	kok7	撞、敲打，多形容撞頭：「搉下個頭」丨「我唔覺意搉啊(ʔa11)搉落去」		
5686	咪	#N/A	#N/A	#N/A	#N/A	#N/A	#N/A	#N/A	m	ɔi	55	4	mɔi55	m	oi	2	4	moi2	麥克風：「咪頭（hai22）」		
5687	咪	#N/A	#N/A	#N/A	#N/A	#N/A	#N/A	#N/A	m	ɔi	32	4	mɔi32	m	oi	6	4	moi6	{1}「唔係」的連讀，不是：「我咪你個仔哇」；{2}語氣詞，不就：「試咪試咯」		
5688	嘛	#N/A	#N/A	#N/A	#N/A	#N/A	#N/A	#N/A	m	a	32	3	ma32	m	aa	6	4	maa6	語氣詞，就：「嘛係咯」丨「你嘛走咯」		
5689	哐	#N/A	#N/A	#N/A	#N/A	#N/A	#N/A	#N/A	kʰ	ɔŋ	55	5	kʰɔŋ55	k	ong	2	5	kong2	{1}擬聲詞，金屬器皿碰撞聲：「哐哐響」；{2}空空如也：「空哐哐」		
5690	噠	#N/A	#N/A	#N/A	#N/A	#N/A	#N/A	#N/A	t	ɔt	11	4	tɔt11	d	ot	5	4	dot5	訓讀，副詞，修飾爛、不成型：「爛tɔt11」丨「爛tɔt11爛tɔt11」丨「爛tɔt11飯（煮成粘稠的飯，介乎飯盒粥之間）」		
5691	撻	透	山	寒	開	一	入	端	tʰ	ɔt	55	5	tʰɔt55	t	ot	2	4	tot2	{1}「蛋撻」；{2}髮型：「梳一個撻」；{3}點火、啟動機器的引擎，同「炟」：「撻著部手扶仔」		
5692	虢	見	梗	庚	合	二	入	見	kʰ	ɐt	55	5	kʰɐt55	k	at	7	4	kat7			
5693	俶	昌	通	東	開	三	入	章	tsʰ	ək	55	6	tsʰək55	c	eak	7	5	ceak7			
5694	厥	見	山	元	合	三	入	見	kʰ	ut	55	5	kʰut55	k	ut	7	4	kut7			
5695	䟴	章	臻	真A	開	三	去	章	ŋ	ɐn	33	4	ŋɐn33	ng	an	1	5	ngan1	抖動：「䟴腳」		
5696	鱔	#N/A	#N/A	#N/A	#N/A	#N/A	#N/A	#N/A	s	iɛn	11	5	siɛn11	s	ien	5	5	sien5			
5697	膳	常	山	仙A	開	三	去	章	s	iɛn	11	5	siɛn11	s	ien	5	5	sien5			
5698	硤	匣	咸	咸	開	二	入	影	k	iɛp	32	5	kiɛp32	g	iep	9	5	giep9			
5699	莞	見	山	寒	合	一	平	見	k	uɔn	55	5	kuɔn55	g	uon	2	5	guon2	「莞草」丨「東莞」		
5700	莞	匣	山	寒	合	一	平	影	f	uɔn	55	5	fuɔn55	f	uon	2	5	fuon2	「莞爾」		
5701	仄	莊	曾	蒸	開	三	入	莊	ts	ɐt	55	5	tsɐt55	z	at	7	4	zat7			
5702	駒	見	遇	虞	合	三	平	見	kʰ	ui	33	5	kʰui33	k	ui	1	4	kui1			
5703	佢	#N/A	#N/A	#N/A	#N/A	#N/A	#N/A	#N/A	kʰ	ui	33	5	kʰui33	k	ui	1	4	kui1			
5704	罔	明	宕	陽	合	三	上	幫	m	ɔŋ	11	4	mɔŋ11	m	ong	5	5	mong5			
5705	箴	章	深	侵A	開	三	平	章	ts	im	33	5	tsim33	z	im	1	4	zim1			
5706	邙	明	宕	唐	開	一	平	幫	m	ɔŋ	22	4	mɔŋ22	m	ong	4	5	mong4			
5707	楹	以	梗	清A	開	三	平	以	ŋ	ɐn	22	4	ŋɐn22	ng	an	4	5	ngan4			
5708	弁	並	山	仙B	開	三	去	幫	p	ɐn	32	4	pɐn32	b	an	6	4	ban6			
5709	攆	#N/A	#N/A	#N/A	#N/A	#N/A	#N/A	#N/A	l	ɐn	11	4	lɐn11	l	an	5	4	lan5			
5710	磻	並	山	寒	開	一	平	幫	pʰ	uɔn	22	6	pʰuɔn22	p	uon	4	5	puon4			
5711	阜	並	流	尤	合	三	上	幫	f	ai	11	4	fai11	f	aai	5	5	faai5			
5712	乂	疑	蟹	廢	開	三	去	見	ŋ	ɔi	32	4	ŋɔi32	ng	oi	6	5	ngoi6			
5713	弋	以	曾	蒸	開	三	入	以	j	ɐt	32	4	jɐt32	j	at	9	4	jat9			
5714	碣	群	山	仙B	開	三	入	見	kʰ	ɐt	55	5	kʰɐt55	k	at	7	4	kat7			
5715	邈	明	江	江	開	二	入	幫	m	iɐu	11	5	miɐu11	m	iau	5	5	miau5			
5716	岫	邪	流	尤	開	三	去	精	t	iu	32	4	tiu32	d	iu	6	4	diu6			
5717	藐	明	效	宵A	開	三	上	幫	m	iɐu	11	5	miɐu11	m	iau	5	5	miau5			
5718	稼	見	假	麻	開	二	去	見	k	a	33	3	ka33	g	aa	1	4	gaa1			
5719	穡	生	曾	蒸	開	三	入	莊	s	ɐt	55	4	sɐt55	s	at	7	4	sat7			
5720	稷	精	曾	蒸	開	三	入	精	t	ɐt	55	4	tɐt55	d	at	7	4	dat7			
5721	祗	章	止	脂A	開	三	平	章	ts	i	55	4	tsi55	z	i	2	3	zi2			
5722	皋	見	效	豪	開	一	平	見	k	au	33	4	kau33	g	aau	1	5	gaau1			
5723	慽	清	梗	青	開	四	入	精	tʰ	ɐt	55	5	tʰɐt55	t	at	7	4	tat7			
5724	翳	影	蟹	齊	開	四	去	影	ʔ	ɔi	33	4	ʔɔi33		oi	1	3	oi1			
5725	絳	見	江	江	開	二	去	見	k	ɔŋ	33	4	kɔŋ33	g	ong	1	5	gong1			
5726	鵾	見	臻	魂	合	一	平	見	kʰ	un	33	5	kʰun33	k	un	1	4	kun1			
5727	翫	疑	山	寒	合	一	去	見	ŋ	uɔn	32	5	ŋuɔn32	ng	uon	6	6	nguon6			
5728	輶	以	流	尤	開	三	平	以	j	iu	22	4	jiu22	j	iu	4	4	jiu4			
5729	飫	影	遇	魚	開	三	去	影	j	i	32	3	ji32	j	i	6	3	ji6			
5730	紈	匣	山	寒	合	一	平	影	j	uɔn	22	5	juɔn22	j	uon	4	5	juon4			
5731	絝	溪	遇	模	開	一	去	見	f	u	33	3	fu33	f	u	1	3	fu1			
5732	荀	心	臻	真A	合	三	平	精	ɬ	un	33	4	ɬun33	sl	un	1	5	slun1			
5733	觴	書	宕	陽	開	三	平	章	s	iŋ	33	4	siŋ33	s	iing	1	6	siing1			
5734	嫡	端	梗	青	開	四	入	端	ʔ	ɐt	55	4	ʔɐt55		at	7	3	at7			
5735	顙	心	宕	唐	開	一	上	精	ɬ	ɔŋ	11	4	ɬɔŋ11	sl	ong	5	6	slong5			
5736	箋	精	山	先	開	四	平	精	t	ɐn	33	4	tɐn33	d	an	1	4	dan1			
5737	牒	定	咸	添	開	四	入	端	ʔ	iɛp	32	5	ʔiɛp32		iep	9	4	iep9			
5738	驤	心	宕	陽	開	三	平	精	ɬ	iŋ	33	4	ɬiŋ33	sl	iing	1	7	sliing1			
5739	嵇	匣	蟹	齊	開	四	平	影	kʰ	ɔi	33	5	kʰɔi33	k	oi	1	4	koi1			
5740	顰	並	臻	真A	開	三	平	幫	pʰ	in	22	5	pʰin22	p	in	4	4	pin4			
5741	璇	邪	山	仙A	合	三	平	精	ɬ	un	22	4	ɬun22	sl	un	4	5	slun4			
5742	璣	見	止	微	開	三	平	見	k	ei	33	4	kei33	g	ei	1	4	gei1			
5743	斡	影	山	寒	合	一	入	影	ʋ	ɔt	33	4	ʋɔt33	v	ot	8	4	vot8			
5744	祜	匣	遇	模	開	一	上	影	f	u	32	3	fu32	f	u	6	3	fu6			
5745	綏	心	止	脂A	合	三	平	精	ɬ	ui	33	4	ɬui33	sl	ui	1	5	slui1			
5746	矜	見	曾	蒸	開	三	平	見	k	ɐn	33	4	kɐn33	g	an	1	4	gan1			
5747	鰥	見	山	山	合	二	平	見	k	ɔn	33	4	kɔn33	g	on	1	4	gon1			
5748	誚	從	效	宵A	開	三	去	精	tʰ	iɐu	33	6	tʰiɐu33	t	iau	1	5	tiau1			
5749	饌	崇	山	仙B	合	三	去	莊	ts	ɔn	32	5	tsɔn32	z	on	6	4	zon6			
5750	踎	#N/A	#N/A	#N/A	#N/A	#N/A	#N/A	#N/A	m	ai	33	4	mai33	m	aai	1	5	maai1	蹲下：「我踎一下」		
5751	踎	#N/A	#N/A	#N/A	#N/A	#N/A	#N/A	#N/A	p	ai	33	4	pai33	b	aai	1	5	baai1	又讀，蹲下：「我踎一下」		
5752	𧨊	#N/A	#N/A	#N/A	#N/A	#N/A	#N/A	#N/A	ts	a	32	4	tsa32	z	aa	6	4	zaa6	{1}形容詞，佔地方多：「訝tsa32」；{2}形容詞，潑辣：「罷tsa32」		
5753	蜰	並	止	微	合	三	去	幫	p	ei	33	4	pei33	b	ei	1	4	bei1	虱子：「夠蜰」		
5754	孭	#N/A	#N/A	#N/A	#N/A	#N/A	#N/A	#N/A	m	iɛ	55	4	miɛ55	m	ie	2	4	mie2	揹：「孭起瓶煤氣」		
5755	嗝	見	梗	耕	開	二	入	見	k	ak	33	4	kak33	g	aak	8	5	gaak8	文讀，「打嗝」		
5756	嗝	見	梗	耕	開	二	入	見	ʔ	ək	55	4	ʔək55		eak	7	4	eak7	白讀，打嗝：「塞(ɬak55)嗝」		
5757	閹	影	咸	鹽B	開	三	平	影	j	iɛm	33	5	jiɛm33	j	iem	1	5	jiem1			
5758	鐙	端	曾	登	開	一	去	端	ʔ	aŋ	33	4	ʔaŋ33		aang	1	5	aang1	本讀，「馬鐙」		
5759	鐙	端	曾	登	開	一	去	端	n	aŋ	11	4	naŋ11	n	aang	5	6	naang5	訓讀，腳踏的鐙：「單車有個鐙」		
5760	哋	#N/A	#N/A	#N/A	#N/A	#N/A	#N/A	#N/A	t	ei	32	4	tei32	d	ei	6	4	dei6	副詞，修飾好：「好哋哋」		
5761	擸	來	咸	談	開	一	入	來	l	ap	33	4	lap33	l	aap	8	5	laap8	擼起衣物：「擸起件衫袖」		
5762	擸	來	咸	談	開	一	入	來	l	ap	32	4	lap32	l	aap	9	5	laap9	量詞，一個區劃、一個部分：「一大擸田都係我企嘅」		
5763	媛	云	山	元	合	三	平	影	j	uɔn	22	5	juɔn22	j	uon	4	5	juon4			
5764	𠹭	#N/A	#N/A	#N/A	#N/A	#N/A	#N/A	#N/A	k	uɔ	115	4	kuɔ115	g	uo	5*	4	guo5*	助詞，僅用於表示打和：「和kuɔ115」丨「「打和kuɔ115」」		
5765	衩	初	蟹	佳	開	二	去	莊	tsʰ	a	55	5	tsʰa55	c	aa	2	4	caa2	內褲：「底衩」		
5766	扱	初	咸	咸	開	二	入	莊	kʰ	əp	55	5	kʰəp55	k	eap	7	5	keap7	小開口物件開口朝下蓋住的狀態：「洗碗之後要扱好乃碗碟」		
5767	扱	#N/A	#N/A	#N/A	#N/A	#N/A	#N/A	#N/A	kʰ	əp	33	5	kʰəp33	k	eap	8	5	keap8	動詞，下垂、有倒下的趨勢：「蔸樹kʰəp33啊(ʔa33)落來」		
5768	埞	#N/A	#N/A	#N/A	#N/A	#N/A	#N/A	#N/A	ʔ	iɐŋ	32	5	ʔiɐŋ32		iang	6	5	iang6	地方：「埞」		
5769	潷	#N/A	#N/A	#N/A	#N/A	#N/A	#N/A	#N/A	m	it	33	4	mit33	m	it	8	4	mit8	訓讀，動詞，慢慢流出，多用於尿道：「mit33尿」		
5770	噍	從	效	宵A	開	三	去	精	t	iɐu	32	5	tiɐu32	d	iau	6	5	diau6	吃、咬食物：「你慢慢噍，我走先」		
5771	謗	#N/A	#N/A	#N/A	#N/A	#N/A	#N/A	#N/A	pʰ	ɔŋ	11	5	pʰɔŋ11	p	ong	5	5	pong5	訓讀，形容詞，孤僻：「阿文好pʰɔŋ11嘅，你唔好激佢」丨「三(ɬam33)八(pɔt55) pʰɔŋ115（對孤僻者的蔑稱）」		
5772	胛	見	咸	銜	開	二	入	見	k	ap	33	4	kap33	g	aap	8	5	gaap8	腋下：「胛ŋap55」丨「胛虎底」		
5773	𫫄	#N/A	#N/A	#N/A	#N/A	#N/A	#N/A	#N/A	ŋ	ap	55	4	ŋap55	ng	aap	7	6	ngaap7	訓讀，{1}腋下：「胛ŋap55」；{2}榫卯結構：「ŋap55 口」		
5774	𫫄	#N/A	#N/A	#N/A	#N/A	#N/A	#N/A	#N/A	ŋ	ap	11	4	ŋap11	ng	aap	10	6	ngaap10	訓讀，「ŋap55」的變調，榫卯結構：「一個ŋap11」		
5775	僆	來	山	仙A	開	三	上	來	l	ɔn	225	4	lɔn225	l	on	5*	4	lon5*	未下過蛋的雞：「雞僆」		
5776	𠯦	#N/A	#N/A	#N/A	#N/A	#N/A	#N/A	#N/A	tsʰ	iɛt	33	7	tsʰiɛt33	c	iet	8	5	ciet8	副詞，修飾薄：「薄𠯦啊(ʔa33)」		
5777	敨	#N/A	#N/A	#N/A	#N/A	#N/A	#N/A	#N/A	h	ai	55	4	hai55	h	aai	2	5	haai2	{1}鬆、不穩固：「螺絲敨啊(ʔa33)」丨「牙敨啊(ʔa33)」丨「敨啊(ʔa33)（鬆一口氣）」；{2}動詞，用水沖開、調稀：「敨麥片（沖開麥片沖劑）」丨「敨開乃麵粉（用水把麵粉調稀）」		
5778	匡	溪	宕	陽	合	三	平	見	kʰ	ɔŋ	33	5	kʰɔŋ33	k	ong	1	5	kong1			
5779	㓤	溪	山	山	開	二	入	見	k	it	3	4	kit3	g	it	8	4	git8	刺、捅：「㓤傷我」		
5780	佮	見	咸	覃	開	一	入	見	k	ap	33	4	kap33	g	aap	8	5	gaap8	合得來：「我同你非常佮」		
5781	佮	#N/A	#N/A	#N/A	#N/A	#N/A	#N/A	#N/A	tʰ	əp	7	5	tʰəp7	t	eap	7	5	teap7	副詞，修飾整齊：「齊佮佮」		
5782	劏	#N/A	#N/A	#N/A	#N/A	#N/A	#N/A	#N/A	h	ɔŋ	33	4	hɔŋ33	h	ong	1	5	hong1			
5783	滮	#N/A	#N/A	#N/A	#N/A	#N/A	#N/A	#N/A	p	iɐu	33	5	piɐu33	b	iau	1	5	biau1	拉稀、竄稀：「滮屎」丨「滮」		
5784	𧨾	#N/A	#N/A	#N/A	#N/A	#N/A	#N/A	#N/A	h	am	33	4	ham33	h	aam	1	5	haam1	探望：「𧨾你阿人」		
5785	䅺	#N/A	#N/A	#N/A	#N/A	#N/A	#N/A	#N/A	p	iɐu	33	5	piɐu33	b	iau	1	5	biau1	冒出、長高：「三民仔一下䅺高」		
5786	韞	影	臻	魂	合	一	平	影	ʋ	un	33	4	ʋun33	v	un	1	4	vun1	困住：「韞到企」		
5787	熛	幫	效	宵A	開	三	平	幫	p	iɐu	33	5	piɐu33	b	iau	1	5	biau1	火星迸飛：「火屎四處熛」		
5788	猋	幫	效	宵A	開	三	平	幫	p	iɐu	33	5	piɐu33	b	iau	1	5	biau1			
5789	抔	並	流	侯	開	一	平	幫	p	uɔt	32	5	puɔt32	b	uot	9	5	buot9	本讀，舀：「抔飯」		
5790	抔	並	流	侯	開	一	平	幫	p	uɔt	11	5	puɔt11	b	uot	10	5	buot10	變調，舀：「抔飯」		
5791	㵒	並	止	微	合	三	去	幫	f	iɛ	11	4	fiɛ11	f	ie	5	4	fie5	噴射：「㵒水」丨「㵒啊(ʔa33)去」		
5792	𤸻	#N/A	#N/A	#N/A	#N/A	#N/A	#N/A	#N/A	n	a	11	3	na11	n	aa	5	4	naa5	同「疤(na11)」，疤痕：「一笪𤸻」		
5793	嫽	來	效	宵A	開	三	上	來	l	au	11	4	lau11	l	aau	5	5	laau5	同「撈(lau11)」，玩耍：「去嫽」		
5794	騮	來	流	尤	開	三	平	來	l	ai	55	4	lai55	l	aai	2	5	laai2	猴子：「馬(ma33)騮」		
5795	鉸	見	效	肴	開	二	去	見	k	au	33	4	kau33	g	aau	1	5	gaau1			
5796	丼	端	咸	覃	開	一	上	端	t	əm	11	4	təm11	d	eam	5	5	deam5	落水聲：「跌落水丼一聲」		
5797	腯	定	臻	魂	合	一	入	端	t	ut	55	4	tut55	d	ut	7	4	dut7	副詞，形容肥胖、矮：「肥腯啊(ʔa33)」丨「肥腯腯」丨丨「矮腯腯」四字詞：「肥頭(hai22)腯(tut55)耳」		
5798	腯	定	臻	魂	合	一	入	端	t	ut	33	4	tut33	d	ut	8	4	dut8	副詞，形容快、肥胖、：「肥腯啊(ʔa33)」丨「快腯啊(ʔa33)」丨		
5799	疍	#N/A	#N/A	#N/A	#N/A	#N/A	#N/A	#N/A	ʔ	ɔn	32	4	ʔɔn32		on	6	3	on6			
5800	鉢	幫	山	寒	開	一	入	幫	p	uɔt	11	5	puɔt11	b	uot	10	5	buot10	同「缽」，器皿：「鉢仔」		
5801	甂	幫	山	先	開	四	平	幫	p	ɐn	33	4	pɐn33	b	an	1	4	ban1	瓦煲，多用於火鍋：「打甂爐」		
5802	齙	#N/A	#N/A	#N/A	#N/A	#N/A	#N/A	#N/A	p	au	32	4	pau32	b	aau	6	5	baau6			
5803	壅	影	通	鍾	開	三	平	影	j	əŋ	33	4	jəŋ33	j	eang	1	6	jeang1	掩埋：「討泥壅啊(ʔa33)呢垃圾佢」		
5804	睄	#N/A	#N/A	#N/A	#N/A	#N/A	#N/A	#N/A	s	au	33	4	sau33	s	aau	1	5	saau1	眼看八方：四字詞 「一眼三(ɬam33)睄」		
5805	㓟	滂	蟹	齊	開	四	平	幫	pʰ	ɔi	33	5	pʰɔi33	p	oi	1	4	poi1	削：「㓟皮」		
5806	睩	來	通	東	開	一	入	來	l	ək	55	4	lək55	l	eak	7	5	leak7	眼珠轉動的樣子：「眼仔睩睩」		
5807	冚	#N/A	#N/A	#N/A	#N/A	#N/A	#N/A	#N/A	h	am	32	4	ham32	h	aam	6	5	haam6	本讀，全部：「冚世界」丨「冚家」		
5808	冚	#N/A	#N/A	#N/A	#N/A	#N/A	#N/A	#N/A	h	am	11	4	ham11	h	aam	5	5	haam5	訓讀，副詞，一個動作與另一個動作同時進行，用法與「一邊…一邊…」一致：「ham11馬(ma11)」丨「ham11馬(ma11)走ham11馬(ma11)tsʰəm22（邊走邊跳）」		
5809	梘	#N/A	#N/A	#N/A	#N/A	#N/A	#N/A	#N/A	k	ɔn	55	4	kɔn55	g	on	2	4	gon2	{1}洗衣粉：「梘粉」；{2}沐浴液：「刨梘（往全身塗抹沐浴液）」		
5810	㗎	#N/A	#N/A	#N/A	#N/A	#N/A	#N/A	#N/A	k	a	33	3	ka33	g	aa	1	4	gaa1	語氣詞，表達強調、驚訝：「你唔識㗎？」		
5811	溚	#N/A	#N/A	#N/A	#N/A	#N/A	#N/A	#N/A	t	ɔt	33	4	tɔt33	d	ot	8	4	dot8	副詞，修飾濕：「濕(sik33)溚溚」		
5812	肨	滂	江	江	開	二	去	幫	pʰ	aŋ	33	5	pʰaŋ33	p	aang	1	6	paang1	副詞，修飾臭：「臭pʰaŋ33 pʰaŋ33」		
5813	睸	#N/A	#N/A	#N/A	#N/A	#N/A	#N/A	#N/A	m	ei	33	4	mei33	m	ei	1	4	mei1	假寐：「我睸個十分鐘」		
5814	孻	#N/A	#N/A	#N/A	#N/A	#N/A	#N/A	#N/A	l	ɔi	55	4	lɔi55	l	oi	2	4	loi2	最後：「孻尾(mei55)」		
5815	媾	見	流	侯	開	一	去	見	kʰ	ai	33	5	kʰai33	k	aai	1	5	kaai1			
5816	緪	見	曾	登	開	一	平	見	h	aŋ	22	4	haŋ22	h	aang	4	6	haang4	繃緊：「拉緪條牛筋」		
5817	撏	常	咸	鹽A	開	三	平	章	tʰ	iɛm	22	6	tʰiɛm22	t	iem	4	5	tiem4	拔：「撏雞毛」丨「撏烏龜（撲克牌玩法）」		
5818	䨻	並	梗	耕	開	二	去	幫	p	aŋ	11	4	paŋ11	b	aang	5	6	baang5	擬聲詞，爆炸聲、重擊聲：「樓上䨻䨻聲，好恐怖」		
5819	錍	滂	蟹	齊	開	四	平	幫	pʰ	ɔi	11*	5	pʰɔi11*	p	oi	5*	4	poi5*	泛指體細長而頭多瓣的金屬用具：「螺絲錍」		
5820	絀	知	臻	真B	合	三	入	知	ts	uɔt	55	6	tsuɔt55	z	uot	7	5	zuot7	本讀，「相形見絀」		
5821	絀	知	臻	真B	合	三	入	知	s	uɔt	55	5	suɔt55	s	uot	7	5	suot7	訓讀，傻，英文short的音譯：「吽老李絀絀哋」		
5822	裇	#N/A	#N/A	#N/A	#N/A	#N/A	#N/A	#N/A	s	uɔt	55	5	suɔt55	s	uot	7	5	suot7	衣服，英文shirt的音譯：「裇衫(sam55)」丨「機裇（夾克衫）」		
5823	坑	溪	梗	庚	開	二	平	見	h	aŋ	55	4	haŋ55	h	aang	2	6	haang2	訓讀。老haŋ55：對長者的蔑稱		
5824	笪	端	山	寒	開	一	去	端	ʔ	ɔt	33	4	ʔɔt33		ot	8	3	ot8	量詞，修飾區域、墳墓、成堆的物體：「一笪山（一座山墳）」丨「呢垃圾成笪笪」丨「一笪地」		
5825	搣	明	山	仙A	開	三	入	幫	m	ɐt	33	4	mɐt33	m	at	8	4	mat8	用手撕、剝、扭：「搣爛張紙」丨「搣橙」丨「搣下你塊面」		
5826	𦙓	#N/A	#N/A	#N/A	#N/A	#N/A	#N/A	#N/A	j	iu	11	4	jiu11	j	iu	5	4	jiu5	屁股：「老(lau55)𦙓(jiu115)」丨「(lau55)𦙓裂(liɛp11)（屁股縫）」		
5827	翕	曉	深	侵B	開	三	入	影	j	ap	32	4	jap32	j	aap	9	5	jaap9	招手、揮手：「翕佢過來」丨「翕下手，架車講會停車」		
5828	蠱	見	遇	模	開	一	上	見	k	u	55	3	ku55	g	u	2	3	gu2			
5829	鐖	見	止	微	開	三	平	見	k	ɔi	33	4	kɔi33	g	oi	1	4	goi1	小型機關、器械、車輛：「火柴鐖(kɔi335)」丨「三(ɬam33)腳(kik33)鐖(kɔi33)（三輪摩托車）」		
5830	䏘	滂	臻	真A	開	三	入	幫	pʰ	iɛt	55	6	pʰiɛt55	p	iet	7	5	piet7	屁股，為英文pat的音譯：「䏘䏘」		
5831	㿰	#N/A	#N/A	#N/A	#N/A	#N/A	#N/A	#N/A	ŋ	ai	33	4	ŋai33	ng	aai	1	6	ngaai1	副詞，修飾生、生存、不熟：「生(saŋ33)㿰㿰」		
5832	褦	#N/A	#N/A	#N/A	#N/A	#N/A	#N/A	#N/A	n	aŋ	33	4	naŋ33	n	aang	1	6	naang1	連詞，連著：「豬肉褦埋層皮」丨「我褦埋你去見工」		
5833	炟	端	山	寒	開	一	入	端	tʰ	ɔt	55	5	tʰɔt55	t	ot	7	4	tot7	點火、啟動機器的引擎：「炟著部手扶仔」		
5834	𨋢	#N/A	#N/A	#N/A	#N/A	#N/A	#N/A	#N/A	l	ip	55	4	lip55	l	ip	7	4	lip7	升降機，英文lift的音譯：「搭𨋢」		
5835	㔍	初	山	刪	合	二	入	莊	tsʰ	ɔt	33	6	tsʰɔt33	c	ot	8	4	cot8	大吃一頓：「㔍餐勁嘅」		
5836	噗	#N/A	#N/A	#N/A	#N/A	#N/A	#N/A	#N/A	pʰ	u	11	4	pʰu11	p	u	5	3	pu5	大力噴口水：「噗口水」		
5837	鷂	以	效	宵A	開	三	去	以	j	iɐu	11	5	jiɐu11	j	iau	5	5	jiau5	風箏：「紙鷂(jiɐu115)」		
5838	漴	崇	江	江	開	二	去	莊	ts	ɔŋ	32	5	tsɔŋ32	z	ong	6	5	zong6	用水沖：「漴廁所」丨「用水漴啊(ʔa33)呢塵」		
5839	饐	影	止	脂B	開	三	去	影	j	ɐt	55	4	jɐt55	j	at	7	4	jat7	帶油的食物放久以致產生苦或難聞的氣味：「油饐味」		
5840	坺	並	山	寒	開	一	入	幫	pʰ	iɛt	11	6	pʰiɛt11	p	iet	10	5	piet10	量詞，修飾糊狀物：「一坺屎」		
5841	㳌	#N/A	#N/A	#N/A	#N/A	#N/A	#N/A	#N/A	ʔ	ap	55	4	ʔap55		aap	7	4	aap7	不通風的發霉味道：「㳌味」		
5842	𠞖	#N/A	#N/A	#N/A	#N/A	#N/A	#N/A	#N/A	k	əŋ	33	4	kəŋ33	g	eang	1	6	geang1	從物體底下穿過：「到枱底𠞖」		
5843	辦	#N/A	#N/A	#N/A	#N/A	#N/A	#N/A	#N/A	p	ɔn	55	4	pɔn55	b	on	2	4	bon2	訓讀，助詞，非得要，僅用於「係pɔn55要」：「你係pɔn55要吃草莓莫」		
5844	甩	#N/A	#N/A	#N/A	#N/A	#N/A	#N/A	#N/A	ʋ	au	32	4	ʋau32	v	aau	6	5	vaau6	訓讀，甩：「唔好討你件衫ʋau32」		
5845	髧	定	咸	覃	開	一	上	端	ʔ	əm	33	4	ʔəm33		eam	1	4	eam1	副詞，修飾重：「重(tsʰəŋ33)髧啊(ʔa33)」		
5846	澇	來	效	豪	開	一	上	來	l	au	32	4	lau32	l	aau	6	5	laau6	量詞，{1}沖水的次數：「茶包沖過一澇」；{2}量詞，修飾農作物收成，同「造」：「一lau32」丨「過lau32（過了這次的收成）」		
5847	䪏	泥	咸	覃	開	一	入	端	n	əp	33	4	nəp33	n	eap	8	5	neap8	副詞，修飾軟：「軟䪏啊(ʔa33)」		
5848	嘟	#N/A	#N/A	#N/A	#N/A	#N/A	#N/A	#N/A	t	ut	55	4	tut55	d	ut	7	4	dut7	訓讀，動詞，久坐不動：「佢日日tut55到個沙發上面」		
5849	鑷	娘	咸	鹽B	開	三	入	知	n	iɛp	55	5	niɛp55	n	iep	7	5	niep7	本讀，「鑷子」		
5850	鑷	娘	咸	鹽B	開	三	入	知	n	iɛp	11	5	niɛp11	n	iep	5	5	niep5	變調，名詞，「一個鑷(niɛp115)」丨「鑷仔」		
5851	唚	#N/A	#N/A	#N/A	#N/A	#N/A	#N/A	#N/A	tsʰ	am	33	6	tsʰam33	c	aam	1	5	caam1	囉嗦：「唚氣(hei33)」		
5852	𬔶	#N/A	#N/A	#N/A	#N/A	#N/A	#N/A	#N/A	m	ak	55	4	mak55	m	aak	7	5	maak7	量詞，修飾量米的量：「一𬔶米」		
5853	揢	#N/A	#N/A	#N/A	#N/A	#N/A	#N/A	#N/A	kʰ	ak	55	5	kʰak55	k	aak	7	5	kaak7	訓讀，動詞，大力砸：「用石頭kʰak55穿架車」		
5854	僗	來	效	豪	開	一	去	來	l	au	55	4	lau55	l	aau	2	5	laau2	對北方人的蔑稱：「北僗頭(hai22)」		
5855	豇	見	江	江	開	二	平	見	k	ɔŋ	33	4	kɔŋ33	g	ong	1	5	gong1			
5856	䁽	來	咸	鹽A	開	三	入	來	l	ap	33	4	lap33	l	aap	8	5	laap8	粗略快速地瀏覽：「䁽下眼」		
5857	漝	#N/A	#N/A	#N/A	#N/A	#N/A	#N/A	#N/A	ɬ	əp	55	4	ɬəp55	sl	eap	7	6	sleap7	零散：「漝碎(ɬui33)」丨「漝口(零食)」		
5858	捒	#N/A	#N/A	#N/A	#N/A	#N/A	#N/A	#N/A	s	ut	55	4	sut55	s	ut	7	4	sut7	訓讀，投籃，為英文shoot的音譯		
5859	孽	#N/A	#N/A	#N/A	#N/A	#N/A	#N/A	#N/A	ŋ	ɐt	55	4	ŋɐt55	ng	at	7	5	ngat7			
5860	褻	心	山	仙A	開	三	入	精	ɬ	ɐt	55	4	ɬɐt55	sl	at	7	5	slat7			
5861	猥	影	蟹	灰	合	一	上	影	ʋ	ei	33	4	ʋei33	v	ei	1	4	vei1			
5862	拟	#N/A	#N/A	#N/A	#N/A	#N/A	#N/A	#N/A	ŋ	ei	11	4	ŋei11	ng	ei	5	5	ngei5			
5863	喥	#N/A	#N/A	#N/A	#N/A	#N/A	#N/A	#N/A	t	ɔk	11	4	tɔk11	d	ok	10	4	dok10	訓讀，擬聲詞，物件斷裂的聲音：「tɔk11一下好斷啊(ʔa33)」		
5864	嗒	#N/A	#N/A	#N/A	#N/A	#N/A	#N/A	#N/A	t	ap	55	4	tap55	d	aap	7	5	daap7	僅用於口語「鹹嗒」，泛指涼果類食品		
5865	蒯	溪	蟹	皆	合	二	去	見	k	ɔi	33	4	kɔi33	g	oi	1	4	goi1			
5866	挼	#N/A	#N/A	#N/A	#N/A	#N/A	#N/A	#N/A	n	ou	22	4	nou22	n	ou	4	4	nou4	訓讀，動詞，搓衣服，或擰乾水的動作：「nou22衫」丨「nou22乾條手巾」		
5867	戍	書	遇	虞	合	三	去	章	s	i	33	3	si33	s	i	1	3	si1			
5868	根	#N/A	#N/A	#N/A	#N/A	#N/A	#N/A	#N/A	k	in	115	4	kin115	g	in	5*	4	gin5*	訓讀，助詞，待會，為「興ni11久」的變音：「歇(hɐt33) kin115」		
5869	讕	來	山	寒	開	一	去	來	l	ɐn	32	4	lɐn32	l	an	6	4	lan6	自以為：「讕叻」		
5870	鱐	#N/A	#N/A	#N/A	#N/A	#N/A	#N/A	#N/A	ɬ	iu	55	4	ɬiu55	sl	iu	2	5	sliu2	訓讀，名詞，鳳尾魚：「鳳尾(mei55)ɬiu55」		
5871	鷓	章	假	麻	開	三	去	章	ts	iɛ	33	5	tsiɛ33	z	ie	1	4	zie1	文讀，「鷓(tsiɛ33)鴣(ku33)」		
5872	鷓	章	假	麻	開	三	去	章	tsʰ	iɐk	33	7	tsʰiɐk33	c	iak	8	5	ciak8	白讀，「鷓(tsʰiɐk33)鴣(ku115)」		
5873	鴣	見	遇	模	開	一	平	見	k	u	33	3	ku33	g	u	1	3	gu1	本讀，「鷓(tsiɛ33)鴣(ku33)」		
5874	鴣	見	遇	模	開	一	平	見	k	u	11	3	ku11	g	u	5	3	gu5	變調，「鷓(tsʰiɐk33)鴣(ku115)」		
5875	捋	#N/A	#N/A	#N/A	#N/A	#N/A	#N/A	#N/A	l	ut	33	4	lut33	l	ut	8	4	lut8	訓讀，副詞，修飾乾淨：「淨(tiɐŋ32)lut33啊(ʔa33)」		
5876	撏	#N/A	#N/A	#N/A	#N/A	#N/A	#N/A	#N/A	tʰ	im	55	5	tʰim55	t	im	2	4	tim2	訓讀，副詞，修飾相似：「似tʰim55啊(ʔa33)」		
5877	冧	#N/A	#N/A	#N/A	#N/A	#N/A	#N/A	#N/A	l	əm	32	4	ləm32	l	eam	6	5	leam6	訓讀，副詞，形容肥胖或肥膩程度：「肥 ləm32 ləm32」		
5878	𨂽	#N/A	#N/A	#N/A	#N/A	#N/A	#N/A	#N/A	t	əm	32	4	təm32	d	eam	6	5	deam6	訓讀，副詞，形容肥胖或肥膩程度：「肥 təm32 təm32」		
5879	嫵	明	遇	虞	合	三	上	幫	m	ou	11	4	mou11	m	ou	5	4	mou5			
5880	麒	群	止	之	開	三	平	見	kʰ	ei	22	5	kʰei22	k	ei	4	4	kei4	皇家同花順：「皇保麒」		
5881	膉	#N/A	#N/A	#N/A	#N/A	#N/A	#N/A	#N/A	j	iɐk	33	5	jiɐk33	j	iak	8	5	jiak8	訓讀，魚的精子：「魚(ŋui11)jiɐk33」		
5882	卟	溪	蟹	齊	開	四	上	見	p	ɔk	11	4	pɔk11	b	ok	10	4	bok10	輕微爆炸聲、擊打聲：「卟一聲，我以為有爆炸」丨「玻璃卟落地」		
5883	卟	#N/A	#N/A	#N/A	#N/A	#N/A	#N/A	#N/A	p	ək	33	4	pək33	b	eak	8	5	beak8	副詞，僅用於修飾飽：「飽卟啊(ʔa33)」		
5884	捽	#N/A	#N/A	#N/A	#N/A	#N/A	#N/A	#N/A	ts	ut	55	5	tsut55	z	ut	7	4	zut7	訓讀，副詞，修飾甜，有點甜，甜甜地：四字詞 「點 tsut55 點 tsut55」丨「「甜 tsut11 甜 tsut115」」		
5885	捽	#N/A	#N/A	#N/A	#N/A	#N/A	#N/A	#N/A	ts	ut	11	5	tsut11	z	ut	10	4	zut10	訓讀，副詞，修飾甜，有點甜，甜甜地：四字詞 「點 tsut55 點 tsut55」丨「「甜 tsut11 甜 tsut115」」		
5886	蠡	#N/A	#N/A	#N/A	#N/A	#N/A	#N/A	#N/A	l	ɔi	22	4	lɔi22	l	oi	4	4	loi4	訓讀，形容詞，邋遢：「lɔi22 sɔi22」		
5887	噬	#N/A	#N/A	#N/A	#N/A	#N/A	#N/A	#N/A	s	ɔi	22	4	sɔi22	s	oi	4	4	soi4	訓讀，形容詞，邋遢：「lɔi22 sɔi22」		
5888	蠡	#N/A	#N/A	#N/A	#N/A	#N/A	#N/A	#N/A	l	ɔi	11	4	lɔi11	l	oi	5	4	loi5	訓讀，形容詞，邋遢：「lɔi11 sɔi11」		
5889	噬	#N/A	#N/A	#N/A	#N/A	#N/A	#N/A	#N/A	s	ɔi	11	4	sɔi11	s	oi	5	4	soi5	訓讀，形容詞，邋遢：「lɔi11 sɔi11」		
5890	盹	#N/A	#N/A	#N/A	#N/A	#N/A	#N/A	#N/A	kʰ	in	55	5	kʰin55	k	in	2	4	kin2	訓讀，動詞，發脾氣：「唔准kʰin55」丨「話一句你就到該(kʰuɔi115)kʰin55縆佢」		
5891	鑫	#N/A	#N/A	#N/A	#N/A	#N/A	#N/A	#N/A	h	im	33	4	him33	h	im	1	4	him1			
5892	瘸	羣	果	歌	開	三	平	見	kʰ	iɛ	11	5	kʰiɛ11	k	ie	5	4	kie5			
5893	片	#N/A	#N/A	#N/A	#N/A	#N/A	#N/A	#N/A	pʰ	iɐŋ	55	6	pʰiɐŋ55	p	iang	2	6	piang2	訓讀，副詞，修飾輕：「輕pʰiɐŋ55啊(ʔa33)」		
5894	躉	#N/A	#N/A	#N/A	#N/A	#N/A	#N/A	#N/A	ʔ	un	55	4	ʔun55		un	2	3	un2			
5895	吥	#N/A	#N/A	#N/A	#N/A	#N/A	#N/A	#N/A	p	ai	32	4	pai32	b	aai	6	5	baai6	形容詞，不穩固：「瘻吥」		
5896	啉	#N/A	#N/A	#N/A	#N/A	#N/A	#N/A	#N/A	l	əm	22	4	ləm22	l	eam	4	5	leam4	訓讀，形容詞，匆忙：「ləm22 kʰəm22」		
5897	擒	#N/A	#N/A	#N/A	#N/A	#N/A	#N/A	#N/A	kʰ	əm	22	5	kʰəm22	k	eam	4	5	keam4	訓讀，形容詞，匆忙：「ləm22 kʰəm22」		
5898	呴	#N/A	#N/A	#N/A	#N/A	#N/A	#N/A	#N/A	kʰ	ai	335	5	kʰai335	k	aai	1*	5	kaai1*	訓讀，助詞短語，有「既然如此」、「這樣子」、「畢竟」的意思，多用於感歎的語境：「親kʰai335」丨「親kʰai335箇你就好好照顧你媽」丨「我親kʰai335亦明白你意思」		
5899	鯇	匣	山	刪	合	二	上	影	ʋ	ɔn	11	4	ʋɔn11	v	on	5	4	von5			
5900	黏	#N/A	#N/A	#N/A	#N/A	#N/A	#N/A	#N/A	n	ak	11	4	nak11	n	aak	10	5	naak10	訓讀，舊時用於製作紙鳶或用於房產證的宣紙：「nak11紙」		
5901	嚜	#N/A	#N/A	#N/A	#N/A	#N/A	#N/A	#N/A	m	ak	55	4	mak55	m	aak	7	5	maak7	守衛，為英文mark的音譯：「個看更到門口嚜」丨「嚜著佢，冇俾佢走」		
5902	渚	章	遇	魚	開	三	上	章	ts	i	55	4	tsi55	z	i	2	3	zi2			
5903	簪	莊	深	侵B	開	三	平	莊	t	am	33	4	tam33	d	aam	1	5	daam1			
5904	粲	清	山	寒	開	一	去	精	tʰ	ɔn	55	5	tʰɔn55	t	on	2	4	ton2			
5905	骭	見	山	寒	開	一	去	見	h	uɔn	11	5	huɔn11	h	uon	5	5	huon5	脛骨：「梁鼻骭」		
5906	覃	定	咸	覃	開	一	平	端	h	am	22	4	ham22	h	aam	4	5	haam4	「覃思」		
5907	覃	定	咸	覃	開	一	平	端	tʰ	im	22	5	tʰim22	t	im	4	4	tim4	「覃姓」		
5908	痤	從	果	歌	合	一	平	精	tʰ	uɔ	22	5	tʰuɔ22	t	uo	4	4	tuo4			
5909	捻	泥	咸	添	開	四	入	端	n	iɛm	11	5	niɛm11	n	iem	5	5	niem5			
5910	忔	曉	臻	欣	開	三	入	影	h	ɔt	55	4	hɔt55	h	ot	7	4	hot7	厭煩：「忔人憎」		
5911	瘻	來	流	侯	開	一	去	來	l	ai	32	4	lai32	l	aai	6	5	laai6	形容詞，不穩固：「瘻吥」		
5912	嗯	#N/A	#N/A	#N/A	#N/A	#N/A	#N/A	#N/A	ŋ		32	2	ŋ32	ng		6	3	ng6			
	宓	明	臻	真B	開	三	入	幫	m	it	32	4	mit32	m	it	9	4	mit9			
	齷	影	江	江	開	二	入	影	ʔ	ək	55	4	ʔək55		eak	7	4	eak7			
	齪	初	江	江	開	二	入	莊	tʰ	ək	55	5	tʰək55	t	eak	7	5	teak7			
	齟	崇	遇	魚	開	三	上	莊	t	ui	55	4	tui55	d	ui	2	4	dui2			
	齟	崇	遇	魚	開	三	上	莊	t	ui	33	4	tui33	d	ui	1	4	dui1	90年代字典記載		
	齬	疑	遇	魚	開	三	上	見	ŋ	ui	11	4	ŋui11	ng	ui	5	5	ngui5			
	齲	溪	遇	虞	合	三	上	見	k	ui	55	4	kui55	g	ui	2	4	gui2			
	齜	莊	止	支B	開	三	平	莊	t	i	33	3	ti33	d	i	1	3	di1			
	妣	幫	止	脂A	開	三	上	幫	p	ei	55	4	pei55	b	ei	2	4	bei2			
	媯	#N/A	#N/A	#N/A	#N/A	#N/A	#N/A	#N/A	k	ei	33	4	kei33	g	ei	1	4	gei1			
	燮	心	咸	添	開	四	入	精	ɬ	ɐt	55	4	ɬɐt55	sl	at	7	5	slat7			
	啥	#N/A	#N/A	#N/A	#N/A	#N/A	#N/A	#N/A	s	a	22	3	sa22	s	aa	4	4	saa4			
	咱	#N/A	#N/A	#N/A	#N/A	#N/A	#N/A	#N/A	ts	a	55	4	tsa55	z	aa	2	4	zaa2			
	龔	見	通	鍾	開	三	平	見	k	əŋ	33	4	kəŋ33	g	eang	1	6	geang1			
