#漢字	音標	解釋
東	tɨwŋ1	
菄	tɨwŋ1	
鶇	tɨwŋ1	
䍶	tɨwŋ1	
䍶	ɖˠin1	
䍶	tɨwŋ3	
𠍀	tɨwŋ1	
倲	tɨwŋ1	
𩜍	tɨwŋ1	
𢘐	tɨwŋ1	
涷	tɨwŋ1	
涷	tɨwŋ3	
蝀	tɨwŋ1	
蝀	tɨwŋ2	
凍	tɨwŋ1	
凍	tɨwŋ3	
鯟	tɨwŋ1	
𢔅	tɨwŋ1	
崠	tɨwŋ1	
埬	tɨwŋ1	
𧓕	tɨwŋ1	
䰤	tɨwŋ1	
同	dɨwŋ1	
仝	dɨwŋ1	
童	dɨwŋ1	
僮	dɨwŋ1	
銅	dɨwŋ1	
桐	dɨwŋ1	
峒	dɨwŋ1	
峒	dɨwŋ3	
硐	dɨwŋ1	
硐	dɨwŋ2	
硐	dɨwŋ3	新
𦨴	dɨwŋ1	
𧱁	dɨwŋ1	
筒	dɨwŋ1	
筒	dɨwŋ3	
瞳	dɨwŋ1	
㼧	dɨwŋ1	
𤭁	dɨwŋ1	
罿	dɨwŋ1	
罿	tɕʰuŋ1	
犝	dɨwŋ1	
筩	dɨwŋ1	
潼	dɨwŋ1	
潼	tɕʰuŋ1	
曈	dɨwŋ1	
曈	tʰɨwŋ1	
曈	tʰɨwŋ2	
洞	dɨwŋ1	
洞	dɨwŋ3	
侗	dɨwŋ1	
侗	tʰɨwŋ1	
侗	tʰɨwŋ2	
橦	dɨwŋ1	
橦	tɕuŋ1	
橦	ɖawŋ1	
烔	dɨwŋ1	
䴀	dɨwŋ1	
挏	dɨwŋ1	
挏	dɨwŋ2	
挏	dɨwŋ3	新
酮	dɨwŋ1	
酮	dɨwŋ2	
酮	dɨwŋ3	新
鮦	dɨwŋ1	
鮦	ɖˠuŋ2	
鮦	ɖˠɨw2	
鮦	ɖˠuŋ3	新
鮦	ɖˠɨw3	新
㼿	dɨwŋ1	
㼿	tɕuŋ3	
𦏆	dɨwŋ1	
𦍻	dɨwŋ1	
眮	dɨwŋ1	
眮	dɨwŋ2	
眮	dɨwŋ3	
蕫	dɨwŋ1	
蕫	tɨwŋ2	
穜	dɨwŋ1	
穜	ɖˠuŋ1	
衕	dɨwŋ1	
衕	dɨwŋ3	
𩍅	dɨwŋ1	
𢈉	dɨwŋ1	
䆚	dɨwŋ1	
哃	dɨwŋ1	
𢏕	dɨwŋ1	
絧	dɨwŋ1	
絧	dɨwŋ3	
𨚯	dɨwŋ1	
𨝯	dɨwŋ1	
𪔜	dɨwŋ1	
𩦶	dɨwŋ1	
𩦶	duŋ1	
𪒿	dɨwŋ1	
中	ʈˠɨwŋ1	
中	ʈˠɨwŋ3	
衷	ʈˠɨwŋ1	
衷	ʈˠɨwŋ3	
忠	ʈˠɨwŋ1	
𦬕	ʈˠɨwŋ1	
𦬕	ɖˠɨwŋ1	
蟲	ɖˠɨwŋ1	
蟲	ɖˠɨwŋ3	
沖	ɖˠɨwŋ1	
种	ɖˠɨwŋ1	
盅	ɖˠɨwŋ1	
盅	ʈˠʰɨwŋ1	
爞	ɖˠɨwŋ1	
爞	duŋ1	
翀	ɖˠɨwŋ1	
終	tɕɨwŋ1	
眾	tɕɨwŋ1	
眾	tɕɨwŋ3	
潀	tɕɨwŋ1	
潀	dzɨwŋ1	
潀	dzuŋ1	
𣧩	tɕɨwŋ1	
螽	tɕɨwŋ1	
𧑄	tɕɨwŋ1	
鼨	tɕɨwŋ1	
蔠	tɕɨwŋ1	
柊	tɕɨwŋ1	
𩅧	tɕɨwŋ1	
䶱	tɕɨwŋ1	
䶱	duŋ1	
鴤	tɕɨwŋ1	
鴤	tuŋ1	
䈺	tɕɨwŋ1	
泈	tɕɨwŋ1	
䝦	tɕɨwŋ1	
忡	ʈˠʰɨwŋ1	
浺	ʈˠʰɨwŋ1	
崇	dʐɨwŋ1	
崈	dʐɨwŋ1	
㓽	dʐɨwŋ1	
㓽	dʐɨwŋ3	
𩞉	dʐɨwŋ1	
嵩	sʲɨwŋ1	
崧	sʲɨwŋ1	
𪀚	sʲɨwŋ1	
娀	sʲɨwŋ1	
菘	sʲɨwŋ1	
硹	sʲɨwŋ1	
㣝	sʲɨwŋ1	
𧊕	sʲɨwŋ1	
䯷	sʲɨwŋ1	
戎	ɲɨwŋ1	
𢦦	ɲɨwŋ1	
茙	ɲɨwŋ1	
㭜	ɲɨwŋ1	
駥	ɲɨwŋ1	
𥬪	ɲɨwŋ1	
𠈋	ɲɨwŋ1	
狨	ɲɨwŋ1	
絨	ɲɨwŋ1	
弓	kˠɨwŋ1	
躳	kˠɨwŋ1	
躬	kˠɨwŋ1	
㴦	kˠɨwŋ1	
宮	kˠɨwŋ1	
匑	kˠɨwŋ1	
匑	kˠʰɨwŋ1	
融	jɨwŋ1	
肜	jɨwŋ1	
瀜	jɨwŋ1	
雄	ɰɨwŋ1	
熊	ɰɨwŋ1	
瞢	mɨwŋ1	
瞢	mɨŋ1	
瞢	mɨwŋ3	
夢	mɨwŋ1	
夢	mɨwŋ3	
鄸	mɨwŋ1	
鄸	mɨwŋ3	
懜	mɨwŋ1	
懜	mɨŋ3	
𦫰	mɨwŋ1	
𧲎	mɨwŋ1	
穹	kˠʰɨwŋ1	
𢞏	kˠʰɨwŋ1	
焪	kˠʰɨwŋ1	
焪	kˠʰɨwŋ3	
芎	kˠʰɨwŋ1	
𦵡	kˠʰɨwŋ1	
𥳎	kˠʰɨwŋ1	
𥳎	ɡˠuŋ1	
𥳎	kˠʰuŋ1	
窮	ɡˠɨwŋ1	
藭	ɡˠɨwŋ1	
𥨪	ɡˠɨwŋ1	
馮	vɨwŋ1	
馮	bˠɨŋ1	
堸	vɨwŋ1	
汎	vɨwŋ1	
汎	fʰəm3	
芃	vɨwŋ1	
芃	bɨwŋ1	
𨝭	vɨwŋ1	
渢	vɨwŋ1	
梵	vɨwŋ1	
梵	vəm3	
風	fɨwŋ1	
風	fɨwŋ3	
飌	fɨwŋ1	
楓	fɨwŋ1	
猦	fɨwŋ1	
偑	fɨwŋ1	
檒	fɨwŋ1	
𧆉	fɨwŋ1	
豐	fʰɨwŋ1	
酆	fʰɨwŋ1	
蘴	fʰɨwŋ1	
蘴	fʰuŋ1	
灃	fʰɨwŋ1	
寷	fʰɨwŋ1	
麷	fʰɨwŋ1	
麷	fʰɨwŋ3	
㒥	fʰɨwŋ1	
㠦	fʰɨwŋ1	
充	tɕʰɨwŋ1	
珫	tɕʰɨwŋ1	
茺	tɕʰɨwŋ1	
㤝	tɕʰɨwŋ1	
䘪	tɕʰɨwŋ1	
𪎽	tɕʰɨwŋ1	
𪎽	tʰuŋ3	
㳘	tɕʰɨwŋ1	
隆	lˠɨwŋ1	
癃	lˠɨwŋ1	
𪔳	lˠɨwŋ1	
窿	lˠɨwŋ1	
霳	lˠɨwŋ1	
㚅	lˠɨwŋ1	
空	qʰɨwŋ1	
空	qʰɨwŋ3	
箜	qʰɨwŋ1	
崆	qʰɨwŋ1	
崆	qʰawŋ1	
椌	qʰɨwŋ1	
椌	qʰawŋ1	
硿	qʰɨwŋ1	
䅝	qʰɨwŋ1	
悾	qʰɨwŋ1	
悾	qʰawŋ1	
悾	qʰɨwŋ3	
埪	qʰɨwŋ1	
倥	qʰɨwŋ1	
倥	qʰɨwŋ2	
倥	qʰɨwŋ3	
涳	qʰɨwŋ1	
涳	ɳawŋ1	
涳	qʰawŋ1	
鵼	qʰɨwŋ1	
𦱇	qʰɨwŋ1	
𢃐	qʰɨwŋ1	
𧌆	qʰɨwŋ1	
公	qɨwŋ1	
功	qɨwŋ1	
工	qɨwŋ1	
疘	qɨwŋ1	
蚣	qɨwŋ1	
蚣	tɕuŋ1	
玒	qɨwŋ1	
玒	qawŋ1	
釭	qɨwŋ1	
釭	quŋ1	
釭	qawŋ1	
魟	qɨwŋ1	
魟	ʁɨwŋ1	
魟	χɨwŋ1	
攻	qɨwŋ1	
攻	quŋ1	
㓚	qɨwŋ1	
愩	qɨwŋ1	
碽	qɨwŋ1	
篢	qɨwŋ1	
蒙	mɨwŋ1	
冡	mɨwŋ1	
濛	mɨwŋ1	
濛	mɨwŋ2	
𩦺	mɨwŋ1	
艨	mɨwŋ1	
艨	mɨwŋ3	
䑃	mɨwŋ1	
䑃	mɨwŋ2	
矇	mɨwŋ1	
饛	mɨwŋ1	
䰒	mɨwŋ1	
檬	mɨwŋ1	
𨢊	mɨwŋ1	
䴿	mɨwŋ1	
𨣘	mɨwŋ1	
鸏	mɨwŋ1	
鸏	mɨwŋ2	
幪	mɨwŋ1	
罞	mɨwŋ1	
罞	maw1	
𢄐	mɨwŋ1	
𢄐	mɨwŋ3	
髳	mɨwŋ1	
蠓	mɨwŋ1	
蠓	mɨwŋ2	
𦿏	mɨwŋ1	
雺	mɨwŋ1	
雺	mɨw1	
雺	muŋ3	
雺	mɨw3	
霿	mɨwŋ1	
霿	mɨwŋ3	
霚	mɨwŋ1	
霚	ɱu3	
朦	mɨwŋ1	
䀄	mɨwŋ1	
靀	mɨwŋ1	
籠	lɨwŋ1	
籠	lˠuŋ1	
籠	lɨwŋ2	
豅	lɨwŋ1	
㰍	lɨwŋ1	
朧	lɨwŋ1	
𡃡	lɨwŋ1	
龓	lɨwŋ1	
龓	lɨwŋ2	
䪊	lɨwŋ1	
瀧	lɨwŋ1	
瀧	lawŋ1	
瀧	ʂawŋ1	
聾	lɨwŋ1	
𨏠	lɨwŋ1	
礱	lɨwŋ1	
礱	lɨwŋ3	
䆍	lɨwŋ1	
𪚗	lɨwŋ1	
嚨	lɨwŋ1	
蘢	lɨwŋ1	
蘢	lˠuŋ1	
櫳	lɨwŋ1	
𤮨	lɨwŋ1	
巃	lɨwŋ1	
巃	lɨwŋ2	
襱	lɨwŋ1	
襱	lɨwŋ2	
襱	ɖˠuŋ2	
襱	ɖˠuŋ3	新
𧙥	lɨwŋ1	
瓏	lɨwŋ1	
曨	lɨwŋ1	
曨	lɨwŋ2	
鸗	lɨwŋ1	
鸗	lˠuŋ1	
𩟭	lɨwŋ1	
蠪	lɨwŋ1	
㟅	lɨwŋ1	
㟅	ɴɨwŋ1	
㟅	ɴawŋ1	
屸	lɨwŋ1	
洪	ʁɨwŋ1	
鉷	ʁɨwŋ1	
訌	ʁɨwŋ1	
紅	ʁɨwŋ1	
虹	ʁɨwŋ1	
虹	qɨwŋ3	
虹	qawŋ3	
仜	ʁɨwŋ1	
鴻	ʁɨwŋ1	
鴻	ʁɨwŋ2	
鴻	ʁɨwŋ3	新
葒	ʁɨwŋ1	
葓	ʁɨwŋ1	
谼	ʁɨwŋ1	
䉺	ʁɨwŋ1	
烘	ʁɨwŋ1	
烘	χɨwŋ1	
烘	ʁɨwŋ3	
烘	χɨwŋ3	
洚	ʁɨwŋ1	
洚	ʁuŋ1	
洚	ʁawŋ1	
洚	qawŋ3	
渱	ʁɨwŋ1	
𨹁	ʁɨwŋ1	
𨹁	qɨwŋ3	
䧆	ʁɨwŋ1	
䪦	ʁɨwŋ1	
𦏺	ʁɨwŋ1	
䫹	ʁɨwŋ1	
䂫	ʁɨwŋ1	
𨾊	ʁɨwŋ1	
叢	dzɨwŋ1	
藂	dzɨwŋ1	
䕺	dzɨwŋ1	
𥵫	dzɨwŋ1	
翁	ʔɨwŋ1	
螉	ʔɨwŋ1	
䱵	ʔɨwŋ1	
蓊	ʔɨwŋ1	
蓊	ʔɨwŋ2	
䈵	ʔɨwŋ1	
䈵	ʔɨwŋ2	
䩺	ʔɨwŋ1	
㮬	ʔɨwŋ1	
𩔚	ʔɨwŋ1	
悤	tsʰɨwŋ1	
忩	tsʰɨwŋ1	
蔥	tsʰɨwŋ1	
樬	tsʰɨwŋ1	
䡯	tsʰɨwŋ1	
聰	tsʰɨwŋ1	
𦇎	tsʰɨwŋ1	
璁	tsʰɨwŋ1	
驄	tsʰɨwŋ1	
蟌	tsʰɨwŋ1	
囪	tsʰɨwŋ1	
囪	tʂʰawŋ1	
𨣼	tsʰɨwŋ1	
鏓	tsʰɨwŋ1	
熜	tsʰɨwŋ1	
熜	tsɨwŋ2	
𢊕	tsʰɨwŋ1	
𢊕	tsɨwŋ2	
通	tʰɨwŋ1	
蓪	tʰɨwŋ1	
恫	tʰɨwŋ1	
恫	dɨwŋ3	
痌	tʰɨwŋ1	
俑	tʰɨwŋ1	
俑	juŋ2	
𧳆	tʰɨwŋ1	
𨀜	tʰɨwŋ1	
葼	tsɨwŋ1	
鬷	tsɨwŋ1	
鬷	tsɨwŋ2	
嵕	tsɨwŋ1	
猣	tsɨwŋ1	
猣	tsɨwŋ2	
豵	tsɨwŋ1	
豵	tsʲuŋ1	
鯼	tsɨwŋ1	
鯼	tsɨwŋ3	
椶	tsɨwŋ1	
騣	tsɨwŋ1	
𩮰	tsɨwŋ1	
𩮰	tsɨwŋ2	
䗥	tsɨwŋ1	
䗥	tsʲʰuŋ1	
嵸	tsɨwŋ1	
嵸	tsɨwŋ2	
艐	tsɨwŋ1	
艐	qaj3	
艐	qʰɑ3	
蝬	tsɨwŋ1	
堫	tsɨwŋ1	
堫	tʂʰawŋ1	
𥓻	tsɨwŋ1	
翪	tsɨwŋ1	
翪	tsɨwŋ2	
緵	tsɨwŋ1	
緵	tsɨwŋ3	
㚇	tsɨwŋ1	
㚇	tsɨwŋ3	
㣭	tsɨwŋ1	
稯	tsɨwŋ1	
鬉	tsɨwŋ1	
蓬	bɨwŋ1	
𥭗	bɨwŋ1	
篷	bɨwŋ1	
髼	bɨwŋ1	
蜂	bɨwŋ1	
蜂	fʰuŋ1	
𧚋	bɨwŋ1	
韸	bɨwŋ1	
䮾	bɨwŋ1	
䮾	lawŋ1	
𩖛	bɨwŋ1	
𩖛	bˠɨw1	
叿	χɨwŋ1	
谾	χɨwŋ1	
谾	χawŋ1	
𩐠	χɨwŋ1	
𩗄	χɨwŋ1	
𣞷	sɨwŋ1	
𣞷	sɨwŋ2	
𢤄	sɨwŋ1	
㬝	sɨwŋ1	
冬	tuŋ1	
𠔙	tuŋ1	
苳	tuŋ1	
笗	tuŋ1	
𩂓	tuŋ1	
𧲴	tuŋ1	
彤	duŋ1	
疼	duŋ1	
佟	duŋ1	
炵	duŋ1	
炵	tʰuŋ1	
䳋	duŋ1	
鼕	duŋ1	
𢥞	duŋ1	
𢾮	duŋ1	
㤏	duŋ1	
痋	duŋ1	
䂈	duŋ1	
鉵	duŋ1	
𧹝	duŋ1	
浵	duŋ1	
𠩁	duŋ1	
鉖	duŋ1	
𨜳	duŋ1	
㠽	duŋ1	
赨	duŋ1	
賨	dzuŋ1	
琮	dzuŋ1	
悰	dzuŋ1	
淙	dzuŋ1	
淙	dʐawŋ1	
淙	ʂawŋ3	
慒	dzuŋ1	
慒	zʲɨw1	
鬃	dzuŋ1	
鬃	dʐawŋ1	
㼻	dzuŋ1	
㼻	dʐawŋ1	
孮	dzuŋ1	
誴	dzuŋ1	
𢃏	dzuŋ1	
農	nuŋ1	
䢉	nuŋ1	
辳	nuŋ1	
𨑋	nuŋ1	
𩟊	nuŋ1	
𩟊	ɳawŋ1	
噥	nuŋ1	
噥	ɳawŋ1	
𩅽	nuŋ1	
憹	nuŋ1	
㺜	nuŋ1	
㺜	ɳaw1	
㺜	nɑw1	
儂	nuŋ1	
𧗕	nuŋ1	
膿	nuŋ1	
䃔	ʁuŋ1	
䃔	ʁuŋ3	
㗢	ʁuŋ1	
㗢	dɨwŋ3	
㗢	ʁuŋ3	
𩘎	ʁuŋ1	
䃧	luŋ1	
𪔢	luŋ1	
𣫣	luŋ1	
宗	tsuŋ1	
倧	tsuŋ1	
鬆	suŋ1	
鬆	sʲuŋ1	
鬆	tsʲʰuŋ1	
鬆	sɨwŋ3	
䯳	suŋ1	
鍾	tɕuŋ1	
鐘	tɕuŋ1	
忪	tɕuŋ1	
䇗	tɕuŋ1	
蹱	tɕuŋ1	
蹱	ʈˠʰuŋ1	
蹱	ʈˠʰuŋ3	
彸	tɕuŋ1	
衳	tɕuŋ1	
伀	tɕuŋ1	
籦	tɕuŋ1	
妐	tɕuŋ1	
㕬	tɕuŋ1	
𧢸	tɕuŋ1	
𧢸	qawŋ1	
炂	tɕuŋ1	
𦬘	tɕuŋ1	
𨳗	tɕuŋ1	
鈆	tɕuŋ1	
鈆	jwen1	
龍	lˠuŋ1	
𪚝	lˠuŋ1	
躘	lˠuŋ1	
躘	lˠuŋ3	
驡	lˠuŋ1	
驡	tsɑŋ2	
𪚠	lˠuŋ1	
𦪽	lˠuŋ1	
舂	ɕuŋ1	
𧐍	ɕuŋ1	
摏	ɕuŋ1	
蹖	ɕuŋ1	
𪄻	ɕuŋ1	
憃	ɕuŋ1	
憃	ʈʰawŋ1	
憃	ʈˠʰuŋ3	
松	zʲuŋ1	
㮤	zʲuŋ1	
凇	zʲuŋ1	
凇	sʲuŋ1	
凇	sɨwŋ3	
訟	zʲuŋ1	
訟	zʲuŋ3	
𧘂	tɕʰuŋ1	
衝	tɕʰuŋ1	
憧	tɕʰuŋ1	
憧	ɖawŋ3	
䡴	tɕʰuŋ1	
䡴	ɖawŋ3	
艟	tɕʰuŋ1	
艟	ɖawŋ3	
褈	tɕʰuŋ1	
褈	ɖˠuŋ1	
𠟍	tɕʰuŋ1	
𠝤	tɕʰuŋ1	
䂌	tɕʰuŋ1	
容	juŋ1	
溶	juŋ1	
溶	juŋ2	
滽	juŋ1	
庸	juŋ1	
𦤘	juŋ1	
𧴄	juŋ1	
㺎	juŋ1	
𤛑	juŋ1	
墉	juŋ1	
鎔	juŋ1	
鏞	juŋ1	
銿	juŋ1	
鄘	juŋ1	
傭	juŋ1	
傭	ʈˠʰuŋ1	
𪅟	juŋ1	
㼸	juŋ1	
𤮇	juŋ1	
鱅	juŋ1	
鱅	dʑuŋ1	
蓉	juŋ1	
䗤	juŋ1	
傛	juŋ1	
傛	juŋ2	
褣	juŋ1	
搈	juŋ1	
瑢	juŋ1	
䈶	juŋ1	
嵱	juŋ1	
頌	juŋ1	
頌	zʲuŋ3	
㝐	juŋ1	
䡆	juŋ1	
㟾	juŋ1	
𨲟	juŋ1	
𪃾	juŋ1	
槦	juŋ1	
㣑	juŋ1	
𢧳	juŋ1	
封	fuŋ1	
封	fuŋ3	
𡉚	fuŋ1	
犎	fuŋ1	
葑	fuŋ1	
葑	fuŋ3	
崶	fuŋ1	
胷	xˠuŋ1	
凶	xˠuŋ1	
𣧑	xˠuŋ1	
銎	xˠuŋ1	
銎	kˠʰuŋ1	
洶	xˠuŋ1	
洶	xˠuŋ2	
恟	xˠuŋ1	
𧧗	xˠuŋ1	
兇	xˠuŋ1	
兇	xˠuŋ2	
訩	xˠuŋ1	
匈	xˠuŋ1	
顒	ŋˠuŋ1	
𩤛	ŋˠuŋ1	
鰅	ŋˠuŋ1	
鰅	ŋˠu1	
喁	ŋˠuŋ1	
邕	ʔˠuŋ1	
雍	ʔˠuŋ1	
雍	ʔˠuŋ3	
噰	ʔˠuŋ1	
嗈	ʔˠuŋ1	
郺	ʔˠuŋ1	
郺	ʔɨwŋ2	
澭	ʔˠuŋ1	
灉	ʔˠuŋ1	
灉	ʔˠuŋ3	
癰	ʔˠuŋ1	
罋	ʔˠuŋ1	
罋	ʔɨwŋ3	
廱	ʔˠuŋ1	
饔	ʔˠuŋ1	
壅	ʔˠuŋ1	
壅	ʔˠuŋ2	
壅	ʔˠuŋ3	
雝	ʔˠuŋ1	
𪄉	ʔˠuŋ1	
㻾	ʔˠuŋ1	
𧴗	ʔˠuŋ1	
醲	ɳˠuŋ1	
𨑊	ɳˠuŋ1	
𨑊	nɨwŋ2	
濃	ɳˠuŋ1	
襛	ɳˠuŋ1	
襛	ɲuŋ1	
穠	ɳˠuŋ1	
穠	ɲuŋ1	
檂	ɳˠuŋ1	
𪒬	ɳˠuŋ1	
𨲳	ɳˠuŋ1	
重	ɖˠuŋ1	
重	ɖˠuŋ2	
重	ɖˠuŋ3	
緟	ɖˠuŋ1	
緟	ɖˠuŋ3	
䳯	ɖˠuŋ1	
蝩	ɖˠuŋ1	
從	dzʲuŋ1	
從	tsʲʰuŋ1	
從	dzʲuŋ3	
从	dzʲuŋ1	
𩀰	dzʲuŋ1	
𦟛	ʈˠʰuŋ1	
𨙔	ʈˠʰuŋ1	
𨙔	ʈˠu3	
䝑	ʈˠʰuŋ1	
𨤩	ʈˠʰuŋ1	
𪒒	ʈˠʰuŋ1	
逢	vuŋ1	
縫	vuŋ1	
縫	vuŋ3	
漨	vuŋ1	
䩼	vuŋ1	
𥎌	vuŋ1	
夆	vuŋ1	
𥛝	vuŋ1	
捀	vuŋ1	
捀	vuŋ3	
峯	fʰuŋ1	
鋒	fʰuŋ1	
丰	fʰuŋ1	
𡴀	fʰuŋ1	
𢓱	fʰuŋ1	
妦	fʰuŋ1	
蠭	fʰuŋ1	
𧒒	fʰuŋ1	
桻	fʰuŋ1	
㷭	fʰuŋ1	
烽	fʰuŋ1	
莑	fʰuŋ1	
仹	fʰuŋ1	
㸼	fʰuŋ1	
縱	tsʲuŋ1	
縱	tsʲuŋ3	
𣯨	tsʲuŋ1	
蹤	tsʲuŋ1	
䡮	tsʲuŋ1	
樅	tsʲuŋ1	
樅	tsʲʰuŋ1	
磫	tsʲuŋ1	
熧	tsʲuŋ1	
𧺣	tsʲuŋ1	
𧺣	tsʲʰuŋ1	
茸	ɲuŋ1	
䩸	ɲuŋ1	
䩸	ɲuŋ3	
𩮙	ɲuŋ1	
䇯	ɲuŋ1	
搑	ɲuŋ1	
搑	ɲuŋ2	
𥎂	ɲuŋ1	
榵	ɲuŋ1	
穁	ɲuŋ1	
穁	ɲuŋ2	
蛩	ɡˠuŋ1	
邛	ɡˠuŋ1	
舼	ɡˠuŋ1	
𦨰	ɡˠuŋ1	
筇	ɡˠuŋ1	
輁	ɡˠuŋ1	
輁	kˠuŋ2	
𦭭	ɡˠuŋ1	
䂬	ɡˠuŋ1	
䂬	kˠuŋ2	
蛬	ɡˠuŋ1	
蛬	kˠuŋ2	
𠌖	ɡˠuŋ1	
𩬰	ɡˠuŋ1	
桏	ɡˠuŋ1	
䅃	ɡˠuŋ1	
䅃	ɡˠuŋ2	
䅃	ɡˠuŋ3	新
𤤶	ɡˠuŋ1	
𩢽	ɡˠuŋ1	
慵	dʑuŋ1	
𩌨	dʑuŋ1	
恭	kˠuŋ1	
龔	kˠuŋ1	
供	kˠuŋ1	
供	kˠuŋ3	
珙	kˠuŋ1	
珙	kˠuŋ2	
䢼	kˠuŋ1	
共	kˠuŋ1	
共	ɡˠuŋ3	
𤱨	kˠuŋ1	
廾	kˠuŋ1	
廾	kˠuŋ2	
髸	kˠuŋ1	
䳍	kˠuŋ1	
蜙	sʲuŋ1	
淞	sʲuŋ1	
倯	sʲuŋ1	
𢔋	sʲuŋ1	
鏦	tsʲʰuŋ1	
鏦	tʂʰawŋ1	
暰	tsʲʰuŋ1	
瑽	tsʲʰuŋ1	
摐	tsʲʰuŋ1	
摐	tʂʰawŋ1	
䐫	tsʲʰuŋ1	
𥡬	tsʲʰuŋ1	
𨑪	tsʲʰuŋ1	
江	qawŋ1	
扛	qawŋ1	
杠	qawŋ1	
茳	qawŋ1	
矼	qawŋ1	
豇	qawŋ1	
肛	qawŋ1	
肛	χawŋ1	
䜫	qawŋ1	
厖	mawŋ1	
駹	mawŋ1	
狵	mawŋ1	
尨	mawŋ1	
浝	mawŋ1	
哤	mawŋ1	
牻	mawŋ1	
娏	mawŋ1	
䵨	mawŋ1	
㟌	mawŋ1	
蛖	mawŋ1	
𥆙	mawŋ1	
痝	mawŋ1	
𠈵	mawŋ1	
𠈵	mawŋ2	
𦗳	ɳawŋ1	
𣰊	ɳawŋ1	
鬞	ɳawŋ1	
䁸	ɳawŋ1	
𪆯	ɳawŋ1	
窻	tʂʰawŋ1	
牕	tʂʰawŋ1	
窓	tʂʰawŋ1	
䎫	tʂʰawŋ1	
䎫	tʂʰawŋ3	
𥎋	tʂʰawŋ1	
邦	pawŋ1	
𤰫	pawŋ1	
梆	pawŋ1	
垹	pawŋ1	
栙	ʁawŋ1	
䜶	ʁawŋ1	
降	ʁawŋ1	
降	qawŋ3	
缸	ʁawŋ1	
瓨	ʁawŋ1	
夅	ʁawŋ1	
跭	ʁawŋ1	
胮	pʰawŋ1	
胮	bawŋ1	
𤵸	pʰawŋ1	
𩐨	pʰawŋ1	
𩐨	bawŋ1	
𪔔	pʰawŋ1	
𪐿	pʰawŋ1	
雙	ʂawŋ1	
艭	ʂawŋ1	
䉶	ʂawŋ1	
𢥠	ʂawŋ1	
䝄	ʂawŋ1	
𨇯	ʂawŋ1	
龐	bawŋ1	
逄	bawŋ1	
舽	bawŋ1	
啌	χawŋ1	
舡	χawŋ1	
胦	ʔawŋ1	
胦	ʔˠɑŋ1	
腔	qʰawŋ1	
𤟄	qʰawŋ1	
羫	qʰawŋ1	
控	qʰawŋ1	
控	qʰɨwŋ3	
跫	qʰawŋ1	
𩩝	qʰawŋ1	
㾤	qʰawŋ1	
㼹	qʰawŋ1	
㼹	qʰɑŋ1	
幢	ɖawŋ1	
幢	ɖawŋ3	
撞	ɖawŋ1	
撞	ɖawŋ3	
𣃘	ɖawŋ1	
𣃘	ʈˠɨŋ1	
𣃘	ʈˠʰen2	
噇	ɖawŋ1	
𩪘	ɖawŋ1	
䚎	ʈʰawŋ1	
䚎	ʈʰawŋ3	
𥡟	ʈʰawŋ1	
䄝	ʈʰawŋ1	
𧜧	ʈʰawŋ1	
樁	ʈawŋ1	
𣻛	ʈawŋ1	
𩞐	dʐawŋ1	
支	tɕie1	
𥾣	tɕie1	
只	tɕie1	
只	tɕie2	
汥	tɕie1	
汥	ɡʲie1	
汥	ɡˠie3	
㲍	tɕie1	
巵	tɕie1	
梔	tɕie1	
枝	tɕie1	
衹	tɕie1	
衹	ɡʲie1	
㽻	tɕie1	
衼	tɕie1	
肢	tɕie1	
胑	tɕie1	
𨈛	tɕie1	
禔	tɕie1	
禔	dʑie1	
禔	dej1	
馶	tɕie1	
馶	ɡʲie1	
馶	ɕie3	
馶	kʲie3	
氏	tɕie1	
氏	tsʲaŋ1	
氏	dʑie2	
氏	dʑie3	新
疻	tɕie1	
疻	tɕi1	
㩼	tɕie1	
㩼	tɕie3	
鳷	tɕie1	
䧴	tɕie1	
䧴	ɕie3	
觶	tɕie1	
觶	tɕie3	
榰	tɕie1	
㯄	tɕie1	
𪂅	tɕie1	
𧌔	tɕie1	
眵	tɕie1	
眵	tɕʰie1	
䡋	tɕie1	
𩍲	tɕie1	
移	jie1	
䄬	jie1	
迻	jie1	
𠩗	jie1	
杝	jie1	
杝	ɖˠie2	
杝	ɖˠie3	新
鉹	jie1	
鉹	tɕʰie2	
袲	jie1	
袲	tɕʰie2	
袲	nɑ2	
箷	jie1	
𥠥	jie1	
㥴	jie1	
㥴	jie2	
詑	jie1	
詑	xʲie1	
詑	dɑ1	
詑	tʰwɑ1	
詑	dɑ2	
詑	dɑ3	新
簃	jie1	
簃	ɖˠie1	
䔟	jie1	
熪	jie1	
扅	jie1	
衪	jie1	
衪	jie2	
暆	jie1	
迆	jie1	
迆	jie2	
𤝻	jie1	
栘	jie1	
栘	dʑej1	
歋	jie1	
酏	jie1	
酏	jie2	
匜	jie1	
匜	jie2	
拸	jie1	
謻	jie1	
𠗺	jie1	
蛇	jie1	
蛇	tʰɑ1	
蛇	ʑa1	
虵	jie1	
虵	ʑa1	
虵	ja2	
螔	jie1	
螔	sʲie1	
𠐀	jie1	
𣣢	jie1	
䬁	jie1	
爲	ɰwie1	
爲	ɰwie3	
為	ɰwie1	
潙	ɰwie1	
潙	kˠwie1	
䧦	ɰwie1	
䧦	xˠwie1	
䧦	ɰwie2	
鄬	ɰwie1	
鄬	ɰwie2	
𩻟	ɰwie1	
𩻟	xˠwie1	
嬀	kˠwie1	
𪎮	xˠwie1	
麾	xˠwie1	
噅	xˠwie1	
撝	xˠwie1	
逶	ʔˠwie1	
𣨙	ʔˠwie1	
𣨙	ʔˠwie3	
萎	ʔˠwie1	
萎	ʔˠwie3	
㮃	ʔˠwie1	
覣	ʔˠwie1	
蜲	ʔˠwie1	
蜲	ʔˠwie2	
痿	ʔˠwie1	
痿	ɲwie1	
倭	ʔˠwie1	
倭	ʔwɑ1	
倭	ʔwɑ2	
委	ʔˠwie1	
委	ʔˠwie2	
䴧	ʔˠwie1	
蟡	ʔˠwie1	
蟡	kˠwie2	
糜	mˠie1	
縻	mˠie1	
㸏	mˠie1	
𪎕	mˠie1	
蘼	mˠie1	
蘼	mˠie2	
䊳	mˠie1	
𪎭	mˠie1	
𦗕	mˠie1	
𦗕	mˠi1	
𦗕	mˠie2	
醿	mˠie1	
隓	xʲwie1	
墮	xʲwie1	
墮	dwɑ2	
墮	tʰwɑ2	
墮	dwɑ3	新
隳	xʲwie1	
眭	xʲwie1	
眭	sʲwie1	
眭	xʲwi1	
眭	ʁwej1	
觿	xʲwie1	
觿	ʁwej1	
睢	xʲwie1	
睢	sʲwi1	
睢	xʲwi1	
睢	xʲwi3	
䜐	xʲwie1	
鑴	xʲwie1	
鑴	ʁwej1	
蘳	xʲwie1	
蘳	ʁwa2	
蘳	ʁwa3	新
鬌	ɖˠwie1	
鬌	twɑ2	
鬌	dwɑ2	
鬌	dwɑ3	新
錘	ɖˠwie1	
錘	ɖˠwie3	
甀	ɖˠwie1	
甀	ɖˠwie3	
𡍮	dʑwie1	
垂	dʑwie1	
陲	dʑwie1	
倕	dʑwie1	
𦈼	dʑwie1	
𨿠	dʑwie1	
𨿠	dʑwie3	
圌	dʑwie1	
圌	dʑwen1	
篅	dʑwie1	
篅	dʑwen1	
𥳙	dʑwie1	
𠃀	dʑwie1	
羸	lˠwie1	
𡰠	lˠwie1	
𡰠	lwɑ3	
吹	tɕʰwie1	
吹	tɕʰwie3	
炊	tɕʰwie1	
䶴	tɕʰwie1	
䶴	tɕʰwie3	
鈹	pˠʰie1	
帔	pˠʰie1	
帔	pˠʰie3	
鮍	pˠʰie1	
披	pˠʰie1	
披	pˠʰie2	
𤱍	pˠʰie1	
耚	pˠʰie1	
狓	pˠʰie1	
翍	pˠʰie1	
旇	pˠʰie1	
旇	bˠie3	
秛	pˠʰie1	
秛	pˠʰie3	
𤿎	pˠʰie1	
㱟	pˠʰie1	
㱟	pˠʰie2	
陂	pˠie1	
陂	pˠie3	
詖	pˠie1	
詖	pˠie3	
碑	pˠie1	
羆	pˠie1	
𥀍	pˠie1	
𨰟	pˠie1	
𤜑	pˠie1	
𨧦	pˠie1	
𥶓	pˠie1	
襬	pˠie1	
襬	pˠʰie3	
藣	pˠie1	
藣	pˠie3	
隨	zʲwie1	
隋	zʲwie1	
隋	tʰwɑ2	
𥶻	zʲwie1	
虧	kˠʰwie1	
闚	kʲʰwie1	
窺	kʲʰwie1	
奇	ɡˠie1	
奇	kˠie1	
琦	ɡˠie1	
騎	ɡˠie1	
騎	ɡˠie3	
鵸	ɡˠie1	
弜	ɡˠie1	
弜	ɡˠɑŋ2	
弜	ɡˠɑŋ3	新
鬾	ɡˠie1	
鬾	ɡˠie3	
碕	ɡˠie1	
碕	kˠʰie1	
碕	ɡˠɨj1	
碕	kˠʰie2	
𢺷	ɡˠie1	
㩽	ɡˠie1	
錡	ɡˠie1	
錡	ɡˠie2	
錡	ŋˠie2	
錡	ɡˠie3	新
祇	ɡʲie1	
示	ɡʲie1	
示	ʑi3	
岐	ɡʲie1	
歧	ɡʲie1	
𨙸	ɡʲie1	
疧	ɡʲie1	
蚑	ɡʲie1	
蚑	kʲʰie3	
忯	ɡʲie1	
忯	dʑie1	
䞚	ɡʲie1	
䞚	kˠʰie2	
翄	ɡʲie1	
翄	ɕie3	
𢻚	ɡʲie1	
軝	ɡʲie1	
𩉬	ɡʲie1	
芪	ɡʲie1	
跂	ɡʲie1	
跂	kʲʰie2	
跂	kʲʰie3	
䲬	ɡʲie1	
蚔	ɡʲie1	
䉻	ɡʲie1	
𦭲	ɡʲie1	
伎	ɡʲie1	
伎	ɡˠie2	
伎	tɕie3	
伎	ɡˠie3	新
𨱜	ɡʲie1	
𠁭	ɡʲie1	
犧	xˠie1	
羲	xˠie1	
焁	xˠie1	
焁	xʲie1	
桸	xˠie1	
桸	xˠɨj1	
巇	xˠie1	
羛	xˠie1	
羛	ŋˠie2	
戲	xˠie1	
戲	χu1	
戲	xˠie3	
𤃪	xˠie1	
曦	xˠie1	
𢹍	xˠie1	
𧕆	xˠie1	
䚙	xˠie1	
䚙	xˠwən1	
䖒	xˠie1	
㺣	xˠie1	
𣤴	xˠie1	
𢨛	xˠie1	
㚀	xˠie1	
隵	xˠie1	
㩻	kˠʰie1	
㩻	kˠwie3	
觭	kˠʰie1	
觭	kˠʰie2	
踦	kˠʰie1	
踦	kˠie2	
㱦	kˠʰie1	
㱦	kˠie1	
㱦	kˠie2	
崎	kˠʰie1	
崎	ɡˠɨj1	
𦖊	kˠʰie1	
𤘌	kˠʰie1	
㥓	kˠʰie1	
㥓	kˠʰie2	
䗁	kˠʰie1	
䗁	ɡˠie2	
䗁	ɡˠie3	新
攲	kˠʰie1	
攲	kˠie1	
攲	kˠie2	
宜	ŋˠie1	
宐	ŋˠie1	
𠣨	ŋˠie1	
㝖	ŋˠie1	
儀	ŋˠie1	
𥫃	ŋˠie1	
𥫃	ŋˠie3	
䣡	ŋˠie1	
䴊	ŋˠie1	
轙	ŋˠie1	
轙	ŋˠie2	
涯	ŋˠie1	
涯	ɴaj1	
涯	ɴa1	新
崖	ŋˠie1	
崖	ɴaj1	
崖	ɴa1	新
皮	bˠie1	
疲	bˠie1	
郫	bˠie1	
郫	bʲie1	
郫	baj1	
罷	bˠie1	
罷	bˠie2	
罷	baj2	
罷	ba2	新
罷	bˠie3	新
罷	ba3	新
㯅	bˠie1	
㯅	bʲie1	
㯅	pej1	
犤	bˠie1	
犤	baj1	
提	dʑie1	
提	dej1	
𦑡	dʑie1	
㖷	dʑie1	
匙	dʑie1	
䈕	dʑie1	
堤	dʑie1	
堤	tej1	
堤	tej2	
𦳚	dʑie1	
姼	dʑie1	
姼	dʑie2	
姼	tɕʰie2	
姼	dʑie3	新
眂	dʑie1	
𣏚	dʑie1	
兒	ɲie1	
兒	ɴej1	
𠒆	ɲie1	
唲	ɲie1	
唲	ʔaj1	
婼	ɲie1	
婼	ɲa1	
婼	ʈˠʰɑk4	
離	lˠie1	
離	lˠie3	
離	lej3	
籬	lˠie1	
醨	lˠie1	
罹	lˠie1	
璃	lˠie1	
酈	lˠie1	
酈	lek4	
𣀷	lˠie1	
𣀷	lej2	
驪	lˠie1	
驪	lej1	
𪖂	lˠie1	
樆	lˠie1	
鸝	lˠie1	
鵹	lˠie1	
𪅆	lˠie1	
縭	lˠie1	
褵	lˠie1	
蘺	lˠie1	
䕻	lˠie1	
䕻	lej3	
麗	lˠie1	
麗	lej3	
离	lˠie1	
离	ʈˠʰie1	
䍦	lˠie1	
㰚	lˠie1	
蠡	lˠie1	
蠡	lwɑ1	
蠡	lej2	
䅻	lˠie1	
孋	lˠie1	
漓	lˠie1	
灕	lˠie1	
𧕯	lˠie1	
𧕯	ʂie1	
㷰	lˠie1	
㷰	ʈˠʰie1	
𧕮	lˠie1	
攡	lˠie1	
黐	lˠie1	
黐	ʈˠʰie1	
矖	lˠie1	
矖	ʂie2	
穲	lˠie1	
𢟢	lˠie1	
𢥗	lˠie1	
謧	lˠie1	
謧	lej1	
劙	lˠie1	
劙	lej2	
劙	lej3	
疵	dzʲie1	
骴	dzʲie1	
骴	dzʲie3	
玼	dzʲie1	
玼	tsʲʰie2	
玼	tsʰej2	
茈	dzʲie1	
茈	dʐaj1	
茈	tsʲie2	
𣐑	dzʲie1	
胔	dzʲie1	
胔	tsʲʰie1	
胔	dzʲie3	
飺	dzʲie1	
鴜	dzʲie1	
鴜	tsʲie1	
貲	tsʲie1	
頿	tsʲie1	
𪕊	tsʲie1	
鮆	tsʲie1	
鮆	dzej2	
鮆	dzej3	新
訾	tsʲie1	
訾	tsʲie2	
鄑	tsʲie1	
㠿	tsʲie1	
媊	tsʲie1	
媊	tsʲen2	
𨚖	tsʲie1	
㰣	tsʲie1	
㰣	tsʲie3	
鈭	tsʲie1	
鈭	tsʲʰie1	
姕	tsʲie1	
姕	tsʲʰie1	
𦺱	tsʲie1	
䖪	tsʲie1	
觜	tsʲie1	
觜	tsʲwie1	
觜	tsʲwie2	
羈	kˠie1	
畸	kˠie1	
羇	kˠie1	
掎	kˠie1	
掎	kˠie2	
掎	kˠʰie3	
妓	kˠie1	
妓	ɡˠie2	
妓	ɡˠie3	新
躸	kˠie1	
卑	pʲie1	
鵯	pʲie1	
鵯	pʲʰit4	
椑	pʲie1	
椑	bej1	
椑	bʲak4	
椑	bek4	
箄	pʲie1	
箄	pej1	
箄	pʲie2	
裨	pʲie1	
裨	bʲie1	
鞞	pʲie1	
鞞	bej1	
鞞	pʲie2	
鞞	peŋ2	
𩔹	pʲie1	
庳	pʲie1	
庳	bʲie2	
庳	bʲie3	新
渒	pʲie1	
錍	pʲie1	
錍	pʰej1	
𢃍	pʲie1	
陴	bʲie1	
𩫫	bʲie1	
焷	bʲie1	
脾	bʲie1	
䴽	bʲie1	
埤	bʲie1	
蜱	bʲie1	
蜱	mʲew1	
𧓎	bʲie1	
螷	bʲie1	
螷	baŋ2	
螷	baŋ3	新
蠯	bʲie1	
蠯	baj1	
蠯	baŋ2	
蠯	baŋ3	新
𪌈	bʲie1	
紕	bʲie1	
紕	pʲʰi1	
䌳	ɕie1	
䌳	sʲie1	
䌳	tɕʰie1	
絁	ɕie1	
施	ɕie1	
施	ɕie3	
葹	ɕie1	
䙾	ɕie1	
鍦	ɕie1	
鍦	dʑa1	
鍦	ɕie3	
鉈	ɕie1	
鉈	dʑa1	
鸍	ɕie1	
鸍	mʲie1	
𪓿	ɕie1	
䗐	ɕie1	
䗐	ɕie3	
𧠜	ɕie1	
𢻫	ɕie1	
斯	sʲie1	
虒	sʲie1	
𩆵	sʲie1	
𩆵	sen3	
榹	sʲie1	
㴲	sʲie1	
廝	sʲie1	
㒋	sʲie1	
凘	sʲie1	
磃	sʲie1	
㾷	sʲie1	
㾷	sej1	
傂	sʲie1	
傂	ɖˠie1	
傂	ɖˠie2	
傂	ɖˠie3	新
謕	sʲie1	
謕	dej1	
謕	tʰej1	
鼶	sʲie1	
鼶	dej1	
𪆁	sʲie1	
蟴	sʲie1	
㽄	sʲie1	
㽄	sej1	
䫢	sʲie1	
䔮	sʲie1	
菥	sʲie1	
菥	sek4	
𥕶	sʲie1	
蜤	sʲie1	
燍	sʲie1	
禠	sʲie1	
鐁	sʲie1	
差	tʂʰie1	
差	tʂʰaj1	
差	tʂʰa1	
差	tʂʰaj3	
差	tʂʰa3	新
嵯	tʂʰie1	
嵯	dzɑ1	
齹	tʂʰie1	
齹	dʐie1	
齹	dzɑ1	
縒	tʂʰie1	
縒	sɑ2	
縒	tsʰɑk4	
摛	ʈˠʰie1	
螭	ʈˠʰie1	
誺	ʈˠʰie1	
誺	ʈˠʰi3	
誺	ləj3	
魑	ʈˠʰie1	
𡴥	ʈˠʰie1	
彲	ʈˠʰie1	
彌	mʲie1	
𢏏	mʲie1	
镾	mʲie1	
䍘	mʲie1	
𥹄	mʲie1	
𥉓	mʲie1	
𥉓	met4	
瓕	mʲie1	
獼	mʲie1	
𥸀	mʲie1	
檷	mʲie1	
檷	nej2	
麊	mʲie1	
冞	mʲie1	
㜷	mʲie1	
䥸	mʲie1	
𥎖	mʲie1	
瀰	mʲie1	
瀰	mʲie2	
瀰	nej2	
雌	tsʲʰie1	
𦍧	tsʲʰie1	
知	ʈˠie1	
䵹	ʈˠie1	
鼅	ʈˠie1	
蜘	ʈˠie1	
䣽	ʈˠie1	
䝷	ʈˠie1	
漪	ʔˠie1	
猗	ʔˠie1	
猗	ʔˠie2	
椅	ʔˠie1	
椅	ʔˠie2	
旖	ʔˠie1	
旖	ʔˠie2	
禕	ʔˠie1	
陭	ʔˠie1	
陭	ʔˠie3	
欹	ʔˠie1	
㾨	ʔˠie1	
㾨	kˠʰie2	
犄	ʔˠie1	
𩕲	ʔˠie1	
檹	ʔˠie1	
馳	ɖˠie1	
趍	ɖˠie1	
趍	tsʲʰu1	
池	ɖˠie1	
池	dɑ1	
篪	ɖˠie1	
䶵	ɖˠie1	
踟	ɖˠie1	
褫	ɖˠie1	
褫	ɖˠie2	
褫	ʈˠʰie2	
褫	ʈˠʰi2	
褫	ɖˠie3	新
䪧	ɖˠie1	
䶔	ɖˠie1	
誃	ɖˠie1	
誃	tɕʰie2	
䞾	ɖˠie1	
危	ŋˠwie1	
㕒	ŋˠwie1	
洈	ŋˠwie1	
洈	kˠwie2	
峗	ŋˠwie1	
釃	ʂie1	
釃	ʂɨ1	
釃	ʂie2	
簁	ʂie1	
簁	ʂie2	
欐	ʂie1	
欐	lej2	
欐	lej3	
襹	ʂie1	
襹	ʂie3	
褷	ʂie1	
籭	ʂie1	
籭	ʂaj1	
䪎	ʂwie1	
䪎	swəj1	
䭨	ʂwie1	
䭨	ɕwej3	
䬐	ɲwie1	
䬐	ʔwəj1	
厜	tsʲwie1	
纗	tsʲwie1	
纗	ʁwej1	
纗	jwie3	
纗	ʁwaj3	
纗	ʁwa3	新
惢	tsʲwie1	
惢	dzʲwie2	
惢	swɑ2	
惢	dzʲwie3	新
嫢	tsʲwie1	
嫢	ɡʲwi2	
嫢	ʁen2	
嫢	ɡʲwi3	新
嫢	ʁen3	新
㭰	tsʲwie1	
㭰	tsʲwie2	
𩓸	kʲwie1	
𩓡	kʲwie1	
槻	kʲwie1	
規	kʲwie1	
鬹	kʲwie1	
𨾚	kʲwie1	
摫	kʲwie1	
劑	tsʲwie1	
劑	dzej3	
𦸺	tsʲwie1	
臇	tsʲwie1	
臇	tsʲwen2	
𤎱	tsʲwie1	
𤎱	tsʲwen2	
㷷	tsʲwie1	
衰	tʂʰwie1	
衰	ʂwi1	
夊	tʂʰwie1	
夊	sʲwi1	
腄	ʈˠwie1	
腄	ɰɨw1	
腄	ɖˠwie3	
箠	ʈˠwie1	
箠	tɕwie2	
㩾	ʈˠwie1	
䮔	tɕwie1	
䮔	tɕwie2	
齜	tʂie1	
𢻹	pʲʰi1	
𢻹	bˠi2	
𢻹	pˠʰi2	
𢻹	bˠi3	新
䔺	jwie1	
䔺	jwie2	
𩁌	jwie1	
蠵	jwie1	
蠵	ʁwej1	
欈	jwie1	
𧲚	jwie1	
䝐	jwie1	
䝐	jwie2	
脂	tɕi1	
祗	tɕi1	
泜	tɕi1	
泜	ɖˠi1	
砥	tɕi1	
砥	tɕie2	
砥	tɕi2	
栺	tɕi1	
栺	ɴej3	
鴲	tɕi1	
鴲	tɕi3	
㴯	tɕi1	
䓜	tɕi1	
𥁼	tɕi1	
姨	ji1	
彝	ji1	
寅	ji1	
寅	jin1	
夷	ji1	
峓	ji1	
恞	ji1	
眱	ji1	
㰘	ji1	
珆	ji1	
蔩	ji1	
蔩	jin1	
蔩	jen2	
𡰥	ji1	
痍	ji1	
䧅	ji1	
荑	ji1	
荑	dej1	
桋	ji1	
桋	dej1	
蛦	ji1	
胰	ji1	
鮧	ji1	
鮧	dej1	
羠	ji1	
羠	zʲi2	
羠	zʲi3	新
羨	ji1	
羨	zʲen3	
羨	jen3	
鏔	ji1	
𢓡	ji1	
鴺	ji1	
鴺	dej1	
𡱐	ji1	
跠	ji1	
洟	ji1	
洟	tʰej3	
師	ʂi1	
鰤	ʂi1	
蒒	ʂi1	
篩	ʂi1	
獅	ʂi1	
螄	ʂi1	
𣬈	bʲi1	
毗	bʲi1	
比	bʲi1	
比	pʲi2	
比	bʲi3	
比	pʲi3	
比	bʲit4	
琵	bʲi1	
㮰	bʲi1	
芘	bʲi1	
芘	bʲi3	
沘	bʲi1	
沘	pʲi2	
貔	bʲi1	
豼	bʲi1	
膍	bʲi1	
膍	bej1	
肶	bʲi1	
蚍	bʲi1	
𧖈	bʲi1	
枇	bʲi1	
枇	pʲi2	
枇	bʲi3	
仳	bʲi1	
仳	pʲʰie2	
仳	bˠi2	
仳	bˠi3	新
𨈚	bʲi1	
魮	bʲi1	
鈚	bʲi1	
鈚	pʰej1	
𦳈	bʲi1	
𦊁	bʲi1	
阰	bʲi1	
𧑜	bʲi1	
鵧	bʲi1	
咨	tsʲi1	
資	tsʲi1	
粢	tsʲi1	
𪗉	tsʲi1	
𪗋	tsʲi1	
𧞓	tsʲi1	
諮	tsʲi1	
姿	tsʲi1	
齍	tsʲi1	
澬	tsʲi1	
澬	dzʲi1	
𣳩	tsʲi1	
齎	tsʲi1	
齎	tsej1	
蒫	tsʲi1	
蒫	dzɑ1	
蒫	tsʲa1	
𩆂	tsʲi1	
𩆂	dzʲi1	
𩄚	tsʲi1	
飢	kˠi1	
机	kˠi1	
机	kˠi2	
肌	kˠi1	
虮	kˠi1	
鴟	tɕʰi1	
𨾦	tɕʰi1	
𪀒	tɕʰi1	
𪀒	det4	
胵	tɕʰi1	
𩶅	tɕʰi1	
𧪡	tɕʰi1	
𨒬	tɕʰi1	
絺	ʈˠʰi1	
辴	ʈˠʰi1	
辴	ʈˠʰin2	
郗	ʈˠʰi1	
𥭘	ʈˠʰi1	
脪	ʈˠʰi1	
脪	xˠin2	
脪	xˠɨn3	
瓻	ʈˠʰi1	
訵	ʈˠʰi1	
訵	ʈˠʰi3	
郪	tsʲʰi1	
郪	tsʰej1	
趑	tsʲʰi1	
𨌅	tsʲʰi1	
𨌅	dzʲi1	
𨌅	dʐaj1	
趀	tsʲʰi1	
𧾒	tsʲʰi1	
𧠥	tsʲʰi1	
𡰾	tsʲʰi1	
𡳠	tsʲʰi1	
蠀	tsʲʰi1	
茨	dzʲi1	
薋	dzʲi1	
薺	dzʲi1	
薺	dzej2	
薺	dzej3	新
餈	dzʲi1	
𩜴	dzʲi1	
垐	dzʲi1	
垐	dzʲɨk4	
䆅	dzʲi1	
蠐	dzʲi1	
蠐	dzej1	
瓷	dzʲi1	
𥿆	dzʲi1	
𥿆	zʲi1	
尼	ɳˠi1	
柅	ɳˠi1	
柅	ɳˠie2	
柅	ɳˠi2	
怩	ɳˠi1	
蚭	ɳˠi1	
跜	ɳˠi1	
呢	ɳˠi1	
𩚯	ɳˠi1	
䝚	ɳˠi1	
墀	ɖˠi1	
𡎰	ɖˠi1	
坻	ɖˠi1	
坻	tɕie2	
坻	tej2	
遲	ɖˠi1	
遟	ɖˠi1	
遟	ɖˠi3	
蚳	ɖˠi1	
岻	ɖˠi1	
岻	tej1	
彽	ɖˠi1	
阺	ɖˠi1	
荎	ɖˠi1	
荎	det4	
菭	ɖˠi1	
菭	dəj1	
謘	ɖˠi1	
謘	ɖˠi3	
莉	ɖˠi1	
莉	lej1	
貾	ɖˠi1	
私	sʲi1	
鋖	sʲi1	
厶	sʲi1	
𦮺	sʲi1	
㺨	sʲi1	
尸	ɕi1	
鳲	ɕi1	
屍	ɕi1	
屍	ɕi3	
蓍	ɕi1	
鬐	ɡʲi1	
𦓀	ɡʲi1	
耆	ɡʲi1	
愭	ɡʲi1	
𧡺	ɡʲi1	
𥉙	ɡʲi1	
䅲	ɡʲi1	
祁	ɡʲi1	
祁	tɕi2	
𨪌	ɡʲi1	
鰭	ɡʲi1	
鮨	ɡʲi1	
伊	ʔʲi1	
咿	ʔʲi1	
蛜	ʔʲi1	
黝	ʔʲi1	
黝	ʔʲɨw2	
黟	ʔʲi1	
黟	ʔej1	
棃	lˠi1	
梨	lˠi1	
𠠍	lˠi1	
秜	lˠi1	
蜊	lˠi1	
蔾	lˠi1	
蔾	lej1	
犂	lˠi1	
刕	lˠi1	
𢤂	lˠi1	
鯬	lˠi1	
鯬	lej1	
鑗	lˠi1	
䴻	lˠi1	
蟍	lˠi1	
𨟀	lˠi1	
葵	ɡʲwi1	
鄈	ɡʲwi1	
楑	ɡʲwi1	
楑	ɡʲwi2	
楑	ɡʲwi3	新
𩹍	ɡʲwi1	
𢜽	ɡʲwi1	
𢜽	ɡʲwi2	
𢜽	ɡʲwi3	新
𦝢	ɡʲwi1	
𦝢	ɡˠwi1	
䳫	ɡʲwi1	
𧍜	ɡʲwi1	
追	ʈˠwi1	
䨨	ʈˠwi1	
娺	ʈˠwi1	
娺	ʈwat4	
龜	kˠwi1	
龜	kˠɨw1	
𪚦	kˠwi1	
𠃾	kˠwi1	
䟸	kˠwi1	
䟸	ɡˠwi1	
螝	kˠwi1	
螝	ʁwəj3	
騩	kˠwi1	
騩	kˠuj1	
騩	kˠwi3	
蕤	ɲwi1	
甤	ɲwi1	
甤	ɲwie2	
甤	ɲwi2	
緌	ɲwi1	
擩	ɲwi1	
擩	ɲu2	
擩	ɲu3	
擩	nɨw3	
桵	ɲwi1	
䅑	ɲwi1	
䅑	sʲwi1	
捼	ɲwi1	
捼	nwəj1	
捼	nwɑ1	
榱	ʂwi1	
𤸬	ʂwi1	
惟	jwi1	
𣄧	jwi1	
維	jwi1	
遺	jwi1	
遺	jwi3	
濰	jwi1	
壝	jwi1	
壝	jwi2	
𥌰	jwi1	
蓶	jwi1	
蓶	jwi2	
䜅	jwi1	
䜅	dʑwi1	
䜅	tsʲʰwi1	
琟	jwi1	
唯	jwi1	
唯	jwi2	
𧔥	jwi1	
𧔥	jwi3	
㶟	lˠwi1	
㶟	lˠwi2	
纍	lˠwi1	
纍	lˠwi3	
虆	lˠwi1	
欙	lˠwi1	
𤜖	lˠwi1	
𡿔	lˠwi1	
㠥	lˠwi1	
𡤯	lˠwi1	
瓃	lˠwi1	
瓃	lwəj1	
瓃	lˠwi3	
𥍔	lˠwi1	
鸓	lˠwi1	
鸓	lˠwi2	
儽	lˠwi1	
儽	lwəj3	
纝	lˠwi1	
綏	sʲwi1	
雖	sʲwi1	
荾	sʲwi1	
荽	sʲwi1	
䒘	sʲwi1	
葰	sʲwi1	
葰	swɑ2	
葰	ʂwa2	
浽	sʲwi1	
浽	nwəj2	
奞	sʲwi1	
奞	sʲew1	
奞	sʲin3	
奞	sʲwin3	
濉	sʲwi1	
逵	ɡˠwi1	
夔	ɡˠwi1	
𣦞	ɡˠwi1	
馗	ɡˠwi1	
馗	ɡˠɨw1	
戣	ɡˠwi1	
鍨	ɡˠwi1	
騤	ɡˠwi1	
騤	qwet4	
犪	ɡˠwi1	
躨	ɡˠwi1	
艽	ɡˠwi1	
艽	ɡˠɨw1	
𠊾	ɡˠwi1	
𠊾	ɡʲwi3	
𨾎	ɡˠwi1	
頯	ɡˠwi1	
頯	kˠwi2	
𠐽	ɡˠwi1	
𠐽	kˠuj3	
𧢦	ɡˠwi1	
𧢦	kˠʰuj1	
𢌳	ɡˠwi1	
頄	ɡˠwi1	
頄	ɡˠɨw1	
眉	mˠi1	
睂	mˠi1	
嵋	mˠi1	
湄	mˠi1	
𤃱	mˠi1	
鶥	mˠi1	
楣	mˠi1	
瑂	mˠi1	
矀	mˠi1	
矀	ɱuj1	
覹	mˠi1	
䉠	mˠi1	
䉠	ɱuj1	
黴	mˠi1	
黴	məj3	
麋	mˠi1	
蘪	mˠi1	
郿	mˠi1	
郿	mˠi3	
㵟	mˠi1	
㵟	ɱuj1	
薇	mˠi1	
薇	ɱuj1	
葿	mˠi1	
攗	mˠi1	
悲	pˠi1	
錐	tɕwi1	
隹	tɕwi1	
𪋇	tɕwi1	
騅	tɕwi1	
㮅	tɕwi1	
䶆	tɕwi1	
萑	tɕwi1	
鵻	tɕwi1	
鵻	sʲwin2	
誰	dʑwi1	
脽	dʑwi1	
帷	ɰwi1	
邳	bˠi1	
鉟	bˠi1	
鉟	pˠʰi1	
䲹	bˠi1	
岯	bˠi1	
魾	bˠi1	
魾	pˠʰi1	
䫠	bˠi1	
䫠	pˠʰi1	
丕	pˠʰi1	
㔻	pˠʰi1	
伾	pˠʰi1	
秠	pˠʰi1	
秠	fʰɨw1	
秠	pˠʰi2	
秠	fʰɨw2	
䪹	pˠʰi1	
駓	pˠʰi1	
怌	pˠʰi1	
豾	pˠʰi1	
髬	pˠʰi1	
倠	xʲwi1	
婎	xʲwi1	
婎	xʲwi3	
𢊄	xʲwi1	
𢊿	xʲwi1	
鎚	ɖˠwi1	
鎚	twəj1	
鎚	ɖˠwi3	
椎	ɖˠwi1	
槌	ɖˠwi1	
槌	ɖˠwie3	
桘	ɖˠwi1	
顀	ɖˠwi1	
推	tɕʰwi1	
推	tʰwəj1	
蓷	tɕʰwi1	
蓷	tʰwəj1	
胝	ʈˠi1	
疷	ʈˠi1	
秪	ʈˠi1	
氐	ʈˠi1	
氐	tej1	
𦀘	pʲʰi1	
𦀘	pej1	
𧧺	pʲʰi1	
悂	pʲʰi1	
悂	pej1	
𢞗	pʲʰi1	
嶉	tsʲwi1	
嶉	tsʲu1	
嶉	tsʲwi2	
檇	tsʲwi1	
檇	dzwəj1	
檇	tsʲwi3	
巋	kˠʰwi1	
巋	kˠʰwi2	
蘬	kˠʰwi1	
蘬	kˠʰuj1	
蘬	kˠʰwi2	
狋	ŋˠi1	
狋	ɡˠwen1	
咦	xʲi1	
忾	xʲi1	
䐅	xʲi1	
𣢂	xʲi1	
屎	xʲi1	
屎	ɕi2	
之	tɕi1	
臸	tɕi1	
臸	ɲit4	
芝	tɕi1	
㞢	tɕi1	
飴	ji1	
𩛛	ji1	
䬮	ji1	
怡	ji1	
弬	ji1	
媐	ji1	
媐	xˠi1	
异	ji1	
异	ji3	
㼢	ji1	
𣐵	ji1	
圯	ji1	
貽	ji1	
巸	ji1	
洍	ji1	
洍	zʲi2	
洍	zʲi3	新
𦣞	ji1	
𩠢	ji1	
頤	ji1	
詒	ji1	
詒	dəj2	
詒	dəj3	新
㺿	ji1	
沶	ji1	
宧	ji1	
𦚟	ji1	
䱌	ji1	
姬	ji1	
姬	kˠi1	
台	ji1	
台	tʰəj1	
眙	ji1	
眙	ʈˠʰi3	
瓵	ji1	
時	dʑi1	
旹	dʑi1	
塒	dʑi1	
鼭	dʑi1	
榯	dʑi1	
蒔	dʑi1	
蒔	dʑi3	
鰣	dʑi1	
疑	ŋˠi1	
嶷	ŋˠi1	
嶷	ŋˠɨk4	
觺	ŋˠi1	
觺	ŋˠɨk4	
思	sʲi1	
思	sʲi3	
恖	sʲi1	
司	sʲi1	
罳	sʲi1	
伺	sʲi1	
伺	sʲi3	
絲	sʲi1	
緦	sʲi1	
𥯨	sʲi1	
禗	sʲi1	
覗	sʲi1	
覗	sʲi3	
㺇	sʲi1	
𥄶	sʲi1	
蕬	sʲi1	
偲	sʲi1	
偲	tsʰəj1	
楒	sʲi1	
輜	tʂʰi1	
輜	tʂi1	
颸	tʂʰi1	
其	ɡˠi1	
其	kˠi1	
期	ɡˠi1	
旗	ɡˠi1	
綦	ɡˠi1	
綨	ɡˠi1	
𢃛	ɡˠi1	
萁	ɡˠi1	
萁	kˠi1	
𧯯	ɡˠi1	
蜝	ɡˠi1	
琪	ɡˠi1	
麒	ɡˠi1	
騏	ɡˠi1	
淇	ɡˠi1	
䳢	ɡˠi1	
錤	ɡˠi1	
錤	kˠi1	
藄	ɡˠi1	
棊	ɡˠi1	
櫀	ɡˠi1	
碁	ɡˠi1	
𤪌	ɡˠi1	
璂	ɡˠi1	
鯕	ɡˠi1	
蘄	ɡˠi1	
蘄	kˠɨj1	
蘄	ɡˠɨn1	
祺	ɡˠi1	
禥	ɡˠi1	
踑	ɡˠi1	
𦪆	ɡˠi1	
䑴	ɡˠi1	
𢍁	ɡˠi1	
𢍁	ɡˠi3	
䶞	ɡˠi1	
䶞	kˠʰi1	
詩	ɕi1	
邿	ɕi1	
齝	ɕi1	
齝	ʈˠʰi1	
𪗪	ɕi1	
呞	ɕi1	
䀢	ɕi1	
䀢	ɕim2	
䀢	ɕwin3	
而	ɲi1	
栭	ɲi1	
𣚊	ɲi1	
𨼏	ɲi1	
陾	ɲi1	
陾	nɨw2	
陑	ɲi1	
髵	ɲi1	
峏	ɲi1	
𨎪	ɲi1	
輀	ɲi1	
𦠌	ɲi1	
胹	ɲi1	
𦓒	ɲi1	
𩰴	ɲi1	
洏	ɲi1	
鮞	ɲi1	
鮞	ɲɨwk4	
耏	ɲi1	
耏	nəj3	
咡	ɲi1	
咡	ɲi3	
䎠	ɲi1	
䎠	ʁwɑn1	
䎠	nwɑ1	
誀	ɲi1	
誀	ɲi3	
鴯	ɲi1	
欺	kˠʰi1	
娸	kˠʰi1	
䫥	kˠʰi1	
䫥	qʰwəj2	
䫥	ɴwəj2	
䫏	kˠʰi1	
𠐾	kˠʰi1	
魌	kˠʰi1	
僛	kˠʰi1	
𪅾	kˠʰi1	
𡖾	kˠʰi1	
抾	kˠʰi1	
抾	kˠʰəp4	
朞	kˠi1	
稘	kˠi1	
基	kˠi1	
箕	kˠi1	
䇫	kˠi1	
諅	kˠi1	
諅	ɡˠi3	
居	kˠi1	
居	kˠɨ1	
諆	kˠi1	
詞	zʲi1	
祠	zʲi1	
柌	zʲi1	
辭	zʲi1	
辤	zʲi1	
辝	zʲi1	
釐	lˠi1	
貍	lˠi1	
狸	lˠi1	
氂	lˠi1	
氂	mɑw1	
嫠	lˠi1	
剺	lˠi1	
梩	lˠi1	
犛	lˠi1	
犛	ləj1	
犛	maw1	
𣁟	lˠi1	
倈	lˠi1	
艃	lˠi1	
𣮉	lˠi1	
𣮉	ləj1	
孷	lˠi1	
𢟤	lˠi1	
𢟤	lˠi3	
𩭇	lˠi1	
㾖	lˠi1	
㾖	lˠi2	
筣	lˠi1	
筣	lej1	
斄	lˠi1	
斄	ləj1	
𠩬	lˠi1	
𠭰	lˠi1	
菑	tʂi1	
菑	tsəj1	
甾	tʂi1	
𦸜	tʂi1	
淄	tʂi1	
㿳	tʂi1	
茬	tʂi1	
茬	dʐi1	
錙	tʂi1	
鶅	tʂi1	
鶅	tʂi3	
緇	tʂi1	
䊷	tʂi1	
椔	tʂi1	
椔	tʂi3	
鯔	tʂi1	
䎩	tʂi1	
䣎	tʂi1	
僖	xˠi1	
歖	xˠi1	
熙	xˠi1	
嬉	xˠi1	
嬉	xˠi3	
禧	xˠi1	
譆	xˠi1	
𠩺	xˠi1	
瞦	xˠi1	
㶼	xˠi1	
㶼	ʔəj1	
熹	xˠi1	
嘻	xˠi1	
𣢑	xˠi1	
娭	xˠi1	
誒	xˠi1	
醫	ʔˠi1	
毉	ʔˠi1	
譩	ʔˠi1	
譩	ʔˠɨj1	
譩	ʔˠi2	
㿄	ʔˠi1	
㿄	ʔaj3	
噫	ʔˠi1	
噫	ʔaj3	
癡	ʈˠʰi1	
笞	ʈˠʰi1	
痴	ʈˠʰi1	
治	ɖˠi1	
治	ɖˠi3	
持	ɖˠi1	
蚩	tɕʰi1	
嗤	tɕʰi1	
妛	tɕʰi1	
媸	tɕʰi1	
𦐉	tɕʰi1	
𣍆	tɕʰi1	
𣍆	neŋ1	
𥉍	tɕʰi1	
慈	dzʲi1	
礠	dzʲi1	
鶿	dzʲi1	
鶿	tsʲi1	
濨	dzʲi1	
兹	dzʲi1	
兹	tsʲi1	
孳	tsʲi1	
孳	dzʲi3	
嵫	tsʲi1	
孜	tsʲi1	
滋	tsʲi1	
嗞	tsʲi1	
𪑿	tsʲi1	
鎡	tsʲi1	
孖	tsʲi1	
孖	dzʲi3	
鼒	tsʲi1	
鼒	dzəj1	
鰦	tsʲi1	
仔	tsʲi1	
仔	tsʲi2	
稵	tsʲi1	
漦	ʐi1	
䀵	ɕi1	
微	ɱuj1	
𢼸	ɱuj1	
䥩	ɱuj1	
癓	ɱuj1	
揮	xˠuj1	
煇	xˠuj1	
煇	ʁwən1	
煇	ʁwən2	
煇	ʁwən3	新
輝	xˠuj1	
暉	xˠuj1	
徽	xˠuj1	
翬	xˠuj1	
褘	xˠuj1	
鰴	xˠuj1	
楎	xˠuj1	
楎	ʁwən1	
幑	xˠuj1	
瀈	xˠuj1	
㫎	xˠuj1	
𤟤	xˠuj1	
𤟤	ʁwən1	
幃	ɰuj1	
韋	ɰuj1	
闈	ɰuj1	
圍	ɰuj1	
圍	ɰuj3	
䙟	ɰuj1	
𩎯	ɰuj1	
違	ɰuj1	
湋	ɰuj1	
囗	ɰuj1	
鍏	ɰuj1	
鍏	ɰuj2	
潿	ɰuj1	
𧝕	ɰuj1	
𠆎	ɰuj1	
𢾁	ɰuj1	
霏	fʰuj1	
䬠	fʰuj1	
妃	fʰuj1	
妃	pʰəj3	
菲	fʰuj1	
菲	fʰuj2	
菲	vuj3	
䩁	fʰuj1	
婓	fʰuj1	
騑	fʰuj1	
騑	fuj1	
裶	fʰuj1	
𥇖	fʰuj1	
𥇖	pˠin1	
猆	fuj1	
飛	fuj1	
扉	fuj1	
緋	fuj1	
𩙲	fuj1	
非	fuj1	
馡	fuj1	
𩹉	fuj1	
騛	fuj1	
誹	fuj1	
誹	fuj3	
餥	fuj1	
餥	fuj2	
肥	vuj1	
腓	vuj1	
腓	vuj3	
䈈	vuj1	
淝	vuj1	
𤷂	vuj1	
痱	vuj1	
痱	bəj2	
痱	vuj3	
痱	bəj3	新
蜰	vuj1	
蜰	fuj2	
蜰	vuj3	
䨽	vuj1	
䨽	fʰuj2	
䨽	bˠi3	
蟦	vuj1	
蟦	vuj2	
蟦	vuj3	
賁	vuj1	
賁	vun1	
賁	pən1	
賁	pˠie3	
裴	vuj1	
裴	bəj1	
威	ʔˠuj1	
葳	ʔˠuj1	
隇	ʔˠuj1	
嵔	ʔˠuj1	
嵔	ʔˠuj2	
嵔	ʔwəj2	
蝛	ʔˠuj1	
鰄	ʔˠuj1	
媁	ʔˠuj1	
媁	ɰuj2	
楲	ʔˠuj1	
祈	ɡˠɨj1	
頎	ɡˠɨj1	
旂	ɡˠɨj1	
𩴆	ɡˠɨj1	
𩴆	kˠɨj2	
畿	ɡˠɨj1	
㙨	ɡˠɨj1	
圻	ɡˠɨj1	
圻	ŋˠɨn1	
圻	ɴən1	
刏	ɡˠɨj1	
刏	kˠɨj1	
刏	qwəj3	
𧰙	ɡˠɨj1	
𦠄	ɡˠɨj1	
俟	ɡˠɨj1	
俟	ʐi2	
俟	ʐi3	新
幾	ɡˠɨj1	
幾	kˠɨj1	
幾	kˠɨj2	
幾	ɡˠɨj3	
蚚	ɡˠɨj1	
蚚	ʁwəj3	
玂	ɡˠɨj1	
蟣	ɡˠɨj1	
蟣	kˠɨj2	
岓	ɡˠɨj1	
𪙧	ɡˠɨj1	
機	kˠɨj1	
譏	kˠɨj1	
嘰	kˠɨj1	
𦺬	kˠɨj1	
磯	kˠɨj1	
鞿	kˠɨj1	
饑	kˠɨj1	
禨	kˠɨj1	
禨	kˠɨj3	
䟇	kˠɨj1	
鐖	kˠɨj1	
僟	kˠɨj1	
璣	kˠɨj1	
𧗇	kˠɨj1	
希	xˠɨj1	
晞	xˠɨj1	
莃	xˠɨj1	
鵗	xˠɨj1	
睎	xˠɨj1	
稀	xˠɨj1	
豨	xˠɨj1	
豨	xˠɨj2	
𧻶	xˠɨj1	
悕	xˠɨj1	
俙	xˠɨj1	
俙	χaj1	
俙	xˠɨj2	
欷	xˠɨj1	
欷	xˠɨj3	
依	ʔˠɨj1	
郼	ʔˠɨj1	
衣	ʔˠɨj1	
衣	ʔˠɨj3	
㛄	ʔˠɨj1	
㐆	ʔˠɨj1	
㐆	ʔˠɨn2	
䧇	ʔˠɨj1	
㥋	ʔˠɨj1	
㥋	ʔˠɨj2	
沂	ŋˠɨj1	
凒	ŋˠɨj1	
巍	ŋˠuj1	
犩	ŋˠuj1	
犩	ŋˠuj3	
歸	kˠuj1	
㱕	kˠuj1	
魚	ŋˠɨ1	
𩺰	ŋˠɨ1	
漁	ŋˠɨ1	
𩼪	ŋˠɨ1	
䰻	ŋˠɨ1	
䱷	ŋˠɨ1	
齬	ŋˠɨ1	
齬	ɴu1	
齬	ŋˠɨ2	
鋙	ŋˠɨ1	
鋙	ŋˠɨ2	
䁩	ŋˠɨ1	
衙	ŋˠɨ1	
衙	ɴa1	
衙	ŋˠɨ2	
初	tʂʰɨ1	
𠿝	tʂʰɨ1	
書	ɕɨ1	
鵨	ɕɨ1	
瑹	ɕɨ1	
舒	ɕɨ1	
𦺗	ɕɨ1	
紓	ɕɨ1	
紓	ʑɨ2	
紓	ʑɨ3	新
𨛭	ɕɨ1	
𡨢	kˠɨ1	
据	kˠɨ1	
裾	kˠɨ1	
琚	kˠɨ1	
䝻	kˠɨ1	
鶋	kˠɨ1	
車	kˠɨ1	
車	tɕʰa1	
蜛	kˠɨ1	
崌	kˠɨ1	
椐	kˠɨ1	
椐	kˠʰɨ1	
椐	kˠɨ3	
涺	kˠɨ1	
𦱅	kˠɨ1	
腒	kˠɨ1	
腒	ɡˠɨ1	
渠	ɡˠɨ1	
𨎶	ɡˠɨ1	
𦄽	ɡˠɨ1	
璩	ɡˠɨ1	
磲	ɡˠɨ1	
蕖	ɡˠɨ1	
籧	ɡˠɨ1	
𥴧	ɡˠɨ1	
𥴧	kˠɨ2	
淭	ɡˠɨ1	
醵	ɡˠɨ1	
醵	ɡˠɨ3	
醵	ɡˠɑk4	
𪆫	ɡˠɨ1	
螶	ɡˠɨ1	
蟝	ɡˠɨ1	
䝣	ɡˠɨ1	
豦	ɡˠɨ1	
豦	kˠɨ3	
蘧	ɡˠɨ1	
蘧	ɡˠu1	
鐻	ɡˠɨ1	
鐻	ɡˠɨ2	
鐻	kˠɨ3	
鐻	ɡˠɨ3	新
璖	ɡˠɨ1	
𨞙	ɡˠɨ1	
㯫	ɡˠɨ1	
䟊	ɡˠɨ1	
𦼫	ɡˠɨ1	
𦼫	ɡˠɨ2	
𦼫	ɡˠɨ3	新
䆽	ɡˠɨ1	
𧝔	ɡˠɨ1	
懅	ɡˠɨ1	
余	jɨ1	
余	dʑa1	
蜍	jɨ1	
蜍	dʑɨ1	
藇	jɨ1	
藇	sʲɨ1	
藇	jɨ2	
藇	zʲɨ2	
藇	jɨ3	
藇	zʲɨ3	新
㶛	jɨ1	
餘	jɨ1	
輿	jɨ1	
輿	jɨ3	
旟	jɨ1	
鵌	jɨ1	
鵌	du1	
璵	jɨ1	
艅	jɨ1	
畬	jɨ1	
畬	ɕa1	
𤰩	jɨ1	
歟	jɨ1	
歟	jɨ2	
歟	jɨ3	
與	jɨ1	
與	jɨ2	
與	jɨ3	
譽	jɨ1	
譽	jɨ3	
嬩	jɨ1	
舁	jɨ1	
擧	jɨ1	
妤	jɨ1	
伃	jɨ1	
㦛	jɨ1	
㦛	jɨ2	
𪋮	jɨ1	
𪋮	jɨ3	
予	jɨ1	
予	jɨ2	
㺞	jɨ1	
𩦡	jɨ1	
𩦡	jɨ3	
𧾚	jɨ1	
狳	jɨ1	
鸒	jɨ1	
鸒	jɨ3	
雓	jɨ1	
胥	sʲɨ1	
胥	sʲɨ2	
䱬	sʲɨ1	
䈝	sʲɨ1	
稰	sʲɨ1	
稰	sʲɨ2	
楈	sʲɨ1	
楈	sʲɨ2	
諝	sʲɨ1	
諝	sʲɨ2	
㥠	sʲɨ1	
㥠	sʲɨ2	
湑	sʲɨ1	
湑	sʲɨ2	
蝑	sʲɨ1	
蝑	sʲa3	
揟	sʲɨ1	
疽	tsʲʰɨ1	
岨	tsʲʰɨ1	
砠	tsʲʰɨ1	
䢸	tsʲʰɨ1	
趄	tsʲʰɨ1	
苴	tsʲʰɨ1	
苴	tsʲɨ1	
苴	dʐa1	
苴	tsʲɨ2	
沮	tsʲʰɨ1	
沮	tsʲɨ1	
沮	tʂɨ1	
沮	dzʲɨ2	
沮	tsʲɨ3	
沮	dzʲɨ3	新
狙	tsʲʰɨ1	
䏣	tsʲʰɨ1	
䏣	tsʲʰɨ3	
蛆	tsʲʰɨ1	
蛆	tsʲɨ1	
雎	tsʲʰɨ1	
蒩	tsʲʰɨ1	
蒩	tsu1	
蒩	tsu2	
𣻐	tsʲʰɨ1	
伹	tsʲʰɨ1	
伹	dzu2	
伹	dzu3	新
坥	tsʲʰɨ1	
坥	tsʲʰɨ3	
𡳆	tsʲʰɨ1	
鉏	dʐɨ1	
鉏	dʐɨ2	
鉏	dʐɨ3	新
鋤	dʐɨ1	
耡	dʐɨ1	
耡	dʐɨ3	
豠	dʐɨ1	
𧱑	dʐɨ1	
𪆷	dʐɨ1	
攄	ʈˠʰɨ1	
㯉	ʈˠʰɨ1	
筡	ʈˠʰɨ1	
筡	du1	
摴	ʈˠʰɨ1	
疏	ʂɨ1	
疏	ʂɨ3	
梳	ʂɨ1	
綀	ʂɨ1	
蔬	ʂɨ1	
疎	ʂɨ1	
𥿇	ʂɨ1	
𥿇	kˠʰɨ2	
𦌿	ʂɨ1	
𤕟	ʂɨ1	
㽰	ʂɨ1	
疋	ʂɨ1	
疋	ʂɨ2	
疋	ɴa2	
虛	xˠɨ1	
虛	kˠʰɨ1	
驉	xˠɨ1	
歔	xˠɨ1	
噓	xˠɨ1	
噓	xˠɨ3	
魖	xˠɨ1	
𥛳	xˠɨ1	
徐	zʲɨ1	
䣄	zʲɨ1	
䣄	du1	
䍱	zʲɨ1	
俆	zʲɨ1	
於	ʔˠɨ1	
於	ʔu1	
扵	ʔˠɨ1	
箊	ʔˠɨ1	
淤	ʔˠɨ1	
淤	ʔˠɨ3	
唹	ʔˠɨ1	
豬	ʈˠɨ1	
䐗	ʈˠɨ1	
猪	ʈˠɨ1	
瀦	ʈˠɨ1	
櫫	ʈˠɨ1	
藸	ʈˠɨ1	
藸	ɖˠɨ1	
臚	lˠɨ1	
閭	lˠɨ1	
䰕	lˠɨ1	
䰕	lu1	
廬	lˠɨ1	
蘆	lˠɨ1	
蘆	lu1	
櫚	lˠɨ1	
驢	lˠɨ1	
藘	lˠɨ1	
䕡	lˠɨ1	
爈	lˠɨ1	
𤁵	lˠɨ1	
㠠	lˠɨ1	
櫖	lˠɨ1	
櫖	lˠɨ3	
璷	lˠɨ1	
䮉	lˠɨ1	
𥶆	lˠɨ1	
𢣻	lˠɨ1	
諸	tɕɨ1	
諸	tɕa1	
櫧	tɕɨ1	
㶆	tɕɨ1	
藷	tɕɨ1	
藷	dʑɨ3	
𧄔	tɕɨ1	
𧄔	dʑɨ1	
䃴	tɕɨ1	
蠩	tɕɨ1	
除	ɖˠɨ1	
除	ɖˠɨ3	
躇	ɖˠɨ1	
儲	ɖˠɨ1	
涂	ɖˠɨ1	
涂	du1	
篨	ɖˠɨ1	
𦿀	ɖˠɨ1	
宁	ɖˠɨ1	
宁	ɖˠɨ2	
宁	ɖˠɨ3	新
㾻	ɖˠɨ1	
㾻	ɖˠɨ3	
㾻	ʈˠʰɨ3	
著	ɖˠɨ1	
著	ʈˠɨ2	
著	ʈˠɨ3	
著	ʈˠɑk4	
著	ɖˠɑk4	
滁	ɖˠɨ1	
蒢	ɖˠɨ1	
屠	ɖˠɨ1	
屠	du1	
如	ɲɨ1	
如	ɲɨ3	
蕠	ɲɨ1	
𨚴	ɲɨ1	
洳	ɲɨ1	
洳	ɲɨ3	
鴽	ɲɨ1	
𨾵	ɲɨ1	
𡫽	ɲɨ1	
𡫽	ɲɨ2	
𡫽	ʔˠɨ3	
茹	ɲɨ1	
茹	ɲɨ2	
茹	ɲɨ3	
且	tsʲɨ1	
且	tsʲʰa2	
墟	kˠʰɨ1	
𥬔	kˠʰɨ1	
袪	kˠʰɨ1	
阹	kˠʰɨ1	
胠	kˠʰɨ1	
胠	kˠʰɨ3	
胠	kˠʰəp4	
魼	kˠʰɨ1	
魼	tʰɑp4	
㠊	kˠʰɨ1	
𢴮	kˠʰɨ1	
㭕	kˠʰɨ1	
䒧	kˠʰɨ1	
䒧	kˠʰɨ3	
菹	tʂɨ1	
𧗘	tʂɨ1	
䶥	tʂɨ1	
䶥	tʂa1	
䶥	dʐa1	
袽	ɳˠɨ1	
帤	ɳˠɨ1	
𣭠	ɳˠɨ1	
蒘	ɳˠɨ1	
蒘	ɳa1	
𣖹	ɳˠɨ1	
挐	ɳˠɨ1	
挐	ɳa1	
虞	ŋˠu1	
𩦢	ŋˠu1	
愚	ŋˠu1	
娛	ŋˠu1	
娛	ɴu3	
湡	ŋˠu1	
堣	ŋˠu1	
𪃍	ŋˠu1	
嵎	ŋˠu1	
髃	ŋˠu1	
髃	ɴɨw2	
禺	ŋˠu1	
禺	ŋˠu3	
隅	ŋˠu1	
䴁	ŋˠu1	
䴁	ŋˠu3	
鍝	ŋˠu1	
澞	ŋˠu1	
𧍪	ŋˠu1	
㷒	ŋˠu1	
齵	ŋˠu1	
齵	ɴɨw1	
鸆	ŋˠu1	
𨜖	ŋˠu1	
芻	tʂʰu1	
犓	tʂʰu1	
無	ɱu1	
毋	ɱu1	
瞴	ɱu1	
瞴	ɱu2	
膴	ɱu1	
膴	χu1	
膴	ɱu2	
蕪	ɱu1	
誣	ɱu1	
巫	ɱu1	
莁	ɱu1	
璑	ɱu1	
𨼊	ɱu1	
䉑	ɱu1	
䉑	mu1	
鷡	ɱu1	
𦌬	ɱu1	
𦌬	ɱu2	
蝥	ɱu1	
蝥	maw1	
蝥	mɨw1	
蝥	ɱu3	
𢜮	ɱu1	
𢜮	ɱu2	
𢜮	mu2	
无	ɱu1	
无	mu1	
𢃀	ɱu1	
譕	ɱu1	
墲	ɱu1	
墲	mu1	
墲	pʰu1	
鵐	ɱu1	
憮	ɱu1	
憮	ɱu2	
䍢	ɱu1	
于	ɰu1	
迂	ɰu1	
迂	ʔˠu1	
迂	ʔˠu2	
盂	ɰu1	
邘	ɰu1	
雩	ɰu1	
雩	xˠu1	
𦏴	ɰu1	
竽	ɰu1	
玗	ɰu1	
芋	ɰu1	
芋	ɰu3	
汙	ɰu1	
汙	ʔu3	
䣿	ɰu1	
䣿	xˠu1	
䣿	ʔˠu1	
杅	ɰu1	
釪	ɰu1	
𧘘	ɰu1	
骬	ɰu1	
𠌶	ɰu1	
𠌶	xˠu1	
謣	ɰu1	
䩒	ɰu1	
䩒	xˠu1	
䩒	ʔˠu1	
䢓	ɰu1	
𦱃	ɰu1	
訏	xˠu1	
吁	xˠu1	
吁	ɰu3	
欨	xˠu1	
欨	xˠu2	
㽳	xˠu1	
盱	xˠu1	
𧙆	xˠu1	
𥈈	xˠu1	
姁	xˠu1	
姁	ɡˠu1	
姁	xˠu2	
姁	xˠu3	
𦀒	xˠu1	
𦀒	xˠu2	
扜	xˠu1	
扜	ʔˠu1	
荂	xˠu1	
荂	fʰu1	
𢖳	xˠu1	
旴	xˠu1	
㰭	xˠu1	
虖	xˠu1	
虖	ʁu1	
虖	χu1	
𣚏	xˠu1	
衢	ɡˠu1	
劬	ɡˠu1	
軥	ɡˠu1	
軥	qɨw1	
軥	qɨw3	
氍	ɡˠu1	
胊	ɡˠu1	
䧁	ɡˠu1	
䧁	xˠu2	
臞	ɡˠu1	
臞	ɡˠu3	
癯	ɡˠu1	
鴝	ɡˠu1	
鴝	qɨw1	
鸜	ɡˠu1	
灈	ɡˠu1	
躣	ɡˠu1	
忂	ɡˠu1	
𩢳	ɡˠu1	
鼩	ɡˠu1	
斪	ɡˠu1	
句	ɡˠu1	
句	qɨw1	
句	kˠu3	
句	qɨw3	
蠷	ɡˠu1	
瞿	ɡˠu1	
瞿	kˠu3	
欋	ɡˠu1	
葋	ɡˠu1	
翵	ɡˠu1	
翵	ʁɨw1	
𦐛	ɡˠu1	
𦐛	kˠu2	
蚼	ɡˠu1	
蚼	χɨw2	
𪓞	ɡˠu1	
𪓞	qɨw1	
𧾱	ɡˠu1	
䞤	ɡˠu1	
䞤	fʰu2	
𠣪	ɡˠu1	
絇	ɡˠu1	
絇	kˠu3	
𡱺	ɡˠu1	
𥃔	ɡˠu1	
𥗫	ɡˠu1	
𥗫	kˠu1	
戵	ɡˠu1	
鑺	ɡˠu1	
儒	ɲu1	
獳	ɲu1	
獳	nɨw1	
濡	ɲu1	
濡	nwɑn1	
襦	ɲu1	
懦	ɲu1	
嚅	ɲu1	
鱬	ɲu1	
𪋯	ɲu1	
𪋯	sʲu1	
嬬	ɲu1	
繻	ɲu1	
繻	sʲu1	
顬	ɲu1	
䞕	ɲu1	
臑	ɲu1	
醹	ɲu1	
醹	ɲu2	
㼱	ɲu1	
㼱	ɲwen2	
㼱	tsʲwin3	
䰰	ɲu1	
䰰	nɨw1	
須	sʲu1	
鬚	sʲu1	
嬃	sʲu1	
𩓣	sʲu1	
𥪥	sʲu1	
𢄼	sʲu1	
需	sʲu1	
娶	sʲu1	
娶	tsʲʰu3	
緰	sʲu1	
緰	dɨw1	
蕦	sʲu1	
鑐	sʲu1	
隃	sʲu1	
隃	ju1	
隃	ɕu1	
隃	ɕu3	
株	ʈˠu1	
誅	ʈˠu1	
邾	ʈˠu1	
鼄	ʈˠu1	
蛛	ʈˠu1	
跦	ʈˠu1	
袾	ʈˠu1	
袾	tɕʰu1	
列	ʈˠu1	
列	lˠet4	
㦵	ʈˠu1	
鴸	ʈˠu1	
鴸	tɕu1	
𪏿	ʈˠu1	
貙	ʈˠʰu1	
𤠾	ʈˠʰu1	
殊	dʑu1	
銖	dʑu1	
洙	dʑu1	
茱	dʑu1	
㼡	dʑu1	
殳	dʑu1	
𢎦	dʑu1	
㸡	dʑu1	
𦤂	dʑu1	
陎	dʑu1	
𠘧	dʑu1	
杸	dʑu1	
逾	ju1	
踰	ju1	
窬	ju1	
窬	dɨw1	
窬	dɨw3	
臾	ju1	
臾	ɡˠwi3	
楰	ju1	
楰	ju2	
腴	ju1	
諛	ju1	
鄃	ju1	
鄃	ɕu1	
覦	ju1	
覦	ju3	
𨵦	ju1	
俞	ju1	
俞	ʈˠʰɨw3	
歈	ju1	
歈	dɨw1	
愉	ju1	
𢋅	ju1	
𢋅	jɨw1	
揄	ju1	
揄	jɨw1	
揄	dɨw1	
揄	dɨw2	
揄	dɨw3	新
褕	ju1	
褕	jew1	
瑜	ju1	
崳	ju1	
㥚	ju1	
㥚	ju2	
羭	ju1	
蝓	ju1	
榆	ju1	
萸	ju1	
堬	ju1	
牏	ju1	
牏	dɨw1	
牏	ɖˠu3	
渝	ju1	
媮	ju1	
媮	tʰɨw1	
𤜹	ju1	
㳛	ju1	
㳛	jɨw1	
𤧙	ju1	
瘉	ju1	
瘉	ju2	
螸	ju1	
蕍	ju1	
𦺮	ju1	
𦺮	ju2	
䩱	ju1	
䩱	ɕu3	
䜽	ju1	
萮	ju1	
蘛	ju1	
蘛	jɨwk4	
舀	ju1	
舀	jɨw1	
舀	jew2	
㼶	ju1	
騟	ju1	
𢔢	ju1	
𥯮	ju1	
𥔢	ju1	
區	kˠʰu1	
區	ʔɨw1	
鰸	kˠʰu1	
驅	kˠʰu1	
驅	kˠʰu3	
敺	kˠʰu1	
嶇	kˠʰu1	
軀	kˠʰu1	
摳	kˠʰu1	
摳	qʰɨw1	
䧢	kˠʰu1	
朱	tɕu1	
珠	tɕu1	
侏	tɕu1	
絑	tɕu1	
祩	tɕu1	
祩	tɕu3	
咮	tɕu1	
咮	ʈˠɨw1	
咮	ʈˠu3	
咮	ʈˠɨw3	
鮢	tɕu1	
𤝹	tɕu1	
硃	tɕu1	
趨	tsʲʰu1	
鯫	tsʲʰu1	
鯫	dzɨw1	
鯫	dzɨw2	
鯫	dzɨw3	新
慺	lˠu1	
慺	lɨw1	
慺	lˠu2	
蔞	lˠu1	
蔞	lɨw1	
蔞	lˠu2	
氀	lˠu1	
瞜	lˠu1	
瞜	lɨw1	
䱾	lˠu1	
䱾	lɨw1	
嶁	lˠu1	
嶁	lˠu2	
嶁	lɨw2	
䝏	lˠu1	
䝏	lɨw1	
㺏	lˠu1	
摟	lˠu1	
摟	lɨw1	
鷜	lˠu1	
鷜	lɨw1	
鏤	lˠu1	
鏤	lɨw3	
䣚	lˠu1	
䣚	lɨw1	
婁	lˠu1	
婁	lɨw1	
瘻	lˠu1	
瘻	lɨw3	
𤗬	lˠu1	
膢	lˠu1	
膢	lɨw1	
扶	vu1	
扶	fu1	
𢻳	vu1	
芙	vu1	
符	vu1	
颫	vu1	
鳧	vu1	
榑	vu1	
苻	vu1	
蚨	vu1	
夫	vu1	
夫	fu1	
𦽏	vu1	
𣿆	vu1	
枹	vu1	
枹	paw1	
枹	vɨw1	
瓿	vu1	
瓿	bɨw2	
瓿	bɨw3	新
𧥱	vu1	
枎	vu1	
坿	vu1	
坿	vu3	
泭	vu1	
泭	fʰu1	
𣻜	vu1	
𤱽	vu1	
𣘧	vu1	
𣻥	vu1	
𢞦	vu1	
𦑹	vu1	
𥄑	vu1	
玸	vu1	
䅳	dʐu1	
雛	dʐu1	
鶵	dʐu1	
媰	dʐu1	
㑳	tʂu1	
㑳	dʐɨw3	
㑳	ɳap4	
搊	tʂu1	
搊	tʂʰɨw1	
搊	tʂɨw2	
敷	fʰu1	
麩	fʰu1	
麱	fʰu1	
孚	fʰu1	
𣞒	fʰu1	
郛	fʰu1	
鄜	fʰu1	
鄜	lɨwk4	
鋪	fʰu1	
鋪	pʰu1	
鋪	pʰu3	
筟	fʰu1	
俘	fʰu1	
痡	fʰu1	
痡	pʰu1	
殍	fʰu1	
殍	bˠi2	
殍	bˠew2	
殍	bˠi3	新
殍	bˠew3	新
怤	fʰu1	
䎔	fʰu1	
𧀮	fʰu1	
孵	fʰu1	
豧	fʰu1	
豧	fʰu3	
豧	pʰɨw3	
尃	fʰu1	
䱐	fʰu1	
䱐	vɨw1	
罦	fʰu1	
罦	vɨw1	
罦	vu1	新
稃	fʰu1	
𥹃	fʰu1	
莩	fʰu1	
莩	bˠew2	
莩	bˠew3	新
郙	fʰu1	
郙	fu2	
㕊	fʰu1	
桴	fʰu1	
桴	vɨw1	
桴	vu1	新
䒀	fʰu1	
䒀	bu3	
㩤	fʰu1	
姇	fʰu1	
紨	fʰu1	
䓵	fʰu1	
㲗	fʰu1	
䓏	fʰu1	
秿	fʰu1	
秿	pu1	
秿	vu2	
秿	vu3	新
諏	tsʲu1	
㖩	tsʲu1	
𡸨	tsʲu1	
娵	tsʲu1	
陬	tsʲu1	
陬	tʂɨw1	
陬	tsɨw1	
掫	tsʲu1	
掫	tsɨw1	
掫	tʂɨw2	
跗	fu1	
跗	vu3	
趺	fu1	
膚	fu1	
肤	fu1	
邞	fu1	
鈇	fu1	
衭	fu1	
㠸	fu1	
玞	fu1	
𩿧	fu1	
𧀴	fu1	
簠	fu1	
簠	fu2	
簠	fʰu3	
鳺	fu1	
柎	fu1	
𩬙	fu1	
𩬙	fu3	
𩵩	fu1	
䄮	fu1	
䃿	fu1	
妋	fu1	
妋	ʔˠɨw1	
紆	ʔˠu1	
陓	ʔˠu1	
䩽	ʔˠu1	
䙔	ʔˠu1	
䙔	ʔɨw1	
䙔	ʔɨw2	
䙔	ʔɨw3	
蓲	ʔˠu1	
蓲	kˠʰɨw1	
蓲	ʔɨw1	
蓲	ʔˠu3	
㝼	ʔˠu1	
虶	ʔˠu1	
䨕	ʔˠu1	
輸	ɕu1	
輸	ɕu3	
樞	tɕʰu1	
姝	tɕʰu1	
𩪍	tɕʰu1	
䇬	tɕʰu1	
廚	ɖˠu1	
躕	ɖˠu1	
趎	ɖˠu1	
幮	ɖˠu1	
裯	ɖˠu1	
裯	tɑw1	
裯	ɖˠɨw1	
拘	kˠu1	
駒	kˠu1	
䀠	kˠu1	
䀠	kˠu3	
眗	kˠu1	
岣	kˠu1	
岣	qɨw2	
㪺	kˠu1	
𨞜	kˠu1	
捄	kˠu1	
捄	ɡˠɨw1	
跔	kˠu1	
鮈	kˠu1	
俱	kˠu1	
痀	kˠu1	
𥇛	kˠu1	
毹	ʂu1	
㡏	ʂu1	
㡏	ʂu3	
橾	ʂu1	
橾	sɨw2	
螋	ʂu1	
螋	ʂɨw1	
模	mu1	
橅	mu1	
摸	mu1	
摸	mɑk4	
嫫	mu1	
㡔	mu1	
㡔	ɱu3	
㡔	mɨwk4	
𨡭	mu1	
𨡭	mɨw1	
謨	mu1	
𠻚	mu1	
膜	mu1	
膜	mɑk4	
酺	bu1	
匍	bu1	
蜅	bu1	
蜅	fu2	
荹	bu1	
荹	bu3	
樸	bu1	
樸	bɨwk4	
樸	pɨwk4	
樸	pʰawk4	
菩	bu1	
菩	bəj2	
菩	vɨw2	
菩	bɨk4	
菩	bəj3	新
菩	vɨw3	新
䔕	bu1	
蒲	bu1	
蒱	bu1	
䈻	bu1	
胡	ʁu1	
𩑶	ʁu1	
𠴱	ʁu1	
壺	ʁu1	
狐	ʁu1	
瓳	ʁu1	
餬	ʁu1	
瑚	ʁu1	
湖	ʁu1	
鶘	ʁu1	
猢	ʁu1	
醐	ʁu1	
𪏻	ʁu1	
䊀	ʁu1	
𪍒	ʁu1	
糊	ʁu1	
弧	ʁu1	
乎	ʁu1	
𠂞	ʁu1	
𪕱	ʁu1	
瓠	ʁu1	
瓠	ʁu3	
葫	ʁu1	
葫	χu1	
㾰	ʁu1	
魱	ʁu1	
箶	ʁu1	
䉉	ʁu1	
䉉	qu1	
𥶜	ʁu1	
𧛞	ʁu1	
㯛	ʁu1	
孤	qu1	
苽	qu1	
菰	qu1	
胍	qu1	
𡗷	qu1	
姑	qu1	
辜	qu1	
呱	qu1	
泒	qu1	
酤	qu1	
酤	ʁu2	
酤	qu3	
酤	ʁu3	新
觚	qu1	
蛄	qu1	
箛	qu1	
鴣	qu1	
橭	qu1	
橭	qʰu1	
𠷞	qu1	
沽	qu1	
沽	qu2	
沽	qu3	
柧	qu1	
𨬟	qu1	
𧇡	qu1	
盬	qu1	
盬	qu2	
嫴	qu1	
罛	qu1	
軱	qu1	
箍	qu1	
䐻	qu1	
㼋	qu1	
㼋	ɲɨ2	
徒	du1	
𨑒	du1	
瘏	du1	
塗	du1	
塗	ɖa1	
途	du1	
酴	du1	
駼	du1	
𤙛	du1	
梌	du1	
梌	tʰu1	
梌	ɖa1	
㭸	du1	
荼	du1	
荼	ʑa1	
荼	ɖa1	
圖	du1	
啚	du1	
啚	pˠi2	
廜	du1	
䣝	du1	
䣝	ɖa1	
菟	du1	
菟	tʰu3	
捈	du1	
捈	tʰu1	
䅷	du1	
嵞	du1	
峹	du1	
𣘻	du1	
𣘻	ɖa1	
鍍	du1	
鍍	du3	
䤅	du1	
䤅	dɨw1	
蒤	du1	
䖘	du1	
鷵	du1	
奴	nu1	
㚢	nu1	
砮	nu1	
砮	nu2	
駑	nu1	
帑	nu1	
帑	tʰɑŋ2	
孥	nu1	
笯	nu1	
笯	ɳa1	
笯	nu3	
呼	χu1	
嘑	χu1	
𧦝	χu1	
歑	χu1	
謼	χu1	
謼	χu3	
幠	χu1	
恗	χu1	
軤	χu1	
虍	χu1	
苸	χu1	
雐	χu1	
䰧	χu1	
滹	χu1	
吾	ɴu1	
吾	ɴa1	
鼯	ɴu1	
𪁙	ɴu1	
𧋋	ɴu1	
吳	ɴu1	
浯	ɴu1	
䓊	ɴu1	
㹳	ɴu1	
㻍	ɴu1	
珸	ɴu1	
蜈	ɴu1	
郚	ɴu1	
鯃	ɴu1	
娪	ɴu1	
鋘	ɴu1	
鋘	ʁwa1	
梧	ɴu1	
峿	ɴu1	
麌	ɴu1	
麌	ŋˠu2	
𦨼	ɴu1	
祦	ɴu1	
租	tsu1	
盧	lu1	
鑪	lu1	
壚	lu1	
籚	lu1	
顱	lu1	
髗	lu1	
鱸	lu1	
攎	lu1	
櫨	lu1	
轤	lu1	
黸	lu1	
獹	lu1	
鸕	lu1	
艫	lu1	
纑	lu1	
瀘	lu1	
瓐	lu1	
爐	lu1	
玈	lu1	
𢐸	lu1	
㢚	lu1	
㢚	lu2	
𤮧	lu1	
嚧	lu1	
矑	lu1	
㿖	lu1	
㿖	lu3	
㭔	lu1	
㭔	lu2	
𧇄	lu1	
𧆨	lu1	
罏	lu1	
蠦	lu1	
㪭	lu1	
𦿊	lu1	
蘇	su1	
穌	su1	
㢝	su1	
酥	su1	
徂	dzu1	
䢐	dzu1	
殂	dzu1	
𣨐	dzu1	
烏	ʔu1	
嗚	ʔu1	
洿	ʔu1	
洿	ʁu2	
洿	ʁu3	新
汚	ʔu1	
杇	ʔu1	
圬	ʔu1	
釫	ʔu1	
釫	ʁwa1	
鰞	ʔu1	
歍	ʔu1	
鎢	ʔu1	
𢎰	ʔu1	
𢎰	qʰu1	
瑦	ʔu1	
瑦	ʔu2	
鄔	ʔu1	
鄔	ʔu2	
鄔	ʔˠɨ3	
盓	ʔu1	
螐	ʔu1	
惡	ʔu1	
惡	ʔu3	
惡	ʔɑk4	
扝	ʔu1	
扝	qʰu1	
𦶀	ʔu1	
㮧	ʔu1	
鴮	ʔu1	
逋	pu1	
餔	pu1	
餔	bu3	
𥂈	pu1	
晡	pu1	
庯	pu1	
陠	pu1	
陠	pʰu1	
鵏	pu1	
鵏	bu3	
𧻷	pu1	
峬	pu1	
誧	pu1	
誧	pʰu1	
誧	pʰu2	
誧	pʰu3	
鯆	pu1	
鯆	pʰu1	
鯆	fu2	
抪	pu1	
抪	pu3	
枯	qʰu1	
刳	qʰu1	
郀	qʰu1	
軲	qʰu1	
㱠	qʰu1	
跍	qʰu1	
挎	qʰu1	
鮬	qʰu1	
鮬	bu3	
麤	tsʰu1	
麁	tsʰu1	
𧆓	tsʰu1	
𧆓	tsʰu2	
𥼡	tsʰu1	
觕	tsʰu1	
觕	dzu2	
觕	tɕʰuk4	
觕	dzu3	新
𤿚	tsʰu1	
𤿚	tsʲʰɨ2	
㻌	tʰu1	
稌	tʰu1	
稌	tʰu2	
悇	tʰu1	
悇	jɨ3	
悇	ʈˠʰɨ3	
嶀	tʰu1	
㻯	tʰu1	
𡸂	tʰu1	
庩	tʰu1	
䞮	tʰu1	
㻬	tʰu1	
䩣	tʰu1	
都	tu1	
𥳉	tu1	
闍	tu1	
闍	dʑa1	
𦘴	tu1	
𦘴	tu3	
𧷿	tu1	
醏	tu1	
䩲	tu1	
𥠵	pʰu1	
𩹲	pʰu1	
𨁏	pʰu1	
𧱹	pʰu1	
䮒	pʰu1	
𢼹	pʰu1	
齊	dzej1	
齊	dzej3	
臍	dzej1	
麡	dzej1	
麡	tsej1	
麡	dʐaj1	
𪗍	dzej1	
懠	dzej1	
懠	dzej3	
䶒	dzej1	
癠	dzej1	
癠	dzej2	
癠	tsej2	
癠	dzej3	
𨥦	dzej1	
𨥦	tsej1	
黎	lej1	
犁	lej1	
𤛿	lej1	
黧	lej1	
藜	lej1	
𦃇	lej1	
盠	lej1	
盠	lej2	
邌	lej1	
𨛫	lej1	
廲	lej1	
瓈	lej1	
𥌛	lej1	
𩧋	lej1	
㦒	lej1	
𨿯	lej1	
妻	tsʰej1	
妻	tsʰej3	
萋	tsʰej1	
淒	tsʰej1	
凄	tsʰej1	
悽	tsʰej1	
鶈	tsʰej1	
緀	tsʰej1	
緀	tsʰej2	
齌	tsʰej1	
齌	tsej1	
齌	dzej3	
霋	tsʰej1	
低	tej1	
袛	tej1	
磾	tej1	
鞮	tej1	
腣	tej1	
腣	tej3	
羝	tej1	
眡	tej1	
眡	dʑi2	
眡	dʑi3	
隄	tej1	
隄	dej1	
䧑	tej1	
奃	tej1	
趆	tej1	
趆	tej3	
𡰖	tej1	
𡰖	dej1	
鍉	tej1	
柢	tej1	
柢	tej2	
柢	tej3	
䐎	tej1	
䚣	tej1	
䚣	dej1	
𥿄	tej1	
揥	tej1	
揥	tʰej3	
揥	ʈˠʰej3	
㓳	tej1	
䬫	tej1	
䬫	dej1	
嗁	dej1	
啼	dej1	
㖒	dej1	
蹏	dej1	
蹄	dej1	
𥶛	dej1	
𥶛	dej3	
詆	dej1	
詆	tej2	
詆	tʰek4	
瑅	dej1	
題	dej1	
題	dej3	
媞	dej1	
媞	dʑie2	
媞	dej2	
媞	dʑie3	新
媞	dej3	新
𧡨	dej1	
𧡨	dej3	
綈	dej1	
罤	dej1	
𣹲	dej1	
𣖅	dej1	
締	dej1	
締	dej3	
蕛	dej1	
稊	dej1	
𦯔	dej1	
䬾	dej1	
醍	dej1	
醍	tʰej2	
褆	dej1	
褆	dʑie2	
褆	ɖˠie2	
褆	dʑie3	新
褆	ɖˠie3	新
鵜	dej1	
䱱	dej1	
崹	dej1	
緹	dej1	
緹	tʰej2	
鷤	dej1	
鷤	dɑn1	
鷤	dej3	
騠	dej1	
折	dej1	
折	tɕet4	
折	dʑet4	
䨑	dej1	
銕	dej1	
銕	tʰet4	
䖙	dej1	
䖙	tʰej1	
𥉘	dej1	
𢔭	dej1	
𡰄	dej1	
厗	dej1	
𪂿	dej1	
𪂿	dej3	
鶙	dej1	
蝭	dej1	
蝭	tej3	
𨪉	dej1	
㡗	dej1	
㡗	χej1	
銻	dej1	
鮷	dej1	
趧	dej1	
𧋘	dej1	
鯷	dej1	
鯷	dʑie3	
鯷	dej3	
睼	dej1	
睼	tʰen3	
豍	pej1	
㡙	pej1	
螕	pej1	
𦱔	pej1	
蓖	pej1	
篦	pej1	
梐	pej1	
梐	bej2	
梐	bej3	新
𥏠	pej1	
𨻼	pej1	
𨻼	pʰej1	
狴	pej1	
鎞	pej1	
䚜	pej1	
雞	qej1	
鷄	qej1	
稽	qej1	
稽	qʰej2	
枅	qej1	
笄	qej1	
㮷	qej1	
䗗	qej1	
卟	qej1	
卟	qʰej2	
𥝌	qej1	
𥝌	ɴəj3	
𨪴	qej1	
奚	ʁej1	
豯	ʁej1	
徯	ʁej1	
徯	ʁej2	
徯	ʁej3	新
㜎	ʁej1	
蹊	ʁej1	
螇	ʁej1	
螇	qʰej1	
榽	ʁej1	
榽	ʁaj1	
騱	ʁej1	
胿	ʁej1	
胿	qwej1	
𡗞	ʁej1	
郋	ʁej1	
𪓷	ʁej1	
傒	ʁej1	
嵇	ʁej1	
兮	ʁej1	
鼷	ʁej1	
蒵	ʁej1	
蒵	ʁej3	
貕	ʁej1	
鷖	ʔej1	
翳	ʔej1	
翳	ʔej3	
𧫦	ʔej1	
嫛	ʔej1	
黳	ʔej1	
𦎣	ʔej1	
𦎣	ʔʲin1	
𦎣	ʔan1	
㙠	ʔej1	
㙠	ʔej3	
䃜	ʔej1	
繄	ʔej1	
繄	ʔej3	
䚷	ʔej1	
䚷	ʔej2	
𣕁	ʔej1	
𣕁	ɴej1	
倪	ɴej1	
蜺	ɴej1	
蜺	ɴet4	
霓	ɴej1	
霓	ɴej3	
霓	ɴet4	
郳	ɴej1	
齯	ɴej1	
婗	ɴej1	
輗	ɴej1	
棿	ɴej1	
猊	ɴej1	
麑	ɴej1	
貎	ɴej1	
鯢	ɴej1	
䘽	ɴej1	
䘽	ɴej2	
䘽	ɴet4	
𠆵	ɴej1	
觬	ɴej1	
觬	ɴej2	
㪒	ɴej1	
㪒	ɴej2	
醯	χej1	
䒊	χej1	
𦫬	χej1	
橀	χej1	
橀	χəj2	
忚	χej1	
西	sej1	
卤	sej1	
𠧧	sej1	
棲	sej1	
栖	sej1	
栖	sej3	
犀	sej1	
嘶	sej1	
撕	sej1	
𤺊	sej1	
㯕	sej1	
屖	sej1	
𧬊	sej1	
粞	sej1	
粞	səj1	
𠞂	sej1	
梯	tʰej1	
睇	tʰej1	
睇	dej3	
鷈	tʰej1	
𠥸	tʰej1	
㔸	tʰej1	
𨁃	tʰej1	
𩤽	tʰej1	
鼙	bej1	
崥	bej1	
崥	pʲie2	
㼰	bej1	
笓	bej1	
磇	pʰej1	
𠜱	pʰej1	
𪄆	pʰej1	
批	pʰej1	
賷	tsej1	
䪡	tsej1	
齏	tsej1	
𧆌	tsej1	
櫅	tsej1	
䂑	tsej1	
擠	tsej1	
擠	tsej3	
躋	tsej1	
躋	tsej3	
隮	tsej1	
隮	tsej3	
𢥎	tsej1	
啙	tsej1	
啙	tsʲie2	
啙	dzej2	
啙	dzej3	新
迷	mej1	
𡝡	mej1	
䤍	mej1	
麛	mej1	
𧠠	mej1	
𪓬	mej1	
泥	nej1	
泥	nej3	
埿	nej1	
埿	nej3	
埿	bam3	
屔	nej1	
臡	nej1	
臡	ɲej1	
臡	nɑ1	
谿	qʰej1	
嵠	qʰej1	
溪	qʰej1	
磎	qʰej1	
鸂	qʰej1	
檕	qʰej1	
檕	qej3	
𤳤	qʰej1	
圭	qwej1	
珪	qwej1	
邽	qwej1	
閨	qwej1	
袿	qwej1	
窐	qwej1	
窐	ʁwej1	
鮭	qwej1	
鮭	qʰwej1	
鮭	ʁaj1	
𪊧	qwej1	
洼	qwej1	
洼	ʔaj1	
洼	ʔwa1	
洼	ʔa1	新
𨾴	qwej1	
𡌲	qwej1	
𦓯	qwej1	
㰪	qwej1	
㰪	ʔaj1	
茥	qwej1	
茥	qʰwej1	
睽	qʰwej1	
奎	qʰwej1	
湀	qʰwej1	
湀	ɡʲwi2	
湀	kʲwi2	
湀	qʰwet4	
湀	ɡʲwi3	新
刲	qʰwej1	
𠝥	qʰwej1	
䯓	qʰwej1	
聧	qʰwej1	
䖯	qʰwej1	
蝰	qʰwej1	
㨒	qʰwej1	
楏	qʰwej1	
藈	qʰwej1	
𡐠	qʰwej1	
𡐠	qwaj2	
𡐠	qwaj3	
𡐠	qwa3	新
攜	ʁwej1	
携	ʁwej1	
𩰳	ʁwej1	
畦	ʁwej1	
驨	ʁwej1	
巂	ʁwej1	
酅	ʁwej1	
𢥘	ʁwej1	
𦋅	ʁwej1	
𣫴	ʁwej1	
𡸔	ʁwej1	
讗	ʁwej1	
讗	qwak4	
㔒	ʁwej1	
䙵	ʁwej1	
黊	ʁwej1	
黊	ʁwa2	
黊	ʁwaj3	
黊	ʁwa3	新
𡰢	ʁwej1	
䀘	ʁwej1	
烓	ʔwej1	
烓	qʰweŋ2	
𧟼	ʔwej1	
𤮰	ʔwej1	
睳	χwej1	
佳	qaj1	
佳	qa1	新
街	qaj1	
㥟	ʁaj1	
膎	ʁaj1	
鞵	ʁaj1	
鞋	ʁaj1	
㨙	ʁaj1	
㨙	ʁej3	
䙎	ʁaj1	
牌	baj1	
䱝	baj1	
𥱼	baj1	
棑	baj1	
棑	baj3	
媧	qwaj1	
媧	qwa1	
緺	qwaj1	
緺	qwɑ1	
緺	qwa1	
𧬭	qwaj1	
𧬭	qwa1	新
腡	qwaj1	
腡	lwɑ1	
腡	qwa1	新
蝸	qwaj1	
蝸	qwa1	
騧	qwaj1	
騧	qwa1	
歄	qwaj1	
歄	qwa1	新
蛙	ʔwaj1	
蛙	ʔwa1	
鼃	ʔwaj1	
鼃	ʁwaj1	
鼃	ʔwa1	新
鼃	ʁwa1	新
咼	qʰwaj1	
咼	qʰwa1	新
喎	qʰwaj1	
喎	qʰwa1	新
絓	qʰwaj1	
絓	ʁwaj3	
絓	qʰwa1	新
絓	ʁwa3	新
䓙	qʰwaj1	
䓙	qʰwa1	新
𦹬	qʰwaj1	
𦹬	qʰwa1	新
䦱	qʰwaj1	
䦱	ɰwie2	
䦱	qʰwa1	新
柴	dʐaj1	
柴	dʐa1	新
祡	dʐaj1	
𪗶	dʐaj1	
㧘	dʐaj1	
㧘	ɡˠie3	
㧘	dzʲie3	
㾹	dʐaj1	
㾹	dʐaj3	
查	dʐaj1	
查	dʐa1	
釵	tʂʰaj1	
釵	tʂʰa1	新
靫	tʂʰaj1	
靫	tʂʰa1	
𩑐	tʂʰaj1	
叉	tʂʰaj1	
叉	tʂʰa1	
芆	tʂʰaj1	
䐤	tʂʰaj1	
䐤	tʂʰa1	
㼮	tʂʰaj1	
𠞊	tʂʰaj1	
𠞊	tʂʰa1	
竵	χwaj1	
竵	χwa1	新
𦶎	χwaj1	
𦶎	χwa1	新
𠿎	χwaj1	
𠿎	χwa1	新
𩝨	χwaj1	
𩝨	χwa1	新
䍲	ɳaj1	
掜	ɳaj1	
掜	ɴej2	
誽	ɳaj1	
啀	ɴaj1	
𪘲	ɴaj1	
猚	ɴaj1	
猚	lˠwi2	
厓	ɴaj1	
𩂢	ɴaj1	
𩂢	ŋˠim1	
娃	ʔaj1	
娃	ʔa1	新
哇	ʔaj1	
哇	ʔwa1	
哇	ʔa1	新
崽	ʂaj1	
諰	ʂaj1	
諰	sʲi2	
㗨	χaj1	
㰨	χaj1	
扠	ʈʰaj1	
扠	ʈʰa1	新
䁲	maj1	
𩍃	maj1	
皆	qaj1	
偕	qaj1	
䕸	qaj1	
䕸	ʁat4	
稭	qaj1	
稭	qat4	
喈	qaj1	
階	qaj1	
𦝨	qaj1	
𦝨	qʰaj2	
薢	qaj1	
薢	qaj2	
薢	qaj3	
荄	qaj1	
荄	qəj1	
痎	qaj1	
堦	qaj1	
楷	qaj1	
楷	qʰaj2	
鶛	qaj1	
湝	qaj1	
湝	ʁaj1	
𤭧	qaj1	
𩘅	qaj1	
蝔	qaj1	
蝔	ʁaj1	
鍇	qaj1	
鍇	qʰaj2	
𢰇	ʔaj1	
諧	ʁaj1	
𩤠	ʁaj1	
骸	ʁaj1	
瑎	ʁaj1	
龤	ʁaj1	
䓳	ʁaj1	
䓳	ʁən2	
䓳	ʁən3	新
排	baj1	
俳	baj1	
輫	baj1	
輫	bəj1	
猈	baj1	
猈	baj2	
猈	baj3	新
𩑢	baj1	
𩑢	bəj1	
乖	qwaj1	
𦮃	qwaj1	
𠦬	qwaj1	
㾩	qwaj1	
懷	ʁwaj1	
褱	ʁwaj1	
櫰	ʁwaj1	
櫰	qwəj1	
槐	ʁwaj1	
槐	ʁwəj1	
㜳	ʁwaj1	
𪊉	ʁwaj1	
㠢	ʁwaj1	
𤜄	ʁwaj1	
淮	ʁwaj1	
褢	ʁwaj1	
𧞷	ʁwaj1	
瀤	ʁwaj1	
匯	qʰwaj1	
匯	ʁwəj2	
匯	ʁwəj3	新
㨤	qʰwaj1	
㔞	qʰwaj1	
豺	dʐaj1	
儕	dʐaj1	
𡺵	dʐaj1	
䞗	tʂʰaj1	
䞗	tsʰəj1	
虺	χwaj1	
虺	χwəj1	
虺	xˠuj2	
尵	ɖwaj1	
尵	dwəj1	
𩓬	ɖwaj1	
埋	maj1	
薶	maj1	
霾	maj1	
㦟	maj1	
齋	tʂaj1	
崴	ʔwaj1	
碨	ʔwaj1	
碨	ʔwəj2	
䴜	ʔwaj1	
溾	ʔwaj1	
溾	ʁwəj2	
溾	ʁwəj3	新
𪘨	ʈaj1	
榸	ʈaj1	
唻	ləj1	
唻	ləj2	
揩	qʰaj1	
揩	qʰaj3	
𦂄	qʰaj1	
𢔡	qʰaj1	
𥻄	qʰaj1	
搱	ɳaj1	
𥳧	ʂaj1	
娾	ɴaj1	
娾	ɴaj2	
搋	ʈʰaj1	
搋	ʈʰa1	新
䐯	lwaj1	
膗	dʐwaj1	
𢶀	dʐwaj1	
灰	χwəj1	
䖶	χwəj1	
鼿	χwəj1	
鼿	ɴwət4	
豗	χwəj1	
㾯	χwəj1	
恢	qʰwəj1	
詼	qʰwəj1	
悝	qʰwəj1	
悝	lˠi2	
魁	qʰwəj1	
䈛	qʰwəj1	
䈛	qʰwaj3	
䈛	qwaj3	
㷇	qʰwəj1	
顝	qʰwəj1	
顝	qʰwəj2	
顝	qʰwət4	
盔	qʰwəj1	
隈	ʔwəj1	
隈	ʔwəj3	
煨	ʔwəj1	
䋿	ʔwəj1	
渨	ʔwəj1	
椳	ʔwəj1	
偎	ʔwəj1	
揋	ʔwəj1	
𧤖	ʔwəj1	
葨	ʔwəj1	
鰃	ʔwəj1	
回	ʁwəj1	
洄	ʁwəj1	
迴	ʁwəj1	
迴	ʁwəj3	
徊	ʁwəj1	
瑰	ʁwəj1	
瑰	qwəj1	
蚘	ʁwəj1	
蛕	ʁwəj1	
蛕	χwəj2	
佪	ʁwəj1	
烠	ʁwəj1	
𤜡	ʁwəj1	
𩢱	ʁwəj1	
茴	ʁwəj1	
枚	məj1	
梅	məj1	
媒	məj1	
玟	məj1	
煤	məj1	
脢	məj1	
脢	məj3	
脄	məj1	
脄	məj3	
腜	məj1	
禖	məj1	
䍙	məj1	
䍙	ɱu2	
䍙	məj3	
莓	məj1	
莓	məj3	
莓	mɨw3	
塺	məj1	
塺	mɑ3	
鋂	məj1	
䊈	məj1	
䤂	məj1	
傀	qwəj1	
傀	qʰwəj2	
𤪿	qwəj1	
𠐤	qwəj1	
瓌	qwəj1	
鞼	qwəj1	
鞼	ɡˠwi3	
膭	qwəj1	
膭	ʁwəj3	
䐩	qwəj1	
䐩	qəj1	
䐩	qʰəj2	
䕇	qwəj1	
䕇	ʁwəj2	
䕇	ʁwəj3	新
雷	lwəj1	
𩂩	lwəj1	
儡	lwəj1	
儡	lwəj2	
㔣	lwəj1	
㔣	lwəj3	
櫑	lwəj1	
櫑	lwəj2	
罍	lwəj1	
鑘	lwəj1	
鑘	lwəj2	
𦌵	lwəj1	
鐳	lwəj1	
𤮚	lwəj1	
畾	lwəj1	
轠	lwəj1	
轠	lˠwi2	
穨	dwəj1	
頹	dwəj1	
㿉	dwəj1	
隤	dwəj1	
墤	dwəj1	
墤	qʰwaj3	
㢈	dwəj1	
魋	dwəj1	
蘈	dwəj1	
𧮓	dwəj1	
𧝋	dwəj1	
蹪	dwəj1	
𤗴	dwəj1	
崔	tsʰwəj1	
崔	dzwəj1	
催	tsʰwəj1	
縗	tsʰwəj1	
𨻵	tsʰwəj1	
𢕘	tsʰwəj1	
𧽠	tsʰwəj1	
磓	twəj1	
塠	twəj1	
頧	twəj1	
頧	twəj2	
䭔	twəj1	
堆	twəj1	
鴭	twəj1	
𢈹	twəj1	
搥	twəj1	
䜃	twəj1	
嵟	twəj1	
𩈜	twəj1	
𠂤	twəj1	
敦	twəj1	
敦	twən1	
敦	dwɑn1	
敦	twən3	
𡏩	twəj1	
𤗯	swəj1	
挼	swəj1	
毸	swəj1	
嗺	swəj1	
嗺	tswəj1	
蓑	swəj1	
蓑	swɑ1	
摧	dzwəj1	
慛	dzwəj1	
槯	dzwəj1	
徘	bəj1	
培	bəj1	
培	bɨw2	
培	bɨw3	新
陪	bəj1	
𨛬	bəj1	
䣙	bəj1	
䣙	pʰɨŋ2	
婄	bəj1	
婄	bɨw2	
婄	pʰɨw2	
婄	bɨw3	新
棓	bəj1	
棓	vɨw1	
棓	bawŋ2	
棓	bawŋ3	新
毰	bəj1	
𤗏	bəj1	
桮	pəj1	
杯	pəj1	
盃	pəj1	
肧	pʰəj1	
肧	fʰɨw1	
坯	pʰəj1	
㾦	pʰəj1	
醅	pʰəj1	
醅	fʰɨw1	
衃	pʰəj1	
衃	fʰɨw1	
𩵣	pʰəj1	
𤬃	pʰəj1	
抔	pʰəj1	
抔	bɨw1	
鮠	ɴwəj1	
桅	ɴwəj1	
桅	kˠwie2	
嵬	ɴwəj1	
嵬	ɴwəj2	
磑	ɴwəj1	
磑	ɴwəj3	
峞	ɴwəj1	
峞	ɴwəj2	
𨌴	tʰwəj1	
𨋱	tʰwəj1	
㷟	tʰwəj1	
藬	tʰwəj1	
㞜	tʰwəj1	
𢆃	nwəj1	
𢆃	nɑn3	
𨡌	nwəj1	
脧	tswəj1	
脧	tsʲwen1	
䘒	tswəj1	
𡱥	tswəj1	
咍	χəj1	
㾂	χəj1	
𨸜	χəj1	
開	qʰəj1	
㱾	qʰəj1	
侅	qʰəj1	
侅	qəj1	
侅	ʁaj2	
侅	ʁəj2	
侅	ʁaj3	新
侅	ʁəj3	新
奒	qʰəj1	
㚊	qʰəj1	
哀	ʔəj1	
埃	ʔəj1	
唉	ʔəj1	
唉	ʔaj2	
欸	ʔəj1	
欸	ʔəj2	
欸	χaj3	
毐	ʔəj1	
毐	ʔəj2	
臺	dəj1	
擡	dəj1	
苔	dəj1	
炱	dəj1	
嬯	dəj1	
薹	dəj1	
䈚	dəj1	
䈚	sʲi2	
䈚	dəj2	
䈚	dəj3	新
儓	dəj1	
儓	tʰəj3	
檯	dəj1	
駘	dəj1	
駘	dəj2	
駘	dəj3	新
𪒴	dəj1	
𪒴	təj1	
籉	dəj1	
跆	dəj1	
𩿡	dəj1	
該	qəj1	
豥	qəj1	
豥	ʁəj1	
垓	qəj1	
郂	qəj1	
㱯	qəj1	
㱯	ɴəj1	
剴	qəj1	
剴	ɴəj1	
陔	qəj1	
姟	qəj1	
絯	qəj1	
絯	ʁaj2	
絯	ʁaj3	新
晐	qəj1	
峐	qəj1	
祴	qəj1	
賅	qəj1	
㨟	qəj1	
㨟	ʁəj1	
胲	qəj1	
䬵	qəj1	
䬵	ʔaj3	
䶣	qəj1	
裁	dzəj1	
裁	dzəj3	
纔	dzəj1	
纔	ʂam1	
纔	dzəj3	
財	dzəj1	
才	dzəj1	
材	dzəj1	
䴭	dzəj1	
溨	dzəj1	
𦬁	dzəj1	
來	ləj1	
萊	ləj1	
萊	ləj3	
郲	ləj1	
郲	lwəj2	
騋	ləj1	
崍	ləj1	
𤦃	ləj1	
𧳟	ləj1	
猍	ləj1	
淶	ləj1	
鯠	ləj1	
鶆	ləj1	
䅘	ləj1	
䋱	ləj1	
庲	ləj1	
㾢	ləj1	
㾢	ləj3	
棶	ləj1	
逨	ləj1	
逨	ləj3	
𪎂	ləj1	
麳	ləj1	
𤲓	ləj1	
𪑚	ləj1	
徠	ləj1	
徠	ləj3	
烖	tsəj1	
灾	tsəj1	
災	tsəj1	
𤆎	tsəj1	
栽	tsəj1	
栽	dzəj3	
哉	tsəj1	
𡿧	tsəj1	
𢦏	tsəj1	
𦳦	tsəj1	
渽	tsəj1	
睵	tsəj1	
睵	tsʰəj1	
猜	tsʰəj1	
㯁	bəj1	
胎	tʰəj1	
孡	tʰəj1	
鮐	tʰəj1	
邰	tʰəj1	
𧉟	tʰəj1	
𩬠	tʰəj1	
孩	ʁəj1	
咳	ʁəj1	
頦	ʁəj1	
頦	qəj2	
𧻲	ʁəj1	
䠽	ʁəj1	
䱺	ʁəj1	
鰓	səj1	
揌	səj1	
䚡	səj1	
顋	səj1	
愢	səj1	
𪃄	səj1	
毢	səj1	
皚	ɴəj1	
嵦	ɴəj1	
敳	ɴəj1	
隑	ɴəj1	
獃	ɴəj1	
能	nəj1	
能	nɨŋ1	
能	nɨŋ2	
能	nəj3	
㾍	nəj1	
懛	təj1	
㹗	tɕʰɨw1	
㹗	tʰɑw1	
𡜊	fʰɨw1	
𡜊	fɨw2	
真	tɕin1	
甄	tɕin1	
甄	kʲen1	
振	tɕin1	
振	tɕin3	
禛	tɕin1	
稹	tɕin1	
稹	tɕin2	
磌	tɕin1	
磌	den1	
畛	tɕin1	
畛	tɕin2	
籈	tɕin1	
籈	kʲen1	
侲	tɕin1	
侲	tɕin3	
桭	tɕin1	
桭	dʑin1	
蒖	tɕin1	
唇	tɕin1	
㖘	tɕin1	
帪	tɕin1	
薽	tɕin1	
薽	kʲen1	
㲀	tɕin1	
㲀	dʐin1	
𤣆	ʈˠʰin1	
𤣆	ɖan1	
𤣆	lˠen1	
胂	ʈˠʰin1	
胂	ɕin1	
縝	ʈˠʰin1	
縝	tɕʰin1	
縝	tɕin2	
因	ʔʲin1	
茵	ʔʲin1	
鞇	ʔʲin1	
禋	ʔʲin1	
𥛛	ʔʲin1	
闉	ʔʲin1	
駰	ʔʲin1	
駰	ʔˠin1	
湮	ʔʲin1	
湮	ʔen1	
烟	ʔʲin1	
烟	ʔen1	
氤	ʔʲin1	
絪	ʔʲin1	
垔	ʔʲin1	
陻	ʔʲin1	
㘻	ʔʲin1	
堙	ʔʲin1	
洇	ʔʲin1	
姻	ʔʲin1	
婣	ʔʲin1	
諲	ʔʲin1	
裀	ʔʲin1	
歅	ʔʲin1	
㧢	ʔʲin1	
新	sʲin1	
辛	sʲin1	
薪	sʲin1	
辰	dʑin1	
晨	dʑin1	
晨	ʑin1	
䢅	dʑin1	
敐	dʑin1	
敐	tɕin2	
宸	dʑin1	
鷐	dʑin1	
麎	dʑin1	
茞	dʑin1	
屒	dʑin1	
屒	ʈˠin2	
臣	dʑin1	
䢻	dʑin1	
䢻	tɕin3	
䣅	dʑin1	
仁	ɲin1	
朲	ɲin1	
人	ɲin1	
神	ʑin1	
親	tsʲʰin1	
親	tsʲʰin3	
寴	tsʲʰin1	
寴	tsʲʰin3	
𡪔	tsʲʰin1	
礥	ʁen2	
礥	ʁen1	
礥	ʁen3	新
𧥺	ʁen2	
𧥺	kʲwin3	
𧥺	ʁen3	新
㘋	ʁen2	
㘋	ʁen1	
㘋	ʁen3	新
申	ɕin1	
伸	ɕin1	
紳	ɕin1	
娠	ɕin1	
娠	tɕin3	
呻	ɕin1	
𣢘	ɕin1	
𠲳	ɕin1	
眒	ɕin1	
眒	ɕin3	
㑗	ɕin1	
𩉼	ɕin1	
𠭙	ɕin1	
身	ɕin1	
柛	ɕin1	
䰠	ɕin1	
訷	ɕin1	
賓	pʲin1	
𧶉	pʲin1	
濱	pʲin1	
檳	pʲin1	
䚔	pʲin1	
䚔	pʲin3	
䚔	pʲʰin3	
顮	pʲin1	
儐	pʲin1	
儐	pʲin3	
鑌	pʲin1	
矉	pʲin1	
𩴱	pʲin1	
𩴱	pʲʰin1	
𩴱	bʲin1	
㷠	lˠin1	
燐	lˠin1	
燐	lˠin3	
鄰	lˠin1	
轔	lˠin1	
轔	lˠin3	
嶙	lˠin1	
嶙	lˠin2	
粼	lˠin1	
粼	lˠin3	
磷	lˠin1	
磷	lˠin3	
疄	lˠin1	
疄	lˠin3	
麟	lˠin1	
麐	lˠin1	
麐	lˠin3	
鱗	lˠin1	
璘	lˠin1	
駗	lˠin1	
駗	tɕin2	
翷	lˠin1	
𧲂	lˠin1	
瞵	lˠin1	
瞵	lˠin3	
獜	lˠin1	
獜	leŋ1	
驎	lˠin1	
壣	lˠin1	
𩻜	lˠin1	
鏻	lˠin1	
鏻	leŋ1	
鏻	lˠin3	
繗	lˠin1	
潾	lˠin1	
潾	lan1	
𥎊	ɡˠin1	
𥎊	ɡˠɨn1	
㨷	ɡˠin1	
㨷	kˠɨn3	
堇	ɡˠin1	
堇	kˠɨn2	
墐	ɡˠin1	
墐	ɡˠin3	
魿	ɡˠin1	
魿	leŋ1	
珍	ʈˠin1	
鎮	ʈˠin1	
鎮	ʈˠin3	
填	ʈˠin1	
填	den1	
填	ʈˠin3	
填	den3	
陳	ɖˠin1	
陳	ɖˠin3	
敶	ɖˠin1	
敶	ɖˠin3	
趁	ɖˠin1	
趁	ɳˠen2	
趁	ʈˠʰin3	
塵	ɖˠin1	
津	tsʲin1	
𦪉	tsʲin1	
璡	tsʲin1	
璡	tsʲin3	
濜	tsʲin1	
濜	dzʲin2	
濜	dʐin2	
濜	dzʲin3	
濜	dʐin3	新
𦘔	tsʲin1	
瞋	tɕʰin1	
嗔	tɕʰin1	
嗔	den1	
謓	tɕʰin1	
䐜	tɕʰin1	
𣞟	tɕʰin1	
𣞟	tɕin2	
秦	dzʲin1	
螓	dzʲin1	
𤚩	dzʲin1	
夤	jin1	
𦟘	jin1	
螾	jin1	
螾	jin2	
𡐔	jin1	
紉	ɳˠin1	
繽	pʲʰin1	
䎙	pʲʰin1	
𢣐	pʲʰin1	
𩰝	pʲʰin1	
頻	bʲin1	
蘋	bʲin1	
薲	bʲin1	
嬪	bʲin1	
㰋	bʲin1	
玭	bʲin1	
玭	ben1	
蠙	bʲin1	
蠙	ben1	
獱	bʲin1	
顰	bʲin1	
𧭹	bʲin1	
嚬	bʲin1	
𦇖	bʲin1	
𡤉	bʲin1	
銀	ŋˠin1	
㹞	ŋˠin1	
狺	ŋˠin1	
狺	ŋˠɨn1	
䖜	ŋˠin1	
檭	ŋˠin1	
鄞	ŋˠin1	
鄞	ŋˠɨn1	
圁	ŋˠin1	
誾	ŋˠin1	
訔	ŋˠin1	
嚚	ŋˠin1	
䓄	ŋˠin1	
䓄	ŋˠɨn1	
珢	ŋˠin1	
珢	qən1	
珢	qən3	
䴦	ŋˠin1	
䴦	ŋˠɨn1	
垠	ŋˠin1	
垠	ŋˠɨn1	
垠	ɴən1	
𪛊	ŋˠin1	
𪛊	ŋˠɨn1	
泿	ŋˠin1	
泿	ɴən1	
巾	kˠin1	
麏	kˠwin1	
麇	kˠwin1	
麕	kˠwin1	
頵	kˠwin1	
頵	ʔˠwin1	
莙	kˠwin1	
莙	kˠun1	
莙	ɡˠwin2	
莙	ɡˠwin3	新
汮	kˠwin1	
汮	kʲwin1	
筠	ɰwin1	
囩	ɰwin1	
縜	ɰwin1	
荺	ɰwin1	
荺	ɰwin2	
囷	kˠʰwin1	
箘	kˠʰwin1	
箘	ɡˠwin2	
箘	ɡˠwin3	新
箟	kˠʰwin1	
輑	kˠʰwin1	
蜠	kˠʰwin1	
蜠	ɡˠwin2	
蜠	ɡˠwin3	新
峮	kˠʰwin1	
𡈋	kˠʰwin1	
𡈋	qʰwən2	
珉	mˠin1	
岷	mˠin1	
罠	mˠin1	
閩	mˠin1	
閩	ɱun1	
緍	mˠin1	
䪸	mˠin1	
笢	mˠin1	
笢	mʲin2	
旻	mˠin1	
旼	mˠin1	
痻	mˠin1	
闅	mˠin1	
闅	mʲin1	
闅	ɱun1	
汶	mˠin1	
汶	ɱun1	
汶	ɱun3	
捪	mˠin1	
忞	mˠin1	
盿	mˠin1	
睧	mˠin1	
睧	mʲin1	
錉	mˠin1	
𪂆	mˠin1	
鈱	mˠin1	
貧	bˠin1	
𡧋	bˠin1	
𪔗	ʔˠin1	
鼘	ʔˠin1	
鼘	ʔwen1	
贇	ʔˠwin1	
奫	ʔˠwin1	
蝹	ʔˠwin1	
蝹	ʔˠun1	
蝹	ʔɑw2	
彬	pˠin1	
斌	pˠin1	
份	pˠin1	
玢	pˠin1	
豳	pˠin1	
邠	pˠin1	
汃	pˠin1	
汃	pʰat4	
霦	pˠin1	
㻞	pˠin1	
攽	pˠin1	
虨	pˠin1	
虨	pˠʰin1	
虨	pan1	
砏	pˠin1	
砏	pˠʰin1	
砏	fʰun1	
民	mʲin1	
泯	mʲin1	
泯	mʲin2	
怋	mʲin1	
怋	mən1	
諄	tɕwin1	
諄	tɕwin3	
惇	tɕwin1	
惇	twən1	
𥇜	tɕwin1	
𥇜	tɕwin3	
肫	tɕwin1	
訰	tɕwin1	
訰	tɕwin3	
椿	ʈˠʰwin1	
楯	ʈˠʰwin1	
楯	zʲwin1	
楯	ʑwin2	
楯	ʑwin3	新
輴	ʈˠʰwin1	
䡅	ʈˠʰwin1	
鶞	ʈˠʰwin1	
杶	ʈˠʰwin1	
櫄	ʈˠʰwin1	
瑃	ʈˠʰwin1	
䣩	ɖˠwin1	
䣩	dʑwin1	
㡒	ɖˠwin1	
㡒	ʈˠwin1	
㡒	dwən2	
㡒	dwən3	新
荀	sʲwin1	
郇	sʲwin1	
郇	ʁwan1	
詢	sʲwin1	
眴	sʲwin1	
眴	ɲwin1	
眴	ɕwin3	
眴	χwen3	
眴	ʁwen3	
峋	sʲwin1	
珣	sʲwin1	
𣖼	sʲwin1	
洵	sʲwin1	
洵	zʲwin1	
恂	sʲwin1	
畇	sʲwin1	
畇	jwin1	
畇	zʲwin1	
畇	den1	
檈	sʲwin1	
檈	zʲwen1	
槆	sʲwin1	
姰	sʲwin1	
姰	ʁwen3	
㰬	sʲwin1	
純	dʑwin1	
純	tɕwin2	
蓴	dʑwin1	
蒓	dʑwin1	
醇	dʑwin1	
鶉	dʑwin1	
𦎫	dʑwin1	
陙	dʑwin1	
𢗋	dʑwin1	
𢗋	ɡʲwaŋ1	
錞	dʑwin1	
錞	dwəj2	
錞	dwəj3	
淳	dʑwin1	
𡗥	dʑwin1	
焞	dʑwin1	
犉	ɲwin1	
𩀋	ɲwin1	
瞤	ɲwin1	
脣	ʑwin1	
漘	ʑwin1	
䔚	ʑwin1	
㸪	ʑwin1	
㸪	zʲwin1	
紃	ʑwin1	
紃	zʲwin1	
淪	lˠwin1	
倫	lˠwin1	
論	lˠwin1	
論	lwən1	
論	lwən3	
䑳	lˠwin1	
輪	lˠwin1	
陯	lˠwin1	
鯩	lˠwin1	
蜦	lˠwin1	
蜦	lej3	
棆	lˠwin1	
綸	lˠwin1	
綸	qwan1	
惀	lˠwin1	
惀	lwən2	
侖	lˠwin1	
踚	lˠwin1	
掄	lˠwin1	
掄	lwən1	
䈁	lˠwin1	
屯	ʈˠwin1	
屯	dwən1	
窀	ʈˠwin1	
窀	dwən1	
窀	ɖwan1	
迍	ʈˠwin1	
逡	tsʲʰwin1	
竣	tsʲʰwin1	
皴	tsʲʰwin1	
㕙	tsʲʰwin1	
㕙	tsʲwin3	
壿	tsʲʰwin1	
捘	tsʲʰwin1	
捘	tswəj3	
捘	tswən3	
竴	tsʲʰwin1	
踆	tsʲʰwin1	
𠣟	tsʲʰwin1	
夋	tsʲʰwin1	
遵	tsʲwin1	
跧	tsʲwin1	
跧	tʂwan1	
跧	tʂwen1	
僎	tsʲwin1	
僎	dʐwen2	
僎	dʐwen3	
嶟	tsʲwin1	
嶟	tswən1	
鷷	tsʲwin1	
鷷	dzʲwin1	
春	tɕʰwin1	
勻	jwin1	
旬	zʲwin1	
𠣙	zʲwin1	
巡	zʲwin1	
馴	zʲwin1	
循	zʲwin1	
揗	zʲwin1	
揗	ʑwin2	
揗	ʑwin3	
䋸	zʲwin1	
𪀠	zʲwin1	
灥	zʲwin1	
灥	tɕʰwen1	
㽦	zʲwin1	
𧾩	zʲwin1	
𧾩	zʲwen3	
䖲	zʲwin1	
均	kʲwin1	
鈞	kʲwin1	
袀	kʲwin1	
𧼒	ɡʲin1	
𧼒	kʲʰin2	
𧼒	kʲʰin3	
臻	tʂin1	
蓁	tʂin1	
搸	tʂin1	
溱	tʂin1	
潧	tʂin1	
𣓀	tʂin1	
𣓀	tʂin2	
榛	tʂin1	
樼	tʂin1	
瀙	tʂin1	
瀙	tʂʰin3	
瀙	tsʲʰin3	
𨬖	tʂin1	
𨬖	dʐan1	
𨬖	dʐen1	
轃	tʂin1	
轃	tsen1	
莘	ʂin1	
㜪	ʂin1	
扟	ʂin1	
駪	ʂin1	
籸	ʂin1	
䯂	ʂin1	
䯂	dʐip4	
甡	ʂin1	
兟	ʂin1	
詵	ʂin1	
侁	ʂin1	
𩺵	ʂin1	
屾	ʂin1	
𨐔	ʂin1	
燊	ʂin1	
𦐹	ʂin1	
𢓠	ʂin1	
𣘘	ʂin1	
阠	ʂin1	
阠	sʲin3	
阠	ɕin3	
姺	ʂin1	
姺	sen2	
㾕	ʂin1	
㾕	swən2	
㾕	ʂim2	
𦿒	dʐin1	
帘	dʐin1	
帘	lˠem1	
文	ɱun1	
聞	ɱun1	
聞	ɱun3	
𦖞	ɱun1	
彣	ɱun1	
紋	ɱun1	
雯	ɱun1	
馼	ɱun1	
蟁	ɱun1	
蚊	ɱun1	
䘇	ɱun1	
䰚	ɱun1	
鳼	ɱun1	
鼤	ɱun1	
鼤	ɱun3	
雲	ɰun1	
芸	ɰun1	
蕓	ɰun1	
𦔐	ɰun1	
𦓷	ɰun1	
耘	ɰun1	
鄖	ɰun1	
妘	ɰun1	
紜	ɰun1	
溳	ɰun1	
溳	ɰwin2	
澐	ɰun1	
云	ɰun1	
篔	ɰun1	
䢵	ɰun1	
員	ɰun1	
員	ɰwen1	
員	ɰun3	
𪔅	ɰun1	
愪	ɰun1	
愪	ɰwin2	
沄	ɰun1	
沄	ʁwən1	
𧶊	ɰun1	
𧶊	ɰun3	
耺	ɰun1	
橒	ɰun1	
䉙	ɰun1	
熅	ʔˠun1	
氳	ʔˠun1	
縕	ʔˠun1	
縕	ʔwən1	
縕	ʔˠun2	
縕	ʔˠun3	
馧	ʔˠun1	
馧	ʔwət4	
蒕	ʔˠun1	
𥠺	ʔˠun1	
䡝	ʔˠun1	
䡝	ʔˠwən1	
䡝	ʔˠun2	
蘊	ʔˠun1	
蘊	ʔˠun2	
㚃	ʔˠun1	
汾	vun1	
墳	vun1	
墳	vun2	
墳	vun3	新
氛	vun1	
氛	fʰun1	
𣱦	vun1	
鼖	vun1	
䩿	vun1	
𪔵	vun1	
濆	vun1	
濆	pʰən1	
焚	vun1	
燌	vun1	
羒	vun1	
豶	vun1	
頒	vun1	
頒	pan1	
羵	vun1	
䴅	vun1	
䴅	pən1	
枌	vun1	
鳻	vun1	
鳻	pan1	
蕡	vun1	
萉	vun1	
萉	vuj3	
橨	vun1	
橨	vuj2	
橨	vuj3	新
棼	vun1	
葐	vun1	
葐	bən1	
魵	vun1	
魵	vun2	
魵	fʰun2	
魵	fʰun3	
魵	vun3	新
𧮱	vun1	
妢	vun1	
棻	vun1	
棻	fʰun1	
梤	vun1	
肦	vun1	
肦	pan1	
䫶	vun1	
鐼	vun1	
鐼	xˠun3	
馩	vun1	
馚	vun1	
㞣	vun1	
㞣	fʰun1	
鼢	vun1	
鼢	vun2	
鼢	vun3	新
蚡	vun1	
蚡	vun2	
蚡	vun3	新
轒	vun1	
轒	vun2	
轒	vun3	新
分	fun1	
分	vun3	
饙	fun1	
餴	fun1	
扮	fun1	
扮	qat4	
扮	fun2	
扮	vun2	
扮	pan3	
扮	vun3	新
𡊅	fun1	
𡊅	fun3	
𣯻	fun1	
羣	ɡˠun1	
帬	ɡˠun1	
裠	ɡˠun1	
宭	ɡˠun1	
宭	kˠun1	
𤸷	ɡˠun1	
𤸷	ɴwan1	
薰	xˠun1	
薰	xˠun3	
曛	xˠun1	
勳	xˠun1	
勛	xˠun1	
熏	xˠun1	
燻	xˠun1	
獯	xˠun1	
纁	xˠun1	
醺	xˠun1	
葷	xˠun1	
焄	xˠun1	
臐	xˠun1	
臐	xˠun3	
君	kˠun1	
軍	kˠun1	
皸	kˠun1	
皸	kˠun3	
桾	kˠun1	
䇹	kˠun1	
鮶	kˠun1	
芬	fʰun1	
紛	fʰun1	
𢁥	fʰun1	
𣬩	fʰun1	
衯	fʰun1	
𦐈	fʰun1	
雰	fʰun1	
𩰟	fʰun1	
錀	fʰun1	
欣	xˠɨn1	
忻	xˠɨn1	
昕	xˠɨn1	
訢	xˠɨn1	
炘	xˠɨn1	
炘	xˠɨn3	
邤	xˠɨn1	
殷	ʔˠɨn1	
殷	ʔan1	
慇	ʔˠɨn1	
㶏	ʔˠɨn1	
㶏	ʔˠɨn2	
㶏	ʔˠɨn3	
溵	ʔˠɨn1	
勤	ɡˠɨn1	
芹	ɡˠɨn1	
懃	ɡˠɨn1	
慬	ɡˠɨn1	
慬	kˠɨn2	
懄	ɡˠɨn1	
瘽	ɡˠɨn1	
瘽	ɡˠɨn2	
瘽	ɡˠin3	
瘽	ɡˠɨn3	新
斤	kˠɨn1	
斤	kˠɨn3	
筋	kˠɨn1	
䈥	kˠɨn1	
釿	kˠɨn1	
釿	ŋˠin2	
䖐	ŋˠɨn1	
㹜	ŋˠɨn1	
齗	ŋˠɨn1	
齗	ŋˠin2	
齦	ŋˠɨn1	
齦	qʰən2	
齦	qʰan2	
斦	ŋˠɨn1	
元	ŋˠwən1	
原	ŋˠwən1	
𨙅	ŋˠwən1	
源	ŋˠwən1	
厵	ŋˠwən1	
杬	ŋˠwən1	
嫄	ŋˠwən1	
沅	ŋˠwən1	
騵	ŋˠwən1	
黿	ŋˠwən1	
黿	ɴwɑn1	
羱	ŋˠwən1	
羱	ɴwɑn1	
蚖	ŋˠwən1	
蚖	ɴwɑn1	
𧔞	ŋˠwən1	
芫	ŋˠwən1	
邧	ŋˠwən1	
邧	ŋˠwən2	
榞	ŋˠwən1	
謜	ŋˠwən1	
謜	tsʲʰwen1	
㹉	ŋˠwən1	
䬧	ŋˠwən1	
獂	ŋˠwən1	
阮	ŋˠwən1	
阮	ŋˠwən2	
蒝	ŋˠwən1	
袁	ɰwən1	
爰	ɰwən1	
垣	ɰwən1	
𩫧	ɰwən1	
園	ɰwən1	
援	ɰwən1	
援	ɰwen3	
榬	ɰwən1	
轅	ɰwən1	
鶢	ɰwən1	
媛	ɰwən1	
媛	ɰwen3	
洹	ɰwən1	
洹	ʁwɑn1	
溒	ɰwən1	
𧻚	ɰwən1	
蝯	ɰwən1	
猨	ɰwən1	
猿	ɰwən1	
煩	vən1	
番	vən1	
番	fʰən1	
番	pʰɑn1	
番	pɑ1	
番	pɑ3	
𨆌	vən1	
蹯	vən1	
繁	vən1	
繁	bɑn1	
繁	bɑ1	
蘩	vən1	
薠	vən1	
樊	vən1	
𢶃	vən1	
繙	vən1	
繙	fʰən1	
燔	vən1	
膰	vən1	
瀿	vən1	
羳	vən1	
𩐏	vən1	
鷭	vən1	
蟠	vən1	
蟠	bɑn1	
蕃	vən1	
蕃	fən1	
蠜	vən1	
礬	vən1	
𪖇	vən1	
𨟄	vən1	
鐇	vən1	
鐇	fən1	
璠	vən1	
笲	vən1	
笲	vən2	
笲	bˠen3	
笲	vən3	新
𥢌	vən1	
㺕	vən1	
㺕	bˠen3	
襎	vən1	
袢	vən1	
棥	vən1	
䋣	vən1	
𥿋	vən1	
墦	vən1	
𢐲	vən1	
䮳	vən1	
旛	vən1	
旛	fʰən1	
𧢜	vən1	
藩	vən1	
藩	fən1	
飜	fʰən1	
翻	fʰən1	
幡	fʰən1	
𤄫	fʰən1	
𤄜	fʰən1	
轓	fʰən1	
轓	fən1	
反	fʰən1	
反	fən2	
暄	xˠwən1	
煖	xˠwən1	
煖	nwɑn2	
喛	xˠwən1	
喛	χwɑn3	
萱	xˠwən1	
䁔	xˠwən1	
䁔	xˠwən2	
䁔	ʁwɑn2	
䁔	ʁwɑn3	新
諼	xˠwən1	
諼	xˠwən2	
塤	xˠwən1	
壎	xˠwən1	
䳦	xˠwən1	
䳦	sʲwen1	
吅	xˠwən1	
吅	zʲuŋ3	
貆	xˠwən1	
貆	ʁwɑn1	
貆	χwɑn1	
喧	xˠwən1	
諠	xˠwən1	
愋	xˠwən1	
讙	xˠwən1	
讙	χwɑn1	
翧	xˠwən1	
䚭	xˠwən1	
蝖	xˠwən1	
鴛	ʔˠwən1	
鴛	ʔwən1	
冤	ʔˠwən1	
㠾	ʔˠwən1	
鵷	ʔˠwən1	
𣹠	ʔˠwən1	
惌	ʔˠwən1	
惌	ʔˠwən2	
䥉	ʔˠwən1	
宛	ʔˠwən1	
宛	ʔˠwən2	
蜿	ʔˠwən1	
蜿	ʔwɑn1	
蜿	ʔˠwən2	
𩝸	ʔˠwən1	
蒬	ʔˠwən1	
怨	ʔˠwən1	
怨	ʔˠwən3	
𡟰	ʔˠwən1	
葾	ʔˠwən1	
䩩	ʔˠwən1	
䩩	ʔˠwən2	
裷	ʔˠwən1	
裷	kˠʰwən2	
眢	ʔˠwən1	
眢	ʔwɑn1	
言	ŋˠən1	
琂	ŋˠən1	
甗	ŋˠən1	
甗	ŋˠen2	
甗	ŋˠen3	
䇾	ŋˠən1	
䓂	ŋˠən1	
攑	kˠʰən1	
䞿	kˠʰən1	
䞿	xˠən1	
軒	xˠən1	
掀	xˠən1	
鶱	xˠən1	
䡣	xˠən1	
䡣	ʁwən1	
蓒	xˠən1	
𢳚	kˠən1	
𣘖	kˠən1	
靬	kˠən1	
靬	qʰɑn1	
靬	qan1	
靬	qʰɑn3	
鞬	kˠən1	
𩎀	kˠən1	
㓺	kˠən1	
犍	kˠən1	
犍	ɡˠen1	
腱	kˠən1	
腱	ɡˠən3	
騝	kˠən1	
騝	ɡˠen1	
䭈	kˠən1	
𩱡	kˠən1	
𩱤	kˠən1	
蔫	ʔˠən1	
蔫	ʔˠen1	
焉	ʔˠən1	
焉	ʔˠen1	
焉	ɰen1	
鱕	fən1	
籓	fən1	
𥴤	ɡˠən1	
赶	ɡˠən1	
赶	ɡˠwət4	
樠	ɱən1	
樠	mən1	
樠	mɑn1	
䰟	ʁwən1	
㮯	ʁwən1	
㮯	ʁwən2	
㮯	ʁwən3	新
䮝	ʁwən1	
餛	ʁwən1	
餫	ʁwən1	
餫	ɰun3	
䴷	ʁwən1	
䴷	ʁwan2	
䴷	ʁwan3	新
鼲	ʁwən1	
渾	ʁwən1	
渾	ʁwən2	
渾	ʁwən3	新
忶	ʁwən1	
忶	ɰun3	
𦺊	ʁwən1	
俒	ʁwən1	
俒	ʁwən3	
㑮	ʁwən1	
㑮	ɴwən1	
𡍦	ʁwən1	
𡍦	ʁwan1	
𢣒	ʁwən1	
𣝂	ʁwən1	
㨡	ʁwən1	
㨡	ʁwət4	
顐	ʁwən1	
顐	ɴwən1	
顐	ɴwən3	
𧡡	ʁwən1	
𧡡	ɰun3	
琿	ʁwən1	
昆	qwən1	
晜	qwən1	
𥊽	qwən1	
菎	qwən1	
㡓	qwən1	
褌	qwən1	
崐	qwən1	
琨	qwən1	
鵾	qwən1	
鶤	qwən1	
鶤	ɰun3	
鯤	qwən1	
䖵	qwən1	
蜫	qwən1	
惃	qwən1	
惃	qwən2	
㱎	qwən1	
錕	qwən1	
錕	qwən2	
瑻	qwən1	
𪋆	qwən1	
猑	qwən1	
騉	qwən1	
𥁕	ʔwən1	
溫	ʔwən1	
轀	ʔwən1	
薀	ʔwən1	
薀	ʔˠun2	
薀	ʔˠun3	
𩥈	ʔwən1	
殟	ʔwən1	
殟	ʔwət4	
𨜵	ʔwən1	
豱	ʔwən1	
韞	ʔwən1	
韞	ʔˠun2	
㼔	ʔwən1	
𪉸	ʔwən1	
門	mən1	
捫	mən1	
虋	mən1	
璊	mən1	
亹	mən1	
亹	ɱuj2	
𤅣	mən1	
䫒	mən1	
𣯩	mən1	
䟂	mən1	
䟂	mɑn1	
䊟	mən1	
𪈿	mən1	
孫	swən1	
蓀	swən1	
飧	swən1	
蕵	swən1	
猻	swən1	
搎	swən1	
尊	tswən1	
罇	tswən1	
樽	tswən1	
繜	tswən1	
存	dzwən1	
蹲	dzwən1	
拵	dzwən1	
𨚲	dzwən1	
袸	dzwən1	
袸	dzen3	
弴	twən1	
弴	tew1	
弤	twən1	
弤	tej2	
驐	twən1	
墩	twən1	
𤭞	twən1	
暾	tʰwən1	
燉	tʰwən1	
燉	dwən1	
涒	tʰwən1	
𪏆	tʰwən1	
𪏆	tʰwɑn1	
噋	tʰwən1	
噋	qʰwɑk4	
𧑒	tʰwən1	
黗	tʰwən1	
黗	tʰwən2	
豚	dwən1	
㹠	dwən1	
豘	dwən1	
臀	dwən1	
𡱂	dwən1	
𡱂	den3	
𦞠	dwən1	
𩪡	dwən1	
軘	dwən1	
飩	dwən1	
𥴫	dwən1	
坉	dwən1	
坉	dwən2	
坉	dwən3	新
沌	dwən1	
沌	dwən2	
沌	ɖˠwen2	
沌	dwən3	新
沌	ɖˠwen3	新
邨	dwən1	
忳	dwən1	
啍	dwən1	
芚	dwən1	
庉	dwən1	
庉	dwən2	
庉	dwən3	新
𪎶	dwən1	
𤫭	dwən1	
村	tsʰwən1	
瘒	ɴwən1	
梱	ɴwən1	
梱	qʰwən2	
盆	bən1	
𪂽	bən1	
湓	bən1	
湓	fʰun3	
湓	pʰən3	
奔	pən1	
奔	pən3	
犇	pən1	
崘	lwən1	
菕	lwən1	
坤	qʰwən1	
𡿦	qʰwən1	
髡	qʰwən1	
𩒱	qʰwən1	
𩒱	qʰwən3	
臗	qʰwən1	
髖	qʰwən1	
髖	qʰwɑn1	
豤	qʰwən1	
豤	qʰən2	
豤	qʰen2	
昏	χwən1	
惛	χwən1	
惛	χwən2	
惛	χwən3	
婚	χwən1	
棔	χwən1	
閽	χwən1	
殙	χwən1	
𣣏	χwən1	
噴	pʰən1	
噴	pʰən3	
歕	pʰən1	
歕	pʰən3	
黁	nwən1	
痕	ʁən1	
鞎	ʁən1	
拫	ʁən1	
㯊	ʁən1	
根	qən1	
跟	qən1	
𣥦	qən1	
恩	ʔən1	
𤇯	ʔən1	
煾	ʔən1	
吞	tʰən1	
吞	tʰen1	
寒	ʁɑn1	
𩏑	ʁɑn1	
𦺦	ʁɑn1	
翰	ʁɑn1	
翰	ʁɑn3	
鶾	ʁɑn1	
邯	ʁɑn1	
邯	ʁɑm1	
邗	ʁɑn1	
邗	qɑn1	
虷	ʁɑn1	
汗	ʁɑn1	
汗	qɑn1	
汗	ʁɑn3	
𧃙	ʁɑn1	
𧃙	ʁɑn3	
䮧	ʁɑn1	
䮧	ʁɑn3	
豻	ɴɑn1	
豻	qʰan1	
豻	ʁɑn3	
豻	ɴɑn3	
犴	ɴɑn1	
犴	ɴɑn3	
雃	ɴɑn1	
雃	qʰen1	
𡽜	ɴɑn1	
單	tɑn1	
單	dʑen1	
單	dʑen2	
單	dʑen3	
襌	tɑn1	
鄲	tɑn1	
丹	tɑn1	
殫	tɑn1	
簞	tɑn1	
匰	tɑn1	
㠆	tɑn1	
癉	tɑn1	
癉	dɑn1	
癉	tɑ2	
癉	tɑ3	
䐷	tɑn1	
安	ʔɑn1	
䀂	ʔɑn1	
鞌	ʔɑn1	
䢿	ʔɑn1	
䢿	ʔɑn3	
侒	ʔɑn1	
難	nɑn1	
難	nɑn3	
𪇼	nɑn1	
𩁢	nɑn1	
𩁚	nɑn1	
餐	tsʰɑn1	
湌	tsʰɑn1	
䉔	tsʰɑn1	
灘	tʰɑn1	
灘	χɑn2	
灘	nɑn3	
嘽	tʰɑn1	
嘽	tɕʰen2	
嘆	tʰɑn1	
嘆	tʰɑn3	
擹	tʰɑn1	
譠	tʰɑn1	
譠	ʈan1	
痑	tʰɑn1	
痑	tʰɑ1	
痑	tɑ3	
攤	tʰɑn1	
攤	nɑn2	
攤	nɑn3	
𦧴	tʰɑn1	
𦧴	den1	
嬗	tʰɑn1	
嬗	tɑn2	
嬗	dʑen3	
㨏	tʰɑn1	
𦙱	sɑn1	
跚	sɑn1	
珊	sɑn1	
姍	sɑn1	
䈀	sɑn1	
䈀	sɑn3	
壇	dɑn1	
檀	dɑn1	
撣	dɑn1	
撣	dʑen1	
撣	dɑn3	
彈	dɑn1	
彈	dɑn3	
驒	dɑn1	
驒	ten1	
驒	dɑ1	
驙	dɑn1	
驙	ʈˠen1	
但	dɑn1	
但	dɑn2	
但	dɑn3	
胆	dɑn1	
繟	dɑn1	
繟	tɕʰen2	
儃	dɑn1	
儃	dʑen1	
聅	dɑn1	
聅	ʈˠʰet4	
唌	dɑn1	
貚	dɑn1	
貚	den1	
殘	dzɑn1	
䏼	dzɑn1	
䏼	dzɑn3	
㱚	dzɑn1	
㱚	ɴwat4	
戔	dzɑn1	
𥂫	dzɑn1	
𣦼	dzɑn1	
帴	dzɑn1	
帴	tsen1	
帴	tsʲen2	
帴	sɑn3	
帴	ʂat4	
干	qɑn1	
乾	qɑn1	
乾	ɡˠen1	
漧	qɑn1	
竿	qɑn1	
肝	qɑn1	
奸	qɑn1	
鳱	qɑn1	
玕	qɑn1	
迀	qɑn1	
㿻	qɑn1	
𢧀	qɑn1	
忓	qɑn1	
忓	ʁɑn3	
𨝌	qɑn1	
𡯋	qɑn1	
蘭	lɑn1	
瀾	lɑn1	
瀾	lɑn3	
闌	lɑn1	
讕	lɑn1	
讕	lɑn2	
讕	lɑn3	
攔	lɑn1	
𨷻	lɑn1	
籣	lɑn1	
䪍	lɑn1	
欄	lɑn1	
躝	lɑn1	
幱	lɑn1	
㘓	lɑn1	
看	qʰɑn1	
看	qʰɑn3	
𥉏	qʰɑn1	
栞	qʰɑn1	
𣓁	qʰɑn1	
臤	qʰɑn1	
臤	qʰan1	
臤	ʁen1	
臤	kʲʰin3	
刊	qʰɑn1	
頇	χɑn1	
頇	ɴɑn3	
頇	ɴɑt4	
鼾	χɑn1	
鼾	ʁɑn3	
桓	ʁwɑn1	
完	ʁwɑn1	
䴟	ʁwɑn1	
𩾞	ʁwɑn1	
丸	ʁwɑn1	
瓛	ʁwɑn1	
紈	ʁwɑn1	
𦻃	ʁwɑn1	
雈	ʁwɑn1	
汍	ʁwɑn1	
絙	ʁwɑn1	
絙	qɨŋ1	
芄	ʁwɑn1	
豲	ʁwɑn1	
梡	ʁwɑn1	
梡	ʁwɑn2	
梡	qʰwɑn2	
梡	ʁwɑn3	新
荁	ʁwɑn1	
莞	ʁwɑn1	
莞	qwɑn1	
莞	ʁwan2	
莞	ʁwan3	新
綄	ʁwɑn1	
綄	ʁwɑn2	
綄	ʁwɑn3	新
𦏊	ʁwɑn1	
萈	ʁwɑn1	
狟	ʁwɑn1	
峘	ʁwɑn1	
峘	ʁɨŋ1	
㿪	ʁwɑn1	
垸	ʁwɑn1	
垸	ʁwɑn3	
寏	ʁwɑn1	
院	ʁwɑn1	
院	ɰwen3	
捖	ʁwɑn1	
岏	ɴwɑn1	
刓	ɴwɑn1	
园	ɴwɑn1	
忨	ɴwɑn1	
忨	ɴwɑn3	
䯈	ɴwɑn1	
抏	ɴwɑn1	
𠒢	ɴwɑn1	
端	twɑn1	
褍	twɑn1	
褍	twɑ2	
剬	twɑn1	
剬	tɕwen2	
𧤗	twɑn1	
耑	twɑn1	
鍴	twɑn1	
𥵣	twɑn1	
竱	twɑn1	
竱	tɕwen2	
𦾸	twɑn1	
𥠄	twɑn1	
𥠄	twɑ2	
偳	twɑn1	
偳	tʰwɑn1	
剜	ʔwɑn1	
豌	ʔwɑn1	
帵	ʔwɑn1	
婠	ʔwɑn1	
婠	qwɑn3	
婠	ʔwat4	
湍	tʰwɑn1	
湍	tɕwen1	
貒	tʰwɑn1	
貒	tʰwɑn3	
䵎	tʰwɑn1	
煓	tʰwɑn1	
酸	swɑn1	
狻	swɑn1	
䝜	swɑn1	
痠	swɑn1	
𩆑	swɑn1	
團	dwɑn1	
慱	dwɑn1	
篿	dwɑn1	
篿	tɕwen1	
剸	dwɑn1	
剸	tɕwen2	
剸	tɕwen3	
鄟	dwɑn1	
鄟	tɕwen1	
鄟	dʑwen2	
鄟	dʑwen3	新
𧐕	dwɑn1	
漙	dwɑn1	
鷒	dwɑn1	
鷒	tɕwen1	
𪆃	dwɑn1	
摶	dwɑn1	
摶	ɖˠwen2	
摶	ɖˠwen3	新
𩅂	dwɑn1	
欑	dzwɑn1	
巑	dzwɑn1	
𩎈	dzwɑn1	
𩎈	tswɑn1	
菆	dzwɑn1	
菆	tʂɨw1	
菆	tʂʰu3	
襸	dzwɑn1	
襸	tsɑn3	
酇	dzwɑn1	
酇	tswɑn2	
酇	tsɑn3	
穳	dzwɑn1	
穳	dzɑn3	
𥣚	dzwɑn1	
劗	dzwɑn1	
劗	tswɑn1	
官	qwɑn1	
悹	qwɑn1	
悹	qwɑn2	
悹	qwɑn3	
棺	qwɑn1	
棺	qwɑn3	
觀	qwɑn1	
觀	qwɑn3	
貫	qwɑn1	
貫	qwɑn3	
冠	qwɑn1	
冠	qwɑn3	
涫	qwɑn1	
涫	qwɑn3	
倌	qwɑn1	
倌	qwan3	
毌	qwɑn1	
毌	qwɑn3	
鑾	lwɑn1	
鸞	lwɑn1	
巒	lwɑn1	
欒	lwɑn1	
羉	lwɑn1	
𧄶	lwɑn1	
䜌	lwɑn1	
䜌	lˠwen1	
䜌	lˠwen3	
㱍	lwɑn1	
臠	lwɑn1	
臠	lˠwen2	
灤	lwɑn1	
灓	lwɑn1	
灓	lwɑn3	
灓	lˠwen3	
𤼙	lwɑn1	
𤼙	lˠwen1	
圝	lwɑn1	
曫	lwɑn1	
歡	χwɑn1	
懽	χwɑn1	
懽	qwɑn3	
驩	χwɑn1	
貛	χwɑn1	
𪈩	χwɑn1	
鴅	χwɑn1	
酄	χwɑn1	
獾	χwɑn1	
犿	χwɑn1	
𡚊	χwɑn1	
𠂄	χwɑn1	
寬	qʰwɑn1	
鑽	tswɑn1	
鑽	tswɑn3	
𩎑	tswɑn1	
䡽	tswɑn1	
𣀶	tswɑn1	
槃	bɑn1	
盤	bɑn1	
鎜	bɑn1	
柈	bɑn1	
瘢	bɑn1	
磻	bɑn1	
幋	bɑn1	
磐	bɑn1	
䰉	bɑn1	
䰉	pan1	
般	bɑn1	
般	pɑn1	
般	pan1	
蹣	bɑn1	
蹣	mɑn1	
搫	bɑn1	
搫	bɑ1	
鞶	bɑn1	
𪄀	bɑn1	
𥈼	bɑn1	
媻	bɑn1	
媻	bɑ1	
縏	bɑn1	
𪒀	bɑn1	
䈲	bɑn1	
䈲	pɑn1	
𤠍	bɑn1	
瞞	mɑn1	
顢	mɑn1	
謾	mɑn1	
謾	man1	
謾	mʲen1	
謾	mɑn3	
謾	man3	
䊡	mɑn1	
饅	mɑn1	
慲	mɑn1	
鏝	mɑn1	
鏝	mɑn3	
槾	mɑn1	
墁	mɑn1	
墁	mɑn3	
㒼	mɑn1	
鞔	mɑn1	
鰻	mɑn1	
鰻	ɱən3	
曼	mɑn1	
曼	ɱən3	
蔓	mɑn1	
蔓	ɱən3	
䜱	mɑn1	
𤡁	mɑn1	
𦔔	mɑn1	
𦔔	mɑn3	
芇	mɑn1	
芇	mʲen1	
芇	men2	
悗	mɑn1	
鬗	mɑn1	
鬗	ɱən3	
絻	mɑn1	
絻	mˠen2	
絻	ɱun3	
潘	pʰɑn1	
㽃	pʰɑn1	
拌	pʰɑn1	
拌	bɑn2	
拌	bɑn3	新
㢖	pʰɑn1	
𤺏	pʰɑn1	
𤳖	pɑn1	
𠦒	pɑn1	
𠦒	pʲit4	
刪	ʂan1	
訕	ʂan1	
訕	ʂan3	
潸	ʂan1	
潸	ʂan2	
𣧱	ʂan1	
狦	ʂan1	
狦	ʂan3	
關	qwan1	
関	qwan1	
癏	qwan1	
擐	qwan1	
擐	ʁwan3	
𠴨	qwan1	
𢇇	qwan1	
彎	ʔwan1	
灣	ʔwan1	
䘎	ʔwan1	
𩅦	ʔwan1	
潫	ʔwan1	
潫	ʔʲwen1	
潫	ʔˠwen1	
𣟴	ʂwan1	
還	ʁwan1	
還	zʲwen1	
環	ʁwan1	
𠟼	ʁwan1	
鬟	ʁwan1	
寰	ʁwan1	
寰	ʁwen3	
闤	ʁwan1	
糫	ʁwan1	
鍰	ʁwan1	
圜	ʁwan1	
圜	ɰwen1	
鐶	ʁwan1	
轘	ʁwan1	
轘	ʁwan3	
䍺	ʁwan1	
䍺	ʁwan3	
𦏖	ʁwan1	
澴	ʁwan1	
𩙽	ʁwan1	
䭴	ʁwan1	
䭴	ʁwen2	
䭴	ʁwen3	新
㡲	ʁwan1	
𦣴	ʁwan1	
班	pan1	
螌	pan1	
斑	pan1	
辬	pan1	
斒	pan1	
鯿	pan1	
鯿	pʲen1	
扳	pan1	
扳	pʰan1	
𠔯	pan1	
蠻	man1	
𪈮	man1	
獌	man1	
獌	ɱən3	
獌	mɑn3	
鬘	man1	
䅼	man1	
𪑪	man1	
顏	ɴan1	
楌	ɴan1	
姦	qan1	
菅	qan1	
葌	qan1	
䔵	qan1	
攀	pʰan1	
眅	pʰan1	
眅	pʰan2	
奻	ɳwan1	
奻	ɳwan3	
頑	ɴwan1	
馯	qʰan1	
馯	ʁɑn3	
鬜	qʰan1	
鬜	qʰat4	
山	ʂan1	
疝	ʂan1	
疝	ʂan3	
邖	ʂan1	
鰥	qwan1	
鰥	qwan3	
䤽	qwan1	
閒	qan1	
閒	qan3	
艱	qan1	
囏	qan1	
蕳	qan1	
覸	qan1	
覸	pˠen2	
覸	qan3	
閑	ʁan1	
嫺	ʁan1	
癇	ʁan1	
𩦂	ʁan1	
蛝	ʁan1	
瞯	ʁan1	
鷴	ʁan1	
藖	ʁan1	
藖	ʁan3	
憪	ʁan1	
憪	ʁan2	
憪	ʁan3	新
慳	qʰan1	
𧢞	qʰan1	
顅	qʰan1	
掔	qʰan1	
掔	qʰen1	
羥	qʰan1	
羥	qʰaŋ1	
𩋆	qʰan1	
虥	dʐan1	
虥	dʐan2	
虥	dʐan3	
潺	dʐan1	
潺	dʐen1	
孱	dʐan1	
孱	dʐen1	
孱	dʐan2	
孱	dʐan3	新
僝	dʐan1	
僝	dʐwen3	
䡲	dʐan1	
䡲	dʐen1	
𡎻	dʐan1	
𡎻	dʐen1	
羴	χan1	
訮	ɴan1	
訮	tʰen1	
訮	χen1	
𤡥	ɴan1	
𤡥	ʁan2	
𤡥	ʁan3	新
㗴	ɴan1	
虤	ɴan1	
黰	ʔan1	
黰	tɕin2	
㸶	ʔan1	
黫	ʔan1	
斕	lan1	
𣁣	lan1	
𢛓	lan1	
嘫	ɳan1	
㬮	ɳan1	
㬮	nɑn3	
㺗	tɕʰen1	
𡣬	ʔwan1	
𡣬	ʔʲwen1	
𡣬	ʔˠwen1	
𡰝	ɡˠwen1	
㣶	ʈan1	
湲	ʁwan1	
湲	ɰwen1	
先	sen1	
先	sen3	
躚	sen1	
躚	sʲen1	
蹮	sen1	
𥑻	sen1	
前	dzen1	
歬	dzen1	
騚	dzen1	
湔	dzen1	
湔	tsen1	
湔	tsʲen1	
湔	tsʲen3	
𥮒	dzen1	
𥮒	dzʲem1	
𥷰	dzen1	
千	tsʰen1	
圱	tsʰen1	
阡	tsʰen1	
汘	tsʰen1	
仟	tsʰen1	
芊	tsʰen1	
芊	tsʰen3	
谸	tsʰen1	
迁	tsʰen1	
杄	tsʰen1	
箋	tsen1	
牋	tsen1	
㮍	tsen1	
瀳	tsen1	
瀳	dzen3	
韉	tsen1	
淺	tsen1	
淺	tsʲʰen2	
𢃬	tsen1	
𣚙	tsen1	
濺	tsen1	
濺	tsʲen3	
籛	tsen1	
籛	tsʲen2	
籛	tsʲen3	
𣝕	tsen1	
𨔥	tsen1	
天	tʰen1	
𠀘	tʰen1	
䒶	tʰen1	
𦧝	tʰen1	
堅	qen1	
鋻	qen1	
鋻	qen3	
𢮂	qen1	
𢮂	ʁen1	
㡉	qen1	
幵	qen1	
肩	qen1	
鳽	qen1	
鳽	ɴen1	
鳽	qʰaŋ1	
鳽	ɴak4	
豜	qen1	
豜	ɴen3	
𧱚	qen1	
猏	qen1	
菺	qen1	
𪊑	qen1	
𪊑	qʰen1	
𪊑	qʰeŋ3	
麉	qen1	
鵳	qen1	
鰹	qen1	
䶬	qen1	
䶬	ŋˠet4	
䌑	qen1	
賢	ʁen1	
弦	ʁen1	
絃	ʁen1	
絃	χwen3	
舷	ʁen1	
胘	ʁen1	
胘	ʁwen1	
蚿	ʁen1	
𢛆	ʁen1	
𠛑	ʁen1	
伭	ʁen1	
伭	ʁwen1	
𦱁	ʁen1	
婱	ʁen1	
𧼏	ʁen1	
痃	ʁen1	
煙	ʔen1	
𡨾	ʔen1	
𤎟	ʔen1	
燕	ʔen1	
燕	ʔen3	
咽	ʔen1	
咽	ʔen3	
咽	ʔet4	
橪	ʔen1	
橪	ɲen2	
驠	ʔen1	
驠	ʔen3	
胭	ʔen1	
𥷀	ʔen1	
閼	ʔen1	
閼	ʔˠen1	
閼	ʔˠət4	
閼	ʔɑt4	
蓮	len1	
蓮	lˠen2	
憐	len1	
怜	len1	
怜	leŋ1	
嗹	len1	
縺	len1	
𪍴	len1	
𨏩	len1	
零	len1	
零	leŋ1	
零	leŋ3	
田	den1	
佃	den1	
佃	den3	
畋	den1	
畋	den3	
窴	den1	
窴	den3	
闐	den1	
闐	den3	
䟧	den1	
鈿	den1	
鈿	den3	
䡘	den1	
沺	den1	
鷏	den1	
𨌈	den1	
滇	den1	
滇	ten1	
滇	tʰen3	
搷	den1	
秊	nen1	
年	nen1	
𨚶	nen1	
𨚶	neŋ1	
顛	ten1	
顛	tʰen3	
㒹	ten1	
齻	ten1	
𩥄	ten1	
槙	ten1	
槙	tɕin2	
瘨	ten1	
癲	ten1	
𧽍	ten1	
𧽍	den3	
巔	ten1	
𠑘	ten1	
傎	ten1	
蹎	ten1	
厧	ten1	
牽	qʰen1	
牽	qʰen3	
縴	qʰen1	
邢	qʰen1	
邢	ʁeŋ1	
汧	qʰen1	
汧	qʰen3	
蚈	qʰen1	
岍	qʰen1	
妍	ɴen1	
研	ɴen1	
研	ɴen3	
𥓋	ɴen1	
揅	ɴen1	
㿼	ɴen1	
趼	ɴen1	
趼	qen2	
趼	ɴen3	
俓	ɴen1	
俓	ɴaŋ1	
俓	qeŋ3	
眠	men1	
瞑	men1	
瞑	meŋ1	
瞑	men3	
䏃	men1	
矏	men1	
矏	mʲen1	
𥌂	men1	
䰓	men1	
㝰	men1	
蹁	ben1	
蹁	pen1	
骿	ben1	
軿	ben1	
軿	beŋ1	
駢	ben1	
㼐	ben1	
胼	ben1	
跰	ben1	
跰	paŋ3	
楄	ben1	
楄	bʲen1	
賆	ben1	
琕	ben1	
淵	ʔwen1	
𠝃	ʔwen1	
囦	ʔwen1	
㾓	ʔwen1	
弲	ʔwen1	
弲	xʲwen1	
剈	ʔwen1	
𨓯	ʔwen1	
䨊	ʔwen1	
蜎	ʔwen1	
蜎	ʔʲwen1	
蜎	ɡʲwen2	
蜎	ɡʲwen3	新
涓	qwen1	
睊	qwen1	
睊	qwen3	
蠲	qwen1	
𦮻	qwen1	
䅌	qwen1	
鵑	qwen1	
焆	qwen1	
焆	ʔwet4	
焆	ʔˠet4	
鞙	qwen1	
鞙	ʁwen2	
鞙	ʁwen3	新
鋗	χwen1	
駽	χwen1	
駽	χwen3	
㘣	χwen1	
㘣	zʲwen1	
梋	χwen1	
矎	χwen1	
矎	xʲwaŋ3	
邊	pen1	
籩	pen1	
𤄺	pen1	
甂	pen1	
蝙	pen1	
猵	pen1	
猵	bʲin2	
猵	bʲin3	新
𥣰	pen1	
𥣰	pen2	
編	pen1	
編	pʲen1	
編	pen2	
萹	pen1	
萹	pʲʰen1	
萹	pen2	
𨇱	pen1	
𠑟	pen1	
牑	pen1	
䟍	pen1	
䟍	ʔˠen2	
玄	ʁwen1	
縣	ʁwen1	
縣	ʁwen3	
懸	ʁwen1	
眩	ʁwen1	
眩	ʁwen3	
䮄	ʁwen1	
玹	ʁwen1	
玹	ʁwen3	
玆	ʁwen1	
𧟨	ʁwen1	
𥌭	ʁwen1	
𥌭	xʲwen1	
𥌭	ʁwen2	
𥌭	ʁwen3	新
盷	ʁwen1	
訇	ʁwen1	
訇	χwaŋ1	
祆	χen1	
仙	sʲen1	
僊	sʲen1	
𠑗	sʲen1	
㲔	sʲen1	
䉳	sʲen1	
䉳	sʲen2	
苮	sʲen1	
秈	sʲen1	
鮮	sʲen1	
鮮	sʲen2	
鮮	sʲen3	
硟	sʲen1	
硟	tɕʰen3	
鱻	sʲen1	
廯	sʲen1	
廯	sʲen2	
錢	dzʲen1	
錢	tsʲen2	
𧔢	dzʲen1	
遷	tsʲʰen1	
𨙙	tsʲʰen1	
𠨧	tsʲʰen1	
𨝍	tsʲʰen1	
櫏	tsʲʰen1	
䉦	tsʲʰen1	
韆	tsʲʰen1	
㿊	tsʲʰen1	
煎	tsʲen1	
煎	tsʲen3	
葏	tsʲen1	
鬋	tsʲen1	
鬋	tsʲen2	
鬋	tsʲen3	
然	ɲen1	
燃	ɲen1	
𤡮	ɲen1	
㜣	ɲen1	
㜣	ɕen2	
㜣	nen3	
肰	ɲen1	
繎	ɲen1	
繎	ɲwen1	
𥳚	ɲen1	
䕼	ɲen1	
𤓉	ɲen1	
延	jen1	
延	jen3	
埏	jen1	
埏	ɕen1	
筵	jen1	
狿	jen1	
狿	jen3	
郔	jen1	
綖	jen1	
蜒	jen1	
䘰	jen1	
䘰	ɕen1	
鋋	jen1	
鋋	dʑen1	
䀽	jen1	
𢌨	jen1	
䢭	jen1	
䢭	zʲen3	
䢭	jen3	
莚	jen1	
莚	jen3	
𩜾	tɕen1	
饘	tɕen1	
饘	tɕen2	
旃	tɕen1	
旜	tɕen1	
栴	tɕen1	
氈	tɕen1	
鸇	tɕen1	
𩔣	tɕen1	
邅	ʈˠen1	
邅	ɖˠen2	
邅	ɖˠen3	
𧾍	ʈˠen1	
𧾍	ɖˠen1	
鱣	ʈˠen1	
𩼼	ʈˠen1	
羶	ɕen1	
挻	ɕen1	
扇	ɕen1	
扇	ɕen3	
煽	ɕen1	
煽	ɕen3	
鯅	ɕen1	
脠	ɕen1	
脠	ʈˠʰen1	
梴	ʈˠʰen1	
鏈	ʈˠʰen1	
鏈	lˠen1	
㢟	ʈˠʰen1	
㢟	ʈˠʰen2	
蟬	dʑen1	
僤	dʑen1	
僤	dɑn2	
僤	dɑn3	
禪	dʑen1	
禪	dʑen3	
澶	dʑen1	
澶	dɑn3	
嬋	dʑen1	
纏	ɖˠen1	
纏	ɖˠen3	
緾	ɖˠen1	
躔	ɖˠen1	
瀍	ɖˠen1	
鄽	ɖˠen1	
𨷭	ɖˠen1	
𧔊	ɖˠen1	
廛	ɖˠen1	
㙻	ɖˠen1	
嘕	xˠen1	
仚	xˠen1	
嫣	xˠen1	
嫣	ʔˠen1	
嫣	ʔˠen2	
嫣	ʔˠən3	
𦒜	xˠen1	
連	lˠen1	
聮	lˠen1	
漣	lˠen1	
翴	lˠen1	
鰱	lˠen1	
令	lˠen1	
令	lˠaŋ1	
令	leŋ1	
令	lˠaŋ3	
令	leŋ3	
䃛	lˠen1	
㦁	lˠen1	
槤	lˠen1	
𪚀	lˠen1	
㶌	lˠen1	
篇	pʲʰen1	
偏	pʲʰen1	
偏	pʲʰen3	
翩	pʲʰen1	
媥	pʲʰen1	
㾫	pʲʰen1	
扁	pʲʰen1	
扁	pen2	
扁	ben2	
扁	bʲen2	
扁	ben3	新
扁	bʲen3	新
便	bʲen1	
便	bʲen3	
緶	bʲen1	
緶	pen2	
楩	bʲen1	
楩	bʲen2	
楩	bʲen3	新
平	bʲen1	
平	bˠaŋ1	
諞	bʲen1	
諞	bˠen2	
諞	bʲen2	
諞	bˠen3	新
諞	bʲen3	新
㛹	bʲen1	
箯	bʲen1	
箯	pʲen1	
𧍲	bʲen1	
緜	mʲen1	
綿	mʲen1	
棉	mʲen1	
矊	mʲen1	
蝒	mʲen1	
𧉄	mʲen1	
𢣔	mʲen1	
宀	mʲen1	
䫵	mʲen1	
櫋	mʲen1	
𣏜	mʲen1	
臱	mʲen1	
㮌	mʲen1	
𣡠	mʲen1	
全	dzʲwen1	
㒰	dzʲwen1	
泉	dzʲwen1	
𧍭	dzʲwen1	
牷	dzʲwen1	
䀬	dzʲwen1	
䀬	tʂwen1	
葲	dzʲwen1	
宣	sʲwen1	
揎	sʲwen1	
㩊	sʲwen1	
愃	sʲwen1	
愃	xˠwən2	
𡈣	sʲwen1	
𩕖	sʲwen1	
瑄	sʲwen1	
𩤡	sʲwen1	
鐫	tsʲwen1	
鋑	tsʲwen1	
剶	tsʲwen1	
剶	ʈˠʰwen1	
翾	xʲwen1	
儇	xʲwen1	
蠉	xʲwen1	
蠉	xʲwen2	
𧾎	xʲwen1	
嬛	xʲwen1	
嬛	ʔʲwen1	
嬛	ɡʲwaŋ1	
譞	xʲwen1	
頨	xʲwen1	
頨	ɰu2	
堧	ɲwen1	
堧	nwɑ3	
䙇	ɲwen1	
𤲬	ɲwen1	
𤲬	ɲwen2	
𤲬	ɲwen3	
𤲬	nwɑ3	
瑌	ɲwen1	
瑌	ɲwen2	
撋	ɲwen1	
穿	tɕʰwen1	
穿	tɕʰwen3	
川	tɕʰwen1	
沿	jwen1	
㳂	jwen1	
鉛	jwen1	
櫞	jwen1	
捐	jwen1	
鳶	jwen1	
蝝	jwen1	
緣	jwen1	
緣	jwen3	
䱲	jwen1	
𦿂	jwen1	
𦛔	jwen1	
𦛔	zʲwen3	
旋	zʲwen1	
旋	zʲwen3	
璿	zʲwen1	
𤩅	zʲwen1	
𤫀	zʲwen1	
䗠	zʲwen1	
㳬	zʲwen1	
㳬	zʲwen3	
琁	zʲwen1	
璇	zʲwen1	
𣟳	zʲwen1	
蜁	zʲwen1	
㔯	zʲwen1	
䁢	zʲwen1	
嫙	zʲwen1	
嫙	zʲwen3	
鏇	zʲwen1	
鏇	zʲwen3	
娟	ʔʲwen1	
悁	ʔʲwen1	
𡷡	ʔʲwen1	
船	ʑwen1	
舩	ʑwen1	
鞭	pʲen1	
鯾	pʲen1	
揙	pʲen1	
㳄	zʲen1	
涎	zʲen1	
涎	jen3	
詮	tsʲʰwen1	
銓	tsʲʰwen1	
硂	tsʲʰwen1	
痊	tsʲʰwen1	
佺	tsʲʰwen1	
悛	tsʲʰwen1	
駩	tsʲʰwen1	
筌	tsʲʰwen1	
絟	tsʲʰwen1	
絟	tsʲʰwet4	
譔	tsʲʰwen1	
譔	dʐwen2	
譔	dʐwen3	
縓	tsʲʰwen1	
縓	tsʲʰwen3	
恮	tsʲʰwen1	
恮	tʂwen1	
荃	tsʲʰwen1	
𠛮	tsʲʰwen1	
峑	tsʲʰwen1	
𠥙	tsʲʰwen1	
鐉	tsʲʰwen1	
拴	tsʲʰwen1	
專	tɕwen1	
甎	tɕwen1	
顓	tɕwen1	
嫥	tɕwen1	
諯	tɕwen1	
諯	dʑwen1	
諯	tɕʰwen3	
諯	tsʲʰwen3	
膞	tɕwen1	
膞	dʑwen2	
膞	tɕwen2	
膞	dʑwen3	新
鱄	tɕwen1	
鱄	tɕwen2	
𩠹	tɕwen1	
遄	dʑwen1	
輲	dʑwen1	
輇	dʑwen1	
椯	dʑwen1	
歂	dʑwen1	
歂	dʑwen2	
歂	dʑwen3	新
圓	ɰwen1	
蟤	tʂwen1	
栓	ʂwen1	
𨏉	ʂwen1	
𨏉	ʂwen3	
猭	ʈˠʰwen1	
猭	ʈˠʰwen3	
虔	ɡˠen1	
鰬	ɡˠen1	
𨜻	ɡˠen1	
榩	ɡˠen1	
鍵	ɡˠen1	
鍵	ɡˠən2	
鍵	ɡˠen2	
鍵	ɡˠən3	新
鍵	ɡˠen3	新
揵	ɡˠen1	
揵	kˠən2	
愆	kˠʰen1	
䇂	kˠʰen1	
諐	kˠʰen1	
𠍴	kˠʰen1	
褰	kˠʰen1	
騫	kˠʰen1	
䙭	kˠʰen1	
䙭	kˠen2	
𧽐	kˠʰen1	
攐	kˠʰen1	
㗔	kˠʰen1	
權	ɡˠwen1	
拳	ɡˠwen1	
觠	ɡˠwen1	
觠	kˠwen3	
顴	ɡˠwen1	
踡	ɡˠwen1	
婘	ɡˠwen1	
孉	ɡˠwen1	
䠰	ɡˠwen1	
𤷄	ɡˠwen1	
犈	ɡˠwen1	
犈	kˠwen3	
蠸	ɡˠwen1	
齤	ɡˠwen1	
卷	ɡˠwen1	
卷	ɡˠwən2	
卷	kˠwen2	
卷	kˠwen3	
卷	ɡˠwən3	新
𪈻	ɡˠwen1	
𥆗	ɡˠwen1	
𥁠	ɡˠwen1	
𢑆	ɡˠwen1	
鬈	ɡˠwen1	
鬈	kˠʰwen1	
䟒	ɡˠwen1	
䑏	ɡˠwen1	
蜷	ɡˠwen1	
捲	ɡˠwen1	
捲	kˠwen2	
捲	kˠwen3	
椽	ɖˠwen1	
傳	ɖˠwen1	
傳	ɖˠwen3	
傳	ʈˠwen3	
攣	lˠwen1	
弮	kˠʰwen1	
弮	kˠwen3	
㒽	kˠʰwen1	
棬	kˠʰwen1	
𨟠	kˠʰwen1	
𨟠	kˠʰɑk4	
鄢	ʔˠen1	
鄢	ʔˠən2	
鄢	ʔˠən3	
漹	ɰen1	
漹	ʔˠən3	
䗡	ɰen1	
燀	tɕʰen1	
燀	tɕen2	
燀	tɕʰen2	
勬	kˠwen1	
勬	kˠwen3	
蕭	sew1	
簫	sew1	
彇	sew1	
蟰	sew1	
蟰	sʲɨwk4	
橚	sew1	
橚	sʲɨwk4	
潚	sew1	
潚	sʲɨwk4	
𩙚	sew1	
踃	sew1	
㩋	sew1	
㩋	sew2	
㩋	sew3	
㩋	ʂɨwk4	
㩋	sʲɨwk4	
箾	sew1	
箾	ʂawk4	
𦐺	sew1	
𦐺	sʲew1	
㲖	sew1	
艘	sew1	
艘	sɑw1	
瞍	sew1	
瞍	sɨw2	
翛	sew1	
翛	ɕɨwk4	
撨	sew1	
撨	dzʲew1	
祧	tʰew1	
佻	tʰew1	
佻	dew1	
挑	tʰew1	
挑	tʰɑw1	
挑	dew2	
挑	dew3	新
朓	tʰew1	
朓	tʰew2	
恌	tʰew1	
恌	jew1	
𣂁	tʰew1	
庣	tʰew1	
銚	tʰew1	
銚	jew1	
銚	dew3	
趒	tʰew1	
趒	dew1	
趒	tʰew3	
聎	tʰew1	
蓧	tʰew1	
蓧	dek4	
貂	tew1	
䯾	tew1	
䯾	dew1	
䯾	tɕɨw3	
𠚥	tew1	
刁	tew1	
琱	tew1	
凋	tew1	
鯛	tew1	
䂏	tew1	
雕	tew1	
鵰	tew1	
蛁	tew1	
彫	tew1	
𧜣	tew1	
𧜣	tew2	
𧘨	tew1	
芀	tew1	
芀	dew1	
𦶌	tew1	
𦨣	tew1	
𩾗	tew1	
𩾗	tsʲew1	
㚋	tew1	
奝	tew1	
瞗	tew1	
迢	dew1	
條	dew1	
樤	dew1	
髫	dew1	
跳	dew1	
鋚	dew1	
𧌁	dew1	
蜩	dew1	
苕	dew1	
調	dew1	
調	ʈˠɨw1	
調	dew3	
鮡	dew1	
鮡	ɖˠew2	
鮡	ɖˠew3	新
岧	dew1	
䩦	dew1	
嬥	dew1	
嬥	dew2	
嬥	dew3	
嬥	ɖawk4	
𠤼	dew1	
𣬸	dew1	
𠧪	dew1	
鰷	dew1	
驍	qew1	
梟	qew1	
𥄉	qew1	
澆	qew1	
澆	ɴew3	
憿	qew1	
釗	qew1	
釗	tɕew1	
邀	qew1	
邀	ʔʲew1	
蟂	qew1	
徼	qew1	
徼	qew3	
聊	lew1	
𦗖	lew1	
𦗖	lɑw1	
膋	lew1	
膫	lew1	
膫	lˠew3	
飉	lew1	
遼	lew1	
憀	lew1	
憀	lˠɨw1	
竂	lew1	
寥	lew1	
寥	lek4	
料	lew1	
料	lew3	
㙩	lew1	
㙩	lˠew3	
橑	lew1	
橑	lɑw2	
撩	lew1	
撩	lew2	
摷	lew1	
摷	tʂaw1	
廖	lew1	
廖	lˠɨw3	
僚	lew1	
僚	lˠew2	
寮	lew1	
鐐	lew1	
鐐	lew3	
簝	lew1	
簝	lɑw1	
豂	lew1	
鷯	lew1	
鷯	lˠew3	
𥲊	lew1	
璙	lew1	
璙	lˠew2	
璙	lew3	
嫽	lew1	
嫽	lˠew2	
嫽	lew3	
漻	lew1	
蟟	lew1	
瞭	lew1	
瞭	lew2	
䜮	lew1	
䜮	lɑw1	
𧂏	lew1	
𩯊	lew1	
嶚	lew1	
翏	lew1	
翏	lˠɨw3	
繚	lew1	
繚	lew2	
繚	lˠew2	
憭	lew1	
憭	lew2	
憭	lˠew2	
獠	lew1	
獠	ʈaw2	
獠	lɑw2	
髎	lew1	
髎	lˠew1	
𡽐	lew1	
蟧	lew1	
蟧	lɑw1	
𦿌	lew1	
𦿌	lwɑ1	
敹	lew1	
嘹	lew1	
嘹	lew3	
熮	lew1	
熮	lˠɨw2	
熮	lˠew3	
堯	ɴew1	
嶢	ɴew1	
僥	ɴew1	
垚	ɴew1	
顤	ɴew1	
顤	χaw1	
顤	ɴew3	
膮	χew1	
膮	χew2	
嘵	χew1	
憢	χew1	
㚠	χew1	
㚠	kʲʰew1	
𦞵	χew1	
䎄	χew1	
䫞	χew1	
䫞	kʲʰew1	
幺	ʔew1	
怮	ʔew1	
怮	ʔˠɨw1	
怮	ʔʲɨw1	
怮	ʔʲɨw2	
葽	ʔew1	
葽	ʔʲew1	
葽	ʔew2	
葽	ʔʲew3	
䱂	ʔew1	
䱂	ʔˠɨw2	
㫐	ʔew1	
㫐	ʔew2	
鄡	qʰew1	
郻	qʰew1	
𢿣	qʰew1	
𢿣	ɴaw1	
𢿣	qʰek4	
墽	qʰew1	
𡩇	qʰew1	
宵	sʲew1	
消	sʲew1	
霄	sʲew1	
捎	sʲew1	
捎	ʂaw1	
逍	sʲew1	
痟	sʲew1	
綃	sʲew1	
綃	ʂaw1	
銷	sʲew1	
焇	sʲew1	
硝	sʲew1	
蛸	sʲew1	
蛸	ʂaw1	
莦	sʲew1	
莦	ʂaw1	
哨	sʲew1	
哨	tsʲʰew3	
鮹	sʲew1	
鮹	ʂaw1	
𤞚	sʲew1	
䴛	sʲew1	
揱	sʲew1	
揱	ʂaw3	
揱	ʂawk4	
魈	sʲew1	
超	ʈˠʰew1	
怊	ʈˠʰew1	
怊	tɕʰew1	
欩	ʈˠʰew1	
𢁾	ʈˠʰew1	
𠰉	ʈˠʰew1	
䫿	ʈˠʰew1	
朝	ʈˠew1	
朝	ɖˠew1	
𦩻	ʈˠew1	
鼂	ɖˠew1	
晁	ɖˠew1	
潮	ɖˠew1	
囂	xˠew1	
枵	xˠew1	
歊	xˠew1	
歊	χuk4	
毊	xˠew1	
毊	ɡˠew1	
獢	xˠew1	
㺧	xˠew1	
藃	xˠew1	
藃	χaw1	
藃	χɑw3	
呺	xˠew1	
𩱴	xˠew1	
䖀	xˠew1	
樵	dzʲew1	
𦿕	dzʲew1	
劁	dzʲew1	
劁	dzʲew3	
憔	dzʲew1	
顦	dzʲew1	
䏆	dzʲew1	
䏆	dzɑw1	
譙	dzʲew1	
嶕	dzʲew1	
𡻝	dzʲew1	
𡻝	dʐaw1	
鐎	dzʲew1	
鐎	tsʲew1	
𨝱	dzʲew1	
僬	dzʲew1	
僬	tsʲew1	
僬	tsʲew3	
䩌	dzʲew1	
䩌	tsʲew1	
䩌	tsʲew3	
菬	dzʲew1	
菬	tɕew2	
驕	kˠew1	
嬌	kˠew1	
嬌	ɡˠew1	
嬌	kˠew2	
憍	kˠew1	
穚	kˠew1	
鷮	kˠew1	
鷮	ɡˠew1	
蕎	kˠew1	
蕎	ɡˠew1	
喬	kˠew1	
喬	ɡˠew1	
簥	kˠew1	
撟	kˠew1	
撟	kˠew2	
焦	tsʲew1	
𤓪	tsʲew1	
㲬	tsʲew1	
蕉	tsʲew1	
膲	tsʲew1	
鷦	tsʲew1	
椒	tsʲew1	
茮	tsʲew1	
噍	tsʲew1	
噍	dzʲew3	
蟭	tsʲew1	
𪚱	tsʲew1	
燋	tsʲew1	
燋	tsʲɑk4	
䌭	tsʲew1	
饒	ɲew1	
饒	ɲew3	
橈	ɲew1	
橈	ɳaw3	
襓	ɲew1	
㹛	ɲew1	
蟯	ɲew1	
蟯	ʔʲew1	
蕘	ɲew1	
燒	ɕew1	
燒	ɕew3	
𤬖	ɕew1	
𤬖	jew1	
遙	jew1	
媱	jew1	
傜	jew1	
繇	jew1	
繇	jɨw1	
繇	ɖˠɨw3	
颻	jew1	
𣣳	jew1	
窯	jew1	
窰	jew1	
䔄	jew1	
䔄	jew3	
𦾺	jew1	
珧	jew1	
鰩	jew1	
姚	jew1	
搖	jew1	
搖	jew3	
謠	jew1	
軺	jew1	
軺	dʑew1	
愮	jew1	
𨙂	jew1	
𨙂	jɨw1	
陶	jew1	
陶	dɑw1	
蘨	jew1	
蘨	jɨw1	
鷂	jew1	
鷂	jew3	
洮	jew1	
洮	tʰɑw1	
烑	jew1	
㿁	jew1	
𢑄	jew1	
㫍	jew1	
榣	jew1	
嗂	jew1	
䠛	jew1	
瑤	jew1	
猺	jew1	
餆	jew1	
韶	dʑew1	
㲈	dʑew1	
佋	dʑew1	
佋	dʑew2	
佋	dʑew3	新
𦯐	dʑew1	
𠧙	dʑew1	
𠧙	tɕew3	
𠧙	dʑew3	
玿	dʑew1	
𢃳	dʑew1	
柖	dʑew1	
㸛	dʑew1	
昭	tɕew1	
鵃	tɕew1	
鵃	ʈaw1	
鉊	tɕew1	
招	tɕew1	
盄	tɕew1	
皽	tɕew1	
皽	ʈˠen2	
皽	tɕen2	
飆	pʲew1	
標	pʲew1	
標	pʲew2	
猋	pʲew1	
杓	pʲew1	
杓	pʲʰew1	
杓	dʑɑk4	
杓	tek4	
瘭	pʲew1	
幖	pʲew1	
熛	pʲew1	
㠒	pʲew1	
𧽤	pʲew1	
𧽤	pʲʰew1	
蔈	pʲew1	
驫	pʲew1	
驫	pˠɨw1	
𦠎	pʲew1	
𦠎	pʲʰew1	
𣄠	pʲew1	
贆	pʲew1	
髟	pʲew1	
髟	pˠɨw1	
髟	ʂam1	
鑣	pˠew1	
𧥍	pˠew1	
臕	pˠew1	
儦	pˠew1	
瀌	pˠew1	
瀌	bˠɨw1	
𦔩	pˠew1	
藨	pˠew1	
藨	pʰɑw1	
藨	bˠew2	
藨	bˠew3	新
瓢	bʲew1	
飄	bʲew1	
飄	pʲʰew1	
剽	bʲew1	
剽	pʲʰew3	
薸	bʲew1	
㯱	bʲew1	
㯱	pʰɑw1	
螵	bʲew1	
螵	pʲʰew1	
䖢	mʲew1	
篻	mʲew1	
篻	pʲʰew2	
㠺	mʲew1	
𪃦	mʲew1	
苗	mˠew1	
描	mˠew1	
描	maw1	
緢	mˠew1	
緢	maw2	
緢	maw3	
貓	mˠew1	
貓	maw1	
猫	mˠew1	
要	ʔʲew1	
要	ʔʲew3	
腰	ʔʲew1	
喓	ʔʲew1	
𧍔	ʔʲew1	
䙅	ʔʲew1	
䳩	ʔʲew1	
鴞	ɰew1	
𨚙	ɰew1	
𨚙	ʁɑw1	
橋	ɡˠew1	
趫	ɡˠew1	
趫	kˠʰew1	
僑	ɡˠew1	
㝯	ɡˠew1	
鐈	ɡˠew1	
嶠	ɡˠew1	
嶠	ɡˠew3	
轎	ɡˠew1	
轎	ɡˠew3	
蟜	ɡˠew1	
蟜	kˠew2	
蹻	ɡˠew1	
蹻	kʲʰew1	
蹻	kˠew2	
蹻	kˠɑk4	
蹻	ɡˠɑk4	
䎗	ɡˠew1	
䎗	ɡʲew1	
䀉	ɡˠew1	
鍫	tsʲʰew1	
鐰	tsʲʰew1	
鐰	dzɑw1	
篍	tsʲʰew1	
篍	tsʲʰɨw1	
篍	tsʲʰew3	
幧	tsʲʰew1	
幧	tsʰɑw1	
㡑	tsʲʰew1	
㡑	tsew2	
𣟼	tsʲʰew1	
𣟼	tsʲɨw1	
𣖄	tsʲʰew1	
妖	ʔˠew1	
祅	ʔˠew1	
枖	ʔˠew1	
訞	ʔˠew1	
夭	ʔˠew1	
夭	ʔˠew2	
夭	ʔɑw2	
繑	kʲʰew1	
趬	kʲʰew1	
趬	kˠʰew3	
蹺	kʲʰew1	
弨	tɕʰew1	
弨	tɕʰew2	
𤐫	pʲʰew1	
漂	pʲʰew1	
漂	pʲʰew3	
𩙒	pʲʰew1	
嫖	pʲʰew1	
嫖	pʲʰew3	
旚	pʲʰew1	
犥	pʲʰew1	
犥	pʲʰew2	
鏢	pʲʰew1	
僄	pʲʰew1	
僄	pʲʰew3	
𪅃	pʲʰew1	
慓	pʲʰew1	
慓	bʲew2	
慓	pʲʰew3	
慓	bʲew3	新
彯	pʲʰew1	
彯	pʲʰew3	
摽	pʲʰew1	
摽	bʲew2	
摽	pʲʰew3	
摽	bʲew3	新
𨄏	pʲʰew1	
翲	pʲʰew1	
翲	pʲʰew3	
瞟	pʲʰew1	
瞟	pʲʰew2	
嘌	pʲʰew1	
翹	ɡʲew1	
翹	ɡʲew3	
荍	ɡʲew1	
𧄍	ɡʲew1	
嘺	ɡʲew1	
𤖻	ɡʲew1	
𤖻	ɕie3	
燎	lˠew1	
燎	lˠew2	
燎	lˠew3	
𢄹	kˠʰew1	
橇	kˠʰew1	
鞽	kˠʰew1	
肴	ʁaw1	
餚	ʁaw1	
崤	ʁaw1	
崤	ʁɑw1	
𦺔	ʁaw1	
殽	ʁaw1	
洨	ʁaw1	
筊	ʁaw1	
筊	qaw2	
姣	ʁaw1	
姣	qaw2	
猇	ʁaw1	
猇	χaw1	
㮁	ʁaw1	
爻	ʁaw1	
淆	ʁaw1	
笅	ʁaw1	
㬵	ʁaw1	
𨠦	ʁaw1	
䋂	ʁaw1	
倄	ʁaw1	
倄	ɰwəj2	
㤊	ʁaw1	
㤊	ʁaw3	
䂚	ʁaw1	
交	qaw1	
蛟	qaw1	
茭	qaw1	
鵁	qaw1	
膠	qaw1	
膠	qaw3	
鮫	qaw1	
咬	qaw1	
咬	ʔaw1	
郊	qaw1	
䍊	qaw1	
䍊	qʰek4	
轇	qaw1	
㶀	qaw1	
䢒	qaw1	
教	qaw1	
教	qaw3	
䉰	qaw1	
䉰	ʁaw2	
䉰	qaw2	
䉰	ʁaw3	新
𥹜	qaw1	
摎	qaw1	
摎	lˠɨw1	
鉸	qaw1	
鉸	qaw2	
鉸	qaw3	
佼	qaw1	
佼	ʁaw2	
佼	qaw2	
佼	ʁaw3	新
𦫶	qaw1	
𦫶	pʰaw1	
𦫶	kˠɨw1	
詨	qaw1	
詨	ʁaw3	
詨	χaw3	
嘐	qaw1	
嘐	χaw1	
𩎔	qaw1	
巢	dʐaw1	
巢	dʐaw3	
轈	dʐaw1	
勦	dʐaw1	
勦	tsʲew2	
𣝞	dʐaw1	
樔	dʐaw1	
𡏮	dʐaw1	
鄛	dʐaw1	
鐃	ɳaw1	
呶	ɳaw1	
譊	ɳaw1	
怓	ɳaw1	
䴃	ɳaw1	
𣲿	ɳaw1	
䃩	ɳaw1	
𡽧	ɳaw1	
梢	ʂaw1	
髾	ʂaw1	
輎	ʂaw1	
旓	ʂaw1	
弰	ʂaw1	
䈰	ʂaw1	
筲	ʂaw1	
鞘	ʂaw1	
鞘	sʲew3	
䘯	ʂaw1	
颵	ʂaw1	
娋	ʂaw1	
娋	ʂaw3	
𡡏	ʂaw1	
茅	maw1	
鶜	maw1	
媌	maw1	
媌	maw2	
虓	χaw1	
髇	χaw1	
穘	χaw1	
窙	χaw1	
嗃	χaw1	
嗃	χaw3	
嗃	χɑk4	
䬘	χaw1	
哮	χaw1	
哮	χaw3	
庨	χaw1	
灱	χaw1	
涍	χaw1	
涍	χaw3	
𩾾	χaw1	
㹲	χaw1	
包	paw1	
胞	paw1	
胞	pʰaw1	
苞	paw1	
勹	paw1	
𨚔	pʰaw1	
𨚔	pɑw1	
䍖	pʰaw1	
䍖	vɨw1	
脬	pʰaw1	
拋	pʰaw1	
拋	pʰaw3	
泡	pʰaw1	
泡	baw1	
𠐋	pʰaw1	
𠐋	law1	
𢿏	pʰaw1	
敲	qʰaw1	
敲	qʰaw3	
跤	qʰaw1	
骹	qʰaw1	
𥉾	qʰaw1	
㤍	qʰaw1	
磽	qʰaw1	
磽	qʰew2	
磽	ɴaw3	
䂭	qʰaw1	
礉	qʰaw1	
礉	qʰaw3	
鄗	qʰaw1	
鄗	ʁɑw2	
鄗	χɑk4	
鄗	ʁɑw3	新
墝	qʰaw1	
頝	qʰaw1	
聱	ɴaw1	
聱	ɴɑw1	
聱	ŋʲɨw1	
謷	ɴaw1	
謷	ɴɑw1	
謷	ɴɑw3	
磝	ɴaw1	
𦗔	tʂaw1	
罺	tʂaw1	
罺	tʂʰaw3	
抓	tʂaw1	
抓	tʂaw2	
抓	tʂaw3	
𠿈	tʂaw1	
𠿈	tʂɨw1	
嘲	ʈaw1	
䞴	ʈaw1	
䞴	ʈaw3	
啁	ʈaw1	
啁	ʈˠɨw1	
鳭	ʈaw1	
䜈	tʂʰaw1	
抄	tʂʰaw1	
抄	tʂʰaw3	
鈔	tʂʰaw1	
鈔	tʂʰaw3	
𦾱	tʂʰaw1	
訬	tʂʰaw1	
訬	mʲew2	
䰫	tʂʰaw1	
䰫	dʐaw2	
䰫	dʐaw3	新
庖	baw1	
咆	baw1	
匏	baw1	
炮	baw1	
炮	pʰaw3	
炰	baw1	
鉋	baw1	
鉋	baw3	
瓟	baw1	
瓟	bawk4	
麃	baw1	
麃	pˠʰew2	
掊	baw1	
掊	vɨw1	
掊	bɨw1	
掊	pɨw2	
颮	baw1	
颮	pʰawk4	
鞄	baw1	
鞄	baw2	
鞄	baw3	
鞄	pʰawk4	
狍	baw1	
跑	baw1	
跑	bawk4	
捊	baw1	
捊	bɨw1	
尥	baw1	
尥	lew3	
㯡	baw1	
䫜	ʔaw1	
㕭	ʔaw1	
坳	ʔaw1	
窅	ʔaw1	
窅	ʔew2	
軪	ʔaw1	
軪	ʔaw3	
眑	ʔaw1	
眑	ʔʲɨw2	
梎	ʔaw1	
𠣑	ʔaw1	
䫸	ʈʰaw1	
嘮	ʈʰaw1	
顟	law1	
窌	law1	
窌	pʰaw3	
窌	lˠɨw3	
賿	law1	
䄻	ɖaw1	
豪	ʁɑw1	
號	ʁɑw1	
號	ʁɑw3	
毫	ʁɑw1	
嗥	ʁɑw1	
獆	ʁɑw1	
濠	ʁɑw1	
壕	ʁɑw1	
䫧	ʁɑw1	
𣘫	ʁɑw1	
𠢕	ʁɑw1	
𨼍	ʁɑw1	
高	qɑw1	
膏	qɑw1	
膏	qɑw3	
皐	qɑw1	
皋	qɑw1	
羔	qɑw1	
餻	qɑw1	
㟸	qɑw1	
櫜	qɑw1	
咎	qɑw1	
咎	ɡˠɨw2	
咎	ɡˠɨw3	新
鼛	qɑw1	
鷎	qɑw1	
篙	qɑw1	
槔	qɑw1	
䚌	qɑw1	
䔌	qɑw1	
㤒	qɑw1	
䆁	qɑw1	
𣓌	qɑw1	
𣓌	qɑw2	
倃	qɑw1	
倃	ɡˠɨw2	
倃	ɡˠɨw3	新
䓘	qɑw1	
䣗	qɑw1	
勞	lɑw1	
勞	lɑw3	
澇	lɑw1	
澇	lɑw2	
澇	lɑw3	
牢	lɑw1	
窂	lɑw1	
簩	lɑw1	
䝁	lɑw1	
𧰉	lɑw1	
醪	lɑw1	
撈	lɑw1	
㟉	lɑw1	
㗦	lɑw1	
髝	lɑw1	
髝	lɑw3	
憥	lɑw1	
𨦭	lɑw1	
𤩂	lɑw1	
嫪	lɑw1	
嫪	lɑw3	
哰	lɑw1	
𣘪	lɑw1	
蒿	χɑw1	
䜰	χɑw1	
撓	χɑw1	
撓	ɳaw2	
薧	χɑw1	
薧	qʰɑw2	
薅	χɑw1	
茠	χɑw1	
𣐾	χɑw1	
毛	mɑw1	
毛	mɑw3	
髦	mɑw1	
芼	mɑw1	
芼	mɑw3	
𣹪	mɑw1	
旄	mɑw1	
旄	mɑw3	
㮘	mɑw1	
枆	mɑw1	
酕	mɑw1	
堥	mɑw1	
堥	mɨw1	
饕	tʰɑw1	
韜	tʰɑw1	
縚	tʰɑw1	
謟	tʰɑw1	
滔	tʰɑw1	
叨	tʰɑw1	
弢	tʰɑw1	
𩥓	tʰɑw1	
𤘸	tʰɑw1	
慆	tʰɑw1	
絛	tʰɑw1	
幍	tʰɑw1	
𠌪	tʰɑw1	
槄	tʰɑw1	
槄	tʰɑw2	
蜪	tʰɑw1	
蜪	dɑw1	
夲	tʰɑw1	
𠦂	tʰɑw1	
綢	tʰɑw1	
綢	ɖˠɨw1	
搯	tʰɑw1	
翢	tʰɑw1	
翢	dɑw1	
瑫	tʰɑw1	
𠬢	tʰɑw1	
䈱	tʰɑw1	
𠚡	tʰɑw1	
詜	tʰɑw1	
刀	tɑw1	
魛	tɑw1	
忉	tɑw1	
舠	tɑw1	
𩕯	tɑw1	
朷	tɑw1	
朷	mɨwk4	
騷	sɑw1	
搔	sɑw1	
繅	sɑw1	
繅	tsɑw2	
繰	sɑw1	
繰	tsɑw2	
臊	sɑw1	
鰠	sɑw1	
溞	sɑw1	
颾	sɑw1	
鱢	sɑw1	
㮴	sɑw1	
𠋺	sɑw1	
慅	sɑw1	
慅	tsʰɑw2	
袍	bɑw1	
袍	bɑw3	
袌	bɑw1	
軳	bɑw1	
襃	pɑw1	
褒	pɑw1	
𠅬	pɑw1	
䛬	dɑw1	
䛌	dɑw1	
咷	dɑw1	
咷	tʰew3	
桃	dɑw1	
綯	dɑw1	
燾	dɑw1	
燾	dɑw3	
逃	dɑw1	
鼗	dɑw1	
鞀	dɑw1	
鞉	dɑw1	
濤	dɑw1	
掏	dɑw1	
檮	dɑw1	
檮	ɖˠɨw1	
檮	tɑw2	
騊	dɑw1	
萄	dɑw1	
翿	dɑw1	
翿	dɑw3	
䬞	dɑw1	
䬞	ɖˠɨw1	
匋	dɑw1	
啕	dɑw1	
錭	dɑw1	
駣	dɑw1	
駣	ɖˠew2	
駣	dɑw2	
駣	ɖˠew3	新
駣	dɑw3	新
裪	dɑw1	
糟	tsɑw1	
𦵩	tsɑw1	
𦵩	dzʲɨw1	
醩	tsɑw1	
遭	tsɑw1	
㷮	tsɑw1	
槽	tsɑw1	
槽	dzɑw1	
傮	tsɑw1	
𣩒	tsɑw1	
㡟	tsɑw1	
㡟	tsʰɑw1	
敖	ɴɑw1	
遨	ɴɑw1	
翱	ɴɑw1	
驁	ɴɑw1	
驁	ɴɑw3	
熬	ɴɑw1	
嶅	ɴɑw1	
獒	ɴɑw1	
滶	ɴɑw1	
蔜	ɴɑw1	
鷔	ɴɑw1	
鷔	ɴɑw3	
鼇	ɴɑw1	
螯	ɴɑw1	
嗸	ɴɑw1	
嗷	ɴɑw1	
䫨	ɴɑw1	
䫨	ɴɑw3	
𢧴	ɴɑw1	
摮	ɴɑw1	
嫯	ɴɑw1	
嫯	ɴɑw3	
䦋	ɴɑw1	
𣘢	ɴɑw1	
𦪈	ɴɑw1	
𩪋	ɴɑw1	
鰲	ɴɑw1	
曹	dzɑw1	
𣍘	dzɑw1	
螬	dzɑw1	
嘈	dzɑw1	
䄚	dzɑw1	
艚	dzɑw1	
𩫥	dzɑw1	
䐬	dzɑw1	
蓸	dzɑw1	
漕	dzɑw1	
漕	dzɑw3	
褿	dzɑw1	
𤏶	ʔɑw1	
䥝	ʔɑw1	
鏖	ʔɑw1	
猱	nɑw1	
猱	ɳˠɨw3	
𤣜	nɑw1	
巎	nɑw1	
嶩	nɑw1	
峱	nɑw1	
𤫕	nɑw1	
獿	nɑw1	
獿	ɳaw2	
尻	qʰɑw1	
訄	qʰɑw1	
訄	kˠʰɨw1	
訄	ɡˠɨw1	
操	tsʰɑw1	
操	tsʰɑw3	
𢿾	tsʰɑw1	
䫽	pʰɑw1	
㲏	pʰɑw1	
歌	qɑ1	
謌	qɑ1	
柯	qɑ1	
妿	qɑ1	
妿	ʔɑ1	
㤎	qɑ1	
渮	qɑ1	
牁	qɑ1	
戕	qɑ1	
戕	dzʲɑŋ1	
戕	tsɑŋ1	
滒	qɑ1	
哥	qɑ1	
鴚	qɑ1	
蹉	tsʰɑ1	
瑳	tsʰɑ1	
瑳	tsʰɑ2	
搓	tsʰɑ1	
磋	tsʰɑ1	
磋	tsʰɑ3	
溠	tsʰɑ1	
溠	tʂa1	
溠	tʂa3	
傞	tsʰɑ1	
傞	sɑ1	
𪘓	tsʰɑ1	
𪘓	dzɑ1	
多	tɑ1	
𦷛	tɑ1	
娑	sɑ1	
娑	sɑ2	
挱	sɑ1	
挲	sɑ1	
𩊮	sɑ1	
𩊮	ʂa1	
獻	sɑ1	
獻	xˠən3	
䓾	sɑ1	
𠈱	sɑ1	
桫	sɑ1	
䤬	sɑ1	
𥆝	sɑ1	
駝	dɑ1	
駞	dɑ1	
鼉	dɑ1	
𡩆	dɑ1	
紽	dɑ1	
鮀	dɑ1	
陀	dɑ1	
䍫	dɑ1	
沱	dɑ1	
沱	dɑ2	
沱	dɑ3	新
跎	dɑ1	
酡	dɑ1	
㼠	dɑ1	
馱	dɑ1	
馱	dɑ3	
迱	dɑ1	
鼧	dɑ1	
鼧	tʰɑ1	
袉	dɑ1	
袉	dɑ2	
袉	tʰɑ2	
袉	dɑ3	新
𩉺	dɑ1	
䡐	dɑ1	
𧕛	dɑ1	
佗	dɑ1	
佗	tʰɑ1	
醝	dzɑ1	
㽨	dzɑ1	
瘥	dzɑ1	
瘥	tsʲa1	
瘥	tʂʰaj3	
䣜	dzɑ1	
𣩈	dzɑ1	
𣩈	tsʲa1	
鹺	dzɑ1	
𥰭	dzɑ1	
𥰭	tʂa2	
艖	dzɑ1	
艖	tʂʰa1	
蔖	dzɑ1	
蔖	tsʰu2	
䴾	dzɑ1	
䑘	dzɑ1	
䠡	dzɑ1	
躦	dzɑ1	
虘	dzɑ1	
䰈	dzɑ1	
䰈	tsʰɑ2	
莪	ɴɑ1	
哦	ɴɑ1	
娥	ɴɑ1	
䄉	ɴɑ1	
峨	ɴɑ1	
鵝	ɴɑ1	
俄	ɴɑ1	
𩒰	ɴɑ1	
𩒰	ɴɑ2	
蛾	ɴɑ1	
蛾	ŋˠie2	
睋	ɴɑ1	
涐	ɴɑ1	
誐	ɴɑ1	
硪	ɴɑ1	
硪	ɴɑ2	
他	tʰɑ1	
拕	tʰɑ1	
拕	dɑ2	
拕	dɑ3	新
它	tʰɑ1	
羅	lɑ1	
蘿	lɑ1	
籮	lɑ1	
儸	lɑ1	
饠	lɑ1	
𤄷	lɑ1	
欏	lɑ1	
囉	lɑ1	
鑼	lɑ1	
剆	lɑ1	
剆	lɑ2	
那	nɑ1	
那	nɑ2	
那	nɑ3	
㔮	nɑ1	
𤘟	nɑ1	
挪	nɑ1	
儺	nɑ1	
𠹈	nɑ1	
𡖔	nɑ1	
𩴓	nɑ1	
何	ʁɑ1	
何	ʁɑ2	
何	ʁɑ3	新
河	ʁɑ1	
荷	ʁɑ1	
荷	ʁɑ2	
荷	ʁɑ3	新
菏	ʁɑ1	
苛	ʁɑ1	
蚵	ʁɑ1	
蚵	qʰɑ3	
魺	ʁɑ1	
訶	χɑ1	
呵	χɑ1	
呵	χɑ3	
𩑸	χɑ1	
𩑸	χɑ2	
㱒	χɑ1	
抲	χɑ1	
珂	qʰɑ1	
𠳌	qʰɑ1	
𠳌	qʰa3	
䯊	qʰɑ1	
軻	qʰɑ1	
軻	qʰɑ2	
軻	qʰɑ3	
阿	ʔɑ1	
娿	ʔɑ1	
娿	ʔɑ2	
痾	ʔɑ1	
妸	ʔɑ1	
妸	ʔɑ2	
䋪	ʔɑ1	
鈳	ʔɑ1	
戈	qwɑ1	
過	qwɑ1	
過	qwɑ3	
渦	qwɑ1	
渦	ʔwɑ1	
鍋	qwɑ1	
𨍋	qwɑ1	
楇	qwɑ1	
瘑	qwɑ1	
㽿	qwɑ1	
㽿	qʰwɑ1	
𩰫	qwɑ1	
𩰬	qwɑ1	
㗻	qwɑ1	
㗻	ʁwɑ1	
堝	qwɑ1	
𩾷	qwɑ1	
𧒖	qwɑ1	
𧒖	qwɑ3	
遳	tsʰwɑ1	
𨹄	twɑ1	
𨹄	twɑ2	
𣑫	twɑ1	
𣑫	twɑ3	
莎	swɑ1	
魦	swɑ1	
魦	ʂa1	
莏	swɑ1	
𢘿	swɑ1	
趖	swɑ1	
唆	swɑ1	
𧨀	swɑ1	
髿	swɑ1	
髿	ʂa1	
梭	swɑ1	
𣜤	swɑ1	
㛗	swɑ1	
㛗	tsʰwɑ1	
婆	bɑ1	
鄱	bɑ1	
皤	bɑ1	
皤	pɑ1	
𩕏	bɑ1	
蔢	bɑ1	
碆	bɑ1	
碆	pɑ1	
㸰	dwɑ1	
㸰	qʰwɑ1	
碢	dwɑ1	
堶	dwɑ1	
摩	mɑ1	
摩	mɑ3	
𩞁	mɑ1	
𥂓	mɑ1	
𥂓	ma1	
𡡉	mɑ1	
魔	mɑ1	
䯢	mɑ1	
磨	mɑ1	
磨	mɑ3	
劘	mɑ1	
𦟟	mɑ1	
𦣆	mɑ1	
䭩	mɑ1	
矬	dzwɑ1	
痤	dzwɑ1	
銼	dzwɑ1	
銼	tsʰwɑ3	
銼	dzɨwk4	
㭫	dzwɑ1	
睉	dzwɑ1	
訛	ɴwɑ1	
譌	ɴwɑ1	
吪	ɴwɑ1	
鈋	ɴwɑ1	
囮	ɴwɑ1	
囮	jɨw1	
魤	ɴwɑ1	
𠂬	ɴwɑ1	
𠂬	ɴwɑ2	
𧦭	tʰwɑ1	
涶	tʰwɑ1	
涶	tʰwɑ3	
䛢	tʰwɑ1	
䛢	tʰɨwk4	
䜏	tʰwɑ1	
𩼊	lwɑ1	
摞	lwɑ1	
摞	lwɑ3	
騾	lwɑ1	
驘	lwɑ1	
鸁	lwɑ1	
𣜄	lwɑ1	
螺	lwɑ1	
蠃	lwɑ1	
蠃	lwɑ2	
𥢵	lwɑ1	
𥡜	lwɑ1	
𧄿	lwɑ1	
𨰠	lwɑ1	
覼	lwɑ1	
波	pɑ1	
紴	pɑ1	
紴	pˠʰie2	
嶓	pɑ1	
頗	pʰɑ1	
頗	pʰɑ2	
頗	pʰɑ3	
坡	pʰɑ1	
𨸭	pʰɑ1	
玻	pʰɑ1	
和	ʁwɑ1	
和	ʁwɑ3	
咊	ʁwɑ1	
𤖱	ʁwɑ1	
禾	ʁwɑ1	
龢	ʁwɑ1	
鉌	ʁwɑ1	
䒩	ʁwɑ1	
盉	ʁwɑ1	
盉	ʁwɑ3	
科	qʰwɑ1	
科	qʰwɑ3	
窠	qʰwɑ1	
薖	qʰwɑ1	
稞	qʰwɑ1	
稞	ʁwa2	
稞	ʁwa3	新
萪	qʰwɑ1	
蝌	qʰwɑ1	
犐	qʰwɑ1	
課	qʰwɑ1	
課	qʰwɑ3	
簻	qʰwɑ1	
簻	ʈwa1	
䈖	qʰwɑ1	
髁	qʰwɑ1	
髁	qʰwa2	
髁	qʰwɑ3	
𠏀	qʰwɑ1	
濄	ʔwɑ1	
涹	ʔwɑ1	
𡑟	ʔwɑ1	
踒	ʔwɑ1	
𥟿	ʔwɑ1	
𥟿	ʔwɑ2	
鞾	xˠwɑ1	
靴	xˠwɑ1	
𢪎	xˠwɑ1	
㗾	xˠwɑ1	
𦚢	ʔˠwɑ1	
𠏃	ʔˠwɑ1	
𩨷	kˠʰwɑ1	
𩨭	kˠʰwɑ1	
伽	ɡˠɑ1	
茄	ɡˠɑ1	
茄	qa1	
枷	ɡˠɑ1	
枷	qa1	
佉	kˠʰɑ1	
呿	kˠʰɑ1	
呿	kˠʰɨ3	
呿	kˠʰəp4	
㰦	kˠʰɑ1	
㰦	kˠʰɨ3	
𠋧	kˠʰɑ1	
迦	kˠɑ1	
迦	qa1	
脞	tsʰwɑ1	
脞	tsʰwɑ2	
侳	tswɑ1	
侳	tswɑ3	
𩛠	tswɑ1	
瘸	ɡˠwɑ1	
𦣛	lˠwɑ1	
麻	ma1	
犘	ma1	
蟆	ma1	
𪓹	ma1	
𩔶	ma1	
痲	ma1	
㦄	ma1	
硨	tɕʰa1	
奢	ɕa1	
賒	ɕa1	
邪	ja1	
邪	zʲa1	
耶	ja1	
瑘	ja1	
釾	ja1	
鎁	ja1	
椰	ja1	
擨	ja1	
斜	ja1	
斜	zʲa1	
䓉	ja1	
𦰳	ja1	
䔑	ja1	
䔑	zʲa1	
𦭿	ja1	
𥯘	ja1	
遮	tɕa1	
𠌮	tɕa1	
㸙	tɕa1	
嗟	tsʲa1	
𧨁	tsʲa1	
罝	tsʲa1	
謯	tsʲa1	
謯	tʂa2	
𨲠	tsʲa1	
袓	tsʲa1	
袓	dzʲɨ2	
袓	dzʲɨ3	新
㜘	tsʲa1	
怚	tsʲa1	
怚	dzʲɨ2	
怚	tsʲɨ3	
怚	dzʲɨ3	新
䦈	tsʲa1	
華	ʁwa1	
華	χwa1	
華	ʁwa3	
驊	ʁwa1	
鷨	ʁwa1	
𧑍	ʁwa1	
鏵	ʁwa1	
樺	ʁwa1	
樺	ʁwa3	
崋	ʁwa1	
崋	ʁwa3	
划	ʁwa1	
划	qwɑ2	
划	qwɑ3	
瓜	qwa1	
婐	qwa1	
婐	ʔwɑ2	
㧓	qwa1	
花	χwa1	
譁	χwa1	
𧪮	χwa1	
誇	qʰwa1	
䠸	qʰwa1	
夸	qʰwa1	
姱	qʰwa1	
跨	qʰwa1	
跨	qʰwa2	
跨	qʰu3	
跨	qʰwa3	
胯	qʰwa1	
胯	qʰu3	
胯	qʰwa3	
𠇗	qʰwa1	
䯞	qʰwa1	
拏	ɳa1	
詉	ɳa1	
摣	ɳa1	
𧘽	ɳa1	
𧦮	ɳa1	
𤓷	ɳa1	
嘉	qa1	
家	qa1	
加	qa1	
葭	qa1	
笳	qa1	
麚	qa1	
䴥	qa1	
豭	qa1	
猳	qa1	
痂	qa1	
鴐	qa1	
袈	qa1	
𣮫	qa1	
跏	qa1	
𨔣	qa1	
𤠙	qa1	
𧉪	qa1	
珈	qa1	
瘕	qa1	
瘕	qa2	
瘕	qa3	
犌	qa1	
幏	qa1	
幏	qa3	
貑	qa1	
蟼	qa1	
蟼	kˠaŋ1	
蟼	kˠaŋ2	
遐	ʁa1	
蝦	ʁa1	
鍜	ʁa1	
霞	ʁa1	
瑕	ʁa1	
騢	ʁa1	
鰕	ʁa1	
䠍	ʁa1	
䫗	ʁa1	
赮	ʁa1	
蕸	ʁa1	
葩	pʰa1	
鈀	pʰa1	
鈀	pa1	
妑	pʰa1	
蚆	pʰa1	
蚆	pa1	
吧	pʰa1	
吧	pa1	
舥	pʰa1	
𧣃	pʰa1	
鴉	ʔa1	
鵶	ʔa1	
錏	ʔa1	
㝞	ʔa1	
椏	ʔa1	
椏	ʔɑ2	
丫	ʔa1	
䃁	ʔa1	
𠜲	ʔa1	
巴	pa1	
笆	pa1	
笆	ba2	
笆	ba3	新
豝	pa1	
芭	pa1	
㿬	pa1	
杈	tʂʰa1	
杈	tʂʰaj3	
杈	tʂʰa3	新
鎈	tʂʰa1	
䑡	tʂʰa1	
鯊	ʂa1	
沙	ʂa1	
沙	ʂa3	
砂	ʂa1	
裟	ʂa1	
㲚	ʂa1	
桬	ʂa1	
紗	ʂa1	
硰	ʂa1	
硰	tsʰɑ2	
牙	ɴa1	
芽	ɴa1	
齖	ɴa1	
齖	ɴa3	
呀	ɴa1	
呀	χa1	
枒	ɴa1	
枒	ɴa3	
樝	tʂa1	
柤	tʂa1	
𦳏	tʂa1	
㪥	tʂa1	
皻	tʂa1	
抯	tʂa1	
抯	zʲa2	
抯	tsʲa2	
抯	zʲa3	新
渣	tʂa1	
𤹡	tʂa1	
𥡧	tʂa1	
浾	tʂa1	
𡨀	ɖa1	
䠧	ɖa1	
茶	ɖa1	
秅	ɖa1	
秅	tu3	
𡝐	ɖa1	
𤶠	ɖa1	
𤶠	ʈa1	
𦛝	ɖa1	
𥥸	ɖa1	
𨼑	ɖa1	
䅊	ɖa1	
䅊	ʈa1	
䅊	ɖa3	
衺	zʲa1	
𥍸	dʑa1	
窊	ʔwa1	
窊	ʔwa3	
畖	ʔwa1	
窪	ʔwa1	
髽	tʂwa1	
檛	ʈwa1	
𥬲	ʈwa1	
𥬲	dwɑ2	
𥬲	dwɑ3	新
膼	ʈwa1	
爬	ba1	
杷	ba1	
杷	baj3	
杷	ba3	
琶	ba1	
楂	dʐa1	
槎	dʐa1	
槎	dʐa2	
槎	dʐa3	新
㢒	dʐa1	
侘	ʈʰa1	
侘	ʈʰa3	
哆	ʈʰa1	
哆	tɕʰie2	
哆	tɑ2	
哆	tɕʰa2	
哆	tɕʰi3	
哆	tɑ3	
哆	ʈa3	
𤵾	ʈʰa1	
㗬	ʈʰa1	
奓	ʈa1	
奓	ʈa3	
𧬅	ʈa1	
觰	ʈa1	
觰	ʈa2	
咤	ʈa1	
咤	ʈa3	
𪗭	ʈa1	
䐒	ʈa1	
䐒	ʈa3	
煆	χa1	
煆	χa3	
谺	χa1	
疨	χa1	
岈	χa1	
颬	χa1	
䶗	qʰa1	
㤉	qʰa1	
𡤫	qʰa1	
㚗	dzʲa1	
若	ɲa1	
若	ɲa2	
若	ɲɑk4	
些	sʲa1	
些	sej3	
些	sɑ3	
爹	ta1	
爹	dɑ2	
爹	dɑ3	新
𣢉	ɴwa1	
𩨾	ɴwa1	
𣘟	qʰa1	
陽	jɑŋ1	
暘	jɑŋ1	
楊	jɑŋ1	
揚	jɑŋ1	
颺	jɑŋ1	
颺	jɑŋ3	
昜	jɑŋ1	
羊	jɑŋ1	
样	jɑŋ1	
样	tsɑŋ1	
眻	jɑŋ1	
眻	jɑŋ3	
佯	jɑŋ1	
佯	dzʲɑŋ1	
詳	jɑŋ1	
詳	zʲɑŋ1	
徉	jɑŋ1	
洋	jɑŋ1	
洋	zʲɑŋ1	
烊	jɑŋ1	
煬	jɑŋ1	
煬	jɑŋ3	
鍚	jɑŋ1	
𩋬	jɑŋ1	
輰	jɑŋ1	
敭	jɑŋ1	
瘍	jɑŋ1	
鴹	jɑŋ1	
鰑	jɑŋ1	
鸉	jɑŋ1	
蛘	jɑŋ1	
禓	jɑŋ1	
禓	ɕɑŋ1	
崵	jɑŋ1	
崵	dɑŋ2	
崵	dɑŋ3	新
諹	jɑŋ1	
諹	jɑŋ3	
瑒	jɑŋ1	
瑒	ɖaŋ2	
瑒	ɖaŋ3	新
𥂸	jɑŋ1	
𦭵	jɑŋ1	
𦍹	jɑŋ1	
翔	zʲɑŋ1	
庠	zʲɑŋ1	
祥	zʲɑŋ1	
𨀘	zʲɑŋ1	
𦍙	zʲɑŋ1	
痒	zʲɑŋ1	
痒	jɑŋ2	
良	lˠɑŋ1	
梁	lˠɑŋ1	
粱	lˠɑŋ1	
粮	lˠɑŋ1	
糧	lˠɑŋ1	
涼	lˠɑŋ1	
涼	lˠɑŋ3	
凉	lˠɑŋ1	
𩗬	lˠɑŋ1	
𩗬	lˠɑŋ3	
量	lˠɑŋ1	
量	lˠɑŋ3	
蜋	lˠɑŋ1	
蜋	lɑŋ1	
踉	lˠɑŋ1	
踉	lɑŋ1	
踉	lˠɑŋ3	
椋	lˠɑŋ1	
䝶	lˠɑŋ1	
綡	lˠɑŋ1	
𣄴	lˠɑŋ1	
𣄴	lˠɑŋ3	
㹁	lˠɑŋ1	
㹁	lˠɑŋ3	
䣼	lˠɑŋ1	
輬	lˠɑŋ1	
香	xˠɑŋ1	
皀	xˠɑŋ1	
皀	pˠɨk4	
皀	kˠip4	
皀	pˠip4	
薌	xˠɑŋ1	
鄉	xˠɑŋ1	
膷	xˠɑŋ1	
商	ɕɑŋ1	
𧶜	ɕɑŋ1	
傷	ɕɑŋ1	
傷	ɕɑŋ3	
𥏻	ɕɑŋ1	
𥏻	tsʲʰɑŋ1	
殤	ɕɑŋ1	
慯	ɕɑŋ1	
慯	ɕɑŋ3	
觴	ɕɑŋ1	
湯	ɕɑŋ1	
湯	tʰɑŋ1	
湯	tʰɑŋ3	
蔏	ɕɑŋ1	
𪄲	ɕɑŋ1	
螪	ɕɑŋ1	
㲽	ɕɑŋ1	
㲽	nen3	
䵮	ɕɑŋ1	
饟	ɕɑŋ1	
饟	ɕɑŋ2	
饟	ɕɑŋ3	
䵼	ɕɑŋ1	
塲	ɕɑŋ1	
𤳈	ɕɑŋ1	
房	vɑŋ1	
房	bɑŋ1	
防	vɑŋ1	
防	vɑŋ3	
坊	vɑŋ1	
坊	fɑŋ1	
魴	vɑŋ1	
方	vɑŋ1	
方	fɑŋ1	
肪	vɑŋ1	
肪	fɑŋ1	
鴋	vɑŋ1	
鴋	fɑŋ1	
鴋	fʰɑŋ2	
章	tɕɑŋ1	
漳	tɕɑŋ1	
樟	tɕɑŋ1	
慞	tɕɑŋ1	
璋	tɕɑŋ1	
彰	tɕɑŋ1	
墇	tɕɑŋ1	
墇	tɕɑŋ3	
障	tɕɑŋ1	
障	tɕɑŋ3	
麞	tɕɑŋ1	
獐	tɕɑŋ1	
鄣	tɕɑŋ1	
蔁	tɕɑŋ1	
𪅂	tɕɑŋ1	
𩌬	tɕɑŋ1	
暲	tɕɑŋ1	
昌	tɕʰɑŋ1	
裮	tɕʰɑŋ1	
倡	tɕʰɑŋ1	
倡	tɕʰɑŋ3	
猖	tɕʰɑŋ1	
閶	tɕʰɑŋ1	
琩	tɕʰɑŋ1	
鯧	tɕʰɑŋ1	
菖	tɕʰɑŋ1	
羌	kˠʰɑŋ1	
猐	kˠʰɑŋ1	
𡸓	kˠʰɑŋ1	
蜣	kˠʰɑŋ1	
薑	kˠɑŋ1	
𧅁	kˠɑŋ1	
畺	kˠɑŋ1	
疆	kˠɑŋ1	
壃	kˠɑŋ1	
畕	kˠɑŋ1	
㹔	kˠɑŋ1	
繮	kˠɑŋ1	
韁	kˠɑŋ1	
殭	kˠɑŋ1	
殭	kˠɑŋ3	
礓	kˠɑŋ1	
橿	kˠɑŋ1	
姜	kˠɑŋ1	
䗵	kˠɑŋ1	
僵	kˠɑŋ1	
長	ɖˠɑŋ1	
長	ʈˠɑŋ2	
長	ɖˠɑŋ3	
萇	ɖˠɑŋ1	
腸	ɖˠɑŋ1	
場	ɖˠɑŋ1	
䠆	ɖˠɑŋ1	
㙊	ɖˠɑŋ1	
䗅	ɖˠɑŋ1	
瓺	ɖˠɑŋ1	
瓺	ɖˠɑŋ3	
張	ʈˠɑŋ1	
張	ʈˠɑŋ3	
餦	ʈˠɑŋ1	
粻	ʈˠɑŋ1	
漲	ʈˠɑŋ1	
漲	ʈˠɑŋ3	
穰	ɲɑŋ1	
穰	ɲɑŋ2	
禳	ɲɑŋ1	
攘	ɲɑŋ1	
攘	ɲɑŋ2	
攘	ɲɑŋ3	
𣀮	ɲɑŋ1	
鑲	ɲɑŋ1	
鑲	sʲɑŋ1	
鑲	ɳˠɑŋ1	
𨟚	ɲɑŋ1	
躟	ɲɑŋ1	
躟	ɲɑŋ2	
瀼	ɲɑŋ1	
𩆶	ɲɑŋ1	
獽	ɲɑŋ1	
儴	ɲɑŋ1	
蘘	ɲɑŋ1	
䉴	ɲɑŋ1	
鬤	ɲɑŋ1	
鬤	ɳaŋ1	
勷	ɲɑŋ1	
瓤	ɲɑŋ1	
瓤	ɳˠɑŋ1	
孃	ɲɑŋ1	
孃	ɳˠɑŋ1	
汸	fɑŋ1	
蚄	fɑŋ1	
邡	fɑŋ1	
邡	fʰɑŋ3	
枋	fɑŋ1	
鈁	fɑŋ1	
牥	fɑŋ1	
趽	fɑŋ1	
趽	bɑŋ1	
趽	fɑŋ3	
䄱	fɑŋ1	
匚	fɑŋ1	
襄	sʲɑŋ1	
廂	sʲɑŋ1	
湘	sʲɑŋ1	
相	sʲɑŋ1	
相	sʲɑŋ3	
緗	sʲɑŋ1	
纕	sʲɑŋ1	
忀	sʲɑŋ1	
驤	sʲɑŋ1	
瓖	sʲɑŋ1	
欀	sʲɑŋ1	
欀	ɲɑŋ3	
箱	sʲɑŋ1	
葙	sʲɑŋ1	
將	tsʲɑŋ1	
將	tsʲɑŋ3	
漿	tsʲɑŋ1	
鱂	tsʲɑŋ1	
蔣	tsʲɑŋ1	
蔣	tsʲɑŋ2	
螿	tsʲɑŋ1	
𢪇	tsʲɑŋ1	
創	tʂʰɑŋ1	
創	tʂʰɑŋ3	
瘡	tʂʰɑŋ1	
𠛂	tʂʰɑŋ1	
亡	ɱɑŋ1	
芒	ɱɑŋ1	
芒	mɑŋ1	
莣	ɱɑŋ1	
鋩	ɱɑŋ1	
硭	ɱɑŋ1	
杗	ɱɑŋ1	
杗	mɑŋ1	
朚	ɱɑŋ1	
朚	mɑŋ1	
朚	maŋ3	
邙	ɱɑŋ1	
邙	mɑŋ1	
𨛌	ɱɑŋ1	
𨛌	mɑŋ1	
望	ɱɑŋ1	
望	ɱɑŋ3	
朢	ɱɑŋ1	
朢	ɱɑŋ3	
娘	ɳˠɑŋ1	
牀	dʐɑŋ1	
床	dʐɑŋ1	
疒	dʐɑŋ1	
疒	ɳak4	
莊	tʂɑŋ1	
㽵	tʂɑŋ1	
妝	tʂɑŋ1	
裝	tʂɑŋ1	
裝	tʂɑŋ3	
䊋	tʂɑŋ1	
常	dʑɑŋ1	
尚	dʑɑŋ1	
尚	dʑɑŋ3	
裳	dʑɑŋ1	
甞	dʑɑŋ1	
嘗	dʑɑŋ1	
鋿	dʑɑŋ1	
𩼝	dʑɑŋ1	
償	dʑɑŋ1	
償	dʑɑŋ3	
𪄹	dʑɑŋ1	
徜	dʑɑŋ1	
霜	ʂɑŋ1	
鸘	ʂɑŋ1	
鷞	ʂɑŋ1	
鷞	ʂɑŋ2	
孀	ʂɑŋ1	
驦	ʂɑŋ1	
騻	ʂɑŋ1	
蠰	ʂɑŋ1	
蠰	nɑŋ1	
蠰	ɲɑŋ2	
蠰	ɕɑŋ3	
牆	dzʲɑŋ1	
廧	dzʲɑŋ1	
墻	dzʲɑŋ1	
嬙	dzʲɑŋ1	
嬙	ʂɨk4	
檣	dzʲɑŋ1	
薔	dzʲɑŋ1	
薔	ʂɨk4	
蘠	dzʲɑŋ1	
𤞛	dzʲɑŋ1	
鏘	tsʲʰɑŋ1	
瑲	tsʲʰɑŋ1	
槍	tsʲʰɑŋ1	
槍	tʂʰaŋ1	
蹌	tsʲʰɑŋ1	
蹡	tsʲʰɑŋ1	
蹡	tsʲʰɑŋ3	
𨄚	tsʲʰɑŋ1	
斨	tsʲʰɑŋ1	
牄	tsʲʰɑŋ1	
嶈	tsʲʰɑŋ1	
𨶆	tsʲʰɑŋ1	
搶	tsʲʰɑŋ1	
搶	tʂʰɑŋ2	
搶	tsʲʰɑŋ2	
匡	kˠʰwɑŋ1	
邼	kˠʰwɑŋ1	
筐	kˠʰwɑŋ1	
䖱	kˠʰwɑŋ1	
框	kˠʰwɑŋ1	
恇	kˠʰwɑŋ1	
劻	kˠʰwɑŋ1	
𩬹	kˠʰwɑŋ1	
洭	kˠʰwɑŋ1	
軭	kˠʰwɑŋ1	
軭	ɡˠwɑŋ1	
眶	kˠʰwɑŋ1	
䒰	kˠʰwɑŋ1	
𩢼	kˠʰwɑŋ1	
王	ɰwɑŋ1	
王	ɰwɑŋ3	
蚟	ɰwɑŋ1	
𩵭	ɰwɑŋ1	
彺	ɰwɑŋ1	
央	ʔˠɑŋ1	
鴦	ʔˠɑŋ1	
鴦	ʔɑŋ1	
殃	ʔˠɑŋ1	
䄃	ʔˠɑŋ1	
鉠	ʔˠɑŋ1	
鉠	ʔˠaŋ1	
秧	ʔˠɑŋ1	
秧	ʔˠɑŋ2	
霙	ʔˠɑŋ1	
霙	ʔˠaŋ1	
泱	ʔˠɑŋ1	
泱	ʔɑŋ2	
強	ɡˠɑŋ1	
彊	ɡˠɑŋ1	
彊	ɡˠɑŋ2	
彊	ɡˠɑŋ3	新
䲔	ɡˠɑŋ1	
䲔	ɡˠaŋ1	
勥	ɡˠɑŋ1	
勥	ɡˠɑŋ2	
勥	ɡˠɑŋ3	新
𦳝	ʈˠʰɑŋ1	
𦳝	tʰɑŋ1	
倀	ʈˠʰɑŋ1	
倀	ʈaŋ3	
鼚	ʈˠʰɑŋ1	
芳	fʰɑŋ1	
妨	fʰɑŋ1	
妨	fʰɑŋ3	
淓	fʰɑŋ1	
狂	ɡˠwɑŋ1	
狂	ɡˠwɑŋ3	
軖	ɡˠwɑŋ1	
鵟	ɡˠwɑŋ1	
㞷	ɡˠwɑŋ1	
唐	dɑŋ1	
啺	dɑŋ1	
𥏬	dɑŋ1	
煻	dɑŋ1	
糖	dɑŋ1	
糛	dɑŋ1	
堂	dɑŋ1	
坣	dɑŋ1	
𪕹	dɑŋ1	
棠	dɑŋ1	
搪	dɑŋ1	
蓎	dɑŋ1	
瑭	dɑŋ1	
餹	dɑŋ1	
篖	dɑŋ1	
螗	dɑŋ1	
𤚫	dɑŋ1	
𤛋	dɑŋ1	
螳	dɑŋ1	
塘	dɑŋ1	
碭	dɑŋ1	
碭	dɑŋ3	
鶶	dɑŋ1	
𩹶	dɑŋ1	
踼	dɑŋ1	
踼	tʰɑŋ1	
踼	dɑŋ3	
闛	dɑŋ1	
闛	tʰɑŋ1	
赯	dɑŋ1	
磄	dɑŋ1	
溏	dɑŋ1	
䣘	dɑŋ1	
傏	dɑŋ1	
隚	dɑŋ1	
䧜	dɑŋ1	
𨶈	dɑŋ1	
鎕	dɑŋ1	
䉎	dɑŋ1	
𨍴	dɑŋ1	
橖	dɑŋ1	
榶	dɑŋ1	
㲥	dɑŋ1	
㼺	dɑŋ1	
郎	lɑŋ1	
蓈	lɑŋ1	
稂	lɑŋ1	
桹	lɑŋ1	
廊	lɑŋ1	
榔	lɑŋ1	
榔	lɑŋ2	
鋃	lɑŋ1	
硠	lɑŋ1	
𪁜	lɑŋ1	
浪	lɑŋ1	
浪	lɑŋ3	
䯖	lɑŋ1	
𩷕	lɑŋ1	
琅	lɑŋ1	
瑯	lɑŋ1	
㝗	lɑŋ1	
㝗	lɑŋ2	
狼	lɑŋ1	
欴	lɑŋ1	
𦵧	lɑŋ1	
莨	lɑŋ1	
㟍	lɑŋ1	
䡙	lɑŋ1	
艆	lɑŋ1	
駺	lɑŋ1	
躴	lɑŋ1	
筤	lɑŋ1	
𥍫	lɑŋ1	
閬	lɑŋ1	
閬	lɑŋ3	
哴	lɑŋ1	
哴	lˠɑŋ3	
當	tɑŋ1	
當	tɑŋ3	
鐺	tɑŋ1	
鐺	tʂʰaŋ1	
簹	tɑŋ1	
襠	tɑŋ1	
璫	tɑŋ1	
𨎴	tɑŋ1	
檔	tɑŋ1	
儅	tɑŋ1	
儅	tɑŋ3	
𦡁	tɑŋ1	
㼕	tɑŋ1	
蟷	tɑŋ1	
倉	tsʰɑŋ1	
蒼	tsʰɑŋ1	
蒼	tsʰɑŋ2	
鶬	tsʰɑŋ1	
𩀞	tsʰɑŋ1	
滄	tsʰɑŋ1	
凔	tsʰɑŋ1	
凔	tʂʰɑŋ3	
𠥐	tsʰɑŋ1	
岡	qɑŋ1	
崗	qɑŋ1	
剛	qɑŋ1	
㓻	qɑŋ1	
掆	qɑŋ1	
掆	qɑŋ3	
笐	qɑŋ1	
笐	ʁɑŋ3	
鋼	qɑŋ1	
鋼	qɑŋ3	
綱	qɑŋ1	
亢	qɑŋ1	
亢	qʰɑŋ3	
犅	qɑŋ1	
堈	qɑŋ1	
𤭛	qɑŋ1	
牨	qɑŋ1	
苀	qɑŋ1	
苀	ʁɑŋ1	
魧	qɑŋ1	
魧	ʁɑŋ1	
迒	qɑŋ1	
迒	ʁɑŋ1	
桑	sɑŋ1	
桒	sɑŋ1	
𠸶	sɑŋ1	
𠸶	sɑŋ3	
喪	sɑŋ1	
喪	sɑŋ3	
𦅇	sɑŋ1	
𩦌	sɑŋ1	
康	qʰɑŋ1	
穅	qʰɑŋ1	
糠	qʰɑŋ1	
㱂	qʰɑŋ1	
㝩	qʰɑŋ1	
㝩	qʰɑŋ2	
槺	qʰɑŋ1	
𨻷	qʰɑŋ1	
䗧	qʰɑŋ1	
𥉽	qʰɑŋ1	
邟	qʰɑŋ1	
邟	ʁɑŋ1	
邟	qʰɑŋ3	
漮	qʰɑŋ1	
𤮊	qʰɑŋ1	
躿	qʰɑŋ1	
荒	χwɑŋ1	
荒	χwɑŋ3	
𥡃	χwɑŋ1	
肓	χwɑŋ1	
衁	χwɑŋ1	
𩣐	χwɑŋ1	
鄺	χwɑŋ1	
鄺	qwɑŋ2	
𥿼	χwɑŋ1	
㠵	χwɑŋ1	
𧧢	χwɑŋ1	
𧧢	xˠwɑŋ2	
𧧢	χwɑŋ2	
䀮	χwɑŋ1	
䀮	mɑŋ1	
𣆖	χwɑŋ1	
𣆖	χwɑŋ2	
㡆	χwɑŋ1	
巟	χwɑŋ1	
𣺬	χwɑŋ1	
黃	ʁwɑŋ1	
皇	ʁwɑŋ1	
璜	ʁwɑŋ1	
惶	ʁwɑŋ1	
遑	ʁwɑŋ1	
潢	ʁwɑŋ1	
潢	ʁwɑŋ3	
堭	ʁwɑŋ1	
煌	ʁwɑŋ1	
餭	ʁwɑŋ1	
騜	ʁwɑŋ1	
艎	ʁwɑŋ1	
簧	ʁwɑŋ1	
隍	ʁwɑŋ1	
癀	ʁwɑŋ1	
𨝴	ʁwɑŋ1	
湟	ʁwɑŋ1	
徨	ʁwɑŋ1	
篁	ʁwɑŋ1	
鱑	ʁwɑŋ1	
蝗	ʁwɑŋ1	
蝗	ʁwaŋ1	
蝗	ʁwaŋ3	
凰	ʁwɑŋ1	
偟	ʁwɑŋ1	
媓	ʁwɑŋ1	
獚	ʁwɑŋ1	
蟥	ʁwɑŋ1	
韹	ʁwɑŋ1	
韹	ʁwaŋ1	
𨜔	ʁwɑŋ1	
䍿	ʁwɑŋ1	
䅣	ʁwɑŋ1	
𤯷	ʁwɑŋ1	
葟	ʁwɑŋ1	
趪	ʁwɑŋ1	
光	qwɑŋ1	
光	qwɑŋ3	
灮	qwɑŋ1	
洸	qwɑŋ1	
洸	ʔwɑŋ1	
桄	qwɑŋ1	
桄	qwɑŋ3	
胱	qwɑŋ1	
垙	qwɑŋ1	
𨎩	qwɑŋ1	
輄	qwɑŋ1	
橫	qwɑŋ1	
橫	ʁwaŋ1	
橫	ʁwaŋ3	
𩧉	qwɑŋ1	
恍	qwɑŋ1	
茪	qwɑŋ1	
僙	qwɑŋ1	
侊	qwɑŋ1	
侊	qwaŋ1	
簜	tʰɑŋ1	
簜	dɑŋ2	
簜	dɑŋ3	新
鏜	tʰɑŋ1	
𧼮	tʰɑŋ1	
盪	tʰɑŋ1	
盪	dɑŋ2	
盪	tʰɑŋ3	
盪	dɑŋ3	新
蝪	tʰɑŋ1	
鼞	tʰɑŋ1	
薚	tʰɑŋ1	
滂	pʰɑŋ1	
鎊	pʰɑŋ1	
霶	pʰɑŋ1	
雱	pʰɑŋ1	
䨦	pʰɑŋ1	
磅	pʰɑŋ1	
磅	pʰaŋ1	
𣂆	pʰɑŋ1	
𣂆	baŋ1	
汪	ʔwɑŋ1	
汪	ʔˠwɑŋ2	
汪	ʔwɑŋ3	
尢	ʔwɑŋ1	
尪	ʔwɑŋ1	
𪁘	ʔwɑŋ1	
佒	ʔɑŋ1	
咉	ʔɑŋ1	
咉	ʔɑŋ2	
𧲱	ʔɑŋ1	
㹧	ʔɑŋ1	
眏	ʔɑŋ1	
姎	ʔɑŋ1	
姎	ʔɑŋ2	
炕	χɑŋ1	
炕	qʰɑŋ3	
㰠	χɑŋ1	
䐠	χɑŋ1	
忼	χɑŋ1	
忼	qʰɑŋ2	
航	ʁɑŋ1	
筕	ʁɑŋ1	
筕	ʁaŋ1	
桁	ʁɑŋ1	
桁	ʁaŋ1	
行	ʁɑŋ1	
行	ʁaŋ1	
行	ʁɑŋ3	
行	ʁaŋ3	
𨁈	ʁɑŋ1	
頏	ʁɑŋ1	
頏	qʰɑŋ3	
𦐄	ʁɑŋ1	
胻	ʁɑŋ1	
胻	ʁaŋ1	
胻	ʁaŋ3	
杭	ʁɑŋ1	
沆	ʁɑŋ1	
沆	ʁɑŋ2	
沆	ʁɑŋ3	新
蚢	ʁɑŋ1	
蚢	ʁɑŋ2	
蚢	qʰɑŋ3	
蚢	ʁɑŋ3	新
肮	ʁɑŋ1	
抗	ʁɑŋ1	
抗	qʰɑŋ3	
吭	ʁɑŋ1	
吭	ʁɑŋ2	
吭	ʁɑŋ3	
茫	mɑŋ1	
吂	mɑŋ1	
吂	mɑŋ3	
汒	mɑŋ1	
汒	ɱɑŋ3	
恾	mɑŋ1	
忙	mɑŋ1	
𥐞	mɑŋ1	
蘉	mɑŋ1	
𡩩	mɑŋ1	
臧	tsɑŋ1	
匨	tsɑŋ1	
牂	tsɑŋ1	
贓	tsɑŋ1	
囊	nɑŋ1	
傍	bɑŋ1	
傍	bɑŋ3	
彷	bɑŋ1	
彷	fʰɑŋ2	
膀	bɑŋ1	
髈	bɑŋ1	
髈	pʰɑŋ2	
䠙	bɑŋ1	
旁	bɑŋ1	
篣	bɑŋ1	
篣	baŋ1	
𨜷	bɑŋ1	
螃	bɑŋ1	
螃	pɑŋ2	
螃	pɑŋ3	
䅭	bɑŋ1	
騯	bɑŋ1	
騯	paŋ1	
騯	baŋ1	
卬	ɴɑŋ1	
卬	ŋˠɑŋ2	
䭹	ɴɑŋ1	
䭹	ɴɑŋ2	
䭹	ɴɑŋ3	
枊	ɴɑŋ1	
枊	ɴɑŋ3	
昂	ɴɑŋ1	
䒢	ɴɑŋ1	
䒢	ŋˠɑŋ2	
㭿	ɴɑŋ1	
䩕	ɴɑŋ1	
藏	dzɑŋ1	
藏	dzɑŋ3	
䯑	qʰwɑŋ1	
幫	pɑŋ1	
縍	pɑŋ1	
㨍	pɑŋ1	
𨢐	pɑŋ1	
鞤	pɑŋ1	
庚	qaŋ1	
鶊	qaŋ1	
更	qaŋ1	
更	qaŋ3	
䢚	qaŋ1	
秔	qaŋ1	
稉	qaŋ1	
粳	qaŋ1	
賡	qaŋ1	
羹	qaŋ1	
𩱧	qaŋ1	
埂	qaŋ1	
埂	qaŋ2	
浭	qaŋ1	
阬	qʰaŋ1	
阬	qʰɑŋ3	
坑	qʰaŋ1	
硎	qʰaŋ1	
硎	ʁeŋ1	
𥉸	qʰaŋ1	
砊	qʰaŋ1	
砊	qʰɑŋ3	
劥	qʰaŋ1	
盲	maŋ1	
蝱	maŋ1	
鄳	maŋ1	
鄳	maŋ2	
𥋝	maŋ1	
𥋝	maŋ2	
莔	maŋ1	
莔	xˠɨt4	
𨞚	maŋ1	
䥰	maŋ1	
𥭮	maŋ1	
黌	ʁwaŋ1	
鐄	ʁwaŋ1	
瑝	ʁwaŋ1	
喤	ʁwaŋ1	
喤	χwaŋ1	
鍠	ʁwaŋ1	
䬝	ʁwaŋ1	
㶇	ʁwaŋ1	
㶇	ʁwaŋ3	
䄓	ʁwaŋ1	
𧝒	ʁwaŋ1	
𤮏	ʁwaŋ1	
𪏓	ʁwaŋ1	
𢘌	ʁwaŋ1	
彋	ʁwaŋ1	
閍	paŋ1	
祊	paŋ1	
𥛱	paŋ1	
嗙	paŋ1	
㔙	paŋ1	
諻	χwaŋ1	
䎕	χwaŋ1	
謍	χwaŋ1	
謍	ʔwaŋ1	
謍	jwaŋ1	
嚝	χwaŋ1	
觵	qwaŋ1	
觥	qwaŋ1	
𩃙	qwaŋ1	
䍔	qwaŋ1	
𣘯	qwaŋ1	
彭	baŋ1	
澎	baŋ1	
澎	pʰaŋ1	
膨	baŋ1	
膨	baŋ3	
蟚	baŋ1	
䰃	baŋ1	
䰃	pɑŋ2	
棚	baŋ1	
棚	bɨŋ1	
榜	baŋ1	
榜	pɑŋ2	
榜	paŋ3	
䄘	baŋ1	
搒	baŋ1	
搒	pɑŋ3	
蒡	baŋ1	
蒡	pɑŋ2	
𩡕	baŋ1	
憉	baŋ1	
輣	baŋ1	
𨍩	baŋ1	
脝	χaŋ1	
悙	χaŋ1	
亨	χaŋ1	
亨	pʰaŋ1	
亨	xˠɑŋ2	
瞠	ʈʰaŋ1	
橕	ʈʰaŋ1	
樘	ʈʰaŋ1	
䟓	ʈʰaŋ1	
䟓	ʈaŋ1	
䟓	ʈˠʰaŋ1	
竀	ʈʰaŋ1	
竀	ʈˠʰaŋ1	
鎗	tʂʰaŋ1	
琤	tʂʰaŋ1	
傖	dʐaŋ1	
䚘	dʐaŋ1	
𩫿	dʐaŋ1	
鬇	dʐaŋ1	
崢	dʐaŋ1	
韺	ʔˠaŋ1	
渶	ʔˠaŋ1	
鶧	ʔˠaŋ1	
英	ʔˠaŋ1	
瑛	ʔˠaŋ1	
㿮	ʔˠaŋ1	
㿮	ʔˠɑŋ3	
媖	ʔˠaŋ1	
楧	ʔˠaŋ1	
恲	pʰaŋ1	
評	bˠaŋ1	
評	bˠaŋ3	
苹	bˠaŋ1	
枰	bˠaŋ1	
枰	bˠaŋ3	
泙	bˠaŋ1	
坪	bˠaŋ1	
坪	bˠaŋ3	
胓	bˠaŋ1	
蚲	bˠaŋ1	
驚	kˠaŋ1	
京	kˠaŋ1	
荊	kˠaŋ1	
麠	kˠaŋ1	
麖	kˠaŋ1	
鶁	kˠaŋ1	
明	mˠaŋ1	
盟	mˠaŋ1	
盟	maŋ3	
𥁰	mˠaŋ1	
𥁰	mˠaŋ2	
䳟	mˠaŋ1	
鳴	mˠaŋ1	
棖	ɖaŋ1	
盯	ɖaŋ1	
盯	ʈaŋ2	
澄	ɖaŋ1	
澄	ɖˠɨŋ1	
掁	ɖaŋ1	
𣥺	ɖaŋ1	
挰	ɖaŋ1	
憕	ɖaŋ1	
憕	ɖˠɨŋ1	
趟	ʈaŋ1	
趟	ʈaŋ3	
𩘽	ʈaŋ1	
榮	ɰwaŋ1	
禜	ɰwaŋ1	
禜	ɰwaŋ3	
蠑	ɰwaŋ1	
瑩	ɰwaŋ1	
瑩	ʔweŋ3	
揘	ɰwaŋ1	
嶸	ɰwaŋ1	
嶸	ʁwaŋ1	
兵	pˠaŋ1	
兄	xˠwaŋ1	
卿	kˠʰaŋ1	
生	ʂaŋ1	
生	ʂaŋ3	
笙	ʂaŋ1	
牲	ʂaŋ1	
猩	ʂaŋ1	
猩	seŋ1	
狌	ʂaŋ1	
鉎	ʂaŋ1	
鉎	seŋ1	
甥	ʂaŋ1	
䴤	ʂaŋ1	
鼪	ʂaŋ1	
鼪	ʂaŋ3	
珄	ʂaŋ1	
擎	ɡˠaŋ1	
勍	ɡˠaŋ1	
黥	ɡˠaŋ1	
䵞	ɡˠaŋ1	
剠	ɡˠaŋ1	
鯨	ɡˠaŋ1	
檠	ɡˠaŋ1	
檠	kˠaŋ2	
檠	ɡˠaŋ3	
樈	ɡˠaŋ1	
葝	ɡˠaŋ1	
葝	ɡʲaŋ1	
䫆	ɡˠaŋ1	
䫆	dʑaŋ1	
迎	ŋˠaŋ1	
迎	ŋˠaŋ3	
衡	ʁaŋ1	
䯒	ʁaŋ1	
洐	ʁaŋ1	
珩	ʁaŋ1	
蘅	ʁaŋ1	
𦣍	ʁaŋ1	
㲰	ɳaŋ1	
𤕦	ɳaŋ1	
獰	ɳaŋ1	
𥣗	ɳaŋ1	
𧂘	ɳaŋ1	
耕	qaŋ1	
鏗	qʰaŋ1	
銵	qʰaŋ1	
䡰	qʰaŋ1	
誙	qʰaŋ1	
牼	qʰaŋ1	
牼	ʁaŋ1	
𡷨	qʰaŋ1	
硻	qʰaŋ1	
殸	qʰaŋ1	
殸	qʰeŋ3	
㧶	qʰaŋ1	
䡩	qʰaŋ1	
硜	qʰaŋ1	
摼	qʰaŋ1	
㰢	qʰaŋ1	
甍	maŋ1	
𣞑	maŋ1	
䉚	maŋ1	
萌	maŋ1	
氓	maŋ1	
甿	maŋ1	
嫇	maŋ1	
嫇	meŋ1	
嫇	meŋ2	
蕄	maŋ1	
蕄	mɨŋ1	
𧂛	maŋ1	
𥌯	maŋ1	
浜	paŋ1	
浜	paŋ2	
㙃	paŋ1	
宏	ʁwaŋ1	
紘	ʁwaŋ1	
紭	ʁwaŋ1	
閎	ʁwaŋ1	
嵤	ʁwaŋ1	
𧮯	ʁwaŋ1	
耾	ʁwaŋ1	
翃	ʁwaŋ1	
浤	ʁwaŋ1	
竑	ʁwaŋ1	
宖	ʁwaŋ1	
宖	ʔwaŋ1	
鈜	ʁwaŋ1	
吰	ʁwaŋ1	
𥐪	ʁwaŋ1	
莖	ʁaŋ1	
莖	ʔaŋ1	
䪫	ʁaŋ1	
朾	ʈaŋ1	
朾	ɖaŋ1	
丁	ʈaŋ1	
丁	teŋ1	
玎	ʈaŋ1	
玎	teŋ1	
𠑅	ʈaŋ1	
𧯫	ʈaŋ1	
䆸	ʈaŋ1	
甖	ʔaŋ1	
罌	ʔaŋ1	
罃	ʔaŋ1	
鶯	ʔaŋ1	
嚶	ʔaŋ1	
櫻	ʔaŋ1	
嫈	ʔaŋ1	
嫈	ʔʲwaŋ1	
嫈	ʔaŋ3	
鸚	ʔaŋ1	
譻	ʔaŋ1	
鸎	ʔaŋ1	
褮	ʔaŋ1	
褮	ʔʲwaŋ1	
褮	ʁweŋ1	
𠠜	ʔaŋ1	
𦱊	dʐaŋ1	
埩	dʐaŋ1	
埩	tʂaŋ1	
鏳	dʐaŋ1	
崝	dʐaŋ1	
錚	tʂʰaŋ1	
凈	tʂʰaŋ1	
棦	tʂʰaŋ1	
噌	tʂʰaŋ1	
儜	ɳaŋ1	
薴	ɳaŋ1	
鬡	ɳaŋ1	
𧭈	ɳaŋ1	
鑏	ɳaŋ1	
䭢	ɳaŋ1	
嬣	ɳaŋ1	
怦	pʰaŋ1	
姘	pʰaŋ1	
姘	pʰeŋ1	
閛	pʰaŋ1	
𤘾	pʰaŋ1	
伻	pʰaŋ1	
弸	pʰaŋ1	
弸	baŋ1	
䍬	pʰaŋ1	
㛁	pʰaŋ1	
匉	pʰaŋ1	
抨	pʰaŋ1	
砰	pʰaŋ1	
轟	χwaŋ1	
轟	χwaŋ3	
輷	χwaŋ1	
輷	χwaŋ3	
揈	χwaŋ1	
鍧	χwaŋ1	
渹	χwaŋ1	
𦑟	χwaŋ1	
𥕗	χwaŋ1	
𢝁	χwaŋ1	
繃	paŋ1	
絣	paŋ1	
𢆸	paŋ1	
拼	paŋ1	
䑫	paŋ1	
橙	ɖaŋ1	
橙	tɨŋ3	
揨	ɖaŋ1	
𢾊	ɖaŋ1	
𢿦	ɖaŋ1	
湞	ɖaŋ1	
湞	ʈˠaŋ1	
虰	ɖaŋ1	
虰	ʈˠʰaŋ1	
虰	teŋ1	
瞪	ɖaŋ1	
瞪	ɖˠɨŋ1	
瞪	ɖˠɨŋ3	
䆵	ɖaŋ1	
䁎	ɖaŋ1	
䆑	ɖaŋ1	
泓	ʔwaŋ1	
𩰎	ʔwaŋ1	
㥊	baŋ1	
庄	baŋ1	
娙	ɴaŋ1	
娙	ʁeŋ1	
爭	tʂaŋ1	
箏	tʂaŋ1	
綪	tʂaŋ1	
綪	tsʰen3	
䋫	tʂaŋ1	
猙	tʂaŋ1	
猙	dzʲaŋ2	
猙	dzʲaŋ3	新
䱢	tʂaŋ1	
清	tsʲʰaŋ1	
圊	tsʲʰaŋ1	
情	dzʲaŋ1	
晴	dzʲaŋ1	
請	dzʲaŋ1	
請	tsʲʰaŋ2	
請	dzʲaŋ3	
夝	dzʲaŋ1	
䝼	dzʲaŋ1	
䝼	dzʲaŋ3	
精	tsʲaŋ1	
精	tsʲaŋ3	
菁	tsʲaŋ1	
鶄	tsʲaŋ1	
鶄	tsʰeŋ1	
蜻	tsʲaŋ1	
蜻	tsʰeŋ1	
晶	tsʲaŋ1	
鼱	tsʲaŋ1	
婧	tsʲaŋ1	
婧	dzʲaŋ2	
婧	dzʲaŋ3	
睛	tsʲaŋ1	
睛	tsʲʰaŋ2	
𣻒	tsʲaŋ1	
旌	tsʲaŋ1	
旍	tsʲaŋ1	
箐	tsʲaŋ1	
𩓨	tsʲaŋ1	
聙	tsʲaŋ1	
盈	jaŋ1	
嬴	jaŋ1	
㜲	jaŋ1	
瀛	jaŋ1	
籝	jaŋ1	
楹	jaŋ1	
贏	jaŋ1	
𤟣	jaŋ1	
䕦	jaŋ1	
𨜏	jaŋ1	
𦝚	jaŋ1	
攍	jaŋ1	
營	jwaŋ1	
鎣	jwaŋ1	
鎣	ʔweŋ3	
塋	jwaŋ1	
䁝	jwaŋ1	
䁝	ʁweŋ1	
䁝	ʔwaŋ2	
濴	jwaŋ1	
嬰	ʔʲaŋ1	
瓔	ʔʲaŋ1	
纓	ʔʲaŋ1	
攖	ʔʲaŋ1	
𨟙	ʔʲaŋ1	
𨟙	ʔʲaŋ2	
賏	ʔʲaŋ1	
賏	ʔˠaŋ3	
蘡	ʔʲaŋ1	
貞	ʈˠaŋ1	
楨	ʈˠaŋ1	
禎	ʈˠaŋ1	
𨜓	ʈˠaŋ1	
𨜓	ɖˠaŋ1	
𨺟	ʈˠaŋ1	
檉	ʈˠʰaŋ1	
偵	ʈˠʰaŋ1	
偵	ʈaŋ3	
偵	ʈˠʰaŋ3	
赬	ʈˠʰaŋ1	
䞓	ʈˠʰaŋ1	
蟶	ʈˠʰaŋ1	
成	dʑaŋ1	
𢦩	dʑaŋ1	
城	dʑaŋ1	
誠	dʑaŋ1	
宬	dʑaŋ1	
郕	dʑaŋ1	
筬	dʑaŋ1	
盛	dʑaŋ1	
盛	dʑaŋ3	
珹	dʑaŋ1	
呈	ɖˠaŋ1	
呈	ɖˠaŋ3	
程	ɖˠaŋ1	
酲	ɖˠaŋ1	
珵	ɖˠaŋ1	
䇸	ɖˠaŋ1	
裎	ɖˠaŋ1	
裎	ʈˠʰaŋ2	
聲	ɕaŋ1	
征	tɕaŋ1	
𨒌	tɕaŋ1	
鯖	tɕaŋ1	
鯖	tsʰeŋ1	
𨢹	tɕaŋ1	
𦙫	tɕaŋ1	
鉦	tɕaŋ1	
怔	tɕaŋ1	
正	tɕaŋ1	
正	tɕaŋ3	
鴊	tɕaŋ1	
鴊	tɕaŋ3	
䋊	tɕaŋ1	
眐	tɕaŋ1	
𧘿	tɕaŋ1	
佂	tɕaŋ1	
輕	kʲʰaŋ1	
輕	kʲʰaŋ3	
𨆪	kʲʰaŋ1	
𨆪	qʰeŋ3	
鑋	kʲʰaŋ1	
鑋	qʰeŋ3	
名	mʲaŋ1	
洺	mʲaŋ1	
跉	lˠaŋ1	
跉	leŋ1	
并	pʲaŋ1	
并	pʲaŋ3	
栟	pʲaŋ1	
箳	pʲaŋ1	
箳	beŋ1	
屏	pʲaŋ1	
屏	beŋ1	
屏	pʲaŋ2	
傾	kʲʰwaŋ1	
頃	kʲʰwaŋ1	
頃	kʲʰwaŋ2	
𩛿	zʲaŋ1	
縈	ʔʲwaŋ1	
䪯	ʔʲwaŋ1	
𢄋	ʔʲwaŋ1	
瓊	ɡʲwaŋ1	
璚	ɡʲwaŋ1	
煢	ɡʲwaŋ1	
焭	ɡʲwaŋ1	
睘	ɡʲwaŋ1	
惸	ɡʲwaŋ1	
𢶇	ɡʲwaŋ1	
藑	ɡʲwaŋ1	
𡞦	ɡʲwaŋ1	
赹	ɡʲwaŋ1	
憌	ɡʲwaŋ1	
𦽓	ɡʲwaŋ1	
𦾵	ɡʲwaŋ1	
𨍶	ɡʲwaŋ1	
㒌	ɡʲwaŋ1	
騂	sʲwaŋ1	
𤙡	sʲwaŋ1	
垶	sʲwaŋ1	
觪	sʲwaŋ1	
頸	ɡʲaŋ1	
頸	kʲaŋ2	
𩷏	ɡʲaŋ1	
𩷏	ʁeŋ2	
𩷏	ʁeŋ3	新
𦳲	ɡʲaŋ1	
𧵣	xʲwaŋ1	
𧵣	ʁweŋ1	
青	tsʰeŋ1	
靘	tsʰeŋ1	
靘	tsʰeŋ3	
經	qeŋ1	
經	qeŋ3	
涇	qeŋ1	
鵛	qeŋ1	
巠	qeŋ1	
㓝	ʁeŋ1	
刑	ʁeŋ1	
形	ʁeŋ1	
𤬐	ʁeŋ1	
䣆	ʁeŋ1	
桯	ʁeŋ1	
桯	tʰeŋ1	
鉶	ʁeŋ1	
型	ʁeŋ1	
陘	ʁeŋ1	
侀	ʁeŋ1	
鈃	ʁeŋ1	
㼛	ʁeŋ1	
𤭓	ʁeŋ1	
鋞	ʁeŋ1	
鋞	ʁeŋ2	
鋞	ʁeŋ3	新
庭	deŋ1	
停	deŋ1	
鼮	deŋ1	
莛	deŋ1	
莛	deŋ2	
莛	deŋ3	新
葶	deŋ1	
葶	teŋ2	
筳	deŋ1	
亭	deŋ1	
聤	deŋ1	
霆	deŋ1	
霆	deŋ2	
霆	deŋ3	新
渟	deŋ1	
𩹇	deŋ1	
綎	deŋ1	
綎	tʰeŋ1	
娗	deŋ1	
娗	deŋ2	
娗	deŋ3	新
㼗	deŋ1	
𧖧	deŋ1	
挺	deŋ1	
挺	deŋ2	
挺	deŋ3	新
楟	deŋ1	
蜓	deŋ1	
蜓	den2	
蜓	deŋ2	
蜓	den3	新
蜓	deŋ3	新
廷	deŋ1	
廷	deŋ3	
㹶	deŋ1	
𧓴	deŋ1	
釘	teŋ1	
釘	teŋ3	
䦺	teŋ1	
靪	teŋ1	
靪	teŋ2	
仃	teŋ1	
叮	teŋ1	
馨	χeŋ1	
𠷓	χeŋ1	
蛵	χeŋ1	
星	seŋ1	
曐	seŋ1	
腥	seŋ1	
腥	seŋ3	
胜	seŋ1	
鮏	seŋ1	
鯹	seŋ1	
𥠀	seŋ1	
醒	seŋ1	
醒	seŋ2	
醒	seŋ3	
篂	seŋ1	
惺	seŋ1	
惺	sʲaŋ2	
竮	pʰeŋ1	
竮	beŋ1	
俜	pʰeŋ1	
俜	pʲʰaŋ3	
甹	pʰeŋ1	
𢖊	pʰeŋ1	
艵	pʰeŋ1	
頩	pʰeŋ1	
頩	pʰeŋ2	
覮	pʰeŋ1	
靈	leŋ1	
霛	leŋ1	
𩆈	leŋ1	
𩆜	leŋ1	
舲	leŋ1	
齡	leŋ1	
麢	leŋ1	
𦏰	leŋ1	
囹	leŋ1	
鴒	leŋ1	
䉁	leŋ1	
蛉	leŋ1	
鈴	leŋ1	
霝	leŋ1	
醽	leŋ1	
苓	leŋ1	
櫺	leŋ1	
柃	leŋ1	
柃	lˠaŋ2	
𩆚	leŋ1	
伶	leŋ1	
泠	leŋ1	
瓴	leŋ1	
𧕅	leŋ1	
拎	leŋ1	
刢	leŋ1	
𧆺	leŋ1	
𤣘	leŋ1	
𤫲	leŋ1	
玲	leŋ1	
𦉢	leŋ1	
𩖊	leŋ1	
㾉	leŋ1	
聆	leŋ1	
竛	leŋ1	
𠄖	leŋ1	
蘦	leŋ1	
軨	leŋ1	
䡼	leŋ1	
笭	leŋ1	
笭	leŋ2	
孁	leŋ1	
𪕌	leŋ1	
灵	leŋ1	
𩟃	leŋ1	
𩵀	leŋ1	
龗	leŋ1	
翎	leŋ1	
閝	leŋ1	
鹷	leŋ1	
䴇	leŋ1	
昤	leŋ1	
駖	leŋ1	
𧖜	leŋ1	
𩆮	leŋ1	
蕶	leŋ1	
酃	leŋ1	
詅	leŋ1	
詅	lˠaŋ3	
彾	leŋ1	
䯍	leŋ1	
呤	leŋ1	
狑	leŋ1	
𤣤	leŋ1	
爧	leŋ1	
冷	leŋ1	
冷	laŋ2	
冷	leŋ2	
𠱠	leŋ1	
𦫊	leŋ1	
𢺰	leŋ1	
𢺰	leŋ3	
澪	leŋ1	
𥤞	leŋ1	
秢	leŋ1	
䕘	leŋ1	
䕘	lˠaŋ2	
岭	leŋ1	
𣬹	leŋ1	
𩚹	leŋ1	
紷	leŋ1	
䉹	leŋ1	
砱	leŋ1	
阾	leŋ1	
阾	lˠaŋ2	
羚	leŋ1	
姈	leŋ1	
㸳	leŋ1	
寧	neŋ1	
寍	neŋ1	
鸋	neŋ1	
鸋	neŋ3	
䆨	neŋ1	
𧕝	neŋ1	
嚀	neŋ1	
聹	neŋ1	
聹	neŋ2	
汀	tʰeŋ1	
汀	tʰeŋ3	
訂	tʰeŋ1	
訂	deŋ2	
訂	teŋ3	
訂	deŋ3	新
聽	tʰeŋ1	
聽	tʰeŋ3	
廳	tʰeŋ1	
町	tʰeŋ1	
町	tʰen2	
町	deŋ2	
町	tʰeŋ2	
町	deŋ3	新
艼	tʰeŋ1	
艼	tʰeŋ2	
𦉬	tʰeŋ1	
𦉬	tʰeŋ2	
䩠	tʰeŋ1	
鞓	tʰeŋ1	
䋼	tʰeŋ1	
𦀚	tʰeŋ1	
庁	tʰeŋ1	
冥	meŋ1	
榠	meŋ1	
銘	meŋ1	
鄍	meŋ1	
溟	meŋ1	
溟	meŋ2	
䫤	meŋ1	
螟	meŋ1	
𧱴	meŋ1	
猽	meŋ1	
蓂	meŋ1	
蓂	mek4	
𥹆	meŋ1	
覭	meŋ1	
覭	mek4	
暝	meŋ1	
暝	meŋ3	
瓶	beŋ1	
缾	beŋ1	
蛢	beŋ1	
䶄	beŋ1	
荓	beŋ1	
䈂	beŋ1	
萍	beŋ1	
蓱	beŋ1	
郱	beŋ1	
𤳊	beŋ1	
洴	beŋ1	
熒	ʁweŋ1	
螢	ʁweŋ1	
滎	ʁweŋ1	
扃	qweŋ1	
駉	qweŋ1	
駫	qweŋ1	
坰	qweŋ1	
冋	qweŋ1	
冋	ʁweŋ2	
冋	ʁweŋ3	新
𪕍	qweŋ1	
絅	qweŋ1	
絅	qʰweŋ2	
𣕄	qweŋ1	
蒸	tɕɨŋ1	
䒱	tɕɨŋ1	
烝	tɕɨŋ1	
烝	tɕɨŋ3	
𦚦	tɕɨŋ1	
䕄	tɕɨŋ1	
篜	tɕɨŋ1	
脀	tɕɨŋ1	
承	dʑɨŋ1	
丞	dʑɨŋ1	
丞	dʑɨŋ3	
𨋬	dʑɨŋ1	
𨋬	tɕɨŋ2	
澂	ɖˠɨŋ1	
懲	ɖˠɨŋ1	
陵	lˠɨŋ1	
淩	lˠɨŋ1	
夌	lˠɨŋ1	
綾	lˠɨŋ1	
凌	lˠɨŋ1	
𠗲	lˠɨŋ1	
蔆	lˠɨŋ1	
菱	lˠɨŋ1	
䔖	lˠɨŋ1	
㥄	lˠɨŋ1	
鯪	lˠɨŋ1	
崚	lˠɨŋ1	
㱥	lˠɨŋ1	
㱥	lɨŋ3	
𡕮	lˠɨŋ1	
𡕮	kˠɨk4	
𩜁	lˠɨŋ1	
𩜁	lˠɨŋ3	
掕	lˠɨŋ1	
祾	lˠɨŋ1	
祾	lɨŋ1	
𣣋	lˠɨŋ1	
膺	ʔˠɨŋ1	
應	ʔˠɨŋ1	
應	ʔˠɨŋ3	
𧕄	ʔˠɨŋ1	
鷹	ʔˠɨŋ1	
凭	bˠɨŋ1	
凭	bˠɨŋ3	
憑	bˠɨŋ1	
淜	bˠɨŋ1	
㵗	bˠɨŋ1	
冫	pˠɨŋ1	
冰	pˠɨŋ1	
掤	pˠɨŋ1	
蠅	jɨŋ1	
繩	ʑɨŋ1	
譝	ʑɨŋ1	
憴	ʑɨŋ1	
鱦	ʑɨŋ1	
鱦	maŋ2	
鱦	jɨŋ3	
鱦	ʑɨŋ3	
乘	ʑɨŋ1	
乘	ʑɨŋ3	
椉	ʑɨŋ1	
𠅞	ʑɨŋ1	
澠	ʑɨŋ1	
澠	mʲin2	
溗	ʑɨŋ1	
塍	ʑɨŋ1	
塖	ʑɨŋ1	
騬	ʑɨŋ1	
升	ɕɨŋ1	
昇	ɕɨŋ1	
陞	ɕɨŋ1	
勝	ɕɨŋ1	
勝	ɕɨŋ3	
抍	ɕɨŋ1	
抍	tɕɨŋ2	
仍	ɲɨŋ1	
艿	ɲɨŋ1	
䚮	ɲɨŋ1	
辸	ɲɨŋ1	
礽	ɲɨŋ1	
扔	ɲɨŋ1	
扔	ɲɨŋ3	
㭁	ɲɨŋ1	
㭁	ɲɨŋ3	
兢	kˠɨŋ1	
矜	kˠɨŋ1	
徵	ʈˠɨŋ1	
徵	ʈˠi2	
𨟃	ʈˠɨŋ1	
癥	ʈˠɨŋ1	
繒	dzʲɨŋ1	
鄫	dzʲɨŋ1	
驓	dzʲɨŋ1	
橧	dzʲɨŋ1	
橧	tsɨŋ1	
竲	dzʲɨŋ1	
竲	tsɨŋ1	
嶒	dzʲɨŋ1	
凝	ŋˠɨŋ1	
凝	ŋˠɨŋ3	
興	xˠɨŋ1	
興	xˠɨŋ3	
嬹	xˠɨŋ1	
嬹	xˠɨŋ3	
𨞾	xˠɨŋ1	
稱	tɕʰɨŋ1	
稱	tɕʰɨŋ3	
爯	tɕʰɨŋ1	
偁	tɕʰɨŋ1	
殑	ɡˠɨŋ1	
殑	ɡˠɨŋ2	
殑	ɡˠɨŋ3	
䔷	ɡˠɨŋ1	
䔷	ɡˠim1	
㱡	ʂɨŋ1	
㱡	ʂɨŋ2	
硱	kˠʰɨŋ1	
硱	qʰwən2	
僜	ʈˠʰɨŋ1	
僜	dɨŋ3	
庱	ʈˠʰɨŋ1	
庱	ʈˠʰɨŋ2	
睖	ʈˠʰɨŋ1	
磳	dʐɨŋ1	
磳	tsɨŋ1	
砯	pˠʰɨŋ1	
登	tɨŋ1	
璒	tɨŋ1	
燈	tɨŋ1	
簦	tɨŋ1	
㲪	tɨŋ1	
䔲	tɨŋ1	
㽅	tɨŋ1	
䳾	tɨŋ1	
楞	lɨŋ1	
棱	lɨŋ1	
稜	lɨŋ1	
輘	lɨŋ1	
倰	lɨŋ1	
僧	sɨŋ1	
鬙	sɨŋ1	
䒏	sɨŋ1	
崩	pɨŋ1	
增	tsɨŋ1	
增	tsɨŋ3	
憎	tsɨŋ1	
曾	tsɨŋ1	
曾	dzɨŋ1	
矰	tsɨŋ1	
罾	tsɨŋ1	
熷	tsɨŋ1	
䎖	tsɨŋ1	
譄	tsɨŋ1	
𦼏	tsɨŋ1	
䒐	mɨŋ1	
𦱟	mɨŋ1	
層	dzɨŋ1	
䁬	dzɨŋ1	
朋	bɨŋ1	
堋	bɨŋ1	
堋	pʰɨŋ1	
堋	pɨŋ3	
鵬	bɨŋ1	
倗	bɨŋ1	
倗	pʰɨŋ2	
倗	bɨŋ3	
鬅	bɨŋ1	
弘	ʁwɨŋ1	
鞃	ʁwɨŋ1	
苰	ʁwɨŋ1	
肱	qwɨŋ1	
𩉦	qwɨŋ1	
薨	χwɨŋ1	
𠐿	χwɨŋ1	
𩖎	χwɨŋ1	
𩙛	χwɨŋ1	
𤃫	χwɨŋ1	
騰	dɨŋ1	
滕	dɨŋ1	
縢	dɨŋ1	
幐	dɨŋ1	
幐	dɨŋ3	
螣	dɨŋ1	
螣	ɖˠim2	
螣	dɨk4	
螣	ɖˠim3	新
藤	dɨŋ1	
謄	dɨŋ1	
𧈜	dɨŋ1	
儯	dɨŋ1	
𤻴	dɨŋ1	
鰧	dɨŋ1	
鰧	ɖˠim2	
鰧	ɖˠim3	新
𥉋	dɨŋ1	
恆	ʁɨŋ1	
𢛢	ʁɨŋ1	
揯	qɨŋ1	
揯	qɨŋ3	
緪	qɨŋ1	
緪	qɨŋ3	
鼟	tʰɨŋ1	
膯	tʰɨŋ1	
𤃶	tʰɨŋ1	
𤃶	tʰɨŋ3	
𧰥	tʰɨŋ1	
漰	pʰɨŋ1	
尤	ɰɨw1	
𣏞	ɰɨw1	
疣	ɰɨw1	
肬	ɰɨw1	
𪐤	ɰɨw1	
沋	ɰɨw1	
郵	ɰɨw1	
訧	ɰɨw1	
憂	ʔˠɨw1	
優	ʔˠɨw1	
瀀	ʔˠɨw1	
𢖒	ʔˠɨw1	
麀	ʔˠɨw1	
𪋎	ʔˠɨw1	
櫌	ʔˠɨw1	
鄾	ʔˠɨw1	
𢆶	ʔˠɨw1	
𢆶	ʔʲɨw1	
嚘	ʔˠɨw1	
耰	ʔˠɨw1	
獶	ʔˠɨw1	
𧀥	ʔˠɨw1	
纋	ʔˠɨw1	
㱊	ʔˠɨw1	
劉	lˠɨw1	
留	lˠɨw1	
留	lˠɨw3	
蒥	lˠɨw1	
勠	lˠɨw1	
勠	lˠɨw3	
勠	lˠɨwk4	
鶹	lˠɨw1	
騮	lˠɨw1	
駠	lˠɨw1	
疁	lˠɨw1	
𥹷	lˠɨw1	
流	lˠɨw1	
㳅	lˠɨw1	
飂	lˠɨw1	
飂	lˠɨw3	
飀	lˠɨw1	
瘤	lˠɨw1	
瘤	lˠɨw3	
榴	lˠɨw1	
瑬	lˠɨw1	
旒	lˠɨw1	
瑠	lˠɨw1	
𪕋	lˠɨw1	
𪕋	lˠɨw2	
𤠑	lˠɨw1	
䉧	lˠɨw1	
䉧	lˠɨw2	
𥰣	lˠɨw1	
瀏	lˠɨw1	
瀏	lˠɨw2	
䬟	lˠɨw1	
䱖	lˠɨw1	
鰡	lˠɨw1	
嵧	lˠɨw1	
𣠚	lˠɨw1	
鎦	lˠɨw1	
𦃓	lˠɨw1	
𢷶	lˠɨw1	
䰘	lˠɨw1	
䰘	qew2	
懰	lˠɨw1	
懰	lˠɨw2	
餾	lˠɨw1	
餾	lˠɨw3	
䖻	lˠɨw1	
裗	lˠɨw1	
𪆱	lˠɨw1	
𪎣	lˠɨw1	
硫	lˠɨw1	
遛	lˠɨw1	
䚧	lˠɨw1	
鏐	lˠɨw1	
秋	tsʲʰɨw1	
秌	tsʲʰɨw1	
鞧	tsʲʰɨw1	
緧	tsʲʰɨw1	
𦃈	tsʲʰɨw1	
鞦	tsʲʰɨw1	
湫	tsʲʰɨw1	
湫	tsʲɨw1	
湫	tsew2	
湫	dzʲɨw2	
湫	dzʲɨw3	新
鶖	tsʲʰɨw1	
鰍	tsʲʰɨw1	
楸	tsʲʰɨw1	
萩	tsʲʰɨw1	
𪓰	tsʲʰɨw1	
䵸	tsʲʰɨw1	
蟗	tsʲʰɨw1	
䨂	tsʲʰɨw1	
趥	tsʲʰɨw1	
趥	tsʲʰɨwŋ3	
猷	jɨw1	
猶	jɨw1	
猶	kˠɨw3	
猶	jɨw3	
悠	jɨw1	
油	jɨw1	
油	jɨw3	
由	jɨw1	
攸	jɨw1	
蕕	jɨw1	
浟	jɨw1	
𠧴	jɨw1	
冘	jɨw1	
冘	jim1	
輶	jɨw1	
輶	jɨw2	
輶	jɨw3	
秞	jɨw1	
蚰	jɨw1	
蝣	jɨw1	
櫾	jɨw1	
櫾	jɨw3	
楢	jɨw1	
楢	tɕʰew2	
𦳷	jɨw1	
斿	jɨw1	
游	jɨw1	
遊	jɨw1	
𨒰	jɨw1	
卣	jɨw1	
卣	jɨw2	
䚻	jɨw1	
鮋	jɨw1	
鮋	dʑɨw1	
鮋	ɖˠɨw1	
鯈	jɨw1	
鯈	ɖˠɨw1	
抌	jɨw1	
抌	ju2	
抌	tɑm2	
偤	jɨw1	
䍃	jɨw1	
𤪎	jɨw1	
𤪎	jɨw2	
𤪎	jew3	
邮	jɨw1	
邮	dek4	
㾞	jɨw1	
㘥	jɨw1	
庮	jɨw1	
庮	jɨw2	
㕀	jɨw1	
𣔴	jɨw1	
𧡹	jɨw1	
𦵵	jɨw1	
牛	ŋˠɨw1	
遒	tsʲɨw1	
遒	dzʲɨw1	
鮂	tsʲɨw1	
鮂	zʲɨw1	
䎿	tsʲɨw1	
䎿	dzʲɨw1	
蝤	tsʲɨw1	
蝤	dzʲɨw1	
啾	tsʲɨw1	
逎	tsʲɨw1	
𩭓	tsʲɨw1	
揂	tsʲɨw1	
揫	tsʲɨw1	
酋	dzʲɨw1	
㥢	dzʲɨw1	
崷	dzʲɨw1	
鰌	dzʲɨw1	
煪	dzʲɨw1	
𧤕	dzʲɨw1	
脩	sʲɨw1	
修	sʲɨw1	
羞	sʲɨw1	
𩛢	sʲɨw1	
𩝧	sʲɨw1	
䡭	sʲɨw1	
樇	sʲɨw1	
抽	ʈˠʰɨw1	
𢭆	ʈˠʰɨw1	
㨨	ʈˠʰɨw1	
婤	ʈˠʰɨw1	
婤	tɕɨw1	
𥈌	ʈˠʰɨw1	
惆	ʈˠʰɨw1	
惆	kˠʰɨw1	
瘳	ʈˠʰɨw1	
妯	ʈˠʰɨw1	
妯	ɖˠɨwk4	
𠁫	kˠʰɨw1	
𣪘	kˠʰɨw1	
𣪘	kˠɨw3	
犫	tɕʰɨw1	
犨	tɕʰɨw1	
周	tɕɨw1	
州	tɕɨw1	
𥺝	tɕɨw1	
輖	tɕɨw1	
洲	tɕɨw1	
賙	tɕɨw1	
喌	tɕɨw1	
喌	tɕɨwk4	
舟	tɕɨw1	
郮	tɕɨw1	
讎	dʑɨw1	
𣫐	dʑɨw1	
𣀓	dʑɨw1	
酬	dʑɨw1	
醻	dʑɨw1	
詶	dʑɨw1	
詶	dʑɨw3	
雔	dʑɨw1	
魗	dʑɨw1	
魗	tɕʰɨw2	
𨞪	dʑɨw1	
𨞪	ɖˠɨw1	
𨞪	dʑɨw2	
𨞪	dʑɨw3	新
柔	ɲɨw1	
鍒	ɲɨw1	
㽥	ɲɨw1	
騥	ɲɨw1	
蝚	ɲɨw1	
蹂	ɲɨw1	
蹂	ɲɨw2	
蹂	ɲɨw3	
葇	ɲɨw1	
葇	ɲɨw2	
鞣	ɲɨw1	
鞣	ɲɨw3	
鰇	ɲɨw1	
瑈	ɲɨw1	
腬	ɲɨw1	
腬	ɳˠɨw3	
鶔	ɲɨw1	
揉	ɲɨw1	
䰆	ɲɨw1	
𨛶	ɲɨw1	
䐓	ɲɨw1	
收	ɕɨw1	
收	ɕɨw3	
丘	kˠʰɨw1	
丠	kˠʰɨw1	
蚯	kˠʰɨw1	
邱	kˠʰɨw1	
䬌	fʰɨw1	
𡫺	fʰɨw1	
紑	fʰɨw1	
紑	fɨw1	
紑	fʰɨw2	
鳩	kˠɨw1	
𠠳	kˠɨw1	
朻	kˠɨw1	
朻	kʲɨw1	
朻	kʲɨw2	
䡂	kˠɨw1	
㽱	kˠɨw1	
㽱	kʲɨw1	
㽱	qaw2	
鬮	kˠɨw1	
鬮	kʲɨw2	
丩	kˠɨw1	
勼	kˠɨw1	
不	fɨw1	
不	fɨw2	
不	fu1	新
不	fu2	新
哹	fɨw1	
哹	vɨw1	
䍍	fɨw1	
䍍	qʰɨw3	
䍍	qʰɨwk4	
鴀	fɨw1	
鴀	fɨw2	
𢯱	ʂɨw1	
搜	ʂɨw1	
餿	ʂɨw1	
颼	ʂɨw1	
溲	ʂɨw1	
溲	ʂɨw2	
鎪	ʂɨw1	
廋	ʂɨw1	
廋	sɨw2	
蒐	ʂɨw1	
䕅	ʂɨw1	
䕅	sɑw2	
獀	ʂɨw1	
䐹	ʂɨw1	
䐹	sew3	
鄋	ʂɨw1	
騪	ʂɨw1	
犙	ʂɨw1	
犙	ʂam1	
犙	sɑm1	
醙	ʂɨw1	
醙	sʲɨw2	
𧽏	ʂɨw1	
𧽏	ʂɨwk4	
𢬆	tʂʰɨw1	
篘	tʂʰɨw1	
醔	tʂʰɨw1	
㮲	tʂʰɨw1	
𥻤	tʂʰɨw1	
謅	tʂʰɨw1	
謅	tʂʰaw2	
鄒	tʂɨw1	
鄹	tʂɨw1	
鄹	dzʲu2	
鄹	dzʲu3	新
郰	tʂɨw1	
騶	tʂɨw1	
齱	tʂɨw1	
齱	tʂʰawk4	
緅	tʂɨw1	
緅	tsɨw1	
緅	tsʲu3	
䑼	tʂɨw1	
𨃘	tʂɨw1	
棷	tʂɨw1	
棷	tsɨw1	
棷	sɨw2	
棷	tsʰɨw2	
箃	tʂɨw1	
黀	tʂɨw1	
愁	dʐɨw1	
㵞	dʐɨw1	
休	xˠɨw1	
貅	xˠɨw1	
㹯	xˠɨw1	
鵂	xˠɨw1	
𩢮	xˠɨw1	
㾋	xˠɨw1	
庥	xˠɨw1	
脙	xˠɨw1	
脙	ɡˠɨw1	
𦜵	xˠɨw1	
𦜵	ɡˠɨw1	
髤	xˠɨw1	
䰍	xˠɨw1	
䰍	tsʲʰi3	
咻	xˠɨw1	
咻	xˠu2	
㵻	xˠɨw1	
囚	zʲɨw1	
泅	zʲɨw1	
汓	zʲɨw1	
苬	zʲɨw1	
儔	ɖˠɨw1	
儔	dɑw3	
躊	ɖˠɨw1	
幬	ɖˠɨw1	
幬	dɑw3	
𢃖	ɖˠɨw1	
𠷎	ɖˠɨw1	
疇	ɖˠɨw1	
紬	ɖˠɨw1	
稠	ɖˠɨw1	
燽	ɖˠɨw1	
薵	ɖˠɨw1	
籌	ɖˠɨw1	
𪆇	ɖˠɨw1	
𪇘	ɖˠɨw1	
棸	ɖˠɨw1	
棸	ɖˠɨw2	
棸	ɖˠɨw3	新
椆	ɖˠɨw1	
椆	tɕɨw3	
怞	ɖˠɨw1	
𦡴	ɖˠɨw1	
𦡴	ɖˠɨw2	
𦡴	ɖˠɨw3	新
懤	ɖˠɨw1	
懤	tɑw2	
懤	ɖˠɨw3	
菗	ɖˠɨw1	
𥲅	ɖˠɨw1	
輈	ʈˠɨw1	
盩	ʈˠɨw1	
譸	ʈˠɨw1	
侜	ʈˠɨw1	
𩢸	ʈˠɨw1	
𧻖	ʈˠɨw1	
𥎻	ʈˠɨw1	
矪	ʈˠɨw1	
𧚍	ɡˠɨw1	
裘	ɡˠɨw1	
仇	ɡˠɨw1	
叴	ɡˠɨw1	
厹	ɡˠɨw1	
求	ɡˠɨw1	
𡨃	ɡˠɨw1	
蛷	ɡˠɨw1	
𧒔	ɡˠɨw1	
逑	ɡˠɨw1	
球	ɡˠɨw1	
璆	ɡˠɨw1	
璆	ɡʲɨw1	
鼽	ɡˠɨw1	
莍	ɡˠɨw1	
䣇	ɡˠɨw1	
賕	ɡˠɨw1	
殏	ɡˠɨw1	
梂	ɡˠɨw1	
朹	ɡˠɨw1	
朹	kˠwi2	
㭝	ɡˠɨw1	
俅	ɡˠɨw1	
䊵	ɡˠɨw1	
絿	ɡˠɨw1	
䜪	ɡˠɨw1	
扏	ɡˠɨw1	
銶	ɡˠɨw1	
𩒮	ɡˠɨw1	
𥭑	ɡˠɨw1	
毬	ɡˠɨw1	
䟵	ɡˠɨw1	
犰	ɡˠɨw1	
𧻱	ɡˠɨw1	
訅	ɡˠɨw1	
釚	ɡˠɨw1	
肍	ɡˠɨw1	
𢛃	ɡˠɨw1	
𢛃	ɡˠɨw2	
𢛃	ɡˠɨw3	新
𦬖	ɡˠɨw1	
浮	vɨw1	
浮	vu1	新
𥰛	vɨw1	
琈	vɨw1	
粰	vɨw1	
䳕	vɨw1	
罘	vɨw1	
罘	vu1	新
涪	vɨw1	
芣	vɨw1	
蜉	vɨw1	
蜉	vu1	新
烰	vɨw1	
鉜	vɨw1	
𡦄	vɨw1	
𦮹	vɨw1	
艀	vɨw1	
䍌	vɨw1	
䍌	bɨw1	
䍌	bɨw2	
䍌	bɨw3	新
䨗	vɨw1	
謀	mɨw1	
謀	mu1	新
䱕	mɨw1	
眸	mɨw1	
牟	mɨw1	
牟	mu1	新
侔	mɨw1	
矛	mɨw1	
矛	mu1	新
𢦧	mɨw1	
鍪	mɨw1	
鞪	mɨw1	
鞪	mɨwk4	
麰	mɨw1	
𦭷	mɨw1	
劺	mɨw1	
蟊	mɨw1	
鷚	mɨw1	
鷚	ɡʲɨw1	
鷚	mˠɨw1	
鷚	lˠɨw3	
𩭾	mɨw1	
䋷	mɨw1	
䋷	mˠɨw1	
恈	mɨw1	
鴾	mɨw1	
蛑	mɨw1	
繆	mɨw1	
繆	mˠɨw1	
繆	mˠɨw3	
繆	mɨwk4	
侯	ʁɨw1	
矦	ʁɨw1	
𥎦	ʁɨw1	
帿	ʁɨw1	
鄇	ʁɨw1	
鄇	ʁɨw3	
䫛	ʁɨw1	
鍭	ʁɨw1	
鍭	ʁɨw3	
銗	ʁɨw1	
猴	ʁɨw1	
糇	ʁɨw1	
翭	ʁɨw1	
餱	ʁɨw1	
喉	ʁɨw1	
篌	ʁɨw1	
鯸	ʁɨw1	
㮢	ʁɨw1	
𧮶	ʁɨw1	
瘊	ʁɨw1	
䗔	ʁɨw1	
葔	ʁɨw1	
骺	ʁɨw1	
睺	ʁɨw1	
睺	ʁɨw3	
䙈	ʁɨw1	
謳	ʔɨw1	
嘔	ʔɨw1	
嘔	ʔɨw2	
歐	ʔɨw1	
歐	ʔɨw2	
甌	ʔɨw1	
漚	ʔɨw1	
漚	ʔɨw3	
鷗	ʔɨw1	
䁱	ʔɨw1	
䁱	qʰɨw1	
瞘	ʔɨw1	
櫙	ʔɨw1	
醧	ʔɨw1	
醧	ʔˠɨ3	
剾	ʔɨw1	
剾	qʰɨw1	
鏂	ʔɨw1	
膒	ʔɨw1	
羺	nɨw1	
䨲	nɨw1	
樓	lɨw1	
𨻻	lɨw1	
𨻻	lˠu2	
𧁾	lɨw1	
𠞭	lɨw1	
𠞭	lɨw3	
𦎹	lɨw1	
僂	lɨw1	
僂	lˠu2	
僂	lɨw3	
艛	lɨw1	
耬	lɨw1	
髏	lɨw1	
𤬏	lɨw1	
廔	lɨw1	
嘍	lɨw1	
嘍	lɨw2	
螻	lɨw1	
簍	lɨw1	
簍	lˠu2	
簍	lɨw2	
鞻	lɨw1	
褸	lɨw1	
褸	lˠu2	
遱	lɨw1	
謱	lɨw1	
謱	lˠu2	
謱	lɨw2	
涑	sɨw1	
涑	sɨwk4	
涑	sʲuk4	
鏉	sɨw1	
鏉	ʂɨw3	
鏉	sɨw3	
䩳	sɨw1	
𩌱	sɨw1	
𩮶	sɨw1	
摗	sɨw1	
𠘂	sɨw1	
𡠼	sɨw1	
彄	qʰɨw1	
韝	qʰɨw1	
韝	qɨw1	
𢂁	qʰɨw1	
滱	qʰɨw1	
滱	qʰɨw3	
夠	qʰɨw1	
夠	qɨw1	
齁	χɨw1	
𪅺	χɨw1	
𣠏	tsɨw1	
偷	tʰɨw1	
鍮	tʰɨw1	
鋀	tʰɨw1	
頭	dɨw1	
㓱	dɨw1	
投	dɨw1	
𪎨	dɨw1	
骰	dɨw1	
𣪌	dɨw1	
坄	dɨw1	
坄	jwak4	
㢏	dɨw1	
𪁞	dɨw1	
鉤	qɨw1	
𠛎	qɨw1	
溝	qɨw1	
褠	qɨw1	
緱	qɨw1	
篝	qɨw1	
𥴴	qɨw1	
㗕	qɨw1	
𤫱	qɨw1	
䑦	qɨw1	
冓	qɨw1	
冓	qɨw3	
枸	qɨw1	
枸	kˠu2	
枸	qɨw2	
兜	tɨw1	
侸	tɨw1	
吺	tɨw1	
篼	tɨw1	
𥆖	tɨw1	
剅	tɨw1	
𧡸	tɨw1	
𧯠	tɨw1	
郖	tɨw1	
郖	dɨw3	
𩮷	tɨw1	
㔌	dzɨw1	
㔌	dzɨw3	
裒	bɨw1	
䯽	bɨw1	
䯽	fʰu2	
䯽	pʰɨw2	
䏽	bɨw1	
䏽	bɨw2	
䏽	bɨw3	
𩚭	bɨw1	
箁	bɨw1	
呣	mɨw1	
幽	ʔʲɨw1	
泑	ʔʲɨw1	
泑	ʔʲɨw2	
呦	ʔʲɨw1	
𣢜	ʔʲɨw1	
𣢜	ʔʲɨw2	
𣢜	ʔˠɨwk4	
𧍘	ʔʲɨw1	
虯	ɡʲɨw1	
觩	ɡʲɨw1	
觓	ɡʲɨw1	
蟉	ɡʲɨw1	
蟉	lˠɨw1	
蟉	ɡʲɨw2	
蟉	ɡʲɨw3	新
𤙠	ɡʲɨw1	
彪	pˠɨw1	
樛	kʲɨw1	
𠃚	kʲɨw1	
𦱠	kʲɨw1	
淲	bˠɨw1	
飍	xʲɨw1	
烋	xˠɨw1	
侵	tsʲʰim1	
𢔀	tsʲʰim1	
駸	tsʲʰim1	
駸	tʂʰim1	
浸	tsʲʰim1	
浸	tsʲim3	
䜷	tsʲʰim1	
𥍯	tsʲʰim1	
𥍯	tsʲim1	
綅	tsʲʰim1	
綅	tsʲim1	
綅	sʲem1	
尋	zʲim1	
𢒫	zʲim1	
鐔	zʲim1	
鐔	jim1	
鐔	dɑm1	
潯	zʲim1	
鱏	zʲim1	
鱏	jim1	
樳	zʲim1	
鄩	zʲim1	
𨼔	zʲim1	
𣎟	zʲim1	
𩖣	zʲim1	
襑	zʲim1	
襑	tʰɑm2	
枔	zʲim1	
撏	zʲim1	
撏	dzɑm1	
撏	dʑem1	
灊	zʲim1	
灊	dzʲim1	
灊	dzʲem1	
鬵	zʲim1	
鬵	dzʲim1	
鬵	dzʲem1	
𦅀	zʲim1	
林	lˠim1	
琳	lˠim1	
淋	lˠim1	
臨	lˠim1	
臨	lˠim3	
痳	lˠim1	
箖	lˠim1	
瀶	lˠim1	
霖	lˠim1	
琛	ʈˠʰim1	
棽	ʈˠʰim1	
棽	ʂim1	
䑣	ʈˠʰim1	
𧡬	ʈˠʰim1	
𧡬	ʈˠʰim3	
綝	ʈˠʰim1	
郴	ʈˠʰim1	
賝	ʈˠʰim1	
斟	tɕim1	
針	tɕim1	
針	tɕim3	
鍼	tɕim1	
鍼	ɡˠem1	
鍼	ɡʲem1	
𪈁	tɕim1	
箴	tɕim1	
葴	tɕim1	
瑊	tɕim1	
瑊	qam1	
鱵	tɕim1	
㘰	tɕim1	
沈	ɖˠim1	
沈	ɕim2	
沈	ɖˠim3	
沉	ɖˠim1	
𤘣	ɖˠim1	
莐	ɖˠim1	
䒞	ɖˠim1	
䒞	jim1	
䒞	tɑm2	
霃	ɖˠim1	
湛	ɖˠim1	
湛	tɑm1	
湛	ɖam2	
湛	ɖam3	新
枕	ɖˠim1	
枕	tɕim2	
枕	tɕim3	
鈂	ɖˠim1	
鈂	dzʲim1	
碪	ʈˠim1	
砧	ʈˠim1	
椹	ʈˠim1	
枮	ʈˠim1	
枮	sʲem1	
坫	ʈˠim1	
坫	tem3	
諶	dʑim1	
愖	dʑim1	
訦	dʑim1	
訦	dʑim2	
訦	dʑim3	新
忱	dʑim1	
煁	dʑim1	
瘎	dʑim1	
㽸	dʑim1	
任	ɲim1	
任	ɲim3	
鵀	ɲim1	
鵀	ɳˠim1	
鵀	ɲim3	
恁	ɲim1	
恁	ɲim2	
壬	ɲim1	
紝	ɲim1	
銋	ɲim1	
銋	ɲim2	
䛘	ɲim1	
䛘	ɳˠim1	
深	ɕim1	
深	ɕim3	
𦸂	ɕim1	
淫	jim1	
霪	jim1	
婬	jim1	
𥮍	jim1	
蟫	jim1	
蟫	dɑm1	
鷣	jim1	
鷣	jew3	
𢓕	jim1	
䤁	jim1	
䤁	dzʲim1	
撢	jim1	
撢	tʰɑm1	
撢	tʰɑm3	
𨟏	jim1	
㸒	jim1	
心	sʲim1	
𦁍	sʲim1	
𨊳	sʲim1	
杺	sʲim1	
愔	ʔʲim1	
韾	ʔʲim1	
祲	tsʲim1	
祲	tsʲim3	
梫	tsʲim1	
梫	tʂʰim1	
梫	tsʲʰim2	
兓	tsʲim1	
埐	tsʲim1	
埐	dzʲim1	
𩀿	tsʲim1	
𪖼	tsʲim1	
𩻛	tsʲim1	
𩻛	dʐim1	
𩷒	dzʲim1	
䰼	dzʲim1	
䰼	ɕim2	
䰼	dzɑm2	
䰼	dzɑm3	新
嶜	dzʲim1	
梣	dzʲim1	
梣	dʐim1	
𣜣	dzʲim1	
䋻	ɳˠim1	
琴	ɡˠim1	
㩒	ɡˠim1	
捦	ɡˠim1	
擒	ɡˠim1	
黔	ɡˠim1	
黔	ɡˠem1	
禽	ɡˠim1	
芩	ɡˠim1	
𨙽	ɡˠim1	
檎	ɡˠim1	
㕋	ɡˠim1	
鵭	ɡˠim1	
澿	ɡˠim1	
凜	ɡˠim1	
凜	lˠim2	
庈	ɡˠim1	
雂	ɡˠim1	
雂	ɡˠem1	
㪁	ɡˠim1	
㪁	qʰɑm1	
㪁	kˠʰəm1	
㪁	kˠʰəm3	
㱽	ɡˠim1	
㱽	ʈˠim2	
黚	ɡˠim1	
黚	ɡˠem1	
䅾	ɡˠim1	
䅾	dʐim1	
耹	ɡˠim1	
靲	ɡˠim1	
欽	kˠʰim1	
菳	kˠʰim1	
衾	kˠʰim1	
嶔	kˠʰim1	
顉	kˠʰim1	
顉	kˠʰim2	
顉	ɴɑm2	
吟	ŋˠim1	
吟	ŋˠim3	
訡	ŋˠim1	
䪩	ŋˠim1	
唫	ŋˠim1	
唫	ɡˠim2	
唫	ɡˠim3	新
崟	ŋˠim1	
荶	ŋˠim1	
碞	ŋˠim1	
碞	ɴam1	
乑	ŋˠim1	
𠪚	ŋˠim1	
𠪚	tʰɑm2	
𠪚	qʰɑm2	
歆	xˠim1	
廞	xˠim1	
廞	xˠim2	
嬜	xˠim1	
嬜	ʔɑm1	
嬜	χɑm1	
㽎	xˠim1	
㽎	dɑm1	
金	kˠim1	
今	kˠim1	
黅	kˠim1	
衿	kˠim1	
襟	kˠim1	
䘳	kˠim1	
禁	kˠim1	
禁	kˠim3	
㦗	kˠim1	
𪑙	kˠim1	
音	ʔˠim1	
陰	ʔˠim1	
隌	ʔˠim1	
隌	ʔɑm2	
瘖	ʔˠim1	
霠	ʔˠim1	
䜾	ʔˠim1	
喑	ʔˠim1	
喑	ʔɑm1	
喑	ʔˠim3	
䤃	ʔˠim1	
森	ʂim1	
參	ʂim1	
參	tʂʰim1	
參	tsʰɑm1	
參	sɑm1	
參	tsʰɑm3	
曑	ʂim1	
蔘	ʂim1	
蔘	sɑm1	
薓	ʂim1	
槮	ʂim1	
槮	tʂʰim1	
槮	ʂim2	
槮	sɑm2	
襳	ʂim1	
襳	sʲem1	
襳	ʂem1	
𥥍	ʂim1	
𥥍	dɑm2	
𥥍	dɑm3	新
穼	ʂim1	
岑	dʐim1	
涔	dʐim1	
㞥	dʐim1	
𣠟	dʐim1	
𩅨	dʐim1	
笒	dʐim1	
笒	ɡˠim3	
兂	tʂim1	
簪	tʂim1	
簪	tsɑm1	
㻸	tʂim1	
撍	tʂim1	
撍	tsɑm1	
撍	tsɑm2	
撍	tsɑm3	
嵾	tʂʰim1	
𥤇	tʂʰim1	
𧡪	tɕʰim1	
𧡪	tɑm1	
𧡪	dɑm2	
𧡪	dɑm3	新
覃	dɑm1	
𨝸	dɑm1	
潭	dɑm1	
潭	jim2	
曇	dɑm1	
藫	dɑm1	
橝	dɑm1	
橝	dem2	
橝	dem3	新
譚	dɑm1	
譚	dɑm2	
譚	dɑm3	新
𧽼	dɑm1	
燂	dɑm1	
燂	dzʲem1	
壜	dɑm1	
眈	dɑm1	
眈	tɑm1	
𦗡	dɑm1	
𩡝	dɑm1	
𧂇	dɑm1	
蕁	dɑm1	
䊤	dɑm1	
䊤	dɑm2	
䊤	dɑm3	新
㽑	dɑm1	
驂	tsʰɑm1	
䟃	tsʰɑm1	
䟃	tsʰɑp4	
傪	tsʰɑm1	
傪	tsʰɑm2	
㜗	tsʰɑm1	
㜗	tsʰɑm2	
㜗	tsʰɑp4	
南	nɑm1	
男	nɑm1	
柟	nɑm1	
柟	ɲem1	
柟	ɲem2	
楠	nɑm1	
抩	nɑm1	
䶲	nɑm1	
䶲	ɲem1	
𤱣	nɑm1	
諳	ʔɑm1	
䳺	ʔɑm1	
媕	ʔɑm1	
媕	ʔˠem2	
媕	ʔɑp4	
庵	ʔɑm1	
庵	ʔɑp4	
腤	ʔɑm1	
菴	ʔɑm1	
菴	ʔˠem1	
㞄	ʔɑm1	
㞄	ʔɑm2	
馣	ʔɑm1	
韽	ʔɑm1	
韽	ʔam3	
盦	ʔɑm1	
盦	ʔɑp4	
含	ʁɑm1	
涵	ʁɑm1	
涵	ʁɑm2	
涵	ʁɑm3	新
䈄	ʁɑm1	
筨	ʁɑm1	
梒	ʁɑm1	
䤴	ʁɑm1	
函	ʁɑm1	
函	ʁam1	
顄	ʁɑm1	
顄	ʁɑm2	
顄	ʁɑm3	新
𩔞	ʁɑm1	
蜬	ʁɑm1	
蜬	qɑm1	
頷	ʁɑm1	
頷	ʁɑm2	
頷	ʁɑm3	新
𣹢	ʁɑm1	
鋡	ʁɑm1	
𤭙	ʁɑm1	
𠥴	ʁɑm1	
䶃	ʁɑm1	
䶃	qɑm1	
圅	ʁɑm1	
肣	ʁɑm1	
肣	ʁɑm2	
肣	ʁɑm3	新
䨡	ʁɑm1	
𩄙	ʁɑm1	
𢎘	ʁɑm1	
𢎘	ʁɑm2	
𢎘	ʁɑm3	新
𠗴	ʁɑm1	
婪	lɑm1	
惏	lɑm1	
燣	lɑm1	
燣	lɑm2	
嵐	lɑm1	
葻	lɑm1	
啉	lɑm1	
蠶	dzɑm1	
䣟	dzɑm1	
䣟	dzɑp4	
𨅔	dzɑm1	
𨅔	dzɑp4	
篸	tsɑm1	
篸	tsɑm3	
𥸢	tsɑm1	
䐶	tsɑm1	
䐶	tsʲim2	
䍼	tsɑm1	
䍼	tsɑp4	
鐕	tsɑm1	
探	tʰɑm1	
貪	tʰɑm1	
耽	tɑm1	
耽	tɑm2	
酖	tɑm1	
妉	tɑm1	
甔	tɑm1	
甔	tɑm3	
媅	tɑm1	
𡖓	tɑm1	
𡖓	tɑm2	
龕	qʰɑm1	
𢦟	qʰɑm1	
𩑟	qʰɑm1	
堪	qʰɑm1	
戡	qʰɑm1	
戡	ʈˠim2	
𤯍	qʰɑm1	
𤯍	qɑm1	
𤯍	ʁɑm1	
嵁	qʰɑm1	
嵁	ɴɑm1	
嵁	qʰam1	
嵁	ɴɑm2	
嵁	dʐam2	
嵁	dʐam3	新
𤬪	qʰɑm1	
𤬪	du2	
𤬪	du3	新
撖	qʰɑm1	
撖	qʰam2	
撖	ʁam2	
撖	ʁam3	新
㟏	χɑm1	
𩈣	χɑm1	
馠	χɑm1	
𣢺	χɑm1	
谽	χɑm1	
唅	χɑm1	
唅	ʁɑm3	
𡬖	χɑm1	
𡪶	χɑm1	
毿	sɑm1	
弇	qɑm1	
弇	ʔˠem2	
淦	qɑm1	
淦	qɑm3	
䌠	qɑm1	
䌠	qʰem1	
䌠	χem1	
䌠	qam1	
䜙	ɴɑm1	
𡪁	ɴɑm1	
談	dɑm1	
郯	dɑm1	
惔	dɑm1	
惔	dɑm2	
惔	dɑm3	
錟	dɑm1	
淡	dɑm1	
淡	dɑm2	
淡	jem2	
淡	dɑm3	
痰	dɑm1	
澹	dɑm1	
澹	dɑm2	
澹	dɑm3	
倓	dɑm1	
倓	dɑm2	
倓	dɑm3	
餤	dɑm1	
𥰨	dɑm1	
㶣	dɑm1	
㶣	ɖˠem1	
甘	qɑm1	
柑	qɑm1	
䇞	qɑm1	
䇞	qɑm2	
苷	qɑm1	
泔	qɑm1	
媣	qɑm1	
媣	ɲem2	
擔	tɑm1	
擔	tɑm3	
儋	tɑm1	
聸	tɑm1	
頕	tɑm1	
三	sɑm1	
三	sɑm3	
弎	sɑm1	
𢁘	sɑm1	
鬖	sɑm1	
藍	lɑm1	
襤	lɑm1	
䰐	lɑm1	
擥	lɑm1	
擥	lɑm2	
籃	lɑm1	
𩈵	lɑm1	
𪇖	lɑm1	
懢	lɑm1	
懢	lɑm3	
䆾	lɑm1	
䆾	lɑm3	
儖	lɑm1	
蘫	lɑm1	
蘫	χɑm3	
坩	qʰɑm1	
舑	tʰɑm1	
舑	ɲem1	
聃	tʰɑm1	
𨈭	tʰɑm1	
緂	tʰɑm1	
緂	tɕʰem1	
緂	tʰɑm2	
㘱	tʰɑm1	
䔜	tʰɑm1	
䆱	tʰɑm1	
䆱	tʰɑm3	
㴂	tʰɑm1	
𦸁	tʰɑm1	
慙	dzɑm1	
慚	dzɑm1	
鏨	dzɑm1	
鏨	dʐam1	
鏨	dzɑm2	
鏨	dzʲem2	
鏨	dzɑm3	
鏨	dzʲem3	新
䳻	dzɑm1	
䳻	dʐam3	
㨻	dzɑm1	
㨻	ʂam2	
酣	ʁɑm1	
甝	ʁɑm1	
䗣	ʁɑm1	
䗣	ʁɑm3	
魽	ʁɑm1	
煔	ʁɑm1	
煔	ɕem3	
煔	tʰem3	
炶	ʁɑm1	
姏	mɑm1	
𩈻	tsɑm1	
𩈻	tʂam3	
蚶	χɑm1	
𧵊	χɑm1	
𧵊	χɑm3	
歛	χɑm1	
憨	χɑm1	
憨	ʁɑm3	
鹽	jem1	
鹽	jem3	
塩	jem1	
𣡶	jem1	
閻	jem1	
壛	jem1	
阽	jem1	
檐	jem1	
簷	jem1	
櫩	jem1	
𣡞	jem1	
㶄	jem1	
𪂈	jem1	
䦲	jem1	
䦲	tɕʰem3	
㿕	jem1	
𤅸	jem1	
𤅸	jem3	
廉	lˠem1	
鐮	lˠem1	
鎌	lˠem1	
𩄡	lˠem1	
㡘	lˠem1	
簾	lˠem1	
薕	lˠem1	
薕	lem1	
薟	lˠem1	
薟	lˠem2	
蘞	lˠem1	
蘞	xˠəm1	
蘞	lˠem2	
匳	lˠem1	
籢	lˠem1	
𥖝	lˠem1	
獫	lˠem1	
獫	lˠem2	
獫	xˠem2	
獫	lˠem3	
蠊	lˠem1	
䆂	lˠem1	
𨎷	lˠem1	
𣀃	lˠem1	
鬑	lˠem1	
鬑	lem1	
覝	lˠem1	
砭	pˠem1	
砭	pˠem3	
𥐗	pˠem1	
銛	sʲem1	
銛	tʰem2	
銛	qwɑt4	
暹	sʲem1	
𦃌	sʲem1	
韱	sʲem1	
纖	sʲem1	
憸	sʲem1	
憸	tsʲʰem1	
憸	xˠem2	
憸	tsʲʰem2	
孅	sʲem1	
䯹	sʲem1	
彡	sʲem1	
彡	ʂam1	
𢘁	sʲem1	
籤	tsʲʰem1	
臉	tsʲʰem1	
臉	lam2	
䑎	tsʲʰem1	
䑎	tʂʰam2	
鹼	tsʲʰem1	
鹼	qam2	
槧	tsʲʰem1	
槧	dzɑm2	
槧	dzʲem2	
槧	tsʲʰem3	
槧	dzɑm3	新
槧	dzʲem3	新
僉	tsʲʰem1	
𠠃	tsʲʰem1	
㡨	tsʲʰem1	
㡨	tsʲem1	
譣	tsʲʰem1	
譣	xˠem2	
詹	tɕem1	
瞻	tɕem1	
占	tɕem1	
占	tɕem3	
蟾	tɕem1	
蟾	dʑem1	
噡	tɕem1	
厃	tɕem1	
棎	dʑem1	
苫	ɕem1	
苫	ɕem3	
痁	ɕem1	
痁	tem3	
𡝫	ɕem1	
𡝫	ʈˠʰem1	
䪜	tɕʰem1	
䪜	tɕʰem3	
㚲	tɕʰem1	
㚲	tɕʰep4	
幨	tɕʰem1	
幨	tɕʰem3	
襜	tɕʰem1	
襜	tɕʰem3	
裧	tɕʰem1	
裧	tʰɑm2	
裧	tɕʰem3	
𤎥	tɕʰem1	
𤎥	tʰɑm2	
㾆	tɕʰem1	
㾆	ɲem1	
妗	tɕʰem1	
妗	χem1	
妗	χam1	
𢛈	tɕʰem1	
𢃔	tɕʰem1	
𩓾	ɲem1	
髯	ɲem1	
髯	ɲem3	
蚺	ɲem1	
呥	ɲem1	
𧦦	ɲem1	
蛅	ɲem1	
冉	ɲem1	
冉	ɲem2	
袡	ɲem1	
黏	ɳˠem1	
粘	ɳˠem1	
䬯	ɳˠem1	
䬯	nem1	
炎	ɰem1	
霑	ʈˠem1	
沾	ʈˠem1	
沾	tʰem1	
沾	tem3	
𪏉	ʈˠem1	
覘	ʈˠʰem1	
覘	ʈˠʰem3	
淹	ʔˠem1	
淹	ʔˠəm3	
崦	ʔˠem1	
醃	ʔˠem1	
醃	ʔˠəm1	
䣍	ʔˠem1	
䣍	ʔˠem2	
閹	ʔˠem1	
閹	ʔˠem2	
𢜩	kˠʰem1	
𢜩	qʰam2	
𨦄	kˠʰem1	
𪙊	ŋˠem1	
𪙊	ɴam1	
𪙊	ŋˠəm3	
尖	tsʲem1	
殲	tsʲem1	
瀸	tsʲem1	
𡄑	tsʲem1	
𡄑	tsʲem3	
漸	tsʲem1	
漸	dzʲem2	
漸	dzʲem3	新
虃	tsʲem1	
熸	tsʲem1	
㦰	tsʲem1	
𩅼	tsʲem1	
𩅼	lˠem3	
𩅼	tʂam3	
鑯	tsʲem1	
鋟	tsʲem1	
鋟	tsʲʰim2	
𩃔	tsʲem1	
𩃔	ʂam1	
潛	dzʲem1	
潛	dzʲem3	
朁	dzʲem1	
朁	tsʰɑm2	
䁮	dzʲem1	
䁮	dzem3	
𤎢	dzʲem1	
螹	dzʲem1	
螹	dzʲem2	
螹	dzʲem3	新
箝	ɡˠem1	
鉗	ɡˠem1	
𢁮	ɡˠem1	
鉆	ɡˠem1	
鉆	tʰep4	
拑	ɡˠem1	
羬	ɡˠem1	
羬	ɴam1	
鳹	ɡˠem1	
鈐	ɡˠem1	
懕	ʔʲem1	
猒	ʔʲem1	
猒	ʔʲem3	
饜	ʔʲem1	
饜	ʔʲem3	
嬮	ʔʲem1	
嬮	ʔʲem3	
嬮	ʔʲep4	
㤿	ʔʲem1	
㤿	ʔˠəm3	
䅧	ʔʲem1	
䅧	ʔˠim3	
𨣻	ʔʲem1	
燅	zʲem1	
𤍙	zʲem1	
燖	zʲem1	
爓	zʲem1	
爓	jem3	
𦢨	zʲem1	
䕭	zʲem1	
𢸧	zʲem1	
㰊	zʲem1	
𢅮	zʲem1	
𪏂	ɖˠem1	
誗	ɖˠem1	
添	tʰem1	
黇	tʰem1	
舚	tʰem1	
舚	tʰem3	
𩬑	tem1	
敁	tem1	
佔	tem1	
詀	tem1	
詀	ʈam1	
詀	ɖam3	
詀	tɕʰep4	
㡇	tem1	
㡇	ʈˠep4	
㡇	tʰep4	
𧚊	tem1	
𧚊	tep4	
𦕒	tem1	
䀡	tem1	
䀡	ʈˠʰem3	
䀡	tem3	
甜	dem1	
恬	dem1	
湉	dem1	
菾	dem1	
𦳇	dem1	
熑	lem1	
溓	lem1	
溓	lˠem2	
溓	lem2	
濂	lem1	
燫	lem1	
謙	qʰem1	
兼	qem1	
兼	qem3	
縑	qem1	
鶼	qem1	
𥻧	qem1	
蒹	qem1	
𦋰	qem1	
鰜	qem1	
鰜	ʁam1	
嫌	ʁem1	
稴	ʁem1	
稴	ʁam1	
稴	lem2	
稴	lem3	
鮎	nem1	
拈	nem1	
馦	χem1	
㾾	χem1	
䵌	χem1	
㽐	χem1	
欦	χem1	
欦	kˠʰəm2	
欦	χam2	
欦	χɑm1	
咸	ʁam1	
鹹	ʁam1	
醎	ʁam1	
𩤥	ʁam1	
諴	ʁam1	
椷	ʁam1	
㮭	ʁam1	
輱	ʁam1	
緘	qam1	
玪	qam1	
尲	qam1	
黬	qam1	
黬	ɴam1	
𪒹	qam1	
攕	ʂam1	
摻	ʂam1	
摻	ʂam2	
檆	ʂam1	
杉	ʂam1	
櫼	ʂam1	
𩁺	ʂam1	
䀐	ʂam1	
䀐	ʂam3	
𨏪	ʂam1	
𩌰	ʂam1	
㺑	ʂam1	
㺑	ʂam2	
𤟟	ʔam1	
𤟟	ʔam3	
淊	ʔam1	
淊	ʁɑm2	
淊	jem2	
淊	ʔam3	
淊	ʁɑm3	新
黯	ʔam1	
黯	ʔam2	
嵒	ɴam1	
䫡	ɴam1	
䫡	qʰam2	
䫡	qʰam3	
䫡	qam3	
𧇱	ɴam1	
麙	ɴam1	
㺂	ɴam1	
𧬌	ɴam1	
㰹	χam1	
𧍧	χam1	
𧮰	χam1	
䩂	χam1	
䩇	ʈam1	
鵮	ʈam1	
鵮	qʰam1	
𪉜	ʈam1	
𪉜	ʈam3	
諵	ɳam1	
諵	ɳam3	
喃	ɳam1	
讒	dʐam1	
讒	dʐam3	
獑	dʐam1	
饞	dʐam1	
毚	dʐam1	
㺥	dʐam1	
𪗂	dʐam1	
欃	dʐam1	
欃	dʐam3	
攙	dʐam1	
攙	tʂʰam1	
𪖎	dʐam1	
𢽝	dʐam1	
儳	dʐam1	
儳	dʐam3	
儳	tʂʰam3	
酁	dʐam1	
𢽣	qʰam1	
厱	qʰam1	
厱	kˠʰəm1	
𠔺	qʰam1	
銜	ʁam1	
甉	ʁam1	
甉	ʁam2	
甉	ʁam3	新
巉	dʐam1	
巉	dʐam2	
巉	dʐam3	新
嶃	dʐam1	
嶃	dʐam2	
嶃	dʐam3	新
劖	dʐam1	
艬	dʐam1	
艬	dʐam3	
鑱	dʐam1	
鑱	dʐam3	
嚵	dʐam1	
嚵	dzʲem2	
嚵	tʂʰam3	
嚵	dzʲem3	新
巖	ɴam1	
礹	ɴam1	
礹	ŋˠəm2	
𡆑	ɴam1	
衫	ʂam1	
縿	ʂam1	
芟	ʂam1	
穇	ʂam1	
監	qam1	
監	qam3	
礛	qam1	
𥌈	qam1	
𥌈	qam3	
鑑	qam1	
鑑	qam3	
㔋	qam1	
㔋	ʁam2	
㔋	lɑm3	
㔋	qam3	
㔋	ʁam3	新
𨂝	bam1	
嵌	qʰam1	
嵌	dzɑm2	
嵌	dzɑm3	新
嚴	ŋˠəm1	
䉷	ŋˠəm1	
𩏩	xˠəm1	
𩏩	xˠem2	
杴	xˠəm1	
㿌	xˠəm1	
𥟕	xˠəm1	
腌	ʔˠəm1	
腌	ʔˠep4	
腌	ʔˠəp4	
凡	vəm1	
帆	vəm1	
帆	vəm3	
𠆩	vəm1	
𠆩	fʰəm3	
𦨲	vəm1	
氾	vəm1	
氾	fʰəm3	
颿	vəm1	
颿	vəm3	
柉	vəm1	
䒦	fʰəm1	
䒦	fʰəm3	
𣢲	fʰəm1	
董	tɨwŋ2	
箽	tɨwŋ2	
𢤦	tɨwŋ2	
䵔	tɨwŋ2	
𧄓	tɨwŋ2	
𤾬	mɨwŋ2	
曚	mɨwŋ2	
懵	mɨwŋ2	
懵	mɨŋ3	
孔	qʰɨwŋ2	
㪌	sɨwŋ2	
䉥	sɨwŋ2	
桶	tʰɨwŋ2	
桶	dɨwŋ2	
桶	dɨwŋ3	新
捅	tʰɨwŋ2	
總	tsɨwŋ2	
摠	tsɨwŋ2	
𢝰	tsɨwŋ2	
㢔	tsɨwŋ2	
蓯	tsɨwŋ2	
䁓	tsɨwŋ2	
䁓	tsɨwŋ3	
䁓	qaj3	
𨍈	tsɨwŋ2	
傯	tsɨwŋ2	
傯	tsɨwŋ3	
澒	ʁɨwŋ2	
澒	ʁɨwŋ3	新
𧋔	ʁɨwŋ2	
𧋔	ʁɨwŋ3	新
𠳃	ʁɨwŋ2	
𠳃	ʁɨwŋ3	新
汞	ʁɨwŋ2	
汞	ʁɨwŋ3	新
滃	ʔɨwŋ2	
暡	ʔɨwŋ2	
勜	ʔɨwŋ2	
䐥	ʔɨwŋ2	
塕	ʔɨwŋ2	
𤌏	ʔɨwŋ2	
琫	pɨwŋ2	
菶	pɨwŋ2	
菶	bɨwŋ2	
菶	bɨwŋ3	新
𦂌	pɨwŋ2	
𦂌	pawŋ2	
俸	pɨwŋ2	
俸	vuŋ3	
竉	lɨwŋ2	
攏	lɨwŋ2	
𢤱	lɨwŋ2	
儱	lɨwŋ2	
儱	lˠuŋ3	
嗊	χɨwŋ2	
𢦅	χɨwŋ2	
動	dɨwŋ2	
動	dɨwŋ3	新
𨔝	dɨwŋ2	
𨔝	dɨwŋ3	新
姛	dɨwŋ2	
姛	dɨwŋ3	新
詷	dɨwŋ2	
詷	dɨwŋ3	
唪	bɨwŋ2	
唪	vuŋ2	
唪	bɨwŋ3	新
唪	vuŋ3	新
埲	bɨwŋ2	
埲	bɨwŋ3	新
腫	tɕuŋ2	
種	tɕuŋ2	
種	tɕuŋ3	
踵	tɕuŋ2	
歱	tɕuŋ2	
㣫	tɕuŋ2	
喠	tɕuŋ2	
喠	tɕʰuŋ2	
寵	ʈˠʰuŋ2	
𧼙	ʈˠʰuŋ2	
𧼙	ʈˠʰuk4	
埫	ʈˠʰuŋ2	
隴	lˠuŋ2	
壠	lˠuŋ2	
㙙	lˠuŋ2	
擁	ʔˠuŋ2	
𢶜	ʔˠuŋ2	
宂	ɲuŋ2	
𡦼	ɲuŋ2	
䢇	ɲuŋ2	
𣭲	ɲuŋ2	
氄	ɲuŋ2	
軵	ɲuŋ2	
𤘺	ɲuŋ2	
𪕎	ɲuŋ2	
𢫨	ɲuŋ2	
𢫨	ɳˠuŋ3	
𨍷	ɲuŋ2	
𢝆	ɖˠuŋ2	
𢝆	ɖˠuŋ3	新
冢	ʈˠuŋ2	
塚	ʈˠuŋ2	
奉	vuŋ2	
奉	vuŋ3	新
捧	fʰuŋ2	
勇	juŋ2	
恿	juŋ2	
涌	juŋ2	
甬	juŋ2	
踊	juŋ2	
慂	juŋ2	
𧻹	juŋ2	
塎	juŋ2	
悀	juŋ2	
埇	juŋ2	
蛹	juŋ2	
𧗴	juŋ2	
恐	kˠʰuŋ2	
恐	kˠʰuŋ3	
𢖶	kˠʰuŋ2	
𢖶	kˠʰuŋ3	
𦶐	kˠʰuŋ2	
𦶐	kˠʰuŋ3	
尰	dʑuŋ2	
尰	dʑuŋ3	新
𤺄	dʑuŋ2	
𤺄	dʑuŋ3	新
𢡹	dʑuŋ2	
𢡹	dʑuŋ3	新
拱	kˠuŋ2	
拲	kˠuŋ2	
拲	kˠuk4	
鞏	kˠuŋ2	
孒	kˠuŋ2	
孒	kˠut4	
孒	kˠwət4	
𢪒	kˠuŋ2	
㤨	kˠuŋ2	
𢸁	kˠuŋ2	
㼦	kˠuŋ2	
㧬	kˠuŋ2	
䡗	kˠuŋ2	
䱋	kˠuŋ2	
巩	kˠuŋ2	
栱	kˠuŋ2	
悚	sʲuŋ2	
竦	sʲuŋ2	
慫	sʲuŋ2	
聳	sʲuŋ2	
𦄼	sʲuŋ2	
𦄼	sʲu2	
𦄼	sʲɨw2	
㩳	sʲuŋ2	
駷	sʲuŋ2	
駷	sɨw2	
愯	sʲuŋ2	
傱	sʲuŋ2	
䙕	sʲuŋ2	
䙕	tsʲuŋ2	
詾	xˠuŋ2	
覂	fuŋ2	
𢇫	fuŋ2	
湩	tuŋ2	
湩	tɨwŋ3	
湩	ʈˠuŋ3	
𪁪	muŋ2	
𪁪	mawŋ2	
䏵	muŋ2	
𨿿	tɕʰuŋ2	
幒	tsʲʰuŋ2	
𢃓	tsʲʰuŋ2	
講	qawŋ2	
港	qawŋ2	
港	ʁɨwŋ3	
傋	qawŋ2	
傋	χawŋ2	
耩	qawŋ2	
㭋	bawŋ2	
㭋	bawŋ3	新
棒	bawŋ2	
棒	bawŋ3	新
玤	bawŋ2	
玤	bawŋ3	新
𢗒	bawŋ2	
𢗒	bawŋ3	新
蚌	bawŋ2	
蚌	bawŋ3	新
蜯	bawŋ2	
蜯	bawŋ3	新
䎧	bawŋ2	
䎧	bawŋ3	新
慃	ʔawŋ2	
項	ʁawŋ2	
項	ʁawŋ3	新
缿	ʁawŋ2	
缿	ʁawŋ3	新
𢞡	χawŋ2	
紙	tɕie2	
帋	tɕie2	
軹	tɕie2	
枳	tɕie2	
枳	kʲie2	
咫	tɕie2	
扺	tɕie2	
𣲵	tɕie2	
坁	tɕie2	
汦	tɕie2	
抧	tɕie2	
恀	tɕie2	
恀	dʑie2	
恀	tɕʰie2	
恀	dʑie3	新
䅩	tɕie2	
䳅	tɕie2	
是	dʑie2	
是	dʑie3	新
諟	dʑie2	
諟	dʑie3	新
徥	dʑie2	
徥	ɖˠie2	
徥	dʑie3	新
徥	ɖˠie3	新
𤜣	dʑie2	
𤜣	ʑie2	
𤜣	dʑie3	新
𤜣	ʑie3	新
䟗	dʑie2	
䟗	dʑie3	新
靡	mˠie2	
𨇻	mˠie2	
𪎓	mˠie2	
骳	mˠie2	
𡬍	mˠie2	
𡬍	mej2	
彼	pˠie2	
㗗	pˠie2	
柀	pˠie2	
佊	pˠie2	
佊	pˠie3	
𠐌	pˠie2	
被	bˠie2	
被	bˠie3	
毀	xˠwie2	
毀	xˠwie3	
燬	xˠwie2	
檓	xˠwie2	
毇	xˠwie2	
𥶵	xˠwie2	
𠷏	xˠwie2	
𠷏	ʔˠwie2	
譭	xˠwie2	
㩓	xˠwie2	
烜	xˠwie2	
烜	xˠwən2	
𡢕	xˠwie2	
骫	ʔˠwie2	
䍴	ʔˠwie2	
䍴	ʔˠwie3	
跪	kˠʰwie2	
跪	ɡˠwie2	
跪	ɡˠwie3	新
𣄲	kˠʰwie2	
詭	kˠwie2	
垝	kˠwie2	
垝	kˠwie3	
陒	kˠwie2	
䣀	kˠwie2	
䣀	ɡˠwi2	
䣀	ɡˠwi3	新
攱	kˠwie2	
攱	kˠwie3	
䤥	kˠwie2	
觤	kˠwie2	
恑	kˠwie2	
蛫	kˠwie2	
祪	kˠwie2	
庪	kˠwie2	
䃽	kˠwie2	
庋	kˠwie2	
庋	kˠie2	
𪀗	kˠwie2	
𪀗	ŋˠwie2	
姽	kˠwie2	
姽	ŋˠwie2	
佹	kˠwie2	
髓	sʲwie2	
嶲	sʲwie2	
靃	sʲwie2	
靃	χwɑk4	
䭉	sʲwie2	
𣿂	sʲwie2	
絫	lˠwie2	
累	lˠwie2	
累	lˠwie3	
樏	lˠwie2	
䉂	lˠwie2	
厽	lˠwie2	
垒	lˠwie2	
垒	lˠwi3	
技	ɡˠie2	
技	ɡˠie3	新
徛	ɡˠie2	
徛	kˠie3	
徛	ɡˠie3	新
倚	ʔˠie2	
倚	ʔˠie3	
輢	ʔˠie2	
輢	ɡˠie3	
輢	ʔˠie3	
剞	kˠie2	
㞆	kˠie2	
㞆	kˠʰie3	
綺	kˠʰie2	
婍	kˠʰie2	
螘	ŋˠie2	
螘	ŋˠɨj2	
蟻	ŋˠie2	
礒	ŋˠie2	
齮	ŋˠie2	
艤	ŋˠie2	
檥	ŋˠie2	
㠖	ŋˠie2	
䰙	ŋˠie2	
蔿	ɰwie2	
儰	ɰwie2	
蘤	ɰwie2	
𤺉	ɰwie2	
薳	ɰwie2	
寪	ɰwie2	
蘂	ɲwie2	
蕊	ɲwie2	
蕊	ɲwi2	
繠	ɲwie2	
繠	ɲwi2	
此	tsʲʰie2	
跐	tsʲʰie2	
跐	tsʲie2	
跐	tʂie2	
佌	tsʲʰie2	
泚	tsʲʰie2	
泚	tsʰej2	
𩢑	tsʲʰie2	
𠈈	tsʲʰie2	
𠈈	sʲie2	
𧺼	tsʲʰie2	
𡘌	tsʲʰie2	
𡘌	χaj3	
豸	ɖˠie2	
豸	ɖaj2	
豸	ɖˠie3	新
豸	ɖaj3	新
陊	ɖˠie2	
陊	dɑ2	
陊	ɖˠie3	新
陊	dɑ3	新
䊓	ɖˠie2	
䊓	dʑie3	
䊓	ɖˠie3	新
踶	ɖˠie2	
踶	dej3	
踶	ɖˠie3	新
阤	ɖˠie2	
阤	ɕie2	
阤	ɖˠie3	新
䚦	ɖˠie2	
䚦	ɖˠie3	新
廌	ɖˠie2	
廌	ɖaj2	
廌	ɖˠie3	新
廌	ɖaj3	新
徙	sʲie2	
壐	sʲie2	
璽	sʲie2	
𢇌	sʲie2	
肔	jie2	
崺	jie2	
扡	jie2	
孈	jie2	
孈	jwi2	
孈	xʲwie3	
孈	ʁwaj3	
孈	ʁwa3	新
邐	lˠie2	
峛	lˠie2	
㸚	lˠie2	
㸚	lej3	
躧	ʂie2	
躧	ʂaj2	
𩎉	ʂie2	
灑	ʂie2	
灑	ʂaj2	
灑	ʂa2	
灑	ʂie3	
纚	ʂie2	
縰	ʂie2	
𩌦	ʂie2	
𩌦	ʂaj2	
𩌦	ʂie3	
屣	ʂie2	
屣	ʂie3	
𢔌	pʲie2	
俾	pʲie2	
𪐄	pʲie2	
𪐄	baj3	
髀	pʲie2	
髀	pʲi2	
髀	bej2	
髀	bej3	新
𦸣	pʲie2	
𦸣	bej2	
𦸣	pʲi3	
𦸣	bej3	新
𠬈	pʲie2	
𢳋	pʲie2	
爾	ɲie2	
尒	ɲie2	
邇	ɲie2	
𨒛	ɲie2	
渳	mʲie2	
弭	mʲie2	
濔	mʲie2	
羋	mʲie2	
敉	mʲie2	
侎	mʲie2	
葞	mʲie2	
䖹	mʲie2	
𩰞	mʲie2	
𩰞	nej2	
㥝	mʲie2	
婢	bʲie2	
婢	bʲie3	新
侈	tɕʰie2	
𡚼	tɕʰie2	
㢋	tɕʰie2	
㢁	tɕʰie2	
垑	tɕʰie2	
懘	tɕʰie2	
懘	tɕʰej3	
㶴	tɕʰie2	
袳	tɕʰie2	
𧰲	tɕʰie2	
弛	ɕie2	
豕	ɕie2	
紫	tsʲie2	
訿	tsʲie2	
𣸆	tsʲie2	
呰	tsʲie2	
㧗	tsʲie2	
㧗	tʂie2	
㧗	tsej2	
捶	tɕwie2	
𦓝	tɕwie2	
𦓝	tɕwen2	
沝	tɕwie2	
揣	tʂʰwie2	
揣	twɑ2	
㪜	tʂʰwie2	
㪜	tɕʰwen2	
㪜	twɑ2	
𤢍	zʲwie2	
𤢍	zʲwie3	新
舓	ʑie2	
舓	ʑie3	新
𦧇	ʑie2	
𦧇	ʑie3	新
舐	ʑie2	
舐	ʑie3	新
諀	pʲʰie2	
庀	pʲʰie2	
疕	pʲʰie2	
疕	pʲi2	
疕	pˠʰi2	
䚹	pʲʰie2	
吡	pʲʰie2	
吡	bʲit4	
䓈	jwie2	
䓈	jwak4	
芛	jwie2	
芛	jwit4	
撱	jwie2	
撱	jwi2	
𤼒	jwie2	
跬	kʲʰwie2	
䞨	kʲʰwie2	
頍	kʲʰwie2	
䠑	kʲʰwie2	
狔	ɳˠie2	
旎	ɳˠie2	
硊	ŋˠwie2	
頠	ŋˠwie2	
頠	ɴwəj2	
㨖	ʈˠie2	
㨖	ʈˠi2	
㨖	ʈˠi3	
𧛢	ʈˠie2	
𪖥	xˠie2	
𪖥	xˠɨj2	
企	kʲʰie2	
企	kʲʰie3	
菙	dʑwie2	
菙	dʑwie3	新
㥨	dʑwie2	
㥨	dʑwie3	新
旨	tɕi2	
指	tɕi2	
恉	tɕi2	
䛗	tɕi2	
厎	tɕi2	
茋	tɕi2	
視	dʑi2	
視	dʑi3	
眎	dʑi2	
眎	dʑi3	
眎	ʑi3	
美	mˠi2	
媺	mˠi2	
𤛎	mˠi2	
𤛎	mˠin2	
渼	mˠi2	
媄	mˠi2	
鄙	pˠi2	
娝	pˠi2	
痞	pˠi2	
痞	bˠi2	
痞	fɨw2	
痞	bˠi3	新
兕	zʲi2	
兕	zʲi3	新
𧰽	zʲi2	
𧰽	zʲi3	新
𠒅	zʲi2	
𠒅	zʲi3	新
𠒃	zʲi2	
𠒃	zʲi3	新
薙	zʲi2	
薙	ɖˠi2	
薙	tʰej3	
薙	zʲi3	新
薙	ɖˠi3	新
䒨	zʲi2	
䒨	zʲi3	新
几	kˠi2	
𪊨	kˠi2	
麂	kˠi2	
㞦	kˠi2	
䢳	kˠi2	
㞛	kˠi2	
䂹	kˠi2	
䂹	ʂak4	
姊	tsʲi2	
秭	tsʲi2	
匕	pʲi2	
妣	pʲi2	
秕	pʲi2	
䃾	pʲi2	
䃾	bʲi3	
䃾	pʲi3	
朼	pʲi2	
軌	kˠwi2	
簋	kˠwi2	
晷	kˠwi2	
厬	kˠwi2	
𣷾	kˠwi2	
宄	kˠwi2	
匭	kˠwi2	
𠥗	kˠwi2	
氿	kˠwi2	
𧗝	kˠwi2	
洧	ɰwi2	
鮪	ɰwi2	
痏	ɰwi2	
䵋	ɰwi2	
䵋	qwəj3	
矢	ɕi2	
𠂕	ɕi2	
𦳊	ɕi2	
雉	ɖˠi2	
雉	ɖˠi3	新
滍	ɖˠi2	
滍	ɖˠi3	新
死	sʲi2	
牝	bʲi2	
牝	bʲin2	
牝	bʲi3	新
牝	bʲin3	新
履	lˠi2	
水	ɕwi2	
壘	lˠwi2	
蜼	lˠwi2	
蜼	jwi3	
蜼	jɨw3	
櫐	lˠwi2	
蘽	lˠwi2	
𡻭	lˠwi2	
藟	lˠwi2	
誄	lˠwi2	
耒	lˠwi2	
耒	lwəj3	
讄	lˠwi2	
𤢹	lˠwi2	
揆	ɡʲwi2	
揆	ɡʲwi3	新
趡	tsʲʰwi2	
踓	tsʲʰwi2	
踓	jwi2	
𨿐	tsʲʰwi2	
癸	kʲwi2	
否	bˠi2	
否	fɨw2	
否	fu2	新
否	bˠi3	新
圮	bˠi2	
圮	bˠi3	新
𢁦	bˠi2	
𢁦	bˠi3	新
䤏	bˠi2	
䤏	bˠi3	新
㠑	dzʲwi2	
㠑	dzwəj2	
㠑	dzʲwi3	新
㠑	dzwəj3	新
嚭	pˠʰi2	
𡺮	pˠʰi2	
䲊	jwi2	
䲊	dwɑ2	
䲊	tʰwɑ2	
䲊	dwɑ3	新
瀢	jwi2	
瀢	dwəj2	
瀢	dwəj3	新
㰻	ʔˠi2	
濢	tsʲwi2	
濢	tsʲʰwi3	
噿	tsʲwi2	
臎	tsʲwi2	
臎	tsʲʰwi3	
黹	ʈˠi2	
𢾫	ʈˠi2	
夂	ʈˠi2	
𡳭	ʈˠʰi2	
𡳭	ʈˠʰi3	
𧿲	tʂi2	
䁤	xʲwi2	
䁤	xʲwi3	
跽	ɡˠi2	
跽	ɡˠi3	新
止	tɕi2	
畤	tɕi2	
畤	dʑi2	
畤	ɖˠi2	
畤	dʑi3	新
畤	ɖˠi3	新
沚	tɕi2	
洔	tɕi2	
洔	ɖˠi2	
洔	ɖˠi3	新
茝	tɕi2	
茝	tɕʰəj2	
趾	tɕi2	
址	tɕi2	
阯	tɕi2	
芷	tɕi2	
市	dʑi2	
市	dʑi3	新
恃	dʑi2	
恃	dʑi3	新
𧩼	ʈˠi2	
𧩼	ʈˠʰi3	
喜	xˠi2	
憙	xˠi2	
憙	xˠi3	
蟢	xˠi2	
紀	kˠi2	
己	kˠi2	
妀	kˠi2	
𠮯	kˠi2	
以	ji2	
㠯	ji2	
已	ji2	
已	ji3	
苡	ji2	
苢	ji2	
佁	ji2	
佁	jəj2	
佁	ʈˠʰi3	
攺	ji2	
攺	zʲi2	
攺	zʲi3	新
似	zʲi2	
似	zʲi3	新
佀	zʲi2	
佀	zʲi3	新
祀	zʲi2	
祀	zʲi3	新
𥘰	zʲi2	
𥘰	zʲi3	新
禩	zʲi2	
禩	zʲi3	新
姒	zʲi2	
姒	zʲi3	新
巳	zʲi2	
巳	zʲi3	新
耜	zʲi2	
耜	zʲi3	新
𦓨	zʲi2	
𦓨	zʲi3	新
汜	zʲi2	
汜	zʲi3	新
泤	zʲi2	
泤	zʲi3	新
鈶	zʲi2	
鈶	zʲi3	新
𪊍	zʲi2	
𪊍	zʲi3	新
史	ʂi2	
使	ʂi2	
使	ʂi3	
駛	ʂi2	
駛	ʂi3	
𩰢	ʂi2	
𩰢	ʂi3	
耳	ɲi2	
洱	ɲi2	
洱	ɲi3	
駬	ɲi2	
䋙	ɲi2	
𪕔	ɲi2	
里	lˠi2	
裏	lˠi2	
鯉	lˠi2	
李	lˠi2	
理	lˠi2	
娌	lˠi2	
俚	lˠi2	
𨛋	lˠi2	
枲	sʲi2	
𦱓	sʲi2	
𤟧	sʲi2	
葸	sʲi2	
𠪙	sʲi2	
始	ɕi2	
歭	ɖˠi2	
歭	ɖˠi3	新
跱	ɖˠi2	
跱	ɖˠi3	新
峙	ɖˠi2	
峙	ɖˠi3	新
痔	ɖˠi2	
痔	ɖˠi3	新
偫	ɖˠi2	
偫	ɖˠi3	新
秲	ɖˠi2	
秲	dʑi3	
秲	ɖˠi3	新
庤	ɖˠi2	
庤	ɖˠi3	新
起	kˠʰi2	
邔	kˠʰi2	
邔	ɡˠi3	
杞	kˠʰi2	
屺	kˠʰi2	
玘	kˠʰi2	
芑	kˠʰi2	
士	dʐi2	
士	dʐi3	新
仕	dʐi2	
仕	dʐi3	新
柹	dʐi2	
柹	dʐi3	新
𢨪	dʐi2	
𢨪	dʐi3	新
戺	dʐi2	
戺	dʐi3	新
竢	ʐi2	
竢	ʐi3	新
涘	ʐi2	
涘	ʐi3	新
騃	ʐi2	
騃	ɴaj2	
騃	ʐi3	新
𥾩	ʐi2	
𥾩	ʐi3	新
𥏳	ʐi2	
𥏳	ʐi3	新
𢓪	ʐi2	
𢓪	ʐi3	新
子	tsʲi2	
㜽	tsʲi2	
虸	tsʲi2	
耔	tsʲi2	
秄	tsʲi2	
梓	tsʲi2	
杍	tsʲi2	
矣	ɰi2	
𦮸	ɰi2	
擬	ŋˠi2	
儗	ŋˠi2	
儗	ŋˠi3	
儗	ɴəj3	
儗	χəj3	
薿	ŋˠi2	
薿	ŋˠɨk4	
孴	ŋˠi2	
孴	jip4	
譺	ŋˠi2	
譺	ŋˠi3	
譺	ɴaj3	
𥣖	ŋˠi2	
齒	tɕʰi2	
䊼	tɕʰi2	
恥	ʈˠʰi2	
祉	ʈˠʰi2	
㓼	tʂʰit4	
欼	tʂʰwaj3	
㱀	tʂʰwaj3	
滓	tʂi2	
笫	tʂi2	
胏	tʂi2	
䔂	tʂi2	
𠂔	tʂi2	
醷	ʔˠi2	
醷	ʔˠɨk4	
伱	ɳˠi2	
聻	ɳˠi2	
尾	ɱuj2	
斖	ɱuj2	
浘	ɱuj2	
娓	ɱuj2	
娓	mˠi3	
䞔	ɱuj2	
䅏	ɱuj2	
䬿	ɱuj2	
扆	ʔˠɨj2	
偯	ʔˠɨj2	
㕈	ʔˠɨj2	
㕈	ʔəj2	
㕈	ʔwəj3	
僾	ʔˠɨj2	
僾	ʔəj3	
靉	ʔˠɨj2	
靉	ʔəj3	
豈	kˠʰɨj2	
䔇	kˠʰɨj2	
䔇	ʁwəj3	
穖	kˠɨj2	
斐	fʰuj2	
朏	fʰuj2	
朏	pʰəj2	
悱	fʰuj2	
𩦎	fʰuj2	
奜	fʰuj2	
匪	fuj2	
篚	fuj2	
棐	fuj2	
榧	fuj2	
䕁	fuj2	
蜚	fuj2	
蜚	vuj3	
韙	ɰuj2	
煒	ɰuj2	
暐	ɰuj2	
偉	ɰuj2	
瑋	ɰuj2	
葦	ɰuj2	
椲	ɰuj2	
韡	ɰuj2	
𩘚	ɰuj2	
愇	ɰuj2	
𢯷	ɰuj2	
鬼	kˠuj2	
𤈦	xˠuj2	
𩄁	xˠuj2	
虫	xˠuj2	
卉	xˠuj2	
卉	xˠuj3	
顗	ŋˠɨj2	
霼	xˠɨj2	
霼	xˠɨj3	
唏	xˠɨj2	
唏	xˠɨj3	
磈	ʔˠuj2	
磈	qʰwəj2	
膹	vuj2	
膹	vun2	
膹	vuj3	新
膹	vun3	新
䆏	vuj2	
䆏	vuj3	
陫	vuj2	
陫	vuj3	新
䒈	vuj2	
䒈	vuj3	新
語	ŋˠɨ2	
語	ŋˠɨ3	
篽	ŋˠɨ2	
籞	ŋˠɨ2	
圉	ŋˠɨ2	
敔	ŋˠɨ2	
圄	ŋˠɨ2	
䥏	ŋˠɨ2	
禦	ŋˠɨ2	
蘌	ŋˠɨ2	
呂	lˠɨ2	
膂	lˠɨ2	
旅	lˠɨ2	
𥰠	lˠɨ2	
祣	lˠɨ2	
穭	lˠɨ2	
梠	lˠɨ2	
儢	lˠɨ2	
侶	lˠɨ2	
㭚	lˠɨ2	
郘	lˠɨ2	
絽	lˠɨ2	
𢈚	lˠɨ2	
佇	ɖˠɨ2	
佇	ɖˠɨ3	新
竚	ɖˠɨ2	
竚	ɖˠɨ3	新
芧	ɖˠɨ2	
芧	ɖˠɨ3	新
苧	ɖˠɨ2	
苧	ɖˠɨ3	新
紵	ɖˠɨ2	
紵	ɖˠɨ3	新
杼	ɖˠɨ2	
杼	ʑɨ2	
杼	ɖˠɨ3	新
杼	ʑɨ3	新
羜	ɖˠɨ2	
羜	ɖˠɨ3	新
眝	ɖˠɨ2	
眝	ɖˠɨ3	新
与	jɨ2	
𢌱	jɨ2	
䰞	tɕɨ2	
煑	tɕɨ2	
陼	tɕɨ2	
渚	tɕɨ2	
汝	ɲɨ2	
肗	ɲɨ2	
𪏮	ɲɨ2	
暑	ɕɨ2	
鼠	ɕɨ2	
黍	ɕɨ2	
𧑓	ɕɨ2	
癙	ɕɨ2	
杵	tɕʰɨ2	
處	tɕʰɨ2	
處	tɕʰɨ3	
貯	ʈˠɨ2	
𡪄	ʈˠɨ2	
𢁼	ʈˠɨ2	
褚	ʈˠɨ2	
褚	ʈˠʰɨ2	
𤲑	ʈˠɨ2	
䍆	ʈˠɨ2	
詝	ʈˠɨ2	
䘢	ʈˠɨ2	
醑	sʲɨ2	
糈	sʲɨ2	
糈	ʂɨ2	
𥚩	sʲɨ2	
楮	ʈˠʰɨ2	
楮	tu2	
柠	ʈˠʰɨ2	
女	ɳˠɨ2	
女	ɳˠɨ3	
籹	ɳˠɨ2	
許	xˠɨ2	
鄦	xˠɨ2	
巨	ɡˠɨ2	
巨	ɡˠɨ3	新
拒	ɡˠɨ2	
拒	ɡˠɨ3	新
秬	ɡˠɨ2	
秬	ɡˠɨ3	新
距	ɡˠɨ2	
距	ɡˠɨ3	新
𧣒	ɡˠɨ2	
𧣒	ɡˠɨ3	新
炬	ɡˠɨ2	
炬	ɡˠɨ3	新
粔	ɡˠɨ2	
粔	ɡˠɨ3	新
𧇽	ɡˠɨ2	
𧇽	ɡˠɨ3	新
虡	ɡˠɨ2	
虡	ɡˠɨ3	新
鉅	ɡˠɨ2	
鉅	ɡˠɨ3	新
苣	ɡˠɨ2	
苣	ɡˠɨ3	新
駏	ɡˠɨ2	
駏	ɡˠɨ3	新
𦊐	ɡˠɨ2	
𦊐	ɡˠɨ3	新
詎	ɡˠɨ2	
詎	ɡˠɨ3	
歫	ɡˠɨ2	
歫	ɡˠɨ3	新
䶙	ɡˠɨ2	
䶙	ɡˠɨ3	新
所	ʂɨ2	
𠩄	ʂɨ2	
齭	ʂɨ2	
齭	tʂʰɨ2	
盨	ʂɨ2	
䝪	ʂɨ2	
楚	tʂʰɨ2	
楚	tʂʰɨ3	
礎	tʂʰɨ2	
齼	tʂʰɨ2	
𪓐	tʂʰɨ2	
䙘	tʂʰɨ2	
䙘	tsʲɨwk4	
憷	tʂʰɨ2	
濋	tʂʰɨ2	
阻	tʂɨ2	
阻	tʂɨ3	
俎	tʂɨ2	
齟	dʐɨ2	
齟	dʐɨ3	新
咀	dzʲɨ2	
咀	tsʲɨ2	
咀	dzʲɨ3	新
跙	dzʲɨ2	
跙	dzʲɨ3	新
𧽟	dzʲɨ2	
𧽟	dzʲɨ3	新
𢮁	ʔˠɨ2	
𢮁	ʔˠɨ3	
𩩘	ʔˠɨ2	
舉	kˠɨ2	
莒	kˠɨ2	
櫸	kˠɨ2	
筥	kˠɨ2	
𧺹	kˠɨ2	
弆	kˠɨ2	
弆	kˠʰɨ2	
柜	kˠɨ2	
䢹	kˠɨ2	
𠢈	kˠɨ2	
敘	zʲɨ2	
敘	zʲɨ3	新
緒	zʲɨ2	
緒	zʲɨ3	新
序	zʲɨ2	
序	zʲɨ3	新
漵	zʲɨ2	
漵	zʲɨ3	新
抒	zʲɨ2	
抒	ʑɨ2	
抒	zʲɨ3	新
抒	ʑɨ3	新
嶼	zʲɨ2	
嶼	zʲɨ3	新
鱮	zʲɨ2	
鱮	zʲɨ3	新
𨣦	zʲɨ2	
𨣦	zʲɨ3	新
𥎗	zʲɨ2	
𥎗	zʲɨ3	新
𡱣	zʲɨ2	
𡱣	jɨ3	
𡱣	zʲɨ3	
去	kˠʰɨ2	
去	kˠʰɨ3	
麮	kˠʰɨ2	
麮	kˠʰɨ3	
𧉧	kˠʰɨ2	
野	dʑɨ2	
野	ja2	
野	dʑɨ3	新
墅	dʑɨ2	
墅	dʑɨ3	新
䃊	tsʲɨ2	
䃊	tsʲak4	
俁	ŋˠu2	
噳	ŋˠu2	
羽	ɰu2	
羽	ɰu3	
禹	ɰu2	
雨	ɰu2	
雨	ɰu3	
宇	ɰu2	
㝢	ɰu2	
瑀	ɰu2	
祤	ɰu2	
祤	xˠu2	
栩	ɰu2	
栩	xˠu2	
鄅	ɰu2	
楀	ɰu2	
楀	kˠu2	
萭	ɰu2	
萭	kˠu2	
䣁	ɰu2	
聥	ɰu2	
聥	kˠu2	
䨞	ɰu2	
聚	dzʲu2	
聚	dzʲu3	
甫	fu2	
脯	fu2	
斧	fu2	
頫	fu2	
頫	tʰew3	
俯	fu2	
府	fu2	
腑	fu2	
黼	fu2	
莆	fu2	
𧉊	fu2	
俌	fu2	
俌	fʰu2	
㕮	fu2	
㕮	vu2	
㕮	vu3	新
父	fu2	
父	vu2	
父	vu3	新
𥒰	fu2	
蚥	fu2	
蚥	vu2	
蚥	vu3	新
武	ɱu2	
舞	ɱu2	
儛	ɱu2	
嫵	ɱu2	
侮	ɱu2	
㒇	ɱu2	
珷	ɱu2	
碔	ɱu2	
廡	ɱu2	
𢋑	ɱu2	
甒	ɱu2	
潕	ɱu2	
鵡	ɱu2	
䳇	ɱu2	
䳇	mɨw2	
娬	ɱu2	
敄	ɱu2	
敄	ɱu3	
䒉	ɱu2	
𣞤	ɱu2	
輔	vu2	
輔	vu3	新
䩉	vu2	
䩉	vu3	新
𩒺	vu2	
𩒺	vu3	新
腐	vu2	
腐	vu3	新
𩾿	vu2	
𩾿	vu3	新
滏	vu2	
滏	vu3	新
䭸	vu2	
䭸	vu3	新
㾈	vu2	
㾈	vu3	新
鬴	vu2	
鬴	vu3	新
釜	vu2	
釜	vu3	新
䪔	vu2	
䪔	vu3	新
撫	fʰu2	
𢻬	fʰu2	
弣	fʰu2	
𠛺	fʰu2	
拊	fʰu2	
殕	fʰu2	
殕	fɨw2	
殕	ʔɨk4	
䋨	fʰu2	
剖	fʰu2	
剖	pʰɨw2	
䌗	fʰu2	
𦵿	fʰu2	
柱	ɖˠu2	
柱	ʈˠu2	
柱	ɖˠu3	新
跓	ɖˠu2	
跓	ɖˠu3	新
嵀	ɖˠu2	
嵀	ɖˠu3	新
詡	xˠu2	
冔	xˠu2	
珝	xˠu2	
喣	xˠu2	
煦	xˠu2	
煦	xˠu3	
豎	dʑu2	
豎	dʑu3	新
竪	dʑu2	
竪	dʑu3	新
樹	dʑu2	
樹	dʑu3	
裋	dʑu2	
裋	dʑu3	新
庾	ju2	
窳	ju2	
𥦠	ju2	
愈	ju2	
㼌	ju2	
貐	ju2	
斞	ju2	
主	tɕu2	
麈	tɕu2	
枓	tɕu2	
枓	tɨw2	
宔	tɕu2	
炷	tɕu2	
炷	tɕu3	
傴	ʔˠu2	
噢	ʔˠu2	
噢	ʔˠɨwk4	
齲	kˠʰu2	
踽	kˠʰu2	
踽	kˠu2	
竘	kˠʰu2	
竘	qʰɨw2	
拄	ʈˠu2	
丶	ʈˠu2	
𪐴	ʈˠu2	
乳	ɲu2	
窶	ɡˠu2	
窶	ɡˠu3	新
貗	ɡˠu2	
貗	ɡˠu3	新
數	ʂu2	
數	ʂu3	
數	ʂawk4	
籔	ʂu2	
籔	sɨw2	
矩	kˠu2	
榘	kˠu2	
䅓	kˠu2	
蒟	kˠu2	
蒟	kˠu3	
椇	kˠu2	
取	tsʲʰu2	
取	tsʰɨw2	
縷	lˠu2	
漊	lˠu2	
漊	lɨw2	
𪈜	lˠu2	
㜢	lˠu2	
𦭯	lˠu2	
䅡	sʲu2	
䝒	dʐu2	
䝒	dʐu3	新
𧱛	dʐu2	
𧱛	dʐu3	新
姥	mu2	
莽	mu2	
莽	mɑŋ2	
莽	mɨw2	
䥈	mu2	
䥈	mɑŋ2	
媽	mu2	
峔	mu2	
土	tʰu2	
土	du2	
土	du3	新
吐	tʰu2	
吐	tʰu3	
芏	tʰu2	
杜	du2	
杜	du3	新
靯	du2	
靯	du3	新
𡍨	du2	
𡍨	du3	新
𢾅	du2	
𢾅	du3	新
肚	du2	
肚	tu2	
肚	du3	新
𥀁	du2	
𥀁	tu2	
𥀁	du3	新
荰	du2	
荰	du3	新
魯	lu2	
櫓	lu2	
滷	lu2	
滷	tɕʰak4	
滷	dek4	
虜	lu2	
擄	lu2	
𢲸	lu2	
樐	lu2	
艣	lu2	
鐪	lu2	
蓾	lu2	
𧀦	lu2	
鹵	lu2	
㔪	lu2	
鏀	lu2	
䲐	lu2	
覩	tu2	
睹	tu2	
暏	tu2	
賭	tu2	
堵	tu2	
堵	tɕa2	
帾	tu2	
㕆	tu2	
㕆	ʁu2	
㕆	ʁu3	新
䁈	tu2	
䁈	qʰej3	
古	qu2	
鼓	qu2	
鼔	qu2	
瞽	qu2	
股	qu2	
𦙶	qu2	
罟	qu2	
蠱	qu2	
估	qu2	
鈷	qu2	
羖	qu2	
𦍩	qu2	
詁	qu2	
牯	qu2	
賈	qu2	
賈	qa2	
賈	qa3	
夃	qu2	
焸	qu2	
𠑹	qu2	
𥂩	qu2	
五	ɴu2	
午	ɴu2	
旿	ɴu2	
伍	ɴu2	
仵	ɴu2	
簿	bu2	
簿	bɑk4	
簿	bu3	新
部	bu2	
部	bɨw2	
部	bu3	新
粗	dzu2	
粗	dzu3	新
麆	dzu2	
麆	dʐɨ3	
麆	dzu3	新
駔	dzu2	
駔	tsɑŋ2	
駔	dzu3	新
祖	tsu2	
珇	tsu2	
組	tsu2	
䔃	tsu2	
靻	tsu2	
虎	χu2	
琥	χu2	
戽	χu2	
戽	ʁu2	
戽	χu3	
戽	ʁu3	新
滸	χu2	
𨛵	χu2	
萀	χu2	
䗂	χu2	
隖	ʔu2	
塢	ʔu2	
䃖	ʔu2	
𢄓	ʔu2	
溩	ʔu2	
䛩	ʔu2	
𧽋	ʔu2	
䡧	ʔu2	
苦	qʰu2	
苦	qʰu3	
𥯶	qʰu2	
怒	nu2	
怒	nu3	
弩	nu2	
努	nu2	
𧉭	nu2	
戶	ʁu2	
戶	ʁu3	新
楛	ʁu2	
楛	ʁu3	新
扈	ʁu2	
扈	ʁu3	新
怙	ʁu2	
怙	ʁu3	新
鄠	ʁu2	
鄠	ʁu3	新
帍	ʁu2	
帍	ʁu3	新
祜	ʁu2	
祜	ʁu3	新
昈	ʁu2	
昈	ʁu3	新
𡻮	ʁu2	
𡻮	ʁu3	新
岵	ʁu2	
岵	ʁu3	新
芐	ʁu2	
芐	ʁa3	
芐	ʁu3	新
雇	ʁu2	
雇	qu3	
雇	ʁu3	新
𩿇	ʁu2	
𩿇	ʁu3	新
𪄮	ʁu2	
𪄮	ʁu3	新
𨛸	ʁu2	
𨛸	ʁu3	新
婟	ʁu2	
婟	ʁu3	
𡜂	ʁu2	
𡜂	ʁu3	新
滬	ʁu2	
滬	ʁu3	新
簄	ʁu2	
簄	ʁu3	新
普	pʰu2	
溥	pʰu2	
溥	pɑk4	
浦	pʰu2	
烳	pʰu2	
補	pu2	
譜	pu2	
圃	pu2	
圃	pu3	
鱭	dzej2	
鱭	dzej3	新
禮	lej2	
礼	lej2	
𥴡	lej2	
𦫈	lej2	
澧	lej2	
醴	lej2	
鱧	lej2	
鱺	lej2	
𩽵	lej2	
欚	lej2	
豊	lej2	
體	tʰej2	
軆	tʰej2	
涕	tʰej2	
涕	tʰej3	
䪆	tʰej2	
挮	tʰej2	
𣈡	tʰej2	
䫌	pʰej2	
濟	tsej2	
濟	tsej3	
䍤	tsej2	
𠨍	tsej2	
邸	tej2	
底	tej2	
䏄	tej2	
抵	tej2	
牴	tej2	
觝	tej2	
㪆	tej2	
軧	tej2	
弟	dej2	
弟	dej3	
娣	dej2	
娣	dej3	
悌	dej2	
悌	dej3	
䑯	dej2	
䑯	dej3	新
遞	dej2	
遞	dej3	
㼵	dej2	
㼵	dej3	新
禰	nej2	
嬭	nej2	
嬭	ɳaj2	
苨	nej2	
𩋪	nej2	
𦰫	nej2	
坭	nej2	
𩯨	nej2	
薾	nej2	
鑈	nej2	
鑈	nep4	
𩍦	nej2	
洗	sej2	
洗	sen2	
洒	sej2	
洒	ʂaj3	
皉	tsʰej2	
啓	qʰej2	
棨	qʰej2	
綮	qʰej2	
䭬	qʰej2	
晵	qʰej2	
晵	kʲʰen3	
闙	qʰej2	
启	qʰej2	
䏿	qʰej2	
䏿	qʰej3	
㒅	qʰej2	
䡔	qʰej2	
謑	ʁej2	
謑	χaj3	
謑	χa3	
謑	ʁej3	新
𥰥	ʁej2	
𥰥	ʁej3	新
𦩶	ʁej2	
𦩶	ʁej3	新
涀	ʁej2	
涀	qʰen3	
涀	ʁen3	
涀	ʁej3	新
𧧹	ʁej2	
𧧹	ʁej3	新
匸	ʁej2	
匸	ʁej3	新
𥉐	ʁej2	
𥉐	ʁej3	新
米	mej2	
眯	mej2	
䋛	mej2	
洣	mej2	
蔝	mej2	
䱊	mej2	
陛	bej2	
陛	bej3	新
䯗	bej2	
䯗	bej3	新
㙄	bej2	
㙄	bej3	新
𤙞	bej2	
𤙞	bej3	新
𠈺	bej2	
𠈺	bej3	新
𠯋	ʔej2	
堄	ɴej2	
堄	ɴej3	
晲	ɴej2	
㪏	pej2	
㪏	pej3	
𤽊	pej2	
蟹	ʁaj2	
蟹	ʁaj3	新
䲒	ʁaj2	
䲒	ʁaj3	新
解	ʁaj2	
解	qaj2	
解	qaj3	
解	ʁaj3	
解	ʁa2	新
解	qa2	新
解	qa3	新
解	ʁa3	新
獬	ʁaj2	
獬	ʁaj3	新
澥	ʁaj2	
澥	ʁaj3	新
嶰	ʁaj2	
嶰	ʁaj3	新
𨼬	ʁaj2	
𨼬	ʁaj3	新
買	maj2	
嘪	maj2	
蕒	maj2	
㵋	maj2	
㵋	mek4	
鷶	maj2	
䒓	qʰaj2	
𡢖	qʰaj2	
𡢖	qʰej3	
𡢖	qʰaj3	
𧳋	ɖaj2	
𧳋	ɖaj3	新
㚷	ɳaj2	
矲	baj2	
矲	baj3	新
䥯	baj2	
䥯	baj3	新
𢞎	baj2	
𢞎	baj3	
㔥	baj2	
㔥	baj3	新
矮	ʔaj2	
㢊	ʔaj2	
躷	ʔaj2	
擺	paj2	
捭	paj2	
檞	qaj2	
𠁥	qwaj2	
𠁥	qwa2	
枴	qwaj2	
㧳	qat4	
夥	ʁwaj2	
夥	ʁwɑ2	
夥	ʁwaj3	新
夥	ʁwɑ3	新
箉	daj2	
箉	daj3	新
拐	qwaj2	
駭	ʁaj2	
駭	ʁaj3	新
駴	ʁaj2	
駴	ʁaj3	新
𠢲	qʰaj2	
𥏪	qʰaj2	
𤶗	ɴaj2	
𧡋	ɴaj2	
挨	ʔaj2	
挨	ʔəj2	
賄	χwəj2	
𧶅	χwəj2	
䏨	χwəj2	
燘	χwəj2	
燘	məj2	
悔	χwəj2	
悔	χwəj3	
㷄	χwəj2	
㷄	qwɑn3	
猥	ʔwəj2	
腲	ʔwəj2	
鍡	ʔwəj2	
㛱	ʔwəj2	
𥓔	ʔwəj2	
㱬	ʔwəj2	
㞇	ʔwəj2	
𨝀	ʔwəj2	
𨝀	ʁwəj2	
𨝀	ʁwəj3	新
磥	lwəj2	
磊	lwəj2	
癗	lwəj2	
𡾋	lwəj2	
礧	lwəj2	
礧	lwəj3	
䣂	lwəj2	
䣂	lwəj3	
㵽	lwəj2	
𡼊	lwəj2	
蕾	lwəj2	
𨻾	lwəj2	
𦢏	lwəj2	
頛	lwəj2	
陮	dwəj2	
陮	dwəj3	新
𨯝	dwəj2	
𨯝	dwəj3	新
𦶏	dwəj2	
𦶏	dwəj3	新
辠	dzwəj2	
辠	dzwəj3	新
罪	dzwəj2	
罪	dzwəj3	新
浼	məj2	
潣	məj2	
潣	mˠin2	
每	məj2	
每	məj3	
挴	məj2	
䜸	məj2	
骽	tʰwəj2	
腿	tʰwəj2	
聉	tʰwəj2	
聉	ŋˠit4	
聉	ʈwat4	
聉	ɴwat4	
僓	tʰwəj2	
僓	ʁwəj3	
脮	tʰwəj2	
脮	nwəj2	
㟎	tʰwəj2	
㟎	tʰwɑ2	
㱣	tʰwəj2	
㞂	tʰwəj2	
瘣	ʁwəj2	
瘣	ʁwəj3	新
㱱	ʁwəj2	
㱱	ʁwəj3	新
䜋	ʁwəj2	
䜋	ʁwəj3	
廆	ʁwəj2	
廆	ʁwəj3	新
輠	ʁwəj2	
輠	qwɑ2	
輠	ʁwɑ2	
輠	ʁwa2	
輠	ʁwəj3	新
輠	ʁwɑ3	新
輠	ʁwa3	新
㚍	qʰwəj2	
𦞙	twəj2	
䇏	twəj2	
𡑈	twəj2	
謉	twəj2	
謉	kˠwi3	
餧	nwəj2	
餧	ʔˠwie3	
餒	nwəj2	
娞	nwəj2	
𩗔	nwəj2	
鮾	nwəj2	
㼏	nwəj2	
𩬳	twəj2	
顡	ɴwəj2	
顡	ŋˠɨj3	
顡	ʈwaj3	
隗	ɴwəj2	
䃬	ɴwəj2	
皠	tsʰwəj2	
𣿒	tsʰwəj2	
𣿓	tsʰwəj2	
漼	tsʰwəj2	
璀	tsʰwəj2	
𥼺	tsʰwəj2	
䊫	tsʰwəj2	
鏙	tsʰwəj2	
琲	bəj2	
琲	bəj3	
𢳁	bəj2	
𢳁	bəj3	新
嶊	tswəj2	
洅	tswəj2	
海	χəj2	
醢	χəj2	
愷	qʰəj2	
凱	qʰəj2	
颽	qʰəj2	
塏	qʰəj2	
暟	qʰəj2	
鎧	qʰəj2	
鎧	qʰəj3	
闓	qʰəj2	
闓	qʰəj3	
輆	qʰəj2	
宰	tsəj2	
縡	tsəj2	
縡	tsəj3	
䏁	tsəj2	
載	tsəj2	
載	tsəj3	
載	dzəj3	
殆	dəj2	
殆	dəj3	新
待	dəj2	
待	dəj3	新
怠	dəj2	
怠	dəj3	新
迨	dəj2	
迨	dəj3	新
𨽿	dəj2	
𨽿	dəj3	新
紿	dəj2	
紿	dəj3	新
軩	dəj2	
軩	dəj3	新
𠷂	dəj2	
𠷂	dəj3	新
乃	nəj2	
迺	nəj2	
鼐	nəj2	
鼐	nəj3	
改	qəj2	
絠	qəj2	
亥	ʁəj2	
亥	ʁəj3	新
㧡	ʁəj2	
㧡	ʁəj3	新
𥩲	ʁəj2	
𥩲	ʁəj3	新
啡	pʰəj2	
采	tsʰəj2	
採	tsʰəj2	
綵	tsʰəj2	
寀	tsʰəj2	
彩	tsʰəj2	
䰂	tsʰəj2	
䰂	tsʰəj3	
㥒	tsʰəj2	
等	təj2	
等	tɨŋ2	
䆀	məj2	
䆀	məj3	
在	dzəj2	
在	dzəj3	
俖	pʰəj2	
㘆	tʰəj2	
疓	nəj2	
𨦂	ləj2	
䑂	jəj2	
𦚪	jəj2	
倍	bəj2	
倍	bəj3	新
蓓	bəj2	
蓓	bəj3	新
軫	tɕin2	
胗	tɕin2	
胗	kʲin2	
疹	tɕin2	
賑	tɕin2	
賑	tɕin3	
㐱	tɕin2	
鬒	tɕin2	
紾	tɕin2	
紾	ʈˠen2	
𦕑	tɕin2	
診	tɕin2	
診	ɖˠin3	
袗	tɕin2	
袗	tɕin3	
裖	tɕin2	
眕	tɕin2	
䪾	tɕin2	
䪾	tɕin3	
𠘱	tɕin2	
腎	dʑin2	
腎	dʑin3	新
蜃	dʑin2	
蜃	dʑin3	
祳	dʑin2	
祳	dʑin3	新
脤	dʑin2	
脤	dʑin3	新
㰮	dʑin2	
㰮	dʑin3	新
鋠	dʑin2	
鋠	dʑin3	新
忍	ɲin2	
荵	ɲin2	
涊	ɲin2	
涊	nen2	
矤	ɕin2	
矧	ɕin2	
訠	ɕin2	
哂	ɕin2	
弞	ɕin2	
弞	jin2	
頣	ɕin2	
僯	lˠin2	
𩕔	lˠin2	
𩕔	lˠin3	
橉	lˠin2	
橉	lˠin3	
撛	lˠin2	
撛	lˠin3	
紖	ɖˠin2	
紖	ɖˠin3	新
䏖	ɖˠin2	
䏖	jin2	
䏖	jin3	
䏖	ɖˠin3	新
䀕	ɖˠin2	
䀕	ɖˠin3	新
眹	ɖˠin2	
眹	ɖˠin3	新
緊	kʲin2	
𦜌	kʲin2	
𤷌	kʲin2	
盡	dzʲin2	
盡	tsʲin2	
盡	dzʲin3	新
㯸	tsʲin2	
髕	bʲin2	
髕	bʲin3	新
臏	bʲin2	
臏	bʲin3	新
磭	ŋˠin2	
磭	tɕʰɑk4	
磭	ŋˠɑk4	
𪙤	ŋˠin2	
听	ŋˠin2	
听	ŋˠɨn2	
笉	ɰwin2	
窘	ɡˠwin2	
窘	ɡˠwin3	新
僒	ɡˠwin2	
僒	ɡˠwin3	新
㖥	ɡˠwin2	
㖥	ɡˠwin3	新
㻒	ɡˠwin2	
㻒	ɡˠwin3	新
菌	ɡˠwin2	
菌	ɡˠwən2	
菌	ɡˠwin3	新
菌	ɡˠwən3	新
䐃	ɡˠwin2	
䐃	ɡˠwin3	新
蔨	ɡˠwin2	
蔨	ɡˠwen2	
蔨	ɡˠwin3	新
蔨	ɡˠwen3	新
引	jin2	
引	jin3	
𢎢	jin2	
蚓	jin2	
𠻤	jin2	
𠻤	jen2	
𠻤	jen3	
𢯼	jin2	
𢯼	jin3	
濥	jin2	
濥	jin3	
廴	jin2	
戭	jin2	
戭	jen2	
縯	jin2	
縯	jen2	
鈏	jin2	
鈏	jin3	
靷	jin2	
靷	jin3	
愍	mˠin2	
慜	mˠin2	
憫	mˠin2	
閔	mˠin2	
敏	mˠin2	
敃	mˠin2	
𢽹	mˠin2	
簢	mˠin2	
𥴲	mˠin2	
𦌡	mˠin2	
𨏵	mˠin2	
鰵	mˠin2	
𤿕	mʲin2	
僶	mʲin2	
黽	mʲin2	
黽	mʲen2	
黽	maŋ2	
䟨	mʲin2	
刡	mʲin2	
𨌲	mʲin2	
脗	mʲin2	
殞	ɰwin2	
磒	ɰwin2	
隕	ɰwin2	
霣	ɰwin2	
準	tɕwin2	
準	tɕwet4	
准	tɕwin2	
埻	tɕwin2	
埻	qwɑk4	
埻	qwak4	
尹	jwin2	
䪳	jwin2	
允	jwin2	
狁	jwin2	
馻	jwin2	
馻	jwen2	
玧	jwin2	
𡴞	jwin2	
𧉃	jwin2	
筍	sʲwin2	
笋	sʲwin2	
𠣬	sʲwin2	
隼	sʲwin2	
箰	sʲwin2	
簨	sʲwin2	
𥯗	sʲwin2	
𣕍	sʲwin2	
蝡	ɲwen2	
蠢	tɕʰwin2	
𢧨	tɕʰwin2	
䐏	tɕʰwin2	
踳	tɕʰwin2	
惷	tɕʰwin2	
𦚧	tɕʰwin2	
偆	tɕʰwin2	
偆	ʈˠʰwin2	
僢	tɕʰwin2	
𢾎	tɕʰwin2	
盾	ʑwin2	
盾	dwən2	
盾	ʑwin3	新
盾	dwən3	新
吮	ʑwin2	
吮	dzʲwen2	
吮	ʑwin3	新
吮	dzʲwen3	新
耣	lˠwin2	
𦓾	lˠwin2	
𣯍	ɲwin2	
𦃢	kˠʰwin2	
螼	kʲʰin2	
螼	kʲʰin3	
𤿳	kʲʰin2	
賰	ɕwin2	
㾙	xˠin2	
㾙	xˠɨn3	
吻	ɱun2	
𦝮	ɱun2	
刎	ɱun2	
抆	ɱun2	
抆	ɱun3	
伆	ɱun2	
伆	ɱut4	
勽	ɱun2	
勽	bɑw3	
𦮶	ɱun2	
粉	fun2	
黺	fun2	
憤	vun2	
憤	vun3	新
𢤬	vun2	
𢤬	vun3	新
㿎	vun2	
㿎	vun3	
鱝	vun2	
鱝	vun3	新
弅	vun2	
弅	vun3	新
𢅯	vun2	
𢅯	vun3	
坌	vun2	
坌	vun3	
坌	bən3	
忿	fʰun2	
忿	fʰun3	
惲	ʔˠun2	
褞	ʔˠun2	
賱	ʔˠun2	
醞	ʔˠun2	
醞	ʔˠun3	
搵	ʔˠun2	
搵	ʔwən3	
搵	ʔwət4	
齳	ŋˠun2	
𪘩	ŋˠun2	
夽	ŋˠun2	
喗	ŋˠun2	
𧼐	ŋˠun2	
𧼐	kˠʰun2	
抎	ɰun2	
䫟	ɰun2	
䫟	ʁwən2	
䫟	ʁwən3	新
𪏚	ɰun2	
𤸫	ɰun2	
𤸫	ɰun3	
𦄐	kˠʰun2	
隱	ʔˠɨn2	
隱	ʔˠɨn3	
磤	ʔˠɨn2	
𤻘	ʔˠɨn2	
䌥	ʔˠɨn2	
㥯	ʔˠɨn2	
㥯	ʔˠɨn3	
櫽	ʔˠɨn2	
嶾	ʔˠɨn2	
𠃊	ʔˠɨn2	
𨏈	ʔˠɨn2	
謹	kˠɨn2	
𪏴	kˠɨn2	
㹏	kˠɨn2	
槿	kˠɨn2	
𡏳	kˠɨn2	
漌	kˠɨn2	
巹	kˠɨn2	
𧯷	kˠɨn2	
菦	kˠɨn2	
𧤛	tʂin2	
赾	kˠʰɨn2	
近	ɡˠɨn2	
近	ɡˠɨn3	
齔	tʂʰin2	
齔	tʂʰin3	
䘆	xˠɨn2	
䘆	xˠən2	
𡯱	ŋˠwən2	
遠	ɰwən2	
遠	ɰwən3	
𩔃	ɰwən2	
偃	ʔˠən2	
㫃	ʔˠən2	
㫃	ʔˠen2	
䞁	ʔˠən2	
䞁	ʔˠən3	
鶠	ʔˠən2	
郾	ʔˠən2	
郾	ʔˠən3	
褗	ʔˠən2	
褗	ʔˠən3	
堰	ʔˠən2	
堰	ʔˠən3	
堰	ʔˠen3	
匽	ʔˠən2	
鼴	ʔˠən2	
蝘	ʔˠən2	
蝘	ʔen2	
鰋	ʔˠən2	
湕	kˠən2	
𥍹	kˠən2	
㔓	kˠən2	
蹇	kˠən2	
蹇	kˠen2	
寋	ɡˠən2	
寋	ɡˠən3	新
楗	ɡˠən2	
楗	ɡˠən3	新
𠐻	ɡˠən2	
𠐻	kˠen2	
𠐻	ɡˠən3	新
𧥛	kˠʰən2	
𧥜	ŋˠən2	
巘	ŋˠən2	
巘	ŋˠen2	
𪗛	ŋˠən2	
屵	ŋˠən2	
屵	ɴɑt4	
幰	xˠən2	
攇	xˠən2	
䜢	xˠən2	
晚	ɱən2	
娩	ɱən2	
娩	mˠen2	
娩	ɱun3	
娩	ɱən3	
挽	ɱən2	
輓	ɱən2	
輓	ɱən3	
㿸	ɱən2	
㿸	ɱən3	
㝃	ɱən2	
㝃	mˠen2	
脕	ɱən2	
脕	ɱun3	
脕	ɱən3	
䡊	fən2	
阪	fən2	
阪	ban2	
阪	ban3	新
坂	fən2	
返	fən2	
橎	fən2	
𧯦	ɡˠwən2	
𧯦	kˠwen3	
𧯦	ɡˠwən3	新
圈	ɡˠwən2	
圈	ɡˠwen2	
圈	ɡˠwən3	
圈	ɡˠwen3	新
婉	ʔˠwən2	
菀	ʔˠwən2	
菀	ʔˠut4	
苑	ʔˠwən2	
踠	ʔˠwən2	
䖤	ʔˠwən2	
畹	ʔˠwən2	
琬	ʔˠwən2	
琬	ʔwɑn3	
倇	ʔˠwən2	
𩌑	ʔˠwən2	
䘼	ʔˠwən2	
夗	ʔˠwən2	
𩎺	ʔˠwən2	
晼	ʔˠwən2	
睕	ʔˠwən2	
睕	ʔwɑn3	
睕	ʔwɑt4	
𤗍	ʔˠwən2	
䛄	ʔˠwən2	
䛄	ʔˠwən3	
䅚	kˠʰwən2	
綣	kˠʰwən2	
綣	kˠʰwən3	
虇	kˠʰwən2	
虇	kˠʰwən3	
䊎	kˠʰwən2	
𪐂	kˠʰwən2	
暅	xˠwən2	
咺	xˠwən2	
𧡩	xˠwən2	
𧡩	ʁwɑn2	
𧡩	ʁwɑn3	新
飯	vən2	
飯	vən3	
軬	vən2	
軬	vən3	新
䪻	vən2	
䪻	bˠen3	
䪻	vən3	新
混	ʁwən2	
混	ʁwən3	新
鯶	ʁwən2	
鯶	ʁwən3	新
緷	ʁwən2	
緷	qwən2	
緷	ɰun3	
緷	ʁwən3	新
焜	ʁwən2	
焜	ʁwən3	新
倱	ʁwən2	
倱	ʁwən3	新
棍	ʁwən2	
棍	ʁwən3	新
睔	ʁwən2	
睔	lwən2	
睔	qwən3	
睔	ʁwən3	新
䚠	ʁwən2	
䚠	ʁwən3	新
𨡫	ʁwən2	
𨡫	ʁwən3	新
䧰	ʁwən2	
䧰	ʁwən3	新
掍	ʁwən2	
掍	ʁwən3	新
睴	ʁwən2	
睴	qwən3	
睴	ʁwən3	新
翉	pʰən2	
忖	tsʰwən2	
𢩭	tsʰwən2	
刌	tsʰwən2	
本	pən2	
畚	pən2	
𤲙	pən2	
笨	pən2	
笨	bən2	
笨	bən3	新
㡷	pən2	
苯	pən2	
損	swən2	
䐣	swən2	
𦠆	swən2	
𦠆	dʐwen3	
𠟃	tswən2	
撙	tswən2	
噂	tswən2	
譐	tswən2	
䔿	tswən2	
僔	tswən2	
穩	ʔwən2	
𡁋	ʔwən2	
㒚	ʔwən2	
㒚	ʔˠɨn3	
囤	dwən2	
囤	dwən3	新
𥫱	dwən2	
𥫱	dwən3	新
遁	dwən2	
遁	dwən3	
遯	dwən2	
遯	dwən3	
鱒	dzwən2	
鱒	dzwən3	
𩩌	qwən2	
㯻	qwən2	
袞	qwən2	
緄	qwən2	
鯀	qwən2	
輥	qwən2	
蔉	qwən2	
丨	qwən2	
䃂	qwən2	
畽	tʰwən2	
𤊯	tʰwən2	
吨	tʰwən2	
閫	qʰwən2	
壼	qʰwən2	
稇	qʰwən2	
裍	qʰwən2	
悃	qʰwən2	
𩑔	qʰwən2	
𩑔	qʰwət4	
齫	qʰwən2	
㤻	lwən2	
碖	lwən2	
碖	lwən3	
獖	bən2	
獖	bən3	新
㮥	bən2	
㮥	bən3	新
体	bən2	
体	bən3	新
懣	mən2	
懣	mɑn2	
懣	mən3	
㶧	nwən2	
𦃕	χwən2	
很	ʁən2	
很	ʁən3	新
墾	qʰən2	
懇	qʰən2	
䫀	qən2	
䫀	ten2	
詪	qən2	
詪	ʁen2	
詪	qən3	
詪	ʁen3	新
旱	ʁɑn2	
旱	ʁɑn3	新
𡷛	ʁɑn2	
𡷛	ʁɑn3	新
皔	ʁɑn2	
皔	ʁɑn3	新
䓍	ʁɑn2	
䓍	ʁɑn3	新
䛞	ʁɑn2	
䛞	ʁɑn3	新
亶	tɑn2	
𤺺	tɑn2	
笪	tɑn2	
笪	tɑn3	
笪	tɑt4	
疸	tɑn2	
疸	tɑn3	
觛	tɑn2	
觛	dɑn2	
觛	tɑn3	
觛	dɑn3	新
狚	tɑn2	
狚	tɑn3	
狚	tɑt4	
担	tɑn2	
坦	tʰɑn2	
䦔	tʰɑn2	
散	sɑn2	
散	sɑn3	
𢽳	sɑn2	
𢿱	sɑn2	
𢿱	sɑn3	
饊	sɑn2	
糤	sɑn2	
鏾	sɑn2	
繖	sɑn2	
繖	sɑn3	
䉈	sɑn2	
䉈	sɑt4	
傘	sɑn2	
𩀼	sɑn2	
𩀼	sɑn3	
𢄻	sɑn2	
蜑	dɑn2	
蜑	dɑn3	新
袒	dɑn2	
袒	ɖan3	
袒	dɑn3	新
襢	dɑn2	
襢	ʈˠen2	
襢	ʈˠen3	
襢	dɑn3	新
誕	dɑn2	
誕	dɑn3	新
潬	dɑn2	
潬	dɑn3	新
䩥	dɑn2	
䩥	dɑn3	新
繵	dɑn2	
繵	dɑn3	新
膻	dɑn2	
膻	dɑn3	新
瓚	dzɑn2	
瓚	dzɑn3	新
趲	dzɑn2	
趲	tsɑn3	
趲	dzɑn3	新
禶	dzɑn2	
禶	dzɑn3	新
笴	qɑn2	
笴	qɑ2	
簳	qɑn2	
皯	qɑn2	
䵟	qɑn2	
𤿊	qɑn2	
稈	qɑn2	
秆	qɑn2	
仠	qɑn2	
𦼮	qɑn2	
矸	qɑn2	
矸	ʁɑn3	
矸	qɑn3	
衦	qɑn2	
𥾍	qɑn2	
嬾	lɑn2	
懶	lɑn2	
𥽭	lɑn2	
𥻂	lɑn2	
侃	qʰɑn2	
侃	qʰɑn3	
衎	qʰɑn2	
衎	qʰɑn3	
䍐	χɑn2	
䍐	χɑn3	
蔊	χɑn2	
厂	χɑn2	
厂	χɑn3	
暵	χɑn2	
暵	χɑn3	
焊	χɑn2	
熯	χɑn2	
熯	ɲen2	
熯	χɑn3	
䰖	tsɑn2	
䰖	tsɑn3	
䰖	tsɑt4	
緩	ʁwɑn2	
緩	ʁwɑn3	新
澣	ʁwɑn2	
澣	ʁwɑn3	新
浣	ʁwɑn2	
浣	ʁwɑn3	新
㬊	ʁwɑn2	
㬊	ʁwɑn3	新
棵	ʁwɑn2	
棵	qʰwɑn2	
棵	ʁwɑn3	新
𧶲	ʁwɑn2	
𧶲	ʁwɑn3	新
鰀	ʁwɑn2	
鰀	ʁwɑn3	新
嵈	ʁwɑn2	
嵈	ʁwɑn3	新
晥	ʁwɑn2	
晥	ʁwɑn3	新
䈠	ʁwɑn2	
䈠	ʁwɑn3	新
短	twɑn2	
𢭃	twɑn2	
斷	twɑn2	
斷	dwɑn2	
斷	twɑn3	
斷	dwɑn3	新
𢷖	twɑn2	
椀	ʔwɑn2	
盌	ʔwɑn2	
䝹	ʔwɑn2	
疃	tʰwɑn2	
𤲫	tʰwɑn2	
瘓	tʰwɑn2	
䠪	tʰwɑn2	
算	swɑn2	
匴	swɑn2	
篹	swɑn2	
管	qwɑn2	
筦	qwɑn2	
脘	qwɑn2	
輨	qwɑn2	
盥	qwɑn2	
盥	qwɑn3	
琯	qwɑn2	
琯	qwən3	
痯	qwɑn2	
痯	qwɑn3	
䩪	qwɑn2	
錧	qwɑn2	
錧	qwɑn3	
䗆	qwɑn2	
䘾	qwɑn2	
䘾	qwɑn3	
卵	lwɑn2	
卵	lwɑ2	
款	qʰwɑn2	
歀	qʰwɑn2	
欵	qʰwɑn2	
窾	qʰwɑn2	
䥗	qʰwɑn2	
䥗	qʰwɑn3	
䲌	qʰwɑn2	
䲌	qʰwɑn3	
煗	nwɑn2	
㬉	nwɑn2	
暖	nwɑn2	
餪	nwɑn2	
渜	nwɑn2	
渜	nwɑn3	
稬	nwɑn2	
稬	nwɑn3	
稬	nwɑ3	
纂	tswɑn2	
䂎	tswɑn2	
䂎	tswɑn3	
䂎	tsʰwɑn3	
纘	tswɑn2	
儹	tswɑn2	
籫	tswɑn2	
繤	tswɑn2	
𦆈	tswɑn2	
伴	bɑn2	
伴	bɑn3	
㚘	bɑn2	
㚘	bɑn3	新
滿	mɑn2	
𢟮	mɑn2	
𥲈	mɑn2	
鏋	mɑn2	
粄	pɑn2	
䉽	pɑn2	
䬳	pɑn2	
瓪	pɑn2	
瓪	pan2	
昄	pɑn2	
昄	pan2	
昄	ban2	
昄	ban3	新
𩏇	dwɑn2	
𩏇	dwɑn3	新
緞	dwɑn2	
緞	dwɑn3	新
坢	pʰɑn2	
𧺾	pʰɑn2	
綰	ʔwan2	
綰	ʔwan3	
版	pan2	
板	pan2	
蝂	pan2	
鈑	pan2	
䩆	tʂan2	
拃	tʂan2	
䎒	tʂan2	
䎒	tɕen2	
赧	ɳan2	
𩈶	ɳan2	
㫱	ɳan2	
戁	ɳan2	
戁	ɲen2	
僩	ʁan2	
僩	qan2	
僩	ʁan3	新
捍	ʁan2	
捍	ʁɑn3	
捍	ʁan3	新
橌	ʁan2	
橌	ʁan3	新
睆	ʁwan2	
睆	ʁwan3	新
睅	ʁwan2	
睅	ʁwan3	新
𪍺	ʁwan2	
𪍺	ʁwan3	新
鯇	ʁwan2	
鯇	ʁwan3	新
皖	ʁwan2	
皖	ʁwan3	新
魬	ban2	
魬	ban3	新
矕	man2	
𦺖	man2	
𦺖	kʲwit4	
𪘪	dʐan2	
𪘪	dʐan3	新
䗃	dʐan2	
䗃	dʐan3	
𪗙	ɴan2	
㹽	tʂʰan2	
撰	dʐwan2	
撰	dʐwen2	
撰	dʐwan3	新
撰	dʐwen3	新
饌	dʐwan2	
饌	dʐwen3	
饌	dʐwan3	新
產	ʂan2	
簅	ʂan2	
摌	ʂan2	
㹌	ʂan2	
嵼	ʂan2	
汕	ʂan2	
汕	ʂan3	
滻	ʂan2	
㦃	ʂan2	
㦃	tʂʰan2	
㦃	tʂʰwan2	
䊲	ʂan2	
䊲	tʂʰwan2	
𩥮	ʂan2	
限	ʁan2	
限	ʁan3	新
硍	ʁan2	
硍	ʁan3	新
䁂	ʁan2	
䁂	ʁan3	新
㹂	ʁan2	
㹂	kʲʰen2	
㹂	ʁet4	
㹂	ʁan3	新
䦘	ʁan2	
䦘	ʁan3	新
𥇅	man2	
簡	qan2	
㶕	qan2	
𧟉	qan2	
柬	qan2	
暕	qan2	
揀	qan2	
揀	len3	
剗	tʂʰan2	
鏟	tʂʰan2	
鏟	tʂʰan3	
丳	tʂʰan2	
羼	tʂʰan2	
羼	tʂʰan3	
䐮	tʂʰan2	
棧	dʐan2	
棧	dʐen2	
棧	dʐan3	
棧	dʐen3	新
㟞	dʐan2	
㟞	dʐan3	新
嶘	dʐan2	
嶘	dʐan3	新
轏	dʐan2	
轏	dʐan3	新
𠊩	dʐan2	
𠊩	dʐan3	新
輚	dʐan2	
輚	dʐan3	
眼	ɴan2	
醆	tʂan2	
醆	tɕen2	
琖	tʂan2	
盞	tʂan2	
𧣴	tʂan2	
銑	sen2	
跣	sen2	
毨	sen2	
燹	sen2	
燹	sʲen2	
燹	xˠwi3	
箲	sen2	
筅	sen2	
㭠	sen2	
𦭶	sen2	
𩶤	sen2	
腆	tʰen2	
痶	tʰen2	
圢	tʰen2	
圢	tʰeŋ2	
淟	tʰen2	
𤲖	tʰen2	
錪	tʰen2	
錪	ten2	
靦	tʰen2	
㥏	tʰen2	
琠	tʰen2	
蚕	tʰen2	
䠄	tʰen2	
𨆁	tʰen2	
賟	tʰen2	
晪	tʰen2	
典	ten2	
蕇	ten2	
𥮏	ten2	
躽	ʔen2	
躽	ʔˠen3	
𥈔	ʔen2	
𥈔	ʔˠen3	
𥈔	ʔat4	
宴	ʔen2	
宴	ʔen3	
嬿	ʔen2	
嬿	ʔen3	
殄	den2	
殄	den3	新
跈	den2	
跈	nen2	
跈	den3	新
繭	qen2	
絸	qen2	
蠒	qen2	
𥀹	qen2	
𢆞	qen2	
𡘸	qen2	
垷	qen2	
垷	ʁen2	
垷	ʁen3	新
筧	qen2	
襺	qen2	
𢺃	qen2	
挸	qen2	
𢹕	qen2	
峴	ʁen2	
峴	ʁen3	新
臔	ʁen2	
臔	ʁen3	新
哯	ʁen2	
哯	ʁen3	新
晛	ʁen2	
晛	nen3	
晛	ʁen3	新
蜆	ʁen2	
蜆	χen2	
蜆	qʰen3	
蜆	ʁen3	新
俔	ʁen2	
俔	qʰen3	
俔	ʁen3	新
顈	ʁen2	
顈	qʰweŋ2	
顈	ʁen3	新
䵤	ʁen2	
䵤	ʁen3	新
睍	ʁen2	
睍	ʁen3	新
㦓	ʁen2	
㦓	ʁen3	新
顯	χen2	
韅	χen2	
抮	χen2	
𣊡	χen2	
𣊡	ɴɑp4	
㨠	men2	
丏	men2	
眄	men2	
眄	men3	
撚	nen2	
蹨	nen2	
蹨	ɲen2	
匾	pen2	
𦄒	pen2	
𥤓	pen2	
惼	pen2	
碥	pen2	
糄	pen2	
泫	ʁwen2	
泫	ʁwen3	新
鉉	ʁwen2	
鉉	ʁwen3	新
琄	ʁwen2	
琄	ʁwen3	新
贙	ʁwen2	
贙	ʁwen3	
埍	ʁwen2	
埍	qwen2	
埍	ʁwen3	新
繯	ʁwen2	
繯	ʁwan3	
繯	ʁwen3	新
䀏	ʁwen2	
䀏	ʁwen3	
䩙	ʁwen2	
䩙	ʁwen3	新
䧎	ʁwen2	
䧎	ʁwen3	新
𨊼	ʁwen2	
𨊼	ʁwen3	新
𩉥	ʁwen2	
𩉥	ʁwen3	新
𡿨	qwen2	
畎	qwen2	
𤰝	qwen2	
詃	qwen2	
罥	qwen2	
罥	qwen3	
羂	qwen2	
汱	qwen2	
辮	ben2	
辮	ben3	新
艑	ben2	
艑	ben3	新
𪉱	ben2	
𪉱	ben3	新
㲢	ben2	
㲢	ben3	新
𤻶	ben2	
𤻶	ben3	新
𩩯	ben2	
𩩯	ben3	新
犬	qʰwen2	
𥧬	qʰen2	
䵖	qʰen2	
䵖	qʰen3	
蜸	qʰen2	
齞	ɴen2	
獮	sʲen2	
𤣗	sʲen2	
𥙮	sʲen2	
尠	sʲen2	
尠	sʲu3	
尟	sʲen2	
癬	sʲen2	
𤐨	sʲen2	
𧕇	sʲen2	
蘚	sʲen2	
演	jen2	
衍	jen2	
衍	jen3	
𧍢	jen2	
𧊔	jen2	
踐	dzʲen2	
踐	dzʲen3	新
諓	dzʲen2	
諓	dzʲen3	
餞	dzʲen2	
餞	dzʲen3	
俴	dzʲen2	
俴	tsʲen2	
俴	dzʲen3	新
𤷃	dzʲen2	
𤷃	dzʲen3	新
𧗸	dzʲen2	
𧗸	dzʲen3	新
㣤	dzʲen2	
㣤	dzʲen3	新
展	ʈˠen2	
㞡	ʈˠen2	
搌	ʈˠen2	
搌	ʈˠʰen2	
輾	ʈˠen2	
輾	ɳˠen3	
㠭	ʈˠen2	
㜊	ʈˠen2	
𧎰	ʈˠen2	
𦗢	tɕen2	
𠟉	tɕen2	
樿	tɕen2	
𩕊	tɕen2	
䆄	tɕen2	
䡀	tɕen2	
䁴	tɕen2	
䁴	ɕen2	
𥊳	tɕen2	
橏	tɕen2	
㔊	tɕen2	
𨭖	tɕen2	
嫸	tɕen2	
𨋚	ɳˠen2	
㞋	ɳˠen2	
㞋	ɲwen2	
闡	tɕʰen2	
䵐	tɕʰen2	
幝	tɕʰen2	
𨼒	tɕʰen2	
灛	tɕʰen2	
𦆀	tɕʰen2	
𦆀	zʲen2	
𦆀	zʲen3	新
遣	kʲʰen2	
遣	kʲʰen3	
繾	kʲʰen2	
繾	kʲʰen3	
䭤	kʲʰen2	
𥳐	kʲʰen2	
𠳋	kʲʰen2	
𨺫	kʲʰen2	
𩝡	kʲʰen2	
謇	kˠen2	
搴	kˠen2	
𢷘	kˠen2	
𦂇	kˠen2	
𡾰	kˠen2	
𡾰	ɡˠen2	
𡾰	ɡˠen3	新
藆	kˠen2	
𩽜	kˠen2	
𢵈	kʲen2	
善	dʑen2	
善	dʑen3	新
譱	dʑen2	
譱	dʑen3	新
墠	dʑen2	
墠	dʑen3	新
鱓	dʑen2	
鱓	dʑen3	新
蟺	dʑen2	
蟺	dʑen3	新
僐	dʑen2	
僐	dʑen3	
鄯	dʑen2	
鄯	dʑen3	
墡	dʑen2	
墡	dʑen3	新
磰	dʑen2	
磰	dʑen3	新
𪍶	dʑen2	
𪍶	dʑen3	新
翦	tsʲen2	
剪	tsʲen2	
揃	tsʲen2	
戩	tsʲen2	
𦺍	tsʲen2	
𥰸	tsʲen2	
𥳟	tsʲen2	
㨵	tsʲen2	
㒄	ɲen2	
㒄	ɕen2	
輦	lˠen2	
𪍦	lˠen2	
𤑿	lˠen2	
璉	lˠen2	
鄻	lˠen2	
僆	lˠen2	
僆	len3	
摙	lˠen2	
摙	lˠen3	
膦	lˠen2	
齴	ŋˠen2	
遃	ŋˠen2	
嵃	ŋˠen2	
讞	ŋˠen2	
讞	ŋˠet4	
𤫣	ŋˠen2	
件	ɡˠen2	
件	ɡˠen3	新
鑳	ɡˠen2	
鑳	ɡˠen3	新
辯	bˠen2	
辯	bˠen3	新
𧦪	bˠen2	
𧦪	bˠen3	新
辡	bˠen2	
辡	pˠen2	
辡	bˠen3	新
辨	bˠen2	
辨	ban3	
辨	bˠen3	新
緬	mʲen2	
沔	mʲen2	
汅	mʲen2	
湎	mʲen2	
愐	mʲen2	
𩋠	mʲen2	
偭	mʲen2	
偭	mʲen3	
勔	mʲen2	
𢃮	mʲen2	
褊	pʲen2	
㦚	pʲen2	
㦚	bʲen2	
㦚	bʲen3	新
𧕣	tsʲwen2	
雋	dzʲwen2	
雋	dzʲwen3	新
隽	dzʲwen2	
隽	dzʲwen3	新
𤺻	dzʲwen2	
𤺻	dzʲwen3	新
𦼱	dzʲwen2	
𦼱	dzʲwen3	新
䁵	pˠen2	
鴘	pˠen2	
鴘	pˠʰen2	
兗	jwen2	
渷	jwen2	
沇	jwen2	
𢯻	jwen2	
抁	jwen2	
𦳆	jwen2	
𦳆	ɡˠwen2	
𦳆	ɡˠwen3	新
㕣	jwen2	
𦁙	jwen2	
𩘍	jwen2	
𩘍	jwen3	
孌	lˠwen2	
孌	lˠwen3	
𡡗	lˠwen2	
脟	lˠwen2	
脟	lˠwet4	
轉	ʈˠwen2	
轉	ʈˠwen3	
𣓧	ʈˠwen2	
菤	kˠwen2	
韏	kˠwen2	
韏	kˠʰwən3	
韏	ɡˠwen3	
𨹵	kˠwen2	
埢	kˠwen2	
輭	ɲwen2	
軟	ɲwen2	
㮕	ɲwen2	
䓴	ɲwen2	
碝	ɲwen2	
愞	ɲwen2	
愞	nwɑn3	
愞	nwɑ3	
腝	ɲwen2	
腝	nwən3	
腝	nɑw3	
䞂	ɲwen2	
耎	ɲwen2	
𢘎	ɲwen2	
偄	ɲwen2	
偄	nwɑn3	
緛	ɲwen2	
舛	tɕʰwen2	
喘	tɕʰwen2	
荈	tɕʰwen2	
腨	dʑwen2	
腨	dʑwen3	新
𡭐	dʑwen2	
𡭐	dʑwen3	新
踹	dʑwen2	
踹	twɑn3	
踹	dʑwen3	新
𦺲	dʑwen2	
𦺲	dʑwen3	新
篆	ɖˠwen2	
篆	ɖˠwen3	新
瑑	ɖˠwen2	
瑑	ɖˠwen3	新
𦁆	ɖˠwen2	
𦁆	ɖˠwen3	
䧘	ɖˠwen2	
䧘	ɖˠwen3	新
堟	ɖˠwen2	
堟	ɖˠwen3	新
孨	tɕwen2	
孨	tʂwen3	
孨	ɳˠip4	
𨷱	tɕwen2	
𡇰	tɕwen2	
選	sʲwen2	
選	sʲwen3	
𦌔	sʲwen2	
𦌔	ʂan3	
𦌔	sʲwen3	
𥶷	sʲwen2	
𩔊	dʐwen2	
𩔊	dʐwen3	新
𩻝	dʐwen2	
𩻝	dʐwen3	新
𧾣	xʲwen2	
𧾣	xˠwəj3	
𧾣	χwen3	
𧾣	kʲwit4	
免	mˠen2	
勉	mˠen2	
俛	mˠen2	
鮸	mˠen2	
冕	mˠen2	
𨩪	ʈˠʰen2	
蕆	ʈˠʰen2	
𧈪	ʈˠʰen2	
䩶	ʈˠʰen2	
䩶	ʈˠʰaŋ2	
篠	sew2	
筱	sew2	
𩵌	sew2	
𧩮	sew2	
謏	sew2	
謏	sɨw2	
謏	sɨw3	
謏	ʂɨwk4	
䃤	sew2	
䃤	sʲɨwk4	
皎	qew2	
璬	qew2	
𢅎	qew2	
𢅎	qew3	
䥵	qew2	
䥵	χew2	
㿟	qew2	
皦	qew2	
恔	qew2	
繳	qew2	
繳	tɕɑk4	
繳	ʁak4	
晈	qew2	
䘨	qew2	
儌	qew2	
鳥	tew2	
𢁕	tew2	
㣿	tew2	
㣿	tɕɑk4	
㣿	tek4	
蔦	tew2	
蔦	tew3	
釕	tew2	
扚	tew2	
扚	tek4	
䄪	tew2	
𠄏	tew2	
了	lew2	
蓼	lew2	
蓼	lˠɨwk4	
镽	lew2	
鄝	lew2	
䑠	lew2	
爒	lew2	
爒	lˠew2	
𢄺	lew2	
𢄺	tsʲew2	
𥗀	lew2	
𤁸	lew2	
𧘈	lew2	
窱	tʰew2	
窱	tʰew3	
䠷	tʰew2	
曉	χew2	
皢	χew2	
杳	ʔew2	
窈	ʔew2	
偠	ʔew2	
騕	ʔew2	
𩡻	ʔew2	
𨱧	ʔew2	
㫏	ʔew2	
鴢	ʔew2	
鴢	ʔaw2	
婹	ʔew2	
䆞	ʔew2	
䆞	ʔew3	
𡧮	ʔew2	
苭	ʔew2	
嬲	new2	
嫋	new2	
䦊	new2	
㒟	new2	
褭	new2	
嬈	new2	
嬈	ɲew2	
嬈	χew3	
㜵	new2	
䃵	new2	
𢸣	new2	
皛	ʁew2	
皛	pʰak4	
皛	ʁew3	新
㵿	ʁew2	
㵿	ʁew3	新
芍	ʁew2	
芍	dʑɑk4	
芍	tsʲʰɑk4	
芍	ʈˠɑk4	
芍	tek4	
芍	ʁew3	新
𦯪	ʁew2	
𦯪	ʁew3	新
𠄔	ʁew2	
𠄔	ʁew3	新
窕	dew2	
窕	dew3	新
𤕷	dew2	
𤕷	dew3	新
𤱩	dew2	
𤱩	dew3	新
誂	dew2	
誂	dew3	新
掉	dew2	
掉	dew3	
掉	ɳawk4	
䂽	dew2	
䂽	dew3	新
䂪	qʰew2	
劋	tsew2	
劋	tsʲew2	
㭂	tsew2	
𧂈	tsew2	
小	sʲew2	
𩵖	sʲew2	
䒕	sʲew2	
肈	ɖˠew2	
肈	ɖˠew3	新
肁	ɖˠew2	
肁	ɖˠew3	新
兆	ɖˠew2	
兆	ɖˠew3	新
趙	ɖˠew2	
趙	ɖˠew3	新
旐	ɖˠew2	
旐	ɖˠew3	新
狣	ɖˠew2	
狣	ɖˠew3	新
䍮	ɖˠew2	
䍮	ɖˠew3	新
垗	ɖˠew2	
垗	ɖˠew3	新
𠧞	ɖˠew2	
𠧞	ɖˠew3	新
沼	tɕew2	
䈃	tɕew2	
殀	ʔˠew2	
芺	ʔˠew2	
芺	ʔɑw2	
仸	ʔˠew2	
巐	ʈˠʰew2	
少	ɕew2	
少	ɕew3	
䒚	ɕew2	
𨙹	ɕew2	
𨙹	tsʲew2	
擾	ɲew2	
𢹎	ɲew2	
繞	ɲew2	
繞	ɲew3	
遶	ɲew2	
𤛾	ɲew2	
𧳨	ɲew2	
𢹰	bʲew2	
𢹰	bʲew3	新
鰾	bʲew2	
鰾	bʲew3	新
顠	bʲew2	
顠	pʲʰew2	
顠	bʲew3	新
𩮳	bʲew2	
𩮳	bʲew3	新
膘	bʲew2	
膘	pʲʰew2	
膘	tsʲew2	
膘	bʲew3	新
𦭼	bʲew2	
𦭼	bʲew3	新
𪍑	tɕʰew2	
麨	tɕʰew2	
眧	tɕʰew2	
縹	pʲʰew2	
醥	pʲʰew2	
皫	pʲʰew2	
眇	mʲew2	
渺	mʲew2	
𦳥	mʲew2	
淼	mʲew2	
杪	mʲew2	
秒	mʲew2	
藐	mʲew2	
藐	mawk4	
吵	mʲew2	
吵	tʂʰaw2	
篎	mʲew2	
篎	mʲew3	
紹	dʑew2	
紹	dʑew3	新
綤	dʑew2	
綤	dʑew3	新
袑	dʑew2	
袑	dʑew3	新
䙼	dʑew2	
䙼	dʑew3	新
矯	kˠew2	
鱎	kˠew2	
䚩	kˠew2	
敽	kˠew2	
𥃧	kˠew2	
譑	kˠew2	
譑	kˠʰew3	
𨝰	kˠew2	
孂	kˠew2	
孂	kʲɨw2	
孂	qɨk4	
表	pˠew2	
𧘝	pˠew2	
𧞧	pˠew2	
䔸	pˠew2	
褾	pʲew2	
𧢄	pʲew2	
㟽	pʲew2	
𦳤	bˠew2	
𦳤	bˠew3	新
𠬪	bˠew2	
𠬪	bˠew3	新
㰶	bˠew2	
㰶	bˠew3	新
㹾	bˠew2	
㹾	bˠew3	新
𧴎	bˠew2	
𧴎	bˠew3	新
鷕	jwi2	
溔	jew2	
𦥨	jew2	
抭	jew2	
𩨴	jew2	
䁘	jew2	
悄	tsʲʰew2	
愀	tsʲʰew2	
愀	dzʲɨw2	
愀	dzʲɨw3	新
釥	tsʲʰew2	
剿	tsʲew2	
漅	tsʲew2	
𤃭	tsʲew2	
𨲭	ɡˠew2	
𨲭	ɡˠew3	新
𢻢	lˠew2	
䩍	lˠew2	
闄	ʔʲew2	
巧	qʰaw2	
巧	qʰaw3	
䲾	qʰaw2	
澩	ʁaw2	
澩	dʐawk4	
澩	ʁawk4	
澩	ʁaw3	新
㺒	ʁaw2	
㺒	ɳaw2	
㺒	ʁaw3	新
䕧	ʁaw2	
䕧	qaw2	
䕧	ʁaw3	新
䀊	ʁaw2	
䀊	qaw2	
䀊	ʁaw3	新
飽	paw2	
𩜿	paw2	
𩛁	paw2	
卯	maw2	
戼	maw2	
泖	maw2	
昴	maw2	
茆	maw2	
茆	lˠɨw2	
絞	qaw2	
狡	qaw2	
攪	qaw2	
𢯴	qaw2	
𥂔	qaw2	
烄	qaw2	
烄	qɑw3	
𤉧	qaw2	
爪	tʂaw2	
㕚	tʂaw2	
䝖	tʂaw2	
瑵	tʂaw2	
笊	tʂaw2	
笊	tʂaw3	
𢁬	tʂaw2	
𦬔	tʂaw2	
拗	ʔaw2	
𢂊	ʔaw2	
𥄀	ʔaw2	
狕	ʔaw2	
鮑	baw2	
鮑	baw3	新
骲	baw2	
骲	baw3	
骲	pʰɨwk4	
骲	bawk4	
𡂟	baw2	
𡂟	baw3	新
齩	ɴaw2	
㑿	dʐaw2	
㑿	dʐaw3	新
煼	tʂʰaw2	
𩱦	tʂʰaw2	
𤌉	tʂʰaw2	
炒	tʂʰaw2	
𩱈	tʂʰaw2	
䝤	ʈaw2	
䝤	lɑw2	
㪢	ʂaw2	
晧	ʁɑw2	
晧	ʁɑw3	新
昊	ʁɑw2	
昊	ʁɑw3	新
昦	ʁɑw2	
昦	ʁɑw3	新
暤	ʁɑw2	
暤	ʁɑw3	新
鎬	ʁɑw2	
鎬	ʁɑw3	新
浩	ʁɑw2	
浩	qɑp4	
浩	ʁɑw3	新
顥	ʁɑw2	
顥	ʁɑw3	新
灝	ʁɑw2	
灝	qɑm2	
灝	ʁɑw3	新
鰝	ʁɑw2	
鰝	χɑk4	
鰝	ʁɑw3	新
夰	ʁɑw2	
夰	qɑw2	
夰	ʁɑw3	新
薃	ʁɑw2	
薃	ʁɑw3	新
𨛴	ʁɑw2	
𨛴	ʁɑw3	新
𧇼	ʁɑw2	
𧇼	ʁɑw3	新
𥢑	ʁɑw2	
𥢑	ʁɑw3	新
滈	ʁɑw2	
滈	χawk4	
滈	ʁɑw3	新
抱	bɑw2	
抱	bɑw3	新
老	lɑw2	
轑	lɑw2	
潦	lɑw2	
潦	lɑw3	
䕩	lɑw2	
栳	lɑw2	
𣠼	lɑw2	
𩔇	lɑw2	
恅	lɑw2	
𡂕	lɑw2	
䵏	lɑw2	
討	tʰɑw2	
套	tʰɑw2	
道	dɑw2	
道	dɑw3	新
衟	dɑw2	
衟	dɑw3	新
𡬹	dɑw2	
𡬹	dɑw3	新
稻	dɑw2	
稻	dɑw3	新
䆃	dɑw2	
䆃	dɑw3	
𨱵	dɑw2	
𨱵	nɑw2	
𨱵	dɑw3	
𨱵	nɑw3	
堖	nɑw2	
腦	nɑw2	
腦	nɑw3	
𠜶	nɑw2	
惱	nɑw2	
碯	nɑw2	
㺁	nɑw2	
𧳦	nɑw2	
㛴	nɑw2	
㛮	sɑw2	
嫂	sɑw2	
㛐	sɑw2	
燥	sɑw2	
埽	sɑw2	
埽	sɑw3	
掃	sɑw2	
掃	sɑw3	
倒	tɑw2	
倒	tɑw3	
擣	tɑw2	
㨶	tɑw2	
島	tɑw2	
禂	tɑw2	
䮻	tɑw2	
禱	tɑw2	
禱	tɑw3	
㿒	tɑw2	
㿒	ɖˠɨw3	
壔	tɑw2	
草	tsʰɑw2	
艸	tsʰɑw2	
懆	tsʰɑw2	
騲	tsʰɑw2	
𠹊	tsʰɑw2	
愺	tsʰɑw2	
早	tsɑw2	
澡	tsɑw2	
藻	tsɑw2	
薻	tsɑw2	
𧎮	tsɑw2	
蚤	tsɑw2	
䲃	tsɑw2	
璪	tsɑw2	
璅	tsɑw2	
棗	tsɑw2	
皁	dzɑw2	
皁	dzɑw3	新
𦯑	dzɑw2	
𦯑	dzɑw3	新
造	dzɑw2	
造	tsʰɑw3	
造	dzɑw3	新
艁	dzɑw2	
艁	tsʰɑw3	
艁	dzɑw3	新
暠	qɑw2	
杲	qɑw2	
稾	qɑw2	
稾	qʰɑw3	
藁	qɑw2	
縞	qɑw2	
縞	qɑw3	
槀	qɑw2	
槀	qʰɑw2	
㚖	qɑw2	
㚖	tɕʰak4	
菒	qɑw2	
𥓖	qɑw2	
好	χɑw2	
好	χɑw3	
𡚽	χɑw2	
𡚽	χɑw3	
蓩	mɑw2	
蓩	mɨwk4	
䓮	mɑw2	
䓮	mɨw3	
媢	mɑw2	
媢	mʲi3	
媢	mɑw3	
媢	muk4	
𠔼	mɑw2	
𠔼	mɨw3	
寶	pɑw2	
珤	pɑw2	
保	pɑw2	
𡥀	pɑw2	
堢	pɑw2	
堡	pɑw2	
褓	pɑw2	
緥	pɑw2	
鴇	pɑw2	
葆	pɑw2	
駂	pɑw2	
䎂	pɑw2	
宲	pɑw2	
賲	pɑw2	
𠤏	pɑw2	
襖	ʔɑw2	
镺	ʔɑw2	
镺	ʔɑw3	
懊	ʔɑw2	
懊	ʔɑw3	
懊	ʔˠɨwk4	
䐿	ʔɑw2	
䐿	ʔɑw3	
䐿	ʔˠɨwk4	
䴠	ʔɑw2	
媼	ʔɑw2	
燠	ʔɑw2	
燠	ʔɑw3	
燠	ʔˠɨwk4	
㤇	ʔɑw2	
郩	ʔɑw2	
䯠	ʔɑw2	
𪁾	ʔɑw2	
考	qʰɑw2	
攷	qʰɑw2	
栲	qʰɑw2	
祰	qʰɑw2	
祰	quk4	
洘	qʰɑw2	
燺	qʰɑw2	
丂	qʰɑw2	
䯪	qʰɑw2	
䯪	qʰɑw3	
𦽀	ɴɑw2	
𩑤	ɴɑw2	
哿	qɑ2	
舸	qɑ2	
𥰮	qɑ2	
嚲	tɑ2	
䯬	tɑ2	
䫂	tɑ2	
褨	sɑ2	
柁	dɑ2	
柁	dɑ3	新
舵	dɑ2	
舵	dɑ3	新
𣵻	dɑ2	
𣵻	dɑ3	新
我	ɴɑ2	
騀	ɴɑ2	
㧴	ɴɑ2	
㰁	lɑ2	
𨬅	lɑ2	
攞	lɑ2	
砢	lɑ2	
㦬	lɑ2	
曪	lɑ2	
𣂞	lɑ2	
𠻡	lɑ2	
橠	nɑ2	
娜	nɑ2	
㡅	nɑ2	
𢄴	nɑ2	
㰤	χɑ2	
㰤	χɑ3	
㰤	qʰa3	
㗿	χɑ2	
㗿	χa2	
㗿	χa3	
㪃	χɑ2	
㪋	χɑ2	
㪋	ʁɑn3	
可	qʰɑ2	
岢	qʰɑ2	
坷	qʰɑ2	
坷	qʰɑ3	
𨵌	ʔɑ2	
𣘨	ʔɑ2	
㫊	ʔɑ2	
𧙃	ʔɑ2	
左	tsɑ2	
左	tsɑ3	
㝾	tsɑ2	
㝾	tsɑ3	
𠂇	tsɑ2	
果	qwɑ2	
菓	qwɑ2	
猓	qwɑ2	
鐹	qwɑ2	
鐹	qwɑ3	
裹	qwɑ2	
裹	qwɑ3	
蜾	qwɑ2	
惈	qwɑ2	
䴹	qwɑ2	
䴹	ʁwa2	
䴹	ʁwa3	新
粿	qwɑ2	
埵	twɑ2	
挆	twɑ2	
挆	twɑ3	
𦀉	twɑ2	
朵	twɑ2	
朶	twɑ2	
綞	twɑ2	
鍺	twɑ2	
䤪	twɑ2	
𩊜	twɑ2	
𩊜	dwɑ2	
𩊜	dwɑ3	新
鎖	swɑ2	
瑣	swɑ2	
溑	swɑ2	
䈗	swɑ2	
䵀	swɑ2	
𩹳	swɑ2	
𥔭	swɑ2	
䣔	swɑ2	
𢱡	swɑ2	
𧴪	swɑ2	
垛	dwɑ2	
垛	dwɑ3	新
𤬾	dwɑ2	
𤬾	dwɑ3	新
䅜	dwɑ2	
䅜	dʑwie3	
䅜	dwɑ3	新
𥳔	dwɑ2	
𥳔	dwɑ3	新
䤻	dwɑ2	
䤻	dwɑ3	新
憜	dwɑ2	
憜	dwɑ3	新
惰	dwɑ2	
惰	dwɑ3	
嫷	dwɑ2	
嫷	tʰwɑ2	
嫷	tʰwɑ3	
嫷	dwɑ3	新
嶞	dwɑ2	
嶞	dwɑ3	新
妥	tʰwɑ2	
橢	tʰwɑ2	
𨼰	tʰwɑ2	
鵎	tʰwɑ2	
麼	mɑ2	
𣋟	mɑ2	
懡	mɑ2	
坐	dzwɑ2	
坐	dzwɑ3	
𡋲	dzwɑ2	
𡋲	dzwɑ3	新
㛂	ɴwɑ2	
㛂	nwɑ2	
裸	lwɑ2	
躶	lwɑ2	
𧝹	lwɑ2	
臝	lwɑ2	
瘰	lwɑ2	
𤼠	lwɑ2	
蓏	lwɑ2	
𢫷	nwɑ2	
跛	pɑ2	
跛	pˠie3	
簸	pɑ2	
簸	pɑ3	
駊	pɑ2	
駊	pʰɑ2	
㝿	pɑ2	
叵	pʰɑ2	
𡽠	pʰɑ2	
禍	ʁwɑ2	
禍	ʁwɑ3	新
𥚁	ʁwɑ2	
𥚁	ʁwɑ3	新
𡖿	ʁwɑ2	
𡖿	ʁwɑ3	新
𣄸	ʁwɑ2	
𣄸	ʁwɑ3	新
𨘌	ʁwɑ2	
𨘌	ʁwɑ3	新
火	χwɑ2	
邩	χwɑ2	
顆	qʰwɑ2	
堁	qʰwɑ2	
堁	qʰwəj3	
堁	qʰwɑ3	
敤	qʰwɑ2	
敤	qʰwɑ3	
爸	bɑ2	
爸	bɑ3	新
䂳	tsʰwɑ2	
䂳	tʂʰwa2	
馬	ma2	
碼	ma2	
䣕	ma2	
䣕	ma3	
罵	ma2	
罵	ma3	
𥧓	ma2	
鷌	ma2	
鰢	ma2	
者	tɕa2	
赭	tɕa2	
𡐨	ja2	
也	ja2	
冶	ja2	
雅	ɴa2	
庌	ɴa2	
厊	ɴa2	
㿿	ɴa2	
檟	qa2	
榎	qa2	
嘏	qa2	
假	qa2	
假	qa3	
叚	qa2	
斝	qa2	
椵	qa2	
椵	qa3	
婽	qa2	
啞	ʔa2	
啞	ʔa3	
啞	ʔak4	
瘂	ʔa2	
𤺘	ʔa2	
灺	zʲa2	
灺	zʲa3	新
䵦	zʲa2	
䵦	zʲa3	新
下	ʁa2	
下	ʁa3	
丅	ʁa2	
丅	ʁa3	新
夏	ʁa2	
夏	ʁa3	
廈	ʁa2	
廈	ʁa3	新
寫	sʲa2	
𣞐	sʲa2	
瀉	sʲa2	
瀉	sʲa3	
𣬕	sʲa2	
𡎬	tʂwa2	
乜	mʲa2	
閜	χa2	
襾	χa2	
襾	ʔa3	
社	dʑa2	
社	dʑa3	新
𥁹	dʑa2	
𥁹	dʑa3	新
𣝒	dʑa2	
𣝒	dʑa3	新
跒	qʰa2	
跁	ba2	
跁	ba3	
䇑	ba2	
䇑	ba3	新
捨	ɕa2	
舍	ɕa2	
舍	ɕa3	
騇	ɕa2	
騇	ɕa3	
䬷	ɕa2	
𩜉	ɕa2	
姐	tsʲa2	
飷	tsʲa2	
把	pa2	
踝	ʁwa2	
踝	ʁwa3	新
䋀	ʁwa2	
䋀	ʁwa3	新
𦖍	ʁwa2	
𦖍	ʁwa3	新
觟	ʁwa2	
觟	ʁwa3	新
𩸄	ʁwa2	
𩸄	ʁwa3	新
𢦚	ʁwa2	
𢦚	ʁwa3	新
寡	qwa2	
冎	qwa2	
剮	qwa2	
𣑍	qwa2	
𠊰	qwa2	
䈑	qwa2	
𧤐	qwa2	
瓦	ɴwa2	
瓦	ɴwa3	
邷	ɴwa2	
惹	ɲa2	
惹	ɲɑk4	
𠰒	ɲa2	
鮓	tʂa2	
厏	tʂa2	
厏	dʐa2	
厏	dʐa3	新
痄	tʂa2	
奲	tɕʰa2	
㨋	tɕʰa2	
䰩	tɕʰa2	
撦	tɕʰa2	
䋾	ʈa2	
䋈	ɳa2	
骻	qʰwa2	
㡁	qʰwa2	
銙	qʰwa2	
𢄳	qʰwa2	
㐄	qʰwa2	
㐄	qʰwa3	
䊬	ʈʰwa2	
𧫝	ʂwa2	
傻	ʂwa2	
傻	ʂwa3	
奼	ʈʰa2	
奼	tu3	
奼	ʈa3	
藞	la2	
養	jɑŋ2	
養	jɑŋ3	
癢	jɑŋ2	
瀁	jɑŋ2	
瀁	jɑŋ3	
蝆	jɑŋ2	
勨	jɑŋ2	
勨	zʲɑŋ2	
勨	zʲɑŋ3	新
𧓲	jɑŋ2	
像	zʲɑŋ2	
像	zʲɑŋ3	新
象	zʲɑŋ2	
象	zʲɑŋ3	新
蟓	zʲɑŋ2	
蟓	ɕɑŋ3	
蟓	zʲɑŋ3	新
橡	zʲɑŋ2	
橡	zʲɑŋ3	新
襐	zʲɑŋ2	
襐	zʲɑŋ3	新
鱌	zʲɑŋ2	
鱌	zʲɑŋ3	新
潒	zʲɑŋ2	
潒	dɑŋ2	
潒	zʲɑŋ3	新
潒	dɑŋ3	新
𦺨	zʲɑŋ2	
𦺨	zʲɑŋ3	新
𨖶	zʲɑŋ2	
𨖶	zʲɑŋ3	新
嶑	zʲɑŋ2	
嶑	zʲɑŋ3	新
㢡	tsʲɑŋ2	
獎	tsʲɑŋ2	
䉃	tsʲɑŋ2	
槳	tsʲɑŋ2	
㯍	tsʲɑŋ2	
㒳	lˠɑŋ2	
兩	lˠɑŋ2	
兩	lˠɑŋ3	
脼	lˠɑŋ2	
𣓈	lˠɑŋ2	
緉	lˠɑŋ2	
緉	lˠɑŋ3	
蜽	lˠɑŋ2	
魎	lˠɑŋ2	
㔝	lˠɑŋ2	
鞅	ʔˠɑŋ2	
柍	ʔˠɑŋ2	
䬬	ʔˠɑŋ2	
䬬	ʔˠɑŋ3	
詇	ʔˠɑŋ2	
詇	ʔˠɑŋ3	
詇	ʔˠaŋ3	
岟	ʔˠɑŋ2	
駚	ʔˠɑŋ2	
駚	ʔɑŋ2	
炴	ʔˠɑŋ2	
𧵌	ʔˠɑŋ2	
怏	ʔˠɑŋ2	
怏	ʔˠɑŋ3	
紻	ʔˠɑŋ2	
誩	ɡˠɑŋ2	
誩	ɡˠaŋ3	
誩	tʰɑm3	
誩	ɡˠɑŋ3	新
滰	ɡˠɑŋ2	
滰	ɡˠɑŋ3	新
仰	ŋˠɑŋ2	
仰	ŋˠɑŋ3	
磢	tʂʰɑŋ2	
㼽	tʂʰɑŋ2	
㼽	ʂɑŋ2	
𠞮	tʂʰɑŋ2	
漺	tʂʰɑŋ2	
漺	ʂɑŋ2	
愴	tʂʰɑŋ2	
愴	tʂʰɑŋ3	
想	sʲɑŋ2	
鯗	sʲɑŋ2	
掌	tɕɑŋ2	
仉	tɕɑŋ2	
𤓯	tɕɑŋ2	
𤕤	ʂɑŋ2	
爽	ʂɑŋ2	
𦄍	ʂɑŋ2	
塽	ʂɑŋ2	
樉	ʂɑŋ2	
䫪	ʂɑŋ2	
䫪	tʂʰɑŋ2	
響	xˠɑŋ2	
饗	xˠɑŋ2	
蠁	xˠɑŋ2	
蠁	xˠɑŋ3	
䖮	xˠɑŋ2	
亯	xˠɑŋ2	
嚮	xˠɑŋ2	
嚮	xˠɑŋ3	
曏	xˠɑŋ2	
曏	ɕɑŋ2	
曏	ɕɑŋ3	
曏	xˠɑŋ3	
敞	tɕʰɑŋ2	
𢠵	tɕʰɑŋ2	
氅	tɕʰɑŋ2	
𪅶	tɕʰɑŋ2	
廠	tɕʰɑŋ2	
廠	tɕʰɑŋ3	
䟫	tɕʰɑŋ2	
僘	tɕʰɑŋ2	
繈	kˠɑŋ2	
鏹	kˠɑŋ2	
襁	kˠɑŋ2	
膙	kˠɑŋ2	
憼	kˠɑŋ2	
憼	kˠaŋ2	
丈	ɖˠɑŋ2	
丈	ɖˠɑŋ3	新
杖	ɖˠɑŋ2	
杖	ɖˠɑŋ3	新
仗	ɖˠɑŋ2	
仗	ɖˠɑŋ3	
㽴	ɖˠɑŋ2	
㽴	ɖˠɑŋ3	新
昶	ʈˠʰɑŋ2	
昶	ʈˠʰɑŋ3	
鋹	ʈˠʰɑŋ2	
獷	kˠwɑŋ2	
獷	qwaŋ2	
壤	ɲɑŋ2	
䖆	ɲɑŋ2	
䖆	ɳˠɑŋ3	
䑋	ɲɑŋ2	
𥗝	ɲɑŋ2	
賞	ɕɑŋ2	
𩞧	ɕɑŋ2	
𩞃	ɕɑŋ2	
髣	fʰɑŋ2	
仿	fʰɑŋ2	
紡	fʰɑŋ2	
鶭	fʰɑŋ2	
网	ɱɑŋ2	
網	ɱɑŋ2	
罔	ɱɑŋ2	
輞	ɱɑŋ2	
棢	ɱɑŋ2	
惘	ɱɑŋ2	
菵	ɱɑŋ2	
誷	ɱɑŋ2	
𡔞	ɱɑŋ2	
𦖉	ɱɑŋ2	
蛧	ɱɑŋ2	
魍	ɱɑŋ2	
昉	fɑŋ2	
倣	fɑŋ2	
放	fɑŋ2	
放	fɑŋ3	
瓬	fɑŋ2	
枉	ʔˠwɑŋ2	
𢼟	ʔˠwɑŋ2	
𣢫	ʔˠwɑŋ2	
往	ɰwɑŋ2	
暀	ɰwɑŋ2	
暀	ɰwɑŋ3	
暀	ʁwɑŋ3	
怳	xˠwɑŋ2	
摤	tsʲʰɑŋ2	
上	dʑɑŋ2	
上	dʑɑŋ3	
丄	dʑɑŋ2	
丄	dʑɑŋ3	
俇	ɡˠwɑŋ2	
俇	kˠwɑŋ3	
俇	ɡˠwɑŋ3	新
臩	kˠwɑŋ2	
臩	kˠwaŋ2	
迋	kˠwɑŋ2	
迋	ɰwɑŋ3	
𠏤	kˠwɑŋ2	
逛	kˠwɑŋ2	
𩦠	bʲew1	
傸	tʂʰɑŋ2	
蕩	dɑŋ2	
蕩	tʰɑŋ3	
蕩	dɑŋ3	新
婸	dɑŋ2	
婸	dɑŋ3	新
𥯕	dɑŋ2	
𥯕	tʰɑŋ2	
𥯕	dɑŋ3	新
𢠽	dɑŋ2	
𢠽	dɑŋ3	新
愓	dɑŋ2	
愓	dɑŋ3	新
璗	dɑŋ2	
璗	dɑŋ3	新
䑗	dɑŋ2	
䑗	dɑŋ3	新
嵣	dɑŋ2	
嵣	dɑŋ3	
顙	sɑŋ2	
𣞙	sɑŋ2	
𣡆	sɑŋ2	
磉	sɑŋ2	
廣	qwɑŋ2	
牓	pɑŋ2	
𣮧	pɑŋ2	
髒	tsɑŋ2	
曩	nɑŋ2	
灢	nɑŋ2	
灢	nɑŋ3	
骯	ʁɑŋ2	
骯	qʰɑŋ2	
骯	ʁɑŋ3	新
䟘	ʁɑŋ2	
䟘	qɑŋ2	
䟘	ʁɑŋ3	新
𡕬	ʁɑŋ2	
𡕬	ʁɑŋ3	新
曭	tʰɑŋ2	
儻	tʰɑŋ2	
儻	tʰɑŋ3	
偒	tʰɑŋ2	
戃	tʰɑŋ2	
矘	tʰɑŋ2	
爣	tʰɑŋ2	
𣎲	tʰɑŋ2	
㼒	tʰɑŋ2	
㿩	tʰɑŋ2	
攩	tʰɑŋ2	
攩	ʁwɑŋ2	
攩	ʁwɑŋ3	
茻	mɑŋ2	
壾	mɑŋ2	
䁳	mɑŋ2	
䒎	mɑŋ2	
㬒	mɑŋ2	
蟒	mɑŋ2	
漭	mɑŋ2	
漭	mɑŋ3	
㟐	mɑŋ2	
㟐	mɑŋ3	
黨	tɑŋ2	
讜	tɑŋ2	
欓	tɑŋ2	
䣣	tɑŋ2	
𧅗	tɑŋ2	
朗	lɑŋ2	
朖	lɑŋ2	
誏	lɑŋ2	
俍	lɑŋ2	
崀	lɑŋ2	
坱	ʔɑŋ2	
映	ʔɑŋ2	
映	ʔˠaŋ3	
醠	ʔɑŋ2	
醠	ʔɑŋ3	
䇦	ʔɑŋ2	
盎	ʔɑŋ2	
盎	ʔɑŋ3	
軮	ʔɑŋ2	
慷	qʰɑŋ2	
𡻚	qʰɑŋ2	
䡉	qʰɑŋ2	
䡉	qʰwɑŋ2	
懬	qʰɑŋ2	
懬	qʰwɑŋ2	
㳹	ʔwɑŋ2	
瀇	ʔwɑŋ2	
晃	ʁwɑŋ2	
晃	ʁwɑŋ3	新
幌	ʁwɑŋ2	
幌	ʁwɑŋ3	新
櫎	ʁwɑŋ2	
櫎	ʁwɑŋ3	新
榥	ʁwɑŋ2	
榥	ʁwɑŋ3	新
滉	ʁwɑŋ2	
滉	ʁwɑŋ3	新
皝	ʁwɑŋ2	
皝	ʁwɑŋ3	新
䒍	pʰɑŋ2	
慌	χwɑŋ2	
爌	χwɑŋ2	
爌	qʰwɑŋ2	
爌	qʰwɑŋ3	
𡧽	χwɑŋ2	
䁜	χwɑŋ2	
㬻	χwɑŋ2	
䴚	qɑŋ2	
𨟼	qɑŋ2	
㽘	qɑŋ2	
奘	dzɑŋ2	
奘	dzɑŋ3	
汻	χɑŋ2	
酐	χɑŋ2	
𤰟	χɑŋ2	
梗	qaŋ2	
挭	qaŋ2	
哽	qaŋ2	
郠	qaŋ2	
綆	qaŋ2	
鯁	qaŋ2	
骾	qaŋ2	
𧋑	qaŋ2	
丙	pˠaŋ2	
昞	pˠaŋ2	
怲	pˠaŋ2	
怲	pˠaŋ3	
邴	pˠaŋ2	
邴	pˠaŋ3	
炳	pˠaŋ2	
秉	pˠaŋ2	
窉	pˠaŋ2	
苪	pˠaŋ2	
蛃	pˠaŋ2	
警	kˠaŋ2	
儆	kˠaŋ2	
儆	ɡˠaŋ3	
景	kˠaŋ2	
境	kˠaŋ2	
璥	kˠaŋ2	
影	ʔˠaŋ2	
璟	ʔˠaŋ2	
璟	kˠwaŋ2	
璄	ʔˠaŋ2	
䭘	ʔˠaŋ2	
摬	ʔˠaŋ2	
㲟	ʔˠaŋ2	
𠝟	ʔˠaŋ2	
𩘑	ʔˠaŋ2	
省	ʂaŋ2	
省	sʲaŋ2	
眚	ʂaŋ2	
㾪	ʂaŋ2	
𡞞	ʂaŋ2	
䚇	ʂaŋ2	
𨵥	ʂaŋ2	
㼳	ʂaŋ2	
渻	ʂaŋ2	
渻	sʲaŋ2	
𨜜	ʂaŋ2	
永	ɰwaŋ2	
栐	ɰwaŋ2	
𦬺	xˠwaŋ2	
皿	mˠaŋ2	
𥥊	mˠaŋ2	
憬	kˠwaŋ2	
囧	kˠwaŋ2	
煚	kˠwaŋ2	
暻	kˠwaŋ2	
杏	ʁaŋ2	
杏	ʁaŋ3	新
莕	ʁaŋ2	
莕	ʁaŋ3	新
荇	ʁaŋ2	
荇	ʁaŋ3	新
猛	maŋ2	
蜢	maŋ2	
艋	maŋ2	
礦	qwaŋ2	
鑛	qwaŋ2	
𨥥	qwaŋ2	
𪍿	qwaŋ2	
䵃	qwaŋ2	
穬	qwaŋ2	
㑟	paŋ2	
𧚭	paŋ2	
㴄	ʔwaŋ2	
奣	ʔwaŋ2	
打	taŋ2	
打	teŋ2	
卝	ʁwaŋ2	
卝	ʁwaŋ3	新
澋	ʁwaŋ2	
澋	ʁwaŋ3	新
鮩	baŋ2	
鮩	beŋ2	
鮩	bʲit4	
鮩	baŋ3	新
鮩	beŋ3	新
𥉁	qʰwaŋ2	
𥉁	qweŋ2	
𥉁	kˠu3	
檸	ɳaŋ2	
耿	qaŋ2	
𦵸	qaŋ2	
𥉔	qaŋ2	
䁅	maŋ2	
䁅	maŋ3	
鼆	maŋ2	
幸	ʁaŋ2	
幸	ʁaŋ3	新
𡴘	ʁaŋ2	
𡴘	ʁaŋ3	新
倖	ʁaŋ2	
倖	ʁaŋ3	新
㼬	ʁaŋ2	
㼬	ʁaŋ3	新
𠊧	baŋ2	
𠊧	baŋ3	
𩶁	baŋ2	
𩶁	baŋ3	新
皏	pʰaŋ2	
靜	dzʲaŋ2	
靜	dzʲaŋ3	新
睜	dzʲaŋ2	
睜	dzʲaŋ3	新
𩇕	dzʲaŋ2	
𩇕	dzʲaŋ3	新
靖	dzʲaŋ2	
靖	dzʲaŋ3	新
妌	dzʲaŋ2	
妌	dzʲaŋ3	新
穽	dzʲaŋ2	
穽	dzʲaŋ3	
阱	dzʲaŋ2	
阱	dzʲaŋ3	新
竫	dzʲaŋ2	
竫	dzʲaŋ3	新
整	tɕaŋ2	
逞	ʈˠʰaŋ2	
騁	ʈˠʰaŋ2	
悜	ʈˠʰaŋ2	
睈	ʈˠʰaŋ2	
郢	jaŋ2	
浧	jaŋ2	
梬	jaŋ2	
痙	ɡʲaŋ2	
痙	ɡʲaŋ3	新
𠗊	ɡʲaŋ2	
𠗊	ɡʲaŋ3	新
潁	jwaŋ2	
穎	jwaŋ2	
領	lˠaŋ2	
嶺	lˠaŋ2	
袊	lˠaŋ2	
餅	pʲaŋ2	
鉼	pʲaŋ2	
併	pʲaŋ2	
併	beŋ2	
併	pʲaŋ3	
併	beŋ3	新
䴵	pʲaŋ2	
𩒵	kʲʰwaŋ2	
㩩	kʲʰwaŋ2	
檾	kʲʰwaŋ2	
檾	qʰweŋ2	
苘	kʲʰwaŋ2	
苘	qʰweŋ2	
䔛	kʲʰwaŋ2	
井	tsʲaŋ2	
𨙷	tsʲaŋ2	
廮	ʔʲaŋ2	
癭	ʔʲaŋ2	
𣤵	ʔʲaŋ2	
𦡺	ʔʲaŋ2	
睲	sʲaŋ2	
睲	seŋ3	
㮐	sʲaŋ2	
𢜫	sʲaŋ2	
眳	mʲaŋ2	
眳	meŋ2	
慏	mʲaŋ2	
徎	ɖˠaŋ2	
徎	tʰeŋ2	
徎	ɖˠaŋ3	新
塣	ɖˠaŋ2	
塣	ɖˠaŋ3	新
迥	ʁweŋ2	
迥	ʁweŋ3	新
炯	ʁweŋ2	
炯	qweŋ2	
炯	ʁweŋ3	新
泂	ʁweŋ2	
泂	ʁweŋ3	新
𦳖	ʁweŋ2	
𦳖	ʁweŋ3	新
熲	qweŋ2	
炅	qweŋ2	
炅	qwej3	
𠖷	qweŋ2	
㯋	qweŋ2	
𩚱	qweŋ2	
𧍮	qweŋ2	
茗	meŋ2	
酩	meŋ2	
瀴	meŋ2	
瀴	ʔeŋ2	
瀴	ʔaŋ3	
姳	meŋ2	
頂	teŋ2	
𩠑	teŋ2	
𩕢	teŋ2	
奵	teŋ2	
耵	teŋ2	
鼎	teŋ2	
薡	teŋ2	
酊	teŋ2	
濎	teŋ2	
㞟	teŋ2	
㞟	den3	
艇	deŋ2	
艇	deŋ3	新
鋌	deŋ2	
鋌	deŋ3	新
梃	deŋ2	
梃	deŋ3	新
涏	deŋ2	
涏	den3	
涏	deŋ3	新
誔	deŋ2	
誔	deŋ3	新
珽	tʰeŋ2	
脡	tʰeŋ2	
侹	tʰeŋ2	
侹	tʰeŋ3	
頲	tʰeŋ2	
𡈼	tʰeŋ2	
𤱹	tʰeŋ2	
𨳝	tʰeŋ2	
汫	dzeŋ2	
汫	dzeŋ3	新
濙	ʔweŋ2	
謦	qʰeŋ2	
𩕳	neŋ2	
䗿	neŋ2	
濘	neŋ2	
濘	nej3	
濘	neŋ3	
䔭	neŋ2	
婞	ʁeŋ2	
婞	ʁeŋ3	新
涬	ʁeŋ2	
涬	ʁeŋ3	新
脛	ʁeŋ2	
脛	ʁeŋ3	
𢙼	ʁeŋ2	
𢙼	ʁeŋ3	新
緈	ʁeŋ2	
緈	ʁeŋ3	新
箵	seŋ2	
褧	qʰweŋ2	
剄	qeŋ2	
烴	qeŋ2	
巊	ʔeŋ2	
𩳍	ʔeŋ2	
𦊓	leŋ2	
竝	beŋ2	
竝	beŋ3	新
並	beŋ2	
並	beŋ3	新
詗	χweŋ2	
詗	xʲwaŋ3	
䀴	ɴeŋ2	
矨	ɴeŋ2	
拯	tɕɨŋ2	
撜	tɕɨŋ2	
氶	tɕɨŋ2	
肯	qʰɨŋ2	
肎	qʰɨŋ2	
有	ɰɨw2	
右	ɰɨw2	
右	ɰɨw3	
䳑	ɰɨw2	
友	ɰɨw2	
㕛	ɰɨw2	
䀁	ɰɨw2	
䀁	ɰɨw3	
𥁓	ɰɨw2	
𥁓	ɰɨw3	
栯	ɰɨw2	
栯	ʔˠɨwk4	
䒴	ɰɨw2	
柳	lˠɨw2	
罶	lˠɨw2	
𦊑	lˠɨw2	
珋	lˠɨw2	
𩖴	lˠɨw2	
嬼	lˠɨw2	
嬼	lˠɨw3	
綹	lˠɨw2	
𨋖	lˠɨw2	
狃	ɳˠɨw2	
狃	ɳˠɨw3	
紐	ɳˠɨw2	
鈕	ɳˠɨw2	
杻	ɳˠɨw2	
杻	ʈˠʰɨw2	
禸	ɳˠɨw2	
禸	ɲɨw2	
扭	ɳˠɨw2	
扭	ʈˠɨw2	
𢔟	ɳˠɨw2	
䏔	ɳˠɨw2	
𨙺	ɳˠɨw2	
莥	ɳˠɨw2	
丑	ʈˠʰɨw2	
杽	ʈˠʰɨw2	
肘	ʈˠɨw2	
疛	ʈˠɨw2	
疛	ɖˠɨw3	
𤶡	ʈˠɨw2	
朽	xˠɨw2	
㱙	xˠɨw2	
㽲	xˠɨw2	
殠	xˠɨw2	
殠	tɕʰɨw3	
久	kˠɨw2	
九	kˠɨw2	
玖	kˠɨw2	
灸	kˠɨw2	
灸	kˠɨw3	
韭	kˠɨw2	
𡚮	kˠɨw2	
𨾉	kˠɨw2	
首	ɕɨw2	
首	ɕɨw3	
𩠐	ɕɨw2	
𦣻	ɕɨw2	
手	ɕɨw2	
守	ɕɨw2	
守	ɕɨw3	
䭭	ɕɨw2	
醜	tɕʰɨw2	
𧃝	tɕʰɨw2	
婦	vɨw2	
婦	vu2	新
婦	vu3	新
䘀	vɨw2	
䘀	vɨw3	新
負	vɨw2	
負	vu2	新
負	vu3	新
萯	vɨw2	
萯	vɨw3	新
蝜	vɨw2	
蝜	vɨw3	新
阜	vɨw2	
阜	vu2	新
阜	vu3	新
𨸏	vɨw2	
𨸏	vɨw3	新
𪃓	vɨw2	
𪃓	vɨw3	新
偩	vɨw2	
偩	vɨw3	新
𦰺	vɨw2	
𦰺	vɨw3	新
𩣸	vɨw2	
𩣸	vɨw3	新
䧞	vɨw2	
䧞	ma3	
䧞	vɨw3	新
㷆	vɨw2	
㷆	vɨw3	新
𧌈	vɨw2	
𧌈	vɨw3	新
缶	fɨw2	
缶	fu2	新
缹	fɨw2	
糗	kˠʰɨw2	
楺	ɲɨw2	
煣	ɲɨw2	
煣	ɲɨw3	
輮	ɲɨw2	
輮	ɲɨw3	
沑	ɲɨw2	
沑	ɳˠɨwk4	
𥠊	ɲɨw2	
韖	ɲɨw2	
粈	ɲɨw2	
舅	ɡˠɨw2	
舅	ɡˠɨw3	新
臼	ɡˠɨw2	
臼	ɡˠɨw3	新
齨	ɡˠɨw2	
齨	ɡˠɨw3	新
麔	ɡˠɨw2	
麔	ɡˠɨw3	新
䳎	ɡˠɨw2	
䳎	ɡˠɨw3	新
䊆	ɡˠɨw2	
䊆	ɡˠɨw3	新
𤷑	ɡˠɨw2	
𤷑	ɡˠɨw3	新
䛮	ɡˠɨw2	
䛮	ɡˠɨw3	新
紂	ɖˠɨw2	
紂	ɖˠɨw3	新
䈙	ɖˠɨw2	
䈙	ɖˠɨw3	新
葤	ɖˠɨw2	
葤	ɖˠɨw3	新
酉	jɨw2	
丣	jɨw2	
誘	jɨw2	
㕗	jɨw2	
䛻	jɨw2	
牖	jɨw2	
槱	jɨw2	
槱	jɨw3	
𥙫	jɨw2	
莠	jɨw2	
羑	jɨw2	
蜏	jɨw2	
蜏	sʲɨw3	
蜏	jɨw3	
㝌	jɨw2	
㝌	kˠɨw3	
𣣸	jɨw2	
琇	jɨw2	
琇	sʲɨw3	
梄	jɨw2	
𨣆	jɨw2	
𦏇	jɨw2	
受	dʑɨw2	
受	dʑɨw3	新
壽	dʑɨw2	
壽	dʑɨw3	
璹	dʑɨw2	
璹	dʑɨwk4	
璹	dʑɨw3	新
綬	dʑɨw2	
綬	dʑɨw3	
滫	sʲɨw2	
糔	sʲɨw2	
䬀	ʔˠɨw2	
䬀	ʔʲɨw2	
懮	ʔˠɨw2	
酒	tsʲɨw2	
帚	tɕɨw2	
箒	tɕɨw2	
鯞	tɕɨw2	
晭	tɕɨw2	
𧳜	tɕɨw2	
㤱	fʰɨw2	
㤱	fʰɨw3	
𩂆	fʰɨw2	
𧌗	tʂɨw2	
𥣙	dʐɨw2	
𥣙	dʐɨw3	新
𩋄	tʂʰɨw2	
𩌄	tʂʰɨw2	
厚	ʁɨw2	
厚	ʁɨw3	
垕	ʁɨw2	
垕	ʁɨw3	新
後	ʁɨw2	
後	ʁɨw3	
𨒥	ʁɨw2	
𨒥	ʁɨw3	新
后	ʁɨw2	
后	ʁɨw3	
郈	ʁɨw2	
郈	ʁɨw3	新
㖃	ʁɨw2	
㖃	χɨw2	
㖃	χɨw3	
㖃	ʁɨw3	新
母	mɨw2	
母	mu2	新
牡	mɨw2	
牡	mu2	新
某	mɨw2	
某	mu2	新
拇	mɨw2	
拇	mu2	新
胟	mɨw2	
畝	mɨw2	
畝	mu2	新
畮	mɨw2	
畮	mu2	新
畞	mɨw2	
𤝕	mɨw2	
𤵝	mɨw2	
踇	mɨw2	
𧿹	mɨw2	
犃	bɨw2	
犃	bɨw3	新
䴺	bɨw2	
䴺	bɨw3	新
篰	bɨw2	
篰	bɨw3	新
蔀	bɨw2	
蔀	pʰɨw2	
蔀	bɨw3	新
斗	tɨw2	
㪷	tɨw2	
蚪	tɨw2	
阧	tɨw2	
陡	tɨw2	
抖	tɨw2	
襡	tɨw2	
襡	dɨw2	
襡	tɨw3	
襡	dɨwk4	
襡	dʑuk4	
襡	dɨw3	新
𪌘	tʰɨw2	
飳	tʰɨw2	
妵	tʰɨw2	
黈	tʰɨw2	
𩿢	tʰɨw2	
𩿢	dɨw2	
𩿢	dɨw3	新
蘣	tʰɨw2	
斢	tʰɨw2	
鈄	tʰɨw2	
䱏	tʰɨw2	
苟	qɨw2	
玽	qɨw2	
狗	qɨw2	
垢	qɨw2	
笱	qɨw2	
𦊒	qɨw2	
耇	qɨw2	
詬	qɨw2	
詬	qʰɨw3	
詬	χɨw3	
茩	qɨw2	
敂	qɨw2	
豿	qɨw2	
藕	ɴɨw2	
蕅	ɴɨw2	
偶	ɴɨw2	
偶	ɴɨw3	
耦	ɴɨw2	
㼴	ɴɨw2	
㨐	pɨw2	
㝅	nɨw2	
㝅	qɨw3	
㳶	nɨw2	
𡝦	nɨw2	
啂	nɨw2	
𡭾	nɨw2	
叜	sɨw2	
叟	sɨw2	
傁	sɨw2	
嗾	sɨw2	
嗾	sɨw3	
嗾	tsʰɨw3	
𠻛	sɨw2	
擻	sɨw2	
藪	sɨw2	
䏂	sɨw2	
吼	χɨw2	
吼	χɨw3	
吽	χɨw2	
呴	χɨw2	
呴	xˠu3	
㸸	χɨw2	
㸸	ʔɨw2	
㸸	qʰɨw2	
𤘽	χɨw2	
䳝	pʰɨw2	
毆	ʔɨw2	
𠙶	ʔɨw2	
塸	ʔɨw2	
塿	lɨw2	
甊	lɨw2	
𪍣	lɨw2	
㪹	lɨw2	
䅹	lɨw2	
走	tsɨw2	
走	tsɨw3	
口	qʰɨw2	
扣	qʰɨw2	
扣	qʰɨw3	
𤘘	qʰɨw2	
釦	qʰɨw2	
叩	qʰɨw2	
𧥣	qʰɨw2	
𨙫	qʰɨw2	
䕆	dɨw2	
䕆	dɨw3	新
𨪐	dɨw2	
𨪐	dɨw3	新
𠁁	dɨw2	
𠁁	dɨw3	新
趣	tsʰɨw2	
趣	tsʲʰu3	
蚴	ʔʲɨw2	
糾	kʲɨw2	
赳	kʲɨw2	
寑	tsʲʰim2	
𡪢	tsʲʰim2	
寢	tsʲʰim2	
㾛	tsʲʰim2	
𡬓	tsʲʰim2	
𦯈	tsʲʰim2	
䤐	tsʲʰim2	
䤐	tsʲim2	
朕	ɖˠim2	
朕	ɖˠim3	新
𦩎	ɖˠim2	
𦩎	ɖˠim3	新
栚	ɖˠim2	
栚	ɖˠim3	新
顩	ɖˠim2	
顩	ŋˠem2	
顩	ɖˠim3	新
坅	kˠʰim2	
廩	lˠim2	
㐭	lˠim2	
懍	lˠim2	
菻	lˠim2	
顲	lˠim2	
顲	lɑm2	
顲	lɑm3	
𤎭	lˠim2	
癛	lˠim2	
罧	sʲim2	
罧	ʂim3	
伈	sʲim2	
踸	ʈˠʰim2	
鍖	ʈˠʰim2	
䫖	ʈˠʰim2	
寖	tsʲim2	
䭙	tsʲim2	
荏	ɲim2	
飪	ɲim2	
餁	ɲim2	
䭃	ɲim2	
稔	ɲim2	
栠	ɲim2	
袵	ɲim2	
䏕	ɲim2	
䇮	ɲim2	
棯	ɲim2	
𢆉	ɲim2	
腍	ɲim2	
䪴	tɕim2	
䪴	tɑm2	
䫬	tɕim2	
邥	ɕim2	
宷	ɕim2	
審	ɕim2	
㰂	ɕim2	
瞫	ɕim2	
瞫	dɑm3	
諗	ɕim2	
魫	ɕim2	
淰	ɕim2	
淰	nem2	
淰	ɳam2	
㜤	ɕim2	
㜤	nem2	
𩶇	ɕim2	
𧀯	ɕim2	
葚	ʑim2	
葚	ʑim3	新
𣞵	ʑim2	
𣞵	ʑim3	新
甚	dʑim2	
甚	dʑim3	
瀋	tɕʰim2	
墋	tʂʰim2	
醦	tʂʰim2	
醦	ʂam2	
磣	tʂʰim2	
拰	ɳˠim2	
噤	ɡˠim2	
噤	ɡˠim3	
䫴	ɡˠim2	
䫴	ɰim3	
䫴	ɡˠim3	新
凚	ɡˠim2	
凚	ɡˠim3	
錦	kˠim2	
蕈	dzʲim2	
蕈	dzʲim3	新
僸	ŋˠim2	
僸	kˠim3	
趛	ŋˠim2	
瘮	ʂim2	
稟	pˠim2	
㱃	ʔˠim2	
飲	ʔˠim2	
飲	ʔˠim3	
𤃷	ʔˠim2	
𤃷	ʔɑm2	
品	pˠʰim2	
𩖄	kˠʰim2	
𩒣	kˠʰim2	
𩒣	kˠʰəm2	
感	qɑm2	
𥸡	qɑm2	
鱤	qɑm2	
贑	qɑm2	
䤗	qɑm2	
贛	qɑm2	
贛	qɨwŋ3	
贛	qɑm3	
㔶	qɑm2	
㔶	qɨwŋ3	
𧆐	qɑm2	
𧆐	qɨwŋ3	
𧆐	qɑm3	
䃭	qɑm2	
灨	qɑm2	
灨	qɑm3	
禫	dɑm2	
禫	dɑm3	新
䨢	dɑm2	
䨢	dɑm3	新
黮	dɑm2	
黮	tʰɑm2	
黮	dɑm3	新
窞	dɑm2	
窞	dɑm3	新
髧	dɑm2	
髧	dɑm3	新
萏	dɑm2	
萏	dɑm3	新
𧂄	dɑm2	
𧂄	dɑm3	新
醰	dɑm2	
醰	dɑm3	
嘾	dɑm2	
嘾	dɑm3	新
贉	dɑm2	
贉	dɑm3	
𣛱	dɑm2	
𣛱	dɑm3	新
晻	ʔɑm2	
晻	ʔˠem2	
黭	ʔɑm2	
揞	ʔɑm2	
揞	ʔam3	
唵	ʔɑm2	
罯	ʔɑm2	
罯	ʔɑp4	
黤	ʔɑm2	
黤	ʔam2	
腩	nɑm2	
湳	nɑm2	
䈒	nɑm2	
䎃	nɑm2	
䎃	ɲem2	
揇	nɑm2	
萳	nɑm2	
𧖺	tʰɑm2	
䏙	tʰɑm2	
嗿	tʰɑm2	
歜	dzɑm2	
歜	tɕʰuk4	
歜	dzɑm3	新
㣅	dzɑm2	
㣅	dzɑm3	新
㔆	dzɑm2	
㔆	dzɑm3	新
慘	tsʰɑm2	
憯	tsʰɑm2	
憯	tsʰem2	
黲	tsʰɑm2	
噆	tsʰɑm2	
噆	tsɑp4	
䫩	tsʰɑm2	
䫩	sɑm2	
㜝	ɴɑm2	
㜝	ʁɑm2	
㜝	ʁɑm3	新
昝	tsɑm2	
寁	tsɑm2	
寁	dzʲep4	
糂	sɑm2	
糝	sɑm2	
糣	sɑm2	
𢕕	sɑm2	
㧲	sɑm2	
䊉	sɑm2	
坎	qʰɑm2	
歁	qʰɑm2	
歁	qʰɑp4	
惂	qʰɑm2	
輡	qʰɑm2	
錎	qʰɑm2	
錎	ʁam3	
轗	qʰɑm2	
轗	qʰɑm3	
埳	qʰɑm2	
顑	qʰɑm2	
顑	ɴam3	
竷	qʰɑm2	
竷	qʰɑm3	
臽	qʰɑm2	
臽	ʁam3	
頜	ʁɑm2	
頜	qɑp4	
頜	ʁɑm3	新
撼	ʁɑm2	
撼	ʁɑm3	新
菡	ʁɑm2	
菡	ʁɑm3	新
欿	ʁɑm2	
欿	ʁɑm3	新
蜭	ʁɑm2	
蜭	ʁɑm3	
𢇞	ʁɑm2	
𢇞	ʁɑm3	新
𢃗	ʁɑm2	
𢃗	ʁɑm3	新
莟	ʁɑm2	
莟	ʁɑm3	
𡻡	ʁɑm2	
𡻡	ʁɑm3	新
壈	lɑm2	
𨎹	lɑm2	
浨	lɑm2	
醂	lɑm2	
𠓭	lɑm2	
漤	lɑm2	
黕	tɑm2	
衴	tɑm2	
丼	tɑm2	
瓭	tɑm2	
䉞	tɑm2	
𥴶	tɑm2	
䫲	χɑm2	
䫲	χɑm3	
敢	qɑm2	
𠭖	qɑm2	
𣪏	qɑm2	
𢽤	qɑm2	
橄	qɑm2	
澉	qɑm2	
澉	tʰɑm3	
覽	lɑm2	
爁	lɑm2	
爁	lɑm3	
爁	lˠem3	
攬	lɑm2	
欖	lɑm2	
罱	lɑm2	
𦵹	tʰɑm2	
菼	tʰɑm2	
毯	tʰɑm2	
𦃖	tʰɑm2	
膽	tɑm2	
紞	tɑm2	
䃫	tɑm2	
黵	tɑm2	
𪆻	tɑm2	
噉	dɑm2	
噉	dɑm3	新
啖	dɑm2	
啖	dɑm3	
啗	dɑm2	
啗	dɑm3	
𥲄	dɑm2	
𥲄	dɑm3	新
憺	dɑm2	
憺	dɑm3	
㛧	mɑm2	
𩛎	mɑm2	
䭕	tsɑm2	
㟛	dzɑm2	
㟛	dzɑm3	新
喊	χɑm2	
喊	ʁam2	
喊	χam2	
喊	ʁam3	新
嚂	χɑm2	
嚂	qʰɑm3	
嚂	lɑm3	
壏	χɑm2	
壏	ʁam2	
壏	ʁam3	新
㯺	χɑm2	
㯺	ʁam3	
埯	ʔɑm2	
埯	ʔˠəm2	
揜	ʔɑm2	
揜	ʔˠem2	
䖔	qʰɑm2	
䖔	χɑm3	
琰	jem2	
剡	jem2	
剡	dʑem2	
剡	dʑem3	新
𨁹	jem2	
棪	jem2	
燄	jem2	
扊	jem2	
夵	jem2	
䎦	jem2	
䌪	jem2	
斂	lˠem2	
斂	lˠem3	
撿	lˠem2	
瀲	lˠem2	
瀲	lˠem3	
嬚	lˠem2	
䭑	lˠem2	
羷	lˠem2	
䌞	lˠem2	
㰈	lˠem2	
㯬	lˠem2	
險	xˠem2	
玁	xˠem2	
㛍	xˠem2	
㛍	qʰep4	
㛍	χep4	
嶮	xˠem2	
嶮	ŋˠem2	
貶	pˠem2	
𦥘	pˠem2	
颭	tɕem2	
𩑳	kˠʰem2	
嵰	kˠʰem2	
广	ŋˠem2	
广	ŋˠəm2	
隒	ŋˠem2	
嬐	ŋˠem2	
䲓	ŋˠem2	
噞	ŋˠem2	
噞	ŋˠem3	
儉	ɡˠem2	
儉	ɡˠem3	新
芡	ɡˠem2	
芡	ɡˠem3	新
檢	kˠem2	
瞼	kˠem2	
黶	ʔʲem2	
𥜒	ʔʲem2	
檿	ʔʲem2	
厭	ʔʲem2	
厭	ʔʲem3	
厭	ʔʲep4	
魘	ʔʲem2	
魘	ʔʲep4	
厴	ʔʲem2	
擪	ʔʲem2	
擪	ʔʲep4	
酓	ʔʲem2	
酓	ʔem3	
姌	ɲem2	
姌	nem2	
苒	ɲem2	
染	ɲem2	
染	ɲem3	
𩃵	ɲem2	
䣸	ɲem2	
𥬕	ɲem2	
陝	ɕem2	
睒	ɕem2	
睒	tʰɑm3	
閃	ɕem2	
閃	ɕem3	
𧴭	ɕem2	
覢	ɕem2	
㴸	ɕem2	
㚒	ɕem2	
㚒	ɕak4	
𡟨	ɕem2	
諂	ʈˠʰem2	
讇	ʈˠʰem2	
奄	ʔˠem2	
𩃗	ʔˠem2	
㭺	ʔˠem2	
掩	ʔˠem2	
裺	ʔˠem2	
裺	ʔˠəm3	
渰	ʔˠem2	
罨	ʔˠem2	
罨	ʔɑp4	
罨	ʔˠəp4	
𤗎	ʔˠem2	
𡹮	ʔˠem2	
𣃳	ʔˠem2	
𣃳	ʔˠəm2	
𣃳	ʔʲep4	
𥕌	dzʲem2	
𥕌	dzʲem3	新
蔪	dzʲem2	
蔪	dzʲem3	新
𦾶	dzʲem2	
𦾶	dzʲem3	新
䟅	dzʲem2	
䟅	dzʲem3	新
䤔	dzʲem2	
䤔	dzʲem3	新
䤘	tsʲʰem2	
䤘	tʂʰam2	
𩟗	tsʲem2	
脥	kʲʰem2	
忝	tʰem2	
忝	tʰem3	
䄼	tʰem2	
栝	tʰem2	
栝	qwɑt4	
悿	tʰem2	
𨸱	nem2	
𨸱	tʰem3	
點	tem2	
玷	tem2	
𦒻	tem2	
𦒻	tem3	
㓠	tem2	
䍄	tem2	
簟	dem2	
簟	dem3	新
扂	dem2	
扂	dem3	新
𠂼	dem2	
𠂼	dem3	新
驔	dem2	
驔	dem3	新
㶘	dem2	
㶘	dem3	新
嗛	qʰem2	
歉	qʰem2	
歉	qʰam2	
歉	qʰam3	
慊	qʰem2	
膁	qʰem2	
𤬓	lem2	
鼸	ʁem2	
鼸	ʁem3	新
㺌	ʁem2	
㺌	ʁam2	
㺌	ʁem3	新
㺌	ʁam3	新
𡕢	mem2	
𡕢	ɱəm2	
厸	mem2	
儼	ŋˠəm2	
𠆲	ŋˠəm2	
㢂	ŋˠəm2	
𢇘	ŋˠəm2	
曮	ŋˠəm2	
䇜	kˠʰəm2	
豏	ʁam2	
豏	ʁam3	新
減	ʁam2	
減	qam2	
減	ʁam3	新
㺝	ʁam2	
㺝	ʁam3	新
𡞣	ʁam2	
𡞣	ʁam3	新
𥻇	ʁam2	
𥻇	ʁam3	新
㴴	ɖam2	
㴴	ɖam3	新
偡	ɖam2	
偡	ɖam3	新
㦿	qʰam2	
𣓅	qʰam2	
槏	qʰam2	
鹻	qam2	
𥳒	qam2	
瀺	dʐam2	
瀺	dʐam3	新
醶	lam2	
醶	tʂʰam2	
斬	tʂam2	
鬫	χam2	
𧀵	ʂam2	
𦊔	ɳam2	
𦌫	ɳam2	
𠐩	ʈʰam2	
旵	ʈʰam2	
檻	ʁam2	
檻	ʁam3	新
艦	ʁam2	
艦	ʁam3	新
𥽏	ʁam2	
𥽏	ʁam3	新
濫	ʁam2	
濫	lɑm3	
濫	ʁam3	新
𨏊	ʁam2	
𨏊	ʁam3	新
轞	ʁam2	
轞	ʁam3	新
𪒠	ʔam2	
𪒠	ʔam3	
㺖	χam2	
㺖	ʁɑm3	
㺖	tʂʰam3	
豃	χam2	
范	vəm2	
范	vəm3	新
範	vəm2	
範	vəm3	新
軓	vəm2	
軓	vəm3	新
笵	vəm2	
笵	vəm3	新
犯	vəm2	
犯	vəm3	新
𧍙	vəm2	
𧍙	vəm3	新
錽	ɱəm2	
𢨔	ɱəm2	
𦜒	fəm2	
凵	kˠʰəm2	
㧄	kˠʰəm2	
釩	fʰəm2	
𠑆	ʈˠʰəm2	
𨇧	ʈˠʰəm2	
送	sɨwŋ3	
鳳	vɨwŋ3	
𠤈	vɨwŋ3	
貢	qɨwŋ3	
𣹟	qɨwŋ3	
羾	qɨwŋ3	
䇨	qɨwŋ3	
㯯	qɨwŋ3	
弄	lɨwŋ3	
𢙱	lɨwŋ3	
梇	lɨwŋ3	
哢	lɨwŋ3	
㢅	lɨwŋ3	
㳥	lɨwŋ3	
棟	tɨwŋ3	
㼯	tɨwŋ3	
𩭩	tɨwŋ3	
鞚	qʰɨwŋ3	
𤗇	qʰɨwŋ3	
糉	tsɨwŋ3	
粽	tsɨwŋ3	
瓮	ʔɨwŋ3	
甕	ʔɨwŋ3	
𦉥	ʔɨwŋ3	
𪖵	ʔɨwŋ3	
謥	tsʰɨwŋ3	
憁	tsʰɨwŋ3	
㓊	dɨwŋ3	
胴	dɨwŋ3	
慟	dɨwŋ3	
駧	dɨwŋ3	
迵	dɨwŋ3	
㢥	dɨwŋ3	
𩐵	dɨwŋ3	
痛	tʰɨwŋ3	
仲	ɖˠɨwŋ3	
𩿀	ɖˠɨwŋ3	
諷	fɨwŋ3	
䛪	kˠʰɨwŋ3	
䠻	kˠʰɨwŋ3	
㝱	mɨwŋ3	
䠢	mɨwŋ3	
𧽒	xˠɨwŋ3	
䠗	xˠɨwŋ3	
䠗	kʲʰɨw3	
賵	fʰɨwŋ3	
𣀒	dzɨwŋ3	
𠏭	dzɨwŋ3	
哄	ʁɨwŋ3	
鬨	ʁɨwŋ3	
鬨	ʁawŋ3	
蕻	ʁɨwŋ3	
齈	nɨwŋ3	
癑	nɨwŋ3	
銃	tɕʰɨwŋ3	
戇	χɨwŋ3	
戇	ʈawŋ3	
宋	suŋ3	
綜	tsuŋ3	
䝋	tsuŋ3	
錝	tsuŋ3	
統	tʰuŋ3	
用	juŋ3	
誦	zʲuŋ3	
㡝	vuŋ3	
龏	kˠuŋ3	
龏	ʔawk4	
堹	ʈˠuŋ3	
諥	ʈˠuŋ3	
瘲	tsʲuŋ3	
𩉪	ɲuŋ3	
𩼅	ɲuŋ3	
偅	tɕuŋ3	
𨉢	ɖˠuŋ3	
贚	lˠuŋ3	
絳	qawŋ3	
𡲣	qawŋ3	
巷	ʁawŋ3	
衖	ʁawŋ3	
𢤤	ɖawŋ3	
𥈄	ʈʰawŋ3	
漴	dʐawŋ3	
肨	pʰawŋ3	
㦼	ʂawŋ3	
寘	tɕie3	
忮	tɕie3	
伿	tɕie3	
伿	jie3	
䚳	tɕie3	
𡽆	tɕie3	
避	bʲie3	
惴	tɕwie3	
𦥻	tɕwie3	
𦦇	tɕwie3	
詈	lˠie3	
荔	lˠie3	
荔	lej3	
㿛	lˠie3	
㿛	lej3	
珕	lˠie3	
珕	lej3	
𥶾	lˠie3	
𥶾	lej3	
豉	dʑie3	
𢻃	dʑie3	
𢐂	dʑie3	
𢐂	ʈˠi3	
䩃	dʑie3	
積	tsʲie3	
積	tsʲak4	
𧂐	tsʲie3	
𦎸	tsʲie3	
𦎸	dzʲie3	
賜	sʲie3	
𧀩	sʲie3	
澌	sʲie3	
𣩠	sʲie3	
儩	sʲie3	
杫	sʲie3	
䞈	kˠwie3	
𢈌	kˠwie3	
貱	pˠie3	
髲	bˠie3	
鞁	bˠie3	
㢰	bˠie3	
𤿙	bˠie3	
𤿙	tʂie3	
寄	kˠie3	
䐀	kˠie3	
臂	pʲie3	
芰	ɡˠie3	
䝸	ɡˠie3	
䛋	ɡˠie3	
䛋	tsʲʰie3	
刺	tsʲʰie3	
刺	tsʲʰak4	
刾	tsʲʰie3	
㢀	tsʲʰie3	
朿	tsʲʰie3	
㡹	tsʲʰie3	
𧧒	tsʲʰie3	
莿	tsʲʰie3	
庛	tsʲʰie3	
蛓	tsʲʰie3	
蛓	tsʲʰi3	
易	jie3	
易	jak4	
㑥	jie3	
貤	jie3	
貤	ji3	
貤	ʑi3	
㒾	jie3	
㒾	ɕie3	
敡	jie3	
議	ŋˠie3	
誼	ŋˠie3	
竩	ŋˠie3	
𩈭	ŋˠie3	
義	ŋˠie3	
譬	pʲʰie3	
㵨	pʲʰie3	
漬	dzʲie3	
眥	dzʲie3	
眥	dzej3	
㱴	dzʲie3	
髊	dzʲie3	
智	ʈˠie3	
𣉻	ʈˠie3	
潪	ʈˠie3	
潪	ɖˠak4	
縋	ɖˠwie3	
膇	ɖˠwie3	
硾	ɖˠwie3	
𥞃	tɕʰwie3	
嚱	xˠie3	
𢺵	kʲʰie3	
𨑤	kʲʰie3	
吱	kʲʰie3	
縊	ʔʲie3	
縊	ʔej3	
㱲	ʔʲie3	
螠	ʔʲie3	
翅	ɕie3	
𦐊	ɕie3	
啻	ɕie3	
卶	ɕie3	
卶	tɕʰie3	
翨	ɕie3	
翨	kʲie3	
曬	ʂie3	
曬	ʂaj3	
觖	kʲʰwie3	
觖	qwet4	
僞	ŋˠwie3	
恚	ʔʲwie3	
㜇	ʔʲwie3	
睡	dʑwie3	
瑞	dʑwie3	
䄲	ɲwie3	
䅗	sʲwie3	
瀡	sʲwie3	
娷	ʈˠwie3	
諈	ʈˠwie3	
瓗	jwie3	
䜜	jwie3	
贀	jwie3	
諉	ɳˠwie3	
㨅	ɳˠwie3	
㢻	ɳˠwie3	
瞡	kʲwie3	
瞡	kʲwi3	
𧙁	tʂie3	
至	tɕi3	
摯	tɕi3	
贄	tɕi3	
鷙	tɕi3	
礩	tɕi3	
礩	tɕit4	
䥍	tɕi3	
䥍	tɕip4	
懥	tɕi3	
懥	ʈˠi3	
䲀	tɕi3	
𩊝	tɕi3	
𩊞	tɕi3	
𢄢	tɕi3	
𢄢	ɕwej3	
𡠗	tɕi3	
𡠗	tɕip4	
位	ɰwi3	
媚	mˠi3	
魅	mˠi3	
鬽	mˠi3	
篃	mˠi3	
蝞	mˠi3	
嚜	mˠi3	
䉋	mˠi3	
煝	mˠi3	
遂	zʲwi3	
彗	zʲwi3	
彗	ɰwej3	
彗	zʲwej3	
隧	zʲwi3	
襚	zʲwi3	
旞	zʲwi3	
璲	zʲwi3	
檖	zʲwi3	
𣔾	zʲwi3	
𤓫	zʲwi3	
𤎩	zʲwi3	
燧	zʲwi3	
澻	zʲwi3	
䡵	zʲwi3	
鐆	zʲwi3	
鐩	zʲwi3	
穟	zʲwi3	
𦼯	zʲwi3	
蔧	zʲwi3	
𦂁	zʲwi3	
㒸	zʲwi3	
𥝩	zʲwi3	
穗	zʲwi3	
䉌	zʲwi3	
𩏚	zʲwi3	
醉	tsʲwi3	
邃	sʲwi3	
祟	sʲwi3	
誶	sʲwi3	
誶	swəj3	
誶	dzʲwit4	
粹	sʲwi3	
睟	sʲwi3	
𠭥	sʲwi3	
𠭥	tɕwej3	
賥	sʲwi3	
譢	sʲwi3	
𢢝	sʲwi3	
類	lˠwi3	
淚	lˠwi3	
𦝭	lˠwi3	
蘱	lˠwi3	
蘱	lwəj3	
䇐	lˠwi3	
䇐	lˠi3	
䇐	lˠip4	
禷	lˠwi3	
祕	pˠi3	
毖	pˠi3	
閟	pˠi3	
轡	pˠi3	
柲	pˠi3	
柲	bʲit4	
柲	pˠit4	
柲	bet4	
鉍	pˠi3	
鉍	pˠit4	
泌	pˠi3	
泌	bʲit4	
泌	pˠit4	
鄪	pˠi3	
費	pˠi3	
費	fʰuj3	
費	vuj3	
䀣	pˠi3	
䀣	mat4	
䪐	pˠi3	
𠨘	pˠi3	
粊	pˠi3	
䉾	pˠi3	
𡛗	pˠi3	
匱	ɡˠwi3	
蕢	ɡˠwi3	
蕢	qʰwaj3	
饋	ɡˠwi3	
餽	ɡˠwi3	
𦆠	ɡˠwi3	
櫃	ɡˠwi3	
樻	ɡˠwi3	
樻	kˠʰwi3	
簣	ɡˠwi3	
簣	qʰwaj3	
𩌃	ɡˠwi3	
濞	pˠʰi3	
濞	pʰej3	
嚊	pˠʰi3	
䑄	pˠʰi3	
䑄	bˠi3	
䑄	bʲi3	
㿙	pˠʰi3	
𦤢	pˠʰi3	
淠	pˠʰi3	
淠	pʰej3	
備	bˠi3	
俻	bˠi3	
𤰇	bˠi3	
𤰈	bˠi3	
𡚤	bˠi3	
奰	bˠi3	
糒	bˠi3	
犕	bˠi3	
絥	bˠi3	
絥	vɨwk4	
鞴	bˠi3	
鞴	bu3	
鞴	vɨwk4	
𩎓	bˠi3	
贔	bˠi3	
𣖾	bˠi3	
㣁	bˠi3	
㸢	bˠi3	
媿	kˠwi3	
愧	kˠwi3	
聭	kˠwi3	
䁛	kˠwi3	
帥	ʂwi3	
帥	ʂwit4	
率	ʂwi3	
率	ʂwit4	
喟	kˠʰwi3	
喟	qʰwaj3	
嘳	kˠʰwi3	
嘳	qʰwaj3	
䯣	kˠʰwi3	
䰎	kˠʰwi3	
腃	kˠʰwi3	
䙡	kˠʰwi3	
䙡	kˠʰuj3	
尯	kˠʰwi3	
𨌗	kˠʰwi3	
豷	xˠwi3	
豷	ʔej3	
嗜	dʑi3	
𩝙	dʑi3	
𨢍	dʑi3	
利	lˠi3	
𥝢	lˠi3	
䬆	lˠi3	
䬆	lˠit4	
莅	lˠi3	
涖	lˠi3	
涖	lej3	
痢	lˠi3	
䚕	lˠi3	
䚕	lej3	
膩	ɳˠi3	
𦡸	ɳˠi3	
䁊	ɳˠi3	
䁊	ʔwɑt4	
䣵	ɳˠi3	
䣵	ɲi3	
屁	pʲʰi3	
䊧	pʲʰi3	
䊧	fʰuj3	
劓	ŋˠi3	
致	ʈˠi3	
懫	ʈˠi3	
懫	tɕit4	
疐	ʈˠi3	
疐	tej3	
𢷟	ʈˠi3	
𨆫	ʈˠi3	
躓	ʈˠi3	
𨎌	ʈˠi3	
輊	ʈˠi3	
騺	ʈˠi3	
䞃	ʈˠi3	
𣱐	ʈˠi3	
𣱐	ʔʲin3	
質	ʈˠi3	
質	tɕit4	
駤	ʈˠi3	
棄	kʲʰi3	
弃	kʲʰi3	
夡	kʲʰi3	
㞓	kʲʰi3	
蟿	kʲʰi3	
蟿	qʰej3	
緻	ɖˠi3	
稚	ɖˠi3	
稺	ɖˠi3	
𦃘	ɖˠi3	
𩹈	ɖˠi3	
𠊷	ɖˠi3	
𢴧	ɖˠi3	
𩋩	ɖˠi3	
𦥐	ɖˠi3	
寐	mʲi3	
杘	ʈˠʰi3	
𣐉	ʈˠʰi3	
𦥊	ʈˠʰi3	
跮	ʈˠʰi3	
跮	ʈˠʰit4	
冀	kˠi3	
兾	kˠi3	
覬	kˠi3	
穊	kˠi3	
驥	kˠi3	
𩥉	kˠi3	
洎	kˠi3	
洎	ɡˠi3	
懻	kˠi3	
臮	ɡˠi3	
暨	ɡˠi3	
暨	kˠɨj3	
暨	kˠit4	
暨	kˠɨt4	
鱀	ɡˠi3	
垍	ɡˠi3	
塈	ɡˠi3	
塈	xˠɨj3	
𣽍	ɡˠi3	
悸	ɡʲwi3	
猤	ɡʲwi3	
痵	ɡʲwi3	
𡬄	ɡʲwi3	
翠	tsʲʰwi3	
二	ɲi3	
弍	ɲi3	
貳	ɲi3	
樲	ɲi3	
髶	ɲi3	
恣	tsʲi3	
𣣌	tsʲi3	
𣣌	tsʲʰi3	
次	tsʲʰi3	
䳐	tsʲʰi3	
佽	tsʲʰi3	
絘	tsʲʰi3	
𩾔	tsʲʰi3	
𧊒	tsʲʰi3	
䯸	tsʲʰi3	
懿	ʔˠi3	
饐	ʔˠi3	
㙪	ʔˠi3	
㙪	ʔej3	
欭	ʔˠi3	
鷧	ʔˠi3	
撎	ʔˠi3	
亄	ʔˠi3	
亄	ʔˠit4	
四	sʲi3	
亖	sʲi3	
𦉭	sʲi3	
肆	sʲi3	
𩬶	sʲi3	
柶	sʲi3	
泗	sʲi3	
牭	sʲi3	
𧳙	sʲi3	
𧳙	ɡˠi3	
㣈	sʲi3	
駟	sʲi3	
𦞤	sʲi3	
蕼	sʲi3	
肂	sʲi3	
器	kˠʰi3	
季	kʲwi3	
鼻	bʲi3	
𤹝	bʲi3	
坒	bʲi3	
坒	bʲit4	
襣	bʲi3	
䫁	bʲi3	
痹	pʲi3	
畀	pʲi3	
庇	pʲi3	
萃	dzʲwi3	
顇	dzʲwi3	
悴	dzʲwi3	
㱖	dzʲwi3	
䆊	dzʲwi3	
瘁	dzʲwi3	
地	di3	
墬	di3	
齂	xˠi3	
齂	χaj3	
齂	mat4	
㕧	xˠi3	
屓	xˠi3	
呬	xˠi3	
𤡬	xˠi3	
䨳	xˠi3	
肄	ji3	
殔	ji3	
㡼	ji3	
勩	ji3	
勩	jej3	
隶	ji3	
㣇	ji3	
㣇	dej3	
𥿫	ji3	
諡	ʑi3	
謚	ʑi3	
謚	ʔʲak4	
自	dzʲi3	
嫉	dzʲi3	
嫉	dzʲit4	
墜	ɖˠwi3	
懟	ɖˠwi3	
出	tɕʰwi3	
出	tɕʰwit4	
𤀷	jwi3	
𢣘	jwi3	
瞶	jwi3	
瞶	kˠuj3	
䗽	jwi3	
侐	xʲwi3	
侐	xˠwɨk4	
轛	ʈˠwi3	
轛	twəj3	
痓	tɕʰi3	
詄	ɕi3	
詄	det4	
㿷	tʂʰwi3	
㿷	tsʰɑw3	
㽷	ɕwi3	
𥤼	ɕwi3	
志	tɕi3	
娡	tɕi3	
䓌	tɕi3	
誌	tɕi3	
痣	tɕi3	
織	tɕi3	
織	tɕɨk4	
識	tɕi3	
識	ɕɨk4	
值	ɖˠi3	
植	ɖˠi3	
植	dʑɨk4	
㨁	ɖˠi3	
㨁	dʑɨk4	
𠍜	ɖˠi3	
寺	zʲi3	
嗣	zʲi3	
孠	zʲi3	
飤	zʲi3	
飼	zʲi3	
蚝	tsʲʰi3	
螆	tsʲʰi3	
𧉠	tsʲʰi3	
笥	sʲi3	
試	ɕi3	
弑	ɕi3	
幟	ɕi3	
幟	tɕʰi3	
僿	ɕi3	
胾	tʂi3	
事	tʂi3	
事	dʐi3	
剚	tʂi3	
倳	tʂi3	
吏	lˠi3	
字	dzʲi3	
牸	dzʲi3	
茡	dzʲi3	
芓	dzʲi3	
䰡	ʈˠʰi3	
餌	ɲi3	
𩱓	ɲi3	
珥	ɲi3	
衈	ɲi3	
毦	ɲi3	
刵	ɲi3	
佴	ɲi3	
佴	nəj3	
䎶	ɲi3	
㛅	ɲi3	
䏪	ɲi3	
眲	ɲi3	
眲	ɳak4	
𦖢	ɲi3	
𣳪	ʂi3	
𧳅	ʂi3	
𨽄	ʂi3	
𥥥	ʂi3	
廁	tʂʰi3	
異	ji3	
潩	ji3	
潩	jɨk4	
食	ji3	
食	ʑɨk4	
䔬	ji3	
廙	ji3	
廙	jɨk4	
置	ʈˠi3	
侍	dʑi3	
𩛌	dʐi3	
忌	ɡˠi3	
惎	ɡˠi3	
䋟	ɡˠi3	
鵋	ɡˠi3	
誋	ɡˠi3	
梞	ɡˠi3	
帺	ɡˠi3	
𥭜	ɡˠi3	
熾	tɕʰi3	
饎	tɕʰi3	
𩜮	tɕʰi3	
糦	tɕʰi3	
𡑠	tɕʰi3	
𡑠	dʑɨk4	
埴	tɕʰi3	
埴	dʑɨk4	
意	ʔˠi3	
鷾	ʔˠi3	
䵝	ʔˠi3	
記	kˠi3	
䰯	ŋˠi3	
豙	ŋˠi3	
豙	ŋˠɨj3	
㘈	ŋˠi3	
㘈	ŋˠɨk4	
㽈	ŋˠi3	
亟	kˠʰi3	
亟	kˠɨk4	
唭	kˠʰi3	
䀈	kˠʰi3	
䀈	kˠʰɨj3	
䀈	xˠɨj3	
未	ɱuj3	
味	ɱuj3	
菋	ɱuj3	
𩑵	ɱuj3	
䊊	ɱuj3	
沬	ɱuj3	
鮇	ɱuj3	
𡶎	ɱuj3	
貴	kˠuj3	
胃	ɰuj3	
謂	ɰuj3	
㥜	ɰuj3	
媦	ɰuj3	
𦩝	ɰuj3	
緯	ɰuj3	
彙	ɰuj3	
蝟	ɰuj3	
渭	ɰuj3	
煟	ɰuj3	
𩹂	ɰuj3	
𨾂	ɰuj3	
緭	ɰuj3	
𢍚	ɰuj3	
𦳢	ɰuj3	
䬑	ɰuj3	
䬑	ɰut4	
魏	ŋˠuj3	
沸	fuj3	
疿	fuj3	
芾	fuj3	
芾	pɑj3	
芾	fut4	
茀	fuj3	
茀	fʰut4	
鯡	fuj3	
㹃	fuj3	
𩰾	fuj3	
𧙂	fuj3	
䛍	fuj3	
䟛	fuj3	
䟛	bɑt4	
髴	fʰuj3	
髴	fut4	
髴	fʰut4	
靅	fʰuj3	
𣙿	fʰuj3	
昲	fʰuj3	
𥽂	kˠʰuj3	
𧝷	kˠʰuj3	
尉	ʔˠuj3	
尉	ʔˠut4	
㷉	ʔˠuj3	
熨	ʔˠuj3	
熨	ʔˠut4	
慰	ʔˠuj3	
畏	ʔˠuj3	
罻	ʔˠuj3	
犚	ʔˠuj3	
蔚	ʔˠuj3	
蔚	ʔˠut4	
螱	ʔˠuj3	
𧕈	ʔˠuj3	
褽	ʔˠuj3	
䲁	ʔˠuj3	
諱	xˠuj3	
芔	xˠuj3	
泋	xˠuj3	
𥝋	vuj3	
𦦔	vuj3	
狒	vuj3	
㵒	vuj3	
怫	vuj3	
怫	vut4	
屝	vuj3	
𧕿	vuj3	
䨾	vuj3	
翡	vuj3	
𡌦	vuj3	
𩇪	vuj3	
䠊	vuj3	
㔗	vuj3	
𥄱	vuj3	
𥄱	pʰɑt4	
黂	vuj3	
既	kˠɨj3	
溉	kˠɨj3	
溉	qəj3	
𣢆	kˠɨj3	
旡	kˠɨj3	
蔇	kˠɨj3	
毅	ŋˠɨj3	
𢖫	ŋˠɨj3	
𧅙	ŋˠɨj3	
藙	ŋˠɨj3	
䉨	ŋˠɨj3	
氣	kˠʰɨj3	
氣	xˠɨj3	
炁	kˠʰɨj3	
气	kˠʰɨj3	
盵	kˠʰɨj3	
愾	xˠɨj3	
愾	qʰəj3	
餼	xˠɨj3	
䊠	xˠɨj3	
鎎	xˠɨj3	
𢟪	xˠɨj3	
𢟪	ʔəj3	
熂	xˠɨj3	
黖	xˠɨj3	
摡	xˠɨj3	
摡	qəj3	
𧱲	xˠɨj3	
䮎	xˠɨj3	
犔	xˠɨj3	
忥	xˠɨj3	
䤒	ɡˠɨj3	
御	ŋˠɨ3	
馭	ŋˠɨ3	
慮	lˠɨ3	
勴	lˠɨ3	
𥶌	lˠɨ3	
𠣊	lˠɨ3	
鑢	lˠɨ3	
𩥆	lˠɨ3	
𡾅	lˠɨ3	
𦊼	lˠɨ3	
據	kˠɨ3	
鋸	kˠɨ3	
倨	kˠɨ3	
踞	kˠɨ3	
澽	kˠɨ3	
澽	ɡˠɨ3	
𧣻	kˠɨ3	
䱟	kˠɨ3	
覰	tsʲʰɨ3	
䁦	tsʲʰɨ3	
刞	tsʲʰɨ3	
蜡	tsʲʰɨ3	
蜡	dʐa3	
鼁	kˠʰɨ3	
㧁	kˠʰɨ3	
㧁	qɑp4	
㧁	qʰɑp4	
㧁	ʁɑp4	
𩿟	kˠʰɨ3	
署	dʑɨ3	
薯	dʑɨ3	
曙	dʑɨ3	
恕	ɕɨ3	
庶	ɕɨ3	
庶	tɕɨ3	
樜	ɕɨ3	
樜	tɕa3	
㵂	ɕɨ3	
箸	ʈˠɨ3	
箸	ɖˠɨ3	
䬡	tɕɨ3	
翥	tɕɨ3	
𤳯	tɕɨ3	
䭖	tɕɨ3	
䘄	tɕɨ3	
𤳐	tɕɨ3	
𡻠	tɕɨ3	
㫂	tɕɨ3	
捒	ʂɨ3	
捒	ʂu3	
㫹	ʂɨ3	
飫	ʔˠɨ3	
𩜏	ʔˠɨ3	
瘀	ʔˠɨ3	
菸	ʔˠɨ3	
棜	ʔˠɨ3	
筯	ɖˠɨ3	
遽	ɡˠɨ3	
勮	ɡˠɨ3	
絮	sʲɨ3	
絮	ɳˠɨ3	
絮	ʈˠʰɨ3	
絮	ɳa3	
助	dʐɨ3	
詛	tʂɨ3	
豫	jɨ3	
預	jɨ3	
礜	jɨ3	
悆	jɨ3	
𣝑	jɨ3	
蕷	jɨ3	
穥	jɨ3	
忬	jɨ3	
澦	jɨ3	
𡒊	jɨ3	
儊	tʂʰɨ3	
䖏	tɕʰɨ3	
遇	ŋˠu3	
寓	ŋˠu3	
庽	ŋˠu3	
媀	ŋˠu3	
𤸒	ŋˠu3	
嫗	ʔˠu3	
饇	ʔˠu3	
𦒸	dʑu3	
澍	dʑu3	
澍	tɕu3	
尌	dʑu3	
𠊪	dʑu3	
住	ɖˠu3	
住	ʈˠu3	
逗	ɖˠu3	
逗	dɨw3	
附	vu3	
祔	vu3	
賻	vu3	
駙	vu3	
鮒	vu3	
䠵	vu3	
蚹	vu3	
胕	vu3	
注	tɕu3	
疰	tɕu3	
罜	tɕu3	
罜	dɨwk4	
㹥	tɕu3	
鑄	tɕu3	
馵	tɕu3	
註	tɕu3	
註	ʈˠu3	
霔	tɕu3	
㺛	tɕu3	
䎷	tɕu3	
䎷	fʰu3	
𠴦	tɕu3	
䪒	tɕu3	
蛀	tɕu3	
屨	kˠu3	
怐	kˠu3	
怐	qʰɨw3	
怐	qɨw3	
怐	χɨw3	
䈮	kˠu3	
邭	kˠu3	
昫	xˠu3	
酗	xˠu3	
𧏺	xˠu3	
戍	ɕu3	
腧	ɕu3	
𧼯	ɕu3	
䠼	ɕu3	
㲓	ɕu3	
裕	ju3	
䘱	ju3	
諭	ju3	
喻	ju3	
籲	ju3	
𠕦	ju3	
孺	ɲu3	
𡦗	ɲu3	
㹘	ɲu3	
赴	fʰu3	
𠓗	fʰu3	
𠓗	pʰak4	
䞯	fʰu3	
訃	fʰu3	
䞳	fʰu3	
䞳	pʰɨw3	
䞳	bɨk4	
仆	fʰu3	
仆	fʰɨw3	
仆	pʰɨw3	
仆	bɨk4	
䟔	fʰu3	
婏	fʰu3	
婏	fʰən3	
務	ɱu3	
婺	ɱu3	
霧	ɱu3	
騖	ɱu3	
𦎦	ɱu3	
䨁	ɱu3	
𨂣	ɱu3	
𦆞	ɱu3	
嵍	ɱu3	
鶩	ɱu3	
鶩	mɨwk4	
足	tsʲu3	
足	tsʲuk4	
懼	ɡˠu3	
具	ɡˠu3	
埧	ɡˠu3	
䨒	ɰu3	
埾	dzʲu3	
付	fu3	
賦	fu3	
傅	fu3	
陚	fu3	
搏	fu3	
搏	pʰɑk4	
搏	pɑk4	
鉒	ʈˠu3	
駐	ʈˠu3	
軴	ʈˠu3	
壴	ʈˠu3	
亍	ʈˠu3	
亍	ʈˠʰuk4	
𤛐	kˠʰu3	
䜴	tʂʰu3	
䐢	tʂʰu3	
䐢	tʂɨw3	
𨳳	ʈˠʰu3	
𢨸	ʈˠʰu3	
屢	lˠu3	
𡀿	lˠu3	
暮	mu3	
慕	mu3	
募	mu3	
墓	mu3	
慔	mu3	
𥰻	mu3	
渡	du3	
斁	du3	
斁	tu3	
斁	jak4	
度	du3	
度	dɑk4	
𥯖	du3	
路	lu3	
露	lu3	
潞	lu3	
輅	lu3	
鷺	lu3	
璐	lu3	
賂	lu3	
簬	lu3	
簵	lu3	
虂	lu3	
𤻱	lu3	
𦌕	lu3	
妒	tu3	
妬	tu3	
秺	tu3	
𤴱	tu3	
㓃	tu3	
㓃	ʈa3	
蠹	tu3	
螙	tu3	
殬	tu3	
兔	tʰu3	
鵵	tʰu3	
顧	qu3	
頋	qu3	
稒	qu3	
故	qu3	
痼	qu3	
固	qu3	
錮	qu3	
㽽	qu3	
鯝	qu3	
䍛	qu3	
棝	qu3	
凅	qu3	
誤	ɴu3	
悞	ɴu3	
寤	ɴu3	
忤	ɴu3	
啎	ɴu3	
迕	ɴu3	
遻	ɴu3	
晤	ɴu3	
悟	ɴu3	
逜	ɴu3	
窹	ɴu3	
捂	ɴu3	
䎸	ɴu3	
護	ʁu3	
嫭	ʁu3	
頀	ʁu3	
互	ʁu3	
濩	ʁu3	
濩	ʁwɑk4	
濩	ʔwak4	
䇘	ʁu3	
冱	ʁu3	
枑	ʁu3	
䨼	ʁu3	
韄	ʁu3	
𧥮	ʁu3	
鱯	ʁu3	
鱯	ʁwa3	
鱯	ʁwak4	
擭	ʁu3	
擭	ʁwɑk4	
擭	ʔwak4	
𦊂	ʁu3	
𦬚	ʁu3	
訴	su3	
愬	su3	
愬	ʂak4	
𧪜	su3	
泝	su3	
遡	su3	
素	su3	
傃	su3	
嗉	su3	
膆	su3	
𤤐	su3	
塑	su3	
塐	su3	
䛾	su3	
𤢘	su3	
㨞	su3	
祚	dzu3	
胙	dzu3	
阼	dzu3	
𧃘	dzu3	
飵	dzu3	
飵	dzɑk4	
𧇿	dzu3	
秨	dzu3	
秨	dzɑk4	
布	pu3	
佈	pu3	
𠜙	pu3	
𧉩	pu3	
噁	ʔu3	
䜑	ʔu3	
怖	pʰu3	
悑	pʰu3	
𤸵	pʰu3	
𤸵	bu3	
厝	tsʰu3	
厝	tsʰɑk4	
措	tsʰu3	
醋	tsʰu3	
錯	tsʰu3	
錯	tsʰɑk4	
㳻	tsʰu3	
㳻	tʂak4	
㳻	ʂak4	
絝	qʰu3	
袴	qʰu3	
庫	qʰu3	
䔯	qʰu3	
捕	bu3	
哺	bu3	
步	bu3	
𩣝	bu3	
𨛒	bu3	
𩢕	bu3	
作	tsu3	
作	tsɑ3	
作	tsɑk4	
霽	tsej3	
䰏	tsej3	
䰏	tsʲej3	
䰏	tset4	
䰏	tsʲet4	
䶓	tsej3	
穧	tsej3	
穧	dzej3	
穧	tsʲej3	
帝	tej3	
諦	tej3	
嚏	tej3	
啑	tej3	
啑	ʂap4	
蔕	tej3	
螮	tej3	
蝃	tej3	
蝃	tɕwet4	
摕	tej3	
摕	dej3	
摕	det4	
𦨢	tej3	
䠠	tej3	
䠠	tɕej3	
骶	tej3	
僀	tej3	
𢰂	tej3	
𢰂	dej3	
䟡	tej3	
𤬵	tej3	
偙	tej3	
䩚	tej3	
渧	tej3	
嚌	dzej3	
𨣧	dzej3	
䶩	dzej3	
替	tʰej3	
𤾕	tʰej3	
暜	tʰej3	
㬱	tʰej3	
鬀	tʰej3	
鬀	dej3	
剃	tʰej3	
戻	tʰej3	
𣧂	tʰej3	
䎮	tʰej3	
𡲕	tʰej3	
达	tʰej3	
𢝹	tʰej3	
𧛒	tʰej3	
殢	tʰej3	
殢	χej3	
𣤢	tʰej3	
𥫵	tʰej3	
第	dej3	
遰	dej3	
髢	dej3	
禘	dej3	
軑	dej3	
軑	dɑj3	
釱	dej3	
釱	dɑj3	
棣	dej3	
杕	dej3	
𧫚	dej3	
慸	dej3	
慸	ʈˠʰej3	
慸	ʈʰaj3	
墆	dej3	
墆	det4	
逮	dej3	
逮	dəj3	
砌	tsʰej3	
切	tsʰej3	
切	tsʰet4	
𥉻	tsʰej3	
𥉻	ʈˠʰej3	
𥉻	tʂʰat4	
摖	tsʰej3	
䏅	tsʰej3	
䀙	tsʰej3	
𦕀	tsʰej3	
細	sej3	
𥿳	sej3	
壻	sej3	
𣳦	sej3	
詣	ɴej3	
𢏗	ɴej3	
羿	ɴej3	
𦐧	ɴej3	
睨	ɴej3	
盻	ɴej3	
盻	ʁej3	
𧡎	ɴej3	
甈	ɴej3	
甈	kˠʰej3	
計	qej3	
係	qej3	
繼	qej3	
繫	qej3	
繫	ʁej3	
薊	qej3	
髻	qej3	
𨜒	qej3	
檵	qej3	
蘻	qej3	
轚	qej3	
轚	qek4	
㲅	qej3	
䐼	ʁej3	
䐼	ʁet4	
𦝜	ʁej3	
系	ʁej3	
𦃟	ʁej3	
妎	ʁej3	
妎	ʁɑj3	
禊	ʁej3	
瘛	ʁej3	
瘛	tɕʰej3	
瘛	tɕʰet4	
慀	ʁej3	
䦏	ʁej3	
䦏	ʁaj3	
稧	ʁej3	
契	qʰej3	
契	kˠʰɨt4	
契	qʰet4	
栔	qʰej3	
栔	qʰet4	
罊	qʰej3	
罊	qʰak4	
𦩣	qʰej3	
𢢞	qʰej3	
䫔	qʰej3	
䫔	qʰet4	
曀	ʔej3	
枍	ʔej3	
瘱	ʔej3	
㝣	ʔej3	
㝣	ʔet4	
殪	ʔej3	
瞖	ʔej3	
医	ʔej3	
嫕	ʔej3	
蘙	ʔej3	
𧬇	ʔej3	
殹	ʔej3	
謎	mej3	
㩢	mej3	
㩢	mat4	
㩢	met4	
閉	pej3	
閉	pet4	
閇	pej3	
嬖	pej3	
箅	pej3	
慧	ʁwej3	
憓	ʁwej3	
潓	ʁwej3	
惠	ʁwej3	
蟪	ʁwej3	
蕙	ʁwej3	
橞	ʁwej3	
繐	ʁwej3	
繐	sʲwej3	
㩨	ʁwej3	
儶	ʁwej3	
譓	ʁwej3	
鏸	ʁwej3	
𦒎	ʁwej3	
𦒎	jej3	
桂	qwej3	
昋	qwej3	
炔	qwej3	
筀	qwej3	
罣	qwej3	
罣	qwaj3	
罣	ʁwaj3	
罣	qwa3	新
罣	ʁwa3	新
𤱾	qwej3	
𣧎	qwej3	
䳏	qwej3	
嘒	χwej3	
嚖	χwej3	
暳	χwej3	
媲	pʰej3	
䠘	pʰej3	
睥	pʰej3	
𣹮	pʰej3	
𠞇	pʰej3	
薜	bej3	
薜	pak4	
𨫔	bej3	
𨫔	sʲet4	
𥴬	bej3	
𨢡	bej3	
𣘥	bej3	
戾	lej3	
戾	let4	
㑦	lej3	
隸	lej3	
隷	lej3	
儷	lej3	
盭	lej3	
盭	let4	
綟	lej3	
綟	let4	
𠠫	lej3	
唳	lej3	
唳	let4	
蜧	lej3	
䓞	lej3	
沴	lej3	
捩	lej3	
捩	let4	
𤃀	lej3	
悷	lej3	
栛	lej3	
丽	lej3	
𣛒	lej3	
𩘡	lej3	
𣟌	lej3	
𥱻	ʈˠʰɨ1	
𢤇	nej3	
迡	nej3	
㰥	χej3	
㚛	χej3	
㚛	χet4	
祭	tsʲej3	
祭	tʂaj3	
際	tsʲej3	
穄	tsʲej3	
鰶	tsʲej3	
㦣	tsʲej3	
㦣	ɰwej3	
㦣	ŋʲej3	
歲	sʲwej3	
櫘	sʲwej3	
𦄑	sʲwej3	
衛	ɰwej3	
軎	ɰwej3	
軎	zʲwej3	
轊	ɰwej3	
轊	zʲwej3	
璏	ɰwej3	
璏	ɖˠej3	
璏	ɰwət4	
𥶽	ɰwej3	
𧲝	ɰwej3	
𧲔	ɰwej3	
槥	ɰwej3	
槥	zʲwej3	
讆	ɰwej3	
𤜂	ɰwej3	
𤜂	kˠwej3	
𤜂	ɡˠwəj3	
熭	ɰwej3	
熭	ɰwət4	
芮	ɲwej3	
汭	ɲwej3	
枘	ɲwej3	
蜹	ɲwej3	
蜹	jwej3	
蜹	ɲwet4	
笍	ɲwej3	
笍	ʈˠwej3	
鈉	ɲwej3	
贅	tɕwej3	
𠻜	ʂwej3	
𠻜	ʂwet4	
毳	tsʲʰwej3	
毳	tʂʰwej3	
韢	tsʲʰwej3	
脃	tsʲʰwej3	
膬	tsʲʰwej3	
膬	tsʲʰwet4	
脆	tsʲʰwej3	
帨	tsʲʰwej3	
帨	ɕwej3	
竁	tsʲʰwej3	
竁	tʂʰwej3	
竁	tɕʰwen3	
𣃍	tsʲʰwej3	
𣃍	tʂʰwej3	
𧑎	tsʲʰwej3	
𧑎	tsʲwej3	
𧑎	tswɑj3	
㓹	tsʲʰwej3	
㯔	tsʲʰwej3	
㯔	tʂʰwej3	
𤂳	tsʲʰwej3	
𤂳	sʲwen3	
銳	jwej3	
銳	dwɑj3	
銴	jwej3	
銴	dʑej3	
叡	jwej3	
睿	jwej3	
䓲	jwej3	
䓲	jwet4	
綴	ʈˠwej3	
綴	ʈˠwet4	
醊	ʈˠwej3	
醊	ʈˠwet4	
畷	ʈˠwej3	
畷	ʈˠwet4	
䄌	ʈˠwej3	
啜	ʈˠwej3	
啜	dʑwej3	
啜	tɕʰwet4	
啜	ʈˠwet4	
啜	dʑwet4	
餟	ʈˠwej3	
餟	ʈˠwet4	
腏	ʈˠwej3	
腏	twɑt4	
腏	ʈˠwet4	
錣	ʈˠwej3	
錣	ʈwat4	
卂	ʈˠwej3	
卂	sʲin3	
輟	ʈˠwej3	
輟	ʈˠwet4	
稅	ɕwej3	
說	ɕwej3	
說	jwet4	
說	ɕwet4	
裞	ɕwej3	
裞	tʰwɑj3	
蛻	ɕwej3	
蛻	tʰwɑj3	
蛻	tʰwɑ3	
蛻	jwet4	
涗	ɕwej3	
䬽	ɕwej3	
䬽	lwɑj3	
弊	bʲej3	
斃	bʲej3	
幣	bʲej3	
㡀	bʲej3	
敝	bʲej3	
篲	zʲwej3	
𥱵	zʲwej3	
𥱵	zʲip4	
鏏	zʲwej3	
䵻	zʲwej3	
𢅫	zʲwej3	
蔽	pʲej3	
鄨	pʲej3	
鄨	pʲet4	
鷩	pʲej3	
鷩	pʲet4	
彆	pʲej3	
劌	kˠwej3	
鱖	kˠwej3	
鱖	kˠwət4	
𠜾	kˠwej3	
𠜾	kˠut4	
𨇙	kˠwej3	
蹶	kˠwej3	
蹶	kˠwət4	
蹶	ɡˠwət4	
蹶	kˠwet4	
袂	mʲej3	
㡜	ʂej3	
㡜	sʲet4	
㡜	sʲwet4	
鎩	ʂej3	
鎩	ʂaj3	
鎩	ʂat4	
蔱	ʂej3	
蔱	ʂat4	
掣	tɕʰej3	
掣	tɕʰet4	
痸	tɕʰej3	
𤸪	tɕʰej3	
𢜳	tɕʰej3	
銐	tɕʰej3	
銐	ɖˠej3	
𤢻	tɕʰej3	
制	tɕej3	
𠛐	tɕej3	
𦜗	tɕej3	
淛	tɕej3	
製	tɕej3	
䎺	tɕej3	
晢	tɕej3	
晢	tɕet4	
䇽	tɕej3	
㛳	tɕej3	
㛳	jej3	
㝂	tɕej3	
䱥	tɕej3	
䀸	tɕej3	
䀸	ʈˠʰej3	
䀸	tɕet4	
狾	tɕej3	
𥍭	tɕej3	
䩢	tɕej3	
䩢	tɕet4	
䭁	tɕej3	
迣	tɕej3	
逝	dʑej3	
忕	dʑej3	
忕	tʰɑj3	
忕	dɑj3	
觢	dʑej3	
噬	dʑej3	
誓	dʑej3	
𣂯	dʑej3	
筮	dʑej3	
簭	dʑej3	
澨	dʑej3	
遾	dʑej3	
𧻸	dʑej3	
𦚨	dʑej3	
曳	jej3	
裔	jej3	
𤤺	jej3	
泄	jej3	
泄	sʲet4	
洩	jej3	
𤵺	jej3	
䎈	jej3	
枻	jej3	
詍	jej3	
𢘽	jej3	
𢘽	ʈˠʰej3	
靾	jej3	
跇	jej3	
跇	ʈˠʰej3	
𠂆	jej3	
袣	jej3	
䄿	jej3	
𪀕	jej3	
㵝	jej3	
㑜	jej3	
㑜	ʈˠʰej3	
抴	jej3	
抴	jet4	
䇩	jej3	
㹭	jej3	
丿	jej3	
丿	pʰet4	
㵩	jej3	
𢂼	jej3	
呭	jej3	
䕍	jej3	
䋵	ʔˠej3	
瘞	ʔˠej3	
餲	ʔˠej3	
餲	ʔaj3	
餲	ʁɑt4	
餲	ʔɑt4	
𦝲	ʔˠej3	
䔽	ʔˠej3	
䔽	ʔɑj3	
藝	ŋʲej3	
埶	ŋʲej3	
蓺	ŋʲej3	
寱	ŋʲej3	
囈	ŋʲej3	
槸	ŋʲej3	
褹	ŋʲej3	
褹	ɳaj3	
滯	ɖˠej3	
彘	ɖˠej3	
蹛	ɖˠej3	
蹛	tɑj3	
𦭮	ɖˠej3	
𩻼	ɖˠej3	
例	lˠej3	
厲	lˠej3	
礪	lˠej3	
勵	lˠej3	
禲	lˠej3	
癘	lˠej3	
㾐	lˠej3	
鮤	lˠej3	
鮤	lˠet4	
濿	lˠej3	
砅	lˠej3	
蠣	lˠej3	
蠇	lˠej3	
櫔	lˠej3	
𩧃	lˠej3	
𩢾	lˠej3	
𩢾	lˠet4	
䅀	lˠej3	
䅀	lˠet4	
𥣭	lˠej3	
𧸱	lˠej3	
糲	lˠej3	
糲	lɑj3	
糲	lɑt4	
巁	lˠej3	
犡	lˠej3	
犡	lɑj3	
栵	lˠej3	
栵	lˠet4	
𢂥	lˠej3	
𢤆	lˠej3	
洌	lˠej3	
洌	lˠet4	
憩	kˠʰej3	
𡳅	kˠʰej3	
䔾	kˠʰej3	
䔾	ʁɑt4	
愒	kˠʰej3	
愒	qʰɑj3	
愒	kˠʰet4	
揭	kˠʰej3	
揭	kˠət4	
揭	ɡˠət4	
揭	ɡˠet4	
揭	kˠʰet4	
揭	kˠet4	
世	ɕej3	
勢	ɕej3	
貰	ɕej3	
貰	ʑa3	
猘	kˠej3	
𦇧	kˠej3	
罽	kˠej3	
𣯅	kˠej3	
瀱	kˠej3	
訐	kˠej3	
訐	kˠət4	
訐	kˠet4	
彐	kˠej3	
蘮	kˠej3	
㿃	ʈˠej3	
㿃	tɑj3	
偈	ɡˠej3	
偈	ɡˠet4	
𧼪	ʈˠʰej3	
傺	ʈˠʰej3	
䚢	ʈˠʰej3	
䚢	ʈˠʰet4	
䟷	ʈˠʰej3	
𨂰	ʈˠʰej3	
𨧨	ɖˠwej3	
㓷	ŋˠej3	
蕝	tsʲwej3	
蕝	tsʲwet4	
㨹	tsʲwej3	
㨹	sʲwet4	
潎	pʲʰej3	
潎	pʲʰet4	
𥏙	kˠʰwəj3	
䂕	xˠwəj3	
泰	tʰɑj3	
太	tʰɑj3	
汰	tʰɑj3	
蓋	qɑj3	
蓋	ʁɑp4	
蓋	qɑp4	
匃	qɑj3	
匃	qɑt4	
丐	qɑj3	
艾	ɴɑj3	
艾	ŋˠəj3	
𧰿	ɴɑj3	
鴱	ɴɑj3	
藹	ʔɑj3	
壒	ʔɑj3	
馤	ʔɑj3	
靄	ʔɑj3	
靄	ʔɑt4	
𣋞	ʔɑj3	
𣩱	ʔɑj3	
𢣏	ʔɑj3	
𪕭	ʔɑj3	
曖	ʔɑj3	
曖	ʔəj3	
柰	nɑj3	
奈	nɑj3	
奈	nɑ3	
㲡	nɑj3	
𩹟	nɑj3	
渿	nɑj3	
大	dɑj3	
大	dɑ3	
汏	dɑj3	
汏	tʰɑt4	
䲦	dɑj3	
𪐝	dɑj3	
㐲	dɑj3	
害	ʁɑj3	
𡕗	ʁɑj3	
𢞐	ʁɑj3	
帶	tɑj3	
跢	tɑj3	
跢	tɑ3	
𢄔	tɑj3	
艜	tɑj3	
㯂	tɑj3	
貝	pɑj3	
沛	pɑj3	
沛	pʰɑj3	
𨙶	pɑj3	
鋇	pɑj3	
䟺	pɑj3	
䟺	bɑj3	
狽	pɑj3	
㸬	pɑj3	
伂	pɑj3	
䰽	pɑj3	
茷	pɑj3	
茷	vəj3	
茷	vət4	
𣬪	pɑj3	
𥄔	pɑj3	
𥄔	pʰɑj3	
𢂏	pɑj3	
霈	pʰɑj3	
浿	pʰɑj3	
浿	pʰaj3	
㤄	pʰɑj3	
㤄	fʰəj3	
㤄	fʰət4	
㤄	pɑt4	
會	ʁwɑj3	
會	qwɑj3	
䢈	ʁwɑj3	
𨘇	ʁwɑj3	
𨘇	ʁen3	
禬	ʁwɑj3	
禬	qwɑj3	
繪	ʁwɑj3	
兌	dwɑj3	
𩊭	dwɑj3	
綐	dwɑj3	
㟋	dwɑj3	
儈	qwɑj3	
膾	qwɑj3	
鱠	qwɑj3	
襘	qwɑj3	
檜	qwɑj3	
檜	qwɑt4	
旝	qwɑj3	
巜	qwɑj3	
澮	qwɑj3	
鄶	qwɑj3	
廥	qwɑj3	
䯤	qwɑj3	
鬠	qwɑj3	
鬠	ʁwɑt4	
劊	qwɑj3	
劊	qwɑt4	
䐴	qwɑj3	
䐴	qwəj3	
𢶒	qwɑj3	
獪	qwɑj3	
獪	qwaj3	
最	tswɑj3	
𢃒	tswɑj3	
𢃒	tswəj3	
𧬨	χwɑj3	
噦	χwɑj3	
噦	ʔˠwət4	
噦	ʔˠwet4	
翽	χwɑj3	
鐬	χwɑj3	
渙	χwɑj3	
渙	χwɑn3	
濊	χwɑj3	
濊	ʔwɑj3	
濊	ʔˠwəj3	
濊	χwɑt4	
𥢶	qʰwɑj3	
𥢶	qʰwaj3	
酹	lwɑj3	
酹	lwəj3	
頪	lwɑj3	
㲕	lwɑj3	
㲕	lˠwet4	
㱻	lwɑj3	
㱻	lwɑ3	
外	ɴwɑj3	
祋	twɑj3	
祋	twɑt4	
懀	ʔwɑj3	
懀	ʔwaj3	
薈	ʔwɑj3	
嬒	ʔwɑj3	
嬒	ʔwɑt4	
䶐	ʔwɑj3	
䶐	ʔwaj3	
瞺	ʔwɑj3	
䵳	ʔwɑj3	
䵳	ʔwaj3	
蕞	dzwɑj3	
𥳣	dzwɑj3	
𥕸	swɑj3	
𣩡	swɑj3	
𥊴	swɑj3	
襊	tsʰwɑj3	
襊	tsʰwɑt4	
𨅎	tsʰwɑj3	
𥨒	tsʰwɑj3	
旆	bɑj3	
軷	bɑj3	
軷	bɑt4	
磕	qʰɑj3	
磕	qʰɑt4	
磕	qʰɑp4	
䳚	qʰɑj3	
䳚	qʰɑn3	
䳚	qʰɑt4	
轄	qʰɑj3	
轄	ʁat4	
溘	qʰɑj3	
溘	qʰɑp4	
𥎆	qʰɑj3	
𩫀	qʰɑj3	
㪡	qʰɑj3	
𨜴	qʰɑj3	
𨜴	ʁɑp4	
𨜴	qɑp4	
蔡	tsʰɑj3	
𣞖	tsʰɑj3	
𪇭	tsʰɑj3	
賴	lɑj3	
籟	lɑj3	
癩	lɑj3	
癩	lɑt4	
瀨	lɑj3	
䄤	lɑj3	
藾	lɑj3	
䓶	lɑj3	
䓶	lɑt4	
䲚	lɑj3	
䲚	tʰɑt4	
𨇆	lɑj3	
㸊	lɑj3	
鵣	lɑj3	
𡂖	lɑj3	
餀	χɑj3	
𦤦	χɑj3	
𦤦	χɑt4	
㺔	χɑj3	
𤵽	χɑj3	
𩹄	χɑj3	
娧	tʰwɑj3	
娧	jwet4	
駾	tʰwɑj3	
毻	tʰwɑj3	
毻	tʰwɑ3	
眜	mɑj3	
眜	mɑt4	
沫	mɑj3	
沫	mɑt4	
枺	mɑj3	
𦦣	tsʰwɑj3	
卦	qwaj3	
卦	qwa3	新
挂	qwaj3	
挂	qwa3	新
掛	qwaj3	
掛	qwa3	新
詿	qwaj3	
詿	ʁwaj3	
詿	qwa3	新
詿	ʁwa3	新
懈	qaj3	
繲	qaj3	
廨	qaj3	
㾏	qaj3	
隘	ʔaj3	
𨽴	ʔaj3	
阸	ʔaj3	
阸	ʔak4	
䅬	ʔaj3	
賹	ʔaj3	
邂	ʁaj3	
賣	maj3	
畫	ʁwaj3	
畫	ʁwak4	
畫	ʁwa3	新
澅	ʁwaj3	
澅	ʁwa3	新
繣	ʁwaj3	
繣	χwak4	
繣	ʁwa3	新
衩	tʂʰaj3	
衩	tʂʰa3	新
㳗	tʂʰaj3	
訍	tʂʰaj3	
𧪘	tʂʰaj3	
睚	ɴaj3	
𢈕	paj3	
粺	baj3	
稗	baj3	
眦	dʐaj3	
派	pʰaj3	
派	pʰa3	新
𠂢	pʰaj3	
𥿯	pʰaj3	
𣏟	pʰaj3	
㵺	pʰaj3	
㭛	pʰaj3	
𣎳	pʰaj3	
𣎳	pʲʰin3	
債	tʂaj3	
債	tʂak4	
𨛖	qʰaj3	
䵘	ʂaj3	
𨢦	ʂaj3	
汛	ʂaj3	
汛	sʲin3	
汛	sen3	
諣	χwaj3	
諣	χwa3	
㠔	paj3	
膪	ʈaj3	
膪	ʈa3	
𢕮	ʈaj3	
𢕮	ʈa3	
怪	qwaj3	
恠	qwaj3	
𥑋	qwaj3	
𦳋	qwaj3	
𣀤	qwaj3	
壞	qwaj3	
壞	ʁwaj3	
𡌪	qwaj3	
㧔	qwaj3	
呝	ʔaj3	
呝	ʔak4	
瘵	tʂaj3	
𨝋	tʂaj3	
誡	qaj3	
戒	qaj3	
界	qaj3	
介	qaj3	
屆	qaj3	
疥	qaj3	
玠	qaj3	
㝏	qaj3	
㠹	qaj3	
砎	qaj3	
砎	qat4	
砎	ʁat4	
魪	qaj3	
尬	qaj3	
价	qaj3	
䯰	qaj3	
悈	qaj3	
悈	kˠɨk4	
䲸	qaj3	
芥	qaj3	
衸	qaj3	
衸	ʁaj3	
丯	qaj3	
𠨴	qaj3	
𩡺	qaj3	
譮	χaj3	
㖑	χaj3	
噧	χaj3	
噧	tʰɑt4	
䜕	χaj3	
䜕	maj3	
㞒	χaj3	
𢗊	χaj3	
械	ʁaj3	
䪥	ʁaj3	
薤	ʁaj3	
齘	ʁaj3	
瀣	ʁaj3	
瀣	ʁəj3	
㒠	ʁaj3	
韰	ʁaj3	
𤡧	ʁaj3	
㳦	ʁaj3	
𦗐	ɴaj3	
𢟰	ɴaj3	
𧏹	ɴaj3	
蒯	qʰwaj3	
嬇	qʰwaj3	
嬇	ʁwəj3	
㕟	qʰwaj3	
𢷎	paj3	
拜	paj3	
扒	paj3	
扒	pat4	
扒	pˠet4	
湃	pʰaj3	
𡎯	ʁwaj3	
蘾	ʁwaj3	
聵	ɴwaj3	
𦖥	ɴwaj3	
𩔀	ɴwaj3	
憊	baj3	
𤸶	baj3	
韛	baj3	
𣡖	baj3	
𦩋	baj3	
㶔	baj3	
䀛	maj3	
䀛	mɑt4	
𧱘	maj3	
韎	maj3	
韎	mɑt4	
𧱳	χwaj3	
躗	χwaj3	
𣟉	χwaj3	
𣸎	χwaj3	
咶	χwaj3	
咶	ʁwat4	
𧜁	ʂaj3	
殺	ʂaj3	
殺	ʂat4	
閷	ʂaj3	
烗	qʰaj3	
𤈪	qʰaj3	
劾	qʰaj3	
劾	ʁəj3	
劾	ʁɨk4	
夬	qwaj3	
快	qʰwaj3	
噲	qʰwaj3	
駃	qʰwaj3	
駃	qwet4	
璯	qʰwaj3	
邁	maj3	
勱	maj3	
佅	maj3	
話	ʁwaj3	
話	ʁwa3	新
敗	baj3	
敗	paj3	
贁	baj3	
䢙	baj3	
唄	baj3	
嘬	tʂʰwaj3	
䴝	tʂʰwaj3	
𣤌	tʂʰwaj3	
𠽶	tʂʰwaj3	
犗	qaj3	
𧜅	qaj3	
蠆	ʈʰaj3	
喝	ʔaj3	
喝	χɑt4	
嗄	ʔaj3	
嗄	ʂa3	
欬	ʔaj3	
欬	qʰəj3	
𠱡	ʂaj3	
𠱡	sɑt4	
𦤧	ɖaj3	
𦤬	χaj3	
啐	tʂʰwaj3	
啐	tsʰwəj3	
啐	swəj3	
啐	tsʲwit4	
寨	dʐaj3	
寨	sɨk4	
砦	dʐaj3	
㕢	ʁaj3	
㕢	qəj3	
隊	dwəj3	
䨴	dwəj3	
薱	dwəj3	
憝	dwəj3	
憞	dwəj3	
譈	dwəj3	
鐓	dwəj3	
䃍	dwəj3	
䯟	dwəj3	
𩐌	dwəj3	
濧	dwəj3	
佩	bəj3	
珮	bəj3	
孛	bəj3	
孛	bət4	
鄁	bəj3	
邶	bəj3	
偝	bəj3	
誖	bəj3	
誖	pəj3	
誖	bət4	
悖	bəj3	
悖	bət4	
背	bəj3	
背	pəj3	
𢂤	bəj3	
苝	bəj3	
妹	məj3	
昧	məj3	
眛	məj3	
痗	məj3	
痗	χwəj3	
瑁	məj3	
瑁	mɑw3	
瑁	muk4	
配	pʰəj3	
昢	pʰəj3	
昢	pʰət4	
嶏	pʰəj3	
嶏	fʰut4	
誨	χwəj3	
晦	χwəj3	
𠧩	χwəj3	
靧	χwəj3	
頮	χwəj3	
秏	χwəj3	
秏	χɑw3	
𩔁	χwəj3	
詯	χwəj3	
詯	ʁwəj3	
𣴵	χwəj3	
對	twəj3	
𡭊	twəj3	
碓	twəj3	
𣝉	twəj3	
𠏮	twəj3	
倅	tsʰwəj3	
倅	tswət4	
淬	tsʰwəj3	
焠	tsʰwəj3	
䃀	tsʰwəj3	
晬	tswəj3	
祽	tswəj3	
𪓌	tswəj3	
綷	tswəj3	
夎	tswəj3	
夎	tswɑ3	
𩲄	ʔwəj3	
退	tʰwəj3	
𢓴	tʰwəj3	
𨓤	tʰwəj3	
㥆	tʰwəj3	
㥆	tʰwət4	
𡯵	tʰwəj3	
憒	qwəj3	
幗	qwəj3	
幗	qwak4	
慖	qwəj3	
慖	qwak4	
簂	qwəj3	
䈐	qwəj3	
𪏤	qwəj3	
蔮	qwəj3	
潰	ʁwəj3	
繢	ʁwəj3	
殨	ʁwəj3	
闠	ʁwəj3	
䛛	ʁwəj3	
塊	qʰwəj3	
凷	qʰwəj3	
碎	swəj3	
𤭢	swəj3	
繀	swəj3	
內	nwəj3	
纇	lwəj3	
攂	lwəj3	
䒹	lwəj3	
𥣬	lwəj3	
𡔇	lwəj3	
銇	lwəj3	
錑	lwəj3	
輩	pəj3	
代	dəj3	
岱	dəj3	
黛	dəj3	
黱	dəj3	
埭	dəj3	
𡍖	dəj3	
帒	dəj3	
袋	dəj3	
𤮼	dəj3	
酨	dəj3	
酨	dzəj3	
瑇	dəj3	
瑇	duk4	
靆	dəj3	
再	tsəj3	
𨚵	tsəj3	
𩛥	tsəj3	
䵧	tsəj3	
賽	səj3	
簺	səj3	
塞	səj3	
塞	sɨk4	
𢞝	səj3	
貸	tʰəj3	
態	tʰəj3	
曃	tʰəj3	
槩	qəj3	
𠌰	qəj3	
㧉	qəj3	
慨	qʰəj3	
嘅	qʰəj3	
礙	ɴəj3	
硋	ɴəj3	
䙷	ɴəj3	
䙷	tɨk4	
閡	ɴəj3	
懝	ɴəj3	
懝	ŋˠɨk4	
愛	ʔəj3	
㤅	ʔəj3	
𥴨	ʔəj3	
薆	ʔəj3	
璦	ʔəj3	
㤥	ʁəj3	
耐	nəj3	
螚	nəj3	
𣉘	nəj3	
𣉘	nɨk4	
戴	təj3	
賚	ləj3	
睞	ləj3	
勑	ləj3	
䚅	ləj3	
菜	tsʰəj3	
埰	tsʰəj3	
棌	tsʰəj3	
䐆	tsʰəj3	
𣿐	dzəj3	
𣿐	dzɨk4	
廢	fəj3	
癈	fəj3	
𤼺	fəj3	
橃	fəj3	
橃	vət4	
祓	fəj3	
祓	fʰut4	
𥳊	fəj3	
䉬	fəj3	
䚨	fəj3	
䚨	bɑt4	
砩	fəj3	
肺	fʰəj3	
杮	fʰəj3	
䑔	fʰəj3	
䑔	vət4	
穢	ʔˠwəj3	
薉	ʔˠwəj3	
獩	ʔˠwəj3	
饖	ʔˠwəj3	
䮹	ʔˠwəj3	
吠	vəj3	
𩵥	vəj3	
鼣	vəj3	
喙	xˠwəj3	
𤸁	xˠwəj3	
𣨶	xˠwəj3	
餯	xˠwəj3	
顪	xˠwəj3	
刈	ŋˠəj3	
乂	ŋˠəj3	
㲼	ŋˠəj3	
㣻	ŋˠəj3	
𩾘	ŋˠəj3	
䖊	ŋˠəj3	
䢃	ŋˠəj3	
震	tɕin3	
挋	tɕin3	
䟴	tɕin3	
䳲	tɕin3	
信	sʲin3	
訊	sʲin3	
訙	sʲin3	
迅	sʲin3	
迅	sʲwin3	
囟	sʲin3	
顖	sʲin3	
𤜢	sʲin3	
刃	ɲin3	
認	ɲin3	
認	ɲɨŋ3	
肕	ɲin3	
韌	ɲin3	
仞	ɲin3	
軔	ɲin3	
牣	ɲin3	
杒	ɲin3	
訒	ɲin3	
𢂻	ɲin3	
䀼	ɲin3	
胤	jin3	
酳	jin3	
朄	jin3	
洕	jin3	
𨋙	jin3	
遴	lˠin3	
吝	lˠin3	
悋	lˠin3	
閵	lˠin3	
𥳞	lˠin3	
粦	lˠin3	
藺	lˠin3	
轥	lˠin3	
䗲	lˠin3	
𠄈	lˠin3	
䉮	lˠin3	
𦺸	lˠin3	
甐	lˠin3	
𧶆	lˠin3	
𧖔	lˠin3	
𤌎	lˠin3	
躙	lˠin3	
擯	pʲin3	
殯	pʲin3	
鬢	pʲin3	
覕	pʲin3	
覕	met4	
𧸈	pʲin3	
陣	ɖˠin3	
𨳌	ɖˠin3	
慎	dʑin3	
昚	dʑin3	
抻	ɕin3	
菣	kʲʰin3	
菣	qʰen3	
賮	dzʲin3	
燼	dzʲin3	
㶳	dzʲin3	
藎	dzʲin3	
璶	dzʲin3	
憖	ŋˠin3	
猌	ŋˠin3	
垽	ŋˠin3	
垽	ŋˠɨn3	
晉	tsʲin3	
㬜	tsʲin3	
搢	tsʲin3	
縉	tsʲin3	
䗯	tsʲin3	
進	tsʲin3	
枃	tsʲin3	
瑨	tsʲin3	
𦎷	tsʲin3	
衅	xˠin3	
釁	xˠin3	
舋	xˠin3	
瑱	ʈˠin3	
瑱	tʰen3	
僅	ɡˠin3	
覲	ɡˠin3	
殣	ɡˠin3	
瑾	ɡˠin3	
饉	ɡˠin3	
㝻	ɡˠin3	
廑	ɡˠin3	
𠞱	ɡˠin3	
歏	ɡˠin3	
櫬	tʂʰin3	
嚫	tʂʰin3	
䞋	tʂʰin3	
襯	tʂʰin3	
儭	tʂʰin3	
儭	tsʲʰin3	
印	ʔʲin3	
鮣	ʔʲin3	
𩂥	ʔʲin3	
疢	ʈˠʰin3	
𩰗	pʲʰin3	
呁	kʲwin3	
稕	tɕwin3	
𦽑	tɕwin3	
盹	tɕwin3	
𡺲	sʲwin3	
峻	sʲwin3	
濬	sʲwin3	
浚	sʲwin3	
陖	sʲwin3	
埈	sʲwin3	
鵕	sʲwin3	
𢏤	sʲwin3	
𧸩	sʲwin3	
晙	sʲwin3	
晙	tsʲwin3	
迿	sʲwin3	
迿	ʁwen3	
殉	zʲwin3	
徇	zʲwin3	
侚	zʲwin3	
𢓈	zʲwin3	
儁	tsʲwin3	
俊	tsʲwin3	
餕	tsʲwin3	
畯	tsʲwin3	
駿	tsʲwin3	
𪕞	tsʲwin3	
寯	tsʲwin3	
焌	tsʲwin3	
焌	tswən3	
焌	tsʲʰwit4	
𤮪	tsʲwin3	
舜	ɕwin3	
䑞	ɕwin3	
蕣	ɕwin3	
瞬	ɕwin3	
瞚	ɕwin3	
鬊	ɕwin3	
閏	ɲwin3	
潤	ɲwin3	
䏰	ɲwin3	
順	ʑwin3	
問	ɱun3	
璺	ɱun3	
紊	ɱun3	
莬	ɱun3	
運	ɰun3	
暈	ɰun3	
䩵	ɰun3	
韗	ɰun3	
韗	xˠwən3	
鄆	ɰun3	
䲰	ɰun3	
韻	ɰun3	
䚋	ɰun3	
訓	xˠun3	
爋	xˠun3	
瀵	fʰun3	
瀵	fun3	
糞	fun3	
𥻔	fun3	
拚	fun3	
拚	bˠen3	
僨	fun3	
奮	fun3	
㱵	fun3	
慍	ʔˠun3	
攈	kˠun3	
捃	kˠun3	
𧱝	kˠun3	
𧱝	kˠut4	
𧱝	ɡˠut4	
𧱝	kˠwet4	
䝍	kˠun3	
郡	ɡˠun3	
秎	vun3	
焮	xˠɨn3	
𤴾	xˠɨn3	
𦜓	xˠɨn3	
靳	kˠɨn3	
㧆	kˠɨn3	
劤	kˠɨn3	
懚	ʔˠɨn3	
檼	ʔˠɨn3	
𤔌	ʔˠɨn3	
㡥	ʔˠɨn3	
願	ŋˠwən3	
𩕾	ŋˠwən3	
傆	ŋˠwən3	
愿	ŋˠwən3	
販	fən3	
畈	fən3	
券	kˠʰwən3	
絭	kˠʰwən3	
絭	kˠwən3	
絭	kˠwen3	
絭	kˠʰwen3	
絭	kˠuk4	
勸	kˠʰwən3	
万	ɱən3	
万	mɨk4	
萬	ɱən3	
蟃	ɱən3	
𨞼	ɱən3	
䝡	ɱən3	
𩆊	ɱən3	
𦂔	ɱən3	
贎	ɱən3	
䡬	ɱən3	
𩚳	vən3	
閞	vən3	
閞	bˠen3	
𥹇	vən3	
㶗	vən3	
𧉤	vən3	
嬎	fʰən3	
㽹	fʰən3	
𨠒	fʰən3	
𡗹	fʰən3	
𣀔	fʰən3	
𣀔	tʂʰwən3	
㤆	fʰən3	
奿	fʰən3	
㪻	fʰən3	
汳	fʰən3	
建	kˠən3	
旔	kˠən3	
傿	ʔˠən3	
㰽	ʔˠən3	
𡙷	ʔˠən3	
憲	xˠən3	
𧾨	xˠən3	
瀗	xˠən3	
楥	xˠwən3	
楦	xˠwən3	
𩋢	xˠwən3	
健	ɡˠən3	
𤬝	ŋˠən3	
鬳	ŋˠən3	
卛	kˠwən3	
慁	ʁwən3	
溷	ʁwən3	
圂	ʁwən3	
頓	twən3	
扽	twən3	
巽	swən3	
顨	swən3	
潠	swən3	
𠹀	swən3	
遜	swən3	
愻	swən3	
困	qʰwən3	
𣏔	qʰwən3	
涃	qʰwən3	
嫩	nwən3	
媆	nwən3	
抐	nwən3	
抐	nwət4	
䭡	ʔwən3	
䭡	ʔən3	
悶	mən3	
鐏	dzwən3	
臶	dzwən3	
臶	dzen3	
栫	dzwən3	
栫	dzen3	
𦪚	dzwən3	
璭	qwən3	
㴫	qwən3	
𧬪	qwən3	
謴	qwən3	
鈍	dwən3	
鶨	dwən3	
鶨	ʈˠʰwen3	
𩔂	dwən3	
寸	tsʰwən3	
䍎	tsʰwən3	
䍎	tsʰen3	
𣴞	bən3	
諢	ɴwən3	
溣	lwən3	
𩯄	tswən3	
恨	ʁən3	
艮	qən3	
茛	qən3	
䭓	ɴən3	
扞	ʁɑn3	
螒	ʁɑn3	
垾	ʁɑn3	
釬	ʁɑn3	
悍	ʁɑn3	
瀚	ʁɑn3	
閈	ʁɑn3	
𤿧	ʁɑn3	
駻	ʁɑn3	
雗	ʁɑn3	
䏷	ʁɑn3	
㢨	ʁɑn3	
㲦	ʁɑn3	
𩹼	ʁɑn3	
炭	tʰɑn3	
歎	tʰɑn3	
湠	tʰɑn3	
𣁗	tʰɑn3	
㛶	tʰɑn3	
按	ʔɑn3	
案	ʔɑn3	
洝	ʔɑn3	
晏	ʔɑn3	
晏	ʔan3	
荌	ʔɑn3	
䅁	ʔɑn3	
旦	tɑn3	
鴠	tɑn3	
怛	tɑn3	
怛	tɑt4	
㡺	tɑn3	
憚	dɑn3	
旰	qɑn3	
榦	qɑn3	
倝	qɑn3	
幹	qɑn3	
杆	qɑn3	
𧹳	qɑn3	
盰	qɑn3	
骭	qɑn3	
骭	ʁan3	
涆	qɑn3	
𢁗	qɑn3	
岸	ɴɑn3	
䮗	ɴɑn3	
㷳	ɴɑn3	
𡹼	ɴɑn3	
喭	ɴɑn3	
喭	ŋˠen3	
𨲊	ɴɑn3	
偘	qʰɑn3	
漢	χɑn3	
𤳉	χɑn3	
𡅽	χɑn3	
𡅽	χwɑn3	
𤅩	χɑn3	
䎯	χɑn3	
爛	lɑn3	
爤	lɑn3	
𢒞	lɑn3	
糷	lɑn3	
鑭	lɑn3	
𦍀	nɑn3	
粲	tsʰɑn3	
㛑	tsʰɑn3	
燦	tsʰɑn3	
璨	tsʰɑn3	
薒	tsʰɑn3	
𪆶	tsʰɑn3	
贊	tsɑn3	
讚	tsɑn3	
饡	tsɑn3	
灒	tsɑn3	
𩛻	tsɑn3	
㜺	tsɑn3	
㜺	dzɑn3	
攢	tsɑn3	
攢	dzwɑn3	
𣧻	dzɑn3	
囋	dzɑn3	
囋	dzɑt4	
換	ʁwɑn3	
逭	ʁwɑn3	
𩁧	ʁwɑn3	
肒	ʁwɑn3	
䯘	ʁwɑn3	
漶	ʁwɑn3	
䀓	ʁwɑn3	
𤴯	ʁwɑn3	
惋	ʔwɑn3	
腕	ʔwɑn3	
𢯲	ʔwɑn3	
捥	ʔwɑn3	
矔	qwɑn3	
矔	qwan3	
祼	qwɑn3	
館	qwɑn3	
瓘	qwɑn3	
罐	qwɑn3	
𤼐	qwɑn3	
灌	qwɑn3	
雚	qwɑn3	
鸛	qwɑn3	
樌	qwɑn3	
鏆	qwɑn3	
爟	qwɑn3	
遦	qwɑn3	
悺	qwɑn3	
竄	tsʰwɑn3	
鑹	tsʰwɑn3	
爨	tsʰwɑn3	
殩	tsʰwɑn3	
玩	ɴwɑn3	
貦	ɴwɑn3	
翫	ɴwɑn3	
妧	ɴwɑn3	
段	dwɑn3	
毈	dwɑn3	
椴	dwɑn3	
亂	lwɑn3	
𢿢	lwɑn3	
𤔔	lwɑn3	
鍛	twɑn3	
腶	twɑn3	
碫	twɑn3	
瑖	twɑn3	
彖	tʰwɑn3	
褖	tʰwɑn3	
湪	tʰwɑn3	
喚	χwɑn3	
嚾	χwɑn3	
煥	χwɑn3	
奐	χwɑn3	
𥈉	χwɑn3	
筭	swɑn3	
蒜	swɑn3	
笇	swɑn3	
祘	swɑn3	
縵	mɑn3	
縵	man3	
幔	mɑn3	
漫	mɑn3	
𣁜	mɑn3	
䝢	mɑn3	
半	pɑn3	
絆	pɑn3	
靽	pɑn3	
姅	pɑn3	
姅	pʰɑn3	
𩢔	pɑn3	
㪵	pɑn3	
𠯘	pɑn3	
判	pʰɑn3	
泮	pʰɑn3	
頖	pʰɑn3	
沜	pʰɑn3	
胖	pʰɑn3	
冸	pʰɑn3	
牉	pʰɑn3	
叛	bɑn3	
𡞟	bɑn3	
畔	bɑn3	
𪋐	nwɑn3	
諫	qan3	
澗	qan3	
鐧	qan3	
鴈	ɴan3	
鳫	ɴan3	
雁	ɴan3	
贗	ɴan3	
偐	ɴan3	
𤜵	ɴan3	
𤜵	qan3	
𤜵	ɴen3	
騴	ʔan3	
䁙	ʔan3	
鴳	ʔan3	
鷃	ʔan3	
柵	ʂan3	
柵	tʂʰak4	
䴮	ʂan3	
娨	ʁan3	
慢	man3	
嫚	man3	
㾺	man3	
㾺	ʈʰan3	
㾺	ma3	
贃	ʔwan3	
𩈬	ʔwan3	
患	ʁwan3	
𢠶	ʁwan3	
宦	ʁwan3	
豢	ʁwan3	
槵	ʁwan3	
慣	qwan3	
丱	qwan3	
摜	qwan3	
串	qwan3	
㝈	ʂwan3	
㝈	ʂwen3	
涮	ʂwan3	
篡	tʂʰwan3	
薍	ɴwan3	
𧮺	dʐan3	
襻	pʰan3	
䴼	tʂʰan3	
㬄	ʈʰan3	
襇	qan3	
𨣉	qan3	
𧙧	qan3	
莧	ʁan3	
粯	ʁan3	
瓣	ban3	
辦	ban3	
𥌊	ban3	
𥌊	pʰan3	
釆	ban3	
盼	pʰan3	
幻	ʁwan3	
蔄	man3	
蔄	lɨw3	
綻	ɖan3	
䋎	ɖan3	
霰	sen3	
䨘	sen3	
㪇	sen3	
𢊰	sen3	
軐	sen3	
𥰳	sen3	
蒨	tsʰen3	
茜	tsʰen3	
輤	tsʰen3	
倩	tsʰen3	
倩	tsʲʰaŋ3	
䛹	tsʰen3	
棈	tsʰen3	
𢂺	tsʰen3	
𧚫	tsʰen3	
䑶	tsʰen3	
篟	tsʰen3	
絢	χwen3	
敻	χwen3	
敻	xʲwaŋ3	
㧦	χwen3	
讂	χwen3	
讂	qwen3	
袨	ʁwen3	
炫	ʁwen3	
衒	ʁwen3	
𧗳	ʁwen3	
䝮	ʁwen3	
𩑹	ʁwen3	
瓹	qwen3	
䣺	qwen3	
𦌾	qwen3	
懁	qwen3	
䡓	qwen3	
獧	qwen3	
狷	qwen3	
狷	kʲwen3	
㢾	qwen3	
電	den3	
殿	den3	
殿	ten3	
奠	den3	
奠	teŋ3	
澱	den3	
淀	den3	
甸	den3	
𪑩	den3	
壂	den3	
練	len3	
浰	len3	
鍊	len3	
楝	len3	
㼑	len3	
鰊	len3	
萰	len3	
堜	len3	
湅	len3	
𣿊	len3	
㪝	len3	
𣞰	len3	
𤗛	len3	
見	qen3	
見	ʁen3	
㬗	nen3	
㯠	qʰen3	
現	ʁen3	
硯	ɴen3	
𨁍	ɴen3	
鷰	ʔen3	
醼	ʔen3	
讌	ʔen3	
嚥	ʔen3	
㬫	ʔen3	
溎	ʔen3	
酀	ʔen3	
𥉛	ʔen3	
薦	tsen3	
𧲛	tsen3	
麪	men3	
麵	men3	
㴐	men3	
𡧍	men3	
𩈹	men3	
𥻩	men3	
片	pʰen3	
䏒	pʰen3	
㸤	pʰen3	
荐	dzen3	
洊	dzen3	
𨷳	dzen3	
䬼	ʔwen3	
裫	ʔwen3	
噮	ʔwen3	
肙	ʔwen3	
唸	ten3	
唸	tem3	
𠿍	ten3	
𩎌	χen3	
線	sʲen3	
綫	sʲen3	
惗	sʲen3	
惗	nep4	
戰	tɕen3	
顫	tɕen3	
繕	dʑen3	
擅	dʑen3	
膳	dʑen3	
饍	dʑen3	
䄠	dʑen3	
𤮜	dʑen3	
𦉕	dʑen3	
彥	ŋˠen3	
唁	ŋˠen3	
諺	ŋˠen3	
這	ŋˠen3	
譴	kʲʰen3	
䪈	kʲʰen3	
絹	kʲwen3	
鄄	kʲwen3	
㯞	kʲwen3	
䚈	kʲwen3	
瑗	ɰwen3	
褑	ɰwen3	
面	mʲen3	
釧	tɕʰwen3	
掾	jwen3	
𢐄	jwen3	
𩥇	ʈˠen3	
𧝑	ʈˠen3	
箭	tsʲen3	
𥳭	tsʲen3	
葥	tsʲen3	
榗	tsʲen3	
傓	ɕen3	
𧎥	ɕen3	
𦶋	ɕen3	
𥰢	ɕen3	
眷	kˠwen3	
睠	kˠwen3	
桊	kˠwen3	
帣	kˠwen3	
餋	kˠwen3	
䖭	kˠwen3	
𢍏	kˠwen3	
倦	ɡˠwen3	
𣜨	ɡˠwen3	
襈	ɡˠwen3	
襈	dʐwen3	
淃	ɡˠwen3	
戀	lˠwen3	
變	pˠen3	
𥆊	tsʲʰwen3	
卞	bˠen3	
抃	bˠen3	
弁	bˠen3	
㝸	bˠen3	
汴	bˠen3	
昪	bˠen3	
匥	bˠen3	
䒪	bˠen3	
㺹	bˠen3	
忭	bˠen3	
縼	zʲwen3	
𢳄	zʲwen3	
䍻	zʲwen3	
䍻	sʲwen3	
𤂿	sʲwen3	
䠣	sʲwen3	
䠣	kˠʰwen3	
繏	sʲwen3	
渲	sʲwen3	
䉵	dʐwen3	
𤩄	dʐwen3	
𠨎	dʐwen3	
賤	dzʲen3	
騗	pʲʰen3	
𢮨	dʑwen3	
叀	dʑwen3	
碾	ɳˠen3	
囀	ʈˠwen3	
𤹨	lˠen3	
䄐	kˠʰwen3	
徧	pen3	
遍	pen3	
嘯	sew3	
歗	sew3	
熽	sew3	
糶	tʰew3	
𥺋	tʰew3	
眺	tʰew3	
覜	tʰew3	
鋽	tʰew3	
絩	tʰew3	
弔	tew3	
弔	tek4	
伄	tew3	
瘹	tew3	
釣	tew3	
窵	tew3	
𨑩	tew3	
𨑩	tek4	
叫	qew3	
訆	qew3	
譥	qew3	
激	qew3	
激	qek4	
噭	qew3	
嘂	qew3	
獥	qew3	
獥	qek4	
獥	ʁek4	
㰾	qew3	
㰾	qek4	
鸄	qew3	
鸄	qek4	
鸄	ʁek4	
𨎬	qew3	
尿	new3	
㞙	new3	
藋	dew3	
莜	dew3	
𥁮	dew3	
竅	qʰew3	
𢶡	qʰew3	
𢶡	qʰek4	
𩕐	lew3	
𦌒	lew3	
炓	lew3	
獟	ɴew3	
鼼	ɴew3	
鼼	ŋˠɨw3	
嘄	ɴew3	
窔	ʔew3	
㱇	xˠɨk4	
㱇	ʂɨk4	
娎	ɖˠet4	
娎	xˠet4	
笑	sʲew3	
㗛	sʲew3	
肖	sʲew3	
韒	sʲew3	
照	tɕew3	
炤	tɕew3	
詔	tɕew3	
𨹸	tɕew3	
燿	jew3	
覞	jew3	
𧡷	jew3	
耀	jew3	
曜	jew3	
𧢢	jew3	
𧢢	jɑk4	
𥌺	jew3	
𥌺	jɑk4	
㞁	jew3	
筄	jew3	
趭	jew3	
趭	dzʲew3	
趭	tsʲew3	
艞	jew3	
讑	jew3	
約	ʔʲew3	
約	ʔˠɑk4	
召	ɖˠew3	
召	dʑew3	
邵	dʑew3	
劭	dʑew3	
𠣫	dʑew3	
䬰	dʑew3	
卲	dʑew3	
㬓	pʲʰew3	
䏇	pʲʰew3	
勡	pʲʰew3	
誚	dzʲew3	
妙	mʲew3	
玅	mʲew3	
陗	tsʲʰew3	
峭	tsʲʰew3	
㴥	tsʲʰew3	
俏	tsʲʰew3	
帩	tsʲʰew3	
𪑊	tsʲʰew3	
尞	lˠew3	
𤻲	lˠew3	
𤻲	lɑk4	
療	lˠew3	
𠿕	kˠʰew3	
㢗	kˠʰew3	
㚁	kˠʰew3	
𧇠	ŋˠew3	
醮	tsʲew3	
𥛲	tsʲew3	
釂	tsʲew3	
皭	tsʲew3	
皭	dzʲɑk4	
潐	tsʲew3	
爝	tsʲew3	
爝	tsʲɑk4	
爝	dzʲɑk4	
𥡤	tsʲew3	
䂃	tsʲew3	
廟	mˠew3	
庿	mˠew3	
驃	bʲew3	
脁	ʈˠʰew3	
裱	pˠew3	
俵	pˠew3	
效	ʁaw3	
効	ʁaw3	
校	ʁaw3	
校	qaw3	
斅	ʁaw3	
傚	ʁaw3	
𣱓	ʁaw3	
𢼂	qaw3	
窖	qaw3	
酵	qaw3	
覺	qaw3	
覺	qawk4	
較	qaw3	
較	qawk4	
𡥈	qaw3	
珓	qaw3	
孝	χaw3	
𡦳	χaw3	
罩	ʈaw3	
䈇	ʈaw3	
䍜	ʈaw3	
鵫	ʈaw3	
鵫	ɖawk4	
豹	paw3	
𧭤	paw3	
𢖔	paw3	
爆	paw3	
爆	pawk4	
爆	pɑk4	
䶂	paw3	
䶂	tɕɑk4	
䶂	tsʲɑk4	
䶂	tek4	
皃	maw3	
皃	mawk4	
䫉	maw3	
貌	maw3	
䡚	maw3	
𢂹	maw3	
𢅉	maw3	
奅	pʰaw3	
皰	pʰaw3	
皰	baw3	
礮	pʰaw3	
趠	ʈʰaw3	
趠	ʈʰawk4	
踔	ʈʰaw3	
踔	ʈʰawk4	
稍	ʂaw3	
潲	ʂaw3	
𣕇	ʂaw3	
𨛍	ʂaw3	
𦓴	ʂaw3	
棹	ɖaw3	
櫂	ɖaw3	
濯	ɖaw3	
濯	ɖawk4	
㷹	ɖaw3	
淖	ɳaw3	
𠆴	ɳaw3	
鬧	ɳaw3	
癄	tʂaw3	
靤	baw3	
縐	tʂʰaw3	
縐	tʂɨw3	
耖	tʂʰaw3	
仯	tʂʰaw3	
觘	tʂʰaw3	
𦨖	tʂʰaw3	
靿	ʔaw3	
袎	ʔaw3	
㑃	ʔaw3	
箹	ʔaw3	
箹	ʔawk4	
樂	ɴaw3	
樂	ɴawk4	
樂	lɑk4	
𩳔	ɴaw3	
号	ʁɑw3	
𤩭	ʁɑw3	
㙱	ʁɑw3	
䜂	ʁɑw3	
𡟷	ʁɑw3	
導	dɑw3	
纛	dɑw3	
纛	duk4	
悼	dɑw3	
蹈	dɑw3	
盜	dɑw3	
𠺛	dɑw3	
䊭	dɑw3	
䌦	dɑw3	
䌦	dek4	
到	tɑw3	
𤓾	tɑw3	
𧛔	tɑw3	
𧛔	tuk4	
菿	tɑw3	
菿	ʈawk4	
誥	qɑw3	
郜	qɑw3	
郜	quk4	
告	qɑw3	
告	quk4	
𣝏	qɑw3	
傲	ɴɑw3	
鏊	ɴɑw3	
奡	ɴɑw3	
冃	mɑw3	
帽	mɑw3	
耄	mɑw3	
𧂕	mɑw3	
眊	mɑw3	
眊	mawk4	
𤣽	mɑw3	
冒	mɑw3	
冒	mɨk4	
𥈆	mɑw3	
𥈆	xˠɨwk4	
𩿂	mɑw3	
𢯾	mɑw3	
覒	mɑw3	
㲝	mɑw3	
䋃	mɑw3	
𣔺	mɑw3	
𣔺	muk4	
僗	lɑw3	
癆	lɑw3	
𣟽	lɑw3	
慥	tsʰɑw3	
糙	tsʰɑw3	
鄵	tsʰɑw3	
暴	bɑw3	
暴	bɨwk4	
虣	bɑw3	
曝	bɑw3	
曝	bɨwk4	
瀑	bɑw3	
瀑	bɨwk4	
菢	bɑw3	
𤔣	bɑw3	
𪇰	bɑw3	
𪇰	pɨwk4	
𪇰	puk4	
𪇰	pawk4	
報	pɑw3	
𢲵	dzɑw3	
奧	ʔɑw3	
𩟇	ʔɑw3	
隩	ʔɑw3	
隩	ʔˠɨwk4	
䜒	ʔɑw3	
墺	ʔɑw3	
墺	ʔˠɨwk4	
𩼈	ʔɑw3	
澳	ʔɑw3	
澳	ʔˠɨwk4	
喿	sɑw3	
譟	sɑw3	
噪	sɑw3	
瘙	sɑw3	
㿋	sɑw3	
髞	sɑw3	
𢤁	sɑw3	
𩝝	qʰɑw3	
犒	qʰɑw3	
靠	qʰɑw3	
竈	tsɑw3	
躁	tsɑw3	
趮	tsɑw3	
箇	qɑ3	
个	qɑ3	
個	qɑ3	
賀	ʁɑ3	
𧝂	ʁɑ3	
袔	ʁɑ3	
㵑	ʁɑ3	
佐	tsɑ3	
𠡃	tsɑ3	
袏	tsɑ3	
邏	lɑ3	
𧟌	lɑ3	
㿚	lɑ3	
餓	ɴɑ3	
拖	tʰɑ3	
㳀	qwɑ3	
𩟂	qwɑ3	
俰	ʁwɑ3	
挫	tswɑ3	
𡱼	qʰwɑ3	
㾧	qʰwɑ3	
唾	tʰwɑ3	
毤	tʰwɑ3	
𧝍	tʰwɑ3	
𧝍	dwɑ3	
播	pɑ3	
𢿥	pɑ3	
譒	pɑ3	
剉	tsʰwɑ3	
莝	tsʰwɑ3	
䃺	mɑ3	
破	pʰɑ3	
座	dzwɑ3	
臥	ɴwɑ3	
諎	tsʰɑ3	
諎	tʂak4	
𢯽	tsʰɑ3	
貨	χwɑ3	
媠	dwɑ3	
𧱫	dwɑ3	
縛	vɑ3	
縛	vɑk4	
䇔	lwɑ3	
𢺑	lwɑ3	
䌴	lwɑ3	
𠏢	lwɑ3	
㛊	twɑ3	
剁	twɑ3	
䐝	swɑ3	
侉	ʔɑ3	
涴	ʔwɑ3	
禡	ma3	
榪	ma3	
鬕	ma3	
𧪨	ma3	
傌	ma3	
駕	qa3	
稼	qa3	
嫁	qa3	
架	qa3	
價	qa3	
𢉤	qa3	
𦙺	qa3	
亞	ʔa3	
俹	ʔa3	
𣇩	ʔa3	
㰳	ʔa3	
稏	ʔa3	
𦜖	ʔa3	
婭	ʔa3	
䢝	ʔa3	
嚇	χa3	
嚇	χak4	
罅	χa3	
唬	χa3	
唬	qwak4	
𧫒	χa3	
㙤	χa3	
迓	ɴa3	
訝	ɴa3	
犽	ɴa3	
砑	ɴa3	
詫	ʈʰa3	
𧬮	ʈʰa3	
𧬮	qwa3	
吒	ʈa3	
灹	ʈa3	
䒲	ʈa3	
𨶃	ʈa3	
詐	tʂa3	
咋	tʂa3	
咋	dʐak4	
咋	tʂak4	
笮	tʂa3	
笮	dzɑk4	
笮	tʂak4	
醡	tʂa3	
榨	tʂa3	
乍	dʐa3	
䄍	dʐa3	
齰	dʐa3	
齰	dʐak4	
𧧻	dʐa3	
謝	zʲa3	
榭	zʲa3	
㴬	zʲa3	
髂	qʰa3	
𩩱	qʰa3	
疴	qʰa3	
𧩶	qʰa3	
暇	ʁa3	
褯	dzʲa3	
藉	dzʲa3	
藉	dzʲak4	
躤	dzʲa3	
䤳	dzʲa3	
䣠	dzʲa3	
夜	ja3	
射	ja3	
射	ʑa3	
射	jak4	
射	ʑak4	
鵺	ja3	
䞣	tɕʰa3	
䞣	tsʲʰa3	
䞣	ʈʰak4	
斥	tɕʰa3	
斥	tɕʰak4	
卸	sʲa3	
䉣	sʲa3	
柘	tɕa3	
鷓	tɕa3	
䗪	tɕa3	
䗪	tɕak4	
嗻	tɕa3	
炙	tɕa3	
炙	tɕak4	
蔗	tɕa3	
唶	tsʲa3	
借	tsʲa3	
借	tsʲak4	
赦	ɕa3	
涻	ɕa3	
厙	ɕa3	
䠶	ʑa3	
麝	ʑa3	
麝	ʑak4	
霸	pa3	
𧟶	pa3	
弝	pa3	
欛	pa3	
靶	pa3	
灞	pa3	
垻	pa3	
帊	pʰa3	
怕	pʰa3	
怕	pʰak4	
摦	ʁwa3	
㕦	ʁwa3	
檴	ʁwa3	
檴	ʁwɑk4	
化	χwa3	
𠤎	χwa3	
𩲏	χwa3	
𩵏	χwa3	
杹	χwa3	
誜	ʂwa3	
𤝡	ba3	
𩹏	ba3	
𦫙	ba3	
𥝧	ba3	
䏧	ɳa3	
笡	tsʲʰa3	
𦔯	ʂa3	
坬	qwa3	
䖳	ɖa3	
攨	ʔwa3	
䠚	ʔwa3	
漾	jɑŋ3	
恙	jɑŋ3	
羕	jɑŋ3	
㨾	jɑŋ3	
䭐	jɑŋ3	
㺊	jɑŋ3	
亮	lˠɑŋ3	
諒	lˠɑŋ3	
掠	lˠɑŋ3	
掠	lˠɑk4	
悢	lˠɑŋ3	
䁁	lˠɑŋ3	
䀶	lˠɑŋ3	
狀	dʐɑŋ3	
讓	ɲɑŋ3	
懹	ɲɑŋ3	
餉	ɕɑŋ3	
向	ɕɑŋ3	
向	xˠɑŋ3	
𤵼	ɕɑŋ3	
珦	ɕɑŋ3	
珦	xˠɑŋ3	
帳	ʈˠɑŋ3	
脹	ʈˠɑŋ3	
痮	ʈˠɑŋ3	
悵	ʈˠʰɑŋ3	
暢	ʈˠʰɑŋ3	
鬯	ʈˠʰɑŋ3	
韔	ʈˠʰɑŋ3	
䩨	ʈˠʰɑŋ3	
𧀄	ʈˠʰɑŋ3	
畼	ʈˠʰɑŋ3	
𥠴	ʈˠʰɑŋ3	
𥇔	ʈˠʰɑŋ3	
䦳	xˠɑŋ3	
萫	xˠɑŋ3	
𧬰	xˠɑŋ3	
釀	ɳˠɑŋ3	
𥽬	ɳˠɑŋ3	
匠	dzʲɑŋ3	
䞪	dzʲɑŋ3	
𪀘	dzʲɑŋ3	
㢓	tɕɑŋ3	
嶂	tɕɑŋ3	
瘴	tɕɑŋ3	
壯	tʂɑŋ3	
𣴣	tʂɑŋ3	
弶	ɡˠɑŋ3	
唱	tɕʰɑŋ3	
𪛋	tɕʰɑŋ3	
刱	tʂʰɑŋ3	
醬	tsʲɑŋ3	
𨡰	tsʲɑŋ3	
𨟻	tsʲɑŋ3	
𨋕	ŋˠɑŋ3	
訪	fʰɑŋ3	
妄	ɱɑŋ3	
忘	ɱɑŋ3	
𧫢	ɱɑŋ3	
況	xˠwɑŋ3	
况	xˠwɑŋ3	
𣍦	xˠwɑŋ3	
貺	xˠwɑŋ3	
誑	kˠwɑŋ3	
㤮	kˠwɑŋ3	
㤮	ɰwɑŋ3	
臦	kˠwɑŋ3	
旺	ɰwɑŋ3	
舫	fɑŋ3	
舫	pɑŋ3	
𨾔	fɑŋ3	
唴	kˠʰɑŋ3	
𥇉	kˠʰɑŋ3	
羻	kˠʰɑŋ3	
誆	ɡˠwɑŋ3	
宕	dɑŋ3	
逿	dɑŋ3	
𦿆	dɑŋ3	
𡇈	dɑŋ3	
埌	lɑŋ3	
䕞	lɑŋ3	
蒗	lɑŋ3	
𡵙	ɴɑŋ3	
葬	tsɑŋ3	
徬	bɑŋ3	
𨌄	dzɑŋ3	
譡	tɑŋ3	
瓽	tɑŋ3	
擋	tɑŋ3	
闣	tɑŋ3	
閌	qʰɑŋ3	
犺	qʰɑŋ3	
伉	qʰɑŋ3	
𪎵	qʰɑŋ3	
謗	pɑŋ3	
摥	tʰɑŋ3	
鐋	tʰɑŋ3	
曠	qʰwɑŋ3	
矌	qʰwɑŋ3	
壙	qʰwɑŋ3	
纊	qʰwɑŋ3	
儾	nɑŋ3	
㚂	nɑŋ3	
擴	ʁwɑŋ3	
䤑	ʔwɑŋ3	
暎	ʔˠaŋ3	
敬	kˠaŋ3	
竟	kˠaŋ3	
鏡	kˠaŋ3	
獍	kˠaŋ3	
競	ɡˠaŋ3	
𥪰	ɡˠaŋ3	
倞	ɡˠaŋ3	
曔	ɡˠaŋ3	
慶	kˠʰaŋ3	
命	mˠaŋ3	
病	bˠaŋ3	
孟	maŋ3	
柄	pˠaŋ3	
棅	pˠaŋ3	
鈵	pˠaŋ3	
寎	pˠaŋ3	
詠	ɰwaŋ3	
咏	ɰwaŋ3	
泳	ɰwaŋ3	
醟	ɰwaŋ3	
醟	xʲwaŋ3	
絎	ʁaŋ3	
㵾	tʂʰaŋ3	
㵾	dzʲaŋ3	
㡧	ʈaŋ3	
𩏠	ʈaŋ3	
牚	ʈʰaŋ3	
𧻓	paŋ3	
鋥	ɖaŋ3	
𥊼	ɖaŋ3	
䂻	ɖaŋ3	
貹	ʂaŋ3	
䛭	χaŋ3	
𥥈	ʔwaŋ3	
諍	tʂaŋ3	
迸	paŋ3	
䨻	baŋ3	
䙬	ʔaŋ3	
鞕	ɴaŋ3	
硬	ɴaŋ3	
勁	kʲaŋ3	
凊	tsʲʰaŋ3	
政	tɕaŋ3	
証	tɕaŋ3	
聖	ɕaŋ3	
鄭	ɖˠaŋ3	
㽀	ɖˠaŋ3	
遉	ʈˠʰaŋ3	
𩇜	ʈˠʰaŋ3	
性	sʲaŋ3	
姓	sʲaŋ3	
聘	pʲʰaŋ3	
娉	pʲʰaŋ3	
摒	pʲaŋ3	
偋	bʲaŋ3	
庰	bʲaŋ3	
淨	dzʲaŋ3	
靚	dzʲaŋ3	
𩓞	dzʲaŋ3	
墭	dʑaŋ3	
晟	dʑaŋ3	
詺	mʲaŋ3	
𩈡	xʲaŋ3	
徑	qeŋ3	
逕	qeŋ3	
𠲮	qeŋ3	
𩰹	qeŋ3	
桱	qeŋ3	
甯	neŋ3	
佞	neŋ3	
踁	ʁeŋ3	
定	deŋ3	
定	teŋ3	
掟	deŋ3	
錠	deŋ3	
錠	teŋ3	
矴	teŋ3	
飣	teŋ3	
𦘭	teŋ3	
顁	teŋ3	
罄	qʰeŋ3	
𥥻	qʰeŋ3	
磬	qʰeŋ3	
掅	tsʰeŋ3	
䒌	meŋ3	
𢣙	ʔweŋ3	
瀅	ʔweŋ3	
證	tɕɨŋ3	
孕	jɨŋ3	
䵴	jɨŋ3	
賸	jɨŋ3	
賸	ʑɨŋ3	
媵	jɨŋ3	
媵	ʑɨŋ3	
㑞	jɨŋ3	
膡	jɨŋ3	
膡	ɕɨŋ3	
𣎜	ʑɨŋ3	
嵊	ʑɨŋ3	
剩	ʑɨŋ3	
芿	ɲɨŋ3	
譍	ʔˠɨŋ3	
噟	ʔˠɨŋ3	
甑	tsʲɨŋ3	
䰝	tsʲɨŋ3	
𩱭	tsʲɨŋ3	
䙢	tsʲɨŋ3	
臖	xˠɨŋ3	
蕂	ɕɨŋ3	
榺	ɕɨŋ3	
𪒘	ɖˠɨŋ3	
𪑬	ɖˠɨŋ3	
靐	bˠɨŋ3	
秤	tɕʰɨŋ3	
覴	ʈˠʰɨŋ3	
嶝	tɨŋ3	
鐙	tɨŋ3	
隥	tɨŋ3	
凳	tɨŋ3	
𧄼	tɨŋ3	
𩞬	tɨŋ3	
磴	tɨŋ3	
贈	dzɨŋ3	
𪒟	dzɨŋ3	
亙	qɨŋ3	
堩	qɨŋ3	
䱍	qɨŋ3	
𥔂	qɨŋ3	
蹭	tsʰɨŋ3	
𠟂	tsʰɨŋ3	
鄧	dɨŋ3	
蹬	dɨŋ3	
𣩟	dɨŋ3	
䮴	dɨŋ3	
䲛	mɨŋ3	
𨮒	mɨŋ3	
𧀧	mɨŋ3	
𥦜	pɨŋ3	
踜	lɨŋ3	
𡬙	sɨŋ3	
宥	ɰɨw3	
又	ɰɨw3	
佑	ɰɨw3	
祐	ɰɨw3	
酭	ɰɨw3	
𩑣	ɰɨw3	
𤴨	ɰɨw3	
囿	ɰɨw3	
囿	ɰɨwk4	
姷	ɰɨw3	
忧	ɰɨw3	
䞥	ɰɨw3	
侑	ɰɨw3	
𦳩	ɰɨw3	
救	kˠɨw3	
廏	kˠɨw3	
究	kˠɨw3	
疚	kˠɨw3	
匓	kˠɨw3	
𧧷	kˠɨw3	
𨖏	kˠɨw3	
胄	ɖˠɨw3	
冑	ɖˠɨw3	
𩊄	ɖˠɨw3	
酎	ɖˠɨw3	
宙	ɖˠɨw3	
籀	ɖˠɨw3	
伷	ɖˠɨw3	
䛆	ɖˠɨw3	
駎	ɖˠɨw3	
晝	ʈˠɨw3	
噣	ʈˠɨw3	
噣	tɨw3	
噣	tɕuk4	
噣	ʈawk4	
狩	ɕɨw3	
獸	ɕɨw3	
臭	tɕʰɨw3	
岫	zʲɨw3	
𥥉	zʲɨw3	
袖	zʲɨw3	
牰	zʲɨw3	
牰	jɨw3	
齅	xˠɨw3	
嘼	xˠɨw3	
珛	xˠɨw3	
呪	tɕɨw3	
祝	tɕɨw3	
祝	tɕɨwk4	
舊	ɡˠɨw3	
柩	ɡˠɨw3	
匶	ɡˠɨw3	
𤸃	ʂɨw3	
瘦	ʂɨw3	
漱	ʂɨw3	
漱	sɨw3	
皺	tʂɨw3	
㾭	tʂɨw3	
甃	tʂɨw3	
副	fʰɨw3	
副	fʰɨwk4	
副	pˠʰɨk4	
副	fʰu3	新
𩯅	fʰɨw3	
𩯅	fʰɨwk4	
覆	fʰɨw3	
覆	vɨw3	
覆	fʰɨwk4	
覆	pʰɨk4	
覆	fʰu3	新
覆	vu3	新
𤸑	fʰɨw3	
𤸑	vɨw3	
𤸑	vɨwk4	
褔	fʰɨw3	
簉	tʂʰɨw3	
䔏	tʂʰɨw3	
遚	tʂʰɨw3	
富	fɨw3	
富	fu3	新
輻	fɨw3	
輻	fɨwk4	
鍑	fɨw3	
鍑	fɨwk4	
䔰	fɨw3	
䔰	fʰɨwk4	
畜	ʈˠʰɨw3	
畜	xˠɨwk4	
溜	lˠɨw3	
霤	lˠɨw3	
㙀	lˠɨw3	
僇	lˠɨw3	
僇	lˠɨwk4	
廇	lˠɨw3	
畂	lˠɨw3	
𥛅	lˠɨw3	
塯	lˠɨw3	
㽌	lˠɨw3	
秀	sʲɨw3	
繡	sʲɨw3	
宿	sʲɨw3	
宿	sʲɨwk4	
僦	tsʲɨw3	
䅢	tsʲɨw3	
媨	tsʲɨw3	
驟	dʐɨw3	
僽	dʐɨw3	
就	dzʲɨw3	
鷲	dzʲɨw3	
殧	dzʲɨw3	
殧	tsʲʰɨwk4	
殧	tsʲɨwk4	
㠇	dzʲɨw3	
糅	ɳˠɨw3	
𩚖	ɳˠɨw3	
復	vɨw3	
復	vɨwk4	
復	vu3	新
𢕒	vɨw3	
伏	vɨw3	
伏	vɨwk4	
椱	vɨw3	
椱	vɨwk4	
𨺅	vɨw3	
複	vɨw3	
複	fɨwk4	
複	vu3	新
狖	jɨw3	
貁	jɨw3	
鼬	jɨw3	
柚	jɨw3	
柚	ɖˠɨwk4	
褎	jɨw3	
𪕏	jɨw3	
授	dʑɨw3	
㖟	dʑɨw3	
售	dʑɨw3	
𪖛	kˠʰɨw3	
䞭	tsʰwəj1	
候	ʁɨw3	
鮜	ʁɨw3	
逅	ʁɨw3	
訽	ʁɨw3	
訽	χɨw3	
堠	ʁɨw3	
鱟	ʁɨw3	
鱟	ʔuk4	
䞧	ʁɨw3	
䞀	ʁɨw3	
𥀃	ʁɨw3	
寇	qʰɨw3	
鷇	qʰɨw3	
㜌	qʰɨw3	
簆	qʰɨw3	
瞉	qʰɨw3	
茂	mɨw3	
茂	mu3	新
貿	mɨw3	
鄮	mɨw3	
戊	mɨw3	
戊	mu3	新
愗	mɨw3	
袤	mɨw3	
楙	mɨw3	
懋	mɨw3	
懋	mu3	新
瞀	mɨw3	
瞀	mawk4	
姆	mɨw3	
苺	mɨw3	
𦼪	mɨw3	
踣	pʰɨw3	
踣	bɨk4	
㰴	pʰɨw3	
豆	dɨw3	
竇	dɨw3	
酘	dɨw3	
荳	dɨw3	
脰	dɨw3	
梪	dɨw3	
餖	dɨw3	
浢	dɨw3	
䄈	dɨw3	
毭	dɨw3	
𩊪	dɨw3	
𤀨	dɨw3	
㛒	dɨw3	
鬥	tɨw3	
鬬	tɨw3	
鬪	tɨw3	
䛠	tɨw3	
𧱦	tɨw3	
斣	tɨw3	
䬦	tɨw3	
槈	nɨw3	
鎒	nɨw3	
耨	nɨw3	
耨	nuk4	
𣫌	nɨw3	
譳	nɨw3	
瘶	sɨw3	
嗽	sɨw3	
嗽	sɨwk4	
嗽	ʂawk4	
欶	sɨw3	
欶	ʂawk4	
奏	tsɨw3	
透	tʰɨw3	
透	ɕɨwk4	
咅	tʰɨw3	
㰯	tʰɨw3	
㰯	χɨw3	
䟝	tʰɨw3	
𧺢	tʰɨw3	
𠹝	ʔɨw3	
遘	qɨw3	
構	qɨw3	
媾	qɨw3	
覯	qɨw3	
姤	qɨw3	
購	qɨw3	
䝭	qɨw3	
雊	qɨw3	
彀	qɨw3	
𤚼	qɨw3	
㝤	qɨw3	
搆	qɨw3	
煹	qɨw3	
䃓	qɨw3	
𢄇	qɨw3	
輳	tsʰɨw3	
腠	tsʰɨw3	
湊	tsʰɨw3	
𪉮	tsʰɨw3	
蔟	tsʰɨw3	
蔟	tsʰɨwk4	
楱	tsʰɨw3	
楱	dzɨw3	
𧱪	tsʰɨw3	
陋	lɨw3	
漏	lɨw3	
屚	lɨw3	
𦸢	lɨw3	
𧷡	lɨw3	
𨫒	lɨw3	
𣤋	lɨw3	
𧫞	lɨw3	
蔻	χɨw3	
豞	χɨw3	
豞	χawk4	
䪷	χɨw3	
佝	χɨw3	
𩌏	bɨw3	
𩌏	pɑk4	
䠫	dzɨw3	
幼	ʔʲɨw3	
謬	mˠɨw3	
𧾻	ɡʲɨw3	
沁	tsʲʰim3	
𠖶	tsʲʰim3	
吣	tsʲʰim3	
䈜	tsʲʰim3	
濅	tsʲim3	
𥧲	tsʲim3	
妊	ɲim3	
絍	ɲim3	
衽	ɲim3	
鴆	ɖˠim3	
㼉	ɖˠim3	
𦧈	ɡˠim3	
䶖	ɡˠim3	
𤘡	ɡˠim3	
𦨽	ɡˠim3	
紟	ɡˠim3	
鈙	ɡˠim3	
齽	ɡˠim3	
㯲	kˠim3	
賃	ɳˠim3	
蔭	ʔˠim3	
窨	ʔˠim3	
𤷜	ʔˠim3	
廕	ʔˠim3	
滲	ʂim3	
闖	ʈˠʰim3	
譖	tʂim3	
讖	tʂʰim3	
揕	ʈˠim3	
㓄	ʈˠim3	
𠐼	lˠim3	
侺	dʑim3	
𪔰	ɰim3	
𢊖	ɕim3	
勘	qʰɑm3	
䘓	qʰɑm3	
𧗀	qʰɑm3	
𪉯	qʰɑm3	
磡	qʰɑm3	
紺	qɑm3	
憾	ʁɑm3	
琀	ʁɑm3	
浛	ʁɑm3	
䐄	ʁɑm3	
䐄	ʁam3	
暗	ʔɑm3	
闇	ʔɑm3	
僋	tʰɑm3	
僋	lɑm3	
㶒	tʰɑm3	
㐁	tʰɑm3	
㐁	tʰem3	
傝	tʰɑm3	
傝	tʰɑp4	
䐺	tʰɑm3	
憛	tʰɑm3	
俕	sɑm3	
閐	sɑm3	
㤾	sɑm3	
䫅	sɑm3	
謲	tsʰɑm3	
㽩	tsʰɑm3	
𤁡	dɑm3	
𧗜	dɑm3	
儑	ɴɑm3	
儑	ɴɑp4	
馾	tɑm3	
帎	tɑm3	
𩈉	tɑm3	
𩾺	tɑm3	
妠	nɑm3	
妠	ɳwat4	
妠	nɑp4	
𤃨	lɑm3	
𩞿	χɑm3	
闞	qʰɑm3	
闞	χam3	
瞰	qʰɑm3	
𣊟	qʰɑm3	
𪉿	qʰɑm3	
𪉿	qɑm3	
𨣨	lɑm3	
纜	lɑm3	
㜮	lɑm3	
賧	tʰɑm3	
𪊇	tʰɑm3	
𪉧	tʰɑm3	
舕	tʰɑm3	
𪉦	qɑm3	
𪉦	qam3	
譀	ʁɑm3	
譀	χam3	
譀	χap4	
𤎡	ʁɑm3	
腅	dɑm3	
暫	dzɑm3	
蹔	dzɑm3	
豔	jem3	
艷	jem3	
焰	jem3	
焱	jem3	
焱	χwek4	
𢴵	jem3	
灩	jem3	
贍	dʑem3	
𢜰	ʔʲem3	
𢜰	ʔˠem3	
窆	pˠem3	
驗	ŋˠem3	
𣄝	ŋˠem3	
掞	ɕem3	
壍	tsʲʰem3	
塹	tsʲʰem3	
嬱	tsʲʰem3	
殮	lˠem3	
𧸘	lˠem3	
䠨	tɕʰem3	
韂	tɕʰem3	
㙴	tɕʰem3	
俺	ʔˠem3	
俺	ʔˠəm3	
㮇	tʰem3	
念	nem3	
𦁤	nem3	
店	tem3	
墊	tem3	
墊	dep4	
𩅀	tem3	
𩅀	ʈˠip4	
㝪	tem3	
㝪	tep4	
埝	tem3	
埝	nep4	
䃸	sem3	
䆎	sem3	
磹	dem3	
㼭	dem3	
趝	qem3	
僭	tsem3	
䱤	qem3	
䱤	ʁam3	
傔	qʰem3	
釅	ŋˠəm3	
脅	xˠəm3	
脅	xˠəp4	
姭	xˠəm3	
𤬯	kˠʰəm3	
𦲯	ɱəm3	
陷	ʁam3	
蘸	tʂam3	
站	ʈam3	
𣳤	ʈam3	
𧸖	ɖam3	
譧	ɖam3	
𨼮	dʐam3	
䪌	dʐam3	
鑒	qam3	
懺	tʂʰam3	
摲	tʂʰam3	
𤮭	tʂʰam3	
覱	tʂam3	
釤	ʂam3	
㣌	ʂam3	
㒈	χam3	
湴	bam3	
㽉	ʁam3	
泛	fʰəm3	
泛	vəp4	
䀀	fʰəm3	
𥁔	fʰəm3	
姂	fʰəm3	
姂	vəp4	
姂	kˠʰəp4	
劒	kˠəm3	
欠	kˠʰəm3	
㐸	kˠʰəm3	
𦑎	ʔˠəm3	
㛪	ʔˠəm3	
䛳	ʔˠəm3	
覎	ʔˠəm3	
屋	ʔɨwk4	
𡲃	ʔɨwk4	
𦤿	ʔɨwk4	
剭	ʔɨwk4	
𨜘	ʔɨwk4	
𪑱	ʔɨwk4	
𪑱	ʔawk4	
䑁	ʔɨwk4	
䑁	ʔuk4	
獨	dɨwk4	
黷	dɨwk4	
讟	dɨwk4	
髑	dɨwk4	
䫳	dɨwk4	
殰	dɨwk4	
讀	dɨwk4	
櫝	dɨwk4	
牘	dɨwk4	
儥	dɨwk4	
儥	jɨwk4	
㾄	dɨwk4	
贕	dɨwk4	
碡	dɨwk4	
碡	ɖˠɨwk4	
碡	duk4	
䢱	dɨwk4	
䮷	dɨwk4	
皾	dɨwk4	
𤟩	dɨwk4	
韣	dɨwk4	
韣	tɕuk4	
韣	dʑuk4	
瓄	dɨwk4	
瀆	dɨwk4	
𨽍	dɨwk4	
豄	dɨwk4	
韇	dɨwk4	
嬻	dɨwk4	
犢	dɨwk4	
鸀	dɨwk4	
鸀	tɕuk4	
鸀	ɖawk4	
㒔	dɨwk4	
㒔	dʑuk4	
匵	dɨwk4	
穀	qɨwk4	
糓	qɨwk4	
轂	qɨwk4	
榖	qɨwk4	
瀔	qɨwk4	
谷	qɨwk4	
谷	lɨwk4	
谷	juk4	
瑴	qɨwk4	
瑴	qawk4	
𪇗	qɨwk4	
𣨍	qɨwk4	
𪕸	qɨwk4	
䜼	qɨwk4	
𧣡	qɨwk4	
䐨	qɨwk4	
𤞞	qɨwk4	
𤞞	juk4	
𥆌	qɨwk4	
䀰	qɨwk4	
唂	qɨwk4	
縠	ʁɨwk4	
槲	ʁɨwk4	
斛	ʁɨwk4	
螜	ʁɨwk4	
𧂔	ʁɨwk4	
礐	ʁɨwk4	
礐	ʁuk4	
礐	qʰawk4	
礐	lak4	
觳	ʁɨwk4	
觳	qʰawk4	
蔛	ʁɨwk4	
𨢋	ʁɨwk4	
𣹬	ʁɨwk4	
䶜	ʁɨwk4	
䶜	quk4	
㽇	ʁɨwk4	
䈸	ʁɨwk4	
焀	ʁɨwk4	
哭	qʰɨwk4	
㲉	qʰɨwk4	
㲉	qʰawk4	
𪍠	qʰɨwk4	
䧊	qʰɨwk4	
䧊	quk4	
䵈	qʰɨwk4	
㲄	qʰɨwk4	
𣫓	qʰɨwk4	
禿	tʰɨwk4	
𣬜	tʰɨwk4	
𢬳	tʰɨwk4	
鵚	tʰɨwk4	
豰	tɨwk4	
豰	χɨwk4	
豰	bawk4	
啄	tɨwk4	
啄	ʈawk4	
䐁	tɨwk4	
䐁	ʈawk4	
𡰪	tɨwk4	
𡰪	tuk4	
𧞐	tɨwk4	
𢽚	tɨwk4	
𢽚	ʈawk4	
竺	tɨwk4	
竺	ʈˠɨwk4	
竺	tuk4	
剢	tɨwk4	
速	sɨwk4	
遬	sɨwk4	
𧫷	sɨwk4	
蔌	sɨwk4	
餗	sɨwk4	
𩱖	sɨwk4	
𧐒	sɨwk4	
樕	sɨwk4	
𣫎	sɨwk4	
㑛	sɨwk4	
㑛	ɕuk4	
梀	sɨwk4	
梀	tsʰɨwk4	
梀	ʈˠʰuk4	
𪋝	sɨwk4	
藗	sɨwk4	
殐	sɨwk4	
𡖯	sɨwk4	
棴	sɨwk4	
棴	vɨwk4	
祿	lɨwk4	
鹿	lɨwk4	
漉	lɨwk4	
淥	lɨwk4	
淥	lˠuk4	
觻	lɨwk4	
觻	lek4	
睩	lɨwk4	
䚄	lɨwk4	
䚄	lˠuk4	
龣	lɨwk4	
龣	qawk4	
𨏔	lɨwk4	
轆	lɨwk4	
㼾	lɨwk4	
𦪇	lɨwk4	
琭	lɨwk4	
簏	lɨwk4	
箓	lɨwk4	
螰	lɨwk4	
䍡	lɨwk4	
麓	lɨwk4	
㯟	lɨwk4	
碌	lɨwk4	
碌	lˠuk4	
盝	lɨwk4	
𥂖	lɨwk4	
騼	lɨwk4	
磟	lɨwk4	
磟	lˠɨwk4	
簶	lɨwk4	
𧌍	lɨwk4	
娽	lɨwk4	
娽	lˠuk4	
𥉶	lɨwk4	
摝	lɨwk4	
𥛞	lɨwk4	
𦌟	lɨwk4	
𥂇	lɨwk4	
𤽺	lɨwk4	
廘	lɨwk4	
角	lɨwk4	
角	qawk4	
𥪋	lɨwk4	
𥪋	vɨwk4	
彔	lɨwk4	
濼	lɨwk4	
濼	pʰɨwk4	
濼	luk4	
濼	lɑk4	
濼	pʰɑk4	
濼	lek4	
鏕	lɨwk4	
趢	lɨwk4	
趢	lˠuk4	
䎑	lɨwk4	
𨌠	lɨwk4	
㪖	lɨwk4	
㪖	lˠuk4	
𩅄	lɨwk4	
蔍	lɨwk4	
嗀	χɨwk4	
嗀	χawk4	
熇	χɨwk4	
熇	χuk4	
熇	χɑk4	
𦞦	χɨwk4	
𦞦	χɑk4	
𧹲	χɨwk4	
㷤	χɨwk4	
嚛	χɨwk4	
嚛	χuk4	
族	dzɨwk4	
鑿	dzɨwk4	
鑿	tsɑk4	
鑿	dzɑk4	
瘯	tsʰɨwk4	
䃚	tsʰɨwk4	
趗	tsʰɨwk4	
趗	tsʲʰuk4	
簇	tsʰɨwk4	
鏃	tsɨwk4	
鎐	tsɨwk4	
䗱	bɨwk4	
䗱	buk4	
㲫	bɨwk4	
僕	bɨwk4	
僕	buk4	
䑑	bɨwk4	
䑑	buk4	
𥐁	bɨwk4	
菐	bɨwk4	
菐	fɨwk4	
𡰿	bɨwk4	
穙	bɨwk4	
扑	pʰɨwk4	
醭	pʰɨwk4	
墣	pʰɨwk4	
墣	pʰawk4	
𥣜	pʰɨwk4	
𪔿	pʰɨwk4	
攴	pʰɨwk4	
攴	pʰawk4	
撲	pʰɨwk4	
𪐙	pʰɨwk4	
䴆	pʰɨwk4	
䴆	buk4	
卜	pɨwk4	
濮	pɨwk4	
䧤	pɨwk4	
轐	pɨwk4	
轐	buk4	
𡡐	pɨwk4	
獛	pɨwk4	
蹼	pɨwk4	
纀	pɨwk4	
襆	pɨwk4	
襆	vuk4	
𩯏	pɨwk4	
䪁	pɨwk4	
䪁	fuk4	
鳪	pɨwk4	
木	mɨwk4	
沐	mɨwk4	
毣	mɨwk4	
毣	mawk4	
霂	mɨwk4	
𨍎	mɨwk4	
艒	mɨwk4	
艒	muk4	
艒	mɨk4	
楘	mɨwk4	
蚞	mɨwk4	
福	fɨwk4	
腹	fɨwk4	
幅	fɨwk4	
幅	pˠɨk4	
𠋩	fɨwk4	
葍	fɨwk4	
蝠	fɨwk4	
𥳇	fɨwk4	
鶝	fɨwk4	
鶝	bˠɨk4	
踾	fɨwk4	
踾	pˠʰɨk4	
踾	bˠɨk4	
輹	fɨwk4	
輹	vɨwk4	
偪	fɨwk4	
偪	pˠɨk4	
楅	fɨwk4	
楅	pˠɨk4	
𦿁	fɨwk4	
虙	vɨwk4	
服	vɨwk4	
𦨈	vɨwk4	
茯	vɨwk4	
馥	vɨwk4	
馥	bˠɨk4	
鵩	vɨwk4	
蕧	vɨwk4	
蕧	fʰɨwk4	
𨋩	vɨwk4	
澓	vɨwk4	
洑	vɨwk4	
箙	vɨwk4	
𩋟	vɨwk4	
𨌥	vɨwk4	
𪃃	vɨwk4	
𩢰	vɨwk4	
𥨍	vɨwk4	
𥨍	fʰɨwk4	
复	vɨwk4	
畐	vɨwk4	
畐	pˠʰɨk4	
𩊙	vɨwk4	
𩎧	vɨwk4	
菔	vɨwk4	
菔	bɨk4	
匐	vɨwk4	
匐	bɨk4	
鰒	vɨwk4	
鰒	bawk4	
栿	vɨwk4	
縮	ʂɨwk4	
莤	ʂɨwk4	
𩘹	ʂɨwk4	
𩘹	sʲɨwk4	
樎	ʂɨwk4	
謖	ʂɨwk4	
䎘	ʂɨwk4	
䎘	sʲɨwk4	
蹜	ʂɨwk4	
摍	ʂɨwk4	
𧐴	ʂɨwk4	
摵	ʂɨwk4	
摵	tsʲɨwk4	
摵	ʂak4	
六	lˠɨwk4	
陸	lˠɨwk4	
戮	lˠɨwk4	
剹	lˠɨwk4	
稑	lˠɨwk4	
穋	lˠɨwk4	
鵱	lˠɨwk4	
𦾷	lˠɨwk4	
𩣱	lˠɨwk4	
鯥	lˠɨwk4	
𦸐	lˠɨwk4	
𧌉	lˠɨwk4	
淕	lˠɨwk4	
䡜	lˠɨwk4	
坴	lˠɨwk4	
𡴆	lˠɨwk4	
踛	lˠɨwk4	
𥚊	lˠɨwk4	
逐	ɖˠɨwk4	
軸	ɖˠɨwk4	
舳	ɖˠɨwk4	
鱁	ɖˠɨwk4	
𧏿	ɖˠɨwk4	
筑	ɖˠɨwk4	
筑	ʈˠɨwk4	
蓫	ɖˠɨwk4	
蓫	xˠɨwk4	
蓫	ʈˠʰɨwk4	
䮱	ɖˠɨwk4	
篴	ɖˠɨwk4	
篴	dek4	
菊	kˠɨwk4	
鞠	kˠɨwk4	
鞠	kˠʰɨwk4	
鞠	ɡˠɨwk4	
蘜	kˠɨwk4	
𧃓	kˠɨwk4	
㥌	kˠɨwk4	
𡙳	kˠɨwk4	
掬	kˠɨwk4	
匊	kˠɨwk4	
𥷚	kˠɨwk4	
𥱩	kˠɨwk4	
鞫	kˠɨwk4	
𡫬	kˠɨwk4	
𥩁	kˠɨwk4	
㹼	kˠɨwk4	
𪈓	kˠɨwk4	
鵴	kˠɨwk4	
鵴	ɡˠɨwk4	
𨸰	kˠɨwk4	
㘲	kˠɨwk4	
㽤	kˠɨwk4	
䱡	kˠɨwk4	
䱡	ɡˠɨwk4	
䱡	kˠʰuk4	
椈	kˠɨwk4	
巈	kˠɨwk4	
𦥑	kˠɨwk4	
𦥑	kˠuk4	
䳔	kˠɨwk4	
𩛺	kˠɨwk4	
諊	kˠɨwk4	
𩬜	kˠɨwk4	
踘	kˠɨwk4	
踘	ɡˠɨwk4	
閰	kˠɨwk4	
𣐊	kˠɨwk4	
𧿻	kˠɨwk4	
泦	kˠɨwk4	
趜	kˠɨwk4	
趜	ɡˠɨwk4	
麴	kˠʰɨwk4	
𥶶	kˠʰɨwk4	
𩍔	kˠʰɨwk4	
𠤄	kˠʰɨwk4	
𠤄	ɡˠɨwk4	
熟	dʑɨwk4	
孰	dʑɨwk4	
淑	dʑɨwk4	
塾	dʑɨwk4	
𨷙	dʑɨwk4	
婌	dʑɨwk4	
䃞	dʑɨwk4	
俶	tɕʰɨwk4	
柷	tɕʰɨwk4	
柷	tɕɨwk4	
琡	tɕʰɨwk4	
琡	tɕɨwk4	
𣥹	tɕʰɨwk4	
埱	tɕʰɨwk4	
育	jɨwk4	
毓	jɨwk4	
鬻	jɨwk4	
粥	jɨwk4	
粥	tɕɨwk4	
𩱱	jɨwk4	
䋭	jɨwk4	
𧷗	jɨwk4	
棛	jɨwk4	
錥	jɨwk4	
煜	jɨwk4	
煜	ɰip4	
焴	jɨwk4	
昱	jɨwk4	
蒮	jɨwk4	
淯	jɨwk4	
蜟	jɨwk4	
𢌻	jɨwk4	
堉	jɨwk4	
喅	jɨwk4	
𤳕	jɨwk4	
𥉑	jɨwk4	
𥉑	ʁɑk4	
逳	jɨwk4	
𦱀	jɨwk4	
驧	ɡˠɨwk4	
𩣽	ɡˠɨwk4	
𪁁	ɡˠɨwk4	
毱	ɡˠɨwk4	
䗇	ɡˠɨwk4	
䜯	ɡˠɨwk4	
鼀	tsʲʰɨwk4	
蹴	tsʲʰɨwk4	
蹴	tsʲɨwk4	
肉	ɲɨwk4	
衄	ɲɨwk4	
衄	ɳˠɨwk4	
叔	ɕɨwk4	
儵	ɕɨwk4	
倏	ɕɨwk4	
虪	ɕɨwk4	
跾	ɕɨwk4	
鮛	ɕɨwk4	
掓	ɕɨwk4	
𢞣	ɕɨwk4	
尗	ɕɨwk4	
菽	ɕɨwk4	
㶖	ɕɨwk4	
蓄	xˠɨwk4	
蓄	ʈˠʰɨwk4	
稸	xˠɨwk4	
稸	ʈˠʰɨwk4	
𤲸	xˠɨwk4	
㜅	xˠɨwk4	
鄐	xˠɨwk4	
鄐	ʈˠʰɨwk4	
荲	xˠɨwk4	
荲	ʈˠʰɨwk4	
荲	ʈˠʰɨk4	
慉	xˠɨwk4	
竹	ʈˠɨwk4	
築	ʈˠɨwk4	
𥴁	ʈˠɨwk4	
茿	ʈˠɨwk4	
蹙	tsʲɨwk4	
踧	tsʲɨwk4	
踧	dek4	
𧑙	tsʲɨwk4	
𠴫	tsʲɨwk4	
𠴫	dzek4	
㗤	tsʲɨwk4	
噈	tsʲɨwk4	
槭	tsʲɨwk4	
𣤶	tsʲɨwk4	
𣤶	dzʲɨwk4	
𣤶	tsɑp4	
𥷼	tsʲɨwk4	
縬	tsʲɨwk4	
縬	tʂɨwk4	
𣢰	tsʲɨwk4	
𦟠	tsʲɨwk4	
顣	tsʲɨwk4	
珿	tʂʰɨwk4	
矗	tʂʰɨwk4	
矗	ʈˠʰɨwk4	
𪘏	tʂʰɨwk4	
𪘏	tʂʰawk4	
𨴖	tʂʰɨwk4	
𧯩	tʂʰɨwk4	
䎌	tʂʰɨwk4	
朒	ɳˠɨwk4	
恧	ɳˠɨwk4	
恧	ɳˠɨk4	
𦗂	ɳˠɨwk4	
忸	ɳˠɨwk4	
䖡	ɳˠɨwk4	
䂇	ɳˠɨwk4	
𡎺	tʂɨwk4	
蝮	fʰɨwk4	
㙏	fʰɨwk4	
郁	ʔˠɨwk4	
戫	ʔˠɨwk4	
彧	ʔˠɨwk4	
薁	ʔˠɨwk4	
䉛	ʔˠɨwk4	
𨞓	ʔˠɨwk4	
𪑝	ʔˠɨwk4	
𪑝	ɰwɨk4	
𪑝	xˠwɨk4	
稶	ʔˠɨwk4	
㰲	ʔˠɨwk4	
㰲	tɕuk4	
㰲	xˠwɨk4	
𠸹	ʔˠɨwk4	
𨪎	ʔˠɨwk4	
肅	sʲɨwk4	
蓿	sʲɨwk4	
夙	sʲɨwk4	
𠉦	sʲɨwk4	
𠈇	sʲɨwk4	
玊	sʲɨwk4	
玊	sʲuk4	
鷫	sʲɨwk4	
𪂸	sʲɨwk4	
驌	sʲɨwk4	
鱐	sʲɨwk4	
𤥔	sʲɨwk4	
䑿	sʲɨwk4	
㑉	sʲɨwk4	
璛	sʲɨwk4	
㪩	sʲɨwk4	
目	mɨwk4	
睦	mɨwk4	
穆	mɨwk4	
苜	mɨwk4	
𦱒	mɨwk4	
牧	mɨwk4	
㙁	mɨwk4	
萺	mɨwk4	
萺	muk4	
㣎	mɨwk4	
㾇	mɨwk4	
哊	ɰɨwk4	
滀	ʈˠʰɨwk4	
苖	ʈˠʰɨwk4	
苖	dek4	
敊	ʈˠʰɨwk4	
傗	ʈˠʰɨwk4	
砡	ŋˠɨwk4	
沃	ʔuk4	
鋈	ʔuk4	
䁷	ʔuk4	
䁷	qawk4	
觷	ʔuk4	
觷	ɴawk4	
觷	ʁawk4	
䮸	ʔuk4	
䮸	qawk4	
䮸	ʔawk4	
毒	duk4	
𡹆	duk4	
𦺇	duk4	
蝳	duk4	
𢃶	duk4	
篤	tuk4	
督	tuk4	
𧝴	tuk4	
𧞶	tuk4	
錖	tuk4	
𤬂	tuk4	
𥓍	tuk4	
裻	tuk4	
裻	suk4	
酷	qʰuk4	
焅	qʰuk4	
𥞴	qʰuk4	
嚳	qʰuk4	
硞	qʰuk4	
硞	qʰawk4	
𡷥	qʰuk4	
鵠	ʁuk4	
㿥	ʁuk4	
㿥	ʁawk4	
翯	ʁuk4	
翯	ʁawk4	
翯	χawk4	
隺	ʁuk4	
𤌍	ʁuk4	
頶	ʁuk4	
𨴬	ʁuk4	
鏷	buk4	
洬	suk4	
梏	quk4	
梏	qawk4	
牿	quk4	
䧼	quk4	
䅵	quk4	
䅵	tɕɑk4	
臛	χuk4	
褥	nuk4	
褥	ɲuk4	
傉	nuk4	
搙	nuk4	
搙	ɳawk4	
傶	tsuk4	
𣪲	tsuk4	
錊	tsuk4	
襮	puk4	
襮	pɑk4	
犦	puk4	
犦	bawk4	
𤛹	ɴuk4	
燭	tɕuk4	
屬	tɕuk4	
屬	dʑuk4	
属	tɕuk4	
属	dʑuk4	
矚	tɕuk4	
䌵	tɕuk4	
囑	tɕuk4	
䟉	tɕuk4	
蠾	tɕuk4	
蠾	dʑuk4	
蠋	tɕuk4	
蠋	ɖˠuk4	
玉	ŋˠuk4	
獄	ŋˠuk4	
鳿	ŋˠuk4	
頊	ŋˠuk4	
頊	xˠuk4	
旭	xˠuk4	
勖	xˠuk4	
𩔴	xˠuk4	
𩪉	xˠuk4	
輂	kˠuk4	
鋦	kˠuk4	
挶	kˠuk4	
梮	kˠuk4	
䡞	kˠuk4	
㮂	kˠuk4	
䋰	kˠuk4	
𦅽	kˠuk4	
𧤑	kˠuk4	
局	ɡˠuk4	
跼	ɡˠuk4	
駶	ɡˠuk4	
侷	ɡˠuk4	
䎤	ɡˠuk4	
蜀	dʑuk4	
㯮	dʑuk4	
䙱	dʑuk4	
襩	dʑuk4	
㻿	dʑuk4	
鐲	dʑuk4	
鐲	ɖawk4	
觸	tɕʰuk4	
臅	tɕʰuk4	
辱	ɲuk4	
蓐	ɲuk4	
鄏	ɲuk4	
縟	ɲuk4	
溽	ɲuk4	
㦺	ɲuk4	
媷	ɲuk4	
嗕	ɲuk4	
𪑾	ɲuk4	
𩱨	ɲuk4	
束	ɕuk4	
欲	juk4	
浴	juk4	
鵒	juk4	
𩀑	juk4	
鋊	juk4	
輍	juk4	
慾	juk4	
躅	ɖˠuk4	
䠱	ɖˠuk4	
錄	lˠuk4	
綠	lˠuk4	
醁	lˠuk4	
騄	lˠuk4	
菉	lˠuk4	
逯	lˠuk4	
䱚	lˠuk4	
籙	lˠuk4	
䟿	lˠuk4	
𧨹	lˠuk4	
㫽	lˠuk4	
曲	kˠʰuk4	
䒼	kˠʰuk4	
匤	kˠʰuk4	
瘃	ʈˠuk4	
𤷚	ʈˠuk4	
孎	ʈˠuk4	
孎	ʈawk4	
斸	ʈˠuk4	
钃	ʈˠuk4	
欘	ʈˠuk4	
欘	ɖawk4	
𢒔	ʈˠuk4	
𢒔	ʈˠʰuk4	
哫	tsʲuk4	
贖	ʑuk4	
𩌮	ʑuk4	
𩌮	zʲuk4	
䴬	ʑuk4	
䴬	jɨk4	
幞	vuk4	
促	tsʲʰuk4	
誎	tsʲʰuk4	
𤗁	tsʲʰuk4	
𦠁	tsʲʰuk4	
㹱	tsʲʰuk4	
㹱	tsʲʰɑk4	
續	zʲuk4	
俗	zʲuk4	
藚	zʲuk4	
粟	sʲuk4	
𥻆	sʲuk4	
憟	sʲuk4	
𣯼	sʲuk4	
㔄	sʲuk4	
𥹵	ʈˠʰuk4	
㙇	ʈˠʰuk4	
豖	ʈˠʰuk4	
斠	qawk4	
桷	qawk4	
䡈	qawk4	
珏	qawk4	
䚫	qawk4	
䚫	ʁek4	
榷	qawk4	
捔	qawk4	
捔	dʐawk4	
搉	qawk4	
搉	qʰawk4	
傕	qawk4	
䮤	qawk4	
䮤	ʁɑk4	
嶽	ɴawk4	
岳	ɴawk4	
鸑	ɴawk4	
𩓥	ɴawk4	
捳	ɴawk4	
㹊	ɴawk4	
浞	dʐawk4	
丵	dʐawk4	
鋜	dʐawk4	
灂	dʐawk4	
鷟	dʐawk4	
篧	dʐawk4	
篧	tʂawk4	
汋	dʐawk4	
汋	dʑɑk4	
齺	dʐawk4	
𤉐	dʐawk4	
簎	dʐawk4	
簎	tʂʰak4	
簎	dzʲak4	
捉	tʂawk4	
穛	tʂawk4	
𥼚	tʂawk4	
穱	tʂawk4	
斮	tʂawk4	
斮	tʂɑk4	
𧂒	tʂawk4	
朔	ʂawk4	
矟	ʂawk4	
槊	ʂawk4	
蒴	ʂawk4	
𦂗	ʂawk4	
㮶	ʂawk4	
𦋞	ʂawk4	
斲	ʈawk4	
涿	ʈawk4	
諑	ʈawk4	
㧻	ʈawk4	
琢	ʈawk4	
卓	ʈawk4	
桌	ʈawk4	
𥢔	ʈawk4	
斀	ʈawk4	
啅	ʈawk4	
𢁁	ʈawk4	
倬	ʈawk4	
晫	ʈawk4	
晫	ʈʰawk4	
剝	pawk4	
駮	pawk4	
駁	pawk4	
𩐟	pawk4	
𦢊	pawk4	
𦢊	bawk4	
嚗	pawk4	
𥭖	pawk4	
肑	pawk4	
肑	tek4	
髉	pawk4	
㿺	pawk4	
䑈	pawk4	
趵	pawk4	
邈	mawk4	
㦝	mawk4	
𢷕	mawk4	
瞐	mawk4	
雹	bawk4	
𩅟	bawk4	
𢷏	bawk4	
𩣡	bawk4	
𩣡	bət4	
䮀	bawk4	
䈏	bawk4	
瓝	bawk4	
㼎	bawk4	
謈	bawk4	
謈	pʰawk4	
窇	bawk4	
𥭓	bawk4	
𥭓	tʂʰawk4	
懪	bawk4	
㩧	bawk4	
㩧	pʰawk4	
璞	pʰawk4	
朴	pʰawk4	
㹒	pʰawk4	
圤	pʰawk4	
𤆝	pʰawk4	
𥛟	pʰawk4	
㺪	pʰawk4	
𧴤	pʰawk4	
㱿	qʰawk4	
毃	qʰawk4	
愨	qʰawk4	
確	qʰawk4	
碻	qʰawk4	
𤿩	qʰawk4	
燩	qʰawk4	
燩	qʰek4	
嶨	qʰawk4	
嶨	ʁawk4	
塙	qʰawk4	
𣤇	qʰawk4	
𠕓	qʰawk4	
埆	qʰawk4	
𡇱	qʰawk4	
濁	ɖawk4	
擢	ɖawk4	
𧃔	ɖawk4	
㺟	ɖawk4	
蠗	ɖawk4	
鸐	ɖawk4	
𩑂	ɖawk4	
𢢗	ɖawk4	
𩆸	ɖawk4	
㪬	ɖawk4	
㪬	ʈʰawk4	
渥	ʔawk4	
握	ʔawk4	
偓	ʔawk4	
幄	ʔawk4	
楃	ʔawk4	
喔	ʔawk4	
鷽	ʔawk4	
鷽	ʁawk4	
葯	ʔawk4	
葯	ʔˠɑk4	
腛	ʔawk4	
齷	ʔawk4	
媉	ʔawk4	
𦯏	ʔawk4	
𠿟	ʔawk4	
搦	ɳawk4	
搦	ɳak4	
䚥	ɳawk4	
𧢺	ɳawk4	
𧣺	ɳawk4	
逴	ʈʰawk4	
逴	ʈˠʰɑk4	
犖	lawk4	
䃕	lawk4	
𡁆	lawk4	
學	ʁawk4	
确	ʁawk4	
𥀣	ʁawk4	
㕰	χawk4	
𩌊	χawk4	
𦰾	χawk4	
謞	χawk4	
謞	χɑk4	
瀥	χawk4	
䤕	χawk4	
娖	tʂʰawk4	
䃗	tʂʰawk4	
娕	tʂʰawk4	
擉	tʂʰawk4	
齪	tʂʰawk4	
晊	tɕit4	
郅	tɕit4	
桎	tɕit4	
櫍	tɕit4	
蛭	tɕit4	
蛭	ʈˠit4	
蛭	tet4	
騭	tɕit4	
劕	tɕit4	
銍	tɕit4	
銍	ʈˠit4	
䑇	tɕit4	
鑕	tɕit4	
𡂒	tɕit4	
侄	tɕit4	
日	ɲit4	
馹	ɲit4	
衵	ɲit4	
衵	ɳˠit4	
㠴	ɲit4	
實	ʑit4	
秩	ɖˠit4	
紩	ɖˠit4	
帙	ɖˠit4	
袠	ɖˠit4	
柣	ɖˠit4	
柣	tsʰet4	
翐	ɖˠit4	
姪	ɖˠit4	
姪	det4	
妷	ɖˠit4	
豑	ɖˠit4	
𣗻	ɖˠit4	
䟈	ɖˠit4	
𢧤	ɖˠit4	
悉	sʲit4	
厀	sʲit4	
膝	sʲit4	
蟋	sʲit4	
蟋	ʂit4	
𧀬	sʲit4	
𦸝	sʲit4	
䊝	sʲit4	
䊝	sʲet4	
僁	sʲit4	
僁	set4	
窸	sʲit4	
一	ʔʲit4	
弌	ʔʲit4	
壹	ʔʲit4	
七	tsʲʰit4	
漆	tsʲʰit4	
柒	tsʲʰit4	
䣛	tsʲʰit4	
𪄭	tsʲʰit4	
桼	tsʲʰit4	
𣛺	tsʲʰit4	
𦸓	tsʲʰit4	
㯃	tsʲʰit4	
匹	pʲʰit4	
𠯔	pʲʰit4	
䏘	pʲʰit4	
吉	kʲit4	
趌	kʲit4	
趌	kʲʰit4	
趌	ɡˠit4	
趌	kʲet4	
狤	kʲit4	
狤	ɡˠit4	
狤	qet4	
拮	kʲit4	
拮	qet4	
䟌	kʲit4	
䟌	dzet4	
郆	kʲit4	
洁	kʲit4	
𤿠	kʲit4	
暱	ɳˠit4	
昵	ɳˠit4	
䵒	ɳˠit4	
䵑	ɳˠit4	
䘌	ɳˠit4	
㥾	ɳˠit4	
㥾	ɳˠɨk4	
逸	jit4	
佚	jit4	
佾	jit4	
溢	jit4	
軼	jit4	
軼	det4	
鎰	jit4	
泆	jit4	
泆	det4	
齸	jit4	
齸	ʔʲak4	
劮	jit4	
欥	jit4	
欥	jwit4	
䭿	jit4	
䭿	det4	
䳀	jit4	
䳀	det4	
詰	kʲʰit4	
蛣	kʲʰit4	
𩢴	kʲʰit4	
欯	xʲit4	
欪	xʲit4	
欪	ʈˠʰwit4	
咭	xʲit4	
咭	qʰat4	
恄	xʲit4	
㣟	xʲit4	
抶	ʈˠʰit4	
咥	ʈˠʰit4	
咥	det4	
咥	tet4	
眣	ʈˠʰit4	
眣	ʈat4	
眣	det4	
栗	lˠit4	
㮚	lˠit4	
𣡷	lˠit4	
慄	lˠit4	
溧	lˠit4	
𠞉	lˠit4	
鷅	lˠit4	
凓	lˠit4	
篥	lˠit4	
麜	lˠit4	
𨍫	lˠit4	
瑮	lˠit4	
𦃊	lˠit4	
塛	lˠit4	
搮	lˠit4	
䔁	lˠit4	
㗚	lˠit4	
㟳	lˠit4	
窒	ʈˠit4	
窒	tet4	
挃	ʈˠit4	
庢	ʈˠit4	
秷	ʈˠit4	
𦤻	ʈˠit4	
㲳	ʈˠit4	
㗧	ʈˠit4	
㗧	tet4	
𪗻	ʈˠit4	
𪗻	det4	
𨖹	ʈˠit4	
螲	ʈˠit4	
𥎹	ʈˠit4	
疾	dzʲit4	
𤕺	dzʲit4	
蒺	dzʲit4	
㑵	dzʲit4	
𧎿	dzʲit4	
揤	dzʲit4	
揤	tsʲɨk4	
愱	dzʲit4	
槉	dzʲit4	
𠹋	dzʲit4	
𧪠	dzʲit4	
𠞩	tʂʰit4	
𠞩	ʂwit4	
𪘧	tʂʰit4	
𪘧	dzwət4	
䜉	tʂʰit4	
失	ɕit4	
室	ɕit4	
𩋡	ɕit4	
堲	tsʲit4	
堲	tsʲɨk4	
堲	dzʲɨk4	
𡁶	tsʲit4	
唧	tsʲit4	
唧	tsʲɨk4	
㲺	tsʲit4	
𢪍	tsʲit4	
𢪍	tsʲet4	
𧉍	tsʲit4	
蝍	tsʲit4	
蝍	tset4	
蝍	tsʲɨk4	
楖	tsʲit4	
楖	tʂit4	
楖	tsʲɨk4	
蜜	mʲit4	
𧖅	mʲit4	
謐	mʲit4	
䤉	mʲit4	
榓	mʲit4	
𥁑	mʲit4	
宓	mʲit4	
宓	mˠit4	
淧	mʲit4	
𥋱	mʲit4	
必	pʲit4	
畢	pʲit4	
篳	pʲit4	
蓽	pʲit4	
韠	pʲit4	
㻫	pʲit4	
䟆	pʲit4	
蹕	pʲit4	
滭	pʲit4	
㪤	pʲit4	
鷝	pʲit4	
觱	pʲit4	
觱	ɰut4	
珌	pʲit4	
㓖	pʲit4	
熚	pʲit4	
𡠚	pʲit4	
彃	pʲit4	
㮿	pʲit4	
縪	pʲit4	
鮅	pʲit4	
鮅	bʲit4	
饆	pʲit4	
鏎	pʲit4	
𡻞	pʲit4	
𥀕	pʲit4	
𥛘	pʲit4	
罼	pʲit4	
姞	ɡˠit4	
佶	ɡˠit4	
鮚	ɡˠit4	
邲	bʲit4	
邲	bˠit4	
馝	bʲit4	
馝	bet4	
苾	bʲit4	
苾	bet4	
䩛	bʲit4	
佖	bʲit4	
佖	bˠit4	
駜	bʲit4	
駜	bˠit4	
飶	bʲit4	
飶	bet4	
綼	bʲit4	
綼	pek4	
怭	bʲit4	
𨠔	bʲit4	
䖩	bʲit4	
𣢠	bʲit4	
咇	bʲit4	
咇	pˠit4	
咇	bet4	
妼	bʲit4	
䫻	ɰwit4	
𡿯	ɰwit4	
汩	ɰwit4	
蒁	ɰwit4	
㧒	ɰwit4	
㧒	ɰut4	
蟀	ʂwit4	
𧍓	ʂwit4	
䢦	ʂwit4	
𧜠	ʂwit4	
咰	ʂwit4	
𠌭	ʂwit4	
𧗿	ʂwit4	
叱	tɕʰit4	
𪗨	dʐit4	
密	mˠit4	
𡶇	mˠit4	
蔤	mˠit4	
滵	mˠit4	
沕	mˠit4	
沕	ɱut4	
樒	mˠit4	
㫘	mˠit4	
𪅮	mˠit4	
𥉴	mˠit4	
弼	bˠit4	
𢐀	bˠit4	
㢸	bˠit4	
𠡂	bˠit4	
䄶	bˠit4	
䄶	bət4	
𢘍	bˠit4	
胇	bˠit4	
乙	ʔˠit4	
鳦	ʔˠit4	
耴	ŋˠit4	
耴	ʈˠep4	
㔎	ŋˠit4	
㔎	sʲet4	
𡿪	ŋˠit4	
𡿪	lˠet4	
圪	ŋˠit4	
圪	ŋˠɨt4	
𦨇	ŋˠit4	
𠡝	ŋˠit4	
筆	pˠit4	
潷	pˠit4	
𢴩	pˠit4	
㻶	pˠit4	
𨅗	pˠit4	
茁	ʈˠwit4	
茁	tʂwat4	
茁	tʂwet4	
肸	xˠit4	
肸	xˠɨt4	
獝	xʲwit4	
術	ʑwit4	
述	ʑwit4	
秫	ʑwit4	
朮	ʑwit4	
朮	ɖˠwit4	
沭	ʑwit4	
噊	ʑwit4	
噊	jwit4	
袕	ʑwit4	
袕	ʁwet4	
潏	ʑwit4	
潏	jwit4	
潏	qwet4	
鱊	ʑwit4	
鱊	jwit4	
鱊	qwat4	
驈	ʑwit4	
驈	jwit4	
𧑐	ʑwit4	
𧑐	jwit4	
橘	kʲwit4	
繘	kʲwit4	
繘	jwit4	
𧽻	kʲwit4	
䤎	kʲwit4	
𦙮	kʲwit4	
𣎛	kʲwit4	
崒	dzʲwit4	
崒	dzwət4	
踤	dzʲwit4	
捽	dzʲwit4	
捽	dzwət4	
聿	jwit4	
鴪	jwit4	
燏	jwit4	
遹	jwit4	
鷸	jwit4	
𩙅	jwit4	
矞	jwit4	
霱	jwit4	
䢖	jwit4	
䋖	jwit4	
銉	jwit4	
𦒔	jwit4	
𥎐	jwit4	
卒	tsʲwit4	
卒	tsʰwət4	
卒	tswət4	
𣨛	tsʲwit4	
𣨛	tsʰwət4	
䱣	tsʲwit4	
㰵	tsʲwit4	
卹	sʲwit4	
恤	sʲwit4	
戌	sʲwit4	
訹	sʲwit4	
珬	sʲwit4	
𧪞	sʲwit4	
𧪞	qɑp4	
䳳	sʲwit4	
賉	sʲwit4	
𣸃	sʲwit4	
㖅	sʲwit4	
𧊥	sʲwit4	
銊	sʲwit4	
欰	sʲwit4	
𥚋	sʲwit4	
𨜿	sʲwit4	
律	lˠwit4	
寽	lˠwit4	
繂	lˠwit4	
膟	lˠwit4	
䔞	lˠwit4	
葎	lˠwit4	
𥭐	lˠwit4	
𠷈	lˠwit4	
黜	ʈˠʰwit4	
怵	ʈˠʰwit4	
𧺶	ʈˠʰwit4	
炪	ʈˠʰwit4	
炪	tɕwet4	
䟣	ʈˠʰwit4	
㤕	ʈˠʰwit4	
㤕	ʈˠwit4	
𤝞	ʈˠʰwit4	
窋	ʈˠwit4	
絀	ʈˠwit4	
䂐	ʈˠwit4	
䂐	tɕwet4	
㑁	ʈˠwit4	
逫	ʈˠwit4	
𡢑	ʈˠwit4	
泏	ʈˠwit4	
泏	qʰwət4	
𦬸	ɖˠwit4	
炢	ɖˠwit4	
𠭴	tʂwit4	
𠭴	tɕwet4	
𠮌	tʂwit4	
䎀	xʲwit4	
䎀	xˠwət4	
怴	xʲwit4	
䬂	xʲwit4	
䬂	xˠwət4	
𥄵	xʲwit4	
櫛	tʂit4	
瀄	tʂit4	
㘉	tʂit4	
𥠈	tʂit4	
擳	tʂit4	
瑟	ʂit4	
飋	ʂit4	
蝨	ʂit4	
璱	ʂit4	
𦆄	ʂit4	
物	ɱut4	
勿	ɱut4	
𣃦	ɱut4	
芴	ɱut4	
岉	ɱut4	
𨑥	ɱut4	
𨑥	χwət4	
昒	ɱut4	
昒	χwət4	
弗	fut4	
紱	fut4	
黻	fut4	
綍	fut4	
紼	fut4	
巿	fut4	
韍	fut4	
𨚓	fut4	
翇	fut4	
柫	fut4	
𡗻	fut4	
冹	fut4	
冹	fət4	
帗	fut4	
帗	pɑt4	
𩖼	fut4	
笰	fut4	
𤊸	fut4	
甶	fut4	
鬱	ʔˠut4	
欝	ʔˠut4	
灪	ʔˠut4	
爩	ʔˠut4	
𩚴	ʔˠut4	
𩚴	ʔˠwət4	
黦	ʔˠut4	
黦	ʔˠwət4	
黦	ʔˠət4	
𥘄	ʔˠut4	
𩰪	ʔˠut4	
𠀔	kˠut4	
𦁐	kˠut4	
𦁐	kˠʰwət4	
厥	kˠut4	
厥	kˠwət4	
屈	kˠut4	
屈	kˠʰut4	
鶌	kˠut4	
趉	kˠut4	
䠇	kˠut4	
䠇	ɡˠut4	
詘	kˠʰut4	
𧌑	kˠʰut4	
倔	ɡˠut4	
崛	ɡˠut4	
崛	ŋˠut4	
𡲬	ɡˠut4	
䘿	ɡˠut4	
𡲗	ɡˠut4	
堀	ɡˠut4	
堀	qʰwət4	
掘	ɡˠut4	
掘	ɡˠwət4	
佛	vut4	
坲	vut4	
𡶒	vut4	
咈	vut4	
䞞	vut4	
刜	vut4	
刜	fʰut4	
𣀣	vut4	
炥	vut4	
䬍	xˠut4	
䬍	χwət4	
𩘐	xˠut4	
欻	xˠut4	
𠦪	xˠut4	
㗵	xˠut4	
烼	xˠut4	
𢯮	ɰut4	
䁌	ɰut4	
𢔥	ɰut4	
拂	fʰut4	
𢂀	fʰut4	
艴	fʰut4	
艴	bət4	
乀	fʰut4	
䭮	fʰut4	
彿	fʰut4	
𧿳	fʰut4	
迄	xˠɨt4	
仡	xˠɨt4	
仡	ŋˠɨt4	
釳	xˠɨt4	
忔	xˠɨt4	
䒗	xˠɨt4	
䒗	kˠʰɨt4	
䛥	xˠɨt4	
汔	xˠɨt4	
訖	kˠɨt4	
吃	kˠɨt4	
扢	kˠɨt4	
扢	qwət4	
扢	ʁwət4	
䰴	kˠɨt4	
疙	ŋˠɨt4	
屹	ŋˠɨt4	
𧆫	ŋˠɨt4	
䞘	ɡˠɨt4	
𢇓	ɡˠɨt4	
乞	kˠʰɨt4	
月	ŋˠwət4	
刖	ŋˠwət4	
刖	ɴwət4	
刖	ɴwat4	
跀	ŋˠwət4	
𧿁	ŋˠwət4	
軏	ŋˠwət4	
軏	ɴwət4	
抈	ŋˠwət4	
扤	ŋˠwət4	
扤	ɴwət4	
枂	ŋˠwət4	
枂	ɴwɑt4	
鈅	ŋˠwət4	
玥	ŋˠwət4	
𦘹	ŋˠwət4	
伐	vət4	
筏	vət4	
筏	pɑt4	
栰	vət4	
罰	vət4	
閥	vət4	
垡	vət4	
瞂	vət4	
拔	vət4	
拔	bɑt4	
拔	bat4	
藅	vət4	
坺	vət4	
坺	bɑt4	
䣹	vət4	
越	ɰwət4	
越	ʁwɑt4	
𨒋	ɰwət4	
粵	ɰwət4	
戉	ɰwət4	
鉞	ɰwət4	
䋐	ɰwət4	
樾	ɰwət4	
蚏	ɰwət4	
曰	ɰwət4	
𥩡	ɰwət4	
𡛟	ɰwət4	
𣐋	ɰwət4	
𧊎	ɰwət4	
泧	ɰwət4	
泧	xˠwət4	
泧	χwɑt4	
氒	kˠwət4	
𨇮	kˠwət4	
𧽸	kˠwət4	
𧼞	kˠwət4	
瘚	kˠwət4	
劂	kˠwət4	
蕨	kˠwət4	
蟨	kˠwət4	
蟩	kˠwət4	
橜	kˠwət4	
橜	ɡˠwət4	
𥕲	kˠwət4	
𠢤	kˠwət4	
欮	kˠwət4	
撅	kˠwət4	
撅	ɡˠwət4	
𠄌	kˠwət4	
𡡕	ʔˠwət4	
𧤼	ɡˠwət4	
鷢	ɡˠwət4	
憠	ɡˠwət4	
𨬐	ɡˠwət4	
䞷	ɡˠwət4	
𣖬	ɡˠwət4	
𩪜	ɡˠwət4	
亅	ɡˠwət4	
闕	kˠʰwət4	
㵐	kˠʰwət4	
髮	fət4	
𩠖	fət4	
𩑛	fət4	
發	fət4	
颰	fət4	
颰	bɑt4	
韤	ɱət4	
韈	ɱət4	
襪	ɱət4	
𥄎	ɱət4	
𥄎	xʲwet4	
𥄎	xʲwak4	
𥄎	xˠwɨk4	
㒝	ɱət4	
㒝	met4	
䟠	xˠwət4	
狘	xˠwət4	
㞽	xˠwət4	
謁	ʔˠət4	
暍	ʔˠət4	
暍	χɑt4	
𢉥	ʔˠət4	
𢉥	ʔɑt4	
歇	xˠət4	
蠍	xˠət4	
猲	xˠət4	
猲	χɑt4	
猲	kˠʰəp4	
𤢔	xˠət4	
𦪬	xˠət4	
𧼨	kˠət4	
羯	kˠət4	
𢶆	kˠət4	
鍻	kˠət4	
𢷒	ɡˠət4	
竭	ɡˠət4	
竭	ɡˠet4	
碣	ɡˠət4	
碣	ɡˠet4	
楬	ɡˠət4	
楬	qʰat4	
楬	ɡˠet4	
钀	ŋˠət4	
钀	ŋˠet4	
沒	mət4	
歿	mət4	
𤣻	mət4	
𩑦	mət4	
𩑦	ʔwət4	
𠬛	mət4	
莈	mət4	
骨	qwət4	
縎	qwət4	
鶻	qwət4	
鶻	ʁwət4	
鶻	ʁwat4	
滑	qwət4	
滑	ʁwət4	
滑	ʁwat4	
䮩	qwət4	
啒	qwət4	
啒	χwət4	
淈	qwət4	
淈	ʁət4	
汨	qwət4	
汨	mek4	
愲	qwət4	
蓇	qwət4	
尳	qwət4	
尳	ʁwət4	
㾶	qwət4	
榾	qwət4	
䓛	qwət4	
㒴	qwət4	
勃	bət4	
渤	bət4	
𩱚	bət4	
餑	bət4	
𡋯	bət4	
馞	bət4	
馞	pʰət4	
郣	bət4	
浡	bət4	
𣭷	bət4	
𢠜	bət4	
㪍	bət4	
㶿	bət4	
桲	bət4	
挬	bət4	
脖	bət4	
𦸦	bət4	
鵓	bət4	
咄	twət4	
咄	twɑt4	
柮	twət4	
柮	dzwɑt4	
𩢎	twət4	
𩨳	twət4	
突	tʰwət4	
突	dwət4	
梲	tʰwət4	
梲	tʰwɑt4	
梲	tɕwet4	
𠫓	tʰwət4	
𡿮	tʰwət4	
𡿮	dwət4	
䠈	tʰwət4	
揬	dwət4	
腯	dwət4	
鼵	dwət4	
葖	dwət4	
鶟	dwət4	
堗	dwət4	
𦩤	dwət4	
鈯	dwət4	
𦔅	dwət4	
𣔻	dwət4	
凸	dwət4	
凸	det4	
鍎	dwət4	
膃	ʔwət4	
嗢	ʔwət4	
嗢	ʔwat4	
䯉	ʔwət4	
䯉	ʔwat4	
榲	ʔwət4	
淴	ʔwət4	
忽	χwət4	
㾁	χwət4	
匫	χwət4	
寣	χwət4	
笏	χwət4	
䩐	χwət4	
㫚	χwət4	
𣓗	χwət4	
㦌	χwət4	
𦁕	χwət4	
𢑢	χwət4	
惚	χwət4	
𤶘	χwət4	
兀	ɴwət4	
杌	ɴwət4	
屼	ɴwət4	
矹	ɴwət4	
䦍	ɴwət4	
𦨉	ɴwət4	
䑢	ɴwət4	
𠨜	ɴwət4	
㽾	ɴwət4	
𤴰	ɴwət4	
𧈭	ɴwət4	
𦬂	ɴwət4	
䪬	pʰət4	
哱	pʰət4	
㛘	pʰət4	
𠀽	lwət4	
𨁸	lwət4	
硉	lwət4	
𥓎	lwət4	
㪐	lwət4	
窟	qʰwət4	
矻	qʰwət4	
𧷎	qʰwət4	
𧷎	ʁat4	
㧾	qʰwət4	
圣	qʰwət4	
㩿	qʰwət4	
𡑣	qʰwət4	
䯇	qʰwət4	
䯇	qʰwat4	
𡼿	qʰwət4	
𥌄	qʰwət4	
胐	qʰwət4	
訥	nwət4	
㕯	nwət4	
㕯	ɳwat4	
㕯	ɲwet4	
肭	nwət4	
肭	ɳwat4	
𣧍	nwət4	
窣	swət4	
𪌯	swət4	
𪍛	swət4	
㲞	swət4	
𪖶	swət4	
𪅄	swət4	
屑	swət4	
屑	set4	
猝	tsʰwət4	
𢪃	tsʰwət4	
𥾛	tsʰwət4	
椊	dzwət4	
䚝	dzwət4	
𩩠	dzwət4	
麧	ʁət4	
𥝖	ʁət4	
齕	ʁət4	
齕	ʁet4	
紇	ʁət4	
紇	ʁet4	
搰	ʁwət4	
𣝗	ʁwət4	
𦗣	ʁwət4	
𢪏	ʁwət4	
𡰅	ʁwət4	
稡	tswət4	
曷	ʁɑt4	
褐	ʁɑt4	
毼	ʁɑt4	
鶡	ʁɑt4	
蝎	ʁɑt4	
䫘	ʁɑt4	
䫘	χɑt4	
𩩲	ʁɑt4	
骱	ʁɑt4	
骱	qat4	
㮫	ʁɑt4	
鞨	ʁɑt4	
鞨	ʑet4	
𠿒	χɑt4	
㿣	χɑt4	
𩡔	χɑt4	
𢛁	tɑt4	
妲	tɑt4	
呾	tɑt4	
呾	ʔat4	
炟	tɑt4	
䵣	tɑt4	
𦬹	tɑt4	
靼	tɑt4	
靼	tɕet4	
闥	tʰɑt4	
㒓	tʰɑt4	
撻	tʰɑt4	
躂	tʰɑt4	
澾	tʰɑt4	
獺	tʰɑt4	
獺	ʈʰat4	
𣥂	tʰɑt4	
羍	tʰɑt4	
𦍒	tʰɑt4	
達	tʰɑt4	
達	dɑt4	
遏	ʔɑt4	
齃	ʔɑt4	
頞	ʔɑt4	
堨	ʔɑt4	
胺	ʔɑt4	
咹	ʔɑt4	
𠥜	ʔɑt4	
剌	lɑt4	
揧	lɑt4	
辢	lɑt4	
瘌	lɑt4	
攋	lɑt4	
𢉨	lɑt4	
轢	lɑt4	
轢	lɑk4	
轢	lek4	
𢃴	lɑt4	
䶛	lɑt4	
㻝	lɑt4	
𥈙	lɑt4	
楋	lɑt4	
蝲	lɑt4	
渴	qʰɑt4	
渴	ɡˠet4	
㵣	qʰɑt4	
𤸎	qʰɑt4	
嵑	qʰɑt4	
䯋	qʰɑt4	
䯋	bɑt4	
䅥	qʰɑt4	
䅥	kˠet4	
薘	dɑt4	
嶻	dzɑt4	
嶻	dzet4	
囐	dzɑt4	
㩵	dzɑt4	
㩵	ɴɑt4	
嶭	ɴɑt4	
嶭	ɴet4	
䡾	ɴɑt4	
䡾	ŋˠet4	
枿	ɴɑt4	
𣡌	ɴɑt4	
櫱	ɴɑt4	
櫱	ŋˠet4	
𣎴	ɴɑt4	
𠱥	ɴɑt4	
𠲗	ɴɑt4	
歺	ɴɑt4	
齾	ɴɑt4	
齾	ɴat4	
葛	qɑt4	
䈓	qɑt4	
獦	qɑt4	
獦	lˠep4	
割	qɑt4	
𩢛	qɑt4	
輵	qɑt4	
𨞛	qɑt4	
𥢸	qɑt4	
㵧	qɑt4	
躠	sɑt4	
薩	sɑt4	
摋	sɑt4	
𥻦	sɑt4	
攃	sɑt4	
攃	tsʰɑt4	
𦼧	sɑt4	
𨐖	sɑt4	
䌨	tsʰɑt4	
礤	tsʰɑt4	
捺	nɑt4	
𤷈	nɑt4	
𤷈	ɳat4	
䖧	nɑt4	
末	mɑt4	
昩	mɑt4	
𩑷	mɑt4	
䴲	mɑt4	
𨣱	mɑt4	
䬴	mɑt4	
秣	mɑt4	
𥬎	mɑt4	
靺	mɑt4	
𥄕	mɑt4	
粖	mɑt4	
粖	met4	
𩱷	mɑt4	
𩱷	met4	
𥽘	mɑt4	
䱅	mɑt4	
抹	mɑt4	
妺	mɑt4	
𠇱	mɑt4	
𢗿	mɑt4	
𡊉	mɑt4	
瀎	mɑt4	
瀎	met4	
𩿣	mɑt4	
𦫕	mɑt4	
袜	mɑt4	
撥	pɑt4	
癶	pɑt4	
袚	pɑt4	
茇	pɑt4	
茇	bɑt4	
鉢	pɑt4	
盋	pɑt4	
䳊	pɑt4	
䳊	bɑt4	
鱍	pɑt4	
鱍	pʰɑt4	
䢌	pɑt4	
𩯌	pɑt4	
襏	pɑt4	
𦪑	pɑt4	
驋	pɑt4	
拶	tsɑt4	
㳨	tsɑt4	
𠛱	tsɑt4	
𠛱	lˠet4	
𨀨	tsɑt4	
㵶	tsɑt4	
㵶	tset4	
㵶	tsʲak4	
括	qwɑt4	
活	qwɑt4	
活	ʁwɑt4	
𣽅	qwɑt4	
𣽅	ʁwɑt4	
髺	qwɑt4	
聒	qwɑt4	
䒷	qwɑt4	
𦸈	qwɑt4	
鴰	qwɑt4	
鴰	qwat4	
萿	qwɑt4	
适	qwɑt4	
适	qʰwɑt4	
佸	qwɑt4	
佸	ʁwɑt4	
頢	qwɑt4	
頢	ʁwat4	
葀	qwɑt4	
䯏	qwɑt4	
懖	qwɑt4	
𦗾	qwɑt4	
筈	qwɑt4	
筈	qʰwɑt4	
闊	qʰwɑt4	
蛞	qʰwɑt4	
䟯	qʰwɑt4	
𤫵	qʰwɑt4	
䄆	ʁwɑt4	
䄆	qwat4	
秳	ʁwɑt4	
姡	ʁwɑt4	
姡	ʁwat4	
奪	dwɑt4	
𡙜	dwɑt4	
敓	dwɑt4	
脫	dwɑt4	
脫	tʰwɑt4	
挩	dwɑt4	
挩	tʰwɑt4	
莌	dwɑt4	
莌	tʰwɑt4	
痥	dwɑt4	
鮵	dwɑt4	
豁	χwɑt4	
𧯆	χwɑt4	
奯	χwɑt4	
𤃴	χwɑt4	
𣁳	χwɑt4	
𣁳	ʔwɑt4	
𣁳	ʔwat4	
眓	χwɑt4	
斡	ʔwɑt4	
焥	ʔwɑt4	
䩊	ʔwɑt4	
捾	ʔwɑt4	
𥄗	ʔwɑt4	
繓	tswɑt4	
撮	tswɑt4	
撮	tsʰwɑt4	
攥	tswɑt4	
鏺	pʰɑt4	
𢯸	pʰɑt4	
𨂩	pʰɑt4	
㧊	pʰɑt4	
䣪	pʰɑt4	
𨡩	pʰɑt4	
𣸍	pʰɑt4	
𧘟	pʰɑt4	
𦫔	pʰɑt4	
䍨	pʰɑt4	
𠷑	pʰɑt4	
侻	tʰwɑt4	
捋	lwɑt4	
𠜖	lwɑt4	
蛶	lwɑt4	
蛶	lˠwet4	
㸹	lwɑt4	
㸹	lˠwet4	
㭩	lwɑt4	
㭩	lˠwet4	
掇	twɑt4	
掇	ʈˠwet4	
剟	twɑt4	
剟	ʈˠwet4	
鵽	twɑt4	
鵽	ʈwat4	
裰	twɑt4	
敠	twɑt4	
敠	tsʲʰwet4	
跋	bɑt4	
𧺡	bɑt4	
𧺺	bɑt4	
魃	bɑt4	
𢇷	bɑt4	
䣮	bɑt4	
馛	bɑt4	
炦	bɑt4	
癹	bɑt4	
妭	bɑt4	
犮	bɑt4	
胈	bɑt4	
鈸	bɑt4	
䮂	bɑt4	
菝	bɑt4	
菝	bat4	
𩃶	bɑt4	
黠	ʁat4	
𩪲	ʁat4	
䦖	ʁat4	
䦖	ʁet4	
札	tʂat4	
𣧖	tʂat4	
𣧖	tsʲet4	
蚻	tʂat4	
紮	tʂat4	
𩿤	tʂat4	
扎	tʂat4	
𥎱	bat4	
𤫶	qʰat4	
擖	qʰat4	
擖	qat4	
擖	ɖap4	
劼	qʰat4	
𩮁	qʰat4	
𩮁	qat4	
㓞	qʰat4	
㓤	qʰat4	
硈	qʰat4	
𦸉	qʰat4	
䂒	qʰat4	
𢼣	qʰat4	
猾	ʁwat4	
䱻	ʁwat4	
磆	ʁwat4	
螖	ʁwat4	
䴳	ʁwat4	
𧽌	ʁwat4	
八	pat4	
𩡩	pat4	
朳	pat4	
捌	pat4	
㺴	pat4	
䤢	pat4	
哵	pat4	
玐	pat4	
釟	pat4	
窡	ʈwat4	
𠿡	ʈwat4	
穵	ʔwat4	
穵	ʔat4	
嗗	ʔwat4	
豽	ɳwat4	
貀	ɳwat4	
䶪	tʂʰat4	
䕓	tʂʰat4	
察	tʂʰat4	
詧	tʂʰat4	
詧	tsʰet4	
𣘤	tʂʰat4	
𩴳	tʂʰat4	
劀	qwat4	
𠟽	qwat4	
戛	qat4	
扴	qat4	
圿	qat4	
鴶	qat4	
楔	qat4	
楔	set4	
秸	qat4	
鞂	qat4	
忦	qat4	
嘎	qat4	
𠜵	qat4	
𪃈	qat4	
𪃈	qet4	
袺	qat4	
袺	qet4	
㮖	qat4	
磍	qat4	
磍	qʰat4	
頡	qat4	
頡	ʁet4	
軋	ʔat4	
圠	ʔat4	
揠	ʔat4	
嫼	ʔat4	
䝟	ʔat4	
猰	ʔat4	
猰	qat4	
猰	qʰet4	
䰲	ʔat4	
窫	ʔat4	
煞	ʂat4	
𣻑	ʂat4	
榝	ʂat4	
榝	ʂet4	
㑻	mat4	
䯦	mat4	
𪒜	mat4	
睰	mat4	
礣	mat4	
傄	χwat4	
䀨	χwat4	
痆	ɳat4	
𧞍	ɳat4	
𦤙	ɴwat4	
𦘍	ɴwat4	
𪗔	pʰat4	
𥐙	pʰat4	
𨋐	pʰat4	
鎋	ʁat4	
舝	ʁat4	
𪗾	ʁat4	
𪗾	χat4	
鶷	ʁat4	
𧕱	ʁat4	
𤪍	ʁat4	
𦵯	ʁat4	
縖	ʁat4	
𩝛	ʁat4	
𥰶	ʁat4	
𠢆	ʁat4	
𢮟	ʁat4	
𪆰	ʔat4	
䦪	ʔat4	
𡇼	ʔat4	
劜	ʔat4	
聐	ɴat4	
𩮝	ɴat4	
𡿖	ɴat4	
𡿖	ɴet4	
刹	tʂʰat4	
䓭	tʂʰat4	
𥴭	qʰat4	
趏	qʰat4	
趏	qwat4	
瞎	χat4	
𩮂	χat4	
㔠	χat4	
刮	qwat4	
𤁪	ʁwat4	
𦧠	ʁwat4	
敌	ʁwat4	
舌	ʁwat4	
舌	ʑet4	
䫄	ʈʰwat4	
𤁫	ʈʰwat4	
刷	ʂwat4	
刷	ʂwet4	
䎳	ɴwat4	
䚴	ɴwat4	
䵵	tʂʰwat4	
䵵	tʂwet4	
㔍	tʂʰwat4	
㔍	tʂʰwet4	
帓	mat4	
帕	mat4	
𤬷	ɳwat4	
袦	ɳwat4	
㭭	pat4	
㭭	pet4	
𪈟	qat4	
𨰉	dʐat4	
耫	dʐat4	
耫	dʐak4	
㳐	dʐat4	
哳	ʈat4	
𢧖	ʈat4	
𧶇	ʈat4	
𩭿	ɳat4	
揳	set4	
𨆳	set4	
榍	set4	
糏	set4	
偰	set4	
㴽	set4	
𦵱	set4	
𦞚	set4	
㨝	set4	
㗫	tsʰet4	
𪙌	tsʰet4	
竊	tsʰet4	
沏	tsʰet4	
䟙	tsʰet4	
結	qet4	
絜	qet4	
絜	ʁet4	
潔	qet4	
䥛	qet4	
鍥	qet4	
鍥	qʰet4	
桔	qet4	
𣚃	qet4	
𧾯	qet4	
魝	qet4	
𡔢	qet4	
𡔢	qʰet4	
𧍩	qet4	
節	tset4	
𢎛	tset4	
癤	tset4	
楶	tset4	
㸅	tset4	
𡴺	tset4	
𡴺	dzet4	
䲙	tset4	
幯	tset4	
𠬝	tset4	
𧞛	tset4	
血	χwet4	
𥅧	χwet4	
䆷	χwet4	
䆝	χwet4	
䦑	χwet4	
泬	χwet4	
疦	χwet4	
疦	qwet4	
瞲	χwet4	
決	χwet4	
決	qwet4	
䛎	χwet4	
䒸	χwet4	
坹	χwet4	
坹	ʁwet4	
闋	qʰwet4	
缺	qʰwet4	
缺	kʲʰwet4	
𨴒	qʰwet4	
玦	qwet4	
䀗	qwet4	
譎	qwet4	
訣	qwet4	
𧤾	qwet4	
觼	qwet4	
鐍	qwet4	
𦯊	qwet4	
芵	qwet4	
赽	qwet4	
鴂	qwet4	
鈌	qwet4	
𣬎	qwet4	
㭈	qwet4	
蚗	qwet4	
趹	qwet4	
憰	qwet4	
𧝃	qwet4	
䏐	qwet4	
抉	qwet4	
抉	ʔwet4	
穴	ʁwet4	
䋉	ʁwet4	
䆕	ʔwet4	
妜	ʔwet4	
妜	ʔʲwet4	
𥈾	ʔwet4	
䆢	ʔwet4	
昳	det4	
胅	det4	
垤	det4	
耋	det4	
迭	det4	
跌	det4	
絰	det4	
驖	det4	
驖	tʰet4	
嵽	det4	
𨳺	det4	
瓞	det4	
戜	det4	
苵	det4	
镻	det4	
𢲼	det4	
恎	det4	
𠽧	det4	
𡼄	det4	
𥑇	det4	
趃	det4	
㦅	det4	
鐵	tʰet4	
僣	tʰet4	
餮	tʰet4	
飻	tʰet4	
蛈	tʰet4	
𢶋	tʰet4	
纈	ʁet4	
擷	ʁet4	
擷	χet4	
𢴲	ʁet4	
𢴲	χet4	
頁	ʁet4	
襭	ʁet4	
𥊯	ʁet4	
𧀺	ʁet4	
𪕯	ʁet4	
𪕯	ʁek4	
翓	ʁet4	
奊	ʁet4	
籺	ʁet4	
𨵪	ʁet4	
𥢹	ʁet4	
覈	ʁet4	
覈	ʁak4	
涅	net4	
捏	net4	
𦯖	net4	
㘿	net4	
圼	net4	
篞	net4	
苶	net4	
苶	ɲet4	
苶	nep4	
𥔄	net4	
𤶚	net4	
㖏	net4	
𦛠	net4	
菍	net4	
菍	nep4	
截	dzet4	
蠞	dzet4	
䕙	dzet4	
𩟙	dzet4	
齧	ɴet4	
嵲	ɴet4	
槷	ɴet4	
臬	ɴet4	
臲	ɴet4	
陧	ɴet4	
𡴎	ɴet4	
𡴎	ŋˠet4	
闑	ɴet4	
闑	ŋˠet4	
蔑	met4	
懱	met4	
𧂝	met4	
蠛	met4	
篾	met4	
幭	met4	
鱴	met4	
𥾝	met4	
衊	met4	
䩏	met4	
𤊾	met4	
𪇴	met4	
𥣫	met4	
鴓	met4	
𥸴	met4	
𥌨	met4	
㢼	pet4	
䋢	pet4	
䋢	pʰet4	
𩋇	pet4	
𡘴	pet4	
䌘	pet4	
䘷	pet4	
㔡	pet4	
噎	ʔet4	
䊦	ʔet4	
蠮	ʔet4	
𤝱	ʔet4	
挈	qʰet4	
㼤	qʰet4	
蛪	qʰet4	
䩤	χet4	
褉	χet4	
䙽	χet4	
撆	pʰet4	
𢠳	pʰet4	
瞥	pʰet4	
瞥	pʲʰet4	
䭱	pʰet4	
䭱	bet4	
嫳	pʰet4	
䫾	pʰet4	
䫾	pˠɨk4	
鐅	pʰet4	
暼	pʰet4	
蹩	bet4	
𢱧	bet4	
𩓝	bet4	
癟	bet4	
癟	pʲʰet4	
䏟	bet4	
蛂	bet4	
𢛎	bet4	
襒	bet4	
𥉺	tet4	
𨴗	tet4	
𡇓	tet4	
𥸸	let4	
夨	let4	
夨	tʂɨk4	
薛	sʲet4	
紲	sʲet4	
緤	sʲet4	
褻	sʲet4	
辥	sʲet4	
渫	sʲet4	
渫	dʐap4	
禼	sʲet4	
𥝁	sʲet4	
媟	sʲet4	
齛	sʲet4	
𣽒	sʲet4	
暬	sʲet4	
暬	nep4	
絬	sʲet4	
疶	sʲet4	
迾	lˠet4	
蛚	lˠet4	
烈	lˠet4	
冽	lˠet4	
裂	lˠet4	
茢	lˠet4	
颲	lˠet4	
鴷	lˠet4	
㤠	lˠet4	
挒	lˠet4	
𡊻	lˠet4	
姴	lˠet4	
哲	ʈˠet4	
悊	ʈˠet4	
喆	ʈˠet4	
嚞	ʈˠet4	
蜇	ʈˠet4	
傑	ɡˠet4	
桀	ɡˠet4	
榤	ɡˠet4	
嵥	ɡˠet4	
滐	ɡˠet4	
櫭	ɡˠet4	
杰	ɡˠet4	
搩	ɡˠet4	
熱	ɲet4	
晣	tɕet4	
浙	tɕet4	
𩍕	tɕet4	
䏳	tɕet4	
揲	ʑet4	
揲	jep4	
揲	dep4	
蛥	ʑet4	
孼	ŋˠet4	
糱	ŋˠet4	
𤅊	ŋˠet4	
蠥	ŋˠet4	
㜸	ŋˠet4	
滅	mʲet4	
搣	mʲet4	
朅	kˠʰet4	
藒	kˠʰet4	
𡐤	kˠʰet4	
鼈	pʲet4	
虌	pʲet4	
𡐞	pʲet4	
憋	pʲet4	
憋	pʲʰet4	
䳤	pʲet4	
絕	dzʲwet4	
㔢	tsʲwet4	
𨼎	tsʲwet4	
雪	sʲwet4	
䨮	sʲwet4	
𤿫	ʈˠʰwet4	
悅	jwet4	
閱	jwet4	
𧀲	jwet4	
蒛	kʲʰwet4	
爇	ɲwet4	
焫	ɲwet4	
㨎	ɲwet4	
拙	tɕwet4	
䫎	tɕwet4	
䪼	tɕwet4	
𨡸	tɕwet4	
䖦	tɕwet4	
歠	tɕʰwet4	
惙	ʈˠwet4	
罬	ʈˠwet4	
罬	kˠwet4	
䟾	ʈˠwet4	
𩋁	ʈˠwet4	
叕	ʈˠwet4	
𧖀	ʈˠwet4	
劣	lˠwet4	
𢚃	lˠwet4	
埒	lˠwet4	
䟹	lˠwet4	
鋝	lˠwet4	
浖	lˠwet4	
哷	lˠwet4	
𦓤	lˠwet4	
別	bˠet4	
別	pˠet4	
𡷘	bˠet4	
轍	ɖˠet4	
徹	ɖˠet4	
徹	ʈˠʰet4	
撤	ɖˠet4	
撤	ʈˠʰet4	
澈	ɖˠet4	
㯙	ɖˠet4	
䇷	pˠet4	
𧧸	pˠet4	
莂	pˠet4	
㕞	ʂwet4	
𠴪	ʂwet4	
孑	kʲet4	
𨥂	kʲet4	
設	ɕet4	
蔎	ɕet4	
吶	ɳˠwet4	
𩖶	xʲwet4	
𣧡	xʲwet4	
烕	xʲwet4	
𦐋	xʲwet4	
吷	xʲwet4	
𧣸	kˠwet4	
䞵	kˠwet4	
𥕹	tsʲʰwet4	
𧕾	tsʲet4	
䘁	tsʲet4	
𪇲	tsʲet4	
尐	tsʲet4	
𠯙	tsʲet4	
𠱝	ʔˠet4	
屮	ʈˠʰet4	
硩	ʈˠʰet4	
硩	tʰek4	
䒆	ʈˠʰet4	
焎	xˠet4	
㿱	zʲwet4	
𧋍	zʲwet4	
𨵊	dʐet4	
藥	jɑk4	
躍	jɑk4	
礿	jɑk4	
禴	jɑk4	
蘥	jɑk4	
鑰	jɑk4	
𩱲	jɑk4	
瀹	jɑk4	
𤅢	jɑk4	
𤄶	jɑk4	
爚	jɑk4	
爚	ɕɑk4	
櫟	jɑk4	
櫟	lek4	
龠	jɑk4	
䋤	jɑk4	
𠩃	jɑk4	
敫	jɑk4	
籥	jɑk4	
𢅹	jɑk4	
𧕋	jɑk4	
纅	jɑk4	
鸙	jɑk4	
㜰	jɑk4	
㜰	ɕɑk4	
𤒀	jɑk4	
䟑	jɑk4	
㿑	jɑk4	
𨷲	jɑk4	
䠯	jɑk4	
𨈋	jɑk4	
䖃	jɑk4	
略	lˠɑk4	
䌎	lˠɑk4	
擽	lˠɑk4	
擽	lek4	
㗉	lˠɑk4	
䂮	lˠɑk4	
𧎾	lˠɑk4	
䀩	lˠɑk4	
䀩	lɑk4	
䛚	lˠɑk4	
腳	kˠɑk4	
脚	kˠɑk4	
卻	kˠɑk4	
卻	kˠʰɑk4	
屩	kˠɑk4	
灼	tɕɑk4	
斫	tɕɑk4	
彴	tɕɑk4	
勺	tɕɑk4	
勺	dʑɑk4	
酌	tɕɑk4	
焯	tɕɑk4	
妁	tɕɑk4	
妁	dʑɑk4	
謶	tɕɑk4	
𥯩	tɕɑk4	
犳	tɕɑk4	
𧘑	tɕɑk4	
禚	tɕɑk4	
爍	ɕɑk4	
鑠	ɕɑk4	
獡	ɕɑk4	
䁻	ɕɑk4	
䟏	ɕɑk4	
䟏	lek4	
弱	ɲɑk4	
鄀	ɲɑk4	
箬	ɲɑk4	
蒻	ɲɑk4	
楉	ɲɑk4	
溺	ɲɑk4	
溺	nek4	
䐞	ɲɑk4	
叒	ɲɑk4	
𨀝	ɲɑk4	
綽	tɕʰɑk4	
繛	tɕʰɑk4	
婥	tɕʰɑk4	
却	kˠʰɑk4	
𤷽	kˠʰɑk4	
虐	ŋˠɑk4	
瘧	ŋˠɑk4	
仢	dʑɑk4	
㲋	ʈˠʰɑk4	
𤟭	ʈˠʰɑk4	
辵	ʈˠʰɑk4	
蠚	ʈˠʰɑk4	
蠚	χɑk4	
削	sʲɑk4	
爵	tsʲɑk4	
𩰥	tsʲɑk4	
雀	tsʲɑk4	
㩱	tsʲɑk4	
嚼	dzʲɑk4	
鵲	tsʲʰɑk4	
舄	tsʲʰɑk4	
舄	sʲak4	
趞	tsʲʰɑk4	
碏	tsʲʰɑk4	
皵	tsʲʰɑk4	
皵	tsʲʰak4	
踖	tsʲʰɑk4	
踖	tsʲak4	
踖	dzʲak4	
䇎	tsʲʰɑk4	
䱜	tsʲʰɑk4	
䱜	tsʰɑk4	
噱	ɡˠɑk4	
𠊬	ɡˠɑk4	
𠊬	kˠʰak4	
𧍕	ɡˠɑk4	
𧍕	qʰwak4	
𧮫	ɡˠɑk4	
𠶸	ɡˠɑk4	
𠶸	kˠʰak4	
臄	ɡˠɑk4	
䐘	ɡˠɑk4	
嬳	ʔˠwɑk4	
嬳	ʔwɑk4	
𡤬	ʔˠwɑk4	
彠	ʔˠwɑk4	
彠	ʔwak4	
彠	ʁwak4	
臒	ʔˠwɑk4	
臒	ʔwɑk4	
䂄	xˠwɑk4	
矆	xˠwɑk4	
彏	xˠwɑk4	
彏	kˠwɑk4	
戄	xˠwɑk4	
戄	ɡˠwɑk4	
籰	ɰwɑk4	
𧤽	ɰwɑk4	
𧅚	ɰwɑk4	
𥸘	ɰwɑk4	
䢲	ɰwɑk4	
玃	kˠwɑk4	
貜	kˠwɑk4	
貜	ɡˠwɑk4	
𧾵	kˠwɑk4	
𧾵	ɡˠwɑk4	
钁	kˠwɑk4	
攫	kˠwɑk4	
矍	kˠwɑk4	
𡚠	kˠwɑk4	
𡚠	ɡˠwɑk4	
躩	kˠwɑk4	
躩	kˠʰwɑk4	
𪈴	kˠwɑk4	
𨏹	kˠwɑk4	
𥗁	ʈˠɑk4	
櫡	ʈˠɑk4	
鐯	ʈˠɑk4	
𣃈	ʈˠɑk4	
擆	ʈˠɑk4	
𢖦	kˠʰwɑk4	
䣤	ɡˠwɑk4	
逽	ɳˠɑk4	
𨵫	ɳˠɑk4	
蹃	ɳˠɑk4	
蹃	ɳak4	
𩅿	fʰɑk4	
謔	xˠɑk4	
鐸	dɑk4	
剫	dɑk4	
𢜬	dɑk4	
踱	dɑk4	
凙	dɑk4	
襗	dɑk4	
襗	ɖak4	
襗	jak4	
𩑒	dɑk4	
𩑒	ʈak4	
𩑒	ʈʰak4	
𧩧	dɑk4	
𩍜	dɑk4	
䐾	dɑk4	
㤞	dɑk4	
喥	dɑk4	
仛	dɑk4	
𨍏	dɑk4	
莫	mɑk4	
幕	mɑk4	
鄚	mɑk4	
鏌	mɑk4	
漠	mɑk4	
瘼	mɑk4	
寞	mɑk4	
瞙	mɑk4	
嗼	mɑk4	
嗼	mak4	
塻	mɑk4	
𣩎	mɑk4	
𢊗	mɑk4	
𡈗	mɑk4	
𠢓	mɑk4	
落	lɑk4	
絡	lɑk4	
烙	lɑk4	
洛	lɑk4	
珞	lɑk4	
酪	lɑk4	
𩂣	lɑk4	
笿	lɑk4	
硌	lɑk4	
駱	lɑk4	
𤽼	lɑk4	
𩊚	lɑk4	
㓢	lɑk4	
鉻	lɑk4	
鉻	qak4	
馲	lɑk4	
馲	tʰɑk4	
馲	ʈak4	
𩧐	lɑk4	
𩧐	tʰɑk4	
鮥	lɑk4	
䶅	lɑk4	
䶅	ʁɑk4	
雒	lɑk4	
𣛗	lɑk4	
𧭥	lɑk4	
躒	lɑk4	
躒	lek4	
鵅	lɑk4	
鵅	qak4	
𣧳	lɑk4	
𤽥	lɑk4	
挌	lɑk4	
挌	qak4	
𪇱	lɑk4	
袼	lɑk4	
袼	qɑk4	
𨏒	lɑk4	
託	tʰɑk4	
袥	tʰɑk4	
橐	tʰɑk4	
魠	tʰɑk4	
籜	tʰɑk4	
柝	tʰɑk4	
𣟄	tʰɑk4	
拓	tʰɑk4	
拓	tɕak4	
跅	tʰɑk4	
蘀	tʰɑk4	
𦚈	tʰɑk4	
侂	tʰɑk4	
飥	tʰɑk4	
魄	tʰɑk4	
魄	pʰak4	
沰	tʰɑk4	
矺	tʰɑk4	
矺	ʈak4	
矺	tɑp4	
迮	tsɑk4	
迮	tʂak4	
柞	tsɑk4	
柞	dzɑk4	
糳	tsɑk4	
㘀	tsɑk4	
㘀	tswɑk4	
逪	tsʰɑk4	
剒	tsʰɑk4	
莡	tsʰɑk4	
各	qɑk4	
閣	qɑk4	
格	qɑk4	
格	qak4	
胳	qɑk4	
恪	qʰɑk4	
㤩	qʰɑk4	
愙	qʰɑk4	
咢	ɴɑk4	
愕	ɴɑk4	
鄂	ɴɑk4	
諤	ɴɑk4	
𠟎	ɴɑk4	
𧊜	ɴɑk4	
𧍞	ɴɑk4	
遌	ɴɑk4	
萼	ɴɑk4	
鍔	ɴɑk4	
𡅡	ɴɑk4	
崿	ɴɑk4	
鶚	ɴɑk4	
鰐	ɴɑk4	
噩	ɴɑk4	
㗁	ɴɑk4	
齶	ɴɑk4	
顎	ɴɑk4	
𡾙	ɴɑk4	
鑩	ɴɑk4	
偔	ɴɑk4	
堮	ɴɑk4	
𡓐	ɴɑk4	
㮙	ɴɑk4	
湂	ɴɑk4	
𩔈	pʰɑk4	
奤	pʰɑk4	
䨰	pʰɑk4	
粕	pʰɑk4	
膊	pʰɑk4	
𦢸	pʰɑk4	
䪙	pʰɑk4	
胉	pʰɑk4	
蒪	pʰɑk4	
𥴮	pʰɑk4	
𥴮	pɑk4	
𦿍	pʰɑk4	
𦥭	pʰɑk4	
𦐦	pʰɑk4	
𢙣	ʔɑk4	
堊	ʔɑk4	
蝁	ʔɑk4	
泊	bɑk4	
亳	bɑk4	
箔	bɑk4	
薄	bɑk4	
礴	bɑk4	
𩍿	bɑk4	
鑮	bɑk4	
鑮	pɑk4	
踄	bɑk4	
𩽛	bɑk4	
䭦	bɑk4	
壑	χɑk4	
㕡	χɑk4	
郝	χɑk4	
郝	ɕak4	
郝	tɕʰak4	
矐	χɑk4	
矐	χwɑk4	
索	sɑk4	
索	ʂak4	
𢱢	sɑk4	
溹	sɑk4	
溹	ʂak4	
𩌈	sɑk4	
𦵫	sɑk4	
㮦	sɑk4	
涸	ʁɑk4	
鶴	ʁɑk4	
貈	ʁɑk4	
貉	ʁɑk4	
貉	mak4	
狢	ʁɑk4	
𠗂	ʁɑk4	
佫	ʁɑk4	
䅂	ʁɑk4	
昨	dzɑk4	
酢	dzɑk4	
莋	dzɑk4	
怍	dzɑk4	
𣫞	dzɑk4	
筰	dzɑk4	
㸲	dzɑk4	
岝	dzɑk4	
岝	dʐak4	
䣢	dzɑk4	
䣢	dzʲak4	
𦁎	dzɑk4	
𢂃	dzɑk4	
䋏	dzɑk4	
砟	dzɑk4	
葃	dzɑk4	
葃	dʐak4	
葃	dzʲak4	
鈼	dzɑk4	
博	pɑk4	
髆	pɑk4	
鎛	pɑk4	
㗘	pɑk4	
𪙍	pɑk4	
簙	pɑk4	
䗚	pɑk4	
猼	pɑk4	
䍸	pɑk4	
欂	pɑk4	
欂	bˠak4	
欂	bak4	
䶈	pɑk4	
餺	pɑk4	
䙏	pɑk4	
諾	nɑk4	
霍	χwɑk4	
霩	χwɑk4	
䁨	χwɑk4	
藿	χwɑk4	
彉	χwɑk4	
彉	qwɑk4	
彍	χwɑk4	
彍	qwɑk4	
攉	χwɑk4	
瀖	χwɑk4	
劐	χwɑk4	
癨	χwɑk4	
郭	qwɑk4	
𩫏	qwɑk4	
𨟍	qwɑk4	
崞	qwɑk4	
椁	qwɑk4	
槨	qwɑk4	
𦘅	qwɑk4	
雘	ʔwɑk4	
蠖	ʔwɑk4	
𩟓	ʔwɑk4	
鸌	ʔwɑk4	
穫	ʁwɑk4	
鑊	ʁwɑk4	
㦜	ʁwɑk4	
𤐰	ʁwɑk4	
䨥	ʁwɑk4	
䨥	tɕak4	
𤻙	ʁwɑk4	
𢋒	ʁwɑk4	
廓	qʰwɑk4	
鞹	qʰwɑk4	
漷	qʰwɑk4	
漷	χwak4	
𠠎	qʰwɑk4	
𠠎	qʰwak4	
籗	qʰwɑk4	
瓁	ɴwɑk4	
硦	lwɑk4	
陌	mak4	
帞	mak4	
袹	mak4	
𡠜	mak4	
𡖶	mak4	
貘	mak4	
蛨	mak4	
貊	mak4	
佰	mak4	
驀	mak4	
㹮	mak4	
𩢷	mak4	
洦	mak4	
洦	pʰak4	
𢫦	mak4	
𧻙	mak4	
𧻙	pʰak4	
銆	mak4	
磔	ʈak4	
虴	ʈak4	
舴	ʈak4	
舴	tʂak4	
𤜤	ʈak4	
𪄱	ʈak4	
𪄱	tek4	
𪐏	ʈak4	
𪐏	ʈˠak4	
嫡	ʈak4	
嫡	tek4	
𥧮	ʈak4	
杔	ʈak4	
白	bak4	
帛	bak4	
舶	bak4	
鮊	bak4	
𦰬	bak4	
伯	pak4	
迫	pak4	
敀	pak4	
敀	pʰak4	
百	pak4	
柏	pak4	
湐	pak4	
𦯉	pak4	
㼟	pak4	
劇	ɡˠak4	
屐	ɡˠak4	
𨍺	ɡˠak4	
谻	ɡˠak4	
谻	kˠak4	
𢜭	ɡˠak4	
𢜭	kˠak4	
㘌	ɡˠak4	
戟	kˠak4	
撠	kˠak4	
𦻝	kˠak4	
𤜾	kˠak4	
丮	kˠak4	
𩯋	kˠak4	
𡩡	ʂak4	
䞽	ʂak4	
𥻨	ʂak4	
䜺	tʂʰak4	
嚄	ʁwak4	
𡄴	ʁwak4	
嘖	tʂak4	
嘖	dʐak4	
窄	tʂak4	
蚱	tʂak4	
齚	dʐak4	
泎	dʐak4	
隙	kˠʰak4	
郤	kˠʰak4	
綌	kˠʰak4	
𧯈	kˠʰak4	
𡭴	kˠʰak4	
額	ɴak4	
頟	ɴak4	
䱮	ɴak4	
峉	ɴak4	
詻	ɴak4	
䩹	ɴak4	
逆	ŋˠak4	
屰	ŋˠak4	
縌	ŋˠak4	
㘙	ŋˠak4	
𥿬	ŋˠak4	
𠱘	ŋˠak4	
客	qʰak4	
喀	qʰak4	
礊	qʰak4	
礊	χwak4	
揢	qʰak4	
𩚬	ʔak4	
虩	xˠak4	
虩	ʂak4	
坼	ʈʰak4	
㿭	ʈʰak4	
𤖴	ʈʰak4	
𩎚	ʈʰak4	
䪝	ʔwak4	
拍	pʰak4	
珀	pʰak4	
𤖼	pʰak4	
赫	χak4	
爀	χak4	
𢅰	χak4	
𥋿	χak4	
垎	ʁak4	
䞦	ʁak4	
楁	ʁak4	
𨍇	ʁak4	
𢓜	qak4	
茖	qak4	
骼	qak4	
觡	qak4	
𩹺	qak4	
㦴	qak4	
蛒	qak4	
𪌣	qak4	
𢼛	qak4	
𢼛	qwak4	
𩹿	qak4	
謋	χwak4	
諕	χwak4	
砉	χwak4	
砉	χwek4	
𦒧	χwak4	
湱	χwak4	
硅	χwak4	
𢝇	χwak4	
宅	ɖak4	
㡯	ɖak4	
擇	ɖak4	
澤	ɖak4	
𪀥	ɖak4	
翟	ɖak4	
翟	dek4	
䕪	ɖak4	
檡	ɖak4	
檡	ɕak4	
鸅	ɖak4	
𩏪	ɖak4	
蠌	ɖak4	
𤂥	ɖak4	
虢	qwak4	
㶁	qwak4	
𧭣	qwak4	
㠛	ʔwak4	
𣝍	bˠak4	
麥	mak4	
𧖴	mak4	
脉	mak4	
衇	mak4	
霢	mak4	
眽	mak4	
覛	mak4	
覛	mek4	
𧡒	mak4	
獲	ʁwak4	
嫿	ʁwak4	
劃	ʁwak4	
劃	χwak4	
㗲	ʁwak4	
咟	ʁwak4	
蟈	qwak4	
馘	qwak4	
聝	qwak4	
膕	qwak4	
𩪐	qwak4	
摑	qwak4	
漍	qwak4	
𢹖	qwak4	
䂸	qwak4	
嘓	qwak4	
䬎	qwak4	
𧖻	qwak4	
檗	pak4	
擘	pak4	
𤖟	pak4	
糪	pak4	
糪	pʰak4	
䌟	bak4	
繴	bak4	
繴	pek4	
𦌠	bak4	
賾	dʐak4	
鰿	dʐak4	
鰿	tsʲak4	
㣱	dʐak4	
矠	dʐak4	
矠	tʂʰak4	
責	tʂak4	
𩔳	tʂak4	
簀	tʂak4	
幘	tʂak4	
謮	tʂak4	
𧐐	tʂak4	
𧐐	tsʲak4	
𦟜	tʂak4	
嫧	tʂak4	
嫧	tʂʰak4	
嫧	tsʲʰak4	
䞰	dʐwak4	
䟄	dʐwak4	
䟄	tsʲʰak4	
策	tʂʰak4	
冊	tʂʰak4	
笧	tʂʰak4	
䶦	tʂʰak4	
筴	tʂʰak4	
筴	qep4	
筴	qap4	
𣌧	tʂʰak4	
憡	tʂʰak4	
皟	tʂʰak4	
㥽	tʂʰak4	
𧶷	tʂʰak4	
拺	tʂʰak4	
拺	ʂak4	
𩱘	qʰak4	
䙐	qʰak4	
緙	qʰak4	
諽	qʰak4	
諽	qak4	
剨	χwak4	
𦑌	χwak4	
𦑌	xˠwɨk4	
㦎	χwak4	
捇	χwak4	
掝	χwak4	
㖪	χwak4	
䐸	χwak4	
焃	χwak4	
㩇	χwak4	
㩇	ʁwak4	
𢄶	χwak4	
𨐶	χwak4	
𥊮	χwak4	
𤷇	χwak4	
𤷇	xˠwɨk4	
䦝	χwak4	
𤁹	χwak4	
䬉	χwak4	
𠜻	χwak4	
䃒	ʁak4	
翮	ʁak4	
㮝	ʁak4	
核	ʁak4	
𤈧	ʁak4	
滆	ʁak4	
蒚	ʁak4	
蒚	lek4	
隔	qak4	
膈	qak4	
搹	qak4	
鬲	qak4	
鬲	lek4	
槅	qak4	
革	qak4	
𥴩	qak4	
𢡍	qak4	
䪂	qak4	
𧈑	qak4	
䨣	qak4	
𥉅	qak4	
𦑜	qak4	
嗝	qak4	
摘	ʈak4	
摘	tʰek4	
謫	ʈak4	
讁	ʈak4	
𤟍	ʈak4	
棏	ʈak4	
棏	dɨk4	
𡇠	ʈak4	
䊞	ʈak4	
厇	ʈak4	
戹	ʔak4	
厄	ʔak4	
搤	ʔak4	
㧖	ʔak4	
軶	ʔak4	
豟	ʔak4	
𪕶	ʔak4	
𪕶	ʔʲak4	
貖	ʔak4	
蚅	ʔak4	
𧠞	ʔak4	
栜	ʂak4	
𣽤	ʂak4	
㾊	ʂak4	
䨛	ʂak4	
擌	ʂak4	
𩊯	ʂak4	
𢶉	pʰak4	
虉	ɴak4	
虉	ɴek4	
㣂	ɴak4	
𥖪	lak4	
𢷾	ʂwak4	
𧾛	ɡˠwak4	
䭆	ɳak4	
昔	sʲak4	
𦠡	sʲak4	
腊	sʲak4	
惜	sʲak4	
潟	sʲak4	
磶	sʲak4	
𩍆	sʲak4	
蕮	sʲak4	
鬄	sʲak4	
䯜	sʲak4	
䯜	tʰek4	
𩾼	sʲak4	
焟	sʲak4	
棤	sʲak4	
脊	tsʲak4	
蹐	tsʲak4	
迹	tsʲak4	
跡	tsʲak4	
𨒪	tsʲak4	
𪃹	tsʲak4	
𪃹	tsʲɨk4	
𩺀	tsʲak4	
鯽	tsʲak4	
鯽	tsʲɨk4	
蹟	tsʲak4	
襀	tsʲak4	
庴	tsʲak4	
庴	dzʲak4	
益	ʔʲak4	
嗌	ʔʲak4	
𨜶	ʔʲak4	
膉	ʔʲak4	
𦶩	ʔʲak4	
繹	jak4	
睪	jak4	
睪	ɳˠep4	
亦	jak4	
弈	jak4	
奕	jak4	
帟	jak4	
譯	jak4	
懌	jak4	
驛	jak4	
嶧	jak4	
醳	jak4	
腋	jak4	
掖	jak4	
䘸	jak4	
䘸	tɕak4	
液	jak4	
痬	jak4	
蜴	jak4	
埸	jak4	
圛	jak4	
墿	jak4	
焲	jak4	
𥜃	jak4	
㴒	jak4	
燡	jak4	
𦔥	jak4	
𦔥	ɕak4	
𡱿	jak4	
㘁	jak4	
𤑹	jak4	
𠓋	jak4	
釋	ɕak4	
𥼶	ɕak4	
適	ɕak4	
適	tɕak4	
適	tek4	
奭	ɕak4	
睗	ɕak4	
晹	ɕak4	
𡣪	ɕak4	
螫	ɕak4	
𩮜	ɕak4	
𩮜	tʰek4	
冟	ɕak4	
䁺	ɕak4	
襫	ɕak4	
尺	tɕʰak4	
赤	tɕʰak4	
烾	tɕʰak4	
蚇	tɕʰak4	
㡿	tɕʰak4	
𠧚	tɕʰak4	
𠧵	tɕʰak4	
石	dʑak4	
碩	dʑak4	
祏	dʑak4	
鉐	dʑak4	
䄷	dʑak4	
鼫	dʑak4	
䲽	dʑak4	
隻	tɕak4	
墌	tɕak4	
摭	tɕak4	
蹠	tɕak4	
跖	tɕak4	
䞠	tɕak4	
𠪮	tɕak4	
擲	ɖˠak4	
擿	ɖˠak4	
䵂	ɖˠak4	
䵂	dek4	
躑	ɖˠak4	
蹢	ɖˠak4	
蹢	tek4	
𧓸	ɖˠak4	
磧	tsʲʰak4	
𧻕	tsʲʰak4	
洓	tsʲʰak4	
𧙞	tsʲʰak4	
席	zʲak4	
夕	zʲak4	
穸	zʲak4	
汐	zʲak4	
𨛳	zʲak4	
蓆	zʲak4	
籍	dzʲak4	
𨆮	dzʲak4	
耤	dzʲak4	
塉	dzʲak4	
瘠	dzʲak4	
猎	dzʲak4	
膌	dzʲak4	
擗	bʲak4	
躄	bʲak4	
躄	pʲak4	
闢	bʲak4	
辟	bʲak4	
辟	pʲak4	
辟	pʲʰak4	
㱸	bʲak4	
㱸	bek4	
𩪧	bʲak4	
萆	bʲak4	
𣮐	bʲak4	
役	jwak4	
疫	jwak4	
𩷍	jwak4	
垼	jwak4	
炈	jwak4	
𪁛	jwak4	
鈠	jwak4	
𩂹	jwak4	
豛	jwak4	
𧈻	jwak4	
瞁	xʲwak4	
瞁	χwek4	
𥆛	xʲwak4	
𥆛	χwek4	
璧	pʲak4	
鐴	pʲak4	
𣦢	pʲak4	
襞	pʲak4	
𨐨	pʲak4	
僻	pʲʰak4	
僻	pʰek4	
癖	pʲʰak4	
癖	pʰek4	
廦	pʲʰak4	
廦	pek4	
碧	pˠak4	
彳	ʈˠʰak4	
𤭏	ʈˠʰak4	
𦳮	tɕwak4	
𢔠	xʲwak4	
錫	sek4	
析	sek4	
㭊	sek4	
裼	sek4	
皙	sek4	
緆	sek4	
𪎥	sek4	
蜥	sek4	
淅	sek4	
惁	sek4	
𧊸	sek4	
㱤	sek4	
擊	qek4	
墼	qek4	
𦼷	qek4	
𡫀	qek4	
霹	pʰek4	
劈	pʰek4	
澼	pʰek4	
憵	pʰek4	
䤨	pʰek4	
靂	lek4	
䟐	lek4	
癧	lek4	
鎘	lek4	
䥶	lek4	
礫	lek4	
瓅	lek4	
秝	lek4	
櫪	lek4	
䍽	lek4	
𩽏	lek4	
歷	lek4	
曆	lek4	
藶	lek4	
瀝	lek4	
磿	lek4	
㽁	lek4	
皪	lek4	
𥌮	lek4	
䍥	lek4	
𪙽	lek4	
𤩚	lek4	
厤	lek4	
攊	lek4	
䮥	lek4	
𧙉	lek4	
䤙	lek4	
𡳸	lek4	
𦠓	lek4	
𨢌	lek4	
㔏	lek4	
𪅼	lek4	
𥽗	lek4	
蚸	lek4	
的	tek4	
甋	tek4	
靮	tek4	
鏑	tek4	
馰	tek4	
滴	tek4	
玓	tek4	
樀	tek4	
樀	dek4	
𦉹	tek4	
𥕐	tek4	
𥐝	tek4	
𣂉	tek4	
啇	tek4	
魡	tek4	
檄	ʁek4	
覡	ʁek4	
薂	ʁek4	
椺	ʁek4	
鷁	ɴek4	
鶂	ɴek4	
艗	ɴek4	
𠩫	ɴek4	
荻	dek4	
狄	dek4	
敵	dek4	
籊	dek4	
籊	tʰek4	
迪	dek4	
覿	dek4	
𧠫	dek4	
笛	dek4	
糴	dek4	
籴	dek4	
滌	dek4	
蔋	dek4	
𩷎	dek4	
頔	dek4	
梑	dek4	
䊮	dek4	
䨤	dek4	
㹍	dek4	
㣙	dek4	
逖	tʰek4	
逷	tʰek4	
倜	tʰek4	
趯	tʰek4	
䢰	tʰek4	
剔	tʰek4	
𠜓	tʰek4	
惕	tʰek4	
踢	tʰek4	
䚐	tʰek4	
䚐	dzek4	
𤈥	tʰek4	
蓨	tʰek4	
悐	tʰek4	
𢞒	tʰek4	
𢞒	qʰek4	
𥉈	tʰek4	
績	tsek4	
勣	tsek4	
樍	tsek4	
𪄸	tsek4	
𣪠	qʰek4	
喫	qʰek4	
𠿊	qʰek4	
𥍰	qʰek4	
惄	nek4	
𧖷	nek4	
愵	nek4	
寂	dzek4	
𡧘	dzek4	
𡧯	dzek4	
覓	mek4	
幎	mek4	
幦	mek4	
𧜀	mek4	
䮭	mek4	
糸	mek4	
鼏	mek4	
羃	mek4	
漞	mek4	
冂	mek4	
䖑	mek4	
𧱻	mek4	
䌐	mek4	
𪒄	mek4	
䈿	mek4	
濗	mek4	
𧐎	mek4	
塓	mek4	
甓	bek4	
鷿	bek4	
壁	pek4	
鼊	pek4	
𧲜	pek4	
闃	qʰwek4	
䠐	qʰwek4	
郹	qwek4	
狊	qwek4	
狊	χwek4	
鶪	qwek4	
湨	qwek4	
鼳	qwek4	
犑	qwek4	
𠋬	qwek4	
戚	tsʰek4	
慼	tsʰek4	
𧒕	tsʰek4	
鼜	tsʰek4	
鏚	tsʰek4	
𪒑	tsʰek4	
𧠪	tsʰek4	
慽	tsʰek4	
𧐶	tsʰek4	
𦸗	tsʰek4	
磩	tsʰek4	
赥	χek4	
鬩	χek4	
𥍠	χek4	
𤄎	χek4	
𧨃	χek4	
䈪	χek4	
㤸	χek4	
𣣉	χek4	
㦦	χek4	
𥍟	χwek4	
殈	χwek4	
𣤩	tʰek4	
𥛚	tʰek4	
職	tɕɨk4	
軄	tɕɨk4	
戠	tɕɨk4	
膱	tɕɨk4	
蟙	tɕɨk4	
𧄕	tɕɨk4	
䐈	tɕɨk4	
䐈	ɖˠɨk4	
樴	tɕɨk4	
樴	dɨk4	
直	ɖˠɨk4	
犆	ɖˠɨk4	
𡸜	ɖˠɨk4	
力	lˠɨk4	
朸	lˠɨk4	
朸	lɨk4	
屴	lˠɨk4	
仂	lˠɨk4	
仂	lɨk4	
鳨	lˠɨk4	
𠢠	lˠɨk4	
𣲒	lˠɨk4	
𡯄	lˠɨk4	
𧲡	lˠɨk4	
敕	ʈˠʰɨk4	
勅	ʈˠʰɨk4	
飭	ʈˠʰɨk4	
淔	ʈˠʰɨk4	
趩	ʈˠʰɨk4	
栻	ʈˠʰɨk4	
侙	ʈˠʰɨk4	
𪀦	ʈˠʰɨk4	
鷘	ʈˠʰɨk4	
恜	ʈˠʰɨk4	
慗	ʈˠʰɨk4	
遫	ʈˠʰɨk4	
㽚	ʈˠʰɨk4	
陟	ʈˠɨk4	
稙	ʈˠɨk4	
蝕	ʑɨk4	
息	sʲɨk4	
㮩	sʲɨk4	
鄎	sʲɨk4	
瘜	sʲɨk4	
蒠	sʲɨk4	
熄	sʲɨk4	
𦞜	sʲɨk4	
䭒	sʲɨk4	
㴧	sʲɨk4	
𥰝	sʲɨk4	
𪄛	sʲɨk4	
寔	dʑɨk4	
湜	dʑɨk4	
殖	dʑɨk4	
遈	dʑɨk4	
式	ɕɨk4	
拭	ɕɨk4	
𢂑	ɕɨk4	
軾	ɕɨk4	
飾	ɕɨk4	
𥿮	ɕɨk4	
鉽	ɕɨk4	
烒	ɕɨk4	
𧄹	ɕɨk4	
赩	xˠɨk4	
衋	xˠɨk4	
䵱	xˠɨk4	
𥈜	xˠɨk4	
𢤋	xˠɨk4	
崱	dʐɨk4	
𡸦	dʐɨk4	
溭	dʐɨk4	
萴	dʐɨk4	
萴	tʂɨk4	
極	ɡˠɨk4	
匿	ɳˠɨk4	
𧈟	ɳˠɨk4	
𧏾	ɳˠɨk4	
𩺱	ɳˠɨk4	
測	tʂʰɨk4	
惻	tʂʰɨk4	
畟	tʂʰɨk4	
畟	tsʲɨk4	
𦔎	tʂʰɨk4	
𡍫	tʂʰɨk4	
䔴	tʂʰɨk4	
憶	ʔˠɨk4	
億	ʔˠɨk4	
臆	ʔˠɨk4	
肊	ʔˠɨk4	
𠶷	ʔˠɨk4	
繶	ʔˠɨk4	
澺	ʔˠɨk4	
薏	ʔˠɨk4	
𦺳	ʔˠɨk4	
䗷	ʔˠɨk4	
𩍖	ʔˠɨk4	
檍	ʔˠɨk4	
𣚍	ʔˠɨk4	
癔	ʔˠɨk4	
抑	ʔˠɨk4	
𡊁	ʔˠɨk4	
色	ʂɨk4	
嗇	ʂɨk4	
𩍙	ʂɨk4	
穡	ʂɨk4	
轖	ʂɨk4	
繬	ʂɨk4	
濇	ʂɨk4	
濇	ʂip4	
䉢	ʂɨk4	
𧒗	ʂɨk4	
懎	ʂɨk4	
𩕡	ʂɨk4	
𠢳	ʂɨk4	
䩯	kˠʰɨk4	
殛	kˠɨk4	
㥛	kˠɨk4	
襋	kˠɨk4	
棘	kˠɨk4	
㻷	kˠɨk4	
蕀	kˠɨk4	
茍	kˠɨk4	
𧩦	kˠɨk4	
弋	jɨk4	
翊	jɨk4	
翌	jɨk4	
黓	jɨk4	
翼	jɨk4	
𩙺	jɨk4	
𦏵	jɨk4	
隿	jɨk4	
𧃟	jɨk4	
㚤	jɨk4	
杙	jɨk4	
芅	jɨk4	
㔴	jɨk4	
𧾰	jɨk4	
𨙒	jɨk4	
𥡪	jɨk4	
蛡	jɨk4	
𤬩	jɨk4	
𢖺	jɨk4	
瀷	jɨk4	
瀷	tɕʰɨk4	
𢎀	jɨk4	
𠥦	jɨk4	
熼	jɨk4	
釴	jɨk4	
𤼌	jɨk4	
𧑌	jɨk4	
𦔜	jɨk4	
䄩	jɨk4	
𢓀	jɨk4	
䘝	jɨk4	
䣧	jɨk4	
即	tsʲɨk4	
卽	tsʲɨk4	
稷	tsʲɨk4	
㮨	tsʲɨk4	
㹄	tsʲɨk4	
𨂢	tsʲɨk4	
𤠎	tsʲɨk4	
䐚	tsʲɨk4	
逼	pˠɨk4	
皕	pˠɨk4	
䮠	pˠɨk4	
湢	pˠɨk4	
㘠	pˠɨk4	
域	ɰwɨk4	
蜮	ɰwɨk4	
蜮	ʁwɨk4	
罭	ɰwɨk4	
棫	ɰwɨk4	
㚜	ɰwɨk4	
𪂉	ɰwɨk4	
𦈸	ɰwɨk4	
琙	ɰwɨk4	
緎	ɰwɨk4	
緎	xˠwɨk4	
䮙	ɰwɨk4	
魊	ɰwɨk4	
魊	ʁwɨk4	
淢	ɰwɨk4	
淢	xˠwɨk4	
𦱂	ɰwɨk4	
洫	xˠwɨk4	
䦗	xˠwɨk4	
閾	xˠwɨk4	
𨵨	xˠwɨk4	
𠷾	xˠwɨk4	
𧹭	xˠwɨk4	
堛	pˠʰɨk4	
愊	pˠʰɨk4	
𤗚	pˠʰɨk4	
𤗚	bˠɨk4	
𩜰	pˠʰɨk4	
揊	pˠʰɨk4	
稫	pˠʰɨk4	
䦼	pˠʰɨk4	
𢾇	pˠʰɨk4	
㽬	pˠʰɨk4	
疈	pˠʰɨk4	
稄	tʂɨk4	
𥟔	tʂɨk4	
𣅔	tʂɨk4	
𢯩	tʂɨk4	
𢯩	dzʲɨk4	
仄	tʂɨk4	
昃	tʂɨk4	
㳁	tʂɨk4	
側	tʂɨk4	
𠨮	tʂɨk4	
愎	bˠɨk4	
腷	bˠɨk4	
𤐧	bˠɨk4	
𥻅	bˠɨk4	
𡮞	ʈˠɨk4	
𣮊	ʈˠɨk4	
𢕚	ʈˠɨk4	
䁇	mˠɨk4	
䁇	mɨk4	
𦔫	tɕʰɨk4	
德	tɨk4	
惪	tɨk4	
𢛳	tɨk4	
得	tɨk4	
淂	tɨk4	
𨁽	tɨk4	
𣌏	tɨk4	
𠮊	tɨk4	
則	tsɨk4	
𠟻	tsɨk4	
𠟭	tsɨk4	
勒	lɨk4	
肋	lɨk4	
扐	lɨk4	
艻	lɨk4	
𤨕	lɨk4	
玏	lɨk4	
泐	lɨk4	
㔹	lɨk4	
阞	lɨk4	
竻	lɨk4	
忒	tʰɨk4	
㧹	tʰɨk4	
慝	tʰɨk4	
貣	tʰɨk4	
貣	dɨk4	
𥊸	tʰɨk4	
㥂	tʰɨk4	
刻	qʰɨk4	
克	qʰɨk4	
剋	qʰɨk4	
勀	qʰɨk4	
𡞢	qʰɨk4	
特	dɨk4	
𧈩	dɨk4	
𧎢	dɨk4	
𤙰	dɨk4	
鴏	dɨk4	
黑	χɨk4	
潶	χɨk4	
㱄	χɨk4	
墨	mɨk4	
默	mɨk4	
䘃	mɨk4	
纆	mɨk4	
𢄏	mɨk4	
𡣫	mɨk4	
䁿	mɨk4	
𤲰	mɨk4	
賊	dzɨk4	
𧵪	dzɨk4	
鱡	dzɨk4	
鰂	dzɨk4	
蠈	dzɨk4	
𦽒	dzɨk4	
𡫼	sɨk4	
㥶	sɨk4	
𢥛	sɨk4	
北	pɨk4	
𧉥	pɨk4	
蔔	bɨk4	
僰	bɨk4	
𠣵	bɨk4	
垘	bɨk4	
䵗	bɨk4	
𧟱	bɨk4	
𢫯	bɨk4	
或	ʁwɨk4	
惑	ʁwɨk4	
𡿿	ʁwɨk4	
國	qwɨk4	
餩	ʔɨk4	
䘅	nɨk4	
䎪	nɨk4	
裓	qɨk4	
𢧧	qɨk4	
墄	tsʰɨk4	
𧕡	pʰɨk4	
𠣾	pʰɨk4	
𢃤	χwɨk4	
𥇙	χwɨk4	
緝	tsʲʰip4	
葺	tsʲʰip4	
葺	tsʲip4	
諿	tsʲʰip4	
𧚨	tsʲʰip4	
𧚨	tsʲip4	
𪔪	tsʲʰip4	
咠	tsʲʰip4	
咠	tsʲip4	
十	dʑip4	
什	dʑip4	
拾	dʑip4	
褶	dʑip4	
褶	zʲip4	
褶	dep4	
執	tɕip4	
汁	tɕip4	
瓡	tɕip4	
慹	tɕip4	
慹	dzʲip4	
慹	tɕep4	
慹	nep4	
習	zʲip4	
襲	zʲip4	
隰	zʲip4	
鰼	zʲip4	
騽	zʲip4	
騽	ɰip4	
飁	zʲip4	
槢	zʲip4	
𪄶	zʲip4	
𦸚	zʲip4	
䒁	zʲip4	
霫	zʲip4	
霫	sʲip4	
集	dzʲip4	
輯	dzʲip4	
檝	dzʲip4	
檝	tsʲep4	
亼	dzʲip4	
𠦫	dzʲip4	
𦺴	dzʲip4	
鏶	dzʲip4	
鏶	tsʲʰep4	
箿	dzʲip4	
入	ɲip4	
廿	ɲip4	
揖	ʔʲip4	
挹	ʔʲip4	
溼	ɕip4	
濕	ɕip4	
濕	tʰɑp4	
䏉	ɕip4	
㗱	tsʲip4	
潗	tsʲip4	
䌖	tsʲip4	
䌖	dzʲep4	
湒	tsʲip4	
蓻	tsʲip4	
䁒	tsʲip4	
𥠋	tsʲip4	
㠍	tsʲip4	
及	ɡˠip4	
𨕤	ɡˠip4	
𦶍	ɡˠip4	
苙	ɡˠip4	
苙	lˠip4	
䲯	ɡˠip4	
笈	ɡˠip4	
笈	ɡˠep4	
笈	tʂʰap4	
笈	ɡˠəp4	
㧀	ɡˠip4	
蟄	ɖˠip4	
䐲	ɖˠip4	
俋	ɖˠip4	
㙷	ɖˠip4	
㙷	ɖˠep4	
㞏	ɖˠip4	
譶	ɖˠip4	
譶	dɑp4	
縶	ʈˠip4	
馽	ʈˠip4	
𡁉	ʈˠip4	
立	lˠip4	
䶘	lˠip4	
䶘	lɑp4	
粒	lˠip4	
笠	lˠip4	
鴗	lˠip4	
岦	lˠip4	
砬	lˠip4	
急	kˠip4	
汲	kˠip4	
給	kˠip4	
伋	kˠip4	
級	kˠip4	
芨	kˠip4	
𦳌	kˠip4	
㽺	kˠip4	
㽺	χɑp4	
彶	kˠip4	
𪀐	kˠip4	
𪀐	bˠip4	
𪀐	ɡˠep4	
岌	ŋˠip4	
㱞	ŋˠip4	
泣	kˠʰip4	
㬤	kˠʰip4	
湆	kˠʰip4	
𩎕	sʲip4	
𩎕	sɑp4	
卌	sʲip4	
𧿅	sʲip4	
㗩	sʲip4	
歰	ʂip4	
澀	ʂip4	
澁	ʂip4	
鈒	ʂip4	
鈒	sɑp4	
雭	ʂip4	
㒊	ʂip4	
翜	ʂip4	
翜	ʂap4	
吸	xˠip4	
噏	xˠip4	
歙	xˠip4	
歙	ɕep4	
翕	xˠip4	
𧬈	xˠip4	
潝	xˠip4	
熻	xˠip4	
嬆	xˠip4	
翖	xˠip4	
𨝫	xˠip4	
闟	xˠip4	
𪅲	xˠip4	
戢	tʂip4	
𥊬	tʂip4	
𧤏	tʂip4	
𧥄	tʂip4	
㗊	tʂip4	
蕺	tʂip4	
濈	tʂip4	
𠿠	tʂip4	
霵	tʂip4	
霵	dʐip4	
邑	ʔˠip4	
悒	ʔˠip4	
唈	ʔˠip4	
唈	ʔɑp4	
裛	ʔˠip4	
裛	ʔˠep4	
裛	ʔˠəp4	
浥	ʔˠip4	
浥	ʔap4	
浥	ʔˠəp4	
䓃	ʔˠip4	
䭂	ʔˠip4	
𦶂	ʔˠip4	
湁	ʈˠʰip4	
雴	ʈˠʰip4	
漐	ʈˠʰip4	
曄	ɰip4	
曄	ɰep4	
熠	ɰip4	
熠	jip4	
㵫	ɳˠip4	
𣲷	ɳˠip4	
㘝	ɳˠip4	
㘝	ɳap4	
𦮾	ɳˠip4	
鵖	pˠip4	
鵖	kˠep4	
㞚	tʂʰip4	
㞚	tʂap4	
㞚	ʂap4	
𡍪	tʂʰip4	
䙄	tʂʰip4	
䙄	tʂap4	
𢕬	tʂʰip4	
𢕬	sɑp4	
卙	tɕʰip4	
合	ʁɑp4	
合	qɑp4	
郃	ʁɑp4	
郃	qɑp4	
榙	ʁɑp4	
䢔	ʁɑp4	
㭘	ʁɑp4	
㭘	qɑp4	
㭘	ɡˠep4	
㭘	ɡˠəp4	
詥	ʁɑp4	
耠	ʁɑp4	
𡇶	ʁɑp4	
𪘁	ʁɑp4	
𪘁	tʰɑp4	
𦳬	ʁɑp4	
盒	ʁɑp4	
閤	qɑp4	
鴿	qɑp4	
敆	qɑp4	
鉿	qɑp4	
鮯	qɑp4	
蛤	qɑp4	
匌	qɑp4	
匌	qʰɑp4	
佮	qɑp4	
佮	tʰɑp4	
佮	ʔɑp4	
𣭝	qɑp4	
㠷	qɑp4	
鞈	qɑp4	
鞈	qap4	
韐	qɑp4	
韐	qap4	
𢂷	qɑp4	
𢂷	qap4	
答	tɑp4	
畣	tɑp4	
𨅞	tɑp4	
撘	tɑp4	
荅	tɑp4	
褡	tɑp4	
㜓	tɑp4	
㾑	tɑp4	
㾑	χɑp4	
㾑	ɴɑp4	
嗒	tɑp4	
嗒	tʰɑp4	
𤝰	tɑp4	
㿯	tɑp4	
㯚	tɑp4	
趿	sɑp4	
颯	sɑp4	
靸	sɑp4	
馺	sɑp4	
霅	sɑp4	
霅	tɕep4	
霅	ʁap4	
霅	ɖap4	
卅	sɑp4	
㚫	sɑp4	
𣬬	sɑp4	
沓	dɑp4	
誻	dɑp4	
遝	dɑp4	
㧺	dɑp4	
㭼	dɑp4	
㭼	tʰɑp4	
涾	dɑp4	
𩣯	dɑp4	
龖	dɑp4	
𠉤	dɑp4	
𣝋	dɑp4	
蹹	dɑp4	
䂿	dɑp4	
䜚	dɑp4	
𦂀	dɑp4	
𦾽	dɑp4	
𧌏	dɑp4	
眔	dɑp4	
錔	tʰɑp4	
嚃	tʰɑp4	
䓠	tʰɑp4	
䓠	tɑp4	
㛥	tʰɑp4	
踏	tʰɑp4	
𢃕	tʰɑp4	
鞜	tʰɑp4	
𦑇	tʰɑp4	
漯	tʰɑp4	
㹺	tʰɑp4	
𦧟	tʰɑp4	
䶀	tʰɑp4	
䶀	qʰɑp4	
䵬	tʰɑp4	
𨌭	tʰɑp4	
䍝	tʰɑp4	
濌	tʰɑp4	
𪂌	tʰɑp4	
䈋	tʰɑp4	
雜	dzɑp4	
韴	dzɑp4	
磼	dzɑp4	
雥	dzɑp4	
䕹	dzɑp4	
䕹	dzep4	
帀	tsɑp4	
迊	tsɑp4	
𠯗	tsɑp4	
魳	tsɑp4	
嘁	tsɑp4	
沞	tsɑp4	
䞙	tsɑp4	
拉	lɑp4	
搚	lɑp4	
㩉	lɑp4	
㩉	tɑp4	
摺	lɑp4	
摺	tɕep4	
𦒆	lɑp4	
磖	lɑp4	
𪇹	lɑp4	
菈	lɑp4	
𣤊	lɑp4	
㕇	lɑp4	
𤛊	lɑp4	
納	nɑp4	
䪏	nɑp4	
蒳	nɑp4	
軜	nɑp4	
衲	nɑp4	
魶	nɑp4	
㨥	nɑp4	
𣩄	qʰɑp4	
厒	qʰɑp4	
䆟	qʰɑp4	
姶	ʔɑp4	
𤸱	ʔɑp4	
㔩	ʔɑp4	
𨂁	ʔɑp4	
𨂁	ʔap4	
𩋊	ʔɑp4	
𩋊	ʔˠəp4	
𩇠	ʔɑp4	
搕	ʔɑp4	
鞥	ʔɑp4	
欱	χɑp4	
欱	χap4	
𣣹	χɑp4	
礏	ɴɑp4	
哈	ɴɑp4	
𡀾	ɴɑp4	
砐	ɴɑp4	
礘	ɴɑp4	
䑥	ɴɑp4	
魥	ɴɑp4	
魥	kˠʰəp4	
遪	tsʰɑp4	
盍	ʁɑp4	
闔	ʁɑp4	
𨶩	ʁɑp4	
嗑	ʁɑp4	
嗑	qɑp4	
篕	ʁɑp4	
熆	ʁɑp4	
臘	lɑp4	
臈	lɑp4	
𪙷	lɑp4	
鑞	lɑp4	
蠟	lɑp4	
䗶	lɑp4	
擸	lɑp4	
擸	lˠep4	
𥀰	lɑp4	
𦒦	lɑp4	
𦅶	lɑp4	
邋	lɑp4	
邋	lˠep4	
㿴	tɑp4	
耷	tɑp4	
搨	tɑp4	
𠞈	tɑp4	
笚	tɑp4	
笚	ʁap4	
𩝣	tɑp4	
䪚	tɑp4	
榻	tʰɑp4	
㯓	tʰɑp4	
𦪙	tʰɑp4	
毾	tʰɑp4	
鰈	tʰɑp4	
鰨	tʰɑp4	
𦶑	tʰɑp4	
狧	tʰɑp4	
𦧭	tʰɑp4	
𧪦	tʰɑp4	
𦐇	tʰɑp4	
鞳	tʰɑp4	
塔	tʰɑp4	
搭	tʰɑp4	
遢	tʰɑp4	
𩥑	tʰɑp4	
𩵢	χɑp4	
笝	nɑp4	
𩚛	nɑp4	
蹋	dɑp4	
躢	dɑp4	
闒	dɑp4	
𤒻	dɑp4	
𧮑	dɑp4	
譫	dɑp4	
譫	tɕep4	
䍇	dɑp4	
䳴	dɑp4	
䈳	dɑp4	
𦑲	dɑp4	
𠎷	sɑp4	
𠿓	sɑp4	
𢶍	sɑp4	
𢶍	dzɑp4	
𨆂	sɑp4	
𩐅	sɑp4	
𥋙	ɴɑp4	
䪞	dzɑp4	
䫦	qɑp4	
閘	qɑp4	
閘	ʔap4	
鉀	qɑp4	
鉀	qap4	
䗘	qɑp4	
榼	qʰɑp4	
𧛾	qʰɑp4	
㕎	qʰɑp4	
𨍰	qʰɑp4	
鰪	ʔɑp4	
廅	ʔɑp4	
囃	tsʰɑp4	
𥗭	tsʰɑp4	
䵽	tsʰɑp4	
砝	qɑp4	
砝	kˠəp4	
𪁍	qɑp4	
葉	jep4	
葉	ɕep4	
楪	jep4	
鍱	jep4	
偞	jep4	
偞	χep4	
枼	jep4	
㯿	jep4	
㯿	lˠep4	
煠	jep4	
煠	ʈˠʰep4	
煠	dʐap4	
䈎	jep4	
䈎	ʈˠʰep4	
殜	jep4	
殜	ɖˠep4	
殜	jəp4	
接	tsʲep4	
椄	tsʲep4	
睫	tsʲep4	
䀹	tsʲep4	
楫	tsʲep4	
婕	tsʲep4	
菨	tsʲep4	
𣶏	tsʲep4	
鯜	tsʲep4	
鯜	tsʲʰep4	
䈉	tsʲep4	
䈉	ʂap4	
攝	ɕep4	
攝	nep4	
灄	ɕep4	
欇	ɕep4	
欇	dʑep4	
𥍉	ɕep4	
弽	ɕep4	
弽	χep4	
韘	ɕep4	
韘	sep4	
涉	dʑep4	
涉	tep4	
𣻣	dʑep4	
䤮	dʑep4	
獵	lˠep4	
鬣	lˠep4	
㲱	lˠep4	
躐	lˠep4	
䁽	lˠep4	
𣋲	lˠep4	
儠	lˠep4	
犣	lˠep4	
䪉	lˠep4	
㼲	lˠep4	
㼲	lep4	
䉭	lˠep4	
鱲	lˠep4	
𡂏	lˠep4	
𥪂	lˠep4	
𠠗	lˠep4	
䜲	lˠep4	
䃳	lˠep4	
巤	lˠep4	
捷	dzʲep4	
疌	dzʲep4	
倢	dzʲep4	
崨	dzʲep4	
踕	dzʲep4	
誱	dzʲep4	
䐑	ɖˠep4	
㪑	ʔˠep4	
㪑	ʔˠəp4	
𦀖	ʔˠep4	
𦀖	kˠep4	
𦀖	kˠəp4	
聶	ɳˠep4	
躡	ɳˠep4	
鑷	ɳˠep4	
𤴘	ɳˠep4	
㚔	ɳˠep4	
帇	ɳˠep4	
𩣘	ɳˠep4	
籋	ɳˠep4	
籋	nep4	
䌜	ɳˠep4	
𣌍	ɳˠep4	
㸎	ɳˠep4	
踂	ɳˠep4	
𥬬	ɳˠep4	
䳖	ɳˠep4	
𣀳	ɳˠep4	
謵	tɕʰep4	
𣠞	tɕʰep4	
𣠞	tɕep4	
䧪	tɕʰep4	
喢	tɕʰep4	
喢	ʂep4	
喢	tʂʰap4	
喢	ʂap4	
㤴	tɕʰep4	
㤴	ʈˠʰep4	
㳧	tɕʰep4	
𦛖	tɕʰep4	
讘	ɲep4	
顳	ɲep4	
喦	ɲep4	
囁	ɲep4	
囁	tɕep4	
𦣀	ɲep4	
讋	tɕep4	
懾	tɕep4	
慴	tɕep4	
慴	dep4	
䜆	tɕep4	
謺	tɕep4	
襵	tɕep4	
襵	ʈˠep4	
䝕	tɕep4	
妾	tsʲʰep4	
緁	tsʲʰep4	
䌌	tsʲʰep4	
𠟪	tsʲʰep4	
𠟪	ŋˠəp4	
淁	tsʲʰep4	
𣠺	tsʲʰep4	
穕	tsʲʰep4	
踥	tsʲʰep4	
鍤	ʈˠʰep4	
鍤	tʂʰap4	
𩂻	ʈˠʰep4	
𥯥	ʈˠʰep4	
衱	ɡˠep4	
衱	kˠəp4	
极	ɡˠep4	
极	ɡˠəp4	
輒	ʈˠep4	
𦯍	ʈˠep4	
𢬴	ʈˠep4	
𢬴	tep4	
鮿	ʈˠep4	
㭯	ʈˠep4	
曅	ɰep4	
饁	ɰep4	
燁	ɰep4	
爗	ɰep4	
皣	ɰep4	
瞱	ɰep4	
𤷾	kˠʰep4	
萐	ʂep4	
萐	ʂap4	
箑	ʂep4	
箑	dʐap4	
箑	ʂap4	
歃	ʂep4	
歃	ʂap4	
霎	ʂep4	
霎	ʂap4	
㰼	ʂep4	
靨	ʔʲep4	
𣚕	ʔʲep4	
怗	tʰep4	
帖	tʰep4	
𪔧	tʰep4	
䩞	tʰep4	
䩞	tep4	
貼	tʰep4	
跕	tʰep4	
跕	tep4	
蝶	tʰep4	
蝶	dep4	
䑜	tʰep4	
呫	tʰep4	
協	ʁep4	
叶	ʁep4	
勰	ʁep4	
綊	ʁep4	
挾	ʁep4	
俠	ʁep4	
𠗉	ʁep4	
𠗉	tsep4	
𠗉	ʁap4	
劦	ʁep4	
𤙒	ʁep4	
𢂐	ʁep4	
頰	qep4	
𩠣	qep4	
鋏	qep4	
梜	qep4	
梜	qap4	
莢	qep4	
蛺	qep4	
唊	qep4	
𥞵	qep4	
愜	qʰep4	
㥦	qʰep4	
悏	qʰep4	
㾜	qʰep4	
匧	qʰep4	
篋	qʰep4	
㤲	qʰep4	
牒	dep4	
喋	dep4	
喋	tep4	
喋	ɖap4	
蹀	dep4	
諜	dep4	
堞	dep4	
𨈈	dep4	
氎	dep4	
𣯉	dep4	
褺	dep4	
曡	dep4	
疊	dep4	
䥡	dep4	
䠟	dep4	
㥈	dep4	
𥷕	dep4	
牃	dep4	
褋	dep4	
惵	dep4	
𨐁	dep4	
𠗨	dep4	
𠗨	ɖap4	
䴑	dep4	
㩹	dep4	
𪑧	dep4	
𪑧	lep4	
䁋	dep4	
䁋	χep4	
𤗨	dep4	
𩐭	nep4	
捻	nep4	
錜	nep4	
敜	nep4	
㘨	nep4	
𩋏	nep4	
燮	sep4	
屧	sep4	
屟	sep4	
躞	sep4	
𤫉	sep4	
𤏻	sep4	
鞢	sep4	
徢	sep4	
𦔼	sep4	
𤗈	sep4	
蜨	sep4	
𧕊	sep4	
䕈	sep4	
𡞘	sep4	
𦩌	sep4	
𡂩	lep4	
𦖩	lep4	
聑	tep4	
𠲷	tep4	
笘	tep4	
㑙	tep4	
𨓊	tep4	
浹	tsep4	
㼪	tsep4	
䢡	sep4	
洽	ʁap4	
䨐	ʁap4	
狹	ʁap4	
陜	ʁap4	
陿	ʁap4	
祫	ʁap4	
峽	ʁap4	
硤	ʁap4	
𢈙	ʁap4	
𪘘	ʁap4	
𤲍	ʁap4	
烚	ʁap4	
珨	ʁap4	
䞩	ʁap4	
恰	qʰap4	
掐	qʰap4	
䁍	qʰap4	
㓣	qʰap4	
䶢	qʰap4	
䶢	qap4	
帢	qʰap4	
𠕣	qʰap4	
𢂿	qʰap4	
㡊	qʰap4	
𣁴	qʰap4	
䮢	dʐap4	
牐	dʐap4	
𧼰	dʐap4	
夾	qap4	
郟	qap4	
跲	qap4	
跲	kˠəp4	
跲	ɡˠəp4	
袷	qap4	
袷	kˠəp4	
裌	qap4	
䀫	qap4	
餄	qap4	
㿓	qap4	
鵊	qap4	
䩡	qap4	
眨	tʂap4	
偛	tʂap4	
𥀈	tʂap4	
䛽	tʂap4	
插	tʂʰap4	
臿	tʂʰap4	
疀	tʂʰap4	
扱	tʂʰap4	
㛼	tʂʰap4	
㷅	tʂʰap4	
𤜯	tʂʰap4	
𡤙	ɳap4	
㗙	ɳap4	
䶎	χap4	
㰰	χap4	
敮	χap4	
𧳛	ʂap4	
劄	ʈap4	
𠍹	ʈap4	
𧉫	ʈap4	
凹	ʔap4	
圔	ʔap4	
𥃐	ʈʰap4	
狎	ʁap4	
翈	ʁap4	
柙	ʁap4	
匣	ʁap4	
𧆥	ʁap4	
𦾏	ʁap4	
𢘉	ʁap4	
炠	ʁap4	
𤁳	ɖap4	
𧃹	ɖap4	
鴨	ʔap4	
壓	ʔap4	
庘	ʔap4	
䆘	ʔap4	
押	ʔap4	
押	qap4	
甲	qap4	
胛	qap4	
𥑐	qap4	
玾	qap4	
𨒇	qap4	
𠩘	qap4	
𩌍	qap4	
翣	ʂap4	
𧲌	ʂap4	
帹	ʂap4	
䬊	ʂap4	
𧻵	ʂap4	
呷	χap4	
䛅	χap4	
𣢗	χap4	
業	ŋˠəp4	
㸣	ŋˠəp4	
鄴	ŋˠəp4	
驜	ŋˠəp4	
嶪	ŋˠəp4	
䧨	ŋˠəp4	
㗼	ŋˠəp4	
𠄅	ŋˠəp4	
𩑃	ŋˠəp4	
䲜	ŋˠəp4	
𢢜	ŋˠəp4	
𩼋	ŋˠəp4	
鸈	ŋˠəp4	
澲	ŋˠəp4	
𣣲	xˠəp4	
𣢩	xˠəp4	
愶	xˠəp4	
㢵	xˠəp4	
嗋	xˠəp4	
熁	xˠəp4	
𣹩	xˠəp4	
拹	xˠəp4	
怯	kˠʰəp4	
㹤	kˠʰəp4	
𠩂	kˠʰəp4	
㾀	kˠʰəp4	
𤴼	kˠʰəp4	
劫	kˠəp4	
蜐	kˠəp4	
鉣	kˠəp4	
䀷	kˠəp4	
䱒	ʔˠəp4	
䎨	ʔˠəp4	
殗	ʔˠəp4	
㡋	ʔˠəp4	
䤶	ʔˠəp4	
𦤡	ʔˠəp4	
餣	ʔˠəp4	
䁆	ʔˠəp4	
𩐱	jəp4	
昅	ɡˠəp4	
乏	vəp4	
法	fəp4	
灋	fəp4	
𥎰	fʰəp4	
䎎	ɳˠəp4	
𣹵	ɳˠəp4	
𡷝	ɳˠəp4	
𦑣	ʈˠʰəp4	
