#漢字	音標	解釋
東	tuŋ1	
菄	tuŋ1	
鶇	tuŋ1	
䍶	tuŋ1	
䍶	dɻʰin1	
䍶	tuŋ3	
𠍀	tuŋ1	
倲	tuŋ1	
𩜍	tuŋ1	
𢘐	tuŋ1	
涷	tuŋ1	
涷	tuŋ3	
蝀	tuŋ1	
蝀	tuŋ2	
凍	tuŋ1	
凍	tuŋ3	
鯟	tuŋ1	
𢔅	tuŋ1	
崠	tuŋ1	
埬	tuŋ1	
𧓕	tuŋ1	
䰤	tuŋ1	
同	dʰuŋ1	
仝	dʰuŋ1	
童	dʰuŋ1	
僮	dʰuŋ1	
銅	dʰuŋ1	
桐	dʰuŋ1	
峒	dʰuŋ1	
峒	duŋ3	
硐	dʰuŋ1	
硐	duŋ3	
𦨴	dʰuŋ1	
𧱁	dʰuŋ1	
筒	dʰuŋ1	
筒	duŋ3	
瞳	dʰuŋ1	
㼧	dʰuŋ1	
𤭁	dʰuŋ1	
罿	dʰuŋ1	
罿	tʂʰywŋ1	
犝	dʰuŋ1	
筩	dʰuŋ1	
潼	dʰuŋ1	
潼	tʂʰywŋ1	
曈	dʰuŋ1	
曈	tʰuŋ1	
曈	tʰuŋ2	
洞	dʰuŋ1	
洞	duŋ3	
侗	dʰuŋ1	
侗	tʰuŋ1	
侗	tʰuŋ2	
橦	dʰuŋ1	
橦	tʂywŋ1	
橦	dɻʰwaŋ1	
烔	dʰuŋ1	
䴀	dʰuŋ1	
挏	dʰuŋ1	
挏	duŋ3	
酮	dʰuŋ1	
酮	duŋ3	
鮦	dʰuŋ1	
鮦	dɻywŋ3	
鮦	dɻiw3	
㼿	dʰuŋ1	
㼿	tʂywŋ3	
𦏆	dʰuŋ1	
𦍻	dʰuŋ1	
眮	dʰuŋ1	
眮	duŋ3	
蕫	dʰuŋ1	
蕫	tuŋ2	
穜	dʰuŋ1	
穜	dɻʰywŋ1	
衕	dʰuŋ1	
衕	duŋ3	
𩍅	dʰuŋ1	
𢈉	dʰuŋ1	
䆚	dʰuŋ1	
哃	dʰuŋ1	
𢏕	dʰuŋ1	
絧	dʰuŋ1	
絧	duŋ3	
𨚯	dʰuŋ1	
𨝯	dʰuŋ1	
𪔜	dʰuŋ1	
𩦶	dʰuŋ1	
𪒿	dʰuŋ1	
中	tɻiwŋ1	
中	tɻiwŋ3	
衷	tɻiwŋ1	
衷	tɻiwŋ3	
忠	tɻiwŋ1	
𦬕	tɻiwŋ1	
𦬕	dɻʰiwŋ1	
蟲	dɻʰiwŋ1	
蟲	dɻiwŋ3	
沖	dɻʰiwŋ1	
种	dɻʰiwŋ1	
盅	dɻʰiwŋ1	
盅	tɻʰiwŋ1	
爞	dɻʰiwŋ1	
爞	dʰuŋ1	
翀	dɻʰiwŋ1	
終	tʂiwŋ1	
眾	tʂiwŋ1	
眾	tʂiwŋ3	
潀	tʂiwŋ1	
潀	dzʰuŋ1	
𣧩	tʂiwŋ1	
螽	tʂiwŋ1	
𧑄	tʂiwŋ1	
鼨	tʂiwŋ1	
蔠	tʂiwŋ1	
柊	tʂiwŋ1	
𩅧	tʂiwŋ1	
䶱	tʂiwŋ1	
䶱	dʰuŋ1	
鴤	tʂiwŋ1	
鴤	tuŋ1	
䈺	tʂiwŋ1	
泈	tʂiwŋ1	
䝦	tʂiwŋ1	
忡	tɻʰiwŋ1	
浺	tɻʰiwŋ1	
崇	dʐʰuŋ1	
崈	dʐʰuŋ1	
㓽	dʐʰuŋ1	
㓽	dʐuŋ3	
𩞉	dʐʰuŋ1	
嵩	siwŋ1	
崧	siwŋ1	
𪀚	siwŋ1	
娀	siwŋ1	
菘	siwŋ1	
硹	siwŋ1	
㣝	siwŋ1	
𧊕	siwŋ1	
䯷	siwŋ1	
戎	ɻiwŋ1	
𢦦	ɻiwŋ1	
茙	ɻiwŋ1	
㭜	ɻiwŋ1	
駥	ɻiwŋ1	
𥬪	ɻiwŋ1	
𠈋	ɻiwŋ1	
狨	ɻiwŋ1	
絨	ɻiwŋ1	
弓	kiwŋ1	
躳	kiwŋ1	
躬	kiwŋ1	
㴦	kiwŋ1	
宮	kiwŋ1	
匑	kiwŋ1	
匑	kʰiwŋ1	
融	jiwŋ1	
肜	jiwŋ1	
瀜	jiwŋ1	
雄	ɣiwŋ1	
熊	ɣiwŋ1	
瞢	muŋ1	
瞢	mujŋ1	
瞢	muŋ3	
夢	muŋ1	
夢	muŋ3	
鄸	muŋ1	
鄸	muŋ3	
懜	muŋ1	
懜	mujŋ3	
𦫰	muŋ1	
𧲎	muŋ1	
穹	kʰiwŋ1	
𢞏	kʰiwŋ1	
焪	kʰiwŋ1	
焪	kʰiwŋ3	
芎	kʰiwŋ1	
𦵡	kʰiwŋ1	
𥳎	kʰiwŋ1	
𥳎	ɡʰywŋ1	
𥳎	kʰywŋ1	
窮	ɡʰiwŋ1	
藭	ɡʰiwŋ1	
𥨪	ɡʰiwŋ1	
馮	vuŋ1	
馮	bʰiŋ1	
堸	vuŋ1	
汎	vuŋ1	
汎	fam3	
芃	vuŋ1	
芃	bʰuŋ1	
𨝭	vuŋ1	
渢	vuŋ1	
梵	vuŋ1	
梵	vam3	
風	fuŋ1	
風	fuŋ3	
飌	fuŋ1	
楓	fuŋ1	
猦	fuŋ1	
偑	fuŋ1	
檒	fuŋ1	
𧆉	fuŋ1	
豐	fuŋ1	
酆	fuŋ1	
蘴	fuŋ1	
灃	fuŋ1	
寷	fuŋ1	
麷	fuŋ1	
麷	fuŋ3	
㒥	fuŋ1	
㠦	fuŋ1	
充	tʂʰiwŋ1	
珫	tʂʰiwŋ1	
茺	tʂʰiwŋ1	
㤝	tʂʰiwŋ1	
䘪	tʂʰiwŋ1	
𪎽	tʂʰiwŋ1	
𪎽	tʰuŋ3	
㳘	tʂʰiwŋ1	
隆	liwŋ1	
癃	liwŋ1	
𪔳	liwŋ1	
窿	liwŋ1	
霳	liwŋ1	
㚅	liwŋ1	
空	kʰuŋ1	
空	kʰuŋ3	
箜	kʰuŋ1	
崆	kʰuŋ1	
崆	kʰaŋ1	
椌	kʰuŋ1	
椌	kʰaŋ1	
硿	kʰuŋ1	
䅝	kʰuŋ1	
悾	kʰuŋ1	
悾	kʰaŋ1	
悾	kʰuŋ3	
埪	kʰuŋ1	
倥	kʰuŋ1	
倥	kʰuŋ2	
倥	kʰuŋ3	
涳	kʰuŋ1	
涳	nwaŋ1	
涳	kʰaŋ1	
鵼	kʰuŋ1	
𦱇	kʰuŋ1	
𢃐	kʰuŋ1	
𧌆	kʰuŋ1	
公	kuŋ1	
功	kuŋ1	
工	kuŋ1	
疘	kuŋ1	
蚣	kuŋ1	
蚣	tʂywŋ1	
玒	kuŋ1	
玒	kaŋ1	
釭	kuŋ1	
釭	kaŋ1	
魟	kuŋ1	
魟	ɣuŋ1	
魟	xuŋ1	
攻	kuŋ1	
㓚	kuŋ1	
愩	kuŋ1	
碽	kuŋ1	
篢	kuŋ1	
蒙	muŋ1	
冡	muŋ1	
濛	muŋ1	
濛	ˀmuŋ2	
𩦺	muŋ1	
艨	muŋ1	
艨	muŋ3	
䑃	muŋ1	
䑃	ˀmuŋ2	
矇	muŋ1	
饛	muŋ1	
䰒	muŋ1	
檬	muŋ1	
𨢊	muŋ1	
䴿	muŋ1	
𨣘	muŋ1	
鸏	muŋ1	
鸏	ˀmuŋ2	
幪	muŋ1	
罞	muŋ1	
罞	maw1	
𢄐	muŋ1	
𢄐	muŋ3	
髳	muŋ1	
蠓	muŋ1	
蠓	ˀmuŋ2	
𦿏	muŋ1	
雺	muŋ1	
雺	mɨw1	
雺	muŋ3	
雺	mɨw3	
霿	muŋ1	
霿	muŋ3	
霚	muŋ1	
霚	ʋu3	
朦	muŋ1	
䀄	muŋ1	
靀	muŋ1	
籠	luŋ1	
籠	lywŋ1	
籠	ˀluŋ2	
豅	luŋ1	
㰍	luŋ1	
朧	luŋ1	
𡃡	luŋ1	
龓	luŋ1	
龓	ˀluŋ2	
䪊	luŋ1	
瀧	luŋ1	
瀧	lwaŋ1	
瀧	ʂwaŋ1	
聾	luŋ1	
𨏠	luŋ1	
礱	luŋ1	
礱	luŋ3	
䆍	luŋ1	
𪚗	luŋ1	
嚨	luŋ1	
蘢	luŋ1	
蘢	lywŋ1	
櫳	luŋ1	
𤮨	luŋ1	
巃	luŋ1	
巃	ˀluŋ2	
襱	luŋ1	
襱	ˀluŋ2	
襱	dɻywŋ3	
𧙥	luŋ1	
瓏	luŋ1	
曨	luŋ1	
曨	ˀluŋ2	
鸗	luŋ1	
鸗	lywŋ1	
𩟭	luŋ1	
蠪	luŋ1	
㟅	luŋ1	
㟅	ŋuŋ1	
㟅	ŋaŋ1	
屸	luŋ1	
洪	ɣuŋ1	
鉷	ɣuŋ1	
訌	ɣuŋ1	
紅	ɣuŋ1	
虹	ɣuŋ1	
虹	kuŋ3	
虹	kaŋ3	
仜	ɣuŋ1	
鴻	ɣuŋ1	
鴻	ɣuŋ3	
葒	ɣuŋ1	
葓	ɣuŋ1	
谼	ɣuŋ1	
䉺	ɣuŋ1	
烘	ɣuŋ1	
烘	xuŋ1	
烘	ɣuŋ3	
烘	xuŋ3	
洚	ɣuŋ1	
洚	ɣaŋ1	
洚	kaŋ3	
渱	ɣuŋ1	
𨹁	ɣuŋ1	
𨹁	kuŋ3	
䧆	ɣuŋ1	
䪦	ɣuŋ1	
𦏺	ɣuŋ1	
䫹	ɣuŋ1	
䂫	ɣuŋ1	
𨾊	ɣuŋ1	
叢	dzʰuŋ1	
藂	dzʰuŋ1	
䕺	dzʰuŋ1	
𥵫	dzʰuŋ1	
翁	ʔuŋ1	
螉	ʔuŋ1	
䱵	ʔuŋ1	
蓊	ʔuŋ1	
蓊	ʔuŋ2	
䈵	ʔuŋ1	
䈵	ʔuŋ2	
䩺	ʔuŋ1	
㮬	ʔuŋ1	
𩔚	ʔuŋ1	
悤	tsʰuŋ1	
忩	tsʰuŋ1	
蔥	tsʰuŋ1	
樬	tsʰuŋ1	
䡯	tsʰuŋ1	
聰	tsʰuŋ1	
𦇎	tsʰuŋ1	
璁	tsʰuŋ1	
驄	tsʰuŋ1	
蟌	tsʰuŋ1	
囪	tsʰuŋ1	
囪	tʂʰwaŋ1	
𨣼	tsʰuŋ1	
鏓	tsʰuŋ1	
熜	tsʰuŋ1	
熜	tsuŋ2	
𢊕	tsʰuŋ1	
𢊕	tsuŋ2	
通	tʰuŋ1	
蓪	tʰuŋ1	
恫	tʰuŋ1	
恫	duŋ3	
痌	tʰuŋ1	
俑	tʰuŋ1	
俑	ˀjywŋ2	
𧳆	tʰuŋ1	
𨀜	tʰuŋ1	
葼	tsuŋ1	
鬷	tsuŋ1	
鬷	tsuŋ2	
嵕	tsuŋ1	
猣	tsuŋ1	
猣	tsuŋ2	
豵	tsuŋ1	
豵	tsywŋ1	
鯼	tsuŋ1	
鯼	tsuŋ3	
椶	tsuŋ1	
騣	tsuŋ1	
𩮰	tsuŋ1	
𩮰	tsuŋ2	
䗥	tsuŋ1	
䗥	tsʰywŋ1	
嵸	tsuŋ1	
嵸	tsuŋ2	
艐	tsuŋ1	
艐	kaj3	
艐	kʰʌ3	
蝬	tsuŋ1	
堫	tsuŋ1	
堫	tʂʰwaŋ1	
𥓻	tsuŋ1	
翪	tsuŋ1	
翪	tsuŋ2	
緵	tsuŋ1	
緵	tsuŋ3	
㚇	tsuŋ1	
㚇	tsuŋ3	
㣭	tsuŋ1	
稯	tsuŋ1	
鬉	tsuŋ1	
蓬	bʰuŋ1	
𥭗	bʰuŋ1	
篷	bʰuŋ1	
髼	bʰuŋ1	
蜂	bʰuŋ1	
蜂	fuŋ1	
𧚋	bʰuŋ1	
韸	bʰuŋ1	
䮾	bʰuŋ1	
䮾	lwaŋ1	
𩖛	bʰuŋ1	
𩖛	bʰiw1	
叿	xuŋ1	
谾	xuŋ1	
谾	xaŋ1	
𩐠	xuŋ1	
𩗄	xuŋ1	
𣞷	suŋ1	
𣞷	suŋ2	
𢤄	suŋ1	
㬝	suŋ1	
冬	tuŋ1	
𠔙	tuŋ1	
苳	tuŋ1	
笗	tuŋ1	
𩂓	tuŋ1	
𧲴	tuŋ1	
彤	dʰuŋ1	
疼	dʰuŋ1	
佟	dʰuŋ1	
炵	dʰuŋ1	
炵	tʰuŋ1	
䳋	dʰuŋ1	
鼕	dʰuŋ1	
𢥞	dʰuŋ1	
𢾮	dʰuŋ1	
㤏	dʰuŋ1	
痋	dʰuŋ1	
䂈	dʰuŋ1	
鉵	dʰuŋ1	
𧹝	dʰuŋ1	
浵	dʰuŋ1	
𠩁	dʰuŋ1	
鉖	dʰuŋ1	
𨜳	dʰuŋ1	
㠽	dʰuŋ1	
赨	dʰuŋ1	
賨	dzʰuŋ1	
琮	dzʰuŋ1	
悰	dzʰuŋ1	
淙	dzʰuŋ1	
淙	dʐʰwaŋ1	
淙	ʂwaŋ3	
慒	dzʰuŋ1	
慒	ziw1	
鬃	dzʰuŋ1	
鬃	dʐʰwaŋ1	
㼻	dzʰuŋ1	
㼻	dʐʰwaŋ1	
孮	dzʰuŋ1	
誴	dzʰuŋ1	
𢃏	dzʰuŋ1	
農	nuŋ1	
䢉	nuŋ1	
辳	nuŋ1	
𨑋	nuŋ1	
𩟊	nuŋ1	
𩟊	nwaŋ1	
噥	nuŋ1	
噥	nwaŋ1	
𩅽	nuŋ1	
憹	nuŋ1	
㺜	nuŋ1	
㺜	naw1	
㺜	nɑw1	
儂	nuŋ1	
𧗕	nuŋ1	
膿	nuŋ1	
䃔	ɣuŋ1	
䃔	ɣuŋ3	
㗢	ɣuŋ1	
㗢	duŋ3	
㗢	ɣuŋ3	
𩘎	ɣuŋ1	
䃧	luŋ1	
𪔢	luŋ1	
𣫣	luŋ1	
宗	tsuŋ1	
倧	tsuŋ1	
鬆	suŋ1	
鬆	sywŋ1	
鬆	tsʰywŋ1	
鬆	suŋ3	
䯳	suŋ1	
鍾	tʂywŋ1	
鐘	tʂywŋ1	
忪	tʂywŋ1	
䇗	tʂywŋ1	
蹱	tʂywŋ1	
蹱	tɻʰywŋ1	
蹱	tɻʰywŋ3	
彸	tʂywŋ1	
衳	tʂywŋ1	
伀	tʂywŋ1	
籦	tʂywŋ1	
妐	tʂywŋ1	
㕬	tʂywŋ1	
𧢸	tʂywŋ1	
𧢸	kaŋ1	
炂	tʂywŋ1	
𦬘	tʂywŋ1	
𨳗	tʂywŋ1	
鈆	tʂywŋ1	
鈆	jɥɛn1	
龍	lywŋ1	
𪚝	lywŋ1	
躘	lywŋ1	
躘	lywŋ3	
驡	lywŋ1	
驡	tsɑŋ2	
𪚠	lywŋ1	
𦪽	lywŋ1	
舂	ʂywŋ1	
𧐍	ʂywŋ1	
摏	ʂywŋ1	
蹖	ʂywŋ1	
𪄻	ʂywŋ1	
憃	ʂywŋ1	
憃	tɻʰwaŋ1	
憃	tɻʰywŋ3	
松	zywŋ1	
㮤	zywŋ1	
凇	zywŋ1	
凇	sywŋ1	
凇	suŋ3	
訟	zywŋ1	
訟	zywŋ3	
𧘂	tʂʰywŋ1	
衝	tʂʰywŋ1	
憧	tʂʰywŋ1	
憧	dɻwaŋ3	
䡴	tʂʰywŋ1	
䡴	dɻwaŋ3	
艟	tʂʰywŋ1	
艟	dɻwaŋ3	
褈	tʂʰywŋ1	
褈	dɻʰywŋ1	
𠟍	tʂʰywŋ1	
𠝤	tʂʰywŋ1	
䂌	tʂʰywŋ1	
容	jywŋ1	
溶	jywŋ1	
溶	ˀjywŋ2	
滽	jywŋ1	
庸	jywŋ1	
𦤘	jywŋ1	
𧴄	jywŋ1	
㺎	jywŋ1	
𤛑	jywŋ1	
墉	jywŋ1	
鎔	jywŋ1	
鏞	jywŋ1	
銿	jywŋ1	
鄘	jywŋ1	
傭	jywŋ1	
傭	tɻʰywŋ1	
𪅟	jywŋ1	
㼸	jywŋ1	
𤮇	jywŋ1	
鱅	jywŋ1	
鱅	dʐʰywŋ1	
蓉	jywŋ1	
䗤	jywŋ1	
傛	jywŋ1	
傛	ˀjywŋ2	
褣	jywŋ1	
搈	jywŋ1	
瑢	jywŋ1	
䈶	jywŋ1	
嵱	jywŋ1	
頌	jywŋ1	
頌	zywŋ3	
㝐	jywŋ1	
䡆	jywŋ1	
㟾	jywŋ1	
𨲟	jywŋ1	
𪃾	jywŋ1	
槦	jywŋ1	
㣑	jywŋ1	
𢧳	jywŋ1	
封	fuŋ1	
封	fuŋ3	
𡉚	fuŋ1	
犎	fuŋ1	
葑	fuŋ1	
葑	fuŋ3	
崶	fuŋ1	
胷	xywŋ1	
凶	xywŋ1	
𣧑	xywŋ1	
銎	xywŋ1	
銎	kʰywŋ1	
洶	xywŋ1	
洶	xywŋ2	
恟	xywŋ1	
𧧗	xywŋ1	
兇	xywŋ1	
兇	xywŋ2	
訩	xywŋ1	
匈	xywŋ1	
顒	ŋywŋ1	
𩤛	ŋywŋ1	
鰅	ŋywŋ1	
鰅	ŋɥu1	
喁	ŋywŋ1	
邕	ʔywŋ1	
雍	ʔywŋ1	
雍	ʔywŋ3	
噰	ʔywŋ1	
嗈	ʔywŋ1	
郺	ʔywŋ1	
郺	ʔuŋ2	
澭	ʔywŋ1	
灉	ʔywŋ1	
灉	ʔywŋ3	
癰	ʔywŋ1	
罋	ʔywŋ1	
罋	ʔuŋ3	
廱	ʔywŋ1	
饔	ʔywŋ1	
壅	ʔywŋ1	
壅	ʔywŋ2	
壅	ʔywŋ3	
雝	ʔywŋ1	
𪄉	ʔywŋ1	
㻾	ʔywŋ1	
𧴗	ʔywŋ1	
醲	nywŋ1	
𨑊	nywŋ1	
𨑊	ˀnuŋ2	
濃	nywŋ1	
襛	nywŋ1	
襛	ɻywŋ1	
穠	nywŋ1	
穠	ɻywŋ1	
檂	nywŋ1	
𪒬	nywŋ1	
𨲳	nywŋ1	
重	dɻʰywŋ1	
重	dɻywŋ3	
緟	dɻʰywŋ1	
緟	dɻywŋ3	
䳯	dɻʰywŋ1	
蝩	dɻʰywŋ1	
從	dzʰywŋ1	
從	tsʰywŋ1	
從	dzywŋ3	
从	dzʰywŋ1	
𩀰	dzʰywŋ1	
𦟛	tɻʰywŋ1	
𨙔	tɻʰywŋ1	
𨙔	tɻɥu3	
䝑	tɻʰywŋ1	
𨤩	tɻʰywŋ1	
𪒒	tɻʰywŋ1	
逢	vuŋ1	
縫	vuŋ1	
縫	vuŋ3	
漨	vuŋ1	
䩼	vuŋ1	
𥎌	vuŋ1	
夆	vuŋ1	
𥛝	vuŋ1	
捀	vuŋ1	
捀	vuŋ3	
峯	fuŋ1	
鋒	fuŋ1	
丰	fuŋ1	
𡴀	fuŋ1	
𢓱	fuŋ1	
妦	fuŋ1	
蠭	fuŋ1	
𧒒	fuŋ1	
桻	fuŋ1	
㷭	fuŋ1	
烽	fuŋ1	
莑	fuŋ1	
仹	fuŋ1	
㸼	fuŋ1	
縱	tsywŋ1	
縱	tsywŋ3	
𣯨	tsywŋ1	
蹤	tsywŋ1	
䡮	tsywŋ1	
樅	tsywŋ1	
樅	tsʰywŋ1	
磫	tsywŋ1	
熧	tsywŋ1	
𧺣	tsywŋ1	
𧺣	tsʰywŋ1	
茸	ɻywŋ1	
䩸	ɻywŋ1	
䩸	ɻywŋ3	
𩮙	ɻywŋ1	
䇯	ɻywŋ1	
搑	ɻywŋ1	
搑	ˀɻywŋ2	
𥎂	ɻywŋ1	
榵	ɻywŋ1	
穁	ɻywŋ1	
穁	ˀɻywŋ2	
蛩	ɡʰywŋ1	
邛	ɡʰywŋ1	
舼	ɡʰywŋ1	
𦨰	ɡʰywŋ1	
筇	ɡʰywŋ1	
輁	ɡʰywŋ1	
輁	kywŋ2	
𦭭	ɡʰywŋ1	
䂬	ɡʰywŋ1	
䂬	kywŋ2	
蛬	ɡʰywŋ1	
蛬	kywŋ2	
𠌖	ɡʰywŋ1	
𩬰	ɡʰywŋ1	
桏	ɡʰywŋ1	
䅃	ɡʰywŋ1	
䅃	ɡywŋ3	
𤤶	ɡʰywŋ1	
𩢽	ɡʰywŋ1	
慵	dʐʰywŋ1	
𩌨	dʐʰywŋ1	
恭	kywŋ1	
龔	kywŋ1	
供	kywŋ1	
供	kywŋ3	
珙	kywŋ1	
珙	kywŋ2	
䢼	kywŋ1	
共	kywŋ1	
共	ɡywŋ3	
𤱨	kywŋ1	
廾	kywŋ1	
廾	kywŋ2	
髸	kywŋ1	
䳍	kywŋ1	
蜙	sywŋ1	
淞	sywŋ1	
倯	sywŋ1	
𢔋	sywŋ1	
鏦	tsʰywŋ1	
鏦	tʂʰwaŋ1	
暰	tsʰywŋ1	
瑽	tsʰywŋ1	
摐	tsʰywŋ1	
摐	tʂʰwaŋ1	
䐫	tsʰywŋ1	
𥡬	tsʰywŋ1	
𨑪	tsʰywŋ1	
江	kaŋ1	
扛	kaŋ1	
杠	kaŋ1	
茳	kaŋ1	
矼	kaŋ1	
豇	kaŋ1	
肛	kaŋ1	
肛	xaŋ1	
䜫	kaŋ1	
厖	maŋ1	
駹	maŋ1	
狵	maŋ1	
尨	maŋ1	
浝	maŋ1	
哤	maŋ1	
牻	maŋ1	
娏	maŋ1	
䵨	maŋ1	
㟌	maŋ1	
蛖	maŋ1	
𥆙	maŋ1	
痝	maŋ1	
𠈵	maŋ1	
𠈵	ˀmaŋ2	
𦗳	nwaŋ1	
𣰊	nwaŋ1	
鬞	nwaŋ1	
䁸	nwaŋ1	
𪆯	nwaŋ1	
窻	tʂʰwaŋ1	
牕	tʂʰwaŋ1	
窓	tʂʰwaŋ1	
䎫	tʂʰwaŋ1	
䎫	tʂʰwaŋ3	
𥎋	tʂʰwaŋ1	
邦	paŋ1	
𤰫	paŋ1	
梆	paŋ1	
垹	paŋ1	
栙	ɣaŋ1	
䜶	ɣaŋ1	
降	ɣaŋ1	
降	kaŋ3	
缸	ɣaŋ1	
瓨	ɣaŋ1	
夅	ɣaŋ1	
跭	ɣaŋ1	
胮	pʰaŋ1	
胮	bʰaŋ1	
𤵸	pʰaŋ1	
𩐨	pʰaŋ1	
𩐨	bʰaŋ1	
𪔔	pʰaŋ1	
𪐿	pʰaŋ1	
雙	ʂwaŋ1	
艭	ʂwaŋ1	
䉶	ʂwaŋ1	
𢥠	ʂwaŋ1	
䝄	ʂwaŋ1	
𨇯	ʂwaŋ1	
龐	bʰaŋ1	
逄	bʰaŋ1	
舽	bʰaŋ1	
啌	xaŋ1	
舡	xaŋ1	
胦	ʔaŋ1	
胦	ʔjɑŋ1	
腔	kʰaŋ1	
𤟄	kʰaŋ1	
羫	kʰaŋ1	
控	kʰaŋ1	
控	kʰuŋ3	
跫	kʰaŋ1	
𩩝	kʰaŋ1	
㾤	kʰaŋ1	
㼹	kʰaŋ1	
㼹	kʰɑŋ1	
幢	dɻʰwaŋ1	
幢	dɻwaŋ3	
撞	dɻʰwaŋ1	
撞	dɻwaŋ3	
𣃘	dɻʰwaŋ1	
𣃘	tɻiŋ1	
𣃘	tɻʰjɛn2	
噇	dɻʰwaŋ1	
𩪘	dɻʰwaŋ1	
䚎	tɻʰwaŋ1	
䚎	tɻʰwaŋ3	
𥡟	tɻʰwaŋ1	
䄝	tɻʰwaŋ1	
𧜧	tɻʰwaŋ1	
樁	tɻwaŋ1	
𣻛	tɻwaŋ1	
𩞐	dʐʰwaŋ1	
支	tʂjɨ1	
𥾣	tʂjɨ1	
只	tʂjɨ1	
只	tʂjɨ2	
汥	tʂjɨ1	
汥	ɡʲʰi1	
汥	ɡi3	
㲍	tʂjɨ1	
巵	tʂjɨ1	
梔	tʂjɨ1	
枝	tʂjɨ1	
衹	tʂjɨ1	
衹	ɡʲʰi1	
㽻	tʂjɨ1	
衼	tʂjɨ1	
肢	tʂjɨ1	
胑	tʂjɨ1	
𨈛	tʂjɨ1	
禔	tʂjɨ1	
禔	dʐʰjɨ1	
禔	dʰi1	
馶	tʂjɨ1	
馶	ɡʲʰi1	
馶	ʂjɨ3	
馶	kʲi3	
氏	tʂjɨ1	
氏	tsiŋ1	
氏	ʐjɨ3	
疻	tʂjɨ1	
㩼	tʂjɨ1	
㩼	tʂjɨ3	
鳷	tʂjɨ1	
䧴	tʂjɨ1	
䧴	ʂjɨ3	
觶	tʂjɨ1	
觶	tʂjɨ3	
榰	tʂjɨ1	
㯄	tʂjɨ1	
𪂅	tʂjɨ1	
𧌔	tʂjɨ1	
眵	tʂjɨ1	
眵	tʂʰjɨ1	
䡋	tʂjɨ1	
𩍲	tʂjɨ1	
移	ji1	
䄬	ji1	
迻	ji1	
𠩗	ji1	
杝	ji1	
杝	dɻi3	
鉹	ji1	
鉹	tʂʰjɨ2	
袲	ji1	
袲	tʂʰjɨ2	
袲	ˀnʌ2	
箷	ji1	
𥠥	ji1	
㥴	ji1	
㥴	ˀji2	
詑	ji1	
詑	xʲi1	
詑	dʰʌ1	
詑	tʰwʌ1	
詑	dʌ3	
簃	ji1	
簃	dɻʰi1	
䔟	ji1	
熪	ji1	
扅	ji1	
衪	ji1	
衪	ˀji2	
暆	ji1	
迆	ji1	
迆	ˀji2	
𤝻	ji1	
栘	ji1	
栘	dʐʰi1	
歋	ji1	
酏	ji1	
酏	ˀji2	
匜	ji1	
匜	ˀji2	
拸	ji1	
謻	ji1	
𠗺	ji1	
蛇	ji1	
蛇	tʰʌ1	
蛇	ʐja1	
虵	ji1	
虵	ʐja1	
虵	ˀja2	
螔	ji1	
螔	sɨ1	
𠐀	ji1	
𣣢	ji1	
䬁	ji1	
爲	ɰyj1	
爲	ɰyj3	
為	ɰyj1	
潙	ɰyj1	
潙	kyj1	
䧦	ɰyj1	
䧦	xyj1	
䧦	ˀɰyj2	
鄬	ɰyj1	
鄬	ˀɰyj2	
𩻟	ɰyj1	
𩻟	xyj1	
嬀	kyj1	
𪎮	xyj1	
麾	xyj1	
噅	xyj1	
撝	xyj1	
逶	ʔyj1	
𣨙	ʔyj1	
𣨙	ʔyj3	
萎	ʔyj1	
萎	ʔyj3	
㮃	ʔyj1	
覣	ʔyj1	
蜲	ʔyj1	
蜲	ʔyj2	
痿	ʔyj1	
痿	ɻyj1	
倭	ʔyj1	
倭	ʔwʌ1	
倭	ʔwʌ2	
委	ʔyj1	
委	ʔyj2	
䴧	ʔyj1	
蟡	ʔyj1	
蟡	kyj2	
糜	mi1	
縻	mi1	
㸏	mi1	
𪎕	mi1	
蘼	mi1	
蘼	ˀmi2	
䊳	mi1	
𪎭	mi1	
𦗕	mi1	
𦗕	ˀmi2	
醿	mi1	
隓	xʲyj1	
墮	xʲyj1	
墮	dwʌ3	
墮	tʰwʌ2	
隳	xʲyj1	
眭	xʲyj1	
眭	syj1	
眭	ɣʲyj1	
觿	xʲyj1	
觿	ɣʲyj1	
睢	xʲyj1	
睢	syj1	
睢	xʲyj3	
䜐	xʲyj1	
鑴	xʲyj1	
鑴	ɣʲyj1	
蘳	xʲyj1	
蘳	ɣwa3	
鬌	dɻʰyj1	
鬌	twʌ2	
鬌	dwʌ3	
錘	dɻʰyj1	
錘	dɻyj3	
甀	dɻʰyj1	
甀	dɻyj3	
𡍮	dʐʰyj1	
垂	dʐʰyj1	
陲	dʐʰyj1	
倕	dʐʰyj1	
𦈼	dʐʰyj1	
𨿠	dʐʰyj1	
𨿠	ʐyj3	
圌	dʐʰyj1	
圌	dʐʰɥɛn1	
篅	dʐʰyj1	
篅	dʐʰɥɛn1	
𥳙	dʐʰyj1	
𠃀	dʐʰyj1	
羸	lyj1	
𡰠	lyj1	
𡰠	lwʌ3	
吹	tʂʰyj1	
吹	tʂʰyj3	
炊	tʂʰyj1	
䶴	tʂʰyj1	
䶴	tʂʰyj3	
鈹	pʰi1	
帔	pʰi1	
帔	pʰi3	
鮍	pʰi1	
披	pʰi1	
披	pʰi2	
𤱍	pʰi1	
耚	pʰi1	
狓	pʰi1	
翍	pʰi1	
旇	pʰi1	
旇	bi3	
秛	pʰi1	
秛	pʰi3	
𤿎	pʰi1	
㱟	pʰi1	
㱟	pʰi2	
陂	pi1	
陂	pi3	
詖	pi1	
詖	pi3	
碑	pi1	
羆	pi1	
𥀍	pi1	
𨰟	pi1	
𤜑	pi1	
𨧦	pi1	
𥶓	pi1	
襬	pi1	
襬	pʰi3	
藣	pi1	
藣	pi3	
隨	zyj1	
隋	zyj1	
隋	tʰwʌ2	
𥶻	zyj1	
虧	kʰyj1	
闚	kʲʰyj1	
窺	kʲʰyj1	
奇	ɡʰi1	
奇	ki1	
琦	ɡʰi1	
騎	ɡʰi1	
騎	ɡi3	
鵸	ɡʰi1	
弜	ɡʰi1	
弜	ɡjɑŋ3	
鬾	ɡʰi1	
鬾	ɡi3	
碕	ɡʰi1	
碕	kʰi1	
碕	kʰi2	
𢺷	ɡʰi1	
㩽	ɡʰi1	
錡	ɡʰi1	
錡	ɡi3	
錡	ˀŋi2	
祇	ɡʲʰi1	
示	ɡʲʰi1	
示	ʐjɨ3	
岐	ɡʲʰi1	
歧	ɡʲʰi1	
𨙸	ɡʲʰi1	
疧	ɡʲʰi1	
蚑	ɡʲʰi1	
蚑	kʲʰi3	
忯	ɡʲʰi1	
忯	dʐʰjɨ1	
䞚	ɡʲʰi1	
䞚	kʰi2	
翄	ɡʲʰi1	
翄	ʂjɨ3	
𢻚	ɡʲʰi1	
軝	ɡʲʰi1	
𩉬	ɡʲʰi1	
芪	ɡʲʰi1	
跂	ɡʲʰi1	
跂	kʲʰi2	
跂	kʲʰi3	
䲬	ɡʲʰi1	
蚔	ɡʲʰi1	
䉻	ɡʲʰi1	
𦭲	ɡʲʰi1	
伎	ɡʲʰi1	
伎	ɡi3	
伎	tʂjɨ3	
𨱜	ɡʲʰi1	
𠁭	ɡʲʰi1	
犧	xi1	
羲	xi1	
焁	xi1	
焁	xʲi1	
桸	xi1	
巇	xi1	
羛	xi1	
羛	ˀŋi2	
戲	xi1	
戲	xu1	
戲	xi3	
𤃪	xi1	
曦	xi1	
𢹍	xi1	
𧕆	xi1	
䚙	xi1	
䚙	xɥɛn1	
䖒	xi1	
㺣	xi1	
𣤴	xi1	
𢨛	xi1	
㚀	xi1	
隵	xi1	
㩻	kʰi1	
㩻	kyj3	
觭	kʰi1	
觭	kʰi2	
踦	kʰi1	
踦	ki2	
㱦	kʰi1	
㱦	ki1	
㱦	ki2	
崎	kʰi1	
崎	ɡʰi1	
𦖊	kʰi1	
𤘌	kʰi1	
㥓	kʰi1	
㥓	kʰi2	
䗁	kʰi1	
䗁	ɡi3	
攲	kʰi1	
攲	ki1	
攲	ki2	
宜	ŋi1	
宐	ŋi1	
𠣨	ŋi1	
㝖	ŋi1	
儀	ŋi1	
𥫃	ŋi1	
𥫃	ŋi3	
䣡	ŋi1	
䴊	ŋi1	
轙	ŋi1	
轙	ˀŋi2	
涯	ŋi1	
涯	ŋa1	
崖	ŋi1	
崖	ŋa1	
皮	bʰi1	
疲	bʰi1	
郫	bʰi1	
郫	bʲʰi1	
郫	bʰaj1	
罷	bʰi1	
罷	bi3	
罷	ba3	
㯅	bʰi1	
㯅	bʲʰi1	
㯅	pʲi1	
犤	bʰi1	
犤	bʰaj1	
提	dʐʰjɨ1	
提	dʰi1	
𦑡	dʐʰjɨ1	
㖷	dʐʰjɨ1	
匙	dʐʰjɨ1	
䈕	dʐʰjɨ1	
堤	dʐʰjɨ1	
堤	ti1	
堤	ti2	
𦳚	dʐʰjɨ1	
姼	dʐʰjɨ1	
姼	ʐjɨ3	
姼	tʂʰjɨ2	
眂	dʐʰjɨ1	
𣏚	dʐʰjɨ1	
兒	ɻjɨ1	
兒	ŋʲi1	
𠒆	ɻjɨ1	
唲	ɻjɨ1	
唲	ʔaj1	
婼	ɻjɨ1	
婼	ɻja1	
婼	tɻʰjɑk4	
離	li1	
離	li3	
籬	li1	
醨	li1	
罹	li1	
璃	li1	
酈	li1	
酈	lik4	
𣀷	li1	
𣀷	ˀli2	
驪	li1	
𪖂	li1	
樆	li1	
鸝	li1	
鵹	li1	
𪅆	li1	
縭	li1	
褵	li1	
蘺	li1	
䕻	li1	
䕻	li3	
麗	li1	
麗	li3	
离	li1	
离	tɻʰi1	
䍦	li1	
㰚	li1	
蠡	li1	
蠡	lwʌ1	
蠡	ˀli2	
䅻	li1	
孋	li1	
漓	li1	
灕	li1	
𧕯	li1	
𧕯	ʂɨ1	
㷰	li1	
㷰	tɻʰi1	
𧕮	li1	
攡	li1	
黐	li1	
黐	tɻʰi1	
矖	li1	
矖	ʂɨ2	
穲	li1	
𢟢	li1	
𢥗	li1	
謧	li1	
劙	li1	
劙	ˀli2	
劙	li3	
疵	dzʰɨ1	
骴	dzʰɨ1	
骴	dzɨ3	
玼	dzʰɨ1	
玼	tsʰɨ2	
玼	tsʰi2	
茈	dzʰɨ1	
茈	dʐʰaj1	
茈	tsɨ2	
𣐑	dzʰɨ1	
胔	dzʰɨ1	
胔	tsʰɨ1	
胔	dzɨ3	
飺	dzʰɨ1	
鴜	dzʰɨ1	
鴜	tsɨ1	
貲	tsɨ1	
頿	tsɨ1	
𪕊	tsɨ1	
鮆	tsɨ1	
鮆	dzi3	
訾	tsɨ1	
訾	tsɨ2	
鄑	tsɨ1	
㠿	tsɨ1	
媊	tsɨ1	
媊	tsjɛn2	
𨚖	tsɨ1	
㰣	tsɨ1	
㰣	tsɨ3	
鈭	tsɨ1	
鈭	tsʰɨ1	
姕	tsɨ1	
姕	tsʰɨ1	
𦺱	tsɨ1	
䖪	tsɨ1	
觜	tsɨ1	
觜	tsyj1	
觜	tsyj2	
羈	ki1	
畸	ki1	
羇	ki1	
掎	ki1	
掎	ki2	
掎	kʰi3	
妓	ki1	
妓	ɡi3	
躸	ki1	
卑	pʲi1	
鵯	pʲi1	
鵯	pʲʰit4	
椑	pʲi1	
椑	bʲʰi1	
椑	bʲik4	
箄	pʲi1	
箄	pʲi2	
裨	pʲi1	
裨	bʲʰi1	
鞞	pʲi1	
鞞	bʲʰi1	
鞞	pʲi2	
鞞	pʲiŋ2	
𩔹	pʲi1	
庳	pʲi1	
庳	bʲi3	
渒	pʲi1	
錍	pʲi1	
錍	pʲʰi1	
𢃍	pʲi1	
陴	bʲʰi1	
𩫫	bʲʰi1	
焷	bʲʰi1	
脾	bʲʰi1	
䴽	bʲʰi1	
埤	bʲʰi1	
蜱	bʲʰi1	
蜱	mʲjɛw1	
𧓎	bʲʰi1	
螷	bʲʰi1	
螷	biˤŋ3	
蠯	bʲʰi1	
蠯	bʰaj1	
蠯	biˤŋ3	
𪌈	bʲʰi1	
紕	bʲʰi1	
紕	pʲʰi1	
䌳	ʂjɨ1	
䌳	sɨ1	
䌳	tʂʰjɨ1	
絁	ʂjɨ1	
施	ʂjɨ1	
施	ʂjɨ3	
葹	ʂjɨ1	
䙾	ʂjɨ1	
鍦	ʂjɨ1	
鍦	dʐʰja1	
鍦	ʂjɨ3	
鉈	ʂjɨ1	
鉈	dʐʰja1	
鸍	ʂjɨ1	
鸍	mʲi1	
𪓿	ʂjɨ1	
䗐	ʂjɨ1	
䗐	ʂjɨ3	
𧠜	ʂjɨ1	
𢻫	ʂjɨ1	
斯	sɨ1	
虒	sɨ1	
𩆵	sɨ1	
𩆵	sjɛn3	
榹	sɨ1	
㴲	sɨ1	
廝	sɨ1	
㒋	sɨ1	
凘	sɨ1	
磃	sɨ1	
㾷	sɨ1	
㾷	si1	
傂	sɨ1	
傂	dɻʰi1	
傂	dɻi3	
謕	sɨ1	
謕	dʰi1	
謕	tʰi1	
鼶	sɨ1	
鼶	dʰi1	
𪆁	sɨ1	
蟴	sɨ1	
㽄	sɨ1	
㽄	si1	
䫢	sɨ1	
䔮	sɨ1	
菥	sɨ1	
菥	sik4	
𥕶	sɨ1	
蜤	sɨ1	
燍	sɨ1	
禠	sɨ1	
鐁	sɨ1	
差	tʂʰɨ1	
差	tʂʰa1	
差	tʂʰa3	
嵯	tʂʰɨ1	
嵯	dzʰʌ1	
齹	tʂʰɨ1	
齹	dʐʰɨ1	
齹	dzʰʌ1	
縒	tʂʰɨ1	
縒	sʌ2	
縒	tsʰɑk4	
摛	tɻʰi1	
螭	tɻʰi1	
誺	tɻʰi1	
誺	tɻʰi3	
誺	laj3	
魑	tɻʰi1	
𡴥	tɻʰi1	
彲	tɻʰi1	
彌	mʲi1	
𢏏	mʲi1	
镾	mʲi1	
䍘	mʲi1	
𥹄	mʲi1	
𥉓	mʲi1	
𥉓	mʲjɛt4	
瓕	mʲi1	
獼	mʲi1	
𥸀	mʲi1	
檷	mʲi1	
檷	ˀni2	
麊	mʲi1	
冞	mʲi1	
㜷	mʲi1	
䥸	mʲi1	
𥎖	mʲi1	
瀰	mʲi1	
瀰	ˀmʲi2	
瀰	ˀni2	
雌	tsʰɨ1	
𦍧	tsʰɨ1	
知	tɻi1	
䵹	tɻi1	
鼅	tɻi1	
蜘	tɻi1	
䣽	tɻi1	
䝷	tɻi1	
漪	ʔi1	
猗	ʔi1	
猗	ʔi2	
椅	ʔi1	
椅	ʔi2	
旖	ʔi1	
旖	ʔi2	
禕	ʔi1	
陭	ʔi1	
陭	ʔi3	
欹	ʔi1	
㾨	ʔi1	
㾨	kʰi2	
犄	ʔi1	
𩕲	ʔi1	
檹	ʔi1	
馳	dɻʰi1	
趍	dɻʰi1	
趍	tsʰɥu1	
池	dɻʰi1	
池	dʰʌ1	
篪	dɻʰi1	
䶵	dɻʰi1	
踟	dɻʰi1	
褫	dɻʰi1	
褫	dɻi3	
褫	tɻʰi2	
䪧	dɻʰi1	
䶔	dɻʰi1	
誃	dɻʰi1	
誃	tʂʰjɨ2	
䞾	dɻʰi1	
危	ŋyj1	
㕒	ŋyj1	
洈	ŋyj1	
洈	kyj2	
峗	ŋyj1	
釃	ʂɨ1	
釃	ʂɯ1	
釃	ʂɨ2	
簁	ʂɨ1	
簁	ʂɨ2	
欐	ʂɨ1	
欐	ˀli2	
欐	li3	
襹	ʂɨ1	
襹	ʂɨ3	
褷	ʂɨ1	
籭	ʂɨ1	
籭	ʂaj1	
䪎	ʂwɨ1	
䪎	suj1	
䭨	ʂwɨ1	
䭨	ʂyj3	
䬐	ɻyj1	
䬐	ʔuj1	
厜	tsyj1	
纗	tsyj1	
纗	ɣʲyj1	
纗	jyj3	
纗	ɣwa3	
惢	tsyj1	
惢	dzyj3	
惢	swʌ2	
嫢	tsyj1	
嫢	ɡʲyj3	
嫢	ɣʲjɛn3	
㭰	tsyj1	
㭰	tsyj2	
𩓸	kʲyj1	
𩓡	kʲyj1	
槻	kʲyj1	
規	kʲyj1	
鬹	kʲyj1	
𨾚	kʲyj1	
摫	kʲyj1	
劑	tsyj1	
劑	dzi3	
𦸺	tsyj1	
臇	tsyj1	
臇	tsɥɛn2	
𤎱	tsyj1	
𤎱	tsɥɛn2	
㷷	tsyj1	
衰	tʂʰwɨ1	
衰	ʂwɨ1	
夊	tʂʰwɨ1	
夊	syj1	
腄	tɻyj1	
腄	ɰiw1	
腄	dɻyj3	
箠	tɻyj1	
箠	tʂyj2	
㩾	tɻyj1	
䮔	tʂyj1	
䮔	tʂyj2	
齜	tʂɨ1	
𢻹	pʲʰi1	
𢻹	bi3	
𢻹	pʰi2	
䔺	jyj1	
䔺	ˀjyj2	
𩁌	jyj1	
蠵	jyj1	
蠵	ɣʲyj1	
欈	jyj1	
𧲚	jyj1	
䝐	jyj1	
䝐	ˀjyj2	
脂	tʂjɨ1	
祗	tʂjɨ1	
泜	tʂjɨ1	
泜	dɻʰi1	
砥	tʂjɨ1	
砥	tʂjɨ2	
栺	tʂjɨ1	
栺	ŋʲi3	
鴲	tʂjɨ1	
鴲	tʂjɨ3	
㴯	tʂjɨ1	
䓜	tʂjɨ1	
𥁼	tʂjɨ1	
姨	ji1	
彝	ji1	
寅	ji1	
寅	jin1	
夷	ji1	
峓	ji1	
恞	ji1	
眱	ji1	
㰘	ji1	
珆	ji1	
蔩	ji1	
蔩	jin1	
蔩	ˀjɛn2	
𡰥	ji1	
痍	ji1	
䧅	ji1	
荑	ji1	
荑	dʰi1	
桋	ji1	
桋	dʰi1	
蛦	ji1	
胰	ji1	
鮧	ji1	
鮧	dʰi1	
羠	ji1	
羠	zɨ3	
羨	ji1	
羨	zjɛn3	
羨	jɛn3	
鏔	ji1	
𢓡	ji1	
鴺	ji1	
鴺	dʰi1	
𡱐	ji1	
跠	ji1	
洟	ji1	
洟	tʰi3	
師	ʂɨ1	
鰤	ʂɨ1	
蒒	ʂɨ1	
篩	ʂɨ1	
獅	ʂɨ1	
螄	ʂɨ1	
𣬈	bʲʰi1	
毗	bʲʰi1	
比	bʲʰi1	
比	pʲi2	
比	bʲi3	
比	pʲi3	
比	bʲit4	
琵	bʲʰi1	
㮰	bʲʰi1	
芘	bʲʰi1	
芘	bʲi3	
沘	bʲʰi1	
沘	pʲi2	
貔	bʲʰi1	
豼	bʲʰi1	
膍	bʲʰi1	
肶	bʲʰi1	
蚍	bʲʰi1	
𧖈	bʲʰi1	
枇	bʲʰi1	
枇	pʲi2	
枇	bʲi3	
仳	bʲʰi1	
仳	pʲʰi2	
仳	bi3	
𨈚	bʲʰi1	
魮	bʲʰi1	
鈚	bʲʰi1	
鈚	pʲʰi1	
𦳈	bʲʰi1	
𦊁	bʲʰi1	
阰	bʲʰi1	
𧑜	bʲʰi1	
鵧	bʲʰi1	
咨	tsɨ1	
資	tsɨ1	
粢	tsɨ1	
𪗉	tsɨ1	
𪗋	tsɨ1	
𧞓	tsɨ1	
諮	tsɨ1	
姿	tsɨ1	
齍	tsɨ1	
澬	tsɨ1	
澬	dzʰɨ1	
𣳩	tsɨ1	
齎	tsɨ1	
齎	tsi1	
蒫	tsɨ1	
蒫	dzʰʌ1	
蒫	tsja1	
𩆂	tsɨ1	
𩆂	dzʰɨ1	
𩄚	tsɨ1	
飢	ki1	
机	ki1	
机	ki2	
肌	ki1	
虮	ki1	
鴟	tʂʰjɨ1	
𨾦	tʂʰjɨ1	
𪀒	tʂʰjɨ1	
𪀒	djɛt4	
胵	tʂʰjɨ1	
𩶅	tʂʰjɨ1	
𧪡	tʂʰjɨ1	
𨒬	tʂʰjɨ1	
絺	tɻʰi1	
辴	tɻʰi1	
辴	tɻʰin2	
郗	tɻʰi1	
𥭘	tɻʰi1	
脪	tɻʰi1	
脪	xin2	
脪	xin3	
瓻	tɻʰi1	
訵	tɻʰi1	
訵	tɻʰi3	
郪	tsʰɨ1	
郪	tsʰi1	
趑	tsʰɨ1	
𨌅	tsʰɨ1	
𨌅	dzʰɨ1	
𨌅	dʐʰaj1	
趀	tsʰɨ1	
𧾒	tsʰɨ1	
𧠥	tsʰɨ1	
𡰾	tsʰɨ1	
𡳠	tsʰɨ1	
蠀	tsʰɨ1	
茨	dzʰɨ1	
薋	dzʰɨ1	
薺	dzʰɨ1	
薺	dzi3	
餈	dzʰɨ1	
𩜴	dzʰɨ1	
垐	dzʰɨ1	
垐	dzik4	
䆅	dzʰɨ1	
蠐	dzʰɨ1	
蠐	dzʰi1	
瓷	dzʰɨ1	
𥿆	dzʰɨ1	
𥿆	zɨ1	
尼	ni1	
柅	ni1	
柅	ˀni2	
怩	ni1	
蚭	ni1	
跜	ni1	
呢	ni1	
𩚯	ni1	
䝚	ni1	
墀	dɻʰi1	
𡎰	dɻʰi1	
坻	dɻʰi1	
坻	tʂjɨ2	
坻	ti2	
遲	dɻʰi1	
遟	dɻʰi1	
遟	dɻi3	
蚳	dɻʰi1	
岻	dɻʰi1	
岻	ti1	
彽	dɻʰi1	
阺	dɻʰi1	
荎	dɻʰi1	
荎	djɛt4	
菭	dɻʰi1	
菭	dʰaj1	
謘	dɻʰi1	
謘	dɻi3	
莉	dɻʰi1	
莉	li1	
貾	dɻʰi1	
私	sɨ1	
鋖	sɨ1	
厶	sɨ1	
𦮺	sɨ1	
㺨	sɨ1	
尸	ʂjɨ1	
鳲	ʂjɨ1	
屍	ʂjɨ1	
屍	ʂjɨ3	
蓍	ʂjɨ1	
鬐	ɡʲʰi1	
𦓀	ɡʲʰi1	
耆	ɡʲʰi1	
愭	ɡʲʰi1	
𧡺	ɡʲʰi1	
𥉙	ɡʲʰi1	
䅲	ɡʲʰi1	
祁	ɡʲʰi1	
祁	tʂjɨ2	
𨪌	ɡʲʰi1	
鰭	ɡʲʰi1	
鮨	ɡʲʰi1	
伊	ʔʲi1	
咿	ʔʲi1	
蛜	ʔʲi1	
黝	ʔʲi1	
黝	ʔʲiw2	
黟	ʔʲi1	
棃	li1	
梨	li1	
𠠍	li1	
秜	li1	
蜊	li1	
蔾	li1	
犂	li1	
刕	li1	
𢤂	li1	
鯬	li1	
鑗	li1	
䴻	li1	
蟍	li1	
𨟀	li1	
葵	ɡʲʰyj1	
鄈	ɡʲʰyj1	
楑	ɡʲʰyj1	
楑	ɡʲyj3	
𩹍	ɡʲʰyj1	
𢜽	ɡʲʰyj1	
𢜽	ɡʲyj3	
𦝢	ɡʲʰyj1	
𦝢	ɡʰyj1	
䳫	ɡʲʰyj1	
𧍜	ɡʲʰyj1	
追	tɻyj1	
䨨	tɻyj1	
娺	tɻyj1	
娺	tɻwat4	
龜	kyj1	
龜	kiw1	
𪚦	kyj1	
𠃾	kyj1	
䟸	kyj1	
䟸	ɡʰyj1	
螝	kyj1	
螝	ɣuj3	
騩	kyj1	
騩	kyj3	
蕤	ɻyj1	
甤	ɻyj1	
甤	ˀɻyj2	
緌	ɻyj1	
擩	ɻyj1	
擩	ˀɻɥu2	
擩	ɻɥu3	
擩	nɨw3	
桵	ɻyj1	
䅑	ɻyj1	
䅑	syj1	
捼	ɻyj1	
捼	nuj1	
捼	nwʌ1	
榱	ʂwɨ1	
𤸬	ʂwɨ1	
惟	jyj1	
𣄧	jyj1	
維	jyj1	
遺	jyj1	
遺	jyj3	
濰	jyj1	
壝	jyj1	
壝	ˀjyj2	
𥌰	jyj1	
蓶	jyj1	
蓶	ˀjyj2	
䜅	jyj1	
䜅	dʐʰyj1	
䜅	tsʰyj1	
琟	jyj1	
唯	jyj1	
唯	ˀjyj2	
𧔥	jyj1	
𧔥	jyj3	
㶟	lyj1	
㶟	ˀlyj2	
纍	lyj1	
纍	lyj3	
虆	lyj1	
欙	lyj1	
𤜖	lyj1	
𡿔	lyj1	
㠥	lyj1	
𡤯	lyj1	
瓃	lyj1	
瓃	luj1	
瓃	lyj3	
𥍔	lyj1	
鸓	lyj1	
鸓	ˀlyj2	
儽	lyj1	
儽	luj3	
纝	lyj1	
綏	syj1	
雖	syj1	
荾	syj1	
荽	syj1	
䒘	syj1	
葰	syj1	
葰	swʌ2	
葰	ʂwa2	
浽	syj1	
浽	ˀnuj2	
奞	syj1	
奞	sjɛw1	
奞	sin3	
奞	syn3	
濉	syj1	
逵	ɡʰyj1	
夔	ɡʰyj1	
𣦞	ɡʰyj1	
馗	ɡʰyj1	
馗	ɡʰiw1	
戣	ɡʰyj1	
鍨	ɡʰyj1	
騤	ɡʰyj1	
騤	kʲɥɛt4	
犪	ɡʰyj1	
躨	ɡʰyj1	
艽	ɡʰyj1	
艽	ɡʰiw1	
𠊾	ɡʰyj1	
𠊾	ɡʲyj3	
𨾎	ɡʰyj1	
頯	ɡʰyj1	
頯	kyj2	
𠐽	ɡʰyj1	
𠐽	kyj3	
𧢦	ɡʰyj1	
𧢦	kʰyj1	
𢌳	ɡʰyj1	
頄	ɡʰyj1	
頄	ɡʰiw1	
眉	mi1	
睂	mi1	
嵋	mi1	
湄	mi1	
𤃱	mi1	
鶥	mi1	
楣	mi1	
瑂	mi1	
矀	mi1	
矀	ʋʲi1	
覹	mi1	
䉠	mi1	
䉠	ʋʲi1	
黴	mi1	
黴	muj3	
麋	mi1	
蘪	mi1	
郿	mi1	
郿	mi3	
㵟	mi1	
㵟	ʋʲi1	
薇	mi1	
薇	ʋʲi1	
葿	mi1	
攗	mi1	
悲	pi1	
錐	tʂyj1	
隹	tʂyj1	
𪋇	tʂyj1	
騅	tʂyj1	
㮅	tʂyj1	
䶆	tʂyj1	
萑	tʂyj1	
鵻	tʂyj1	
鵻	syn2	
誰	dʐʰyj1	
脽	dʐʰyj1	
帷	ɰyj1	
邳	bʰi1	
鉟	bʰi1	
鉟	pʰi1	
䲹	bʰi1	
岯	bʰi1	
魾	bʰi1	
魾	pʰi1	
䫠	bʰi1	
䫠	pʰi1	
丕	pʰi1	
㔻	pʰi1	
伾	pʰi1	
秠	pʰi1	
秠	fɨw1	
秠	pʰi2	
秠	fɨw2	
䪹	pʰi1	
駓	pʰi1	
怌	pʰi1	
豾	pʰi1	
髬	pʰi1	
倠	xʲyj1	
婎	xʲyj1	
婎	xʲyj3	
𢊄	xʲyj1	
𢊿	xʲyj1	
鎚	dɻʰyj1	
鎚	tuj1	
鎚	dɻyj3	
椎	dɻʰyj1	
槌	dɻʰyj1	
槌	dɻyj3	
桘	dɻʰyj1	
顀	dɻʰyj1	
推	tʂʰyj1	
推	tʰuj1	
蓷	tʂʰyj1	
蓷	tʰuj1	
胝	tɻi1	
疷	tɻi1	
秪	tɻi1	
氐	tɻi1	
氐	ti1	
𦀘	pʲʰi1	
𦀘	pʲi1	
𧧺	pʲʰi1	
悂	pʲʰi1	
悂	pʲi1	
𢞗	pʲʰi1	
嶉	tsyj1	
嶉	tsɥu1	
嶉	tsyj2	
檇	tsyj1	
檇	dzʰuj1	
檇	tsyj3	
巋	kʰyj1	
巋	kʰyj2	
蘬	kʰyj1	
蘬	kʰyj2	
狋	ŋi1	
狋	ɡʰɥɛn1	
咦	xʲi1	
忾	xʲi1	
䐅	xʲi1	
𣢂	xʲi1	
屎	xʲi1	
屎	ʂjɨ2	
之	tʂjɨ1	
臸	tʂjɨ1	
臸	ɻit4	
芝	tʂjɨ1	
㞢	tʂjɨ1	
飴	ji1	
𩛛	ji1	
䬮	ji1	
怡	ji1	
弬	ji1	
媐	ji1	
媐	xi1	
异	ji1	
异	ji3	
㼢	ji1	
𣐵	ji1	
圯	ji1	
貽	ji1	
巸	ji1	
洍	ji1	
洍	zɨ3	
𦣞	ji1	
𩠢	ji1	
頤	ji1	
詒	ji1	
詒	daj3	
㺿	ji1	
沶	ji1	
宧	ji1	
𦚟	ji1	
䱌	ji1	
姬	ji1	
姬	ki1	
台	ji1	
台	tʰaj1	
眙	ji1	
眙	tɻʰi3	
瓵	ji1	
時	dʐʰjɨ1	
旹	dʐʰjɨ1	
塒	dʐʰjɨ1	
鼭	dʐʰjɨ1	
榯	dʐʰjɨ1	
蒔	dʐʰjɨ1	
蒔	ʐjɨ3	
鰣	dʐʰjɨ1	
疑	ŋi1	
嶷	ŋi1	
嶷	ŋik4	
觺	ŋi1	
觺	ŋik4	
思	sɨ1	
思	sɨ3	
恖	sɨ1	
司	sɨ1	
罳	sɨ1	
伺	sɨ1	
伺	sɨ3	
絲	sɨ1	
緦	sɨ1	
𥯨	sɨ1	
禗	sɨ1	
覗	sɨ1	
覗	sɨ3	
㺇	sɨ1	
𥄶	sɨ1	
蕬	sɨ1	
偲	sɨ1	
偲	tsʰaj1	
楒	sɨ1	
輜	tʂʰɨ1	
輜	tʂɨ1	
颸	tʂʰɨ1	
其	ɡʰi1	
其	ki1	
期	ɡʰi1	
旗	ɡʰi1	
綦	ɡʰi1	
綨	ɡʰi1	
𢃛	ɡʰi1	
萁	ɡʰi1	
萁	ki1	
𧯯	ɡʰi1	
蜝	ɡʰi1	
琪	ɡʰi1	
麒	ɡʰi1	
騏	ɡʰi1	
淇	ɡʰi1	
䳢	ɡʰi1	
錤	ɡʰi1	
錤	ki1	
藄	ɡʰi1	
棊	ɡʰi1	
櫀	ɡʰi1	
碁	ɡʰi1	
𤪌	ɡʰi1	
璂	ɡʰi1	
鯕	ɡʰi1	
蘄	ɡʰi1	
蘄	ki1	
蘄	ɡʰin1	
祺	ɡʰi1	
禥	ɡʰi1	
踑	ɡʰi1	
𦪆	ɡʰi1	
䑴	ɡʰi1	
𢍁	ɡʰi1	
𢍁	ɡi3	
䶞	ɡʰi1	
䶞	kʰi1	
詩	ʂjɨ1	
邿	ʂjɨ1	
齝	ʂjɨ1	
齝	tɻʰi1	
𪗪	ʂjɨ1	
呞	ʂjɨ1	
䀢	ʂjɨ1	
䀢	ʂim2	
䀢	ʂyn3	
而	ɻjɨ1	
栭	ɻjɨ1	
𣚊	ɻjɨ1	
𨼏	ɻjɨ1	
陾	ɻjɨ1	
陾	ˀnɨw2	
陑	ɻjɨ1	
髵	ɻjɨ1	
峏	ɻjɨ1	
𨎪	ɻjɨ1	
輀	ɻjɨ1	
𦠌	ɻjɨ1	
胹	ɻjɨ1	
𦓒	ɻjɨ1	
𩰴	ɻjɨ1	
洏	ɻjɨ1	
鮞	ɻjɨ1	
鮞	ɻiwk4	
耏	ɻjɨ1	
耏	nɑj3	
咡	ɻjɨ1	
咡	ɻjɨ3	
䎠	ɻjɨ1	
䎠	ɣwɑn1	
䎠	nwʌ1	
誀	ɻjɨ1	
誀	ɻjɨ3	
鴯	ɻjɨ1	
欺	kʰi1	
娸	kʰi1	
䫥	kʰi1	
䫥	kʰuj2	
䫥	ˀŋuj2	
䫏	kʰi1	
𠐾	kʰi1	
魌	kʰi1	
僛	kʰi1	
𪅾	kʰi1	
𡖾	kʰi1	
抾	kʰi1	
抾	kʰjɛp4	
朞	ki1	
稘	ki1	
基	ki1	
箕	ki1	
䇫	ki1	
諅	ki1	
諅	ɡi3	
居	ki1	
居	kjɯ1	
諆	ki1	
詞	zɨ1	
祠	zɨ1	
柌	zɨ1	
辭	zɨ1	
辤	zɨ1	
辝	zɨ1	
釐	li1	
貍	li1	
狸	li1	
氂	li1	
氂	mɑw1	
嫠	li1	
剺	li1	
梩	li1	
犛	li1	
犛	laj1	
犛	maw1	
𣁟	li1	
倈	li1	
艃	li1	
𣮉	li1	
𣮉	laj1	
孷	li1	
𢟤	li1	
𢟤	li3	
𩭇	li1	
㾖	li1	
㾖	ˀli2	
筣	li1	
斄	li1	
斄	laj1	
𠩬	li1	
𠭰	li1	
菑	tʂɨ1	
菑	tsaj1	
甾	tʂɨ1	
𦸜	tʂɨ1	
淄	tʂɨ1	
㿳	tʂɨ1	
茬	tʂɨ1	
茬	dʐʰɨ1	
錙	tʂɨ1	
鶅	tʂɨ1	
鶅	tʂɨ3	
緇	tʂɨ1	
䊷	tʂɨ1	
椔	tʂɨ1	
椔	tʂɨ3	
鯔	tʂɨ1	
䎩	tʂɨ1	
䣎	tʂɨ1	
僖	xi1	
歖	xi1	
熙	xi1	
嬉	xi1	
嬉	xi3	
禧	xi1	
譆	xi1	
𠩺	xi1	
瞦	xi1	
㶼	xi1	
㶼	ʔɑj1	
熹	xi1	
嘻	xi1	
𣢑	xi1	
娭	xi1	
誒	xi1	
醫	ʔi1	
毉	ʔi1	
譩	ʔi1	
譩	ʔi2	
㿄	ʔi1	
㿄	ʔaj3	
噫	ʔi1	
噫	ʔaj3	
癡	tɻʰi1	
笞	tɻʰi1	
痴	tɻʰi1	
治	dɻʰi1	
治	dɻi3	
持	dɻʰi1	
蚩	tʂʰjɨ1	
嗤	tʂʰjɨ1	
妛	tʂʰjɨ1	
媸	tʂʰjɨ1	
𦐉	tʂʰjɨ1	
𣍆	tʂʰjɨ1	
𣍆	niŋ1	
𥉍	tʂʰjɨ1	
慈	dzʰɨ1	
礠	dzʰɨ1	
鶿	dzʰɨ1	
鶿	tsɨ1	
濨	dzʰɨ1	
兹	dzʰɨ1	
兹	tsɨ1	
孳	tsɨ1	
孳	dzɨ3	
嵫	tsɨ1	
孜	tsɨ1	
滋	tsɨ1	
嗞	tsɨ1	
𪑿	tsɨ1	
鎡	tsɨ1	
孖	tsɨ1	
孖	dzɨ3	
鼒	tsɨ1	
鼒	dzʰaj1	
鰦	tsɨ1	
仔	tsɨ1	
仔	tsɨ2	
稵	tsɨ1	
漦	ʐɨ1	
䀵	ʂjɨ1	
微	ʋʲi1	
𢼸	ʋʲi1	
䥩	ʋʲi1	
癓	ʋʲi1	
揮	xyj1	
煇	xyj1	
煇	ɣun1	
煇	ɣun3	
輝	xyj1	
暉	xyj1	
徽	xyj1	
翬	xyj1	
褘	xyj1	
鰴	xyj1	
楎	xyj1	
楎	ɣun1	
幑	xyj1	
瀈	xyj1	
㫎	xyj1	
𤟤	xyj1	
𤟤	ɣun1	
幃	ɰyj1	
韋	ɰyj1	
闈	ɰyj1	
圍	ɰyj1	
圍	ɰyj3	
䙟	ɰyj1	
𩎯	ɰyj1	
違	ɰyj1	
湋	ɰyj1	
囗	ɰyj1	
鍏	ɰyj1	
鍏	ˀɰyj2	
潿	ɰyj1	
𧝕	ɰyj1	
𠆎	ɰyj1	
𢾁	ɰyj1	
霏	fʲi1	
䬠	fʲi1	
妃	fʲi1	
妃	pʰuj3	
菲	fʲi1	
菲	fʲi2	
菲	vʲi3	
䩁	fʲi1	
婓	fʲi1	
騑	fʲi1	
裶	fʲi1	
𥇖	fʲi1	
𥇖	pin1	
猆	fʲi1	
飛	fʲi1	
扉	fʲi1	
緋	fʲi1	
𩙲	fʲi1	
非	fʲi1	
馡	fʲi1	
𩹉	fʲi1	
騛	fʲi1	
誹	fʲi1	
誹	fʲi3	
餥	fʲi1	
餥	fʲi2	
肥	vʲi1	
腓	vʲi1	
腓	vʲi3	
䈈	vʲi1	
淝	vʲi1	
𤷂	vʲi1	
痱	vʲi1	
痱	buj3	
痱	vʲi3	
蜰	vʲi1	
蜰	fʲi2	
蜰	vʲi3	
䨽	vʲi1	
䨽	fʲi2	
䨽	bi3	
蟦	vʲi1	
蟦	vʲi3	
賁	vʲi1	
賁	vun1	
賁	pun1	
賁	pi3	
裴	vʲi1	
裴	bʰuj1	
威	ʔyj1	
葳	ʔyj1	
隇	ʔyj1	
嵔	ʔyj1	
嵔	ʔyj2	
嵔	ʔuj2	
蝛	ʔyj1	
鰄	ʔyj1	
媁	ʔyj1	
媁	ˀɰyj2	
楲	ʔyj1	
祈	ɡʰi1	
頎	ɡʰi1	
旂	ɡʰi1	
𩴆	ɡʰi1	
𩴆	ki2	
畿	ɡʰi1	
㙨	ɡʰi1	
圻	ɡʰi1	
圻	ŋin1	
圻	ŋɨn1	
刏	ɡʰi1	
刏	ki1	
刏	kuj3	
𧰙	ɡʰi1	
𦠄	ɡʰi1	
俟	ɡʰi1	
俟	ʐɨ3	
幾	ɡʰi1	
幾	ki1	
幾	ki2	
幾	ɡi3	
蚚	ɡʰi1	
蚚	ɣuj3	
玂	ɡʰi1	
蟣	ɡʰi1	
蟣	ki2	
岓	ɡʰi1	
𪙧	ɡʰi1	
機	ki1	
譏	ki1	
嘰	ki1	
𦺬	ki1	
磯	ki1	
鞿	ki1	
饑	ki1	
禨	ki1	
禨	ki3	
䟇	ki1	
鐖	ki1	
僟	ki1	
璣	ki1	
𧗇	ki1	
希	xi1	
晞	xi1	
莃	xi1	
鵗	xi1	
睎	xi1	
稀	xi1	
豨	xi1	
豨	xi2	
𧻶	xi1	
悕	xi1	
俙	xi1	
俙	xaj1	
俙	xi2	
欷	xi1	
欷	xi3	
依	ʔi1	
郼	ʔi1	
衣	ʔi1	
衣	ʔi3	
㛄	ʔi1	
㐆	ʔi1	
㐆	ʔin2	
䧇	ʔi1	
㥋	ʔi1	
㥋	ʔi2	
沂	ŋi1	
凒	ŋi1	
巍	ŋyj1	
犩	ŋyj1	
犩	ŋyj3	
歸	kyj1	
㱕	kyj1	
魚	ŋjɯ1	
𩺰	ŋjɯ1	
漁	ŋjɯ1	
𩼪	ŋjɯ1	
䰻	ŋjɯ1	
䱷	ŋjɯ1	
齬	ŋjɯ1	
齬	ŋu1	
齬	ˀŋjɯ2	
鋙	ŋjɯ1	
鋙	ˀŋjɯ2	
䁩	ŋjɯ1	
衙	ŋjɯ1	
衙	ŋa1	
衙	ˀŋjɯ2	
初	tʂʰɯ1	
𠿝	tʂʰɯ1	
書	ʂjɯ1	
鵨	ʂjɯ1	
瑹	ʂjɯ1	
舒	ʂjɯ1	
𦺗	ʂjɯ1	
紓	ʂjɯ1	
紓	ʐjɯ3	
𨛭	ʂjɯ1	
𡨢	kjɯ1	
据	kjɯ1	
裾	kjɯ1	
琚	kjɯ1	
䝻	kjɯ1	
鶋	kjɯ1	
車	kjɯ1	
車	tʂʰja1	
蜛	kjɯ1	
崌	kjɯ1	
椐	kjɯ1	
椐	kʰjɯ1	
椐	kjɯ3	
涺	kjɯ1	
𦱅	kjɯ1	
腒	kjɯ1	
腒	ɡʰjɯ1	
渠	ɡʰjɯ1	
𨎶	ɡʰjɯ1	
𦄽	ɡʰjɯ1	
璩	ɡʰjɯ1	
磲	ɡʰjɯ1	
蕖	ɡʰjɯ1	
籧	ɡʰjɯ1	
𥴧	ɡʰjɯ1	
𥴧	kjɯ2	
淭	ɡʰjɯ1	
醵	ɡʰjɯ1	
醵	ɡjɯ3	
醵	ɡjɑk4	
𪆫	ɡʰjɯ1	
螶	ɡʰjɯ1	
蟝	ɡʰjɯ1	
䝣	ɡʰjɯ1	
豦	ɡʰjɯ1	
豦	kjɯ3	
蘧	ɡʰjɯ1	
蘧	ɡʰɥu1	
鐻	ɡʰjɯ1	
鐻	ɡjɯ3	
鐻	kjɯ3	
璖	ɡʰjɯ1	
𨞙	ɡʰjɯ1	
㯫	ɡʰjɯ1	
䟊	ɡʰjɯ1	
𦼫	ɡʰjɯ1	
𦼫	ɡjɯ3	
䆽	ɡʰjɯ1	
𧝔	ɡʰjɯ1	
懅	ɡʰjɯ1	
余	jɯ1	
余	dʐʰja1	
蜍	jɯ1	
蜍	dʐʰjɯ1	
藇	jɯ1	
藇	sjɯ1	
藇	ˀjɯ2	
藇	zjɯ3	
藇	jɯ3	
㶛	jɯ1	
餘	jɯ1	
輿	jɯ1	
輿	jɯ3	
旟	jɯ1	
鵌	jɯ1	
鵌	dʰu1	
璵	jɯ1	
艅	jɯ1	
畬	jɯ1	
畬	ʂja1	
𤰩	jɯ1	
歟	jɯ1	
歟	ˀjɯ2	
歟	jɯ3	
與	jɯ1	
與	ˀjɯ2	
與	jɯ3	
譽	jɯ1	
譽	jɯ3	
嬩	jɯ1	
舁	jɯ1	
擧	jɯ1	
妤	jɯ1	
伃	jɯ1	
㦛	jɯ1	
㦛	ˀjɯ2	
𪋮	jɯ1	
𪋮	jɯ3	
予	jɯ1	
予	ˀjɯ2	
㺞	jɯ1	
𩦡	jɯ1	
𩦡	jɯ3	
𧾚	jɯ1	
狳	jɯ1	
鸒	jɯ1	
鸒	jɯ3	
雓	jɯ1	
胥	sjɯ1	
胥	sjɯ2	
䱬	sjɯ1	
䈝	sjɯ1	
稰	sjɯ1	
稰	sjɯ2	
楈	sjɯ1	
楈	sjɯ2	
諝	sjɯ1	
諝	sjɯ2	
㥠	sjɯ1	
㥠	sjɯ2	
湑	sjɯ1	
湑	sjɯ2	
蝑	sjɯ1	
蝑	sja3	
揟	sjɯ1	
疽	tsʰjɯ1	
岨	tsʰjɯ1	
砠	tsʰjɯ1	
䢸	tsʰjɯ1	
趄	tsʰjɯ1	
苴	tsʰjɯ1	
苴	tsjɯ1	
苴	dʐʰa1	
苴	tsjɯ2	
沮	tsʰjɯ1	
沮	tsjɯ1	
沮	tʂɯ1	
沮	dzjɯ3	
沮	tsjɯ3	
狙	tsʰjɯ1	
䏣	tsʰjɯ1	
䏣	tsʰjɯ3	
蛆	tsʰjɯ1	
蛆	tsjɯ1	
雎	tsʰjɯ1	
蒩	tsʰjɯ1	
蒩	tsu1	
蒩	tsu2	
𣻐	tsʰjɯ1	
伹	tsʰjɯ1	
伹	dzu3	
坥	tsʰjɯ1	
坥	tsʰjɯ3	
𡳆	tsʰjɯ1	
鉏	dʐʰɯ1	
鉏	dʐɯ3	
鋤	dʐʰɯ1	
耡	dʐʰɯ1	
耡	dʐɯ3	
豠	dʐʰɯ1	
𧱑	dʐʰɯ1	
𪆷	dʐʰɯ1	
攄	tɻʰjɯ1	
㯉	tɻʰjɯ1	
筡	tɻʰjɯ1	
筡	dʰu1	
摴	tɻʰjɯ1	
疏	ʂɯ1	
疏	ʂɯ3	
梳	ʂɯ1	
綀	ʂɯ1	
蔬	ʂɯ1	
疎	ʂɯ1	
𥿇	ʂɯ1	
𥿇	kʰjɯ2	
𦌿	ʂɯ1	
𤕟	ʂɯ1	
㽰	ʂɯ1	
疋	ʂɯ1	
疋	ʂɯ2	
疋	ˀŋa2	
虛	xjɯ1	
虛	kʰjɯ1	
驉	xjɯ1	
歔	xjɯ1	
噓	xjɯ1	
噓	xjɯ3	
魖	xjɯ1	
𥛳	xjɯ1	
徐	zjɯ1	
䣄	zjɯ1	
䣄	dʰu1	
䍱	zjɯ1	
俆	zjɯ1	
於	ʔjɯ1	
於	ʔu1	
扵	ʔjɯ1	
箊	ʔjɯ1	
淤	ʔjɯ1	
淤	ʔjɯ3	
唹	ʔjɯ1	
豬	tɻjɯ1	
䐗	tɻjɯ1	
猪	tɻjɯ1	
瀦	tɻjɯ1	
櫫	tɻjɯ1	
藸	tɻjɯ1	
藸	dɻʰjɯ1	
臚	ljɯ1	
閭	ljɯ1	
䰕	ljɯ1	
䰕	lu1	
廬	ljɯ1	
蘆	ljɯ1	
蘆	lu1	
櫚	ljɯ1	
驢	ljɯ1	
藘	ljɯ1	
䕡	ljɯ1	
爈	ljɯ1	
𤁵	ljɯ1	
㠠	ljɯ1	
櫖	ljɯ1	
櫖	ljɯ3	
璷	ljɯ1	
䮉	ljɯ1	
𥶆	ljɯ1	
𢣻	ljɯ1	
諸	tʂjɯ1	
諸	tʂja1	
櫧	tʂjɯ1	
㶆	tʂjɯ1	
藷	tʂjɯ1	
藷	ʐjɯ3	
𧄔	tʂjɯ1	
𧄔	dʐʰjɯ1	
䃴	tʂjɯ1	
蠩	tʂjɯ1	
除	dɻʰjɯ1	
除	dɻjɯ3	
躇	dɻʰjɯ1	
儲	dɻʰjɯ1	
涂	dɻʰjɯ1	
涂	dʰu1	
篨	dɻʰjɯ1	
𦿀	dɻʰjɯ1	
宁	dɻʰjɯ1	
宁	dɻjɯ3	
㾻	dɻʰjɯ1	
㾻	dɻjɯ3	
㾻	tɻʰjɯ3	
著	dɻʰjɯ1	
著	tɻjɯ2	
著	tɻjɯ3	
著	tɻjɑk4	
著	dɻjɑk4	
滁	dɻʰjɯ1	
蒢	dɻʰjɯ1	
屠	dɻʰjɯ1	
屠	dʰu1	
如	ɻjɯ1	
如	ɻjɯ3	
蕠	ɻjɯ1	
𨚴	ɻjɯ1	
洳	ɻjɯ1	
洳	ɻjɯ3	
鴽	ɻjɯ1	
𨾵	ɻjɯ1	
𡫽	ɻjɯ1	
𡫽	ˀɻjɯ2	
𡫽	ʔjɯ3	
茹	ɻjɯ1	
茹	ˀɻjɯ2	
茹	ɻjɯ3	
且	tsjɯ1	
且	tsʰja2	
墟	kʰjɯ1	
𥬔	kʰjɯ1	
袪	kʰjɯ1	
阹	kʰjɯ1	
胠	kʰjɯ1	
胠	kʰjɯ3	
胠	kʰjɛp4	
魼	kʰjɯ1	
魼	tʰap4	
㠊	kʰjɯ1	
𢴮	kʰjɯ1	
㭕	kʰjɯ1	
䒧	kʰjɯ1	
䒧	kʰjɯ3	
菹	tʂɯ1	
𧗘	tʂɯ1	
䶥	tʂɯ1	
䶥	tʂa1	
䶥	dʐʰa1	
袽	njɯ1	
帤	njɯ1	
𣭠	njɯ1	
蒘	njɯ1	
蒘	na1	
𣖹	njɯ1	
挐	njɯ1	
挐	na1	
虞	ŋɥu1	
𩦢	ŋɥu1	
愚	ŋɥu1	
娛	ŋɥu1	
娛	ŋu3	
湡	ŋɥu1	
堣	ŋɥu1	
𪃍	ŋɥu1	
嵎	ŋɥu1	
髃	ŋɥu1	
髃	ˀŋɨw2	
禺	ŋɥu1	
禺	ŋɥu3	
隅	ŋɥu1	
䴁	ŋɥu1	
䴁	ŋɥu3	
鍝	ŋɥu1	
澞	ŋɥu1	
𧍪	ŋɥu1	
㷒	ŋɥu1	
齵	ŋɥu1	
齵	ŋɨw1	
鸆	ŋɥu1	
𨜖	ŋɥu1	
芻	tʂʰu1	
犓	tʂʰu1	
無	ʋu1	
毋	ʋu1	
瞴	ʋu1	
瞴	ˀʋu2	
膴	ʋu1	
膴	xu1	
膴	ˀʋu2	
蕪	ʋu1	
誣	ʋu1	
巫	ʋu1	
莁	ʋu1	
璑	ʋu1	
𨼊	ʋu1	
䉑	ʋu1	
䉑	mu1	
鷡	ʋu1	
𦌬	ʋu1	
𦌬	ˀʋu2	
蝥	ʋu1	
蝥	maw1	
蝥	mɨw1	
蝥	ʋu3	
𢜮	ʋu1	
𢜮	ˀʋu2	
𢜮	ˀmu2	
无	ʋu1	
无	mu1	
𢃀	ʋu1	
譕	ʋu1	
墲	ʋu1	
墲	mu1	
墲	pʰu1	
鵐	ʋu1	
憮	ʋu1	
憮	ˀʋu2	
䍢	ʋu1	
于	ɰɥu1	
迂	ɰɥu1	
迂	ʔɥu1	
迂	ʔɥu2	
盂	ɰɥu1	
邘	ɰɥu1	
雩	ɰɥu1	
雩	xɥu1	
𦏴	ɰɥu1	
竽	ɰɥu1	
玗	ɰɥu1	
芋	ɰɥu1	
芋	ɰɥu3	
汙	ɰɥu1	
汙	ʔu3	
䣿	ɰɥu1	
䣿	xɥu1	
䣿	ʔɥu1	
杅	ɰɥu1	
釪	ɰɥu1	
𧘘	ɰɥu1	
骬	ɰɥu1	
𠌶	ɰɥu1	
𠌶	xɥu1	
謣	ɰɥu1	
䩒	ɰɥu1	
䩒	xɥu1	
䩒	ʔɥu1	
䢓	ɰɥu1	
𦱃	ɰɥu1	
訏	xɥu1	
吁	xɥu1	
吁	ɰɥu3	
欨	xɥu1	
欨	xɥu2	
㽳	xɥu1	
盱	xɥu1	
𧙆	xɥu1	
𥈈	xɥu1	
姁	xɥu1	
姁	ɡʰɥu1	
姁	xɥu2	
姁	xɥu3	
𦀒	xɥu1	
𦀒	xɥu2	
扜	xɥu1	
扜	ʔɥu1	
荂	xɥu1	
荂	fu1	
𢖳	xɥu1	
旴	xɥu1	
㰭	xɥu1	
虖	xɥu1	
虖	ɣu1	
虖	xu1	
𣚏	xɥu1	
衢	ɡʰɥu1	
劬	ɡʰɥu1	
軥	ɡʰɥu1	
軥	kɨw1	
軥	kɨw3	
氍	ɡʰɥu1	
胊	ɡʰɥu1	
䧁	ɡʰɥu1	
䧁	xɥu2	
臞	ɡʰɥu1	
臞	ɡɥu3	
癯	ɡʰɥu1	
鴝	ɡʰɥu1	
鴝	kɨw1	
鸜	ɡʰɥu1	
灈	ɡʰɥu1	
躣	ɡʰɥu1	
忂	ɡʰɥu1	
𩢳	ɡʰɥu1	
鼩	ɡʰɥu1	
斪	ɡʰɥu1	
句	ɡʰɥu1	
句	kɨw1	
句	kɥu3	
句	kɨw3	
蠷	ɡʰɥu1	
瞿	ɡʰɥu1	
瞿	kɥu3	
欋	ɡʰɥu1	
葋	ɡʰɥu1	
翵	ɡʰɥu1	
翵	ɣɨw1	
𦐛	ɡʰɥu1	
𦐛	kɥu2	
蚼	ɡʰɥu1	
蚼	xɨw2	
𪓞	ɡʰɥu1	
𪓞	kɨw1	
𧾱	ɡʰɥu1	
䞤	ɡʰɥu1	
䞤	fu2	
𠣪	ɡʰɥu1	
絇	ɡʰɥu1	
絇	kɥu3	
𡱺	ɡʰɥu1	
𥃔	ɡʰɥu1	
𥗫	ɡʰɥu1	
𥗫	kɥu1	
戵	ɡʰɥu1	
鑺	ɡʰɥu1	
儒	ɻɥu1	
獳	ɻɥu1	
獳	nɨw1	
濡	ɻɥu1	
濡	nwɑn1	
襦	ɻɥu1	
懦	ɻɥu1	
嚅	ɻɥu1	
鱬	ɻɥu1	
𪋯	ɻɥu1	
𪋯	sɥu1	
嬬	ɻɥu1	
繻	ɻɥu1	
繻	sɥu1	
顬	ɻɥu1	
䞕	ɻɥu1	
臑	ɻɥu1	
醹	ɻɥu1	
醹	ˀɻɥu2	
㼱	ɻɥu1	
㼱	ˀɻɥɛn2	
㼱	tsyn3	
䰰	ɻɥu1	
䰰	nɨw1	
須	sɥu1	
鬚	sɥu1	
嬃	sɥu1	
𩓣	sɥu1	
𥪥	sɥu1	
𢄼	sɥu1	
需	sɥu1	
娶	sɥu1	
娶	tsʰɥu3	
緰	sɥu1	
緰	dʰɨw1	
蕦	sɥu1	
鑐	sɥu1	
隃	sɥu1	
隃	jɥu1	
隃	ʂɥu1	
隃	ʂɥu3	
株	tɻɥu1	
誅	tɻɥu1	
邾	tɻɥu1	
鼄	tɻɥu1	
蛛	tɻɥu1	
跦	tɻɥu1	
袾	tɻɥu1	
袾	tʂʰɥu1	
列	tɻɥu1	
列	ljɛt4	
㦵	tɻɥu1	
鴸	tɻɥu1	
鴸	tʂɥu1	
𪏿	tɻɥu1	
貙	tɻʰɥu1	
𤠾	tɻʰɥu1	
殊	dʐʰɥu1	
銖	dʐʰɥu1	
洙	dʐʰɥu1	
茱	dʐʰɥu1	
㼡	dʐʰɥu1	
殳	dʐʰɥu1	
𢎦	dʐʰɥu1	
㸡	dʐʰɥu1	
𦤂	dʐʰɥu1	
陎	dʐʰɥu1	
𠘧	dʐʰɥu1	
杸	dʐʰɥu1	
逾	jɥu1	
踰	jɥu1	
窬	jɥu1	
窬	dʰɨw1	
窬	dɨw3	
臾	jɥu1	
臾	ɡyj3	
楰	jɥu1	
楰	ˀjɥu2	
腴	jɥu1	
諛	jɥu1	
鄃	jɥu1	
鄃	ʂɥu1	
覦	jɥu1	
覦	jɥu3	
𨵦	jɥu1	
俞	jɥu1	
俞	tɻʰiw3	
歈	jɥu1	
歈	dʰɨw1	
愉	jɥu1	
𢋅	jɥu1	
𢋅	jiw1	
揄	jɥu1	
揄	jiw1	
揄	dʰɨw1	
揄	dɨw3	
褕	jɥu1	
褕	jɛw1	
瑜	jɥu1	
崳	jɥu1	
㥚	jɥu1	
㥚	ˀjɥu2	
羭	jɥu1	
蝓	jɥu1	
榆	jɥu1	
萸	jɥu1	
堬	jɥu1	
牏	jɥu1	
牏	dʰɨw1	
牏	dɻɥu3	
渝	jɥu1	
媮	jɥu1	
媮	tʰɨw1	
𤜹	jɥu1	
㳛	jɥu1	
㳛	jiw1	
𤧙	jɥu1	
瘉	jɥu1	
瘉	ˀjɥu2	
螸	jɥu1	
蕍	jɥu1	
𦺮	jɥu1	
𦺮	ˀjɥu2	
䩱	jɥu1	
䩱	ʂɥu3	
䜽	jɥu1	
萮	jɥu1	
蘛	jɥu1	
蘛	jiwk4	
舀	jɥu1	
舀	jiw1	
舀	ˀjɛw2	
㼶	jɥu1	
騟	jɥu1	
𢔢	jɥu1	
𥯮	jɥu1	
𥔢	jɥu1	
區	kʰɥu1	
區	ʔɨw1	
鰸	kʰɥu1	
驅	kʰɥu1	
驅	kʰɥu3	
敺	kʰɥu1	
嶇	kʰɥu1	
軀	kʰɥu1	
摳	kʰɥu1	
摳	kʰɨw1	
䧢	kʰɥu1	
朱	tʂɥu1	
珠	tʂɥu1	
侏	tʂɥu1	
絑	tʂɥu1	
祩	tʂɥu1	
祩	tʂɥu3	
咮	tʂɥu1	
咮	tɻiw1	
咮	tɻɥu3	
咮	tɻiw3	
鮢	tʂɥu1	
𤝹	tʂɥu1	
硃	tʂɥu1	
趨	tsʰɥu1	
鯫	tsʰɥu1	
鯫	dzʰɨw1	
鯫	dzɨw3	
慺	lɥu1	
慺	lɨw1	
慺	ˀlɥu2	
蔞	lɥu1	
蔞	lɨw1	
蔞	ˀlɥu2	
氀	lɥu1	
瞜	lɥu1	
瞜	lɨw1	
䱾	lɥu1	
䱾	lɨw1	
嶁	lɥu1	
嶁	ˀlɥu2	
嶁	ˀlɨw2	
䝏	lɥu1	
䝏	lɨw1	
㺏	lɥu1	
摟	lɥu1	
摟	lɨw1	
鷜	lɥu1	
鷜	lɨw1	
鏤	lɥu1	
鏤	lɨw3	
䣚	lɥu1	
䣚	lɨw1	
婁	lɥu1	
婁	lɨw1	
瘻	lɥu1	
瘻	lɨw3	
𤗬	lɥu1	
膢	lɥu1	
膢	lɨw1	
扶	vu1	
扶	fu1	
𢻳	vu1	
芙	vu1	
符	vu1	
颫	vu1	
鳧	vu1	
榑	vu1	
苻	vu1	
蚨	vu1	
夫	vu1	
夫	fu1	
𦽏	vu1	
𣿆	vu1	
枹	vu1	
枹	paw1	
枹	vɨw1	
瓿	vu1	
瓿	bɨw3	
𧥱	vu1	
枎	vu1	
坿	vu1	
坿	vu3	
泭	vu1	
泭	fu1	
𣻜	vu1	
𤱽	vu1	
𣘧	vu1	
𣻥	vu1	
𢞦	vu1	
𦑹	vu1	
𥄑	vu1	
玸	vu1	
䅳	dʐʰu1	
雛	dʐʰu1	
鶵	dʐʰu1	
媰	dʐʰu1	
㑳	tʂu1	
㑳	dʐɨw3	
㑳	nap4	
搊	tʂu1	
搊	tʂʰɨw1	
搊	tʂɨw2	
敷	fu1	
麩	fu1	
麱	fu1	
孚	fu1	
𣞒	fu1	
郛	fu1	
鄜	fu1	
鄜	luk4	
鋪	fu1	
鋪	pʰu1	
鋪	pʰu3	
筟	fu1	
俘	fu1	
痡	fu1	
痡	pʰu1	
殍	fu1	
殍	bi3	
殍	bjɛw3	
怤	fu1	
䎔	fu1	
𧀮	fu1	
孵	fu1	
豧	fu1	
豧	fu3	
豧	pʰɨw3	
尃	fu1	
䱐	fu1	
䱐	vɨw1	
罦	fu1	
罦	vu1	
稃	fu1	
𥹃	fu1	
莩	fu1	
莩	bjɛw3	
郙	fu1	
郙	fu2	
㕊	fu1	
桴	fu1	
桴	vu1	
䒀	fu1	
䒀	bu3	
㩤	fu1	
姇	fu1	
紨	fu1	
䓵	fu1	
㲗	fu1	
䓏	fu1	
秿	fu1	
秿	pu1	
秿	vu3	
諏	tsɥu1	
㖩	tsɥu1	
𡸨	tsɥu1	
娵	tsɥu1	
陬	tsɥu1	
陬	tʂɨw1	
陬	tsɨw1	
掫	tsɥu1	
掫	tsɨw1	
掫	tʂɨw2	
跗	fu1	
跗	vu3	
趺	fu1	
膚	fu1	
肤	fu1	
邞	fu1	
鈇	fu1	
衭	fu1	
㠸	fu1	
玞	fu1	
𩿧	fu1	
𧀴	fu1	
簠	fu1	
簠	fu2	
簠	fu3	
鳺	fu1	
柎	fu1	
𩬙	fu1	
𩬙	fu3	
𩵩	fu1	
䄮	fu1	
䃿	fu1	
妋	fu1	
妋	ʔiw1	
紆	ʔɥu1	
陓	ʔɥu1	
䩽	ʔɥu1	
䙔	ʔɥu1	
䙔	ʔɨw1	
䙔	ʔɨw2	
䙔	ʔɨw3	
蓲	ʔɥu1	
蓲	kʰiw1	
蓲	ʔɨw1	
蓲	ʔɥu3	
㝼	ʔɥu1	
虶	ʔɥu1	
䨕	ʔɥu1	
輸	ʂɥu1	
輸	ʂɥu3	
樞	tʂʰɥu1	
姝	tʂʰɥu1	
𩪍	tʂʰɥu1	
䇬	tʂʰɥu1	
廚	dɻʰɥu1	
躕	dɻʰɥu1	
趎	dɻʰɥu1	
幮	dɻʰɥu1	
裯	dɻʰɥu1	
裯	tɑw1	
裯	dɻʰiw1	
拘	kɥu1	
駒	kɥu1	
䀠	kɥu1	
䀠	kɥu3	
眗	kɥu1	
岣	kɥu1	
岣	kɨw2	
㪺	kɥu1	
𨞜	kɥu1	
捄	kɥu1	
捄	ɡʰiw1	
跔	kɥu1	
鮈	kɥu1	
俱	kɥu1	
痀	kɥu1	
𥇛	kɥu1	
毹	ʂu1	
㡏	ʂu1	
㡏	ʂu3	
橾	ʂu1	
橾	sɨw2	
螋	ʂu1	
螋	ʂɨw1	
模	mu1	
橅	mu1	
摸	mu1	
摸	mɑk4	
嫫	mu1	
㡔	mu1	
㡔	ʋu3	
㡔	muk4	
𨡭	mu1	
𨡭	mɨw1	
謨	mu1	
𠻚	mu1	
膜	mu1	
膜	mɑk4	
酺	bʰu1	
匍	bʰu1	
蜅	bʰu1	
蜅	fu2	
荹	bʰu1	
荹	bu3	
樸	bʰu1	
樸	buk4	
樸	puk4	
樸	pʰak4	
菩	bʰu1	
菩	buj3	
菩	vɨw3	
菩	bujk4	
䔕	bʰu1	
蒲	bʰu1	
蒱	bʰu1	
䈻	bʰu1	
胡	ɣu1	
𩑶	ɣu1	
𠴱	ɣu1	
壺	ɣu1	
狐	ɣu1	
瓳	ɣu1	
餬	ɣu1	
瑚	ɣu1	
湖	ɣu1	
鶘	ɣu1	
猢	ɣu1	
醐	ɣu1	
𪏻	ɣu1	
䊀	ɣu1	
𪍒	ɣu1	
糊	ɣu1	
弧	ɣu1	
乎	ɣu1	
𠂞	ɣu1	
𪕱	ɣu1	
瓠	ɣu1	
瓠	ɣu3	
葫	ɣu1	
葫	xu1	
㾰	ɣu1	
魱	ɣu1	
箶	ɣu1	
䉉	ɣu1	
䉉	ku1	
𥶜	ɣu1	
𧛞	ɣu1	
㯛	ɣu1	
孤	ku1	
苽	ku1	
菰	ku1	
胍	ku1	
𡗷	ku1	
姑	ku1	
辜	ku1	
呱	ku1	
泒	ku1	
酤	ku1	
酤	ɣu3	
酤	ku3	
觚	ku1	
蛄	ku1	
箛	ku1	
鴣	ku1	
橭	ku1	
橭	kʰu1	
𠷞	ku1	
沽	ku1	
沽	ku2	
沽	ku3	
柧	ku1	
𨬟	ku1	
𧇡	ku1	
盬	ku1	
盬	ku2	
嫴	ku1	
罛	ku1	
軱	ku1	
箍	ku1	
䐻	ku1	
㼋	ku1	
㼋	ˀɻjɯ2	
徒	dʰu1	
𨑒	dʰu1	
瘏	dʰu1	
塗	dʰu1	
塗	dɻʰa1	
途	dʰu1	
酴	dʰu1	
駼	dʰu1	
𤙛	dʰu1	
梌	dʰu1	
梌	tʰu1	
梌	dɻʰa1	
㭸	dʰu1	
荼	dʰu1	
荼	ʐja1	
荼	dɻʰa1	
圖	dʰu1	
啚	dʰu1	
啚	pi2	
廜	dʰu1	
䣝	dʰu1	
䣝	dɻʰa1	
菟	dʰu1	
菟	tʰu3	
捈	dʰu1	
捈	tʰu1	
䅷	dʰu1	
嵞	dʰu1	
峹	dʰu1	
𣘻	dʰu1	
𣘻	dɻʰa1	
鍍	dʰu1	
鍍	du3	
䤅	dʰu1	
䤅	dʰɨw1	
蒤	dʰu1	
䖘	dʰu1	
鷵	dʰu1	
奴	nu1	
㚢	nu1	
砮	nu1	
砮	ˀnu2	
駑	nu1	
帑	nu1	
帑	tʰɑŋ2	
孥	nu1	
笯	nu1	
笯	na1	
笯	nu3	
呼	xu1	
嘑	xu1	
𧦝	xu1	
歑	xu1	
謼	xu1	
謼	xu3	
幠	xu1	
恗	xu1	
軤	xu1	
虍	xu1	
苸	xu1	
雐	xu1	
䰧	xu1	
滹	xu1	
吾	ŋu1	
吾	ŋa1	
鼯	ŋu1	
𪁙	ŋu1	
𧋋	ŋu1	
吳	ŋu1	
浯	ŋu1	
䓊	ŋu1	
㹳	ŋu1	
㻍	ŋu1	
珸	ŋu1	
蜈	ŋu1	
郚	ŋu1	
鯃	ŋu1	
娪	ŋu1	
鋘	ŋu1	
鋘	ɣwa1	
梧	ŋu1	
峿	ŋu1	
麌	ŋu1	
麌	ˀŋɥu2	
𦨼	ŋu1	
祦	ŋu1	
租	tsu1	
盧	lu1	
鑪	lu1	
壚	lu1	
籚	lu1	
顱	lu1	
髗	lu1	
鱸	lu1	
攎	lu1	
櫨	lu1	
轤	lu1	
黸	lu1	
獹	lu1	
鸕	lu1	
艫	lu1	
纑	lu1	
瀘	lu1	
瓐	lu1	
爐	lu1	
玈	lu1	
𢐸	lu1	
㢚	lu1	
㢚	ˀlu2	
𤮧	lu1	
嚧	lu1	
矑	lu1	
㿖	lu1	
㿖	lu3	
㭔	lu1	
㭔	ˀlu2	
𧇄	lu1	
𧆨	lu1	
罏	lu1	
蠦	lu1	
㪭	lu1	
𦿊	lu1	
蘇	su1	
穌	su1	
㢝	su1	
酥	su1	
徂	dzʰu1	
䢐	dzʰu1	
殂	dzʰu1	
𣨐	dzʰu1	
烏	ʔu1	
嗚	ʔu1	
洿	ʔu1	
洿	ɣu3	
汚	ʔu1	
杇	ʔu1	
圬	ʔu1	
釫	ʔu1	
釫	ɣwa1	
鰞	ʔu1	
歍	ʔu1	
鎢	ʔu1	
𢎰	ʔu1	
𢎰	kʰu1	
瑦	ʔu1	
瑦	ʔu2	
鄔	ʔu1	
鄔	ʔu2	
鄔	ʔjɯ3	
盓	ʔu1	
螐	ʔu1	
惡	ʔu1	
惡	ʔu3	
惡	ʔɑk4	
扝	ʔu1	
扝	kʰu1	
𦶀	ʔu1	
㮧	ʔu1	
鴮	ʔu1	
逋	pu1	
餔	pu1	
餔	bu3	
𥂈	pu1	
晡	pu1	
庯	pu1	
陠	pu1	
陠	pʰu1	
鵏	pu1	
鵏	bu3	
𧻷	pu1	
峬	pu1	
誧	pu1	
誧	pʰu1	
誧	pʰu2	
誧	pʰu3	
鯆	pu1	
鯆	pʰu1	
鯆	fu2	
抪	pu1	
抪	pu3	
枯	kʰu1	
刳	kʰu1	
郀	kʰu1	
軲	kʰu1	
㱠	kʰu1	
跍	kʰu1	
挎	kʰu1	
鮬	kʰu1	
鮬	bu3	
麤	tsʰu1	
麁	tsʰu1	
𧆓	tsʰu1	
𧆓	tsʰu2	
𥼡	tsʰu1	
觕	tsʰu1	
觕	dzu3	
觕	tʂʰywk4	
𤿚	tsʰu1	
𤿚	tsʰjɯ2	
㻌	tʰu1	
稌	tʰu1	
稌	tʰu2	
悇	tʰu1	
悇	jɯ3	
悇	tɻʰjɯ3	
嶀	tʰu1	
㻯	tʰu1	
𡸂	tʰu1	
庩	tʰu1	
䞮	tʰu1	
㻬	tʰu1	
䩣	tʰu1	
都	tu1	
𥳉	tu1	
闍	tu1	
闍	dʐʰja1	
𦘴	tu1	
𦘴	tu3	
𧷿	tu1	
醏	tu1	
䩲	tu1	
𥠵	pʰu1	
𩹲	pʰu1	
𨁏	pʰu1	
𧱹	pʰu1	
䮒	pʰu1	
𢼹	pʰu1	
齊	dzʰi1	
齊	dzi3	
臍	dzʰi1	
麡	dzʰi1	
麡	tsi1	
麡	dʐʰaj1	
𪗍	dzʰi1	
懠	dzʰi1	
懠	dzi3	
䶒	dzʰi1	
癠	dzʰi1	
癠	dzi3	
癠	tsi2	
𨥦	dzʰi1	
𨥦	tsi1	
黎	li1	
犁	li1	
𤛿	li1	
黧	li1	
藜	li1	
𦃇	li1	
盠	li1	
盠	ˀli2	
邌	li1	
𨛫	li1	
廲	li1	
瓈	li1	
𥌛	li1	
𩧋	li1	
㦒	li1	
𨿯	li1	
妻	tsʰi1	
妻	tsʰi3	
萋	tsʰi1	
淒	tsʰi1	
凄	tsʰi1	
悽	tsʰi1	
鶈	tsʰi1	
緀	tsʰi1	
緀	tsʰi2	
齌	tsʰi1	
齌	tsi1	
齌	dzi3	
霋	tsʰi1	
低	ti1	
袛	ti1	
磾	ti1	
鞮	ti1	
腣	ti1	
腣	ti3	
羝	ti1	
眡	ti1	
眡	ʐjɨ3	
隄	ti1	
隄	dʰi1	
䧑	ti1	
奃	ti1	
趆	ti1	
趆	ti3	
𡰖	ti1	
𡰖	dʰi1	
鍉	ti1	
柢	ti1	
柢	ti2	
柢	ti3	
䐎	ti1	
䚣	ti1	
䚣	dʰi1	
𥿄	ti1	
揥	ti1	
揥	tʰi3	
揥	tɻʰi3	
㓳	ti1	
䬫	ti1	
䬫	dʰi1	
嗁	dʰi1	
啼	dʰi1	
㖒	dʰi1	
蹏	dʰi1	
蹄	dʰi1	
𥶛	dʰi1	
𥶛	di3	
詆	dʰi1	
詆	ti2	
詆	tʰik4	
瑅	dʰi1	
題	dʰi1	
題	di3	
媞	dʰi1	
媞	ʐjɨ3	
媞	di3	
𧡨	dʰi1	
𧡨	di3	
綈	dʰi1	
罤	dʰi1	
𣹲	dʰi1	
𣖅	dʰi1	
締	dʰi1	
締	di3	
蕛	dʰi1	
稊	dʰi1	
𦯔	dʰi1	
䬾	dʰi1	
醍	dʰi1	
醍	tʰi2	
褆	dʰi1	
褆	ʐjɨ3	
褆	dɻi3	
鵜	dʰi1	
䱱	dʰi1	
崹	dʰi1	
緹	dʰi1	
緹	tʰi2	
鷤	dʰi1	
鷤	dʰan1	
鷤	di3	
騠	dʰi1	
折	dʰi1	
折	tʂjɛt4	
折	ʐjɛt4	
䨑	dʰi1	
銕	dʰi1	
銕	tʰjɛt4	
䖙	dʰi1	
䖙	tʰi1	
𥉘	dʰi1	
𢔭	dʰi1	
𡰄	dʰi1	
厗	dʰi1	
𪂿	dʰi1	
𪂿	di3	
鶙	dʰi1	
蝭	dʰi1	
蝭	ti3	
𨪉	dʰi1	
㡗	dʰi1	
㡗	xʲi1	
銻	dʰi1	
鮷	dʰi1	
趧	dʰi1	
𧋘	dʰi1	
鯷	dʰi1	
鯷	ʐjɨ3	
鯷	di3	
睼	dʰi1	
睼	tʰjɛn3	
豍	pʲi1	
㡙	pʲi1	
螕	pʲi1	
𦱔	pʲi1	
蓖	pʲi1	
篦	pʲi1	
梐	pʲi1	
梐	bʲi3	
𥏠	pʲi1	
𨻼	pʲi1	
𨻼	pʲʰi1	
狴	pʲi1	
鎞	pʲi1	
䚜	pʲi1	
雞	kʲi1	
鷄	kʲi1	
稽	kʲi1	
稽	kʲʰi2	
枅	kʲi1	
笄	kʲi1	
㮷	kʲi1	
䗗	kʲi1	
卟	kʲi1	
卟	kʲʰi2	
𥝌	kʲi1	
𥝌	ŋɑj3	
𨪴	kʲi1	
奚	ɣʲi1	
豯	ɣʲi1	
徯	ɣʲi1	
徯	ɣʲi3	
㜎	ɣʲi1	
蹊	ɣʲi1	
螇	ɣʲi1	
螇	kʲʰi1	
榽	ɣʲi1	
榽	ɣaj1	
騱	ɣʲi1	
胿	ɣʲi1	
胿	kʲyj1	
𡗞	ɣʲi1	
郋	ɣʲi1	
𪓷	ɣʲi1	
傒	ɣʲi1	
嵇	ɣʲi1	
兮	ɣʲi1	
鼷	ɣʲi1	
蒵	ɣʲi1	
蒵	ɣʲi3	
貕	ɣʲi1	
鷖	ʔʲi1	
翳	ʔʲi1	
翳	ʔʲi3	
𧫦	ʔʲi1	
嫛	ʔʲi1	
黳	ʔʲi1	
𦎣	ʔʲi1	
𦎣	ʔʲin1	
𦎣	ʔan1	
㙠	ʔʲi1	
㙠	ʔʲi3	
䃜	ʔʲi1	
繄	ʔʲi1	
繄	ʔʲi3	
䚷	ʔʲi1	
䚷	ʔʲi2	
𣕁	ʔʲi1	
𣕁	ŋʲi1	
倪	ŋʲi1	
蜺	ŋʲi1	
蜺	ŋʲjɛt4	
霓	ŋʲi1	
霓	ŋʲi3	
霓	ŋʲjɛt4	
郳	ŋʲi1	
齯	ŋʲi1	
婗	ŋʲi1	
輗	ŋʲi1	
棿	ŋʲi1	
猊	ŋʲi1	
麑	ŋʲi1	
貎	ŋʲi1	
鯢	ŋʲi1	
䘽	ŋʲi1	
䘽	ˀŋʲi2	
䘽	ŋʲjɛt4	
𠆵	ŋʲi1	
觬	ŋʲi1	
觬	ˀŋʲi2	
㪒	ŋʲi1	
㪒	ˀŋʲi2	
醯	xʲi1	
䒊	xʲi1	
𦫬	xʲi1	
橀	xʲi1	
橀	xɑj2	
忚	xʲi1	
西	si1	
卤	si1	
𠧧	si1	
棲	si1	
栖	si1	
栖	si3	
犀	si1	
嘶	si1	
撕	si1	
𤺊	si1	
㯕	si1	
屖	si1	
𧬊	si1	
粞	si1	
粞	saj1	
𠞂	si1	
梯	tʰi1	
睇	tʰi1	
睇	di3	
鷈	tʰi1	
𠥸	tʰi1	
㔸	tʰi1	
𨁃	tʰi1	
𩤽	tʰi1	
鼙	bʲʰi1	
崥	bʲʰi1	
崥	pʲi2	
㼰	bʲʰi1	
笓	bʲʰi1	
磇	pʲʰi1	
𠜱	pʲʰi1	
𪄆	pʲʰi1	
批	pʲʰi1	
賷	tsi1	
䪡	tsi1	
齏	tsi1	
𧆌	tsi1	
櫅	tsi1	
䂑	tsi1	
擠	tsi1	
擠	tsi3	
躋	tsi1	
躋	tsi3	
隮	tsi1	
隮	tsi3	
𢥎	tsi1	
啙	tsi1	
啙	tsɨ2	
啙	dzi3	
迷	mʲi1	
𡝡	mʲi1	
䤍	mʲi1	
麛	mʲi1	
𧠠	mʲi1	
𪓬	mʲi1	
泥	ni1	
泥	ni3	
埿	ni1	
埿	ni3	
埿	bam3	
屔	ni1	
臡	ni1	
臡	ɻi1	
臡	nʌ1	
谿	kʲʰi1	
嵠	kʲʰi1	
溪	kʲʰi1	
磎	kʲʰi1	
鸂	kʲʰi1	
檕	kʲʰi1	
檕	kʲi3	
𤳤	kʲʰi1	
圭	kʲyj1	
珪	kʲyj1	
邽	kʲyj1	
閨	kʲyj1	
袿	kʲyj1	
窐	kʲyj1	
窐	ɣʲyj1	
鮭	kʲyj1	
鮭	kʲʰyj1	
鮭	ɣaj1	
𪊧	kʲyj1	
洼	kʲyj1	
洼	ʔa1	
洼	ʔwa1	
𨾴	kʲyj1	
𡌲	kʲyj1	
𦓯	kʲyj1	
㰪	kʲyj1	
㰪	ʔaj1	
茥	kʲyj1	
茥	kʲʰyj1	
睽	kʲʰyj1	
奎	kʲʰyj1	
湀	kʲʰyj1	
湀	ɡʲyj3	
湀	kʲyj2	
湀	kʲʰɥɛt4	
刲	kʲʰyj1	
𠝥	kʲʰyj1	
䯓	kʲʰyj1	
聧	kʲʰyj1	
䖯	kʲʰyj1	
蝰	kʲʰyj1	
㨒	kʲʰyj1	
楏	kʲʰyj1	
藈	kʲʰyj1	
𡐠	kʲʰyj1	
𡐠	kwaj2	
𡐠	kwa3	
攜	ɣʲyj1	
携	ɣʲyj1	
𩰳	ɣʲyj1	
畦	ɣʲyj1	
驨	ɣʲyj1	
巂	ɣʲyj1	
酅	ɣʲyj1	
𢥘	ɣʲyj1	
𦋅	ɣʲyj1	
𣫴	ɣʲyj1	
𡸔	ɣʲyj1	
讗	ɣʲyj1	
讗	kwiˤk4	
㔒	ɣʲyj1	
䙵	ɣʲyj1	
黊	ɣʲyj1	
黊	ɣwa3	
𡰢	ɣʲyj1	
䀘	ɣʲyj1	
烓	ʔʲyj1	
烓	kʲʰyjŋ2	
𧟼	ʔʲyj1	
𤮰	ʔʲyj1	
睳	xʲyj1	
佳	ka1	
街	kaj1	
㥟	ɣaj1	
膎	ɣaj1	
鞵	ɣaj1	
鞋	ɣaj1	
㨙	ɣaj1	
㨙	ɣʲi3	
䙎	ɣaj1	
牌	bʰaj1	
䱝	bʰaj1	
𥱼	bʰaj1	
棑	bʰaj1	
棑	baj3	
媧	kwa1	
緺	kwa1	
緺	kwʌ1	
𧬭	kwa1	
腡	kwa1	
腡	lwʌ1	
蝸	kwa1	
騧	kwa1	
歄	kwa1	
蛙	ʔwa1	
鼃	ʔwa1	
鼃	ɣwa1	
咼	kʰwa1	
喎	kʰwa1	
絓	kʰwa1	
絓	ɣwa3	
䓙	kʰwa1	
𦹬	kʰwa1	
䦱	kʰwa1	
䦱	ˀɰyj2	
柴	dʐʰa1	
祡	dʐʰaj1	
𪗶	dʐʰaj1	
㧘	dʐʰaj1	
㧘	ɡi3	
㧘	dzɨ3	
㾹	dʐʰaj1	
㾹	dʐaj3	
查	dʐʰa1	
釵	tʂʰa1	
靫	tʂʰaj1	
靫	tʂʰa1	
𩑐	tʂʰaj1	
叉	tʂʰa1	
芆	tʂʰaj1	
䐤	tʂʰaj1	
䐤	tʂʰa1	
㼮	tʂʰaj1	
𠞊	tʂʰaj1	
𠞊	tʂʰa1	
竵	xwa1	
𦶎	xwa1	
𠿎	xwa1	
𩝨	xwa1	
䍲	naj1	
掜	naj1	
掜	ˀŋʲi2	
誽	naj1	
啀	ŋaj1	
𪘲	ŋaj1	
猚	ŋaj1	
猚	ˀlyj2	
厓	ŋaj1	
𩂢	ŋaj1	
𩂢	ŋim1	
娃	ʔa1	
哇	ʔa1	
哇	ʔwa1	
崽	ʂaj1	
諰	ʂaj1	
諰	sɨ2	
㗨	xaj1	
㰨	xaj1	
扠	tɻʰa1	
䁲	maj1	
𩍃	maj1	
皆	kaj1	
偕	kaj1	
䕸	kaj1	
䕸	ɣat4	
稭	kaj1	
稭	kat4	
喈	kaj1	
階	kaj1	
𦝨	kaj1	
𦝨	kʰaj2	
薢	kaj1	
薢	kaj2	
薢	kaj3	
荄	kaj1	
荄	kɑj1	
痎	kaj1	
堦	kaj1	
楷	kaj1	
楷	kʰaj2	
鶛	kaj1	
湝	kaj1	
湝	ɣaj1	
𤭧	kaj1	
𩘅	kaj1	
蝔	kaj1	
蝔	ɣaj1	
鍇	kaj1	
鍇	kʰaj2	
𢰇	ʔaj1	
諧	ɣaj1	
𩤠	ɣaj1	
骸	ɣaj1	
瑎	ɣaj1	
龤	ɣaj1	
䓳	ɣaj1	
䓳	ɣɨn3	
排	bʰaj1	
俳	bʰaj1	
輫	bʰaj1	
輫	bʰuj1	
猈	bʰaj1	
猈	baj3	
𩑢	bʰaj1	
𩑢	bʰuj1	
乖	kwaj1	
𦮃	kwaj1	
𠦬	kwaj1	
㾩	kwaj1	
懷	ɣwaj1	
褱	ɣwaj1	
櫰	ɣwaj1	
櫰	kuj1	
槐	ɣwaj1	
槐	ɣuj1	
㜳	ɣwaj1	
𪊉	ɣwaj1	
㠢	ɣwaj1	
𤜄	ɣwaj1	
淮	ɣwaj1	
褢	ɣwaj1	
𧞷	ɣwaj1	
瀤	ɣwaj1	
匯	kʰwaj1	
匯	ɣuj3	
㨤	kʰwaj1	
㔞	kʰwaj1	
豺	dʐʰaj1	
儕	dʐʰaj1	
𡺵	dʐʰaj1	
䞗	tʂʰaj1	
䞗	tsʰaj1	
虺	xwaj1	
虺	xuj1	
虺	xyj2	
尵	dɻʰwaj1	
尵	dʰuj1	
𩓬	dɻʰwaj1	
埋	maj1	
薶	maj1	
霾	maj1	
㦟	maj1	
齋	tʂaj1	
崴	ʔwaj1	
碨	ʔwaj1	
碨	ʔuj2	
䴜	ʔwaj1	
溾	ʔwaj1	
溾	ɣuj3	
𪘨	tɻaj1	
榸	tɻaj1	
唻	laj1	
唻	ˀlaj2	
揩	kʰaj1	
揩	kʰaj3	
𦂄	kʰaj1	
𢔡	kʰaj1	
𥻄	kʰaj1	
搱	naj1	
𥳧	ʂaj1	
娾	ŋaj1	
娾	ˀŋaj2	
搋	tɻʰa1	
䐯	lwaj1	
膗	dʐʰwaj1	
𢶀	dʐʰwaj1	
灰	xuj1	
䖶	xuj1	
鼿	xuj1	
鼿	ŋut4	
豗	xuj1	
㾯	xuj1	
恢	kʰuj1	
詼	kʰuj1	
悝	kʰuj1	
悝	ˀli2	
魁	kʰuj1	
䈛	kʰuj1	
䈛	kʰwaj3	
䈛	kwaj3	
㷇	kʰuj1	
顝	kʰuj1	
顝	kʰuj2	
顝	kʰut4	
盔	kʰuj1	
隈	ʔuj1	
隈	ʔuj3	
煨	ʔuj1	
䋿	ʔuj1	
渨	ʔuj1	
椳	ʔuj1	
偎	ʔuj1	
揋	ʔuj1	
𧤖	ʔuj1	
葨	ʔuj1	
鰃	ʔuj1	
回	ɣuj1	
洄	ɣuj1	
迴	ɣuj1	
迴	ɣuj3	
徊	ɣuj1	
瑰	ɣuj1	
瑰	kuj1	
蚘	ɣuj1	
蛕	ɣuj1	
蛕	xuj2	
佪	ɣuj1	
烠	ɣuj1	
𤜡	ɣuj1	
𩢱	ɣuj1	
茴	ɣuj1	
枚	muj1	
梅	muj1	
媒	muj1	
玟	muj1	
煤	muj1	
脢	muj1	
脢	muj3	
脄	muj1	
脄	muj3	
腜	muj1	
禖	muj1	
䍙	muj1	
䍙	ˀʋu2	
䍙	muj3	
莓	muj1	
莓	muj3	
莓	mɨw3	
塺	muj1	
塺	mwʌ3	
鋂	muj1	
䊈	muj1	
䤂	muj1	
傀	kuj1	
傀	kʰuj2	
𤪿	kuj1	
𠐤	kuj1	
瓌	kuj1	
鞼	kuj1	
鞼	ɡyj3	
膭	kuj1	
膭	ɣuj3	
䐩	kuj1	
䐩	kɑj1	
䐩	kʰɑj2	
䕇	kuj1	
䕇	ɣuj3	
雷	luj1	
𩂩	luj1	
儡	luj1	
儡	ˀluj2	
㔣	luj1	
㔣	luj3	
櫑	luj1	
櫑	ˀluj2	
罍	luj1	
鑘	luj1	
鑘	ˀluj2	
𦌵	luj1	
鐳	luj1	
𤮚	luj1	
畾	luj1	
轠	luj1	
轠	ˀlyj2	
穨	dʰuj1	
頹	dʰuj1	
㿉	dʰuj1	
隤	dʰuj1	
墤	dʰuj1	
墤	kʰwaj3	
㢈	dʰuj1	
魋	dʰuj1	
蘈	dʰuj1	
𧮓	dʰuj1	
𧝋	dʰuj1	
蹪	dʰuj1	
𤗴	dʰuj1	
崔	tsʰuj1	
崔	dzʰuj1	
催	tsʰuj1	
縗	tsʰuj1	
𨻵	tsʰuj1	
𢕘	tsʰuj1	
𧽠	tsʰuj1	
磓	tuj1	
塠	tuj1	
頧	tuj1	
頧	tuj2	
䭔	tuj1	
堆	tuj1	
鴭	tuj1	
𢈹	tuj1	
搥	tuj1	
䜃	tuj1	
嵟	tuj1	
𩈜	tuj1	
𠂤	tuj1	
敦	tuj1	
敦	tun1	
敦	dʰwɑn1	
敦	tun3	
𡏩	tuj1	
𤗯	suj1	
挼	suj1	
毸	suj1	
嗺	suj1	
嗺	tsuj1	
蓑	suj1	
蓑	swʌ1	
摧	dzʰuj1	
慛	dzʰuj1	
槯	dzʰuj1	
徘	bʰuj1	
培	bʰuj1	
培	bɨw3	
陪	bʰuj1	
𨛬	bʰuj1	
䣙	bʰuj1	
䣙	pʰujŋ2	
婄	bʰuj1	
婄	bɨw3	
婄	pʰɨw2	
棓	bʰuj1	
棓	vɨw1	
棓	baŋ3	
毰	bʰuj1	
𤗏	bʰuj1	
桮	puj1	
杯	puj1	
盃	puj1	
肧	pʰuj1	
肧	fɨw1	
坯	pʰuj1	
㾦	pʰuj1	
醅	pʰuj1	
醅	fɨw1	
衃	pʰuj1	
衃	fɨw1	
𩵣	pʰuj1	
𤬃	pʰuj1	
抔	pʰuj1	
抔	bʰɨw1	
鮠	ŋuj1	
桅	ŋuj1	
桅	kyj2	
嵬	ŋuj1	
嵬	ˀŋuj2	
磑	ŋuj1	
磑	ŋuj3	
峞	ŋuj1	
峞	ˀŋuj2	
𨌴	tʰuj1	
𨋱	tʰuj1	
㷟	tʰuj1	
藬	tʰuj1	
㞜	tʰuj1	
𢆃	nuj1	
𢆃	nan3	
𨡌	nuj1	
脧	tsuj1	
脧	tsɥɛn1	
䘒	tsuj1	
𡱥	tsuj1	
咍	xɑj1	
㾂	xɑj1	
𨸜	xɑj1	
開	kʰɑj1	
㱾	kʰɑj1	
侅	kʰɑj1	
侅	kɑj1	
侅	ɣaj3	
侅	ɣɑj3	
奒	kʰɑj1	
㚊	kʰɑj1	
哀	ʔɑj1	
埃	ʔɑj1	
唉	ʔɑj1	
唉	ʔaj2	
欸	ʔɑj1	
欸	ʔɑj2	
欸	xaj3	
毐	ʔɑj1	
毐	ʔɑj2	
臺	dʰaj1	
擡	dʰaj1	
苔	dʰaj1	
炱	dʰaj1	
嬯	dʰaj1	
薹	dʰaj1	
䈚	dʰaj1	
䈚	sɨ2	
䈚	daj3	
儓	dʰaj1	
儓	tʰaj3	
檯	dʰaj1	
駘	dʰaj1	
駘	daj3	
𪒴	dʰaj1	
𪒴	taj1	
籉	dʰaj1	
跆	dʰaj1	
𩿡	dʰaj1	
該	kɑj1	
豥	kɑj1	
豥	ɣɑj1	
垓	kɑj1	
郂	kɑj1	
㱯	kɑj1	
㱯	ŋɑj1	
剴	kɑj1	
剴	ŋɑj1	
陔	kɑj1	
姟	kɑj1	
絯	kɑj1	
絯	ɣaj3	
晐	kɑj1	
峐	kɑj1	
祴	kɑj1	
賅	kɑj1	
㨟	kɑj1	
㨟	ɣɑj1	
胲	kɑj1	
䬵	kɑj1	
䬵	ʔaj3	
䶣	kɑj1	
裁	dzʰaj1	
裁	dzaj3	
纔	dzʰaj1	
纔	ʂam1	
纔	dzaj3	
財	dzʰaj1	
才	dzʰaj1	
材	dzʰaj1	
䴭	dzʰaj1	
溨	dzʰaj1	
𦬁	dzʰaj1	
來	laj1	
萊	laj1	
萊	laj3	
郲	laj1	
郲	ˀluj2	
騋	laj1	
崍	laj1	
𤦃	laj1	
𧳟	laj1	
猍	laj1	
淶	laj1	
鯠	laj1	
鶆	laj1	
䅘	laj1	
䋱	laj1	
庲	laj1	
㾢	laj1	
㾢	laj3	
棶	laj1	
逨	laj1	
逨	laj3	
𪎂	laj1	
麳	laj1	
𤲓	laj1	
𪑚	laj1	
徠	laj1	
徠	laj3	
烖	tsaj1	
灾	tsaj1	
災	tsaj1	
𤆎	tsaj1	
栽	tsaj1	
栽	dzaj3	
哉	tsaj1	
𡿧	tsaj1	
𢦏	tsaj1	
𦳦	tsaj1	
渽	tsaj1	
睵	tsaj1	
睵	tsʰaj1	
猜	tsʰaj1	
㯁	bʰuj1	
胎	tʰaj1	
孡	tʰaj1	
鮐	tʰaj1	
邰	tʰaj1	
𧉟	tʰaj1	
𩬠	tʰaj1	
孩	ɣɑj1	
咳	ɣɑj1	
頦	ɣɑj1	
頦	kɑj2	
𧻲	ɣɑj1	
䠽	ɣɑj1	
䱺	ɣɑj1	
鰓	saj1	
揌	saj1	
䚡	saj1	
顋	saj1	
愢	saj1	
𪃄	saj1	
毢	saj1	
皚	ŋɑj1	
嵦	ŋɑj1	
敳	ŋɑj1	
隑	ŋɑj1	
獃	ŋɑj1	
能	nɑj1	
能	nɨjŋ1	
能	ˀnɨjŋ2	
能	nɑj3	
㾍	nɑj1	
懛	taj1	
㹗	tʂʰiw1	
㹗	tʰɑw1	
𡜊	fɨw1	
𡜊	fɨw2	
真	tʂin1	
甄	tʂin1	
甄	kʲjɛn1	
振	tʂin1	
振	tʂin3	
禛	tʂin1	
稹	tʂin1	
稹	tʂin2	
磌	tʂin1	
磌	dʰjɛn1	
畛	tʂin1	
畛	tʂin2	
籈	tʂin1	
籈	kʲjɛn1	
侲	tʂin1	
侲	tʂin3	
桭	tʂin1	
桭	dʐʰin1	
蒖	tʂin1	
唇	tʂin1	
㖘	tʂin1	
帪	tʂin1	
薽	tʂin1	
薽	kʲjɛn1	
㲀	tʂin1	
㲀	dʐʰɨn1	
𤣆	tɻʰin1	
𤣆	dɻʰan1	
𤣆	ljɛn1	
胂	tɻʰin1	
胂	ʂin1	
縝	tɻʰin1	
縝	tʂʰin1	
縝	tʂin2	
因	ʔʲin1	
茵	ʔʲin1	
鞇	ʔʲin1	
禋	ʔʲin1	
𥛛	ʔʲin1	
闉	ʔʲin1	
駰	ʔʲin1	
駰	ʔin1	
湮	ʔʲin1	
湮	ʔʲjɛn1	
烟	ʔʲin1	
烟	ʔʲjɛn1	
氤	ʔʲin1	
絪	ʔʲin1	
垔	ʔʲin1	
陻	ʔʲin1	
㘻	ʔʲin1	
堙	ʔʲin1	
洇	ʔʲin1	
姻	ʔʲin1	
婣	ʔʲin1	
諲	ʔʲin1	
裀	ʔʲin1	
歅	ʔʲin1	
㧢	ʔʲin1	
新	sin1	
辛	sin1	
薪	sin1	
辰	dʐʰin1	
晨	dʐʰin1	
晨	ʐin1	
䢅	dʐʰin1	
敐	dʐʰin1	
敐	tʂin2	
宸	dʐʰin1	
鷐	dʐʰin1	
麎	dʐʰin1	
茞	dʐʰin1	
屒	dʐʰin1	
屒	tɻin2	
臣	dʐʰin1	
䢻	dʐʰin1	
䢻	tʂin3	
䣅	dʐʰin1	
仁	ɻin1	
朲	ɻin1	
人	ɻin1	
神	ʐin1	
親	tsʰin1	
親	tsʰin3	
寴	tsʰin1	
寴	tsʰin3	
𡪔	tsʰin1	
礥	ɣʲjɛn3	
礥	ɣʲjɛn1	
𧥺	ɣʲjɛn3	
𧥺	kʲyn3	
㘋	ɣʲjɛn3	
㘋	ɣʲjɛn1	
申	ʂin1	
伸	ʂin1	
紳	ʂin1	
娠	ʂin1	
娠	tʂin3	
呻	ʂin1	
𣢘	ʂin1	
𠲳	ʂin1	
眒	ʂin1	
眒	ʂin3	
㑗	ʂin1	
𩉼	ʂin1	
𠭙	ʂin1	
身	ʂin1	
柛	ʂin1	
䰠	ʂin1	
訷	ʂin1	
賓	pʲin1	
𧶉	pʲin1	
濱	pʲin1	
檳	pʲin1	
䚔	pʲin1	
䚔	pʲin3	
䚔	pʲʰin3	
顮	pʲin1	
儐	pʲin1	
儐	pʲin3	
鑌	pʲin1	
矉	pʲin1	
𩴱	pʲin1	
𩴱	pʲʰin1	
𩴱	bʲʰin1	
㷠	lin1	
燐	lin1	
燐	lin3	
鄰	lin1	
轔	lin1	
轔	lin3	
嶙	lin1	
嶙	ˀlin2	
粼	lin1	
粼	lin3	
磷	lin1	
磷	lin3	
疄	lin1	
疄	lin3	
麟	lin1	
麐	lin1	
麐	lin3	
鱗	lin1	
璘	lin1	
駗	lin1	
駗	tʂin2	
翷	lin1	
𧲂	lin1	
瞵	lin1	
瞵	lin3	
獜	lin1	
獜	liŋ1	
驎	lin1	
壣	lin1	
𩻜	lin1	
鏻	lin1	
鏻	liŋ1	
鏻	lin3	
繗	lin1	
潾	lin1	
潾	lan1	
𥎊	ɡʰin1	
㨷	ɡʰin1	
㨷	kin3	
堇	ɡʰin1	
堇	kin2	
墐	ɡʰin1	
墐	ɡin3	
魿	ɡʰin1	
魿	liŋ1	
珍	tɻin1	
鎮	tɻin1	
鎮	tɻin3	
填	tɻin1	
填	dʰjɛn1	
填	tɻin3	
填	djɛn3	
陳	dɻʰin1	
陳	dɻin3	
敶	dɻʰin1	
敶	dɻin3	
趁	dɻʰin1	
趁	ˀnjɛn2	
趁	tɻʰin3	
塵	dɻʰin1	
津	tsin1	
𦪉	tsin1	
璡	tsin1	
璡	tsin3	
濜	tsin1	
濜	dzin3	
濜	dʐɨn3	
𦘔	tsin1	
瞋	tʂʰin1	
嗔	tʂʰin1	
嗔	dʰjɛn1	
謓	tʂʰin1	
䐜	tʂʰin1	
𣞟	tʂʰin1	
𣞟	tʂin2	
秦	dzʰin1	
螓	dzʰin1	
𤚩	dzʰin1	
夤	jin1	
𦟘	jin1	
螾	jin1	
螾	ˀjin2	
𡐔	jin1	
紉	nin1	
繽	pʲʰin1	
䎙	pʲʰin1	
𢣐	pʲʰin1	
𩰝	pʲʰin1	
頻	bʲʰin1	
蘋	bʲʰin1	
薲	bʲʰin1	
嬪	bʲʰin1	
㰋	bʲʰin1	
玭	bʲʰin1	
玭	bʲʰjɛn1	
蠙	bʲʰin1	
蠙	bʲʰjɛn1	
獱	bʲʰin1	
顰	bʲʰin1	
𧭹	bʲʰin1	
嚬	bʲʰin1	
𦇖	bʲʰin1	
𡤉	bʲʰin1	
銀	ŋin1	
㹞	ŋin1	
狺	ŋin1	
䖜	ŋin1	
檭	ŋin1	
鄞	ŋin1	
圁	ŋin1	
誾	ŋin1	
訔	ŋin1	
嚚	ŋin1	
䓄	ŋin1	
珢	ŋin1	
珢	kɨn1	
珢	kɨn3	
䴦	ŋin1	
垠	ŋin1	
垠	ŋɨn1	
𪛊	ŋin1	
泿	ŋin1	
泿	ŋɨn1	
巾	kin1	
麏	kyn1	
麇	kyn1	
麕	kyn1	
頵	kyn1	
頵	ʔyn1	
莙	kyn1	
莙	ɡyn3	
汮	kyn1	
汮	kʲyn1	
筠	ɰyn1	
囩	ɰyn1	
縜	ɰyn1	
荺	ɰyn1	
荺	ˀɰyn2	
囷	kʰyn1	
箘	kʰyn1	
箘	ɡyn3	
箟	kʰyn1	
輑	kʰyn1	
蜠	kʰyn1	
蜠	ɡyn3	
峮	kʰyn1	
𡈋	kʰyn1	
𡈋	kʰun2	
珉	min1	
岷	min1	
罠	min1	
閩	min1	
閩	ʋun1	
緍	min1	
䪸	min1	
笢	min1	
笢	ˀmʲin2	
旻	min1	
旼	min1	
痻	min1	
闅	min1	
闅	mʲin1	
闅	ʋun1	
汶	min1	
汶	ʋun1	
汶	ʋun3	
捪	min1	
忞	min1	
盿	min1	
睧	min1	
睧	mʲin1	
錉	min1	
𪂆	min1	
鈱	min1	
貧	bʰin1	
𡧋	bʰin1	
𪔗	ʔin1	
鼘	ʔin1	
鼘	ʔʲɥɛn1	
贇	ʔyn1	
奫	ʔyn1	
蝹	ʔyn1	
蝹	ʔɑw2	
彬	pin1	
斌	pin1	
份	pin1	
玢	pin1	
豳	pin1	
邠	pin1	
汃	pin1	
汃	pʰat4	
霦	pin1	
㻞	pin1	
攽	pin1	
虨	pin1	
虨	pʰin1	
虨	pan1	
砏	pin1	
砏	pʰin1	
砏	fun1	
民	mʲin1	
泯	mʲin1	
泯	ˀmʲin2	
怋	mʲin1	
怋	mun1	
諄	tʂyn1	
諄	tʂyn3	
惇	tʂyn1	
惇	tun1	
𥇜	tʂyn1	
𥇜	tʂyn3	
肫	tʂyn1	
訰	tʂyn1	
訰	tʂyn3	
椿	tɻʰyn1	
楯	tɻʰyn1	
楯	zyn1	
楯	ʐyn3	
輴	tɻʰyn1	
䡅	tɻʰyn1	
鶞	tɻʰyn1	
杶	tɻʰyn1	
櫄	tɻʰyn1	
瑃	tɻʰyn1	
䣩	dɻʰyn1	
䣩	dʐʰyn1	
㡒	dɻʰyn1	
㡒	tɻyn1	
㡒	dun3	
荀	syn1	
郇	syn1	
郇	ɣwan1	
詢	syn1	
眴	syn1	
眴	ɻyn1	
眴	ʂyn3	
眴	xʲɥɛn3	
眴	ɣʲɥɛn3	
峋	syn1	
珣	syn1	
𣖼	syn1	
洵	syn1	
洵	zyn1	
恂	syn1	
畇	syn1	
畇	jyn1	
畇	zyn1	
畇	dʰjɛn1	
檈	syn1	
檈	zɥɛn1	
槆	syn1	
姰	syn1	
姰	ɣʲɥɛn3	
㰬	syn1	
純	dʐʰyn1	
純	tʂyn2	
蓴	dʐʰyn1	
蒓	dʐʰyn1	
醇	dʐʰyn1	
鶉	dʐʰyn1	
𦎫	dʐʰyn1	
陙	dʐʰyn1	
𢗋	dʐʰyn1	
𢗋	ɡʲʰyjŋ1	
錞	dʐʰyn1	
錞	duj3	
淳	dʐʰyn1	
𡗥	dʐʰyn1	
焞	dʐʰyn1	
犉	ɻyn1	
𩀋	ɻyn1	
瞤	ɻyn1	
脣	ʐyn1	
漘	ʐyn1	
䔚	ʐyn1	
㸪	ʐyn1	
㸪	zyn1	
紃	ʐyn1	
紃	zyn1	
淪	lyn1	
倫	lyn1	
論	lyn1	
論	lun1	
論	lun3	
䑳	lyn1	
輪	lyn1	
陯	lyn1	
鯩	lyn1	
蜦	lyn1	
蜦	li3	
棆	lyn1	
綸	lyn1	
綸	kwan1	
惀	lyn1	
惀	ˀlun2	
侖	lyn1	
踚	lyn1	
掄	lyn1	
掄	lun1	
䈁	lyn1	
屯	tɻyn1	
屯	dʰun1	
窀	tɻyn1	
窀	dʰun1	
窀	dɻʰwan1	
迍	tɻyn1	
逡	tsʰyn1	
竣	tsʰyn1	
皴	tsʰyn1	
㕙	tsʰyn1	
㕙	tsyn3	
壿	tsʰyn1	
捘	tsʰyn1	
捘	tsuj3	
捘	tsun3	
竴	tsʰyn1	
踆	tsʰyn1	
𠣟	tsʰyn1	
夋	tsʰyn1	
遵	tsyn1	
跧	tsyn1	
跧	tʂwan1	
僎	tsyn1	
僎	dʐwan3	
嶟	tsyn1	
嶟	tsun1	
鷷	tsyn1	
鷷	dzʰyn1	
春	tʂʰyn1	
勻	jyn1	
旬	zyn1	
𠣙	zyn1	
巡	zyn1	
馴	zyn1	
循	zyn1	
揗	zyn1	
揗	ʐyn3	
䋸	zyn1	
𪀠	zyn1	
灥	zyn1	
灥	tʂʰɥɛn1	
㽦	zyn1	
𧾩	zyn1	
𧾩	zɥɛn3	
䖲	zyn1	
均	kʲyn1	
鈞	kʲyn1	
袀	kʲyn1	
𧼒	ɡʲʰin1	
𧼒	kʲʰin2	
𧼒	kʲʰin3	
臻	tʂɨn1	
蓁	tʂɨn1	
搸	tʂɨn1	
溱	tʂɨn1	
潧	tʂɨn1	
𣓀	tʂɨn1	
𣓀	tʂɨn2	
榛	tʂɨn1	
樼	tʂɨn1	
瀙	tʂɨn1	
瀙	tʂʰɨn3	
瀙	tsʰin3	
𨬖	tʂɨn1	
𨬖	dʐʰan1	
轃	tʂɨn1	
轃	tsjɛn1	
莘	ʂɨn1	
㜪	ʂɨn1	
扟	ʂɨn1	
駪	ʂɨn1	
籸	ʂɨn1	
䯂	ʂɨn1	
䯂	dʐɨp4	
甡	ʂɨn1	
兟	ʂɨn1	
詵	ʂɨn1	
侁	ʂɨn1	
𩺵	ʂɨn1	
屾	ʂɨn1	
𨐔	ʂɨn1	
燊	ʂɨn1	
𦐹	ʂɨn1	
𢓠	ʂɨn1	
𣘘	ʂɨn1	
阠	ʂɨn1	
阠	sin3	
阠	ʂin3	
姺	ʂɨn1	
姺	sjɛn2	
㾕	ʂɨn1	
㾕	sun2	
㾕	ʂɨm2	
𦿒	dʐʰɨn1	
帘	dʐʰɨn1	
帘	ljɛm1	
文	ʋun1	
聞	ʋun1	
聞	ʋun3	
𦖞	ʋun1	
彣	ʋun1	
紋	ʋun1	
雯	ʋun1	
馼	ʋun1	
蟁	ʋun1	
蚊	ʋun1	
䘇	ʋun1	
䰚	ʋun1	
鳼	ʋun1	
鼤	ʋun1	
鼤	ʋun3	
雲	ɰyn1	
芸	ɰyn1	
蕓	ɰyn1	
𦔐	ɰyn1	
𦓷	ɰyn1	
耘	ɰyn1	
鄖	ɰyn1	
妘	ɰyn1	
紜	ɰyn1	
溳	ɰyn1	
溳	ˀɰyn2	
澐	ɰyn1	
云	ɰyn1	
篔	ɰyn1	
䢵	ɰyn1	
員	ɰyn1	
員	ɰɥɛn1	
員	ɰyn3	
𪔅	ɰyn1	
愪	ɰyn1	
愪	ˀɰyn2	
沄	ɰyn1	
沄	ɣun1	
𧶊	ɰyn1	
𧶊	ɰyn3	
耺	ɰyn1	
橒	ɰyn1	
䉙	ɰyn1	
熅	ʔyn1	
氳	ʔyn1	
縕	ʔyn1	
縕	ʔun1	
縕	ʔyn2	
縕	ʔyn3	
馧	ʔyn1	
馧	ʔut4	
蒕	ʔyn1	
𥠺	ʔyn1	
䡝	ʔyn1	
䡝	ʔɥɛn1	
䡝	ʔyn2	
蘊	ʔyn1	
蘊	ʔyn2	
㚃	ʔyn1	
汾	vun1	
墳	vun1	
墳	vun3	
氛	vun1	
氛	fun1	
𣱦	vun1	
鼖	vun1	
䩿	vun1	
𪔵	vun1	
濆	vun1	
濆	pʰun1	
焚	vun1	
燌	vun1	
羒	vun1	
豶	vun1	
頒	vun1	
頒	pan1	
羵	vun1	
䴅	vun1	
䴅	pun1	
枌	vun1	
鳻	vun1	
鳻	pan1	
蕡	vun1	
萉	vun1	
萉	vʲi3	
橨	vun1	
橨	vʲi3	
棼	vun1	
葐	vun1	
葐	bʰun1	
魵	vun1	
魵	vun3	
魵	fun2	
魵	fun3	
𧮱	vun1	
妢	vun1	
棻	vun1	
棻	fun1	
梤	vun1	
肦	vun1	
肦	pan1	
䫶	vun1	
鐼	vun1	
鐼	xyn3	
馩	vun1	
馚	vun1	
㞣	vun1	
㞣	fun1	
鼢	vun1	
鼢	vun3	
蚡	vun1	
蚡	vun3	
轒	vun1	
轒	vun3	
分	fun1	
分	vun3	
饙	fun1	
餴	fun1	
扮	fun1	
扮	kat4	
扮	fun2	
扮	vun3	
扮	pan3	
𡊅	fun1	
𡊅	fun3	
𣯻	fun1	
羣	ɡʰyn1	
帬	ɡʰyn1	
裠	ɡʰyn1	
宭	ɡʰyn1	
宭	kyn1	
𤸷	ɡʰyn1	
𤸷	ŋwan1	
薰	xyn1	
薰	xyn3	
曛	xyn1	
勳	xyn1	
勛	xyn1	
熏	xyn1	
燻	xyn1	
獯	xyn1	
纁	xyn1	
醺	xyn1	
葷	xyn1	
焄	xyn1	
臐	xyn1	
臐	xyn3	
君	kyn1	
軍	kyn1	
皸	kyn1	
皸	kyn3	
桾	kyn1	
䇹	kyn1	
鮶	kyn1	
芬	fun1	
紛	fun1	
𢁥	fun1	
𣬩	fun1	
衯	fun1	
𦐈	fun1	
雰	fun1	
𩰟	fun1	
錀	fun1	
欣	xin1	
忻	xin1	
昕	xin1	
訢	xin1	
炘	xin1	
炘	xin3	
邤	xin1	
殷	ʔin1	
殷	ʔan1	
慇	ʔin1	
㶏	ʔin1	
㶏	ʔin2	
㶏	ʔin3	
溵	ʔin1	
勤	ɡʰin1	
芹	ɡʰin1	
懃	ɡʰin1	
慬	ɡʰin1	
慬	kin2	
懄	ɡʰin1	
瘽	ɡʰin1	
瘽	ɡin3	
斤	kin1	
斤	kin3	
筋	kin1	
䈥	kin1	
釿	kin1	
釿	ˀŋin2	
䖐	ŋin1	
㹜	ŋin1	
齗	ŋin1	
齗	ˀŋin2	
齦	ŋin1	
齦	kʰɨn2	
齦	kʰan2	
斦	ŋin1	
元	ŋɥɛn1	
原	ŋɥɛn1	
𨙅	ŋɥɛn1	
源	ŋɥɛn1	
厵	ŋɥɛn1	
杬	ŋɥɛn1	
嫄	ŋɥɛn1	
沅	ŋɥɛn1	
騵	ŋɥɛn1	
黿	ŋɥɛn1	
黿	ŋwɑn1	
羱	ŋɥɛn1	
羱	ŋwɑn1	
蚖	ŋɥɛn1	
蚖	ŋwɑn1	
𧔞	ŋɥɛn1	
芫	ŋɥɛn1	
邧	ŋɥɛn1	
邧	ˀŋɥɛn2	
榞	ŋɥɛn1	
謜	ŋɥɛn1	
謜	tsʰɥɛn1	
㹉	ŋɥɛn1	
䬧	ŋɥɛn1	
獂	ŋɥɛn1	
阮	ŋɥɛn1	
阮	ˀŋɥɛn2	
蒝	ŋɥɛn1	
袁	ɰɥɛn1	
爰	ɰɥɛn1	
垣	ɰɥɛn1	
𩫧	ɰɥɛn1	
園	ɰɥɛn1	
援	ɰɥɛn1	
援	ɰɥɛn3	
榬	ɰɥɛn1	
轅	ɰɥɛn1	
鶢	ɰɥɛn1	
媛	ɰɥɛn1	
媛	ɰɥɛn3	
洹	ɰɥɛn1	
洹	ɣwɑn1	
溒	ɰɥɛn1	
𧻚	ɰɥɛn1	
蝯	ɰɥɛn1	
猨	ɰɥɛn1	
猿	ɰɥɛn1	
煩	van1	
番	van1	
番	fan1	
番	pʰwɑn1	
番	pwʌ1	
番	pwʌ3	
𨆌	van1	
蹯	van1	
繁	van1	
繁	bʰwɑn1	
繁	bʰwʌ1	
蘩	van1	
薠	van1	
樊	van1	
𢶃	van1	
繙	van1	
繙	fan1	
燔	van1	
膰	van1	
瀿	van1	
羳	van1	
𩐏	van1	
鷭	van1	
蟠	van1	
蟠	bʰwɑn1	
蕃	van1	
蕃	fan1	
蠜	van1	
礬	van1	
𪖇	van1	
𨟄	van1	
鐇	van1	
鐇	fan1	
璠	van1	
笲	van1	
笲	van3	
笲	bjɛn3	
𥢌	van1	
㺕	van1	
㺕	bjɛn3	
襎	van1	
袢	van1	
棥	van1	
䋣	van1	
𥿋	van1	
墦	van1	
𢐲	van1	
䮳	van1	
旛	van1	
旛	fan1	
𧢜	van1	
藩	van1	
藩	fan1	
飜	fan1	
翻	fan1	
幡	fan1	
𤄫	fan1	
𤄜	fan1	
轓	fan1	
反	fan1	
反	fan2	
暄	xɥɛn1	
煖	xɥɛn1	
煖	ˀnwɑn2	
喛	xɥɛn1	
喛	xwɑn3	
萱	xɥɛn1	
䁔	xɥɛn1	
䁔	xɥɛn2	
䁔	ɣwɑn3	
諼	xɥɛn1	
諼	xɥɛn2	
塤	xɥɛn1	
壎	xɥɛn1	
䳦	xɥɛn1	
䳦	sɥɛn1	
吅	xɥɛn1	
吅	zywŋ3	
貆	xɥɛn1	
貆	ɣwɑn1	
貆	xwɑn1	
喧	xɥɛn1	
諠	xɥɛn1	
愋	xɥɛn1	
讙	xɥɛn1	
讙	xwɑn1	
翧	xɥɛn1	
䚭	xɥɛn1	
蝖	xɥɛn1	
鴛	ʔɥɛn1	
鴛	ʔun1	
冤	ʔɥɛn1	
㠾	ʔɥɛn1	
鵷	ʔɥɛn1	
𣹠	ʔɥɛn1	
惌	ʔɥɛn1	
惌	ʔɥɛn2	
䥉	ʔɥɛn1	
宛	ʔɥɛn1	
宛	ʔɥɛn2	
蜿	ʔɥɛn1	
蜿	ʔwɑn1	
蜿	ʔɥɛn2	
𩝸	ʔɥɛn1	
蒬	ʔɥɛn1	
怨	ʔɥɛn1	
怨	ʔɥɛn3	
𡟰	ʔɥɛn1	
葾	ʔɥɛn1	
䩩	ʔɥɛn1	
䩩	ʔɥɛn2	
裷	ʔɥɛn1	
裷	kʰɥɛn2	
眢	ʔɥɛn1	
眢	ʔwɑn1	
言	ŋjɛn1	
琂	ŋjɛn1	
甗	ŋjɛn1	
甗	ˀŋjɛn2	
甗	ŋjɛn3	
䇾	ŋjɛn1	
䓂	ŋjɛn1	
攑	kʰjɛn1	
䞿	kʰjɛn1	
䞿	xjɛn1	
軒	xjɛn1	
掀	xjɛn1	
鶱	xjɛn1	
䡣	xjɛn1	
䡣	ɣun1	
蓒	xjɛn1	
𢳚	kjɛn1	
𣘖	kjɛn1	
靬	kjɛn1	
靬	kʰɑn1	
靬	kan1	
靬	kʰɑn3	
鞬	kjɛn1	
𩎀	kjɛn1	
㓺	kjɛn1	
犍	kjɛn1	
犍	ɡʰjɛn1	
腱	kjɛn1	
腱	ɡjɛn3	
騝	kjɛn1	
騝	ɡʰjɛn1	
䭈	kjɛn1	
𩱡	kjɛn1	
𩱤	kjɛn1	
蔫	ʔjɛn1	
焉	ʔjɛn1	
焉	ɰjɛn1	
鱕	fan1	
籓	fan1	
𥴤	ɡʰjɛn1	
赶	ɡʰjɛn1	
赶	ɡɥɛt4	
樠	ʋan1	
樠	mun1	
樠	mwɑn1	
䰟	ɣun1	
㮯	ɣun1	
㮯	ɣun3	
䮝	ɣun1	
餛	ɣun1	
餫	ɣun1	
餫	ɰyn3	
䴷	ɣun1	
䴷	ɣwan3	
鼲	ɣun1	
渾	ɣun1	
渾	ɣun3	
忶	ɣun1	
忶	ɰyn3	
𦺊	ɣun1	
俒	ɣun1	
俒	ɣun3	
㑮	ɣun1	
㑮	ŋun1	
𡍦	ɣun1	
𡍦	ɣwan1	
𢣒	ɣun1	
𣝂	ɣun1	
㨡	ɣun1	
㨡	ɣut4	
顐	ɣun1	
顐	ŋun1	
顐	ŋun3	
𧡡	ɣun1	
𧡡	ɰyn3	
琿	ɣun1	
昆	kun1	
晜	kun1	
𥊽	kun1	
菎	kun1	
㡓	kun1	
褌	kun1	
崐	kun1	
琨	kun1	
鵾	kun1	
鶤	kun1	
鶤	ɰyn3	
鯤	kun1	
䖵	kun1	
蜫	kun1	
惃	kun1	
惃	kun2	
㱎	kun1	
錕	kun1	
錕	kun2	
瑻	kun1	
𪋆	kun1	
猑	kun1	
騉	kun1	
𥁕	ʔun1	
溫	ʔun1	
轀	ʔun1	
薀	ʔun1	
薀	ʔyn2	
薀	ʔyn3	
𩥈	ʔun1	
殟	ʔun1	
殟	ʔut4	
𨜵	ʔun1	
豱	ʔun1	
韞	ʔun1	
韞	ʔyn2	
㼔	ʔun1	
𪉸	ʔun1	
門	mun1	
捫	mun1	
虋	mun1	
璊	mun1	
亹	mun1	
亹	ˀʋʲi2	
𤅣	mun1	
䫒	mun1	
𣯩	mun1	
䟂	mun1	
䟂	mwɑn1	
䊟	mun1	
𪈿	mun1	
孫	sun1	
蓀	sun1	
飧	sun1	
蕵	sun1	
猻	sun1	
搎	sun1	
尊	tsun1	
罇	tsun1	
樽	tsun1	
繜	tsun1	
存	dzʰun1	
蹲	dzʰun1	
拵	dzʰun1	
𨚲	dzʰun1	
袸	dzʰun1	
袸	dzjɛn3	
弴	tun1	
弴	tjɛw1	
弤	tun1	
弤	ti2	
驐	tun1	
墩	tun1	
𤭞	tun1	
暾	tʰun1	
燉	tʰun1	
燉	dʰun1	
涒	tʰun1	
𪏆	tʰun1	
𪏆	tʰwɑn1	
噋	tʰun1	
噋	kʰwɑk4	
𧑒	tʰun1	
黗	tʰun1	
黗	tʰun2	
豚	dʰun1	
㹠	dʰun1	
豘	dʰun1	
臀	dʰun1	
𡱂	dʰun1	
𡱂	djɛn3	
𦞠	dʰun1	
𩪡	dʰun1	
軘	dʰun1	
飩	dʰun1	
𥴫	dʰun1	
坉	dʰun1	
坉	dun3	
沌	dʰun1	
沌	dun3	
沌	dɻɥɛn3	
邨	dʰun1	
忳	dʰun1	
啍	dʰun1	
芚	dʰun1	
庉	dʰun1	
庉	dun3	
𪎶	dʰun1	
𤫭	dʰun1	
村	tsʰun1	
瘒	ŋun1	
梱	ŋun1	
梱	kʰun2	
盆	bʰun1	
𪂽	bʰun1	
湓	bʰun1	
湓	fun3	
湓	pʰun3	
奔	pun1	
奔	pun3	
犇	pun1	
崘	lun1	
菕	lun1	
坤	kʰun1	
𡿦	kʰun1	
髡	kʰun1	
𩒱	kʰun1	
𩒱	kʰun3	
臗	kʰun1	
髖	kʰun1	
髖	kʰwɑn1	
豤	kʰun1	
豤	kʰɨn2	
豤	kʲʰjɛn2	
昏	xun1	
惛	xun1	
惛	xun2	
惛	xun3	
婚	xun1	
棔	xun1	
閽	xun1	
殙	xun1	
𣣏	xun1	
噴	pʰun1	
噴	pʰun3	
歕	pʰun1	
歕	pʰun3	
黁	nun1	
痕	ɣɨn1	
鞎	ɣɨn1	
拫	ɣɨn1	
㯊	ɣɨn1	
根	kɨn1	
跟	kɨn1	
𣥦	kɨn1	
恩	ʔɨn1	
𤇯	ʔɨn1	
煾	ʔɨn1	
吞	tʰɨn1	
吞	tʰjɛn1	
寒	ɣɑn1	
𩏑	ɣɑn1	
𦺦	ɣɑn1	
翰	ɣɑn1	
翰	ɣɑn3	
鶾	ɣɑn1	
邯	ɣɑn1	
邯	ɣɑm1	
邗	ɣɑn1	
邗	kɑn1	
虷	ɣɑn1	
汗	ɣɑn1	
汗	kɑn1	
汗	ɣɑn3	
𧃙	ɣɑn1	
𧃙	ɣɑn3	
䮧	ɣɑn1	
䮧	ɣɑn3	
豻	ŋɑn1	
豻	kʰan1	
豻	ɣɑn3	
豻	ŋɑn3	
犴	ŋɑn1	
犴	ŋɑn3	
雃	ŋɑn1	
雃	kʲʰjɛn1	
𡽜	ŋɑn1	
單	tan1	
單	dʐʰjɛn1	
單	ʐjɛn3	
襌	tan1	
鄲	tan1	
丹	tan1	
殫	tan1	
簞	tan1	
匰	tan1	
㠆	tan1	
癉	tan1	
癉	dʰan1	
癉	tʌ2	
癉	tʌ3	
䐷	tan1	
安	ʔɑn1	
䀂	ʔɑn1	
鞌	ʔɑn1	
䢿	ʔɑn1	
䢿	ʔɑn3	
侒	ʔɑn1	
難	nan1	
難	nan3	
𪇼	nan1	
𩁢	nan1	
𩁚	nan1	
餐	tsʰan1	
湌	tsʰan1	
䉔	tsʰan1	
灘	tʰan1	
灘	xɑn2	
灘	nan3	
嘽	tʰan1	
嘽	tʂʰjɛn2	
嘆	tʰan1	
嘆	tʰan3	
擹	tʰan1	
譠	tʰan1	
譠	tɻan1	
痑	tʰan1	
痑	tʰʌ1	
痑	tʌ3	
攤	tʰan1	
攤	ˀnan2	
攤	nan3	
𦧴	tʰan1	
𦧴	dʰjɛn1	
嬗	tʰan1	
嬗	tan2	
嬗	ʐjɛn3	
㨏	tʰan1	
𦙱	san1	
跚	san1	
珊	san1	
姍	san1	
䈀	san1	
䈀	san3	
壇	dʰan1	
檀	dʰan1	
撣	dʰan1	
撣	dʐʰjɛn1	
撣	dan3	
彈	dʰan1	
彈	dan3	
驒	dʰan1	
驒	tjɛn1	
驒	dʰʌ1	
驙	dʰan1	
驙	tɻjɛn1	
但	dʰan1	
但	dan3	
胆	dʰan1	
繟	dʰan1	
繟	tʂʰjɛn2	
儃	dʰan1	
儃	dʐʰjɛn1	
聅	dʰan1	
聅	tɻʰjɛt4	
唌	dʰan1	
貚	dʰan1	
貚	dʰjɛn1	
殘	dzʰan1	
䏼	dzʰan1	
䏼	dzan3	
㱚	dzʰan1	
㱚	ŋwat4	
戔	dzʰan1	
𥂫	dzʰan1	
𣦼	dzʰan1	
帴	dzʰan1	
帴	tsjɛn1	
帴	tsjɛn2	
帴	san3	
帴	ʂat4	
干	kɑn1	
乾	kɑn1	
乾	ɡʰjɛn1	
漧	kɑn1	
竿	kɑn1	
肝	kɑn1	
奸	kɑn1	
鳱	kɑn1	
玕	kɑn1	
迀	kɑn1	
㿻	kɑn1	
𢧀	kɑn1	
忓	kɑn1	
忓	ɣɑn3	
𨝌	kɑn1	
𡯋	kɑn1	
蘭	lan1	
瀾	lan1	
瀾	lan3	
闌	lan1	
讕	lan1	
讕	ˀlan2	
讕	lan3	
攔	lan1	
𨷻	lan1	
籣	lan1	
䪍	lan1	
欄	lan1	
躝	lan1	
幱	lan1	
㘓	lan1	
看	kʰɑn1	
看	kʰɑn3	
𥉏	kʰɑn1	
栞	kʰɑn1	
𣓁	kʰɑn1	
臤	kʰɑn1	
臤	kʰan1	
臤	ɣʲjɛn1	
臤	kʲʰin3	
刊	kʰɑn1	
頇	xɑn1	
頇	ŋɑn3	
頇	ŋɑt4	
鼾	xɑn1	
鼾	ɣɑn3	
桓	ɣwɑn1	
完	ɣwɑn1	
䴟	ɣwɑn1	
𩾞	ɣwɑn1	
丸	ɣwɑn1	
瓛	ɣwɑn1	
紈	ɣwɑn1	
𦻃	ɣwɑn1	
雈	ɣwɑn1	
汍	ɣwɑn1	
絙	ɣwɑn1	
絙	kɨjŋ1	
芄	ɣwɑn1	
豲	ɣwɑn1	
梡	ɣwɑn1	
梡	ɣwɑn3	
梡	kʰwɑn2	
荁	ɣwɑn1	
莞	ɣwɑn1	
莞	kwɑn1	
莞	ɣwan3	
綄	ɣwɑn1	
綄	ɣwɑn3	
𦏊	ɣwɑn1	
萈	ɣwɑn1	
狟	ɣwɑn1	
峘	ɣwɑn1	
峘	ɣɨjŋ1	
㿪	ɣwɑn1	
垸	ɣwɑn1	
垸	ɣwɑn3	
寏	ɣwɑn1	
院	ɣwɑn1	
院	ɰɥɛn3	
捖	ɣwɑn1	
岏	ŋwɑn1	
刓	ŋwɑn1	
园	ŋwɑn1	
忨	ŋwɑn1	
忨	ŋwɑn3	
䯈	ŋwɑn1	
抏	ŋwɑn1	
𠒢	ŋwɑn1	
端	twɑn1	
褍	twɑn1	
褍	twʌ2	
剬	twɑn1	
剬	tʂɥɛn2	
𧤗	twɑn1	
耑	twɑn1	
鍴	twɑn1	
𥵣	twɑn1	
竱	twɑn1	
竱	tʂɥɛn2	
𦾸	twɑn1	
𥠄	twɑn1	
𥠄	twʌ2	
偳	twɑn1	
偳	tʰwɑn1	
剜	ʔwɑn1	
豌	ʔwɑn1	
帵	ʔwɑn1	
婠	ʔwɑn1	
婠	kwɑn3	
婠	ʔwat4	
湍	tʰwɑn1	
湍	tʂɥɛn1	
貒	tʰwɑn1	
貒	tʰwɑn3	
䵎	tʰwɑn1	
煓	tʰwɑn1	
酸	swɑn1	
狻	swɑn1	
䝜	swɑn1	
痠	swɑn1	
𩆑	swɑn1	
團	dʰwɑn1	
慱	dʰwɑn1	
篿	dʰwɑn1	
篿	tʂɥɛn1	
剸	dʰwɑn1	
剸	tʂɥɛn2	
剸	tʂɥɛn3	
鄟	dʰwɑn1	
鄟	tʂɥɛn1	
鄟	ʐɥɛn3	
𧐕	dʰwɑn1	
漙	dʰwɑn1	
鷒	dʰwɑn1	
鷒	tʂɥɛn1	
𪆃	dʰwɑn1	
摶	dʰwɑn1	
摶	dɻɥɛn3	
𩅂	dʰwɑn1	
欑	dzʰwɑn1	
巑	dzʰwɑn1	
𩎈	dzʰwɑn1	
𩎈	tswɑn1	
菆	dzʰwɑn1	
菆	tʂɨw1	
菆	tʂʰu3	
襸	dzʰwɑn1	
襸	tsan3	
酇	dzʰwɑn1	
酇	tswɑn2	
酇	tsan3	
穳	dzʰwɑn1	
穳	dzan3	
𥣚	dzʰwɑn1	
劗	dzʰwɑn1	
劗	tswɑn1	
官	kwɑn1	
悹	kwɑn1	
悹	kwɑn2	
悹	kwɑn3	
棺	kwɑn1	
棺	kwɑn3	
觀	kwɑn1	
觀	kwɑn3	
貫	kwɑn1	
貫	kwɑn3	
冠	kwɑn1	
冠	kwɑn3	
涫	kwɑn1	
涫	kwɑn3	
倌	kwɑn1	
倌	kwan3	
毌	kwɑn1	
毌	kwɑn3	
鑾	lwɑn1	
鸞	lwɑn1	
巒	lwɑn1	
欒	lwɑn1	
羉	lwɑn1	
𧄶	lwɑn1	
䜌	lwɑn1	
䜌	lɥɛn1	
䜌	lɥɛn3	
㱍	lwɑn1	
臠	lwɑn1	
臠	ˀlɥɛn2	
灤	lwɑn1	
灓	lwɑn1	
灓	lwɑn3	
灓	lɥɛn3	
𤼙	lwɑn1	
𤼙	lɥɛn1	
圝	lwɑn1	
曫	lwɑn1	
歡	xwɑn1	
懽	xwɑn1	
懽	kwɑn3	
驩	xwɑn1	
貛	xwɑn1	
𪈩	xwɑn1	
鴅	xwɑn1	
酄	xwɑn1	
獾	xwɑn1	
犿	xwɑn1	
𡚊	xwɑn1	
𠂄	xwɑn1	
寬	kʰwɑn1	
鑽	tswɑn1	
鑽	tswɑn3	
𩎑	tswɑn1	
䡽	tswɑn1	
𣀶	tswɑn1	
槃	bʰwɑn1	
盤	bʰwɑn1	
鎜	bʰwɑn1	
柈	bʰwɑn1	
瘢	bʰwɑn1	
磻	bʰwɑn1	
幋	bʰwɑn1	
磐	bʰwɑn1	
䰉	bʰwɑn1	
䰉	pan1	
般	bʰwɑn1	
般	pwɑn1	
般	pan1	
蹣	bʰwɑn1	
蹣	mwɑn1	
搫	bʰwɑn1	
搫	bʰwʌ1	
鞶	bʰwɑn1	
𪄀	bʰwɑn1	
𥈼	bʰwɑn1	
媻	bʰwɑn1	
媻	bʰwʌ1	
縏	bʰwɑn1	
𪒀	bʰwɑn1	
䈲	bʰwɑn1	
䈲	pwɑn1	
𤠍	bʰwɑn1	
瞞	mwɑn1	
顢	mwɑn1	
謾	mwɑn1	
謾	man1	
謾	mʲjɛn1	
謾	mwɑn3	
謾	man3	
䊡	mwɑn1	
饅	mwɑn1	
慲	mwɑn1	
鏝	mwɑn1	
鏝	mwɑn3	
槾	mwɑn1	
墁	mwɑn1	
墁	mwɑn3	
㒼	mwɑn1	
鞔	mwɑn1	
鰻	mwɑn1	
鰻	ʋan3	
曼	mwɑn1	
曼	ʋan3	
蔓	mwɑn1	
蔓	ʋan3	
䜱	mwɑn1	
𤡁	mwɑn1	
𦔔	mwɑn1	
𦔔	mwɑn3	
芇	mwɑn1	
芇	mʲjɛn1	
芇	ˀmʲjɛn2	
悗	mwɑn1	
鬗	mwɑn1	
鬗	ʋan3	
絻	mwɑn1	
絻	ˀmjɛn2	
絻	ʋun3	
潘	pʰwɑn1	
㽃	pʰwɑn1	
拌	pʰwɑn1	
拌	bwɑn3	
㢖	pʰwɑn1	
𤺏	pʰwɑn1	
𤳖	pwɑn1	
𠦒	pwɑn1	
𠦒	pʲit4	
刪	ʂan1	
訕	ʂan1	
訕	ʂan3	
潸	ʂan1	
潸	ʂan2	
𣧱	ʂan1	
狦	ʂan1	
狦	ʂan3	
關	kwan1	
関	kwan1	
癏	kwan1	
擐	kwan1	
擐	ɣwan3	
𠴨	kwan1	
𢇇	kwan1	
彎	ʔwan1	
灣	ʔwan1	
䘎	ʔwan1	
𩅦	ʔwan1	
潫	ʔwan1	
潫	ʔʲɥɛn1	
潫	ʔɥɛn1	
𣟴	ʂwan1	
還	ɣwan1	
還	zɥɛn1	
環	ɣwan1	
𠟼	ɣwan1	
鬟	ɣwan1	
寰	ɣwan1	
寰	ɣʲɥɛn3	
闤	ɣwan1	
糫	ɣwan1	
鍰	ɣwan1	
圜	ɣwan1	
圜	ɰɥɛn1	
鐶	ɣwan1	
轘	ɣwan1	
轘	ɣwan3	
䍺	ɣwan1	
䍺	ɣwan3	
𦏖	ɣwan1	
澴	ɣwan1	
𩙽	ɣwan1	
䭴	ɣwan1	
䭴	ɣʲɥɛn3	
㡲	ɣwan1	
𦣴	ɣwan1	
班	pan1	
螌	pan1	
斑	pan1	
辬	pan1	
斒	pan1	
鯿	pan1	
鯿	pʲjɛn1	
扳	pan1	
扳	pʰan1	
𠔯	pan1	
蠻	man1	
𪈮	man1	
獌	man1	
獌	ʋan3	
獌	mwɑn3	
鬘	man1	
䅼	man1	
𪑪	man1	
顏	ŋan1	
楌	ŋan1	
姦	kan1	
菅	kan1	
葌	kan1	
䔵	kan1	
攀	pʰan1	
眅	pʰan1	
眅	pʰan2	
奻	nwan1	
奻	nwan3	
頑	ŋwan1	
馯	kʰan1	
馯	ɣɑn3	
鬜	kʰan1	
鬜	kʰat4	
山	ʂan1	
疝	ʂan1	
疝	ʂan3	
邖	ʂan1	
鰥	kwan1	
鰥	kwan3	
䤽	kwan1	
閒	kan1	
閒	kan3	
艱	kan1	
囏	kan1	
蕳	kan1	
覸	kan1	
覸	pjɛn2	
覸	kan3	
閑	ɣan1	
嫺	ɣan1	
癇	ɣan1	
𩦂	ɣan1	
蛝	ɣan1	
瞯	ɣan1	
鷴	ɣan1	
藖	ɣan1	
藖	ɣan3	
憪	ɣan1	
憪	ɣan3	
慳	kʰan1	
𧢞	kʰan1	
顅	kʰan1	
掔	kʰan1	
掔	kʲʰjɛn1	
羥	kʰan1	
羥	kʰiˤŋ1	
𩋆	kʰan1	
虥	dʐʰan1	
虥	dʐan3	
潺	dʐʰan1	
孱	dʐʰan1	
孱	dʐan3	
僝	dʐʰan1	
僝	dʐwan3	
䡲	dʐʰan1	
𡎻	dʐʰan1	
羴	xan1	
訮	ŋan1	
訮	tʰjɛn1	
訮	xʲjɛn1	
𤡥	ŋan1	
𤡥	ɣan3	
㗴	ŋan1	
虤	ŋan1	
黰	ʔan1	
黰	tʂin2	
㸶	ʔan1	
黫	ʔan1	
斕	lan1	
𣁣	lan1	
𢛓	lan1	
嘫	nan1	
㬮	nan1	
㬮	nan3	
㺗	tʂʰjɛn1	
𡣬	ʔwan1	
𡣬	ʔʲɥɛn1	
𡣬	ʔɥɛn1	
𡰝	ɡʰɥɛn1	
㣶	tɻan1	
湲	ɣwan1	
湲	ɰɥɛn1	
先	sjɛn1	
先	sjɛn3	
躚	sjɛn1	
蹮	sjɛn1	
𥑻	sjɛn1	
前	dzʰjɛn1	
歬	dzʰjɛn1	
騚	dzʰjɛn1	
湔	dzʰjɛn1	
湔	tsjɛn1	
湔	tsjɛn3	
𥮒	dzʰjɛn1	
𥮒	dzʰjɛm1	
𥷰	dzʰjɛn1	
千	tsʰjɛn1	
圱	tsʰjɛn1	
阡	tsʰjɛn1	
汘	tsʰjɛn1	
仟	tsʰjɛn1	
芊	tsʰjɛn1	
芊	tsʰjɛn3	
谸	tsʰjɛn1	
迁	tsʰjɛn1	
杄	tsʰjɛn1	
箋	tsjɛn1	
牋	tsjɛn1	
㮍	tsjɛn1	
瀳	tsjɛn1	
瀳	dzjɛn3	
韉	tsjɛn1	
淺	tsjɛn1	
淺	tsʰjɛn2	
𢃬	tsjɛn1	
𣚙	tsjɛn1	
濺	tsjɛn1	
濺	tsjɛn3	
籛	tsjɛn1	
籛	tsjɛn2	
籛	tsjɛn3	
𣝕	tsjɛn1	
𨔥	tsjɛn1	
天	tʰjɛn1	
𠀘	tʰjɛn1	
䒶	tʰjɛn1	
𦧝	tʰjɛn1	
堅	kʲjɛn1	
鋻	kʲjɛn1	
鋻	kʲjɛn3	
𢮂	kʲjɛn1	
𢮂	ɣʲjɛn1	
㡉	kʲjɛn1	
幵	kʲjɛn1	
肩	kʲjɛn1	
鳽	kʲjɛn1	
鳽	ŋʲjɛn1	
鳽	kʰiˤŋ1	
鳽	ŋiˤk4	
豜	kʲjɛn1	
豜	ŋʲjɛn3	
𧱚	kʲjɛn1	
猏	kʲjɛn1	
菺	kʲjɛn1	
𪊑	kʲjɛn1	
𪊑	kʲʰjɛn1	
𪊑	kʲʰiŋ3	
麉	kʲjɛn1	
鵳	kʲjɛn1	
鰹	kʲjɛn1	
䶬	kʲjɛn1	
䶬	ŋjɛt4	
䌑	kʲjɛn1	
賢	ɣʲjɛn1	
弦	ɣʲjɛn1	
絃	ɣʲjɛn1	
絃	xʲɥɛn3	
舷	ɣʲjɛn1	
胘	ɣʲjɛn1	
胘	ɣʲɥɛn1	
蚿	ɣʲjɛn1	
𢛆	ɣʲjɛn1	
𠛑	ɣʲjɛn1	
伭	ɣʲjɛn1	
伭	ɣʲɥɛn1	
𦱁	ɣʲjɛn1	
婱	ɣʲjɛn1	
𧼏	ɣʲjɛn1	
痃	ɣʲjɛn1	
煙	ʔʲjɛn1	
𡨾	ʔʲjɛn1	
𤎟	ʔʲjɛn1	
燕	ʔʲjɛn1	
燕	ʔʲjɛn3	
咽	ʔʲjɛn1	
咽	ʔʲjɛn3	
咽	ʔʲjɛt4	
橪	ʔʲjɛn1	
橪	ˀɻjɛn2	
驠	ʔʲjɛn1	
驠	ʔʲjɛn3	
胭	ʔʲjɛn1	
𥷀	ʔʲjɛn1	
閼	ʔʲjɛn1	
閼	ʔjɛn1	
閼	ʔjɛt4	
閼	ʔɑt4	
蓮	ljɛn1	
蓮	ˀljɛn2	
憐	ljɛn1	
怜	ljɛn1	
怜	liŋ1	
嗹	ljɛn1	
縺	ljɛn1	
𪍴	ljɛn1	
𨏩	ljɛn1	
零	ljɛn1	
零	liŋ1	
零	liŋ3	
田	dʰjɛn1	
佃	dʰjɛn1	
佃	djɛn3	
畋	dʰjɛn1	
畋	djɛn3	
窴	dʰjɛn1	
窴	djɛn3	
闐	dʰjɛn1	
闐	djɛn3	
䟧	dʰjɛn1	
鈿	dʰjɛn1	
鈿	djɛn3	
䡘	dʰjɛn1	
沺	dʰjɛn1	
鷏	dʰjɛn1	
𨌈	dʰjɛn1	
滇	dʰjɛn1	
滇	tjɛn1	
滇	tʰjɛn3	
搷	dʰjɛn1	
秊	njɛn1	
年	njɛn1	
𨚶	njɛn1	
𨚶	niŋ1	
顛	tjɛn1	
顛	tʰjɛn3	
㒹	tjɛn1	
齻	tjɛn1	
𩥄	tjɛn1	
槙	tjɛn1	
槙	tʂin2	
瘨	tjɛn1	
癲	tjɛn1	
𧽍	tjɛn1	
𧽍	djɛn3	
巔	tjɛn1	
𠑘	tjɛn1	
傎	tjɛn1	
蹎	tjɛn1	
厧	tjɛn1	
牽	kʲʰjɛn1	
牽	kʲʰjɛn3	
縴	kʲʰjɛn1	
邢	kʲʰjɛn1	
邢	ɣʲiŋ1	
汧	kʲʰjɛn1	
汧	kʲʰjɛn3	
蚈	kʲʰjɛn1	
岍	kʲʰjɛn1	
妍	ŋʲjɛn1	
研	ŋʲjɛn1	
研	ŋʲjɛn3	
𥓋	ŋʲjɛn1	
揅	ŋʲjɛn1	
㿼	ŋʲjɛn1	
趼	ŋʲjɛn1	
趼	kʲjɛn2	
趼	ŋʲjɛn3	
俓	ŋʲjɛn1	
俓	ŋiˤŋ1	
俓	kʲiŋ3	
眠	mʲjɛn1	
瞑	mʲjɛn1	
瞑	mʲiŋ1	
瞑	mʲjɛn3	
䏃	mʲjɛn1	
矏	mʲjɛn1	
𥌂	mʲjɛn1	
䰓	mʲjɛn1	
㝰	mʲjɛn1	
蹁	bʲʰjɛn1	
蹁	pʲjɛn1	
骿	bʲʰjɛn1	
軿	bʲʰjɛn1	
軿	bʲʰiŋ1	
駢	bʲʰjɛn1	
㼐	bʲʰjɛn1	
胼	bʲʰjɛn1	
跰	bʲʰjɛn1	
跰	piˤŋ3	
楄	bʲʰjɛn1	
賆	bʲʰjɛn1	
琕	bʲʰjɛn1	
淵	ʔʲɥɛn1	
𠝃	ʔʲɥɛn1	
囦	ʔʲɥɛn1	
㾓	ʔʲɥɛn1	
弲	ʔʲɥɛn1	
弲	xʲɥɛn1	
剈	ʔʲɥɛn1	
𨓯	ʔʲɥɛn1	
䨊	ʔʲɥɛn1	
蜎	ʔʲɥɛn1	
蜎	ɡʲɥɛn3	
涓	kʲɥɛn1	
睊	kʲɥɛn1	
睊	kʲɥɛn3	
蠲	kʲɥɛn1	
𦮻	kʲɥɛn1	
䅌	kʲɥɛn1	
鵑	kʲɥɛn1	
焆	kʲɥɛn1	
焆	ʔʲɥɛt4	
焆	ʔjɛt4	
鞙	kʲɥɛn1	
鞙	ɣʲɥɛn3	
鋗	xʲɥɛn1	
駽	xʲɥɛn1	
駽	xʲɥɛn3	
㘣	xʲɥɛn1	
㘣	zɥɛn1	
梋	xʲɥɛn1	
矎	xʲɥɛn1	
矎	xʲyjŋ3	
邊	pʲjɛn1	
籩	pʲjɛn1	
𤄺	pʲjɛn1	
甂	pʲjɛn1	
蝙	pʲjɛn1	
猵	pʲjɛn1	
猵	bʲin3	
𥣰	pʲjɛn1	
𥣰	pʲjɛn2	
編	pʲjɛn1	
編	pʲjɛn2	
萹	pʲjɛn1	
萹	pʲʰjɛn1	
萹	pʲjɛn2	
𨇱	pʲjɛn1	
𠑟	pʲjɛn1	
牑	pʲjɛn1	
䟍	pʲjɛn1	
䟍	ʔjɛn2	
玄	ɣʲɥɛn1	
縣	ɣʲɥɛn1	
縣	ɣʲɥɛn3	
懸	ɣʲɥɛn1	
眩	ɣʲɥɛn1	
眩	ɣʲɥɛn3	
䮄	ɣʲɥɛn1	
玹	ɣʲɥɛn1	
玹	ɣʲɥɛn3	
玆	ɣʲɥɛn1	
𧟨	ɣʲɥɛn1	
𥌭	ɣʲɥɛn1	
𥌭	xʲɥɛn1	
𥌭	ɣʲɥɛn3	
盷	ɣʲɥɛn1	
訇	ɣʲɥɛn1	
訇	xwiˤŋ1	
祆	xʲjɛn1	
仙	sjɛn1	
僊	sjɛn1	
𠑗	sjɛn1	
㲔	sjɛn1	
䉳	sjɛn1	
䉳	sjɛn2	
苮	sjɛn1	
秈	sjɛn1	
鮮	sjɛn1	
鮮	sjɛn2	
鮮	sjɛn3	
硟	sjɛn1	
硟	tʂʰjɛn3	
鱻	sjɛn1	
廯	sjɛn1	
廯	sjɛn2	
錢	dzʰjɛn1	
錢	tsjɛn2	
𧔢	dzʰjɛn1	
遷	tsʰjɛn1	
𨙙	tsʰjɛn1	
𠨧	tsʰjɛn1	
𨝍	tsʰjɛn1	
櫏	tsʰjɛn1	
䉦	tsʰjɛn1	
韆	tsʰjɛn1	
㿊	tsʰjɛn1	
煎	tsjɛn1	
煎	tsjɛn3	
葏	tsjɛn1	
鬋	tsjɛn1	
鬋	tsjɛn2	
鬋	tsjɛn3	
然	ɻjɛn1	
燃	ɻjɛn1	
𤡮	ɻjɛn1	
㜣	ɻjɛn1	
㜣	ʂjɛn2	
㜣	njɛn3	
肰	ɻjɛn1	
繎	ɻjɛn1	
繎	ɻɥɛn1	
𥳚	ɻjɛn1	
䕼	ɻjɛn1	
𤓉	ɻjɛn1	
延	jɛn1	
延	jɛn3	
埏	jɛn1	
埏	ʂjɛn1	
筵	jɛn1	
狿	jɛn1	
狿	jɛn3	
郔	jɛn1	
綖	jɛn1	
蜒	jɛn1	
䘰	jɛn1	
䘰	ʂjɛn1	
鋋	jɛn1	
鋋	dʐʰjɛn1	
䀽	jɛn1	
𢌨	jɛn1	
䢭	jɛn1	
䢭	zjɛn3	
䢭	jɛn3	
莚	jɛn1	
莚	jɛn3	
𩜾	tʂjɛn1	
饘	tʂjɛn1	
饘	tʂjɛn2	
旃	tʂjɛn1	
旜	tʂjɛn1	
栴	tʂjɛn1	
氈	tʂjɛn1	
鸇	tʂjɛn1	
𩔣	tʂjɛn1	
邅	tɻjɛn1	
邅	dɻjɛn3	
𧾍	tɻjɛn1	
𧾍	dɻʰjɛn1	
鱣	tɻjɛn1	
𩼼	tɻjɛn1	
羶	ʂjɛn1	
挻	ʂjɛn1	
扇	ʂjɛn1	
扇	ʂjɛn3	
煽	ʂjɛn1	
煽	ʂjɛn3	
鯅	ʂjɛn1	
脠	ʂjɛn1	
脠	tɻʰjɛn1	
梴	tɻʰjɛn1	
鏈	tɻʰjɛn1	
鏈	ljɛn1	
㢟	tɻʰjɛn1	
㢟	tɻʰjɛn2	
蟬	dʐʰjɛn1	
僤	dʐʰjɛn1	
僤	dan3	
禪	dʐʰjɛn1	
禪	ʐjɛn3	
澶	dʐʰjɛn1	
澶	dan3	
嬋	dʐʰjɛn1	
纏	dɻʰjɛn1	
纏	dɻjɛn3	
緾	dɻʰjɛn1	
躔	dɻʰjɛn1	
瀍	dɻʰjɛn1	
鄽	dɻʰjɛn1	
𨷭	dɻʰjɛn1	
𧔊	dɻʰjɛn1	
廛	dɻʰjɛn1	
㙻	dɻʰjɛn1	
嘕	xjɛn1	
仚	xjɛn1	
嫣	xjɛn1	
嫣	ʔjɛn1	
嫣	ʔjɛn2	
嫣	ʔjɛn3	
𦒜	xjɛn1	
連	ljɛn1	
聮	ljɛn1	
漣	ljɛn1	
翴	ljɛn1	
鰱	ljɛn1	
令	ljɛn1	
令	liŋ1	
令	liŋ3	
䃛	ljɛn1	
㦁	ljɛn1	
槤	ljɛn1	
𪚀	ljɛn1	
㶌	ljɛn1	
篇	pʲʰjɛn1	
偏	pʲʰjɛn1	
偏	pʲʰjɛn3	
翩	pʲʰjɛn1	
媥	pʲʰjɛn1	
㾫	pʲʰjɛn1	
扁	pʲʰjɛn1	
扁	pʲjɛn2	
扁	bʲjɛn3	
便	bʲʰjɛn1	
便	bʲjɛn3	
緶	bʲʰjɛn1	
緶	pʲjɛn2	
楩	bʲʰjɛn1	
楩	bʲjɛn3	
平	bʲʰjɛn1	
平	bʰiŋ1	
諞	bʲʰjɛn1	
諞	bjɛn3	
諞	bʲjɛn3	
㛹	bʲʰjɛn1	
箯	bʲʰjɛn1	
箯	pʲjɛn1	
𧍲	bʲʰjɛn1	
緜	mʲjɛn1	
綿	mʲjɛn1	
棉	mʲjɛn1	
矊	mʲjɛn1	
蝒	mʲjɛn1	
𧉄	mʲjɛn1	
𢣔	mʲjɛn1	
宀	mʲjɛn1	
䫵	mʲjɛn1	
櫋	mʲjɛn1	
𣏜	mʲjɛn1	
臱	mʲjɛn1	
㮌	mʲjɛn1	
𣡠	mʲjɛn1	
全	dzʰɥɛn1	
㒰	dzʰɥɛn1	
泉	dzʰɥɛn1	
𧍭	dzʰɥɛn1	
牷	dzʰɥɛn1	
䀬	dzʰɥɛn1	
䀬	tʂwan1	
葲	dzʰɥɛn1	
宣	sɥɛn1	
揎	sɥɛn1	
㩊	sɥɛn1	
愃	sɥɛn1	
愃	xɥɛn2	
𡈣	sɥɛn1	
𩕖	sɥɛn1	
瑄	sɥɛn1	
𩤡	sɥɛn1	
鐫	tsɥɛn1	
鋑	tsɥɛn1	
剶	tsɥɛn1	
剶	tɻʰɥɛn1	
翾	xʲɥɛn1	
儇	xʲɥɛn1	
蠉	xʲɥɛn1	
蠉	xʲɥɛn2	
𧾎	xʲɥɛn1	
嬛	xʲɥɛn1	
嬛	ʔʲɥɛn1	
嬛	ɡʲʰyjŋ1	
譞	xʲɥɛn1	
頨	xʲɥɛn1	
頨	ˀɰɥu2	
堧	ɻɥɛn1	
堧	nwʌ3	
䙇	ɻɥɛn1	
𤲬	ɻɥɛn1	
𤲬	ˀɻɥɛn2	
𤲬	ɻɥɛn3	
𤲬	nwʌ3	
瑌	ɻɥɛn1	
瑌	ˀɻɥɛn2	
撋	ɻɥɛn1	
穿	tʂʰɥɛn1	
穿	tʂʰɥɛn3	
川	tʂʰɥɛn1	
沿	jɥɛn1	
㳂	jɥɛn1	
鉛	jɥɛn1	
櫞	jɥɛn1	
捐	jɥɛn1	
鳶	jɥɛn1	
蝝	jɥɛn1	
緣	jɥɛn1	
緣	jɥɛn3	
䱲	jɥɛn1	
𦿂	jɥɛn1	
𦛔	jɥɛn1	
𦛔	zɥɛn3	
旋	zɥɛn1	
旋	zɥɛn3	
璿	zɥɛn1	
𤩅	zɥɛn1	
𤫀	zɥɛn1	
䗠	zɥɛn1	
㳬	zɥɛn1	
㳬	zɥɛn3	
琁	zɥɛn1	
璇	zɥɛn1	
𣟳	zɥɛn1	
蜁	zɥɛn1	
㔯	zɥɛn1	
䁢	zɥɛn1	
嫙	zɥɛn1	
嫙	zɥɛn3	
鏇	zɥɛn1	
鏇	zɥɛn3	
娟	ʔʲɥɛn1	
悁	ʔʲɥɛn1	
𡷡	ʔʲɥɛn1	
船	ʐɥɛn1	
舩	ʐɥɛn1	
鞭	pʲjɛn1	
鯾	pʲjɛn1	
揙	pʲjɛn1	
㳄	zjɛn1	
涎	zjɛn1	
涎	jɛn3	
詮	tsʰɥɛn1	
銓	tsʰɥɛn1	
硂	tsʰɥɛn1	
痊	tsʰɥɛn1	
佺	tsʰɥɛn1	
悛	tsʰɥɛn1	
駩	tsʰɥɛn1	
筌	tsʰɥɛn1	
絟	tsʰɥɛn1	
絟	tsʰɥɛt4	
譔	tsʰɥɛn1	
譔	dʐwan3	
縓	tsʰɥɛn1	
縓	tsʰɥɛn3	
恮	tsʰɥɛn1	
恮	tʂwan1	
荃	tsʰɥɛn1	
𠛮	tsʰɥɛn1	
峑	tsʰɥɛn1	
𠥙	tsʰɥɛn1	
鐉	tsʰɥɛn1	
拴	tsʰɥɛn1	
專	tʂɥɛn1	
甎	tʂɥɛn1	
顓	tʂɥɛn1	
嫥	tʂɥɛn1	
諯	tʂɥɛn1	
諯	dʐʰɥɛn1	
諯	tʂʰɥɛn3	
諯	tsʰɥɛn3	
膞	tʂɥɛn1	
膞	ʐɥɛn3	
膞	tʂɥɛn2	
鱄	tʂɥɛn1	
鱄	tʂɥɛn2	
𩠹	tʂɥɛn1	
遄	dʐʰɥɛn1	
輲	dʐʰɥɛn1	
輇	dʐʰɥɛn1	
椯	dʐʰɥɛn1	
歂	dʐʰɥɛn1	
歂	ʐɥɛn3	
圓	ɰɥɛn1	
蟤	tʂwan1	
栓	ʂwan1	
𨏉	ʂwan1	
𨏉	ʂwan3	
猭	tɻʰɥɛn1	
猭	tɻʰɥɛn3	
虔	ɡʰjɛn1	
鰬	ɡʰjɛn1	
𨜻	ɡʰjɛn1	
榩	ɡʰjɛn1	
鍵	ɡʰjɛn1	
鍵	ɡjɛn3	
揵	ɡʰjɛn1	
揵	kjɛn2	
愆	kʰjɛn1	
䇂	kʰjɛn1	
諐	kʰjɛn1	
𠍴	kʰjɛn1	
褰	kʰjɛn1	
騫	kʰjɛn1	
䙭	kʰjɛn1	
䙭	kjɛn2	
𧽐	kʰjɛn1	
攐	kʰjɛn1	
㗔	kʰjɛn1	
權	ɡʰɥɛn1	
拳	ɡʰɥɛn1	
觠	ɡʰɥɛn1	
觠	kɥɛn3	
顴	ɡʰɥɛn1	
踡	ɡʰɥɛn1	
婘	ɡʰɥɛn1	
孉	ɡʰɥɛn1	
䠰	ɡʰɥɛn1	
𤷄	ɡʰɥɛn1	
犈	ɡʰɥɛn1	
犈	kɥɛn3	
蠸	ɡʰɥɛn1	
齤	ɡʰɥɛn1	
卷	ɡʰɥɛn1	
卷	ɡɥɛn3	
卷	kɥɛn2	
卷	kɥɛn3	
𪈻	ɡʰɥɛn1	
𥆗	ɡʰɥɛn1	
𥁠	ɡʰɥɛn1	
𢑆	ɡʰɥɛn1	
鬈	ɡʰɥɛn1	
鬈	kʰɥɛn1	
䟒	ɡʰɥɛn1	
䑏	ɡʰɥɛn1	
蜷	ɡʰɥɛn1	
捲	ɡʰɥɛn1	
捲	kɥɛn2	
捲	kɥɛn3	
椽	dɻʰɥɛn1	
傳	dɻʰɥɛn1	
傳	dɻɥɛn3	
傳	tɻɥɛn3	
攣	lɥɛn1	
弮	kʰɥɛn1	
弮	kɥɛn3	
㒽	kʰɥɛn1	
棬	kʰɥɛn1	
𨟠	kʰɥɛn1	
𨟠	kʰjɑk4	
鄢	ʔjɛn1	
鄢	ʔjɛn2	
鄢	ʔjɛn3	
漹	ɰjɛn1	
漹	ʔjɛn3	
䗡	ɰjɛn1	
燀	tʂʰjɛn1	
燀	tʂjɛn2	
燀	tʂʰjɛn2	
勬	kɥɛn1	
勬	kɥɛn3	
蕭	sjɛw1	
簫	sjɛw1	
彇	sjɛw1	
蟰	sjɛw1	
蟰	siwk4	
橚	sjɛw1	
橚	siwk4	
潚	sjɛw1	
潚	siwk4	
𩙚	sjɛw1	
踃	sjɛw1	
㩋	sjɛw1	
㩋	sjɛw2	
㩋	sjɛw3	
㩋	ʂuk4	
㩋	siwk4	
箾	sjɛw1	
箾	ʂwak4	
𦐺	sjɛw1	
㲖	sjɛw1	
艘	sjɛw1	
艘	sɑw1	
瞍	sjɛw1	
瞍	sɨw2	
翛	sjɛw1	
翛	ʂiwk4	
撨	sjɛw1	
撨	dzʰjɛw1	
祧	tʰjɛw1	
佻	tʰjɛw1	
佻	dʰjɛw1	
挑	tʰjɛw1	
挑	tʰɑw1	
挑	djɛw3	
朓	tʰjɛw1	
朓	tʰjɛw2	
恌	tʰjɛw1	
恌	jɛw1	
𣂁	tʰjɛw1	
庣	tʰjɛw1	
銚	tʰjɛw1	
銚	jɛw1	
銚	djɛw3	
趒	tʰjɛw1	
趒	dʰjɛw1	
趒	tʰjɛw3	
聎	tʰjɛw1	
蓧	tʰjɛw1	
蓧	dik4	
貂	tjɛw1	
䯾	tjɛw1	
䯾	dʰjɛw1	
䯾	tʂiw3	
𠚥	tjɛw1	
刁	tjɛw1	
琱	tjɛw1	
凋	tjɛw1	
鯛	tjɛw1	
䂏	tjɛw1	
雕	tjɛw1	
鵰	tjɛw1	
蛁	tjɛw1	
彫	tjɛw1	
𧜣	tjɛw1	
𧜣	tjɛw2	
𧘨	tjɛw1	
芀	tjɛw1	
芀	dʰjɛw1	
𦶌	tjɛw1	
𦨣	tjɛw1	
𩾗	tjɛw1	
𩾗	tsjɛw1	
㚋	tjɛw1	
奝	tjɛw1	
瞗	tjɛw1	
迢	dʰjɛw1	
條	dʰjɛw1	
樤	dʰjɛw1	
髫	dʰjɛw1	
跳	dʰjɛw1	
鋚	dʰjɛw1	
𧌁	dʰjɛw1	
蜩	dʰjɛw1	
苕	dʰjɛw1	
調	dʰjɛw1	
調	tɻiw1	
調	djɛw3	
鮡	dʰjɛw1	
鮡	dɻjɛw3	
岧	dʰjɛw1	
䩦	dʰjɛw1	
嬥	dʰjɛw1	
嬥	djɛw3	
嬥	dɻwak4	
𠤼	dʰjɛw1	
𣬸	dʰjɛw1	
𠧪	dʰjɛw1	
鰷	dʰjɛw1	
驍	kʲjɛw1	
梟	kʲjɛw1	
𥄉	kʲjɛw1	
澆	kʲjɛw1	
澆	ŋʲjɛw3	
憿	kʲjɛw1	
釗	kʲjɛw1	
釗	tʂjɛw1	
邀	kʲjɛw1	
邀	ʔʲjɛw1	
蟂	kʲjɛw1	
徼	kʲjɛw1	
徼	kʲjɛw3	
聊	ljɛw1	
𦗖	ljɛw1	
𦗖	lɑw1	
膋	ljɛw1	
膫	ljɛw1	
膫	ljɛw3	
飉	ljɛw1	
遼	ljɛw1	
憀	ljɛw1	
憀	liw1	
竂	ljɛw1	
寥	ljɛw1	
寥	lik4	
料	ljɛw1	
料	ljɛw3	
㙩	ljɛw1	
㙩	ljɛw3	
橑	ljɛw1	
橑	ˀlɑw2	
撩	ljɛw1	
撩	ˀljɛw2	
摷	ljɛw1	
摷	tʂaw1	
廖	ljɛw1	
廖	liw3	
僚	ljɛw1	
僚	ˀljɛw2	
寮	ljɛw1	
鐐	ljɛw1	
鐐	ljɛw3	
簝	ljɛw1	
簝	lɑw1	
豂	ljɛw1	
鷯	ljɛw1	
鷯	ljɛw3	
𥲊	ljɛw1	
璙	ljɛw1	
璙	ˀljɛw2	
璙	ljɛw3	
嫽	ljɛw1	
嫽	ˀljɛw2	
嫽	ljɛw3	
漻	ljɛw1	
蟟	ljɛw1	
瞭	ljɛw1	
瞭	ˀljɛw2	
䜮	ljɛw1	
䜮	lɑw1	
𧂏	ljɛw1	
𩯊	ljɛw1	
嶚	ljɛw1	
翏	ljɛw1	
翏	liw3	
繚	ljɛw1	
繚	ˀljɛw2	
憭	ljɛw1	
憭	ˀljɛw2	
獠	ljɛw1	
獠	tɻaw2	
獠	ˀlɑw2	
髎	ljɛw1	
𡽐	ljɛw1	
蟧	ljɛw1	
蟧	lɑw1	
𦿌	ljɛw1	
𦿌	lwʌ1	
敹	ljɛw1	
嘹	ljɛw1	
嘹	ljɛw3	
熮	ljɛw1	
熮	ˀliw2	
熮	ljɛw3	
堯	ŋʲjɛw1	
嶢	ŋʲjɛw1	
僥	ŋʲjɛw1	
垚	ŋʲjɛw1	
顤	ŋʲjɛw1	
顤	xaw1	
顤	ŋʲjɛw3	
膮	xʲjɛw1	
膮	xʲjɛw2	
嘵	xʲjɛw1	
憢	xʲjɛw1	
㚠	xʲjɛw1	
㚠	kʲʰjɛw1	
𦞵	xʲjɛw1	
䎄	xʲjɛw1	
䫞	xʲjɛw1	
䫞	kʲʰjɛw1	
幺	ʔʲjɛw1	
怮	ʔʲjɛw1	
怮	ʔiw1	
怮	ʔʲiw1	
怮	ʔʲiw2	
葽	ʔʲjɛw1	
葽	ʔʲjɛw2	
葽	ʔʲjɛw3	
䱂	ʔʲjɛw1	
䱂	ʔiw2	
㫐	ʔʲjɛw1	
㫐	ʔʲjɛw2	
鄡	kʲʰjɛw1	
郻	kʲʰjɛw1	
𢿣	kʲʰjɛw1	
𢿣	ŋaw1	
𢿣	kʲʰik4	
墽	kʲʰjɛw1	
𡩇	kʲʰjɛw1	
宵	sjɛw1	
消	sjɛw1	
霄	sjɛw1	
捎	sjɛw1	
捎	ʂaw1	
逍	sjɛw1	
痟	sjɛw1	
綃	sjɛw1	
綃	ʂaw1	
銷	sjɛw1	
焇	sjɛw1	
硝	sjɛw1	
蛸	sjɛw1	
蛸	ʂaw1	
莦	sjɛw1	
莦	ʂaw1	
哨	sjɛw1	
哨	tsʰjɛw3	
鮹	sjɛw1	
鮹	ʂaw1	
𤞚	sjɛw1	
䴛	sjɛw1	
揱	sjɛw1	
揱	ʂaw3	
揱	ʂwak4	
魈	sjɛw1	
超	tɻʰjɛw1	
怊	tɻʰjɛw1	
怊	tʂʰjɛw1	
欩	tɻʰjɛw1	
𢁾	tɻʰjɛw1	
𠰉	tɻʰjɛw1	
䫿	tɻʰjɛw1	
朝	tɻjɛw1	
朝	dɻʰjɛw1	
𦩻	tɻjɛw1	
鼂	dɻʰjɛw1	
晁	dɻʰjɛw1	
潮	dɻʰjɛw1	
囂	xjɛw1	
枵	xjɛw1	
歊	xjɛw1	
歊	xuk4	
毊	xjɛw1	
毊	ɡʰjɛw1	
獢	xjɛw1	
㺧	xjɛw1	
藃	xjɛw1	
藃	xaw1	
藃	xɑw3	
呺	xjɛw1	
𩱴	xjɛw1	
䖀	xjɛw1	
樵	dzʰjɛw1	
𦿕	dzʰjɛw1	
劁	dzʰjɛw1	
劁	dzjɛw3	
憔	dzʰjɛw1	
顦	dzʰjɛw1	
䏆	dzʰjɛw1	
䏆	dzʰɑw1	
譙	dzʰjɛw1	
嶕	dzʰjɛw1	
𡻝	dzʰjɛw1	
𡻝	dʐʰaw1	
鐎	dzʰjɛw1	
鐎	tsjɛw1	
𨝱	dzʰjɛw1	
僬	dzʰjɛw1	
僬	tsjɛw1	
僬	tsjɛw3	
䩌	dzʰjɛw1	
䩌	tsjɛw1	
䩌	tsjɛw3	
菬	dzʰjɛw1	
菬	tʂjɛw2	
驕	kjɛw1	
嬌	kjɛw1	
嬌	ɡʰjɛw1	
嬌	kjɛw2	
憍	kjɛw1	
穚	kjɛw1	
鷮	kjɛw1	
鷮	ɡʰjɛw1	
蕎	kjɛw1	
蕎	ɡʰjɛw1	
喬	kjɛw1	
喬	ɡʰjɛw1	
簥	kjɛw1	
撟	kjɛw1	
撟	kjɛw2	
焦	tsjɛw1	
𤓪	tsjɛw1	
㲬	tsjɛw1	
蕉	tsjɛw1	
膲	tsjɛw1	
鷦	tsjɛw1	
椒	tsjɛw1	
茮	tsjɛw1	
噍	tsjɛw1	
噍	dzjɛw3	
蟭	tsjɛw1	
𪚱	tsjɛw1	
燋	tsjɛw1	
燋	tsjɑk4	
䌭	tsjɛw1	
饒	ɻjɛw1	
饒	ɻjɛw3	
橈	ɻjɛw1	
橈	naw3	
襓	ɻjɛw1	
㹛	ɻjɛw1	
蟯	ɻjɛw1	
蟯	ʔʲjɛw1	
蕘	ɻjɛw1	
燒	ʂjɛw1	
燒	ʂjɛw3	
𤬖	ʂjɛw1	
𤬖	jɛw1	
遙	jɛw1	
媱	jɛw1	
傜	jɛw1	
繇	jɛw1	
繇	jiw1	
繇	dɻiw3	
颻	jɛw1	
𣣳	jɛw1	
窯	jɛw1	
窰	jɛw1	
䔄	jɛw1	
䔄	jɛw3	
𦾺	jɛw1	
珧	jɛw1	
鰩	jɛw1	
姚	jɛw1	
搖	jɛw1	
搖	jɛw3	
謠	jɛw1	
軺	jɛw1	
軺	dʐʰjɛw1	
愮	jɛw1	
𨙂	jɛw1	
𨙂	jiw1	
陶	jɛw1	
陶	dʰɑw1	
蘨	jɛw1	
蘨	jiw1	
鷂	jɛw1	
鷂	jɛw3	
洮	jɛw1	
洮	tʰɑw1	
烑	jɛw1	
㿁	jɛw1	
𢑄	jɛw1	
㫍	jɛw1	
榣	jɛw1	
嗂	jɛw1	
䠛	jɛw1	
瑤	jɛw1	
猺	jɛw1	
餆	jɛw1	
韶	dʐʰjɛw1	
㲈	dʐʰjɛw1	
佋	dʐʰjɛw1	
佋	ʐjɛw3	
𦯐	dʐʰjɛw1	
𠧙	dʐʰjɛw1	
𠧙	tʂjɛw3	
𠧙	ʐjɛw3	
玿	dʐʰjɛw1	
𢃳	dʐʰjɛw1	
柖	dʐʰjɛw1	
㸛	dʐʰjɛw1	
昭	tʂjɛw1	
鵃	tʂjɛw1	
鵃	tɻaw1	
鉊	tʂjɛw1	
招	tʂjɛw1	
盄	tʂjɛw1	
皽	tʂjɛw1	
皽	tɻjɛn2	
皽	tʂjɛn2	
飆	pʲjɛw1	
標	pʲjɛw1	
標	pʲjɛw2	
猋	pʲjɛw1	
杓	pʲjɛw1	
杓	pʲʰjɛw1	
杓	ʐjɑk4	
杓	tik4	
瘭	pʲjɛw1	
幖	pʲjɛw1	
熛	pʲjɛw1	
㠒	pʲjɛw1	
𧽤	pʲjɛw1	
𧽤	pʲʰjɛw1	
蔈	pʲjɛw1	
驫	pʲjɛw1	
驫	piw1	
𦠎	pʲjɛw1	
𦠎	pʲʰjɛw1	
𣄠	pʲjɛw1	
贆	pʲjɛw1	
髟	pʲjɛw1	
髟	piw1	
髟	ʂam1	
鑣	pjɛw1	
𧥍	pjɛw1	
臕	pjɛw1	
儦	pjɛw1	
瀌	pjɛw1	
瀌	bʰiw1	
𦔩	pjɛw1	
藨	pjɛw1	
藨	pʰɑw1	
藨	bjɛw3	
瓢	bʲʰjɛw1	
飄	bʲʰjɛw1	
飄	pʲʰjɛw1	
剽	bʲʰjɛw1	
剽	pʲʰjɛw3	
薸	bʲʰjɛw1	
㯱	bʲʰjɛw1	
㯱	pʰɑw1	
螵	bʲʰjɛw1	
螵	pʲʰjɛw1	
䖢	mʲjɛw1	
篻	mʲjɛw1	
篻	pʲʰjɛw2	
㠺	mʲjɛw1	
𪃦	mʲjɛw1	
苗	mjɛw1	
描	mjɛw1	
描	maw1	
緢	mjɛw1	
緢	ˀmaw2	
緢	maw3	
貓	mjɛw1	
貓	maw1	
猫	mjɛw1	
要	ʔʲjɛw1	
要	ʔʲjɛw3	
腰	ʔʲjɛw1	
喓	ʔʲjɛw1	
𧍔	ʔʲjɛw1	
䙅	ʔʲjɛw1	
䳩	ʔʲjɛw1	
鴞	ɰjɛw1	
𨚙	ɰjɛw1	
𨚙	ɣɑw1	
橋	ɡʰjɛw1	
趫	ɡʰjɛw1	
趫	kʰjɛw1	
僑	ɡʰjɛw1	
㝯	ɡʰjɛw1	
鐈	ɡʰjɛw1	
嶠	ɡʰjɛw1	
嶠	ɡjɛw3	
轎	ɡʰjɛw1	
轎	ɡjɛw3	
蟜	ɡʰjɛw1	
蟜	kjɛw2	
蹻	ɡʰjɛw1	
蹻	kʲʰjɛw1	
蹻	kjɛw2	
蹻	kjɑk4	
蹻	ɡjɑk4	
䎗	ɡʰjɛw1	
䎗	ɡʲʰjɛw1	
䀉	ɡʰjɛw1	
鍫	tsʰjɛw1	
鐰	tsʰjɛw1	
鐰	dzʰɑw1	
篍	tsʰjɛw1	
篍	tsʰiw1	
篍	tsʰjɛw3	
幧	tsʰjɛw1	
幧	tsʰɑw1	
㡑	tsʰjɛw1	
㡑	tsjɛw2	
𣟼	tsʰjɛw1	
𣟼	tsiw1	
𣖄	tsʰjɛw1	
妖	ʔjɛw1	
祅	ʔjɛw1	
枖	ʔjɛw1	
訞	ʔjɛw1	
夭	ʔjɛw1	
夭	ʔjɛw2	
夭	ʔɑw2	
繑	kʲʰjɛw1	
趬	kʲʰjɛw1	
趬	kʰjɛw3	
蹺	kʲʰjɛw1	
弨	tʂʰjɛw1	
弨	tʂʰjɛw2	
𤐫	pʲʰjɛw1	
漂	pʲʰjɛw1	
漂	pʲʰjɛw3	
𩙒	pʲʰjɛw1	
嫖	pʲʰjɛw1	
嫖	pʲʰjɛw3	
旚	pʲʰjɛw1	
犥	pʲʰjɛw1	
犥	pʲʰjɛw2	
鏢	pʲʰjɛw1	
僄	pʲʰjɛw1	
僄	pʲʰjɛw3	
𪅃	pʲʰjɛw1	
慓	pʲʰjɛw1	
慓	bʲjɛw3	
慓	pʲʰjɛw3	
彯	pʲʰjɛw1	
彯	pʲʰjɛw3	
摽	pʲʰjɛw1	
摽	bʲjɛw3	
摽	pʲʰjɛw3	
𨄏	pʲʰjɛw1	
翲	pʲʰjɛw1	
翲	pʲʰjɛw3	
瞟	pʲʰjɛw1	
瞟	pʲʰjɛw2	
嘌	pʲʰjɛw1	
翹	ɡʲʰjɛw1	
翹	ɡʲjɛw3	
荍	ɡʲʰjɛw1	
𧄍	ɡʲʰjɛw1	
嘺	ɡʲʰjɛw1	
𤖻	ɡʲʰjɛw1	
𤖻	ʂjɨ3	
燎	ljɛw1	
燎	ˀljɛw2	
燎	ljɛw3	
𢄹	kʰjɛw1	
橇	kʰjɛw1	
鞽	kʰjɛw1	
肴	ɰaw1	
餚	ɰaw1	
崤	ɰaw1	
崤	ɣɑw1	
𦺔	ɰaw1	
殽	ɰaw1	
洨	ɰaw1	
筊	ɰaw1	
筊	kaw2	
姣	ɰaw1	
姣	kaw2	
猇	ɰaw1	
猇	xaw1	
㮁	ɰaw1	
爻	ɰaw1	
淆	ɰaw1	
笅	ɰaw1	
㬵	ɰaw1	
𨠦	ɰaw1	
䋂	ɰaw1	
倄	ɰaw1	
倄	ˀɰyj2	
㤊	ɰaw1	
㤊	ɣaw3	
䂚	ɰaw1	
交	kaw1	
蛟	kaw1	
茭	kaw1	
鵁	kaw1	
膠	kaw1	
膠	kaw3	
鮫	kaw1	
咬	kaw1	
咬	ʔaw1	
郊	kaw1	
䍊	kaw1	
䍊	kʲʰik4	
轇	kaw1	
㶀	kaw1	
䢒	kaw1	
教	kaw1	
教	kaw3	
䉰	kaw1	
䉰	ɣaw3	
䉰	kaw2	
𥹜	kaw1	
摎	kaw1	
摎	liw1	
鉸	kaw1	
鉸	kaw2	
鉸	kaw3	
佼	kaw1	
佼	ɣaw3	
佼	kaw2	
𦫶	kaw1	
𦫶	pʰaw1	
𦫶	kiw1	
詨	kaw1	
詨	ɣaw3	
詨	xaw3	
嘐	kaw1	
嘐	xaw1	
𩎔	kaw1	
巢	dʐʰaw1	
巢	dʐaw3	
轈	dʐʰaw1	
勦	dʐʰaw1	
勦	tsjɛw2	
𣝞	dʐʰaw1	
樔	dʐʰaw1	
𡏮	dʐʰaw1	
鄛	dʐʰaw1	
鐃	naw1	
呶	naw1	
譊	naw1	
怓	naw1	
䴃	naw1	
𣲿	naw1	
䃩	naw1	
𡽧	naw1	
梢	ʂaw1	
髾	ʂaw1	
輎	ʂaw1	
旓	ʂaw1	
弰	ʂaw1	
䈰	ʂaw1	
筲	ʂaw1	
鞘	ʂaw1	
鞘	sjɛw3	
䘯	ʂaw1	
颵	ʂaw1	
娋	ʂaw1	
娋	ʂaw3	
𡡏	ʂaw1	
茅	maw1	
鶜	maw1	
媌	maw1	
媌	ˀmaw2	
虓	xaw1	
髇	xaw1	
穘	xaw1	
窙	xaw1	
嗃	xaw1	
嗃	xaw3	
嗃	xɑk4	
䬘	xaw1	
哮	xaw1	
哮	xaw3	
庨	xaw1	
灱	xaw1	
涍	xaw1	
涍	xaw3	
𩾾	xaw1	
㹲	xaw1	
包	paw1	
胞	paw1	
胞	pʰaw1	
苞	paw1	
勹	paw1	
𨚔	pʰaw1	
𨚔	pɑw1	
䍖	pʰaw1	
䍖	vɨw1	
脬	pʰaw1	
拋	pʰaw1	
拋	pʰaw3	
泡	pʰaw1	
泡	bʰaw1	
𠐋	pʰaw1	
𠐋	law1	
𢿏	pʰaw1	
敲	kʰaw1	
敲	kʰaw3	
跤	kʰaw1	
骹	kʰaw1	
𥉾	kʰaw1	
㤍	kʰaw1	
磽	kʰaw1	
磽	kʲʰjɛw2	
磽	ŋaw3	
䂭	kʰaw1	
礉	kʰaw1	
礉	kʰaw3	
鄗	kʰaw1	
鄗	ɣɑw3	
鄗	xɑk4	
墝	kʰaw1	
頝	kʰaw1	
聱	ŋaw1	
聱	ŋɑw1	
聱	ŋʲiw1	
謷	ŋaw1	
謷	ŋɑw1	
謷	ŋɑw3	
磝	ŋaw1	
𦗔	tʂaw1	
罺	tʂaw1	
罺	tʂʰaw3	
抓	tʂaw1	
抓	tʂaw2	
抓	tʂaw3	
𠿈	tʂaw1	
𠿈	tʂɨw1	
嘲	tɻaw1	
䞴	tɻaw1	
䞴	tɻaw3	
啁	tɻaw1	
啁	tɻiw1	
鳭	tɻaw1	
䜈	tʂʰaw1	
抄	tʂʰaw1	
抄	tʂʰaw3	
鈔	tʂʰaw1	
鈔	tʂʰaw3	
𦾱	tʂʰaw1	
訬	tʂʰaw1	
訬	ˀmʲjɛw2	
䰫	tʂʰaw1	
䰫	dʐaw3	
庖	bʰaw1	
咆	bʰaw1	
匏	bʰaw1	
炮	bʰaw1	
炮	pʰaw3	
炰	bʰaw1	
鉋	bʰaw1	
鉋	baw3	
瓟	bʰaw1	
瓟	bak4	
麃	bʰaw1	
麃	pʰjɛw2	
掊	bʰaw1	
掊	vɨw1	
掊	bʰɨw1	
掊	pɨw2	
颮	bʰaw1	
颮	pʰak4	
鞄	bʰaw1	
鞄	baw3	
鞄	pʰak4	
狍	bʰaw1	
跑	bʰaw1	
跑	bak4	
捊	bʰaw1	
捊	bʰɨw1	
尥	bʰaw1	
尥	ljɛw3	
㯡	bʰaw1	
䫜	ʔaw1	
㕭	ʔaw1	
坳	ʔaw1	
窅	ʔaw1	
窅	ʔʲjɛw2	
軪	ʔaw1	
軪	ʔaw3	
眑	ʔaw1	
眑	ʔʲiw2	
梎	ʔaw1	
𠣑	ʔaw1	
䫸	tɻʰaw1	
嘮	tɻʰaw1	
顟	law1	
窌	law1	
窌	pʰaw3	
窌	liw3	
賿	law1	
䄻	dɻʰaw1	
豪	ɣɑw1	
號	ɣɑw1	
號	ɣɑw3	
毫	ɣɑw1	
嗥	ɣɑw1	
獆	ɣɑw1	
濠	ɣɑw1	
壕	ɣɑw1	
䫧	ɣɑw1	
𣘫	ɣɑw1	
𠢕	ɣɑw1	
𨼍	ɣɑw1	
高	kɑw1	
膏	kɑw1	
膏	kɑw3	
皐	kɑw1	
皋	kɑw1	
羔	kɑw1	
餻	kɑw1	
㟸	kɑw1	
櫜	kɑw1	
咎	kɑw1	
咎	ɡiw3	
鼛	kɑw1	
鷎	kɑw1	
篙	kɑw1	
槔	kɑw1	
䚌	kɑw1	
䔌	kɑw1	
㤒	kɑw1	
䆁	kɑw1	
𣓌	kɑw1	
𣓌	kɑw2	
倃	kɑw1	
倃	ɡiw3	
䓘	kɑw1	
䣗	kɑw1	
勞	lɑw1	
勞	lɑw3	
澇	lɑw1	
澇	ˀlɑw2	
澇	lɑw3	
牢	lɑw1	
窂	lɑw1	
簩	lɑw1	
䝁	lɑw1	
𧰉	lɑw1	
醪	lɑw1	
撈	lɑw1	
㟉	lɑw1	
㗦	lɑw1	
髝	lɑw1	
髝	lɑw3	
憥	lɑw1	
𨦭	lɑw1	
𤩂	lɑw1	
嫪	lɑw1	
嫪	lɑw3	
哰	lɑw1	
𣘪	lɑw1	
蒿	xɑw1	
䜰	xɑw1	
撓	xɑw1	
撓	ˀnaw2	
薧	xɑw1	
薧	kʰɑw2	
薅	xɑw1	
茠	xɑw1	
𣐾	xɑw1	
毛	mɑw1	
毛	mɑw3	
髦	mɑw1	
芼	mɑw1	
芼	mɑw3	
𣹪	mɑw1	
旄	mɑw1	
旄	mɑw3	
㮘	mɑw1	
枆	mɑw1	
酕	mɑw1	
堥	mɑw1	
堥	mɨw1	
饕	tʰɑw1	
韜	tʰɑw1	
縚	tʰɑw1	
謟	tʰɑw1	
滔	tʰɑw1	
叨	tʰɑw1	
弢	tʰɑw1	
𩥓	tʰɑw1	
𤘸	tʰɑw1	
慆	tʰɑw1	
絛	tʰɑw1	
幍	tʰɑw1	
𠌪	tʰɑw1	
槄	tʰɑw1	
槄	tʰɑw2	
蜪	tʰɑw1	
蜪	dʰɑw1	
夲	tʰɑw1	
𠦂	tʰɑw1	
綢	tʰɑw1	
綢	dɻʰiw1	
搯	tʰɑw1	
翢	tʰɑw1	
翢	dʰɑw1	
瑫	tʰɑw1	
𠬢	tʰɑw1	
䈱	tʰɑw1	
𠚡	tʰɑw1	
詜	tʰɑw1	
刀	tɑw1	
魛	tɑw1	
忉	tɑw1	
舠	tɑw1	
𩕯	tɑw1	
朷	tɑw1	
朷	muk4	
騷	sɑw1	
搔	sɑw1	
繅	sɑw1	
繅	tsɑw2	
繰	sɑw1	
繰	tsɑw2	
臊	sɑw1	
鰠	sɑw1	
溞	sɑw1	
颾	sɑw1	
鱢	sɑw1	
㮴	sɑw1	
𠋺	sɑw1	
慅	sɑw1	
慅	tsʰɑw2	
袍	bʰɑw1	
袍	bɑw3	
袌	bʰɑw1	
軳	bʰɑw1	
襃	pɑw1	
褒	pɑw1	
𠅬	pɑw1	
䛬	dʰɑw1	
䛌	dʰɑw1	
咷	dʰɑw1	
咷	tʰjɛw3	
桃	dʰɑw1	
綯	dʰɑw1	
燾	dʰɑw1	
燾	dɑw3	
逃	dʰɑw1	
鼗	dʰɑw1	
鞀	dʰɑw1	
鞉	dʰɑw1	
濤	dʰɑw1	
掏	dʰɑw1	
檮	dʰɑw1	
檮	dɻʰiw1	
檮	tɑw2	
騊	dʰɑw1	
萄	dʰɑw1	
翿	dʰɑw1	
翿	dɑw3	
䬞	dʰɑw1	
䬞	dɻʰiw1	
匋	dʰɑw1	
啕	dʰɑw1	
錭	dʰɑw1	
駣	dʰɑw1	
駣	dɻjɛw3	
駣	dɑw3	
裪	dʰɑw1	
糟	tsɑw1	
𦵩	tsɑw1	
𦵩	dzʰiw1	
醩	tsɑw1	
遭	tsɑw1	
㷮	tsɑw1	
槽	tsɑw1	
槽	dzʰɑw1	
傮	tsɑw1	
𣩒	tsɑw1	
㡟	tsɑw1	
㡟	tsʰɑw1	
敖	ŋɑw1	
遨	ŋɑw1	
翱	ŋɑw1	
驁	ŋɑw1	
驁	ŋɑw3	
熬	ŋɑw1	
嶅	ŋɑw1	
獒	ŋɑw1	
滶	ŋɑw1	
蔜	ŋɑw1	
鷔	ŋɑw1	
鷔	ŋɑw3	
鼇	ŋɑw1	
螯	ŋɑw1	
嗸	ŋɑw1	
嗷	ŋɑw1	
䫨	ŋɑw1	
䫨	ŋɑw3	
𢧴	ŋɑw1	
摮	ŋɑw1	
嫯	ŋɑw1	
嫯	ŋɑw3	
䦋	ŋɑw1	
𣘢	ŋɑw1	
𦪈	ŋɑw1	
𩪋	ŋɑw1	
鰲	ŋɑw1	
曹	dzʰɑw1	
𣍘	dzʰɑw1	
螬	dzʰɑw1	
嘈	dzʰɑw1	
䄚	dzʰɑw1	
艚	dzʰɑw1	
𩫥	dzʰɑw1	
䐬	dzʰɑw1	
蓸	dzʰɑw1	
漕	dzʰɑw1	
漕	dzɑw3	
褿	dzʰɑw1	
𤏶	ʔɑw1	
䥝	ʔɑw1	
鏖	ʔɑw1	
猱	nɑw1	
猱	niw3	
𤣜	nɑw1	
巎	nɑw1	
嶩	nɑw1	
峱	nɑw1	
𤫕	nɑw1	
獿	nɑw1	
獿	ˀnaw2	
尻	kʰɑw1	
訄	kʰɑw1	
訄	kʰiw1	
訄	ɡʰiw1	
操	tsʰɑw1	
操	tsʰɑw3	
𢿾	tsʰɑw1	
䫽	pʰɑw1	
㲏	pʰɑw1	
歌	kʌ1	
謌	kʌ1	
柯	kʌ1	
妿	kʌ1	
妿	ʔʌ1	
㤎	kʌ1	
渮	kʌ1	
牁	kʌ1	
戕	kʌ1	
戕	dzʰjɑŋ1	
戕	tsɑŋ1	
滒	kʌ1	
哥	kʌ1	
鴚	kʌ1	
蹉	tsʰʌ1	
瑳	tsʰʌ1	
瑳	tsʰʌ2	
搓	tsʰʌ1	
磋	tsʰʌ1	
磋	tsʰʌ3	
溠	tsʰʌ1	
溠	tʂa1	
溠	tʂa3	
傞	tsʰʌ1	
傞	sʌ1	
𪘓	tsʰʌ1	
𪘓	dzʰʌ1	
多	tʌ1	
𦷛	tʌ1	
娑	sʌ1	
娑	sʌ2	
挱	sʌ1	
挲	sʌ1	
𩊮	sʌ1	
𩊮	ʂa1	
獻	sʌ1	
獻	xjɛn3	
䓾	sʌ1	
𠈱	sʌ1	
桫	sʌ1	
䤬	sʌ1	
𥆝	sʌ1	
駝	dʰʌ1	
駞	dʰʌ1	
鼉	dʰʌ1	
𡩆	dʰʌ1	
紽	dʰʌ1	
鮀	dʰʌ1	
陀	dʰʌ1	
䍫	dʰʌ1	
沱	dʰʌ1	
沱	dʌ3	
跎	dʰʌ1	
酡	dʰʌ1	
㼠	dʰʌ1	
馱	dʰʌ1	
馱	dʌ3	
迱	dʰʌ1	
鼧	dʰʌ1	
鼧	tʰʌ1	
袉	dʰʌ1	
袉	dʌ3	
袉	tʰʌ2	
𩉺	dʰʌ1	
䡐	dʰʌ1	
𧕛	dʰʌ1	
佗	dʰʌ1	
佗	tʰʌ1	
醝	dzʰʌ1	
㽨	dzʰʌ1	
瘥	dzʰʌ1	
瘥	tsja1	
瘥	tʂʰaj3	
䣜	dzʰʌ1	
𣩈	dzʰʌ1	
𣩈	tsja1	
鹺	dzʰʌ1	
𥰭	dzʰʌ1	
𥰭	tʂa2	
艖	dzʰʌ1	
艖	tʂʰa1	
蔖	dzʰʌ1	
蔖	tsʰu2	
䴾	dzʰʌ1	
䑘	dzʰʌ1	
䠡	dzʰʌ1	
躦	dzʰʌ1	
虘	dzʰʌ1	
䰈	dzʰʌ1	
䰈	tsʰʌ2	
莪	ŋʌ1	
哦	ŋʌ1	
娥	ŋʌ1	
䄉	ŋʌ1	
峨	ŋʌ1	
鵝	ŋʌ1	
俄	ŋʌ1	
𩒰	ŋʌ1	
𩒰	ˀŋʌ2	
蛾	ŋʌ1	
蛾	ˀŋi2	
睋	ŋʌ1	
涐	ŋʌ1	
誐	ŋʌ1	
硪	ŋʌ1	
硪	ˀŋʌ2	
他	tʰʌ1	
他	tʰa1	白
拕	tʰʌ1	
拕	dʌ3	
它	tʰʌ1	
羅	lʌ1	
蘿	lʌ1	
籮	lʌ1	
儸	lʌ1	
饠	lʌ1	
𤄷	lʌ1	
欏	lʌ1	
囉	lʌ1	
鑼	lʌ1	
剆	lʌ1	
剆	ˀlʌ2	
那	nʌ1	
那	ˀnʌ2	
那	nʌ3	
那	na3	白
㔮	nʌ1	
𤘟	nʌ1	
挪	nʌ1	
儺	nʌ1	
𠹈	nʌ1	
𡖔	nʌ1	
𩴓	nʌ1	
何	ɣʌ1	
何	ɣʌ3	
河	ɣʌ1	
荷	ɣʌ1	
荷	ɣʌ3	
菏	ɣʌ1	
苛	ɣʌ1	
蚵	ɣʌ1	
蚵	kʰʌ3	
魺	ɣʌ1	
訶	xʌ1	
呵	xʌ1	
呵	xʌ3	
𩑸	xʌ1	
𩑸	xʌ2	
㱒	xʌ1	
抲	xʌ1	
珂	kʰʌ1	
𠳌	kʰʌ1	
𠳌	kʰa3	
䯊	kʰʌ1	
軻	kʰʌ1	
軻	kʰʌ2	
軻	kʰʌ3	
阿	ʔʌ1	
娿	ʔʌ1	
娿	ʔʌ2	
痾	ʔʌ1	
妸	ʔʌ1	
妸	ʔʌ2	
䋪	ʔʌ1	
鈳	ʔʌ1	
戈	kwʌ1	
過	kwʌ1	
過	kwʌ3	
渦	kwʌ1	
渦	ʔwʌ1	
鍋	kwʌ1	
𨍋	kwʌ1	
楇	kwʌ1	
瘑	kwʌ1	
㽿	kwʌ1	
㽿	kʰwʌ1	
𩰫	kwʌ1	
𩰬	kwʌ1	
㗻	kwʌ1	
㗻	ɣwʌ1	
堝	kwʌ1	
𩾷	kwʌ1	
𧒖	kwʌ1	
𧒖	kwʌ3	
遳	tsʰwʌ1	
𨹄	twʌ1	
𨹄	twʌ2	
𣑫	twʌ1	
𣑫	twʌ3	
莎	swʌ1	
魦	swʌ1	
魦	ʂa1	
莏	swʌ1	
𢘿	swʌ1	
趖	swʌ1	
唆	swʌ1	
𧨀	swʌ1	
髿	swʌ1	
髿	ʂa1	
梭	swʌ1	
𣜤	swʌ1	
㛗	swʌ1	
㛗	tsʰwʌ1	
婆	bʰwʌ1	
鄱	bʰwʌ1	
皤	bʰwʌ1	
皤	pwʌ1	
𩕏	bʰwʌ1	
蔢	bʰwʌ1	
碆	bʰwʌ1	
碆	pwʌ1	
㸰	dʰwʌ1	
㸰	kʰwʌ1	
碢	dʰwʌ1	
堶	dʰwʌ1	
摩	mwʌ1	
摩	mwʌ3	
𩞁	mwʌ1	
𥂓	mwʌ1	
𥂓	ma1	
𡡉	mwʌ1	
魔	mwʌ1	
䯢	mwʌ1	
磨	mwʌ1	
磨	mwʌ3	
劘	mwʌ1	
𦟟	mwʌ1	
𦣆	mwʌ1	
䭩	mwʌ1	
矬	dzʰwʌ1	
痤	dzʰwʌ1	
銼	dzʰwʌ1	
銼	tsʰwʌ3	
銼	dzuk4	
㭫	dzʰwʌ1	
睉	dzʰwʌ1	
訛	ŋwʌ1	
譌	ŋwʌ1	
吪	ŋwʌ1	
鈋	ŋwʌ1	
囮	ŋwʌ1	
囮	jiw1	
魤	ŋwʌ1	
𠂬	ŋwʌ1	
𠂬	ˀŋwʌ2	
𧦭	tʰwʌ1	
涶	tʰwʌ1	
涶	tʰwʌ3	
䛢	tʰwʌ1	
䛢	tʰuk4	
䜏	tʰwʌ1	
𩼊	lwʌ1	
摞	lwʌ1	
摞	lwʌ3	
騾	lwʌ1	
驘	lwʌ1	
鸁	lwʌ1	
𣜄	lwʌ1	
螺	lwʌ1	
蠃	lwʌ1	
蠃	ˀlwʌ2	
𥢵	lwʌ1	
𥡜	lwʌ1	
𧄿	lwʌ1	
𨰠	lwʌ1	
覼	lwʌ1	
波	pwʌ1	
紴	pwʌ1	
紴	pʰi2	
嶓	pwʌ1	
頗	pʰwʌ1	
頗	pʰwʌ2	
頗	pʰwʌ3	
坡	pʰwʌ1	
𨸭	pʰwʌ1	
玻	pʰwʌ1	
和	ɣwʌ1	
和	ɣwʌ3	
咊	ɣwʌ1	
𤖱	ɣwʌ1	
禾	ɣwʌ1	
龢	ɣwʌ1	
鉌	ɣwʌ1	
䒩	ɣwʌ1	
盉	ɣwʌ1	
盉	ɣwʌ3	
科	kʰwʌ1	
科	kʰwʌ3	
窠	kʰwʌ1	
薖	kʰwʌ1	
稞	kʰwʌ1	
稞	ɣwa3	
萪	kʰwʌ1	
蝌	kʰwʌ1	
犐	kʰwʌ1	
課	kʰwʌ1	
課	kʰwʌ3	
簻	kʰwʌ1	
簻	tɻwa1	
䈖	kʰwʌ1	
髁	kʰwʌ1	
髁	kʰwa2	
髁	kʰwʌ3	
𠏀	kʰwʌ1	
濄	ʔwʌ1	
涹	ʔwʌ1	
𡑟	ʔwʌ1	
踒	ʔwʌ1	
𥟿	ʔwʌ1	
𥟿	ʔwʌ2	
鞾	xɥa1	
靴	xɥa1	
𢪎	xɥa1	
㗾	xɥa1	
𦚢	ʔɥa1	
𠏃	ʔɥa1	
𩨷	kʰɥa1	
𩨭	kʰɥa1	
伽	ɡʰja1	
茄	ɡʰja1	
茄	ka1	
枷	ɡʰja1	
枷	ka1	
佉	kʰja1	
呿	kʰja1	
呿	kʰjɯ3	
呿	kʰjɛp4	
㰦	kʰja1	
㰦	kʰjɯ3	
𠋧	kʰja1	
迦	kja1	
迦	ka1	
脞	tsʰwʌ1	
脞	tsʰwʌ2	
侳	tswʌ1	
侳	tswʌ3	
𩛠	tswʌ1	
瘸	ɡʰɥa1	
𦣛	lɥa1	
麻	ma1	
犘	ma1	
蟆	ma1	
𪓹	ma1	
𩔶	ma1	
痲	ma1	
㦄	ma1	
硨	tʂʰja1	
奢	ʂja1	
賒	ʂja1	
邪	ja1	
邪	zja1	
耶	ja1	
瑘	ja1	
釾	ja1	
鎁	ja1	
椰	ja1	
擨	ja1	
斜	ja1	
斜	zja1	
䓉	ja1	
𦰳	ja1	
䔑	ja1	
䔑	zja1	
𦭿	ja1	
𥯘	ja1	
遮	tʂja1	
𠌮	tʂja1	
㸙	tʂja1	
嗟	tsja1	
𧨁	tsja1	
罝	tsja1	
謯	tsja1	
謯	tʂa2	
𨲠	tsja1	
袓	tsja1	
袓	dzjɯ3	
㜘	tsja1	
怚	tsja1	
怚	dzjɯ3	
怚	tsjɯ3	
䦈	tsja1	
華	ɣwa1	
華	xwa1	
華	ɣwa3	
驊	ɣwa1	
鷨	ɣwa1	
𧑍	ɣwa1	
鏵	ɣwa1	
樺	ɣwa1	
樺	ɣwa3	
崋	ɣwa1	
崋	ɣwa3	
划	ɣwa1	
划	kwʌ2	
划	kwʌ3	
瓜	kwa1	
婐	kwa1	
婐	ʔwʌ2	
㧓	kwa1	
花	xwa1	
譁	xwa1	
𧪮	xwa1	
誇	kʰwa1	
䠸	kʰwa1	
夸	kʰwa1	
姱	kʰwa1	
跨	kʰwa1	
跨	kʰwa2	
跨	kʰu3	
跨	kʰwa3	
胯	kʰwa1	
胯	kʰu3	
胯	kʰwa3	
𠇗	kʰwa1	
䯞	kʰwa1	
拏	na1	
詉	na1	
摣	na1	
𧘽	na1	
𧦮	na1	
𤓷	na1	
嘉	ka1	
家	ka1	
加	ka1	
葭	ka1	
笳	ka1	
麚	ka1	
䴥	ka1	
豭	ka1	
猳	ka1	
痂	ka1	
鴐	ka1	
袈	ka1	
𣮫	ka1	
跏	ka1	
𨔣	ka1	
𤠙	ka1	
𧉪	ka1	
珈	ka1	
瘕	ka1	
瘕	ka2	
瘕	ka3	
犌	ka1	
幏	ka1	
幏	ka3	
貑	ka1	
蟼	ka1	
蟼	kiŋ1	
蟼	kiŋ2	
遐	ɣa1	
蝦	ɣa1	
鍜	ɣa1	
霞	ɣa1	
瑕	ɣa1	
騢	ɣa1	
鰕	ɣa1	
䠍	ɣa1	
䫗	ɣa1	
赮	ɣa1	
蕸	ɣa1	
葩	pʰa1	
鈀	pʰa1	
鈀	pa1	
妑	pʰa1	
蚆	pʰa1	
蚆	pa1	
吧	pʰa1	
吧	pa1	
舥	pʰa1	
𧣃	pʰa1	
鴉	ʔa1	
鵶	ʔa1	
錏	ʔa1	
㝞	ʔa1	
椏	ʔa1	
椏	ʔʌ2	
丫	ʔa1	
䃁	ʔa1	
𠜲	ʔa1	
巴	pa1	
笆	pa1	
笆	ba3	
豝	pa1	
芭	pa1	
㿬	pa1	
杈	tʂʰa1	
杈	tʂʰa3	
鎈	tʂʰa1	
䑡	tʂʰa1	
鯊	ʂa1	
沙	ʂa1	
沙	ʂa3	
砂	ʂa1	
裟	ʂa1	
㲚	ʂa1	
桬	ʂa1	
紗	ʂa1	
硰	ʂa1	
硰	tsʰʌ2	
牙	ŋa1	
芽	ŋa1	
齖	ŋa1	
齖	ŋa3	
呀	ŋa1	
呀	xa1	
枒	ŋa1	
枒	ŋa3	
樝	tʂa1	
柤	tʂa1	
𦳏	tʂa1	
㪥	tʂa1	
皻	tʂa1	
抯	tʂa1	
抯	zja3	
抯	tsja2	
渣	tʂa1	
𤹡	tʂa1	
𥡧	tʂa1	
浾	tʂa1	
𡨀	dɻʰa1	
䠧	dɻʰa1	
茶	dɻʰa1	
秅	dɻʰa1	
秅	tu3	
𡝐	dɻʰa1	
𤶠	dɻʰa1	
𤶠	tɻa1	
𦛝	dɻʰa1	
𥥸	dɻʰa1	
𨼑	dɻʰa1	
䅊	dɻʰa1	
䅊	tɻa1	
䅊	dɻa3	
衺	zja1	
𥍸	dʐʰja1	
窊	ʔwa1	
窊	ʔwa3	
畖	ʔwa1	
窪	ʔwa1	
髽	tʂwa1	
檛	tɻwa1	
𥬲	tɻwa1	
𥬲	dwʌ3	
膼	tɻwa1	
爬	bʰa1	
杷	bʰa1	
杷	baj3	
杷	ba3	
琶	bʰa1	
楂	dʐʰa1	
槎	dʐʰa1	
槎	dʐa3	
㢒	dʐʰa1	
侘	tɻʰa1	
侘	tɻʰa3	
哆	tɻʰa1	
哆	tʂʰjɨ2	
哆	tʌ2	
哆	tʂʰja2	
哆	tʂʰjɨ3	
哆	tʌ3	
哆	tɻa3	
𤵾	tɻʰa1	
㗬	tɻʰa1	
奓	tɻa1	
奓	tɻa3	
𧬅	tɻa1	
觰	tɻa1	
觰	tɻa2	
咤	tɻa1	
咤	tɻa3	
𪗭	tɻa1	
䐒	tɻa1	
䐒	tɻa3	
煆	xa1	
煆	xa3	
谺	xa1	
疨	xa1	
岈	xa1	
颬	xa1	
䶗	kʰa1	
㤉	kʰa1	
𡤫	kʰa1	
㚗	dzʰja1	
若	ɻja1	
若	ˀɻja2	
若	ɻjɑk4	
些	sja1	
些	si3	
些	sʌ3	
爹	tja1	
爹	dʌ3	
𣢉	ŋwa1	
𩨾	ŋwa1	
𣘟	kʰa1	
陽	jɑŋ1	
暘	jɑŋ1	
楊	jɑŋ1	
揚	jɑŋ1	
颺	jɑŋ1	
颺	jɑŋ3	
昜	jɑŋ1	
羊	jɑŋ1	
样	jɑŋ1	
样	tsɑŋ1	
眻	jɑŋ1	
眻	jɑŋ3	
佯	jɑŋ1	
佯	dzʰjɑŋ1	
詳	jɑŋ1	
詳	zjɑŋ1	
徉	jɑŋ1	
洋	jɑŋ1	
洋	zjɑŋ1	
烊	jɑŋ1	
煬	jɑŋ1	
煬	jɑŋ3	
鍚	jɑŋ1	
𩋬	jɑŋ1	
輰	jɑŋ1	
敭	jɑŋ1	
瘍	jɑŋ1	
鴹	jɑŋ1	
鰑	jɑŋ1	
鸉	jɑŋ1	
蛘	jɑŋ1	
禓	jɑŋ1	
禓	ʂjɑŋ1	
崵	jɑŋ1	
崵	dɑŋ3	
諹	jɑŋ1	
諹	jɑŋ3	
瑒	jɑŋ1	
瑒	dɻiˤŋ3	
𥂸	jɑŋ1	
𦭵	jɑŋ1	
𦍹	jɑŋ1	
翔	zjɑŋ1	
庠	zjɑŋ1	
祥	zjɑŋ1	
𨀘	zjɑŋ1	
𦍙	zjɑŋ1	
痒	zjɑŋ1	
痒	ˀjɑŋ2	
良	ljɑŋ1	
梁	ljɑŋ1	
粱	ljɑŋ1	
粮	ljɑŋ1	
糧	ljɑŋ1	
涼	ljɑŋ1	
涼	ljɑŋ3	
凉	ljɑŋ1	
𩗬	ljɑŋ1	
𩗬	ljɑŋ3	
量	ljɑŋ1	
量	ljɑŋ3	
蜋	ljɑŋ1	
蜋	lɑŋ1	
踉	ljɑŋ1	
踉	lɑŋ1	
踉	ljɑŋ3	
椋	ljɑŋ1	
䝶	ljɑŋ1	
綡	ljɑŋ1	
𣄴	ljɑŋ1	
𣄴	ljɑŋ3	
㹁	ljɑŋ1	
㹁	ljɑŋ3	
䣼	ljɑŋ1	
輬	ljɑŋ1	
香	xjɑŋ1	
皀	xjɑŋ1	
皀	pik4	
皀	kip4	
皀	pip4	
薌	xjɑŋ1	
鄉	xjɑŋ1	
膷	xjɑŋ1	
商	ʂjɑŋ1	
𧶜	ʂjɑŋ1	
傷	ʂjɑŋ1	
傷	ʂjɑŋ3	
𥏻	ʂjɑŋ1	
𥏻	tsʰjɑŋ1	
殤	ʂjɑŋ1	
慯	ʂjɑŋ1	
慯	ʂjɑŋ3	
觴	ʂjɑŋ1	
湯	ʂjɑŋ1	
湯	tʰɑŋ1	
湯	tʰɑŋ3	
蔏	ʂjɑŋ1	
𪄲	ʂjɑŋ1	
螪	ʂjɑŋ1	
㲽	ʂjɑŋ1	
㲽	njɛn3	
䵮	ʂjɑŋ1	
饟	ʂjɑŋ1	
饟	ʂjɑŋ2	
饟	ʂjɑŋ3	
䵼	ʂjɑŋ1	
塲	ʂjɑŋ1	
𤳈	ʂjɑŋ1	
房	vɑŋ1	
房	bʰɑŋ1	
防	vɑŋ1	
防	vɑŋ3	
坊	vɑŋ1	
坊	fɑŋ1	
魴	vɑŋ1	
方	vɑŋ1	
方	fɑŋ1	
肪	vɑŋ1	
肪	fɑŋ1	
鴋	vɑŋ1	
鴋	fɑŋ1	
鴋	fɑŋ2	
章	tʂjɑŋ1	
漳	tʂjɑŋ1	
樟	tʂjɑŋ1	
慞	tʂjɑŋ1	
璋	tʂjɑŋ1	
彰	tʂjɑŋ1	
墇	tʂjɑŋ1	
墇	tʂjɑŋ3	
障	tʂjɑŋ1	
障	tʂjɑŋ3	
麞	tʂjɑŋ1	
獐	tʂjɑŋ1	
鄣	tʂjɑŋ1	
蔁	tʂjɑŋ1	
𪅂	tʂjɑŋ1	
𩌬	tʂjɑŋ1	
暲	tʂjɑŋ1	
昌	tʂʰjɑŋ1	
裮	tʂʰjɑŋ1	
倡	tʂʰjɑŋ1	
倡	tʂʰjɑŋ3	
猖	tʂʰjɑŋ1	
閶	tʂʰjɑŋ1	
琩	tʂʰjɑŋ1	
鯧	tʂʰjɑŋ1	
菖	tʂʰjɑŋ1	
羌	kʰjɑŋ1	
猐	kʰjɑŋ1	
𡸓	kʰjɑŋ1	
蜣	kʰjɑŋ1	
薑	kjɑŋ1	
𧅁	kjɑŋ1	
畺	kjɑŋ1	
疆	kjɑŋ1	
壃	kjɑŋ1	
畕	kjɑŋ1	
㹔	kjɑŋ1	
繮	kjɑŋ1	
韁	kjɑŋ1	
殭	kjɑŋ1	
殭	kjɑŋ3	
礓	kjɑŋ1	
橿	kjɑŋ1	
姜	kjɑŋ1	
䗵	kjɑŋ1	
僵	kjɑŋ1	
長	dɻʰjɑŋ1	
長	tɻjɑŋ2	
長	dɻjɑŋ3	
萇	dɻʰjɑŋ1	
腸	dɻʰjɑŋ1	
場	dɻʰjɑŋ1	
䠆	dɻʰjɑŋ1	
㙊	dɻʰjɑŋ1	
䗅	dɻʰjɑŋ1	
瓺	dɻʰjɑŋ1	
瓺	dɻjɑŋ3	
張	tɻjɑŋ1	
張	tɻjɑŋ3	
餦	tɻjɑŋ1	
粻	tɻjɑŋ1	
漲	tɻjɑŋ1	
漲	tɻjɑŋ3	
穰	ɻjɑŋ1	
穰	ˀɻjɑŋ2	
禳	ɻjɑŋ1	
攘	ɻjɑŋ1	
攘	ˀɻjɑŋ2	
攘	ɻjɑŋ3	
𣀮	ɻjɑŋ1	
鑲	ɻjɑŋ1	
鑲	sjɑŋ1	
鑲	njɑŋ1	
𨟚	ɻjɑŋ1	
躟	ɻjɑŋ1	
躟	ˀɻjɑŋ2	
瀼	ɻjɑŋ1	
𩆶	ɻjɑŋ1	
獽	ɻjɑŋ1	
儴	ɻjɑŋ1	
蘘	ɻjɑŋ1	
䉴	ɻjɑŋ1	
鬤	ɻjɑŋ1	
鬤	niˤŋ1	
勷	ɻjɑŋ1	
瓤	ɻjɑŋ1	
瓤	njɑŋ1	
孃	ɻjɑŋ1	
孃	njɑŋ1	
汸	fɑŋ1	
蚄	fɑŋ1	
邡	fɑŋ1	
邡	fɑŋ3	
枋	fɑŋ1	
鈁	fɑŋ1	
牥	fɑŋ1	
趽	fɑŋ1	
趽	bʰɑŋ1	
趽	fɑŋ3	
䄱	fɑŋ1	
匚	fɑŋ1	
襄	sjɑŋ1	
廂	sjɑŋ1	
湘	sjɑŋ1	
相	sjɑŋ1	
相	sjɑŋ3	
緗	sjɑŋ1	
纕	sjɑŋ1	
忀	sjɑŋ1	
驤	sjɑŋ1	
瓖	sjɑŋ1	
欀	sjɑŋ1	
欀	ɻjɑŋ3	
箱	sjɑŋ1	
葙	sjɑŋ1	
將	tsjɑŋ1	
將	tsjɑŋ3	
漿	tsjɑŋ1	
鱂	tsjɑŋ1	
蔣	tsjɑŋ1	
蔣	tsjɑŋ2	
螿	tsjɑŋ1	
𢪇	tsjɑŋ1	
創	tʂʰaŋ1	
創	tʂʰaŋ3	
瘡	tʂʰaŋ1	
𠛂	tʂʰaŋ1	
亡	ʋɑŋ1	
芒	ʋɑŋ1	
芒	mɑŋ1	
莣	ʋɑŋ1	
鋩	ʋɑŋ1	
硭	ʋɑŋ1	
杗	ʋɑŋ1	
杗	mɑŋ1	
朚	ʋɑŋ1	
朚	mɑŋ1	
朚	miˤŋ3	
邙	ʋɑŋ1	
邙	mɑŋ1	
𨛌	ʋɑŋ1	
𨛌	mɑŋ1	
望	ʋɑŋ1	
望	ʋɑŋ3	
朢	ʋɑŋ1	
朢	ʋɑŋ3	
娘	njɑŋ1	
牀	dʐʰaŋ1	
床	dʐʰaŋ1	
疒	dʐʰaŋ1	
疒	niˤk4	
莊	tʂaŋ1	
㽵	tʂaŋ1	
妝	tʂaŋ1	
裝	tʂaŋ1	
裝	tʂaŋ3	
䊋	tʂaŋ1	
常	dʐʰjɑŋ1	
尚	dʐʰjɑŋ1	
尚	ʐjɑŋ3	
裳	dʐʰjɑŋ1	
甞	dʐʰjɑŋ1	
嘗	dʐʰjɑŋ1	
鋿	dʐʰjɑŋ1	
𩼝	dʐʰjɑŋ1	
償	dʐʰjɑŋ1	
償	ʐjɑŋ3	
𪄹	dʐʰjɑŋ1	
徜	dʐʰjɑŋ1	
霜	ʂaŋ1	
鸘	ʂaŋ1	
鷞	ʂaŋ1	
鷞	ʂaŋ2	
孀	ʂaŋ1	
驦	ʂaŋ1	
騻	ʂaŋ1	
蠰	ʂaŋ1	
蠰	nɑŋ1	
蠰	ˀɻjɑŋ2	
蠰	ʂjɑŋ3	
牆	dzʰjɑŋ1	
廧	dzʰjɑŋ1	
墻	dzʰjɑŋ1	
嬙	dzʰjɑŋ1	
嬙	ʂiˤk4	
檣	dzʰjɑŋ1	
薔	dzʰjɑŋ1	
薔	ʂiˤk4	
蘠	dzʰjɑŋ1	
𤞛	dzʰjɑŋ1	
鏘	tsʰjɑŋ1	
瑲	tsʰjɑŋ1	
槍	tsʰjɑŋ1	
槍	tʂʰiˤŋ1	
蹌	tsʰjɑŋ1	
蹡	tsʰjɑŋ1	
蹡	tsʰjɑŋ3	
𨄚	tsʰjɑŋ1	
斨	tsʰjɑŋ1	
牄	tsʰjɑŋ1	
嶈	tsʰjɑŋ1	
𨶆	tsʰjɑŋ1	
搶	tsʰjɑŋ1	
搶	tʂʰaŋ2	
搶	tsʰjɑŋ2	
匡	kʰɥɑŋ1	
邼	kʰɥɑŋ1	
筐	kʰɥɑŋ1	
䖱	kʰɥɑŋ1	
框	kʰɥɑŋ1	
恇	kʰɥɑŋ1	
劻	kʰɥɑŋ1	
𩬹	kʰɥɑŋ1	
洭	kʰɥɑŋ1	
軭	kʰɥɑŋ1	
軭	ɡʰɥɑŋ1	
眶	kʰɥɑŋ1	
䒰	kʰɥɑŋ1	
𩢼	kʰɥɑŋ1	
王	ɰɥɑŋ1	
王	ɰɥɑŋ3	
蚟	ɰɥɑŋ1	
𩵭	ɰɥɑŋ1	
彺	ɰɥɑŋ1	
央	ʔjɑŋ1	
鴦	ʔjɑŋ1	
鴦	ʔɑŋ1	
殃	ʔjɑŋ1	
䄃	ʔjɑŋ1	
鉠	ʔjɑŋ1	
鉠	ʔiŋ1	
秧	ʔjɑŋ1	
秧	ʔjɑŋ2	
霙	ʔjɑŋ1	
霙	ʔiŋ1	
泱	ʔjɑŋ1	
泱	ʔɑŋ2	
強	ɡʰjɑŋ1	
彊	ɡʰjɑŋ1	
彊	ɡjɑŋ3	
䲔	ɡʰjɑŋ1	
䲔	ɡʰiŋ1	
勥	ɡʰjɑŋ1	
勥	ɡjɑŋ3	
𦳝	tɻʰjɑŋ1	
𦳝	tʰɑŋ1	
倀	tɻʰjɑŋ1	
倀	tɻiˤŋ3	
鼚	tɻʰjɑŋ1	
芳	fɑŋ1	
妨	fɑŋ1	
妨	fɑŋ3	
淓	fɑŋ1	
狂	ɡʰɥɑŋ1	
狂	ɡɥɑŋ3	
軖	ɡʰɥɑŋ1	
鵟	ɡʰɥɑŋ1	
㞷	ɡʰɥɑŋ1	
唐	dʰɑŋ1	
啺	dʰɑŋ1	
𥏬	dʰɑŋ1	
煻	dʰɑŋ1	
糖	dʰɑŋ1	
糛	dʰɑŋ1	
堂	dʰɑŋ1	
坣	dʰɑŋ1	
𪕹	dʰɑŋ1	
棠	dʰɑŋ1	
搪	dʰɑŋ1	
蓎	dʰɑŋ1	
瑭	dʰɑŋ1	
餹	dʰɑŋ1	
篖	dʰɑŋ1	
螗	dʰɑŋ1	
𤚫	dʰɑŋ1	
𤛋	dʰɑŋ1	
螳	dʰɑŋ1	
塘	dʰɑŋ1	
碭	dʰɑŋ1	
碭	dɑŋ3	
鶶	dʰɑŋ1	
𩹶	dʰɑŋ1	
踼	dʰɑŋ1	
踼	tʰɑŋ1	
踼	dɑŋ3	
闛	dʰɑŋ1	
闛	tʰɑŋ1	
赯	dʰɑŋ1	
磄	dʰɑŋ1	
溏	dʰɑŋ1	
䣘	dʰɑŋ1	
傏	dʰɑŋ1	
隚	dʰɑŋ1	
䧜	dʰɑŋ1	
𨶈	dʰɑŋ1	
鎕	dʰɑŋ1	
䉎	dʰɑŋ1	
𨍴	dʰɑŋ1	
橖	dʰɑŋ1	
榶	dʰɑŋ1	
㲥	dʰɑŋ1	
㼺	dʰɑŋ1	
郎	lɑŋ1	
蓈	lɑŋ1	
稂	lɑŋ1	
桹	lɑŋ1	
廊	lɑŋ1	
榔	lɑŋ1	
榔	ˀlɑŋ2	
鋃	lɑŋ1	
硠	lɑŋ1	
𪁜	lɑŋ1	
浪	lɑŋ1	
浪	lɑŋ3	
䯖	lɑŋ1	
𩷕	lɑŋ1	
琅	lɑŋ1	
瑯	lɑŋ1	
㝗	lɑŋ1	
㝗	ˀlɑŋ2	
狼	lɑŋ1	
欴	lɑŋ1	
𦵧	lɑŋ1	
莨	lɑŋ1	
㟍	lɑŋ1	
䡙	lɑŋ1	
艆	lɑŋ1	
駺	lɑŋ1	
躴	lɑŋ1	
筤	lɑŋ1	
𥍫	lɑŋ1	
閬	lɑŋ1	
閬	lɑŋ3	
哴	lɑŋ1	
哴	ljɑŋ3	
當	tɑŋ1	
當	tɑŋ3	
鐺	tɑŋ1	
鐺	tʂʰiˤŋ1	
簹	tɑŋ1	
襠	tɑŋ1	
璫	tɑŋ1	
𨎴	tɑŋ1	
檔	tɑŋ1	
儅	tɑŋ1	
儅	tɑŋ3	
𦡁	tɑŋ1	
㼕	tɑŋ1	
蟷	tɑŋ1	
倉	tsʰɑŋ1	
蒼	tsʰɑŋ1	
蒼	tsʰɑŋ2	
鶬	tsʰɑŋ1	
𩀞	tsʰɑŋ1	
滄	tsʰɑŋ1	
凔	tsʰɑŋ1	
凔	tʂʰaŋ3	
𠥐	tsʰɑŋ1	
岡	kɑŋ1	
崗	kɑŋ1	
剛	kɑŋ1	
㓻	kɑŋ1	
掆	kɑŋ1	
掆	kɑŋ3	
笐	kɑŋ1	
笐	ɣɑŋ3	
鋼	kɑŋ1	
鋼	kɑŋ3	
綱	kɑŋ1	
亢	kɑŋ1	
亢	kʰɑŋ3	
犅	kɑŋ1	
堈	kɑŋ1	
𤭛	kɑŋ1	
牨	kɑŋ1	
苀	kɑŋ1	
苀	ɣɑŋ1	
魧	kɑŋ1	
魧	ɣɑŋ1	
迒	kɑŋ1	
迒	ɣɑŋ1	
桑	sɑŋ1	
桒	sɑŋ1	
𠸶	sɑŋ1	
𠸶	sɑŋ3	
喪	sɑŋ1	
喪	sɑŋ3	
𦅇	sɑŋ1	
𩦌	sɑŋ1	
康	kʰɑŋ1	
穅	kʰɑŋ1	
糠	kʰɑŋ1	
㱂	kʰɑŋ1	
㝩	kʰɑŋ1	
㝩	kʰɑŋ2	
槺	kʰɑŋ1	
𨻷	kʰɑŋ1	
䗧	kʰɑŋ1	
𥉽	kʰɑŋ1	
邟	kʰɑŋ1	
邟	ɣɑŋ1	
邟	kʰɑŋ3	
漮	kʰɑŋ1	
𤮊	kʰɑŋ1	
躿	kʰɑŋ1	
荒	xwɑŋ1	
荒	xwɑŋ3	
𥡃	xwɑŋ1	
肓	xwɑŋ1	
衁	xwɑŋ1	
𩣐	xwɑŋ1	
鄺	xwɑŋ1	
鄺	kwɑŋ2	
𥿼	xwɑŋ1	
㠵	xwɑŋ1	
𧧢	xwɑŋ1	
𧧢	xɥɑŋ2	
𧧢	xwɑŋ2	
䀮	xwɑŋ1	
䀮	mɑŋ1	
𣆖	xwɑŋ1	
𣆖	xwɑŋ2	
㡆	xwɑŋ1	
巟	xwɑŋ1	
𣺬	xwɑŋ1	
黃	ɣwɑŋ1	
皇	ɣwɑŋ1	
璜	ɣwɑŋ1	
惶	ɣwɑŋ1	
遑	ɣwɑŋ1	
潢	ɣwɑŋ1	
潢	ɣwɑŋ3	
堭	ɣwɑŋ1	
煌	ɣwɑŋ1	
餭	ɣwɑŋ1	
騜	ɣwɑŋ1	
艎	ɣwɑŋ1	
簧	ɣwɑŋ1	
隍	ɣwɑŋ1	
癀	ɣwɑŋ1	
𨝴	ɣwɑŋ1	
湟	ɣwɑŋ1	
徨	ɣwɑŋ1	
篁	ɣwɑŋ1	
鱑	ɣwɑŋ1	
蝗	ɣwɑŋ1	
蝗	ɣwiˤŋ1	
蝗	ɣwiˤŋ3	
凰	ɣwɑŋ1	
偟	ɣwɑŋ1	
媓	ɣwɑŋ1	
獚	ɣwɑŋ1	
蟥	ɣwɑŋ1	
韹	ɣwɑŋ1	
韹	ɣwiˤŋ1	
𨜔	ɣwɑŋ1	
䍿	ɣwɑŋ1	
䅣	ɣwɑŋ1	
𤯷	ɣwɑŋ1	
葟	ɣwɑŋ1	
趪	ɣwɑŋ1	
光	kwɑŋ1	
光	kwɑŋ3	
灮	kwɑŋ1	
洸	kwɑŋ1	
洸	ʔwɑŋ1	
桄	kwɑŋ1	
桄	kwɑŋ3	
胱	kwɑŋ1	
垙	kwɑŋ1	
𨎩	kwɑŋ1	
輄	kwɑŋ1	
橫	kwɑŋ1	
橫	ɣwiˤŋ1	
橫	ɣwiˤŋ3	
𩧉	kwɑŋ1	
恍	kwɑŋ1	
茪	kwɑŋ1	
僙	kwɑŋ1	
侊	kwɑŋ1	
侊	kwiˤŋ1	
簜	tʰɑŋ1	
簜	dɑŋ3	
鏜	tʰɑŋ1	
𧼮	tʰɑŋ1	
盪	tʰɑŋ1	
盪	dɑŋ3	
盪	tʰɑŋ3	
蝪	tʰɑŋ1	
鼞	tʰɑŋ1	
薚	tʰɑŋ1	
滂	pʰɑŋ1	
鎊	pʰɑŋ1	
霶	pʰɑŋ1	
雱	pʰɑŋ1	
䨦	pʰɑŋ1	
磅	pʰɑŋ1	
磅	pʰiˤŋ1	
𣂆	pʰɑŋ1	
𣂆	bʰiˤŋ1	
汪	ʔwɑŋ1	
汪	ʔɥɑŋ2	
汪	ʔwɑŋ3	
尢	ʔwɑŋ1	
尪	ʔwɑŋ1	
𪁘	ʔwɑŋ1	
佒	ʔɑŋ1	
咉	ʔɑŋ1	
咉	ʔɑŋ2	
𧲱	ʔɑŋ1	
㹧	ʔɑŋ1	
眏	ʔɑŋ1	
姎	ʔɑŋ1	
姎	ʔɑŋ2	
炕	xɑŋ1	
炕	kʰɑŋ3	
㰠	xɑŋ1	
䐠	xɑŋ1	
忼	xɑŋ1	
忼	kʰɑŋ2	
航	ɣɑŋ1	
筕	ɣɑŋ1	
筕	ɣiˤŋ1	
桁	ɣɑŋ1	
桁	ɣiˤŋ1	
行	ɣɑŋ1	
行	ɣiˤŋ1	
行	ɣɑŋ3	
行	ɣiˤŋ3	
𨁈	ɣɑŋ1	
頏	ɣɑŋ1	
頏	kʰɑŋ3	
𦐄	ɣɑŋ1	
胻	ɣɑŋ1	
胻	ɣiˤŋ1	
胻	ɣiˤŋ3	
杭	ɣɑŋ1	
沆	ɣɑŋ1	
沆	ɣɑŋ3	
蚢	ɣɑŋ1	
蚢	ɣɑŋ3	
蚢	kʰɑŋ3	
肮	ɣɑŋ1	
抗	ɣɑŋ1	
抗	kʰɑŋ3	
吭	ɣɑŋ1	
吭	ɣɑŋ3	
茫	mɑŋ1	
吂	mɑŋ1	
吂	mɑŋ3	
汒	mɑŋ1	
汒	ʋɑŋ3	
恾	mɑŋ1	
忙	mɑŋ1	
𥐞	mɑŋ1	
蘉	mɑŋ1	
𡩩	mɑŋ1	
臧	tsɑŋ1	
匨	tsɑŋ1	
牂	tsɑŋ1	
贓	tsɑŋ1	
囊	nɑŋ1	
傍	bʰɑŋ1	
傍	bɑŋ3	
彷	bʰɑŋ1	
彷	fɑŋ2	
膀	bʰɑŋ1	
髈	bʰɑŋ1	
髈	pʰɑŋ2	
䠙	bʰɑŋ1	
旁	bʰɑŋ1	
篣	bʰɑŋ1	
篣	bʰiˤŋ1	
𨜷	bʰɑŋ1	
螃	bʰɑŋ1	
螃	pɑŋ2	
螃	pɑŋ3	
䅭	bʰɑŋ1	
騯	bʰɑŋ1	
騯	piˤŋ1	
騯	bʰiˤŋ1	
卬	ŋɑŋ1	
卬	ˀŋjɑŋ2	
䭹	ŋɑŋ1	
䭹	ˀŋɑŋ2	
䭹	ŋɑŋ3	
枊	ŋɑŋ1	
枊	ŋɑŋ3	
昂	ŋɑŋ1	
䒢	ŋɑŋ1	
䒢	ˀŋjɑŋ2	
㭿	ŋɑŋ1	
䩕	ŋɑŋ1	
藏	dzʰɑŋ1	
藏	dzɑŋ3	
䯑	kʰwɑŋ1	
幫	pɑŋ1	
縍	pɑŋ1	
㨍	pɑŋ1	
𨢐	pɑŋ1	
鞤	pɑŋ1	
庚	kiˤŋ1	
鶊	kiˤŋ1	
更	kiˤŋ1	
更	kiˤŋ3	
䢚	kiˤŋ1	
秔	kiˤŋ1	
稉	kiˤŋ1	
粳	kiˤŋ1	
賡	kiˤŋ1	
羹	kiˤŋ1	
𩱧	kiˤŋ1	
埂	kiˤŋ1	
埂	kiˤŋ2	
浭	kiˤŋ1	
阬	kʰiˤŋ1	
阬	kʰɑŋ3	
坑	kʰiˤŋ1	
硎	kʰiˤŋ1	
硎	ɣʲiŋ1	
𥉸	kʰiˤŋ1	
砊	kʰiˤŋ1	
砊	kʰɑŋ3	
劥	kʰiˤŋ1	
盲	miˤŋ1	
蝱	miˤŋ1	
鄳	miˤŋ1	
鄳	ˀmiˤŋ2	
𥋝	miˤŋ1	
𥋝	ˀmiˤŋ2	
莔	miˤŋ1	
莔	xit4	
𨞚	miˤŋ1	
䥰	miˤŋ1	
𥭮	miˤŋ1	
黌	ɣwiˤŋ1	
鐄	ɣwiˤŋ1	
瑝	ɣwiˤŋ1	
喤	ɣwiˤŋ1	
喤	xwiˤŋ1	
鍠	ɣwiˤŋ1	
䬝	ɣwiˤŋ1	
㶇	ɣwiˤŋ1	
㶇	ɣwiˤŋ3	
䄓	ɣwiˤŋ1	
𧝒	ɣwiˤŋ1	
𤮏	ɣwiˤŋ1	
𪏓	ɣwiˤŋ1	
𢘌	ɣwiˤŋ1	
彋	ɣwiˤŋ1	
閍	piˤŋ1	
祊	piˤŋ1	
𥛱	piˤŋ1	
嗙	piˤŋ1	
㔙	piˤŋ1	
諻	xwiˤŋ1	
䎕	xwiˤŋ1	
謍	xwiˤŋ1	
謍	ʔwiˤŋ1	
謍	jyjŋ1	
嚝	xwiˤŋ1	
觵	kwiˤŋ1	
觥	kwiˤŋ1	
𩃙	kwiˤŋ1	
䍔	kwiˤŋ1	
𣘯	kwiˤŋ1	
彭	bʰiˤŋ1	
澎	bʰiˤŋ1	
澎	pʰiˤŋ1	
膨	bʰiˤŋ1	
膨	biˤŋ3	
蟚	bʰiˤŋ1	
䰃	bʰiˤŋ1	
䰃	pɑŋ2	
棚	bʰiˤŋ1	
棚	bʰujŋ1	
榜	bʰiˤŋ1	
榜	pɑŋ2	
榜	piˤŋ3	
䄘	bʰiˤŋ1	
搒	bʰiˤŋ1	
搒	pɑŋ3	
蒡	bʰiˤŋ1	
蒡	pɑŋ2	
𩡕	bʰiˤŋ1	
憉	bʰiˤŋ1	
輣	bʰiˤŋ1	
𨍩	bʰiˤŋ1	
脝	xiˤŋ1	
悙	xiˤŋ1	
亨	xiˤŋ1	
亨	pʰiˤŋ1	
亨	xjɑŋ2	
瞠	tɻʰiˤŋ1	
橕	tɻʰiˤŋ1	
樘	tɻʰiˤŋ1	
䟓	tɻʰiˤŋ1	
䟓	tɻiˤŋ1	
䟓	tɻʰiŋ1	
竀	tɻʰiˤŋ1	
竀	tɻʰiŋ1	
鎗	tʂʰiˤŋ1	
琤	tʂʰiˤŋ1	
傖	dʐʰiˤŋ1	
䚘	dʐʰiˤŋ1	
𩫿	dʐʰiˤŋ1	
鬇	dʐʰiˤŋ1	
崢	dʐʰiˤŋ1	
韺	ʔiŋ1	
渶	ʔiŋ1	
鶧	ʔiŋ1	
英	ʔiŋ1	
瑛	ʔiŋ1	
㿮	ʔiŋ1	
㿮	ʔjɑŋ3	
媖	ʔiŋ1	
楧	ʔiŋ1	
恲	pʰiˤŋ1	
評	bʰiŋ1	
評	biŋ3	
苹	bʰiŋ1	
枰	bʰiŋ1	
枰	biŋ3	
泙	bʰiŋ1	
坪	bʰiŋ1	
坪	biŋ3	
胓	bʰiŋ1	
蚲	bʰiŋ1	
驚	kiŋ1	
京	kiŋ1	
荊	kiŋ1	
麠	kiŋ1	
麖	kiŋ1	
鶁	kiŋ1	
明	miŋ1	
盟	miŋ1	
盟	miˤŋ3	
𥁰	miŋ1	
𥁰	ˀmiŋ2	
䳟	miŋ1	
鳴	miŋ1	
棖	dɻʰiˤŋ1	
盯	dɻʰiˤŋ1	
盯	tɻiˤŋ2	
澄	dɻʰiˤŋ1	
澄	dɻʰiŋ1	
掁	dɻʰiˤŋ1	
𣥺	dɻʰiˤŋ1	
挰	dɻʰiˤŋ1	
憕	dɻʰiˤŋ1	
憕	dɻʰiŋ1	
趟	tɻiˤŋ1	
趟	tɻiˤŋ3	
𩘽	tɻiˤŋ1	
榮	ɰyjŋ1	
禜	ɰyjŋ1	
禜	ɰyjŋ3	
蠑	ɰyjŋ1	
瑩	ɰyjŋ1	
瑩	ʔʲyjŋ3	
揘	ɰyjŋ1	
嶸	ɰyjŋ1	
嶸	ɣwiˤŋ1	
兵	piŋ1	
兄	xyjŋ1	
卿	kʰiŋ1	
生	ʂiˤŋ1	
生	ʂiˤŋ3	
笙	ʂiˤŋ1	
牲	ʂiˤŋ1	
猩	ʂiˤŋ1	
猩	siŋ1	
狌	ʂiˤŋ1	
鉎	ʂiˤŋ1	
鉎	siŋ1	
甥	ʂiˤŋ1	
䴤	ʂiˤŋ1	
鼪	ʂiˤŋ1	
鼪	ʂiˤŋ3	
珄	ʂiˤŋ1	
擎	ɡʰiŋ1	
勍	ɡʰiŋ1	
黥	ɡʰiŋ1	
䵞	ɡʰiŋ1	
剠	ɡʰiŋ1	
鯨	ɡʰiŋ1	
檠	ɡʰiŋ1	
檠	kiŋ2	
檠	ɡiŋ3	
樈	ɡʰiŋ1	
葝	ɡʰiŋ1	
葝	ɡʲʰiŋ1	
䫆	ɡʰiŋ1	
䫆	dʐʰiŋ1	
迎	ŋiŋ1	
迎	ŋiŋ3	
衡	ɣiˤŋ1	
䯒	ɣiˤŋ1	
洐	ɣiˤŋ1	
珩	ɣiˤŋ1	
蘅	ɣiˤŋ1	
𦣍	ɣiˤŋ1	
㲰	niˤŋ1	
𤕦	niˤŋ1	
獰	niˤŋ1	
𥣗	niˤŋ1	
𧂘	niˤŋ1	
耕	kiˤŋ1	
鏗	kʰiˤŋ1	
銵	kʰiˤŋ1	
䡰	kʰiˤŋ1	
誙	kʰiˤŋ1	
牼	kʰiˤŋ1	
牼	ɣiˤŋ1	
𡷨	kʰiˤŋ1	
硻	kʰiˤŋ1	
殸	kʰiˤŋ1	
殸	kʲʰiŋ3	
㧶	kʰiˤŋ1	
䡩	kʰiˤŋ1	
硜	kʰiˤŋ1	
摼	kʰiˤŋ1	
㰢	kʰiˤŋ1	
甍	miˤŋ1	
𣞑	miˤŋ1	
䉚	miˤŋ1	
萌	miˤŋ1	
氓	miˤŋ1	
甿	miˤŋ1	
嫇	miˤŋ1	
嫇	mʲiŋ1	
嫇	ˀmʲiŋ2	
蕄	miˤŋ1	
蕄	mujŋ1	
𧂛	miˤŋ1	
𥌯	miˤŋ1	
浜	piˤŋ1	
浜	piˤŋ2	
㙃	piˤŋ1	
宏	ɣwiˤŋ1	
紘	ɣwiˤŋ1	
紭	ɣwiˤŋ1	
閎	ɣwiˤŋ1	
嵤	ɣwiˤŋ1	
𧮯	ɣwiˤŋ1	
耾	ɣwiˤŋ1	
翃	ɣwiˤŋ1	
浤	ɣwiˤŋ1	
竑	ɣwiˤŋ1	
宖	ɣwiˤŋ1	
宖	ʔwiˤŋ1	
鈜	ɣwiˤŋ1	
吰	ɣwiˤŋ1	
𥐪	ɣwiˤŋ1	
莖	ɣiˤŋ1	
莖	ʔiˤŋ1	
䪫	ɣiˤŋ1	
朾	tɻiˤŋ1	
朾	dɻʰiˤŋ1	
丁	tɻiˤŋ1	
丁	tiŋ1	
玎	tɻiˤŋ1	
玎	tiŋ1	
𠑅	tɻiˤŋ1	
𧯫	tɻiˤŋ1	
䆸	tɻiˤŋ1	
甖	ʔiˤŋ1	
罌	ʔiˤŋ1	
罃	ʔiˤŋ1	
鶯	ʔiˤŋ1	
嚶	ʔiˤŋ1	
櫻	ʔiˤŋ1	
嫈	ʔiˤŋ1	
嫈	ʔʲyjŋ1	
嫈	ʔiˤŋ3	
鸚	ʔiˤŋ1	
譻	ʔiˤŋ1	
鸎	ʔiˤŋ1	
褮	ʔiˤŋ1	
褮	ʔʲyjŋ1	
褮	ɣʲyjŋ1	
𠠜	ʔiˤŋ1	
𦱊	dʐʰiˤŋ1	
埩	dʐʰiˤŋ1	
埩	tʂiˤŋ1	
鏳	dʐʰiˤŋ1	
崝	dʐʰiˤŋ1	
錚	tʂʰiˤŋ1	
凈	tʂʰiˤŋ1	
棦	tʂʰiˤŋ1	
噌	tʂʰiˤŋ1	
儜	niˤŋ1	
薴	niˤŋ1	
鬡	niˤŋ1	
𧭈	niˤŋ1	
鑏	niˤŋ1	
䭢	niˤŋ1	
嬣	niˤŋ1	
怦	pʰiˤŋ1	
姘	pʰiˤŋ1	
姘	pʲʰiŋ1	
閛	pʰiˤŋ1	
𤘾	pʰiˤŋ1	
伻	pʰiˤŋ1	
弸	pʰiˤŋ1	
弸	bʰiˤŋ1	
䍬	pʰiˤŋ1	
㛁	pʰiˤŋ1	
匉	pʰiˤŋ1	
抨	pʰiˤŋ1	
砰	pʰiˤŋ1	
轟	xwiˤŋ1	
轟	xwiˤŋ3	
輷	xwiˤŋ1	
輷	xwiˤŋ3	
揈	xwiˤŋ1	
鍧	xwiˤŋ1	
渹	xwiˤŋ1	
𦑟	xwiˤŋ1	
𥕗	xwiˤŋ1	
𢝁	xwiˤŋ1	
繃	piˤŋ1	
絣	piˤŋ1	
𢆸	piˤŋ1	
拼	piˤŋ1	
䑫	piˤŋ1	
橙	dɻʰiˤŋ1	
橙	tɨjŋ3	
揨	dɻʰiˤŋ1	
𢾊	dɻʰiˤŋ1	
𢿦	dɻʰiˤŋ1	
湞	dɻʰiˤŋ1	
湞	tɻiŋ1	
虰	dɻʰiˤŋ1	
虰	tɻʰiŋ1	
虰	tiŋ1	
瞪	dɻʰiˤŋ1	
瞪	dɻʰiŋ1	
瞪	dɻiŋ3	
䆵	dɻʰiˤŋ1	
䁎	dɻʰiˤŋ1	
䆑	dɻʰiˤŋ1	
泓	ʔwiˤŋ1	
𩰎	ʔwiˤŋ1	
㥊	bʰiˤŋ1	
庄	bʰiˤŋ1	
娙	ŋiˤŋ1	
娙	ɣʲiŋ1	
爭	tʂiˤŋ1	
箏	tʂiˤŋ1	
綪	tʂiˤŋ1	
綪	tsʰjɛn3	
䋫	tʂiˤŋ1	
猙	tʂiˤŋ1	
猙	dziŋ3	
䱢	tʂiˤŋ1	
清	tsʰiŋ1	
圊	tsʰiŋ1	
情	dzʰiŋ1	
晴	dzʰiŋ1	
請	dzʰiŋ1	
請	tsʰiŋ2	
請	dziŋ3	
夝	dzʰiŋ1	
䝼	dzʰiŋ1	
䝼	dziŋ3	
精	tsiŋ1	
精	tsiŋ3	
菁	tsiŋ1	
鶄	tsiŋ1	
鶄	tsʰiŋ1	
蜻	tsiŋ1	
蜻	tsʰiŋ1	
晶	tsiŋ1	
鼱	tsiŋ1	
婧	tsiŋ1	
婧	dziŋ3	
睛	tsiŋ1	
睛	tsʰiŋ2	
𣻒	tsiŋ1	
旌	tsiŋ1	
旍	tsiŋ1	
箐	tsiŋ1	
𩓨	tsiŋ1	
聙	tsiŋ1	
盈	jiŋ1	
嬴	jiŋ1	
㜲	jiŋ1	
瀛	jiŋ1	
籝	jiŋ1	
楹	jiŋ1	
贏	jiŋ1	
𤟣	jiŋ1	
䕦	jiŋ1	
𨜏	jiŋ1	
𦝚	jiŋ1	
攍	jiŋ1	
營	jyjŋ1	
鎣	jyjŋ1	
鎣	ʔʲyjŋ3	
塋	jyjŋ1	
䁝	jyjŋ1	
䁝	ɣʲyjŋ1	
䁝	ʔwiˤŋ2	
濴	jyjŋ1	
嬰	ʔʲiŋ1	
瓔	ʔʲiŋ1	
纓	ʔʲiŋ1	
攖	ʔʲiŋ1	
𨟙	ʔʲiŋ1	
𨟙	ʔʲiŋ2	
賏	ʔʲiŋ1	
賏	ʔiŋ3	
蘡	ʔʲiŋ1	
貞	tɻiŋ1	
楨	tɻiŋ1	
禎	tɻiŋ1	
𨜓	tɻiŋ1	
𨜓	dɻʰiŋ1	
𨺟	tɻiŋ1	
檉	tɻʰiŋ1	
偵	tɻʰiŋ1	
偵	tɻiˤŋ3	
偵	tɻʰiŋ3	
赬	tɻʰiŋ1	
䞓	tɻʰiŋ1	
蟶	tɻʰiŋ1	
成	dʐʰiŋ1	
𢦩	dʐʰiŋ1	
城	dʐʰiŋ1	
誠	dʐʰiŋ1	
宬	dʐʰiŋ1	
郕	dʐʰiŋ1	
筬	dʐʰiŋ1	
盛	dʐʰiŋ1	
盛	ʐiŋ3	
珹	dʐʰiŋ1	
呈	dɻʰiŋ1	
呈	dɻiŋ3	
程	dɻʰiŋ1	
酲	dɻʰiŋ1	
珵	dɻʰiŋ1	
䇸	dɻʰiŋ1	
裎	dɻʰiŋ1	
裎	tɻʰiŋ2	
聲	ʂiŋ1	
征	tʂiŋ1	
𨒌	tʂiŋ1	
鯖	tʂiŋ1	
鯖	tsʰiŋ1	
𨢹	tʂiŋ1	
𦙫	tʂiŋ1	
鉦	tʂiŋ1	
怔	tʂiŋ1	
正	tʂiŋ1	
正	tʂiŋ3	
鴊	tʂiŋ1	
鴊	tʂiŋ3	
䋊	tʂiŋ1	
眐	tʂiŋ1	
𧘿	tʂiŋ1	
佂	tʂiŋ1	
輕	kʲʰiŋ1	
輕	kʲʰiŋ3	
𨆪	kʲʰiŋ1	
𨆪	kʲʰiŋ3	
鑋	kʲʰiŋ1	
鑋	kʲʰiŋ3	
名	mʲiŋ1	
洺	mʲiŋ1	
跉	liŋ1	
并	pʲiŋ1	
并	pʲiŋ3	
栟	pʲiŋ1	
箳	pʲiŋ1	
箳	bʲʰiŋ1	
屏	pʲiŋ1	
屏	bʲʰiŋ1	
屏	pʲiŋ2	
傾	kʲʰyjŋ1	
頃	kʲʰyjŋ1	
頃	kʲʰyjŋ2	
𩛿	ziŋ1	
縈	ʔʲyjŋ1	
䪯	ʔʲyjŋ1	
𢄋	ʔʲyjŋ1	
瓊	ɡʲʰyjŋ1	
璚	ɡʲʰyjŋ1	
煢	ɡʲʰyjŋ1	
焭	ɡʲʰyjŋ1	
睘	ɡʲʰyjŋ1	
惸	ɡʲʰyjŋ1	
𢶇	ɡʲʰyjŋ1	
藑	ɡʲʰyjŋ1	
𡞦	ɡʲʰyjŋ1	
赹	ɡʲʰyjŋ1	
憌	ɡʲʰyjŋ1	
𦽓	ɡʲʰyjŋ1	
𦾵	ɡʲʰyjŋ1	
𨍶	ɡʲʰyjŋ1	
㒌	ɡʲʰyjŋ1	
騂	syjŋ1	
𤙡	syjŋ1	
垶	syjŋ1	
觪	syjŋ1	
頸	ɡʲʰiŋ1	
頸	kʲiŋ2	
𩷏	ɡʲʰiŋ1	
𩷏	ɣʲiŋ3	
𦳲	ɡʲʰiŋ1	
𧵣	xʲyjŋ1	
𧵣	ɣʲyjŋ1	
青	tsʰiŋ1	
靘	tsʰiŋ1	
靘	tsʰiŋ3	
經	kʲiŋ1	
經	kʲiŋ3	
涇	kʲiŋ1	
鵛	kʲiŋ1	
巠	kʲiŋ1	
㓝	ɣʲiŋ1	
刑	ɣʲiŋ1	
形	ɣʲiŋ1	
𤬐	ɣʲiŋ1	
䣆	ɣʲiŋ1	
桯	ɣʲiŋ1	
桯	tʰiŋ1	
鉶	ɣʲiŋ1	
型	ɣʲiŋ1	
陘	ɣʲiŋ1	
侀	ɣʲiŋ1	
鈃	ɣʲiŋ1	
㼛	ɣʲiŋ1	
𤭓	ɣʲiŋ1	
鋞	ɣʲiŋ1	
鋞	ɣʲiŋ3	
庭	dʰiŋ1	
停	dʰiŋ1	
鼮	dʰiŋ1	
莛	dʰiŋ1	
莛	diŋ3	
葶	dʰiŋ1	
葶	tiŋ2	
筳	dʰiŋ1	
亭	dʰiŋ1	
聤	dʰiŋ1	
霆	dʰiŋ1	
霆	diŋ3	
渟	dʰiŋ1	
𩹇	dʰiŋ1	
綎	dʰiŋ1	
綎	tʰiŋ1	
娗	dʰiŋ1	
娗	diŋ3	
㼗	dʰiŋ1	
𧖧	dʰiŋ1	
挺	dʰiŋ1	
挺	diŋ3	
楟	dʰiŋ1	
蜓	dʰiŋ1	
蜓	djɛn3	
蜓	diŋ3	
廷	dʰiŋ1	
廷	diŋ3	
㹶	dʰiŋ1	
𧓴	dʰiŋ1	
釘	tiŋ1	
釘	tiŋ3	
䦺	tiŋ1	
靪	tiŋ1	
靪	tiŋ2	
仃	tiŋ1	
叮	tiŋ1	
馨	xʲiŋ1	
𠷓	xʲiŋ1	
蛵	xʲiŋ1	
星	siŋ1	
曐	siŋ1	
腥	siŋ1	
腥	siŋ3	
胜	siŋ1	
鮏	siŋ1	
鯹	siŋ1	
𥠀	siŋ1	
醒	siŋ1	
醒	siŋ2	
醒	siŋ3	
篂	siŋ1	
惺	siŋ1	
惺	siŋ2	
竮	pʲʰiŋ1	
竮	bʲʰiŋ1	
俜	pʲʰiŋ1	
俜	pʲʰiŋ3	
甹	pʲʰiŋ1	
𢖊	pʲʰiŋ1	
艵	pʲʰiŋ1	
頩	pʲʰiŋ1	
頩	pʲʰiŋ2	
覮	pʲʰiŋ1	
靈	liŋ1	
霛	liŋ1	
𩆈	liŋ1	
𩆜	liŋ1	
舲	liŋ1	
齡	liŋ1	
麢	liŋ1	
𦏰	liŋ1	
囹	liŋ1	
鴒	liŋ1	
䉁	liŋ1	
蛉	liŋ1	
鈴	liŋ1	
霝	liŋ1	
醽	liŋ1	
苓	liŋ1	
櫺	liŋ1	
柃	liŋ1	
柃	ˀliŋ2	
𩆚	liŋ1	
伶	liŋ1	
泠	liŋ1	
瓴	liŋ1	
𧕅	liŋ1	
拎	liŋ1	
刢	liŋ1	
𧆺	liŋ1	
𤣘	liŋ1	
𤫲	liŋ1	
玲	liŋ1	
𦉢	liŋ1	
𩖊	liŋ1	
㾉	liŋ1	
聆	liŋ1	
竛	liŋ1	
𠄖	liŋ1	
蘦	liŋ1	
軨	liŋ1	
䡼	liŋ1	
笭	liŋ1	
笭	ˀliŋ2	
孁	liŋ1	
𪕌	liŋ1	
灵	liŋ1	
𩟃	liŋ1	
𩵀	liŋ1	
龗	liŋ1	
翎	liŋ1	
閝	liŋ1	
鹷	liŋ1	
䴇	liŋ1	
昤	liŋ1	
駖	liŋ1	
𧖜	liŋ1	
𩆮	liŋ1	
蕶	liŋ1	
酃	liŋ1	
詅	liŋ1	
詅	liŋ3	
彾	liŋ1	
䯍	liŋ1	
呤	liŋ1	
狑	liŋ1	
𤣤	liŋ1	
爧	liŋ1	
冷	liŋ1	
冷	ˀliˤŋ2	
冷	ˀliŋ2	
𠱠	liŋ1	
𦫊	liŋ1	
𢺰	liŋ1	
𢺰	liŋ3	
澪	liŋ1	
𥤞	liŋ1	
秢	liŋ1	
䕘	liŋ1	
䕘	ˀliŋ2	
岭	liŋ1	
𣬹	liŋ1	
𩚹	liŋ1	
紷	liŋ1	
䉹	liŋ1	
砱	liŋ1	
阾	liŋ1	
阾	ˀliŋ2	
羚	liŋ1	
姈	liŋ1	
㸳	liŋ1	
寧	niŋ1	
寍	niŋ1	
鸋	niŋ1	
鸋	niŋ3	
䆨	niŋ1	
𧕝	niŋ1	
嚀	niŋ1	
聹	niŋ1	
聹	ˀniŋ2	
汀	tʰiŋ1	
汀	tʰiŋ3	
訂	tʰiŋ1	
訂	diŋ3	
訂	tiŋ3	
聽	tʰiŋ1	
聽	tʰiŋ3	
廳	tʰiŋ1	
町	tʰiŋ1	
町	tʰjɛn2	
町	diŋ3	
町	tʰiŋ2	
艼	tʰiŋ1	
艼	tʰiŋ2	
𦉬	tʰiŋ1	
𦉬	tʰiŋ2	
䩠	tʰiŋ1	
鞓	tʰiŋ1	
䋼	tʰiŋ1	
𦀚	tʰiŋ1	
庁	tʰiŋ1	
冥	mʲiŋ1	
榠	mʲiŋ1	
銘	mʲiŋ1	
鄍	mʲiŋ1	
溟	mʲiŋ1	
溟	ˀmʲiŋ2	
䫤	mʲiŋ1	
螟	mʲiŋ1	
𧱴	mʲiŋ1	
猽	mʲiŋ1	
蓂	mʲiŋ1	
蓂	mʲik4	
𥹆	mʲiŋ1	
覭	mʲiŋ1	
覭	mʲik4	
暝	mʲiŋ1	
暝	mʲiŋ3	
瓶	bʲʰiŋ1	
缾	bʲʰiŋ1	
蛢	bʲʰiŋ1	
䶄	bʲʰiŋ1	
荓	bʲʰiŋ1	
䈂	bʲʰiŋ1	
萍	bʲʰiŋ1	
蓱	bʲʰiŋ1	
郱	bʲʰiŋ1	
𤳊	bʲʰiŋ1	
洴	bʲʰiŋ1	
熒	ɣʲyjŋ1	
螢	ɣʲyjŋ1	
滎	ɣʲyjŋ1	
扃	kʲyjŋ1	
駉	kʲyjŋ1	
駫	kʲyjŋ1	
坰	kʲyjŋ1	
冋	kʲyjŋ1	
冋	ɣʲyjŋ3	
𪕍	kʲyjŋ1	
絅	kʲyjŋ1	
絅	kʲʰyjŋ2	
𣕄	kʲyjŋ1	
蒸	tʂiŋ1	
䒱	tʂiŋ1	
烝	tʂiŋ1	
烝	tʂiŋ3	
𦚦	tʂiŋ1	
䕄	tʂiŋ1	
篜	tʂiŋ1	
脀	tʂiŋ1	
承	dʐʰiŋ1	
丞	dʐʰiŋ1	
丞	ʐiŋ3	
𨋬	dʐʰiŋ1	
𨋬	tʂiŋ2	
澂	dɻʰiŋ1	
懲	dɻʰiŋ1	
陵	liŋ1	
淩	liŋ1	
夌	liŋ1	
綾	liŋ1	
凌	liŋ1	
𠗲	liŋ1	
蔆	liŋ1	
菱	liŋ1	
䔖	liŋ1	
㥄	liŋ1	
鯪	liŋ1	
崚	liŋ1	
㱥	liŋ1	
㱥	lɨjŋ3	
𡕮	liŋ1	
𡕮	kik4	
𩜁	liŋ1	
𩜁	liŋ3	
掕	liŋ1	
祾	liŋ1	
祾	lɨjŋ1	
𣣋	liŋ1	
膺	ʔiŋ1	
應	ʔiŋ1	
應	ʔiŋ3	
𧕄	ʔiŋ1	
鷹	ʔiŋ1	
凭	bʰiŋ1	
凭	biŋ3	
憑	bʰiŋ1	
淜	bʰiŋ1	
㵗	bʰiŋ1	
冫	piŋ1	
冰	piŋ1	
掤	piŋ1	
蠅	jiŋ1	
繩	ʐiŋ1	
譝	ʐiŋ1	
憴	ʐiŋ1	
鱦	ʐiŋ1	
鱦	ˀmiˤŋ2	
鱦	jiŋ3	
鱦	ʐiŋ3	
乘	ʐiŋ1	
乘	ʐiŋ3	
椉	ʐiŋ1	
𠅞	ʐiŋ1	
澠	ʐiŋ1	
澠	ˀmʲin2	
溗	ʐiŋ1	
塍	ʐiŋ1	
塖	ʐiŋ1	
騬	ʐiŋ1	
升	ʂiŋ1	
昇	ʂiŋ1	
陞	ʂiŋ1	
勝	ʂiŋ1	
勝	ʂiŋ3	
抍	ʂiŋ1	
抍	tʂiŋ2	
仍	ɻiŋ1	
艿	ɻiŋ1	
䚮	ɻiŋ1	
辸	ɻiŋ1	
礽	ɻiŋ1	
扔	ɻiŋ1	
扔	ɻiŋ3	
㭁	ɻiŋ1	
㭁	ɻiŋ3	
兢	kiŋ1	
矜	kiŋ1	
徵	tɻiŋ1	
徵	tɻi2	
𨟃	tɻiŋ1	
癥	tɻiŋ1	
繒	dzʰiŋ1	
鄫	dzʰiŋ1	
驓	dzʰiŋ1	
橧	dzʰiŋ1	
橧	tsɨjŋ1	
竲	dzʰiŋ1	
竲	tsɨjŋ1	
嶒	dzʰiŋ1	
凝	ŋiŋ1	
凝	ŋiŋ3	
興	xiŋ1	
興	xiŋ3	
嬹	xiŋ1	
嬹	xiŋ3	
𨞾	xiŋ1	
稱	tʂʰiŋ1	
稱	tʂʰiŋ3	
爯	tʂʰiŋ1	
偁	tʂʰiŋ1	
殑	ɡʰiŋ1	
殑	ɡiŋ3	
䔷	ɡʰiŋ1	
䔷	ɡʰim1	
㱡	ʂiˤŋ1	
㱡	ʂiˤŋ2	
硱	kʰiŋ1	
硱	kʰun2	
僜	tɻʰiŋ1	
僜	dɨjŋ3	
庱	tɻʰiŋ1	
庱	tɻʰiŋ2	
睖	tɻʰiŋ1	
磳	dʐʰiˤŋ1	
磳	tsɨjŋ1	
砯	pʰiŋ1	
登	tɨjŋ1	
璒	tɨjŋ1	
燈	tɨjŋ1	
簦	tɨjŋ1	
㲪	tɨjŋ1	
䔲	tɨjŋ1	
㽅	tɨjŋ1	
䳾	tɨjŋ1	
楞	lɨjŋ1	
棱	lɨjŋ1	
稜	lɨjŋ1	
輘	lɨjŋ1	
倰	lɨjŋ1	
僧	sɨjŋ1	
鬙	sɨjŋ1	
䒏	sɨjŋ1	
崩	pujŋ1	
增	tsɨjŋ1	
增	tsɨjŋ3	
憎	tsɨjŋ1	
曾	tsɨjŋ1	
曾	dzʰɨjŋ1	
矰	tsɨjŋ1	
罾	tsɨjŋ1	
熷	tsɨjŋ1	
䎖	tsɨjŋ1	
譄	tsɨjŋ1	
𦼏	tsɨjŋ1	
䒐	mujŋ1	
𦱟	mujŋ1	
層	dzʰɨjŋ1	
䁬	dzʰɨjŋ1	
朋	bʰujŋ1	
堋	bʰujŋ1	
堋	pʰujŋ1	
堋	pujŋ3	
鵬	bʰujŋ1	
倗	bʰujŋ1	
倗	pʰujŋ2	
倗	bujŋ3	
鬅	bʰujŋ1	
弘	ɣujŋ1	
鞃	ɣujŋ1	
苰	ɣujŋ1	
肱	kujŋ1	
𩉦	kujŋ1	
薨	xujŋ1	
𠐿	xujŋ1	
𩖎	xujŋ1	
𩙛	xujŋ1	
𤃫	xujŋ1	
騰	dʰɨjŋ1	
滕	dʰɨjŋ1	
縢	dʰɨjŋ1	
幐	dʰɨjŋ1	
幐	dɨjŋ3	
螣	dʰɨjŋ1	
螣	dɻim3	
螣	dɨjk4	
藤	dʰɨjŋ1	
謄	dʰɨjŋ1	
𧈜	dʰɨjŋ1	
儯	dʰɨjŋ1	
𤻴	dʰɨjŋ1	
鰧	dʰɨjŋ1	
鰧	dɻim3	
𥉋	dʰɨjŋ1	
恆	ɣɨjŋ1	
𢛢	ɣɨjŋ1	
揯	kɨjŋ1	
揯	kɨjŋ3	
緪	kɨjŋ1	
緪	kɨjŋ3	
鼟	tʰɨjŋ1	
膯	tʰɨjŋ1	
𤃶	tʰɨjŋ1	
𤃶	tʰɨjŋ3	
𧰥	tʰɨjŋ1	
漰	pʰujŋ1	
尤	ɰiw1	
𣏞	ɰiw1	
疣	ɰiw1	
肬	ɰiw1	
𪐤	ɰiw1	
沋	ɰiw1	
郵	ɰiw1	
訧	ɰiw1	
憂	ʔiw1	
優	ʔiw1	
瀀	ʔiw1	
𢖒	ʔiw1	
麀	ʔiw1	
𪋎	ʔiw1	
櫌	ʔiw1	
鄾	ʔiw1	
𢆶	ʔiw1	
𢆶	ʔʲiw1	
嚘	ʔiw1	
耰	ʔiw1	
獶	ʔiw1	
𧀥	ʔiw1	
纋	ʔiw1	
㱊	ʔiw1	
劉	liw1	
留	liw1	
留	liw3	
蒥	liw1	
勠	liw1	
勠	liw3	
勠	liwk4	
鶹	liw1	
騮	liw1	
駠	liw1	
疁	liw1	
𥹷	liw1	
流	liw1	
㳅	liw1	
飂	liw1	
飂	liw3	
飀	liw1	
瘤	liw1	
瘤	liw3	
榴	liw1	
瑬	liw1	
旒	liw1	
瑠	liw1	
𪕋	liw1	
𪕋	ˀliw2	
𤠑	liw1	
䉧	liw1	
䉧	ˀliw2	
𥰣	liw1	
瀏	liw1	
瀏	ˀliw2	
䬟	liw1	
䱖	liw1	
鰡	liw1	
嵧	liw1	
𣠚	liw1	
鎦	liw1	
𦃓	liw1	
𢷶	liw1	
䰘	liw1	
䰘	kʲjɛw2	
懰	liw1	
懰	ˀliw2	
餾	liw1	
餾	liw3	
䖻	liw1	
裗	liw1	
𪆱	liw1	
𪎣	liw1	
硫	liw1	
遛	liw1	
䚧	liw1	
鏐	liw1	
秋	tsʰiw1	
秌	tsʰiw1	
鞧	tsʰiw1	
緧	tsʰiw1	
𦃈	tsʰiw1	
鞦	tsʰiw1	
湫	tsʰiw1	
湫	tsiw1	
湫	tsjɛw2	
湫	dziw3	
鶖	tsʰiw1	
鰍	tsʰiw1	
楸	tsʰiw1	
萩	tsʰiw1	
𪓰	tsʰiw1	
䵸	tsʰiw1	
蟗	tsʰiw1	
䨂	tsʰiw1	
趥	tsʰiw1	
趥	tsʰiwŋ3	
猷	jiw1	
猶	jiw1	
猶	kiw3	
猶	jiw3	
悠	jiw1	
油	jiw1	
油	jiw3	
由	jiw1	
攸	jiw1	
蕕	jiw1	
浟	jiw1	
𠧴	jiw1	
冘	jiw1	
冘	jim1	
輶	jiw1	
輶	ˀjiw2	
輶	jiw3	
秞	jiw1	
蚰	jiw1	
蝣	jiw1	
櫾	jiw1	
櫾	jiw3	
楢	jiw1	
楢	tʂʰjɛw2	
𦳷	jiw1	
斿	jiw1	
游	jiw1	
遊	jiw1	
𨒰	jiw1	
卣	jiw1	
卣	ˀjiw2	
䚻	jiw1	
鮋	jiw1	
鮋	dʐʰiw1	
鮋	dɻʰiw1	
鯈	jiw1	
鯈	dɻʰiw1	
抌	jiw1	
抌	ˀjɥu2	
抌	tam2	
偤	jiw1	
䍃	jiw1	
𤪎	jiw1	
𤪎	ˀjiw2	
𤪎	jɛw3	
邮	jiw1	
邮	dik4	
㾞	jiw1	
㘥	jiw1	
庮	jiw1	
庮	ˀjiw2	
㕀	jiw1	
𣔴	jiw1	
𧡹	jiw1	
𦵵	jiw1	
牛	ŋiw1	
遒	tsiw1	
遒	dzʰiw1	
鮂	tsiw1	
鮂	ziw1	
䎿	tsiw1	
䎿	dzʰiw1	
蝤	tsiw1	
蝤	dzʰiw1	
啾	tsiw1	
逎	tsiw1	
𩭓	tsiw1	
揂	tsiw1	
揫	tsiw1	
酋	dzʰiw1	
㥢	dzʰiw1	
崷	dzʰiw1	
鰌	dzʰiw1	
煪	dzʰiw1	
𧤕	dzʰiw1	
脩	siw1	
修	siw1	
羞	siw1	
𩛢	siw1	
𩝧	siw1	
䡭	siw1	
樇	siw1	
抽	tɻʰiw1	
𢭆	tɻʰiw1	
㨨	tɻʰiw1	
婤	tɻʰiw1	
婤	tʂiw1	
𥈌	tɻʰiw1	
惆	tɻʰiw1	
惆	kʰiw1	
瘳	tɻʰiw1	
妯	tɻʰiw1	
妯	dɻiwk4	
𠁫	kʰiw1	
𣪘	kʰiw1	
𣪘	kiw3	
犫	tʂʰiw1	
犨	tʂʰiw1	
周	tʂiw1	
州	tʂiw1	
𥺝	tʂiw1	
輖	tʂiw1	
洲	tʂiw1	
賙	tʂiw1	
喌	tʂiw1	
喌	tʂiwk4	
舟	tʂiw1	
郮	tʂiw1	
讎	dʐʰiw1	
𣫐	dʐʰiw1	
𣀓	dʐʰiw1	
酬	dʐʰiw1	
醻	dʐʰiw1	
詶	dʐʰiw1	
詶	ʐiw3	
雔	dʐʰiw1	
魗	dʐʰiw1	
魗	tʂʰiw2	
𨞪	dʐʰiw1	
𨞪	dɻʰiw1	
𨞪	ʐiw3	
柔	ɻiw1	
鍒	ɻiw1	
㽥	ɻiw1	
騥	ɻiw1	
蝚	ɻiw1	
蹂	ɻiw1	
蹂	ˀɻiw2	
蹂	ɻiw3	
葇	ɻiw1	
葇	ˀɻiw2	
鞣	ɻiw1	
鞣	ɻiw3	
鰇	ɻiw1	
瑈	ɻiw1	
腬	ɻiw1	
腬	niw3	
鶔	ɻiw1	
揉	ɻiw1	
䰆	ɻiw1	
𨛶	ɻiw1	
䐓	ɻiw1	
收	ʂiw1	
收	ʂiw3	
丘	kʰiw1	
丠	kʰiw1	
蚯	kʰiw1	
邱	kʰiw1	
䬌	fɨw1	
𡫺	fɨw1	
紑	fɨw1	
紑	fɨw2	
鳩	kiw1	
𠠳	kiw1	
朻	kiw1	
朻	kʲiw1	
朻	kʲiw2	
䡂	kiw1	
㽱	kiw1	
㽱	kʲiw1	
㽱	kaw2	
鬮	kiw1	
鬮	kʲiw2	
丩	kiw1	
勼	kiw1	
不	fu1	
不	fu2	
不	fut4	
不	put4	白
哹	fɨw1	
哹	vɨw1	
䍍	fɨw1	
䍍	kʰɨw3	
䍍	kʰuk4	
鴀	fɨw1	
鴀	fɨw2	
𢯱	ʂɨw1	
搜	ʂɨw1	
餿	ʂɨw1	
颼	ʂɨw1	
溲	ʂɨw1	
溲	ʂɨw2	
鎪	ʂɨw1	
廋	ʂɨw1	
廋	sɨw2	
蒐	ʂɨw1	
䕅	ʂɨw1	
䕅	sɑw2	
獀	ʂɨw1	
䐹	ʂɨw1	
䐹	sjɛw3	
鄋	ʂɨw1	
騪	ʂɨw1	
犙	ʂɨw1	
犙	ʂam1	
犙	sam1	
醙	ʂɨw1	
醙	siw2	
𧽏	ʂɨw1	
𧽏	ʂuk4	
𢬆	tʂʰɨw1	
篘	tʂʰɨw1	
醔	tʂʰɨw1	
㮲	tʂʰɨw1	
𥻤	tʂʰɨw1	
謅	tʂʰɨw1	
謅	tʂʰaw2	
鄒	tʂɨw1	
鄹	tʂɨw1	
鄹	dzɥu3	
郰	tʂɨw1	
騶	tʂɨw1	
齱	tʂɨw1	
齱	tʂʰwak4	
緅	tʂɨw1	
緅	tsɨw1	
緅	tsɥu3	
䑼	tʂɨw1	
𨃘	tʂɨw1	
棷	tʂɨw1	
棷	tsɨw1	
棷	sɨw2	
棷	tsʰɨw2	
箃	tʂɨw1	
黀	tʂɨw1	
愁	dʐʰɨw1	
㵞	dʐʰɨw1	
休	xiw1	
貅	xiw1	
㹯	xiw1	
鵂	xiw1	
𩢮	xiw1	
㾋	xiw1	
庥	xiw1	
脙	xiw1	
脙	ɡʰiw1	
𦜵	xiw1	
𦜵	ɡʰiw1	
髤	xiw1	
䰍	xiw1	
䰍	tsʰɨ3	
咻	xiw1	
咻	xɥu2	
㵻	xiw1	
囚	ziw1	
泅	ziw1	
汓	ziw1	
苬	ziw1	
儔	dɻʰiw1	
儔	dɑw3	
躊	dɻʰiw1	
幬	dɻʰiw1	
幬	dɑw3	
𢃖	dɻʰiw1	
𠷎	dɻʰiw1	
疇	dɻʰiw1	
紬	dɻʰiw1	
稠	dɻʰiw1	
燽	dɻʰiw1	
薵	dɻʰiw1	
籌	dɻʰiw1	
𪆇	dɻʰiw1	
𪇘	dɻʰiw1	
棸	dɻʰiw1	
棸	dɻiw3	
椆	dɻʰiw1	
椆	tʂiw3	
怞	dɻʰiw1	
𦡴	dɻʰiw1	
𦡴	dɻiw3	
懤	dɻʰiw1	
懤	tɑw2	
懤	dɻiw3	
菗	dɻʰiw1	
𥲅	dɻʰiw1	
輈	tɻiw1	
盩	tɻiw1	
譸	tɻiw1	
侜	tɻiw1	
𩢸	tɻiw1	
𧻖	tɻiw1	
𥎻	tɻiw1	
矪	tɻiw1	
𧚍	ɡʰiw1	
裘	ɡʰiw1	
仇	ɡʰiw1	
叴	ɡʰiw1	
厹	ɡʰiw1	
求	ɡʰiw1	
𡨃	ɡʰiw1	
蛷	ɡʰiw1	
𧒔	ɡʰiw1	
逑	ɡʰiw1	
球	ɡʰiw1	
璆	ɡʰiw1	
璆	ɡʲʰiw1	
鼽	ɡʰiw1	
莍	ɡʰiw1	
䣇	ɡʰiw1	
賕	ɡʰiw1	
殏	ɡʰiw1	
梂	ɡʰiw1	
朹	ɡʰiw1	
朹	kyj2	
㭝	ɡʰiw1	
俅	ɡʰiw1	
䊵	ɡʰiw1	
絿	ɡʰiw1	
䜪	ɡʰiw1	
扏	ɡʰiw1	
銶	ɡʰiw1	
𩒮	ɡʰiw1	
𥭑	ɡʰiw1	
毬	ɡʰiw1	
䟵	ɡʰiw1	
犰	ɡʰiw1	
𧻱	ɡʰiw1	
訅	ɡʰiw1	
釚	ɡʰiw1	
肍	ɡʰiw1	
𢛃	ɡʰiw1	
𢛃	ɡiw3	
𦬖	ɡʰiw1	
浮	vu1	
𥰛	vɨw1	
琈	vɨw1	
粰	vɨw1	
䳕	vɨw1	
罘	vu1	
涪	vɨw1	
芣	vɨw1	
蜉	vu1	
烰	vɨw1	
鉜	vɨw1	
𡦄	vɨw1	
𦮹	vɨw1	
艀	vɨw1	
䍌	vɨw1	
䍌	bʰɨw1	
䍌	bɨw3	
䨗	vɨw1	
謀	mu1	
䱕	mɨw1	
眸	mɨw1	
牟	mu1	
侔	mɨw1	
矛	mu1	
𢦧	mɨw1	
鍪	mɨw1	
鞪	mɨw1	
鞪	muk4	
麰	mɨw1	
𦭷	mɨw1	
劺	mɨw1	
蟊	mɨw1	
鷚	mɨw1	
鷚	ɡʲʰiw1	
鷚	miw1	
鷚	liw3	
𩭾	mɨw1	
䋷	mɨw1	
䋷	miw1	
恈	mɨw1	
鴾	mɨw1	
蛑	mɨw1	
繆	mɨw1	
繆	miw1	
繆	miw3	
繆	muk4	
侯	ɣɨw1	
矦	ɣɨw1	
𥎦	ɣɨw1	
帿	ɣɨw1	
鄇	ɣɨw1	
鄇	ɣɨw3	
䫛	ɣɨw1	
鍭	ɣɨw1	
鍭	ɣɨw3	
銗	ɣɨw1	
猴	ɣɨw1	
糇	ɣɨw1	
翭	ɣɨw1	
餱	ɣɨw1	
喉	ɣɨw1	
篌	ɣɨw1	
鯸	ɣɨw1	
㮢	ɣɨw1	
𧮶	ɣɨw1	
瘊	ɣɨw1	
䗔	ɣɨw1	
葔	ɣɨw1	
骺	ɣɨw1	
睺	ɣɨw1	
睺	ɣɨw3	
䙈	ɣɨw1	
謳	ʔɨw1	
嘔	ʔɨw1	
嘔	ʔɨw2	
歐	ʔɨw1	
歐	ʔɨw2	
甌	ʔɨw1	
漚	ʔɨw1	
漚	ʔɨw3	
鷗	ʔɨw1	
䁱	ʔɨw1	
䁱	kʰɨw1	
瞘	ʔɨw1	
櫙	ʔɨw1	
醧	ʔɨw1	
醧	ʔjɯ3	
剾	ʔɨw1	
剾	kʰɨw1	
鏂	ʔɨw1	
膒	ʔɨw1	
羺	nɨw1	
䨲	nɨw1	
樓	lɨw1	
𨻻	lɨw1	
𨻻	ˀlɥu2	
𧁾	lɨw1	
𠞭	lɨw1	
𠞭	lɨw3	
𦎹	lɨw1	
僂	lɨw1	
僂	ˀlɥu2	
僂	lɨw3	
艛	lɨw1	
耬	lɨw1	
髏	lɨw1	
𤬏	lɨw1	
廔	lɨw1	
嘍	lɨw1	
嘍	ˀlɨw2	
螻	lɨw1	
簍	lɨw1	
簍	ˀlɥu2	
簍	ˀlɨw2	
鞻	lɨw1	
褸	lɨw1	
褸	ˀlɥu2	
遱	lɨw1	
謱	lɨw1	
謱	ˀlɥu2	
謱	ˀlɨw2	
涑	sɨw1	
涑	suk4	
涑	sywk4	
鏉	sɨw1	
鏉	ʂɨw3	
鏉	sɨw3	
䩳	sɨw1	
𩌱	sɨw1	
𩮶	sɨw1	
摗	sɨw1	
𠘂	sɨw1	
𡠼	sɨw1	
彄	kʰɨw1	
韝	kʰɨw1	
韝	kɨw1	
𢂁	kʰɨw1	
滱	kʰɨw1	
滱	kʰɨw3	
夠	kʰɨw1	
夠	kɨw1	
齁	xɨw1	
𪅺	xɨw1	
𣠏	tsɨw1	
偷	tʰɨw1	
鍮	tʰɨw1	
鋀	tʰɨw1	
頭	dʰɨw1	
㓱	dʰɨw1	
投	dʰɨw1	
𪎨	dʰɨw1	
骰	dʰɨw1	
𣪌	dʰɨw1	
坄	dʰɨw1	
坄	jyjk4	
㢏	dʰɨw1	
𪁞	dʰɨw1	
鉤	kɨw1	
𠛎	kɨw1	
溝	kɨw1	
褠	kɨw1	
緱	kɨw1	
篝	kɨw1	
𥴴	kɨw1	
㗕	kɨw1	
𤫱	kɨw1	
䑦	kɨw1	
冓	kɨw1	
冓	kɨw3	
枸	kɨw1	
枸	kɥu2	
枸	kɨw2	
兜	tɨw1	
侸	tɨw1	
吺	tɨw1	
篼	tɨw1	
𥆖	tɨw1	
剅	tɨw1	
𧡸	tɨw1	
𧯠	tɨw1	
郖	tɨw1	
郖	dɨw3	
𩮷	tɨw1	
㔌	dzʰɨw1	
㔌	dzɨw3	
裒	bʰɨw1	
䯽	bʰɨw1	
䯽	fu2	
䯽	pʰɨw2	
䏽	bʰɨw1	
䏽	bɨw3	
𩚭	bʰɨw1	
箁	bʰɨw1	
呣	mɨw1	
幽	ʔʲiw1	
泑	ʔʲiw1	
泑	ʔʲiw2	
呦	ʔʲiw1	
𣢜	ʔʲiw1	
𣢜	ʔʲiw2	
𣢜	ʔiwk4	
𧍘	ʔʲiw1	
虯	ɡʲʰiw1	
觩	ɡʲʰiw1	
觓	ɡʲʰiw1	
蟉	ɡʲʰiw1	
蟉	liw1	
蟉	ɡʲiw3	
𤙠	ɡʲʰiw1	
彪	piw1	
樛	kʲiw1	
𠃚	kʲiw1	
𦱠	kʲiw1	
淲	bʰiw1	
飍	xʲiw1	
烋	xiw1	
侵	tsʰim1	
𢔀	tsʰim1	
駸	tsʰim1	
駸	tʂʰɨm1	
浸	tsʰim1	
浸	tsim3	
䜷	tsʰim1	
𥍯	tsʰim1	
𥍯	tsim1	
綅	tsʰim1	
綅	tsim1	
綅	sjɛm1	
尋	zim1	
𢒫	zim1	
鐔	zim1	
鐔	jim1	
鐔	dʰam1	
潯	zim1	
鱏	zim1	
鱏	jim1	
樳	zim1	
鄩	zim1	
𨼔	zim1	
𣎟	zim1	
𩖣	zim1	
襑	zim1	
襑	tʰam2	
枔	zim1	
撏	zim1	
撏	dzʰam1	
撏	dʐʰjɛm1	
灊	zim1	
灊	dzʰim1	
灊	dzʰjɛm1	
鬵	zim1	
鬵	dzʰim1	
鬵	dzʰjɛm1	
𦅀	zim1	
林	lim1	
琳	lim1	
淋	lim1	
臨	lim1	
臨	lim3	
痳	lim1	
箖	lim1	
瀶	lim1	
霖	lim1	
琛	tɻʰim1	
棽	tɻʰim1	
棽	ʂɨm1	
䑣	tɻʰim1	
𧡬	tɻʰim1	
𧡬	tɻʰim3	
綝	tɻʰim1	
郴	tɻʰim1	
賝	tɻʰim1	
斟	tʂim1	
針	tʂim1	
針	tʂim3	
鍼	tʂim1	
鍼	ɡʰjɛm1	
鍼	ɡʲʰjɛm1	
𪈁	tʂim1	
箴	tʂim1	
葴	tʂim1	
瑊	tʂim1	
瑊	kam1	
鱵	tʂim1	
㘰	tʂim1	
沈	dɻʰim1	
沈	ʂim2	
沈	dɻim3	
沉	dɻʰim1	
𤘣	dɻʰim1	
莐	dɻʰim1	
䒞	dɻʰim1	
䒞	jim1	
䒞	tam2	
霃	dɻʰim1	
湛	dɻʰim1	
湛	tam1	
湛	dɻam3	
枕	dɻʰim1	
枕	tʂim2	
枕	tʂim3	
鈂	dɻʰim1	
鈂	dzʰim1	
碪	tɻim1	
砧	tɻim1	
椹	tɻim1	
枮	tɻim1	
枮	sjɛm1	
坫	tɻim1	
坫	tjɛm3	
諶	dʐʰim1	
愖	dʐʰim1	
訦	dʐʰim1	
訦	ʐim3	
忱	dʐʰim1	
煁	dʐʰim1	
瘎	dʐʰim1	
㽸	dʐʰim1	
任	ɻim1	
任	ɻim3	
鵀	ɻim1	
鵀	nim1	
鵀	ɻim3	
恁	ɻim1	
恁	ˀɻim2	
壬	ɻim1	
紝	ɻim1	
銋	ɻim1	
銋	ˀɻim2	
䛘	ɻim1	
䛘	nim1	
深	ʂim1	
深	ʂim3	
𦸂	ʂim1	
淫	jim1	
霪	jim1	
婬	jim1	
𥮍	jim1	
蟫	jim1	
蟫	dʰam1	
鷣	jim1	
鷣	jɛw3	
𢓕	jim1	
䤁	jim1	
䤁	dzʰim1	
撢	jim1	
撢	tʰam1	
撢	tʰam3	
𨟏	jim1	
㸒	jim1	
心	sim1	
𦁍	sim1	
𨊳	sim1	
杺	sim1	
愔	ʔʲim1	
韾	ʔʲim1	
祲	tsim1	
祲	tsim3	
梫	tsim1	
梫	tʂʰɨm1	
梫	tsʰim2	
兓	tsim1	
埐	tsim1	
埐	dzʰim1	
𩀿	tsim1	
𪖼	tsim1	
𩻛	tsim1	
𩻛	dʐʰɨm1	
𩷒	dzʰim1	
䰼	dzʰim1	
䰼	ʂim2	
䰼	dzam3	
嶜	dzʰim1	
梣	dzʰim1	
梣	dʐʰɨm1	
𣜣	dzʰim1	
䋻	nim1	
琴	ɡʰim1	
㩒	ɡʰim1	
捦	ɡʰim1	
擒	ɡʰim1	
黔	ɡʰim1	
黔	ɡʰjɛm1	
禽	ɡʰim1	
芩	ɡʰim1	
𨙽	ɡʰim1	
檎	ɡʰim1	
㕋	ɡʰim1	
鵭	ɡʰim1	
澿	ɡʰim1	
凜	ɡʰim1	
凜	ˀlim2	
庈	ɡʰim1	
雂	ɡʰim1	
雂	ɡʰjɛm1	
㪁	ɡʰim1	
㪁	kʰɑm1	
㪁	kʰjɛm1	
㪁	kʰjɛm3	
㱽	ɡʰim1	
㱽	tɻim2	
黚	ɡʰim1	
黚	ɡʰjɛm1	
䅾	ɡʰim1	
䅾	dʐʰɨm1	
耹	ɡʰim1	
靲	ɡʰim1	
欽	kʰim1	
菳	kʰim1	
衾	kʰim1	
嶔	kʰim1	
顉	kʰim1	
顉	kʰim2	
顉	ˀŋɑm2	
吟	ŋim1	
吟	ŋim3	
訡	ŋim1	
䪩	ŋim1	
唫	ŋim1	
唫	ɡim3	
崟	ŋim1	
荶	ŋim1	
碞	ŋim1	
碞	ŋam1	
乑	ŋim1	
𠪚	ŋim1	
𠪚	tʰam2	
𠪚	kʰɑm2	
歆	xim1	
廞	xim1	
廞	xim2	
嬜	xim1	
嬜	ʔɑm1	
嬜	xɑm1	
㽎	xim1	
㽎	dʰam1	
金	kim1	
今	kim1	
黅	kim1	
衿	kim1	
襟	kim1	
䘳	kim1	
禁	kim1	
禁	kim3	
㦗	kim1	
𪑙	kim1	
音	ʔim1	
陰	ʔim1	
隌	ʔim1	
隌	ʔɑm2	
瘖	ʔim1	
霠	ʔim1	
䜾	ʔim1	
喑	ʔim1	
喑	ʔɑm1	
喑	ʔim3	
䤃	ʔim1	
森	ʂɨm1	
參	ʂɨm1	
參	tʂʰɨm1	
參	tsʰam1	
參	sam1	
參	tsʰam3	
曑	ʂɨm1	
蔘	ʂɨm1	
蔘	sam1	
薓	ʂɨm1	
槮	ʂɨm1	
槮	tʂʰɨm1	
槮	ʂɨm2	
槮	sam2	
襳	ʂɨm1	
襳	sjɛm1	
襳	ʂam1	
𥥍	ʂɨm1	
𥥍	dam3	
穼	ʂɨm1	
岑	dʐʰɨm1	
涔	dʐʰɨm1	
㞥	dʐʰɨm1	
𣠟	dʐʰɨm1	
𩅨	dʐʰɨm1	
笒	dʐʰɨm1	
笒	ɡim3	
兂	tʂɨm1	
簪	tʂɨm1	
簪	tsam1	
㻸	tʂɨm1	
撍	tʂɨm1	
撍	tsam1	
撍	tsam2	
撍	tsam3	
嵾	tʂʰɨm1	
𥤇	tʂʰɨm1	
𧡪	tʂʰim1	
𧡪	tam1	
𧡪	dam3	
覃	dʰam1	
𨝸	dʰam1	
潭	dʰam1	
潭	ˀjim2	
曇	dʰam1	
藫	dʰam1	
橝	dʰam1	
橝	djɛm3	
譚	dʰam1	
譚	dam3	
𧽼	dʰam1	
燂	dʰam1	
燂	dzʰjɛm1	
壜	dʰam1	
眈	dʰam1	
眈	tam1	
𦗡	dʰam1	
𩡝	dʰam1	
𧂇	dʰam1	
蕁	dʰam1	
䊤	dʰam1	
䊤	dam3	
㽑	dʰam1	
驂	tsʰam1	
䟃	tsʰam1	
䟃	tsʰap4	
傪	tsʰam1	
傪	tsʰam2	
㜗	tsʰam1	
㜗	tsʰam2	
㜗	tsʰap4	
南	nam1	
男	nam1	
柟	nam1	
柟	ɻjɛm1	
柟	ˀɻjɛm2	
楠	nam1	
抩	nam1	
䶲	nam1	
䶲	ɻjɛm1	
𤱣	nam1	
諳	ʔɑm1	
䳺	ʔɑm1	
媕	ʔɑm1	
媕	ʔjɛm2	
媕	ʔɑp4	
庵	ʔɑm1	
庵	ʔɑp4	
腤	ʔɑm1	
菴	ʔɑm1	
菴	ʔjɛm1	
㞄	ʔɑm1	
㞄	ʔɑm2	
馣	ʔɑm1	
韽	ʔɑm1	
韽	ʔam3	
盦	ʔɑm1	
盦	ʔɑp4	
含	ɣɑm1	
涵	ɣɑm1	
涵	ɣɑm3	
䈄	ɣɑm1	
筨	ɣɑm1	
梒	ɣɑm1	
䤴	ɣɑm1	
函	ɣɑm1	
函	ɣam1	
顄	ɣɑm1	
顄	ɣɑm3	
𩔞	ɣɑm1	
蜬	ɣɑm1	
蜬	kɑm1	
頷	ɣɑm1	
頷	ɣɑm3	
𣹢	ɣɑm1	
鋡	ɣɑm1	
𤭙	ɣɑm1	
𠥴	ɣɑm1	
䶃	ɣɑm1	
䶃	kɑm1	
圅	ɣɑm1	
肣	ɣɑm1	
肣	ɣɑm3	
䨡	ɣɑm1	
𩄙	ɣɑm1	
𢎘	ɣɑm1	
𢎘	ɣɑm3	
𠗴	ɣɑm1	
婪	lam1	
惏	lam1	
燣	lam1	
燣	ˀlam2	
嵐	lam1	
葻	lam1	
啉	lam1	
蠶	dzʰam1	
䣟	dzʰam1	
䣟	dzap4	
𨅔	dzʰam1	
𨅔	dzap4	
篸	tsam1	
篸	tsam3	
𥸢	tsam1	
䐶	tsam1	
䐶	tsim2	
䍼	tsam1	
䍼	tsap4	
鐕	tsam1	
探	tʰam1	
貪	tʰam1	
耽	tam1	
耽	tam2	
酖	tam1	
妉	tam1	
甔	tam1	
甔	tam3	
媅	tam1	
𡖓	tam1	
𡖓	tam2	
龕	kʰɑm1	
𢦟	kʰɑm1	
𩑟	kʰɑm1	
堪	kʰɑm1	
戡	kʰɑm1	
戡	tɻim2	
𤯍	kʰɑm1	
𤯍	kɑm1	
𤯍	ɣɑm1	
嵁	kʰɑm1	
嵁	ŋɑm1	
嵁	kʰam1	
嵁	ˀŋɑm2	
嵁	dʐam3	
𤬪	kʰɑm1	
𤬪	du3	
撖	kʰɑm1	
撖	kʰam2	
撖	ɣam3	
㟏	xɑm1	
𩈣	xɑm1	
馠	xɑm1	
𣢺	xɑm1	
谽	xɑm1	
唅	xɑm1	
唅	ɣɑm3	
𡬖	xɑm1	
𡪶	xɑm1	
毿	sam1	
弇	kɑm1	
弇	ʔjɛm2	
淦	kɑm1	
淦	kɑm3	
䌠	kɑm1	
䌠	kʲʰjɛm1	
䌠	xʲjɛm1	
䌠	kam1	
䜙	ŋɑm1	
𡪁	ŋɑm1	
談	dʰam1	
郯	dʰam1	
惔	dʰam1	
惔	dam3	
錟	dʰam1	
淡	dʰam1	
淡	dam3	
淡	ˀjɛm2	
痰	dʰam1	
澹	dʰam1	
澹	dam3	
倓	dʰam1	
倓	dam3	
餤	dʰam1	
𥰨	dʰam1	
㶣	dʰam1	
㶣	dɻʰjɛm1	
甘	kɑm1	
柑	kɑm1	
䇞	kɑm1	
䇞	kɑm2	
苷	kɑm1	
泔	kɑm1	
媣	kɑm1	
媣	ˀɻjɛm2	
擔	tam1	
擔	tam3	
儋	tam1	
聸	tam1	
頕	tam1	
三	sam1	
三	sam3	
弎	sam1	
𢁘	sam1	
鬖	sam1	
藍	lam1	
襤	lam1	
䰐	lam1	
擥	lam1	
擥	ˀlam2	
籃	lam1	
𩈵	lam1	
𪇖	lam1	
懢	lam1	
懢	lam3	
䆾	lam1	
䆾	lam3	
儖	lam1	
蘫	lam1	
蘫	xɑm3	
坩	kʰɑm1	
舑	tʰam1	
舑	ɻjɛm1	
聃	tʰam1	
𨈭	tʰam1	
緂	tʰam1	
緂	tʂʰjɛm1	
緂	tʰam2	
㘱	tʰam1	
䔜	tʰam1	
䆱	tʰam1	
䆱	tʰam3	
㴂	tʰam1	
𦸁	tʰam1	
慙	dzʰam1	
慚	dzʰam1	
鏨	dzʰam1	
鏨	dʐʰam1	
鏨	dzam3	
鏨	dzjɛm3	
䳻	dzʰam1	
䳻	dʐam3	
㨻	dzʰam1	
㨻	ʂam2	
酣	ɣɑm1	
甝	ɣɑm1	
䗣	ɣɑm1	
䗣	ɣɑm3	
魽	ɣɑm1	
煔	ɣɑm1	
煔	ʂjɛm3	
煔	tʰjɛm3	
炶	ɣɑm1	
姏	mɑm1	
𩈻	tsam1	
𩈻	tʂam3	
蚶	xɑm1	
𧵊	xɑm1	
𧵊	xɑm3	
歛	xɑm1	
憨	xɑm1	
憨	ɣɑm3	
鹽	jɛm1	
鹽	jɛm3	
塩	jɛm1	
𣡶	jɛm1	
閻	jɛm1	
壛	jɛm1	
阽	jɛm1	
檐	jɛm1	
簷	jɛm1	
櫩	jɛm1	
𣡞	jɛm1	
㶄	jɛm1	
𪂈	jɛm1	
䦲	jɛm1	
䦲	tʂʰjɛm3	
㿕	jɛm1	
𤅸	jɛm1	
𤅸	jɛm3	
廉	ljɛm1	
鐮	ljɛm1	
鎌	ljɛm1	
𩄡	ljɛm1	
㡘	ljɛm1	
簾	ljɛm1	
薕	ljɛm1	
薟	ljɛm1	
薟	ˀljɛm2	
蘞	ljɛm1	
蘞	xjɛm1	
蘞	ˀljɛm2	
匳	ljɛm1	
籢	ljɛm1	
𥖝	ljɛm1	
獫	ljɛm1	
獫	ˀljɛm2	
獫	xjɛm2	
獫	ljɛm3	
蠊	ljɛm1	
䆂	ljɛm1	
𨎷	ljɛm1	
𣀃	ljɛm1	
鬑	ljɛm1	
覝	ljɛm1	
砭	pjɛm1	
砭	pjɛm3	
𥐗	pjɛm1	
銛	sjɛm1	
銛	tʰjɛm2	
銛	kwɑt4	
暹	sjɛm1	
𦃌	sjɛm1	
韱	sjɛm1	
纖	sjɛm1	
憸	sjɛm1	
憸	tsʰjɛm1	
憸	xjɛm2	
憸	tsʰjɛm2	
孅	sjɛm1	
䯹	sjɛm1	
彡	sjɛm1	
彡	ʂam1	
𢘁	sjɛm1	
籤	tsʰjɛm1	
臉	tsʰjɛm1	
臉	ˀlam2	
䑎	tsʰjɛm1	
䑎	tʂʰam2	
鹼	tsʰjɛm1	
鹼	kam2	
槧	tsʰjɛm1	
槧	dzam3	
槧	dzjɛm3	
槧	tsʰjɛm3	
僉	tsʰjɛm1	
𠠃	tsʰjɛm1	
㡨	tsʰjɛm1	
㡨	tsjɛm1	
譣	tsʰjɛm1	
譣	xjɛm2	
詹	tʂjɛm1	
瞻	tʂjɛm1	
占	tʂjɛm1	
占	tʂjɛm3	
蟾	tʂjɛm1	
蟾	dʐʰjɛm1	
噡	tʂjɛm1	
厃	tʂjɛm1	
棎	dʐʰjɛm1	
苫	ʂjɛm1	
苫	ʂjɛm3	
痁	ʂjɛm1	
痁	tjɛm3	
𡝫	ʂjɛm1	
𡝫	tɻʰjɛm1	
䪜	tʂʰjɛm1	
䪜	tʂʰjɛm3	
㚲	tʂʰjɛm1	
㚲	tʂʰjɛp4	
幨	tʂʰjɛm1	
幨	tʂʰjɛm3	
襜	tʂʰjɛm1	
襜	tʂʰjɛm3	
裧	tʂʰjɛm1	
裧	tʰam2	
裧	tʂʰjɛm3	
𤎥	tʂʰjɛm1	
𤎥	tʰam2	
㾆	tʂʰjɛm1	
㾆	ɻjɛm1	
妗	tʂʰjɛm1	
妗	xʲjɛm1	
妗	xam1	
𢛈	tʂʰjɛm1	
𢃔	tʂʰjɛm1	
𩓾	ɻjɛm1	
髯	ɻjɛm1	
髯	ɻjɛm3	
蚺	ɻjɛm1	
呥	ɻjɛm1	
𧦦	ɻjɛm1	
蛅	ɻjɛm1	
冉	ɻjɛm1	
冉	ˀɻjɛm2	
袡	ɻjɛm1	
黏	njɛm1	
粘	njɛm1	
䬯	njɛm1	
炎	ɰjɛm1	
霑	tɻjɛm1	
沾	tɻjɛm1	
沾	tʰjɛm1	
沾	tjɛm3	
𪏉	tɻjɛm1	
覘	tɻʰjɛm1	
覘	tɻʰjɛm3	
淹	ʔjɛm1	
淹	ʔjɛm3	
崦	ʔjɛm1	
醃	ʔjɛm1	
䣍	ʔjɛm1	
䣍	ʔjɛm2	
閹	ʔjɛm1	
閹	ʔjɛm2	
𢜩	kʰjɛm1	
𢜩	kʰam2	
𨦄	kʰjɛm1	
𪙊	ŋjɛm1	
𪙊	ŋam1	
𪙊	ŋjɛm3	
尖	tsjɛm1	
殲	tsjɛm1	
瀸	tsjɛm1	
𡄑	tsjɛm1	
𡄑	tsjɛm3	
漸	tsjɛm1	
漸	dzjɛm3	
虃	tsjɛm1	
熸	tsjɛm1	
㦰	tsjɛm1	
𩅼	tsjɛm1	
𩅼	ljɛm3	
𩅼	tʂam3	
鑯	tsjɛm1	
鋟	tsjɛm1	
鋟	tsʰim2	
𩃔	tsjɛm1	
𩃔	ʂam1	
潛	dzʰjɛm1	
潛	dzjɛm3	
朁	dzʰjɛm1	
朁	tsʰam2	
䁮	dzʰjɛm1	
䁮	dzjɛm3	
𤎢	dzʰjɛm1	
螹	dzʰjɛm1	
螹	dzjɛm3	
箝	ɡʰjɛm1	
鉗	ɡʰjɛm1	
𢁮	ɡʰjɛm1	
鉆	ɡʰjɛm1	
鉆	tʰjɛp4	
拑	ɡʰjɛm1	
羬	ɡʰjɛm1	
羬	ŋam1	
鳹	ɡʰjɛm1	
鈐	ɡʰjɛm1	
懕	ʔʲjɛm1	
猒	ʔʲjɛm1	
猒	ʔʲjɛm3	
饜	ʔʲjɛm1	
饜	ʔʲjɛm3	
嬮	ʔʲjɛm1	
嬮	ʔʲjɛm3	
嬮	ʔʲjɛp4	
㤿	ʔʲjɛm1	
㤿	ʔjɛm3	
䅧	ʔʲjɛm1	
䅧	ʔim3	
𨣻	ʔʲjɛm1	
燅	zjɛm1	
𤍙	zjɛm1	
燖	zjɛm1	
爓	zjɛm1	
爓	jɛm3	
𦢨	zjɛm1	
䕭	zjɛm1	
𢸧	zjɛm1	
㰊	zjɛm1	
𢅮	zjɛm1	
𪏂	dɻʰjɛm1	
誗	dɻʰjɛm1	
添	tʰjɛm1	
黇	tʰjɛm1	
舚	tʰjɛm1	
舚	tʰjɛm3	
𩬑	tjɛm1	
敁	tjɛm1	
佔	tjɛm1	
詀	tjɛm1	
詀	tɻam1	
詀	dɻam3	
詀	tʂʰjɛp4	
㡇	tjɛm1	
㡇	tɻjɛp4	
㡇	tʰjɛp4	
𧚊	tjɛm1	
𧚊	tjɛp4	
𦕒	tjɛm1	
䀡	tjɛm1	
䀡	tɻʰjɛm3	
䀡	tjɛm3	
甜	dʰjɛm1	
恬	dʰjɛm1	
湉	dʰjɛm1	
菾	dʰjɛm1	
𦳇	dʰjɛm1	
熑	ljɛm1	
溓	ljɛm1	
溓	ˀljɛm2	
濂	ljɛm1	
燫	ljɛm1	
謙	kʲʰjɛm1	
兼	kʲjɛm1	
兼	kʲjɛm3	
縑	kʲjɛm1	
鶼	kʲjɛm1	
𥻧	kʲjɛm1	
蒹	kʲjɛm1	
𦋰	kʲjɛm1	
鰜	kʲjɛm1	
鰜	ɣam1	
嫌	ɣʲjɛm1	
稴	ɣʲjɛm1	
稴	ɣam1	
稴	ˀljɛm2	
稴	ljɛm3	
鮎	njɛm1	
拈	njɛm1	
馦	xʲjɛm1	
㾾	xʲjɛm1	
䵌	xʲjɛm1	
㽐	xʲjɛm1	
欦	xʲjɛm1	
欦	kʰjɛm2	
欦	xam2	
欦	xɑm1	
咸	ɣam1	
鹹	ɣam1	
醎	ɣam1	
𩤥	ɣam1	
諴	ɣam1	
椷	ɣam1	
㮭	ɣam1	
輱	ɣam1	
緘	kam1	
玪	kam1	
尲	kam1	
黬	kam1	
黬	ŋam1	
𪒹	kam1	
攕	ʂam1	
摻	ʂam1	
摻	ʂam2	
檆	ʂam1	
杉	ʂam1	
櫼	ʂam1	
𩁺	ʂam1	
䀐	ʂam1	
䀐	ʂam3	
𨏪	ʂam1	
𩌰	ʂam1	
㺑	ʂam1	
㺑	ʂam2	
𤟟	ʔam1	
𤟟	ʔam3	
淊	ʔam1	
淊	ɣɑm3	
淊	ˀjɛm2	
淊	ʔam3	
黯	ʔam1	
黯	ʔam2	
嵒	ŋam1	
䫡	ŋam1	
䫡	kʰam2	
䫡	kʰam3	
䫡	kam3	
𧇱	ŋam1	
麙	ŋam1	
㺂	ŋam1	
𧬌	ŋam1	
㰹	xam1	
𧍧	xam1	
𧮰	xam1	
䩂	xam1	
䩇	tɻam1	
鵮	tɻam1	
鵮	kʰam1	
𪉜	tɻam1	
𪉜	tɻam3	
諵	nam1	
諵	nam3	
喃	nam1	
讒	dʐʰam1	
讒	dʐam3	
獑	dʐʰam1	
饞	dʐʰam1	
毚	dʐʰam1	
㺥	dʐʰam1	
𪗂	dʐʰam1	
欃	dʐʰam1	
欃	dʐam3	
攙	dʐʰam1	
攙	tʂʰam1	
𪖎	dʐʰam1	
𢽝	dʐʰam1	
儳	dʐʰam1	
儳	dʐam3	
儳	tʂʰam3	
酁	dʐʰam1	
𢽣	kʰam1	
厱	kʰam1	
厱	kʰjɛm1	
𠔺	kʰam1	
銜	ɣam1	
甉	ɣam1	
甉	ɣam3	
巉	dʐʰam1	
巉	dʐam3	
嶃	dʐʰam1	
嶃	dʐam3	
劖	dʐʰam1	
艬	dʐʰam1	
艬	dʐam3	
鑱	dʐʰam1	
鑱	dʐam3	
嚵	dʐʰam1	
嚵	dzjɛm3	
嚵	tʂʰam3	
巖	ŋam1	
礹	ŋam1	
礹	ˀŋjɛm2	
𡆑	ŋam1	
衫	ʂam1	
縿	ʂam1	
芟	ʂam1	
穇	ʂam1	
監	kam1	
監	kam3	
礛	kam1	
𥌈	kam1	
𥌈	kam3	
鑑	kam1	
鑑	kam3	
㔋	kam1	
㔋	ɣam3	
㔋	lam3	
㔋	kam3	
𨂝	bʰam1	
嵌	kʰam1	
嵌	dzam3	
嚴	ŋjɛm1	
䉷	ŋjɛm1	
𩏩	xjɛm1	
𩏩	xjɛm2	
杴	xjɛm1	
㿌	xjɛm1	
𥟕	xjɛm1	
腌	ʔjɛm1	
腌	ʔjɛp4	
凡	vam1	
帆	vam1	
帆	vam3	
𠆩	vam1	
𠆩	fam3	
𦨲	vam1	
氾	vam1	
氾	fam3	
颿	vam1	
颿	vam3	
柉	vam1	
䒦	fam1	
䒦	fam3	
𣢲	fam1	
董	tuŋ2	
箽	tuŋ2	
𢤦	tuŋ2	
䵔	tuŋ2	
𧄓	tuŋ2	
𤾬	ˀmuŋ2	
曚	ˀmuŋ2	
懵	ˀmuŋ2	
懵	mujŋ3	
孔	kʰuŋ2	
㪌	suŋ2	
䉥	suŋ2	
桶	tʰuŋ2	
桶	duŋ3	
捅	tʰuŋ2	
總	tsuŋ2	
摠	tsuŋ2	
𢝰	tsuŋ2	
㢔	tsuŋ2	
蓯	tsuŋ2	
䁓	tsuŋ2	
䁓	tsuŋ3	
䁓	kaj3	
𨍈	tsuŋ2	
傯	tsuŋ2	
傯	tsuŋ3	
澒	ɣuŋ3	
𧋔	ɣuŋ3	
𠳃	ɣuŋ3	
汞	ɣuŋ3	
滃	ʔuŋ2	
暡	ʔuŋ2	
勜	ʔuŋ2	
䐥	ʔuŋ2	
塕	ʔuŋ2	
𤌏	ʔuŋ2	
琫	puŋ2	
菶	puŋ2	
菶	buŋ3	
𦂌	puŋ2	
𦂌	paŋ2	
俸	puŋ2	
俸	vuŋ3	
竉	ˀluŋ2	
攏	ˀluŋ2	
𢤱	ˀluŋ2	
儱	ˀluŋ2	
儱	lywŋ3	
嗊	xuŋ2	
𢦅	xuŋ2	
動	duŋ3	
𨔝	duŋ3	
姛	duŋ3	
詷	duŋ3	
唪	buŋ3	
唪	vuŋ3	
埲	buŋ3	
腫	tʂywŋ2	
種	tʂywŋ2	
種	tʂywŋ3	
踵	tʂywŋ2	
歱	tʂywŋ2	
㣫	tʂywŋ2	
喠	tʂywŋ2	
喠	tʂʰywŋ2	
寵	tɻʰywŋ2	
𧼙	tɻʰywŋ2	
𧼙	tɻʰywk4	
埫	tɻʰywŋ2	
隴	ˀlywŋ2	
壠	ˀlywŋ2	
㙙	ˀlywŋ2	
擁	ʔywŋ2	
𢶜	ʔywŋ2	
宂	ˀɻywŋ2	
𡦼	ˀɻywŋ2	
䢇	ˀɻywŋ2	
𣭲	ˀɻywŋ2	
氄	ˀɻywŋ2	
軵	ˀɻywŋ2	
𤘺	ˀɻywŋ2	
𪕎	ˀɻywŋ2	
𢫨	ˀɻywŋ2	
𢫨	nywŋ3	
𨍷	ˀɻywŋ2	
𢝆	dɻywŋ3	
冢	tɻywŋ2	
塚	tɻywŋ2	
奉	vuŋ3	
捧	fuŋ2	
勇	ˀjywŋ2	
恿	ˀjywŋ2	
涌	ˀjywŋ2	
甬	ˀjywŋ2	
踊	ˀjywŋ2	
慂	ˀjywŋ2	
𧻹	ˀjywŋ2	
塎	ˀjywŋ2	
悀	ˀjywŋ2	
埇	ˀjywŋ2	
蛹	ˀjywŋ2	
𧗴	ˀjywŋ2	
恐	kʰywŋ2	
恐	kʰywŋ3	
𢖶	kʰywŋ2	
𢖶	kʰywŋ3	
𦶐	kʰywŋ2	
𦶐	kʰywŋ3	
尰	ʐywŋ3	
𤺄	ʐywŋ3	
𢡹	ʐywŋ3	
拱	kywŋ2	
拲	kywŋ2	
拲	kywk4	
鞏	kywŋ2	
孒	kywŋ2	
孒	kyt4	
孒	kɥɛt4	
𢪒	kywŋ2	
㤨	kywŋ2	
𢸁	kywŋ2	
㼦	kywŋ2	
㧬	kywŋ2	
䡗	kywŋ2	
䱋	kywŋ2	
巩	kywŋ2	
栱	kywŋ2	
悚	sywŋ2	
竦	sywŋ2	
慫	sywŋ2	
聳	sywŋ2	
𦄼	sywŋ2	
𦄼	sɥu2	
𦄼	siw2	
㩳	sywŋ2	
駷	sywŋ2	
駷	sɨw2	
愯	sywŋ2	
傱	sywŋ2	
䙕	sywŋ2	
䙕	tsywŋ2	
詾	xywŋ2	
覂	fuŋ2	
𢇫	fuŋ2	
湩	tuŋ2	
湩	tuŋ3	
湩	tɻywŋ3	
𪁪	ˀmuŋ2	
𪁪	ˀmaŋ2	
䏵	ˀmuŋ2	
𨿿	tʂʰywŋ2	
幒	tsʰywŋ2	
𢃓	tsʰywŋ2	
講	kaŋ2	
港	kaŋ2	
港	ɣuŋ3	
傋	kaŋ2	
傋	xaŋ2	
耩	kaŋ2	
㭋	baŋ3	
棒	baŋ3	
玤	baŋ3	
𢗒	baŋ3	
蚌	baŋ3	
蜯	baŋ3	
䎧	baŋ3	
慃	ʔaŋ2	
項	ɣaŋ3	
缿	ɣaŋ3	
𢞡	xaŋ2	
紙	tʂjɨ2	
帋	tʂjɨ2	
軹	tʂjɨ2	
枳	tʂjɨ2	
枳	kʲi2	
咫	tʂjɨ2	
扺	tʂjɨ2	
𣲵	tʂjɨ2	
坁	tʂjɨ2	
汦	tʂjɨ2	
抧	tʂjɨ2	
恀	tʂjɨ2	
恀	ʐjɨ3	
恀	tʂʰjɨ2	
䅩	tʂjɨ2	
䳅	tʂjɨ2	
是	ʐjɨ3	
諟	ʐjɨ3	
徥	ʐjɨ3	
徥	dɻi3	
𤜣	ʐjɨ3	
䟗	ʐjɨ3	
靡	ˀmi2	
𨇻	ˀmi2	
𪎓	ˀmi2	
骳	ˀmi2	
𡬍	ˀmi2	
𡬍	ˀmʲi2	
彼	pi2	
㗗	pi2	
柀	pi2	
佊	pi2	
佊	pi3	
𠐌	pi2	
被	bi3	
毀	xyj2	
毀	xyj3	
燬	xyj2	
檓	xyj2	
毇	xyj2	
𥶵	xyj2	
𠷏	xyj2	
𠷏	ʔyj2	
譭	xyj2	
㩓	xyj2	
烜	xyj2	
烜	xɥɛn2	
𡢕	xyj2	
骫	ʔyj2	
䍴	ʔyj2	
䍴	ʔyj3	
跪	kʰyj2	
跪	ɡyj3	
𣄲	kʰyj2	
詭	kyj2	
垝	kyj2	
垝	kyj3	
陒	kyj2	
䣀	kyj2	
䣀	ɡyj3	
攱	kyj2	
攱	kyj3	
䤥	kyj2	
觤	kyj2	
恑	kyj2	
蛫	kyj2	
祪	kyj2	
庪	kyj2	
䃽	kyj2	
庋	kyj2	
庋	ki2	
𪀗	kyj2	
𪀗	ˀŋyj2	
姽	kyj2	
姽	ˀŋyj2	
佹	kyj2	
髓	syj2	
嶲	syj2	
靃	syj2	
靃	xwɑk4	
䭉	syj2	
𣿂	syj2	
絫	ˀlyj2	
累	ˀlyj2	
累	lyj3	
樏	ˀlyj2	
䉂	ˀlyj2	
厽	ˀlyj2	
垒	ˀlyj2	
垒	lyj3	
技	ɡi3	
徛	ɡi3	
徛	ki3	
倚	ʔi2	
倚	ʔi3	
輢	ʔi2	
輢	ɡi3	
輢	ʔi3	
剞	ki2	
㞆	ki2	
㞆	kʰi3	
綺	kʰi2	
婍	kʰi2	
螘	ˀŋi2	
蟻	ˀŋi2	
礒	ˀŋi2	
齮	ˀŋi2	
艤	ˀŋi2	
檥	ˀŋi2	
㠖	ˀŋi2	
䰙	ˀŋi2	
蔿	ˀɰyj2	
儰	ˀɰyj2	
蘤	ˀɰyj2	
𤺉	ˀɰyj2	
薳	ˀɰyj2	
寪	ˀɰyj2	
蘂	ˀɻyj2	
蕊	ˀɻyj2	
繠	ˀɻyj2	
此	tsʰɨ2	
跐	tsʰɨ2	
跐	tsɨ2	
跐	tʂɨ2	
佌	tsʰɨ2	
泚	tsʰɨ2	
泚	tsʰi2	
𩢑	tsʰɨ2	
𠈈	tsʰɨ2	
𠈈	sɨ2	
𧺼	tsʰɨ2	
𡘌	tsʰɨ2	
𡘌	xaj3	
豸	dɻi3	
豸	dɻaj3	
陊	dɻi3	
陊	dʌ3	
䊓	dɻi3	
䊓	ʐjɨ3	
踶	dɻi3	
踶	di3	
阤	dɻi3	
阤	ʂjɨ2	
䚦	dɻi3	
廌	dɻi3	
廌	dɻaj3	
徙	sɨ2	
壐	sɨ2	
璽	sɨ2	
𢇌	sɨ2	
肔	ˀji2	
崺	ˀji2	
扡	ˀji2	
孈	ˀji2	
孈	ˀjyj2	
孈	xʲyj3	
孈	ɣwa3	
邐	ˀli2	
峛	ˀli2	
㸚	ˀli2	
㸚	li3	
躧	ʂɨ2	
躧	ʂaj2	
𩎉	ʂɨ2	
灑	ʂɨ2	
灑	ʂa2	
灑	ʂɨ3	
纚	ʂɨ2	
縰	ʂɨ2	
𩌦	ʂɨ2	
𩌦	ʂaj2	
𩌦	ʂɨ3	
屣	ʂɨ2	
屣	ʂɨ3	
𢔌	pʲi2	
俾	pʲi2	
𪐄	pʲi2	
𪐄	baj3	
髀	pʲi2	
髀	bʲi3	
𦸣	pʲi2	
𦸣	bʲi3	
𦸣	pʲi3	
𠬈	pʲi2	
𢳋	pʲi2	
爾	ˀɻjɨ2	
尒	ˀɻjɨ2	
邇	ˀɻjɨ2	
𨒛	ˀɻjɨ2	
渳	ˀmʲi2	
弭	ˀmʲi2	
濔	ˀmʲi2	
羋	ˀmʲi2	
敉	ˀmʲi2	
侎	ˀmʲi2	
葞	ˀmʲi2	
䖹	ˀmʲi2	
𩰞	ˀmʲi2	
𩰞	ˀni2	
㥝	ˀmʲi2	
婢	bʲi3	
侈	tʂʰjɨ2	
𡚼	tʂʰjɨ2	
㢋	tʂʰjɨ2	
㢁	tʂʰjɨ2	
垑	tʂʰjɨ2	
懘	tʂʰjɨ2	
懘	tʂʰi3	
㶴	tʂʰjɨ2	
袳	tʂʰjɨ2	
𧰲	tʂʰjɨ2	
弛	ʂjɨ2	
豕	ʂjɨ2	
紫	tsɨ2	
訿	tsɨ2	
𣸆	tsɨ2	
呰	tsɨ2	
㧗	tsɨ2	
㧗	tʂɨ2	
㧗	tsi2	
捶	tʂyj2	
𦓝	tʂyj2	
𦓝	tʂɥɛn2	
沝	tʂyj2	
揣	tʂʰwɨ2	
揣	twʌ2	
㪜	tʂʰwɨ2	
㪜	tʂʰɥɛn2	
㪜	twʌ2	
𤢍	zyj3	
舓	ʐjɨ3	
𦧇	ʐjɨ3	
舐	ʐjɨ3	
諀	pʲʰi2	
庀	pʲʰi2	
疕	pʲʰi2	
疕	pʲi2	
疕	pʰi2	
䚹	pʲʰi2	
吡	pʲʰi2	
吡	bʲit4	
䓈	ˀjyj2	
䓈	jyjk4	
芛	ˀjyj2	
芛	jyt4	
撱	ˀjyj2	
𤼒	ˀjyj2	
跬	kʲʰyj2	
䞨	kʲʰyj2	
頍	kʲʰyj2	
䠑	kʲʰyj2	
狔	ˀni2	
旎	ˀni2	
硊	ˀŋyj2	
頠	ˀŋyj2	
頠	ˀŋuj2	
㨖	tɻi2	
㨖	tɻi3	
𧛢	tɻi2	
𪖥	xi2	
企	kʲʰi2	
企	kʲʰi3	
菙	ʐyj3	
㥨	ʐyj3	
旨	tʂjɨ2	
指	tʂjɨ2	
恉	tʂjɨ2	
䛗	tʂjɨ2	
厎	tʂjɨ2	
茋	tʂjɨ2	
視	ʐjɨ3	
眎	ʐjɨ3	
美	ˀmi2	
媺	ˀmi2	
𤛎	ˀmi2	
𤛎	ˀmin2	
渼	ˀmi2	
媄	ˀmi2	
鄙	pi2	
娝	pi2	
痞	pi2	
痞	bi3	
痞	fɨw2	
兕	zɨ3	
𧰽	zɨ3	
𠒅	zɨ3	
𠒃	zɨ3	
薙	zɨ3	
薙	dɻi3	
薙	tʰi3	
䒨	zɨ3	
几	ki2	
𪊨	ki2	
麂	ki2	
㞦	ki2	
䢳	ki2	
㞛	ki2	
䂹	ki2	
䂹	ʂiˤk4	
姊	tsɨ2	
秭	tsɨ2	
匕	pʲi2	
妣	pʲi2	
秕	pʲi2	
䃾	pʲi2	
䃾	bʲi3	
䃾	pʲi3	
朼	pʲi2	
軌	kyj2	
簋	kyj2	
晷	kyj2	
厬	kyj2	
𣷾	kyj2	
宄	kyj2	
匭	kyj2	
𠥗	kyj2	
氿	kyj2	
𧗝	kyj2	
洧	ˀɰyj2	
鮪	ˀɰyj2	
痏	ˀɰyj2	
䵋	ˀɰyj2	
䵋	kuj3	
矢	ʂjɨ2	
𠂕	ʂjɨ2	
𦳊	ʂjɨ2	
雉	dɻi3	
滍	dɻi3	
死	sɨ2	
牝	bʲi3	
牝	bʲin3	
履	ˀli2	
水	ʂyj2	
壘	ˀlyj2	
蜼	ˀlyj2	
蜼	jyj3	
蜼	jiw3	
櫐	ˀlyj2	
蘽	ˀlyj2	
𡻭	ˀlyj2	
藟	ˀlyj2	
誄	ˀlyj2	
耒	ˀlyj2	
耒	luj3	
讄	ˀlyj2	
𤢹	ˀlyj2	
揆	ɡʲyj3	
趡	tsʰyj2	
踓	tsʰyj2	
踓	ˀjyj2	
𨿐	tsʰyj2	
癸	kʲyj2	
否	bi3	
否	fu2	
圮	bi3	
𢁦	bi3	
䤏	bi3	
㠑	dzyj3	
㠑	dzuj3	
嚭	pʰi2	
𡺮	pʰi2	
䲊	ˀjyj2	
䲊	dwʌ3	
䲊	tʰwʌ2	
瀢	ˀjyj2	
瀢	duj3	
㰻	ʔi2	
濢	tsyj2	
濢	tsʰyj3	
噿	tsyj2	
臎	tsyj2	
臎	tsʰyj3	
黹	tɻi2	
𢾫	tɻi2	
夂	tɻi2	
𡳭	tɻʰi2	
𡳭	tɻʰi3	
𧿲	tʂɨ2	
䁤	xʲyj2	
䁤	xʲyj3	
跽	ɡi3	
止	tʂjɨ2	
畤	tʂjɨ2	
畤	ʐjɨ3	
畤	dɻi3	
沚	tʂjɨ2	
洔	tʂjɨ2	
洔	dɻi3	
茝	tʂjɨ2	
茝	tʂʰi2	
趾	tʂjɨ2	
址	tʂjɨ2	
阯	tʂjɨ2	
芷	tʂjɨ2	
市	ʐjɨ3	
恃	ʐjɨ3	
𧩼	tɻi2	
𧩼	tɻʰi3	
喜	xi2	
憙	xi2	
憙	xi3	
蟢	xi2	
紀	ki2	
己	ki2	
妀	ki2	
𠮯	ki2	
以	ˀji2	
㠯	ˀji2	
已	ˀji2	
已	ji3	
苡	ˀji2	
苢	ˀji2	
佁	ˀji2	
佁	tɻʰi3	
攺	ˀji2	
攺	zɨ3	
似	zɨ3	
佀	zɨ3	
祀	zɨ3	
𥘰	zɨ3	
禩	zɨ3	
姒	zɨ3	
巳	zɨ3	
耜	zɨ3	
𦓨	zɨ3	
汜	zɨ3	
泤	zɨ3	
鈶	zɨ3	
𪊍	zɨ3	
史	ʂɨ2	
使	ʂɨ2	
使	ʂɨ3	
駛	ʂɨ2	
駛	ʂɨ3	
𩰢	ʂɨ2	
𩰢	ʂɨ3	
耳	ˀɻjɨ2	
洱	ˀɻjɨ2	
洱	ɻjɨ3	
駬	ˀɻjɨ2	
䋙	ˀɻjɨ2	
𪕔	ˀɻjɨ2	
里	ˀli2	
裏	ˀli2	
鯉	ˀli2	
李	ˀli2	
理	ˀli2	
娌	ˀli2	
俚	ˀli2	
𨛋	ˀli2	
枲	sɨ2	
𦱓	sɨ2	
𤟧	sɨ2	
葸	sɨ2	
𠪙	sɨ2	
始	ʂjɨ2	
歭	dɻi3	
跱	dɻi3	
峙	dɻi3	
痔	dɻi3	
偫	dɻi3	
秲	dɻi3	
秲	ʐjɨ3	
庤	dɻi3	
起	kʰi2	
邔	kʰi2	
邔	ɡi3	
杞	kʰi2	
屺	kʰi2	
玘	kʰi2	
芑	kʰi2	
士	ʐɨ3	
仕	ʐɨ3	
柹	ʐɨ3	
𢨪	ʐɨ3	
戺	ʐɨ3	
竢	ʐɨ3	
涘	ʐɨ3	
騃	ʐɨ3	
騃	ˀŋaj2	
𥾩	ʐɨ3	
𥏳	ʐɨ3	
𢓪	ʐɨ3	
子	tsɨ2	
㜽	tsɨ2	
虸	tsɨ2	
耔	tsɨ2	
秄	tsɨ2	
梓	tsɨ2	
杍	tsɨ2	
矣	ˀɰi2	
𦮸	ˀɰi2	
擬	ˀŋi2	
儗	ˀŋi2	
儗	ŋi3	
儗	ŋɑj3	
儗	xɑj3	
薿	ˀŋi2	
薿	ŋik4	
孴	ˀŋi2	
孴	jip4	
譺	ˀŋi2	
譺	ŋi3	
譺	ŋaj3	
𥣖	ˀŋi2	
齒	tʂʰjɨ2	
䊼	tʂʰjɨ2	
恥	tɻʰi2	
祉	tɻʰi2	
㓼	tʂʰɨt4	
欼	tʂʰwaj3	
㱀	tʂʰwaj3	
滓	tʂɨ2	
笫	tʂɨ2	
胏	tʂɨ2	
䔂	tʂɨ2	
𠂔	tʂɨ2	
醷	ʔi2	
醷	ʔik4	
伱	ˀni2	
聻	ˀni2	
尾	ˀʋʲi2	
斖	ˀʋʲi2	
浘	ˀʋʲi2	
娓	ˀʋʲi2	
娓	mi3	
䞔	ˀʋʲi2	
䅏	ˀʋʲi2	
䬿	ˀʋʲi2	
扆	ʔi2	
偯	ʔi2	
㕈	ʔi2	
㕈	ʔɑj2	
㕈	ʔuj3	
僾	ʔi2	
僾	ʔɑj3	
靉	ʔi2	
靉	ʔɑj3	
豈	kʰi2	
䔇	kʰi2	
䔇	ɣuj3	
穖	ki2	
斐	fʲi2	
朏	fʲi2	
朏	pʰuj2	
悱	fʲi2	
𩦎	fʲi2	
奜	fʲi2	
匪	fʲi2	
篚	fʲi2	
棐	fʲi2	
榧	fʲi2	
䕁	fʲi2	
蜚	fʲi2	
蜚	vʲi3	
韙	ˀɰyj2	
煒	ˀɰyj2	
暐	ˀɰyj2	
偉	ˀɰyj2	
瑋	ˀɰyj2	
葦	ˀɰyj2	
椲	ˀɰyj2	
韡	ˀɰyj2	
𩘚	ˀɰyj2	
愇	ˀɰyj2	
𢯷	ˀɰyj2	
鬼	kyj2	
𤈦	xyj2	
𩄁	xyj2	
虫	xyj2	
卉	xyj2	
卉	xyj3	
顗	ˀŋi2	
霼	xi2	
霼	xi3	
唏	xi2	
唏	xi3	
磈	ʔyj2	
磈	kʰuj2	
膹	vʲi3	
膹	vun3	
䆏	vʲi3	
陫	vʲi3	
䒈	vʲi3	
語	ˀŋjɯ2	
語	ŋjɯ3	
篽	ˀŋjɯ2	
籞	ˀŋjɯ2	
圉	ˀŋjɯ2	
敔	ˀŋjɯ2	
圄	ˀŋjɯ2	
䥏	ˀŋjɯ2	
禦	ˀŋjɯ2	
蘌	ˀŋjɯ2	
呂	ˀljɯ2	
膂	ˀljɯ2	
旅	ˀljɯ2	
𥰠	ˀljɯ2	
祣	ˀljɯ2	
穭	ˀljɯ2	
梠	ˀljɯ2	
儢	ˀljɯ2	
侶	ˀljɯ2	
㭚	ˀljɯ2	
郘	ˀljɯ2	
絽	ˀljɯ2	
𢈚	ˀljɯ2	
佇	dɻjɯ3	
竚	dɻjɯ3	
芧	dɻjɯ3	
苧	dɻjɯ3	
紵	dɻjɯ3	
杼	dɻjɯ3	
杼	ʐjɯ3	
羜	dɻjɯ3	
眝	dɻjɯ3	
与	ˀjɯ2	
𢌱	ˀjɯ2	
䰞	tʂjɯ2	
煑	tʂjɯ2	
陼	tʂjɯ2	
渚	tʂjɯ2	
汝	ˀɻjɯ2	
肗	ˀɻjɯ2	
𪏮	ˀɻjɯ2	
暑	ʂjɯ2	
鼠	ʂjɯ2	
黍	ʂjɯ2	
𧑓	ʂjɯ2	
癙	ʂjɯ2	
杵	tʂʰjɯ2	
處	tʂʰjɯ2	
處	tʂʰjɯ3	
貯	tɻjɯ2	
𡪄	tɻjɯ2	
𢁼	tɻjɯ2	
褚	tɻjɯ2	
褚	tɻʰjɯ2	
𤲑	tɻjɯ2	
䍆	tɻjɯ2	
詝	tɻjɯ2	
䘢	tɻjɯ2	
醑	sjɯ2	
糈	sjɯ2	
糈	ʂɯ2	
𥚩	sjɯ2	
楮	tɻʰjɯ2	
楮	tu2	
柠	tɻʰjɯ2	
女	ˀnjɯ2	
女	njɯ3	
籹	ˀnjɯ2	
許	xjɯ2	
鄦	xjɯ2	
巨	ɡjɯ3	
拒	ɡjɯ3	
秬	ɡjɯ3	
距	ɡjɯ3	
𧣒	ɡjɯ3	
炬	ɡjɯ3	
粔	ɡjɯ3	
𧇽	ɡjɯ3	
虡	ɡjɯ3	
鉅	ɡjɯ3	
苣	ɡjɯ3	
駏	ɡjɯ3	
𦊐	ɡjɯ3	
詎	ɡjɯ3	
歫	ɡjɯ3	
䶙	ɡjɯ3	
所	ʂɯ2	
𠩄	ʂɯ2	
齭	ʂɯ2	
齭	tʂʰɯ2	
盨	ʂɯ2	
䝪	ʂɯ2	
楚	tʂʰɯ2	
楚	tʂʰɯ3	
礎	tʂʰɯ2	
齼	tʂʰɯ2	
𪓐	tʂʰɯ2	
䙘	tʂʰɯ2	
䙘	tsiwk4	
憷	tʂʰɯ2	
濋	tʂʰɯ2	
阻	tʂɯ2	
阻	tʂɯ3	
俎	tʂɯ2	
齟	dʐɯ3	
咀	dzjɯ3	
咀	tsjɯ2	
跙	dzjɯ3	
𧽟	dzjɯ3	
𢮁	ʔjɯ2	
𢮁	ʔjɯ3	
𩩘	ʔjɯ2	
舉	kjɯ2	
莒	kjɯ2	
櫸	kjɯ2	
筥	kjɯ2	
𧺹	kjɯ2	
弆	kjɯ2	
弆	kʰjɯ2	
柜	kjɯ2	
䢹	kjɯ2	
𠢈	kjɯ2	
敘	zjɯ3	
緒	zjɯ3	
序	zjɯ3	
漵	zjɯ3	
抒	zjɯ3	
抒	ʐjɯ3	
嶼	zjɯ3	
鱮	zjɯ3	
𨣦	zjɯ3	
𥎗	zjɯ3	
𡱣	zjɯ3	
𡱣	jɯ3	
去	kʰjɯ2	
去	kʰjɯ3	
麮	kʰjɯ2	
麮	kʰjɯ3	
𧉧	kʰjɯ2	
野	ʐjɯ3	
野	ˀja2	
墅	ʐjɯ3	
䃊	tsjɯ2	
䃊	tsik4	
俁	ˀŋɥu2	
噳	ˀŋɥu2	
羽	ˀɰɥu2	
羽	ɰɥu3	
禹	ˀɰɥu2	
雨	ˀɰɥu2	
雨	ɰɥu3	
宇	ˀɰɥu2	
㝢	ˀɰɥu2	
瑀	ˀɰɥu2	
祤	ˀɰɥu2	
祤	xɥu2	
栩	ˀɰɥu2	
栩	xɥu2	
鄅	ˀɰɥu2	
楀	ˀɰɥu2	
楀	kɥu2	
萭	ˀɰɥu2	
萭	kɥu2	
䣁	ˀɰɥu2	
聥	ˀɰɥu2	
聥	kɥu2	
䨞	ˀɰɥu2	
聚	dzɥu3	
甫	fu2	
脯	fu2	
斧	fu2	
頫	fu2	
頫	tʰjɛw3	
俯	fu2	
府	fu2	
腑	fu2	
黼	fu2	
莆	fu2	
𧉊	fu2	
俌	fu2	
㕮	fu2	
㕮	vu3	
父	fu2	
父	vu3	
𥒰	fu2	
蚥	fu2	
蚥	vu3	
武	ˀʋu2	
舞	ˀʋu2	
儛	ˀʋu2	
嫵	ˀʋu2	
侮	ˀʋu2	
㒇	ˀʋu2	
珷	ˀʋu2	
碔	ˀʋu2	
廡	ˀʋu2	
𢋑	ˀʋu2	
甒	ˀʋu2	
潕	ˀʋu2	
鵡	ˀʋu2	
䳇	ˀʋu2	
䳇	ˀmɨw2	
娬	ˀʋu2	
敄	ˀʋu2	
敄	ʋu3	
䒉	ˀʋu2	
𣞤	ˀʋu2	
輔	vu3	
䩉	vu3	
𩒺	vu3	
腐	vu3	
𩾿	vu3	
滏	vu3	
䭸	vu3	
㾈	vu3	
鬴	vu3	
釜	vu3	
䪔	vu3	
撫	fu2	
𢻬	fu2	
弣	fu2	
𠛺	fu2	
拊	fu2	
殕	fu2	
殕	fɨw2	
殕	ʔɨjk4	
䋨	fu2	
剖	fu2	
剖	pʰɨw2	
䌗	fu2	
𦵿	fu2	
柱	dɻɥu3	
柱	tɻɥu2	
跓	dɻɥu3	
嵀	dɻɥu3	
詡	xɥu2	
冔	xɥu2	
珝	xɥu2	
喣	xɥu2	
煦	xɥu2	
煦	xɥu3	
豎	ʐɥu3	
竪	ʐɥu3	
樹	ʐɥu3	
裋	ʐɥu3	
庾	ˀjɥu2	
窳	ˀjɥu2	
𥦠	ˀjɥu2	
愈	ˀjɥu2	
㼌	ˀjɥu2	
貐	ˀjɥu2	
斞	ˀjɥu2	
主	tʂɥu2	
麈	tʂɥu2	
枓	tʂɥu2	
枓	tɨw2	
宔	tʂɥu2	
炷	tʂɥu2	
炷	tʂɥu3	
傴	ʔɥu2	
噢	ʔɥu2	
噢	ʔiwk4	
齲	kʰɥu2	
踽	kʰɥu2	
踽	kɥu2	
竘	kʰɥu2	
竘	kʰɨw2	
拄	tɻɥu2	
丶	tɻɥu2	
𪐴	tɻɥu2	
乳	ˀɻɥu2	
窶	ɡɥu3	
貗	ɡɥu3	
數	ʂu2	
數	ʂu3	
數	ʂwak4	
籔	ʂu2	
籔	sɨw2	
矩	kɥu2	
榘	kɥu2	
䅓	kɥu2	
蒟	kɥu2	
蒟	kɥu3	
椇	kɥu2	
取	tsʰɥu2	
取	tsʰɨw2	
縷	ˀlɥu2	
漊	ˀlɥu2	
漊	ˀlɨw2	
𪈜	ˀlɥu2	
㜢	ˀlɥu2	
𦭯	ˀlɥu2	
䅡	sɥu2	
䝒	dʐu3	
𧱛	dʐu3	
姥	ˀmu2	
莽	ˀmu2	
莽	ˀmɑŋ2	
莽	ˀmɨw2	
䥈	ˀmu2	
䥈	ˀmɑŋ2	
媽	ˀmu2	
峔	ˀmu2	
土	tʰu2	
土	du3	
吐	tʰu2	
吐	tʰu3	
芏	tʰu2	
杜	du3	
靯	du3	
𡍨	du3	
𢾅	du3	
肚	du3	
肚	tu2	
𥀁	du3	
𥀁	tu2	
荰	du3	
魯	ˀlu2	
櫓	ˀlu2	
滷	ˀlu2	
滷	tʂʰik4	
滷	dik4	
虜	ˀlu2	
擄	ˀlu2	
𢲸	ˀlu2	
樐	ˀlu2	
艣	ˀlu2	
鐪	ˀlu2	
蓾	ˀlu2	
𧀦	ˀlu2	
鹵	ˀlu2	
㔪	ˀlu2	
鏀	ˀlu2	
䲐	ˀlu2	
覩	tu2	
睹	tu2	
暏	tu2	
賭	tu2	
堵	tu2	
堵	tʂja2	
帾	tu2	
㕆	tu2	
㕆	ɣu3	
䁈	tu2	
䁈	kʲʰi3	
古	ku2	
鼓	ku2	
鼔	ku2	
瞽	ku2	
股	ku2	
𦙶	ku2	
罟	ku2	
蠱	ku2	
估	ku2	
鈷	ku2	
羖	ku2	
𦍩	ku2	
詁	ku2	
牯	ku2	
賈	ku2	
賈	ka2	
賈	ka3	
夃	ku2	
焸	ku2	
𠑹	ku2	
𥂩	ku2	
五	ˀŋu2	
午	ˀŋu2	
旿	ˀŋu2	
伍	ˀŋu2	
仵	ˀŋu2	
簿	bu3	
簿	bɑk4	
部	bu3	
粗	dzu3	
麆	dzu3	
麆	dʐɯ3	
駔	dzu3	
駔	tsɑŋ2	
祖	tsu2	
珇	tsu2	
組	tsu2	
䔃	tsu2	
靻	tsu2	
虎	xu2	
琥	xu2	
戽	xu2	
戽	ɣu3	
戽	xu3	
滸	xu2	
𨛵	xu2	
萀	xu2	
䗂	xu2	
隖	ʔu2	
塢	ʔu2	
䃖	ʔu2	
𢄓	ʔu2	
溩	ʔu2	
䛩	ʔu2	
𧽋	ʔu2	
䡧	ʔu2	
苦	kʰu2	
苦	kʰu3	
𥯶	kʰu2	
怒	ˀnu2	
怒	nu3	
弩	ˀnu2	
努	ˀnu2	
𧉭	ˀnu2	
戶	ɣu3	
楛	ɣu3	
扈	ɣu3	
怙	ɣu3	
鄠	ɣu3	
帍	ɣu3	
祜	ɣu3	
昈	ɣu3	
𡻮	ɣu3	
岵	ɣu3	
芐	ɣu3	
芐	ɣa3	
雇	ɣu3	
雇	ku3	
𩿇	ɣu3	
𪄮	ɣu3	
𨛸	ɣu3	
婟	ɣu3	
𡜂	ɣu3	
滬	ɣu3	
簄	ɣu3	
普	pʰu2	
溥	pʰu2	
溥	pɑk4	
浦	pʰu2	
烳	pʰu2	
補	pu2	
譜	pu2	
圃	pu2	
圃	pu3	
鱭	dzi3	
禮	ˀli2	
礼	ˀli2	
𥴡	ˀli2	
𦫈	ˀli2	
澧	ˀli2	
醴	ˀli2	
鱧	ˀli2	
鱺	ˀli2	
𩽵	ˀli2	
欚	ˀli2	
豊	ˀli2	
體	tʰi2	
軆	tʰi2	
涕	tʰi2	
涕	tʰi3	
䪆	tʰi2	
挮	tʰi2	
𣈡	tʰi2	
䫌	pʲʰi2	
濟	tsi2	
濟	tsi3	
䍤	tsi2	
𠨍	tsi2	
邸	ti2	
底	ti2	
䏄	ti2	
抵	ti2	
牴	ti2	
觝	ti2	
㪆	ti2	
軧	ti2	
弟	di3	
娣	di3	
悌	di3	
䑯	di3	
遞	di3	
㼵	di3	
禰	ˀni2	
嬭	ˀni2	
嬭	ˀnaj2	
苨	ˀni2	
𩋪	ˀni2	
𦰫	ˀni2	
坭	ˀni2	
𩯨	ˀni2	
薾	ˀni2	
鑈	ˀni2	
鑈	njɛp4	
𩍦	ˀni2	
洗	si2	
洗	sjɛn2	
洒	si2	
洒	ʂaj3	
皉	tsʰi2	
啓	kʲʰi2	
棨	kʲʰi2	
綮	kʲʰi2	
䭬	kʲʰi2	
晵	kʲʰi2	
晵	kʲʰjɛn3	
闙	kʲʰi2	
启	kʲʰi2	
䏿	kʲʰi2	
䏿	kʲʰi3	
㒅	kʲʰi2	
䡔	kʲʰi2	
謑	ɣʲi3	
謑	xaj3	
謑	xa3	
𥰥	ɣʲi3	
𦩶	ɣʲi3	
涀	ɣʲi3	
涀	kʲʰjɛn3	
涀	ɣʲjɛn3	
𧧹	ɣʲi3	
匸	ɣʲi3	
𥉐	ɣʲi3	
米	ˀmʲi2	
眯	ˀmʲi2	
䋛	ˀmʲi2	
洣	ˀmʲi2	
蔝	ˀmʲi2	
䱊	ˀmʲi2	
陛	bʲi3	
䯗	bʲi3	
㙄	bʲi3	
𤙞	bʲi3	
𠈺	bʲi3	
𠯋	ʔʲi2	
堄	ˀŋʲi2	
堄	ŋʲi3	
晲	ˀŋʲi2	
㪏	pʲi2	
㪏	pʲi3	
𤽊	pʲi2	
蟹	ɣaj3	
䲒	ɣaj3	
解	ɣa3	
解	ka2	
解	ka3	
獬	ɣaj3	
澥	ɣaj3	
嶰	ɣaj3	
𨼬	ɣaj3	
買	ˀmaj2	
嘪	ˀmaj2	
蕒	ˀmaj2	
㵋	ˀmaj2	
㵋	mʲik4	
鷶	ˀmaj2	
䒓	kʰaj2	
𡢖	kʰaj2	
𡢖	kʲʰi3	
𡢖	kʰaj3	
𧳋	dɻaj3	
㚷	ˀnaj2	
矲	baj3	
䥯	baj3	
𢞎	baj3	
㔥	baj3	
矮	ʔaj2	
㢊	ʔaj2	
躷	ʔaj2	
擺	paj2	
捭	paj2	
檞	kaj2	
𠁥	kwaj2	
𠁥	kwa2	
枴	kwaj2	
㧳	kat4	
夥	ɣwaj3	
夥	ɣwʌ3	
箉	daj3	
拐	kwaj2	
駭	ɣaj3	
駴	ɣaj3	
𠢲	kʰaj2	
𥏪	kʰaj2	
𤶗	ˀŋaj2	
𧡋	ˀŋaj2	
挨	ʔaj2	
挨	ʔɑj2	
賄	xuj2	
𧶅	xuj2	
䏨	xuj2	
燘	xuj2	
燘	ˀmuj2	
悔	xuj2	
悔	xuj3	
㷄	xuj2	
㷄	kwɑn3	
猥	ʔuj2	
腲	ʔuj2	
鍡	ʔuj2	
㛱	ʔuj2	
𥓔	ʔuj2	
㱬	ʔuj2	
㞇	ʔuj2	
𨝀	ʔuj2	
𨝀	ɣuj3	
磥	ˀluj2	
磊	ˀluj2	
癗	ˀluj2	
𡾋	ˀluj2	
礧	ˀluj2	
礧	luj3	
䣂	ˀluj2	
䣂	luj3	
㵽	ˀluj2	
𡼊	ˀluj2	
蕾	ˀluj2	
𨻾	ˀluj2	
𦢏	ˀluj2	
頛	ˀluj2	
陮	duj3	
𨯝	duj3	
𦶏	duj3	
辠	dzuj3	
罪	dzuj3	
浼	ˀmuj2	
潣	ˀmuj2	
潣	ˀmin2	
每	ˀmuj2	
每	muj3	
挴	ˀmuj2	
䜸	ˀmuj2	
骽	tʰuj2	
腿	tʰuj2	
聉	tʰuj2	
聉	ŋit4	
聉	tɻwat4	
聉	ŋwat4	
僓	tʰuj2	
僓	ɣuj3	
脮	tʰuj2	
脮	ˀnuj2	
㟎	tʰuj2	
㟎	tʰwʌ2	
㱣	tʰuj2	
㞂	tʰuj2	
瘣	ɣuj3	
㱱	ɣuj3	
䜋	ɣuj3	
廆	ɣuj3	
輠	ɣuj3	
輠	kwʌ2	
輠	ɣwʌ3	
輠	ɣwa3	
㚍	kʰuj2	
𦞙	tuj2	
䇏	tuj2	
𡑈	tuj2	
謉	tuj2	
謉	kyj3	
餧	ˀnuj2	
餧	ʔyj3	
餒	ˀnuj2	
娞	ˀnuj2	
𩗔	ˀnuj2	
鮾	ˀnuj2	
㼏	ˀnuj2	
𩬳	tuj2	
顡	ˀŋuj2	
顡	ŋi3	
顡	tɻwaj3	
隗	ˀŋuj2	
䃬	ˀŋuj2	
皠	tsʰuj2	
𣿒	tsʰuj2	
𣿓	tsʰuj2	
漼	tsʰuj2	
璀	tsʰuj2	
𥼺	tsʰuj2	
䊫	tsʰuj2	
鏙	tsʰuj2	
琲	buj3	
𢳁	buj3	
嶊	tsuj2	
洅	tsuj2	
海	xɑj2	
醢	xɑj2	
愷	kʰɑj2	
凱	kʰɑj2	
颽	kʰɑj2	
塏	kʰɑj2	
暟	kʰɑj2	
鎧	kʰɑj2	
鎧	kʰɑj3	
闓	kʰɑj2	
闓	kʰɑj3	
輆	kʰɑj2	
宰	tsaj2	
縡	tsaj2	
縡	tsaj3	
䏁	tsaj2	
載	tsaj2	
載	tsaj3	
載	dzaj3	
殆	daj3	
待	daj3	
怠	daj3	
迨	daj3	
𨽿	daj3	
紿	daj3	
軩	daj3	
𠷂	daj3	
乃	ˀnɑj2	
迺	ˀnɑj2	
鼐	ˀnɑj2	
鼐	nɑj3	
改	kɑj2	
絠	kɑj2	
亥	ɣɑj3	
㧡	ɣɑj3	
𥩲	ɣɑj3	
啡	pʰuj2	
采	tsʰaj2	
採	tsʰaj2	
綵	tsʰaj2	
寀	tsʰaj2	
彩	tsʰaj2	
䰂	tsʰaj2	
䰂	tsʰaj3	
㥒	tsʰaj2	
等	taj2	
等	tɨjŋ2	
䆀	ˀmuj2	
䆀	muj3	
在	dzaj3	
俖	pʰuj2	
㘆	tʰaj2	
疓	ˀnɑj2	
𨦂	ˀlaj2	
䑂	ˀji2	
𦚪	ˀji2	
倍	buj3	
蓓	buj3	
軫	tʂin2	
胗	tʂin2	
胗	kʲin2	
疹	tʂin2	
賑	tʂin2	
賑	tʂin3	
㐱	tʂin2	
鬒	tʂin2	
紾	tʂin2	
紾	tɻjɛn2	
𦕑	tʂin2	
診	tʂin2	
診	dɻin3	
袗	tʂin2	
袗	tʂin3	
裖	tʂin2	
眕	tʂin2	
䪾	tʂin2	
䪾	tʂin3	
𠘱	tʂin2	
腎	ʐin3	
蜃	ʐin3	
祳	ʐin3	
脤	ʐin3	
㰮	ʐin3	
鋠	ʐin3	
忍	ˀɻin2	
荵	ˀɻin2	
涊	ˀɻin2	
涊	ˀnjɛn2	
矤	ʂin2	
矧	ʂin2	
訠	ʂin2	
哂	ʂin2	
弞	ʂin2	
弞	ˀjin2	
頣	ʂin2	
僯	ˀlin2	
𩕔	ˀlin2	
𩕔	lin3	
橉	ˀlin2	
橉	lin3	
撛	ˀlin2	
撛	lin3	
紖	dɻin3	
䏖	dɻin3	
䏖	ˀjin2	
䏖	jin3	
䀕	dɻin3	
眹	dɻin3	
緊	kʲin2	
𦜌	kʲin2	
𤷌	kʲin2	
盡	dzin3	
盡	tsin2	
㯸	tsin2	
髕	bʲin3	
臏	bʲin3	
磭	ˀŋin2	
磭	tʂʰjɑk4	
磭	ŋjɑk4	
𪙤	ˀŋin2	
听	ˀŋin2	
笉	ˀɰyn2	
窘	ɡyn3	
僒	ɡyn3	
㖥	ɡyn3	
㻒	ɡyn3	
菌	ɡyn3	
菌	ɡɥɛn3	
䐃	ɡyn3	
蔨	ɡyn3	
蔨	ɡɥɛn3	
引	ˀjin2	
引	jin3	
𢎢	ˀjin2	
蚓	ˀjin2	
𠻤	ˀjin2	
𠻤	ˀjɛn2	
𠻤	jɛn3	
𢯼	ˀjin2	
𢯼	jin3	
濥	ˀjin2	
濥	jin3	
廴	ˀjin2	
戭	ˀjin2	
戭	ˀjɛn2	
縯	ˀjin2	
縯	ˀjɛn2	
鈏	ˀjin2	
鈏	jin3	
靷	ˀjin2	
靷	jin3	
愍	ˀmin2	
慜	ˀmin2	
憫	ˀmin2	
閔	ˀmin2	
敏	ˀmin2	
敃	ˀmin2	
𢽹	ˀmin2	
簢	ˀmin2	
𥴲	ˀmin2	
𦌡	ˀmin2	
𨏵	ˀmin2	
鰵	ˀmin2	
𤿕	ˀmʲin2	
僶	ˀmʲin2	
黽	ˀmʲin2	
黽	ˀmʲjɛn2	
黽	ˀmiˤŋ2	
䟨	ˀmʲin2	
刡	ˀmʲin2	
𨌲	ˀmʲin2	
脗	ˀmʲin2	
殞	ˀɰyn2	
磒	ˀɰyn2	
隕	ˀɰyn2	
霣	ˀɰyn2	
準	tʂyn2	
準	tʂɥɛt4	
准	tʂyn2	
埻	tʂyn2	
埻	kwɑk4	
埻	kwiˤk4	
尹	ˀjyn2	
䪳	ˀjyn2	
允	ˀjyn2	
狁	ˀjyn2	
馻	ˀjyn2	
馻	ˀjɥɛn2	
玧	ˀjyn2	
𡴞	ˀjyn2	
𧉃	ˀjyn2	
筍	syn2	
笋	syn2	
𠣬	syn2	
隼	syn2	
箰	syn2	
簨	syn2	
𥯗	syn2	
𣕍	syn2	
蝡	ˀɻɥɛn2	
蠢	tʂʰyn2	
𢧨	tʂʰyn2	
䐏	tʂʰyn2	
踳	tʂʰyn2	
惷	tʂʰyn2	
𦚧	tʂʰyn2	
偆	tʂʰyn2	
偆	tɻʰyn2	
僢	tʂʰyn2	
𢾎	tʂʰyn2	
盾	ʐyn3	
盾	dun3	
吮	ʐyn3	
吮	dzɥɛn3	
耣	ˀlyn2	
𦓾	ˀlyn2	
𣯍	ˀɻyn2	
𦃢	kʰyn2	
螼	kʲʰin2	
螼	kʲʰin3	
𤿳	kʲʰin2	
賰	ʂyn2	
㾙	xin2	
㾙	xin3	
吻	ˀʋun2	
𦝮	ˀʋun2	
刎	ˀʋun2	
抆	ˀʋun2	
抆	ʋun3	
伆	ˀʋun2	
伆	ʋut4	
勽	ˀʋun2	
勽	bɑw3	
𦮶	ˀʋun2	
粉	fun2	
黺	fun2	
憤	vun3	
𢤬	vun3	
㿎	vun3	
鱝	vun3	
弅	vun3	
𢅯	vun3	
坌	vun3	
坌	bun3	
忿	fun2	
忿	fun3	
惲	ʔyn2	
褞	ʔyn2	
賱	ʔyn2	
醞	ʔyn2	
醞	ʔyn3	
搵	ʔyn2	
搵	ʔun3	
搵	ʔut4	
齳	ˀŋyn2	
𪘩	ˀŋyn2	
夽	ˀŋyn2	
喗	ˀŋyn2	
𧼐	ˀŋyn2	
𧼐	kʰyn2	
抎	ˀɰyn2	
䫟	ˀɰyn2	
䫟	ɣun3	
𪏚	ˀɰyn2	
𤸫	ˀɰyn2	
𤸫	ɰyn3	
𦄐	kʰyn2	
隱	ʔin2	
隱	ʔin3	
磤	ʔin2	
𤻘	ʔin2	
䌥	ʔin2	
㥯	ʔin2	
㥯	ʔin3	
櫽	ʔin2	
嶾	ʔin2	
𠃊	ʔin2	
𨏈	ʔin2	
謹	kin2	
𪏴	kin2	
㹏	kin2	
槿	kin2	
𡏳	kin2	
漌	kin2	
巹	kin2	
𧯷	kin2	
菦	kin2	
𧤛	tʂɨn2	
赾	kʰin2	
近	ɡin3	
齔	tʂʰɨn2	
齔	tʂʰɨn3	
䘆	xin2	
䘆	xjɛn2	
𡯱	ˀŋɥɛn2	
遠	ˀɰɥɛn2	
遠	ɰɥɛn3	
𩔃	ˀɰɥɛn2	
偃	ʔjɛn2	
㫃	ʔjɛn2	
䞁	ʔjɛn2	
䞁	ʔjɛn3	
鶠	ʔjɛn2	
郾	ʔjɛn2	
郾	ʔjɛn3	
褗	ʔjɛn2	
褗	ʔjɛn3	
堰	ʔjɛn2	
堰	ʔjɛn3	
匽	ʔjɛn2	
鼴	ʔjɛn2	
蝘	ʔjɛn2	
蝘	ʔʲjɛn2	
鰋	ʔjɛn2	
湕	kjɛn2	
𥍹	kjɛn2	
㔓	kjɛn2	
蹇	kjɛn2	
寋	ɡjɛn3	
楗	ɡjɛn3	
𠐻	ɡjɛn3	
𠐻	kjɛn2	
𧥛	kʰjɛn2	
𧥜	ˀŋjɛn2	
巘	ˀŋjɛn2	
𪗛	ˀŋjɛn2	
屵	ˀŋjɛn2	
屵	ŋɑt4	
幰	xjɛn2	
攇	xjɛn2	
䜢	xjɛn2	
晚	ˀʋan2	
娩	ˀʋan2	
娩	ˀmjɛn2	
娩	ʋun3	
娩	ʋan3	
挽	ˀʋan2	
輓	ˀʋan2	
輓	ʋan3	
㿸	ˀʋan2	
㿸	ʋan3	
㝃	ˀʋan2	
㝃	ˀmjɛn2	
脕	ˀʋan2	
脕	ʋun3	
脕	ʋan3	
䡊	fan2	
阪	fan2	
阪	ban3	
坂	fan2	
返	fan2	
橎	fan2	
𧯦	ɡɥɛn3	
𧯦	kɥɛn3	
圈	ɡɥɛn3	
婉	ʔɥɛn2	
菀	ʔɥɛn2	
菀	ʔyt4	
苑	ʔɥɛn2	
踠	ʔɥɛn2	
䖤	ʔɥɛn2	
畹	ʔɥɛn2	
琬	ʔɥɛn2	
琬	ʔwɑn3	
倇	ʔɥɛn2	
𩌑	ʔɥɛn2	
䘼	ʔɥɛn2	
夗	ʔɥɛn2	
𩎺	ʔɥɛn2	
晼	ʔɥɛn2	
睕	ʔɥɛn2	
睕	ʔwɑn3	
睕	ʔwɑt4	
𤗍	ʔɥɛn2	
䛄	ʔɥɛn2	
䛄	ʔɥɛn3	
䅚	kʰɥɛn2	
綣	kʰɥɛn2	
綣	kʰɥɛn3	
虇	kʰɥɛn2	
虇	kʰɥɛn3	
䊎	kʰɥɛn2	
𪐂	kʰɥɛn2	
暅	xɥɛn2	
咺	xɥɛn2	
𧡩	xɥɛn2	
𧡩	ɣwɑn3	
飯	van3	
軬	van3	
䪻	van3	
䪻	bjɛn3	
混	ɣun3	
鯶	ɣun3	
緷	ɣun3	
緷	kun2	
緷	ɰyn3	
焜	ɣun3	
倱	ɣun3	
棍	ɣun3	
睔	ɣun3	
睔	ˀlun2	
睔	kun3	
䚠	ɣun3	
𨡫	ɣun3	
䧰	ɣun3	
掍	ɣun3	
睴	ɣun3	
睴	kun3	
翉	pʰun2	
忖	tsʰun2	
𢩭	tsʰun2	
刌	tsʰun2	
本	pun2	
畚	pun2	
𤲙	pun2	
笨	pun2	
笨	bun3	
㡷	pun2	
苯	pun2	
損	sun2	
䐣	sun2	
𦠆	sun2	
𦠆	dʐwan3	
𠟃	tsun2	
撙	tsun2	
噂	tsun2	
譐	tsun2	
䔿	tsun2	
僔	tsun2	
穩	ʔun2	
𡁋	ʔun2	
㒚	ʔun2	
㒚	ʔin3	
囤	dun3	
𥫱	dun3	
遁	dun3	
遯	dun3	
鱒	dzun3	
𩩌	kun2	
㯻	kun2	
袞	kun2	
緄	kun2	
鯀	kun2	
輥	kun2	
蔉	kun2	
丨	kun2	
䃂	kun2	
畽	tʰun2	
𤊯	tʰun2	
吨	tʰun2	
閫	kʰun2	
壼	kʰun2	
稇	kʰun2	
裍	kʰun2	
悃	kʰun2	
𩑔	kʰun2	
𩑔	kʰut4	
齫	kʰun2	
㤻	ˀlun2	
碖	ˀlun2	
碖	lun3	
獖	bun3	
㮥	bun3	
体	bun3	
懣	ˀmun2	
懣	ˀmwɑn2	
懣	mun3	
㶧	ˀnun2	
𦃕	xun2	
很	ɣɨn3	
墾	kʰɨn2	
懇	kʰɨn2	
䫀	kɨn2	
䫀	tjɛn2	
詪	kɨn2	
詪	ɣʲjɛn3	
詪	kɨn3	
旱	ɣɑn3	
𡷛	ɣɑn3	
皔	ɣɑn3	
䓍	ɣɑn3	
䛞	ɣɑn3	
亶	tan2	
𤺺	tan2	
笪	tan2	
笪	tan3	
笪	tat4	
疸	tan2	
疸	tan3	
觛	tan2	
觛	dan3	
觛	tan3	
狚	tan2	
狚	tan3	
狚	tat4	
担	tan2	
坦	tʰan2	
䦔	tʰan2	
散	san2	
散	san3	
𢽳	san2	
𢿱	san2	
𢿱	san3	
饊	san2	
糤	san2	
鏾	san2	
繖	san2	
繖	san3	
䉈	san2	
䉈	sat4	
傘	san2	
𩀼	san2	
𩀼	san3	
𢄻	san2	
蜑	dan3	
袒	dan3	
袒	dɻan3	
襢	dan3	
襢	tɻjɛn2	
襢	tɻjɛn3	
誕	dan3	
潬	dan3	
䩥	dan3	
繵	dan3	
膻	dan3	
瓚	dzan3	
趲	dzan3	
趲	tsan3	
禶	dzan3	
笴	kɑn2	
笴	kʌ2	
簳	kɑn2	
皯	kɑn2	
䵟	kɑn2	
𤿊	kɑn2	
稈	kɑn2	
秆	kɑn2	
仠	kɑn2	
𦼮	kɑn2	
矸	kɑn2	
矸	ɣɑn3	
矸	kɑn3	
衦	kɑn2	
𥾍	kɑn2	
嬾	ˀlan2	
懶	ˀlan2	
𥽭	ˀlan2	
𥻂	ˀlan2	
侃	kʰɑn2	
侃	kʰɑn3	
衎	kʰɑn2	
衎	kʰɑn3	
䍐	xɑn2	
䍐	xɑn3	
蔊	xɑn2	
厂	xɑn2	
厂	xɑn3	
暵	xɑn2	
暵	xɑn3	
焊	xɑn2	
熯	xɑn2	
熯	ˀɻjɛn2	
熯	xɑn3	
䰖	tsan2	
䰖	tsan3	
䰖	tsat4	
緩	ɣwɑn3	
澣	ɣwɑn3	
浣	ɣwɑn3	
㬊	ɣwɑn3	
棵	ɣwɑn3	
棵	kʰwɑn2	
𧶲	ɣwɑn3	
鰀	ɣwɑn3	
嵈	ɣwɑn3	
晥	ɣwɑn3	
䈠	ɣwɑn3	
短	twɑn2	
𢭃	twɑn2	
斷	twɑn2	
斷	dwɑn3	
斷	twɑn3	
𢷖	twɑn2	
椀	ʔwɑn2	
盌	ʔwɑn2	
䝹	ʔwɑn2	
疃	tʰwɑn2	
𤲫	tʰwɑn2	
瘓	tʰwɑn2	
䠪	tʰwɑn2	
算	swɑn2	
匴	swɑn2	
篹	swɑn2	
管	kwɑn2	
筦	kwɑn2	
脘	kwɑn2	
輨	kwɑn2	
盥	kwɑn2	
盥	kwɑn3	
琯	kwɑn2	
琯	kun3	
痯	kwɑn2	
痯	kwɑn3	
䩪	kwɑn2	
錧	kwɑn2	
錧	kwɑn3	
䗆	kwɑn2	
䘾	kwɑn2	
䘾	kwɑn3	
卵	ˀlwɑn2	
卵	ˀlwʌ2	
款	kʰwɑn2	
歀	kʰwɑn2	
欵	kʰwɑn2	
窾	kʰwɑn2	
䥗	kʰwɑn2	
䥗	kʰwɑn3	
䲌	kʰwɑn2	
䲌	kʰwɑn3	
煗	ˀnwɑn2	
㬉	ˀnwɑn2	
暖	ˀnwɑn2	
餪	ˀnwɑn2	
渜	ˀnwɑn2	
渜	nwɑn3	
稬	ˀnwɑn2	
稬	nwɑn3	
稬	nwʌ3	
纂	tswɑn2	
䂎	tswɑn2	
䂎	tswɑn3	
䂎	tsʰwɑn3	
纘	tswɑn2	
儹	tswɑn2	
籫	tswɑn2	
繤	tswɑn2	
𦆈	tswɑn2	
伴	bwɑn3	
㚘	bwɑn3	
滿	ˀmwɑn2	
𢟮	ˀmwɑn2	
𥲈	ˀmwɑn2	
鏋	ˀmwɑn2	
粄	pwɑn2	
䉽	pwɑn2	
䬳	pwɑn2	
瓪	pwɑn2	
瓪	pan2	
昄	pwɑn2	
昄	pan2	
昄	ban3	
𩏇	dwɑn3	
緞	dwɑn3	
坢	pʰwɑn2	
𧺾	pʰwɑn2	
綰	ʔwan2	
綰	ʔwan3	
版	pan2	
板	pan2	
蝂	pan2	
鈑	pan2	
䩆	tʂan2	
拃	tʂan2	
䎒	tʂan2	
䎒	tʂjɛn2	
赧	ˀnan2	
𩈶	ˀnan2	
㫱	ˀnan2	
戁	ˀnan2	
戁	ˀɻjɛn2	
僩	ɣan3	
僩	kan2	
捍	ɣan3	
捍	ɣɑn3	
橌	ɣan3	
睆	ɣwan3	
睅	ɣwan3	
𪍺	ɣwan3	
鯇	ɣwan3	
皖	ɣwan3	
魬	ban3	
矕	ˀman2	
𦺖	ˀman2	
𦺖	kʲyt4	
𪘪	dʐan3	
䗃	dʐan3	
𪗙	ˀŋan2	
㹽	tʂʰan2	
撰	dʐwan3	
饌	dʐwan3	
產	ʂan2	
簅	ʂan2	
摌	ʂan2	
㹌	ʂan2	
嵼	ʂan2	
汕	ʂan2	
汕	ʂan3	
滻	ʂan2	
㦃	ʂan2	
㦃	tʂʰan2	
㦃	tʂʰwan2	
䊲	ʂan2	
䊲	tʂʰwan2	
𩥮	ʂan2	
限	ɣan3	
硍	ɣan3	
䁂	ɣan3	
㹂	ɣan3	
㹂	kʲʰjɛn2	
㹂	ɣʲjɛt4	
䦘	ɣan3	
𥇅	ˀman2	
簡	kan2	
㶕	kan2	
𧟉	kan2	
柬	kan2	
暕	kan2	
揀	kan2	
揀	ljɛn3	
剗	tʂʰan2	
鏟	tʂʰan2	
鏟	tʂʰan3	
丳	tʂʰan2	
羼	tʂʰan2	
羼	tʂʰan3	
䐮	tʂʰan2	
棧	dʐan3	
㟞	dʐan3	
嶘	dʐan3	
轏	dʐan3	
𠊩	dʐan3	
輚	dʐan3	
眼	ˀŋan2	
醆	tʂan2	
醆	tʂjɛn2	
琖	tʂan2	
盞	tʂan2	
𧣴	tʂan2	
銑	sjɛn2	
跣	sjɛn2	
毨	sjɛn2	
燹	sjɛn2	
燹	xyj3	
箲	sjɛn2	
筅	sjɛn2	
㭠	sjɛn2	
𦭶	sjɛn2	
𩶤	sjɛn2	
腆	tʰjɛn2	
痶	tʰjɛn2	
圢	tʰjɛn2	
圢	tʰiŋ2	
淟	tʰjɛn2	
𤲖	tʰjɛn2	
錪	tʰjɛn2	
錪	tjɛn2	
靦	tʰjɛn2	
㥏	tʰjɛn2	
琠	tʰjɛn2	
蚕	tʰjɛn2	
䠄	tʰjɛn2	
𨆁	tʰjɛn2	
賟	tʰjɛn2	
晪	tʰjɛn2	
典	tjɛn2	
蕇	tjɛn2	
𥮏	tjɛn2	
躽	ʔʲjɛn2	
躽	ʔjɛn3	
𥈔	ʔʲjɛn2	
𥈔	ʔjɛn3	
𥈔	ʔat4	
宴	ʔʲjɛn2	
宴	ʔʲjɛn3	
嬿	ʔʲjɛn2	
嬿	ʔʲjɛn3	
殄	djɛn3	
跈	djɛn3	
跈	ˀnjɛn2	
繭	kʲjɛn2	
絸	kʲjɛn2	
蠒	kʲjɛn2	
𥀹	kʲjɛn2	
𢆞	kʲjɛn2	
𡘸	kʲjɛn2	
垷	kʲjɛn2	
垷	ɣʲjɛn3	
筧	kʲjɛn2	
襺	kʲjɛn2	
𢺃	kʲjɛn2	
挸	kʲjɛn2	
𢹕	kʲjɛn2	
峴	ɣʲjɛn3	
臔	ɣʲjɛn3	
哯	ɣʲjɛn3	
晛	ɣʲjɛn3	
晛	njɛn3	
蜆	ɣʲjɛn3	
蜆	xʲjɛn2	
蜆	kʲʰjɛn3	
俔	ɣʲjɛn3	
俔	kʲʰjɛn3	
顈	ɣʲjɛn3	
顈	kʲʰyjŋ2	
䵤	ɣʲjɛn3	
睍	ɣʲjɛn3	
㦓	ɣʲjɛn3	
顯	xʲjɛn2	
韅	xʲjɛn2	
抮	xʲjɛn2	
𣊡	xʲjɛn2	
𣊡	ŋɑp4	
㨠	ˀmʲjɛn2	
丏	ˀmʲjɛn2	
眄	ˀmʲjɛn2	
眄	mʲjɛn3	
撚	ˀnjɛn2	
蹨	ˀnjɛn2	
蹨	ˀɻjɛn2	
匾	pʲjɛn2	
𦄒	pʲjɛn2	
𥤓	pʲjɛn2	
惼	pʲjɛn2	
碥	pʲjɛn2	
糄	pʲjɛn2	
泫	ɣʲɥɛn3	
鉉	ɣʲɥɛn3	
琄	ɣʲɥɛn3	
贙	ɣʲɥɛn3	
埍	ɣʲɥɛn3	
埍	kʲɥɛn2	
繯	ɣʲɥɛn3	
繯	ɣwan3	
䀏	ɣʲɥɛn3	
䩙	ɣʲɥɛn3	
䧎	ɣʲɥɛn3	
𨊼	ɣʲɥɛn3	
𩉥	ɣʲɥɛn3	
𡿨	kʲɥɛn2	
畎	kʲɥɛn2	
𤰝	kʲɥɛn2	
詃	kʲɥɛn2	
罥	kʲɥɛn2	
罥	kʲɥɛn3	
羂	kʲɥɛn2	
汱	kʲɥɛn2	
辮	bʲjɛn3	
艑	bʲjɛn3	
𪉱	bʲjɛn3	
㲢	bʲjɛn3	
𤻶	bʲjɛn3	
𩩯	bʲjɛn3	
犬	kʲʰɥɛn2	
𥧬	kʲʰjɛn2	
䵖	kʲʰjɛn2	
䵖	kʲʰjɛn3	
蜸	kʲʰjɛn2	
齞	ˀŋʲjɛn2	
獮	sjɛn2	
𤣗	sjɛn2	
𥙮	sjɛn2	
尠	sjɛn2	
尠	sɥu3	
尟	sjɛn2	
癬	sjɛn2	
𤐨	sjɛn2	
𧕇	sjɛn2	
蘚	sjɛn2	
演	ˀjɛn2	
衍	ˀjɛn2	
衍	jɛn3	
𧍢	ˀjɛn2	
𧊔	ˀjɛn2	
踐	dzjɛn3	
諓	dzjɛn3	
餞	dzjɛn3	
俴	dzjɛn3	
俴	tsjɛn2	
𤷃	dzjɛn3	
𧗸	dzjɛn3	
㣤	dzjɛn3	
展	tɻjɛn2	
㞡	tɻjɛn2	
搌	tɻjɛn2	
搌	tɻʰjɛn2	
輾	tɻjɛn2	
輾	njɛn3	
㠭	tɻjɛn2	
㜊	tɻjɛn2	
𧎰	tɻjɛn2	
𦗢	tʂjɛn2	
𠟉	tʂjɛn2	
樿	tʂjɛn2	
𩕊	tʂjɛn2	
䆄	tʂjɛn2	
䡀	tʂjɛn2	
䁴	tʂjɛn2	
䁴	ʂjɛn2	
𥊳	tʂjɛn2	
橏	tʂjɛn2	
㔊	tʂjɛn2	
𨭖	tʂjɛn2	
嫸	tʂjɛn2	
𨋚	ˀnjɛn2	
㞋	ˀnjɛn2	
㞋	ˀɻɥɛn2	
闡	tʂʰjɛn2	
䵐	tʂʰjɛn2	
幝	tʂʰjɛn2	
𨼒	tʂʰjɛn2	
灛	tʂʰjɛn2	
𦆀	tʂʰjɛn2	
𦆀	zjɛn3	
遣	kʲʰjɛn2	
遣	kʲʰjɛn3	
繾	kʲʰjɛn2	
繾	kʲʰjɛn3	
䭤	kʲʰjɛn2	
𥳐	kʲʰjɛn2	
𠳋	kʲʰjɛn2	
𨺫	kʲʰjɛn2	
𩝡	kʲʰjɛn2	
謇	kjɛn2	
搴	kjɛn2	
𢷘	kjɛn2	
𦂇	kjɛn2	
𡾰	kjɛn2	
𡾰	ɡjɛn3	
藆	kjɛn2	
𩽜	kjɛn2	
𢵈	kʲjɛn2	
善	ʐjɛn3	
譱	ʐjɛn3	
墠	ʐjɛn3	
鱓	ʐjɛn3	
蟺	ʐjɛn3	
僐	ʐjɛn3	
鄯	ʐjɛn3	
墡	ʐjɛn3	
磰	ʐjɛn3	
𪍶	ʐjɛn3	
翦	tsjɛn2	
剪	tsjɛn2	
揃	tsjɛn2	
戩	tsjɛn2	
𦺍	tsjɛn2	
𥰸	tsjɛn2	
𥳟	tsjɛn2	
㨵	tsjɛn2	
㒄	ˀɻjɛn2	
㒄	ʂjɛn2	
輦	ˀljɛn2	
𪍦	ˀljɛn2	
𤑿	ˀljɛn2	
璉	ˀljɛn2	
鄻	ˀljɛn2	
僆	ˀljɛn2	
僆	ljɛn3	
摙	ˀljɛn2	
摙	ljɛn3	
膦	ˀljɛn2	
齴	ˀŋjɛn2	
遃	ˀŋjɛn2	
嵃	ˀŋjɛn2	
讞	ˀŋjɛn2	
讞	ŋjɛt4	
𤫣	ˀŋjɛn2	
件	ɡjɛn3	
鑳	ɡjɛn3	
辯	bjɛn3	
𧦪	bjɛn3	
辡	bjɛn3	
辡	pjɛn2	
辨	bjɛn3	
辨	ban3	
緬	ˀmʲjɛn2	
沔	ˀmʲjɛn2	
汅	ˀmʲjɛn2	
湎	ˀmʲjɛn2	
愐	ˀmʲjɛn2	
𩋠	ˀmʲjɛn2	
偭	ˀmʲjɛn2	
偭	mʲjɛn3	
勔	ˀmʲjɛn2	
𢃮	ˀmʲjɛn2	
褊	pʲjɛn2	
㦚	pʲjɛn2	
㦚	bʲjɛn3	
𧕣	tsɥɛn2	
雋	dzɥɛn3	
隽	dzɥɛn3	
𤺻	dzɥɛn3	
𦼱	dzɥɛn3	
䁵	pjɛn2	
鴘	pjɛn2	
鴘	pʰjɛn2	
兗	ˀjɥɛn2	
渷	ˀjɥɛn2	
沇	ˀjɥɛn2	
𢯻	ˀjɥɛn2	
抁	ˀjɥɛn2	
𦳆	ˀjɥɛn2	
𦳆	ɡɥɛn3	
㕣	ˀjɥɛn2	
𦁙	ˀjɥɛn2	
𩘍	ˀjɥɛn2	
𩘍	jɥɛn3	
孌	ˀlɥɛn2	
孌	lɥɛn3	
𡡗	ˀlɥɛn2	
脟	ˀlɥɛn2	
脟	lɥɛt4	
轉	tɻɥɛn2	
轉	tɻɥɛn3	
𣓧	tɻɥɛn2	
菤	kɥɛn2	
韏	kɥɛn2	
韏	kʰɥɛn3	
韏	ɡɥɛn3	
𨹵	kɥɛn2	
埢	kɥɛn2	
輭	ˀɻɥɛn2	
軟	ˀɻɥɛn2	
㮕	ˀɻɥɛn2	
䓴	ˀɻɥɛn2	
碝	ˀɻɥɛn2	
愞	ˀɻɥɛn2	
愞	nwɑn3	
愞	nwʌ3	
腝	ˀɻɥɛn2	
腝	nun3	
腝	nɑw3	
䞂	ˀɻɥɛn2	
耎	ˀɻɥɛn2	
𢘎	ˀɻɥɛn2	
偄	ˀɻɥɛn2	
偄	nwɑn3	
緛	ˀɻɥɛn2	
舛	tʂʰɥɛn2	
喘	tʂʰɥɛn2	
荈	tʂʰɥɛn2	
腨	ʐɥɛn3	
𡭐	ʐɥɛn3	
踹	ʐɥɛn3	
踹	twɑn3	
𦺲	ʐɥɛn3	
篆	dɻɥɛn3	
瑑	dɻɥɛn3	
𦁆	dɻɥɛn3	
䧘	dɻɥɛn3	
堟	dɻɥɛn3	
孨	tʂɥɛn2	
孨	tʂwan3	
孨	nip4	
𨷱	tʂɥɛn2	
𡇰	tʂɥɛn2	
選	sɥɛn2	
選	sɥɛn3	
𦌔	sɥɛn2	
𦌔	ʂan3	
𦌔	sɥɛn3	
𥶷	sɥɛn2	
𩔊	dʐwan3	
𩻝	dʐwan3	
𧾣	xʲɥɛn2	
𧾣	xyj3	
𧾣	xʲɥɛn3	
𧾣	kʲyt4	
免	ˀmjɛn2	
勉	ˀmjɛn2	
俛	ˀmjɛn2	
鮸	ˀmjɛn2	
冕	ˀmjɛn2	
𨩪	tɻʰjɛn2	
蕆	tɻʰjɛn2	
𧈪	tɻʰjɛn2	
䩶	tɻʰjɛn2	
䩶	tɻʰiŋ2	
篠	sjɛw2	
筱	sjɛw2	
𩵌	sjɛw2	
𧩮	sjɛw2	
謏	sjɛw2	
謏	sɨw2	
謏	sɨw3	
謏	ʂuk4	
䃤	sjɛw2	
䃤	siwk4	
皎	kʲjɛw2	
璬	kʲjɛw2	
𢅎	kʲjɛw2	
𢅎	kʲjɛw3	
䥵	kʲjɛw2	
䥵	xʲjɛw2	
㿟	kʲjɛw2	
皦	kʲjɛw2	
恔	kʲjɛw2	
繳	kʲjɛw2	
繳	tʂjɑk4	
繳	ɣiˤk4	
晈	kʲjɛw2	
䘨	kʲjɛw2	
儌	kʲjɛw2	
鳥	tjɛw2	
𢁕	tjɛw2	
㣿	tjɛw2	
㣿	tʂjɑk4	
㣿	tik4	
蔦	tjɛw2	
蔦	tjɛw3	
釕	tjɛw2	
扚	tjɛw2	
扚	tik4	
䄪	tjɛw2	
𠄏	tjɛw2	
了	ˀljɛw2	
蓼	ˀljɛw2	
蓼	liwk4	
镽	ˀljɛw2	
鄝	ˀljɛw2	
䑠	ˀljɛw2	
爒	ˀljɛw2	
𢄺	ˀljɛw2	
𢄺	tsjɛw2	
𥗀	ˀljɛw2	
𤁸	ˀljɛw2	
𧘈	ˀljɛw2	
窱	tʰjɛw2	
窱	tʰjɛw3	
䠷	tʰjɛw2	
曉	xʲjɛw2	
皢	xʲjɛw2	
杳	ʔʲjɛw2	
窈	ʔʲjɛw2	
偠	ʔʲjɛw2	
騕	ʔʲjɛw2	
𩡻	ʔʲjɛw2	
𨱧	ʔʲjɛw2	
㫏	ʔʲjɛw2	
鴢	ʔʲjɛw2	
鴢	ʔaw2	
婹	ʔʲjɛw2	
䆞	ʔʲjɛw2	
䆞	ʔʲjɛw3	
𡧮	ʔʲjɛw2	
苭	ʔʲjɛw2	
嬲	ˀnjɛw2	
嫋	ˀnjɛw2	
䦊	ˀnjɛw2	
㒟	ˀnjɛw2	
褭	ˀnjɛw2	
嬈	ˀnjɛw2	
嬈	ˀɻjɛw2	
嬈	xʲjɛw3	
㜵	ˀnjɛw2	
䃵	ˀnjɛw2	
𢸣	ˀnjɛw2	
皛	ɣʲjɛw3	
皛	pʰiˤk4	
㵿	ɣʲjɛw3	
芍	ɣʲjɛw3	
芍	ʐjɑk4	
芍	tsʰjɑk4	
芍	tɻjɑk4	
芍	tik4	
𦯪	ɣʲjɛw3	
𠄔	ɣʲjɛw3	
窕	djɛw3	
𤕷	djɛw3	
𤱩	djɛw3	
誂	djɛw3	
掉	djɛw3	
掉	nwak4	
䂽	djɛw3	
䂪	kʲʰjɛw2	
劋	tsjɛw2	
㭂	tsjɛw2	
𧂈	tsjɛw2	
小	sjɛw2	
𩵖	sjɛw2	
䒕	sjɛw2	
肈	dɻjɛw3	
肁	dɻjɛw3	
兆	dɻjɛw3	
趙	dɻjɛw3	
旐	dɻjɛw3	
狣	dɻjɛw3	
䍮	dɻjɛw3	
垗	dɻjɛw3	
𠧞	dɻjɛw3	
沼	tʂjɛw2	
䈃	tʂjɛw2	
殀	ʔjɛw2	
芺	ʔjɛw2	
芺	ʔɑw2	
仸	ʔjɛw2	
巐	tɻʰjɛw2	
少	ʂjɛw2	
少	ʂjɛw3	
䒚	ʂjɛw2	
𨙹	ʂjɛw2	
𨙹	tsjɛw2	
擾	ˀɻjɛw2	
𢹎	ˀɻjɛw2	
繞	ˀɻjɛw2	
繞	ɻjɛw3	
遶	ˀɻjɛw2	
𤛾	ˀɻjɛw2	
𧳨	ˀɻjɛw2	
𢹰	bʲjɛw3	
鰾	bʲjɛw3	
顠	bʲjɛw3	
顠	pʲʰjɛw2	
𩮳	bʲjɛw3	
膘	bʲjɛw3	
膘	pʲʰjɛw2	
膘	tsjɛw2	
𦭼	bʲjɛw3	
𪍑	tʂʰjɛw2	
麨	tʂʰjɛw2	
眧	tʂʰjɛw2	
縹	pʲʰjɛw2	
醥	pʲʰjɛw2	
皫	pʲʰjɛw2	
眇	ˀmʲjɛw2	
渺	ˀmʲjɛw2	
𦳥	ˀmʲjɛw2	
淼	ˀmʲjɛw2	
杪	ˀmʲjɛw2	
秒	ˀmʲjɛw2	
藐	ˀmʲjɛw2	
藐	mak4	
吵	ˀmʲjɛw2	
吵	tʂʰaw2	
篎	ˀmʲjɛw2	
篎	mʲjɛw3	
紹	ʐjɛw3	
綤	ʐjɛw3	
袑	ʐjɛw3	
䙼	ʐjɛw3	
矯	kjɛw2	
鱎	kjɛw2	
䚩	kjɛw2	
敽	kjɛw2	
𥃧	kjɛw2	
譑	kjɛw2	
譑	kʰjɛw3	
𨝰	kjɛw2	
孂	kjɛw2	
孂	kʲiw2	
孂	kɨjk4	
表	pjɛw2	
𧘝	pjɛw2	
𧞧	pjɛw2	
䔸	pjɛw2	
褾	pʲjɛw2	
𧢄	pʲjɛw2	
㟽	pʲjɛw2	
𦳤	bjɛw3	
𠬪	bjɛw3	
㰶	bjɛw3	
㹾	bjɛw3	
𧴎	bjɛw3	
鷕	ˀjyj2	
溔	ˀjɛw2	
𦥨	ˀjɛw2	
抭	ˀjɛw2	
𩨴	ˀjɛw2	
䁘	ˀjɛw2	
悄	tsʰjɛw2	
愀	tsʰjɛw2	
愀	dziw3	
釥	tsʰjɛw2	
剿	tsjɛw2	
漅	tsjɛw2	
𤃭	tsjɛw2	
𨲭	ɡjɛw3	
𢻢	ˀljɛw2	
䩍	ˀljɛw2	
闄	ʔʲjɛw2	
巧	kʰaw2	
巧	kʰaw3	
䲾	kʰaw2	
澩	ɣaw3	
澩	dʐwak4	
澩	ɣak4	
㺒	ɣaw3	
㺒	ˀnaw2	
䕧	ɣaw3	
䕧	kaw2	
䀊	ɣaw3	
䀊	kaw2	
飽	paw2	
𩜿	paw2	
𩛁	paw2	
卯	ˀmaw2	
戼	ˀmaw2	
泖	ˀmaw2	
昴	ˀmaw2	
茆	ˀmaw2	
茆	ˀliw2	
絞	kaw2	
狡	kaw2	
攪	kaw2	
𢯴	kaw2	
𥂔	kaw2	
烄	kaw2	
烄	kɑw3	
𤉧	kaw2	
爪	tʂaw2	
㕚	tʂaw2	
䝖	tʂaw2	
瑵	tʂaw2	
笊	tʂaw2	
笊	tʂaw3	
𢁬	tʂaw2	
𦬔	tʂaw2	
拗	ʔaw2	
𢂊	ʔaw2	
𥄀	ʔaw2	
狕	ʔaw2	
鮑	baw3	
骲	baw3	
骲	pʰuk4	
骲	bak4	
𡂟	baw3	
齩	ˀŋaw2	
㑿	dʐaw3	
煼	tʂʰaw2	
𩱦	tʂʰaw2	
𤌉	tʂʰaw2	
炒	tʂʰaw2	
𩱈	tʂʰaw2	
䝤	tɻaw2	
䝤	ˀlɑw2	
㪢	ʂaw2	
晧	ɣɑw3	
昊	ɣɑw3	
昦	ɣɑw3	
暤	ɣɑw3	
鎬	ɣɑw3	
浩	ɣɑw3	
浩	kɑp4	
顥	ɣɑw3	
灝	ɣɑw3	
灝	kɑm2	
鰝	ɣɑw3	
鰝	xɑk4	
夰	ɣɑw3	
夰	kɑw2	
薃	ɣɑw3	
𨛴	ɣɑw3	
𧇼	ɣɑw3	
𥢑	ɣɑw3	
滈	ɣɑw3	
滈	xak4	
抱	bɑw3	
老	ˀlɑw2	
轑	ˀlɑw2	
潦	ˀlɑw2	
潦	lɑw3	
䕩	ˀlɑw2	
栳	ˀlɑw2	
𣠼	ˀlɑw2	
𩔇	ˀlɑw2	
恅	ˀlɑw2	
𡂕	ˀlɑw2	
䵏	ˀlɑw2	
討	tʰɑw2	
套	tʰɑw2	
道	dɑw3	
衟	dɑw3	
𡬹	dɑw3	
稻	dɑw3	
䆃	dɑw3	
𨱵	dɑw3	
𨱵	ˀnɑw2	
𨱵	nɑw3	
堖	ˀnɑw2	
腦	ˀnɑw2	
腦	nɑw3	
𠜶	ˀnɑw2	
惱	ˀnɑw2	
碯	ˀnɑw2	
㺁	ˀnɑw2	
𧳦	ˀnɑw2	
㛴	ˀnɑw2	
㛮	sɑw2	
嫂	sɑw2	
㛐	sɑw2	
燥	sɑw2	
埽	sɑw2	
埽	sɑw3	
掃	sɑw2	
掃	sɑw3	
倒	tɑw2	
倒	tɑw3	
擣	tɑw2	
㨶	tɑw2	
島	tɑw2	
禂	tɑw2	
䮻	tɑw2	
禱	tɑw2	
禱	tɑw3	
㿒	tɑw2	
㿒	dɻiw3	
壔	tɑw2	
草	tsʰɑw2	
艸	tsʰɑw2	
懆	tsʰɑw2	
騲	tsʰɑw2	
𠹊	tsʰɑw2	
愺	tsʰɑw2	
早	tsɑw2	
澡	tsɑw2	
藻	tsɑw2	
薻	tsɑw2	
𧎮	tsɑw2	
蚤	tsɑw2	
䲃	tsɑw2	
璪	tsɑw2	
璅	tsɑw2	
棗	tsɑw2	
皁	dzɑw3	
𦯑	dzɑw3	
造	dzɑw3	
造	tsʰɑw3	
艁	dzɑw3	
艁	tsʰɑw3	
暠	kɑw2	
杲	kɑw2	
稾	kɑw2	
稾	kʰɑw3	
藁	kɑw2	
縞	kɑw2	
縞	kɑw3	
槀	kɑw2	
槀	kʰɑw2	
㚖	kɑw2	
㚖	tʂʰik4	
菒	kɑw2	
𥓖	kɑw2	
好	xɑw2	
好	xɑw3	
𡚽	xɑw2	
𡚽	xɑw3	
蓩	ˀmɑw2	
蓩	muk4	
䓮	ˀmɑw2	
䓮	mɨw3	
媢	ˀmɑw2	
媢	mʲi3	
媢	mɑw3	
媢	muk4	
𠔼	ˀmɑw2	
𠔼	mɨw3	
寶	pɑw2	
珤	pɑw2	
保	pɑw2	
𡥀	pɑw2	
堢	pɑw2	
堡	pɑw2	
褓	pɑw2	
緥	pɑw2	
鴇	pɑw2	
葆	pɑw2	
駂	pɑw2	
䎂	pɑw2	
宲	pɑw2	
賲	pɑw2	
𠤏	pɑw2	
襖	ʔɑw2	
镺	ʔɑw2	
镺	ʔɑw3	
懊	ʔɑw2	
懊	ʔɑw3	
懊	ʔiwk4	
䐿	ʔɑw2	
䐿	ʔɑw3	
䐿	ʔiwk4	
䴠	ʔɑw2	
媼	ʔɑw2	
燠	ʔɑw2	
燠	ʔɑw3	
燠	ʔiwk4	
㤇	ʔɑw2	
郩	ʔɑw2	
䯠	ʔɑw2	
𪁾	ʔɑw2	
考	kʰɑw2	
攷	kʰɑw2	
栲	kʰɑw2	
祰	kʰɑw2	
祰	kuk4	
洘	kʰɑw2	
燺	kʰɑw2	
丂	kʰɑw2	
䯪	kʰɑw2	
䯪	kʰɑw3	
𦽀	ˀŋɑw2	
𩑤	ˀŋɑw2	
哿	kʌ2	
舸	kʌ2	
𥰮	kʌ2	
嚲	tʌ2	
䯬	tʌ2	
䫂	tʌ2	
褨	sʌ2	
柁	dʌ3	
舵	dʌ3	
𣵻	dʌ3	
我	ˀŋʌ2	
騀	ˀŋʌ2	
㧴	ˀŋʌ2	
㰁	ˀlʌ2	
𨬅	ˀlʌ2	
攞	ˀlʌ2	
砢	ˀlʌ2	
㦬	ˀlʌ2	
曪	ˀlʌ2	
𣂞	ˀlʌ2	
𠻡	ˀlʌ2	
橠	ˀnʌ2	
娜	ˀnʌ2	
㡅	ˀnʌ2	
𢄴	ˀnʌ2	
㰤	xʌ2	
㰤	xʌ3	
㰤	kʰa3	
㗿	xʌ2	
㗿	xa2	
㗿	xa3	
㪃	xʌ2	
㪋	xʌ2	
㪋	ɣɑn3	
可	kʰʌ2	
岢	kʰʌ2	
坷	kʰʌ2	
坷	kʰʌ3	
𨵌	ʔʌ2	
𣘨	ʔʌ2	
㫊	ʔʌ2	
𧙃	ʔʌ2	
左	tsʌ2	
左	tsʌ3	
㝾	tsʌ2	
㝾	tsʌ3	
𠂇	tsʌ2	
果	kwʌ2	
菓	kwʌ2	
猓	kwʌ2	
鐹	kwʌ2	
鐹	kwʌ3	
裹	kwʌ2	
裹	kwʌ3	
蜾	kwʌ2	
惈	kwʌ2	
䴹	kwʌ2	
䴹	ɣwa3	
粿	kwʌ2	
埵	twʌ2	
挆	twʌ2	
挆	twʌ3	
𦀉	twʌ2	
朵	twʌ2	
朶	twʌ2	
綞	twʌ2	
鍺	twʌ2	
䤪	twʌ2	
𩊜	twʌ2	
𩊜	dwʌ3	
鎖	swʌ2	
瑣	swʌ2	
溑	swʌ2	
䈗	swʌ2	
䵀	swʌ2	
𩹳	swʌ2	
𥔭	swʌ2	
䣔	swʌ2	
𢱡	swʌ2	
𧴪	swʌ2	
垛	dwʌ3	
𤬾	dwʌ3	
䅜	dwʌ3	
䅜	ʐyj3	
𥳔	dwʌ3	
䤻	dwʌ3	
憜	dwʌ3	
惰	dwʌ3	
嫷	dwʌ3	
嫷	tʰwʌ2	
嫷	tʰwʌ3	
嶞	dwʌ3	
妥	tʰwʌ2	
橢	tʰwʌ2	
𨼰	tʰwʌ2	
鵎	tʰwʌ2	
麼	ˀmwʌ2	
𣋟	ˀmwʌ2	
懡	ˀmwʌ2	
坐	dzwʌ3	
𡋲	dzwʌ3	
㛂	ˀŋwʌ2	
㛂	ˀnwʌ2	
裸	ˀlwʌ2	
躶	ˀlwʌ2	
𧝹	ˀlwʌ2	
臝	ˀlwʌ2	
瘰	ˀlwʌ2	
𤼠	ˀlwʌ2	
蓏	ˀlwʌ2	
𢫷	ˀnwʌ2	
跛	pwʌ2	
跛	pi3	
簸	pwʌ2	
簸	pwʌ3	
駊	pwʌ2	
駊	pʰwʌ2	
㝿	pwʌ2	
叵	pʰwʌ2	
𡽠	pʰwʌ2	
禍	ɣwʌ3	
𥚁	ɣwʌ3	
𡖿	ɣwʌ3	
𣄸	ɣwʌ3	
𨘌	ɣwʌ3	
火	xwʌ2	
邩	xwʌ2	
顆	kʰwʌ2	
堁	kʰwʌ2	
堁	kʰuj3	
堁	kʰwʌ3	
敤	kʰwʌ2	
敤	kʰwʌ3	
爸	bwʌ3	
䂳	tsʰwʌ2	
䂳	tʂʰwa2	
馬	ˀma2	
碼	ˀma2	
䣕	ˀma2	
䣕	ma3	
罵	ˀma2	
罵	ma3	
𥧓	ˀma2	
鷌	ˀma2	
鰢	ˀma2	
者	tʂja2	
赭	tʂja2	
𡐨	ˀja2	
也	ˀja2	
冶	ˀja2	
雅	ˀŋa2	
庌	ˀŋa2	
厊	ˀŋa2	
㿿	ˀŋa2	
檟	ka2	
榎	ka2	
嘏	ka2	
假	ka2	
假	ka3	
叚	ka2	
斝	ka2	
椵	ka2	
椵	ka3	
婽	ka2	
啞	ʔa2	
啞	ʔa3	
啞	ʔiˤk4	
瘂	ʔa2	
𤺘	ʔa2	
灺	zja3	
䵦	zja3	
下	ɣa3	
丅	ɣa3	
夏	ɣa3	
廈	ɣa3	
寫	sja2	
𣞐	sja2	
瀉	sja2	
瀉	sja3	
𣬕	sja2	
𡎬	tʂwa2	
乜	ˀmʲja2	
閜	xa2	
襾	xa2	
襾	ʔa3	
社	ʐja3	
𥁹	ʐja3	
𣝒	ʐja3	
跒	kʰa2	
跁	ba3	
䇑	ba3	
捨	ʂja2	
舍	ʂja2	
舍	ʂja3	
騇	ʂja2	
騇	ʂja3	
䬷	ʂja2	
𩜉	ʂja2	
姐	tsja2	
飷	tsja2	
把	pa2	
踝	ɣwa3	
䋀	ɣwa3	
𦖍	ɣwa3	
觟	ɣwa3	
𩸄	ɣwa3	
𢦚	ɣwa3	
寡	kwa2	
冎	kwa2	
剮	kwa2	
𣑍	kwa2	
𠊰	kwa2	
䈑	kwa2	
𧤐	kwa2	
瓦	ˀŋwa2	
瓦	ŋwa3	
邷	ˀŋwa2	
惹	ˀɻja2	
惹	ɻjɑk4	
𠰒	ˀɻja2	
鮓	tʂa2	
厏	tʂa2	
厏	dʐa3	
痄	tʂa2	
奲	tʂʰja2	
㨋	tʂʰja2	
䰩	tʂʰja2	
撦	tʂʰja2	
䋾	tɻa2	
䋈	ˀna2	
骻	kʰwa2	
㡁	kʰwa2	
銙	kʰwa2	
𢄳	kʰwa2	
㐄	kʰwa2	
㐄	kʰwa3	
䊬	tɻʰwa2	
𧫝	ʂwa2	
傻	ʂwa2	
傻	ʂwa3	
奼	tɻʰa2	
奼	tu3	
奼	tɻa3	
藞	ˀla2	
養	ˀjɑŋ2	
養	jɑŋ3	
癢	ˀjɑŋ2	
瀁	ˀjɑŋ2	
瀁	jɑŋ3	
蝆	ˀjɑŋ2	
勨	ˀjɑŋ2	
勨	zjɑŋ3	
𧓲	ˀjɑŋ2	
像	zjɑŋ3	
象	zjɑŋ3	
蟓	zjɑŋ3	
蟓	ʂjɑŋ3	
橡	zjɑŋ3	
襐	zjɑŋ3	
鱌	zjɑŋ3	
潒	zjɑŋ3	
潒	dɑŋ3	
𦺨	zjɑŋ3	
𨖶	zjɑŋ3	
嶑	zjɑŋ3	
㢡	tsjɑŋ2	
獎	tsjɑŋ2	
䉃	tsjɑŋ2	
槳	tsjɑŋ2	
㯍	tsjɑŋ2	
㒳	ˀljɑŋ2	
兩	ˀljɑŋ2	
兩	ljɑŋ3	
脼	ˀljɑŋ2	
𣓈	ˀljɑŋ2	
緉	ˀljɑŋ2	
緉	ljɑŋ3	
蜽	ˀljɑŋ2	
魎	ˀljɑŋ2	
㔝	ˀljɑŋ2	
鞅	ʔjɑŋ2	
柍	ʔjɑŋ2	
䬬	ʔjɑŋ2	
䬬	ʔjɑŋ3	
詇	ʔjɑŋ2	
詇	ʔjɑŋ3	
詇	ʔiŋ3	
岟	ʔjɑŋ2	
駚	ʔjɑŋ2	
駚	ʔɑŋ2	
炴	ʔjɑŋ2	
𧵌	ʔjɑŋ2	
怏	ʔjɑŋ2	
怏	ʔjɑŋ3	
紻	ʔjɑŋ2	
誩	ɡjɑŋ3	
誩	ɡiŋ3	
誩	tʰam3	
滰	ɡjɑŋ3	
仰	ˀŋjɑŋ2	
仰	ŋjɑŋ3	
磢	tʂʰaŋ2	
㼽	tʂʰaŋ2	
㼽	ʂaŋ2	
𠞮	tʂʰaŋ2	
漺	tʂʰaŋ2	
漺	ʂaŋ2	
愴	tʂʰaŋ2	
愴	tʂʰaŋ3	
想	sjɑŋ2	
鯗	sjɑŋ2	
掌	tʂjɑŋ2	
仉	tʂjɑŋ2	
𤓯	tʂjɑŋ2	
𤕤	ʂaŋ2	
爽	ʂaŋ2	
𦄍	ʂaŋ2	
塽	ʂaŋ2	
樉	ʂaŋ2	
䫪	ʂaŋ2	
䫪	tʂʰaŋ2	
響	xjɑŋ2	
饗	xjɑŋ2	
蠁	xjɑŋ2	
蠁	xjɑŋ3	
䖮	xjɑŋ2	
亯	xjɑŋ2	
嚮	xjɑŋ2	
嚮	xjɑŋ3	
曏	xjɑŋ2	
曏	ʂjɑŋ2	
曏	ʂjɑŋ3	
曏	xjɑŋ3	
敞	tʂʰjɑŋ2	
𢠵	tʂʰjɑŋ2	
氅	tʂʰjɑŋ2	
𪅶	tʂʰjɑŋ2	
廠	tʂʰjɑŋ2	
廠	tʂʰjɑŋ3	
䟫	tʂʰjɑŋ2	
僘	tʂʰjɑŋ2	
繈	kjɑŋ2	
鏹	kjɑŋ2	
襁	kjɑŋ2	
膙	kjɑŋ2	
憼	kjɑŋ2	
憼	kiŋ2	
丈	dɻjɑŋ3	
杖	dɻjɑŋ3	
仗	dɻjɑŋ3	
㽴	dɻjɑŋ3	
昶	tɻʰjɑŋ2	
昶	tɻʰjɑŋ3	
鋹	tɻʰjɑŋ2	
獷	kɥɑŋ2	
獷	kwiˤŋ2	
壤	ˀɻjɑŋ2	
䖆	ˀɻjɑŋ2	
䖆	njɑŋ3	
䑋	ˀɻjɑŋ2	
𥗝	ˀɻjɑŋ2	
賞	ʂjɑŋ2	
𩞧	ʂjɑŋ2	
𩞃	ʂjɑŋ2	
髣	fɑŋ2	
仿	fɑŋ2	
紡	fɑŋ2	
鶭	fɑŋ2	
网	ˀʋɑŋ2	
網	ˀʋɑŋ2	
罔	ˀʋɑŋ2	
輞	ˀʋɑŋ2	
棢	ˀʋɑŋ2	
惘	ˀʋɑŋ2	
菵	ˀʋɑŋ2	
誷	ˀʋɑŋ2	
𡔞	ˀʋɑŋ2	
𦖉	ˀʋɑŋ2	
蛧	ˀʋɑŋ2	
魍	ˀʋɑŋ2	
昉	fɑŋ2	
倣	fɑŋ2	
放	fɑŋ2	
放	fɑŋ3	
瓬	fɑŋ2	
枉	ʔɥɑŋ2	
𢼟	ʔɥɑŋ2	
𣢫	ʔɥɑŋ2	
往	ˀɰɥɑŋ2	
暀	ˀɰɥɑŋ2	
暀	ɰɥɑŋ3	
暀	ɣwɑŋ3	
怳	xɥɑŋ2	
摤	tsʰjɑŋ2	
上	ʐjɑŋ3	
丄	ʐjɑŋ3	
俇	ɡɥɑŋ3	
俇	kɥɑŋ3	
臩	kɥɑŋ2	
臩	kyjŋ2	
迋	kɥɑŋ2	
迋	ɰɥɑŋ3	
𠏤	kɥɑŋ2	
逛	kɥɑŋ2	
𩦠	bʲʰjɛw1	
傸	tʂʰaŋ2	
蕩	dɑŋ3	
蕩	tʰɑŋ3	
婸	dɑŋ3	
𥯕	dɑŋ3	
𥯕	tʰɑŋ2	
𢠽	dɑŋ3	
愓	dɑŋ3	
璗	dɑŋ3	
䑗	dɑŋ3	
嵣	dɑŋ3	
顙	sɑŋ2	
𣞙	sɑŋ2	
𣡆	sɑŋ2	
磉	sɑŋ2	
廣	kwɑŋ2	
牓	pɑŋ2	
𣮧	pɑŋ2	
髒	tsɑŋ2	
曩	ˀnɑŋ2	
灢	ˀnɑŋ2	
灢	nɑŋ3	
骯	ɣɑŋ3	
骯	kʰɑŋ2	
䟘	ɣɑŋ3	
䟘	kɑŋ2	
𡕬	ɣɑŋ3	
曭	tʰɑŋ2	
儻	tʰɑŋ2	
儻	tʰɑŋ3	
偒	tʰɑŋ2	
戃	tʰɑŋ2	
矘	tʰɑŋ2	
爣	tʰɑŋ2	
𣎲	tʰɑŋ2	
㼒	tʰɑŋ2	
㿩	tʰɑŋ2	
攩	tʰɑŋ2	
攩	ɣwɑŋ3	
茻	ˀmɑŋ2	
壾	ˀmɑŋ2	
䁳	ˀmɑŋ2	
䒎	ˀmɑŋ2	
㬒	ˀmɑŋ2	
蟒	ˀmɑŋ2	
漭	ˀmɑŋ2	
漭	mɑŋ3	
㟐	ˀmɑŋ2	
㟐	mɑŋ3	
黨	tɑŋ2	
讜	tɑŋ2	
欓	tɑŋ2	
䣣	tɑŋ2	
𧅗	tɑŋ2	
朗	ˀlɑŋ2	
朖	ˀlɑŋ2	
誏	ˀlɑŋ2	
俍	ˀlɑŋ2	
崀	ˀlɑŋ2	
坱	ʔɑŋ2	
映	ʔɑŋ2	
映	ʔiŋ3	
醠	ʔɑŋ2	
醠	ʔɑŋ3	
䇦	ʔɑŋ2	
盎	ʔɑŋ2	
盎	ʔɑŋ3	
軮	ʔɑŋ2	
慷	kʰɑŋ2	
𡻚	kʰɑŋ2	
䡉	kʰɑŋ2	
䡉	kʰwɑŋ2	
懬	kʰɑŋ2	
懬	kʰwɑŋ2	
㳹	ʔwɑŋ2	
瀇	ʔwɑŋ2	
晃	ɣwɑŋ3	
幌	ɣwɑŋ3	
櫎	ɣwɑŋ3	
榥	ɣwɑŋ3	
滉	ɣwɑŋ3	
皝	ɣwɑŋ3	
䒍	pʰɑŋ2	
慌	xwɑŋ2	
爌	xwɑŋ2	
爌	kʰwɑŋ2	
爌	kʰwɑŋ3	
𡧽	xwɑŋ2	
䁜	xwɑŋ2	
㬻	xwɑŋ2	
䴚	kɑŋ2	
𨟼	kɑŋ2	
㽘	kɑŋ2	
奘	dzɑŋ3	
汻	xɑŋ2	
酐	xɑŋ2	
𤰟	xɑŋ2	
梗	kiˤŋ2	
挭	kiˤŋ2	
哽	kiˤŋ2	
郠	kiˤŋ2	
綆	kiˤŋ2	
鯁	kiˤŋ2	
骾	kiˤŋ2	
𧋑	kiˤŋ2	
丙	piŋ2	
昞	piŋ2	
怲	piŋ2	
怲	piŋ3	
邴	piŋ2	
邴	piŋ3	
炳	piŋ2	
秉	piŋ2	
窉	piŋ2	
苪	piŋ2	
蛃	piŋ2	
警	kiŋ2	
儆	kiŋ2	
儆	ɡiŋ3	
景	kiŋ2	
境	kiŋ2	
璥	kiŋ2	
影	ʔiŋ2	
璟	ʔiŋ2	
璟	kyjŋ2	
璄	ʔiŋ2	
䭘	ʔiŋ2	
摬	ʔiŋ2	
㲟	ʔiŋ2	
𠝟	ʔiŋ2	
𩘑	ʔiŋ2	
省	ʂiˤŋ2	
省	siŋ2	
眚	ʂiˤŋ2	
㾪	ʂiˤŋ2	
𡞞	ʂiˤŋ2	
䚇	ʂiˤŋ2	
𨵥	ʂiˤŋ2	
㼳	ʂiˤŋ2	
渻	ʂiˤŋ2	
渻	siŋ2	
𨜜	ʂiˤŋ2	
永	ˀɰyjŋ2	
栐	ˀɰyjŋ2	
𦬺	xyjŋ2	
皿	ˀmiŋ2	
𥥊	ˀmiŋ2	
憬	kyjŋ2	
囧	kyjŋ2	
煚	kyjŋ2	
暻	kyjŋ2	
杏	ɣiˤŋ3	
莕	ɣiˤŋ3	
荇	ɣiˤŋ3	
猛	ˀmiˤŋ2	
蜢	ˀmiˤŋ2	
艋	ˀmiˤŋ2	
礦	kwiˤŋ2	
鑛	kwiˤŋ2	
𨥥	kwiˤŋ2	
𪍿	kwiˤŋ2	
䵃	kwiˤŋ2	
穬	kwiˤŋ2	
㑟	piˤŋ2	
𧚭	piˤŋ2	
㴄	ʔwiˤŋ2	
奣	ʔwiˤŋ2	
打	tiˤŋ2	
打	tiŋ2	
打	ta2	白
卝	ɣwiˤŋ3	
澋	ɣwiˤŋ3	
鮩	biˤŋ3	
鮩	bʲiŋ3	
鮩	bʲit4	
𥉁	kʰwiˤŋ2	
𥉁	kʲyjŋ2	
𥉁	kɥu3	
檸	ˀniˤŋ2	
耿	kiˤŋ2	
𦵸	kiˤŋ2	
𥉔	kiˤŋ2	
䁅	ˀmiˤŋ2	
䁅	miˤŋ3	
鼆	ˀmiˤŋ2	
幸	ɣiˤŋ3	
𡴘	ɣiˤŋ3	
倖	ɣiˤŋ3	
㼬	ɣiˤŋ3	
𠊧	biˤŋ3	
𩶁	biˤŋ3	
皏	pʰiˤŋ2	
靜	dziŋ3	
睜	dziŋ3	
𩇕	dziŋ3	
靖	dziŋ3	
妌	dziŋ3	
穽	dziŋ3	
阱	dziŋ3	
竫	dziŋ3	
整	tʂiŋ2	
逞	tɻʰiŋ2	
騁	tɻʰiŋ2	
悜	tɻʰiŋ2	
睈	tɻʰiŋ2	
郢	ˀjiŋ2	
浧	ˀjiŋ2	
梬	ˀjiŋ2	
痙	ɡʲiŋ3	
𠗊	ɡʲiŋ3	
潁	ˀjyjŋ2	
穎	ˀjyjŋ2	
領	ˀliŋ2	
嶺	ˀliŋ2	
袊	ˀliŋ2	
餅	pʲiŋ2	
鉼	pʲiŋ2	
併	pʲiŋ2	
併	bʲiŋ3	
併	pʲiŋ3	
䴵	pʲiŋ2	
𩒵	kʲʰyjŋ2	
㩩	kʲʰyjŋ2	
檾	kʲʰyjŋ2	
苘	kʲʰyjŋ2	
䔛	kʲʰyjŋ2	
井	tsiŋ2	
𨙷	tsiŋ2	
廮	ʔʲiŋ2	
癭	ʔʲiŋ2	
𣤵	ʔʲiŋ2	
𦡺	ʔʲiŋ2	
睲	siŋ2	
睲	siŋ3	
㮐	siŋ2	
𢜫	siŋ2	
眳	ˀmʲiŋ2	
慏	ˀmʲiŋ2	
徎	dɻiŋ3	
徎	tʰiŋ2	
塣	dɻiŋ3	
迥	ɣʲyjŋ3	
炯	ɣʲyjŋ3	
炯	kʲyjŋ2	
泂	ɣʲyjŋ3	
𦳖	ɣʲyjŋ3	
熲	kʲyjŋ2	
炅	kʲyjŋ2	
炅	kʲyj3	
𠖷	kʲyjŋ2	
㯋	kʲyjŋ2	
𩚱	kʲyjŋ2	
𧍮	kʲyjŋ2	
茗	ˀmʲiŋ2	
酩	ˀmʲiŋ2	
瀴	ˀmʲiŋ2	
瀴	ʔʲiŋ2	
瀴	ʔiˤŋ3	
姳	ˀmʲiŋ2	
頂	tiŋ2	
𩠑	tiŋ2	
𩕢	tiŋ2	
奵	tiŋ2	
耵	tiŋ2	
鼎	tiŋ2	
薡	tiŋ2	
酊	tiŋ2	
濎	tiŋ2	
㞟	tiŋ2	
㞟	djɛn3	
艇	diŋ3	
鋌	diŋ3	
梃	diŋ3	
涏	diŋ3	
涏	djɛn3	
誔	diŋ3	
珽	tʰiŋ2	
脡	tʰiŋ2	
侹	tʰiŋ2	
侹	tʰiŋ3	
頲	tʰiŋ2	
𡈼	tʰiŋ2	
𤱹	tʰiŋ2	
𨳝	tʰiŋ2	
汫	dziŋ3	
濙	ʔʲyjŋ2	
謦	kʲʰiŋ2	
𩕳	ˀniŋ2	
䗿	ˀniŋ2	
濘	ˀniŋ2	
濘	ni3	
濘	niŋ3	
䔭	ˀniŋ2	
婞	ɣʲiŋ3	
涬	ɣʲiŋ3	
脛	ɣʲiŋ3	
𢙼	ɣʲiŋ3	
緈	ɣʲiŋ3	
箵	siŋ2	
褧	kʲʰyjŋ2	
剄	kʲiŋ2	
烴	kʲiŋ2	
巊	ʔʲiŋ2	
𩳍	ʔʲiŋ2	
𦊓	ˀliŋ2	
竝	bʲiŋ3	
並	bʲiŋ3	
詗	xʲyjŋ2	
詗	xʲyjŋ3	
䀴	ˀŋʲiŋ2	
矨	ˀŋʲiŋ2	
拯	tʂiŋ2	
撜	tʂiŋ2	
氶	tʂiŋ2	
肯	kʰɨjŋ2	
肎	kʰɨjŋ2	
有	ˀɰiw2	
右	ˀɰiw2	
右	ɰiw3	
䳑	ˀɰiw2	
友	ˀɰiw2	
㕛	ˀɰiw2	
䀁	ˀɰiw2	
䀁	ɰiw3	
𥁓	ˀɰiw2	
𥁓	ɰiw3	
栯	ˀɰiw2	
栯	ʔiwk4	
䒴	ˀɰiw2	
柳	ˀliw2	
罶	ˀliw2	
𦊑	ˀliw2	
珋	ˀliw2	
𩖴	ˀliw2	
嬼	ˀliw2	
嬼	liw3	
綹	ˀliw2	
𨋖	ˀliw2	
狃	ˀniw2	
狃	niw3	
紐	ˀniw2	
鈕	ˀniw2	
杻	ˀniw2	
杻	tɻʰiw2	
禸	ˀniw2	
禸	ˀɻiw2	
扭	ˀniw2	
扭	tɻiw2	
𢔟	ˀniw2	
䏔	ˀniw2	
𨙺	ˀniw2	
莥	ˀniw2	
丑	tɻʰiw2	
杽	tɻʰiw2	
肘	tɻiw2	
疛	tɻiw2	
疛	dɻiw3	
𤶡	tɻiw2	
朽	xiw2	
㱙	xiw2	
㽲	xiw2	
殠	xiw2	
殠	tʂʰiw3	
久	kiw2	
九	kiw2	
玖	kiw2	
灸	kiw2	
灸	kiw3	
韭	kiw2	
𡚮	kiw2	
𨾉	kiw2	
首	ʂiw2	
首	ʂiw3	
𩠐	ʂiw2	
𦣻	ʂiw2	
手	ʂiw2	
守	ʂiw2	
守	ʂiw3	
䭭	ʂiw2	
醜	tʂʰiw2	
𧃝	tʂʰiw2	
婦	vu3	
䘀	vɨw3	
負	vu3	
萯	vɨw3	
蝜	vɨw3	
阜	vu3	
𨸏	vɨw3	
𪃓	vɨw3	
偩	vɨw3	
𦰺	vɨw3	
𩣸	vɨw3	
䧞	vɨw3	
䧞	ma3	
㷆	vɨw3	
𧌈	vɨw3	
缶	fu2	
缹	fɨw2	
糗	kʰiw2	
楺	ˀɻiw2	
煣	ˀɻiw2	
煣	ɻiw3	
輮	ˀɻiw2	
輮	ɻiw3	
沑	ˀɻiw2	
沑	niwk4	
𥠊	ˀɻiw2	
韖	ˀɻiw2	
粈	ˀɻiw2	
舅	ɡiw3	
臼	ɡiw3	
齨	ɡiw3	
麔	ɡiw3	
䳎	ɡiw3	
䊆	ɡiw3	
𤷑	ɡiw3	
䛮	ɡiw3	
紂	dɻiw3	
䈙	dɻiw3	
葤	dɻiw3	
酉	ˀjiw2	
丣	ˀjiw2	
誘	ˀjiw2	
㕗	ˀjiw2	
䛻	ˀjiw2	
牖	ˀjiw2	
槱	ˀjiw2	
槱	jiw3	
𥙫	ˀjiw2	
莠	ˀjiw2	
羑	ˀjiw2	
蜏	ˀjiw2	
蜏	siw3	
蜏	jiw3	
㝌	ˀjiw2	
㝌	kiw3	
𣣸	ˀjiw2	
琇	ˀjiw2	
琇	siw3	
梄	ˀjiw2	
𨣆	ˀjiw2	
𦏇	ˀjiw2	
受	ʐiw3	
壽	ʐiw3	
璹	ʐiw3	
璹	ʐiwk4	
綬	ʐiw3	
滫	siw2	
糔	siw2	
䬀	ʔiw2	
䬀	ʔʲiw2	
懮	ʔiw2	
酒	tsiw2	
帚	tʂiw2	
箒	tʂiw2	
鯞	tʂiw2	
晭	tʂiw2	
𧳜	tʂiw2	
㤱	fɨw2	
㤱	fɨw3	
𩂆	fɨw2	
𧌗	tʂɨw2	
𥣙	dʐɨw3	
𩋄	tʂʰɨw2	
𩌄	tʂʰɨw2	
厚	ɣɨw3	
垕	ɣɨw3	
後	ɣɨw3	
𨒥	ɣɨw3	
后	ɣɨw3	
郈	ɣɨw3	
㖃	ɣɨw3	
㖃	xɨw2	
㖃	xɨw3	
母	ˀmu2	
牡	ˀmu2	
某	ˀmu2	
拇	ˀmu2	
胟	ˀmɨw2	
畝	ˀmu2	
畮	ˀmu2	
畞	ˀmɨw2	
𤝕	ˀmɨw2	
𤵝	ˀmɨw2	
踇	ˀmɨw2	
𧿹	ˀmɨw2	
犃	bɨw3	
䴺	bɨw3	
篰	bɨw3	
蔀	bɨw3	
蔀	pʰɨw2	
斗	tɨw2	
㪷	tɨw2	
蚪	tɨw2	
阧	tɨw2	
陡	tɨw2	
抖	tɨw2	
襡	tɨw2	
襡	dɨw3	
襡	tɨw3	
襡	duk4	
襡	ʐywk4	
𪌘	tʰɨw2	
飳	tʰɨw2	
妵	tʰɨw2	
黈	tʰɨw2	
𩿢	tʰɨw2	
𩿢	dɨw3	
蘣	tʰɨw2	
斢	tʰɨw2	
鈄	tʰɨw2	
䱏	tʰɨw2	
苟	kɨw2	
玽	kɨw2	
狗	kɨw2	
垢	kɨw2	
笱	kɨw2	
𦊒	kɨw2	
耇	kɨw2	
詬	kɨw2	
詬	kʰɨw3	
詬	xɨw3	
茩	kɨw2	
敂	kɨw2	
豿	kɨw2	
藕	ˀŋɨw2	
蕅	ˀŋɨw2	
偶	ˀŋɨw2	
偶	ŋɨw3	
耦	ˀŋɨw2	
㼴	ˀŋɨw2	
㨐	pɨw2	
㝅	ˀnɨw2	
㝅	kɨw3	
㳶	ˀnɨw2	
𡝦	ˀnɨw2	
啂	ˀnɨw2	
𡭾	ˀnɨw2	
叜	sɨw2	
叟	sɨw2	
傁	sɨw2	
嗾	sɨw2	
嗾	sɨw3	
嗾	tsʰɨw3	
𠻛	sɨw2	
擻	sɨw2	
藪	sɨw2	
䏂	sɨw2	
吼	xɨw2	
吼	xɨw3	
吽	xɨw2	
呴	xɨw2	
呴	xɥu3	
㸸	xɨw2	
㸸	ʔɨw2	
㸸	kʰɨw2	
𤘽	xɨw2	
䳝	pʰɨw2	
毆	ʔɨw2	
𠙶	ʔɨw2	
塸	ʔɨw2	
塿	ˀlɨw2	
甊	ˀlɨw2	
𪍣	ˀlɨw2	
㪹	ˀlɨw2	
䅹	ˀlɨw2	
走	tsɨw2	
走	tsɨw3	
口	kʰɨw2	
扣	kʰɨw2	
扣	kʰɨw3	
𤘘	kʰɨw2	
釦	kʰɨw2	
叩	kʰɨw2	
𧥣	kʰɨw2	
𨙫	kʰɨw2	
䕆	dɨw3	
𨪐	dɨw3	
𠁁	dɨw3	
趣	tsʰɨw2	
趣	tsʰɥu3	
蚴	ʔʲiw2	
糾	kʲiw2	
赳	kʲiw2	
寑	tsʰim2	
𡪢	tsʰim2	
寢	tsʰim2	
㾛	tsʰim2	
𡬓	tsʰim2	
𦯈	tsʰim2	
䤐	tsʰim2	
䤐	tsim2	
朕	dɻim3	
𦩎	dɻim3	
栚	dɻim3	
顩	dɻim3	
顩	ˀŋjɛm2	
坅	kʰim2	
廩	ˀlim2	
㐭	ˀlim2	
懍	ˀlim2	
菻	ˀlim2	
顲	ˀlim2	
顲	ˀlam2	
顲	lam3	
𤎭	ˀlim2	
癛	ˀlim2	
罧	sim2	
罧	ʂɨm3	
伈	sim2	
踸	tɻʰim2	
鍖	tɻʰim2	
䫖	tɻʰim2	
寖	tsim2	
䭙	tsim2	
荏	ˀɻim2	
飪	ˀɻim2	
餁	ˀɻim2	
䭃	ˀɻim2	
稔	ˀɻim2	
栠	ˀɻim2	
袵	ˀɻim2	
䏕	ˀɻim2	
䇮	ˀɻim2	
棯	ˀɻim2	
𢆉	ˀɻim2	
腍	ˀɻim2	
䪴	tʂim2	
䪴	tam2	
䫬	tʂim2	
邥	ʂim2	
宷	ʂim2	
審	ʂim2	
㰂	ʂim2	
瞫	ʂim2	
瞫	dam3	
諗	ʂim2	
魫	ʂim2	
淰	ʂim2	
淰	ˀnjɛm2	
淰	ˀnam2	
㜤	ʂim2	
㜤	ˀnjɛm2	
𩶇	ʂim2	
𧀯	ʂim2	
葚	ʐim3	
𣞵	ʐim3	
甚	ʐim3	
瀋	tʂʰim2	
墋	tʂʰɨm2	
醦	tʂʰɨm2	
醦	ʂam2	
磣	tʂʰɨm2	
拰	ˀnim2	
噤	ɡim3	
䫴	ɡim3	
䫴	ɰim3	
凚	ɡim3	
錦	kim2	
蕈	dzim3	
僸	ˀŋim2	
僸	kim3	
趛	ˀŋim2	
瘮	ʂɨm2	
稟	pim2	
㱃	ʔim2	
飲	ʔim2	
飲	ʔim3	
𤃷	ʔim2	
𤃷	ʔɑm2	
品	pʰim2	
𩖄	kʰim2	
𩒣	kʰim2	
𩒣	kʰjɛm2	
感	kɑm2	
𥸡	kɑm2	
鱤	kɑm2	
贑	kɑm2	
䤗	kɑm2	
贛	kɑm2	
贛	kuŋ3	
贛	kɑm3	
㔶	kɑm2	
㔶	kuŋ3	
𧆐	kɑm2	
𧆐	kuŋ3	
𧆐	kɑm3	
䃭	kɑm2	
灨	kɑm2	
灨	kɑm3	
禫	dam3	
䨢	dam3	
黮	dam3	
黮	tʰam2	
窞	dam3	
髧	dam3	
萏	dam3	
𧂄	dam3	
醰	dam3	
嘾	dam3	
贉	dam3	
𣛱	dam3	
晻	ʔɑm2	
晻	ʔjɛm2	
黭	ʔɑm2	
揞	ʔɑm2	
揞	ʔam3	
唵	ʔɑm2	
罯	ʔɑm2	
罯	ʔɑp4	
黤	ʔɑm2	
黤	ʔam2	
腩	ˀnam2	
湳	ˀnam2	
䈒	ˀnam2	
䎃	ˀnam2	
䎃	ˀɻjɛm2	
揇	ˀnam2	
萳	ˀnam2	
𧖺	tʰam2	
䏙	tʰam2	
嗿	tʰam2	
歜	dzam3	
歜	tʂʰywk4	
㣅	dzam3	
㔆	dzam3	
慘	tsʰam2	
憯	tsʰam2	
憯	tsʰjɛm2	
黲	tsʰam2	
噆	tsʰam2	
噆	tsap4	
䫩	tsʰam2	
䫩	sam2	
㜝	ˀŋɑm2	
㜝	ɣɑm3	
昝	tsam2	
寁	tsam2	
寁	dzjɛp4	
糂	sam2	
糝	sam2	
糣	sam2	
𢕕	sam2	
㧲	sam2	
䊉	sam2	
坎	kʰɑm2	
歁	kʰɑm2	
歁	kʰɑp4	
惂	kʰɑm2	
輡	kʰɑm2	
錎	kʰɑm2	
錎	ɣam3	
轗	kʰɑm2	
轗	kʰɑm3	
埳	kʰɑm2	
顑	kʰɑm2	
顑	ŋam3	
竷	kʰɑm2	
竷	kʰɑm3	
臽	kʰɑm2	
臽	ɣam3	
頜	ɣɑm3	
頜	kɑp4	
撼	ɣɑm3	
菡	ɣɑm3	
欿	ɣɑm3	
蜭	ɣɑm3	
𢇞	ɣɑm3	
𢃗	ɣɑm3	
莟	ɣɑm3	
𡻡	ɣɑm3	
壈	ˀlam2	
𨎹	ˀlam2	
浨	ˀlam2	
醂	ˀlam2	
𠓭	ˀlam2	
漤	ˀlam2	
黕	tam2	
衴	tam2	
丼	tam2	
瓭	tam2	
䉞	tam2	
𥴶	tam2	
䫲	xɑm2	
䫲	xɑm3	
敢	kɑm2	
𠭖	kɑm2	
𣪏	kɑm2	
𢽤	kɑm2	
橄	kɑm2	
澉	kɑm2	
澉	tʰam3	
覽	ˀlam2	
爁	ˀlam2	
爁	lam3	
爁	ljɛm3	
攬	ˀlam2	
欖	ˀlam2	
罱	ˀlam2	
𦵹	tʰam2	
菼	tʰam2	
毯	tʰam2	
𦃖	tʰam2	
膽	tam2	
紞	tam2	
䃫	tam2	
黵	tam2	
𪆻	tam2	
噉	dam3	
啖	dam3	
啗	dam3	
𥲄	dam3	
憺	dam3	
㛧	ˀmɑm2	
𩛎	ˀmɑm2	
䭕	tsam2	
㟛	dzam3	
喊	xɑm2	
喊	ɣam3	
喊	xam2	
嚂	xɑm2	
嚂	kʰɑm3	
嚂	lam3	
壏	xɑm2	
壏	ɣam3	
㯺	xɑm2	
㯺	ɣam3	
埯	ʔɑm2	
埯	ʔjɛm2	
揜	ʔɑm2	
揜	ʔjɛm2	
䖔	kʰɑm2	
䖔	xɑm3	
琰	ˀjɛm2	
剡	ˀjɛm2	
剡	ʐjɛm3	
𨁹	ˀjɛm2	
棪	ˀjɛm2	
燄	ˀjɛm2	
扊	ˀjɛm2	
夵	ˀjɛm2	
䎦	ˀjɛm2	
䌪	ˀjɛm2	
斂	ˀljɛm2	
斂	ljɛm3	
撿	ˀljɛm2	
瀲	ˀljɛm2	
瀲	ljɛm3	
嬚	ˀljɛm2	
䭑	ˀljɛm2	
羷	ˀljɛm2	
䌞	ˀljɛm2	
㰈	ˀljɛm2	
㯬	ˀljɛm2	
險	xjɛm2	
玁	xjɛm2	
㛍	xjɛm2	
㛍	kʲʰjɛp4	
㛍	xʲjɛp4	
嶮	xjɛm2	
嶮	ˀŋjɛm2	
貶	pjɛm2	
𦥘	pjɛm2	
颭	tʂjɛm2	
𩑳	kʰjɛm2	
嵰	kʰjɛm2	
广	ˀŋjɛm2	
隒	ˀŋjɛm2	
嬐	ˀŋjɛm2	
䲓	ˀŋjɛm2	
噞	ˀŋjɛm2	
噞	ŋjɛm3	
儉	ɡjɛm3	
芡	ɡjɛm3	
檢	kjɛm2	
瞼	kjɛm2	
黶	ʔʲjɛm2	
𥜒	ʔʲjɛm2	
檿	ʔʲjɛm2	
厭	ʔʲjɛm2	
厭	ʔʲjɛm3	
厭	ʔʲjɛp4	
魘	ʔʲjɛm2	
魘	ʔʲjɛp4	
厴	ʔʲjɛm2	
擪	ʔʲjɛm2	
擪	ʔʲjɛp4	
酓	ʔʲjɛm2	
酓	ʔʲjɛm3	
姌	ˀɻjɛm2	
姌	ˀnjɛm2	
苒	ˀɻjɛm2	
染	ˀɻjɛm2	
染	ɻjɛm3	
𩃵	ˀɻjɛm2	
䣸	ˀɻjɛm2	
𥬕	ˀɻjɛm2	
陝	ʂjɛm2	
睒	ʂjɛm2	
睒	tʰam3	
閃	ʂjɛm2	
閃	ʂjɛm3	
𧴭	ʂjɛm2	
覢	ʂjɛm2	
㴸	ʂjɛm2	
㚒	ʂjɛm2	
㚒	ʂik4	
𡟨	ʂjɛm2	
諂	tɻʰjɛm2	
讇	tɻʰjɛm2	
奄	ʔjɛm2	
𩃗	ʔjɛm2	
㭺	ʔjɛm2	
掩	ʔjɛm2	
裺	ʔjɛm2	
裺	ʔjɛm3	
渰	ʔjɛm2	
罨	ʔjɛm2	
罨	ʔɑp4	
罨	ʔjɛp4	
𤗎	ʔjɛm2	
𡹮	ʔjɛm2	
𣃳	ʔjɛm2	
𣃳	ʔʲjɛp4	
𥕌	dzjɛm3	
蔪	dzjɛm3	
𦾶	dzjɛm3	
䟅	dzjɛm3	
䤔	dzjɛm3	
䤘	tsʰjɛm2	
䤘	tʂʰam2	
𩟗	tsjɛm2	
脥	kʲʰjɛm2	
忝	tʰjɛm2	
忝	tʰjɛm3	
䄼	tʰjɛm2	
栝	tʰjɛm2	
栝	kwɑt4	
悿	tʰjɛm2	
𨸱	ˀnjɛm2	
𨸱	tʰjɛm3	
點	tjɛm2	
玷	tjɛm2	
𦒻	tjɛm2	
𦒻	tjɛm3	
㓠	tjɛm2	
䍄	tjɛm2	
簟	djɛm3	
扂	djɛm3	
𠂼	djɛm3	
驔	djɛm3	
㶘	djɛm3	
嗛	kʲʰjɛm2	
歉	kʲʰjɛm2	
歉	kʰam2	
歉	kʰam3	
慊	kʲʰjɛm2	
膁	kʲʰjɛm2	
𤬓	ˀljɛm2	
鼸	ɣʲjɛm3	
㺌	ɣʲjɛm3	
㺌	ɣam3	
𡕢	ˀmʲjɛm2	
𡕢	ˀʋam2	
厸	ˀmʲjɛm2	
儼	ˀŋjɛm2	
𠆲	ˀŋjɛm2	
㢂	ˀŋjɛm2	
𢇘	ˀŋjɛm2	
曮	ˀŋjɛm2	
䇜	kʰjɛm2	
豏	ɣam3	
減	ɣam3	
減	kam2	
㺝	ɣam3	
𡞣	ɣam3	
𥻇	ɣam3	
㴴	dɻam3	
偡	dɻam3	
㦿	kʰam2	
𣓅	kʰam2	
槏	kʰam2	
鹻	kam2	
𥳒	kam2	
瀺	dʐam3	
醶	ˀlam2	
醶	tʂʰam2	
斬	tʂam2	
鬫	xam2	
𧀵	ʂam2	
𦊔	ˀnam2	
𦌫	ˀnam2	
𠐩	tɻʰam2	
旵	tɻʰam2	
檻	ɣam3	
艦	ɣam3	
𥽏	ɣam3	
濫	ɣam3	
濫	lam3	
𨏊	ɣam3	
轞	ɣam3	
𪒠	ʔam2	
𪒠	ʔam3	
㺖	xam2	
㺖	ɣɑm3	
㺖	tʂʰam3	
豃	xam2	
范	vam3	
範	vam3	
軓	vam3	
笵	vam3	
犯	vam3	
𧍙	vam3	
錽	ˀʋam2	
𢨔	ˀʋam2	
𦜒	fam2	
凵	kʰjɛm2	
㧄	kʰjɛm2	
釩	fam2	
𠑆	tɻʰjɛm2	
𨇧	tɻʰjɛm2	
送	suŋ3	
鳳	vuŋ3	
𠤈	vuŋ3	
貢	kuŋ3	
𣹟	kuŋ3	
羾	kuŋ3	
䇨	kuŋ3	
㯯	kuŋ3	
弄	luŋ3	
𢙱	luŋ3	
梇	luŋ3	
哢	luŋ3	
㢅	luŋ3	
㳥	luŋ3	
棟	tuŋ3	
㼯	tuŋ3	
𩭩	tuŋ3	
鞚	kʰuŋ3	
𤗇	kʰuŋ3	
糉	tsuŋ3	
粽	tsuŋ3	
瓮	ʔuŋ3	
甕	ʔuŋ3	
𦉥	ʔuŋ3	
𪖵	ʔuŋ3	
謥	tsʰuŋ3	
憁	tsʰuŋ3	
㓊	duŋ3	
胴	duŋ3	
慟	duŋ3	
駧	duŋ3	
迵	duŋ3	
㢥	duŋ3	
𩐵	duŋ3	
痛	tʰuŋ3	
仲	dɻiwŋ3	
𩿀	dɻiwŋ3	
諷	fuŋ3	
䛪	kʰiwŋ3	
䠻	kʰiwŋ3	
㝱	muŋ3	
䠢	muŋ3	
𧽒	xiwŋ3	
䠗	xiwŋ3	
䠗	kʲʰiw3	
賵	fuŋ3	
𣀒	dzuŋ3	
𠏭	dzuŋ3	
哄	ɣuŋ3	
鬨	ɣuŋ3	
鬨	ɣaŋ3	
蕻	ɣuŋ3	
齈	nuŋ3	
癑	nuŋ3	
銃	tʂʰiwŋ3	
戇	xuŋ3	
戇	tɻwaŋ3	
宋	suŋ3	
綜	tsuŋ3	
䝋	tsuŋ3	
錝	tsuŋ3	
統	tʰuŋ3	
用	jywŋ3	
誦	zywŋ3	
㡝	vuŋ3	
龏	kywŋ3	
龏	ʔak4	
堹	tɻywŋ3	
諥	tɻywŋ3	
瘲	tsywŋ3	
𩉪	ɻywŋ3	
𩼅	ɻywŋ3	
偅	tʂywŋ3	
𨉢	dɻywŋ3	
贚	lywŋ3	
絳	kaŋ3	
𡲣	kaŋ3	
巷	ɣaŋ3	
衖	ɣaŋ3	
𢤤	dɻwaŋ3	
𥈄	tɻʰwaŋ3	
漴	dʐwaŋ3	
肨	pʰaŋ3	
㦼	ʂwaŋ3	
寘	tʂjɨ3	
忮	tʂjɨ3	
伿	tʂjɨ3	
伿	ji3	
䚳	tʂjɨ3	
𡽆	tʂjɨ3	
避	bʲi3	
惴	tʂyj3	
𦥻	tʂyj3	
𦦇	tʂyj3	
詈	li3	
荔	li3	
㿛	li3	
珕	li3	
𥶾	li3	
豉	ʐjɨ3	
𢻃	ʐjɨ3	
𢐂	ʐjɨ3	
𢐂	tɻi3	
䩃	ʐjɨ3	
積	tsɨ3	
積	tsik4	
𧂐	tsɨ3	
𦎸	tsɨ3	
𦎸	dzɨ3	
賜	sɨ3	
𧀩	sɨ3	
澌	sɨ3	
𣩠	sɨ3	
儩	sɨ3	
杫	sɨ3	
䞈	kyj3	
𢈌	kyj3	
貱	pi3	
髲	bi3	
鞁	bi3	
㢰	bi3	
𤿙	bi3	
𤿙	tʂɨ3	
寄	ki3	
䐀	ki3	
臂	pʲi3	
芰	ɡi3	
䝸	ɡi3	
䛋	ɡi3	
䛋	tsʰɨ3	
刺	tsʰɨ3	
刺	tsʰik4	
刾	tsʰɨ3	
㢀	tsʰɨ3	
朿	tsʰɨ3	
㡹	tsʰɨ3	
𧧒	tsʰɨ3	
莿	tsʰɨ3	
庛	tsʰɨ3	
蛓	tsʰɨ3	
易	ji3	
易	jik4	
㑥	ji3	
貤	ji3	
貤	ʐjɨ3	
㒾	ji3	
㒾	ʂjɨ3	
敡	ji3	
議	ŋi3	
誼	ŋi3	
竩	ŋi3	
𩈭	ŋi3	
義	ŋi3	
譬	pʲʰi3	
㵨	pʲʰi3	
漬	dzɨ3	
眥	dzɨ3	
眥	dzi3	
㱴	dzɨ3	
髊	dzɨ3	
智	tɻi3	
𣉻	tɻi3	
潪	tɻi3	
潪	dɻik4	
縋	dɻyj3	
膇	dɻyj3	
硾	dɻyj3	
𥞃	tʂʰyj3	
嚱	xi3	
𢺵	kʲʰi3	
𨑤	kʲʰi3	
吱	kʲʰi3	
縊	ʔʲi3	
㱲	ʔʲi3	
螠	ʔʲi3	
翅	ʂjɨ3	
𦐊	ʂjɨ3	
啻	ʂjɨ3	
卶	ʂjɨ3	
卶	tʂʰjɨ3	
翨	ʂjɨ3	
翨	kʲi3	
曬	ʂɨ3	
曬	ʂaj3	
觖	kʲʰyj3	
觖	kʲɥɛt4	
僞	ŋyj3	
恚	ʔʲyj3	
㜇	ʔʲyj3	
睡	ʐyj3	
瑞	ʐyj3	
䄲	ɻyj3	
䅗	syj3	
瀡	syj3	
娷	tɻyj3	
諈	tɻyj3	
瓗	jyj3	
䜜	jyj3	
贀	jyj3	
諉	nyj3	
㨅	nyj3	
㢻	nyj3	
瞡	kʲyj3	
𧙁	tʂɨ3	
至	tʂjɨ3	
摯	tʂjɨ3	
贄	tʂjɨ3	
鷙	tʂjɨ3	
礩	tʂjɨ3	
礩	tʂit4	
䥍	tʂjɨ3	
䥍	tʂip4	
懥	tʂjɨ3	
懥	tɻi3	
䲀	tʂjɨ3	
𩊝	tʂjɨ3	
𩊞	tʂjɨ3	
𢄢	tʂjɨ3	
𢄢	ʂyj3	
𡠗	tʂjɨ3	
𡠗	tʂip4	
位	ɰyj3	
媚	mi3	
魅	mi3	
鬽	mi3	
篃	mi3	
蝞	mi3	
嚜	mi3	
䉋	mi3	
煝	mi3	
遂	zyj3	
彗	zyj3	
彗	ɰyj3	
隧	zyj3	
襚	zyj3	
旞	zyj3	
璲	zyj3	
檖	zyj3	
𣔾	zyj3	
𤓫	zyj3	
𤎩	zyj3	
燧	zyj3	
澻	zyj3	
䡵	zyj3	
鐆	zyj3	
鐩	zyj3	
穟	zyj3	
𦼯	zyj3	
蔧	zyj3	
𦂁	zyj3	
㒸	zyj3	
𥝩	zyj3	
穗	zyj3	
䉌	zyj3	
𩏚	zyj3	
醉	tsyj3	
邃	syj3	
祟	syj3	
誶	syj3	
誶	suj3	
誶	dzyt4	
粹	syj3	
睟	syj3	
𠭥	syj3	
𠭥	tʂyj3	
賥	syj3	
譢	syj3	
𢢝	syj3	
類	lyj3	
淚	lyj3	
𦝭	lyj3	
蘱	lyj3	
蘱	luj3	
䇐	lyj3	
䇐	li3	
䇐	lip4	
禷	lyj3	
祕	pi3	
毖	pi3	
閟	pi3	
轡	pi3	
柲	pi3	
柲	bʲit4	
柲	pit4	
柲	bʲjɛt4	
鉍	pi3	
鉍	pit4	
泌	pi3	
泌	bʲit4	
泌	pit4	
鄪	pi3	
費	pi3	
費	fʲi3	
費	vʲi3	
䀣	pi3	
䀣	mat4	
䪐	pi3	
𠨘	pi3	
粊	pi3	
䉾	pi3	
𡛗	pi3	
匱	ɡyj3	
蕢	ɡyj3	
蕢	kʰwaj3	
饋	ɡyj3	
餽	ɡyj3	
𦆠	ɡyj3	
櫃	ɡyj3	
樻	ɡyj3	
樻	kʰyj3	
簣	ɡyj3	
簣	kʰwaj3	
𩌃	ɡyj3	
濞	pʰi3	
濞	pʲʰi3	
嚊	pʰi3	
䑄	pʰi3	
䑄	bi3	
䑄	bʲi3	
㿙	pʰi3	
𦤢	pʰi3	
淠	pʰi3	
淠	pʲʰi3	
備	bi3	
俻	bi3	
𤰇	bi3	
𤰈	bi3	
𡚤	bi3	
奰	bi3	
糒	bi3	
犕	bi3	
絥	bi3	
絥	vuk4	
鞴	bi3	
鞴	bu3	
鞴	vuk4	
𩎓	bi3	
贔	bi3	
𣖾	bi3	
㣁	bi3	
㸢	bi3	
媿	kyj3	
愧	kyj3	
聭	kyj3	
䁛	kyj3	
帥	ʂwɨ3	
帥	ʂut4	
率	ʂwɨ3	
率	ʂut4	
喟	kʰyj3	
喟	kʰwaj3	
嘳	kʰyj3	
嘳	kʰwaj3	
䯣	kʰyj3	
䰎	kʰyj3	
腃	kʰyj3	
䙡	kʰyj3	
尯	kʰyj3	
𨌗	kʰyj3	
豷	xyj3	
豷	ʔʲi3	
嗜	ʐjɨ3	
𩝙	ʐjɨ3	
𨢍	ʐjɨ3	
利	li3	
𥝢	li3	
䬆	li3	
䬆	lit4	
莅	li3	
涖	li3	
痢	li3	
䚕	li3	
膩	ni3	
𦡸	ni3	
䁊	ni3	
䁊	ʔwɑt4	
䣵	ni3	
䣵	ɻjɨ3	
屁	pʲʰi3	
䊧	pʲʰi3	
䊧	fʲi3	
劓	ŋi3	
致	tɻi3	
懫	tɻi3	
懫	tʂit4	
疐	tɻi3	
疐	ti3	
𢷟	tɻi3	
𨆫	tɻi3	
躓	tɻi3	
𨎌	tɻi3	
輊	tɻi3	
騺	tɻi3	
䞃	tɻi3	
𣱐	tɻi3	
𣱐	ʔʲin3	
質	tɻi3	
質	tʂit4	
駤	tɻi3	
棄	kʲʰi3	
弃	kʲʰi3	
夡	kʲʰi3	
㞓	kʲʰi3	
蟿	kʲʰi3	
緻	dɻi3	
稚	dɻi3	
稺	dɻi3	
𦃘	dɻi3	
𩹈	dɻi3	
𠊷	dɻi3	
𢴧	dɻi3	
𩋩	dɻi3	
𦥐	dɻi3	
寐	mʲi3	
杘	tɻʰi3	
𣐉	tɻʰi3	
𦥊	tɻʰi3	
跮	tɻʰi3	
跮	tɻʰit4	
冀	ki3	
兾	ki3	
覬	ki3	
穊	ki3	
驥	ki3	
𩥉	ki3	
洎	ki3	
洎	ɡi3	
懻	ki3	
臮	ɡi3	
暨	ɡi3	
暨	ki3	
暨	kit4	
鱀	ɡi3	
垍	ɡi3	
塈	ɡi3	
塈	xi3	
𣽍	ɡi3	
悸	ɡʲyj3	
猤	ɡʲyj3	
痵	ɡʲyj3	
𡬄	ɡʲyj3	
翠	tsʰyj3	
二	ɻjɨ3	
弍	ɻjɨ3	
貳	ɻjɨ3	
樲	ɻjɨ3	
髶	ɻjɨ3	
恣	tsɨ3	
𣣌	tsɨ3	
𣣌	tsʰɨ3	
次	tsʰɨ3	
䳐	tsʰɨ3	
佽	tsʰɨ3	
絘	tsʰɨ3	
𩾔	tsʰɨ3	
𧊒	tsʰɨ3	
䯸	tsʰɨ3	
懿	ʔi3	
饐	ʔi3	
㙪	ʔi3	
㙪	ʔʲi3	
欭	ʔi3	
鷧	ʔi3	
撎	ʔi3	
亄	ʔi3	
亄	ʔit4	
四	sɨ3	
亖	sɨ3	
𦉭	sɨ3	
肆	sɨ3	
𩬶	sɨ3	
柶	sɨ3	
泗	sɨ3	
牭	sɨ3	
𧳙	sɨ3	
𧳙	ɡi3	
㣈	sɨ3	
駟	sɨ3	
𦞤	sɨ3	
蕼	sɨ3	
肂	sɨ3	
器	kʰi3	
季	kʲyj3	
鼻	bʲi3	
𤹝	bʲi3	
坒	bʲi3	
坒	bʲit4	
襣	bʲi3	
䫁	bʲi3	
痹	pʲi3	
畀	pʲi3	
庇	pʲi3	
萃	dzyj3	
顇	dzyj3	
悴	dzyj3	
㱖	dzyj3	
䆊	dzyj3	
瘁	dzyj3	
地	di3	
墬	di3	
齂	xi3	
齂	xaj3	
齂	mat4	
㕧	xi3	
屓	xi3	
呬	xi3	
𤡬	xi3	
䨳	xi3	
肄	ji3	
殔	ji3	
㡼	ji3	
勩	ji3	
隶	ji3	
㣇	ji3	
㣇	di3	
𥿫	ji3	
諡	ʐjɨ3	
謚	ʐjɨ3	
謚	ʔʲik4	
自	dzɨ3	
嫉	dzɨ3	
嫉	dzit4	
墜	dɻyj3	
懟	dɻyj3	
出	tʂʰyj3	
出	tʂʰyt4	
𤀷	jyj3	
𢣘	jyj3	
瞶	jyj3	
瞶	kyj3	
䗽	jyj3	
侐	xʲyj3	
侐	xyjk4	
轛	tɻyj3	
轛	tuj3	
痓	tʂʰjɨ3	
詄	ʂjɨ3	
詄	djɛt4	
㿷	tʂʰwɨ3	
㿷	tsʰɑw3	
㽷	ʂyj3	
𥤼	ʂyj3	
志	tʂjɨ3	
娡	tʂjɨ3	
䓌	tʂjɨ3	
誌	tʂjɨ3	
痣	tʂjɨ3	
織	tʂjɨ3	
織	tʂik4	
識	tʂjɨ3	
識	ʂik4	
值	dɻi3	
植	dɻi3	
植	ʐik4	
㨁	dɻi3	
㨁	ʐik4	
𠍜	dɻi3	
寺	zɨ3	
嗣	zɨ3	
孠	zɨ3	
飤	zɨ3	
飼	zɨ3	
蚝	tsʰɨ3	
螆	tsʰɨ3	
𧉠	tsʰɨ3	
笥	sɨ3	
試	ʂjɨ3	
弑	ʂjɨ3	
幟	ʂjɨ3	
幟	tʂʰjɨ3	
僿	ʂjɨ3	
胾	tʂɨ3	
事	tʂɨ3	
事	ʐɨ3	
剚	tʂɨ3	
倳	tʂɨ3	
吏	li3	
字	dzɨ3	
牸	dzɨ3	
茡	dzɨ3	
芓	dzɨ3	
䰡	tɻʰi3	
餌	ɻjɨ3	
𩱓	ɻjɨ3	
珥	ɻjɨ3	
衈	ɻjɨ3	
毦	ɻjɨ3	
刵	ɻjɨ3	
佴	ɻjɨ3	
佴	nɑj3	
䎶	ɻjɨ3	
㛅	ɻjɨ3	
䏪	ɻjɨ3	
眲	ɻjɨ3	
眲	niˤk4	
𦖢	ɻjɨ3	
𣳪	ʂɨ3	
𧳅	ʂɨ3	
𨽄	ʂɨ3	
𥥥	ʂɨ3	
廁	tʂʰɨ3	
異	ji3	
潩	ji3	
潩	jik4	
食	ji3	
食	ʐik4	
䔬	ji3	
廙	ji3	
廙	jik4	
置	tɻi3	
侍	ʐjɨ3	
𩛌	ʐɨ3	
忌	ɡi3	
惎	ɡi3	
䋟	ɡi3	
鵋	ɡi3	
誋	ɡi3	
梞	ɡi3	
帺	ɡi3	
𥭜	ɡi3	
熾	tʂʰjɨ3	
饎	tʂʰjɨ3	
𩜮	tʂʰjɨ3	
糦	tʂʰjɨ3	
𡑠	tʂʰjɨ3	
𡑠	ʐik4	
埴	tʂʰjɨ3	
埴	ʐik4	
意	ʔi3	
鷾	ʔi3	
䵝	ʔi3	
記	ki3	
䰯	ŋi3	
豙	ŋi3	
㘈	ŋi3	
㘈	ŋik4	
㽈	ŋi3	
亟	kʰi3	
亟	kik4	
唭	kʰi3	
䀈	kʰi3	
䀈	xi3	
未	ʋʲi3	
味	ʋʲi3	
菋	ʋʲi3	
𩑵	ʋʲi3	
䊊	ʋʲi3	
沬	ʋʲi3	
鮇	ʋʲi3	
𡶎	ʋʲi3	
貴	kyj3	
胃	ɰyj3	
謂	ɰyj3	
㥜	ɰyj3	
媦	ɰyj3	
𦩝	ɰyj3	
緯	ɰyj3	
彙	ɰyj3	
蝟	ɰyj3	
渭	ɰyj3	
煟	ɰyj3	
𩹂	ɰyj3	
𨾂	ɰyj3	
緭	ɰyj3	
𢍚	ɰyj3	
𦳢	ɰyj3	
䬑	ɰyj3	
䬑	ɰyt4	
魏	ŋyj3	
沸	fʲi3	
疿	fʲi3	
芾	fʲi3	
芾	puj3	
芾	fut4	
茀	fʲi3	
茀	fut4	
鯡	fʲi3	
㹃	fʲi3	
𩰾	fʲi3	
𧙂	fʲi3	
䛍	fʲi3	
䟛	fʲi3	
䟛	bwɑt4	
髴	fʲi3	
髴	fut4	
靅	fʲi3	
𣙿	fʲi3	
昲	fʲi3	
𥽂	kʰyj3	
𧝷	kʰyj3	
尉	ʔyj3	
尉	ʔyt4	
㷉	ʔyj3	
熨	ʔyj3	
熨	ʔyt4	
慰	ʔyj3	
畏	ʔyj3	
罻	ʔyj3	
犚	ʔyj3	
蔚	ʔyj3	
蔚	ʔyt4	
螱	ʔyj3	
𧕈	ʔyj3	
褽	ʔyj3	
䲁	ʔyj3	
諱	xyj3	
芔	xyj3	
泋	xyj3	
𥝋	vʲi3	
𦦔	vʲi3	
狒	vʲi3	
㵒	vʲi3	
怫	vʲi3	
怫	vut4	
屝	vʲi3	
𧕿	vʲi3	
䨾	vʲi3	
翡	vʲi3	
𡌦	vʲi3	
𩇪	vʲi3	
䠊	vʲi3	
㔗	vʲi3	
𥄱	vʲi3	
𥄱	pʰwɑt4	
黂	vʲi3	
既	ki3	
溉	ki3	
溉	kɑj3	
𣢆	ki3	
旡	ki3	
蔇	ki3	
毅	ŋi3	
𢖫	ŋi3	
𧅙	ŋi3	
藙	ŋi3	
䉨	ŋi3	
氣	kʰi3	
氣	xi3	
炁	kʰi3	
气	kʰi3	
盵	kʰi3	
愾	xi3	
愾	kʰɑj3	
餼	xi3	
䊠	xi3	
鎎	xi3	
𢟪	xi3	
𢟪	ʔɑj3	
熂	xi3	
黖	xi3	
摡	xi3	
摡	kɑj3	
𧱲	xi3	
䮎	xi3	
犔	xi3	
忥	xi3	
䤒	ɡi3	
御	ŋjɯ3	
馭	ŋjɯ3	
慮	ljɯ3	
勴	ljɯ3	
𥶌	ljɯ3	
𠣊	ljɯ3	
鑢	ljɯ3	
𩥆	ljɯ3	
𡾅	ljɯ3	
𦊼	ljɯ3	
據	kjɯ3	
鋸	kjɯ3	
倨	kjɯ3	
踞	kjɯ3	
澽	kjɯ3	
澽	ɡjɯ3	
𧣻	kjɯ3	
䱟	kjɯ3	
覰	tsʰjɯ3	
䁦	tsʰjɯ3	
刞	tsʰjɯ3	
蜡	tsʰjɯ3	
蜡	dʐa3	
鼁	kʰjɯ3	
㧁	kʰjɯ3	
㧁	kɑp4	
㧁	kʰɑp4	
㧁	ɣɑp4	
𩿟	kʰjɯ3	
署	ʐjɯ3	
薯	ʐjɯ3	
曙	ʐjɯ3	
恕	ʂjɯ3	
庶	ʂjɯ3	
庶	tʂjɯ3	
樜	ʂjɯ3	
樜	tʂja3	
㵂	ʂjɯ3	
箸	tɻjɯ3	
箸	dɻjɯ3	
䬡	tʂjɯ3	
翥	tʂjɯ3	
𤳯	tʂjɯ3	
䭖	tʂjɯ3	
䘄	tʂjɯ3	
𤳐	tʂjɯ3	
𡻠	tʂjɯ3	
㫂	tʂjɯ3	
捒	ʂɯ3	
捒	ʂu3	
㫹	ʂɯ3	
飫	ʔjɯ3	
𩜏	ʔjɯ3	
瘀	ʔjɯ3	
菸	ʔjɯ3	
棜	ʔjɯ3	
筯	dɻjɯ3	
遽	ɡjɯ3	
勮	ɡjɯ3	
絮	sjɯ3	
絮	njɯ3	
絮	tɻʰjɯ3	
絮	na3	
助	dʐɯ3	
詛	tʂɯ3	
豫	jɯ3	
預	jɯ3	
礜	jɯ3	
悆	jɯ3	
𣝑	jɯ3	
蕷	jɯ3	
穥	jɯ3	
忬	jɯ3	
澦	jɯ3	
𡒊	jɯ3	
儊	tʂʰɯ3	
䖏	tʂʰjɯ3	
遇	ŋɥu3	
寓	ŋɥu3	
庽	ŋɥu3	
媀	ŋɥu3	
𤸒	ŋɥu3	
嫗	ʔɥu3	
饇	ʔɥu3	
𦒸	ʐɥu3	
澍	ʐɥu3	
澍	tʂɥu3	
尌	ʐɥu3	
𠊪	ʐɥu3	
住	dɻɥu3	
住	tɻɥu3	
逗	dɻɥu3	
逗	dɨw3	
附	vu3	
祔	vu3	
賻	vu3	
駙	vu3	
鮒	vu3	
䠵	vu3	
蚹	vu3	
胕	vu3	
注	tʂɥu3	
疰	tʂɥu3	
罜	tʂɥu3	
罜	duk4	
㹥	tʂɥu3	
鑄	tʂɥu3	
馵	tʂɥu3	
註	tʂɥu3	
註	tɻɥu3	
霔	tʂɥu3	
㺛	tʂɥu3	
䎷	tʂɥu3	
䎷	fu3	
𠴦	tʂɥu3	
䪒	tʂɥu3	
蛀	tʂɥu3	
屨	kɥu3	
怐	kɥu3	
怐	kʰɨw3	
怐	kɨw3	
怐	xɨw3	
䈮	kɥu3	
邭	kɥu3	
昫	xɥu3	
酗	xɥu3	
𧏺	xɥu3	
戍	ʂɥu3	
腧	ʂɥu3	
𧼯	ʂɥu3	
䠼	ʂɥu3	
㲓	ʂɥu3	
裕	jɥu3	
䘱	jɥu3	
諭	jɥu3	
喻	jɥu3	
籲	jɥu3	
𠕦	jɥu3	
孺	ɻɥu3	
𡦗	ɻɥu3	
㹘	ɻɥu3	
赴	fu3	
𠓗	fu3	
𠓗	pʰiˤk4	
䞯	fu3	
訃	fu3	
䞳	fu3	
䞳	pʰɨw3	
䞳	bujk4	
仆	fu3	
仆	fɨw3	
仆	pʰɨw3	
仆	bujk4	
䟔	fu3	
婏	fu3	
婏	fan3	
務	ʋu3	
婺	ʋu3	
霧	ʋu3	
騖	ʋu3	
𦎦	ʋu3	
䨁	ʋu3	
𨂣	ʋu3	
𦆞	ʋu3	
嵍	ʋu3	
鶩	ʋu3	
鶩	muk4	
足	tsɥu3	
足	tsywk4	
懼	ɡɥu3	
具	ɡɥu3	
埧	ɡɥu3	
䨒	ɰɥu3	
埾	dzɥu3	
付	fu3	
賦	fu3	
傅	fu3	
陚	fu3	
搏	fu3	
搏	pʰɑk4	
搏	pɑk4	
鉒	tɻɥu3	
駐	tɻɥu3	
軴	tɻɥu3	
壴	tɻɥu3	
亍	tɻɥu3	
亍	tɻʰywk4	
𤛐	kʰɥu3	
䜴	tʂʰu3	
䐢	tʂʰu3	
䐢	tʂɨw3	
𨳳	tɻʰɥu3	
𢨸	tɻʰɥu3	
屢	lɥu3	
𡀿	lɥu3	
暮	mu3	
慕	mu3	
募	mu3	
墓	mu3	
慔	mu3	
𥰻	mu3	
渡	du3	
斁	du3	
斁	tu3	
斁	jik4	
度	du3	
度	dɑk4	
𥯖	du3	
路	lu3	
露	lu3	
潞	lu3	
輅	lu3	
鷺	lu3	
璐	lu3	
賂	lu3	
簬	lu3	
簵	lu3	
虂	lu3	
𤻱	lu3	
𦌕	lu3	
妒	tu3	
妬	tu3	
秺	tu3	
𤴱	tu3	
㓃	tu3	
㓃	tɻa3	
蠹	tu3	
螙	tu3	
殬	tu3	
兔	tʰu3	
鵵	tʰu3	
顧	ku3	
頋	ku3	
稒	ku3	
故	ku3	
痼	ku3	
固	ku3	
錮	ku3	
㽽	ku3	
鯝	ku3	
䍛	ku3	
棝	ku3	
凅	ku3	
誤	ŋu3	
悞	ŋu3	
寤	ŋu3	
忤	ŋu3	
啎	ŋu3	
迕	ŋu3	
遻	ŋu3	
晤	ŋu3	
悟	ŋu3	
逜	ŋu3	
窹	ŋu3	
捂	ŋu3	
䎸	ŋu3	
護	ɣu3	
嫭	ɣu3	
頀	ɣu3	
互	ɣu3	
濩	ɣu3	
濩	ɣwɑk4	
濩	ʔwiˤk4	
䇘	ɣu3	
冱	ɣu3	
枑	ɣu3	
䨼	ɣu3	
韄	ɣu3	
𧥮	ɣu3	
鱯	ɣu3	
鱯	ɣwa3	
鱯	ɣwiˤk4	
擭	ɣu3	
擭	ɣwɑk4	
擭	ʔwiˤk4	
𦊂	ɣu3	
𦬚	ɣu3	
訴	su3	
愬	su3	
愬	ʂiˤk4	
𧪜	su3	
泝	su3	
遡	su3	
素	su3	
傃	su3	
嗉	su3	
膆	su3	
𤤐	su3	
塑	su3	
塐	su3	
䛾	su3	
𤢘	su3	
㨞	su3	
祚	dzu3	
胙	dzu3	
阼	dzu3	
𧃘	dzu3	
飵	dzu3	
飵	dzɑk4	
𧇿	dzu3	
秨	dzu3	
秨	dzɑk4	
布	pu3	
佈	pu3	
𠜙	pu3	
𧉩	pu3	
噁	ʔu3	
䜑	ʔu3	
怖	pʰu3	
悑	pʰu3	
𤸵	pʰu3	
𤸵	bu3	
厝	tsʰu3	
厝	tsʰɑk4	
措	tsʰu3	
醋	tsʰu3	
錯	tsʰu3	
錯	tsʰɑk4	
㳻	tsʰu3	
㳻	tʂiˤk4	
㳻	ʂiˤk4	
絝	kʰu3	
袴	kʰu3	
庫	kʰu3	
䔯	kʰu3	
捕	bu3	
哺	bu3	
步	bu3	
𩣝	bu3	
𨛒	bu3	
𩢕	bu3	
作	tsu3	
作	tsʌ3	
作	tsɑk4	
霽	tsi3	
䰏	tsi3	
䰏	tsjɛt4	
䶓	tsi3	
穧	tsi3	
穧	dzi3	
帝	ti3	
諦	ti3	
嚏	ti3	
啑	ti3	
啑	ʂap4	
蔕	ti3	
螮	ti3	
蝃	ti3	
蝃	tʂɥɛt4	
摕	ti3	
摕	di3	
摕	djɛt4	
𦨢	ti3	
䠠	ti3	
䠠	tʂi3	
骶	ti3	
僀	ti3	
𢰂	ti3	
𢰂	di3	
䟡	ti3	
𤬵	ti3	
偙	ti3	
䩚	ti3	
渧	ti3	
嚌	dzi3	
𨣧	dzi3	
䶩	dzi3	
替	tʰi3	
𤾕	tʰi3	
暜	tʰi3	
㬱	tʰi3	
鬀	tʰi3	
鬀	di3	
剃	tʰi3	
戻	tʰi3	
𣧂	tʰi3	
䎮	tʰi3	
𡲕	tʰi3	
达	tʰi3	
𢝹	tʰi3	
𧛒	tʰi3	
殢	tʰi3	
殢	xʲi3	
𣤢	tʰi3	
𥫵	tʰi3	
第	di3	
遰	di3	
髢	di3	
禘	di3	
軑	di3	
軑	daj3	
釱	di3	
釱	daj3	
棣	di3	
杕	di3	
𧫚	di3	
慸	di3	
慸	tɻʰi3	
慸	tɻʰaj3	
墆	di3	
墆	djɛt4	
逮	di3	
逮	daj3	
砌	tsʰi3	
切	tsʰi3	
切	tsʰjɛt4	
𥉻	tsʰi3	
𥉻	tɻʰi3	
𥉻	tʂʰat4	
摖	tsʰi3	
䏅	tsʰi3	
䀙	tsʰi3	
𦕀	tsʰi3	
細	si3	
𥿳	si3	
壻	si3	
𣳦	si3	
詣	ŋʲi3	
𢏗	ŋʲi3	
羿	ŋʲi3	
𦐧	ŋʲi3	
睨	ŋʲi3	
盻	ŋʲi3	
盻	ɣʲi3	
𧡎	ŋʲi3	
甈	ŋʲi3	
甈	kʰi3	
計	kʲi3	
係	kʲi3	
繼	kʲi3	
繫	kʲi3	
繫	ɣʲi3	
薊	kʲi3	
髻	kʲi3	
𨜒	kʲi3	
檵	kʲi3	
蘻	kʲi3	
轚	kʲi3	
轚	kʲik4	
㲅	kʲi3	
䐼	ɣʲi3	
䐼	ɣʲjɛt4	
𦝜	ɣʲi3	
系	ɣʲi3	
𦃟	ɣʲi3	
妎	ɣʲi3	
妎	ɣɑj3	
禊	ɣʲi3	
瘛	ɣʲi3	
瘛	tʂʰi3	
瘛	tʂʰjɛt4	
慀	ɣʲi3	
䦏	ɣʲi3	
䦏	ɣaj3	
稧	ɣʲi3	
契	kʲʰi3	
契	kʰit4	
契	kʲʰjɛt4	
栔	kʲʰi3	
栔	kʲʰjɛt4	
罊	kʲʰi3	
罊	kʰiˤk4	
𦩣	kʲʰi3	
𢢞	kʲʰi3	
䫔	kʲʰi3	
䫔	kʲʰjɛt4	
曀	ʔʲi3	
枍	ʔʲi3	
瘱	ʔʲi3	
㝣	ʔʲi3	
㝣	ʔʲjɛt4	
殪	ʔʲi3	
瞖	ʔʲi3	
医	ʔʲi3	
嫕	ʔʲi3	
蘙	ʔʲi3	
𧬇	ʔʲi3	
殹	ʔʲi3	
謎	mʲi3	
㩢	mʲi3	
㩢	mat4	
㩢	mʲjɛt4	
閉	pʲi3	
閉	pʲjɛt4	
閇	pʲi3	
嬖	pʲi3	
箅	pʲi3	
慧	ɣʲyj3	
憓	ɣʲyj3	
潓	ɣʲyj3	
惠	ɣʲyj3	
蟪	ɣʲyj3	
蕙	ɣʲyj3	
橞	ɣʲyj3	
繐	ɣʲyj3	
繐	syj3	
㩨	ɣʲyj3	
儶	ɣʲyj3	
譓	ɣʲyj3	
鏸	ɣʲyj3	
𦒎	ɣʲyj3	
𦒎	ji3	
桂	kʲyj3	
昋	kʲyj3	
炔	kʲyj3	
筀	kʲyj3	
罣	kʲyj3	
罣	kwa3	
罣	ɣwa3	
𤱾	kʲyj3	
𣧎	kʲyj3	
䳏	kʲyj3	
嘒	xʲyj3	
嚖	xʲyj3	
暳	xʲyj3	
媲	pʲʰi3	
䠘	pʲʰi3	
睥	pʲʰi3	
𣹮	pʲʰi3	
𠞇	pʲʰi3	
薜	bʲi3	
薜	piˤk4	
𨫔	bʲi3	
𨫔	sjɛt4	
𥴬	bʲi3	
𨢡	bʲi3	
𣘥	bʲi3	
戾	li3	
戾	ljɛt4	
㑦	li3	
隸	li3	
隷	li3	
儷	li3	
盭	li3	
盭	ljɛt4	
綟	li3	
綟	ljɛt4	
𠠫	li3	
唳	li3	
唳	ljɛt4	
蜧	li3	
䓞	li3	
沴	li3	
捩	li3	
捩	ljɛt4	
𤃀	li3	
悷	li3	
栛	li3	
丽	li3	
𣛒	li3	
𩘡	li3	
𣟌	li3	
𥱻	tɻʰjɯ1	
𢤇	ni3	
迡	ni3	
㰥	xʲi3	
㚛	xʲi3	
㚛	xʲjɛt4	
祭	tsi3	
祭	tʂaj3	
際	tsi3	
穄	tsi3	
鰶	tsi3	
㦣	tsi3	
㦣	ɰyj3	
㦣	ŋʲi3	
歲	syj3	
櫘	syj3	
𦄑	syj3	
衛	ɰyj3	
軎	ɰyj3	
軎	zyj3	
轊	ɰyj3	
轊	zyj3	
璏	ɰyj3	
璏	dɻi3	
璏	ɰɥɛt4	
𥶽	ɰyj3	
𧲝	ɰyj3	
𧲔	ɰyj3	
槥	ɰyj3	
槥	zyj3	
讆	ɰyj3	
𤜂	ɰyj3	
𤜂	kyj3	
𤜂	ɡyj3	
熭	ɰyj3	
熭	ɰɥɛt4	
芮	ɻyj3	
汭	ɻyj3	
枘	ɻyj3	
蜹	ɻyj3	
蜹	jyj3	
蜹	ɻɥɛt4	
笍	ɻyj3	
笍	tɻyj3	
鈉	ɻyj3	
贅	tʂyj3	
𠻜	ʂwaj3	
𠻜	ʂwat4	
毳	tsʰyj3	
毳	tʂʰwaj3	
韢	tsʰyj3	
脃	tsʰyj3	
膬	tsʰyj3	
膬	tsʰɥɛt4	
脆	tsʰyj3	
帨	tsʰyj3	
帨	ʂyj3	
竁	tsʰyj3	
竁	tʂʰwaj3	
竁	tʂʰɥɛn3	
𣃍	tsʰyj3	
𣃍	tʂʰwaj3	
𧑎	tsʰyj3	
𧑎	tsyj3	
𧑎	tsuj3	
㓹	tsʰyj3	
㯔	tsʰyj3	
㯔	tʂʰwaj3	
𤂳	tsʰyj3	
𤂳	sɥɛn3	
銳	jyj3	
銳	duj3	
銴	jyj3	
銴	ʐi3	
叡	jyj3	
睿	jyj3	
䓲	jyj3	
䓲	jɥɛt4	
綴	tɻyj3	
綴	tɻɥɛt4	
醊	tɻyj3	
醊	tɻɥɛt4	
畷	tɻyj3	
畷	tɻɥɛt4	
䄌	tɻyj3	
啜	tɻyj3	
啜	ʐyj3	
啜	tʂʰɥɛt4	
啜	tɻɥɛt4	
啜	ʐɥɛt4	
餟	tɻyj3	
餟	tɻɥɛt4	
腏	tɻyj3	
腏	twɑt4	
腏	tɻɥɛt4	
錣	tɻyj3	
錣	tɻwat4	
卂	tɻyj3	
卂	sin3	
輟	tɻyj3	
輟	tɻɥɛt4	
稅	ʂyj3	
說	ʂyj3	
說	jɥɛt4	
說	ʂɥɛt4	
裞	ʂyj3	
裞	tʰuj3	
蛻	ʂyj3	
蛻	tʰuj3	
蛻	tʰwʌ3	
蛻	jɥɛt4	
涗	ʂyj3	
䬽	ʂyj3	
䬽	luj3	
弊	bʲi3	
斃	bʲi3	
幣	bʲi3	
㡀	bʲi3	
敝	bʲi3	
篲	zyj3	
𥱵	zyj3	
𥱵	zip4	
鏏	zyj3	
䵻	zyj3	
𢅫	zyj3	
蔽	pʲi3	
鄨	pʲi3	
鄨	pʲjɛt4	
鷩	pʲi3	
鷩	pʲjɛt4	
彆	pʲi3	
劌	kyj3	
鱖	kyj3	
鱖	kɥɛt4	
𠜾	kyj3	
𠜾	kyt4	
𨇙	kyj3	
蹶	kyj3	
蹶	kɥɛt4	
蹶	ɡɥɛt4	
袂	mʲi3	
㡜	ʂaj3	
㡜	sjɛt4	
㡜	sɥɛt4	
鎩	ʂaj3	
鎩	ʂat4	
蔱	ʂaj3	
蔱	ʂat4	
掣	tʂʰi3	
掣	tʂʰjɛt4	
痸	tʂʰi3	
𤸪	tʂʰi3	
𢜳	tʂʰi3	
銐	tʂʰi3	
銐	dɻi3	
𤢻	tʂʰi3	
制	tʂi3	
𠛐	tʂi3	
𦜗	tʂi3	
淛	tʂi3	
製	tʂi3	
䎺	tʂi3	
晢	tʂi3	
晢	tʂjɛt4	
䇽	tʂi3	
㛳	tʂi3	
㛳	ji3	
㝂	tʂi3	
䱥	tʂi3	
䀸	tʂi3	
䀸	tɻʰi3	
䀸	tʂjɛt4	
狾	tʂi3	
𥍭	tʂi3	
䩢	tʂi3	
䩢	tʂjɛt4	
䭁	tʂi3	
迣	tʂi3	
逝	ʐi3	
忕	ʐi3	
忕	tʰaj3	
忕	daj3	
觢	ʐi3	
噬	ʐi3	
誓	ʐi3	
𣂯	ʐi3	
筮	ʐi3	
簭	ʐi3	
澨	ʐi3	
遾	ʐi3	
𧻸	ʐi3	
𦚨	ʐi3	
曳	ji3	
裔	ji3	
𤤺	ji3	
泄	ji3	
泄	sjɛt4	
洩	ji3	
𤵺	ji3	
䎈	ji3	
枻	ji3	
詍	ji3	
𢘽	ji3	
𢘽	tɻʰi3	
靾	ji3	
跇	ji3	
跇	tɻʰi3	
𠂆	ji3	
袣	ji3	
䄿	ji3	
𪀕	ji3	
㵝	ji3	
㑜	ji3	
㑜	tɻʰi3	
抴	ji3	
抴	jɛt4	
䇩	ji3	
㹭	ji3	
丿	ji3	
丿	pʲʰjɛt4	
㵩	ji3	
𢂼	ji3	
呭	ji3	
䕍	ji3	
䋵	ʔi3	
瘞	ʔi3	
餲	ʔi3	
餲	ʔaj3	
餲	ɣɑt4	
餲	ʔɑt4	
𦝲	ʔi3	
䔽	ʔi3	
䔽	ʔɑj3	
藝	ŋʲi3	
埶	ŋʲi3	
蓺	ŋʲi3	
寱	ŋʲi3	
囈	ŋʲi3	
槸	ŋʲi3	
褹	ŋʲi3	
褹	naj3	
滯	dɻi3	
彘	dɻi3	
蹛	dɻi3	
蹛	taj3	
𦭮	dɻi3	
𩻼	dɻi3	
例	li3	
厲	li3	
礪	li3	
勵	li3	
禲	li3	
癘	li3	
㾐	li3	
鮤	li3	
鮤	ljɛt4	
濿	li3	
砅	li3	
蠣	li3	
蠇	li3	
櫔	li3	
𩧃	li3	
𩢾	li3	
𩢾	ljɛt4	
䅀	li3	
䅀	ljɛt4	
𥣭	li3	
𧸱	li3	
糲	li3	
糲	laj3	
糲	lat4	
巁	li3	
犡	li3	
犡	laj3	
栵	li3	
栵	ljɛt4	
𢂥	li3	
𢤆	li3	
洌	li3	
洌	ljɛt4	
憩	kʰi3	
𡳅	kʰi3	
䔾	kʰi3	
䔾	ɣɑt4	
愒	kʰi3	
愒	kʰɑj3	
愒	kʰjɛt4	
揭	kʰi3	
揭	kjɛt4	
揭	ɡjɛt4	
揭	kʰjɛt4	
世	ʂi3	
勢	ʂi3	
貰	ʂi3	
貰	ʐja3	
猘	ki3	
𦇧	ki3	
罽	ki3	
𣯅	ki3	
瀱	ki3	
訐	ki3	
訐	kjɛt4	
彐	ki3	
蘮	ki3	
㿃	tɻi3	
㿃	taj3	
偈	ɡi3	
偈	ɡjɛt4	
𧼪	tɻʰi3	
傺	tɻʰi3	
䚢	tɻʰi3	
䚢	tɻʰjɛt4	
䟷	tɻʰi3	
𨂰	tɻʰi3	
𨧨	dɻyj3	
㓷	ŋi3	
蕝	tsyj3	
蕝	tsɥɛt4	
㨹	tsyj3	
㨹	sɥɛt4	
潎	pʲʰi3	
潎	pʲʰjɛt4	
𥏙	kʰyj3	
䂕	xyj3	
泰	tʰaj3	
太	tʰaj3	
汰	tʰaj3	
蓋	kɑj3	
蓋	ɣɑp4	
蓋	kɑp4	
匃	kɑj3	
匃	kɑt4	
丐	kɑj3	
艾	ŋɑj3	
艾	ŋi3	
𧰿	ŋɑj3	
鴱	ŋɑj3	
藹	ʔɑj3	
壒	ʔɑj3	
馤	ʔɑj3	
靄	ʔɑj3	
靄	ʔɑt4	
𣋞	ʔɑj3	
𣩱	ʔɑj3	
𢣏	ʔɑj3	
𪕭	ʔɑj3	
曖	ʔɑj3	
柰	nɑj3	
奈	nɑj3	
奈	nʌ3	
㲡	nɑj3	
𩹟	nɑj3	
渿	nɑj3	
大	daj3	
大	dʌ3	
大	da3	白
汏	daj3	
汏	tʰat4	
䲦	daj3	
𪐝	daj3	
㐲	daj3	
害	ɣɑj3	
𡕗	ɣɑj3	
𢞐	ɣɑj3	
帶	taj3	
跢	taj3	
跢	tʌ3	
𢄔	taj3	
艜	taj3	
㯂	taj3	
貝	puj3	
沛	puj3	
沛	pʰuj3	
𨙶	puj3	
鋇	puj3	
䟺	puj3	
䟺	buj3	
狽	puj3	
㸬	puj3	
伂	puj3	
䰽	puj3	
茷	puj3	
茷	vʲi3	
茷	vat4	
𣬪	puj3	
𥄔	puj3	
𥄔	pʰuj3	
𢂏	puj3	
霈	pʰuj3	
浿	pʰuj3	
浿	pʰaj3	
㤄	pʰuj3	
㤄	fʲi3	
㤄	fat4	
㤄	pwɑt4	
會	ɣuj3	
會	kuj3	
䢈	ɣuj3	
𨘇	ɣuj3	
𨘇	ɣʲjɛn3	
禬	ɣuj3	
禬	kuj3	
繪	ɣuj3	
兌	duj3	
𩊭	duj3	
綐	duj3	
㟋	duj3	
儈	kuj3	
膾	kuj3	
鱠	kuj3	
襘	kuj3	
檜	kuj3	
檜	kwɑt4	
旝	kuj3	
巜	kuj3	
澮	kuj3	
鄶	kuj3	
廥	kuj3	
䯤	kuj3	
鬠	kuj3	
鬠	ɣwɑt4	
劊	kuj3	
劊	kwɑt4	
䐴	kuj3	
𢶒	kuj3	
獪	kuj3	
獪	kwaj3	
最	tsuj3	
𢃒	tsuj3	
𧬨	xuj3	
噦	xuj3	
噦	ʔɥɛt4	
翽	xuj3	
鐬	xuj3	
渙	xuj3	
渙	xwɑn3	
濊	xuj3	
濊	ʔuj3	
濊	ʔyj3	
濊	xwɑt4	
𥢶	kʰuj3	
𥢶	kʰwaj3	
酹	luj3	
頪	luj3	
㲕	luj3	
㲕	lɥɛt4	
㱻	luj3	
㱻	lwʌ3	
外	ŋuj3	
祋	tuj3	
祋	twɑt4	
懀	ʔuj3	
懀	ʔwaj3	
薈	ʔuj3	
嬒	ʔuj3	
嬒	ʔwɑt4	
䶐	ʔuj3	
䶐	ʔwaj3	
瞺	ʔuj3	
䵳	ʔuj3	
䵳	ʔwaj3	
蕞	dzuj3	
𥳣	dzuj3	
𥕸	suj3	
𣩡	suj3	
𥊴	suj3	
襊	tsʰuj3	
襊	tsʰwɑt4	
𨅎	tsʰuj3	
𥨒	tsʰuj3	
旆	buj3	
軷	buj3	
軷	bwɑt4	
磕	kʰɑj3	
磕	kʰɑt4	
磕	kʰɑp4	
䳚	kʰɑj3	
䳚	kʰɑn3	
䳚	kʰɑt4	
轄	kʰɑj3	
轄	ɣat4	
溘	kʰɑj3	
溘	kʰɑp4	
𥎆	kʰɑj3	
𩫀	kʰɑj3	
㪡	kʰɑj3	
𨜴	kʰɑj3	
𨜴	ɣɑp4	
𨜴	kɑp4	
蔡	tsʰaj3	
𣞖	tsʰaj3	
𪇭	tsʰaj3	
賴	laj3	
籟	laj3	
癩	laj3	
癩	lat4	
瀨	laj3	
䄤	laj3	
藾	laj3	
䓶	laj3	
䓶	lat4	
䲚	laj3	
䲚	tʰat4	
𨇆	laj3	
㸊	laj3	
鵣	laj3	
𡂖	laj3	
餀	xɑj3	
𦤦	xɑj3	
𦤦	xɑt4	
㺔	xɑj3	
𤵽	xɑj3	
𩹄	xɑj3	
娧	tʰuj3	
娧	jɥɛt4	
駾	tʰuj3	
毻	tʰuj3	
毻	tʰwʌ3	
眜	muj3	
眜	mwɑt4	
沫	muj3	
沫	mwɑt4	
枺	muj3	
𦦣	tsʰuj3	
卦	kwa3	
挂	kwa3	
掛	kwa3	
詿	kwa3	
詿	ɣwa3	
懈	kaj3	
繲	kaj3	
廨	kaj3	
㾏	kaj3	
隘	ʔaj3	
𨽴	ʔaj3	
阸	ʔaj3	
阸	ʔiˤk4	
䅬	ʔaj3	
賹	ʔaj3	
邂	ɣaj3	
賣	maj3	
畫	ɣwa3	
畫	ɣwiˤk4	
澅	ɣwa3	
繣	ɣwa3	
繣	xwiˤk4	
衩	tʂʰa3	
㳗	tʂʰaj3	
訍	tʂʰaj3	
𧪘	tʂʰaj3	
睚	ŋaj3	
𢈕	paj3	
粺	baj3	
稗	baj3	
眦	dʐaj3	
派	pʰa3	
𠂢	pʰaj3	
𥿯	pʰaj3	
𣏟	pʰaj3	
㵺	pʰaj3	
㭛	pʰaj3	
𣎳	pʰaj3	
𣎳	pʲʰin3	
債	tʂaj3	
債	tʂiˤk4	
𨛖	kʰaj3	
䵘	ʂaj3	
𨢦	ʂaj3	
汛	ʂaj3	
汛	sin3	
汛	sjɛn3	
諣	xwa3	
㠔	paj3	
膪	tɻaj3	
膪	tɻa3	
𢕮	tɻaj3	
𢕮	tɻa3	
怪	kwaj3	
恠	kwaj3	
𥑋	kwaj3	
𦳋	kwaj3	
𣀤	kwaj3	
壞	kwaj3	
壞	ɣwaj3	
𡌪	kwaj3	
㧔	kwaj3	
呝	ʔaj3	
呝	ʔiˤk4	
瘵	tʂaj3	
𨝋	tʂaj3	
誡	kaj3	
戒	kaj3	
界	kaj3	
介	kaj3	
屆	kaj3	
疥	kaj3	
玠	kaj3	
㝏	kaj3	
㠹	kaj3	
砎	kaj3	
砎	kat4	
砎	ɣat4	
魪	kaj3	
尬	kaj3	
价	kaj3	
䯰	kaj3	
悈	kaj3	
悈	kik4	
䲸	kaj3	
芥	kaj3	
衸	kaj3	
衸	ɣaj3	
丯	kaj3	
𠨴	kaj3	
𩡺	kaj3	
譮	xaj3	
㖑	xaj3	
噧	xaj3	
噧	tʰat4	
䜕	xaj3	
䜕	maj3	
㞒	xaj3	
𢗊	xaj3	
械	ɣaj3	
䪥	ɣaj3	
薤	ɣaj3	
齘	ɣaj3	
瀣	ɣaj3	
瀣	ɣɑj3	
㒠	ɣaj3	
韰	ɣaj3	
𤡧	ɣaj3	
㳦	ɣaj3	
𦗐	ŋaj3	
𢟰	ŋaj3	
𧏹	ŋaj3	
蒯	kʰwaj3	
嬇	kʰwaj3	
嬇	ɣuj3	
㕟	kʰwaj3	
𢷎	paj3	
拜	paj3	
扒	paj3	
扒	pat4	
扒	pjɛt4	
湃	pʰaj3	
𡎯	ɣwaj3	
蘾	ɣwaj3	
聵	ŋwaj3	
𦖥	ŋwaj3	
𩔀	ŋwaj3	
憊	baj3	
𤸶	baj3	
韛	baj3	
𣡖	baj3	
𦩋	baj3	
㶔	baj3	
䀛	maj3	
䀛	mwɑt4	
𧱘	maj3	
韎	maj3	
韎	mwɑt4	
𧱳	xwaj3	
躗	xwaj3	
𣟉	xwaj3	
𣸎	xwaj3	
咶	xwaj3	
咶	ɣwat4	
𧜁	ʂaj3	
殺	ʂaj3	
殺	ʂat4	
閷	ʂaj3	
烗	kʰaj3	
𤈪	kʰaj3	
劾	kʰaj3	
劾	ɣɑj3	
劾	ɣɨjk4	
夬	kwaj3	
快	kʰwaj3	
噲	kʰwaj3	
駃	kʰwaj3	
駃	kʲɥɛt4	
璯	kʰwaj3	
邁	maj3	
勱	maj3	
佅	maj3	
話	ɣwa3	
敗	baj3	
敗	paj3	
贁	baj3	
䢙	baj3	
唄	baj3	
嘬	tʂʰwaj3	
䴝	tʂʰwaj3	
𣤌	tʂʰwaj3	
𠽶	tʂʰwaj3	
犗	kaj3	
𧜅	kaj3	
蠆	tɻʰaj3	
喝	ʔaj3	
喝	xɑt4	
嗄	ʔaj3	
嗄	ʂa3	
欬	ʔaj3	
欬	kʰɑj3	
𠱡	ʂaj3	
𠱡	sat4	
𦤧	dɻaj3	
𦤬	xaj3	
啐	tʂʰwaj3	
啐	tsʰuj3	
啐	suj3	
啐	tsyt4	
寨	dʐaj3	
寨	sɨjk4	
砦	dʐaj3	
㕢	ɣaj3	
㕢	kɑj3	
隊	duj3	
䨴	duj3	
薱	duj3	
憝	duj3	
憞	duj3	
譈	duj3	
鐓	duj3	
䃍	duj3	
䯟	duj3	
𩐌	duj3	
濧	duj3	
佩	buj3	
珮	buj3	
孛	buj3	
孛	but4	
鄁	buj3	
邶	buj3	
偝	buj3	
誖	buj3	
誖	puj3	
誖	but4	
悖	buj3	
悖	but4	
背	buj3	
背	puj3	
𢂤	buj3	
苝	buj3	
妹	muj3	
昧	muj3	
眛	muj3	
痗	muj3	
痗	xuj3	
瑁	muj3	
瑁	mɑw3	
瑁	muk4	
配	pʰuj3	
昢	pʰuj3	
昢	pʰut4	
嶏	pʰuj3	
嶏	fut4	
誨	xuj3	
晦	xuj3	
𠧩	xuj3	
靧	xuj3	
頮	xuj3	
秏	xuj3	
秏	xɑw3	
𩔁	xuj3	
詯	xuj3	
詯	ɣuj3	
𣴵	xuj3	
對	tuj3	
𡭊	tuj3	
碓	tuj3	
𣝉	tuj3	
𠏮	tuj3	
倅	tsʰuj3	
倅	tsut4	
淬	tsʰuj3	
焠	tsʰuj3	
䃀	tsʰuj3	
晬	tsuj3	
祽	tsuj3	
𪓌	tsuj3	
綷	tsuj3	
夎	tsuj3	
夎	tswʌ3	
𩲄	ʔuj3	
退	tʰuj3	
𢓴	tʰuj3	
𨓤	tʰuj3	
㥆	tʰuj3	
㥆	tʰut4	
𡯵	tʰuj3	
憒	kuj3	
幗	kuj3	
幗	kwiˤk4	
慖	kuj3	
慖	kwiˤk4	
簂	kuj3	
䈐	kuj3	
𪏤	kuj3	
蔮	kuj3	
潰	ɣuj3	
繢	ɣuj3	
殨	ɣuj3	
闠	ɣuj3	
䛛	ɣuj3	
塊	kʰuj3	
凷	kʰuj3	
碎	suj3	
𤭢	suj3	
繀	suj3	
內	nuj3	
纇	luj3	
攂	luj3	
䒹	luj3	
𥣬	luj3	
𡔇	luj3	
銇	luj3	
錑	luj3	
輩	puj3	
代	daj3	
岱	daj3	
黛	daj3	
黱	daj3	
埭	daj3	
𡍖	daj3	
帒	daj3	
袋	daj3	
𤮼	daj3	
酨	daj3	
酨	dzaj3	
瑇	daj3	
瑇	duk4	
靆	daj3	
再	tsaj3	
𨚵	tsaj3	
𩛥	tsaj3	
䵧	tsaj3	
賽	saj3	
簺	saj3	
塞	saj3	
塞	sɨjk4	
𢞝	saj3	
貸	tʰaj3	
態	tʰaj3	
曃	tʰaj3	
槩	kɑj3	
𠌰	kɑj3	
㧉	kɑj3	
慨	kʰɑj3	
嘅	kʰɑj3	
礙	ŋɑj3	
硋	ŋɑj3	
䙷	ŋɑj3	
䙷	tɨjk4	
閡	ŋɑj3	
懝	ŋɑj3	
懝	ŋik4	
愛	ʔɑj3	
㤅	ʔɑj3	
𥴨	ʔɑj3	
薆	ʔɑj3	
璦	ʔɑj3	
㤥	ɣɑj3	
耐	nɑj3	
螚	nɑj3	
𣉘	nɑj3	
𣉘	nɨjk4	
戴	taj3	
賚	laj3	
睞	laj3	
勑	laj3	
䚅	laj3	
菜	tsʰaj3	
埰	tsʰaj3	
棌	tsʰaj3	
䐆	tsʰaj3	
𣿐	dzaj3	
𣿐	dzɨjk4	
廢	fʲi3	
癈	fʲi3	
𤼺	fʲi3	
橃	fʲi3	
橃	vat4	
祓	fʲi3	
祓	fut4	
𥳊	fʲi3	
䉬	fʲi3	
䚨	fʲi3	
䚨	bwɑt4	
砩	fʲi3	
肺	fʲi3	
杮	fʲi3	
䑔	fʲi3	
䑔	vat4	
穢	ʔyj3	
薉	ʔyj3	
獩	ʔyj3	
饖	ʔyj3	
䮹	ʔyj3	
吠	vʲi3	
𩵥	vʲi3	
鼣	vʲi3	
喙	xyj3	
𤸁	xyj3	
𣨶	xyj3	
餯	xyj3	
顪	xyj3	
刈	ŋi3	
乂	ŋi3	
㲼	ŋi3	
㣻	ŋi3	
𩾘	ŋi3	
䖊	ŋi3	
䢃	ŋi3	
震	tʂin3	
挋	tʂin3	
䟴	tʂin3	
䳲	tʂin3	
信	sin3	
訊	sin3	
訙	sin3	
迅	sin3	
迅	syn3	
囟	sin3	
顖	sin3	
𤜢	sin3	
刃	ɻin3	
認	ɻin3	
認	ɻiŋ3	
肕	ɻin3	
韌	ɻin3	
仞	ɻin3	
軔	ɻin3	
牣	ɻin3	
杒	ɻin3	
訒	ɻin3	
𢂻	ɻin3	
䀼	ɻin3	
胤	jin3	
酳	jin3	
朄	jin3	
洕	jin3	
𨋙	jin3	
遴	lin3	
吝	lin3	
悋	lin3	
閵	lin3	
𥳞	lin3	
粦	lin3	
藺	lin3	
轥	lin3	
䗲	lin3	
𠄈	lin3	
䉮	lin3	
𦺸	lin3	
甐	lin3	
𧶆	lin3	
𧖔	lin3	
𤌎	lin3	
躙	lin3	
擯	pʲin3	
殯	pʲin3	
鬢	pʲin3	
覕	pʲin3	
覕	mʲjɛt4	
𧸈	pʲin3	
陣	dɻin3	
𨳌	dɻin3	
慎	ʐin3	
昚	ʐin3	
抻	ʂin3	
菣	kʲʰin3	
菣	kʲʰjɛn3	
賮	dzin3	
燼	dzin3	
㶳	dzin3	
藎	dzin3	
璶	dzin3	
憖	ŋin3	
猌	ŋin3	
垽	ŋin3	
晉	tsin3	
㬜	tsin3	
搢	tsin3	
縉	tsin3	
䗯	tsin3	
進	tsin3	
枃	tsin3	
瑨	tsin3	
𦎷	tsin3	
衅	xin3	
釁	xin3	
舋	xin3	
瑱	tɻin3	
瑱	tʰjɛn3	
僅	ɡin3	
覲	ɡin3	
殣	ɡin3	
瑾	ɡin3	
饉	ɡin3	
㝻	ɡin3	
廑	ɡin3	
𠞱	ɡin3	
歏	ɡin3	
櫬	tʂʰɨn3	
嚫	tʂʰɨn3	
䞋	tʂʰɨn3	
襯	tʂʰɨn3	
儭	tʂʰɨn3	
儭	tsʰin3	
印	ʔʲin3	
鮣	ʔʲin3	
𩂥	ʔʲin3	
疢	tɻʰin3	
𩰗	pʲʰin3	
呁	kʲyn3	
稕	tʂyn3	
𦽑	tʂyn3	
盹	tʂyn3	
𡺲	syn3	
峻	syn3	
濬	syn3	
浚	syn3	
陖	syn3	
埈	syn3	
鵕	syn3	
𢏤	syn3	
𧸩	syn3	
晙	syn3	
晙	tsyn3	
迿	syn3	
迿	ɣʲɥɛn3	
殉	zyn3	
徇	zyn3	
侚	zyn3	
𢓈	zyn3	
儁	tsyn3	
俊	tsyn3	
餕	tsyn3	
畯	tsyn3	
駿	tsyn3	
𪕞	tsyn3	
寯	tsyn3	
焌	tsyn3	
焌	tsun3	
焌	tsʰyt4	
𤮪	tsyn3	
舜	ʂyn3	
䑞	ʂyn3	
蕣	ʂyn3	
瞬	ʂyn3	
瞚	ʂyn3	
鬊	ʂyn3	
閏	ɻyn3	
潤	ɻyn3	
䏰	ɻyn3	
順	ʐyn3	
問	ʋun3	
璺	ʋun3	
紊	ʋun3	
莬	ʋun3	
運	ɰyn3	
暈	ɰyn3	
䩵	ɰyn3	
韗	ɰyn3	
韗	xɥɛn3	
鄆	ɰyn3	
䲰	ɰyn3	
韻	ɰyn3	
䚋	ɰyn3	
訓	xyn3	
爋	xyn3	
瀵	fun3	
糞	fun3	
𥻔	fun3	
拚	fun3	
拚	bjɛn3	
僨	fun3	
奮	fun3	
㱵	fun3	
慍	ʔyn3	
攈	kyn3	
捃	kyn3	
𧱝	kyn3	
𧱝	kyt4	
𧱝	ɡyt4	
𧱝	kɥɛt4	
䝍	kyn3	
郡	ɡyn3	
秎	vun3	
焮	xin3	
𤴾	xin3	
𦜓	xin3	
靳	kin3	
㧆	kin3	
劤	kin3	
懚	ʔin3	
檼	ʔin3	
𤔌	ʔin3	
㡥	ʔin3	
願	ŋɥɛn3	
𩕾	ŋɥɛn3	
傆	ŋɥɛn3	
愿	ŋɥɛn3	
販	fan3	
畈	fan3	
券	kʰɥɛn3	
絭	kʰɥɛn3	
絭	kɥɛn3	
絭	kywk4	
勸	kʰɥɛn3	
万	ʋan3	
万	mujk4	
萬	ʋan3	
蟃	ʋan3	
𨞼	ʋan3	
䝡	ʋan3	
𩆊	ʋan3	
𦂔	ʋan3	
贎	ʋan3	
䡬	ʋan3	
𩚳	van3	
閞	van3	
閞	bjɛn3	
𥹇	van3	
㶗	van3	
𧉤	van3	
嬎	fan3	
㽹	fan3	
𨠒	fan3	
𡗹	fan3	
𣀔	fan3	
𣀔	tʂʰwan3	
㤆	fan3	
奿	fan3	
㪻	fan3	
汳	fan3	
建	kjɛn3	
旔	kjɛn3	
傿	ʔjɛn3	
㰽	ʔjɛn3	
𡙷	ʔjɛn3	
憲	xjɛn3	
𧾨	xjɛn3	
瀗	xjɛn3	
楥	xɥɛn3	
楦	xɥɛn3	
𩋢	xɥɛn3	
健	ɡjɛn3	
𤬝	ŋjɛn3	
鬳	ŋjɛn3	
卛	kɥɛn3	
慁	ɣun3	
溷	ɣun3	
圂	ɣun3	
頓	tun3	
扽	tun3	
巽	sun3	
顨	sun3	
潠	sun3	
𠹀	sun3	
遜	sun3	
愻	sun3	
困	kʰun3	
𣏔	kʰun3	
涃	kʰun3	
嫩	nun3	
媆	nun3	
抐	nun3	
抐	nut4	
䭡	ʔun3	
䭡	ʔɨn3	
悶	mun3	
鐏	dzun3	
臶	dzun3	
臶	dzjɛn3	
栫	dzun3	
栫	dzjɛn3	
𦪚	dzun3	
璭	kun3	
㴫	kun3	
𧬪	kun3	
謴	kun3	
鈍	dun3	
鶨	dun3	
鶨	tɻʰɥɛn3	
𩔂	dun3	
寸	tsʰun3	
䍎	tsʰun3	
䍎	tsʰjɛn3	
𣴞	bun3	
諢	ŋun3	
溣	lun3	
𩯄	tsun3	
恨	ɣɨn3	
艮	kɨn3	
茛	kɨn3	
䭓	ŋɨn3	
扞	ɣɑn3	
螒	ɣɑn3	
垾	ɣɑn3	
釬	ɣɑn3	
悍	ɣɑn3	
瀚	ɣɑn3	
閈	ɣɑn3	
𤿧	ɣɑn3	
駻	ɣɑn3	
雗	ɣɑn3	
䏷	ɣɑn3	
㢨	ɣɑn3	
㲦	ɣɑn3	
𩹼	ɣɑn3	
炭	tʰan3	
歎	tʰan3	
湠	tʰan3	
𣁗	tʰan3	
㛶	tʰan3	
按	ʔɑn3	
案	ʔɑn3	
洝	ʔɑn3	
晏	ʔɑn3	
晏	ʔan3	
荌	ʔɑn3	
䅁	ʔɑn3	
旦	tan3	
鴠	tan3	
怛	tan3	
怛	tat4	
㡺	tan3	
憚	dan3	
旰	kɑn3	
榦	kɑn3	
倝	kɑn3	
幹	kɑn3	
杆	kɑn3	
𧹳	kɑn3	
盰	kɑn3	
骭	kɑn3	
骭	ɣan3	
涆	kɑn3	
𢁗	kɑn3	
岸	ŋɑn3	
䮗	ŋɑn3	
㷳	ŋɑn3	
𡹼	ŋɑn3	
喭	ŋɑn3	
喭	ŋjɛn3	
𨲊	ŋɑn3	
偘	kʰɑn3	
漢	xɑn3	
𤳉	xɑn3	
𡅽	xɑn3	
𡅽	xwɑn3	
𤅩	xɑn3	
䎯	xɑn3	
爛	lan3	
爤	lan3	
𢒞	lan3	
糷	lan3	
鑭	lan3	
𦍀	nan3	
粲	tsʰan3	
㛑	tsʰan3	
燦	tsʰan3	
璨	tsʰan3	
薒	tsʰan3	
𪆶	tsʰan3	
贊	tsan3	
讚	tsan3	
饡	tsan3	
灒	tsan3	
𩛻	tsan3	
㜺	tsan3	
㜺	dzan3	
攢	tsan3	
攢	dzwɑn3	
𣧻	dzan3	
囋	dzan3	
囋	dzat4	
換	ɣwɑn3	
逭	ɣwɑn3	
𩁧	ɣwɑn3	
肒	ɣwɑn3	
䯘	ɣwɑn3	
漶	ɣwɑn3	
䀓	ɣwɑn3	
𤴯	ɣwɑn3	
惋	ʔwɑn3	
腕	ʔwɑn3	
𢯲	ʔwɑn3	
捥	ʔwɑn3	
矔	kwɑn3	
矔	kwan3	
祼	kwɑn3	
館	kwɑn3	
瓘	kwɑn3	
罐	kwɑn3	
𤼐	kwɑn3	
灌	kwɑn3	
雚	kwɑn3	
鸛	kwɑn3	
樌	kwɑn3	
鏆	kwɑn3	
爟	kwɑn3	
遦	kwɑn3	
悺	kwɑn3	
竄	tsʰwɑn3	
鑹	tsʰwɑn3	
爨	tsʰwɑn3	
殩	tsʰwɑn3	
玩	ŋwɑn3	
貦	ŋwɑn3	
翫	ŋwɑn3	
妧	ŋwɑn3	
段	dwɑn3	
毈	dwɑn3	
椴	dwɑn3	
亂	lwɑn3	
𢿢	lwɑn3	
𤔔	lwɑn3	
鍛	twɑn3	
腶	twɑn3	
碫	twɑn3	
瑖	twɑn3	
彖	tʰwɑn3	
褖	tʰwɑn3	
湪	tʰwɑn3	
喚	xwɑn3	
嚾	xwɑn3	
煥	xwɑn3	
奐	xwɑn3	
𥈉	xwɑn3	
筭	swɑn3	
蒜	swɑn3	
笇	swɑn3	
祘	swɑn3	
縵	mwɑn3	
縵	man3	
幔	mwɑn3	
漫	mwɑn3	
𣁜	mwɑn3	
䝢	mwɑn3	
半	pwɑn3	
絆	pwɑn3	
靽	pwɑn3	
姅	pwɑn3	
姅	pʰwɑn3	
𩢔	pwɑn3	
㪵	pwɑn3	
𠯘	pwɑn3	
判	pʰwɑn3	
泮	pʰwɑn3	
頖	pʰwɑn3	
沜	pʰwɑn3	
胖	pʰwɑn3	
冸	pʰwɑn3	
牉	pʰwɑn3	
叛	bwɑn3	
𡞟	bwɑn3	
畔	bwɑn3	
𪋐	nwɑn3	
諫	kan3	
澗	kan3	
鐧	kan3	
鴈	ŋan3	
鳫	ŋan3	
雁	ŋan3	
贗	ŋan3	
偐	ŋan3	
𤜵	ŋan3	
𤜵	kan3	
𤜵	ŋʲjɛn3	
騴	ʔan3	
䁙	ʔan3	
鴳	ʔan3	
鷃	ʔan3	
柵	ʂan3	
柵	tʂʰiˤk4	
䴮	ʂan3	
娨	ɣan3	
慢	man3	
嫚	man3	
㾺	man3	
㾺	tɻʰan3	
㾺	ma3	
贃	ʔwan3	
𩈬	ʔwan3	
患	ɣwan3	
𢠶	ɣwan3	
宦	ɣwan3	
豢	ɣwan3	
槵	ɣwan3	
慣	kwan3	
丱	kwan3	
摜	kwan3	
串	kwan3	
㝈	ʂwan3	
涮	ʂwan3	
篡	tʂʰwan3	
薍	ŋwan3	
𧮺	dʐan3	
襻	pʰan3	
䴼	tʂʰan3	
㬄	tɻʰan3	
襇	kan3	
𨣉	kan3	
𧙧	kan3	
莧	ɣan3	
粯	ɣan3	
瓣	ban3	
辦	ban3	
𥌊	ban3	
𥌊	pʰan3	
釆	ban3	
盼	pʰan3	
幻	ɣwan3	
蔄	man3	
蔄	lɨw3	
綻	dɻan3	
䋎	dɻan3	
霰	sjɛn3	
䨘	sjɛn3	
㪇	sjɛn3	
𢊰	sjɛn3	
軐	sjɛn3	
𥰳	sjɛn3	
蒨	tsʰjɛn3	
茜	tsʰjɛn3	
輤	tsʰjɛn3	
倩	tsʰjɛn3	
倩	tsʰiŋ3	
䛹	tsʰjɛn3	
棈	tsʰjɛn3	
𢂺	tsʰjɛn3	
𧚫	tsʰjɛn3	
䑶	tsʰjɛn3	
篟	tsʰjɛn3	
絢	xʲɥɛn3	
敻	xʲɥɛn3	
敻	xʲyjŋ3	
㧦	xʲɥɛn3	
讂	xʲɥɛn3	
讂	kʲɥɛn3	
袨	ɣʲɥɛn3	
炫	ɣʲɥɛn3	
衒	ɣʲɥɛn3	
𧗳	ɣʲɥɛn3	
䝮	ɣʲɥɛn3	
𩑹	ɣʲɥɛn3	
瓹	kʲɥɛn3	
䣺	kʲɥɛn3	
𦌾	kʲɥɛn3	
懁	kʲɥɛn3	
䡓	kʲɥɛn3	
獧	kʲɥɛn3	
狷	kʲɥɛn3	
㢾	kʲɥɛn3	
電	djɛn3	
殿	djɛn3	
殿	tjɛn3	
奠	djɛn3	
奠	tiŋ3	
澱	djɛn3	
淀	djɛn3	
甸	djɛn3	
𪑩	djɛn3	
壂	djɛn3	
練	ljɛn3	
浰	ljɛn3	
鍊	ljɛn3	
楝	ljɛn3	
㼑	ljɛn3	
鰊	ljɛn3	
萰	ljɛn3	
堜	ljɛn3	
湅	ljɛn3	
𣿊	ljɛn3	
㪝	ljɛn3	
𣞰	ljɛn3	
𤗛	ljɛn3	
見	kʲjɛn3	
見	ɣʲjɛn3	
㬗	njɛn3	
㯠	kʲʰjɛn3	
現	ɣʲjɛn3	
硯	ŋʲjɛn3	
𨁍	ŋʲjɛn3	
鷰	ʔʲjɛn3	
醼	ʔʲjɛn3	
讌	ʔʲjɛn3	
嚥	ʔʲjɛn3	
㬫	ʔʲjɛn3	
溎	ʔʲjɛn3	
酀	ʔʲjɛn3	
𥉛	ʔʲjɛn3	
薦	tsjɛn3	
𧲛	tsjɛn3	
麪	mʲjɛn3	
麵	mʲjɛn3	
㴐	mʲjɛn3	
𡧍	mʲjɛn3	
𩈹	mʲjɛn3	
𥻩	mʲjɛn3	
片	pʲʰjɛn3	
䏒	pʲʰjɛn3	
㸤	pʲʰjɛn3	
荐	dzjɛn3	
洊	dzjɛn3	
𨷳	dzjɛn3	
䬼	ʔʲɥɛn3	
裫	ʔʲɥɛn3	
噮	ʔʲɥɛn3	
肙	ʔʲɥɛn3	
唸	tjɛn3	
唸	tjɛm3	
𠿍	tjɛn3	
𩎌	xʲjɛn3	
線	sjɛn3	
綫	sjɛn3	
惗	sjɛn3	
惗	njɛp4	
戰	tʂjɛn3	
顫	tʂjɛn3	
繕	ʐjɛn3	
擅	ʐjɛn3	
膳	ʐjɛn3	
饍	ʐjɛn3	
䄠	ʐjɛn3	
𤮜	ʐjɛn3	
𦉕	ʐjɛn3	
彥	ŋjɛn3	
唁	ŋjɛn3	
諺	ŋjɛn3	
這	ŋjɛn3	
這	tʂja3	
譴	kʲʰjɛn3	
䪈	kʲʰjɛn3	
絹	kʲɥɛn3	
鄄	kʲɥɛn3	
㯞	kʲɥɛn3	
䚈	kʲɥɛn3	
瑗	ɰɥɛn3	
褑	ɰɥɛn3	
面	mʲjɛn3	
釧	tʂʰɥɛn3	
掾	jɥɛn3	
𢐄	jɥɛn3	
𩥇	tɻjɛn3	
𧝑	tɻjɛn3	
箭	tsjɛn3	
𥳭	tsjɛn3	
葥	tsjɛn3	
榗	tsjɛn3	
傓	ʂjɛn3	
𧎥	ʂjɛn3	
𦶋	ʂjɛn3	
𥰢	ʂjɛn3	
眷	kɥɛn3	
睠	kɥɛn3	
桊	kɥɛn3	
帣	kɥɛn3	
餋	kɥɛn3	
䖭	kɥɛn3	
𢍏	kɥɛn3	
倦	ɡɥɛn3	
𣜨	ɡɥɛn3	
襈	ɡɥɛn3	
襈	dʐwan3	
淃	ɡɥɛn3	
戀	lɥɛn3	
變	pjɛn3	
𥆊	tsʰɥɛn3	
卞	bjɛn3	
抃	bjɛn3	
弁	bjɛn3	
㝸	bjɛn3	
汴	bjɛn3	
昪	bjɛn3	
匥	bjɛn3	
䒪	bjɛn3	
㺹	bjɛn3	
忭	bjɛn3	
縼	zɥɛn3	
𢳄	zɥɛn3	
䍻	zɥɛn3	
䍻	sɥɛn3	
𤂿	sɥɛn3	
䠣	sɥɛn3	
䠣	kʰɥɛn3	
繏	sɥɛn3	
渲	sɥɛn3	
䉵	dʐwan3	
𤩄	dʐwan3	
𠨎	dʐwan3	
賤	dzjɛn3	
騗	pʲʰjɛn3	
𢮨	ʐɥɛn3	
叀	ʐɥɛn3	
碾	njɛn3	
囀	tɻɥɛn3	
𤹨	ljɛn3	
䄐	kʰɥɛn3	
徧	pʲjɛn3	
遍	pʲjɛn3	
嘯	sjɛw3	
歗	sjɛw3	
熽	sjɛw3	
糶	tʰjɛw3	
𥺋	tʰjɛw3	
眺	tʰjɛw3	
覜	tʰjɛw3	
鋽	tʰjɛw3	
絩	tʰjɛw3	
弔	tjɛw3	
弔	tik4	
伄	tjɛw3	
瘹	tjɛw3	
釣	tjɛw3	
窵	tjɛw3	
𨑩	tjɛw3	
𨑩	tik4	
叫	kʲjɛw3	
訆	kʲjɛw3	
譥	kʲjɛw3	
激	kʲjɛw3	
激	kʲik4	
噭	kʲjɛw3	
嘂	kʲjɛw3	
獥	kʲjɛw3	
獥	kʲik4	
獥	ɣʲik4	
㰾	kʲjɛw3	
㰾	kʲik4	
鸄	kʲjɛw3	
鸄	kʲik4	
鸄	ɣʲik4	
𨎬	kʲjɛw3	
尿	njɛw3	
㞙	njɛw3	
藋	djɛw3	
莜	djɛw3	
𥁮	djɛw3	
竅	kʲʰjɛw3	
𢶡	kʲʰjɛw3	
𢶡	kʲʰik4	
𩕐	ljɛw3	
𦌒	ljɛw3	
炓	ljɛw3	
獟	ŋʲjɛw3	
鼼	ŋʲjɛw3	
鼼	ŋiw3	
嘄	ŋʲjɛw3	
窔	ʔʲjɛw3	
㱇	xik4	
㱇	ʂiˤk4	
娎	dɻjɛt4	
娎	xjɛt4	
笑	sjɛw3	
㗛	sjɛw3	
肖	sjɛw3	
韒	sjɛw3	
照	tʂjɛw3	
炤	tʂjɛw3	
詔	tʂjɛw3	
𨹸	tʂjɛw3	
燿	jɛw3	
覞	jɛw3	
𧡷	jɛw3	
耀	jɛw3	
曜	jɛw3	
𧢢	jɛw3	
𧢢	jɑk4	
𥌺	jɛw3	
𥌺	jɑk4	
㞁	jɛw3	
筄	jɛw3	
趭	jɛw3	
趭	dzjɛw3	
趭	tsjɛw3	
艞	jɛw3	
讑	jɛw3	
約	ʔʲjɛw3	
約	ʔjɑk4	
召	dɻjɛw3	
召	ʐjɛw3	
邵	ʐjɛw3	
劭	ʐjɛw3	
𠣫	ʐjɛw3	
䬰	ʐjɛw3	
卲	ʐjɛw3	
㬓	pʲʰjɛw3	
䏇	pʲʰjɛw3	
勡	pʲʰjɛw3	
誚	dzjɛw3	
妙	mʲjɛw3	
玅	mʲjɛw3	
陗	tsʰjɛw3	
峭	tsʰjɛw3	
㴥	tsʰjɛw3	
俏	tsʰjɛw3	
帩	tsʰjɛw3	
𪑊	tsʰjɛw3	
尞	ljɛw3	
𤻲	ljɛw3	
𤻲	lɑk4	
療	ljɛw3	
𠿕	kʰjɛw3	
㢗	kʰjɛw3	
㚁	kʰjɛw3	
𧇠	ŋjɛw3	
醮	tsjɛw3	
𥛲	tsjɛw3	
釂	tsjɛw3	
皭	tsjɛw3	
皭	dzjɑk4	
潐	tsjɛw3	
爝	tsjɛw3	
爝	tsjɑk4	
爝	dzjɑk4	
𥡤	tsjɛw3	
䂃	tsjɛw3	
廟	mjɛw3	
庿	mjɛw3	
驃	bʲjɛw3	
脁	tɻʰjɛw3	
裱	pjɛw3	
俵	pjɛw3	
效	ɣaw3	
効	ɣaw3	
校	ɣaw3	
校	kaw3	
斅	ɣaw3	
傚	ɣaw3	
𣱓	ɣaw3	
𢼂	kaw3	
窖	kaw3	
酵	kaw3	
覺	kaw3	
覺	kak4	
較	kaw3	
較	kak4	
𡥈	kaw3	
珓	kaw3	
孝	xaw3	
𡦳	xaw3	
罩	tɻaw3	
䈇	tɻaw3	
䍜	tɻaw3	
鵫	tɻaw3	
鵫	dɻwak4	
豹	paw3	
𧭤	paw3	
𢖔	paw3	
爆	paw3	
爆	pak4	
爆	pɑk4	
䶂	paw3	
䶂	tʂjɑk4	
䶂	tsjɑk4	
䶂	tik4	
皃	maw3	
皃	mak4	
䫉	maw3	
貌	maw3	
䡚	maw3	
𢂹	maw3	
𢅉	maw3	
奅	pʰaw3	
皰	pʰaw3	
皰	baw3	
礮	pʰaw3	
趠	tɻʰaw3	
趠	tɻʰwak4	
踔	tɻʰaw3	
踔	tɻʰwak4	
稍	ʂaw3	
潲	ʂaw3	
𣕇	ʂaw3	
𨛍	ʂaw3	
𦓴	ʂaw3	
棹	dɻaw3	
櫂	dɻaw3	
濯	dɻaw3	
濯	dɻwak4	
㷹	dɻaw3	
淖	naw3	
𠆴	naw3	
鬧	naw3	
癄	tʂaw3	
靤	baw3	
縐	tʂʰaw3	
縐	tʂɨw3	
耖	tʂʰaw3	
仯	tʂʰaw3	
觘	tʂʰaw3	
𦨖	tʂʰaw3	
靿	ʔaw3	
袎	ʔaw3	
㑃	ʔaw3	
箹	ʔaw3	
箹	ʔak4	
樂	ŋaw3	
樂	ŋak4	
樂	lɑk4	
𩳔	ŋaw3	
号	ɣɑw3	
𤩭	ɣɑw3	
㙱	ɣɑw3	
䜂	ɣɑw3	
𡟷	ɣɑw3	
導	dɑw3	
纛	dɑw3	
纛	duk4	
悼	dɑw3	
蹈	dɑw3	
盜	dɑw3	
𠺛	dɑw3	
䊭	dɑw3	
䌦	dɑw3	
䌦	dik4	
到	tɑw3	
𤓾	tɑw3	
𧛔	tɑw3	
𧛔	tuk4	
菿	tɑw3	
菿	tɻwak4	
誥	kɑw3	
郜	kɑw3	
郜	kuk4	
告	kɑw3	
告	kuk4	
𣝏	kɑw3	
傲	ŋɑw3	
鏊	ŋɑw3	
奡	ŋɑw3	
冃	mɑw3	
帽	mɑw3	
耄	mɑw3	
𧂕	mɑw3	
眊	mɑw3	
眊	mak4	
𤣽	mɑw3	
冒	mɑw3	
冒	mujk4	
𥈆	mɑw3	
𥈆	xiwk4	
𩿂	mɑw3	
𢯾	mɑw3	
覒	mɑw3	
㲝	mɑw3	
䋃	mɑw3	
𣔺	mɑw3	
𣔺	muk4	
僗	lɑw3	
癆	lɑw3	
𣟽	lɑw3	
慥	tsʰɑw3	
糙	tsʰɑw3	
鄵	tsʰɑw3	
暴	bɑw3	
暴	buk4	
虣	bɑw3	
曝	bɑw3	
曝	buk4	
瀑	bɑw3	
瀑	buk4	
菢	bɑw3	
𤔣	bɑw3	
𪇰	bɑw3	
𪇰	puk4	
𪇰	pak4	
報	pɑw3	
𢲵	dzɑw3	
奧	ʔɑw3	
𩟇	ʔɑw3	
隩	ʔɑw3	
隩	ʔiwk4	
䜒	ʔɑw3	
墺	ʔɑw3	
墺	ʔiwk4	
𩼈	ʔɑw3	
澳	ʔɑw3	
澳	ʔiwk4	
喿	sɑw3	
譟	sɑw3	
噪	sɑw3	
瘙	sɑw3	
㿋	sɑw3	
髞	sɑw3	
𢤁	sɑw3	
𩝝	kʰɑw3	
犒	kʰɑw3	
靠	kʰɑw3	
竈	tsɑw3	
躁	tsɑw3	
趮	tsɑw3	
箇	kʌ3	
个	kʌ3	
個	kʌ3	
賀	ɣʌ3	
𧝂	ɣʌ3	
袔	ɣʌ3	
㵑	ɣʌ3	
佐	tsʌ3	
𠡃	tsʌ3	
袏	tsʌ3	
邏	lʌ3	
𧟌	lʌ3	
㿚	lʌ3	
餓	ŋʌ3	
拖	tʰʌ3	
㳀	kwʌ3	
𩟂	kwʌ3	
俰	ɣwʌ3	
挫	tswʌ3	
𡱼	kʰwʌ3	
㾧	kʰwʌ3	
唾	tʰwʌ3	
毤	tʰwʌ3	
𧝍	tʰwʌ3	
𧝍	dwʌ3	
播	pwʌ3	
𢿥	pwʌ3	
譒	pwʌ3	
剉	tsʰwʌ3	
莝	tsʰwʌ3	
䃺	mwʌ3	
破	pʰwʌ3	
座	dzwʌ3	
臥	ŋwʌ3	
諎	tsʰʌ3	
諎	tʂiˤk4	
𢯽	tsʰʌ3	
貨	xwʌ3	
媠	dwʌ3	
𧱫	dwʌ3	
縛	vwʌ3	
縛	vɑk4	
䇔	lwʌ3	
𢺑	lwʌ3	
䌴	lwʌ3	
𠏢	lwʌ3	
㛊	twʌ3	
剁	twʌ3	
䐝	swʌ3	
侉	ʔʌ3	
涴	ʔwʌ3	
禡	ma3	
榪	ma3	
鬕	ma3	
𧪨	ma3	
傌	ma3	
駕	ka3	
稼	ka3	
嫁	ka3	
架	ka3	
價	ka3	
𢉤	ka3	
𦙺	ka3	
亞	ʔa3	
俹	ʔa3	
𣇩	ʔa3	
㰳	ʔa3	
稏	ʔa3	
𦜖	ʔa3	
婭	ʔa3	
䢝	ʔa3	
嚇	xa3	
嚇	xiˤk4	
罅	xa3	
唬	xa3	
唬	kwiˤk4	
𧫒	xa3	
㙤	xa3	
迓	ŋa3	
訝	ŋa3	
犽	ŋa3	
砑	ŋa3	
詫	tɻʰa3	
𧬮	tɻʰa3	
𧬮	kwa3	
吒	tɻa3	
灹	tɻa3	
䒲	tɻa3	
𨶃	tɻa3	
詐	tʂa3	
咋	tʂa3	
咋	dʐiˤk4	
咋	tʂiˤk4	
笮	tʂa3	
笮	dzɑk4	
笮	tʂiˤk4	
醡	tʂa3	
榨	tʂa3	
乍	dʐa3	
䄍	dʐa3	
齰	dʐa3	
齰	dʐiˤk4	
𧧻	dʐa3	
謝	zja3	
榭	zja3	
㴬	zja3	
髂	kʰa3	
𩩱	kʰa3	
疴	kʰa3	
𧩶	kʰa3	
暇	ɣa3	
褯	dzja3	
藉	dzja3	
藉	dzik4	
躤	dzja3	
䤳	dzja3	
䣠	dzja3	
夜	ja3	
射	ja3	
射	ʐja3	
射	jik4	
射	ʐik4	
鵺	ja3	
䞣	tʂʰja3	
䞣	tsʰja3	
䞣	tɻʰiˤk4	
斥	tʂʰja3	
斥	tʂʰik4	
卸	sja3	
䉣	sja3	
柘	tʂja3	
鷓	tʂja3	
䗪	tʂja3	
䗪	tʂik4	
嗻	tʂja3	
炙	tʂja3	
炙	tʂik4	
蔗	tʂja3	
唶	tsja3	
借	tsja3	
借	tsik4	
赦	ʂja3	
涻	ʂja3	
厙	ʂja3	
䠶	ʐja3	
麝	ʐja3	
麝	ʐik4	
霸	pa3	
𧟶	pa3	
弝	pa3	
欛	pa3	
靶	pa3	
灞	pa3	
垻	pa3	
帊	pʰa3	
怕	pʰa3	
怕	pʰiˤk4	
摦	ɣwa3	
㕦	ɣwa3	
檴	ɣwa3	
檴	ɣwɑk4	
化	xwa3	
𠤎	xwa3	
𩲏	xwa3	
𩵏	xwa3	
杹	xwa3	
誜	ʂwa3	
𤝡	ba3	
𩹏	ba3	
𦫙	ba3	
𥝧	ba3	
䏧	na3	
笡	tsʰja3	
𦔯	ʂa3	
坬	kwa3	
䖳	dɻa3	
攨	ʔwa3	
䠚	ʔwa3	
漾	jɑŋ3	
恙	jɑŋ3	
羕	jɑŋ3	
㨾	jɑŋ3	
䭐	jɑŋ3	
㺊	jɑŋ3	
亮	ljɑŋ3	
諒	ljɑŋ3	
掠	ljɑŋ3	
掠	ljɑk4	
悢	ljɑŋ3	
䁁	ljɑŋ3	
䀶	ljɑŋ3	
狀	dʐaŋ3	
讓	ɻjɑŋ3	
懹	ɻjɑŋ3	
餉	ʂjɑŋ3	
向	ʂjɑŋ3	
向	xjɑŋ3	
𤵼	ʂjɑŋ3	
珦	ʂjɑŋ3	
珦	xjɑŋ3	
帳	tɻjɑŋ3	
脹	tɻjɑŋ3	
痮	tɻjɑŋ3	
悵	tɻʰjɑŋ3	
暢	tɻʰjɑŋ3	
鬯	tɻʰjɑŋ3	
韔	tɻʰjɑŋ3	
䩨	tɻʰjɑŋ3	
𧀄	tɻʰjɑŋ3	
畼	tɻʰjɑŋ3	
𥠴	tɻʰjɑŋ3	
𥇔	tɻʰjɑŋ3	
䦳	xjɑŋ3	
萫	xjɑŋ3	
𧬰	xjɑŋ3	
釀	njɑŋ3	
𥽬	njɑŋ3	
匠	dzjɑŋ3	
䞪	dzjɑŋ3	
𪀘	dzjɑŋ3	
㢓	tʂjɑŋ3	
嶂	tʂjɑŋ3	
瘴	tʂjɑŋ3	
壯	tʂaŋ3	
𣴣	tʂaŋ3	
弶	ɡjɑŋ3	
唱	tʂʰjɑŋ3	
𪛋	tʂʰjɑŋ3	
刱	tʂʰaŋ3	
醬	tsjɑŋ3	
𨡰	tsjɑŋ3	
𨟻	tsjɑŋ3	
𨋕	ŋjɑŋ3	
訪	fɑŋ3	
妄	ʋɑŋ3	
忘	ʋɑŋ3	
𧫢	ʋɑŋ3	
況	xɥɑŋ3	
况	xɥɑŋ3	
𣍦	xɥɑŋ3	
貺	xɥɑŋ3	
誑	kɥɑŋ3	
㤮	kɥɑŋ3	
㤮	ɰɥɑŋ3	
臦	kɥɑŋ3	
旺	ɰɥɑŋ3	
舫	fɑŋ3	
舫	pɑŋ3	
𨾔	fɑŋ3	
唴	kʰjɑŋ3	
𥇉	kʰjɑŋ3	
羻	kʰjɑŋ3	
誆	ɡɥɑŋ3	
宕	dɑŋ3	
逿	dɑŋ3	
𦿆	dɑŋ3	
𡇈	dɑŋ3	
埌	lɑŋ3	
䕞	lɑŋ3	
蒗	lɑŋ3	
𡵙	ŋɑŋ3	
葬	tsɑŋ3	
徬	bɑŋ3	
𨌄	dzɑŋ3	
譡	tɑŋ3	
瓽	tɑŋ3	
擋	tɑŋ3	
闣	tɑŋ3	
閌	kʰɑŋ3	
犺	kʰɑŋ3	
伉	kʰɑŋ3	
𪎵	kʰɑŋ3	
謗	pɑŋ3	
摥	tʰɑŋ3	
鐋	tʰɑŋ3	
曠	kʰwɑŋ3	
矌	kʰwɑŋ3	
壙	kʰwɑŋ3	
纊	kʰwɑŋ3	
儾	nɑŋ3	
㚂	nɑŋ3	
擴	ɣwɑŋ3	
䤑	ʔwɑŋ3	
暎	ʔiŋ3	
敬	kiŋ3	
竟	kiŋ3	
鏡	kiŋ3	
獍	kiŋ3	
競	ɡiŋ3	
𥪰	ɡiŋ3	
倞	ɡiŋ3	
曔	ɡiŋ3	
慶	kʰiŋ3	
命	miŋ3	
病	biŋ3	
孟	miˤŋ3	
柄	piŋ3	
棅	piŋ3	
鈵	piŋ3	
寎	piŋ3	
詠	ɰyjŋ3	
咏	ɰyjŋ3	
泳	ɰyjŋ3	
醟	ɰyjŋ3	
醟	xʲyjŋ3	
絎	ɣiˤŋ3	
㵾	tʂʰiˤŋ3	
㵾	dziŋ3	
㡧	tɻiˤŋ3	
𩏠	tɻiˤŋ3	
牚	tɻʰiˤŋ3	
𧻓	piˤŋ3	
鋥	dɻiˤŋ3	
𥊼	dɻiˤŋ3	
䂻	dɻiˤŋ3	
貹	ʂiˤŋ3	
䛭	xiˤŋ3	
𥥈	ʔwiˤŋ3	
諍	tʂiˤŋ3	
迸	piˤŋ3	
䨻	biˤŋ3	
䙬	ʔiˤŋ3	
鞕	ŋiˤŋ3	
硬	ŋiˤŋ3	
勁	kʲiŋ3	
凊	tsʰiŋ3	
政	tʂiŋ3	
証	tʂiŋ3	
聖	ʂiŋ3	
鄭	dɻiŋ3	
㽀	dɻiŋ3	
遉	tɻʰiŋ3	
𩇜	tɻʰiŋ3	
性	siŋ3	
姓	siŋ3	
聘	pʲʰiŋ3	
娉	pʲʰiŋ3	
摒	pʲiŋ3	
偋	bʲiŋ3	
庰	bʲiŋ3	
淨	dziŋ3	
靚	dziŋ3	
𩓞	dziŋ3	
墭	ʐiŋ3	
晟	ʐiŋ3	
詺	mʲiŋ3	
𩈡	xʲiŋ3	
徑	kʲiŋ3	
逕	kʲiŋ3	
𠲮	kʲiŋ3	
𩰹	kʲiŋ3	
桱	kʲiŋ3	
甯	niŋ3	
佞	niŋ3	
踁	ɣʲiŋ3	
定	diŋ3	
定	tiŋ3	
掟	diŋ3	
錠	diŋ3	
錠	tiŋ3	
矴	tiŋ3	
飣	tiŋ3	
𦘭	tiŋ3	
顁	tiŋ3	
罄	kʲʰiŋ3	
𥥻	kʲʰiŋ3	
磬	kʲʰiŋ3	
掅	tsʰiŋ3	
䒌	mʲiŋ3	
𢣙	ʔʲyjŋ3	
瀅	ʔʲyjŋ3	
證	tʂiŋ3	
孕	jiŋ3	
䵴	jiŋ3	
賸	jiŋ3	
賸	ʐiŋ3	
媵	jiŋ3	
媵	ʐiŋ3	
㑞	jiŋ3	
膡	jiŋ3	
膡	ʂiŋ3	
𣎜	ʐiŋ3	
嵊	ʐiŋ3	
剩	ʐiŋ3	
芿	ɻiŋ3	
譍	ʔiŋ3	
噟	ʔiŋ3	
甑	tsiŋ3	
䰝	tsiŋ3	
𩱭	tsiŋ3	
䙢	tsiŋ3	
臖	xiŋ3	
蕂	ʂiŋ3	
榺	ʂiŋ3	
𪒘	dɻiŋ3	
𪑬	dɻiŋ3	
靐	biŋ3	
秤	tʂʰiŋ3	
覴	tɻʰiŋ3	
嶝	tɨjŋ3	
鐙	tɨjŋ3	
隥	tɨjŋ3	
凳	tɨjŋ3	
𧄼	tɨjŋ3	
𩞬	tɨjŋ3	
磴	tɨjŋ3	
贈	dzɨjŋ3	
𪒟	dzɨjŋ3	
亙	kɨjŋ3	
堩	kɨjŋ3	
䱍	kɨjŋ3	
𥔂	kɨjŋ3	
蹭	tsʰɨjŋ3	
𠟂	tsʰɨjŋ3	
鄧	dɨjŋ3	
蹬	dɨjŋ3	
𣩟	dɨjŋ3	
䮴	dɨjŋ3	
䲛	mujŋ3	
𨮒	mujŋ3	
𧀧	mujŋ3	
𥦜	pujŋ3	
踜	lɨjŋ3	
𡬙	sɨjŋ3	
宥	ɰiw3	
又	ɰiw3	
佑	ɰiw3	
祐	ɰiw3	
酭	ɰiw3	
𩑣	ɰiw3	
𤴨	ɰiw3	
囿	ɰiw3	
囿	ɰiwk4	
姷	ɰiw3	
忧	ɰiw3	
䞥	ɰiw3	
侑	ɰiw3	
𦳩	ɰiw3	
救	kiw3	
廏	kiw3	
究	kiw3	
疚	kiw3	
匓	kiw3	
𧧷	kiw3	
𨖏	kiw3	
胄	dɻiw3	
冑	dɻiw3	
𩊄	dɻiw3	
酎	dɻiw3	
宙	dɻiw3	
籀	dɻiw3	
伷	dɻiw3	
䛆	dɻiw3	
駎	dɻiw3	
晝	tɻiw3	
噣	tɻiw3	
噣	tɨw3	
噣	tʂywk4	
噣	tɻwak4	
狩	ʂiw3	
獸	ʂiw3	
臭	tʂʰiw3	
岫	ziw3	
𥥉	ziw3	
袖	ziw3	
牰	ziw3	
牰	jiw3	
齅	xiw3	
嘼	xiw3	
珛	xiw3	
呪	tʂiw3	
祝	tʂiw3	
祝	tʂiwk4	
舊	ɡiw3	
柩	ɡiw3	
匶	ɡiw3	
𤸃	ʂɨw3	
瘦	ʂɨw3	
漱	ʂɨw3	
漱	sɨw3	
皺	tʂɨw3	
㾭	tʂɨw3	
甃	tʂɨw3	
副	fu3	
副	fuk4	
副	pʰik4	
𩯅	fɨw3	
𩯅	fuk4	
覆	fu3	
覆	vu3	
覆	fuk4	
覆	pʰujk4	
𤸑	fɨw3	
𤸑	vɨw3	
𤸑	vuk4	
褔	fɨw3	
簉	tʂʰɨw3	
䔏	tʂʰɨw3	
遚	tʂʰɨw3	
富	fu3	
輻	fɨw3	
輻	fuk4	
鍑	fɨw3	
鍑	fuk4	
䔰	fɨw3	
䔰	fuk4	
畜	tɻʰiw3	
畜	xiwk4	
溜	liw3	
霤	liw3	
㙀	liw3	
僇	liw3	
僇	liwk4	
廇	liw3	
畂	liw3	
𥛅	liw3	
塯	liw3	
㽌	liw3	
秀	siw3	
繡	siw3	
宿	siw3	
宿	siwk4	
僦	tsiw3	
䅢	tsiw3	
媨	tsiw3	
驟	dʐɨw3	
僽	dʐɨw3	
就	dziw3	
鷲	dziw3	
殧	dziw3	
殧	tsʰiwk4	
殧	tsiwk4	
㠇	dziw3	
糅	niw3	
𩚖	niw3	
復	vu3	
復	vuk4	
𢕒	vɨw3	
伏	vɨw3	
伏	vuk4	
椱	vɨw3	
椱	vuk4	
𨺅	vɨw3	
複	vu3	
複	fuk4	
狖	jiw3	
貁	jiw3	
鼬	jiw3	
柚	jiw3	
柚	dɻiwk4	
褎	jiw3	
𪕏	jiw3	
授	ʐiw3	
㖟	ʐiw3	
售	ʐiw3	
𪖛	kʰiw3	
䞭	tsʰuj1	
候	ɣɨw3	
鮜	ɣɨw3	
逅	ɣɨw3	
訽	ɣɨw3	
訽	xɨw3	
堠	ɣɨw3	
鱟	ɣɨw3	
鱟	ʔuk4	
䞧	ɣɨw3	
䞀	ɣɨw3	
𥀃	ɣɨw3	
寇	kʰɨw3	
鷇	kʰɨw3	
㜌	kʰɨw3	
簆	kʰɨw3	
瞉	kʰɨw3	
茂	mu3	
貿	mɨw3	
鄮	mɨw3	
戊	mu3	
愗	mɨw3	
袤	mɨw3	
楙	mɨw3	
懋	mu3	
瞀	mɨw3	
瞀	mak4	
姆	mɨw3	
苺	mɨw3	
𦼪	mɨw3	
踣	pʰɨw3	
踣	bujk4	
㰴	pʰɨw3	
豆	dɨw3	
竇	dɨw3	
酘	dɨw3	
荳	dɨw3	
脰	dɨw3	
梪	dɨw3	
餖	dɨw3	
浢	dɨw3	
䄈	dɨw3	
毭	dɨw3	
𩊪	dɨw3	
𤀨	dɨw3	
㛒	dɨw3	
鬥	tɨw3	
鬬	tɨw3	
鬪	tɨw3	
䛠	tɨw3	
𧱦	tɨw3	
斣	tɨw3	
䬦	tɨw3	
槈	nɨw3	
鎒	nɨw3	
耨	nɨw3	
耨	nuk4	
𣫌	nɨw3	
譳	nɨw3	
瘶	sɨw3	
嗽	sɨw3	
嗽	suk4	
嗽	ʂwak4	
欶	sɨw3	
欶	ʂwak4	
奏	tsɨw3	
透	tʰɨw3	
透	ʂiwk4	
咅	tʰɨw3	
㰯	tʰɨw3	
㰯	xɨw3	
䟝	tʰɨw3	
𧺢	tʰɨw3	
𠹝	ʔɨw3	
遘	kɨw3	
構	kɨw3	
媾	kɨw3	
覯	kɨw3	
姤	kɨw3	
購	kɨw3	
䝭	kɨw3	
雊	kɨw3	
彀	kɨw3	
𤚼	kɨw3	
㝤	kɨw3	
搆	kɨw3	
煹	kɨw3	
䃓	kɨw3	
𢄇	kɨw3	
輳	tsʰɨw3	
腠	tsʰɨw3	
湊	tsʰɨw3	
𪉮	tsʰɨw3	
蔟	tsʰɨw3	
蔟	tsʰuk4	
楱	tsʰɨw3	
楱	dzɨw3	
𧱪	tsʰɨw3	
陋	lɨw3	
漏	lɨw3	
屚	lɨw3	
𦸢	lɨw3	
𧷡	lɨw3	
𨫒	lɨw3	
𣤋	lɨw3	
𧫞	lɨw3	
蔻	xɨw3	
豞	xɨw3	
豞	xak4	
䪷	xɨw3	
佝	xɨw3	
𩌏	bɨw3	
𩌏	pɑk4	
䠫	dzɨw3	
幼	ʔʲiw3	
謬	miw3	
𧾻	ɡʲiw3	
沁	tsʰim3	
𠖶	tsʰim3	
吣	tsʰim3	
䈜	tsʰim3	
濅	tsim3	
𥧲	tsim3	
妊	ɻim3	
絍	ɻim3	
衽	ɻim3	
鴆	dɻim3	
㼉	dɻim3	
𦧈	ɡim3	
䶖	ɡim3	
𤘡	ɡim3	
𦨽	ɡim3	
紟	ɡim3	
鈙	ɡim3	
齽	ɡim3	
㯲	kim3	
賃	nim3	
蔭	ʔim3	
窨	ʔim3	
𤷜	ʔim3	
廕	ʔim3	
滲	ʂɨm3	
闖	tɻʰim3	
譖	tʂɨm3	
讖	tʂʰɨm3	
揕	tɻim3	
㓄	tɻim3	
𠐼	lim3	
侺	ʐim3	
𪔰	ɰim3	
𢊖	ʂim3	
勘	kʰɑm3	
䘓	kʰɑm3	
𧗀	kʰɑm3	
𪉯	kʰɑm3	
磡	kʰɑm3	
紺	kɑm3	
憾	ɣɑm3	
琀	ɣɑm3	
浛	ɣɑm3	
䐄	ɣɑm3	
䐄	ɣam3	
暗	ʔɑm3	
闇	ʔɑm3	
僋	tʰam3	
僋	lam3	
㶒	tʰam3	
㐁	tʰam3	
㐁	tʰjɛm3	
傝	tʰam3	
傝	tʰap4	
䐺	tʰam3	
憛	tʰam3	
俕	sam3	
閐	sam3	
㤾	sam3	
䫅	sam3	
謲	tsʰam3	
㽩	tsʰam3	
𤁡	dam3	
𧗜	dam3	
儑	ŋɑm3	
儑	ŋɑp4	
馾	tam3	
帎	tam3	
𩈉	tam3	
𩾺	tam3	
妠	nam3	
妠	nwat4	
妠	nap4	
𤃨	lam3	
𩞿	xɑm3	
闞	kʰɑm3	
闞	xam3	
瞰	kʰɑm3	
𣊟	kʰɑm3	
𪉿	kʰɑm3	
𪉿	kɑm3	
𨣨	lam3	
纜	lam3	
㜮	lam3	
賧	tʰam3	
𪊇	tʰam3	
𪉧	tʰam3	
舕	tʰam3	
𪉦	kɑm3	
𪉦	kam3	
譀	ɣɑm3	
譀	xam3	
譀	xap4	
𤎡	ɣɑm3	
腅	dam3	
暫	dzam3	
蹔	dzam3	
豔	jɛm3	
艷	jɛm3	
焰	jɛm3	
焱	jɛm3	
焱	xʲyjk4	
𢴵	jɛm3	
灩	jɛm3	
贍	ʐjɛm3	
𢜰	ʔʲjɛm3	
𢜰	ʔjɛm3	
窆	pjɛm3	
驗	ŋjɛm3	
𣄝	ŋjɛm3	
掞	ʂjɛm3	
壍	tsʰjɛm3	
塹	tsʰjɛm3	
嬱	tsʰjɛm3	
殮	ljɛm3	
𧸘	ljɛm3	
䠨	tʂʰjɛm3	
韂	tʂʰjɛm3	
㙴	tʂʰjɛm3	
俺	ʔjɛm3	
㮇	tʰjɛm3	
念	njɛm3	
𦁤	njɛm3	
店	tjɛm3	
墊	tjɛm3	
墊	djɛp4	
𩅀	tjɛm3	
𩅀	tɻip4	
㝪	tjɛm3	
㝪	tjɛp4	
埝	tjɛm3	
埝	njɛp4	
䃸	sjɛm3	
䆎	sjɛm3	
磹	djɛm3	
㼭	djɛm3	
趝	kʲjɛm3	
僭	tsjɛm3	
䱤	kʲjɛm3	
䱤	ɣam3	
傔	kʲʰjɛm3	
釅	ŋjɛm3	
脅	xjɛm3	
脅	xjɛp4	
姭	xjɛm3	
𤬯	kʰjɛm3	
𦲯	ʋam3	
陷	ɣam3	
蘸	tʂam3	
站	tɻam3	
𣳤	tɻam3	
𧸖	dɻam3	
譧	dɻam3	
𨼮	dʐam3	
䪌	dʐam3	
鑒	kam3	
懺	tʂʰam3	
摲	tʂʰam3	
𤮭	tʂʰam3	
覱	tʂam3	
釤	ʂam3	
㣌	ʂam3	
㒈	xam3	
湴	bam3	
㽉	ɣam3	
泛	fam3	
泛	vap4	
䀀	fam3	
𥁔	fam3	
姂	fam3	
姂	vap4	
姂	kʰjɛp4	
劒	kjɛm3	
欠	kʰjɛm3	
㐸	kʰjɛm3	
𦑎	ʔjɛm3	
㛪	ʔjɛm3	
䛳	ʔjɛm3	
覎	ʔjɛm3	
屋	ʔuk4	
𡲃	ʔuk4	
𦤿	ʔuk4	
剭	ʔuk4	
𨜘	ʔuk4	
𪑱	ʔuk4	
𪑱	ʔak4	
䑁	ʔuk4	
獨	duk4	
黷	duk4	
讟	duk4	
髑	duk4	
䫳	duk4	
殰	duk4	
讀	duk4	
櫝	duk4	
牘	duk4	
儥	duk4	
儥	jiwk4	
㾄	duk4	
贕	duk4	
碡	duk4	
碡	dɻiwk4	
䢱	duk4	
䮷	duk4	
皾	duk4	
𤟩	duk4	
韣	duk4	
韣	tʂywk4	
韣	ʐywk4	
瓄	duk4	
瀆	duk4	
𨽍	duk4	
豄	duk4	
韇	duk4	
嬻	duk4	
犢	duk4	
鸀	duk4	
鸀	tʂywk4	
鸀	dɻwak4	
㒔	duk4	
㒔	ʐywk4	
匵	duk4	
穀	kuk4	
糓	kuk4	
轂	kuk4	
榖	kuk4	
瀔	kuk4	
谷	kuk4	
谷	luk4	
谷	jywk4	
瑴	kuk4	
瑴	kak4	
𪇗	kuk4	
𣨍	kuk4	
𪕸	kuk4	
䜼	kuk4	
𧣡	kuk4	
䐨	kuk4	
𤞞	kuk4	
𤞞	jywk4	
𥆌	kuk4	
䀰	kuk4	
唂	kuk4	
縠	ɣuk4	
槲	ɣuk4	
斛	ɣuk4	
螜	ɣuk4	
𧂔	ɣuk4	
礐	ɣuk4	
礐	kʰak4	
礐	liˤk4	
觳	ɣuk4	
觳	kʰak4	
蔛	ɣuk4	
𨢋	ɣuk4	
𣹬	ɣuk4	
䶜	ɣuk4	
䶜	kuk4	
㽇	ɣuk4	
䈸	ɣuk4	
焀	ɣuk4	
哭	kʰuk4	
㲉	kʰuk4	
㲉	kʰak4	
𪍠	kʰuk4	
䧊	kʰuk4	
䧊	kuk4	
䵈	kʰuk4	
㲄	kʰuk4	
𣫓	kʰuk4	
禿	tʰuk4	
𣬜	tʰuk4	
𢬳	tʰuk4	
鵚	tʰuk4	
豰	tuk4	
豰	xuk4	
豰	bak4	
啄	tuk4	
啄	tɻwak4	
䐁	tuk4	
䐁	tɻwak4	
𡰪	tuk4	
𧞐	tuk4	
𢽚	tuk4	
𢽚	tɻwak4	
竺	tuk4	
竺	tɻiwk4	
剢	tuk4	
速	suk4	
遬	suk4	
𧫷	suk4	
蔌	suk4	
餗	suk4	
𩱖	suk4	
𧐒	suk4	
樕	suk4	
𣫎	suk4	
㑛	suk4	
㑛	ʂywk4	
梀	suk4	
梀	tsʰuk4	
梀	tɻʰywk4	
𪋝	suk4	
藗	suk4	
殐	suk4	
𡖯	suk4	
棴	suk4	
棴	vuk4	
祿	luk4	
鹿	luk4	
漉	luk4	
淥	luk4	
淥	lywk4	
觻	luk4	
觻	lik4	
睩	luk4	
䚄	luk4	
䚄	lywk4	
龣	luk4	
龣	kak4	
𨏔	luk4	
轆	luk4	
㼾	luk4	
𦪇	luk4	
琭	luk4	
簏	luk4	
箓	luk4	
螰	luk4	
䍡	luk4	
麓	luk4	
㯟	luk4	
碌	luk4	
碌	lywk4	
盝	luk4	
𥂖	luk4	
騼	luk4	
磟	luk4	
磟	liwk4	
簶	luk4	
𧌍	luk4	
娽	luk4	
娽	lywk4	
𥉶	luk4	
摝	luk4	
𥛞	luk4	
𦌟	luk4	
𥂇	luk4	
𤽺	luk4	
廘	luk4	
角	luk4	
角	kak4	
𥪋	luk4	
𥪋	vuk4	
彔	luk4	
濼	luk4	
濼	pʰuk4	
濼	lɑk4	
濼	pʰɑk4	
濼	lik4	
鏕	luk4	
趢	luk4	
趢	lywk4	
䎑	luk4	
𨌠	luk4	
㪖	luk4	
㪖	lywk4	
𩅄	luk4	
蔍	luk4	
嗀	xuk4	
嗀	xak4	
熇	xuk4	
熇	xɑk4	
𦞦	xuk4	
𦞦	xɑk4	
𧹲	xuk4	
㷤	xuk4	
嚛	xuk4	
族	dzuk4	
鑿	dzuk4	
鑿	tsɑk4	
鑿	dzɑk4	
瘯	tsʰuk4	
䃚	tsʰuk4	
趗	tsʰuk4	
趗	tsʰywk4	
簇	tsʰuk4	
鏃	tsuk4	
鎐	tsuk4	
䗱	buk4	
㲫	buk4	
僕	buk4	
䑑	buk4	
𥐁	buk4	
菐	buk4	
菐	fuk4	
𡰿	buk4	
穙	buk4	
扑	pʰuk4	
醭	pʰuk4	
墣	pʰuk4	
墣	pʰak4	
𥣜	pʰuk4	
𪔿	pʰuk4	
攴	pʰuk4	
攴	pʰak4	
撲	pʰuk4	
𪐙	pʰuk4	
䴆	pʰuk4	
䴆	buk4	
卜	puk4	
濮	puk4	
䧤	puk4	
轐	puk4	
轐	buk4	
𡡐	puk4	
獛	puk4	
蹼	puk4	
纀	puk4	
襆	puk4	
襆	vuk4	
𩯏	puk4	
䪁	puk4	
䪁	fuk4	
鳪	puk4	
木	muk4	
沐	muk4	
毣	muk4	
毣	mak4	
霂	muk4	
𨍎	muk4	
艒	muk4	
艒	mujk4	
楘	muk4	
蚞	muk4	
福	fuk4	
腹	fuk4	
幅	fuk4	
幅	pik4	
𠋩	fuk4	
葍	fuk4	
蝠	fuk4	
𥳇	fuk4	
鶝	fuk4	
鶝	bik4	
踾	fuk4	
踾	pʰik4	
踾	bik4	
輹	fuk4	
輹	vuk4	
偪	fuk4	
偪	pik4	
楅	fuk4	
楅	pik4	
𦿁	fuk4	
虙	vuk4	
服	vuk4	
𦨈	vuk4	
茯	vuk4	
馥	vuk4	
馥	bik4	
鵩	vuk4	
蕧	vuk4	
蕧	fuk4	
𨋩	vuk4	
澓	vuk4	
洑	vuk4	
箙	vuk4	
𩋟	vuk4	
𨌥	vuk4	
𪃃	vuk4	
𩢰	vuk4	
𥨍	vuk4	
𥨍	fuk4	
复	vuk4	
畐	vuk4	
畐	pʰik4	
𩊙	vuk4	
𩎧	vuk4	
菔	vuk4	
菔	bujk4	
匐	vuk4	
匐	bujk4	
鰒	vuk4	
鰒	bak4	
栿	vuk4	
縮	ʂuk4	
莤	ʂuk4	
𩘹	ʂuk4	
𩘹	siwk4	
樎	ʂuk4	
謖	ʂuk4	
䎘	ʂuk4	
䎘	siwk4	
蹜	ʂuk4	
摍	ʂuk4	
𧐴	ʂuk4	
摵	ʂuk4	
摵	tsiwk4	
摵	ʂiˤk4	
六	liwk4	
陸	liwk4	
戮	liwk4	
剹	liwk4	
稑	liwk4	
穋	liwk4	
鵱	liwk4	
𦾷	liwk4	
𩣱	liwk4	
鯥	liwk4	
𦸐	liwk4	
𧌉	liwk4	
淕	liwk4	
䡜	liwk4	
坴	liwk4	
𡴆	liwk4	
踛	liwk4	
𥚊	liwk4	
逐	dɻiwk4	
軸	dɻiwk4	
舳	dɻiwk4	
鱁	dɻiwk4	
𧏿	dɻiwk4	
筑	dɻiwk4	
筑	tɻiwk4	
蓫	dɻiwk4	
蓫	xiwk4	
蓫	tɻʰiwk4	
䮱	dɻiwk4	
篴	dɻiwk4	
篴	dik4	
菊	kiwk4	
鞠	kiwk4	
鞠	kʰiwk4	
鞠	ɡiwk4	
蘜	kiwk4	
𧃓	kiwk4	
㥌	kiwk4	
𡙳	kiwk4	
掬	kiwk4	
匊	kiwk4	
𥷚	kiwk4	
𥱩	kiwk4	
鞫	kiwk4	
𡫬	kiwk4	
𥩁	kiwk4	
㹼	kiwk4	
𪈓	kiwk4	
鵴	kiwk4	
鵴	ɡiwk4	
𨸰	kiwk4	
㘲	kiwk4	
㽤	kiwk4	
䱡	kiwk4	
䱡	ɡiwk4	
䱡	kʰywk4	
椈	kiwk4	
巈	kiwk4	
𦥑	kiwk4	
𦥑	kywk4	
䳔	kiwk4	
𩛺	kiwk4	
諊	kiwk4	
𩬜	kiwk4	
踘	kiwk4	
踘	ɡiwk4	
閰	kiwk4	
𣐊	kiwk4	
𧿻	kiwk4	
泦	kiwk4	
趜	kiwk4	
趜	ɡiwk4	
麴	kʰiwk4	
𥶶	kʰiwk4	
𩍔	kʰiwk4	
𠤄	kʰiwk4	
𠤄	ɡiwk4	
熟	ʐiwk4	
孰	ʐiwk4	
淑	ʐiwk4	
塾	ʐiwk4	
𨷙	ʐiwk4	
婌	ʐiwk4	
䃞	ʐiwk4	
俶	tʂʰiwk4	
柷	tʂʰiwk4	
柷	tʂiwk4	
琡	tʂʰiwk4	
琡	tʂiwk4	
𣥹	tʂʰiwk4	
埱	tʂʰiwk4	
育	jiwk4	
毓	jiwk4	
鬻	jiwk4	
粥	jiwk4	
粥	tʂiwk4	
𩱱	jiwk4	
䋭	jiwk4	
𧷗	jiwk4	
棛	jiwk4	
錥	jiwk4	
煜	jiwk4	
煜	ɰip4	
焴	jiwk4	
昱	jiwk4	
蒮	jiwk4	
淯	jiwk4	
蜟	jiwk4	
𢌻	jiwk4	
堉	jiwk4	
喅	jiwk4	
𤳕	jiwk4	
𥉑	jiwk4	
𥉑	ɣɑk4	
逳	jiwk4	
𦱀	jiwk4	
驧	ɡiwk4	
𩣽	ɡiwk4	
𪁁	ɡiwk4	
毱	ɡiwk4	
䗇	ɡiwk4	
䜯	ɡiwk4	
鼀	tsʰiwk4	
蹴	tsʰiwk4	
蹴	tsiwk4	
肉	ɻiwk4	
衄	ɻiwk4	
衄	niwk4	
叔	ʂiwk4	
儵	ʂiwk4	
倏	ʂiwk4	
虪	ʂiwk4	
跾	ʂiwk4	
鮛	ʂiwk4	
掓	ʂiwk4	
𢞣	ʂiwk4	
尗	ʂiwk4	
菽	ʂiwk4	
㶖	ʂiwk4	
蓄	xiwk4	
蓄	tɻʰiwk4	
稸	xiwk4	
稸	tɻʰiwk4	
𤲸	xiwk4	
㜅	xiwk4	
鄐	xiwk4	
鄐	tɻʰiwk4	
荲	xiwk4	
荲	tɻʰiwk4	
荲	tɻʰik4	
慉	xiwk4	
竹	tɻiwk4	
築	tɻiwk4	
𥴁	tɻiwk4	
茿	tɻiwk4	
蹙	tsiwk4	
踧	tsiwk4	
踧	dik4	
𧑙	tsiwk4	
𠴫	tsiwk4	
𠴫	dzik4	
㗤	tsiwk4	
噈	tsiwk4	
槭	tsiwk4	
𣤶	tsiwk4	
𣤶	dziwk4	
𣤶	tsap4	
𥷼	tsiwk4	
縬	tsiwk4	
縬	tʂuk4	
𣢰	tsiwk4	
𦟠	tsiwk4	
顣	tsiwk4	
珿	tʂʰuk4	
矗	tʂʰuk4	
矗	tɻʰiwk4	
𪘏	tʂʰuk4	
𪘏	tʂʰwak4	
𨴖	tʂʰuk4	
𧯩	tʂʰuk4	
䎌	tʂʰuk4	
朒	niwk4	
恧	niwk4	
恧	nik4	
𦗂	niwk4	
忸	niwk4	
䖡	niwk4	
䂇	niwk4	
𡎺	tʂuk4	
蝮	fuk4	
㙏	fuk4	
郁	ʔiwk4	
戫	ʔiwk4	
彧	ʔiwk4	
薁	ʔiwk4	
䉛	ʔiwk4	
𨞓	ʔiwk4	
𪑝	ʔiwk4	
𪑝	ɰyjk4	
𪑝	xyjk4	
稶	ʔiwk4	
㰲	ʔiwk4	
㰲	tʂywk4	
㰲	xyjk4	
𠸹	ʔiwk4	
𨪎	ʔiwk4	
肅	siwk4	
蓿	siwk4	
夙	siwk4	
𠉦	siwk4	
𠈇	siwk4	
玊	siwk4	
玊	sywk4	
鷫	siwk4	
𪂸	siwk4	
驌	siwk4	
鱐	siwk4	
𤥔	siwk4	
䑿	siwk4	
㑉	siwk4	
璛	siwk4	
㪩	siwk4	
目	muk4	
睦	muk4	
穆	muk4	
苜	muk4	
𦱒	muk4	
牧	muk4	
㙁	muk4	
萺	muk4	
㣎	muk4	
㾇	muk4	
哊	ɰiwk4	
滀	tɻʰiwk4	
苖	tɻʰiwk4	
苖	dik4	
敊	tɻʰiwk4	
傗	tɻʰiwk4	
砡	ŋiwk4	
沃	ʔuk4	
鋈	ʔuk4	
䁷	ʔuk4	
䁷	kak4	
觷	ʔuk4	
觷	ŋak4	
觷	ɣak4	
䮸	ʔuk4	
䮸	kak4	
䮸	ʔak4	
毒	duk4	
𡹆	duk4	
𦺇	duk4	
蝳	duk4	
𢃶	duk4	
篤	tuk4	
督	tuk4	
𧝴	tuk4	
𧞶	tuk4	
錖	tuk4	
𤬂	tuk4	
𥓍	tuk4	
裻	tuk4	
裻	suk4	
酷	kʰuk4	
焅	kʰuk4	
𥞴	kʰuk4	
嚳	kʰuk4	
硞	kʰuk4	
硞	kʰak4	
𡷥	kʰuk4	
鵠	ɣuk4	
㿥	ɣuk4	
㿥	ɣak4	
翯	ɣuk4	
翯	ɣak4	
翯	xak4	
隺	ɣuk4	
𤌍	ɣuk4	
頶	ɣuk4	
𨴬	ɣuk4	
鏷	buk4	
洬	suk4	
梏	kuk4	
梏	kak4	
牿	kuk4	
䧼	kuk4	
䅵	kuk4	
䅵	tʂjɑk4	
臛	xuk4	
褥	nuk4	
褥	ɻywk4	
傉	nuk4	
搙	nuk4	
搙	nwak4	
傶	tsuk4	
𣪲	tsuk4	
錊	tsuk4	
襮	puk4	
襮	pɑk4	
犦	puk4	
犦	bak4	
𤛹	ŋuk4	
燭	tʂywk4	
屬	tʂywk4	
屬	ʐywk4	
属	tʂywk4	
属	ʐywk4	
矚	tʂywk4	
䌵	tʂywk4	
囑	tʂywk4	
䟉	tʂywk4	
蠾	tʂywk4	
蠾	ʐywk4	
蠋	tʂywk4	
蠋	dɻywk4	
玉	ŋywk4	
獄	ŋywk4	
鳿	ŋywk4	
頊	ŋywk4	
頊	xywk4	
旭	xywk4	
勖	xywk4	
𩔴	xywk4	
𩪉	xywk4	
輂	kywk4	
鋦	kywk4	
挶	kywk4	
梮	kywk4	
䡞	kywk4	
㮂	kywk4	
䋰	kywk4	
𦅽	kywk4	
𧤑	kywk4	
局	ɡywk4	
跼	ɡywk4	
駶	ɡywk4	
侷	ɡywk4	
䎤	ɡywk4	
蜀	ʐywk4	
㯮	ʐywk4	
䙱	ʐywk4	
襩	ʐywk4	
㻿	ʐywk4	
鐲	ʐywk4	
鐲	dɻwak4	
觸	tʂʰywk4	
臅	tʂʰywk4	
辱	ɻywk4	
蓐	ɻywk4	
鄏	ɻywk4	
縟	ɻywk4	
溽	ɻywk4	
㦺	ɻywk4	
媷	ɻywk4	
嗕	ɻywk4	
𪑾	ɻywk4	
𩱨	ɻywk4	
束	ʂywk4	
欲	jywk4	
浴	jywk4	
鵒	jywk4	
𩀑	jywk4	
鋊	jywk4	
輍	jywk4	
慾	jywk4	
躅	dɻywk4	
䠱	dɻywk4	
錄	lywk4	
綠	lywk4	
醁	lywk4	
騄	lywk4	
菉	lywk4	
逯	lywk4	
䱚	lywk4	
籙	lywk4	
䟿	lywk4	
𧨹	lywk4	
㫽	lywk4	
曲	kʰywk4	
䒼	kʰywk4	
匤	kʰywk4	
瘃	tɻywk4	
𤷚	tɻywk4	
孎	tɻywk4	
孎	tɻwak4	
斸	tɻywk4	
钃	tɻywk4	
欘	tɻywk4	
欘	dɻwak4	
𢒔	tɻywk4	
𢒔	tɻʰywk4	
哫	tsywk4	
贖	ʐywk4	
𩌮	ʐywk4	
𩌮	zywk4	
䴬	ʐywk4	
䴬	jik4	
幞	vuk4	
促	tsʰywk4	
誎	tsʰywk4	
𤗁	tsʰywk4	
𦠁	tsʰywk4	
㹱	tsʰywk4	
㹱	tsʰjɑk4	
續	zywk4	
俗	zywk4	
藚	zywk4	
粟	sywk4	
𥻆	sywk4	
憟	sywk4	
𣯼	sywk4	
㔄	sywk4	
𥹵	tɻʰywk4	
㙇	tɻʰywk4	
豖	tɻʰywk4	
斠	kak4	
桷	kak4	
䡈	kak4	
珏	kak4	
䚫	kak4	
䚫	ɣʲik4	
榷	kak4	
捔	kak4	
捔	dʐwak4	
搉	kak4	
搉	kʰak4	
傕	kak4	
䮤	kak4	
䮤	ɣɑk4	
嶽	ŋak4	
岳	ŋak4	
鸑	ŋak4	
𩓥	ŋak4	
捳	ŋak4	
㹊	ŋak4	
浞	dʐwak4	
丵	dʐwak4	
鋜	dʐwak4	
灂	dʐwak4	
鷟	dʐwak4	
篧	dʐwak4	
篧	tʂwak4	
汋	dʐwak4	
汋	ʐjɑk4	
齺	dʐwak4	
𤉐	dʐwak4	
簎	dʐwak4	
簎	tʂʰiˤk4	
簎	dzik4	
捉	tʂwak4	
穛	tʂwak4	
𥼚	tʂwak4	
穱	tʂwak4	
斮	tʂwak4	
斮	tʂak4	
𧂒	tʂwak4	
朔	ʂwak4	
矟	ʂwak4	
槊	ʂwak4	
蒴	ʂwak4	
𦂗	ʂwak4	
㮶	ʂwak4	
𦋞	ʂwak4	
斲	tɻwak4	
涿	tɻwak4	
諑	tɻwak4	
㧻	tɻwak4	
琢	tɻwak4	
卓	tɻwak4	
桌	tɻwak4	
𥢔	tɻwak4	
斀	tɻwak4	
啅	tɻwak4	
𢁁	tɻwak4	
倬	tɻwak4	
晫	tɻwak4	
晫	tɻʰwak4	
剝	pak4	
駮	pak4	
駁	pak4	
𩐟	pak4	
𦢊	pak4	
𦢊	bak4	
嚗	pak4	
𥭖	pak4	
肑	pak4	
肑	tik4	
髉	pak4	
㿺	pak4	
䑈	pak4	
趵	pak4	
邈	mak4	
㦝	mak4	
𢷕	mak4	
瞐	mak4	
雹	bak4	
𩅟	bak4	
𢷏	bak4	
𩣡	bak4	
𩣡	but4	
䮀	bak4	
䈏	bak4	
瓝	bak4	
㼎	bak4	
謈	bak4	
謈	pʰak4	
窇	bak4	
𥭓	bak4	
𥭓	tʂʰwak4	
懪	bak4	
㩧	bak4	
㩧	pʰak4	
璞	pʰak4	
朴	pʰak4	
㹒	pʰak4	
圤	pʰak4	
𤆝	pʰak4	
𥛟	pʰak4	
㺪	pʰak4	
𧴤	pʰak4	
㱿	kʰak4	
毃	kʰak4	
愨	kʰak4	
確	kʰak4	
碻	kʰak4	
𤿩	kʰak4	
燩	kʰak4	
燩	kʲʰik4	
嶨	kʰak4	
嶨	ɣak4	
塙	kʰak4	
𣤇	kʰak4	
𠕓	kʰak4	
埆	kʰak4	
𡇱	kʰak4	
濁	dɻwak4	
擢	dɻwak4	
𧃔	dɻwak4	
㺟	dɻwak4	
蠗	dɻwak4	
鸐	dɻwak4	
𩑂	dɻwak4	
𢢗	dɻwak4	
𩆸	dɻwak4	
㪬	dɻwak4	
㪬	tɻʰwak4	
渥	ʔak4	
握	ʔak4	
偓	ʔak4	
幄	ʔak4	
楃	ʔak4	
喔	ʔak4	
鷽	ʔak4	
鷽	ɣak4	
葯	ʔak4	
葯	ʔjɑk4	
腛	ʔak4	
齷	ʔak4	
媉	ʔak4	
𦯏	ʔak4	
𠿟	ʔak4	
搦	nwak4	
搦	niˤk4	
䚥	nwak4	
𧢺	nwak4	
𧣺	nwak4	
逴	tɻʰwak4	
逴	tɻʰjɑk4	
犖	lwak4	
䃕	lwak4	
𡁆	lwak4	
學	ɣak4	
确	ɣak4	
𥀣	ɣak4	
㕰	xak4	
𩌊	xak4	
𦰾	xak4	
謞	xak4	
謞	xɑk4	
瀥	xak4	
䤕	xak4	
娖	tʂʰwak4	
䃗	tʂʰwak4	
娕	tʂʰwak4	
擉	tʂʰwak4	
齪	tʂʰwak4	
晊	tʂit4	
郅	tʂit4	
桎	tʂit4	
櫍	tʂit4	
蛭	tʂit4	
蛭	tɻit4	
蛭	tjɛt4	
騭	tʂit4	
劕	tʂit4	
銍	tʂit4	
銍	tɻit4	
䑇	tʂit4	
鑕	tʂit4	
𡂒	tʂit4	
侄	tʂit4	
日	ɻit4	
馹	ɻit4	
衵	ɻit4	
衵	nit4	
㠴	ɻit4	
實	ʐit4	
秩	dɻit4	
紩	dɻit4	
帙	dɻit4	
袠	dɻit4	
柣	dɻit4	
柣	tsʰjɛt4	
翐	dɻit4	
姪	dɻit4	
姪	djɛt4	
妷	dɻit4	
豑	dɻit4	
𣗻	dɻit4	
䟈	dɻit4	
𢧤	dɻit4	
悉	sit4	
厀	sit4	
膝	sit4	
蟋	sit4	
蟋	ʂɨt4	
𧀬	sit4	
𦸝	sit4	
䊝	sit4	
䊝	sjɛt4	
僁	sit4	
僁	sjɛt4	
窸	sit4	
一	ʔʲit4	
弌	ʔʲit4	
壹	ʔʲit4	
七	tsʰit4	
漆	tsʰit4	
柒	tsʰit4	
䣛	tsʰit4	
𪄭	tsʰit4	
桼	tsʰit4	
𣛺	tsʰit4	
𦸓	tsʰit4	
㯃	tsʰit4	
匹	pʲʰit4	
𠯔	pʲʰit4	
䏘	pʲʰit4	
吉	kʲit4	
趌	kʲit4	
趌	kʲʰit4	
趌	ɡit4	
趌	kʲjɛt4	
狤	kʲit4	
狤	ɡit4	
狤	kʲjɛt4	
拮	kʲit4	
拮	kʲjɛt4	
䟌	kʲit4	
䟌	dzjɛt4	
郆	kʲit4	
洁	kʲit4	
𤿠	kʲit4	
暱	nit4	
昵	nit4	
䵒	nit4	
䵑	nit4	
䘌	nit4	
㥾	nit4	
㥾	nik4	
逸	jit4	
佚	jit4	
佾	jit4	
溢	jit4	
軼	jit4	
軼	djɛt4	
鎰	jit4	
泆	jit4	
泆	djɛt4	
齸	jit4	
齸	ʔʲik4	
劮	jit4	
欥	jit4	
欥	jyt4	
䭿	jit4	
䭿	djɛt4	
䳀	jit4	
䳀	djɛt4	
詰	kʲʰit4	
蛣	kʲʰit4	
𩢴	kʲʰit4	
欯	xʲit4	
欪	xʲit4	
欪	tɻʰyt4	
咭	xʲit4	
咭	kʰat4	
恄	xʲit4	
㣟	xʲit4	
抶	tɻʰit4	
咥	tɻʰit4	
咥	djɛt4	
咥	tjɛt4	
眣	tɻʰit4	
眣	tɻat4	
眣	djɛt4	
栗	lit4	
㮚	lit4	
𣡷	lit4	
慄	lit4	
溧	lit4	
𠞉	lit4	
鷅	lit4	
凓	lit4	
篥	lit4	
麜	lit4	
𨍫	lit4	
瑮	lit4	
𦃊	lit4	
塛	lit4	
搮	lit4	
䔁	lit4	
㗚	lit4	
㟳	lit4	
窒	tɻit4	
窒	tjɛt4	
挃	tɻit4	
庢	tɻit4	
秷	tɻit4	
𦤻	tɻit4	
㲳	tɻit4	
㗧	tɻit4	
㗧	tjɛt4	
𪗻	tɻit4	
𪗻	djɛt4	
𨖹	tɻit4	
螲	tɻit4	
𥎹	tɻit4	
疾	dzit4	
𤕺	dzit4	
蒺	dzit4	
㑵	dzit4	
𧎿	dzit4	
揤	dzit4	
揤	tsik4	
愱	dzit4	
槉	dzit4	
𠹋	dzit4	
𧪠	dzit4	
𠞩	tʂʰɨt4	
𠞩	ʂut4	
𪘧	tʂʰɨt4	
𪘧	dzut4	
䜉	tʂʰɨt4	
失	ʂit4	
室	ʂit4	
𩋡	ʂit4	
堲	tsit4	
堲	tsik4	
堲	dzik4	
𡁶	tsit4	
唧	tsit4	
唧	tsik4	
㲺	tsit4	
𢪍	tsit4	
𢪍	tsjɛt4	
𧉍	tsit4	
蝍	tsit4	
蝍	tsjɛt4	
蝍	tsik4	
楖	tsit4	
楖	tʂɨt4	
楖	tsik4	
蜜	mʲit4	
𧖅	mʲit4	
謐	mʲit4	
䤉	mʲit4	
榓	mʲit4	
𥁑	mʲit4	
宓	mʲit4	
宓	mit4	
淧	mʲit4	
𥋱	mʲit4	
必	pʲit4	
畢	pʲit4	
篳	pʲit4	
蓽	pʲit4	
韠	pʲit4	
㻫	pʲit4	
䟆	pʲit4	
蹕	pʲit4	
滭	pʲit4	
㪤	pʲit4	
鷝	pʲit4	
觱	pʲit4	
觱	ɰyt4	
珌	pʲit4	
㓖	pʲit4	
熚	pʲit4	
𡠚	pʲit4	
彃	pʲit4	
㮿	pʲit4	
縪	pʲit4	
鮅	pʲit4	
鮅	bʲit4	
饆	pʲit4	
鏎	pʲit4	
𡻞	pʲit4	
𥀕	pʲit4	
𥛘	pʲit4	
罼	pʲit4	
姞	ɡit4	
佶	ɡit4	
鮚	ɡit4	
邲	bʲit4	
邲	bit4	
馝	bʲit4	
馝	bʲjɛt4	
苾	bʲit4	
苾	bʲjɛt4	
䩛	bʲit4	
佖	bʲit4	
佖	bit4	
駜	bʲit4	
駜	bit4	
飶	bʲit4	
飶	bʲjɛt4	
綼	bʲit4	
綼	pʲik4	
怭	bʲit4	
𨠔	bʲit4	
䖩	bʲit4	
𣢠	bʲit4	
咇	bʲit4	
咇	pit4	
咇	bʲjɛt4	
妼	bʲit4	
䫻	ɰyt4	
𡿯	ɰyt4	
汩	ɰyt4	
蒁	ɰyt4	
㧒	ɰyt4	
蟀	ʂut4	
𧍓	ʂut4	
䢦	ʂut4	
𧜠	ʂut4	
咰	ʂut4	
𠌭	ʂut4	
𧗿	ʂut4	
叱	tʂʰit4	
𪗨	dʐɨt4	
密	mit4	
𡶇	mit4	
蔤	mit4	
滵	mit4	
沕	mit4	
沕	ʋut4	
樒	mit4	
㫘	mit4	
𪅮	mit4	
𥉴	mit4	
弼	bit4	
𢐀	bit4	
㢸	bit4	
𠡂	bit4	
䄶	bit4	
䄶	but4	
𢘍	bit4	
胇	bit4	
乙	ʔit4	
鳦	ʔit4	
耴	ŋit4	
耴	tɻjɛp4	
㔎	ŋit4	
㔎	sjɛt4	
𡿪	ŋit4	
𡿪	ljɛt4	
圪	ŋit4	
𦨇	ŋit4	
𠡝	ŋit4	
筆	pit4	
潷	pit4	
𢴩	pit4	
㻶	pit4	
𨅗	pit4	
茁	tɻyt4	
茁	tʂwat4	
肸	xit4	
獝	xʲyt4	
術	ʐyt4	
述	ʐyt4	
秫	ʐyt4	
朮	ʐyt4	
朮	dɻyt4	
沭	ʐyt4	
噊	ʐyt4	
噊	jyt4	
袕	ʐyt4	
袕	ɣʲɥɛt4	
潏	ʐyt4	
潏	jyt4	
潏	kʲɥɛt4	
鱊	ʐyt4	
鱊	jyt4	
鱊	kwat4	
驈	ʐyt4	
驈	jyt4	
𧑐	ʐyt4	
𧑐	jyt4	
橘	kʲyt4	
繘	kʲyt4	
繘	jyt4	
𧽻	kʲyt4	
䤎	kʲyt4	
𦙮	kʲyt4	
𣎛	kʲyt4	
崒	dzyt4	
崒	dzut4	
踤	dzyt4	
捽	dzyt4	
捽	dzut4	
聿	jyt4	
鴪	jyt4	
燏	jyt4	
遹	jyt4	
鷸	jyt4	
𩙅	jyt4	
矞	jyt4	
霱	jyt4	
䢖	jyt4	
䋖	jyt4	
銉	jyt4	
𦒔	jyt4	
𥎐	jyt4	
卒	tsyt4	
卒	tsʰut4	
卒	tsut4	
𣨛	tsyt4	
𣨛	tsʰut4	
䱣	tsyt4	
㰵	tsyt4	
卹	syt4	
恤	syt4	
戌	syt4	
訹	syt4	
珬	syt4	
𧪞	syt4	
𧪞	kɑp4	
䳳	syt4	
賉	syt4	
𣸃	syt4	
㖅	syt4	
𧊥	syt4	
銊	syt4	
欰	syt4	
𥚋	syt4	
𨜿	syt4	
律	lyt4	
寽	lyt4	
繂	lyt4	
膟	lyt4	
䔞	lyt4	
葎	lyt4	
𥭐	lyt4	
𠷈	lyt4	
黜	tɻʰyt4	
怵	tɻʰyt4	
𧺶	tɻʰyt4	
炪	tɻʰyt4	
炪	tʂɥɛt4	
䟣	tɻʰyt4	
㤕	tɻʰyt4	
㤕	tɻyt4	
𤝞	tɻʰyt4	
窋	tɻyt4	
絀	tɻyt4	
䂐	tɻyt4	
䂐	tʂɥɛt4	
㑁	tɻyt4	
逫	tɻyt4	
𡢑	tɻyt4	
泏	tɻyt4	
泏	kʰut4	
𦬸	dɻyt4	
炢	dɻyt4	
𠭴	tʂut4	
𠭴	tʂɥɛt4	
𠮌	tʂut4	
䎀	xʲyt4	
䎀	xɥɛt4	
怴	xʲyt4	
䬂	xʲyt4	
䬂	xɥɛt4	
𥄵	xʲyt4	
櫛	tʂɨt4	
瀄	tʂɨt4	
㘉	tʂɨt4	
𥠈	tʂɨt4	
擳	tʂɨt4	
瑟	ʂɨt4	
飋	ʂɨt4	
蝨	ʂɨt4	
璱	ʂɨt4	
𦆄	ʂɨt4	
物	ʋut4	
勿	ʋut4	
𣃦	ʋut4	
芴	ʋut4	
岉	ʋut4	
𨑥	ʋut4	
𨑥	xut4	
昒	ʋut4	
昒	xut4	
弗	fut4	
紱	fut4	
黻	fut4	
綍	fut4	
紼	fut4	
巿	fut4	
韍	fut4	
𨚓	fut4	
翇	fut4	
柫	fut4	
𡗻	fut4	
冹	fut4	
冹	fat4	
帗	fut4	
帗	pwɑt4	
𩖼	fut4	
笰	fut4	
𤊸	fut4	
甶	fut4	
鬱	ʔyt4	
欝	ʔyt4	
灪	ʔyt4	
爩	ʔyt4	
𩚴	ʔyt4	
𩚴	ʔɥɛt4	
黦	ʔyt4	
黦	ʔɥɛt4	
黦	ʔjɛt4	
𥘄	ʔyt4	
𩰪	ʔyt4	
𠀔	kyt4	
𦁐	kyt4	
𦁐	kʰɥɛt4	
厥	kyt4	
厥	kɥɛt4	
屈	kyt4	
屈	kʰyt4	
鶌	kyt4	
趉	kyt4	
䠇	kyt4	
䠇	ɡyt4	
詘	kʰyt4	
𧌑	kʰyt4	
倔	ɡyt4	
崛	ɡyt4	
崛	ŋyt4	
𡲬	ɡyt4	
䘿	ɡyt4	
𡲗	ɡyt4	
堀	ɡyt4	
堀	kʰut4	
掘	ɡyt4	
掘	ɡɥɛt4	
佛	vut4	
坲	vut4	
𡶒	vut4	
咈	vut4	
䞞	vut4	
刜	vut4	
刜	fut4	
𣀣	vut4	
炥	vut4	
䬍	xyt4	
䬍	xut4	
𩘐	xyt4	
欻	xyt4	
𠦪	xyt4	
㗵	xyt4	
烼	xyt4	
𢯮	ɰyt4	
䁌	ɰyt4	
𢔥	ɰyt4	
拂	fut4	
𢂀	fut4	
艴	fut4	
艴	but4	
乀	fut4	
䭮	fut4	
彿	fut4	
𧿳	fut4	
迄	xit4	
仡	xit4	
仡	ŋit4	
釳	xit4	
忔	xit4	
䒗	xit4	
䒗	kʰit4	
䛥	xit4	
汔	xit4	
訖	kit4	
吃	kit4	
扢	kit4	
扢	kut4	
扢	ɣut4	
䰴	kit4	
疙	ŋit4	
屹	ŋit4	
𧆫	ŋit4	
䞘	ɡit4	
𢇓	ɡit4	
乞	kʰit4	
月	ŋɥɛt4	
刖	ŋɥɛt4	
刖	ŋut4	
刖	ŋwat4	
跀	ŋɥɛt4	
𧿁	ŋɥɛt4	
軏	ŋɥɛt4	
軏	ŋut4	
抈	ŋɥɛt4	
扤	ŋɥɛt4	
扤	ŋut4	
枂	ŋɥɛt4	
枂	ŋwɑt4	
鈅	ŋɥɛt4	
玥	ŋɥɛt4	
𦘹	ŋɥɛt4	
伐	vat4	
筏	vat4	
筏	pwɑt4	
栰	vat4	
罰	vat4	
閥	vat4	
垡	vat4	
瞂	vat4	
拔	vat4	
拔	bwɑt4	
拔	bat4	
藅	vat4	
坺	vat4	
坺	bwɑt4	
䣹	vat4	
越	ɰɥɛt4	
越	ɣwɑt4	
𨒋	ɰɥɛt4	
粵	ɰɥɛt4	
戉	ɰɥɛt4	
鉞	ɰɥɛt4	
䋐	ɰɥɛt4	
樾	ɰɥɛt4	
蚏	ɰɥɛt4	
曰	ɰɥɛt4	
𥩡	ɰɥɛt4	
𡛟	ɰɥɛt4	
𣐋	ɰɥɛt4	
𧊎	ɰɥɛt4	
泧	ɰɥɛt4	
泧	xɥɛt4	
泧	xwɑt4	
氒	kɥɛt4	
𨇮	kɥɛt4	
𧽸	kɥɛt4	
𧼞	kɥɛt4	
瘚	kɥɛt4	
劂	kɥɛt4	
蕨	kɥɛt4	
蟨	kɥɛt4	
蟩	kɥɛt4	
橜	kɥɛt4	
橜	ɡɥɛt4	
𥕲	kɥɛt4	
𠢤	kɥɛt4	
欮	kɥɛt4	
撅	kɥɛt4	
撅	ɡɥɛt4	
𠄌	kɥɛt4	
𡡕	ʔɥɛt4	
𧤼	ɡɥɛt4	
鷢	ɡɥɛt4	
憠	ɡɥɛt4	
𨬐	ɡɥɛt4	
䞷	ɡɥɛt4	
𣖬	ɡɥɛt4	
𩪜	ɡɥɛt4	
亅	ɡɥɛt4	
闕	kʰɥɛt4	
㵐	kʰɥɛt4	
髮	fat4	
𩠖	fat4	
𩑛	fat4	
發	fat4	
颰	fat4	
颰	bwɑt4	
韤	ʋat4	
韈	ʋat4	
襪	ʋat4	
𥄎	ʋat4	
𥄎	xʲɥɛt4	
𥄎	xʲyjk4	
𥄎	xyjk4	
㒝	ʋat4	
㒝	mʲjɛt4	
䟠	xɥɛt4	
狘	xɥɛt4	
㞽	xɥɛt4	
謁	ʔjɛt4	
暍	ʔjɛt4	
暍	xɑt4	
𢉥	ʔjɛt4	
𢉥	ʔɑt4	
歇	xjɛt4	
蠍	xjɛt4	
猲	xjɛt4	
猲	xɑt4	
猲	kʰjɛp4	
𤢔	xjɛt4	
𦪬	xjɛt4	
𧼨	kjɛt4	
羯	kjɛt4	
𢶆	kjɛt4	
鍻	kjɛt4	
𢷒	ɡjɛt4	
竭	ɡjɛt4	
碣	ɡjɛt4	
楬	ɡjɛt4	
楬	kʰat4	
钀	ŋjɛt4	
沒	mut4	
歿	mut4	
𤣻	mut4	
𩑦	mut4	
𩑦	ʔut4	
𠬛	mut4	
莈	mut4	
骨	kut4	
縎	kut4	
鶻	kut4	
鶻	ɣut4	
鶻	ɣwat4	
滑	kut4	
滑	ɣut4	
滑	ɣwat4	
䮩	kut4	
啒	kut4	
啒	xut4	
淈	kut4	
淈	ɣɨt4	
汨	kut4	
汨	mʲik4	
愲	kut4	
蓇	kut4	
尳	kut4	
尳	ɣut4	
㾶	kut4	
榾	kut4	
䓛	kut4	
㒴	kut4	
勃	but4	
渤	but4	
𩱚	but4	
餑	but4	
𡋯	but4	
馞	but4	
馞	pʰut4	
郣	but4	
浡	but4	
𣭷	but4	
𢠜	but4	
㪍	but4	
㶿	but4	
桲	but4	
挬	but4	
脖	but4	
𦸦	but4	
鵓	but4	
咄	tut4	
咄	twɑt4	
柮	tut4	
柮	dzwɑt4	
𩢎	tut4	
𩨳	tut4	
突	tʰut4	
突	dut4	
梲	tʰut4	
梲	tʰwɑt4	
梲	tʂɥɛt4	
𠫓	tʰut4	
𡿮	tʰut4	
𡿮	dut4	
䠈	tʰut4	
揬	dut4	
腯	dut4	
鼵	dut4	
葖	dut4	
鶟	dut4	
堗	dut4	
𦩤	dut4	
鈯	dut4	
𦔅	dut4	
𣔻	dut4	
凸	dut4	
凸	djɛt4	
鍎	dut4	
膃	ʔut4	
嗢	ʔut4	
嗢	ʔwat4	
䯉	ʔut4	
䯉	ʔwat4	
榲	ʔut4	
淴	ʔut4	
忽	xut4	
㾁	xut4	
匫	xut4	
寣	xut4	
笏	xut4	
䩐	xut4	
㫚	xut4	
𣓗	xut4	
㦌	xut4	
𦁕	xut4	
𢑢	xut4	
惚	xut4	
𤶘	xut4	
兀	ŋut4	
杌	ŋut4	
屼	ŋut4	
矹	ŋut4	
䦍	ŋut4	
𦨉	ŋut4	
䑢	ŋut4	
𠨜	ŋut4	
㽾	ŋut4	
𤴰	ŋut4	
𧈭	ŋut4	
𦬂	ŋut4	
䪬	pʰut4	
哱	pʰut4	
㛘	pʰut4	
𠀽	lut4	
𨁸	lut4	
硉	lut4	
𥓎	lut4	
㪐	lut4	
窟	kʰut4	
矻	kʰut4	
𧷎	kʰut4	
𧷎	ɣat4	
㧾	kʰut4	
圣	kʰut4	
㩿	kʰut4	
𡑣	kʰut4	
䯇	kʰut4	
䯇	kʰwat4	
𡼿	kʰut4	
𥌄	kʰut4	
胐	kʰut4	
訥	nut4	
㕯	nut4	
㕯	nwat4	
㕯	ɻɥɛt4	
肭	nut4	
肭	nwat4	
𣧍	nut4	
窣	sut4	
𪌯	sut4	
𪍛	sut4	
㲞	sut4	
𪖶	sut4	
𪅄	sut4	
屑	sut4	
屑	sjɛt4	
猝	tsʰut4	
𢪃	tsʰut4	
𥾛	tsʰut4	
椊	dzut4	
䚝	dzut4	
𩩠	dzut4	
麧	ɣɨt4	
𥝖	ɣɨt4	
齕	ɣɨt4	
齕	ɣʲjɛt4	
紇	ɣɨt4	
紇	ɣʲjɛt4	
搰	ɣut4	
𣝗	ɣut4	
𦗣	ɣut4	
𢪏	ɣut4	
𡰅	ɣut4	
稡	tsut4	
曷	ɣɑt4	
褐	ɣɑt4	
毼	ɣɑt4	
鶡	ɣɑt4	
蝎	ɣɑt4	
䫘	ɣɑt4	
䫘	xɑt4	
𩩲	ɣɑt4	
骱	ɣɑt4	
骱	kat4	
㮫	ɣɑt4	
鞨	ɣɑt4	
鞨	ʐjɛt4	
𠿒	xɑt4	
㿣	xɑt4	
𩡔	xɑt4	
𢛁	tat4	
妲	tat4	
呾	tat4	
呾	ʔat4	
炟	tat4	
䵣	tat4	
𦬹	tat4	
靼	tat4	
靼	tʂjɛt4	
闥	tʰat4	
㒓	tʰat4	
撻	tʰat4	
躂	tʰat4	
澾	tʰat4	
獺	tʰat4	
獺	tɻʰat4	
𣥂	tʰat4	
羍	tʰat4	
𦍒	tʰat4	
達	tʰat4	
達	dat4	
遏	ʔɑt4	
齃	ʔɑt4	
頞	ʔɑt4	
堨	ʔɑt4	
胺	ʔɑt4	
咹	ʔɑt4	
𠥜	ʔɑt4	
剌	lat4	
揧	lat4	
辢	lat4	
瘌	lat4	
攋	lat4	
𢉨	lat4	
轢	lat4	
轢	lɑk4	
轢	lik4	
𢃴	lat4	
䶛	lat4	
㻝	lat4	
𥈙	lat4	
楋	lat4	
蝲	lat4	
渴	kʰɑt4	
渴	ɡjɛt4	
㵣	kʰɑt4	
𤸎	kʰɑt4	
嵑	kʰɑt4	
䯋	kʰɑt4	
䯋	bwɑt4	
䅥	kʰɑt4	
䅥	kjɛt4	
薘	dat4	
嶻	dzat4	
嶻	dzjɛt4	
囐	dzat4	
㩵	dzat4	
㩵	ŋɑt4	
嶭	ŋɑt4	
嶭	ŋʲjɛt4	
䡾	ŋɑt4	
䡾	ŋjɛt4	
枿	ŋɑt4	
𣡌	ŋɑt4	
櫱	ŋɑt4	
櫱	ŋjɛt4	
𣎴	ŋɑt4	
𠱥	ŋɑt4	
𠲗	ŋɑt4	
歺	ŋɑt4	
齾	ŋɑt4	
齾	ŋat4	
葛	kɑt4	
䈓	kɑt4	
獦	kɑt4	
獦	ljɛp4	
割	kɑt4	
𩢛	kɑt4	
輵	kɑt4	
𨞛	kɑt4	
𥢸	kɑt4	
㵧	kɑt4	
躠	sat4	
薩	sat4	
摋	sat4	
𥻦	sat4	
攃	sat4	
攃	tsʰat4	
𦼧	sat4	
𨐖	sat4	
䌨	tsʰat4	
礤	tsʰat4	
捺	nat4	
𤷈	nat4	
䖧	nat4	
末	mwɑt4	
昩	mwɑt4	
𩑷	mwɑt4	
䴲	mwɑt4	
𨣱	mwɑt4	
䬴	mwɑt4	
秣	mwɑt4	
𥬎	mwɑt4	
靺	mwɑt4	
𥄕	mwɑt4	
粖	mwɑt4	
粖	mʲjɛt4	
𩱷	mwɑt4	
𩱷	mʲjɛt4	
𥽘	mwɑt4	
䱅	mwɑt4	
抹	mwɑt4	
妺	mwɑt4	
𠇱	mwɑt4	
𢗿	mwɑt4	
𡊉	mwɑt4	
瀎	mwɑt4	
瀎	mʲjɛt4	
𩿣	mwɑt4	
𦫕	mwɑt4	
袜	mwɑt4	
撥	pwɑt4	
癶	pwɑt4	
袚	pwɑt4	
茇	pwɑt4	
茇	bwɑt4	
鉢	pwɑt4	
盋	pwɑt4	
䳊	pwɑt4	
䳊	bwɑt4	
鱍	pwɑt4	
鱍	pʰwɑt4	
䢌	pwɑt4	
𩯌	pwɑt4	
襏	pwɑt4	
𦪑	pwɑt4	
驋	pwɑt4	
拶	tsat4	
㳨	tsat4	
𠛱	tsat4	
𠛱	ljɛt4	
𨀨	tsat4	
㵶	tsat4	
㵶	tsjɛt4	
㵶	tsik4	
括	kwɑt4	
活	kwɑt4	
活	ɣwɑt4	
𣽅	kwɑt4	
𣽅	ɣwɑt4	
髺	kwɑt4	
聒	kwɑt4	
䒷	kwɑt4	
𦸈	kwɑt4	
鴰	kwɑt4	
鴰	kwat4	
萿	kwɑt4	
适	kwɑt4	
适	kʰwɑt4	
佸	kwɑt4	
佸	ɣwɑt4	
頢	kwɑt4	
頢	ɣwat4	
葀	kwɑt4	
䯏	kwɑt4	
懖	kwɑt4	
𦗾	kwɑt4	
筈	kwɑt4	
筈	kʰwɑt4	
闊	kʰwɑt4	
蛞	kʰwɑt4	
䟯	kʰwɑt4	
𤫵	kʰwɑt4	
䄆	ɣwɑt4	
䄆	kwat4	
秳	ɣwɑt4	
姡	ɣwɑt4	
姡	ɣwat4	
奪	dwɑt4	
𡙜	dwɑt4	
敓	dwɑt4	
脫	dwɑt4	
脫	tʰwɑt4	
挩	dwɑt4	
挩	tʰwɑt4	
莌	dwɑt4	
莌	tʰwɑt4	
痥	dwɑt4	
鮵	dwɑt4	
豁	xwɑt4	
𧯆	xwɑt4	
奯	xwɑt4	
𤃴	xwɑt4	
𣁳	xwɑt4	
𣁳	ʔwɑt4	
𣁳	ʔwat4	
眓	xwɑt4	
斡	ʔwɑt4	
焥	ʔwɑt4	
䩊	ʔwɑt4	
捾	ʔwɑt4	
𥄗	ʔwɑt4	
繓	tswɑt4	
撮	tswɑt4	
撮	tsʰwɑt4	
攥	tswɑt4	
鏺	pʰwɑt4	
𢯸	pʰwɑt4	
𨂩	pʰwɑt4	
㧊	pʰwɑt4	
䣪	pʰwɑt4	
𨡩	pʰwɑt4	
𣸍	pʰwɑt4	
𧘟	pʰwɑt4	
𦫔	pʰwɑt4	
䍨	pʰwɑt4	
𠷑	pʰwɑt4	
侻	tʰwɑt4	
捋	lwɑt4	
𠜖	lwɑt4	
蛶	lwɑt4	
蛶	lɥɛt4	
㸹	lwɑt4	
㸹	lɥɛt4	
㭩	lwɑt4	
㭩	lɥɛt4	
掇	twɑt4	
掇	tɻɥɛt4	
剟	twɑt4	
剟	tɻɥɛt4	
鵽	twɑt4	
鵽	tɻwat4	
裰	twɑt4	
敠	twɑt4	
敠	tsʰɥɛt4	
跋	bwɑt4	
𧺡	bwɑt4	
𧺺	bwɑt4	
魃	bwɑt4	
𢇷	bwɑt4	
䣮	bwɑt4	
馛	bwɑt4	
炦	bwɑt4	
癹	bwɑt4	
妭	bwɑt4	
犮	bwɑt4	
胈	bwɑt4	
鈸	bwɑt4	
䮂	bwɑt4	
菝	bwɑt4	
菝	bat4	
𩃶	bwɑt4	
黠	ɣat4	
𩪲	ɣat4	
䦖	ɣat4	
䦖	ɣʲjɛt4	
札	tʂat4	
𣧖	tʂat4	
𣧖	tsjɛt4	
蚻	tʂat4	
紮	tʂat4	
𩿤	tʂat4	
扎	tʂat4	
𥎱	bat4	
𤫶	kʰat4	
擖	kʰat4	
擖	kat4	
擖	dɻap4	
劼	kʰat4	
𩮁	kʰat4	
𩮁	kat4	
㓞	kʰat4	
㓤	kʰat4	
硈	kʰat4	
𦸉	kʰat4	
䂒	kʰat4	
𢼣	kʰat4	
猾	ɣwat4	
䱻	ɣwat4	
磆	ɣwat4	
螖	ɣwat4	
䴳	ɣwat4	
𧽌	ɣwat4	
八	pat4	
𩡩	pat4	
朳	pat4	
捌	pat4	
㺴	pat4	
䤢	pat4	
哵	pat4	
玐	pat4	
釟	pat4	
窡	tɻwat4	
𠿡	tɻwat4	
穵	ʔwat4	
穵	ʔat4	
嗗	ʔwat4	
豽	nwat4	
貀	nwat4	
䶪	tʂʰat4	
䕓	tʂʰat4	
察	tʂʰat4	
詧	tʂʰat4	
詧	tsʰjɛt4	
𣘤	tʂʰat4	
𩴳	tʂʰat4	
劀	kwat4	
𠟽	kwat4	
戛	kat4	
扴	kat4	
圿	kat4	
鴶	kat4	
楔	kat4	
楔	sjɛt4	
秸	kat4	
鞂	kat4	
忦	kat4	
嘎	kat4	
𠜵	kat4	
𪃈	kat4	
𪃈	kʲjɛt4	
袺	kat4	
袺	kʲjɛt4	
㮖	kat4	
磍	kat4	
磍	kʰat4	
頡	kat4	
頡	ɣʲjɛt4	
軋	ʔat4	
圠	ʔat4	
揠	ʔat4	
嫼	ʔat4	
䝟	ʔat4	
猰	ʔat4	
猰	kat4	
猰	kʲʰjɛt4	
䰲	ʔat4	
窫	ʔat4	
煞	ʂat4	
𣻑	ʂat4	
榝	ʂat4	
㑻	mat4	
䯦	mat4	
𪒜	mat4	
睰	mat4	
礣	mat4	
傄	xwat4	
䀨	xwat4	
痆	nat4	
𧞍	nat4	
𦤙	ŋwat4	
𦘍	ŋwat4	
𪗔	pʰat4	
𥐙	pʰat4	
𨋐	pʰat4	
鎋	ɣat4	
舝	ɣat4	
𪗾	ɣat4	
𪗾	xat4	
鶷	ɣat4	
𧕱	ɣat4	
𤪍	ɣat4	
𦵯	ɣat4	
縖	ɣat4	
𩝛	ɣat4	
𥰶	ɣat4	
𠢆	ɣat4	
𢮟	ɣat4	
𪆰	ʔat4	
䦪	ʔat4	
𡇼	ʔat4	
劜	ʔat4	
聐	ŋat4	
𩮝	ŋat4	
𡿖	ŋat4	
𡿖	ŋʲjɛt4	
刹	tʂʰat4	
䓭	tʂʰat4	
𥴭	kʰat4	
趏	kʰat4	
趏	kwat4	
瞎	xat4	
𩮂	xat4	
㔠	xat4	
刮	kwat4	
𤁪	ɣwat4	
𦧠	ɣwat4	
敌	ɣwat4	
舌	ɣwat4	
舌	ʐjɛt4	
䫄	tɻʰwat4	
𤁫	tɻʰwat4	
刷	ʂwat4	
䎳	ŋwat4	
䚴	ŋwat4	
䵵	tʂʰwat4	
䵵	tʂwat4	
㔍	tʂʰwat4	
帓	mat4	
帕	mat4	
𤬷	nwat4	
袦	nwat4	
㭭	pat4	
㭭	pʲjɛt4	
𪈟	kat4	
𨰉	dʐat4	
耫	dʐat4	
耫	dʐiˤk4	
㳐	dʐat4	
哳	tɻat4	
𢧖	tɻat4	
𧶇	tɻat4	
𩭿	nat4	
揳	sjɛt4	
𨆳	sjɛt4	
榍	sjɛt4	
糏	sjɛt4	
偰	sjɛt4	
㴽	sjɛt4	
𦵱	sjɛt4	
𦞚	sjɛt4	
㨝	sjɛt4	
㗫	tsʰjɛt4	
𪙌	tsʰjɛt4	
竊	tsʰjɛt4	
沏	tsʰjɛt4	
䟙	tsʰjɛt4	
結	kʲjɛt4	
絜	kʲjɛt4	
絜	ɣʲjɛt4	
潔	kʲjɛt4	
䥛	kʲjɛt4	
鍥	kʲjɛt4	
鍥	kʲʰjɛt4	
桔	kʲjɛt4	
𣚃	kʲjɛt4	
𧾯	kʲjɛt4	
魝	kʲjɛt4	
𡔢	kʲjɛt4	
𡔢	kʲʰjɛt4	
𧍩	kʲjɛt4	
節	tsjɛt4	
𢎛	tsjɛt4	
癤	tsjɛt4	
楶	tsjɛt4	
㸅	tsjɛt4	
𡴺	tsjɛt4	
𡴺	dzjɛt4	
䲙	tsjɛt4	
幯	tsjɛt4	
𠬝	tsjɛt4	
𧞛	tsjɛt4	
血	xʲɥɛt4	
𥅧	xʲɥɛt4	
䆷	xʲɥɛt4	
䆝	xʲɥɛt4	
䦑	xʲɥɛt4	
泬	xʲɥɛt4	
疦	xʲɥɛt4	
疦	kʲɥɛt4	
瞲	xʲɥɛt4	
決	xʲɥɛt4	
決	kʲɥɛt4	
䛎	xʲɥɛt4	
䒸	xʲɥɛt4	
坹	xʲɥɛt4	
坹	ɣʲɥɛt4	
闋	kʲʰɥɛt4	
缺	kʲʰɥɛt4	
𨴒	kʲʰɥɛt4	
玦	kʲɥɛt4	
䀗	kʲɥɛt4	
譎	kʲɥɛt4	
訣	kʲɥɛt4	
𧤾	kʲɥɛt4	
觼	kʲɥɛt4	
鐍	kʲɥɛt4	
𦯊	kʲɥɛt4	
芵	kʲɥɛt4	
赽	kʲɥɛt4	
鴂	kʲɥɛt4	
鈌	kʲɥɛt4	
𣬎	kʲɥɛt4	
㭈	kʲɥɛt4	
蚗	kʲɥɛt4	
趹	kʲɥɛt4	
憰	kʲɥɛt4	
𧝃	kʲɥɛt4	
䏐	kʲɥɛt4	
抉	kʲɥɛt4	
抉	ʔʲɥɛt4	
穴	ɣʲɥɛt4	
䋉	ɣʲɥɛt4	
䆕	ʔʲɥɛt4	
妜	ʔʲɥɛt4	
𥈾	ʔʲɥɛt4	
䆢	ʔʲɥɛt4	
昳	djɛt4	
胅	djɛt4	
垤	djɛt4	
耋	djɛt4	
迭	djɛt4	
跌	djɛt4	
絰	djɛt4	
驖	djɛt4	
驖	tʰjɛt4	
嵽	djɛt4	
𨳺	djɛt4	
瓞	djɛt4	
戜	djɛt4	
苵	djɛt4	
镻	djɛt4	
𢲼	djɛt4	
恎	djɛt4	
𠽧	djɛt4	
𡼄	djɛt4	
𥑇	djɛt4	
趃	djɛt4	
㦅	djɛt4	
鐵	tʰjɛt4	
僣	tʰjɛt4	
餮	tʰjɛt4	
飻	tʰjɛt4	
蛈	tʰjɛt4	
𢶋	tʰjɛt4	
纈	ɣʲjɛt4	
擷	ɣʲjɛt4	
擷	xʲjɛt4	
𢴲	ɣʲjɛt4	
𢴲	xʲjɛt4	
頁	ɣʲjɛt4	
襭	ɣʲjɛt4	
𥊯	ɣʲjɛt4	
𧀺	ɣʲjɛt4	
𪕯	ɣʲjɛt4	
𪕯	ɣʲik4	
翓	ɣʲjɛt4	
奊	ɣʲjɛt4	
籺	ɣʲjɛt4	
𨵪	ɣʲjɛt4	
𥢹	ɣʲjɛt4	
覈	ɣʲjɛt4	
覈	ɣiˤk4	
涅	njɛt4	
捏	njɛt4	
𦯖	njɛt4	
㘿	njɛt4	
圼	njɛt4	
篞	njɛt4	
苶	njɛt4	
苶	ɻjɛt4	
苶	njɛp4	
𥔄	njɛt4	
𤶚	njɛt4	
㖏	njɛt4	
𦛠	njɛt4	
菍	njɛt4	
菍	njɛp4	
截	dzjɛt4	
蠞	dzjɛt4	
䕙	dzjɛt4	
𩟙	dzjɛt4	
齧	ŋʲjɛt4	
嵲	ŋʲjɛt4	
槷	ŋʲjɛt4	
臬	ŋʲjɛt4	
臲	ŋʲjɛt4	
陧	ŋʲjɛt4	
𡴎	ŋʲjɛt4	
𡴎	ŋjɛt4	
闑	ŋʲjɛt4	
闑	ŋjɛt4	
蔑	mʲjɛt4	
懱	mʲjɛt4	
𧂝	mʲjɛt4	
蠛	mʲjɛt4	
篾	mʲjɛt4	
幭	mʲjɛt4	
鱴	mʲjɛt4	
𥾝	mʲjɛt4	
衊	mʲjɛt4	
䩏	mʲjɛt4	
𤊾	mʲjɛt4	
𪇴	mʲjɛt4	
𥣫	mʲjɛt4	
鴓	mʲjɛt4	
𥸴	mʲjɛt4	
𥌨	mʲjɛt4	
㢼	pʲjɛt4	
䋢	pʲjɛt4	
䋢	pʲʰjɛt4	
𩋇	pʲjɛt4	
𡘴	pʲjɛt4	
䌘	pʲjɛt4	
䘷	pʲjɛt4	
㔡	pʲjɛt4	
噎	ʔʲjɛt4	
䊦	ʔʲjɛt4	
蠮	ʔʲjɛt4	
𤝱	ʔʲjɛt4	
挈	kʲʰjɛt4	
㼤	kʲʰjɛt4	
蛪	kʲʰjɛt4	
䩤	xʲjɛt4	
褉	xʲjɛt4	
䙽	xʲjɛt4	
撆	pʲʰjɛt4	
𢠳	pʲʰjɛt4	
瞥	pʲʰjɛt4	
䭱	pʲʰjɛt4	
䭱	bʲjɛt4	
嫳	pʲʰjɛt4	
䫾	pʲʰjɛt4	
䫾	pik4	
鐅	pʲʰjɛt4	
暼	pʲʰjɛt4	
蹩	bʲjɛt4	
𢱧	bʲjɛt4	
𩓝	bʲjɛt4	
癟	bʲjɛt4	
癟	pʲʰjɛt4	
䏟	bʲjɛt4	
蛂	bʲjɛt4	
𢛎	bʲjɛt4	
襒	bʲjɛt4	
𥉺	tjɛt4	
𨴗	tjɛt4	
𡇓	tjɛt4	
𥸸	ljɛt4	
夨	ljɛt4	
夨	tʂiˤk4	
薛	sjɛt4	
紲	sjɛt4	
緤	sjɛt4	
褻	sjɛt4	
辥	sjɛt4	
渫	sjɛt4	
渫	dʐap4	
禼	sjɛt4	
𥝁	sjɛt4	
媟	sjɛt4	
齛	sjɛt4	
𣽒	sjɛt4	
暬	sjɛt4	
暬	njɛp4	
絬	sjɛt4	
疶	sjɛt4	
迾	ljɛt4	
蛚	ljɛt4	
烈	ljɛt4	
冽	ljɛt4	
裂	ljɛt4	
茢	ljɛt4	
颲	ljɛt4	
鴷	ljɛt4	
㤠	ljɛt4	
挒	ljɛt4	
𡊻	ljɛt4	
姴	ljɛt4	
哲	tɻjɛt4	
悊	tɻjɛt4	
喆	tɻjɛt4	
嚞	tɻjɛt4	
蜇	tɻjɛt4	
傑	ɡjɛt4	
桀	ɡjɛt4	
榤	ɡjɛt4	
嵥	ɡjɛt4	
滐	ɡjɛt4	
櫭	ɡjɛt4	
杰	ɡjɛt4	
搩	ɡjɛt4	
熱	ɻjɛt4	
晣	tʂjɛt4	
浙	tʂjɛt4	
𩍕	tʂjɛt4	
䏳	tʂjɛt4	
揲	ʐjɛt4	
揲	jɛp4	
揲	djɛp4	
蛥	ʐjɛt4	
孼	ŋjɛt4	
糱	ŋjɛt4	
𤅊	ŋjɛt4	
蠥	ŋjɛt4	
㜸	ŋjɛt4	
滅	mʲjɛt4	
搣	mʲjɛt4	
朅	kʰjɛt4	
藒	kʰjɛt4	
𡐤	kʰjɛt4	
鼈	pʲjɛt4	
虌	pʲjɛt4	
𡐞	pʲjɛt4	
憋	pʲjɛt4	
憋	pʲʰjɛt4	
䳤	pʲjɛt4	
絕	dzɥɛt4	
㔢	tsɥɛt4	
𨼎	tsɥɛt4	
雪	sɥɛt4	
䨮	sɥɛt4	
𤿫	tɻʰɥɛt4	
悅	jɥɛt4	
閱	jɥɛt4	
𧀲	jɥɛt4	
蒛	kʲʰɥɛt4	
爇	ɻɥɛt4	
焫	ɻɥɛt4	
㨎	ɻɥɛt4	
拙	tʂɥɛt4	
䫎	tʂɥɛt4	
䪼	tʂɥɛt4	
𨡸	tʂɥɛt4	
䖦	tʂɥɛt4	
歠	tʂʰɥɛt4	
惙	tɻɥɛt4	
罬	tɻɥɛt4	
罬	kɥɛt4	
䟾	tɻɥɛt4	
𩋁	tɻɥɛt4	
叕	tɻɥɛt4	
𧖀	tɻɥɛt4	
劣	lɥɛt4	
𢚃	lɥɛt4	
埒	lɥɛt4	
䟹	lɥɛt4	
鋝	lɥɛt4	
浖	lɥɛt4	
哷	lɥɛt4	
𦓤	lɥɛt4	
別	bjɛt4	
別	pjɛt4	
𡷘	bjɛt4	
轍	dɻjɛt4	
徹	dɻjɛt4	
徹	tɻʰjɛt4	
撤	dɻjɛt4	
撤	tɻʰjɛt4	
澈	dɻjɛt4	
㯙	dɻjɛt4	
䇷	pjɛt4	
𧧸	pjɛt4	
莂	pjɛt4	
㕞	ʂwat4	
𠴪	ʂwat4	
孑	kʲjɛt4	
𨥂	kʲjɛt4	
設	ʂjɛt4	
蔎	ʂjɛt4	
吶	nɥɛt4	
𩖶	xʲɥɛt4	
𣧡	xʲɥɛt4	
烕	xʲɥɛt4	
𦐋	xʲɥɛt4	
吷	xʲɥɛt4	
𧣸	kɥɛt4	
䞵	kɥɛt4	
𥕹	tsʰɥɛt4	
𧕾	tsjɛt4	
䘁	tsjɛt4	
𪇲	tsjɛt4	
尐	tsjɛt4	
𠯙	tsjɛt4	
𠱝	ʔjɛt4	
屮	tɻʰjɛt4	
硩	tɻʰjɛt4	
硩	tʰik4	
䒆	tɻʰjɛt4	
焎	xjɛt4	
㿱	zɥɛt4	
𧋍	zɥɛt4	
𨵊	dʐat4	
藥	jɑk4	
躍	jɑk4	
礿	jɑk4	
禴	jɑk4	
蘥	jɑk4	
鑰	jɑk4	
𩱲	jɑk4	
瀹	jɑk4	
𤅢	jɑk4	
𤄶	jɑk4	
爚	jɑk4	
爚	ʂjɑk4	
櫟	jɑk4	
櫟	lik4	
龠	jɑk4	
䋤	jɑk4	
𠩃	jɑk4	
敫	jɑk4	
籥	jɑk4	
𢅹	jɑk4	
𧕋	jɑk4	
纅	jɑk4	
鸙	jɑk4	
㜰	jɑk4	
㜰	ʂjɑk4	
𤒀	jɑk4	
䟑	jɑk4	
㿑	jɑk4	
𨷲	jɑk4	
䠯	jɑk4	
𨈋	jɑk4	
䖃	jɑk4	
略	ljɑk4	
䌎	ljɑk4	
擽	ljɑk4	
擽	lik4	
㗉	ljɑk4	
䂮	ljɑk4	
𧎾	ljɑk4	
䀩	ljɑk4	
䀩	lɑk4	
䛚	ljɑk4	
腳	kjɑk4	
脚	kjɑk4	
卻	kjɑk4	
卻	kʰjɑk4	
屩	kjɑk4	
灼	tʂjɑk4	
斫	tʂjɑk4	
彴	tʂjɑk4	
勺	tʂjɑk4	
勺	ʐjɑk4	
酌	tʂjɑk4	
焯	tʂjɑk4	
妁	tʂjɑk4	
妁	ʐjɑk4	
謶	tʂjɑk4	
𥯩	tʂjɑk4	
犳	tʂjɑk4	
𧘑	tʂjɑk4	
禚	tʂjɑk4	
爍	ʂjɑk4	
鑠	ʂjɑk4	
獡	ʂjɑk4	
䁻	ʂjɑk4	
䟏	ʂjɑk4	
䟏	lik4	
弱	ɻjɑk4	
鄀	ɻjɑk4	
箬	ɻjɑk4	
蒻	ɻjɑk4	
楉	ɻjɑk4	
溺	ɻjɑk4	
溺	nik4	
䐞	ɻjɑk4	
叒	ɻjɑk4	
𨀝	ɻjɑk4	
綽	tʂʰjɑk4	
繛	tʂʰjɑk4	
婥	tʂʰjɑk4	
却	kʰjɑk4	
𤷽	kʰjɑk4	
虐	ŋjɑk4	
瘧	ŋjɑk4	
仢	ʐjɑk4	
㲋	tɻʰjɑk4	
𤟭	tɻʰjɑk4	
辵	tɻʰjɑk4	
蠚	tɻʰjɑk4	
蠚	xɑk4	
削	sjɑk4	
爵	tsjɑk4	
𩰥	tsjɑk4	
雀	tsjɑk4	
㩱	tsjɑk4	
嚼	dzjɑk4	
鵲	tsʰjɑk4	
舄	tsʰjɑk4	
舄	sik4	
趞	tsʰjɑk4	
碏	tsʰjɑk4	
皵	tsʰjɑk4	
皵	tsʰik4	
踖	tsʰjɑk4	
踖	tsik4	
踖	dzik4	
䇎	tsʰjɑk4	
䱜	tsʰjɑk4	
䱜	tsʰɑk4	
噱	ɡjɑk4	
𠊬	ɡjɑk4	
𠊬	kʰik4	
𧍕	ɡjɑk4	
𧍕	kʰwiˤk4	
𧮫	ɡjɑk4	
𠶸	ɡjɑk4	
𠶸	kʰik4	
臄	ɡjɑk4	
䐘	ɡjɑk4	
嬳	ʔɥɑk4	
嬳	ʔwɑk4	
𡤬	ʔɥɑk4	
彠	ʔɥɑk4	
彠	ʔwiˤk4	
彠	ɣwiˤk4	
臒	ʔɥɑk4	
臒	ʔwɑk4	
䂄	xɥɑk4	
矆	xɥɑk4	
彏	xɥɑk4	
彏	kɥɑk4	
戄	xɥɑk4	
戄	ɡɥɑk4	
籰	ɰɥɑk4	
𧤽	ɰɥɑk4	
𧅚	ɰɥɑk4	
𥸘	ɰɥɑk4	
䢲	ɰɥɑk4	
玃	kɥɑk4	
貜	kɥɑk4	
貜	ɡɥɑk4	
𧾵	kɥɑk4	
𧾵	ɡɥɑk4	
钁	kɥɑk4	
攫	kɥɑk4	
矍	kɥɑk4	
𡚠	kɥɑk4	
𡚠	ɡɥɑk4	
躩	kɥɑk4	
躩	kʰɥɑk4	
𪈴	kɥɑk4	
𨏹	kɥɑk4	
𥗁	tɻjɑk4	
櫡	tɻjɑk4	
鐯	tɻjɑk4	
𣃈	tɻjɑk4	
擆	tɻjɑk4	
𢖦	kʰɥɑk4	
䣤	ɡɥɑk4	
逽	njɑk4	
𨵫	njɑk4	
蹃	njɑk4	
蹃	niˤk4	
𩅿	fɑk4	
謔	xjɑk4	
鐸	dɑk4	
剫	dɑk4	
𢜬	dɑk4	
踱	dɑk4	
凙	dɑk4	
襗	dɑk4	
襗	dɻiˤk4	
襗	jik4	
𩑒	dɑk4	
𩑒	tɻiˤk4	
𩑒	tɻʰiˤk4	
𧩧	dɑk4	
𩍜	dɑk4	
䐾	dɑk4	
㤞	dɑk4	
喥	dɑk4	
仛	dɑk4	
𨍏	dɑk4	
莫	mɑk4	
幕	mɑk4	
鄚	mɑk4	
鏌	mɑk4	
漠	mɑk4	
瘼	mɑk4	
寞	mɑk4	
瞙	mɑk4	
嗼	mɑk4	
嗼	miˤk4	
塻	mɑk4	
𣩎	mɑk4	
𢊗	mɑk4	
𡈗	mɑk4	
𠢓	mɑk4	
落	lɑk4	
絡	lɑk4	
烙	lɑk4	
洛	lɑk4	
珞	lɑk4	
酪	lɑk4	
𩂣	lɑk4	
笿	lɑk4	
硌	lɑk4	
駱	lɑk4	
𤽼	lɑk4	
𩊚	lɑk4	
㓢	lɑk4	
鉻	lɑk4	
鉻	kiˤk4	
馲	lɑk4	
馲	tʰɑk4	
馲	tɻiˤk4	
𩧐	lɑk4	
𩧐	tʰɑk4	
鮥	lɑk4	
䶅	lɑk4	
䶅	ɣɑk4	
雒	lɑk4	
𣛗	lɑk4	
𧭥	lɑk4	
躒	lɑk4	
躒	lik4	
鵅	lɑk4	
鵅	kiˤk4	
𣧳	lɑk4	
𤽥	lɑk4	
挌	lɑk4	
挌	kiˤk4	
𪇱	lɑk4	
袼	lɑk4	
袼	kɑk4	
𨏒	lɑk4	
託	tʰɑk4	
袥	tʰɑk4	
橐	tʰɑk4	
魠	tʰɑk4	
籜	tʰɑk4	
柝	tʰɑk4	
𣟄	tʰɑk4	
拓	tʰɑk4	
拓	tʂik4	
跅	tʰɑk4	
蘀	tʰɑk4	
𦚈	tʰɑk4	
侂	tʰɑk4	
飥	tʰɑk4	
魄	tʰɑk4	
魄	pʰiˤk4	
沰	tʰɑk4	
矺	tʰɑk4	
矺	tɻiˤk4	
矺	tap4	
迮	tsɑk4	
迮	tʂiˤk4	
柞	tsɑk4	
柞	dzɑk4	
糳	tsɑk4	
㘀	tsɑk4	
㘀	tswɑk4	
逪	tsʰɑk4	
剒	tsʰɑk4	
莡	tsʰɑk4	
各	kɑk4	
閣	kɑk4	
格	kɑk4	
格	kiˤk4	
胳	kɑk4	
恪	kʰɑk4	
㤩	kʰɑk4	
愙	kʰɑk4	
咢	ŋɑk4	
愕	ŋɑk4	
鄂	ŋɑk4	
諤	ŋɑk4	
𠟎	ŋɑk4	
𧊜	ŋɑk4	
𧍞	ŋɑk4	
遌	ŋɑk4	
萼	ŋɑk4	
鍔	ŋɑk4	
𡅡	ŋɑk4	
崿	ŋɑk4	
鶚	ŋɑk4	
鰐	ŋɑk4	
噩	ŋɑk4	
㗁	ŋɑk4	
齶	ŋɑk4	
顎	ŋɑk4	
𡾙	ŋɑk4	
鑩	ŋɑk4	
偔	ŋɑk4	
堮	ŋɑk4	
𡓐	ŋɑk4	
㮙	ŋɑk4	
湂	ŋɑk4	
𩔈	pʰɑk4	
奤	pʰɑk4	
䨰	pʰɑk4	
粕	pʰɑk4	
膊	pʰɑk4	
𦢸	pʰɑk4	
䪙	pʰɑk4	
胉	pʰɑk4	
蒪	pʰɑk4	
𥴮	pʰɑk4	
𥴮	pɑk4	
𦿍	pʰɑk4	
𦥭	pʰɑk4	
𦐦	pʰɑk4	
𢙣	ʔɑk4	
堊	ʔɑk4	
蝁	ʔɑk4	
泊	bɑk4	
亳	bɑk4	
箔	bɑk4	
薄	bɑk4	
礴	bɑk4	
𩍿	bɑk4	
鑮	bɑk4	
鑮	pɑk4	
踄	bɑk4	
𩽛	bɑk4	
䭦	bɑk4	
壑	xɑk4	
㕡	xɑk4	
郝	xɑk4	
郝	ʂik4	
郝	tʂʰik4	
矐	xɑk4	
矐	xwɑk4	
索	sɑk4	
索	ʂiˤk4	
𢱢	sɑk4	
溹	sɑk4	
溹	ʂiˤk4	
𩌈	sɑk4	
𦵫	sɑk4	
㮦	sɑk4	
涸	ɣɑk4	
鶴	ɣɑk4	
貈	ɣɑk4	
貉	ɣɑk4	
貉	miˤk4	
狢	ɣɑk4	
𠗂	ɣɑk4	
佫	ɣɑk4	
䅂	ɣɑk4	
昨	dzɑk4	
酢	dzɑk4	
莋	dzɑk4	
怍	dzɑk4	
𣫞	dzɑk4	
筰	dzɑk4	
㸲	dzɑk4	
岝	dzɑk4	
岝	dʐiˤk4	
䣢	dzɑk4	
䣢	dzik4	
𦁎	dzɑk4	
𢂃	dzɑk4	
䋏	dzɑk4	
砟	dzɑk4	
葃	dzɑk4	
葃	dʐiˤk4	
葃	dzik4	
鈼	dzɑk4	
博	pɑk4	
髆	pɑk4	
鎛	pɑk4	
㗘	pɑk4	
𪙍	pɑk4	
簙	pɑk4	
䗚	pɑk4	
猼	pɑk4	
䍸	pɑk4	
欂	pɑk4	
欂	bik4	
欂	biˤk4	
䶈	pɑk4	
餺	pɑk4	
䙏	pɑk4	
諾	nɑk4	
霍	xwɑk4	
霩	xwɑk4	
䁨	xwɑk4	
藿	xwɑk4	
彉	xwɑk4	
彉	kwɑk4	
彍	xwɑk4	
彍	kwɑk4	
攉	xwɑk4	
瀖	xwɑk4	
劐	xwɑk4	
癨	xwɑk4	
郭	kwɑk4	
𩫏	kwɑk4	
𨟍	kwɑk4	
崞	kwɑk4	
椁	kwɑk4	
槨	kwɑk4	
𦘅	kwɑk4	
雘	ʔwɑk4	
蠖	ʔwɑk4	
𩟓	ʔwɑk4	
鸌	ʔwɑk4	
穫	ɣwɑk4	
鑊	ɣwɑk4	
㦜	ɣwɑk4	
𤐰	ɣwɑk4	
䨥	ɣwɑk4	
䨥	tʂik4	
𤻙	ɣwɑk4	
𢋒	ɣwɑk4	
廓	kʰwɑk4	
鞹	kʰwɑk4	
漷	kʰwɑk4	
漷	xwiˤk4	
𠠎	kʰwɑk4	
𠠎	kʰwiˤk4	
籗	kʰwɑk4	
瓁	ŋwɑk4	
硦	lwɑk4	
陌	miˤk4	
帞	miˤk4	
袹	miˤk4	
𡠜	miˤk4	
𡖶	miˤk4	
貘	miˤk4	
蛨	miˤk4	
貊	miˤk4	
佰	miˤk4	
驀	miˤk4	
㹮	miˤk4	
𩢷	miˤk4	
洦	miˤk4	
洦	pʰiˤk4	
𢫦	miˤk4	
𧻙	miˤk4	
𧻙	pʰiˤk4	
銆	miˤk4	
磔	tɻiˤk4	
虴	tɻiˤk4	
舴	tɻiˤk4	
舴	tʂiˤk4	
𤜤	tɻiˤk4	
𪄱	tɻiˤk4	
𪄱	tik4	
𪐏	tɻiˤk4	
𪐏	tɻik4	
嫡	tɻiˤk4	
嫡	tik4	
𥧮	tɻiˤk4	
杔	tɻiˤk4	
白	biˤk4	
帛	biˤk4	
舶	biˤk4	
鮊	biˤk4	
𦰬	biˤk4	
伯	piˤk4	
迫	piˤk4	
敀	piˤk4	
敀	pʰiˤk4	
百	piˤk4	
柏	piˤk4	
湐	piˤk4	
𦯉	piˤk4	
㼟	piˤk4	
劇	ɡik4	
屐	ɡik4	
𨍺	ɡik4	
谻	ɡik4	
谻	kik4	
𢜭	ɡik4	
𢜭	kik4	
㘌	ɡik4	
戟	kik4	
撠	kik4	
𦻝	kik4	
𤜾	kik4	
丮	kik4	
𩯋	kik4	
𡩡	ʂiˤk4	
䞽	ʂiˤk4	
𥻨	ʂiˤk4	
䜺	tʂʰiˤk4	
嚄	ɣwiˤk4	
𡄴	ɣwiˤk4	
嘖	tʂiˤk4	
嘖	dʐiˤk4	
窄	tʂiˤk4	
蚱	tʂiˤk4	
齚	dʐiˤk4	
泎	dʐiˤk4	
隙	kʰik4	
郤	kʰik4	
綌	kʰik4	
𧯈	kʰik4	
𡭴	kʰik4	
額	ŋiˤk4	
頟	ŋiˤk4	
䱮	ŋiˤk4	
峉	ŋiˤk4	
詻	ŋiˤk4	
䩹	ŋiˤk4	
逆	ŋik4	
屰	ŋik4	
縌	ŋik4	
㘙	ŋik4	
𥿬	ŋik4	
𠱘	ŋik4	
客	kʰiˤk4	
喀	kʰiˤk4	
礊	kʰiˤk4	
礊	xwiˤk4	
揢	kʰiˤk4	
𩚬	ʔiˤk4	
虩	xik4	
虩	ʂiˤk4	
坼	tɻʰiˤk4	
㿭	tɻʰiˤk4	
𤖴	tɻʰiˤk4	
𩎚	tɻʰiˤk4	
䪝	ʔwiˤk4	
拍	pʰiˤk4	
珀	pʰiˤk4	
𤖼	pʰiˤk4	
赫	xiˤk4	
爀	xiˤk4	
𢅰	xiˤk4	
𥋿	xiˤk4	
垎	ɣiˤk4	
䞦	ɣiˤk4	
楁	ɣiˤk4	
𨍇	ɣiˤk4	
𢓜	kiˤk4	
茖	kiˤk4	
骼	kiˤk4	
觡	kiˤk4	
𩹺	kiˤk4	
㦴	kiˤk4	
蛒	kiˤk4	
𪌣	kiˤk4	
𢼛	kiˤk4	
𢼛	kwiˤk4	
𩹿	kiˤk4	
謋	xwiˤk4	
諕	xwiˤk4	
砉	xwiˤk4	
砉	xʲyjk4	
𦒧	xwiˤk4	
湱	xwiˤk4	
硅	xwiˤk4	
𢝇	xwiˤk4	
宅	dɻiˤk4	
㡯	dɻiˤk4	
擇	dɻiˤk4	
澤	dɻiˤk4	
𪀥	dɻiˤk4	
翟	dɻiˤk4	
翟	dik4	
䕪	dɻiˤk4	
檡	dɻiˤk4	
檡	ʂik4	
鸅	dɻiˤk4	
𩏪	dɻiˤk4	
蠌	dɻiˤk4	
𤂥	dɻiˤk4	
虢	kwiˤk4	
㶁	kwiˤk4	
𧭣	kwiˤk4	
㠛	ʔwiˤk4	
𣝍	bik4	
麥	miˤk4	
𧖴	miˤk4	
脉	miˤk4	
衇	miˤk4	
霢	miˤk4	
眽	miˤk4	
覛	miˤk4	
覛	mʲik4	
𧡒	miˤk4	
獲	ɣwiˤk4	
嫿	ɣwiˤk4	
劃	ɣwiˤk4	
劃	xwiˤk4	
㗲	ɣwiˤk4	
咟	ɣwiˤk4	
蟈	kwiˤk4	
馘	kwiˤk4	
聝	kwiˤk4	
膕	kwiˤk4	
𩪐	kwiˤk4	
摑	kwiˤk4	
漍	kwiˤk4	
𢹖	kwiˤk4	
䂸	kwiˤk4	
嘓	kwiˤk4	
䬎	kwiˤk4	
𧖻	kwiˤk4	
檗	piˤk4	
擘	piˤk4	
𤖟	piˤk4	
糪	piˤk4	
糪	pʰiˤk4	
䌟	biˤk4	
繴	biˤk4	
繴	pʲik4	
𦌠	biˤk4	
賾	dʐiˤk4	
鰿	dʐiˤk4	
鰿	tsik4	
㣱	dʐiˤk4	
矠	dʐiˤk4	
矠	tʂʰiˤk4	
責	tʂiˤk4	
𩔳	tʂiˤk4	
簀	tʂiˤk4	
幘	tʂiˤk4	
謮	tʂiˤk4	
𧐐	tʂiˤk4	
𧐐	tsik4	
𦟜	tʂiˤk4	
嫧	tʂiˤk4	
嫧	tʂʰiˤk4	
嫧	tsʰik4	
䞰	dʐwiˤk4	
䟄	dʐwiˤk4	
䟄	tsʰik4	
策	tʂʰiˤk4	
冊	tʂʰiˤk4	
笧	tʂʰiˤk4	
䶦	tʂʰiˤk4	
筴	tʂʰiˤk4	
筴	kʲjɛp4	
筴	kap4	
𣌧	tʂʰiˤk4	
憡	tʂʰiˤk4	
皟	tʂʰiˤk4	
㥽	tʂʰiˤk4	
𧶷	tʂʰiˤk4	
拺	tʂʰiˤk4	
拺	ʂiˤk4	
𩱘	kʰiˤk4	
䙐	kʰiˤk4	
緙	kʰiˤk4	
諽	kʰiˤk4	
諽	kiˤk4	
剨	xwiˤk4	
𦑌	xwiˤk4	
𦑌	xyjk4	
㦎	xwiˤk4	
捇	xwiˤk4	
掝	xwiˤk4	
㖪	xwiˤk4	
䐸	xwiˤk4	
焃	xwiˤk4	
㩇	xwiˤk4	
㩇	ɣwiˤk4	
𢄶	xwiˤk4	
𨐶	xwiˤk4	
𥊮	xwiˤk4	
𤷇	xwiˤk4	
𤷇	xyjk4	
䦝	xwiˤk4	
𤁹	xwiˤk4	
䬉	xwiˤk4	
𠜻	xwiˤk4	
䃒	ɣiˤk4	
翮	ɣiˤk4	
㮝	ɣiˤk4	
核	ɣiˤk4	
𤈧	ɣiˤk4	
滆	ɣiˤk4	
蒚	ɣiˤk4	
蒚	lik4	
隔	kiˤk4	
膈	kiˤk4	
搹	kiˤk4	
鬲	kiˤk4	
鬲	lik4	
槅	kiˤk4	
革	kiˤk4	
𥴩	kiˤk4	
𢡍	kiˤk4	
䪂	kiˤk4	
𧈑	kiˤk4	
䨣	kiˤk4	
𥉅	kiˤk4	
𦑜	kiˤk4	
嗝	kiˤk4	
摘	tɻiˤk4	
摘	tʰik4	
謫	tɻiˤk4	
讁	tɻiˤk4	
𤟍	tɻiˤk4	
棏	tɻiˤk4	
棏	dɨjk4	
𡇠	tɻiˤk4	
䊞	tɻiˤk4	
厇	tɻiˤk4	
戹	ʔiˤk4	
厄	ʔiˤk4	
搤	ʔiˤk4	
㧖	ʔiˤk4	
軶	ʔiˤk4	
豟	ʔiˤk4	
𪕶	ʔiˤk4	
𪕶	ʔʲik4	
貖	ʔiˤk4	
蚅	ʔiˤk4	
𧠞	ʔiˤk4	
栜	ʂiˤk4	
𣽤	ʂiˤk4	
㾊	ʂiˤk4	
䨛	ʂiˤk4	
擌	ʂiˤk4	
𩊯	ʂiˤk4	
𢶉	pʰiˤk4	
虉	ŋiˤk4	
虉	ŋʲik4	
㣂	ŋiˤk4	
𥖪	liˤk4	
𢷾	ʂwiˤk4	
𧾛	ɡyjk4	
䭆	niˤk4	
昔	sik4	
𦠡	sik4	
腊	sik4	
惜	sik4	
潟	sik4	
磶	sik4	
𩍆	sik4	
蕮	sik4	
鬄	sik4	
䯜	sik4	
䯜	tʰik4	
𩾼	sik4	
焟	sik4	
棤	sik4	
脊	tsik4	
蹐	tsik4	
迹	tsik4	
跡	tsik4	
𨒪	tsik4	
𪃹	tsik4	
𩺀	tsik4	
鯽	tsik4	
蹟	tsik4	
襀	tsik4	
庴	tsik4	
庴	dzik4	
益	ʔʲik4	
嗌	ʔʲik4	
𨜶	ʔʲik4	
膉	ʔʲik4	
𦶩	ʔʲik4	
繹	jik4	
睪	jik4	
睪	njɛp4	
亦	jik4	
弈	jik4	
奕	jik4	
帟	jik4	
譯	jik4	
懌	jik4	
驛	jik4	
嶧	jik4	
醳	jik4	
腋	jik4	
掖	jik4	
䘸	jik4	
䘸	tʂik4	
液	jik4	
痬	jik4	
蜴	jik4	
埸	jik4	
圛	jik4	
墿	jik4	
焲	jik4	
𥜃	jik4	
㴒	jik4	
燡	jik4	
𦔥	jik4	
𦔥	ʂik4	
𡱿	jik4	
㘁	jik4	
𤑹	jik4	
𠓋	jik4	
釋	ʂik4	
𥼶	ʂik4	
適	ʂik4	
適	tʂik4	
適	tik4	
奭	ʂik4	
睗	ʂik4	
晹	ʂik4	
𡣪	ʂik4	
螫	ʂik4	
𩮜	ʂik4	
𩮜	tʰik4	
冟	ʂik4	
䁺	ʂik4	
襫	ʂik4	
尺	tʂʰik4	
赤	tʂʰik4	
烾	tʂʰik4	
蚇	tʂʰik4	
㡿	tʂʰik4	
𠧚	tʂʰik4	
𠧵	tʂʰik4	
石	ʐik4	
碩	ʐik4	
祏	ʐik4	
鉐	ʐik4	
䄷	ʐik4	
鼫	ʐik4	
䲽	ʐik4	
隻	tʂik4	
墌	tʂik4	
摭	tʂik4	
蹠	tʂik4	
跖	tʂik4	
䞠	tʂik4	
𠪮	tʂik4	
擲	dɻik4	
擿	dɻik4	
䵂	dɻik4	
䵂	dik4	
躑	dɻik4	
蹢	dɻik4	
蹢	tik4	
𧓸	dɻik4	
磧	tsʰik4	
𧻕	tsʰik4	
洓	tsʰik4	
𧙞	tsʰik4	
席	zik4	
夕	zik4	
穸	zik4	
汐	zik4	
𨛳	zik4	
蓆	zik4	
籍	dzik4	
𨆮	dzik4	
耤	dzik4	
塉	dzik4	
瘠	dzik4	
猎	dzik4	
膌	dzik4	
擗	bʲik4	
躄	bʲik4	
躄	pʲik4	
闢	bʲik4	
辟	bʲik4	
辟	pʲik4	
辟	pʲʰik4	
㱸	bʲik4	
𩪧	bʲik4	
萆	bʲik4	
𣮐	bʲik4	
役	jyjk4	
疫	jyjk4	
𩷍	jyjk4	
垼	jyjk4	
炈	jyjk4	
𪁛	jyjk4	
鈠	jyjk4	
𩂹	jyjk4	
豛	jyjk4	
𧈻	jyjk4	
瞁	xʲyjk4	
𥆛	xʲyjk4	
璧	pʲik4	
鐴	pʲik4	
𣦢	pʲik4	
襞	pʲik4	
𨐨	pʲik4	
僻	pʲʰik4	
癖	pʲʰik4	
廦	pʲʰik4	
廦	pʲik4	
碧	pik4	
彳	tɻʰik4	
𤭏	tɻʰik4	
𦳮	tʂyjk4	
𢔠	xʲyjk4	
錫	sik4	
析	sik4	
㭊	sik4	
裼	sik4	
皙	sik4	
緆	sik4	
𪎥	sik4	
蜥	sik4	
淅	sik4	
惁	sik4	
𧊸	sik4	
㱤	sik4	
擊	kʲik4	
墼	kʲik4	
𦼷	kʲik4	
𡫀	kʲik4	
霹	pʲʰik4	
劈	pʲʰik4	
澼	pʲʰik4	
憵	pʲʰik4	
䤨	pʲʰik4	
靂	lik4	
䟐	lik4	
癧	lik4	
鎘	lik4	
䥶	lik4	
礫	lik4	
瓅	lik4	
秝	lik4	
櫪	lik4	
䍽	lik4	
𩽏	lik4	
歷	lik4	
曆	lik4	
藶	lik4	
瀝	lik4	
磿	lik4	
㽁	lik4	
皪	lik4	
𥌮	lik4	
䍥	lik4	
𪙽	lik4	
𤩚	lik4	
厤	lik4	
攊	lik4	
䮥	lik4	
𧙉	lik4	
䤙	lik4	
𡳸	lik4	
𦠓	lik4	
𨢌	lik4	
㔏	lik4	
𪅼	lik4	
𥽗	lik4	
蚸	lik4	
的	tik4	
甋	tik4	
靮	tik4	
鏑	tik4	
馰	tik4	
滴	tik4	
玓	tik4	
樀	tik4	
樀	dik4	
𦉹	tik4	
𥕐	tik4	
𥐝	tik4	
𣂉	tik4	
啇	tik4	
魡	tik4	
檄	ɣʲik4	
覡	ɣʲik4	
薂	ɣʲik4	
椺	ɣʲik4	
鷁	ŋʲik4	
鶂	ŋʲik4	
艗	ŋʲik4	
𠩫	ŋʲik4	
荻	dik4	
狄	dik4	
敵	dik4	
籊	dik4	
籊	tʰik4	
迪	dik4	
覿	dik4	
𧠫	dik4	
笛	dik4	
糴	dik4	
籴	dik4	
滌	dik4	
蔋	dik4	
𩷎	dik4	
頔	dik4	
梑	dik4	
䊮	dik4	
䨤	dik4	
㹍	dik4	
㣙	dik4	
逖	tʰik4	
逷	tʰik4	
倜	tʰik4	
趯	tʰik4	
䢰	tʰik4	
剔	tʰik4	
𠜓	tʰik4	
惕	tʰik4	
踢	tʰik4	
䚐	tʰik4	
䚐	dzik4	
𤈥	tʰik4	
蓨	tʰik4	
悐	tʰik4	
𢞒	tʰik4	
𢞒	kʲʰik4	
𥉈	tʰik4	
績	tsik4	
勣	tsik4	
樍	tsik4	
𪄸	tsik4	
𣪠	kʲʰik4	
喫	kʲʰik4	
𠿊	kʲʰik4	
𥍰	kʲʰik4	
惄	nik4	
𧖷	nik4	
愵	nik4	
寂	dzik4	
𡧘	dzik4	
𡧯	dzik4	
覓	mʲik4	
幎	mʲik4	
幦	mʲik4	
𧜀	mʲik4	
䮭	mʲik4	
糸	mʲik4	
鼏	mʲik4	
羃	mʲik4	
漞	mʲik4	
冂	mʲik4	
䖑	mʲik4	
𧱻	mʲik4	
䌐	mʲik4	
𪒄	mʲik4	
䈿	mʲik4	
濗	mʲik4	
𧐎	mʲik4	
塓	mʲik4	
甓	bʲik4	
鷿	bʲik4	
壁	pʲik4	
鼊	pʲik4	
𧲜	pʲik4	
闃	kʲʰyjk4	
䠐	kʲʰyjk4	
郹	kʲyjk4	
狊	kʲyjk4	
狊	xʲyjk4	
鶪	kʲyjk4	
湨	kʲyjk4	
鼳	kʲyjk4	
犑	kʲyjk4	
𠋬	kʲyjk4	
戚	tsʰik4	
慼	tsʰik4	
𧒕	tsʰik4	
鼜	tsʰik4	
鏚	tsʰik4	
𪒑	tsʰik4	
𧠪	tsʰik4	
慽	tsʰik4	
𧐶	tsʰik4	
𦸗	tsʰik4	
磩	tsʰik4	
赥	xʲik4	
鬩	xʲik4	
𥍠	xʲik4	
𤄎	xʲik4	
𧨃	xʲik4	
䈪	xʲik4	
㤸	xʲik4	
𣣉	xʲik4	
㦦	xʲik4	
𥍟	xʲyjk4	
殈	xʲyjk4	
𣤩	tʰik4	
𥛚	tʰik4	
職	tʂik4	
軄	tʂik4	
戠	tʂik4	
膱	tʂik4	
蟙	tʂik4	
𧄕	tʂik4	
䐈	tʂik4	
䐈	dɻik4	
樴	tʂik4	
樴	dɨjk4	
直	dɻik4	
犆	dɻik4	
𡸜	dɻik4	
力	lik4	
朸	lik4	
朸	lɨjk4	
屴	lik4	
仂	lik4	
仂	lɨjk4	
鳨	lik4	
𠢠	lik4	
𣲒	lik4	
𡯄	lik4	
𧲡	lik4	
敕	tɻʰik4	
勅	tɻʰik4	
飭	tɻʰik4	
淔	tɻʰik4	
趩	tɻʰik4	
栻	tɻʰik4	
侙	tɻʰik4	
𪀦	tɻʰik4	
鷘	tɻʰik4	
恜	tɻʰik4	
慗	tɻʰik4	
遫	tɻʰik4	
㽚	tɻʰik4	
陟	tɻik4	
稙	tɻik4	
蝕	ʐik4	
息	sik4	
㮩	sik4	
鄎	sik4	
瘜	sik4	
蒠	sik4	
熄	sik4	
𦞜	sik4	
䭒	sik4	
㴧	sik4	
𥰝	sik4	
𪄛	sik4	
寔	ʐik4	
湜	ʐik4	
殖	ʐik4	
遈	ʐik4	
式	ʂik4	
拭	ʂik4	
𢂑	ʂik4	
軾	ʂik4	
飾	ʂik4	
𥿮	ʂik4	
鉽	ʂik4	
烒	ʂik4	
𧄹	ʂik4	
赩	xik4	
衋	xik4	
䵱	xik4	
𥈜	xik4	
𢤋	xik4	
崱	dʐiˤk4	
𡸦	dʐiˤk4	
溭	dʐiˤk4	
萴	dʐiˤk4	
萴	tʂiˤk4	
極	ɡik4	
匿	nik4	
𧈟	nik4	
𧏾	nik4	
𩺱	nik4	
測	tʂʰiˤk4	
惻	tʂʰiˤk4	
畟	tʂʰiˤk4	
畟	tsik4	
𦔎	tʂʰiˤk4	
𡍫	tʂʰiˤk4	
䔴	tʂʰiˤk4	
憶	ʔik4	
億	ʔik4	
臆	ʔik4	
肊	ʔik4	
𠶷	ʔik4	
繶	ʔik4	
澺	ʔik4	
薏	ʔik4	
𦺳	ʔik4	
䗷	ʔik4	
𩍖	ʔik4	
檍	ʔik4	
𣚍	ʔik4	
癔	ʔik4	
抑	ʔik4	
𡊁	ʔik4	
色	ʂiˤk4	
嗇	ʂiˤk4	
𩍙	ʂiˤk4	
穡	ʂiˤk4	
轖	ʂiˤk4	
繬	ʂiˤk4	
濇	ʂiˤk4	
濇	ʂɨp4	
䉢	ʂiˤk4	
𧒗	ʂiˤk4	
懎	ʂiˤk4	
𩕡	ʂiˤk4	
𠢳	ʂiˤk4	
䩯	kʰik4	
殛	kik4	
㥛	kik4	
襋	kik4	
棘	kik4	
㻷	kik4	
蕀	kik4	
茍	kik4	
𧩦	kik4	
弋	jik4	
翊	jik4	
翌	jik4	
黓	jik4	
翼	jik4	
𩙺	jik4	
𦏵	jik4	
隿	jik4	
𧃟	jik4	
㚤	jik4	
杙	jik4	
芅	jik4	
㔴	jik4	
𧾰	jik4	
𨙒	jik4	
𥡪	jik4	
蛡	jik4	
𤬩	jik4	
𢖺	jik4	
瀷	jik4	
瀷	tʂʰik4	
𢎀	jik4	
𠥦	jik4	
熼	jik4	
釴	jik4	
𤼌	jik4	
𧑌	jik4	
𦔜	jik4	
䄩	jik4	
𢓀	jik4	
䘝	jik4	
䣧	jik4	
即	tsik4	
卽	tsik4	
稷	tsik4	
㮨	tsik4	
㹄	tsik4	
𨂢	tsik4	
𤠎	tsik4	
䐚	tsik4	
逼	pik4	
皕	pik4	
䮠	pik4	
湢	pik4	
㘠	pik4	
域	ɰyjk4	
蜮	ɰyjk4	
蜮	ɣujk4	
罭	ɰyjk4	
棫	ɰyjk4	
㚜	ɰyjk4	
𪂉	ɰyjk4	
𦈸	ɰyjk4	
琙	ɰyjk4	
緎	ɰyjk4	
緎	xyjk4	
䮙	ɰyjk4	
魊	ɰyjk4	
魊	ɣujk4	
淢	ɰyjk4	
淢	xyjk4	
𦱂	ɰyjk4	
洫	xyjk4	
䦗	xyjk4	
閾	xyjk4	
𨵨	xyjk4	
𠷾	xyjk4	
𧹭	xyjk4	
堛	pʰik4	
愊	pʰik4	
𤗚	pʰik4	
𤗚	bik4	
𩜰	pʰik4	
揊	pʰik4	
稫	pʰik4	
䦼	pʰik4	
𢾇	pʰik4	
㽬	pʰik4	
疈	pʰik4	
稄	tʂiˤk4	
𥟔	tʂiˤk4	
𣅔	tʂiˤk4	
𢯩	tʂiˤk4	
𢯩	dzik4	
仄	tʂiˤk4	
昃	tʂiˤk4	
㳁	tʂiˤk4	
側	tʂiˤk4	
𠨮	tʂiˤk4	
愎	bik4	
腷	bik4	
𤐧	bik4	
𥻅	bik4	
𡮞	tɻik4	
𣮊	tɻik4	
𢕚	tɻik4	
䁇	mik4	
䁇	mujk4	
𦔫	tʂʰik4	
德	tɨjk4	
惪	tɨjk4	
𢛳	tɨjk4	
得	tɨjk4	
淂	tɨjk4	
𨁽	tɨjk4	
𣌏	tɨjk4	
𠮊	tɨjk4	
則	tsɨjk4	
𠟻	tsɨjk4	
𠟭	tsɨjk4	
勒	lɨjk4	
肋	lɨjk4	
扐	lɨjk4	
艻	lɨjk4	
𤨕	lɨjk4	
玏	lɨjk4	
泐	lɨjk4	
㔹	lɨjk4	
阞	lɨjk4	
竻	lɨjk4	
忒	tʰɨjk4	
㧹	tʰɨjk4	
慝	tʰɨjk4	
貣	tʰɨjk4	
貣	dɨjk4	
𥊸	tʰɨjk4	
㥂	tʰɨjk4	
刻	kʰɨjk4	
克	kʰɨjk4	
剋	kʰɨjk4	
勀	kʰɨjk4	
𡞢	kʰɨjk4	
特	dɨjk4	
𧈩	dɨjk4	
𧎢	dɨjk4	
𤙰	dɨjk4	
鴏	dɨjk4	
黑	xɨjk4	
潶	xɨjk4	
㱄	xɨjk4	
墨	mujk4	
默	mujk4	
䘃	mujk4	
纆	mujk4	
𢄏	mujk4	
𡣫	mujk4	
䁿	mujk4	
𤲰	mujk4	
賊	dzɨjk4	
𧵪	dzɨjk4	
鱡	dzɨjk4	
鰂	dzɨjk4	
蠈	dzɨjk4	
𦽒	dzɨjk4	
𡫼	sɨjk4	
㥶	sɨjk4	
𢥛	sɨjk4	
北	pujk4	
𧉥	pujk4	
蔔	bujk4	
僰	bujk4	
𠣵	bujk4	
垘	bujk4	
䵗	bujk4	
𧟱	bujk4	
𢫯	bujk4	
或	ɣujk4	
惑	ɣujk4	
𡿿	ɣujk4	
國	kujk4	
餩	ʔɨjk4	
䘅	nɨjk4	
䎪	nɨjk4	
裓	kɨjk4	
𢧧	kɨjk4	
墄	tsʰɨjk4	
𧕡	pʰujk4	
𠣾	pʰujk4	
𢃤	xujk4	
𥇙	xujk4	
緝	tsʰip4	
葺	tsʰip4	
葺	tsip4	
諿	tsʰip4	
𧚨	tsʰip4	
𧚨	tsip4	
𪔪	tsʰip4	
咠	tsʰip4	
咠	tsip4	
十	ʐip4	
什	ʐip4	
拾	ʐip4	
褶	ʐip4	
褶	zip4	
褶	djɛp4	
執	tʂip4	
汁	tʂip4	
瓡	tʂip4	
慹	tʂip4	
慹	dzip4	
慹	tʂjɛp4	
慹	njɛp4	
習	zip4	
襲	zip4	
隰	zip4	
鰼	zip4	
騽	zip4	
騽	ɰip4	
飁	zip4	
槢	zip4	
𪄶	zip4	
𦸚	zip4	
䒁	zip4	
霫	zip4	
霫	sip4	
集	dzip4	
輯	dzip4	
檝	dzip4	
檝	tsjɛp4	
亼	dzip4	
𠦫	dzip4	
𦺴	dzip4	
鏶	dzip4	
鏶	tsʰjɛp4	
箿	dzip4	
入	ɻip4	
廿	ɻip4	
揖	ʔʲip4	
挹	ʔʲip4	
溼	ʂip4	
濕	ʂip4	
濕	tʰap4	
䏉	ʂip4	
㗱	tsip4	
潗	tsip4	
䌖	tsip4	
䌖	dzjɛp4	
湒	tsip4	
蓻	tsip4	
䁒	tsip4	
𥠋	tsip4	
㠍	tsip4	
及	ɡip4	
𨕤	ɡip4	
𦶍	ɡip4	
苙	ɡip4	
苙	lip4	
䲯	ɡip4	
笈	ɡip4	
笈	ɡjɛp4	
笈	tʂʰap4	
㧀	ɡip4	
蟄	dɻip4	
䐲	dɻip4	
俋	dɻip4	
㙷	dɻip4	
㙷	dɻjɛp4	
㞏	dɻip4	
譶	dɻip4	
譶	dap4	
縶	tɻip4	
馽	tɻip4	
𡁉	tɻip4	
立	lip4	
䶘	lip4	
䶘	lap4	
粒	lip4	
笠	lip4	
鴗	lip4	
岦	lip4	
砬	lip4	
急	kip4	
汲	kip4	
給	kip4	
伋	kip4	
級	kip4	
芨	kip4	
𦳌	kip4	
㽺	kip4	
㽺	xɑp4	
彶	kip4	
𪀐	kip4	
𪀐	bip4	
𪀐	ɡjɛp4	
岌	ŋip4	
㱞	ŋip4	
泣	kʰip4	
㬤	kʰip4	
湆	kʰip4	
𩎕	sip4	
𩎕	sap4	
卌	sip4	
𧿅	sip4	
㗩	sip4	
歰	ʂɨp4	
澀	ʂɨp4	
澁	ʂɨp4	
鈒	ʂɨp4	
鈒	sap4	
雭	ʂɨp4	
㒊	ʂɨp4	
翜	ʂɨp4	
翜	ʂap4	
吸	xip4	
噏	xip4	
歙	xip4	
歙	ʂjɛp4	
翕	xip4	
𧬈	xip4	
潝	xip4	
熻	xip4	
嬆	xip4	
翖	xip4	
𨝫	xip4	
闟	xip4	
𪅲	xip4	
戢	tʂɨp4	
𥊬	tʂɨp4	
𧤏	tʂɨp4	
𧥄	tʂɨp4	
㗊	tʂɨp4	
蕺	tʂɨp4	
濈	tʂɨp4	
𠿠	tʂɨp4	
霵	tʂɨp4	
霵	dʐɨp4	
邑	ʔip4	
悒	ʔip4	
唈	ʔip4	
唈	ʔɑp4	
裛	ʔip4	
裛	ʔjɛp4	
浥	ʔip4	
浥	ʔap4	
浥	ʔjɛp4	
䓃	ʔip4	
䭂	ʔip4	
𦶂	ʔip4	
湁	tɻʰip4	
雴	tɻʰip4	
漐	tɻʰip4	
曄	ɰip4	
曄	ɰjɛp4	
熠	ɰip4	
熠	jip4	
㵫	nip4	
𣲷	nip4	
㘝	nip4	
㘝	nap4	
𦮾	nip4	
鵖	pip4	
鵖	kjɛp4	
㞚	tʂʰɨp4	
㞚	tʂap4	
㞚	ʂap4	
𡍪	tʂʰɨp4	
䙄	tʂʰɨp4	
䙄	tʂap4	
𢕬	tʂʰɨp4	
𢕬	sap4	
卙	tʂʰip4	
合	ɣɑp4	
合	kɑp4	
郃	ɣɑp4	
郃	kɑp4	
榙	ɣɑp4	
䢔	ɣɑp4	
㭘	ɣɑp4	
㭘	kɑp4	
㭘	ɡjɛp4	
詥	ɣɑp4	
耠	ɣɑp4	
𡇶	ɣɑp4	
𪘁	ɣɑp4	
𪘁	tʰap4	
𦳬	ɣɑp4	
盒	ɣɑp4	
閤	kɑp4	
鴿	kɑp4	
敆	kɑp4	
鉿	kɑp4	
鮯	kɑp4	
蛤	kɑp4	
匌	kɑp4	
匌	kʰɑp4	
佮	kɑp4	
佮	tʰap4	
佮	ʔɑp4	
𣭝	kɑp4	
㠷	kɑp4	
鞈	kɑp4	
鞈	kap4	
韐	kɑp4	
韐	kap4	
𢂷	kɑp4	
𢂷	kap4	
答	tap4	
畣	tap4	
𨅞	tap4	
撘	tap4	
荅	tap4	
褡	tap4	
㜓	tap4	
㾑	tap4	
㾑	xɑp4	
㾑	ŋɑp4	
嗒	tap4	
嗒	tʰap4	
𤝰	tap4	
㿯	tap4	
㯚	tap4	
趿	sap4	
颯	sap4	
靸	sap4	
馺	sap4	
霅	sap4	
霅	tʂjɛp4	
霅	ɣap4	
霅	dɻap4	
卅	sap4	
㚫	sap4	
𣬬	sap4	
沓	dap4	
誻	dap4	
遝	dap4	
㧺	dap4	
㭼	dap4	
㭼	tʰap4	
涾	dap4	
𩣯	dap4	
龖	dap4	
𠉤	dap4	
𣝋	dap4	
蹹	dap4	
䂿	dap4	
䜚	dap4	
𦂀	dap4	
𦾽	dap4	
𧌏	dap4	
眔	dap4	
錔	tʰap4	
嚃	tʰap4	
䓠	tʰap4	
䓠	tap4	
㛥	tʰap4	
踏	tʰap4	
𢃕	tʰap4	
鞜	tʰap4	
𦑇	tʰap4	
漯	tʰap4	
㹺	tʰap4	
𦧟	tʰap4	
䶀	tʰap4	
䶀	kʰɑp4	
䵬	tʰap4	
𨌭	tʰap4	
䍝	tʰap4	
濌	tʰap4	
𪂌	tʰap4	
䈋	tʰap4	
雜	dzap4	
韴	dzap4	
磼	dzap4	
雥	dzap4	
䕹	dzap4	
䕹	dzjɛp4	
帀	tsap4	
迊	tsap4	
𠯗	tsap4	
魳	tsap4	
嘁	tsap4	
沞	tsap4	
䞙	tsap4	
拉	lap4	
搚	lap4	
㩉	lap4	
㩉	tap4	
摺	lap4	
摺	tʂjɛp4	
𦒆	lap4	
磖	lap4	
𪇹	lap4	
菈	lap4	
𣤊	lap4	
㕇	lap4	
𤛊	lap4	
納	nap4	
䪏	nap4	
蒳	nap4	
軜	nap4	
衲	nap4	
魶	nap4	
㨥	nap4	
𣩄	kʰɑp4	
厒	kʰɑp4	
䆟	kʰɑp4	
姶	ʔɑp4	
𤸱	ʔɑp4	
㔩	ʔɑp4	
𨂁	ʔɑp4	
𨂁	ʔap4	
𩋊	ʔɑp4	
𩋊	ʔjɛp4	
𩇠	ʔɑp4	
搕	ʔɑp4	
鞥	ʔɑp4	
欱	xɑp4	
欱	xap4	
𣣹	xɑp4	
礏	ŋɑp4	
哈	ŋɑp4	
𡀾	ŋɑp4	
砐	ŋɑp4	
礘	ŋɑp4	
䑥	ŋɑp4	
魥	ŋɑp4	
魥	kʰjɛp4	
遪	tsʰap4	
盍	ɣɑp4	
闔	ɣɑp4	
𨶩	ɣɑp4	
嗑	ɣɑp4	
嗑	kɑp4	
篕	ɣɑp4	
熆	ɣɑp4	
臘	lap4	
臈	lap4	
𪙷	lap4	
鑞	lap4	
蠟	lap4	
䗶	lap4	
擸	lap4	
擸	ljɛp4	
𥀰	lap4	
𦒦	lap4	
𦅶	lap4	
邋	lap4	
邋	ljɛp4	
㿴	tap4	
耷	tap4	
搨	tap4	
𠞈	tap4	
笚	tap4	
笚	ɣap4	
𩝣	tap4	
䪚	tap4	
榻	tʰap4	
㯓	tʰap4	
𦪙	tʰap4	
毾	tʰap4	
鰈	tʰap4	
鰨	tʰap4	
𦶑	tʰap4	
狧	tʰap4	
𦧭	tʰap4	
𧪦	tʰap4	
𦐇	tʰap4	
鞳	tʰap4	
塔	tʰap4	
搭	tʰap4	
遢	tʰap4	
𩥑	tʰap4	
𩵢	xɑp4	
笝	nap4	
𩚛	nap4	
蹋	dap4	
躢	dap4	
闒	dap4	
𤒻	dap4	
𧮑	dap4	
譫	dap4	
譫	tʂjɛp4	
䍇	dap4	
䳴	dap4	
䈳	dap4	
𦑲	dap4	
𠎷	sap4	
𠿓	sap4	
𢶍	sap4	
𢶍	dzap4	
𨆂	sap4	
𩐅	sap4	
𥋙	ŋɑp4	
䪞	dzap4	
䫦	kɑp4	
閘	kɑp4	
閘	ʔap4	
鉀	kɑp4	
鉀	kap4	
䗘	kɑp4	
榼	kʰɑp4	
𧛾	kʰɑp4	
㕎	kʰɑp4	
𨍰	kʰɑp4	
鰪	ʔɑp4	
廅	ʔɑp4	
囃	tsʰap4	
𥗭	tsʰap4	
䵽	tsʰap4	
砝	kɑp4	
砝	kjɛp4	
𪁍	kɑp4	
葉	jɛp4	
葉	ʂjɛp4	
楪	jɛp4	
鍱	jɛp4	
偞	jɛp4	
偞	xʲjɛp4	
枼	jɛp4	
㯿	jɛp4	
㯿	ljɛp4	
煠	jɛp4	
煠	tɻʰjɛp4	
煠	dʐap4	
䈎	jɛp4	
䈎	tɻʰjɛp4	
殜	jɛp4	
殜	dɻjɛp4	
接	tsjɛp4	
椄	tsjɛp4	
睫	tsjɛp4	
䀹	tsjɛp4	
楫	tsjɛp4	
婕	tsjɛp4	
菨	tsjɛp4	
𣶏	tsjɛp4	
鯜	tsjɛp4	
鯜	tsʰjɛp4	
䈉	tsjɛp4	
䈉	ʂap4	
攝	ʂjɛp4	
攝	njɛp4	
灄	ʂjɛp4	
欇	ʂjɛp4	
欇	ʐjɛp4	
𥍉	ʂjɛp4	
弽	ʂjɛp4	
弽	xʲjɛp4	
韘	ʂjɛp4	
韘	sjɛp4	
涉	ʐjɛp4	
涉	tjɛp4	
𣻣	ʐjɛp4	
䤮	ʐjɛp4	
獵	ljɛp4	
鬣	ljɛp4	
㲱	ljɛp4	
躐	ljɛp4	
䁽	ljɛp4	
𣋲	ljɛp4	
儠	ljɛp4	
犣	ljɛp4	
䪉	ljɛp4	
㼲	ljɛp4	
䉭	ljɛp4	
鱲	ljɛp4	
𡂏	ljɛp4	
𥪂	ljɛp4	
𠠗	ljɛp4	
䜲	ljɛp4	
䃳	ljɛp4	
巤	ljɛp4	
捷	dzjɛp4	
疌	dzjɛp4	
倢	dzjɛp4	
崨	dzjɛp4	
踕	dzjɛp4	
誱	dzjɛp4	
䐑	dɻjɛp4	
㪑	ʔjɛp4	
𦀖	ʔjɛp4	
𦀖	kjɛp4	
聶	njɛp4	
躡	njɛp4	
鑷	njɛp4	
𤴘	njɛp4	
㚔	njɛp4	
帇	njɛp4	
𩣘	njɛp4	
籋	njɛp4	
䌜	njɛp4	
𣌍	njɛp4	
㸎	njɛp4	
踂	njɛp4	
𥬬	njɛp4	
䳖	njɛp4	
𣀳	njɛp4	
謵	tʂʰjɛp4	
𣠞	tʂʰjɛp4	
𣠞	tʂjɛp4	
䧪	tʂʰjɛp4	
喢	tʂʰjɛp4	
喢	ʂap4	
喢	tʂʰap4	
㤴	tʂʰjɛp4	
㤴	tɻʰjɛp4	
㳧	tʂʰjɛp4	
𦛖	tʂʰjɛp4	
讘	ɻjɛp4	
顳	ɻjɛp4	
喦	ɻjɛp4	
囁	ɻjɛp4	
囁	tʂjɛp4	
𦣀	ɻjɛp4	
讋	tʂjɛp4	
懾	tʂjɛp4	
慴	tʂjɛp4	
慴	djɛp4	
䜆	tʂjɛp4	
謺	tʂjɛp4	
襵	tʂjɛp4	
襵	tɻjɛp4	
䝕	tʂjɛp4	
妾	tsʰjɛp4	
緁	tsʰjɛp4	
䌌	tsʰjɛp4	
𠟪	tsʰjɛp4	
𠟪	ŋjɛp4	
淁	tsʰjɛp4	
𣠺	tsʰjɛp4	
穕	tsʰjɛp4	
踥	tsʰjɛp4	
鍤	tɻʰjɛp4	
鍤	tʂʰap4	
𩂻	tɻʰjɛp4	
𥯥	tɻʰjɛp4	
衱	ɡjɛp4	
衱	kjɛp4	
极	ɡjɛp4	
輒	tɻjɛp4	
𦯍	tɻjɛp4	
𢬴	tɻjɛp4	
𢬴	tjɛp4	
鮿	tɻjɛp4	
㭯	tɻjɛp4	
曅	ɰjɛp4	
饁	ɰjɛp4	
燁	ɰjɛp4	
爗	ɰjɛp4	
皣	ɰjɛp4	
瞱	ɰjɛp4	
𤷾	kʰjɛp4	
萐	ʂap4	
箑	ʂap4	
箑	dʐap4	
歃	ʂap4	
霎	ʂap4	
㰼	ʂap4	
靨	ʔʲjɛp4	
𣚕	ʔʲjɛp4	
怗	tʰjɛp4	
帖	tʰjɛp4	
𪔧	tʰjɛp4	
䩞	tʰjɛp4	
䩞	tjɛp4	
貼	tʰjɛp4	
跕	tʰjɛp4	
跕	tjɛp4	
蝶	tʰjɛp4	
蝶	djɛp4	
䑜	tʰjɛp4	
呫	tʰjɛp4	
協	ɣʲjɛp4	
叶	ɣʲjɛp4	
勰	ɣʲjɛp4	
綊	ɣʲjɛp4	
挾	ɣʲjɛp4	
俠	ɣʲjɛp4	
𠗉	ɣʲjɛp4	
𠗉	tsjɛp4	
𠗉	ɣap4	
劦	ɣʲjɛp4	
𤙒	ɣʲjɛp4	
𢂐	ɣʲjɛp4	
頰	kʲjɛp4	
𩠣	kʲjɛp4	
鋏	kʲjɛp4	
梜	kʲjɛp4	
梜	kap4	
莢	kʲjɛp4	
蛺	kʲjɛp4	
唊	kʲjɛp4	
𥞵	kʲjɛp4	
愜	kʲʰjɛp4	
㥦	kʲʰjɛp4	
悏	kʲʰjɛp4	
㾜	kʲʰjɛp4	
匧	kʲʰjɛp4	
篋	kʲʰjɛp4	
㤲	kʲʰjɛp4	
牒	djɛp4	
喋	djɛp4	
喋	tjɛp4	
喋	dɻap4	
蹀	djɛp4	
諜	djɛp4	
堞	djɛp4	
𨈈	djɛp4	
氎	djɛp4	
𣯉	djɛp4	
褺	djɛp4	
曡	djɛp4	
疊	djɛp4	
䥡	djɛp4	
䠟	djɛp4	
㥈	djɛp4	
𥷕	djɛp4	
牃	djɛp4	
褋	djɛp4	
惵	djɛp4	
𨐁	djɛp4	
𠗨	djɛp4	
𠗨	dɻap4	
䴑	djɛp4	
㩹	djɛp4	
𪑧	djɛp4	
𪑧	ljɛp4	
䁋	djɛp4	
䁋	xʲjɛp4	
𤗨	djɛp4	
𩐭	njɛp4	
捻	njɛp4	
錜	njɛp4	
敜	njɛp4	
㘨	njɛp4	
𩋏	njɛp4	
燮	sjɛp4	
屧	sjɛp4	
屟	sjɛp4	
躞	sjɛp4	
𤫉	sjɛp4	
𤏻	sjɛp4	
鞢	sjɛp4	
徢	sjɛp4	
𦔼	sjɛp4	
𤗈	sjɛp4	
蜨	sjɛp4	
𧕊	sjɛp4	
䕈	sjɛp4	
𡞘	sjɛp4	
𦩌	sjɛp4	
𡂩	ljɛp4	
𦖩	ljɛp4	
聑	tjɛp4	
𠲷	tjɛp4	
笘	tjɛp4	
㑙	tjɛp4	
𨓊	tjɛp4	
浹	tsjɛp4	
㼪	tsjɛp4	
䢡	sjɛp4	
洽	ɣap4	
䨐	ɣap4	
狹	ɣap4	
陜	ɣap4	
陿	ɣap4	
祫	ɣap4	
峽	ɣap4	
硤	ɣap4	
𢈙	ɣap4	
𪘘	ɣap4	
𤲍	ɣap4	
烚	ɣap4	
珨	ɣap4	
䞩	ɣap4	
恰	kʰap4	
掐	kʰap4	
䁍	kʰap4	
㓣	kʰap4	
䶢	kʰap4	
䶢	kap4	
帢	kʰap4	
𠕣	kʰap4	
𢂿	kʰap4	
㡊	kʰap4	
𣁴	kʰap4	
䮢	dʐap4	
牐	dʐap4	
𧼰	dʐap4	
夾	kap4	
郟	kap4	
跲	kap4	
跲	kjɛp4	
跲	ɡjɛp4	
袷	kap4	
袷	kjɛp4	
裌	kap4	
䀫	kap4	
餄	kap4	
㿓	kap4	
鵊	kap4	
䩡	kap4	
眨	tʂap4	
偛	tʂap4	
𥀈	tʂap4	
䛽	tʂap4	
插	tʂʰap4	
臿	tʂʰap4	
疀	tʂʰap4	
扱	tʂʰap4	
㛼	tʂʰap4	
㷅	tʂʰap4	
𤜯	tʂʰap4	
𡤙	nap4	
㗙	nap4	
䶎	xap4	
㰰	xap4	
敮	xap4	
𧳛	ʂap4	
劄	tɻap4	
𠍹	tɻap4	
𧉫	tɻap4	
凹	ʔap4	
圔	ʔap4	
𥃐	tɻʰap4	
狎	ɣap4	
翈	ɣap4	
柙	ɣap4	
匣	ɣap4	
𧆥	ɣap4	
𦾏	ɣap4	
𢘉	ɣap4	
炠	ɣap4	
𤁳	dɻap4	
𧃹	dɻap4	
鴨	ʔap4	
壓	ʔap4	
庘	ʔap4	
䆘	ʔap4	
押	ʔap4	
押	kap4	
甲	kap4	
胛	kap4	
𥑐	kap4	
玾	kap4	
𨒇	kap4	
𠩘	kap4	
𩌍	kap4	
翣	ʂap4	
𧲌	ʂap4	
帹	ʂap4	
䬊	ʂap4	
𧻵	ʂap4	
呷	xap4	
䛅	xap4	
𣢗	xap4	
業	ŋjɛp4	
㸣	ŋjɛp4	
鄴	ŋjɛp4	
驜	ŋjɛp4	
嶪	ŋjɛp4	
䧨	ŋjɛp4	
㗼	ŋjɛp4	
𠄅	ŋjɛp4	
𩑃	ŋjɛp4	
䲜	ŋjɛp4	
𢢜	ŋjɛp4	
𩼋	ŋjɛp4	
鸈	ŋjɛp4	
澲	ŋjɛp4	
𣣲	xjɛp4	
𣢩	xjɛp4	
愶	xjɛp4	
㢵	xjɛp4	
嗋	xjɛp4	
熁	xjɛp4	
𣹩	xjɛp4	
拹	xjɛp4	
怯	kʰjɛp4	
㹤	kʰjɛp4	
𠩂	kʰjɛp4	
㾀	kʰjɛp4	
𤴼	kʰjɛp4	
劫	kjɛp4	
蜐	kjɛp4	
鉣	kjɛp4	
䀷	kjɛp4	
䱒	ʔjɛp4	
䎨	ʔjɛp4	
殗	ʔjɛp4	
㡋	ʔjɛp4	
䤶	ʔjɛp4	
𦤡	ʔjɛp4	
餣	ʔjɛp4	
䁆	ʔjɛp4	
𩐱	jɛp4	
昅	ɡjɛp4	
乏	vap4	
法	fap4	
灋	fap4	
𥎰	fap4	
䎎	njɛp4	
𣹵	njɛp4	
𡷝	njɛp4	
𦑣	tɻʰjɛp4	
怎	tsɨm2	
哪	ˀnʌ2	
哪	ˀna2	白
