字	注释	张集	大杨集	李老家	田庙	郑集	站集	店集	芒种桥	
狱		y²⁴	y²⁴	y²⁴	y²⁴	y²⁴	y²⁴	y²⁴	y²⁴	
胸		ɕyŋ²⁴	ɕyŋ²⁴	ɕyŋ²⁴	ɕyŋ²⁴	ɕyŋ²⁴	ɕyŋ²⁴	ɕyŋ²⁴	ɕyŋ²⁴	
凶		ɕyŋ²⁴	ɕyŋ²⁴	ɕyŋ²⁴	ɕyŋ²⁴	ɕyŋ²⁴	ɕyŋ²⁴	ɕyŋ²⁴	ɕyŋ²⁴	
容		yŋ⁵²	yŋ⁵²	yŋ⁵²	yŋ⁵²	yŋ⁵²	ʐuŋ⁵²	ʐuŋ⁵²	ʐuŋ⁵²	
勇		yŋ⁴⁴	yŋ⁴⁴	yŋ⁴⁴	yŋ⁴⁴	yŋ⁴⁴	ʐuŋ⁴⁴	ʐuŋ⁴⁴	ʐuŋ⁴⁴	
用		yŋ⁴¹	yŋ⁴¹	yŋ⁴¹	yŋ⁴¹	yŋ⁴¹	ʐuŋ⁴¹	ʐuŋ⁴¹	ʐuŋ⁴¹	
欲		y⁴¹	y⁴¹	y⁴¹	y⁴¹	y²⁴	y⁴¹	y²⁴	y⁴¹	
足		tsy²⁴	tsy²⁴	tsy²⁴	tsy²⁴	tɕy²⁴	tsy²⁴	tsy²⁴	tsy²⁴	
从		tsʰuŋ⁵²	tsʰuŋ⁵²	tsʰuŋ⁵²	tsʰuŋ⁵²	tsʰuŋ⁵²	tsʰuŋ⁵²	tsʰuŋ⁵²	tsʰuŋ⁵²	
松		suŋ²⁴	suŋ²⁴	suŋ²⁴	suŋ²⁴	suŋ²⁴	suŋ²⁴	suŋ²⁴	suŋ²⁴	
诵		suŋ⁴¹	suŋ⁴¹	suŋ⁴¹	suŋ⁴¹	suŋ⁴¹	suŋ⁴¹	suŋ⁴¹	suŋ⁴¹	
俗		sy⁵²	sy⁵²	sy⁵²	sy⁵²	sy⁵²	sy⁵²	sy⁵²	sy⁵²	
宠		tʂʰuŋ⁴⁴	tʂʰuŋ⁴⁴	tʂʰuŋ⁴⁴	tʂʰuŋ⁴⁴	tʂʰuŋ⁴⁴	tʂʰuŋ⁴⁴	tʂʰuŋ⁴⁴	tʂʰuŋ⁴⁴	
重	~复	tʂʰuŋ⁵²	tʂʰuŋ⁵²	tʂʰuŋ⁵²	tʂʰuŋ⁵²	tʂʰuŋ⁵²	tʂʰuŋ⁵²	tʂʰuŋ⁵²	tʂʰuŋ⁵²	
重	~要	tʂuŋ⁴¹	tʂuŋ⁴¹	tʂuŋ⁴¹	tʂuŋ⁴¹	tʂuŋ⁴¹	tʂuŋ⁴¹	tʂuŋ⁴¹	tʂuŋ⁴¹	
种	~树	tʂuŋ⁴¹	tʂuŋ⁴¹	tʂuŋ⁴¹	tʂuŋ⁴¹	tʂuŋ⁴¹	tʂuŋ⁴¹	tʂuŋ⁴¹	tʂuŋ⁴¹	
肿		tʂuŋ⁴⁴	tʂuŋ⁴⁴	tʂuŋ⁴⁴	tʂuŋ⁴⁴	tʂuŋ⁴⁴	tʂuŋ⁴⁴	tʂuŋ⁴⁴	tʂuŋ⁴⁴	
烛		tʂu²⁴	tʂu²⁴	tʂu²⁴	tʂu²⁴	tʂu²⁴	tʂu²⁴	tʂu²⁴	tʂu²⁴	
赎		fu⁵²	fu⁵²			fu⁵²	fu⁴⁴	fu⁴⁴	fu⁴⁴	
束		fu²⁴	fu²⁴	fu²⁴	fu²⁴	fu²⁴	fu²⁴	fu²⁴	fu²⁴	
属		fu⁵²	fu⁵²	fu⁵²	fu⁵²	fu⁵²	fu⁵²	fu⁵²	fu⁵²	
冗		iŋ²⁴	iŋ²⁴				ʐuŋ²⁴	ʐuŋ²⁴	ʐuŋ²⁴	
辱		ʐu²⁴	ʐu²⁴	lu⁴⁴	lu²⁴	ʐu²⁴	ʐu²⁴	ʐu²⁴	ʐu²⁴	
褥		ʐu²⁴	ʐu⁴¹/ʐu\n⁴⁴	lu²⁴	lu²⁴	ʐu⁴¹/ʐu⁴⁴	ʐu²⁴	ʐu²⁴	ʐu²⁴	
恭		kuŋ²⁴	kuŋ²⁴	kuŋ²⁴	kuŋ²⁴	kuŋ²⁴	kuŋ²⁴	kuŋ²⁴	kuŋ²⁴	
拱		kuŋ⁴⁴	kuŋ⁴⁴	kuŋ⁴⁴	kuŋ⁴⁴	kuŋ⁴⁴	kuŋ⁴⁴	kuŋ⁴⁴	kuŋ⁴⁴	
供	~上	kuŋ⁴¹	kuŋ⁴¹	kuŋ⁴¹	kuŋ⁴¹	kuŋ⁴¹	kuŋ⁴¹	kuŋ⁴¹	kuŋ⁴¹	
恐		kʰuŋ⁴⁴	kʰuŋ⁴⁴	kʰuŋ⁴⁴	kʰuŋ⁴⁴	kʰuŋ⁴⁴	kʰuŋ⁴⁴	kʰuŋ⁴⁴	kʰuŋ⁴⁴	
曲		tɕʰy²⁴	tɕʰy²⁴	tɕʰy²⁴	tɕʰy²⁴	tɕʰy²⁴	tɕʰy²⁴	tɕʰy²⁴	tɕʰy²⁴	
共		kuŋ⁴¹	kuŋ⁴¹	kuŋ⁴¹	kuŋ⁴¹	kuŋ⁴¹	kuŋ⁴¹	kuŋ⁴¹	kuŋ⁴¹	
局		tɕy⁵²	tɕy⁵²	tɕy⁵²	tɕy⁵²	tɕy⁵²	tɕy⁵²	tɕy⁵²	tɕy⁵²	
玉		y⁴¹	y⁴¹	y⁴¹	y⁴¹	y⁴¹	y⁴¹	y⁴¹	y⁴¹	
终		tʂuŋ²⁴	tʂuŋ²⁴	tʂuŋ²⁴	tʂuŋ²⁴	tʂuŋ²⁴	tʂuŋ²⁴	tʂuŋ²⁴	tʂuŋ²⁴	
众		tʂuŋ⁴¹	tʂuŋ⁴¹	tʂuŋ⁴¹	tʂuŋ⁴¹	tʂuŋ⁴¹	tʂuŋ⁴¹	tʂuŋ⁴¹	tʂuŋ⁴¹	
祝		tʂu²⁴	tʂu²⁴	tʂu⁴¹	tʂu⁴¹	tʂu²⁴	tʂu²⁴	tʂu²⁴	tʂu²⁴	
粥		tʂou²⁴	tʂou²⁴	tʂou²⁴	tʂou²⁴	tʂou²⁴	tʂou²⁴	tʂou²⁴	tʂou²⁴	
充		tʂʰuŋ²⁴	tʂʰuŋ²⁴	tʂʰuŋ²⁴	tʂʰuŋ²⁴	tʂʰuŋ²⁴	tʂʰuŋ²⁴	tʂʰuŋ²⁴	tʂʰuŋ²⁴	
叔		fu⁴⁴	fu⁴⁴	fu⁴⁴	fu⁴⁴	fu⁴⁴	fu⁴⁴	fu⁴⁴	fu⁴⁴	
熟		fu⁵²	fu⁵²	fu⁵²	fu⁵²	fu⁵²	fu⁵²	fu⁵²	fu⁵²	
绒		yŋ⁵²	yŋ⁵²	yŋ⁵²	yŋ⁵²	yŋ⁵²	ʐuŋ⁵²	ʐuŋ⁵²	ʐuŋ⁵²	
肉		ʐou⁴¹	ʐou⁴¹	zou⁴¹	zou⁴¹	ʐou⁴¹	ʐou⁴¹	ʐou⁴¹	ʐou⁴¹	
弓		kuŋ²⁴	kuŋ²⁴	kuŋ²⁴	kuŋ²⁴	kuŋ²⁴	kuŋ²⁴	kuŋ²⁴	kuŋ²⁴	
菊		tɕy²⁴	tɕy²⁴	tɕy²⁴	tɕy²⁴	tɕy²⁴	tɕy²⁴	tɕy²⁴	tɕy²⁴	
熊		ɕyŋ⁵²	ɕyŋ⁵²	ɕyŋ⁵²	ɕyŋ⁵²	ɕyŋ⁵²	ɕyŋ⁵²	ɕyŋ⁵²	ɕyŋ⁵²	
雄		ɕyŋ⁵²	ɕyŋ⁵²	ɕyŋ⁵²	ɕyŋ⁵²	ɕyŋ⁵²	ɕyŋ⁵²	ɕyŋ⁵²	ɕyŋ⁵²	
融		yŋ⁵²	yŋ⁵²	yŋ⁵²	yŋ⁵²	ʐuŋ⁵²	ʐuŋ⁵²	ʐuŋ⁵²	ʐuŋ⁵²	
鬻		y²⁴	y²⁴	y²⁴	y²⁴	y²⁴	y²⁴	y²⁴	y²⁴	
封		fəŋ²⁴	fəŋ²⁴	fəŋ²⁴	fəŋ²⁴	fəŋ²⁴	fəŋ²⁴	fəŋ²⁴	fəŋ²⁴	
蜂		fəŋ²⁴	fəŋ²⁴	fəŋ²⁴	fəŋ²⁴	fəŋ²⁴	fəŋ²⁴	fəŋ²⁴	fəŋ²⁴	
捧		pʰəŋ⁴⁴	pʰəŋ⁴⁴	pʰəŋ⁴⁴	pʰəŋ⁴⁴	pʰəŋ⁴⁴	pʰəŋ⁴⁴	pʰəŋ⁴⁴	pʰəŋ⁴⁴	
逢		fəŋ⁵²	fəŋ⁵²	fəŋ⁵²	fəŋ⁵²	fəŋ⁵²	fəŋ⁵²	fəŋ⁵²	fəŋ⁵²	
缝		fəŋ⁵²	fəŋ⁵²	fəŋ⁵²	fəŋ⁵²	fəŋ⁵²	fəŋ⁵²	fəŋ⁵²	fəŋ⁵²	
奉		fəŋ⁴¹	fəŋ⁴¹	fəŋ⁴¹	fəŋ⁴¹	fəŋ⁴¹	fəŋ⁴¹	fəŋ⁴¹	fəŋ⁴¹	
缝	一~条	fəŋ⁴¹	fəŋ⁴¹	fəŋ⁴¹	fəŋ⁴¹	fəŋ⁴¹	fəŋ⁴¹	fəŋ⁴¹	fəŋ⁴¹	
浓		nuŋ⁵²	nuŋ⁵²	nuŋ⁵²	nuŋ⁵²	nuŋ⁵²	nuŋ⁵²	nuŋ⁵²	nuŋ⁵²	
龙		luŋ⁵²	luŋ⁵²	luŋ⁵²	luŋ⁵²	luŋ⁵²	luŋ⁵²	luŋ⁵²	luŋ⁵²	
绿		ly²⁴	ly²⁴	ly²⁴	ly²⁴	ly²⁴	ly²⁴	ly²⁴	ly²⁴	
纵		tsuŋ⁴¹	tsuŋ⁴¹	tsuŋ⁴¹	tsuŋ⁴¹	tsuŋ⁴¹	tsuŋ⁴¹	tsuŋ⁴¹	tsuŋ⁴¹	
脓		nuŋ⁵²	nuŋ⁵²	nuŋ⁵²	nuŋ⁵²	nuŋ⁵²	nuŋ⁵²	nuŋ⁵²	nuŋ⁵²	
宗		tsuŋ²⁴	tsuŋ²⁴	tsuŋ²⁴	tsuŋ²⁴	tsuŋ²⁴	tsuŋ²⁴	tsuŋ²⁴	tsuŋ²⁴	
宋		suŋ⁴¹	suŋ⁴¹	suŋ⁴¹	suŋ⁴¹	suŋ⁴¹	suŋ⁴¹	suŋ⁴¹	suŋ⁴¹	
酷		kʰu⁴¹	kʰu⁴¹	kʰu⁴¹	kʰu⁴¹	kʰu⁴¹	kʰu⁴¹	kʰu⁴¹	kʰu⁴¹	
风		fəŋ²⁴	fəŋ²⁴	fəŋ²⁴	fəŋ²⁴	fəŋ²⁴	fəŋ²⁴	fəŋ²⁴	fəŋ²⁴	
疯		fəŋ²⁴	fəŋ²⁴	fəŋ²⁴	fəŋ²⁴	fəŋ²⁴	fəŋ²⁴	fəŋ²⁴	fəŋ²⁴	
讽		fəŋ²⁴	fəŋ²⁴	fəŋ²⁴	fəŋ²⁴	fəŋ²⁴	fəŋ²⁴	fəŋ²⁴	fəŋ²⁴	
福		fu²⁴	fu²⁴	fu²⁴	fu²⁴	fu²⁴	fu²⁴	fu²⁴	fu²⁴	
幅		fu²⁴	fu²⁴	fu²⁴	fu²⁴	fu²⁴	fu²⁴	fu²⁴	fu²⁴	
复		fu²⁴	fu²⁴	fu²⁴	fu²⁴	fu²⁴	fu²⁴	fu²⁴	fu²⁴	
丰		fəŋ²⁴	fəŋ²⁴	fəŋ²⁴	fəŋ²⁴	fəŋ²⁴	fəŋ²⁴	fəŋ²⁴	fəŋ²⁴	
冯		fəŋ⁵²	fəŋ⁵²	fəŋ⁵²	fəŋ⁵²	fəŋ⁵²	fəŋ⁵²	fəŋ⁵²	fəŋ⁵²	
服		fu⁵²	fu⁵²	fu⁵²	fu⁵²	fu⁵²	fu⁵²	fu⁵²	fu⁵²	
梦		məŋ⁴¹	məŋ⁴¹	məŋ⁴¹	məŋ⁴¹	məŋ⁴¹	məŋ⁴¹	məŋ⁴¹	məŋ⁴¹	
目		mu²⁴	mu²⁴	mu²⁴	mu²⁴	mu²⁴	mu²⁴	mu²⁴	mu²⁴	
隆		luŋ⁵²	luŋ⁵²	luŋ⁵²	luŋ⁵²	luŋ⁵²	luŋ⁵²	luŋ⁵²	luŋ⁵²	
六		liou⁴¹	liou⁴¹	liou⁴¹	liou⁴¹	liou⁴¹	liou⁴¹	liou⁴¹	liou⁴¹	
肃		sy²⁴	sy²⁴	sy²⁴	sy²⁴/\nsy⁴¹	sy²⁴	sy²⁴	sy²⁴	sy²⁴	
中	~当	tʂuŋ²⁴	tʂuŋ²⁴	tʂuŋ²⁴	tʂuŋ²⁴	tʂuŋ²⁴	tʂuŋ²⁴	tʂuŋ²⁴	tʂuŋ²⁴	
忠		tʂuŋ²⁴	tʂuŋ²⁴	tʂuŋ²⁴	tʂuŋ²⁴	tʂuŋ²⁴	tʂuŋ²⁴	tʂuŋ²⁴	tʂuŋ²⁴	
中	~射	tʂuŋ⁴¹	tʂuŋ⁴¹	tʂuŋ⁴¹	tʂuŋ⁴¹	tʂuŋ⁴¹	tʂuŋ⁴¹	tʂuŋ⁴¹	tʂuŋ⁴¹	
竹		tʂu²⁴	tʂu²⁴	tʂu²⁴	tʂu²⁴	tʂu²⁴	tʂu²⁴	tʂu²⁴	tʂu²⁴	
虫		tʂʰuŋ⁵²	tʂʰuŋ⁵²	tʂʰuŋ⁵²	tʂʰuŋ⁵²	tʂʰuŋ⁵²	tʂʰuŋ⁵²	tʂʰuŋ⁵²	tʂʰuŋ⁵²	
轴		tʂu⁵²	tʂu⁵²	tʂu⁵²	tʂu⁵²	tʂu⁵²	tʂu⁵²	tʂu⁵²	tʂu⁵²	
妯		tʂu⁵²	tʂu⁵²	tʂu⁵²	tʂu⁵²	tʂu⁵²	tʂu⁵²	tʂu⁵²	tʂu⁵²	
缩		tʂʰu²⁴	tʂʰu²⁴	tʂʰu²⁴	tʂʰu²⁴	tʂʰu²⁴	tʂʰu²⁴	tʂʰu²⁴	tʂʰu²⁴	
鹿		lu²⁴	lu²⁴	lu²⁴	lu²⁴	lu²⁴	lu²⁴	lu²⁴	lu²⁴	
总		tsuŋ⁴⁴	tsuŋ⁴⁴	tsuŋ⁴⁴	tsuŋ⁴⁴	tsuŋ⁴⁴	tsuŋ⁴⁴	tsuŋ⁴⁴	tsuŋ⁴⁴	
粽		tsuŋ⁴¹	tsuŋ⁴¹	tsuŋ⁴¹	tsuŋ⁴¹	tsuŋ⁴¹	tsuŋ⁴¹	tsuŋ⁴¹	tsuŋ⁴¹	
聪		tsʰuŋ²⁴	tsʰuŋ²⁴	tsʰuŋ²⁴	tsʰuŋ²⁴	tsʰuŋ²⁴	tsʰuŋ²⁴	tsʰuŋ²⁴	tsʰuŋ²⁴	
葱		tsʰuŋ²⁴	tsʰuŋ²⁴	tsʰuŋ²⁴	tsʰuŋ²⁴	tsʰuŋ²⁴	tsʰuŋ²⁴	tsʰuŋ²⁴	tsʰuŋ²⁴	
族		tsu⁵²	tsu⁵²	tsu⁵²	tsu⁵²	tsu⁵²	tsu⁵²	tsu⁵²	tsu⁵²	
送		suŋ⁴¹	suŋ⁴¹	suŋ⁴¹	suŋ⁴¹	suŋ⁴¹	suŋ⁴¹	suŋ⁴¹	suŋ⁴¹	
速		su²⁴/su⁴\n¹	su²⁴/su\n⁴¹	su²⁴	su²⁴	su²⁴/su⁴¹	su²⁴/su⁴¹	su²⁴/su⁴¹	su²⁴/su⁴¹	
公		kuŋ²⁴	kuŋ²⁴	kuŋ²⁴	kuŋ²⁴	kuŋ²⁴	kuŋ²⁴	kuŋ²⁴	kuŋ²⁴	
工		kuŋ²⁴	kuŋ²⁴	kuŋ²⁴	kuŋ²⁴	kuŋ²⁴	kuŋ²⁴	kuŋ²⁴	kuŋ²⁴	
功		kuŋ²⁴	kuŋ²⁴	kuŋ²⁴	kuŋ²⁴	kuŋ²⁴	kuŋ²⁴	kuŋ²⁴	kuŋ²⁴	
谷		ku²⁴	ku²⁴	ku²⁴	ku²⁴	ku²⁴	ku²⁴	ku²⁴	ku²⁴	
空	~虚	kʰuŋ²⁴	kʰuŋ²⁴	kʰuŋ²⁴	kʰuŋ²⁴	kʰuŋ²⁴	kʰuŋ²⁴	kʰuŋ²⁴	kʰuŋ²⁴	
孔		kʰuŋ⁴⁴	kʰuŋ⁴⁴	kʰuŋ⁴⁴	kʰuŋ⁴⁴	kʰuŋ⁴⁴	kʰuŋ⁴⁴	kʰuŋ⁴⁴	kʰuŋ⁴⁴	
控		kʰuŋ⁴¹	kʰuŋ⁴¹	kʰuŋ⁵²	kʰuŋ⁵²	kʰuŋ⁴¹	kʰuŋ⁴¹	kʰuŋ⁴¹	kʰuŋ⁴¹	
空	~缺	kʰuŋ⁴¹	kʰuŋ⁴¹	kʰuŋ⁴¹	kʰuŋ⁴¹	kʰuŋ⁴¹	kʰuŋ⁴¹	kʰuŋ⁴¹	kʰuŋ⁴¹	
哭		kʰu²⁴	kʰu²⁴	kʰu²⁴	kʰu²⁴	kʰu²⁴	kʰu²⁴	kʰu²⁴	kʰu²⁴	
烘	~干	xuŋ²⁴	xuŋ²⁴	xuŋ²⁴	xuŋ²⁴	xuŋ²⁴	xuŋ²⁴	xuŋ²⁴	xuŋ²⁴	
哄		xuŋ⁴⁴	xuŋ⁴⁴	xuŋ⁴⁴	xuŋ⁴⁴	xuŋ⁴⁴	xuŋ⁴⁴	xuŋ⁴⁴	xuŋ⁴⁴	
红		xuŋ⁵²	xuŋ⁵²	xuŋ⁵²	xuŋ⁵²	xuŋ⁵²	xuŋ⁵²	xuŋ⁵²	xuŋ⁵²	
屋		u²⁴	u²⁴	u²⁴	u²⁴	u²⁴	u²⁴	u²⁴	u²⁴	
冬		tuŋ²⁴	tuŋ²⁴	tuŋ²⁴	tuŋ²⁴	tuŋ²⁴	tuŋ²⁴	tuŋ²⁴	tuŋ²⁴	
统		tʰuŋ⁴⁴	tʰuŋ⁴⁴	tʰuŋ⁴⁴	tʰuŋ⁴⁴	tʰuŋ⁴⁴	tʰuŋ⁴⁴	tʰuŋ⁴⁴	tʰuŋ⁴⁴	
毒		tu⁵²	tu⁵²	tu⁵²	tu⁵²	tu⁵²	tu⁵²	tu⁵²	tu⁵²	
农		nuŋ⁵²	nuŋ⁵²	nuŋ⁵²	nuŋ⁵²	nuŋ⁵²	nuŋ⁵²	nuŋ⁵²	nuŋ⁵²	
荥	~阳	ɕiŋ⁵²	ɕiŋ⁵²	ɕiŋ⁵²	ɕiŋ⁵²	ɕiŋ⁵²	ɕiŋ⁵²	ɕiŋ⁵²	ɕiŋ⁵²	
扑		pʰu²⁴	pʰu²⁴	pʰu²⁴	pʰu²⁴	pʰu²⁴	pʰu²⁴	pʰu²⁴	pʰu²⁴	
醭		pu⁵²	pu⁵²	pu⁵²	pu⁵²	pu⁵²	pu⁵²	pu⁵²	pu⁵²	
蓬		pʰəŋ⁵²	pʰəŋ⁵²	pʰəŋ⁵²	pʰəŋ⁵²	pʰəŋ⁵²	pʰəŋ⁵²	pʰəŋ⁵²	pʰəŋ⁵²	
瀑		pʰɔ⁴¹	pʰɔ⁴¹	pʰu²⁴	pʰu²⁴	pʰu²⁴	pʰu⁴¹	pʰu⁴¹	pʰu⁴¹	
蒙		məŋ²⁴	məŋ²⁴	məŋ²⁴	məŋ²⁴	məŋ²⁴	məŋ²⁴	məŋ²⁴	məŋ²⁴	
懵		məŋ²⁴	məŋ²⁴	məŋ²⁴	məŋ²⁴	məŋ²⁴	məŋ²⁴	məŋ²⁴	məŋ²⁴	
木		mu²⁴	mu²⁴	mu²⁴	mu²⁴	mu²⁴	mu²⁴	mu²⁴	mu²⁴	
东		tuŋ²⁴	tuŋ²⁴	tuŋ²⁴	tuŋ²⁴	tuŋ²⁴	tuŋ²⁴	tuŋ²⁴	tuŋ²⁴	
懂		tuŋ⁴⁴	tuŋ⁴⁴	tuŋ⁴⁴	tuŋ⁴⁴	tuŋ⁴⁴	tuŋ⁴⁴	tuŋ⁴⁴	tuŋ⁴⁴	
冻		tuŋ⁴¹	tuŋ⁴¹	tuŋ⁴¹	tuŋ⁴¹	tuŋ⁴¹	tuŋ⁴¹	tuŋ⁴¹	tuŋ⁴¹	
通		tʰuŋ²⁴	tʰuŋ²⁴	tʰuŋ²⁴	tʰuŋ²⁴	tʰuŋ²⁴	tʰuŋ²⁴	tʰuŋ²⁴	tʰuŋ²⁴	
桶		tʰuŋ⁴⁴	tʰuŋ⁴⁴	tʰuŋ⁴⁴	tʰuŋ⁴⁴	tʰuŋ⁴⁴	tʰuŋ⁴⁴	tʰuŋ⁴⁴	tʰuŋ⁴⁴	
捅		tʰuŋ²⁴	tʰuŋ²⁴	tʰuŋ²⁴	tʰuŋ²⁴	tʰuŋ²⁴	tʰuŋ⁴⁴	tʰuŋ⁴⁴	tʰuŋ⁴⁴	
痛		tʰuŋ⁴¹	tʰuŋ⁴¹	tʰuŋ⁴¹	tʰuŋ⁴¹	tʰuŋ⁴¹	tʰuŋ⁴¹	tʰuŋ⁴¹	tʰuŋ⁴¹	
秃		tʰu²⁴	tʰu²⁴	tʰu²⁴	tʰu²⁴	tʰu²⁴	tʰu²⁴	tʰu²⁴	tʰu²⁴	
同		tʰuŋ⁵²	tʰuŋ⁵²	tʰuŋ⁵²	tʰuŋ⁵²	tʰuŋ⁵²	tʰuŋ⁵²	tʰuŋ⁵²	tʰuŋ⁵²	
童		tʰuŋ⁵²	tʰuŋ⁵²	tʰuŋ⁵²	tʰuŋ⁵²	tʰuŋ⁵²	tʰuŋ⁵²	tʰuŋ⁵²	tʰuŋ⁵²	
动		tuŋ⁴¹	tuŋ⁴¹	tuŋ⁴¹	tuŋ⁴¹	tuŋ⁴¹	tuŋ⁴¹	tuŋ⁴¹	tuŋ⁴¹	
洞		tuŋ⁴¹	tuŋ⁴¹	tuŋ⁴¹	tuŋ⁴¹	tuŋ⁴¹	tuŋ⁴¹	tuŋ⁴¹	tuŋ⁴¹	
独		tu⁵²	tu⁵²	tu⁵²	tu⁵²	tu⁵²	tu⁵²	tu⁵²	tu⁵²	
读		tʰuŋ⁴⁴	tʰuŋ⁴⁴	tʰuŋ⁴⁴	tʰuŋ⁴⁴	tʰuŋ⁴⁴	tʰuŋ⁵²	tʰuŋ⁵²	tʰuŋ⁵²	
齈		nuŋ⁵²	nuŋ⁵²	nuŋ⁵²	nuŋ⁵²	nuŋ⁵²	nuŋ⁵²	nuŋ⁵²	nuŋ⁵²	
笼		luŋ⁵²	luŋ⁵²	luŋ⁵²	luŋ⁵²	luŋ⁵²	luŋ⁵²	luŋ⁵²	luŋ⁵²	
聋		luŋ⁵²	luŋ⁵²	luŋ⁵²	luŋ⁵²	luŋ⁵²	luŋ⁵²	luŋ⁵²	luŋ⁵²	
弄		nəŋ⁴¹	nəŋ⁴¹/\nnuŋ⁴¹	nuŋ⁴¹	nuŋ⁴¹	nuŋ⁴¹	nuŋ⁴¹	nuŋ⁴¹	nuŋ⁴¹	
历		li⁴¹	li⁴¹	li⁴¹	li⁴¹	li⁴¹	li⁴¹	li⁴¹	li⁴¹	
绩		tsi⁴¹	tsi²⁴	tsi²⁴	tsi²⁴	tsi⁴¹	tsi⁴¹	tsi⁴¹	tsi⁴¹	
青		tsʰiŋ²⁴	tsʰiŋ²⁴	tsʰiŋ²⁴	tsʰiŋ²⁴	tsʰiŋ²⁴	tsʰiŋ²⁴	tsʰiŋ²⁴	tsʰiŋ²⁴	
戚		tsʰi²⁴	tsʰi²⁴	tsʰi²⁴	tsʰi²⁴	tsʰin⁴⁴	tsʰi²⁴	tsʰi²⁴	tsʰi²⁴	
星		siŋ²⁴	siŋ²⁴	siŋ²⁴	siŋ²⁴	siŋ²⁴	siŋ²⁴	siŋ²⁴	siŋ²⁴	
腥		siŋ²⁴	siŋ²⁴	siŋ²⁴	siŋ²⁴	siŋ²⁴	siŋ²⁴	siŋ²⁴	siŋ²⁴	
醒		siŋ⁴⁴	siŋ⁴⁴	siŋ⁴⁴	siŋ⁴⁴	siŋ⁴⁴	siŋ⁴⁴	siŋ⁴⁴	siŋ⁴⁴	
析		si²⁴	si²⁴	si²⁴	si²⁴	si²⁴	si²⁴	si²⁴	si²⁴	
经		tɕiŋ²⁴	tɕiŋ²⁴	tɕiŋ²⁴	tɕiŋ²⁴	tɕiŋ²⁴	tɕiŋ²⁴	tɕiŋ²⁴	tɕiŋ²⁴	
激		tɕi²⁴	tɕi²⁴	tɕi²⁴	tɕi²⁴	tɕi²⁴	tɕi²⁴	tɕi²⁴	tɕi²⁴	
形		ɕiŋ⁵²	ɕiŋ⁵²	ɕiŋ⁵²	ɕiŋ⁵²	ɕiŋ⁵²	ɕiŋ⁵²	ɕiŋ⁵²	ɕiŋ⁵²	
矿		kʰuaŋ⁴¹	kʰuaŋ⁴\n¹	kʰuaŋ⁴¹	kʰuaŋ⁴¹	kʰuaŋ⁴¹	kʰuaŋ⁴¹	kʰuaŋ⁴¹	kʰuaŋ⁴¹	
横	~直	xuŋ⁴¹	xuŋ⁴¹	xuŋ⁴¹	xuŋ⁴¹	xuŋ⁴¹	xuŋ⁴¹	xuŋ⁴¹	xuŋ⁴¹	
横	~蛮	xuŋ⁴¹	xuŋ⁴¹	xuŋ⁴¹	xuŋ⁴¹	xuŋ⁴¹	xuŋ⁴¹	xuŋ⁴¹	xuŋ⁴¹	
轰		xuŋ²⁴	xuŋ²⁴	xuŋ²⁴	xuŋ²⁴	xuŋ²⁴	xuŋ²⁴	xuŋ²⁴	xuŋ²⁴	
获		xuo²⁴	xuo²⁴	xuo⁵²	xuo⁵²	xuo⁴¹	xuo⁵²	xuo⁵²	xuɛ⁵²	
划		xua⁴¹	xua⁴¹	xua⁴¹	xua⁴¹	xua⁴¹	xua⁴¹	xua⁴¹	xua⁴¹	
兄		ɕyŋ²⁴	ɕyŋ²⁴	ɕyŋ²⁴	ɕyŋ²⁴	ɕyŋ²⁴	ɕyŋ²⁴	ɕyŋ²⁴	ɕyŋ²⁴	
荣		yŋ⁵²	yŋ⁵²	yŋ⁵²	yŋ⁵²	ʐuŋ⁵²	ʐuŋ⁵²	ʐuŋ⁵²	ʐuŋ⁵²	
永		yŋ⁴⁴	yŋ⁴⁴	yŋ⁴⁴	yŋ⁴⁴	yŋ⁴⁴	ʐuŋ⁴⁴	ʐuŋ⁴⁴	ʐuŋ⁴⁴	
泳		yŋ⁴⁴	yŋ⁴⁴	yŋ⁴⁴	yŋ⁴⁴	yŋ⁴⁴	ʐuŋ⁴⁴	ʐuŋ⁴⁴	ʐuŋ⁴⁴	
倾		tɕʰyŋ²⁴	tɕʰyŋ²⁴	tɕʰyŋ²⁴	tɕʰyŋ²⁴	tɕʰyŋ²⁴	tɕʰiŋ²⁴	tɕʰyŋ²⁴	tɕʰiŋ²⁴	
营		iŋ⁵²	iŋ⁵²	iŋ⁵²	iŋ⁵²	iŋ⁵²	iŋ⁵²	iŋ⁵²	iŋ⁵²	
颖		iŋ⁴⁴	iŋ⁴⁴	iŋ⁴⁴	iŋ⁴⁴	iŋ⁴⁴	iŋ⁴⁴	iŋ⁴⁴	iŋ⁴⁴	
疫		i⁵²	i⁵²	i⁵²	i⁵²	i⁵²	i⁵²	i⁵²	i⁵²	
萤		iŋ⁵²	iŋ⁵²	iŋ⁵²	iŋ⁵²	iŋ⁵²	iŋ⁵²	iŋ⁵²	iŋ⁵²	
石		ʂʅ⁵²	ʂʅ⁵²	ʂʅ⁵²	ʂʅ⁵²	ʂʅ⁵²	ʂʅ⁵²	ʂʅ⁵²	ʂʅ⁵²	
轻		tɕʰiŋ²⁴	tɕʰiŋ²⁴	tɕʰiŋ²⁴	tɕʰiŋ²⁴	tɕʰiŋ²⁴	tɕʰiŋ²⁴	tɕʰiŋ²⁴	tɕʰiŋ²⁴	
赢		iŋ⁵²	iŋ⁵²	iŋ⁵²	iŋ⁵²	iŋ⁵²	iŋ⁵²	iŋ⁵²	iŋ⁵²	
译		i⁵²	i⁵²	i⁵²	i⁵²	i⁵²	i⁵²	i⁵²	i⁵²	
易		i⁴¹	i⁴¹	i⁴¹	i⁴¹	i⁴¹	i⁴¹	i⁴¹	i⁴¹	
壁		pi⁴¹	pi⁴¹	pi⁴¹	pi⁴¹	pi⁴¹	pi⁴¹	pi⁴¹	pi⁴¹	
拼		pʰin²⁴	pʰin²⁴	pʰin²⁴	pʰin²⁴	pʰin²⁴	pʰin²⁴	pʰin²⁴	pʰin²⁴	
劈		pʰi²⁴	pʰi²⁴	pʰi²⁴	pʰi²⁴	pʰi²⁴	pʰi²⁴	pʰi²⁴	pʰi²⁴	
瓶		pʰiŋ⁵²	pʰiŋ⁵²	pʰiŋ⁵²	pʰiŋ⁵²	pʰiŋ⁵²	pʰiŋ⁵²	pʰiŋ⁵²	pʰiŋ⁵²	
萍		pʰiŋ⁵²	pʰiŋ⁵²	pʰiŋ⁵²	pʰiŋ⁵²	pʰiŋ⁵²	pʰiŋ⁵²	pʰiŋ⁵²	pʰiŋ⁵²	
並		piŋ⁴¹	piŋ⁴¹	piŋ⁴¹	piŋ⁴¹	piŋ⁴¹	piŋ⁴¹	piŋ⁴¹	piŋ⁴¹	
丁		tiŋ²⁴	tiŋ²⁴	tiŋ²⁴	tiŋ²⁴	tiŋ²⁴	tiŋ²⁴	tiŋ²⁴	tiŋ²⁴	
钉		tiŋ²⁴	tiŋ²⁴	tiŋ²⁴	tiŋ²⁴	tiŋ²⁴	tiŋ²⁴	tiŋ²⁴	tiŋ²⁴	
顶		tiŋ⁴⁴	tiŋ⁴⁴	tiŋ⁴⁴	tiŋ⁴⁴	tiŋ⁴⁴	tiŋ⁴⁴	tiŋ⁴⁴	tiŋ⁴⁴	
的	~目	ti⁴⁴	ti⁴⁴	ti⁴⁴	ti⁴⁴	ti⁴⁴	ti⁴⁴	ti⁴⁴	ti⁴⁴	
滴		ti²⁴	ti²⁴	ti²⁴	ti²⁴	ti²⁴	ti²⁴	ti²⁴	ti²⁴	
听		tʰiŋ²⁴	tʰiŋ²⁴	tʰiŋ²⁴	tʰiŋ²⁴	tʰiŋ²⁴	tʰiŋ²⁴	tʰiŋ²⁴	tʰiŋ²⁴	
踢		tʰi²⁴	tʰi²⁴	tʰi²⁴	tʰi²⁴	tʰi²⁴	tʰi²⁴	tʰi²⁴	tʰi²⁴	
剔		tʰi²⁴	tʰi²⁴	tʰi²⁴	tʰi²⁴	tʰi²⁴	tʰi²⁴	tʰi²⁴	tʰi²⁴	
停		tʰiŋ⁵²	tʰiŋ⁵²	tʰiŋ⁵²	tʰiŋ⁵²	tʰiŋ⁵²	tʰiŋ⁵²	tʰiŋ⁵²	tʰiŋ⁵²	
挺		tʰiŋ⁴⁴	tʰiŋ⁴⁴	tʰiŋ⁴⁴	tʰiŋ⁴⁴	tʰiŋ⁴⁴	tʰiŋ⁴⁴	tʰiŋ⁴⁴	tʰiŋ⁴⁴	
定		tiŋ⁴¹	tiŋ⁴¹	tiŋ⁴¹	tiŋ⁴¹	tiŋ⁴¹	tiŋ⁴¹	tiŋ⁴¹	tiŋ⁴¹	
敌		ti⁵²	ti⁵²	ti⁵²	ti⁵²	ti⁵²	ti⁵²	ti⁵²	ti⁵²	
宁		ȵiŋ⁵²	ȵiŋ⁵²	ȵiŋ⁵²	ȵiŋ⁵²	ȵiŋ⁵²	ȵiŋ⁵²	ȵiŋ⁵²	ȵiŋ⁵²	
零		liŋ⁵²	liŋ⁵²	liŋ⁵²	liŋ⁵²	liŋ⁵²	liŋ⁵²	liŋ⁵²	liŋ⁵²	
铃		liŋ⁵²	liŋ⁵²	liŋ⁵²	liŋ⁵²	liŋ⁵²	liŋ⁵²	liŋ⁵²	liŋ⁵²	
另		liŋ⁴¹	liŋ⁴¹	liŋ⁴¹	liŋ⁴¹	liŋ⁴¹	liŋ⁴¹	liŋ⁴¹	liŋ⁴¹	
晴		tsʰiŋ⁵²	tsʰiŋ⁵²	tsʰiŋ⁵²	tsʰiŋ⁵²	tsʰiŋ⁵²	tsʰiŋ⁵²	tsʰiŋ⁵²	tsʰiŋ⁵²	
		tsʰiŋ⁴⁴	tsʰiŋ⁴⁴	tsʰiŋ⁴⁴	tsʰiŋ⁴⁴	tsʰiŋ⁴⁴	tsʰiŋ⁵²	tsʰiŋ⁵²	tsʰiŋ⁵²	
静		tsiŋ⁴¹	tsiŋ⁴¹	tsiŋ⁴¹	tsiŋ⁴¹	tsiŋ⁴¹	tsiŋ⁴¹	tsiŋ⁴¹	tsiŋ⁴¹	
净		tsiŋ⁴¹	tsiŋ⁴¹	tsiŋ⁴¹	tsiŋ⁴¹	tsiŋ⁴¹	tsiŋ⁴¹	tsiŋ⁴¹	tsiŋ⁴¹	
省	~反	siŋ⁴⁴	siŋ⁴⁴	siŋ⁴⁴	siŋ⁴⁴	siŋ⁴⁴	siŋ⁴⁴	siŋ⁴⁴	siŋ⁴⁴	
性		siŋ⁴¹	siŋ⁴¹	siŋ⁴¹	siŋ⁴¹	siŋ⁴¹	siŋ⁴¹	siŋ⁴¹	siŋ⁴¹	
姓		siŋ⁴¹	siŋ⁴¹	siŋ⁴¹	siŋ⁴¹	siŋ⁴¹	siŋ⁴¹	siŋ⁴¹	siŋ⁴¹	
惜		si²⁴	si²⁴	si²⁴	si²⁴	si²⁴	si²⁴	si²⁴	si²⁴	
席		si⁵²	si⁵²	si⁵²	si⁵²	si⁵²	si⁵²	si⁵²	si⁵²	
逞		tʂʰəŋ⁴⁴	tʂʰəŋ⁴⁴	tʂʰəŋ⁴⁴	tʂʰəŋ⁴⁴	tʂʰəŋ⁴⁴	tʂʰəŋ⁴⁴	tʂʰəŋ⁴⁴	tʂʰəŋ⁴⁴	
程		tʂʰəŋ⁵²	tʂʰəŋ⁵²	tʂʰəŋ⁵²	tʂʰəŋ⁵²	tʂʰəŋ⁵²	tʂʰəŋ⁵²	tʂʰəŋ⁵²	tʂʰəŋ⁵²	
郑		tʂəŋ⁴¹	tʂəŋ⁴¹	tʂəŋ⁴¹	tʂəŋ⁴¹	tʂəŋ⁴¹	tʂəŋ⁴¹	tʂəŋ⁴¹	tʂəŋ⁴¹	
正	~月	tʂəŋ²⁴	tʂəŋ²⁴	tʂəŋ²⁴	tʂəŋ²⁴	tʂəŋ²⁴	tʂəŋ²⁴	tʂəŋ²⁴	tʂəŋ²⁴	
整		tʂəŋ⁴⁴	tʂəŋ⁴⁴	tʂəŋ⁴⁴	tʂəŋ⁴⁴	tʂəŋ⁴⁴	tʂəŋ⁴⁴	tʂəŋ⁴⁴	tʂəŋ⁴⁴	
正		tʂəŋ⁴¹	tʂəŋ⁴¹	tʂəŋ⁴¹	tʂəŋ⁴¹	tʂəŋ⁴¹	tʂəŋ⁴¹	tʂəŋ⁴¹	tʂəŋ⁴¹	
政		tʂəŋ⁴¹	tʂəŋ⁴¹	tʂəŋ⁴¹	tʂəŋ⁴¹	tʂəŋ⁴¹	tʂəŋ⁴¹	tʂəŋ⁴¹	tʂəŋ⁴¹	
尺		tʂʰʅ²⁴	tʂʰʅ²⁴	tʂʰʅ²⁴	tʂʰʅ²⁴	tʂʰʅ²⁴	tʂʰʅ²⁴	tʂʰʅ²⁴	tʂʰʅ²⁴	
射		ʂə⁴¹	ʂə⁴¹	ʂə⁴¹	ʂə⁴¹	ʂə⁴¹	ʂə⁴¹	ʂə⁴¹	ʂə⁴¹	
声		ʂəŋ²⁴	ʂəŋ²⁴	ʂəŋ²⁴	ʂəŋ²⁴	ʂəŋ²⁴	ʂəŋ²⁴	ʂəŋ²⁴	ʂəŋ²⁴	
圣		ʂəŋ⁴¹	ʂəŋ⁴¹	ʂəŋ⁴¹	ʂəŋ⁴¹	ʂəŋ⁴¹	ʂəŋ⁴¹	ʂəŋ⁴¹	ʂəŋ⁴¹	
适		ʂʅ²⁴	ʂʅ²⁴	ʂʅ²⁴	ʂʅ²⁴	ʂʅ²⁴	ʂʅ²⁴	ʂʅ²⁴	ʂʅ²⁴	
释		ʂʅ²⁴	ʂʅ²⁴	ʂʅ²⁴	ʂʅ²⁴	ʂʅ²⁴	ʂʅ²⁴	ʂʅ²⁴	ʂʅ²⁴	
成		tʂʰəŋ⁵²	tʂʰəŋ⁵²	tʂʰəŋ⁵²	tʂʰəŋ⁵²	tʂʰəŋ⁵²	tʂʰəŋ⁵²	tʂʰəŋ⁵²	tʂʰəŋ⁵²	
城		tʂʰəŋ⁵²	tʂʰəŋ⁵²	tʂʰəŋ⁵²	tʂʰəŋ⁵²	tʂʰəŋ⁵²	tʂʰəŋ⁵²	tʂʰəŋ⁵²	tʂʰəŋ⁵²	
诚		tʂʰəŋ⁵²	tʂʰəŋ⁵²	tʂʰəŋ⁵²	tʂʰəŋ⁵²	tʂʰəŋ⁵²	tʂʰəŋ⁵²	tʂʰəŋ⁵²	tʂʰəŋ⁵²	
盛	~满	tʂʰəŋ⁵²	tʂʰəŋ⁵²	tʂʰəŋ⁵²	tʂʰəŋ⁵²	tʂʰəŋ⁵²	tʂʰəŋ⁵²	tʂʰəŋ⁵²	tʂʰəŋ⁵²	
京		tɕiŋ²⁴	tɕiŋ²⁴	tɕiŋ²⁴	tɕiŋ²⁴	tɕiŋ²⁴	tɕiŋ²⁴	tɕiŋ²⁴	tɕiŋ²⁴	
惊		tɕiŋ²⁴	tɕiŋ²⁴	tɕiŋ²⁴	tɕiŋ²⁴	tɕiŋ²⁴	tɕiŋ²⁴	tɕiŋ²⁴	tɕiŋ²⁴	
景		tɕiŋ⁴⁴	tɕiŋ⁴⁴	tɕiŋ⁴⁴	tɕiŋ⁴⁴	tɕiŋ⁴⁴	tɕiŋ⁴⁴	tɕiŋ⁴⁴	tɕiŋ⁴⁴	
敬		tɕiŋ⁴¹	tɕiŋ⁴¹	tɕiŋ⁴¹	tɕiŋ⁴¹	tɕiŋ⁴¹	tɕiŋ⁴¹	tɕiŋ⁴¹	tɕiŋ⁴¹	
镜		tɕiŋ⁴¹	tɕiŋ⁴¹	tɕiŋ⁴¹	tɕiŋ⁴¹	tɕiŋ⁴¹	tɕiŋ⁴¹	tɕiŋ⁴¹	tɕiŋ⁴¹	
庆		tɕʰiŋ⁴¹	tɕʰiŋ⁴¹	tɕʰiŋ⁴¹	tɕʰiŋ⁴¹	tɕʰiŋ⁴¹	tɕʰiŋ⁴¹	tɕʰiŋ⁴¹	tɕʰiŋ⁴¹	
竞		tɕiŋ⁴¹	tɕiŋ⁴¹	tɕiŋ⁴¹	tɕiŋ⁴¹	tɕiŋ⁴¹	tɕiŋ⁴¹	tɕiŋ⁴¹	tɕiŋ⁴¹	
剧		tɕy⁴¹	tɕy⁴¹	tɕy⁴¹	tɕy⁴¹	tɕy⁴¹	tɕy⁴¹	tɕy⁴¹	tɕy⁴¹	
迎		iŋ⁵²	iŋ⁵²	iŋ⁵²	iŋ⁵²	iŋ⁵²	iŋ⁵²	iŋ⁵²	iŋ⁵²	
逆		i⁵²	i⁵²	i⁵²	i⁵²	i⁵²	ȵi⁴¹	ȵi⁴¹	ȵi⁴¹	
英		iŋ²⁴	iŋ²⁴	iŋ²⁴	iŋ²⁴	iŋ²⁴	iŋ²⁴	iŋ²⁴	iŋ²⁴	
影		iŋ⁴⁴	iŋ⁴⁴	iŋ⁴⁴	iŋ⁴⁴	iŋ⁴⁴	iŋ⁴⁴	iŋ⁴⁴	iŋ⁴⁴	
映		iŋ⁴¹	iŋ⁴¹	iŋ⁴¹	iŋ⁴¹	iŋ⁴¹	iŋ⁴¹	iŋ⁴¹	iŋ⁴¹	
饼		piŋ⁴⁴	piŋ⁴⁴	piŋ⁴⁴	piŋ⁴⁴	piŋ⁴⁴	piŋ⁴⁴	piŋ⁴⁴	piŋ⁴⁴	
聘		pʰin⁴¹	pʰin⁴¹	pʰin⁴¹	pʰin⁴¹	pʰin⁴¹	pʰin⁴¹	pʰin⁴¹	pʰin⁴¹	
僻		pʰi²⁴	pʰi²⁴	pʰi²⁴	pʰi²⁴	pʰi²⁴	pʰi²⁴	pʰi²⁴	pʰi²⁴	
辟	~谣	pʰi⁴¹	pʰi⁴¹	pʰi⁴¹	pʰi⁴¹	pʰi⁴¹	pʰi⁴¹	pʰi⁴¹	pʰi⁴¹	
领		liŋ⁴⁴	liŋ⁴⁴	liŋ⁴⁴	liŋ⁴⁴	liŋ⁴⁴	liŋ⁴⁴	liŋ⁴⁴	liŋ⁴⁴	
令		liŋ⁴¹	liŋ⁴¹	liŋ⁴¹	liŋ⁴¹	liŋ⁴¹	liŋ⁴¹	liŋ⁴¹	liŋ⁴¹	
精		tsiŋ²⁴	tsiŋ²⁴	tsiŋ²⁴	tsiŋ²⁴	tsiŋ²⁴	tsiŋ²⁴	tsiŋ²⁴	tsiŋ²⁴	
晶		tsiŋ²⁴	tsiŋ²⁴	tsiŋ²⁴	tsiŋ²⁴	tsiŋ²⁴	tsiŋ²⁴	tsiŋ²⁴	tsiŋ²⁴	
睛		tsiŋ²⁴	tsiŋ²⁴	tsiŋ²⁴	tsiŋ²⁴	tsiŋ²⁴	tsiŋ²⁴	tsiŋ²⁴	tsiŋ²⁴	
井		tsiŋ⁴⁴	tsiŋ⁴⁴	tsiŋ⁴⁴	tsiŋ⁴⁴	tsiŋ⁴⁴	tsiŋ⁴⁴	tsiŋ⁴⁴	tsiŋ⁴⁴	
积		tsi²⁴	tsi²⁴	tsi²⁴	tsi²⁴	tsi²⁴	tsi²⁴	tsi²⁴	tsi²⁴	
清		tsʰiŋ²⁴	tsʰiŋ²⁴	tsʰiŋ²⁴	tsʰiŋ²⁴	tsʰiŋ²⁴	tsʰiŋ²⁴	tsʰiŋ²⁴	tsʰiŋ²⁴	
请		tsʰiŋ⁴⁴	tsʰiŋ⁴⁴	tsʰiŋ⁴⁴	tsʰiŋ⁴⁴	tsʰiŋ⁴⁴	tsʰiŋ⁴⁴	tsʰiŋ⁴⁴	tsʰiŋ⁴⁴	
情		tsʰiŋ⁵²	tsʰiŋ⁵²	tsʰiŋ⁵²	tsʰiŋ⁵²	tsʰiŋ⁵²	tsʰiŋ⁵²	tsʰiŋ⁵²	tsʰiŋ⁵²	
行	~为	ɕiŋ⁵²	ɕiŋ⁵²	ɕiŋ⁵²	ɕiŋ⁵²	ɕiŋ⁵²	ɕiŋ⁵²	ɕiŋ⁵²	ɕiŋ⁵²	
杏		ɕiŋ⁴¹	ɕiŋ⁴¹	ɕiŋ⁴¹	ɕiŋ⁴¹	ɕiŋ⁴¹	ɕiŋ⁴¹	ɕiŋ⁴¹	ɕiŋ⁴¹	
棚		pʰəŋ⁵²	pʰəŋ⁵²	pʰəŋ⁵²	pʰəŋ⁵²	pʰəŋ⁵²	pʰəŋ⁵²	pʰəŋ⁵²	pʰəŋ⁵²	
萌		məŋ⁵²	məŋ⁵²	məŋ⁵²	məŋ⁵²	məŋ⁵²	məŋ⁵²	məŋ⁵²	məŋ⁵²	
麦		mei²⁴	mei²⁴	mei²⁴	mei²⁴	mei²⁴	mei²⁴	mei²⁴	mei²⁴	
脉		mei²⁴	mei²⁴	mei²⁴	mei²⁴	mei²⁴	mei²⁴	mei²⁴	mei²⁴	
摘		tsei²⁴	tsei²⁴	tsei²⁴	tsei²⁴	tsei²⁴	tʂei²⁴	tʂei²⁴	tʂei²⁴	
争		tsəŋ²⁴	tsəŋ²⁴	tsəŋ²⁴	tsəŋ²⁴	tsəŋ²⁴	tʂəŋ²⁴	tʂəŋ²⁴	tʂəŋ²⁴	
睁		tsəŋ²⁴	tsəŋ²⁴	tsəŋ²⁴	tsəŋ²⁴	tsəŋ²⁴	tʂəŋ²⁴	tʂəŋ²⁴	tʂəŋ²⁴	
责		tsei²⁴	tsei²⁴	tsei²⁴	tsei²⁴	tsei²⁴	tʂei²⁴	tʂei²⁴	tʂei²⁴	
策		tsʰei²⁴	tsʰei²⁴	tsʰei²⁴	tsʰei²⁴	tsʰei²⁴	tʂʰei²⁴	tʂʰei²⁴	tʂʰei²⁴	
册		tsʰei²⁴	tsʰei²⁴	tsʰei²⁴	tsʰei²⁴	tsʰei²⁴	tʂʰei²⁴	tʂʰei²⁴	tʂʰei²⁴	
耕		kəŋ²⁴	kəŋ²⁴	kəŋ²⁴	kəŋ²⁴	kəŋ²⁴	kəŋ²⁴	kəŋ²⁴	kəŋ²⁴	
隔		kei²⁴	kei²⁴	kei²⁴	kei²⁴	kei²⁴	kei²⁴	kei²⁴	kei²⁴	
嗝		kɤ²⁴	kɤ²⁴	kɤ²⁴	kɤ²⁴	kɤ²⁴	kɤ²⁴	kɤ²⁴	kɤ²⁴	
幸		ɕiŋ⁴¹	ɕiŋ⁴¹	ɕiŋ⁴¹	ɕiŋ⁴¹	ɕiŋ⁴¹	ɕiŋ⁴¹	ɕiŋ⁴¹	ɕiŋ⁴¹	
鹦		iŋ²⁴	iŋ²⁴	iŋ²⁴	iŋ²⁴	iŋ²⁴	iŋ²⁴	iŋ²⁴	iŋ²⁴	
樱		iŋ²⁴	iŋ²⁴	iŋ²⁴	iŋ²⁴	iŋ²⁴	iŋ²⁴	iŋ²⁴	iŋ²⁴	
兵		piŋ²⁴	piŋ²⁴	piŋ²⁴	piŋ²⁴	piŋ²⁴	piŋ²⁴	piŋ²⁴	piŋ²⁴	
碧		pi⁴¹	pi⁴¹	pi⁴¹	pi⁴¹	pi⁴¹	pi⁴¹	pi⁴¹	pi⁴¹	
平		pʰiŋ⁵²	pʰiŋ⁵²	pʰiŋ⁵²	pʰiŋ⁵²	pʰiŋ⁵²	pʰiŋ⁵²	pʰiŋ⁵²	pʰiŋ⁵²	
评		pʰiŋ⁵²	pʰiŋ⁵²	pʰiŋ⁵²	pʰiŋ⁵²	pʰiŋ⁵²	pʰiŋ⁵²	pʰiŋ⁵²	pʰiŋ⁵²	
苹		pʰiŋ⁵²	pʰiŋ⁵²	pʰiŋ⁵²	pʰiŋ⁵²	pʰiŋ⁵²	pʰiŋ⁵²	pʰiŋ⁵²	pʰiŋ⁵²	
病		piŋ⁴¹	piŋ⁴¹	piŋ⁴¹	piŋ⁴¹	piŋ⁴¹	piŋ⁴¹	piŋ⁴¹	piŋ⁴¹	
明		miŋ⁵²	miŋ⁵²	miŋ⁵²	miŋ⁵²	miŋ⁵²	miŋ⁵²	miŋ⁵²	miŋ⁵²	
盟		məŋ⁵²	məŋ⁵²	məŋ⁴⁴	məŋ⁴⁴	məŋ⁵²	məŋ⁵²	məŋ⁵²	məŋ⁵²	
命		miŋ⁴¹	miŋ⁴¹	miŋ⁴¹	miŋ⁴¹	miŋ⁴¹	miŋ⁴¹	miŋ⁴¹	miŋ⁴¹	
惑		xuo⁴¹	xuo⁴¹	xuo⁴¹	xuo⁴¹	xuo⁴¹	xuo⁵²	xuo⁵²	xuo⁵²	
域		y⁴¹	y⁴¹	y⁴¹	y⁴¹	y⁴¹	y⁴¹	y⁴¹	y⁴¹	
百		pei²⁴	pei²⁴	pei²⁴	pei²⁴	pei²⁴	pei²⁴	pei²⁴	pei²⁴	
迫		pʰei⁴⁴	pʰei⁴⁴	pʰei⁴⁴	pʰei⁴⁴	pʰei⁴⁴	pʰei⁴⁴	pʰei⁴⁴	pʰei⁴⁴	
拍		pʰei²⁴	pʰei²⁴	pʰei²⁴	pʰei²⁴	pʰei²⁴	pʰei²⁴	pʰei²⁴	pʰei²⁴	
魄		pʰei⁵²	pʰei⁵²	pʰei⁴⁴	pʰei⁴⁴	pʰei⁵²	pʰei²⁴	pʰei²⁴	pʰei²⁴	
膨		pʰəŋ⁵²	pʰəŋ⁵²	pʰəŋ⁵²	pʰəŋ⁵²	pʰəŋ⁵²	pʰəŋ⁵²	pʰəŋ⁵²	pʰəŋ⁵²	
白		pei⁵²	pei⁵²	pei⁵²	pei⁵²	pei⁵²	pei⁵²	pei⁵²	pei⁵²	
猛		məŋ⁴⁴	məŋ⁴⁴	məŋ⁴⁴	məŋ⁴⁴	məŋ⁴⁴	məŋ⁴⁴	məŋ⁴⁴	məŋ⁴⁴	
孟		məŋ⁴¹	məŋ⁴¹	məŋ⁴¹	məŋ⁴¹	məŋ⁴¹	məŋ⁴¹	məŋ⁴¹	məŋ⁴¹	
打		ta⁴⁴	ta⁴⁴	ta⁴⁴	ta⁴⁴	ta⁴⁴	ta⁴⁴	ta⁴⁴	ta⁴⁴	
冷		ləŋ⁴⁴	ləŋ⁴⁴	ləŋ⁴⁴	ləŋ⁴⁴	ləŋ⁴⁴	ləŋ⁴⁴	ləŋ⁴⁴	ləŋ⁴⁴	
撑		tsʰəŋ²⁴	tsʰəŋ²⁴	tsʰəŋ²⁴	tsʰəŋ²⁴	tsʰəŋ²⁴	tʂʰəŋ²⁴	tʂʰəŋ²⁴	tʂʰəŋ²⁴	
拆		tsʰei²⁴	tsʰei²⁴	tsʰei²⁴	tsʰei²⁴	tsʰei²⁴	tʂʰei²⁴	tʂʰei²⁴	tʂʰei²⁴	
锃		tsəŋ⁴¹	tsəŋ⁴⁴	tsəŋ⁴¹	tsəŋ⁴¹	tsəŋ⁴¹	tsəŋ⁴¹	tsəŋ⁴¹	tsəŋ⁴¹	
择		tsei⁵²	tsei⁵²	tsei⁵²	tsei⁵²	tsei⁵²	tʂei⁵²	tʂei⁵²	tʂei⁵²	
宅		tsei⁵²	tsei⁵²	tsei⁵²	tsei⁵²	tsei⁵²	tʂei⁵²	tʂei⁵²	tʂei⁵²	
窄		tsei²⁴	tsei²⁴	tsei²⁴	tsei²⁴	tsei²⁴	tʂei²⁴	tʂei²⁴	tʂei²⁴	
生		səŋ²⁴	səŋ²⁴	səŋ²⁴	səŋ²⁴	səŋ²⁴	ʂəŋ²⁴	ʂəŋ²⁴	ʂəŋ²⁴	
甥		səŋ⁴⁴	səŋ⁴⁴	səŋ⁴⁴	səŋ⁴⁴	səŋ⁴⁴	ʂəŋ⁴⁴	ʂəŋ⁴⁴	ʂəŋ⁴⁴	
省		səŋ⁴⁴	səŋ⁴⁴	səŋ⁴⁴	səŋ⁴⁴	səŋ⁴⁴	ʂəŋ⁴⁴	ʂəŋ⁴⁴	ʂəŋ⁴⁴	
更		kəŋ²⁴	kəŋ²⁴	kəŋ²⁴	kəŋ²⁴	kəŋ²⁴	kəŋ²⁴	kəŋ²⁴	kəŋ²⁴	
羹		kəŋ⁴⁴	kəŋ²⁴	kəŋ²⁴	kəŋ²⁴	kəŋ²⁴	kəŋ⁴⁴	kəŋ²⁴	kəŋ⁴⁴	
更	~加	kəŋ⁴¹	kəŋ⁴¹	kəŋ⁴¹	kəŋ⁴¹	kəŋ⁴¹	kəŋ⁴¹	kəŋ⁴¹	kəŋ⁴¹	
格		kei²⁴	kei²⁴	kei²⁴	kei²⁴	kei²⁴	kei²⁴	kei²⁴	kei²⁴	
坑		kʰəŋ²⁴	kʰəŋ²⁴	kʰəŋ²⁴	kʰəŋ²⁴	kʰəŋ²⁴	kʰəŋ²⁴	kʰəŋ²⁴	kʰəŋ²⁴	
客		kʰei²⁴	kʰei²⁴	kʰei²⁴	kʰei²⁴	kʰei²⁴	kʰei²⁴	kʰei²⁴	kʰei²⁴	
织		tʂʅ²⁴	tʂʅ²⁴	tʂʅ²⁴	tʂʅ²⁴	tʂʅ²⁴	tʂʅ²⁴	tʂʅ²⁴	tʂʅ²⁴	
职		tʂʅ²⁴	tʂʅ²⁴	tʂʅ²⁴	tʂʅ²⁴	tʂʅ²⁴	tʂʅ²⁴	tʂʅ²⁴	tʂʅ²⁴	
秤		tʂʰəŋ⁴¹	tʂʰəŋ⁴¹	tʂʰəŋ⁴¹	tʂʰəŋ⁴¹	tʂʰəŋ⁴¹	tʂʰəŋ⁴¹	tʂʰəŋ⁴¹	tʂʰəŋ⁴¹	
绳		ʂəŋ⁵²	ʂəŋ⁵²	ʂəŋ⁵²	ʂəŋ⁵²	ʂəŋ⁵²	ʂəŋ⁵²	ʂəŋ⁵²	ʂəŋ⁵²	
剩		ʂəŋ⁴¹	ʂəŋ⁴¹	ʂəŋ⁴¹	ʂəŋ⁴¹	ʂəŋ⁴¹	ʂəŋ⁴¹	ʂəŋ⁴¹	ʂəŋ⁴¹	
食		ʂʅ⁵²	ʂʅ⁵²	ʂʅ⁵²	ʂʅ⁵²	ʂʅ⁵²	ʂʅ⁵²	ʂʅ⁵²	ʂʅ⁵²	
升		ʂəŋ²⁴	ʂəŋ²⁴	ʂəŋ²⁴	ʂəŋ²⁴	ʂəŋ²⁴	ʂəŋ²⁴	ʂəŋ²⁴	ʂəŋ²⁴	
胜		ʂəŋ⁴¹	ʂəŋ⁴¹	ʂəŋ⁴¹	ʂəŋ⁴¹	ʂəŋ⁴¹	ʂəŋ⁴¹	ʂəŋ⁴¹	ʂəŋ⁴¹	
识		ʂʅ²⁴	ʂʅ²⁴	ʂʅ²⁴	ʂʅ²⁴	ʂʅ²⁴	ʂʅ²⁴	ʂʅ²⁴	ʂʅ²⁴	
饰		ʂʅ⁴¹	ʂʅ⁴¹	ʂʅ⁴¹	ʂʅ⁴¹	ʂʅ⁴¹	ʂʅ⁴¹	ʂʅ⁴¹	ʂʅ⁴¹	
承		tʂʰəŋ⁵²	tʂʰəŋ⁵²	tʂʰəŋ⁵²	tʂʰəŋ⁵²	tʂʰəŋ⁵²	tʂʰəŋ⁵²	tʂʰəŋ⁵²	tʂʰəŋ⁵²	
植		tʂʅ⁵²	tʂʅ⁵²	tʂʅ⁵²	tʂʅ⁵²	tʂʅ⁵²	tʂʅ⁵²	tʂʅ⁵²	tʂʅ⁵²	
仍		ʐəŋ⁴⁴	ʐəŋ⁴⁴	zəŋ⁴⁴	zəŋ⁴⁴	ʐəŋ⁴⁴	ʐəŋ⁴⁴	ʐəŋ⁴⁴	ʐəŋ⁴⁴	
扔		ʐəŋ²⁴	ʐəŋ²⁴	zəŋ²⁴	zəŋ²⁴	zəŋ²⁴	ʐəŋ²⁴	ʐəŋ²⁴	ʐəŋ²⁴	
极		tɕi⁵²	tɕi⁵²	tɕi⁵²	tɕi⁵²	tɕi⁵²	tɕi⁵²	tɕi⁵²	tɕi⁵²	
凝		iŋ⁵²	iŋ⁵²	iŋ⁵²	iŋ⁵²	iŋ⁵²	iŋ⁵²	iŋ⁵²	iŋ⁵²	
兴	~旺	ɕiŋ²⁴	ɕiŋ²⁴	ɕiŋ²⁴	ɕiŋ²⁴	ɕiŋ²⁴	ɕiŋ²⁴	ɕiŋ²⁴	ɕiŋ²⁴	
兴	高~	ɕiŋ⁴¹	ɕiŋ⁴¹	ɕiŋ⁴¹	ɕiŋ⁴¹	ɕiŋ⁴¹	ɕiŋ⁴¹	ɕiŋ⁴¹	ɕiŋ⁴¹	
应	~该	iŋ²⁴	iŋ²⁴	iŋ⁴¹	iŋ⁴¹	iŋ²⁴	iŋ⁴¹	iŋ⁴¹	iŋ⁴¹	
鹰		iŋ²⁴	iŋ²⁴	iŋ²⁴	iŋ²⁴	iŋ²⁴	iŋ²⁴	iŋ²⁴	iŋ²⁴	
应	~付	iŋ⁴¹	iŋ⁴¹	iŋ⁴¹	iŋ⁴¹	iŋ⁴¹	iŋ⁴¹	iŋ⁴¹	iŋ⁴¹	
蝇		iŋ⁵²	iŋ⁵²	iŋ⁵²	iŋ⁵²	iŋ⁵²	iŋ⁵²	iŋ⁵²	iŋ⁵²	
孕		yən⁴¹	yən⁴¹	yən⁴¹	yən⁴¹	yən⁴¹	yən⁴¹	yən⁴¹	yən⁴¹	
翼		i⁴⁴	i⁴¹/i⁵²	i⁴¹	i⁴¹	i⁴¹/i⁵²	i⁴¹/i⁵²	i⁴¹/i⁵²	i⁴¹/i⁵²	
国		kuei²⁴	kuei²⁴	kuei²⁴	kuei²⁴	kuei²⁴	kuei²⁴	kuei²⁴	kuei²⁴	
或		xuei⁵²	xuei⁵²	xuei⁵²	xuei⁵²	xuei⁵²	xuɛ⁵²	xuɛ⁵²	xuɛ⁵²	
塞		sei²⁴	sei²⁴	sei²⁴	sei²⁴	sei²⁴	sei²⁴	sei²⁴	sei²⁴	
肯		kʰən⁴⁴	kʰən⁴⁴	kʰən⁴⁴	kʰən⁴⁴	kʰən⁴⁴	kʰən⁴⁴	kʰən⁴⁴	kʰən⁴⁴	
刻		kʰei²⁴	kʰei²⁴	kʰei²⁴	kʰei²⁴	kʰei²⁴	kʰei²⁴	kʰei²⁴	kʰei²⁴	
克		kʰei²⁴	kʰei²⁴	kʰei²⁴	kʰei²⁴	kʰei²⁴	kʰei²⁴	kʰei²⁴	kʰei²⁴	
剋		kʰei⁵²	kʰei⁵²	kʰei⁵²	kʰei⁵²	kʰei⁵²	kʰei⁵²	kʰei⁵²	kʰei⁵²	
黑		xei²⁴	xei²⁴	xei²⁴	xei²⁴	xei²⁴	xei²⁴	xei²⁴	xei²⁴	
冰		piŋ²⁴	piŋ²⁴	piŋ²⁴	piŋ²⁴	piŋ²⁴	piŋ²⁴	piŋ²⁴	piŋ²⁴	
逼		pi²⁴	pi²⁴	pi²⁴	pi²⁴	pi²⁴	pi⁵²	pi⁵²	pi⁵²	
凭		pʰiŋ⁵²	pʰiŋ⁵²	pʰiŋ⁵²	pʰiŋ⁵²	pʰiŋ⁵²	pʰiŋ⁵²	pʰiŋ⁵²	pʰiŋ⁵²	
力		li²⁴	li²⁴	li²⁴	li²⁴	li²⁴	li²⁴	li²⁴	li²⁴	
即		tsi²⁴	tsi²⁴	tsi²⁴	tsi²⁴	tsi²⁴	tsi²⁴	tsi²⁴	tsi²⁴	
鲫		tsi²⁴	tsi²⁴	tsi²⁴	tsi²⁴	tsi²⁴	tsi²⁴	tsi²⁴	tsi²⁴	
息		si²⁴	si²⁴	si²⁴	si²⁴	si²⁴	si²⁴	si²⁴	si²⁴	
熄		si²⁴	si²⁴	si²⁴	si²⁴	si²⁴	si²⁴	si²⁴	si²⁴	
媳		si⁵²	si⁵²	si⁵²	si⁵²	si⁵²	si⁵²	si⁵²	si⁵²	
橙		tʂʰəŋ⁵²	tʂʰəŋ⁵²	tʂʰəŋ⁵²	tʂʰəŋ⁵²	tʂʰəŋ⁵²	tʂʰəŋ⁵²	tʂʰəŋ⁵²	tʂʰəŋ⁵²	
瞪		təŋ⁴¹	təŋ⁴¹	təŋ⁴¹	təŋ⁴¹	təŋ⁴¹	təŋ⁴¹	təŋ⁴¹	təŋ⁴¹	
直		tʂʅ⁵²	tʂʅ⁵²	tʂʅ⁵²	tʂʅ⁵²	tʂʅ⁵²	tʂʅ⁵²	tʂʅ⁵²	tʂʅ⁵²	
值		tʂʅ⁵²	tʂʅ⁵²	tʂʅ⁵²	tʂʅ⁵²	tʂʅ⁵²	tʂʅ⁵²	tʂʅ⁵²	tʂʅ⁵²	
侧		tsʰei²⁴	tsʰei²⁴	tsʰei²⁴	tsʰei²⁴	tsʰei²⁴	tsʰei²⁴	tsʰei²⁴	tʂʰei²⁴	
测		tsʰei²⁴	tsʰei²⁴	tsʰei²⁴	tsʰei²⁴	tsʰei²⁴	tsʰei²⁴	tsʰei²⁴	tʂʰei²⁴	
色		sei²⁴	sei²⁴	sei²⁴	sei²⁴	sei²⁴	ʂei²⁴	ʂei²⁴	ʂei²⁴	
蒸		tʂəŋ²⁴	tʂəŋ²⁴	tʂəŋ²⁴	tʂəŋ²⁴	tʂəŋ²⁴	tʂəŋ²⁴	tʂəŋ²⁴	tʂəŋ²⁴	
拯		tʂəŋ²⁴	tʂəŋ²⁴	tʂəŋ⁴⁴	tʂəŋ⁴⁴/\ntʂəŋ²⁴	tʂəŋ²⁴	tʂəŋ⁴⁴	tʂəŋ⁴⁴	tʂəŋ⁴⁴	
证		tʂəŋ⁴¹	tʂəŋ⁴¹	tʂəŋ⁴¹	tʂəŋ⁴¹	tʂəŋ⁴¹	tʂəŋ⁴¹	tʂəŋ⁴¹	tʂəŋ⁴¹	
症		tʂəŋ⁴¹	tʂəŋ⁴¹	tʂəŋ⁴¹	tʂəŋ⁴¹	tʂəŋ⁴¹	tʂəŋ⁴¹	tʂəŋ⁴¹	tʂəŋ⁴¹	
朋		pʰəŋ⁵²	pʰəŋ⁵²	pʰəŋ⁵²	pʰəŋ⁵²	pʰəŋ⁵²	pʰəŋ⁵²	pʰəŋ⁵²	pʰəŋ⁵²	
墨		mei²⁴	mei²⁴	mei²⁴	mei²⁴	mei²⁴	mei²⁴	mei²⁴	mei²⁴	
默	~默	mei²⁴	mei²⁴	mei²⁴	mei²⁴	mei²⁴	mei²⁴	mei²⁴	mei²⁴	
默	~写	mən²⁴	mən²⁴	mən²⁴	mən²⁴	mən²⁴	mən²⁴	mən²⁴	mən²⁴	
登		təŋ²⁴	təŋ²⁴	təŋ²⁴	təŋ²⁴	təŋ²⁴	təŋ²⁴	təŋ²⁴	təŋ²⁴	
灯		təŋ²⁴	təŋ²⁴	təŋ²⁴	təŋ²⁴	təŋ²⁴	təŋ²⁴	təŋ²⁴	təŋ²⁴	
等		təŋ⁴⁴	təŋ⁴⁴	təŋ⁴⁴	təŋ⁴⁴	təŋ⁴⁴	təŋ⁴⁴	təŋ⁴⁴	təŋ⁴⁴	
凳		təŋ⁴¹	təŋ⁴¹	təŋ⁴¹	təŋ⁴¹	təŋ⁴¹	təŋ⁴¹	təŋ⁴¹	təŋ⁴¹	
得		tei²⁴	tei²⁴	tei²⁴	tei²⁴	tei²⁴	tei²⁴	tei²⁴	tei²⁴	
德		tei²⁴	tei²⁴	tei²⁴	tei²⁴	tei²⁴	tei²⁴	tei²⁴	tei²⁴	
忒		tʰuei²⁴	tʰuei²⁴	tʰuei²⁴	tʰuei²⁴	tʰuei²⁴	tʰuei²⁴	tʰuei²⁴	tʰuei²⁴	
腾		tʰəŋ⁵²	tʰəŋ⁵²	tʰəŋ⁵²	tʰəŋ⁵²	tʰəŋ⁵²	tʰəŋ⁵²	tʰəŋ⁵²	tʰəŋ⁵²	
疼		tʰəŋ⁵²	tʰəŋ⁵²	tʰəŋ⁵²	tʰəŋ⁵²	tʰəŋ⁵²	tʰəŋ⁵²	tʰəŋ⁵²	tʰəŋ⁵²	
澄	~水	təŋ⁴¹	təŋ⁴¹	təŋ⁴¹	təŋ⁴¹	təŋ⁴¹	təŋ⁴¹	təŋ⁴¹	təŋ⁴¹	
特		tʰei⁵²	tʰei⁵²	tʰei⁵²	tʰei⁵²	tʰei⁵²	tʰei⁵²	tʰei⁵²	tʰei⁵²	
能		nəŋ⁵²	nəŋ⁵²	nəŋ⁵²	nəŋ⁵²	nəŋ⁵²	nəŋ⁵²	nəŋ⁵²	nəŋ⁵²	
肋		lei²⁴	lei²⁴	lei²⁴	lei²⁴	lei²⁴	lei²⁴	lei²⁴	lei²⁴	
勒		lei²⁴	lei²⁴	lei²⁴	lei²⁴	lei²⁴	lei²⁴	lei²⁴	lei²⁴	
增		tsəŋ²⁴	tsəŋ²⁴	tsəŋ²⁴	tsəŋ²⁴	tsəŋ²⁴	tsəŋ²⁴	tsəŋ²⁴	tsəŋ²⁴	
则		tsei²⁴	tsei²⁴	tsei²⁴	tsei²⁴	tsei²⁴	tsei²⁴	tsei²⁴	tsei²⁴	
蹭		tsʰəŋ⁴¹	tsʰəŋ⁴¹	tsʰəŋ⁴¹	tsʰəŋ⁴¹	tsʰəŋ⁴¹	tsʰəŋ⁴¹	tsʰəŋ⁴¹	tsʰəŋ⁴¹	
曾	~经	tsʰəŋ⁵²	tsʰəŋ⁵²	tsʰəŋ⁵²	tsʰəŋ⁵²	tsʰəŋ⁵²	tsʰəŋ⁵²	tsʰəŋ⁵²	tsʰəŋ⁵²	
层		tsʰuŋ⁵²	tsʰuŋ⁵²	tsʰuŋ⁵²	tsʰuŋ⁵²	tsʰuŋ⁵²	tsʰuŋ⁵²	tsʰuŋ⁵²	tsʰuŋ⁵²	
赠		tsəŋ⁴¹	tsəŋ⁴¹	tsəŋ⁴¹	tsəŋ⁴¹	tsəŋ⁴¹	tsəŋ²⁴	tsəŋ²⁴	tsəŋ²⁴	
贼		tsei⁵²	tsei⁵²	tsei⁵²	tsei⁵²	tsei⁵²	tsei⁵²	tsei⁵²	tsei⁵²	
僧		səŋ²⁴	səŋ²⁴	səŋ²⁴	səŋ²⁴	səŋ²⁴	səŋ²⁴	səŋ²⁴	səŋ²⁴	
浊		tʂuo⁵²	tʂuo⁵²	tʂu⁵²	tʂu⁵²	tʂuo⁵²	tʂuo⁵²	tʂuo⁵²	tʂuo⁵²	
捉		tʂuo²⁴	tʂuo²⁴	tʂuo²⁴	tʂuo²⁴	tʂuo²⁴	tʂuo²⁴	tʂuo²⁴	tʂuo²⁴	
窗		tʂʰuaŋ²⁴	tʂʰuaŋ²\n⁴	tʂʰuaŋ²⁴	tʂʰuaŋ²⁴	tʂʰuaŋ²⁴	tʂʰuaŋ²⁴	tʂʰuaŋ²⁴	tʂʰuaŋ²⁴	
镯		tʂuo⁵²	tʂuo⁵²	tʂuo⁵²	tʂuo⁵²	tsuo⁵²	tʂuo⁵²	tʂuo⁵²	tʂuo⁵²	
双		faŋ²⁴	faŋ²⁴	faŋ²⁴	faŋ²⁴	faŋ²⁴	faŋ²⁴	faŋ²⁴	faŋ²⁴	
江		tɕiaŋ²⁴	tɕiaŋ²⁴	tɕiaŋ²⁴	tɕiaŋ²⁴	tɕiaŋ²⁴	tɕiaŋ²⁴	tɕiaŋ²⁴	tɕiaŋ²⁴	
扛		kʰaŋ⁴¹	kʰaŋ⁴¹	kʰaŋ⁴¹	kʰaŋ⁴¹	kʰaŋ⁴¹	kʰaŋ⁵²	kʰaŋ⁵²	kʰaŋ⁵²	
讲		tɕiaŋ⁴⁴	tɕiaŋ⁴⁴	tɕiaŋ⁴⁴	tɕiaŋ⁴⁴	tɕiaŋ⁴⁴	tɕiaŋ⁴⁴	tɕiaŋ⁴⁴	tɕiaŋ⁴⁴	
耩		tɕiaŋ⁴⁴	tɕiaŋ⁴⁴	tɕiaŋ⁴⁴	tɕiaŋ⁴⁴	tɕiaŋ⁴⁴	tɕiaŋ⁴⁴	tɕiaŋ⁴⁴	tɕiaŋ⁴⁴	
降	~下	tɕiaŋ⁴¹	tɕiaŋ⁴¹	tɕiaŋ⁴¹	tɕiaŋ⁴¹	tɕiaŋ⁴¹	tɕiaŋ⁴¹	tɕiaŋ⁴¹	tɕiaŋ⁴¹	
觉	~得	tɕyo²⁴	tɕyo²⁴	tɕyo²⁴	tɕyo²⁴	tɕyo²⁴	tɕyo²⁴	tɕyo²⁴	tɕyo²⁴	
角		tɕyo⁴⁴	tɕyo⁴⁴	tɕyo⁴⁴	tɕyo⁴⁴	tɕyo⁴⁴	tɕyo⁴⁴	tɕyo⁴⁴	tɕyo⁴⁴	
饺		tɕiɔ⁴⁴	tɕiɔ⁴⁴	tɕiɔ⁴⁴	tɕiɔ⁴⁴	tɕiɔ⁴⁴	tɕiɔ⁴⁴	tɕiɔ⁴⁴	tɕiɔ⁴⁴	
腔		tɕʰiaŋ²⁴	tɕʰiaŋ²⁴	tɕʰiaŋ⁵²	tɕʰiaŋ⁵²	tɕʰiaŋ²⁴	tɕʰiaŋ²⁴	tɕʰiaŋ²⁴	tɕʰiaŋ²⁴	
确		tɕʰyo²⁴	tɕʰyo²⁴	tɕʰyo²⁴	tɕʰyo²⁴	tɕʰyo²⁴	tɕʰyo²⁴	tɕʰyo²⁴	tɕʰyo²⁴	
搉		tɕʰyo²⁴	tɕʰyo²⁴	tɕʰyo²⁴	tɕʰyo²⁴	tɕʰyo²⁴	tɕʰyo²⁴	tɕʰyo²⁴	tɕʰyo²⁴	
岳		yo²⁴	yo²⁴	yo²⁴	yo²⁴	yo²⁴	yo²⁴	yo²⁴	yo²⁴	
乐	~音	yo²⁴	yo²⁴	yo²⁴	yo²⁴	yo²⁴	yo²⁴	yo²⁴	yo²⁴	
夯		xaŋ²⁴	xaŋ²⁴	xaŋ²⁴	xaŋ²⁴	xaŋ²⁴	xaŋ²⁴	xaŋ²⁴	xaŋ²⁴	
降	~投	ɕiaŋ⁵²	ɕiaŋ⁵²	ɕiaŋ⁵²	ɕiaŋ⁵²	ɕiaŋ⁵²	ɕiaŋ⁵²	ɕiaŋ⁵²	ɕiaŋ⁵²	
学		ɕyo⁵²	ɕyo⁵²	ɕyo⁵²	ɕyo⁵²	ɕyo⁵²	ɕyo⁵²	ɕyo⁵²	ɕyo⁵²	
握		uo²⁴	uo²⁴	uo²⁴	uo²⁴	uo²⁴	uo²⁴	uo²⁴	uo²⁴	
崩		pəŋ²⁴	pəŋ²⁴	pəŋ²⁴	pəŋ²⁴	pəŋ²⁴	pəŋ²⁴	pəŋ²⁴	pəŋ²⁴	
北		pei²⁴	pei²⁴	pei²⁴	pei²⁴	pei²⁴	pei²⁴	pei²⁴	pei²⁴	
亡		uaŋ⁵²	uaŋ⁵²	uaŋ⁵²	uaŋ⁵²	uaŋ⁵²	uaŋ⁵²	uaŋ⁵²	uaŋ⁵²	
忘		uaŋ⁴¹	uaŋ⁴¹	uaŋ⁴¹	uaŋ⁴¹	uaŋ⁴¹	uaŋ⁴¹	uaŋ⁴¹	uaŋ⁴¹	
望		uaŋ⁴¹	uaŋ⁴¹	uaŋ⁴¹	uaŋ⁴¹	uaŋ⁴¹	uaŋ⁴¹	uaŋ⁴¹	uaŋ⁴¹	
逛		kuaŋ⁴¹	kuaŋ⁴¹	kuaŋ⁴¹	kuaŋ⁴¹	kuaŋ⁴¹	kuaŋ⁴¹	kuaŋ⁴¹	kuaŋ⁴¹	
钁		tɕyo²⁴	tɕyo²⁴	tɕyo²⁴	tɕyo²⁴	tɕyo²⁴	tɕyo²⁴	tɕyo²⁴	tɕyo²⁴	
筐		kʰuaŋ²⁴	kʰuaŋ²\n⁴	kʰuaŋ²⁴	kʰuaŋ²⁴	kʰuaŋ²⁴	kʰuaŋ²⁴	kʰuaŋ²⁴	kʰuaŋ²⁴	
狂		kʰuaŋ⁵²	kʰuaŋ⁵\n²	kʰuaŋ⁵²	kʰuaŋ⁵²	kʰuaŋ⁵²	kʰuaŋ⁵²	kʰuaŋ⁵²	kʰuaŋ⁵²	
况		kʰuaŋ⁴¹	kʰuaŋ⁴\n¹	kʰuaŋ⁴¹	kʰuaŋ⁴¹	kʰuaŋ⁴¹	kʰuaŋ⁴¹	kʰuaŋ⁴¹	kʰuaŋ⁴¹	
枉		uaŋ²⁴	uaŋ²⁴	uaŋ⁴⁴	uaŋ⁴⁴	uaŋ²⁴	uaŋ²⁴	uaŋ²⁴	uaŋ²⁴	
王		uaŋ⁵²	uaŋ⁵²	uaŋ⁵²	uaŋ⁵²	uaŋ⁵²	uaŋ⁵²	uaŋ⁵²	uaŋ⁵²	
往		uaŋ⁴⁴	uaŋ⁴⁴	uaŋ⁴⁴	uaŋ⁴⁴	uaŋ⁴⁴	uaŋ⁴⁴	uaŋ⁴⁴	uaŋ⁴⁴	
旺		uaŋ⁴¹	uaŋ⁴¹	uaŋ⁴¹	uaŋ⁴¹	uaŋ⁴¹	uaŋ⁴¹	uaŋ⁴¹	uaŋ⁴¹	
邦		paŋ²⁴	paŋ²⁴	paŋ²⁴	paŋ²⁴	paŋ²⁴	paŋ²⁴	paŋ²⁴	paŋ²⁴	
绑		paŋ⁴⁴	paŋ⁴⁴	paŋ⁴⁴	paŋ⁴⁴	paŋ⁴⁴	paŋ⁴⁴	paŋ⁴⁴	paŋ⁴⁴	
剥		po²⁴	po²⁴	po²⁴	po²⁴	po²⁴	po²⁴	po²⁴	po²⁴	
胖		pʰaŋ⁴¹	pʰaŋ⁴¹	pʰaŋ⁴¹	pʰaŋ⁴¹	pʰaŋ⁴¹	pʰaŋ⁴¹	pʰaŋ⁴¹	pʰaŋ⁴¹	
棒		paŋ⁴¹	paŋ⁴¹	paŋ⁴¹	paŋ⁴¹	paŋ⁴¹	paŋ⁴¹	paŋ⁴¹	paŋ⁴¹	
雹		pɔ²⁴	pɔ²⁴	pɔ²⁴	pɔ²⁴	pɔ²⁴	pɔ²⁴	pɔ²⁴	pɔ²⁴	
攮		naŋ⁴⁴	naŋ⁴⁴	naŋ⁴⁴	naŋ⁴⁴	naŋ⁴⁴	naŋ⁴⁴	naŋ⁴⁴	naŋ⁴⁴	
桌		tʂuo²⁴	tʂuo²⁴	tʂuo²⁴	tʂuo²⁴	tʂuo²⁴	tʂuo²⁴	tʂuo²⁴	tʂuo²⁴	
啄		tsuo⁵²	tsuo⁵²	tsuo⁵²	tsuo⁵²	tsuo⁵²	tsuo⁵²	tsuo⁵²	tsuo⁵²	
卓		tʂuo²⁴	tʂuo²⁴	tʂuo²⁴	tʂuo²⁴	tʂuo²⁴	tʂuo²⁴	tʂuo²⁴	tʂuo²⁴	
戳		tʂʰuo⁵²	tʂʰuo⁵²	tʂʰuo⁵²	tʂʰuo⁵²	tʂʰuo⁵²	tʂʰuo⁵²	tʂʰuo⁵²	tʂʰuo⁵²	
撞		tʂuaŋ⁴¹/tʂʰuaŋ⁴¹	tʂuaŋ⁴¹	tʂʰuaŋ⁴¹	tʂʰuaŋ⁴¹	tʂʰuaŋ⁴¹	tʂʰuaŋ⁴¹	tʂuaŋ⁴¹/tʂʰuaŋ⁴¹	tʂʰuaŋ⁴⁴	
痒		iaŋ⁴⁴	iaŋ⁴⁴	iaŋ⁴⁴	iaŋ⁴⁴	iaŋ⁴⁴	iaŋ⁴⁴	iaŋ⁴⁴	iaŋ⁴⁴	
样		iaŋ⁴¹	iaŋ⁴¹	iaŋ⁴¹	iaŋ⁴¹	iaŋ⁴¹	iaŋ⁴¹	iaŋ⁴¹	iaŋ⁴¹	
药		yo²⁴	yo²⁴	yo²⁴	yo²⁴	yo²⁴	yo²⁴	yo²⁴	yo²⁴	
钥		yo²⁴	yo²⁴	yo²⁴	yo²⁴	yo²⁴	yo²⁴	yo²⁴	yo²⁴	
跃		yo²⁴/yo\n⁴¹	yo⁴¹/iɔ\n⁴¹	yo⁴¹/iɔ⁴¹	yo⁴¹/iɔ⁴\n¹	yo⁴¹/iɔ⁴¹	iɔ⁴¹	iɔ⁴¹	iɔ⁴¹	
光		kuaŋ²⁴	kuaŋ²⁴	kuaŋ²⁴	kuaŋ²⁴	kuaŋ²⁴	kuaŋ²⁴	kuaŋ²⁴	kuaŋ²⁴	
广		kuaŋ⁴⁴	kuaŋ⁴⁴	kuaŋ⁴⁴	kuaŋ⁴⁴	kuaŋ⁴⁴	kuaŋ⁴⁴	kuaŋ⁴⁴	kuaŋ⁴⁴	
郭		kuo²⁴	kuo²⁴	kuo²⁴	kuo²⁴	kuo²⁴	kuo²⁴	kuo²⁴	kuo²⁴	
扩		kʰuo²⁴	kʰuo²⁴	kʰuo²⁴	kʰuo²⁴	kʰuo²⁴	kʰuo²⁴	kʰuo²⁴	kʰuo²⁴	
慌		xuaŋ²⁴	xuaŋ²⁴	xuaŋ²⁴	xuaŋ²⁴	xuaŋ²⁴	xuaŋ⁴⁴	xuaŋ⁴⁴	xuaŋ²⁴	
谎		xuaŋ²⁴	xuaŋ²⁴	xuaŋ²⁴	xuaŋ²⁴	xuaŋ⁴⁴	xuaŋ²⁴	xuaŋ²⁴	xuaŋ²⁴	
藿		xuo²⁴	xuo²⁴			xuo²⁴	xuo²⁴	xuo²⁴	xuo²⁴	
黄		xuaŋ⁵²	xuaŋ⁵²	xuaŋ⁵²	xuaŋ⁵²	xuaŋ⁵²	xuaŋ⁵²	xuaŋ⁵²	xuaŋ⁵²	
皇		xuaŋ⁵²	xuaŋ⁵²	xuaŋ⁵²	xuaŋ⁵²	xuaŋ⁵²	xuaŋ⁵²	xuaŋ⁵²	xuaŋ⁵²	
蝗		xuaŋ⁵²	xuaŋ⁵²	xuaŋ⁵²	xuaŋ⁵²	xuaŋ⁵²	xuaŋ⁵²	xuaŋ⁵²	xuaŋ⁵²	
晃	~眼	xuaŋ⁴¹	xuaŋ⁴¹	xuaŋ⁴¹	xuaŋ⁴¹	xuaŋ⁴¹	xuaŋ⁴¹	xuaŋ⁴¹	xuaŋ⁴¹	
汪		uaŋ²⁴	uaŋ²⁴	uaŋ²⁴	uaŋ²⁴	uaŋ²⁴	uaŋ²⁴	uaŋ²⁴	uaŋ²⁴	
方		faŋ²⁴	faŋ²⁴	faŋ²⁴	faŋ²⁴	faŋ²⁴	faŋ²⁴	faŋ²⁴	faŋ²⁴	
肪		faŋ⁴⁴	faŋ⁴⁴	faŋ⁴⁴	faŋ⁴⁴	faŋ⁴⁴	faŋ⁵²	faŋ⁵²	faŋ⁴⁴	
放		faŋ⁴¹	faŋ⁴¹	faŋ⁴¹	faŋ⁴¹	faŋ⁴¹	faŋ⁴¹	faŋ⁴¹	faŋ⁴¹	
芳		faŋ⁴⁴	faŋ⁴⁴	faŋ⁴⁴	faŋ⁴⁴	faŋ⁴⁴	faŋ⁴⁴	faŋ⁴⁴	faŋ⁴⁴	
妨		faŋ⁴⁴	faŋ⁴⁴	faŋ⁴⁴	faŋ⁴⁴	faŋ⁴⁴	faŋ⁴⁴	faŋ⁴⁴	faŋ⁴⁴	
仿		faŋ⁴⁴	faŋ⁴⁴	faŋ⁴⁴	faŋ⁴⁴	faŋ⁴⁴	faŋ⁴⁴	faŋ⁴⁴	faŋ⁴⁴	
访		faŋ⁴⁴	faŋ⁴⁴	faŋ⁴⁴	faŋ⁴⁴	faŋ⁴⁴	faŋ⁴⁴	faŋ⁴⁴	faŋ⁴⁴	
房		faŋ⁵²	faŋ⁵²	faŋ⁵²	faŋ⁵²	faŋ⁵²	faŋ⁵²	faŋ⁵²	faŋ⁵²	
防		faŋ⁵²	faŋ⁵²	faŋ⁵²	faŋ⁵²	faŋ⁵²	faŋ⁵²	faŋ⁵²	faŋ⁵²	
上		ʂaŋ⁴¹	ʂaŋ⁴¹	ʂaŋ⁴¹	ʂaŋ⁴¹	ʂaŋ⁴¹	ʂaŋ⁴¹	ʂaŋ⁴¹	ʂaŋ⁴¹	
勺		fo⁵²/ʂuɔ ⁵²	fo⁵²	fo⁵²	fo⁵²	fo⁵²	fo⁵²	fo⁵²	fo⁵²	
瓤		ʐaŋ⁵²	ʐaŋ⁵²	zaŋ⁵²	zaŋ⁵²	ʐaŋ⁵²	ʐaŋ⁵²	ʐaŋ⁵²	ʐaŋ⁵²	
嚷		ʐaŋ²⁴	ʐaŋ²⁴	zaŋ²⁴	zaŋ²⁴	ʐaŋ²⁴	ʐaŋ²⁴	ʐaŋ²⁴	ʐaŋ²⁴	
让		ʐaŋ⁴¹	ʐaŋ⁴¹	zaŋ⁴¹	zaŋ⁴¹	zaŋ⁴¹	ʐaŋ⁴¹	ʐaŋ⁴¹	ʐaŋ⁴¹	
若		ʐuo²⁴	ʐuo²⁴	luo²⁴	luo²⁴	ʐuo²⁴	ʐuo²⁴	ʐuo²⁴	ʐuo²⁴	
弱		ʐuo²⁴	ʐuo²⁴	luo²⁴	luo²⁴	ʐuo²⁴	ʐuo²⁴	ʐuo²⁴	ʐuo²⁴	
疆		tɕiaŋ²⁴	tɕiaŋ²⁴	tɕiaŋ²⁴	tɕiaŋ²⁴	tɕiaŋ²⁴	tɕiaŋ²⁴	tɕiaŋ²⁴	tɕiaŋ²⁴	
僵		tɕiaŋ²⁴	tɕiaŋ²⁴	tɕiaŋ²⁴	tɕiaŋ²⁴	tɕiaŋ²⁴	tɕiaŋ²⁴	tɕiaŋ²⁴	tɕiaŋ²⁴	
姜		tɕiaŋ²⁴	tɕiaŋ²⁴	tɕiaŋ²⁴	tɕiaŋ²⁴	tɕiaŋ²⁴	tɕiaŋ²⁴	tɕiaŋ²⁴	tɕiaŋ²⁴	
脚		tɕyo²⁴	tɕyo²⁴	tɕyo²⁴	tɕyo²⁴	tɕyo²⁴	tɕyo²⁴	tɕyo²⁴	tɕyo²⁴	
却		tɕʰyo²⁴	tɕʰyo²⁴	tɕʰyo²⁴	tɕʰyo²⁴	tɕʰyo²⁴	tɕʰyo²⁴	tɕʰyo²⁴	tɕʰyo²⁴	
强		tɕʰiaŋ⁵²	tɕʰiaŋ⁵²	tɕʰiaŋ⁵²	tɕʰiaŋ⁵²	tɕʰiaŋ⁵²	tɕʰiaŋ⁵²	tɕʰiaŋ⁵²	tɕʰiaŋ⁵²	
仰	~头	iaŋ⁵²	iaŋ⁵²	iaŋ⁵²	iaŋ⁵²	iaŋ⁵²	iaŋ⁵²	iaŋ⁵²	iaŋ⁵²	
虐		yo²⁴	yo²⁴	yo²⁴	yo²⁴	yo²⁴	yo²⁴	yo²⁴	yo²⁴	
香		ɕiaŋ²⁴	ɕiaŋ²⁴	ɕiaŋ²⁴	ɕiaŋ²⁴	ɕiaŋ²⁴	ɕiaŋ²⁴	ɕiaŋ²⁴	ɕiaŋ²⁴	
乡		ɕiaŋ²⁴	ɕiaŋ²⁴	ɕiaŋ²⁴	ɕiaŋ²⁴	ɕiaŋ²⁴	ɕiaŋ²⁴	ɕiaŋ²⁴	ɕiaŋ²⁴	
享		ɕiaŋ⁴⁴	ɕiaŋ⁴⁴	ɕiaŋ⁴⁴	ɕiaŋ⁴⁴	ɕiaŋ⁴⁴	ɕiaŋ⁴⁴	ɕiaŋ⁴⁴	ɕiaŋ⁴⁴	
向		ɕiaŋ⁴¹	ɕiaŋ⁴¹	ɕiaŋ⁴¹	ɕiaŋ⁴¹	ɕiaŋ⁴¹	ɕiaŋ⁴¹	ɕiaŋ⁴¹	ɕiaŋ⁴¹	
秧		iaŋ²⁴	iaŋ²⁴	iaŋ²⁴	iaŋ²⁴	iaŋ²⁴	iaŋ²⁴	iaŋ²⁴	iaŋ²⁴	
约		yo²⁴	yo²⁴	yo²⁴	yo²⁴	yo²⁴	yo²⁴	yo²⁴	yo²⁴	
羊		iaŋ⁵²	iaŋ⁵²	iaŋ⁵²	iaŋ⁵²	iaŋ⁵²	iaŋ⁵²	iaŋ⁵²	iaŋ⁵²	
洋		iaŋ⁵²	iaŋ⁵²	iaŋ⁵²	iaŋ⁵²	iaŋ⁵²	iaŋ⁵²	iaŋ⁵²	iaŋ⁵²	
杨		iaŋ⁵²	iaŋ⁵²	iaŋ⁵²	iaŋ⁵²	iaŋ⁵²	iaŋ⁵²	iaŋ⁵²	iaŋ⁵²	
阳		iaŋ⁵²	iaŋ⁵²	iaŋ⁵²	iaŋ⁵²	iaŋ⁵²	iaŋ⁵²	iaŋ⁵²	iaŋ⁵²	
养		iaŋ⁴⁴	iaŋ⁴⁴	iaŋ⁴⁴	iaŋ⁴⁴	iaŋ⁴⁴	iaŋ⁴⁴	iaŋ⁴⁴	iaŋ⁴⁴	
着	~看	tʂuo⁵²	tʂuo⁵²	tʂuo⁵²	tʂuo⁵²	tʂuo⁵²	tʂuo⁵²	tʂuo⁵²	tʂuo⁵²	
庄		tʂuaŋ²⁴	tʂuaŋ²⁴	tʂuaŋ²⁴	tʂuaŋ²⁴	tʂuaŋ²⁴	tʂuaŋ²⁴	tʂuaŋ²⁴	tʂuaŋ²⁴	
装		tʂuaŋ²⁴	tʂuaŋ²⁴	tʂuaŋ²⁴	tʂuaŋ²⁴	tʂuaŋ²⁴	tʂuaŋ²⁴	tʂuaŋ²⁴	tʂuaŋ²⁴	
壮		tʂuaŋ⁴¹	tʂuaŋ⁴¹	tʂuaŋ⁴¹	tʂuaŋ⁴¹	tʂuaŋ⁴¹	tʂuaŋ⁴¹	tʂuaŋ⁴¹	tʂuaŋ⁴¹	
疮		tʂʰuaŋ²⁴	tʂʰuaŋ²\n⁴	tʂʰuaŋ²⁴	tʂʰuaŋ²⁴	tʂʰuaŋ²⁴	tʂʰuaŋ²⁴	tʂʰuaŋ²⁴	tʂʰuaŋ²⁴	
闯		tʂuaŋ⁴⁴	tʂuaŋ⁴⁴	tʂuaŋ⁴⁴	tʂuaŋ⁴⁴	tʂuaŋ⁴⁴	tʂuaŋ⁴⁴	tʂuaŋ⁴⁴	tʂuaŋ⁴⁴	
创		tʂʰuaŋ⁴¹	tʂʰuaŋ⁴\n¹	tʂʰuaŋ⁴¹	tʂʰuaŋ⁴¹	tʂʰuaŋ⁴¹	tʂʰuaŋ⁴¹	tʂʰuaŋ⁴¹	tʂʰuaŋ⁴¹	
床		tʂʰuaŋ⁵²	tʂʰuaŋ⁵\n²	tʂʰuaŋ⁵²	tʂʰuaŋ⁵²	tʂʰuaŋ⁵²	tʂʰuaŋ⁵²	tʂʰuaŋ⁵²	tʂʰuaŋ⁵²	
状		tʂuaŋ⁴¹	tʂuaŋ⁴¹	tʂuaŋ⁴¹	tʂuaŋ⁴¹	tʂuaŋ⁴¹	tʂuaŋ⁴¹	tʂuaŋ⁴¹	tʂuaŋ⁴¹	
霜		faŋ²⁴	faŋ²⁴	faŋ²⁴	faŋ²⁴	faŋ²⁴	faŋ²⁴	faŋ²⁴	faŋ²⁴	
爽		faŋ⁴⁴	faŋ⁴⁴	faŋ⁴⁴	faŋ⁴⁴	faŋ⁴⁴	faŋ⁴⁴	faŋ⁴⁴	faŋ⁴⁴	
章		tʂaŋ²⁴	tʂaŋ²⁴	tʂaŋ²⁴	tʂaŋ²⁴	tʂaŋ²⁴	tʂaŋ²⁴	tʂaŋ²⁴	tʂaŋ²⁴	
掌		tʂaŋ⁴⁴	tʂaŋ⁴⁴	tʂaŋ⁴⁴	tʂaŋ⁴⁴	tʂaŋ⁴⁴	tʂaŋ⁴⁴	tʂaŋ⁴⁴	tʂaŋ⁴⁴	
障		tʂaŋ⁴¹	tʂaŋ⁴¹	tʂaŋ⁴¹	tʂaŋ⁴¹	tʂaŋ⁴¹	tʂaŋ⁴¹	tʂaŋ⁴¹	tʂaŋ²⁴	
猖		tʂʰaŋ²⁴	tʂʰaŋ²⁴	tʂʰaŋ²⁴	tʂʰaŋ²⁴	tʂʰaŋ²⁴	tʂʰaŋ²⁴	tʂʰaŋ²⁴	tʂʰaŋ²⁴	
敞		tʂʰaŋ⁴⁴	tʂʰaŋ⁴⁴	tʂʰaŋ⁴⁴	tʂʰaŋ⁴⁴	tʂʰaŋ⁴⁴	tʂʰaŋ⁴⁴	tʂʰaŋ⁴⁴	tʂʰaŋ⁴⁴	
唱		tʂʰaŋ⁴¹	tʂʰaŋ⁴¹	tʂʰaŋ⁴¹	tʂʰaŋ⁴¹	tʂʰaŋ⁴¹	tʂʰaŋ⁴¹	tʂʰaŋ⁴¹	tʂʰaŋ⁴¹	
焯		tʂʰuo²⁴	tʂʰuo²⁴	tʂʰuo²⁴	tʂʰuo²⁴	tʂʰuo²⁴	tʂʰuo²⁴	tʂʰuo²⁴	tʂʰuo²⁴	
商		ʂaŋ²⁴	ʂaŋ²⁴	ʂaŋ²⁴	ʂaŋ²⁴	ʂaŋ²⁴	ʂaŋ²⁴	ʂaŋ²⁴	ʂaŋ²⁴	
伤		ʂaŋ²⁴	ʂaŋ²⁴	ʂaŋ²⁴	ʂaŋ²⁴	ʂaŋ²⁴	ʂaŋ²⁴	ʂaŋ²⁴	ʂaŋ²⁴	
赏		ʂaŋ⁴⁴	ʂaŋ⁴⁴	ʂaŋ⁴⁴	ʂaŋ⁴⁴	ʂaŋ⁴⁴	ʂaŋ⁴⁴	ʂaŋ⁴⁴	ʂaŋ⁴⁴	
晌		ʂaŋ⁴⁴	ʂaŋ⁴⁴	ʂaŋ⁴⁴	ʂaŋ⁴⁴	ʂaŋ⁴⁴	ʂaŋ⁴⁴	ʂaŋ⁴⁴	ʂaŋ⁴⁴	
常		tʂʰaŋ⁵²	tʂʰaŋ⁵²	tʂʰaŋ⁵²	tʂʰaŋ⁵²	tʂʰaŋ⁵²	tʂʰaŋ⁵²	tʂʰaŋ⁵²	tʂʰaŋ⁵²	
裳		ʂaŋ⁴⁴	ʂaŋ⁴⁴	ʂaŋ⁴⁴	ʂaŋ⁴⁴	ʂaŋ⁴⁴	ʂaŋ⁴⁴	ʂaŋ⁴⁴	ʂaŋ⁴⁴	
酱		tsiaŋ⁴¹	tsiaŋ⁴¹	tsiaŋ⁴¹	tsiaŋ⁴¹	tsiaŋ⁴¹	tsiaŋ⁴¹	tsiaŋ⁴¹	tsiaŋ⁴¹	
雀		tsʰuo²⁴	tsʰuo²⁴	tsʰuo²⁴	tsʰuo²⁴	tsʰuo²⁴	tsʰuo⁴¹	tsʰuo²⁴	tsʰuo⁴¹	
枪		tsʰiaŋ²⁴	tsʰiaŋ²⁴	tsʰiaŋ²⁴	tsʰiaŋ²⁴	tsʰiaŋ²⁴	tsʰiaŋ²⁴	tsʰiaŋ²⁴	tsʰiaŋ²⁴	
抢		tsʰiaŋ⁴⁴	tsʰiaŋ⁴⁴	tsʰiaŋ⁴⁴	tsʰiaŋ⁴⁴	tsʰiaŋ⁴⁴	tsʰiaŋ⁴⁴	tsʰiaŋ⁴⁴	tsʰiaŋ⁴⁴	
鹊		tsʰuo²⁴	tsʰuo²⁴	tsʰuo⁴¹	tsʰuo²⁴	tsʰuo²⁴	tsʰuo⁴¹	tsʰuo²⁴	tsʰuo⁴¹	
墙		tsʰiaŋ⁵²	tsʰiaŋ⁵²	tsʰiaŋ⁵²	tsʰiaŋ⁵²	tsʰiaŋ⁵²	tsʰiaŋ⁵²	tsʰiaŋ⁵²	tsʰiaŋ⁵²	
匠		tsiaŋ⁴⁴	tsiaŋ⁴⁴	tsiaŋ⁴⁴	tsiaŋ⁴⁴	tsiaŋ⁴⁴	tsiaŋ⁴⁴	tsiaŋ⁴⁴	tsiaŋ⁴⁴	
嚼		tsuo⁵²	tsuo⁵²	tsuo⁵²	tsuo⁵²	tsuo⁵²	tsuo⁵²	tsuo⁵²	tsuo⁵²	
相	~互	siaŋ⁴¹	siaŋ⁴¹	siaŋ⁴¹	siaŋ⁴¹	siaŋ⁴¹	siaŋ⁴¹	siaŋ⁴¹	siaŋ⁴¹	
箱		siaŋ²⁴	siaŋ²⁴	siaŋ²⁴	siaŋ²⁴	siaŋ²⁴	siaŋ²⁴	siaŋ²⁴	siaŋ²⁴	
镶		siaŋ²⁴	siaŋ²⁴	siaŋ²⁴	siaŋ²⁴	siaŋ²⁴	siaŋ²⁴	siaŋ²⁴	siaŋ²⁴	
想		siaŋ⁴⁴	siaŋ⁴⁴	siaŋ⁴⁴	siaŋ⁴⁴	siaŋ⁴⁴	siaŋ⁴⁴	siaŋ⁴⁴	siaŋ⁴⁴	
相	~貌	siaŋ⁴¹	siaŋ⁴¹	siaŋ⁴¹	siaŋ⁴¹	siaŋ⁴¹	siaŋ⁴¹	siaŋ⁴¹	siaŋ⁴¹	
削		suo²⁴	suo²⁴	suo²⁴	suo²⁴	suo²⁴	suo²⁴	suo²⁴	suo²⁴	
详		siaŋ⁵²	siaŋ⁵²	siaŋ⁵²	siaŋ⁵²	siaŋ⁵²	siaŋ⁵²	siaŋ⁵²	siaŋ⁵²	
祥		siaŋ⁵²	siaŋ⁵²	siaŋ⁵²	siaŋ⁵²	siaŋ⁵²	siaŋ⁵²	siaŋ⁵²	siaŋ⁵²	
像		siaŋ⁴¹	siaŋ⁴¹	siaŋ⁴¹	siaŋ⁴¹	siaŋ⁴¹	siaŋ⁴¹	siaŋ⁴¹	siaŋ⁴¹	
橡		siaŋ⁴¹	siaŋ⁴¹	siaŋ⁴¹	siaŋ⁴¹	siaŋ⁴¹	siaŋ⁴¹	siaŋ⁴¹	siaŋ⁴¹	
张		tʂaŋ²⁴	tʂaŋ²⁴	tʂaŋ²⁴	tʂaŋ²⁴	tʂaŋ²⁴	tʂaŋ²⁴	tʂaŋ²⁴	tʂaŋ²⁴	
长	~生	tʂaŋ⁴⁴	tʂaŋ⁴⁴	tʂaŋ⁴⁴	tʂaŋ⁴⁴	tʂaŋ⁴⁴	tʂaŋ⁴⁴	tʂaŋ⁴⁴	tʂaŋ⁴⁴	
账		tʂaŋ⁴¹	tʂaŋ⁴¹	tʂaŋ⁴¹	tʂaŋ⁴¹	tʂaŋ⁴¹	tʂaŋ⁴¹	tʂaŋ⁴¹	tʂaŋ⁴¹	
长	~短	tʂʰaŋ⁵²	tʂʰaŋ⁵²	tʂʰaŋ⁵²	tʂʰaŋ⁵²	tʂʰaŋ⁵²	tʂʰaŋ⁵²	tʂʰaŋ⁵²	tʂʰaŋ⁵²	
场		tʂʰaŋ⁴⁴	tʂʰaŋ⁴⁴	tʂʰaŋ⁴⁴	tʂʰaŋ⁴⁴	tʂʰaŋ⁴⁴	tʂʰaŋ⁴⁴	tʂʰaŋ⁴⁴	tʂʰaŋ⁴⁴	
肠		tʂʰaŋ⁵²	tʂʰaŋ⁵²	tʂʰaŋ⁵²	tʂʰaŋ⁵²	tʂʰaŋ⁵²	tʂʰaŋ⁵²	tʂʰaŋ⁵²	tʂʰaŋ⁵²	
丈		tʂaŋ⁴¹	tʂaŋ⁴¹	tʂaŋ⁴¹	tʂaŋ⁴¹	tʂaŋ⁴¹	tʂaŋ⁴¹	tʂaŋ⁴¹	tʂaŋ⁴¹	
杖		tʂaŋ⁴¹	tʂaŋ⁴¹	tʂaŋ⁴¹	tʂaŋ⁴¹	tʂaŋ⁴¹	tʂaŋ⁴¹	tʂaŋ⁴¹	tʂaŋ⁴¹	
钢		kaŋ²⁴	kaŋ²⁴	kaŋ²⁴	kaŋ²⁴	kaŋ²⁴	kaŋ²⁴	kaŋ²⁴	kaŋ²⁴	
各		kɤ²⁴	kɤ²⁴	kɤ²⁴	kɤ²⁴	kɤ²⁴	kɤ²⁴	kɤ²⁴	kɤ²⁴	
搁		kɤ²⁴	kɤ²⁴	kɤ²⁴	kɤ²⁴	kɤ²⁴	kɤ²⁴	kɤ²⁴	kɤ²⁴	
康		kʰaŋ²⁴	kʰaŋ²⁴	kʰaŋ²⁴	kʰaŋ²⁴	kʰaŋ²⁴	kʰaŋ²⁴	kʰaŋ²⁴	kʰaŋ²⁴	
糠		kʰaŋ²⁴	kʰaŋ²⁴	kʰaŋ²⁴	kʰaŋ²⁴	kʰaŋ²⁴	kʰaŋ²⁴	kʰaŋ²⁴	kʰaŋ²⁴	
抗		kʰaŋ⁴²	kʰaŋ⁴⁴	kʰaŋ⁴⁴	kʰaŋ⁴⁴	kʰaŋ⁴⁴	kʰaŋ⁵²	kʰaŋ⁵²	kʰaŋ⁵²	
昂		ɣaŋ⁵²	ɣaŋ⁵²	ɣaŋ⁵²	ɣaŋ⁵²	ɣaŋ⁵²	ɣaŋ⁵²	ɣaŋ⁵²	ɣaŋ⁵²	
行	~银	xaŋ⁵²	xaŋ⁵²	xaŋ⁵²	xaŋ⁵²	xaŋ⁵²	xaŋ⁵²	xaŋ⁵²	xaŋ⁵²	
杭		xaŋ⁵²	xaŋ⁵²	xaŋ⁵²	xaŋ⁵²	xaŋ⁵²	xaŋ⁵²	xaŋ⁵²	xaŋ⁵²	
恶	~善	ɣɤ²⁴	ɣɤ²⁴	ɣɤ²⁴	ɣɤ²⁴	ɣɤ²⁴	ɣɤ²⁴	ɣɤ²⁴	ɣɤ²⁴	
娘		niaŋ⁵²	niaŋ²⁴	niaŋ⁵²	niaŋ⁵²/\nniaŋ²⁴	niaŋ²⁴	niaŋ⁵²	niaŋ⁵²	niaŋ⁵²	
酿		niaŋ⁴¹	niaŋ⁴¹	niaŋ⁴¹	niaŋ⁴¹	niaŋ⁴¹	niaŋ⁴¹	niaŋ⁴¹	niaŋ⁴¹	
略		luo²⁴	luo²⁴	luo²⁴	luo²⁴	luo²⁴	luo²⁴	luo²⁴	luo²⁴	
良		liaŋ⁵²	liaŋ⁵²	liaŋ⁵²	liaŋ⁵²	liaŋ⁵²	liaŋ⁵²	liaŋ⁵²	liaŋ⁵²	
量	~长短	liaŋ⁵²	liaŋ⁵²	liaŋ⁵²	liaŋ⁵²	liaŋ⁵²	liaŋ⁵²	liaŋ⁵²	liaŋ⁵²	
粮		liaŋ⁵²	liaŋ⁵²	liaŋ⁵²	liaŋ⁵²	liaŋ⁵²	liaŋ⁵²	liaŋ⁵²	liaŋ⁵²	
梁		liaŋ⁵²	liaŋ⁵²	liaŋ⁵²	liaŋ⁵²	liaŋ⁵²	liaŋ⁵²	liaŋ⁵²	liaŋ⁵²	
两		liaŋ⁴⁴	liaŋ⁴⁴	liaŋ⁴⁴	liaŋ⁴⁴	liaŋ⁴⁴	liaŋ⁴⁴	liaŋ⁴⁴	liaŋ⁴⁴	
亮		liaŋ⁴¹	liaŋ⁴¹	liaŋ⁴¹	liaŋ⁴¹	liaŋ⁴¹	liaŋ⁴¹	liaŋ⁴¹	liaŋ⁴¹	
谅		liaŋ⁴¹	liaŋ⁴¹	liaŋ⁴¹	liaŋ⁴¹	liaŋ⁴¹	liaŋ⁴¹	liaŋ⁴¹	liaŋ⁴¹	
辆		liaŋ⁴¹	liaŋ⁴¹	liaŋ⁴¹	liaŋ⁴¹	liaŋ⁴¹	liaŋ⁴¹	liaŋ⁴¹	liaŋ⁴¹	
晾		liaŋ⁴¹	liaŋ⁴¹	liaŋ⁴¹	liaŋ⁴¹	liaŋ⁴¹	liaŋ⁴¹	liaŋ⁴¹	liaŋ⁴¹	
将	~来	tsiaŋ²⁴	tsiaŋ²⁴	tsiaŋ²⁴	tsiaŋ²⁴	tsiaŋ²⁴	tsiaŋ²⁴	tsiaŋ²⁴	tsiaŋ²⁴	
奖		tsiaŋ⁴⁴	tsiaŋ⁴⁴	tsiaŋ⁴⁴	tsiaŋ⁴⁴	tsiaŋ⁴⁴	tsiaŋ⁴⁴	tsiaŋ⁴⁴	tsiaŋ⁴⁴	
托		tʰuo²⁴	tʰuo²⁴	tʰuo²⁴	tʰuo²⁴	tʰuo²⁴	tʰuo²⁴	tʰuo²⁴	tʰuo²⁴	
堂		tʰaŋ⁵²	tʰaŋ⁵²	tʰaŋ⁵²	tʰaŋ⁵²	tʰaŋ⁵²	tʰaŋ⁵²	tʰaŋ⁵²	tʰaŋ⁵²	
唐		tʰaŋ⁵²	tʰaŋ⁵²	tʰaŋ⁵²	tʰaŋ⁵²	tʰaŋ⁵²	tʰaŋ⁵²	tʰaŋ⁵²	tʰaŋ⁵²	
糖		tʰaŋ⁵²	tʰaŋ⁵²	tʰaŋ⁵²	tʰaŋ⁵²	tʰaŋ⁵²	tʰaŋ⁵²	tʰaŋ⁵²	tʰaŋ⁵²	
荡		taŋ⁴¹	taŋ⁴¹	taŋ⁴¹	taŋ⁴¹	taŋ⁴¹	taŋ⁴¹	taŋ⁴¹	taŋ⁴¹	
囊		naŋ⁵²	naŋ⁵²	naŋ⁵²	naŋ⁵²	naŋ⁵²	naŋ⁵²	naŋ⁵²	naŋ⁵²	
诺		nuo⁴²	nuo⁴⁴	nuo²⁴	nuo⁴⁴	nuo⁴¹	nuo⁴⁴	nuo⁴⁴	nuo⁴⁴	
廊		laŋ⁵²	laŋ⁵²	laŋ⁵²	laŋ⁵²	laŋ⁵²	laŋ⁴⁴	laŋ⁴⁴	laŋ⁴⁴	
狼		laŋ⁵²	laŋ⁵²	laŋ⁵²	laŋ⁵²	laŋ⁵²	laŋ⁵²	laŋ⁵²	laŋ⁵²	
朗		laŋ⁵²	laŋ⁵²	laŋ⁴⁴	laŋ⁴⁴	laŋ⁵²	laŋ⁵²	laŋ⁵²	laŋ⁵²	
浪		laŋ⁴¹	laŋ⁴¹	laŋ⁴¹	laŋ⁴¹	laŋ⁴¹	laŋ⁴¹	laŋ⁴¹	laŋ⁴¹	
落		luo²⁴	luo²⁴	luo²⁴	luo²⁴	luo²⁴	luo²⁴	luo²⁴	luo²⁴	
烙		luo²⁴	luo²⁴	luo²⁴	luo²⁴	luo²⁴	luo²⁴	luo²⁴	luo²⁴	
洛		luo²⁴	luo²⁴	luo²⁴	luo²⁴	luo²⁴	luo²⁴	luo²⁴	luo²⁴	
乐	~快	luo²⁴	luo²⁴	luo²⁴	luo²⁴	luo²⁴	luo²⁴	luo²⁴	luo²⁴	
脏		tsaŋ²⁴	tsaŋ²⁴	tsaŋ²⁴	tsaŋ²⁴	tsaŋ²⁴	tsaŋ²⁴	tsaŋ²⁴	tsaŋ²⁴	
葬		tsaŋ⁴¹	tsaŋ⁴¹	tsaŋ⁴¹	tsaŋ⁴¹	tsaŋ⁴¹	tsaŋ⁴¹	tsaŋ⁴¹	tsaŋ⁴¹	
仓		tsʰaŋ²⁴	tsʰaŋ²⁴	tsʰaŋ²⁴	tsʰaŋ²⁴	tsʰaŋ²⁴	tsʰaŋ²⁴	tsʰaŋ²⁴	tsʰaŋ²⁴	
错		tsʰuo⁴¹	tsʰuo⁴¹	tsʰuo⁴¹	tsʰuo⁴¹	tsʰuo⁴¹	tsʰuo⁴¹	tsʰuo⁴¹	tsʰuo⁴¹	
藏	~隐	tsʰaŋ⁵²	tsʰaŋ⁵²	tsʰaŋ⁵²	tsʰaŋ⁵²	tsʰaŋ⁵²	tsʰaŋ⁵²	tsʰaŋ⁵²	tsʰaŋ⁵²	
藏	~西	tsaŋ⁴¹	tsaŋ⁴¹	tsaŋ⁴¹	tsaŋ⁴¹	tsaŋ⁴¹	tsaŋ⁴¹	tsaŋ⁴¹	tsaŋ⁴¹	
昨		tsuo⁴⁴	tsuo⁴⁴	tsuo⁴⁴	tsuo⁴⁴	tsuo⁴⁴	tsuo⁴⁴	tsuo⁴⁴	tsuo⁴⁴	
丧	~礼	saŋ²⁴	saŋ²⁴	saŋ²⁴	saŋ²⁴	saŋ²⁴	saŋ²⁴	saŋ²⁴	saŋ²⁴	
丧	~失	saŋ⁴¹	saŋ⁴¹	saŋ⁴¹	saŋ⁴¹	saŋ⁴¹	saŋ⁴¹	saŋ⁴¹	saŋ⁴¹	
刚		tɕiaŋ²⁴	tɕiaŋ²⁴	tɕiaŋ²⁴	tɕiaŋ²⁴	tɕiaŋ²⁴	tɕiaŋ²⁴	tɕiaŋ²⁴	tɕiaŋ²⁴	
缸		kaŋ²⁴	kaŋ²⁴	kaŋ²⁴	kaŋ²⁴	kaŋ²⁴	kaŋ²⁴	kaŋ²⁴	kaŋ²⁴	
群		tɕʰyən⁵ ²	tɕʰyən⁵ ²	tɕʰyən⁵²	tɕʰyən⁵²	tɕʰyən⁵²	tɕʰyən⁵²	tɕʰyən⁵²	tɕʰyən⁵²	
裙		tɕʰyən⁵ ²	tɕʰyən⁵ ²	tɕʰyən⁵²	tɕʰyən⁵²	tɕʰyən⁵²	tɕʰyən⁵²	tɕʰyən⁵²	tɕʰyən⁵²	
掘		tɕyo⁵²	tɕyo⁵²	tɕyo⁵²	tɕyo⁵²	tɕyo⁵²	tɕyo⁵²	tɕyo⁵²	tɕyo⁵²	
熏		ɕyən²⁴	ɕyən²⁴	ɕyən²⁴	ɕyən²⁴	ɕyən²⁴	ɕyən²⁴	ɕyən²⁴	ɕyən²⁴	
训		ɕyən⁴¹	ɕyən⁴¹	ɕyən⁴¹	ɕyən⁴¹	ɕyən⁴¹	ɕyən⁴¹	ɕyən⁴¹	ɕyən⁴¹	
熨		yən⁴¹	yən⁴¹	yən⁴¹	yən⁴¹	yən⁴¹	yən⁴¹	yən⁴¹	yən⁴¹	
云		yən⁵²	yən⁵²	yən⁵²	yən⁵²	yən⁵²	yən⁵²	yən⁵²	yən⁵²	
芸		yən⁵²	yən⁵²	yən⁵²	yən⁵²	yən⁵²	yən⁵²	yən⁵²	yən⁵²	
运		yən⁴¹	yən⁴¹	yən⁴¹	yən⁴¹	yən⁴¹	yən⁴¹	yən⁴¹	yən⁴¹	
帮		paŋ²⁴	paŋ²⁴	paŋ²⁴	paŋ²⁴	paŋ²⁴	paŋ²⁴	paŋ²⁴	paŋ²⁴	
榜		paŋ⁴⁴	paŋ⁴⁴	paŋ⁴⁴	paŋ⁴⁴	paŋ⁴⁴	paŋ⁴⁴	paŋ⁴⁴	paŋ⁴⁴	
博		po²⁴	po²⁴	po²⁴	po²⁴	po²⁴	po²⁴	po²⁴	po²⁴	
旁		pʰaŋ⁵²	pʰaŋ⁵²	pʰaŋ⁵²	pʰaŋ⁵²	pʰaŋ⁵²	pʰaŋ⁵²	pʰaŋ⁵²	pʰaŋ⁵²	
螃		pʰaŋ⁵²	pʰaŋ⁵²	pʰaŋ⁵²	pʰaŋ⁵²	pʰaŋ⁵²	pʰaŋ⁵²	pʰaŋ⁵²	pʰaŋ⁵²	
薄		po⁵²	po⁵²	po⁵²	po⁵²	po⁵²	po⁵²	po⁵²	po⁵²	
忙		maŋ⁵²	maŋ⁵²	maŋ⁵²	maŋ⁵²	maŋ⁵²	maŋ⁵²	maŋ⁵²	maŋ⁵²	
芒		maŋ⁵²	maŋ⁵²	maŋ⁵²	maŋ⁵²	maŋ⁵²	maŋ⁵²	maŋ⁵²	maŋ⁵²	
寞		mo⁵²	mo⁵²	mo²⁴	mo⁵²	mo⁵²	mo⁵²	mo⁵²	mo⁵²	
摸		mo²⁴	mo²⁴	mo²⁴	mo²⁴	mo²⁴	mo²⁴	mo²⁴	mo²⁴	
当		taŋ²⁴	taŋ²⁴	taŋ²⁴	taŋ²⁴	taŋ²⁴	taŋ²⁴	taŋ²⁴	taŋ²⁴	
挡		taŋ⁴⁴	taŋ⁴⁴	taŋ⁴⁴	taŋ⁴⁴	taŋ⁴⁴	taŋ⁴⁴	taŋ⁴⁴	taŋ⁴⁴	
汤		tʰaŋ²⁴	tʰaŋ²⁴	tʰaŋ²⁴	tʰaŋ²⁴	tʰaŋ²⁴	tʰaŋ²⁴	tʰaŋ²⁴	tʰaŋ²⁴	
躺		tʰaŋ⁴⁴	tʰaŋ⁴⁴	tʰaŋ⁴⁴	tʰaŋ⁴⁴	tʰaŋ⁴⁴	tʰaŋ⁴⁴	tʰaŋ⁴⁴	tʰaŋ⁴⁴	
烫		tʰaŋ⁴¹	tʰaŋ⁴¹	tʰaŋ⁴¹	tʰaŋ⁴¹	tʰaŋ⁴¹	tʰaŋ⁴¹	tʰaŋ⁴¹	tʰaŋ⁴¹	
趟		tʰaŋ⁴¹	tʰaŋ⁴¹	tʰaŋ⁴¹	tʰaŋ⁴¹	tʰaŋ⁴¹	tʰaŋ⁴¹	tʰaŋ⁴¹	tʰaŋ⁴¹	
纯		tʂʰuən⁵²	tʂʰuən⁵ ²	tʂʰuən⁵²	tʂʰuən⁵²	tʂʰuən⁵²	tʂʰuən⁵²	tʂʰuən⁵²	tʂʰuən⁵²	
润		yən⁴¹	yən⁴¹	yən⁴¹	yən⁴¹	yən⁴¹	yən⁴¹	yən⁴¹	yən⁴¹	
闰		yən⁴¹	yən⁴¹	yən⁴¹	yən⁴¹	yən⁴¹	yən⁴¹	yən⁴¹	yən⁴¹	
均		tɕyən²⁴	tɕyən²⁴	tɕyən²⁴	tɕyən²⁴	tɕyən²⁴	tɕyən²⁴	tɕyən²⁴	tɕyən²⁴	
橘		tɕy²⁴	tɕy²⁴	tɕy²⁴	tɕy²⁴	tɕy²⁴	tɕy²⁴	tɕy²⁴	tɕy²⁴	
菌		tɕyən⁴⁴	tɕyən⁴⁴	tɕyən⁴⁴	tɕyən⁴⁴	tɕyən⁴⁴	tɕyən⁴⁴	tɕyən⁴⁴	tɕyən⁴⁴	
匀		yən⁵²	yən⁵²	yən⁵²	yən⁵²	yən⁵²	yən⁵²	yən⁵²	yən⁵²	
允		yən⁴⁴	yən⁴⁴	yən⁴⁴	yən⁴⁴	yən⁴⁴	yən⁴⁴	yən⁴⁴	yən⁴⁴	
分		fən²⁴	fən²⁴	fən²⁴	fən²⁴	fən²⁴	fən²⁴	fən²⁴	fən²⁴	
坟		fən⁵²	fən⁵²	fən⁵²	fən⁵²	fən⁵²	fən⁵²	fən⁵²	fən⁵²	
氛		fən⁴¹	fən⁴¹	fən⁴¹	fən⁴¹	fən⁴¹	fən⁴¹	fən⁴¹	fən⁴⁴	
粉		fən⁴⁴	fən⁴⁴	fən⁴⁴	fən⁴⁴	fən⁴⁴	fən⁴⁴	fən⁴⁴	fən⁴⁴	
粪		fən⁴¹	fən⁴¹	fən⁴¹	fən⁴¹	fən⁴¹	fən⁴¹	fən⁴¹	fən⁴¹	
芬		fən⁴⁴	fən⁴⁴	fən⁴⁴	fən⁴⁴	fən⁴⁴	fən⁴⁴	fən⁴⁴	fən⁴⁴	
份		fən⁴¹	fən⁴¹	fən⁴¹	fən⁴¹	fən⁴¹	fən⁴¹	fən⁴¹	fən⁴¹	
佛		fu⁵²	fu⁵²	fo⁵²	fo⁵²	fo⁵²	fo⁵²	fo⁵²	fo⁵²	
文		uən⁵²	uən⁵²	uən⁵²	uən⁵²	uən⁵²	uən⁵²	uən⁵²	uən⁵²	
蚊		uən⁵²	uən⁵²	uən⁵²	uən⁵²	uən⁵²	uən⁵²	uən⁵²	uən⁵²	
闻		uən⁵²	uən⁵²	uən⁵²	uən⁵²	uən⁵²	uən⁵²	uən⁵²	uən⁵²	
吻		uən⁴⁴	uən⁴⁴	uən²⁴	uən⁴⁴	uən⁴⁴	uən⁵²	uən⁵²	uən⁵²	
问		uən⁴¹	uən⁴¹	uən⁴¹	uən⁴¹	uən⁴¹	uən⁴¹	uən⁴¹	uən⁴¹	
璺	~裂	uən⁴¹	uən⁴¹	uən⁴¹	uən⁴¹	uən⁴¹	uən⁴¹	uən⁴¹	uən⁴¹	
物		u²⁴	u²⁴	u²⁴	u²⁴	u²⁴	u²⁴	u²⁴	u²⁴	
君		tɕyən²⁴	tɕyən²⁴	tɕyən²⁴	tɕyən²⁴	tɕyən²⁴	tɕyən²⁴	tɕyən²⁴	tɕyən²⁴	
军		tɕyən²⁴	tɕyən²⁴	tɕyən²⁴	tɕyən²⁴	tɕyən²⁴	tɕyən²⁴	tɕyən²⁴	tɕyən²⁴	
屈		tɕʰy²⁴	tɕʰy²⁴	tɕʰy²⁴	tɕʰy²⁴	tɕʰy²⁴	tɕʰy²⁴	tɕʰy²⁴	tɕʰy²⁴	
浑		xuən⁵²	xuən⁵²	xuən⁵²	xuən⁵²	xuən⁵²	xuən⁵²	xuən⁵²	xuən⁵²	
捆		kʰuən⁴⁴	kʰuən⁴\n⁴	kʰuən⁴⁴	kʰuən⁴⁴	kʰuən⁴⁴	kʰuən⁴⁴	kʰuən⁴⁴	kʰuən⁴⁴	
核		xɛ⁵²	xɛ⁵²	xɛ⁵²	xɛ⁵²	xɛ⁵²	xə⁵²	xə⁵²	xə⁵²	
温		uən²⁴	uən²⁴	uən²⁴	uən²⁴	uən²⁴	uən²⁴	uən²⁴	uən²⁴	
稳		uən⁴⁴	uən⁴⁴	uən⁴⁴	uən⁴⁴	uən⁴⁴	uən⁴⁴	uən⁴⁴	uən⁴⁴	
轮		luən⁵²	luən⁵²	luən⁵²	luən⁵²	luən⁵²	luən⁵²	luən⁵²	luən⁵²	
律		ly²⁴	ly²⁴	ly²⁴	ly²⁴	ly²⁴	ly²⁴	ly²⁴	ly²⁴	
遵		tsuən²⁴	tsuən²⁴	tsuən²⁴	tsuən²⁴	tsuən²⁴	tsuən²⁴	tsuən²⁴	tsuən²⁴	
俊		tsuən⁴¹	tsuən⁴¹	tsuən⁴¹	tsuən⁴¹	tsuən⁴¹	tsuən⁴¹	tsuən⁴¹	tsuən⁴¹	
皴		tsʰuən²⁴	tsʰuən²⁴	tsʰuən²⁴	tsʰuən²⁴	tsʰuən²⁴	tsʰuən²⁴	tsʰuən²⁴	tsʰuən²⁴	
荀	~瓜	suən⁴⁴	suən⁴⁴	suən⁴⁴	suən⁴⁴	suən⁴⁴	suən⁴⁴	suən⁴⁴	suən⁴⁴	
旬		suən⁵²	suən⁵²	suən⁵²	suən⁵²	suən⁵²	suən⁵²	suən⁵²	suən⁵²	
殉		suən²⁴	suən²⁴	suən²⁴	suən²⁴	suən²⁴	suən⁴¹	suən⁴¹	suən⁴¹	
椿		tʂʰuən²⁴	tʂʰuən²⁴	tʂʰuən²⁴	tʂʰuən²⁴	tʂʰuən²⁴	tʂʰuən²⁴	tʂʰuən²⁴	tʂʰuən²⁴	
术		fu⁵²	fu⁴¹	fu⁵²	fu⁵²	fu⁴¹	fu⁵²	fu⁵²	fu⁵²	
准		tʂuən⁴⁴	tʂuən⁴⁴	tʂuən⁴⁴	tʂuən⁴⁴	tʂuən⁴⁴	tʂuən⁴⁴	tʂuən⁴⁴	tʂuən⁴⁴	
春		tʂʰuən²⁴	tʂʰuən²⁴	tʂʰuən²⁴	tʂʰuən²⁴	tʂʰuən²⁴	tʂʰuən²⁴	tʂʰuən²⁴	tʂʰuən²⁴	
蠢		tʂʰuən⁴⁴	tʂʰuən⁵ ²	tʂʰuən⁴⁴	tʂʰuən⁴⁴	tʂʰuən⁴⁴	tʂʰuən⁴⁴	tʂʰuən⁴⁴	tʂʰuən⁴⁴	
出		tʂʰu²⁴	tʂʰu²⁴	tʂʰu²⁴	tʂʰu²⁴	tʂʰu²⁴	tʂʰu²⁴	tʂʰu²⁴	tʂʰu²⁴	
唇		tʂʰuən⁵²	tʂʰuən⁵ ²	tʂʰuən⁵²	tʂʰuən⁵²	tʂʰuən⁵²	tʂʰuən⁵²	tʂʰuən⁵²	tʂʰuən⁵²	
顺		fən⁴¹	fən⁴¹	fən⁴¹	fən⁴¹	fən⁴¹	fən⁴¹	fən⁴¹	fən⁴¹	
突		tʰu²⁴	tʰu²⁴	tʰu²⁴	tʰu²⁴	tʰu²⁴	tʰu²⁴	tʰu²⁴	tʰu²⁴	
凸		tʰu²⁴	tʰu²⁴	tʰu²⁴	kaŋ⁴⁴	tʰu²⁴/kaŋ⁴\n⁴	tʰu²⁴/kaŋ⁴\n⁴	tʰu²⁴/kaŋ\n⁴⁴	tʰu²⁴	
嫩		luən⁴¹	luən⁴¹	luən⁴¹	luən⁴¹	luən⁴¹	luən⁴¹	luən⁴¹	luən⁴¹	
论		luən⁴¹	luən⁴¹	luən⁴¹	luən⁴¹	luən⁴¹	luən⁴¹	luən⁴¹	luən⁴¹	
尊		tsuən²⁴	tsuən²⁴	tsuən²⁴	tsuən²⁴	tsuən²⁴	tsuən²⁴	tsuən²⁴	tsuən²⁴	
村		tsʰuən²⁴	tsʰuən²⁴	tsʰuən²⁴	tsʰuən²⁴	tsʰuən²⁴	tsʰuən²⁴	tsʰuən²⁴	tsʰuən²⁴	
寸		tsʰuən⁴¹	tsʰuən⁴\n¹	tsʰuən⁴¹	tsʰuən⁴¹	tsʰuən⁴¹	tsʰuən⁴¹	tsʰuən⁴¹	tsʰuən⁴¹	
存		tsʰuən⁵²	tsʰuən⁵ ²	tsʰuən⁵²	tsʰuən⁵²	tsʰuən⁵²	tsʰuən⁵²	tsʰuən⁵²	tsʰuən⁵²	
蹲		tuən²⁴	tuən²⁴	tuən²⁴	tuən²⁴	tuən²⁴	tuən²⁴	tuən²⁴	tuən²⁴	
孙		suən²⁴	suən²⁴	suən²⁴	suən²⁴	suən²⁴	suən²⁴	suən²⁴	suən²⁴	
损		suən⁴⁴	suən⁴⁴	suən⁴⁴	suən⁴⁴	suən⁴⁴	suən⁴⁴	suən⁴⁴	suən⁴⁴	
昆		kʰuən²⁴	kʰuən²⁴	kʰuən²⁴	kʰuən²⁴	kʰuən²⁴	kʰuən²⁴	kʰuən²⁴	kʰuən²⁴	
滚		kuən⁴⁴	kuən⁴⁴	kuən⁴⁴	kuən⁴⁴	kuən⁴⁴	kuən⁴⁴	kuən⁴⁴	kuən⁴⁴	
棍		kuən⁴¹	kuən⁴¹	kuən⁴¹	kuən⁴¹	kuən⁴¹	kuən⁴¹	kuən⁴¹	kuən⁴¹	
骨		ku²⁴	ku²⁴	ku²⁴	ku²⁴	ku²⁴	ku²⁴	ku²⁴	ku²⁴	
困		kʰuən⁴¹	kʰuən⁴\n¹	kʰuən⁴¹	kʰuən⁴¹	kʰuən⁴¹	kʰuən⁴¹	kʰuən⁴¹	kʰuən⁴¹	
窟		kʰuŋ²⁴	kʰuŋ²⁴	kʰuŋ²⁴	kʰuŋ²⁴	kʰuŋ²⁴	kʰuŋ²⁴	kʰuŋ²⁴	kʰuŋ²⁴	
婚		xuən²⁴	xuən²⁴	xuən²⁴	xuən²⁴	xuən²⁴	xuən²⁴	xuən²⁴	xuən²⁴	
忽		xu²⁴	xu²⁴	xu²⁴	xu²⁴	xu²⁴	xu²⁴	xu²⁴	xu²⁴	
魂		xuən⁵²	xuən⁵²	xuən⁵²	xuən⁵²	xuən⁵²	xuən⁵²	xuən⁵²	xuən⁵²	
馄		xuən⁵²	xuən⁵²	xuən⁵²	xuən⁵²	xuən⁵²	xuən⁵²	xuən⁵²	xuən⁵²	
印		in⁴¹	in⁴¹	in⁴¹	in⁴¹	in⁴¹	in⁴¹	in⁴¹	in⁴¹	
一		i²⁴	i²⁴	i²⁴	i²⁴	i²⁴	i²⁴	i²⁴	i²⁴	
引		in⁴⁴	in⁴⁴	in⁴⁴	in⁴⁴	in⁴⁴	in⁴⁴	in⁴⁴	in⁴⁴	
斤		tɕin²⁴	tɕin²⁴	tɕin²⁴	tɕin²⁴	tɕin²⁴	tɕin²⁴	tɕin²⁴	tɕin²⁴	
筋		tɕin²⁴	tɕin²⁴	tɕin²⁴	tɕin²⁴	tɕin²⁴	tɕin²⁴	tɕin²⁴	tɕin²⁴	
劲		tɕin⁴¹	tɕin⁴¹	tɕin⁴¹	tɕin⁴¹	tɕin⁴¹	tɕin⁴¹	tɕin⁴¹	tɕin⁴¹	
靳		tɕin⁴¹	tɕin⁴¹	tɕin⁴¹	tɕin⁴¹	tɕin⁴¹	tɕin⁴¹	tɕin⁴¹	tɕin⁴¹	
乞		tɕʰi²⁴	tɕʰi²⁴	tɕʰi²⁴	tɕʰi²⁴	tɕʰi⁴⁴	tɕʰi²⁴	tɕʰi²⁴	tɕʰi²⁴	
勤		tɕʰin⁵²	tɕʰin⁵²	tɕʰin⁵²	tɕʰin⁵²	tɕʰin⁵²	tɕʰin⁵²	tɕʰin⁵²	tɕʰin⁵²	
芹		tɕʰin⁵²	tɕʰin⁵²	tɕʰin⁵²	tɕʰin⁵²	tɕʰin⁵²	tɕʰin⁵²	tɕʰin⁵²	tɕʰin⁵²	
近		tɕin⁴¹	tɕin⁴¹	tɕin⁴¹	tɕin⁴¹	tɕin⁴¹	tɕin⁴¹	tɕin⁴¹	tɕin⁴¹	
欣		ɕin²⁴	ɕin²⁴	ɕin²⁴	ɕin²⁴	ɕin²⁴	ɕin²⁴	ɕin²⁴	ɕin²⁴	
隐		in²⁴	in²⁴	in²⁴	in²⁴	in²⁴	in²⁴	in²⁴	in²⁴	
奔		pən²⁴	pən²⁴	pən²⁴	pən²⁴	pən²⁴	pən²⁴	pən²⁴	pən²⁴	
本		pən⁴⁴	pən⁴⁴	pən⁴⁴	pən⁴⁴	pən⁴⁴	pən⁴⁴	pən⁴⁴	pən⁴⁴	
不		pu²⁴	pu²⁴	pu²⁴	pu²⁴	pu²⁴	pu²⁴	pu²⁴	pu²⁴	
喷		pʰən²⁴	pʰən²⁴	pʰən²⁴	pʰən²⁴	pʰən²⁴	pʰən²⁴	pʰən²⁴	pʰən²⁴	
盆		pʰən²⁴	pʰən²⁴	pʰən²⁴	pʰən²⁴	pʰən²⁴	pʰən²⁴	pʰən²⁴	pʰən²⁴	
笨		pən⁴¹	pən⁴¹	pən⁴¹	pən⁴¹	pən⁴¹	pən⁴¹	pən⁴¹	pən⁴¹	
脖		po⁵²	po⁵²	po⁵²	po⁵²	po⁵²	po⁵²	po⁵²	po⁵²	
门		mən⁵²	mən⁵²	mən⁵²	mən⁵²	mən⁵²	mən⁵²	mən⁵²	mən⁵²	
闷		mən²⁴	mən²⁴	mən²⁴	mən²⁴	mən²⁴	mən²⁴	mən²⁴	mən²⁴	
墩		tuən²⁴	tuən²⁴	tuən²⁴	tuən²⁴	tuən²⁴	tuən²⁴	tuən²⁴	tuən²⁴	
顿		tuən⁴¹	tuən⁴¹	tuən⁴¹	tuən⁴¹	tuən⁴¹	tuən⁴¹	tuən⁴¹	tuən⁴¹	
褪		tʰuei⁴¹	tʰuei⁴¹	tʰuei⁴¹	tʰuei⁴¹	tʰuei⁴¹	tʰuei⁴¹	tʰuei⁴¹	tʰuei⁴¹	
饨		tuən⁴¹	tuən⁴¹	tuən⁴¹	tuən⁴¹	tuən⁴¹	tuən⁴¹	tuən⁴¹	tuən⁴¹	
盾		tuən⁴¹	tuən⁴¹	tuən⁴¹	tuən⁴¹	tuən⁴¹	tuən⁴¹	tuən⁴¹	tuən⁴¹	
衬		tsʰən⁴¹	tsʰən⁴¹	tsʰən⁴¹	tsʰən⁴¹	tsʰən⁴¹	tʂʰən⁴¹	tʂʰən⁴¹	tʂʰən⁴¹	
瑟		sei²⁴	sei²⁴	sei²⁴	sei²⁴	sei²⁴				
蝨		sɿ²⁴	sɿ²⁴	sɿ²⁴	sɿ²⁴	sɿ²⁴	sɿ²⁴	sɿ²⁴	sɿ²⁴	
真		tʂən²⁴	tʂən²⁴	tʂən²⁴	tʂən²⁴	tʂən²⁴	tʂən²⁴	tʂən²⁴	tʂən²⁴	
疹		tʂən⁴⁴	tʂən⁴⁴	tʂən⁴⁴	tʂən⁴⁴	tʂən⁴⁴	tʂən⁴⁴	tʂən⁴⁴	tʂən⁴⁴	
震		tʂən⁴¹	tʂən⁴¹	tʂən⁴¹	tʂən⁴¹	tʂən⁴¹	tʂən⁴¹	tʂən⁴¹	tʂən⁴¹	
质		tʂʅ²⁴	tʂʅ²⁴	tʂʅ²⁴	tʂʅ²⁴	tʂʅ²⁴	tʂʅ²⁴	tʂʅ²⁴	tʂʅ²⁴	
神		ʂən⁵²	ʂən⁵²	ʂən⁵²	ʂən⁵²	ʂən⁵²	ʂən⁵²	ʂən⁵²	ʂən⁵²	
实		tʂʅ⁵²	tʂʅ⁵²	tʂʅ⁵²	tʂʅ⁵²	tʂʅ⁵²	tʂʅ⁵²	tʂʅ⁵²	tʂʅ⁵²	
身		ʂən²⁴	ʂən²⁴	ʂən²⁴	ʂən²⁴	ʂən²⁴	ʂən²⁴	ʂən²⁴	ʂən²⁴	
伸		tʂʰən²⁴	tʂʰən²⁴	tʂʰən²⁴	tʂʰən²⁴	tʂʰən²⁴	tʂʰən²⁴	tʂʰən²⁴	tʂʰən²⁴	
失		tʂʅ²⁴	tʂʅ²⁴	tʂʅ²⁴	tʂʅ²⁴	tʂʅ²⁴	tʂʅ²⁴	tʂʅ²⁴	tʂʅ²⁴	
室		tʂʅ²⁴	tʂʅ²⁴	tʂʅ²⁴	tʂʅ²⁴	tʂʅ²⁴	tʂʅ²⁴	tʂʅ²⁴	tʂʅ²⁴	
晨		tʂʰən⁵²	tʂʰən⁵²	tʂʰən⁵²	tʂʰən⁵²	tʂʰən⁵²	tʂʰən⁵²	tʂʰən⁵²	tʂʰən⁵²	
肾		ʂən⁴¹	ʂən⁴¹	ʂən⁴¹	ʂən⁴¹	ʂən⁴¹	ʂən⁴¹	ʂən⁴¹	ʂən⁴¹	
人		ʐən⁵²	ʐən⁵²	zən⁵²	zən⁵²	zən⁵²	ʐən⁵²	ʐən⁵²	ʐən⁵²	
仁		ʐən⁵²	ʐən⁵²	zən⁵²	zən⁵²	ʐən⁵²	ʐən⁵²	ʐən⁵²	ʐən⁵²	
忍		ʐən⁴⁴	ʐən⁴⁴	zən⁴⁴	zən⁴⁴	ʐən⁴⁴	ʐən⁴⁴	ʐən⁴⁴	ʐən⁴⁴	
认		ʐən⁴¹	ʐən⁴¹	zən⁴¹	zən⁴¹	ʐən⁴¹	ʐən⁴¹	ʐən⁴¹	ʐən⁴¹	
刃		in⁴¹	in⁴¹	in⁴¹	in⁴¹	in⁴¹	in⁴¹	in⁴¹	in⁴¹	
日		ʐʅ²⁴	ʐʅ²⁴	ʐʅ²⁴	ʐʅ²⁴	ʐʅ²⁴	ʐʅ²⁴	ʐʅ²⁴	ʐʅ²⁴	
巾		tɕin²⁴	tɕin²⁴	tɕin²⁴	tɕin²⁴	tɕin²⁴	tɕin²⁴	tɕin²⁴	tɕin²⁴	
紧		tɕin⁴⁴	tɕin⁴⁴	tɕin⁴⁴	tɕin⁴⁴	tɕin⁴⁴	tɕin⁴⁴	tɕin⁴⁴	tɕin⁴⁴	
吉		tɕi²⁴	tɕi²⁴	tɕi²⁴	tɕi²⁴	tɕi²⁴	tɕi²⁴	tɕi²⁴	tɕi²⁴	
银		in⁵²	in⁵²	in⁵²	in⁵²	in⁵²	in⁵²	in⁵²	in⁵²	
因		in²⁴	in²⁴	in²⁴	in²⁴	in²⁴	in²⁴	in²⁴	in²⁴	
姻		in²⁴	in²⁴	in²⁴	in²⁴	in²⁴	in²⁴	in²⁴	in²⁴	
匹		pʰi⁵²	pʰi⁵²	pʰi⁵²	pʰi⁵²	pʰi⁵²	pʰi⁵²	pʰi⁵²	pʰi⁵²	
贫		pʰin⁵²	pʰin⁵²	pʰin⁵²	pʰin⁵²	pʰin⁵²	pʰin⁵²	pʰin⁵²	pʰin⁵²	
频		pʰin⁴⁴	pʰin⁴⁴	pʰin⁴⁴	pʰin⁴⁴	pʰin⁴⁴	pʰin⁴⁴	pʰin⁴⁴	pʰin⁴⁴	
弼		pi⁴¹	pi⁴¹	pi⁴¹	pi⁴¹	pi⁴¹	pi⁴¹	pi⁴¹	pi⁴¹	
民		min⁵²	min⁵²	min⁵²	min⁵²	min⁵²	min⁵²	min⁵²	min⁵²	
敏		min⁴⁴	min⁴⁴	min⁴⁴	min⁴⁴	min⁴⁴	min⁴⁴	min⁴⁴	min⁴⁴	
密		mi²⁴	mi²⁴	mi²⁴	mi²⁴	mi²⁴	mi²⁴	mi²⁴	mi²⁴	
蜜		mi²⁴	mi²⁴	mi²⁴	mi²⁴	mi²⁴	mi²⁴	mi²⁴	mi²⁴	
麟		lin⁵²	lin⁵²	lin⁵²	lin⁵²	lin⁵²	lin⁵²	lin⁵²	lin⁵²	
栗		li²⁴	li⁴¹	li²⁴	li²⁴	li⁴¹	li²⁴	li²⁴	li²⁴	
津		tsin⁴⁴	tsin⁴⁴	tɕin⁴⁴	tɕin⁴⁴	tsin⁴⁴	tɕin⁴⁴	tɕin⁴⁴	tɕin⁴⁴	
进		tsin⁴¹	tsin⁴¹	tɕin⁴¹	tɕin⁴¹	tsin⁴¹	tɕin⁴¹	tɕin⁴¹	tɕin⁴¹	
亲		tsʰin²⁴	tsʰin²⁴	tsʰin²⁴	tsʰin²⁴	tsʰin²⁴	tsʰin²⁴	tsʰin²⁴	tsʰin²⁴	
亲	~家	tsʰin⁴¹	tsʰiŋ⁴¹	tsʰin⁴¹	tsʰin⁴¹	tsʰin⁴¹	tsʰiŋ⁴¹	tsʰiŋ⁴¹	tsʰiŋ⁴¹	
七		tsʰi²⁴	tsʰi²⁴	tsʰi²⁴	tsʰi²⁴	tsʰi²⁴	tsʰi²⁴	tsʰi²⁴	tsʰi²⁴	
漆		tsʰi²⁴	tsʰi²⁴	tsʰi²⁴	tsʰi²⁴	tsʰi²⁴	tsʰi²⁴	tsʰi²⁴	tsʰi²⁴	
秦		tsʰin⁵²	tsʰin⁵²	tsʰin⁵²	tsʰin⁵²	tsʰin⁵²	tsʰin⁵²	tsʰin⁵²	tsʰin⁵²	
尽		tsin⁴¹	tsin⁴¹	tsin⁴¹	tsin⁴¹	tsin⁴¹	tsin⁴¹	tsin⁴¹	tsin⁴¹	
辛		sin²⁴	sin²⁴	sin²⁴	sin²⁴	sin²⁴	sin²⁴	sin²⁴	sin²⁴	
新		sin²⁴	sin²⁴	sin²⁴	sin²⁴	sin²⁴	sin²⁴	sin²⁴	sin²⁴	
信		sin⁴¹	sin⁴¹	sin⁴¹	sin⁴¹	sin⁴¹	sin⁴¹	sin⁴¹	sin⁴¹	
悉		ɕi²⁴	ɕi²⁴	ɕi²⁴	ɕi²⁴	ɕi²⁴	ɕi²⁴	ɕi²⁴	ɕi²⁴	
珍		tʂən²⁴	tʂən⁴⁴	tʂən²⁴	tʂən⁴⁴	tʂən⁴⁴	tʂən⁴⁴	tʂən⁴⁴	tʂən⁴⁴	
镇		tʂən⁴¹	tʂən⁴¹	tʂən⁴¹	tʂən⁴¹	tʂən⁴¹	tʂən⁴¹	tʂən⁴¹	tʂən⁴¹	
趁		tʂʰən⁴¹	tʂʰən⁴¹	tʂʰən⁴¹	tʂʰən⁴¹	tʂʰən⁴¹	tʂʰən⁴¹	tʂʰən⁴¹	tʂʰən⁴¹	
陈		tʂʰən⁵²	tʂʰən⁵²	tʂʰən⁵²	tʂʰən⁵²	tʂʰən⁵²	tʂʰən⁵²	tʂʰən⁵²	tʂʰən⁵²	
阵		tʂən⁴¹	tʂən⁴¹	tʂən⁴¹	tʂən⁴¹	tʂən⁴¹	tʂən⁴¹	tʂən⁴¹	tʂən⁴¹	
原		yan⁵²	yan⁵²	yan⁵²	yan⁵²	yan⁵²	yan⁵²	yan⁵²	yan⁵²	
愿		yan⁴¹	yan⁴¹	yan⁴¹	yan⁴¹	yan⁴¹	yan⁴¹	yan⁴¹	yan⁴¹	
月		yo²⁴	yo²⁴	yo²⁴	yo²⁴	yo²⁴	yo²⁴	yo²⁴	yo²⁴	
冤		yan²⁴	yan²⁴	yan²⁴	yan²⁴	yan²⁴	yan²⁴	yan²⁴	yan²⁴	
怨		yan⁴¹	yan⁴¹	yan⁴¹	yan⁴¹	yan⁴¹	yan⁴¹	yan⁴¹	yan⁴¹	
哕		yo⁴⁴	yo⁴⁴	yo⁴⁴	yo⁴⁴	yo⁴⁴	yo⁴⁴	yo⁴⁴	yo⁴⁴	
袁		yan⁵²	yan⁵²	yan⁵²	yan⁵²	yan⁵²	yan⁵²	yan⁵²	yan⁵²	
远		yan⁴⁴	yan⁴⁴	yan⁴⁴	yan⁴⁴	yan⁴⁴	yan⁴⁴	yan⁴⁴	yan⁴⁴	
越		yo²⁴	yo²⁴	yo²⁴	yo²⁴	yo²⁴	yo²⁴	yo²⁴	yo²⁴	
决		tɕyo²⁴	tɕyo²⁴	tɕyo²⁴	tɕyo²⁴	tɕyo²⁴	tɕyo²⁴	tɕyo²⁴	tɕyo²⁴	
犬		tɕʰyan⁴\n⁴	tɕʰyan⁴\n⁴	tɕʰyan⁴⁴	tɕʰyan⁴⁴	tɕʰyan⁴⁴	tɕʰyan⁴⁴	tɕʰyan⁴⁴	tɕʰyan⁴⁴	
缺		tɕʰyo²⁴	tɕʰyo²⁴	tɕʰyo²⁴	tɕʰyo²⁴	tɕʰyo²⁴	tɕʰyo²⁴	tɕʰyo²⁴	tɕʰyo²⁴	
血		ɕiɛ²⁴	ɕiɛ²⁴	ɕiɛ²⁴	ɕiɛ²⁴	ɕiɛ²⁴	ɕiɛ²⁴	ɕiɛ²⁴	ɕiɛ²⁴	
玄		ɕyan⁵²	ɕyan⁵²	ɕyan⁵²	ɕyan⁵²	ɕyan⁵²	ɕyan⁵²	ɕyan⁵²	ɕyan⁵²	
悬		ɕyan⁵²	ɕyan⁵²	ɕyan⁵²	ɕyan⁵²	ɕyan⁵²	ɕyan⁵²	ɕyan⁵²	ɕyan⁵²	
吞		tʰuən²⁴	tʰuən²⁴	tʰuən²⁴	tʰuən²⁴	tʰuən²⁴	tʰuən²⁴	tʰuən²⁴	tʰuən²⁴	
跟		kən²⁴	kən²⁴	kən²⁴	kən²⁴	kən²⁴	kən²⁴	kən²⁴	kən²⁴	
根		kən²⁴	kən²⁴	kən²⁴	kən²⁴	kən²⁴	kən²⁴	kən²⁴	kən²⁴	
痕		xən⁴¹	xən⁴¹	xən⁵²	xən⁵²	xən⁴¹	xən⁴¹	xən⁴¹	xən⁴¹	
很		xən⁴⁴	xən⁴⁴	xən⁴⁴	xən⁴⁴	xən⁴⁴	xən⁴⁴	xən⁴⁴	xən⁴⁴	
恨		xən⁴¹	xən⁴¹	xən⁴¹	xən⁴¹	xən⁴¹	xən⁴¹	xən⁴¹	xən⁴¹	
恩		ɣən²⁴	ɣən²⁴	ɣən²⁴	ɣən²⁴	ɣən²⁴	ɣən²⁴	ɣən²⁴	ɣən²⁴	
斌		pin²⁴	pin²⁴	pin²⁴	pin²⁴	pin²⁴	pin²⁴	pin²⁴	pin²⁴	
笔		pei²⁴	pei²⁴	pei²⁴	pei²⁴	pei²⁴	pei²⁴	pei²⁴	pei²⁴	
毕		pi⁵¹	pi⁵¹	pi⁵¹	pi⁵¹	pi⁵¹	pi⁵¹	pi⁵¹	pi⁵¹	
必		pi⁴⁴	pi⁴⁴	pi⁴¹	pi⁴¹	pi⁴¹	pi⁴⁴	pi⁴⁴	pi⁴⁴	
拳		tɕʰyan⁵²	tɕʰyan⁵²	tɕʰyan⁵²	tɕʰyan⁵²	tɕʰyan⁵²	tɕʰyan⁵²	tɕʰyan⁵²	tɕʰyan⁵²	
权		tɕʰyan⁴⁴	tɕʰyan⁴⁴	tɕʰyan⁴⁴	tɕʰyan⁴⁴	tɕʰyan⁴⁴	tɕʰyan⁵²	tɕʰyan⁵²	tɕʰyan⁵²	
圈	~猪	tɕyan⁴¹	tɕyan⁴¹	tɕyan⁴¹	tɕyan⁴¹	tɕyan⁴¹	tɕyan⁴¹	tɕyan⁴¹	tɕyan⁴¹	
圆		yan⁵²	yan⁵²	yan⁵²	yan⁵²	yan⁵²	yan⁵²	yan⁵²	yan⁵²	
院		yan⁴¹	yan⁴¹	yan⁴¹	yan⁴¹	yan⁴¹	yan⁴¹	yan⁴¹	yan⁴¹	
沿		ian⁵²	ian⁵²	ian⁵²	ian⁵²	ian⁵²	ian⁵²	ian⁵²	ian⁵²	
铅		tɕʰian²⁴	tɕʰian²⁴	tɕʰian²⁴	tɕʰian²⁴	tɕʰian²⁴	tɕʰian²⁴	tɕʰian²⁴	tɕʰian²⁴	
捐		tɕyan²⁴	tɕyan²⁴	tɕyan²⁴	tɕyan²⁴	tɕyan²⁴	tɕyan²⁴	tɕyan²⁴	tɕyan²⁴	
悦		yo²⁴	yo²⁴	yo²⁴	yo²⁴	yo²⁴	yo²⁴	yo²⁴	yo²⁴	
阅		yo²⁴	yo²⁴	yo²⁴	yo²⁴	yo²⁴	yo²⁴	yo²⁴	yo²⁴	
反		fan⁴⁴	fan⁴⁴	fan⁴⁴	fan⁴⁴	fan⁴⁴	fan⁴⁴	fan⁴⁴	fan⁴⁴	
贩		fan⁴¹	fan⁴¹	fan⁴¹	fan⁴¹	fan⁴¹	fan⁴¹	fan⁴¹	fan⁴¹	
发		fa²⁴	fa²⁴	fa²⁴	fa²⁴	fa²⁴	fa²⁴	fa²⁴	fa²⁴	
翻		fan²⁴	fan²⁴	fan²⁴	fan²⁴	fan²⁴	fan²⁴	fan²⁴	fan²⁴	
嬎		fan⁴¹	fan⁴¹	fan⁴¹	fan⁴¹	fan⁴¹	fan⁴¹	fan⁴¹	fan⁴¹	
烦		fan⁵²	fan⁵²	fan⁵²	fan⁵²	fan⁵²	fan⁵²	fan⁵²	fan⁵²	
饭		fan⁴¹	fan⁴¹	fan⁴¹	fan⁴¹	fan⁴¹	fan⁴¹	fan⁴¹	fan⁴¹	
罚		fa⁵²	fa⁵²	fa⁵²	fa⁵²	fa⁵²	fa⁵²	fa⁵²	fa⁵²	
晚		uan⁴⁴	uan⁴⁴	uan⁴⁴	uan⁴⁴	uan⁴⁴	uan⁴⁴	uan⁴⁴	uan⁴⁴	
万		uan⁴¹	uan⁴¹	uan⁴¹	uan⁴¹	uan⁴¹	uan⁴¹	uan⁴¹	uan⁴¹	
袜		ua²⁴	ua²⁴	ua²⁴	ua²⁴	ua²⁴	ua²⁴	ua²⁴	ua²⁴	
劝		tɕʰyan⁴¹	tɕʰyan⁴¹	tɕʰyan⁴¹	tɕʰyan⁴¹	tɕʰyan⁴¹	tɕʰyan⁴¹	tɕʰyan⁴¹	tɕʰyan⁴¹	
元		yan⁵²	yan⁵²	yan⁵²	yan⁵²	yan⁵²	yan⁵²	yan⁵²	yan⁵²	
绝		tsuo⁵²	tsuo⁵²	tsuo⁵²	tsuo⁵²	tsuo⁵²	tsuo⁵²	tsuo⁵²	tsuo⁵²	
宣		ɕyan²⁴	ɕyan²⁴	ɕyan²⁴	ɕyan²⁴	ɕyan²⁴	ɕyan²⁴	ɕyan²⁴	ɕyan²⁴	
选		suan⁴⁴	suan⁴⁴	suan⁴⁴	suan⁴⁴	suan⁴⁴	suan⁴⁴	suan⁴⁴	suan⁴⁴	
雪		suo²⁴	suo²⁴	suo²⁴	suo²⁴	suo²⁴	suo²⁴	suo²⁴	suo²⁴	
旋		suan⁴⁴	suan⁵²	suan⁵²	suan⁵²	suan⁵²	suan⁵²	suan⁵²	suan⁵²	
转	~眼	tʂuan⁴⁴	tʂuan⁴⁴	tʂuan⁴⁴	tʂuan⁴⁴	tʂuan⁴⁴	tʂuan⁴⁴	tʂuan⁴⁴	tʂuan⁴⁴	
传	~达	tʂʰuan⁵²	tʂʰuan⁵ ²	tʂʰuan⁵²	tʂʰuan⁵²	tʂʰuan⁵²	tʂʰuan⁵²	tʂʰuan⁵²	tʂʰuan⁵²	
专		tʂuan²⁴	tʂuan²⁴	tʂuan²⁴	tʂuan²⁴	tʂuan²⁴	tʂuan²⁴	tʂuan²⁴	tʂuan²⁴	
砖		tʂuan²⁴	tʂuan²⁴	tʂuan²⁴	tʂuan²⁴	tʂuan²⁴	tʂuan²⁴	tʂuan²⁴	tʂuan²⁴	
川		tʂʰuan²⁴	tʂʰuan²⁴	tʂʰuan²⁴	tʂʰuan²⁴	tʂʰuan²⁴	tʂʰuan²⁴	tʂʰuan²⁴	tʂʰuan²⁴	
穿		tʂʰuan²⁴	tʂʰuan²⁴	tʂʰuan²⁴	tʂʰuan²⁴	tʂʰuan²⁴	tʂʰuan²⁴	tʂʰuan²⁴	tʂʰuan²⁴	
喘		tʂʰuan⁴⁴	tʂʰuan⁴\n⁴	tʂʰuan⁴⁴	tʂʰuan⁴⁴	tʂʰuan⁴⁴	tʂʰuan⁴⁴	tʂʰuan⁴⁴	tʂʰuan⁴⁴	
串		tʂʰuan⁴¹	tʂʰuan⁴\n¹	tʂʰuan⁴¹	tʂʰuan⁴¹	tʂʰuan⁴¹	tʂʰuan⁴¹	tʂʰuan⁴¹	tʂʰuan⁴¹	
船		tʂʰuan⁵²	tʂʰuan⁵ ²	tʂʰuan⁵²	tʂʰuan⁵²	tʂʰuan⁵²	tʂʰuan⁵²	tʂʰuan⁵²	tʂʰuan⁵²	
说		fo²⁴	fo²⁴	fo²⁴	fo²⁴	fo²⁴	fo²⁴	fo²⁴	fo²⁴	
软		ʐuan⁴⁴	ʐuan⁴⁴	luan⁴⁴	luan⁴⁴	ʐuan⁴⁴	ʐuan⁴⁴	ʐuan⁴⁴	ʐuan⁴⁴	
卷	~起	tɕyan⁴⁴	tɕyan⁴⁴	tɕyan⁴⁴	tɕyan⁴⁴	tɕyan⁴⁴	tɕyan⁴⁴	tɕyan⁴⁴	tɕyan⁴⁴	
卷	~子	tɕyan⁴¹	tɕyan⁴¹	tɕyan⁴¹	tɕyan⁴¹	tɕyan⁴¹	tɕyan⁴¹	tɕyan⁴¹	tɕyan⁴¹	
圈		tɕʰyan²⁴	tɕʰyan²⁴	tɕʰyan²⁴	tɕʰyan²⁴	tɕʰyan²⁴	tɕʰyan²⁴	tɕʰyan²⁴	tɕʰyan²⁴	
换		xuan⁴¹	xuan⁴¹	xuan⁴¹	xuan⁴¹	xuan⁴¹	xuan⁴¹	xuan⁴¹	xuan⁴¹	
活		xuo⁵²	xuo⁵²	xuo⁵²	xuo⁵²	xuo⁵²	xuo⁵²	xuo⁵²	xuo⁵²	
豌		uan²⁴	uan²⁴	uan²⁴	uan²⁴	uan²⁴	uan²⁴	uan²⁴	uan²⁴	
剜		uan²⁴	uan²⁴	uan²⁴	uan²⁴	uan²⁴	uan²⁴	uan²⁴	uan²⁴	
碗		uan⁴⁴	uan⁴⁴	uan⁴⁴	uan⁴⁴	uan⁴⁴	uan⁴⁴	uan⁴⁴	uan⁴⁴	
腕		uan⁴⁴	uan⁴⁴	uan⁴⁴	uan⁴⁴	uan⁴⁴	uan⁴⁴	uan⁴⁴	uan⁴⁴	
顽		uan⁵²	uan⁵²	uan⁵²	uan⁵²	uan⁵²	uan⁵²	uan⁵²	uan⁵²	
幻		xuan⁴¹	xuan⁴¹	xuan⁴¹	xuan⁴¹	xuan⁴¹	xuan⁴¹	xuan⁴¹	xuan⁴¹	
滑		xua⁵²	xua⁵²	xua⁵²	xua⁵²	xua⁵²	xua⁵²	xua⁵²	xua⁵²	
挖		ua²⁴	ua²⁴	ua²⁴	ua²⁴	ua²⁴	ua²⁴	ua²⁴	ua²⁴	
篡		tsʰuan⁴¹	tsʰuan⁴\n¹	tsʰuan⁴¹	tsʰuan⁴¹	tsʰuan⁴¹	tsʰuan⁴¹	tsʰuan⁴¹	tsʰuan⁴¹	
撰		tʂuan⁴¹	tʂuan⁴¹	tʂuan⁴¹	tʂuan⁴¹	tʂuan⁴¹	tʂuan⁴¹	tʂuan⁴¹	tʂuan⁴¹	
闩		fan²⁴	fan²⁴	fan²⁴	fan²⁴	fan²⁴	fan²⁴	fan²⁴	fan²⁴	
栓		fan²⁴	fan²⁴	fan²⁴	fan²⁴	fan²⁴	fan²⁴	fan²⁴	fan²⁴	
涮		fa²⁴	fa²⁴	fa²⁴	fa²⁴	fa²⁴	fa²⁴	fa²⁴	fa²⁴	
刷		fa²⁴	fa²⁴	fa²⁴	fa²⁴	fa²⁴	fa²⁴	fa²⁴	fa²⁴	
关		kuan²⁴	kuan²⁴	kuan²⁴	kuan²⁴	kuan²⁴	kuan²⁴	kuan²⁴	kuan²⁴	
惯		kuan⁴¹	kuan⁴¹	kuan⁴¹	kuan⁴¹	kuan⁴¹	kuan⁴¹	kuan⁴¹	kuan⁴¹	
刮		kua²⁴	kua²⁴	kua⁴⁴	kua⁴⁴	kua²⁴	kua⁴⁴	kua⁴⁴	kua⁴⁴	
还	~原	xuan⁵²	xuan⁵²	xuan⁵²	xuan⁵²	xuan⁵²	xuan⁵²	xuan⁵²	xuan⁵²	
患		xuan⁴¹	xuan⁴¹	xuan⁴¹	xuan⁴¹	xuan⁴¹	xuan⁴¹	xuan⁴¹	xuan⁴¹	
湾		uan²⁴	uan²⁴	uan²⁴	uan²⁴	uan²⁴	uan²⁴	uan²⁴	uan²⁴	
恋		luan⁴¹	luan⁴¹	luan⁴⁴	luan⁴¹	luan⁴¹	luan⁵²	luan⁵²	luan⁵²	
劣		liɛ²⁴	luo²⁴	luo²⁴	luo²⁴	luo²⁴	luo²⁴	luo²⁴	luo²⁴	
全		tsʰuan⁵²	tsʰuan⁵ ²	tsʰuan⁵²	tsʰuan⁵²	tsʰuan⁵²	tsʰuan⁵²	tsʰuan⁵²	tsʰuan⁵²	
乱		luan⁴¹	luan⁴¹	luan⁴¹	luan⁴¹	luan⁴¹	luan⁴¹	luan⁴¹	luan⁴¹	
捋		ly⁴⁴	ly⁴⁴	ly⁴⁴	ly⁴⁴	ly⁴⁴	ly⁴⁴	ly⁴⁴	ly⁴⁴	
钻	动词	tsuan⁴¹	tsuan⁴¹	tsuan⁴¹	tsuan⁴¹	tsuan⁴¹	tsuan²⁴	tsuan²⁴	tsuan²⁴	
窜		tsʰuan²⁴	tsʰuan²⁴	tsʰuan²⁴	tsʰuan²⁴	tsʰuan²⁴	tsʰuan²⁴	tsʰuan²⁴	tsʰuan²⁴	
酸		tsuan⁴¹	tsuan⁴¹	tsuan⁴¹	tsuan⁴¹	tsuan⁴¹	tsuan⁴¹	tsuan⁴¹	tsuan⁴¹	
算		suan⁴¹	suan⁴¹	suan⁴¹	suan⁴¹	suan⁴¹	suan⁴¹	suan⁴¹	suan⁴¹	
蒜		suan⁴¹	suan⁴¹	suan⁴¹	suan⁴¹	suan⁴¹	suan⁴¹	suan⁴¹	suan⁴¹	
官		kuan²⁴	kuan²⁴	kuan²⁴	kuan²⁴	kuan²⁴	kuan²⁴	kuan²⁴	kuan²⁴	
棺		kuan²⁴	kuan²⁴	kuan²⁴	kuan²⁴	kuan²⁴	kuan²⁴	kuan²⁴	kuan²⁴	
观		kuan²⁴	kuan²⁴	kuan²⁴	kuan²⁴	kuan²⁴	kuan²⁴	kuan²⁴	kuan²⁴	
管		kuan⁴⁴	kuan⁴⁴	kuan⁴⁴	kuan⁴⁴	kuan⁴⁴	kuan⁴⁴	kuan⁴⁴	kuan⁴⁴	
罐		kuan⁴¹	kuan⁴¹	kuan⁴¹	kuan⁴¹	kuan⁴¹	kuan⁴¹	kuan⁴¹	kuan⁴¹	
括		kʰuo²⁴	kʰuo²⁴	kʰuo²⁴	kʰuo²⁴	kʰuo²⁴	kʰuo²⁴	kʰuo²⁴	kʰuo²⁴	
宽		kʰuan²⁴	kʰuan²⁴	kʰuan²⁴	kʰuan²⁴	kʰuan²⁴	kʰuan²⁴	kʰuan²⁴	kʰuan²⁴	
款		kʰuan⁴⁴	kʰuan⁴\n⁴	kʰuan⁴⁴	kʰuan⁴⁴	kʰuan⁴⁴	kʰuan⁴⁴	kʰuan⁴⁴	kʰuan⁴⁴	
阔		kʰuo⁴¹	kʰuo⁴¹	kʰuo²⁴	kʰuo⁴¹	kʰuo⁴¹	kʰuo²⁴	kʰuo²⁴	kʰuo⁴¹	
玩		uan⁵²	uan⁵²	uan⁵²	uan⁵²	uan⁵²	uan⁵²	uan⁵²	uan⁵²	
欢		xuan²⁴	xuan²⁴	xuan²⁴	xuan²⁴	xuan²⁴	xuan²⁴	xuan²⁴	xuan²⁴	
唤		xuan⁴¹	xuan⁴¹	xuan⁴¹	xuan⁴¹	xuan⁴¹	xuan⁴¹	xuan⁴¹	xuan⁴¹	
豁	~口	xuo²⁴	xuo²⁴	xuo²⁴	xuo²⁴	xuo²⁴	xuo²⁴	xuo²⁴	xuo²⁴	
完		uan⁵²	uan⁵²	uan⁵²	uan⁵²	uan⁵²	uan⁵²	uan⁵²	uan⁵²	
丸		uan⁵²	uan⁵²	uan⁵²	uan⁵²	uan⁵²	uan⁵²	uan⁵²	uan⁵²	
缓		xuan⁴⁴	xuan⁴⁴	xuan⁴⁴	xuan⁴⁴	xuan⁴⁴	xuan⁴⁴	xuan⁴⁴	xuan⁴⁴	
富		fu⁴¹	fu⁴¹	fu⁴¹	fu⁴¹	fu⁴¹	fu⁴¹	fu⁴¹	fu⁴¹	
副		fu⁴¹	fu⁴¹	fu⁴¹	fu⁴¹	fu⁴¹	fu⁴¹	fu⁴¹	fu⁴¹	
妇		fu²⁴	fu²⁴	fu²⁴	fu²⁴	fu²⁴	fu²⁴	fu²⁴	fu²⁴	
负		fu⁴¹	fu⁴¹	fu⁴¹	fu⁴¹	fu⁴¹	fu⁴¹	fu⁴¹	fu⁴¹	
阜		fu⁴¹	fu⁵²	fu⁴¹	fu⁴¹	fu⁵²	fu⁴⁴	fu⁴⁴	fu⁴⁴	
谋		mu⁴⁴	mu⁴⁴	mu⁴⁴	mu⁴⁴	mu⁴⁴	mu⁵²	mu⁵²	mu⁵²	
纽		ȵiou⁴⁴	ȵiou⁴⁴	ȵiou⁴⁴	ȵiou⁴⁴	ȵiou⁴⁴	ȵiou⁴⁴	ȵiou⁴⁴	ȵiou⁴⁴	
扭		ȵiou⁴⁴	ȵiou⁴⁴	ȵiou⁴⁴	ȵiou⁴⁴	ȵiou⁴⁴	ȵiou⁴⁴	ȵiou⁴⁴	ȵiou⁴⁴	
流		liou⁵²	liou⁵²	liou⁵²	liou⁵²	liou⁵²	liou⁵²	liou⁵²	liou⁵²	
刘		liou⁵²	liou⁵²	liou⁵²	liou⁵²	liou⁵²	liou⁵²	liou⁵²	liou⁵²	
留		liou⁵²	liou⁵²	liou⁵²	liou⁵²	liou⁵²	liou⁵²	liou⁵²	liou⁵²	
榴		liou⁵²	liou⁵²	liou⁵²	liou⁵²	liou⁵²	liou⁵²	liou⁵²	liou⁵²	
柳		liou⁴⁴	liou⁴⁴	liou⁴⁴	liou⁴⁴	liou⁴⁴	liou⁴⁴	liou⁴⁴	liou⁴⁴	
溜		liou²⁴	liou²⁴	liou²⁴	liou²⁴	liou²⁴	liou²⁴	liou²⁴	liou²⁴	
酒		tsiou⁴⁴	tsiou⁴⁴	tsiou⁴⁴	tsiou⁴⁴	tsiou⁴⁴	tsiou⁴⁴	tsiou⁴⁴	tsiou⁴⁴	
秋		tsʰiou²⁴	tsʰiou²⁴	tsʰiou²⁴	tsʰiou²⁴	tsʰiou²⁴	tsʰiou²⁴	tsʰiou²⁴	tsʰiou²⁴	
就		tsiou⁴¹	tsiou⁴¹	tsiou⁴¹	tsiou⁴¹	tsiou⁴¹	tsiou⁴¹	tsiou⁴¹	tsiou⁴¹	
修		siou²⁴	siou²⁴	siou²⁴	siou²⁴	siou²⁴	siou²⁴	siou²⁴	siou²⁴	
羞		ɕiɔ²⁴	ɕiɔ²⁴	ɕiɔ²⁴	ɕiou²⁴	ɕiɔ²⁴	ɕiɔ²⁴	ɕiɔ²⁴	ɕiɔ²⁴	
绣		siou⁴¹	siou⁴¹	siou⁴¹	siou⁴¹	siou⁴¹	siou⁴¹	siou⁴¹	siou⁴¹	
袖		siou⁴¹	siou⁴¹	siou⁴¹	siou⁴¹	siou⁴¹	siou⁴¹	siou⁴¹	siou⁴¹	
肘		tʂou⁴⁴	tʂou⁴⁴	tʂou⁴⁴	tʂou⁴⁴	tʂou⁴⁴	tʂou⁴⁴	tʂou⁴⁴	tʂou⁴⁴	
抽		tʂʰou²⁴	tʂʰou²⁴	tʂʰou²⁴	tʂʰou²⁴	tʂʰou²⁴	tʂʰou²⁴	tʂʰou²⁴	tʂʰou²⁴	
丑		tʂʰou⁴⁴	tʂʰou⁴⁴	tʂʰou⁴⁴	tʂʰou⁴⁴	tʂʰou⁴⁴	tʂʰou⁴⁴	tʂʰou⁴⁴	tʂʰou⁴⁴	
稠		tʂʰou⁵²	tʂʰou⁵²	tʂʰou⁵²	tʂʰou⁵²	tʂʰou⁵²	tʂʰou⁵²	tʂʰou⁵²	tʂʰou⁵²	
宙		tʂou⁴¹	tʂou⁴¹	tʂou⁴¹	tʂou⁴¹	tʂou⁴¹	tʂou⁴¹	tʂou⁴¹	tʂou⁴¹	
皱		tsou⁴¹	tsou⁴¹	tsou⁴¹	tsou⁴¹	tsou⁴¹	tsou⁴¹	tsou⁴¹	tsou⁴¹	
愁		tsʰou⁵²	tsʰou⁵²	tsʰou⁵²	tsʰou⁵²	tsʰou⁵²	tsʰou⁵²	tsʰou⁵²	tsʰou⁵²	
搜		sou²⁴	sou²⁴	sou²⁴	sou²⁴	sou²⁴	sou²⁴	sou²⁴	sou²⁴	
馊		sou²⁴	sou²⁴	sou²⁴	sou²⁴	sou²⁴	sou²⁴	sou²⁴	sou²⁴	
瘦		sou⁴¹	sou⁴¹	sou⁴¹	sou⁴¹	sou⁴¹	ʂou⁴¹	ʂou⁴¹	ʂou⁴¹	
漱		fu⁴¹	fu⁴¹	fu⁴¹	fu⁴¹	fu⁴¹	fu⁴¹	fu⁴¹	fu⁴¹	
周		tʂou²⁴	tʂou²⁴	tʂou²⁴	tʂou²⁴	tʂou²⁴	tʂou²⁴	tʂou²⁴	tʂou²⁴	
州		tʂou²⁴	tʂou²⁴	tʂou²⁴	tʂou²⁴	tʂou²⁴	tʂou²⁴	tʂou²⁴	tʂou²⁴	
帚		tʂʰu⁴⁴	tʂʰu⁴⁴	tʂʰu⁴⁴	tʂʰu⁴⁴	tʂʰu⁴⁴	tʂou⁴⁴	tʂou⁴⁴	tʂou⁴⁴	
咒		tʂou⁴¹	tʂou⁴¹	tʂou⁴¹	tʂou⁴¹	tʂou⁴¹	tʂou⁴¹	tʂou⁴¹	tʂou⁴¹	
臭		tʂʰou⁴¹	tʂʰou⁴¹	tʂʰou⁴¹	tʂʰou⁴¹	tʂʰou⁴¹	tʂʰou⁴¹	tʂʰou⁴¹	tʂʰou⁴¹	
收		ʂou²⁴	ʂou²⁴	ʂou²⁴	ʂou²⁴	ʂou²⁴	ʂou²⁴	ʂou²⁴	ʂou²⁴	
手		ʂou⁴⁴	ʂou⁴⁴	ʂou⁴⁴	ʂou⁴⁴	ʂou⁴⁴	ʂou⁴⁴	ʂou⁴⁴	ʂou⁴⁴	
兽		ʂou⁴¹	ʂou⁴¹	ʂou⁴¹	ʂou⁴¹	ʂou⁴¹	ʂou⁴¹	ʂou⁴¹	ʂou⁴¹	
仇		tʂʰou⁵²	tʂʰou⁵²	tʂʰou⁵²	tʂʰou⁵²	tʂʰou⁵²	tʂʰou⁵²	tʂʰou⁵²	tʂʰou⁵²	
受		ʂou⁴¹	ʂou⁴¹	ʂou⁴¹	ʂou⁴¹	ʂou⁴¹	ʂou⁴¹	ʂou⁴¹	ʂou⁴¹	
寿		ʂou⁴¹	ʂou⁴¹	ʂou⁴¹	ʂou⁴¹	ʂou⁴¹	ʂou⁴¹	ʂou⁴¹	ʂou⁴¹	
柔		ʐou⁵²	ʐou⁵²	zou⁵²	zou⁵²	ʐou⁵²	ʐou⁵²	ʐou⁵²	ʐou⁵²	
揉		ʐou⁵²	ʐou⁵²	zou⁵²	zou⁵²	ʐou⁵²	ʐou⁵²	ʐou⁵²	ʐou⁵²	
纠		tɕiou²⁴	tɕiou²⁴	tɕiou²⁴	tɕiou²⁴	tɕiou²⁴	tɕiou²⁴	tɕiou²⁴	tɕiou²⁴	
九		tɕiou⁴⁴	tɕiou⁴⁴	tɕiou⁴⁴	tɕiou⁴⁴	tɕiou⁴⁴	tɕiou⁴⁴	tɕiou⁴⁴	tɕiou⁴⁴	
韭		tɕiou⁴⁴	tɕiou⁴⁴	tɕiou⁴⁴	tɕiou⁴⁴	tɕiou⁴⁴	tɕiou⁴⁴	tɕiou⁴⁴	tɕiou⁴⁴	
久		tɕiou⁴⁴	tɕiou⁴⁴	tɕiou⁴⁴	tɕiou⁴⁴	tɕiou⁴⁴	tɕiou⁴⁴	tɕiou⁴⁴	tɕiou⁴⁴	
救		tɕiou⁴¹	tɕiou⁴¹	tɕiou⁴¹	tɕiou⁴¹	tɕiou⁴¹	tɕiou⁴¹	tɕiou⁴¹	tɕiou⁴¹	
蚯		tɕʰiou²⁴	tɕʰiou²	tɕʰiou²⁴	tɕʰiou²⁴	tɕʰiou²⁴	tɕʰiou²⁴	tɕʰiou²⁴	tɕʰiou²⁴	
求		tɕʰiou⁵²	tɕʰiou⁵ ²	tɕʰiou⁵²	tɕʰiou⁵²	tɕʰiou⁵²	tɕʰiou⁵²	tɕʰiou⁵²	tɕʰiou⁵²	
球		tɕʰiou⁵²	tɕʰiou⁵ ²	tɕʰiou⁵²	tɕʰiou⁵²	tɕʰiou⁵²	tɕʰiou⁵²	tɕʰiou⁵²	tɕʰiou⁵²	
舅		tɕiou⁴¹	tɕiou⁴¹	tɕiou⁴¹	tɕiou⁴¹	tɕiou⁴¹	tɕiou⁴¹	tɕiou⁴¹	tɕiou⁴¹	
旧		tɕiou⁴¹	tɕiou⁴¹	tɕiou⁴¹	tɕiou⁴¹	tɕiou⁴¹	tɕiou⁴¹	tɕiou⁴¹	tɕiou⁴¹	
休		ɕiou²⁴	ɕiou²⁴	ɕiou²⁴	ɕiou²⁴	ɕiou²⁴	ɕiou²⁴	ɕiou²⁴	ɕiou²⁴	
优		iou²⁴	iou²⁴	iou²⁴	iou²⁴	iou²⁴	iou²⁴	iou²⁴	iou²⁴	
尤		iou⁵²	iou⁵²	iou⁵²	iou⁵²	iou⁵²	iou⁵²	iou⁵²	iou⁵²	
邮		iou⁵²	iou⁵²	iou⁵²	iou⁵²	iou⁵²	iou⁵²	iou⁵²	iou⁵²	
有		iou⁴⁴	iou⁴⁴	iou⁴⁴	iou⁴⁴	iou⁴⁴	iou⁴⁴	iou⁴⁴	iou⁴⁴	
友		iou⁴⁴	iou⁴⁴	iou⁴⁴	iou⁴⁴	iou⁴⁴	iou⁴⁴	iou⁴⁴	iou⁴⁴	
又		iou⁴¹	iou⁴¹	iou⁴¹	iou⁴¹	iou⁴¹	iou⁴¹	iou⁴¹	iou⁴¹	
右		iou⁴¹	iou⁴¹	iou⁴¹	iou⁴¹	iou⁴¹	iou⁴¹	iou⁴¹	iou⁴¹	
油		iou⁵²	iou⁵²	iou⁵²	iou⁵²	iou⁵²	iou⁵²	iou⁵²	iou⁵²	
游		iou⁵²	iou⁵²	iou⁵²	iou⁵²	iou⁵²	iou⁵²	iou⁵²	iou⁵²	
诱		iou⁴¹	iou⁴¹	iou⁴¹	iou⁴¹	iou⁴¹	iou⁴¹	iou⁴¹	iou⁴¹	
柚		iou⁴¹	iou⁴¹	iou⁴¹	iou⁴¹	iou⁴¹	iou⁴¹	iou⁴¹	iou⁴¹	
彪		piɔ²⁴	piɔ²⁴	piɔ²⁴	piɔ²⁴	piɔ²⁴	piɔ²⁴	piɔ²⁴	piɔ²⁴	
丢		tiou²⁴	tiou²⁴	tiou²⁴	tiou²⁴	tiou²⁴	tiou²⁴	tiou²⁴	tiou²⁴	
幼		iou⁴¹	iou⁴¹	iou²⁴	iou⁴¹	iou⁴¹	iou⁴¹	iou⁴¹	iou⁴¹	
耽		tan²⁴	tan²⁴	tan²⁴	tan²⁴	tan²⁴	tan²⁴	tan²⁴	tan²⁴	
答		ta²⁴	ta²⁴	ta²⁴	ta²⁴	ta²⁴	ta²⁴	ta²⁴	ta²⁴	
搭		ta²⁴	ta²⁴	ta²⁴	ta²⁴	ta²⁴	ta²⁴	ta²⁴	ta²⁴	
贪		tʰan²⁴	tʰan²⁴	tʰan²⁴	tʰan²⁴	tʰan²⁴	tʰan²⁴	tʰan²⁴	tʰan²⁴	
探		tʰan⁴¹	tʰan⁴¹	tʰan⁴¹	tʰan⁴¹	tʰan⁴¹	tʰan⁴¹	tʰan⁴¹	tʰan⁴¹	
踏		tʰa²⁴	tʰa²⁴	tʰa²⁴	tʰa²⁴	tʰa²⁴	tʰa²⁴	tʰa²⁴	tʰa²⁴	
沓		ta⁵²/ta²⁴	ta⁵²	ta⁵²	ta⁵²	ta⁵²	ta⁵²	ta⁵²	ta⁵²	
南		nan⁵²	nan⁵²	nan⁵²	nan⁵²	nan⁵²	nan⁵²	nan⁵²	nan⁵²	
男		nan⁵²	nan⁵²	nan⁵²	nan⁵²	nan⁵²	nan⁵²	nan⁵²	nan⁵²	
纳		na²⁴	na²⁴	na²⁴	na²⁴	na²⁴	na²⁴	na²⁴	na²⁴	
漤	~柿子	lan⁴⁴	lan⁴⁴	lan⁴⁴	lan⁴⁴	lan⁴⁴	lan⁴⁴	lan⁴⁴	lan⁴⁴	
拉		la²⁴	la²⁴	la²⁴	la²⁴	la²⁴	la²⁴	la²⁴	la²⁴	
簪		tsan²⁴	tsan²⁴	tsan²⁴	tsan²⁴	tsan⁴⁴	tsan²⁴	tsan²⁴	tsan²⁴	
参		tsʰan²⁴	tsʰan²⁴	tsʰan²⁴	tsʰan²⁴	tsʰan²⁴	tsʰan²⁴	tsʰan²⁴	tsʰan²⁴	
惨		tsʰan²⁴	tsʰan²⁴	tsʰan²⁴	tsʰan²⁴	tsʰan²⁴	tsʰan⁴⁴	tsʰan⁴⁴	tsʰan⁴⁴	
糁		sən²⁴	sən²⁴	sən²⁴	sən²⁴	sən²⁴	ʂən²⁴	ʂən²⁴	ʂən²⁴	
杂		tsa⁵²	tsa⁵²	tsa⁵²	tsa⁵²	tsa⁵²	tsa⁵²	tsa⁵²	tsa⁵²	
感		kan⁴⁴	kan⁴⁴	kan⁴⁴	kan⁴⁴	kan⁴⁴	kan⁴⁴	kan⁴⁴	kan⁴⁴	
合		xɤ⁵²	xɤ⁵²	xɤ⁵²	xɤ⁵²	xɤ⁵²	xɤ⁵²	xɤ⁵²	xɤ⁵²	
砍		kʰan⁴⁴	kʰan⁴⁴	kʰan⁴⁴	kʰan⁴⁴	kʰan⁴⁴	kʰan⁴⁴	kʰan⁴⁴	kʰan⁴⁴	
喝		xɤ²⁴	xɤ²⁴	xɤ²⁴	xɤ²⁴	xɤ²⁴	xɤ²⁴	xɤ²⁴	xɤ²⁴	
含		xan⁵²	xan⁵²	xan⁵²	xan⁵²	xan⁵²	xan⁵²	xan⁵²	xan⁵²	
盒		xɤ⁵²	xɤ⁵²	xɤ⁵²	xɤ⁵²	xɤ⁵²	xɤ⁵²	xɤ⁵²	xɤ⁵²	
暗		ɣan⁴¹	ɣan⁴¹	ɣan⁴¹	ɣan⁴¹	ɣan⁴¹	ɣan⁴¹	ɣan⁴¹	ɣan⁴¹	
担		tan²⁴	tan²⁴	tan²⁴	tan²⁴	tan²⁴	tan²⁴	tan²⁴	tan²⁴	
胆		tan⁴⁴	tan⁴⁴	tan⁴⁴	tan⁴⁴	tan⁴⁴	tan⁴⁴	tan⁴⁴	tan⁴⁴	
毯		tʰan⁴⁴	tʰan⁴⁴	tʰan⁴⁴	tʰan⁴⁴	tʰan⁴⁴	tʰan⁴⁴	tʰan⁴⁴	tʰan⁴⁴	
塌		tʰa²⁴	tʰa²⁴	tʰa²⁴	tʰa²⁴	tʰa²⁴	tʰa²⁴	tʰa²⁴	tʰa²⁴	
谈		tʰan⁵²	tʰan⁵²	tʰan⁵²	tʰan⁵²	tʰan⁵²	tʰan⁵²	tʰan⁵²	tʰan⁵²	
痰		tʰan⁵²	tʰan⁵²	tʰan⁵²	tʰan⁵²	tʰan⁵²	tʰan⁵²	tʰan⁵²	tʰan⁵²	
淡		tan⁴¹	tan⁴¹	tan⁴¹	tan⁴¹	tan⁴¹	tan⁴¹	tan⁴¹	tan⁴¹	
篮		lan⁵²	lan⁵²	lan⁵²	lan⁵²	lan⁵²	lan⁵²	lan⁵²	lan⁵²	
腊		la²⁴	la²⁴	la²⁴	la²⁴	la²⁴	la²⁴	la²⁴	la²⁴	
惭		tsʰan⁵²	tsʰan⁵²	tsʰan⁵²/\ntsʰan⁴⁴	tsʰan⁵²/\ntsʰan⁴⁴	tsʰan⁵²	tsʰan⁵²	tsʰan⁵²	tsʰan⁵²	
暂		tsan⁴¹	tsan⁴¹	tsan⁴¹	tsan⁴¹	tsan⁴¹	tsan⁴¹	tsan⁴¹	tsan⁴¹	
三		san²⁴	san²⁴	san²⁴	san²⁴	san²⁴	san²⁴	san²⁴	san²⁴	
泔		kan²⁴	kan²⁴	kan²⁴	kan²⁴	kan²⁴	kan²⁴	kan²⁴	kan²⁴	
敢		kan⁴⁴	kan⁴⁴	kan⁴⁴	kan⁴⁴	kan⁴⁴	kan⁴⁴	kan⁴⁴	kan⁴⁴	
磕		kʰɤ²⁴	kʰɤ²⁴	kʰɤ²⁴	kʰɤ²⁴	kʰɤ²⁴	kʰɤ²⁴	kʰɤ²⁴	kʰɤ²⁴	
憨		xan²⁴	xan²⁴	xan²⁴	xan²⁴	xan²⁴	xan²⁴	xan²⁴	xan²⁴	
喊		xan⁴⁴	xan⁴⁴	xan⁴⁴	xan⁴⁴	xan⁴⁴	xan⁴⁴	xan⁴⁴	xan⁴⁴	
站		tsan⁴¹	tsan⁴¹	tsan⁴¹	tsan⁴¹	tsan⁴¹	tʂan⁴¹	tʂan⁴¹	tʂan⁴¹	
赚		tʂuan⁴¹	tʂuan⁴¹	tʂuan⁴¹	tʂuan⁴¹	tʂuan⁴¹	tʂuan⁴¹	tʂuan⁴¹	tʂuan⁴¹	
蘸		tʂan⁴¹	tʂan⁴¹	tʂan⁴¹	tʂan⁴¹	tʂan⁴¹	tʂan⁴¹	tʂan⁴¹	tʂan⁴¹	
眨		tsa²⁴	tsa⁴⁴	tsa²⁴	tsa²⁴	tsa²⁴	tʂa⁴⁴	tʂa⁴⁴	tʂa⁴⁴	
插		tsʰa²⁴	tsʰa²⁴	tsʰa²⁴	tsʰa²⁴	tsʰa²⁴	tʂʰa²⁴	tʂʰa²⁴	tʂʰa²⁴	
馋		tsʰan⁵²	tsʰan⁵²	tsʰan⁵²	tsʰan⁵²	tsʰan⁵²	tʂʰan⁵²	tʂʰan⁵²	tʂʰan⁵²	
炸		tsa⁵²	tsa⁵²	tsa⁵²	tsa⁵²	tsa⁵²	tʂa⁵²	tʂa⁵²	tʂa⁵²	
掺		tsʰan²⁴	tsʰan²⁴	tsʰan²⁴	tsʰan²⁴	tsʰan²⁴	tʂʰan²⁴	tsʰan²⁴	tsʰan²⁴	
尴		kan²⁴	kan²⁴	kan²⁴	kan²⁴	kan²⁴	kan²⁴	kan²⁴	kan²⁴	
减		tɕian⁴⁴	tɕian⁴⁴	tɕian⁴⁴	tɕian⁴⁴	tɕian⁴⁴	tɕian⁴⁴	tɕian⁴⁴	tɕian⁴⁴	
夹		tɕia²⁴	tɕia²⁴	tɕia²⁴	tɕia²⁴	tɕia²⁴	tɕia²⁴	tɕia²⁴	tɕia²⁴	
掐		tɕʰia²⁴	tɕʰia²⁴	tɕʰia²⁴	tɕʰia²⁴	tɕʰia²⁴	tɕʰia²⁴	tɕʰia²⁴	tɕʰia²⁴	
咸		ɕian⁵²	ɕian⁵²	ɕian⁵²	ɕian⁵²	ɕian⁵²	ɕian⁵²	ɕian⁵²	ɕian⁵²	
馅		ɕian⁴¹	ɕian⁴¹	ɕian⁴¹	ɕian⁴¹	ɕian⁴¹	ɕian⁴¹	ɕian⁴¹	ɕian⁴¹	
搀		tsʰan²⁴	tsʰan²⁴	tsʰan²⁴	tsʰan²⁴	tsʰan²⁴	tʂʰan²⁴	tʂʰan²⁴	tʂʰan²⁴	
衫		san²⁴	san²⁴	san²⁴	san²⁴	san²⁴	ʂan²⁴	ʂan²⁴	ʂan²⁴	
监		tɕian²⁴	tɕian²⁴	tɕian²⁴	tɕian²⁴	tɕian²⁴	tɕian²⁴	tɕian²⁴	tɕian²⁴	
甲		tɕia²⁴	tɕia²⁴	tɕia²⁴	tɕia²⁴	tɕia²⁴	tɕia²⁴	tɕia²⁴	tɕia²⁴	
岩		ian⁵²	ian⁵²	ian⁵²	ian⁵²	ian⁵²	ian⁵²	ian⁵²	ian⁵²	
衔		ɕian⁵²	ɕian⁵²	ɕian⁵²	ɕian⁵²	ɕian⁵²	ɕian⁵²	ɕian⁵²	ɕian⁵²	
匣		ɕia²⁴	ɕia⁵²/ia\n²⁴	ɕia⁵²	ɕia⁵²	ɕia²⁴	ɕia²⁴	ɕia²⁴	ɕia²⁴	
鸭		ia²⁴	ia²⁴	ia²⁴	ia²⁴	ia²⁴	ia²⁴	ia²⁴	ia²⁴	
压		ia²⁴	ia²⁴	ia²⁴	ia²⁴	ia²⁴	ia²⁴	ia²⁴	ia²⁴	
黏		ȵian⁵²	ȵian⁵²	ȵian⁵²	ȵian⁵²	ȵian⁵²	ȵian⁵²	ȵian⁵²	ȵian⁵²	
镊		ȵiɛ²⁴	ȵiɛ²⁴	ȵiɛ²⁴	ȵiɛ²⁴	ȵiɛ²⁴	ȵiɛ²⁴	ȵiɛ²⁴	ȵiɛ²⁴	
镰		lian⁵²	lian⁵²	lian⁵²	lian⁵²	lian⁵²	lian⁵²	lian⁵²	lian⁵²	
尖		tsian²⁴	tsian²⁴	tsian²⁴	tsian²⁴	tsian²⁴	tsian²⁴	tsian²⁴	tsian²⁴	
接		tsiɛ²⁴	tsiɛ²⁴	tsiɛ²⁴	tsiɛ²⁴	tsiɛ²⁴	tsiɛ²⁴	tsiɛ²⁴	tsiɛ²⁴	
签		tsʰian²⁴	tsʰian²⁴	tsʰian²⁴	tsʰian²⁴	tsʰian²⁴	tsʰian²⁴	tsʰian²⁴	tsʰian²⁴	
妾		tsʰiɛ²⁴	tsʰiɛ²⁴	tsʰiɛ²⁴	tsʰiɛ²⁴	tsʰiɛ²⁴	tsʰiɛ²⁴	tsʰiɛ²⁴	tsʰiɛ²⁴	
渐		tsian⁴¹	tsian⁴¹	tsian⁴¹	tsian⁴¹	tsian⁴¹	tsian⁴¹	tsian⁴¹	tsian⁴¹	
沾		tʂan²⁴	tʂan²⁴	tʂan²⁴	tʂan²⁴	tʂan²⁴	tʂan²⁴	tʂan²⁴	tʂan²⁴	
褶		tʂə²⁴	tʂə²⁴	tʂə²⁴	tʂə²⁴	tʂə²⁴	tʂə²⁴	tʂə²⁴	tʂə²⁴	
陕		ʂan⁴⁴	ʂan⁴⁴	ʂan⁴⁴	ʂan⁴⁴	ʂan⁴⁴	ʂan⁴⁴	ʂan⁴⁴	ʂan⁴⁴	
闪		ʂan⁴⁴	ʂan⁴⁴	ʂan⁴⁴	ʂan⁴⁴	ʂan⁴⁴	ʂan⁴⁴	ʂan⁴⁴	ʂan⁴⁴	
涉		ʂə²⁴	ʂə²⁴	ʂə²⁴	ʂə²⁴	ʂə²⁴	ʂə²⁴	ʂə²⁴	ʂə²⁴	
染		ʐan²⁴	ʐan²⁴	zan²⁴	zan²⁴	ʐan²⁴	ʐan²⁴	ʐan²⁴	ʐan²⁴	
脸		lian⁴⁴	lian⁴⁴	lian⁴⁴	lian⁴⁴	lian⁴⁴	lian⁴⁴	lian⁴⁴	lian⁴⁴	
俭		tɕian⁴⁴	tɕian⁴⁴	tɕian⁴⁴	tɕian⁴⁴	tɕian⁴⁴	tɕian⁴⁴	tɕian⁴⁴	tɕian⁴⁴	
验		ian⁴¹	ian⁴¹	ian⁴¹	ian⁴¹	ian⁴¹	ian⁴¹	ian⁴¹	ian⁴¹	
险		ɕian⁴⁴	ɕian⁴⁴	ɕian⁴⁴	ɕian⁴⁴	ɕian⁴⁴	ɕian⁴⁴	ɕian⁴⁴	ɕian⁴⁴	
淹		ian²⁴	ian²⁴	ian²⁴	ian²⁴	ian²⁴	ian²⁴	ian²⁴	ian²⁴	
掩		ian⁴⁴	ian⁴⁴	ian⁴⁴	ian⁴⁴	ian⁴⁴	ian⁴⁴	ian⁴⁴	ian⁴⁴	
厌		ian⁴¹	ian⁴¹	ian⁴¹	ian⁴¹	ian⁴¹	ian⁴¹	ian⁴¹	ian⁴¹	
焰		ian⁵²	ian⁵²	ian⁵²	ian⁵²		ian⁵²	ian⁵²	ian⁵²	
叶		iɛ²⁴	iɛ²⁴	iɛ²⁴	iɛ²⁴	iɛ²⁴	iɛ²⁴	iɛ²⁴	iɛ²⁴	
页		iɛ²⁴	iɛ²⁴	iɛ²⁴	iɛ²⁴	iɛ²⁴	iɛ²⁴	iɛ²⁴	iɛ²⁴	
剑		tɕian⁴¹	tɕian⁴¹	tɕian⁴¹	tɕian⁴¹	tɕian⁴¹	tɕian⁴¹	tɕian⁴¹	tɕian⁴¹	
劫		tɕiɛ²⁴	tɕiɛ²⁴	tɕiɛ²⁴	tɕiɛ²⁴	tɕiɛ²⁴	tɕiɛ⁵²	tɕiɛ⁵²	tɕiɛ²⁴	
欠		tɕʰian⁴¹	tɕʰian⁴\n¹	tɕʰian⁴¹	tɕʰian⁴¹	tɕʰian⁴¹	tɕʰian⁴¹	tɕʰian⁴¹	tɕʰian⁴¹	
严		ian⁵²	ian⁵²	ian⁵²	ian⁵²	ian⁵²	ian⁵²	ian⁵²	ian⁵²	
业		iɛ²⁴	iɛ²⁴	iɛ²⁴	iɛ²⁴	iɛ²⁴	iɛ²⁴	iɛ²⁴	iɛ²⁴	
锨		ɕian²⁴	ɕian²⁴	ɕian⁴⁴	ɕian²⁴	ɕian²⁴	ɕian²⁴	ɕian²⁴	ɕian²⁴	
俺		ɣan⁴⁴	ɣan⁴⁴	ɣan⁴⁴	ɣan⁴⁴	ɣan⁴⁴	ɣan⁴⁴	ɣan⁴⁴	ɣan⁴⁴	
腌		ian²⁴	ian²⁴	ian²⁴	ian²⁴	ian²⁴	ian²⁴	ian²⁴	ian²⁴	
掂		tian²⁴	tian²⁴	tian²⁴	tian²⁴	tian²⁴	tian²⁴	tian²⁴	tian²⁴	
点		tian⁴⁴	tian⁴⁴	tian⁴⁴	tian⁴⁴	tian⁴⁴	tian⁴⁴	tian⁴⁴	tian⁴⁴	
店		tian⁴¹	tian⁴¹	tian⁴¹	tian⁴¹	tian⁴¹	tian⁴¹	tian⁴¹	tian⁴¹	
跌		tiɛ²⁴	tiɛ²⁴	tiɛ²⁴	tiɛ²⁴	tiɛ²⁴	tiɛ²⁴	tiɛ²⁴	tiɛ²⁴	
添		tʰian²⁴	tʰian²⁴	tʰian²⁴	tʰian²⁴	tʰian²⁴	tʰian²⁴	tʰian²⁴	tʰian²⁴	
舔		tʰian⁴⁴	tʰian⁴⁴	tʰian⁴⁴	tʰian⁴⁴	tʰian⁴⁴	tʰian⁴⁴	tʰian⁴⁴	tʰian⁴⁴	
贴		tʰiɛ²⁴	tʰiɛ²⁴	tʰiɛ²⁴	tʰiɛ²⁴	tʰiɛ²⁴	tʰiɛ²⁴	tʰiɛ²⁴	tʰiɛ²⁴	
甜		tʰian⁵²	tʰian⁵²	tʰian⁵²	tʰian⁵²	tʰian⁵²	tʰian⁵²	tʰian⁵²	tʰian⁵²	
叠		tiɛ⁵²	tiɛ⁵²	tiɛ⁵²	tiɛ⁵²	tiɛ⁵²	tiɛ⁵²	tiɛ⁵²	tiɛ⁵²	
蝶		tiɛ⁵²	tiɛ⁵²	tiɛ⁵²	tiɛ⁵²	tiɛ⁵²	tiɛ⁵²	tiɛ⁵²	tiɛ⁵²	
念		ȵian⁴¹	ȵian⁴¹	ȵian⁴¹	ȵian⁴¹	ȵian⁴¹	ȵian⁴¹	ȵian⁴¹	ȵian⁴¹	
谦		tɕʰian²⁴	tɕʰian²⁴	tɕʰian²⁴	tɕʰian²⁴	tɕʰian²⁴	tɕʰian²⁴	tɕʰian²⁴	tɕʰian²⁴	
歉		tɕʰian⁴¹	tɕʰian⁴\n¹	tɕʰian⁴¹	tɕʰian⁴¹	tɕʰian⁴¹	tɕʰian⁴¹	tɕʰian⁴¹	tɕʰian⁴¹	
嫌		ɕian⁵²	ɕian⁵²	ɕian⁵²	ɕian⁵²	ɕian⁵²	ɕian⁵²	ɕian⁵²	ɕian⁵²	
法		fa²⁴	fa²⁴	fa²⁴	fa²⁴	fa²⁴	fa²⁴	fa²⁴	fa²⁴	
凡		fan⁵²	fan⁵²	fan⁵²	fan⁵²	fan⁵²	fan⁵²	fan⁵²	fan⁵²	
范		fan⁴¹	fan⁴¹	fan⁴¹	fan⁴¹	fan⁴¹	fan⁴¹	fan⁴¹	fan⁴¹	
犯		fan⁴¹	fan⁴¹	fan⁴¹	fan⁴¹	fan⁴¹	fan⁴¹	fan⁴¹	fan⁴¹	
品		pʰin⁴⁴	pʰin⁴⁴	pʰin⁴⁴	pʰin⁴⁴	pʰin⁴⁴	pʰin⁴⁴	pʰin⁴⁴	pʰin⁴⁴	
林		lin⁵²	lin⁵²	lin⁵²	lin⁵²	lin⁵²	lin⁵²	lin⁵²	lin⁵²	
淋		lin⁵²	lin⁵²	lin⁵²	lin⁵²	lin⁵²	lin⁵²	lin⁵²	lin⁵²	
立		li²⁴	li²⁴	li²⁴	li²⁴	li²⁴	li²⁴	li²⁴	li²⁴	
粒		li²⁴	li²⁴	li²⁴	li²⁴	li²⁴	li²⁴	li²⁴	li²⁴	
寝		tsʰin⁴⁴	tsʰin⁴⁴	tsʰin⁴⁴	tsʰin⁴⁴	tsʰin⁴⁴	tɕin⁴⁴	tɕin⁴⁴	tɕin⁴⁴	
集		tsi⁵²	tsi⁵²	tsi⁵²	tsi⁵²	tsi⁵²	tsi⁵²	tsi⁵²	tsi⁵²	
心		sin²⁴	sin²⁴	sin²⁴	sin²⁴	sin²⁴	sin²⁴	sin²⁴	sin²⁴	
寻		suən⁵²	suən⁵²	suən⁵²	suən⁵²	suən⁵²	suən⁵²	suən⁵²	suən⁵²	
习		si⁵²	si⁵²	si⁵²	si⁵²	si⁵²	si⁵²	si⁵²	si⁵²	
沉		tʂʰən⁵²	tʂʰən⁵²	tʂʰən⁵²	tʂʰən⁵²	tʂʰən⁵²	tʂʰən⁵²	tʂʰən⁵²	tʂʰən⁵²	
蛰		tʂə²⁴	tʂə²⁴	tʂə²⁴	tʂə²⁴	tʂə²⁴	tʂə²⁴	tʂə²⁴	tʂə²⁴	
森		sən²⁴	sən²⁴	sən²⁴	sən²⁴	sən²⁴	sən²⁴	sən²⁴	sən²⁴	
渗		sən⁴¹	sən⁴¹	sən⁴¹	sən⁴¹	sən⁴¹	sən⁴¹	sən⁴¹	sən⁴¹	
涩		sei²⁴	sei²⁴	sei²⁴	sei²⁴	sei²⁴	ʂei²⁴	ʂei²⁴	ʂei²⁴	
针		tʂən²⁴	tʂən²⁴	tʂən²⁴	tʂən²⁴	tʂən²⁴	tʂən²⁴	tʂən²⁴	tʂən²⁴	
枕	名词	tʂən⁴²	tʂən⁴²	tʂən⁴²/\ntʂən⁴⁴	tʂən⁴²	tʂən⁴⁴	tʂən⁴⁴	tʂən⁴⁴	tʂən⁴⁴	
枕	动词	tʂən⁴²	tʂən⁴²	tʂən⁴²	tʂən⁴²	tʂən⁴²	tʂən⁴²	tʂən⁴²	tʂən⁴²	
汁		tʂʅ²⁴/\ntsɿ²⁴	tʂʅ²⁴/\ntsɿ²⁴	tʂʅ²⁴/\ntsɿ²⁴	tʂʅ²⁴/\ntsɿ²⁴	tʂʅ²⁴/\ntsɿ²⁴	tʂʅ²⁴	tʂʅ²⁴	tʂʅ²⁴	
深		tʂən²⁴	tʂən²⁴	tʂən²⁴	tʂən²⁴	tʂən²⁴	tʂən²⁴	tʂən²⁴	tʂən²⁴	
湿		ʂʅ²⁴	ʂʅ²⁴	ʂʅ²⁴	ʂʅ²⁴	ʂʅ²⁴	ʂʅ²⁴	ʂʅ²⁴	ʂʅ²⁴	
十		ʂʅ⁵²	ʂʅ⁵²	ʂʅ⁵²	ʂʅ⁵²	ʂʅ⁵²	ʂʅ⁵²	ʂʅ⁵²	ʂʅ⁵²	
拾		ʂʅ⁵²	ʂʅ⁵²	ʂʅ⁵²	ʂʅ⁵²	ʂʅ⁵²	ʂʅ⁵²	ʂʅ⁵²	ʂʅ⁵²	
任		ʐən⁴¹	ʐən⁴¹	ʐən⁴¹	ʐən⁴¹	ʐən⁴¹	ʐən⁴¹	ʐən⁴¹	ʐən⁴¹	
恁		nən⁴⁴	nən⁴⁴	nən⁴⁴	nən⁴⁴	nən⁴⁴	nən⁴⁴	nən⁴⁴	nən⁴⁴	
入		lu²⁴	lu²⁴	lu²⁴	lu²⁴	lu²⁴	ʐu²⁴	ʐu²⁴	ʐu²⁴	
今		tɕin²⁴	tɕin²⁴	tɕin²⁴	tɕin²⁴	tɕin²⁴	tɕin²⁴	tɕin²⁴	tɕin²⁴	
金		tɕin²⁴	tɕin²⁴	tɕin²⁴	tɕin²⁴	tɕin²⁴	tɕin²⁴	tɕin²⁴	tɕin²⁴	
禁	~不住	tɕin⁴⁴	tɕin⁴⁴	tɕin⁴¹	tɕin⁴¹	tɕin⁴⁴	tɕin⁴⁴	tɕin⁴⁴	tɕin⁴⁴	
禁	~止	tɕin⁴¹	tɕin⁴¹	tɕin⁴¹	tɕin⁴¹	tɕin⁴¹	tɕin⁴¹	tɕin⁴¹	tɕin⁴¹	
急		tɕi²⁴	tɕi⁵²	tɕi⁵²	tɕi⁵²	tɕi⁵²	tɕi⁵²	tɕi⁵²	tɕi⁵²	
级		tɕi²⁴	tɕi²⁴	tɕi²⁴	tɕi²⁴	tɕi²⁴	tɕi²⁴	tɕi²⁴	tɕi²⁴	
琴		tɕʰin⁵²	tɕʰin⁵²	tɕʰin⁵²	tɕʰin⁵²	tɕʰin⁵²	tɕʰin⁵²	tɕʰin⁵²	tɕʰin⁵²	
妗		tɕin⁴¹	tɕin⁴¹	tɕin⁴¹	tɕin⁴¹	tɕin⁴¹	tɕin⁴¹	tɕin⁴¹	tɕin⁴¹	
及		tɕi⁵²	tɕi⁴¹	tɕi⁵²	tɕi⁵²	tɕi⁵²	tɕi⁵²	tɕi⁵²	tɕi⁵²	
吸		ɕi²⁴	ɕi²⁴	ɕi²⁴	ɕi²⁴	ɕi²⁴	ɕi²⁴	ɕi²⁴	ɕi²⁴	
音		in²⁴	in²⁴	in²⁴	in²⁴	in²⁴	in²⁴	in²⁴	in²⁴	
阴		in²⁴	in²⁴	in²⁴	in²⁴	in²⁴	in²⁴	in²⁴	in²⁴	
饮		in⁴⁴	in⁴⁴	in⁴⁴	in⁴⁴	in⁴⁴	in⁴⁴	in⁴⁴	in⁴⁴	
丹		tan²⁴	tan²⁴	tan²⁴	tan²⁴	tan²⁴	tan²⁴	tan²⁴	tan²⁴	
单		tan²⁴	tan²⁴	tan²⁴	tan²⁴	tan²⁴	tan²⁴	tan²⁴	tan²⁴	
旦		tan²⁴	tan²⁴	tan²⁴	tan²⁴	tan²⁴	tan²⁴	tan²⁴	tan²⁴	
滩		tʰan²⁴	tʰan²⁴	tʰan²⁴	tʰan²⁴	tʰan²⁴	tʰan²⁴	tʰan²⁴	tʰan²⁴	
坦		tʰan⁴⁴	tʰan⁴⁴	tʰan⁴⁴	tʰan⁴⁴	tʰan⁴⁴	tʰan⁴⁴	tʰan⁴⁴	tʰan⁴⁴	
炭		tʰan⁴¹	tʰan⁴¹	tʰan⁴¹	tʰan⁴¹	tʰan⁴¹	tʰan⁴¹	tʰan⁴¹	tʰan⁴¹	
达		ta⁵²	ta⁵²	ta⁵²	ta⁵²	ta⁵²	ta⁵²	ta⁵²	ta⁵²	
难	~困	nan⁵²	nan⁵²	nan⁵²	nan⁵²	nan⁵²	nan⁵²	nan⁵²	nan⁵²	
捺		na⁴¹	na²⁴	na²⁴	na²⁴	na⁴¹	na⁴¹	na⁴¹	na⁴¹	
兰		lan⁵²	lan⁵²	lan⁵²	lan⁵²	lan⁵²	lan⁵²	lan⁵²	lan⁵²	
拦		lan⁵²	lan⁵²	lan⁵²	lan⁵²	lan⁵²	lan⁵²	lan⁵²	lan⁵²	
懒		lan⁴⁴	lan⁴⁴	lan⁴⁴	lan⁴⁴	lan⁴⁴	lan⁴⁴	lan⁴⁴	lan⁴⁴	
烂		lan⁴¹	lan⁴¹	lan⁴¹	lan⁴¹	lan⁴¹	lan⁴¹	lan⁴¹	lan⁴¹	
剌		la⁵²	la⁵²	la⁵²	la⁵²	la⁵²	la⁵²	la⁵²	la⁵²	
赞		tsan⁴¹	tsan⁴¹	tsan⁴¹	tsan⁴¹	tsan⁴¹	tsan⁴¹	tsan⁴¹	tsan⁴¹	
餐		tsʰan²⁴	tsʰan²⁴	tsʰan²⁴	tsʰan²⁴	tsʰan²⁴	tsʰan²⁴	tsʰan²⁴	tsʰan²⁴	
擦		tsʰa²⁴	tsʰa²⁴	tsʰa²⁴	tsʰa²⁴	tsʰa²⁴	tsʰa²⁴	tsʰa²⁴	tsʰa²⁴	
残		tsʰan⁵²	tsʰan⁵²	tsʰan⁵²	tsʰan⁵²	tsʰan⁵²	tsʰan⁵²	tsʰan⁵²	tsʰan⁵²	
珊		ʂan²⁴	ʂan²⁴	ʂan²⁴	ʂan²⁴	ʂan²⁴	ʂan²⁴	ʂan²⁴	ʂan²⁴	
散	鞋~带了	san⁴⁴	san⁴⁴	san⁴⁴	san⁴⁴	san⁴⁴	san⁴⁴	san⁴⁴	san⁴⁴	
馓		san⁴⁴	san⁴⁴	san⁴⁴	san⁴⁴	san⁴⁴	san⁴⁴	san⁴⁴	san⁴⁴	
散	~分	san⁴¹	san⁴¹	san⁴¹	san⁴¹	san⁴¹	san⁴¹	san⁴¹	san⁴¹	
撒		sa⁴⁴	sa⁴⁴	sa⁴⁴/sa²⁴	sa⁴⁴/sa²\n⁴	sa⁴⁴	sa⁴⁴	sa⁴⁴	sa⁴⁴	
干		kan²⁴	kan²⁴	kan²⁴	kan²⁴	kan²⁴	kan²⁴	kan²⁴	kan²⁴	
肝		kan²⁴	kan²⁴	kan²⁴	kan²⁴	kan²⁴	kan²⁴	kan²⁴	kan²⁴	
竿		kan²⁴	kan²⁴	kan⁴⁴	kan²⁴	kan²⁴	kan²⁴	kan²⁴	kan²⁴	
擀		kan⁴⁴	kan⁴⁴	kan⁴⁴	kan⁴⁴	kan⁴⁴	kan⁴⁴	kan⁴⁴	kan⁴⁴	
割		kɤ²⁴	kɤ²⁴	kɤ²⁴	kɤ²⁴	kɤ²⁴	kɤ²⁴	kɤ²⁴	kɤ²⁴	
葛		kɤ²⁴	kɤ²⁴	kɤ²⁴	kɤ²⁴	kɤ²⁴	kɤ²⁴	kɤ²⁴	kɤ²⁴	
看	~守	kʰan⁴¹	kʰan⁴¹	kʰan⁴¹/\nkʰan²⁴	kʰan⁴¹	kʰan⁴¹	kʰan⁴¹	kʰan⁴¹	kʰan⁴¹	
看	~见	kʰan⁴¹	kʰan⁴¹	kʰan⁴¹	kʰan⁴¹	kʰan⁴¹	kʰan⁴¹	kʰan⁴¹	kʰan⁴¹	
渴		kʰɤ²⁴	kʰɤ²⁴	kʰɤ²⁴	kʰɤ²⁴	kʰɤ²⁴	kʰɤ²⁴	kʰɤ²⁴	kʰɤ²⁴	
岸		ɣan⁴¹	ɣan⁴¹	ɣan⁴¹	ɣan⁴¹	ɣan⁴¹	ɣan⁴¹	ɣan⁴¹	ɣan⁴¹	
罕		xan²⁴	xan⁴⁴	xan⁴⁴	xan⁴¹	xan⁴⁴	xan⁴⁴	xan⁴⁴	xan⁴⁴	
汉		xan⁴¹	xan⁴¹	xan⁴¹	xan⁴¹	xan⁴¹	xan⁴¹	xan⁴¹	xan⁴¹	
寒		xan⁵²	xan⁵²	xan⁵²	xan⁵²	xan⁵²	xan⁵²	xan⁵²	xan⁵²	
旱		xan⁴¹	xan⁴¹	xan⁴¹	xan⁴¹	xan⁴¹	xan⁴¹	xan⁴¹	xan⁴¹	
汗		xan⁴¹	xan⁴¹	xan⁴¹	xan⁴¹	xan⁴¹	xan⁴¹	xan⁴¹	xan⁴¹	
安		ɣan²⁴	ɣan²⁴	ɣan²⁴	ɣan²⁴	ɣan²⁴	ɣan²⁴	ɣan²⁴	ɣan²⁴	
按		ɣan⁴¹	ɣan⁴¹	ɣan⁴¹	ɣan⁴¹	ɣan⁴¹	ɣan⁴¹	ɣan⁴¹	ɣan⁴¹	
案		ɣan⁴¹	ɣan⁴¹	ɣan⁴¹	ɣan⁴¹	ɣan⁴¹	ɣan⁴¹	ɣan⁴¹	ɣan⁴¹	
扮		pan⁴¹/\nfan⁴¹	pan⁴¹/\nfan⁴¹	pan⁴¹/\nfan⁴¹	pan⁴¹/\nfan⁴¹	pan⁴¹	pan⁴¹/\nfan⁴¹	pan⁴¹/\nfan⁴¹	pan⁴¹/\nfan⁴¹	
八		pa²⁴	pa²⁴	pa²⁴	pa²⁴	pa²⁴	pa²⁴	pa²⁴	pa²⁴	
盼		pʰan⁴¹	pʰan⁴¹	pʰan⁴¹	pʰan⁴¹	pʰan⁴¹	pʰan⁴¹	pʰan⁴¹	pʰan⁴¹	
瓣		pan⁴¹	pan⁴¹	pan⁴¹	pan⁴¹	pan⁴¹	pan⁴¹	pan⁴¹	pan⁴¹	
拔		pa⁵²	pa⁵²	pa⁵²	pa⁵²	pa⁵²	pa⁵²	pa⁵²	pa⁵²	
抹	~布	ma²⁴	ma²⁴	ma²⁴	ma²⁴	ma²⁴	ma²⁴	ma²⁴	ma²⁴	
盏		tsan⁴⁴	tsan⁴⁴	tsan⁴⁴	tsan⁴⁴	tsan⁴⁴	tʂan⁴⁴	tʂan⁴⁴	tʂan⁴⁴	
察		tsʰa²⁴	tsʰa²⁴	tsʰa²⁴	tsʰa²⁴	tsʰa²⁴/tsʰ\na⁵²	tʂʰa²⁴	tʂʰa²⁴	tʂʰa²⁴	
山		san²⁴	san²⁴	san²⁴	san²⁴	san²⁴	ʂan²⁴	ʂan²⁴	ʂan²⁴	
产		tsʰan⁴⁴	tsʰan⁴⁴	tsʰan⁴⁴	tsʰan⁴⁴	tsʰan⁴⁴	tʂʰan⁴⁴	tʂʰan⁴⁴	tʂʰan⁴⁴	
杀		sa²⁴	sa²⁴	sa²⁴	sa²⁴	sa²⁴	ʂa²⁴	ʂa²⁴	ʂa²⁴	
间		tɕian²⁴	tɕian²⁴	tɕian²⁴	tɕian²⁴	tɕian²⁴	tɕian²⁴	tɕian²⁴	tɕian²⁴	
简		tɕian⁴⁴	tɕian⁴⁴	tɕian⁴⁴	tɕian⁴⁴	tɕian⁴⁴	tɕian⁴⁴	tɕian⁴⁴	tɕian⁴⁴	
眼		ian⁴⁴	ian⁴⁴	ian⁴⁴	ian⁴⁴	ian⁴⁴	ian⁴⁴	ian⁴⁴	ian⁴⁴	
闲		ɕian⁵²	ɕian⁵²	ɕian⁵²	ɕian⁵²	ɕian⁵²	ɕian⁵²	ɕian⁵²	ɕian⁵²	
限		ɕian⁴¹	ɕian⁴¹	ɕian⁴¹	ɕian⁴¹	ɕian⁴¹	ɕian⁴¹	ɕian⁴¹	ɕian⁴¹	
轧		ia⁴¹	ia⁴¹	ia⁴¹	ia⁴¹	ia⁴¹	ia⁴¹	ia⁴¹	ia⁴¹	
班		pan²⁴	pan²⁴	pan²⁴	pan²⁴	pan²⁴	pan²⁴	pan²⁴	pan²⁴	
板		pan⁴⁴	pan⁴⁴	pan⁴⁴	pan⁴⁴	pan⁴⁴	pan⁴⁴	pan⁴⁴	pan⁴⁴	
攀		pʰan²⁴	pʰan²⁴	pʰan²⁴	pʰan²⁴	pʰan²⁴	pʰan²⁴	pʰan²⁴	pʰan²⁴	
襻	~鞋	pʰan⁴¹	pʰan⁴¹	pʰan⁴¹	pʰan⁴¹	pʰan⁴¹	pʰan⁴¹	pʰan⁴¹	pʰan⁴¹	
慢		man⁴¹	man⁴¹	man⁴¹	man⁴¹	man⁴¹	man⁴¹	man⁴¹	man⁴¹	
蛮		man⁵²	man⁵²	man⁵²	man⁵²	man⁵²	man⁵²	man⁵²	man⁵²	
删		ʂan²⁴	ʂan²⁴	ʂan²⁴	ʂan²⁴	ʂan²⁴	ʂan⁴¹	ʂan⁴¹	ʂan²⁴/ʂan\n⁴¹	
疝		ʂan⁴¹	ʂan⁴¹	ʂan⁴¹	ʂan⁴¹	ʂan⁴¹	ʂan⁴¹	ʂan⁴¹	ʂan⁴¹	
奸		tɕian²⁴	tɕian²⁴	tɕian²⁴	tɕian²⁴	tɕian²⁴	tɕian²⁴	tɕian²⁴	tɕian²⁴	
颜		ian⁵²	ian⁵²	ian⁵²	ian⁵²	ian⁵²	ian⁵²	ian⁵²	ian⁵²	
雁		ian⁴¹	ian⁴¹	ian⁴¹	ian⁴¹	ian⁴¹	ian⁴¹	ian⁴¹	ian⁴¹	
瞎		ɕia²⁴	ɕia²⁴	ɕia²⁴	ɕia²⁴	ɕia²⁴	ɕia²⁴	ɕia²⁴	ɕia²⁴	
鞭		pian²⁴	pian²⁴	pian²⁴	pian²⁴	pian²⁴	pian²⁴	pian²⁴	pian²⁴	
编		pian²⁴	pian²⁴	pian²⁴	pian²⁴	pian²⁴	pian²⁴	pian²⁴	pian²⁴	
变		pian⁴¹	pian⁴¹	pian⁴¹	pian⁴¹	pian⁴¹	pian⁴¹	pian⁴¹	pian⁴¹	
别	~区	piɛ⁵²	piɛ⁵²	piɛ⁵²	piɛ⁵²	piɛ⁵²	piɛ⁵²	piɛ⁵²	piɛ⁵²	
篇		pʰian²⁴	pʰian²⁴	pʰian²⁴	pʰian²⁴	pʰian²⁴	pʰian²⁴	pʰian²⁴	pʰian²⁴	
偏		pʰian²⁴	pʰian²⁴	pʰian²⁴	pʰian²⁴	pʰian²⁴	pʰian²⁴	pʰian²⁴	pʰian²⁴	
骗		pʰian⁴¹	pʰian⁴¹	pʰian⁴¹	pʰian⁴¹	pʰian⁴¹	pʰian⁴¹	pʰian⁴¹	pʰian⁴¹	
便		pʰian⁵²	pʰian⁵²	pʰian⁵²	pʰian⁵²	pʰian⁵²	pʰian⁵²	pʰian⁵²	pʰian⁵²	
~宜										
辨		pian⁴¹	pian⁴¹	pian⁴¹	pian⁴¹	pian⁴¹	pian⁴¹	pian⁴¹	pian⁴¹	
便	~方	pian⁴¹	pian⁴¹	pian⁴¹	pian⁴¹	pian⁴¹	pian⁴¹	pian⁴¹	pian⁴¹	
绵		mian⁵²	mian⁵²	mian⁵²	mian⁵²	mian⁵²	mian⁵²	mian⁵²	mian⁵²	
棉		mian⁵²	mian⁵²	mian⁵²	mian⁵²	mian⁵²	mian⁵²	mian⁵²	mian⁵²	
免		mian⁴⁴	mian⁴⁴	mian⁴⁴	mian⁴⁴	mian⁴⁴	mian⁴⁴	mian⁴⁴	mian⁴⁴	
面		mian⁴¹	mian⁴¹	mian⁴¹	mian⁴¹	mian⁴¹	mian⁴¹	mian⁴¹	mian⁴¹	
灭		miɛ²⁴	miɛ²⁴	miɛ²⁴	miɛ²⁴	miɛ²⁴	miɛ²⁴	miɛ²⁴	miɛ²⁴	
连		lian⁵²	lian⁵²	lian⁵²	lian⁵²	lian⁵²	lian⁵²	lian⁵²	lian⁵²	
联		lian⁵²	lian⁵²	lian⁵²	lian⁵²	lian⁵²	lian⁵²	lian⁵²	lian⁵²	
裂		liɛ²⁴	liɛ²⁴	liɛ²⁴	liɛ²⁴	liɛ²⁴	liɛ²⁴	liɛ²⁴	liɛ²⁴	
煎		tsian²⁴	tsian²⁴	tsian²⁴	tsian²⁴	tsian²⁴	tsian²⁴	tsian²⁴	tsian²⁴	
剪		tsian⁴⁴	tsian⁴⁴	tsian⁴⁴	tsian⁴⁴	tsian⁴⁴	tsian⁴⁴	tsian⁴⁴	tsian⁴⁴	
箭		tsian⁴¹	tsian⁴¹	tsian⁴¹	tsian⁴¹	tsian⁴¹	tsian⁴¹	tsian⁴¹	tsian⁴¹	
溅		tsian⁴¹	tsian⁴¹	tsian⁴¹	tsian⁴⁴	tsian⁴¹	tsian⁴⁴	tsian⁴⁴	tsian⁴⁴	
迁		tsʰian²⁴	tsʰian²⁴	tsʰian²⁴	tsʰian²⁴	tsʰian²⁴	tsʰian²⁴	tsʰian²⁴	tsʰian²⁴	
浅		tsʰian⁴⁴	tsʰian⁴⁴	tsʰian⁴⁴	tsʰian⁴⁴	tsʰian⁴⁴	tsʰian⁴⁴	tsʰian⁴⁴	tsʰian⁴⁴	
钱		tsʰian⁵²	tsʰian⁵²	tsʰian⁵²	tsʰian⁵²	tsʰian⁵²	tsʰian⁵²	tsʰian⁵²	tsʰian⁵²	
贱		tsian⁴¹	tsian⁴¹	tsian⁴¹	tsian⁴¹	tsian⁴¹	tsian⁴¹	tsian⁴¹	tsian⁴¹	
仙		sian²⁴	sian²⁴	sian²⁴	sian²⁴	sian²⁴	sian²⁴	sian²⁴	sian²⁴	
鲜		sian²⁴	sian²⁴	sian²⁴	sian²⁴	sian²⁴	sian²⁴	sian²⁴	sian²⁴	
癣		suan⁴⁴	suan⁴⁴	suan⁴⁴	suan⁴⁴	suan⁴⁴	suan⁴⁴	suan⁴⁴	suan⁴⁴	
线		sian⁴¹	sian⁴¹	sian⁴¹	sian⁴¹	sian⁴¹	sian⁴¹	sian⁴¹	sian⁴¹	
薛		suo²⁴	suo²⁴	suo²⁴	suo²⁴	suo²⁴	suo²⁴	suo²⁴	suo²⁴	
羡		ɕian⁴¹	ɕian⁴¹	ɕian⁴¹	ɕian⁴¹	ɕian⁴¹	ɕian⁴¹	ɕian⁴¹	ɕian⁴¹	
展		tʂan⁴⁴	tʂan⁴⁴	tʂan⁴⁴	tʂan⁴⁴	tʂan⁴⁴	tʂan⁴⁴	tʂan⁴⁴	tʂan⁴⁴	
哲		tʂə²⁴	tʂə⁴⁴	tʂə²⁴	tʂə⁴⁴/tʂə⁵²	tʂə⁴⁴	tʂə⁵²	tʂə⁵²	tʂə²⁴	
撤		tʂʰə²⁴	tʂʰə²⁴	tʂʰə⁴¹	tʂʰə⁴¹	tʂʰə⁴¹	tʂʰə²⁴/tʂʰ\nə⁴¹	tʂʰə²⁴	tʂʰə²⁴/tʂʰ\nə⁴¹	
缠		tʂʰan⁵²	tʂʰan⁵²	tʂʰan⁵²	tʂʰan⁵²	tʂʰan⁵²	tʂʰan⁵²	tʂʰan⁵²	tʂʰan⁵²	
战		tʂan⁴¹	tʂan⁴¹	tʂan⁴¹	tʂan⁴¹	tʂan⁴¹	tʂan⁴¹	tʂan⁴¹	tʂan⁴¹	
折		tʂə²⁴	tʂə²⁴	tʂə²⁴	tʂə²⁴	tʂə²⁴	tʂə²⁴	tʂə²⁴	tʂə²⁴	
舌		ʂə⁵²	ʂə⁵²	ʂə⁵²	ʂə⁵²	ʂə⁵²	ʂə⁵²	ʂə⁵²	ʂə⁵²	
扇	~子	ʂan⁴¹	ʂan⁴¹	ʂan⁴¹	ʂan⁴¹	ʂan⁴¹	ʂan⁴¹	ʂan⁴¹	ʂan⁴¹	
设		ʂə²⁴	ʂə²⁴	ʂə²⁴	ʂə²⁴	ʂə²⁴	ʂə²⁴	ʂə²⁴	ʂə²⁴	
善		ʂan⁴¹	ʂan⁴¹	ʂan⁴¹	ʂan⁴¹	ʂan⁴¹	ʂan⁴¹	ʂan⁴¹	ʂan⁴¹	
折	~了	ʂə⁵²	ʂə⁵²	ʂə⁵²	ʂə⁵²	ʂə⁵²	ʂə⁵²	ʂə⁵²	ʂə⁵²	
然		ʐan⁴⁴	ʐan⁴⁴	zan⁴⁴	zan⁴⁴	ʐan⁴⁴	ʐan⁴⁴	ʐan⁴⁴	ʐan⁴⁴	
燃		ʐan⁴⁴	ʐan⁴⁴	zan⁴⁴	zan⁴⁴	ʐan⁴⁴	ʐan⁴⁴	ʐan⁴⁴	ʐan⁴⁴	
热		ʐə²⁴	ʐə²⁴	ʐə²⁴	ʐə²⁴	ʐə²⁴	ʐə²⁴	ʐə²⁴	ʐə²⁴	
乾		tɕʰian⁵²	tɕʰian⁵ ²	tɕʰian⁵²/\ntɕʰian⁴⁴	tɕʰian⁵²\n/\ntɕʰian⁴⁴	tɕʰian⁵²	tɕʰian⁵²	tɕʰian⁵²	tɕʰian⁵²	
件		tɕian⁴¹	tɕian⁴¹	tɕian⁴¹	tɕian⁴¹	tɕian⁴¹	tɕian⁴¹	tɕian⁴¹	tɕian⁴¹	
杰		tɕiɛ⁵²	tɕiɛ⁵²	tɕiɛ⁵²	tɕiɛ⁵²	tɕiɛ⁵²	tɕiɛ⁵²	tɕiɛ⁵²	tɕiɛ⁵²	
孽		ȵiɛ²⁴	iɛ²⁴	ȵiɛ²⁴	ȵiɛ²⁴	ȵiɛ²⁴	ȵiɛ⁴¹	ȵiɛ⁴¹	ȵiɛ⁴¹	
蔫		ȵian²⁴	ian²⁴	ian²⁴	ian²⁴	ian²⁴	ian²⁴	ian²⁴	ian²⁴	
焉	心不~在	ian²⁴	ian²⁴	ian²⁴	ian²⁴	ian²⁴	ian²⁴	ian²⁴	ian²⁴	
延		ian⁵²	ian⁵²	ian⁵²	ian⁵²	ian⁵²	ian⁵²	ian⁵²	ian⁵²	
演		ian⁴⁴	ian⁴⁴	ian⁴⁴	ian⁴⁴	ian⁴⁴	ian⁴⁴	ian⁴⁴	ian⁴⁴	
拽		tʂuɛ⁴¹	tʂuɛ⁴¹	tʂuɛ⁴¹	tʂuɛ⁴¹	tʂuɛ⁴¹	tʂuɛ⁴¹	tʂuɛ⁴¹	tʂuɛ⁴¹	
建		tɕian⁴¹	tɕian⁴¹	tɕian⁴¹	tɕian⁴¹	tɕian⁴¹	tɕian⁴¹	tɕian⁴¹	tɕian⁴¹	
揭		tɕiɛ²⁴	tɕiɛ²⁴	tɕiɛ²⁴	tɕiɛ²⁴	tɕiɛ²⁴	tɕiɛ²⁴	tɕiɛ²⁴	tɕiɛ²⁴	
健		tɕian⁴¹	tɕian⁴¹	tɕian⁴¹	tɕian⁴¹	tɕian⁴¹	tɕian⁴¹	tɕian⁴¹	tɕian⁴¹	
言		ian⁵²	ian⁵²	ian⁵²	ian⁵²	ian⁵²	ian⁵²	ian⁵²	ian⁵²	
掀		ɕian²⁴	ɕian²⁴	ɕian²⁴	ɕian²⁴	ɕian²⁴	ɕian²⁴	ɕian²⁴	ɕian²⁴	
献		ɕian⁴¹	ɕian⁴¹	ɕian⁴¹	ɕian⁴¹	ɕian⁴¹	ɕian⁴¹	ɕian⁴¹	ɕian⁴¹	
歇		ɕiɛ²⁴	ɕiɛ²⁴	ɕiɛ²⁴	ɕiɛ²⁴	ɕiɛ²⁴	ɕiɛ²⁴	ɕiɛ²⁴	ɕiɛ²⁴	
边		pian²⁴	pian²⁴	pian²⁴	pian²⁴	pian²⁴	pian²⁴	pian²⁴	pian²⁴	
蝙		pian²⁴/\npʰian²⁴	pian²⁴/\npʰian²⁴	pian²⁴	pian²⁴	pian⁴⁴	pian⁴⁴	pian⁴⁴	pian⁴⁴	
扁		pian⁴⁴	pian⁴⁴	pian⁴⁴	pian⁴⁴	pian⁴⁴	pian⁴⁴	pian⁴⁴	pian⁴⁴	
遍		pian⁴¹	pian⁴¹	pian⁴¹	pian⁴¹	pian⁴¹	pian⁴¹	pian⁴¹	pian⁴¹	
憋		piɛ²⁴	piɛ²⁴	piɛ²⁴	piɛ²⁴	piɛ²⁴	piɛ²⁴	piɛ²⁴	piɛ²⁴	
片		pʰian⁴¹	pʰian⁴¹	pʰian⁴¹	pʰian⁴¹	pʰian⁴¹	pʰian⁴¹	pʰian⁴¹	pʰian⁴¹	
撇		pʰiɛ²⁴	pʰiɛ²⁴	pʰiɛ²⁴	pʰiɛ²⁴	pʰiɛ²⁴	pʰiɛ²⁴	pʰiɛ²⁴	pʰiɛ²⁴	
辫		pian⁴¹	pian⁴¹	pian⁴¹	pian⁴¹	pian⁴¹	pian⁴¹	pian⁴¹	pian⁴¹	
眠		mian⁵²	mian⁵²	mian⁵²	mian⁵²	mian⁵²	mian⁵²	mian⁵²	mian⁵²	
颠		tian²⁴	tian²⁴	tian²⁴	tian²⁴	tian²⁴	tian²⁴	tian²⁴	tian²⁴	
典		tian⁴⁴	tian⁴⁴	tian⁴⁴	tian⁴⁴	tian⁴⁴	tian⁴⁴	tian⁴⁴	tian⁴⁴	
天		tʰian²⁴	tʰian²⁴	tʰian²⁴	tʰian²⁴	tʰian²⁴	tʰian²⁴	tʰian²⁴	tʰian²⁴	
腆		tian⁴⁴	tian⁴⁴	tian⁴⁴	tian⁴⁴	tian⁴⁴	tian⁴⁴	tian⁴⁴	tian⁴⁴	
铁		tʰiɛ²⁴	tʰiɛ²⁴	tʰiɛ²⁴	tʰiɛ²⁴	tʰiɛ²⁴	tʰiɛ²⁴	tʰiɛ²⁴	tʰiɛ²⁴	
田		tʰian⁵²	tʰian⁵²	tʰian⁵²	tʰian⁵²	tʰian⁵²	tʰian⁵²	tʰian⁵²	tʰian⁵²	
填		tʰian⁵²	tʰian⁵²	tʰian⁵²	tʰian⁵²	tʰian⁵²	tʰian⁵²	tʰian⁵²	tʰian⁵²	
电		tian⁴¹	tian⁴¹	tian⁴¹	tian⁴¹	tian⁴¹	tian⁴¹	tian⁴¹	tian⁴¹	
垫		tian⁴¹	tian⁴¹	tian⁴¹	tian⁴¹	tian⁴¹	tian⁴¹	tian⁴¹	tian⁴¹	
年		ȵian⁵²	ȵian⁵²	ȵian⁵²	ȵian⁵²	ȵian⁵²	ȵian⁵²	ȵian⁵²	ȵian⁵²	
捏		ȵiɛ²⁴	ȵiɛ²⁴	ȵiɛ²⁴	ȵiɛ²⁴	ȵiɛ²⁴	ȵiɛ²⁴	ȵiɛ²⁴	ȵiɛ²⁴	
怜		lian⁴¹	lian⁴¹	lian⁵²	lian⁵²	lian⁴¹	lian⁵²	lian⁵²	lian⁵²	
练		lian⁴¹	lian⁴¹	lian⁴¹	lian⁴¹	lian⁴¹	lian⁴¹	lian⁴¹	lian⁴¹	
倩		tɕʰian⁴¹	tɕʰian⁴\n¹	tɕʰian⁴¹	tɕʰian⁴¹	tɕʰian⁴¹	tɕʰian⁴¹	tɕʰian⁴¹	tɕʰian⁴¹	
节		tsiɛ²⁴	tsiɛ²⁴	tsiɛ²⁴	tsiɛ²⁴	tsiɛ²⁴	tsiɛ²⁴	tsiɛ²⁴	tsiɛ²⁴	
千		tsʰian²⁴	tsʰian²⁴	tsʰian²⁴	tsʰian²⁴	tsʰian²⁴	tsʰian²⁴	tsʰian²⁴	tsʰian²⁴	
切		tsʰiɛ²⁴	tsʰiɛ²⁴	tsʰiɛ²⁴	tsʰiɛ²⁴	tsʰiɛ²⁴	tsʰiɛ²⁴	tsʰiɛ²⁴	tsʰiɛ²⁴	
前		tsʰian⁵²	tsʰian⁵²	tsʰian⁵²	tsʰian⁵²	tsʰian⁵²	tsʰian⁵²	tsʰian⁵²	tsʰian⁵²	
截		tsiɛ⁵²	tsiɛ⁵²	tsiɛ⁵²	tsiɛ⁵²	tsiɛ⁵²	tsiɛ⁵²	tsiɛ⁵²	tsiɛ⁵²	
先		sian²⁴	sian²⁴	sian²⁴	sian²⁴	sian²⁴	sian²⁴	sian²⁴	sian²⁴	
肩		tɕian²⁴	tɕian²⁴	tɕian²⁴	tɕian²⁴	tɕian²⁴	tɕian²⁴	tɕian²⁴	tɕian²⁴	
见		tɕian⁴¹	tɕian⁴¹	tɕian⁴¹	tɕian⁴¹	tɕian⁴¹	tɕian⁴¹	tɕian⁴¹	tɕian⁴¹	
结		tɕiɛ²⁴	tɕiɛ²⁴	tɕiɛ²⁴	tɕiɛ²⁴	tɕiɛ²⁴	tɕiɛ²⁴	tɕiɛ²⁴	tɕiɛ²⁴	
牵		tɕʰian²⁴	tɕʰian²⁴	tɕʰian²⁴	tɕʰian²⁴	tɕʰian²⁴	tɕʰian²⁴	tɕʰian²⁴	tɕʰian²⁴	
茧		tɕian⁴⁴	tɕian⁴⁴/\ntɕiaŋ⁴⁴	tɕian⁴⁴/\ntɕiaŋ⁴⁴	tɕian⁴⁴/\ntɕiaŋ⁴⁴	tɕiaŋ⁴⁴	tɕian⁴⁴/\ntɕiaŋ⁴⁴	tɕian⁴⁴/\ntɕiaŋ⁴⁴	tɕian⁴⁴/\ntɕiaŋ⁴⁴	
研		ian⁴⁴	ian⁴⁴	ian⁴⁴	ian⁴⁴	ian⁴⁴	ian⁴⁴	ian⁴⁴	ian⁴⁴	
显		ɕian⁴⁴	ɕian⁴⁴	ɕian⁴⁴	ɕian⁴⁴	ɕian⁴⁴	ɕian⁴⁴	ɕian⁴⁴	ɕian⁴⁴	
贤		ɕian⁵²	ɕian⁵²	ɕian⁵²	ɕian⁵²	ɕian⁵²	ɕian⁵²	ɕian⁵²	ɕian⁵²	
现		ɕian⁴¹	ɕian⁴¹	ɕian⁴¹	ɕian⁴¹	ɕian⁴¹	ɕian⁴¹	ɕian⁴¹	ɕian⁴¹	
烟		ian²⁴	ian²⁴	ian²⁴	ian²⁴	ian²⁴	ian²⁴	ian²⁴	ian²⁴	
胭		ian²⁴	ian²⁴	ian²⁴	ian²⁴	ian²⁴	ian²⁴	ian²⁴	ian²⁴	
燕		ian⁴¹	ian⁴¹	ian⁴¹	ian⁴¹	ian⁴¹	ian⁴¹	ian⁴¹	ian⁴¹	
咽		ian⁴¹	ian⁴¹	ian⁴¹	ian⁴¹	ian⁴¹	ian⁴¹	ian⁴¹	ian⁴¹	
噎		iɛ²⁴	iɛ²⁴	iɛ²⁴	iɛ²⁴	iɛ²⁴	iɛ²⁴	iɛ²⁴	iɛ²⁴	
般		pan²⁴	pan²⁴	pan²⁴	pan²⁴	pan²⁴	pan²⁴	pan²⁴	pan²⁴	
搬		pan²⁴	pan²⁴	pan²⁴	pan²⁴	pan²⁴	pan²⁴	pan²⁴	pan²⁴	
半		pan⁴¹	pan⁴¹	pan⁴¹	pan⁴¹	pan⁴¹	pan⁴¹	pan⁴¹	pan⁴¹	
绊		pan⁴¹	pan⁴¹	pan⁴¹	pan⁴¹	pan⁴¹	pan⁴¹	pan⁴¹	pan⁴¹	
拨		po²⁴	po²⁴	po²⁴	po²⁴	po²⁴	po²⁴	po²⁴	po²⁴	
判		pʰan⁴¹	pʰan⁴¹	pʰan⁴¹	pʰan⁴¹	pʰan⁴¹	pʰan⁴¹	pʰan⁴¹	pʰan⁴¹	
泼		pʰo²⁴	pʰo²⁴	pʰo²⁴	pʰo²⁴/\npo²⁴	pʰo²⁴	pʰo²⁴	pʰo²⁴	pʰo²⁴	
伴		pan⁴¹	pan⁴¹	pan⁴¹	pan⁴¹	pan⁴¹	pan⁴¹	pan⁴¹	pan⁴¹	
拌		pan⁴¹	pan⁴¹	pan⁴¹	pan⁴¹	pan⁴¹	pan⁴¹	pan⁴¹	pan⁴¹	
叛		pʰan⁴¹	pʰan⁴¹	pʰan⁴¹	pʰan⁴¹	pʰan⁴¹	pʰan⁴¹	pʰan⁴¹	pʰan⁴¹	
瞒		man⁵²	man⁵²	man⁵²	man⁵²	man⁵²	man⁵²	man⁵²	man⁵²	
馒		man⁵²	man⁵²	man⁵²	man⁵²	man⁵²	man⁵²	man⁵²	man⁵²	
满		man⁴⁴	man⁴⁴	man⁴⁴	man⁴⁴	man⁴⁴	man⁴⁴	man⁴⁴	man⁴⁴	
沫		mo²⁴	mo²⁴	mo²⁴	mo²⁴	mo²⁴	mo²⁴	mo²⁴	mo²⁴	
抹		mo⁴⁴	mo⁴⁴	mo⁴⁴	mo⁴⁴	mo⁴⁴	mo⁴⁴	mo⁴⁴	mo⁴⁴	
端		tuan²⁴	tuan²⁴	tuan²⁴	tuan²⁴	tuan²⁴	tuan²⁴	tuan²⁴	tuan²⁴	
短		tuan⁴⁴	tuan⁴⁴	tuan⁴⁴	tuan⁴⁴	tuan⁴⁴	tuan⁴⁴	tuan⁴⁴	tuan⁴⁴	
断		tuan⁴¹	tuan⁴¹	tuan⁴¹	tuan⁴¹	tuan⁴¹	tuan⁴¹	tuan⁴¹	tuan⁴¹	
掇	~拾	tɔ⁴⁴	tɔ⁴⁴	tɔ⁴⁴	tɔ⁴⁴	tɔ⁴⁴	tɔ⁴⁴	tɔ⁴⁴	tɔ⁴⁴	
脱		tʰuo²⁴	tʰuo²⁴	tʰuo²⁴	tʰuo²⁴	tʰuo²⁴	tʰuo²⁴	tʰuo²⁴	tʰuo²⁴	
团		tʰuan⁵²	tʰuan⁵²	tʰuan⁵²	tʰuan⁵²	tʰuan⁵²	tʰuan⁵²	tʰuan⁵²	tʰuan⁵²	
段		tuan⁴¹	tuan⁴¹	tuan⁴¹	tuan⁴¹	tuan⁴¹	tuan⁴¹	tuan⁴¹	tuan⁴¹	
夺		tuo⁵²	tuo⁵²	tuo⁵²	tuo⁵²	tuo⁵²	tuo⁵²	tuo⁵²	tuo⁵²	
暖		nuan⁴⁴	nuan⁴⁴	nuan⁴⁴	nuan⁴⁴	nuan⁴⁴	nuan⁴⁴	nuan⁴⁴	nuan⁴⁴	
弯		uan²⁴	uan²⁴	uan²⁴	uan²⁴	uan²⁴	uan²⁴	uan²⁴	uan²⁴	
耧		lou⁵²	lou⁵²	lou⁵²	lou⁵²	lou⁵²	lou⁵²	lou⁵²	lou⁵²	
搂		lou⁴⁴	lou⁴⁴	lou⁴⁴	lou⁴⁴	lou⁴⁴	lou⁴⁴	lou⁴⁴	lou⁴⁴	
漏		lou⁴¹	lou⁴¹	lou⁴¹	lou⁴¹	lou⁴¹	lou⁴¹	lou⁴¹	lou⁴¹	
走		tsou⁴⁴	tsou⁴⁴	tsou⁴⁴	tsou⁴⁴	tsou⁴⁴	tsou⁴⁴	tsou⁴⁴	tsou⁴⁴	
凑		tsʰou⁴¹	tsʰou⁴¹	tsʰou⁴¹	tsʰou⁴¹	tsʰou⁴¹	tsʰou⁴¹	tsʰou⁴¹	tsʰou⁴¹	
嗽		sɔ⁴¹	sɔ⁴¹	sɔ⁴¹	sɔ⁴¹/\ntsʰɔ⁴¹	sɔ⁴¹	sɔ⁴¹	sɔ⁴¹	sɔ⁴¹	
勾		kou²⁴	kou²⁴	kou²⁴	kou²⁴	kou²⁴	kou²⁴	kou²⁴	kou²⁴	
沟		kou²⁴	kou²⁴	kou²⁴	kou²⁴	kou²⁴	kou²⁴	kou²⁴	kou²⁴	
狗		kou⁴⁴	kou⁴⁴	kou⁴⁴	kou⁴⁴	kou⁴⁴	kou⁴⁴	kou⁴⁴	kou⁴⁴	
够		kou⁴¹	kou⁴¹	kou⁴¹	kou⁴¹	kou⁴¹	kou⁴¹	kou⁴¹	kou⁴¹	
购		kou²⁴	kou²⁴	kou²⁴	kou²⁴	kou²⁴	kou²⁴	kou²⁴	kou²⁴	
抠		kʰou²⁴	kʰou²⁴	kʰou²⁴	kʰou²⁴	kʰou²⁴	kʰou²⁴	kʰou²⁴	kʰou²⁴	
口		kʰou⁴⁴	kʰou⁴⁴	kʰou⁴⁴	kʰou⁴⁴	kʰou⁴⁴	kʰou⁴⁴	kʰou⁴⁴	kʰou⁴⁴	
扣		kʰou²⁴	kʰou²⁴	kʰou²⁴	kʰou²⁴	kʰou²⁴	kʰou²⁴	kʰou²⁴	kʰou²⁴	
藕		ɣou⁴⁴	ɣou⁴⁴	ɣou⁴⁴	ɣou⁴⁴	ɣou⁴⁴	ɣou⁴⁴	ɣou⁴⁴	ɣou⁴⁴	
偶		ɣou⁴⁴	ɣou⁴⁴	ɣou⁴⁴	ɣou⁴⁴	ɣou⁴⁴	ɣou⁴⁴	ɣou⁴⁴	ɣou⁴⁴	
齁		xou²⁴	xou²⁴	xou²⁴	xou²⁴	xou²⁴	xou²⁴	xou²⁴	xou²⁴	
喉		xou⁵²	xou⁵²	xou⁵²	xou⁵²	xou⁵²	xou⁵²	xou⁵²	xou⁵²	
猴		xou⁵²	xou⁵²	xou⁵²	xou⁵²	xou⁵²	xou⁵²	xou⁵²	xou⁵²	
瘊		xou⁵²	xou⁵²	xou⁵²	xou⁵²	xou⁵²	xou⁵²	xou⁵²	xou⁵²	
后		xou⁴¹	xou⁴¹	xou⁴¹	xou⁴¹	xou⁴¹	xou⁴¹	xou⁴¹	xou⁴¹	
厚		xou⁴¹	xou⁴¹	xou⁴¹	xou⁴¹	xou⁴¹	xou⁴¹	xou⁴¹	xou⁴¹	
候		xou⁴¹	xou⁴¹	xou⁴¹	xou⁴¹	xou⁴¹	xou⁴¹	xou⁴¹	xou⁴¹	
呕		ɣou²⁴	ɣou²⁴	ɣou²⁴	ɣou²⁴	ɣou²⁴	ɣou²⁴	ɣou²⁴	ɣou²⁴	
怄		ɣou⁴¹	ɣou⁴¹	ɣou⁴¹	ɣou⁴¹	ɣou⁴¹	ɣou⁴¹	ɣou⁴¹	ɣou⁴¹	
否		fo⁴⁴	fo⁴⁴	fo⁴⁴	fo⁴⁴/fɔ⁴⁴	fo⁴⁴	fo⁴⁴	fɔ⁴⁴	fo⁴⁴	
麝		ʂə⁴¹	ʂə⁴¹	ʂə⁴¹	ʂə⁴¹	ʂə⁴¹	ʂə⁴¹	ʂə⁴¹	ʂə⁴¹	
奢		ʂə⁴⁴	ʂə²⁴	ʂə²⁴	ʂə²⁴	ʂə²⁴	ʂə²⁴	ʂə²⁴	ʂə²⁴	
赊		ʂə²⁴	ʂə²⁴	ʂə²⁴	ʂə²⁴	ʂə²⁴	ʂə²⁴	ʂə²⁴	ʂə²⁴	
舍		ʂə⁴⁴	ʂə⁴⁴	ʂə⁴⁴	ʂə⁴⁴	ʂə⁴⁴	ʂə⁴⁴	ʂə⁴⁴	ʂə⁴⁴	
佘	姓	ʂʅ⁵²	ʂʅ⁵²	ʂʅ⁵²	ʂʅ⁵²/ ʂə⁵²	ʂʅ⁵²	ʂʅ⁵²	ʂə⁵²	ʂʅ⁵²	
社		ʂə⁴¹	ʂə⁴¹	ʂə⁴¹	ʂə⁴¹	ʂə⁴¹	ʂə⁴¹	ʂə⁴¹	ʂə⁴¹	
惹		ʐə⁴⁴	ʐə⁴⁴	ʐə⁴⁴	ʐə⁴⁴	ʐə⁴⁴	ʐə⁴⁴	ʐə⁴⁴	ʐə⁴⁴	
耶		iɛ⁴⁴	iɛ⁴⁴	iɛ⁴⁴	iɛ⁴⁴	iɛ⁴⁴	iɛ⁴⁴	iɛ⁴⁴	iɛ⁴⁴	
爷		iɛ⁵²	iɛ⁵²	iɛ⁵²	iɛ⁵²	iɛ⁵²	iɛ⁵²	iɛ⁵²	iɛ⁵²	
也		iɛ⁴⁴	iɛ⁴⁴	iɛ⁴⁴	iɛ⁴⁴	iɛ⁴⁴	iɛ⁴⁴	iɛ⁴⁴	iɛ⁴⁴	
夜		iɛ⁴¹	iɛ⁴¹	iɛ⁴¹	iɛ⁴¹	iɛ⁴¹	iɛ⁴¹	iɛ⁴¹	iɛ⁴¹	
傻		ʂa⁴⁴	ʂa⁴⁴	ʂa⁴⁴	ʂa⁴⁴	ʂa⁴⁴	ʂa⁴⁴	ʂa⁴⁴	ʂa⁴⁴	
耍		fa⁴⁴	fa⁴⁴	fa⁴⁴	fa⁴⁴	fa⁴⁴	fa⁴⁴	fa⁴⁴	fa⁴⁴	
瓜		kua²⁴	kua²⁴	kua²⁴	kua²⁴	kua²⁴	kua²⁴	kua²⁴	kua²⁴	
蜗		uo²⁴	uo²⁴	uo²⁴	uo²⁴	uo²⁴	uo²⁴	uo²⁴	uo²⁴	
寡		kua⁴⁴	kua⁴⁴	kua⁴⁴	kua⁴⁴	kua⁴⁴	kua⁴⁴	kua⁴⁴	kua⁴⁴	
剐		kua⁴⁴	kua⁴⁴	kua⁴⁴	kua⁴⁴	kua⁴⁴	kua⁴⁴	kua⁴⁴	kua⁴⁴	
夸		kʰua²⁴	kʰua²⁴	kʰua²⁴	kʰua²⁴	kʰua²⁴	kʰua²⁴	kʰua²⁴	kʰua²⁴	
跨		kʰua⁴¹	kʰua⁴¹	kʰua⁴¹	kʰua⁴¹	kʰua⁴¹	kʰua⁴¹	kʰua⁴¹	kʰua⁴¹	
瓦		ua⁴⁴	ua⁴⁴	ua⁴⁴	ua⁴⁴	ua⁴⁴	ua⁴⁴	ua⁴⁴	ua⁴⁴	
花		xua²⁴	xua²⁴	xua²⁴	xua²⁴	xua²⁴	xua²⁴	xua²⁴	xua²⁴	
化		xua⁴¹	xua⁴¹	xua⁴¹	xua⁴¹	xua⁴¹	xua⁴¹	xua⁴¹	xua⁴¹	
华	~中	xua⁵²	xua⁵²	xua⁵²	xua⁵²	xua⁵²	xua⁵²	xua⁵²	xua⁵²	
划	动词	xua⁴¹	xua⁴¹	xua⁴¹	xua⁴¹	xua⁴¹	xua⁴¹	xua⁴¹	xua⁵²	
华	~山	xua⁵²	xua⁴¹	xua⁴¹	xua⁴¹	xua⁵²	xua⁵²	xua⁵²	xua⁵²	
蛙		ua²⁴	ua²⁴	ua²⁴	ua²⁴	ua²⁴	ua²⁴	ua²⁴	ua²⁴	
洼	~低	ua⁴¹	ua⁴¹	ua⁴¹	ua⁴¹	ua⁴¹	ua⁴¹	ua⁴¹	ua⁴¹	
补		pu⁴⁴	pu⁴⁴	pu⁴⁴	pu⁴⁴	pu⁴⁴	pu⁴⁴	pu⁴⁴	pu⁴⁴	
谱		pʰu⁴⁴	pʰu⁴⁴	pʰu⁴⁴	pʰu⁴⁴	pʰu⁴⁴	pʰu⁴⁴	pʰu⁴⁴	pʰu⁴⁴	
布		pu⁴¹	pu⁴¹	pu⁴¹	pu⁴¹	pu⁴¹	pu⁴¹	pu⁴¹	pu⁴¹	
铺		pʰu²⁴	pʰu²⁴	pʰu²⁴	pʰu²⁴	pʰu²⁴	pʰu²⁴	pʰu²⁴	pʰu²⁴	
普		pʰu⁴⁴	pʰu⁴⁴	pʰu⁴⁴	pʰu⁴⁴	pʰu⁴⁴	pʰu⁴⁴	pʰu⁴⁴	pʰu⁴⁴	
浦		pʰu⁴⁴	pʰu⁴⁴	pʰu⁴⁴	pʰu⁴⁴	pʰu⁴⁴	pʰu⁴⁴	pʰu⁴⁴	pʰu⁴⁴	
铺	~店	pʰu⁴¹	pʰu⁴¹	pʰu⁴¹	pʰu⁴¹	pʰu⁴¹	pʰu⁴¹	pʰu⁴¹	pʰu⁴¹	
怖		pu⁴¹	pu⁴¹	pu⁴¹	pu⁴¹	pu⁴¹	pu⁴¹	pu⁴¹	pu⁴¹	
蒲		pʰu⁴⁴	pʰu⁴⁴	pʰu⁴⁴	pʰu⁴⁴	pʰu⁴⁴	pʰu⁴⁴	pʰu⁴⁴	pʰu⁴⁴	
菩		pʰu⁵²	pʰu⁵²	pʰu⁵²	pʰu⁵²	pʰu⁵²	pʰu⁵²	pʰu⁵²	pʰu⁵²	
脯		pʰu⁴⁴	pʰu⁴⁴	pʰu⁴⁴	pʰu⁴⁴	pʰu⁴⁴	pʰu⁴⁴	pu⁴⁴	pu⁴⁴	
部		pu⁴¹	pu⁴¹	pu⁴¹	pu⁴¹	pu⁴¹	pu⁴¹	pu⁴¹	pu⁴¹	
步		pu⁴¹	pu⁴¹	pu⁴¹	pu⁴¹	pu⁴¹	pu⁴¹	pu⁴¹	pu⁴¹	
捕		pʰu⁴⁴	pʰu⁴⁴	pu⁴⁴	pu⁴⁴	pʰu⁴⁴	pʰu⁴⁴	pu⁴⁴	pʰu⁴⁴	
哺		pʰu⁴⁴	pʰu⁴⁴	pʰu⁴⁴	pʰu⁴⁴	pʰu⁴⁴	pʰu⁴⁴	pu⁴⁴	pʰu⁴⁴	
模	~子	mu⁵²	mu⁵²	mu⁵²	mu⁵²	mo⁵²	mo⁵²	mo⁵²	mo⁵²	
模	~范	mo⁵²	mo⁵²	mo⁵²	mo⁵²	mo⁵²	mo⁵²	mo⁵²	mo⁵²	
摹		mo⁵²	mo⁵²	mo⁵²	mo⁵²	mo⁵²	mo⁵²	mo⁵²		
慕		mu⁴¹	mu⁴¹	mu⁴¹	mu⁴¹	mu⁴¹	mu⁴¹	mu⁴¹	mu⁴¹	
墓		mu⁴¹	mu⁴¹	mu⁴¹	mu⁴¹	mu⁴¹	mu⁴¹	mu⁴¹	mu⁴¹	
都	~城	tu²⁴	tu²⁴	tu²⁴	tu²⁴	tu²⁴	tu²⁴	tu²⁴	tu²⁴	
都	~是	tou²⁴	tou²⁴	tou²⁴	tou²⁴	tou²⁴	tou²⁴	tou²⁴	tou²⁴	
堵		tu⁴⁴	tu⁴⁴	tu⁴⁴	tu⁴⁴	tu⁴⁴	tu⁴⁴	tu⁴⁴	tu⁴⁴	
赌		tu⁴⁴	tu⁴⁴	tu⁴⁴	tu⁴⁴	tu⁴⁴	tu⁴⁴	tu⁴⁴	tu⁴⁴	
肚		tu⁴¹	tu⁴¹	tu⁴¹	tu⁴¹	tu⁴¹	tu⁴¹	tu⁴¹	tu⁴¹	
妒		tu⁴¹	tu⁴¹	tu⁴¹	tu⁴¹	tu⁴¹	tu⁴¹	tu⁴¹	tu⁴¹	
土		tʰu⁴⁴	tʰu⁴⁴	tʰu⁴⁴	tʰu⁴⁴	tʰu⁴⁴	tʰu⁴⁴	tʰu⁴⁴	tʰu⁴⁴	
吐	~痰	tʰu⁴⁴	tʰu⁴⁴	tʰu⁴⁴	tʰu⁴⁴	tʰu⁴⁴	tʰu⁴⁴	tʰu⁴⁴	tʰu⁴⁴	
吐		tʰu⁴⁴	tʰu⁴⁴	tʰu⁴⁴	tʰu⁴⁴	tʰu⁴⁴	tʰu⁴⁴	tʰu⁴⁴	tʰu⁴⁴	
兔		tʰu⁴¹	tʰu⁴¹	tʰu⁴¹	tʰu⁴¹	tʰu⁴¹	tʰu⁴¹	tʰu⁴¹	tʰu⁴¹	
徒		tʰu⁵²	tʰu⁵²	tʰu⁵²	tʰu⁵²	tʰu⁵²	tʰu⁵²	tʰu⁵²	tʰu⁵²	
途		tʰu⁵²	tʰu⁵²	tʰu⁵²	tʰu⁵²	tʰu⁵²	tʰu⁵²	tʰu⁵²	tʰu⁵²	
图		tʰu⁵²	tʰu⁵²	tʰu⁵²	tʰu⁵²	tʰu⁵²	tʰu⁵²	tʰu⁵²	tʰu⁵²	
涂		tʰu⁵²	tʰu⁴⁴	tʰu⁴⁴	tʰu⁴⁴	tʰu⁴⁴	tʰu⁴⁴	tʰu⁴⁴	tʰu⁴⁴	
杜		tu⁴¹	tu⁴¹	tu⁴¹	tu⁴¹	tu⁴¹	tu⁴¹	tu⁴¹	tu⁴¹	
度		tu⁴¹	tu⁴¹	tu⁴¹	tu⁴¹	tu⁴¹	tu⁴¹	tu⁴¹	tu⁴¹	
渡		tu⁴¹	tu⁴¹	tu⁴¹	tu⁴¹	tu⁴¹	tu⁴¹	tu⁴¹	tu⁴¹	
镀		tu⁴¹	tu⁴¹	tu⁴¹	tu⁴¹	tu⁴¹	tu⁴¹	tu⁴¹	tu⁴¹	
奴		nu⁵²	nu⁵²	nuŋ⁵²	nuŋ⁵²	nuŋ⁵²	nuŋ⁵²	nuŋ⁵²	nuŋ⁵²	
努		nuŋ⁴⁴	nuŋ⁴⁴	nuŋ⁴⁴	nuŋ⁴⁴	nuŋ⁴⁴	nuŋ⁴⁴	nuŋ⁴⁴	nuŋ⁴⁴	
怒		nu⁴¹	nu⁴¹	nu⁴¹	nu⁴¹	nu⁴¹	nuŋ⁴¹	nu⁴¹	nuŋ⁴¹	
庐		lu⁴⁴	lu⁴⁴	lu⁴⁴	lu⁴⁴	lu⁴⁴	lu⁴⁴	lu⁴⁴	lu⁴⁴	
炉		lu⁵²	lu⁵²	lu⁵²	lu⁵²	lu⁵²	lu⁵²	lu⁵²	lu⁵²	
芦		lu⁵²	lu⁵²	lu⁴⁴	lu⁴⁴	lu⁵²	lu⁵²	lu⁵²	lu⁵²	
鲁		lu⁴⁴	lu⁴⁴	lu⁴⁴	lu⁴⁴	lu⁴⁴	lu⁴⁴	lu⁴⁴	lu⁴⁴	
虏		lu⁴⁴	lu⁴⁴	lu⁴⁴	lu⁴⁴	lu⁴⁴	lu⁴⁴	lu⁴⁴	lu⁴⁴	
路		lu⁴¹	lu⁴¹	lu⁴¹	lu⁴¹	lu⁴¹	lu⁴¹	lu⁴¹	lu⁴¹	
赂		lu⁴¹	lu⁴¹	lu⁴¹	lu⁴¹	lu⁴¹	lu⁴¹	lu⁴¹	lu⁴¹	
露	~水	lu⁴¹	lu⁵²	lu⁴¹	lu⁴¹	lu⁵²	lu⁴¹	lu⁴¹	lu⁴¹	
租		tsu²⁴	tsu²⁴	tsu⁴⁴	tsu⁴⁴	tsu²⁴	tsu²⁴	tsu²⁴	tsu²⁴	
祖		tsu⁴⁴	tsu⁴⁴	tsu⁴⁴	tsu⁴⁴	tsu⁴⁴	tsu⁴⁴	tsu⁴⁴	tsu⁴⁴	
组		tsu⁴⁴	tsu⁵²	tsu⁵²	tsu⁵²	tsu⁴⁴	tsu⁵²	tsu⁵²	tsu⁵²	
做		tsu⁴¹	tsu⁴¹	tsu⁴¹	tsu⁴¹	tsu⁴¹	tsou⁴¹	tsou⁴¹	tsou⁴¹	
粗		tsʰu²⁴	tsʰu²⁴	tsʰu²⁴	tsʰu²⁴	tsʰu²⁴	tsʰu²⁴	tsʰu²⁴	tsʰu²⁴	
醋		tsʰu⁴¹	tsʰu⁴¹	tsʰu⁴¹	tsʰu⁴¹	tsʰu⁴¹	tsʰu⁴¹	tsʰu⁴¹	tsʰu⁴¹	
苏		su²⁴	su²⁴	su²⁴	su²⁴	su²⁴	su²⁴	su²⁴	su²⁴	
酥		su²⁴	su²⁴	su²⁴	su²⁴	su²⁴	su²⁴	su²⁴	su²⁴	
素		su⁴¹	su⁴¹	su⁴¹	su⁴¹	su⁴¹	su⁴¹	su⁴¹	su⁴¹	
诉		su⁴¹	su⁴¹	su⁴¹	su⁴¹	su⁴¹	su⁴¹	su⁴¹	su⁴¹	
塑		su⁴¹	su⁴¹	su²⁴	su⁴¹	su⁴¹	su²⁴	su²⁴	su²⁴	
姑		ku²⁴	ku²⁴	ku²⁴	ku²⁴	ku²⁴	ku²⁴	ku²⁴	ku²⁴	
孤		ku²⁴	ku²⁴	ku²⁴	ku²⁴	ku²⁴	ku²⁴	ku²⁴	ku²⁴	
箍		ku²⁴	ku²⁴	ku²⁴	ku²⁴	ku²⁴	ku²⁴	ku²⁴	ku²⁴	
古		ku⁴⁴	ku⁴⁴	ku⁴⁴	ku⁴⁴	ku⁴⁴	ku⁴⁴	ku⁴⁴	ku⁴⁴	
估		ku⁴⁴	ku⁴⁴	ku⁴⁴	ku⁴⁴	ku⁴⁴	ku⁴⁴	ku⁴⁴	ku⁴⁴	
股		ku⁴⁴	ku⁴⁴	ku⁴⁴	ku⁴⁴	ku⁴⁴	ku⁴⁴	ku⁴⁴	ku⁴⁴	
鼓		ku⁴⁴	ku⁴⁴	ku⁴⁴	ku⁴⁴	ku⁴⁴	ku⁴⁴	ku⁴⁴	ku⁴⁴	
故		ku⁴¹	ku⁴¹	ku⁴¹	ku⁴¹	ku⁴¹	ku⁴¹	ku⁴¹	ku⁴¹	
固		ku⁴¹	ku⁴¹	ku⁴¹	ku⁴¹	ku⁴¹	ku⁴¹	ku⁴¹	ku⁴¹	
雇		ku⁴¹	ku⁴¹	ku⁴¹	ku⁴¹	ku⁴¹	ku⁴¹	ku⁴¹	ku⁴¹	
顾		ku⁴¹	ku⁴¹	ku⁴¹	ku⁴¹	ku⁴¹	ku⁴¹	ku⁴¹	ku⁴¹	
枯		kʰu²⁴	kʰu²⁴	kʰu²⁴	kʰu²⁴	kʰu²⁴	kʰu²⁴	kʰu²⁴	kʰu²⁴	
苦		kʰu⁴⁴	kʰu⁴⁴	kʰu⁴⁴	kʰu⁴⁴	kʰu⁴⁴	kʰu⁴⁴	kʰu⁴⁴	kʰu⁴⁴	
库		kʰu⁴¹	kʰu⁴¹	kʰu⁴¹	kʰu⁴¹	kʰu⁴¹	kʰu⁴¹	kʰu⁴¹	kʰu⁴¹	
裤		kʰu⁴¹	kʰu⁴¹	kʰu⁴¹	kʰu⁴¹	kʰu⁴¹	kʰu⁴¹	kʰu⁴¹	kʰu⁴¹	
吴		u⁵²	u⁵²	u⁵²	u⁵²	u⁵²	u⁵²	u⁵²	u⁵²	
梧		u⁴⁴	u⁴⁴	u⁴⁴	u⁴⁴	u⁴⁴	u⁴⁴	u⁴⁴	u⁴⁴	
五		u⁴⁴	u⁴⁴	u⁴⁴	u⁴⁴	u⁴⁴	u⁴⁴	u⁴⁴	u⁴⁴	
午		u⁴⁴	u⁴⁴	u⁴⁴	u⁴⁴	u⁴⁴	u⁴⁴	u⁴⁴	u⁴⁴	
误		u⁴¹	u⁴¹	u⁴¹	u⁴¹	u⁴¹	u⁴¹	u⁴¹	u⁴¹	
捂		u⁴¹	u⁴⁴	u⁴¹	u⁴⁴	u⁴⁴	u⁴⁴	u⁴⁴	u⁴⁴	
呼		xu²⁴	xu²⁴	xu²⁴	xu²⁴	xu²⁴	xu²⁴	xu²⁴	xu²⁴	
虎		xu⁴⁴	xu⁴⁴	xu⁴⁴	xu⁴⁴	xu⁴⁴	xu⁴⁴	xu⁴⁴	xu⁴⁴	
浒		xu⁴⁴	xu⁴⁴	xu⁴⁴	xu⁴⁴	xu⁴⁴	xu⁴⁴	xu⁴⁴	xu⁴⁴	
胡		xu⁵²	xu⁵²	xu⁵²	xu⁵²	xu⁵²	xu⁵²	xu⁵²	xu⁵²	
湖		xu⁵²	xu⁵²	xu⁵²	xu⁵²	xu⁵²	xu⁵²	xu⁵²	xu⁵²	
狐		xu⁴⁴	xu⁴⁴	xu⁴⁴	xu⁴⁴	xu⁴⁴	xu⁴⁴	xu⁴⁴	xu⁴⁴	
壶		xu⁵²	xu⁵²	xu⁵²	xu⁵²	xu⁵²	xu⁵²	xu⁵²	xu⁵²	
糊		xu⁵²	xu⁵²	xu⁵²	xu⁵²	xu⁵²	xu⁵²	xu⁵²	xu⁵²	
葫		xu⁵²	xu⁵²	xu⁵²	xu⁵²	xu⁵²	xu⁵²	xu⁵²	xu⁵²	
户		xu⁴¹	xu⁴¹	xu⁴¹	xu⁴¹	xu⁴¹	xu⁴¹	xu⁴¹	xu⁴¹	
互		xu⁴¹	xu⁴¹	xu⁴¹	xu⁴¹	xu⁴¹	xu⁴¹	xu⁴¹	xu⁴¹	
护		xu⁴¹	xu⁴¹	xu⁴¹	xu⁴¹	xu⁴¹	xu⁴¹	xu⁴¹	xu⁴¹	
乌		u²⁴	u²⁴	u²⁴	u²⁴	u²⁴	u²⁴	u²⁴	u²⁴	
恶	~可	u⁴¹	u⁴¹	u⁴¹	u⁴¹	u⁴¹	u⁴¹	u⁴¹	u⁴¹	
女		ȵy⁴⁴	ȵy⁴⁴	ȵy⁴⁴	ȵy⁴⁴	ȵy⁴⁴	ȵy⁴⁴	ȵy⁴⁴	ȵy⁴⁴	
驴		ly⁵²	ly⁵²	ly⁵²	ly⁵²	ly⁵²	ly⁵²	ly⁵²	ly⁵²	
旅		ly⁴⁴	ly⁴⁴	ly⁴⁴	ly⁴⁴	ly⁴⁴	ly⁴⁴	ly⁴⁴	ly⁴⁴	
虑		ly⁴¹	ly²⁴	ly⁴¹	ly⁴¹	ly⁴¹	ly⁴¹	ly⁴¹	ly⁴¹	
滤		ly⁴¹	ly⁴¹	ly⁴¹	ly⁴¹	ly⁴¹	ly⁴¹	ly⁴¹	ly⁴¹	
蛆		tsʰy²⁴	tsʰy²⁴	tsʰy²⁴	tsʰy²⁴	tsʰy²⁴	tsʰy²⁴	tsʰy²⁴	tsʰy²⁴	
絮		sy⁴¹	sy⁴¹	sy⁴¹	sy⁴¹	sy⁴¹	sy⁴¹	sy⁴¹	sy⁴¹	
徐		sy⁵²	sy⁵²	sy⁵²	sy⁵²	sy⁵²	sy⁵²	ɕy⁵²	sy⁵²	
序		sy⁴¹	sy⁴¹	sy⁴¹	sy⁴¹	sy⁴¹	sy⁴¹	sy⁴¹	sy⁴¹	
绪		sy⁴¹	sy⁴¹	sy⁴¹	sy⁴¹	sy⁴¹	sy⁴¹	sy⁴¹	sy⁴¹	
猪		tʂu²⁴	tʂu²⁴	tʂu²⁴	tʂu²⁴	tʂu²⁴	tʂu²⁴	tʂu²⁴	tʂu²⁴	
著		tʂu⁴¹	tʂu⁴¹	tʂu⁴¹	tʂu⁴¹	tʂu⁴¹	tʂu⁴¹	tʂu⁴¹	tʂu⁴¹	
除		tʂʰu⁵²	tʂʰu⁵²	tʂʰu⁵²	tʂʰu⁵²	tʂʰu⁵²	tʂʰu⁵²	tʂʰu⁵²	tʂʰu⁵²	
阻		tsu⁴⁴	tsu⁴⁴	tsu⁴⁴	tsu⁴⁴	tsu⁴⁴	tsu⁴⁴	tsu⁴⁴	tsu⁴⁴	
初		tʂʰuo²⁴	tʂʰuo²⁴	tʂʰuo²⁴	tʂʰuo²⁴	tʂʰuo²⁴	tʂʰu²⁴	tʂʰu²⁴	tʂʰuo²⁴	
楚		tʂʰuo⁴⁴	tʂʰuo⁴⁴	tʂʰuo⁴⁴	tʂʰuo⁴⁴	tʂʰuo⁴⁴	tʂʰu⁴⁴	tʂʰu⁴⁴	tʂʰuo⁴⁴	
锄		tʂʰuo⁵²	tʂʰuo⁵²	tʂʰuo⁵²	tʂʰuo⁵²	tʂʰuo⁵²	tʂʰu⁵²	tʂʰu⁵²	tʂʰuo⁵²	
助		tʂu⁴¹	tʂu⁴¹	tʂu⁴¹	tʂu⁴¹	tʂu⁴¹	tʂu⁴¹	tʂu⁴¹	tʂu⁴¹	
梳		fo²⁴	fo²⁴	fo²⁴	fo²⁴	fo²⁴	fo²⁴	fo²⁴	fo²⁴	
蔬		ʂu²⁴	fu²⁴	ʂu²⁴	ʂu²⁴	fu²⁴	fu²⁴	fu²⁴	ʂu²⁴	
所		ʂuo⁴⁴	ʂuo⁴⁴	ʂuo⁴⁴/\nfo⁴⁴	ʂuo⁴⁴/\nfo⁴⁴	ʂuo⁴⁴	ʂuo⁴⁴	ʂuo⁴⁴	ʂuo⁴⁴	
煮		tʂu⁴⁴	tʂu⁴⁴	tʂu⁴⁴	tʂu⁴⁴	tʂu⁴⁴	tʂu⁴⁴	tʂu⁴⁴	tʂu⁴⁴	
处	~相	tʂʰu⁴¹	tʂʰu⁴¹	tʂʰu⁴¹	tʂʰu⁴¹	tʂʰu⁴¹	tʂʰu⁴¹	tʂʰu⁴¹	tʂʰu⁴¹	
处	~所	tʂʰu⁴¹	tʂʰu⁴¹	tʂʰu⁴¹	tʂʰu⁴¹	tʂʰu⁴¹	tʂʰu⁴¹	tʂʰu⁴¹	tʂʰu⁴¹	
书		fu²⁴	fu²⁴	fu²⁴	fu²⁴	fu²⁴	fu²⁴	fu²⁴	fu²⁴	
舒		fu²⁴	fu²⁴	fu²⁴	fu²⁴	fu²⁴	fu²⁴	fu²⁴	fu²⁴	
暑		fu⁴⁴	fu⁴⁴	fu⁴⁴	fu⁴⁴	fu⁴⁴	fu⁴⁴	fu⁵²	fu⁴⁴	
鼠		fu⁴⁴	fu⁴⁴	fu⁴⁴	fu⁴⁴	fu⁴⁴	fu⁴⁴	fu⁴⁴	fu⁴⁴	
恕		ʂu⁴¹	ʂu⁴¹	ʂu⁴¹	ʂu⁴¹	ʂu⁴¹	ʂu⁴¹	ʂu⁴¹	ʂu⁴¹	
薯		fu⁴⁴	fu⁴⁴	fu⁴⁴	ʂu⁴⁴	fu⁴⁴	fu⁴⁴	fu⁴⁴	fu⁴⁴	
如		lu⁵²	lu⁵²	lu⁵²	lu⁵²	lu⁵²	ʐu⁵²	ʐu⁵²	ʐu⁵²	
茹		lu⁵²	lu⁵²	lu⁵²	lu⁵²	lu⁵²	ʐu⁵²	ʐu⁵²	ʐu⁵²	
居		tɕy²⁴	tɕy²⁴	tɕy⁴¹	tɕy⁴¹	tɕy²⁴	tɕy²⁴	tɕy²⁴	tɕy²⁴	
据		tɕy⁴¹	tɕy⁴¹	tɕy⁴¹	tɕy⁴¹	tɕy⁴¹	tɕy⁴¹	tɕy⁴¹	tɕy⁴¹	
举		tɕy⁴⁴	tɕy⁴⁴	tɕy⁴⁴	tɕy⁴⁴	tɕy⁴⁴	tɕy⁴⁴	tɕy⁴⁴	tɕy⁴⁴	
锯		tɕy⁴¹	tɕy⁴¹	tɕy⁴¹	tɕy⁴¹	tɕy⁴¹	tɕy⁴¹	tɕy⁴¹	tɕy⁴¹	
去		tɕʰy⁴¹	tɕʰy⁴¹	tɕʰy⁴¹	tɕʰy⁴¹	tɕʰy⁴¹	tɕʰy⁴¹	tɕʰy⁴¹	tɕʰy⁴¹	
巨		tɕy⁴¹	tɕy⁴¹	tɕy⁴¹	tɕy⁴¹	tɕy⁴¹	tɕy⁴¹	tɕy⁴¹	tɕy⁴¹	
拒		tɕy⁴¹	tɕy⁴¹	tɕy⁴¹	tɕy⁴¹	tɕy⁴¹	tɕy⁴¹	tɕy⁴¹	tɕy⁴¹	
距		tɕy⁴¹	tɕy⁴¹	tɕy⁴¹	tɕy⁴¹	tɕy⁴¹	tɕy⁴¹	tɕy⁴¹	tɕy⁴¹	
鱼		y⁵²	y⁵²	y⁵²	y⁵²	y⁵²	y⁵²	y⁵²	y⁵²	
语		y⁴⁴	y⁴⁴	y⁴⁴	y⁴⁴	y⁴⁴	y⁴⁴	y⁴⁴	y⁴⁴	
虚		ɕy²⁴	ɕy²⁴	ɕy²⁴	ɕy²⁴	ɕy²⁴	ɕy²⁴	ɕy²⁴	ɕy²⁴	
许		ɕy⁴⁴	ɕy⁴⁴	ɕy⁴⁴	ɕy⁴⁴	ɕy⁴⁴	ɕy⁴⁴	ɕy⁴⁴	ɕy⁴⁴	
余		y⁵²	y⁵²	y⁵²	y⁵²	y⁵²	y⁵²	y⁵²	y⁵²	
与		y⁴⁴	y⁴⁴	y⁴⁴	y⁴⁴	y⁴⁴	y⁴⁴	y⁴⁴	y⁴⁴	
誉		y⁴¹	y⁴¹	y⁴¹	y⁴¹	y⁴¹	y⁴¹	y⁴¹	y⁴¹	
预		y⁴¹	y⁴¹	y⁴¹	y⁴¹	y⁴¹	y⁴¹	y⁴¹	y⁴¹	
豫		y⁴¹	y⁴¹	y⁴¹	y⁴¹	y⁴¹	y⁴¹	y⁴¹	y⁴¹	
夫		fu²⁴	fu²⁴	fu²⁴	fu²⁴	fu²⁴	fu²⁴	fu²⁴	fu²⁴	
肤		fu²⁴	fu²⁴	fu²⁴	fu²⁴	fu²⁴	fu²⁴	fu²⁴	fu²⁴	
府		fu⁴⁴	fu⁴⁴	fu⁴⁴	fu⁴⁴	fu⁴⁴	fu⁴⁴	fu⁴⁴	fu⁴⁴	
斧		fu⁴⁴	fu⁴⁴	fu⁴⁴	fu⁴⁴	fu⁴⁴	fu⁴⁴	fu⁴⁴	fu⁴⁴	
付		fu⁴¹	fu⁴¹	fu⁴¹	fu⁴¹	fu⁴¹	fu⁴¹	fu⁴¹	fu⁴¹	
傅		fu⁴¹	fu⁴¹	fu⁴¹/\nfu⁴⁴	fu⁴¹/\nfu⁴⁴	fu⁴¹	fu⁴¹	fu⁴¹	fu⁴¹	
敷		fu⁵²	fu⁵²	fu⁵²	fu⁵²	fu⁵²	fu⁴⁴	fu⁵²	fu⁴¹	
孵		fu⁵²	fu⁵²	fu⁵²	fu⁵²	fu⁵²	fu⁵²	fu⁵²	fu⁵²	
赴		fu⁴¹	fu⁴¹		pʰu⁴⁴	fu⁴¹	fu⁴¹	fu⁴¹	fu⁴¹	
符		fu⁵²	fu⁵²	fu⁵²	fu⁵²	fu⁵²	fu⁵²	fu⁵²	fu⁵²	
扶		fu⁵²	fu⁵²	fu⁵²	fu⁵²	fu⁵²	fu⁵²	fu⁵²	fu⁵²	
父		fu⁴¹	fu⁴¹	fu⁴¹	fu⁴¹	fu⁴¹	fu⁴¹	fu⁴¹	fu⁴¹	
腐		fu⁴⁴	fu⁴⁴	fu⁵²	fu⁵²	fu⁴⁴	fu⁵²	fu⁵²	fu⁵²	
附		fu⁴¹	fu⁴¹	fu⁴¹	fu⁵²	fu⁴¹	fu⁵²	fu⁵²	fu⁵²	
无		u⁵²	u⁵²	u⁵²	u⁵²	u⁵²	u⁵²	u⁵²	u⁵²	
巫		u²⁴	u²⁴	u²⁴	u²⁴	u²⁴	u²⁴	u²⁴	u²⁴	
武		u⁴⁴	u⁴⁴	u⁴⁴	u⁴⁴	u⁴⁴	u⁴⁴	u⁴⁴	u⁴⁴	
舞		u⁴⁴	u⁴⁴	u⁴⁴	u⁴⁴	u⁴⁴	u⁴⁴	u⁴⁴	u⁴⁴	
侮		u²⁴	u²⁴	u²⁴	u²⁴	u²⁴	u²⁴	u²⁴	u²⁴	
鹉		u⁴⁴	u⁴⁴	u⁴⁴	u⁴⁴	u⁴⁴	u⁴⁴	u⁴⁴	u⁴⁴	
务		u⁴¹	u⁴¹	u⁴¹	u⁴¹	u⁴¹	u⁴¹	u⁴¹	u⁴¹	
雾		u⁴¹	u⁴¹	u⁴¹	u⁴¹	u⁴¹	u⁴¹	u⁴¹	u⁴¹	
缕		ly⁴⁴	ly⁴⁴	ly⁴⁴	ly⁴⁴	ly⁴⁴	ly⁴⁴	ly⁴⁴	ly⁴⁴	
取		tsʰy⁴⁴	tsʰy⁴⁴	tsʰy⁴⁴	tsʰy⁴⁴	tsʰy⁴⁴	tsʰy⁴⁴	tsʰy⁴⁴	tsʰy⁴⁴	
娶		tsʰy⁴⁴	tsʰy⁴⁴	tsʰy⁴⁴	tsʰy⁴⁴	tsʰy⁴⁴	tsʰy⁴⁴	tsʰy⁴⁴	tsʰy⁴⁴	
趣		tsʰy⁴¹	tsʰy⁴¹	tsʰy⁴¹	tsʰy⁴¹	tsʰy⁴¹	tsʰy⁴¹	tsʰy⁴¹	tsʰy⁴¹	
聚		tsy⁴¹	tsy⁴¹	tsy⁴¹	tsy⁴¹	tsy⁴¹	tsy⁴¹	tsy⁴¹	tsy⁴¹	
须		sy²⁴	sy²⁴	sy²⁴	sy²⁴	sy²⁴	sy²⁴	sy²⁴	sy²⁴	
需		sy²⁴	sy²⁴	sy²⁴	sy²⁴	sy²⁴	sy²⁴	sy²⁴	sy²⁴	
续		sy⁴¹	sy⁴¹	sy⁴¹	sy⁴¹	sy⁴¹	sy⁴¹	sy⁴¹	sy⁴¹	
蛛		tʂu²⁴	tʂu²⁴	tʂu²⁴	tʂu²⁴	tʂu²⁴	tʂu²⁴	tʂu²⁴	tʂu²⁴	
拄		tʂu⁴⁴	tʂu⁴⁴	tʂu⁴⁴	tʂu⁴⁴	tʂu⁴⁴	tʂu⁴⁴	tʂu⁴⁴	tʂu⁴⁴	
厨		tʂʰu⁵²	tʂʰu⁵²	tʂʰu⁵²	tʂʰu⁵²	tʂʰu⁵²	tʂʰu⁵²	tʂʰu⁵²	tʂʰu⁵²	
柱		tʂu⁴¹	tʂu⁴¹	tʂu⁴¹	tʂu⁴¹	tʂu⁴¹	tʂu⁴¹	tʂu⁴¹	tʂu⁴¹	
住		tʂu⁴¹	tʂu⁴¹	tʂu⁴¹	tʂu⁴¹	tʂu⁴¹	tʂu⁴¹	tʂu⁴¹	tʂu⁴¹	
数		fo⁴¹	fo⁴¹	fo⁴¹	fo⁴¹	fo⁴¹	fo⁴¹	fo⁴¹	fo⁴¹	
朱		tʂu²⁴	tʂu²⁴	tʂu²⁴	tʂu²⁴	tʂu²⁴	tʂu²⁴	tʂu²⁴	tʂu²⁴	
珠		tʂu²⁴	tʂu²⁴	tʂu²⁴	tʂu²⁴	tʂu²⁴	tʂu²⁴	tʂu²⁴	tʂu²⁴	
主		tʂu⁴⁴	tʂu⁴⁴	tʂu⁴⁴	tʂu⁴⁴	tʂu⁴⁴	tʂu⁴⁴	tʂu⁴⁴	tʂu⁴⁴	
输	~赢	tʂʰu²⁴/\nʐu²⁴/lu²\n⁴	tʂʰu²⁴/\nʐu²⁴/lu\n²⁴	tʂʰu²⁴/ʐu\n²⁴	tʂʰu²⁴/\nʐu²⁴/lu²\n⁴	tʂʰu²⁴/ʐu²\n⁴	ʐu²⁴	ʐu²⁴	ʐu²⁴	
殊		tʂʰu⁵²	tʂʰu⁵²	tʂʰu⁵²	tʂʰu⁵²	tʂʰu⁵²	tʂʰu⁵²	tʂʰu⁵²	tʂʰu⁵²	
竖		fu⁴¹	fu⁴¹	fu⁴¹	fu⁴¹	fu⁴¹	fu⁴¹	fu⁴¹	fu⁴¹	
树		fu⁴¹	fu⁴¹	fu⁴¹	fu⁴¹	fu⁴¹	fu⁴¹	fu⁴¹	fu⁴¹	
乳		lu⁴⁴	ʐu⁴⁴	lu⁴⁴	lu⁴⁴	ʐu⁴⁴	ʐu⁴⁴	ʐu⁴⁴	ʐu⁴⁴	
拘		tɕy²⁴	tɕy²⁴	tɕy²⁴	tɕy²⁴	tɕy²⁴	tɕy²⁴	tɕy²⁴	tɕy²⁴	
俱		tɕy⁴¹	tɕy⁴¹	tɕy⁴¹	tɕy⁴¹	tɕy⁴¹	tɕy⁴¹	tɕy⁴¹	tɕy⁴¹	
矩		tɕy⁴⁴	tɕy⁴⁴	tɕy⁴⁴	tɕy⁴⁴	tɕy⁴⁴	tɕy⁴⁴	tɕy⁴⁴	tɕy⁴⁴	
句		tɕy⁴¹	tɕy⁴¹	tɕy⁴¹	tɕy⁴¹	tɕy⁴¹	tɕy⁴¹	tɕy⁴¹	tɕy⁴¹	
区		tɕʰy²⁴	tɕʰy²⁴	tɕʰy²⁴	tɕʰy²⁴	tɕʰy²⁴	tɕʰy²⁴	tɕʰy²⁴	tɕʰy²⁴	
具		tɕy⁴¹	tɕy⁴¹	tɕy⁴¹	tɕy⁴¹	tɕy⁴¹	tɕy⁴¹	tɕy⁴¹	tɕy⁴¹	
惧		tɕy⁴¹	tɕy⁴¹	tɕy⁴¹	tɕy⁴¹	tɕy⁴¹	tɕy⁴¹	tɕy⁴¹	tɕy⁴¹	
愚		y⁴⁴	y⁴⁴	y⁴⁴	y⁴⁴	y⁴⁴	y⁴⁴	y⁴⁴	y⁴⁴	
虞		y⁵²	y⁵²	y⁵²	y⁵²	y⁵²	y⁵²	y⁵²	y⁵²	
娱		y⁴¹	y⁴¹	y⁴¹	y⁴¹	y⁴¹	y⁴¹	y⁴¹	y⁴¹	
遇		y⁴¹	y⁴¹	y⁴¹	y⁴¹	y⁴¹	y⁴¹	y⁴¹	y⁴¹	
于		y⁴⁴	y⁴⁴	y⁴⁴	y⁴⁴	y⁴⁴	y⁴⁴	y⁴⁴	y⁴⁴	
雨		y⁴⁴	y⁴⁴	y⁴⁴	y⁴⁴	y⁴⁴	y⁴⁴	y⁴⁴	y⁴⁴	
宇		y⁴⁴	y⁴⁴	y⁴⁴	y⁴⁴	y⁴⁴	y⁴⁴	y⁴⁴	y⁴⁴	
羽		y⁴⁴	y⁴⁴	y⁴⁴	y⁴⁴	y⁴⁴	y⁴⁴	y⁴⁴	y⁴⁴	
芋		y⁴¹	y⁴¹	y⁴¹	y⁴¹	y⁴¹	y⁴¹	y⁴¹	y⁴¹	
榆		y⁵²	y⁵²	y⁵²/y⁴¹	y⁵²/y⁴¹	y⁵²	y⁵²	y⁵²	y⁵²	
愉		y⁴¹	y⁴¹	y⁴¹	y⁴¹	y⁴¹	y⁴¹	y⁴¹	y⁴¹	
愈		y⁴¹	y⁴¹	y⁴¹	y⁴¹	y⁴¹	y⁴¹	y⁴¹	y⁴¹	
喻		y⁴¹	y⁴⁴	y⁴¹	y⁴¹	y⁴¹	y⁴¹	y⁴¹	y⁴¹	
呆		tɛ²⁴	tɛ²⁴	tɛ²⁴	tɛ²⁴	tɛ²⁴	tɛ²⁴	tɛ²⁴	tɛ²⁴	
戴		tɛ⁴¹	tɛ⁴¹	tɛ⁴¹	tɛ⁴¹	tɛ⁴¹	tɛ⁴¹	tɛ⁴¹	tɛ⁴¹	
胎		tʰɛ²⁴	tʰɛ²⁴	tʰɛ²⁴	tʰɛ²⁴	tʰɛ²⁴	tʰɛ²⁴	tʰɛ²⁴	tʰɛ²⁴	
台		tʰɛ⁵²	tʰɛ⁵²	tʰɛ⁵²	tʰɛ⁵²	tʰɛ⁵²	tʰɛ⁵²	tʰɛ⁵²	tʰɛ⁵²	
贷		tɛ⁴¹	tɛ⁴¹	tɛ⁴¹	tɛ⁴¹	tɛ⁴¹	tɛ⁴¹	tɛ⁴¹	tɛ⁴¹	
苔		tʰɛ⁵²	tʰɛ⁵²	tʰɛ⁵²	tʰɛ⁵²	tʰɛ⁵²	tʰɛ⁵²	tʰɛ⁵²	tʰɛ⁵²	
抬		tʰɛ⁵²	tʰɛ⁵²	tʰɛ⁵²	tʰɛ⁵²	tʰɛ⁵²	tʰɛ⁵²	tʰɛ⁵²	tʰɛ⁵²	
待		tɛ⁴¹	tɛ⁴¹	tɛ⁴¹	tɛ⁴¹	tɛ⁴¹	tɛ⁴¹	tɛ⁴¹	tɛ⁴¹	
代		tɛ⁴¹	tɛ⁴¹	tɛ⁴¹	tɛ⁴¹	tɛ⁴¹	tɛ⁴¹	tɛ⁴¹	tɛ⁴¹	
袋		tɛ⁴¹	tɛ⁴¹	tɛ⁴¹	tɛ⁴¹	tɛ⁴¹	tɛ⁴¹	tɛ⁴¹	tɛ⁴¹	
耐		nɛ⁴¹	nɛ⁴¹	nɛ⁴¹	nɛ⁴¹	nɛ⁴¹	nɛ⁴¹	nɛ⁴¹	nɛ⁴¹	
来		lɛ⁵²	lɛ⁵²	lɛ⁵²	lɛ⁵²	lɛ⁵²	lɛ⁵²	lɛ⁵²	lɛ⁵²	
灾		tsɛ²⁴	tsɛ²⁴	tsɛ²⁴	tsɛ²⁴	tsɛ²⁴	tsɛ²⁴	tsɛ²⁴	tsɛ²⁴	
栽		tsɛ²⁴	tsɛ²⁴	tsɛ²⁴	tsɛ²⁴	tsɛ²⁴	tsɛ²⁴	tsɛ²⁴	tsɛ²⁴	
宰		tsɛ⁴⁴	tsɛ⁴⁴	tsɛ⁴⁴	tsɛ⁴⁴	tsɛ⁴⁴	tsɛ⁴⁴	tsɛ⁴⁴	tsɛ⁴⁴	
再		tsɛ⁴¹	tsɛ⁴¹	tsɛ⁴¹	tsɛ⁴¹	tsɛ⁴¹	tsɛ⁴¹	tsɛ⁴¹	tsɛ⁴¹	
载		tsɛ⁴¹	tsɛ⁴¹	tsɛ⁴¹	tsɛ⁴¹	tsɛ⁴¹	tsɛ⁴¹	tsɛ⁴¹	tsɛ⁴¹	
猜		tsʰɛ²⁴	tsʰɛ²⁴	tsʰɛ²⁴	tsʰɛ²⁴	tsʰɛ²⁴	tsʰɛ²⁴	tsʰɛ²⁴	tsʰɛ²⁴	
彩		tsʰɛ⁴⁴	tsʰɛ⁴⁴	tsʰɛ⁴⁴	tsʰɛ⁴⁴	tsʰɛ⁴⁴	tsʰɛ⁴⁴	tsʰɛ⁴⁴	tsʰɛ⁴⁴	
菜		tsʰɛ⁴¹	tsʰɛ⁴¹	tsʰɛ⁴¹	tsʰɛ⁴¹	tsʰɛ⁴¹	tsʰɛ⁴¹	tsʰɛ⁴¹	tsʰɛ⁴¹	
才		tsʰɛ⁵²	tsʰɛ⁵²	tsʰɛ⁵²	tsʰɛ⁵²	tsʰɛ⁵²	tsʰɛ⁵²	tsʰɛ⁵²	tsʰɛ⁵²	
财		tsʰɛ⁵²	tsʰɛ⁵²	tsʰɛ⁵²	tsʰɛ⁵²	tsʰɛ⁵²	tsʰɛ⁵²	tsʰɛ⁵²	tsʰɛ⁵²	
裁		tsʰɛ⁴⁴	tsʰɛ⁴⁴	tsʰɛ⁴⁴	tsʰɛ⁴⁴	tsʰɛ⁴⁴	tsʰɛ⁴⁴	tsʰɛ⁴⁴	tsʰɛ⁴⁴	
在		tsɛ⁴¹	tsɛ⁴¹	tsɛ⁴¹	tsɛ⁴¹	tsɛ⁴¹	tsɛ⁴¹	tsɛ⁴¹	tsɛ⁴¹	
腮		sɛ²⁴	sɛ²⁴	sɛ²⁴	sɛ²⁴	sɛ²⁴	sɛ²⁴	sɛ²⁴	sɛ²⁴	
赛		sɛ⁴¹	sɛ⁴¹	sɛ⁴¹	sɛ⁴¹	sɛ⁴¹	sɛ⁴¹	sɛ⁴¹	sɛ⁴¹	
该		kɛ²⁴	kɛ²⁴	kɛ²⁴	kɛ²⁴	kɛ²⁴	kɛ²⁴	kɛ²⁴	kɛ²⁴	
改		kɛ⁴⁴	kɛ⁴⁴	kɛ⁴⁴	kɛ⁴⁴	kɛ⁴⁴	kɛ⁴⁴	kɛ⁴⁴	kɛ⁴⁴	
概		kɛ⁴¹	kɛ⁴¹	kɛ⁴¹	kɛ⁴¹	kɛ⁴¹	kɛ⁴¹	kɛ⁴¹	kɛ⁴¹	
开		kʰɛ²⁴	kʰɛ²⁴	kʰɛ²⁴	kʰɛ²⁴	kʰɛ²⁴	kʰɛ²⁴	kʰɛ²⁴	kʰɛ²⁴	
凯		kʰɛ⁴⁴	kʰɛ⁴⁴	kʰɛ⁴⁴	kʰɛ⁴⁴	kʰɛ⁴⁴	kʰɛ⁴⁴	kʰɛ⁴⁴	kʰɛ⁴⁴	
海		xɛ⁴⁴	xɛ⁴⁴	xɛ⁴⁴	xɛ⁴⁴	xɛ⁴⁴	xɛ⁴⁴	xɛ⁴⁴	xɛ⁴⁴	
孩		xɛ⁴¹	xɛ⁴¹	xɛ⁴¹	xɛ⁴¹	xɛ⁴¹	xɛ⁴¹	xɛ⁴¹	xɛ⁴¹	
哀		ɣɛ²⁴	ɣɛ²⁴	ɣɛ²⁴	ɣɛ²⁴	ɣɛ²⁴	ɣɛ²⁴	ɣɛ²⁴	ɣɛ²⁴	
爱		ɣɛ⁴¹	ɣɛ⁴¹	ɣɛ⁴¹	ɣɛ⁴¹	ɣɛ⁴¹	ɣɛ⁴¹	ɣɛ⁴¹	ɣɛ⁴¹	
贝		pei⁴¹	pei⁴¹	pei⁴¹	pei⁴¹	pei⁴¹	pei⁴¹	pei⁴¹	pei⁴¹	
带		tɛ⁴¹	tɛ⁴¹	tɛ⁴¹	tɛ⁴¹	tɛ⁴¹	tɛ⁴¹	tɛ⁴¹	tɛ⁴¹	
太		tʰɛ⁴¹	tʰɛ⁴¹	tʰɛ⁴¹	tʰɛ⁴¹	tʰɛ⁴¹	tʰɛ⁴¹	tʰɛ⁴¹	tʰɛ⁴¹	
泰		tʰɛ⁴¹	tʰɛ⁴¹	tʰɛ⁴¹	tʰɛ⁴¹	tʰɛ⁴¹	tʰɛ⁴¹	tʰɛ⁴¹	tʰɛ⁴¹	
大	~夫	tɛ⁴¹	tɛ⁴¹	tɛ⁴¹	tɛ⁴¹	tɛ⁴¹	tɛ⁴¹	tɛ⁴¹	tɛ⁴¹	
赖		lɛ⁴¹	lɛ⁴¹	lɛ⁴¹	lɛ⁴¹	lɛ⁴¹	lɛ⁴¹	lɛ⁴¹	lɛ⁴¹	
癞		lɛ⁴¹	lɛ⁴¹	lɛ⁴¹	lɛ⁴¹	lɛ⁴¹	lɛ⁴¹	lɛ⁴¹	lɛ⁴¹	
蔡		tsʰɛ⁴¹	tsʰɛ⁴¹	tsʰɛ⁴¹	tsʰɛ⁴¹	tsʰɛ⁴¹	tsʰɛ⁴¹	tsʰɛ⁴¹	tsʰɛ⁴¹	
丐		kɛ⁴¹	kɛ⁴¹	kɛ⁴¹	kɛ⁴¹	kɛ⁴¹	kɛ⁴¹	kɛ⁴¹	kɛ⁴¹	
艾		ɣɛ⁴¹	ɣɛ⁴¹	ɣɛ⁴¹	ɣɛ⁴¹	ɣɛ⁴¹	ɣɛ⁴¹	ɣɛ⁴¹	ɣɛ⁴¹	
害		xɛ⁴¹	xɛ⁴¹	xɛ⁴¹	xɛ⁴¹	xɛ⁴¹	xɛ⁴¹	xɛ⁴¹	xɛ⁴¹	
拜		pɛ⁴¹	pɛ⁴¹	pɛ⁴¹	pɛ⁴¹	pɛ⁴¹	pɛ⁴¹	pɛ⁴¹	pɛ⁴¹	
排		pʰɛ⁵²	pʰɛ⁵²	pʰɛ⁵²	pʰɛ⁵²	pʰɛ⁵²	pʰɛ⁵²	pʰɛ⁵²	pʰɛ⁵²	
埋		mɛ⁵²	mɛ⁵²	mɛ⁵²	mɛ⁵²	mɛ⁵²	mɛ⁵²	mɛ⁵²	mɛ⁵²	
斋		tsɛ²⁴	tsɛ²⁴	tsɛ²⁴	tsɛ²⁴	tsɛ²⁴	tʂɛ²⁴	tʂɛ²⁴	tʂɛ²⁴	
介		tɕiɛ⁴¹	tɕiɛ⁴¹	tɕiɛ⁴¹	tɕiɛ⁴¹	tɕiɛ⁴¹	tɕiɛ⁴¹	tɕiɛ⁴¹	tɕiɛ⁴¹	
界		tɕiɛ⁴¹	tɕiɛ⁴¹	tɕiɛ⁴¹	tɕiɛ⁴¹	tɕiɛ⁴¹	tɕiɛ⁴¹	tɕiɛ⁴¹	tɕiɛ⁴¹	
戒		tɕiɛ⁴¹	tɕiɛ⁴¹	tɕiɛ⁴¹	tɕiɛ⁴¹	tɕiɛ⁴¹	tɕiɛ⁴¹	tɕiɛ⁴¹	tɕiɛ⁴¹	
械		tɕiɛ⁴¹	tɕiɛ⁴¹	tɕiɛ⁴¹	tɕiɛ⁴¹	tɕiɛ⁴¹	tɕiɛ⁴¹	tɕiɛ⁴¹	tɕiɛ⁴¹	
挨	~近	ɣɛ²⁴	ɣɛ²⁴	ɣɛ²⁴	ɣɛ²⁴	ɣɛ²⁴	ɣɛ²⁴	ɣɛ²⁴	ɣɛ²⁴	
挨	~打	ɣɛ⁵²	ɣɛ⁵²	ɣɛ⁵²	ɣɛ⁵²	ɣɛ⁵²	ɣɛ⁵²	ɣɛ⁵²	ɣɛ⁵²	
摆		pɛ⁴⁴	pɛ⁴⁴	pɛ⁴⁴	pɛ⁴⁴	pɛ⁴⁴	pɛ⁴⁴	pɛ⁴⁴	pɛ⁴⁴	
派		pʰɛ⁴¹	pʰɛ⁴¹	pʰɛ⁴¹	pʰɛ⁴¹	pʰɛ⁴¹	pʰɛ⁴¹	pʰɛ⁴¹	pʰɛ⁴¹	
牌		pʰɛ⁵²	pʰɛ⁵²	pʰɛ⁵²	pʰɛ⁵²	pʰɛ⁵²	pʰɛ⁵²	pʰɛ⁵²	pʰɛ⁵²	
买		mɛ⁴⁴	mɛ⁴⁴	mɛ⁴⁴	mɛ⁴⁴	mɛ⁴⁴	mɛ⁴⁴	mɛ⁴⁴	mɛ⁴⁴	
卖		mɛ⁴¹	mɛ⁴¹	mɛ⁴¹	mɛ⁴¹	mɛ⁴¹	mɛ⁴¹	mɛ⁴¹	mɛ⁴¹	
奶		nɛ⁴⁴/\nnan⁴⁴	nɛ⁴⁴/\nnan⁴⁴	nɛ⁴⁴/\nnan⁴⁴	nɛ⁴⁴/\nnan⁴⁴	nɛ⁴⁴/\nnan⁴⁴	nɛ⁴⁴/\nnan⁴⁴	nɛ⁴⁴/\nnan⁴⁴	nɛ⁴⁴/\nnan⁴⁴	
债		tsɛ⁴¹	tsɛ⁴¹	tsɛ⁴¹	tsɛ⁴¹	tsɛ⁴¹	tʂɛ⁴¹	tʂɛ⁴¹	tʂɛ⁴¹	
差	出~	tsʰɛ²⁴	tsʰɛ²⁴	tsʰɛ²⁴	tsʰɛ²⁴	tsʰɛ²⁴	tʂʰɛ²⁴	tʂʰɛ²⁴	tʂʰɛ²⁴	
柴		tsʰɛ⁵²	tsʰɛ⁵²	tsʰɛ⁵²	tsʰɛ⁵²	tsʰɛ⁵²	tʂʰɛ⁵²	tʂʰɛ⁵²	tʂʰɛ⁵²	
筛		sɛ²⁴	sɛ²⁴	sɛ²⁴	sɛ²⁴	sei²⁴	ʂɛ²⁴	ʂɛ²⁴	ʂɛ²⁴	
洒		sa⁴⁴	sa⁴⁴	sa⁴⁴	sa⁴⁴	sa⁴⁴	sa⁴⁴	sa⁴⁴	sa⁴⁴	
佳		tɕia²⁴	tɕia²⁴	tɕia²⁴	tɕia²⁴	tɕia²⁴	tɕia²⁴	tɕia²⁴	tɕia²⁴	
街		tɕiɛ²⁴	tɕiɛ²⁴	tɕiɛ²⁴	tɕiɛ²⁴	tɕiɛ²⁴	tɕiɛ²⁴	tɕiɛ²⁴	tɕiɛ²⁴	
解		tɕiɛ⁴⁴	tɕiɛ⁴⁴	tɕiɛ⁴⁴	tɕiɛ⁴⁴	tɕiɛ⁴⁴	tɕiɛ⁴⁴	tɕiɛ⁴⁴	tɕiɛ⁴⁴	
涯		ia⁵²	ia⁵²	ia⁵²	ia⁵²	ia⁵²	ia⁵²	ia⁵²	ia⁵²	
鞋		ɕiɛ⁵²	ɕiɛ⁵²	ɕiɛ⁵²	ɕiɛ⁵²	ɕiɛ⁵²	ɕiɛ⁵²	ɕiɛ⁵²	ɕiɛ⁵²	
蟹		ɕiɛ⁴¹	ɕiɛ⁴¹	ɕiɛ⁴¹	ɕiɛ⁴¹	ɕiɛ⁴¹	ɕiɛ⁴¹	ɕiɛ⁴¹	ɕiɛ⁴¹	
娃		ua⁵²	ua⁵²	ua⁵²	ua⁵²	ua⁵²	ua⁵²	ua⁵²	ua⁵²	
矮		iɛ⁴⁴	iɛ⁴⁴	iɛ⁴⁴	iɛ⁴⁴	iɛ⁴⁴	iɛ⁴⁴	iɛ⁴⁴	iɛ⁴⁴	
败		pɛ⁴¹	pɛ⁴¹	pɛ⁴¹	pɛ⁴¹	pɛ⁴¹	pɛ⁴¹	pɛ⁴¹	pɛ⁴¹	
寨		tsɛ⁴¹	tsɛ⁴¹	tsɛ⁴¹	tsɛ⁴¹	tsɛ⁴¹	tʂɛ⁴¹	tʂɛ⁴¹	tʂɛ⁴¹	
弊		pi⁴¹	pi⁴¹	pi⁴¹	pi⁴¹	pi⁴¹	pi⁴¹	pi⁴¹	pi⁴¹	
例		li⁴¹	li⁴¹	li⁴¹	li⁴¹	li⁴¹	li⁴¹	li⁴¹	li⁴¹	
厉		li⁴¹	li⁴¹	li⁴¹	li⁴¹	li⁴¹	li⁴¹	li⁴¹	li⁴¹	
制		tʂʅ⁴¹	tʂʅ⁴¹	tʂʅ⁴¹	tʂʅ⁴¹	tʂʅ⁴¹	tʂʅ⁴¹	tʂʅ⁴¹	tʂʅ⁴¹	
世		ʂʅ⁴¹	ʂʅ⁴¹	ʂʅ⁴¹	ʂʅ⁴¹	ʂʅ⁴¹	ʂʅ⁴¹	ʂʅ⁴¹	ʂʅ⁴¹	
势		ʂʅ⁴¹	ʂʅ⁴¹	ʂʅ⁴¹	ʂʅ⁴¹	ʂʅ⁴¹	ʂʅ⁴¹	ʂʅ⁴¹	ʂʅ⁴¹	
誓		ʂʅ⁴¹	ʂʅ⁴¹	ʂʅ⁴¹	ʂʅ⁴¹	sʅ⁴¹	ʂʅ⁴¹	ʂʅ⁴¹	ʂʅ⁴¹	
艺		i⁴¹	i⁴¹	i⁴¹	i⁴¹	i⁴¹	i⁴¹	i⁴¹	i⁴¹	
闭		pi⁴¹	pi⁴¹	pi⁴¹	pi⁴¹	pi⁴¹	pi⁴¹	pi⁴¹	pi⁴¹	
箅		pi⁴¹	pi⁴¹	pi⁴¹	pi⁴¹	pi⁴¹	pi⁴¹	pi⁴¹	pi⁴¹	
批		pʰi²⁴	pʰi²⁴	pʰi²⁴	pʰi²⁴	pʰi²⁴	pʰi²⁴	pʰi²⁴	pʰi²⁴	
迷		mi⁵²	mi⁵²	mi⁵²	mi⁵²	mi⁵²	mi⁵²	mi⁵²	mi⁵²	
米		mi⁴⁴	mi⁴⁴	mi⁴⁴	mi⁴⁴	mi⁴⁴	mi⁴⁴	mi⁴⁴	mi⁴⁴	
谜		mi⁴¹	mi⁴¹	mi⁴¹	mi⁴¹	mi⁴¹	mi⁴¹	mi⁴¹	mi⁴¹	
低		ti²⁴	ti²⁴	ti²⁴	ti²⁴	ti²⁴	ti²⁴	ti²⁴	ti²⁴	
底		ti⁴⁴	ti⁴⁴	ti⁴⁴	ti⁴⁴	ti⁴⁴	ti⁴⁴	ti⁴⁴	ti⁴⁴	
帝		ti⁴¹	ti⁴¹	ti⁴¹	ti⁴¹	ti⁴¹	ti⁴¹	ti⁴¹	ti⁴¹	
梯		tʰi²⁴	tʰi²⁴	tʰi²⁴	tʰi²⁴	tʰi²⁴	tʰi²⁴	tʰi²⁴	tʰi²⁴	
体		tʰi⁴⁴	tʰi⁴⁴	tʰi⁴⁴	tʰi⁴⁴	tʰi⁴⁴	tʰi⁴⁴	tʰi⁴⁴	tʰi⁴⁴	
替		tʰi⁴¹	tʰi⁴¹	tʰi⁴¹	tʰi⁴¹	tʰi⁴¹	tʰi⁴¹	tʰi⁴¹	tʰi⁴¹	
涕		tʰi⁴¹	tʰi⁴¹	tʰi⁴¹	tʰi⁴¹	tʰi⁴¹	tʰi⁴¹	tʰi⁴¹	tʰi⁴¹	
剃		tʰi⁴¹	tʰi⁴¹	tʰi⁴¹	tʰi⁴¹	tʰi⁴¹	tʰi⁴¹	tʰi⁴¹	tʰi⁴¹	
屉		tʰi⁴¹	tʰi⁴¹	tʰi⁴⁴	tʰi⁴⁴	tʰi⁴¹	tʰi⁴¹	tʰi⁴¹	tʰi⁴¹	
题		tʰi⁴⁴	tʰi⁴⁴	tʰi⁴⁴	tʰi⁴⁴/\ntʰi⁵²	tʰi⁴⁴	tʰi⁴⁴	tʰi⁴⁴	tʰi⁴⁴	
提		tʰi⁵²	tʰi⁵²	tʰi⁵²	tʰi⁵²	tʰi⁵²	tʰi⁵²	tʰi⁵²	tʰi⁵²	
弟		ti⁴¹	ti⁴¹	ti⁴¹	ti⁴¹	ti⁴¹	ti⁴¹	ti⁴¹	ti⁴¹	
第		ti⁴¹	ti⁴¹	ti⁴¹	ti⁴¹	ti⁴¹	ti⁴¹	ti⁴¹	ti⁴¹	
泥		ȵi⁵²	ȵi⁵²	ȵi⁵²	ȵi⁵²	ȵi⁵²	ȵi⁵²	ȵi⁵²	ȵi⁵²	
礼		li⁴⁴	li⁴⁴	li⁴⁴	li⁴⁴	li⁴⁴	li⁴⁴	li⁴⁴	li⁴⁴	
丽		li⁵²	li⁴¹	li⁴¹	li⁵²	li⁴¹	li⁵²	li⁵²	li⁵²	
挤		tsi⁴⁴	tsi⁴⁴	tsi⁴⁴	tsi⁴⁴	tsi⁴⁴	tsi⁴⁴	tsi⁴⁴	tsi⁴⁴	
济		tsi⁴⁴/\ntsi⁴²	tsi⁴⁴	tsi⁴⁴	tsi⁴⁴	tsi⁴⁴	tsi⁴⁴	tsi⁴⁴	tsi⁴⁴	
妻		tsʰi²⁴	tsʰi²⁴	tsʰi²⁴	tsʰi²⁴	tsʰi²⁴	tsʰi²⁴	tsʰi²⁴	tsʰi²⁴	
砌		tsʰi⁴¹	tsʰi⁴¹	tsʰi⁴¹	tsʰi⁴¹	tsʰi⁴¹	tsʰi⁴¹	tsʰi⁴¹	tsʰi⁴¹	
齐		tsʰi⁵²	tsʰi⁵²	tsʰi⁵²	tsʰi⁵²	tsʰi⁵²	tsʰi⁵²	tsʰi⁵²	tsʰi⁵²	
剂		tsi⁴¹	tsi⁴¹	tsi⁴¹	tsi⁴¹	tsi⁴¹	tsi⁴¹	tsi⁴¹	tsi⁴¹	
西		si²⁴	si²⁴	si²⁴	si²⁴	si²⁴	si²⁴	si²⁴	si²⁴	
洗		si⁴⁴	si⁴⁴	si⁴⁴	si⁴⁴	si⁴⁴	si⁴⁴	si⁴⁴	si⁴⁴	
细		si⁴¹	si⁴¹	si⁴¹	si⁴¹	si⁴¹	si⁴¹	si⁴¹	si⁴¹	
鸡		tɕi²⁴	tɕi²⁴	tɕi²⁴	tɕi²⁴	tɕi²⁴	tɕi²⁴	tɕi²⁴	tɕi²⁴	
计		tɕi⁴¹	tɕi⁴¹	tɕi⁴¹	tɕi⁴¹	tɕi⁴¹	tɕi⁴¹	tɕi⁴¹	tɕi⁴¹	
继		tɕi⁴¹	tɕi⁴¹	tɕi⁴¹	tɕi⁴¹	tɕi⁴¹	tɕi⁴¹	tɕi⁴¹	tɕi⁴¹	
系	~鞋带	tɕi⁴¹	tɕi⁴¹	tɕi⁴¹	tɕi⁴¹	tɕi⁴¹	tɕi⁴¹	tɕi⁴¹	tɕi⁴¹	
契		tɕʰiɛ⁴¹	tɕʰi⁴¹	tɕʰi⁴¹	tɕʰi⁴¹	tɕʰi⁴¹	tɕʰi⁴¹	tɕʰi⁴¹	tɕʰi⁴¹	
系	~联	ɕi⁴¹	ɕi⁴¹	ɕi⁴¹	ɕi⁴¹	ɕi⁴¹	ɕi⁴¹	ɕi⁴¹	ɕi⁴¹	
杯		pei²⁴	pei²⁴	pei²⁴	pei²⁴	pei²⁴	pei²⁴	pei²⁴	pei²⁴	
辈		pei⁴¹	pei⁴¹	pei⁴¹	pei⁴¹	pei⁴¹	pei⁴¹	pei⁴¹	pei⁴¹	
背		pei²⁴	pei²⁴	pei²⁴	pei²⁴	pei²⁴	pei²⁴	pei²⁴	pei²⁴	
配		pʰei⁴¹	pʰei⁴¹	pʰei⁴¹	pʰei⁴¹	pʰei⁴¹	pʰei⁴¹	pʰei⁴¹	pʰei⁴¹	
陪		pʰei⁵²	pʰei⁵²	pʰei⁵²	pʰei⁵²	pʰei⁵²	pʰei⁵²	pʰei⁵²	pʰei⁵²	
赔		pʰei⁵²	pʰei⁵²	pʰei⁵²	pʰei⁵²	pʰei⁵²	pʰei⁵²	pʰei⁵²	pʰei⁵²	
倍		pei⁴¹	pei⁴¹	pei⁴¹	pei⁴¹	pei⁴¹	pei⁴¹	pei⁴¹	pei⁴¹	
背	~诵	pei⁴¹	pei⁴¹	pei⁴¹	pei⁴¹	pei⁴¹	pei⁴¹	pei⁴¹	pei⁴¹	
梅		mei⁵²	mei⁵²	mei⁵²	mei⁵²	mei⁵²	mei⁵²	mei⁵²	mei⁵²	
媒		mei⁵²	mei⁵²	mei⁵²	mei⁵²	mei⁵²	mei⁵²	mei⁵²	mei⁵²	
煤		mei⁵²	mei⁵²	mei⁵²	mei⁵²	mei⁵²	mei⁵²	mei⁵²	mei⁵²	
每		mei⁴⁴	mei⁴⁴	mei⁴⁴	mei⁴⁴	mei⁴⁴	mei⁴⁴	mei⁴⁴	mei⁴⁴	
妹		mən⁴¹	mən⁴¹	mən⁴¹	mən⁴¹	mən⁴¹	mən⁴¹	mən⁴¹	mən⁴¹	
昧		mi⁴¹	mi⁴¹	mi⁴¹	mi⁴¹	mi⁴¹	mi⁴¹	mi⁴¹	mi⁴¹	
堆		tsuei²⁴	tsuei²⁴	tsuei²⁴	tsuei²⁴	tsuei²⁴	tsuei²⁴	tsuei²⁴	tsuei²⁴	
对		tuei⁴¹	tuei⁴¹	tuei⁴¹	tuei⁴¹	tuei⁴¹	tuei⁴¹	tuei⁴¹	tuei⁴¹	
推		tʰuei²⁴	tʰuei²⁴	tʰuei²⁴	tʰuei²⁴	tʰuei²⁴	tʰuei²⁴	tʰuei²⁴	tʰuei²⁴	
腿		tʰuei⁴⁴	tʰuei⁴⁴	tʰuei⁴⁴	tʰuei⁴⁴	tʰuei⁴⁴	tʰuei⁴⁴	tʰuei⁴⁴	tʰuei⁴⁴	
退		tʰuei⁴¹	tʰuei⁴¹	tʰuei⁴¹	tʰuei⁴¹	tʰuei⁴¹	tʰuei⁴¹	tʰuei⁴¹	tʰuei⁴¹	
队		tuei⁴¹	tuei⁴¹	tuei⁴¹	tuei⁴¹	tuei⁴¹	tuei⁴¹	tuei⁴¹	tuei⁴¹	
内		nei⁴¹	nei⁴¹	nei⁴¹	nei⁴¹	nei⁴¹	nei⁴¹	nei⁴¹	nei⁴¹	
雷		lei⁵²	lei⁵²	lei⁵²	lei⁵²	lei⁵²	lei⁵²	lei⁵²	lei⁵²	
磊		lei⁴⁴	lei⁴⁴	lei⁴⁴	lei⁴⁴	lei⁴⁴	lei⁴⁴	lei⁴⁴	lei⁴⁴	
催		tsʰuei²⁴	tsʰuei²⁴	tsʰuei²⁴	tsʰuei²⁴	tsʰuei²⁴	tsʰuei²⁴	tsʰuei²⁴	tsʰuei²⁴	
崔		tsʰuei²⁴	tsʰuei²⁴	tsʰuei²⁴	tsʰuei²⁴	tsʰuei²⁴	tsʰuei²⁴	tsʰuei²⁴	tsʰuei²⁴	
罪		tsuei⁴¹	tsuei⁴¹	tsuei⁴¹	tsuei⁴¹	tsuei⁴¹	tsuei⁴¹	tsuei⁴¹	tsuei⁴¹	
碎		suei⁴¹	suei⁴¹	suei⁴¹	suei⁴¹	suei⁴¹	suei⁴¹	suei⁴¹	suei⁴¹	
盔		kʰuei²⁴	kʰuei²⁴	kʰuei²⁴	kʰuei²⁴	kʰuei²⁴	kʰuei²⁴	kʰuei²⁴	kʰuei²⁴	
恢		xuei²⁴	xuei²⁴	xuei²⁴	xuei²⁴	xuei²⁴	xuei²⁴	xuei²⁴	xuei²⁴	
灰		xuei²⁴	xuei²⁴	xuei²⁴	xuei²⁴	xuei²⁴	xuei²⁴	xuei²⁴	xuei²⁴	
贿		xuei⁴¹	xuei⁴¹	xuei⁴¹	xuei⁴¹	xuei⁴¹	xuei⁴¹	xuei⁴¹	xuei⁴¹	
悔		xuei⁴¹	xuei⁴⁴	xuei⁴⁴	xuei⁴⁴	xuei⁴⁴	xuei⁴⁴	xuei⁴⁴	xuei⁴⁴	
回		xuei⁵²	xuei⁵²	xuei⁵²	xuei⁵²	xuei⁵²	xuei⁵²	xuei⁵²	xuei⁵²	
茴		xuən⁵²	xuən⁵²	xuən⁵²	xuən⁵²	xuən⁵²	xuən⁵²	xuən⁵²	xuən⁵²	
汇		xuei⁴¹	xuei⁴¹	xuei⁴¹	xuei⁴¹/\nxuei⁵²	xuei⁴¹	xuei⁴¹	xuei⁴¹	xuei⁴¹	
溃		kʰuei⁴¹	kʰuei⁴¹	kʰuei⁴¹	kʰuei⁴¹	kʰuei⁴¹	kʰuei⁴¹	kʰuei⁴¹	kʰuei⁴¹	
蜕		tʰuei⁴¹	tʰuei⁴¹	tʰuei⁴¹	tʰuei⁴¹	tʰuei⁴¹	tʰuo²⁴	tʰuo²⁴	tʰuei²⁴	
兑		tuei⁴¹	tuei⁴¹	tuei⁴¹	tuei⁴¹	tuei⁴¹	tuei⁴¹	tuei⁴¹	tuei⁴¹	
最		tsuei⁴¹	tsuei⁴¹	tsuei⁴¹	tsuei⁴¹	tsuei⁴¹	tsuei⁴¹	tsuei⁴¹	tsuei⁴¹	
会	~计	kʰuɛ⁴¹	kʰuɛ⁴¹	kʰuɛ⁴¹	kʰuɛ⁴¹	kʰuɛ⁴¹	kʰuɛ⁴¹	kʰuɛ⁴¹	kʰuɛ⁴¹	
外		uɛ⁴¹	uɛ⁴¹	uɛ⁴¹	uɛ⁴¹	uɛ⁴¹	uɛ⁴¹	uɛ⁴¹	uɛ⁴¹	
会	~开	xuei⁴¹	xuei⁴¹	xuei⁴¹	xuei⁴¹	xuei⁴¹	xuei⁴¹	xuei⁴¹	xuei⁴¹	
乖		kuɛ²⁴	kuɛ²⁴	kuɛ²⁴	kuɛ²⁴	kuɛ²⁴	kuɛ²⁴	kuɛ²⁴	kuɛ²⁴	
怪		kuɛ⁴¹	kuɛ⁴¹	kuɛ⁴¹	kuɛ⁴¹	kuɛ⁴¹	kuɛ⁴¹	kuɛ⁴¹	kuɛ⁴¹	
块		kʰuɛ⁴¹	kʰuɛ⁴¹	kʰuɛ⁴¹	kʰuɛ⁴¹	kʰuɛ⁴¹	kʰuɛ⁴¹	kʰuɛ⁴¹	kʰuɛ⁴¹	
怀		xuɛ⁵²	xuɛ⁵²	xuɛ⁵²	xuɛ⁵²	xuɛ⁵²	xuɛ⁵²	xuɛ⁵²	xuɛ⁵²	
槐		xuɛ⁵²	xuɛ⁵²	xuɛ⁵²	xuɛ⁵²	xuɛ⁵²	xuɛ⁵²	xuɛ⁵²	xuɛ⁵²	
坏		xuɛ⁴¹	xuɛ⁴¹	xuɛ⁴¹	xuɛ⁴¹	xuɛ⁴¹	xuɛ⁴¹	xuɛ⁴¹	xuɛ⁴¹	
崴		uɛ⁴⁴	uɛ⁴⁴	uɛ⁴⁴	uɛ⁴⁴	uɛ⁴⁴	uɛ⁴⁴	uɛ⁴⁴	uɛ⁴⁴	
拐		kuɛ⁴⁴	kuɛ⁴⁴	kuɛ⁴⁴	kuɛ⁴⁴	kuɛ⁴⁴	kuɛ⁴⁴	kuɛ⁴⁴	kuɛ⁴⁴	
卦		kua⁴¹	kua⁴¹	kua⁴¹	kua⁴¹	kua⁴¹	kua⁴¹	kua⁴¹	kua⁴¹	
歪		uɛ²⁴	uɛ²⁴	uɛ²⁴	uɛ²⁴	uɛ²⁴	uɛ²⁴	uɛ²⁴	uɛ²⁴	
画		xua⁴¹	xua⁴¹	xua⁴¹	xua⁴¹	xua⁴¹	xua⁴¹	xua⁴¹	xua⁴¹	
蛙		uɛ²⁴	uɛ²⁴	uɛ²⁴	uɛ²⁴	uɛ²⁴	uɛ²⁴	uɛ²⁴	uɛ²⁴	
快		kʰuɛ⁴¹	kʰuɛ⁴¹	kʰuɛ⁴¹	kʰuɛ⁴¹	kʰuɛ⁴¹	kʰuɛ⁴¹	kʰuɛ⁴¹	kʰuɛ⁴¹	
话		xua⁴¹	xua⁴¹	xua⁴¹	xua⁴¹	xua⁴¹	xua⁴¹	xua⁴¹	xua⁴¹	
脆		tsʰuei⁴¹	tsʰuei⁴¹	tsʰuei⁴¹	tsʰuei⁴¹	tsʰuei⁴¹	tsʰuei⁴¹	tsʰuei⁴¹	tsʰuei⁴¹	
岁		suei⁴¹	suei⁴¹	suei⁴¹	suei⁴¹	suei⁴¹	suei⁴¹	suei⁴¹	suei⁴¹	
赘		tʂuei⁴¹	tʂuei⁴¹	tʂuei⁴¹	tʂuei⁴¹	tʂuei⁴¹	tʂuei⁴¹	tʂuei⁴¹	tʂuei⁴¹	
税		fei⁴¹	fei⁴¹	fei⁴¹	fei⁴¹	fei⁴¹	fei⁴¹	fei⁴¹	fei⁴¹	
卫		uei⁴¹	uei⁴¹	uei⁴¹	uei⁴¹	uei⁴¹	uei⁴¹	uei⁴¹	uei⁴¹	
废		fi⁴¹	fi⁴¹	fi⁴¹	fi⁴¹	fi⁴¹	fi⁴¹	fi⁴¹	fi⁴¹	
肺		fi⁴¹	fi⁴¹	fi⁴¹	fi⁴¹	fi⁴¹	fi⁴¹	fi⁴¹	fi⁴¹	
闺		kuei²⁴/\nkuən²⁴	kuei²⁴/\nkuən²⁴	kuei²⁴	kuei²⁴	kuei²⁴/\nkuən²⁴	kuei²⁴	kuei²⁴	kuən²⁴	
桂		kuei⁴¹	kuei⁴¹	kuei⁴¹	kuei⁴¹	kuei⁴¹	kuei⁴¹	kuei⁴¹	kuei⁴¹	
慧		xuei⁴¹	xuei⁴¹	xuei⁴¹	xuei⁴¹	xuei⁴¹	xuei⁴¹	xuei⁴¹	xuei⁴¹	
披		pʰei²⁴	pʰei²⁴	pʰei²⁴	pʰei²⁴	pʰei²⁴	pʰei²⁴	pʰei²⁴	pʰei²⁴	
皮		pi⁵²	pi⁵²	pi⁵²	pi⁵²	pi⁵²	pi⁵²	pi⁵²	pi⁵²	
脾		pi⁵²	pi⁵²	pi⁵²	pi⁵²/pi⁴⁴	pi⁵²	pi⁵²	pi⁵²	pi⁵²	
被	~子	pei⁴¹	pei⁴¹	pei⁴¹	pei⁴¹	pei⁴¹	pei⁴¹	pei⁴¹	pei⁴¹	
离		li⁴¹	li⁴¹	li⁴¹	li⁴¹	li⁴¹	li⁴¹	li⁴¹	li⁴¹	
璃		li⁵²	li⁵²	li⁵²	li⁵²	li⁵²	li⁵²	li⁵²	li⁵²	
荔		li⁴¹	li⁴¹	li⁴¹	li⁴¹	li⁴¹	li⁴¹	li²⁴	li⁴¹	
紫		tsɿ⁴⁴	tsɿ⁴⁴	tsɿ⁴⁴	tsɿ⁴⁴	tsɿ⁴⁴	tsɿ⁴⁴	tsɿ⁴⁴	tsɿ⁴⁴	
刺		tsʰɿ⁴¹	tsʰɿ⁴¹	tsʰɿ⁴¹	tsʰɿ⁴¹	tsʰɿ⁴¹	tsʰɿ⁴¹	tsʰɿ⁴¹	tsʰɿ⁴¹	
撕		sɿ²⁴	sɿ²⁴	sɿ²⁴	sɿ²⁴	sɿ²⁴	sɿ²⁴	sɿ²⁴	sɿ²⁴	
赐		tsʰɿ⁴¹	sɿ⁴¹	tsʰɿ⁴¹	tsʰɿ⁴¹	tsʰɿ⁴¹	tsʰɿ⁴¹	tsʰɿ⁴¹	tsʰɿ⁴¹	
知		tʂʅ²⁴	tʂʅ²⁴	tʂʅ²⁴	tʂʅ²⁴	tʂʅ²⁴	tʂʅ²⁴	tʂʅ²⁴	tʂʅ²⁴	
蜘		tʂʅ²⁴	tʂʅ²⁴	tʂʅ²⁴	tʂʅ²⁴	tʂʅ²⁴	tʂʅ²⁴	tʂʅ²⁴	tʂʅ²⁴	
智		tʂʅ⁴¹	tʂʅ⁴¹	tʂʅ⁴¹	tʂʅ⁴¹	tʂʅ²⁴	tʂʅ⁴¹	tʂʅ⁴¹	tʂʅ⁴¹	
池		tʂʰʅ⁵²	tʂʰʅ⁵²	tʂʰʅ⁵²	tʂʰʅ⁵²	tʂʰʅ⁵²	tʂʰʅ⁵²	tʂʰʅ⁵²	tʂʰʅ⁵²	
支		tsɿ²⁴	tsɿ²⁴	tsɿ²⁴	tsɿ²⁴	tsɿ²⁴	tʂɿ²⁴	tʂɿ²⁴	tʂɿ²⁴	
枝		tsɿ²⁴	tsɿ²⁴	tsɿ²⁴	tsɿ²⁴	tsɿ²⁴	tʂɿ²⁴	tʂɿ²⁴	tʂɿ²⁴	
纸		tsɿ⁴⁴	tsɿ⁴⁴	tsɿ⁴⁴	tsɿ⁴⁴	tsɿ⁴⁴	tʂɿ⁴⁴	tʂɿ⁴⁴	tʂɿ⁴⁴	
只		tsɿ²⁴	tsɿ²⁴	tsɿ²⁴	tsɿ²⁴	tsɿ²⁴	tʂɿ²⁴	tʂɿ²⁴	tʂɿ²⁴	
眵	~眼	tsɿ²⁴	tsɿ²⁴	tsɿ²⁴	tsɿ²⁴	tsɿ²⁴	tʂɿ²⁴	tʂɿ²⁴	tʂɿ²⁴	
翅		tsʰɿ⁴¹	tsʰɿ⁴¹	tsʰɿ⁴¹	tsʰɿ⁴¹	tsʰɿ⁴¹	tʂʰɿ⁴¹	tʂʰɿ⁴¹	tʂʰɿ⁴¹	
是		sɿ⁴¹	sɿ⁴¹	sɿ⁴¹	sɿ⁴¹	sɿ⁴¹	ʂɿ⁴¹	ʂɿ⁴¹	ʂɿ⁴¹	
氏		sɿ⁴¹	sɿ⁴¹	sɿ⁴¹	sɿ⁴¹	sɿ⁴¹	ʂɿ⁴¹	ʂɿ⁴¹	ʂɿ⁴¹	
儿		ɭ⁵²	ɭ⁵²	ɭ⁵²	ɭ⁵²	ɭ⁵²	ɭ⁵²	ɭ⁵²	ɭ⁵²	
寄		tɕi⁴¹	tɕi⁴¹	tɕi⁴¹	tɕi⁴¹	tɕi⁴¹	tɕi⁴¹	tɕi⁴¹	tɕi⁴¹	
企		tɕʰi⁴⁴	tɕʰi⁴⁴	tɕʰi⁴⁴	tɕʰi⁴⁴	tɕʰi⁴⁴	tɕʰi⁴¹	tɕʰi⁴¹	tɕʰi⁴¹	
奇		tɕʰi⁵²	tɕʰi⁵²	tɕʰi⁵²	tɕʰi⁵²	tɕʰi⁵²	tɕʰi⁵²	tɕʰi⁵²	tɕʰi⁵²	
技		tɕi⁴¹	tɕi⁴¹	tɕi⁴¹	tɕi⁴¹	tɕi⁴¹	tɕi⁴¹	tɕi⁴¹	tɕi⁴¹	
妓		tɕi⁴¹	tɕi⁴¹	tɕi⁴¹	tɕi⁴¹	tɕi⁴¹	tɕi⁴¹	tɕi⁴¹	tɕi⁴¹	
蚁		i⁴⁴	i⁴⁴	i⁴⁴	i⁴⁴	i⁴⁴	i⁴⁴	i⁴⁴	i⁴⁴	
义		i⁴¹	i⁴¹	i⁴¹	i⁴¹	i⁴¹	i⁴¹	i⁴¹	i⁴¹	
牺		ɕi²⁴	ɕi²⁴	ɕi²⁴	ɕi²⁴	ɕi²⁴	ɕi²⁴	ɕi²⁴	ɕi²⁴	
戏		ɕi⁴¹	ɕi⁴¹	ɕi⁴¹	ɕi⁴¹	ɕi⁴¹	ɕi⁴¹	ɕi⁴¹	ɕi⁴¹	
椅		i⁴⁴	i⁴⁴	i⁴⁴	i⁴⁴	i⁴⁴	i⁴⁴	i⁴⁴	i⁴⁴	
移		i⁵²	i⁵²	i⁵²	i⁵²	i⁵²	i⁵²	i⁵²	i⁵²	
悲		pei²⁴	pei²⁴	pei²⁴	pei²⁴	pei²⁴	pei²⁴	pei²⁴	pei²⁴	
比		pi⁴⁴	pi⁴⁴	pi⁴⁴	pi⁴⁴	pi⁴⁴	pi⁴⁴	pi⁴⁴	pi⁴⁴	
秕		pi⁴⁴	pi⁴⁴	pi⁴⁴	pi⁴⁴	pi⁴⁴	pi⁴⁴	pi⁴⁴	pi⁴⁴	
痹		pi⁴¹	pi⁴¹	pi⁴¹	pi⁴¹	pi⁴¹	pi⁴¹	pi⁴¹	pi⁴¹	
屁		pʰi⁴¹	pʰi⁴¹	pʰi⁴¹	pʰi⁴¹	pʰi⁴¹	pʰi⁴¹	pʰi⁴¹	pʰi⁴¹	
枇		pʰi⁵²	pʰi⁵²	pʰi⁵²	pʰi⁵²	pʰi⁵²	pʰi⁵²	pʰi⁵²	pʰi⁵²	
鼻		pi⁵²	pi⁵²	pi⁵²	pi⁵²	pi⁵²	pi⁵²	pi⁵²	pi⁵²	
眉		mei⁵²	mei⁵²	mei⁵²	mei⁵²	mei⁵²	mei⁵²	mei⁵²	mei⁵²	
美		mei⁴⁴	mei⁴⁴	mei⁴⁴	mei⁴⁴	mei⁴⁴	mei⁴⁴	mei⁴⁴	mei⁴⁴	
地		ti⁴¹	ti⁴¹	ti⁴¹	ti⁴¹	ti⁴¹	ti⁴¹	ti⁴¹	ti⁴¹	
腻		ni⁴¹	ni⁴¹	ni⁴¹	ni⁴¹	ni⁴¹	ni⁴¹	ni⁴¹	ni⁴¹	
梨		li⁵²	li⁵²	li⁵²	li⁵²	li⁵²	li⁵²	li⁵²	li⁵²	
利		li⁴¹	li⁴¹	li⁴¹	li⁴¹	li⁴¹	li⁴¹	li⁴¹	li⁴¹	
资		tsɿ²⁴	tsɿ²⁴	tsɿ²⁴	tsɿ²⁴	tsɿ²⁴	tsɿ²⁴	tsɿ²⁴	tsɿ²⁴	
咨		tsɿ²⁴	tsɿ²⁴	tsɿ²⁴	tsɿ²⁴	tsɿ²⁴	tsɿ²⁴	tsɿ²⁴	tsɿ²⁴	
姊		tsɿ⁴⁴	tsɿ⁴⁴	tsɿ⁴⁴	tsɿ⁴⁴	tsɿ⁴⁴	tsɿ⁴⁴	tsɿ⁴⁴	tsɿ⁴⁴	
次		tsʰɿ⁴¹	tsʰɿ⁴¹	tsʰɿ⁴¹	tsʰɿ⁴¹	tsʰɿ⁴¹	tsʰɿ⁴¹	tsʰɿ⁴¹	tsʰɿ⁴¹	
瓷		tsʰɿ⁵²	tsʰɿ⁵²	tsʰɿ⁵²	tsʰɿ⁵²	tsʰɿ⁵²	tsʰɿ⁵²	tsʰɿ⁵²	tsʰɿ⁵²	
自		tsɿ⁴¹	tsɿ⁴¹	tsɿ⁴¹	tsɿ⁴¹	tsɿ⁴¹	tsɿ⁴¹	tsɿ⁴¹	tsɿ⁴¹	
私		sɿ²⁴	sɿ²⁴	sɿ²⁴	sɿ²⁴	sɿ²⁴	sɿ²⁴	sɿ²⁴	sɿ²⁴	
死		sɿ⁴⁴	sɿ⁴⁴	sɿ⁴⁴	sɿ⁴⁴	sɿ⁴⁴	sɿ⁴⁴	sɿ⁴⁴	sɿ⁴⁴	
四		sɿ⁴¹	sɿ⁴¹	sɿ⁴¹	sɿ⁴¹	sɿ⁴¹	sɿ⁴¹	sɿ⁴¹	sɿ⁴¹	
致		tʂʅ⁴¹	tʂʅ⁴¹	tʂʅ⁴¹	tʂʅ⁴¹	tʂʅ⁴¹	tʂʅ⁴¹	tʂʅ⁴¹	tʂʅ⁴¹	
迟		tʂʰʅ⁵²	tʂʰʅ⁵²	tʂʰʅ⁵²	tʂʰʅ⁵²	tʂʰʅ⁵²	tʂʰʅ⁵²	tʂʰʅ⁵²	tʂʰʅ⁵²	
稚		tʂʅ⁴¹	tʂʅ⁴¹	tʂʅ⁴¹	tʂʅ⁴¹	tʂʅ⁴¹	tʂʅ²⁴	tʂʅ²⁴	tʂʅ⁴¹	
师		sɿ²⁴	sɿ²⁴	sɿ²⁴	sɿ²⁴	sɿ²⁴	ʂɿ²⁴	ʂɿ²⁴	ʂɿ²⁴	
狮		sɿ²⁴	sɿ²⁴	sɿ²⁴	sɿ²⁴	sɿ²⁴	ʂɿ²⁴	ʂɿ²⁴	ʂɿ²⁴	
脂		tsɿ²⁴	tsɿ²⁴	tsɿ²⁴	tsɿ⁴⁴	tsɿ²⁴	tʂɿ⁴⁴	tʂɿ⁴⁴	tʂɿ⁴⁴	
指		tsɿ⁴⁴	tsɿ⁴⁴	tsɿ⁴⁴	tsɿ⁴⁴	tsɿ⁴⁴	tʂɿ⁴⁴	tʂɿ⁴⁴	tʂɿ⁴⁴	
示		sɿ⁴¹	sɿ⁴¹	sɿ⁴¹	sɿ⁴¹	sɿ⁴¹	ʂɿ⁴¹	ʂɿ⁴¹	ʂɿ⁴¹	
尸		sɿ²⁴	sɿ²⁴	sɿ²⁴	sɿ²⁴	sɿ²⁴	ʂɿ²⁴	ʂɿ²⁴	ʂɿ²⁴	
屎		sɿ⁴⁴	sɿ⁴⁴	sɿ⁴⁴	sɿ⁴⁴	sɿ⁴⁴	ʂɿ⁴⁴	ʂɿ⁴⁴	ʂɿ⁴⁴	
视		sɿ⁴¹	sɿ⁴¹	sɿ⁴¹	sɿ⁴¹	sɿ⁴¹	ʂɿ⁴¹	ʂɿ⁴¹	ʂɿ⁴¹	
二		ɭ⁴¹	ɭ⁴¹	ɭ⁴¹	ɭ⁴¹	ɭ⁴¹	ɭ⁴¹	ɭ⁴¹	ɭ⁴¹	
饥		tɕi²⁴	tɕi²⁴	tɕi²⁴	tɕi²⁴	tɕi²⁴	tɕi²⁴	tɕi²⁴	tɕi²⁴	
几		tɕi⁴⁴	tɕi⁴⁴	tɕi⁴⁴	tɕi⁴⁴	tɕi⁴⁴	tɕi⁴⁴	tɕi⁴⁴	tɕi⁴⁴	
器		tɕʰi⁴¹	tɕʰi⁴¹	tɕʰi⁴¹	tɕʰi⁴¹	tɕʰi⁴¹	tɕʰi⁴¹	tɕʰi⁴¹	tɕʰi⁴¹	
弃		tɕʰi⁴¹	tɕʰi⁴¹	tɕʰi⁴¹	tɕʰi⁴¹	tɕʰi⁴¹	tɕʰi⁴¹	tɕʰi⁴¹	tɕʰi⁴¹	
姨		i⁵²	i⁵²	i⁵²	i⁵²	i⁵²	i⁵²	i⁵²	i⁵²	
你		ȵi⁴⁴	ȵi⁴⁴	ȵi⁴⁴	ȵi⁴⁴	ȵi⁴⁴	ȵi⁴⁴	ȵi⁴⁴	ȵi⁴⁴	
狸		li⁵²	li⁵²	li⁵²	li⁵²	li⁵²	li⁵²	li⁵²	li⁵²	
李		li⁴⁴	li⁴⁴	li⁴⁴	li⁴⁴	li⁴⁴	li⁴⁴	li⁴⁴	li⁴⁴	
里		li⁴⁴	li⁴⁴	li⁴⁴	li⁴⁴	li⁴⁴	li⁴⁴	li⁴⁴	li⁴⁴	
理		li⁴⁴	li⁴⁴	li⁴⁴	li⁴⁴	li⁴⁴	li⁴⁴	li⁴⁴	li⁴⁴	
滋		tsɿ²⁴	tsɿ²⁴	tsɿ²⁴	tsɿ²⁴	tsɿ²⁴	tsɿ²⁴	tsɿ²⁴	tsɿ²⁴	
慈		tsʰɿ⁵²	tsʰɿ⁵²	tsʰɿ⁵²	tsʰɿ⁵²	tsʰɿ⁵²	tsʰɿ⁵²	tsʰɿ⁵²	tsʰɿ⁵²	
字		tsɿ⁴¹	tsɿ⁴¹	tsɿ⁴¹	tsɿ⁴¹	tsɿ⁴¹	tsɿ⁴¹	tsɿ⁴¹	tsɿ⁴¹	
丝		sɿ²⁴	sɿ²⁴	sɿ²⁴	sɿ²⁴	sɿ²⁴	sɿ²⁴	sɿ²⁴	sɿ²⁴	
思		sɿ²⁴	sɿ²⁴	sɿ²⁴	sɿ²⁴	sɿ²⁴	sɿ²⁴	sɿ²⁴	sɿ²⁴	
词		tsʰɿ⁵²	tsʰɿ⁵²	tsʰɿ⁵²	tsʰɿ⁵²	tsʰɿ⁵²	tsʰɿ⁵²	tsʰɿ⁵²	tsʰɿ⁵²	
饲		sɿ²⁴	sɿ²⁴	sɿ²⁴	sɿ²⁴	sɿ²⁴	sɿ²⁴	sɿ²⁴	sɿ²⁴	
持		tʂʰʅ⁵²	tʂʰʅ⁵²	tʂʰʅ⁵²	tʂʰʅ⁵²	tʂʰʅ⁵²	tʂʰʅ⁵²	tʂʰʅ⁵²	tʂʰʅ⁵²	
痔		tʂʅ⁴¹	tʂʅ⁴¹	tʂʅ⁴¹	tʂʅ⁴¹	tʂʅ⁴¹	tʂʅ⁴¹	tʂʅ⁴¹	tʂʅ⁴¹	
治		tʂʅ⁴¹	tʂʅ⁴¹	tʂʅ⁴¹	tʂʅ⁴¹	tʂʅ⁴¹	tʂʅ⁴¹	tʂʅ⁴¹	tʂʅ⁴¹	
厕		tsʰei²⁴	tsʰei²⁴	tsʰei²⁴	tsʰei²⁴	tsʰei²⁴	tʂʰei²⁴	tʂʰei²⁴	tʂʰei²⁴	
柿		sɿ⁴¹	sɿ⁴¹	sɿ⁴¹	sɿ⁴¹	sɿ⁴¹	ʂɿ⁴¹	ʂɿ⁴¹	ʂɿ⁴¹	
事		sɿ⁴¹	sɿ⁴¹	sɿ⁴¹	sɿ⁴¹	sɿ⁴¹	ʂɿ⁴¹	ʂɿ⁴¹	ʂɿ⁴¹	
使		sɿ⁴⁴	sɿ⁴⁴	sɿ⁴⁴	sɿ⁴⁴	sɿ⁴⁴	ʂɿ⁴⁴	ʂɿ⁴⁴	ʂɿ⁴⁴	
史		sɿ⁴⁴	sɿ⁴⁴	sɿ⁴⁴	sɿ⁴⁴	sɿ⁴⁴	ʂɿ⁴⁴	ʂɿ⁴⁴	ʂɿ⁴⁴	
驶		sɿ⁴⁴	sɿ⁴⁴	sɿ⁴⁴	sɿ⁴⁴	sɿ⁴⁴	ʂɿ⁴⁴	ʂɿ⁴⁴	ʂɿ⁴⁴	
芝		tsɿ²⁴	tsɿ²⁴	tsɿ²⁴	tsɿ²⁴	tsɿ²⁴	tʂɿ²⁴	tʂɿ²⁴	tʂɿ²⁴	
止		tsɿ⁴⁴	tsɿ⁴⁴	tsɿ⁴⁴	tsɿ⁴⁴	tsɿ⁴⁴	tʂɿ⁴⁴	tʂɿ⁴⁴	tʂɿ⁴⁴	
趾		tsɿ²⁴	tsɿ²⁴	tsɿ²⁴	tsɿ²⁴	tsɿ²⁴	tʂɿ²⁴	tʂɿ²⁴	tʂɿ²⁴	
志		tsɿ⁴¹	tsɿ⁴¹	tsɿ⁴¹	tsɿ⁴¹	tsɿ⁴¹	tʂɿ⁴¹	tʂɿ⁴¹	tʂɿ⁴¹	
齿		tsʰɿ⁴⁴	tsʰɿ⁴⁴	tsʰɿ⁴⁴	tsʰɿ⁵²	tsʰɿ⁴⁴	tʂʰɿ⁴⁴	tʂʰɿ⁴⁴	tʂʰɿ⁴⁴	
诗		sɿ²⁴	sɿ²⁴	sɿ²⁴	sɿ²⁴	sɿ²⁴	ʂɿ²⁴	ʂɿ²⁴	ʂɿ²⁴	
始		sɿ⁴⁴	sɿ⁴⁴	sɿ⁴⁴	sɿ⁴⁴	sɿ⁴⁴	ʂɿ⁴⁴	ʂɿ⁴⁴	ʂɿ⁴⁴	
试		sɿ⁴¹	sɿ⁴¹	sɿ⁴¹	sɿ⁴¹/ʂɿ⁴¹	sɿ⁴¹	ʂɿ⁴¹	ʂɿ⁴¹	ʂɿ⁴¹	
时		sɿ⁵²	sɿ⁵²	sɿ⁵²	sɿ⁵²	sɿ⁵²	ʂɿ⁵²	ʂɿ⁵²	ʂɿ⁵²	
市		sɿ⁴¹	sɿ⁴¹	sɿ⁴¹	sɿ⁴¹	sɿ⁴¹	ʂɿ⁴¹	ʂɿ⁴¹	ʂɿ⁴¹	
耳		ɭ⁴⁴	ɭ⁴⁴	ɭ⁴⁴	ɭ⁴⁴	ɭ⁴⁴	ɭ⁴⁴	ɭ⁴⁴	ɭ⁴⁴	
饵		ɭ⁴⁴	ɭ⁴⁴	ɭ⁴⁴	ɭ⁴⁴	ɭ⁴⁴	ɭ⁴⁴	ɭ⁴⁴	ɭ⁴⁴	
基		tɕi²⁴	tɕi²⁴	tɕi²⁴	tɕi²⁴	tɕi²⁴	tɕi²⁴	tɕi²⁴	tɕi²⁴	
纪		tɕi⁴¹	tɕi⁴¹	tɕi⁴¹	tɕi⁴¹	tɕi⁴¹	tɕi⁴¹	tɕi⁴¹	tɕi⁴¹	
记		tɕi⁴¹	tɕi⁴¹	tɕi⁴¹	tɕi⁴¹	tɕi⁴¹	tɕi⁴¹	tɕi⁴¹	tɕi⁴¹	
欺		tɕʰi²⁴	tɕʰi²⁴	tɕʰi²⁴	tɕʰi²⁴	tɕʰi²⁴	tɕʰi²⁴	tɕʰi²⁴	tɕʰi²⁴	
起		tɕʰi⁴⁴	tɕʰi⁴⁴	tɕʰi⁴⁴	tɕʰi⁴⁴	tɕʰi⁴⁴	tɕʰi⁴⁴	tɕʰi⁴⁴	tɕʰi⁴⁴	
其		tɕʰi⁵²	tɕʰi⁴⁴	tɕʰi⁵²	tɕʰi⁵²	tɕʰi⁵²	tɕʰi⁵²	tɕʰi⁵²	tɕʰi⁵²	
棋		tɕʰi⁵²	tɕʰi⁵²	tɕʰi⁵²	tɕʰi⁵²	tɕʰi⁵²	tɕʰi⁵²	tɕʰi⁵²	tɕʰi⁵²	
期		tɕʰi²⁴	tɕʰi²⁴	tɕʰi²⁴	tɕʰi²⁴	tɕʰi²⁴	tɕʰi²⁴	tɕʰi²⁴	tɕʰi²⁴	
忌		tɕi⁴¹	tɕi⁴¹	tɕi⁴¹	tɕi⁴¹	tɕi⁴¹	tɕi⁴¹	tɕi⁴¹	tɕi⁴¹	
疑		i⁵²	i⁵²	i⁵²	i⁵²	i⁵²	i⁵²	i⁵²	i⁵²	
喜		ɕi⁴⁴	ɕi⁴⁴	ɕi⁴⁴	ɕi⁴⁴	ɕi⁴⁴	ɕi⁴⁴	ɕi⁴⁴	ɕi⁴⁴	
医		i²⁴	i²⁴	i²⁴	i²⁴	i²⁴	i²⁴	i²⁴	i²⁴	
意		i⁴¹	i⁴¹	i⁴¹	i⁴¹	i⁴¹	i⁴¹	i⁴¹	i⁴¹	
以		i²⁴	i²⁴	i²⁴	i²⁴	i²⁴	i²⁴	i²⁴	i²⁴	
几	~乎	tɕi²⁴	tɕi²⁴	tɕi²⁴	tɕi²⁴	tɕi²⁴	tɕi²⁴	tɕi⁵²	tɕi²⁴	
机		tɕi²⁴	tɕi²⁴	tɕi²⁴	tɕi²⁴	tɕi²⁴	tɕi²⁴	tɕi²⁴	tɕi²⁴	
气		tɕʰi⁴¹	tɕʰi⁴¹	tɕʰi⁴¹	tɕʰi⁴¹	tɕʰi⁴¹	tɕʰi⁴¹	tɕʰi⁴¹	tɕʰi⁴¹	
汽		tɕʰi⁴¹	tɕʰi⁴¹	tɕʰi⁴¹	tɕʰi⁴¹	tɕʰi⁴¹	tɕʰi⁴¹	tɕʰi⁴¹	tɕʰi⁴¹	
沂		i⁵²	i⁵²	i⁵²	i⁵²	i⁵²	i⁵²	i⁵²	i⁵²	
希		ɕi²⁴	ɕi²⁴	ɕi²⁴	ɕi²⁴	ɕi²⁴	ɕi²⁴	ɕi²⁴	ɕi²⁴	
衣		i²⁴	i²⁴	i²⁴	i²⁴	i²⁴	i²⁴	i²⁴	i²⁴	
累	~积	lei⁴⁴	lei⁴⁴	lei⁴⁴	lei⁴⁴	lei⁴⁴	lei⁴⁴	lei⁴⁴	lei⁴⁴	
累	~连	lei⁴¹	lei⁴¹	lei⁴¹	lei⁴¹	lei⁴¹	lei⁴¹	lei⁴¹	lei⁴¹	
嘴		tsuei⁴⁴	tsuei⁴⁴	tsuei⁴⁴	tsuei⁴⁴	tsuei⁴⁴	tsuei⁴⁴	tsuei⁴⁴	tsuei⁴⁴	
髓		suei⁵²	suei⁵²	suei⁵²	suei⁵²/\nsuei⁴⁴	suei⁵²	suei⁵²	suei⁵²	suei⁵²	
捶		tʂʰuei⁵²	tʂʰuei⁵²	tʂʰuei⁵²	tʂʰuei⁵²	tʂʰuei⁵²	tʂʰuei⁵²	tʂʰuei⁵²	tʂʰuei⁵²	
吹		tʂʰuei²⁴	tʂʰuei²⁴	tʂʰuei²⁴	tʂʰuei²⁴	tʂʰuei²⁴	tʂʰuei²⁴	tʂʰuei²⁴	tʂʰuei²⁴	
炊		tʂʰuei²⁴	tʂʰuei²⁴	tʂʰuei²⁴	tʂʰuei²⁴	tsʰuei²⁴	tʂʰuei²⁴	tʂʰuei²⁴	tʂʰuei²⁴	
垂		tʂʰuei⁵²	tʂʰuei⁵²	tʂʰuei⁵²	tʂʰuei⁵²	tʂʰuei⁵²	tʂʰuei⁵²	tʂʰuei⁵²	tʂʰuei⁵²	
睡		fei⁴¹	fei⁴¹	fei⁴¹	fei⁴¹	fei⁴¹	ʂei⁴¹	ʂei⁴¹	ʂei⁴¹	
蕊		ʐuei⁴⁴	ʐuei⁴⁴	luei⁴⁴	luei⁴⁴	ʐuei⁴⁴	ʐuei⁴⁴	ʐuei⁴⁴	ʐuei⁴⁴	
规		kuei²⁴	kuei²⁴	kuei²⁴	kuei²⁴	kuei²⁴	kuei²⁴	kuei²⁴	kuei²⁴	
亏		kʰuei²⁴	kʰuei²⁴	kʰuei²⁴	kʰuei²⁴	kʰuei²⁴	kʰuei²⁴	kʰuei²⁴	kʰuei²⁴	
跪		kuei⁴¹	kuei⁴¹	kuei⁴¹	kuei⁴¹	kuei⁴¹	kuei⁴¹	kuei⁴¹	kuei⁴¹	
危		uei²⁴	uei⁴⁴	uei²⁴	uei²⁴	uei²⁴	uei²⁴	uei²⁴	uei²⁴	
伪		uei⁴¹	uei⁴⁴	uei⁴¹	uei⁴¹/\nuei⁴⁴	uei⁴⁴	uei⁴⁴	uei⁴⁴	uei⁴⁴	
毁		xuei⁴⁴	xuei⁴⁴	xuei⁴⁴	xuei⁴⁴	xuei⁴⁴	xuei⁴⁴	xuei⁴⁴	xuei⁴⁴	
萎		uei⁴⁴	uei⁴⁴	uei⁴⁴	uei⁴⁴	uei⁴⁴	uei⁴⁴	uei⁴⁴	uei⁴⁴	
委		uei⁴⁴	uei⁴⁴	uei⁴⁴	uei⁴⁴	uei⁴⁴	uei⁴⁴	uei⁴⁴	uei⁴⁴	
为	~作	uei⁵²	uei⁵²	uei⁵²	uei⁵²	uei⁵²	uei⁵²	uei⁵²	uei⁵²	
为	~啥	uei⁴¹	uei⁴¹	uei⁴¹	uei⁴¹	uei⁴¹	uei⁴¹	uei⁴¹	uei⁴¹	
类		lei⁴¹	lei⁴¹	lei⁴¹	lei⁴¹	lei⁴¹	lei⁴¹	lei⁴¹	lei⁴¹	
泪		lei⁴¹	lei⁴¹	lei⁴¹	lei⁴¹	lei⁴¹	lei⁴¹	lei⁴¹	lei⁴¹	
醉		tsuei⁴¹	tsuei⁴¹	tsuei⁴¹	tsuei⁴¹	tsuei⁴¹	tsuei⁴¹	tsuei⁴¹	tsuei⁴¹	
翠		tsʰuei⁴¹	tsʰuei⁴¹	tsʰuei⁴¹	tsʰuei⁴¹	tsʰuei⁴¹	tsʰuei⁴¹	tsʰuei⁴¹	tsʰuei⁴¹	
虽		suei²⁴	suei²⁴	suei²⁴	suei²⁴	suei²⁴	suei²⁴	suei²⁴	suei²⁴	
睢		suei²⁴	suei²⁴	suei²⁴	suei²⁴	suei²⁴	suei²⁴	suei²⁴	suei²⁴	
隧		suei⁵²	suei⁴¹	suei⁴¹	suei⁴¹	suei⁴¹	suei⁵²	suei⁵²	suei⁵²	
锤		tʂʰuei⁵²	tʂʰuei⁵²	tʂʰuei⁵²	tʂʰuei⁵²	tʂʰuei⁵²	tʂʰuei⁵²	tʂʰuei⁵²	tʂʰuei⁵²	
摔		fei²⁴	fei²⁴	fei²⁴	fei²⁴	fei²⁴	fei²⁴	fei²⁴	fei²⁴/fɛ²⁴	
帅		ʂuɛ⁴¹	ʂuɛ⁴¹	ʂuɛ⁴¹	ʂuɛ⁴¹	ʂuɛ⁴¹	ʂuɛ⁴¹	ʂuɛ⁴¹	ʂuɛ⁴¹/fɛ⁴¹	
锥		tʂuei²⁴	tʂuei²⁴	tʂuei²⁴	tʂuei²⁴	tʂuei²⁴	tʂuei²⁴	tʂuei²⁴	tʂuei²⁴	
水		fei⁴⁴	fei⁴⁴	fei⁴⁴	fei⁴⁴	fei⁴⁴	fei⁴⁴	fei⁴⁴	fei⁴⁴	
谁		sei⁵²	sei⁵²	sei⁵²	sei⁵²	sei⁵²	ʂei⁵²	ʂei⁵²	ʂei⁵²	
轨		kuei⁴⁴	kuei⁴⁴	kuei⁴⁴	kuei⁴⁴	kuei⁴⁴	kuei⁴⁴	kuei⁴⁴	kuei⁴⁴	
愧		kʰuei⁴¹	kʰuei⁴¹	kʰuei⁴¹	kʰuei⁴¹	kʰuei⁴¹	kʰuei⁴¹	kʰuei⁴¹	kʰuei⁴¹	
葵		kʰuei⁵²	kʰuən⁵ ²	kʰuei⁵²	kʰuei⁵²	kʰuei⁵²	kʰuei⁵²	kʰuei⁵²	kʰuei⁵²	
位		uei⁴¹	uei⁴¹	uei⁴¹	uei⁴¹	uei⁴¹	uei⁴¹	uei⁴¹	uei⁴¹	
维		uei⁴⁴	vei⁴⁴	vei⁵²	vei⁵²	vei⁴⁴	vei⁴⁴	vei⁴⁴	vei⁴⁴	
唯		uei⁴⁴	vei⁴⁴	vei⁵²	vei⁵²	vei⁴⁴	uei⁴⁴	uei⁴⁴	uei⁴⁴	
非		fi²⁴	fi²⁴	fi²⁴	fi²⁴	fi²⁴	fi²⁴	fi²⁴	fi²⁴	
飞		fi²⁴	fi²⁴	fi²⁴	fi²⁴	fi²⁴	fi²⁴	fi²⁴	fi²⁴	
匪		fi⁴⁴	fi⁴⁴	fi⁴⁴	fi⁴⁴	fi⁴⁴	fi⁴⁴	fi⁴⁴	fi⁴⁴	
痱		fi⁴¹	fi⁴¹	fi⁴¹	fi⁴¹	fi⁴¹	fi⁴¹	fi⁴¹	fi⁴¹	
妃		fi⁴⁴	fi⁴⁴	fi⁴⁴	fi⁴⁴	fei⁴⁴	fi²⁴	fi²⁴	fei²⁴	
费		fi⁴¹	fi⁴¹	fi⁴¹	fi⁴¹	fi⁴¹	fi⁴¹	fi⁴¹	fi⁴¹	
肥		fi⁵²	fi⁵²	fi⁵²	fi⁵²	fi⁵²	fi⁵²	fi⁵²	fi⁵²	
翡		fei⁴⁴	fei⁴⁴	fei⁴⁴	fei⁴⁴	fei⁴⁴	fei⁴⁴	fei⁴⁴	fei⁴⁴	
微		uei⁴⁴	uei⁴⁴	uei⁴⁴	uei⁴⁴	uei⁴⁴	uei⁴⁴	uei⁴⁴	uei⁴⁴	
尾		i⁴⁴	i⁴⁴	i⁴⁴	i⁴⁴	i⁴⁴	i⁴⁴	i⁴⁴	i⁴⁴	
未		uei⁴¹	uei⁴¹	vei⁴¹	vei⁴¹	uei⁴¹	vei⁴¹	vei⁴¹	vei⁴¹	
味		uei⁴¹	uei⁴¹	uei⁴¹	uei⁴¹	uei⁴¹	uei⁴¹	uei⁴¹	uei⁴¹	
归		kuei²⁴	kuei²⁴	kuei²⁴	kuei²⁴	kuei²⁴	kuei²⁴	kuei²⁴	kuei²⁴	
鬼		kuei⁴⁴	kuei⁴⁴	kuei⁴⁴	kuei⁴⁴	kuei⁴⁴	kuei⁴⁴	kuei⁴⁴	kuei⁴⁴	
贵		kuei⁴¹	kuei⁴¹	kuei⁴¹	kuei⁴¹	kuei⁴¹	kuei⁴¹	kuei⁴¹	kuei⁴¹	
魏		uei⁴¹	uei⁴¹	uei⁴¹	uei⁴¹	uei⁴¹	uei⁴¹	uei⁴¹	uei⁴¹	
挥		xuei²⁴	xuei²⁴	xuei²⁴	xuei²⁴	xuei²⁴	xuei²⁴	xuei²⁴	xuei²⁴	
辉		xuei²⁴	xuei²⁴	xuei²⁴	xuei²⁴	xuei²⁴	xuei²⁴	xuei²⁴	xuei²⁴	
徽		xuei²⁴	xuei²⁴	xuei²⁴	xuei²⁴	xuei²⁴	xuei²⁴	xuei²⁴	xuei²⁴	
讳		xuei⁴¹	xuei⁴¹	xuei⁴⁴	xuei⁴⁴	xuei⁴¹	xuei⁴¹	xuei⁴¹	xuei⁴¹	
威		uei²⁴	uei²⁴	uei²⁴	uei²⁴	uei²⁴	uei²⁴	uei²⁴	uei²⁴	
慰		uei⁴¹	uən⁴¹	uei⁴¹	uei⁴¹	uən⁴¹	uei⁴¹	uei⁴¹	uei⁴¹	
围		uei⁵²	uei⁵²	uei⁵²	uei⁵²	uei⁵²	uei⁵²	uei⁵²	uei⁵²	
伟		uei⁴⁴	uei⁴⁴	uei⁴⁴	uei⁴⁴	uei⁴⁴	uei⁴⁴	uei⁴⁴	uei⁴⁴	
胃		uei⁴¹	uei⁴¹	uei⁴¹	uei⁴¹	uei⁴¹	uei⁴¹	uei⁴¹	uei⁴¹	
保		pɔ⁴⁴	pɔ⁴⁴	pɔ⁴⁴	pɔ⁴⁴	pɔ⁴⁴	pɔ⁴⁴	pɔ⁴⁴	pɔ⁴⁴	
宝		pɔ⁴⁴	pɔ⁴⁴	pɔ⁴⁴	pɔ⁴⁴	pɔ⁴⁴	pɔ⁴⁴	pɔ⁴⁴	pɔ⁴⁴	
报		pɔ⁴¹	pɔ⁴¹	pɔ⁴¹	pɔ⁴¹	pɔ⁴¹	pɔ⁴¹	pɔ⁴¹	pɔ⁴¹	
抱		pɔ⁴⁴	pɔ⁴⁴	pɔ⁴⁴	pɔ⁴⁴	pɔ⁴⁴	pɔ⁴⁴	pɔ⁴⁴	pɔ⁴⁴	
暴		pɔ⁴⁴	pɔ⁴⁴	pɔ⁴⁴	pɔ⁴⁴	pɔ⁴⁴	pɔ⁴⁴	pɔ⁴⁴	pɔ⁴⁴	
菢		pɔ⁴⁴	pɔ⁴⁴	pɔ⁴⁴	pɔ⁴⁴	pɔ⁴⁴	pɔ⁴⁴	pɔ⁴⁴	pɔ⁴⁴	
毛		mɔ⁵²	mɔ⁵²	mɔ⁵²	mɔ⁵²	mɔ⁵²	mɔ⁵²	mɔ⁵²	mɔ⁵²	
帽		mɔ⁴¹	mɔ⁴¹	mɔ⁴¹	mɔ⁴¹	mɔ⁴¹	mɔ⁴¹	mɔ⁴¹	mɔ⁴¹	
刀		tɔ²⁴	tɔ²⁴	tɔ²⁴	tɔ²⁴	tɔ²⁴	tɔ²⁴	tɔ²⁴	tɔ²⁴	
叨		tɔ²⁴	tɔ²⁴	tɔ²⁴	tɔ²⁴	tɔ²⁴	tɔ²⁴	tɔ²⁴	tɔ²⁴	
倒	~打	tɔ⁴⁴	tɔ⁴⁴	tɔ⁴⁴	tɔ⁴⁴	tɔ⁴⁴	tɔ⁴⁴	tɔ⁴⁴	tɔ⁴⁴	
到		tɔ⁴¹	tɔ⁴¹	tɔ⁴¹	tɔ⁴¹	tɔ⁴¹	tɔ⁴¹	tɔ⁴¹	tɔ⁴¹	
掏		tʰɔ²⁴	tʰɔ²⁴	tʰɔ²⁴	tʰɔ²⁴	tʰɔ²⁴	tʰɔ²⁴	tʰɔ²⁴	tʰɔ²⁴	
讨		tʰɔ⁵²	tʰɔ⁵²	tʰɔ⁵²	tʰɔ⁵²	tʰɔ⁵²	tʰɔ⁵²	tʰɔ⁵²	tʰɔ⁵²	
套		tʰɔ⁴¹	tʰɔ⁴¹	tʰɔ⁴¹	tʰɔ⁴¹	tʰɔ⁴¹	tʰɔ⁴¹	tʰɔ⁴¹	tʰɔ⁴¹	
桃		tʰɔ⁵²	tʰɔ⁵²	tʰɔ⁵²	tʰɔ⁵²	tʰɔ⁵²	tʰɔ⁵²	tʰɔ⁵²	tʰɔ⁵²	
逃		tʰɔ⁵²	tʰɔ⁵²	tʰɔ⁵²	tʰɔ⁵²	tʰɔ⁵²	tʰɔ⁵²	tʰɔ⁵²	tʰɔ⁵²	
道		tɔ⁴¹	tɔ⁴¹	tɔ⁴¹	tɔ⁴¹	tɔ⁴¹	tɔ⁴¹	tɔ⁴¹	tɔ⁴¹	
劳		lɔ⁵²	lɔ⁵²	lɔ⁵²	lɔ⁵²	lɔ⁵²	lɔ⁵²	lɔ⁵²	lɔ⁵²	
牢		lɔ⁵²	lɔ⁵²	lɔ⁵²	lɔ⁵²	lɔ⁵²	lɔ⁵²	lɔ⁵²	lɔ⁵²	
老		lɔ⁴⁴	lɔ⁴⁴	lɔ⁴⁴	lɔ⁴⁴	lɔ⁴⁴	lɔ⁴⁴	lɔ⁴⁴	lɔ⁴⁴	
涝		lɔ⁴¹	lɔ⁴¹	lɔ⁴¹	lɔ⁴¹	lɔ⁴¹	lɔ⁴¹	lɔ⁴¹	lɔ⁴¹	
遭		tsɔ²⁴	tsɔ²⁴	tsɔ²⁴	tsɔ²⁴	tsɔ²⁴	tsɔ²⁴	tsɔ²⁴	tsɔ²⁴	
糟		tsɔ²⁴	tsɔ²⁴	tsɔ²⁴	tsɔ²⁴	tsɔ²⁴	tsɔ²⁴	tsɔ²⁴	tsɔ²⁴	
早		tsɔ⁴⁴	tsɔ⁴⁴	tsɔ⁴⁴	tsɔ⁴⁴	tsɔ⁴⁴	tsɔ⁴⁴	tsɔ⁴⁴	tsɔ⁴⁴	
澡		tsɔ⁴⁴	tsɔ⁴⁴	tsɔ⁴⁴	tsɔ⁴⁴	tsɔ⁴⁴	tsɔ⁴⁴	tsɔ⁴⁴	tsɔ⁴⁴	
操		tsʰɔ²⁴	tsʰɔ²⁴	tsʰɔ²⁴	tsʰɔ²⁴	tsʰɔ²⁴	tsʰɔ²⁴	tsʰɔ²⁴	tsʰɔ²⁴	
草		tsʰɔ²⁴	tsʰɔ²⁴	tsʰɔ²⁴	tsʰɔ²⁴	tsʰɔ²⁴	tsʰɔ²⁴	tsʰɔ²⁴	tsʰɔ²⁴	
糙		tsʰɔ²⁴	tsʰɔ²⁴	tsʰɔ²⁴	tsʰɔ⁴⁴	tsʰɔ²⁴	tsɔ²⁴	tsɔ²⁴	tsɔ⁴¹	
曹		tsʰɔ⁵²	tsʰɔ⁵²	tsʰɔ⁵²	tsʰɔ⁵²	tsʰɔ⁵²	tsʰɔ⁵²	tsʰɔ⁵²	tsʰɔ⁵²	
皂		tsɔ⁴¹	tsɔ⁴¹	tsɔ⁴¹	tsɔ⁴¹	tsɔ⁴¹	tsɔ⁴¹	tsɔ⁴¹	tsɔ⁴¹	
造		tsʰɔ⁴¹	tsɔ⁴¹/\ntsʰɔ⁴¹	tsɔ⁴¹/\ntsʰɔ⁴¹	tsɔ⁴¹/\ntsʰɔ⁴¹	tsʰɔ⁴¹	tsɔ⁴¹/\ntsʰɔ⁴¹	tsɔ⁴¹/\ntsʰɔ⁴¹	tsɔ⁴¹/\ntsʰɔ⁴¹	
骚		sɔ²⁴	sɔ²⁴	sɔ²⁴	sɔ²⁴	sɔ²⁴	sɔ²⁴	sɔ²⁴	sɔ²⁴	
扫		sɔ⁴⁴	sɔ⁴⁴	sɔ⁴⁴	sɔ⁴⁴	sɔ⁴⁴	sɔ⁴⁴	sɔ⁴⁴	sɔ⁴⁴	
嫂		sɔ⁴⁴	sɔ⁴⁴	sɔ⁴⁴	sɔ⁴⁴	sɔ⁴⁴	sɔ⁴⁴	sɔ⁴⁴	sɔ⁴⁴	
高		kɔ²⁴	kɔ²⁴	kɔ²⁴	kɔ²⁴	kɔ²⁴	kɔ²⁴	kɔ²⁴	kɔ²⁴	
羔		kɔ²⁴	kɔ²⁴	kɔ²⁴	kɔ²⁴	kɔ²⁴	kɔ²⁴	kɔ²⁴	kɔ²⁴	
糕		kɔ²⁴	kɔ²⁴	kɔ²⁴	kɔ²⁴	kɔ²⁴	kɔ²⁴	kɔ²⁴	kɔ²⁴	
告		kɔ⁴¹	kɔ⁴¹	kɔ⁴¹	kɔ⁴¹	kɔ⁴¹	kɔ⁴¹	kɔ⁴¹	kɔ⁴¹	
考		kʰɔ⁴⁴	kʰɔ⁴⁴	kʰɔ⁴⁴	kʰɔ⁴⁴	kʰɔ⁴⁴	kʰɔ⁴⁴	kʰɔ⁴⁴	kʰɔ⁴⁴	
烤		kʰɔ⁴⁴	kʰɔ⁴⁴	kʰɔ⁴⁴	kʰɔ⁴⁴	kʰɔ⁴⁴	kʰɔ⁴⁴	kʰɔ⁴⁴	kʰɔ⁴⁴	
靠		kʰɔ⁴¹	kʰɔ⁴¹	kʰɔ⁴¹	kʰɔ⁴¹	kʰɔ⁴¹	kʰɔ⁴¹	kʰɔ⁴¹	kʰɔ⁴¹	
熬		ɣɔ⁵²	ɣɔ⁵²	ɣɔ⁵²/\nɣɔ²⁴	ɣɔ⁵²/\nɣɔ²⁴	ɣɔ⁵²	ɣɔ⁵²	ɣɔ⁵²	ɣɔ⁵²	
傲		ɣɔ⁴¹	ɣɔ⁴¹	ɣɔ⁴¹	ɣɔ⁴¹	ɣɔ⁴¹	ɣɔ⁴¹	ɣɔ⁴¹	ɣɔ⁴¹	
薅		xɔ²⁴	xɔ²⁴	xɔ²⁴	xɔ²⁴	xɔ²⁴	xɔ²⁴	xɔ²⁴	xɔ²⁴	
好		xɔ⁴⁴	xɔ⁴⁴	xɔ⁴⁴	xɔ⁴⁴	xɔ⁴⁴	xɔ⁴⁴	xɔ⁴⁴	xɔ⁴⁴	
豪		xɔ⁵²	xɔ⁵²	xɔ⁵²	xɔ⁵²	xɔ⁵²	xɔ⁵²	xɔ⁵²	xɔ⁵²	
浩		xɔ⁴¹	xɔ⁴¹	xɔ⁴¹	xɔ⁴¹	xɔ⁴¹	xɔ⁵²	xɔ⁵²	xɔ⁴¹	
包		pɔ²⁴	pɔ²⁴	pɔ²⁴	pɔ²⁴	pɔ²⁴	pɔ²⁴	pɔ²⁴	pɔ²⁴	
胞		pʰɔ⁵²	pɔ²⁴	pɔ²⁴	pɔ²⁴/\npʰɔ⁵²	pɔ²⁴	pɔ²⁴	pɔ²⁴	pɔ²⁴	
饱		pɔ⁴⁴	pɔ⁴⁴	pɔ⁴⁴	pɔ⁴⁴	pɔ⁴⁴	pɔ⁴⁴	pɔ⁴⁴	pɔ⁴⁴	
爆		pɔ⁴¹	pɔ⁴¹	pɔ⁴¹	pɔ⁴¹	pɔ⁴¹	pɔ⁴¹	pɔ⁴¹	pɔ⁴¹	
泡	~一	pʰɔ²⁴	pʰɔ²⁴	pʰɔ²⁴	pʰɔ²⁴	pʰɔ²⁴	pʰɔ²⁴	pʰɔ²⁴	pʰɔ²⁴	
抛		pʰɔ²⁴	pʰɔ²⁴	pʰɔ²⁴	pʰɔ²⁴	pʰɔ²⁴	pʰɔ²⁴	pʰɔ²⁴	pʰɔ²⁴	
炮		pʰɔ⁴¹	pʰɔ⁴¹	pʰɔ⁴¹	pʰɔ⁴¹	pʰɔ⁴¹	pʰɔ⁴¹	pʰɔ⁴¹	pʰɔ⁴¹	
泡	~水	pʰɔ⁴¹	pʰɔ⁴¹	pʰɔ⁴¹	pʰɔ⁴¹	pʰɔ⁴¹	pʰɔ⁴¹	pʰɔ⁴¹	pʰɔ⁴¹	
跑		pʰɔ⁴⁴	pʰɔ⁴⁴	pʰɔ⁴⁴	pʰɔ⁴⁴	pʰɔ⁴⁴	pʰɔ⁴⁴	pʰɔ⁴⁴	pʰɔ⁴⁴	
茅		mɔ⁵²	mɔ⁵²	mɔ⁵²	mɔ⁵²	mɔ⁵²	mɔ⁵²	mɔ⁵²	mɔ⁵²	
挠		nɔ⁵²	nɔ⁵²	nɔ⁵²	nɔ⁵²	nɔ⁵²	nɔ⁵²	nɔ⁵²	nɔ⁵²	
闹		nɔ⁴²	nɔ⁴²	nɔ⁴²	nɔ⁴²	nɔ⁴²	nɔ⁴²	nɔ⁴²	nɔ⁴²	
罩		tsɔ⁴¹	tsɔ⁴¹	tsɔ⁴¹	tsɔ⁴¹	tsɔ⁴¹	tʂɔ⁴¹	tʂɔ⁴¹	tʂɔ⁴¹	
抓		tʂua²⁴	tʂua²⁴	tʂua²⁴	tʂua²⁴	tʂua²⁴	tʂua²⁴	tʂua²⁴	tʂua²⁴	
爪		tsɔ⁴⁴	tʂua⁴⁴	tʂua⁴⁴	tʂua⁴⁴	tʂua⁴⁴	tʂua⁴⁴	tʂua⁴⁴	tʂua⁴⁴	
笊		tsɔ⁴¹	tsɔ⁴¹	tsɔ⁴¹	tsɔ⁴¹	tsɔ⁴¹	tʂɔ⁴¹	tʂɔ⁴¹	tʂɔ⁴¹	
抄		tsʰɔ²⁴	tsʰɔ²⁴	tsʰɔ²⁴	tsʰɔ²⁴	tsʰɔ²⁴	tʂʰɔ²⁴	tʂʰɔ²⁴	tʂʰɔ²⁴	
钞		tsʰɔ²⁴	tsʰɔ²⁴	tsʰɔ²⁴	tsʰɔ²⁴	tsʰɔ²⁴	tʂʰɔ²⁴	tʂʰɔ²⁴	tʂʰɔ²⁴	
炒		tsʰɔ⁴⁴	tsʰɔ⁴⁴	tsʰɔ⁴⁴	tsʰɔ⁴⁴	tsʰɔ⁴⁴	tʂʰɔ⁴⁴	tʂʰɔ⁴⁴	tʂʰɔ⁴⁴	
吵		tsʰɔ⁴⁴	tsʰɔ⁴⁴	tsʰɔ⁴⁴	tsʰɔ⁴⁴	tsʰɔ⁴⁴	tʂʰɔ⁴⁴	tʂʰɔ⁴⁴	tʂʰɔ⁴⁴	
梢		sɔ²⁴	sɔ²⁴	sɔ²⁴	sɔ²⁴	sɔ²⁴	ʂɔ²⁴	ʂɔ²⁴	ʂɔ²⁴	
捎		sɔ²⁴	sɔ²⁴	sɔ²⁴	sɔ²⁴	sɔ²⁴	ʂɔ²⁴	ʂɔ²⁴	ʂɔ²⁴	
稍		sɔ²⁴	sɔ²⁴	sɔ²⁴/sɔ⁴⁴	sɔ²⁴/sɔ⁴\n⁴	sɔ²⁴	ʂɔ²⁴	ʂɔ²⁴	ʂɔ²⁴	
潲		sɔ⁴¹	sɔ⁴¹	sɔ⁴¹	sɔ⁴¹	sɔ⁴¹	ʂɔ⁴¹	ʂɔ⁴¹	ʂɔ⁴¹	
交		tɕiɔ²⁴	tɕiɔ²⁴	tɕiɔ²⁴	tɕiɔ²⁴	tɕiɔ²⁴	tɕiɔ²⁴	tɕiɔ²⁴	tɕiɔ²⁴	
郊		tɕiɔ²⁴	tɕiɔ²⁴	tɕiɔ²⁴	tɕiɔ²⁴	tɕiɔ²⁴	tɕiɔ²⁴	tɕiɔ²⁴	tɕiɔ²⁴	
教	~书	tɕiɔ²⁴	tɕiɔ²⁴	tɕiɔ²⁴	tɕiɔ²⁴	tɕiɔ²⁴	tɕiɔ²⁴	tɕiɔ²⁴	tɕiɔ²⁴	
绞		tɕiɔ⁴⁴	tɕiɔ⁴⁴	tɕiɔ⁴⁴	tɕiɔ⁴⁴	tɕiɔ⁴⁴	tɕiɔ⁴⁴	tɕiɔ⁴⁴	tɕiɔ⁴⁴	
搅		tɕiɔ⁴⁴	tɕiɔ⁴⁴	tɕiɔ⁴⁴	tɕiɔ⁴⁴	tɕiɔ⁴⁴	tɕiɔ⁴⁴	tɕiɔ⁴⁴	tɕiɔ⁴⁴	
教	~育	tɕiɔ⁴¹	tɕiɔ⁴¹	tɕiɔ⁴¹	tɕiɔ⁴¹	tɕiɔ⁴¹	tɕiɔ⁴¹	tɕiɔ⁴¹	tɕiɔ⁴¹	
较		tɕiɔ⁴¹	tɕiɔ⁴¹	tɕiɔ⁴¹	tɕiɔ⁴¹	tɕiɔ⁴¹	tɕiɔ²⁴	tɕiɔ²⁴	tɕiɔ²⁴	
酵		tɕiɔ⁴¹	tɕiɔ⁴¹	tɕiɔ⁴¹/\nɕiɔ⁴¹	tɕiɔ⁴¹/\nɕiɔ⁴¹	tɕiɔ⁴¹	ɕiɔ⁴¹	ɕiɔ⁴¹	ɕiɔ⁴¹	
觉		ɕiɔ⁴¹	tɕiɔ⁴¹	tɕiɔ⁴¹	tɕiɔ⁴¹	tɕiɔ⁴¹	tɕiɔ⁴¹	tɕiɔ⁴¹	tɕiɔ⁴¹	
敲		tɕʰiɔ²⁴	tɕʰiɔ²⁴	tɕʰiɔ²⁴	tɕʰiɔ²⁴	tɕʰiɔ²⁴	tɕʰiɔ²⁴	tɕʰiɔ²⁴	tɕʰiɔ²⁴	
巧		tɕʰiɔ⁴⁴	tɕʰiɔ⁴⁴	tɕʰiɔ⁴⁴	tɕʰiɔ⁴⁴	tɕʰiɔ⁴⁴	tɕʰiɔ⁴⁴	tɕʰiɔ⁴⁴	tɕʰiɔ⁴⁴	
咬		iɔ²⁴	iɔ²⁴	iɔ²⁴	iɔ²⁴	iɔ²⁴	iɔ²⁴	iɔ²⁴	iɔ²⁴	
孝		ɕiɔ⁴¹	ɕiɔ⁴¹	ɕiɔ⁴¹	ɕiɔ⁴¹	ɕiɔ⁴¹	ɕiɔ⁴¹	ɕiɔ⁴¹	ɕiɔ⁴¹	
效		tɕiɔ²⁴	tɕiɔ²⁴	tɕiɔ²⁴	tɕiɔ²⁴	tɕiɔ²⁴	tɕiɔ²⁴	tɕiɔ²⁴	tɕiɔ²⁴	
校		ɕiɔ⁴¹	ɕiɔ⁴¹	ɕiɔ⁴¹	ɕiɔ⁴¹	ɕiɔ⁴¹	ɕiɔ⁴¹	ɕiɔ⁴¹	ɕiɔ⁴¹	
膘		piɔ²⁴	piɔ²⁴	piɔ²⁴	piɔ²⁴	piɔ²⁴	piɔ²⁴	piɔ²⁴	piɔ²⁴	
表		piɔ⁴⁴	piɔ⁴⁴	piɔ⁴⁴	piɔ⁴⁴	piɔ⁴⁴	piɔ⁴⁴	piɔ⁴⁴	piɔ⁴⁴	
飘		pʰiɔ²⁴	pʰiɔ²⁴	pʰiɔ²⁴	pʰiɔ²⁴	pʰiɔ²⁴	pʰiɔ²⁴	pʰiɔ²⁴	pʰiɔ²⁴	
漂		pʰiɔ⁴¹	pʰiɔ⁴¹	pʰiɔ⁴¹	pʰiɔ⁴¹	pʰiɔ⁴¹	pʰiɔ⁴¹	pʰiɔ⁴¹	pʰiɔ⁴¹	
票		pʰiɔ⁴¹	pʰiɔ⁴¹	pʰiɔ⁴¹	pʰiɔ⁴¹	pʰiɔ⁴¹	pʰiɔ⁴¹	pʰiɔ⁴¹	pʰiɔ⁴¹	
瓢		pʰiɔ⁵²	pʰiɔ⁵²	pʰiɔ⁵²	pʰiɔ⁵²	pʰiɔ⁵²	pʰiɔ⁵²	pʰiɔ⁵²	pʰiɔ⁵²	
苗		miɔ⁵²	miɔ⁵²	miɔ⁵²	miɔ⁵²	miɔ⁵²	miɔ⁵²	miɔ⁵²	miɔ⁵²	
描		miɔ⁵²	miɔ⁵²	miɔ⁵²	miɔ⁵²	miɔ⁵²	miɔ⁵²	miɔ⁵²	miɔ⁵²	
秒		miɔ⁴⁴	miɔ⁴⁴	miɔ⁴⁴	miɔ⁴⁴	miɔ⁴⁴	miɔ⁴⁴	miɔ⁴⁴	miɔ⁴⁴	
庙		miɔ⁴¹	miɔ⁴¹	miɔ⁴¹	miɔ⁴¹	miɔ⁴¹	miɔ⁴¹	miɔ⁴¹	miɔ⁴¹	
燎		liɔ⁵²	liɔ⁴⁴	liɔ⁴⁴	liɔ⁴⁴/\nliɔ⁵²	liɔ⁴⁴	liɔ²⁴	liɔ²⁴	liɔ²⁴	
疗		liɔ⁵²	liɔ⁵²	liɔ⁵²	liɔ⁵²	liɔ⁵²	liɔ⁵²	liɔ⁵²	liɔ⁵²	
椒		tsiɔ²⁴	tsiɔ²⁴	tsiɔ²⁴	tsiɔ²⁴	tsiɔ²⁴	tsiɔ²⁴	tsiɔ²⁴	tsiɔ²⁴	
悄		tsʰiɔ⁵²	tsʰiɔ²⁴	tsʰiɔ⁵²	tsʰiɔ⁵²	tsʰiɔ²⁴	tsʰiɔ²⁴	tsʰiɔ²⁴	tsʰiɔ²⁴	
俏		tsʰiɔ⁴¹	tsʰiɔ⁴¹	tsʰiɔ⁴¹	tsʰiɔ⁴¹	tsʰiɔ⁴¹	tsʰiɔ⁴¹	tsʰiɔ⁴¹	tsʰiɔ⁴¹	
瞧		tsʰiɔ⁵²	tsʰiɔ⁵²	tsʰiɔ⁵²	tsʰiɔ⁵²	tsʰiɔ⁵²	tsʰiɔ⁵²	tsʰiɔ⁵²	tsʰiɔ⁵²	
消		siɔ²⁴	siɔ²⁴	siɔ²⁴	siɔ²⁴	siɔ²⁴	siɔ²⁴	siɔ²⁴	siɔ²⁴	
宵		siɔ²⁴	siɔ²⁴	siɔ²⁴	siɔ²⁴	siɔ²⁴	siɔ²⁴	siɔ²⁴	siɔ²⁴	
小		siɔ⁴⁴	siɔ⁴⁴	siɔ⁴⁴	siɔ⁴⁴	siɔ⁴⁴	siɔ⁴⁴	siɔ⁴⁴	siɔ⁴⁴	
笑		siɔ⁴¹	siɔ⁴¹	siɔ⁴¹	siɔ⁴¹	siɔ⁴¹	siɔ⁴¹	siɔ⁴¹	siɔ⁴¹	
超		tʂʰɔ²⁴	tʂʰɔ²⁴	tʂʰɔ²⁴	tʂʰɔ²⁴	tʂʰɔ²⁴	tʂʰɔ²⁴	tʂʰɔ²⁴	tʂʰɔ²⁴	
朝	~代	tʂʰɔ⁵²	tʂʰɔ⁵²	tʂʰɔ⁵²	tʂʰɔ⁵²	tʂʰɔ⁵²	tʂʰɔ⁵²	tʂʰɔ⁵²	tʂʰɔ⁵²	
潮		tʂʰɔ⁵²	tʂʰɔ⁵²	tʂʰɔ⁵²	tʂʰɔ⁵²	tʂʰɔ⁵²	tʂʰɔ⁵²	tʂʰɔ⁵²	tʂʰɔ⁵²	
赵		tʂɔ⁴¹	tʂɔ⁴¹	tʂɔ⁴¹	tʂɔ⁴¹	tʂɔ⁴¹	tʂɔ⁴¹	tʂɔ⁴¹	tʂɔ⁴¹	
招		tʂɔ²⁴	tʂɔ²⁴	tʂɔ²⁴	tʂɔ²⁴	tʂɔ²⁴	tʂɔ²⁴	tʂɔ²⁴	tʂɔ²⁴	
照		tʂɔ⁴¹	tʂɔ⁴¹	tʂɔ⁴¹	tʂɔ⁴¹	tʂɔ⁴¹	tʂɔ⁴¹	tʂɔ⁴¹	tʂɔ⁴¹	
烧		ʂɔ²⁴	ʂɔ²⁴	ʂɔ²⁴	ʂɔ²⁴	ʂɔ²⁴	ʂɔ²⁴	ʂɔ²⁴	ʂɔ²⁴	
少	~多	ʂɔ⁴⁴	ʂɔ⁴⁴	ʂɔ⁴⁴	ʂɔ⁴⁴	ʂɔ⁴⁴	ʂɔ⁴⁴	ʂɔ⁴⁴	ʂɔ⁴⁴	
少	~年	ʂɔ⁴¹	ʂɔ⁴¹	ʂɔ⁴¹	ʂɔ⁴¹	ʂɔ⁴¹	ʂɔ⁴¹	ʂɔ⁴¹	ʂɔ⁴¹	
饶		ʐɔ⁵²	ʐɔ⁵²	zɔ⁵²	zɔ⁵²	ʐɔ⁵²	ʐɔ⁵²	ʐɔ⁵²	ʐɔ⁵²	
扰		ʐɔ⁴⁴	ʐɔ⁴⁴	zɔ⁴⁴	zɔ⁴⁴	ʐɔ⁴⁴	ʐɔ⁴⁴	ʐɔ⁴⁴	ʐɔ⁴⁴	
绕		ʐɔ⁵²	ʐɔ⁴⁴	zɔ⁴⁴/zɔ⁴²\n/zɔ⁵²	zɔ⁴⁴	ʐɔ⁴⁴	ʐɔ⁴⁴	ʐɔ⁵²	ʐɔ⁴⁴	
骄		tɕiɔ²⁴	tɕiɔ²⁴	tɕiɔ²⁴	tɕiɔ²⁴	tɕiɔ²⁴	tɕiɔ²⁴	tɕiɔ²⁴	tɕiɔ²⁴	
娇		tɕiɔ²⁴	tɕiɔ²⁴	tɕiɔ²⁴	tɕiɔ²⁴	tɕiɔ²⁴	tɕiɔ²⁴	tɕiɔ²⁴	tɕiɔ²⁴	
桥		tɕʰiɔ⁵²	tɕʰiɔ⁵²	tɕʰiɔ⁵²	tɕʰiɔ⁵²	tɕʰiɔ⁵²	tɕʰiɔ⁵²	tɕʰiɔ⁵²	tɕʰiɔ⁵²	
轿		tɕiɔ⁴¹	tɕiɔ⁴¹	tɕiɔ⁴¹	tɕiɔ⁴¹	tɕiɔ⁴¹	tɕiɔ⁴¹	tɕiɔ⁴¹	tɕiɔ⁴¹	
妖		iɔ²⁴	iɔ²⁴	iɔ²⁴	iɔ²⁴	iɔ²⁴	iɔ²⁴	iɔ²⁴	iɔ²⁴	
邀		iɔ²⁴	iɔ²⁴	iɔ²⁴	iɔ²⁴	iɔ²⁴	iɔ²⁴	iɔ²⁴	iɔ²⁴	
腰		iɔ²⁴	iɔ²⁴	iɔ²⁴	iɔ²⁴	iɔ²⁴	iɔ²⁴	iɔ²⁴	iɔ²⁴	
要	~想	iɔ⁴¹	iɔ⁴¹	iɔ⁴¹	iɔ⁴¹	iɔ⁴¹	iɔ⁴¹	iɔ⁴¹	iɔ⁴¹	
要	~求	iɔ²⁴	iɔ²⁴	iɔ²⁴	iɔ²⁴	iɔ²⁴	iɔ²⁴	iɔ²⁴	iɔ²⁴	
摇		iɔ⁵²	iɔ⁵²	iɔ⁵²	iɔ⁵²	iɔ⁵²	iɔ⁵²	iɔ⁵²	iɔ⁵²	
舀		iɔ⁴⁴	iɔ⁴⁴	iɔ⁴⁴	iɔ⁴⁴	iɔ⁴⁴	iɔ⁴⁴	iɔ⁴⁴	iɔ⁴⁴	
刁		tiɔ²⁴	tiɔ²⁴	tiɔ²⁴	tiɔ²⁴	tiɔ²⁴	tiɔ²⁴	tiɔ²⁴	tiɔ²⁴	
貂		tiɔ²⁴	tiɔ²⁴	tiɔ²⁴	tiɔ²⁴	tiɔ²⁴	tiɔ²⁴	tiɔ²⁴	tiɔ²⁴	
鸟		ȵiɔ⁴⁴	ȵiɔ⁴⁴	ȵiɔ⁴⁴	ȵiɔ⁴⁴	ȵiɔ⁴⁴	ȵiɔ⁴⁴	ȵiɔ⁴⁴	ȵiɔ⁴⁴	
钓		tiɔ⁴¹	tiɔ⁴¹	tiɔ⁴¹	tiɔ⁴¹	tiɔ⁴¹	tiɔ⁴¹	tiɔ⁴¹	tiɔ⁴¹	
吊		tiɔ⁴¹	tiɔ⁴¹	tiɔ⁴¹	tiɔ⁴¹	tiɔ⁴¹	tiɔ⁴¹	tiɔ⁴¹	tiɔ⁴¹	
挑		tʰiɔ²⁴	tʰiɔ²⁴	tʰiɔ²⁴	tʰiɔ²⁴	tʰiɔ²⁴	tʰiɔ²⁴	tʰiɔ²⁴	tʰiɔ²⁴	
条		tʰiɔ⁵²	tʰiɔ⁵²	tʰiɔ⁵²	tʰiɔ⁵²	tʰiɔ⁵²	tʰiɔ⁵²	tʰiɔ⁵²	tʰiɔ⁵²	
跳		tʰiɔ⁴¹	tʰiɔ⁴¹	tʰiɔ⁴¹	tʰiɔ⁴¹	tʰiɔ⁴¹	tʰiɔ⁴¹	tʰiɔ⁴¹	tʰiɔ⁴¹	
掉		tiɔ⁴¹	tiɔ⁴¹	tiɔ⁴¹	tiɔ⁴¹	tiɔ⁴¹	tiɔ⁴¹	tiɔ⁴¹	tiɔ⁴¹	
调	~音	tiɔ⁴¹	tiɔ⁴¹	tiɔ⁴¹	tiɔ⁴¹	tiɔ⁴¹	tiɔ⁴¹	tiɔ⁴¹	tiɔ⁴¹	
聊		liɔ⁵²	liɔ⁵²	liɔ⁵²	liɔ⁵²	liɔ⁵²	liɔ⁵²	liɔ⁵²	liɔ⁵²	
了	~断	liɔ⁴⁴	liɔ⁴⁴	liɔ⁴⁴	liɔ⁴⁴	liɔ⁴⁴	liɔ⁴⁴	liɔ⁴⁴	liɔ⁴⁴	
料		liɔ⁴¹	liɔ⁴¹	liɔ⁴¹	liɔ⁴¹	liɔ⁴¹	liɔ⁴¹	liɔ⁴¹	liɔ⁴¹	
箫		siɔ²⁴	siɔ²⁴	siɔ²⁴	siɔ²⁴	siɔ²⁴	siɔ²⁴	siɔ²⁴	siɔ²⁴	
浇		tɕiɔ²⁴	tɕiɔ²⁴	tɕiɔ²⁴	tɕiɔ²⁴	tɕiɔ²⁴	tɕiɔ²⁴	tɕiɔ²⁴	tɕiɔ²⁴	
缴		tɕiɔ⁴⁴	tɕiɔ²⁴	tɕiɔ²⁴/\ntɕiɔ⁴⁴	tɕiɔ²⁴/\ntɕiɔ⁴⁴	tɕiɔ²⁴	tɕiɔ²⁴	tɕiɔ²⁴	tɕiɔ²⁴	
叫		tɕiɔ⁴¹	tɕiɔ⁴¹	tɕiɔ⁴¹	tɕiɔ⁴¹	tɕiɔ⁴¹	tɕiɔ⁴¹	tɕiɔ⁴¹	tɕiɔ⁴¹	
吆		iɔ²⁴	iɔ²⁴	iɔ²⁴	iɔ²⁴	iɔ²⁴	iɔ²⁴	iɔ²⁴	iɔ²⁴	
剖		pʰɔ²⁴	pʰɔ²⁴	pʰɔ²⁴	pʰɔ²⁴	pʰo²⁴	pʰɔ²⁴	pɔ²⁴	pɔ²⁴	
亩		mu⁴⁴	mu⁴⁴	mu⁴⁴	mu⁴⁴	mu⁴⁴	mu⁴⁴	mu⁴⁴	mu⁴⁴	
牡		mu²⁴	mu²⁴	mu²⁴	mu²⁴	mu²⁴	mu⁴⁴	mu⁴⁴	mu⁴⁴	
母		mu⁴⁴	mu⁴⁴	mu⁴⁴	mu⁴⁴	mu⁴⁴	mu⁴⁴	mu⁴⁴	mu⁴⁴	
茂		mɔ⁴¹	mɔ⁴¹	mɔ⁴¹	mɔ⁴¹	mɔ⁴¹	mɔ⁴¹	mɔ⁴¹	mɔ⁴¹	
兜		tou²⁴	tou²⁴	tou²⁴	tou²⁴	tou²⁴	tou²⁴	tou²⁴	tou²⁴	
抖		tou⁴⁴	tou⁴⁴	tou⁴⁴	tou⁴⁴	tou⁴⁴	tou⁴⁴	tou⁴⁴	tou⁴⁴	
陡		tou⁴⁴	tou⁴⁴	tou⁴⁴	tou⁴⁴	tou⁴⁴	tou⁴⁴	tou⁴⁴	tou⁴⁴	
斗		tou⁴¹	tou⁴¹	tou⁴¹	tou⁴¹	tou⁴¹	tou⁴¹	tou⁴¹	tou⁴¹	
偷		tʰou²⁴	tʰou²⁴	tʰou²⁴	tʰou²⁴	tʰou²⁴	tʰou²⁴	tʰou²⁴	tʰou²⁴	
透		tʰou⁴¹	tʰou⁴¹	tʰou⁴¹	tʰou⁴¹	tʰou⁴¹	tʰou⁴¹	tʰou⁴¹	tʰou⁴¹	
头		tʰou⁵²	tʰou⁵²	tʰou⁵²	tʰou⁵²	tʰou⁵²	tʰou⁵²	tʰou⁵²	tʰou⁵²	
投		tʰou⁵²	tʰou⁵²	tʰou⁵²	tʰou⁵²	tʰou⁵²	tʰou⁵²	tʰou⁵²	tʰou⁵²	
豆		tou⁴¹	tou⁴¹	tou⁴¹	tou⁴¹	tou⁴¹	tou⁴¹	tou⁴¹	tou⁴¹	
楼		lou⁵²	lou⁵²	lou⁵²	lou⁵²	lou⁵²	lou⁵²	lou⁵²	lou⁵²	
多		tuo²⁴	tuo²⁴	tuo²⁴	tuo²⁴	tuo²⁴	tuo²⁴	tuo²⁴	tuo²⁴	
拖		tʰuo²⁴	tʰuo²⁴	tʰuo⁵²	tʰuo²⁴	tʰuo²⁴	tʰuo²⁴	tʰuo²⁴	tʰuo²⁴	
他		tʰa⁴⁴	tʰa⁴⁴	tʰa⁴⁴	tʰa⁴⁴	tʰa⁴⁴	tʰa⁴⁴	tʰa⁴⁴	tʰa⁴⁴	
驼		tʰuo⁵²	tʰuo⁵²	tʰuo⁴⁴	tʰuo⁴⁴	tʰuo⁵²	tʰuo⁵²	tʰuo⁵²	tʰuo⁵²	
驮		tʰuo⁵²	tʰuo⁵²	tʰuo⁵²	tʰuo⁵²	tʰuo⁵²	tʰuo⁵²	tʰuo⁵²	tʰuo⁵²	
舵		tʰuo⁴¹	tʰuo⁴¹	tʰuo⁴¹	tʰuo⁴¹	tʰuo⁴¹	tʰuo⁴¹	tʰuo⁴¹	tʰuo⁴¹	
大		ta⁴¹	ta⁴¹	ta⁴¹	ta⁴¹	ta⁴¹	ta⁴¹	ta⁴¹	ta⁴¹	
挪		nuo⁵²	nuo⁵²	nuo⁵²	nuo⁵²	nuo⁵²	nuo⁵²	nuo⁵²	nuo⁵²	
哪		na⁴⁴	na²⁴	na⁴⁴	na⁴⁴	na⁴⁴	na⁴⁴	na⁴⁴	na⁴⁴	
那		na⁴¹	na⁴¹	na⁴¹	na⁴¹	na⁴¹	na⁴¹	na⁴¹	na⁴¹	
箩		luo⁵²	luo⁵²	luo⁵²	luo⁵²	luo⁵²	luo⁵²	luo⁵²	luo⁵²	
萝		luo⁵²	luo⁵²	luo⁵²	luo⁵²	luo⁵²	luo⁵²	luo⁵²	luo⁵²	
罗		luo⁵²	luo⁵²	luo⁵²	luo⁵²	luo⁵²	luo⁵²	luo⁵²	luo⁵²	
锣		luo⁵²	luo⁵²	luo⁵²	luo⁵²	luo⁵²	luo⁵²	luo⁵²	luo⁵²	
左		tsuo⁴⁴	tsuo⁴⁴	tsuo⁴⁴	tsuo⁴⁴	tsuo⁴⁴	tsuo⁴⁴	tsuo⁴⁴	tsuo⁴⁴	
佐		tsuo⁴⁴	tsuo⁴⁴	tsuo⁴⁴	tsuo⁴⁴	tsuo⁴⁴	tsuo⁴⁴	tsuo⁴⁴	tsuo⁴⁴	
作		tsuo²⁴	tsuo²⁴	tsuo²⁴	tsuo²⁴	tsuo²⁴	tsuo²⁴	tsuo²⁴	tsuo²⁴	
搓		tsʰuo²⁴	tsʰuo²⁴	tsʰuo²⁴	tsʰuo²⁴	tsʰuo²⁴	tsʰuo²⁴	tsʰuo²⁴	tsʰuo²⁴	
歌		kɤ²⁴	kɤ²⁴	kɤ²⁴	kɤ²⁴	kɤ²⁴	kɤ²⁴	kɤ²⁴	kɤ²⁴	
哥		kɤ⁴⁴	kɤ⁴⁴	kɤ⁴⁴	kɤ⁴⁴	kɤ⁴⁴	kɤ⁴⁴	kɤ⁴⁴	kɤ⁴⁴	
个		kɤ⁴¹	kɤ⁴¹	kɤ⁴¹	kɤ⁴¹	kɤ⁴¹	kɤ⁴¹	kɤ⁴¹	kɤ⁴¹	
可		kʰɤ⁴⁴	kʰɤ⁴⁴	kʰɤ⁴⁴	kʰɤ⁴⁴	kʰɤ⁴⁴	kʰɤ⁴⁴	kʰɤ⁴⁴	kʰɤ⁴⁴	
蛾		ɤ⁵²	ɤ⁵²	ɤ⁵²	ɤ⁵²	ɤ⁵²	ɤ⁵²	ɤ⁵²	ɤ⁵²	
鹅		ɤ⁵²	ɤ⁵²	ɤ⁵²	ɤ⁵²	ɤ⁵²	ɤ⁵²	ɤ⁵²	ɤ⁵²	
俄		ɤ⁵²	ɤ⁵²	ɤ⁵²	ɤ⁵²	ɤ⁵²	ɤ⁵²	ɤ⁵²	ɤ⁵²	
我		uo⁴⁴	uo⁴⁴	uo⁴⁴	uo⁴⁴	uo⁴⁴	uo⁴⁴	uo⁴⁴	uo⁴⁴	
饿		ɤ⁴¹	ɤ⁴¹	ɤ⁴¹	ɤ⁴¹	ɤ⁴¹	ɤ⁴¹	ɤ⁴¹	ɤ⁴¹	
河		xɤ⁵²	xɤ⁵²	xɤ⁵²	xɤ⁵²	xɤ⁵²	xɤ⁵²	xɤ⁵²	xɤ⁵²	
何		xɤ⁵²	xɤ⁵²	xɤ⁵²	xɤ⁵²	xɤ⁵²	xɤ⁵²	xɤ⁵²	xɤ⁵²	
荷		xɤ⁵²	xɤ⁵²	xɤ⁵²	xɤ⁵²	xɤ⁵²	xɤ⁵²	xɤ⁵²	xɤ⁵²	
贺		xɤ⁴¹	xɤ⁴¹	xɤ⁴¹	xɤ⁴¹	xɤ⁴¹	xɤ⁴¹	xɤ⁴¹	xɤ⁴¹	
阿		ɣa⁴⁴	ɣa²⁴	ɣa⁴⁴	ɣa⁴⁴	ɣa⁴⁴	ɣa⁴⁴	ɣa⁵²	ɣa⁵²	
茄		tɕʰiɛ⁵²	tɕʰiɛ⁵²	tɕʰiɛ⁵²	tɕʰiɛ⁵²	tɕʰiɛ⁵²	tɕʰiɛ⁵²	tɕʰiɛ⁵²	tɕʰiɛ⁵²	
波		pʰo²⁴	pʰo²⁴	pʰo²⁴	pʰo²⁴	pʰo²⁴	pʰo²⁴	pʰo²⁴	pʰo²⁴	
菠		po²⁴	po²⁴	po²⁴	po²⁴	po²⁴	po²⁴	po²⁴	po²⁴	
跛		pʰo²⁴	po²⁴	po⁴⁴	po⁴⁴	po²⁴				
簸		po⁴¹	po⁴¹	po⁴¹	po⁴¹	po⁴¹	po⁴¹	po⁴¹	po⁴¹	
坡		pʰo²⁴	pʰo²⁴	pʰo²⁴	pʰo²⁴	pʰo²⁴	pʰo²⁴	pʰo²⁴	pʰo²⁴	
玻		po²⁴	po²⁴	po⁴⁴	po⁴⁴	po²⁴	po²⁴	po²⁴	po²⁴	
破		pʰo⁴¹	pʰo⁴¹	pʰo⁴¹	pʰo⁴¹	pʰo⁴¹	pʰo⁴¹	pʰo⁴¹	pʰo⁴¹	
婆		pʰo⁵²	pʰo⁵²	pʰo⁵²	pʰo⁵²	pʰo⁵²	pʰo⁵²	pʰo⁵²	pʰo⁵²	
薄	~荷	po⁵²	po⁴¹	po⁵²	po⁵²	po⁴²	po⁴⁴	po⁵²	po⁵²	
魔		mo⁵²	mo⁵²	mo⁵²	mo⁵²	mo⁵²	mo⁵²	mo⁵²	mo⁵²	
磨	~刀	mo⁵²	mo⁵²	mo⁵²	mo⁵²	mo⁵²	mo⁵²	mo⁵²	mo⁵²	
馍		mo⁵²	mo⁵²	mo⁵²	mo⁵²	mo⁵²	mo⁵²	mo⁵²	mo⁵²	
磨	~石	mo⁴¹	mo⁴¹	mo⁴¹	mo⁴¹	mo⁴¹	mo⁴¹	mo⁴¹	mo⁴¹	
朵		tuo⁴⁴	tuo⁴⁴	tuo⁴⁴	tuo⁴⁴	tuo⁴⁴	tuo⁴⁴	tuo⁴⁴	tuo⁴⁴	
剁		tuo⁴¹	tuo⁴¹	tuo⁴¹	tuo⁴¹	tuo⁴¹	tuo⁴¹	tuo⁴¹	tuo⁴¹	
妥		tʰuo⁴⁴	tʰuo⁴⁴	tʰuo⁴⁴	tʰuo⁴⁴	tʰuo⁴⁴	tʰuo⁴⁴	tʰuo⁴⁴	tʰuo⁴⁴	
椭		tʰuo⁴⁴	tʰuo⁴⁴	tʰuo⁴⁴	tʰuo⁴⁴	tʰuo⁴⁴	tʰuo⁴⁴	tʰuo⁴⁴	tʰuo⁴⁴	
唾		tʰu⁴¹	tʰu⁴¹	tʰu⁴¹	tʰu⁴¹	tʰu⁴¹	tʰu⁴¹	tʰu⁴¹	tʰu⁴¹	
惰		tuo⁴¹	tuo⁴¹	tuo⁴¹	tuo⁴¹	tuo⁴¹	tuo⁴¹	tuo⁴¹	tuo⁴¹	
垛		tuo⁴¹	tuo⁴¹	tuo⁴¹	tuo⁴¹	tuo⁴¹	tuo⁴¹	tuo⁴¹	tuo⁴¹	
啰	~嗦	luo²⁴	luo²⁴	luo²⁴	luo²⁴	luo²⁴	luo²⁴	luo²⁴	luo²⁴	
糯		nuo⁴¹	nuo⁴¹	nuo⁴¹/\ntuo⁴¹	nuo⁴¹/\nʐuo⁴¹	nuo⁴¹	nuo⁴¹	nuo⁴¹	nuo⁴¹	
骡		luo⁵²	luo⁵²	luo⁵²	luo⁵²	luo⁵²	luo⁵²	luo⁵²	luo⁵²	
螺	~蛳	luo⁵²	luo⁵²	luo⁵²	luo⁵²	luo⁵²	luo⁵²	luo⁵²	luo⁵²	
裸	~体	luo⁴⁴	luo⁴⁴	luo⁴⁴	luo⁴⁴	luo⁴⁴	luo⁴⁴	luo⁴⁴	luo⁴⁴	
摞		luo⁴¹	luo⁴⁴/\nluo⁴¹	luo⁵²/\nluo⁴¹	luo⁵²/\nluo⁴¹	luo⁴¹	luo⁴⁴/\nluo⁴¹	luo⁴⁴/\nluo⁴¹	luo⁴⁴/\nluo⁴¹	
矬	矮	tsʰuo⁵²	tsʰuo⁵²		tsʰuo⁵²	tsʰuo⁵²				
坐		tsuo⁴¹	tsuo⁴¹	tsuo⁴¹	tsuo⁴¹	tsuo⁴¹	tsuo⁴¹	tsuo⁴¹	tsuo⁴¹	
座		tsuo⁴¹	tsuo⁴¹	tsuo⁴¹	tsuo⁴¹	tsuo⁴¹	tsuo⁴¹	tsuo⁴¹	tsuo⁴¹	
蓑		suo²⁴	suo²⁴	suo²⁴	suo²⁴	suo²⁴	suo²⁴	suo²⁴		
唆		suo²⁴	suo²⁴	suo²⁴	suo²⁴	suo²⁴	suo²⁴	suo²⁴	suo²⁴	
锁		suo⁴⁴	suo⁴⁴	suo⁴⁴	suo⁴⁴	suo⁴⁴	suo⁴⁴	suo⁴⁴	suo⁴⁴	
琐	~碎	suo⁴⁴	suo⁴⁴	suo⁴⁴	suo⁴⁴	suo⁴⁴	suo⁴⁴	suo⁴⁴	suo⁴⁴	
过		kuo⁴¹	kuo⁴¹	kuo⁴¹	kuo⁴¹	kuo⁴¹	kuo⁴¹	kuo⁴¹	kuo⁴¹	
锅		kuo²⁴	kuo²⁴	kuo²⁴	kuo²⁴	kuo²⁴	kuo²⁴	kuo²⁴	kuo²⁴	
戈		kɤ²⁴	kɤ²⁴		kɤ²⁴		kɤ²⁴	kɤ²⁴	kɤ²⁴	
果		kuo⁴⁴	kuo⁴⁴	kuo⁴⁴	kuo⁴⁴	kuo⁴⁴	kuo⁴⁴	kuo⁴⁴	kuo⁴⁴	
裹		kuo⁴⁴	kuo⁴⁴	kuo⁴⁴	kuo⁴⁴	kuo⁴⁴	kuo⁴⁴	kuo⁴⁴	kuo⁴⁴	
科		kʰɤ²⁴	kʰuo²⁴	kʰuo²⁴	kʰuo²⁴	kʰuo²⁴	kʰuo²⁴	kʰuo²⁴	kʰuo²⁴	
棵		kʰuo²⁴	kʰuo²⁴	kʰuo²⁴	kʰuo²⁴	kʰuo²⁴	kʰuo²⁴	kʰuo²⁴	kʰuo²⁴	
颗		kʰuo²⁴	kʰuo²⁴	kʰuo²⁴	kʰuo²⁴	kʰuo²⁴	kʰuo²⁴	kʰuo²⁴	kʰɤ²⁴	
课		kʰuo⁴¹	kʰuo⁴¹	kʰuo⁴¹	kʰuo⁴¹	kʰuo⁴¹	kʰɤ⁴¹	kʰuo⁴¹	kʰɤ⁴¹	
讹		ɣɤ⁵²	ɣɤ⁵²	ɣɤ⁵²	ɣɤ⁵²	ɣɤ⁵²	ɣɤ⁵²	ɣɤ⁵²	ɣɤ⁵²	
卧		uo⁴¹	uo⁴¹	uo⁴¹	uo⁴¹	uo⁴¹	uo⁴¹	uo⁴¹	uo⁴¹	
火		xuo⁴⁴	xuo⁴⁴	xuo⁴⁴	xuo⁴⁴	xuo⁴⁴	xuo⁴⁴	xuo⁴⁴	xuo⁴⁴	
货		xuo⁴¹	xuo⁴¹	xuo⁴¹	xuo⁴¹	xuo⁴¹	xuo⁴¹	xuo⁴¹	xuo⁴¹	
和	~气	xuo⁵²	xuo⁵²	xuo⁵²	xuo⁵²	xuo⁵²	xuo⁵²	xuo⁵²	xuo⁵²	
禾		xuo⁵²	xuo⁵²	xuo⁵²	xuo⁵²	xuo⁵²	xuo⁵²	xuo⁵²	xuo⁵²	
祸		xuo⁴¹	xuo⁴¹	xuo⁴¹	xuo⁴¹	xuo⁴¹	xuo⁴¹	xuo⁴¹	xuo⁴¹	
和	~面	xuo⁵²	xuo⁵²	xuo⁵²	xuo⁵²	xuo⁵²	xuo⁵²	xuo⁵²	xuo⁵²	
窝		uo²⁴	uo²⁴	uo²⁴	uo²⁴	uo²⁴	uo²⁴	uo²⁴	uo²⁴	
瘸		tɕʰyo⁵²	tɕʰyo⁵²	tɕʰyo⁵²	tɕʰyo⁵²	tɕʰyo⁵²	tɕʰyo⁵²	tɕʰyo⁵²	tɕʰyo⁵²	
靴		ɕyo²⁴	ɕyo²⁴	ɕyo²⁴	ɕyo²⁴	ɕyo²⁴	ɕyo²⁴	ɕyo²⁴	ɕyo²⁴	
巴		pa²⁴	pa²⁴	pa⁴⁴	pa⁵²/\npa⁴¹	pa²⁴	pa⁴¹	pa⁴⁴	pa⁴⁴	
芭		pa²⁴	pa²⁴	pa⁵²	pa⁵²	pa²⁴	pa⁴⁴	pa⁴⁴	pa⁴⁴	
疤		pa²⁴	pa²⁴	pa²⁴	pa²⁴	pa²⁴	pa²⁴	pa²⁴	pa²⁴	
把	~握	pa⁴⁴	pa⁴⁴	pa⁴⁴	pa⁴⁴	pa⁴⁴	pa⁴⁴	pa⁴⁴	pa⁴⁴	
霸		pa⁴¹	pa⁴¹	pa⁴¹	pa⁴¹	pa⁴¹	pa⁴¹	pa⁴¹	pa⁴¹	
爸		pa⁵²	pa⁴¹/\npa⁵²	pa⁴¹/\npa⁵²	pa⁴¹/\npa⁵²	pa⁴¹/\npa⁵²	pa⁴¹/\npa⁵²	pa⁴¹/\npa⁵²	pa⁴¹/\npa⁵²	
靶		pa⁴⁴	pa⁴⁴	pa⁴⁴	pa⁴⁴	pa⁴⁴	pa⁴⁴	pa⁴⁴	pa⁴⁴	
怕		pʰa⁴¹	pʰa⁴¹	pʰa⁴¹	pʰa⁴¹	pʰa⁴¹	pʰa⁴¹	pʰa⁴¹	pʰa⁴¹	
帕		pʰa⁴¹	pʰa²⁴	pʰei²⁴		pʰa⁴¹	pʰa²⁴	pʰei²⁴	pʰa⁴¹	
爬		pʰa⁵²	pʰa⁵²	pʰa⁵²	pʰa⁵²	pʰa⁵²	pʰa⁵²	pʰa⁵²	pʰa⁵²	
耙		pa⁴¹	pa⁴¹	pa⁴¹	pa⁴¹	pa⁴¹	pa⁴¹	pa⁴¹	pa⁴¹	
麻		ma⁵²	ma⁵²	ma⁵²	ma⁵²	ma⁵²	ma⁵²	ma⁵²	ma⁵²	
蟆		ma⁴⁴	ma⁴⁴	ma⁴⁴	ma⁴⁴	ma⁴⁴	ma⁴⁴	ma⁴⁴	ma⁴⁴	
马		ma⁴⁴	ma⁴⁴	ma⁴⁴	ma⁴⁴	ma⁴⁴	ma⁴⁴	ma⁴⁴	ma⁴⁴	
码		ma⁴⁴	ma⁴⁴	ma⁴⁴	ma⁴⁴	ma⁴⁴	ma⁴⁴	ma⁴⁴	ma⁴⁴	
骂		ma⁴⁴	ma⁴⁴	ma⁴⁴	ma⁴⁴	ma⁴⁴	ma⁴⁴	ma⁴⁴	ma⁴⁴	
拿		na⁵²	na⁵²	na⁵²	na⁵²	na⁵²	na⁵²	na⁵²	na⁵²	
茶		tsʰa⁵²	tsʰa⁵²	tsʰa⁵²	tsʰa⁵²	tsʰa⁵²	tsʰa⁵²	tsʰa⁵²	tsʰa⁵²	
搽		tsʰa²⁴	tsʰa²⁴	tsʰa²⁴/\ntsʰa⁵²	tsʰa⁵²	tsʰa²⁴	tsʰuo²⁴	tsʰuo²⁴	tsʰuo²⁴	
奓	张开	tsa⁴¹	tsa⁴¹			tsa⁴¹	tʂa⁴¹	tʂa⁴¹	tʂa⁴¹	
查		tsʰa⁵²	tsʰa⁵²	tsʰa⁵²	tsʰa⁵²	tsʰa⁵²	tʂʰa⁵²	tʂʰa⁵²	tʂʰa⁵²	
渣		tsa²⁴	tsa²⁴	tsa²⁴	tsa²⁴	tsa²⁴	tʂa²⁴	tʂa²⁴	tʂa²⁴	
诈	~骗	tsa⁴¹	tsa⁴¹	tsa⁴¹	tsa⁴¹	tsa⁴¹	tʂa⁴¹	tʂa⁴¹	tʂa⁴¹	
榨	~油	tsa⁴¹	tsa⁴¹/\ntsa⁵²	tsa⁴¹	tsa⁴¹	tsa⁴¹/\ntsa⁵²	tʂa⁴¹	tʂa⁴¹	tʂa⁴¹	
炸	爆~	tsa⁴¹	tsa⁴¹	tsa⁴¹	tsa⁴¹	tsa⁴¹	tʂa⁴¹	tʂa⁴¹	tʂa⁴¹	
叉		tsʰa²⁴	tsʰa²⁴	tsʰa²⁴	tsʰa²⁴	tsʰa²⁴	tʂʰa²⁴	tʂʰa⁴¹	tʂʰa²⁴	
杈		tsʰa⁴¹	tsʰa⁴¹	tsʰa²⁴	tsʰa⁴¹	tsʰa⁴¹	tʂʰa⁴¹	tʂʰa⁴¹	tʂʰa⁴¹	
差	~别	tsʰa²⁴	tsʰa²⁴	tsʰa²⁴	tsʰa²⁴	tsʰa²⁴	tʂʰa²⁴	tʂʰa²⁴	tʂʰa²⁴	
岔		tsʰa⁴¹	tsʰa⁴¹	tsʰa⁴¹	tsʰa⁴¹	tsʰa⁴¹	tʂʰa⁴¹	tʂʰa⁴¹	tʂʰa⁴¹	
茬		tsʰa⁵²	tsʰa⁵²	tsʰa⁵²	tsʰa⁵²	tsʰa⁵²	tʂʰa⁵²	tʂʰa⁵²	tʂʰa⁵²	
乍		tsa⁴¹	tsa⁵²			tsa⁵²	tʂa⁴⁴	tʂa⁴⁴		
沙		sa²⁴	sa²⁴	sa²⁴	sa²⁴	sa²⁴	tʂa²⁴	tʂa²⁴	tʂa²⁴	
纱		sa²⁴	sa²⁴	sa²⁴	sa²⁴	sa²⁴	tʂa²⁴	tʂa²⁴	tʂa²⁴	
家		tɕia²⁴	tɕia²⁴	tɕia²⁴	tɕia²⁴	tɕia²⁴	tɕia²⁴	tɕia²⁴	tɕia²⁴	
加		tɕia²⁴	tɕia²⁴	tɕia²⁴	tɕia²⁴	tɕia²⁴	tɕia²⁴	tɕia²⁴	tɕia²⁴	
嘉		tɕia²⁴	tɕia²⁴	tɕia²⁴	tɕia²⁴	tɕia²⁴	tɕia²⁴	tɕia²⁴	tɕia²⁴	
假	~真	tɕia⁴⁴	tɕia⁴⁴	tɕia⁴⁴	tɕia⁴⁴	tɕia⁴⁴	tɕia⁴⁴	tɕia⁴⁴	tɕia⁴⁴	
贾	姓	tɕia⁴⁴	tɕia⁴⁴	tɕia⁴⁴	tɕia⁴⁴	tɕia⁴⁴	tɕia⁴⁴	tɕia⁴⁴	tɕia⁴⁴	
假	~期	tɕia⁴⁴	tɕia⁴⁴	tɕia⁴⁴	tɕia⁴⁴	tɕia⁴⁴	tɕia⁴¹	tɕia⁴¹	tɕia⁴⁴	
架		tɕia⁴¹	tɕia⁴¹	tɕia⁴¹	tɕia⁴¹	tɕia⁴¹	tɕia⁴¹	tɕia⁴¹	tɕia⁴¹	
驾		tɕia⁴¹	tɕia⁴¹	tɕia⁴¹	tɕia⁴¹	tɕia⁴¹	tɕia⁴¹	tɕia⁴¹	tɕia⁴¹	
嫁		tɕia⁴¹	tɕia⁴¹	tɕia⁴¹	tɕia⁴¹	tɕia⁴¹	tɕia⁴¹	tɕia⁴¹	tɕia⁴¹	
稼		tɕia⁴⁴	tɕia⁴⁴	tɕia⁴⁴	tɕia⁴⁴	tɕia⁴⁴	tɕia⁴⁴	tɕia⁴⁴	tɕia⁴⁴	
牙		ia⁵²	ia⁵²	ia⁵²	ia⁵²	ia⁵²	ia⁵²	ia⁵²	ia⁵²	
芽		ia⁵²	ia⁵²	ia⁵²	ia⁵²	ia⁵²	ia⁵²	ia⁵²	ia⁵²	
衙		ia⁵²	ia⁵²	ia⁵²	ia⁵²	ia⁵²	ia⁵²	ia⁵²	ia⁵²	
雅		ia⁴⁴	ia⁴⁴	ia⁴⁴	ia⁴⁴	ia⁴⁴	ia⁴⁴	ia⁴⁴	ia⁴⁴	
霞		ɕia⁵²	ɕia⁵²	ɕia⁵²	ɕia⁵²	ɕia⁵²	ɕia⁵²	ɕia⁵²	ɕia⁵²	
下		ɕia⁴¹	ɕia⁴¹	ɕia⁴¹	ɕia⁴¹	ɕia⁴¹	ɕia⁴¹	ɕia⁴¹	ɕia⁴¹	
夏		ɕia⁴¹	ɕia⁴¹	ɕia⁴¹	ɕia⁴¹	ɕia⁴¹	ɕia⁴¹	ɕia⁴¹	ɕia⁴¹	
暇		ɕia⁵²	ɕia⁵²			ɕia⁵²	ɕia⁵²	ɕia⁵²	ɕia⁵²	
鸦		ia²⁴	ia²⁴	ia²⁴	ia²⁴	ia²⁴	ia²⁴	ia²⁴	ia²⁴	
丫		ia²⁴	ia²⁴	ia²⁴	ia²⁴	ia²⁴	ia²⁴	ia²⁴	ia²⁴	
哑		ia⁴⁴	ia⁴⁴	ia⁴⁴	ia⁴⁴	ia⁴⁴	ia⁴⁴	ia⁴⁴	ia⁴⁴	
亚		ia⁴¹	ia⁴¹	ia⁴¹	ia⁴¹	ia⁴¹	ia⁴¹	ia⁴¹	ia⁴¹	
姐		tsiɛ⁴⁴	tsiɛ⁴⁴	tsiɛ⁴⁴	tsiɛ⁴⁴	tsiɛ⁴⁴	tsiɛ⁴⁴	tsiɛ⁴⁴	tsiɛ⁴⁴	
借		tsiɛ⁴¹	tsiɛ⁴¹	tsiɛ⁴¹	tsiɛ⁴¹	tsiɛ⁴¹	tsiɛ⁴¹	tsiɛ⁴¹	tsiɛ⁴¹	
且		tsʰiɛ²⁴	tsʰiɛ²⁴	tsʰiɛ²⁴	tsʰiɛ²⁴	tsʰiɛ²⁴	tsʰiɛ²⁴	tsʰiɛ²⁴	tsʰiɛ²⁴	
藉		tsi⁵²	tsi⁵²	tsi⁵²	tsi⁵²	tsi⁵²	tsi⁵²	tsi⁵²	tsi⁵²	
褯	~子	tsiɛ⁴¹	tsiɛ⁴¹	tsiɛ⁴¹	tsiɛ⁴¹	tsiɛ⁴¹	tsiɛ⁴¹	tsiɛ⁴¹	tsiɛ⁴¹	
些		siɛ⁴⁴	siɛ⁴⁴	siɛ⁴⁴	siɛ⁴⁴	siɛ⁴⁴	siɛ⁴⁴	siɛ⁴⁴	siɛ⁴⁴	
写		siɛ⁴⁴	siɛ⁴⁴	siɛ⁴⁴	siɛ⁴⁴	siɛ⁴⁴	siɛ⁴⁴	siɛ⁴⁴	siɛ⁴⁴	
泻		siɛ⁴¹	siɛ⁴¹	siɛ⁴¹	siɛ⁴¹	siɛ⁴¹	siɛ⁴¹	siɛ⁴¹	siɛ⁴¹	
卸		siɛ⁴¹	siɛ⁴¹	siɛ⁴¹	siɛ⁴¹	siɛ⁴¹	siɛ⁴¹	siɛ⁴¹	siɛ⁴¹	
邪		siɛ⁵²	siɛ⁵²	siɛ⁵²	siɛ⁵²	siɛ⁵²	siɛ⁵²	siɛ⁵²	siɛ⁵²	
斜		siɛ⁵²	siɛ⁵²	siɛ⁵²	siɛ⁵²	siɛ⁵²	siɛ⁵²	siɛ⁵²	siɛ⁵²	
谢		siɛ⁴¹	siɛ⁴¹	siɛ⁴¹	siɛ⁴¹	siɛ⁴¹	siɛ⁴¹	siɛ⁴¹	siɛ⁴¹	
爹		tiɛ²⁴	tiɛ²⁴	tiɛ²⁴	tiɛ²⁴	tiɛ²⁴	tiɛ²⁴	tiɛ²⁴	tiɛ²⁴	
遮		tʂə²⁴	tʂə²⁴	tʂə²⁴	tʂə²⁴	tʂə²⁴	tʂə²⁴	tʂə²⁴	tʂə²⁴	
者		tʂə⁴⁴	tʂə⁴⁴	tʂə⁴⁴	tʂə⁴⁴	tʂə⁴⁴	tʂə⁴⁴	tʂə⁴⁴	tʂə⁴⁴	
蔗		tʂə⁴⁴	tʂə⁴⁴	tʂə⁴⁴	tʂə⁴⁴	tʂə⁴⁴	tʂə⁴⁴	tʂə⁴⁴	tʂə⁴⁴	
柘		tʂə⁵²	tʂə⁵²	tʂə⁵²	tʂə⁵²	tʂə⁵²	tʂə⁵²	tʂə⁵²	tʂə⁵²	
车		tʂʰə²⁴	tʂʰə²⁴	tʂʰə²⁴	tʂʰə²⁴	tʂʰə²⁴	tʂʰə²⁴	tʂʰə²⁴	tʂʰə²⁴	
扯		tʂʰə⁴⁴	tʂʰə⁴⁴	tʂʰə⁴⁴	tʂʰə⁴⁴	tʂʰə⁴⁴	tʂʰə⁴⁴	tʂʰə⁴⁴	tʂʰə⁴⁴	
蛇		ʂə⁵²	ʂə⁵²	ʂa⁵²	ʂa⁵²	ʂa⁵²	ʂə⁵²	ʂə⁵²	ʂə⁵²	
