字号	汉字	注释	音韵地位	经公桥	鹅湖	旧城	湘湖	溪头	沱川	紫阳	许村	中云	新建	新营	黄柏	暖水
1	多		果开一平歌端	tuʌ1	tuo1	tuo1	to1	to1	to1	tɘ1	tɤ1	tɤ1	tɯ1	tu1	to1	to1
2	拖		果开一平歌透	tʰuʌ1	tʰuo1	tʰuo1	tʰɛ1	tʰo1	tʰo1	tʰɘ1	tʰɤ1	tʰɤ1	tʰɯ1	tʰu1	tʰo1	tʰo1
3	他		果开一平歌透	tʰa1	tʰa1	tʰa1	tʰa1	tʰa1	tʰɒ1	tʰa1	tʰo1	tʰa1	tʰa1	tʰo1	tʰɑ1	tʰa1
4	驮	~起来	果开一平歌定	tʰuʌ2	tʰuo2	tʰuo2	tʰɛ2	to2	to2	tʰɘ2	tʰɤ2	tʰo2	tʰɯ2	tʰu2	tʰo2	tʰo2
5	舵		果开一上哿定	tʰuʌ5	tʰuo6	tʰuo6	tʰo6	to4	to6	tʰɘ4	tʰɤ2	tʰo6	tʰɯ6	tʰu6	tʰo5	tʰo6
6	大	年纪~	果开一去箇定	tʰa5	tʰa6	tʰa6	tʰa6	tʰo6	tʰu6	tʰu6	tʰɤ6	tʰɤ6	tʰa6	tʰa6	tʰɑ5	tʰa6
7	大	~学	果开一去箇定	tʰa5	tʰa6	tʰa6	tʰa6	tʰa6	tʰɒ6	tʰo6	tʰo6	tʰo6	tʰa6	tʰa6	tʰɑ5	tʰa6
8	罗		果开一平歌来	luʌ2	luo2	luo2	lo2	lo2	lo2	lɘ2	lɤ2	lɤ2	lɯ2	lu2	lo2	lo2
9	锣		果开一平歌来	luʌ2	luo2	luo2	lo2	lo2	lo2	lɘ2	lɤ2	lɤ2	lɯ2	lu2	lo2	lo2
10	左		果开一上哿精	tsuʌ3	tsuo3	tsuo3	tso3	tso3	tsɒ3	tsɘ3	tsɤ3	tsɤ3	tsɯ3	tso3	tso3	tso3
11	歌		果开一平歌见	kɤ1	kəʳ1	kiɛʳ1	kɛ1	ko1	ko1	kɘ1	kɤ1	kɤ1	kɯ1	ki1	ko1	ko1
12	哥		果开一平歌见	kɤ1	kiɛ1	kiɛ1/kɛ1	kɛ1	ko1	kə1	ke1	kɤ1	kɤ1	kɯ1	ki1	ko1	ko1
13	个	一~人	果开一去箇见	kɤ5	kiɛ5/kɛ5	kiɛ5/kɛ5	kɛ5	ka5	ka5	ke5	kɤ5	kɤ5	ka5	kɛ5	ko5	ka5
14	个	~别	果开一去箇见	kɤ5	kiɛ5	kiɛ5	kɛ5	ko5	ko5	kɘ5	kɤ5	kɤ5	ka5	ko5	ko5	ko5
15	可		果开一上哿溪	kʰɤ3	kʰiɛ3	kʰiɛ3	kʰɛ3	kʰo3	kʰo3	kʰɘ3	kʰɤ3	kʰɤ3	kʰɯ3	kʰi3	kʰo3	kʰo3
16	鹅		果开一平歌疑	ɤ2	ŋiɛ2	ŋiɛ2	ŋɛ2	ŋo2	ɡə2	ɡɘ2	ŋɤ2	ɡɤ2	ŋɯ2	ŋu2	ŋo2	ŋo2
17	我		果开一上哿疑	ŋo3/o3	ŋuo3	o3	ŋo3/o3	ŋo3	ŋo3/o3	ɘ3	o3	o3	a2	ŋo3	ŋo3	ŋuɐ3
18	饿		果开一去箇疑	ɤ5	ŋiɛ6/ŋɛ6	ŋiɛ6	ŋɛ6	ŋo6	ɡə6	ɡe6	ŋɤ6	ɡɤ6	ŋɯ6	ŋu6	ŋo5	ŋo6
19	河		果开一平歌匣	xɤ2	xiɛ2	xɛ2	xɛ2	xo2	xo2	xɘ2	xuɤ2	xuɤ2	xɯ2	xu2	xo2	xo2
20	何		果开一平歌匣	xɤ2	xiɛ2	xɛ2	xɛ2	xo2	xo2	xɘ2	xuɤ2	xuɤ2	xɯ2	xu2	xo2	xo2
21	贺		果开一去箇匣	xuʌ5	xiɛ6	xɛ6	xɛ6	xo6	xu6	xɘ6	xuɤ6	xu6	xɯ6	xu6	xo5	xo6
22	茄		果开三平戈群	tɕʰiɛ2	tɕʰiɛ2	tɕʰiɛ2	tɕʰiɛ2	tʃʰe2	tɕʰie2	tɕʰie2	tɕʰie2	tɕʰie2	tɕʰiɛ2	tɕʰiɛ2	tɕʰiɑ2	tɕʰiɛ2
23	波		果合一平戈帮	puʌ1	puo1	puo1	po1	po1	po1	pɘ1	pɤ1	po1	pɯ1	pu1	po1	po1
24	播		果合一平戈帮	puʌ1	puo1	puo1	po1	po5	pu5	pu5	pu5	pu5	pɯ1	pu1	po1	po1
25	坡		果合一平歌滂	puʌ1	puo1	puo1	po1	po1	po1	pɘ1	pɤ1	pɤ1	pʰɯ1	po1	po1	po1
26	破		果合一去过滂	pʰuʌ5	pʰiɛ5	pʰuo5	pʰɛ5	pʰo5	pʰu5	pʰu5	pʰɤ5	pʰu5	pʰɯ5	pʰu5	pʰo5	pʰo5
27	婆		果合一平戈并	pʰuʌ2	pʰuo2	pʰuo2	pʰɛ2	pʰo2	pʰo2	pʰɘ2	pʰɤ2	pʰɤ2	pʰɯ2	pʰu2	pʰo2	pʰo2
28	磨	~刀	果合一平戈明	muʌ2	miɛ2	muo2	mɛ2	mo2	bu2	bɘ2	mɤ2	bɤ2	mɯ2	mu2	mo2	mo2
29	磨	石~	果合一去过明	muʌ5	miɛʳ6	muoʳ6	mɛ6	mo6	bu6	bu6	mɤ6	bɤ6	mɯ6	mu6	mo5	mo6
30	躲		果合一上果端	tuʌ3	tuo3	tuo3	tɛ3	to3	to3	tɘ3	tɤ3	tɤ3	tɯ3	tu3	to3	to3
31	糯		果合一去过泥	nuʌ5	nuo6	nuo6	lo6	lo6	lu6	lɘ6	lɤ6	lɤ6	lɯ6	lu6	lo5	lo6
32	螺		果合一平戈来	luʌ2	luo2	luoʳ2	lo2	lo2	lo2	lɘ2	lɤ2	lɤ2	lɯ2	lu2	lo2	lo2
33	锉	~刀	果合一去过清	tsʰuʌ5	tsʰuo5	tsʰuo5	tsʰo5	tsʰo5	tsʰu5	tsʰu5	tsʰu5	tsʰɤ5	tsʰɯ5	tsʰo5	tsʰo5	tsʰo5
34	坐		果合一上果从	tsʰuʌ5	tsʰuo6	tsʰuo6	tsʰo6	tsʰo4	tsʰo4	tsʰɘ4	tsʰɤ2	tsʰɤ4	tsʰɯ6	tsʰu6	tsʰo5	tsʰo6
35	座		果合一去过从	tsʰuʌ5	tsʰuo6	tsʰuo6	tsʰo6	tsʰo6	tsʰu6	tsʰɘ6	tsʰɤ2	tsʰɤ6	tsʰɯ6	tsʰu6	tsʰo5	tsʰo6
36	蓑		果合一平戈心	suʌ1	suo1	suo1	so1	so1	so1	sɘ1	sɤ1	sɤ1	sɯ1	ɕyɛ1	so1	so1
37	锁		果合一上果心	suʌ3	suo3	suo3	so3	so3	so3	sɘ3	sɤ3	sɤ3	sɯ3	su3	so3	so3
38	锅		果合一平戈见	kuʌ1	kuo1	kuo1	kuo1	ko1	ko1	kɘ1	kuɤ1	kuɤ1	ku1	ku1	ko1	ko1
39	果	水~	果合一上果见	kuʌ3	kuo3	kuoʳ3	kuo3	ko3	ko3	kɘ3	kuɤ3	kuɤ3	ku3	ku3	ko3	ko3
40	果	糯米~	果合一上果见	kuʌ3	kuo3	kuoʳ3	kuo3	ko3	ko3	kɘ3	kuɤ3	kuɤ3	ku3	ku3	ko3	ko3
41	过	~年	果合一去过见	kuʌ5	kuo5	kuo5	kuo5	ko5	ku5	ku5	ku5	ku5	ku5	ku5	ko5	ko5
42	过	罪~	果合一去过见	kuʌ5	kuo5	kuo5	kuo5	ko5	ku5	ku5	ku5	ku5	ku5	ku5	ko5	ko5
43	棵		果合一平戈溪	kʰuʌ1	kʰuo1	kʰuo1	kʰo1	kʰo1	kʰo1	kʰɘ1	kʰuɤ1	kʰuɤ1	kʰɯ1	kʰu1	kʰo1	kʰo1
44	颗		果合一上果溪	kʰuʌ3	kʰuo3	kʰuo3	kʰo3	kʰo3	kʰo3	kʰɘ3	kʰuɤ3	kʰuɤ3	kʰɯ3	kʰu3	kʰo3	kʰo3
45	课		果合一去过溪	kʰuʌ5	kʰuo5	kʰuo5	kʰo5	kʰo5	kʰo5	kʰu5	kʰuɤ5	kʰɤ5	kʰɯ5	kʰu5	kʰo5	kʰo5
46	火		果合一上果晓	xuʌ3	xuo3	xuo3	fo3/xo3	xo3	xo3	xɘ3	xuɤ3	xuɤ3	xu3	xu3	xo3	xo3
47	货		果合一去过晓	xuʌ5	xuo5	xuo5	fo5	xo5	xu5	xu5	xu5	xu5	xɯ5	xu5	xo5	xo5
48	和	~气	果合一平戈匣	xuʌ2	xiɛ2	xuo2	xo2	xo2	xo2	xɘ2	xuɤ2	xuɤ2	xɯ2	xu2	xo2	xo2
49	禾		果合一平戈匣	uʌ2	uo2	uo2	uo2	uo2	vo2	vɘ2	vɤ2	vɤ2	vu2	u2	uo2	vo2
50	祸		果合一上果匣	xuʌ5	xuo6	xuo6	fo6	xo4	xu4	xɘ4	xuɤ2	xuɤ4	xɯ6	xu6	xo5	xo6
51	靴		果合三平戈晓	ɕyɛ1	ɕyɛʳ1	ɕyɛ1	ɕyɛ1	xue1	xue1	ɕye1	ɕye1	ɕye1	xiɛ1	ɕyɛ1	ʂuɑ1	xiɛ1
52	疤		假开二平麻帮	puʌ1	puo1	puo1	po1	po1	po1	pɘ1	po1	pa1	puɤ1	po1	pɑ1	puɐ1
53	把		假开二上马帮	puʌ3	puo3	puo3	po3	po3	po3	pɘ3	po3	pa3	puɤ3	pa3	pɑ3	puɐ3
54	霸		假开二去码帮	puʌ5	puo5	puo5	po5	po5	po5	pɘ5	po5	po5	puɤ5	po5	pɑ5	puɐ5
55	爸		假开二去码帮	puʌ5	pa1	pa1	pa1	pa1	pɒ6	pa6	pa1	po6	pa1	pa5	pɑ1	pa5
56	怕		假开二去码滂	pʰuʌ5	pʰuo5	pʰuo5	pʰo5	pʰo5	pʰo5	pʰɘ5	pʰo5	pʰo5	pʰuɤ5	pʰo5	pʰɑ5	pʰuɐ5
57	爬		假开二平麻并	pʰuʌ2	pʰuo2	pʰuo2	pʰo2	pʰo2	pʰo2	pʰɘ2	pʰo2	pʰo2	pʰuɤ2	pʰo2	pʰɑ2	pʰuɐ2
58	杷	批~	假开二平麻并	pʰuʌ2	pʰa2	pʰaʳ2	pʰo2	po2	pʰo2	pʰɘ2	pʰo2	pʰo2	pʰuɤ2	pʰu2	pʰɑ2	pʰuɐ2
59	耙	犁~	假开二去码并	pʰuʌ5	pʰuo6	pʰuo6	pʰo6	pʰo6	pʰo6	pʰɘ6	pʰu6	pʰo6	pʰuɤ6	pʰo6	pʰɑ5	pʰuɐ6
60	麻		假开二平麻明	muʌ2	muo2	muo2	mo2	mo2	bo2	bɘ2	mo2	bo2	muɤ2	mo2	mɑ2	muɐ2
61	妈		假开二平麻明	mɤ1	mə1	mã1	mã1	ma1	bo1	mã1	mo1	bo1	mʌ̃1	ma1	mɑ1	ma1
62	马		假开二上马明	muʌ3	muo3	muo3	mo3	mo4	bo4	bɘ4	mo3	bo4	muɤ3	mo3	mɑ3	muɐ3
63	骂		假开二去码明	muʌ5	muo6	muo6	mo6	mo6	bo6	bɘ6	mo6	bo6	muɤ6	mo6	mɑ5	muɐ6
64	拿		假开二平麻泥	la2	la2	la2	la2	la1	lɒ1	lo1	na1	la1	luɤ1	la1	lɑ1	luɐ1
65	茶		假开二平麻澄	tʂʰuʌ2	tʂʰuo2	tʂʰuo2	tsʰo2	tso2	tsʰo2	tsʰɘ2	tʃʰue2	tsʰo2	tʂʰuɤ2	tʰo2	tʂʰuɑ2	tʂʰuɐ2
66	渣		假开二平麻庄	tʂuʌ1	tʂəʳ1	tʂuoʳ1	tso1	tso1	tso1	tsɘ1	tʃo1	tso1	tʂuɤ1	to1	tʂuɑ1	tʂuɐ1
67	榨		假开二去码庄	tʂuʌ5	tʂuo5	tʂuo5	tso5	tso5	tso5	tsɘ5	tʃue5	tso5	tʂuɤ5	to5	tʂuɑ5	tʂuɐ5
68	叉		假开二平麻初	tʂʰuʌ1	tsʰəʳ1	tsʰuo1	tsʰo1	tsʰo1	tsʰo1	tsʰɘ1	tʃʰo1	tsʰo1	tʂʰuɤ1	tʰo1	tʂʰuɑ1	tsʰuɐ1
69	查	调~	假开二平麻崇	tʂʰuʌ2	tʂʰuo2	tʂʰuo2	tsʰo2	tso2	tsʰo2	tsʰɘ2	tʃʰue2	tsʰo2	tʂʰuɤ2	tʰo2	tʂʰuɑ2	tʂʰuɐ2
70	沙		假开二平麻生	ʂuʌ1	ʂuo1	ʂuo1	so1	so1	so1	sɘ1	ʃue1	so1	ʃuɤ1	ɕio1	ʂuɑ1	ʂuɐ1
71	家		假开二平麻见	kʌ1	kuo1	kuo1	ko1	ko1	ko1	kɘ1	ko1	ko1	kuɤ1	ko1	kɑ1	kuɐ1
72	假	真~	假开二上马见	kʌ3	kuo3	kuo3	ko3	ko3	ko3	kɘ3	ko3	ko3	kuɤ3	ko3	kɑ3	kuɐ3
73	假	放~	假开二去码见	kʌ5	kuo5	kuo5	ko5	ko5	ko5	kɘ5	ko5	ko5	kuɤ5	ko5	kɑ5	kuɐ5
74	嫁		假开二去码见	kʌ5	kuo5	kuo5	ko5	ko5	ko5	kɘ5	ko5	ko5	kuɤ5	ko5	kɑ5	kuɐ5
75	牙		假开二平麻疑	ŋʌ2	ŋuo2	ŋuo2	ŋo2	ŋo2	ɡo2	ɡɘ2	ŋo2	ɡo2	ŋuɤ2	ŋo2	ŋɑ2	ŋuɐ2
76	虾		假开二平麻晓	xʌ1	xuoʳ1	xuo1	xo1	xo1	xo1	xɘ1	xo1	xo1	xuɤ1	xo1	xɑ1	xuɐ1
77	霞		假开二平麻匣	xʌ2	ɕia2	xuo2	ɕia2	xo2	xo2	xɘ2	xo2	xo2	xuɤ2	xo1	ɕiɑ2	xuɐ2
78	下	~面	假开二上马匣	xʌ5	xuo6	xuo6	xo6	xo4	xo4	xɘ4	xo2	xo4	xuɤ6	xo6	xɑ5	xuɐ6
79	下	~去	假开二去码匣	xʌ5	xuo6	xuo6	xo6	xo6	xo6	xɘ6	xo6	xo6	xuɤ6	xo6	xɑ5	xuɐ6
80	夏		假开二去码匣	xʌ5	xuo6	xuo6	xo6	xo6	xo6	xɘ6	xo6	xo6	xuɤ6	xo6	xɑ5	xuɐ6
81	鸦		假开二平麻影	ŋʌ1	iaʳ1	ŋuo1	ŋo1	ŋo1	ŋo1	ɡɘ1	ŋo1	ɡo1	ŋuɤ1	ŋo1	ŋɑ1	iɛ1
82	哑		假开二上马影	ŋʌ3	ŋuo3	ŋuo3	ŋo3	ŋo3	ŋo3	ɡɘ3	ŋo3	ɡo3	ŋuɤ3	ŋo3	ŋɑ3	ŋuɐ3
83	亚		假开二去码影	ŋʌ5	ŋuo5	ŋuo5	ŋo5	ŋo5	ŋo5	ɡɘ5	ŋo5	ɡo5	ŋuɤ5	ŋo5	ŋɑ5	uɐ5
84	姐		假开三上马精	tsiɛ3	tsiɛ3	tsiɛ3	tsiɛ3	tse3	tse3	tse3	tse3	tse3	tsa3	tsi3	tɕiɑ3	tɕiɛ3
85	借	~钱	假开三去码精	tsiɛ5	tsiɛ5	tsiɛ5	tsiɛ5	tse5	tse5	tse5	tse5	tse5	tsa5	tsi5	tɕiɑ5	tɕiɛ5
86	写		假开三上马心	siɛ3	siɛ3	siɛ3	siɛ3	se3	se3	se3	se3	se3	sa3	si3	ɕiɑ3	ɕiɛ3
87	泻		假开三去码心	siɛ5	siɛ5	siɛ5	siɛ5	se5	se5	si5	se5	se5	sa5	si5	ɕiɑ5	ɕiɛ5
88	邪		假开三平麻邪	siɛ2	siɛ2	siɛ2	siɛ2	tsʰe2	tsʰe2	tsʰe2	tsʰe2	ɕie2	tsʰa2	ɕiɛ2	tɕʰiɑ2	ɕiɛ2
89	斜		假开三平麻邪	siɛ2	siɛ2	siɛ2	siɛ2	tsʰe2	tsʰe2	tsʰe2	tsʰe2	ɕie2	ɕia2/ɕiɛ2	tsʰi2/ɕiɛ2	tɕʰiɑ2	ɕiɛ2
90	谢	感~	假开三去码邪	siɛ5	ɕiɛ6	siɛ6	siɛ6	tsʰe6	tsʰe6	tsʰe6	se6	se6	tsʰa6	tsʰi6	tɕʰiɑ5	ɕiɛ6
91	谢	姓~	假开三去码邪	siɛ5	ɕiɛ6	siɛ6	siɛ6	tsʰe6	tsʰe6	tsʰe6	se6	se6	tsʰa6	tsʰi6	tɕʰiɑ5	ɕiɛ6
92	爹		假开三平麻知	tiɛ1	tiɛ1	tiɛ1	tiɛ1	te1	te1	te1	te1	te1	ta1	ti1	tiɑ1	tiɛ1
93	遮		假开三平麻章	tɕiɛ1	tɕiɛ1	tɕiɛ1	tɕiɛ1	tse1	tse1	tɕie1	tʃe1	tse1	tɕiɛ1	tɕiɛ1	tʃɑ1	tʂa1
94	蔗		假开三去码章	tɕiɛ5	tɕiɛ5	tɕiɛ5	tɕiɛ5	tse5	tse5	tɕie5	tʃe5	tse5	tɕiɛ5	tɕiɛ5	tʃɑ5	tʂa5
95	车	汽~	假开三平麻昌	tɕʰiɛ1	tɕʰiɛ1	tɕʰiɛ1	tɕʰiɛ1	tsʰe1	tsʰe1	tɕʰie1	tʃʰe1	tsʰe1	tɕʰiɛ1	tɕʰiɛ1	tʃʰɑ1	tʂʰa1
96	扯		假开三上马昌	tɕʰiɛ3	tɕʰiɛ3	tɕʰiɛ3	tɕʰiɛ3	tsʰe3	tsʰe3	tɕʰie3	tʃʰe3	tsʰe3	tɕʰiɛ3	tɕʰiɛ3	tʃʰɑ3	tʂʰa3
97	蛇		假开三平麻船	ɕiɛ2	ɕiɛ2	ɕiɛ2	ɕiɛ2	se2	se2	se2	ʃe2	se2	ɕiɛ2	ɕiɛ2	ʃɑ2	ʂa2
98	射		假开三去码船	ɕiɛ5	ɕiɛ6	ɕiɛ6	ɕiɛ6	tsʰe6	se6	se6	ʃe6	se6	sa6	ɕiɛ6	ʃɑ5	ʂa6
99	赊		假开三平麻书	ɕiɛ1	ɕiɛ1	ɕiɛ1	ɕiɛ1	se1	se1	se1	ʃe1	se1	ɕiɛ1	ɕiɛ1	ʃɑ1	ʂa1
100	舍	~不得	假开三上马书	ɕiɛ3	ɕiɛ3	ɕiɛ3	ɕiɛ3	sa3	se3	se3	ʃe3	sa3	ɕiɛ3	ɕiɛ3	ʃɑ3	ʂa3
101	社		假开三上马禅	ɕiɛ5	ɕiɛ6	ɕiɛ6	ɕiɛ6	se4	se4	se4	ʃe2	se4	ɕiɛ6	ɕiɛ6	ʃɑ5	ʂa6
102	惹		假开三上马日	iɛ3	iɛ3	iɛ3	iɛ3	le3	ie3	ie3	lɤ3	ie3	io3	ȵiɛ3	ȵiɑ3	ȵia3
103	爷		假开三平麻以	iɛ2	iɛ2	iɛ2	iɛ2	ie2	ie2	ie2	ie2	ie2	iɛ2	iɛ2	iɑ2	iɛ2
104	也		假开三上马以	iɛ3	iɛ3	iɛ3	iɛ3	ie3	iɒ3	ie3	ie3	ie3	iɛ3	iɛ3	iɑ3	ia3
105	野		假开三上马以	iɛ3	iɛ3	iɛ3	iɛ3	ie3	ie3	ie3	ie3	ie3	iɛ3	iɛ3	iɑ3	ia3
106	夜		假开三去码以	iɛ5	iɛ6	iɛ6	iɛ6	ie6	ie6	ie6	ie6	ie6	iɛ6	iɛ6	iɑ5	ia6
107	傻		假合二上马生	sa3	ʂa3	sa3	sa3	sa3	so3	sa3	sa3	so3	ʃuɤ3	ɕio3	ʂuɑ3	ʂuɐ3
108	耍		假合二上马生	sa3	ʂa3	sa3	sa3	sa3	sɒ3	sa3	sa3	sa3	ʃua3	ɕia3	ʂuɑ3	ʂuɐ3
109	瓜		假合二平麻见	kuʌ1	kuo1	kuo1	ko1	ko1	ko1	kɘ1	ko1	ko1	kua1	ko1	kuɑ1	kuɐ1
110	寡		假合二上马见	kuʌ3	kua3	kuo3	kua3	kua3	kuɒ3	kua3	kua3	kua3	kua3	ko3	kuɑ3	kuɐ3
111	夸		假合二平麻溪	kʰuʌ1	kʰua1	kʰua1	kʰua1	kʰua1	kʰuɒ1	kʰua1	kʰua1	kʰua1	kʰua1	kʰua1	kʰuɑ1	kʰuɐ1
112	垮		假合二上马溪	kʰuʌ3	kʰua3	kʰua3	kʰua3	kʰua3	kʰuɒ3	kʰua3	kʰua3	kʰua3	kʰua3	kʰua3	kʰuɑ3	kʰuɐ3
113	瓦		假合二上马疑	uʌ3	ŋuo3	ŋuo3	uo3	ŋo3	ɡo3	ɡɘ3	ŋo3	ɡo3	ŋuɤ3	uo3	uɑ3	vɐ3
114	花		假合二平麻晓	xuʌ1	xuoʳ1	xuoʳ1	xo1	xo1	xo1	xɘ1	xo1	xo1	xua1	xo1	xuɑ1	xuɐ1
115	化		假合二去码晓	xuʌ5	xuo5	xuo5	xo5	xo5	xo5	xɘ5	xo5	xo5	xua5	xo5	xuɑ5	xuɐ5
116	华	中~	假合二平麻匣	xuʌ2	xua2	xuo2	xua2	xua2	xuɒ2	xua2	xua2	xo2	xua2	xo2	xuɑ2	xuɐ2
117	补		遇合一上姥帮	pu3	pu3	pu3	pu3	pu3	pu3	pu3	pu3	pu3	pu3	pu3	pu3	pu3
118	谱		遇合一上姥帮	pʰu3	pʰu3	pʰu3	pʰu3	pʰu3	pʰu3	pʰu3	pʰu3	pʰu3	pʰu3	pʰu3	pʰu3	pʰu3
119	布		遇合一去暮帮	pu5	pu5	pu5	pu5	pu5	pu5	pu5	pu5	pu5	pu5	pu5	pu5	pu5
120	铺	~床	遇合一平模滂	pʰu1	pʰu1	pʰu1	pʰu1	pʰu1	pʰu1	pʰu1	pʰu1	pʰu1	pʰu1	pʰu1	pʰu1	pʰu1
121	普		遇合一上姥滂	pʰu3	pʰu3	pʰu3	pʰu3	pʰu3	pʰu3	pʰu3	pʰu3	pʰu3	pʰu3	pʰu3	pʰu3	pʰu3
122	部		遇合一上姥并	pʰu5	pʰu6	pʰu6	pʰu6	pu4	pʰu4	pʰu4	pʰu2	pʰu4	pʰu6	pʰu6	pʰu5	pʰu6
123	簿		遇合一上姥并	pʰu5	pʰu6	pʰu6	pʰu6	pu4	pʰu4	pʰu4	pʰu2	pʰu4	pʰu6	pʰu6	pʰu5	pʰu6
124	步		遇合一去暮并	pʰu5	pʰu6	pʰu6	pʰu6	pu6	pʰu6	pʰu6	pʰu6	pʰu6	pʰu6	pʰu6	pʰu5	pʰu6
125	模	~子	遇合一平模明	mu2	mu2	mu2	mu2	mu2	bu2	bu2	mu2	bu2	mu2	mu2	mu2	mu2
126	墓		遇合一去暮明	mu5	mu6	mu6	mu6	mu6	bu6	bu6	mu6	bu6	mu6	mu6	mu5	mu6
127	赌		遇合一上姥端	tu3	təu3	təu3	təu3	tu3	tu3	tu3	tu3	tu3	tu3	to3	tu3	tu3
128	肚	猪~	遇合一上姥端	tu3	təu3	təuʳ3	təu3	tu3	tu3	tu3	tu2	tu3	tu3	to3	tu3	tu3
129	土		遇合一上姥透	tʰu3	tʰəu3	tʰəu3	tʰəu3	tʰu3	tʰu3	tʰu3	tʰu3	tʰu3	tʰu3	tʰo3	tʰu3	tʰu3
130	吐	呕~	遇合一去暮透	tʰu5	tʰəu5	tʰəu5	tʰəu5	tʰu5	tʰu5	tʰu5	tʰu5	tʰu5	tʰu5	tʰo5	tʰu5	tʰu5
131	兔		遇合一去暮透	tʰu5	tʰəʳ5	tʰəu5	tʰəu5	tʰu5	tʰu5	tʰu5	tʰu5	tʰu5	tʰu5	tʰu5	tʰu5	tʰu5
132	图		遇合一平模定	tʰu2	tʰəu2	tʰəu2	tʰəu2	tu2	tʰu2	tʰu2	tʰu2	tʰu2	tʰu2	tʰo2	tʰu2	tʰu2
133	杜		遇合一上姥定	tʰu5	tʰəu6	tʰəu6	tʰəu6	tu4	tʰu4	tʰu4	tʰu2	tʰu4	tʰu6	tʰo6	tʰu5	tʰu6
134	肚	腹~	遇合一上姥定	tʰu5	tʰəu6	tʰəu6	tʰəu6	tu4	tu6	tʰu4	tʰu2	tʰu4	tʰu6	tʰo6	tu5	tʰu6
135	度		遇合一去暮定	tʰu5	tʰəu6	tʰəu6	tʰəu6	tu6	tʰu6	tʰu6	tʰu6	tʰu6	tʰu6	tʰo6	tʰu5	tʰu6
136	奴		遇合一平模泥	lu2	ləu2	ləu2	ləu2	lu2	lu2	lu2	lu2	lu2	lu2	lu2	lu2	lu2
137	努		遇合一上姥泥	lu3	ləu3	ləu3	ləu3	lu3	lu3	lu3	lu3	lu3	lu3	lu3	lu3	lu3
138	怒		遇合上去暮泥	lu5	ləu6	ləu6	ləu6	lu6	lu6	lu6	lu6	lu6	lu6	lu6	lu5	lu6
139	炉		遇合一平模来	lu2	ləʳ2	ləu2	ləu2	lu2	lu2	lu2	lu2	lu2	lu2	lu2	lu2	lu2
140	卤		遇合一上姥来	lu3	ləu3	ləu3	ləu3	lu3	lu3	lu3	lu3	lu3	lu3	lo3	lu3	lu3
141	路		遇合上去暮来	lu5	ləu6	ləu6	ləu6	lu6	lu6	lu6	lu6	lu6	lu6	lo6	lu5	lu6
142	租		遇合一平模精	tsu1	tsəu1	tsəu1	tsəu1	tsu1	tsu1	tsu1	tsu1	tsu1	tsu1	tsu1	tsu1	tsu1
143	祖		遇合一上姥精	tsu3	tsəu3	tsəu3	tsəu3	tsu3	tsu3	tsu3	tsu3	tsu3	tsu3	tsu3	tsu3	tsu3
144	做		遇合上去暮精	tsuʌ5	tsuo5	tsuo5	tso5	tso5	tsu5	tsu5	tsu5	tsu5	tsɯ5	tso5	tso5	tso5
145	粗		遇合一平模清	tsʰu1	tsʰəu1	tsʰəu1	tsʰəu1	tsʰu1	tsʰu1	tsʰu1	tsʰu1	tsʰu1	tsʰu1	tsʰu1	tsʰu1	tsʰu1
146	醋		遇合上去暮清	tsʰu5	tsʰəu5	tsʰəu5	tsʰəu5	tsʰu5	tsʰu5	tsʰu5	tsʰu5	tsʰu5	tsʰu5	tsʰu5	tsʰu5	tsʰu5
147	错		遇合上去暮清	tsʰuʌ5	tsʰuo5	tsʰuo5	tsʰo5	tsʰo5	tsʰu5	tsʰu5	tsʰu5	tsʰu5	tsʰɯ5	tsʰu5	tsʰo5	tsʰo5
148	酥		遇合一平模心	su1	səu1	səu1	səu1	su1	su1	su1	su1	su1	su1	su1	su1	su1
149	孤		遇合一平模见	ku1	ku1	ku1	ku1	ku1	ku1	ku1	ku1	ku1	ku1	ku1	ku1	ku1
150	箍	~桶	遇合一平模见	kʰu1	kʰu1	kʰu1	kʰu1	kʰu1	kʰu1	kʰu1	ku1	ku1	kʰu1	kʰu1	kʰu1	kʰu1
151	古		遇合一上姥见	ku3	ku3	ku3	ku3	ku3	ku3	ku3	ku3	ku3	ku3	ku3	ku3	ku3
152	鼓		遇合一上姥见	ku3	ku3	ku3	ku3	ku3	ku3	ku3	ku3	ku3	ku3	ku3	ku3	ku3
153	雇		遇合上去暮见	ku5	ku5	ku5	ku5	ku5	ku5	ku5	ku5	ku5	ku5	ku5	ku5	ku5
154	枯		遇合一平模溪	kʰu1	kʰu1	kʰu1	ku1	ku1	ku1	kʰu1	kʰu1	ku1	kʰu1	kʰu1	ku1	ku1
155	苦		遇合一上姥溪	kʰu3	kʰu3	kʰu3	kʰu3	kʰu3	kʰu3	kʰu3	kʰu3	kʰu3	kʰu3	kʰu3	kʰu3	kʰu3
156	裤		遇合上去暮溪	kʰu5	kʰuə5	kʰuə5	kʰu5	kʰu5	kʰu5	kʰu5	kʰu5	kʰu5	kʰu5	kʰu5	kʰu5	kʰu5
157	吴		遇合一平模疑	u2	u2	u2	u2	u2	ŋu2	vu2	ŋu2	ŋu2	ŋu2	ŋ̍2	u2	vu2
158	五		遇合一上姥疑	u3	u3	u3	u3	u4	vu4	vu4	vu3	vu4	ŋu3	ŋ̍3	u3	ŋ̍3
159	午		遇合一上姥疑	u3	u3	u3	u3	u4	vu4	vu4	ŋu3	vu4	ŋu3	ŋ̍3	ŋ̍3	ŋ̍3
160	误		遇合上去暮疑	u5	u6	u6	u6	u6	ŋu6	vu6	vu6	vu6	ŋu6	u6	u5	vu6
161	虎		遇合一上姥晓	xu3	xu3	fu3	fu3	xu3	xu3	xu3	xu3	xu3	xu3	xu3	xu3	xu3
162	戽	~水	遇合上去暮晓	xu5	xu5	fu5	fu5	xu5	xu5	xu5	xu5	xu5	xɯ5	xu5	xu5	xu5
163	胡		遇合一平模匣	xu2	xu2	fu2	fu2	xu2	xu2	xu2	xu2	xu2	xu2	xu2	xu2	xu2
164	壶		遇合一平模匣	xu2	xu2	fu2	fu2	xu2	xu2	xu2	xu2	xu2	xu2	xu2	xu2	xu2
165	户		遇合一上姥匣	xu5	xu6	fu6	fu6	xu4	xu4	xu4	xu2	xu4	xu6	xu6	xu5	xu6
166	护		遇合上去暮匣	xu5	xu6	fu6	fu6	xu6	xu6	xu6	xu6	xu6	xu6	xu6	xu5	xu6
167	乌		遇合一平模影	u1	u1	u1	u1	u1	vu1	vu1	vu1	vu1	vu1	u1	u1	vu1
168	坞		遇合一上姥影	u3	u3	u3	u3	u3	vu3	vu3	vu3	vu3	vu3	u3	u3	vu3
169	女		遇合三上语泥	y3	y3	y3	y3	li4	li3	li4	ȵy3	li4	ȵy3	ȵy3	ȵy3	nu3
170	庐		遇合三平鱼来	lu2	ləu2	ləu2	ləu2	lu2	lu2	lu2	lu2	lu2	lu2	lu2	lu2	lu2
171	驴		遇合三平鱼来	ly2	lyəʳ2	ləʳ2	ləu2	ly2	li2	li2	li2	li2	li2	lɛ2	ly2	ly2
172	吕		遇合三上语来	ly3	lei3	lei3	lei3	li4	li3	li4	li3	li4	li3	lɛ3	li3	ly3
173	蛆		遇合三平鱼清	tsʰei1	tsʰei1	tsʰei1	tsʰei1	tsʰi1	tsʰi1	tsʰi1	tsʰi1	tɕʰy1	tɕʰi1	tsʰɛ1	tɕʰi1	tɕʰi1
174	徐		遇合三平鱼邪	sei2	sei2	sei2	sei2	tɕʰy2	tsʰy2	tsʰy2	tɕʰy2	tɕʰy2	tɕʰi2	tsʰɛ2	tɕʰi2	tɕʰy2
175	绪		遇合三上语邪	ɕy5	ɕy6	ɕy6	ɕy6	tɕʰy4	tsʰy4	tsʰi4	tɕʰy2	ɕy6	tɕʰi6	tsʰɛ6	sui5	tɕʰy6
176	猪		遇合三平鱼知	tɕy1	tɕy1	tɕy1	tɕy1	tɕy1	tɕy1	tɕy1	tɕy1	tɕy1	tɕy1	tɕy1	tɕy1	tʂu1
177	著		遇合三去御知	tɕy5	tɕy5	tɕy5	tɕy5	tɕy5	tɕy5	tɕy5	tɕy5	tɕy5	tɕy5	tɕy5	tʂu5	tʂu5
178	除		遇合三平鱼澄	tɕʰy2	tɕʰy2	tɕʰy2	tɕʰy2	tɕʰy2	tɕʰy2	tɕʰy2	tɕʰy2	tɕʰy2	tɕʰy2	tɕʰy2	tʂʰu2	tʂʰu2
179	苎	~麻	遇合三上语澄	tɕʰy5	tɕʰy6	tɕʰy6	tɕʰy6	tɕʰy4	tɕʰy4	tɕʰy4	tɕʰy2	tɕʰy4	tɕʰy6	tɕʰy6	tɕʰy5	tʂʰu6
180	阻		遇合三上语庄	tsu3	tsəu3	tsəu3	tsəu3	tsu3	tsu3	tsu3	tsu3	tsu3	tsu3	to3	tʂu3	tʂu3
181	初		遇合三平鱼初	tsʰu1	tʂʰəu1	tʂʰəu1	tsʰəu1	tsʰu1	tsʰu1	tsʰu1	tɕʰy1	tsʰu1	tɕʰy1	tʰo1	tʃʰu1	tʂʰu1
182	楚		遇合三上语初	tsʰu3	tʂʰəu3	tsʰəu3	tsʰəu3	tsʰu3	tsʰu3	tsʰu3	tsʰu3	tsʰu3	tɕʰy3	tsʰu3	tʃʰu3	tʂʰu3
183	锄		遇合三平鱼崇	ʂu2	ʂəu2	ʂəu2	səu2	su2	su2	su2	ɕy2	su2	ɕy2	ɕyɛ2	ʃu2	ʂu2
184	助		遇合三去御崇	tsʰu5	tʂʰəu6	tsʰəu6	tsʰəu6	tsʰu6	tsʰu6	tsʰu6	tsʰu6	tsʰu6	tɕʰy6	tʰo6	tʃʰu5	tʂʰu6
185	梳		遇合三平鱼生	ɕiəu1	ʂəu1	ʂəu1	səu1	su1	su1	su1	ɕy1	su1	ɕy1	ɕio1	ʃu1	ʂu1
186	所		遇合三上语生	suʌ3	suo3	suo3	səu3	su3	su3	su3	su3	su3	ɕy3	ɕio3	so3	so3
187	诸		遇合三平鱼章	tɕy1	tɕy1	tɕy1	tɕy1	tɕy1	tɕy1	tɕy1	tɕy1	tɕy1	tɕy1	tɕy1	tɕy1	tʂu1
188	煮		遇合三上语章	tɕy3	tɕy3	tɕy3	tɕy3	tɕy3	tɕy3	tɕy3	tɕy3	tɕy3	tɕy3	tɕy3	tɕy3	tʂu3
189	杵	舂~	遇合三上语昌	tɕʰy3	tɕʰy3	tʂʰəu3	tɕʰy3	tɕʰy3	tɕʰy3	tɕʰy3	tɕʰy3	tɕʰy3	tɕʰy3	tɕʰy3	tɕʰy3	tʂʰu3
190	处	~所	遇合三去御昌	tsʰu5	tɕʰy5	tɕʰy5	tɕʰy5	tɕʰy5	tɕʰy5	tɕʰy5	tɕʰy5	tɕʰy5	tɕʰy5	tɕʰy5	tɕʰy5	tʂʰu5
191	书		遇合三平鱼生	ɕy1	ɕy1	ɕy1	ɕy1	ɕy1	ɕy1	ɕy1	ɕy1	ɕy1	ɕy1	ɕy1	ɕy1	ʂu1
192	鼠		遇合三上语书	tɕʰy3	tɕʰy3	tɕʰy3	tɕʰy3	tɕʰy3	ɕy3	tɕʰy3	tɕʰy3	tɕʰy3	tɕʰy3	tɕʰy3	tɕʰy3	tʂʰu3
193	薯		遇合三去御禅	ɕy5	tɕʰy6	ɕy6	ɕy6	ɕy6	ɕy6	ɕy6	ɕy6	ɕy6	ɕy6	ɕy6	ɕy5	ɕy6
194	如		遇合三平鱼日	lu2	y2	y2	y2	y2	y2	y2	y2	y2	y2	y2	y2	lu2
195	居		遇合三平鱼见	tɕy1	tɕy1	tɕy1	tɕy1	tɕy1	tɕy1	tɕy1	tɕy1	tɕy1	ki1	tɕy1	tɕy1	tɕy1
196	车	~马炮	遇合三平鱼见	tɕy1	tɕy1	tɕy1	tɕy1	tɕy1	tɕy1	tɕy1	tɕy1	tɕy1	ki1	tɕy1	tɕy1	tɕy1
197	锯		遇合三去御见	tɕy5	tɕy5	tɕy5	tɕy5	kui5	tɕy5	tɕy5	tɕy5	tɕy5	ki5	kuɛ5	tɕy5	ki5
198	去		遇合三去御溪	kʰei5	kʰu5	tɕʰi5	kʰu5/tɕʰy5	kʰɐ5	kʰə5	tɕʰie5	tʃʰe5	tɕʰie5	kʰi5/tɕʰiɛ5	tɕʰi5	tɕʰi5/tɕʰy5	tɕʰi5
199	渠	~水	遇合三平鱼群	tɕʰy2	tɕʰy2	tɕʰy2	tɕʰy2	tɕʰy2	tɕʰy2	tɕʰy2	tɕʰy2	tɕʰy2	kʰi2	tɕʰio2	tɕʰy2	tɕʰy2
200	渠	[他]	遇合三平鱼群	kei2	ku2	tɕi2	ku2	kʰɐ2	kʰə2	tɕʰie2	tʃʰe2	tɕʰie2	tɕʰiɛ2	tɕʰi2	tɕʰi1	tɕʰy2
201	拒		遇合三上语群	tɕʰy5	tɕʰy6	tɕʰy6	tɕʰy6	tɕy4	tɕʰy4	tɕʰy4	tɕʰy2	tɕʰy6	kʰi6	tɕʰy6	tɕʰy5	tɕʰy6
202	鱼		遇合三平鱼疑	y2	y2	y2	y2	y2	y2	ȵy2	ȵy2	y2	ȵy2	ȵy2	ȵy2	ŋ̍2
203	语		遇合三上语疑	y3	y3	y3	y3	y4	y4	y4	y3	y4	ȵy3	y3	ȵy3	nu3
204	虚		遇合三平鱼晓	ɕy1	ɕy1	ɕy1	ɕy1	ɕy1	ɕy1	ɕy1	ɕy1	ɕy1	xi1	ɕy1	ɕy1	ʂu1
205	许		遇合三上语晓	ɕy3	ɕy3	ɕy3	ɕy3	ɕy3	ɕy3	ɕy3	ɕy3	ɕy3	xi3	ɕy3	fi3/ɕy3	ɕy3
206	余		遇合三平鱼以	y2	y2	y2	y2	y2	y2	y2	y2	y2	y2	y2	y2	y2
207	预		遇合三去御以	y5	y6	y6	y6	y6	y6	y6	y6	y6	y6	y6	y5	y6
208	夫		遇合三平虞非	fu1	fu1	fu1	fu1	fu1	fu1	fu1	fu1	fu1	fu1	fu1	fu1	fu1
209	斧		遇合三上虞非	fu3	fu3	fu3	fu3	fu3	fu3	fu3	fu3	fu3	fu3	fu3	fu3	fu3
210	付		遇合三去遇非	fu5	fu5	fu5	fu5	fu5	fu5	fu5	fu5	fu5	fu5	fu5	fu5	fu5
211	麸		遇合三平虞敷	fu1	fu1	fu1	fu1	fu1	fu1	fu1	fu1	fu1	fu1	fu1	fu1	fu1
212	抚		遇合三上虞敷	fu3	fu3	fu3	fu3	fu3	fu3	fu3	fu3	fu3	fu3	fu3	fu3	fu3
213	符		遇合三平虞奉	fu2	fu2	fu2	fu2	fu2	fu2	fu2	fu2	fu2	fu2	fu2	fu2	fu2
214	扶		遇合三平虞奉	fu2	fu2	fu2	fu2	fu2	fu2	fu2	fu2	fu2	fu2	fu2	fu2	fu2
215	腐		遇合三上虞奉	fu3	fu3	fu3	fu3	fu3	fu3	fu3	fu3	fu3	fu3	fu3	fu3	fu3
216	辅		遇合三上虞奉	fu3	fu3	pʰu3	fu3	pʰu3	pʰu3	fu3	pʰu6	fu3	fu3	fu3	pʰu3	fu3
217	附		遇合三去遇奉	fu5	fu6	fu6	fu6	fu6	fu6	fu6	fu6	fu6	fu6	fu6	fu5	fu5
218	无		遇合三平虞微	u2	u2	u2	u2	u2	vu2	vu2	vu2	vu2	vu2	u2	u2	vu2
219	武		遇合三上虞微	u3	u3	u3	u3	u4	vu4	vu4	vu3	vu4	vu3	u3	u3	vu3
220	务		遇合三去遇微	u5	u6	u6	u6	u6	vu6	vu6	vu6	vu6	vu6	u6	u5	vu6
221	雾		遇合三去遇微	u5	u6	u6	u6	u6	vu6	vu6	vu6	vu6	vu6	u6	u5	vu6
222	娶		遇合三上虞清	tɕʰy3	tsʰei3	tsʰei3	tsʰei3	tɕʰy3	tsʰi3	tsʰi3	tsʰi3	tɕʰy3	tɕʰi3	tsʰɛ3	tɕʰi3	tɕʰy3
223	趣		遇合三去遇清	tɕʰy5	tsʰei5	tsʰei5	tsʰei5	tɕʰy5	tsʰi5	tsʰi5	tsʰi5	tɕʰy5	tɕʰi5	tɕʰio5	tɕʰi5	tɕʰy5
224	聚		遇合三上虞从	tɕʰy5	tsʰei6	tsʰei6	tɕy6	tsʰi4	tsʰi6	tsʰi6	tɕʰy2	tɕʰy6	tɕʰi6	tsʰɛ6	tɕʰi5	tɕʰy6
225	须	胡~	遇合三平虞心	sei1	ɕy1	sei1	sei1	si1/ɕy1	si1	si1	si1	si1	si1	sɛ1	ɕi1	ɕi1
226	驻		遇合三去遇知	tɕy5	tɕy6	tɕy6	tɕy6	tɕy6	tɕy6	tɕy6	tɕy6	tɕy6	tɕy6	tɕy6	tɕy5	tʂu6
227	厨		遇合三平虞澄	tɕʰy2	tɕʰy2	tɕʰy2	tɕʰy2	tɕʰy2	tɕʰy2	tɕʰy2	tɕʰy2	tɕʰy2	tɕʰy2	tɕʰy2	tɕʰy2	tʂʰu2
228	柱		遇合三上虞澄	tɕʰy5	tɕʰy6	tɕʰy6	tɕʰy6	tɕy4	tɕʰy4	tɕʰy4	tɕʰy2	tɕʰy4	tɕʰy6	tɕʰy6	tɕʰy5	tʂʰu6
229	住		遇合三去遇澄	tɕʰy5	tɕʰy6	tɕʰy6	tɕʰy6	tɕʰy6	tɕʰy6	tɕʰy6	tɕʰy6	tɕʰy6	tɕʰy6	tɕʰy6	tɕʰy5	tʂʰu6
230	数	~不清	遇合三上虞生	ɕiəu3	ʂəu3	ʂəu3	səu3	su3	su3	su3	su3	su3	ɕy3	ɕio3	ʃu3	ʂu3
231	数	~字	遇合三去遇生	ɕiəu5	ʂəu5	ʂəu5	səu5	su5	su5	su5	su5	su5	ɕy5	si5	ʃu5	ʂu5
232	朱		遇合三平虞章	tɕy1	tɕy1	tɕy1	tɕy1	tɕy1	tɕy1	tɕy1	tɕy1	tɕy1	tɕy1	tɕy1	tɕy1	tʂu1
233	主		遇合三上虞章	tɕy3	tɕy3	tɕy3	tɕy3	tɕy3	tɕy3	tɕy3	tɕy3	tɕy3	tɕy3	tɕy3	tɕy3	tʂu3
234	蛀		遇合三去遇章	tɕy5	tɕy5	tɕy5	tɕy5	tɕy5	tɕy5	tɕy5	tɕy5	tɕy5	tɕy5	tɕy5	tɕy5	tʂu5
235	输	~赢	遇合三平虞书	ɕy1	ɕy1	ɕy1	ɕy1	ɕy1	ɕy1	ɕy1	ɕy1	ɕy1	ɕy1	ɕy1	ɕy1	ʂu1
236	竖		遇合三上虞禅	ɕy5	ɕy6	ɕy6	ɕy6	ɕy4	ɕy4	ɕy4	ɕy2	ɕy4	ɕy6	ɕy6	ɕy5	ʂu6
237	树		遇合三去遇禅	ɕy5	ɕy6	ɕy6	ɕy6	ɕy6	ɕy6	ɕy6	ɕy6	ɕy6	ɕy6	ɕy6	ɕy5	ʂu6
238	儒		遇合三平虞日	lu2	ləu2	y2	y2	y2	y2	y2	y2	y2	y2	lo2	y2	lu2
239	乳		遇合三上虞日	lu3	ləu3	ləu3	y3	y4	y4	y4/lu4	y3	y4	y3	lo3	y3	lu3
240	拘		遇合三平见虞	tɕy1	tɕy1	tɕy1	tɕy1	tɕy1	tɕy1	tɕy1	tɕy1	tɕy1	ki1	tɕy1	tɕy1	tɕy1
241	矩		遇合三上虞见	tɕy3	tɕy3	tɕy3	tɕy3	tɕy3	tɕy3	tɕy3	tɕy3	tɕy3	ki3	tɕy3	tɕy3	tɕy3
242	句		遇合三去遇见	tɕy5	tɕy5	tɕy5	tɕy5	tɕy5	tɕy5	tɕy5	tɕy5	tɕy5	ki5	kuɛ5	tɕy5	tɕy5
243	区		遇合三平溪虞	tɕʰy1	tɕʰy1	tɕʰy1	tɕʰy1	tɕʰy1	tɕʰy1	tɕʰy1	tɕʰy1	tɕʰy1	kʰi1	tɕʰy1	tɕʰy1	tɕʰy1
244	具		遇合三去遇群	tɕʰy5	tɕʰy6	tɕʰy6	tɕʰy6	tɕʰy6	tɕʰy6	tɕʰy6	tɕʰy6	tɕʰy6	kʰi6	tɕy6	tɕy5	tɕy5
245	愚		遇合三平虞疑	y2	y2	y2	y2	y2	y2	y2	y2	y2	ȵy2	y2	ȵy2	ŋəu2
246	迂		遇合三平虞影	y1	y1	y1	y1	y1	y1	y1	y1	y1	y1	y1	y1	y1
247	雨		遇合三上虞云	y3	y3	y3	y3	y4	y4	y4	y3	y4	y3	y3	y3	vu3
248	芋		遇合三去遇云	y5	y6	y6	y6	y6	y6	y6	y6	y6	y6	y6	y5	y6
249	裕		遇合三去遇以	y5	y6	y6	y6	y6	y6	y6	y6	y6	y6	y6	y5	y6
250	戴		蟹开一去代端	ta5	tiɛ5	tɛ5	tɛ5	tɐ5	tɒ5	te5	tɤ5	to5	ta5	ti5	ta5	ta5
251	胎		蟹开一平哈透	tʰɤ1	tʰiɛ1	tʰɛ1	tʰɛ1	tʰɐ1	tʰɒ1	tʰe1	tʰɤ1	tʰɤ1	tʰua1	tʰi1	tʰa1	tʰɤ1
252	贷		蟹开上去代透	tʰɤ5	tʰiɛ6	tʰɛ6	tʰɛ6	tʰa6	tʰɒ6	tʰo6	tʰɤ6	tʰɤ6	tʰua6	tʰi6	tʰa5	tʰɤ6
253	台		蟹开一平哈定	tʰɤ2	tʰiɛ2/tʰɛ2	tʰɛ2	tʰɛ2	tɐ2	tʰa2	tʰe2	tʰɤ2	tʰɤ2	tʰua2	tʰi2	tʰa2	tʰɤ2
254	待		蟹开一上海定	tʰɤ5	tʰiɛ6	tʰa6	tʰa6	tʰɐ6	tʰa6	tʰe6	tʰɤ2	tʰɤ6	tʰua6	tɛ5	tʰa5	tʰɤ6
255	袋		蟹开上去代定	tʰɤ5	tʰiɛ6	tʰɛ6	tʰɛ6	tɐ6	tʰa6	tʰe6	tʰɤ6	tʰɤ6	tʰua6	tʰi6	tʰɛ5	tʰɤ6
256	耐		蟹开上去代泥	la5	la6	na6	la6	la6	lɒ6	lo6	lɤ6	lo6	la6	la6	la5	læ6
257	来		蟹开一平哈来	la2	liɛ2/lɛ2	lɛ2	lɛ2	lɐ2	la2	le2	lɤ2	lɤ2	la2	li2	lɛ2	lɤ2
258	灾		蟹开一平哈精	tsa1	tsa1	tsa1	tsa1	tsa1	tsɒ1	tso1	tso1	tso1	tsa1	tsa1	tsa1	tsa1
259	栽		蟹开一平哈精	tsa1	tsei1	tsɛ1	tsɛ1	tsɐ1	tsɒ1	tse1	tse1	tsɤ1	tsa1	tsɛ1	tɕi1/tsa1	tɕi1
260	宰		蟹开一上海精	tsa3	tsa3	tsa3	tsa3	tsɐ3	tsa3	tse3	tsɤ3	tsɤ3	tsua3	tsi3	tsa3	tsɤ3
261	再		蟹开上去代精	tsa5	tsa5	tsɛ5	tsɛ5	tsa5	tsa5	tse5	tsɤ5	tsɤ5	tsa5	tsæ5	tsa5	tsɤ5
262	猜		蟹开一平哈清	tsʰa1	tsʰiɛ1	tsʰɛ1	tsʰɛ1	tsʰɐ1	tsʰa1	tsʰe1	tsʰɤ1	tsʰɤ1	tsʰua1	tsʰi1	tsʰa1	tsʰɤ1
263	睬		蟹开一上海清	tsʰa3	tsʰiɛ3	tsʰɛ3	tsʰɛ3	tsʰɐ3	tsʰa3	tsʰe3	tsʰɤ3	tsʰɤ3	tsʰua3	tsʰa3	tsʰua3	tsʰɤ3
264	菜		蟹开上去代清	tsʰa5	tsʰiɛ5	tsʰɛ5	tsʰɛ5	tsʰa5	tsʰɒ5	tsʰo5	tsʰo5	tsʰo5	tsʰa5	tsʰi5	tsʰa5	tsʰɤ5
265	才	有~	蟹开一平哈从	tsʰa2	tsʰiɛ2	tsʰɛ2	tsʰɛ2	tsʰɐ2	tsʰa2	tsʰe2	tsʰɤ2	tsʰɤ2	tsʰua2	tsʰi2	tsʰɛ2	tsʰɤ2
266	在		蟹开一上海从	tsʰa5	tsʰiɛ6	tsʰɛ6	tsʰɛ6	tsʰɐ4	tsʰa4	tsʰe4	tsʰɤ2	tsʰɤ4	tsʰa6	tsʰi6	tsʰɛ5	tsʰɤ6
267	载	~货	蟹开上去代从	tsa5	tsa5	tsa5	tsɛ5	tsɐ5	tsa5	tse5	tsɤ5	tsɤ5	tsua5	tsi5	tsa5	tsæ5
268	鳃		蟹开一平哈心	sa1	suo1	suo1	sai1	sɐ1	se1	se1	sɤ1	sɤ1	sua1	sɛ1	sɛ1	sɤ1
269	赛		蟹开上去代心	sa5	sa5	sa5	sai5	sɐ5	sa5	se5	sɤ5	sɤ5	sua5	si5	sɛ5	sɤ5
270	该		蟹开一平哈见	kɤ1	kiɛ1	kiɛ1	kɛ1	kuɐ1	kua1	ke1	kuɤ1	kuɤ1	kua1	kua1	kɛ1	ko1
271	改		蟹开一上海见	kɤ3	kiɛ3	kiɛ3	kɛ3	kuɐ3	kua3	ke3	kuɤ3	kuɤ3	kua3	kua3	kɛ3	ko3
272	概		蟹开上去代见	kɤ5	kʰɛ5	kʰiɛ5	kɛ5	kʰuɐ5	kʰua5	kʰe5	kʰɤ5	kʰɤ5	kʰua5	kʰua5	kʰɛ5	kʰæ5
273	开		蟹开一平哈溪	kʰɤ1	kʰiɛ1/kʰɛ1	kʰiɛ1/kʰɛ1	kʰɛ1	kʰuɐ1	kʰua1	kʰe1	kʰuɤ1	kʰuɤ1	kʰua1	kʰua1	kʰɛ1	kʰo1
274	呆	~子	蟹开一平哈疑	ta1	ta1	tai1	ta1	uɐ1	ta1	ɡe2	tʰa1	ta1	ta1	ta1	ta1	tæ1
275	碍		蟹开上去代疑	ŋɤ5	ŋa6	ŋiɛ6	ŋɛ6	uɐ6	va6	ɡo6	ŋɤ6	ɡɤ6	ŋua6	ŋa6	ŋɛ5	ŋo6
276	海		蟹开一上海晓	xɤ3	xiɛ3	xɛ3	xɛ3	xuɐ3	xua3	xe3	xuɤ3	xuɤ3	xua3	xua3	xɛ3	xo3
277	孩		蟹开一平哈匣	xɤ2	xai2	xa2	xa2	xa2	xa2	xo2	xa2	xuɤ2	xa2	xa2	xa2	xa2
278	亥		蟹开一上海匣	xɤ5	xai6	xɛ6	xa6	xuɐ4	xua4	xo6	xuɤ2	xuɤ4	xua6	xua6	xɛ5	xæ6
279	哀		蟹开一平哈影	ɤ1	ai1	ŋiɛ1	a1	uɐ1	va1	e1	vɤ1	vɤ1	va1	æ1	ŋa1	ŋa1
280	爱		蟹开上去代影	ŋɤ5	ŋiɛ5	ŋiɛ5	ŋɛ5	uɐ5	va5	ve5	vɤ5	vɤ5	va5	ua5	ŋɛ5	vɤ5
281	贝		蟹开一去泰帮	pɤ5	pei5	pɛ5	pa5	pi5	pi5	pi5	pi5	pi5	pi5	pɛ5	pi5	pi5
282	带	~钱	蟹开一去泰端	ta5	ta5	ta5	ta5	ta5	tɒ5	to5	to5	to5	ta5	ta5	ta5	ta5
283	太	~~	蟹开一去泰透	tʰa5	tʰa5	tʰa5	tʰa5	tʰa5	tʰɒ5	tʰo5	tʰo5	tʰo5	tʰa5	tʰa5	tʰa5	tʰa5
284	大	~黄	蟹开一去泰定	tʰa5	tʰa6	tʰa6	tʰa6	tʰa6	tʰɒ6	tʰu6	tʰo6	tʰɤ6	tʰa6	tʰa6	tʰa5	tʰa6
285	奈		蟹开上去泰泥	la5	la6	na6	la6	la6	lɒ6	lo6	lɤ6	lo6	na6	la6	la5	læ6
286	赖		蟹开上去泰来	la5	la6	la6	la6	la6	lɒ6	lo6	lɤ6	lo6	na6	la6	la5	læ6
287	蔡		蟹开上去泰清	tsʰa5	tsʰiɛ5	tsʰɛ5	tsʰɛ5	tsʰa5	tsʰɒ5	tsʰo5	tsʰo5	tsʰo5	tsʰa5	tsʰa5	tsʰa5	tsʰɤ5
288	盖		蟹开上去泰见	kɤ5	kɛ5	kɛ5	kɛ5	kuɐ5	kua5	ke5	kuɤ5	kuɤ5	kua5	kua5	kɛ5	ko5
289	艾		蟹开一去泰疑	ŋɤ5	ŋa6	ŋa6	ŋɛ6	ŋa6	ɡɒ6	ɡo6	ŋo6	vɤ6	ŋæ6	ŋa6	ŋa5	ŋa6
290	害		蟹开一去泰匣	xɤ5	xiɛ6	xɛ6	xɛ6	xua6	xua6	xe6	xuɤ6	xuɤ6	xua6	xua6	xɛ5	xo6
291	拜		蟹开二去怪帮	pa5	pa5	pa5	pa5	pa5	pɒ5	po5	po5	po5	pa5	pa5	pa5	pa5
292	排		蟹开二平皆并	pʰa2	pʰa2	pʰa2	pʰa2	pa2	pʰɒ2	pʰo2	pʰo2	pʰo2	pʰa2	pʰa2	pʰa2	pʰa2
293	埋		蟹开二平皆明	ma2	ma2	ma2	ma2	ma2	bɒ2	bo2	mɤ2	bo2	ma2	ma2	ma2	ma2
294	斋		蟹开二平皆庄	tsa1	tʂa1	tɕia1	tsa1	tsa1	tsɒ1	tso1	tso1	tsɤ1	tʂa1	ta1	tʂua1	tsa1
295	豺		蟹开二平皆崇	tsʰa2	ʂa2	ɕia2	tsʰɛ2	sa2	sɒ2	so2	ʃo2	sɤ2	tʂʰua2	tsʰi2	ʂua2	tsʰɤ2
296	阶		蟹开二平皆见	tɕia1	ka1	ka1	ka1	ka1	kɒ1	ko1	ko1	ko1	ka1	ka1	ka1	ka1
297	界		蟹开二去怪见	tɕia5	ka5	ka5	ka5	ka5	kɒ5	ko5	ko5	ko5	ka5	ka5	ka5	ka5
298	揩		蟹开二平皆溪	tɕʰia1	kʰa1	kʰa1	kʰa1	kʰa1	kʰɒ1	kʰo1	kʰo1	kʰa1	kʰa1	kʰa1	kʰa1	kʰa1
299	楷		蟹开二上骇溪	kʰɤ3	kʰa3	kʰa3	kʰa3	kʰa3	kʰɒ3	kʰe3	kʰa3	kʰa3	kʰa3	kʰa3	kʰɛ3	kʰa3
300	谐		蟹开二平皆匣	ɕiɛ2	ɕiɛ2	ɕiɛ2	ɕiɛ2	ka2	ɕie2	ko2	ɕie2	ɕie2	ɕiɛ2	ɕiɛ2	ʃɑ2	ɕiɛ2
301	械		蟹开二去怪匣	ɕiɛ5	ɕiɛ5	kʰa5	kʰa5	xa6	kɒ6	ko5	ko5	ko5	kʰa5	ka5	ka5	ɕiɛ6
302	挨	~近	蟹开二平皆影	ŋɤ1	ŋa1	ŋa1	ŋa1	ŋa1	ŋa1	ɡo1	vɤ1	vɤ1	ŋa1	ŋa1	ŋa1	ŋa1
303	摆		蟹开二上蟹帮	pa3	pa3	pa3	pa3	pa3	po3	po3	po3	po3	pa3	pa3	pa3	pa3
304	派		蟹开二去卦滂	pʰa5	pʰa5	pʰa5	pʰa5	pʰa5	pʰɒ5	pʰo5	pʰo5	pʰo5	pʰa5	pʰa5	pʰa5	pʰa5
305	牌		蟹开二平佳并	pʰa2	pʰa2	pʰa2	pʰa2	pa2	pʰɒ2	pʰo2	pʰo2	pʰo2	pʰa2	pʰa2	pʰa2	pʰa2
306	稗		蟹开二去卦并	pʰuʌ5	pʰuo6	pʰuo6	pʰo6	pʰo6	pʰo6	pʰɘ6	pʰo6	pʰo6	pʰuɤ6	pʰo6	pʰa5	pʰuɐ6
307	买		蟹开二上蟹明	ma3	ma3	ma3	ma3	ma4	bɒ4	bo4	mo3	bo4	ma3	ma3	ma3	ma3
308	卖		蟹开二去卦明	ma5	ma6	ma6	ma6	ma6	bɒ6	bo6	mo6	bo6	ma6	ma6	ma5	ma6
309	奶	吃~	蟹开二上蟹泥	nã3	na3	nã3	la3	nĩ4/la4	nĩ4	nĩ4	ne3/lo3	nĩ4	næ3	na3	la3	liɛ̃3
310	债		蟹开二去卦庄	tsa5	tʂa5	tɕia5	tɕia5	tsa5	tsɒ5	tso5	tʃo5	tso5	tʂa5	ta5	tʂua5	tʂa5
311	钗		蟹开二平佳初	tʂʰa1	tʂʰa1	tʂʰa1	tsʰa1	tsʰa1	tsʰɒ1	tsʰo1	tʃʰo1	tsʰo1	tʂʰa1	tʰa1	tʂʰua1	tʂʰuɐ1
312	差	出~	蟹开二平佳初	tʂʰa1	tʂʰa1	tʂʰa1	tsʰa1	tsʰa1	tsʰɒ1	tsʰo1	tʃʰo1	tsʰo1	tʂʰa1	tʰa1	tʂʰua1	tʂʰuɐ1
313	柴		蟹开二平佳崇	ɕia2	ʂa2	ɕia2	ɕia2	sa2	sɒ2	so2	ʃo2	so2	ʃa2	ɕia2	ʂua2	ʂa2
314	筛	谷~	蟹开二平佳生	ɕia1	ʂa1	ɕiaʳ1	ɕia1	sa1	sɒ1	so1	ʃo1	so1	ʃa1	ɕia1	ʂua1	ʂa1
315	洒		蟹开二上蟹生	ɕia3	ʂa3	sa3	ɕia3	sa3	sɒ3	so3	ʃo3	so3	ʃa3	sa3	ʂuɑ3	sa3
316	晒		蟹开二去卦生	ɕia5	ʂa5	ɕia5	ɕia5	sa5	sɒ5	sɘ5	ʃue5	so5	ʃuɤ5	ɕio5	ʂuɑ5	ʂuɐ5
317	佳		蟹开二平佳见	kɤ1	kuo1	kuo1	ko1	ka1	kɒ1	ko1	ko1	ko1	kuɤ1	ko1	kɑ1	kue1
318	街		蟹开二平佳见	tɕia1	ka1	ka1	ka1	ka1	kɒ1	ko1	ko1	ko1	ka1	ka1	ka1	ka1
319	解	~开	蟹开二上蟹见	kʌ3	ka3	ka3	ka3	ka3	kɒ3	ko3	ko3	ko3	ka3	ka3	ka3	ka3
320	涯		蟹开二平佳疑	ŋʌ2	ŋuo2	ŋuo2	ŋa2	ŋa2	ŋõ2	ɡɘ2	ŋũ2	ɡo2	ŋa2	ŋo2	ŋa2	ŋa2
321	鞋		蟹开二平佳匣	xa2	xaʳ2	xaʳ2	xa2	xa2	xɒ2	xo2	xo2	xo2	xa2	xa2	xa2	xa2
322	矮		蟹开二上蟹影	ia3	ŋa3	ŋa3	ŋa3	ŋa3	ɡɒ3	ɡo3	ŋo3	ɡo3	ŋa3	ŋa3	ŋa3	ŋa3
323	败		蟹开二去夬并	pʰa5	pʰa6	pʰa6	pʰa6	pʰa6	pʰɒ6	pʰo6	pʰo6	pʰo6	pʰa6	pʰa6	pʰa5	pʰa6
324	寨		蟹开二去夬崇	tsa5	tʂa5	sa5	tsa5	sɐ5	tsɒ5	tso5	tso5	tso5	tʂua5	tʰa5	sɛ5	tsa5
325	毙		蟹开三去祭并	pʰi5	pʰei6	pʰei6	pʰei6	pe6	pʰe6	pʰi6	pʰe6	pʰe6	pʰæ6	pʰɛ6	pʰi5	pʰi6
326	例		蟹开三去祭来	li5	li6	li6	li6	le6	le6	le6	le6	le6	læ6	li6	lia5	li6
327	厉		蟹开三去祭来	li5	lei6	lai6	lei6	le6	li6	le6	lo6	li6	læ6	lɛ6	lɛ5	li6
328	祭		蟹开三去祭精	tɕi5	tɕi5	tsei5	tsi5	tse5	tse5	tsi5	tse5	tse5	tsæ5	tsɛ5	tɕi5	tɕi5
329	制		蟹开三去祭章	tɕi5	tɕi5	tɕi5	tɕi5	tse5	tse5	tsɿ5	tʃe5	tse5	tsɤ5	tɕi5	tɕi5	tʂɤ5
330	世		蟹开三去祭书	ɕi5	ɕi5	ɕi5	ɕi5	se5	se5	ɕi5	ʃe5	se5	ɕiɛ5	ɕi5	ɕi5	ɕi5
331	势		蟹开三去祭书	ɕi5	ʂəʳ5	ɕi5	ɕi5	se5	se5	sɿ5	ʃe5	se5	ɕiɛ5	ɕi5	ɕi5	ɕi5
332	艺		蟹开三去祭疑	i5	i6	ni6	i6	ȵie6	ȵie6	ɡie6	ȵie6	i6	ȵiɛ6	ȵi6	ȵi5	ȵi5
333	闭		蟹开四去霁帮	pi5	pei5	pei5	pei5	pi5	pi5	pi5	pi5	pi5	pi5	pɛ5	pi5	pi5
334	批		蟹开四平齐滂	pʰi1	pʰei1	pʰei1	pʰei1	pʰi1	pʰe1	pʰi1	pʰe1	pʰi1	pʰæ1	pʰɛ1	pʰi1	pʰi1
335	迷		蟹开四平齐明	mi2	mei2	mei2	mei2	mi2	bi2	bi2	mi2	bi2	mi2	mɛ2	mi2	mi2
336	米		蟹开四上荠明	mi3	mei3	mei3	mei3	mi4	bi4	bi4	mi3	bi4	mi3	mɛ3	mi3	mi3
337	低		蟹开四平齐端	ti1	tei1	tei1	tei1	te1	te1	ti1	te1	te1	tæ1	tɛ1	ti1	ti1
338	底		蟹开四上荠端	ti3	tei3	tei3	tei3	te3	te3	ti3	te3	te3	tæ3	tɛ3	ti3	ti3
339	帝		蟹开四去霁端	ti5	tei5	tʰei6	tei5	te5	te5	ti5	te5	te5	tæ5	tɛ5	ti5	ti5
340	梯		蟹开四平齐透	tʰi1	tʰei1	tʰei1	tʰei1	tʰie1	tʰe1	tʰi1	tʰe1	tʰe1	tʰæ1	tʰɛ1	tʰi1	tʰi1
341	体		蟹开四上荠透	tʰi3	tʰei3	tʰei3	tʰei3	tʰie3	tʰe3	tʰi3	tʰe3	tʰe3	tʰæ3	tʰɛ3	tʰi3	tʰi3
342	替		蟹开四去霁透	tʰi5	tʰei5	tʰei5	tʰei5	tʰie5	tʰe5	tʰi5	tʰe5	tʰe5	tʰæ5	tʰɛ5	tʰi5	tʰi5
343	蹄		蟹开四平齐定	tʰi2	tʰəʳ2	tʰei2	tʰei2	te2	tʰe2	tʰi2	tʰe2	tʰe2	tʰæ2	tʰɛ2	tʰi2	tʰi2
344	弟		蟹开四上荠定	tʰei5/tʰi5	tʰei6	tʰei6	tʰei6	tʰe4	tʰe4	tʰi4	tʰe2	tʰe4	tʰæ6	tʰɛ6	tʰi5	tʰi6
345	第		蟹开四去霁定	tʰi5	tʰei6	tʰei6	tʰei6	te6	tʰe6	tʰi6	tʰe6	tʰe6	tʰæ6	tʰɛ6	tʰi5	tʰi6
346	泥		蟹开四平齐泥	li2	lei2	lei2	lei2	le2	le2	li2	le2	le2	næ2	ȵi2	ȵi2	ȵi2
347	犁		蟹开四平齐来	li2	lei2	lei2	lei2	le2	li2	li2	le2	le2	læ2	lɛ2	li2	li2
348	妻		蟹开四平齐清	tɕʰi1	tɕʰi1	tsʰei1	tsʰei1	tsʰe1	tsʰe1	tsʰi1	tsʰe1	tsʰe1	tsʰæ1	tsʰɛ1	tsʰi1	tɕʰi1
349	齐		蟹开四平齐从	tɕʰi2	tsʰei2	tsʰei2	tsʰei2	tsʰe2	tsʰe2	tsʰi2	tsʰe2	tsʰe2	tsʰæ2	tsʰɛ2	tɕʰi2	tɕʰi2
350	西		蟹开四平齐心	sei1	sei1	sei1	sei1	se1	se1	si1	se1	se1	sæ1	sɛ1	ɕi1	ɕi1
351	洗		蟹开四上荠心	sei3	sei3	sei3	sei3	se3	se3	si3	se3	se3	sæ3	sɛ3	ɕi3	ɕi3
352	细	[小]	蟹开四去霁心	sei5	sei5	sei5	sei5	se5	se5	si5	se5	se5	sæ5	sɛ5	ɕi5	ɕi5
353	细	仔~	蟹开四去霁心	sei5	sei5	sei5	sei5	se5	se5	si5	se5	se5	sæ5	sɛ5	ɕi5	ɕi5
354	鸡		蟹开四平齐见	tɕi1	tɕi1	tɕi1	tɕi1	tʃe1	tɕie1	tɕi1	tʃe1	tɕie1	tɕiɛ1	tɕi1	tɕi1	tɕi1
355	计		蟹开四去霁见	tɕi5	tɕi5	tɕi5	tɕi5	tʃe5	tɕie5	tɕi5	tʃe5	tɕie5	tɕiɛ5	tɕi5	tɕi5	tɕi5
356	溪		蟹开四平齐溪	tɕʰi1	ɕi1	sei1	tɕʰi1	tʃʰe1	tɕʰie1	tɕʰi1	tʃʰe1	tɕʰie1	tɕʰiɛ1	ɕi1	tɕʰi1	tɕʰi1
357	契		蟹开四去霁溪	tɕʰi5	tɕʰi5	tɕʰi5	tɕʰi5	tʃʰe5	tɕʰie5	tɕʰi5	tʃʰe5	tɕʰie5	tɕʰi5	tɕʰi5	tɕʰi5	tɕʰi5
358	系		蟹开四去霁匣	ɕi5	sei6	sei6	ɕi6	ʃe6	ɕie6	ɕi6	ʃe6	ɕie6	ɕiɛ6	ɕi6	ɕi5	ɕi5
359	杯		蟹合一平帮灰	pɤ1	pɛ1	pɛ1	pɛ1	pɐ1	pa1	pe1	pɤ1	pɤ1	pa1	pɛ1	pɛ1	pɤ1
360	背	~脊	蟹合一去队帮	pɤ5	piɛ5	pɛ5	pɛ5	pɐ5	pa5	pe5	pɤ5	pɤ5	pa5	pi5	pɛ5	pɤ5
361	配		蟹合一去队滂	pʰɤ5	pʰiɛ5	pʰɛ5	pʰɛ5	pʰɐ5	pʰa5	pʰe5	pʰɤ5	pʰɤ5	pʰa5	pʰi5	pʰɛ5	pʰɤ5
362	赔		蟹合一平灰并	pʰɤ2	pʰiɛ2	pʰɛ2	pʰɛ2	pʰɐ2	pʰa2	pʰe2	pʰɤ2	pʰɤ2	pʰa2	pʰi2	pʰɛ2	pʰɤ2
363	倍		蟹合一上贿并	pʰɤ5	pʰiɛ6	pʰɛ6	pʰɛ6	pɐ4	pʰa4	pʰe4	pʰɤ6	pʰɤ4	pʰa6	pʰi6	pʰɛ5	pʰɤ6
364	背	~诵	蟹合一去队并	pʰɤ5	pʰiɛ6	pʰɛ6	pʰɛ6	pɐ6	pʰa6	pʰe6	pʰɤ6	pʰɤ6	pʰa6	pʰɛ6	pʰɛ5	pʰɤ5
365	梅		蟹合一平灰明	mɤ2	miɛ2	mɛ2	mɛ2	mɐ2	ba2	be2	mɤ2	bɤ2	ma2	mi2	mɛ2	mɤ2
366	每		蟹合一上贿明	mɤ3	mei3	mɛ3	mɛ3	mɐ4	bə4	be4	mɤ3	bɤ4	ma3	mi3	mɛ3	mɤ3
367	妹		蟹合一去队明	mɤ5	miɛʳ6	mɛ6	mɛ6	mɐ6	ba6	be6	mɤ6	bɤ6	ma6	mi6	mɛ5	mɤ6
368	堆		蟹合一平灰端	tɤ1	tiɛ1	tɛ1	tɛ1	tɐ1	ta1	te1	tɤ1	tɤ1	tua1	ti1	tɛ1	tɤ1
369	对		蟹合一去队端	tɤ5	tiɛ5	tɛ5	tɛ5	tɐ5	tə5	te5	tɤ5	tɤ5	tua5	ti5	tɛ5	tɤ5
370	推		蟹合一平灰透	tʰɤ1	tʰiɛ1	tʰɛ1	tʰɛ1	tʰɐ1	tʰa1	tʰe1	tʰɤ1	tʰɤ1	tʰua1	tʰi1	tʰɛ1	tʰɤ1
371	腿		蟹合一上贿透	tʰɤ3	tʰiɛ3	tʰəʳ3	tʰɛ3	tʰɐ3	tʰa3	tʰe3	tʰɤ3	tʰɤ3	tʰua3	tʰi3	tʰɛ3	tʰɤ3
372	退		蟹合一去队透	tʰɤ5	tʰiɛ5	tʰɛ5	tʰɛ5	tʰɐ5	tʰa5	tʰe5	tʰɤ5	tʰɤ5	tʰua5	tʰi5	tʰɛ5	tʰɤ5
373	队		蟹合一去队定	tɤ5	tiɛ5	tɛ5	tɛ5	tɐ5	ta5	te5	tɤ5	tɤ5	tua5	ti5	tɛ5	tɤ5
374	累		蟹合一去队来	lɤ5	lei6	lɛ6	lɛ6	lɐ6	lə6	le6	lɤ6	lɤ6	lua6	lɛ6	lɛ5	lɤ6
375	催		蟹合一平灰清	tɕʰy1	tsʰiɛ1	tsʰɛ1	tsʰɛ1	tsʰɐ1	tsʰa1	tsʰe1	tsʰɤ1	tsʰe1	tsʰua1	tɕʰyɛ1	tsʰɛ1	tsʰɤ1
376	罪		蟹合一上贿从	tsʰɤ5	tsʰiɛ6	tsʰɛ6	tsʰɛ6	tsʰɐ4	tsʰa4	tsʰe4	tsʰɤ2	tsʰe4	tsʰua6	tsʰi6	tsʰɛ5	tsʰɤ6
377	碎		蟹合一去队心	sɤ5	siɛ5	sɛ5	sɛ5	sɐ5	sa5	se5	sɤ5	se5	sua5	si5	sɛ5	sɤ5
378	魁		蟹合一平灰溪	kʰuɤ1	kʰuɛ1	kʰuɛ1	kʰuɛ1	kʰuɐ1	kʰuɒ1	kʰua1	kʰua1	kʰua1	kʰua1	kʰua1	kʰua1	kʰuɐ1
379	灰		蟹合一平灰晓	xuɤ1	xuɛ1	fɛ1	fɛ1	xuɐ1	xua1	xe1	xuɤ1	ɕy1/xuɐ1	xua1	xua1	xuɛ1	xo1
380	悔		蟹合一上贿晓	xuɤ3	xuɛ3	fɛ3	fɛ3	xuɐ3	xua3	xe3	xuɤ3	xuɤ3	xua3	xua3	xuɛ3	xuo3
381	回		蟹合一平灰匣	xuɤ2	xuɛ2	fɛ2	fɛ2	xuɐ2	xua2	xe2	xuɤ2	xuɤ2	xua2	xua2	xuɛ2	xuo2
382	汇		蟹合一上贿匣	xuɤ5	xuei6	xuɛ6	fɛ6	xuɐ4	xua6	xe6	xuɤ6	xuɤ6	xua6	xua6	xuɛ5	xuo6
383	煨		蟹合一平灰影	uɤ1	yɛ1	uɛ1	uɛ1	uɐ1	va1	ve1	vɤ1	vɤ1	va1	uɛ1	uɛ1	vi1
384	最		蟹合一去泰精	tsɤ5	tsiɛ5	tsɛ5	tsɛ5	tsɐ5	tsa5	tse5	tsɤ5	tsɤ5	tsua5	tse5	tsa5	tsɤ5
385	会	~计	蟹合一去泰见	kʰua5	kʰua5	kʰua5	kʰua5	kuɐ5	kua5	kʰue5	kʰuɤ5	kʰua5	kʰua5	kʰua5	kʰuɛ5	kʰuɐ5
386	外	~婆	蟹合一去泰疑	ua5	ŋa6	ŋa6/ua6	ua6	ua6	ɡua6/vɒ6	ɡo6	ŋo6	va6	ŋa6	ŋa6	ŋa5	ŋa6
387	会	开~	蟹合一去泰匣	xuɤ5	xuɛ6	xuɛ6	fɛ6	xuɐ6	xua6	xe6	xuɤ6	xuɤ6	xua6	xua6	xuɛ5	xuo5
388	会	~不~	蟹合一去泰匣	xuɤ5	xuɛ6	uɛ6	uɛ6/fɛ6	xuɐ6	xua6	xe6	xuɤ6	xuɤ6	xua6	xua6	xuɛ5	xuo5
389	乖		蟹合二平皆见	kua1	kua1	kua1	kua1	kuɐ1	kuɒ1	kua1	kua1	kua1	kua1	kua1	kua1	kuɐ1
390	怪		蟹合二去怪见	kua5	kua5	kua5	kua5	kua5	kuɒ5	kua5	kua5	kua5	kua5	kua5	kua5	kuɐ5
391	块		蟹合二去怪溪	kʰua5	kʰua5	kʰua5	kʰua5	kʰua5	kʰuɒ5	kʰua5	kʰua5	kʰua5	kʰua5	kʰua5	kʰua5	kʰuɐ5
392	坏		蟹合二去怪匣	xua5	xua6	xua6	fa6	xua6	xua6	xua6	xua6	xua6	xua6	xua6	xua5	xuɐ6
393	拐		蟹合二上蟹见	kua3	kuaʳ3	kua3	kua3	kua3	kuɒ3	kua3	kua3	kua3	kua3	kua3	kua3	kuɐ3
394	挂		蟹合二去卦见	kuʌ5	kuo5	kua5	kua5	kua5	ko5	kua5	ko5	ko5	kua5	ko5	kuɑ5	kuɐ5
395	歪		蟹合二平佳晓	ua1	ua1	ua1	ua1	ua1	ŋo1/vo1	va1	va1	va1	va1	ua1	ua1	vɐ1
396	画		蟹合二去卦匣	xuʌ5	xuaʳ6	xuo6	xua6	xua6	xuɒ6	xua6	xua6	xua6	xua6	xo6	xuɑ5	xuɐ6
397	蛙		蟹合二平佳影	uʌ1	ua1	ua1	ua1	ua1	vo1	vɘ1	va1	va1	va1	ua1	uɑ1	vɐ1
398	快		蟹合二去夬溪	kʰua5	kʰua5	kʰua5	kʰua5	kʰua5	kʰuɒ5	kʰua5	kʰua5	kʰua5	kʰua5	kʰua5	kʰua5	kʰuɐ5
399	话		蟹合二去夬匣	uʌ5	ua6/xua6	uo6/xuo6	uo6	uo6	vo6	vɘ6	vo6	vo6	xua6	xo6	uɑ5/xuɑ5	xuɐ6
400	脆		蟹合三去祭清	tsʰɤ5	tsʰei5	tsʰei5	tsʰei5	tsʰe5	tsʰe5	tsʰi5	tsʰe5	tsʰe5	tsʰæ5	tsʰɛ5	tɕʰi5	tɕʰi5
401	岁		蟹合三去祭心	sei5	sei5	sei5	sei5	se5	se5	si5	se5	se5	sæ5	sɛ5	ɕi5	ɕi5
402	税		蟹合三去祭书	ɕy5	ɕy5	ɕy5	ɕy5	xue5	xue5	ɕy5	ɕie5	se5	ɕiɛ5	ɕyɛ5	fei5	ʂuo5
403	卫		蟹合三去祭云	uei5	uei6	uei6	uei6	ui6	ɤ6	ɤ6	ɤ6	ɤ6	vi6	uɛ6	ui5	vi6
404	废		蟹合三去废非	fei5	fei5	fei5	fei5	fi5	fi5	fi5	fe5	fe5	fæ5	fɛ5	fei5	fi5
405	肺		蟹合三去废敷	fei5	fei5	fei5	fei5	fi5	fi5	fi5	fe5	fe5	fæ5	fɛ5	fei5	fi5
406	桂		蟹合四去霁见	kuei5	kuei5	kuei5	kuei5	kuɐ5	kue5	tɕy5	ke5	kue5	kiɛ5	kuɛ5	kui5	ki5
407	惠		蟹合四去霁匣	xuei5	xuei6	fei6	fei6	xuɐ6	xue6	ɕy6/xe6	xuɤ6	xuɤ6	xua6	xuɛ6	xui5	xi6
408	碑		止开三平支帮	pɤ1	pei1	pei1	pei1	pi1	pi1	pi1	pe1	pe1	pi1	pɛ1	pɛ1	pi1
409	臂		止开三去置帮	pi5	pei5	pei5	pei5	pi5	pi5	pi5	pi5	pi5	pi5	pɛ5	pi5	pi5
410	披		止开三平支滂	pʰi1	pʰei1	pʰei1	pʰei1	pʰi1	pʰi1	pʰi1	pʰi1	pʰi1	pʰi1	pʰɛ1	pʰi1	pʰi1
411	皮		止开三平支并	pʰi2	pʰei2	pʰei2	pʰei2	pʰi2	pʰi2	pʰi2	pʰi2	pʰi2	pʰi2	pʰɛ2	pʰi2	pʰi2
412	被	~子	止开三上纸并	pʰi5	pʰei6	pʰei6	pʰei6	pʰi4	pʰi4	pʰi4	pʰi2	pʰi4	pʰi6	pʰɛ6	pʰi5	pʰi6
413	被	~迫	止开三去置并	pʰi5	pʰiɛ6	pʰei6	pʰei6	pʰi6	pʰi6	pʰi6	pʰi6	pʰi6	pʰi6	pʰɛ6	pʰi5	pʰi6
414	离		止开三平支来	li2	lei2	lei2	lei2	li2	li2	li2	li2	li2	li2	lɛ2	li2	li2
415	紫		止开三上纸精	tsɿ3	tsɿ3	tsɿ3	tsɿ3	tsɿ3	tsɿ3	tsɿ3	tsɿ3	tsɿ3	tsɤ3	tsɿ3	tsɿ3	tsɿ3
416	雌		止开三平支清	tsʰɿ1	tsʰɿ1	tsʰɿ1	tsʰɿ1	tsʰɿ1	tsʰɿ1	tsʰɿ1	tsʰɿ1	tsʰɿ1	tsʰɤ1	tsʰɿ1	tsʰɿ1	tsʰɿ1
417	刺		止开三去置清	tsʰɿ5	tsʰɿ5	tsʰɿ5	tsʰɿ5	tsʰɿ5	tsʰɿ5	tsʰɿ5	tsʰɿ5	tsʰɿ5	tsʰɤ5	tsʰɿ5	tsʰɿ5	tsʰɿ5
418	斯		止开三平支心	sɿ1	sɿ1	sɿ1	sɿ1	sɿ1	sɿ1	sɿ1	sɿ1	sɿ1	sɤ1	sɿ1	sɿ1	sɿ1
419	知		止开三平支知	tɕi1	tsɿ1	tɕi1	tɕi1	tsɿ1	tsɿ1	tsɿ1	tɕi1	tsɿ1	tsɤ1	tɕi1	tɕi1	tʂɤ1
420	智		止开三去置知	tɕi5	tsɿ5	tɕi5	tɕi5	tsɿ5	tsɿ5	tsɿ5	tsɿ5	tsɿ5	tsɤ5	tɕi5	tɕi5	tʂɤ5
421	池		止开三平支澄	tɕʰi2	tsʰɿ2	tɕʰi2	tsʰɿ2	tsʰɿ2	tsʰɿ2	tsʰɿ2	tsʰɿ2	tsʰɿ2	tsʰɤ2	tsʰɿ2	tɕʰi2	tʂʰɤ2
422	枝		止开三平支章	tɕi1	tɕi1	tɕi1	tɕi1	tsɿ1	tsɿ1	tsɿ1	tɕi1	tsɿ1	tsɤ1	tɕi1	tɕi1	tʂɤ1
423	纸		止开三上纸章	tɕi3	tɕi3	tɕi3	tɕi3	tsɿ3	tsɿ3	tɕi3	tɕi3	tɕi3	tsɤ3	tɕi3	tɕi3	ʂɤ3
424	是		止开三上纸禅	ɕi5	ɕi6	ɕi6	ɕi6	sɿ4	sɿ4	ɕi4	ʃø2/sɿ2	sɿ4	sɤ6	ɕi6	ɕi5	ʂɤ6
425	儿		止开三平支日	a2	ɐʳ2	əʳ2	əʳ2	ɐ2	ȵi2/e2	e2	ø2	ɵ2	ʐɤ2	ɵ2	a2	ɤ2
426	寄		止开三去置见	tɕi5	tɕi5	tɕi5	tɕi5	tʃi5	tɕi5	tɕi5	tɕi5	tɕi5	tɕi5	tɕi5	tɕi5	tɕi5
427	骑		止开三平支群	tɕʰi2	tɕʰi2	tɕʰi2	tɕʰi2	tʃi2	tɕʰi2	tɕʰi2	tɕʰi2	tɕʰi2	tɕʰi2	tɕʰi2	tɕʰi2	tɕʰi2
428	技		止开三上纸群	tɕi5	tɕi6	tɕʰi6	tɕʰi6	tʃi6	tɕʰi6	tɕʰi6	tɕʰi6	tɕʰi6	tɕʰi6	tɕʰi6	tɕi5	tɕʰi6
429	宜		止开三平支疑	i2	i2	ȵi2	i2	ȵi2	ȵi2	ɡi2	ȵi2	i2	ȵi2	i2	ȵi2	ȵi2
430	蚁		止开三上纸疑	i3	i3	iəʳ3	i3	ȵi4	ȵi4	ɡi4	ȵi3	ɡi4	ȵi3	ȵi3	ȵi3	ȵi3
431	义		止开三去置疑	i5	i6	ȵi6	i6	ȵi6	ȵi6	i6	ȵi6	i6	ȵi6	ȵi6	ȵi5	ȵi6
432	戏		止开三去置晓	ɕi5	ɕi5	ɕi5	ɕi5	ʃi5	ɕi5	ɕi5	ɕi5	ɕi5	ɕi5	ɕi5	ɕi5	ɕi5
433	椅		止开三上纸影	i3	iəʳ3	iəʳ3	i3	i3	i3	i3	i3	i3	i3	i3	i3	i3
434	移		止开三平支以	i2	i2	i2	i2	i2	i2	i2	i2	i2	i2	i2	i2	i2
435	易	容~	止开三去置以	i5	i6	i6	i6	i6	i6	i6	i6	i6	i6	i6	i5	i6
436	悲		止开三平脂帮	pɤ1	pɛ1	pei1	pei1	pi1	pi1	pe1	pe1	pe1	pi1	pɛ1	pɛ1	pi1
437	比		止开三上旨帮	pi3	pei3	pei3	pei3	pi3	pi3	pi3	pi3	pi3	pi3	pɛ3	pi3	pi3
438	痹		止开三去至帮	pi5	pʰei5	pei5	pei5	pi5	pi5	pi5	pi5	pi5	pi5	pɛ5	pi5	pi5
439	屁		止开三去至滂	pʰi5	pʰei5	pʰei5	pʰei5	pʰi5	pʰi5	pʰi5	pʰi5	pʰi5	pʰi5	pʰɛ5	pʰi5	pʰi5
440	枇		止开三平脂并	pʰi2	pʰei2	pʰei2	pʰei2	pʰi2	pʰi2	pʰi2	pʰi2	pʰi2	pʰi2	pʰɛ2	pʰi2	pʰi2
441	备		止开三去至并	pɤ5	pʰiɛ6	pʰei6	pʰei6	pi6	pi6	pʰi6	pʰi6	pʰi6	pʰi6	pʰi6	pʰi5	pʰi6
442	鼻		止开三去至并	pʰi5	pʰei6	pʰei6	pʰei6	pi6	pʰi6	pʰi6	pʰi6	pʰi6	pʰi6	pʰɛ6	pʰi5	pʰi6
443	眉		止开三平脂明	mi2	mei2	mei2	mei2	mi2	bi2	bi2	mi2	bi2	mi2	mi2	mi2	mi2
444	美		止开三上旨明	mi3	mei3	mei3	mei3	mi4	bi4	bi4	mi3	bi4	mi3	mɛ3	mi3	mi3
445	地		止开三去至定	tʰi5	tʰei6	tʰei6	tʰei6	tʰi6	tʰi6	tʰi6	tʰi6	tʰi6	tʰi6	tʰɛ6	tʰi5	tʰi6
446	尼		止开三平脂泥	li2	lei2	ni2	i2	le2	le2	li2	le2	li2	læ2	ȵi2	ȵi2	li2
447	梨		止开三平脂来	li2	lei2	lei2	li2	li2	li2	li2	li2	li2	li2	lɛ2	li2	li2
448	利		止开三去至来	li5	lei6	lei6	lei6	li6	li6	li6	li6	li6	li6	lɛ6	li5	li6
449	资		止开三平脂精	tsɿ1	tsɿ1	tsɿ1	tsɿ1	tsɿ1	tsɿ1	tsɿ1	tsɿ1	tsɿ1	tsɤ1	tsɿ1	tsɿ1	tsɿ1
450	姊		止开三上旨精	tsɿ3	tsɿ3	tsɿ3	tsɿ3	tsɿ3	tsɿ3	tsɿ3	tsɿ3	tsɿ3	tsɤ3	tsɿ3	tsɿ3	tsɿ3
451	次		止开三去至清	tsʰɿ5	tsʰɿ5	tsʰɿ5	tsʰɿ5	tsʰɿ5	tsʰɿ5	tsʰɿ5	tsʰɿ5	tsʰɿ5	tsʰɤ5	tsʰɿ5	tsʰɿ5	tsʰɿ5
452	瓷		止开三平脂从	tsʰɿ2	tsʰɿ2	tsʰɿ2	tsʰɿ2	tsʰɿ2	tsʰɿ2	tsʰɿ2	tsʰɿ2	tsʰɿ2	tsʰɤ2	tsʰɿ2	tsʰɿ2	tsʰɿ2
453	自		止开三去至从	tsʰɿ5	sɿ6	sɿ6	tsʰɿ6	tsʰɿ6	tsʰɿ6	tsʰɿ6	tsʰɿ6	tsʰɿ6	tsʰɤ6	tsʰɿ6	tsʰɿ5	tsʰɿ6
454	私		止开三平脂心	sɿ1	sɿ1	sɿ1	sɿ1	sɿ1	sɿ1	sɿ1	sɿ1	sɿ1	sɤ1	sɿ1	sɿ1	sɿ1
455	死		止开三上旨心	sɿ3	sɿ3	sɿ3	sɿ3	sɿ3	sɿ3	sɿ3	sɿ3	sɿ3	sɤ3	sɿ3	sɿ3	sɿ3
456	四		止开三去至心	sɿ5	sɿ5	sɿ5	sɿ5	sɿ5	sɿ5	sɿ5	sɿ5	sɿ5	sɤ5	sɿ5	sɿ5	sɿ5
457	迟		止开三平脂澄	ɕi2	tɕʰi2	tɕʰi2	tɕʰi2	tsʰɿ2	tsʰɿ2	tsʰɿ2	tɕʰi2	tsʰɿ2	tsʰɤ2	tɕʰi2	tɕʰi2	tʂʰɤ2
458	师		止开三平脂生	xa1	sɿ1	sɿ1	sɿ1	sɿ1	sɿ1	ɕi1	ɕi1	sɿ1	sɤ1	ɕyɛ1	sɿ1	ʂuɤ1
459	指		止开三上旨章	tɕi3	tɕi3	tɕi3	tɕi3	tsɿ3	tsɿ3	tsɿ3	tɕi3	tsɿ3	tsɤ3	tɕi3	tɕi3	tʂɤ3
460	至		止开三去至章	tɕi5	tɕi5	tɕi5	tɕi5	tsɿ5	tsɿ5	tɕi5	tɕi5	tɕi5	tsɤ5	tɕi5	tɕi5	tʂɤ5
461	尸		止开三平脂书	ɕi1	ɕi1	ɕi1	ɕi1	sɿ1	sɿ1	ɕi1	sɿ1	sɿ1	sɤ1	ɕi1	ɕi1	ʂɤ1
462	屎		止开三上旨书	ɕi3	ɕi3	ɕi3	ɕi3	sɿ3	sɿ3	ɕi3	ʃø3	sɿ3	sɤ3	ɕi3	ɕi3	ʂɤ3
463	二		止开三去至日	a5	ɐʳ6	əʳ6	əʳ6	ɐ6	e6	ө6	ø6	ө6	ʐɤ6	ө6	a5	ɤ6
464	饥	~饿	止开三平脂见	tɕi1	tɕi1	tɕi1	tɕi1	tʃi1	tɕi1	tɕi1	tɕi1	tɕi1	tɕi1	tɕi1	tɕi1	tɕi1
465	器		止开三去至溪	tɕʰi5	tɕʰi5	tɕʰi5	tɕʰi5	tʃʰi5	tɕʰi5	tɕʰi5	tɕʰi5	tɕʰi5	tɕʰi5	tɕʰi5	tɕʰi5	tɕʰi5
466	姨		止开三平脂以	i2	i2	i2	i2	i2	i2	i2	i2	i2	i2	i2	i2	i2
467	你		止开三上止泥	li3	lei3	ni3	i3	li4	li4	li4	li3	li4	ni3	li3	ȵi3	ȵi3
468	厘		止开三平之来	li2	lei2	lei2	lei2	li2	li2	li2	li2	li2	li2	lɛ2	li2	li2
469	李		止开三上止来	li3	lei3	lei3	lei3	li4	li4	li4	li3	li4	li3	lɛ3	li3	li3
470	里	五~路	止开三上止来	li3	lei3	lei3	lei3	li4	li4	li4	li3	li4	li3	lɛ3	li3	li3
471	里	~面	止开三上止来	li3	lei3	lei3	lei3	li4	li4	li4	li3	li4	li3	lɛ3	li3	li3
472	理		止开三上止来	li3	lei3	lei3	lei3	li4	li4	li4	li3	li4	li3	lɛ3	li3	li3
473	子		止开三上止精	tsɿ3	tsɿ3	tsɿ3	tsɿ3	tsɿ3	tsɿ3	tsɿ3	tsɿ3	tsɿ3	tsɤ3	tsɿ3	tsɿ3	tsɿ3
474	磁		止开三平之从	tsʰɿ2	tsʰɿ2	tsʰɿ2	tsʰɿ2	tsʰɿ2	tsʰɿ2	tsʰɿ2	tsʰɿ2	tsʰɿ2	tsʰɤ2	tsʰɿ2	tsʰɿ2	tsʰɿ2
475	字		止开三去志从	tsʰɿ5	sɿ6	sɿ6	tsʰɿ6	tsʰɿ6	tsʰɿ6	tsʰɿ6	tsʰɿ6	tsʰɿ6	tsʰɤ6	tsʰɿ6	tsʰɿ5	sɿ6
476	丝		止开三平之心	sɿ1	sɿ1	sɿ1	sɿ1	sɿ1	sɿ1	sɿ1	sɿ1	sɿ1	sɤ1	sɿ1	sɿ1	sɿ1
477	祠		止开三平之邪	tsʰɿ2	tsʰɿ2	sɿ2	tsʰɿ2	tsʰɿ2	tsʰɿ2	tsʰɿ2	tsʰɿ2	tsʰɿ2	tsʰɤ2	tsʰɿ2	tsʰɿ2	tsʰɿ2
478	巳	~时	止开三上止邪	sɿ5	sɿ6	sɿ6	sɿ6	sɿ4	tsʰɿ4	tsʰɿ4	tsʰɿ2	tsʰɿ4	tsʰɤ6	sɿ6	tsʰɿ5	tsʰɿ6
479	寺		止开三去志邪	tsʰɿ5	sɿ6	sɿ6	sɿ6	tsʰɿ6	tsʰɿ6	tsʰɿ6	tsʰɿ6	tsʰɿ6	tsʰɤ6	tsʰɿ6	tsʰɿ5	tsʰɿ6
480	痴		止开三平之彻	tsʰɿ1	tsʰɿ1	tɕʰi1	tɕʰi1	tsʰɿ1	tsʰɿ1	tɕʰi1	tɕʰi1	tsʰɿ1	tsʰɤ1	tɕʰi1	tɕʰi1	tʂʰɤ1
481	痔		止开三上止澄	tsʰɿ5	tsʰɿ6	tɕʰi6	tsʰɿ6	tsɿ4	tsʰɿ6	tsʰɿ6	tsʰɿ2	tsʰɿ4	tsʰɤ6	tsʰɿ6	tsʰɿ5	tʂʰɤ6
482	治		止开三去志澄	tɕi5	tɕi6	tɕʰi6	tsʰɿ6	tsɿ6	tsʰɿ6	tsʰɿ6	tsʰɿ6	tsʰɿ6	tsʰɤ6	tsʰɿ6	tɕʰi5	tʂʰɤ6
483	厕		止开三去志穿	tsʰɤ5	tsʰɿ5	tsʰai5	tsʰei5	tsʰi5	tsʰi5	tsʰi5	tsʰɤ5	tsʰi5	tsʰæ5	tʰa5	tsʰɛ5	tsʰɛ5
484	柿		止开三上止崇	xa5	ʂəʳ6	ʂəʳ6	sɿ6	sɿ4	sɿ4	ɕi4	suø2	sɿ4	sɤ6	ɕyɛ6	xa5/ɕi5	ʂɤ6
485	事		止开三去志崇	xa5	ʂəʳ6	ʂəʳ6	sei6	sɿ6	sɿ6	ɕi6	sɿ6	sɿ6	sɤ6	ɕyɛ6	xa5/sɿ5	ʂɤ6
486	趾		止开三上志章	tɕi3	tɕi3	tɕi3	tsɿ3	tsɿ3	tsɿ3	tsɿ3	tɕi3	tsɿ3	tsɤ3	tɕi3	tɕi3	tʂɤ3
487	痣		止开三去至章	tɕi5	tɕi5	tɕi5	tɕi5	tsɿ5	tsɿ5	tɕi5	tsɿ5	tsɿ5	tsɤ5	tɕi5	tɕi5	tʂɤ5
488	齿		止开三上止昌	tɕʰi3	tɕʰi3	tɕʰi3	tɕʰi3	tsʰɿ3	tsʰɿ3	tɕʰi3	tɕʰi3	tsʰɿ3	tsʰɤ3	tɕʰi3	tɕʰi3	tʂʰɤ3
489	诗		止开三平之书	sɿ1	ʂəʳ1	ɕi1	ɕi1	sɿ1	sɿ1	sɿ1	sɿ1	sɿ1	sɤ1	sɿ1	ɕi1	ʂɤ1
490	始		止开三上止书	ɕi3	ɕi3	ɕi3	ɕi3	sɿ3	sɿ3	ɕi3	sɿ3	sɿ3	sɤ3	ɕyɛ3	ɕi3	ʂɤ3
491	试		止开三去志书	ɕi5	ɕi5	ɕi5	ɕi5	sɿ5	sɿ5	ɕi5	sɿ5	sɿ5	sɤ5	ɕi5	ɕi5	ʂɤ5
492	时		止开三平之禅	ɕi2	ɕi2	ɕi2	ɕi2	sɿ2	sɿ2	ɕi2	sɿ2	sɿ2	sɤ2	ɕi2	ɕi2	ʂɤ2
493	市		止开三上止禅	ɕi5	ɕi6	ɕi6	ɕi6	sɿ4	sɿ4	ɕi4	sɿ2	sɿ4	sɤ6	ɕi6	ɕi5	ʂɤ6
494	耳		止开三上止日	a3	ɐʳ3	əʳ3	əʳ3	li4	li4	ө3	ø3	ө4	ʐɤ3	ө3	a3	ɤ3
495	基		止开三平之见	tɕi1	tɕi1	tɕi1	tɕi1	tʃi1	tɕi1	tɕi1	tɕi1	tɕi1	tɕi1	tɕi1	tɕi1	tɕi1
496	己		止开三上止见	tɕi3	tɕi3	tɕi3	tɕi3	tʃi3	tɕi3	tɕi3	tɕi3	tɕi3	tɕi3	tɕi3	tɕi3	tɕi3
497	记		止开三去志见	tɕi5	tɕi5	tɕi5	tɕi5	tʃi5	tɕi5	tɕi5	tɕi5	tɕi5	tɕi5	tɕi5	tɕi5	tɕi5
498	欺		止开三平之溪	tɕʰi1	tɕʰi1	tɕʰi1	tɕʰi1	tʃʰi1	tɕʰi1	tɕʰi1	tɕʰi1	tɕʰi1	tɕʰi1	tɕʰi1	tɕʰi1	tɕʰi1
499	起		止开三上止溪	tɕʰi3	tɕʰi3	tɕʰi3	tɕʰi3	tʃʰi3	tɕʰi3	tɕʰi3	tɕʰi3	tɕʰi3	tɕʰi3	tɕʰi3	tɕʰi3	tɕʰi3
500	旗		止开三平之群	tɕʰi2	tɕʰi2	tɕʰi2	tɕʰi2	tʃʰi2	tɕʰi2	tɕʰi2	tɕʰi2	tɕʰi2	tɕʰi2	tɕʰi2	tɕʰi2	tɕʰi2
501	忌		止开三去志群	tɕʰi5	tɕi6	tɕi6	tɕʰi6	tʃi6	tɕʰi6	tɕʰi6	tɕʰi6	tɕʰi6	tɕʰi6	tɕi6	tɕi5	tɕʰi6
502	疑		止开三平之疑	i2	i2	ȵi2	i2	ȵi2	ȵi2	ɡi2	ȵi2	i2	ȵi2	ȵi2	ȵi2	ȵi2
503	喜		止开三上止晓	ɕi3	ɕi3	ɕi3	ɕi3	ʃi3	ɕi3	ɕi3	ɕi3	ɕi3	ɕi3	ɕi3	ɕi3	ɕi3
504	医		止开三平之影	i1	i1	i1	i1	i1	i1	i1	i1	i1	i1	i1	i1	i1
505	意		止开三去志影	i5	i5	i5	i5	i5	i5	i5	i5	i5	i5	i5	i5	i5
506	已		止开三上止以	i3	i3	i3	i3	i3	i3	i3	i3	i3	i3	i3	i3	i3
507	几	~乎	止开三平微见	tɕi1	tɕi1	tɕi1	tɕi1	tʃi1	tɕi1	tɕi1	tɕi1	tɕi1	tɕi1	tɕi1	tɕi1	tɕi1
508	机		止开三平微见	tɕi1	tɕi1	tɕi1	tɕi1	tʃi1	tɕi1	tɕi1	tɕi1	tɕi1	tɕi1	tɕi1	tɕi1	tɕi1
509	几	~个	止开三上尾见	tɕi3	tɕi3	tɕi3	tɕi3	tʃi3	tɕi3	tɕi3	tɕi3	tɕi3	tɕi3	tɕi3	tɕi3	tɕi3
510	气		止开三去未溪	tɕʰi5	tɕʰi5	tɕʰi5	tɕʰi5	tʃʰi5	tɕʰi5	tɕʰi5	tɕʰi5	tɕʰi5	tɕʰi5	tɕʰi5	tɕʰi5	tɕʰi5
511	毅		止开三去未疑	i5	i6	i6	i6	ȵi6	ȵi6	i6	ȵi6	i6	i6	i6	ȵi5	ȵi6
512	稀		止开三平微晓	ɕi1	ɕi1	ɕi1	ɕi1	ʃi1	ɕi1	ɕi1	ɕi1	ɕi1	ɕi1	ɕi1	ɕi1	ɕi1
513	衣		止开三平微影	i1	i1	i1	i1	i1	i1	i1	i1	i1	i1	i1	i1	i1
514	嘴		止合三上纸精	tsei3	tsei3	tsei3	tsei3	tsi3	tsi3	tsi3	tsi3	tsi3	tsi3	tsɛ3	tɕi3	tɕi3
515	髓		止合三上纸心	sei3	sei3	sei3	sei3	si3	si3	si3	si3	se3	si3	ɕyɛ3	ɕi3	tɕʰi3
516	随		止合三平支邪	suei2	tsʰei2/sei2	sei2	tsʰei2/sei2	tsʰi2	tsʰi2	tsʰi2/si2	tsʰi2	ɕy2/si2	tsʰi2	tsʰɛ2/tɕʰyɛ2	tɕʰi2	tɕʰi2
517	吹		止合三平支穿	tɕʰy1	tɕʰy1	tɕʰy1	tɕʰy1	tɕʰy1	tɕʰy1	tɕʰy1	tɕʰy1	tɕʰy1	tʃʰuɛ1	tɕʰyɛ1	tɕʰy1	tʂʰei1
518	睡		止合三去置禅	sei5	sei6	sei6	sei6	ɕy6	ɕy6	ɕy6	ɕy6	ɕy6	ʃuɛ5	ɕyɛ6	sui5	ʂei6
519	规		止合三平支见	kuei1	kuei1	kuei1	kuei1	kue1	kue1	tɕy1	kue1	tɕy1	kiɛ1	kuɛ1	kui1	ki1
520	亏		止合三平支溪	kʰuei1	kʰuei1	kʰuei1	kʰuei1	kʰue1	kʰue1	tɕʰy1	kʰue1	tɕʰy1	kʰiɛ1	kʰuɛ1	kʰui1	kʰi1
521	跪		止合三上纸群	kuei5	kʰuei3	kuei5	kʰuei3	kʰui3	tɕʰy3	tɕʰy3	kʰi3	tɕʰy3	kʰi3	kʰuɛ3	kʰui3	kʰi3
522	危		止合三平支疑	uei2	uei2	uei2	uei2	ui2	y2	y2	y2	y2	ȵi2	uɛ2	ui2	vi2
523	毁		止合三上纸晓	xuei3	xuei3	xuei3	xuei3	fi3	ɕy3	xue3	ɕy3	ɕy3	xi3	xuɛ3	xuɛ3	xui3
524	委		止合三上纸影	uei3	uei3	uei3	uei3	ui3	y3	y4/vi4	y3	y4	vi3	uɛ3	ui3	vi3
525	为	作~	止合三平支云	uei2	uei2	uei2	y2/uei2	ui2	y2	y2	y2	y2	vi2	uɛ2	ui2	vi2
526	为	~什么	止合三去置云	uei5	uei6	uei6	uei6	ui6	y6	y6	y6	y6	vi6	uɛ6	ui5	vi6
527	泪		止合三去至来	lɤ5	lei6	lei6	lei6	li6	li6	la6	la6	la6	li6	lɛ6	li5	li6
528	醉		止合三去至精	tsei5	tsei5	tsei5	tsei5	tsi5	tsi5	tsi5	tsi5	tse5	tsi5	tsɛ5	tɕi5	tɕi5
529	追		止合三平脂知	tɕy1	tɕy1	tɕy1	tɕy1	tɕy1	tɕy1	tɕy1	tɕy1	tɕy1	tʃʰuɛ1	tɕyɛ1	tʃui1	tʂei1
530	锤		止合三平脂澄	tɕʰy2	tɕʰyʳ2	tɕʰy2	tɕʰy2	tɕʰy2	tɕʰy2	tɕʰy2	tɕʰy2	tɕʰy2	tʃʰuɛ2	tɕʰyɛ2	tʃʰui2	tʂʰei2
531	衰		止合三平脂生	sa1	ɕyai1	sai1	ɕya1	sɐ1	sa1	se1	sɤ1	sɤ1	ʃua1	ɕyɛ1	ʃua1	ʂuɐ1
532	帅		止合三去至生	ʂua5	suaʳ5	sa5	ɕya5	sɐ5	sa5	ɕye5	sɤ5	sɤ5	ʃua5	ɕyɛ5	ʃua5	ʂuɐ5
533	水		止合三上纸书	ɕy3	ɕy3	ɕy3	ɕy3	ɕy3	ɕy3	ɕy3	ɕy3	ɕy3	ʃuɛ3	ɕyɛ3	fi3/ʃui3	ʂei3
534	龟		止合三平脂见	kuei1	kuei1	kuei1	kuei1	kui1	tɕy1	tɕy1	kue1	tɕy1	ki1	kuɛ1	kui1	ki1
535	轨		止合三上旨见	kuei3	kuei3	kuei3	kuei3	kui3	tɕy3	tɕy3	tɕy3	tɕy3	ki3	kuɛ3	kui3	ki3
536	季		止合三去至见	tɕi5	tɕi5	tɕi5	tɕi5	tʃi5	tɕy5	tɕi5	tɕy5	tɕy5	ki5	kuɛ5	tɕi5	tɕi5
537	葵		止合三平脂群	kʰuei2	tʂʰuoʳ2	tɕʰy2	kʰuei2	tɕʰy2	tɕʰy2	tɕʰy2	tɕʰy2	tɕʰy2	kʰi2	kʰuɛ2	kʰui2	kʰui2
538	柜		止合三去至群	kʰuei5	kʰuei6	tɕʰy6	kʰuei6	tɕʰy6	tɕʰy6	tɕʰy6	tɕʰy6	tɕʰy6	kʰi6	kʰuɛ6	kʰui5	kʰui6
539	位		止合三去至云	uei5	uei6	uei6	uei6	ui6	y6	y6	y6	y6	vi6	uɛ6	ui5	vi6
540	飞		止合三平微非	fei1	fei1	fei1	fei1	fi1	fi1	fi1	fi1	fe1	fi1	fɛ1	fei1	fi1
541	匪		止合三上尾非	fei3	fei3	fei3	fei3	fi3	fi3	fi3	fi3	fe3	fi3	fɛ3	fei3	fi3
542	啡		止合三去未非	fei5	fəʳ5	fei5	fei5	fi5	fi5	fi5	fi5	fi5	fi5	fɛ5	fei5	fi5
543	费		止合三去未敷	fei5	fei5	fei5	fei5	fi5	fi5	fi5	fe5	fe5	fæ5	fɛ5	fei5	fi5
544	肥		止合三平微奉	fei2	fei2	fei2	fei2	fi2	fi2	fi2	fi2	fi2	fi2	fɛ2	fei2	fi2
545	尾		止合三上尾微	mi3	mei3	mei3	mei3	mi4	bi4	bi4	mi3	bi4	mi3	mɛ3	mi3	mi3
546	味		止合三去未微	uei5	uei6	uei6	uei6	ui6	vi6	vi6	vi6	vi6	vi6	uɛ6	ui5	mi6
547	归		止合三平微见	kuei1	kuei1	kuei1	kuei1	kui1	tɕy1	tɕy1	kue1	tɕy1	ki1	kuɛ1	kui1	ki1
548	鬼		止合三上尾微	kuei3	kuei3	kuei3	kuei3	kui3	tɕy3	tɕy3	tɕy3	tɕy3	ki3	kuɛ3	kui3	ki3
549	贵		止合三去未见	kuei5	kuei5	kuei5	kuei5	kui5	tɕy5	tɕy5	tɕy5	tɕy5	ki5	kuɛ5	kui5	ki5
550	魏		止合三去未疑	uei5	uei6	uei6	uei6	ui6	y6	y6	y6	vi6	vi6	uɛ6	ui5	vi6
551	辉		止合三平微晓	xuei1	xuei1	xuei1	fei1	fi1	ɕy1	ɕy1	ɕy1	xuɤ1	xi1	xuɛ1	xui1	xui1
552	威		止合三平微影	uei1	uei1	uei1	uei1	ui1	y2	y2	vi1	y2	vi1	uɛ1	ui1	vi1
553	慰		止合三去未影	uei5	uei5	uei5	uei5	ui5	y5	y5	vi5	y5	vi5	uɛ5	ui5	vi5
554	围		止合三平微云	uei2	uei2	uei2	uei2	ui2	y2	y2	y2	y2	vi2	uɛ2	ui2	vi2
555	伟		止合三上尾云	uei3	uei3	uei3	uei3	ui4	y4	y4	y3	y4	vi3	uɛ3	ui3	vi3
556	宝		效开一上皓帮	pau3	pau3	pau3	pau3	pɐ3	pa3	po3	pa3	pa3	pɯ3	po3	pə3	po3
557	报		效开一去号帮	pau5	pau5	pau5	pau5	pɐ5	pa5	po5	pa5	pa5	pɯ5	po5	pə5	po5
558	袍		效开一平豪并	pʰau2	pʰau2	pʰau2	pʰau2	pau2	pʰau2	pʰɒ2	pʰɔ2	pʰa2	pʰɔ2	pʰɔ2	pʰə2	pʰo2
559	抱		效开一上皓并	pʰau5	pau5	pʰau6	pʰau6	pɐ4	pʰau6	pʰo6	pʰa2	pʰa6	pʰɯ6	pʰɔ6	pʰə5	pʰo6
560	暴		效开一去号并	pau5	pau5	pʰau6	pau5	pʰɐ6	pʰa6	pʰɒ6	pɔ5	pʰɔ6	pɔ5	pɔ5	pʰə5	pʰo6
561	毛		效开一平豪明	mau2	mau2	mau2	mau2	mɐ2	ba2	bo2/bɐ2	ma2	ba2	mɯ2	mɔ2	mə2	mo2
562	帽		效开一去号明	mau5	maʳ6	maʳ6	mau6	mɐ6	ba6	bo6	ma6	bɐ6	mə6	mɔ6	mə5	mo6
563	刀		效开一平豪端	tau1	tau1	tau1	tau1	tɐ1	ta1	to1	ta1	ta1	tə1	tɔ1	tə1	tɤ1
564	倒	~下	效开一上皓端	tau3	tau3	tau3	tau3	tɐ3	ta3	to3	ta3	ta3	tə3	tɔ3	tə3	tɤ3
565	到		效开一去号端	tau5	tau5	tau5	tau5	tɐ5	ta5	to5	ta5	ta5	tə5	tɔ5	tə5	tɤ5
566	倒	~水	效开一去号端	tau5	tau5	tau5	tau5	tɐ5	ta5	to5	ta5	ta5	tə5	tɔ5	tə5	tɤ5
567	讨		效开一上皓透	tʰau3	tʰau3	tʰau3	tʰau3	tʰɐ3	tʰa3	tʰo3	tʰa3	tʰa3	tʰə3	tʰɔ3	tʰə3	tʰɤ3
568	套		效开一去号透	tʰau5	tʰau5	tʰau5	tʰau5	tʰɐ5	tʰa5	tʰo5	tʰa5	tʰa5	tʰə5	tʰɔ5	tʰə5	tʰɤ5
569	桃		效开一平豪定	tʰau2	tʰau2	tʰaʳ2	tʰau2	tʰɐ2	tʰa2	tʰo2	tʰa2	tʰa2	tʰə2	tʰɔ2	tʰə2	tʰɤ2
570	道		效开一上皓定	tʰau5	tʰau6	tʰau6	tʰau6	tʰɐ4	tʰa4	tʰo4	tʰa2	tʰa4	tʰə6	tʰɔ6	tʰə5	tʰɤ6
571	盗		效开一去号定	tʰau5	tʰau6	tʰau6	tʰau6	tʰɐ6	tʰa6	tʰo6	tʰa6	tʰa6	tʰə6	tʰɔ6	tʰə5	tʰɤ6
572	脑		效开一上皓泥	lau3	lau3	lau3	lau3	lɐ4	la4	lo4	la3	la4	nə3	lɔ3	lə3	lɤ3
573	牢		效开一平豪来	lau2	lau2	lau2	lau2	lɐ2	la2	lo2	la2	la2	lə2	lɔ2	lə2	lɤ2
574	老		效开一上皓来	lau3	lau3	lau3	lau3	lɐ4	la4	lo4	la3	la4	lə3	lɔ3	lə3	lɤ3
575	糟		效开一平豪精	tsau1	tsau1	tsau1	tsau1	tsɐ1	tsa1	tso1	tsa1	tsɔ1	tsə1	tsɔ1	tsə1	tsɤ1
576	早		效开一上皓精	tsau3	tsau3	tsau3	tsau3	tsɐ3	tsa3	tso3	tsa3	tsa3	tsə3	tsɔ3	tsə3	tsɤ3
577	灶		效开一去号精	tsau5	tsau5	tsau5	tsau5	tsɐ5	tsa5	tso5	tsa5	tsa5	tsə5	tsɔ5	tsə5	tsɤ5
578	操		效开一平豪清	tsʰau1	tsʰau1	tsʰau1	tsʰau1	tsʰɐ1	tsʰa1	tsʰo1	tsʰa1	tsʰɔ1	tsʰə1	tsʰɔ1	tsʰə1	tsʰɤ1
579	草		效开一上皓清	tsʰau3	tsʰau3	tsʰau3	tsʰau3	tsʰɐ3	tsʰa3	tsʰo3	tsʰa3	tsʰa3	tsʰə3	tsʰɔ3	tsʰə3	tsʰɤ3
580	糙		效开一去号清	tsʰau5	tsʰau5	tsʰau5	tsʰau5	tsʰɐ5	tsʰa5	tsʰo5	tsʰa5	tsʰɔ5	tsʰə5	tsʰɔ5	tsʰə5	tsʰɤ5
581	曹		效开一平豪从	tsʰau2	tsʰau2	tsʰau2	tsʰau2	tsʰɐ2	tsʰa2	tsʰo2	tsʰa2	tsʰa2	tsʰə2	tsʰɔ2	tsʰə2	tsʰɤ2
582	造		效开一上皓从	tsʰau5	tsʰau6	tsʰau6	tsʰau6	tsʰɐ6	tsʰa6	tsʰo6	tsʰa2	tsʰa6	tsʰə6	tsʰɔ6	tsʰə5	tsʰɤ6
583	骚		效开一平豪心	sau1	sau1	sau1	sau1	sɐ1	sa1	so1	sa1	sa1	sə1	sɔ1	sə1	sɤ1
584	扫	~地	效开一上皓心	sau5	sau6	sau3	sau3	sɐ3	sa3	so3	sa3	sa3	sə3	sɔ3	sə3	sɤ3
585	嫂		效开一上皓心	sau3	sau3	sau3	sau3	sɐ3	sa3	so3	sa3	sa3	sə3	sɔ3	sə3	sɤ3
586	扫	~帚	效开一去号心	sau5	sau5	sau5	sau5	sɐ5	sa5	so5	sa5	sa5	sə5	sɔ5	sə5	sɤ5
587	高		效开一平豪见	kau1	kau1	kau1	kau1	kɐ1	ka1	ko1	ka1	ka1	kə1	kɔ1	kə1	kɤ1
588	稿		效开一上皓见	kau3	kau3	kau3	kau3	kɐ3	ka3	ko3	ka3	ka3	kə3	kɔ3	kə3	kɤ3
589	告		效开一去号见	kau5	kau5	kau5	kau5	kɐ5	ka5	ko5	ka5	ka5	kə5	kɔ5	kə5	kɤ5
590	考		效开一上皓溪	kʰau3	kʰau3	kʰau3	kʰau3	kʰɐ3	kʰa3	kʰo3	kʰa3	kʰa3	kʰə3	kʰɔ3	kʰə3	kʰɤ3
591	靠		效开一去号溪	kʰau5	kʰau5	kʰau5	kʰau5	kʰɐ5	kʰa5	kʰo5	kʰa5	kʰa5	kʰə5	kʰɔ5	kʰə5	kʰɤ5
592	熬		效开一平豪疑	au2	au2	ŋau2	ŋau2	ŋau2	ŋau2	ɡo2	ŋɔ2	ɡa2	ŋɔ2	ŋɔ2	ŋə2	ŋo2
593	傲		效开一去号疑	au5	ŋau6	ŋau6	ŋau6	ŋau6	ŋa6	ɡo6	ŋa6	ɡa6	ŋɔ6	ŋɔ6	ŋə5	ŋɔ6
594	好	~坏	效开一上皓晓	xau3	xau3	xau3	xau3	xɐ3	xa3	xo3	xa3	xa3	xə3	xɔ3	xə3	xɤ3
595	好	喜~	效开一去号晓	xau5	xau5	xau5	xau5	xɐ5	xa5	xo5	xa5	xa5	xə5	xɔ5	xə5	xɤ5
596	豪		效开一平豪匣	xau2	xau2	xau2	xau2	xɐ2	xa2	xo2	xɔ2	xa2	xə2	xɔ2	xə2	xɤ2
597	号	~码	效开一去号匣	xau5	xau6	xau6	xau6	xɐ6	xa6	xo6	xa6	xa6	xə6	xɔ6	xə5	xɤ6
598	袄		效开一上皓影	au3	ŋau3	ŋau3	ŋau3	ŋɐ3	ŋa3	ɡo3	ŋa3	ɡa3	ŋə3	ŋɔ3	ŋə3	ŋɤ3
599	包		效开二平肴帮	pau1	pau1	pau1	pau1	pau1	pau1	pɒ1	pɔ1	pɔ1	pɔ1	pɔ1	pə1	po1
600	饱		效开二上巧帮	pau3	pau3	pau3	pau3	pau3	pau3	pɒ3	pɔ3	pɔ3	pɔ3	pɔ3	pə3	po3
601	豹		效开二去效帮	pau5	pau5	pau5	pau5	pau5	pau5	pɒ5	pɔ5	pɔ5	pɔ5	pɔ5	pə5	po5
602	抛		效开二平肴滂	pʰau1	pʰau1	pʰau1	pʰau1	pʰau1	pʰau1	pʰɒ1	pʰɔ1	pʰɔ1	pʰɔ1	pʰɔ1	pʰə1	pʰo1
603	炮	枪~	效开二去效滂	pʰau5	pʰau5	pʰau5	pʰau5	pʰau5	pʰau5	pʰɒ5	pʰɔ5	pʰɔ5	pʰɔ5	pʰɔ5	pʰə5	pʰo5
604	跑		效开二平肴并	pʰau5	pʰau5	pʰau5	pʰau5	pʰau3	pʰau3	pʰɒ3	pʰɔ3	pʰɔ3	pʰɔ3	pʰɔ3	pʰə3	pʰo3
605	鲍		效开二上巧并	pʰau5	pʰau6	pʰau6	pʰau6	pau4	pʰau4	pʰɒ6	pʰɔ2	pʰɔ6	pɔ5	pɔ6	pʰə5	pʰo6
606	鉋	~刀	效开二去效并	pʰau5	pʰau6	pʰau6	pʰau6	pau6	pʰau6	pʰɒ6	pʰɔ6	pʰɔ6	pʰɔ6	pʰɔ6	pʰə5	pʰo6
607	猫		效开二平肴明	miã1	mau1	mau1	mau1	miau1	biau1	miã1	miɔ̃1	bɔ1	miɔ̃1	miɔ1	mə1	myɛ1
608	卯	~时	效开二上巧明	miəu3	mau3	mau3	mau3	mau5	bau4	bɒ4	mɔ3	bɔ4	mɔ3	mɔ3	mə3	mo3
609	貌		效开二去效明	mau5	mau6	mau6	mau6	mau6	bau6	bɒ6	mɔ6	bɔ6	mɔ6	mɔ6	mə5	mo6
610	闹		效开二去效泥	lau5	lau6	lau6	lau6	lau6	lau6	lɒ6	lɔ6	lɔ6	lɔ6	lɔ6	lə5	lo6
611	罩		效开二去效知	tʂau5	tʂaʳ5	tʂau5	tsau5	tsau5	tsau5	tsɒ5	tʃɔ5	tsɔ5	tʂɔ5	tɔ5	tʂə5	tʂo5
612	抓		效开二平肴庄	tʂau1	tʂau5	tsua1	tɕya1	tsa1	tsə1	tsɒ1	tʃɔ1	tsa1	tʂuɤ1	tua1	tʂua1	tʂuɐ1
613	爪		效开二上巧庄	tʂua3	tʂaʳ3	tsaʳ3	tsau3	tsau3	tsau3	tsɒ3	tʃɔ3	tsɔ3	tʂɔ3	tɔ3	tʂə3	tʂo3
614	找		效开二上巧庄	tʂau3	tʂau3	tsau3	tsau3	tsau3	tsau3	tsɒ3	tʃɔ3	tsɔ3	tʂɔ3	tɔ3	tʂə3	tʂo3
615	钞		效开二平肴初	tʂʰau1	tʂʰau1	tsʰau1	tsʰau1	tsʰau1	tsʰau1	tsʰɒ1	tʃʰɔ1	tsʰɔ1	tʂʰɔ1	tʰɔ1	tʂʰə1	tʂʰo1
616	炒		效开二上巧初	tʂʰau3	tʂʰau3	tsʰau3	tsʰau3	tsʰau3	tsʰau3	tsʰɒ3	tʃʰɔ3	tsʰɔ3	tʂʰɔ3	tʰɔ3	tʂʰə3	tʂʰo3
617	捎		效开二平肴生	ʃau1	ʂau1	sau1	sau1	ɕia1	sau1	sɒ1	ʃɔ1	sɔ1	ʃɔ1	ɕio1	ɕiə1	ɕyɛ1
618	交		效开二平肴见	kau1	kau1	kau1	kau1	kau1	kau1	kɒ1	kɔ1	kɔ1	kɔ1	kɔ1	kə1	ko1
619	绞		效开二上巧见	tɕiau3	tɕia3	tɕiau3	tɕio3	kau3	kau3	kɒ3	kɔ3	kɔ3	kɔ3	kɔ3	tʃə3	ko3
620	教	~育	效开二去效见	kau5	kau5	kau5	kau5	kau5	kau5	kɒ5	kɔ5	kɔ5	kɔ5	kɔ5	tʃə5	ko5
621	酵	发~	效开二去效见	xau5	xau5	xau5	xau5	xau5	xau5	kɒ5	xɔ5	xɔ5	xɔ5	xɔ5	ʃə5	ɕyɛ5
622	觉	睡~	效开二去效见	kau5	kau5	kau5	kau5	kau5	kau5	kɒ5	kɔ5	kɔ5	kɔ5	kɔ5	kə5	ko5
623	敲		效开二平肴溪	kʰau1	kʰau1	kʰau1	kʰau1	kʰau1	kʰau1	kʰɒ1	kʰɔ1	tɕʰiɔ1	kʰɔ1	kʰɔ1	tʃʰə1	kʰo1
624	巧		效开二上巧溪	tɕʰiau3	tɕʰia3	tɕʰiau3	tɕʰio3	kʰau3	kʰau3	kʰɒ3	kʰɔ3	tɕʰiɔ3	kʰɔ3	tɕʰio3	kʰə3	tɕʰyɛ3
625	咬		效开二上巧疑	ŋau3	ŋau3	ŋau3	ŋau3	ŋau4	ɡau4	ɡɒ4	ŋɔ3	ɡɔ4	ŋɔ3	ŋɔ3	ŋə3	ŋo3
626	孝		效开二去效晓	xau5	xau5	xau5	xau5	xau5	xau5	xɒ5	xɔ5	xɔ5	xɔ5	xɔ5	xə5	xo5
627	校	学~	效开二去效匣	xau5	xau6	xau6	xau6	xau6	xau6	xɒ6	xɔ6	xɔ6	xɔ6	xɔ6	xə5	xo6
628	坳		效开二平肴影	au5	ŋau5	ŋau5	ŋau3	au1	ŋau5	ɡɒ5	ŋɔ5	ɡɔ5	ŋɔ1	ŋɔ1	ŋə1	ŋo1
629	膘		效开三平宵帮	pia1	pia1	piau1	pio1	pia1	pia1	pio1	piɔ1	piɔ1	piɛ1	piɔ1	piə1	pyɛ1
630	表		效开三上小帮	pia3	pia3	piau3	pio3	pia3	pia3	pio3	piɔ3	piɔ3	piɛ3	piɔ3	piə3	pyɛ3
631	飘		效开三平宵滂	pʰia1	pʰia1	pʰiau1	pʰio1	pʰia1	pʰia1	pʰio1	pʰiɔ1	pʰiɔ1	pʰiɛ1	pʰiɔ1	pʰiə1	pʰyɛ1
632	漂	~衣服	效开三上小滂	pʰia3	pʰia3	pʰiau3	pʰio3	pʰia3	pʰia3	pʰio3	pʰiɔ3	pʰiɔ3	pʰiɛ3	pʰiɔ3	pʰiə3	pʰyɛ3
633	票		效开三去笑滂	pʰia5	pʰia5	pʰiau5	pʰio5	pʰia5	pʰia5	pʰio5	pʰiɔ5	pʰiɔ5	pʰiɛ5	pʰiɔ5	pʰiə5	pʰyɛ5
634	瓢		效开三平宵并	pʰia2	pʰia2	pʰiau2	pʰio2	pʰia2	pʰia2	pʰio2	pʰiɔ2	pʰiɔ2	pʰiɛ2	pʰiɔ2	pʰiə2	pʰyɛ2
635	苗		效开三平宵明	mia2	mia2	miau2	mio2	mia2	bia2	bio2	miɔ2	biɔ2	miɛ2	miɔ2	miə2	myɛ2
636	庙		效开三去笑明	mia5	mia6	miau6	mio6	mia6	bia6	bio6	miɔ6	biɔ6	miɛ6	miɔ6	miə5	myɛ6
637	疗		效开三去笑来	lia5	lia6	liau6	lio6	lia6	lia6	lio6	liɔ6	liɔ6	liɛ6	liɔ6	liə5	lyɛ5
638	椒		效开三平宵精	tsiau1	tsia1	tsiau1	tsio1	tsia1	tsia1	tsio1	tsiɔ1	tɕio1	tsiɛ1	tsiɔ1	tɕiə1	tɕyɛ1
639	剿		效开三上小精	tsiau3	tsia3	tsiau3	tsio3	tsia3	tsiau3	tsio3	tsiɔ3	tɕio3	tʃa3	tsiɔ3	tɕiə3	tɕyɛ3
640	锹		效开三平宵清	tsʰiəu1	tsʰiaʳ1	tsʰiaʳ1	tsʰio1	tsʰia1	tsʰau1	tsʰio1	tsʰiɔ1	tɕʰio1	tɕʰiɛ1	tsʰiɔ1	tɕʰiə1	tɕʰyɛ1
641	俏		效开三去笑清	tʃʰuʌu5	tsʰia5	tsʰiau5	tsʰio5	tsʰia5	tsʰia5	tsʰio5	tsʰiɔ5	tɕʰiɔ5	tɕʰiɛ5	tsʰiɔ5	tɕʰiə5	tɕʰyɛ5
642	销		效开三平宵心	sia1	sia1	siau1	sio1	sia1	sia1	sio1	siɔ1	ɕiɔ1	ɕiɛ1	siɔ1	ɕiə1	ɕyɛ1
643	小		效开三上小心	sia3	sia3	siau3	sio3	sia3	sia3	sio3	siɔ3	ɕiɔ3	ɕiɛ3	siɔ3	ɕiə3	ɕyɛ3
644	笑		效开三去笑心	sia5	sia5	siau5	sio5	sia5	sia5	sio5	siɔ5	ɕiɔ5	ɕiɛ5	siɔ5	ɕiə5	ɕyɛ5
645	朝	今~	效开三平宵知	tʃuʌu1	tɕia1	tɕiau1	tɕio1	tsa1	tsɒ1	tso1	tʃo1	tso1	tʃa1	tɕiɔ1	tʃə1	tɕyɛ1
646	超		效开三平宵彻	tʃʰuʌu1	tɕʰia1	tɕʰiau1	tɕʰio1	tsʰa1	tsʰɒ1	tsʰo1	tʃʰo1	tsʰo1	tʃʰa1	tɕʰiɔ1	tʃʰə1	tɕʰyɛ1
647	潮		效开三平宵澄	tʃʰuʌu2	tɕʰia2	tɕʰiau2	tɕʰio2	tsa2	tsʰɒ2	tsʰo2	tʃʰo2	tsʰo2	tʃʰa2	tɕʰiɔ2	tʃʰə2	tɕyɛ2
648	赵		效开三上小澄	tʃʰuʌu5	tɕʰia6	tɕʰiau6	tɕʰio6	tsʰa4	tsʰɒ4	tsʰo4	tʃʰo2	tsʰo4	tʃʰa6	tɕʰiɔ6	tʃʰə5	tɕyɛ6
649	招		效开三平宵章	tʃuʌu1	tɕia1	tɕiau1	tɕio1	tsa1	tsɒ1	tso1	tʃo1	tso1	tʃa1	tɕiɔ1	tʃə1	tɕyɛ1
650	沼		效开三上小章	tʃuʌu3	tɕia3	tɕiau3	tɕio3	tsa3	tsɒ3	tso3	tʃo3	tso3	tʃa3	tɕiɔ3	tʃə3	tɕyɛ3
651	照		效开三去笑章	tʃuʌu5	tɕia5	tɕiau5	tɕio5	tsa5	tsɒ5	tso5	tʃo5	tso5	tʃa5	tɕiɔ5	tʃə5	tɕyɛ5
652	烧		效开三平宵生	ʃuʌu1	ɕia1	ɕiau1	ɕio1	sa1	sɒ1	so1	ʃo1	so1	ʃa1	ɕiɔ1	ʃə1	ɕyɛ1
653	少	多~	效开三上小生	ʃuʌu3	ɕia3	ɕiau3	ɕio3	sa3	sɒ3	so3	ʃa3	so3	ʃa3	ɕiɔ3	ʃə3	ɕyɛ3
654	少	~年	效开三去笑生	ʃuʌu5	ɕia5	ɕiau5	ɕio5	sa5	sɒ5	so5	ʃo5	so5	ʃa5	ɕiɔ5	ʃə5	ɕyɛ5
655	绍		效开三上小禅	ʃuʌu5	ɕia6	ɕiau6	ɕio6	sa6	sɒ6	so6	ʃo5	so6	ʃa6	ɕiɔ6	ʃə5	ɕyɛ6
656	饶		效开三平宵日	yʌu2	ia2	iau2	io2	ȵia2	ȵiɒ2	ɡio2	ȵio2	ȵio2	ȵia2	iɔ2	iə2	ȵyɛ2
657	绕		效开三上小日	lau3	ia3	iau3	io3	ȵia4	ȵiɒ4	ɡio4	ȵio3	ȵio4	ȵia3	ȵiɔ3	iə3	ȵyɛ3
658	骄		效开三平宵见	tʃuʌu1	tɕia1	tɕiau1	tɕio1	tʃa1	tɕiɒ1	tɕio1	tʃo1	tɕio1	tʃa1	tɕiɔ1	tʃə1	tɕyɛ1
659	桥		效开三平宵群	tʃʰuʌu2	tɕʰia2	tɕʰiau2	tɕʰio2	tʃa2	tɕʰiɒ2	tɕʰio2	tʃʰo2	tɕʰio2	tʃʰa2	tɕʰiɔ2	tʃʰə2	tɕʰyɛ2
660	轿		效开三去笑群	tʃʰuʌu5	tɕʰia6	tɕʰiau6	tɕʰio6	tʃa6	tɕʰiɒ6	tɕʰio6	tʃʰo6	tɕʰio6	tʃʰa6	tɕʰiɔ6	tʃʰə5	tɕʰyɛ5
661	腰		效开三平宵影	yʌu1	ia1	iau1	io1	ia1	iɒ1	io1	iɔ1	io1	ia1	iɔ1	iə1	yɛ1
662	要	~求	效开三平宵影	yʌu1	sia1	iau1	io1	ia1	iɒ1	io1	iɔ1	io1	ia1	iɔ1	iə1	yɛ1
663	摇		效开三平宵以	yʌu2	ia2	iau2	io2	ia2	iɒ2	io2	iɔ2	iɔ2	ia2	iɔ2	iə2	yɛ2
664	舀		效开三上小以	yʌu3	ia3	iau3	io3	ia4	iɒ4	io4	iɔ3	io4	ia3	iɔ3	iə3	yɛ3
665	鹞		效开三去笑以	yʌu5	ia5	iau5	io5	iau6	iɒ6	io6	io6	io6	ia6	iɔ6	iə5	yɛ6
666	刁		效开四平萧端	tia1	tia1	tiau1	tio1	tia1	tia1	tio1	tiɔ1	tiɔ1	tiɛ1	tiɔ1	tiə1	tyɛ1
667	鸟		效开四上筱端	tia3	tia3	tiau3	tio3	lia4	lia4	lio4	lia3	liɔ4	tiɛ3	tiɔ3	tiə3	tyɛ3
668	钓		效开四去啸端	tia5	tia5	tiau5	tio5	tia5	tia5	tio5	tiɔ5	tiɔ5	tiɛ5	tiɔ5	tiə5	tyɛ5
669	挑		效开四平萧透	tʰia1	tʰia1	tʰiau1	tʰio1	tʰia1	tʰia1	tʰio1	tʰiɔ1	tʰiɔ1	tʰiɛ1	tʰiɔ1	tʰiə1	tʰyɛ1
670	跳		效开四去啸透	tʰia5	tʰia5	tʰiau5	tʰio5	tʰia5	tʰia5	tʰio5	tʰiɔ5	tʰiɔ5	tʰiɛ5	tʰiɔ5	tʰiə5	tʰyɛ5
671	条		效开四平萧定	tʰia2	tʰia2	tʰiau2	tʰio2	tʰia2	tʰia2	tʰio2	tʰiɔ2	tʰiɔ2	tʰiɛ2	tʰiɔ2	tʰiə2	tʰyɛ2
672	调	~动	效开四去啸定	tia5	tia5	tiau5	tʰio6	tʰia6	tʰia6	tʰio6	tʰiɔ6	tʰiɔ6	tiɛ5	tiɔ6	tiə5	tʰyɛ6
673	尿		效开四去啸娘	si1	sei1	sei1	sei1	sɿ1	si1	si1	si1	ɕi1	si1	ȵiɔ6	ȵiə5	ɕi1
674	了	~结	效开四上筱来	liau3	lia3	liau3	lio3	lia4	lia4	lio4	liɔ3	liɔ4	liɛ3	liɔ3	liə3	lyɛ3
675	料		效开四去啸来	liau5	lia6	liau6	lio6	lia6	lia6	lio6	liɔ6	niɔ6	liɛ6	liɔ6	liə5	lyɛ6
676	萧		效开四平萧心	sia1	sia1	siau1	sio1	sia1	sia1	sio1	sia1	ɕiɔ1	siɛ1	siɔ1	ɕiə1	ɕyɛ1
677	浇		效开四平萧见	tʃuʌu1	tɕia1	tɕiau1	tɕio1	tʃa1	tɕiɒ1	tɕio1	tʃo1	tɕio1	tʃa1	tɕiɔ1	tʃə1	tɕyɛ1
678	缴		效开四上筱见	tʃuʌu3	tɕia3	tɕiau3	tɕio3	tʃa3	tɕiɒ3	tɕio3	tʃo3	tɕio3	tʃa3	tɕiɔ3	tʃə3	tɕyɛ3
679	叫		效开四去啸见	tʃuʌu5	tɕia5	tɕiau5	tɕio5	tʃa5	tɕiɒ5	tɕio5	tʃo5	tɕio5	tʃa5	tɕiɔ5	tʃə5	tɕyɛ5
680	窍		效开四去啸溪	tʃʰuʌu5	tɕʰia5	tɕʰiau5	tɕʰio5	kʰau5	tɕʰiɒ5	kʰo5	tʃʰɔ5	tɕʰio5	tʃʰa5	tɕʰiɔ5	tʃʰə5	tɕʰyɛ5
681	晓		效开四上筱晓	ʃuʌu3	ɕia3	ɕiau3	ɕio3	ʃa3	ɕiɒ3	ɕio3	ʃo3	ɕio3	ʃa3	ɕiɔ3	ʃə3	ɕyɛ3
682	某		流开一上厚明	mo3	miəu3	mau3	miau3	mɐ4	bə4	bu4	mɔ3	bu4	mu3	miɔ3	miə3	məu3
683	亩		流开一上厚明	mo3	miəu3	mau3	mu3	mu4	bu4	bu4	mu3	bu4	mu3	miɔ3	miə3	mu3
684	母		流开一上厚明	mo3	mu3	mu3	mu3	mu4	bu4	bu4	mu3	bu4	mu3	mu3	mu3	mu3
685	戊		流开一去候明	mo5	u6	u6	u6	u6	vu6	vu6	vu6	vu6	vu6	u6	u5	vu6
686	茂		流开一去候明	mau5	mau6	mau6	miau6	ma6	bə6	bɒ6	ma6	ba6	mɯ6	mɔ6	miə5	miəu6
687	兜		流开一平候端	tiəu1	tiəu1	taʳ1	tiau1	tæi1	tə1	ta1	ta1	ta1	tɯ1	tiɔ1	tiə1	ty1
688	斗	升~	流开一上厚端	tiəu3	tiəu3	tau3	tiau3	tæi3	tə3	ta3	ta3	ta3	tɯ3	tiɔ3	tiə3	ty3
689	斗	~争	流开一去候端	tiəu5	tiəu5	tau5	tiau5	tæi5	tə5	ta5	ta5	ta5	tɯ5	tiɔ5	tiə5	ty5
690	偷		流开一平候透	tʰiəu1	tʰiəu1	tʰau1	tʰiau1	tʰæi1	tʰə1	tʰa1	tʰa1	tʰa1	tʰɯ1	tʰiɔ1	tʰiə1	tʰy1
691	透		流开一去候透	tʰiəu5	tʰiəu5	tʰau5	tʰiau5	tʰæi5	tʰə5	tʰa5	tʰa5	tʰa5	tʰɯ5	tʰiɔ5	tʰə5	tʰy5
692	头		流开一平候定	tʰiəu2	tʰiəu2	tʰau2	tʰiau2	tʰæi2	tʰə2	tʰa2/tʰə2	tʰa2	tʰa2	tʰɯ2	tʰiɔ2	tʰiə2	tʰy2
693	豆		流开一去候定	tʰiəu5	tʰiəʳ5	tʰaʳ6	tʰiau6	tʰæi6	tʰə6	tʰa6	tʰa6	tʰa6	tʰɯ6	tʰiɔ6	tʰiə5	tʰy6
694	楼		流开一平候来	liəu2	liəu2	lau2	liau2	læi2	lə2	la2	la2	la2	lɯ2	liɔ2	liə2	ly2
695	篓		流开一上厚来	liəu3	liəu3	laʳ3	liau3	læi4	lə4	la4	la3	la4	lɯ3	liɔ3	lə3	ly3
696	漏		流开一去候来	liəu5	liəu6	lau6	liau6	læi6	lə6	la6	la6	la6	lɯ6	liɔ6	liə5	ly6
697	走		流开一上厚精	tsau3	tsau3	tsau3	tsiau3	tsæi3	tsə3	tsa3	tsa3	tsa3	tsɯ3	tsiɔ3	tɕiə3	tɕy3
698	凑		流开一去候清	tsʰiəu5	tsʰəu5	tsʰau5	tsʰəu5	tsʰæi5	tsʰə5	tsʰa5	tsʰa5	tsʰa5	tsʰɯ5	tsʰiɔ5	tɕʰiə5	tɕʰy5
699	勾		流开一平候见	kiau1	tɕiəu1	kau1	tɕiau1	tʃæi1	tɕiə1	tɕia1	tɕia1	tɕia1	tɕiɯ1	tɕiɔ1	kə1	tɕy1
700	狗		流开一上厚见	tɕiəu3	tɕiəu3	kau3	tɕiau3	tʃæi3	tɕiə3	tɕia3	tɕia3	tɕia3	tɕiɯ3	tɕiɔ3	tʃə3	tɕy3
701	够		流开一去候见	tɕiəu5	tɕiəu5	kau5	tɕiau5	tʃæi5	tɕiə5	tɕia5	tɕia5	tɕia5	tɕiɯ5	kɔ5	kə5	ky5
702	口		流开一上厚溪	tɕʰiəu3	tɕʰiəu3	kʰau3	kʰiau3	tʃʰæi3	tɕʰiə3	tɕʰia3	tɕʰia3	tɕʰia3	tɕʰiɯ3	tɕʰiɔ3	kʰə3	kʰy3
703	扣		流开一去候溪	tɕʰiəu5	tɕʰiəu5	kʰau5	kʰiau5	tʃʰæi5	tɕʰiə5	tɕʰia5	tɕʰia5	tɕʰia5	kʰɯ5	tɕʰiɔ5	kʰə5	kʰy5
704	藕		流开一上厚疑	əu3	iəu3	ŋau3	ŋau3	ŋæi3	ȵiə3	ɡia3	ȵia3	ȵia3	ȵiɯ3	ȵiɔ3	ȵiə3	ŋəu3
705	猴		流开一平候匣	ɕiəu2	ɕiəʳ2	xaʳ2	xau2	ʃæi2	ɕiə2	ɕia2	ɕia2	ɕia2	ɕiɯ2	ɕiɔ2	əx2	ɕy2
706	后	以~	流开一上厚匣	ɕiəu5	ɕiəu6	xau6	xau6	ʃæi4	ɕiə4	ɕia4	ɕia2	ɕia4	ɕiɯ6	ɕiɔ6	ʃə5	ɕy6
707	厚		流开一上厚匣	ɕiəu5	ɕiəu6	xau6	xau6	ʃæi4	ɕiə4	ɕia4	ɕia2	ɕia4	ɕiɯ6	ɕiɔ6	ʃə5	ɕy6
708	候		流开一去候匣	xəu5	ɕiəu6	xau6	xau6	ʃæi6	ɕiə6	ɕia6	ɕia6	ɕia6	ɕiɯ6	ɕiɔ6	xə5	ɕy6
709	呕	~吐	流开一上厚影	əu3	əu3	ŋau3	ŋau3	ŋæi3	ɡə3	ɡɘ3	ŋy3	ɡy3	ŋɯ3	ŋɔ3	ŋə3	ŋəu3
710	富		流开三去宥非	fu5	fu5	fu5	fu5	fu5	fu5	fu5	fu5	fu5	fu5	fu5	fu5	fu5
711	副		流开三去宥敷	fu5	fu5	fu5	fu5	fu5	fu5	fu5	fu5	fu5	fu5	fu5	fu5	fu5
712	浮		流开三平尤奉	fu2	fiəu2	fau2	fau2	fu2	fə2	fa2	fa2	fu2	fu2	fa2	fu2	fu2
713	妇		流开三上有奉	fu5	fu6	fu6	fu6	fu4	fu4	fu4	fu2	fu4	fu6	fu6	fu5	fu6
714	谋		流开三平尤明	məu2	miəu2	mau2	miau2	mɐ2	bə2	bɘ2	ma2	bu2	mɯ2	miɔ2	miə2	məu2
715	矛		流开三平尤明	mau2	mau2	mau2	mau2	mau2	bɒ2	bɒ2	mɔ2	ba2	mɔ2	mɔ2	mə2	mo2
716	流		流开三平尤来	liəu2	liəu2	liəu2	liəu2	læi2	lə2	la2	la2	la2	lɯ2	lio2	liə2	ly2
717	刘		流开三平尤来	liəu2	liəu2	liəu2	liəu2	læi2	lə2	la2	la2	la2	lɯ2	lio2	liə2	ly2
718	柳		流开三上有来	liəu3	liəu3	liəu3	liəu3	læi4	lə4	la4	la3	la4	lɯ3	lio3	liə3	ly3
719	廖		流开三去宥来	lia5	lia6	liau6	lio6	lia6	lia6	liɒ6	liɔ6	liɔ6	liɛ6	lio6	liə5	lyɛ6
720	酒		流开三上有精	tsiəu3	tsiəu3	tsiəu3	tsiəu3	tsæi3	tsə3	tsa3	tsa3	tsa3	tsɯ3	tsio3	tɕiu3	tɕy3
721	秋		流开三平尤清	tsʰiəu1	tsʰiəu1	tsʰiəu1	tsʰiəu1	tsʰæi1	tsʰə1	tsʰa1	tsʰa1	tsʰa1	tsʰɯ1	tsʰio1	tɕʰiu1	tɕʰy1
722	就		流开三去宥从	tsʰiəu5	tsʰiəu6	tsʰiəu6	tsʰiəu6	tsʰæi6	tsʰə6	tsʰa6	tsʰa6	tsʰa6	tɕʰiɯ6	tsʰio6	tɕʰiu5	tɕʰy6
723	修		流开三平尤心	siəu1	siəu1	siəu1	siəu1	sæi1	sə1	sa1	sa1	sa1	sɯ1	sio1	ɕiu1	ɕy1
724	锈		流开三去宥心	siəu5	siəu5	siəu5	siəu5	sæi5	sə5	sa5	sa5	sa5	sɯ5	sio5	ɕiu5	ɕy5
725	袖		流开三去宥邪	tsʰiəu5	tsʰiəu5	tsʰiəu6	siəu6	tsʰæi6	tsʰə6	tsʰa6	tsʰa6	tsʰa6	tsʰɯ6	tsʰio6	tɕʰiu5	tɕʰy6
726	昼		流开三去宥知	tɕiəu5	tɕiəu5	tɕiəu5	tɕiəu5	tsæi5	tsə5	tsa5	tɕia5	tsa5	tɕiɯ5	tɕio5	tʃu5	tɕy5
727	抽		流开三平尤彻	tɕʰiəu1	tɕʰiəu1	tɕʰiəu1	tɕʰiəu1	tsʰæi1	tsʰə1	tsʰa1	tɕʰia1	tsʰa1	tɕʰiɯ1	tɕʰio1	tʃʰu1	tɕʰy1
728	丑	~时	流开三上有彻	tɕʰiəu3	tɕʰiəu3	tɕʰiəu3	tɕʰiəu3	tsʰæi3	tsʰə3	tsʰa3	tɕʰia3	tsʰa3	tɕʰiɯ3	tɕʰio3	tʃʰu3	tɕʰy3
729	绸		流开三平尤澄	tɕʰiəu2	tɕʰiəu2	tɕʰiəu2	tɕʰiəu2	tsʰæi2	tsʰə2	tsʰa2	tɕʰia2	tsʰa2	tɕʰiɯ2	tɕʰio2	tʃʰu2	tɕʰy2
730	绉		流开三去宥庄	tsəu5	tɕiəu5	tsəu5	tɕiau5	tsæi5	tsə5	tsa5	tsa5	tsa5	tsɯ5	tɕio5	tɕiu5	tɕy5
731	愁		流开三平尤崇	tɕʰiəu2	tɕʰiəu2	ɕiəu2	tɕʰiəu2	tsʰæi2	tsʰə2	tsʰa2	tsʰa2	tsʰa2	tɕʰiɯ2	tɕʰio2	tɕʰiu2	tɕʰy2
732	搜		流开三平尤生	ɕiəu1	ɕiəu1	ʂau1	ɕiau1	sæi1	sə1	sa1	sa1	sa1	sɯ1	ɕio1	ʃə1	ʂəu1
733	瘦		流开三去宥生	ɕiəu5	ɕiəu5	ɕiau5	ɕiau5	sæi5	sə5	sa5	ɕia5	sa5	ɕiɯ5	ɕio5	ʃə5	ʂəu5
734	周		流开三平尤章	tɕiəu1	tɕiəu1	tɕiəu1	tɕiau1	tsæi1	tsə1	tsa1	tɕia1	tsa1	tɕiɯ1	tɕio1	tʃu1	tɕy1
735	州		流开三平尤章	tɕiəu1	tɕiəu1	tɕiəu1	tɕiau1	tsæi1	tsə1	tsa1	tsa1	tsa1	tɕiɯ1	tɕio1	tʃu1	tɕy1
736	帚		流开三上有章	tɕiəu3	tɕiəu3	tɕiəu3	tɕiau3	tsæi3	tsə3	tsa3	tɕia3	tsa3	tɕiɯ3	tɕio3	tʃu3	tɕy3
737	咒		流开三去宥章	tsəu5	tɕiəu5	tɕiəu5	tɕiəu5	tsæi5	tsə5	tsa5	tɕia5	tsa5	tɕiɯ5	tɕio5	tʃu5	tɕy5
738	臭	香~	流开三去宥昌	tɕʰiəu5	tɕʰiəu5	tɕʰiəu5	tɕʰiəu5	tsʰæi5	tsʰə5	tsʰa5	tɕʰia5	tsʰa5	tɕʰiɯ5	tɕʰio5	tʃʰə5	tɕʰy5
739	收		流开三平尤书	ɕiəu1	ɕiəu1	ɕiəu1	ɕiau1	sæi1	sə1	sa1	ɕia1	sa1	ɕiɯ1	ɕio1	ʃu1	ɕy1
740	手		流开三上有书	ɕiəu3	ɕiəu3	ɕiəu3	ɕiəu3	sæi3	sə3	sa3	ɕia3	sa3	ɕiɯ3	ɕio3	ʃu3	ɕy3
741	兽		流开三去宥书	ɕiəu5	ɕiəu5	ɕiəu5	ɕiəu5	sæi5	sə5	sa5	ɕia5	sa5	ɕiɯ5	ɕio5	ʃu5	ɕy5
742	仇		流开三平尤禅	tɕʰiəu2	tɕʰiəu2	tɕʰiəu2	tɕʰiəu2	tsʰæi2	tsʰə2	tsʰa2	tɕʰia2	tsʰa2	tɕʰiɯ2	tɕʰio2	tʃʰu2	tɕʰy2
743	受		流开三上有禅	ɕiəu5	ɕiəu5	ɕiəu6	ɕiəu6	sæi4	sə4	sa4	ɕia2	sa4	ɕiɯ6	ɕio6	ʃu5	ɕy6
744	寿		流开三去宥禅	ɕiəu5	ɕiəu6	ɕiəu6	ɕiəu6	sæi6	sə6	sa6	ɕia6	sa6	ɕiɯ6	ɕio6	ʃu5	ɕy6
745	柔		流开三平尤日	ləu2	iəu2	iəu2	liəu2	ȵiæi2	ȵiə2	ɡia2	ȵia2	ȵia2	ȵiɯ2	lu2	iu1	y1
746	阄		流开三平尤见	tɕiəu1	tɕiəu1	kaʳ1	tɕiəu1	tʃæi1	tɕiə1	tɕia1	tɕia1	tɕia1	tɕiɯ1	tɕio1	tʃu1	tɕy1
747	九		流开三上有见	tɕiəu3	tɕiəu3	tɕiəu3	tɕiəu3	tʃæi3	tɕiə3	tɕia3	tɕia3	tɕia3	tɕiɯ3	tɕio3	tʃu3	tɕy3
748	救		流开三去宥见	tɕiəu5	tɕiəu5	tɕiəu5	tɕiəu5	tʃæi5	tɕiə5	tɕia5	tɕia5	tɕia5	tɕiɯ5	tɕio5	tʃu5	tɕy5
749	丘		流开三平尤溪	tɕʰiəu1	tɕʰiəu1	kʰau1	tɕʰiəu1	tʃʰæi1	tɕʰiə1	tɕʰia1	tɕʰia1	tɕʰia1	tɕʰiɯ1	tɕʰio1	tʃʰu1	tɕʰy1
750	求		流开三平尤群	tɕʰiəu2	tɕʰiəu2	tɕʰiəu2	tɕʰiəu2	tʃʰæi2	tɕʰiə2	tɕʰia2	tɕʰia2	tɕʰia2	tɕʰiɯ2	tɕʰio2	tʃʰu1	tɕʰy1
751	舅		流开三上有群	tɕʰiəu5	tɕʰiəu6	tɕʰiəu6	tɕʰiəu6	tʃʰæi4	tɕʰiə4	tɕʰia4	tɕʰia2	tɕʰia4	tɕʰiɯ6	tɕʰio6	tʃʰu5	tɕʰy6
752	旧		流开三去宥群	tɕʰiəu5	tɕʰiəu6	tɕʰiəu6	tɕʰiəu6	tʃʰæi6	tɕʰiə6	tɕʰia6	tɕʰia6	tɕʰia6	tɕʰiɯ6	tɕʰio6	tʃʰu5	tɕʰy6
753	牛		流开三平尤疑	iəu2	iəu2	iəu2	iəu2	ȵiæi2	ȵiə2	ɡia2	ȵia2	ȵia2	ȵiɯ2	ȵio2	ȵiu2	ȵy2
754	休		流开三平尤晓	ɕiəu1	ɕiəu1	ɕiəu1	ɕiəu1	ʃæi1	ɕiə1	ɕia1	ɕia1	ɕia1	sɯ1	ɕio1	ʃu1	ɕy1
755	优		流开三平尤影	iəu1	iəu1	iəu1	iəu1	iæi1	iə1	ia1	ia1	ia1	iɯ1	io1	iu1	y1
756	有		流开三上有云	iəu3	iəu3	iəu3	iəu3	iæi4	iə4	ia4	ia3	ia4	iɯ3	io3	iu3	y3
757	友		流开三上有云	iəu3	iəu3	iəu3	iəu3	iæi4	iə4	ia4	ia3	ia4	iɯ3	io3	iu3	y3
758	右		流开三去宥云	iəu5	iəu6	iəu6	iəu6	iæi6	iə6	ia6	ia6	ia6	iɯ6	io6	fu5	y6
759	油		流开三平尤以	iəu2	iəu2	iəu2	iəu2	iæi2	iə2	ia2	ia2	ia2	iɯ2	io2	iu2	y2
760	酉	~时	流开三上有以	iəu3	iəu3	iəu3	iəu3	iæi3	iə3	ia3	ia3	ia3	iɯ3	io3	iu3	y3
761	釉		流开三去宥以	iəu5	iəu6	iəu6	iəu6	iæi6	iə6	ia6	ia6	ia6	iɯ6	io6	iu5	y6
762	彪		流开三平幽帮	pia1	pia1	piau1	pio1	pia1	pia1	pio1	piɔ1	piɔ1	piɛ1	piɔ1	piə1	piɛ1
763	丢		流开三平幽端	tiəu1	tiəu1	tiəu1	tiəu1	tiæi1	tiə1	tia1	tia1	tia1	tɯ1	tio1	tiə1	ty1
764	幼		流开三去幼影	iəu5	iəu5	iəu5	iəu5	iæi5	iə5	ia5	ia5	ia5	iɯ5	io5	iu5	y5
765	耽		咸开一平覃端	tuʌ̃1	tõ1	tuo1	to1	tã1	tõ1	tum1	tũ1	tum1	tʌ̃1	tã1	tã1	tã1
766	贪		咸开一平覃透	tʰuʌ̃1	tʰõ1	tʰuo1	tʰɛn1	tʰã1	tʰõ1	tʰum1	tʰũ1	tʰum1	tʰʌ̃1	tʰã1	tʰã1	tʰã1
767	探		咸开一去勘透	tʰuʌ̃5	tʰõ5	tʰuo5	tʰo5	tʰã5	tʰõ5	tʰum5	tʰũ5	tʰã5	tʰʌ̃5	tʰã5	tʰã5	tʰã5
768	潭		咸开一平覃定	tʰuʌ̃2	tʰaŋ2	tʰɛn2	tʰo2	tʰã2	tʰõ2	tʰum2	tʰɔ̃2	tʰã2	tʰõ2	tʰɔ̃2	tʰã2	tʰõ2
769	南		咸开一平覃泥	nuʌ̃2	nõ2	nuo2	lo2	lã2	nõ2	lum2	nũ2	num2	nʌ̃2	la2	lã2	lã2
770	男		咸开一平覃泥	nuʌ̃2	lən2	nɛn2	lɛn2	lã2	nõ2	lum2	nũ2	num2	nʌ̃2	la2	lã2	lã2
771	参	~加	咸开一平覃清	tsʰuʌ̃1	tsʰõ1	tsʰuo1	tsʰo1	tsʰã1	tsʰõ1	tsʰum1	tsʰũ1	tsʰum1	tsʰʌ̃1	tsʰã1	tsʰã1	tsʰã1
772	惨		咸开一上感清	tsʰuʌ̃3	tsʰõ3	tsʰuo3	tsʰo3	tsʰã3	tsʰõ3	tsʰum3	tsʰũ3	tsʰum3	tsʰʌ̃3	tsʰã3	tsʰã3	tsʰã3
773	蚕		咸开一平覃从	tsʰuʌ̃2	tsʰən2	tsʰɛn2	tsʰɛn2	tsʰã2	tsʰõ2	tsʰum2	tsʰũ2	tsʰã2	tsʰʌ̃2	tsʰɔ2	tsʰõ2	tsʰã2
774	感		咸开一上感见	kɤ̃3	kən3	kɛn3	kɛn3	kã3	kõ3	kẽ3	kũ3	kum3	kʌ̃3	kã3	kã3	kã3
775	含		咸开一平覃匣	xɤ̃2	xən2	xɛn2	xɛn2	xã2	xəŋ2	xum2	xɛn2	xum2	xʌ̃2	xɔ2	xã2	xæ̃2
776	庵		咸开一平覃影	ŋɤ̃1	ŋən1	ŋiɛn1	ŋiɛn1	ŋã1	ŋõ1	ŋẽ1	m̩1	ŋum1	ŋʌ̃1	ŋã1	ã1	ŋã1
777	揞		咸开一上感影	ŋɤ̃5	ŋən5	ŋiɛn5	ŋiɛn5	ũ3	ũ3	m̩5	m̩5	ŋɛn5	vʌ̃3	ŋã3	ŋã3	ŋã3
778	暗		咸开一去勘影	ŋɤ̃5	ŋən5	ŋiɛn5	ŋiɛn5	ŋəŋ5	ŋəŋ5	uæ̃5	ŋɛn5	ŋɛn5	ŋẽ5	uɔ5	ŋõ5/õ5	ŋæ̃5
779	担	~任	咸开一平谈端	tuʌ̃1	tõ1	tuo1	to1	tã1	tõ1	tum1	tũ1	tum1	tʌ̃1	tã1	tã1	tã1
780	胆		咸开一上敢端	tuʌ̃3	tõ3	tuo3	to3	tã3	tõ3	tum3	tũ3	tum3	tʌ̃3	tã3	tã3	tã3
781	担	挑~	咸开一去阚端	tuʌ̃5	tõ5	tuo5	to5	tã5	tõ5	tum5	tũ5	tum5	tʌ̃5	tã5	tã5	tã5
782	毯		咸开一上敢透	tʰuʌ̃3	tʰõ3	tʰuo3	tʰo3	tʰã3	tʰõ3	tʰum3	tʰũ3	tʰum3	tʰʌ̃3	tʰã3	tʰã3	tʰã3
783	痰		咸开一平谈定	tʰuʌ̃2	tʰaŋ2	tʰuo2	tʰo2	tʰã2	tʰõ2	tʰum2	tʰũ2	tʰum2	tʰʌ̃2	tʰã2	tʰã2	tʰã2
784	淡		咸开一上敢定	tʰuʌ̃5	tʰõ6	tʰuo6	tʰo6	tã4	tʰõ4	tʰum4	tʰũ2	tʰum4	tʰʌ̃6	tʰã6	tʰã5	tʰã6
785	篮		咸开一平谈来	nuʌ̃2	nõ2	nuo2	lo2	lã2	nõ2	lum2	nũ2	num2	nʌ̃2	lã2	lã2	lã2
786	錾		咸开一去阚从	tsʰɤ̃5	tsʰõ6	tsʰɛn6	tsʰo6	tsʰã6	tsʰõ6	tsʰum6	tsʰũ6	tsʰum6	tsʰʌ̃6	tsʰã6	tsʰã5	tsʰã5
787	三		咸开一平谈心	suʌ̃1	sõ1	suo1	so1	sã1	sõ1	sum1	sũ1	sum1	sʌ̃1	sã1	sã1	sã1
788	甘		咸开一平谈见	kɤ̃1	kiɛn1	kɛn1	kɛn1	kã1	kõ1	kum1	kũ1	kum1	kʌ̃1	kõ1	kã1	kã1
789	敢		咸开一上敢见	kɤ̃3	kiɛn3	kɛn3	kɛn3	kã3	kõ3	kẽ3	kũ3	kum3	kʌ̃3	kã3	kã3	kã3
790	喊		咸开一上敢晓	xɤ̃3	xən3	xɛn3	xɛn3	xã3	xõ3	xum3	xũ3	xã3	xʌ̃3	xã3	xã3	xã3
791	赚		咸开二去陷澄	tsʰɤ̃5	tɕʰyĩ6	tɕʰyi6	tsʰɛn6	tsʰũ6	tsʰũ6	tsʰum6	tʃʰũ6	tsʰum6	tʂʰõ6	tɕʰyɛ6	tʂʰuã5	tʂʰõ6
792	站	车~	咸开二去陷澄	tʂuʌ̃5	tsaŋ5	tʂuo5	tso5	tsã5	tsõ5	tsum5	tʃũ5	tsum5	tsʌ̃5	tsã5	tsã5	tsã5
793	斩		咸开二上濂照	tʂuʌ̃3	tʂõ3	tʂuo3	tso3	tsã3	tsõ3	tsum3	tʃũ3	tsum3	tʂʌ̃3	tsã3	tʂuã3	tʂã3
794	杉		咸开二平咸审	ʂuʌ̃1	ʂõ1	ʂuo1	so1	sã1	sõ1	sum1	ʃũ1	sum1	ʃʌ̃1	ɕia1	ʂã1	ʂã1
795	减		咸开二上濂见	tɕiɛ̃3	kõ3	kuo3	ko3	kã3	kõ3	kẽ3	kũ3	kum3	kʌ̃3	kã3	kã3	kã3
796	咸		咸开二平咸匣	xuʌ̃2	xõ2	xuo2	xo2	xã2	xũ2	xẽ2	xũ2	xum2	xʌ̃2	xã2	xã2	xã2
797	陷		咸开二去陷匣	ɕiɛ̃5	xən6	xuo6	xo6	xã6	xõ6	xẽ6	xũ6	xum6	xʌ̃6	xã6	xã5	xã6
798	衫		咸开二平衔生	ʂuʌ̃1	ʂõ1	ʂuo1	so1	sã1	sõ1	sum1	ʃũ1	sum1	ʃʌ̃1	ɕiã1	ʂuã1	ʂã1
799	监		咸开二平衔见	tɕiɛ̃1	tɕi1	kuo1	ko1	kã1	kõ1	kẽ1	kũ1	kum1	kʌ̃1	kã1	kã1	tɕiɛ̃1
800	嵌		咸开二平衔溪	tɕʰiɛ̃5	tɕʰi5	kʰuo1	tɕʰĩ5	kʰã5	kʰõ1	tɕʰi5	kʰũ5	kʰum5	kʰẽ5	kʰã5	tɕʰiɛ̃5	kʰã5
801	岩		咸开二平衔疑	iɛ̃2	ŋõ2	ŋuo2	ŋo2	ŋã2	ŋõ2	ȵĩ2	ŋũ2	num2	ŋʌ̃2	ŋã2	ŋã2	ŋã2
802	衔		咸开二平衔匣	ɕiɛ̃2	ɕĩ2	xuo2	xɛn2	xã2	xõ2	xum2	xũ2	xum2	xʌ̃2	xã2	xã2	xæ̃2
803	舰		咸开二上槛匣	tɕiɛ̃5	tɕĩ5	kʰuo6	tɕĩ5	tʃĩ5	kõ5	tɕĩ5	tɕĩ5	tɕĩ5	kʰʌ̃6	tɕĩ5	tɕiɛ̃5	tɕiɛ̃5
804	黏		咸开三平盐泥	niɛ̃2	nĩ2	ni2	nĩ2	nĩ2	nĩ2	nĩ2	nĩ2	nĩ2	ȵiɛ̃2	ȵiɛ1	liɛ̃2	liɛ̃2
805	镰		咸开三平盐来	niɛ̃2	nĩ2	ni2	nĩ2	nĩ2	nĩ2	nĩ2	nĩ2	nĩ2	nã2	li2	liɛ̃2	liɛ̃2
806	殓		咸开三去艳来	niɛ̃5	nĩ6	ni6	nĩ6	nĩ6	nĩ6	nĩ6	nĩ6	nĩ6	nã6	li6	liɛ̃5	liɛ̃6
807	尖		咸开三平盐精	tsiɛ̃1	tsĩ1	tsi1	tsĩ1	tsĩ1	tsĩ1	tsĩ1	tsĩ1	tsĩ1	tsã1	tsĩ1	tɕiɛ̃1	tɕiɛ̃1
808	签		咸开三平盐清	tsʰiɛ̃1	tsʰĩ1	tsʰi1	tsʰĩ1	tsʰĩ1	tsʰĩ1	tsʰĩ1	tsʰĩ1	tsʰĩ1	tsʰã1	tsʰĩ1	tɕʰiɛ̃1	tɕʰiɛ̃1
809	渐		咸开三上琰从	tsʰiɛ̃5	tsʰiɛn6	tsʰi6	tsʰĩ6	tsʰĩ4	tsʰĩ6	tsʰĩ6	tsʰɛn6	tsʰĩ6	tɕʰiɛ̃6	tsʰĩ6	tɕʰiɛ̃5	tɕʰiɛ̃6
810	沾		咸开三平盐知	tɕiɛ̃1	tɕĩ1	tɕi1	tɕĩ1	tsĩ1	tsĩ1	tɕĩ1	tɕĩ1	tsĩ1	tɕiɛ̃1	tɕiɛ1	tɕiɛ̃1	tɕiɛ̃1
811	占	~领	咸开三去艳章	tɕiɛ̃5	tɕiaŋ5	tɕi5	tɕĩ5	tsĩ5	tsĩ5	tɕĩ5	tɕĩ5	tsĩ5	tɕiɛ̃5	tɕiɛ5	tɕiɛ̃5	tɕiɛ̃5
812	陕		咸开三上琰书	ɕiɛ̃3	ʂã3	ɕi3	ɕĩ3	sã3	sĩ3	ɕĩ3	ɕĩ3	sĩ3	ɕiɛ̃3	ɕiɛ̃3	ɕiɛ̃3	ɕiɛ̃3
813	闪		咸开三上琰书	ɕiɛ̃3	ʂã3	ɕi3	ɕĩ3	sĩ3	sĩ3	ɕĩ3	ɕĩ3	sĩ3	sã3	ɕiɛ̃3	ɕiɛ̃3	ɕiɛ̃3
814	染		咸开三上琰日	iɛ̃3	ĩ3	ȵi3	ĩ3	ȵĩ4	ȵĩ4	ȵĩ4	nĩ3	ȵĩ4	ȵiɛ̃3	ȵiɛ3	ȵiɛ̃3	ȵiɛ̃3
815	检		咸开三上琰见	tɕiɛ̃3	tɕĩ3	tɕi3	tɕĩ3	tʃĩ3	tɕĩ3	tɕĩ3	tɕĩ3	tɕĩ3	tɕiɛ̃3	tɕiɛ̃3	tɕiɛ̃3	tɕiɛ̃3
816	脸		咸开三上琰见	niɛ̃3	nĩ3	ni3	nĩ3	nĩ4	nĩ4	nĩ4	nĩ3	nĩ4	nã3	li3	liɛ̃3	liɛ̃3
817	钳		咸开三平盐群	tɕʰiɛ̃2	tɕʰĩ2	tɕʰi2	tɕʰĩ2	tʃʰĩ2	tɕʰĩ2	tɕʰĩ2	tɕʰĩ2	tɕʰĩ2	tɕʰiɛ̃2	tɕʰiɛ̃2	tɕʰiɛ̃2	tɕʰiɛ̃2
818	俭		咸开三上琰群	tɕʰiɛ̃5	tɕʰĩ6	tɕʰi6	tɕʰĩ6	tʃĩ4	tɕʰĩ4	tɕʰĩ4	tɕʰĩ6	tɕʰĩ4	tɕʰiɛ̃6	tɕʰiɛ̃6	tɕiɛ̃5	tɕiɛ̃6
819	验		咸开三去艳疑	iɛ̃5	ĩ6	ȵi6	ĩ6	ȵĩ6	ȵĩ6	ȵĩ6	ȵĩ6	ȵĩ6	ȵiɛ̃6	ȵiɛ̃6	ȵiɛ̃5	ȵiɛ̃6
820	险		咸开三上琰晓	ɕiɛ̃3	ɕĩ3	ɕi3	ɕĩ3	ʃĩ3	ɕĩ3	ɕĩ3	ɕĩ3	ɕĩ3	ɕiɛ̃3	ɕiɛ̃3	ɕiɛ̃3	ɕiɛ̃3
821	淹		咸开三平盐影	iɛ̃1	iɛn1	ȵi1	ĩ1	ĩ1	ĩ1	ĩ1	ĩ1	ĩ1	iɛ̃1	iɛ̃1	iɛ̃1	iɛ̃1
822	厌		咸开三去艳影	iɛ̃5	ĩ5	ȵi5	ĩ5	ĩ5	ĩ5	ĩ5	ĩ5	ĩ5	iɛ̃5	iɛ5	iɛ̃5	iɛ̃5
823	炎		咸开三平盐云	iɛ̃2	ĩ2	ȵi2	ĩ2	ĩ2	ĩ2	ĩ2	ĩ2	ĩ2	iɛ̃2	iɛ2	iɛ̃2	iɛ̃2
824	盐		咸开三平盐以	iɛ̃2	ĩ2	ȵi2	ĩ2	ĩ2	ĩ2	ĩ2	ĩ2	ĩ2	iɛ̃2	iɛ2	iɛ̃2	iɛ̃2
825	焰		咸开三去艳以	iɛ̃5	ĩ6	ȵi6	ĩ6	ĩ6	ĩ6	ĩ6	ĩ6	ĩ6	iɛ̃6	iɛ6	iɛ̃5	iɛ̃6
826	剑		咸开三去酽见	tɕiɛ̃5	tɕĩ5	tɕi5	tɕĩ5	tʃĩ5	tɕĩ5	tɕĩ5	tɕĩ5	tɕĩ5	tɕiɛ̃5	tsĩ5	tɕiɛ̃5	tɕiɛ̃5
827	欠		咸开三去酽溪	tɕʰiɛ̃5	tɕʰĩ5	tɕʰi5	tɕʰĩ5	tʃʰĩ5	tɕʰĩ5	tɕʰĩ5	tɕʰĩ5	tɕʰĩ5	tɕʰiɛ̃5	tɕʰiɛ5	tɕʰiɛ̃5	tɕʰiɛ̃5
828	严		咸开三平严疑	iɛ̃2	ĩ2	ȵi2	ĩ2	ȵĩ2	ȵĩ2	ȵĩ2	ȵĩ2	ȵĩ2	ȵiɛ̃2	ȵiɛ2	ȵiɛ̃2	ȵiɛ̃2
829	点		咸开四上忝端	tiɛ̃3	tĩ3	ti3	tĩ3	tĩ3	tĩ3	tĩ3	tĩ3	tĩ3	tã3	ti3	tiɛ̃3	tiɛ̃3
830	店		咸开四去掭端	tiɛ̃5	tĩ5	ti5	tĩ5	tĩ5	tĩ5	tĩ5	tĩ5	tĩ5	tã5	ti5	tiɛ̃5	tiɛ̃5
831	添		咸开四平添透	tʰiɛ̃1	tʰĩ1	tʰi1	tʰĩ1	tʰĩ1	tʰĩ1	tʰĩ1	tʰĩ1	tʰĩ1	tʰã1	tʰi1	tʰiɛ̃1	tʰiɛ̃1
832	舔		咸开四上忝透	tʰiɛ̃3	tʰĩ3	tʰi3	tʰĩ3	tʰĩ3	tʰĩ3	tʰĩ3	tʰĩ3	tʰĩ3	tʰã3	tʰi3	tʰiɛ̃3	tʰiɛ̃3
833	甜		咸开四平添定	tʰiɛ̃2	tʰĩ2	tʰi2	tʰĩ2	tĩ2	tʰĩ2	tʰĩ2	tʰĩ2	tʰĩ2	tʰã2	tʰi2	tʰiɛ̃2	tʰiɛ̃2
834	簟		咸开四上忝定	tʰiɛ̃5	tʰĩ6	tʰi6	tʰĩ6	tĩ4	tʰĩ4	tʰĩ4	tʰĩ2	tʰĩ4	tʰã6	tʰi6	tʰiɛ̃5	tʰiɛ̃5
835	念		咸开四去掭泥	niɛ̃5	nĩ6	ni6	nĩ6	nĩ6	nĩ6	nĩ6	nĩ6	ȵĩ6	nã6	ȵiɛ6	ȵiɛ̃5	ȵiɛ̃6
836	兼		咸开四平添见	tɕiɛ̃1	tɕĩ1	tɕi1	tɕĩ1	tʃĩ1	tɕĩ1	tɕĩ1	tɕĩ1	tɕĩ1	tɕiɛ̃1	tɕiɛ̃1	tɕiɛ̃1	tɕiɛ̃1
837	谦		咸开四平添溪	tɕʰiɛ̃1	tɕʰĩ1	tɕʰi1	tɕʰĩ1	tʃʰĩ1	tɕʰĩ1	tɕʰĩ1	tɕʰĩ1	tɕʰĩ1	tɕʰiɛ̃1	tɕʰiɛ̃1	tɕʰiɛ̃1	tɕʰiɛ̃1
838	嫌		咸开四平添匣	ɕiɛ̃2	ɕĩ2	ɕi2	ɕĩ2	ʃĩ2	ɕĩ2	ɕĩ2	ɕĩ2	ɕĩ2	ɕiɛ̃2	ɕiɛ̃2	ɕiɛ̃2	ɕiɛ̃2
839	泛		咸合三去梵敷	fuʌ5	fõ5	fuo5	fo5	fã5	fõ5	fum5	fũ5	fum5	fʌ̃5	fã5	fã5	fã5
840	凡		咸合三平凡奉	fuʌ2	fõ2	fuo2	fo2	fã2	fõ2	fum2	fũ2	fum2	fʌ̃2	fã2	fã2	fã2
841	帆		咸合三平凡奉	fuʌ̃1	fõ1	fuo1	fo1	fã1	fõ1	fum1	fũ1	fum1	fʌ̃1	fã1	fã1	fã1
842	范		咸合三上范奉	fuʌ̃5	fõ6	fuo6	fo6	fã4	fõ4	fum4	fũ2	fum4	fʌ̃6	fã6	fã5	fã6
843	犯		咸合三上范奉	fuʌ̃5	fõ6	fuo6	fo6	fã4	fõ4	fum4	fũ2	fum4	fʌ̃6	fã6	fã5	fã6
844	品		深开三上寝滂	pʰin3	pʰãi3	pʰɛn3	pʰɛn3	pʰɛn3	pʰɛn3	pʰæ̃3	pʰɛn3	pʰɛn3	pʰẽ3	pʰæ̃3	pʰin3	pʰẽ3
845	临		深开三平侵来	lin2	lən2	lɛn2	lɛn2	nɛn2	nɛn2	læ̃2	nɛn2	nɛn2	nẽ2	lən2	lin2	lẽ2
846	林		深开三平侵来	lən2	nãi2	lɛn2	lɛn2	nɛn2	nɛn2	læ̃2	nɛn2	nɛn2	nẽ2	lən2	lin2	lẽ2
847	浸		深开三去沁精	tsən5	tsən5	tsɛn5	tsɛn5	tsɛn5	tsɛn5	tsæ̃5	tsɛn5	tsɛn5	tsẽ5	tsən5	tɕin5	tsẽ5
848	侵		深开三平侵清	tsʰən1	tsʰən1	tsʰɛn1	tsʰɛn1	tsʰɛn1	tsʰɛn1	tsʰæ̃1	tsʰɛn1	tsʰɛn1	tsʰẽ1	tsʰən1	tɕʰin1	tsʰẽ1
849	寝		深开三上寝清	tsʰən3	tsʰãi3	tɕʰiɛn3	tsʰɛn3	tsʰɛn3	tsʰɛn3	tsʰæ̃3	tsʰɛn3	tsʰɛn3	tsʰẽ3	tsʰæ̃3	tɕʰin3	tsʰẽ3
850	心		深开三平侵心	sən1	sən1	sɛn1	sɛn1	sɛn1	sɛn1	sæ̃1	sɛn1	sɛn1	sẽ1	sən1	ɕin1	sẽ1
851	寻		深开三平侵邪	tsʰən2	tsʰən2	tsʰɛn2	tsʰɛn2	tsʰɛn2	tsʰɛn2	tsʰæ̃2	tsʰɛn2	tsʰɛn2	tsʰẽ2	tsʰən2	tɕʰin2	tsʰẽ2
852	沉		深开三平侵澄	tɕʰin2	tɕʰiɛn2	tɕʰiɛn2	tɕʰiɛn2	tsʰɛn2	tsʰɛn2	tsʰæ̃2	tʃʰɛn2	tsʰɛn2	tʃʰẽ2	tɕʰiən2	tʃʰən2	tɕʰiẽ2
853	森		深开三平侵生	sən1	sən1	sɛn1	sɛn1	sɛn1	sɛn1	sæ̃1	sɛn1	sɛn1	ʃẽ1	ɕiən1	ʃuən1	ɕiẽ1
854	参	人~	深开三平侵生	sən1	ʂoʳ1	sɛn1	sɛn1	sɛn1	sɛn1	sæ̃1	ʃɛn1	sɛn1	ʃẽ1	ɕiən1	ʃuən1	ɕiẽ1
855	渗		深开三去沁生	ɕin5	ʂãi5	ɕyɛn5	ɕyɛn5	sɛn5	sɛn5	sæ̃5	sɛn5	sɛn5	ʃẽ5	ɕiən5	ʃuən5	ɕiẽ5
856	针		深开三平侵章	tɕin1	tɕiɛn1	tɕiɛn1	tɕiɛn1	tʃɛn1	tsɛn1	tsæ̃1	tʃɛn1	tsɛn1	tʃẽ1	tɕiən1	tʃuən1	tɕiẽ1
857	枕		深开三上寝章	tɕin3	tɕiɛn3	tɕiɛn3	tɕiɛn3	tsɛn3	tsɛn3	tsæ̃3	tʃɛn3	tsɛn3	tʃẽ3	tɕiən3	tʃuən3	tɕiẽ3
858	深		深开三平侵书	ɕin1	ɕiɛn1	ɕiɛn1	ɕiɛn1	tsʰəŋ1/sɛn1	sɛn1	sæ̃1	ʃɛn1	sɛn1	ʃẽ1	ɕiən1	ʃuən1	ɕiẽ1
859	婶		深开三上寝书	ɕin3	ɕiɛn3	ɕiɛn3	ɕiɛn3	sɛn3	sɛn3	sæ̃3	ʃɛn3	sɛn3	ʃẽ3	ɕiən3	ʃuən3	ɕiẽ3
860	壬		深开三平侵日	in2	iɛn2	iɛn2	iɛn2	iɛn2	iɛn2	iæ̃2	iɛn2	iɛn2	iẽ2	iən2	iən2	iẽ2
861	任	责~	深开三去沁日	in5	iɛn6	iɛn6	iɛn6	iɛn6	iɛn6	iæ̃6	iɛn6	iɛn6	iẽ6	iən6	iən5	iẽ6
862	金		深开三平侵见	tɕin1	tɕiɛn1	tɕiɛn1	tɕiɛn1	tʃɛn1	tɕiɛn1	tɕiæ̃1	tʃɛn1	tɕiɛn1	tʃẽ1	tɕiən1	tʃən1	tɕiẽ1
863	襟		深开三平侵见	tɕin1	tɕiɛn1	tɕiɛn1	tɕiɛn1	tʃɛn1	tɕiɛn1	tɕiæ̃1	tʃɛn1	tɕiɛn1	tʃẽ1	tɕiən1	tʃən1	tɕiẽ1
864	锦		深开三上寝见	tɕin3	tɕiɛn3	tɕiɛn3	tɕiɛn3	tʃɛn3	tɕiɛn3	tɕiæ̃3	tʃɛn3	tɕiɛn3	tʃẽ3	tɕiən3	tʃən3	tɕiẽ3
865	禁	~止	深开三去沁见	tɕin5	tɕiɛn5	tɕiɛn5	tɕiɛn5	tʃɛn5	tɕiɛn5	tɕiæ̃5	tʃɛn5	tɕiɛn5	tʃẽ5	tɕiən5	tʃən5	tɕiẽ5
866	琴		深开三平侵群	tɕʰin2	tɕʰiɛn2	tɕʰiɛn2	tɕʰiɛn2	tʃɛn2	tɕʰiɛn2	tɕʰiæ̃2	tʃɛn2	tɕʰiɛn2	tʃʰẽ2	tɕʰiən2	tʃʰən2	tɕʰiẽ2
867	音		深开三平侵影	in1	iɛn1	iɛn1	iɛn1	iɛn1	iɛn1	iæ̃1	iɛn1	iɛn1	iẽ1	iən1	iən1	iẽ1
868	饮	~酒	深开三上寝影	in3	iɛn3	iɛn3	iɛn3	iɛn3	iɛn3	iæ̃3	iɛn3	iɛn3	iẽ3	iən3	iən3	iẽ3
869	单	~独	山开一平寒端	tuʌ̃1	tõ1	tuo1	to1	tã1	tõ1	tum1	tũ1	tum1	tʌ̃1	tã1	tã1	tã1
870	旦		山开一去翰端	tuʌ̃5	tõ5	tuo5	to5	tã5	tõ5	tum5	tũ5	tum5	tʌ̃5	tã5	tã5	tã5
871	滩		山开一平寒透	tʰuʌ̃1	tʰõ1	tʰuo1	tʰo1	tʰã1	tʰõ1	tʰum1	tʰũ1	tʰum1	tʰʌ̃1	tʰã1	tʰã1	tʰã1
872	坦		山开一上旱透	tʰuʌ̃3	tʰõ3	tʰuo3	tʰo3	tʰã3	tʰõ3	tʰum3	tʰũ3	tʰum3	tʰʌ̃3	tʰã3	tʰã3	tʰã3
873	炭		山开一去翰透	tʰuʌ̃5	tʰõ5	tʰuo5	tʰo5	tʰã5	tʰõ5	tʰum5	tʰũ5	tʰum5	tʰʌ̃5	tʰa5	tʰã5	tʰã5
874	弹	~琴	山开一平寒定	tʰuʌ̃2	tʰõ2	tʰuo2	tʰo2	tʰã2	tʰõ2	tʰum2	tʰũ2	tʰum2	tʰʌ̃2	tʰã2	tʰã2	tʰã2
875	蛋		山开一去翰定	tʰuʌ̃5	tʰõ6	tʰuo6	tʰo6	tʰã6	tʰõ6	tʰum6	tʰũ6	tʰum6	tʰʌ̃6	tʰã6	tʰã5	tʰã6
876	难	~易	山开一平寒泥	nuʌ̃2	nõ2	nuo2	lo2	lã2	nõ2	num2	nũ2	num2	nʌ̃2	la2	lã2	lã2
877	难	患~	山开一去翰泥	nuʌ̃5	nõ6	nuo6	lo6	lã6	nõ6	num6	nũ6	num6	nʌ̃6	lã6	lã5	lã6
878	兰		山开一平寒来	luʌ̃2	nõ2	nuo2	lo2	lã2	nõ2	num2	nũ2	num2	nʌ̃2	la2	lã2	lã2
879	懒		山开一上旱来	luʌ̃3	nõ3	nuo3	lo3	lã4	nõ4	num4	nũ3	num4	nʌ̃3	la3	lã3	lã3
880	烂		山开一去翰来	luʌ̃5	nõ6	nuo6	lo6	lã6	nõ6	num6	nũ6	num6	nʌ̃6	la6	lã5	lã6
881	餐		山开一平寒清	tsʰuʌ̃1	tsʰõ1	tsʰuo1	tsʰo1	tsʰã1	tsʰõ1	tsʰum1	tsʰũ1	tsʰum1	tsʰʌ̃1	tsʰã1	tsʰã1	tsʰã1
882	残		山开一平寒从	tsʰuʌ̃2	tsʰõ2	tsʰuo2	tsʰo2	tsʰã2	tsʰõ2	tsʰum2	tsʰũ2	tsʰum2	tsʰʌ̃2	tsʰã2	tsʰã2	tsʰã2
883	伞		山开一上旱心	suʌ̃3	sõ3	suo3	so3	sã3	sõ3	sum3	sũ3	sum3	sʌ̃3	sã3	sã3	sã3
884	散	分~	山开一去翰心	suʌ̃5	sõ5	suo5	so5	sã5	sõ5	sum5	sũ5	sum5	sʌ̃5	sã5	sã5	sã5
885	肝		山开一平寒见	kɤ̃1	kiɛn1	kɛn1	kɛn1	kũ1	kũ1	kum1	kũ1	kum1	kuə̃1	ku1	kõ1	kuõ1
886	赶		山开一上旱见	kɤ̃3	kiɛn3	kɛn3	kɛn3	kũ3	kũ3	kum3	kũ3	kum3	kuə̃3	ku3	kõ3	kuõ3
887	干	~事	山开一去翰见	kɤ̃5	kiɛn5	kɛn5	kɛn5	kũ5	kũ5	kum5	kũ5	kum5	kʌ̃5	kã5	kõ5	kã5
888	看	~见	山开一去翰溪	kʰɤ̃5	kʰiɛn5	kʰɛn5	kʰɛn5	kʰũ5	kʰũ5	kʰum5	kʰũ5	kʰum5	kʰuə̃5	kʰã5	kʰõ5	kʰuõ5
889	岸		山开一去翰疑	ŋɤ̃5	ŋən5	ŋɛn6	ŋɛn6	uã6	ũ6	m̩5	m̩5	m̩5	uə̃5	mu1	ŋã5	uõ5
890	鼾		山开一平寒晓	xɤ̃1	xən1	xɛn1	xɛn1	xũ1	xũ1	xum1	xũ1	xum1	xuə̃1	xã1	xã1	xã1
891	汉		山开一去翰晓	xɤ̃5	xən5	xɛn5	xɛn5	xũ5	xũ5	xum5	xũ5	xum5	xuə̃5	xu5	xã5	xuõ5
892	寒		山开一平寒匣	xɤ̃2	xən2	xɛn2	xɛn2	xũ2	xũ2	xum2	xũ2	xum2	xuə̃2	xu2	xõ2	xuõ2
893	旱		山开一上旱匣	xɤ̃5	xən6	xɛn6	xɛn6	xũ6	xũ4	xum4	xũ2	xum4	xuə̃6	xu6	xã5	xuõ6
894	汗		山开一去翰匣	xɤ̃5	xən6	xɛn6	xɛn6	xũ6	xũ6	xum6	xũ6	xum6	xuə̃6	xu6	xã5	xuõ6
895	安		山开一平寒影	ɤ̃1	ŋən1	ŋɛn1	ŋɛn1	ũ1	ũ1	m̩1	m̩1	m̩1	uə̃1	u1	ŋõ1	võ1
896	案		山开一去翰影	ɤ̃5	ŋən5	ŋɛn5	ŋɛn5	ũ5	ũ5	m̩5	m̩5	m̩5	uə̃5	u5	ŋõ5	ŋuõ5
897	扮		山开二去裥帮	puʌ̃5	põ5	puo5	pɛn5	pã5	põ5	pum5	pũ5	pum5	pʌ̃5	pã5	pã5	pã5
898	办		山开二去裥并	pʰuʌ̃5	pʰõ6	pʰuo6	pʰo6	pʰã6	pʰõ6	pʰum6	pʰũ6	pʰum6	pʰʌ̃6	pʰã6	pʰã5	pʰã6
899	盏		山开二上产庄	tʂuʌ̃3	tʂõ3	tʂuo3	tso3	tsã3	tsõ3	tsum3	tʃũ3	tsum3	tʂʌ̃3	tã3	tʂuã3	tʂã3
900	铲		山开二上产初	tʂʰuʌ̃3	tʂʰõ3	tʂʰuo3	tsʰo3	tsʰã3	tsʰõ3	tsʰum3	tʃʰũ3	tsʰum3	tʂʰʌ̃3	tsʰã3	tʂʰuã3	tʂʰã3
901	山		山开二平山生	ʂuʌ̃1	ʂõ1	ʂuo1	so1	sã1	sõ1	sum1	ʃũ1	sum1	ʃʌ̃1	ɕiã1	ʂuã1	ʂã1
902	产		山开二上产生	tʂʰuʌ̃3	tʂʰõ3	ʂuo3	so3	tsʰã3	sõ3	tsʰum3	tʃũ3	tsʰum3	tʂʰʌ̃3	ɕiã3	tʂʰuã3	tʂʰã3
903	艰		山开二平山见	tɕiɛ̃1	tɕiɛn1	kuo1	tɕĩ1	kã1	kõ1	kẽ1	kũ1	kum1	kʌ̃1	kã1	kã1	kã1
904	间	房~	山开二平山见	kuʌ̃1	kõ1	kuo1	ko1	kã1	kõ1	kẽ1	kũ1	kum1	kʌ̃1	kã1	kã1	kã1
905	拣		山开二上产见	kuʌ̃3	tɕiɛn3	kuo3	ko3	kã3	kõ3	kẽ3	kũ3	kum3	kʌ̃3	kã3	tɕiɛ̃3	tɕiɛ̃3
906	间	~断	山开二去裥见	tɕiɛ̃5	tɕiɛn5	kuo5	ko5	kã5	kõ5	kẽ5	kũ5	kum5	kʌ̃5	kã5	kã5	kã5
907	眼		山开二上产疑	ŋuʌ̃3	ŋõ3	ŋuo3	ŋo3	ŋã4	ŋõ4	ŋẽ4	ŋũ3	ŋum4	ŋʌ̃3	ŋã3	ŋã3	ŋã3
908	闲		山开二平山匣	xuʌ̃2	xõ2	xuo2	xo2	xã2	xõ2	xẽ2	xũ2	xum2	xʌ̃2	xã2	xã2	xã2
909	限		山开二上产匣	ɕiɛ̃5	ɕiɛn6	xuo6	xo6	xã4	xõ4	xẽ4	xũ2	xum4	xʌ̃6	xã6	xã5	xã6
910	苋		山开二去裥匣	ɕiɛ̃5	ɕiɛn6	xuo6	xo6	ʃĩ6	ɕĩ6	ɕĩ5	ɕĩ6	xum6	ɕiɛ̃6	xã6	xã5	ɕiɛ̃6
911	班		山开二平删帮	puʌ̃1	põ1	puo1	po1	pã1	põ1	pum1	pũ1	pum1	pʌ̃1	pã1	pã1	pã1
912	板		山开二上潸帮	puʌ̃3	põ3	puo3	po3	pã3	põ3	pum3	pũ3	pum3	pʌ̃3	pã3	pã3	pã3
913	攀		山开二平删滂	pʰuʌ̃1	pʰən1	pʰuo1	pʰo1	pʰã1	pʰõ1	pʰum1	pʰũ1	pʰum1	pʰuə̃1	pʰã1	pʰã1	pʰã1
914	攀		山开二去谏滂	pʰuʌ̃5	pʰən5	pʰuo5	pʰo5	pʰã5	pʰõ5	pʰum5	pʰũ5	pʰum5	pʰʌ̃5	pʰã5	pʰã5	pʰã5
915	爿		山开二平删并	pʰuʌ̃2	pʰən2	pʰuo2	pʰo2	pʰã2	pʰã2	pʰum2	pʰũ2	pʰum2	pʰʌ̃2	pʰã2	pʰã2	pʰã2
916	蛮		山开二平删明	muʌ̃2	mõ2	muo2	mo2	mã2	mõ2	mum2	mũ2	mum2	mʌ̃2	mã2	mã2	mã2
917	慢		山开二去谏明	muʌ̃5	mõ6	muo6	mo6	mã6	mõ6	mum6	mũ6	mum6	mʌ̃6	mã6	mã5	mã6
918	奸		山开二平删见	tɕiɛ̃1	tɕiɛn1	kuo1	ko1	kã1	kõ1	kẽ1	kũ1	kum1	kʌ̃1	kã1	kã1	kã1
919	颜		山开二平删疑	ŋuʌ̃2	ŋõ2	ŋuo2	ŋo2	ŋã2	ŋõ2	ŋẽ2	ŋũ2	ŋum2	ŋʌ̃2	ŋã2	ŋã2	ŋã2
920	雁		山开二去谏疑	iɛ̃5	ĩ6	ŋuo6	ŋo6	ŋã6	ŋõ6	ŋĩ6	ŋũ6	ŋum6	ŋʌ̃6	iɛ̃6	ŋã5	ŋã6
921	鞭		山开三平仙帮	piɛ̃1	piɛn1	pi1	pĩ1	pĩ1	pĩ1	pĩ1	pĩ1	pĩ1	pã1	pĩ1	piɛ̃1	piɛ̃1
922	变		山开三去线帮	piɛ̃5	piɛn5	pi5	pĩ5	pĩ5	pĩ5	pĩ5	pĩ5	pĩ5	pã5	pi5	piɛ̃5	piɛ̃5
923	偏		山开三平仙滂	pʰiɛ̃1	pʰiɛn1	pʰi1	pʰĩ1	pʰĩ1	pʰĩ1	pʰĩ1	pʰĩ1	pʰĩ1	pʰã1	pʰi1	pʰiɛ̃1	pʰiɛ̃1
924	骗		山开三去陷滂	pʰiɛ̃5	pʰiɛn5	pʰi5	pʰĩ5	pʰĩ5	pʰĩ5	pʰĩ5	pʰĩ5	pʰĩ5	pʰã5	pʰi5	pʰiɛ̃5	pʰiɛ̃5
925	便	~宜	山开三平仙并	pʰiɛ̃2	pʰiɛn2	pʰi2	pʰĩ2	pʰĩ2	pʰĩ2	pʰĩ2	pʰĩ2	pʰĩ2	pʰã2	pʰi2	pʰiɛ̃2	pʰiɛ̃2
926	辩		山开三上弥并	pʰiɛ̃5	pʰiɛn6	pʰi6	pʰĩ6	pĩ4	pʰĩ4	pʰĩ4	pʰĩ2	pʰĩ4	pʰã6	pʰi6	pʰiɛ̃5	pʰiɛ̃6
927	便	方~	山开三去线并	pʰiɛ̃5	pʰiɛn6	pʰi6	pʰĩ6	pʰĩ6	pʰĩ6	pʰĩ6	pʰĩ6	pʰĩ6	pʰã6	pʰi6	pʰiɛ̃5	pʰiɛ̃6
928	棉		山开三平仙明	miɛ̃2	mĩ2	mi2	mĩ2	mĩ2	mĩ2	mĩ2	mĩ2	mĩ2	mã2	mi2	miɛ̃2	miɛ̃2
929	免		山开三上弥明	miɛ̃3	mĩ3	mi3	mĩ3	mĩ4	mĩ4	mĩ4	mĩ3	mĩ4	mã3	mi3	miɛ̃3	miɛ̃3
930	面	脸~	山开三去线明	miɛ̃5	mĩ6	mi6	mĩ6	mĩ6	mĩ6	mĩ6	mĩ6	mĩ6	mã6	mi6	miɛ̃5	miɛ̃6
931	连		山开三平仙来	niɛ̃2	nĩ2	ni2	nĩ2	nĩ2	nĩ2	nĩ2	nĩ2	nĩ2	nã2	li2	liɛ̃2	liɛ̃2
932	煎		山开三平仙精	tsiɛ̃1	tsĩ1	tsi1	tsĩ1	tsĩ1	tsĩ1	tsĩ1	tsĩ1	tsĩ1	tsã1	tsi1	tɕiɛ̃1	tɕiɛ̃1
933	剪		山开三上弥精	tsiɛ̃3	tsĩ3	tsi3	tsĩ3	tsĩ3	tsĩ3	tsĩ3	tsĩ3	tsĩ3	tsã3	tsi3	tɕiɛ̃3	tɕiɛ̃3
934	箭		山开三去线精	tsiɛ̃5	tsiɛn5	tsi5	tsĩ5	tsĩ5	tsĩ5	tsĩ5	tsĩ5	tsĩ5	tsã5	tsi5	tɕiɛ̃5	tɕiɛ̃5
935	迁		山开三平仙清	tsʰiɛ̃1	tsʰiɛn1	tsʰi1	tsʰĩ1	tsʰĩ1	tsʰĩ1	tsʰĩ1	tsʰĩ1	tsʰĩ1	tsʰã1	tsʰi1	tɕʰiɛ̃1	tɕʰiɛ̃1
936	浅		山开三上弥清	tsʰiɛ̃3	tsʰĩ3	tsʰi3	tsʰĩ3	tsʰĩ3	tsʰĩ3	tsʰĩ3	tsʰĩ3	tsʰĩ3	tsʰã3	tsʰi3	tɕʰiɛ̃3	tɕʰiɛ̃3
937	钱		山开三平仙从	tsʰiɛ̃2	tsʰiɛn2	tsʰi2	tsʰĩ2	tsʰĩ2	tsʰĩ2	tsʰĩ2	tsʰĩ2	tsʰĩ2	tsʰã2	tsʰi2	tɕʰiɛ̃2	tɕʰiɛ̃2
938	贱		山开三去陷从	tsʰiɛ̃5	tsʰiɛn6	tsʰi6	tsʰĩ6	tsĩ6	tsʰĩ6	tsʰĩ6	tsʰĩ6	tsʰĩ6	tsʰã6	tsʰi6	tɕʰiɛ̃5	tɕʰiɛ̃6
939	仙		山开三平仙心	siɛ̃1	siɛn1	si1	sĩ1	sĩ1	sĩ1	sĩ1	sĩ1	sĩ1	sã1	si1	ɕiɛ̃1	ɕiɛ̃1
940	癣		山开三上弥心	siɛ̃3	siɛn3	si3	sĩ3	sĩ3	sĩ3	sĩ3	sĩ3	sĩ3	sã3	si3	ɕiɛ̃3	ɕiɛ̃3
941	线		山开三去线心	siɛ̃5	siɛn5	si5	sĩ5	sĩ5	sĩ5	sĩ5	sĩ5	sĩ5	sã5	si5	ɕiɛ̃5	ɕiɛ̃5
942	展		山开三上弥知	tɕiɛ̃3	tʂõ3	tɕi3	tɕĩ3	tɕĩ3	tsĩ3	tɕĩ3	tɕĩ3	tsĩ3	tɕiɛ̃3	tɕiã3	tɕiɛ̃3	tɕiɛ̃3
943	缠		山开三平仙澄	tʂʰuʌ̃2	tʂʰõ2	tʂʰoʳ2	tsʰɛn2	tsʰã2	tsʰõ2	tsʰum2	tɕʰĩ2	tsʰĩ2	tɕʰiɛ̃2	tsʰã2	tʂʰuã2	tɕiɛ̃2
944	战		山开三去线章	tɕiɛ̃5	tɕio5	tɕi5	tɕĩ5	tɕĩ5	tsĩ5	tɕĩ5	tɕĩ5	tsĩ5	tɕiɛ̃5	tɕiɛ̃5	tɕiɛ̃5	tɕiɛ̃5
945	扇	~风	山开三平仙书	ɕiɛ̃1	ɕiɛn1	ɕi1	ɕĩ1	sĩ1	sĩ1	ɕĩ1	ɕĩ1	sĩ1	ɕiɛ̃1	ɕiɛ1	ɕiɛ̃1	ɕiɛ̃1
946	扇	风~	山开三去线书	ɕiɛ̃5	ɕiɛn5	ɕi5	ɕĩ5	sĩ5	sĩ5	ɕĩ5	ɕĩ5	sĩ5	ɕiɛ̃5	ɕiɛ5	ɕiɛ̃5	ɕiɛ̃5
947	善		山开三上弥禅	ɕiɛ̃5	ɕiɛn6	ɕi6	ɕĩ6	sĩ4	sĩ4	ɕĩ4	ɕĩ2	sĩ4	ɕiɛ̃6	ɕiɛ6	ɕiɛ̃5	ɕiɛ̃6
948	然		山开三平仙日	iɛ̃2	iɛn2	ȵi2	ĩ2	ĩ2	ĩ2	ȵĩ2	ĩ2	ĩ2	iɛ̃2	iɛ2	ʐuã2	iɛ̃2
949	乾	~坤	山开三平仙群	tɕʰiɛ̃2	tɕʰiɛn2	tɕʰi2	tɕʰĩ2	tʃʰĩ2	tɕʰĩ2	tɕʰĩ2	tɕʰĩ2	tɕʰĩ2	tɕʰiɛ̃2	tɕʰĩ2	tɕʰiɛ̃2	tɕʰiɛ̃2
950	件		山开三上弥群	tɕʰiɛ̃5	tɕʰiɛn6	tɕʰi6	tɕʰĩ6	tʃʰĩ4	tɕʰĩ4	tɕʰĩ4	tɕʰĩ2	tɕʰĩ4	tɕʰiɛ̃6	tɕʰiɛ̃6	tɕʰiɛ̃5	tɕʰiɛ̃6
951	延		山开三平仙以	iɛ̃2	ĩ2	ȵi2	ĩ2	ĩ2	ĩ2	ĩ2	ĩ2	ĩ2	iɛ̃2	iɛ̃2	iɛ̃2	iɛ̃2
952	演		山开三上弥以	iɛ̃3	ĩ3	ȵi3	ĩ3	ĩ4	ĩ4	ĩ4	ĩ3	ĩ4	iɛ̃3	iɛ̃3	iɛ̃3	iɛ̃3
953	建		山开三去愿见	tɕiɛ̃5	tɕiɛn5	tɕi5	tɕĩ5	tʃĩ5	tɕĩ5	tɕĩ5	tɕĩ5	tɕĩ5	tɕiɛ̃5	tɕiɛ5	tɕiɛ̃5	tɕiɛ̃5
954	健		山开三去愿群	tɕiɛ̃5	tɕiɛn5	tɕi6	tɕʰĩ6	tʃʰĩ6	tɕʰĩ6	tɕʰĩ6	tɕʰĩ6	tɕʰĩ6	tɕʰiɛ̃6	tɕʰiɛ̃6	tɕʰiɛ̃5	tɕʰiɛ̃6
955	言		山开三平元疑	iɛ̃2	ĩ2	ȵi2	ĩ2	ȵĩ2	ȵĩ2	ȵĩ2	ȵĩ2	ĩ2	ȵiɛ̃2	ȵiɛ2	ȵiɛ̃2	ȵiɛ̃2
956	献		山开三去愿晓	ɕiɛ̃5	ɕiɛn5	ɕi5	ɕĩ5	ʃĩ5	ɕĩ5	ɕĩ5	ɕĩ5	ɕĩ5	ɕiɛ̃5	ɕiɛ̃5	ɕiɛ̃5	ɕiɛ̃5
957	边		山开四平先帮	piɛ̃1	piɛn1	pi1	pĩ1	pĩ1	pĩ1	pĩ1	pĩ1	pĩ1	pã1	pi1	piɛ̃1	piɛ̃1
958	扁		山开四上铣帮	piɛ̃3	piɛn3	pi3	pĩ3	pĩ3	pĩ3	pĩ3	pĩ3	pĩ3	pã3	pi3	piɛ̃3	pʰiɛ̃3
959	遍	一~	山开四去霰帮	pʰiɛ̃5	pʰiɛn5	pʰi5	pʰĩ5	pʰĩ5	pĩ5	pĩ5	pʰĩ5	pĩ5	pʰã5	pi5	piɛ̃5	pʰiɛ̃5
960	片		山开四去霰滂	pʰiɛ̃5	pʰiɛn5	pʰi5	pʰĩ5	pʰĩ5	pʰĩ5	pʰĩ5	pʰĩ5	pʰĩ5	pʰã5	pʰi5	pʰiɛ̃5	pʰiɛ̃5
961	辫		山开四上铣并	pʰiɛ̃5	pʰĩ6	pʰi6	pʰĩ6	pĩ4	pʰĩ4	pʰĩ4	pʰĩ2	pʰĩ4	pʰã6	pʰi6	pʰiɛ̃5	pʰiɛ̃6
962	眠		山开四平先明	miɛ̃2	mĩ2	mi2	mĩ2	mĩ2	mĩ2	mĩ2	mĩ2	mĩ2	mã2	mi2	miɛ̃2	miɛ̃2
963	面	~条	山开四去霰明	miɛ̃5	mĩ6	mi6	mĩ6	mĩ6	mĩ6	mĩ6	mĩ6	mĩ6	mã6	mi6	miɛ̃5	miɛ̃6
964	颠		山开四平先端	tiɛ̃1	tĩ1	ti1	tĩ1	tĩ1	ti1	tĩ1	tĩ1	tĩ1	tã1	ti1	tiɛ̃1	tiɛ̃1
965	天		山开四平先透	tʰiɛ̃1	tʰĩ1	tʰi1	tʰĩ1	tʰĩ1	tʰĩ1	tʰĩ1	tʰĩ1	tʰĩ1	tʰã1	tʰi1	tʰiɛ̃1	tʰiɛ̃1
966	田		山开四平先定	tʰiɛ̃2	tʰĩ2	tʰi2	tʰĩ2	tʰĩ2	tʰĩ2	tʰĩ2	tʰĩ2	tʰĩ2	tʰã2	tʰi2	tʰiɛ̃2	tʰiɛ̃2
967	电		山开四去霰定	tʰiɛ̃5	tʰĩ6	tʰi6	tʰĩ6	tĩ6	tʰĩ6	tʰĩ6	tʰĩ6	tʰĩ6	tʰã6	tʰĩ6	tʰiɛ̃5	tʰiɛ̃6
968	年		山开四平先泥	niɛ̃2	ĩ2	ni2	ĩ2	nĩ2	nĩ2	nĩ2	nĩ2	nĩ2	nã2	ȵiɛ2	ȵiɛ̃2	liɛ̃2
969	莲		山开四平先来	niɛ̃2	nĩ2	ni2	nĩ2	nĩ2	nĩ2	nĩ2	nĩ2	nĩ2	nã2	li2	liɛ̃2	liɛ̃2
970	练		山开四去霰来	niɛ̃5	nĩ6	ni6	nĩ6	nĩ6	nĩ6	nĩ6	nĩ6	nĩ6	nã6	lĩ6	liɛ̃5	liɛ̃6
971	笺		山开四平先精	tsʰiɛ̃1	tsʰĩ1	tsʰi1	tsʰĩ1	tsʰĩ1	tsʰĩ1	tsʰĩ1	tsʰĩ1	tsʰĩ1	tsʰã1	tsʰi1	tɕʰiɛ̃1	tɕʰiɛ̃1
972	千		山开四平先清	tsʰiɛ̃1	tsʰĩ1	tsʰi1	tsʰĩ1	tsʰĩ1	tsʰĩ1	tsʰĩ1	tsʰĩ1	tsʰĩ1	tsʰã1	tsʰi1	tɕʰiɛ̃1	tɕʰiɛ̃1
973	前		山开四平先从	tsʰiɛ̃2	tsʰĩ2	tsʰi2	tsʰĩ2	tsʰĩ2	tsʰĩ2	tsʰĩ2	tsʰĩ2	tsʰĩ2	tsʰã2	tsʰi2	tɕʰiɛ̃2	tɕʰiɛ̃2
974	先		山开四平先心	siɛ̃1	sĩ1	si1	sĩ1	sĩ1	sĩ1	sĩ1	sĩ1	sĩ1	sã1	si1	ɕiɛ̃1	ɕiɛ̃1
975	肩		山开四平先见	tɕiɛ̃1	tɕiɛn1	tɕi1	tɕĩ1	kĩ1	tɕĩ1	tɕĩ1	tɕĩ1	tɕĩ1	tɕiɛ̃1	tɕiɛ1	tɕiɛ̃1	tɕiɛ̃1
976	坚		山开四平先见	tɕiɛ̃1	tɕiɛn1	tɕi1	tɕĩ1	kĩ1	tɕĩ1	tɕĩ1	tɕĩ1	tɕĩ1	tɕiɛ̃1	tɕiɛ̃1	tɕiɛ̃1	tɕiɛ̃1
977	茧		山开四上铣见	tɕiɛ̃3	tɕiɛn3	tɕi3	tɕĩ3	tʃĩ3	tɕĩ3	tɕĩ3	tɕĩ3	tɕĩ3	kã3	tɕiɛ̃3	tɕiɛ̃3	tɕiɛ̃3
978	见	~识	山开四去霰见	tɕiɛ̃5	tɕiɛn5	tɕi5	tɕĩ5	tʃĩ5	tɕĩ5	tɕĩ5	tɕĩ5	tɕĩ5	tɕiɛ̃5	tɕiɛ̃5	tɕiɛ̃5	tɕiɛ̃5
979	牵		山开四平先溪	tɕʰiɛ̃1	tɕʰiɛn1	tɕʰi1	tɕʰĩ1	tʃʰĩ1	tɕʰĩ1	tɕʰĩ1	tɕʰĩ1	tɕʰĩ1	tɕʰiɛ̃1	tɕʰiɛ̃1	tɕʰiɛ̃1	tɕʰiɛ̃1
980	研		山开四平先疑	iɛ̃2	ĩ2	ȵi2	ĩ2	ȵĩ2	ȵĩ2	ȵĩ2	ȵĩ2	ȵĩ2	ȵiɛ̃2	ȵiɛ̃2	ȵiɛ̃2	ȵiɛ̃2
981	弦		山开四平先匣	ɕiɛ̃2	ɕĩ2	ɕi2	ɕyĩ2	xuĩ2	ɕĩ2	ɕỹ2	ɕĩ2	ɕĩ2	ɕiɛ̃2	ɕyɛ̃2	ʂuã2	ɕiɛ̃2
982	现		山开四去霰匣	ɕiɛ̃5	ɕĩ6	ɕi6	ɕĩ6	ʃĩ6	ɕĩ6	ɕĩ6	ɕĩ6	ɕĩ6	ɕiɛ̃6	ɕiɛ̃6	ɕiɛ̃5	ɕiɛ̃6
983	烟		山开四平先影	iɛ̃1	ĩ1	ȵi1	ĩ1	ĩ1	ĩ1	ĩ1	ĩ1	ĩ1	iɛ̃1	iɛ̃1	iɛ̃1	iɛ̃1
984	燕	~子	山开四去霰影	iɛ̃5	ĩ5	ȵi5	ĩ5	ĩ5	ĩ5	ĩ5	ĩ5	ĩ5	iɛ̃5	iɛ̃5	iɛ̃5	iɛ̃5
985	搬		山合一平桓帮	puʌ̃1	pən1	pʰɛn1	pɛn1	pũ1	pũ1	pum1	pũ1	pum1	puə̃1	pu1	põ1	põ1
986	半		山合一去换帮	puʌ̃5	pən5	pʰɛn5	pɛn5	pũ5	pũ5	pum5	pũ5	pum5	puə̃5	pu5	põ5	põ5
987	潘		山合一平桓滂	pʰuʌ̃1	pʰən1	pʰɛn1	pʰɛn1	pʰũ1	pʰũ1	pʰum1	pʰũ1	pʰum1	pʰuə̃1	pʰu1	pʰõ1	pʰõ1
988	判		山合一去换滂	pʰuʌ̃5	pʰən5	pʰɛn5	pʰɛn5	pʰũ5	pʰũ5	pʰum5	pʰũ5	pʰum5	pʰuə̃5	pʰu5	pʰã5	pʰõ5
989	盘		山合一平桓并	pʰuʌ̃2	pʰən2	pʰɛn2	pʰɛn2	pʰũ2	pʰũ2	pʰum2	pʰũ2	pʰum2	pʰuə̃2	pʰu2	pʰõ2	pʰõ2
990	伴		山合一上缓并	pʰuʌ̃5	pʰən6	pʰɛn6	pʰɛn6	pʰũ4	pʰũ4	pʰum4	pʰũ2	pʰum4	pʰuə̃6	pʰu6	pʰã5	pʰõ6
991	叛		山合一去换并	pʰuʌ̃5	pʰən6	pʰɛn6	pʰɛn6	pʰũ6	pʰũ6	pʰum6	pʰũ6	pʰum6	pʰuə̃6	pʰu6	pʰã5	pʰõ6
992	满		山合一上缓明	muʌ̃3	mən3	mɛn3	mɛn3	mũ4	mũ4	mum4	mũ3	mum4	muə̃3	mu3	mõ3	mõ3
993	端		山合一平桓端	tɤ̃1	tən1	tɛn1	tɛn1	tũ1	tũ1	tum1	tũ1	tum1	tuə̃1	ti1	tõ1	tuõ1
994	短		山合一上缓端	tɤ̃3	tən3	tɛn3	tɛn3	tũ3	tũ3	tum3	tũ3	tum3	tuə̃3	ti3	tõ3	tuõ3
995	团		山合一平桓定	tʰɤ̃2	tʰən2	tʰɛn2	tʰɛn2	tũ2	tʰũ2	tʰum2	tʰũ2	tʰum2	tʰuə̃2	tʰi2	tʰõ2	tʰuõ2
996	断	~绝	山合一上缓定	tʰɤ̃5	tʰən6	tʰɛn6	tʰɛn6	tʰũ4	tʰũ4	tʰum4	tʰũ2	tʰum4	tʰuə̃6	tʰi6	tʰõ5	tʰuõ6
997	段		山合一去换定	tʰɤ̃5	tʰən6	tʰɛn6	tʰɛn6	tũ6	tʰũ6	tʰum6	tʰũ6	tʰum6	tʰuə̃6	tʰi6	tʰõ5	tʰuõ6
998	暖		山合一上缓泥	nuʌ̃3	lən3	lɛn3	lɛn3	nũ4	nũ4	num4	nũ3	num4	nuə̃3	li3	lõ3	luõ3
999	卵		山合一上缓来	nuʌ̃3	lən3	lɛn3	lɛn3	nũ4	nũ4	num4	nũ3	num4	nuə̃3	lu3	lõ3	luõ3
1000	乱		山合一去换来	lɤ̃5	lən6	lɛn6	lɛn6	nũ6	nũ6	num6	nũ6	num6	nuə̃6	li6	lõ5	luõ6
1001	钻	~洞	山合一平桓精	tsɤ̃1	tsən1	tsɛn1	tsɛn1	tsũ1	tsũ1	tsum1	tsũ1	tsum1	tsuə̃1	tsi1	tsõ1	tsuõ1
1002	钻	铁~	山合一去换精	tsɤ̃5	tsən5	tsɛn5	tsɛn5	tsũ5	tsũ5	tsum5	tsũ5	tsum5	tsuə̃5	tsi5	tsõ5	tsuõ5
1003	酸		山合一平桓清	sɤ̃1	sən1	sɛn1	sɛn1	sũ1	sũ1	sum1	sũ1	sum1	suə̃1	si1	sõ1	suõ1
1004	蒜		山合一去换心	sɤ̃5	sən5	sɛn5	sɛn5	sũ5	sũ5	sum5	sũ5	sum5	suə̃5	si5	sõ5	suõ5
1005	官		山合一平桓见	kuʌ̃1	kõ1	kuo1/kuɛn1	ko1/kuɛn1	kũ1	kũ1	kum1	kũ1	kum1	kuə̃1	ku1	kuã1	kuõ1
1006	管		山合一上缓见	kuʌ̃3	kõ3	kuɛn3	kuɛn3	kũ3	kũ3	kum3	kũ3	kum3	kuə̃3	ku3	kuã3	kuõ3
1007	灌		山合一去换见	kuʌ̃5	kuan5	kuɛn5	kuɛn5	kũ5	kũ5	kum5	kũ5	kum5	kuə̃5	ku5	kuã5	kuõ5
1008	宽		山合一平桓溪	kʰuʌ̃1	kʰõ1	kʰuɛn1	kʰuɛn1	kʰũ1	kʰũ1	kʰum1	kʰũ1	kʰum1	kʰuə̃1	kʰu1	kʰuã1	kʰuõ1
1009	款		山合一上缓溪	kʰuʌ̃3	kʰõ3	kʰuo3	kʰuɛn3	kʰũ3	kʰũ3	kʰum3	kʰũ3	kʰum3	kʰuə̃3	kʰuã3	kʰuã3	kʰuõ3
1010	玩		山合一去换疑	uʌ̃3	suõ2	ŋuo2	uo2	ũ2	ũ6	m̩2	m̩6	m̩2	və̃2	uã2	uã2	vã2
1011	欢		山合一平桓晓	xuʌ̃1	xuan1	xuɛn1	fɛn1	xũ1	xũ1	xum1	xũ1	xum1	xuə̃1	xu1	xuã1	xuõ1
1012	完		山合一平桓匣	uʌ̃2	uan2	uɛn2	uo2	ũ2	ũ2	m̩2	m̩2	m̩2	uə̃2	uã2	uã2	ŋuõ2
1013	丸		山合一平桓匣	uʌ̃2	ŋõ2	yi2	yĩ2	ũ2	ũ2	m̩2	m̩2	uĩ2	vã2	uã2	uã2	viɛ̃2
1014	皖		山合一上缓匣	uʌ̃3	uan6	ŋuo3	uɛn3	uã4	ũ4	m̩4	m̩3	xum4	vʌ̃3	uã3	uã3	vã3
1015	换		山合一去换匣	xuʌ̃5	xõ6	uɛn6	uɛn6	xũ6	xŋ6	xum6	xũ6	m̩6	xuə̃6	xu6	uã5	xuõ6
1016	豌		山合一平桓影	uʌ̃1	uan3	ŋuo1	uɛn1	ũ3	ŋ̍3	m̩1	m̩1	m̩3	və̃1	uã1	uã1	vã1
1017	碗		山合一上缓影	uʌ̃3	ŋõ3	uɛn3	uɛn3	ũ3	ŋ̍3	m̩3	m̩3	m̩3	vʌ̃3	u3	ŋã3	vo3
1018	腕		山合一去换影	uʌ̃5	uan5	uɛn5	uɛn5	uã5	ũ5	m̩5	m̩5	m̩5	vʌ̃5	uã5	uã5	vã5
1019	鳏		山合二平山见	kuʌ̃1	kuan1	kuɛn1	kuɛn1	kũ1	kuã1	kum1	kũ1	kum1	kuə̃1	kuã1	kuã1	kuã1
1020	顽		山合二平山疑	uʌ̃2	ŋõ2	ŋuo2	uo2	ũ2	uã2	m̩2	m̩2	m̩2	uə̃2	uã2	uã2	ŋuõ2
1021	幻		山合二去裥匣	xuʌ̃5	xõ6	xuɛn6	fo6	xũ6	xũ6	xum6	xũ6	xum6	xuə̃6	xu6	xuã5	xuõ6
1022	闩		山合二平删生	ɕyɛ̃1	ɕỹ1	ɕyi1	ɕyĩ1	sũ1	sũ1	sum1	sũ1	sum1	suə̃1	ɕyɛ1	ʂuã1	ʂuõ1
1023	关		山合二平删见	kuʌ̃1	kõ1	kuo1	ko1	kũ1	kũ1	kum1	kũ1	kum1	kuə̃1	kuã1	kuã1	kuõ1
1024	惯		山合二去谏见	kuʌ̃5	kõ5	kuɛn5	kuɛn5	kũ5	kũ5	kum5	kũ5	kum5	kuə̃5	ku5	kuã5	kuõ5
1025	还	~钱	山合二平删匣	xuʌ̃2	xõ2	xuɛn2	xuo2	xũ2	xũ2	xum2	xũ2	xum2	xuə̃2	xuã2	xuã2	xuõ2
1026	还	~有	山合二平删匣	xa2	xuo2	xuo2	xa2	o2/xũ2	o2	o2	o2/xuo2	o2	xuɤ2	xa2	xa2	xõ2
1027	患		山合二去谏匣	xuʌ̃5	xuan6	fuo6	fo6	xũ6	xũ6	xum6	xũ6	xum6	xuə̃6	xuã6	xuã5	xuõ6
1028	弯		山合二平删影	uʌ̃1	ŋõ1	ŋuo1	uo1	ũ1	ŋ̍1	m̩1	m̩1	m̩1	vʌ̃1	uã1	uã1	võ1
1029	恋		山合三去线来	liɛ̃5	nĩ6	ni6	nĩ6	nĩ6	nĩ6	nĩ6	nĩ6	nĩ6	nã6	lĩ6	liɛ̃5	liɛ̃6
1030	全		山合三平仙从	tɕʰyɛ̃2	tsʰən2	tsʰɛn2	tsʰɛn2	tsʰĩ2	tsʰĩ2	tsʰĩ2	tsʰĩ2	tsʰĩ2	tsʰã2	tsʰi2	tɕʰiɛ̃2	tɕʰiɛ̃2
1031	宣		山合三平仙心	ɕyɛ̃1	ɕỹ1	ɕyi1	ɕyĩ1	sĩ1	sĩ1	sĩ1	sĩ1	sĩ1	sã1	si1	ɕiɛ̃1	ɕiɛ̃1
1032	选		山合三上狝心	ɕyɛ̃3	sən3	sɛn3	sĩ3	sĩ3	sĩ3	sĩ3	sĩ3	sĩ3	sã3	si3	ɕiɛ̃3	ɕiɛ̃3
1033	转	~眼	山合三上狝知	tɕyɛ̃3	tɕỹ3	tɕyi3	tɕyĩ3	kuĩ3	kuĩ3	tɕỹ3	tɕĩ3	tsĩ3	tɕiɛ̃3	tɕyɛ3	tʂuã3	tɕiɛ̃3
1034	传	~达	山合三平仙澄	tɕʰyɛ̃2	tɕʰỹ2	tɕʰyi2	tɕʰyĩ2	kʰuĩ2	kʰuĩ2	tɕʰỹ2	tɕʰĩ2	tsʰĩ2	tɕʰiɛ̃2	tɕʰyɛ2	tʂʰuã2	tɕʰiɛ̃2
1035	传	水浒~	山合三去线澄	tɕʰyɛ̃5	tɕʰỹ6	tɕʰyi6	tɕʰyĩ6	kʰuĩ6	kʰuĩ6	tɕʰỹ6	tɕʰĩ6	tsʰĩ6	tɕʰiɛ̃6	tɕʰyɛ6	tʂʰuã5	tɕʰiɛ̃6
1036	砖		山合三平仙章	tɕyɛ̃1	tɕỹ1	tɕyi1	tɕyĩ1	kuĩ1	kuĩ1	tɕỹ1	tɕĩ1	tsĩ1	tɕiɛ̃1	tɕyɛ1	tʂuã1	tɕiɛ̃1
1037	穿		山合三平仙昌	tɕʰyɛ̃1	tɕʰỹ1	tɕʰyi1	tɕʰyĩ1	kʰuĩ1	kʰuĩ1	tɕʰỹ1	tɕʰĩ1	tsʰĩ1	tɕʰiɛ̃1	tɕʰyɛ1	tʂʰuã1	tɕʰiɛ̃1
1038	串		山合三去线昌	tɕʰyɛ̃5	tɕʰỹ5	tɕʰyi5	tɕʰyĩ5	kʰuĩ5	kʰuĩ5	tɕʰỹ5	tɕʰĩ5	tsʰĩ5	tsʰuə̃5	tɕʰyɛ5	tʂʰuã5	tɕʰiɛ̃5
1039	船		山合三平仙船	ɕyɛ̃2	tɕʰỹ2	ɕyi2	ɕyĩ2	xuĩ2	xuĩ2	ɕỹ2	ɕĩ2	ɕĩ2	ɕiɛ̃1	ɕyɛ2	ʂuã1	ɕiɛ̃2
1040	软		山合三上狝日	yɛ̃3	ỹ3	yi2	yĩ3	uĩ4	vĩ4	ȵỹ4	ȵĩ3	ȵĩ4	ȵiɛ̃3	ȵyɛ3	ɳuã3	ȵiɛ̃3
1041	卷	~起	山合三上狝见	tɕyɛ̃3	tɕỹ3	tɕyi3	tɕyĩ3	kuĩ3	kuĩ3	tɕỹ3	tɕĩ3	tɕĩ3	kiɛ̃3	tɕyɛ3	tʂuã3	kiɛ̃3
1042	圈	圆~	山合三平仙溪	tɕʰyɛ̃1	tɕʰỹ1	tɕʰyi1	tɕʰyĩ1	kʰuĩ1	kʰuĩ1	tɕʰỹ1	tɕʰĩ1	tɕĩ1	kʰiɛ̃1	tɕʰyɛ1	tʂʰuã1	kʰiɛ̃1
1043	拳		山合三平仙群	tɕʰyɛ̃2	tɕʰỹ2	tɕʰyi2	tɕʰyĩ2	kʰuĩ2	kʰuĩ2	tɕʰỹ2	tɕʰĩ2	tɕʰĩ2	kʰiɛ̃2	tɕʰyɛ2	tʂʰuã2	kʰiɛ̃2
1044	权		山合三平仙群	tɕʰyɛ̃2	tɕʰỹ2	tɕʰyi2	tɕʰyĩ2	kʰuĩ2	kʰuĩ2	tɕʰỹ2	tɕʰĩ2	tɕĩ2	kʰiɛ̃2	tɕʰyɛ2	tʂʰuã2	kʰiɛ̃2
1045	圆		山合三平仙喻	yɛ̃2	ỹ2	yi2	yĩ2	uĩ2	vĩ2	ỹ2	vĩ2	vĩ2	vã2	ɵ2	yã2	viɛ̃2
1046	院		山合三去线云	yɛ̃5	ỹ6	yi6	yĩ6	uĩ6	vĩ6	ỹ6	vĩ6	vĩ6	vã6	ө6	yã5	viɛ̃5
1047	缘		山合三平仙以	yɛ̃2	ỹ2	yi2	yĩ2	uĩ2	vĩ2	ỹ2	vĩ2	vĩ2	vã2	ɵ2	yã2	viɛ̃2
1048	铅		山合三平仙以	yɛ̃1	tɕʰĩ1	yi2	tɕʰĩ1	kʰã1	kʰõ1	kʰẽ1	kʰũ1	kʰum1	vã1	tɕʰiɛ̃1	yã2	viɛ̃2
1049	捐		山合三平仙喻	tɕyɛ̃1	tɕỹ1	tɕyi1	tɕyĩ1	kuĩ1	kuĩ1	tɕỹ1	tɕĩ1	tɕĩ1	kiɛ̃1	tɕyɛ̃1	tʂuã1	tɕiɛ̃1
1050	反		山合三上阮非	fuʌ̃3	fõ3	fuo3	fo3	fã3	fõ3	fum3	fũ3	fum3	fʌ̃3	fã3	fã3	fã3
1051	贩		山合三去愿非	fuʌ̃5	fõ5	fuo5	fo5	fã5	fõ5	fum5	fũ5	fum5	fʌ̃5	fã5	fã5	fã5
1052	翻		山合三平元敷	fuʌ̃1	fõ1	fuo1	fo1	fã1	fõ1	fum1	fũ1	fum1	fʌ̃1	fã1	fã1	fã1
1053	烦		山合三平元奉	fuʌ̃2	fõ2	fuo2	fo2	fã2	fõ2	fum2	fũ2	fum2	fʌ̃2	fã2	fã2	fã2
1054	饭		山合三去愿奉	fuʌ̃5	fõ6	fuo6	fo6	fã6	fõ6	fum6	fũ6	fum6	fʌ̃6	fã6	fã5	fã6
1055	万		山合三去愿微	uʌ̃5	ŋõ6	ŋuo6	uo6	uã6	uõ6	m̩6	m̩6	m̩6	vʌ̃6	uã6	uã5	vã6
1056	劝		山合三去愿溪	tɕʰyɛ̃5	tɕʰỹ5	tɕʰyi5	tɕʰyĩ5	kʰuĩ5	kʰuĩ5	tɕʰỹ5	tɕʰĩ5	tɕʰĩ5	kʰiɛ̃5	tɕʰyɛ5	tʂʰuã5	kʰiɛ̃5
1057	元		山合三平元疑	yɛ̃2	ỹ2	yi2	yĩ2	uĩ2	vĩ2	ȵy2	ȵy2	vĩ2	ȵiɛ̃2	ȵyɛ2	ɳuã2	ȵiɛ̃2
1058	愿		山合三去愿疑	yɛ̃5	ỹ6	yi6	yĩ6	ui6	uĩ6	ỹ6	vĩ6	vi6	ȵiɛ̃6	ȵyɛ6	ɳuã5	ȵiɛ̃6
1059	楦	鞋~	山合三去愿晓	ɕyɛ̃5	ɕỹ5	ɕyi5	ɕyĩ5	xuĩ5	xuĩ5	ɕỹ5	ɕĩ5	ɕyĩ5	ɕiɛ̃5	ɕyɛ5	ɕiɛ̃5	ɕiɛ̃5
1060	冤		山合三平元影	yɛ̃1	ỹ1	yi1	yĩ1	uĩ1	vĩ1	ỹ1	vĩ1	vĩ1	vʌ̃1	ɵ1	yã1	viɛ̃1
1061	怨		山合三去愿影	yɛ̃5	ỹ5	yi5	yĩ5	uĩ5	vĩ5	ỹ5	vĩ5	vĩ5	vʌ̃5	ө5	yã5	viɛ̃5
1062	袁		山合三平元云	yɛ̃2	ỹ2	yi2	ỹĩ2	uĩ2	vĩ2	ỹ2	vĩ2	vĩ2	vʌ̃2	ɵ2	yã2	viɛ̃2
1063	远		山合三上阮云	yɛ̃3	ỹ3	yi3	yĩ3	uĩ4	vĩ4	ỹ4	vĩ3	vĩ4	vʌ̃3	ɵ3	yã3	viɛ̃3
1064	犬		山合四上铣溪	tɕʰyɛ̃3	tɕʰyɛn3	tɕʰyi3	tɕʰyĩ3	kʰuĩ3	kʰuĩ3	tɕʰỹ3	tɕʰĩ3	tɕʰĩ3	xiɛ̃3	tɕʰyɛ̃3	tʂʰuã3	tɕiɛ̃3
1065	悬		山合四平先匣	ɕyɛ̃2	ɕyɛn2	ɕyi2	ɕyĩ2	xuĩ2	xuĩ2	ɕỹ2	ɕĩ2	ɕĩ2	ɕiɛ̃2	ɕyɛ̃2	ʂuã2	ɕiɛ̃2
1066	县		山合四去霰匣	ɕiɛ̃5	ɕỹ6	ɕyi6	ɕyĩ6	ʃĩ6	ɕĩ6	ɕỹ6	ɕĩ6	ɕĩ6	ɕiɛ̃6	ɕiɛ̃6	ɕiɛ̃5	xiɛ̃6
1067	吞		臻开一平痕透	tʰən1	tʰən1	tʰɛn1	tʰɛn1	tʰəŋ1	tʰəŋ1	tʰæ̃1	tʰɛn1	tʰɛn1	tʰẽ1	tʰən1	tʰən1	tʰẽ1
1068	根		臻开一平痕见	kən1	kiɛn1	kɛn1	kɛn1	kuəŋ1	kuəŋ1	kuæ̃1	kuɛn1	kuɛn1	kuẽ1	kuən1	kən1	kuẽ1
1069	垦		臻开一上很溪	kən3	kʰən3	kʰɛn3	kʰɛn3	kʰuəŋ3	kʰəŋ3	kʰæ̃3	kʰuɛn3	kʰuɛn3	kʰẽ3	kʰuən3	kʰən3	kʰẽ3
1070	痕		臻开一平痕匣	xən2	xən2	xɛn2	xɛn2	xəŋ2	xəŋ2	xæ̃2	xɛn2	xɛn2	xẽ2	xən2	xən2	xẽ2
1071	很		臻开一上很匣	xən3	xən3	xɛn3	xɛn3	xəŋ3	xəŋ3	xæ̃3	xɛn3	xɛn3	xẽ3	xən3	xən3	xẽ3
1072	恨		臻开一去恨匣	xən5	xən6	xɛn6	xɛn6	xəŋ6	xəŋ6	xæ̃6	xɛn5	xɛn6	xẽ6	xən6	xən5	xẽ6
1073	恩		臻开一平痕影	ən1	ən1	ŋɛn1	ŋɛn1	uəŋ1	vəŋ1	væ̃1	vɛn1	vɛn1	ŋẽ1	uən1	ŋən1	ŋẽ1
1074	宾		臻开三平真帮	pin1	pãi1	pai1	pɛn1	pɛn1	pɛn1	pæ̃1	pɛn1	pɛn1	pẽ1	pən1	pin1	pẽ1
1075	殡		臻开三去震帮	pin5	pãi5	pai5	pɛn5	pɛn5	pɛn5	pæ̃5	pɛn5	pɛn5	pẽ5	pən5	pin5	pẽ5
1076	贫		臻开三平真并	pʰin2	pʰãi2	pʰɛn2	pʰɛn2	pʰɛn2	pʰɛn2	pʰæ̃2	pʰɛn2	pʰɛn2	pʰẽ2	pʰən2	pʰin2	pʰẽ2
1077	民		臻开三平真明	min2	mãi2	mɛn2	mɛn2	mɛn2	mɛn2	mæ̃2	mɛn2	mɛn2	mẽ2	mən2	min2	mẽ2
1078	敏		臻开三上轸明	min3	mãi3	mɛn3	mɛn3	mɛn4	mɛn4	mæ̃4	mɛn3	mɛn4	mẽ3	mən3	min3	mẽ3
1079	邻		臻开三平真来	lən2	nãi2	nai2	lɛn2	nɛn2	nɛn2	læ̃2	nɛn2	nɛn2	nẽ2	lən2	lin2	lẽ2
1080	津		臻开三平真精	tɕin1	tɕiɛn1	tsɛn1	tɕiɛn1	tsɛn1	tsɛn1	tsæ̃1	tsɛn1	tsɛn1	tsẽ1	tsən1	tsən1	tsẽ1
1081	尽	~管	臻开三上轸精	tɕin3	tsən3	tsʰɛn3	tsʰɛn3	tsɛn3	tsɛn3	tsæ̃3	tsɛn3	tsɛn3	tsẽ3	tsən3	tɕin3	tsẽ3
1082	进		臻开三去震精	tsən5	tsən5	tsɛn5	tɕiɛn5	tsɛn5	tsɛn5	tsæ̃5	tsɛn5	tsɛn5	tsẽ5	tsən5	tɕin5	tsẽ5
1083	亲		臻开三平真清	tsʰən1	tsʰən1	tsʰɛn1	tsʰɛn1	tsʰɛn1	tsʰɛn1	tsʰæ̃1	tsʰɛn1	tsʰɛn1	tsʰẽ1	tsʰən1	tɕʰin1	tsʰẽ1
1084	秦		臻开三平真从	tɕʰin2	tɕʰiɛn2	tɕʰiɛn2	tɕʰiɛn2	tsʰɛn2	tsʰəŋ2	tsʰæ̃2	tsʰɛn2	tsʰɛn2	tsʰẽ2	tsʰən2	tɕʰin2	tsʰẽ2
1085	尽	~头	臻开三上轸从	tɕin5	tsʰən6	tsʰɛn6	tsʰɛn6	tsʰɛn4	tsʰɛn4	tsʰæ̃4	tsʰɛn2	tsʰɛn4	tsʰẽ6	tsʰən6	tɕʰin5	tsʰẽ6
1086	新		臻开三平真心	sən1	sən1	sɛn1	sɛn1	sɛn1	sɛn1	sæ̃1	sɛn1	sɛn1	sẽ1	sən1	ɕin1	sẽ1
1087	信		臻开三去震心	sən5	sən5	sɛn5	sɛn5	sɛn5	sɛn5	sæ̃5	sɛn5	sɛn5	sẽ5	sən5	ɕin5	sẽ5
1088	珍		臻开三去真知	tɕin1	tɕiɛn1	tɕiɛn1	tsɛn1	tsɛn1	tsɛn1	tsæ̃1	tʃɛn1	tsɛn1	tʃẽ1	tæ̃1	tʃən1	tɕiẽ1
1089	镇		臻开三去震知	tɕin5	tɕiɛn5	tɕiɛn5	tɕiɛn5	tsɛn5	tsɛn5	tsæ̃5	tʃɛn5	tsɛn5	tʃẽ5	tɕiən5	tʃən5	tɕiẽ5
1090	陈		臻开三平真澄	tɕʰin2	tɕʰiɛn2	tɕʰiɛn2	tɕʰiɛn2	tsʰɛn2	tsʰɛn2	tsʰæ̃2	tʃʰɛn2	tsʰɛn2	tʃʰẽ2	tɕʰiən2	tʃʰən2	tɕʰiẽ2
1091	阵		臻开三去震澄	tɕʰin5	tɕʰiɛn6	tɕʰiɛn6	tsʰɛn6	tsʰɛn6	tsʰɛn6	tsʰæ̃6	tʃʰɛn6	tsʰɛn6	tʃʰẽ6	tsʰən6	tʃʰən5	tɕʰiẽ6
1092	衬		臻开三去震穿	tsʰən5	tsʰən5	tɕʰiɛn5	tsʰɛn5	tsʰɛn5	tsʰɛn5	tsʰæ̃5	tʃʰɛn5	tsʰɛn5	tʃʰẽ5	tɕʰiən5	tʃʰən5	tɕʰiẽ5
1093	真		臻开三平真章	tɕin1	tɕiɛn1	tɕiɛn1	tɕiɛn1	tsɛn1	tsɛn1	tsæ̃1	tʃɛn1	tsɛn1	tʃẽ1	tɕiən1	tʃən1	tɕiẽ1
1094	诊		臻开三上轸章	tɕin3	tʂãi3	tɕiɛn3	tsɛn3	tsɛn3	tsɛn3	tsæ̃3	tʃɛn3	tsɛn3	tʃẽ3	tɕiən3	tʃən3	tɕiẽ3
1095	震		臻开三去震章	tɕin5	tɕiɛn5	tɕiɛn5	tɕiɛn5	tsɛn5	tsɛn5	tsæ̃5	tʃɛn5	tsɛn5	tʃẽ5	tɕiən5	tʃən5	tɕiẽ5
1096	神		臻开三平真船	ɕin2	ɕiɛn2	ɕiɛn2	ɕiɛn2	sɛn2	sɛn2	sæ̃2	ʃɛn2	sɛn2	ʃẽ2	ɕiən2	ʃən2	ɕiẽ2
1097	身		臻开三平真书	ɕin1	ɕiɛn1	ɕiɛn1	ɕiɛn1	sɛn1	sɛn1	sæ̃1	ʃɛn1	sɛn1	ʃẽ1	ɕiən1	ʃən1	ɕiẽ1
1098	辰		臻开三平真禅	ɕin2	tɕʰiɛn2	ɕiɛn2	ɕiɛn2	sɛn2	sɛn2	sæ̃2	ʃɛn2	sɛn2	ʃẽ2	ɕiən2	ʃən2	ɕiẽ2
1099	人		臻开三平真日	in2	iɛn2	iɛn2	iɛn2	iɛn2	iɛn2	iæ̃2	iɛn2	ȵiɛn2	ȵiẽ2	ȵiən2	ȵiən2	ȵiẽ2
1100	忍		臻开三上轸日	in3	iɛn3	iɛn3	iɛn3	iɛn4	iɛn4	ȵiæ̃4	ȵiɛn3	ȵiɛn4	iẽ3	ȵiən3	ȵiən3	ȵiẽ3
1101	认		臻开三去震日	in5	iɛn6	iɛn6	iɛn6	ȵiɛn6	ȵiɛn6	ȵiæ̃6	ȵiɛn6	ȵiɛn6	ȵiẽ6	ȵiən6	ȵiən5	ȵiẽ6
1102	巾		臻开三平真见	tɕin1	tɕiɛn1	tɕiɛn1	tɕiɛn1	tʃɛn1	tɕiɛn1	tɕiæ̃1	tʃɛn1	tɕiɛn1	tʃẽ1	tɕiən1	tʃən1	tɕiẽ1
1103	紧		臻开三上轸见	tɕin3	tɕiɛn3	tɕiɛn3	tɕiɛn3	tʃɛn3	tɕiɛn3	tɕiæ̃3	tʃɛn3	tɕiɛn3	tʃẽ3	tɕiən3	tʃən3	tɕiẽ3
1104	银		臻开三平真疑	in2	iɛn2	iɛn2	iɛn2	ȵiɛn2	ȵiɛn2	ȵiæ̃2	ȵiɛn2	ȵiɛn2	ȵiẽ2	ȵiən2	ȵiən2	ȵiẽ2
1105	因		臻开三平真影	in1	iɛn1	iɛn1	iɛn1	iɛn1	iɛn1	iæ̃1/iɔ̃1	iɛn1	iɛn1	iẽ1	iən1	iən1	iẽ1
1106	印		臻开三去震影	in5	iɛn5	iɛn5	iɛn5	iɛn5	iɛn5	iæ̃5	iɛn5	iɛn5	iẽ5	iən5	iən5	iẽ5
1107	寅	~时	臻开三平真以	in2	iɛn2	iɛn2	iɛn2	iɛn2	iɛn2	iæ̃2	iɛn2	iɛn2	iẽ2	iən2	iən2	iẽ2
1108	引		臻开三上轸以	in3	iɛn3	iɛn3	iɛn3	iɛn4	iɛn4	iæ̃4	iɛn3	iɛn4	iẽ3	iən3	iən3	iẽ3
1109	斤		臻开三平欣见	tɕin1	tɕiɛn1	tɕiɛn1	tɕiɛn1	tʃɛn1	tɕiɛn1	tɕiæ̃1	tʃɛn1	tɕiɛn1	tʃẽ1	tɕiən1	tʃən1	tɕiẽ1
1110	劲	有~	臻开三去焮见	tɕin5	tɕiɛn5	tɕiɛn5	tɕiɛn5	tʃɛn5	tɕiɛn5	tɕiæ̃5	tʃɛn5	tɕiɛn5	tʃẽ5	tɕiən5	tʃən5	tɕiẽ5
1111	勤		臻开三平欣群	tɕʰin2	tɕʰiɛn2	tɕʰiɛn2	tɕʰiɛn2	tʃɛn2	tɕʰiɛn2	tɕʰiæ̃2	tʃʰɛn2	tɕʰiɛn2	tʃʰẽ2	tɕʰiən2	tʃʰən2	tɕʰiẽ2
1112	近		臻开三上隐群	tɕʰin5	tɕʰiɛn6	tɕʰiɛn6	tɕʰiɛn6	tʃʰɛn4	tɕʰiɛn4	tɕʰiæ̃4	tʃʰɛn2	tɕʰiɛn4	tʃʰẽ6	ɕʰiən6	tʃʰən5	tɕʰiẽ6
1113	隐		臻开三上隐影	in3	iɛn3	iɛn3	iɛn3	iɛn3	iɛn3	iæ̃3	iɛn3	iɛn3	vẽ3	iən3	iən3	iẽ3
1114	本		臻合一上混帮	pən3	pən3	pɛn3	pɛn3	pəŋ3	pəŋ3	pæ̃3	pɛn3	pɛn3	pẽ3	pən3	pən3	pẽ3
1115	喷	~水	臻合一平魂滂	pʰən1	pʰən1	pʰɛn1	pʰɛn1	pʰəŋ1	pʰəŋ1	pʰæ̃1	pʰɛn1	pʰɛn1	pʰẽ1	pʰən1	pʰən1	pʰẽ1
1116	盆		臻合一平魂并	pʰən2	pʰən2	pʰɛn2	pʰɛn2	pʰəŋ2	pʰəŋ2	pʰæ̃2	pʰɛn2	pʰɛn2	pʰẽ2	pʰən2	pʰən2	pʰẽ2
1117	笨		臻合一上混并	pən5	pʰən6	pɛn5	pʰɛn6	pəŋ6	pʰəŋ6	pʰæ̃6	pʰɛn6	pʰɛn6	pʰẽ6	pʰən6	pən5	pʰẽ6
1118	门		臻合一平魂明	mən2	mən2	mɛn2	mɛn2	məŋ2	məŋ2	mæ̃2	mɛn2	mɛn2	mẽ2	mən2	mən2	mẽ2
1119	焖		臻合一去恩明	mən5	mən6	mɛn6	mɛn6	məŋ6	məŋ6	mæ̃6	mɛn6	mɛn6	mẽ6	mən6	mən5	mẽ6
1120	敦		臻合一平魂端	tən1	tən1	tɛn1	tɛn1	təŋ1	təŋ1	tæ̃1	tɛn1	tɛn1	tẽ1	tən1	tən1	tẽ1
1121	墩		臻合一平魂端	tən1	tən1	tɛn1	tɛn1	təŋ1	təŋ1	tæ̃1	tɛn1	tɛn1	tẽ1	tən1	tən1	tẽ1
1122	顿		臻合一去恩端	tən5	tən5	tɛn5	tɛn5	təŋ5	təŋ5	tæ̃5	tɛn5	tɛn5	tẽ5	tən5	tən5	tẽ5
1123	钝		臻合一去恩定	tən5	tən6	tɛn6	tʰɛn6	təŋ6	tʰəŋ6	tʰæ̃6	tʰɛn6	tʰɛn6	tʰẽ6	tʰən6	tʰən5	tʰẽ6
1124	嫩		臻合一去恩泥	lən5	lən6	lɛn6	lɛn6	ləŋ6	nəŋ6	læ̃6	nɛn6	nɛn6	nẽ6	lən6	lən5	lẽ6
1125	论		臻合一去恩来	lən5	lən6	lɛn6	lɛn6	ləŋ6	nəŋ6	læ̃6	nɛn6	nɛn6	nẽ6	lən6	lən5	lẽ6
1126	尊		臻合一平魂精	tsən1	tsən1	tsɛn1	tsɛn1	tsəŋ1	tsəŋ1	tsæ̃1	tsɛn1	tsɛn1	tsẽ1	tsən1	tsən1	tsẽ1
1127	村		臻合一平魂清	tsʰən1	tsʰən1	tsʰɛn1	tsʰɛn1	tsʰəŋ1	tsʰəŋ1	tsʰæ̃1	tsʰɛn1	tsʰɛn1	tsʰẽ1	tsʰən1	tsʰən1	tsʰuẽ1
1128	寸		臻合一去恩清	tsʰən5	tsʰən5	tsʰɛn5	tsʰɛn5	tsʰəŋ5	tsʰəŋ5	tsʰæ̃5	tsʰɛn5	tsʰɛn5	tsʰẽ5	tsʰən5	tsʰən5	tsʰuẽ5
1129	存		臻合一平魂从	tsʰən2	tsʰən2	tsʰɛn2	tsʰɛn2	tsəŋ2	tsʰəŋ2	tsʰæ̃2	tsʰɛn2	tsʰɛn2	tsʰẽ2	tsʰən2	tsʰən2	tsʰuẽ2
1130	蹲		臻合一平魂从	tən1	tən1	tɛn1	tɛn1	tsəŋ1	təŋ1	tæ̃1	tɛn1	tsɛn1	tẽ1	tən1	tən1	tẽ1
1131	孙		臻合一平魂心	sən1	sən1	sɛn1	sɛn1	səŋ1	səŋ1	sæ̃1	sɛn1	sɛn1	sẽ1	sən1	sən1	sẽ1
1132	损		臻合一上混心	sən3	sən3	sɛn3	sɛn3	səŋ3	səŋ3	sæ̃3	sɛn3	sɛn3	sẽ3	sən3	sən3	suẽ3
1133	滚		臻合一上混见	kuən3	kuən3	kuɛn3	kuɛn3	kuəŋ3	kuəŋ3	kuæ̃3	kuɛn3	kuɛn3	kuẽ3	kuən3	kuən3	kuẽ3
1134	棍		臻合一去恩见	kuən5	kuən5	kuɛn5	kuɛn5	kuəŋ5	kuəŋ5	kuæ̃5	kuɛn5	kuɛn5	kuẽ5	kuən5	kuən5	kuẽ5
1135	坤		臻合一平魂溪	kʰuən1	kʰuən1	kʰuɛn1	kʰuɛn1	kʰuəŋ1	kʰuəŋ1	kʰuæ̃1	kʰuɛn1	kʰuɛn1	kʰuẽ1	kʰuən1	kʰuən1	kʰuẽ1
1136	捆		臻合一上混溪	kʰuən3	kʰuən3	kʰuɛn3	kʰuɛn3	kʰuəŋ3	kʰuəŋ3	kʰuæ̃3	kʰuɛn3	kʰuɛn3	kʰuẽ3	kʰuən3	kʰuən3	kʰuẽ3
1137	困		臻合一去恩溪	kʰuən5	kʰuən5	kʰuɛn5	kʰuɛn5	kʰuəŋ5	kʰuəŋ5	kʰuæ̃5	kʰuɛn5	kʰuɛn5	kʰuẽ5	kʰuən5	kʰuən5	kʰuẽ5
1138	昏		臻合一平魂晓	xuən1	xuən1	fɛn1/xuɛn1	fɛn1	xuəŋ1	xuəŋ1	xuæ̃1	xuɛn1	xuɛn1	xuẽ1	xuən1	xuən1	xuẽ1
1139	魂		臻合一平魂匣	xuən2	xuən2	xuɛn2	fɛn2	xuəŋ2	xuəŋ2	xuæ̃2	xuɛn2	xuɛn2	xuẽ2	xuən2	xuən2	xuẽ2
1140	浑	水~	臻合一平魂匣	xuən2	xuən2	xuɛn2	fɛn2	xuəŋ2	xuəŋ2	xuæ̃2	xuɛn2	xuɛn2	xuẽ2	xuən2	xuən2	xuẽ2
1141	混		臻合一上混匣	xuən5	xuən6	xuɛn6	fɛn6	xuəŋ4	xuəŋ4	xuæ̃6	xuɛn6	xuɛn4	xuẽ6	xuən6	xuən5	xuẽ6
1142	瘟		臻合一平魂影	uən1	uən1	uɛn1	uɛn1	uəŋ1	vəŋ1	væ̃1	vɛn1	vɛn1	vẽ1	uən1	uən1	vẽ1
1143	稳		臻合一上混影	uən3	uən3	uɛn3	uɛn3	uəŋ3	vəŋ3	væ̃3	vɛn3	vɛn3	vẽ3	uən3	uən3	vẽ3
1144	轮		臻合三平谆来	lən2	lən2	lɛn2	lɛn2	ləŋ2	nəŋ2	næ̃2	nɛn2	nɛn2	nẽ2	lən2	lən2	lẽ2
1145	遵		臻合三平谆精	tɕyn1	tsən1	tɕiɛn1	tsɛn1	tsəŋ1	tsəŋ1	tsæ̃1	tsɛn1	tsɛn1	tsẽ1	tɕiən1	tsən1	tsẽ1
1146	笋		臻合三上凖心	sən3	sən3	sɛn3	sɛn3	səŋ3	səŋ3	sæ̃3	sɛn3	sɛn3	sẽ3	sən3	sən3	sẽ3
1147	准		臻合三上凖章	tɕyn3	tɕyɛn3	tɕyɛn3	tɕyɛn3	tsəŋ3	tsəŋ3	tsæ̃3	tʃɛn3	tsɛn3	tʃẽ3	tɕiən3	tʃuən3	tɕiẽ3
1148	春		臻合三平谆昌	tɕʰyn1	tɕʰyɛn1	tɕʰyɛn1	tɕʰyɛn1	tsʰəŋ1	kʰuəŋ1	tsʰæ̃1	tʃʰɛn1	tsʰɛn1	tʃʰẽ1	tɕʰiən1	tʃʰuən1	tɕʰiẽ1
1149	唇		臻合三平谆船	tɕʰyn2	tsʰən2	ɕyɛn2	ɕyɛn2	tsʰəŋ2	səŋ2	sæ̃2	ʃɛn2	sɛn2	ʃẽ2	tɕʰiən2	tʃʰuən2	ɕiẽ2
1150	顺		臻合三去椁船	ɕyn5	ɕyɛn6	ɕyɛn6	ɕyɛn6	səŋ6	xuəŋ6	sæ̃6	ʃɛn6	sɛn6	ʃẽ6	ɕiən6	ʃuən5	ɕiẽ6
1151	纯		臻合三平谆禅	ɕyn2	tsʰən2	ɕyɛn2	ɕyɛn2	səŋ2	səŋ2	tsʰæ̃2	ʃɛn2	sɛn2	ʃẽ2	ɕiən2	ʃuən2	tɕiẽ2
1152	闰		臻合三去椁日	yn5	yɛn6	yɛn6	yɛn6	iəŋ6	vəŋ6	væ̃6	vɛn6	iɛn6	iẽ6	uən6	yən5	yẽ6
1153	均		臻合三平谆见	tɕyn1	tɕyɛn1	tɕyɛn1	tɕyɛn1	kuəŋ1	kuəŋ1	kuæ̃1	kuɛn1	kuɛn1	kuẽ1	kuən1	tʃuən1	tɕyẽ1
1154	菌		臻合三上凖群	tɕyn1	tɕyɛn1	tɕyɛn1	tɕyɛn1	kʰuəŋ4	kʰuəŋ4	kʰuæ̃4	kʰuɛn2	kʰuɛn4	kʰuẽ6	kʰuən6	kʰuən5	tɕʰyẽ6
1155	匀		臻合三平谆以	yn2	yɛn2	yɛn2	yɛn2	uəŋ2	vəŋ2	væ̃2	vɛn2	uɛn2	vẽ2	uən2	yən2	yẽ2
1156	允		臻合三上凖以	yn3	yɛn3	yɛn3	yɛn3	uəŋ4	vəŋ4	iɔ̃4	vɛn3	uɛn4	vẽ3	iən3	yən3	yẽ3
1157	分	~开	臻合三平文非	fən1	fən1	fɛn1	fɛn1	fəŋ1	fəŋ1	fæ̃1	fɛn1	fɛn1	fẽ1	fən1	fən1	fẽ1
1158	粉		臻合三上吻非	fən3	fən3	fɛn3	fɛn3	fəŋ3	fəŋ3	fæ̃3	fɛn3	fɛn3	fẽ3	fən3	fən3	fẽ3
1159	坟		臻合三平文奉	fən2	fən2	fɛn2	fɛn2	fəŋ2	fəŋ2	fæ̃2	fɛn2	fɛn2	fẽ2	fən2	fən2	fẽ2
1160	份		臻合三去问奉	fən5	fən6	fɛn6	fɛn6	fəŋ6	fəŋ6	fæ̃6	fɛn6	fɛn6	fẽ6	fən6	fən5	fẽ6
1161	文		臻合三平文微	uən2	uən2	uɛn2	uɛn2	uəŋ2	vəŋ2	væ̃2	vɛn2	uɛn2	vẽ2	uən2	uən2	vẽ2
1162	蚊		臻合三平文微	mən2	mən2	mɛn2	mɛn2	məŋ2	mən2	mæ̃2	mɛn2	mɛn2	mẽ2	mən2	mən2	mẽ2
1163	闻		臻合三平文微	uən2	uən2	uɛn2	uɛn2	uəŋ2	vəŋ2	væ̃2	vɛn2	uɛn2	vẽ2	uən2	uən2	vẽ2
1164	问		臻合三去问微	mən5	mən6	mɛn6	mɛn6	uəŋ6	vəŋ6	mæ̃6	vɛn6	mɛn6	mẽ6	mən6	mən5	mẽ6
1165	军		臻合三平文见	tɕyn1	tɕyɛn1	tɕyɛn1	tɕyɛn1	kəŋ1	kuəŋ1	kuæ̃1	kuɛn1	kuɛn1	kuẽ1	kuən1	tʃuən1	kuẽ1
1166	裙		臻合三平文群	tɕʰyn2	tɕʰyɛn2	tɕʰyɛn2	tɕʰyɛn2	kʰuəŋ2	kʰuəŋ2	kʰuæ̃2	kʰuɛn2	kʰuɛn2	kʰuẽ2	kʰuən2	tʃʰuən2	kʰuẽ2
1167	熏		臻合三平文晓	ɕyn1	ɕyɛn1	ɕyɛn1	ɕyɛn1	xuəŋ1	xuəŋ1	xuæ̃1	xuɛn1	xuɛn1	xuẽ1	xuən1	ʃuən1	ɕyẽ1
1168	荤		臻合三平文晓	xuən1	xuən1	xuɛn1	fɛn1	xuəŋ1	xuəŋ1	xuæ̃1	xuɛn1	xuɛn1	xuẽ1	xuən1	xuən1	xuẽ1
1169	训		臻合三去问晓	ɕyn5	ɕyɛn5	ɕyɛn5	ɕyɛn5	xuəŋ5	xuəŋ5	xuæ̃5	xuɛn5	xuɛn5	xuẽ5	xuən5	ʃuən5	ɕyẽ5
1170	云		臻合三平文云	yn2	yɛn2	yɛn2	yɛn2	suəŋ2	vəŋ2	væ̃2	vɛn2	vɛn2	vẽ2	uən2	yən2	vẽ2
1171	韵		臻合三去问云	yn5	yɛn5	yɛn6	yɛn5	uəŋ6	vəŋ6	væ̃6	vɛn6	vɛn6	vẽ6	uən6	yən5	yẽ6
1172	运		臻合三去问云	yn5	yɛn6	yɛn6	yɛn6	uəŋ6	vəŋ6	væ̃6	vɛn6	vɛn6	vẽ6	uən6	yən5	yẽ6
1173	晕		臻合三去问云	yn5	yɛn1	yɛn6	yɛn6	uəŋ6	vəŋ6	væ̃6	vɛn1	vɛn1	xuẽ6	xuən1	yən1	xuẽ6
1174	帮		宕开一平唐帮	paŋ1	paŋ1	paŋ1	paŋ1	pɔ̃1	pʌ̃1	pã1	pɔ̃1	pã1	pɔ̃1	pɔ̃1	pəŋ1	pʌŋ1
1175	榜		宕开一上荡帮	paŋ3	paŋ3	paŋ3	paŋ3	pɔ̃3	pʌ̃3	pã3	pɔ̃3	pã3	pɔ̃3	pɔ̃3	pəŋ3	pʌŋ3
1176	旁		宕开一平唐并	pʰaŋ2	pʰaŋ2	pʰaŋ2	pʰaŋ2	pɔ̃2	pʰʌ̃2	pʰã2	pʰɔ̃2	pʰã2	pʰɔ̃2	pʰɔ2	pʰəŋ2	pʰʌŋ2
1177	忙		宕开一平唐明	maŋ2	maŋ2	maŋ2	maŋ2	mɔ̃2	mʌ̃2	mã2	mɔ̃2	mã2	mɔ̃2	mɔ2	məŋ2	mʌŋ2
1178	当	~时	宕开一平唐端	taŋ1	taŋ1	taŋ1	taŋ1	tɔ̃1	tʌ̃1	tã1	tɔ̃1	tã1	tɔ̃1	tɔ̃1	tã1	tʌŋ1
1179	党		宕开一上荡端	taŋ3	taŋ3	taŋ3	taŋ3	tɔ̃3	tʌ̃3	tã3	tɔ̃3	tã3	tɔ̃3	tɔ̃3	tã3	tʌŋ3
1180	当	上~	宕开一去宕端	taŋ5	taŋ5	taŋ5	taŋ5	tɔ̃5	tʌ̃5	tã5	tɔ̃5	tã5	tɔ̃5	tɔ5	tã5	tʌŋ5
1181	汤		宕开一平唐透	tʰaŋ1	tʰaŋ1	tʰaŋ1	tʰaŋ1	tʰɔ̃1	tʰʌ̃1	tʰã1	tʰɔ̃1	tʰã1	tʰɔ̃1	tʰɔ1	tʰã1	tʰʌŋ1
1182	烫		宕开一去宕透	tʰaŋ5	tʰaŋ5	tʰaŋ5	tʰaŋ5	tʰɔ̃5	tʰʌ̃5	tʰã5	tʰɔ̃5	tʰã5	tʰɔ̃5	tʰɔ5	tʰã5	tʰʌŋ5
1183	堂		宕开一平唐定	tʰaŋ2	tʰaŋ2	tʰaŋ2	tʰaŋ2	tɔ̃2	tʰʌ̃2	tʰã2	tʰɔ̃2	tʰã2	tʰɔ̃2	tʰɔ2	tʰã2	tʰʌŋ2
1184	糖		宕开一平唐定	tʰaŋ2	tʰaŋ2	tʰaŋ2	tʰaŋ2	tɔ̃2	tʰʌ̃2	tʰã2	tʰɔ̃2	tʰã2	tʰɔ̃2	tʰɔ2	tʰã2	tʰʌŋ2
1185	郎		宕开一平唐来	laŋ2	laŋ2	laŋ2	laŋ2	lɔ̃2	nʌ̃2	lã2	nɔ̃2	nã2	nɔ̃2	lɔ2	lã2	lʌŋ2
1186	浪		宕开一去宕来	laŋ5	laŋ6	laŋ6	laŋ6	lɔ̃6	nʌ̃6	lã6	nɔ̃6	nã6	nɔ̃6	lɔ6	lã5	lʌŋ6
1187	脏	肮~	宕开一平唐精	tsaŋ1	tsaŋ1	tsaŋ1	tsaŋ1	tsɔ̃1	tsʌ̃1	tsã1	tsɔ̃1	tsã1	tsɔ̃1	tsɔ1	tsã1	tsʌŋ1
1188	葬		宕开一去宕精	tsaŋ5	tsaŋ5	tsaŋ5	tsaŋ5	tsɔ̃5	tsʌ̃5	tsã5	tsɔ̃5	tsã5	tsɔ̃5	tsɔ5	tsã5	tsʌŋ5
1189	仓		宕开一平唐清	tsʰaŋ1	tsʰaŋ1	tsʰaŋ1	tsʰaŋ1	tsʰɔ̃1	tsʰʌ̃1	tsʰã1	tsʰɔ̃1	tsʰã1	tsʰɔ̃1	tsʰɔ1	tsʰã1	tsʰʌŋ1
1190	藏	西~	宕开一去宕从	tsaŋ5	tsʰaŋ6	tsʰaŋ6	tsʰaŋ6	tsʰɔ̃6	tsʰʌ̃6	tsʰã6	tsʰɔ̃6	tsʰã6	tsʰɔ̃6	tsʰɔ6	tsʰã5	tsʰʌŋ6
1191	脏	内~	宕开一去宕从	tsaŋ5	tsʰaŋ6	tsʰaŋ6	tsʰaŋ6	tsʰɔ̃6	tsʰʌ̃6	tsʰã6	tsʰɔ̃6	tsʰã6	tsʰɔ̃6	tsʰɔ6	tsʰã5	tsʰʌŋ6
1192	桑		宕开一平唐心	saŋ1	saŋ1	saŋ1	saŋ1	sɔ̃1	sʌ̃1	sã1	sɔ̃1	sã1	ɕiɔ̃1	sɔ1	sã1	sʌŋ1
1193	缸		宕开一平唐见	kaŋ1	kaŋ1	kaŋ1	kaŋ1	kɔ̃1	kʌ̃1	kã1	kɔ̃1	kã1	kɔ̃1	kɔ1	kã1	kʌŋ1
1194	糠		宕开一平唐溪	kʰaŋ1	kʰaŋ1	kʰaŋ1	kʰaŋ1	kʰɔ̃1	kʰʌ̃1	kʰã1	kʰɔ̃1	kʰã1	kʰɔ̃1	kʰɔ1	kʰã1	kʰʌŋ1
1195	抗		宕开一去宕溪	kʰaŋ5	kʰaŋ5	kʰaŋ5	kʰaŋ5	kʰɔ̃5	kʰʌ̃5	kʰã5	kʰɔ̃5	kʰã5	kʰɔ̃5	kʰɔ̃5	kʰã5	kʰʌŋ5
1196	行	~列	宕开一平唐匣	xaŋ2	xaŋ2	xaŋ2	xaŋ2	xɔ̃2	xʌ̃2	xã2	xã2	xã2	xã2	xɔ2	xã2	xʌŋ2
1197	娘		宕开三平阳泥	yaŋ2	niõ2	ȵia2	ia2	ȵiɔ̃2	ȵiʌ̃2	ȵiã2	niɔ̃2	niã2	niɔ̃2	ȵiã2	ȵiã2	ȵiʌŋ2
1198	凉		宕开三平阳来	niã2	niõ2	na2	la2	niɔ̃2	liʌ̃2	niã2	niɔ̃2	niã2	niɔ̃2	liã2	liã2	liʌŋ2
1199	两	~个	宕开三上养来	niã3	niõ3	na3	la3	niɔ̃4	liʌ̃4	niã4	niɔ̃3	niã4	niɔ̃3	liã3	liã3	liʌŋ3
1200	两	几~	宕开三上养来	niã3	niõ3	na3	la3	niɔ̃4	liʌ̃4	niã4	niɔ̃3	niã4	niɔ̃3	liã3	liã3	liʌŋ3
1201	亮		宕开三去漾来	niã5	niõ6	na6	la6	niɔ̃6	liʌ̃5	niã6	niɔ̃6	niã6	niɔ̃6	liã6	liã5	liʌŋ6
1202	浆		宕开三平阳精	tsiã1	tsiõ1	tsa1	tɕia1	tsiɔ̃1	tsiʌ̃1	tsiã1	tsiɔ̃1	tsiã1	tɕiɔ̃1	tsiã1	tɕiã1	tɕiʌŋ1
1203	蒋		宕开三上养精	tsiã3	tsiõ3	tsa3	tsa3	tsiɔ̃3	tsiʌ̃3	tsiã3	tsiɔ̃3	tsiã3	tɕiɔ̃3	tsiã3	tɕiã3	tɕiʌŋ3
1204	酱		宕开三去漾精	tsiã5	tsiõ5	tsa5	tsa5	tsiɔ̃5	tsiʌ̃5	tsiã5	tsiɔ̃5	tsiã5	tɕiɔ̃5	tsiã5	tɕiã5	tɕiʌŋ5
1205	枪		宕开三平阳清	tsʰiã1	tsʰiõ1	tsʰa1	tsʰa1	tsʰiɔ̃1	tsʰiʌ̃1	tsʰiã1	tsʰiɔ̃1	tsʰiã1	tɕʰiɔ̃1	tsʰiã1	tɕʰiã1	tɕʰiʌŋ1
1206	抢		宕开三上养清	tsʰiã3	tsʰiõ3	tsʰa3	tsʰa3	tsʰiɔ̃3	tsʰiʌ̃3	tsʰiã3	tsʰiɔ̃3	tsʰiã3	tɕʰiɔ̃3	tsʰiã3	tɕʰiã3	tɕʰiʌŋ3
1207	墙		宕开三平阳从	tsʰiã2	tsʰiõ2	tsʰa2	tsʰa2	tsʰiɔ̃2	tsʰiʌ̃2	tsʰiã2	tsʰiɔ̃2	tsʰiã2	tɕʰiɔ̃2	tsʰiã2	tɕʰiã2	tɕʰiʌŋ2
1208	匠		宕开三去漾从	tsʰiã5	tsʰiõ6	tsʰa6	tsʰa6	tsʰiɔ̃6	tsʰiʌ̃6	tsʰiã6	tsʰiɔ̃6	tsʰiã6	tɕʰiɔ̃6	tsʰiã6	tɕʰiã5	tɕʰiʌŋ6
1209	箱		宕开三平阳心	siã1	siõ1	sa1	sa1	siɔ̃1	siʌ̃1	siã1	siɔ̃1	siã1	ɕiɔ̃1	siã1	ɕiã1	ɕiʌŋ1
1210	想		宕开三上养心	siã3	siõ3	sa3	sa3	siɔ̃3	siʌ̃3	siã3	siɔ̃3	siã3	ɕiɔ̃3	siã3	ɕiã3	ɕiʌŋ3
1211	相	~貌	宕开三去漾心	siã5	siõ5	sa5	sa5	siɔ̃5	siʌ̃5	siã5	siɔ̃5	siã5	ɕiɔ̃5	siã5	ɕiã5	ɕiʌŋ5
1212	详		宕开三平阳邪	siã2	siõ2	sia2	sa2	tsʰiɔ̃2	tsʰiʌ̃2	tsʰiã2	tsʰiɔ̃2	tsʰiã2	tɕʰiɔ̃2	tsʰiã2	tɕʰiã2	tɕʰiʌŋ2
1213	象	大~	宕开三上养邪	siã5	siõ6	tsʰa6	sa6	tsʰiɔ̃4	tsʰiʌ̃4	tsʰiã4	tsʰiɔ̃2	tsʰiã4	tɕʰiɔ̃6	tsʰiã6	tɕʰiã5	tɕʰiʌŋ6
1214	像		宕开三上养邪	siã5	siõ6	tsʰa6	sa6	tsʰiɔ̃4	tsʰiʌ̃4	tsʰiã4	tsʰiɔ̃2	tsʰiã4	tɕʰiɔ̃6	tsʰiã6	tɕʰiã5	tɕʰiʌŋ6
1215	张		宕开三平阳知	tʃuaŋ1	tɕiõ1	tɕia1	tɕia1	tsɔ̃1	tsʌ̃1	tɕiã1	tʃɔ̃1	tsã1	tʂɔ̃1	tɕiã1	tʃã1	tʂʌŋ1
1216	涨		宕开三上养知	tʃuaŋ3	tɕiõ3	tɕia3	tɕia3	tsɔ̃3	tsʌ̃3	tɕiã3	tʃɔ̃3	tsã3	tʂɔ̃3	tɕiã3	tʃã3	tʂʌŋ3
1217	帐		宕开三去漾知	tʃuaŋ5	tɕiõ5	tɕia5	tɕia5	tsɔ̃5	tsʌ̃5	tɕiã5	tʃɔ̃5	tsã5	tʂɔ̃5	tɕiã5	tʃã5	tʂʌŋ5
1218	畅		宕开三去漾彻	tʃʰuaŋ5	tɕʰiõ5	tɕʰia5	tɕʰia5	tsʰɔ̃5	tsʰʌ̃5	tɕʰiã5	tʃʰɔ̃5	tsʰã5	tʂʰɔ̃5	tɕʰiã5	tʃʰã5	tʂʰʌŋ5
1219	长	~短	宕开三平阳澄	tʃʰuaŋ2	tɕʰiõ2	tɕʰia2	tɕʰia2	tsɔ̃2	tsʰʌ̃2	tɕʰiã2	tʃʰɔ̃2	tsʰã2	tʂʰɔ̃2	tɕʰiã2	tʃʰã2	tʂʰʌŋ2
1220	丈		宕开三上养澄	tʃʰuaŋ5	tɕʰiõ6	tɕʰia6	tɕʰia6	tsɔ̃4	tsʰʌ̃4	tɕʰiã4	tʃʰɔ̃2	tsʰã4	tʂʰɔ̃6	tɕʰiã6	tʃʰã5	tʂʰʌŋ6
1221	装		宕开三平阳照	tʂaŋ1	tɕiõ1	tʂaŋ1	tsaŋ1	tsɔ̃1	tsʌ̃1	tɕiã1	tʃɔ̃1	tsã1	tʂɔ̃1	tɔ1	tʂuəŋ1	tʂʌŋ1
1222	壮		宕开三去漾照	tʂaŋ5	tʂaŋ5	tsaŋ5	tsaŋ5	tsɔ̃5	tsʌ̃5	tɕiã5	tʃɔ̃5	tsã5	tʂɔ̃5	tɔ5	tʂuəŋ5	tʂʌŋ5
1223	疮		宕开三平阳穿	tʂʰaŋ1	tʂʰaŋ1	tsʰaŋ1	tsʰaŋ1	tsʰɔ̃1	tsʰʌ̃1	tɕʰiã1	tʃʰɔ̃1	tsʰã1	tʂʰɔ̃1	tsʰɔ̃1	tʃʰã1	tʂʰʌŋ1
1224	闯		宕开三上养穿	tʂʰaŋ3	tʂʰaŋ3	tʂʰaŋ3	tsaŋ3	tsʰɔ̃3	tsʰʌ̃3	tɕʰiã3	tʃʰɔ̃3	tsʰã3	tʂʰɔ̃3	tʰɔ3	tʂʰuəŋ3	tʂʰʌŋ3
1225	床		宕开三平阳崇	ʂaŋ2	ʂaŋ2	ʂaŋ2	saŋ2	sɔ̃2	sʌ̃2	ɕiã2	ʃɔ̃2	sã2	ʃɔ̃2	ɕiɔ2	ʂuəŋ2	tʂʌŋ2
1226	状		宕开三去漾崇	tʂʰaŋ5	tʂaŋ6	tʂʰaŋ6	tsʰaŋ6	tsɔ̃6	tsʰʌ̃6	tɕʰiã6	tʃʰɔ̃6	tsʰã6	tʂʰɔ̃6	tʰɔ6	tʂʰuəŋ5	tʂʌŋ6
1227	霜		宕开三平阳生	ʃuaŋ1	ʂaŋ1	ɕia1	saŋ1	sɔ̃1	sʌ̃1	ɕiã1	ʃɔ̃1	sã1	ʃɔ̃1	ɕiɔ1	ʂuəŋ1	ʂʌŋ1
1228	爽		宕开三上养生	ʃuaŋ3	saŋ3	saŋ3	saŋ3	sɔ̃3	sʌ̃3	sã3	ʃɔ̃3	sã3	ʃɔ̃3	ɕiɔ̃3	ʃã3	ʂʌŋ3
1229	章		宕开三平阳照	tʃuaŋ1	tɕiõ1	tɕia1	tɕia1	tsɔ̃1	tsʌ̃1	tɕiã1	tʃɔ̃1	tsã1	tʂɔ̃1	tɕiã1	tʃã1	tʂʌŋ1
1230	掌		宕开三上养照	tʃuaŋ3	tɕiõ3	tɕia3	tɕia3	tsɔ̃3	tsʌ̃3	tɕiã3	tʃɔ̃3	tsã3	tʂɔ̃3	tɕiã3	tʃã3	tʂʌŋ3
1231	昌		宕开三平阳穿	tʃʰuaŋ1	tɕʰiõ1	tɕʰia1	tɕʰia1	tsʰɔ̃1	tsʰʌ̃1	tɕʰiã1	tʃʰɔ̃1	tsʰã1	tʂʰɔ̃1	tɕʰiã1	tʃʰã1	tʂʰʌŋ1
1232	厂		宕开三上养穿	tʃʰuaŋ3	tɕʰiõ3	tɕʰia3	tɕʰia3	tsʰɔ̃3	tsʰʌ̃3	tɕʰiã3	tʃʰɔ̃3	tsʰã3	tʂʰɔ̃3	tɕʰiã3	tʃʰã3	tʂʰʌŋ3
1233	唱		宕开三去漾穿	tʃʰuaŋ5	tɕʰiõ5	tɕʰia5	tɕʰia5	tsʰɔ̃5	tɕʰiʌ̃5	tɕʰiã5	tʃʰɔ̃5	tsʰã5	tʂʰɔ̃5	tɕʰiã5	tʃʰã5	tʂʰʌŋ5
1234	伤		宕开三平阳生	ʃuaŋ1	ɕiõ1	ɕia1	ɕia1	sɔ̃1	sʌ̃1	ɕiã1	ʃɔ̃1	sã1	ʃɔ̃1	ɕiã1	ʃã1	ʂʌŋ1
1235	赏		宕开三上养生	ʃuaŋ3	ɕiõ3	ɕia3	ɕia3	sɔ̃3	sʌ̃3	ɕiã3	ʃɔ̃3	sã3	ʃɔ̃3	ɕiã3	ʃã3	ʂʌŋ3
1236	常		宕开三平阳禅	ʃuaŋ2	tɕʰiõ2	ɕia2	ɕia2	sɔ̃2	sʌ̃2	tɕʰiã2	tʃʰɔ̃2	tsʰã2	ʃɔ̃2	ɕiã2	ʃã2	ʂʌŋ2
1237	裳		宕开三平阳禅	ʃuaŋ2	ɕiõ2	ɕia2	ɕia2	sɔ̃2	sʌ̃2	ɕiã2	ʃɔ̃2	sã2	ʃɔ̃2	ɕiã2	ʃã2	ʂʌŋ2
1238	上	~山	宕开三上养禅	ʃuaŋ5	ɕiõ6	ɕia6	ɕia6	sɔ̃4	sʌ̃4	ɕiã4	ʃɔ̃2	sã4	ʃɔ̃6	ɕiã6	ʃã5	ʂʌŋ6
1239	上	~面	宕开三去漾禅	ʃuaŋ5	ɕiõ6	ɕia6	ɕia6	sɔ̃6	sʌ̃6	ɕiã6	ʃɔ̃6	sã6	ʃɔ̃6	ɕiã6	ʃã5	ʂʌŋ6
1240	瓤		宕开三平阳日	yaŋ2	iõ2	ia2	la2	ȵiɔ̃2	liʌ̃2	nã2	nɔ̃2	ȵiã2	ȵiɔ̃2	ȵiã2	ȵiã2	ȵiʌŋ2
1241	让		宕开三去漾日	yaŋ5	iõ6	ia6	ia6	ȵiɔ̃6	ȵiʌ̃6	ȵiã6	ȵiɔ̃6	ȵiã6	ȵiɔ̃6	ȵiã6	ȵiã5	ȵiʌŋ6
1242	姜		宕开三平阳见	tʃuaŋ1	tɕiõ1	tɕia1	tɕia1	tʃɔ̃1	tɕiʌ̃1	tɕiã1	tʃɔ̃1	tɕiã1	tʂɔ̃1	tɕiã1	tʃã1	tʂʌŋ1
1243	强	~大	宕开三平阳群	tʃʰuaŋ2	tɕʰiõ2	tɕʰia2	tɕʰia2	tʃʰɔ̃2	tɕʰiʌ̃2	tɕʰiã2	tʃʰɔ̃2	tɕʰiã2	tʂʰɔ̃2	tɕʰiã2	tʃʰã2	tʂʰʌŋ2
1244	香		宕开三平阳晓	ʃuaŋ1	ɕiõ1	ɕia1	ɕia1	ʃɔ̃1	ɕiʌ̃1	ɕiã1	ʃɔ̃1	ɕiã1	ʃɔ̃1	ɕiã1	ʃã1	ʂʌŋ1
1245	响		宕开三上养晓	ʃuaŋ3	ɕiõ3	ɕia3	ɕia3	ʃɔ̃3	ɕiʌ̃3	ɕiã3	ʃɔ̃3	ɕiã3	ʃɔ̃3	ɕiã3	ʃã3	ʂʌŋ3
1246	向		宕开三去漾晓	ʃuaŋ5	ɕiõ5	ɕia5	ɕia5	ʃɔ̃5	ɕiʌ̃5	ɕiã5	ʃɔ̃5	ɕiã5	ʃɔ̃5	ɕiã5	ʃã5	ʂʌŋ5
1247	秧		宕开三平阳影	yaŋ1	iõ1	ȵia1	ia1	iɔ̃1	iʌ̃1	iã1	iɔ̃1	iã1	iɔ̃1	iã1	iã1	iʌŋ1
1248	阳		宕开三平阳以	yaŋ2	iõ2	ȵia2	ia2	iɔ̃2	iʌ̃2	iã2	iɔ̃2	iã2	iɔ̃2	iã2	iã2	iʌŋ2
1249	痒		宕开三上养以	yaŋ3	iõ3	ȵia3	ia3	iɔ̃4	iʌ̃4	iã4	iɔ̃3	iã4	iɔ̃3	iã3	iã3	iʌŋ3
1250	样		宕开三去漾以	yaŋ5	iõ6	ȵia6	ia6	iɔ̃6	iʌ̃6	iã6	iɔ̃6	iã6	iɔ̃6	iã6	iã5	iʌŋ6
1251	光		宕合一平唐见	kuaŋ1	kuaŋ1	kuaŋ1	kuaŋ1	kuɔ̃1	kuʌ̃1	kuã1	kuã1	kuã1	kɔ̃1	kuɔ̃1	kuəŋ1	kʌŋ1
1252	广		宕合一上荡见	kuaŋ3	kuaŋ3	kuaŋ3	kuaŋ3	kuɔ̃3	kuʌ̃3	kuã3	kuã3	kuã3	kɔ̃3	kuɔ̃3	kuəŋ3	kʌŋ3
1253	荒		宕合一平唐晓	xuaŋ1	xuaŋ1	xuaŋ1	xuaŋ1	xuɔ̃1	xuʌ̃1	xuã1	xuã1	xuã1	xɔ̃1	xuɔ̃1	xuəŋ1	xʌŋ1
1254	谎		宕合一上荡晓	xuaŋ3	xuaŋ3	xuaŋ3	xuaŋ3	xuɔ̃3	xuʌ̃3	xuã3	xuã3	xuã3	xuɔ̃3	xuɔ̃3	xuəŋ3	xʌŋ3
1255	黄		宕合一平唐匣	uaŋ2	suaŋ2	ɛuaŋ2	faŋ2/uaŋ2	uɔ̃2	vʌ̃2	xuã2	vã2	vã2	vɔ̃2	uɔ̃2/xuɔ̃2	xuəŋ2	vʌŋ2
1256	汪		宕合一平唐影	uaŋ1	uaŋ1	uaŋ1	uaŋ1	uɔ̃1	vʌ̃1	vã1	vɔ̃1	uã1	vɔ̃1	uɔ̃1	uəŋ1	vʌŋ1
1257	方		宕开三平阳帮	faŋ1	faŋ1	faŋ1	faŋ1	fɔ̃1	fʌ̃1	fã1	fɔ̃1	fã1	fɔ̃1	fɔ̃1	fəŋ1	fʌŋ1
1258	放		宕开三去漾帮	faŋ5	faŋ5	faŋ5	faŋ5	fɔ̃5	fʌ̃5	fã5	fɔ̃5	fã5	fɔ̃5	fɔ̃5	fəŋ5	fʌŋ5
1259	纺		宕开三上养滂	faŋ3	faŋ3	faŋ3	faŋ3	fɔ̃3	fʌ̃3	fã3	fɔ̃3	fã3	fɔ̃3	fɔ̃3	fəŋ3	fʌŋ3
1260	访		宕开三去漾滂	faŋ5	faŋ5	faŋ5	faŋ5	fɔ̃5	fʌ̃5	fã5	fɔ̃5	fã5	fɔ̃5	fɔ̃5	fəŋ5	fʌŋ5
1261	房		宕开三平阳并	faŋ2	faŋ2	faŋ2	faŋ2	fɔ̃2	fʌ̃2	fã2	fɔ̃2	fã2	fɔ̃2	fɔ̃2	fəŋ2	fʌŋ2
1262	亡		宕开三平阳明	uaŋ2	uaŋ2	uaŋ2	uaŋ2	uɔ̃2	uʌ̃2	mã2	mɔ̃2	uã2	vɔ̃2	uɔ̃2	uəŋ2	vʌŋ2
1263	网		宕开三上养明	maŋ3	maŋ3	maŋ3	maŋ3	mɔ̃4	mʌ̃4	mã4	mɔ̃3	mã4	vɔ̃3	uɔ̃3	uəŋ3	vʌŋ3
1264	忘		宕开三去漾明	uaŋ5	maŋ6	maŋ6	uaŋ6	mɔ̃6	mʌ̃6	mã6	mɔ̃6	mã6	mɔ̃6	uɔ̃6	uəŋ5	vʌŋ6
1265	望		宕开三去漾明	maŋ5	uaŋ6	uaŋ6	uaŋ6	uɔ̃6	vʌ̃6	mã6	vɔ̃6	vã6	vɔ̃6	mɔ̃6	uəŋ5	vʌŋ6
1266	筐		宕合三平阳溪	kʰuaŋ1	kʰuaŋ1	kʰuaŋ1	kʰuaŋ1	kʰuɔ̃1	kʰuʌ̃1	kʰuã1	kʰuã1	kʰuã1	kʰɔ̃1	kʰuɔ̃1	kʰuəŋ1	kʰuʌŋ1
1267	眶		宕合三平阳溪	kʰuaŋ1	kʰuaŋ1	kʰuaŋ1	kʰuaŋ1	kʰuɔ̃1	kʰuʌ̃1	kʰuã1	kʰuã1	kʰuã1	kʰɔ̃1	kʰuɔ̃1	kʰuəŋ1	kʰuʌŋ1
1268	狂		宕合三平阳群	kʰuaŋ2	kʰuaŋ2	kʰuaŋ2	kʰuaŋ2	kʰuɔ̃2	kʰuʌ̃2	kʰuã2	kʰuã2	kʰuã2	kʰɔ̃2	kʰuɔ̃2	kʰuəŋ2	kʰuʌŋ2
1269	况		宕合三去漾晓	kʰuaŋ5	kʰuaŋ5	kʰuaŋ5	kʰuaŋ5	kʰɔ̃5	kʰuʌ̃5	kʰuã5	kʰuã5	kʰuã5	kʰɔ̃6	kʰuɔ̃5	kʰuəŋ5	kʰuʌŋ5
1270	枉		宕合三上养影	uaŋ3	uaŋ3	uaŋ3	uaŋ3	uɔ̃3	vʌ̃3	vã3	vɔ̃3	vã3	vɔ̃3	uɔ̃3	uəŋ3	vʌŋ3
1271	王	姓~	宕合三平阳云	uaŋ2	uaŋ2	uaŋ2	uaŋ2	uɔ̃2	vʌ̃2	iã2	vɔ̃2	vã2	vɔ̃2	uɔ2	uəŋ2	vʌŋ2
1272	王	大~	宕合三平阳云	uaŋ2	uaŋ2	uaŋ2	uaŋ2	uɔ̃2	vʌ̃2	vã2	vɔ̃2	vã2	vɔ̃2	uɔ̃2	uəŋ2	vʌŋ2
1273	往	~年	宕合三上养云	uaŋ3	uaŋ3	uaŋ3	uaŋ3	uɔ̃4	vʌ̃4	vã4	vɔ̃3	vã4	vɔ̃3	uɔ̃3	uəŋ3	vʌŋ3
1274	旺		宕合三去漾云	uaŋ5	uaŋ6	uaŋ6	uaŋ6	uɔ̃6	vʌ̃6	vã6	vɔ̃6	vã6	vɔ̃6	uɔ̃6	uəŋ5	vʌŋ6
1275	邦		江开二平江帮	paŋ1	paŋ1	paŋ1	paŋ1	pɔ̃1	pʌ̃1	pã1	pɔ̃1	pã1	pɔ̃1	pɔ̃1	pəŋ1	pʌŋ1
1276	绑		江开二上讲帮	paŋ3	paŋ3	paŋ3	paŋ3	pɔ̃3	pʌ̃3	pã3	pɔ̃3	pã3	pɔ̃3	pɔ̃3	pəŋ3	pʌŋ3
1277	胖		江开二上讲并	pʰaŋ5	pʰaŋ5	pʰaŋ5	pʰaŋ5	pʰɔ̃5	pʰʌ̃5	pʰã5	pʰɔ̃5	pʰã5	pʰɔ̃5	pʰɔ̃5	pʰəŋ5	pʰʌŋ5
1278	棒		江开二上讲并	paŋ5	paŋ5	paŋ5	paŋ5	pɔ̃5	pʰʌ̃6	pʰã6	pʰɔ̃2	pʰã6	pʰɔ̃6	pɔ̃5	pəŋ5	pʰʌŋ3
1279	桩		江开二平江知	tʂaŋ1	tʂaŋ1	tsaŋ1	tsaŋ1	tsɔ̃1	tsʌ̃1	tɕiã1	tʃɔ̃1	tsã1	tʂɔ̃1	tɔ̃1	tʂuəŋ1	tʂʌŋ1
1280	撞		江开二去绛澄	tʂʰaŋ5	tʂʰaŋ6	tsʰaŋ6	tsʰaŋ6	tsʰɔ̃6	tsʰʌ̃6	tsʰã6	tʃʰɔ̃6	tsʰã6	tʂʰɔ̃6	tʰɔ6	tʂʰuəŋ5	tʂʰʌŋ6
1281	窗		江开二平江穿	tʂʰaŋ1	tʂʰaŋ1	tsʰaŋ1	tsʰaŋ1	tsʰɔ̃1	tsʰʌ̃1	tsʰã1	tʃʰɔ̃1	tsʰã1	tʂʰɔ̃1	tsʰɔ1	tʂʰuəŋ1	tsʰʌŋ1
1282	双		江开二平江生	ʂaŋ1	ʂaŋ1	ɕia1	saŋ1	sɔ̃1	sʌ̃1	ɕiã1	ʃɔ̃1	sã1	ʃɔ̃1	ɕiɔ1	ʂuəŋ1	ʂʌŋ1
1283	江		江开二平江见	kaŋ1	kaŋ1	kaŋ1	kaŋ1	kɔ̃1	kʌ̃1	kã1	kɔ̃1	kã1	kɔ̃1	kɔ̃1	kã1	kʌŋ1
1284	讲		江开二上讲见	kaŋ3	kaŋ3	kaŋ3	kaŋ3	kɔ̃3	kʌ̃3	kã3	kɔ̃3	kã3	kɔ̃3	kɔ̃3	tʃã3	kʌŋ3
1285	降	下~	江开二去绛见	kaŋ5	kaŋ5	kaŋ5	kaŋ5	kɔ̃5	kʌ̃5	kã5	kɔ̃5	kã5	kɔ̃5	kɔ̃5	kã5	kʌŋ5
1286	虹		通合一平东匣	kaŋ5	kaŋ5	kaŋ5	kaŋ5	kɔ̃5	kʌ̃5	kã5	kɔ̃5	kã5	kɔ̃5	kɔ̃5	kã5	kʌŋ5
1287	腔		江开二平江溪	tʃʰuaŋ1	tɕʰiõ1	tɕʰia1	tɕʰia1	tʃʰɔ̃1	tɕʰiʌ̃1	tɕʰiã1	tʃʰɔ̃1	tɕʰiã1	tʂʰɔ̃1	tɕʰiã1	tʃʰã1	tɕiʌŋ1
1288	夯	打~	江开二平江晓	xaŋ1	xaŋ1	xaŋ1	xaŋ1	xɔ̃1	xʌ̃1	xã1	xã1	xã1	xɔ̃1	xã1	xã1	xʌŋ1
1289	降	~伏	江开二平江匣	xaŋ2	xaŋ2	xaŋ2	xaŋ2	xɔ̃2	xʌ̃2	xã2	xɔ̃2	xã2	xɔ̃2	xɔ̃2	xã2	xʌŋ2
1290	项		江开二上讲匣	xaŋ5	ɕiõ6	xaŋ6	xaŋ6	xɔ̃4	xʌ̃4	xã4	xɔ̃4	xã4	xɔ̃6	xɔ̃6	xã5	xʌŋ6
1291	巷		江开二去绛匣	xaŋ5	xaŋ6	xaŋ6	xaŋ6	xɔ̃6	xʌ̃6	xã6	xɔ̃6	xã6	xɔ̃6	xɔ̃6	xã5	xʌŋ6
1292	崩		曾开一平登帮	poŋ1	poŋ1	poŋ1	poŋ1	pəŋ1	pəŋ1	pɐm1	pã1	pɐm1	pəŋ1	pən1	pəŋ1	poŋ1
1293	朋		曾开一平登并	pʰoŋ2	pʰoŋ2	pʰoŋ2	pʰoŋ2	pʰæ̃i2	pʰã2	pʰɐm2	pʰã2	pʰɐm2	pʰəŋ2	pʰæ̃2	pʰəŋ2	pʰoŋ2
1294	灯		曾开一平登端	tãi1	tãi1	tai1	tai1	tæ̃i1	tã1	tɔ̃1	tã1	tã1	tẽ1	tæ̃1	tin1	tẽ1
1295	等		曾开一上等端	tãi3	tãi3	tai3	tai3	tæ̃i3	tã3	tɔ̃3	tã3	tã3	tẽ3	tæ̃3	tin3	tẽ3
1296	凳		曾开一去嶝端	tãi5	tãi5	tai5	tai5	tæ̃i5	tã5	tɔ̃5	tã5	tã5	tẽ5	tæ̃5	tin5	tẽ5
1297	藤		曾开一平登定	tʰãi2	tʰãi2	tʰai2	tʰai2	tæ̃i2	tʰã2	tʰɔ̃2	tʰã2	tʰã2	tʰẽ2	tʰæ̃2	tʰin2	tʰẽ2
1298	邓		曾开一去嶝定	tãi5	tʰãi6	tʰai6	tʰai6	tæ̃i6	tʰã6	tʰæ̃6	tʰã6	tʰã6	tʰẽ6	tʰæ̃6	tən5	tʰẽ6
1299	澄	水~清	曾开三平蒸澄	tãi5	tʰãi6	tɕʰiai6	tʰai6	tæ̃i5	tã5	tæ̃5	tã5	tʰɛn6	tsʰẽ6	tʰæ̃6	tʰən5	tẽ6
1300	能		曾开一平登泥	nãi2	nãi2	nai2	lai2	næ̃i2	nã2	nɔ̃2	nã2	nã2	nã2	lã2	lin2	lã2
1301	增		曾开一平登精	tsãi1	tsən1	tsɛn1	tsai1	tsæ̃i1	tsã1	tsɔ̃1	tsã1	tsã1	tsẽ1	tsæ̃1	tsən1	tsẽ1
1302	层		曾开一平登从	tsʰən2	tsʰən2	tsʰai2	tsʰai2	tsʰɛn2	tsʰã2	tsʰɔ̃2	tsʰɛn2	tsʰɛn2	tsʰẽ2	tsʰæ̃2	tɕʰin2	tsʰẽ2
1303	赠		曾开一去嶝从	tsən5	tsən6	tsɛn5	tsʰai6	tsæ̃i6	tsʰã6	tsʰɔ̃6	tsʰã6	tsʰɛn6	tsẽ6	tsæ̃6	tsən5	tsẽ6
1304	僧		曾开一平登心	tsãi1	tsən1	sɛn1	tsai1	tsæ̃i1	tsã1	tsɔ̃1	tsã1	tsɛn1	tsẽ1	tsæ̃1	sən1	tsẽ1
1305	肯		曾开一上等溪	tɕʰiãi3	kʰən3	kʰai3	kʰɛn3	kʰəŋ3	tɕʰiã3	tɕʰiɔ̃3	kʰã3	kʰã3	kʰẽ3/tɕʰiẽ3	kʰən3	kʰən3	kʰæ̃3
1306	冰		曾开三平蒸帮	pãi1	pãi1	pai1	pai1	pæ̃i1	pã1	pɔ̃1	pã1	pã1	pẽ1	pæ̃1	pin1	pẽ1
1307	凭		曾开三平蒸并	pʰãi2	pʰãi2	pʰai2	pʰai2	pʰæ̃i2	pʰã2	pʰɔ̃2	pʰã2	pʰã2	pʰẽ2	pʰæ̃2	pʰin2	pʰẽ2
1308	菱		曾开三平蒸来	lən2	nãi2	nai2	lai2	læ̃i2	nã2	nɔ̃2	nã2	nã2	nẽ2	læ̃2	lin2	lẽ2
1309	征	~求	曾开三平蒸知	tsən1	tʂãi1	tɕiai1	tɕiai1	tsæ̃i1	tsã1	tsɔ̃1	tʃã1	tsã1	tʃã1	tæ̃1	tʃən1	tɕiẽ1
1310	惩		曾开三平蒸澄	tsʰən2	tsʰən2	tɕʰiai2	tsʰɛn2	tsʰæ̃i2	tsʰã2	tsʰɔ̃2	tʃʰã2	tsʰã2	tʃʰẽ2	tʰæ̃2	tʃʰən2	tɕʰiẽ2
1311	瞪		曾开三平蒸澄	tən5	tən5	tai5	tai5	tæ̃i5	tã5	tɔ̃5	tã5	tã5	tẽ5	tæ̃5	tin5	tẽ5
1312	蒸		曾开三平蒸照	tɕiãi1	tsən1	tɕiai1	tɕiai1	tsɛn1	tsɛn1	tsæ̃1	tʃã1	tsɛn1	tʃẽ1	tæ̃1	tʃən1	tɕiẽ1
1313	拯		曾开三上拯照	tɕiãi3	tʂãi3	tɕiai3	tɕiai3	tsæ̃i3	tsã3	tsæ̃3	tʃã3	tsɛn3	tʃã3	tæ̃3	tʃən3	tɕiẽ3
1314	证		曾开三去证照	tɕiãi5	tʂãi5	tɕiai5	tɕiai5	tsæ̃i5	tsã5	tsɔ̃5	tʃã5	tsã5	tʃẽ5	tæ̃5	tʃən5	tɕiẽ5
1315	称	~呼	曾开三平蒸穿	tsʰən1	tsʰãi1	tɕʰiai1	tɕʰiai1	tsʰæ̃i1	tsʰã1	tsʰæ̃1	tʃʰã1	tsʰɛn1	tʃʰẽ1	tʰæ̃1	tʃʰən1	tɕʰiẽ1
1316	秤		曾开三去证穿	tɕʰiãi5	tʂʰãi5	tɕʰiai5	tɕʰiai5	tsʰæ̃i5	tsʰɛn5	tsʰæ̃5	tʃʰɛn5	tsʰɛn5	tʃʰẽ5	tʰæ̃5	tʃʰən5	tɕʰiẽ5
1317	乘		曾开三平蒸禅	ɕiãi2	tʂʰãi2	ɕiai2	ɕiai2	sæ̃i2	sã2	sɔ̃2	ʃã2	sɛn2	ʃã2	ɕiã2	ʃən2	tɕʰiẽ2
1318	绳		曾开三平蒸崇	ɕiãi2	ʂãi2	ɕiai2	ɕiai2	sɛn2	sɛn2	sæ̃2	ʃɛn2	sɛn2	ʃẽ2	ɕiã2	ʃən2	ɕiẽ2
1319	剩		曾开三去证崇	ɕiãi5	ʂãi6	ɕiai6	ɕiai6	sæ̃i6	sɛn6	sɔ̃6	ʃã6	sɛn6	ʃã6	ɕiã6	ʃən5	ɕiẽ6
1320	升		曾开三平蒸生	ɕiãi1	ʂãi1	ɕiai1	ɕiai1	sɛn1	sɛn1	sɔ̃1	ʃã1	sɛn1	ʃẽ1	ɕiã1	ʃən1	ɕiẽ1
1321	胜	~败	曾开三去证生	ɕiãi5	ʂãi5	ɕiai5	ɕiai5	sæ̃i5	sã5	sɔ̃5	ʃã5	sã5	ʃẽ5	ɕiæ̃5	ʃən5	ɕiẽ5
1322	承		曾开三平蒸禅	tɕʰiãi2	tsʰãi2	ɕiai2	ɕiai2	sæ̃i2	sã2	sɔ̃2	tʃʰɛn2	tsʰɛn2	ʃẽ2	ɕiæ̃2	tʃʰən2	tɕʰiẽ2
1323	仍		曾开三平蒸日	in2	iãi2	nai2	lai2	ȵiæ̃i2	iã2	næ̃2	iã2	iã2	ȵiã2	ȵiæ̃2	iən2	ȵiæ̃2
1324	兴	~旺	曾开三平蒸晓	ɕin1	xãi1	xai1	xai1	ʃæ̃i1	ɕiã1	ɕiɔ̃1	ʃã1	ɕiã1	ʃẽ1	xæ̃1	ʃən1	ɕiẽ1
1325	兴	高~	曾开三去证晓	ɕin5	xãi5	xai5	xai5	ʃæ̃i5	ɕiã5	ɕiɔ̃5	ʃã5	ɕiã5	ʃẽ5	xæ̃5	ʃən5	ɕiẽ5
1326	鹰		曾开三平蒸影	iãi1	ŋãi1	ŋai1	ŋai1	iæ̃i1	iã1	iɔ̃1	iã1	iã1	iẽ1	ŋæ̃1	iən1	iẽ1
1327	应	答~	曾开三去证影	iãi5	ŋãi5	ŋai5	ŋai5	iæ̃i5	iã5	iɔ̃5	iã5	iã5	iẽ5	ŋæ̃5	iən5	iẽ5
1328	蝇		曾开三平蒸以	ɕin2	ŋãi2	ŋuo2	ŋai2	iæ̃i2	iã2	iɔ̃2	iã2	iã2	ʃẽ2	ŋæ̃2	ɕiən1	ɕiẽ2
1329	弘		曾合一平登匣	xoŋ2	xoŋ2	xoŋ2	xoŋ2	xuĩ2	xəŋ2	xɔ̃2	xɐm2	xɐm2	xõ2	xən2	xən2	xoŋ2
1330	彭		梗开二平庚并	pʰãi2	pʰən2	pʰai2	pʰɛn2	pʰəŋ2	pʰã2	pʰɐm2	pʰɐm2	pʰɐm2	pʰəŋ2	pʰən2	pʰin2	pʰoŋ2
1331	盲		梗开二平庚明	maŋ2	maŋ2	maŋ2	maŋ2	mɔ̃2	mʌ̃2	mã2	mɔ̃2	mã2	mɔ̃2	mɔ̃2	məŋ2	mʌŋ2
1332	猛		梗开二上梗明	moŋ3	moŋ3	moŋ3	mɛn3	məŋ4	mã4	mɔ̃4	mã4	mɐm4	məŋ3	mən3	məŋ3	moŋ3
1333	打		梗开二上梗端	ta3	ta3	ta3	ta3	ta3	tɒ3	ta3	to3	to3	ta3	ta3	ta3	ta3
1334	冷		梗开二上梗来	nãi3	nãi3	nai3	lai3	læ̃i3	nã3	nɔ̃3	nã3	nã3	nã3	læ̃3	lin3	læ̃3
1335	撑		梗开二平庚穿	tʂʰã1	tʂʰã1	tɕʰia1	tɕʰia1	tsʰæ̃i1	tsʰã1	tsʰɔ̃1	tʃʰã1	tsʰɛn1	tʂʰã1	tʰæ̃1	tʃʰuən1	tɕʰiæ̃1
1336	生		梗开二平庚生	ɕiã1	ʂã1	ɕia1	ɕia1	sæ̃i1	sã1	sɔ̃1	ʃã1	sã1	ʃã1	ɕiæ̃1	ʃuən1	ɕiæ̃1
1337	牲		梗开二平庚生	ɕiã1	ʂã1	ɕia1	ɕia1	sæ̃i1	sã1	sɔ̃1	ʃã1	sã1	ʃã1	ɕiæ̃1	ʃuən1	ɕiæ̃1
1338	省	~长	梗开二上梗生	ɕiã3	ʂã3	ɕia3	ɕia3	sæ̃i3	sã3	sɔ̃3	ʃã3	sã3	ʃã3	ɕiæ̃3	ʃuən3	ɕiæ̃3
1339	省	节~	梗开三上静心	ɕiã3	ʂã3	ɕia3	ɕia3	sæ̃i3	sã3	sɔ̃3	ʃã3	sã3	ʃã3	ɕiæ̃3	ʃuən3	ɕiæ̃3
1340	庚		梗开二平庚见	tɕiã1	kən1	ka1	kɛn1	kæ̃i1	kã1	kɔ̃1	kã1	kã1	kã1	kæ̃1	kən1	kæ̃1
1341	羹		梗开二平庚见	tɕiã1	kən1	ka1	kɛn1	kæ̃i1	kã1	kɔ̃1	kã1	kã1	kã1	kæ̃1	kən1	kæ̃1
1342	哽		梗开二上梗见	tɕiã3	kiɛn3	tɕiɛn3	kɛn3	kæ̃i3	kã3	kɔ̃3	kã3	kã3	kã3	kæ̃3	kən3	kæ̃3
1343	梗	菜~	梗开二上梗见	kuaŋ3	kuaŋ3	kuaŋ3	kɛn3	kuã3	kuã3	kɔ̃3	kuã3	kã3	kuʌ̃3	kuæ̃3	kuən3	kuæ̃3
1344	更	~加	梗开二平庚见	kɤ̃5	kãi5	kai5	kɛn5	kæ̃i5	kã5	kɔ̃5	kã5	kɛn5	kã5	kæ̃5	kən5	kæ̃5
1345	坑		梗开二平庚溪	tɕʰiã1	kʰã1	kʰa1	kʰɛn1	kʰã1	kʰã1	kʰɔ̃1	kʰã1	kʰã1	kʰã1	kʰæ̃1	kʰən1	kʰæ̃1
1346	硬		梗开二去映疑	ŋã5/iã5	ŋã6	ŋa6	ŋa6	ŋã6	ŋã6	ŋɔ̃6	ŋã6	ŋã6	ŋã6	ŋæ̃6	ŋən5	ŋæ̃6
1347	行	~为	梗开二平庚匣	xã2	xã2	xa2	xa2	xã2	xã2	xɔ̃2	xã2	xã2	xã2	xæ̃2	xən2/ʃən2	xæ̃2
1348	杏		梗开二上梗匣	xã5	ɕiɛn6	xa6	xa6	xã4	xã6	xã6	xã6	xã6	xã6	xæ̃6	ʃən5	ɕiẽ6
1349	棚		梗开二平庚并	pʰoŋ2	pʰoŋ2	pʰoŋ2	pʰoŋ2	pʰəŋ2	pʰã2	pʰɐm2	pʰɐm2	pʰɐm2	pʰəŋ2	pʰən2	pʰəŋ2	pʰoŋ2
1350	橙		梗开二平耕澄	tsʰən2	tʂʰã2	tɕʰia2	tsʰɛn2	tsʰæ̃i2	tsʰã2	tsʰæ̃2	tsʰɛn2	tsʰɛn2	tʃʰẽ2	tʰæ̃2	tʃʰən2	tsʰæ̃2
1351	争		梗开二平耕照	tʂã1	tʂã1	tɕia1	tɕia1	tsæ̃i1	tsã1	tsɔ̃1	tʃã1	tsɛn1	tʂã1	tæ̃1	tʃən1	tɕiæ̃1
1352	睁		梗开二平耕照	tʂã1	tʂãi1	tɕia1	tsɛn1	tsæ̃i1	tsã1	tsɔ̃1	tʃã1	tsɛn1	tʂã1	tæ̃1	tʃən1	tɕiæ̃1
1353	耕		梗开二平耕见	tɕiã1	kã1	ka1	ka1	kæ̃i1	kã1	kɔ̃1	kã1	kɛn1	kã1	kæ̃1	kən1	kæ̃1
1354	幸		梗开二上耿匣	xã5	xã6	xa6	xa6	xã4	xã6	xɔ̃6	xã6	xã6	xã6	xæ̃6	ʃən5	xæ̃6
1355	莺		梗开二平耕影	in2	ŋãi1	ŋai1	ŋai1	iæ̃i1	ŋã1	ŋɔ̃1	ŋã1	iã1	iã1	iən1	iən1	iã1
1356	兵		梗开三平清帮	pãi1	pãi1	pai1	pai1	pæ̃i1	pã1	pɔ̃1	pã1	pã1	pã1	pæ̃1	pin1	pæ̃1
1357	丙		梗开三上静帮	pãi3	pãi3	pai3	pai3	pæ̃i3	pã3	pɔ̃3	pã3	pã3	pã3	pæ̃3	pin3	pæ̃3
1358	柄		梗开三去劲帮	pãi5	pãi5	pai5	pai5	pæ̃i5	pã5	pɔ̃5	pã5	pã5	pã5	pæ̃5	pin5	pæ̃5
1359	平		梗开三平清并	pʰãi2	pʰãi2	pʰai2	pʰai2	pʰæ̃i2	pʰã2	pʰɔ̃2	pʰã2	pʰã2	pʰã2	pʰæ̃2	pʰin2	pʰæ̃2
1360	病		梗开三去劲并	pʰãi5	pʰãi6	pʰai6	pʰai6	pʰæ̃i6	pʰã6	pʰɔ̃6	pʰã6	pʰã6	pʰã6	pʰæ̃6	pʰin5	pʰæ̃6
1361	明		梗开三平清明	mãi2	mãi2	mai2	mai2	mæ̃i2	mã2	mɔ̃2	mã2	mã2	mã2	mæ̃2	min2	mæ̃2
1362	命		梗开三去劲明	mãi5	mãi6	mai6	mai6	mæ̃i6	mã6	mɔ̃6	mã6	mã6	mã6	mæ̃6	min5	mæ̃6
1363	京		梗开三平清见	tɕiãi1	kãi1	kai1	kai1	tʃæ̃i1	tɕiã1	tɕiɔ̃1	tʃã1	tɕiã1	tʃã1	kæ̃1	tʃən1	tɕiæ̃1
1364	惊		梗开三平清见	tɕiãi1	kãi1	kai1	kai1	tʃæ̃i1	tɕiã1	tɕiɔ̃1	tʃã1	tɕiã1	tʃã1	kæ̃1	tʃən1	tɕiæ̃1
1365	景		梗开三上静见	tɕiãi3	kãi3	kai3	kai3	tʃæ̃i3	tɕiã3	tɕiɔ̃3	tʃã3	tɕiã3	tʃã3	kæ̃3	tʃən3	tɕiæ̃3
1366	镜		梗开三去劲见	tɕiãi5	kãi5	kai5	kai5	tʃæ̃i5	tɕiã5	tɕiɔ̃5	tʃã5	tɕiã5	tʃõ5	tɕiɔ5	tʃən5	tɕiæ̃5
1367	庆		梗开三去劲溪	tɕʰiãi5	kʰãi5	kʰai5	kʰai5	tʃʰæ̃i5	tɕʰiã5	tɕʰiɔ̃5	tʃʰã5	tɕʰiã5	tʃʰã5	kʰæ̃5	tʃʰən5	tɕʰiæ̃5
1368	竞		梗开三去劲群	tɕiãi5	kãi6	kai6	kai6	tʃæ̃i6	tɕʰiã6	tɕiɔ̃5	tʃã5	tɕiã5	tʃʰã6	kæ̃6	tʃən5	tɕiæ̃5
1369	迎		梗开三平清疑	iãi2	ŋãi2	ŋai2	ŋai2	iæ̃i2	ȵiã2	iɔ̃2	ȵiã2	ȵiã2	ȵiã2	ŋæ̃2	iən2	ȵiæ̃2
1370	英		梗开三平清影	iãi1	ŋãi1	ŋai1	ŋai1	iæ̃i1	iã1	iɔ̃1	iã1	iã1	iã1	ŋæ̃1	iən1	iæ̃1
1371	影		梗开三上静影	iãi3	ŋãi3	ŋai3	ŋai3	iæ̃i3	iã3	iɔ̃3	iã3	iã3	iã3	ŋæ̃3	iən3	iæ̃3
1372	映		梗开三去劲影	in5	ŋãi5	ŋai5	ŋai5	iæ̃i5	iã5	iɔ̃5	iɔ̃5	iã5	iɔ̃5	ŋæ̃5	iən5	iæ̃5
1373	饼		梗开三上静帮	pãi3	pãi3	pai3	pai3	pæ̃i3	pã3	pɔ̃3	pã3	pã3	pã3	pæ̃3	pin3	pæ̃3
1374	并	合~	梗开四上迥并	pãi5	pãi5	pai5	pai5	pæ̃i5	pã5	pɔ̃5	pã5	pã5	pã5	pæ̃5	pin5	pæ̃5
1375	聘		梗开三去劲滂	pʰãi5	pʰai5	pʰai5	pʰai5	pʰæ̃i5	pʰã5	pʰɔ̃5	pʰã5	pʰã5	pʰã5	pʰæ̃5	pʰin5	pʰæ̃5
1376	名		梗开三平清明	mãi2	mãi2	mai2	mai2	mæ̃i2	mã2	mɔ̃2	mã2	mã2	mã2	mæ̃2	min2	mæ̃2
1377	领		梗开三上静来	nãi3	nãi3	nai3	lai3	næ̃i4	nã4	nɔ̃4	nã3	nã4	nã3	læ̃3	lin3	læ̃3
1378	岭		梗开三上静来	nãi3	nãi3	nai3	lai3	næ̃i4	nã4	nɔ̃4	nã3	nã4	nã3	læ̃3	lin3	læ̃3
1379	令		梗开三去劲来	nãi5	nãi6	nai6	lai6	næ̃i6	nã6	nɔ̃6	nã6	nã6	nã6	læ̃6	lin5	læ̃6
1380	精		梗开三平清精	tsãi1	tsãi1	tsai1	tsai1	tsæ̃i1	tsã1	tsɔ̃1	tsã1	tsɛn1	tsã1	tsæ̃1	tɕin1	tsæ̃1
1381	井		梗开三上静精	tsãi3	tsãi3	tsai3	tsai3	tsæ̃i3	tsã3	tsɔ̃3	tsã3	tsã3	tsã3	tsæ̃3	tɕin3	tsæ̃3
1382	清		梗开三平清清	tsʰãi1	tsʰãi1	tsʰai1	tsʰai1	tsʰæ̃i1	tsʰã1	tsʰɔ̃1	tsʰã1	tsʰã1	tsʰã1	tsʰæ̃1	tɕʰin1	tsʰæ̃1
1383	请		梗开三上静清	tsʰãi3	tsʰãi3	tsʰai3	tsʰai3	tsʰæ̃i3	tsʰã3	tsʰɔ̃3	tsʰã3	tsʰã3	tsʰã3	tsʰæ̃3	tɕʰin3	tsʰæ̃3
1384	晴		梗开三平清从	tsʰãi2	tsʰãi2	tsʰai2	tsʰai2	tsʰæ̃i2	tsʰã2	tsʰɔ̃2	tsʰã2	tsʰã2	tsʰã2	tsʰæ̃2	tɕʰin2	tsʰæ̃2
1385	静		梗开三上静从	tsʰãi5	tsʰãi6	tsʰai6	tsʰai6	tsʰæ̃i4	tsʰã4	tsʰɔ̃4	tsʰã2	tsʰã4	tsʰã6	tsʰæ̃6	tɕʰin5	tsʰæ̃6
1386	净		梗开三去劲从	tsʰãi5	tsʰãi6	tsʰai6	tsʰai6	tsʰæ̃i6	tsʰã6	tsʰɔ̃6	tsʰã6	tsʰã6	tsʰã6	tsʰæ̃6	tɕʰin5	tsʰæ̃6
1387	省	反~	梗开三上静心	ɕiãi3	sai3	sai3	ɕiai3	sã3	sã3	sɔ̃3	sã3	sã3	ʃã3	sæ̃3	ɕiən3	ɕiæ̃3
1388	姓		梗开三去劲心	sãi5	sai5	sai5	sai5	sã5	sã5	sɔ̃5	sã5	sã5	sã5	sæ̃5	ɕiən5	sæ̃5
1389	贞		梗开三平清知	tɕiãi1	tʂãi1	tɕiai1	tɕiai1	tsæ̃i1	tsã1	tsɔ̃1	tʃɛn1	tsã1	tʃẽ1	tæ̃1	tʃən1	tɕiæ̃1
1390	程		梗开三平清澄	tɕʰiãi2	tʂʰãi2	tɕʰiai2	tɕʰiai2	tsʰæ̃i2	tsʰã2	tsʰɔ̃2	tʃʰã2	tsʰã2	tʃʰã2	tʰæ̃2	tʃʰən2	tɕʰiæ̃2
1391	郑		梗开三去劲澄	tɕʰiãi5	tʂʰãi6	tɕʰiai6	tɕʰiai6	tsʰæ̃i6	tsʰã6	tsʰɔ̃6	tʃʰã6	tsʰã6	tʃʰã6	tʰæ̃6	tʃʰən5	tɕʰiæ̃6
1392	正	~月	梗开三平清照	tɕiãi1	tʂãi1	tɕiai1	tɕiai1	tsæ̃i1	tsã1	tsɔ̃1	tʃã1	tsã1	tʃã1	tæ̃1	tʃən1	tɕiæ̃1
1393	征		梗开三平清照	tɕiãi1	tʂãi1	tɕiai1	tɕiai1	tsæ̃i1	tsã1	tsɔ̃1	tʃã1	tsã1	tʃã1	tæ̃1	tʃən1	tɕiæ̃1
1394	整	~日	梗开三上静照	tɕiãi3	tʂãi3	tɕiai3	tɕiai3	tsæ̃i3	tsã3	tsɔ̃3	tʃã3	tsã3	tʃã3	tæ̃3	tʃən3	tɕiæ̃3
1395	正	~好	梗开三去劲照	tɕiãi5	tʂãi5	tɕiai5	tɕiai5	tsæ̃i5	tsã5	tsɔ̃5	tʃã5	tsã5	tʃã5	tæ̃5	tʃən5	tɕiæ̃5
1396	政		梗开三去劲照	tɕiãi5	tʂãi5	tɕiai5	tɕiai5	tsæ̃i5	tsã5	tsɔ̃5	tʃã5	tsã5	tʃã5	tæ̃5	tʃən5	tɕiæ̃5
1397	声		梗开三平清生	ɕiãi1	ʂãi1	ɕiai1	ɕiai1	sã1	sã1	sɔ̃1	ʃã1	sɛn1	ʃã1	ɕiæ̃1	ʃən1	ɕiæ̃1
1398	圣		梗开三去劲生	ɕiãi5	ʂãi5	ɕiai5	ɕiai5	sã5	sã5	sɔ̃5	ʃã5	sɛn5	ʃã5	ɕiæ̃5	ʃən5	ɕiæ̃5
1399	成		梗开三平清禅	ɕiãi2	tʂʰãi2	ɕiai2	ɕiai2	sã2	sã2	sɔ̃2	ʃã2	tsʰɛn2	ʃã2	ɕiæ̃2	tʃʰən2	ɕiæ̃2
1400	城		梗开三平清禅	ɕiãi2	ʂãi2	ɕiai2	ɕiai2	sã2	sã2	sɔ̃2	ʃã2	sã2	ʃã2	ɕiæ̃2	tʃʰən2	ɕiæ̃2
1401	盛	~满了	梗开三去劲禅	ɕiãi5	ʂãi6	ɕiai6	ɕiai6	sã6	sɛn6	sɔ̃6	ʃã6	sɛn6	ʃã6	ɕiã6	ʃən5	ɕiæ̃6
1402	颈		梗开三上静见	tɕiãi3	kãi3	kai3	kai3	tʃæ̃i3	tɕiã3	tɕiɔ̃3	tʃã3	tɕiã3	tʃã3	kæ̃3	tʃən3	tɕiæ̃3
1403	轻		梗开三平清溪	tɕʰiãi1	kʰãi1	kʰai1	kʰai1	tʃʰæ̃i1	tɕʰiã1	tɕʰiɔ̃1	tʃʰã1	tɕʰiã1	tʃʰã1	kʰæ̃1	tʃʰən1	tɕʰiæ̃1
1404	婴		梗开三平清影	in1	ŋãi1	iɛn1	ĩ1	iæ̃i1	ŋã1	iɔ̃1	iã1	iã1	iẽ1	iən1	iən1	iæ̃1
1405	赢		梗开三平清以	iãi2/in2	ŋãi2	ŋai2	ŋai2	iæ̃i2	iã2	iɔ̃2	iã2	iã2	iã2	ŋæ̃2	iən2	iæ̃2
1406	拼	~凑	梗开四平青滂	pʰãi1	pʰãi1	pʰai1	pʰai1	pʰæ̃i1	pʰã1	pʰɔ̃1	pʰã1	pʰã1	pʰã1	pʰæ̃1	pʰin1	pʰæ̃1
1407	瓶		梗开四平青并	pʰãi2	pʰãi2	pʰai2	pʰai2	pʰæ̃i2	pʰã2	pʰɔ̃2	pʰã2	pʰã2	pʰã2	pʰæ̃2	pʰin2	pʰæ̃2
1408	并	~且	梗开四上迥并	pʰãi5	pʰãi6	pʰai6	pʰai6	pæ̃i4	pʰã6	pʰɔ̃6	pʰã6	pʰã6	pʰã6	pʰæ̃6	pʰin5	pʰæ̃6
1409	钉	铁~	梗开四平青端	tãi1	tãi1	tai1	tai1	tæ̃i1	tã1	tɔ̃1	tã1	tã1	tã1	tæ̃1	tin1	tæ̃1
1410	顶		梗开四上迥端	tãi3	tãi3	tai3	tai3	tæ̃i3	tã3	tɔ̃3	tã3	tã3	tã3	tæ̃3	tin3	tæ̃3
1411	订		梗开四去径端	tãi5	tãi5	tai5	tai5	tæ̃i5	tã5	tɔ̃5	tã5	tã5	tã5	tæ̃5	tin5	tæ̃5
1412	听	~见	梗开四平青透	tʰãi1	tʰãi1	tʰai1	tʰai1	tʰæ̃i1	tʰã1	tʰɔ̃1	tʰã1	tʰã1	tʰã1	tʰæ̃1	tʰin1	tʰæ̃1
1413	停		梗开四平青定	tʰãi2	tʰãi2	tʰai2	tʰai2	tæ̃i2	tʰã2	tʰɔ̃2	tʰã2	tʰã2	tʰã2	tʰæ̃2	tʰin2	tʰæ̃2
1414	挺		梗开四上迥定	tʰãi3	tʰãi3	tʰai3	tʰai3	tʰæ̃i3	tʰã3	tʰɔ̃3	tʰã3	tʰã3	tʰã3	tʰæ̃3	tʰin3	tʰæ̃3
1415	定		梗开四去径定	tʰãi5	tʰãi6	tʰai6	tʰai6	tʰæ̃i6	tʰã6	tʰɔ̃6	tʰã6	tʰã6	tʰã6	tʰæ̃6	tʰin5	tʰæ̃6
1416	宁	安~	梗开四平青泥	nãi2	nãi2	nai2	lai2	næ̃i2	nã2	nɔ̃2	nã2	nã2	nã2	læ̃2	lin2	læ̃2
1417	零		梗开四平青来	nãi2	nãi2	nai2	lai2	næ̃i2	nã2	nɔ̃2	nã2	nã2	nã2	læ̃2	lin2	læ̃2
1418	铃		梗开四平青来	nãi2	nãi2	nai2	lai2	næ̃i2	nã2	nɔ̃2	nã2	nã2	nã2	læ̃2	lin2	læ̃2
1419	拎		梗开四平青来	nãi1	nãi1	nai1	lai1	næ̃i1	nã1	nɔ̃1	nã1	nã1	nã1	læ̃1	lin1	læ̃1
1420	另		梗开四去径来	nãi5	nãi6	nai6	lai6	næ̃i6	nã6	nɔ̃6	nã6	nã6	nã6	læ̃6	lin5	læ̃6
1421	青		梗开四平青清	tsʰãi1	tsʰãi1	tsʰai1	tsʰai1	tsʰæ̃i1	tsʰã1	tsʰɔ̃1	tsʰã1	tsʰã1	tsʰã1	tsʰæ̃1	tɕʰin1	tsʰæ̃1
1422	星		梗开四平青心	sãi1	sãi1	sai1	sai1	sæ̃i1	sã1	sɔ̃1	sã1	sã1	sã1	sæ̃1	ɕin1	sæ̃1
1423	醒		梗开四上迥心	sãi3	sãi3	sai3	sai3	sæ̃i3	sã3	sɔ̃3	sã3	sã3	sã3	sæ̃3	ɕin3	sæ̃3
1424	经		梗开四平青见	tɕiãi1	kãi1	kai1	kai1	tʃæ̃i1	tɕiã1	tɕiɔ̃1	tʃã1	tɕiã1	tʃã1	kæ̃1	tʃən1	tɕiæ̃1
1425	形		梗开四平青匣	ɕiãi2	xãi2	xai2	xai2	ʃæ̃i2	ɕiã2	ɕiɔ̃2	ʃã2	ɕiã2	ʃã2	xæ̃2	ʃən2	ɕiæ̃2
1426	矿		梗开二上梗见	kʰuaŋ5	kʰuaŋ5	kʰuaŋ5	kʰuaŋ5	kʰɔ̃5	kʰuʌ̃5	kʰuã5	kʰuã5	kʰuã5	kʰõ5	kʰuɔ̃5	kʰuəŋ5	kʰuʌŋ5
1427	横	~直	梗合二平庚匣	uã2	xuãi2	ua2	ua2	xuæ̃i2	vã2	vã2	vã2	xuã2	xõ2	uæ̃2	xuəŋ2	xuæ̃2
1428	轰		梗合二平耕晓	xoŋ1	xoŋ1	xoŋ1	xoŋ1	xəŋ1	xəŋ1	xɐm1	xɐm1	xɐm1	xəŋ1	xən1	xuəŋ1	xoŋ1
1429	宏		梗合二平耕匣	xoŋ2	xoŋ2	xoŋ2	xoŋ2	xəŋ2	xuã2	xɐm2	xɐm2	xɐm2	xəŋ2	xən2	xuəŋ2	xoŋ2
1430	兄		梗合三平清晓	xuãi1	xuãi1	xuai1	xuai1	xuæ̃i1	xuã1	xuã1	xuã1	xuã1	xuʌ̃1	xuæ̃1	ʃəŋ1	xuæ̃1
1431	荣		梗合三平清云	uãi2	uãi2	ioŋ2	ioŋ2	lǣi2	iã2	iɔ̃2	iã2	iɐm2	iəŋ2	iən2	iəŋ2	ioŋ2
1432	永		梗合三上静云	uãi3	uãi3	uai3	uai3	uã4	vã4	iɐm4	vã4	iɐm4	iəŋ3	uæ̃3	yən3	ioŋ3
1433	倾		梗合三平清溪	tɕʰin1	tɕʰiãi1	tɕʰiɛn1	tɕʰyɛn1	kʰuæ̃i1	kʰuã1	kʰuæ̃1	kʰuã1	kʰɛn1	kʰuẽ1	tɕʰiən1	tʃʰuən1	tɕʰyẽ1
1434	琼		梗合三平清群	tɕʰioŋ2	tɕʰioŋ2	tɕʰioŋ2	tɕʰioŋ2	kʰuæ̃i2	kʰuã2	tɕʰiɔ̃2	kʰuã2	tɕʰiɐm2	tʃʰəŋ2	tɕʰiən2	tʃʰəŋ2	tɕʰioŋ2
1435	营		梗合三平清以	ioŋ2	uãi2	ioŋ2	ioŋ2	iæ̃i2	iã2	iɔ̃2	iã2	iɐm2	iəŋ2	uæ̃2	iəŋ2	ioŋ2
1436	萤		梗合三平清以	in2	uãi2	ioŋ2	ioŋ2	iɔ̃2	iã2	iɔ̃2	iã2	iɐm2	iəŋ2	ŋæ̃2	iəŋ2	ioŋ2
1437	篷		通合一平东并	pʰoŋ2	pʰoŋ2	pʰoŋ2	pʰoŋ2	pʰəŋ2	pʰəŋ2	pʰɐm2	pʰɐm2	pʰɐm2	pʰəŋ2	pʰən2	pʰəŋ2	pʰoŋ2
1438	蒙	~眼	通合一平东明	moŋ2	moŋ2	moŋ2	moŋ2	məŋ2	məŋ2	mɐm2	mɐm2	mɐm2	məŋ2	mən2	məŋ2	moŋ2
1439	懵		通合一上董明	moŋ3	moŋ3	moŋ3	moŋ3	məŋ4	məŋ4	mɐm4	mɐm3	mɐm4	məŋ3	mən3	məŋ3	moŋ3
1440	东		通合一平东端	toŋ1	toŋ1	toŋ1	toŋ1	təŋ1	təŋ1	tɐm1	tɐm1	tɐm1	təŋ1	tən1	təŋ1	toŋ1
1441	懂		通合一上董端	toŋ3	toŋ3	toŋ3	toŋ3	təŋ3	təŋ3	tɐm3	tɐm3	tɐm3	təŋ3	tən3	təŋ3	toŋ3
1442	冻		通合一去送端	toŋ5	toŋ5	toŋ5	toŋ5	təŋ5	təŋ5	tɐm5	tɐm5	tɐm5	təŋ5	tən5	təŋ5	toŋ5
1443	通		通合一平东透	tʰoŋ1	tʰoŋ1	tʰoŋ1	tʰoŋ1	tʰəŋ1	tʰəŋ1	tʰɐm1	tʰɐm1	tʰɐm1	tʰəŋ1	tʰən1	tʰəŋ1	tʰoŋ1
1444	桶		通合一上董透	tʰoŋ3	tʰoŋ3	tʰoŋ3	tʰoŋ3	tʰəŋ3	tʰəŋ3	tʰɐm3	tʰɐm3	tʰɐm3	tʰəŋ3	tʰən3	tʰəŋ3	tʰoŋ3
1445	痛		通合一去送透	tʰoŋ5	tʰoŋ5	tʰoŋ5	tʰoŋ5	tʰəŋ5	tʰəŋ5	tʰɐm5	tʰɐm5	tʰɐm5	tʰəŋ5	tʰən5	tʰəŋ5	tʰoŋ5
1446	铜		通合一平东定	tʰoŋ2	tʰoŋ2	tʰoŋ2	tʰoŋ2	təŋ2	tʰəŋ2	tʰɐm2	tʰɐm2	tʰɐm2	tʰəŋ2	tʰən2	tʰəŋ2	tʰoŋ2
1447	动		通合一上董定	tʰoŋ5	tʰoŋ6	tʰoŋ6	tʰoŋ6	təŋ4	təŋ4	tʰɐm4	tʰɐm2	tʰɐm4	tʰəŋ6	tʰən6	tʰəŋ5	tʰoŋ6
1448	洞		通合一去送定	tʰoŋ5	tʰoŋ6	tʰoŋ6	tʰoŋ6	təŋ6/tʰəŋ6	təŋ6	tʰɐm6	tʰɐm6	tʰɐm6	tʰəŋ6	tʰən6	tʰəŋ5	tʰoŋ6
1449	笼		通合一平东来	loŋ2	loŋ2	loŋ2	loŋ2	nəŋ2	nəŋ2	lɐm2	nɐm2	nɐm2	nəŋ2	lən2	ləŋ2	loŋ2
1450	聋		通合一平东来	loŋ2	loŋ2	loŋ2	loŋ2	nəŋ2	nəŋ2	lɐm2	nɐm2	nɐm2	nəŋ2	lən2	ləŋ2	loŋ2
1451	拢		通合一上董来	loŋ3	loŋ3	loŋ3	loŋ3	nəŋ4	nəŋ4	lɐm4	nɐm3	nɐm4	nəŋ3	lən3	ləŋ3	loŋ3
1452	弄	~堂	通合一去送来	loŋ5	loŋ6	loŋ6	loŋ6	nəŋ6	nəŋ6	lɐm6	nɐm6	nɐm6	nəŋ6	lən6	ləŋ5	loŋ6
1453	棕		通合一平东精	tsoŋ1	tsoŋ1	tsoŋ1	tsoŋ1	tsəŋ1	tsəŋ1	tsɐm1	tsɐm1	tsɐm1	tsəŋ1	tsən1	tsəŋ1	tsoŋ1
1454	鬃		通合一平东精	tsoŋ1	tsoŋ1	tsoŋ1	tsoŋ1	tsəŋ1	tsəŋ1	tsɐm1	tsɐm1	tsɐm1	tsəŋ1	tsən1	tsəŋ1	tsoŋ1
1455	总		通合一上董精	tsoŋ3	tsoŋ3	tsoŋ3	tsoŋ3	tsəŋ3	tsəŋ3	tsɐm3	tsɐm3	tsɐm3	tsəŋ3	tsən3	tsəŋ3	tsoŋ3
1456	粽		通合一去送精	tsoŋ5	tsoŋ5	tsoŋ5	tsoŋ5	tsəŋ5	tsəŋ5	tsɐm5	tsɐm5	tsɐm5	tsəŋ5	tsən5	tsəŋ5	tsoŋ5
1457	葱		通合一平东清	tsʰoŋ1	tsʰoŋ1	tsʰoŋ1	tsʰoŋ1	tsʰəŋ1	tsʰəŋ1	tsʰɐm1	tsʰɐm1	tsʰɐm1	tsʰəŋ1	tsʰən1	tsʰəŋ1	tsʰoŋ1
1458	从		通合一平东从	tsʰoŋ2	tsʰoŋ2	tsʰoŋ2	tsʰoŋ2	tsʰəŋ2	tsʰəŋ2	tsʰɐm2	tsʰɐm2	tsʰɐm2	tsʰəŋ2	tsʰən2	tsʰəŋ2	tsʰoŋ2
1459	送		通合一去送心	soŋ5	soŋ5	soŋ5	soŋ5	səŋ5	səŋ5	sɐm5	sɐm5	sɐm5	səŋ5	sən5	səŋ5	soŋ5
1460	公		通合一平东见	koŋ1	koŋ1	koŋ1	koŋ1	kəŋ1	kəŋ1	kɐm1	kɐm1	kɐm1	kəŋ1	kən1	kəŋ1	koŋ1
1461	贡		通合一去送见	koŋ5	koŋ5	koŋ5	koŋ5	kəŋ5	kəŋ5	kɐm5	kɐm5	kɐm5	kəŋ5	kən5	kəŋ5	koŋ5
1462	空	~虚	通合一平东溪	kʰoŋ1	kʰoŋ1	kʰoŋ1	kʰoŋ1	kʰəŋ1	kʰəŋ1	kʰɐm1	kʰɐm1	kʰɐm1	kʰəŋ1	kʰən1	kʰəŋ1	kʰoŋ1
1463	孔		通合一上董溪	kʰoŋ3	kʰoŋ3	kʰoŋ3	kʰoŋ3	kʰəŋ3	kʰəŋ3	kʰɐm3	kʰɐm3	kʰɐm3	kʰəŋ3	kʰən3	kʰəŋ3	kʰoŋ3
1464	控		通合一去送溪	kʰoŋ5	kʰoŋ5	kʰoŋ5	kʰoŋ5	kʰəŋ5	kʰəŋ5	kʰɐm5	kʰɐm5	kʰɐm5	kʰəŋ5	kʰən5	kʰəŋ5	kʰoŋ5
1465	空	~缺	通合一去送溪	kʰoŋ5	kʰoŋ5	kʰoŋ5	kʰoŋ5	kʰəŋ5	kʰəŋ5	kʰɐm5	kʰɐm5	kʰɐm5	kʰəŋ5	kʰən5	kʰəŋ5	kʰoŋ5
1466	烘		通合一平东晓	xoŋ1	xoŋ1	xoŋ1	xoŋ1	xəŋ1	xəŋ1	xɐm1	xɐm1	xɐm1	xəŋ1	xən1	xəŋ1	xoŋ1
1467	哄	~骗	通合一上董晓	xoŋ3	xoŋ3	xoŋ3	xoŋ3	xəŋ3	xəŋ3	xɐm3	xɐm3	xɐm3	xəŋ3	xən3	xəŋ3	xoŋ3
1468	红		通合一平东匣	xoŋ2	xoŋ2	xoŋ2	xoŋ2	xəŋ2	xəŋ2	xɐm2	xɐm2	xɐm2	xəŋ2	xən2	xəŋ2	xoŋ2
1469	虹	彩~	通合一平东匣	xoŋ2	xoŋ2	xoŋ2	xoŋ2	xəŋ2	xəŋ2	xɐm2	xɐm2	xɐm2	xəŋ2	xən2	xəŋ2	xoŋ2
1470	哄	起~	通合一去送匣	xoŋ5	xoŋ6	xoŋ6	xoŋ6	xəŋ6	xəŋ6	xɐm5	xɐm6	xɐm6	xəŋ5	xən5	xəŋ5	xoŋ5
1471	翁		通合一平东影	uoŋ1	ŋoŋ1	ŋoŋ1	ŋoŋ1	ŋəŋ1	vəŋ1	vɐm1	vɐm1	vɐm1	vəŋ1	uən1	ŋ̍1	voŋ1
1472	冬		通合一平冬端	toŋ1	toŋ1	toŋ1	toŋ1	təŋ1	təŋ1	tɐm1	tɐm1	tɐm1	təŋ1	tən1	təŋ1	toŋ1
1473	统		通合一去宋透	tʰoŋ3	tʰoŋ3	tʰoŋ3	tʰoŋ3	tʰəŋ3	tʰəŋ3	tʰɐm3	tʰɐm3	tʰɐm3	tʰəŋ3	tʰən3	tʰəŋ3	tʰoŋ3
1474	农		通合一平冬泥	loŋ2	noŋ2	loŋ2	loŋ2	niəŋ2	nəŋ2	liɐm2	nɐm2	liɐm2	nəŋ2	lən2	ləŋ2	loŋ2
1475	宗		通合一平冬精	tsoŋ1	tsoŋ1	tsoŋ1	tsoŋ1	tsəŋ1	tsəŋ1	tsɐm1	tsɐm1	tsɐm1	tsəŋ1	tsən1	tsəŋ1	tsoŋ1
1476	松	轻~	通合三平钟邪	soŋ1	soŋ1	soŋ1	soŋ1	səŋ1	səŋ1	sɐm1	sɐm1	sɐm1	səŋ1	sən1	səŋ1	soŋ1
1477	宋		通合一去宋心	soŋ5	soŋ5	soŋ5	soŋ5	səŋ5	səŋ5	sɐm5	sɐm5	sɐm5	səŋ5	sən5	səŋ5	soŋ5
1478	风		通合三平东帮	foŋ1	foŋ1	foŋ1	foŋ1	fəŋ1	fəŋ1	fɐm1	fɐm1	fɐm1	fəŋ1	fən1	fəŋ1	foŋ1
1479	冯		通合三平东并	foŋ2	foŋ2	foŋ2	foŋ2	fəŋ2	fəŋ2	fɐm2	fɐm2	fɐm2	fəŋ2	fən2	fəŋ2	foŋ2
1480	凤		通合三去送并	foŋ5	foŋ6	foŋ6	foŋ6	fəŋ6	fəŋ6	fɐm6	fɐm6	fɐm6	fəŋ6	fən6	fəŋ5	foŋ6
1481	梦		通合三去送明	moŋ5	moŋ6	moŋ6	moŋ6	məŋ6	məŋ6	mɐm6	mɐm6	mɐm6	məŋ6	mən6	məŋ5	moŋ6
1482	隆		通合三平东来	loŋ2	noŋ2	loŋ2	loŋ2	nəŋ2	nəŋ2	nɐm2	nɐm2	liɐm2	nəŋ2	lən2	ləŋ2	loŋ2
1483	忠		通合三平东知	tʂoŋ1	tʂoŋ1	tʂoŋ1	tsoŋ1	tsəŋ1	tsəŋ1	tsɐm1	tʃɐm1	tsɐm1	tʂəŋ1	tən1	tʂuəŋ1	tʂoŋ1
1484	中	当~	通合三去送知	tʂoŋ1	tʂoŋ1	tʂoŋ1	tsoŋ1	tsəŋ1	tsəŋ1	tsɐm1	tʃɐm1	tsɐm1	tʂəŋ1	tən1	tʂuəŋ1	tʂoŋ1
1485	中	射~	通合三去送知	tʂoŋ5	tʂoŋ5	tʂoŋ5	tsoŋ5	tsəŋ5	tsəŋ5	tsɐm5	tʃɐm5	tsɐm5	tʂəŋ5	tən5	tʂuəŋ5	tʂoŋ5
1486	虫		通合三平东澄	tʂʰoŋ2	tʂʰoŋ2	tʂʰoŋ2	tsʰoŋ2	tsʰəŋ2	tsʰəŋ2	tsʰɐm2	tʃʰɐm2	tsʰɐm2	tʂʰəŋ2	tʰən2	tʂʰuəŋ2	tʂʰoŋ2
1487	崇		通合三平东崇	tʂʰoŋ2	tʂʰoŋ2	tʂʰoŋ2	tsʰoŋ2	tsʰəŋ2	tsʰəŋ2	tsʰɐm2	tsʰɐm2	tsʰɐm2	tʂʰəŋ2	tʰən2	tʂʰuəŋ2	tʂʰoŋ2
1488	终		通合三平东照	tʂoŋ1	tʂoŋ1	tʂoŋ1	tsoŋ1	tsəŋ1	tsəŋ1	tsɐm1	tʃɐm1	tsɐm1	tʂəŋ1	tən1	tʂuəŋ1	tʂoŋ1
1489	众		通合三去送照	tʂoŋ5	tʂoŋ5	tʂoŋ5	tsoŋ5	tsəŋ5	tsəŋ5	tsɐm5	tʃɐm5	tsɐm5	tʂəŋ5	tən5	tʂuəŋ5	tʂoŋ5
1490	充		通合三平东穿	tʂʰoŋ1	tʂʰoŋ1	tʂʰoŋ1	tsʰoŋ1	tsʰəŋ1	tsʰəŋ1	tsʰɐm1	tʃʰɐm1	tsʰɐm1	tʂʰəŋ1	tʰən1	tʂʰuən1	tʂʰoŋ1
1491	铳		通合三去送穿	tʂʰoŋ5	tʂʰoŋ5	tʂʰoŋ5	tsʰoŋ5	tsʰəŋ5	tsʰəŋ5	tsʰɐm5	tʃʰɐm5	tsʰɐm5	tʂʰəŋ5	tʰən5	tʂʰuən5	tʂʰoŋ5
1492	绒		通合三平东日	ioŋ2	ioŋ2	ioŋ2	ioŋ2	iəŋ2	iəŋ2	iɐm2	iɐm2	iɐm2	iəŋ2	iən2	iəŋ2	ioŋ2
1493	弓		通合三平东见	koŋ1	koŋ1	koŋ2	koŋ1	tʃəŋ1	tɕiəŋ1	tɕiɐm1	kɐm1	tɕiɐm1	tʂəŋ1	kən1	kəŋ1	koŋ1
1494	穷		通合三平东群	tɕʰioŋ2	tɕʰioŋ2	tɕʰioŋ2	tɕʰioŋ2	tʃʰəŋ2	tɕʰiəŋ2	tɕʰiɐm2	tʃʰɐm2	tɕʰiɐm2	tʂʰəŋ2	tɕʰiən2	tʃʰən2	tɕʰoŋ2
1495	熊		通合三平东云	ɕioŋ2	ɕioŋ2	ɕioŋ2	ɕioŋ2	ʃəŋ2	ɕiəŋ2	ɕiɐm2	ʃɐm2	ɕiɐm2	ʃəŋ2	ɕiən2	ʃəŋ2	ɕioŋ2
1496	融		通合三平东以	ioŋ2	ioŋ2	ioŋ2	ioŋ2	iəŋ2	iəŋ2	iɐm2	iɐm2	iɐm2	iəŋ2	iən2	iəŋ2	ioŋ2
1497	封		通合三平钟帮	foŋ1	foŋ1	foŋ1	foŋ1	fəŋ1	fəŋ1	fɐm1	fɐm1	fɐm1	fəŋ1	fən1	fəŋ1	foŋ1
1498	蜂		通合三平钟滂	foŋ1	foŋ1	foŋ1	foŋ1	fəŋ1	fəŋ1	fɐm1	fɐm1	fɐm1	fəŋ1	fən1	fəŋ1	foŋ1
1499	逢		通合三平钟并	foŋ2	foŋ2	foŋ2	foŋ2	fəŋ2	fəŋ2	fɐm2	fɐm2	fɐm2	fəŋ2	fən2	fəŋ2	foŋ2
1500	缝	~衣服	通合三平钟并	foŋ2	foŋ2	foŋ2	foŋ2	fəŋ2	fəŋ2	fɐm2	fɐm2	fɐm2	fəŋ2	fən2	fəŋ2	foŋ2
1501	奉	~承	通合三上肿并	foŋ5	foŋ6	foŋ6	foŋ6	fəŋ4	fəŋ6	fɐm6	fɐm2	fɐm6	fəŋ6	fən6	fəŋ5	foŋ6
1502	缝	一条~	通合三去用并	foŋ5	foŋ6	foŋ6	foŋ6	fəŋ6	fəŋ6	fɐm6	fɐm6	fɐm6	fəŋ6	fən6	fəŋ5	foŋ6
1503	浓		通合三平钟泥	loŋ2	loŋ2	ioŋ2	lioŋ2/ioŋ2	niəŋ2	nəŋ2	liɐm2	niɐm2	liɐm2	nəŋ2	ȵiən2	ȵiəŋ2	ȵioŋ2
1504	龙		通合三平钟来	loŋ2	loŋ2	lioŋ2	lioŋ2	niəŋ2	nəŋ2	liɐm2	nɐm2	liɐm2	nəŋ2	liən2	ləŋ2	loŋ2
1505	纵	放~	通合三去用精	tsoŋ5	tsoŋ5	tsoŋ5	tsoŋ5	tsəŋ5	tsəŋ5	tsɐm5	tsɐm5	tsɐm5	tsəŋ5	tsən5	tsəŋ5	tsoŋ5
1506	从	~容	通合三平钟清	tsʰoŋ1	tsʰoŋ1	tsʰoŋ1	tsʰoŋ1	tsʰəŋ1	tsʰəŋ1	tsʰɐm1	tsʰɐm1	tsʰɐm1	tsʰəŋ1	tsʰən1	tsʰəŋ1	tsʰoŋ1
1507	从	跟~	通合三平钟从	tsʰoŋ2	tsʰoŋ2	tsʰoŋ2	tsʰoŋ2	tsʰəŋ2	tsʰəŋ2	tsʰɐm2	tsʰɐm2	tsʰɐm2	tsʰəŋ2	tsʰən2	tsʰəŋ2	tsʰoŋ2
1508	松	~树	通合三平钟邪	tsʰoŋ2	tsʰoŋ2	tsʰoŋ2	tsʰoŋ2	tsʰəŋ2	tsʰəŋ2	tsʰɐm2	tsʰɐm2	tsʰɐm2	tsʰəŋ2	tsʰən2	səŋ1	tsʰoŋ2
1509	诵		通合三去用邪	soŋ5	soŋ6	soŋ6	soŋ6	səŋ6	tsʰəŋ6	sɐm6	sɐm6	sɐm6	səŋ6	sən6	səŋ5	soŋ6
1510	宠		通合三上肿彻	tʂʰoŋ3	tʂʰoŋ3	tʂʰoŋ3	tsʰoŋ3	tsʰəŋ3	tsʰəŋ3	tsʰɐm3	tʃʰɐm3	tsʰɐm3	tʂʰəŋ3	tsʰən3	tʂʰuəŋ3	soŋ3
1511	重	~复	通合三平钟澄	tʂʰoŋ2	tʂʰoŋ2	tʂʰoŋ2	tsʰoŋ2	tsʰəŋ2	tsʰəŋ2	tsʰɐm2	tʃʰɐm2	tsʰɐm2	tʂʰəŋ2	tʰən2	tʂʰuəŋ2	tʂʰoŋ2
1512	重	轻~	通合三上肿澄	tʂʰoŋ5	tʂʰoŋ6	tʂʰoŋ6	tsʰoŋ6	tsəŋ4	tsʰəŋ4	tsʰɐm4	tʃʰɐm2	tsʰɐm4	tʂʰəŋ6	tʰən6	tʂʰuəŋ5	tʂʰoŋ6
1513	钟		通合三平钟照	tʂoŋ1	tʂoŋ1	tʂoŋ1	tsoŋ1	tsəŋ1	tsəŋ1	tsɐm1	tʃɐm1	tsɐm1	tʂəŋ1	tən1	tʂuəŋ1	tʂoŋ1
1514	肿		通合三上肿照	tʂoŋ3	tʂoŋ3	tʂoŋ3	tsoŋ3	tsəŋ3	tsəŋ3	tsɐm3	tʃɐm3	tsɐm3	tʂəŋ3	tən3	tʂuəŋ3	tʂoŋ3
1515	种	~树	通合三去用照	tʂoŋ5	tʂoŋ5	tʂoŋ5	tsoŋ5	tsəŋ5	tsəŋ5	tsɐm5	tʃɐm5	tsɐm5	tʂəŋ5	tən5	tʂuəŋ5	tʂoŋ5
1516	冲		通合三平钟穿	tʂʰoŋ1	tʂʰoŋ1	tʂʰoŋ1	tsʰoŋ1	tsʰəŋ1	tsʰəŋ1	tsʰɐm1	tʃʰɐm1	tsʰɐm1	tʂʰəŋ1	tʰən1	tʂʰuəŋ1	tʂʰoŋ1
1517	舂	~米	通合三平钟生	tʂʰoŋ1	tʂʰoŋ1	tʂʰoŋ1	tsoŋ1	tsəŋ1	tsəŋ1	tsʰɐm1	tʃɐm1	tsɐm1	tʂəŋ1	tən1	tʂuəŋ1	tʂoŋ1
1518	茸		通合三平钟日	ioŋ2	loŋ2	ioŋ2	ioŋ2	iəŋ2	iəŋ2	iɐm2	iɐm2	iɐm2	iəŋ2	iən2	iəŋ2	ioŋ2
1519	供	~给	通合三平钟见	tɕioŋ1	koŋ1	koŋ1	tɕioŋ1	tʃəŋ1	tɕiəŋ1	tɕiɐm1	tʃɐm1	kɐm1	kəŋ1	tɕiən1	kəŋ1	koŋ1
1520	拱		通合三上肿见	tɕioŋ3	koŋ3	koŋ3	koŋ3	tʃəŋ3	kəŋ3	kɐm3	tʃɐm3	kɐm3	kəŋ3	kən3	kəŋ3	koŋ3
1521	供	上~	通合三去用见	koŋ5	koŋ5	koŋ5	koŋ5	tʃəŋ5	tɕiəŋ5	kɐm5	tʃɐm5	kɐm5	kəŋ5	tɕiən5	kəŋ5	koŋ5
1522	恐		通合三上肿溪	kʰoŋ3	kʰoŋ3	kʰoŋ3	kʰoŋ3	kʰəŋ3	tɕʰiəŋ3	kʰɐm3	kʰɐm3	kʰɐm3	kʰəŋ3	kʰən3	kʰəŋ3	kʰoŋ3
1523	共	~一家	通合三去用群	tɕʰioŋ5	tɕʰioŋ6	kʰoŋ6	tɕʰioŋ6	tʃʰəŋ6	tɕʰiəŋ6	tɕʰiɐm6	tʃʰɐm6	tɕʰiɐm6	tʂʰəŋ6	tɕʰiən6	kʰəŋ5	kʰoŋ6
1524	共	~同	通合三去用群	koŋ5	koŋ6	kʰoŋ6	tɕʰioŋ6	tʃʰəŋ6	tɕʰiəŋ6	tɕʰiɐm6	tʃʰɐm6	tɕʰiɐm6	tʂʰəŋ6	kʰən6	kʰəŋ5	kʰoŋ6
1525	凶		通合三平钟晓	ɕioŋ1	ɕioŋ1	ɕioŋ1	ɕioŋ1	ʃəŋ1	ɕiəŋ1	ɕiɐm1	ʃɐm1	ɕiɐm1	ʃəŋ1	ɕiən1	ʃəŋ1	ʂoŋ1
1526	拥		通合三上肿影	ioŋ1	ioŋ1	ioŋ1	ioŋ1	iəŋ1	iəŋ1	iɐm1	iɐm1	iɐm1	iəŋ1	iən1	iəŋ1	ioŋ1
1527	容		通合三平钟以	ioŋ2	ioŋ2	ioŋ2	ioŋ2	iəŋ2	iəŋ2	iɐm2	iɐm2	iɐm2	iəŋ2	iən2	iəŋ2	ioŋ2
1528	勇		通合三上肿以	ioŋ3	ioŋ3	ioŋ3	ioŋ3	iəŋ4	iəŋ4	iɐm4	iɐm3	iɐm4	iəŋ3	iən3	iəŋ3	ioŋ3
1529	用		通合三去用以	ioŋ5	ioŋ6	ioŋ6	ioŋ6	iəŋ6	iəŋ6	iɐm6	iɐm6	iɐm6	iəŋ6	iən6	iəŋ5	ioŋ6
1530	答		咸开一入合端	tuʌ7	toʔ7	tuo5	toʔ7	to6	to6	tɘ6	ta6	to6	tuɤ6	to7	tɑ5	tuɐ7
1531	踏		咸开一入合定	tʰuʌ7	tʰaʔ7	tʰuo5	tʰoʔ7	tʰo6	tʰo6	tʰɘ6	tʰa6	tʰo6	tʰuɤ7	tʰo7	tʰɑ1	tʰuɐ7
1532	纳		咸开一入合泥	luʌ1	loʔ7	luo6	loʔ8	lo6	lo6	lɘ6	lo6	lo6	luɤ7	lo1	lɑ1	na7
1533	拉		咸开一入合来	la1	la1	la1	la1	la1	la1	la1	la1	la1	la1	la1	lɑ1	la1
1534	杂		咸开一入合从	tsʰuʌ1	tsʰoʔ7	tsʰuo6	tsʰoʔ8	tsʰo6	tsʰo6	tsʰɘ6	tsʰo6	tsʰa6	tsʰuɤ7	tsʰo1	tsʰɑ1	tsʰuɐ1
1535	鸽		咸开一入合见	kei7	kiɛʔ7	kə5	kɛʔ7	kɐ6	ka6	ko6	ka6	ka6	kɤ6	ko7	kə5	kɤ7
1536	喝	~酒	山开一入曷晓	xei7	xiɛʔ7	xɛ5	xɛʔ7	xɐ6	xa6	xo6	xa6	xa6	xɤ6	xo7	xə5	xɤ7
1537	盒		咸开一入合匣	xei1	xiɛʔ7	xɛ6	xɛʔ8	xɐ6	xa6	xo6	xa6	xa6	xɤ7	xo1	xə1	xɤ1
1538	塔		咸开一入盍透	tʰuʌ7	tʰoʔ7	tʰuo5	tʰoʔ7	tʰo6	tʰo6	tʰɘ6	tʰo6	tʰo6	tʰuɤ6	tʰo7	tʰɑ5	tʰuɐ7
1539	腊		咸开一入盍来	luʌ1	loʔ7	luo6	loʔ8	lo6	lo6	lɘ6	lo6	lo6	luɤ7	lo1	lɑ1	luɐ1
1540	蜡		咸开一入盍来	luʌ1	loʔ7	luo6	loʔ8	lo6	lo6	lɘ6	lo6	lo6	luɤ7	lo1	lɑ1	luɐ1
1541	磕		咸开一入盍溪	kʰau7	kʰauʔ7	kʰau5	kʰauʔ7	kʰo6	kʰa6	kʰo6	kʰo6	kʰo6	kʰo6	kʰo7	kʰə5	kʰo7
1542	眨		咸开二入洽照	tʂuʌ7	tʂaʔ6	tʂuo5	tsoʔ7	tso6	tso6	tsɘ6	tʃo6	tso6	tʃuɤ6	to7	tsɑ5	tsa7
1543	插		咸开二入洽穿	tʂʰuʌ7	tʂʰoʔ7	tʂʰuo5	tsʰoʔ7	tsʰo6	tsʰo6	tsʰɘ6	tʃʰuø6	tsʰo6	tʃʰuɤ6	tʰo7	tʂʰuɑ5	tʂʰuɐ7
1544	闸		咸开二入洽崇	tʂuʌ7	tsaʔ7	tʂuo5	tsoʔ6	tso6	so6	tsɘ6	tʃo6	tsʰo6	ʃuɤ7	tso7	tʂuɑ5	tsa7
1545	夹	~生	咸开二入洽见	kuʌ7	koʔ7	kuo5	koʔ7	ko6	ko6	kɘ6	ko6	ko6	kuɤ6	ko7	kɑ5	kuɐ7
1546	狭		咸开二入洽匣	xuʌ1	xuoʔ7	xuo6	xoʔ8	xo6	xo6	xɘ6	xo6	xo6	xuɤ7	xo1	xɑ1	xuɐ1
1547	甲		咸开二入狎见	kuʌ7	koʔ7	kuo5	koʔ7	ko6	ko6	kɘ6	ko6	ko6	kuɤ6	ko7	kɑ5	kuɐ7
1548	匣		咸开二入洽匣	xuʌ1	xoʔ7	xuo6	xoʔ8	xo6	xo6	kɘ6	xo6	xo6	xuɤ7	xo1	xɑ1	xɤ1
1549	鸭		咸开二入狎影	ŋuʌ7	uəʳʔ7	ŋuoʳ5	ŋoʔ7	ŋo6	ɡo6	ɡɘ6	ŋo6	ɡo6	ŋuɤ6	ŋo7	ŋɑ5	ŋuɐ7
1550	聂		咸开三入叶娘	iɛ1	liɛʔ7	iɛ6	iɛʔ8	ȵie6	ȵie6	ɡie6	ȵie6	ȵie6	ȵiɛ6	ȵiɛ7	ȵiɑ5	ȵiɛ7
1551	蹑		咸开三入叶娘	iɛ3	liɛʔ7	iɛ6	iɛʔ8	ȵie6	ȵie6	ɡie6	ȵie6	ȵie6	ȵiɛ7	ȵiɛ7	ȵiɑ5	ȵiɛ7
1552	猎		咸开三入叶来	liɛ1	liɛʔ7	liɛ6	liɛʔ8	le6	le6	le6	le6	le6	læ7	li1	lɑ1	liɛ1
1553	接		咸开三入叶精	tsiɛ7	tsiɛʔ7	tsiɛ5	tsiɛʔ7	tse6	tse6	tse6	tse6	tse6	tsæ6	tsi7	tɕiɑ5	tɕiɛ7
1554	折	~叠	山开三入薛照	tɕiɛ7	tɕiɛʔ7	tɕiɛ5	tɕiɛʔ7	tse6	tse6	tse6	tse6	tse6	tɕiɛ6	tɕiɛ7	tʃɑ5	tɕiɛ7
1555	摄		咸开三入叶生	ɕiɛ7	ɕiɛʔ7	ɕiɛ6	ɕiɛʔ7	se6	se6	se6	se6	se6	sæ7	ɕiɛ1	ʃɑ5	ɕiɛ7
1556	涉		咸开三入叶禅	ɕiɛ1	ɕiɛʔ7	ɕiɛ6	ɕiɛʔ8	se6	se6	se6	se6	se6	ɕiɛ7	ɕiɛ1	ʃɑ1	ɕiɛ7
1557	叶	树~	咸开三入叶以	iɛ1	iɛʔ7	iɛ6	iɛʔ8	ie6	ie6	ie6	ie6	ie6	iɛ7	iɛ1	iɑ1	iɛ1
1558	劫		咸开三入业见	tɕiɛ7	tɕiɛʔ7	tɕiɛ5	tɕiɛʔ7	tʃe6	tɕie6	tɕie6	tɕie6	tɕie6	tɕiɛ6	tɕiɛ7	tʃɑ5	tɕiɛ7
1559	怯		咸开三入业溪	tɕʰiɛ7	tɕʰiɛʔ7	tɕʰiɛ5	tɕʰiɛʔ7	tʃʰe6	tɕʰie6	tɕʰie6	tɕʰie6	tɕʰie6	tɕʰiɛ6	tɕʰiɛ7	tʃʰɑ5	tɕʰiɛ7
1560	业		咸开三入业疑	iɛ1	iɛʔ7	iɛ6	iɛʔ8	ȵie6	ȵie6	ɡie6	ȵie6	ȵie6	ȵiɛ7	ȵiɛ1	ȵiɑ1	ȵiɛ1
1561	胁		咸开三入业晓	ɕiɛ7	ɕiɛʔ7	ɕiɛ5	ɕiɛʔ7	ʃe6	ɕie6	ɕie6	ɕie6	ɕie6	ɕiɛ7	ɕiɛ7	ʃɑ1	ɕiɛ1
1562	跌		山开四入屑端	tiɛ7	tiɛʔ7	tuo5	tiɛʔ7	te6	te6	te6	te6	te6	tæ6	ti7	tiɑ5	tiɛ7
1563	帖		咸开四入帖透	tʰiɛ7	tʰiɛʔ7	tʰiɛ5	tʰiɛʔ7	tʰe6	tʰe6	tʰe6	tʰe6	tʰe6	tʰæ6	tʰi7	tʰiɑ5	tʰiɛ7
1564	叠		咸开四入帖定	tiɛ7	tiɛʔ7	tʰiɛ6	tʰiɛʔ8	tʰe6	tʰe6	tʰe6	tʰe6	tʰe6	tʰiɛ7	ti7	tʰiɑ1	tʰiɛ1
1565	协		咸开四入帖匣	ɕiɛ1	ɕiɛʔ7	ɕiɛ5	ɕiɛʔ8	ʃe6	ɕie6	ɕie6	ɕie6	ɕie6	ɕiɛ7	ɕiɛ1	ʃɑ1	ɕiɛ1
1566	法		咸合三入乏帮	fuʌ7	foʔ7	fuo5	foʔ7	fo6	fo6	fɘ6	fo6	fo6	fuɤ6	fo7	fɑ5	fuɐ7
1567	笠		深开三入缉来	li1	leiʔ7	lei6	leiʔ8	li6	li6	la6	la6	li6	lɛ7	lɛ1	li1	li7
1568	粒		深开三入缉来	li1	leiʔ7	lei6	leiʔ8	li6	li6	la6	na6	la6	lɛ7	lɛ1	li1	le7
1569	集		深开三入缉从	tsʰei1	tsʰeiʔ6	tsʰei6	tsʰeiʔ8	tsʰi6	tsʰi6	tsʰa6	tsʰa6	tsʰa6	tsʰɛ7	tsʰɛ1	tɕʰi1	tsʰe1
1570	习	~惯	深开三入缉邪	sei1	seiʔ7	sei6	seiʔ8	tsʰi6	tsʰi6	tsʰa6	tsʰa6	tsʰa6	tsʰɛ7	tsʰɛ1	tɕʰi1	tsʰe1
1571	蛰		深开三入缉澄	ɕiɛ1	saiʔ7	tɕʰiai6	tɕʰiaiʔ8	tsɿ6	tsʰɿ6	tsʰa6	tʃʰã6	tɕʰia6	tʃʰɛ7	tʰɛ1	tʃuɛ1	tsʰe1
1572	汁		深开三入缉照	tɕi7	tɕiʔ7	tɕi5	tɕiʔ7	tsɿ6	tsɿ6	tsa5	tʃa6	tsa6	tʃɛ6	tɕi7	tɕi5	tɕie7
1573	湿		深开三入缉生	tɕʰi7	tɕʰiʔ7	ɕi5	ɕiʔ7	tsʰɿ6	tsʰɿ6	tsʰa6	tʃʰa6	tsʰa6	ʃɛ6	ɕi7	ɕi5	ɕie7
1574	十		深开三入缉崇	ɕi1	ɕiʔ7	ɕi6	ɕiʔ8	sɿ6	sɿ6	sa6	ʃa6	sa6	ʃɛ7	ɕi1	ɕi1	ɕie1
1575	入		深开三入缉日	i1	iʔ7	ȵi6	iʔ8	i6	i6	ia6	ia6	ia6	iɛ7	i1	i1	le1
1576	急		深开三入缉见	tɕi7	tɕiʔ7	tɕi5	tɕiʔ7	tʃi6	tɕi6	tɕia6	tʃa6	tɕia6	tʃɛ6	tɕi7	tɕi5	tɕi7
1577	及	来不~	深开三入缉群	tɕʰi1	tɕʰiʔ7	tɕʰi6	tɕʰiʔ7	tʃʰi6	tɕʰi6/tɕi6	tɕia6	tʃa6	tɕʰia6	tʃɛ6	tɕʰi1	tɕi5	tɕʰi1
1578	吸		深开三入缉晓	ɕi7	ɕiʔ7	ɕi5	ɕiʔ7	ʃi6	ɕi6	ɕia6	ʃa6	ɕi6	ʃɛ6	ɕi7	ɕi5	ɕi7
1579	揖		深开三入缉影	i7	iʔ7	i7	iʔ7	i1	i1	ia6	ia6	ia6	iɛ6	i7	i5	i7
1580	达		山开一入曷定	tʰuʌ1	tʰoʔ7	tʰuo6	tʰoʔ8	tʰo6	tʰo6	tʰɘ6	tʰo6	tʰo6	tʰuɤ7	to7	tʰɑ1	tʰuɐ1
1581	捺		山开一入曷泥	la1	loʔ7	luo6	loʔ8	lo6	lɒ6	lo6	lo6	lo6	la6	la1	lɑ1	na7
1582	辣		山开一入曷来	luʌ1	loʔ7	luo6	loʔ8	lo6	lo6	lɘ6	lo6	lo6	luɤ7	lo1	lɑ1	luɐ1
1583	癞		山开一入曷来	luʌ1	loʔ7	luo6	loʔ8	lo6	lo6	lɘ6	lo6	lo6	luɤ7	lo1	lɑ1	luɐ1
1584	擦		山开一入曷清	tsʰuʌ7	tsʰoʔ7	tsʰuo5	tsʰoʔ7	tsʰo6	tsʰo6	tsʰɘ6	tsʰo6	tsʰo6	tʃʰuɤ6	tsʰo7	tsʰɑ5	tsʰa7
1585	割		山开一入曷见	kɤ7	kiɛʔ7/kɛʔ7	kiɛ5	kɛʔ7	ko6	ko6	kɘ6	ko6	ko6	kuɤ6	ku7	ko5	kuɐ7
1586	渴		山开一入曷溪	kʰɤ7	kʰiɛʔ7	kʰiɛ5/kʰɛ5	kʰɛʔ7	kʰo6	kʰo6	kʰɘ6	kʰo6	kʰo6	kʰɤ6	kʰo7	kʰo5	kʰuɐ7
1587	喝	~彩	山开一入曷晓	xɤ7	xiɛʔ7	xɛ5	xɛʔ7	xɐ6	xo6	xo6	xa6	xo6	xɤ6	xo7	xə5	xɤ7
1588	八		山开二入黠帮	puʌ7	poʔ7	puo5	poʔ7	po6	po6	pɘ6	po6	po6	puɤ6	po7	pɑ5	puɐ7
1589	拔		山开二入黠并	pʰuʌ1	poʔ7	pʰuo6	pʰoʔ8	pʰo6	pʰo6	pʰɘ6	pʰo6	pʰo6	pʰuɤ7	pʰu1	pʰɑ1	pʰuɐ1
1590	抹		山合一入末明	mɤ1	moʔ7	mau5	moʔ7	mo6	bo6	bɘ6	mo6	bo6	muɤ7	mu1	mo1	mo1
1591	扎		山开二入黠照	tʂuʌ7	tsaʔ7	tʂuo5	tsaʔ7	tso6	tso6	tsɘ6	tso6	tso6	tʃuɤ6	to7	tʂuɑ5	tʂuɐ7
1592	察		山开二入黠穿	tʂʰuʌ7	tʂʰoʔ5	tsʰuo5	tsʰoʔ7	tsʰo6	tsʰo6	tsʰɘ6	tsʰo6	tsʰo6	tʃʰuɤ6	tʰo7	tʂʰuɑ5	tʂʰuɐ7
1593	杀		山开二入黠生	ʂuʌ7	ʂoʔ7	ʂuo5	soʔ7	so6	so6	sɘ6	ʃo6	so6	ʃuɤ6	ɕio7	ʂuɑ5	ʂuɐ7
1594	轧	车~人	山开二入黠影	ŋuʌ5	tʂaʔ7	tʂuo5	tsaʔ7	ŋo6	ɡo6	ɡɘ6	tso6	ɡo6	ȵiɛ7	ŋo1	tʂuɑ5	ŋa7
1595	铡		山开二入鎋崇	tʂuʌ5	tʂaʔ7	tʂuo6	tsaʔ8	tso6	tso6	tsɘ6	tso6	tso6	ʃuɤ7	ɕio1	tʂuɑ5	tsæ7
1596	瞎		山开二入鎋晓	xuʌ7	xuoʔ7	xuo5	xoʔ7	xo6	xo6	xɘ6	xo6	xo6	xuɤ6	xo7	xɑ5	xuɐ7
1597	别	~人	山开三入薛并	pʰiɛ1	pʰiɛʔ7	pʰiɛ6	pʰiɛʔ8	pʰe6	pʰe6	pʰe6	pʰe6	pʰie6	pʰæ7	pʰi1	pʰiɑ1	pʰiɛ1
1598	别	离~	山开三入薛并	piɛ1	piɛʔ7	pʰiɛ6	pʰiɛʔ8	pʰe6	pʰe6	pʰe6	pʰe6	pʰie6	pʰæ7	pʰi1	pʰiɑ1	pʰiɛ1
1599	灭		山开三入薛明	miɛ1	miɛʔ7	miɛ6	miɛʔ8	me6	be6	be6	me6	be6	mæ7	mi1	miɑ1	miɛ1
1600	裂		山开三入薛来	liɛ1	liɛʔ7	liɛ6	liɛʔ8	le6	le6	le6	le6	le6	læ5	li1	liɑ1	liɛ1
1601	薛		山开三入薛心	sɤ7	ɕyɛʔ7	siɛ5	siɛʔ7	se6	se6	se6	se6	se6	sæ6	si7	ɕiɑ5	ɕiɛ7
1602	折	~断	山开三入薛照	tɕiɛ7	tɕiɛʔ7	tɕiɛ5	tɕiɛʔ7	tse6	tse6	tse6	tse6	tse6	tɕiɛ6	tɕiɛ7	tʃɑ5	tɕiɛ7
1603	舌		山开三入薛崇	ɕiɛ1	tɕʰiɛʔ6	ɕiɛ6	ɕiɛʔ8	tɕʰie6	tsʰe6	tɕʰie6	tɕʰie6	tsʰe6	tɕʰiɛ7	ɕiɛ1	ʃɑ1	ɕiɛ1
1604	设		山开三入薛生	ɕiɛ7	ɕiɛʔ7	ɕiɛ5	ɕiɛʔ7	se6	se6	se6	se6	se6	ɕiɛ7	ɕiɛ7	ʃɑ5	ɕiɛ7
1605	热		山开三入薛日	iɛ1	iɛʔ7	iɛ6	iɛʔ8	ȵie6	ȵie6	ɡie6	ȵie6	ȵie6	ȵiɛ7	ȵiɛ1	ȵiɑ5	ȵiɛ1
1606	杰		山开三入薛群	tɕʰiɛ1	tɕiɛʔ7	tɕʰiɛ6	tɕʰiɛʔ8	tʃʰe6	tɕʰie6	tɕʰie6	tɕʰie6	tɕʰie6	tɕʰiɛ7	tɕiɛ7	tʃʰɑ1	tɕʰiɛ1
1607	孽		山开三入薛疑	ŋiɛ1	liɛʔ7	iɛ6	iɛʔ8	ȵie6	ȵie6	ɡie6	ȵie6	ȵie6	ȵiɛ6	ȵiɛ1	ȵiɑ5	ȵiɛ1
1608	揭		山开三入月见	tɕiɛ7	tɕiɛʔ7	tɕiɛ5	tɕiɛʔ7	kie6	tɕie6	tɕie6	tɕie6	tɕie6	tɕʰiɛ6	tɕiɛ7	tʃʰɑ1	tɕʰiɛ7
1609	歇		山开三入月晓	ɕiɛ7	ɕiɛʔ7	ɕiɛ5	ɕiɛʔ7	ʃe6	ɕie6	ɕie6	ɕie6	ɕie6	ɕiɛ6	ɕiɛ7	ʃɑ5	ɕiɛ7
1610	撇		山开四入屑滂	pʰiɛ7	pʰiɛʔ7	pʰiɛ5	pʰiɛʔ7	pʰe6	pʰe6	pʰe6	pʰe6	pʰie6	pʰiɛ6	pʰi7	pʰiɑ5	pʰiɛ7
1611	蔑		山开四入屑明	miɛ1	miɛʔ7	miɛ6	miɛʔ8	me6	be6	be6	me6	be6	mæ7	mi1	miɑ1	miɛ1
1612	铁		山开四入屑透	tʰiɛ7	tʰiɛʔ7	tʰiɛ5	tʰiɛʔ7	tʰe6	tʰe6	tʰe6	tʰe6	tʰe6	tʰæ6	tʰi7	tʰiɑ5	tʰiɛ7
1613	捏		山开四入屑泥	iɛ1	liɛʔ7	iɛ5	iɛʔ8	le6	le6	ɡie6	le6	ne6	iɛ6	ȵiɛ7	ȵiɑ5	ȵiɛ7
1614	节		山开四入屑精	tsiɛ7	tsiɛʔ7	tsiɛ5	tsiɛʔ7	tse6	tse6	tse6	tse6	tse6	tsæ6	tsiɛ5	tɕiɑ5	tɕiɛ7
1615	切		山开四入屑清	tsʰiɛ7	tsʰiɛʔ7	tsʰiɛ5	tsʰiɛʔ7	tsʰe6	tsʰe6	tsʰe6	tsʰe6	tsʰe6	tsʰæ6	tsʰi7	tɕʰiɑ5	tɕʰiɛ7
1616	屑		山开四入屑心	siɛ1	siəʳ1	siəʳ5	sioʔ7	sia6	se6	se6	se6	se6	siɔ6	si7	ɕiə5	ɕyɛ7
1617	结		山开四入屑见	tɕiɛ7	tɕiɛʔ7	tɕiɛ5	tɕiɛʔ7	kie6	tɕie6	tɕie6	tʃe6	tɕie6	tɕiɛ6	tɕiɛ7	tʃɑ5	tɕiɛ7
1618	拨		山合一入末帮	pɤ7	poʔ7	pɛ5	poʔ7	po6	po6	pɘ6	pu6	po6	pʰuɤ6	pu7	po1	pʰuɐ7
1619	泼		山合一入末滂	pʰuʌ7	pʰoʔ7	pʰɛ5	pʰɛʔ7	pʰo6	pʰo6	pʰɘ6	pʰu6	pʰo6	pʰuɤ6	pʰu7	pʰo5	pʰuɐ7
1620	末		山合一入末明	muʌ1	moʔ7	məʳ5	mɛʔ7	mo6	bo6	bɘ6	mo6	bo6	muɤ7	mu1	mo1	muɐ1
1621	脱		山合一入末透	tʰuʌ7	tʰoʔ7	tʰɛ5	tʰɛʔ7	tʰo6	tʰo6	tʰɘ6	tʰo6	tʰo6	tʰuɤ6	tʰu7	tʰo5	tʰuɐ7
1622	夺		山合一入末定	tʰuʌ1	tʰoʔ7	tʰɛ6	tʰɛʔ8	tʰo6	tʰo6	tʰɘ6	tʰo6	tʰo6	tʰuɤ7	tʰu1	tʰo1	tʰuɐ1
1623	捋		山合一入末来	ly1	leiʔ7	ləu6	lɛʔ8	lu6	lu6	lu6	lo6	lo6	luɤ7	lu1	lo1	luɐ1
1624	括		山合一入末见	kʰuʌ7	kʰoʔ7	kʰuo5	kuaʔ7	kʰo6	ko6	kʰua6	ko6	ko6	kuɤ6	kʰu7	kʰuɑ5	kuɐ7
1625	阔		山合一入末溪	kʰuʌ7	kʰoʔ7	kʰuɛ5	kʰuɛʔ7	kʰo6	kʰo6	kʰɘ6	kʰo6	kʰo6	kʰuɤ6	kʰu7	kʰo5	kʰuɐ7
1626	活		山合一入末匣	uʌ1/xuʌ1	xuoʔ7	uɛ6	xuɛʔ8	uo6	vo6	vɘ6	vo6	vo6/xo6	xuɤ7	uo1	xuɑ1	xuɐ1
1627	滑		山合二入黠匣	xuʌ1	xuaʔ7	xua6	uaʔ8	xua6	xo6	xɘ6	vo6	xo6	xuɤ7	xo1	xuɑ1	xuɐ1
1628	挖		山合二入黠影	uʌ5	ŋoʔ7	uo5	uaʔ7	uo6	o1	vɘ6	vo6	vo6	væ6	uo1	vɑ1	vɐ1
1629	刷		山合二入辖生	ɕyɛ7	ɕyɛʔ7	ɕyɛ5	ɕyɛʔ7	so6	so6	sɘ6	so6	so6	ʃuɤ6	ɕy7	so5	ʂuɐ7
1630	刮		山合二入辖见	kuʌ7	kuaʔ7	kua5	kuaʔ7	kua6	ko6	kua6	ko6	ko6	kuɤ6	kua7	kuɑ5	kuɐ7
1631	劣		山合三入薛来	liɛ1	liɛʔ7	liɛ6	liɛʔ8	le6	le6	le6	le6	le6	læ7	li1	liɑ1	liɛ1
1632	绝		山合三入薛从	tsʰɤ1	tsyɛʔ7	tsʰiɛ6	tsʰyɛʔ8	tsʰe6	tsʰe6	tsʰe6	tsʰe6	tsʰe6	tsʰæ7	tsʰi1	tɕʰiɑ1	tɕʰiɛ1
1633	雪		山合三入薛心	sɤ7	syɛʔ7	siɛ5	siɛʔ7	se6	se6	se6	se6	se6	sæ6	si7	ɕiɑ5	ɕiɛ7
1634	说		山合三入薛书	ɕyɛ7	ɕyɛʔ7	ɕyɛ5	ɕyɛʔ7	xue6	xue6	ɕye6	ɕie6	se6	ɕiɛ6	ɕyɛ7	ʃuɑ5	ɕiɛ7
1635	阅		山合三入薛以	yɛ1	yɛʔ7	yɛ6	yɛʔ8	ue6	ue6	ye6	ve6	ve6	væ7	ɵ1	yɑ1	vɛ1
1636	发	头~	山合三入月非	fuʌ7	foʔ7	fuo5	foʔ7	fo6	fo6	fɘ6	fo6	fo6	fuɤ6	fo7	fɑ5	fuɐ7
1637	发	~财	山合三入月非	fuʌ7	foʔ7	fuo5	foʔ7	fo6	fo6	fɘ6	fo6	fo6	fuɤ6	fo7	fɑ5	fuɐ7
1638	罚		山合三入月奉	fuʌ1	foʔ7	fuo6	foʔ8	fo6	fo6	fɘ6	fo6	fo6	fuɤ7	fo1	fɑ1	fuɐ1
1639	袜		山合三入月明	uã7	moʔ5	uo6	moʔ8	mo6	bo6	bɘ6	mo6	bo6	muɤ6	mo1	uɑ5/mɑ5	muɐ1
1640	月		山合三入月疑	yɛ1	yɛʔ7	yɛ6	yɛʔ8	ue6	ve6	ɡye6	ŋe6/ve6	ȵie6	iɛ7	ȵyɛ1	ɳuɑ1	ŋɛ1
1641	越		山合三入月云	yɛ1	yɛʔ7	yɛ6	yɛʔ8	ue6	ve6	ve6	ve6	vie6	væ7	ɵ1	yɑ1	vɛ1
1642	决		山合四入屑见	tɕyɛ7	tɕyɛʔ7	tɕyɛ5	tɕyɛʔ7	kue6	kue6	tɕye6	tɕie6	tɕie6	kiɛ6	tɕyɛ7	tʃuɑ5	kiɛ7
1643	缺		山合四入屑溪	tɕʰyɛ7	tɕʰyɛʔ7	tɕʰyɛ5	tɕʰyɛʔ7	kʰue6	kʰue6	tɕʰye6	tɕʰie6	tɕʰie6	kʰiɛ6	tɕʰyɛ7	tʃʰuɑ5	kʰiɛ7
1644	血		山合四入屑晓	ɕyɛ7	ɕyɛʔ7	ɕyɛ5	ɕyɛʔ7	xue6	xue6	ɕye6	xie6	ɕie6	xiɛ6	ɕyɛ7	ʃuɑ5	xiɛ7
1645	穴		山合四入屑匣	ɕyɛ1	ɕyɛʔ7	ɕyɛ6	ɕyɛʔ8	xue6	xue6	ɕye6	ɕie6	ɕie6	xiɛ7	ɕyɛ1	ʃuɑ1	xiɛ1
1646	笔		臻开三入质帮	pi7	paiʔ7	pei5	peiʔ7	pi6	pi6	pa6	pa6	pa6	pɛ6	pɛ7	pi5	pe7
1647	匹		臻开三入质滂	pʰi7	pʰeiʔ7	pʰei5	pʰeiʔ7	pʰa6	pʰi6	pʰa6	pʰi6	pʰi6	pʰæ6	pʰɛ7	pʰɛ5	pʰæ7
1648	密		臻开三入质明	mi1	meiʔ7	mei6	meiʔ8	mi6	bi6	ba6	ma6	ba6	mɛ7	mɛ1	mi1	mi1
1649	栗		臻开三入质来	li1	ləʔʳ7	la6/lei6	leiʔ7	li6	li6	la6	la6	la6	lɛ7	lɛ1	li1	le1
1650	七		臻开三入质清	tsʰei7	tsʰaiʔ7	tsʰei5	tsʰeiʔ7	tsʰi6	tsʰi6	tsʰa6	tsʰa6	tsʰa6/tsʰe6	tsʰɛ6	tsʰɛ7	tsʰi5	tsʰe7
1651	侄		臻开三入质澄	tɕʰi1	tɕʰiʔ7	tɕʰi6	tɕʰiʔ8	tsʰi6	tsʰi6	tsʰa6	tʃʰa6	tsʰa6	tsʰɛ7	tɕʰi1	tɕʰi1	tɕʰie1
1652	虱		臻开三入质生	xa7	ʂəʔʳ7	ʂɚʳ5	seiʔ7	sɿ6	sɿ6	ɕi6	ʃuø6	sa6	sɤ6	ɕyɛ7	ʃua5	ʂuɤ7
1653	质		臻开三入质章	tɕi7	tɕiʔ7	tɕi5	tɕiʔ7	tsɿ6	tsɿ6	tsa6	tʃa6	tsa6	tʃɛ6	tɕi7	tɕi5	tɕie7
1654	实		臻开三入质崇	ɕi1	ɕiʔ7	ɕi6	ɕiʔ8	sɿ6	sɿ6	sa6	ʃa6	sa6	ʃɛ7	ɕi1	ɕi1	ɕie1
1655	失		臻开三入质书	ɕi7	ɕiʔ7	ɕi5	ɕiʔ7	sɿ6	sɿ6	sa6	ʃa6	sa6	ʃɛ6	ɕi7	ɕi5	ɕie7
1656	日		臻开三入质日	i1	iʔ6	ȵi6	iʔ8	ȵi6	ȵi6	ɡi6	ȵia6	ȵia6	ȵiɛ7	ȵi7	ȵi5	ȵi7
1657	吉		臻开三入质见	tɕi7	tɕiʔ7	tɕi5	tɕiʔ7	tʃe6	tɕi6	tɕia6	tʃa6	tɕia6	tɕiɛ6	tɕi7	tɕi5	tɕi7
1658	一		臻开三入质影	i7	iʔ6	i5	iʔ7	i6	i6	ia6	ia6	ia6	iɛ6	i7	i5	i7
1659	讫		臻开三入迄见	tɕʰi7	tɕʰiʔ7	tɕʰi5	tɕʰiʔ7	tʃʰi6	tɕʰi6	tɕʰi6	tɕʰi6	tɕʰi6	tɕʰi6	tɕʰi7	tɕʰi5	tɕʰi7
1660	乞		臻开三入迄溪	tɕʰi7	tɕʰiʔ7	tɕʰi5	tɕʰiʔ7	tʃʰi6	tɕʰi6	tɕʰi6	tɕʰi6	tɕʰi6	tɕʰi6	tɕʰi7	tɕʰi5	tɕʰi7
1661	不		臻合一入没帮	pai7/po7	peiʔ5	pai5	peiʔ7	pɐ6	pə5	pu6	pɤ6	pɤ6	pa6	pu7	pɛ5	pe7
1662	突		臻合一入没定	tʰo1	tʰəuʔ7	tʰəu6	tʰəuʔ7	tʰɐ6	tʰə6	tʰɘ6	tʰu6	tʰɤ6	tʰɛ7	tʰu1	tʰɛ5	tʰu7
1663	卒		臻合一入没精	tsei7	tsaiʔ7	tsei5	seiʔ7	tsi6	tsi6	tsi6	tsi6	tsi6	tsɛ7	tsɛ7	tɕi5	tse7
1664	骨		臻合一入没见	kei7	kueiʔ7	kuei5	kueiʔ7	kuɐ6	kuə6	ke6	kuɤ6	kuɤ6	kuɛ6	kuɛ7	kuɛ5	kue7
1665	窟		臻合一入没溪	kʰu7	kʰueiʔ7	kʰuei5	kʰueiʔ7	kʰuɐ6	kʰuə6	kʰe6	kʰuɤ6	kʰuɤ6	kʰiɛ6	kʰu1	kʰuɛ5	kʰue7
1666	忽		臻合一入没晓	xo7	xəuʔ7	fei5	feiʔ7	xuɐ6	xu6	xu6	xo6	xɤ6	xuɛ6	xu1	xuɛ5	xue7
1667	核	果~	臻合一入没匣	xɤ1	uəʔ5	uəʳ5	xeiʔ7	vɐ6	və6	vɘ6	vɤ6	ve6	vɛ7	uɛ1	xɛ1	vi1
1668	律		臻合三入术来	li1	leiʔ7	lei6	leiʔ8	lɐ6	lə6	le6	lɤ6	le6	lɛ7	lɛ1	li5	ly1
1669	戌	~时	臻合三入术心	ɕy7	ɕyʔ7	sei5	seiʔ7	sɐ6	ɕy6	ɕye6	sa6	se6	sɛ6	se7	si5	ɕy7
1670	术	白~	臻合三入术澄	ɕy1	ɕyʔ7	ɕy6	ɕyʔ8	sɐ6	sə6	ɕye6	ʃɤ6	su6	sɛ7	ɕyɛ1	fi1	ɕy7
1671	出		臻合三入术昌	tɕʰy7	tɕʰyʔ7	tɕʰy5	tɕʰyʔ7	tsʰɐ6	tɕʰy6	tɕʰie6/tɕʰye6	tʃʰuɤ6	tsʰɤ6/tsʰu6	tʃʰɛ6	tɕʰy7	tɕʰy5	tɕʰie7
1672	术	算~	臻合三入术船	ɕy1	ɕiəuʔ7	ɕy6	ɕyʔ8	sɐ6	sa6	ɕye6	ʃɤ6	su6	sɛ7	ɕyɛ1	fi1	ɕie7
1673	橘		臻合三入术见	tɕy7	tɕyʔ7	tɕy5	tɕyʔ7	kui6	kui6	kua6	kua6	kua6	kɛ6	kuɛ7	kuɛ5	tɕy7
1674	佛	~法	臻合三入物奉	fu7	foʔ7	fei6	feiʔ8	fɐ6	fə6	fɘ6	fɤ6	fɤ6	fɛ7	fɛ7	fɛ1	fe1
1675	物		臻合三入物微	uei1	uʔ7	uei6	ueiʔ8	uɐ6	uə6	bɘ6/ve6	vɤ6	vɤ6	vɛ6	uɛ7	uɛ5	ue7
1676	屈		臻合三入物溪	tɕʰy7	tɕʰyʔ7	tɕʰy5	tɕʰyʔ7	kʰuɐ6	kʰue6	tɕʰye6	kʰua6	tɕʰye6	kʰiɛ6	kʰuɛ7	kʰui5	kʰue7
1677	博		宕开一入铎帮	pau7	poʔ5	pau5	pauʔ7	pɐ6	pau6	pɒ6	pɔ6	pɔ6	po6	pɔ7	pə5	pɔ7
1678	薄		宕开一入铎并	pʰau1	pʰauʔ5	pʰau6	pʰauʔ8	pʰau6	pʰau6	pʰɒ6	pʰɔ6	pʰɔ6	pʰo7	pʰɔ1	pʰə1	pʰɔ1
1679	莫		宕开一入铎明	mau1	moʔ5	mau6	mauʔ8	mau6	bau6	bɒ6	mo6	bɔ6	mo7	mɔ7	mə1	mɔ7
1680	膜		宕开一入铎明	mau5	moʔ5	mau6	mauʔ8	mau6	bau6	bɒ6	mɔ6	bɔ6	mo7	mɔ1	mə1	mɔ7
1681	幕		宕开一入铎明	mau1	muʔ5	mau6	mauʔ8	mau6	bu6	bu6	mo6	bɔ6	mu7	mu1	mə5	mu7
1682	托		宕开一入铎透	tʰau7	tʰoʔ7	tʰau5	tʰauʔ7	tʰau6	tʰau6	tʰɒ6	tʰɔ6	tʰɔ6	tʰo6	tʰɔ7	tʰə5	tʰɔ7
1683	落		宕开一入铎来	lau1	lauʔ7	lau6	lauʔ8	lau6	lau6	lɒ6	lɔ6	lɔ6	lo7	lɔ1	lə1	lɔ1
1684	作		宕开一入铎精	tsau7	tsoʔ5	tsau5	tsauʔ7	tsau6	tsau6	tsɒ6	tsɔ6	tsɔ6	tso6	tsɔ7	tsə5	tsɔ7
1685	凿		宕开一入铎从	tsʰau1	tsauʔ5	tsʰau6	tsʰauʔ8	tsʰau6	tsʰau6	tsʰɒ6	tsʰɔ6	tsʰɔ6	tsʰo7	tsʰɔ1	tsʰə1	tsʰɔ1
1686	昨		宕开一入铎从	tsʰuʌu1	tsʰoʔ5	tsʰuo6	tsʰoʔ8	tsʰau6	tsʰau6	tsʰɒ6	tsʰɔ6	tsʰɔ6	tsʰo7	tsʰɔ1	tsʰə1	tsʰɔ1
1687	索		宕开一入铎心	sau7	soʔ5	sau5	sauʔ7	sau6	sau6	sɒ6	sɔ6	sɔ6	so6	sɔ7	sə5	sɔ7
1688	各		宕开一入铎见	kau7	kauʔ5	kau5	kauʔ7	kau6	kau6	kɒ6	kɔ6	kɔ6	ko6	kʰɔ7	kə5	kɔ7
1689	鹤		宕开一入铎匣	xau1	xəʔʳ5	xau6	xauʔ8	xau6	xau6	xɘ6	xɔ6	xɔ6	xo7	xɔ1	xə1	xɤ1
1690	恶	善~	宕开一入铎影	ŋau7	ŋiɛʔ5	ŋau5	ŋauʔ7	ŋau6	ŋau6	ɡɒ6	ŋɔ6	ɡɔ6	ŋo6	ŋɔ7	ŋə5	ŋɔ7
1691	雀		宕开三入药精	tsʰia7	tsaʔ5	tsa5	tsiaʔ7	tsiau6	tsiau6	tsʰiɒ6	tsʰiɔ6	tsʰiɔ6	tsiɔ6	tsia7	tɕʰiə5	tɕʰyɛ7
1692	鹊		宕开三入药清	tsʰia7	tsaʔ5	tsʰa5	tsʰaʔ7	tsʰiau6	tsʰiau6	tsʰiɒ6	tsʰa6	tsʰiɔ6	tsiɔ6	tsia7	tɕʰiə5	tɕʰyɛ7
1693	嚼		宕开三入药从	tɕʰia1	tsʰiau7	tsʰa6	tsʰaʔ8	tsiau6	tɕʰiau6	tsʰiɒ6	tsʰia6	tsʰio6	tsʰiɔ7	tsʰia1	tɕʰiə1	tɕʰyɛ1
1694	削		宕开三入药心	sia7	sia1	sa5	sioʔ7	siau6	siau6	siɒ6	siɔ6	siɔ6	siɔ6	sia7	ɕiə5	ɕyɛ7
1695	着	~衣服	宕开三入药知	tʂau7	tɕioʔ7	tɕia5	tsauʔ7	tsau6	tsə6	tsɒ6	tʃɤ6	tsa6	tɕiɯ6	tɕia7	tʃə5	tɕyɛ7
1696	着	睡~	宕开三入药澄	tʂau1	tʂʰauʔ7	tɕʰia6	tsʰauʔ8	tsau6	tsʰau6	tsʰɒ6	tʃʰɔ6	tsʰɔ6	tɕʰiɯ7	tɕʰia1	tʃʰə1	tɕʰyɛ1
1697	勺		宕开三入药禅	ʂau1	ʂau7	ʂau6	sauʔ7	sau6	sau6	sɒ6	ʃɔ6	sɔ6	sɤ7	sɔ1	ʃə1	sɔ7
1698	弱		宕开三入药日	yʌu1	ioʔ5	ia5	iaʔ7	iau6	iau6	iɒ6	iɔ6	iɔ6	io7	ia7	ȵiə5	ȵyɛ7
1699	脚		宕开三入药见	tʃuʌu7	tɕioʔ7	tɕia5	tɕiaʔ7	tʃau6	tɕiau6	tɕiɒ6	tɕia6	tɕia6	tɕiɯ6	tɕia7	tʃə5	tɕyɛ7
1700	虐		宕开三入药疑	lyɛ1	liɛʔ7	ia6	iaʔ7	ȵiau6	ȵiau6	ɡiɒ6	ȵiɔ6	ȵiɔ6	io6	ia1	ȵiə5	ȵyɛ7
1701	疟		宕开三入药疑	lyɛ1	liɛʔ7	ia6	iaʔ7	ȵiau6	ȵiau6	ɡiɒ6	ȵiɔ6	ȵiɔ6	io6	ia1	ȵiə5	ȵyɛ7
1702	约		宕开三入药影	yʌu7	yɛʔ7	ia5	iaʔ7	iau6	iau6	iɒ6	iɔ6	iɔ6	io6	ia7	iə5	yɛ7
1703	药		宕开三入药以	yʌu1	ioʔ5	ia6	iaʔ8	iau6	iau6	iɒ6	ia6	ia6	iɯ7	ia1	iə1	yɛ1
1704	跃		宕开三入药以	yʌu7	yɛʔ7	iau6	ioʔ7	iau6	iau6	iɒ6	iɔ6	iɔ6	io6	iɔ1	iə5	yɛ7
1705	郭		宕合一入铎见	kau7	koʔ7	kau5	kauʔ7	kuɐ6	kuɒ5	kɘ6	kua6	kɔ6	ko6	kɔ7	kə5	kɔ7
1706	扩		宕合一入铎溪	kʰuʌu7	kʰoʔ7	kʰuɛ5	kʰuɛʔ7	kʰo6	kʰuɒ6	kʰɘ6	kʰua6	kʰɔ6	kʰuɤ6	kʰu7	kʰo5	kʰuɐ7
1707	霍		宕合一入铎晓	xuʌu7	xoʔ7	xau5	xauʔ7	xo6	xau6	xɘ6	xɔ6	xɔ6	xuɤ6	xu7	xə5	xɔ7
1708	缚		宕合三入药奉	fu1	fuʔ7	fau6	fuʔ8	fau6	fau6	fɒ6	fɔ6	fɔ6	po7	fɔ1	fə1	fɔ7
1709	剥		江开二入觉帮	pau7	pauʔ5	pau5	pauʔ7	pau6	pau6	pɒ6	pɔ6	pɔ6	po6	pɔ7	pə5	pɔ7
1710	雹		江开二入觉并	pʰau1	pʰauʔ5	pʰau6	pʰauʔ8	pau6	pʰau6	pʰɒ6	pʰɔ6	pʰɔ6	pʰɔ5	pɔ7	pʰə1	pʰɔ1
1711	桌		江开二入觉知	tʂau7	tʂoʔʳ5	tʂa5	tsauʔ7	tsau6	tsau6	tsɒ6	tʃɔ6	tso6	tʃo6	tɔ7	tʂə5	tʂɔ7
1712	戳		江开二入觉彻	tʂʰuʌu7	tʂʰoʔ7	tsʰau5	tsʰauʔ7	tsʰau6	tsʰau6	tsʰɒ6	tʃʰɔ6	tsʰɔ6	tʃʰo6	tʰɔ7	tsʰo1	tʂʰɔ7
1713	浊		江开二入觉澄	tʂau1	tʂoʔ7	tʂau6	tsʰauʔ8	tsʰau6	tsʰau6	tsʰɒ6	tʃʰɔ6	tsʰɔ6	tʂʰo7	tʰɔ1	tʂʰə1	tʂʰɔ1
1714	捉		江开二入觉庄	tʂau7	tʂauʔ5	tʂau5	tsauʔ7	tsau6	tsau6	tsɒ6	tʃɔ6	tsɔ6	tʂo6	tɔ7	tʂə5	tʂɔ7
1715	镯		江开二入觉崇	tʂʰau1	tʂʰauʔ5	tʂʰaʳ6	tsʰauʔ8	tsʰau6	tsʰau6	tsʰɒ6	tʃʰɔ6	tsʰɔ6	tʂʰo7	tʰɔ1	tʂʰə1	tʂʰɔ1
1716	觉		江开二入觉见	kau7	kauʔ5	kau5	kauʔ7	kau6	kau6	kɒ6	kɔ6	kɔ6	ko6	kɔ7	kə5	kɔ7
1717	角		江开二入觉见	kau7	kauʔ5	kau5	kauʔ7	kau6	kau6	kɒ6	kɔ6	kɔ6	ko6	kɔ7	kə5	kɔ7
1718	壳		江开二入觉溪	kʰau7	kʰəʔʳ5	kʰaʳ5	kʰauʔ7	kʰau6	kʰau6	kʰɒ6	kʰɔ6	kʰɔ6	kʰo6	kʰɔ7	kʰə5	kʰɔ7
1719	岳		江开二入觉疑	ŋau1	yɛʔ7	ŋau6	ŋauʔ8	ŋau6	ɡau6	ɡɒ6	ŋɔ6	ɡɔ6	ŋo6	ŋɔ7	ŋə5	ŋɔ7
1720	学		江开二入觉匣	xau1	xauʔ5	xau6	xauʔ8	xau6	xau6	xɒ6	xɔ6	xɔ6	xo7	xɔ1	xə1	xɔ1
1721	握		江开二入觉影	uʌu1	ŋoʔ5	uo5	uoʔ7	ŋo6	ɡo6	vɘ6	ŋɔ6	vo6	vo6	uo1	u5	vu7
1722	北		曾开一入德帮	pai7	paiʔ5	pai5	paiʔ7	pa6	pɒ6	po6	po6	po6	pɛ6	pæ7	pɛ5	pi7
1723	墨		曾开一入德明	mai1	maiʔ5	mai6	maiʔ8	ma6	bi6	ba6	ma6	bo6	mɛ7	mæ1	mɛ1	mi1
1724	得		曾开一入德端	tai7	taiʔ5	tai5	taiʔ7	ta6	tɒ6	to6	to6	to6	tɛ6	tæ7	tɛ5	te7
1725	特		曾开一入德定	tʰai1	tʰaiʔ5	tʰai6	tʰaiʔ8	tʰɐ6	tʰɒ6	tʰo6	tʰɤ6	tʰɤ6	tʰæ7	tʰæ1	tʰɛ1	tʰæ1
1726	贼		曾开一入德从	tsʰai1	tsʰaiʔ5	tsʰai6	tsʰaiʔ8	tsʰa6	tsʰɒ6	tsʰo6	tsʰo6	tsʰo6	tsʰæ7	tsʰæ1	tsʰɛ1	tsʰe1
1727	塞		曾开一入德心	sai7	siɛʔ7	sai5	saiʔ7	sɐ6	sɒ6	so6	so6	sɤ6	sæ6	sæ7	sɛ5	se7
1728	刻		曾开一入德溪	kʰɤ7	kʰaiʔ5	kʰai5	kʰaiʔ7	kʰɐ6	kʰa6	kʰo6/tɕʰio6	tʃʰo6	tɕʰio6	kʰæ6	kʰæ7	kʰɛ5	kʰæ7
1729	黑		曾开一入德晓	xai7	xaiʔ5	xai5	xaiʔ7	xɐ6	ɕiɒ6	ɕio6	ʃo6	ɕio6	xɛ6	xæ7	xɛ5	xe7
1730	逼		曾开三入职帮	pai7	paiʔ5	pei5	paiʔ7	pa6	pi6	po6	po6	po6	pɛ6	pæ7	pi5	pæ7
1731	力		曾开三入职来	lai1	laiʔ7	lai6	laiʔ8	li6	lɒ6	lo6	lo6	lo6	lɛ7	læ1	lɛ1	le1
1732	熄		曾开三入职心	sai7	saiʔ5	sei5	seiʔ7	sa6	sɒ6	so6	so6	so6	sɛ6	sæ7	sɛ5	se7
1733	直		曾开三入职澄	tɕʰiai1	tɕʰiaiʔ7	tɕʰiai6	tɕʰiaiʔ8	tsʰa6/tsʰi6	tsʰɿ6	tsʰa6	tʃʰa6	tsʰa6	tʃʰɛ7	tʰæ1	tʃʰuɛ1	tɕʰie1
1734	侧		曾开三入职庄	tsʰai7	tɕʰiaiʔ7	tɕiai5	tɕiaiʔ7	tsʰa6	tsʰɒ6	tsʰo6	tsʰo6	tsʰɤ6	tsæ6	tsæ7	tsʰɛ5	tsæ7
1735	色		曾开三入职生	ɕiai7	ɕiaiʔ7	ɕiai5	ɕiaiʔ7	sa6	sɒ6	so6	ʃo6	so6	ʃæ6	ɕiæ7	ʃuɛ5	ɕiæ7
1736	织		曾开三入职章	tɕiai7	tʂaiʔ5	tɕiai5	tɕiaiʔ7	tsɿ6	tsɿ6	tsa6	tʃa6	tsa6	tʃɛ6	tæ7	tʃuɛ5	tɕie7
1737	食		曾开三入职船	ɕiai1	ɕiaiʔ7	ɕiai6	ɕiaiʔ8	sɿ6	sɿ6	sa6	ʃa6	sa6	ʃɛ7	ɕiæ1	ʃuɛ1	ɕie1
1738	识		曾开三入职书	ɕiai7	ɕiʔ5	ɕiai5	ɕiaiʔ7	sɿ6	sɿ6	sa6	ʃa6	sa6	ʃɛ6	ɕiæ7	ʃuɛ5	ɕie7
1739	植		曾开三入职禅	tɕʰiai1	tɕʰiaiʔ7	tɕʰiai6	tɕʰiaiʔ7	tsʰɿ6	tsʰɿ6	tsʰa6	tʃʰa6	tsʰa6	tʃʰɛ7	tæ7	tʃʰuɛ1	tɕʰie1
1740	极		曾开三入职群	tɕi7	tɕiʔ7	kʰai6	tɕʰiʔ8	tʃʰi6	tɕʰiɒ6	tɕʰia6	tʃʰo6	tɕʰia6	tʃɛ6	tɕi7	tɕi1	tɕʰie1
1741	亿		曾开三入职影	iai7	ŋaiʔ5	i5	i5	i5	i5	i5	i5	i5	i5	i5	i5	i5
1742	翼		曾开三入职喻	iai1	ŋaiʔ5	ŋai6	ŋaiʔ8	ia6	iɒ6	io6	io6	ia6	iɛ7	ŋæ̃7	iɛ1	ie7
1743	国		曾合一入德见	kuai7	kueiʔ5	kuai5	kuaiʔ7	kuɐ6	kuə6	ke6	kuɤ6	kuɤ6	kuɛ6	kuæ7	kuɛ5	kue7
1744	或		曾合一入德匣	xuɤ1	xoʔ7	xuɛ6	xaiʔ8	xuɐ6	xua6	xɘ6	xuɤ6	xo6	xuɛ7	xu1	xua1	xuo7
1745	域		曾合三入职云	y1	yʔ7	y6	yʔ8	y6	iɒ6	y6	y6	vie6	væ7	y1	uɛ1	y7
1746	百		梗开二入陌帮	pa7	paʔ7	pa5	paʔ7	pa6	pɒ6	po6	po6	po6	pæ6	pa7	pa5	pæ7
1747	拍		梗开二入陌滂	pʰa7	pʰaʔ7	pʰa5	pʰaʔ7	pʰa6	pʰɒ6	pʰo6	pʰo6	pʰo6	pʰæ6	pʰa7	pʰa5	pʰæ7
1748	白		梗开二入陌并	pʰa1	pʰaʔ7	pʰa6	pʰaʔ8	pʰa6	pʰɒ6	pʰo6	pʰo6	pʰo6	pʰæ7	pʰa1	pʰa1	pʰæ1
1749	陌		梗开二入陌明	muʌ1	maʔ7	ma6	maʔ8	ma6	bɒ6	bo6	mo6	bo6	mæ6	ma1	ma5	mɔ7
1750	拆		梗开二入陌彻	tʂʰa7	tʂʰaʔ7	tɕʰia5	tɕʰiaʔ7	tsʰa6	tsʰɒ6	tsʰo6	tʃʰo6	tsʰo6	tʃʰæ6	tʰa7	tʂʰua5	tɕʰiæ7
1751	择		梗开二入陌澄	tʂʰa1	tʂʰaʔ7	tɕʰia6	tɕʰiaʔ8	tsʰa6	tsʰɒ6	tsʰo6	tsʰo6	tsʰo6	tʃʰæ7	tʰa1	tʂʰua1	tsʰæ1
1752	格		梗开二入陌见	tɕia7	kəʔʳ5	kaʳ5	kaʔ7	ka6	kɒ6	ko6	ko6	ko6	kæ6	ka7	ka5	kæ7
1753	客		梗开二入陌溪	tɕʰia7	kʰaʔ5	kʰaʳ5	kʰaʔ7	kʰa6	kʰɒ6	kʰo6	kʰo6	kʰo6	kʰæ6	kʰa7	kʰa5	kʰæ7
1754	额		梗开二入陌疑	ia1	ŋɛʔ5	ŋa6	ŋaʔ7	ŋa6	ɡɒ6	ɡo6	ŋo6	ɡo6	ŋæ6	ŋa7	ŋa5	ŋæ7
1755	吓		梗开二入陌晓	xa7	xaʔ7	xa5	xaʔ7	xa6	xɒ6	xo6	xo6	xo6	xæ6	xa7	xa5	xæ7
1756	麦		梗开二入麦明	ma1	maʔ7	ma6	maʔ8	ma6	bɒ6	bo6	mo6	bo6	mæ7	ma1	ma5	mæ7
1757	脉		梗开二入麦明	ma1	maʔ7	ma6	maʔ8	ma6	bɒ6	bo6	mo6	bo6	mæ6	ma7	ma5	mæ7
1758	摘		梗开二入麦知	tʂa7	tʂaʔ7	tɕia5	tɕiaʔ7	tsa6	tsɒ6	tso6	tʃo6	tso6	tʃæ6	ta7	tʂua5	tɕiæ7
1759	责		梗开二入麦庄	tʂa7	tʂaʔ7	tɕia5	tɕiaʔ7	tsa6	tsɒ6	tso6	tso6	tso6	tʃæ6	ta7	tʂua5	tɕiæ7
1760	册		梗开二入麦初	tʂʰa7	tʂʰaʔ7	tɕʰia5	tɕʰiaʔ7	tsʰa6	tsʰɒ6	tsʰo6	tʃʰo6	tsʰo6	tʃʰæ6	tʰa7	tʂʰua5	tɕʰiæ7
1761	隔		梗开二入麦见	tɕia7	kaʔ5	ka5	kaʔ7	ka6	kɒ6	ko6	ko6	ko6	kæ6	ka7	ka5	kæ7
1762	轭	牛~	梗开二入麦影	ŋuʌ7	ŋiɛʔ7	ŋa5	ŋaʔ8	ŋa6	ɡɒ6	ɡo6	ŋo6	ɡo6	ŋæ6	ŋa7	ŋa1	ŋæ7
1763	碧		梗开三入陌帮	pai7	peiʔ7	pei5	peiʔ7	pi6	pɒ6	po6	po6	po6	pæ6	pæ7	pɛ5	pæ7
1764	剧	戏~	梗开三入陌群	tɕy1	tɕy5	tɕy5	tɕyʔ5	tɕy6	tɕʰiɒ6	tɕʰio6	tʃʰo6	tɕʰia6	ki6	tɕy5	tɕy5	tɕy7
1765	逆		梗开三入陌疑	ŋi1	niʔ7	ȵi5	iʔ7	ia6	ȵiɒ6	io6	ȵio6	ȵio6	ȵiɛ6	ȵi1	ȵi5	ȵi7
1766	壁		梗开三入昔帮	pai7	paiʔ7	pai5	peiʔ7	pi6	pɒ6	po6	po6	po6	pæ6	pæ7	pɛ5	pæ7
1767	僻		梗开三入昔滂	pʰi7	pʰeiʔ7	pʰai5	pʰeiʔ7	pʰi6	pʰi6	pʰi6	pʰo6	pʰo6	pʰæ6	pʰɛ7	pʰi5	pʰæ7
1768	脊		梗开三入昔精	tsai7	tsaiʔ7	tsai5	tseiʔ7	tsa6	tsɒ6	tso6	tso6	tso6	tsæ6	tsæ7	tsɛ5	tsæ7
1769	籍		梗开三入昔从	tsʰai1	tsaiʔ7	tsʰei6	tsʰeiʔ8	tsʰa6	tsʰɒ6	tsʰo6	tsʰo6	tsʰo6	tsʰæ7	tɕi7	tsʰɛ1	tɕi1
1770	惜		梗开三入昔心	sai7	ɕiʔ7	sei5	seiʔ7	sa6	sɒ6	so6	so6	so6	sæ6	sæ7	sɛ5	sæ7
1771	席	草~	梗开三入昔邪	sai1	saiʔ7	sai6	saiʔ8	tsʰa6	tsʰɒ6	tsʰo6	tsʰo6	tsʰo6	tsʰæ7	tsʰæ1	tsʰɛ1	tsʰæ1
1772	席	主~	梗开三入昔邪	sai1	saiʔ7	sai6	saiʔ8	tsʰa6	tsʰɒ6	tsʰo6	tsʰo6	ɕi6	tsʰæ7	tsʰæ1	tsʰɛ1	tsʰæ1
1773	只	一~鸡	梗开三入昔章	tɕiai7	tʂaiʔ7	tɕiai5	tɕiaiʔ7	tsa6	tsɒ6	tso6	tʃo6	tso6	tʃæ6	tæ7	tɕi2	tʂɤ7
1774	尺		梗开三入昔昌	tɕʰiai7	tʂʰaiʔ7	tɕʰiai5	tɕʰiaiʔ7	tsʰa6	tsʰɒ6	tsʰo6	tʃʰo6	tsʰo6	tʃʰæ6	tʰæ7	tʃʰuɛ5	tɕʰiæ7
1775	适		梗开三入昔书	ɕi7	ʂaiʔ7	ɕiai5	ɕiaiʔ7	sa6	sɒ6	so6	so6	so6	ʃæ6	ɕiæ7	ʃuɛ5	ɕiæ7
1776	石		梗开三入昔禅	ɕiai1	ʂaiʔ7	ɕiai6	ɕiaiʔ8	sa6	sɒ6	so6	ʃo6	so6	ʃæ7	ɕiæ1	ʃuɛ1	ɕiæ1
1777	益		梗开三入昔影	iai7	iʔ7	ŋai5	iaiʔ7	ia6	iɒ6	io6	io6	io6	iæ6	ŋæ7	ia5	i7
1778	液		梗开三入昔喻	iai1	iɛʔ6	iɛ6	iaiʔ8	ie6	ie6	ie6	ie6	ie6	iɛ6	iɛ1	ia5	i7
1779	壁		梗开四入锡帮	pai7	paiʔ7	pai5	peiʔ7	pa6	pɒ6	po6	po6	po6	pæ6	pæ7	pɛ5	pæ7
1780	劈		梗开四入锡滂	pʰai7	pʰaiʔ7	pʰai5	pʰeiʔ7	pʰa6	pʰɒ6	pʰo6	pʰy6	pʰi6	pʰæ6	pʰæ7	pʰɛ5	pʰæ7
1781	滴		梗开四入锡端	tai7	teiʔ7	tei5	teiʔ7	ti6	tə6	to6	to6	to6	te6	tɛ7	ti5	tæ7
1782	踢		梗开四入锡透	tʰai7	tʰeiʔ7	tʰai5	tʰeiʔ7	tʰi6	tʰi6	tʰo6	tʰo6	tʰi6	tʰɛ6	tʰɛ7	tʰiɛ5	tʰæ7
1783	笛		梗开四入锡定	tʰai1	tʰəʔʳ7	tʰaʳ6	tʰeiʔ8	tʰi6	tʰɒ6	tʰo6	tʰo6	tʰo6	tʰæ7	tʰæ1	ti1	tʰæ1
1784	敌		梗开四入锡定	tʰai1	tʰaiʔ7	tʰei6	tʰeiʔ8	ti6	tʰɒ6	tʰo6	tʰo6	tʰo6	tʰæ7	tʰæ1	tɛ1	tʰæ1
1785	历		梗开四入锡来	lai1	leiʔ7	lai6	leiʔ8	la6	lɒ6	lo6	lo6	lo6	læ7	læ1	lɛ1	læ1
1786	绩		梗开四入锡精	tsai7	tsaiʔ7	tsai5	tseiʔ7	tsa6	tsɒ6	tso6	tso6	tso6	tsæ6	tsæ7	tsɛ5	tsæ7
1787	戚		梗开四入锡清	tsʰai7	tsʰaiʔ7	tsʰai5	tsʰeiʔ7	tsʰa6	tsʰɒ6	tsʰo6	tsʰo6	tsʰo6	tsʰæ6	tsʰæ7	tɕʰi1	tɕʰi7
1788	锡		梗开四入锡心	sai7	saiʔ7	sai5	seiʔ7	sa6	sɒ6	so6	so6	so6	sæ6	sæ7	sɛ5	sæ7
1789	击		梗开四入锡见	tɕi7	tɕiʔ7	kai5	tɕiʔ7	tʃa6	tɕiɒ6	tɕio6	tʃo6	tɕio6	tʃæ6	tɕi7	tɕi5	tɕiæ7
1790	吃	~饭	梗开四入锡溪	tɕʰiai7	kʰaiʔ7	tɕʰiai5	tɕʰiaiʔ7	tʃʰa6	tɕʰiɒ6	tɕʰio6	tʃʰo6	tɕʰio6	tʃʰæ6	kʰæ7	tʃʰɛ5	tɕʰiæ7
1791	获		梗合二入麦匣	xu1	xoʔ7	xuɛ6	faiʔ8	xu6	xu6	xu6	xu6	xu6	xu7	xu1	xua1	xuo7
1792	疫		梗合三入昔喻	i1	iʔ7	y6	iʔ8	ia6	iɒ6	io6	io6	io6	væ7	i1	uɛ1	y7
1793	扑		通合一入屋滂	pʰo7	pʰuʔ7	pʰu6	pʰuʔ7	pʰu6	pʰu6	pʰu6	pʰu6	pʰu6	pʰo6	pʰu7	pʰu5	pʰəu7
1794	木		通合一入屋明	mo1	muʔ7	mu6	muʔ8	mu6	bu6	bu6	mu6	bɔ6	mo7	mu7	mu5	məu7
1795	秃		通合一入屋透	tʰo7	tʰəuʔ7	tʰəu5	tʰəuʔ7	tʰu6	tʰu6	tʰu6	tʰu6	tʰu6	tʰo6	tʰo7	tʰu5	tʰəu7
1796	独		通合一入屋定	tʰo1	tʰəuʔ6	tʰəu6	tʰəuʔ8	tu6	tʰu6	tʰu6	tʰu6	tʰu6	tʰo7	tʰo1	tʰu1	tʰəu1
1797	读		通合一入屋定	tʰo1	tʰəuʔ6	tʰəu6	tʰəuʔ8	tʰu6	tʰu6	tʰu6	tʰu6	tʰɔ6	tʰo7	tʰo1	tʰu1	tʰəu1
1798	鹿		通合一入屋来	lo1	ləuʔ6	ləu6	ləuʔ8	lu6	lu6	lu6	lɔ6	lɔ6	lo7	lo1	lu1	ləu7
1799	禄		通合一入屋来	lo1	ləuʔ6	ləu6	ləuʔ8	læi6	lu6	lu6	lɔ6	lɔ6	lo7	lo1	lu1	ləu7
1800	族		通合一入屋从	tsʰo1	tsʰəuʔ5	tsʰəu6	tsʰəuʔ8	tsʰu6	tsʰu6	tsʰu6	tsʰɔ6	tsʰu6	tsʰo7	tsʰo1	tsʰu1	tsʰəu1
1801	速		通合一入屋心	so7	səuʔ5	səu5	səuʔ7	su6	su6	su6	sɔ6	sɔ6	so6	so7	su5	səu7
1802	谷		通合一入屋见	ko7	kuʔ5	ku5	kuʔ7	ku6	ku6	ku6	kɔ6	kɔ6	ko6	ku7	ku5	kəu7
1803	哭		通合一入屋溪	kʰo7	kʰuʔ5	kʰu5	kʰuʔ7	kʰu6	kʰu6	kʰu6	kʰɔ6	kʰɔ6	kʰo6	kʰu7	kʰu5	kʰəu7
1804	屋		通合一入屋影	uo7	uʔ5	u5	uʔ7	u6	u6	vu6	vɔ6	vɔ6	vo6	u7	u5	vəu7
1805	督		通合一入沃端	to7	təuʔ7	təu5	təuʔ7	tu6	tu6	tu6	tɔ6	tu6	to6	to7	tu5	təu7
1806	毒		通合一入沃定	tʰo1	tʰəuʔ6	tʰəu6	tʰəuʔ8	tu6	tʰu6	tʰu6	tʰɔ6	tʰu6	tʰo7	tʰo1	tʰu1	tʰəu1
1807	福		通合三入屋非	fo7	fuʔ7	fu5	fuʔ7	fu6	fu6	fu6	fɔ6	fɔ6	fo6	fu7	fu5	fəu7
1808	覆		通合三入屋敷	fo7	fuʔ7	fu5	fuʔ7	fu6	fu6	fu6	fɔ6	fɔ6	fo6	fu7	fu5	fəu7
1809	服		通合三入屋奉	fo1	fuʔ7	fu6	fuʔ8	fu6	fu6	fu6	fɔ6	fɔ6	fo7	fu1	fu1	fəu1
1810	目		通合三入屋明	mo1	muʔ6	mu6	muʔ8	mu6	bu6	bu6	mɔ6	bɔ6	mo7	mu7	mu5	məu7
1811	六		通合三入屋来	liəu1	liəuʔ6	liəu6	liəuʔ7	læi6	lə6	la6	la6	la6	lɯ7	lio1	liəu1	ly1
1812	陆		通合三入屋来	liəu1	ləuʔ6	liəu6	liəuʔ8	læi6	lə6	la6	la6	la6	lɯ7	lio1	liəu1	ly1
1813	肃		通合三入屋心	so7	suʔ7	səu5	səuʔ7	sæi6	sə6	su6	su6	su6	su6	sio7	ɕiəu5	səu7
1814	竹		通合三入屋知	tʂo7	tʂəʔʳ5	tʂəʳ5	tɕiəuʔ7	tsu6	tsu6	tsu6	tʃɔ6	tsɔ6	tʃo6	to7	tʃu5	tʂəu7
1815	畜	~生	通合三入屋彻	tʂʰo7	tʂʰəuʔ7	tsʰəu5	tɕʰiauʔ7	tsʰu6	tsʰu6	tsʰu6	tʃʰɔ6	tsʰu6	tʃʰo6	tʰo7	tʃʰu5	tɕʰiəu7
1816	轴		通合三入屋澄	tɕʰiəu1	tʂʰəuʔ7	tʂʰəu6	tɕʰiauʔ8	tsʰu6	tsʰu6	tsʰu6	tʃʰɔ6	tɕʰy6	tʃʰɯ7	tɕʰio1	tʃʰu1	tɕʰy1
1817	缩		通合三入屋生	ɕiəu7	sauʔ7	ʂau5	səuʔ7	sau6	sə6	so6	sɔ6	sɔ6	ʃo6	ɕio7	ʃu5	səu7
1818	粥		通合三入屋章	tʂo7	tʂəuʔ7	tʂəu5	tsəuʔ7	tsu6	tsu6	tsu6	tʃɔ6	tsɔ6	tʃo6	to7	tʃu5	tʂəu7
1819	叔		通合三入屋书	ɕiəu7	ʂəuʔ7	ʂəu5	səuʔ7	su6	su6	su6	ʃɔ6	sɔ6	ʃo6	ɕio7	ʃu5	ʂəu7
1820	熟		通合三入屋禅	ɕiəu1	ʂəuʔ6	ʂəu6	səuʔ8	su6	su6	su6	ʃɔ6	sɔ6	ʃɯ7	ɕio1	ʃu1	ʂəu1
1821	肉		通合三入屋日	iəu1	iəuʔ6	iəu6	iəuʔ7	ȵiæi6	ȵiə6	ɡia6	ȵia6	ȵia6	ȵiɯ7	ȵio1	ȵiu5	ȵy7
1822	菊		通合三入屋见	tɕiəu7	tɕiəuʔ7	tɕiəu5	tɕiəuʔ7	tʃæi6	tɕiə6	tɕia6	tɕia6	tɕia6	tʃɯ6	tɕio7	tʃu5	tɕy7
1823	曲	酒~	通合三入屋溪	tɕʰiəu7	tɕʰiəuʔ7	tɕʰiəu5	tɕʰiəuʔ7	tʃʰæi6	tɕʰiə6	tɕʰia6	tɕʰia6	tɕʰia6	tʃʰɯ6	tɕʰio7	tʃʰu5	tɕʰy7
1824	蓄		通合三入屋晓	tʂʰo7	tɕʰyʔ7	ɕiəu5	ɕiəuʔ7	kʰy6	ɕy6	ɕia6	tsʰa6	ɕy6	ʃɯ6	ɕio7	ʃu5	ɕy7
1825	育		通合三入屋以	iəu7	iəuʔ6	iəu5	iəuʔ7	iæi6	iə6	ia6	ia6	ia6	iɯ6	io7	iu5	y7
1826	绿		通合三入烛来	lo1/liəu1	liəuʔ6	liəu6	liəuʔ8	læi6	lə6	la6	la6	la6	lɯ6	lio1	liəu1	ly1
1827	足		通合三入烛精	tso7	tsəuʔ7	tɕiəu5	tsəuʔ7	tsæi6	tsə6	tsa6	tsa6	tsa6	tɕiɯ6	tsio7	tɕiəu5	tsəu7
1828	粟		通合三入烛心	siəu7	siəuʔ7	siəu5	siəuʔ7	sæi6	sə6	sa6	sa6	sa6	ɕiɯ6	sio7	ɕiəu5	ɕy7
1829	俗		通合三入烛邪	so1	səuʔ6	səu6	səuʔ8	tsʰæi6	tsʰə6	tsʰa6	tsʰa6	sa6	tsʰo7	tsʰo1	su1	ɕy7
1830	烛		通合三入烛章	tʂo7	tʂəuʔ5	tʂəu5	tsəuʔ7	tsu6	tsu6	tsu6	tʃɔ6	tsɔ6	tʃʰo6	to7	tʃu5	tʂəu7
1831	触		通合三入烛昌	tʂʰo7	tʂʰəuʔ5	tsʰəu5	tsʰəuʔ7	tsʰau6	tsʰɒ6	tsʰo6	tʃʰɔ6	tsʰɔ6	tʃʰo6	tʰo7	tʃʰu5	tʂʰəu7
1832	赎		通合三入烛船	tʂo1	ʂəuʔ6	səu6	səuʔ8	su6	su6	su6	sɔ6	su6	ʃo7	ɕio1	ʃu1	ʂəu1
1833	束		通合三入烛书	so7	ʂəuʔ5	səu5	səuʔ7	su6	su6	su6	sɔ6	su6	tʃʰo6	tʰo7	ʃu5	ʂəu7
1834	属		通合三入烛禅	ɕiəu1	ʂəuʔ7	səu6	səuʔ8	su6	su6	su6	sɔ6	su6	ʃo7	ɕy1	ʃu1	ʂəu1
1835	褥		通合三入烛日	lo1	ləuʔ7	ləu6	ləuʔ8	lu6	lu6	lu6	y6	nu6	lu7	lo7	ʐu5	ləu7
1836	曲	~折	通合三入烛溪	tɕʰiəu7	tɕʰyʔ7	tɕʰiəu5	tɕʰiəuʔ7	tʃʰæi6	tɕʰiə6	tɕʰia6	tɕʰia6	tɕʰy6	tʃʰɯ6	tɕʰio7	tʃʰu5	tɕʰy7
1837	局		通合三入烛群	tɕʰiəu1	tɕʰiəuʔ7	tɕʰiəu6	tɕʰiəuʔ8	tʃʰæi6	tɕʰiə6	tɕʰia6	tɕʰia6	tɕʰia6	tʃʰɯ7	tɕʰio1	tʃʰu1	tɕʰy7
1838	玉		通合三入烛疑	y1	yʔ6	y6	yʔ6	ȵi6	ȵiə6	ɡia6	ȵia6	ȵia6	ȵiɯ7	ȵio1	ȵiu1	ȵy1
1839	狱		通合三入烛疑	y1	yʔ6	iəu6	yʔ6	ȵi6	ȵiə6	io6	ȵia6	y6	ȵiɯ7	ȵio1	ȵiu1	y7
1840	浴		通合三入烛以	y1	yʔ6	y6	iəuʔ8	iæi6	iə6	ia6	ia6	ia6	iɯ7	y1	iu1	y7
