字	注释	音
東		tʊŋ55
凍		tʊŋ33
鶇		tʊŋ55
通		tʰʊŋ55
俑		jʊŋ25
桐		tʰʊŋ22
洞		tʊŋ22
筒		tʰʊŋ22
筒	郵筒，筒骨	tʰʊŋ25
銅		tʰʊŋ22
僮	書僮	tʰʊŋ22
僮	僮族；〔～族〕：壯族	ʦɔŋ22
僮	僮族；〔～族〕：壯族	ʦɔŋ33
童		tʰʊŋ22
同		tʰʊŋ22
仝		tʰʊŋ22
聾		lʊŋ22
朧		lʊŋ22
嚨		lʊŋ22
瓏		lʊŋ22
籠		lʊŋ22
隆		lʊŋ22
窿		lʊŋ55
聰		ʦʰʊŋ55
囪		tʰʊŋ55
囪		ʦʰʊŋ55
蔥		ʦʰʊŋ55
叢		ʦʰʊŋ22
嵩		ɬʊŋ55
嵩		sʊŋ55
衷		ʦʊŋ55
衷		ʦʰʊŋ55
忠		ʦʊŋ55
中	中間	ʦʊŋ55
中	中獎	ʦʊŋ33
忡		ʦʰʊŋ55
蟲		ʦʰʊŋ22
沖		ʦʰʊŋ55
崇		ʦʰʊŋ22
眾		ʦʊŋ33
螽		ʦʊŋ55
終		ʦʊŋ55
充		ʦʰʊŋ55
絨		jʊŋ22
功		kʊŋ55
工		kʊŋ55
蚣		kʊŋ55
公		kʊŋ55
攻		kʊŋ55
躬		kʊŋ55
宮		kʊŋ55
弓		kʊŋ55
空		hʊŋ55
穹		kʰʊŋ22
訌		hʊŋ22
洪		hʊŋ22
虹		hʊŋ22
烘	烘包	hɔŋ33
烘	烘焙	hʊŋ55
紅	紅色	hʊŋ22
鴻		hʊŋ22
翁		jʊŋ55
雄		hʊŋ22
熊		hʊŋ22
熊		jʊŋ22
融		jʊŋ22
楓		fʊŋ55
風		fʊŋ55
蓬		pʰʊŋ22
篷		pʰʊŋ22
蜂		fʊŋ55
梵		faŋ22
馮	馮姓	fʊŋ22
矇		mʊŋ22
濛		mʊŋ22
朦		mʊŋ22
檬		mʊŋ55
蒙		mʊŋ22
夢		mʊŋ22
豐		fʊŋ55
窮		kʰʊŋ22
董		tʊŋ25
桶		tʰʊŋ25
動		tʊŋ22
攏		lʊŋ13
總		ʦʊŋ25
孔		kʰʊŋ25
俸		fʊŋ22
懵		mʊŋ13
棟		tʊŋ22
痛		tʰʊŋ33
弄		lʊŋ22
粽		ʦʊŋ33
送		ɬʊŋ33
送		sʊŋ33
仲		ʦʊŋ22
銃		ʦʰʊŋ33
貢		kʊŋ33
哄	哄騙	hʊŋ25
哄	亂哄哄	hʊŋ55
哄	起哄	hʊŋ33
甕		ʊŋ55
諷		fʊŋ25
鳳		fʊŋ22
啄		tiok3
竺		ʦʊk5
禿		tʰʊk5
犢		tʊk2
獨		tʊk2
瀆		tʊk2
讀	朗讀	tʊk2
讀	句讀	tɐu22
麓		lʊk2
鹿		lʊk2
漉		lʊk2
碌		lʊk5
角		kɔk3
祿		lʊk2
陸		lʊk2
六		lʊk2
蹙		ʦʰʊk5
簇		ʦʰʊk5
蹴		ʦʰʊk5
族		ʦʊk2
鑿		ʦɔk2
速		ʦʰʊk5
肅		ɬʊk5
肅		sʊk5
夙		ɬʊk5
夙		sʊk5
竹		ʦʊk5
築		ʦʰʊk5
逐		ʦʊk2
軸		ʦʊk2
築		ʦʰʊk5
矗		ʦʰʊk5
縮		ɬʊk5
縮		sʊk5
淑		sʊk2
淑		sʊk5
熟		sʊk2
塾		sʊk2
孰		sʊk2
倏		sʊk5
叔		sʊk5
肉		ȵʊk2
肉		jʊk2
穀		kʊk5
穀	山谷	kʊk5
掬		kʰʊk5
鞠		kʰʊk5
菊		kʰʊk5
哭		hʊk5
麴		kʰʊk5
蓄		ʦʰʊk5
斛		fʊk2
屋		ʊk5
鬱		jʊk5
粥		ʦʊk5
鬻		ʦʊk5
育		jʊk2
昱		jʊk5
蹼		pʊk2
蔔		pʊk5
腹		fʊk5
蝠		fʊk5
福		fʊk5
幅		fʊk5
僕		pʰʊk3
服		fʊk2
匐		fʊk2
馥		fʊk5
木		mʊk2
沐		mʊk2
睦		mʊk2
穆		mʊk2
目		mʊk2
牧		mʊk2
撲		pʰɔk3
冬		tʊŋ55
疼	疼痛	tʰɐŋ22
疼	疼愛	tʰʊŋ33
彤		tʰʊŋ22
鼕		tʊŋ55
鼕		tʰʊŋ22
農		nʊŋ22
膿		nʊŋ22
宗		ʦʊŋ55
淙		ʦʊŋ55
鬃		ʦʊŋ55
鬆		ɬʊŋ55
鬆		sʊŋ55
統		tʰʊŋ25
綜		ʦʊŋ55
宋		ɬʊŋ33
宋		sʊŋ33
篤		tʊk5
督		tʊk5
毒		tʊk2
褥		jʊk2
酷		hou22
沃		jʊk5
濃		nʊŋ22
龍		lʊŋ22
縱	縱橫	ʦʊŋ33
縱	放縱	ʦʊŋ22
蹤		ʦʊŋ55
樅		ʦʊŋ55
從	跟從	ʦʰʊŋ22
從	從容	ʦʰʊŋ22
從	從兄弟	ʦʰʊŋ22
松		ʦʰʊŋ22
訟		ʦʊŋ22
重	重新	ʦʰʊŋ22
重	重量	ʦʰʊŋ13
重	重要	ʦʊŋ22
鐘		ʦʊŋ55
忪	怔忪；惺忪	ɬʊŋ55
忪	怔忪；惺忪	sʊŋ55
鍾		ʦʊŋ55
憧		ʦʰʊŋ55
衝	衝鋒	ʦʰʊŋ55
舂		ʦʊŋ55
茸		jʊŋ22
共		kʊŋ22
恭		kʊŋ55
供	提供	kʊŋ55
供	供奉	kʊŋ33
凶		hʊŋ55
洶		hʊŋ55
兇		hʊŋ55
匈		hʊŋ55
雍		jʊŋ55
蓉		jʊŋ22
溶		jʊŋ22
容		jʊŋ22
傭		jʊŋ22
鎔		jʊŋ22
頌		ʦʊŋ22
庸		jʊŋ22
封		fʊŋ55
逢		fʊŋ22
縫	裁縫	fʊŋ22
縫	裂縫	fʊŋ22
鋒		fʊŋ55
烽		fʊŋ55
豐		fʊŋ55
隴		lʊŋ13
聳		ɬʊŋ25
聳		sʊŋ25
悚		ɬʊŋ25
悚		sʊŋ25
慫		ɬʊŋ25
慫		sʊŋ25
塚		ʦʊŋ25
塚		ʦʊŋ25
寵		ʦʰʊŋ25
踵		ʦʊŋ25
腫		ʦʊŋ25
種	種子	ʦʊŋ25
種	種植	ʦʊŋ33
鞏		kʊŋ25
拱		kʊŋ25
恐		hʊŋ25
恐		kʰʊŋ25
擁		jʊŋ25
恿		jʊŋ25
蛹		jʊŋ25
勇		jʊŋ13
奉		fʊŋ22
捧		pʰʊŋ25
誦		ʦʊŋ22
用		jʊŋ22
綠		lʊk2
錄		lʊk2
促		ʦʰʊk5
粟		ɬʊk5
粟		sʊk5
續		ʦʊk2
俗		sʊk2
燭		ʦʊk5
囑		ʦʊk5
矚		ʦʊk2
屬	屬文	sʊk2
屬	屬於	sʊk2
觸		ʦʰʊk5
鐲		ʦʊk5
蜀		sʊk2
束		ʦʰʊk5
贖		sʊk2
辱		ȵʊk2
辱		jʊk2
曲		kʰʊk5
獄		jʊk2
玉		ȵʊk2
玉		jʊk2
旭		jʊk5
浴		jʊk2
慾		jʊk2
欲		jʊk2
局		kʊk2
樁		ʦɔŋ55
撞		ʦɔŋ22
幢	幡幢	ʦɔŋ22
幢	一幢樓	ʦɔŋ22
幢	海幢寺	ʦɔŋ22
雙		sioŋ55
雙		sɔŋ55
江		kɔŋ55
肛		kɔŋ55
扛		kɔŋ55
控		hʊŋ33
腔		hɔŋ55
缸		kɔŋ55
降	投降	hɔŋ22
降	降落	kɔŋ33
邦		pɔŋ55
龐		pʰɔŋ22
講		kɔŋ25
港		kɔŋ25
項		hɔŋ13
棒		pʰaŋ13
蚌		pʰɔŋ13
蚌		pʰaŋ22
巷		hɔŋ13
巷		hɔŋ22
桌		ʦʰiok3
琢		tiok3
卓		ʦʰiok3
擢		ʦɔk2
濁		ʦʊk2
捉		ʦɔk3
朔		sɔk3
確		kʰɔk3
嶽		ŋɔk2
嶽		ŋɔk2
學		hɔk2
握		ɐk5
渥		ɐk5
喔	喔喔叫	ɔ33
剝		mɔk5
駁		pɔk3
雹		pau55
璞		pʰɔk3
罹		lei22
鸝		lei22
離		lei22
驪		lei22
麗		lɐi22
璃	琉璃	lei22
璃	玻璃	lei55
漓		lei22
籬		lei22
劑		ʦɐi55
雌		ʦʰi22
疵		ʦʰi55
斯		si55
廝		si55
隨		ʦʰui22
隋		ʦʰui22
肢		ʦi55
支		ʦi55
只		ʦi25
枝		ʦi55
氏	姓氏	si22
炊		ʦʰui55
吹		ʦʰui55
提		tʰɐi22
垂		sui22
匙	鑰匙	si22
匙	茶匙，湯匙，一本作「瓷」	ʦʰi22
堤		tʰɐi22
施		si55
兒		ȵi22
兒		ji22
規		kʰʷɐi55
窺		kʰʷɐi55
墮		tɔ22
蛇	委蛇	sɛ22
蛇	毒蛇	sɛ22
移		ji22
卑		pei55
脾		pʰei13
瀰		nei22
獼		mei22
彌		nei22
歧		kʰei22
祇	神祇	kʰei22
祇	同「只有」的「只」；正、恰、只	ʦi25
示		si22
累	累積	lui13
累	受累；連累	lui22
邐		lɐi13
紫		ʦi25
此		ʦʰi25
髓		ɬui13
髓		sui13
徙		ɬai25
徙		sai25
紙		ʦi25
咫		ʦi25
枳		ʦi25
侈		ʦʰi25
是		si22
弛		ʦʰi22
舐		sai25
蕊		ȵui13
蕊		jui13
爾		ȵi13
爾		ji13
邇		ȵi13
邇		ji13
企		kʰei13
婢		pʰei13
積		ʦɪk5
刺		ʦʰi33
漬		ʦɪk5
賜		ʦʰi33
惴		ʦui33
睡		sui22
瑞		sui22
翅		ʦʰi33
吱		ʦi55
縊		ɐi33
易	容易	ji22
易	交易	jɪk2
臂		pei33
避		pei22
譬		pʰei33
知	知道	ʦi55
知	知識	ʦi33
蜘		ʦi55
池		ʦʰi22
錘	鐵錘，稱錘	ʦʰui22
馳		ʦʰi22
差	差別	ʦʰa55
差	出差	ʦʰai55
差	參差	ʦʰi55
衰	衰老	sui55
衰	齊衰	ʦʰui55
妓		kei22
畸		kʰei55
崎	崎嶇	kʰei22
虧		kʰʷɐi55
崖		ŋai22
儀		ji22
宜		ȵi22
宜		ji22
涯		ŋai22
危		ŋɐi22
犧		hei55
羲		hei55
曦		hei55
戲		hei33
犄	音漪	ji25
逶		ʋɐi25
椅		ji25
漪		ji25
萎	枯萎	ʋɐi25
委	虛與委蛇，委委佗佗；委委佗佗	ʋɐi55
委	委託	ʋɐi25
爲	人爲	ʋɐi22
襬		pai25
碑		pei55
疲		pʰei22
罷		pa22
皮		pʰei22
糜		mei22
披		pʰei55
奇	奇怪	kʰei22
奇	奇數	kei55
琦		kʰei22
騎	騎馬；騎樓	kʰɛ22
騎	鐵騎；騎兵	kʰei22
揣		ʦʰiŋ25
灑		sa25
詭		kʷɐi25
跪		kʷɐi22
綺		ji25
蟻		ŋɐi13
毀		fɐi25
倚		ji25
彼		pei25
被	棉被	pʰei13
被	被動	pei22
靡	所向披靡	mei13
靡	通「糜」，浪費；腐敗	mei22
技		kei22
智		ʦi33
寄		kei33
誼		ji22
義		ji22
議		ji13
纍		lui13
梨		lei22
諮		ʦi55
資		ʦi55
姿		ʦi55
瓷		ʦʰi22
茨		ʦʰi22
雖		ɬui55
雖		sui55
私		si55
脂		ʦi55
錐		ʦui55
推		tʰui55
誰		sui22
屍		si55
屎		si25
咦		ji25
伊		ji55
黝		jɐu25
胰		ji22
夷		ji22
惟		ʋɐi22
羨		siŋ22
寅		jɐŋ22
唯	唯一	ʋɐi22
唯	唯唯諾諾	ʋɐi22
遺	遺失	ʋɐi22
維		ʋɐi22
姨	姨媽	ji22
姨	姨仔/細姨/阿姨	ji55
琵		pʰei22
比	比較	pei25
比	比鄰	pei25
枇		pʰei22
鰭		kʰei22
葵		kʰʷɐi22
壘	堡壘	lui13
壘	神荼鬱壘；鬱壘	lɐk2
履		lei13
耒		lui22
姊		ʦi25
死		ɬei25
指		ʦi25
旨		ʦi25
視		si22
矢		ʦʰi25
水		sui25
癸		kʷɐi25
妣		pei25
揆		kʰʷɐi22
地		tei22
淚		lui22
利		lei22
類		lui22
痢		lei22
恣	恣意	ʦʰi33
恣	恣意	ʦi33
恣	恣睢	ʦi55
醉		ʦui33
翠		ʦʰui33
次		ʦʰi33
悴		ʦʰui33
自		ʦi22
嫉		ʦɐk2
萃		ʦʰui33
邃		ɬui22
邃		sui22
粹		ʦʰui33
四		ɬei33
四		sei33
肆	肆意	si33
肆	四的大寫	ɬei33
肆	四的大寫	sei33
祟	俗讀：鬼鬼祟祟	si25
祟		ɬui33
祟		sui33
駟		ɬei33
駟		sei33
遂		ɬui22
遂		sui22
穗		ɬui22
穗		sui22
彗		ʋɐi22
隧		ɬui22
隧		sui22
摯		ʦi33
至		ʦi33
出		ʦʰɐk5
嗜		si33
二		ȵi22
二		ji22
貳		ȵi22
貳		ji22
季		kʷɐi33
棄		hei33
庇		pei33
鼻		pei22
寐		mei22
屁		pʰei33
悸		kʷɐi33
尼		nɐi22
呢	呢喃	nɐi22
呢	語氣助詞	ni55
胝		ʦi55
追		ʦui55
遲		ʦʰi22
槌		ʦʰui22
椎	鐵椎	ʦʰui22
椎	脊椎	ʦui55
鎚		ʦʰui22
莉		lei22
師		si55
篩		sɐi55
篩		sai55
獅		si55
肌		kei55
龜	烏龜	kʷɐi55
龜	龜裂	kʷɐŋ55
飢		kei55
帷		ʋɐi22
悲		pei55
邳		pʰei22
麋		mei22
薇		mei22
黴	文讀	mui22
黴	白讀	mui55
黴	白讀	mou55
楣		mei22
眉		mei22
逵		kʰʷɐi22
軌		kʷɐi25
幾		kei25
晷		kʷɐi25
鄙		pʰei25
圮		pʰei25
圮		kei25
否	否定	fɐu25
否	否極泰來	pʰei25
美		mei13
膩		nɐi22
致		ʦi33
質	物質	ʦɐk5
質	人質	ʦi33
墜		ʦui22
稚		ʦi33
緻		ʦi33
帥		sui33
率	率領	sɐk5
率	效率	lɐk2
冀		kʰei33
愧		kʰʷɐi33
器		hei33
喟		ʋɐi22
懿		ji33
位		ʋɐi22
祕		pei33
費		fei33
費		fɐi33
泌		pei33
備		pei22
魅		mei22
媚		mei22
餽	同「饋」	kʰʷɐi33
櫃		kʷɐi22
饋		kʰʷɐi33
暨		kei33
匱		kʰʷɐi33
釐	釐定	lei22
釐	恭賀新釐	hei55
狸		lei22
仔	仔細	ʦi25
仔	豬仔	ʦɐi25
滋		ʦi55
孜		ʦi55
慈		ʦʰi22
思	思想	si55
思	於思	sɔi55
絲		si55
伺	窺伺	si22
伺	伺候	ʦʰi22
司		si55
詞		ʦʰi22
辭		ʦʰi22
祠		ʦʰi22
癡		ʦʰi55
持		ʦʰi22
治		ʦi22
芝		ʦi55
之		ʦi55
嗤		ʦʰi55
時		si22
詩		si55
而		ȵi22
而		ji22
居		kei55
基		kei55
箕		kei55
欺		hei55
疑		ȵi22
疑		ji22
熙		hei55
熹		hei55
嘻		hei55
嬉		hei55
禧		hei55
醫		ji55
姬		kei55
怡		ji22
臺	古代第一人稱；喜悅，通「怡」	ji22
臺	天臺。地名	tʰɔi55
貽		ji22
飴		ji22
頤		ji22
期	日期	kʰei22
期	期年；一周年	kei55
淇		kʰei22
琪		kʰei22
其		kʰei22
旗		kʰei22
裏	公里	lei13
李		lei13
理		lei13
鯉		lei13
子		ʦi25
梓		ʦi25
巳		ʦi22
似		ʦʰi13
祀		ʦi22
耜		ʦi22
姒		ʦʰi13
恥		ʦʰi25
祉		ʦi25
峙		ʦi22
仕		si22
士		si22
史		si25
使	使用	sɐi25
使	使者	si25
駛		sɐi25
止		ʦi25
趾		ʦi25
址		ʦi25
齒		ʦʰi25
市		si13
恃		ʦʰi22
始		ʦʰi25
耳		ȵi13
耳		ji13
己		kei25
紀		kei25
杞		kei25
起		hei25
擬		ȵi13
擬		ji13
喜		hei25
矣		ji13
已		ji13
以		ji13
吏		lei22
字		ʦi22
嗣		ʦʰi22
寺		ʦi22
飼		ʦʰi22
置		ʦi33
植		ʦɪk2
值		ʦɪk2
事	文讀	si22
事	白讀	ɬei22
廁		ʦʰi33
織		ʦɪk5
誌		ʦi33
識	認識	sɪk5
識	默而識之；默而識之;通「志」	ʦi33
志		ʦi33
熾		ʦʰi33
侍		si22
試		si33
試	口語變調，例如「考試」	si13
幟		ʦʰi33
餌		ȵi13
餌		ji13
記		kei33
亟	亟請	kʰei33
亟	亟需；亟待解決	kɪk5
意		ji33
食		sɪk2
異		ji22
忌		kei22
歸		kʷɐi55
嘰		kei55
饑		kei55
譏		kei55
機		kei55
磯		kei55
巍		ŋɐi22
揮		fɐi55
輝		fɐi55
希		hei55
徽		fɐi55
暉		fɐi55
稀		hei55
依		ji55
衣	衣服	ji55
衣	衣錦還鄉	ji55
威		ʋɐi55
圍		ʋɐi22
違		ʋɐi22
韋		ʋɐi22
韋	習慣讀音	ʋɐi25
飛		fei55
非		fei55
扉		fei55
肥		fei22
微		mei22
妃		fei55
菲	芳菲	fei55
菲	菲薄	fei55
祈		kʰei22
幾	幾個	kei25
幾	幾乎	kei55
鬼		kʷɐi25
豈		hei25
卉		ʋɐi25
偉		ʋɐi25
瑋		ʋɐi25
葦		ʋɐi25
煒		ʋɐi25
匪		fei25
尾	文讀	mei13
尾	白讀；後尾	mei55
娓		mei13
悱		fei25
斐		fei25
溉		kʰɔi33
既		kei33
貴		kʷɐi33
氣		hei33
魏		ŋɐi22
毅		ŋɐi22
諱		ʋɐi25
愾		kʰɔi33
蔚		ʋɐi33
慰		ʋɐi33
熨	熨斗。訓讀「燙」；熨斗	tʰɔŋ33
熨	熨貼	ʋɐk5
尉	太尉	ʋɐi33
尉	尉遲	ʋɐk5
畏		ʋɐi33
胃		ʋɐi22
渭		ʋɐi22
謂		ʋɐi22
彙		ʋui22
蝟		ʋɐi22
緯		ʋɐi25
芾	蔽芾	fɐi33
芾	蔽芾	fei33
芾	芾芾；「芾，草木盛也。」	fɐk5
沸		fɐi33
沸		fei33
翡		fei25
未		mei22
味		mei22
廬		lou22
蘆		lou22
櫚		lui25
驢		lou22
且		ʦʰɛ25
蛆		ʦui55
沮	沮喪	ʦui25
徐		ʦʰui22
豬		ʦi55
塗		tʰou22
躇		ʦʰi22
除		ʦʰui22
儲		ʦʰi13
屠		tʰou22
著	顯著	ʦi33
著	著衫	ʦiok3
著	著涼	ʦiok2
初		ʦʰɔ55
鋤		ʦʰɔ22
疏	疏通	sɔ55
蔬		sɔ55
梳		sɔ55
諸		ʦi55
藷	藷蕷；藷蕷，山藥	si22
藷	藷蔗；藷蔗，甘蔗	ʦi55
舒		si55
紓		si55
書		si55
如		ji22
茹		ji22
車	車馬炮；象棋的「車」	kei55
車	汽車	ʦʰɛ55
據	拮据	kei55
墟		hɔi55
魚		ȵi22
魚		ji22
漁		ȵi22
漁		ji22
衙		ŋa22
虛		hei55
於		ji55
予	古代第一人稱	ji22
予	給予	ji13
餘		ji22
輿		ji22
與		ji13
與	參與；句末語氣助詞	ji22
譽		ji22
餘		ji22
蜍	蠄蜍：癩蛤蟆	si22
渠		kʰei22
女		nui13
女		nui25
旅		lei13
旅		lui13
侶		lui13
呂		lui13
咀		ʦui25
咀		ʦɔi25
嶼	島嶼	ʦui22
嶼	島嶼	ji13
序		ʦui22
敘		ʦui22
緒		sui13
抒		si55
貯		ʦʰi13
杼		ʦʰi13
佇		ʦʰi13
阻		ʦɔ25
俎		ʦɔ25
楚		ʦʰɔ25
礎		ʦʰɔ25
所		sɔ25
杵		ʦʰi13
處	處理	ʦʰi25
處	住處	ʦʰi33
墅		sui13
墅		sui22
野		jɛ13
鼠		si25
暑		si25
黍		si25
汝		ji13
莒		kei25
舉		kei25
櫸		kei25
去		hɔi33
禦		ji22
語	語言；語文	ji13
語	不以語人；公語之故，且告之悔	ji22
許		hei25
距		kʰei13
巨		kei22
炬		kei22
鉅		kei22
拒		kʰei13
慮		lui22
絮		ɬui33
絮		sui33
助		ʦɔ22
署		si25
曙		si25
薯		si22
恕		si33
庶		si33
踞		kei33
據		kei33
鋸		kei33
禦		ji22
馭		ji22
菸		jiŋ55
豫		ji22
預		ji22
遽		kei22
都		tou55
圖		tʰou22
途		tʰou22
塗		tʰou22
徒		tʰou22
荼	如火如荼	tʰou22
荼	神荼；神荼鬱壘	si55
鍍		tou22
菟		tʰou33
奴		nou22
盧		lou22
顱		lou22
爐		lou22
租		ʦou55
蘇		ɬou55
蘇		sou55
酥		ɬou55
酥		sou55
穌		ɬou55
穌		sou55
辜		ku55
箍		kʰu55
孤		ku55
呱	頂呱呱	kʷa55
呱	呱呱墜地	ku55
沽		ku55
姑		ku55
枯		kʰu55
蜈		ŋ̍22
梧		ŋ̍22
吾		ŋ̍22
吳		ŋ̍22
呼		fu55
糊		fu22
瑚		fu22
胡		fu22
瓠		fu22
壺		fu22
湖		fu22
弧		fu22
葫		fu22
狐		fu22
乎		fu22
嗚		ʋu55
烏		ʋu55
惡	惡毒	ɔk3
惡	可惡	ʋu33
惡	惡乎；如何、怎麼；表示驚訝的語氣	ʋu55
樸	文讀	pʰɔk3
樸	訓讀，用作量詞「捆」、「把」，常用於修飾蔬菜；或借自遂城黎話	pʷɐk2
菩	菩提	pʰou22
菩	菩薩	pʰɔ22
匍		pʰou22
蒲		pʰou22
模		mou55
摸		mɔ55
膜	薄膜	mɔk2
膜	膜拜	mou22
睹		tou25
堵		tou25
賭		tou25
土		tʰou25
吐		tʰou33
肚		tʰou13
杜		tou22
努		nou13
怒		nou22
弩		nou13
弩		nou22
擄		lou13
虜		lou13
滷		lou13
魯		lou13
櫓		lou13
組		ʦou25
祖		ʦou25
粗		ʦʰou55
詁		ku25
鼓		ku25
估	估計	ku55
估	估計	ku25
估	估衣	ku33
古		ku25
股		ku25
賈	商賈	ku25
賈	賈姓	ka25
苦		fu25
午		ŋ̍13
五		ŋ̍13
伍		ŋ̍13
琥		fu25
虎		fu25
滸		fu25
雇		ku33
滬		fu22
扈		fu22
戶	文讀	fu22
戶	白讀；用作量詞「戶」	fu13
塢	山塢	ʋu55
圃		pʰou25
譜		pʰou25
補		pou25
簿		pou22
部		pou22
媽		ma55
莽		mɔŋ13
浦		pʰou25
普		pʰou25
妒		tou22
兔		tʰou33
渡		tou22
度	度量衡	tou22
度	量度	tɔk2
路		lou22
鷺		lou22
露		lou22
賂		lɔk3
作		ʦɔk3
措		ʦʰɔ33
醋		ʦʰou33
厝		ʦʰɔ33
錯	錯誤	ʦʰɔ33
訴		ɬou33
訴		sou33
塑		ɬɔk3
塑		sɔk3
素		ɬou33
素		sou33
固		ku33
鯝		ku33
故		ku33
顧		ku33
錮		ku33
庫		fu33
悟		ŋ̍22
寤		ŋ̍22
誤		ŋ̍22
晤		ŋ̍22
互		fu22
護		fu22
布		pou33
佈		pou33
步		pou22
捕		pʰou25
哺		pou25
慕		mou22
墓		mou22
暮		mou22
募		mou22
怖		pou33
摟		lɐu25
鏤		lɐu22
趨		ʦʰui55
鬚		ɬou55
鬚		sou55
需		ɬui55
需		sui55
須		ɬui55
須		sui55
娶		ʦʰui25
株		ʦi55
列		lik2
蛛		ʦi55
廚		ʦʰi22
廚		ʦʰui22
雛		ʦʰɔ22
朱		ʦi55
珠		ʦi55
侏		ʦi55
樞		si55
殊		si22
茱		ʦi55
輸		si55
嚅		ji22
儒		ji22
懦		nɔ22
俱	傢俱	kei22
俱	俱樂部	kʰei55
拘		kʰei55
嶇		kʰei55
軀		kʰei55
驅		kʰei55
摳		kʰɐu55
區	區別	kʰei55
區	區姓；姓氏	ɐu55
隅		ji22
虞		ji22
愚		ji22
娛		ji22
籲	籲唏	hei55
於		ji55
汙		ʋu55
迂		ji55
芋		ʋu22
盂		ji22
萸		ji22
逾		ji22
瑜		ji22
榆		ji22
諛		ji22
舀		jiu25
渝		ji22
愉		ji22
膚		fu55
夫	農夫	fu55
夫	古代指示詞、代詞、助詞	fu22
符		fu22
芙		fu22
苻		fu22
扶		fu22
蕪		mou22
無		mou22
巫		mou55
誣		mou55
毋		mou22
鋪	鋪張	pʰou55
鋪	店鋪	pʰou33
孵		fu55
敷		fu55
俘		fu55
瞿	瞿塘峽	kʰei22
瞿	瞿然一驚	kei33
句		kei33
縷		lui13
取		ʦʰui25
聚		ʦɔi22
拄		ʦi25
柱		ʦʰi13
數	數一下	sou25
數	數字	sou33
數	數見不鮮	sɔk3
主		ʦi25
樹		si22
豎		si22
乳		ȵui13
乳		jui13
矩		kei25
煦		hei55
煦		hei33
噢	噢咿	ji25
噢	同「喔」	ɔ55
栩		hei25
雨	落雨	ji13
羽		ji13
宇		ji13
禹		ji13
愈		ji22
斧		fu25
脯	肉脯	pʰou25
脯	胸脯	fu25
俯		fu25
父		fu22
府		fu25
甫	臺甫	pʰou25
甫	十八甫	fu25
腐		fu22
輔		fu22
武		mou13
侮		mou13
鵡		mou13
舞		mou13
撫		fu25
剖	解剖	fɐu25
剖	剖腹產	pʰɐu25
屢		lui13
足	足跡	ʦʊk5
駐		ʦi33
逗	挑逗；逗留	tɐu33
逗	用作動詞，表示「招惹」	tɐu55
住		ʦi22
註		ʦi33
蛀		ʦi33
鑄		ʦi33
注		ʦi33
孺		ji22
遇		ji22
寓		ji22
嫗		ji25
喻		ji22
諭		ji22
籲		ji22
裕		ji22
付		fu22
搏		pɔk3
傅	師傅	fu22
賦		fu33
附		fu22
駙		fu22
務		mou22
霧		mou22
婺		mou22
僕		pʰʊk5
赴		fu22
具		kei22
懼		kei22
帶		tai33
汰		tʰai33
太		tʰai33
泰		tʰai33
大		tai22
兌		tui33
奈		nai22
奈		nɔi22
籟		lai22
賴		lai22
癩		lai22
最		ʦui33
蔡		ʦʰɔi33
蓋	杯蓋	kɔi33
膾		kʰui33
檜		kʰui33
丐		kʰɔi33
磕	訓讀：磕到頭	hɐm25
磕		hɐp2
轄		hɐk2
外		ŋɔi22
艾		ŋai22
渙		ʋuŋ22
會	會計；會計、會議	ʋui22
會	會游泳	ʋui13
繪	習讀音	ʋui22
繪		kʰui33
害		hɔi22
藹		ɔi25
貝		pui33
沛		pʰui33
狽		pui33
沫		muk2
喙		fui33
穢		ʋɐi33
廢		fei33
廢		fɐi33
吠		fɐi22
吠		fei33
肺		fei33
肺		fɐi33
寨		ʦai33
寨		ʦai22
快		fai33
快	口語變調，用以加強語氣。	fai25
話	電話	ʋa22
話	童話	ʋa25
喝		hɔk3
喝	白讀，表｛訓斥｝義，或借自遂城黎話	hʷɐk5
喝	白讀，表｛訓斥｝義，或借自遂城黎話	hʷa5
敗		pai22
邁		mai22
叉		ʦʰa55
查	檢查	ʦʰa22
查	查姓	ʦa55
柴		ʦʰai22
蝸		ʋɔ55
佳		kai55
街		kai55
媧		ʋɔ55
鞋		hai22
蛙		ʋa55
哇		ʋa55
娃		ʋa55
牌		pʰai22
牌	訓讀：撲克	pʰɛ55
枴		kʷai25
夥		fɔ25
解	解決	kai25
解	解姓	hai22
蟹		hai13
矮		ai25
擺		pai25
買		mai13
拐		kʷai25
債		ʦai33
掛		kʷa33
掛		kʰʷa33
懈		hai22
卦		kʷa33
邂		hai13
畫	圖畫	ʋa25
畫	畫圖	ʋak2
賣		mai22
派		pʰai33
齋		ʦai55
階		kai55
楷	楷書	hai22
楷	楷樹；正楷	kai55
偕		kai55
皆		kai55
乖		kʷai55
匯		ʋui22
骸		hai22
淮		ʋai22
槐		ʋai22
懷		ʋai22
諧		hai22
排		pʰai22
霾		mai22
埋		mai22
駭		hɔi22
挨		ai55
殺	殺敵	sak3
殺	殺哀；漢·鄭玄·注：「殺，差也。」	sai33
介		kai33
誡		kai33
壞		ʋai22
怪		kʷai33
屆		kai33
芥		kai33
尬		kai33
界		kai33
戒		kai33
劾		hɐk2
械		hai22
拜		pai33
扒	扒飯；扒手	pʰa22
扒	扒皮	pa55
憊		pei22
湃		pai33
厲		lei22
例		lɐi22
蠣		lɐi22
勵		lɐi22
際		ʦɐi33
祭		ʦɐi33
脆		ʦʰui33
歲		ɬui33
歲		sui33
制		ʦɐi33
贅		ʦui22
製		ʦɐi33
掣		ʦɐi33
逝		sɐi22
噬		sɐi22
誓		sɐi33
說		sik3
說	説客	sui33
說	通「悅」：學而時習之，不亦說乎！	jik2
世		sɐi33
蛻		tʰui33
稅		sui33
勢		sɐi33
鈉		nap2
藝		ŋɐi22
洩	排洩；同「泄」	ɬik3
洩	排洩；同「泄」	sik3
洩	洩洩	jɐi22
銳		jui22
曳		jɐi22
泄		ɬik3
泄		sik3
裔		jui22
蔽		pɐi33
彆		pik2
敝		pɐi22
斃		pɐi22
弊		pɐi22
幣		pɐi22
輟		ʦik3
啜		ʦik3
綴	點綴	ʦui33
滯	文讀：「滯留」	ʦɐi33
滯	白讀，表示「飽了，膩了」；鬱滯	ʦɐi22
鱖		kʰik3
憩		hei33
揭		kʰik3
衛		ʋɐi22
柢		tɐi25
低		tɐi55
梯		tʰɐi55
蹄		tʰɐi22
啼		tʰɐi22
締		tɐi33
題		tʰɐi22
折	骨折	ʦik3
折	折本	sik2
泥	泥土	nɐi22
犁		lɐi22
黎		lɐi22
擠		ʦɐi55
妻		ʦʰɐi55
萋		ʦʰɐi55
淒		ʦʰɐi55
悽		ʦʰɐi55
齊	整齊	ʦʰɐi22
齊	齊衰	ʦi55
臍		ʦʰi22
棲		ʦʰɐi55
犀		ɬɐi55
犀		sɐi55
撕		si55
西		ɬɐi55
西		sɐi55
嘶		si55
圭		kʷɐi55
雞		kɐi55
閨		kʷɐi55
鮭		kʷɐi55
稽	無稽之談；稽查	kʰɐi55
稽	稽首	kʰɐi25
溪		kʰɐi55
睽		kʰʷɐi22
谿		kʰɐi55
霓		ŋɐi22
倪		ŋɐi22
奚		hɐi22
攜		kʰʷɐi22
兮		hɐi22
畦		kʰʷɐi22
迷		mɐi22
批		pʰɐi55
抵		tɐi25
牴		tɐi25
底		tɐi25
邸		tɐi25
涕		tʰɐi33
體		tʰɐi25
遞		tɐi22
弟		tɐi22
弟	對於年輕後生的稱呼	ti25
豊		lɐi13
禮		lɐi13
濟	人才濟濟	ʦɐi33
濟	救濟	ʦɐi33
洗		ɬɐi25
洗		sɐi25
陛		pɐi22
米		mɐi13
帝		tɐi33
嚏		tʰɐi33
諦		tɐi33
剃		tʰɐi33
替		tʰɐi33
逮		tɐi22
第		tɐi22
捩	琵琶撥法	lɐi22
捩	捩手；捩轉；捩手	lik2
隸		tɐi22
戾		lui22
砌		ʦʰɐi33
切	一切	ʦʰɐi33
切	急切	ʦʰik3
切	借自遂城黎話，表示「親吻；疼愛」	ʦʰɔi55
細		ɬɐi33
細		sɐi33
髻		kɐi33
桂		kʷɐi33
計		kɐi33
繫	聯繫	hɐi22
繫	繫鞋帶；繫鈕	kɐi33
繼		kɐi33
係		hɐi22
契	契約	kʰɐi33
契	契丹	kʰik3
羿		ŋɐi22
蕙		ʋɐi22
系		hɐi22
惠		ʋɐi22
慧	智慧	ʋɐi33
閉		pɐi33
謎		mɐi22
媲		pʰei33
胎		tʰɔi55
臺		tʰɔi22
檯		tʰɔi22
苔	青苔	tʰɔi22
苔	舌苔	tʰɔi55
能		nɐŋ22
來		lɔi22
來		lui22
萊		lɔi22
災		ʦɔi55
哉		ʦɔi55
栽		ʦɔi55
猜		ʦʰai55
材		ʦʰɔi22
財		ʦʰɔi22
裁		ʦʰɔi22
才		ʦʰɔi22
鰓		ɬɔi55
鰓		sɔi55
該		kɔi55
賅		kɔi55
開		hɔi55
皚		ŋɔi22
皚		ɔi25
孩		hai22
咳	咳嗽	kʰɐk5
咳	小兒笑；咳！我昨天沒去醫院。	hɔi22
唉		ai55
哀		ɔi55
埃		ai55
欸	語氣助詞，緊跟主語後或者短句末尾，用於停頓	ɛ22
欸	感歎	ei22
欸	嘆詞，表示詫異	ei25
等		tɐŋ25
怠		tɔi22
待		tɔi22
殆		tɔi22
迺		nai13
乃		nai13
載	記載	ʦɔi33
宰		ʦɔi25
採		ʦʰɔi25
采		ʦʰɔi25
彩		ʦʰɔi25
綵		ʦʰɔi25
在	文讀	ʦɔi22
在	語氣助詞，表示強調，如「ang2 未在」=「還沒有」	ʦʰui33
在	白讀	ʦʰɔi13
改		kɔi25
凱		hɔi25
海		hɔi25
亥		hɔi22
戴		tai33
態		tʰai33
貸		tʰai33
岱		tɔi22
代		tɔi22
袋		tɔi22
黛		tɔi22
耐	好耐：（時間）好久	nɔi22
耐	耐藥	nai22
睞		lɔi22
再		ʦɔi33
菜		ʦʰɔi33
塞	塞車	ɬɐk5
塞	塞車	sɐk5
塞	塞外	ʦʰɔi33
塞	訓讀：阻礙、阻塞；「塞埞」	tʰɐk5
賽		ɬɔi33
賽		sɔi33
概		kʰɔi33
慨		kʰɔi33
礙		ŋɔi22
愛		ɔi33
搥		ʦʰui22
堆		tui55
敦		tɐŋ55
頹		tʰui22
雷		lui22
儡		lui13
鐳		lui22
崔		ʦʰui55
催		ʦʰui55
摧		ʦʰui55
蓑		sɔ55
傀	傀儡	kʰʷɐi25
傀	傀偉	kʷɐi25
恢		fui55
魁		fui55
盔		kʰʷɐi55
桅		ʋɐi22
嵬		ŋɐi22
灰		fui55
回		ʋui22
瑰	玫瑰	kʷɐi33
瑰	瑰麗	kʷɐi55
洄		ʋui22
迴		ʋui22
徊		ʋui22
偎		ʋui55
杯		pui55
盃		pui55
陪		pʰui22
徘		pʰui22
培		pʰui22
媒		mui22
莓		mui22
梅		mui22
枚	口語變調，用作量詞	mui55
枚	本調，見「不勝枚舉」	mui22
煤		mui22
腿		tʰui25
餒		nui13
蕾		lui13
璀		ʦʰui25
罪		ʦui22
悔		fui25
賄		fui25
蓓		pʰui13
倍		pʰui13
每		mui13
啡		fɛ55
對		tui33
退		tʰui33
隊		tui22
內		nɔi22
淬		ʦʰui33
碎		ɬui33
碎		sui33
塊		fai33
誨		fui25
晦		fui25
潰		kʰʷui33
潰		kʰʷui25
輩		pui33
背	背書	pui22
背	背後；背脊	pui33
悖		pui33
珮		pʰui33
佩		pʰui33
妹		mui22
妹	對年輕女性的稱呼	mui55
昧		mui22
配		pʰui33
麟		lɐŋ22
掄		lɐŋ22
磷		lɐŋ22
鄰		lɐŋ22
輪		lɐŋ22
論	討論	lɐŋ22
論	論語	lɐŋ22
倫		lɐŋ22
綸	垂綸	lɐŋ22
綸	綸巾	kʷaŋ55
鱗		lɐŋ22
淪		lɐŋ22
遵		ʦiŋ55
津		ʦɐŋ55
竣		ʦɐŋ33
親	親人	ʦʰɐŋ55
親	親家	ʦʰɐŋ33
秦		ʦʰɐŋ22
薪		ɬɐŋ55
薪		sɐŋ55
詢		ɬɐŋ22
詢		ɬɐŋ55
新		ɬɐŋ55
新		sɐŋ55
辛		ɬɐŋ55
辛		sɐŋ55
巡		sɐŋ22
巡		ʦʰɐŋ22
馴		sɐŋ22
旬		sɐŋ22
循		ʦʰɐŋ22
肫		ʦɐŋ55
振		ʦɐŋ33
諄		ʦɐŋ55
真		ʦɐŋ55
甄		jɐŋ55
瞋		ʦʰɐŋ55
春		ʦʰɐŋ55
淳		sɐŋ22
醇		sɐŋ22
辰		sɐŋ22
臣		sɐŋ22
宸		sɐŋ22
純		sɐŋ22
鶉	鵪鶉，鵪鶉蛋	ʦʰɐŋ55
晨		sɐŋ22
身		sɐŋ55
申		sɐŋ55
伸		sɐŋ55
紳		sɐŋ55
呻		sɐŋ55
脣		sɐŋ22
神		sɐŋ22
人		ȵɐŋ22
人		jɐŋ22
仁		ȵɐŋ22
仁		jɐŋ22
鈞		kʰʷɐŋ55
均		kʰʷɐŋ55
因		jɐŋ55
茵		jɐŋ55
姻		jɐŋ55
勻	文讀	ʋɐŋ22
勻	白讀	jɐŋ22
濱		pɐŋ55
檳		pɐŋ55
賓		pɐŋ55
蘋		pʰɪŋ22
頻		pʰɐŋ22
民		mɐŋ22
繽		pɐŋ55
盡		ʦɐŋ22
筍		ɬɐŋ25
筍		sɐŋ25
疹		ʦʰɐŋ25
診		ʦʰɐŋ25
准		ʦɐŋ25
準		ʦɐŋ25
賑		ʦɐŋ33
蠢		ʦʰɐŋ25
腎		sɐŋ13
盾		tɐŋ22
盾		tʰɐŋ13
忍		ȵɐŋ13
忍		jɐŋ13
緊		kɐŋ25
蚓		jɐŋ13
允		ʋɐŋ13
尹		ʋɐŋ13
引		jɐŋ13
臏		pɐŋ55
臏		pɐŋ33
藺		lɐŋ22
遴		lɐŋ22
吝		lɐŋ22
進		ʦɐŋ33
俊		ʦɐŋ33
晉		ʦɐŋ33
駿		ʦɐŋ33
訊		ɬɐŋ33
訊		sɐŋ33
峻		ʦɐŋ33
迅		ɬɐŋ33
迅		sɐŋ33
信		ɬɐŋ33
信		sɐŋ33
殉		sɐŋ55
殉		sɐŋ22
震		ʦɐŋ33
盹		tɐŋ22
慎		sɐŋ22
舜		sɐŋ22
舜		sɐŋ33
瞬		sɐŋ22
瞬		sɐŋ33
順		sɐŋ22
仞		ȵɐŋ22
仞		jɐŋ22
閏		ȵɐŋ22
閏		jɐŋ22
刃		ȵɐŋ22
刃		jɐŋ22
認		ȵɐŋ22
認		jɐŋ22
潤		ȵɐŋ22
潤		jɐŋ22
韌		ȵɐŋ22
韌		jɐŋ22
印		jɐŋ33
鬢		pɐŋ33
栗		lɐk2
律		lɐk2
慄		lɐk2
卒	士卒；身先士卒	ʦɐk5
卒	倉卒	ʦʰʊk5
唧		ʦɪk5
柒		ʦʰɐk5
七		ʦʰɐk5
漆		ʦʰɐk5
疾		ʦɐk2
窸		ɬɪk5
窸		sɪk5
悉		ɬɪk5
悉		sɪk5
膝		ɬɐk5
膝		sɐk5
恤		ɬɐk5
恤		sɐk5
蟋		ɬɪk5
蟋		sɪk5
戌		ɬɐk5
戌		sɐk5
失		sɐk5
室		sɐk5
朮		sɐk2
實		sɐk2
述		sɐk2
術		sɐk2
日		ȵɐk2
日		jɐk2
橘		kɐk5
吉		kɐk5
拮		kik3
壹		jɐk5
一		jɐk5
逸		jɪk2
逸		jɐk2
溢		jɪk5
佚		jɪk2
佚		jɐk2
鷸		ʋɐk2
必		pik5
畢		pɐk5
謐		mɐk2
蜜		mɐk2
匹		pʰɐk5
紉		ȵɐŋ22
紉		jɐŋ22
填		tʰiŋ22
屯		tʰiŋ22
屯		tʰiŋ22
珍		ʦɐŋ55
鎮		ʦɐŋ33
塵		ʦʰɐŋ22
陳		ʦʰɐŋ22
趁		ʦʰɐŋ33
巾		kɐŋ55
銀		ŋɐŋ22
垠		ŋɐŋ22
份		fɐŋ22
彬		pɐŋ55
貧		pʰɐŋ22
岷		mɐŋ22
閩		mɐŋ13
隕		ʋɐŋ13
憫		mɐŋ13
敏		mɐŋ13
窘		kʰʷɐŋ33
菌		kʰʷɐŋ25
陣		ʦɐŋ22
襯		ʦʰɐŋ33
瑾		kɐŋ25
僅		kɐŋ25
暱		nɪk5
暱		nɪk2
茁		ʦik3
窒		ʦɐk2
怵		ʦɐk5
秩		tik2
姪		ʦɐk2
蟀		sɐk5
乙		jik3
筆		pɐk5
密		mɐk2
櫛		ʦik3
瑟		sɐk5
蝨		sɐk5
吞		tʰɐŋ55
跟		kɐŋ55
根		kɐŋ55
痕		hɐŋ22
恩		jɐŋ55
墾		hɐŋ25
懇		hɐŋ25
很		hɐŋ25
恨		hɐŋ22
墩		tɐŋ55
燉		tɐŋ22
臀		tʰiŋ22
豚		tʰiŋ22
沌		tɐŋ22
尊		ʦiŋ55
村		ʦʰiŋ55
蹲	習讀音	tɐŋ55
蹲	音「存」	ʦʰiŋ22
存		ʦʰiŋ22
孫		ɬiŋ55
孫		siŋ55
孫	謙卑、恭順;「民有孫心。」	ɬɐŋ33
孫	謙卑、恭順;「民有孫心。」	sɐŋ33
飧		ɬiŋ55
飧		siŋ55
昆		kʰʷɐŋ55
坤		kʰʷɐŋ55
昏		fɐŋ55
婚		fɐŋ55
渾	渾人，雄渾	ʋɐŋ22
渾	同「混」	ʋɐŋ22
溫		ʋɐŋ55
奔		pɐŋ55
盆		pʰuŋ22
門		muŋ22
噴		pʰɐŋ33
遁		tɐŋ22
忖		ʦʰiŋ25
鱒		ʦiŋ55
損		ɬiŋ25
損		siŋ25
壼		kʰʷɐŋ25
棍		kʷɐŋ33
混		ʋɐŋ22
穩		ʋɐŋ25
本		puŋ25
笨		pɐŋ22
畚		puŋ25
頓	安頓	tɐŋ22
頓	冒頓	tʊk2
鈍		tɐŋ22
嫩		niŋ22
寸		ʦʰiŋ33
遜		ɬɐŋ33
遜		sɐŋ33
困		kʰʷɐŋ33
悶		muŋ22
咄		tɐk5
突		tɐk2
凸	文讀	tɐk2
凸	白讀；飽凸，「非常飽」之意	tʰɐk2
屑		ɬik3
屑		sik3
窣		ɬɐk5
窣		sɐk5
骨		kʷɐk5
滑	光滑	ʋak2
窟	洞窟	kʰʷɐk5
窟	洞窟	ʋɐk5
窟	屎窟	fɐk5
兀		ŋɐk2
惚		fɐk5
忽		fɐk5
脖		puk2
渤		puk2
勃		puk2
沒		muk2
沒	訓讀，表｛順走｝，或借自遂城黎話	mʷɐk5
筋		kɐŋ55
斤		kɐŋ55
齦		ŋɐŋ22
欣		jɐŋ55
殷	殷切	jɐŋ55
殷	殷紅	jiŋ55
芹		kʰɐŋ22
勤		kʰɐŋ22
槿		kɐŋ25
謹		kɐŋ25
隱		jɐŋ25
近	好近；文讀；最近	kɐŋ22
近	靠近；白讀；遠近	kʰɐŋ13
吃	口吃；啞～: 講話結巴	kɐk5
吃	吃飯	hiɐk3
乞		hɐk5
屹		ŋɐk2
迄		ŋɐk2
軍		kʷɐŋ55
君		kʷɐŋ55
薰		fɐŋ55
醺		fɐŋ55
燻		fɐŋ55
勛		fɐŋ55
蘊		ʋɐŋ13
雲		ʋɐŋ22
雲		ʋɐŋ22
芸		ʋɐŋ22
員		jiŋ22
耘		ʋɐŋ22
分	分開	fɐŋ55
分	本分	fɐŋ22
扮		paŋ22
焚		fɐŋ22
墳		fɐŋ22
頒		paŋ55
氛		fɐŋ55
聞		mɐŋ22
文	文字	mɐŋ22
文	文過	mɐŋ22
蚊		mɐŋ55
紋		mɐŋ22
芬		fɐŋ55
紛		fɐŋ55
醞		ʋɐŋ13
粉		fɐŋ25
憤		fɐŋ13
刎		mɐŋ13
吻		mɐŋ13
忿		fɐŋ13
訓		fɐŋ33
訓		fɐŋ13
運		ʋɐŋ22
韻		ʋɐŋ13
暈	日暈	ʋɐŋ22
暈	頭暈	ʋɐŋ22
糞		fɐŋ33
奮		fɐŋ13
拚		pʰuŋ33
問		mɐŋ22
紊		mɐŋ22
郡		kʷɐŋ22
郡		kʷɐŋ33
屈	文讀	ʋɐk5
屈	白讀：使彎曲	kʰʷɐk5
鬱		ʋɐk5
弗		fɐk5
弗		fɐk2
佛	佛教	fɐk2
佛	仿佛	fɐk5
物		mɐk2
勿		mɐk2
拂		fɐk2
彿		fɐk5
掘		kʷɐk2
倔		kʷɐk2
崛		kʷɐk2
端		tiŋ55
單	單純	taŋ55
單	單姓	siŋ22
殫		taŋ55
丹		taŋ55
湍		tʰɐŋ55
嘆		tʰaŋ33
攤		tʰaŋ55
灘		tʰaŋ55
團		tʰiŋ22
壇		tʰaŋ22
檀		tʰaŋ22
彈	彈劾；彈琴	tʰaŋ22
彈	彈丸；子彈	taŋ22
但		taŋ22
難	困難	naŋ22
闌		laŋ22
巒		liŋ22
蘭		laŋ22
瀾		laŋ22
攔		laŋ22
欄		laŋ22
欄	口語變調：豬欄（豬圈）	laŋ55
鑽		ʦiŋ33
餐		ʦʰaŋ55
殘		ʦʰaŋ22
跚		saŋ55
酸		ɬiŋ55
酸		siŋ55
珊		saŋ55
痠		ɬiŋ55
痠		siŋ55
姍		saŋ55
棺		kuŋ55
奸		kaŋ55
肝		kɔŋ55
竿		kɔŋ55
觀	參觀	kuŋ55
觀	道觀	kuŋ33
冠	衣冠	kuŋ55
冠	冠軍	kuŋ33
官		kuŋ55
貫		kuŋ33
倌		kuŋ55
乾	乾燥	kɔŋ55
乾	乾坤	kʰiŋ22
幹		kɔŋ55
刊		hɔŋ13
寬		fuŋ55
看	看守	hɔŋ55
看	看待	hɔŋ33
歡		fuŋ55
鼾		hɔŋ22
汗	流汗	hɔŋ22
汗	可汗	hɔŋ22
桓		ʋuŋ22
翰		hɔŋ33
翰		hɔŋ22
院		jiŋ22
寒		hɔŋ22
完		jiŋ22
韓		hɔŋ22
丸		jiŋ22
安		ɔŋ55
般	一般	puŋ55
般	般若	pɔ55
般	般樂；般桓：徘徊、流連不進	pʰuŋ22
蹣		pʰuŋ22
盤		pʰuŋ22
饅		maŋ22
蔓	藤蔓	maŋ22
蔓	蔓菁	maŋ22
鰻		maŋ22
瞞		muŋ22
曼		maŋ22
拌		puŋ33
拌		puŋ22
潘		pʰuŋ55
斷	恩斷義絕；斷斷續續	tʰiŋ13
斷	［白］；判斷	tiŋ22
短		tiŋ25
坦		tʰaŋ25
瘓		ʋuŋ22
誕		taŋ33
袒		tʰaŋ25
緞		tiŋ22
暖		niŋ13
懶		laŋ13
卵	卵子	liŋ13
卵	卵脬：「陰囊」	lɐm55
散	散文	ɬaŋ25
散	散文	saŋ25
散	散步	ɬaŋ33
散	散步	saŋ33
算		ɬiŋ33
算		siŋ33
傘		ɬaŋ25
傘		saŋ25
管		kuŋ25
稈		kɔŋ25
侃		hɔŋ25
款		fuŋ25
棵		kʰɔ55
棵	訓讀	pʰɔ55
浣		ʋuŋ13
旱		hɔŋ13
緩		ʋuŋ22
粄		paŋ25
伴		puŋ22
滿		muŋ13
旦	元旦	taŋ33
鍛		tiŋ22
歎		tʰaŋ33
炭		tʰaŋ33
憚		taŋ22
段		tiŋ22
亂		liŋ22
爛		laŋ22
讚		ʦaŋ33
贊		ʦaŋ33
璨		ʦʰaŋ33
燦		ʦʰaŋ33
竄		ʦʰiŋ33
蒜		ɬiŋ33
蒜		siŋ33
鸛		kuŋ33
杆		kɔŋ55
罐		kuŋ33
館		kuŋ25
灌		kuŋ33
幹		kɔŋ33
岸		ŋɔŋ22
玩	玩弄	ʋaŋ25
奐		ʋuŋ22
喚		ʋuŋ22
漢		hɔŋ33
煥		ʋuŋ22
換		ʋuŋ22
悍		hɔŋ13
瀚		hɔŋ22
瀚		hɔŋ33
案		ɔŋ33
按		ɔŋ33
腕		ʋuŋ25
惋		ʋuŋ25
晏		aŋ33
半		puŋ33
絆		puŋ22
絆		puŋ33
叛		pʰuŋ33
畔		pʰuŋ33
漫		maŋ22
幔		maŋ22
判		pʰuŋ33
胖	肥胖	pʰuŋ33
胖	心廣體胖	pʰuŋ22
達		tak2
奪		tik2
脫		tʰik3
捺		nak2
撮		ʦʰik3
薩		ɬak3
薩		sak3
聒		kʰuk3
割		kɔk3
活		ʋuk2
括		kʰuk3
葛		kɔk3
闊		fuk3
渴		hɔk3
豁		kʰuk3
褐		hɔk3
遏		ak3
撥	撥號	puk3
撥	撥涼	pʰuk3
跋		pɐk2
末		muk2
抹	塗抹；抹茶	muk2
抹	抹檯；抹布	mak3
源		jiŋ22
元		jiŋ22
阮		jiŋ13
阮		jiŋ25
原		jiŋ22
言		jiŋ22
掀		hiŋ55
軒		hiŋ55
喧		hiŋ55
喧		ɬiŋ55
暄		hiŋ55
暄		ɬiŋ55
鴛		jiŋ55
焉	焉知非福	jiŋ55
焉	心不在焉	jiŋ55
冤		jiŋ55
怨		jiŋ33
宛	宛然	ʋuŋ25
宛	大宛	jiŋ55
蜿		ʋuŋ25
園		jiŋ22
援		ʋuŋ22
轅		jiŋ22
猿		jiŋ22
袁		jiŋ22
垣		ʋuŋ22
藩		faŋ55
藩		faŋ22
樊		faŋ22
繁		faŋ22
蟠		pʰuŋ22
番		faŋ55
蕃	蕃盛	faŋ22
蕃	吐蕃	faŋ55
煩		faŋ22
反		faŋ25
翻	文讀	faŋ55
翻	白讀	fiɛŋ55
翻	白讀：翻動。翻書。	pʰiɛŋ55
堰		jiŋ33
苑		jiŋ25
鼴		jiŋ25
婉		ʋuŋ25
婉		jiŋ25
遠	遠方	jiŋ13
阪		paŋ25
返		faŋ25
飯		faŋ22
挽	挽救	ʋaŋ13
挽	冇得挽「沒有挽救的餘地」	maŋ55
輓		ʋaŋ13
晚		maŋ13
圈	圓圈	hiŋ55
建		kiŋ33
券		kiŋ33
勸		hiŋ33
願		jiŋ22
憲		hiŋ33
販		faŋ33
萬		maŋ22
健		kiŋ22
健		kiŋ33
撅		kʰik3
蕨		kʰik3
闕		kʰik3
月		ȵik2
月		jik2
歇		hik3
粵		jik2
曰		jik2
曰		jɔk3
越		jik2
髮		fak3
發		fak3
罰		fak2
罰		fɐk2
拔		pak2
拔		pɐk2
筏		fak2
伐		fak2
襪		mɐk2
竭		kʰik3
訕		saŋ33
刪		saŋ55
關		kʷaŋ55
姦		kaŋ55
頑		ʋaŋ22
顏		ŋaŋ22
環		ʋaŋ22
寰		ʋaŋ22
鬟		ʋaŋ22
還		ʋaŋ22
灣		ʋaŋ55
彎		ʋaŋ55
斑		paŋ55
班		paŋ55
蠻		maŋ22
攀		pʰaŋ55
撰		ʦaŋ22
板		paŋ25
版		paŋ25
柵	木柵；柵欄	ʦʰak3
柵	柵極；光柵	saŋ55
慣		kʷaŋ33
澗		kaŋ33
諫		kaŋ25
串		ʦʰiŋ33
雁		ŋaŋ22
患		ʋaŋ22
慢		maŋ22
刷		sak3
刷		ʦʰak3
刮		kʷak3
瞎		hɐk2
舌		sik2
帕		pʰak3
斕		laŋ22
潺		saŋ22
山		saŋ55
閒		haŋ22
艱		kaŋ55
湲		ʋuŋ22
盞		ʦaŋ25
鏟		ʦʰaŋ25
棧		ʦaŋ25
產		ʦʰaŋ25
揀		kaŋ25
簡		kaŋ25
眼		ŋaŋ13
限		haŋ22
綻		ʦaŋ22
綻		ʦaŋ33
幻		ʋaŋ22
瓣		paŋ22
辦		paŋ22
盼		pʰaŋ33
劄		ʦak3
紮		ʦak3
紮		ʦak3
察		ʦʰak3
煞		sak3
嘎		kak3
楔		sik3
頡		kʰik3
黠		hɐk2
猾		ʋak2
揠		ak3
軋		ʦak3
捌		pak3
八		pak3
連		liŋ22
令	令狐	lɪŋ22
漣		liŋ22
煎		ʦiŋ55
遷		ʦʰiŋ55
詮		ʦʰiŋ22
拴		saŋ55
拴		ʦʰiŋ22
銓		ʦʰiŋ22
痊		ʦʰiŋ22
全		ʦʰiŋ22
錢		ʦʰiŋ22
泉		ʦʰiŋ22
鮮	鮮美	ɬiŋ55
鮮	鮮美	siŋ55
鮮	鮮有	ɬiŋ25
鮮	鮮有	siŋ25
仙		ɬiŋ55
仙		siŋ55
宣		ɬiŋ55
宣		siŋ55
旋		ɬiŋ22
旋		siŋ22
旋	髮旋	ʦiŋ22
專		ʦiŋ55
氈		ʦiŋ55
川		ʦʰiŋ55
穿		ʦʰiŋ55
蟬		sim22
禪	禪師	sim22
扇		siŋ33
煽		siŋ33
船		siŋ22
燃		jiŋ22
然		jiŋ22
嬛	便嬛	hiŋ55
嬛	美好；「孤獨」之意	kʰɪŋ22
嬛	嫏嬛	ʋaŋ22
娟		kiŋ55
筵		jiŋ22
鳶		jiŋ55
蜒		jiŋ22
捐		kiŋ55
鉛		jiŋ22
緣		jiŋ22
沿		jiŋ22
延		jiŋ22
鞭		piŋ55
便	便利；文讀：便利	piŋ22
便	大腹便便；白讀：便宜	pʰiɐŋ22
平	文讀	pʰɪŋ22
棉		miŋ22
綿		miŋ22
翩		pʰiŋ55
篇		pʰiŋ55
偏		pʰiŋ55
扁	扁平；文讀	piŋ25
扁	白讀	piɛŋ25
扁	一葉扁舟	pʰiŋ55
剪		ʦiŋ25
翦		ʦiŋ25
踐	實踐	ʦiŋ25
踐	踐踏	ʦiŋ22
雋	同「俊」字	ʦɐŋ33
雋	雋永	siŋ13
餞		ʦiŋ22
選		ɬiŋ25
選		siŋ25
蘚		ɬiŋ25
蘚		siŋ25
闡		sim22
舛		ʦʰiŋ25
喘		ʦʰiŋ25
善		siŋ22
善		sim22
軟		ȵiŋ13
軟		jiŋ13
遣		hiŋ25
衍		jiŋ25
演		jiŋ25
緬		miŋ13
戀		liŋ25
箭		ʦiŋ33
賤		ʦiŋ22
渲		ɬiŋ33
渲		siŋ33
線		ɬiŋ33
線		siŋ33
顫		ʦʰaŋ33
戰		ʦiŋ33
擅		siŋ22
繕		siŋ22
繕		sim22
絹		kiŋ55
譴		hiŋ25
面		miŋ22
劣		lik2
冽		lik2
烈		lik2
裂	文讀	lik2
裂	白讀	liɛk2
絕		ʦik2
雪		ɬik3
雪		sik3
薛		ɬik3
薛		sik3
浙		ʦik3
拙		ʦik3
設		sik3
熱		ȵik2
熱		jik2
悅		jik2
閱		jik2
滅		mik2
鏈		liŋ22
傳	傳播	ʦʰiŋ22
傳	自傳	ʦiŋ22
纏		ʦʰiŋ22
栓		ʦʰiŋ22
騫		hiŋ55
嫣		jiŋ55
圓		jiŋ22
捲		kiŋ25
虔		kʰiŋ22
蜷		kʰiŋ22
鍵		kiŋ33
權		kʰiŋ22
卷	試卷	kiŋ25
拳		kʰiŋ22
展		ʦiŋ25
輾	輾轉	ʦiŋ25
輾	輾穀；同“碾”，軋	ŋiɛŋ25
轉	轉變	ʦiŋ25
轉	自轉；車輪飛轉	ʦiŋ33
辨		piŋ22
辯		piŋ22
冕		miŋ13
免		miŋ13
勉		miŋ13
件		kiŋ22
碾	文讀	ʦiŋ25
碾	文讀	ŋiŋ25
碾	白讀	ŋiɛŋ25
眷		kiŋ33
這		ʦɛ25
諺		jiŋ22
彥		jiŋ22
變		piŋ33
汴		piŋ22
倦		kiŋ22
倦		kiŋ33
吶		nap2
哲		ʦik3
轍		ʦʰik3
撤		ʦʰik3
徹	文讀	ʦʰik3
徹	白讀，僅用於「凍～」一詞，表示物體溫度徹底冷卻	tʰiɛk3
澈		ʦʰik3
別		pik2
傑		kik2
傑		kik2
癲		tiŋ55
巔		tiŋ55
顛		tiŋ55
天		tʰiŋ55
闐		tʰiŋ22
田		tʰiŋ22
佃	佃作	tʰiŋ22
佃	佃農	tiŋ22
年		niŋ22
零	文讀	lɪŋ22
零	白讀	liɐŋ22
蓮		liŋ22
憐		liŋ22
淺		ʦʰiŋ25
箋		ʦiŋ55
濺	飛濺	ʦiŋ33
仟		ʦʰiŋ55
阡		ʦʰiŋ55
千		ʦʰiŋ55
前		ʦʰiŋ22
先		ɬiŋ55
先		siŋ55
肩		kiŋ55
堅		kiŋ55
涓		kiŋ55
鵑		kiŋ55
縴		hiŋ55
牽		hiŋ55
妍		jiŋ22
研		jiŋ22
眩		hiŋ22
縣		jiŋ22
縣	習讀音	jiŋ25
絃		hiŋ22
懸		hiŋ22
賢		hiŋ22
弦		hiŋ22
玄		hiŋ22
燕	燕子	jiŋ33
燕	燕國	jiŋ55
淵		jiŋ55
咽	咽喉	jiŋ55
咽	狼吞虎嚥	jiŋ33
咽	哽咽	jik3
煙	文讀	jiŋ55
煙	（罕見）白讀	ʔiŋ55
邊		piŋ55
蝙		piŋ55
編		pʰiŋ55
編		piŋ55
胼		pʰɪŋ22
眠		miŋ22
典		tiŋ25
腆		tʰiŋ25
靦	靦顏事仇	miŋ13
繭		kaŋ25
犬		hiŋ25
顯		him25
顯		hiŋ25
宴		jiŋ33
匾	文讀	piŋ25
匾	白讀	piɛŋ25
辮		piŋ55
唸	呻吟	nim22
奠		tiŋ22
電		tiŋ22
殿		tiŋ22
甸		tiŋ22
澱		tiŋ22
練		liŋ22
鍊		liŋ22
薦		ʦiŋ33
倩		siŋ22
倩		sim22
薦		ʦiŋ33
見	看見	kiŋ33
見	發見	jiŋ22
硯		jiŋ22
絢		hiŋ33
炫		hiŋ22
現		jiŋ22
嚥		jiŋ33
遍		pʰiŋ33
麵		miŋ22
片	文讀	pʰiŋ33
片	白讀：瓦片	pʰiɛŋ25
鐵		tʰik3
跌		tik3
迭		tik2
捏		nip2
捏	訓讀	nɐk5
捏	訓讀	niɐk5
節		ʦik3
癤		ʦik3
竊		ʦʰik3
沏		ʦʰɐi33
截		ʦik2
訣		kʰik3
桔	桔梗	kɐk5
結		kik3
鍥		kʰik3
抉		kʰik3
潔		kik3
缺		kʰik3
決		kʰik3
血		hik3
頁		jip2
穴		jɪk2
噎		jik3
噎	打噎	ɪk2
癟	文讀	pik2
癟	白讀；腍～～：軟爛貌	piɛk2
篾		mik2
蔑		mik2
瞥		pʰik3
刀		tou55
滔		tʰou55
絛		tʰou55
叨	叨擾	tou55
綢		ʦʰɐu22
掏		tʰou22
逃		tʰou22
桃		tʰou22
啕		tʰou22
濤		tʰou22
萄		tʰou22
撈	撈亂	lou55
撈	打撈	lau55
牢		lou22
勞	勤勞	lou22
糟		ʦou55
槽		ʦʰou22
遭		ʦou55
操	早操	ʦʰou55
操	操行	ʦʰou55
嘈		ʦʰou22
曹		ʦʰou22
搔		ɬou55
搔		sou55
騷		ɬou55
騷		sou55
膏		kou55
高		kou55
羔		kou55
篙		kou55
咎		kɐu33
熬		ŋou22
翱		ŋou22
遨		ŋou22
敖		ŋou22
螯		ŋou22
撓	不屈不撓	nau22
撓	白讀：撓癢	ŋiau55
撓	白讀：撓癢	ŋiɐu55
蒿	文讀	hou55
蒿	或爲借字；塘～：茼蒿	ou55
號	哀號	hou22
豪		hou22
毫		hou22
褒		pou55
袍		pʰou22
毛		mou22
毛	指小，細毛	mou55
髦		mou55
髦		mou22
擣		tou25
島		tou25
倒		tou25
倒		tou33
倒	訓讀；①傾倒（液體）②打～：打翻（液體）	tʰiau25
倒	訓讀；①傾倒（液體）②打～：打翻（液體）	tʰiɐu25
禱		tou25
套		tʰou33
討		tʰou25
道		tou22
稻		tou22
腦		nou13
惱		nou13
潦	流潦	liu22
老		lou13
棗		ʦou25
藻		ʦou25
蚤		ʦou25
早		ʦou25
澡		ʦou25
草		ʦʰou25
造	製造	ʦou22
掃		ɬou33
掃		sou33
燥		ʦʰou33
嫂		ɬou25
嫂		sou25
考		hau25
好	友好	hou25
好	好客	hou33
浩		hou22
襖		ou33
燠		jʊk5
懊		ou33
寶		pou25
堡		pou25
保		pou25
葆		pou25
褓		pou25
抱		pʰou13
到		tou33
悼		tou22
蹈		tou22
導		tou22
盜		tou22
躁		ʦʰou33
糙		ʦʰou33
噪		ʦʰou33
告	報告	kou33
靠		kʰau33
傲		ŋou22
奧		ou33
澳		ou33
報		pou33
暴	兇暴	pou22
暴	一暴十寒	pou22
曝		pou22
瀑		pou22
帽		mou22
冒	冒犯	mou22
嘲		ʦau55
啁		ʦɐu55
嘮		lou22
抓		ʦa55
抓		ȵa55
抓		ja55
鈔		ʦʰau55
抄		ʦʰau55
巢		ʦʰau22
梢		sau55
交		kau55
蛟		kau55
教	讓	kau33
教	教室	kau33
咬		ŋau13
郊		kau55
膠	文讀	kau55
膠	白讀：糖膠	kiɐu55
膠	訓讀：表示某物黏在某處	kiɐu22
跤		kau55
敲		hau55
哮		hau55
餚		ŋau22
淆		ŋau22
肴		ŋau22
胞		pau55
苞		pau55
包		pau55
跑		pʰau25
炮	炮彈	pʰau33
炮	炮製	pʰau22
咆		pʰau22
茅		mau22
泡	浸泡	pʰau33
泡	燈泡；燈泡；泡沫	pʰau55
拋		pʰau55
爪	文讀	ʦau25
爪	白讀	ȵau25
爪	白讀	jau25
炒		ʦʰau25
攪		kau25
絞		kau25
狡		kau25
巧		hau25
巧	白讀	kʰiu25
飽		pau25
鮑	鮑魚	pau55
卯		mau13
鬧		nau22
鬧	或借自遂城黎話，表示：①人多貌；②生意興隆貌	lau33
罩		ʦau33
濯		ʦɔk2
縐		ʦɐu33
稍		sau25
覺	睡覺	kau33
覺	睡覺	kiau33
覺	直覺	kʰɔk3
較		kau33
酵		hau55
窖		kau33
樂	快樂	lɔk2
樂	音樂	ŋɔk2
樂	仁者樂山；知者樂水，仁者樂山。	ŋau22
孝		hau33
校	學校	hau22
校	校對	kau33
效		hau22
豹		pʰau33
爆	爆裂	pau33
爆	爆發	pou22
貌		mau22
皰		pʰau33
燎		liu22
蕉		ʦiu55
焦		ʦiu55
椒		ʦiu55
憔		ʦʰiu22
樵		ʦʰiu22
消		ɬiu55
消		siu55
宵		ɬiu55
宵		siu55
逍		ɬiu55
逍		siu55
哨		sau33
霄		ɬiu55
霄		siu55
銷		ɬiu55
銷		siu55
硝		ɬiu55
硝		siu55
昭		ʦʰiu55
招		ʦiu55
韶		siu22
燒		siu55
饒		jiu22
蟯		jiu22
蹺		hiu55
蹺	蹺蹺板	kʰiu33
要	要求	jiu55
要	要點	jiu33
腰		jiu55
遙		jiu22
瑤		jiu22
搖		jiu22
陶	皋陶，古人名	tʰou22
陶	陶瓷；皋陶	jiu22
謠		jiu22
窯		jiu22
姚		jiu22
飆		piu55
標		piu55
瓢		pʰiu22
飄		pʰiu55
漂	漂泊	pʰiu55
漂	漂亮	pʰiu33
瞟		pʰiu13
瞟		pʰiu22
翹	翹首；翹首；連翹，中藥名	kʰiu22
翹	翹起；白讀	hiu55
翹	翹舌	kʰiu25
悄		ʦʰiu55
悄	悄無聲息	ʦʰiu25
小		ɬiu25
小		siu25
沼		ʦiu25
紹		siu22
少	多少	siu25
少	年少	siu33
擾		jiu25
繞		jiu25
眇		miu13
渺		miu13
吵		ʦʰau25
秒		miu25
療		liu22
峭		ʦʰiu33
俏		ʦʰiu33
肖	生肖	ɬiu55
肖	生肖	siu55
肖	肖像	ʦʰiu33
笑		ɬiu33
笑		siu33
照		ʦiu33
劭		siu22
邵		siu22
約		jok3
曜		jiu22
耀		jiu22
妙		miu22
朝	朝夕	ʦiu55
朝	朝廷	ʦʰiu22
超		ʦʰiu55
潮		ʦʰiu22
晁		ʦʰiu22
驕		kiu55
喬		kʰiu22
嬌		kiu55
囂		hiu55
妖		jiu55
夭		jiu55
鑣		piu55
描		miu22
苗		miu22
貓		miɐu55
橋		kʰiu22
轎		kʰiu22
僑		kʰiu22
趙		ʦiu22
兆		ʦiu22
矯		kiu25
表		piu25
召	召喚	ʦiu22
召	召南；姓氏	siu22
廟		miu22
刁		tiu55
雕		tiu55
凋		tiu55
貂		tiu55
鵰		tiu55
挑	挑水	tʰiu55
挑	挑達	tʰiu55
跳		tʰiu33
跳	白讀；跳魚，即彈塗魚	tʰiau22
跳	白讀；跳魚，即彈塗魚	tʰiɐu22
調	調味	tʰiu22
調	調動	tiu22
迢		tʰiu22
條		tʰiu22
聊		liu22
撩		liu22
嘹		liu22
瞭	瞭望	liu22
瞭	明瞭	liu13
遼		liu22
料		liu22
繚		liu22
寥		liu22
僚		liu22
廖		liu22
寮		liu22
蕭		ɬiu55
蕭		siu55
艘		ɬɐu25
艘		sɐu25
簫		ɬiu55
簫		siu55
驍		hiu55
澆		kiu55
邀		jiu55
堯		jiu22
僥	僬僥，短人，西南夷別名	jiu22
僥	僥倖	hiu25
鳥		niu13
掉	文讀	tiu22
掉	白讀：眼睏～嗲（眼睏極了）	tiau33
掉	白讀：眼睏～嗲（眼睏極了）	tiɐu33
窕		tʰiu22
窕		tʰiu13
了		liu13
繳		kiu25
皎		kau25
曉		hiu25
杳		miu13
窈		jiu25
弔		tiu33
釣		tiu33
眺		tʰiu33
尿	文讀	niu22
尿	白讀	niau22
尿	白讀	niɐu22
嘯		ɬiu55
嘯		siu55
激		kɪk5
叫		kiu33
竅		kʰiu33
多		tɔ55
他		tʰa55
它		tʰa55
跎		tʰɔ22
陀		tʰɔ22
佗		tʰɔ22
沱		tʰɔ22
駝		tʰɔ22
馱		tʰɔ22
挪		nɔ22
那	那個；訓讀：指示代詞【那個】	nu55
那	地名	nɔ22
那	那姓；姓氏	na22
囉	囉嗦	lɔ55
囉	嘍囉	lɔ22
蘿		lɔ22
羅		lɔ22
儸		lɔ22
騾		lɔ22
籮		lɔ22
鑼		lɔ22
螺	文讀	lɔ22
螺	白讀	lɛ22
蹉		ʦʰɔ55
磋		ʦʰɔ55
搓		ʦʰɔ55
搓	用力揉	ʦʰai55
獻		hiŋ33
娑		ɬɔ55
娑		sɔ55
莎	莎草	sa55
梭		ɬɔ55
梭		sɔ55
柯		kʰɔ55
過		kɔ33
渦	漩渦	ʋɔ55
哥		kɔ55
鍋		ʋɔ55
歌		kɔ55
戈		kɔ55
戕		ʦʰioŋ22
迦		ka55
軻		kʰɔ55
課		fɔ33
蝌		fɔ55
稞		fɔ55
科		fɔ55
訛		ŋɔ22
峨		ŋɔ22
蛾		ŋɔ22
哦	吟哦；語氣助詞	ɔ22
俄		ŋɔ22
鵝		ŋɔ55
娥		ŋɔ22
呵		hɔ55
靴		hɛ55
何		hɔ22
蚵		hɔ22
苛		ɔ55
荷	荷花	hɔ22
荷	負荷	hɔ22
和	和諧	ʋɔ22
和	唱和	ʋɔ22
河		hɔ22
禾		ʋɔ22
阿	阿諛奉承	ɔ55
阿	阿伯	a33
波		pɔ55
婆		pʰɔ22
摩		mɔ55
魔		mɔ55
磨		mɔ22
磨		mɔ22
坡		pʰɔ55
頗		pʰɔ55
頗		pʰɔ25
玻		pɔ55
伽	伽藍	kʰɛ22
伽	瑜伽	ka55
茄	茄瓜	kʰɛ22
茄	雪茄	ka55
枷		ka55
朵		tɔ25
妥		tʰɔ13
橢		tʰɔ13
惰		tɔ22
舵		tʰɔ22
娜	婀娜	nɔ22
娜	安娜	na22
裸		lɔ25
左		ʦɔ25
坐	文讀	ʦɔ22
坐	白讀	ʦʰɔ13
瑣		ɬɔ25
瑣		sɔ25
鎖		ɬɔ25
鎖		sɔ25
粿		kɔ25
裹		kɔ25
果		kɔ25
可	可以	hɔ25
可	可汗	hɔ25
坷		hɔ25
顆		kʰɔ55
我		ŋɔ13
火		fɔ25
禍		ʋɔ13
跛	跛行	pʰɔ25
跛	跛行	pɔ25
跛	跛咗；跛腳	pɐi55
簸		pɔk3
簸		pɔ3
爸		pa55
麼		mɔ55
拖		tʰɔ55
唾		tʰɔ33
邏		lɔ22
挫		ʦʰɔ33
佐		ʦɔ25
座		ʦɔ22
個		kɔ33
餓		ŋɔ22
臥		ŋɔ22
貨		fɔ33
賀		hɔ22
播		pɔ33
縛	綁	fɔk2
縛	束縛	pɔk3
破		pʰɔ33
些		ɬɛ55
些		sɛ55
爹		tɛ55
茶		ʦʰa22
渣		ʦa55
槎		ʦʰa22
鯊		sa55
砂		sa55
紗		sa55
沙		sa55
遮		ʦɛ55
奢	文讀	ʦʰɛ55
若	假若	jok2
若	假若	ȵok2
若	般若	ȵɛ13
若	般若	jɛ13
加		ka55
瓜		kʷa55
嘉		ka55
家	家人	ka55
家	曹大家；古通“姑”	ku55
跨		kʰʷa33
跨		kʰʷa55
誇		kʰʷa55
誇		kʰʷa55
芽		ŋa22
呀		a55
牙		ŋa22
枒		ŋa22
譁		ʋa55
花		fa55
遐		ha22
樺		ʋa22
劃	划船	ʋak2
劃	划算	ʋak2
瑕		ha22
蝦	蝦仁	ha55
蝦	蝦蟆	ha55
霞		ha22
華	中華	ʋa22
華	華山	ʋa22
華	春華秋實	ʋa22
鴉		ja55
椏		a55
椏	訓讀，表示「樹芽」	ŋɛ55
窪		ʋa55
丫		ja55
斜	文讀	ʦʰɛ22
斜	白讀：冧斜	ʦʰɛ33
椰		jɛ22
邪		ʦʰɛ22
耶		jɛ22
巴		pa55
笆		pa55
芭		pa55
杷		pʰa22
琶		pʰa22
爬		pʰa22
麻		ma22
蟆		ma22
痲		ma22
吧	酒吧；網吧	pa55
吧	語助詞；語氣助詞，同【叭】	pʰa55
姐	姐妹	ʦɛ25
姐	口語/稱謂	ʦɛ55
瀉		ɬɛ33
瀉		sɛ33
寫		ɬɛ25
寫		sɛ25
奼		ʦʰa33
傻		sɔ22
者		ʦɛ25
社		sɛ13
捨		sɛ25
舍	宿舍	sɛ33
舍	舍生取義	sɛ25
惹		ȵɛ13
惹		jɛ13
寡		kʷa25
假	假如	ka25
假	放假；假期	ka33
假	放假；假期	ka25
雅		ŋa13
瓦		ŋa13
夏		ha22
廈		ha22
下	下麵	ha22
下	打一下	ha13
啞	聾啞	a25
啞	嘔啞；啞啞，鳥聲。	a55
冶		jɛ13
也		ja13
把		pa25
罵		ma22
碼		ma13
馬		ma13
借		ʦɛ33
藉		ʦɪk2
卸		ɬɛ33
卸		sɛ33
榭	香榭麗捨	ʦɛ22
謝		ʦɛ22
吒	哪吒	ʦa55
吒	叱吒	ʦʰak3
詫		ʦʰa33
詐		ʦa33
榨		ʦa33
乍		ʦa33
蔗		ʦɛ33
炙		ʦɪk5
斥		ʦʰɪk5
赦		sɛ33
價		ka33
嫁		ka33
駕		ka33
架		ka33
訝		a33
嚇		hak3
唬		fu25
化		fa33
暇		ha22
亞		a33
夜		jɛ22
射	發射；文讀	sɛ22
射	白讀	fɛ22
射	無射	jɪk2
射	僕射	jɛ22
霸		pa33
靶		pa25
怕		pʰa33
檔	大排檔	tɔŋ33
檔	檔案	tɔŋ25
當	當然	tɔŋ55
當	適當；當鋪	tɔŋ33
鐺	鐺鐺；鈴鐺	tɔŋ55
鐺	瓦鐺	ʦʰaŋ55
盪		tɔŋ22
糖		tʰɔŋ22
棠		tʰɔŋ22
塘		tʰɔŋ22
唐		tʰɔŋ22
螳		tʰɔŋ22
堂		tʰɔŋ22
囊		nɔŋ22
瑯		lɔŋ22
琅		lɔŋ22
榔		lɔŋ22
郎		lɔŋ22
浪	波浪	lɔŋ22
浪	滄浪	lɔŋ22
廊		lɔŋ22
狼		lɔŋ22
贓		ʦɔŋ55
滄		ʦʰɔŋ55
蒼		ʦʰɔŋ55
倉		ʦʰɔŋ55
藏	收藏	ʦʰɔŋ22
藏	寶藏	ʦɔŋ22
桑		ɬɔŋ55
桑		sɔŋ55
喪	喪事	ɬɔŋ55
喪	喪事	sɔŋ55
喪	喪失	ɬɔŋ33
喪	喪失	sɔŋ33
亢	人的喉嚨	kʰɔŋ33
剛		kɔŋ55
胱		kɔŋ55
崗		kɔŋ55
光		kɔŋ55
恍		fɔŋ25
岡		kɔŋ55
橫		ʋaŋ22
綱		kɔŋ55
鋼		kɔŋ33
康		hɔŋ55
昂		ŋɔŋ22
炕		kʰɔŋ33
荒		fɔŋ55
杭		hɔŋ22
凰		ʋɔŋ22
航		hɔŋ22
惶		ʋɔŋ22
徨		ʋɔŋ22
簧		ʋɔŋ22
行	銀行；行業	hɔŋ22
行	步行；品行	hɐŋ22
行	行路；行走	haŋ22
抗		kʰɔŋ33
吭	引吭高歌	hɔŋ22
吭	吭聲	hɐŋ55
潢		ʋɔŋ22
皇		ʋɔŋ22
黃		ʋɔŋ22
煌		ʋɔŋ22
汪		ʋɔŋ55
幫		pɔŋ55
膀	膀胱	pʰɔŋ22
膀	肩膀	pɔŋ25
旁		pʰɔŋ22
彷	仿佛	fɔŋ25
彷	彷徨	pʰɔŋ22
螃		pʰɔŋ22
傍	仿佛；傍身	pɔŋ22
傍	彷徨	pʰɔŋ22
忙		mɔŋ22
茫	茫茫人海	mɔŋ22
磅	磅礴	pʰɔŋ22
磅	一磅	pɔŋ22
滂		pʰɔŋ22
黨		tɔŋ25
蕩		tɔŋ22
朗		lɔŋ13
髒		ʦɔŋ55
奘		ʦɔŋ22
廣		kɔŋ25
慷		hɔŋ55
慌		fɔŋ55
骯		ɔŋ55
晃		fɔŋ25
映		jɪŋ25
盎		ɔŋ33
蟒		mɔŋ13
擋	摒擋	tɔŋ25
宕		tɔŋ22
葬		ʦɔŋ33
曠		kʰɔŋ33
擴		kʰɔŋ33
徬		pʰɔŋ22
魄	魂魄	pʰak3
託		tʰɔk3
拓	開拓	tʰɔk3
拓	拓本	tʰap3
踱		tɔk2
諾		nɔk3
酪	乳酪	lɔk3
洛		lɔk3
絡		lɔk3
落	落下	lɔk2
駱		lɔk3
昨		ʦɔk2
索		ɬɔk3
索		sɔk3
格		kak3
閣		kɔk3
胳		kak3
各		kɔk3
郭		kɔk3
廓		kʰɔk3
噩		ɔk3
愕		ŋɔk2
顎		ŋɔk2
壑		hɔk3
霍		kʰɔk3
郝		kʰɔk3
穫		ʋɔk2
涸		kʰɔk3
鶴		hɔk2
堊		ɔk3
博		pɔk3
薄		pɔk2
泊	停泊	pɔk2
泊	湖泊	pʰak3
泊	俗讀：泊車【停車】	pʰau55
箔		pɔk2
礴		pɔk2
莫		mɔk2
寞		mɔk2
漠		mɔk2
幕		mɔk2
粕		pʰɔk3
粕		pʰak3
膊		pɔk3
娘	文讀	nioŋ22
娘	白讀	nioŋ55
糧		lioŋ22
量	測量	lioŋ22
量	重量	lioŋ22
蜋		lɔŋ22
粱		lioŋ22
良		lioŋ22
涼		lioŋ22
梁		lioŋ22
蔣		ʦioŋ25
將	將來	ʦioŋ55
將	將領	ʦioŋ33
漿		ʦioŋ55
搶		ʦʰioŋ25
鏘		ʦʰioŋ55
槍		ʦʰioŋ55
牆		ʦʰioŋ22
薔		ʦʰioŋ22
襄		ɬioŋ55
襄		sioŋ55
湘		ɬioŋ55
湘		sioŋ55
相	互相	ɬioŋ55
相	互相	sioŋ55
相	相貌	ɬioŋ33
相	相貌	sioŋ33
廂		ɬioŋ55
廂		sioŋ55
箱		ɬioŋ55
箱		sioŋ55
翔		ʦʰioŋ22
祥		ʦʰioŋ22
張		ʦioŋ55
漲		ʦioŋ33
漲		ʦioŋ25
長	長久	ʦʰioŋ22
長	長大	ʦioŋ25
腸		ʦʰioŋ22
場		ʦʰioŋ22
妝		ʦɔŋ55
莊		ʦɔŋ55
裝		ʦɔŋ55
創	創傷	ʦʰɔŋ33
創	創造	ʦʰɔŋ33
瘡		ʦʰɔŋ55
床		ʦʰɔŋ22
霜		sioŋ55
霜		sɔŋ55
障		ʦioŋ33
璋		ʦioŋ55
樟		ʦioŋ55
章		ʦioŋ55
漳		ʦioŋ55
彰		ʦioŋ55
猖		ʦʰioŋ55
倡	倡優	ʦʰioŋ55
倡		ʦʰioŋ55
昌		ʦʰioŋ55
菖		ʦʰioŋ55
嘗		sioŋ22
常		sioŋ22
償		sioŋ22
徜		sioŋ22
尚		sioŋ22
裳		sioŋ22
商		sioŋ55
傷		sioŋ55
湯		tʰɔŋ55
攘	攘除	ȵioŋ13
鑲		ɬioŋ55
鑲		sioŋ55
疆		kioŋ55
薑		kioŋ55
韁		kioŋ55
僵		kioŋ55
薑		kioŋ55
框		kʰʷaŋ55
筐		kʰʷaŋ55
羌		kioŋ55
眶		kʰʷaŋ55
鄉		hioŋ55
香		hioŋ55
鴦		joŋ55
央		joŋ55
殃		joŋ55
秧		joŋ55
王	國王	ʋɔŋ22
王	王天下	ʋɔŋ22
揚		joŋ22
詳		ʦʰioŋ22
洋		joŋ22
羊		joŋ22
陽		joŋ22
烊		joŋ22
徉		joŋ22
楊		joŋ22
瘍		joŋ22
肪		fɔŋ55
方		fɔŋ55
防		fɔŋ22
房		fɔŋ22
坊	街坊	fɔŋ55
坊	堤坊；防範、防止，通「防」	fɔŋ22
亡		mɔŋ22
望		mɔŋ22
芒	光芒	mɔŋ22
芒	芒果	mɔŋ55
妨		fɔŋ22
芳		fɔŋ55
強	強壯	kʰioŋ22
強	勉強	kʰioŋ13
狂		kʰɔŋ22
兩	兩個	lioŋ13
兩	十兩	lioŋ25
獎		ʦioŋ25
槳		ʦioŋ25
想		ɬioŋ25
想		sioŋ25
橡		ʦioŋ22
像		ʦioŋ22
象		ʦioŋ22
仗	仗義	ʦioŋ22
仗	打仗	ʦioŋ33
杖		ʦioŋ22
丈	文讀	ʦioŋ22
丈	白讀，用於親屬稱謂	ʦʰioŋ13
愴		ʦʰɔŋ33
爽		sɔŋ25
掌		ʦioŋ25
敞		ʦʰɔŋ25
廠		ʦʰɔŋ25
上	上課	sioŋ13
上	上面	sioŋ22
賞		sioŋ25
壤	土壤	ȵioŋ22
壤	土壤	joŋ22
逛		kʷaŋ22
繈		kʰioŋ22
獷		kɔŋ25
仰		joŋ13
嚮		hioŋ33
響		hioŋ25
饗		hioŋ25
枉		ʋɔŋ25
往		ʋɔŋ13
癢		joŋ13
養		joŋ13
放		fɔŋ33
惘		mɔŋ13
網		mɔŋ13
仿		fɔŋ25
紡		fɔŋ25
釀		nioŋ22
亮		lioŋ22
掠		liok2
諒		lioŋ22
醬		ʦioŋ33
匠		ʦioŋ33
帳		ʦioŋ33
脹		ʦioŋ33
悵		ʦʰioŋ33
暢		ʦʰioŋ33
壯		ʦɔŋ33
狀		ʦɔŋ22
唱		ʦʰioŋ33
向		hioŋ33
讓		ȵioŋ22
讓		joŋ22
況		kʰɔŋ33
旺		ʋɔŋ22
漾		joŋ22
妄		mɔŋ13
忘		mɔŋ22
訪		fɔŋ25
略		liok2
雀		ʦiok3
雀		ʦʰiok3
爵		ʦiok3
鵲		ʦiok3
嚼		ʦiok3
嚼	白讀	ʦiau22
嚼	白讀	ʦiɐu22
嚼	訓讀：咀嚼	ȵai33
削		ɬiok3
削		siok3
酌		ʦiok3
灼		ʦiok3
勺		ʦiok3
綽		ʦʰiok3
爍		siok3
溺	溺死	nɪk2
溺	便溺	niu22
箬		jok2
弱		niok2
腳		kiok3
卻		kʰiok3
瘧		niok2
虐		niok2
謔		niok2
躍		jok2
藥		jok2
鑰		jok2
獰		nɪŋ22
趟		tʰɔŋ33
瞠		ʦʰaŋ55
盯		tɪŋ55
澄		ʦʰɪŋ22
鎗		ʦʰioŋ55
崢		ʦɐŋ55
牲		sɐŋ55
笙		sɐŋ55
猩		ɬɪŋ55
猩		sɪŋ55
甥		saŋ55
生	生活	sɐŋ55
生	先生	saŋ55
羹		kɐŋ55
羹	匙羹	kɪŋ55
更	更改	kɐŋ55
更	三更半夜	kaŋ55
更	更加	kɐŋ33
埂		kɐŋ25
庚		kɐŋ55
京		kɪŋ55
驚	文讀	kɪŋ55
驚	白讀	kiɐŋ55
荊		kɪŋ55
坑		haŋ55
坑		hɐŋ55
卿		hɪŋ55
迎		jɪŋ22
亨		hɐŋ55
兄		hɪŋ55
衡		hɐŋ22
瑛		jɪŋ55
英		jɪŋ55
瑩		jɪŋ22
榮		ʋɪŋ22
榮		jʊŋ22
嶸		ʋɪŋ22
嶸		jʊŋ22
兵		pɪŋ55
棚		pʰaŋ22
榜		pɔŋ25
膨		pʰaŋ22
澎		pʰaŋ22
彭		pʰaŋ22
評		pʰɪŋ22
坪		pʰɪŋ22
盲		maŋ22
鳴		mɪŋ22
盟		mɐŋ22
明		mɪŋ22
擎		kʰɪŋ22
鯨		kʰɪŋ22
檸		nɪŋ22
打		ta25
打	量詞	ta55
省	反省；文讀：反省	ɬɪŋ25
省	反省；文讀：反省	sɪŋ25
省	白讀：反省	ɬiɐŋ25
省	白讀：反省	siɐŋ25
省	廣東省	saŋ25
哽		kɐŋ25
礦		kʰɔŋ33
梗		kɐŋ25
境		kɪŋ25
警		kɪŋ25
憬		kɪŋ25
景		kɪŋ25
杏		hɐŋ22
影		jɪŋ25
永		ʋɪŋ13
炳		pɪŋ25
秉		pɪŋ25
丙		pɪŋ25
猛		maŋ13
蜢		maŋ13
艋		maŋ13
皿		mɐŋ13
敬		kɪŋ33
鏡		kiɐŋ33
竟		kɪŋ25
慶		hɪŋ33
詠		ʋɪŋ13
泳		ʋɪŋ13
柄	文讀	pɪŋ33
柄	白讀	piɐŋ33
病		piɐŋ22
孟		mɐŋ13
命	文讀：生命	mɪŋ22
命	白讀：攞命	miɐŋ22
競		kɪŋ22
坼		ʦʰak3
宅		ʦak2
澤		ʦak2
澤		ʦɐk2
擇		ʦak2
擇		ʦɐk2
嘖		ʦak3
蚱		ʦa33
窄		ʦak3
骼		kak3
喀		kʰa55
客		hak3
隙		kʰɪk5
額		ŋak2
逆		ŋɪk2
赫		hak3
柏		pʰak3
伯	老伯	pak3
百		pak3
迫		pɪk5
迫	迫擊炮	pʰak3
帛		pak2
白		pak2
驀		mɐk2
陌		mɐk2
佰		pak3
珀		pʰak3
拍		pʰak3
劇		kʰiɐk2
劇		kʰiak2
丁		tɪŋ55
瞪		tɐŋ55
橙		ʦʰaŋ22
爭	文讀	ʦɐŋ55
爭	白讀	ʦaŋ55
猙		ʦɐŋ55
箏		ʦɐŋ55
耕	文讀	kɐŋ55
耕	白讀	kaŋ55
鏗		hɐŋ55
轟		hʊŋ55
閎		hʊŋ22
宏		hʊŋ22
莖		kɪŋ33
鶯		jɪŋ55
鸚		jɪŋ55
罌		aŋ55
櫻		jɪŋ55
拼		pʰɪŋ33
繃	繃帶	pɐŋ55
莊		ʦɔŋ55
萌		mɐŋ22
砰		pʰɪŋ55
耿		kɐŋ25
倖		hɐŋ22
幸		hɐŋ22
諍	文讀	ʦɐŋ55
諍	白讀	ʦaŋ55
硬		ŋaŋ22
硬	口語變調，用以加強語氣。	ŋaŋ25
迸		pɪŋ33
摘		ʦak3
摘		ʦak2
責		ʦak3
冊		ʦʰak3
策		ʦʰak3
隔		kak3
革		kak3
獲		ʋɔk2
核		hɐk2
核	果核	ʋɐk2
劃		ʋak2
厄		ak3
厄		ɐk5
麥		mɐk2
脈		mɐk2
精		ʦɪŋ55
菁		ʦʰɪŋ55
睛		ʦɪŋ55
蜻		ʦʰɪŋ55
晶		ʦɪŋ55
清		ʦʰɪŋ55
情		ʦʰɪŋ22
請		ʦʰɪŋ25
晴		ʦʰɪŋ22
正	正月	ʦɪŋ55
正	正午	ʦɪŋ33
怔		ʦɪŋ55
征		ʦɪŋ55
誠		sɪŋ22
成	文讀	sɪŋ22
成	白讀	siɐŋ22
城		sɪŋ22
盛	旺盛	sɪŋ22
盛	盛湯	sɪŋ22
聲	文讀	sɪŋ55
聲	白讀	siɐŋ55
頃		kʰɪŋ25
傾		kʰɪŋ55
輕	文讀	hɪŋ55
縈		jɪŋ22
嬰		jɪŋ55
營		jɪŋ22
盈		jɪŋ22
贏	文讀	jɪŋ22
贏	白讀	jaŋ22
屏	螢幕	pʰɪŋ22
屏	屏除；屏住呼吸	pɪŋ25
並	並且	pɪŋ33
並	並且	pɪŋ22
名	文讀	mɪŋ22
名	白讀	miɐŋ22
瓊		kʰɪŋ22
頸		kiɐŋ25
嶺	文讀	lɪŋ13
嶺	白讀	liɐŋ13
領	文讀	lɪŋ13
領	白讀	liɐŋ13
井		ʦiɐŋ25
睜		ʦɐŋ55
睜		ʦaŋ55
阱		ʦiɐŋ25
靖		ʦɪŋ22
靜		ʦɪŋ22
整		ʦɪŋ25
潁		ʋɪŋ22
穎		ʋɪŋ13
餅		piɐŋ25
併	合併	pɪŋ33
淨	文讀：淨化	ʦɪŋ22
淨	白讀：乾淨	ʦiɐŋ22
性		ɬɪŋ33
性		sɪŋ33
姓		ɬɪŋ33
姓		sɪŋ33
政		ʦɪŋ33
聖		sɪŋ33
勁	衝勁	kɪŋ33
勁	勁抽	kɪŋ22
摒		pɪŋ25
摒		pɪŋ33
聘		pʰɪŋ33
跡		ʦɪk5
蹟		ʦɪk5
脊		ʦiɐk3
瘠		ʦiɐk3
籍		ʦɪk2
惜		ɬɪk5
惜		sɪk5
昔		ɬɪk5
昔		sɪk5
汐		ʦɪk2
夕		ʦɪk2
蓆		ʦiɐk2
席		ʦɪk2
隻		ʦiɐk3
尺		ʦʰiɐk3
赤		ʦʰiɐk3
碩		siɐk2
石		siɐk2
釋		sɪk5
適		sɪk5
益		jɪk5
亦		jɪk2
疫		jɪk2
液		jɪk2
奕		jɪk2
驛		jɪk2
腋		jɪk2
繹		jɪk2
睪	睪丸	kou55
譯		jɪk2
蜴		jɪk2
役		jɪk2
璧		pɪk5
闢		pʰɪk5
僻		pʰɪk5
楨		ʦɪŋ55
貞		ʦɪŋ55
禎		ʦɪŋ55
偵		ʦɪŋ55
程		ʦʰɪŋ22
呈		ʦʰɪŋ22
逞		ʦʰɪŋ25
騁		ʦʰɪŋ25
鄭		ʦɪŋ22
擲		ʦak2
碧		pɪk5
仃		tɪŋ55
釘	文讀	tɪŋ55
釘	白讀	tiɐŋ55
叮	文讀	tɪŋ55
叮	白讀	tiɐŋ55
汀	他汀（藥名）	tɪŋ55
聽	聽力	tʰiɐŋ55
聽	聽任	tʰɪŋ33
訂		tɪŋ22
廳		tʰiɐŋ55
町	町畦；田界、田間小路	tʰɪŋ25
町	畹町，地名；地名用字	tɪŋ55
亭		tʰɪŋ22
挺		tʰɪŋ13
蜓		tʰɪŋ22
停		tʰɪŋ22
霆		tʰɪŋ22
廷		tʰɪŋ22
庭		tʰɪŋ22
嚀		nɪŋ22
寧		nɪŋ22
聆		lɪŋ22
齡		lɪŋ22
冷		laŋ13
冷	借自遂城黎話，表示：①人少、冷清貌；②生意蕭條貌	lɛ13
羚		lɪŋ22
蛉		lɪŋ22
鈴		lɪŋ22
伶		lɪŋ22
玲		lɪŋ22
拎		nɪŋ55
靈		lɪŋ22
青	文讀	ʦʰɪŋ55
青	白讀	ʦʰiɐŋ55
醒	文讀	ɬɪŋ25
醒	文讀	sɪŋ25
醒	白讀	ɬiɐŋ25
醒	白讀	siɐŋ25
腥	文讀	ɬɪŋ55
腥	文讀	sɪŋ55
腥	白讀	ɬiɐŋ55
腥	白讀	siɐŋ55
惺		ɬɪŋ55
惺		sɪŋ55
星		ɬɪŋ55
星		sɪŋ55
涇		kɪŋ55
經		kɪŋ55
馨		hɪŋ55
刑		jɪŋ22
型		jɪŋ22
螢		jɪŋ22
形		jɪŋ22
瓶		pʰɪŋ22
萍		pʰɪŋ22
冥		mɪŋ22
銘		mɪŋ22
螟		mɪŋ22
鼎		tɪŋ25
頂	文讀	tɪŋ25
頂	白讀	tiɐŋ25
艇		tʰiɐŋ13
濘		nɪŋ22
迥		kʰɪŋ25
炯		kʰɪŋ25
定		tɪŋ22
逕		kɪŋ33
徑		kɪŋ33
罄		hɪŋ33
的		tɪk5
滴		tɪk5
踢		tʰiɐk3
剔		tʰɪk5
惕		tʰɪk5
笛		tɪk2
滌		tɪk2
迪		tɪk2
敵		tɪk2
荻		tɪk2
狄		tɪk2
瀝	瀝乾	lɪk2
靂		lɪk2
曆		lɪk2
礫		lɪk5
歷		lɪk2
績		ʦɪk5
戚		ʦʰɪk5
寂		ʦɪk2
淅		ɬɪk5
淅		sɪk5
蜥		ɬɪk5
蜥		sɪk5
錫		ɬiɐk3
錫		siɐk3
析		ɬɪk5
析		sɪk5
擊		kɪk5
壁	文讀	pɪk5
壁	白讀：「屙尿冇上～」，形容地位低下	piɐk3
覓		mɪk2
劈	文讀	pʰɪk5
劈	白讀	pʰiɐk3
霹	文讀	pʰɪk5
霹	白讀	pʰiɐk3
燈		tɐŋ55
登		tɐŋ55
騰		tʰɐŋ22
藤		tʰɐŋ22
楞	楞角	lɪŋ22
稜		lɪŋ22
增		ʦɐŋ55
憎		ʦɐŋ55
曾	曾孫	ʦɐŋ55
曾	曾經	ʦʰɐŋ22
層		ʦʰɐŋ22
僧		ʦɐŋ55
恆		hɐŋ22
弘		hʊŋ22
崩		pɐŋ55
朋		pʰɐŋ22
鵬		pʰɐŋ22
鵬		pʰaŋ22
肯		hɐŋ25
凳		tɐŋ33
蹬	蹬三輪車	tɐŋ55
蹬	蹬蹭	tɐŋ22
鄧		tɐŋ22
贈		ʦɐŋ22
亙		kɐŋ33
德		tɐk5
得		tɐk5
特		tɐk2
肋		lɐk2
勒		lɐk2
則		ʦɐk5
賊		ʦʰɐk2
國		kɔk3
剋		hɐk5
刻		hɐk5
克		hɐk5
黑		hɐk5
惑		ʋak2
或		ʋak2
北		pɐk5
蔔		pak2
墨		mɐk2
默		mɐk2
淩		lɪŋ22
陵		lɪŋ22
菱		lɪŋ22
徵	徵求	ʦɪŋ55
徵	古代五音之一	ʦi25
癥		ʦɪŋ55
懲		ʦʰɪŋ22
蒸		ʦɪŋ55
稱	稱呼	ʦʰɪŋ55
稱	稱職	ʦʰɪŋ33
丞		sɪŋ22
承		sɪŋ22
升		sɪŋ55
昇		sɪŋ55
勝	勝任	sɪŋ33
勝	勝利	sɪŋ33
繩		sɪŋ22
乘	乘車	sɪŋ22
仍		ȵɪŋ22
仍		jai33
扔		ȵɪŋ22
扔		jɪŋ22
扔	訓讀，「扔」之解	ʔiɛk2
兢		kɪŋ55
凝	文讀	ȵɪŋ22
凝	文讀	jɪŋ22
凝	白讀	kʰɪŋ22
凝	習讀音	ȵi22
凝	習讀音	ji22
興	興旺	hɪŋ55
興	助興；高興	hɪŋ33
應	應該	jɪŋ55
應	回應	jɪŋ33
應	白讀	ɪŋ33
鷹		jɪŋ55
蠅		jɪŋ55
冰		pɪŋ55
憑	文讀	pʰɐŋ22
憑	白讀：倚靠	pɐŋ22
拯		ʦʰɪŋ25
證		ʦɪŋ33
秤	地秤	ʦʰɪŋ33
秤	天秤	pʰɪŋ22
剩	文讀	sɪŋ22
剩	白讀	ʦɪŋ22
孕		jɐŋ22
匿		nɪk2
匿		nɪk5
力		lɪk2
即		ʦɪk5
熄		ɬɪk5
熄		sɪk5
息		ɬɪk5
息		sɪk5
敕		ʦʰɪk5
直		ʦɪk2
側		ʦʰɐk5
惻		ʦʰɐk5
測		ʦʰɐk5
嗇		sɪk5
色		sɪk5
職		ʦɪk5
殖		ʦɪk2
軾		sɪk5
飾		sɪk5
式		sɪk5
拭		sɪk5
蝕		sɪk2
蝕	蝕本	sik2
棘		kɪk5
億		jɪk5
憶		jɪk5
抑		jɪk5
域		ʋɪk2
翌		jɪk2
翼		jɪk2
逼		pɪk5
極		kɪk2
榴		lɐu22
流		lɐu22
劉		lɐu22
瘤		lɐu22
瀏		lɐu22
留		lɐu22
留	口語變調，表「讓；使得；令」	lɐu25
硫		lɐu22
啾		ʦɐu55
鰍		nɐu55
秋		ʦʰɐu55
脩		ɬɐu55
脩		sɐu55
羞		ɬɐu55
羞		sɐu55
修		ɬɐu55
修		sɐu55
囚		ʦʰɐu22
惆		ʦʰɐu22
抽		ʦʰɐu55
躊		ʦʰɐu22
稠		ʦʰɐu22
籌		ʦʰɐu22
疇		ʦʰɐu22
鄒		ʦɐu55
愁		sɐu22
颼		sɐu55
搜		sɐu25
蒐		sɐu25
州		ʦɐu55
洲		ʦɐu55
舟		ʦɐu55
周		ʦɐu55
酬		ʦʰɐu22
收		sɐu55
柔		jɐu22
揉		jɐu22
鳩		kɐu55
蚯		jɐu55
丘		jɐu55
邱		jɐu55
牛		ŋɐu22
休	文讀	jɐu55
休	白讀	hɐu55
咻	一傅眾咻	jɐu55
優		jɐu55
憂		jɐu55
疣		jɐu22
尤		jɐu22
郵		jɐu22
遊		jɐu22
悠		jɐu22
悠		jɐu55
攸		jɐu22
攸		jɐu55
遊		jɐu22
猶		jɐu22
油		jɐu22
由		jɐu22
不		pɐk5
浮	文讀	fɐu22
浮	白讀；浮魚、浮頭	pʰou22
繆	繆論	mɐu22
繆	未雨綢繆	mɐu22
謀		mɐu22
矛		mau22
牟		mɐu22
求		kʰɐu22
仇	仇人	sɐu22
仇	仇姓	kʰɐu22
球		kʰɐu22
毬		kʰɐu22
鈕		nɐu25
紐		nɐu25
扭		nɐu25
柳		lɐu13
酒		ʦɐu25
肘		ʦɐu25
醜		ʦʰɐu25
紂		ʦɐu22
醜		ʦʰɐu25
壽		sɐu22
受		sɐu22
守		sɐu25
守		sɐu25
手		sɐu25
首		sɐu25
灸		kɐu33
九		kɐu25
韭		kɐu25
玖		kɐu25
久		kɐu25
糗		ʦʰɐu25
朽		hau25
有		jɐu13
右		jɐu22
友		jɐu13
琇		ɬɐu33
琇		sɐu33
誘		jɐu33
酉		jɐu13
負		fu22
婦	文讀	fu13
婦	白讀	pʰou13
舅		kʰɐu13
舅		kʰau13
臼		kɐu33
溜		lɐu33
溜		liu55
鷲		ʦɐu22
就		ʦɐu22
繡		ɬɐu33
繡		sɐu33
宿	星宿	ɬɐu33
宿	星宿	sɐu33
宿	住宿	ɬʊk5
宿	住宿	sʊk5
秀		ɬɐu33
秀		sɐu33
袖		ʦɐu22
晝		ʦɐu33
畜		ʦʰʊk5
冑		ʦɐu22
宙		ʦɐu22
皺	文讀	ʦɐu33
皺	白讀	ȵɐu33
驟		ʦɐu22
瘦		sɐu33
漱		sɐu33
祝		ʦʊk5
臭		ʦʰɐu33
授		sɐu22
售		sɐu22
獸		sɐu33
狩		sɐu33
疚		kɐu33
救		kɐu33
究		kɐu33
祐		jɐu22
佑		jɐu22
又		jɐu22
柚		jɐu22
柚	沙田～	jɐu13
輻		fʊk5
富		fu33
複		fʊk5
復	復原	fʊk5
伏	文讀	fʊk2
伏	白讀	pʊk2
覆		fʊk5
副		fu33
舊		kɐu22
兜		tɐu55
偷		tʰɐu55
投		tʰɐu22
頭		tʰɐu22
嘍		lɐu22
髏		lou13
樓		lɐu22
簍		lɐu13
溝	水溝	kɐu55
溝	溝通	kʰɐu55
篝		kɐu55
枸		kɐu25
鉤		ŋɐu55
夠		kɐu33
喉		hɐu22
猴		hɐu22
侯		hɐu22
歐		ɐu55
嘔	嘔吐	ɐu25
嘔	嘔氣	ɐu33
謳		ɐu55
鷗		ɐu55
斗	地名，斗門。	tɐu25
陡		tɐu25
蚪		tɐu25
抖		tɐu25
走		ʦɐu25
趣		ʦʰui33
趣	冇味冇～: 味道寡淡貌	ʦʰei33
擻	抖擻	ɬɐu25
擻	抖擻	sɐu25
叟		sɐu25
垢		kɐu33
苟		kɐu25
狗		kɐu25
口		hɐu25
叩		kʰɐu33
扣		kʰɐu33
藕		ŋɐu13
偶		ŋɐu13
吼		hɐu33
後		hɐu22
厚		hɐu13
後		hɐu22
某		mɐu13
牡		mɐu13
畝		mɐu13
拇		mou13
母		mou13
鬥		tɐu33
透		tʰɐu33
豆		tɐu22
竇		tɐu22
荳		tɐu22
陋		lɐu22
漏		lɐu22
奏		ʦɐu33
湊		ʦʰɐu33
嗽		ɬɐu33
嗽		sɐu33
搆		kʰɐu33
構		kʰɐu33
購		kʰɐu33
寇		kʰɐu33
蔻		kʰɐu33
逅		hɐu22
候		hɐu22
姆		mou13
茂		mɐu22
貿		mɐu22
戊		mɐu22
幽		jɐu55
彪		piu55
糾		tɐu25
赳		kɐu25
幼		jɐu33
謬		mɐu22
淋		lɐm22
琳		lɐm22
臨		lɐm22
霖		lɐm22
林		lɐm22
浸		ʦɐm33
侵		ʦʰɐm55
心		ɬɐm55
心		sɐm55
尋		ʦʰɐm22
針		ʦɐm55
斟		ʦɐm55
忱		ʦʰɐm22
深		sɐm55
任	信任	ȵɐm22
任	信任	jɐm22
壬		jɐm22
淫		jɐm22
撢	雞毛撢子	taŋ22
霪		jɐm22
寢		ʦʰɐm25
甚		sɐm22
審		sɐm25
葚		sɐm22
飪		ȵɐm22
飪		jɐm22
稔	文讀	nɐm13
稔	稔子	niɐm55
沁		sɐm33
笠		lɐp5
粒		nɐp5
立		lɐp2
緝		ʦʰɐp5
集		ʦap2
輯		ʦʰɐp5
襲		ʦɐp2
習		ʦɐp2
汁		ʦɐp5
執		ʦɐp5
什	喀什	sɐp2
什	什錦	ʦɐp2
什	什麼	sɐm22
十		sɐp2
拾		sɐp2
褶	皺褶	ʦip3
褶	夾衣	tip2
溼		sɐp5
濕		sɐp5
入		jɐp2
廿		ȵa22
廿		ja22
揖		jɐp5
湛		ʦam33
沉		ʦʰɐm22
沈		sɐm25
枕	枕頭	ʦɐm25
枕	枕戈待旦	ʦɐm33
涔		sɐm22
森		sɐm55
參	人參	sɐm55
參	參加	ʦʰam55
參	參差	ʦʰɐm55
參	三的大寫	ɬam55
參	三的大寫	sam55
金		kɐm55
襟		kʰɐm55
今		kɐm55
禁	禁止	kɐm33
禁	禁著	kʰɐm55
欽		hɐm55
吟	吟詩	ȵɐm22
吟	吟詩	jɐm22
吟	吟吟沉沉	ŋɐm22
陰		jɐm55
瘖		jɐm55
音		jɐm55
擒		kʰɐm22
琴		kʰɐm22
凜		lɐm13
禽		kʰɐm22
朕		ʦɐm22
錦		kɐm25
飲	飲水	ȵɐm25
飲	飲水	jɐm25
稟		pɐŋ25
品		pʰɐŋ25
闖		ʦʰɔŋ25
滲	文讀	sɐm33
滲	白讀	jɐm33
蔭		jɐm55
蟄		ʦɪk2
澀	苦澀	kip3
澀	表示「粗糙、不光滑」	ɬɐp5
澀	表示「粗糙、不光滑」	sɐp5
汲		kʰɐp5
急		kɐp5
給		kʰɐp5
級	等級	kʰɐp5
級	樓梯級	ŋɐp5
泣		jɐp5
岌	岌岌可危	kʰɐp5
岌	岌頭：點頭	ŋɐp2
吸		hɐp5
吸	又讀	kʰɐp5
邑		jɐp5
苙		lɐp5
及		kɐp2
擔	擔水；擔心	tam55
擔	重擔	tam33
淡	冷淡	tam22
淡	好淡	tʰam13
談		tʰam22
痰		tʰam22
澹		tam22
藍		lam22
籃		lam22
慚		ʦʰam22
三		ɬam55
三		sam55
柑		kam55
甘		kam55
憨		hɐm55
酣		hɐm22
膽		tam25
毯		tʰaŋ25
攬		lam25
覽		lam25
欖		lam25
橄		kam25
敢		kam25
喊		ham33
暫		ʦam22
瞰		hɐm33
榻		tʰap3
搭		tap3
塔		tʰap3
蹋		tap2
臘		lap2
蠟		lap2
砝		fak3
閘		ʦap2
嗑		hap3
闔		hɐp2
嚴		jim22
儼		jim13
欠		him33
脅		hip2
脅		hip3
劫		kip3
怯		hip3
業		jip2
帆		faŋ22
凡		faŋ22
氾	氾濫	faŋ33
氾	氾姓	faŋ22
犯		faŋ22
範		faŋ22
範		faŋ22
泛		faŋ22
法		fak3
乏		fak2
乏		fɐk2
衫		sam55
監	監獄	kam55
監	太監	kam33
鑑		kam33
鑒		kam33
嵌		hɐm22
巖		ŋam22
銜		ham22
艦		lam22
檻	牛檻；文讀	lam22
檻	門檻；白讀	hɐm25
濫		lam22
甲		kap3
匣		hap2
鴨		ap3
壓		ak3
押		ak3
押	表『強迫』之意	ap3
喃		nam22
攙		ʦʰam55
饞		ʦʰam22
杉		ʦʰam33
摻		ʦʰam55
緘		kam55
鹹		ham22
鹹		ham22
斬		ʦam25
減		kam25
站		ʦam22
蘸		ʦam33
陷		hɐm22
眨		ʦam25
插		ʦʰap3
夾	夾硬；夾萬	kap3
夾	文讀：夾仔	kiɐp2
夾	白讀，表示空間很窄	kʰiɐp2
掐		hap3
掐	訓讀	tɛ22
恰		hɐp5
恰		hap3
洽		hɐp5
峽		hap2
狹		hap2
凹		nɐp5
廉		lim22
鐮		lim22
簾		lim22
尖		ʦim55
漸	逐漸	ʦim22
鹼		kaŋ25
臉		lim13
籤		ʦʰim55
潛		ʦʰim22
纖		ʦʰim55
詹		ʦim55
瞻		ʦim55
蟾		sim22
占	占卜	ʦim55
占	占領	ʦim33
冉		ȵim13
冉		jim13
鹽		jim22
閻		jim22
簷		jim22
撿		kim25
斂		lim13
陝		sim25
閃		sim25
染		ȵim13
染		jim13
厭		jim33
燄		jim22
殮		lim13
塹		ʦʰim33
焰		jim22
豔		jim22
獵		lik2
接		ʦip3
睫		ʦik3
妾		ʦʰip3
捷	捷徑	ʦik2
捷	快捷	ʦik3
捷	快捷	ʦʰik3
懾		sip3
涉		sip3
攝		sip3
靨		jip3
葉		jip2
粘		ʦim55
黏		nim55
沾		ʦim55
淹		jim55
醃		jip3
炎		jim22
拑		kʰiɐm22
鉗		kʰiɐm22
諂		ʦʰim25
檢		kim25
瞼		kim25
險		him25
掩		jim25
奄	奄有	jim25
貶	文讀	piŋ25
貶	白讀	piɛŋ25
儉		kim22
芡	打芡，勾芡	hiŋ33
芡	芡實	ʦʰi33
驗	文讀	jim22
驗	白讀	nim22
躡		nip2
聶		nip2
輒		ʦip3
霎		sap3
佔	文讀	ʦim33
佔	白讀：「佔隊」，插隊	ʦiɐm55
添		tʰim55
恬		tʰim22
甜		tʰim22
拈	拈花惹草；文讀	nim55
拈	拈線；白讀；白拈仔	niɐm55
兼		kim55
謙		him55
嫌		him22
玷		tim33
點		tim25
歉		him33
店		tim33
墊		tʰim13
念		nim22
帖		tʰip3
蝶		tip2
貼		tʰip3
疊		tip2
喋		tip2
頰		kiap2
頰		kiɐp2
莢		kiap2
莢		kiɐp2
愜		hip3
挾		hip3
挾		hip2
俠		hap2
協		hip2
耽		tam55
探		tʰam33
貪		tʰam55
譚		tʰam22
眈		tam55
潭		tʰam22
南		nam22
楠		nam22
男		nam22
嵐		lam22
婪		lam22
蠶		ʦʰam22
弇		jim25
堪		hɐm55
龕		hɐm55
函		hɐm22
涵		hɐm22
含		hɐm22
庵		ɐm55
諳		ɐm55
纜		lam25
慘		ʦʰam25
感		kam25
坎		hɐm33
撼		hɐm22
勘		hɐm33
憾		hɐm22
暗		ɐm33
答		tap3
踏		tap2
遝		tap2
納		nap2
摺		ʦip3
拉		lai55
雜		ʦap2
卅		ɬa55
卅		sa55
鴿		kap3
閤	閤眼	hɐp2
閤	閤樓	kɔk3
蛤	圓蛤；花蛤螺	kap3
蛤	蛤蟆；蛤乸	kɐp5
哈		ha55
盒		hɐp2
合	合格	hɐp2
合	一合；合煲；合不來	kap3
圇		lɐŋ22
圾		ɬap3
圾		sap3
歹		tai25
圳		ʦɐŋ33
劍		kim33
享		hioŋ25
踩	文讀	ʦʰai25
踩	白讀	ȵai25
踮		tim33
螂		lɔŋ22
踴		jʊŋ25
鴕		tʰɔ22
糕		kou55
柿		si13
柿		si33
糬		si22
糯		nɔ22
妞		nɐu25
焙		pʰui22
妳		nei13
妮		nɐi22
歪	文讀	ʋai55
歪	白讀	mɛ25
疤		pa55
汙		ʋu55
汽		hei33
粑		pa55
桕		kʰɐu13
棕		ʦʊŋ55
撇		pʰik3
撒		ɬak3
撒		sak3
撐		ʦʰaŋ55
囫		fɐk5
囡		nam22
砸		ʦap2
砲		pʰau33
饈		ɬɐu55
饈		sɐu55
掙	掙脫；掙扎	ʦɐŋ55
掙	掙錢；掙銭	ʦaŋ22
砍		kʰɐm25
聯		liŋ22
棋		kʰei22
蹦		pɐŋ55
週		ʦɐu55
她		tʰa55
奶		nai13
剷		ʦʰaŋ25
闆		paŋ25
剎		sak3
磁		ʦʰi22
骷		fu55
嘩		ʋa55
磚		ʦiŋ55
躲		tɔ25
磺		ʋɔŋ22
躺		tʰɔŋ25
罕		hɔŋ25
罕		hɔŋ13
耙		pʰa22
嘴		ʦui25
瑪		ma13
間	空間	kaŋ55
間	間接	kaŋ33
籽		ʦi25
瑙		nou13
啤		pɛ55
餃		kau25
揪		ʦɐu55
餵		ʋɐi33
揍		ʦɐu33
餡		hɐm22
淌		tʰɔŋ25
嶄		ʦam25
淘		tʰɐu22
淘		tʰou22
釉		jɐu22
擤		ɬɐŋ33
擤		sɐŋ33
擦		ʦʰak3
嚕		lou55
嚐		sioŋ22
擱		kɔk3
嚎		hou22
擂		lui22
桿		kɔŋ55
胸		hʊŋ55
刨		pʰau22
胚		pʰui55
挖		ʋak3
碗		ʋuŋ25
碟		tip2
碘		tiŋ25
碳		tʰaŋ33
碰		pʰʊŋ33
觔		kɐŋ55
熔		jʊŋ22
颳		kʷak3
琉		lɐu22
嗖		sɐu55
榕		jʊŋ22
缽		puk3
您		nei13
搧		siŋ33
搬		puŋ55
噹		tɔŋ55
噸		tɐŋ55
搗		tou25
跺		tɔ25
褂		kʷa33
搞		kau25
舔	文讀	tʰim25
舔	訓讀	liɐm13
鞍		ɔŋ55
捱		ŋai22
捆		kʰʷɐŋ25
癱		tʰaŋ55
灶		ʦou33
峰		fʊŋ55
壟		lʊŋ13
肇		siu22
摹		mou22
嘀	擬聲：嘀嗒	tik5
摀		ʋu25
嘟		tu55
嘛	喇嘛	ma22
摔		sɐk5
腺		ɬiŋ33
腺		siŋ33
槓		kɔŋ33
輛		lioŋ25
騙		pʰiŋ33
筷		fai33
惦		tim33
黴	文讀	mui22
黴	白讀	mui55
黴	白讀	mou55
瀟		ɬiu55
瀟		siu55
瀕		pʰɐŋ22
籐		tʰɐŋ22
鋁		lui13
錶		piu55
崑		kʰʷɐŋ55
崙		lɐŋ22
崁		hɐm33
簑		sɔ55
群		kʰʷɐŋ22
怎		ʦɐm25
嗨		hai55
嗨		hɐi55
嗯		ŋ̍22
嗡		jʊŋ55
嗡	擬聲詞	ʋʊŋ55
嗦	動詞：吸	ɬɔk3
嗦	動詞：吸	sɔk3
嗦	囉嗦	sɔ55
嗶	擬聲字	pi55
嗎	助詞	ma55
嗎	嗎啡	ma13
嗆	食急氣逆	ʦʰioŋ55
嗆	嗆鼻	ʦʰioŋ33
嗅		ʦʰɐu33
齣		ʦʰɐk5
嗓		sɔŋ25
獗		kʰik3
峇		pa55
鱷		ŋɔk2
舺		kap3
溯		ɬɔk3
溯		sɔk3
峪		jʊk2
塭		ʋɐŋ55
烤		hau55
烯		hei55
烷		jiŋ22
烹		pʰaŋ55
塌		tʰap3
膛		tʰɔŋ22
篛		niok2
辣	文讀	lak2
辣	白讀	lak3
匆		ʦʰʊŋ55
睬		ʦʰɔi25
銲		hɔŋ22
睏		kʰʷɐŋ33
謊		fɔŋ25
裡		lei13
裏		lei13
儘	儘管	ʦɐŋ25
儘	儘量	ʦɐŋ22
岔		ʦʰa55
滾		kʷɐŋ25
岩		ŋam22
喲		jɔ55
喳		ʦa55
喂	語氣詞：接電話時第一個講的詞；表疑問	ʋei25
喇	喇叭	la33
臟		ʦɔŋ22
罈		tʰam22
迤	斜行延伸	ji13
迤	逶迤	ji22
蛋		taŋ22
僱		ku33
魂		ʋɐŋ22
魷		jɐu22
啦		la55
啊		a55
啃		hɐŋ25
啃		kʰɐŋ25
啟		kʰɐi25
啓		kʰɐi25
矽		ʦɪk2
鈾		jɐu22
孢		pau55
蹧		ʦou55
屜		tʰɐi33
忑		tʰɪk5
忐		tʰaŋ25
唷		jɔ55
唔		m̍22
蝴		fu22
鬍		fu22
懂		tʊŋ25
鏽		ɬɐu33
鏽		sɐu33
糰		tʰiŋ22
傢		ka55
夥		fɔ25
櫥		ʦʰi22
櫥		ʦʰui22
湧		jʊŋ25
燙	文讀	tʰɔŋ33
燙	白讀	tʰɔŋ55
尷		kam33
愣		lɪŋ22
哼	哼歌	hɐŋ55
哼	感歎詞	hŋ̍55
哪	哪裡	na13
哪	天哪；哪吒	na22
哩	英哩	lei13
哩	哩嚕	li55
勾	勾劃	ŋɐu55
勾	勾當	kɐu33
哞		mɐu22
瞄		miu22
瞌		hɐp5
瞧		ʦʰiu22
靛		tiŋ22
嬤		ma55
耍		sa25
稿		kou25
另		lɪŋ22
叭	語氣助詞	pʰa55
茉		muk2
叼		tiu55
覷		ʦʰui33
茼	茼蒿	tʰɔŋ22
茲	在茲	ʦi55
螞	螞蟻	ma13
艙		ʦʰɔŋ55
你		nei13
傭		jʊŋ22
樣		joŋ22
僞		ŋɐi22
票		pʰiu33
祂		tʰa55
颱		tʰɔi22
嘿	嘿嘿	hei55
嘿	通「默」	mɐk2
燜		muŋ22
褲		fu33
癌		ŋam22
癒		ji22
蠕		ji22
蠔		hou22
嫦		sioŋ22
嫻		haŋ22
倆		lioŋ13
橛	木橛子	kʰik3
橛	兩橛；量詞	kʰiɛk5
倘		tʰɔŋ25
們		muŋ22
濾		lui22
厘		lei22
咯	助詞	lɔ55
咯	咯咯笑	kɔk3
咩		mɛ55
咪	貓咪	mi55
咪	口語用詞，相當於「不」，「咪就係......」=「不就是......」	mi22
咕		ku55
咖		kʰa33
咐		fu33
咒		ʦɐu33
咚		tʊŋ55
喵		miɐu55
緡		mɐŋ22
癮		jɐŋ13
瘋		fʊŋ55
腮		ɬɔi55
腮		sɔi55
簽		ʦʰim55
嚷		joŋ22
嚷		joŋ13
媳		ɬɪk5
媳		sɪk5
賠		pʰui22
窗		ʦʰɔŋ55
窗		ʦʰioŋ55
賬		ʦioŋ33
賺		ʦaŋ22
做		ʦou22
做		ʦou33
窩		ʋɔ55
俐		lei22
玫		mui22
鍘		ʦap2
綁		pɔŋ25
綑		kʰʷɐŋ25
埕		ʦʰɪŋ22
埔		pʰou25
殼		hɔk3
埡		a33
埠	商埠，外埠	fɐu22
埠	船埠，埠頭	pou22
抬		tʰɔi22
礁		ʦiu55
啪	句末語氣助詞	pʰa55
啪	擬聲字	pʰak5
呃		ak5
呃		ɐk5
呆		ŋɔi22
呆		tai55
錨		mau22
婷		tʰɪŋ22
婿		ɬɐi33
婿		sɐi33
袱		fʊk2
漩	文讀	ɬiŋ22
漩	文讀	siŋ22
卡		kʰa55
鷥		si55
牠		tʰa55
吩		fɐŋ55
瞇		mi55
瞇		ni55
吔		ja55
吊		tiu33
吆	文讀	jiu55
吆	白讀	ʔiɐu55
晌		hioŋ25
曬		sai33
壩		pa33
晰		ɬɪk5
晰		sɪk5
晾		lɔŋ22
拿		na22
拷		hau55
秘		pei33
拆		ʦʰak3
爺		jɛ22
葡		pʰou22
嬸		sɐm25
蟑		ʦioŋ55
錳		mɐŋ13
錳		maŋ13
垃		lap2
丟		tiu55
毽		kiŋ33
垮		kʰʷa55
菠		pɔ55
菫		kɐŋ25
哎		ai55
菇		ku55
潑		pʰuk3
戳		ʦʰɔk3
戳		ʦʰiok3
鵪		ɐm55
裙		kʰʷɐŋ22
皂		ʦou22
皓		hou22
炸		ʦa33
甦		sou55
甩		lɐk5
褪	褪色	tʰui33
褪	褪落來；褪後	tʰɐŋ33
耗		hou33
狠		hɐŋ25
蒂		tɐi33
壞	同「坯」	pʰui55
乒		pɪŋ55
乓		pɔŋ55
麼	句末語氣助詞	mɔ55
麼	十三麼	jiu55
趴		pʰa55
痺		pei33
症		ʦɪŋ33
趕		kuŋ25
痘		tɐu22
硼		pʰaŋ22
找		ʦau25
扼		ɐk5
扯		ʦʰɛ25
托		tʰɔk3
硓		lou13
蚜		ŋa22
氧		joŋ13
氯		lʊk2
氫		hɪŋ55
煉		liŋ22
煲		pou55
煮		ʦi25
饃		mɔ22
饃		mɔk22
剁		tiok3
垛		tɔ25
腡		lɔ22
瘰		lɔ25
摞		lɔ22
銼		ʦʰɔ33
莝		ʦʰɔ33
矬		ʦʰɔ22
唆		ɬɔ55
唆		sɔ55
窠		ʋɔ55
倭		ʋɔ55
涴	涴演：（水流）曲折蜿蜒	ʋuŋ25
涴	涴水	jiŋ55
涴	污染、弄髒	ʋɔ33
瘸		kʰɛ22
欛		pa33
垻		pa33
鈀		pa25
痳	古同「麻」	ma22
痳	同「淋」	lɐm22
搽		ʦʰa22
杈		ʦʰa55
汊		ʦʰa55
痂		kʰa55
稼		ka33
迓		ŋa22
廈		ha22
嗟		ʦɛ55
嗟		ʦi55
麝		sɛ22
賒		sɛ55
佘		sɛ22
剮		kʷa25
侉		kʰʷa25
鏵		ʋa22
蠹		tou33
鸕		lou22
鹵		lou13
嗉		ɬou33
嗉		sou33
牯		ku25
蠱		ku25
疽		ʦui55
胥		ɬui55
胥		sui55
褚		ʦʰi13
苧	同「苧」	ʦʰi13
苧	一種有機化合物	nɪŋ22
箸		ʦi22
淤		ji55
跗		fu55
腑		fu25
麩		fu55
訃		fu22
釜		fu25
鎢		ʋu55
誅		ʦi55
芻	芻口：髒話	ʦʰɔ55
硃		ʦi55
戍		si33
駒		kʰei55
獃		tai55
獃		ŋɔi22
纔		ʦʰɔi22
愷		hɔi25
靄		ɔi25
豺		ʦʰai22
稭		kai55
稭		kak33
疥		kai33
揩		hai55
稗		pai22
釵		ʦʰai55
曬		sai33
隘		ai33
穄		ʦɐi33
囈		ŋɐi22
刈		ŋai22
箅		pei33
淒		ʦʰɐi55
薺		ʦʰɐi22
詣		ŋɐi22
瞖	古同「翳」	ɐi33
坯		pʰui55
裴		pʰui22
碓		tui33
頽		tʰui22
詼		fui55
茴		ʋui22
煨		ʋui55
劊		kʰui33
蒯		kʰʷai25
芮		ȵui22
芮		jui22
奎		kʰʷɐi22
裨		pʰei22
裨		pei55
俾		pei25
荔		lɐi22
璽		ɬai25
璽		ɬɐi25
梔		ʦi55
豕		si25
豉		si22
羈		kei55
岐		kʰei22
痹		pei33
秕		pei25
轡		pei33
丕		pʰei55
牝		pʰɐŋ13
篦		pei22
咨		ʦi55
糍		ʦʰi22
雉		ʦi33
鴟		ʦʰi55
屍		si55
鈰		si13
祁		kʰei22
耆		kʰei22
肄		ji22
牸		ʦi22
癡		ʦʰi55
痔		ʦi22
輜		ʦi55
俟		si22
痣		ʦi33
痣	訓讀	kei33
鰣		si22
沂		ji22
麾		fɐi55
綏		ɬui22
綏		sui22
夔		kʰʷɐi22
榧		fei25
痱		fei33
痱		fɐi33
菢		pou22
澇		lou22
臊		ɬou55
臊		sou55
犒		kʰau33
薅		hou55
壕		hou22
爊		ŋou22
麅		pʰau22
鉋	「刨」的古字	pʰau22
鐃		nau22
笊		ʦau33
捎		sau55
潲		sau33
鉸	鉸剪	kau33
坳		au33
拗	拗斷	au25
拗	拗口	au33
臕		piu55
飈		piu55
嫖		pʰiu22
鰾		piu55
藐		miu13
剿		ʦiu25
醮		ʦiu33
鍬		ʦʰiu55
繰	同繅字	sou55
鞘		ʦʰiu33
詔		ʦiu22
橈		nau22
蕎		kʰiu22
枵		hiu55
鷂		jiu22
糶		tʰiu33
敨		tʰɐu25
耨		nɐu22
耬		lɐu22
彀		kɐu33
媾		kɐu33
瞘		kʰɐu55
甌		ɐu55
毆		ɐu55
漚		ɐu33
慪		ɐu33
阜		fɐu22
眸		mɐu22
餾		lɐu22
揫	古通「揪」	ʦɐu55
鞦		ʦʰɐu55
泅		ʦʰɐu22
搊	搊褲：束緊褲子	ʦʰɐu55
餿	文讀	sɐu55
餿	訓讀	ɬʊk5
餿	訓讀	sʊk5
帚		ʦɐu25
讎	同「仇」	sɐu22
鬮		ʦɐu55
柩		kɐu33
宥		jɐu22
莠		jɐu13
莠		jɐu33
丟		tiu55
搨		tʰap3
簪		ʦam55
坍		tʰaŋ55
盍		hɐp2
鑞		lap2
鏨		ʦam22
泔		kam55
蚶		hɐm55
邯		hɔŋ22
垵	同「垵」，量詞，表示數量「一點兒」	ɐm55
劄		ʦak3
讒		ʦʰam22
裌	「袷 」的異體字；同「夾」	kiap2
裌	「袷 」的異體字；同「夾」	kiɐp2
袷	同「夾」	kiap2
袷	同「夾」	kiɐp2
懺		ʦʰam33
胛		kap3
狎		hap2
鑷		nip2
奩		lim22
殲		ʦʰim55
僉		ʦʰim55
暹		sim55
贍		sim22
閹		jim55
魘		jim25
簷		jim22
艷		jim22
釅		jim22
鍁		hiŋ55
杴		hiŋ55
醃		jim55
崦		jim55
掂		tim22
忝		tʰim25
㮇		tʰim25
簟		tʰim13
牒		tip2
諜		tip2
鮎		nim22
蒹		kim55
搛		kim55
僭		ʦim33
賃		ȵɐm22
賃		jɐm22
檁		lɐm13
廩		lɐm13
蕈		ʦʰɐm13
蕈		sɐŋ33
唚		ʦʰɐm33
琛		sɐm55
簪		ʦam55
岑		sɐm22
妊		ȵɐm22
妊		jɐm22
紝		ȵɐm22
紝		jɐm22
撳		kɐm22
妗		kʰɐm13
窨		jɐm33
窨	同「熏」	fɐŋ55
灒		ʦaŋ33
擀		kɔŋ25
曷		hɔk3
襇		kaŋ25
柬		kaŋ25
閑		haŋ22
莧		hiŋ22
扳	扳手	paŋ25
扳	扳回一局	paŋ55
襻		pʰaŋ33
爿		paŋ22
疝		saŋ33
鐧	殺手鐧	kaŋ25
鱉		pik3
憋	文讀	pik3
憋	白讀	pɐi33
娩		miŋ13
澠	澠池	mɐŋ13
澠	河川名	sɪŋ22
輦		liŋ13
癬		ɬiŋ25
癬		siŋ25
褻		ɬik3
褻		sik3
涎		jiŋ22
蜇		ʦik3
膻		saŋ55
膳		siŋ22
膳		sim22
孑		kʰik3
掮		kʰiŋ22
犍		kiŋ55
孽		nip2
拽		jɐi22
腱		kiŋ33
蠍		kʰik3
謁		jik3
蔫		jiŋ55
蔫		niŋ55
駢	文讀	pʰiŋ22
駢	白讀	pʰiɛŋ22
撚	文讀	niŋ25
撚	白讀;用手指揉搓	niɛŋ25
攆	文讀	niŋ25
攆	白讀	niɛŋ25
楝		liŋ22
鈸		puk2
掇		ʦik3
疃		tʰiŋ25
疃		tʰɐŋ25
椴		tiŋ22
鸞		liŋ22
捋		lik2
纂		ʦiŋ25
攢		ʦaŋ25
攢		ʦɐŋ25
汆		ʦʰiŋ55
紈		jiŋ22
皖		ʋuŋ25
豌		ʋuŋ25
剜		ʋuŋ25
鰥		kʷaŋ55
斡		ʋɐk5
篡		saŋ33
篡	習讀音	ʦʰiŋ33
閂		saŋ55
涮		saŋ33
宦		ʋaŋ22
鏇		ɬiŋ22
鏇		siŋ22
椽		ʦʰiŋ22
篆		ʦiŋ22
膞		pɔk3
篅		ʦʰiŋ22
鬈		kʰiŋ22
顴		kʰiŋ22
兗		jiŋ25
兗		jiŋ13
礬		faŋ22
厥		kʰik3
孓		kʰik3
楦		hiŋ33
噦		ʋɐi33
噦		jik2
殯		pɐŋ55
弼		pɐk2
泯		mɐŋ13
抿		mɐŋ13
燐		lɐŋ22
昵		nɐi22
昵		nɪk22
侄		ʦɐk2
榛		ʦɐŋ55
臻		ʦɐŋ55
娠	妊娠	sɐŋ22
娠		sɐŋ55
詰		kʰik3
釁		hɐŋ22
洇		jɐŋ55
訖		ŋɐk2
錛		pɐŋ55
逩		pɐŋ55
𡋯		puk2
餑		puk2
扽		tɐŋ33
飩		tʰɐŋ55
囤		tʰiŋ22
猝	倉猝	ʦʰʊk5
猝	猝死	ʦʰɐk5
杌		ŋɐk2
餛		ʋɐŋ22
瘟		ʋɐŋ55
皴		ʦʰɐŋ55
荀		ɬɐŋ22
荀		sɐŋ22
榫		sɐŋ25
浚		ʦɐŋ33
濬		ʦɐŋ33
椿		ʦʰɐŋ55
絀		ʦik3
唇		sɐŋ22
秫		sɐk2
蒓		sɐŋ22
豶		fɐŋ22
璺		mɐŋ22
熏		fɐŋ55
熏	白讀？訓讀？	ʋɐk5
勳		fɐŋ55
葷		fɐŋ55
謗		pɔŋ33
鐸		tɔk2
曩		nɔŋ13
臧		ʦɔŋ55
柞		ʦɔk2
搡		ɬɔŋ25
搡		sɔŋ25
杠		kɔŋ33
糠		hɔŋ55
囥		kʰɔŋ33
鄂		ŋɔk2
鯗		ɬioŋ25
鯗		sioŋ25
牀		ʦʰɔŋ22
孀		sioŋ55
瘴		ʦioŋ33
焯		ʦʰɔk3
焯		ʦʰiok3
餉		hioŋ25
芍		ʦiok3
瓤		nɔŋ22
礓		kioŋ55
鉻		kɔk3
恙		joŋ22
桄		kɔŋ55
藿		kʰɔk3
劐		ʋɔk2
蝗		ʋɔŋ22
鑊		ʋɔk2
倣		fɔŋ25
輞		mɔŋ13
钁		kʰik3
匡		kʰʷaŋ55
籰		ʋɔk2
肨		pʰɔŋ33
樸	姓氏	pʰiu22
攮		nɔŋ13
涿		tiok3
噇		ʦʰɔŋ22
豇		kɔŋ55
耩		kɔŋ25
搉		kʰɔk3
夯		hɐŋ55
鐙		tɐŋ55
忒		tʰɐk5
忒		tʰɪk5
謄		tʰɐŋ22
蹭		ʦʰɐŋ33
鯽		ʦɪk5
鯽		ʦɐk5
稷		ʦɪk5
稙		ʦɪk2
飭		ʦʰɪk5
塍		sɪŋ22
弋		jɪk2
虻		mɔŋ22
牚	腳牚：單車的停靠支撐物	ʦʰaŋ33
㿭	爆㿭	ʦʰak3
䂻		ʦaŋ22
粳		kɐŋ55
浜		pɔŋ55
擘		mak3
檗	木名。即黃檁。也稱「黃柏」	pʰak3
覈		hɐk2
軛		ak3
戟		kɪk5
屐		kʰiɐk2
屐		kʰiak2
旌		ʦɪŋ55
䝼		ʦʰɪŋ22
蟶		ʦʰɪŋ55
纓		jɪŋ55
姘		pʰɪŋ55
靪		tɪŋ55
疔		tɪŋ55
嫡		tɪk2
錠		tɪŋ22
糴	文讀	tɪk2
糴	白讀	tiɐk2
佞		nɪŋ22
磬		hɪŋ33
陘		jɪŋ22
虢		kɔk3
虢		kʷak3
揈	甩，搖晃，同「捹」	fɪŋ22
揈	同「轟」，驅趕	hʊŋ55
檾		kʰɪŋ25
塋		jɪŋ22
滎		jɪŋ22
醭		pʊk2
蠓		mʊŋ13
熥		tʰʊŋ55
捅		tʰʊŋ25
瞳		tʰʊŋ22
牘		tʊk2
椶		ʦʊŋ55
糉		ʦʊŋ33
汞		kʊŋ33
汞		kʊŋ25
鬨	起鬨	hʊŋ33
儂		nʊŋ22
䝋		ʦʊŋ55
戮		lʊk2
衆		ʦʊŋ33
戎		jʊŋ22
盅		ʦʊŋ55
冗		jʊŋ13
鋦		kʊk2
癰		jʊŋ55
甬		jʊŋ25
茬		ʦʰa22
鼬		jɐu22
撣		taŋ22
焊		hɔŋ33
焊		hɔŋ22
撚		nim25
鉢		puk3
黢		ʦʰɐk5
繮		kioŋ55
喫		hiɐk3
璦		ɔi33
曖		ɔi25
氨		ɔŋ55
胺		ɔŋ55
阪		paŋ25
舨		paŋ25
鎊		pɔŋ22
鴇		pou25
陂		pei55
鋇		pui33
唄		pui33
泵		pʊŋ55
匕		pei33
畀		pei25
愎		fʊk5
髀		pei25
鏢		piu55
婊		piu25
裱		piu25
邠		pɐŋ55
斌		pɐŋ55
鉑		pʰak3
舶		pɔk2
舶		pʰak3
逋		pou55
娼		ʦʰioŋ55
鯧		ʦʰioŋ55
搐		ʦʰʊk5
黜		ʦʰɐk5
捶		ʦʰui22
齪		ʦʰʊk5
啐		ʦʰui33
耷	耷拉(下垂貌)	tap3
耷	頭耷耷	tɐp5
傣		tai25
傣		tʰai33
鄲		taŋ55
氮		tam22
詆		tɐi25
娣		tʰɐi13
娣		tɐi22
睇		tʰɐi25
碲		tɐi33
鯛		tiu55
屌	文讀	tiu25
屌	白讀	tiɐu55
酊		tɪŋ55
腚		tɪŋ22
侗	倥侗	tʊŋ22
屙		ɔ55
諤		ŋɔk2
齶		ŋɔk2
魴		fɔŋ22
舫		fɔŋ25
緋		fei55
霏		fei55
誹		fei25
狒		fɐk5
雰		fɐŋ55
孚		fu55
氟		fɐk5
鈣		kʰɔi33
贛	賜予	kʊŋ33
罡		kɔŋ55
鎬		kou25
艮		kɐŋ33
肱		kʊŋ55
詬		kɐu33
鴣		ku55
轂		kʊk5
汩	水流的樣子；亂；沉默；汩沒；汩流	kʷɐk5
汩	疾速貌；疾速的	ʋɐk2
瞽		ku25
莞	莞草；東莞	kuŋ25
莞	莞爾	ʋuŋ13
莞	莞草	kuŋ55
皈		kʷɐi55
珪		kʷɐi55
矽		kʷɐi55
袞		kʷɐŋ25
摑		kʷak3
捍		hɔŋ13
捍		hɔŋ33
頷		hɐm22
濠		hou22
昊		hou22
訶		hɔ55
龢		ʋɔ22
訇		hʊŋ55
薨		hʊŋ55
鵠		hʊk2
猢		fu22
鶘		fu22
醐		fu22
祜		fu22
圜	環繞	ʋaŋ22
圜	天體；圓、圓形	jiŋ22
豢		ʋaŋ22
遑		ʋɔŋ22
璜		ʋɔŋ22
蟥		ʋɔŋ22
琿		ʋɐŋ22
蛔		ʋui22
諢		ʋɐŋ22
嵇		kʰɐi55
覬		kei33
偈		kɐi25
笳		ka55
瘕		ha55
絳		kɔŋ33
姣	姣好	kau25
姣	發姣	hau22
桀		kik2
碣		kʰik3
矜		kɪŋ55
饉		kɐŋ25
覲		kɐŋ25
儆		kɪŋ25
儆		kɪŋ25
裾		kei55
苣		kei22
颶		kei22
鐫		ʦiŋ55
譎		kʰik3
鎧		hɔi25
磡		hɐm33
錕		kʰʷɐŋ55
鯤		kʰʷɐŋ55
邋		lak2
剌		lak2
瘌		lak3
瀨		lai22
嶗		lou22
佬		lou25
姥	天姥	lou13
羸		lui22
磊		lui13
棱		lɪŋ22
喱		lei55
蠡		lɐi13
鋰		lei13
醴		lɐi13
鰱		liŋ22
踉		lioŋ22
獠		liu22
鐐		liu22
鬣		lik2
粼		lɐŋ22
嶙		lɐŋ22
廩		lɐm13
躪		lɐŋ22
綾		lɪŋ22
鯪		lɪŋ22
遛		lɐu22
遛		liu55
瘻		lɐu22
壚		lou22
瀘		lou22
轆		lʊk5
璐		lou22
攣		liŋ55
侖		lɐŋ22
嫲		ma22
獁		ma13
蟎		muŋ13
謾		maŋ22
氓		mɔŋ22
氓		mɐŋ22
昴		mau13
袤		mɐu22
瑁	珪瑁	mou22
瑁	玳瑁	mou22
嵋		mei22
湄		mei22
酶		mui22
鎂		mei13
眯		mi55
眯		ni55
醚		mɐi22
弭		mei22
汨		mɪk2
冪		mɪk2
沔		miŋ13
緲		miu13
邈		miu13
暝		mɪŋ22
瞑		mɪŋ22
歿		muk2
苜		mʊk2
衲		nap2
涅		nip2
齧		ŋak2
恁		ȵɐm22
恁		jɐm22
恁		nɐm25
磐		pʰuŋ22
庖		pʰau22
抨		pʰɪŋ22
怦		pʰɐŋ55
貔		pʰei22
癖		pʰɪk5
縹		pʰiu55
顰		pʰɐŋ22
叵		pʰɔ25
莆		pʰou22
溥		pʰou25
蹊		kʰɐi55
蠐		ʦʰɐi22
麒		kʰei22
磧		ʦɪk5
愆		hiŋ55
黔		kʰim22
黔		kʰim22
茜		ɬɐi55
茜		sɐi55
茜		ɬiŋ22
茜		siŋ22
撬	文讀	kiu22
撬	白讀	kiau22
撬	白讀	kiɐu22
煢		kʰɪŋ22
酋		jɐu22
遒		ʦʰɐu22
裘		kʰɐu22
髯		ȵim22
髯		jim22
苒		ȵim13
苒		jim13
軔		ȵɐŋ22
軔		jɐŋ22
衽		ȵɐm22
衽		jɐm22
糅		jɐu22
蹂		jɐu22
縟		ȵʊk2
縟		jʊk2
睿		jui22
叄		ɬam55
叄		sam55
汕		saŋ33
莘		sɐŋ55
蜃		sɐŋ22
弒		si33
藪		ɬɐu25
藪		sɐu25
愫		ɬou33
愫		sou33
燧		ɬui22
燧		sui22
遢		tʰap3
覃	覃思	ʦʰɐm22
滕		tʰɐŋ22
醍		tʰɐi22
倜		tʰɪk5
佟		tʰʊŋ22
骰		tʰɐu22
骰		sɪk5
雯		mɐŋ22
齷		ɐk5
鄔		ʋu55
覡		hɐk2
檄		hɐk2
銑		ɬiŋ25
銑		siŋ25
屣		ɬai25
屣		sai25
屣		ɬai25
屣		sai25
罅		la33
冼		ɬiŋ25
冼		siŋ25
霰		ɬiŋ33
霰		siŋ33
筱		ɬiu25
筱		siu25
鑫		hɐm55
邢		jɪŋ22
詡		hei25
酗	習讀音，有邊讀邊	hʊŋ55
萱		ɬiŋ55
萱		hiŋ55
璿		ɬiŋ22
璿		siŋ22
潯		ʦʰɐm22
胭		jiŋ55
湮		jiŋ55
湮		jiŋ55
饜		jim33
泱		joŋ55
鞅		joŋ55
爻		ŋau22
彝		ji22
弈		jɪk2
熠		jɐp5
熠		jɐp5
翳		ɐi33
翳		ɐi33
臆		jɪk5
氤		jɐŋ55
膺		jɪŋ55
熒		jɪŋ22
瀅		jɪŋ22
瀛		jɪŋ22
邕		jʊŋ55
壅	文讀	jʊŋ55
壅	白讀：埋	ʊŋ55
踴		jʊŋ25
囿		jɐu22
瘀		ji55
禺		ji22
竽		ji55
圄		ji13
齬		ji13
彧		jʊk5
煜		jʊk5
毓		jʊk5
螈		jiŋ22
氳		ʋɐŋ55
殞		ʋɐŋ13
慍		ʋɐŋ33
甾	後作「淄」。在今山東省境內	ʦi55
甾	同「災」; 災害	ʦɔi55
崽		ʦɐi25
仄		ʦɐk5
翟	翟羽；中國古代北方的民族。同「狄 」	tɪk2
翟	翟姓	ʦak2
釗		ʦʰiu55
謫		ʦak2
赭		ʦɛ25
砧		ʦɐm55
躑		ʦak2
芷		ʦi25
蛭		ʦi33
銖		ʦi55
炷		ʦi33
孳		ʦi55
秭		ʦi25
眥		ʦi22
詛		ʦui25
樽		ʦiŋ55
嬋		sim22
劖		ʦʰam22
筊	杯筊：迷信占卜用具	kau33
㒼	亞㒼：勉強；差強人意	maŋ22
𨂵	踩	ʦʰɐp2
𫄺		ʦʰɪŋ22
餸		ɬʊŋ33
餸		sʊŋ33
䣺		kiŋ55
鯁	噎	kʰɐŋ25
厾	捅、戳	tʊk5
䊦		ʔiɛk3
揢	掐，扼	kʰa55
揢	揢門：鎖門	kʰɪk5
娺	文讀，推導音	ʦɔk2
娺	白讀；〔肥～〕：肥胖貌	ʦʷɐk2
迾	文讀	lak2
迾	白讀，用作量詞「排、列、行」，或借自遂城黎話	lʷɐk2
擡		tʰɔi22
縻		mɐi22
餈		ʦʰi22
滓		ʦi25
皁		ʦou22
鏊		ŋou22
麅		pʰau22
么		jiu55
蓴	蓴菜	sɐŋ22
蓴	蒲穗謂之蓴	tʰiŋ22
穰		ȵioŋ22
穰		joŋ22
榷		kʰɔk3
鋥		ʦʰaŋ33
掰		pai55
嗄	嗓音嘶啞	sa55
嗄	表疑問或反詰的語氣	a25
桉		ɔŋ55
銨		ɔŋ55
犴	动物名；監獄；狴犴	ŋɔŋ22
犴	駝鹿	hɔŋ22
嗷		ŋou22
鰲		ŋou22
鏖	鏖兵, 鏖戰	ou55
鏖	鏖兵, 鏖戰	ŋou22
媼		ou25
驁		ŋou22
捭		pai25
瘢		paŋ55
梆		pɔŋ55
孛	孛然大怒；孛兒只斤	puk2
孛	星名。即彗星。	pui22
賁	賁臨	pei33
賁	賁門, 虎賁	pɐŋ55
賁	賁，大也。故謂為賁鼓	fɐŋ22
苯		puŋ25
嘣		pɐŋ55
荸		puk2
毖		pei33
篳		pɐk5
襞		pɪk5
鯿	文讀	piŋ25
鯿	白讀	piɛŋ25
卞		piŋ22
弁	弁言, 武弁, 馬弁	piŋ22
弁	弁桓；表示「樂、歡樂」	pʰuŋ22
驃		pʰiu33
蹩		pik2
擯		pɐŋ33
亳		pɔk3
粲		ʦʰaŋ33
漕		ʦʰou22
螬		ʦʰou22
嚓	語氣詞：喀嚓	ʦʰɐk5
碴	鬍子拉碴	ʦʰa22
碴	冰碴	ʦa55
衩		ʦʰa55
儕		ʦʰai22
蠆		ʦʰai33
孱	口水潺	saŋ22
孱	孱頭	ʦʰaŋ33
廛		ʦʰiŋ22
巉		ʦʰam22
昶		ʦʰɔŋ25
氅		ʦʰɔŋ25
抻		ʦʰɐŋ55
郴		sɐm55
郴		ʦʰɐm55
嗔		ʦʰɐŋ55
諶		sɐm22
磣		ʦʰɐm25
讖	一語成讖	ʦʰɐm33
讖	一語成讖	ʦʰam33
檉		ʦʰɪŋ55
琤		ʦɐŋ55
琤		ʦaŋ55
哧		ʦʰi55
笞		ʦʰi55
茌		ʦʰi22
墀		ʦʰi22
踟		ʦʰi22
呎	英呎	ʦʰiɐk3
褫		ʦʰi25
啻		ʦʰi33
瞅		ʦʰɐu25
滁		ʦʰui22
躕		ʦʰi22
躕		ʦʰui22
踹	文讀	ʦʰai25
踹	白讀	ȵai25
踹	白讀	jai25
釧		ʦʰiŋ33
陲		sui22
鶿		ʦʰi22
琮		ʦʰʊŋ22
輳		ʦʰɐu33
腠		ʦʰɐu33
徂		ʦʰou22
捽		ʦɐk5
攛		ʦʰiŋ33
躥		ʦʰiŋ55
爨		ʦʰiŋ33
瘁	心力交瘁	ʦʰui33
吋		ʦʰiŋ33
噠	象馬蹄、機槍聲	tak3
嗒	同「䑜」，用舌頭輕舐品嘗	tiɐp5
嗒	嗒然若失, 嗒喪	tʰap3
䑜	用舌頭輕舐品嘗；䑜酒	tiɐp5
褡		tap3
怛		tak3
躂		tʰak3
靼		tak3
瘩		tap3
甙		tɔi22
迨		tɔi22
埭		tɔi22
簞		taŋ55
疸		tʰaŋ25
啖		tam22
襠		tɔŋ55
碭		tɔŋ22
噔		tɐŋ55
磴		tɐŋ33
砥		tɐi25
骶		tɐi25
棣		tɐi22
嗲	製嗲：撒嬌	tɛ25
嗲	動詞完成體助詞	tɛ22
滇		tiŋ55
鈿		tiŋ22
鈿		tʰiŋ22
碉		tiu55
堞		tip2
蹀		tip2
啶		tɪŋ22
鋌	「铤，疾走貌。」	tʰɪŋ13
鋌	未經冶煉鑄造的銅鐵	tɪŋ22
碇		tɪŋ33
氡		tʊŋ55
峒	崆峒山	tʰʊŋ22
峒	地名用字；南方少數民族的泛稱	tʊŋ22
恫	傷痛、哀痛	tʰʊŋ55
恫	恫吓	tʊŋ22
蔸		tɐu55
篼		tɐu55
闍	城門上的平臺	tou55
闍	阿闍梨	sɛ22
黷		tʊk2
煅		tiŋ22
惇		tɐŋ55
躉		tɐŋ25
哆	哆嗦	tɔ55
哆	張口的樣子	ʦʰɛ25
閼	阻塞、壅塞	ak3
閼	阏氏	jiŋ55
閼	閼與	ji33
萼		ŋɔk2
鶚		ŋɔk2
摁		ɔŋ33
鮞		ȵi22
鮞		ji22
洱		ȵi13
洱		lei13
閥		fak2
琺		fak3
幡		faŋ55
釩		faŋ22
燔		faŋ22
蘩		faŋ22
匚		fɔŋ55
蜚		fei55
蜚		fei25
腓		fei22
酚		fɐŋ55
汾		fɐŋ22
趺		fu55
鳧		fu22
茀		fɐk5
茯		fʊk2
罘		fɐu22
蚨		fu22
涪		fɐu22
拊		fu25
蝮		fʊk5
旮	山旮旯	kʰa55
个		kɔ33
箇		kɔ33
槢		ʦɐp2
餜		kɔ25
踒		ʋɔ55
踒	訓讀。崴到四肢、閃到腰等	nɔ25
樝		ʦa55
笡	方言，歪斜：嘴笡；字寫笡	ʦʰɛ33
麤		ʦʰou55
䀇		ku25
稆		lui13
舁		ji22
殕	物件腐壞而生白膜	fɐu25
殕	斃也，僵也	pɐk2
殕	斃也，僵也	pak2
擩		ȵui13
擩		jui13
懛	〔懛剴〕失意的樣子，古同「呆」	tai55
棌		ʦʰɔi25
槪		kʰɔi33
漑		kʰɔi33
磑	「磑磑」：形容高；形容堅硬	ŋɔi22
磑	磑磑，堅也	kɔi55
磑	動詞，磨，使東西粉碎	ʋɐi33
簰		pʰai22
鐾		pei22
鐾		pɐi33
犂		lɐi22
栖		ʦʰɐi55
栖	栖栖，形容不安定的樣子	ɬɐi55
栖	栖栖，形容不安定的樣子	sɐi55
壻		ɬɐi33
壻		sɐi33
鷄		kɐi55
柺		kʷai25
䉲		nei22
眵		ʦʰi55
袐		pik5
袐		pɐk5
棃		lei22
貍		lei22
蟢		hei25
旣		kei33
疿		fei33
疿		fɐi33
騲		ʦʰou25
櫂		ʦau22
齩		ŋau13
靿		au33
噍	文讀	ʦiu22
噍	白讀：用牙齒啃咬、咀嚼	ʦiau22
噍	白讀：用牙齒啃咬、咀嚼	ʦiɐu22
尥		liu22
㪗		tʰɐu25
呷	喝、飲	hap3
垓		kɔi55
玕		kɔŋ55
苷		kam55
酐		kɔŋ55
旰		kɔŋ33
旰	旰旰：盛大的樣子	hɔŋ22
紺		kam33
灨		kɔŋ33
戇		ŋɔŋ33
睾		kou55
杲		kou25
縞		kou25
槁		kou25
誥		kou33
鋯	土丘，土崗：圪垛	kou33
圪	牆高貌	ŋɐk2
圪		kak3
疙		ŋɐk2
鬲	一種古代的炊具	lɪk2
鬲	人體的經穴；人名用字	kak3
嗝		kak3
膈		kak3
鎘		kak3
賡		kɐŋ55
龔		kʊŋ55
珙		kʊŋ25
佝	佝偻	kʰui55
佝	佝偻	kʰei55
佝	腰佝：駝背	kʰɐu55
笱		kɐu25
軲		kʰu55
蛄		ku55
鈷		ku55
鈷		ku25
鶻	回鶻	ʋɐk2
鶻	鶻鵃，一種小鳩	kʷɐk5
臌		ku25
梏		kʊk5
痼		ku33
鴰		kʰuk3
摜		kʷaŋ33
盥		kuŋ33
咣	擬聲詞，形容物體碰撞聲	kʰʷaŋ55
炅		kʰɪŋ25
堝		ʋɔ55
蟈		kɔk3
幗		kɔk3
膕		kɔk3
氦		hɔi22
晗		hɐm22
菡		hɐm13
菡		hɐm22
瘊		hɐu22
鬏		ʦɐu55
鬏		ʦʰɐu55
灠		lam25
揞		ɐm25
溻		tʰap3
箚		ʦap3
㷹		ʦau33
碱		kaŋ25
鵮		tiɐm55
掭		tʰim33
吢		ʦʰɐm33
兂		ʦam55
㬤		hɐp5
㬤		jɐp5
癣		ɬiŋ25
癣		siŋ25
孼		ȵik2
孼		jik2
顚		tiŋ55
塡		tʰiŋ22
趼	趼子(手掌或腳掌上因摩擦日久而生成的硬皮)	kaŋ25
筧		kaŋ25
䥛		kik3
硏		jiŋ22
嬎		faŋ33
㨉		mɐŋ13
㷠		lɐŋ22
鎭		ʦɐŋ33
虱		sɐk5
眞		ʦɐŋ55
愼		sɐŋ22
崘		lɐŋ22
撙	節省	ʦiŋ25
撙	節省	ʦɐŋ25
崐		kʰʷɐŋ55
磉		ɬɔŋ25
磉		sɔŋ25
閌		kʰɔŋ33
蠚	蟲行毒亦作蠚	hɔk3
奬		ʦioŋ25
墻		ʦʰioŋ22
㪕	奪取物	ʦʰiok3
尙		sioŋ22
䭚		ʦʰɔŋ22
卽		ʦɪk5
値		ʦɪk2
𢫦	擊也	mɐk2
𢫦	拍本字	pʰak3
軶		ak3
餠		piɐŋ25
令		lɪŋ22
寗		nɪŋ22
鈴		lɪŋ55
靑	文讀	ʦʰɪŋ55
靑	白讀	ʦʰiɐŋ55
齈		nʊŋ22
鬉		ʦʊŋ55
怱		ʦʰʊŋ55
栿		fʊk2
宂		jʊŋ25
胷		hʊŋ55
吖		a55
毐		ai25
砹		ŋai22
嗌		ai33
靉		ɔi33
僾		ɔi33
譺		ȵi22
譺		ji22
啽	夢寐之聲	ɐm55
啽	自言自語，「啽啽沉沉」	ŋɐm22
䳺		ɐm55
唵		ɐm25
豻	駝鹿	hɔŋ22
豻	獄豻	ŋɔŋ22
闇		ɐm33
䭹		ŋɔŋ22
璈		ŋou22
獒		ŋou22
摮		ŋou22
聱		ŋou22
𦪈		ŋou22
翶		ŋou22
鷔		ŋou22
奡		ŋou22
擙		ou33
𩼈		ou33
羓		pa55
豝		pa55
茇		pak2
魃		pak2
弝		pa33
灞		pa33
粨		pak3
粺		pai22
斒	斒斕(文彩鮮明貌)	paŋ55
癍		paŋ55
昄		paŋ25
鞤		pɔŋ55
垹		pɔŋ55
蒡		pɔŋ25
勹		pau55
宀		miŋ22
勽	音抱。義同。	pʰou13
趵	趵突	pʰau33
趵	用腳踩踏	pɔk3
鑤		pʰau22
邶		pui33
邶		pʰui33
梖		pui33
捹	甩，搖晃	fɪŋ22
沆		hɔŋ22
顥		hou22
閡		hɐk2
菏		hɔ22
菏		kɔ55
頜		hɐp2
翮		hɐk2
珩		hɐŋ22
蘅		hɐŋ22
泓		hʊŋ22
齁		hɐu55
骺		hɐu22
篌		hɐu22
滹		fu55
砉	砉然	ʋak2
砉	象聲詞，形容迅速動作的聲音	hʷɐk5
砉	象聲詞，形容迅速動作的聲音	fɐk5
驊		ʋa22
獾		fuŋ55
洹		ʋuŋ22
肓		fɔŋ55
隍		ʋɔŋ22
湟		ʋɔŋ22
篁		ʋɔŋ22
幌		fɔŋ25
薈		ʋui22
燴		ʋui22
蠖		ʋɔk2
璣		kei55
咭		kɐk5
躋		ʦɐi55
畿		kei55
笈		kʰɐp5
蒺		ʦɐk2
楫		ʦip3
伎		kei22
伎	伎伎(行步舒緩的樣子)	kʰei22
偈		kik2
偈	訓讀？傾偈：聊天	kɐi25
勣		ʦɪk5
薊		kɐi33
霽		ʦɐi33
驥		kʰei33
珈		ka55
袈		ka55
戛		kak3
岬		kap3
鉀		kap3
縑		kim55
犟		kʰioŋ13
犟		kioŋ22
伻		pʰɪŋ55
伻		pʰaŋ55
挷		pɔŋ55
菶		pʊŋ25
琫		pʊŋ25
琫		pʰʊŋ25
偪		pɪk5
楅	楅衡；古代盛列弓箭的器具	pɪk5
楅	楅衡；古代盛列弓箭的器具	fʊk5
鎞	釵	pɐi55
鎞	箭鏃形的刀。古代醫生用來治療眼疾的手術用具	pʰei55
鎞	螺絲鎞	pʰɐi55
粃		pei25
粃		pʰei22
佖		pik5
詖		pei33
苾		pɐk2
苾		pik2
怭		pik5
蓽		pɐk5
狴		pɐi22
萆		pei55
萆	通「蔽」	pɐi33
庳	有庳古國名；低下；短小；眾水聚集的地方	pei55
庳	宮室卑庳，無觀臺榭。	pʰei13
貱	以物輾轉給人；貱過來：拿過來	pɛ33
贔		pei22
閟		pei33
蹕		pɐk5
㮿		pɐk5
駜		pik5
駜		pɐk2
觱		pik5
觱		pɐk5
嬖		pʰei33
鞞		pɪŋ25
韠		pɐk5
躄		pɪk5
躃		pɪk5
鷩		pik3
籩		piŋ55
煸		piŋ55
煸		pʰiŋ55
箯		piŋ55
鯾		piŋ55
窆		piŋ25
惼		piŋ25
褊		piŋ25
忭		piŋ22
昪		piŋ22
徧		pʰiŋ33
艑		piŋ22
緶	用針縫合編織物	pʰiŋ22
緶	通「辮」	piŋ55
髟		piu55
猋		piu55
摽	拋落、丟棄；擊	piu55
摽	落下	pʰiu13
摽	落下	pʰiu33
滮		piu55
麃		piu55
麃	鹿類動物名稱	pʰau22
熛		piu55
儦		piu55
瀌		piu55
儐	儐相, 儐從, 儐接	pɐŋ33
儐	尊敬	pɐŋ55
璸		pɐŋ55
豳		pɐŋ55
髕		pɐŋ33
仌		pɪŋ55
氷		pɪŋ55
掤		pɪŋ55
邴		pɪŋ25
怲		pɪŋ25
昺		pɪŋ25
疒		ʦʰɔŋ22
疒		nɪk2
幷		pɪŋ22
幷		pɪŋ33
癶		puk2
癶		puk3
袚	古稱少數民族的服裝；繫在衣服前面的大巾	puk3
袚	古稱少數民族的服裝；繫在衣服前面的大巾	fɐk5
襏		puk2
碆		pɔ55
浡		puk2
餺		pɔk3
鎛		pɔk3
駮		pɔk3
壆	土堅。	pɔk3
壆	器物的裂縫	kʰɔk3
襮		pɔk3
襮		pɔk3
蘗		pʰak3
晡		pou55
吥		pɐk5
抪		pou33
蔀		pou22
餔		pou55
埰		ʦʰɔi25
驂		ʦʰam55
憯		ʦʰam25
鶬	鶬鴰	ʦʰɔŋ55
鶬	金飾貌	ʦʰioŋ55
艚		ʦʰou22
艸		ʦʰou25
肏		ʦʰau33
筴	同“策”	ʦʰak3
筴	指筷子	kap3
𥰡		ʦʰak3
梣		ʦʰɐm22
䉕		ʦʰɐŋ22
扠		ʦʰa55
扱		kʰɐp5
嗏		ʦʰa55
鍤		ʦʰap3
艖		ʦʰa55
茭		kau55
鮫		kau55
佼		kau25
秸		kɐk5
訐		kʰik3
婕		ʦik3
羯		kʰik3
蚧		kai33
矜		kɪŋ55
燼		ʦɐŋ22
靳		kɐŋ33
縉		ʦɐŋ33
噤		kɐm33
噤		kʰɐm55
璟		kɪŋ25
脛		kɪŋ33
痙		kɪŋ22
熲		kʰɪŋ25
狙		ʦui55
齟		ʦui25
踽		kei25
倨		kei33
蠲		kiŋ55
鄄		kiŋ33
珏		kʰɔk3
桷		kɔk3
蹶		kʰik3
矍		kʰɔk3
攫		kʰɔk3
筠	地名用字	kʰʷɐŋ55
筠	竹子	ʋɐŋ22
儁		ʦɐŋ33
闓		hɔi25
鍇		kʰai25
戡		hɐm55
闞	視、看；姓氏	hɐm33
闞	張大嘴巴的樣子	ham25
伉		kʰɔŋ33
銬		kʰau33
珂		kʰɔ55
頦		hɔi22
岢		hɔ25
恪		kʰɔk3
氪		hɐk5
緙		kʰak3
緙		hɐk5
倥	倥侗	hʊŋ55
倥	倥偬	hʊŋ25
箜		hʊŋ55
絝		fu33
挎		kʰʷa33
胯		kʰʷa33
儈		kʰui33
噲		fai33
獪		kʰui33
髖		fuŋ55
劻		kʰʷaŋ55
鄺		kʰɔŋ33
壙		kʰɔŋ33
巋		kʰʷɐi55
馗		kʰʷɐi22
喹		kʰʷɐi22
聵		kʰui33
簣		kʰui33
堃		kʰʷɐŋ55
琨		kʰʷɐŋ55
髡		kʰʷɐŋ55
旯		la55
砬		lɐp2
崍		lɔi22
徠		lɔi22
淶		lɔi22
賚		lɔi22
讕		laŋ22
襤		lam22
鑭		laŋ22
啷		lɔŋ22
閬		lɔŋ22
閬	閬中(縣名)	lɔŋ13
癆		lou22
醪		lou22
蜊		lei22
藜		lɐi22
俚		lei13
娌		lei13
澧		lɐi13
癘		lɐi22
櫟		lɪk5
櫟		lɪk2
櫟	櫟陽	jok2
儷		lɐi22
癧		lɪk2
蒞		lei22
礪		lɐi22
唳		lui22
傈		lɐk2
溧		lɐk2
槤		liŋ22
濂		lim22
瀲		lim22
嵖		ʦʰa22
瘥	病。	ʦʰɔ22
瘥	病痊愈。如：「病瘥」。	ʦʰai33
覘		ʦim55
梴		ʦʰiŋ55
梴	古通“筵”，墊席	jiŋ22
幨		ʦim55
襜		ʦim55
僝		saŋ22
僝		ʦʰaŋ22
儃	儃佪	siŋ22
儃	儃儃，舒閒貌	tʰaŋ25
澶		siŋ22
毚		ʦʰam22
襌		sim22
儳	不整齊	ʦʰam33
儳	苟且，不嚴肅；儳道, 儳言	ʦʰam22
躔		ʦʰiŋ22
鑱		ʦʰam22
剗		ʦʰaŋ25
嘽	寬舒聲	ʦʰiŋ25
嘽	嘽嘽；嘽緩	tʰaŋ55
嵼		ʦʰaŋ25
䠨		ʦʰim33
倀		ʦʰioŋ55
閶		ʦʰioŋ55
䱽		ʦʰioŋ55
䱽		ʦʰɔŋ55
裮		ʦʰioŋ55
萇		ʦʰioŋ22
鱨		sioŋ22
厂	山邊可住人之岩洞；部首	hɔŋ33
𢠵		ʦʰɔŋ25
鬯		ʦʰioŋ33
韔		ʦʰioŋ33
弨		ʦʰiu55
鼂	姓。同「晁」	ʦʰiu22
鼂	通“ 朝 ”，早晨	ʦiu55
漅		ʦʰau22
轈		ʦʰau22
䞣		ʦʰɛ33
䞣	半歩	ʦʰak3
屮		ʦʰik3
綝		sɐm55
綝		ʦʰɐm55
蔯		ʦʰɐŋ22
煁		sɐm22
霃		ʦʰɐm22
疢		ʦʰɐŋ33
齔		ʦʰɐŋ33
櫬		ʦʰɐŋ33
棦		ʦʰaŋ55
橕		ʦʰaŋ55
棖		ʦʰaŋ22
郕		sɪŋ22
堘		sɪŋ22
裎		ʦʰɪŋ22
蚩		ʦʰi55
摛		ʦʰi55
媸		ʦʰi55
絺		ʦʰi55
螭	古同“魑”，魑魅	ʦʰi55
𪗪		ʦʰi55
齝		ʦʰi55
攡		ʦʰi55
蚳		ʦʰi22
漦		ʦʰi22
漦	地名,漦城	lei22
篪		ʦʰi22
饎		ʦʰi33
鷘		ʦʰɪk5
冲		ʦʰʊŋ55
㤝		ʦʰʊŋ55
翀		ʦʰʊŋ55
罿		ʦʰʊŋ55
罿		tʰʊŋ22
艟		tʰʊŋ22
虫		ʦʰʊŋ22
㧤		ʦʰʊŋ33
揰		ʦʰʊŋ33
紬	䌷绎；意「缀集」	ʦʰɐu55
紬	通「绸」	ʦʰɐu22
篘		ʦʰɐu55
瘳		ʦʰɐu55
犨		ʦʰɐu55
儔		ʦʰɐu22
譸		ʦɐu55
幬	蚊帐、帷幕	ʦʰɐu22
幬	覆盖	tou22
椆	椆木； 椆水	ʦʰɐu22
椆	椆苕(樹木名稱)	tiu55
椆	木椆(船篙木)	ʦɐu33
酧		ʦʰɐu22
裯	衾裯單薄的被或床帳	ʦʰɐu22
裯	衹裯：短衣	tou55
偢	看、理睬，同「瞅」	ʦʰɐu55
摴		si55
摴		ʦʰi55
樗		si55
樗		ʦʰi55
篨		ʦʰui22
楮		ʦʰi13
亍		ʦʰʊk5
俶		ʦʰʊk5
憷		ʦʰɔ25
搋	用力搓揉	ʦʰai55
膪		ʦa22
舡	同“船”	siŋ22
遄		ʦʰiŋ22
䚎		ʦɔŋ55
䚎		ʦʰɔŋ55
莨	莨尾	lɔŋ22
莨	薯莨	lioŋ22
蓼	植物名。蓼科蓼属，一年生草本	liu13
蓼	長大的樣子	lʊk2
撂		liu55
咧	齜牙咧嘴	lik2
咧	句末語氣助詞，表示一種無可奈何的情緒	lɛ22
咧	疑問助詞，相當於普通話的「呀」	lɛ33
啉		lɐm22
璘		lɐŋ22
苓		lɪŋ22
囹		lɪŋ22
瓴		lɪŋ22
櫺		lɪŋ22
呤		lɪŋ22
鏐		lɐu22
綹		lɐu13
蘢		lʊŋ22
櫳		lʊŋ22
礱		lʊŋ22
矓		lʊŋ22
婁		lɐu22
僂		lɐu22
蔞	蛤蔞	lɐu55
蔞	蔞蒿	lɐu22
蔞	蔞翣	lɐu13
螻		lɐu22
擼		lou13
轤		lou22
臚		lou22
鱸		lou22
籙		lʊk2
潞		lou22
欒		liŋ22
灤		liŋ22
鑾		liŋ22
玀		lɔ22
珞		lɔk3
閭		lui13
褸		lɐu13
褸		lui13
墁		maŋ22
牤		mɔŋ55
邙		mɔŋ22
鋩		mɔŋ22
鉚		mau13
眊		mou22
懋		mɐu22
袂		mɐi22
捫		muŋ22
懣		muŋ22
勐		mɐŋ13
嘧		mɐk2
湎		miŋ13
淼		miu13
閔		mɐŋ13
茗		mɪŋ22
溟		mɪŋ22
酩		mɪŋ22
謨		mou22
蘑		mɔ22
秣		muk3
秣		muk2
貉	古代中國稱北方的一支外族為「貉」	mɐk2
貉	動物名。	hɔk2
貘		mɔk2
氖		nai13
赧		naŋ13
囔		nɔŋ22
呶	文讀	nau22
呶	訓讀，指示代詞，表遠指	nu55
淖		nau22
訥		nɐk2
怩		nɐi22
鯢		ŋɐi22
旎		nɐi13
睨		ŋɐi22
蔦		niu13
嫋		niu13
乜	姓氏	nɛ22
乜		mɐk5
櫱		ȵip2
櫱		jip2
擰		nɪŋ22
擰	扭擰	nɪŋ33
擰	擰開	nɪŋ25
忸		nɐu25
噥		nʊŋ22
儺		nɔ22
喏	唯唯喏喏	nɔk3
喏	唱喏	ȵɛ13
喏	唱喏	jɛ13
搦		nɪk5
衄		nʊk2
耦		ŋɐu13
葩		pʰa55
俳		pʰai22
槃		pʰuŋ22
泮		pʰuŋ33
耪		pʰɔŋ13
呸		pʰei55
嘭		pʰaŋ55
砒		pʰɐi55
毗		pʰei22
蜱		pʰei22
鼙		pʰei22
痞		pʰei25
睥		pʰɐi22
睥		pʰɐi13
剽		pʰiu13
嘌		pʰiu55
嬪		pʰɐŋ22
鄱		pɔ33
噗	象聲詞，吹氣的聲音；液體沸騰溢出的聲音	pʰu22
噗	噗哧	pʰɔk3
濮		pʊk2
圻	京畿四周一千里以內的地方；面積千里之地	kʰei22
圻	邊界、地界。通「垠」。	ŋɐŋ22
芪		kʰei22
頎		kʰei22
祺		kʰei22
綦		kʰei22
蘄		kʰei22
葺		ʦʰɐp5
髂		kʰa33
扦		ʦʰiŋ55
鈐		kʰim22
箝		kʰiɐm22
戧	支撑；在器物圖案上填金	ʦʰioŋ33
戧	(1)逆、不順 (2)意見牴觸、不合	ʦʰioŋ55
嬙		ʦʰioŋ22
羥		kʰioŋ13
蹌	踉蹌	ʦʰioŋ33
橇		hiu55
嶠		kʰiu22
嶠		kiu22
誚		ʦʰiu33
挈		kʰik3
趄	趔趄	ʦʰik3
趄	趄，行不進的樣子；趑趄	ʦʰui55
衾		kʰɐm55
芩		kʰɐm22
氰		ʦʰɪŋ55
邛		kʰʊŋ22
湫	湫然「清靜的樣子」；湫水河	ʦɐu55
湫	湫底	ʦʰɐu55
湫	湫隘	ʦiu25
楸		ʦʰɐu55
虯		kʰɐu22
祛		kʰei55
蛐		kʰʊk5
癯		kʰei22
衢		kʰei22
蠼	蠼螋	kʰei22
蠼	〈古〉猴子	kʰɔk3
齲		kʰei25
闃		kʰɪk5
䠐		kʰɪk5
郥		kʰɪk5
荃		ʦʰiŋ22
筌		ʦʰiŋ22
醛		ʦʰiŋ22
炔		kʰik3
闋		kʰik3
逡		ʦʰɐŋ55
禳		ȵioŋ22
禳		joŋ22
嬈		jiu22
荏		jɐm13
濡		ji22
偌		jok2
仨		ɬam55
仨		sam55
颯		sap3
噻		ɬɐk5
噻		sɐk5
糝		sɐm25
繅		ɬou55
繅		sou55
瘙		ɬou55
瘙		sou55
銫		sɪk5
穡		sɪk5
痧		sa55
裟		sa55
啥		sa25
芟		sam55
舢		saŋ55
潸		saŋ55
鄯		siŋ22
嬗		siŋ22
鱔		siŋ13
殤		sioŋ55
筲		sau55
艄		sau55
猞		sɛ33
畲		sɛ55
詵		sɐŋ55
砷		sɐŋ55
嵊		sɪŋ22
諡		si33
奭		sɪk5
螫		ʦʰɪk5
綬		sɐu22
疋	量詞。計算布帛類紡織品的單位。	pʰɐk5
疋	雅的古字。	ŋa13
疋	腳；记	sɔ55
菽		sʊk5
澍		si22
吮		siŋ13
吮		sɐŋ13
妁		ʦiok3
鑠		siok3
螄		si55
鍶		si55
汜		ʦʰi13
泗		ɬei33
泗		sei33
淞		ɬʊŋ55
淞		sʊŋ55
溲		sɐu55
僳		ɬʊk5
僳		sʊk5
簌		ʦʰʊk5
睢	恣睢；睢河	ɬui55
睢	恣睢；睢河	sui55
睢		fui55
蓀		ɬiŋ55
蓀		siŋ55
挲		ɬɔ55
挲		sɔ55
羧		ɬɔ55
羧		sɔ55
嗩		ɬɔ25
嗩		sɔ25
趿	以腳撥取東西。	ɬap3
趿	以腳撥取東西。	sap3
趿	趿拉	tʰak3
撻		tʰak5
肽		tʰai33
鈦		tʰai33
曇		tʰam22
郯		tʰam22
羰		tʰɔŋ55
蹚		tʰɔŋ25
搪		tʰɔŋ22
溏		tʰɔŋ22
帑	貯藏錢財的府庫	tʰɔŋ25
帑	兒子、子孫，通「孥」	nu22
帑	「帑帑」連讀時，第二箇「帑」的變讀	nu25
帑	用作自稱時的變調	nu55
儻		tʰɔŋ25
燾		tou22
燾		tʰou22
韜		tʰou55
饕		tʰou55
洮	盥洗。淘洗。	tʰou22
洮	湖泊名。	jiu22
銻		tʰɐi55
鵜		tʰɐi22
逖		tʰɪk5
悌		tɐi22
悌		tʰɐi13
佻	輕薄、不莊重。	tʰiu55
佻	佻佻	tʰiu22
苕		tʰiu22
笤		tʰiu22
餮		tʰik3
烴		tʰɪŋ55
酮		tʰʊŋ22
潼		tʰʊŋ22
慟		tʊŋ22
坨		tʰɔ22
柁		tʰɔ22
砣		tʰɔ22
柝		tʰɔk3
籜		tʰɔk3
佤		ŋa13
崴		ʋɐi55
綰		ʋaŋ25
罔		mɔŋ13
葳		ʋɐi55
幃		ʋɐi22
濰		ʋɐi22
諉		ʋɐi25
猥		ʋui55
韙		ʋɐi13
痿		ʋɐi25
汶		mɐŋ22
撾	老撾	ʋɔ55
撾	撾鼓罵曹	ʦa55
萵		ʋɔ55
幄		ɐk5
幄		ak5
廡		mou13
忤		ŋ̍13
嫵		mou13
捂		ŋ̍22
牾		ŋ̍13
騖		mou22
鶩		mou22
郗		ʦʰi55
郗		hei55
唏		hei55
硒		ɬɐi55
硒		sɐi55
翕		hɐp5
皙		ɬɪk5
皙		sɪk5
豨		hei55
僖		hei55
樨		ɬɐi55
樨		sɐi55
覡		hɐk2
氙		ɬiŋ55
氙		siŋ55
酰		ɬiŋ55
酰		siŋ55
舷		hiŋ22
癇		haŋ22
蜆		hiŋ25
驤		ɬioŋ55
驤		sioŋ55
梟		hiu55
嘵		hiu55
鴞		hiu55
擷		kʰik3
擷		kik3
勰		hip2
纈		kʰik3
廨		kai33
燮		ɬip3
燮		ɬik3
躞		ɬip3
躞		ɬik3
訢		jɐŋ55
訢		hɐŋ55
芯		ɬɐm55
芯		sɐm55
忻		jɐŋ55
忻		hɐŋ55
昕		jɐŋ55
昕		hɐŋ55
鋅		ɬɐŋ55
鋅		sɐm55
歆		hɐm55
囟		ɬɐŋ33
囟		sɐŋ55
荇		hɐŋ22
悻		hɐŋ22
貅		hɐu55
貅		jɐu55
岫		ʦɐu22
溴		ʦʰɐu33
盱		hui55
盱		hei55
頊		jʊk5
洫		kʰɪk5
蓿		ɬʊk5
噱		kʰiok3
蕁		ʦʰɐm22
峋		ɬɐŋ22
峋		sʊk55
洵		ɬɐŋ22
洵		sɐŋ22
鱘		ʦʰɐm22
汛		ɬɐŋ33
汛		sɐŋ22
徇		ɬɐŋ22
徇		sɐŋ33
巽		ɬɐŋ33
巽		sɐŋ22
琊		jɛ22
婭		a33
氬		a33
偃		jiŋ25
琰		jim13
唁		jiŋ22
灩		jim22
贗		ŋaŋ22
暘		joŋ22
煬		joŋ22
佯		joŋ22
怏		joŋ33
徭		jiu22
繇	勞役，通「徭」	jiu22
繇	古代占卜的文辭	ʦɐu22
掖		jɪk2
揶		jɛ22
鄴		jip2
曄		jip2
咿		ji55
銥		ji55
猗		ji25
猗		ji55
噫		ji55
詒		ji22
痍		ji22
苡		ji13
旖		ji25
懌		jɪk2
軼		jɐk2
軼	同「迭」字	tɪk2
悒		jɐp5
癔		ji33
喑		jɐm55
狺		ŋɐŋ22
鄞		ŋɐŋ22
胤		jɐŋ22
嚶		jɪŋ55
嚶		ɐŋ55
瓔		jɪŋ55
楹		jɐŋ22
嬴		jɪŋ55
郢		jɪŋ13
癭		jɪŋ25
慵		jʊŋ22
臃		ʊŋ25
鱅		jʊŋ22
鱅	大頭鱅	sʊŋ22
呦		jɐu55
猷		jɐu22
牖		jɐu13
璵		ji22
歟		ji22
臾		ji22
揄		ji22
喁	魚露出水面呼吸	jʊŋ22
喁	相應和的聲音	ji22
腴		ji22
覦		ji22
傴		ji25
聿		ʋɐk2
鈺		ȵʊk2
鈺		jʊk2
閾		ʋɪk2
爰		jiŋ22
黿		jiŋ22
媛		jiŋ22
媛		ʋuŋ22
瑗		jiŋ22
鉞		jik2
紜		ʋɐŋ22
鄆		ʋɐŋ22
惲		ʋɐŋ22
韞		ʋɐŋ33
韞		ʋɐŋ25
匝		ʦap3
咂		ʦap3
咋	咋舌	ʦa33
咋	怎麼：咋辦	ʦa25
瓚		ʦaŋ33
賾		ʦak3
甑		ʦɐŋ22
旃		ʦiŋ55
譫		ʦim55
霑		ʦim55
嶂		ʦioŋ33
幛		ʦioŋ33
鍺		ʦɛ25
柘		ʦɛ33
鷓		ʦɛ33
箴		ʦɐm55
畛		ʦɐŋ25
縝		ʦɐŋ25
錚		ʦɐŋ55
祗		ʦi55
跖		ʦiɐk3
沚		ʦi25
酯		ʦi25
帙		tik2
桎		ʦɐk2
鷙		ʦi33
謅		ʦɐu55
妯	妯娌	ʦʊk2
妯	憂心且妯	ʦʰɐu55
胄		ʦɐu22
躅		ʦʊk2
渚		ʦi25
顓		ʦiŋ55
囀		ʦiŋ25
饌		ʦaŋ22
斫		ʦiok3
貲		ʦi55
淄		ʦi55
齜		ʦi55
鏃		ʦʊk2
祚		ʦou22
唑		ʦɔ22
着	着火	ʦiok2
獐		ʦioŋ55
着	着衫	ʦiok3
羣		kʰʷɐŋ22
傖		ʦʰɔŋ55
瀣		hai22
鈹		pʰei22
鉍		pei33
鎳		nip2
婀		ɔ55
鎵		ka55
銣		ji22
鉬		mʊk2
銦		jɐŋ55
鈮		nɐi22
鉭		taŋ33
釙		pʰɔk3
鈁		fɔŋ55
釷		tʰou25
鈈		pɐk5
苄		piŋ22
錒		a55
氘		tou55
蒽		jɐŋ55
碸		fʊŋ55
呋		fu55
坩		hɐm55
坩	習讀音	kam55
胍		kʷa55
胍		ku55
焓		hɐm22
腈		ʦʰɪŋ55
醌		kʰʷɐŋ55
脒		mɐi13
萘		nɔi22
脲		niu22
哌		pʰai33
巰		kʰɐu22
酞		tʰai33
熵		sioŋ55
醣		tʰɔŋ22
吡		pei25
吡		pʰei25
吲		jɐŋ13
哚		tɔ25
孬		nau55
孬	訓讀	jɐi13
朊		jiŋ13
朊		jiŋ25
仂		lɐk2
佧		kʰa55
倮		lɔ25
傯		ʦʊŋ25
氽		tʰɐŋ25
氚		ʦʰiŋ55
凇		ɬʊŋ55
凇		sɐŋ33
誑		kʰɔŋ22
謖		sʊk5
坌		pɐŋ22
圩	同「墟」	hɔi55
圩	築圩防水；圩防	ʋɐi22
垸	垸子	jiŋ22
垸	用漆摻合骨灰塗抹器物	ʋuŋ22
塄		lɪŋ22
艿	芋艿	nai13
艿	草割後更生，亦稱亂草	ȵɪŋ22
艿	草割後更生，亦稱亂草	jɪŋ22
藶		lɪk2
薌		hioŋ55
菘		ɬʊŋ55
菘		sʊŋ55
菪		tɔŋ22
葶		tʰɪŋ22
蒴		sɔk3
夼		kʰɔŋ33
芨		kɐp5
搠		sɔk3
攥		ʦaŋ22
卟		pʊk5
呔		tʰai33
哐		kʰʷaŋ55
噝		si55
呲		ʦi55
呲		ʦʰi55
啵		pɔ55
唰		ʦʰak3
嗪		ʦʰɐŋ22
嗥		hou22
噯		ɔi25
嗵		tʰʊŋ55
嘞		lak3
嘞		la55
嘁		ʦʰɪk5
噘		kʰik3
囝		ʦɐi25
圊		ʦʰɪŋ55
帔		pʰei33
峴		hiŋ25
嶴		ou33
岣		kɐu25
峁		mau13
嶧		jɪk2
崮		ku33
嶁		lɐu13
噙		kʰɐm22
猁		lei22
噌		ʦɐŋ55
懨		jim55
惝		tʰɔŋ25
惝		ʦʰɔŋ25
灃		fʊŋ55
謇		kiŋ25
沅		jiŋ22
瀦		ʦi55
羼		ʦʰaŋ33
紆		ji55
縵		maŋ22
玢		pɐŋ55
玢		fɐŋ55
玳		tɔi22
珧		jiu22
棹	船桨	ʦau22
棹	可放置東西的家具，同「桌」	ʦʰiok3
棰		ʦʰui22
榘		kei25
槭		ʦʰɪk5
槭		ʦʰʊk5
槭	樹葉凋零的樣子：蕭槭	sak3
檣		ʦʰioŋ22
楂		ʦa55
櫞		jiŋ22
珥		ȵi13
珥		ji13
賧		tam22
犛		lei22
胴		tʊŋ22
脘	習讀音	jiŋ25
脘		kuŋ25
脘		ʋuŋ25
腧		si22
媵		jɪŋ22
歙	吸、吸入	hɐp5
歙	吸、吸入	kʰɐp5
歙	歙县；歙砚	sip3
颮		piu55
欹		kʰei55
焱		jim22
煊		hiŋ55
砭		piŋ55
砦		ʦai22
硌	碰到堅硬不平的東西而造成傷害或痛苦	kɔk3
硌	山上的大石	lɔk2
碚		pʰui13
畈		faŋ33
畹		jiŋ25
畹		ʋuŋ25
鐗		kaŋ25
鍔		ŋɔk2
稃		fu55
稹		ʦɐŋ25
瘃		ʦʊk2
癜		tiŋ22
袢		pʰaŋ33
褳		liŋ22
褙		pui33
襦		ȵi22
襦		ji22
頇		hɔŋ55
顳		nip2
顢		muŋ22
蚰		jɐu22
蚴		jɐu33
蛺		kap3
蠑		ʋɪŋ22
蠑		jʊŋ22
螋		sɐu55
螅		ɬɪk5
螅		sʊŋ5
笸		pʰɔ25
箐		ʦʰɪŋ55
篋		hap2
篋	行李箱	kip5
籪		tiŋ22
糌		ʦam55
趔		lik2
踅		ʦʰik3
跏		ka55
蹁	文讀	pʰiŋ22
蹁	白讀	pʰiɛŋ22
鰹		kiŋ55
鯔		ʦi55
鰳		lɐk2
鱈		ɬik3
鱈		sɪk5
韃		tak2
鞣		jɐu22
髁		kʰɔ55
髭		ʦi55
麇		kʷɐŋ55
麇		kʰʷɐŋ22
麂		kei25
黧		lɐi22
竈		ʦou33
峯		fʊŋ55
堝		ʋɔ55
麪		miŋ22
湴		paŋ22
齙	齙牙	piau22
齙	齙牙	piɐu22
屄		pei55
煏		pɪk5
潷		pɐk5
潷		pei33
魑		ʦʰi55
黐		ʦʰi55
彳		ʦʰɪk5
胆		tam25
氹		tʰɐm13
戥		tɐŋ22
戙		tʊŋ22
奀		ŋɐŋ55
簋		kʷɐi25
鯇		ʋaŋ13
豭		ka55
焗		kʊk2
嘅		kʰɔi33
冚		hɐm22
冚	方言，盖	kʰɐm25
墈		hɐm33
詈		lei22
魎		lioŋ13
泠		lɪŋ22
淩		lɪŋ22
艫		lou22
孌		liŋ25
臠		liŋ25
嫚		maŋ22
劘		mɔ22
芈		mei13
糸		mɪk2
褦		nai22
辟		pʰɪk5
黚	黃黚黚	kʰɐm22
黚		kʰim22
欶		sɔk3
魍		mɔŋ13
炆		mɐŋ55
搵		ʋɐŋ25
躽	文讀	jiŋ25
躽	白讀	ʔiɛŋ25
圉		ji13
逳		jʊk5
為		ʋɐi22
鈧		kʰɔŋ33
鎵		ka55
鍀		tɐk5
銠		lou13
鐠		pʰou25
釹		nui13
鉕		pʰɔ25
鈥		fɔ25
鋨		ŋɔ22
弍		ȵi22
弍		ji22
鎄		ɔi55
鎇		mei22
鍆		muŋ22
氘		tou55
矾		faŋ22
蒄		kuŋ55
氕		pʰik3
叻		liɐk5
鯰		nim22
鉿	穿透的聲音：鉿然有穿	kap3
鉿	金屬元素，符號Hf	ha55
鉿	鉿匝	hɐp2
犉		sɐŋ22
踳		ʦʰɐŋ25
踳		ʦʰiŋ25
踔		ʦʰiok3
辵		ʦʰiok3
歠		ʦik3
骴		ʦʰi55
堲		ʦɪk5
佌		ʦʰi25
泚		ʦʰi25
跐	跐豸，姿媚；踐踏	ʦʰi25
跐	滑脚	ʦʰi55
跐	同跴，踏也	ʦʰai25
朿		ʦʰi33
佽		ʦʰi33
茦		ʦʰak3
蛓		ʦʰi33
螆		ʦi55
驄		ʦʰʊŋ55
璁		ʦʰʊŋ55
悰		ʦʰʊŋ22
潨		ʦʊŋ55
潨		ʦʰʊŋ22
殂		ʦʰou22
蔟	太蔟，古代樂律名稱	ʦʰɐu33
蔟		ʦʰʊk5
踧		ʦʰʊk5
顣		ʦʰʊk5
榱		ʦʰui55
漼		ʦʰui25
毳		ʦʰui33
焠		ʦʰui33
邨		ʦʰiŋ55
膥		ʦʰɐŋ55
洊		ʦiŋ33
瑳		ʦʰɔ55
嵯		ʦʰɔ55
㿷		ʦʰou55
脞		ʦʰɔ25
剉		ʦʰɔ33
妲	文讀	tak3
妲	白讀	tʰaŋ25
薘		tak2
炟		tak3
笪		tak3
笪	擊也。亦姓。	taŋ33
鞑		tak2
鞑		tʰak3
繨		tak2
瑇		tɔi22
靆		tɔi22
艜		tai33
卩		ʦik3
担		tam55
聃		tam55
酖		tam55
癉	勞苦；憎恨；病	taŋ33
癉	癉瘧, 火癉	taŋ55
儋		tam55
紞		tam25
亶		tʰaŋ25
亶	通「但」。僅，只	taŋ22
沊		tɐm25
訑	訑訑(洋洋自得的樣子)	ji22
訑	通「誕」字	taŋ33
疍		taŋ22
萏		tam22
啗	以利餌人	ɐm25
啗	同「啖」	tam22
窞		tam22
髧		tam22
噉		kɐm25
僤		taŋ22
餤	吃。以利相诱。	tam22
餤	進、進入	tʰam22
禫		tam22
璫		tɔŋ55
讜		tɔŋ25
忉		tou55
舠		tou55
翿		tou22
纛		tou22
淂		tɐk5
灯		tɐŋ55
䔲		tɐŋ55
簦		tɐŋ55
羝		tɐi55
隄		tʰɐi22
磾		tɐi55
鞮		tɐi55
靮		tɪk5
覿		tɪk2
鏑		tɪk5
篴		tɪk2
篴		tɪk2
氐	中國古代西方少數民族之一。俯、垂下。	tɐi55
氐	根本、基礎。總括之詞，同「抵」。	tɐi25
坻	水中高地。	ʦʰi22
坻	宝坻县	tɐi25
弤		tɐi25
軧		tɐi25
杕	樹木孤高獨立的樣子。	tɐi22
杕	控制行船方向的設備，多裝置在船尾。同「舵」。	tʰɔ22
揥	捐棄也。除去。	tɐi33
揥	搔头的簪；象揥	tʰɐi33
禘		tɐi33
螮		tɐi33
甋		tɪk5
瘨		tiŋ55
瘨	腹脹病	ʦʰɐŋ55
蹎		tiŋ55
巓		tiŋ55
𩥄		tiŋ55
丶		ʦi25
阽		tim33
阽		jim22
坫		tim33
淀		tiŋ22
蜔		tiŋ22
彫		tiu55
琱		tiu55
扚	提拿	tɪk5
扚	手指節紋	jok2
扚	疾擊	tiu25
扚	按壓	lɪk2
窵		tiu33
𥾯		tiu33
銚	古代的大鋤：犀銚利鉏；姓	jiu22
銚	銚子，一種小烹器	tiu22
罀		tiu22
垤		tik2
絰		tik2
瓞		tik2
揲		tip2
揲		sip3
耄		mou22
耋		tik2
艓		tip2
鰈		tip2
哋		ti22
玎		tɪŋ55
矴		tɪŋ33
蝀		tʊŋ55
垌		tʊŋ22
挏		tʊŋ22
㨮		tɐu55
枓	柱上支撐大樑的方木	tɐu25
枓	一種盛水的器具	ʦi25
鬭		tɐu33
剢	刀鋤	tʊk5
櫝		tʊk2
匵		tʊk2
騳		tʊk2
髑		tʊk2
韣		tʊk2
讟		tʊk2
䭔		tui55
懟		tui33
憝		tui22
憝		tui33
吨		tɐŋ55
礅		tɐŋ55
楯	通“盾”。盾牌	tɐŋ22
楯	欄桿的橫木，泛指欄桿	sɐŋ13
剟		ʦik3
剟		tik2
剫		tɔk2
埵		tɔ25
嶞		tɔ22
妸		ɔ55
囮		ŋɔ22
囮		jɐu22
莪		ŋɔ22
譌		ŋɔ22
𣎴		ŋɔk2
𣎴		tɐŋ25
戹		ɐk5
阨		ɐk5
呝		ɐk5
𠱥		ŋɔk2
𠱥		ȵik2
咢		ŋɔk2
讍		ŋɔk2
鈪		ak3
遻		ŋ̍22
頞		ak3
鰐		ŋɔk2
咡		ȵi22
咡		ji22
㖇		ȵi22
㖇		ji22
洏		ȵi22
洏		ji22
栭		ȵi22
栭		ji22
鴯		ȵi22
鴯		ji22
唲		ȵi22
唲		ji22
輀		ȵi22
輀		ji22
駬		ȵi13
駬		ji13
樲		ȵi22
樲		ji22
沷		fak3
笩		fak2
墦		faŋ22
旛		faŋ55
轓		faŋ55
籓		faŋ55
膰		faŋ22
繙		faŋ55
蹯		faŋ22
蠜		faŋ22
汎		faŋ22
汎		faŋ33
㤆		faŋ33
邡		fɔŋ55
枋		fɔŋ55
祊		pɐŋ55
昉		fɔŋ25
髣		fɔŋ25
裶		fei55
鯡		fei55
𦄂		tai33
騑		fei55
淝		fei22
胐	臀；胯骨	fɐk5
胐	天剛發亮；農曆初三的代稱；新月開始有亮光	fei25
棐		fei25
篚		fei25
棻		fɐŋ55
餴		fɐŋ55
枌		fɐŋ22
棼		fɐŋ22
蕡		fɐŋ22
鼢		fɐŋ22
鼢		fɐŋ13
僨		fɐŋ13
渢		fʊŋ22
葑		fʊŋ55
酆		fʊŋ55
唪		fʊŋ25
紑		fɐu22
缶		fɐu25
沕		mɐk2
沕	沕水：在水中憋氣	mei33
玞		fu55
砆		fu55
怤		fu55
鈇		fu55
芣		fɐu22
紱		fɐk5
韍		fɐk5
枹	〈古〉同「桴」	fu55
枹	枹樹	pau55
柫		fɐk5
郛		fu55
祓		fɐk5
莩	植物名	fu55
莩	饿死的人。通「殍」。	pʰiu13
桴		fu55
紼		fɐk5
葍		fʊk5
蜉		fɐu22
颫		fu22
粰	古同“稃”；麩的異體	fu55
粰	馓子，一种面粉做的油炸食物。	fɐu22
綍		fɐk5
髴		fɐk5
幞		fʊk2
幞		pʊk2
黻		fɐk5
簠		fu25
黼		fu25
柎		fu55
复		fʊk5
祔		fu22
鮒		fu22
𧌓		fɐu22
賻		fu22
侅		kɔi55
荄		kɔi55
矸		kɔŋ55
疳		kam55
扞		hɔŋ22
榦		kɔŋ33
淦		kɐm33
骭		kɔŋ33
𧆐		kʊŋ33
矼	石橋	kɔŋ55
矼	確實的樣子	hɔŋ55
釭		kɔŋ55
堽		kɔŋ55
皐		kou55
橰		kou55
櫜		kou55
鼛		kou55
郜		kou33
暠		kou25
紇	回紇	hɐk2
紇	紇繨, 紇絡	kɐk5
佮	合取也。通常寫作夾，意為合起來、合力接棹。	kap3
挌		kak3
搿		kap3
韐		kap3
輵		kɔk3
哿		hɔ25
哿		kɔ25
舸		kɔ25
舸		hɔ25
亘		kɐŋ33
鶊		kɐŋ55
挭		kɐŋ25
綆		kɐŋ25
㾘		kɐŋ25
鯁		kɐŋ25
骾		kɐŋ25
觥		kʷɐŋ55
廾		kʊŋ25
巩		kʊŋ25
栱		kʊŋ25
緱		kɐu55
鞲		kɐu55
耇		kɐu25
遘		kɐu33
𡻉		kɐu33
覯		kɐu33
柧		ku55
罛		ku55
菰		ku55
酤		ku55
觚		ku55
糓		kʊk5
罟		ku25
羖		ku25
嘏	大、遠。通「遐」。	ka25
嘏	福祉。對主人祝福的言語。	ku25
盬		ku25
牿		kʊk5
騧		kʷa55
詿		kʷa33
啩		kʷa33
罣		kʷa33
罣		kʰʷa33
瘝		kʷaŋ55
痯		kuŋ25
丱		kʷaŋ33
祼		kuŋ33
瓘		kuŋ33
洸		kɔŋ55
嬀		kʷɐi55
宄		kʷɐi25
庋		kʷɐi25
庋		kei25
匭		kʷɐi25
垝		kʷɐi25
攰		kui22
禬		kʰui33
緄		kʷɐŋ25
鯀		kʷɐŋ25
䜇		kʷɐŋ25
䜇		kʷɐŋ33
琯		kuŋ25
謴		kʷɐŋ33
咼	姓氏	kɔ55
咼	咼斜(嘴歪斜不正)	ʋa55
咼	同「和」字	ʋɔ22
嘓		kɔk3
馘		kʰɪk5
菓		kɔ25
椁		kɔk3
蜾		kɔ25
醢		hɔi25
魽		hɐm55
唅		hɐm22
㮀		hɐm22
閈		hɔŋ22
釬		hɔŋ22
暵		hɔŋ33
𩞿		hɐm22
絎		hɔŋ22
頏		hɔŋ22
噑		hou22
譹		hou22
翯		hɔk2
灝		hou22
餄		hɐp2
盉		ʋɔ22
齕		hɐk2
啝		ʋɔ22
毼		hɔk3
魺		hɔ22
㗿	谽㗿	ha55
㗿	詬㗿	ha33
㗿		hɔ25
餲		ak3
餲		ai3
鞨		hɔk3
鶡		hɔk3
脝		hɐŋ55
桁	桁架, 橋桁, 桁桷桁條	hɐŋ22
桁	量詞，古代計算成行東西的單位；桁楊(古時夾頸項或腳脛的刑具)	hɔŋ22
渹		hʊŋ55
紘		hʊŋ22
蕻		hʊŋ22
黌		hʊŋ22
睺		hɐu22
糇		hɐu22
餱		hɐu22
鍭		hɐu22
㖃	厚怒聲	hɐu25
堠		hɐu22
鱟		hɐu33
軤		fu55
㧾		fɐk5
膴	土地肥美；厚	mou13
膴	去骨的乾肉；法則	fu55
䧼		kʊk5
煳		fu22
槲		fʊk2
衚		fu22
觳		fʊk2
𧆌		ʦɐi55
虍		fu55
沍		fu22
岵		fu22
怙		fu22
笏		fɐk5
擭	獸監，罟擭	fa33
擭		ʋɔk2
濩	布濩	fu22
濩	雨水從屋簷向下流的樣子；煮，通「镬」	ʋɔk2
嬅		ʋa22
貛		fuŋ55
綄	纏繞	ʋuŋ13
綄	古時一種測風儀，又稱「候風五兩」	ʋuŋ22
鍰		ʋaŋ22
闤		ʋaŋ22
鐶		ʋaŋ22
睆		ʋuŋ25
逭		ʋaŋ22
衁		fɔŋ55
喤		ʋɔŋ22
獚		ʋɔŋ22
癀		ʋɔŋ22
鰉		ʋɔŋ22
皝		fɔŋ25
虺	虺蜴, 虺蜮；古书上说的一种毒蛇	fɐi25
虺	虺𬯎	fui55
翬		fɐi55
煇		fɐi55
隳		fɐi55
燬		fɐi25
譭		fɐi25
澮		kʰui33
恚		ʋɐi22
闠		kʰui25
闠		fui25
湏	同「沬」， 洗脸	mui22
湏	本作「須」	ɬui55
湏	本作「須」	sik33
繢		kʰui25
嘒		ʋɐi33
嘒		ʋɐi22
篲		ʋɐi22
蟪		ʋɐi22
翽		ʋɐi33
譓		ʋɐi22
靧		fui33
閽		fɐŋ55
涽		fɐŋ55
惛		fɐŋ55
溷		ʋɐŋ22
慁		ʋɐŋ22
佸		ʋuk2
湱		ʋak2
嚄		ʋɔk2
攉		kʰɔk3
乩		kei55
枅		kɐi55
㚻		kɐi55
剞		kei55
喞		ʦɪk5
筓		kɐi55
齎		ʦɐi55
攲		kʰei55
觭		kei55
觭		kʰei55
錤		kei55
𦠄		kei55
隮		ʦɐi55
鐖		kei55
伋		kʰɐp5
伋		kɐp5
极		kɪk2
极	放在驢背上用以載物的木架	kʰɐp5
佶		kɐk5
佶	佶屈聱牙	kik3
殛		kɪk5
戢		ʦʰɐp5
踖	践踏。	ʦɪk5
踖	馬跑得很快的樣子	ʦʰiok3
鶺		ʦiɐk3
濈		ʦʰɐp5
蹐		ʦiɐk3
襋		kɪk5
泲		ʦɐi33
泲		ʦi25
蟣	水蛭，即螞蟥	kʰei22
蟣	蟣虱相吊	kei25
掎		kei25
穖		kei25
彐		kɐi33
旡		kei33
芰		kei22
嚌		ʦɐi22
洎		kei33
畟		ʦɪk5
𡜱		kei22
惎		kei22
塈		kʰei33
塈		hei33
跽		kei22
穊		kei33
鱭		ʦʰɐi22
鮆		ʦɐi55
鮆		ʦʰi25
罽		kɐi33
穧		ʦɐi33
懻		kʰei33
葭		ka55
筴		ʦʰak3
麚		ka55
圿		kik3
恝		kak3
跲		kap3
玾		kap3
斝		ka25
檟		ka25
价		kai33
戔		ʦiŋ55
幵		kiŋ55
鑯		ʦim55
菅		kaŋ55
罋		ʊŋ33
湔		ʦiŋ55
瑊		ʦɐm55
椷		kam55
鶼		kim55
籛		ʦiŋ55
鰜		kim55
鵳		kim55
鰔		kam55
瀸		ʦim55
梘		kaŋ25
趼	手足因過度摩擦所生的厚皮	kaŋ25
趼	獸蹄平正。	jiŋ22
譾		ʦiŋ25
戩		ʦiŋ25
蹇		kiŋ25
㨴		kiŋ25
牮		ʦiŋ33
俴		ʦʰiŋ13
揵		kʰiŋ22
楗		kiŋ22
楗		kiŋ33
諓		ʦiŋ22
螿		ʦioŋ55
橿		kioŋ55
殭		kioŋ55
䗵		kioŋ55
洚		kɔŋ33
糨		kioŋ22
艽		kʰɐu22
胶		kau55
膲		ʦiu55
燋		ʦiu55
鷦		ʦiu55
轇		kau55
鐎		ʦiu55
鷮		kiu55
㭂		ʦiu25
㭂		ɬiu25
㽲		hɐu25
撟		kiu25
恔		hau22
恔		kau25
𥅟		kau25
煍		ʦʰiu25
煍		ʦʰɐu55
蟜		kiu25
皦		kiu25
挍		kau33
珓		kau33
滘		kau33
噍	文讀	ʦiu22
噍	白讀	ʦiau22
噍	白讀	ʦiɐu22
噭		kiu33
𥡱		ʦiu33
藠		kʰiu25
皭		ʦiok2
皭		ʦiu33
喈		kai55
湝		kai55
袺		kik3
絜		kʰik3
絜	自絜	kik3
楶		ʦik3
𪀾		kik2
玠		kai33
悈		kai33
悈	駭而自專	hɐk5
悈		kɪk5
犗		kai33
魪		kai33
衿		kɐm55
卺		kɐŋ25
堇		kɐŋ25
堇		kʰɐŋ22
廑		kɐŋ25
藎		ʦɐŋ22
贐		ʦɐŋ22
祲		ʦɐm55
祲		ʦɐm33
搢		ʦɐŋ33
瑨		ʦɐŋ33
墐		kɐŋ25
殣		kɐŋ25
猄		kɪŋ55
凈		ʦɪŋ22
俓		kɪŋ33
婧		ʦɪŋ22
坰		kɪŋ55
坰	又讀	kʰɪŋ25
扃		kɪŋ55
扃	又讀	kʰɪŋ25
駉		kɪŋ55
駉	又讀	kʰɪŋ25
泂		kʰɪŋ25
絅		kʰɪŋ25
絅		kɪŋ55
褧		kʰɪŋ25
樛		kɐu55
㝌		kɐu33
廏		kɐu33
苴	水中所浮枯草	ʦʰa22
苴	有實之麻；包裹，苞苴	ʦui55
匊		kʰʊk5
捄	同「救」字	kɐu33
捄	以手揪聚	kei55
捄	長而彎曲的樣子	kʰɐu22
罝		ʦɛ55
痀		kʰei55
琚		kei55
椐		kei55
跔		kʰei55
雎		ʦui55
跼		kʊk2
蓻		ʦɐp5
鶪		kʰɪk5
椇		kei25
筥		kei25
蒟		kei25
詎		kei22
邭		kei33
秬		kei22
埧		kei22
跙		ʦui55
窶	窶家子, 貧窶	kei22
窶	甌窶	lɐu22
屨	劍及屨及麻鞋	kei33
簴		kei22
鐻	鍾鐻	kei22
鐻	金銀器名	kʰei22
脧		ʦui55
脧		ʦɐŋ55
鞙		kiŋ55
鞙		hiŋ13
狷		kiŋ33
悁		kiŋ55
悁		kiŋ33
睠		kiŋ33
睊		kiŋ33
罥		kiŋ33
獧		kiŋ33
羂		kiŋ33
屩		kiok3
亅		kʰik3
夬		kʷai33
玦		kʰik3
捔		kɔk3
觖		kʰik3
傕		kɔk3
劂		kʰik3
蕝		ʦik3
潏	潏湟, 潏露	ʋɐk2
潏	河流名	kik3
潏	河流名	kʰik3
鴂		kʰik3
蟨		kʰik3
觼		kʰik3
爝		ʦiok3
躩		kʰɔk3
皸		kʷɐŋ55
麕		kʰʷɐŋ25
攈		kʷɐŋ33
隽	隽永	siŋ13
隽	相貌英俊秀麗, 同「俊」字	ʦɐŋ33
餕		ʦɐŋ33
珺		kʷɐŋ22
珺		kʷɐŋ33
㖥		kʰɪŋ25
畯		ʦɐŋ33
哢		lʊŋ22
鐦		hɔi55
剴		hɔi25
塏		hɔi25
欬		kʰɔi33
欬	同「咳」字	kʰɐk5
嵁		hɐm55
欿		hɐm25
歁		hɐm25
歁		hɐm33
歁		hɐp2
轗		hɐm25
衎		hɔŋ33
漮		hɔŋ55
匟		kʰɔŋ33
尻		hau55
攷		hau25
栲		hau25
疴		kʰɔ55
疴	小兒驚	kʰa33
搕		hɐp5
薖		kɔ55
薖		fɔ55
樖		pʰɔ55
掯		kʰɐŋ33
硜		hɐŋ55
牼		hɐŋ55
崆		hʊŋ55
悾		hʊŋ55
鞚		hʊŋ33
彄		kʰɐu55
筘		kʰɐu33
簆		kʰɐu33
矻		kʰʷɐk5
刳		kʰu55
跍		ku55
嚳		kʰʊk5
姱		kʰʷa55
咵		kʰʷa55
鱠		kʰui25
鱠		kʰui33
窾		fuŋ25
誆		kʰʷaŋ55
㳝		jɐm13
诳		kʰɔŋ22
纊		kʰɔŋ33
鑛		kʰɔŋ33
貺		kʰɔŋ33
刲		kʰʷɐi55
悝		fui55
悝	憂也，悲也，疾也。	lei13
頄		kʰɐu22
暌		kʰʷɐi22
戣		kʰʷɐi22
跬		kʰʷɐi25
卼		ŋɐk2
蕢		kʰʷɐi33
憒		kʰui25
憒		kʰui33
媿		kʰʷɐi33
瞶		kʷɐi33
瞶		kʰui33
焜		kʰʷɐŋ55
鵾		kʰʷɐŋ55
閫		kʰʷɐŋ25
悃		kʰʷɐŋ25
稛		kʰʷɐŋ25
蛞		kʰuk3
鞹		kʰɔk3
㕇		lɐp2
腊		lap2
蜡	蜡祭, 大蜡, 蜡月(陰曆十二月)周朝祭萬物的禮儀	ʦa33
蜡		lap2
䅘		lɔi22
騋		lɔi22
藾		lai22
䄤		lai22
襴		laŋ22
𨅏		laŋ22
囒		laŋ55
躝		laŋ55
㩜		lam25
罱		lam13
糷		laŋ22
桹		lɔŋ22
鋃		lɔŋ22
稂		lɔŋ22
筤		lɔŋ22
㫰		lɔŋ22
塱		lɔŋ13
埌		lɔŋ22
蒗		lɔŋ22
唥		lɐŋ22
蟧	文讀	lou22
蟧	白讀：蠄蟧	lɔ22
狫		lou13
犵		hɐk5
犵		kʰik3
扐		lɐk2
扐		lɪk2
艻		lɐk2
泐		lɐk2
竻		lɐk2
蔂		lui22
蔂		lɔ22
嫘		lui22
縲		lui22
𧒽		lui22
罍		lui22
誄		lui13
誄		lɔi22
藟		lui13
鸓		lui13
酹		lui22
酹		lɔi22
纇		lui22
頪		lɔi22
唎		li55
唎		lɛ33
荲		ʦʰʊk5
灕		lei22
縭		lei22
瓈		lɐi22
嫠		lei22
褵		lei22
醨		lei22
謧		lei22
嚟		lɐi22
纚	羣行貌；又束髮之紗	sai25
纚	繫也，通縭	lei22
𢃇		lei13
鱧		lɐi13
櫪		lɪk2
隶		tɐi22
酈		lɪk2
轢		lɪk2
栵	木名	lɐi22
栵	木名，栭粟	lik2
脷		lei22
糲		lɐi22
悷		lɐi22
躒	卓躒	lɔk2
躒		lɪk2
𠌯		lei22
凓		lɐk2
篥		lɐk2
濿		lɐi22
犡		lɐi22
禲		lɐi22
盭		lui22
帘		lim22
㡘		lim22
熑		lim22
磏		lim22
臁		lim22
燫		lim22
𦆆		lim22
璉		liŋ13
襝		lim13
蘞	草名	lim22
蘞	同「薟」字	lim13
歛		lim13
摙		liŋ13
䕞		lɔŋ22
樑		lioŋ22
冫		pɪŋ55
両		lioŋ13
靚		liɐŋ33
靚		ʦɪŋ22
膋		liu22
憀		liu22
憭		liu22
嫽		liu22
暸		liu13
鷯	文讀	liu22
鷯	白讀：鷯哥	liu55
蹘	文讀	liu22
蹘	白讀：走也	liu55
尥		liu22
劦		hip2
洌		lik2
埒		lik2
擸	收拾；擸𢶍，又作垃圾	lap2
擸	梳理	lip2
擸	梳理	lik2
躐		lip2
躐		lik2
鱲		lip2
鱲		lik2
鱲	鱲魚	lap3
潾		lɐŋ22
粦		lɐŋ22
轔		lɐŋ22
驎		lɐŋ22
㨆		lɐm22
懍		lɐm13
悋		lɐŋ22
僯		lɐŋ22
躙		lɐŋ22
灵		lɪŋ22
玲		lɪŋ22
鴒		lɪŋ22
袊		liɐŋ13
羚		lɪŋ22
麢		lɪŋ22
軨		lɪŋ22
輘		lɪŋ22
醽		lɪŋ22
岭	山深貌	lɪŋ22
岭	「嶺」；文/白	lɪŋ13
岭	「嶺」；文/白	liɐŋ13
𧳽		lɐu22
旒		lɐu22
騮		lɐu22
騮		lɐu55
飀		lɐu22
鶹		lɐu22
鎏		lɐu22
罶		lɐu13
瀧		lʊŋ22
瀧	河川名	sɔŋ55
曨		lʊŋ22
癃		lʊŋ22
癃	腰癃癃：駝背	lʊŋ33
襱		lʊŋ22
竉		lʊŋ55
慺		lɐu22
艛		lɐu22
䝏		lɐu22
瘺		lɐu22
櫨		lou22
瓐		lou22
矑		lou22
籚		lou22
纑		lou22
鑪		lou22
艣		lou13
甪		lʊk2
輅		lou22
菉		lʊk2
淥		lʊk2
睩	曼睩	lʊk2
睩	眼睩睩	lʊk5
稑		lʊk2
僇		lʊk2
摝		lʊk2
醁		lʊk2
熝	用滾水熝	lʊk2
簏		lʊk2
簏		lʊk5
騄		lʊk2
簬		lou22
㤻		lɐŋ13
㤻		liŋ13
蜦		lɐŋ22
䑳		lɐŋ22
𤄷		lɔ22
欏		lɔ22
蓏		lɔ25
蠃	同「螺」字	lɔ22
蠃	蜾蠃	lɔ25
攞		lɔ25
濼		lɔk2
犖		lɔk2
雒		lɔk3
漯	漯河(古時黃河一支流)	tʰap3
漯	漯河(市名，於今河省南)	lɔ22
膂		lui13
膂		lei13
繂		lɐk2
𧭜		lui22
鑢		lui22
蔴		ma22
禡		ma22
勱		mai22
霢		mɐk2
霢		mak2
鞔		muŋ22
鬘		maŋ22
屘		mei55
𩛎		mam13
僈		maŋ22
摱		maŋ55
熳		maŋ22
鏝		maŋ22
恾		mɔŋ22
尨	多毛的狗	mɔŋ22
尨	多毛的狗	mʊŋ22
𥐞		mɔŋ22
厖	丰厚；昏昧；「厖蒙」	mɔŋ22
厖	大。杂乱。「厖杂」	pʰɔŋ22
硭		mɔŋ22
茆		mau13
牦		mou22
旄		mou22
酕		mou22
髳		mɐu22
髳		mau22
蝥		mɐu22
蝥		mau22
蟊		mɐu22
蟊		mau22
冇		mou13
芼		mou22
媢		mou22
皃		mau22
瞀		mɐu22
孭		mɛ55
麽		mɔ55
脢		mui22
郿		mei22
腜		mui22
禖		mui22
鋂		mui22
凂		mui13
浼		mui13
媺		mei22
沬		mui22
痗		mui22
韎		mui22
韎		muk2
璊		muŋ22
掹		mɐŋ55
瞢		mʊŋ22
幪		mʊŋ22
曚		mʊŋ22
艨		mʊŋ22
饛		mʊŋ22
𠵼		mɐŋ55
禰		nei22
麛		mɐi22
蘼		mei22
醾		mei22
宓		mɐk2
鼏		mɪk2
黽	黽勉(努力), 黽池(古地名)勤勉	mɐŋ13
黽	黽池	miŋ13
黽	部首；一種似青蛙的動物	maŋ13
眄		miŋ13
俛		miŋ13
勔		miŋ13
愐		miŋ13
腼		miŋ13
杪		miu13
哶		mɛ55
烕		mik2
搣		miɛk5
衊		mik2
㩢	擦拭。	mak3
㩢	拭滅也。又裁也。	mɐi22
㩢	又讀	mik2
闑		nip2
闑		ȵik2
蠛		mik2
玟		mɐŋ22
旻		mɐŋ22
珉		mɐŋ22
緍		mɐŋ22
暋		mɐŋ13
愍		mɐŋ13
鰵		mɐŋ13
蓂		mɪŋ22
蓂	菥蓂	mɪk2
嚤		mɔ55
嫫		mou22
𥂓		mɔ55
貊		mɐk2
貊		mak2
靺		muk2
鏌		mɔk2
瘼		mɔk2
纆		mɐk2
侔		mɐu22
麰		mɐu22
鍪		mɐu22
仫		mɔ55
仫		mʊk22
楘		mʊk2
霂		mʊk2
乸		na25
拏		na22
𪐀		na55
軜		nap2
𤸻		na22
孻		lai55
疓		nai13
柰		nɔi22
鼐		nai13
諵		nam22
𧕴		naŋ33
揇		nam13
腩		nam13
戁		naŋ13
饢		nɔŋ22
儾		nɔŋ22
齉		nɔŋ22
詉		nau22
怓		nau22
峱		nau22
硇		nau22
嫐		nɐk5
㕶		ŋ̍22
坭		nɐi22
猊		ŋɐi22
輗		ŋɐi22
嬭		nai13
柅		nei13
薿		ȵi13
薿		ji13
惄		nɪk2
𠸺		ŋɪk2
㥾		nɪk2
㥾		nɪk5
䁥		nɪk2
䁥		nɪk5
𪙛		nɪk2
𪙛		nɪk5
淰		nɐm22
蹨		niŋ13
孃		nioŋ22
裊		niu13
嬲		nɐu55
臬		nip2
臲		nip2
籋		nip2
宁	正門內側屋之間	ʦʰi13
狃		nɐu25
杻	樹木名稱	nɐu25
杻	一種古代刑具，類似手銬	ʦʰɐu25
燶		nʊŋ55
穠		nʊŋ22
醲		nʊŋ22
孥		nu22
孥	變調讀法	nu25
孥	變調讀法	nu55
駑		nou22
伮		nou22
餪		niŋ13
㛂		nɔ22
恧		nʊk2
𢰡		hɐu22
𩥋		ŋɐu22
舥		pʰa55
跁		pʰa55
潖		pʰa22
眅		pʰaŋ55
搫	手不正	pʰuŋ22
搫	掃除；斂聚；披散	pʰɔ22
螌		paŋ55
鞶		pʰuŋ22
頖		pʰuŋ33
胮		pʰɔŋ55
雱		pʰɔŋ22
霶		pʰɔŋ22
逄		pʰɔŋ22
䠙		pʰɔŋ22
脬		pʰau55
麃		pʰau22
炰		pʰau22
匏		pʰau22
鞄		pʰau22
礮		pʰau33
疱		pʰau33
疱		pʰau55
旆		pʰui33
霈		pʰui33
濆	水邊	fɐŋ22
濆	濆泉	pʰɐŋ33
芃		pʰʊŋ22
塳		pʰʊŋ22
搒	划船：搒舟	pʰɔŋ33
搒	用棍子或竹板打	pʰaŋ22
髼		pʰʊŋ22
鬅		pʰɐŋ22
蟛		pʰaŋ22
伾		pʰei55
紕		pʰɐi55
豾		pʰei55
駓		pʰei55
㓟		pʰɐi55
蚍		pʰei22
陴		pʰei22
埤		pʰei22
羆		pei55
膍		pʰei22
𥀷		pʰei22
仳		pʰei25
鴄		pʰɐk5
擗		pʰɪk5
擗	用手擲物、拋棄	pʰiɛk2
甓		pʰɪk5
諞	自誇也	pʰiŋ13
諞	又音	pʰiŋ25
諞	又音	pʰiŋ22
螵		pʰiu55
薸		pʰiu22
殍		pʰiu13
瞯		haŋ22
丿		pʰik3
丿	至也，至地也	jɐi22
㰋		pʰɐŋ22
蠙		pɐŋ55
蠙		pʰɐŋ22
娉	古時請媒人問女方名字和年生八字	pʰɪŋ33
娉	娉婷	pʰɪŋ55
冖		mɪk2
苹		pʰɐŋ22
苹		pʰɪŋ22
凭	倚，靠	pɐŋ22
泙		pʰaŋ55
枰		pʰɪŋ22
帲		pʰɪŋ22
簈		pʰɪŋ22
攴		pʰʊk3
攴		pʰɔk3
𨸭		pʰɔ55
蔢		pʰɔ22
皤		pʰɔ22
尀		pʰɔ25
抔		pʰɐu22
掊	掊沙, 掊克	pʰɐu22
掊	掊擊	pʰɐu25
裒		pʰɐu22
扑		pʰʊk3
扑		pʰɔk3
痡		pʰou55
𨁏		pʰou55
鯆		pʰou55
鯆	又音	pou55
鯆	又音	fu25
酺		pʰou22
潽		pʰou25
恓		ʦʰɐi55
恓		ɬɐi55
恓		sui55
慼		ʦʰɪk5
僛		hei55
緀		ʦʰɐi55
鏚		ʦʰɪk5
疧		kʰei22
旂		kʰei22
埼		kʰei22
萁	草名	kei55
萁	豆萁	kʰei22
軝		kʰei22
跂		kʰei22
騏		kʰei22
碕		kʰei22
錡		kʰei22
蜞		kʰei22
藄		kʰei22
懠		ʦʰɐi22
鶀		kʰei22
鬐		kʰei22
魕		kʰei22
魕		kei55
芑		hei25
芑		kei25
屺		hei25
屺		kei25
𨀣	屋𨀣，家也。	kei25
婍		hei25
棨		kʰɐi25
綮	綮戟	kʰɐi25
綮	肯綮, 洞中肯綮	hɪŋ33
湆		jɐp5
蟿		kʰɐi33
㓤		kɐk5
韆		ʦʰiŋ55
芊		ʦʰiŋ55
汧		hiŋ55
慳		haŋ55
摼		hɐŋ55
搴	斬將搴旗	hiŋ55
搴	同㩃。亦拔取也。	kiŋ25
𠠃		ʦʰim55
褰		hiŋ55
𩬚	去髮之刑	kʰim22
騝		kʰiŋ22
凵	部首	hɐm33
繾		hiŋ25
䭤		hiŋ25
槧		ʦʰim33
蒨		siŋ22
慊		him33
瑲		ʦʰioŋ55
斨		ʦʰioŋ55
蜣		kioŋ55
蔃		kʰioŋ13
樯		ʦʰioŋ22
鏹		kʰioŋ13
磽		hau55
蹻	草鞋, 通屩，鞋也，麻或草所成，作屐用	kiok3
蹻	「蹻蹻」、「蹻勇」	kiu25
蹻	抬起腳來。通「蹺」。	hiu55
荍		kʰiu22
譙		ʦʰiu22
愀	愀然	ʦʰiu25
朅		kʰik3
駸		ʦʰɐm55
嶔		hɐm55
懃		kʰɐŋ22
溱	溱頭河	ʦɐŋ55
溱	溱潼, 溱水	ʦʰɐŋ22
䰼		ʦʰɐm22
檎		kʰɐm22
螓		ʦʰɐŋ22
蠄		kʰɐm22
鋟		ʦʰɐm25
勍		kʰɪŋ22
檠		kʰɪŋ22
黥		kʰɪŋ22
㷫		hɪŋ33
謦		hɪŋ33
謦		hɪŋ25
筇		kʰʊŋ22
蛩		kʰʊŋ22
睘		kʰɪŋ22
銎		kʰʊŋ22
坵		hɐu55
坵		jɐu55
鶖		ʦʰɐu55
鰌		jɐu22
鰌		ʦʰɐu55
厹		kʰɐu22
犰		kʰɐu22
俅		kʰɐu22
逑		kʰɐu22
梂		kʰɐu22
賕		kʰɐu22
絿		kʰɐu22
觩		kʰɐu22
璆		kʰɐu22
蝤		ʦʰɐu22
銶		kʰɐu22
鼽		kʰɐu22
䠗		hʊŋ33
䠗		hɐu33
詘	詘指, 詘寸伸尺, 充詘(得意忘形)撙詘(謙卑)	ʋɐk5
詘	詘指, 詘寸伸尺, 充詘(得意忘形)撙詘(謙卑)	kʰʷɐk5
詘	通黜，貶下	ʦɐk5
敺		kʰei55
袪		kʰei55
䏣		ʦui55
劬		kʰei22
朐		kʰei22
鸜		kʰei22
絇		kʰei22
蕖		kʰei22
磲		kʰei22
璩		kʰei22
蘧		kʰei22
籧	籧篨，粗竹席	kʰei22
籧	養蠶器，亦作筥	kei25
呿	本作㰦	hɔi33
呿	又音	kʰei33
呿	張口貌	kʰei55
悛		ɬiŋ55
悛		sɐi55
棬		hiŋ55
棬	同「桊」	kiŋ33
跧		ʦʰiŋ22
踡		kʰiŋ22
縓		ʦʰiŋ22
縓		ʦʰiŋ33
畎		hiŋ25
綣		hiŋ33
綣		kiŋ25
埆		kʰɔk3
慤		kʰɔk3
确	磽确，石地。與墝埆同。	hɔk2
囷		kʰʷɐŋ55
蚺		jim22
瀼		ȵioŋ22
瀼		nioŋ22
鬤		ȵioŋ22
鬤		nioŋ22
懹		ȵioŋ22
懹		nioŋ22
蕘		jiu22
遶		jiu22
鵀		ȵɐm22
鵀		jɐm22
涊		niŋ13
棯	【山棯】即桃金娘	niɐm55
訒		ȵɐŋ22
訒		jɐŋ22
牣		ȵɐŋ22
牣		jɐŋ22
肕		ȵɐŋ22
肕		jɐŋ22
腍	熟也，味好。又音飪	ȵɐm22
腍	熟也，味好。又音飪	jɐm22
腍	爛熟，指食物煮得又軟又爛	nɐm22
陾		ȵɪŋ22
陾		jɪŋ22
馹		ȵɐk2
馹		jɐk2
肜		jʊŋ22
氄		jʊŋ25
氄		jʊŋ13
禸		jɐu25
禸		jɐu13
繻		ɬui55
繻		ȵiŋ55
洳		ȵi22
洳		ji22
蓁	蓁蓁, 蓁莽	ʦɐŋ55
蓁	蓁椒	ʦʰɐŋ22
溽		jʊk2
撋		jɐŋ22
耎		ȵiŋ13
耎		jiŋ13
緌		ȵui22
緌		jui22
蕤		ȵui22
蕤		jui22
桵		ȵui22
桵		jui22
汭		ȵui22
汭		jui22
蜹		ȵui22
蜹		jui22
𠷀		ȵɐŋ13
𠷀		jɐŋ13
鄀		ȵok2
鄀		jok2
焫		nak3
蒻		niok2
爇		ȵik2
爇		jik2
洒	同「洗」字	ɬɐi25
洒	同「洗」字	sɐi25
洒		sa25
靸		ɬap3
靸		sap3
鈒	兵器，戟屬；鈒鏤，細鏃金銀為文也	ɬap3
鈒	兵器，戟屬；鈒鏤，細鏃金銀為文也	sap3
摋		sak3
毸		ɬɔi55
毸		sɔi55
䚡		ɬɔi55
䚡		sɔi55
䰄		ɬɔi55
䰄		sɔi55
彡		sam55
繖		ɬaŋ25
繖		saŋ25
繖		ɬaŋ33
繖		saŋ33
𤷫	頭𤷫: 頭痛	ʦʰiɐk3
饊		ɬaŋ25
饊		saŋ25
糂		ɬɐm25
糂		sɐm25
糣		ɬɐm25
糣		sɐm25
鏾		ɬiŋ33
鏾		siŋ33
鏾		ɬaŋ25
鏾		saŋ25
顙		ɬɔŋ25
顙		sɔŋ25
慅		ɬou55
慅		sou55
懆		ʦʰou25
鰠		ɬou55
鰠		sou55
颾		ɬou55
颾		sou55
埽		ɬou33
埽		sou33
埽		ɬou33
埽		sou33
濇	同澀，遲滯不滑	sɪk5
濇	澀的異體	sɐp5
濇	粗而不滑	sap3
槮		sɐm55
篸		ʦʰam25
鬙		ɬɐŋ55
鬙		sɐŋ55
鎩		sak3
歃		sap3
箑		sap3
翣		sap3
釃		si55
埏		jiŋ22
騸		siŋ33
墡		siŋ22
𥔱		siŋ33
謆		siŋ33
鱓	鱔的異體	siŋ13
謪		sioŋ55
觴		sioŋ55
莦	惡草貌。	sau55
莦	草根也。	ɬiu55
莦	草根也。	siu55
弰		sau55
蛸	蠨蛸	sau55
蛸	螵蛸	ɬiu55
蛸	螵蛸	siu55
髾		sau55
杓		siok3
卲		siu22
睄		sau33
弽		sip3
慴		sip3
韘		sip3
侁		sɐŋ55
珅		sɐŋ55
甡		sɐŋ55
葠		sɐm55
罧		sɐm55
駪		sɐŋ55
燊		sɐŋ55
抌		tɐm25
瀋		sɐm25
哂		ʦʰɐŋ25
矧		ʦʰɐŋ25
宷	古審字	sɐm25
諗	知道：諗知．諗悉。	sɐm25
魫		ʦʰɐm22
魫		ʦɐm25
瞫		sɐm33
椹		sɐm22
陞		sɪŋ55
鉎	䥫鏽	ɬiɐŋ33
鉎	䥫鏽	siɐŋ33
眚		saŋ25
㗂		saŋ25
圣	古代方言，義同“掘”	kʰʷɐk5
晟		sɪŋ33
貹		sɐŋ33
賸		sɪŋ22
呞		si55
鳲		si55
絁		si55
蓍		si55
塒		si22
蒔		si22
𧵳		sik2
湜		ʦɪk2
寔		sɐk2
鼫		siɐk2
眎		si22
貰		sɐi33
适	古「𨓈」字之異體，多用作人名	kʰuk3
栻		ʦʰɪk5
栻		sɪk5
謚	笑貌。	jɪk5
謚	通諡，追號	si33
筮		sɐi22
諟		si22
襫		sɪk5
殳		si22
攄		si55
癙		si25
丨		kʷɐŋ25
沭		sɐk2
縗		ʦʰui55
𣘚		sɐk5
驦		sioŋ55
驦		sɔŋ55
礵		sioŋ55
礵		sɔŋ55
鸘		sioŋ55
鸘		sɔŋ55
帨		sui33
蕣		sɐŋ33
瞤		sɐŋ22
槊		sɔk3
厶		mɐu13
厶		si55
俬		si55
愢		ɬɔi55
愢		sɔi55
楒		si55
颸		si55
罳		si55
澌		si55
偲	有才能	ʦʰai55
偲	偲偲: 相互勉勵，相互督促	si55
涘		ʦi22
梩	取土犂刀	lei22
梩	鏟也；徙土之筐	lei13
笥		si33
笥		ʦi22
竢		ʦi22
䦙		ʦi22
娀		ɬʊŋ55
娀		sʊŋ55
竦		ɬʊŋ25
竦		sʊŋ25
㩳		ɬʊŋ25
㩳		sʊŋ25
廋		sɐu55
瞍		ɬɐu25
瞍		sɐu25
㢝		ɬou55
㢝		sou55
泝		ɬou33
泝		sou33
驌		ɬʊk5
驌		sʊk5
谡		sʊk5
谡		ɬʊk5
遡		ɬou33
遡		sou33
鷫		ɬʊk5
鷫		sʊk5
蔌		ɬʊk5
蔌		sʊk5
遬		ʦʰʊk5
遬		ɬʊk5
愬	驚懼貌	sak3
愬		ɬou33
愬		sou33
樕		ʦʰʊk5
樕		ɬʊk5
餗		ʦʰʊk5
餗		ɬʊk5
蹜		sʊk5
蹜		ɬʊk5
狻		ɬiŋ55
狻		siŋ55
𩆑		ɬiŋ55
𩆑		siŋ55
夊		ɬui55
夊		sui55
挼		nɔ22
荽		ɬɐi55
荽		sɐi55
眭	深目惡視	kʰʷɐi22
眭	姓氏。	ɬui55
眭	姓氏。	sui55
睟		ɬui22
睟		sui22
繸		ɬui22
繸		sui22
璲		ɬui22
璲		sui22
穟		ɬui22
穟		sui22
襚		ɬui22
襚		sui22
繀		ɬui33
繀		sui33
繐		ɬui22
繐		sui22
猻		ɬiŋ55
猻		siŋ55
隼		ɬɐŋ25
隼		sɐŋ25
桫		ɬɔ55
桫		sɔ55
傞		ʦʰɔ55
睃		ʦɐŋ33
䓾		ɬɔ55
䓾		sɔ55
嗍		sɔk3
𡩡		sak3
𢱢		ɬɔk3
𢱢		sɔk3
鉈		tʰa55
荅		tap3
闥		tʰap3
遝		tap2
錔		tap2
咍		hɔi55
邰		tʰɔi22
薹		tʰɔi22
駘	駑駘	tʰɔi22
駘	駘盪	tʰɔi13
炱		tʰɔi22
跆		tʰɔi22
壜		tʰam22
鐔		ʦʰɐm22
鐔		tʰam22
菼		tʰam25
嗿		tʰam25
憳		tʰam25
醓		tʰam25
醓		tʰam13
劏		tʰɔŋ55
傏		tʰɔŋ22
瑭		tʰɔŋ22
螗		tʰɔŋ22
鏜		tʰɔŋ22
餹		tʰɔŋ22
钂		tʰɔŋ25
摥		tʰɔŋ33
弢		tʰou55
縧		tʰou55
慆		tʰou55
縚		tʰou55
匋		tʰou22
咷		tʰou22
檮		tʰou22
綯		tʰou22
裪		tʰou22
醄		tʰou22
鼗		tʰou22
䬞		tʰou22
慝		nɪk5
慝		tʰɪk5
螣		tʰɐŋ22
苐		tɐi22
綈		tɐi22
稊		tʰɐi22
渧		tɐi33
媞		tʰɐi22
緹		tʰɐi22
瑅		tʰɐi22
䨑		tʰɐi22
褆		tʰɐi22
蝭		tʰɐi22
鴺		ji22
鯷		tʰɐi22
鮷		tʰɐi22
騠		tʰɐi22
洟		ji22
裼		ɬɪk5
裼		sɪk5
裼		tʰɪk5
鬀		tʰɐi33
籊		tʰɪk5
畋		tʰiŋ22
湉		tʰim22
塡		tʰiŋ22
磌		tʰiŋ22
殄		tʰiŋ13
殄		tʰiŋ25
淟		tʰiŋ25
淟		tiŋ25
㥏		tʰiŋ25
㥏		tʰiŋ13
覥		tʰiŋ25
瑱		ʦɐŋ33
睼		tʰɐi22
𠛪		tʰiu55
恌		tʰiu55
祧		tʰiu55
芀		tʰiu22
蓧		tiu22
齠		tʰiu22
蜩		tʰiu22
髫		tʰiu22
鞗		tʰiu22
鰷		tʰiu22
趒		tʰiu33
頫		tʰiu33
頫		fu25
怗		tʰip3
渟		tʰɪŋ22
梃		tʰɪŋ13
脡		tʰɪŋ13
䅍		tɪŋ33
頲		tʰɪŋ13
痌		tʰʊŋ55
蓪		tʰʊŋ55
冂		kʰɪŋ25
衕	胡衕	tʰʊŋ22
衕	腹瀉	tʊŋ22
鮦		tʰʊŋ22
獞		tʰʊŋ22
獞		ʦɔŋ33
橦		tʰʊŋ22
橦	帳柱	ʦʰɔŋ22
曈		tʰʊŋ22
穜		tʰʊŋ22
筩		tʰʊŋ22
筩	被筩, 缿筩, 靴筩	tʰʊŋ25
鍮		tʰɐu55
紏		tʰɐu25
殕	物件腐壞而生白膜	fɐu25
殕	殪殕	ɐk5
堗		tɐk2
㻬		tʰou55
鵚		tʰʊk5
梌	刺木	ʦʰa22
梌	楸樹	tʰou22
稌	稻子	tʰou22
稌	山芋	si22
腯		tɐk5
瘏		tʰou22
酴		tʰou22
駼		tʰou22
鵌		tʰou22
摶		tʰiŋ22
漙		tʰiŋ22
彖		tʰɐŋ33
僓		tʰui22
隤		tʰui22
魋		tʰui22
蘈		tʰui22
駾		tʰui33
焞	盛火也	sɐŋ22
焞	明也。焞焞，無光	tʰɐŋ55
𡰪		tʊk5
飥		tʰɔk3
拕		tʰɔ55
驝		tʰɔk3
㾃		tʰɔ22
䍫		tʰɔ22
紽		tʰɔ22
堶		tʰɔ22
酡		tʰɔ22
詑		tʰɔ22
橐		tʰɔk3
鮀		tʰɔ22
鼉		tʰɔ22
庹		tʰɔk3
窊		ʋa55
鼃		ʋa55
搲		ʋa25
袜		mɐk2
袜		mak2
捥		ʋuŋ25
刓		jiŋ22
芄		jiŋ22
莬		mɐŋ22
菀		jiŋ25
琬		jiŋ25
万	万俟	mɐk2
翫	玩的異體	ʋaŋ25
贃	妄弃財物	ʋaŋ22
贃	〈方言〉赚钱。	ʦaŋ22
尪		ʋɔŋ55
网		mɔŋ13
迋	往也，步行	ʋɔŋ22
迋	誑騙	kʰʷaŋ55
隈		ʋui55
渨		ʋui55
椳		ʋui55
溦		mei22
嶶		mei22
癐		kui22
囗		ʋɐi22
闈		ʋɐi22
媁		ʋɐi22
撝		fɐi55
洧	洧川(地名)	fui25
洧	水名	ʋɐi13
薳		jiŋ13
薳	姓氏	ʋɐi25
廆		kʷɐi55
鮪		fui25
鮪		ʋɐi13
壝		ʋɐi22
韡		ʋɐi13
亹	同娓，文貌。亹亹，不倦。	mei13
亹	水流峽中兩岸若門；地名用字	muŋ22
濊		ʋɐi33
螱		ʋɐi33
鰮		ʋɐŋ55
亠		tʰɐu22
魰		mɐŋ22
抆	文讀	mɐŋ25
抆	白讀；抆屎窟：擦屁股	miɛŋ25
脗		mɐŋ13
忞		mɐŋ22
蕹		ʊŋ33
齆		ʊŋ33
捼		nɔ22
婐	侍女	ʋɔ25
婐	侍女	kɔ25
圬		ʋu55
杇		ʋu55
剭		ʊk5
无		mou22
鼯		ŋ̍22
仵		ŋ̍13
迕		ŋ̍13
憮		mou13
碔		mou13
儛		mou13
扤		ŋɐk2
屼		ŋɐk2
隖	塢的異體	ʋu55
悞		ŋ̍22
鋈		jʊk5
肸		hik3
穸		ʦɪk2
俙		hei55
晞		hei55
欷		hei55
睎		hei55
粞		ɬɐi55
粞		sɐi55
焬		jɪk2
徯		hɐi22
糦		ʦʰi33
醯		hei55
譆		hei55
鼷		hɐi22
觿		kʰʷɐi22
隰		ʦap2
隰		ʦɐp2
霫		ʦap2
霫		ʦɐp2
枲		ɬai25
枲		sai25
葸		ɬai25
葸		sai25
暿		hei55
暿		hei25
蹝		sai25
囍		hei25
匸		hɐi13
餼		hei33
咥	咥咥然	hei33
咥		tik2
郤		kʰɪk5
綌		kʰɪk5
鬩		jɪk5
舄		ɬɪk5
舄		sɪk5
潝	流水湍急的聲音；〔潝潝〕也作「翕翕」、「歙歙」。形容相互附和、吹捧的樣子。	kʰɐp5
潝	流水湍急的聲音；〔潝潝〕也作「翕翕」、「歙歙」。形容相互附和、吹捧的樣子。	hɐp5
潝	同「浥」。深淵；漩渦	jɐp5
虩		kʰɪk5
闟		kʰɐp5
闟		hɐp5
闟	形容物體墮落的聲音。	tʰap3
嚱		hei55
閕		ha55
煆		ha55
鰕		ha55
郃	郃陽，縣名，在陝西省	kɐp3
郃		hɐp2
柙		hap2
柙	一種有香氣的樹木	kap3
㗇		ha55
蕸		ha22
鍜		ha22
䪗		ha22
𥑻		ɬiŋ55
𥑻		siŋ55
躚		ɬiŋ55
躚		ʦʰiŋ55
韱		ʦʰim55
憸		ʦʰim55
褼		ɬiŋ55
褼		siŋ55
廯		ɬiŋ25
廯		siŋ25
孅		ʦʰim55
撏		ʦʰɐm22
撏		ʦʰim22
蚿		hiŋ22
鷳		haŋ22
嗛	猿鼠之类的颊囊	him25
嗛	用嘴含。同「銜」字	ham22
嗛	通「謙」、「歉」	him55
嗛	通「謙」、「歉」	him33
嗛	口語詞，表示「淺嘗；少量吃」	kʰiɐm55
憪		haŋ22
諴		ham22
獮		ɬiŋ25
獮		siŋ25
櫶		hiŋ25
毨		ɬiŋ25
毨		siŋ25
玁		him25
尠		ɬiŋ25
尠		siŋ25
跣		ɬiŋ25
跣		siŋ25
燹		ɬiŋ25
燹		siŋ25
幰		hiŋ25
俔		hiŋ25
綫		ɬiŋ33
綫		siŋ33
晛		hiŋ25
睍		hiŋ22
僩		haŋ13
鋧		hiŋ22
𨵬		haŋ22
緗		ɬioŋ55
緗		sioŋ55
纕		ɬioŋ55
纕		sioŋ55
蠁		hioŋ25
珦		hioŋ33
曏		hioŋ33
虓		hau55
綃		ɬiu55
綃		siu55
翛		ɬiu55
翛		siu55
嘐	嘐嘐，雞聲	kau55
嘐	嘐嘐，志大言大也	hau55
彇		ɬiu55
彇		siu55
蟰		ɬiu55
蟰		siu55
譊		nau22
𤑳		ɬiu55
𤑳		siu55
崤		ŋau22
篠		ɬiu25
篠		siu25
恔		hau22
効		hau22
傚		hau22
㨝		ɬik3
㨝		sik3
拹		hip2
揳		ɬik3
揳		sik3
襭		kʰik3
灺		ʦʰɛ13
灺		ʦʰɛ25
屓		hei33
紲		ɬik3
紲		sik3
絏		ɬik3
絏		sik3
渫		ɬik3
渫		sik3
媟		ɬik3
媟		sik3
暬		ɬik3
暬		sik3
𣊓		ɬik3
𣊓		sik3
屧		ɬik3
屧		sik3
薤		hai22
獬		hai13
獬		hai22
齘		hai22
盺		jɐŋ55
盺		hɐŋ55
鬵		ʦʰɐm22
鬵		ʦʰim22
衅		hɐŋ22
𦜓		hɐŋ33
騂		ɬɪŋ55
騂		sɪŋ55
侀		jɪŋ22
鈃		jɪŋ22
硎		jɪŋ22
鉶		jɪŋ22
𢜫		ɬɪŋ25
𢜫		sɪŋ25
芎		kʊŋ55
敻		hɪŋ33
敻		hiŋ33
𧽒		ʦʰɐu33
庥		jɐu55
庥		hɐu55
鵂		jɐu55
鵂		hɐu55
髹	以漆塗物	jɐu22
䮌		jɐu55
䮌		hɐu55
褎	服飾華美的樣子。禾苗茂盛的樣子。	jɐu22
褎	袖本字	ʦɐu22
嚊		pei22
旴		hui55
旴		hei55
訏		hui55
訏		hei55
諝		ɬui55
諝		ɬui25
歔		hui55
歔		hei55
珝		hui25
珝		hei25
冔		hui25
冔		hei25
糈		ɬui25
糈		sui25
醑		ɬui25
醑		ɬui13
侐		kʰɪk5
卹		ɬɐk5
卹		sɐk5
勗		jʊk5
湑		ɬui55
湑		ɬui25
慉		ʦʰʊk5
藚		ʦʊk2
䱛		kʰɪk5
鱮		ʦui22
鱮		ʦɔi22
晅		hiŋ55
諼		hiŋ55
瑄		ɬiŋ55
瑄		siŋ55
煖	煊古寫；馮煖，人名	hiŋ55
煖	暖的異體	niŋ13
儇		hiŋ55
儇		ʋaŋ22
禤		hiŋ55
諠		hiŋ55
璿		ɬiŋ22
璿		siŋ22
烜		hiŋ25
泫		hiŋ22
鉉		hiŋ22
衒		hiŋ22
㗾		hɛ55
塤		hiŋ55
焄		fɐŋ55
蔒		fɐŋ55
獯		fɐŋ55
曛		fɐŋ55
纁		fɐŋ55
恂		ɬɐŋ55
恂		sɐŋ55
紃		sɐŋ22
珣		ɬɐŋ55
珣		sɐŋ55
簨		ɬɐŋ25
簨		sɐŋ25
揗		sɐŋ22
揗		ʦʰɐŋ22
鱏		ʦʰɐm22
鄩		ʦʰɐm22
燂		tʰam22
燖		ʦʰim22
燖		ʦʰɐm22
岈		ŋa22
厓		ŋai22
睚		ŋai22
襾		a33
砑		ŋa22
猰		ak3
懕		jim33
㤿		jim55
鄢		jiŋ55
閆		jim22
姸		jiŋ22
郔		jiŋ22
䀽		jiŋ22
啱		ŋam55
䉷		jim22
剡	銳利，削尖	jim13
剡	古縣名；剡溪，河名	sim22
菴		ɐm55
厴		jim25
渰		jim25
扊		jim13
蝘		jiŋ25
黶		jim25
鶠		jiŋ25
鰋		jiŋ25
巘		jiŋ13
巘		jiŋ25
齴	露齒貌。	jiŋ13
齴	高峻貌。	ŋaŋ13
豣		kiŋ55
喭		jiŋ22
讞		jiŋ22
鴳		aŋ33
鷃		aŋ33
醼		jiŋ33
讌		jiŋ33
抰		joŋ55
䄃		joŋ55
颺		joŋ22
卬	我也；通昂，高也，卬貴	ŋɔŋ22
卬	同「仰」	joŋ13
痒		joŋ22
瀁	古文「漾」字。	joŋ22
瀁	沆瀁	joŋ13
殀		jiu55
葽		jiu55
喓		jiu55
殽		ŋau22
猺		jiu22
愮		jiu22
颻		jiu22
𩋃		tʰou22
鰩		jiu22
蘨		jiu22
窅		jiu25
鷕		jiu25
葯		jok2
詏		au33
鋣		jɛ22
嘢		ȵɛ13
嘢		jɛ13
叶		hip2
曵		jɐi22
燁		jip2
楪		tip2
饁		jip2
鍱		tip2
禕		ji55
洢		ji55
䚷		ɐi25
鷖		ɐi55
匜		ji22
圯		ji22
杝		ji22
荑	除去田地裏的野草：芟荑	ji22
荑	植物的嫩芽	tʰɐi22
栘		ji22
眙	盱眙，縣名	ji22
眙	直視	ʦʰi33
扅		ji22
椸		ji22
嶷	岐嶷	ŋɪk2
嶷	九嶷，山名	ji22
鮧	大鮎魚	tʰɐi22
鮧	鱁鮧	ji22
𠯋		jɐi13
苢		ji13
艤		ŋɐi13
扆		ji25
鳦		jik3
輢		ji25
顗		ŋɐi13
齮		ji25
乂		ŋai22
仡	仡仡勇夫	ŋɐk2
仡	仡佬族	kɔ55
杙		jɪk2
秇		ŋɐi22
佾		jɐk2
泆		jɐk2
枻		jɐi22
挹		jɐp5
貤		ji22
唈		jɐp5
浥		jɐp5
勩		ji22
翊		jɪk2
瘞		ji33
瘞		ɐi33
鷊		jɪk2
鎰		jɐk2
鷁		jɐk2
鷁		jɪk2
薏		ji33
殪		ji33
殪		ɐi33
曀		ɐi33
儗		ȵi13
儗		ji13
劓		ji22
𦠉		ɐi33
㵝		jui22
檍		jɪk5
斁	厭也	jɪk2
斁	敗壞	tou33
鐿		ji33
鶂		ŋɪk2
饐		ji33
虉		ŋɪk2
齸		jɪk5
垔		jɐŋ55
駰		jɐŋ55
慇		jɐŋ55
凐		jɐŋ55
裀		jɐŋ55
堙		jɐŋ55
愔		jɐm55
絪		jɐŋ55
歅		jɐŋ55
禋		jɐŋ55
闉		jɐŋ55
珢		ŋɐŋ22
誾		ŋɐŋ22
唫	口閉：近臣則喑，遠臣則唫	kɐm33
唫	吟的異體	ŋɐm22
婬		jɐm22
齗		ŋɐŋ22
夤		jɐŋ22
膶		jɐŋ22
嚚		ŋɐŋ22
釿		kɐŋ55
檃		jɐŋ25
廴		jɐŋ13
廕		jɐm33
癊		jɐm33
攖		jɪŋ55
罃		ɐŋ55
罃		aŋ55
蘡		jɪŋ55
蓥		jɪŋ22
潆		jɪŋ22
鄘		jʊŋ22
墉		jʊŋ22
鏞		jʊŋ22
澭		jʊŋ55
雝		jʊŋ55
廱		jʊŋ55
灉		jʊŋ55
饔		jʊŋ55
埇		jʊŋ25
涌		jʊŋ25
慂		jʊŋ25
𧗴		jʊŋ13
麀		jɐu55
懮		jɐu55
櫌		jɐu55
耰		jɐu55
尢	姓	jɐu22
尢	腳跛。	ʋɔŋ55
斿		jɐu22
蕕		jɐu22
蚘	同“蛔”	ʋui22
蚘	蚩蚘，古諸侯號。	jɐu22
浟		jɐu22
訧		jɐu22
蝣		jɐu22
輶		jɐu22
苃		jɐu13
卣		jɐu13
羑		jɐu13
槱		jɐu13
侑		jɐu22
迶		jɐu22
妤		ji13
兪		ji22
狳		ji22
雩		ji22
楰		ji22
嵎		ji22
踰		ji22
窬		ji22
顒		jʊŋ22
蝓		ji22
俁		ji13
敔		ji13
庾		ji22
鋙		ji13
瑀		ji13
楀		ji13
窳		ji13
藇		ji22
貐		ji13
麌		ji13
飫		ji33
欝		ʋɐk5
㤢		jʊk5
淢	城下溝也	kʰɪk5
淢	疾流也	ʋɪk2
㥔		jʊk5
鵒		jʊk2
蕷		ji22
罭		ʋɪk2
澦		ji22
蜮		ʋɪk2
隩	水邊低地；通奧，深也	ou33
隩	四方之土可定居者；通燠，煖也	jʊk5
緎		ʋɪk2
墺	水厓也	ou33
墺	通作隩	jʊk5
薁		jʊk5
遹		ʋɐk2
鴥		ʋɐk2
繘		ʋɐk2
霱		ʋɐk2
驈		ʋɐk2
鸒		ji22
龥		ji22
爩		ʋɐk5
㾓		jiŋ55
蜎		kiŋ55
鵷		jiŋ55
芫		jim22
园		jiŋ22
嫄		jiŋ22
騵		jiŋ22
愿		jiŋ22
曱		ʦak2
矱		ʋɔk2
戉		jik2
刖		ȵik2
刖		jik2
汋	通酌，盜取	ʦiok3
汋	水湧出	jok2
抈		ȵik2
抈		jik2
礿		jok2
玥		ȵik2
玥		jik2
軏		ȵik2
軏		jik2
跀		ȵik2
跀		jik2
龠		jok2
瀹		jok2
籥		jok2
鸑		ŋɔk2
熅	鬱煙也	ʋɐŋ55
熅	以火伸物	ʋɐŋ33
贇		ʋɐŋ55
蕓		ʋɐŋ22
妘		ʋɐŋ22
昀		ʋɐŋ22
畇		ʋɐŋ22
狁		ʋɐŋ13
磒		ʋɐŋ13
緼	絪縕，合氣；赤黃間色	ʋɐŋ55
緼		ʋɐŋ13
餫		ʋɐŋ22
帀	匝的異體	ʦap3
拶		ʦak3
臢	腌臢	ʦim55
𢶍	圾的異體	ɬap3
𢶍	圾的異體	sap3
菑		ʦi55
儎		ʦɔi33
昝		ʦaŋ25
寁		ʦam25
撍		ʦʰim22
儹		ʦaŋ25
趲		ʦaŋ25
牂		ʦɔŋ55
駔		ʦɔŋ25
駔		ʦou25
璪		ʦou25
慥		ʦʰou33
慥		ʦou22
蘀		tʰɔk3
啫		ʦɛ55
幘		ʦak3
笮		ʦak3
舴		ʦak3
簀		ʦak3
昃		ʦɐk5
蠈		ʦʰɐk2
譖		ʦɐm33
罾		ʦɐŋ55
繒		ʦɐŋ55
抯		ʦa55
摣		ʦa55
蹅		ʦʰa55
齇		ʦa55
甴		ka55
牐		ʦap2
煠		sap2
譗		ʦap3
苲		ʦa33
咤		ʦʰa33
痄		ʦa33
鮓	一種用鹽和紅麴醃的魚	ʦa25
鮓	鮓魚，水母，俗呼海蜇	ʦa33
搾		ʦa33
醡		ʦa33
瘵		ʦai33
邅		ʦiŋ55
鸇		ʦiŋ55
饘		ʦiŋ55
鱣		ʦiŋ55
驙		ʦiŋ55
魙		ʦim22
琖		ʦaŋ25
搌		ʦiŋ25
醆		ʦaŋ25
皽		ʦiŋ25
輚		ʦaŋ22
虥		ʦaŋ22
鄣		ʦioŋ55
麞		ʦioŋ55
慞		ʦioŋ55
嫜		ʦioŋ55
旐		ʦiu22
旐		siu22
嗻		ʦɛ55
虴		ʦak3
晢		ʦik3
喆		ʦik3
胗		ʦɐŋ55
帪		ʦɐŋ33
蓁		ʦɐŋ55
禛		ʦɐŋ55
鍼		ʦɐm55
軫		ʦʰɐŋ25
袗		ʦʰɐŋ25
袗		ʦɐŋ25
紾		ʦʰɐŋ25
紾		ʦɐŋ25
鬒		ʦʰɐŋ25
鬒		ʦɐŋ25
侲		ʦɐŋ33
鴆		ʦɐm22
鴆		sɐm22
鉦		ʦɪŋ55
烝		ʦɪŋ55
㬹		ʦɐŋ55
㬹		ʦaŋ55
掟		tiɐŋ33
証		ʦɪŋ33
衹		ʦi25
巵		ʦi55
値		ʦɪk2
埴		ʦɪk2
縶		ʦɐp5
摭		ʦiɐk3
蹠		ʦiɐk3
蹢	獸蹄	tɪk5
蹢	跛行；蹢躅，行不進也	ʦak2
𧓸		ʦak2
阯		ʦi25
帋	紙的異體	ʦi25
軹		ʦi25
黹		ʦi25
豸		ʦi22
忮		ʦi33
郅		ʦɐk2
郅		ʦi33
挃		ʦɐk2
陟		ʦɪk5
輊		ʦi33
袠		tik2
騭		ʦɐk5
彘		ʦi22
鑕		ʦɐk5
稺		ʦi22
寘		ʦi33
疐		ʦi33
躓		ʦi33
觶		ʦi33
薙		tʰɐi33
懥		ʦi33
种		ʦʊŋ33
尰		ʦʊŋ25
侜		ʦɐu55
輈		ʦɐu55
賙		ʦɐu55
輖		ʦɐu55
碡		tʊk2
箒		ʦɐu25
酎		ʦɐu22
甃		ʦɐu33
僽		ʦɐu33
僽		ʦɐu22
籀		ʦɐu22
邾		ʦi55
咮	多言	ʦi55
咮	鳥口	ʦɐu33
洙		ʦi55
潴		ʦi55
蓫		ʦʊk2
蠋		ʦʊk2
麈		ʦi25
竚		ʦʰi13
紵		ʦʰi13
薴		nɪŋ22
柷		ʦʊk5
祩		ʦi55
羜		ʦʰi13
馵		ʦi33
翥		ʦi33
霔		ʦi33
簻		ʦa55
跩		jɐi22
耑	通端，物之首也	tiŋ55
耑	專的異體	ʦiŋ55
剸	專擅。統領。	ʦiŋ55
剸	割也。	tʰiŋ22
鱄		ʦiŋ55
僎		ʦaŋ22
譔		ʦaŋ22
幩		fɐŋ22
隹		ʦui55
騅		ʦui55
縋		ʦui22
迍	迍邅	ʦɐŋ55
迍	【迍迍】行動遲緩貌	tʰiŋ22
窀		ʦɐŋ55
啍	沉重緩慢的樣子	tʰɐŋ55
倬		ʦʰiok3
蝃	螮的異體	tɐi33
蝃		ʦik3
斲		tiok3
㧻		tiok3
椓		tiok3
禚		ʦiok3
篧		kʰɔk3
謶		ʦiok3
鷟		ʦɔk2
孖		ma55
緇		ʦi55
嗞		ʦi55
粢		ʦi55
趑		ʦi55
錙		ʦi55
鎡		ʦi55
鼒		ʦi55
頿		ʦi55
耔		ʦi25
呰		ʦi25
訾	誹謗，詆毁：訾毁。厭惡：訾食者不肥體	ʦi25
訾	姓。希求：不訾重器。	ʦi55
剚		ʦi33
㧘		ʦi22
倳		ʦi33
倳		ʦi22
眦		ʦi22
眦		ʦʰi55
胾		ʦi33
豵		ʦʊŋ55
鬷		ʦʊŋ55
𩱛		ʦʊŋ55
騶		ʦɐu55
諏		ʦɐu55
陬		ʦɐu55
棸		ʦɐu55
棷	木柴。古通“菆”，麻杆。	ʦɐu55
棷	古通“薮”，生长着很多草的沼泽	sɐu25
緅		ʦɐu55
鄹		ʦɐu55
鯫		ʦɐu55
菹		ʦui55
岨	古同“砠”	ʦui55
岨	岨峿：義同「齟齬」，上下齒對不齊，喻互相抵觸。	ʦui25
𨉖	隱藏也	nei55
纘		ʦiŋ25
鉆	通「鉗」	kʰiɐm22
觜		ʦui25
蕞		ʦui33
罇		ʦiŋ55
噂		ʦiŋ25
嘬	吮吸	ʦʰik3
嘬	吮吸	ʦik3
阼		ʦou22
怍		ʦɔk2
胙		ʦou22
酢		ʦɔk2
咗		ʦɔ25
㷽		siŋ22
䏭		ʦi55
𨧜		pɔŋ55
𠜎		ɬiŋ33
𠜎		siŋ33
𠯽	表示肯定語氣的句末語氣詞	ʦi55
𠸐	耐用	kʰɐm55
𠹸	方言 「盖」	kʰɐm25
𣲆		kei25
𫐮		lɐŋ22
趤		tɔŋ22
𧟱	農夫之醜	pak2
㭋		pʰɔŋ13
鏷		pʊk2
鏷		pʰɔk3
龖		tap2
龘	同「龖」，龍騰飛的樣子。	tap2
浖		lik2
婥		ʦʰiok3
仉		ʦioŋ25
魈		ɬiu55
魈		siu55
獐		ʦioŋ55
湽		ʦi55
鍿		ʦi55
輺		ʦi55
櫼		ʦim55
𩞃		sioŋ25
鼔		ku25
徼	邊界。巡察。「邊徼」；「游徼」	kiu33
徼	徼倖，亦作僥倖	hiu25
徼	通「邀」	jiu55
釦		kʰɐu33
鬾		kei22
羣		kʰʷɐŋ22
傖		ʦʰɔŋ55
汚		ʋu55
鈹		pʰei22
鉍		pei33
鎳		nip2
杧		mɔŋ55
杧		mɔŋ22
瀢	瀢瀢: 魚貫而行的樣子。	ʋɐi13
瀢	「瀢沱」：沙流動的樣子。	tui22
䦯		ʦi33
弌		jɐk5
弎		ɬam55
弎		sam55
䨙		jɐm22
婀		ɔ55
餷		ʦʰa22
樳		ʦʰɐm22
腨		siŋ22
䳨		ʋɔŋ22
釔		jik3
釕		liu13
銦		jɐŋ55
銪		jɐu13
釓		kak3
鋱		tʰɪk5
銩		tiu55
鑥		lou13
鉭		taŋ33
錸		lɔi22
鎿		na22
錇		pʰui22
鍩		nɔk3
鐒		lou22
鈩		lou22
𨧀		tou22
鐨		fei33
𨨏		pɔ55
𨭆		hɐk5
鐽		tak2
錀		lɐŋ22
鎶		kɔ55
𨭎		hei25
鉝		lɐp2
鿬		tʰiŋ22
鿫		ou33
苝		pui22
鉨		nɐi13
苄		piŋ22
錒		a33
腖		tʊŋ33
䥑		mɐk2
蒽		jɐŋ55
呋		fu55
胍		kʷa55
焓		hɐm22
腈		ʦʰɪŋ55
肼		ʦiɐŋ25
蒈		kʰai25
莰		hɐm25
莰		hɐm33
醌		kʰʷɐŋ55
鏻		lɐŋ22
膦		lɐŋ22
脒		mɐi13
萘		nɔi22
哌		pʰai33
蒎		pʰai33
苉		pʰɐk5
苊		ɐk5
䓛		ʋɐk5
脎		sak3
鉮		sɐŋ22
酞		tʰai33
熵		sioŋ55
醣		tʰɔŋ22
䏲		tʰɐi55
萜		tʰip3
鎓		jʊŋ55
肟		ʋu55
芴		mɐk2
吡		pei25
腙		ʦʊŋ55
酏		ji22
丌		kei55
孬		nau55
𪥸		nau55
朊		jiŋ25
朊		jiŋ13
鞀		tʰou22
鞉		tʰou22
鉺		ȵi13
鉺		ji13
亓		kʰei22
厙		sɛ33
刂		tou55
贋		ŋaŋ22
剄		kɪŋ25
劌		kʷɐi33
羋		mei13
劁		ʦʰiu22
扙		ʦioŋ22
仂		lɐk2
佧		kʰa55
伲		nɐi22
亻		ȵɐŋ22
亻		jɐŋ22
俜		pʰɪŋ33
俜		pʰɪŋ55
倮		lɔ25
佴	次也	ȵi22
佴	次也	ji22
佴	姓氏	nɔi22
傯		ʦʊŋ25
僬		ʦiu55
僦		ʦɐu22
氽		tʰɐŋ25
吂		mɔŋ22
冱		fu22
凇		ɬʊŋ55
凇		sʊŋ55
誑		kʰɔŋ22
兕		ʦi22
誶		ɬui22
誶		sui22
謖		sʊk5
謖		ɬʊk5
誒	感歎詞。	ɛ22
讠		jiŋ22
阝		fɐu22
阢		ŋɐk2
卮		ʦi55
陔		kɔi55
隉		nip2
隗	高也	ŋɐi13
隗	姓氏	kʰʷɐi22
邗		hɔŋ22
訁		jiŋ22
郟		kap3
鄶		kʰui25
鄶		kʰui33
郇	周朝國名	ɬɐŋ22
郇	周朝國名	ɬɐŋ55
郇	姓氏。	ʋaŋ22
乇	委托。	tʰɔk3
乇	草葉。	ʦak2
郾		jiŋ25
酃		lɪŋ22
傺		ʦʰɐi33
傺		ʦɐi33
勖		jʊk5
囅		ʦiŋ25
郫		pʰei22
坌		pɐŋ22
垡		fak2
墼		kɪk5
壢		lɪk2
諑		tiok3
坶	〔坶野〕即“牧野”，古地名	mʊk2
坶	〔壚坶〕壤土，由適當比例的砂粒、粉砂粒和黏粒所組成的土壤。	mou13
堖		nou13
垸	垸子	jiŋ22
垸	用漆摻合骨灰塗抹器物	ʋuŋ25
垵		ɐm25
埸		jɪk2
堋	分水堤	pʰɐŋ22
堋	喪葬時，下棺於土。	paŋ22
堍		tʰou33
堀		kʷɐk2
塄		lɪŋ22
㙢		muŋ22
暪		muŋ13
塥		kak3
艹		ʦʰou25
巹		kɐŋ25
艿	芋艿	nai13
艿	亂草;雜草	ȵɪŋ22
艿	亂草;雜草	jɪŋ22
芏		tou22
墚		lioŋ22
藶		lɪk2
芘		pei33
蓯		ʦʰʊŋ55
蓯		ɬʊŋ55
芤		kʰɐu55
苘		kʰɪŋ25
苤		pʰei55
茚		jɐŋ33
苠		mɐŋ22
茈	【茈草】即紫草。茈姜，菜名	ʦi25
茈	【茈胡】即柴胡	ʦʰai22
莛		tʰɪŋ22
薌		hioŋ55
茳		kɔŋ55
茛		kɐŋ33
蕒		mai13
葒		hʊŋ22
莅		lei22
薟	〔豨薟〕草名。菊科。	ʦʰim55
薟	蘞的本字	lim13
菥		ɬɪk5
菥		sɪk5
菘		ɬʊŋ55
菘		sʊŋ55
菝		pɐk2
萑		ʋuŋ22
菔		fʊk2
菪		tɔŋ22
葜		kʰik3
葶		tʰɪŋ22
蒴		sɔk3
鎣		jɪŋ22
甍		mɐŋ22
蓰		ɬai25
蓰		sai25
蕺		ʦʰɐp5
蘺		lei22
薜	「薜荔」、「薜罗」	pei22
薜	一種藥草。山麻，生於山中。	pɔk2
薷		ȵi22
薷		ji22
葙		ɬioŋ55
葙		sioŋ55
蘖		nip2
蘖		jip2
蔿		ʋɐi25
蒍		ʋɐi25
夼		kʰɔŋ33
𡯪		ʋɔŋ55
𡯭		ʋɔŋ55
尣		ʋɔŋ55
扌		sɐu25
捃		kʰʷɐŋ25
捃		kʷɐŋ33
蓐		jʊk2
芨		kɐp2
揎		ɬiŋ55
揎		siŋ55
掾		jiŋ22
揸		ʦa55
茺		ʦʰʊŋ55
搠		sɔk3
葤		ʦɐu22
撖	姓也	hɐm13
擐		kʷaŋ33
攥		ʦaŋ22
卟		pʊk5
蕆		ʦʰiŋ25
嘸	喃嘸阿呢陀佛	mɔ22
呔		tʰai55
嚦		lɪk2
唚		ʦʰɐm33
弑		si33
哐		kʰʷaŋ55
噅		fɐi55
噝		si55
呲		ʦʰi55
哏	通很、狠	hɐŋ25
哏	逗哏	kɐŋ55
嘜		mɐk5
唣		ʦou22
唼		sap3
啵		pɔ55
唰		sak3
嗪		ʦʰɐŋ22
嗥		hou22
噯	噯氣	ɪk2
噯	語氣助詞，通「哎」	ai55
嗵		tʰʊŋ55
嘞		la33
嘁		ʦʰi55
嗾		sɐu25
噘		kʰik3
嚆		hou55
囝		ʦɐi25
圊		ʦʰɪŋ55
哳		ʦak3
襆		pʊk2
帔		pʰei33
岍		hiŋ55
峴		hiŋ25
嶴		ou33
岜		pa55
崬		tʊŋ55
岣		kɐu25
峁		mau13
嶧		jɪk2
崧		ɬʊŋ55
崧		sʊŋ55
崮		ku33
崞		kɔk3
崾		jiu13
崳		ji22
嶁		lɐu13
嵫		ʦi55
嶝		tɐŋ33
犭		hiŋ25
噙		kʰɐm22
狨		jʊŋ22
獫		him25
猁		lei22
猓		kɔ25
猬		ʋɐi33
猱		nau22
獍		kɪŋ33
饣		sɪk2
飠		sɪk2
餳		tʰɔŋ22
猸		mei22
噌		ʦɐŋ55
猹		ʦa55
夂	從後來到	ʦi25
夂	古文終字	ʦʊŋ55
庀		pʰei25
庀		pei33
廒		ŋou22
忄		ɬɐm55
忄		sɐm55
㣺		ɬɐm55
㣺		sɐm55
⺗		ɬɐm55
⺗		sɐm55
怫	怫，鬱也，心不安也。	fɐk2
怫	怫然而怒	fei33
懨		jim33
惝		tʰɔŋ25
閿		mɐŋ22
丬		paŋ22
氵		sui25
汔		ŋɐk2
灃		fʊŋ55
潙		kʷɐi55
溈		kʷɐi55
沲		tʰɔ22
泖		mau13
涑		ʦʰʊk5
浯		ŋ̍22
潿		ʋɐi22
湞		ʦɪŋ55
浠		hei55
淠	淠河：水名；船行的樣子	pʰei33
淠	淠淠：多，茂盛。	pʰui33
涫		kuŋ33
漵		ʦui22
溆		ʦui22
潊		ʦui22
湓		pʰuŋ22
溘		hɐp2
灄		sip3
漭		mɔŋ13
滏		fu25
瀠		jɪŋ22
漶		ʋaŋ22
澉		kam25
濉		ɬui55
濉		sui55
瀵		fɐŋ33
甯		nɪŋ22
謇		kiŋ25
怊		ʦʰiu55
沅		jiŋ22
逯		lʊk2
彑		kɐi33
迮		ʦak3
濞		pʰei33
濞		pei22
辶		ʦʰɔk3
弳		kɪŋ33
艴		fɐk5
媯		kʷɐi55
姗		saŋ55
姝		si55
羼		ʦʰaŋ33
胬		nou13
嬡		ɔi33
姹		ʦʰa33
尕		ka55
尜		kak3
騍		fɔ33
糹		si55
紆		ji55
紿		tɔi22
綞		tɔ25
緔		sioŋ13
驏		ʦaŋ25
緦		si55
縵		maŋ22
繯		ʋaŋ22
玢		pɐŋ55
玢		fɐŋ55
玨		kɔk3
瑉		mɐŋ22
珧		jiu22
巛		ʦʰiŋ55
榪		ma13
柃		lɪŋ22
栳		lou13
栀		ʦi55
栝	機栝。箭栝。	kʰuk3
栝	栝樓。栝柏。	kʷa55
欞		lɪŋ22
榿		hei55
楱		ʦʰɐu33
榀		pʰɐŋ25
榘		kei25
楥	同“楦”	hiŋ33
楥	櫃柳的別稱。籬笆。	jiŋ22
槔		kou55
榍		ɬik3
榍		sik3
椋		lioŋ22
槭		ʦʰɪk5
槭		ʦʰʊk5
檣		ʦʰioŋ22
樘		tʰɔŋ22
楂		ʦa55
樾		jik2
櫧		ʦi55
檑		lui22
檩		lɐm13
殁		muk2
櫫		ʦi55
軺		jiu22
輇		ʦʰiŋ22
珥		ȵi13
珥		ji13
軎		ʋɐi22
檫		ʦʰak3
戤		kʰɔi33
瓿		pʰɐu25
瓿		pou22
甏		pʰaŋ55
暾		tʰɐŋ55
賫		ʦɐi55
賧		tam22
强	强大	kʰioŋ22
枘		ȵui22
枘		jui22
犋		kei22
犏		pʰiŋ55
强	勉强	kʰioŋ13
毪		mɐu22
毿		ɬam55
毿		sam55
毹		ji22
氌		lou13
氆		pʰou25
氍		kʰei22
攵	「文」的異體字。	mɐŋ22
攵	「攴」的異體字。	pʰɔk3
敫		kiu33
敫		kiu25
肭		nɐk2
肭	肥肭肭	nʊk5
膁		him25
胩		kʰa55
胂		sɐŋ22
胴		tʊŋ22
胲		kɔi25
胲		hɔi25
脘		ʋuŋ25
膃		ʋɐk5
腭		ŋɔk2
腧		si33
媵		jɪŋ22
歙		kʰɐp5
歙		hɐp5
颮		piu55
膣		ʦɐk2
欹	通「猗」	ji55
欹	傾斜。攲的異體。	kʰei55
炻		siɐk2
烀		fu55
焐		ŋ̍22
焱		jim22
煊		hiŋ55
熗		ʦʰioŋ33
灬	古同“火”	fɔ25
灬	烈火	piu55
户	文讀/白讀	fu22
户	文讀/白讀	fu13
戸	文讀/白讀	fu22
戸	文讀/白讀	fu13
祆		hiŋ55
礻		si22
禊		hɐi22
禊		kʰɐi33
牜	同“牛”。用作偏旁。	ŋɐu22
愨		kʰɔk3
湣	古同“閔”，古代諫號用字。	mɐŋ13
湣	昏亂	fɐŋ55
肀		ʋɐk2
澩		hɔk2
砘		tɐŋ22
砭		piŋ55
砟	砟硌	ʦɔk2
砟	砍。鏨：斫砟	ʦa33
砼		tʰʊŋ22
砩	砩石	fɐk2
砩	用石頭擋水。又指堤壩。	fei33
硤		hap2
砦		ʦai22
硐		tʊŋ22
硌	硌腳。硌牙。	kɔk3
硌	山上的大石：硌石。砟硌	lɔk2
硪		ŋɔ22
碚		pui33
硨		ʦʰɛ55
碥		piŋ25
礤		ʦʰak3
礞		mʊŋ22
眢		jiŋ55
瞵		lɐŋ22
畈		faŋ33
畹		jiŋ25
罒		mɔŋ13
罨	文讀	jim25
罨	白讀：敷（藥）	ɐp5
钅	同“金”。用作偏旁。	kɐm55
鈑		paŋ25
鈄		tɐu25
釒	同“金”。用作偏旁。	kɐm55
鈳		kʰɔ55
鈽		pou33
磔		ʦak2
磔		ʦak3
鋮		sɪŋ22
鋏		kap3
銱		tiu33
鐋		tʰɔŋ33
鋝		lik2
鋶		lɐu13
鉲		kʰa25
鐗		kaŋ25
錁		kɔ25
鍃		fɐk5
錈		kiŋ25
錟		tʰam22
鍔		ŋɔk2
鎪		ɬɐu55
鎪		sɐu55
錼		nɔi22
鎦		lɐu22
鑌		pɐŋ55
鏍		lɔ22
鐝		kʰik3
鐓		tui22
鐓		tɐŋ55
鑹		ʦʰiŋ33
鑔		ʦʰa25
錆		ʦʰioŋ55
穭		lui13
稃		fu55
稹		ʦɐŋ25
稹		ʦʰɐŋ25
鴝		kʰei22
鵓		puk2
鶓		miu22
鵯		pei55
鷀		ʦʰi22
鶥		mei22
鷚		lɐu22
鸌		ʋɔk2
疰		ʦi33
痃		hiŋ22
瘂		a25
痦		ŋ̍22
痤		ʦʰɔ22
瘃		ʦʊk2
瘐		ji13
瘛		kʰɐi33
瘭		piu55
癜		tiŋ22
㾤		hɔŋ55
臒	好肉	ʋɔk3
袢		pʰaŋ33
袼		kɔk3
裉		kʰɐŋ33
褳		liŋ22
裰		ʦik3
褙		pui33
繈		kʰioŋ13
繦		kʰioŋ13
襦		ji22
耖		ʦʰau33
耠		hɐp2
耮		lou22
耥		tʰɔŋ25
耱		mɔ22
耵		tɪŋ55
聹		nɪŋ22
頇		hɔŋ55
顳		nip2
顢		muŋ22
顬		ji22
虬		kʰɐu22
虼		kɐk5
蚋		ȵui22
蚋		jui22
蚝		hou22
蚰		jɐu22
蚴	縧蟲、血吸蟲等動物的幼體	jɐu33
蚴	蚴虬：龍的形體彎曲的樣子	jɐu25
衤	同“衣”。用作偏旁	ji55
蛘	同“癢”	joŋ13
蛘	米象，米穀中的小黑甲蟲。	joŋ22
蛑		mɐu22
蝽		ʦʰɐŋ55
蠑		ʋɪŋ22
蠑		jʊŋ22
蝻		nam22
蝰		kʰʷɐi55
螋		sɐu55
螅		ɬɪk5
螅		sɪk5
蟓		ʦioŋ22
蟮		siŋ22
蟮		siŋ13
蠊		lim22
笄		kɐi55
𥫗		ʦʊk5
笫		ʦi25
筅		ɬiŋ25
筅		siŋ25
筻		kaŋ33
筢		pʰa22
箐	習讀	ʦʰɪŋ55
箢		jiŋ55
籪		tiŋ22
舭		pei25
舯		ʦʊŋ55
舳		ʦʊk2
舾		ɬɐi55
舾		sɐi55
艉		mei13
艏		sɐu25
籼		ɬiŋ55
籼		siŋ55
敉		mɐi13
糌		ʦam55
趔		lik2
酲		ʦʰɪŋ22
醅		pʰui55
醵		kei22
鹺		ʦʰɔ22
跫		kʰʊŋ22
踅		ʦʰik3
踅		ʦik3
跏		ka55
踣		pak2
踺		kiŋ33
蹰		ʦʰi22
蹰		ʦʰui22
躦		ʦiŋ55
觫		ʦʰʊk5
鮁		pak2
鮃		pʰɪŋ22
鮐		tʰɔi22
鮚		kik3
鱺		lei22
鰹		kiŋ55
鯖		ʦʰɪŋ55
鯴		sɐk5
鯔		ʦi55
鱝		fɐŋ13
鰒		fʊk5
鰨		tʰap3
鰳		lɐk2
鱈		ɬik3
鱈		sik3
鞽		kʰiu22
韉		ʦiŋ55
鞫		kʰʊk5
韝		kɐu55
骱		kai33
麏		kʷɐŋ55
黲		ʦʰam25
鼹		jiŋ25
熆		hɐp2
啘		ʋa55
𦯈		ʦʰɐm25
䫖		ʦʰɐm25
痾		ɔ55
蝚		jɐu22
垜		tɔ25
𧊅		kʷai25
髍		mɔ22
黟		ji55
䛩	同「惡」 厌恶	ʋu33
遰		tɐi22
䟸		kʰʷɐi22
躈		kʰiu33
囩		ʋɐŋ22
抎		ʋɐŋ13
㷳		ŋɔŋ22
蒝		jiŋ22
𪐏		ʦak3
𥈄		ʦʰɔŋ33
幎		mɪk2
鹶		kɪŋ55
𥿪		fɔŋ55
𥿪	表示「薄膜」	mɔŋ55
𦃑	表示「薄膜」	mɔŋ55
霅	霅霅，震電貌；「霅溪」：河流名	ʦip3
霅	同「霎」，極短時間：霅然而止；霅霅，雨下或雹下貌	sap3
跕	跕屣	tʰip3
跕	下墜的樣子。	tip2
枼		jip2
䬆		lei22
縎		kʷɐk5
𢉥		jik3
𢉥		ak3
憖		jɐŋ22
癹		pak2
窇		pɔk2
𥅻		ʦʰʊŋ33
丵		ʦɔk2
𤺎		sɛ33
㚊		hɔi55
㚊		kɔi55
𠍲		kʰei13
毁		fɐi25
蹽		liu22
庉		tʰiŋ22
錩		ʦʰioŋ55
啒		kʷɐk5
䠻		kʰʊŋ33
䩼		fʊŋ22
毃		hau55
毃		kʰɔk55
㜷		nai13
𠱘		ŋɪk2
㘝		nɐp2
剺		lei22
𡿩	水流貎	lik2
麫		miŋ22
峯		fʊŋ55
𨶿		tɐŋ55
䤀		jok2
婼	不順從	ʦʰiok3
婼	婼羌: 中國漢代西域國名	jok2
楉		jok2
渃	渃水；渃溪	jok2
渃	渃城	jɛ22
靐		pɐŋ22
䨻		paŋ22
骉		piu55
驫		piu55
䯂	衆多。許多馬行走的樣子。	sɐŋ55
䯂	樹木茂盛的樣子。	ʦɐp2
羴		ʦiŋ55
羴		saŋ55
犇		pɐŋ55
垚		jiu22
壵	古同“壯”	ʦɔŋ33
厽		lui13
惢	疑慮	ɬɔ25
惢	疑慮	sɔ25
惢	古同“蕊”，花蕊。	ȵui13
惢	古同“蕊”，花蕊。	jui13
掱		pʰa25
舙	古同“話”。播弄是非	ʋa22
瞐		mɔk2
畾		lui22
尛		mɔ55
孨	弱，懦弱。謹慎。	ʦiŋ25
众		ʦʊŋ33
鱻		ɬiŋ55
鱻		siŋ55
㐂		ʦʰɐk5
㐂	同“喜”	hei25
㴇	同「涉」。	sip3
㷋		tʰam22
赑		pei22
赑		pɐi33
㗊	古文“雷”字。	lui22
㗊	衆口。喧譁。	ʦʰɐp5
歮		kip3
飝		fei55
刕		lɐi22
嚞		ʦik3
皛	明也，顯也。	kʰiu13
𠦄		ʋɐi25
㽓		sɐŋ55
䖃		jok2
䆐	同「國」	kɔk3
㠭		ʦiŋ25
䲜		jip2
㸚	〔㸚尒〕稀疏明朗的樣子。	lei13
㸚	止也系也	lɐi22
亖	古同“四”。	ɬei33
亖	古同“四”。	sei33
叕		ʦik3
朤		lɔŋ13
燚		jik2
𠈌		ji22
𠫬	同「幽」	jɐu55
𡚌	通「昊」	hou22
𨰻		pou25
𩇔	雲廣貌	nʊŋ22
䣸	蘸（醬油）	nam13
𠣇	调皮；小孩子脾气差	liɛŋ25
䘶		hɐm22
㖤		hɐm22
坺	文讀	fak2
坺	借字，量詞「坨」、「團」、「灘」	pʰiɛk2
坺	訓讀；〔腍～～〕：軟爛貌	pʷɐk2
𫵱	〈俗〉陽具	ʦʰʷɐk2
欦	咳嗽聲	kʰɛm22
