#詞語	音標	解釋
支	tsɿ2	打发,支使:叫乜(别人、人家)去呢,乜还~不动弹。
芝	tsɿ2	
滋	tsɿ2	
肢	tsɿ2	
只	tsɿ2	
资	tsɿ2	
姿	tsɿ2	
辎	tsɿ2	
滓牙	tsɿ2 ia	嘴里咀嚼的食物中含有土、沙或风将土、沙吹进嘴里引起牙齿不舒服的感觉。
只管	tsɿ2 kuæ̃	老是、总是:~这么个怕是不行。②不必担心,放心:东西的质量好着呢,你~用着去。
子母扣	tsɿ2 məŋ kʰəu5	纽扣的一种,用金属或塑料制成,一凸一凹的两个合成一对。
指头	tsɿ2 tʰəu	特指手指。脚趾说成“脚指头”。
指甲	tsɿ2 tɕia	人指尖背面扁平的甲状结构。
指甲花	tsɿ2 tɕia xua	凤仙花的通称。当地人尤其是女性常用它来装饰指甲,将采集的指甲花花瓣加上明矾捣成糊状,涂抹在指甲盖上,再用绿叶包裹起来,过24小时后指甲便染成了红色或橙红色。随着时代发展,这种做法正在消失。
指甲缝	tsɿ2 tɕia fəŋ5	指甲和指头肌肉之间的缝隙。
指头蛋蛋	tsɿ2 tʰəu tæ̃5 tæ̃	也说“指头蛋子、指头肚肚”。手指头上有螺纹的鼓起的部分。
吱哩哇啦	tsɿ2 li va la	形容人叫喊、说话的声音:整天价~地,吵死人咧!
缁泥	tsɿ2 ȵi	黑色的淤泥:一没防住,脚搭~里进咧。
孜然	tsɿ2 ʐæ̃	一种佐料,常加工成粉末状,本地不产。多在做烧烤时用:烤些羊肉串,~不咧放得太多咧。
只但	tsɿ2 tæ̃5	只要:~一回来,你就给我言传。
知了子	tsɿ2 liɔu tsɿ	知了:连个~一样,叫唤着没停。
纸火	tsɿ2 xuɤ3	祭奠死者,为之烧化的纸制祭品的统称:你爷爷的三年纸快到咧,~定下咧没有?
纸火铺子	tsɿ2 xuɤ3 pʰu5 tsɿ	制作纸制祭品如花圈等的店铺。
滋润	tsɿ2 ʐuŋ	舒坦、舒服:人家日子过得~得很!②形容女孩子长得好看,又懂事,且善于操持家务:张家有个女子~得很,给你说个媳妇去。
子	tsɿ	地支的第一位。②儿子(书面语)。
止	tsɿ3	
址	tsɿ3	
梓	tsɿ3	
紫	tsɿ3	
子	tsɿ	名词后缀;与名词性语素组合构成普通名词:桌~、钱夹~;与单音节名词的重叠形式组合构成小称意味的名词:凳凳~、盅盅~;②量词后缀(名量词):一沓~纸;③形容词后缀;与形容词语素组合构成普通名词:冷~。与某些双音节语素组合成性质形容词:半搭~老汉。与“正、反、横、竖、立、斜、倒、顺”等形容词的重叠形式组合,表示动作的情状。
子肉	tsɿ3 ʐəu	精瘦肉:净~吃去太干咧,多少得有点肥的。②自身的,自个儿的:输的钱全是别人的你还没伤着~呢。
指	tsɿ	(手指头、物体前端)向着;对着:他往远处一~。②仰仗、依靠:我还~你着给我出力呢。③过继:把老二~给他外奶家叫顶门门子去。
指拨	tsɿ3 pɤ	指教、调教:娃娃碎着不懂事,你要多~呢。
指教	tsɿ3 tɕiɔu	指指点点让某人做某事(含贬义):~过来~过去的,谁是你的佣人!
纸精	tsɿ3 tɕiŋ2	废纸经水浸泡后捣成纸浆用来造纸。
纸烟	tsɿ3 iæ̃	香烟。
试	tsɿ5	验证:△若要~人心,害病迭年馑。
渍	tsɿ5	用软布或白萝卜片儿蘸上烧热的植物油将新买的铸铁锅内壁擦拭光亮,使得今后使用时能够光滑不生锈。
至多	tsɿ5 tuɤ2	表示最大的限度:一天~给着20块钱,划不来去。至少tsɿ44ʂɔu53表示最小的限度:一个冬天~要用过5吨炭呢。
至大	tsɿ5 ta5	同“至多”。
至狠	tsɿ5 xəŋ3	同“至多”:~喝咧一两酒,能把人给醉咧。
至挡	tsɿ5 taŋ3	形容程度达到极点:他把钱全拿着去~咧么,还要咋么呢!
至不行	tsɿ5 pu ɕiŋ	同“至少”,通常与“也得”搭配:这个东西~也得30个元。
自来旧	tsɿ5 lεi tɕiəu5	指新买的衣服或做衣服的布料颜色不好,显得陈旧:我看不上那个衣裳,看上去有些~么。
自来卷	tsɿ5 lεi tɕuæ̃3	头发天生就卷曲的人。
自个人	tsɿ5 kɤ ʐəŋ	有亲戚关系或交情深厚的人。也说“个家人”。
自搭	tsɿ5 ta	自从:~明儿起,你就不咧再来咧。
字儿	tsɿ5 εr	铜钱或硬币上有字的一面儿。
字号	tsɿ5 xɔu	大商店的旧称。
姊妹	tsɿ5 mei	姐妹。②兄弟姐妹的通称:你家~几个?
痔疮	tsɿ5 tʂʰuaŋ	一种肛门部位的常见疾病。
龇	tsʰɿ2	露(牙):我把棒一扽,它(狗)就牙一~。
龇牙咧嘴	tsʰɿ ia liε3 tsuei	形容凶狠的样子:你~地吃人恰。②形容疼痛难忍的样子:看你那个~的样子,疼得很吗?
滋溜溜地	tsʰɿ2 liəu3 liəu ti	形容动作非常快:乜~窜到前头去咧。
支长嘴	tsʰɿ tʂʰaŋ tsuei3	在某事上多嘴:这事怨我,是我~咧。
垐	tsʰɿ	结实:上面堆上些土,再用脚踏~。②愚笨、老实(含贬义):那个人~着咋搞恰。
垐实	tsʰɿ ʂʅ	结实:你不咧看着他瘦着呢,那~得很!
垐货	tsʰɿ xuɤ	指愚笨或不灵活的人(含贬义):给那个~就啥都
垐锤	tsʰɿ tʂʰuei	同“垐货”。
垐贼	tsʰɿ tsei	同“垐货”。
垐不棱瞪	tsʰɿ pu ləŋ təŋ	形容愚笨、呆傻的样子:那个人看上去~地,能干个啥!
跐弹	tsʰɿ tʰæ̃	动弹:不敢~,一~就淌开血咧。②折腾:再不
跐	tsʰɿ3	本义为用脚踩踏,引申为擦、蹭:把墙上写下的字~咧!/绊咧一跤,~破咧一点油皮子。《广韵·纸韵》:“侧氏切。蹈也。”
跐皮	tsʰɿ3 pʰi	橡皮。
刺蓬	tsʰɿ5 pʰəŋ	多年生肉质灌木。茎直立或攀援状,刺硬而尖,成五行排列于茎的纵棱上:做啥要看着呢,不咧连瞎牛钻~一样。
刺芥	tsʰɿ5 kεi	即小蓟。
司仪	sɿ2 i5	婚礼、寿诞庆典的主持人。
丝光袜子	sɿ2 kuaŋ va2 tsɿ	一种机制袜,表面像丝一样光滑光亮。
□气	sɿ2 tɕʰi5	食品变馊有异味儿:把剩下的饭赶紧吃咧去,不吃就~咧。
死狗	sɿ2 kəu3	地痞流氓:老王叫街上的~打咧。
死狗派	sɿ2 kəu3 pʰεi	表现出地痞流氓的样子:我一看人家那么一副~,我就气死咧!
死狗流魂	sɿ2 kəu3 liəu xuŋ	游手好闲、无所事事之人。
死狗拉唧	sɿ2 kəu3 la tɕi	形容流里流气、耍赖皮的样子。
时节	sɿ tɕiε	时间:这么弄就太费~咧。②季节:你不看啥~咧,还穿下个单衫子!
死相	sɿ3 ɕiaŋ	形容某人头脑不够灵活:再的人都跑着给自己弄好处着呢,就那个人~着不动弹。
死疙瘩	sɿ3 kɤ ta	难解开的死结儿:一下子给绑紧,干脆绑成个~算咧。
死禮子	sɿ3 kʰuæ̃5 tsɿ	同“死疙瘩”。
死驴烂马	sɿ3 ly læ̃5 ma3	指未经宰杀而死亡的牲畜的肉。回民忌
食	:~	的东西,能上桌子?
死面饼子	sɿ3 miæ̃5 piŋ3 tsɿ	用未发酵的面烙成的饼子:~吃多咧疔
死眉瞪眼	sɿ3 mi təŋ5 ȵiæ̃3	死气沉沉,没有朝气:一天价~地,不
死眼咕嚅	sɿ3 ȵiæ̃ ku ʐu	同“死眉瞪眼”。
死皮	sɿ3 pʰi	赖皮:给人还耍开~咧。②手或脚上磨起的老茧:手上的~结咧厚厚一层。
死皮赖膪	sɿ3 pʰi lεi5 tʂʰuεi5	死乞白赖:乜~地坐下咧,我能让乜走?
死羊磨血	sɿ3 iaŋ mɤ ɕiε	本义是羊被宰杀后,体内的血要流一段时间才能流尽。引申为做事拖拉、磨蹭:要做就好好做,不咧~咧。
死驴不怕狼扽	sɿ3 ly pu pʰa5 laŋ təŋ	形容耍赖皮的样子:给人一个~的架势,你还拿他没办法。②没有别的办法,横下一条心:反正是~咧,走着哪达算哪达。
死咧	sɿ3 liε	失去生命。对人死亡汉民常讳称为“完咧、走咧、下场咧、没有咧”,回民常讳称为“归真咧、无常咧、口唤咧”。②常用在动词或性质形容词后表示程度加深:听说考试考过咧,一下子把人高兴~。
死得	sɿ3 tei	活该:才~,谁让你不听大人话!
死不得	sɿ3 pu tei	大大超出寻常:和下的泥多得~咧。②表示
死娃娃	sɿ3 va va	夭折的婴儿。
死声	sɿ3 ʂəŋ	形容人的声音难听,令人不舒服:你~拉下,要你命着呢!
使拐	sɿ3 kuεi3	使坏:这个人不给人~,是个好人。
使唤	sɿ3 xuæ̃	支使:你~我就连~牲口一样,我不干咧!②使
用	:	新买下的瓦刀~去不太顺手。
寺	sɿ5	伊斯兰教的清真寺。
巳	sɿ5	地支的第六位,代表动物是蛇。
试当	sɿ5 taŋ	试一试:你说我不行,你~一下。
试活	sɿ5 xuɤ	同“试当”。
试着	sɿ5 tʂɤ	感觉:我~身后头有个啥动弹着呢。
是	sɿ	表判断:我~个语文老师。②表存在:山上长的全~松树。③用在句首,表强调:是你给他说下的?④在上半句里,用在相同的动词、形容词中间,表让步:去~去呢,看谁来请我呢。/耍~耍,你可不咧把正事忘咧。
是非	sɿ5 fei	矛盾、纠纷:你再不咧惹那些~咧,还不嫌乱吗!②搬弄口舌:这个人到底~得很!
是非头子	sɿ5 fei tʰəu tsɿ	经常搬弄是非的人。
是咋么	sɿ5 tsa mu	不论怎么样:~让他到我跟前来一下。
是啥	sɿ5 sa	任意什么:只要能表达心意,我看~都能行。
四色礼	sɿ5 sei li3	指四种不同样式的礼品,一般为茶叶、白酒、点心、肉。通常在婚事或比较重要的事情上使用。
四季财	sɿ5 tɕi5 tsʰæ̃	猜拳时数“四”。也说“四红灯”。
四点水	sɿ5 tiæ̃3 ʂuei3	四点底,汉字偏旁。如“热、烈、烹”字的下部。
四眼子狗	sɿ5 ȵiæ̃ tsɿ kəu3	对戴近视眼镜之人的蔑称。
四门八窗	sɿ5 məŋ pa2 tʂʰuaŋ	当地民居门窗的一种样式,即在两扇活动的门旁还有两扇固定的门扇,窗户都是八扇的。
执席的	tʂʅ2 ɕi ti	筵席上招呼客人吃菜喝酒的人,一般不能入席就座,要站着服务。
直筒子	tʂʅ tʰuŋ3 tsɿ	性情耿直之人。
直咧	tʂʅ liε	放在动词、形容词后表程度增强加深:几节课下来,把人给站~。/为咧不剩饭,多加咧一碗,把人胀~。
侄儿子	tʂʅ εr tsɿ	弟兄或其他同辈男性亲属的儿子。
侄女儿	tʂʅ ȵy εr	弟兄或其他同辈男性亲属的女儿。
侄男姑女	tʂʅ næ̃ ku2 ȵy3	弟兄姊妹或其他同辈男女性亲属的儿子女儿的通称:那几年,谁家给没有几个~经常在跟前交挠着。
治	tʂʅ	惩治:这一回让人给~美咧,吓得他娃娃连门都不敢出。②医治:医生都没~咧,怕是不行咧。
这	tʂʅ5	指示代词,表近指。
这个	tʂʅ5 kɤ	指示代词,单指一个。
这些	tʂʅ5 ɕiε	指示代词,指数量较多。
这搭	tʂʅ5 ta	这里,这个地方。所指范围既可大又可小:~的人都老实得很。
这搭搭	tʂʅ5 ta ta	这里(指就在跟前),与“这搭”指小范围一致,情感态度上表强调意味:这不是在~呢吗,你说是找不着!
这么个	tʂʅ5 mu kɤ	这样:~咧你就不咧去。/~不行,那么个不行,你要咋呢吗?
这个月	tʂʅ5 kɤ yɤ	这一个月,本月:~的电话费不知道交咧吗。这不交tʂʅ44pu21tɕiɔu24这不是嘛:~,在车里头坐着呢!
这交	tʂʅ5 tɕiɔu	同“这不交”。
这一阵	tʂʅ5 i tʂəŋ	这一会儿。
这时候	tʂʅ5 sɿ xəu	这时。
这一头子	tʂʅ5 i tʰəu tsɿ	这边。(跟“那一头子”相对)
这傍个	tʂʅ5 paŋ kɤ	这边。(跟“那傍个”相对)
吃大豆	tʂʰʅ2 ta5 təu	比喻做事情非常容易:他弄这一号事情就连~一样。②小孩或同性的年轻人之间开玩笑的一种方式,在对方不注意的时候用手指向上轻击其下巴颏,使其上下牙齿相碰并发出声响。
吃干饭的	tʂʰʅ2 kæ̃ fæ̃5 ti	指占着位置不干事或干不了事的人。
吃乱团	tʂʰʅ2 luæ̃5 tʰuæ̃	遭乱人拳打脚踢:你不咧去咧,你去肯定让人~咧。
吃敬	tʂʰʅ2 tɕiŋ5	主观地认为应受别人的尊敬:看把你给~的,你又不是谁的上姑舅。
吃手	tʂʰʅ2 ʂəu3	饭量:你不咧看那么个瘦人,那~比你好。
吃烟	tʂʰʅ iæ̃2	吸烟。
吃包包	tʂʰʅ pɔu2 pɔu	大人亲小孩儿的嘴。
吃老虎	tʂʰʅ2 lɔu xu3	亲嘴,接吻。
吃肉包子	tʂʰʅ2 ʐəu5 pɔu tsɿ2	同“吃老虎”。
吃伤咧	tʂʰʅ ʂaŋ2 liε	因暴食暴饮某种食品,造成以后见这种食品厌恶或反胃:娃娃碎的时候让鸡蛋给~,现在带个不能吃鸡蛋。
吃的	tʂʰʅ2 ti2	吃的东西。
吃头	tʂʰʅ2 tʰəu	吃的东西:给娃娃买咧些啥~?②通过吃感觉到的滋味儿:冬天的西瓜没有一点点~。
吃独食	tʂʰʅ2 tu ʂʅ	一个人独占,别人沾不上边。
吃零嘴	tʂʰʅ2 liŋ tsuei3	吃零食。
吃醋	tʂʰʅ2 tsʰu5	(在男女关系上)忌妒。
吃人贼	tʂʰʅ2 ʐəŋ tsei	敲诈勒索之人:那是个~,他能放过你?吃老碗tʂʰʅ213lɔu21væ̃53一种拿石头片在水面上打出连续水花的游戏。
吃干搲尽	tʂʰʅ2 kæ̃ va3 tɕiŋ5	指不留任何东西(含贬义):几下子~,生怕有人抢咧他的。
吃席	tʂʰʅ2 ɕi	在酒席上吃饭。
吃香	tʂʰʅ ɕiaŋ2	比喻受欢迎或受宠幸:这几年海原的硒砂瓜~得很!/人家在领导跟前~着呢!
吃筵席	tʂʰʅ2 iæ̃ ɕi	指举办婚礼时,女方送亲的人到男方家吃酒
席	:~	的人坐咧两大轿子车,吓人呢么!
吃高价饭	tʂʰʅ kɔu2 tɕia5 fæ̃5	指给人送礼金并吃对方准备的酒席。
吃野粮食的	tʂʰʅ2 iε3 liaŋ ʂʅ ti	詈语,通常用来指没有教养的人:你一点教养都没有,简直是~!
吃洋花生	tʂʰʅ2 iaŋ xua2 səŋ	指被枪毙。
尺谋	tʂʰʅ2 mu3	估计、估摸:我~着能成咧吧。
池子	tʂʰʅ tsɿ	用砖头和水泥砌成,用来洗衣、洗菜或蓄水。②量词:放咧满满一~水。
湿唧唧的	ʂʅ2 tɕi3 tɕi ti	形容湿得让人感觉厌烦:外头下得~,也没地方去。
失笑	ʂʅ2 ɕiɔu5	可笑:乜讲开故事咧~得很。
失人命	ʂʅ2 ʐəŋ miŋ5	危及人的生命安全:这么下去就~呢,赶紧寻人修给一下。
螫	ʂʅ	蜂、蝎子等用毒刺刺人或动物:眼睛叫蜂儿给~肿咧。
蚀	ʂʅ	某些物质刺激皮肤或黏膜使之发生疼痛:盐水滴着伤口上~得人受不了!
十月一	ʂʅ yɤ i	农历十月初一。当地风俗,这天要给亡者焚烧纸钱、纸制的防寒物品等。也说“送寒衣”。
十五	ʂʅ vu3	指农历正月十五,元宵节。
十大碗	ʂʅ ta5 væ̃3	指农村里有红白喜事时,酒席上的十道不同菜肴,因用碗盛而得名。
十三花	ʂʅ sæ̃ xua	酒席的一种,上五碗八盘菜。随着生活水平的提高,十大碗、十三花的酒席样式已渐渐消失。
十天半个月	ʂʅ tʰiæ̃ pæ̃5 kɤ5 yɤ	十到十五天左右。因语境不同,分别带有嫌时间长或说时间足够用的意味:你一去就是~,我能给等住!/这一点活,有~做得完完的。
十呢五呢	ʂʅ ȵi vu3 ȵi	偶尔、不经常的。也说“十打五闲”:忙是忙,~地去看一下你妈,人老咧么。
十打五闲	ʂʅ ta vu3 ɕiæ̃	同“十呢五呢”。
十三不靠	ʂʅ sæ̃2 pu kʰɔu5	麻将术语。指筒、万、条的点儿分别为1、4、7,2、5、8,3、6、9,其余为东、西、南、北、中。常用来比喻事物之间没有联系。
十帕九泪	ʂʅ pʰa tɕiəu3 luei5	形容哭得特别伤心的样子:乜一下子~地,就连有天大的委屈一样。
十冬腊月	ʂʅ tuŋ la2 yɤ	指冬季最寒冷的时候。
室兄哥	ʂʅ ɕyŋ kɤ	妻子的哥哥。
室内亲戚	ʂʅ nuei5 tɕʰiŋ tɕʰi5	关系很近的亲戚。
实诚	ʂʅ tʂʰəŋ	实在、诚实。
实受	ʂʅ ʂəu	指人实在:那个人待人~得很。②指物品实惠耐用:这个东西家里常用去~着呢。
实确	ʂʅ tɕʰyɤ	真实、可靠:别人说下的得道~着吗?
实夯夯地	ʂʅ xaŋ2 xaŋ ti	形容非常密集、密不透风的样子:人围地~,给能挤着里头去!
实腾腾地	ʂʅ tʰəŋ2 tʰəŋ ti	形容人非常实在:让人感觉这个人~,够朋友。
实实儿地	ʂʅ ʂʅ rti	表示真实的程度更强:小马说下的这个事情~。
石头眼镜	ʂʅ tʰəu ȵiæ̃3 tɕiŋ5	水晶制成的眼镜。
石子儿	ʂʅ tsɿ3 r	小石子儿。②建筑用的石料:拉上一车~打地平。
石条	ʂʅ tʰiɔu	加工后呈条状的石头。
拾掇	ʂʅ tuɤ	打扫、整理:你看乜家把家里~得好嘛!②修理:这个收音机坏咧,寻个人给~一下。③惩治:你再这么弄,迟早就让公安局给~咧。
拾鞋带的	ʂʅ xεi tεi5 ti	原意为帮人系鞋带儿的人,引申为替人收拾烂摊子,跑腿干杂活儿的人:混来混去也没有个大的出息,还不是个给人~。
世	ʂʅ5	与生俱来,原本就有的:那是老天爷给他~下那么个脸么,谁给能变过来。
世翻	ʂʅ5 fæ̃	拨弄,折腾:在人脸上不咧~咧唦!/再不咧在家里
胡	~	咧,出去耍去!
世量	ʂʅ5 liaŋ	估量(估计某人不会做某事):我把他~咧,他就没能力弄这个事。
世下的	ʂʅ5 xa ti	命运早就安排好的。这两个娃娃结婚呢,真个就连~一样。
日	ʐ	前缀。可构成形容词和动词,多为贬义。②性交。
日屄	ʐʅ pʰi2	性交。
日把欻	ʐʅ2 pa tʂʰua3	指品行卑鄙之人:老马真格是个~一个。
日塌	ʐʅ2 tʰa	糟践、糟蹋:你这话不是~人着呢吗。②弄坏:你乜几下就把个好耍头子~咧。③程度达到极点,相当于普通话的“……死了”:笨~、冻~、甜~、高兴~、快~。
日眼	ʐʅ2 ȵiæ̃3	惹人厌烦:这个人~过火着呢!
日杵怪	ʐʅ2 tʂʰu3 kuεi5	模样古怪、搞笑之人:这是个~一个,你说失笑吗不失笑。
日麻眼	ʐʅ2 ma ȵiæ̃3	形容非常糟糕、龌龊:这个事还给弄~咧。
日怪	ʐʅ2 kuεi5	古怪、奇怪:你说~吗不~,明明晴着呢,乜咋么滴雨点子开咧。
日鬼	ʐʅ2 kuei	使用诡计使别人上当受骗:你怕是让人给~咧!/~着让人来回跑咧几趟子。②凑合、应付:反正没人仔细检查,~一下算咧。③形容人的品行不好:那个人~得很!
日头	ʐʅ2 tʰəu	太阳。
日头冒花子	ʐʅ2 tʰəu mɔu5 xua tsɿ2	太阳刚刚露出地平线的时候。
日能	ʐʅ2 nəŋ	形容人有能耐(含赞赏意味):那个人~着呢,乜自己设计着盖咧个楼房。②有能耐(含讥讽意味):这么说你还比谁~?③逞能:在不咧~咧,赶紧找个会弄的去。④形容人态度傲慢:不就是当咧个处长么,~啥呢!
日赖	ʐʅ2 lεi5	形容人耍赖皮、品行不好:你看你~吗不~。
日馕	ʐʅ2 naŋ3	吃(含贬义):你赶紧~你的,再不咧说别人。/连猪一样,~够咧就缓下咧。
日弄	ʐʅ2 nuŋ	糊弄:这么个的话,八成儿是让人~咧。
日急慌忙	ʐʅ2 tɕi xuaŋ2 maŋ	慌慌张张:车快开咧,乜~地抓起包包就跑咧。
日嚼	ʐʅ2 tɕyɤ	训斥、责骂:乜还犟着呢噻,叫我给好好地~咧一顿。
日娘掏老子	ʐʅ2 ȵiaŋ tʰɔu2 lɔu3 tsɿ	用不文明的语言辱骂。
日昏阳昏	ʐʅ2 xuŋ iaŋ xuŋ	形容不知时间迟早、糊里糊涂的样子:成天价~的,不知道要弄啥呢!
儿子	εr tsɿ	男孩子(对父母而言):他们就这一个~。②男孩子(性别):不知道生咧个~吗还是女子。
儿子娃娃	εr tsɿ va va	男孩子(性别):最好要几个~,顶住事呢。②男子汉的阳刚之气:到底是~,说弄啥就弄啥。
儿娃子	εr va tsɿ	男孩子(性别),口语中常带有刺激对方的意味:你是你们张家的~咧,你出来承认这是你们弄下的。
儿马子	εr ma tsɿ	公马,常用来比喻那些身手矫健的小伙子:那连个~一样,谁都撵不上。
而个	εr kɤ	现在,如今:~这个社会,假货太多咧。
扔	εr	扔:给他~给咧一瓶水。②丢失:上前儿个我把钱包~咧。
扔下	εr3 xa	放下、丢下:~自己的工作不好好干,要管别人的事呢。
扔脱	εr3 tʰuɤ	用力扔掉:让我~一胡墼,刚打着尻蛋子上。②摆脱纠缠:跟着后头缠咧一个礼拜,希~不了咧。
扔背咧	εr3 pei5 liε	置于脑后无人记起:几年没有联系,都~。
扔识	εr3 ʂʅ	理睬、搭理:出咧门就没人~你,你以为你是谁一个!耳巴子εr53pa21tsɿ21耳光:让人给美美地搧咧几个~。
耳坠子	εr3 tʂuei5 tsɿ	耳垂。也说“耳朵坠坠”。
耳呱子	εr3 kua tsɿ	耳朵。
耳根子软	εr3 kəŋ2 tsɿ ʐuæ̃3	形容非常容易听信别人的话。
耳塞	εr3 sei	耳屎。
耳背	εr3 pei5	耳聋。
耳擦洼	εr3 tsa va5	耳朵背后靠近耳垂的地方。
耳朵眼	εr3 tuɤ ȵiæ̃3	耳垂上打的小眼儿,用来佩戴耳环等装饰品。
耳朵碗碗	εr3 tuɤ væ̃3 væ̃	耳朵上由耳轮、耳屏包围靠近耳门的部
位	:	吹咧一天的黄风,~里沙子装满咧。
耳枕	εr2 tʂəŋ3	一种枕头,中心有拳头大小的洞,侧睡时一耳正在洞中,可避免耳朵被挤压。
二	εr	数字。②单独使用,形容某人性格鲁莽、言辞行为过激:稳住,再不咧那么~咧啥。③常与杆子、倯、货等构成詈词:~杆子遇上~倯咧,一双~货。
二月二	εr5 yɤ εr5	指农历二月初二。当地民俗之一。这天家家户户要炒豆子,吃豆子。多数人选择这天去理发,意为新春有新气象:△~,龙抬头。/~,炒豆豆。
二把刀	εr5 pa3 tɔu	技术不过关的人:~做下的活给能好?
二百五	εr5 pei2 vu3	性情鲁莽、做事过头之人。当地人在交往过程中都尽力避免使用这个数字。
二道贩子	εr5 tɔu5 fæ̃5 tsɿ	泛指做转手买卖的人。
二杆子	εr5 kæ̃3 tsɿ	指做事缺乏考虑,好感情用事,办事鲁莽的人。
二饼子	εr5 piŋ3 tsɿ	近视眼镜:这么碎的娃娃就戴上~咧。②戴近视眼镜的人(含贬义):骑自行车的那个~,就是他哥。
二货	εr5 xuɤ5	詈词。同“二杆子”。
二尿	εr5 tɕʰiəu	詈词。同“二杆子”。
二倯	εr5 suŋ	詈词。同“二杆子”。
二溜子	εr5 liəu5 tsɿ	游手好闲、不务正业之人:乜成天在街上当~着呢。
二手货	εr5 ʂəu xuɤ5	倒手转卖过一遍或几遍的货物。
二王	εr5 vaŋ	扑克牌中的“小王”。
二转子	εr5 tʂuæ̃5 tsɿ	指动植物的杂交品种。
二面子	εr5 miæ̃5 tsɿ	两边儿:当中里放下一台大彩电,~放下两个大音箱。
二脖子	εr5 pɤ tsɿ	见“五家抱”。
二不唧唧	εr5 pu tɕi tɕi	形容某人性情粗鲁,做事莽撞(含贬义)。
二不惺惺	εr5 pu ɕiŋ ɕiŋ	同“二不唧唧”。
二婚	εr5 xuŋ	再婚。
二一个	εr5 i kɤ	第二点:首先,我不同意你这么弄;~,我觉着这个事还要再商量一下;第三,有没有花这个钱的必要。②另外,再说:你这么个怕是没人听你的,~对你自己有啥好处呢?
二尾子	εr5 i tsɿ	两性人。
二家子	εr5 tɕia tsɿ	旁人:东西找不着咧,怕是~拿着去咧!
二细	εr5 ɕi5	指吃拉面时,将面拉成比平常细的稍粗一些的面。
二凉	εr5 liaŋ	指天气变冷却宁愿穿着单衣似乎不知寒冷之人,引申为不知时令、违背规律之人(含贬义)。
二愣八呲	εr5 ləŋ pa tsʰɿ	形容某人愣头愣脑、不通人情:我给人家安顿着呢,乜~地就连没说一样。
二一添作五	εr5 i tʰiæ̃2 tsuɤ vu3	平分:这些东西咱两个~,一人一半儿。
笔	pi	毛笔、铅笔、钢笔的总称。②笔画:这个字通共几~。③量词:那个人写下一~好字。/乜发咧一~洋财,一下子富咧。
笔帽帽	pi2 mɔu5 mɔu	笔帽儿。
笔杆杆	pi2 kæ̃3 kæ̃	笔杆儿。
笔杆子	pi2 kæ̃3 tsɿ	擅长写各种文章之人。
笔肠子	pi2 tʂʰaŋ tsɿ	钢笔存储墨水的软管。
笔芯芯	pi2 ɕiŋ5 ɕiŋ	圆珠笔的芯儿。
笔尖尖	pi2 tɕiæ̃ tɕiæ̃	笔尖儿。也说“笔尖子”。
笔罐罐	pi2 kuæ̃5 kuæ̃	插放笔的圆筒形器具,多由木、竹或陶瓷制成。也说“笔罐子”。
笔筒筒	pi2 tʰuŋ3 tʰuŋ	同“笔罐罐”,也说“笔筒子”。
毕咧	pi2 liε	完了,结束了。
鼻	pi	鼻涕。
鼻淌脑水	pi tʰaŋ nɔu ʂuei	(小孩儿)擦不净鼻涕:这个娃娃~的,一点都不乖。②(成人)邋遢的样子:一天价~的,也不知道收拾自己。
鼻甲子	pi tɕia2 tsɿ	鼻垢:去把~打张干净咧再来。
鼻窟窿	pi kʰu2 luŋ	鼻孔:没防住把~给戳烂咧。
鼻门子	pi məŋ tsɿ	鼻孔的出口处。也说“鼻子门”。
鼻毛	pi mɔu	长在鼻孔里的毛。
鼻梁子	pi liaŋ tsɿ	鼻梁骨。
鼻尖尖	pi tɕiæ̃2 tɕiæ̃	鼻尖儿。
鼻粘住棍	pi ʐæ̃ tʂʰu kuŋ5	鼻涕粘在棍子上,喻指缠绕、附着在上面,难以摆脱。
壁虱	pi sei2	臭虫。
滗	pi3	挡住泡着的东西或渣滓,把液体倒出去:把熬下的药~出来。《广韵·质韵》:“鄙密切。去滓。”
秕	pi3	瘪,不饱满。
秕绌绌子	pi3 tʂʰu2 tʂʰu tsɿ	粮食作物颗粒不饱满或充气、装物的口袋变空:气一放,一下子成~咧。
鐾	pi5	把刀在布、皮、石头等物上面反复磨擦几下,使锋利:把刀子~一下再剃。《集韵·霁韵》“蒲汁切,治刀使利。”
篦子	pi5 tsɿ	用竹子制成的梳头工具,中间有梁儿,两侧有密齿。篦子客pi44tsɿ21kʰei21刻薄尖酸之人。
被儿	pi5 εr	被子。
被面子	pi5 miæ̃5 tsɿ	被面儿。
被里子	pi5 li3 tsɿ	被里儿。
被套	pi5 tʰɔu5	套在被子上防止被子脏的套儿。
被窝筒筒	pi5 vɤ tʰuŋ3 tʰuŋ	被窝儿:冷月天的~,暖和得很,人到底懒得出来。
被告	pi5 kɔu5	被控告的一方。
屄	pʰi	阴户。②喻指某人的嘴(詈词):你~夹紧,这达有你说话的地方?
屄板子	pʰi2 pæ̃3 tsɿ	阴户。
屄毛	pʰi2 mɔu	女性阴毛。
屄嘴	pʰi2 tsuei3	同“屄”②。
屄婊子	pʰi2 piɔu3 tsɿ	骂妇女的詈词。
屄脸	pʰi2 liæ̃3	詈语:吃咧还要拿上,真不要~。
批耳子	pʰi2 εr3 tsɿ	耳光:你再胡说,小心有人搧你两个~。
皮薄	pʰi pɤ	看不起,使人窘迫:你不咧看这么大的娃娃咧,乜还~人呢。②礼金或礼品数量少:这么一点点,怕太~咧吧。
皮条客	pʰi tʰiɔu kʰei	指男女不正当关系的牵合人。
皮实	pʰi ʂʅ	(人或物)结实:普桑~,耐摔绊。/这个娃娃~得很,从来没感冒过。
皮蛋	pʰi tæ̃5	松花蛋。
皮袄	pʰi nɔu	用羊皮制成的或长或短的大衣。
皮匠	pʰi tɕiaŋ	制作皮毛物品的小手工业工人。
皮冻冻	pʰi tuŋ5 tuŋ	用牛头肉皮或猪肉皮熬制成的一种食品。
皮甲甲儿	pʰi tɕia5 tɕia r	皮制的马甲儿:二八月穿上个~,还顶些用。
屁大	pʰi5 ta	不大,不值一提。~一点娃娃还欺负人呢。/~的个事,赶紧算咧。
屁筒	pʰi5 tʰuŋ3	爱放屁的人。
屁虎子	pʰi5 xu3 tsɿ	屁。
屁温子	pʰi5 vəŋ tsɿ	不烫手,温吞吞的:揣去~,一点儿也不烫。蚍蜉蚂pʰi44fəŋ21ma53蚂蚁。
弥	mi	本义为用布接缝,引申为续、接:裤子短咧,~上几寸还能穿。/一根竹竿短咧些,再~上一根。《方言》卷十二:“弥,合也。”《广雅·释诂二》:“弥,缝也。”
眉眼	mi ȵiæ̃	眼色:这个娃娃一点~都没有。②头绪:写下的论文还没有~呢。
迷信罐罐	mi ɕiŋ5 kuæ̃5 kuæ̃	指非常讲迷信的人。
糜子	mi tsɿ	一年生草本植物,叶子线形,子实淡黄色,去皮后叫“黄米”。
米汤	mi3 tʰaŋ	稀饭。②蒸米饭时撇出的米汁儿(随着电饭锅的普及,这种做法现已不多见)。
米滚水	mi3 kuŋ ʂuei3	将吃剩的米饭加水熬成的稀饭或熬稀饭时米较少,吃起来不香,口感似白开水,故名。
米和和	mi3 xuɤ5 xuɤ	米饭和面条或面片放在一起加葱花儿等调料做成的饭。
女猫儿	mi3 mɔu2 εr	母猫:这个猫儿是个郎猫儿,还是个~?女,《广韵·语韵》:“尼吕切”。固原方言单字或在其他词语中一般读为ȵy53,而在“女猫儿”一词中读mi53。
眯	mi5	小睡:中午~上一阵子顶用得很。
眉户子	mi5 xu tsɿ	发源于陕西眉县,流行于西北各省的地方剧种。
腻	mi	支、撑:把车轮子用石头~住,不咧让顺坡坡溜咧。②堵塞、淤塞:下水道叫倒下的恶水给~住咧。
腻虫	mi5 tʂʰuŋ	蚜虫。
腻抹	mi5 mɤ	蒙混:如果人不注意,就算~过去咧。②随便不认真地做:上班太忙咧,三顿饭就不知道咋么~着呢。
腻眼腻齿	mi5 ȵiæ̃ mi5 tsʰɿ3	指人(多指孩子)吃饭时不好好吃:你
咪咪	mi5 mi	初春时节,将刚发芽的杨柳树枝拧成的杨柳笛。
羝胡	ti2 xu	绵羊群里的种羊。
地溜子	ti2 liəu tsɿ	螺丝菜。一种茎像螺丝杆形状的植物,可食用。
底子	ti3 tsɿ	器物的底部(向外的部分):鞋~上沾咧些脏东西。②基础:这个娃娃~好着呢。③可作根据的:把我写下的~拿着过来。④花纹图案的衬托面:红~上面把白字放上。⑤东西剩下的最后部分:一点货~咧你都拿着去。
底里	ti3 ȵi	下面:桌子~放着呢你看不着吗?②器物底部(向内的部分):碗~吃着剩下咧些渣渣子。
底下	ti3 xa	下面。②隶属的:手~管咧几百人呢。③低层的,一般的:当官的这么个,~的人还能活?
底襟子	ti3 tɕiŋ tsɿ	衣襟。在形容某人惧怕时常用:吓得他~颤呢。
抵牛儿	ti3 ȵiəu εr	两人(物)相克、发生冲突:这两个人经常~着呢。/事情~着就弄不成么!
抵仗	ti3 tʂaŋ5	有犄角的牛或羊相互顶角。
弟兄	ti5 ɕyŋ	兄和弟的通称。
弟妇子	ti5 fu tsɿ	兄弟的妻子。也说“弟媳妇”。
弟媳妇	ti5 ɕi fu	同“弟妇子”。
地包天	ti5 pɔu2 tʰiæ̃	上下牙弓远近中关系异常,下颌前突:那个人长下个~,不好看。②指有地包天长相的人:就那个~,我认得他呢。
地方	ti5 faŋ	位置:你能找到~吗。②院落、住所:趁有钱呢赶紧在宽展处给自己拾掇个~。
地气	ti5 tɕʰi5	土地的温度。
地老鼠	ti5 lɔu tʂʰu	烟花的一种,点着后贴着地面乱窜。
地下	ti5 xa	地上:针跌着~咧,赶紧帮着寻一下。
地茭子	ti5 tɕiɔu2 tsɿ	一种植物,有较浓的气味,当地人用来泡茶解暑。
地釉子	ti5 iəu2 tsɿ	小雨点下到地面上因气温低很快结成的薄冰。
地耎子	ti5 ʐuæ̃2 tsɿ	一种春夏之交生长在地上的藻类植物,可食
用	。《	广韵·狝韵》:“而兖切。木耳。”
地摇	ti5 iɔu	地震。
地蝼蝼	ti5 lu lu	蝼蛄。
递话	ti5 xua5	用婉曲的话语暗示:我知道呢,这是给我~着呢。
梯架	tʰi2 tɕia5	梯子:墙高着上不去,你去拿个~去。
踢脚线	tʰi2 tɕyɤ ɕiæ̃5	房屋墙壁下部用水泥或瓷砖装饰,用来防潮。
踢腾	tʰi2 tʰəŋ	不珍惜得来的东西,大手大脚地糟蹋浪费。
踢里挎塌	tʰi2 li kʰua2 tʰa	摞着的东西(纸箱之类)倒塌的声音。
踢毽子	tʰi2 tɕiæ̃5 tsɿ	一种游戏。用布等把铜钱或金属片包裹好,
提起笸篮斗动弹	tʰi tɕʰiε3 pu2 læ̃ təu3 tuŋ5 tʰæ̃	比喻不是就事论事而是有关无关的事统统都拉过来谈说:哎呀呀,你一下就~,说那么多做啥呢!
提喉声	tʰi xəu ʂəŋ	出点子、提醒:你给娃娃再不咧~,学习着呢能打游戏吗?
提就	tʰi tɕiəu5	提起并议论:过去的事再不咧~咧,没啥意思。
提说	tʰi ʂuɤ	同“提就”。②提亲、保媒。要是看上的话,叫你二大给你~去。
提味	tʰi vei5	增加(食物的)鲜味。
提角子	tʰi tɕyɤ2 tsɿ	指巫婆或神汉装腔作势地斗法。
提土旁	tʰi tʰu pʰaŋ	汉字偏旁名称之一,如“地、城”的左偏旁。
提手旁	tʰi ʂəu pʰaŋ	汉字偏旁名称之一,如“提、抢”的左偏旁。
蹄筋儿	tʰi tɕiŋ εr	牛、羊、猪的四肢中的筋。
体子	tʰi3 tsɿ	体格:乜家这个人的~好得很么,从来就没感冒过。
体体子	tʰi3 tʰi tsɿ	体格(常指小孩子):你看这个娃娃的~乖嘛。
剃头	tʰi5 tʰəu	理发:头长咧,今儿个要~去呢。
剃头的	tʰi5 tʰəu ti	理发师:他们家祖辈里就是个~。
剃头刀子	tʰi5 tʰəu tɔu tsɿ	剃头或刮脸用的长柄刀子。
立字据	li2 tsɿ5 tɕy	为某种交易或承诺写下文字凭据。
立马	li2 ma3	马上。
立夏	li2 ɕia	节气之一。
立秋	li tɕʰiəu	节气之一。
立冬	li tuŋ	节气之一。
立木	li2 mu	盖房子时举行的仪式,指墙砌好后往上架梁的活动,常要在梁上拴上大红的被面子,然后燃放花炮,以示吉利。
立醒醒地	li2 ɕiŋ3 ɕiŋ ti	不做其他事,非常专注的:赶紧把钱汇着回去,家里人~等着用呢。
立刀旁	li2 tɔu pʰaŋ	汉字偏旁名称之一,如“剥、划”的右偏旁。也说“立刀儿”。
立春	li tʂʰuŋ	节气之一。通常说“打春”。
力程	li2 tʂʰəŋ	指经济能力:想盖几间像样子的房呢,没~么。
梨	li	梨树的果实,秋末成熟。一般顶大尾小,表皮呈黄绿色,味酸甜,是普通水果。
梨瓜子	li kua tsɿ	一种甜瓜,夏初成熟。表皮呈青黄色,皮、瓤均可食用,味甜。
犁	li	动词,耕。
离娘布	li ȵiaŋ pu5	当地婚俗。指女方出嫁时,由男方送给岳父母的礼品,一般是现金或能做衣服的布料。
李子	li3 tsɿ	普通水果,球形,黄色或紫红色,味酸甜。△桃饱杏伤,~树底下送丧。
里子	li3 tsɿ	衣服被褥等东西不露在外面的那一层或纺织品的反面。里脊li53tɕi21猪、牛、羊脊椎骨内侧的条状嫩肉。
里头头	li3 tʰəu tʰəu	最里面:卖牛肉的在市场的~呢。
理识	li3 ʂʅ	理睬:旦是那么个人咧,你再不咧~咧。
理发馆	li3 fa kuæ̃3	理发店。
礼	li	礼金、聘礼:现在说一个媳妇,没有几万块的~是说不来的。②礼貌:常言说,~多人不怪么。
礼行	li3 ɕiŋ	礼品:上正时月(春节)的怕是要带些~呢。
礼拜	li3 pεi	星期。
礼拜二	li3 pεi εr5	星期二。
礼拜天	li3 pεi tʰiæ̃	星期天。
礼帽	li3 mɔu5	一种圆形宽沿的帽子,多用呢子制成。通常和礼服相配,现多用来为中老年人御寒。
鲤鱼	li3 y	淡水鱼,本地有产,身体侧扁,背部苍黑色,腹部黄白色,嘴边有须一对。
剺	li5	用刀划:把这一块皮子动物皮~成两半。《说文·刀部》:“~,剥也,划也。”《广韵·之韵》“里之切。剥也。”
利	li	锋利、锐利:这个刀子~得很。②通畅:吹西北风的时候,这个炉子就不~咧。
利祥	li5 ɕiaŋ	顺利、安康:快过年咧,大人娃娃都叫~着,不咧出啥事咧。
利然	li5 ʐæ̃	脱离关系:几十年没来往咧,整个~着呢。②彻底,通常跟在“好”后表程度:一下子弄~,不咧留啥后遗症。/等病好~咧,我领你到北京转一圈。
利核子	li5 xu tsɿ	与“粘核子”相对,指核果的核与果肉自然分开:秦安桃大部分都是~的。
利瓤子	li5 ʐaŋ tsɿ	指核桃仁与核桃壳自然分开:今儿个买下的些核桃,没有一个是~。
利利然然	li5 li ʐæ̃ ʐæ̃	(人和人)之间没有什么关系:从小就在家里长大,现在连父母好像~地。
利钱	li5 tɕʰiæ̃	做生意赚得的利润,也说“利”:开火锅店的~大着呢!
利故意子	li5 ku5 i5 tsɿ	有意、故意:~哄人着呢!
离心近	li5 ɕiŋ2 tɕiŋ5	待某人亲密一些、偏心一些:那是~着才说这些关心的话着呢。
离心远	li5 ɕiŋ2 yæ̃3	待某人生疏一些、不大关心:谁离心近,谁~,这一下子看清楚咧吗?
激	tɕi	用水将燃烧的火熄灭:火不用咧,拿水~灭去。②受到冷水的突然刺激而得病:吃饱出去让过雨给~咧,发烧开咧!③使发作;使感情冲动:那个人本身就要强得很,你再不咧~他咧!
鸡盲眼	tɕi2 mu5 ȵiæ̃	夜盲症,即夜间在光线不充足的地方视力很差甚至完全看不清东西,就像鸡一样。
鸡毛翎子	tɕi2 mɔu liŋ tsɿ	戏曲中武将帽子上插的雉尾。
鸡蛋糕	tɕi2 tæ̃5 kɔu3	有鸡蛋成分的糕点。
鸡汤屎	tɕi2 tʰaŋ sɿ	鸡拉的呈水状的粪便。
鸡窝挪鸭窝	tɕi2 vɤ nuɤ2 ia vɤ	比喻虽然有了变动但工作或命运没有多大改观。
鸡冠子	tɕi2 kuæ̃2 tsɿ	鸡冠。
鸡胗干	tɕi2 tʂəŋ kæ̃	宰杀后供食用的鸡胃。
鸡内金	tɕi2 nuei5 tɕiŋ	鸡胃内壁的一层黄色薄膜,可入药,性平、味苦,功能健脾消积,主治食积腹满、泄泻等症。
鸡娃子	tɕi2 va tsɿ	小鸡雏。
鸡叫唤	tɕi2 tɕiɔu5 xuæ̃	黎明时刻:赶~,娶亲的车就装好咧。
鸡大腿	tɕi2 ta5 tʰuei	鸡腿。②自行车脚踏板与中轴之间连杆的俗称。
鸡毛猴性子	tɕi2 mɔu xəu ɕiŋ5 tsɿ	形容人性子急,坐不住。
机砖	tɕi2 tʂuæ̃	用机械制作的砖。
机器面	tɕi2 tɕʰi5 miæ̃5	压面机压制的面条:家里过事呢,得三十斤~着买。
机捻	tɕi2 ȵiæ̃	机灵、精明:你不咧看乜碎着呢,那~得很!
机溜半瓜子	tɕi2 liəu pæ̃5 kua tsɿ	指表面看起来机灵,实际是小聪明较多而又显得很蠢笨的人。
殛	tɕi2	雷击致死:门前头的那棵大树是让雷~咧。
脊檩	tɕi2 liŋ3	人字形房屋最高处的檩条,也说“大梁”。
脊梁骨	tɕi2 ȵiaŋ ku	脊椎骨。
脊梁洼里	tɕi2 ȵiaŋ va5 ȵi	脊背。
鲫鱼	tɕi2 y	常见鱼类。身体侧扁,头部尖,中部高,尾部较窄,生活在淡水中,本地有出产。
急人	tɕi ʐəŋ	不耐烦、着急:都快半个小时咧,等的人~地。
急燎燎	tɕi liɔu liɔu	形容性子特别急躁的人:那是个~一个,做啥去都快。
急燎失搲	tɕi liɔu ʂʅ va	形容非常着急的样子:~地,没勺舀(意为抢吃抢喝)咧。
集	tɕi	指农村乡镇中定期买卖货物的市场,常根据农历的一四七、二五八、三六九的日子确定集市的日期,相邻或相近的乡镇常不在同一日子开集市。
赍发	tɕi fa	打发某人使其离开(含贬义):你能把他~着哪达去?
几时	tɕi3 sɿ	什么时候:这是~的事,我咋么不知道?
几个	tɕi3 kɤ	询问数量多少(一般不超过十个)。②概数:手里有咧~钱,就不知道自己姓啥咧!
几下里	tɕi3 xa5 ȵi	几处、各方面:~给凑咧一点钱,勉强过咧个年。
几夹几气	tɕi3 tɕia tɕi3 tʰɕi5	指来自各方面的压力或打击:~,把那个人睡倒咧。
挤眼	tɕi3 ȵiæ̃	眨眼:一~的时间人就不见咧。②使眼色:给人家咋~,人家就是不管。
挤油油	tɕi3 iəu iəu	天冷时孩子们聚在一块用互相挤靠的方式来取暖。
虮子	tɕi3 tsɿ	虱子的卵,白色。
唧唧的	tɕi tɕi ti	跟在一些单音形容词后,加深程度并使之带上贬义色彩:酸~,一点不好吃!/红~,连猴尻子一样。/软~,说话一点都不硬强!
记	tɕi5	皮肤上生下来就有的深色的斑。
记仇	tɕi5 tʂʰəu	把对别人的仇恨记在心里:你不咧说,小王还是个~的人。
记情	tɕi5 tɕʰiŋ	记住别人的恩情:人要~呢,不能做没情义的人。
记心	tɕi5 ɕiŋ	记性、记忆力:人一老,~就不行咧。
记礼簿的	tɕi5 li3 pu5 ti	指在红白喜事上专门负责收记礼物礼金的人。
忌	tɕi	认为不适宜而避免:吃中药着呢,怕是要~嘴呢。②戒除:你赶紧把烟~咧去,抽那着有啥用呢!
忌口	tɕi5 kʰəu3	因吃药而忌食某类食物或调味品,如葱、姜、蒜之类。也说“忌嘴”。
忌讳	tɕi5 ɕy	禁忌、讲究:农村人过红白喜事开咧~多得很。
祭神	tɕi5 ʂəŋ	当地习俗,通常是过春节或家中有大事时在正屋供奉各路神灵。
祭灶火爷	tɕi5 tsɔu5 xuɤ iε	供奉灶神。当地习俗之一,是指农历腊月二十三送灶神上天宫,除夕夜再迎接回来,祈愿灶神能给人间带来好收成和好运气。
去	tɕʰi	用在一些动词或形容词后,表示动作或情况进入某种状态,一般读轻声:你不咧看只有一截子路,那走~长着呢。/硬~不硬,软~不软,你叫我咋办呢?
七	tɕʰi2	数目。
七十	tɕʰi2 ʂʅ	数目。
七十一	tɕʰi2 ʂʅ i2	数目。
七七	tɕʰi2 tɕʰi	指人亡故后,亲人用七周的时间来纪念,第一周称为“头七”,最后一周称为“尽七”,共七周。
七个巧	tɕʰi2 kɤ tɕʰiɔu3	猜拳行令时数“七”。
七长八短	tɕʰi2 tʂʰaŋ pa2 tuæ̃3	形容长短不齐:~的,咋弄呢么!
七拼八凑	tɕʰi2 pʰiŋ5 pa2 tsʰəu5	各方面拼凑:出咧这个事,大家~给帮一下子。
七碟子八碗	tɕʰi2 tiε tsɿ pa2 væ̃3	形容饭菜丰盛,碗碟很多。
七不凑的八不够	tɕʰi2 pu tsʰəu5 ti pa2 pu kəu5	指数量或尺寸不够导致不能合理使用。
七脚六手	tɕʰi2 tɕyɤ liəu2 ʂəu3	各种能耐,本事:来来来,有啥~的,都施展出来,让大家看看。
七嘴八舌头	tɕʰi2 tsuei3 pa2 ʂɤ tʰəu	乱插话或议论纷纷:话还没说完,人家几个就~的嚷开咧。
七扭八歪	tɕʰi2 ȵiəu3 pa2 vεi	形容不整齐、不端正。
七老八十	tɕʰi2 lɔu3 pa2 ʂʅ	指上了年纪(含贬义):你~着呢,叫人背呢!
七股八柯杈	tɕʰi2 ku3 pa kʰy5 tsʰa	这儿一枝那儿一枝的,形容零乱不整齐。
㬤	tɕʰi2	用沙土等吸收水分:娃娃尿着炕上咧,赶紧拿砖头~上。
齐嚓嚓	tɕʰi tsʰa tsʰa	形容非常整齐的样子:铁锨把~地从中间断咧。
齐墩墩	tɕʰi tuŋ tuŋ	粗短的圆柱形状。
齐头齐尾	tɕʰi tʰəu tɕʰi i3	指说话或写文章时,在开头没有交待话题的缘由,结尾又没有交待话题的结果。
缉	tɕʰi	用倒扣的针脚密密地缝。《广韵·缉韵》:“七入切。绩也。”
骑驴	tɕʰi ly	一种儿童玩的游戏。常为两拨人通过猜拳决定胜负后,负方由一人充当拴马桩,其余人弓下腰并人人相连组成“驴背”,胜方依次骑在“驴背”上,游戏结束或重新开始。
骑的驴寻驴	tɕʰi ti ly ɕiŋ ly	比喻要找的东西就在自己身边,却在别处寻找:东西在手里拿着呢,还到处找着呢,真个是~着呢!
祈雨	tɕʰi3 y3	通过宗教等仪式祈求上天降雨。
起面	tɕʰi3 miæ̃5	用酵母使面发酵。
起面	tɕʰi3 miæ̃	发酵了的面团儿。
起面馍馍	tɕʰi3 miæ̃ mɤ mɤ	用发酵的面蒸或烙制而成的馒头、饼子等的统称。
起风	tɕʰi3 fəŋ2	开始刮风:这一阵子~咧,凉飕飕地。
起子	tɕʰi3 tsɿ	开瓶盖的工具,前端是椭圆形的环,后面有柄,多用金属制成。
起架	tɕʰi3 tɕia5	建造房屋时确定的房屋高度:这个房的~好像低咧一些。
起丧	tɕʰi3 saŋ2	将死者的遗体从家中抬起,送往墓地。也说“发丧”。
去	tɕʰi	从所在地到别的地方(跟“来”相对):你啥时候~北京呢?②用在把字结构前表示要做某事:你~把这个事给办好。③用在动词或动词结构后面表示去做某件事:自己回~慢慢想~。③用在“多”后表“非常……”“极了……”的意思:亲戚多咧~咧,你能给照应过来。④用在动词后,常与“着”相配,表示人或事物随动作离开原来的地方:台灯叫他二姨拿着~咧。⑤用在动词后,表示动作的继续:看~好着呢,用~就有咧问题。
气大	tɕʰi5 ta	容易发怒:乜咋那么~么,没人惹你么。②非常生气:看去咋~得很,怕是挨削咧。
气多	tɕʰi5 tuɤ	生气:你不咧~咧,那是个娃娃么。
气眼子	tɕʰi5 ȵiæ̃ tsɿ	诀窍:你还是个不懂~,放下叫你哥弄去。
气卵子	tɕʰi5 luæ̃ tsɿ	疝气:赶紧把娃娃的~给割咧去。②得疝
气人	tɕʰi5 ʐəŋ	使人生气:你说你咋么这么~唦!
气错咧	tɕʰi5 tsʰuɤ liε	岔了气:刚往起一站,就把腰里的~。
气通骨	tɕʰi5 tʰuŋ ku	牛羊等牲畜的气管。
气死毛儿	tɕʰi5 tsɿ3 mɔu r	给小孩理发时有意将颈后凹处的头发留下让其长长,这一撮头发就叫“气死毛儿”。传说当孩子生气晕厥时,可揪这“气死毛儿”使其缓过气来。
嘁嘁初初	tɕʰi2 tɕʰi tʂʰu3 tʂʰu	低声碎语地交谈(含贬义)。
里	ȵi	用在一般名词后表示处所或方位:从水~出来咧一个人。
呢	ȵi	语气助词。与上扬语调配合表疑问:你走~?不,我不走。
泥皮	ȵi pʰi	墙上墁的泥:下了几天雨,墙上往下淌开~咧。
你	ȵi3	第二人称代词,单数。
你们	ȵi3 mu	第二人称代词,复数。
泥逼	ȵi5 pi	将泥均匀抹在墙体上的工具,平板上有把手。也说“泥抹子”。
腻人	ȵi5 ʐəŋ	指某种物体让人看了后产生恶心、难受的感觉:赶紧(把东西)拿过,~死咧!
腻搭搭的	ȵi5 ta ta ti	物品摸上去感觉黏黏糊糊的:搌布~,赶紧放些洗洁精洗一下!②指人的态度不冷不热:我寻着问呢噻,乜还~端下个架子!
睎	ɕi2	面部或气息靠近贴近:一下子~着人跟前,颇烦死咧!
睎勾勾	ɕi2 kəu kəu	形容神情专注、特别盼望的样子:你赶紧过去看一下,娃娃~地等着呢。
西傍个	ɕi2 paŋ5 kɤ	西边儿、西方:你旦把烟忌咧,太阳都搭~出来咧。也说“西面个”、“西面子”。
西面个	ɕi2 miæ̃ kɤ	同“西傍个”。
西面子	ɕi2 miæ̃ tsɿ	同“西傍个”。
西头子	ɕi2 tʰəu tsɿ	道路、院落的西边儿。
西山里	ɕi2 sæ̃2 ȵi	固原地处南北走向的谷地之中,当地人对东西
稀饭	ɕi2 fæ̃5	用米熬的粥,也说“米汤”。
稀里糊噜	ɕi2 li xu lu	糊里糊涂:~就上当咧。②晃晃悠悠不稳的样子:△骑的驴,背的缸,~不稳当。
吸铁石	ɕi2 tʰiε ʂʅ	磁铁。
恓惶	ɕi2 xuaŋ	伤心、悲伤。把个人嚎得~的。心里的~只有自己知道。
巇	ɕi	差一点儿:~追不上你咧。《广韵·之韵》:“许羁切。巇崄。”
巇伙儿	ɕi xuɤ3 r	同“巇”。也说“巇伙伙儿”,具有强调意味。
巇不	ɕi pu	形容到了极点、极致:那个人~爱打麻将。
向	ɕi	朝、向。~里头一看,吓咧人一大跳。
息息儿的	ɕi ɕi εr ti	困倦或忍耐达到极限:就这我都~咧,你还让我弄呢。
翕	ɕi	(面团)松软粘在一起:和下的面受热以后就~咧。
席口	ɕi kʰəu3	一桌宴席上与上席座位相对的位置,一般用来上菜上酒。
席篾子	ɕi mi tsɿ	用苇子、竹子、高粱秆等的皮劈开形成的细长的薄片,用来编席、篓子等。
席梦思	ɕi məŋ5 sɿ	用海绵弹簧制成的床垫。
喜事	ɕi3 sɿ	好事,好消息。这两天脸上看去高兴很,怕是有啥~呢!②对过寿、过生日、结婚等事的统称。也说“红事”。
喜酒	ɕi3 tɕiəu3	因喜庆之事被赋予吉利欢庆意味的酒。
喜烟	ɕi3 iæ̃2	因喜庆之事被赋予吉利欢庆意味的烟。
喜糖	ɕi3 tʰaŋ	因喜庆之事被赋予吉利欢庆意味的糖。
喜客	ɕi3 kʰei	前来道喜的客人。
喜神	ɕi3 ʂəŋ	主管吉利之神。在大年初一凌晨三四点时,家家户户都会放鞭炮,称为“迎喜神”。
喜帖子	ɕi3 tiε tsɿ	办喜事时在墙壁上贴的小红纸块儿,上面有写的或剪成的“喜”字。
细	ɕi	节俭、节省:老三两口子日子过得~得很。②吝啬:那个倯~尿子地,你能沾上他的个啥!
细倯	ɕi5 suŋ	小气鬼、吝啬鬼。
细详	ɕi5 ɕiaŋ	节俭、节省:你看乜家~吗,一点馍馍渣渣都舍不得撇。②细致、详细:说~些,叫大家都听明白么。
细发	ɕi5 fa	(皮肤)细嫩:乜家这个娃娃长得~得很。②细心、细致:老王弄啥事情~得很,你不是不知道么。
戏	ɕi5	古典戏曲,当地人特指“秦腔”。
戏报	ɕi5 pɔu5	演出古典戏曲时张贴的海报。
戏娃子	ɕi5 va tsɿ	唱戏的年轻人。②旧时对从事戏剧表演的人的蔑称。
戏园子	ɕi5 yæ̃ tsɿ	剧场。也说“戏院里”。
戏院里	ɕi5 yæ̃5 ȵi	同“戏园子”。
戏捣	ɕi5 tɔu	戏弄:三~两~小心~燥咧着。
系系子	ɕi5 ɕi5 tsɿ	物品上的系带:书包上的~太细咧。②像系带样的东西:连下一点~,一弄就断咧。
衣子	i2 tsɿ	麦子、豆子、胡麻、荞麦等脱粒后留下的壳经粉碎机粉碎后供牲畜吃的料,分别叫“麦衣、豆衣、胡麻衣子、荞衣子”。
衣架子	i2 tɕia5 tsɿ	衣架。
衣字旁	i2 tsɿ5 pʰaŋ	汉字偏旁名称之一,如“裤、衫”等的左偏旁。衣裳撑子i21ʂaŋ213tsʰəŋ213tsɿ21晾衣架。
姨姊妹	i tsɿ5 mei	母亲是姐妹关系的女性或男性之间的称呼。
姨兄弟	i ɕyŋ ti5	母亲是姐妹关系的男性或女性之间的称呼。
姨姨	i i	母亲的姐妹。②对和自己母亲是姨姊妹关系的女性的称呼。③对与自己母亲年龄相差不多的女性的统称。
姨夫	i fu	姨姨的丈夫。②岳父。
姨娘	i ȵiaŋ	母亲的姐妹。②岳母。
姨爸	i pa	对和自己母亲是姨兄弟关系的男性的称呼。
姨表亲	i piɔu3 tɕʰiŋ	姨表兄妹通婚。
姨奶奶	i nεi3 nεi	对自己外婆的姐妹的称呼。
姨爷爷	i iε iε	对自己外婆的姐妹丈夫的称呼。
胰子	i5 tsɿ	香皂、肥皂的统称。
一	i2	数字。
一百一十一	i2 pei i2 ʂʅ i2	数字。
一百掛零	i2 pei kua5 liŋ	比一百多,但不超过一百一十。
一百多	i2 pei tuɤ	介于一百到一百四之间。
一步一遍地	i2 pu5 i2 piæ̃5 ti	一次接着一次地:娃娃~叫呢,你就去唦。
一泡	i2 pʰɔu	常与“屎尿”搭配,指屎尿的数量。②一群、一伙:~娃娃刚从门上过咧。
一搭里	i2 ta ȵi	一起、一同、一块儿:两个人~去,好有个照应。
一搭手	i2 ta ʂəu3	刚刚接触:这个事情我刚~,就觉着不得对。
一道光景	i2 tɔu5 kuaŋ2 tɕiŋ	一去没有踪影:星期六耍咧个~不着家,你还有理咧!
一个	i2 kɤ	强调同一性,唯一性:他们两个在~学校里呢。②放在句子末尾,表示强调语气:谁~?我,你哥~!
一天价	i2 tʰiæ̃ tɕia	成天,整天:~刚知道吃,没说做点活。
一担挑	i2 tæ̃5 tʰiɔu3	两人或多人之间,各自的妻子互为姐妹的亲戚关系。
一家	i2 tɕia	每一个:~给给一个叫吃去,免得争抢。
一趟子	i2 tʰaŋ5 tsɿ	形容跑得很快:话还没说完,乜~就展咧。一老i213lɔu53总是、经常:~呻呻唤唤地,就连没吃饭一样。
一功	i2 kuŋ	一直,总是:~说着走一趟海南呢,就是没个机会。
一共	i2 kuŋ5	总共。
一顺子	i2 ʂuŋ5 tsɿ	同一个方向或顺序:往前走,连校长办公室是~。
一疙瘩	i kɤ ta	一团儿、一点儿:小气着连这么~东西都没买!
一根筋	i kəŋ tɕiŋ	想法简单、死板:弄信啥不能~,要想周全些。②比喻头脑不开窍、爱认死理的人:你咋么是个~唦!
一锤子买卖	i2 tʂʰuei tsɿ mεi3 mεi	只做一次:做生意的人不能做~,要有信誉呢。②孤注一掷:反正就这~咧,信命由天吧。
一推六二五	i2 tʰuei liəu2 εr5 vu3	遇事推诿,不愿承担任何责任(由珠算口诀“一退六二五”变来)。
一模糊江山	i mɤ3 xu tɕiaŋ2 sæ̃	一塌糊涂。
一串搭	i2 tʂʰuæ̃5 ta	一串儿:腰里别下~钥匙。
一串铃	i2 tʂʰuæ̃5 liŋ	对猪、牛、羊内脏连在一起的形象说法。
一开始	i kʰεi2 sɿ	刚开始:~就唱跑调咧!②起初:~就没有个制度,现在说啥都迟咧。
一啪塌	i2 pʰia5 tʰa	(乱七八糟)一摊子:几天没在家里,房里叫娃娃整成~咧。
一铺塌	i2 pʰu5 tʰa	软软地堆在一起:面和得太软咧,蒸下的包子成咧~咧。
一气子	i2 tɕʰi5 tsɿ	一口气儿:~跑着六楼,差点儿挣死咧。一笡厦i213tɕʰiε44sa21房顶向一面倾斜的房子。
一时间	i2 sɿ tɕiε	瞬间、刹那间:~说不对就不对咧,变得也太快咧些。
一时半会	i2 sɿ pæ̃5 xuei	一时半刻,短时间内:~就让有效果,那是不可能的么。
一向	i2 ɕiaŋ	总是,一直:老王的身体~好着呢,今儿个咋么不对咧。②过去的某一段时期:那~,谁还说是有这么个事情呢。
一下两下	i2 xa liaŋ3 xa	形容时间短暂:西藏不是~就能去的,怕多少要做些准备呢。
一阵阵	i2 tʂəŋ5 tʂəŋ	一会儿。
一阵阵儿	i2 tʂəŋ5 tʂəŋ5 εr	同“一阵阵”。②一阵风,不能坚持下去。那人弄啥去是~,我清楚着呢。
一时时子	i2 sɿ sɿ tsɿ	一小会儿。
一娘母	i2 ȵiaŋ mu	双胞胎。
一个锅里搅过勺	i2 kɤ kuɤ2 ȵi tɕiɔu3 kuɤ ʂuɤ	比喻关系非常亲密,好像一家人:这个人连我~。
一打一颠倒	i2 ta3 i tiæ̃2 tɔu	两人睡觉时常因地方小而相互倒过来睡,即头与另外一个人的脚是一个方向。②将物品的两头儿调换个位置:~放上刚好。
一碗水端平	i2 væ̃3 ʂuei3 tuæ̃2 pʰiŋ	指做事要公平公正,不偏不倚:处理这号事情要~呢,端不平就会出麻达。
一转圆儿	i2 tʂuæ̃5 yæ̃ εr	周围:给~的人都说到咧,没人愿意去。
一心敬	i2 ɕiŋ tɕiŋ5	猜拳时数“一”。也说“点元元”、“圆点点”等。
一尿样	i2 tɕʰiəu iaŋ5	一个样(含贬义):我看是把猫儿叫咧个咪咪,还不是~!
一紧儿	i2 tɕiŋ3 εr	圆满、周全:给儿子把媳妇拉扯上,我就~咧。②集中精力在某一方面:~弄着呢,你就给弄好!
一世界	i2 ʂʅ5 kεi	到处都是。也说“满世界”:你总注意着呢么,碎纸片片撒咧~。
一货汤	i2 xuɤ5 tʰaŋ	多而杂乱:剩饭剩咧~。
一伙子	i2 xuɤ3 tsɿ	同伙。你连我就是~吗?②一群、一队。刚过去~社火不是冯家庄的。
乙	i3	天干的第二位。
尾巴	i3 pa	动物的尾巴。②称呼跟随在自己身后的人:我还领下个~着呢。
尾巴骨桩子	i3 pa ku2 tʂuaŋ tsɿ	尾骨。
以往	i3 vaŋ3	过去:~咋么弄现在就还咋么弄。
已往	i3 vaŋ	已经:现在~成这么个咧,能有啥办法呢。
医治	i3 tʂʅ	挽救、补救的方法:病劲大咧,医生也没~咧!②办法:你让我走,我就是不走,看你有啥~呢!③摆弄、收拾:没瞅着你咋么给~咧一下给弄好咧。
仪程	i5 tʂʰəŋ	喜庆活动的程序、安排。
仪程官	i5 tʂʰəŋ kuæ̃	民间社火表演中担任司礼说赞词的人。也说“说诗的”。
不敌	pu2 ti	不如:旦是这么个咧,~你走着去算咧。
不怕慢只怕站	pu2 pʰa5 mæ̃5 tsɿ2 pʰa5 tsæ̃5	指做某事时慢一些不要紧,而停下来就有问题了。
不美气	pu2 mei3 tɕʰi5	不舒服:这两天身上硬巴巴的,~得很。
不卯	pu2 mɔu3	关系不和:我连他~,你给他说去。
不断涎	pu2 tuæ̃5 ɕiæ̃	形容络绎不绝的样子:这几天家里的亲戚~地来着呢。
不乖	pu kuεi	不好看、不漂亮:这么个打扮上一点都~。②孩子调皮:这个娃娃一点儿也~,匪气得很!③孩子生病:娃娃怕是~咧,赶紧抱着去叫大夫看一下。
不管闲	pu2 kuæ̃3 ɕiæ̃	不操心:那是个心大人,乜啥都~么。②不理睬:你给乜说啥乜都~。
不感冒	pu2 kæ̃3 mɔu5	不喜欢、没有兴趣:那个对喝酒又~着。
不合适	pu2 xuɤ tʂʰʅ	不合乎规范:这么做怕是有点~。②(身体感觉)不舒服:这两天试着身上~得很!
不咧	pu2 liε	别,不要:~说得那么难听咧。
不行	pu2 ɕiŋ	不能、不好等表否定意义。②放在动词或形容词后面做补语,表示程度加深:你看把你还日能得~。
不行活	pu2 ɕiŋ xuɤ	不舒服。②指人奄奄一息,快不行了:上气不接下气地,肯定~咧!
不是	pu2 sɿ5	要是不(这样):~等你噻,我早坐上车走咧。
不胜	pu2 ʂəŋ	不如:车这么多,~走着去。②比不上:一个年轻娃娃还~我个老婆子。
不咋地	pu2 tsa3 ti	不怎么样:人都说那儿风景好,我看~。②不要紧:迟上10头8分钟,~。
不能成	pu2 nəŋ tʂʰəŋ	不行、不可以:啥~啥,让你做这事着呢!
不得成	pu2 tei tʂʰəŋ	不能成功:让我看,这事就~。②过不去:今天要是说不出个所以然,我就连你~呢。
不得够	pu2 tei kəu	贪得无厌,不能满足:有多少都~。②指贪得无厌之人:你给那个~能给多少?
不得零干	pu2 tei liŋ kæ̃	不罢休:给人把钱赔上,歉道上,还~。
不唧唧	pu tɕi3 tɕi	用在性质、状态形容词后,表厌恶义。也说“不拉唧”:酸~,甜~。
不处处	pu tʂʰu3 tʂʰu	用于某些颜色词后面,表示颜色让人不满意:黑~,红~。
不一心	pu i2 ɕiŋ	牵挂、放心不下:娃娃没吃就上学去咧,让人~地。
不素净	pu2 su5 tɕiŋ	非清真的,指含有伊斯兰教忌食的成分:那个馆子~,我不能进去。
不识耍	pu2 ʂʅ ʂua3	经不住开玩笑而恼怒:他这个人~,你再不咧给他开玩笑咧。
不还价	pu2 xuæ̃ tɕia5	不讲价:买啥去~,你是个大头一个!
不忿气	pu2 fəŋ5 tɕʰi5	愤愤不平,不服气:我得咧个第一名,你看着~吗?
不吭气	pu kʰəŋ2 tɕʰi5	不吭声:你咋么骂,乜就是~,看你能有啥办法!
不招嘴	pu2 tʂɔu tsuei3	不接话、不搭腔:连那种人~是对的。
不对活	pu2 tuei5 xuɤ	身体不舒服:这一阵子感觉~得很!②不对劲,情况不妙:房里咋么一点声音都没有,有些子~。③迷信的说法,指鬼魂附体:眼前头花得很,怕是招咧~咧。
不着家	pu2 tʂuɤ tɕia2	不愿待在家里;不回家。
不够人	pu2 kəu ʐəŋ	不够做人的资格,有损于为人的道德:做下些脏囊事,太~咧!
不干不净	pu2 kæ̃2 pu2 tɕiŋ	不清洁:俗话说,~,吃咧没病。②脏话不堪入耳:嘴里萝卜葱花,~的,说谁着呢?
不敢	pu2 kæ̃	没勇气、没胆量:说来说去~上去。②不能:~叫他来,他来咧我咋么办呢!
不懂管子	pu2 tuŋ3 kuæ̃3 tsɿ	不熟悉某个行业:~还胡指挥呢!
笸篮	pu læ̃	用柳条或篾条等编成的篮子:△笸篮里睡觉呢——弯(完)货。
鹁鸽	pu kɤ	鸽子。
脖脐眼	pu tɕi ȵiæ̃3	肚脐眼儿。
堡	pu3	多用于地名。彭堡、杨中堡、闫堡、将台堡。
堡子	pu3 tsɿ	旧时农村大户人家为防盗匪而修的围墙又高又厚的院落。
扑獠獠	pʰu2 liɔu3 liɔu	形容蛇吐舌头时发出的声音。
扑溢扑溢的	pʰu2 iæ̃3 pʰu2 iæ̃3 ti	形容心潮澎湃,起伏不定的样子:说得人心里头~。
铺子	pʰu5 tsɿ	小商店。
苜蓿	mu2 ɕy	一种重要的牧草和绿肥作物。
暮囊	mu5 naŋ	慢慢腾腾、啰里啰嗦。赶紧走唦,咋这么~的个人!②麻烦的事。这一下把~弄下咧。
木锨	mu5 ɕiæ̃	农具,碾扬粮食时常用:△老鼠拉~呢——大头在后头呢。
辐条	fu2 tʰiɔu	车轮中连接车毂和轮圈的一条条钢条。
浮皮子	fu pʰi tsɿ	土地的表面:雨没下多少么,刚下咧一点~。
浮皮潦草	fu pʰi liɔu2 tsʰɔu	做事敷衍塞责、极不认真:以后弄开啥咧,再不咧那么~地咧。
凫水	fu ʂuei3	游泳。
妇人	fu5 ʐəŋ	已婚的女性。几个乡里~在那达做活着呢。②向别人称呼自己或别人的妻子。你们~是干啥工作的?
妇联	fu5 luæ̃	妇女联合会。
妇道人家	fu5 tɔu ʐəŋ tɕia	对成年女性的通称。
富汉家	fu5 xæ̃2 tɕia	富贵人家。~娃娃吃得好、穿得好,就是不好好学习。
无巴里	vu2 pa li	可怜、值得同情。来自阿拉伯语。
武把子	vu2 pa3 tsɿ	古典戏曲中以打斗动作为主的生角儿。
怃麻	vu2 ma	内心烦燥:听见这么个信,人就~着没是咧。
武马长枪	vu2 ma3 tʂʰaŋ tɕʰiaŋ	声势大,来势猛:麻达咧,乜~的弄人来咧。
怃苏	vu su	内心烦燥:这两天心里头~得很!②使人烦恼:你再不咧~人咧唦!
无常	vu tʂʰaŋ	当地回族对死亡的避讳说法:今儿早上你二大~咧。
五月端午	vu3 yɤ tæ̃2 vu3	农历五月初五,端午节。
五服	vu3 fu	五辈以内的亲属:~还没出呢,就是一家人。
五家抱	vu3 tɕia pɔu5	指玩纸牌“折拐子”时,由原来的3人增加至5人,但玩家的总数量没有变化,只是最先和最后揭牌的玩家分别由1人变成2人,中间揭牌者则只有1人,叫“二脖子”。
五魁首	vu3 kʰuei ʂəu3	猜拳时数“五”。
五抹六道	vu3 ma liəu tɔu5	形容弄得很脏很乱:你看弄得~的,让人咋收拾呢。
五黄六月	vu3 xuaŋ liəu2 yɤ	泛指夏季最炎热的时候。
五谷	vu3 ku	米面做成食品的总称:日子虽然好咧,可~一点儿也不能糟蹋。
五谷杂粮	vu3 ku tsa liaŋ	泛指粮食作物。
五大三粗	vu3 ta5 sæ̃2 tsʰu	形容人长得既高大又壮实。
午	vu3	地支的第七位。
戊	vu3	天干的第五位。
迕逆	vu3 ȵi5	指不守孝道之人。
□	vu3	因通风不良而发生霉变:麦子~咧成黑的咧。
嘟挛	tu luæ̃	量词,多用于让人感觉不舒适并产生厌恶的一堆或一簇。
嘟噜转	tu lu tʂuæ̃5	围着某物转了一圈儿:△老婆子舔蒜棰——一个~。
独霸角	tu pa5 tɕyɤ	指干什么事情都喜欢独来独往或独自霸占某物不给别人使用的人。
独独蒜	tu tu suæ̃5	不分瓣儿的大蒜。
肚子	tu3 tsɿ	猪、牛、羊的胃,可食用。
肚丝	tu3 sɿ2	将肚子切成细条形状供食用。
度食	tu5 ʂʅ	大鸟给小鸟喂食:连阴哑都晓得~呢,何况我们人呢。肚带tu44tεi21围在马、骡、驴等牲畜的肚子上用来固定鞍子的皮带。肚囊皮tu44naŋ21pʰi24由于肥胖在肚子周围形成的膪肉。
秃子	tʰu2 tsɿ	刮光或脱光头发的头:天热得很,刮成个~算咧。②刮光或脱光头发的人:人群里那个~就是的。
秃头	tʰu2 tʰəu	同“秃子”。
秃宝盖	tʰu2 pɔu3 kεi	汉字偏旁名称之一,如“冠、写”等字的上部。
秃头儿子	tʰu2 tʰəu εr tsɿ	对男孩的戏称:~就是匪,没有女子娃娃文静。
土	tʰu	尘土、灰尘。几天不打扫,桌子上就一层~。②土气。土檩tʰu53liŋ53放在房屋墙体之上的檩条,用来固定椽子。
土柱	tʰu3 tʂu5	立在墙体里面用来支撑房梁的柱子。
土暖	tʰu3 nuæ̃3	冬季用来取暖的小型锅炉。
土锤	tʰu3 tʂʰuei	指土里土气、不明事理的人。
土箭	tʰu3 tɕiæ̃5	形容人跑得飞快,给人一骑绝尘的感觉。
土旺	tʰu3 vaŋ5	指立春、立夏、立秋、立冬四节气之后的十八天。迷信的人认为这期间不能随意挖土或建房。
兔儿	tʰu5 εr	兔子。
碌碡	lu2 tʂu	农具,用石头做成,圆柱形,用来轧谷物,平场地。
碌碡挹到半山上	lu2 tʂu iε2 tɔu5 pæ̃5 sæ̃2 ʂaŋ	比喻事情发展到非常关键的地步。
炉齿齿	lu tsʰɿ3 tsʰɿ	炉箅子。
炉筒子	lu tʰuŋ3 tsɿ	炉子的烟筒,多用铁皮制成。
炉盖子	lu kεi5 tsɿ	炉盖儿。
炉圈子	lu tɕʰuæ̃2 tsɿ	炉盘子的一部分,放置在炉板内缘上的圈儿,从外到里,从大到小,依次放置,一般三至四个,用时可根据需要增减。
炉拐子	lu kuεi3 tsɿ	弯成直角的铁皮烟筒,用来连接两节烟筒,使互相垂直。
耧	lu	播种用的家具,可同时完成开沟和下种两项工作。
鲁	lu	粗鲁:你看你做啥去~嘛!②样式不够精细:这个东西也太~咧!
路数	lu5 ʂu	方式、方法:晓得咧做啥的~,做啥去就快咧。②底细:不知道乜都是啥~。
路数稠	lu5 ʂu tʂʰəu	办法多,心眼儿多。
露衣	lu5 i	指迎亲时新娘子穿在婚礼服外面的衣服,起保暖或遮挡晦气的作用。
做活	tsu5 xuɤ	体力劳动。
做活的	tsu5 xuɤ ti	干体力活的人。
做满月	tsu5 mæ̃3 yɤ	孩子出生满一月的那一天,亲朋好友前来表示祝贺的活动。
做乃麻孜	tsu5 nεi ma tsɿ	伊斯兰教徒做礼拜:你大干啥着呢?乜~着呢。
粗声大气	tsʰu2 ʂəŋ ta5 tɕʰi5	粗声粗气。
粗吮哇老	tsʰu2 ʂuŋ va lɔu	形容皮肤或物体表面不光滑,粗糙:揣去~地,一点儿不光淌。
觑	tsʰu	偷看:你~呢探呢地弄啥呢?《广韵·御韵》:“七虑切。~,伺视也。”
速	su2	将某人送往某地(含贬义):小伙子不学好,~着青海当兵让受教育去。
酥肉	su2 ʐəu5	菜肴名。把肉切成片,用淀粉水裹后下油锅炸,吃时加热即可。
素净	su5 tɕiŋ	指食品不含回族忌食的成分。
素鸡	su5 tɕi	一种豆制品,圆柱形,味道类似于豆腐干儿。
嗽	su5	(一群苍蝇)同时吸吮:放下半斤肉没苫住,苍蝇~得严严得。《广韵·屋韵》:“桑谷切。吮也。”
珠珠子	tʂu2 tʂu tsɿ	小的球形的东西:眼~两转,点子就来咧。/疼得他脸上的汗~冷往下淌呢。
珠子雨	tʂu2 tsɿ y3	雨珠连成一片的大雨。也说“珠珠雨”。
珠珠雨	tʂu2 tʂu y3	同“珠子雨”。
猪唠唠	tʂu2 lɔu lɔu	猪。因喂猪时呼“唠唠”声而得。
猪娃子	tʂu2 va tsɿ	小猪。
猪脑子	tʂu2 nɔu3 tsɿ	猪脑。②愚笨、愚蠢的东西或人:你~吃咧八大碗,就笨死着呢!/那是个~,你给说啥乜都听不懂。
猪嫌狗不爱	tʂu2 ɕiæ̃ kəu3 pu nεi5	比喻谁都不喜欢:娃娃这么大正是~的时候。
竹棍子	tʂu2 kuŋ5 tsɿ	细毛竹:从尻子上美美抽给咧几~。
竹字头	tʂu2 tsɿ5 tʰəu	汉字偏旁名称之一,如“笔、笛”等字的上部。
筑	tʂu	用重物将虚土弄结实:好好把这个地方~给几下,下雨的时候就再不往下渗水咧。②用手或器物打:你今儿个旦不好好写作业,看我咋~你恰!
煮角子	tʂu3 tɕyɤ tsɿ	饺子。
主玛儿日	tʂu3 ma εr ʐl	礼拜的日子。来源于阿拉伯语。
𡎺	tʂu5	塞、堵:下水道叫淤泥~得实实的。《广韵·屋韵》:“侧六切。塞也。”
住声	tʂu5 ʂəŋ2	让某人停止哭泣。多用于祈使句中。
柱顶石	tʂu5 tiŋ ʂʅ	建造房屋时安放柱子的两面较平整的石头。
绌	tʂʰu2	粗略地缝。衣裳扯咧个口子,赶紧叫我给你~上几针。《广韵·术韵》:“竹律切。缝也。”
欪	tʂʰu2	躲、藏:这几天不想见人,在家里~着呢。《广韵·术韵》:“竹律切。物在穴。”
搐	tʂʰu2	用绳子捆绑吊在空中:叫他大~着起来给打咧一顿。
出穗	tʂʰu2 suei5	粮食作物抽穗。
出花儿	tʂʰu2 xua r	出天花。
出月	tʂʰu2 yɤ	新生儿满一个月。
出息	tʂʰu2 ɕi	指发展前途或志气:这个娃娃长大咧肯定有~。②长进、进步:说实在的,你比年时个~多咧。
□□	tʂʰu2 tʂʰu	手提袋一类的总称。也说“褡褡、褡褡子”:寻个塑料~让我把书装上。
出言出语	tʂʰu2 iæ̃ tʂʰu2 y3	指说出挑衅性的话语:乜还~地骂人呢!
出长气	tʂʰu2 tʂʰaŋ tɕʰi	沉重的叹息:有啥事情呢么,让你这么个~着呢。
出淌淌	tʂʰu2 tʰaŋ3 tʰaŋ	象声词,形容打呼噜的声音。
出远门	tʂʰu2 yæ̃3 məŋ	外出到较远的地方:这一向一直在家里呢,没~。
出洋相	tʂʰu2 iaŋ ɕiaŋ	故意闹笑话让人发笑:这个娃娃会~很,长大能当演员。②出丑。这么多人再别让我~咧!
出纸	tʂʰu2 tsɿ3	当地丧俗。指人刚死后或祭日,由死者的子女出资在门前竖起一高杆,上面挂上镂刻的纸制品,以示哀悼。挂几个就叫“出几筒纸”。
□□□	tʂʰu2 tʂʰu tʂʰu	小声议论:要说就大声说,再不咧~的。②指平素爱暗地议论别人的人:那是个~一个,你可要防着呢。
除皮	tʂʰu pʰi	除去毛重。这个东西~去还不好除,连相子(全部)拿着去算咧。
□□屁	tʂʰu3 tʂʰu pʰi	没有声响的屁。
杵子	tʂʰu3 tsɿ	用来夯实地基或制作土坯的器具,有柄,柄上镶铁质或石质的头。
杵子头	tʂʰu3 tsɿ tʰəu	杵子的头,或平或凸起,平的一种可制作
杵迷	tʂʰu3 mi	倒霉,运气不好。
叔老子	ʂu2 lɔu3 tsɿ	叔父。
梳子糖	ʂu2 tsɿ tʰaŋ	用麦芽糖稀做成的糖,因外形像梳子,故名。熟脓ʂu24nuŋ24伤口溃烂流出脓血。
熟皮子	ʂu pʰi tsɿ	加工牛、羊等动物的皮毛。②比喻孩子进行处罚:你娃娃怕是想让人~咧!
熟面水子	ʂu miæ̃5 ʂuei tsɿ	粮食作物灌浆。
树苗子	ʂu5 miɔu tsɿ	树苗。
树梢子	ʂu5 sɔu2 tsɿ	树梢儿。
树条子	ʂu5 tʰɔu tsɿ	树木的枝条。也说“树股子”。
树股子	ʂu5 ku3 tsɿ	同“树条子”。
树柯杈	ʂu5 kʰy5 tsʰa	树干与分枝相结的地方。
树叶子打头	ʂu5 iε tsɿ ta3 tʰəu	常用来比喻害怕承担责任之人:把你就吓死着呢,真格~呢!
竖竖子	ʂu5 ʂu5 tsɿ	竖着:~立下算咧。
竖心旁	ʂu5 ɕiŋ pʰaŋ	汉字偏旁名称之一,如“惊、慌”的左偏旁。
入深	ʐu2 ʂəŋ	房屋的前后深度。这个房子的~有几丈?
入伏	ʐu2 fu	进入伏天:等~咧再说。
入殓	ʐu2 liæ̃5	将遗体装入棺材。
褥子	ʐu2 tsɿ	睡觉时垫在身体下面的东西,用布包裹棉花缝制而成,也有用兽皮制成的。
擩	ʐu	塞:~给咧两万块钱,就把事办咧。《广韵·遇韵》:“而遇切。手进物也。”②拄:他外爷~下个洋拐棍子。
乳牛	ʐu3 ȵiau	母牛。
谷子	ku2 tsɿ	粟,脱壳后叫小米。
谷草豆瓣	ku2 tsʰɔu3 tau5 pæ̃	指取过谷粒豆粒的谷草和豆蔓。
姑夫	ku fu	姑母的丈夫。
姑姑	ku ku	父亲的姐姐或妹妹。也说“娘儿”。
姑奶奶	ku2 nεi3 nεi	父亲的姑姑。
姑爷	ku2 iε	姑奶奶的丈夫。
姑舅	ku2 tɕiau5	表兄弟。
姑舅爸	ku2 tɕiau5 pa	父亲的表兄弟,即表叔。
姑舅婶婶	ku2 tɕiau5 ʂaŋ3 ʂaŋ	父亲表兄弟的配偶,即表婶。
姑表亲	ku2 piɔu3 tɕʰiŋ	姑表兄妹通婚。
轱轮子	ku2 luŋ tsɿ	轮子。
咕挼	ku2 ʐua	轻微地咀嚼:放着嘴里~一下算咧。
骨噜子客	ku2 lu tsɿ kʰei	赌徒:那是个~一个,谁敢相信!
骨都	ku2 tu	骨头、骨骼。
箍缸的	ku kaŋ ti	旧时以箍缸手艺谋生的人,现已很少见。
箍窑子	ku2 iɔu tsɿ	用土坯箍成的窑洞样的住所。
诂	ku3	用语言或行为驱使、强迫别人听自己的或做某事:牙大的一点娃娃,还~人呢。/他说不愿意,叫我给~咧一顿。
古	ku3	冷清、偏僻:这个地方~得狼嚎呢。
估	ku3	估计、猜测:你~羊肉这两天啥价?
咕噜雁	ku3 lu iæ̃5	大雁。
古尔邦节	ku3 εr paŋ tɕiε	伊斯兰教最重要的宗教节日,时间在教历十二月十日(每年麦加朝觐的最后一天)。古尔邦,来源于阿拉伯语。
故经	ku3 tɕiŋ	故事。碎时候大人给我讲得~多得很!
股子	ku3 tsɿ	整体里的一份:那么大的一~钱呢,说不要就不要咧?②量词,用于成条的东西:称咧这么一~蒜薹。③指半大的猪:喂成~咧,你看给咱们死咧么!
鼓劲	ku3 tɕiŋ5	用力、用劲儿:~拧给一下就开咧。
故衣	ku5 i	旧衣服:到买~的摊子上挑上一件衣裳。
顾缠	ku5 tʂʰæ̃	照顾:他连自己都~不住着呢,能顾上管你!
固定傀	ku5 tiŋ5 kʰuei	神情呆滞、木然,待着一动不动的样子:你看连个~一样,定定儿在那站着呢。
哭水	kʰu2 ʂuei3	人眼球中水状液体:竹签子戳着去把人的~给倒咧。
窟圈	kʰu2 tɕʰuæ̃	黄土高原上独特的地貌。地面之下受暴雨冲刷形
苦楚	kʰu3 tʂʰu	痛苦(多指生活上受折磨):你是不知道我的~。苦熇kʰu53tɕiɔu44艰辛,辛劳:那里的人日子~得很!
苦辛	kʰu3 ɕiŋ	辛苦:一天风吹日晒地把人~着。
苦水	kʰu3 ʂuei3	指人畜不能饮用的碱味很重味道发苦的水。
苦豆子	kʰu3 təu tsɿ	一年生草本植物,本地人把叶晒干后,碾成粉末,常用来作蒸花卷儿、烙饼的调味品。
苦瓜结着苦蔓上	kʰu3 kua tɕiε2 tʂɤ kʰu3 væ̃5 ʂaŋ	比喻人的命运多磨难。
苦核子	kʰu3 xu tsɿ	苦味的杏仁。
苦苦菜	kʰu3 kʰu tsʰεi5	苦苣菜。
苦生生的	kʰu3 səŋ səŋ ti	非常苦的味道。
裤腿子	kʰu5 tʰuei3 tsɿ	裤脚。
怦	xu2	用半焖半煮的方法弄熟食物:春上的羊羔子~上最好吃。
唬	xu2	迷糊、反应不过来:你一说还把人~住咧,半天反应不过来。
胡大	xu2 ta	伊斯兰教的真主,被认为是万物的创造者,人类命运的主宰者。
货郎子	xu2 laŋ tsɿ	走村串户的货郎。
忽鲁	xu2 lu3	松动:几个槽牙没有一个不~的。
囡囹	xu lu	整体,整块。
囡囹身子	xu lu ʂəŋ tsɿ	不脱衣服(睡觉):~睡下怕是不美气。
囡囹瓦块	xu luŋ va kʰuæ̃	形容食物形大难以入口或来不及嚼碎就咽入肚中。
胡	xu	副词,表示随意乱来。
糊饽	xu pɤ	一种面食。做时先将肉丁和蔬菜炒熟,加少许水,再将面饼切成条,翻炒即可食用。②放在表动作的词语后,比喻糟透了。这一下弄~咧。
胡麻	xu ma	食用亚麻。
胡麻油	xu ma iəu	胡麻籽榨的食用油。
胡子拉碴	xu tsɿ la tsʰa	形容满脸胡茬子,不加修饰的样子。
胡搪	xu tʰaŋ5	胡说:那满嘴~着呢,你信他的呢!
胡弄	xu nuŋ5	不负责任地做。也说“胡整”。
胡整	xu tʂəŋ3	同“胡弄”。
胡粘	xu ʐæ̃	东拉西扯地胡说:简直是~着呢,根本没有的事么!②死缠硬磨:你再不咧~咧,弄啥都没用!
胡吃海喝	xu tʂʰʅ xεi3 xuɤ	大吃大喝。
胡里麻搭	xu li ma3 ta	胡乱,不认真的。~写着上去就算完成咧。胡里颠懂xu24li21tiæ̃21tuŋ21糊里糊涂、懵懵懂懂。
胡吹冒料	xu tʂʰuei mɔu5 liɔu5	胡说,吹牛皮:那个人成天~地,我一点都不爱。
胡日鬼	xu ʐʅ kuei	不走正道,做的都是不正经的事:整天~着呢,日子能过好?②指不干正经事的人:那是个~,小心点。③瞎凑合:~一下算咧,又不是自己的事。
胡日鬼捣棒槌	xu ʐʅ kuei3 tɔu3 paŋ5 tʂʰuei	不干正经事。
胡	xu	表示动作、状态更强更深。你做下的饭~好吃呢!……(呢)
胡墼	xu tɕi	将湿土经杵子在模具中压制或用泥制成晒干后用于建筑的土坯。
胡墼疙瘩	xu tɕi kɤ ta	土块儿。
胡喊冒答应	xu xæ̃3 mɔu5 ta2 iŋ	胡乱应声,引申为跟着人没有原则地胡说。
胡打挛挛	xu ta3 luæ̃2 luæ̃	言语模棱两可、不确切:我一问,嘴里~着呢。
胡说不止	xu ʂuɤ pu2 tsɿ3	乱骂乱说,喋喋不休:你赶紧把你~的毛病改咧去。
胡子眉毛一把抓	xu tsɿ mi mɔu i2 pa3 tʂua	比喻不问事情的轻重缓急,全部同等对待。
糊涂囊浆子	xu tu naŋ3 tɕiaŋ5 tsɿ	非常糊涂的人。
核核	xu xu	核果中心的坚硬部分,里面有果仁:吃下的苹果~不咧到处乱撇咧。②类似果核的疙瘩:腮帮子上起来个~。
胡胡	xu xu	二胡、板胡等的通称:戏台上抅~的是个谁?
呼儿呼儿的	xu3 εr xu3 εr ti	(睡觉、喘气时的)气息声:把人给气得~。
古	xu5	(粥、米汤煮得)黏稠:把洋芋棒棒熬得~~的,再把面叶子下上。《广韵·模韵》:“户吴切。黏也。”
瓠子	xu5 tsɿ	一年生草本植物,茎蔓生,花白色,果实细长,圆筒形,表皮淡绿色,果肉白色,一般蔬菜。
糊弄	xu5 nuŋ	欺骗,蒙骗:小心不咧叫人~咧。
糊汤子	xu5 tʰaŋ tsɿ	面食、肉煮得过了头。也说“糊糊子”。糊糊子xu44xu44tsɿ21同“糊汤子”。
护裙子	xu5 tɕʰyŋ tsɿ	围裙。
驴脸	ly liæ̃3	骂人的话,常对拉着脸露出不愉快神色的人说:整天价~一拉,谁吃咧你们的咧。
驴驹子	ly tɕy tsɿ	驴驹。
驴娃子	ly va tsɿ	同“驴驹子”。
驴骡子	ly luɤ tsɿ	公马和母驴交配,生下的骡驹。
驴打滚	ly ta3 kuŋ3	高利贷。
捋	ly3	用手指顺着抹过去,使物体顺溜或干净,或手握条状物向一端滑动:把(揉皱的)纸~顺咧再写。/~上一把榆钱子。《说文·手部》:“~,取易也。”《广韵·末韵》:“郎括切。手~也,取也,摩也。”
捋抹	ly3 ma	清点或预估:等一下,叫我~一下看钱够吗?
律直	ly3 tʂʅ	端正好看:小伙子人长得~,做啥也做得好。
虑当	ly5 taŋ	考虑、准备:我~着去恰,你可来咧。
拘	tɕy2	两手用力将某物向中间挤压,致使物体内部的气体或液体使物品膨胀:差点让这个坏倯把我~得没气咧。
拘咧炮咧	tɕy2 liε pʰɔu5 liε	比喻对某事处理不妥当而惹人耻笑。你就这么弄事情着呢,简直是~!也说“拘得炮响呢”。
拘得炮响呢	tɕy2 ti pʰɔu5 ɕiaŋ3 ȵi	同“拘咧炮咧”。
车	tɕy2	中国象棋中的“车”,可在纵横直线上行走,灵活性最强。
橘子	tɕy2 tsɿ	属热带作物,主要种植于中国南方,色彩鲜艳,酸甜可口,是秋冬季常见的美味佳果。
橘子皮	tɕy2 tsɿ pʰi	也说陈皮,可入药,有健胃、止咳等作用。举心tɕy53ɕiŋ21想法,心意:你旦有这个~咧,我给你说去。
巨狸猫	tɕy5 li mɔu	外形像松鼠的一种哺乳类动物,生活在田间的土洞中。
锯末子	tɕy5 mɤ3 tsɿ	锯木头时掉下来的细末和碎渣。
屈	tɕʰy2	心胸狭小:那个人心~义短,打不成交道。《集韵·迄韵》:渠勿切。《博雅》:“短也。”
屈狭	tɕʰy2 tɕʰia3	(空间)狭小:房里~着就蹴不了几个人么。
曲蟮	tɕʰy2 ʂæ̃	蚯蚓。
取不利手	tɕʰy3 pu li5 ʂəu3	被事情纠缠而无法脱离:就这一点事差点~咧。
女子	ȵy3 tsɿ	女儿(对父母而言)。②女孩儿。由于“小姐”一词词义的缩小,在当地“女子”已成为女服务员的通称。
女子娃娃	ȵy3 tsɿ va va	女孩子:唱戏的几个~长得乖得很!
女方	ȵy3 faŋ	指新娘或新娘娘家人这一方:接亲的车等着呢,~咋么耍开麻达咧。
女娃娃家	ȵy3 va va tɕia	未成年女性的统称:~,毕竟不如儿子娃娃顶事。
女儿墙	ȵy3 εr tɕʰiaŋ	建造房屋时,房的前墙砌通房檐位置高出的部分。
戌	ɕy2	地支的第十一位。
讳	ɕy5	隐瞒:高考报名的时候他把年龄给~咧。
续牙	ɕy5 ia	换牙。娃娃也到咧~的年龄咧。
吁	y2	吆喝牲口的声音。
熨帖	y tʰiε	事情得到妥善处理(多用于否定)。给咧200块钱还不得~。
鱼池	y tʰaŋ	鱼塘。
鱼泡	y pʰɔu5	鱼鳔,鱼腹内白色的囊状器官。
鱼鳞	y liŋ	鱼类身体表面具有保护作用的薄片状组织。
鱼鳞坑	y liŋ kʰəŋ2	为蓄水或种树而在山坡上挖的坑,交错排列像鱼鳞。
鱼口	y kʰəu	中医指软性下疳等病引起的腹股沟淋巴结炎,化脓后局部形成溃疡,疮口像鱼的嘴,所以叫鱼口。
鱼儿穿沙	y εr tʂʰuæ̃2 sa	将饺子、面叶、小米煮在一起吃的食物。也说“金鱼摆沙”。
榆钱子	y tɕʰiæ̃ tsɿ	榆钱。
苇子	y3 tsɿ	收割后变干黄的芦苇秆儿。
雨点点	y3 tiæ̃3 tiæ̃	雨点儿。
雨住咧	y3 tʂu5 liε	雨停了。
雨字头	y3 tsɿ tʰəu	汉字偏旁名称之一,如“雪、雷”等字的上部。玉麦y44mei21玉米。
玉麦棒子	y5 mei paŋ5 tsɿ	玉米棒儿。
玉麦缨子	y5 mei iŋ2 tsɿ	玉米穗。
玉麦塞塞	y5 mei sei sei	玉米脱粒后留下的秸。
玉麦秆秆	y5 mei kæ̃3 kæ̃	玉米秆儿。
慰问	y5 vəŋ5	慰问。
八	pa2	数字。
八匹马	pa2 pʰi3 ma3	猜拳时数“八”。也说“八个鸟”。
八成儿	pa2 tʂʰəŋ εr	差不多:这么迟咧,你哥~是不来咧。②形容某人智商不高、不明事理:你连个~人么有啥争讲的呢!
八辈子	pa2 pei5 tsɿ	几辈子,从来。常用做讥讽某人没见过或没经过某事:一下子穷倯着,~没吃过。
八字步	pa2 tsɿ pu5	方步,一种斯文的大而慢的步子:你看乜家的那个架势,~一迈,稳得很。
八月十五	pa2 yɤ ʂʅ vu3	农历八月十五,中秋节。
八字没见一撇	pa2 tsɿ5 mɤ2 tɕiæ̃5 i2 pʰiε	比喻事情还没有什么眉目。
八百不上串	pa2 pei pu2 ʂaŋ5 tʂʰuæ̃5	一串钱为一千,八百不足要硬凑,比喻没有关系硬拉关系:日子刚过得好咧,~的都寻着来咧。
巴不得	pa pu tei	迫切盼望:~有人把这个活接过去,好让我清省一下。
把稳	pa2 vəŋ3	稳当,保险:你早早弄~,不咧到时候再有啥麻达。
把猫儿叫咧个咪咪	pa2 mɔu εr tɕʰiɔu5 liε kɤ mi5 mi	相当于换汤不换药。
疤疤	pa pa	小的疤痕:碎时候从炕上栽下来给额颅上留下咧一个~。
发	pa	用冷水解冻:把冻柿子放在凉水盆里,~一阵子就消咧。《广韵·月韵》:“方伐切。寒冰。”
拔筋	pa tɕiŋ	习武或学习舞蹈的人尽力舒展筋骨,使柔软。
拔橛	pa tɕyɤ	连根拔出,喻指干脆、彻底地解决:刚才还连下一点系系子,这一下让你~咧。
拔咧簧咧	pa liε xuaŋ liε	出众、拔尖儿:乜家娃娃考上北大咧,真个~。②用尽所有的(常用在把字句中,说成“把……簧拔咧”):这一回买房,把王老二的~。
拔硬腰子	pa ȵiŋ5 iɔu tsɿ	游戏。两人弯腰相互抱住对方腰,用力向上提起,提起对方者获胜。
把作	pa3 tsuɤ	别扭、拘束:陪领导吃饭我不去,我还嫌~得很。把式pa53ʂʅ21精于某种技术的人。
把戏	pa3 ɕi	魔术、杂技:街上有人耍~呢。②花招:蒙蔽人的手法。他那点~谁都知道呢。
把把子	pa3 pa tsɿ	量词,一小捆:水萝卜贵得很,一块钱才两~。②一伙,常说成“把子”:乜家是一~的,关系好得很。
罢	pa5	完了,完毕:吃~中午饭,你跟我走。
罢咧	pa5 liε	结束、完毕:等他来噻,戏早演~。②过了这会儿:你把这些菜~拿着回去。③不怎么样:这个人~的。④还算可以:话这么说还~的。
把子	pa5 tsɿ	指男性生殖器。
把把	pa5 pa	器具的把儿。
把提子	pa5 tʰi tsɿ	舀油、酒、醋、酱油等的器具。圆筒状,连着长把,常按所舀液体的斤两制成大小不等的一套。
坝沿上	pa5 iæ̃5 ʂaŋ	水库的拦水坝体之上。
帊	pʰa	纺织品质地不好、不结实:这些布~得很,做啥衣裳都不好。②松散,懈怠:他让老婆给整~咧。
帕帕子	pʰa2 pʰa tsɿ	手绢儿:吃筵席总得带个~么。
爬沟溜渠	pʰa kəu liəu5 tɕʰy	比喻投机钻营,善于奉承。
怕	pʰa	害怕。②恐怕、大概,也说“怕是”:咳嗽着~感冒咧,赶紧吃些药。
怕是	pʰa5 sɿ	同“怕②”
妈	ma2	对母亲的称呼,固原话常单用。
妈妈	ma ma	对年青女性的泛称(含贬义):看她这个~唦,猴死着呢!
抹	ma	擦:拿搌布把桌子上的水~一下。②摘,取:房里热,把帽子~咧。喻指某人丢掉官职:老王不但犯咧错误,连官都让人家给~咧。③用手按着向上或向下移动:~胳膊,缏袖子,拾掇你个二流子。
抹布	ma2 pu5	擦器物用的布块。也说“搌布”。
抹花花子	ma2 xua xua tsɿ	同“折拐子”。
麻卡	ma2 kʰa3	指人在道德品质方面很差劲:这个人~得很。
麻眼	ma2 ȵiæ̃	坏,糟糕:这一下把事情给弄~咧。②与“麻卡”意相近:那是个~人。
蚂蚁上树	ma2 i3 ʂaŋ5 ʂu5	菜肴的名称。将肉切成丁儿与粉条炒在一起。
麻眯儿	ma mi5 εr	对什么都无所知晓的人,也说“麻糊糊”:那是个~么,你靠那着呢。
麻叶	ma ȵiε	亚麻:水暖工做活,~是一定要有的。
麻子	ma tsɿ	大麻的种子,可榨油。②人出天花后留下的疤痕。麻腐ma24fu21麻籽磨成粉状,供食用。
麻腐冰	ma fu piŋ	半冰半水的薄冰。
麻筋	ma tɕiŋ	人体从脊神经的臂丛分向左右上肢的神经。它通过肘关节,敲击此部位,上肢常有麻木的感觉。
麻达	ma ta	麻烦、乱子:你把~闯下咧,让我咋收拾呢。②指人在待人接物方面心眼儿多,不好相处:那个人弄啥去~得很。
麻缠	ma tʂʰæ̃	麻烦:到底要做啥呢,咋这么~。②不好交往:那个人~得很,小心着。
麻钱子	ma tɕʰæ̃ tsɿ	圆形方孔铜钱:听说冯家庄有人挖咧一罐~。
麻食子	ma ʂʅ tsɿ	一种面食。把和好的面搓成指头粗细的长条,然后用刀切成指头肚大小的面疙瘩,用手指再搓成形状像猫耳朵一样的面卷即可下锅。也说“猫耳朵”。
麻糊糊	ma xu5 xu	同“麻眯儿”。
麻麻亮	ma ma liaŋ5	黎明。
麻乎乎	ma xu xu	光线较暗。
麻黑子	ma xei tsɿ	指天快黑或刚黑。
麻眼子	ma ȵiæ̃ tsɿ	瞎子或视力非常弱的人。
麻豆子	ma təu5 tsɿ	豆类的一种,圆形褐色。
麻驴儿	ma ly εr	钱的俗称。
麻肃	ma su	严肃:一脸的~,没人敢惹。
麻酥酥	ma su su	发麻的感觉:心里~的,就连蚂蚁爬着呢一样。马爬扑ma53pʰa24pʰu21形容人像马失前蹄一样摔倒在地上。
马牙	ma3 ia	婴儿生的口疮:娃娃嘴里有咧~咧,半夜里哼呲着闹活人呢。
马勺	ma3 ʂuɤ	较大的铁制勺子,可用来舀水等。
马莲	ma3 liæ̃	马兰草。多年生草本植物,根茎粗,叶子条形,花
马尿尿	ma3 ȵiɔu5 ȵiɔu	带贬义意味,原本专指啤酒,现在是对酒的统称。
马大哈	ma3 ta5 xa3	粗心大意之人。
马黄蜂	ma3 xuaŋ fəŋ	蜂的一个种类。
马驹子	ma3 tɕy tsɿ	马驹。
马骡子	ma3 luɤ tsɿ	公驴和母马交配生下的骡驹。
码	ma3	垒。也说“摞”。
码头	ma3 tʰəu	房屋侧墙超出前墙的墙体,用来支撑屋檐,为了美观常多加装饰,如在上面附上砖雕等。
骂仗	ma5 tʂaŋ5	吵架。
发时	fa2 sɿ	指买卖首次得利,变得越来越有钱:这几年老黄越来越~咧。
发热	fa2 ʐɤ	发烧。
发潮	fa2 tʂʰɔu	恶心。
发歪	fa vεi	发脾气:明明是你错咧,你还给谁~着呢!②鼓足干劲:小伙子这一下看去是~咧。
发呓争	fa2 i5 tsəŋ	说梦话。
法办	fa2 pæ̃5	法院判刑:这事弄不好要~好几个人呢!
法场	fa2 tʂʰaŋ3	旧时执行死刑的刑场。也说“杀场”。
乏	fa	累、疲倦:这几天把人~日塌咧。
乏塌塌	fa tʰa tʰa	形容困乏的样子:也说“乏不塌塌”:娃娃看上去~的,没一点精神么。
阀码	fa ma	厉害:这是个~人,不咧小看!
搲	va2	用手或爪子撕抓:心里就像有个猫~着呢,难受得很。《广韵·祃韵》:“乌吴切。吴人云,牵亦为~也。”
搲抓	va2 tʂua3	也说“抓搲”。①用手或爪子弄:老实些,手不咧胡~!②比喻着手做某事:学咧个吉他怕是要天天~着呢!
挖苦	va2 kʰu	痛苦、磨难:你可是不知道前些年的那些人的~。②用语言刁难、贬损某人:见面就是个~人,再不知道干啥!
挖坑	va2 kʰəŋ	纸牌游戏。也叫“打红四”。
娃娃	va va	小孩。
娃娃家	va va tɕia	小孩子。常用于单指,不能用于复指:~不懂事,你就原谅他算咧。
娃娃鱼	va va y	大鲵。两栖动物,身体长而扁,眼小,口大,四肢短,生活在山谷的溪水中,叫的声音像婴儿。
娃他舅	va tʰa tɕiəu5	丈夫对妻子兄弟的称呼。
娃娃伙儿	va va xuɤ3 εr	小孩子。常用于复指,也可用于单指:窗子上的玻璃肯定是~踢足球的时候弄烂的。/~不听大人话,就不行!
窊	va3	跑:在操场里~给咧几圈子。《广韵·祃韵》:“乌吴切。踏地用力。”
瓦	va3	拉下,阴沉着:整天~下个脸,谁吃咧他们家里的咧。
瓦渣子	va3 tsa tsɿ	小石块儿、小瓦片儿。
瓦渣云	va3 tsa yŋ	像小瓦片状的云彩。
瓦扣扣	va3 kəu kəu	膝盖骨。
瓦刀	va5 tɔu	瓦工用来砍断砖瓦、涂抹泥灰的工具,形状像刀。洼va44山坡:乡里娃娃山里~里的跑惯咧。
哇呜子	va5 vu tsɿ	埙,用黏土烧制而成。
搭	ta2	从(介词),后跟表示处所的名词,表示方位,处所:~这搭走北京,坐火车方便。/~桥上过去就是的。
搭贴	ta2 tʰiε	(生意)赔本:刚这一回就~咧不少。②白白葬送:这么下去~多少都没啥结果。
搭帮	ta2 paŋ	帮忙:一搭里给张老师~走。
搭情	ta2 tɕʰiŋ	给有喜事或丧事人家送礼金或礼物,也说“搭人情、随人情”:明儿个中午要给人~去呢!
搭人情	ta2 ʐəŋ tɕʰiŋ	同“搭情”。
搭车	ta2 tʂʰɤ2	乘车。这儿啥都好,就是~去不方便。
搭救	ta2 tɕiəu5	帮助人脱离危险或灾难。幸亏有人~,不然早没事咧。
搭背	ta2 pei5	背上起的疮:起咧个~,疼得很。
搭背风	ta2 pei5 fəŋ	顺风。
搭不住刀子	ta2 pu tʂʰu5 tɔu2 tsɿ	原指牛羊瘦,没有多少肉。引申为某人钱财少经不起别人折腾:那个可怜着~么,和他耍啥呢!
褡褡	ta2 ta	手提袋一类的总称。
褡褡子	ta2 ta tsɿ	同“褡褡”。
打从	ta2 tsʰuŋ	自从。~你来,我们就没过上个好日子。
大	ta	父亲。父亲的兄长弟弟按次序可称:大大、二大、三大等。
大大	ta ta	对年青男性的泛称(含贬义):谁不知道他这个~的
打整	ta2 tʂəŋ3	迷信的做法,请道士或阴阳作法驱鬼祈福的活动。
打	ta3	常用在被动语态中。①虫蛀:皮袄叫虫~咧几个洞。②(煤气)使人中毒:他哥让煤烟子~咧。
打平伙	ta3 pʰiŋ xuɤ	大家共同吃喝,均摊费用。
打转转	ta3 tʂuæ̃5 tʂuæ̃	转圈:把人冤枉得眼泪花花在眼睛里~呢。打耍耍ta53ʂua53ʂua21漫不经心、不当一回事儿。
打双扣	ta3 ʂuaŋ2 kʰəu	扑克的一种玩法。
打捶	ta3 tʂʰuei	打架:街上今儿个有人~着呢,你看乜没人敢拉。
打关	ta3 kuæ̃2	指几个人或更多的人聚在一起喝酒时,由一人与其他人分别划拳喝酒,结束后,再由下一个人接着与其他人划拳,轮流进行。与其他人分别划拳的人叫“关家”,其他人与“关家”划拳则叫“应关”,与所有人都划拳喝酒叫做“打通关”。
打卦	ta3 kua5	算卦。
打颤	ta3 tʂæ̃5	哆嗦。
打春	ta3 tʂʰuŋ2	立春。
打颤颤	ta3 tʂæ̃5 tʂæ̃	程度较“打颤”更强。
打捶泡将	ta3 tʂʰuei pʰɔu5 tɕiaŋ5	打架闹事:两口子~的,日子还过吗不过?
打杂剜烟锅子	ta3 tsa væ̃ iæ̃2 kuɤ3 tsɿ	指经常干一些细小、琐碎
打虫	ta3 tʂʰuŋ	给小孩子吃药打下肚子里的寄生虫。
打虫药	ta3 tʂʰuŋ yɤ2	打寄生虫的药。
打牌	ta3 pʰεi	玩麻将、扑克的通称。
打坟	ta3 fəŋ	挖掘坟坑。
打毛牛	ta3 mɔu ȵiəu	打陀螺:一群娃娃在冻实的冰上~着呢。
打倒烟	ta3 tɔu5 iæ̃	受风向或烟囱结构影响,炉子或灶膛里的烟不能顺畅排出而从炉子口冒出:今儿个吹的东南风,炉子~开咧。
打能能	ta3 nəŋ nəŋ	大人帮小孩学站立时,嘴里常说:“能能,打个能能。”所以“打能能”指小孩开始学着站立:你看乜家这个娃娃,才几个月么就~开咧。
打牛后半截	ta3 ȵiəu xəu5 pæ̃ tɕiε	喻指务农:你旦不好好学习咧,回家~去。
打心锤锤子	ta3 ɕiŋ tʂʰuei tʂʰuei tsɿ	心肝宝贝:那是人家的个~,谁敢碰一下。
打尜儿	ta3 ka r	玩尜儿的游戏。也说“喝梢”。
打交儿	ta3 tɕiɔu3 r	打交道:那个人你就不能和他~。
打口哨	ta3 kʰəu3 sɔu5	吹口哨:他只要一上台,观众就拼命地~。
打嗑噔	ta3 kʰy5 tʰəŋ	犹豫:赶紧把钱交咧去,再不咧~咧。②不顺利:你不咧看这事还~呢。
打黑牛惊黄牛	ta3 xei ȵiəu tɕiŋ2 xuaŋ ȵiəu	指因某事引起的连锁反应:这么一弄,怕是要~咧。
打和声	ta3 xuɤ5 ʂəŋ	跟上别人无目的地起哄:再不咧跟上~咧,赶紧干自己的事情去。
打捷路	ta3 tɕiε lu	抄近道:你~走,看能追上他吗。
打张	ta3 tʂaŋ	收拾、打扫:把房里赶紧~一下,来人恰。
打扎合严	ta3 tsa xuɤ ȵiæ̃	总计,把所有的都加起来。
打陷皮子	ta3 sæ̃5 pʰi tsɿ	一种游戏。玩时用手掌击打对方手背,打不着就由对方来打,依次轮换。
打砂锅	ta3 sa2 kuɤ	一种用手掌平展(水)、拳头(石头)、五指蜷曲略张开(砂锅)决定输赢的游戏,相当于游戏“石头、剪刀、布”。
打沙包	ta3 sa pɔu	儿童玩沙包的游戏。
打胡墼仗	ta3 xu tɕi tʂaŋ5	一种掷扔土块的游戏。
打刷子	ta3 ʂua tsɿ	日常用具。在木柄上缝上许多旧布条,用来拍打身体上的尘土。
打板	ta3 pæ̃3	小孩玩的打纸板游戏,也说“打四角板”。
打野食	ta3 iε3 ʂʅ	家中有配偶,却在外面有情人。
打车轱轮	ta3 tʂʰɤ2 ku luŋ	侧手翻。
打郎搪	ta3 laŋ tʰaŋ	不重视、不当一回事:这可不是~的事。
打错茬	ta3 tsʰuɤ5 tsʰa	错过:他刚走,你连他~咧。
打饱嗝	ta3 pɔu3 kəu	因吃得太饱致使气息受阻并发出响声。
打嗝	ta3 kəu5	由于膈肌痉挛,急促吸气后,声门突然关闭,发出声音。也说“饥嗝”。
打灯蛾蛾	ta3 təŋ nuɤ nuɤ	灯蛾子。
大大	ta5 ta	父辈中排行老大的伯父。固原话中称呼父亲的兄长、弟弟时,常在“大”前加排行数以示区别,但排行最小不能称“碎大”,而要称“碎爸”。
大堡子	ta5 pu3 tsɿ	指监狱。
大番小事	ta5 fæ̃ ɕiɔu3 sɿ5	大小事情的统称。
大前天	ta5 tɕʰiæ̃ tʰiæ̃	前天之前的那一天。也说“大前儿个”。
大后天	ta5 xəu5 tʰiæ̃	后天之后的那一天。也说“大后儿个”。
大大后天	ta5 ta5 xəu5 tʰiæ̃	后天之后的第二天。
大拇尕	ta5 mu ka	大拇指。
大气	ta5 tɕʰi	大方、不吝啬:你把那~一点能成吗?②大度:小王是个~人,给在乎你说错啥呢。③穿着打扮不俗气:乜连一般人就是不一样,随便穿个啥都是那么~。
大尾巴狼	ta5 i3 pa laŋ	比喻大大咧咧,容易忘事之人:那是个~一个,你再给说给一下。
大姨姐	ta5 i tɕiε3	妻子的姐姐。也说“大姨子”。
大姑子姐	ta5 ku tsɿ tɕiε3	丈夫的姐姐。
大燕麦	ta5 iæ̃5 mei	燕麦的一个品种,多用来喂牲口。
大肉	ta5 ʐəu5	猪肉。
大油	ta5 iəu	猪油。
大碎	ta5 suei	大和小:~事你就不咧管咧,看他们咋弄去呢。②大小(侧重于小):乜~是个官么,你总知道让个座呢么!
大门楼子	ta5 məŋ lu tsɿ	固定装饰院落大门的建筑物。
大舌头	ta5 ʂɤ tʰəu	舌头不灵活,口齿不清。②说话不清楚的人。
大肚子	ta5 tu5 tsɿ	腹部较大。②怀孕:你媳妇~着呢,叫干啥小心着。
大肚子婆娘	ta5 tu5 tsɿ pʰɤ ȵiaŋ	孕妇。
大天白日	ta5 tʰiæ̃ pei ʐʅ	白天(强调):~的,你就蒙着头睡
大发	ta5 fa	超过了适当的限度:这一下怕是给弄~咧。
大拿儿	ta5 na εr	在某方面自我感觉良好、自以为是的人:你不咧在这儿耍~咧,比你强的人多的是。
大尽	ta5 tɕiŋ	农历有30天的月份。
大香	ta5 ɕiaŋ	常用的调味香料,是八角茴香的果实,呈八角形。也叫大茴香。
大压小	ta5 ȵia5 ɕiɔu3	一种猜拳的方式。双方各自同时伸出一个手指为限。以“拇指胜食指,食指胜中指,中指胜无名指,无名指胜小指,小指胜拇指”的规则决定胜负。
大滑头	ta5 xua tʰəu	指非常油滑的人。
大烩菜	ta5 xuei5 tsʰæ̃5	将品种较多的菜与牛肉或猪肉片烩在一起的菜肴。
大立柜	ta5 li kuei5	大衣柜。
大话刨天	ta5 xua5 pʰɔu tʰiæ̃	说话声音大:小声点,这儿是医院,不咧~的。②无所顾忌地吹牛皮:不咧~的,做到咧才算呢。
大暖	ta5 nuæ̃3	指冬季集中供暖。
大疮	ta5 tʂʰuaŋ	梅毒。
大闪	ta5 ʂæ̃3	(人)大个头儿:(打篮球)几个~打不过几个碎个子。
大擂捶	ta5 luei tʂʰuei	物品形体大。
大牲口	ta5 səŋ kʰəu	专指骡马等大家畜。
大净	ta5 tɕiŋ5	古典戏曲当中性格刚烈、为人正直的角色,脸谱以黑色为主,属花脸中的黑头。
大襟子	ta5 tɕiŋ tsɿ	钮扣开在右边的中式便服。
大女子	ta5 ȵy3 tsɿ	排行老大的女儿:你的~在哪达工作着呢?②年龄较大的未婚女孩子:一个~疯疯张张跑过来把人吓咧一跳!
大汉	ta5 xæ̃	大人,相对小孩子而言。
大汉子	ta5 xæ̃5 tsɿ	大个子,特指男性。
大屄愣愣	ta5 pʰi ləŋ3 ləŋ	詈语。指人的年龄老大不小,却不懂事。
大窝子	ta5 vɤ tsɿ	子女中排行最大的:~是个儿子,老二是个女子。
大师	ta5 sɿ	厨师。也说“饭大师”。
大老碗	ta5 lɔu væ̃3	非常大的碗:这个人饿得劲大咧,一下子吃咧这么高的两~。
大咧咧	ta5 liε liε	骄傲自大,瞧不起人。也说“大不咧咧”。
大装货	ta5 tʂuaŋ2 xuɤ	从外地整批运来的货物。
大脖子病	ta5 pɤ tsɿ piŋ5	指地方性甲状腺肿大症,是由于缺碘而引起的患者脖根变粗。
大暑	ta5 ʂu	节气之一。
大雪	ta5 ɕyɤ	节气之一。
大寒	ta5 xæ̃	节气之一。
大烟	ta5 iæ̃	鸦片的通称。
大腿	ta5 tʰuei	下肢。②比喻有权势的人:人家抱下个~着呢,谁能把人家弄动弹!
大腿面子	ta5 tʰuei miæ̃5 tsɿ	大腿前部的肌肉。
大面子	ta5 miæ̃5 tsɿ	表面上:~上能过去就能成咧!②很大的情面:这可是给咱们给咧~咧!
大头	ta5 tʰəu	脑袋形状大。②呆傻、愚笨之人:再不咧让人把你当~对待咧!③凑份子吃饭时掏钱最多的人:谁是~谁多喝一杯酒!
大头子	ta5 tʰəu tsɿ	物体分量重或体积大的一头儿:几个人抬~,碎头子两个人就够咧。②数量相对多的一份:这个事情没说的,我出~。
大明大亮	ta5 miŋ ta5 liaŋ	公开地:这个事你就~地弄去,没人说你啥!②无所顾忌地:人家~地喊着呢,证明事情已经定下咧!
塌鼻子	tʰa2 pi tsɿ	鼻梁凹下的鼻子。②鼻梁凹下的人。
拓	tʰa	在文字或图案上蒙一层薄纸,再用笔依照文字或图案的样子把它画出来:照着画不好,干脆~着画算咧。②盖、印:一个申请书上就~咧十几个章子。
拓章子	tʰa2 tʂaŋ2 tsɿ	盖印章。
沓子	tʰa tsɿ	量词。用于重叠起来的片状物品,主要指纸张。
踏	tʰa	用脚踩:让人~给咧几脚。②一层压一层地粘在一起:面片子下着锅里没有搅,~着一达呢咧!③积攒:等都拿着来咧,~着一达呢给送着去。
踏识	tʰa ʂʅ	找机会物色:不着急,你慢慢~去。
踏蛋	tʰa tæ̃5	禽类交配。
踏陷脚	tʰa sæ̃5 tɕyɤ	脚踩空了:上楼梯的时候,~把脚扭咧。
他	tʰa3	第三人称代词,单数。
他们	tʰa3 məŋ	第三人称代词,复数。
哪达	na2 ta	哪儿、哪里:你走~去呢?
哪么个	na2 mu kɤ	什么样:~人啥,我咋没见过。②怎么样:~都不得成,你要咋呢。
拿把	na pa	摆架子为难人:请乜给咱们帮个忙呢,乜还~着不弄。
拿粗把细	na tsʰu pa3 ɕi5	依仗权势或故意为难别人:当咧个不大的官,乜还~地不得成。
辣辣	la2 la	葶苈。
辣辣籽儿	la la tsy3 r	葶苈的种子,入中药,有清热、利尿、祛痰之功效。
辣子	la2 tsɿ	辣椒的通称。
辣面子	la2 miæ̃5 tsɿ	干辣椒面儿。
辣角子	la tɕyɤ tsɿ	干的辣椒。
辣酒	la2 tɕiəu3	白酒。
腊八	la pa	农历腊月初八。
腊八粥	la pa tʂəu2	民俗之一。在农历腊月初八这天,家家户户有熬粥喝的风俗。
拉稀	la2 ɕi	拉肚子。
拉账	la2 tʂaŋ5	向人借债:现在~去也不好拉。
拉灯	la2 təŋ	开灯:黑乎乎地,你乜省电着咋不~唦。
拉扽	la2 təŋ5	指人或物被使用:我有我干的呢,再不咧胡~!拉锁儿la213suɤ53r拉链儿。
拉条子	la2 tʰiɔu tsɿ	西北的特色面食。将面抻成长条形状如竹筷粗细的面条,下锅煮熟,常干拌或炒着吃。
拉面	la2 miæ̃5	抻面,比“拉条子”细,常用牛肉汤调味,故又称
拉偏捶	la pʰiæ̃ tʂʰuei	指劝架不公、偏袒一方。
拉磨雷	la2 mɤ5 luei	闷雷。
拉雾	la2 vu5	雾气弥漫:△早上拉一雾,下午晒死兔。
拉呼	la xu2	打呼噜。
拉扯	la tʂʰɤ	辛勤抚养:你妈把你们兄弟几个~大真不容易!②领养:实在不生养,不行咧就~上一个。
拉勺子	la2 ʂuɤ tsɿ	詈语。你懂个~。
拉趿	la2 sa	生活习惯懒散、脏乱。
拉趿鬼	la2 sa kuei3	指在生活习惯上懒散、脏乱之人。
拉黑牛	la2 xei ȵiəu	假充买主,夸赞卖方的物品质好价廉,引诱旁观者上当受骗的活动。②指暗地里为行贿受贿之人牵线搭桥并从中收取费用的人。
喇忽	la3 xu	粗心,疏忽大意。
拉闲	la5 ɕiæ̃	闲聊:我忙得不行活着呢,乜坐着那达连人~着呢。
咋	tsa2	怎,怎么:~说呢,谁让你是我的老师呢。
扎	tsa	用缝纫机缝制:衣裳直缝开咧,叫你妈拿机子给~给几针。②砌:房太大咧,~上个隔间子。
扎扎扎	tsa2 tsa2 tsa	形容使用言语、动作量大次数多,不能计数:就犯咧一点错,就让人家说咧个~!/东西拿着去用咧个~,说不要就不要咧。
扎干针	tsa2 kæ̃ tʂəŋ	针灸:腿这两天疼得很,怕要~去呢。
扎眼	tsa2 ȵiæ̃3	(穿着打扮或做某事)惹人注意:穿素净一些,不
扎咧	tsa2 liε	足了、够了,形容程度达到极致:一天要拓10个章
子	,	把我跑~。
扎站	tsa2 tsæ̃	立足:现在不好好学技术,今后怕是在社会上没法~。②停留:一点点都没~,连夜赶回来咧。
扎牙子话	tsa2 ia tsɿ xua5	冷嘲热讽的话语:刚说~去能成,你做两把试一下。
扎搲	tsa2 va3	让人感觉难受:这几件事上给人给得就~得很!
扎搲话	tsa2 va3 xua5	让人感觉难受的话:八字还没见一撇呢,~说咧个扎扎扎!
渣渣子	tsa2 tsa tsɿ	碎屑、小碎块儿:你吃的时候,不咧把馍馍~淌上一路。
杂蔑子	tsa2 mi tsɿ	细小:一点~事情还当大事着弄呢。
杂稀	tsa ɕi	小杂物:眼睛里吹着进去一个~,磨得很!
杂碎	tsa suei	牛或羊的能食用的内脏:一早夕到市场里吃一碗~,舒坦得很。
杂倯	tsa suŋ	詈词。表达对一个人的厌恶之情。
杂货铺子	tsa xuɤ5 pʰu5 tsɿ	卖日用杂货的小商店。
铡子	tsa tsɿ	铡刀。
咱们	tsa mu	包括己方和对方:~几个一搭里走。②你们:~这儿夏天温度高吗低?③(为拉近关系说的客套话)借指我:~和你没啥冲突么!
炸	tsa	烹调方法,用热油炸制。②用水焯。
炸油馍馍	tsa iəu mɤ mɤ	比喻哭鼻子、掉眼泪:女娃娃就是爱~。
咋办	tsa3 pæ̃5	疑问代词,怎么办。
咋么个	tsa3 mu kɤ	什么样的:他是~人,你难道不晓得!②怎么样:王老师有病咧,不知道现在~咧。
咋话	tsa3 xua5	怎么说:~,你再说一遍。
拃	tsa	动词。张开大拇指和中指来量长度:你~给一下,看有多长?②量词,指张开的大拇指和中指两端间的距离:这个刀子有两~多长。
鉔	tsa3	剁:今儿个礼拜天,咱们割些羊肉~些馅子包饺子吃。
扎账	tsa3 tʂaŋ5	停止报账做清算工作。
□	tsa3	吃起来不柔软、不顺溜:苜蓿芽老咧,吃可咧~着呢。
砟子炭	tsa3 tsɿ tʰæ̃5	宁夏出产的一种不粘结煤。这种煤质地酥软,可固结成块儿。易于点燃,烧时如木炭,耐着,火炽,且有香味。也说“香砟子”。
奓	tsa	直立、竖起:把人吓得头发都端~下咧。②张开(胳膊):同意的把手~起来,让我数个数。《广韵·祃韵》:“陟驾切。张也,开也。”
闸	tsa	(水、电的)闸门:赶紧把~拉咧,小心伤着人。②制动器的通称:自行车的~坏咧。③用土或其他东西将流水堵住使其蓄积在一起或不再流淌:几铁锨土下去就把水给~住咧。
乍乍呼呼	tsa5 tsa xu xu	形容做事不稳重,爱张扬。也说“乍呼”。炸雷tsa44luei24声音很响的雷。
痄腮	tsa5 sei	腮腺炎,发病时两耳下部肿大,腮腺化脓。
酢	tsʰa2	用文火将加水面粉或米(稀糊状)熬成干饭:~些燕面散饭吃。《方言》:“熬,~,火干也。凡以火而干五谷之类,自山而东齐楚以往谓之熬,秦晋之间或谓之~。”《广韵·洽韵》:“楚洽切,火干。”
杈	tsʰa2	一种农具。长柄,顶头有二、三、四、五股略弯的长杈,用来挑柴草。
擦尻子	tsʰa2 kəu2 tsɿ	擦屁股。②比喻替他人处理遗留问题:这~的事都让我干咧!
礤子	tsʰa2 tsɿ	礤床儿:~快得很,用可咧小心手着。
插插	tsʰa2 tsʰa	衣服上的口袋。
插咧一杠子	tsʰa2 liε i2 kaŋ5 tsɿ	事情发展过程中有人意想不到地插手干涉:事情本来好好地,他~以后就不对咧。
差	tsʰa	不好:这一回考得~得很!②不够标准:这二年生产下的东西是越来越~咧。③欠缺:~两块就一百咧。④不相同,不相合:连他比你~远咧。
差不多	tsʰa2 pu tuɤ2	(在程度、时间、距离等方面)相差有限,相近:这两个娃娃的学习成绩~。
差劲	tsʰa2 tɕiŋ5	指物品质量低或人的品质、能力差:买咧些货~得很!/那个人不是个好东西,~得很!
差得码子大	tsʰa ti ma3 tsɿ ta5	相差很多:这连你说的就~咧!
牐	tsʰa	封闭、堵塞:拉肚子吃些弗派酸就~住咧。《广韵·洽韵》:“土洽切。~,下~闭城门。”
牐板子	tsʰa pæ̃ tsɿ	人拉车车厢上的挡板。
茶饭	tsʰa fæ̃	指做饭菜的手艺:现在的女人~好的少。
茶垢	tsʰa kəu5	茶渍。也说“茶锈”。
茶锈	tsʰa ɕiəu5	同“茶垢”。
茶罐罐	tsʰa kuæ̃5 kuæ̃	熬茶的罐子。
茶杯子	tsʰa pʰei2 tsɿ	茶杯。
茶盅子	tsʰa tʂuŋ2 tsɿ	体形较小的茶杯。也说“茶盅盅”。
茶盅盅	tsʰa tʂuŋ2 tʂuŋ	同“茶盅子”。
茶根根	tsʰa kəŋ2 kəŋ	喝剩下的茶水底子:把杯子里的~倒咧换些新茶叶。
碴口	tsʰa kʰəu	由于温度冷热变化在地面上形成的缝隙:天太冷咧,地上都起咧~咧。
茬口	tsʰa kʰəu	机会,时机:等有咧~,我一定给你安排。
茬子	tsʰa tsɿ	农作物收割后留在地里的茎和根:今儿要到地里拔麦~去呢!②量词,次、遍:夜来个就来咧好几~人问这个事着呢!
差大	tsʰa ta5	很、超过一般:天冷得~,多穿上些。
嚓利	tsʰa3 li5	干脆利索:小伙子也是个~人。
衩衩裤	tsʰa3 tsʰa ku	小孩穿的开裆裤:我干革命的时候,你还穿~呢。
叉子	tsʰa5 tsɿ	嚼子,指为了便于驾驭,横放在牲口嘴里的小铁链,两端连在缰绳上。
岔	tsʰa	惊动:麻雀人一~就飞咧。②生疏:这个娃娃~生呢。喳tsʰa44(老鼠)咬啮:藏下的钱叫老鼠~成片片咧。
岔铺	tsʰa5 pʰu5	指到了陌生的地方睡不着觉。
岔巴巴地	tsʰa5 pa2 pa ti	给人别扭、生硬、不顺当的感觉。
靸	sa	穿鞋时把鞋后帮踩在脚后跟下面:不要~上个鞋到处乱跑。②脚步接触地面较重,给人一种步伐不轻快的感觉:老李走开路咧,一直~着走着呢!《广韵·合韵》:“苏合切。小儿履,无后帮。”
沙	sa	马铃薯淀粉含量高,煮熟后呈松散粉状。②西瓜熟透后瓤变松散而呈细粒状。
沙瓤子	sa2 ʐaŋ tsɿ	瓜瓤松散甘甜的西瓜。
沙包	sa2 pɔu	游戏用具。用几小块布(通常为6块)将沙粒、豆子或玉米粒包缝其中,游戏时用来抛掷。
沙锅	sa2 kuɤ	用陶土和沙烧成的锅。
沙眼	sa2 ȵiæ̃3	眼的慢性传染病,病原体是一种病毒,症状是结膜
煞气	sa2 tɕʰi5	迷信中指能镇住鬼魂的气势。
杀	sa	使人或动物失去生命。②用食盐将蔬菜的水分分离出来:胡萝卜切成丝让盐~一阵子。③植物遭霜打。霜~罢白菜上的蚊虫就死咧。
杀场	sa2 tʂʰaŋ3	旧时执行死刑的刑场。
杀着献下咧	sa2 tʂɤ ɕiæ̃5 xa liε	置于绝地:这一下把老王~。
洒壶	sa3 xu	盛水用来浇花、洒地的壶,出水口状似莲蓬头。
撒粪	sa5 fəŋ5	把牲畜圈、厕所里起出来的大块土粪和腐烂的粪便打碎,再用铁锹把打碎的粪土撒在锥形的粪堆上,这样细土细粪便堆积如山,尚未打碎的粪便和土块便又溜下来,继续把它们用刨子打碎,这样反复直到粪土变细为止。
啥	sa5	什么:说我呢,你是个弄~的。
啥子儿	sa5 tsɿ2 εr	同“啥”。
唦	sa	句末语气词。①用于祈使句末,表催促、命令、请求等语气,其前面的动词要重读:你赶紧走~!②用于疑问句末,表询问语气:你试着美着吗~?③用于感叹句末,表示催促并含不满语气,其前面的动词要重读:你说你是个弄啥的~!
挓	tʂa	(脖子)伸直:脖子~咧半天咧,困得很!②用力伸直致使筋骨拉伤:抬东西时把筋给~咧。
这儿	tʂa3 εr	这儿:~湿着呢,不能坐。②这里(指时间):话就讲到~,该干啥干啥去。
这这儿	tʂa3 tʂa εr	同“这儿”。
爽	ʂa2	悠闲、舒服:这个工作~得很。
傻甜	ʂa3 tʰiæ̃	非常甜,甜过了头:买下的蛋糕刚是个~,再没有一点啥味道。
尜儿	ka εr	一种儿童游戏器具。两头小中间大,一般用木头削制而成,与食指长短粗细相当,玩时叫“打尜儿”。
尕搭马稀	ka3 ta ma ɕi	乱七八糟的样子:~地说咧一大堆。
咯	kʰa3	用力咳嗽使咽头或气管里的东西出来。
黠	xa	果实品质欠佳:今年雨水不好,庄稼~完咧。②人的品质不好:那个人~得很。《广韵·黠韵》:“胡八切。慧也,又坚黑也。”《说文解字注》:“引申为奸巧之称。方言曰:‘慧,自关而东赵魏之间谓之~,或谓之鬼。’”
黠好	xa2 xɔu3	副词。最低限度,好坏:~是个大学生么,连这一点都做不到!
黠碴	xa2 tsʰa	结果不好,糟糕:事情弄到最后还给弄~咧。黠倯xa213suŋ24指心眼儿、行为都很坏的人。
黠心眼	xa2 ɕiŋ ȵiæ̃3	坏心眼。
瞎不处处	xa2 pu tʂʰu tʂʰu	形容人眼神不好:你~地往哪达骑着呢!瞎瞎xa21xa24鼠类的一种。体形较大,常在农田里糟蹋庄稼。
瞎迷失眼	xa2 mi ʂʅ ȵiæ̃3	形容人视力差。
瞎子摸瘸子	xa2 tsɿ mɤ tɕʰyɤ tsɿ	一种儿童游戏。由一人蒙眼扮演瞎子,来摸绑着腿扮演瘸子的玩伴,抓住即算赢。
哈住	xa3 tʂʰu	稳住:~些,事情还没眉眼呢!
哈不住	xa3 pu tʂʰu5	指沉不住气的人:得咧个三等奖就能得很,真个是个~。
哈密蛋	xa3 mi tæ̃5	哈密瓜。
下	xa	位置在低处的,与“上”相对:~头。②方面,方位:两~里都同意。③由高处往低处,降落:~山;~车。④量词,指动作次数:打咧三~。⑤用在动词后边:表示关系,如“嚷叫~”、“带动~”;表示完成或结果,如“打~底子”;与“来”、“去”连用表示趋向或继续,如“走~去”、“停~来”。
下巴子	xa5 pa tsɿ	下巴。
下的	xa ti	用在形容词后,以加深程度:看把你给难受~。
下数	xa5 ʂu	规则、规律。弄啥有弄啥的~呢么。②礼数、礼貌。这个娃娃一点点~都不懂。
下头	xa5 tʰəu	下面。
下坡子	xa5 pɤ tsɿ	下坡儿。
阿訇	a2 xuŋ	回族对学古兰经并传经布道的学者的称呼。
阿得个桄桄	a2 ti kɤ kuaŋ2 kuaŋ	表示惊讶时发出的叫声。
啊	a	表示惊讶的语气。
巴	pia2	粘贴:小广告~得到处都是,烦人得很!
□	pia3	拟声词。
蹁	pʰia3	(走路、站立或坐下时)脚向两边分开:你看你的腿~得难看吗。
蹁子壶	pʰia3 tsɿ xu	一种上细下粗用来烧水的壶:炖上一~水,咱们泡油茶。
加	tɕia	从、自、朝、向:我刚~西安回来。/这些人~哪达走咧。②增加。
加演	tɕia2 iæ̃3	指电影或戏曲在主要内容正式开始之前的演出片断:今儿个唱《辕门斩子》的时候,前头~咧一折子戏。
加上	tɕia2 ʂaŋ	常与“还”构成固定结构,表示原本就怎么样了,更加怎么样:人~头疼得连啥一样,你还吵得不得成。
加盐调醋	tɕia2 iæ̃ tʰiɔu tsʰu5	比喻乘机挑拨,加深矛盾。
夹咧蛋咧	tɕia2 liε tæ̃5 liε	几头儿都忙,顾不过来:这几天把人~。
甲	tɕia2	天干的第一位。
痂痂	tɕia2 tɕia	鼻垢或少量出血后凝固的块儿。
胛子	tɕia2 tsɿ	肩膀。
胛股	tɕia2 ku3	同“胛子”。
胛股头子	tɕia2 ku3 tʰəu tsɿ	肩膀上突出的部分。也说“胛拐子”。
胛拐子	tɕia2 kuεi3 tsɿ	同“胛股头子”。
夹紧	tɕia2 tɕiŋ3	闭紧嘴巴(含贬义)。
夹沙肉	tɕia2 sa ʐəu5	一种菜肴。指用鸡蛋摊的薄饼卷着肉丸,经油炸后定形,吃时加热即可。
夹生子	tɕia2 səŋ tsɿ	(食物)半生不熟。
夹裤	tɕia2 kʰu5	有面子和里子,双层中间不絮棉花的裤子。
夹袄子	tɕia2 nɔu5 tsɿ	有面子和里子,双层中间不絮棉花的上衣。
家门	tɕia2 məŋ	同宗同姓未出五服的亲戚。
家具	tɕia2 tɕy	家庭用具:攒些钱买上几样~准备结婚。②工具。做这一种活手里没个~就不行。也说“家当”。
家当	tɕia2 taŋ5	同“家具②”。
家教	tɕia2 tɕiɔu	家长对子女的教育:人家李老师~好,几个娃娃都出息很!②家庭教师的简称:请上个~给娃娃补一下课。
假女子	tɕia3 ȵy3 tsɿ	言谈举止像女孩子的男孩子。
假儿子	tɕia3 εr tsɿ	性格泼辣、举止大胆奔放像男孩子的女孩儿。假婆娘tɕia53pʰɤ24ȵiaŋ21言谈举止像女人的成年男性。
架	tɕia	朝、从:叫人~头上一砖头。②往火炉里添煤:给炉子里再~些炭。③生火:天冷咧,怕是要把炉子~上咧。
架子	tɕia5 tsɿ	用若干材料纵横交叉地构成的东西,用来放置器物、支撑物体或安装工具等:把~搭起来上面就能放东西咧。②自高自大、装腔作势的作风:姓王的官不大~不小!③指动物被剔尽肉后留下的骨架:买上个羊~吃一下。④比喻只有空架子而缺少内容:△肉臭咧~不倒。
架子车	tɕia5 tsɿ tʂʰɤ2	一种由人力推拉的两轮车。用木料或铁料等作车架,上面铺木板、竹板或铁皮制成。现已不多见。
架炉子	tɕia5 lu tsɿ	给炉子生火。
架火	tɕia5 xuɤ3	生火。
架势	tɕia5 ʂʅ	情势、势头:看~去马上就输咧!②人的表情、神态及动作:看你那~,就连吃的是你们的一样!
裌裌	tɕia5 tɕia	坎肩儿。
嫁汉	tɕia5 xæ̃5	詈词,常用来骂作风不好的女人。
掐指头	tɕʰia2 tsɿ tʰəu	掰手指头计数。
□	tɕʰia3	跨过:前面有个水渠渠,~过去算咧。《广韵·洽韵》:“侯夹切。走貌。”
□尿臊	tɕʰia3 ȵiɔu5 sɔu	抬腿从别人的头上跨过。
卡子	tɕʰia3 tsɿ	夹东西的器具:寻些线~,拿我把电话线给钉着墙上。②发卡。
卡卡	tɕʰia3 tɕʰia	形状较小的钹。
卡	tɕʰia3	双手向内用力卡住。
吃亏	tɕʰia3 kʰuei	吃亏、受损失。
卡	tɕʰia	夹在缝隙当中:~着缝缝呢还不好往出取!②藏、留:我给你~下一个好东西着呢。
卡卡核桃	tɕʰia5 tɕʰia xy tʰəu	指核桃仁卡在核桃壳里面不容易取出的核桃:△~要砸着吃呢。
押	ȵia2	把财物交给对方作为保证。
押金	ȵia tɕiŋ	做抵押的钱。
押宝	ȵia2 pɔu3	赌博的一种。参加赌博的人猜测宝上所指的方向下注。
压粪	ȵia5 fəŋ5	积肥。
压蔓	ȵia5 væ̃	将有蔓植物的蔓压住,使之长出果实。②事先或暗中叮嘱:旦是这么说的话,那就是谁给~咧。
压钉子	ȵia5 tiŋ tsɿ	图钉。
压尺子	ȵia5 tʂʰʅ tsɿ	创作书画时的镇纸。
压摞摞	ȵia5 luɤ5 luɤ	一个压着一个:文件多得~着呢。
压箱子的	ȵia5 ɕiaŋ tsɿ ti	当地婚俗。指女方送亲队伍里,专门看护嫁妆的人,一般由新娘子的弟弟担当,现也有新娘子的表弟、堂弟担当的。
压轿娃娃	ȵia5 tɕiɔu5 va va	当地婚俗。指女方送亲队伍里,与新娘子同乘一辆车、陪伴新娘子的小孩子。
峡	ɕia2	两山或两块高地中间的、有河流经过的狭长而有出口的地带。多用于地名。
下	ɕia	等级低的:~级。②次序或时间在后的:~次。③使降落:~半旗。④进入:~水。⑤投送:~帖子。⑥到规定时间结束日常工作或学习:~班。⑦谦辞:在~。⑧颁布:~令。⑨卸掉:把他的枪~了!⑩用,投入精力:~工夫。做出判断:~结论。用在名词后边表示在里面或当某个时节:言~、节~。少于:不~二百人。动物生产:鸡~蛋。
下场	ɕia5 tʂʰaŋ	对死亡的委婉说法,特指老年人去世。
下碴	ɕia5 tsʰa	竭尽全力地:这个事情你要~弄呢,不然就不得成。
下硬碴	ɕia5 ȵiŋ5 tsʰa	程度较“下碴”更强:只要~,没有弄不成的事。
下坊	ɕia5 faŋ3	一种棋类游戏。
下馆子	ɕia5 kuæ̃3 tsɿ	上饭馆吃饭:媳妇出差咧,只能~咧。
下话	ɕia5 xua5	给人赔情说好话:你去~,我再给圆搁一下就能成咧!
下家	ɕia5 tɕia	接收某人或某物的一方:说是把这个院子卖咧呢,不知道~找下咧吗。②专指给未婚女性找的婆家:女子大咧,赶紧给找个~。③……样的人:那是个只管自己不管别人的~。
下串	ɕia5 tʂʰuæ̃5	暗中向某人下毒手:看来是有人谋着给我~呢。下水ɕia44ʂuei53下水道:~不通咧,寻个人给修一下。
下水	ɕia5 ʂuei	指猪、牛、羊的可食用的内脏:一副~值不了几个钱!
下作	ɕia5 tsuɤ	做出让人为之不齿的事情:你看你~吗,简直不是个人么。
下饭	ɕia5 fæ̃5	往锅里下面条。
下饭菜	ɕia5 fæ̃5 tsʰεi5	就着饭(指面条之类的)吃的菜。
夏田	ɕia5 tʰiæ̃	夏收作物。
鸦雀	ia tɕʰiɔu3	鸟类的统称。
鸦儿老鸹	ia2 εr lɔu3 va	乌鸦。
鸦迷儿小心	ia2 mi εr ɕiɔu3 ɕiŋ	形容静悄悄的样子:你乜~地坐着呢,我当你没在。
亚伯子	ia2 pei tsɿ	丈夫的哥哥。
牙叉	ia tsʰa	下颌骨。
牙长	ia tʂʰaŋ	比喻因某种行为而让人产生讨厌的感觉:你再不咧那么个咧,看得我~的!
牙花子	ia xua tsɿ	牙龈。也说“牙床子”。
牙根子	ia kəŋ tsɿ	牙齿根儿。
牙狗子	ia kəu tsɿ	公狗。
牙牙子	ia ia tsɿ	锯齿状的样子。
牙牙碴碴	ia ia tsʰa tsʰa	形容爱给人挑毛病,并带有训斥的口吻:你乜动不动就~地,谁好像欠下你多少!
牙碴大口	ia tsʰa ta5 kʰəu3	形容说话盛气凌人的样子:~地,你吃人恰!
牙口	ia kʰəu	牲口的年龄:看~还年轻着呢,做活去咋么没力。②指成年人的牙齿咀嚼能力:人一上年龄,~就不行活咧。
牙子	ia tsɿ	块儿,瓣儿:一口气吃咧八~西瓜,一下吃胀咧。②旧时集市上为买卖双方撮合从中取得佣金的人:他爷爷那时候是有名的~,能说得很!
牙客	ia kʰei	同“牙子②”。②自以为是,强词夺理之人:那是个~,你怕说不过。
牙大	ia ta5	口气大、话语欺人:这个小伙子还~得很,寻个人给收拾一顿。
牙猪	ia tʂu	阉割过的公猪。
抓	tʂua	捉、拿。②抚养:他从小是他奶奶~大地。
抓搲	tʂua2 va3	见“搲抓”。
抓粪子	tʂua2 fəŋ5 tsɿ	形状小一些的背篼。
抓养	tʂua2 iaŋ3	抚养:你大连你妈辛辛苦苦把你~这么大,就指望着你有点出息么!
抓养的	tʂua2 iaŋ3 ti	抱养、收养的:他不知道他二姐是~。
抓五子儿	tʂua2 vu tsɿ r	一种抓石头子儿或羊骨拐的儿童游戏。抓大头tʂua213ta44tʰəu24拈阄儿,以确定谁出钱或出力最多。
抓	tʂua	机灵、灵活:李家的那个娃娃~得很。
抓拉	tʂua5 la	串儿:一~葡萄。
欻	tʂʰua2	(豆类炒的)酥脆:小李炒下的豆子~得很!
涮	tʂʰua	(水流)冲刷:路上让水~咧几道壕。
欻	tʂʰua3	手用力使物品剥离或受外力后皮肤脱离:几下就~剥咧。/绊咧一跤把手上的皮~咧。
刷刷子	ʂua2 ʂua tsɿ	刷子。②女孩儿梳的像刷子样的发型。
耍	ʂua3	玩耍。
耍二	ʂua3 εr5	表现出蛮横的态度:动不动就给人~呢,谁吃你那一套呢!
耍二杆子	ʂua3 εr5 kæ̃3 tsɿ	同“耍二”。
耍钱	ʂua3 tɕʰiæ̃	赌博。
耍人	ʂua3 ʐəŋ	戏弄人:你这是~着呢么。②向别人炫耀。乜新买咧个一万多的摩托,~得很!
耍水	ʂua3 ʂuei3	游泳。
耍床	ʂua3 tʂʰuaŋ	当地习俗,即闹洞房。也说“耍新媳妇儿”。
耍新媳妇儿	ʂua3 ɕiŋ ɕi fu r	同“耍床”。
耍酒疯	ʂua3 tɕiəu3 fəŋ	发酒疯:喝多喝少都给人~,气死个人咧!耍脾气ʂua53pʰi24ɕi44使小性子:动不动就给人~,谁理你着呢!
耍头子	ʂua3 tʰəu tsɿ	玩具:这一次出去给娃娃连个~都没买。也说“耍货子”。
耍货子	ʂua3 xuɤ tsɿ	同“耍头子”。
耍马武	ʂua3 ma vu3	耍威风:你有多大的本事在这儿还~呢!
耍麻达	ʂua3 ma ta	制造麻烦:那来咧给咱们~呢,赶紧给说给一下。
耍死狗	ʂua3 sɿ2 kəu3	耍赖皮:我给人~去我还不会。
耍翠	ʂua3 tsʰuei5	冬天或气温低的时候穿得少:这么冷的天,你看乜家还抖单衫子着~呢。
耍肖	ʂua3 ɕiɔu	取笑、挑逗:人够咧你还叫我着,简直是~人着呢么!
耍怪	ʂua3 kuεi5	做鬼脸逗人笑:这个娃娃可给人~着呢。
耍抹子	ʂua3 mɤ3 tsɿ	耍花招:你怕是给人可~着呢吧!
耍搭流失	ʂua3 ta liəu ʂʅ	指做事不用心,边做边玩:你乜~的,一老总是把事不当事!
耍牌子	ʂua3 pʰεi tsɿ	凭借自己的名气或才能摆架子、摆阔:有钱人就是爱~。
耍老刀	ʂua3 lɔu3 tɔu	倚老卖老:老王还给人~呢。
耍社火	ʂua3 ʂɤ5 xu	当地农村逢春节举行的庆新春活动,形式包括高跷、旱船、舞狮、秧歌等。
耍把戏	ʂua3 pa3 ɕi	表演杂技魔术:交流会上来咧一帮子~的。
耍得大	ʂua3 ti ta5	态度表现为大大咧咧的样子:不咧那么~,认真些!
耍娃娃	ʂua3 va va	不懂事的小孩子:是个~么,计较啥呢。
耍嘴皮子	ʂua3 tsuei3 pʰi tsɿ	油腔滑调、说空话:一天刚知道~,活没干多少。②说俏皮话:这些演员~耍得好得很!
挼	ʐua	揉搓:投等我看着噻,可加已经~成个毛衣咧。②折磨:那个娃娃让病给~得没一点灵气咧么。③摆布:谁说是冯家庄有个人让鬼~住咧。《说文·手部》:“~,摧也。一曰两手相切摩也。”《广韵·戈韵》:“奴禾切。委……俗作挼。”
挼搓	ʐua tsʰuɤ	(指对人)折磨。
瓜	kua	幼稚:娃娃~着呢,不咧太计较。②呆、傻:~着啥都弄不成么。
瓜子	kua2 tsɿ	傻瓜。
瓜子儿	kua2 tsɿ3 r	主要指葵花子儿。西瓜子叫“黑瓜子儿”。
瓜倯	kua suŋ	同“瓜子”。
瓜眉失眼	kua mi ʂʅ ȵiæ̃3	智力低下或说话做事异想天开:看上去~的,能行吗?
瓜屄瓜愣	kua2 pʰi kua2 ləŋ5	形容呆、傻的样子:△~,十月嚎着要杏。
呱拉鸡	kua2 la tɕi	野鸡。雉科的一个种类,嘴、脸与眼周的裸露部及腿、趾等均为珊瑚红色,爪子乌褐色,栖于山地和山谷间。
刮	kua2	刮痧:脊背疼咧叫人给你~给一顿。
刮娃娃	kua2 va va	刮宫。
刮木	kua2 mu	马车上用来刹车的木块。
寡	kua	饭菜里几乎没有油水:~汤~水的没个信啥往锅里放。②肚子里没有油水的一种感觉:这一向心里~得很!
挂	kua5	在集市上以低于零售价的价钱购买物品:(做小买卖的)~上些西红柿卖去,看能长些钱嘛。
挂住	kua5 tʂʰu	消化不良。也说“酊住”。
挂红	kua5 xuŋ	指某人有喜事或表现优秀时,旁人(一般为长辈或领导)为他(她)披上大红或色彩鲜艳的被面表示祝贺。
挂瓶子	kua5 pʰiŋ tsɿ	输液:早上我要到卫生所~去呢。
挂马子	kua5 ma3 tsɿ	世纪80、90年代,当地年轻人受港台影视剧影响,称找女朋友为挂马子。
挂门帘子	kua5 məŋ liæ̃ tsɿ	当地婚俗。指举办婚礼时,女方娘家
蜗蜗牛	kua5 kua5 ȵiəu	蜗牛。②旧时对小轿车的称呼。
夸里夸嗒	kʰua li kʰua tʰa	形容机械运转时因松动而发出的声音。
侉子	kʰua3 tsɿ	指语言与本地不同的外地人,当地主要指河南人(含贬义)。
胯子	kʰua3 tsɿ	腰的两侧和大腿之间的部分。
胯子洼	kʰua3 tsɿ va5	胯子的上面或旁边,有关系亲近的意味:成天在领导的~里蹴着呢,把啥事给办不成!
挂搭	kʰua5 ta	联系、交往:你乜办法大,咋么连当官的~上咧。
挂搭子亲戚	kʰua5 ta tsɿ tɕʰiŋ2 tɕʰi5	远亲或硬凑的亲戚关系:~么,你带概不咧管!
花	xua2	(指人)花心、行为不检点:那个人你脸上看不来,实际~得很!
花儿	xua2 εr	花朵。②具有本土地方风味和民族特色的山歌:听说来下几个唱~的着呢。
花脬头	xua pʰɔu tʰəu	花蕾:一场寒流把~都冻跌咧。
花哨	xua2 sɔu	颜色鲜艳繁杂:太~咧不好看。②比喻浮华而不实在:就这么个人,乜还~得很。
花椒	xua2 tɕiɔu	常用的调味香料之一,是花椒树的球形果实,暗红色,内有黑色种子。种子可入药,叫“椒目”。
花卷	xua2 tɕyæ̃3	一种蒸熟的面食,多卷成螺旋状。
花旦	xua2 tæ̃5	戏曲中旦角的一种,扮演性格活泼或泼辣的女子。
花脸	xua2 liæ̃3	戏曲角色的一种,扮演性格刚烈粗暴的人物,必须
花绳绳	xua2 ʂəŋ ʂəŋ	当地人在端午节时用五彩丝线搓制成的细绳子,佩戴在手腕、脚腕、脖颈处,到农历六月初六时再剪下扔掉。
花芯芯	xua ɕiŋ ɕiŋ	花蕊。
花花孝	xua2 xua ɕiɔu5	指死者的孙子及以下辈分的人戴的孝,通常是不穿孝衣,只戴孝帽,帽子上饰以红布条。
花花肠子	xua2 xua tʂʰaŋ tsɿ	各种怪点子:那个人一肚子的~。铧xua24铁制的犁头。
猾	xua	油滑、狡诈:小马那个人~得了不得,你抓都抓不住。《方言》卷十:“凡小儿多诈而狯……或谓之~。皆通语也。”
滑拉拐子	xua la kuεi3 tsɿ	踝骨。
划子	xua tsɿ	块儿:墙上的泥皮淌咧几~。
划不着	xua pu tʂuɤ	不划算。
划不来	xua pu lεi	同“划不着”。
划得着	xua tei tʂuɤ	划算。
划得来	xua tei lεi	同“划得着”。
化心梨	xua5 ɕiŋ li	梨的一个品种。秋末上市,可存放至隆冬,梨肉化为梨水,能治咳嗽。
画张子	xua5 tʂaŋ2 tsɿ	印制的年画儿或张贴画儿。
画杠杠	xua5 kaŋ5 kaŋ	本义为划直线,比喻确定一个类别界限:这一回集资房不知道咋么~呢。
划拳	xua5 tɕʰyæ̃	猜拳。是指双手同时伸出手指各说一个数,谁说的数跟双方所出手指的总数相符,谁就算赢。
拨摆	pɤ2 pεi3	摆布:你总有脑子呢么,就听人的~着呢!
脖套	pɤ tʰɔu5	套在脖子上取暖的圆筒形状的纺织品。
薄	pɤ	与“厚”相对。~~一本书几天就看完咧!②浅薄:你看你~吗,不就是领导来咧么!③价值小:拿这么一点东西,怕是有点~。④土地贫瘠:除咧几分~田,再没有个啥咧!
薄苫苫	pɤ ʂæ̃ ʂæ̃	形容物品非常薄的样子:这~的,冬里能给用?
簸	pɤ3	用簸箕颠动米粮,扬去糠秕和灰尘。
簸治	pɤ3 tʂʅ	想着法整治某人:等过两天叫我把他~一下!
簸箕	pɤ3 tɕi	用竹篾、柳条或铁皮制成的器具,三面有边沿,一面敞口,用来簸粮食、撮垃圾或暂时盛东西。
泼	pʰɤ	有力气、有毅力:这个小伙子弄啥去~得很。②豁出去、拼命:看来要~住着弄呢!③猛力倒水使散开。
泼布	pʰɤ2 pu5	从旧的衣服、被褥上拆剪下来的做其他用途的布。
泼实	pʰɤ2 ʂʅ	干活踏实、不惜力气:~娃娃走着哪搭都好着呢。②待人大方:他二姨到底还是~,洋芋一给就是几十斤。
泼散	pʰɤ2 sæ̃5	当地习俗。指逢年过节或上坟时,将家中带来的食物抛撒在空中或土地上,以示对神鬼的敬畏和对死者的纪念。
泼泼溢溢	pʰɤ2 pʰɤ iæ̃3 iæ̃3	形容将液体洒得到处都是:端上个碗~的,你总小心着呢么!
泼烦	pʰɤ2 fæ̃	烦恼:这一向心里~得连啥一样,那达有心思做活呢唦。②烦人,厌烦。定定蹴着,再不咧~人。
坡檩	pʰɤ2 liŋ3	放在斜坡屋顶当中的檩条。
破	pʰɤ	碎,不完整。穿得~~烂烂的。②劈开:把这些木头节节~成柴冬里架火。③整的换成零的:谁把这50块钱给~开。④掺、兑:汤药里头~的水太多咧。⑤花费,耗费:~财免灾。⑥揭穿:话说~咧就不好咧!
破五	pʰɤ5 vu3	农历正月初五。民俗之一,这天要将积攒了四五天(从初一开始)的垃圾清理掉。
没鼻擤	mɤ pi ɕiŋ3	没办法、无能为力:看来看去是~!
没屄脸	mɤ2 pʰi liæ̃3	指不要脸或不要脸的人:你~着做那事着呢,真个是个~,赶紧羞死去。
没脾气	mɤ2 pʰi tɕʰi	想发脾气但又没有正当的理由,只好不发脾气:你说乜错咧,乜说乜没错,你还~。
没夜处放光	mɤ2 iε5 tʂʰu faŋ5 kuaŋ	不需要光的时候发光,比喻某人做事只会说空话,没有实际作用。
没防住	mɤ2 faŋ tʂʰu5	没留神,没注意:切菜着呢,~把手给切咧。
没名气	mɤ2 miŋ tɕʰi5	做事能力不足,缺少魄力:你看你做啥真~,看人家咋弄着呢。
没眉眼	mɤ2 mi ȵiæ̃3	指没眼色或没眼色的人:我都这么个样子咧,乜还~着泼烦人呢,真个是个~。
没手揄	mɤ2 ʂəu3 təu5	没办法:事情到这一步天地,真个叫~咧。
没说	mɤ ʂuɤ	不说:明儿个还上班呢,~把那睡早些,刚抱下个电视看着呢。②与“还”相连构成关联词,表“不但不”:人落着难处咧,~拉上一把,还给人使绊子呢。
没来头	mɤ2 lεi tʰəu	形容人老成本分:那是个~的人,你不咧怕咧。
没戏唱	mɤ2 ɕi5 tʂʰaŋ5	没办法做某事:你把电脑抱着去,我看~咧。
没枣儿捞	mɤ2 tsɔu3 εr lɔu	同“没戏唱”。②没什么好处能得到:一看~咧,转身就溜咧!
没是	mɤ2 sɿ	不行:你说能成吗不能成,让我说两个字:~。②没希望:想睡个好觉怕是~咧。
没娘娃	mɤ2 ȵiaŋ va	孤儿或失去母亲的孩子:那个娃娃是个~,可怜得很。②戏谑语,常指妻子较长时间不在身边的男人:你看你个~,到咧黑来就胡转着呢。
没相	mɤ2 ɕiaŋ	(人)不行、差劲:这个人做啥去都~。②(事情)没指望:我看这个事怕是~咧。
没治	mɤ2 tʂʅ5	没办法(做):人家这么弄,你还~。
没咧	mɤ2 liε	要不然:~我不去咧,你去。②死亡:他大舅夜黑来~。
没眼看	mɤ2 ȵiæ̃3 kʰæ̃5	事情弄得很糟而无法接受:几个娃娃把房里整咧个~。
没料意	mɤ2 liɔu5 i5	没有料想,意料之外:~乜能给出一回国。
没音道	mɤ2 iŋ tɔu5	不真实,没有事实依据:~的事再不咧到处乱说咧。
没惯病	mɤ2 kuæ̃5 piŋ5	(对人或事)不讲情面、不姑息迁就:叫我~地给训咧一顿。
没做上的咧	mɤ2 tsu5 ʂaŋ ti liε	表示拒绝(含贬义)。也说“没干的咧”、“没弄的咧”、“没谝的咧”。
没干的咧	mɤ2 kuæ̃5 ti liε	同“没做上的咧”。
没弄的咧	mɤ2 nuŋ5 ti liε	同“没做上的咧”。
没谝的咧	mɤ2 pʰiæ̃3 ti liε	同“没做上的咧”。
沫沫子	mɤ2 mɤ tsɿ	泡沫:这个洗衣粉怕是不好,洗去没一点~。
末末孙	mɤ2 mɤ suŋ	未出五服的重孙的儿子。
磨	mɤ	磨擦:上咧一回山,脚上~咧几个大泡。②用磨料磨物体使光滑、锋利或达到其他目的:刀子老咧要~咯呢。③磨蹭:你好好~着,看作业啥时候写呢。④折腾、消磨:大人的性子叫娃娃给~光咧。⑤消耗时间,拖延:公家的活,慢慢~,做得多咧划不着。
磨牙	mɤ ia	一种生理现象,熟睡时上下牙关相磨:晚上~呢,怕是消化不良。②因某人或某事需多费口舌:这个人~得很,让人一点办法都没有。③唠叨:人都忙着呢,你一傍个~去。
磨洋工	mɤ iaŋ kuŋ	指某人在工作、劳动时磨磨蹭蹭,不好好干活。
馍馍	mɤ mɤ	蒸的馒头、花卷或烙的面饼等的总称:吃上些~先压个饥,一阵阵儿就吃饭。
末	mɤ3	粉末状:你把肉切得太~咧,吃去没有肉味咧。
末末子	mɤ3 mɤ tsɿ	粉末:拉上些~炭,烧锅用。
末子炭	mɤ3 tsɿ tʰæ̃5	粉末状的煤。
抹脖子	mɤ3 pɤ tsɿ	割颈部自杀。
耱	mɤ5	平整土地用的一种农具,长方形,用藤条或荆条编成。功用和耙差不多,通常在耙过以后用耱进一步平整土地,弄碎土块。
磨道	mɤ5 tɔu	驴推磨时围绕磨盘踏出的环形道路。
磨课钱	mɤ5 kʰuɤ5 tɕʰiæ̃	磨面后付的加工费。
佛	fɤ	对佛教创始人释迦牟尼的简称,也是佛教徒对修行圆满的人的称呼。
渥	vɤ2	长时间地浸泡,使起变化:雨水放到窖呢要~过咧才能用。《广韵·觉韵》:“於角切。霑濡。”
踒	vɤ2	人的筋骨受外力而挫伤:夜来黑来把脖子~咧,今早上难受得很。《说文·足部》:“足跌也。”《广韵·戈韵》:“乌禾切。躅也。”
踒枕	vɤ2 tʂəŋ3	落枕。
捼	vɤ2	手用力使物体弯曲:用细钢筋~上个脸盆架子。《广韵·灰韵》:“乃回切。手摩物也。”
窝	vɤ2	待在某一地方不出声或不动弹:你悄悄~着,看他都能干啥。窝窝vɤ213vɤ24棉鞋:娃娃出满月恰,给送上一双虎头~。
窝窝子	vɤ2 vɤ tsɿ	日常生活工作的地方:乜把乜住的个~打扫得还干净。②职位、位置:这一下干部调整呢,怕是给你有个~呢。
窝囊	vɤ2 naŋ	指人无能、怯懦:在有些事情上你不能太~。②生活环境零乱、肮脏:住下个房里~着不能说。
窝囊废	vɤ2 naŋ3 fei5	指无能、怯懦的人。
窝囊气	vɤ2 naŋ3 tʰɕi5	因无能、怯懦而受气。
窝里窝囊	vɤ2 li vɤ2 naŋ	胆小怕事、不擅长交际。
窝里佬	vɤ2 li lɔu	胆小、内向、老实之人。
喔	vɤ	吆喝牲口的声音。
窝业	vɤ ȵiε	(人)舒服、好:这一向~着呢么?这几天感觉身上不~得很!②(事情)圆满结束:事情弄~咧吗?
折	tʂɤ	(液体)倒过来倒过去:水太烫咧,叫~给一下咧再喝。②(将剩饭剩菜)集中在一起:把桌子上碟子里的剩菜都~着塑料桶里,拿着回去喂猪去。
折子	tʂɤ2 tsɿ	存折。
折子戏	tʂɤ2 tsɿ ɕi	只演出全本中可以独立的一段情节的戏曲。
折过	tʂɤ2 kuɤ	回头:我喊咧一声,乜~看咧一眼。②反过去:你不晓~问他么。
折倒	tʂɤ tɔu	不得已而中途结束:戏还没演呢咋么就~咧?②收拾:赶紧~咧,领导来咧。
折尺	tʂɤ2 tʂʰʅ	可以折叠的尺子,多为木制,为木匠所用。
遮辩	tʂɤ2 piæ̃5	顶嘴、辩解:我说着呢,乜还~得忙得很!
褶褶子	tʂɤ2 tʂɤ tsɿ	衣服、布匹、纸张上经折叠而留下的痕迹。②脸上的皱纹:人不到40呢,脸上的~满咧。
折顺	tʂɤ3 ʂuŋ5	把事情弄得有条理、有头绪:生意刚开始就是不好做,等~咧就好咧。
折拐子	tʂɤ3 kuεi3 tsɿ	当地流行的一种纸牌游戏。也说“掀牛”、“抹花花子”、“砍牛腿”。
折	tʂɤ5	别扭、不顺溜:这个毛衣穿着你身上,咋这么~。
折折巴巴	tʂɤ5 tʂɤ pa pa	形容干活做事不顺手,不熟练。
着	tʂɤ	介词。用于动词之后,表示动作的方向或处所,相当于“到、在”:把洗下菜的水倒~花园子呢去。/站~高头往下跳,还是有些害怕。②语气词,用于祈使句末尾,表提醒或警告,相当于“呀”:小心把娃娃的头碰咧~。/自己的事情自己操心~,不咧靠旁人。/你再耍赌博,小心叫警察抓咧~。③表有所待,常与“等”搭配,相当于“吧”:等卫生搞罢咧~。/你们要走那达等我回来咧~。④动态助词。用于动词或形容词之后,表动作、状态的持续:走~看~,西瓜不甜不要钱。/放~太阳坡里好好晒一下。/身上热~起咧红疹子咧。/酱下的牛肉老~咬不动。
着呢	tʂɤ ȵi	语气词,用于陈述句或疑问句末,表动作或情况正在继续:连明昼夜地往来赶~。/你做啥饭~?/你买下的基金是赚~还是赔~?
车子	tʂʰɤ tsɿ	自行车。
车车子	tʂʰɤ tʂʰɤ tsɿ	同“车子”。
车轱辘子	tʂʰɤ2 ku lu tsɿ	侧手翻。
车马店	tʂʰɤ ma3 tiæ̃5	旧时供车马停放、车夫住宿的旅店,一般设
车脚子	tʂʰɤ tɕyæ̃ tsɿ	人力车或马车、牛车的轱辘。
扯呼	tʂʰɤ3 xu	打呼噜。
扯屄溜谎	tʂʰɤ3 pʰi liəu5 xuaŋ3	撒谎。
扯磨	tʂʰɤ3 mɤ3	聊天儿(侧重于说正经事儿)。
扯面	tʂʰɤ3 miæ̃	西北的一种面食。用拉扯的方法做成宽条状的面食。
扯闲磨	tʂʰɤ3 ɕiæ̃ mɤ3	聊天儿。有时是说话双方为掩饰说话内容而顺口搪塞问话人:你们两个说啥着呢?~着呢。
扯展	tʂʰɤ3 tʂæ̃3	尽力,放开手脚:~弄咧一顿,没个结果你说咋办?
扯心	tʂʰɤ3 ɕiŋ	操心、挂念:家里老太太再谁不~,就~下个你。
扯纤	tʂʰɤ3 tɕʰiæ̃5	丧俗。指将数丈长的白布绾在棺材两边,由孝子们并排牵着送葬。
撤活	tʂʰɤ3 xua	走开、离开:赶紧~,迟一点就走不起身咧。
扯淡	tʂʰɤ3 tæ̃5	胡说些无聊的话。
彻炕	tʂʰɤ3 kʰaŋ	指空气流通很好的火炕:上房里盘咧一个大~。
掣角子	tʂʰɤ5 tɕyɤ tsɿ	长方形或正方形的框角不正。
折本	ʂɤ pəŋ3	赔本、亏本:那人奸得连啥一样,~的生意人家能做?
折秤	ʂɤ tʂʰəŋ5	货物重新过秤时因损耗而分量减少,或货物大宗称进,又零星称出而分量减少。
折耗	ʂɤ xɔu	物品或商品在制造、运输、保管等过程中数量上的损失:这一趟跑新疆,~下的还没算进去。②人员伤亡:这一仗~咧不少人!
折手	ʂɤ ʂəu3	掌纹横贯手掌的手。
折手子	ʂɤ ʂəu tsɿ	有折手掌纹的人。
折腰子	ʂɤ iɔu tsɿ	弯梁的(自行车或摩托):乜骑下一个~摩托兜风着呢。
舌头尖尖	ʂɤ tʰəu tɕiæ̃2 tɕiæ̃	舌尖儿。
蛇虎子	ʂɤ xu tsɿ	壁虎。
社火	ʂɤ5 xu	民间一种庆祝春节的传统庆典活动。具体形式有高跷、旱船、舞狮、秧歌等。
热眼	ʐɤ2 ȵiæ̃3	眼热、羡慕,看见好的事物而希望得到:看见人家
热疹子	ʐɤ2 tʂəŋ tsɿ	痱子。
热剩饭	ʐɤ2 ʂəŋ5 fæ̃	比喻重复已经说过的话或做过的事,没有新
惹	ʐɤ	得罪:这就是个~人的事么。②传染:行为不检点,~咧一身病。③引来,得到:一句话说得不好,~咧一尻子臊。
惹人	ʐɤ3 ʐaŋ	得罪人:~的事净让我干咧!②讨人喜欢:一个碎人人,~得很!
胳肘子	kɤ2 tʂau tsɿ	胳膊肘儿。
胳臂	kɤ2 pei	胳膊。
圪蹴子	kɤ2 tsau tsɿ	身体蜷曲。
圪搅	kɤ2 tɕiɔu	干扰:只要是他在里头不咧~咧,就啥事没有。圪叭叭kɤ213pa53pa24清脆的响声:手指头捏得~地。
疙瘩马勺	kɤ2 ta ma3 ʂuɤ	形容不平整的样子。
疙瘩拌汤	kɤ2 ta pæ̃5 tʰaŋ	形容吃下去的东西使人不舒服。
圪搂	kɤ2 lau5	在别人身上抓挠,使发痒:你再不咧~我唦!圪搂洼kɤ213lau24va44腋窝。
圪蚤	kɤ2 tsɔu5	跳蚤。
圪拧拧	kɤ2 ȵiŋ3 ȵiŋ	形容老年人尤其是小脚老太太走路颤颤巍巍的样子。
圪扎扎	kɤ2 tsa3 tsa	(声音)刺耳。
圪栽栽	kɤ2 tsεi3 tsεi	(走路)不稳当。
旮旯	kɤ2 lɔu	角落。
歌子	kɤ2 tsɿ	歌曲。
圪棱	kɤ5 laŋ	路面或路面上的土、冰雪受车辗压形成的起伏不平的形状:一个~连着一个~,难受得很。
硌癊	kɤ5 iŋ	使人厌恶不舒服:刚抓咧一把癞呱子,心里头到这一阵子还~着呢。②因为感到不吉利而心神不安:夜来黑咧做咧个黠睡梦,今儿个就~得很。
个张	kɤ5 tʂaŋ	个头儿:这个娃娃再没长下个啥,就~长咧个大。
可	kʰɤ2	又:你咋么~来咧。
可加	kʰɤ tɕia	已经:等我跑着来噻,火着得~劲大咧。
壳郎	kʰɤ2 laŋ	胸腔:~里难受的。
克里麻嚓	kʰɤ2 li ma tsʰa	形容非常麻利、利索的样子。
我	ŋɤ3	自己,第一人称代词。
喝里倒腾	xɤ2 li tɔu3 tʰəŋ	形容脚步重而嘈杂或重物倒下的声音。
蛤蟆圪奏子	xɤ ma kɤ2 tsəu tsɿ	蝌蚪。
撆	piε2	打:娃娃逃学呢,让大人拉住给~咧一顿。《说文·手部》:“~,别也。一曰:击也。韵会作去也,一曰拂也。”
憋	piε	抑制或堵住不让出来:气~住我给你捶背。②有委屈或烦恼而不能发泄:这个事情让人~咧一肚子气!③鼓、胀、撑:再不敢装咧,袋子~破咧。
憋眼核儿	piε2 ȵiæ̃3 xu r	指眼球向外几乎突出眼眶的人。
鳖子	piε2 tsɿ	一种扁状的金属制容器,颈细口小,形状似鳖,配有背带,携带方便。②量词。把一~子水唱得光光的!
鳖囊	piε2 naŋ3	无能、软弱:你咋么这么~唦!
别	piε	撬:钥匙撂咧,只好把门~开咧。
蹩	piε5	来回跳跑:牙疼得人~仗子呢。/啥事都没弄成,刚~咧趟子咧。
迸	piε5	裂开:瓜太熟咧,都~开口子咧。
潎	pʰiε2	从液体表面上轻轻地舀:煮肉等水开咧时先要把血沫子~给一下。《广韵·薛韵》:“芳灭切。漂潎,又匹蔽切。”唐代文献作“撇”。
撇溢溢地	pʰiε2 iæ̃3 iæ̃ ti	形容敞口容器里的液体非常满,好像马上要流出似的。
谝	pʰiε2	吹牛皮:那个人再做啥不行,~可咧攒劲厉害得很。《广韵·狝韵》:“巧佞言。”
谝子脓	pʰiε2 tsɿ nuŋ	吹牛说大话的人:你真是个~。
撇	pʰiε	扔、掷:把那个枕头给我~过来。②掉价、跌份:你个名牌大学生,做这个事真个是~咧。
撇溢子碗	pʰiε3 iε tsɿ væ̃3	碗口像喇叭一样的敞口碗。
明儿	miε εr	明天。
明儿个	miε εr kɤ	同“明儿”。
跌	tiε2	遭遇:天不下雨,就要~年馑。
跌	tiε2	掉落:手里的东西拿好,小心~咧着。
跌绊	tiε2 pæ̃	想尽一切办法达到目的:好不容易~咧个工作,
跌死绊活	tiε sɿ3 pæ̃5 xuɤ	形容决心很大,不惜牺牲一切:~地弄着来的钱,难道说没有就没有咧?
咥	tiε	吃:见咧羊肉就要美美地~一顿。《广韵·屑韵》:“徒结切。啮也。《易》云:‘覆虎尾,不咥人。’”
咥活	tiε xuɤ	指男女性交。
咥实活	tiε ʂʅ xuɤ	干实事。
嗲咧咧	tiε2 liε liε	娇气,撒娇:见咧他爸爸就一下子~着不行咧!
揲	tiε	打:说错咧一句话,就让人家~咧一顿。②难住(某人):这么一点碎事情就把你给~住咧,能做啥!也说“揲挂”。
揲挂	tiε kua	同“揲”②。
碟碟子	tiε tiε tsɿ	碟子。
贴	tʰiε2	损失、亏本:他今年生意做得不顺,~得劲大(厉害)咧。
贴眼药	tʰiε2 ȵiæ̃3 yɤ	指打小报告或用言语中伤别人:有人给~呢,有啥办法呢!
铁砖	tʰiε tʂuæ̃	烧过火候的砖。
铁锈红	tʰiε2 ɕiəu5 xuŋ	像铁锈一样的暗红色。
腆	tʰiε5	凸出或挺起(胸、腹):那个妇人~下个大肚子,你能让她做个啥?
铁锨	tʰiε5 ɕiε	铁锹。
裂子	liε tsɿ	皮肤皴裂后的小口。
捩	liε	拧、扭转:胳膊给能~过大腿。②扭伤:狗娃媳妇把胳膊~咧,不能做饭。《广韵·屑韵》:“练结切。拗捩,出《玉篇》。”
趔	liε5	身体歪斜以躲让:~一下,~一下,乡长来咧。
咧	liε	(助词)了,表时态。他来咧就让他坐下。②(语气词)了。这个事情还没办法咧!
结	tɕiε2	话说结结巴巴:他一着急,就~开咧。
结子	tɕiε2 tsɿ	结巴:听说甘肃有人专门治~的病着呢。
节节子	tɕiε2 tɕiε tsɿ	量词,节:几~电池,能值几个钱!
截截子	tɕiε2 tɕiε tsɿ	名词,截儿:绳子一点也不牢实,一扽全成咧些~。②量词,段。手里头拿下几~绳子。
节头子	tɕiε2 tʰəu tsɿ	蒸的形状如一节一节样的馒头。
羯羊	tɕiε2 iaŋ	阉割过的公羊。
接承	tɕiε2 tʂʰəŋ	接受、承担:你要是把这个事情~下咧,你就不咧来找我!
今儿	tɕiε εr	今天。
今儿个	tɕiε εr kɤ	同“今儿”。
杰物	tɕiε vɤ	不同于一般人的人(含贬义):咋么养咧这么个~,害死人咧!
解手	tɕiε3 ʂəu3	解大小便。
芥末	tɕiε5 mɤ	调味品,芥子研成的粉末。
芥末油	tɕiε5 mɤ iəu	调味品,芥子榨出的油。
衔	tɕʰiε	用嘴叼着:喜鹊~咧些柴柴垒咧个窝。
揭	tɕʰiε	肩扛、背负:一麻包东西手提上吃力得很,你还是~上好。起来tɕʰiε53lεi21起立。
且莲	tɕʰiε3 liæ̃	苤蓝。
笡	tɕʰiε5	本义为倾斜,可引申为依靠、安放等义:盆里水少,~一下就能洗手咧。/他那个人,~个坡坡就溜咧。/娃娃吃奶睡着咧,~到炕上叫睡好。《广韵·祃韵》:“迁谢切。斜逆也。”
苶	ȵiε2	疲倦,精神不振:这个娃娃今儿个咋不对,看上去~耷耷地。《广韵·帖韵》:“奴协切。病劣貌。庄子曰:‘苶然,疲役。’”
镍	ȵiε2	多指铁制品、木器氧化腐蚀,腐朽:炉筒子受咧潮全~咧。
业已	ȵiε2 i3	已经:~成咧这么个,再说后悔话有啥用呢!
孽障	ȵiε2 tʂaŋ5	可怜:看那个老汉~嘛。
捏下的撮撮	ȵiε2 xa ti tsuɤ3 tsuɤ	暗地里早就定好的:这一次分房子,都是领导~。
捏住鼻子就气	ȵiε2 tʂʰu5 pi tsɿ tɕiəu5 tɕʰi5	比喻勉强维持。
乜	ȵiε	人家:~说咧这不是他的事!
乜们	ȵiε məŋ	他们。
乜家	ȵiε tɕia	别人家:~又没说啥,你急啥呢!
乜贴儿	ȵiε3 tʰiε r	施舍的钱物(回民用语)。
暍	ɕiε2	靠近火(使)烤:麦草摞着火咧,~得人不能到跟前去。《广韵·月韵》:“于歇切。伤热。”
歇汤	ɕiε2 tʰaŋ	婚俗。指送亲的娘家人在吃宴席之前,到婆家吃面、休息。
揳	ɕiε2	把楔子、钉子等锤打到物体里面:给窗子~上几个钉子就紧成咧。
些许	ɕiε2 ɕy	稍微:~往左移一下。②一点儿,少许:给也是个~么,不可能都给么。
血沫子	ɕiε2 mɤ2 tsɿ	煮肉时漂在肉汤上面的沫子。
血丝糊拉	ɕiε2 sɿ xu la	血肉模糊,到处都是血迹。
血水水子	ɕiε2 ʂuei3 ʂuei tsɿ	血水。
邪风打咧	ɕiε fəŋ ta3 liε	中风。
斜王旁	ɕiε vaŋ pʰaŋ	汉字的偏旁名称,如“珍、现、瑶”等字的左偏旁。
斜斜子	ɕiε ɕiε tsɿ	不端正:墙上~挂下一幅画。
斜眼子	ɕiε ȵiæ̃ tsɿ	眼睛先天性斜视之人。
斜抽马道	ɕiε tʂʰəu2 ma3 tɔu5	形容不端正、歪斜的样子。
谢火	ɕiε5 xuɤ3	去火。也说“败火”。
谢顶	ɕiε5 tiŋ3	头顶脱发。也说“旋顶”。
挹	iε	舀、灌:要停水咧,给水缸里把水~满。②拖、拉、牵引:让人~上耍去咧。《说文解字注》:“挹彼注兹。”
噎	iε	食物堵住食管。②说话顶撞人或使人受窘没法接着说下去:你这个话~人得很!
噎食病	iε2 ʂʅ piŋ	食道癌。
叶子麻	iε2 tsɿ ma	形容某人做事手段强硬(含贬义):这个人~得了不得。
叶子客	iε2 tsɿ kʰei	做事手段强硬之人(含贬义):这一下看去是遇上~咧。
爷爷	iε iε	祖父。
爷父几个	iε fu tɕi3 kɤ	父亲或父辈与子女辈几个人:~一搭里走咧。
野	iε3	到外面游逛:整天不着家,在外面~着呢!
野鸡	iε3 tɕi	同“呱啦鸡”。
野狐子	iε3 xu tsɿ	狐狸。
野晃晃	iε3 xuaŋ xuaŋ	形容某人个子长得非常高:乜家的个儿子长得~地。
夜饭	iε5 fæ̃	晚饭,夜宵:~少吃多安然。
夜蹩虎	iε5 piε5 xu	蝙蝠。
夜儿个	iε5 εr kɤ	昨天。也说“夜来个、夜呢个”。
夜呢个	iε5 ȵi kɤ	同“夜儿个”。
夜黑来	iε5 xei lεi	昨天晚上。
夜猫子	iε5 mɔu tsɿ	比喻喜欢晚睡的人。
厾	tuɤ2	用指头或细棍点击(头):娃娃不听话,叫我给~咧几指头。《说文·殳部》:“,椎击也。”《广韵·觉韵》:“竹角切。,打也。”现在一般写作“厾”。
厾戳	tuɤ2 tʂʰuɤ	嫌弃:碎时候让人~着不得行。
剟	tuɤ2	用针刺:给手腕子上~咧个“忍”字。
剟花儿	tuɤ2 xua εr	刺绣:现在的女娃娃会~的没几个咧。
躲奸溜滑	tuɤ3 tɕiæ̃ liəu5 xua	形容贪图安逸,逃避应做的事。
托付	tʰuɤ2 fu3	委托。
溻	tʰuɤ	衣服、被褥等被汗湿透:天闷得很,汗把衬衣~得透透地。②热敷:膝盖肿着呢,拿热毛巾~给下。③受潮、受寒:不咧往潮处坐,小心把人~坏咧。
脱	tʰuɤ2	用在动词后面,表示起、起来、开、开来等意义:酒喝着二浪里,乜还给咱们唱~咧。
脱色	tʰuɤ2 sei	褪色。
脱胡墼	tʰuɤ2 xu tɕi	和泥后用模子制作土坯:明儿早上就开始~,麦子割倒盖个牛苫子。
脱底子	tʰuɤ2 ti3 tsɿ	容器的底掉了:里头装得太重咧么,箱子~咧。
脱圈子	tʰuɤ tɕʰyæ̃ tsɿ	物品的底掉了,只留下一个圈:草帽子成咧
个	~,	赶紧撇咧去。
坨子	tʰuɤ tsɿ	圆形的块儿:切上几~萝卜吃。②液体浸湿布料留下的不规则的圆形痕迹或皮肤瘀血的痕迹:西瓜水淌着衬衣上留下咧几~,洗也洗不净。/我一看,啊哟,身上一~青一~红得么!
坨坨	tʰuɤ tʰuɤ	同“坨子”。
恶水	nuɤ2 ʂuei3	泔水、污水。
恶水叭唧	nuɤ2 ʂuei3 pia2 tɕi	形容脏污不堪的样子。
饿死鬼	nuɤ5 sɿ kuei	詈语:你看你连~转世下的一样,没见过吃的。
饿鬼拔肠子	nuɤ5 kuei3 pa tʂʰaŋ tsɿ	詈语。指食欲旺盛吃喝之事常挂嘴边之人。
恶心	nuɤ ɕiŋ	有要呕吐的感觉:这一阵子~得很!②让人厌恶:做下的事让人~死咧!
恶风暴雨	nuɤ fəŋ pɔu5 y3	暴风骤雨。
蛾蛾	nuɤ nuɤ	对蛾子和蝴蝶的统称。
落草	luɤ2 tsʰɔu3	指人死后未入殓前,尸体停放在铺有干草的地上。
落脚	luɤ2 tɕyɤ	归宿、下场:行咧一辈子的善,~还算可以。
烙	luɤ	用烙铁烫,使衣服平整。②把生的面食放在锅里加热变熟。
烙炕	luɤ2 kʰaŋ5	烧热的炕:冬里有一坨坨~就享福得很!
烙铁	luɤ2 tʰiε	烧热后可以烫平衣服的铁器,底面平滑,上面或一头儿有把儿。也说“熨斗”。②焊接时熔化焊锡用的工具,一端有柄,另一端为紫铜制成的头,有刃。
罗儿	luɤ εr	一种器具,在木框或竹筐上张网状物,用来使细的粉末或流质漏下去,留下粗的粉末或渣滓。②椭圆形的手指纹。
罗儿簸箕	luɤ εr pɤ3 tɕi	形容忙乱而费劲:一下子~地,不知道咋么弄去好!
瘰	luɤ3	(人的穿戴或面貌)不精神:这个人这一向看上去咋这么~么!
瘰怜	luɤ3 liæ̃	艰难:日子过得~得很!②可怜:你还嫌我不够~吗?③累赘、麻烦:赶紧打发着叫走,时间长咧都是你的~。
摞	luɤ5	垒。也说“码”。
摞摞	luɤ5 luɤ5	将未打碾的粮食捆堆成垛。
摞摞	luɤ5 luɤ	很多层挨在一起。
摞摞报	luɤ5 luɤ pɔu5	啄木鸟。
做假	tsuɤ2 tɕia3	客气:不咧~,就连到自己家里一样,好好吃。凿子tsuɤ24tsɿ21挖槽或穿孔用的工具。
左	tsuɤ	指为人处世行为过激:那个人弄啥去~着呢!②指某人歌唱时跑调唱不准:我嗓子~着呢,唱歌去不行!
左傍个	tsuɤ3 paŋ kɤ	左边:你往~让一下,我就能过去咧。
左撇子	tsuɤ3 pʰiε2 tsɿ	习惯于用左手拿握工具的人。
左首里	tsuɤ3 ʂəu ȵi	左边。
撮子	tsuɤ3 tsɿ	量词:到菜园子里拔上一~香菜去!
坐	tsuɤ5	砌墙时放泥或砂浆:先把泥~上咧再放砖头。
坐蜡	tsuɤ5 la	喻指承诺某人的事情没有办理或办得一团糟:说得好好儿的事你看~咧。
坐席	tsuɤ5 ɕi	参加酒宴。
坐草	tsuɤ5 tsʰɔu3	为亡者守灵。
坐坐子	tsuɤ5 tsuɤ tsɿ	小凳子或小椅子。
坐月子	tsuɤ5 yɤ tsɿ	妇女产后的第一个月。
搓澡	tsʰuɤ2 tʂɔu3	洗澡时搓去皮肤上的污垢。
搓板子	tsʰuɤ2 pæ̃3 tsɿ	搓洗衣服的板:塑料做下的~不太好,时间
撮	tsʰuɤ2	动词,用锹或簸箕把东西聚在一起。
矬	tsʰuɤ	矮、短:你赶乜~下一截子么。
矬子	tsʰuɤ tsɿ	指身材矮小的人(含贬义):那是个~,给能打个篮球。
错	tsʰuɤ5	差一点、险些:你看危险吗,~一点点儿就让车给碰咧。
错胡	tsʰuɤ5 xu	处理事情不合适,做法不正确:你这个人到底~得劲大么!也说“错板”。
错板	tsʰuɤ5 pæ̃3	同“错胡”。
错牙叉	tsʰuɤ5 ia tsʰa	本义指牙齿咬合有问题,引申为物品不能闭合或情况不吻合:这两扇门~着呢,关不严。/你说的~着呢,对不上号!
错腾	tsʰuɤ5 tʰəŋ	安排、处理:借钱的事,你给看着~一下。
嗍	suɤ2	吮吸:月嘎子(未满月的婴儿)~着奶头睡咧个香。《广韵·说韵》:“所角切。口噏也。”
缩水	suɤ2 ʂuei3	布料、衣服浸泡后收缩。
索索子	suɤ2 suɤ tsɿ	指物体细碎成一缕一缕的样子:旗旗子让风撧成~咧。
索里贯串	suɤ li kuæ̃5 tʂʰuæ̃5	物品一缕一缕显得很乱的样子:哎呀,床上摆的~的,烦死人咧!
锁子	suɤ3 tsɿ	锁:这个~的质量还可以。
锁边机	suɤ3 piæ̃2 tɕi	将布料的毛边用线缝合使不再掉线头儿的机器。
桌桌子	tʂuɤ2 tʂuɤ tsɿ	桌子。
着忙	tʂuɤ maŋ	着急:人一~,就胡说开咧。②赶紧。~走,去迟咧人家说呢。
着急扒忙	tʂuɤ tɕi pa maŋ	同“着忙①”。
着气	tʂuɤ tɕʰi5	生气:他这么做事情,我就~得很!
拙	tʂuɤ5	手脚因受冻而不灵活、僵硬:天太冷咧,把人脚都冻~咧。
捉鳖	tʂuɤ piε2	一种棋类游戏。
戳	tʂʰuɤ2	用力使长条形物体的顶端向前触动或穿过另一物体。
戳捣	tʂʰuɤ2 tɔu3	挑拨、挑动:都是你从中间~地来。
戳黑拐	tʂʰuɤ xei2 kuεi3	背地里行贿:肯定有人给~咧。
戳弄是非	tʂʰuɤ2 nuŋ5 sɿ5 fei	搬弄是非。
戳三捣四	tʂʰuɤ sæ̃2 tɔu3 sɿ5	挑拨离间,制造矛盾。
□剥	tʂʰuɤ3 pɤ	撕扯某人的外衣,引申为打(人):你不咧讨厌,小心有人~你。
□脸	tʂʰuɤ3 liæ̃3	生气拉下脸:动不动就给人~,谁欠你的咧!
说	ʂuɤ	说话。②较委婉的批评:这个事他没弄好,我已经~过他咧。③介绍;说合:给~上个媳妇叫两个人过去!
说媒	ʂuɤ2 mei	指给人介绍对象。
说圪	ʂuɤ2 kɤ	说的话语:嘴里头的~到底多得很!②说法:这个事你总要给我个~呢吧。
说下	ʂuɤ2 xa	约定、预定:这是谁早都~的,不能卖。②说过:这个话好像是谁~的。
说给	ʂuɤ2 kei	告诉:你给他~,就说我骂着呢!
说不成	ʂuɤ2 pu tʂʰəŋ	没法说,有隐情:这个事有个~呢。
说不下	ʂuɤ2 pu xa5	劝说(某人)却听不进:乜旦犟咧,谁咋么都~。
说梦话	ʂuɤ2 məŋ5 xua	睡梦中说话:比喻不切实际、不可能实现的话。
说明叫响	ʂuɤ2 miŋ tɕiɔu5 ɕiaŋ3	打开窗户说亮话,公开声明。
说媳妇	ʂuɤ2 ɕi fu	(给男方)介绍对象。
说诗的	ʂuɤ2 sɿ ti	民间社火表演中说赞词的人。也叫“仪程官”。
说仪程的	ʂuɤ2 i5 tʂʰəŋ ti	典礼中的司仪或社火中说赞词的人。
说话带把子	ʂuɤ2 xua5 tεi5 pa5 tsɿ	指话语中夹杂着粗俗成分。
说话占地方	ʂuɤ2 xua5 tʂæ̃5 ti5 faŋ	指说话人言语涉及面太广太杂,语意刻薄。
说风就是雨	ʂuɤ2 fəŋ tsəu5 sɿ y	比喻不动脑筋,盲目听信别人的传言,未经证实便以讹传讹或采取行动:那个人经常~,你给不知道!②性格急躁,听见了就要行动。乜弄开啥咧急得很,~。
勺勺	ʂuɤ ʂuɤ	小的汤匙。
弱	ʐuɤ	气力小,势力差(跟“强”相对)。②差,不如:连他比你还是~一些。
佮	kuɤ	人与人之间在脾性、爱好等方面合得来:这两个娃娃大相(属相)不~,不能成亲(一种迷信的说法)。②某些事物搭配在一起口感好:萝卜~的就是牛羊肉。《广韵·合韵》:“古沓切。并佮,聚也。”
各到四处	kuɤ2 tɔu5 sɿ5 tʂʰu3	到处:~给人说去咧。
锅刷子	kuɤ2 ʂua tsɿ	洗锅碗用的刷子,用较硬的秸秆扎成。
锅盔	kuɤ2 kʰuei	西北很有特色的食物,一种从鏊子里烙出的厚而大的面饼。
锅头	kuɤ2 tʰəu	锅台。
锅巷里	kuɤ2 xaŋ5 ȵi	锅台上靠近火道口和烟囱的地方。
锅煤子	kuɤ2 mei tsɿ	经柴草、炭末熏烧在锅底形成的黑色粉末状东西。可入药,叫百草霜,能止血止泻。
锅净饱	kuɤ2 tɕiŋ5 pɔu3	喻指将饭桌上的饭菜吃个精光,饭量特别大的人。
个家	kuɤ tɕia	自己、本人。
个家人	kuɤ tɕia ʐəŋ	自己人。
个人	kuɤ ʐəŋ	自己:这纯粹是~一厢情愿。②自己一个人,独自:乜给谁都没打招呼,~坐咧个车就走咧。
果木	kuɤ3 mu	水果。
果丹皮	kuɤ3 tæ̃2 pʰi	用山楂等加工制成的薄片状的、性柔韧、味
馃馃	kuɤ3 kuɤ	油炸的一种食品。一般是在面粉里面放上鸡蛋、蜂蜜,然后用温水和好,做成各式各样的形状,放入油锅炸熟即可食用,口感又酥又脆。
裹肚子	kuɤ3 tu tsɿ	棉袄:伏里天把那个皮~拿出来晒一下。
过世	kuɤ5 ʂʅ5	去世。
过水面	kuɤ5 ʂuei miæ̃	比喻将物品倒手并赚取好处。
过寿	kuɤ5 tʂʰəu5	老年人过生日。
过事	kuɤ5 sɿ5	家里有喜事或丧事,设酒筵招待来宾:这几天家里~着呢,人多得很!
过油	kuɤ5 iəu	一种烹调方法,把切好的肉或菜放在热油里过一下备用。
过油肉	kuɤ5 iəu ʐəu5	用过油后的肉片烹制而成的一种菜肴。
过雨	kuɤ5 y	雷阵雨:本来早就来咧,结果叫~把人挡住咧。
过活	kuɤ5 xuɤ	过日子:没有你,我可咋么~呢。
过节	kuɤ5 tɕiε	矛盾、嫌隙:你两个总没有啥~么?
过干瘾	kuɤ5 kæ̃ iŋ3	用想象或其他物品代替来满足某种嗜好:踢不
过店街	kuɤ5 tiæ̃5 kεi2	固原城中地名,旧为较繁华的商业街。
过岁儿	kuɤ5 tsuei5 εr	(小孩子)过生日。
过后	kuɤ5 xəu	已经过去(表完成):~的事再不咧提咧。②后来(表将来):前头已经说好咧,~再不咧后悔。
壳子硬	kʰuɤ tsɿ ȵiŋ5	有本事,有能耐:那个人~。
壳子软	kʰuɤ tsɿ ʐuæ̃3	没本事,没能耐:事没办成,还是~。也说“壳子不行”。
壳子不行	kʰuɤ tsɿ pu ɕiŋ	同“壳子软”。
磕守守	kʰuɤ2 ʂəu3 ʂəu	因寒冷胆怯或疾病而战战兢兢的样子。
棵	kʰuɤ3	量词(用于植物)。
颗	kʰuɤ3	量词(用于颗粒状的东西)。
颗颗	kʰuɤ3 kʰuɤ	身体或脸上长的即将化脓的痘痘。
拡	kʰuɤ3	用棍棒一类的物件由上至下地打:他不听话,叫他达~给咧一顿棒。《广韵·没韵》:“苦骨切。去也。”
可	kʰuɤ3	整个、全部:~房就听见个你的声音。
嗑	kʰuɤ5	用上下门牙咬有壳的或硬的东西:△~瓜子儿~出臭虫来。
骒马	kʰuɤ5 ma	母马。
喝	xuɤ2	把液体饮料或流质食物咽下去。
喝净	xuɤ2 tɕiŋ5	特指把杯中酒喝干净,没有残留。
劐	xuɤ2	刀尖插入物体后顺势划开,可引申为在拥挤的人群中用手推拨人以达到前行的目的:宰咧羊,把皮剥咧,用刀把肚子~开。/他~开一条路,从人缝里挤咧出去。《广韵·铎韵》:“虚郭切。裂也。”
豁豁	xuɤ2 xuɤ	豁口:乜把头从墙~里展咧出去。②豁嘴:娃娃刚生下来就是个~。③豁嘴的人:那家子连出养咧3个~。
豁牙子	xuɤ2 ia tsɿ	指牙齿掉落要换新牙的小孩:△~,露齿齿,吃咧八担狗屎屎。
豁踅	xuɤ2 ɕyɤ	(装粮食、食品或衣服的袋口)撕裂:再往进塞(东西),怕就弄~咧!
和尚铺	xuɤ ʂaŋ pʰu5	固原地名,位于六盘山山脚下。
和尚领	xuɤ ʂaŋ liŋ3	上衣无领。因和尚的上衣是圆领,故称。
和面	xuɤ miæ̃5	将干面粉加适量的水使之成为面团儿。
和日子	xuɤ ʐʅ tsɿ	请阴阳推算并定下办喜事或丧事的日期:明儿个我连你一搭里找阴阳~走。
河拜	xuɤ pεi3	河堤。
活禮子	xuɤ kʰuæ̃5 tsɿ	活的结。也说“活疙瘩”。
活疙瘩	xuɤ kɤ ta	同“活䙌子”。
活泛	xuɤ fæ̃	灵活,能随机应变:现在这个时代,人不~就没办法生活。
合页	xuɤ iε	由两片金属构成的铰链,大多装在门、窗、箱、柜上面。
合适	xuɤ tʂʰʅ3	符合实际情况或客观要求。
合伙	xuɤ xuɤ3	两人或者两人以上的群体,发挥各自优势,一同去做一些可以给其带来经济利益的事情。
饸饹	xuɤ luɤ	一种面食。通常是将和好的荞面团放在特制的模具里面,加力使面条从模具中直接漏入锅中,煮熟捞出加以佐料配菜即可食用。
火镰	xuɤ3 liæ̃	旧时生火用具,现在本地偏僻的山村仍有使用的。
火钳	xuɤ3 tɕiæ̃3	一种用具,用来把煤块儿夹进炉子,形状像剪刀。
火鞭	xuɤ3 piæ̃	鞭炮。
火气	xuɤ3 tɕʰi	人耐寒的能力:年轻轻的咋么就没~咧。②御寒的物品失去保暖性:这个皮袄二十年咧,早没~咧。
火盆	xuɤ3 pʰəŋ	盛炭火的盆子,冬天放在屋子里取暖。现已从日常生活中消失。
火筷子	xuɤ3 kʰuεi5 tsɿ	铁制的像筷子样的夹煤、拨火的用具。
火急火燎	xuɤ3 tɕi xuɤ liɔu3	形容内心十分焦急的样子。
火石雁般子	xuɤ3 ʂʅ iæ̃5 pæ̃ tsɿ	小型鸟类,嘴赤红色,上体暗灰绿色。
火字旁	xuɤ3 tsɿ pʰaŋ	汉字偏旁名称,如“炕、煤、烘”等字的左半边。
火牙	xuɤ3 ia	由于上火造成的齿龈发炎。
火锅儿	xuɤ3 kuɤ εr	金属或陶瓷制成的用具,锅中央有炉膛,置炭火,使菜保持相当热度,或使锅中的汤经常沸腾,把肉片或蔬菜放在汤里,随煮随吃。现多用酒精、液化气做燃料,也有用电加热的。也说“暖锅子”。
喝睡	xuɤ3 ʂuei	睡梦中发出吆喝声。
喝梢	xuɤ3 sɔu	一种儿童游戏。也说“打尜儿”。
伙房	xuɤ3 faŋ	厨房。
伙伙子	xuɤ3 xuɤ tsɿ	由同伴儿组成的集体:我连他不是一~的。②量词,用于人群:成~往来走着呢。
和	xuɤ	纠集、聚集:~上一帮人把商店给砸咧。②闹腾:这么个结果都是你~得咧。③混合、掺和:给水泥里头再~上些沙子。
和和儿	xuɤ5 xuɤ5 r	轻轻地:自行车上的东西绑好着呢,你~扶上就能行咧。②原封不动,没有变化:做咧一天的作业,晚上检查的时候还~放着呢!
和事头	xuɤ5 sɿ5 tʰəu	挑拨离间使矛盾激化的人:小王是个最大的~。
和搅	xuɤ5 tɕiɔu	扰乱:你不咧~咧,够乱的咧。②厮混在一起:乜整天连几个不三不四的人在一搭里~着呢。
和稀泥	xuɤ5 ɕi ȵi	表示无原则调解或折中。
贺	xuɤ5	祝贺。
贺寿	xuɤ5 ʂəu5	给老年人祝贺生日。
掠	lyɤ2	用扫帚或笤帚在表面轻轻扫动,将杂物汇聚一处。要来人咧,赶紧把院里的杂细~给一下。
掠客的	lyɤ2 kʰei ti	同“宴席头儿”。
掠	lyɤ3	用棍子、鞭子或手掌打:他的嘴犟得不行,让人家~给咧几个批耳子。
觉着	tɕyɤ tʂuɤ	感觉到:我咋么~不对,往后退呢已经迟咧。②见好就收的意思:你~点能成吗。
觉不着	tɕyɤ pu tʂuɤ	感觉不到:你说冷呢,我咋么~。②有得寸进尺的想法:你还~咧!
觉摸	tɕyɤ2 mu3	感觉、觉得:投他~,你怕都吃完咧。
脚巴骨	tɕyɤ2 pa5 ku	跗骨。
脚后蛋子	tɕyɤ2 xəu5 tæ̃5 tsɿ	脚后跟。
脚面梁	tɕyɤ2 miæ̃5 liaŋ	脚背。
脚片子	tɕyɤ2 pʰiæ̃3 tsɿ	脚。
脚掌子	tɕyɤ2 tʂaŋ3 tsɿ	脚接触地面靠前的部分。
脚炒菜	tɕyɤ2 tsʰɔu3 tsʰεi5	形容非常忙的样子:忙得人~呢么!
蕨麻	tɕyɤ2 ma	多年生草本植物,含有维生素及镁、锌、钾、钙元素。具有较高的医疗和营养价值,它有着健胃补脾、生津止渴、益气补血的功能,也称作“人参果”。
钁头	tɕyɤ2 tʰəu	挖土用的一种工具,类似镐。
嚼牙碴	tɕyɤ ia tsʰa	信口胡说,搬弄是非:~的话你少说些。
嚼舌根子	tɕyɤ ʂɤ kəŋ tsɿ	同“嚼牙碴”。
角铁	tɕyɤ tʰiε	角钢,断面是直角形的钢材。
□	tɕʰyɤ2	当地丧俗,指人死亡后不能正常下葬(通常是风水不利等迷信原因),而将尸体暂时存放在土窑中,待以后择好日期再下葬。
缺	tɕʰyɤ5	身体瘦弱,营养不良:这个娃娃~得三根筋连着呢。
虐待	ȵyɤ2 tεi5	用残暴狠毒的手段待人。
削面	ɕyɤ2 miæ̃5	左手托住面团,右手持刀,削成一片一片的,下锅煮熟即可食用。
雪青	ɕyɤ2 tɕʰiŋ	浅紫色。
雪珍子	ɕyɤ2 tʂəŋ tsɿ	霰。
雪里蕻	ɕyɤ2 li3 xuŋ	一年生草本植物,是芥菜的变种,叶子长圆形,花鲜黄色。茎和叶子是普通蔬菜,通常腌着吃。
横躺顺荐	ɕyɤ tʰaŋ3 ʂuŋ5 tɕiæ̃5	横七竖八地躺着。
踅摸	ɕyɤ mɤ	边打量边思考:你乜半天咧我当是~啥着呢,到了是要吃肉呢。②寻找:你在哪搭来,半夜里~着我们来咧。
学前班	ɕyɤ tɕiæ̃ pæ̃2	对接近学龄的儿童进行学前教育的班级。
学生娃娃	ɕyɤ səŋ va va	对学生的通称:~快放学咧,赶紧要做饭呢。
谑	ɕyɤ3	批评:工作没干好,叫领导~给咧一顿。
月婆子	yɤ2 pʰɤ tsɿ	生下小孩未满一月的妇女。
月子里	yɤ2 tsɿ ȵi	生下小孩儿的一月之内。
月娃子	yɤ2 va tsɿ	未满月的婴儿。
月溜娃	yɤ2 liəu5 va	同“月娃子”。
月尕子	yɤ2 ka tsɿ	同“月娃子”。
月城子	yɤ2 tʂʰəŋ tsɿ	固原城中地名,内城与外城之间的瓮城,因像月牙而得名。
约	yɤ2	契约。
药罐罐	yɤ2 kuæ̃5 kuæ̃	药罐儿。②比喻经常生病吃药的人。
药锅子	yɤ2 kuɤ tsɿ	药罐儿。
药面子	yɤ2 miæ̃5 tsɿ	粉状药剂。
药面面	yɤ2 miæ̃5 miæ̃	同“药面子”。
药片片	yɤ2 pʰiæ̃3 pʰiæ̃	片状药剂。
药水水	yɤ2 ʂuei3 ʂuei	液态药剂。
药膏子	yɤ2 kɔu3 tsɿ	药膏儿。
药引子	yɤ2 iŋ3 tsɿ	中药药剂中另加的一些药物,能加强药剂的效力。
越来咧	yɤ2 lεi liε	更来劲儿了:你还越说~。
摆	pεi3	洗衣服时用清水将衣服上的洗衣粉或肥皂沫漂洗干净。
摆刁	pεi3 tiɔu	因某事刁难、为难某人:就这么大一点事,~过来~过去的干啥呢嘛。
摆耧	pεi3 lu	用耧种粮食。
败火	pεi5 xuɤ3	中医指清热、凉血、解毒等:牙龈上火着呢,赶紧吃上些~药。也说“解火”。
牌	pʰεi	对扑克、麻将等娱乐用品的统称。
牌子大	pʰεi tsɿ ta5	给人摆架子。
买主	mεi2 tʂu3	顾客。
卖	mεi5	打碎器皿的戏谑语:这样你看,锅头上的碟子碗叫他~光咧。
卖派	mεi5 pʰεi	卖弄、炫耀:乜拿下个几千块钱的手机给人~着呢。
卖嘴	mεi5 tsuei3	耍嘴皮子,只说不做。
卖鞭杆	mεi5 piæ̃ kæ̃3	喻指拉肚子。
卖扫帚	mεi5 sɔu5 tsʰu	同“卖鞭杆”。
卖尻子的	mεi5 kəu tsɿ ti	詈词,常用来指生活作风不好的女人。
卖屄的	mεi5 pʰi2 ti	卖淫女。
歪	vεi	口舌厉害、不饶人:那家子的个婆娘~得差大。②干某事劲头足、优秀:我们班最~的一个现在在英国留学着呢。
歪歪子	vεi2 vεi tsɿ	形容歪斜的样子。
外前	vεi5 tɕʰiæ̃	外面。
外母	vεi5 mu	岳母(背称)。
外父	vεi5 fu	岳父(背称)。
外后天	vεi5 xəu5 tʰiæ̃	大后天:日子定着~咧,赶紧准备。
带	tεi5	表示动作的进行、状态的持续:乜~说着呢就从车上跳下去咧。
带理不理	tεi5 li3 pu2 li3	不大理睬。
带肚子	tεi5 tu tsɿ	怀着别人的孩子嫁人的女人。②指带肚子生的孩子。
带共	tεi5 kuŋ	总共:~给咧一百块钱,看呢吗花呢?②全然,一概:这个娃娃~不听话咧。
带概	tεi5 kεi5	同“带共”。
带过儿	tεi5 kuɤ5 r	顺便,捎带:这么点碎事情,~就弄咧么,有啥愁的呢!
带个话	tεi5 kɤ xua5	捎个口信:你给他~,就说我不去咧。
代劳	tεi5 lɔu	指在红白喜事上帮忙。
代劳的	tεi5 lɔu ti	指在红白喜事上帮忙的人。
待承	tεi5 tʂʰəŋ	招呼、招待:我到你们家里你拿啥着~我呢。
待客	tεi5 kʰei2	因某事招待来客:乜们家今儿个~着呢,摆咧十几桌。待谅tεi44liaŋ44担待、原谅。
待章	tεi5 tʂaŋ	旧时对理发员的称呼,现几乎不用。
带带子	tεi5 tεi tsɿ	带子。
袋袋子	tεi5 tεi tsɿ	袋子。
嬯	tʰεi2	常指人做某事时愚钝不够利索:你看你吃啥开咧~嘛(言吃相丑恶)!
嬯货	tʰεi2 xuɤ5	吃相丑恶或只知吃而没能力干事的人。
嬯伙伙地	tʰεi2 xuɤ3 xuɤ ti	形容吃东西时狼吞虎咽、姿势不雅的样子。
嬯倯	tʰεi2 suŋ	同“嬯货”。
台板	tʰεi pæ̃	大厨的案板:△狗肉上不了~,上咧~胡跳团。
台架	tʰεi tɕia5	上台的态势:到底是攒劲人,那~就在那儿放着呢么。台台子tʰεi24tʰεi21tsɿ21台阶。
抬	tʰεi	吹捧:你给~上几句,乜就不知道姓啥咧。
抬埋	tʰεi mεi	为长辈料理后事。
抬杠	tʰεi kaŋ5	无理争辩。也说“抬死杠”。
抬死埋活	tʰεi sɿ3 mεi xuɤ	用言语相激,或与熟悉的人互开玩笑。
太	tʰεi5	副词。①表示程度过分。用于肯定句中,置于形容词前:颜色染得~红咧。用于否定句中,既可置于否定词“不咧”之前,也可置于“不咧”之后、形容词之前:人做啥事~不咧张扬咧。/话不咧说得~难听咧。②表示程度极高(用于赞叹):这个事你办得~好咧。③很(用于否定):这两天心里不~舒服。
太太	tʰεi5 tʰεi	曾祖母。
太爷	tʰεi5 iε	曾祖父。
太岁	tʰεi5 suei	传说中神名。迷信者认为太岁之神在地,与天上岁星(即木星)相应而行,掘土(兴建工程)要躲避太岁的方位,否则就要遭受祸害。②肉灵芝。是百药中的上品,典籍记载,太岁性平,苦,无毒,具有补脾润肺,补肾益肝等价值。
额颅	nεi2 lu5	额头。
乃麻孜	nεi2 ma tsɿ	祈祷、礼拜。伊斯兰教五项宗教功课之一。挨齐儿nεi213tɕʰi24εr21挨个儿。也说“挨挨齐儿”。
崖	nεi	山石陡立的侧面。
崖娃娃	nεi va va	山崖上的回音。
挨不住	nεi pu tʂʰu	忍受、经受不住(刺激或伤痛):你
旦	~	咧,你就叫唤。②指忍受不住(刺激或伤痛)的人:这么点事情你就受不了咧,你真格是个~一个。
挨咧一头子	nεi liε i2 tʰəu tsɿ	遭受批评或斥责。
奶子	nεi3 tsɿ	供人食用的牛奶或羊奶。
奶奶	nεi3 nεi	祖母。
奶蛋蛋	nεi3 tæ̃5 tæ̃	(多用于儿童)①奶头。②奶水。
奶娃娃	nεi3 va va	给孩子喂奶。
奶娃娃婆娘	nεi3 va va pʰɤ ȵiaŋ	哺乳期的妇女。
那交	nεi5 tɕiɔu	相当于“那不是吗”:小王走哪达咧?~,连媳妇说话着呢。
那不交	nεi5 pu tɕiɔu	同“那交”。
那达	nεi5 ta	那里(近指)。
那达	nεi:5 ta	那里(更远指)。
那达达	nεi:5 ta ta	那里(更远指)。
那一阵	nεi5 i tʂəŋ	那时。
那一阵	nεi:5 i tʂəŋ	那时(更远指)。
那一天	nεi5 i tʰiæ̃	那天。
那一天	nεi:5 i tʰiæ̃	那天(更远指)。
那么个	nεi5 mu kɤ	那样。
那么个	nεi:5 mu kɤ	那样(更远指)。
那些	nεi5 ɕiε	那些。
那些	nεi:5 ɕiε	那些(更远指)。
耐活	nεi5 xuɤ	坚持、忍耐:再~上一阵阵,马上就到医院咧。
奈何桥	nεi5 xuɤ tɕʰiɔu	传说中阳世间通往阴曹地府的独木桥。据说此桥狭窄,下有血河。生前为善者可顺利通过,再投生为人;生前作恶者则坠入河中,被恶鬼毒虫所食。
艾	nεi	艾叶(鲜嫩):五月节家家门上插的~。②艾绒(干艾叶):腰疼咧让人拿~灸一下。
爱	nεi	对人或事有深挚的感情。②喜欢、喜好:闲咧他~出去走一下。③容易:她~耍个脾气。④重视而加以保护:他~护树木就连他~自己的身体一样。
褦襶	lεi2 tεi	笨拙:你看你~着能干个啥!②衣着不整洁或不会收拾打扮:一个女人家,~成那个样子咧!
赖皮	lεi5 pʰi	无赖的行为:这个人还给人耍~。②无赖的人:那是个~,你不咧连他粘。
赖尻子	lεi5 kəu tsɿ	指耍赖之人。
癞呱子	lεi5 kua tsɿ	蛤蟆。也说“癞蛤蟆”。
癞蛤蟆	lεi5 xy ma	同“癞呱子”。
侧棱子	tsεi2 ləŋ tsɿ	侧身。
侧棱麻垮	tsεi2 ləŋ ma kʰua	形容走、坐、睡的姿态歪歪斜斜、不够端正的样子。
崽	tsεi2	(孩子)不成材:这个娃娃~得很,不学一点好。《广韵·皆韵》:“山皆切。《方言》云江湘间凡言是子谓之崽,自高而侮人也。”
崽拐	tsεi2 kuæ̃3	不学好的人:那是个~一个,你小心!
载跤	tsεi3 tɕiɔu2	形容走路时两腿相交,走不稳当。
在行	tsεi5 xaŋ	熟悉某一行业的工作。
再的	tsεi5 ti	其他的,另外的:~几个人在哪达呢?
再处	tsεi5 tʂʰu	其他的地方:~不知道是不是这么个样子?
再谁	tsεi5 sei	另外一个人:~不说咧,你还信不过我?
再啥	tsεi5 sa	其他的什么。
拆裹	tsʰεi2 kuɤ	找各种理由推脱。
财贝	tsʰεi pei	金钱、财物。
财迷转向	tsʰεi mi tʂuæ̃5 ɕiaŋ5	贪图钱财而迷失了方向。
财东	tsʰεi tuŋ	旧时的富豪人家。
柴	tsʰεi	烧火用的木质或草质燃料。②指肉或蔬菜吃起来感觉不嫩。
柴麻草货	tsʰεi ma tsʰɔu3 xuɤ	小而乱的柴草。②形容物品沾有尘土而不整洁。
采坟	tsʰεi3 fəŋ	指经过风水先生的一番勘察后,选择并确定坟地位置的过程。
猜谜谜	tsʰεi3 mi5 mi	猜谜语。
彩礼	tsʰεi3 li3	订婚时男家送给女家的聘礼。也说“礼”。
踩拐子	tsʰεi3 kuεi3 tsɿ	社火表演的一种形式,指装扮成各种角色的人踩着较高的木桩随着鼓点表演。
菜角子	tsʰεi5 tɕyɤ tsɿ	将白菜或韭菜制成馅儿,包在发面擀成的月牙状的面皮里,然后烙成饼样的一种面点。
菜水	tsʰεi5 ʂuei	蔬菜。
菜头	tsʰεi5 tʰəu	宴席上价钱最贵的菜。
菜青虫	tsʰεi5 tɕʰiŋ tʂʰuŋ	喻指身体素质不好的人。
腮帮子	sεi2 paŋ tsɿ	面颊的下半部。
筛	sεi	把粉末状的物品用筛子来回摇动使细碎的漏下去,粗大的留在上面。②来回摇动(人或物):你几下子把我都~晕咧。
筛翠	sεi3 tsʰuei5	穿着色彩鲜艳的衣服来回走动,以示炫耀:乜给人~着呢!
筛活	sεi3 xuɤ	糟蹋、浪费:△狗吃羊肚子,连吃带~。
晒暖暖	sεi5 nuæ̃3 nuæ̃	晒太阳。
该	kεi2	欠:还咧这一股子钱,我~人的账就不多咧。
街溜子	kεi2 liəu5 tsɿ	指整天在街上游手好闲、无所事事的人。
街狗	kεi2 kəu3	旧时乡下人对城市居民的戏谑称呼:△宁当街上的狗,不做乡里的有。
解	kεi	分开、剖开:过几天把那个松木檩子~成板,好给你爷爷做寿器。②把系着、绑着的东西打开:赶紧把绳子给娃娃~开,看给捆地劲大咧。③消除、化解:过几天就能吃些肉~下馋,日子过地还是好着呢。《广韵·蟹韵》:“佳买切。讲也,说也,脱也,散也。”
解拆	kεi3 tsʰεi	用含糊的言语解释:我一问,乜嘴里胡~着呢。②劝慰使其心情轻松:你给~一下,叫不咧多想!
解交交	kεi3 tɕiɔu2 tɕiɔu	一种儿童游戏。一人用线结成环形套在手腕上,靠手指将线构成某种图形,然后由对方用手指改为其他图形,双方可按此法反复变换玩耍。②比喻调解矛盾。
解心慌	kεi3 ɕiŋ xuaŋ	解闷、散心。
改锥	kεi3 tʂuei	螺丝刀。
改卷子	kεi3 tɕuæ̃5 tsɿ	批阅试卷。
盖盖子	kεi5 kεi tsɿ	盖子。
盖碗子	kεi5 væ̃ tsɿ	本地回族常用的喝茶用具。茶碗有盖儿,有底
座	。	茶碗中常泡枸杞、核桃仁、芝麻、桂圆、冰糖、葡萄干儿、茶叶、沙枣等组成的“八宝茶”,也说“八宝盖碗儿茶”。
盖头	kεi5 tʰəu	结婚时盖住新娘头的红布或红纱巾。回族妇女的头衣或头巾,用棉布、丝绸或棉纱缝制,遮蔽头发及脖颈。当地多为黑、白两色,青年妇女也有用绿、粉红等色的。这是成年回族妇女服饰上的一个重要标志。
芥辣子	kεi5 la tsɿ	芥菜。
开	kʰεi	用在动词后表示动作的“开始、将要”等意义:这一阵子还下~咧!②用在表钱数的词后表示在这个数以内,通常用在买卖双方的讨价还价中:羊皮180元~吗不~?
开舍	kʰεi2 ʂɤ3	大方
开门	kʰεi2 məŋ	商店开始营业。
开开	kʰεi2 kʰεi3	(打、拉)开。
开销	kʰεi2 ɕiɔu	生活或生意必须支出的费用,也说“搅消”。
开斋	kʰεi2 tsεi	伊斯兰教徒结束封斋。②形容改善伙食。
开斋节	kʰεi2 tsεi2 tɕiε	伊斯兰教的节日。
开胶	kʰεi2 tɕiɔu	用胶粘在一起的物品脱离。
开方子	kʰεi2 faŋ tsɿ	(医生)开处方。
开铺子	kʰεi2 pu5 tsɿ	开办商店。也说“开门市部”。
开门市部	kʰεi məŋ sɿ pu5	同“开铺子”。
开裆裤	kʰεi taŋ2 kʰu5	幼儿穿的裆部没有缝在一起的裤子。
开张	kʰεi tʂaŋ	商店正式开始挂牌营业:人家办的公司今儿个~着呢!②店铺、摊点每天第一次交易:今儿个到现在还没~呢!
鞋	xεi	鞋子。
鞋底斑	xεi ti3 pæ̃	多足,生活在湿热环境中像鞋底形状的小虫子。鞋楦子xεi24ɕuæ̃44tsɿ21做鞋时所用的模型,多用木头做成。
鞋拔子	xεi pa tsɿ	一种凹进去与脚后跟贴合的穿鞋用具:新鞋穿的时候有些紧,用~拔一下。
鞋壳啷	xεi kʰy2 laŋ	鞋里的空间部分。
海	xεi3	数量极多:那家子的钱~着呢。
海子	xεi3 tsɿ	湖泊,多用于地名。
海子峡	xεi3 tsɿ ɕia	固原地名,此处有水库,是市区饮用水的来源之地。
海蚌子	xεi3 pa tsɿ	海蚌。
海带	xεi3 tεi5	生活在海底岩石上的一种带状褐藻。当地无产,市场有售。
海参	xεi3 səŋ	生活在海底的一种棘皮动物,圆柱状,可食用。当地无产,市场有售。
亥	xεi5	地支的第十二位,代表动物是猪。
害	xεi5	指孩子特别任性、淘气:那家子的姥姥~得很!
害病	xεi5 piŋ5	生病。
害眼	xεi5 ȵiæ̃3	患眼疾。
害口	xεi5 kʰəu3	因怀孕而恶心、呕吐、食欲异常。
害冷	xεi5 ləŋ3	因疾病引起的浑身有受冷的感觉。
害货	xεi5 xuɤ	指调皮的孩子或给人制造麻烦的人。
害婆娘	xεi5 pʰɤ ȵiaŋ	民间社火表演中的女丑,通常由男性反串扮演。
害男人	xεi5 næ̃ ʐəŋ	民间社火表演中的男丑,通常由女性反串扮演。
害娃娃婆娘	xεi5 va va pʰɤ ȵiaŋ	孕妇。
跩	tʂuεi3	自以为优越而表现出得意或傲慢的样子:手里有几个钱,就把人~得。
拽	tʂuεi5	给、塞:我说我不要,人家硬~给我20块钱。
揣	tʂʰuεi3	摸:我~咧一下他的额胪烫得很,怕是感冒咧。
揣鞋拾帽子	tʂʰuεi3 xεi ʂʅ mɔu5 tsɿ	形容手忙脚乱的样子。
膗	tʂʰuεi5	耍赖。
膗皮	tʂʰuεi5 pʰi	过于肥胖而肌肉松弛。②指耍赖之人。
甩搭	ʂuεi3 ta	前后左右的摆动。
甩项	ʂuεi3 ɕiaŋ5	指承包建筑工程时只负责主体工程的建设,其余项目不算在内。
甩手掌柜子	ʂuεi3 ʂəu3 tʂaŋ3 kuei5 tsɿ	在家里什么都不干的男人,也指不干实事,一味指手画脚的人。
乖	kuεi	指(小孩子)听话,不闹:这是个~娃娃一个,最听大人话咧。②指(小孩子)身体健康,没有疾病:这一向娃娃总~着呢么。③指人的相貌长得漂亮:人家的几个女子一个赶一个~。
乖爽	kuεi2 ʂuaŋ	小孩子听话、性情腼腆:这个娃娃总的来说~着呢。②身体健康、不生病:娃娃这几天不~,闹人得很!
拐	kuεi3	刁钻、顽皮、心眼坏:那个人~着没剩下。
拐搭	kuεi3 ta	形容走路一瘸一拐的样子。
拐拐	kuεi3 kuεi	墙壁、桌椅等的角儿:茶杯子放着桌子~上小心跌下去咧着。②街道的拐角处:往前走100米~子上就是邮政局。
拐人	kuεi3 ʐəŋ	心眼儿坏的人。
拐子	kuεi3 tsɿ	脚和小腿。
拐尺	kuεi3 tʂʰʅ	曲尺,木工用来求直角的尺子。
拐倯	kuεi3 suŋ	心眼儿很坏的人。
拐事	kuεi3 sɿ5	坏事儿、缺德事儿。
拐相	kuεi3 ɕiaŋ5	心眼儿坏表现在长相上。
拐到头咧	kuεi3 tɔu5 tʰəu liε	坏透顶。
拐棍子	kuεi3 kuŋ tsɿ	拐棍儿。
怪眉失眼	kuεi5 mi2 ʂʅ ȵiæ̃3	形容外表奇特或事情蹊跷。
怪道	kuεi5 tɔu	怪不得,难怪。
怪相	kuεi5 ɕiaŋ5	故意做出来的滑稽的面部表情。
怪啦啦的	kuεi5 la2 la ti	奇怪、不正常的:看去~,不好看!②不习惯、不自然的:坐着人家跟前~,不好意思!
快喝酒	kʰuεi5 xuɤ tɕiɔu3	猜拳时数“九”。也说“快快发”、“九长寿”、“酒你喝”等。
筷笼子	kʰuεi5 luŋ tsɿ	盛筷子的竹笼,现也有用塑料制成的。
槐树	xuεi ʂu5	一种常见落叶乔木,羽状复叶,花淡黄色或白色,结荚果。
怀娃娃	xuεi va va	怀孕。
坏倯	xuεi5 suŋ	坏蛋。
北傍个	pei2 paŋ5 kɤ	北方、北边。~人说话连他们的不一样。/朝~一直往前走就到咧。
北头子	pei2 tʰəu tsɿ	北边。
百颅子	pei2 lu tsɿ	婴儿满100天的日子。
百日纸	pei2 ʐl tsɿ3	当地丧俗。指人亡故后100天的那一天,亲属要为死者烧纸以表怀念之情。
百儿八十	pei2 εr pa2 ʂʅ	八九十,不到一百。
背床板	pei2 tʂʰuaŋ pæ̃3	对睡觉的形象说法。
背锅子	pei2 kɤ3 tsɿ	罗锅,指驼背或驼背的人,喻指某人的缺点、不足:你娃不要骚情,有人治你的~呢。也说“背罗锅”。
背罗锅	pei2 luɤ kuɤ	同“背锅子”。
背黑锅	pei2 xei2 kuɤ	承受冤屈。
背四两麻叶	pei2 sɿ5 liaŋ3 ma ȵiε	被捆绑逮捕的形象说法。
掰	pei2	用手把东西分开或折断。
杯杯子	pei2 pei tsɿ	小杯子、小酒盅:喝求咧几~马尿尿(特指啤酒),就在这儿耍二呢。
白事	pei sɿ5	丧事。
白花	pei xua	白醭,指醋、酱油等表面长的白色的霉:买下的醋要赶紧炝一下呢,不然的话就~咧。
白葱	pei tsʰuŋ	葱的一个品种。白皮,葱味儿较轻。
白蒜	pei suæ̃5	大蒜的一个品种。蒜皮为白色。
白豆子	pei təu5 tsɿ	豆类的一种,圆形浅白色,也叫“白豌豆”。
白卡儿	pei kʰa3 εr	没有或缺少文化的人:那个人是个~,不顶用。也说“白板儿”。
白皮面	pei pʰi miæ̃5	面食的一种,将和好的面扯成宽面条,清水煮熟捞出即为白皮面,吃时再配肉臊子或其他菜。
白眼窝子	pei ȵiæ̃3 vɤ tsɿ	指古典戏曲丑角的脸谱画法。
白眼仁子	pei ȵiæ̃3 ʐəŋ tsɿ	白眼珠:我给人家说啥着呢,乜~往
白眼狼	pei ȵiæ̃3 laŋ	比喻忘恩负义、恩将仇报的人。
白火石	pei xuɤ3 ʂʅ	原义为打不出火星的石头,喻指没有希望和活力的东西:这一下子碰着~上咧,彻底没办法咧!
白头条子	pei tʰəu tʰiɔu tsɿ	没有盖印章的白纸条儿。
白瞪眼	pei təŋ5 ȵiæ̃	对某事不搭理、不重视的人:△大懒支小懒,小懒支咧个~!
辈历	pei5 li	辈分:这么一说,我直接短~着呢。
背	pei	荒僻,偏僻:~街上的房价要便宜一些。②听力不好:人耳朵~咧,要大声给说呢!③不走运、倒霉:今儿个就~得很,弄啥都弄不成!
背时	pei5 sɿ	同“背③”。
背篼	pei5 təu	用柳条或竹篾编制而成的底小口大的筐子,背在背上用于运送物品。
背地里	pei5 ti ȵi	私下、不在当面。
背过去	pei5 kuɤ tɕʰi	眩晕、昏厥:听人说咧这个消息,他一下子~咧。
背阴子	pei5 iŋ tsɿ	面向北背着太阳。
背影子	pei5 iŋ tsɿ	背影。
背搭手	pei5 ta ʂəu	双手背在后面。
背搭掖手	pei5 ta iε ʂəu	手背在后面非常悠闲自在的样子。
褙子	pei5 tsɿ	把布或纸一层一层地粘在一起,等晾干后用作纳鞋底的材料。
培埂子	pei5 kəŋ3 tsɿ	用铁锹修造田埂。
拍	pʰei2	(大雨)淋:往回走的半路上,叫过雨~咧,有些感冒。拍手pʰei213ʂəu53鼓掌:领导讲得好得很,赶紧~。
拍大头	pʰei2 ta5 tʰəu	喝酒时猜拳行令的一种方式。指如果在第一轮三拳两胜中输了,那么接下来只要输一个就要喝酒。
陪方	pʰei faŋ	结婚时女方给的嫁妆。
陪杀场	pʰei sa tʂʰaŋ3	旧指不该杀的犯人被押赴刑场陪斩,亲眼观看死刑犯被杀的情景。现泛指陪着别人受惩罚、受劳累。
培治	pʰei3 tʂʅ	用言语、动作折腾某人:今儿个叫我把马师美美地~咧一顿。
麦摞	mei2 luɤ5	麦子垛。
麦客子	mei2 kʰei3 tsɿ	以替人收割麦子赚取工钱的人。
麦颗子	mei2 kʰuɤ3 tsɿ	麦粒儿。
麦茬子	mei2 tsʰa tsɿ	割过麦子后,留在地里的茬,拔出晒干后可用来烧火。
麦衣	mei i	麦子脱粒后留下的壳。
麦草	mei2 tsʰɔu3	碾压过的麦秆儿。
脉	mei2	脉搏,即动脉的跳动。
脉象	mei2 ɕiaŋ5	即脉搏表现的快慢、沉浮、强弱等情况。
脉气	mei2 tɕʰi5	指住宅或坟地的地理形势,如地脉、山水的方向等。迷信的人认为这些地方的地理环境与家族是否兴旺有很大的关系,把家族兴旺发达看成是祖坟有“脉气”,反之则缺少“脉气”。
谋	mei	谋划并准备做:你~着做啥呢?/这两天有人一直给他~事呢。《说文·言部》:“虑难曰谋。”
谋事	mei sɿ5	谋划着给人找麻烦。
煤烟子	mei iæ̃ tsɿ	煤毒:冬里架炉子要特别注意,不咧让~打咧。煤黑子mei24xei213tsɿ24对煤矿工人的蔑称。
墨盒子	mei xuɤ tsɿ	墨盒。
墨斗	mei təu3	木工用来打直线的工具。从墨斗中拉出墨线,放到木材上,绷紧,提起墨线趁着弹力就打上了墨线。
墨镜	mei5 tɕiŋ5	用黑色或墨绿色镜片做的眼镜,有养目和避免强光刺眼的作用。
美	mei	美丽。②好。③舒适。
美气	mei3 tɕʰi5	舒服:这个事咋么就觉着不~!
美当	mei3 taŋ	好,令人满意:你一下子给弄~,不咧敷敷衍衍地。美实mei53ʂʅ21结实:这个小伙子的个子长得~很!
美直咧	mei3 tʂʅ liε	美、舒服、高兴到了极致。
肥囊囊	fei naŋ naŋ	讥讽人长得肥胖:你看你~的,能弄个啥?②(动物)肉肥,让人厌恶:净是些~肉,没人吃。
肥头奓耳	fei tʰəu tsa5 εr3	形容人很胖或猪被饲养得很肥的样子。
维	vei	与人相交并保持友好关系。△惹一个人容易,~一个人艰难。《说文解字注》:“引申云,凡相系者曰维。”
腲	vei	(身体残疾)在地面上缓慢移动,引申为行动迟缓:他胖得劲大,走路都是朝前~着呢。《广韵·贿韵》:“乌贿切。行病。”
腲呲	vei tsʰɿ	心存迟疑、消极对待:叫乜找人去呢,乜~着不动弹!
煨炕	vei3 kʰaŋ5	将可燃烧的东西填进坑洞并点燃它。
煨炕子	vei3 kʰaŋ5 tsɿ	用来烧炕的燃料。
煨火	vei3 xuɤ3	当地丧俗。指死者下葬后亲人在其坟墓前持续生火三天,表温暖思念之情。
未	vei5	地支的第八位,代表动物是羊。
外爷	vei5 iε	外公。
外奶	vei5 nεi	外婆。
味长	vei5 tʂʰaŋ	食物的味道值得回味、玩味。
得	tei	得到:你看把人高兴地,就连~咧头一名一样。②得寸进尺:人不言传,你还~咧!③得意:看把人~成啥样子咧!
得道	tei2 tɔu	谁知道:这个事~咋弄下的!
得能	tei2 nəŋ	因有小能耐而得意:看把娃娃~的,不知道自己姓啥咧!
得故意子	tei2 ku3 i5 tsɿ	故意:这是谁~使下的拐。
得咧	tei2 liε	放在动词后面,与动词结合后,表示将要发生的行为动作是必然的,可以预测的:走~给我说,我送你!
特别	tʰei2 piε	十分、非常:办公室工作~能锻炼人,好好干去!②不一样,特殊:这和那个一样,没啥~的。
特殊	tʰei2 ʂu	不同于同类的事物或平常的情况:在这儿没人能享受~待遇。
特务	tʰei2 vu5	经过特殊训练,从事刺探情报、颠覆、破坏等活动的人。
特意	tʰei2 i5	特地。
肋子	lei2 tsɿ	人或动物的肋骨。也说“肋巴、肋条、肋巴骨”。肋巴lei213pa24同“肋子”
肋巴骨	lei2 pa ku	同“肋子”。
肋条	lei2 tʰiɔu	同“肋子”。
肋条肉	lei2 tʰiɔu ʐəu5	指从牛肋骨上剔下来的肉。
勒肎	lei2 kʰəŋ5	故意刁难别人。
窄卡	tsei2 tɕʰia	地方狭窄:地方~着坐不下几个人么!②衣服瘦小:这个衣裳你穿上有些~。
窄瘪	tsei2 piæ̃3	在某人眼里没地位。
窄绺绺	tsei2 liəu5 liəu	狭长的条儿:好好的一块布料,裁成个~,能做个啥?
贼	tsei	精明,心眼多:那个倯~得连啥一样,你能打过交道?②小偷。
贼不处处	tsei pu tʂʰu3 tʂʰu	贼眉鼠眼的样子:你看你~的,想弄啥呢?
贼星	tsei ɕiŋ	流星。
贼娃子	tsei va tsɿ	小偷。
贼头武把子	tsei tʰəu vu3 pa tsɿ	靠偷盗抢夺别人财物为生的人。贼打鬼tsei24ta21kuei53指不讲信义、不择手段之人。
测量	tsʰei2 liaŋ	用仪器确定空间、时间、温度、速度等有关数值。厕所tsʰei213ʂuɤ53专供人大小便的地方。
册	tsʰei	装订好的本子:给同学送一本毕业纪念~。②量词:手里拿咧几~书。
諰	sei2	声音沙哑:嗓子~勾勾的,能唱个歌子?《广韵·佳韵》:“山佳切。语失也。”
涩	sei	像明矾或不熟的柿子那样使舌头感到麻木干燥的味道。②摩擦时阻力大,不光滑。
色子	sei2 tsɿ	骰子。一种游戏用具或赌具,多为骨制,小方块,六面分别刻一至六点。
色气	sei2 ɕi	人的气色:王老师脸上~咋么不对劲?②物品的色泽:家具的~还能凑合。
塞塞子	sei2 sei tsɿ	塞子。
啬	sei2	小气、吝啬:那个倯~得连啥一样,能给你给钱!
啬皮	sei2 pʰi	人或动物的脾脏:他让车把~给挤咧。②吝啬:你做啥咋那么~唦。③吝啬的人:这是个典型的~,不咧指望他请客咧。
谁人	sei ʐəŋ	哪一个人,谁:这个事情~不知~不晓。
谁谁谁	sei sei sei	某某人。
隔奶	kei2 nεi3	给小孩儿断奶。
隔间子	kei2 tɕiæ̃3 tsɿ	屋子里的套间。
隔墙子	kei2 tɕʰiaŋ tsɿ	房屋里隔开每一间屋子的墙,一般不是承重墙。
隔山兄弟	kei2 sæ̃ ɕuŋ2 ti5	指同父异母的兄弟。
隔三岔五	kei2 sæ̃ tsʰa5 vu3	不经常地、时不时地。
隔山架岭	kei2 sæ̃ tɕia5 liŋ3	本义指山水阻隔,路途遥远而交通不
变	。	引申为做事不顾任何阻挠也不考虑后果如何。
隔布袋买猫	kei2 pu5 tεi mεi3 mɔu	比喻不了解真相而采取行动。
给	kei	动词。②助词。③介词。谁把钥匙拿走咧?我给(介词)老师给(动词)给(助词)咧。
给事	kei5 sɿ5	故意找麻烦:这两天正~着呢!也说“寻事”。
刻	kʰei2	用小刀子在竹、木、玉、石、金属上雕成花纹、文字等。刻意kʰei213i44用尽心思。
克服	kʰei2 fu	用坚强的意志和力量战胜。
客	kʰei2	客人。
客气	kʰei2 tɕʰi5	对人谦让,在交际场合有礼貌。
黑麻大汉	xei2 ma ta5 xæ̃5	神秘人物,常在民间故事中出现。
黑咧	xei2 liε	晚上。
黑糖	xei2 tʰaŋ	红糖。
黑天半夜	xei2 tʰiæ̃ pæ̃5 iε5	半夜三更。
黑处处的	xei2 tʂʰu3 tʂʰu ti	黑灯瞎火的:~往哪搭走呢!②(颜色)黑的不好看:家具~,不亮清。③发黑:你乜脸上咋~,有啥病呢吗?
黑不处处	xei2 pu tʂʰu3 tʂʰu	同“黑处处”。
黑不溜秋	xei2 pu liəu tɕʰiəu	指肤色、颜色偏于黑色。
黑打糊涂	xei2 ta3 xu tu	糊里糊涂。
黑娃娃	xei2 va va	指超生的没有户口的小孩。
黑桃尖子	xei2 tʰɔu tɕiæ̃2 tsɿ	扑克牌中的黑桃“A”。黑糊糊xei213xu53xu21光线黑暗。
黑眼仁子	xei2 ȵiæ̃3 ʐəŋ tsɿ	黑眼珠儿。
黑燕麦	xei2 iæ̃5 mei	农田里的一种杂草。
碓	tuei	碰撞:下雪路滑,十字口里几个车~到一达里咧。
对子	tuei5 tsɿ	对联。②量词,双。
对羔子	tuei5 kɔu tsɿ	双胞胎。
对对子	tuei5 tuei5 tsɿ	同“对子②”。
对过儿	tuei5 kuɤ5 εr	对面。
对咧	tuei5 liε	行了,算了。~~这些够用得很咧。/说可~,你能把他说回来?
对劲	tuei5 tɕiŋ	关系密切、合得来(多用于否定):他们两个老早以前就不~么!②正常(多用于否定):这个人我咋看着不~,赶紧问一下是做啥的。③正确(多用于否定):越说我越试着不~,难道你就没有错?④舒适、舒服(多用于否定):今儿个身上试着不~得很!
对襟子	tuei5 tɕiŋ tsɿ	两幅衣襟相对,纽扣在胸前正中。
对活	tuei5 xuɤ	正常(多用于否定):乜一下子不~咧么,把人还给吓咧。②舒适、舒服(多用于否定):娶咧个病罐罐媳妇,三天两头不~,把人整死咧!
对眼子	tuei5 ȵiæ̃2 tsɿ	内斜视的统称:那个娃娃天生下就是个~。对证tuei44tʂəŋ44有相关关系的几方在一起相互证明。
对家	tuei5 tɕia	指四个人打扑克时,以面对面交叉而坐的那个人为合作的伙伴。
推子	tʰuei2 tsɿ	理发工具。有上下重叠的两排带刃的齿儿,使用时上面的一排齿儿左右移动,把头发剪下来。
推头	tʰuei2 tʰəu	理发:二月二,~的人多得很。
推鉋子	tʰuei2 pʰɔu tsɿ	鉋子,木工用来鉋平木头的工具。
推十点半	tʰuei2 ʂʅ tiæ̃3 pæ̃5	扑克的一种玩法。
腿腿子	tʰuei3 tʰuei tsɿ	人、动物或物体腿的小称。
腿猪娃子	tʰuei3 tʂu2 va tsɿ	小腿肚儿。
内	nuei5	里面,与“外”相对。
内行	nuei5 xaŋ	指对某种工作或技术有丰富经验。
内线	nuei5 ɕiæ̃5	内线电话的简称。指一个单位内的电话总机所控制
雷神爷	luei ʂəŋ iε	雷公。
累怅	luei5 tʂʰaŋ	指人邋遢不修边幅或精神萎靡不振。也叫“累堆”。
累堆	luei5 tuei	同“累怅”。
嘴粗	tsuei3 tsʰu	指吃饭不挑食。
嘴尖	tsuei3 tɕiæ̃2	挑食:这个人~得很,不合口味的一点都不吃。
嘴简	tsuei3 tɕiæ̃3	爱插嘴,爱多嘴:就你~,你给我悄着!/这个
人	~	得很,你就不敢给说个啥。也说“嘴简毛长”。
嘴劲	tsuei3 tɕiŋ5	说嘴的劲头,意指光说不动:刚是个~,不做一把活!
嘴巴子	tsuei3 pa tsɿ	耳光:你再胡说,给你几个~呢。②吃剩下的食物:顿顿吃饭留个~,毛病黠得很!
嘴头子	tsuei3 tʰəu tsɿ	表达能力:这个女娃娃~麻利得很!
醉唧马达	tsuei5 tɕi ma ta	醉得东倒西歪的样子:你看你喝得~的,咋回去呢嘛!
脆	tsʰuei	容易折断破碎(跟“韧”相对):塑料脸盆子叫太阳晒~咧。/人老咧命就~咧。
脆活	tsʰuei5 xuɤ	说话做事爽快、干脆;②(声音)清脆。
脆骨子	tsʰuei5 ku2 tsɿ	供食用的动物软骨。
翠	tsʰuei	衣着以绿色为主:今儿个小张他妈咋穿得~得很。②冬天穿得单薄:哎呀呀,这么冷的天,你真个是耍~着呢!
翠活	tsʰuei5 xuɤ	穿着色彩鲜艳。
随礼	suei li3	送礼金或礼物:老李他大烧三年纸呢,~的人多得了
随情	suei tɕʰiŋ	同“随礼”。
随屁风	suei pʰi5 fəŋ	指人云亦云、随声附和之人。
随方就圆	suei faŋ tɕiəu5 yæ̃	比喻性格随和,乐于依从别人。
随心布施	suei ɕiŋ pu5 sɿ	按照自己的意愿捐款捐物。
遂心	suei ɕiŋ2	满意。
碎	suei	形状小:今年的洋芋没长大,~着呢。②排行最小:他~舅是个小学校长。
碎大	suei5 ta	对年幼男性的通称(含贬义):你那个~给听你的呢!也说“碎大大”。
碎妈	suei5 ma	对年幼女性的通称(含贬义):谁能管住她那个~唦!也说“碎妈妈”。
碎碎儿	suei5 suei5 εr	形容形状特别小:把馍馍掰得~的。
碎窝子	suei5 vɤ tsɿ	一家孩子中排行最小的。
追节	tʂuei2 tɕiε	指做女婿的在过各种节日(主要是传统节日)时带着礼品去看望岳父岳母。
缒	tʂuei5	拽:高台台子我上不去,你~我一把。/△想上天去屎~着呢。
吹	tʂʰuei	合拢嘴唇用力出气。②吹气演奏。③(风、气流)流动,冲击。④说大话,夸口。⑤水流冲垮:叫山水给~着走咧。
吹牛	tʂʰuei2 ȵiəu	说大话,夸口。也说“吹牛皮”。②近年兴起的用摇色子代替划拳的一种猜拳方式。
吹牛皮	tʂʰuei2 ȵiəu pʰi	同“吹牛①”:△~不贴印花子。
捶头	tʂʰuei tʰəu	拳头。
锤子	tʂʰuei tsɿ	指男性生殖器。
摔拌	ʂuei2 pæ̃	抓在手里磕打:这个东西牢实得很,那么~着呢
摔皮	ʂuei2 pʰi	因某事而赌气:乜还给咱们~着不干咧。
水拜	ʂuei3 pεi3	河堤。
水果糖	ʂuei3 kuɤ3 tʰaŋ	对各式糖果的总称,也说“洋糖、糖”。现大多数人已开始用糖果的不同类型或品牌来称呼糖果,如:奶糖、软糖、阿尔卑斯、巧克力、棒棒糖等等。
水米没打牙	ʂuei3 mi3 mɤ2 ta3 ia	指没有吃东西。
水不拉唧	ʂuei3 pu la tɕi	形容物品不干燥,让人厌烦。
水渣渣的	ʂuei3 tsʰa2 tsʰa ti	同“水不拉唧”。
水点点子	ʂuei3 tiæ̃3 tiæ̃ tsɿ	水点儿。
水管子	ʂuei3 kuæ̃3 tsɿ	自来水管和胶皮引水管。
水门子	ʂuei3 məŋ tsɿ	指雌性牲畜的外生殖器。
水舀子	ʂuei3 iɔu3 tsɿ	舀水的大勺子。
水晶包子	ʂuei3 tɕiŋ5 pɔu2 tsɿ	水煎包子。肉馅,皮薄无褶,用平底锅煎熟即成。
水地	ʂuei3 ti	能引水灌溉的耕地。
水坝	ʂuei3 pa5	水库。
水萝卜	ʂuei3 luɤ pu	初春上市的一种小的球形萝卜。
水水子	ʂuei3 ʂuei tsɿ	水、汁儿:调上些醋~,蘸着吃饺子。②知识水平:就他那一点~,还能给大学生上课。
水道眼	ʂuei3 tɔu ȵiæ̃3	下水道入口。
水火	ʂuei3 xuɤ	水和火。②对屎尿的婉称:乜腿绊折咧,~都在炕上呢!
水	ʂuei3	喻指女孩子长的水灵可爱。
水笔	ʂuei3 pi	钢笔。旧派说法。
水烟	ʂuei3 iæ̃	水烟袋和烟丝的总称。当地指用一种铜制的吸烟用具将烟丝燃烧时产生的烟通过水的过滤而吸出,吸时发出咕嘟嘟的响声,现已不多见。
水银	ʂuei3 iŋ	汞的通称。
睡展	ʂuei5 tʂæ̃3	躺下后肢体伸展放松。
睡货	ʂuei5 xuɤ	不中用的人或物:花咧个大价钱买下的个东西就是个~么。
睡浑儿子	ʂuei5 xuŋ5 εr tsɿ	睡得迷迷糊糊有了错觉。
规程	kuei2 tʂʰəŋ	规则、程序。
龟子倯	kuei2 tsɿ suŋ	詈语,用来骂遇事退缩的人。
鬼大	kuei3 ta5	诡计多端。
鬼祟	kuei3 suei	小人。那是个~,你小心着!
鬼挼住咧	kuei3 ʐua tʂʰu liε	迷信说法,鬼魂附体。
鬼刷水	kuei3 ʂua ʂuei3	一无所有。
襘	kuei5	把带状的织物缝在衣服上。《说文·衣部》:“带所结也。”《广韵·泰韵》:“古外切。”
贵气	kuei5 tɕʰi	(人)娇贵:把乜~着不行咧!②重视、器重。就这么一个娃娃,全家老少都~很!
贵贱	kuei5 tɕiæ̃	贵或贱:不问~,抢着手里再说。②无论如何:~不听大人的一句话。
贵气宝儿	kuei5 tɕʰi5 pɔu3 r	指特别珍爱的人或物。
贵客	kuei5 kʰei	尊贵的客人。②指举办婚礼时,女方送亲队伍里
柜柜子	kuei5 kuei5 tsɿ	小柜子。
亏是	kʰuei2 sɿ5	幸亏。~有个你,不是就没他娃咧!
亏人	kʰuei2 ʐəŋ	缺德:咱们再穷也不做~的事。
亏先人	kʰuei2 ɕiæ̃2 ʐəŋ	詈语,丢祖先的脸:你再不咧~咧。
癸	kʰuei	天干的第十位。
葵花	kʰuei xua	向日葵。
葵花籽儿	kʰuei xua tsɿ3 r	向日葵的籽。
灰条	xuei2 tʰiɔu	灰藜。
灰耙子	xuei2 pʰa tsɿ	给火炕里面填送燃料的工具。
回	xuei	在自己的意料之外:连往年比今年的菜价~贵着呢。②原本:他自己也~难受得很!③回去、回归。
回后	xuei xəu5	事情过了之后:检查的时候都说得好,~再没人关心咧。
回门	xuei məŋ	结婚后的第三天新媳妇在丈夫陪伴下回娘家。
回嘴	xuei tsuei3	适度的辩解。
回奉	xuei fəŋ	对神灵或佛祖的祷告。
回管	xuei kuæ̃3	无论是:~你们谁给领导说一声。
回咋	xuei tsa	无论如何、一定要:~把话给你姨夫说到。
回盘	xuei pʰæ̃	人刚死或做忌日纪念时客人送来的祭奠死者的供品,一般是十个馒头,叫“盘”,等送“盘”的客人走时,主人家要回送两个馒头,称“回盘”。
回炉生	xuei lu səŋ	指没能通过升学考试而重新在原有年级学习的人。
回笼觉	xuei luŋ tɕiɔu5	清晨起来活动一会儿以后再上床睡觉。
回转不过	xuei tʂuæ̃ pu kuɤ5	想不明白、想不开。
豗	xuei3	指猪用嘴拱:好好的个菜园子叫猪给~咧。《广韵·灰韵》:“呼恢切。豕掘地也。”
烩	xuei5	将原料油炸或煮熟后改刀,放入锅内加辅料、调料、高汤烩制的方法。
烩麻食	xuei5 ma ʂʅ	当地面食。
烩面片	xuei5 miæ̃5 pʰiæ̃3	当地面食。
烩粉	xuei5 fəŋ3	当地风味小吃。
烩肉	xuei5 ʐəu5	当地以牛羊肉为主,用烩的方法做的风味小吃。
包包白	pɔu2 pɔu pei	卷心菜:过两天给咱们泡上些~。也叫“莲花白”。
包包担担	pɔu2 pɔu tæ̃5 tæ̃5	大大小小的包袱:旅游呢么,一下子~地拿上那么多着做啥呢。
包儿	pɔu2 εr	香包儿。
包劳盖子	pɔu2 lɔu kεi5 tsɿ	膝盖骨。
包工头	pɔu2 kuŋ tʰəu	特指承包建筑工程的工头。
保底	pɔu3 ti3	保住最基本的。
保本	pɔu3 pəŋ3	保住本钱。
保来回	pɔu3 lεi xuei	货物买走之后如有质量问题包退包换:这东西我给你~着呢,你放心用去。
宝盖头	pɔu3 kεi tʰəu	汉字的偏旁名称,如“官、灾、宁”等字的上部。
饱食罐罐	pɔu3 ʂʅ kuæ̃5 kuæ̃	丧俗中的用品。人死后在其身边放一陶罐,内置饭食,下葬时随棺材一并埋入地下,希望其在阴世能吃饱。
报君	pɔu5 tɕyŋ	类似于蚂蚱的一种昆虫。
抱	pɔu5	领养:不生养咧,找机会就~一个。
抱疙瘩	pɔu5 kɤ2 ta	对领养的孩子的称呼:她有两个娃娃,老碎是个~。
抱下的	pɔu5 xa ti	领养的孩子:你虽然是你妈~的,但比亲生的还亲。
刨花子	pɔu5 xua tsɿ	刨木头时刨下来的薄片,多呈卷状。
菢鸡娃子	pɔu5 tɕi va tsɿ	孵小鸡:家里养下的个母鸡正~着呢。
泡	pʰɔu2	虚而松软:萝卜~咧就不好吃咧。《云言》:“泡,盛也。(晋)郭璞注:泡,肥洪张貌。”
脬子	pʰɔu2 tsɿ	阴囊:跟人打捶去来,让人把~踢伤咧。
脬子黑	pʰɔu2 tsɿ xei	某人做事手段硬、贪婪:那个人~得像啥一样,你能交得过?
脬牛	pʰɔu2 ȵiəu	未骟过的公牛。
刨	pʰɔu	称重量时除去盛物器具的重量:~过皮,还剩余78斤。孚pʰɔu24抚摸:乜~着娃娃的头看咧半天。
刨路鸡	pʰɔu lu5 tɕi	丧葬用品。指将死者抬往墓地时,需用一只大公鸡,捆绑后置于棺材之上,意为替死者引路。也说“引路鸡”。
炮子	pʰɔu tsɿ	用来打碎地里较大土块的农具。头用碗口粗的树桩做成,圆柱形,柄与其垂直。
咆躁	pʰɔu tsʰɔu5	烦躁:这几天把人弄得~的。
匏头子	pʰɔu tʰəu tsɿ	蓓蕾:刚结上些~,一场寒流全冻死咧。
跑肚	pʰɔu3 tu5	腹泻:娃娃~着呢,叫少吃些凉东西。
跑车	pʰɔu3 tʂʰɤ2	以运输旅客、货物为生的职业:小张这几年给人~,日子过得还可以。
跑马	pʰɔu3 ma3	指男子遗精。
跑气	pʰɔu3 tɕʰi5	漏气。
炮壳儿	pʰɔu5 kʰy3 r	子弹壳:乜能着用~粘咧一个工艺品。
卯	mɔu2	估计、猜测:就买咧个烂自行车,你~花咧多少钱。
卯不着	mɔu2 pu tʂuɤ	估计不到、猜不到。也说“氋不来”。
毛	mɔu	接近(某一数目或时间):~三十块咧还不够?/啊哟,~十一点恰,还在炕上睡着呢。
毛奓奓	mɔu tsa5 tsa	蜈蚣。
毛蛋	mɔu tæ̃5	毛线疙瘩,后戏称打篮球为“打毛蛋”:整天价光
毛毛	mɔu mɔu	细绒毛。
毛毛雨	mɔu mɔu y3	下得很小的雨。
毛毛虫	mɔu mɔu tʂʰuŋ	某些鳞翅目昆虫的幼虫,每环节的疣状突起上丛生着毛。树丛中常见,有黑色、红色、花色等。
毛毛子钱	mɔu mɔu tsɿ tɕʰiæ̃	票面以角为单位的纸币统称:净是些~,把人数着挣死咧。
毛躁	mɔu tsʰɔu5	做事急躁不认真。
毛寸	mɔu tsʰuŋ5	一种发式,多为男性青少年喜欢。
毛气	mɔu tɕʰi5	坏的习气。
毛细	mɔu ɕi5	指吃拉面时,将面拉得像头发丝一样粗细的面。
毛桃儿	mɔu tʰɔu r	一种野生的桃子,果实较其他桃子小,表皮覆
毛栗子	mɔu li tsɿ	栗子树的果实,小坚果,包在半圆形的壳内。当地不出产,市场有售。
毛牛儿	mɔu ȵiəu r	像陀螺一样的玩具。须用鞭子抽打,方能转动。
毛野人	mɔu iε3 ʐəŋ	传说中的野人。常用此词形容那些喜欢做抠、掐动作的人:哎呀呀,你是个~,你看把人抠成啥咧。
毛蚰蜒	mɔu iəu iæ̃	蜈蚣。也说“毛奓奓”。
毛鬼神	mɔu kuei ʂəŋ	指疑神疑鬼之人。
毛开咧	mɔu kʰεi liε	开始下小雨了。
茅子	mɔu tsɿ	厕所:抽时间把~里的粪出咧。
茅屎坑	mɔu sɿ3 kʰəŋ2	粪便池。
猫道眼	mɔu tɔu ȵiæ̃3	旧式房门门槛下留给猫走的通道:不咧
把	~	堵咧,猫还没进来呢。
猫耳朵	mɔu εr3 tuɤ	同“麻食子”。
卯	mɔu3	地支的第四位,代表动物是兔。
卯硬	mɔu3 ȵiŋ5	过头、过量:这一下子给弄~咧!
卯错咧	mɔu3 tsʰuɤ5 liε	关节脱臼。通常说“把卯错咧”。
冒	mɔu5	鲁莽、轻率:小伙子还~得很!
冒嚷	mɔu5 ʐaŋ3	不确认的情况下乱说。
冒写	mɔu5 ɕiε3	不确认的情况下乱写。
冒弄	mɔu5 nuŋ5	不确认的情况下乱做。
冒梢	mɔu5 sɔu	事情做过了头:没想到这事还给弄~咧!
帽辫子	mɔu5 piæ̃5 tsɿ	辫子:那个女子的两个~长得长得很。
帽个子	mɔu5 kɤ tsɿ	辫子,同“帽辫子”。②把柄:这一下抓住他的~咧,看他给我说个啥呢。
帽苫苫	mɔu5 tʂʰæ̃5 tʂʰæ̃	帽檐。把个~压得低的,人连脸都看不见。
刀刀子	tɔu tɔu tsɿ	刀子。
刀口	tɔu2 kʰəu3	做手术时割开的口:等~长好咧,你再下地走路。
叨	tɔu	禽类用喙啄:给鸡撒咧些玉米让~着吃去。②用筷子夹菜:来来来,咱们大家~菜吃。
叨仗	tɔu2 tʂaŋ5	(禽类或人)斗嘴:两个大公鸡~给叨欢咧。/两个人放咧假没事干刚知道~。
倒棱子	tɔu2 ləŋ tsɿ	将物品倒过来放置。
倒板	tɔu3 pæ̃3	投机倒把:再不咧胡~咧,要规规矩矩做事呢。
倒霉	tɔu3 mei	遇事不利,遭遇不好。②女性对来例假的讳称。倒血霉tɔu53ɕiε21mei24倒霉透顶。也说“倒八辈子霉”。
倒牙	tɔu3 ia	吃了较多的酸性食物,牙神经受过分刺激,咀嚼时感觉不舒服:酸杏儿吃多咧~呢。
倒糟	tɔu3 tsɔu	垮台、败落:你不信你看着,他这么做生意~地快咧。
捣闲话	tɔu3 ɕiæ̃ xua5	东家长,西家短的拨弄是非:一天再不做啥,刚是个~来得快。
倒	tɔu5	铸造:拿废铝片片~个烙馍馍锅。
倒插门	tɔu5 tsʰa məŋ	同“招女婿”。
倒春寒	tɔu5 tʂʰuŋ xæ̃	指立春以后,往往有一段时间天气寒冷。
倒毛	tɔu5 mɔu	禽类褪掉旧毛长出新毛。
倒扎子	tɔu5 tsa tsɿ	倒立,头或顶部向下:一个~跌下去,就把头绊日塌咧。
倒扎毛	tɔu5 tsa mɔu	眼睫毛倒弯,使眼球不舒服。
倒欻毛	tɔu5 tʂʰua3 mɔu	逆着毛发生长的方向用力向下向外推扯。到了tɔu44liɔu53原来真是:~就这么个样子!
道答	tɔu5 ta	因不能做或做错了某事而向别人道歉。
道道子	tɔu5 tɔu5 tsɿ	线条:小王的脸上叫媳妇抠给咧几~。②小
淘气	tʰɔu tɕʰi	顽皮:这个娃娃~得很!②生气:两口子正~着呢!
淘神	tʰɔu ʂəŋ	劳神,让人费心:娃娃不好好学习让大人~得很!淘票tʰɔu24tsʰæ̃21折磨,折腾:屁大一点事,就把人~得没是咧么!
讨钥匙	tʰɔu3 yɤ sɿ	当地婚俗。指举办婚礼时,男方端着红包向女方送亲的人讨要装有嫁妆箱子上的钥匙。
套裤	tʰɔu5 kʰu	只有裤腿,没有裤腰的一种裤子,用布带系在里面裤子的裤腰带上,多为皮制,是旧时手工业工人的一种工作服,结实耐磨,现已不多见。
套套子	tʰɔu5 tʰɔu5 tsɿ	套子。
套头毛衣	tʰɔu5 tʰəu mɔu i	不开襟的毛衣。
熬煎	nɔu tɕiæ̃	煎熬。
脑门子	nɔu3 məŋ tsɿ	前额:乜~上又没写名字,我认得乜是谁!
脑勺子	nɔu3 ʂuɤ tsɿ	后脑勺。②指人的头。~都白透咧还胡说着呢!
脑儿腮	nɔu3 εr sεi	领导(名词):主席台上的几个~,我一个都不认得。
脑脑里	nɔu3 nɔu ȵi	巷子或窑洞的最里面。
痨	nɔu5	用药毒害:老鼠害人得很,要找些药给~一下呢。《说文·疒部》:“痨,朝鲜谓饮药毒曰痨。”《广韵·号韵》:“郎到切。”
呢	!	你~吗不~?/他~下点啥生意?/这个娃娃~啥都没个恒心。
弄不扎	nɔu5 pu tsa	互相不能和睦相处。
闹活	nɔu5 xuɤ	闹腾:这个娃娃~人得很。
鏊子	nɔu5 tsɿ	烙饼的器具,用铁做成,平面圆形,中心稍凸,上有煨火的盖子,可上下同时烤。
老拇	lɔu2 mu3	总共,仅仅:~就这几个钱咧,你还要这要那的。
老女子	lɔu2 ȵy3 tsɿ	排行最小的女儿。②大龄未婚的女青年。
老杆子	lɔu2 kæ̃3 tsɿ	对中老年男性的称呼,有戏谑的意味。
老底子	lɔu2 ti3 tsɿ	内情、底细:你小心可不咧叫人把~抖出来!②多年积攒的财物:这一下把~都搭上咧!
老虎杠子	lɔu2 xu3 kaŋ5 tsɿ	一种通过“老虎、杠子、鸡、虫”之间的关系决定胜负的游戏方法。
捞毛	lɔu mɔu	干一些琐碎的不紧要的事情:~的事干咧个扎扎扎,还没落下好!
醪糟子	lɔu tsɔu tsɿ	江米酒:乜做下的~甜得很。
牢倒	lɔu tɔu5	厉害:这个人~得很,谁也惹不起。
牢实	lɔu ʂʅ	结实:现在的东西一点不~,净是些一次性的东西。唠三道四lɔu24sæ̃213tɔu44sɿ44说话唠唠叨叨。
劳劳不得	lɔu lɔu pu tei	形容困乏到了极点。
咾咾咾	lɔu lɔu lɔu	叫猪吃食的声音。
老百年	lɔu3 pei2 ȵiæ̃	指老年人去世。
老眉扎眼	lɔu3 mi tsa2 ȵiæ̃	形容人上了年岁或面相显老。
老不碴碴	lɔu3 pu tsʰa tsʰa	形容人年纪老(含厌恶义)。②指蔬菜不鲜嫩。
老不清醒	lɔu3 pu tɕʰiŋ2 ɕiŋ3	老糊涂。
老不死的	lɔu3 pu sɿ3 ti	对老年人的不礼貌称呼。
老碴碴	lɔu3 tsʰa tsʰa	同“老不碴碴”。
老碴碴	lɔu3 tsʰa tsʰa	老母猪。
老疙瘩	lɔu3 kɤ ta	家中排行最小的孩子。
老孙胎	lɔu3 suŋ tʰεi	同“老疙瘩”。
老倯	lɔu3 suŋ	对年纪较老之人的不敬之称。
老颠董	lɔu3 tiæ̃ tuŋ2	老糊涂。
老半吊子	lɔu3 pæ̃5 tiɔu5 tsɿ	同“老倯”。
老二	lɔu3 εr	弟兄姊妹中排行第二。②男性生殖器的避讳说法。老二杆子lɔu53εr44kæ̃53tsɿ21同“老倯”。
老羊皮	lɔu3 iaŋ pʰi	大羊的毛皮。
老回回	lɔu3 xuei xuei	当地人对回族的称呼。
老婆子	lɔu3 pʰɤ tsɿ	年老的女人。②丈夫对爱人的称呼。
老老婆子	lɔu3 lɔu pʰɤ tsɿ	年龄很大的女人。
老汉汉	lɔu3 xæ̃5 xæ̃	当地回族对汉族的称呼,也说“老汉人”。老死狗lɔu53sɿ21kəu53同“老倯”。
老嫁汉	lɔu3 tɕia5 xæ̃5	对年老妇女的不敬之词。
老骚情	lɔu3 sɔu tɕʰiŋ	对年老男女不自重的称呼。
老娘	lɔu3 ȵiaŋ	泼妇的自称。
老娘婆	lɔu3 ȵiaŋ pʰɤ	接生婆。
老实疙瘩	lɔu3 ʂʅ kɤ2 ta	指非常老实之人。
老人	lɔu3 ʐəŋ	父母的通称。
老人手	lɔu3 ʐəŋ ʂəu	原来就熟悉的人或老部下:原来些~都还在,这些事就不愁咧。/他病劲大咧,除咧些~来看他,再没人来。
老人家	lɔu3 ʐəŋ tɕia	尊称年老的人。
老人家	lɔu3 ʐəŋ tɕia	当地回民尊称自己的教主。
老岗岗的	lɔu3 kaŋ2 kaŋ ti	年老的,上了年纪的,多用于老年男性。老夯夯的lɔu53xaŋ213xaŋ21ti21同“老岗岗的”。
老屁桶	lɔu3 pʰi5 tʰuŋ3	同“老倯”。
老汉	lɔu3 xæ̃	年老的男子。②丈夫:你们家~干啥工作着呢?我们~闲着呢!
老头衫	lɔu3 tʰəu sæ̃	圆领短袖针织大背心。
老戏	lɔu3 ɕi5	传统的古装戏曲:这几天交流会上唱~着呢,你没看去?
老小伙子	lɔu3 ɕiɔu2 xuɤ3 tsɿ	未婚的大龄男子。②中老年仍富有朝气的男性。
老鸹	lɔu3 va	乌鸦。
老衣	lɔu3 i	寿衣。
老字	lɔu3 tsɿ5	繁体字。
老绝户头子	lɔu3 tɕyɤ xu tʰəu tsɿ	指没有子女后代的老头儿。
老七九	lɔu3 tɕʰi tɕiəu3	指七九式步枪。
老油条	lɔu3 iəu tʰiɔu	比喻那些处世经验多而变得油滑并且很不容易改变的人。
老历	lɔu3 li	农历:小成准备~腊月十八结婚呢。
老牛肉	lɔu3 ȵiəu ʐəu5	原指牛肉不嫩,引申为某人反应迟钝、缺少激情。
老先人	lɔu3 ɕiæ̃2 ʐəŋ	老祖宗。
老家里	lɔu3 tɕia2 ȵi	男子成家后对自己父母家的指称。
老儿子	lɔu3 εr tsɿ	排行最小的儿子。
老光棍	lɔu3 kuaŋ kuŋ5	年龄较大的未婚男性。
老大	lɔu3 ta5	排行最大的。也说“大窝子”。
老碎	lɔu3 suei5	排行最小的。也说“碎窝子”。
老上姑舅	lɔu3 ʂaŋ5 ku tɕiəu	指父亲的舅舅家族。
老气	lɔu3 tɕʰi	面相超过实际年龄:这个娃娃长得比别的娃娃~。②老成持重:年纪不大,还~得很!③颜色深暗,样式陈旧:这个衣裳你穿去太~咧!
老虎钳子	lɔu2 xu3 tɕʰiæ̃ tsɿ	虎头形的钳子,有转轴来控制钳口大小,用来拧螺丝。
老爷庙	lɔu3 iε miɔu5	关帝庙。
老本	lɔu2 pəŋ3	本钱。
涝坝	lɔu5 pa	大小不一、圆形、较浅,用来蓄水的坑,水的来源主要是雨水,供牲畜饮用:△~里洗手——自由权。
糟	tsɔu	做酒、醋剩下的渣子。②东西被糟蹋了:这么好的料子做沙发套去~咧。③(孩子)夭折:好不容易养咧个儿子还~咧。
造孽	tsɔu2 ȵiε	可怜,不好的境遇:你给点吃的,他给点穿的,谁都看着这两个人~。②对当前已很好的生活条件不满足,仍然嫌弃:你这是~着呢么,连你一样的娃娃吃的还是黑面馍馍。
搔痒人	tsɔu2 ȵiɔu3 ʐəŋ	挠痒痒。
早已	tsɔu3 i5	以前或某一时间之前:~他还碎的时候,他大就没咧。也说“早先”。
早先	tsɔu3 ɕiæ̃	同“早已”。
早晚	tsɔu3 væ̃3	迟早、随时:~你去人都在呢!
找后账	tsɔu3 xəu5 tʂaŋ	账算清后又来算账:你把账看清楚咧,再不咧~。②事情已过去而又找麻烦,多指事后追究责任的事:事情过
澡堂子	tsɔu3 tʰaŋ tsɿ	洗浴的地方,现多为“洗浴中心”替代。造窝tsɔu44vɤ213禽类孵蛋。
造窝母鸡	tsɔu5 vɤ mu3 tɕi	孵蛋的母鸡。②詈词。特指脾气不好的女人。
造化	tsɔu5 xua	指人的命运、运气:看他娃的~大嘛小。
造下咧	tsɔu5 xa liε	唯心的说法,指命中注定。
罩衣	tsɔu5 i	穿在棉袄上的单衣。
笊儿	tsɔu5 εr	笊篱,用金属丝或竹篾柳条等制成的能漏水的用具,长柄,用来捞东西。
灶火	tsɔu5 xuɤ	指用砖、坯砌成,以柴草、炭末为燃料的做饭的设备。也说“锅头”。
灶糖	tsɔu5 tʰaŋ	供奉给灶神的用麦芽糖稀做成的糖。
灶火爷	tsɔu5 xuɤ iε	灶神:腊月二十三,要送~上天。
操	tsʰɔu2	用锹将物品铲起。
操菜	tsʰɔu2 tsʰεi5	用筷子夹菜。
草纸	tsʰɔu2 tsɿ3	用稻草制成的纸。表面粗糙,多为黄色,用作包装纸。
草果	tsʰɔu2 kuɤ3	多年生草本植物,佐料中特指其长圆形果实,也可入药。
草狗子	tsʰɔu2 kəu3 tsɿ	母狗。
草稿纸	tsʰɔu2 kɔu3 tsɿ3	用来打底稿或演算的纸。
褿	tsʰɔu	(衣物因水洗、光照)褪色、脏旧:这个衣裳洗~咧,再不咧穿咧。
慥	tsʰɔu5	性急,不冷静:你乜动不动就~咧,啥时候把那改一改。《广韵·号韵》:“七到切。言行急。”
炒面	tsʰɔu3 miæ̃5	煮熟的面片再加油、肉、菜、佐料炒一遍。
炒面	tsʰɔu3 miæ̃	将面粉炒熟后当干粮吃:△炒面捏娃娃——熟人。炒瓢tsʰɔu53pʰiɔu24炒菜用的锅,有手抓的把儿。
吵家穷	tsʰɔu3 tɕia tɕyŋ	夫妻之间对爱唠叨的丈夫或妻子的称呼。草帽子tsʰɔu53mɔu44tsɿ21草帽儿。
草花	tsʰɔu3 xua	扑克中的梅花。
草驴	tsʰɔu3 ly	母驴。
草药	tsʰɔu3 yɤ	中医指用植物做的药材。
草摞	tsʰɔu3 luɤ5	小麦、胡麻打搌完毕摞成的草堆。
草字头	tsʰɔu3 tsɿ tʰəu	汉字偏旁名称,如“芳、花、苦”等字的上部。
草蔻	tsʰɔu3 kʰəu5	佐料的一种,特指草豆蔻的果实,也可入药。
臊胡	sɔu2 xu	山羊群里的种羊。
臊杆子	sɔu2 kæ̃3 tsɿ	山羊。
臊甲甲	sɔu2 tɕia3 tɕia	类似于屎壳郎的一种昆虫,常发出臊臭的味道。
臊葱	sou2 tsʰuŋ	葱的一个品种,气味浓烈。也说“龙葱、红葱”。
骚情	sɔu2 tɕʰiŋ	惹弄、骚扰:人忙着呢,你再不咧~咧!②言谈举止表现轻浮:看那个女的~嘛!
捎话带信的	sɔu2 xua5 tεi5 ɕiŋ5 ti	又是书信又是口信,形容非常紧急地催促。
捎	sɔu	迅速擦过:鞭子尖尖刚~上,脸上就一道血印子。
矂	sɔu	不经意、快速地看:我~咧一眼,没看清楚。
扫毛衣	sɔu3 mɔu i	指在秋冬之交将枯枝落叶收拾回来用于烧火取暖。
扫地出门	sɔu3 ti5 tʂʰu2 məŋ	没收全部财产,赶出家门:那个男人让女人给~咧!②指承包建筑工程时负责将所有涉及建筑的活都做好:~付全款!
扫垫猴	sɔu3 tiæ̃5 xəu	对爱打小报告、喜欢戳弄是非之人的称呼。扫帚sɔu44tʂʰu21用毛竹扎制的清扫工具,通常用来扫院子或马路。
扫帚星	sɔu5 tʂʰu ɕiŋ	彗星。迷信的人认为出现这种星是不吉利的征兆。②比喻给他人带来晦气或灾难的人。
潲	sɔu5	洒(水):刚做好的水泥台子等一阵子就要往上面~些水。《广韵·效韵》:“所教切。豕食又雨溅也。”
瘙	sɔu5	指动物身上生的疥癣:你们家的狗起咧~咧。《广韵·号韵》:“苏到切。疥瘙。”
瘙头	sɔu5 tʰəu	头上长有疥癣的人。
瘙狗	sɔu5 kəu3	生了疥癣的狗,常比喻为倒霉的事:我真是踏着~头上咧。
臊毛	sɔu5 mɔu	不体面、不争气:这个还是不做咧,不够~的!②尴尬:把人~得希走不下来咧!
臊子	sɔu5 tsɿ	加调料炒熟的肉末或肉丁:把这些羊肉给咱们爁成~。
臊子面	sɔu5 tsɿ miæ̃5	一种面食,面条出锅后将炒好的臊子浇盖在上面即成。
臊搅	sɔu5 tɕiɔu	扰乱、打搅:再不咧~,让人好好看戏!
臊摊子	sɔu5 tʰæ̃2 tsɿ	搅和使正常的事情无法进行:你这是做啥着
呢	,	简直是~呢么!
臊老鸹	sɔu5 lɔu va	指说话做事不吉利,给人带来晦气的人。哨眼sɔu44ȵiæ̃21旧式房屋留在侧墙上的通风口。
着上	tʂɔu2 ʂaŋ	遭遇到不好的事:这一下你娃娃~咧!
招呼	tʂɔu2 xu	招待、照料:家里来咧亲戚总得有个人给~着么!/这老的老,小的小,多亏咧二媳妇子~得好。
招女婿	tʂɔu2 ȵy3 ɕy	让男子到女方家里结婚并落户。
招手停	tʂɔu2 ʂəu3 tʰiŋ	在城市道路上载客的小型客车,招手即停,上下方便。
招识	tʂɔu2 ʂʅ	理睬,招惹:这个娃娃人就不敢~,~咧就上头呢。招嘴tʂɔu213tsuei53搭话、打招呼:连乜没~呢乜就走咧!
招不住	tʂɔu2 pu tʂʰu5	受不了:冻得~咧你就劈上些木柴棒棒架火烤去。
招祸	tʂɔu2 xuɤ	遭遇坏事与不幸:你娃娃不听老人的话,~还在后头呢。/你这么~着呢,就没有想一下子为啥吗!
招冷祸	tʂɔu2 ləŋ3 xuɤ	遭遇无法预测的不幸:再不敢往里挖咧,再挖就~呢。/没想到这还~呢,算我倒咧血霉咧。
照	tʂɔu	光线照射在物体上。②对着镜子或其他反光的东西看自己的影子。③摄影。④照看:我走的这几天,你给咱们把门~着。⑤根据,依照:~这么发展下去,我看就没是咧。⑥执照,凭证。⑦看:不信咧你~唦,谁还哄你呢。⑧对着,向着:~头上两砖头打得血冒呢!⑨仍旧,仍然:你说你的,乜~睡乜的。
超	tʂʰɔu2	傻、愣:你看你~着吗没~着,那个也是你能动的。
超子	tʂʰɔu2 tsɿ	傻子。
超倯	tʂʰɔu2 suŋ	同“超子”。
超道	tʂʰɔu2 tɔu5	指孩子身体健康,无疾病。
朝	tʂʰɔu	(介词)向,往:耍着呢没防住~头上一石头。/~东傍个再走上100米。
潮	tʂʰɔu	恶心、发潮:早上吃得不对咧,这一阵子心里~得很!
潮虫	tʂʰɔu tʂʰuŋ	在潮湿地带生活的一种小甲虫,全身灰褐色,善爬行。
烧	ʂɔu	烫:刚煮下的红薯还~手呢,等一阵再拿。②使东西着火。③用火或发热的东西使物品受热起变化:~水。④一种烹饪方法:~茄子。⑤体温增高:发~。⑥一种烈性白酒:~酒。
烧纸	ʂɔu2 tsɿ3	给死者焚化纸钱。
烧包儿	ʂɔu2 pɔu εr	由于变得富有或得势而忘乎所以。
烧心	ʂɔu2 ɕiŋ	心情激动,不能自已。
烧酒	ʂɔu2 tɕiəu3	白酒。也说“辣酒”。
烧锅子	ʂɔu2 kuɤ tsɿ	酒坊:固原市原州区杨郎乡有历史悠久的~。
烧人沟	ʂɔu2 ʐəŋ kəu2	固原城区的一条沟,因传说曾焚烧人的尸体而得名,现已被填平。
苕	ʂɔu	不明事理,愚蠢糊涂:那个人~着呢,管你把啥说下呢。②大量的:趁下台前~给自己捞油水呢么。
饶爷爷的孙子	ʐɔu iε iε ti suŋ2 tsɿ	相当于“省油的灯”,只能用在否定或反问句中:那就不是个~么,你还指望啥呢?/难道说他是个~?
挠	ʐɔu3	本义为烦乱,引申为挥动、晃动:他给我~咧一下手就走咧。《说文·手部》:“扰也。”
挠达	ʐɔu3 ta	晃来晃去。
燿	ʐɔu	强光刺眼:中午的太阳~得人的眼睛都睁不开么。②照:你穿上衣裳站到镜子跟前~一下。③看:拿过来让我~一下。
高头	kɔu2 tʰəu3	上面。
高头头	kɔu2 tʰəu3 tʰəu	最上面。
高里	kɔu2 ȵi	高处:把钟表再往~挂一下。②上面:箱子~放下谁的个裤子。
高房子	kɔu2 faŋ tsɿ	当地的一种建筑形式,相当于二层小楼,只是一楼是多为箍的窑洞并放置杂物,二楼住人。
高照眼	kɔu2 tʂɔu5 ȵiæ̃	指眼睛从外观看始终向上看的人,引申义指目空一切、高高在上之人。
高拐子	kɔu2 kuεi3 tsɿ	高跷。民间社火表演用具。
高信子	kɔu2 ɕiŋ5 tsɿ	民间社火表演中的一种形式。指的是将表演者装扮成不同的角色,固定在非常高的架子上,然后用车载着上街表演。
高山陡洼	kɔu2 sæ̃ təu3 va5	形容山势陡峭。
羔子皮	kɔu2 tsɿ pʰi	羊羔的毛皮。
搞娃娃	kɔu3 va va	带小孩。
搞娃娃女子	kɔu3 va va ȵy3 tsɿ	带小孩的女性小保姆。
搞摸	kɔu3 mɤ	抚慰、哄劝:女人么就是要~着来呢!②通过某种手段拉近并搞好关系:拿上两条好烟~一下就能过去!
搞悄	kɔu3 tɕʰiɔu	哄小孩儿使不哭闹。
搞价	kɔu3 tɕia5	讨价还价。
告油	kɔu5 iəu	给机械运转的地方添加润滑油。
烤	kʰɔu3	物体挨近火而熟或干燥。
犒	kʰɔu5	因长时间没有吃或用某种东西而非常想做:拿我赶紧吃个纸烟,把人~零干咧。
犒劳	kʰɔu5 lɔu	用酒食等慰劳。
好少	xɔu2 ʂɔu3	许多、很多:~的人想得都得不到呢!
蒿子	xɔu2 tsɿ	蒿草。
嚎鼻子	xɔu pi tsɿ	哭。
好么端端的	xɔu3 mu tuæ̃2 tuæ̃ ti	好端端的。
好天气	xɔu3 tʰiæ̃2 tɕʰi	指老年人的寿辰:今儿个是他爷爷的~,咱们欢闹一下!
好日子	xɔu3 ʐl2 tsɿ	同“好天气”。②民间认为吉利的日子,适宜建房、结婚等活动。
号	xɔu	批阅(作业、试卷):吃完饭赶紧要把这些作业给~咧呢。②量词,种类。给那~人再不咧给啥咧。
号脉	xɔu5 mei2	诊脉。
好	xɔu5	喜爱:他就~下那个调调!
噢哟	ɔu2 iɔu	表示惊异或赞叹。
噢哟哎	ɔu2 iɔu εi3	同“噢哟”,但程度较深。
猋	piɔu2	轻捷快行:他一个趟子~咧。《说文·犬部》:“~,犬走貌。”又,走部:“,轻行也。”“猋,”,音同义通。《广韵·霄韵》:“浦遥切。”
婊子	piɔu3 tsɿ	詈语,妓女。
婊子儿	piɔu3 tsɿ εr	詈语,婊子养的。
嫖头	pʰiɔu tʰəu	宿妓嫖娼、玩弄女性的男子。
嫖客	pʰiɔu kʰei	同“嫖头”。
漂鱼子	pʰiɔu2 y tsɿ	麻将术语。常用于赌博,指事先约定输赢的倍数,待和牌后按倍数出钱或收钱。也说“跑鱼子”。
描红	miɔu xuŋ	是我国传统的习字法,指在印有红色字或空心红字的纸上摹写。
矛子	miɔu tsɿ	长矛。
庙	miɔu5	供奉神佛或历史上有名人物的地方。
妙巧	miɔu5 tɕʰiɔu	娇气,抵抗力弱:你看你咋这么~,哪一次感冒你没赶上?
刁	tiɔu2	抢、夺:夜来黑咧一个女子的包包叫贼娃子硬~着去咧。刁空子tiɔu213kʰuŋ44tsɿ21抽空儿。
刁吃抢喝	tiɔu2 tʂʰʅ tɕʰiaŋ3 xuɤ	在食物面前又争又抢,不知礼让。吊长tiɔu44tʂʰaŋ24窄而长。
吊兰	tiɔu5 læ̃	多年生草本植物。具簇生圆柱状肥大须根和短根状茎,叶线形或线头披针形,花葶细长,自叶丛中抽出,有时形成匍匐状茎,先端形成叶丛和粗短不定根。总状花序顶生,花小,白色。常见盆栽,置于室内高处,供观赏。
吊死鬼	tiɔu5 sɿ kuei	上吊死亡的人,比喻成天沉着脸的人:整天拉个驴脸,连个~一样。
吊罐子	tiɔu5 kuæ̃ tsɿ	本地回族使用的洗浴用具,盛水容量比汤瓶大。
跳团	tʰiɔu tʰuæ̃	来回折腾:△狗肉不上台板,上咧台板胡~。
调和	tʰiɔu xuɤ	佐料。也说“调和面子”。
调羹子	tʰiɔu kəŋ tsɿ	小汤匙。
条绒	tʰiɔu ʐuŋ	灯芯绒:20世纪70年代,~衣裳流行得很。
条桌子	tʰiɔu tʂuɤ tsɿ	长条形的桌子。
笤刷子	tʰiɔu ʂua tsɿ	体形较小的笤帚,常用来扫炕或面粉。
笤帚疙瘩	tʰiɔu tʂʰu kɤ2 ta	笤帚把儿:你不咧讨厌,再讨厌叫你挨一顿~。
挑咧	tʰiɔu3 liε	指猜拳喝酒时,输赢双方各拿出相等量的酒,通过猜拳让这些酒归一个人喝。也说“砸咧”。
挑担	tʰiɔu3 tæ̃	姐姐的丈夫和妹妹的丈夫之间的亲戚关系。也说“一担挑”。
跳仗子	tʰiɔu5 tʂaŋ5 tsɿ	在原地转圈,来回走动,喻指内心焦急:急得我~呢,乜还四平八稳的。
跳槽	tʰiɔu5 tsʰɔu	对现有的工作不满而重新换工作:乜对这份工作早就烦咧,准备~呢。
跳腾	tʰiɔu5 tʰəŋ	幅度不大地跳:(受伤的)腿还没好利索呢,再
跳房子	tʰiɔu5 faŋ tsɿ	在地上画出方格,单腿跳来跳去的游戏。
跳皮筋	tʰiɔu5 pʰi tɕiŋ	跳橡皮筋的游戏。
调搭	tʰiou5 ta	调整安排:你看着~给一下就能成咧。也说“调腾”。
调腾	tʰiɔu5 tʰəŋ	同“调搭”。
掉个过儿	tʰiɔu5 kɤ kuɤ5 εr	掉换位置:你连他~照出来就好看咧。
敹	liɔu2	粗略地缝。《广韵·萧韵》:“落萧切。”
撩攣	liɔu2 luæ̃	做、干:你总把那~着呢么,就定定地等我着呢!撩承liɔu213tʂʰəŋ21准备(做):刚~着走恰,你就来咧。
燎	liɔu3	挨近了火而烧焦(多用于毛发):拿些柴草点着把宰下的羊羔子身上的毛毛子~给一下。
燎疳	liɔu3 kæ̃	春节习俗,指农历正月二十三晚上,各家在院子或门口用柴草生起火来,大人小孩从火堆上跳来跳去,放鞭炮,将贴在门上的春联撕下放进火堆。等柴草烧成灰烬,用铁锹将灰烬扬撒至空中,边撒边念叨:麦子花……洋芋花等,以期有个好收成。
了然	liɔu3 ʐæ̃	放心、解脱:给你把媳妇说上,你妈也就~咧。
撂	liɔu	扔、掷:隔着墙撇石头~瓦渣地,要干啥呢?②丢失:他把100块钱~咧。③留下:我可把话~着这儿,你们看着办!
嫽	liɔu5	本义为美好,引申为喜欢卖弄、好出风头:看把你给~的,不就是件西装么,真是个~片子。《广韵·小韵》:“力小切。好貌。”
瞭哨	liɔu5 sɔu5	给正在从事秘密活动的人观察动静:你们都进去耍钱去咧,谁给你们~呢!
嫽片子	liɔu5 pʰiæ̃3 tsɿ	讲究穿戴打扮以图卖弄之人。
寥天地里	liɔu5 tʰiæ̃ ti5 ȵi	指空旷的野外或四周没有遮挡的地方,常用来比喻某人缺少家教:夜黑来在~睡咧一晚上。/这个娃娃是~长大的,性子野得很!
交裆	tɕiɔu2 taŋ2	人的两条腿之间,裆部。
胶布子	tɕiɔu2 pu5 tsɿ	胶布。
搅打	tɕiɔu2 ʐɔu3	打扰:这几天把亲戚给~得劲大咧。
焦毛炼丹	tɕiɔu2 mɔu liæ̃5 tæ̃	形容十分着急的样子(含贬义):你一下子~着要做啥呢!
搅团	tɕiɔu3 tʰuæ̃	一种具有地方风味的面食。将荞麦面慢慢撒入温水锅中,边搅边加热,直至将面粉搅成软硬适中的黏稠面团即可食用,吃时蘸蒜、醋等调味品。
搅屎棍	tɕiɔu3 sɿ3 tuŋ5	比喻干涉、破坏某事的人。
搅搭	tɕiɔu3 ta	打扰、扰乱:再不咧胡~唦,让我静静睡一阵子。
狡诈	tɕiɔu3 tsa5	不老实,心眼儿多:弟兄几个基本上都老实着呢,就老二~一点。
铰	tɕiɔu3	用剪刀剪。
铰衣裳	tɕiɔu3 i2 ʂaŋ	按照量定的尺寸裁剪布料。
铰指甲	tɕiɔu3 tsɿ tɕia	剪指甲。
铰窗花	tɕiɔu3 tʂʰuaŋ xua	剪纸。
铰头发	tɕiɔu3 tʰɔu fa	指女人剪发。
绞丝旁	tɕiɔu3 sɿ pʰaŋ	汉字偏旁名称,如“纱、级、纺”等字的左半边。
搅另	tɕiɔu3 liŋ	简单、简洁:不咧牵扯那么多的人,这个事就~得很!②利索:把手跟前挡挂的东西一拿过,人干啥去就~咧。
搅然	tɕiɔu3 ʐæ̃	日常各种开支、花销:看去挣咧些钱着呢,不够~么。
搅销	tɕiɔu3 ɕiɔu	所用的成本:除过~,还能剩些过年的钱。也说“开销”。
搅肠痧	tɕiɔu3 tʂʰaŋ tsa	肠梗阻。
叫	tɕiɔu	表示指使、容许或听任:~他去,不咧理咧!②被、让(表被动):街上的公用电话亭~人给弄日塌咧。
叫去	tɕiɔu5 tɕʰi5	算了:~,不咧管!
叫魂	tɕiɔu5 xuŋ	一种迷信的做法。指小孩或大人受惊吓后,被认为丢了魂魄,于是用小碗装了面粉后用布包起来,放在神龛前,每天烧香供奉并往碗里填少许面粉,少则3天,多则7天,然后将碗中面粉或蒸或烙给受惊吓的人吃,同时反复呼叫其名字。
叫驴	tɕiɔu5 ly	公驴。
叫鸣	tɕiɔu5 miŋ	公鸡打鸣。
叫名名	tɕiɔu5 miŋ miŋ	名义上:~给我买咧一台电脑,实际上还不是他用着呢。
窖雪	tɕiɔu5 ɕyɤ	下雪时,雪被风刮成较高的棱状。
绞棒子	tɕiɔu5 paŋ2 tsɿ	使捆绑大件物品(多为较重或易散的)的绳索更紧一些的小棍子:多准备些~,一下子捆紧成。②比喻给某人增加压力:这个人就是要上~呢,要不然就没是不行。
熇	tɕiɔu5	天气酷热(多用于太阳曝晒,空气热干):这两天天气~得很。《说文·火部》:“火热也。”《广韵·屋韵》:“呼木切。热也。”
焦	tɕiɔu5	人脾气大、性子急:这人做啥~得很。
酵子	tɕiɔu5 tsɿ	发酵用的面引子。
蹻	tɕʰiɔu2	抬腿迈过(沟渠或障碍物):老式房的门槛都高一些,要~过去。《说文·足部》:“举足行高也。”《广韵·霄韵》:“去遥切。举足高。”
敲打	tɕʰiɔu2 ta3	教育,教导:娃娃几天要是不~,就了不得咧。悄着tɕʰiɔu213tʂɤ21住口、别吵闹。
劁	tɕʰiɔu2	专指对猪的阉割。
缲	tɕʰiɔu2	做衣服边儿或带子时把布边儿往里头卷进去,然后藏着针脚缝。
翘	tɕʰiɔu	木制品受水浸湿后干燥变形:房门~咧关不严实。
憔	tɕʰiɔu	用眼过度致使眼皮发干发涩:你看你眼睛~成啥咧,赶紧睡着去。
荞麦	tɕʰiɔu mei	一年生草本。茎直立,上部分枝,绿色或红色。可以做面条、饸饹、凉粉等食品。
荞皮	tɕʰiɔu pʰi	荞麦脱皮后留下的壳,当地人多用来填充枕头。荞珍子tɕʰiɔu24tʂəŋ213tsɿ24荞麦脱皮后留下的子实。
□	tɕʰiɔu5	雨水泥泞:下咧雨,巷子里全是泥连水,~得很!
翘	tɕʰiɔu5	手脚因受冻而不灵活:手冻~着呢,不能拿笔写字。也说“拙”。
雀儿	tɕʰiɔu3 εr	对小鸟的统称。
雀舌头面	tɕʰiɔu3 ʂɤ tʰəu miæ̃	形状像小鸟舌头的带汤面食。
窍大	tɕʰiɔu5 ta5	点子多,办法大。
窍道	tɕʰiɔu5 tɔu	窍门、门道。
痒	ȵiɔu3	皮肤或黏膜受到轻微刺激时引起的想挠的感觉。
咬	ȵiɔu	啃、咬。叫狗~咧!②狗叫:狗~得不停咧!③供出同谋:叫进去的人给~出来咧!
咬仗	ȵiɔu3 tʂaŋ5	野兽或家畜相互争斗。
咬耳朵	ȵiɔu3 εr3 tuɤ	说悄悄话。
尿	ȵiɔu5	理睬、服气:乜两个谁还不~谁。
尿尿	ȵiɔu5 ȵiɔu	(名词)尿液。
尿尿	ȵiɔu5 ȵiɔu5	(动词)解小便。
尿水子	ȵiɔu5 ʂuei tsɿ	喻指眼泪。
尿得高	ȵiɔu5 ti kɔu	对自大之人一种嘲讽的说法:你还比谁~。尿炕精ȵiɔu44kʰaŋ44tɕiŋ21指经常尿床的小孩。
尿褯子	ȵiɔu5 tɕʰiε5 tsɿ	尿布。
尿脬	ȵiɔu5 pʰɔu	膀胱。
尿穗子	ȵiɔu5 suei5 tsɿ	男性生殖器的避讳说法。
肖	ɕiɔu2	(人或物)不结实,经不起摔打:这个凳子也太~咧,一坐就坏咧。/娃娃~得很,动不动就嚎开咧。
肖皮胎	ɕiɔu2 pʰi tʰεi	指经常爱哭的孩子。
消缓	ɕiɔu2 xuæ̃3	来得急,不着急。
消停	ɕiɔu2 tʰiŋ	空闲:等~咧我再给你说。②停止、歇:你能不能~一阵儿。③慢慢地:这个事你~弄,啥时候弄好咧给我说。
消消停停	ɕiɔu2 ɕiɔu tʰiŋ tʰiŋ	悠闲、不紧不慢:时间还长着呢,你~地弄。
小眼	ɕiɔu2 ȵiæ̃3	眼馋、小气,爱占小便宜。
小米子	ɕiɔu2 mi3 tsɿ	谷子的实。
小产	ɕiɔu2 tsʰæ̃3	流产:刚~咧你要注意身子呢。
小炒	ɕiɔu2 tsʰɔu3	将牛羊肉切成丝儿或丁儿,再与粉条等加调料爆炒而成的菜肴。
小暑	ɕiɔu2 ʂu	节气之一。
小楷	ɕiɔu2 kʰεi	用毛笔写的小的楷体汉字。②写小楷的毛笔。小鬼ɕiɔu213kuei53迷信中指阎王、判官的差役:阎王好见,~难求。
小搞油	ɕiɔu2 kɔu3 iəu	做生意或者做其他事情在投资和收入上幅度都不大。
小卖部	ɕiɔu2 mεi3 pʰu5	卖日用小商品的商店。
肖诞	ɕiɔu tæ̃5	取笑,耻笑。
小拇尕	ɕiɔu3 mu ka	小拇指。
小月	ɕiɔu3 yɤ	同“小产”。
小尽	ɕiɔu3 tɕiŋ	农历是29天的月份。
小工子	ɕiɔu3 kuŋ tsɿ	指建筑行业里从事简单体力劳动,没有专门技术的工人。
小家子	ɕiɔu3 tɕia tsɿ	小气。也说“小家旱气”。
小家旱气	ɕiɔu3 tɕia xæ̃5 tɕʰi5	同“小家子”。
小炉匠	ɕiɔu3 lu tɕiaŋ	修理小五金的工匠。②指心胸狭窄之人。小叔子ɕiɔu53ʂu21tsɿ21丈夫的弟弟。
小姑子	ɕiɔu3 ku tsɿ	丈夫的妹妹。
小姨子	ɕiɔu3 i tsɿ	妻子的妹妹。
小舅子	ɕiɔu3 tɕiəu tsɿ	妻子的弟弟。
小燕麦	ɕiɔu3 iæ̃5 mei	莜麦,麦粒磨成面粉后供食用。
小上姑舅	ɕiɔu3 ʂaŋ5 ku tɕiəu	指母亲娘家的兄弟们。
小气毛儿	ɕiɔu3 tɕʰi5 mɔu r	指吝啬之人。
小肚子	ɕiɔu3 tu tsɿ	腹的下部(肚脐以下)。
小区	ɕiɔu3 tɕʰy	是指在城市一定区域内、具有相对独立居住环境的大片居民住宅,同时配有成套的生活服务设施。
小雪	ɕiɔu3 ɕyɤ	节气之一。
小菜	ɕiɔu3 tsʰεi	酒宴上非正式菜的总称。②用餐时简单、可口的小盘菜。
小头子	ɕiɔu3 tʰəu tsɿ	木头直径小的一端。②物体分量轻的一头。③数量相对少的一份。
小满	ɕiɔu3 mæ̃	节气之一。
小寒	ɕiɔu3 xæ̃	节气之一。
小生	ɕiɔu3 səŋ	古典戏曲中生角的一种,扮演青年男子。
小病	ɕiɔu3 piŋ5	与“大病”相对,指对人体机能影响较弱的疾病。小名子ɕiɔu53miŋ24tsɿ21乳名。
晓得	ɕiɔu3 tei	知道。
晓不得	ɕiɔu3 pu tei	不知道。
笑话	ɕiɔu5 xua	让人发笑的事情。②嘲笑。
笑摊	ɕiɔu5 tʰæ̃	同“笑话①”。
孝盆子	ɕiɔu5 pʰəŋ tsɿ	指送葬时顶在孝子头上的瓦盆,通常是在开始送葬时由死者的儿子摔碎它。
妖	iɔu2	故作姿态:对咧对咧,再不咧~咧。
妖风	iɔu2 fəŋ2	突然刮起的一阵风,风力大,风速快。
妖罐罐	iɔu2 kuæ̃5 kuæ̃	指经常故作姿态之人。
吆	iɔu2	驱、赶(家畜)。
吆三喝四	iɔu2 sæ̃ xuɤ5 sɿ5	形容盛气凌人、指手画脚的样子。
腰窝儿	iɔu2 uɤ εr	指人或猪、牛、羊的肾。
腰子	iɔu2 tsɿ	同“腰窝儿”。
腰花	iɔu2 xua	用猪、牛、羊的肾烹制的菜肴。
腰身	iɔu2 ʂəŋ	人的体形:就你这么个~,还敢跳健美舞?②缝制上衣时各部分的尺寸、样式:做衣裳得有个~么,总不能做成个面袋子!
摇把	iɔu pa3	发动拖拉机等的摇手。
摇宝	iɔu pɔu3	一种赌博的方式。用专制的上下可以揭开的碗状物,放置两个骰子,摇动至停,然后由赌者押大或押小以决定输赢。
窑	iɔu	供人居住或存放物品的窑洞。②烧制砖瓦的火窑。
窑脑里	iɔu2 nɔu3 ȵi	窑洞的最里边。
要不咧	iɔu5 pu liε	要不然:~让我去,看他能说个啥!
要着吃的	iɔu5 tʂɤ tʂʰʅ ti	叫花子。
要饭的	iɔu5 fæ̃5 ti	同“要着吃的”。
葽	iɔu5	用麦秆、稻草等临时拧成的绳状物,用来捆扎割倒的麦子或稻子等。
腰子	iɔu5 tsɿ	靴子或袜子束脚腕的筒儿。
要欺头	iɔu5 tɕʰi2 tʰəu	逞强(含贬义)。你在我这达~呢,你找错人咧!
要紧把慢	iɔu5 tɕiŋ pa mæ̃5	紧要关头。
崾岘	iɔu5 ɕiæ̃	两山相连的豁口。
鹞子	iɔu5 tsɿ	雀鹰。鹰的一种。比苍鹰小,上体暗褐色,两翅呈黑褐色,有横斑,翼下形成一大白斑,尾呈叉尾,较长。活动在开阔地区,筑巢于树上。钩嘴,利爪,捕食鸟、鼠等,是一种猛禽。常被驯化后被人所用。
斗	təu3	计量粮食数量的器具。方形,口大底小。
斗篷	təu3 pʰaŋ	披在肩上没有袖子的外衣,有的还带有帽子,多为儿童冬装。
闘	təu5	对接:拿碎布块块~咧个褥子面子。《说文》:“遇也。”《广韵·候韵》:“都豆切。”
揄	təu5	动、碰、招惹:放下再不咧~咧。《说文》:“引也,一曰动也,一曰邪揄,手相弄。”《广韵·候韵》:“度候切。引也。”
豆豆	təu5 təu	豆子:△二月二,炒~,你要把我叫舅舅。②如豆状的液体:一句话说得人眼泪~淌呢。
豆腐皮	təu5 fu pʰi	传统豆制品。
豆干	təu5 kæ̃	传统豆制品。
豆腐脑儿	təu5 fu nɔu3 r	传统豆制品。
豆腐乳	təu5 fu ʐu3	传统豆制品。
豆浆	təu5 tɕiaŋ5	传统豆制品。
豆芽子	təu5 ia tsɿ	用黄豆或绿豆生的带芽的菜。
豆角	təu5 tɕyɤ	豆荚,常用蔬菜。
豆角子	təu5 tɕyɤ tsɿ	豌豆结的豆荚,未完全成熟时可生食。
斗鸡	təu5 tɕi	一种两人或多人玩的游戏。玩时一条腿站立,另一条腿弯曲并将脚踝用手抱住,然后跳着用膝盖互相碰撞,双脚先着地者为负。
偷肥子	tʰəu2 fei tsɿ	不知不觉中就增肥的人:我是个~,吃啥都吸收呢。
偷奸抹滑	tʰəu2 tɕiæ̃ mɤ3 xua	用巧妙的手段逃避应做的事情。
投	tʰəu	漂洗,同“摆衣服”,也叫“投衣服”。②等到(表示时间条件):~你赶着来,黄花菜都凉咧。
头皮子	tʰəu pʰi tsɿ	头皮:刚才危险得很,想起来~都发麻呢。②头皮屑:头上~多得很,赶紧洗一下去。
头一个	tʰəu i kɤ	第一个。
头首子	tʰəu ʂəu tsɿ	生的第一个孩子。
头里	tʰəu ȵi	刚才:~有谁说明天放假着呢。②先,前面:小张~走咧,你赶紧追他去。/你往~再走下,后面太挤咧。
头票	tʰəu tsʰæ̃	淘米、漂洗衣服或熬药的第一遍。
头口	tʰəu kəu	驴、马、骡等牲口的通称。
头昏脑涨	tʰəu xuŋ nɔu3 tʂaŋ5	头脑迷糊:几场试考下来,弄得人~的。
头疼脑热	tʰəu tʰəŋ nɔu3 ʐɤ	泛指小的疾病。
头	tʰəu	名词后缀。跟名词性语素组合,构成普通名词:石~。②跟某些动词性语素组合,构成表示整体中一部分的名词:赚~。③跟动词性、形容词性语素组合,构成抽象名词:耍~。④方位词后缀:高~。
抖	tʰəu	打开(包着或卷着的东西):你把包袱~开,看里面都是些啥。②抖落:把衬衣脱咧~一下,看有没有碎头发。③因颠簸而抖动:这半截路把人给~坏咧。④遭遇不测而受不了:这一下就把小伙子给~咧。⑤引申为张扬、张狂:你不咧~咧,看我咋收拾你。⑥引申为暴打:几下子把牙碴给~咧。
擞	tʰəu5	用火钩插到火炉里来回抖动,让炉灰掉下去:把炉子好好~一下,让火再旺些。
擞弄	tʰəu5 luŋ	内外勾结,暗中转移:家里出咧个败家子儿,该~的早就~光咧!
熰	nəu3	用拔火罐的方式治疗:脊背疼咧让我给你~几下。
熰罐子	nəu3 kuæ̃ tsɿ	拔火罐用的瓷或玻璃罐子。
怄	nəu3	憋着气鼓劲:~下子一股气,硬给弄成咧。
軁	ləu2	跑:背上个筐筐就~咧,追也追不上。
漏勺	ləu5 ʂuɤ	铁制的有许多眼儿的勺子。
蛛蛛	tsəu2 tsəu	蜘蛛。
走手	tsəu2 ʂəu3	行走的姿态、样子。
走样	tsəu3 iaŋ	变形、失去原样:咋么话传到你跟前就~咧。
走过	tsəu3 kuɤ5	走开、让开。
走动	tsəu3 tuŋ5	亲友、邻里之间的来往交际。
走扇	tsəu3 ʂæ̃	门窗由于枢纽、框变形磨损而不能关上或打开。
走上走	tsəu3 ʂaŋ tsəu3	步行去某地:你说坐车呢吗还是~呢。
走逭路	tsəu3 væ̃5 lu	本义为走冤枉路,比喻做事不得要领,没有
走车儿	tsəu3 tʂʰɤ εr	汉字偏旁名称,如“迁、过、达”等字的左边。
搊	tsʰəu2	手向上方、斜上方用力扶或推搡:你先~住些,我换个手。《广韵·尤韵》:“楚鸠切。搊,手搊。”
搊护	tsʰəu2 xu5	帮扶、提携。
惆怅	tsʰəu tʂʰaŋ	忧愁,发愁。
瞅	tsʰəu3	看。
瞅对象	tsʰəu3 tuei5 ɕiaŋ5	找对象。
馊	səu2	吝啬、小气:我一看他那个~样子就来咧气。
鏉	səu3	本义为镂刻,引申为物品(尤其是树木、木器)被虫蛀:在课桌上用刀子~咧一道壕。/这块板让虫给~咧,不能用咧。《广韵·候韵》:“速候切。刻镂。”
鏉腾	səu3 tʰəŋ	找寻、翻腾:这个娃娃蹴着家里没事干刚知道胡乱~。
瘦肌麻达	səu5 tɕi ma ta	身体瘦削,弱不禁风。
瘦死连筋	səu5 sɿ liæ̃ tɕiŋ	皮包骨头,非常瘦削。
周瑜	tʂəu2 y	用言语或行为欺侮别人使生闷气:你把我~地够呛!/迟早就让人~死咧。
周	tʂəu3	用手举着。引申为摆架子难为人:手里~下个旗旗子。/才当咧个碎扎糜子官,就把人~得不行咧。《广韵·有韵》:“侧九切。执物相著。”
周猴子	tʂəu3 xəu tsɿ	木偶。②傀儡。
周倯	tʂəu3 suŋ	摆架子,自尊自大之人。
周周巴巴	tʂəu3 tʂəu pa2 pa	形容自尊自大的样子:寻着人家问个事呢,把乜还~的问不言传。
咒实	tʂəu5 ʂʅ	愚蠢。
抽风	tʂʰəu2 fəŋ	抽搐。②比喻做事违背常情:这两天可~着呢,不咧管!
抽筋	tʂʰəu2 tɕiŋ2	同“抽风②”。
抽时间	tʂʰəu2 sɿ tɕiε	挤出时间。
稠	tʂʰəu	液体中固体成分较多(跟“稀”相对):舀饭舀得太~咧些。②稠密:那个男人胡子~得很!
绸绸子	tʂʰəu tʂʰəu tsɿ	绸子。
丑	tʂʰəu3	地支的第二位,代表动物是牛。
臭斑斑	tʂʰəu5 pæ̃ pæ̃	一种躯体扁平、有特殊臭气的小昆虫,喜生
臭美	tʂʰəu5 mei3	打扮、美容。
臭虱	tʂʰəu5 sei	臭虫。
臭蛋	tʂʰəu5 tæ̃5	樟脑丸。
臭椿	tʂʰəu5 tʂʰuŋ	椿树的一个品种。
臭眼	tʂʰəu5 ȵiæ̃3	狐臭。
臭棍	tʂəu5 kuŋ	系在牲畜尾巴下面的一条短棍儿,两头用绳子系住套在鞍子上,以防鞍子往前滑:△驴乏咧怨~。
臭屁桶	tʂʰəu5 pi5 tʰuŋ3	喻指事情做得不妥当之人。
臭绣球	tʂʰəu5 ɕiəu5 tɕʰiəu	天竺葵,散发臭味。
臭稀咧	tʂʰəu5 ɕi2 liε	做事做得太差劲了。
臭笏板	tʂʰəu5 xu pæ̃3	指做事非常差劲之人。
收就	ʂəu2 tɕiəu	获取、收集:我看你都~下些啥烂东西。②收留:多亏乜~我,不然的话我早死咧。
手手子	ʂəu3 ʂəu3 tsɿ	手的小称义。
手脚不干净	ʂəu3 tɕyɤ pu kæ̃2 tɕiŋ5	比喻常有小偷小摸的行为:这
手大	ʂəu3 ta5	指花钱很随意,浪费:手里有咧钱,乜家就~开咧,买这买那的。也说“手脚大”。
手大人	ʂəu3 ta5 ʐəŋ	指花钱很随意,浪费的人:那倯是个~,给多少花多少。
手绢儿	ʂəu3 tɕyæ̃3 r	随身携带的小块织物,用来擦汗或擦鼻涕等。手帕ʂəu53pʰa21同“手绢儿”。
手里	ʂəu3 ȵi	指某人的经济情况:这几天,~就紧张得很!手跟前ʂəu53kəŋ21tɕʰiæ̃24身边:他~就这么一个儿子。
手闲	ʂəu3 ɕiæ̃	形容某人的手好动:你看你~吗不~?
手简	ʂəu3 tɕiæ̃3	形容某人手快(含贬义):你到底~得很,就不能等一下别人!
手指舞指	ʂəu3 tsɿ3 vu tsɿ3	形容说话时手势动作繁多,让人厌烦:你说就说么,~的像个啥样子!
受看	ʂəu5 kʰæ̃5	(外观)好看、耐看、看着顺眼。
受活	ʂəu5 xuɤ	舒服。
受应	ʂəu5 iŋ	同“受活”。
受阳罪	ʂəu5 iaŋ tsuei5	受苦受累:跟上你~着呢么,你当是享福呢!受咧风咧ʂəu44liε21fəŋ213liε21被风吹了,中风。也说“迎咧风咧”。
寿路	ʂəu5 lu5	迷信的人认为人活得岁数是命中注定的。
寿器	ʂəu5 tɕʰi	对棺材的委婉说法。
柔	ʐəu	脆的食物变得柔韧:炒下的花生受潮~咧。②性格温顺:这个人性子就~得很!
揉面	ʐəu miæ̃5	揉搓面团使之有筋骨。
蹂	ʐəu3	用脚前后磨踩:地下跑下一个牛牛,赶紧~给一脚。《广韵·有韵》:“人九切。践也。”
肉	ʐəu	瓜果的口感不脆嫩:这个西瓜是个~瓤子。②性情不急不慢,像温吞水:哎呀,你能不能快一些,真个~着没剩下。
肉头	ʐəu5 tʰəu	指呆头呆脑、软弱无能、遇事畏缩的人。
肉牛	ʐəu5 ȵiəu	指成长期较短,专供宰杀食用的牛。
肉鸡	ʐəu5 tɕi	指成长期较短,专供宰杀食用的鸡,与“土鸡”相对。肉山ʐəu44sæ̃213形容某人体格健壮,像肉堆成的小山一样。
肉不唧唧	ʐəu5 pu tɕi tɕi	同“肉②”。
肉夹馍	ʐəu5 tɕia2 mɤ5	一种食品。将熟的牛、羊、猪肉及菜蔬剁碎夹到烙好的饼子里即成。
肉捻捻	ʐəu5 ȵiæ̃ ȵiæ̃	形容肥胖的样子。
佝	kəu2	脊背向前弯曲:腰~下吃力得很。《广韵·候韵》:“呼嘱切。佝偻,短丑。”
尻子	kəu2 tsɿ	屁股。
尻蛋子	kəu2 tæ̃5 tsɿ	屁股蛋儿。
尻门子	kəu2 maŋ tsɿ	肛门。
尻渠子	kəu2 tɕʰy tsɿ	屁股左右臀之间相连的部位。
尻壕子	kəu2 xɔu tsɿ	同“沟渠子”。
尻墩子	kəu2 tuŋ tsɿ	臀部。
狗脸亲家	kəu2 liæ̃3 tɕʰiŋ5 tɕia	比喻儿童间忽好忽恼的关系。
狗蹲子	kəu3 tuŋ2 tsɿ	形容人像狗一样蹲坐在地上。
狗曲刺	kəu3 tɕʰy tsʰɿ5	野枸杞。
狗不拉唧	kəu3 pu la tɕi	言行流里流气,具有痞子作风。
垢圿	kəu3 tɕia	人的皮肤由于出汗等新陈代谢而产生的污垢:赶紧洗澡去,你看你身上的~有多厚。
垢圿色	kəu3 tɕia sei	指物品的色泽不亮丽:穿下一身~衣裳,还晓不得自己姓啥。
狗	kəu	(名词)地痞、流氓:那是些~一个,你小心一点。②(形容词)形容某人有地痞、流氓的那种样子:看上去~得很,怕不敢惹。
狗儿	kəu3 r	对小孩子的爱称。
狗大爷	kəu3 ta5 iε	地痞、流氓:那是个有名的~,谁给不认识!
狗尿苔	kəu3 ȵiɔu5 tʰεi	真菌的一种,生长在潮湿的地方,菌盖带红色,表面有黏液,有臭味,不能食用。
狗吃屎	kəu3 tʂʰʅ sɿ3	形容人向前扑倒,嘴先着地。
狗刨	kəu3 pʰɔu	像狗游水一样的游泳姿势。
狗娃子	kəu3 va tsɿ	小狗。
狗撵兔	kəu3 ȵiæ̃3 tʰu5	指本应是对称的物品,结果朝向一个方向,就像一个赶着一个似的:窗花贴反了,本来应该是头对头,结果贴成咧个~。
狗链儿子	kəu3 liæ̃5 εr tsɿ	狗交配。
枸杞子	kəu3 tɕi tsɿ	落叶灌木,经栽培也可成小乔木状。茎直立,主枝粗壮,果枝细长,先端通常下垂,刺状,枝短而细。单叶互生或数片丛生于短枝上,叶子披针形。花淡紫色,浆果熟后红色。叶入药叫精草,花入药叫长生草,根入药叫地骨皮。②这种植物的果实,是宁夏“五宝”中的“红宝”。色泽红润鲜艳,粒大肉厚,是一种名贵中药材,具有补精益气、明目安神之效。
抅	kəu5	用不锋利的刀子来回割。
够	kəu	数量上可以满足需要。②(用手等)伸向不易达到的地方去接触或拿来。
够够的	kəu5 kəu5 ti	引起人的反感,令人厌烦之极:那个人说的话,让我对他~!
抠痒痒	kʰəu2 ȵiɔu3 ȵiɔu	挠痒痒。
扣	kʰəu	用盆或筐将东西盖在里面。
口唤	kʰəu3 xuæ̃	许可、命令。伊斯兰教用语。
口重	kʰəu3 tʂuŋ5	口味重,喜欢吃调味品重的食物。
口轻	kʰəu3 tɕʰiŋ	口味轻。②指骡马一类的家畜年龄不大。
口条	kʰəu3 tʰiɔu	供食用的猪舌头。
口口子	kʰəu3 kʰəu tsɿ	小口儿。
口歌子	kʰəu3 kɤ tsɿ	口诀。
扣眼	kʰəu5 ȵiæ̃3	衣服上扣住纽扣的眼儿。
诟	xəu2	恼怒,怀怒欲发状:把人给~死咧。《广韵·候韵》:“呼漏切。怒也。”
齁人	xəu2 ʐəŋ	干果因存放时间太长而变味道发生变化,口感苦咸。②因某事引起内心不愉快:说实话这一阵子~得很!
猴	xəu	指女人喜欢穿戴打扮而不够稳重:张家的女子~得很。
猴绺精	xəu liəu3 tɕiŋ	指不稳重、爱搬弄是非之人。
猴下山	xəu ɕia5 sæ̃	替人做媒之人。
瘊子	xəu tsɿ	疣。
吼	xəu	抽打:~给咧一巴掌。②数量超过想象:一点烂东西就~给咧几百块!③(耳朵、大脑)鸣响:这几天耳朵里~得很。④发昏:你怕是头~咧做这事着呢!
吼娃娃	xəu3 va va	古典戏曲中跑龙套的。
厚	xəu	与“薄”相对。②(头发)密、长。
后大	xəu5 ta	继父。
后人	xəu5 ʐəŋ	儿子:你有几个~?
后头	xəu5 tʰəu	随后:你先头走,我~就到。②后面、后边:镜子~有一行字呢。③厕所。我到~尿一泡,你先坐着。
后院	xəu5 yæ̃5	厕所:明儿个把~给咱们打张咧,也说“后圈”。后座墩xəu44tsuɤ44tuŋ21指猪后腿靠近臀的一部分。
后儿个	xəu5 εr kɤ	后天。
后棒颈	xəu5 paŋ5 tɕiŋ	后脖颈。
后晌	xəu5 tʂʰaŋ	一般指下午3点至5点的这段时间。
后婚	xəu5 xuŋ	再婚。也说“二婚”。
后事	xəu5 sɿ5	指人死后的事,诸如寿衣、棺材、埋葬及家中生计等等。
后夜	xəu5 iε5	后半夜。
后门	xəu5 məŋ	院子后面开的门。②比喻通过某种不正常的关系达到目的。
丢下	tiəu2 xa	余下、剩下。~这几个钱咧,还能买啥?/你先去,~娃娃咧我给你领上。
丢开	tiəu2 kʰεi3	放开、松开。
丢脱	tiəu tʰuɤ	放开、松开:娃娃一天~叫耍去!②扔:~一石头,把人家的头打烂咧。
丢盹	tiəu2 tuŋ3	打盹儿:今儿个开会的时候,~的人一层么。
丢笑	tiəu2 ɕiɔu5	开玩笑。
丢人现眼	tiəu2 ʐəŋ ɕiæ̃5 ȵiæ̃3	丢脸、出丑:再不咧在这儿给我~咧,该做啥就做啥去。
丢泼	tiəu pʰɤ2	使出全身力气,全身心地做:这一下旦不~弄,就完咧。
丢窝儿	tiəu vɤ2 r	一种游戏。指在地上挖一小窝,人站在规定的线上,将参与游戏收拢起来的东西(一般为硬币)向小窝里投,投进多少就拿走多少。
丢丑的	tiəu tʂʰəu3 ti	古典戏曲中的丑角儿。
绿辣子	liəu2 la2 tsɿ	青辣椒。
绿碴碴的	liəu2 tsʰa3 tsʰa ti	形容事情做得见不得人:乜做下的事情~。
绿头苍蝇	liəu2 tʰəu tsʰaŋ2 iŋ	绿豆蝇:这一块子肉赶紧撇咧去,~把蛆都下上咧。②喻指追腥逐臭之人:那个人连个~一样,没有他不去的地方。
绿头萝卜	liəu2 tʰəu luɤ pu	青萝卜。
绿籽儿红瓤	liəu2 tsɿ rxuŋ ʐaŋ	形容说话天花乱坠,吹牛不着边际。
六指儿	liəu2 tsʰɿ3 r	长了六个手指头的手。②长了六个手指头的人。
六指指	liəu2 tsʰɿ3 tsʰɿ	同“六指儿”。
六连连	liəu2 liæ̃ liæ̃	猜拳时数“六”。也说“六六顺”、“六盘山”等。
刘二王五	liəu εr5 vaŋ vu3	相当于“张三李四”:不知道~的都是些谁,没我认得的。
绺	liəu3	偷窃:那个小伙子偷呢~呢的不是个好东西。
绺娃子	liəu3 va tsɿ	小偷。
绺子	liəu5 tsɿ	古典戏曲中的须生。
溜	liəu	用牙啃或舌头舔:你馋得没啥吃咧,到街上~瓜皮去!②比喻阿谀奉承:那个人会~得很,一般人比不上。
溜尻子	liəu5 kəu2 tsɿ	指溜须拍马:一天不干正经事,刚知道~,拍马屁。也说“舔尻子”。
溜尻子货	liəu5 kəu2 tsɿ xuɤ5	指溜须拍马的人:那是个~,你把那当啥着呢。也说“舔尻子货”。
溜溜子	liəu5 liəu5 tsɿ	长条状:好好的一张纸,乜给咱们撕成咧~。/这个院里一盖房,院里就剩下咧个窄~。
溜子	liəu5 tsɿ	漏斗:灌油最好能有个~,不然的话就淌到外头咧。溜胎liəu44tʰεi21指牲畜早产或流产。
溜水	liəu5 ʂuei	在房屋两侧墙体之上用瓦片修建的利于雨水流淌的建筑。
瘤	liəu5	带状疱疹的俗称。
灸	tɕiəu3	中医用燃烧的艾蒿熏烤相应穴位以治疗疾病的方法。
韭叶	tɕiəu3 iε	指吃拉面时,将面拉成韭菜叶形状的面。
韭菜馍馍	tɕiəu3 tsʰεi mɤ mɤ	将韭菜切成碎末,用面皮包裹,放在锅里烙成的饼。
酒腐子	tɕiəu3 fu tsɿ	用甜酒曲将小麦或小燕麦发酵而成的食品。也说“甜醅子”。
酒杯子	tɕiəu3 pʰei tsɿ	喝酒杯子的通称。
酒盅盅	tɕiəu3 tʂuŋ tʂuŋ	喝白酒用的小盅儿。也说“酒盅子”。酒醉汉tɕiəu53tsuei44xæ̃21喝醉酒的人。
蹴下	tɕiəu5 xa	坐下。
就义	tɕiəu5 i5	指没什么希望,无可挽回:你把人带概看~咧么!舅爷tɕiəu44iε24父母的舅舅。
舅奶	tɕiəu5 nεi3	父母的舅母。
舅家人	tɕiəu5 tɕia ʐəŋ	指舅舅家族的人。
秋田	tɕʰiəu2 tʰiæ̃	秋收作物。
秋子	tɕʰiəu2 tsɿ	一种植物的果实,近球形,红色,有黑斑点,可食,酸味重。
秋分	tɕʰiəu fəŋ	节气之一。
㞗	tɕʰiəu	男性生殖器。
㞗势	tɕʰiəu ʂʅ5	詈语。
㞗架势	tɕʰiəu tɕia5 ʂʅ5	詈语。
㞗姿势	tɕʰiəu tsɿ2 ʂʅ5	詈语。
㞗把子	tɕʰiəu pa5 tsɿ	同“㞗”。
㞗杆子	tɕʰiəu kæ̃3 tsɿ	对某事或某物蔑视的一种说法。
㞗子	tɕʰiəu tsɿ	动词、形容词后缀,含粗俗的意味:吃~咧一碗饭,让人说给咧半天!
牛	ȵiəu	自高自大、骄傲的神情:乜刚升咧官,你看~成啥咧。②倔强执拗:这个娃娃性子~得很,大人还没办法。
牛气	ȵiəu tɕʰi5	同“牛①”
牛牛	ȵiəu ȵiəu	小虫子的统称。②对小男孩生殖器的亲昵说法。
牛把子	ȵiəu pa5 tsɿ	男性生殖器。
牛皮客	ȵiəu pʰi kʰei	爱说大话的人。
牛毛毡	ȵiəu mɔu tʂæ̃2	油毡。
牛娃子	ȵiəu va tsɿ	牛犊:今儿宰下的是个~,肉嫩得很。
牛吼连天	ȵiəu xəu3 liæ̃ tʰiæ̃	形容男人大声痛哭的样子。
牛头板犟	ȵiəu tʰəu pæ̃3 tɕiaŋ5	形容人的性格很倔。
牛皮灯影子	ȵiəu pʰi təŋ2 iŋ3 tsɿ	皮影戏。
牛角萝卜	ȵiəu kɤ luɤ pu	像牛角样的一种萝卜。
牛毛细雨	ȵiəu mɔu ɕi5 y3	蒙蒙细雨。
扭搭	ȵiəu3 ta	形容扭腰往前走的样子:乜~~地就来咧。
扭扭搭搭	ȵiəu3 ȵiəu ta ta	扭扭捏捏:让你上台说个话么,还~的不好意思着咋呢。
钮子	ȵiəu3 tsɿ	纽扣。
钮门子	ȵiəu3 məŋ tsɿ	衣服上的扣眼。
钮子疙瘩	ȵiəu3 tsɿ kɤ ta	用布带绾成的疙瘩状的纽扣。
钮襻子	ȵiəu3 pʰæ̃5 tsɿ	扣住钮子疙瘩的套。
羞脸大	ɕiəu2 liæ̃3 ta5	非常害羞。
羞先人	ɕiəu2 ɕiæ̃2 ʐəŋ	使祖先蒙羞。
宿宿	ɕiəu2 ɕiəu5	星星。
炫	ɕiəu	强光刺人眼:太阳~得人眼睛都睁不开么。
炫眼	ɕiəu ȵiæ̃	眼睛受强光刺激不能看清楚。
锈	ɕiəu	金属表面氧化生锈。②(头发)粘接在一起很难分开:几天不洗头,头发就~在一起梳不开咧。③妊娠斑。怀娃娃时脸上起咧~咧!
秀丽	ɕiəu5 ly	女性身材窈窕,模样清秀。②(字迹)清秀好看。
有理霸道	iəu2 li3 pa tɔu	强词夺理。
油白菜	iəu pei tsʰεi	二年生草本植物,略像白菜,叶子浓绿色,叶柄淡绿色,是普通蔬菜。
油笔	iəu pi	圆珠笔。
油饼子	iəu piŋ2 tsɿ	油饼儿,油炸的一种食品,扁而圆。
油茶	iəu tsʰa	一种食品,面粉内搀牛骨髓或牛油炒熟,加糖、芝麻、花生仁等制成。
油面子	iəu miæ̃5 tsɿ	同“油茶”。
油唧瓦搭	iəu tɕi va ta	物品上沾了油污而显得不干净。
油捻捻	iəu ȵiæ̃ ȵiæ̃	形容油太多,感觉让人发腻:吃啥来着?个嘴吃得~的。
油香	iəu ɕiaŋ	回族对油炸食物的统称。
油皮子	iəu pʰi tsɿ	皮肤的最外层。
油货	iəu xuɤ	油炸食品的统称。
油坊	iəu faŋ	榨油的作坊。
油泼辣子	iəu pʰɤ2 la2 tsɿ	油炸的辣椒面儿。
油酥馍	iəu su2 mɤ5	一种烤制的面饼,外皮焦黄内里酥软。
油炸大豆	iəu tsa ta5 təu	用食油炸熟的大豆。
油干捻子尽	iəu kæ̃ ȵiæ̃3 tsɿ tɕiŋ5	指全部消耗完,一无所有。
油千层	iəu tɕʰiæ̃ tsʰəŋ	一种食品。用开水将面粉烫熟和好,擀开后加入油、盐等调味品,卷起来切成拳头大的面团儿,再擀成一个一个的面饼,在平底锅中烙熟即成,因层数较多,故称之。
油圈圈	iəu tɕʰyæ̃ tɕʰyæ̃	圆圈形油炸食品,味酸甜,通常用荞麦面发酵后制成。
油行	iəu xaŋ	陶土烧制的颈细肚大的盛放食用植物油的器具。
油壶	iəu xu	用来装油(汽油、煤油等机用油或食用植物油)的长方体塑料桶。
黝黡子	iəu iæ̃ tsɿ	雀斑。
抽	iəu	从聚拢的一捆中抽取:你去从扫帚里~上一根竹子做个教鞭。
抽筋	iəu tɕiŋ2	一种纸牌游戏。
有咧	iəu3 liε	有身孕。
有救声	iəu3 tɕiəu5 ʂəŋ	有挽救的机会和余地。
有钱汉家	iəu3 tɕʰiæ̃ xæ̃ tɕia	富人。
有音道	iəu3 iŋ tɔu5	真实、有事实依据:说下这个事听去好像还是~的。
有一腿	iəu3 i tʰuei	指男女间有暧昧关系。
有当无	iəu3 taŋ5 vu	可有可无,无所谓。
右傍个	iəu5 paŋ kɤ	右边、右面。
诱	iəu5	诱导。
班辈	pæ̃2 pei5	辈分相同:你和我一~,还客气啥着呢。
班房子	pæ̃2 faŋ tsɿ	监狱或拘留所的俗称:这个坏倯,迟早就进咧~咧。
搬手腕	pæ̃2 ʂəu3 væ̃5	两人手握在一起较量,看谁的手腕力气大:咱两个~,谁赢谁去。
搬挡	pæ̃2 taŋ5	客气、谦虚、推辞:让你吃你就吃,再不咧~咧。
绊跤	pæ̃5 tɕiɔu	摔跤。两人相抱运用力气和技巧,以摔倒对方为胜:闲着没事干,咱们~耍走。②摔倒:回来的路上~。常说成“绊咧一跤”。
绊蒜	pæ̃5 suæ̃5	本义为将大蒜头结成辫,引申为脚步踉跄或话语含混不清:人老不中用咧,走开路咧脚底下~着呢。/酒喝大咧,嘴里~着呢,再不咧讲咧。
拌汤	pæ̃5 tʰaŋ	面尜尜汤。将面和成絮状,下锅加菜、佐料煮制而成的一种带汤的面食:今晚上拌些~吃。
板	pæ̃3	花招:那个人~大得很,小心着。
板客	pæ̃3 kʰei	经常说谎骗人,善于耍花招的人。
板板子	pæ̃3 pæ̃ tsɿ	(木质)板子,多用作小称:桌子不稳当,寻个~支给一下。
板凳狗	pæ̃3 təŋ kəu3	一种腿短身长的狗:老王老婆死咧后,那个~就是他的伴。
板筋	pæ̃3 tɕiŋ	脖子两边的肌腱和韧带,泛指脖颈:朝~两巴掌,看他还敢学坏。
板牙	pæ̃3 ia	门牙:这个人长咧两个大~,看去扎眼得很。
板寸	pæ̃3 tsʰuŋ5	男性一种短的发式。
拚	pæ̃	扔、摔:摔碟子~碗的,给谁出气着呢?②舍弃不顾:老张差点给儿子把命~下咧。《方言》卷十:“拚,弃也。楚凡挥弃物谓之拚。”
半达子	pæ̃5 ta tsɿ	不老不少,指年龄介乎老与少之间:门里进来个~老汉。常说“~老汉”、“~小伙子”。
半眼汉	pæ̃5 ȵiæ̃ xæ̃	残疾人:把一个~么,欺负那的啥着呢。
半蹩人	pæ̃5 pi ʐəŋ	同“半眼汉”。
半吊子	pæ̃5 tiɔu5 tsɿ	轻佻冒失之人。也说“二杆子”。
半瓶水	pæ̃5 pʰiŋ ʂuei3	指对事理一知半解,还不懂装懂之人:△一瓶水不溢,~咣当。
半瓶醋	pæ̃5 pʰiŋ tsʰu5	同“半瓶水”。
半新不旧	pæ̃5 ɕiŋ pu tɕiəu5	说新不新,说旧不旧,尚能凑合使用。
盘	pʰæ̃	砌,常说“盘炉子、盘锅头、盘炕”:王师手艺好着呢,~下的炉子利得很。②祭奠死者的贡品(一般指馒头)。五个馒头叫“半副盘”,十个叫“一副盘”。③阴阳用的罗盘。④量词。一~香。
盘缠	pʰæ̃ tʂʰæ̃	出门后吃、住、行的费用。
颟颟	mæ̃ mæ̃	指比小碗小一些的喝酒杯子,常用来表示酒杯容量的大:哎呀呀,刚一坐下就喝咧这么几~子(比划手势)!
鞔	mæ̃	把布蒙在鞋帮上(多用做有丧事时):给孝子的鞋~上一层白布。②把皮革固定在鼓框的周围,做成鼓面:这个鼓是用牛皮~成的。《广韵·桓韵》:“母官切。鞔鞋履。”
蔓菁	mæ̃ tɕiŋ	芜菁。
满拉	mæ̃3 la	清真寺经堂学员,一般寄宿在寺内。
满一天	mæ̃3 i tʰiæ̃	过去的某一天:~早早就来咧,今儿个咋么咧?
满满地	mæ̃3 mæ̃ ti	猜拳时数“十”。也说“全家好”“满实在”“十全全”等。
满处	mæ̃3 tsʰu3	到处:听上点音音子就~说去咧。也说“各到四处”。满打满算mæ̃53ta53mæ̃53suæ̃44总的算在一起并留有余地。
满山可洼	mæ̃3 sæ̃2 kʰuɤ3 va5	漫山遍野。
墁	mæ̃5	用泥、水泥等抹墙,使之光滑整洁。《广韵·换韵》:“莫半切。所以涂饰墙。”
幔儿	mæ̃5 εr	硬币有图案无字的一面:你是字儿,他是~,开始猜。慢待mæ̃44tεi44怠慢。
慢沓沓	mæ̃5 tʰa tʰa	慢腾腾。我都急得上火咧,人家~地才来。
慢不拉唧	mæ̃5 pu la tɕi	同“慢沓沓”。
慢上儿	mæ̃5 ʂaŋ5 εr	坡度小的坡儿:往前走有两里路的~呢。
漫花儿	mæ̃5 xua εr	唱当地的山歌。
谩	mæ̃5	欺骗、蒙蔽:这个人升官升得这么快,是因为太会~咧。谩当mæ̃44taŋ21用语言或礼物讨好某人。也说“谩抹”。
反反子	fæ̃ fæ̃ tsɿ	颠倒的、(衣服)里面向外的:书~放着呢,看不清楚。/今儿早上走得急,毛衣都~穿上咧。②方向相反的:你叫乜这么弄呢,乜偏偏要~弄呢。
反犬旁	fæ̃2 tɕʰyæ̃3 pʰaŋ	汉字偏旁名称。如“狼、狂、獠”等字的左边。
翻拔	fæ̃2 pa	指疾病复发:看着好利然咧,没想到开春~咧。
翻船	fæ̃2 ʂuæ̃	指液体在器皿中太满而溢出来。
翻毛皮鞋	fæ̃2 mɔu pi xεi	一种皮革反面朝外的皮鞋:穿下一双~,把人还襸得不行。
翻舌	fæ̃2 ʂɤ	打小报告:是谁一天在领导跟前~着呢?
翻舌精	fæ̃2 ʂɤ tɕiŋ	指打小报告的人:那是个~,你可要小心呢。翻咧年fæ̃213liε24ȵiæ̃24第二年、下一年。
番子	fæ̃2 tsɿ	戏曲里对外民族人的称呼。
番瓜	fæ̃ kua	南瓜。
翻攣	fæ̃3 luæ̃	指对人或物动手动脚:你再不咧~人咧唦!②想办法去做:不知道乜咋么~咧一下,就把工作找上咧。
□	fæ̃5	作呕欲吐:心里头不舒服得很,一直要往上~。
饭罢	fæ̃5 pa	中午吃完饭至下午3点左右的一段时间。
饭大师	fæ̃5 ta5 sɿ	厨师。也说“大师”。
犯单	fæ̃5 tæ̃2	指打扑克时手中的牌没有一个是一样的,即不能组成对子。
碗簸子	væ̃2 pɤ3 tsɿ	当地小杂粮做成的食物。做法是用碗作模具将杂粮面团一个一个地放在铁锅中烙熟即可。
剜根	væ̃ kəŋ2	指除去病根。
完	væ̃	人品或物品质量不好。
完咧	væ̃ liε	(人的生命或事情)结束。②(物品或事情)坏了、糟了。
完完儿的	væ̃ væ̃ εr ti	同“完”,程度较重。
完货	væ̃ xuɤ	指人的品行不好,能力较差:那是个~,再不咧靠他咧。
丸药	væ̃ yɤ2	做中药丸。
丸丸药	væ̃ væ̃ yɤ	中成药丸儿。
玩缠	væ̃ tʂʰæ̃	纠缠:再不咧在这个事上~咧!②折腾:~了半天,也没见有个啥结果!
万金油	væ̃5 tɕiŋ iəu	比喻什么都能做,但什么都不擅长的人。
万儿八千	væ̃5 εr pa tɕʰiæ̃	八九千,不到一万。
逭	væ̃5	绕行、回避:△石头大咧~着走。
逭路	væ̃5 lu	绕远的路。
担	tæ̃	把物体的两端支起来:这么薄一点板板子,怕是~不住那么重的东西。②指人坐在物体的边上:乜在炕边边子上~咧一阵阵就走咧。
担待	tæ̃2 tεi5	谅解。
单	tæ̃	(身体)瘦弱:你把饭吃到那达去咧,咋这么~。②孤单,无人帮扶:生一个娃娃太~咧,再能生一个噻。
单帮子	tæ̃2 paŋ2 tsɿ	指只有一个男性劳动力的人家:那家子是个~,日子过得不好得很。
单衫子	tæ̃2 sæ̃ tsɿ	常用来形容冬季寒冷的时候穿得非常少:啥天气咧你还抖~着呢!
单裤子	tæ̃2 kʰu5 tsɿ	只有一层布料的裤子。
单耳朵旁	tæ̃2 εr3 tuɤ pʰaŋ	汉字偏旁名称。如“即、却、叩”等字的右边。
单怕	tæ̃2 pʰa5	只怕:~有个啥闪失,就不好交代咧。
单立人	tæ̃2 li2 ʐəŋ	汉字偏旁名称。如“作、佳、估”等字的左边。
单另	tæ̃2 liŋ	单独、另外:筷子跌着地下咧,让人给你~再拿一双。②指从父母家分出来:他是马年上~出来的,一晃十几年咧。
单只子	tæ̃2 tʂʅ tsɿ	原来一双或一对的物品只剩下一个:穿下一双~袜子,把人笑死咧。也说“配只子”。
单旋儿	tæ̃2 ɕyæ̃ r	头顶头发只有一个旋涡。
旦	tæ̃5	如果、假若:谁~不去,谁就不是儿子娃!/火车票~买不上,就坐飞机去。
旦不咧	tæ̃5 pu liε	如果不是:~你帮忙,他能给弄成?
擔	tæ̃5	(人或物品不离地)被拽、拖。
掭	tæ̃5	用毛笔蘸墨后斜着在砚台上理顺笔毛或除去多余的墨汁:把笔~一下再写。
弹	tæ̃5	车颠簸或上下抖动:那半截路还没修好,~得很。
弹崩子	tæ̃5 pəŋ2 tsɿ	弹弓。
担子	tæ̃5 tsɿ	房梁:这根松木不奘不细,做~去刚好。②比喻担负的责任:这个娃娃身上的~重得很。
淡嘴的	tæ̃5 tsuei3 ti	零食:走超市里给娃娃买些~。
蛋蛋	tæ̃5 tæ̃	对小孩子的爱称。②哄小孩子时称乳房或奶汁。
蛋娃	tæ̃5 va	同“蛋蛋①”。
滩	tʰæ̃2	山间或高原间平坦而低的地带。
摊子	tʰæ̃2 tsɿ	摆在街边卖小商品的小摊儿。
摊场	tʰæ̃2 tʂʰaŋ	将收割的庄稼,按一定厚度整齐地平摊在场地上,准备碾轧脱粒,这是打场的第一个环节。
贪耍	tʰæ̃2 ʂua3	贪玩儿。
弹拨	tʰæ̃ pɤ	挑剔、找碴儿。
弹嫌	tʰæ̃ ɕiæ̃	挑剔。②嫌弃。
弹豆儿	tʰæ̃ təu3 r	玻璃弹球。
弹弹豆儿	tʰæ̃ tʰæ̃ təu3 r	用手弹玻璃球玩的游戏。
弹壳儿	tʰæ̃ kʰy2 r	用手指弹脑门儿。
坛场	tʰæ̃ tʂʰaŋ	举办各种活动的场面。
□	tʰæ̃	延缓:这个事~一步再说。②(人性子、言语)迟缓:那个人言~。③停、隔、过:~给咧十几天。
炭	tʰæ̃5	煤。
炭锨子	tʰæ̃5 ɕiæ̃ tsɿ	烧火时用来铲煤的小铲子。
安架	næ̃2 tɕia5	房顶从侧面看呈“人”字形的房子。
安名字	næ̃2 miŋ tsɿ	起名儿。
安牙	næ̃2 ia	镶牙:南河滩有个人~安得好得很!
安席	næ̃2 ɕi	安排人在宴席上根据辈分、关系就座。
安顿	næ̃2 tuŋ	嘱咐:临走时他妈给~咧几句话。②安排妥当:住的地方~咧。
安安桥	næ̃ næ̃ tɕʰiɔu	固原城中地名。
安安然然	næ̃ næ̃ ʐæ̃ ʐæ̃	安静:你不咧吵咧,~蹴上一阵子。②平安无事:大人娃娃只要~的,就能成咧。
南傍个	næ̃ paŋ kɤ	南方、南边:听说今年~遭的水灾大得很。/房的~是阳面。
南头子	næ̃ tʰəu tsɿ	南边。
南河滩	næ̃ xuɤ tʰæ̃	地名,是固原老城区的繁华地带,也是固原最早的农贸市场所在地。
男方	næ̃ faŋ	第三方对男女结婚前男的一方的称呼,也说“男方家”。
男人家	næ̃ ʐəŋ tɕia	男人:到底是~,有咧事能扛得住。
难日	næ̃ ʐʅ2	詈语,常用于办事磨蹭、拖拉、优柔寡断之人:几下就弄咧么,看你~嘛!
难过	næ̃ kuɤ	伤心:乜一下子~地嚎可咧。②难受:你看你那个~样子,赶紧一傍个蹴着去。③不自在:连认不得的人蹴着一达吃饭就~得很!
难受	næ̃ ʂəu5	同“难过”。
难心	næ̃ iŋ	为难:这是个明摆着的事么,你还有啥~的呢。
难怅	næ̃ tʂʰaŋ	为难:哎呀呀,一下子就~地抽你的筋着呢。
难缠	næ̃ tʂʰæ̃	纠缠过度:那个人~很!
难打整	næ̃ ta tʂəŋ3	难堪、尴尬。
唵	næ̃3	单手或双手捧着粉粒状的食物塞入口中的动作:那个人美美地~咧一嘴白糖(白砂糖)。《广韵·感韵》:“乌感切。手进食也。”
暗	næ̃3	在不为人知的情况下准备并伺机行动:~咧多少天,今儿个给~住咧。
按	næ̃3	用在时间词前面表示不能超过规定的时间:这个文件,~明儿个下午要发下去。
烂	næ̃5	因下雨致使土地虚软而陷入:车~到泥里咧,咋推都推不动。
难	næ̃5	不幸的遭遇,灾难:不知道是为啥么,这个娃娃就~大得很!
按巧	næ̃5 tɕʰiɔu3	碰巧、正好。
按将儿	næ̃5 tɕʰiaŋ3 εr	同“按巧”。
按猛子	næ̃5 məŋ tsɿ	猛然、突然。也说“暗猛处”。
暗锁	næ̃5 ʂuɤ3	锁体的主要部位装在被锁物体内部的一种锁。
拦挡	læ̃ taŋ5	阻挡、阻拦。
爁	læ̃	用中火炒肉:把这些肉给咱们~些臊子吃。《广韵·敢韵》:“卢敢切。火爁。”
蓝呜呜	læ̃ vu vu	形容很蓝的样子。
揽	læ̃	用器具将散放的东西收拢并移走:你给咱们~上些锯末子,拿我煨炕。②拉到自己这方面或自己身上来:再不咧把责任胡乱往自己身上~!
揽承	læ̃3 tʂʰəŋ	承担、承揽。
揽后梢	læ̃3 xəu5 sɔu	就某事承担最后责任。
懒干手	læ̃3 kæ̃ ʂəu	好吃懒做之人。
懒倯	læ̃3 suŋ	同“懒干手”。
懒筋	læ̃3 tɕiŋ	脚后跟上的韧带:他让流氓给把~剁断咧。
懒单弯子	læ̃3 tæ̃2 væ̃2 tsɿ	膝盖的后面,腘窝。
烂	læ̃5	(事情)弄坏了:这一下他娃肯定~咧。
烂包	læ̃5 pɔu	(局面)坏到不可收拾的地步。
烂怅	læ̃5 tʂʰaŋ	指日子过得不景气、不舒心:改革开放多少年咧,你乜把个日子过得还是那么~。也说“烂干”。
烂货	læ̃5 xuɤ5	指作风不正派的女人。
烂婊子	læ̃5 piɔu3 tsɿ	同“烂货”。
烂倯	læ̃5 suŋ	指人品或物品质量低劣。
烂杆	læ̃5 kæ̃3	物品质量低劣:进城去咧净买咧些~货。
烂肝花的	læ̃5 kæ̃ xua ti	指心肠坏,做缺德事的人。
烂葬	læ̃5 tsaŋ5	同“烂杆”。
烂账	læ̃5 tʂaŋ5	多而繁的债务。
烂古董	læ̃5 ku tuŋ	杂七杂八没用的物品。
烂哇哇	læ̃5 va va	形容很烂的样子。
烂哇不糟	læ̃5 va pu tsɔu	形容烂得不成样子。
烂糟糟	læ̃5 tsɔu tsɔu	同“烂哇不糟”。
烂脱圈子	læ̃5 tʰuɤ tɕʰyæ̃2 tsɿ	指物品圆形的边与物品快要脱离。
绽	tsæ̃2	裂开:手上~开咧一个口子。
□价	tsæ̃ tɕia5	买东西时与商家讨价还价。
攒劲	tsæ̃3 tɕiŋ5	指人在体质、品行、做事等各方面表现优秀。
攒蔓	tsæ̃3 væ̃5	注意、小心。
站	tsæ̃	住宿、留宿:今晚上你就~下,明儿个再回去。②停下:你先~一下,我弄完咧你再弄。
站店	tsæ̃5 tiæ̃5	在宾馆住宿。
站哨	tsæ̃5 sɔu5	站岗。
站下食咧	tsæ̃5 xa ʂʅ liε	积食,消化不良。
站席口的	tsæ̃5 ɕi kʰəu3 ti	筵席上招呼客人吃菜喝酒的人,一般情况下须站立不能入席就座。
蘸笔	tsæ̃5 pi	蘸着墨水书写的一种笔:时代发展咧,老师改作业早都不用~咧。
襸	tsæ̃5	衣服美好。引申为对人的称赞:穿上这身衣裳~得很。/看把你给~的。《广韵·翰韵》:“则旰切。衣好。”
灒	tsæ̃5	溅:~咧我一身泥点点。《说文》:“灒,污洒也。”《广韵·翰韵》:“则旰切。水溅。”
蘸匙子	tsæ̃5 tʂʰʅ tsɿ	吃饭菜用的小碟子。
参子	tsʰæ̃2 tsɿ	皮带的搭扣:这个皮带的~有些松咧,要拿着去修一下呢。
掺言	tsʰæ̃2 iæ̃	插嘴。
骣	tsʰæ̃3	骑马不加鞍辔,引申为光身或不着内衣:大冬天他~身子穿着件毛衣。
铲锅子	tsʰæ̃3 kuɤ tsɿ	锅铲儿。
绽	tsʰæ̃5	本义为衣服缝张开,引申为将卷着、包着的东西舒展开,敞开:~开一看,原来是些不值钱的烂东西。《广韵·裥韵》:“丈苋切。衣缝解。”
錾	tsʰæ̃5	凿开石头用的小铁椎,单用时作动词,还可引申为打:拿~子~给一下。/小心我~你一顿。《广韵·谈韵》:“昨干切。錾,小凿也。”
䊲	tsʰæ̃5	洗、淘东西的遍数:米我已经淘过三~,净得很咧。
三	sæ̃	扔、掷:咱俩比赛~胡墼看谁~得远。②穿着打扮不和谐:穿咧个绿裤子,把人给~直咧。
三年纸	sæ̃2 ȵiæ̃ tsɿ3	当地丧俗。指人亡故三年后,在每年的忌日亲属要为死者烧纸以示怀念之情,第一年叫“头年纸”,第二年叫“二年纸”,第三年叫“三年纸”。
三星照	sæ̃2 ɕiŋ tʂɔu5	猜拳时数“三”。也说“三桃园”“三关口”等。
三点水	sæ̃2 tiæ̃3 ʂuei3	汉字偏旁名称。如“江、泊、澡”等字的左边。
三棱暴翘	sæ̃2 ləŋ pɔu5 tɕʰiɔu5	形容相貌生得不够顺眼,或说话没大没小、没有遮拦的样子。
三对六面	sæ̃2 tuei5 liəu2 miæ̃5	与事情有关的当事人及见证人在一起当面对质。
三说二谝	sæ̃2 ʂuɤ εr5 pʰiæ̃3	说东道西的乱讲话。
三刨两咽	sæ̃2 pʰɔu liaŋ3 iæ̃5	形容吃饭的速度很快。
三老四少	sæ̃2 lɔu3 sɿ5 ʂɔu5	老老少少。
三锤两梆子	sæ̃2 tʂʰuei liaŋ3 paŋ2 tsɿ	比喻做事干脆利落。
三天两后晌	sæ̃2 tʰiæ̃ liaŋ3 xəu5 ʂaŋ	指学习或做事缺乏恒心,时常中断,不能坚持。
衫领	sæ̃2 liŋ3	衣服的领。
衫衫子	sæ̃2 sæ̃2 tsɿ	单上衣。
山墙	sæ̃2 tɕʰiaŋ	房屋两侧支撑檩的墙壁。也说“山花墙”。
山花墙	sæ̃2 xua tɕʰiaŋ	同“山墙”。
山嘴嘴	sæ̃2 tsuei3 tsuei	陡峭的山崖。有时代指整个山头:土匪把几个~全占咧。
山峁峁	sæ̃2 mɔu3 mɔu	小山头。
山水	sæ̃2 ʂuei3	因下暴雨从山上流下的洪水。
山货	sæ̃2 xuɤ5	用野生的毛竹、藤条等编制成的日常生活用具或农具:明个儿到~市场里转一圈,看能买个扫帚嘛。
山货市	sæ̃2 xuɤ sɿ5	固原城中地名,旧为较繁华商业街。
山根底底	sæ̃2 kəŋ ti3 ti	山脚下。
山根脑脑	sæ̃2 kəŋ nɔu3 nɔu	山谷最深处。
散饭	sæ̃3 fæ̃	一种面食。通常是等米粥熬好后,将豆面或其他杂粮面放入,做成的比较黏稠的食物。
馓子	sæ̃3 tsɿ	回族常做的一种油炸的面食。将一团面搓成长长的细条,然后盘在一起下油锅炸熟捞出即可,口感酥脆。
陷	sæ̃	陷落:楼整体往下~咧一下。②踩(靠、坐)空:踏~脚从台子上滚下来咧!
陷坑	sæ̃5 kʰəŋ	陷阱。
散	sæ̃5	捐赠、施舍(钱粮)。
散花	sæ̃5 xua	散开。
散乜贴	sæ̃5 nie3 tʰiε	施舍财物。伊斯兰教用语。
散披合掖	sæ̃5 pʰei xuɤ iε	形容人穿的衣服或物品的包装松散不整齐。
毡	tʂæ̃2	呈长方形或正方形,用羊毛擀制而成,常铺在炕上用来阻隔潮气。
沾咧不对活	tʂæ̃2 liε pu tuei5 xuɤ	迷信的说法。指人被鬼魂附了体。也说“沾咧不对咧”。
展	tʂæ̃3	跑:话还没说罢,人就一个趟子~咧。
展脱	tʂæ̃3 tʰuɤ	大方、自然。
展腰面	tʂæ̃3 iɔu miæ̃5	当地习俗。指刚过门的媳妇在第二天下厨房做饭(多为擀面条),以显示厨艺。
搌布	tʂæ̃3 pu	抹布:把~拿洗洁精好好摆一下,腻得很!占tʂæ̃44男青年定下亲事。
占媳妇	tʂæ̃5 ɕi fu	向女方求婚。
啴	tʂʰæ̃3	本义为和缓,引申为关系亲近、友好:咱哥俩咋么咧都~着呢。
摌	tʂʰæ̃	做、干:这些活我~咧整整一个晚上才弄成。②纠缠、动手打骂:这个小伙子动不动就连人~开仗咧。《广韵·产韵》:“所简切。以手亥物。”
赸	ʂæ̃	行走:不咧~得那么快咧。②准备(做):看把你~得早得。《集韵·仙韵》:“尸连切。赸,行也。”
苫苫子	ʂæ̃2 ʂ2 tsɿ	简易搭建的能避风雨的棚子。
扇子	ʂæ̃2 tsɿ	较大一些的钹。
孱	ʂæ̃	体弱、无抵抗力:这个娃娃身体~得很,经不起折腾。《广韵·山韵》:“士山切。孱,劣貌。”
跚	ʂæ̃	(墙)因地基下陷而裂缝。
苫	ʂæ̃5	遮掩,遮盖:把被子~严,小心感冒咧着。
扇子	ʂæ̃5 tsɿ	摇动生风取凉的工具。②量词。用于宰杀过的猪或羊,以脊椎为中线剖开后其中的一半。
𧦦	ʐæ̃	反复地说:这个人~得很,真是个~蛋。《说文·言部》作“言丹”,“多语也。”《广韵·盐韵》:“汝盐切。多言。”
粘	ʐæ̃	纠缠、介入、厮混。这个事情你再不咧~咧。/连那种人有啥~的呢吗!②挪动身体由低向高爬:~着树上摘杏儿去!
粘牙	ʐæ̃ ia	本义指食品黏性很大,引申为难以摆脱、不好处理。
粘三舞四	ʐæ̃ sæ̃2 vu3 sɿ5	指非常执着,不达目的不罢休(常含贬义)。
粘核子	ʐæ̃ xu tsɿ	桃、杏的果肉与核粘在一起。比喻做事不干脆,拖泥带水。
粘哇哇	ʐæ̃ va2 va	形容黏黏糊糊的样子。
粘死猫儿	ʐæ̃ sɿ mɔu εr	指缠人的小孩儿。
繎	ʐæ̃5	本义是指棉花、毛发沾在布料上难以清除。引申为用“沾”的这种方式获取更多:棉花~咧人一身,急忙扫不跌。/动脑子看从公司里多~一点么。
肝子	kæ̃2 tsɿ	指食用的猪、牛、羊等动物的肝脏。
干大	kæ̃2 ta	拜认的爸爸。
干早儿	kæ̃2 tsɔu3 εr	大清早儿。
干饭	kæ̃2 fæ̃5	用大米(黄米、小米等)蒸的不带汁的米饭。
干鼓子	kæ̃2 ku3 tsɿ	戏曲乐队中用的板鼓。
干嚎	kæ̃2 xɔu	没有眼泪地大声哭。
干冷	kæ̃2 ləŋ3	既干燥又寒冷:今年一场雪都没下,~~的。
干山	kæ̃2 sæ̃	不长树和草的山。
干山涸岭	kæ̃2 sæ̃ kʰu2 liŋ3	山上没有水也没有植被。
干散	kæ̃2 sæ̃3	精干、利落。
干舒	kæ̃2 ʂu	干净整洁。
干滩	kæ̃2 tʰæ̃	山间或高原间的平坦较低的无植被的地带。②喻
干炭	kæ̃2 tʰæ̃5	无烟煤。质硬,色黑,有金属光泽,故当地人又称为“钢炭”。
干腿梁子	kæ̃2 tʰuei3 liaŋ tsɿ	小腿骨。
干拐子	kæ̃2 kuεi3 tsɿ	踝骨。
干粮子	kæ̃2 liaŋ tsɿ	随身带的充饥的饼子。
干粮会	kæ̃2 liaŋ xuei	吃早点的时候。
干看着	kæ̃2 kʰæ̃5 tʂɤ	眼睁睁看着而无法行动:草摞着火咧,~没手逗。
干沙瓤	kæ̃2 sa ʐaŋ	指西瓜水分不多但很甜:△~,赛蜜糖。
干打雷不下雨	kæ̃2 ta3 luei pu ɕia5 y3	比喻只说空话而没有实际行动。
干果碟子	kæ̃2 kuɤ3 tiε tsɿ	待客时摆放水果、瓜子、花生、糖果的盘子。
干哇哇	kæ̃2 va3 va	形容很干的样子。
干指头蘸盐	kæ̃2 tsɿ2 tʰəu tsæ̃5 iæ̃	指想不付出任何代价而有所收获。
干板儿	kæ̃2 pæ̃3 r	指说话声音大,爱炫耀之人(含贬义)。
干板凉床子	kæ̃2 pæ̃3 liaŋ tʂʰuaŋ tsɿ	指没有被褥的木板床。
杆杆子	kæ̃2 k tsɿ	杆子。②领头的、拿主意的:你走咧,谁给我们主~呢。
赶	kæ̃3	介词,表示比较:新盖下的单元楼~原来的多咧几层子。
赶场	kæ̃3 tʂʰaŋ3	指以割麦子为副业的人,随麦黄时间的前后从这里割完后再到别处割。
赶黑	kæ̃3 xei2	赶在天黑之前。
赶毛驴	kæ̃3 mɔu ly	扑克的一种玩法。
擀杖	kæ̃3 tʂaŋ	擀面杖。
干的	kæ̃5 ti	无聊:一个人都不认识,去咧~!②尴尬:~没人招识咱们!
干仗	kæ̃5 tʂaŋ5	吵架、打架。
干工作	kæ̃5 kuŋ tsuɤ	上班做事儿。
砍牛腿	kʰæ̃3 ȵiəu tʰuei3	见“折拐子”。
看	kʰæ̃5	探望、看望:你姑夫动咧手术咧,咱们~一下走。
看家	kʰæ̃5 tɕia2	当地婚俗。指未订婚前,女方来男方家了解男方的
看酒	kʰæ̃5 tɕiəu3	敬酒:典礼一结束,老两口、小两口就马上给人开始~咧。
看失笑	kʰæ̃5 ʂʅ ɕiɔu5	看笑话。也说“看笑摊”、“看笑声”。
看笑声	kʰæ̃5 ɕiɔu5 tʂʰəŋ	同“看失笑”。
看笑摊	kʰæ̃5 ɕiɔu5 tʰæ̃	同“看失笑”。
看欢欢	kʰæ̃5 xuæ̃ xuæ̃	看热闹。
涎水	xæ̃2 tʂʰuei3	口水。
涎水包包	xæ̃2 tʂʰuei3 pɔu pɔu	小孩子的两腮。
涎水帘帘	xæ̃2 tʂʰuei3 liæ̃ liæ̃	给小孩用的围嘴儿。
憨腾腾地	xæ̃2 tʰəŋ3 tʰəŋ ti	形容小孩儿天真、可爱的样子:碎娃
憨半子	xæ̃2 pæ̃ tsɿ	指不懂事的小孩儿。你连个~较啥量着呢吗!咸xæ̃24盐味浓。
咸水	xæ̃ ʂuei3	水的碱性很高,不能饮用。
咸菜	xæ̃ tsʰεi5	用盐水腌制的蔬菜。
寒惨	xæ̃ tsʰəŋ	可怜:那么老咧冻死着雪堆里,你看~吗!②不近人情地:你说~不~,冰天雪地的不让老人进门。
寒露	xæ̃ lu	节气之一。
寒毛	xæ̃ mɔu	人体皮肤表面的细毛。
喊叫	xæ̃3 tɕiɔu	大声叫嚷。
喊	xæ̃5	斥责:美美地~给咧几声!
旱地	xæ̃5 ti	不能引水灌溉的耕地。
旱烟	xæ̃5 iæ̃	黄花烟草。
汗眼	xæ̃5 ȵiæ̃3	寒毛毛孔。
汗衫子	xæ̃5 sæ̃ tsɿ	衬衫。也说“汗褂褂”。
汗津津的	xæ̃5 tɕiŋ tɕiŋ ti	额头或身体上出汗的感觉。
汗泼流水	xæ̃5 pʰɤ liəu ʂuei3	形容大汗淋漓的样子。
捍时三分	xæ̃5 sɿ sæ̃2 fəŋ	立刻、很短的一会儿。
鞭	piæ̃2	雄性动物的外生殖器。
鞭炮子	piæ̃2 pʰɔu5 tsɿ	鞭炮。
编壳	piæ̃2 kʰuɤ	撒谎、虚构:那是给人~着呢,你当是真的?
编排	piæ̃2 pʰεi	添油加醋、夸大其辞地向别人描述某人或某事:姓张的没少在其他人跟前~我。
缏	piæ̃3	卷起裤腿或袖子:河水深着呢,把裤腿~起来。《广韵·铣韵》:“方典切。褰裳。”
扁刃	piæ̃3 ʐəŋ	本义为刀刃失去锋芒,引申为人处于下风:在领导跟前他~着呢!
扁豆子	piæ̃3 təu tsɿ	豆类的一种,形状扁平、呈褐色。
扁扁子	piæ̃3 piæ̃3 tsɿ	扁平,指物体受外力影响变形:一下子下去,铝壶压成咧个~。
揙	piæ̃	吃(含贬义):二话没说,~咧一肚子走咧。②击打:王五身上让人~给咧几刀子。③插、别在(腰间):不等你说话呢,乜家可加已经~上走咧。
谝言子	pʰiæ̃3 iæ̃ tsɿ	指经常说方言的人学着说普通话或其他方言。也说“谝言子嫽语子”。
变蛋	piæ̃5 tæ̃5	松花蛋:炸上点花生米,切上几个~,下酒吃。
变狗	piæ̃5 kəu3	指小孩子生病。
变脸失色	piæ̃5 liæ̃3 ʂʅ sei	由于惊吓而害怕的表情。吓得人~的!②面部表情喜怒无常、说变就变:乜~的,不知道想干啥!
便宜	piæ̃5 i5	现成,方便:有~的饭呢吃些算咧。
偏方子	pʰiæ̃2 faŋ tsɿ	偏方儿。
偏刃子斧头	pʰiæ̃2 ʐəŋ5 tsɿ fu3 tʰəu	木工专用斧头,用来取直。引申为偏心:弄啥要一碗水端平呢,不咧~砍咧!
缏	pʰiæ̃	把衣服边折起再用针缝住:新买的裤子要~裤边子呢。《说文·系部》:“缏,衣也。”《广韵·仙韵》:“房连切。”
扁	pʰiæ̃3	用刀或斧头斜着砍下去:~上几个木楔子。
谝	pʰiæ̃3	说、讲:~上个段子小故事,让大家笑一下。
谝子手	pʰiæ̃3 tsɿ ʂəu3	也说“谝子客”。①爱闲聊的人:听咧一早上~的话,啥都没弄成。②说话不真实、不负责任的人:你听那个~的呢,尽哄人着呢。
谝闲传	pʰiæ̃3 ɕiæ̃ tʂʰuæ̃	闲聊:一天价不好好干工作,刚知道~。②对别人所说的话或发生的事实持怀疑、惊讶的态度:~着呢,那不可能吧?也说“谝传”。
辨来	pʰiæ̃5 lεi	明白。
辨不来	pʰiæ̃5 pu lεi	不明白。
辨不来山形	pʰiæ̃5 pu lεi sæ̃ ɕiŋ	看不明白形势。
骗子手	pʰiæ̃5 tsɿ ʂəu3	骗子。
腼腆	miæ̃ tʰiæ̃	害羞,不自然。
棉帽子	miæ̃ mɔu5 tsɿ	棉帽。
绵	miæ̃	食物熟透后显得很软的感觉。②(性情)温和。③柔软:乜的个手~得很!
绵绵子	miæ̃ miæ̃ tsɿ	物品变得很软的样子。
绵绵儿的	miæ̃ miæ̃ rti	感觉很柔软的样子。
绵醢醢	miæ̃ xεi xεi	形容软得令人厌恶的一种感觉。
面面	miæ̃5 miæ̃	粉末儿:把这些草药拿着去粉成~,装着胶囊里吃。
面面子	miæ̃5 miæ̃ tsɿ	同“面面”。
面面子话	miæ̃5 miæ̃ tsɿ xua	门面话,应酬的或冠冕堂皇不解决实际问题的话:那个人说起~来,没人能赶上。
面面子光	miæ̃5 miæ̃ tsɿ kuaŋ	表面上、形式上好看:△驴粪蛋儿——~。
面子	miæ̃5 tsɿ	面皮,脸面:把人家的~还给伤着咧。②粉末儿。今儿到市场里给咱们称上些粉~、辣~、调和~。
面水	miæ̃5 ʂuei	指粮食作物快成熟时子粒当中浆液状的胚乳:麦子正是熟~的时候,天气就要好好地晒呢。
面饽	miæ̃5 pʰɤ	擀面时洒的干面粉。
面筋	miæ̃5 tɕiŋ	面粉和成面团,再用清水反复搓洗,最后留下非常有筋骨的面团。
面疙瘩	miæ̃5 kɤ ta	猪血面。和好面,擀成片儿,再将用猪血和好的面也擀成同样大小的片,一层一层的摞在一起,然后上笼蒸熟即成。吃时切成小薄片,或炒或煮均可。
面叶子	miæ̃5 iε tsɿ	面擀好后,切成小菱形面食。
面梨子	miæ̃5 li tsɿ	一种野果,体小,味涩苦。
面糊糊	miæ̃5 xu5 xu	面粉刷成的糊状食物。
面情软	miæ̃5 tɕʰiŋ ʐuæ̃3	脸面薄、好说话。
掂	tiæ̃	用手拿起物品估量轻重:你~一下,看有二斤吗?②用手托着:那个人手里~咧个十几斤重的大洋芋。
掂检	tiæ̃2 tɕiæ̃3	掂量、检查。
颠山	tiæ̃2 sæ̃	指在农村两口子争吵后,女方离家出走。动不动乜就~咧,这日子没法过咧。
颠懂	tiæ̃2 tuŋ	年老糊涂:你爷爷活~咧,说下的话你心里不咧去。典tiæ̃53租用:一家人没处去,~咧一间房暂时住下。
点点子	tiæ̃3 tiæ̃3 tsɿ	点儿:灒咧一身泥~。②点子:这是谁给你出下的坏~。
点捻子	tiæ̃3 ȵiæ̃3 tsɿ	出主意:这肯定是谁给~咧,不然他给能想起这么弄。
点眼药	tiæ̃3 ȵiæ̃3 yɤ	当面奉承某人或对某人说别人的坏话:见咧面就是个~,弄得乜高兴的。
奠酒	tiæ̃5 tɕiəu3	指喝酒前将酒滴洒在地上,以示对天地鬼神的敬意。
垫	tiæ̃5	触着凸起的硬东西觉得疼或不舒服:床太硬咧,~得人一晚上没睡好。
垫圈	tiæ̃5 tɕyæ̃5	在牲畜圈舍内撒压一层土,起洁净、积肥的作用。
垫垫子	tiæ̃5 tiæ̃5 tsɿ	垫子。
垫背的	tiæ̃5 pei5 ti	替罪羊。
电棒	tiæ̃5 paŋ	日光灯管。②电警棍。
电壶	tiæ̃5 xu	暖水瓶。
电奔子	tiæ̃5 pəŋ2 tsɿ	当地人对摩托车的称呼。
电磨子	tiæ̃5 mɤ5 tsɿ	用电做动力的磨面机。
电灯泡	tiæ̃5 təŋ2 pʰɔu	灯泡。②指剃的光头。
店房	tiæ̃5 faŋ	小旅店。
天狗吃月亮	tʰiæ̃2 kəu3 tʂʰʅ yɤ2 liaŋ5	月食。
天晓得	tʰiæ̃2 ɕiɔu3 tei	表示难以理解或无法分辨。也说“天知道”。
天至一毫	tʰiæ̃2 tsɿ3 i xɔu	形容达到极点:当小工子一天挣80块钱就~咧。
天干火着	tʰiæ̃2 kæ̃ xuɤ3 tʂuɤ	形容非常炎热、干旱。
填补	tʰiæ̃ pu	补充不足:你出去做活,我摆个碎摊摊,多多少少能~一些。
填还	tʰiæ̃ xuæ̃	迷信的说法,意为前世欠人的今世要还给人家:掌不知道得多少着给~。
填黑麻眼	tʰiæ̃ xei2 ma ȵiæ̃	喻指将钱物用在了不明不白之处:挣咧几个钱全~咧!
填箱	tʰiæ̃2 ɕiaŋ	指出嫁女儿时女方家置办酒席待客等活动。
甜	tʰiæ̃	像糖和蜜的味道:今年的苹果~得很。②淡、无盐:你咋做饭着呢,~的一点味道没有的。③不苦(与“苦”相对仅限于指水)。
甜醅子	tʰiæ̃ pʰei tsɿ	将小麦或小燕麦煮熟后,加上甜酒曲发酵制成带有酒味儿的食品。也说“酒腐子”。
甜唧唧	tʰiæ̃ tɕi tɕi	对食品带的甜味表示厌恶的说法:吃去~,一点不好吃。也说“甜哇哇、甜兮兮、甜不唧唧、甜不兮兮”。
甜核儿	tʰiæ̃ xu r	指没有苦味的杏仁,可食:园子里的杏儿都是~。
甜核杏儿	tʰiæ̃ xu ɕiŋ3 r	仁儿不苦的杏子:上树摘上几个大~吃去。
舔尻子	tʰiæ̃3 kəu2 tsɿ	喻指走后门,拉关系,行不正之风。
舔尻子货	tʰiæ̃3 kəu2 tsɿ xuɤ5	善于阿谀奉承、攀附关系之人。
舔尻溜渠	tʰiæ̃3 kəu liəu5 tɕʰy	同“舔尻子”。
连	liæ̃	(连词)和、跟、与:你~他一搭里去。②介词:你~他都没认下吗?
连欠	liæ̃ tɕʰiæ̃5	一共、总共:~有多少钱呢,你还叫人偷着走咧!连共liæ̃21kuŋ44同“连欠”。
连锅面	liæ̃ kuɤ miæ̃5	汤、面、菜、各种调味品放在一起做成的面食。
连明昼夜	liæ̃ miŋ tʂəu5 iε5	夜以继日。
连吃带筛活	liæ̃ tʂʰʅ2 tεi5 sεi3 xuɤ	比喻挥霍浪费。
联手	liæ̃ ʂəu	伙伴、朋友。
莲花白	liæ̃ xua pei	卷心菜。也说“包包白”。
帘帘子	liæ̃ liæ̃ tsɿ	帘子。
脸蛋子	liæ̃3 tæ̃5 tsɿ	脸蛋儿。②容貌:女娃娃~长得心疼很!脸盆子liæ̃53pʰəŋ24tsɿ21脸盆儿。
脸皮子	liæ̃3 pʰi tsɿ	脸皮。
脸子	liæ̃3 tsɿ	不愉快的脸色:动不动就给人给个~。
脸势	liæ̃3 ʂʅ	气色:这一向你~还可以。②指不好的脸色:~就给人给扎咧!
链链子	liæ̃5 liæ̃5 tsɿ	链子。
链锁	liæ̃5 ʂuɤ3	形状像链子一样的一种锁。
尖	tɕiæ̃	末端锐利:铅笔不咧削得太~咧。②(耳、眼、鼻)灵敏:△瘦狗鼻子~,闻着稀屎跑三天。
奸	tɕiæ̃2	机灵、狡猾:那~得连啥一样,你能给哄得过。
奸心	tɕiæ̃2 ɕiŋ	贪心、不良之心。
奸顽	tɕiæ̃2 væ̃	聪明,心眼多(含贬义):王家大女子~得差大!奸巧tɕiæ̃213tɕʰiɔu53同“奸顽”。
尖尖	tɕiæ̃2 tɕiæ̃	尖儿。②尖子:他是我们这达的人物~一个。③比喻某人志得意满的气势:这一下把娃娃的~给捼咧。
间口	tɕiæ̃2 kʰəu3	房屋的左右宽度。
犍牛	tɕiæ̃2 ȵiəu	阉割过的公牛。
搛菜	tɕiæ̃2 tsʰæ̃5	用筷子夹菜。
兼	tɕiæ̃	正在:乜~说着呢,就一个巴掌朝我脸上来咧。
瀽	tɕiæ̃3	(把饭、液体等)从整体中分出一部分。
拣菜	tɕiæ̃3 tsʰεi5	摘除蔬菜中不能吃的部分,留下可以吃的部分。简麻tɕiæ̃53ma21身手敏捷灵活。
碱面子	tɕiæ̃3 miæ̃5 tsɿ	食用碱。
剪发头	tɕiæ̃3 fa tʰəu	女式短发。
荐	tɕiæ̃5	席地而卧或斜靠着某物:站咧半天乏得很,拿我~一阵。
见功	tɕiæ̃5 kuŋ2	(病人用药后)有了好的效果。
见不得	tɕiæ̃5 pu tei	看不惯,不愿见到。
见天价	tɕiæ̃5 tʰiæ̃ tɕia	每天。
见样学样	tɕiæ̃5 iaŋ ɕyɤ iaŋ	看见别人做什么,自己也跟着做什么。贱tɕiæ̃44①下贱:你看你~吗不~!②便宜、低价:东西剩得不多咧,赶紧一下~卖咧去!
贱皮子	tɕiæ̃5 pʰi tsɿ	指不自重或不知好歹的人。
腱核	tɕiæ̃5 xu	腱子肉,动物大腿上的肌肉,有肉膜包裹,内藏筋,硬度适中,纹路规则。
千层饼	tɕʰiæ̃2 tsʰəŋ piŋ3	有好多层数的烙饼。
千儿八百	tɕʰiæ̃2 εr pa pei	八九百,不到一千。
扦子	tɕʰiæ̃2 tsɿ	竹制或铁制的两头带尖儿的细棍儿,用来织毛衣。迁返tɕʰiæ̃213fæ̃53形容某人心眼儿多,不实在。
牵心	tɕʰiæ̃2 ɕiŋ	牵肠挂肚,关心。
鹐	tɕʰiæ̃2	鸟禽用尖嘴啄食。
鹐舌子	tɕʰiæ̃2 tʂʰɤ tsɿ	指舌头短小,口齿不清之人。
前儿个	tɕʰiæ̃ rkɤ	前天。
前年个	tɕʰiæ̃ ȵiæ̃ kɤ	前年。
前门牙	tɕʰiæ̃ məŋ ia	门牙。
前胛子	tɕʰiæ̃ tɕia tsɿ	猪、牛的前肢部分。
前头	tɕʰiæ̃ tʰəu	前面。
前心贴后背	tɕʰiæ̃ ɕiŋ tʰiε xəu5 pei5	比喻人瘦弱或饥饿的状态。
浅窝	tɕʰiæ̃3 vɤ	大腿和腹部相连的部分,即腹股沟。
浅看	tɕʰiæ̃3 kʰæ̃	小看、瞧不起。
蔫绌绌	ȵiæ̃2 tʂʰu3 tʂʰu	形容人不吱声,不活泼的样子。也说“蔫不绌绌的”。
蔫绌绌子	ȵiæ̃2 tʂʰu tʂʰu tsɿ	形容物品失去水分变蔫的样子。
蔫头耷拉	ȵiæ̃ tʰəu ta la	形容生长着的植物因缺少水分,枝叶、穗头下垂的样子。②形容人的情绪不高,垂头丧气的样子。
蔫拐	ȵiæ̃2 kuεi3	不动声色地使坏。
年三十儿功	iæ̃ sæ̃2 ʂʅ r	农历腊月三十。
念唢儿功	iæ̃5 suɤ3 r	伊斯兰教宗教仪式之一。
掀	ɕiæ̃2	推、搡。
先人	ɕiæ̃2 ʐəŋ	祖先,父辈:亏你们老~去,你朝那么个做事情着呢。
先前	ɕiæ̃2 tɕʰiæ̃	以前或某个时间以前。
仙板骨	ɕiæ̃2 pæ̃3 ku	牛羊的肩胛骨。
苋麻	ɕiæ̃ ma	多年生草本植物,茎叶上的蜇毛有毒性(过敏反应),人及动物一旦碰上就如蜂蛰般疼痛难忍,它的毒性使皮肤接触后立刻引起刺激性皮炎,如瘙痒、红肿等。
闲淡话	ɕiæ̃ tæ̃5 xua5	废话、无关紧要的话。
闲耍无意	ɕiæ̃ ʂua3 vu i5	打耍之间偶然发生。
先后	ɕiæ̃5 xəu	即妯娌,兄弟的妻子之间关系的称谓。
现世宝	ɕiæ̃5 ʂʅ pɔu3	使家人丢脸出丑的人:我还笑话人家娃娃着呢,咱们家就有一个没出息的~呢。
献奸	ɕiæ̃5 tɕiæ̃	献殷勤。
献饭	ɕiæ̃5 fæ̃	给神灵或死者摆放的食品。
线板子	ɕiæ̃5 pæ̃3 tsɿ	做针线活时的用具,即缠绕棉线的板子。②炸制面食时做成线板形状的食品。
烟把把	iæ̃2 pa5 pa	烟头。
烟锅子	iæ̃2 kuɤ3 tsɿ	旱烟袋。
烟嘴子	iæ̃2 tʂuei3 tsɿ	烟嘴儿,通常用金属或玉制成。
烟洞眼	iæ̃2 tuŋ5 ȵiæ̃	烟囱。
烟筒子	iæ̃2 tʰuŋ3 tsɿ	用铁皮打制的炉筒子。喻指抽烟过多的人。烟屎iæ̃213sɿ53烟袋中积存下来的烟油。
烟熏火燎	iæ̃2 ɕyŋ xuɤ3 liɔu3	形容生火做饭或取暖时烟雾弥漫的样子。
芫荽	iæ̃ suei	香菜。一年生草本植物,茎叶有特殊香气,做调味蔬菜。全草或种子能入药,可透疹、健胃。
言传	iæ̃ tʂʰuæ̃	吭声,告诉。
沿	iæ̃	把窄的布条沿着衣服或布鞋的边儿缝在衣服或布鞋上。
研	iæ̃	研磨,引申为击打:娃娃叫他妈拉住~咧一顿。
研礼	iæ̃ li3	婚俗之一。指婚事初步定下后,男方到女方家就聘礼与女方进行商议的活动。
研价	iæ̃ tɕia5	讨价还价。
宴席头儿	iæ̃ ɕi tʰəu εr	指结婚时,女方送亲队伍里出面与男方进行面对面交流并组织本方人员的人。也说“掠客的”。
燕面	iæ̃5 miæ̃5	小燕麦磨的面粉,可食用。
燕面糅糅	iæ̃5 miæ̃5 ʐəu ʐəu	当地小吃。用燕麦面粉和面,加工成
堰	iæ̃3	本义为用土堵水,引申为支、垫:床放得不稳当,拿个东~给一下。《广韵·阮韵》:“于宪切。壅水也。”
魇	iæ̃3	做噩梦说梦话:夜来黑咧把人给~住咧。《广韵·叶韵》:“于叶切。噩梦。”
溢	iæ̃3	容器受到摇晃,液体流出。
演	iæ̃3	孩子调皮:你娃娃不咧~,~呢~呢就招上咧。
演花	iæ̃3 xua	同“演”。
黡子	iæ̃3 tsɿ	皮肤上生的青色或黑褐色的小斑点,多是先天性的:这个人吃嘴~长得多,不愁吃穿。
掩棺	iæ̃3 kuæ̃2	死者入殓后将棺材盖钉严实。
酽	iæ̃5	茶水汁浓、味厚苦:彻上一壶~茶好熬夜。《广韵·酽韵》:“鱼欠切。酽,酒醋味厚。”
咽气	iæ̃5 tɕʰi5	停止呼吸。
咽舌子	iæ̃5 ʂɤ tsɿ	小舌。
燕叽叽	iæ̃5 tɕi tɕi	燕子。
晏驾	iæ̃5 tɕia5	皇上去世。常在地方戏曲中使用。
端	tuæ̃2	直:△走得~,行得正。/这个树长得~得很。
端端儿	tuæ̃2 tuæ̃ εr	恰巧、正好:我还想着这一下弄瞎咧,没想到乜~地停着中间咧。②偏偏:怕绳子断呢乜就~地断咧。③直直地:你~地往南走就到咧。
端直子	tuæ̃2 tʂʅ tsɿ	直直地。
端立子	tuæ̃2 li2 tsɿ	直立。
短	tuæ̃	与“长”相对。②缺少,欠:你~人家多少钱?③缺点:要知道自己都有哪些~处?④心胸狭窄:咱不做心屈义~的人。
短事	tuæ̃3 sɿ	缺德的事。
断	tuæ̃	驱赶:那个人没票想坐车,结果让人家给~下来咧。/把人~得跑趟子呢。②按批发价购买:这是老张~堆堆弄来的。
断顿	tuæ̃5 tuŋ5	吃了上顿没下顿。
断系子	tuæ̃5 ɕi5 tsɿ	(绳索)断开:挎包带子快~咧,赶紧缝给一下。②(供应)中断:水龙头里淌咧一阵阵儿就~咧。
断堆子	tuæ̃5 tuei2 tsɿ	按堆论价卖。
獾猪子	tʰuæ̃2 tʂu tsɿ	獾。
团	tʰuæ̃	折腾:~咧一天乏得很!
暖床	nuæ̃3 tʂʰuaŋ	婚俗。新婚之夜,贵人(一般由婆家指定的有福气的人担当)将核桃、枣子、花生等一边往床上撒,一边用笤帚扫,让新郎、新娘背对背坐在上面,用梳子、篦子梳理他们的头发,嘴里念念有词,祝福早生贵子。
暖帽	nuæ̃3 mɔu5	棉帽。
暖锅子	nuæ̃3 kuɤ tsɿ	一种砂质或铜质火锅。火生在中间,四周装上菜肴供食用。
攣	luæ̃2	做、干:不知道整天价~啥着呢,真是个胡~~。
卵子	luæ̃2 tsɿ	阴囊。
卵脬子	luæ̃2 pʰɔu tsɿ	同“卵子”。
乱弹	luæ̃5 tʰuæ̃	地方戏曲秦腔因用弹拨乐器伴奏而被称为乱弹。乱拔毛luæ̃44pa24mɔu24没有计划、组织地胡乱做。
乱麻咕冬	luæ̃5 ma ku tuŋ	形容说话东拉西扯,或房间非常零乱的样子。
钻	tsuæ̃	穿过、进入:老鼠从这个洞里~着进去咧。②结交:半辈子咧刚~下些子酒肉朋友。
纂纂子	tsuæ̃3 tsuæ̃ tsɿ	纂儿,妇女梳在头后面的发髻:△拉住和尚绾~呢么。
□	tsuæ̃3	视觉敏锐:眼睛~得很,一下子就找着咧。
撺	tsʰuæ̃2	从旁鼓动人(做某事),怂恿。经不住他在一傍个的~,我还是听咧他的。/那个人本来好着呢,硬叫人~着变咧。
撺板	tsʰuæ̃2 pæ̃3	哄骗某人使上当。
蹿天杨	tsʰuæ̃2 tʰiæ̃2 iaŋ	杨树的一种,长得又直又高。
蹿天猴	tsʰuæ̃2 tʰiæ̃2 xəu	烟火的一种,点燃后向上蹿起,有的可带哨声。
穿	tsʰuæ̃2	通过(孔、隙、缝):奶奶眼睛花咧,你帮着把针给~上。
攒	tsʰuæ̃	集中起来:用笤帚把地下的瓜子皮扫~。②量词,堆儿:小气得很!就给咧这么一~~。
攒山	tsʰuæ̃ sæ̃2	当地葬俗。指埋葬死者后的第三天,亲属给新坟添土。
爨	tsʰuæ̃5	香味浓郁飘散:咋这么~,这谁家做好吃的呢。
窜活	tsʰuæ̃5 xuɤ	身手敏捷灵活。
酸唧唧	suæ̃2 tɕi3 tɕi	形容酸味让人生厌的样子。也说“酸不唧唧”。
酸不溜秋	suæ̃2 pu liəu tɕʰiəu	酸味不正、口感欠佳:~的,没啥吃头。②形容人迂腐或做作的样子:一点也看不上他~的样子。
酸溜溜	suæ̃2 liəu3 liəu	沙棘。浑身有棘刺,叶子条状披针形,背面披淡白色鳞片,叶柄极短。花先于枝叶开放,小而淡黄,雌雄异株,果实近于球形。叶、皮、果实及种子均可入药。抗风沙,耐水湿,适应性极强。
蒜苗子	suæ̃5 miɔu tsɿ	青蒜。
蒜薹	suæ̃5 tʰεi	蒜的花轴,嫩的可以吃。
蒜窝窝	suæ̃5 vɤ vɤ	放置蒜瓣儿并与蒜槌配合捣碎蒜瓣儿的器具。
蒜槌槌	suæ̃5 tʂʰuei tʂʰuei	将蒜捣碎的槌子。
砖头	tʂuæ̃2 tʰəu	砖。②不完整的砖,碎砖块。
砖头瓦渣	tʂuæ̃ tʰəu va3 tsa	破砖烂瓦的通称。②引申为话语夹
砖块子	tʂuæ̃2 kʰuεi3 tsɿ	压紧后形状像砖块的茶叶块儿。
转	tʂuæ̃5	改变方向或主意:说呢说呢可~咧。
转过	tʂuæ̃5 kuɤ5	转身。
转筋	tʂuæ̃5 tɕiŋ	指人的小腿肚子肌肉痉挛。
转腾	tʂuæ̃5 tʰəŋ	活动身体:你不咧一天都坐着咧,要起来~着呢。
转坨坨	tʂuæ̃5 tʰuɤ tʰuɤ	形容满地转圈的样子。
转磨磨	tʂuæ̃5 mɤ5 mɤ	同“转坨坨”。
转欢子	tʂuæ̃5 xuæ̃ tsɿ	喻指时常改变主意或犹豫不决的人。
川里	tʂʰuæ̃2 ȵi	指山间或河流两边平坦低洼的地域。
穿衣镜	tʂʰuæ̃2 i tɕiŋ5	可以照见全身的大镜子,也叫“大镜子”。
椽	tʂʰuæ̃	放在檩条上架着屋面板和瓦的木条。
串门子	tʂʰuæ̃5 məŋ tsɿ	串门儿。
拴媳妇子	ʂuæ̃2 ɕi2 fu tsɿ	订婚。
槫	ʂuæ̃	农村用来存放粮食的囤。
船姑娘	ʂuæ̃ ku ȵiaŋ	民间社火表演中跑旱船的女性角色。
涮	ʂuæ̃	摇动器物里面的水使器物冲洗干净。②水冲刷:墙根子叫水~得不牢咧。
涮嘴	ʂuæ̃5 tsuei3	漱口。
软浆	ʐuæ̃3 tɕiaŋ	指人体格不够强壮。
软骨子	ʐuæ̃3 ku tsɿ	得软骨病的人。②没有气节的人。
软不拉唧	ʐuæ̃3 pu la tɕi	同“软不拉嗒”。
软□□	ʐuæ̃3 pia pia	形容软得拿不起来或挺不起来的样子。
软囊囊	ʐuæ̃3 naŋ2 naŋ	摸上去感觉软乎乎的。
软硬不吃	ʐuæ̃3 ȵiŋ5 pu tʂʰʅ	指某人很难对付,用什么办法都不能使接受。
官场	kuæ̃2 tʂʰaŋ	公用的打碾粮食的空地。
官名	kuæ̃2 miŋ	大名、学名。与乳名(小名)相对。
官官子	kuæ̃2 kuæ̃ tsɿ	官儿。
关家	kuæ̃2 tɕia	猜拳喝酒时和每一个人都划拳的人。
关门	kuæ̃2 məŋ	商店停止营业。
观点	kuæ̃2 tiæ̃3	看,打量:拿我细致地再~一下。
棺材瓤瓤子	kuæ̃ tʂʰæ̃ ʐaŋ ʐaŋ tsɿ	上年纪之人的自称。②对上了年纪之人的谑称:眼看着成~咧,还硬挣着呢。
馆子	kuæ̃3 tsɿ	饭馆。
罐罐子	kuæ̃5 kuæ̃5 tsɿ	罐子。
罐罐茶	kuæ̃5 kuæ̃5 tsʰa	用小罐儿在火炉上熬的茶水。
灌米汤	kuæ̃5 mi3 tʰaŋ	比喻用甜言蜜语奉承人迷惑人:那是给你~着呢,你给是相信他呢。
灌耳音	kuæ̃5 εr3 iŋ	在一定的环境中受传授或宣传的影响,无意识地获取某方面的知识。
灌缝子	kuæ̃5 fəŋ5 tsɿ	本义为建筑术语,引申为饭后喝汤。
宽展	kʰuæ̃2 tʂæ̃	地方宽敞:家里~着呢,住上两晚上再走。②心情宽松:这么一说,人心里~咧不少。③经济宽裕:过完年,手里~咧再盖几间房。
宽心	kʰuæ̃2 ɕiŋ	解除心中的焦急愁闷:你纯粹是给人~着呢么!
欢	xuæ̃	起劲、高兴:今儿个把几个娃娃给耍~咧。②热闹:今儿个街上~得很。
欢欢	xuæ̃2 xuæ̃2	热闹的事:这个人到底爱看~得很!
还人情	xuæ̃ ʐəŋ tɕʰiŋ	回报别人给自己的恩情或馈赠礼物。
缓	xuæ̃3	休息,休养:有点乏,拿我~一阵。/你把病~好咧再说。《广韵·缓韵》:“胡管切。舒也。”
缓咧	xuæ̃3 liε	人由黑瘦变得白胖,体质增强:你这一段时间~,人明显有精神咧么!
缓过阳气	xuæ̃3 kuɤ5 iaŋ tɕʰi5	指人遭受打击或生活窘迫,经过一段时间努力后精神焕发或生活有了起色。
臠	lyæ̃	瘫痪:他~到炕上几年咧。《广韵·桓韵》:“落官切。病瘠貌。”
灓	lyæ̃5	(米汤、粥)黏:给病人喝的米汤要烧得~些。
卷烟	tɕyæ̃3 iæ̃	雪茄烟。
卷剥	tɕyæ̃3 pɤ	全部拿走,一点儿也不留:张老汉的钱让老婆子~着走咧。②痛斥:听着听着听不惯咧,让我给~咧一顿。
卷毛子	tɕyæ̃3 mɔu tsɿ	指头发卷曲的人:这个娃娃是个~,心疼得很。
卷子	tɕyæ̃5 tsɿ	试卷。
圈圈子	tɕʰyæ̃ tɕʰyæ̃ tsɿ	圈儿。
圈子	tɕʰyæ̃2 tsɿ	扑克牌中的“Q”。②集体或个人交往的范围:在他们的那个~里对他的评价还可以。
圈	tɕʰyæ̃	用栅栏把家禽家畜围起来。②把人关起来:~着房里把人急死咧!
圈脸胡	tɕʰyæ̃5 liæ̃3 xu	络腮胡子。
鲜净	ɕyæ̃2 tɕiŋ5	干净整洁。
玄	ɕyæ̃	玄虚,不切实际:你看你说得~吗!
旋门纸	ɕyæ̃ məŋ tsɿ3	当地丧俗。指未埋葬死者之前,在灵堂或大门外烧纸以示对过路鬼神的敬意。
旋	ɕyæ̃5	用车床或刀子转着圈地削:又没~你的肉,你叫唤啥呢。
旋子	ɕyæ̃5 tsɿ	卷笔刀,削铅笔的工具。
旋儿	ɕyæ̃5 εr	头顶头发长成旋涡状的地方。
旋旋风	ɕyæ̃5 ɕyæ̃ fəŋ	螺旋状运动的风。
旋	ɕyæ̃5	边……边……,现……现……:麦子~黄就~割咧去。/~走~吃。
旋顶	ɕyæ̃5 tiŋ	头顶脱发。也说“谢顶”。
原	yæ̃	用在动词前面,表示恢复原状:~给他还回去,我不稀罕!原先yæ̃24ɕiæ̃21起初、原来。
原照	yæ̃ tʂɔu5	原样、照旧。
原汤化原食	yæ̃ tʰaŋ xua5 yæ̃ ʂʅ	指吃面条或饺子后,再喝煮过面条或饺子的汤。
塬	yæ̃	受流水冲刷后形成的一种地貌,呈台状,四周陡峭,顶上平坦。
圆圪	yæ̃ kɤ	解释,打圆场:一看说不下去咧,赶紧出来~咧几句。
圆蛋蛋	yæ̃ tæ̃5 tæ̃	像球的形状。
圆疙瘩	yæ̃ kɤ2 ta	同“圆蛋蛋”。
圆凳子	yæ̃ təŋ5 tsɿ	凳面为圆形的凳子。
圆鼓隆咚	yæ̃ ku luŋ2 tuŋ	形容物体呈圆球形状。
园子	yæ̃ tsɿ	果园、菜园。
元元	yæ̃ yæ̃	油菜的一个品种,种子可榨油。
袁大头	yæ̃ ta5 tʰəu	铸有袁世凯头像的一种银元。
院	yæ̃5	院子:~里放咧个谁的自行车。
院墙	yæ̃5 tɕʰiaŋ	院子的围墙。
帮间	paŋ2 tɕiæ̃	程度适当,差不多:你问我这两个咋么个,我看~。
帮衬	paŋ2 tsʰəŋ5	帮助,帮扶。
膀子	paŋ3 tsɿ	禽类的翅膀:~扇呢扇呢地,就是飞不起来。②类似翅膀的构造:飞机落地的时候,~起火咧。
棒棒子	paŋ5 paŋ5 tsɿ	形状短小的棍子,也说“棍棍子”:手里提下一个~,准备干啥呢?②棍子状的物品。多用于小称:身上脏得很,垢甲都搓成~咧。
傍个	paŋ5 kɤ	一半儿:给我掰上~馍馍。②旁边儿:站着~去,没你啥事!
旁人	pʰaŋ2 ʐəŋ	别人:你又不是~,还客气个啥。
旁把外人	pʰaŋ2 pa vεi5 ʐəŋ	指没有亲友关系的人。
胮	pʰaŋ2	浮肿。
忙假	maŋ tɕia5	暑假。
忙忙迫迫	maŋ maŋ pei pei	忙忙碌碌:一天~地,不知道都弄咧些啥!
芒种	maŋ tʂuŋ	节气之一。
莽	maŋ3	人长得壮实,大块头:这个小伙子是个~小伙子。《广韵·肿韵》:“莫冲切。丰大。”
方子	faŋ2 tsɿ	办法。②特指药方。
方片儿	faŋ2 pʰiæ̃3 r	扑克当中的方块儿。
方框儿	faŋ2 kʰuaŋ r	汉字偏旁名称,如“固、围、圈”等字的外围。
方保无事	faŋ2 pɔu3 vu sɿ5	保证不会有什么事。
房房子	faŋ faŋ tsɿ	房子(小称义):开春咧,盖上几间~,过自己的日子去。
房下	faŋ ɕia5	村庄里面同宗同姓的人。
房笆	faŋ pa	将芦苇秆儿编织在一起放在瓦与椽子中间,起房面板的作用。
坊	faŋ3	以清真寺为中心,统辖周边回族居民的传统行教区划单位。
放树	faŋ5 ʂu5	砍伐树木。
放翻	faŋ5 fæ̃	弄翻,弄倒:几下就把他给~咧。/跑肚劲大得很,把一个壮汉随便就~咧。也说“放展”。
放展	faŋ5 tʂæ̃	同“放翻”。②放开手脚:~睡上一觉,明儿个再好好弄。
放咧羊咧	faŋ5 liε iaŋ liε	自由散漫,没人管理:老师一走,学生娃娃就~。
放一马	faŋ5 i2 ma3	相当于网开一面,给一次机会。
放水	faŋ5 tʂʰuei	浇水灌溉。②在比赛中故意让分使对方赢:明天的比赛只要他们不~,我们就能出线。③撒尿的诙谐用语。
放板	faŋ5 pæ̃3	放高利贷:让~的给骗劲大咧!
放命	faŋ5 miŋ5	病危:你大在家里~着呢,你还闲逛着呢!
放舍饭	faŋ5 ʂɤ3 fæ̃	旧指大户人家为救济难民而免费供应食物的活动。
放忙学	faŋ5 maŋ ɕyɤ	放暑假。
汪	vaŋ2	(食物)油脂太多。
汪汪地	vaŋ2 vaŋ2 ti	强调食物的油脂要多:把汤调得~,让我美美吃上一顿。
往过	vaŋ2 kuɤ5	朝边上让。
亡人	vaŋ ʐəŋ	死者。
亡命牌	vaŋ miŋ5 pʰεi	插在死刑犯后背验明正身的木牌。也说“亡命旗旗”。
亡命旗旗	vaŋ miŋ5 tɕʰi tɕʰi	同“亡命牌”。
王辩	vaŋ piæ̃5	指在别人说话时嘴快言语多、善于辩解的人:你连个~一样,不连你说咧!
王五八侯	vaŋ vu pa xəu	自以为是、自命不凡:乜~的,真不知道自己姓啥咧!
枉亏	vaŋ kʰuei	冤枉、吃亏。
往生板	vaŋ3 səŋ pæ̃3	民间用来印制冥票的模板,一般用桃木或杏木刻成。
往生钱	vaŋ3 səŋ tɕʰiæ̃	给死者焚烧的冥票。
当团长	taŋ2 tʰuæ̃ tʂaŋ3	指睡觉时因寒冷而蜷缩成一团。
当兵的	taŋ2 piŋ2 ti	军人。
当	taŋ	遇见:寻他寻咧半天没寻着,把他~着路上咧。②碰运气:~去么,说不上就~上咧。
当是的	taŋ sɿ2 ti	正是的。
当中里	taŋ tʂuŋ ȵi	中间。
党家子	taŋ3 tɕia tsɿ	称呼同姓或同族的人。
党字头	taŋ3 tsɿ tʰəu	汉字偏旁名称,如“常、堂、掌”等字的上部。
当	taŋ	以为,认为:你把人~个超子着哄着呢。②作为,当作:△掂的喇叭丢盹呢——把事没~事么。
当事	taŋ5 sɿ	受重视:人家对你这一回出国考察~得很。②一定:这个会你~要参加呢。
当客子	taŋ5 kʰei2 tsɿ	走街串巷的江湖游医,多以行骗为生。
挡挡挂挂	taŋ5 taŋ5 kua2 kua	碍手碍脚:房里太碎咧,做啥去~的不展脱。
挡挂	taŋ5 kua	阻拦、阻挡:你这么个闹活人家去,怕是有人~呢。
汤饭	tʰaŋ2 fæ̃5	带汤面食的总称。
汤瓶	tʰaŋ2 pʰiŋ	本地回族使用的洗浴用具。
汤汤水水	tʰaŋ2 tʰaŋ ʂuei3 ʂuei	(食物)带汤的:天气干得很,~吃上些。
汤汤子	tʰaŋ tʰaŋ tsɿ	烹调食物时产生的汁液。
汤灶	tʰaŋ2 tsɔu5	专门杀猪的地方。
堂叔老子	tʰaŋ2 ʂu lɔu3 tsɿ	同宗而非嫡亲的叔父。
糖瓜子	tʰaŋ kua tsɿ	圆形的麦芽糖。
搪土	tʰaŋ tʰu3	路面上的浮土、虚土:那半截路~厚得很,人走过去能吃三两土。
淌	tʰaŋ	掉落:杏儿黄咧,自己就往下~开咧。/吃馍馍的时候,不咧到处~得都是馍馍渣渣。
烫面饼子	tʰaŋ5 miæ̃5 piŋ3 tsɿ	用开水和面后烙成的饼。也说“死面饼子”。
囊	naŋ2	虚弱;他做重活去~着呢。②naŋ44懦弱。那是个~倯,啥都弄不成。《广韵·宕韵》:“奴浪切。缓也。”
囊囊子	naŋ2 naŋ tsɿ	食物成为糊状(使人厌恶)。
囊搡	naŋ2 saŋ3	窝囊。
囊	naŋ	富有,日子过得好:这几年开始养肉牛,马家庄人的日子过得~得很。
攮	naŋ3	用锋利的器具戳、扎。
齉	naŋ5	鼻塞不通气。
齉鼻子	naŋ5 pi tsɿ	说话时鼻音特别重的人。
狼眼	laŋ ȵiæ̃	傻眼儿:这个人就经常做下让人~的事!郎猫儿laŋ24mɔu213r公猫。
廊檐	laŋ iæ̃	屋檐:雨越下越大咧,~里的水都掉成线咧。
廊檐水	laŋ iæ̃ ʂuei	下雨时顺着房檐流下的雨水。
浪	laŋ5	用绳索捆绑:车上装的东西要~一下呢,小心跌下来!
浪沫子	laŋ5 mɤ tsɿ	下暴雨后,河水中漂浮的柴草,可做燃料。
浪	laŋ5	(到某地)闲逛、游玩:过年正是~亲戚的时候。
脏囊	tsaŋ2 naŋ3	肮脏、不卫生。
脏唧唧	tsaŋ2 tɕi3 tɕi	因油腻而显得很脏的样子。
脏唧瓦达	tsaŋ2 tɕi va3 ta	脏且乱:一天~的,没说收拾给一下。
脏头烂耳朵	tsaŋ2 tʰəu læ̃5 εr3 tuɤ	喻指不三不四、品行低下之人。
葬	tsaŋ5	言语行为不合常规:再不咧~行情咧。
藏蓝	tsaŋ5 læ̃	蓝中略带红的颜色。
仓	tsʰaŋ2	仓库、仓房。
仓促	tsʰaŋ3 tsʰu	做事没有准备,急急忙忙,时间不充足。
仓	tsʰaŋ5	有意识地储藏:干咧几年保管,怕是给自己~咧不少吧!
丧眼	saŋ2 ȵiæ̃3	使人讨厌:人~咧你是没一点办法。
丧棒	saŋ2 paŋ5	哭丧棒,是孝子在灵柩两旁跪草、陪祭、哭啼而手持的用剪成牙形的白纸缠裹的一根木棍,多为柳木。
搡	saŋ3	猛推:不晓得是谁从后头~咧一把,人就到前头去咧。
丧门星	saŋ5 məŋ ɕiŋ	迷信说法,指给他人带来灾难的人。
□	tʂaŋ	(表情)呆滞、(反应)迟钝:你~啥着呢。/一句话把人给说~咧。
□子	tʂaŋ tsɿ	表情呆滞、反应迟钝之人。
□耷耷	tʂaŋ ta ta	形容呆滞、迟钝的样子。
□眉耷眼	tʂaŋ mi ta ȵiæ̃3	同“瞕耷耷”。
张台	tʂaŋ tʰεi	耳光。
张嘴打哈欠	tʂaŋ2 tsuei3 ta3 xuɤ ɕiæ̃	打哈欠:你看那个人~的,怕是毒瘾犯咧。
章子	tʂaŋ2 tsɿ	印章:法院的大红~在上头拓着呢!
掌	tʂaŋ3	钉或缝在鞋底前部、后部的皮子、橡胶或小铁片等。
掌柜的	tʂaŋ3 kuei5 ti	旧时称商店老板或负责管理商店的人。②指丈夫或妻子。也说“掌柜子”。
掌不住辕	tʂaŋ3 pu tʂʰu5 yæ̃	做不了主,控制不了局面。
胀	tʂaŋ	身体内壁受到压迫而产生不舒服的感觉。②吃(贬义):不管别人吃咧吗没吃,先把自己~饱再说。③“胀气”的简略说法。
胀气	tʂaŋ5 tɕʰi5	生气,通常简略地说成“胀”:再不咧叫我见他,见咧我还~得很。
胀死拉呱	tʂaŋ5 sɿ la kua	形容吃东西吃得过多,很撑的样子。
肠肠肚肚	tʂʰaŋ tʂʰaŋ tu3 tu	泛指动物内脏。②比喻隐秘的想法:他究竟有多少~,谁都弄不清楚。
长虫	tʂʰaŋ tʂʰuŋ	蛇。
长面	tʂʰaŋ miæ̃5	长面条。
场	tʂʰaŋ	平坦的空地,多用来翻晒粮食,碾轧谷物。
畅快	tʂʰaŋ3 kʰuεi	痛快:他这么一说,我心里头多少~咧一些。②爽快:~去是个~人,就是有些小毛病。
敞胸露怀	tʂʰaŋ3 ɕyŋ lu5 xuεi	不系衣扣并露出胸脯,显得不正式、不雅观。
伤脸	ʂaŋ2 liæ̃3	害羞、丢脸。
伤痨	ʂaŋ2 lɔu	肺结核病。
晌午	ʂaŋ3 vu	中午。
上	ʂaŋ	位置在高处的,与“下”相对:楼~。②次序或时间在前的:~往年。③由低处到高处:~山。④去,到:~街。⑤向前进:冲~去。⑥增加:~水。⑦安装,连缀:~鞋。⑧涂:~药。⑨按规定时间进行或参加某种活动:~课。⑩拧紧发条:~弦。登载,记:~账。用在名词后边,表示时间、处所、范围:晚~。用在动词后边,表示开始、继续、趋向、完成:锁~。达到一定的程度或数量:~年纪。
上山趴洼	ʂaŋ5 sæ̃ pa2 va5	走山路。
上坡子	ʂaŋ5 pʰɤ2 tsɿ	由低向高去的坡。
上岗子	ʂaŋ5 kaŋ3 tsɿ	房屋或座位的主位方向。
上正时月	ʂaŋ5 tʂəŋ sɿ yɤ	指春节期间。
上九儿	ʂaŋ5 tɕiəu3 εr	农历正月初九。民俗之一,这天人们上街看热闹,有社火表演。
上房	ʂaŋ5 faŋ	院落里的正屋。②上到房子上面。
上粪	ʂaŋ5 fəŋ5	施肥。
上水	ʂaŋ5 ʂuei	供给生活、消防或工业生产用的清洁水的管道。
上头	ʂaŋ5 tʰəu	指孩子过于调皮:你惯娃娃惯得~咧!②指喝酒后头晕目眩的感觉:这个酒劲大得很,两盅子就~咧。
上板	ʂaŋ5 pæ̃3	哄骗某人:那是给人~着呢,你不咧信。
上心	ʂaŋ5 ɕiŋ	思考、考虑:我~这个事不好办。②ʂaŋ44ɕiŋ24用心:没想到你对学习还这么~。
上席	ʂaŋ5 ɕi	宴会桌上主宾的座位。
上灶	ʂaŋ5 tsɔu5	在集体食堂吃饭。
上往年	ʂaŋ5 vaŋ ȵiæ̃	指距今非常久远的年代。
上往年人	ʂaŋ5 vaŋ ȵiæ̃ ʐəŋ	指不合时宜却又很固执的人。
上家娃	ʂaŋ5 tɕia va	指爱听赞扬话、奉承话的人。
上下楼	ʂaŋ5 xa5 lu	上下两层的小楼。
上姑舅	ʂaŋ5 ku tɕiəu	外甥、外甥女对舅舅家族的称呼。
上前儿个	ʂaŋ5 tɕʰiæ̃ εr kɤ	前天之前的那一天。
上上个礼拜	ʂaŋ5 ʂaŋ5 kɤ li3 pεi	上个星期之前的一个星期。
禳	ʐaŋ	迷信的人向鬼神祈祷消除灾殃的活动:娃娃让鬼吓咧,赶紧给~一下。②用开玩笑的口吻讥讽某人:当咧官就认不得人咧,让我给好好~咧几句。《广韵·阳韵》:“汝阳切。除殃,祭也。”
禳治	ʐaŋ tʂʅ	同“禳①”
穰	ʐaŋ	虚弱:大病咧一场,身体~得很。
穰欠	ʐaŋ tɕʰiæ̃5	不好,差劲儿:他打篮球的技术还~着呢。
穰柴	ʐaŋ tsʰεi	指能够用来引火的柴草。
瓤口	ʐaŋ kʰəu	指西瓜成熟的程度:这个西瓜的~不行,还生着呢!
瓤皮子	ʐaŋ3 pʰi tsɿ	西北的一种风味小吃。制作时先将和好的面团儿放在适量的清水中反复搓洗,洗出其中所含的淀粉,将淀粉汁倒入特制的容器内上笼蒸熟即成。吃时,将成张的瓤皮子切成条状,浇上调料汁,冷食。
嚷仗	ʐaŋ3 tʂaŋ5	吵架。
壤踏	ʐaŋ3 tʰa	打搅,给别人添麻烦。
壤院子	ʐaŋ3 yæ̃5 tsɿ	向别人祝贺乔迁之喜。
让面	ʐaŋ5 miæ̃5	和面、发面。
刚	kaŋ2	只:大家俱都搬走咧,~剩下些零碎子咧。
钢钟锅	kaŋ tʂuŋ kuɤ	用细铝皮机制加工制成的锅。
咣	kaŋ	形容喝水很猛的样子:一进门就~咧一气子凉水。
钢	kaŋ3	磨、蹭:刀老咧,拿着磨石上~给几下。
钢臊	kaŋ3 sɔu5	不顾情面无休止地羞臊别人。
刚	kaŋ5	(性情)坚强、硬气:那是个~人一个,这一点困难就不算啥。
焵	kaŋ5	(烟、气)冒出或(尘土)扬起:快晌午咧,家家烟洞里~开烟咧。/赶紧烧,烧得~开大气咧就滚咧。/今儿在路上把人给~零干咧。
扛	kaŋ5	拖、拉、拽。~咧几米干脆~不动咧!
腔子	kʰaŋ tsɿ	胸脯、胸膛:为这事我是给人拍咧~的。/喝咧些白酒,~里连火着的一样。
扛	kʰaŋ	顶:再这个样子就~不住咧!②碰:把乜~咧一下乜还不愿意咧!
炕	kʰaŋ	火炕。②干烙:把馍馍放到锅里~干咧再吃。《说文》:“炕,干也。”③口渴:天热得很,把人给~死咧。
炕面子	kʰaŋ5 miæ̃5 tsɿ	用来砌火炕用的较大的方形土坯。
炕眼门	kʰaŋ5 ȵiæ̃ məŋ	火炕的门,通过它将燃料送入炕中。
炕墙子	kʰaŋ5 tɕʰiaŋ tsɿ	指灶台和火炕连在一起,中间砌的矮墙。炕桌子kʰaŋ44tʂuɤ21tsɿ21放在炕上的小桌,桌腿较短。
炕边子	kʰaŋ5 piæ̃ tsɿ	火炕靠边的地方。也说“炕边边”“炕沿子”。
夯口	xaŋ2 kʰəu3	难以开口:△棒槌剜牙呢——~得不得行。
巷巷子	xaŋ2 xaŋ tsɿ	小巷儿。
巷子	xaŋ2 tsɿ	小街道,常用于地名。
行子	xaŋ5 tsɿ	行:不行咧栽上两~树,不咧叫地闲着。
项圈子	xaŋ5 tɕʰyæ̃ tsɿ	项圈。在当地一般是指小孩子身体不好或认干亲的时候,由被认为是富贵之人或孩子的干爸干妈用项圈“拴”在孩子脖子上,以示吉利。
梁	liaŋ	条状的黄土山岗。常用作地名。
梁子	liaŋ tsɿ	隔阂、冤仇。
粮站	liaŋ tsæ̃5	粮店。
粮食柬柬	liaŋ ʂʅ tɕiæ̃3 tɕiæ̃	收割麦子等粮食作物时,边割边捆扎的小捆。
凉咧	liaŋ liε	受凉感冒。
凉粉	liaŋ fəŋ	一种风味食品。用土豆或扁豆的淀粉熬成稠糊,冷却后凝成块状,吃时切成细条,拌上醋、辣椒等佐料。
凉浆泡	liaŋ tɕiaŋ pʰɔu5	由于火伤或烫伤,在皮肤或黏膜的表面形成的水泡。
凉不欻欻	liaŋ pu tʂʰua tʂʰua	形容温度不够高、态度不够热情的状况。
两半个	liaŋ3 paŋ5 kɤ	两半儿:弄成~,一人一半儿。②两边儿:到~站下,不咧站着中间。
两面个	liaŋ3 miæ̃5 kɤ	两边儿。②(像一张纸的)两面。
两相好	liaŋ3 ɕiaŋ xɔu3	猜拳时数“二”。也说“哥俩好”、“二好好”等。
两点水	liaŋ2 tiæ̃3 ʂuei3	汉字偏旁名称,如“凉、冰、冲”等字的左边。
晾到干滩上	liaŋ5 tɔu5 kæ̃2 tʰæ̃2 ʂaŋ	撇在一边受冷落,无人理睬。
江米	tɕiaŋ2 mi3	糯米。
将凑	tɕiaŋ2 tsʰəu5	凑合。
浆水	tɕiaŋ2 ʂuei	蔬菜等经过发酵后过滤得到的液体,食用,味酸,可顶替食醋:割麦子恰,你给咱们渥上些~。②比喻某人说话酸腐气息重、话多:我还没说呢,你一下就~着没完咧。
浆水话	tɕiaŋ2 ʂuei3 xua5	比喻某人说话酸腐气息重、话多。
浆水面	tɕiaŋ2 ʂuei3 miæ̃5	一种汤面,用浆水代替食醋。
将前比后	tɕiaŋ2 tɕʰiæ̃ pi3 xəu5	用历史、现实中的人和事做例子规劝某人。
将	tɕiaŋ	刚:~回来坐下就喊着叫上班去呢。
将才	tɕiaŋ tsʰεi	刚才、刚刚。
讲究	tɕiaŋ3 tɕiəu	风俗习惯:你没问一下,乜们那搭有些啥~。匠工tɕiaŋ44kuŋ21指建筑行业中有一定技术的工人。
虹	tɕiaŋ5	彩虹:下罢过雨,东傍个出来咧一个~。
糨子	tɕiaŋ5 tsɿ	糨糊:△猫儿吃~呢——净在嘴上挖抓着呢。
犟板筋	tɕiaŋ5 pæ̃ tɕiŋ	指性格很倔、很犟的人。
犟倯	tɕiaŋ5 suŋ	同“犟板筋”。
犟嘴	tɕiaŋ5 tsuei3	顶嘴。
戗面风	tɕʰiaŋ2 miæ̃5 fəŋ	逆风、顶风。
墙帽	tɕʰiaŋ mɔu5	墙头上的装饰物,同时利于排水并保护墙体。墙洼tɕʰiaŋ24va44墙壁:△人活脸,树活皮,~活下一锨泥。
墙洼里	tɕʰiaŋ va5 ȵi	墙壁之上:~挂下张贤亮写下的一幅字。
墙拐拐	tɕʰiaŋ kuεi3 kuεi	墙拐角。
墙角角	tɕʰiaŋ tɕyɤ tɕyɤ	墙角。
藏猫猫猴儿	tɕʰiaŋ mɔu5 mɔu5 xəu r	捉迷藏:夏天黑咧正是耍~的时候。
娘儿	ȵiaŋ εr	姑姑。
娘母子	ȵiaŋ mu tsɿ	做母亲的:娃娃还没咋么呢,~嚎圆咧。
娘家人	ȵiaŋ tɕia ʐəŋ	已婚女子自己父母家的人。
娘母几个	ȵiaŋ mu tɕi3 kɤ	母亲和子女几个人:这一声把~给吓得劲大。
仰绊子	ȵiaŋ3 pæ̃ tsɿ	仰面朝天摔倒在地。
享应	ɕiaŋ2 iŋ	通常构成“动词+不~”,表虽得到但并不能真正享受:你叫他拿着去,他还是个拿不~。
香菜	ɕiaŋ2 tsʰεi5	芫荽。
香油	ɕiaŋ2 iəu	用芝麻榨的食用油。
香水梨	ɕiaŋ2 ʂuei3 li	同“化心梨”。
香包儿	ɕiaŋ2 pɔu r	香包,当地人在端午节时用丝线、碎绒布做的各式各样的挂在小孩胸前的小包,内装香草。
香饽饽	ɕiaŋ2 pɔu pɔu	形容受欢迎、被看重之人:你乜成咧领导的~咧么!
乡里	ɕiaŋ ȵi	乡下。
乡里人	ɕiaŋ ȵi ʐəŋ	乡下人。
乡里棒	ɕiaŋ ȵi paŋ5	对乡下人的蔑称。
相	ɕiaŋ	重点,关键:说来说去总算说到~上咧。②指望:你说这个事情有~吗没~?
相端	ɕiaŋ5 tuæ̃	观察:要好好~一下再作决定。②酌情处理:这个事情你看着~去。
相公	ɕiaŋ5 kuŋ	麻将用语。指某人比别人多拿或少拿牌,或者违反打牌规则,只能跟着打牌而不能和牌。
扬场	iaŋ tʂʰaŋ	把打下来的谷物、豆类等用机器、木锨等扬起,借风力吹掉壳和尘土,分离出干净的子粒。
扬意	iaŋ i5	不诚恳的、客套的、礼节性的邀请。
洋碱	iaŋ tɕiæ̃3	肥皂。
洋镐	iaŋ kɔu	鹤嘴镐的统称。
洋芋	iaŋ y5	马铃薯。
洋姜	iaŋ tɕiaŋ	菊芋。
洋火	iaŋ xuɤ3	火柴。
洋火匣匣	iaŋ xuɤ3 ɕia ɕia	火柴盒。
洋糖	iaŋ tʰaŋ	糖果。
洋瓷	iaŋ tsʰɿ	搪瓷。
洋蜡	iaŋ la	蜡烛。
洋灰	iaŋ xuei	水泥。
洋盘	iaŋ pʰæ̃	搪瓷盘子。
洋码号	iaŋ ma3 xɔu	阿拉伯数字。
洋气	iaŋ tɕʰi5	时尚。
洋暖	iaŋ nuæ̃3	指集中供热的暖气。
洋楼	iaŋ lu	对某人新的头发造型的谑称。
佯板	iaŋ pæ̃3	颠三倒四、神情恍惚。
佯昏子	iaŋ xuŋ tsɿ	疏忽大意、记性不好。
佯搭不睬	iaŋ ta pu tsʰεi3	装做没看见而不理睬。
羊棒子	iaŋ paŋ5 tsɿ	羊腿骨。
羊架子	iaŋ tɕia5 tsɿ	剔去肉的羊骨架。
羊羔子	iaŋ kɤ tsɿ	羊羔。
羊羔儿疯	iaŋ kɤ rfəŋ	癫痫。
羊肉泡馍	iaŋ ʐəu5 pʰɔu5 mɤ	传统风味小吃,将羊肉块或片清炖好,泡上饼子吃。
阳历	iaŋ li	公历。
阳历年	iaŋ li ȵiæ̃	元旦。
阳洼里	iaŋ va2 ȵi	山的阳面。②向阳处。
阳洼岗岗	iaŋ va kaŋ3 kaŋ	太阳一直能晒到的地方。
阳沟壕	iaŋ kəu xɔu	露天的排水沟。
阳寿	iaŋ ʂəu5	一种迷信的说法,指人在阳世间活的岁数。
仰窗	iaŋ3 tʂʰuaŋ	屋子里糊的顶棚。
养娃娃	iaŋ3 va va	生孩子。
瀁	iaŋ5	液体或粉状物装得太满而向外流、洒:车装得太满咧,~咧一路。《广韵·漾韵》:“余亮切。水溢荡貌。”
漾粪	iaŋ5 fəŋ5	将处理好的肥料均匀地撒到田里。
庄子	tʂuaŋ2 tsɿ	村庄。
桩	tʂuaŋ2	
装	tʂuaŋ2	
装	tʂuaŋ2	
庄客	tʂuaŋ2 kʰei	家中有红白喜事时,前来贺喜的同村的异姓宾客。
庄户人	tʂuaŋ2 xu5 ʐəŋ	农民。
装幌	tʂuaŋ2 xuaŋ2	装模作样。
装洋蒜	tʂuaŋ2 iaŋ suæ̃5	假装、伪装。
装孙子	tʂuaŋ2 suŋ2 tsɿ	假装不敢做某事或有意躲避。
奘	tʂuaŋ3	粗而大:这个树~得很,三个人都抱不过来。《广韵·漾韵》:“侧亮切。大也。”
壮	tʂuaŋ5	(动物)肥胖。
壮	tʂuaŋ5	把棉絮、荞麦皮或动物毛摊放在被子、棉衣、枕头里边:今年要给娃娃~个棉袄呢。《广韵·漾韵》:“侧亮切。行装。”
窗花	tʂʰuaŋ2 xua	剪纸的一种,常在过春节或有喜事时贴在窗户上用作装饰。
疮	tʂʰuaŋ2	通常指皮肤或黏膜上发生溃烂的疾病。
闯	tʂʰuaŋ	猛冲。②闯荡,历练。
撞	tʂʰuaŋ	碰撞(身体接触):谁又没~,咋自己跌倒咧?②碰到、碰见:刚出门就~上老张咧。
双身	ʂuaŋ2 ʂəŋ	怀孕。也说“大肚子”。
双虹	ʂuaŋ2 tɕiaŋ5	两道并列的彩虹。
霜降	ʂuaŋ2 tɕiaŋ	节气之一。
双眼层层	ʂuaŋ2 ȵiæ̃3 tsʰəŋ tsʰəŋ	双眼皮。
双立人	ʂuaŋ2 li ʐəŋ	汉字偏旁名称。如“征、行、街”等字的左边。
双下巴	ʂuaŋ2 xa5 pa	指下巴因肥胖而像有两重:过年把人给吃胖咧,都有咧~咧。
双旋儿	ʂuaŋ2 ɕyæ̃5 εr	指头发上有两处旋涡。
缩	ʂuaŋ	(人)手、脖子因寒冷、惧怕而缩进衣服:天冷得很,赶紧把手~进去。②身体向后退:往后~啥呢么,害怕咧?
光捻捻	kuaŋ2 ȵiæ̃3 ȵiæ̃	身上一丝不挂。
光唧唧	kuaŋ2 tɕi3 tɕi	光秃秃。②光滑。
光不拉唧	kuaŋ2 pu la tɕi	同“光唧唧”。
光阴	kuaŋ2 iŋ	时间:~过得快很!②生活、生计:娶个媳妇好好过~去!
光把连串	kuaŋ2 pa3 liæ̃ tʂʰuæ̃5	精光、一点儿都不剩余。
光串子	kuaŋ2 tʂʰuæ̃5 tsɿ	同“光把连串”。
光把一二三	kuaŋ2 pa3 iɔu2 εr5 sæ̃	一无所有。
光淌	kuaŋ2 tʰaŋ5	平整、光滑。
挄	kuaŋ3	用铁锹铲:雪把门都堵咧,赶紧拿铁锨~给一条路。
銧子	kuaŋ3 tsɿ	农具,犁。
光	kuaŋ5	尴尬、难堪:东西买上咧,结果没拿钱,把人~的。
逛	kuaŋ5	游玩。
逛三	kuaŋ5 sæ̃	游手好闲之人。
逛闲	kuaŋ5 ɕiæ̃	聊天儿。
逛眼	kuaŋ5 ȵiæ̃	夜晚喝茶或交谈时兴致很高失去睡意。
桄子	kuaŋ5 tsɿ	量词,用于线:那么大的个毛衣拆咧就绕咧这几~线。
筐子	kʰuaŋ2 tsɿ	用竹篾、柳条等编成的盛东西的器具。
狂	kʰuaŋ	发疯,精神失常:正说着呢,人家一下子~咧么!②纵情任性或放荡骄恣的态度:那个人当时就~得很,现在不是也窝下咧么!③气势猛烈,超出平常:猛然刮开~风咧。
框子	kʰuaŋ5 tsɿ	镶在器物的外围有支撑或保护作用的边儿。
黄	xuaŋ	杏子或粮食作物成熟。②(事情)没有结果:说是给老大找个工作看起来是~咧!
黄米	xuaŋ mi3	糜子的实。
黄表	xuaŋ piɔu3	黄表纸。是道教对神祈求的奏折,表示对神的尊敬。黄段子xuaŋ24tuæ̃44tsɿ21黄色笑话。
黄萝卜	xuaŋ luɤ pu	黄色的胡萝卜。
黄鼠	xuaŋ tʂʰu	鼠类的一种。穴居在疏松的土壤中,吃农作物和野生植物,能传染鼠疫。
黄风土雾	xuaŋ fəŋ tʰu3 vu5	扬沙天气。尘沙被风吹起,能见度明显下降,天空混浊,一片黄色。
幌	xuaŋ5	
谎溜儿	xuaŋ3 liəu5 εr	指经常撒谎骗人的人。
谎花儿	xuaŋ3 xua εr	指只开花却不结子实的花儿。
绷	pəŋ	用力睁大(眼睛):把人惊得眼睛~咧那么大。②瞪:让人家美美地~咧几眼。
绷大	pəŋ2 ta5	在某人面前争说年龄大或辈分高。
绷硬眼	pəŋ2 ȵiŋ5 ȵiæ̃	喻指办事不受人情左右,讲原则:原想事
嘣镲镲	pəŋ2 tsʰa5 tsʰa5	跳舞:今晚咱们~走。
崩楼马勺	pəŋ2 ləu ma3 ʂuɤ	前额突出,后脑不平整,长得不好看:你看你长得~的,还乱嚷啥呢。也说“前崩楼后马勺”。
本家	pəŋ3 tɕia	称呼与自己同姓的人。
锛	pəŋ5	刀刃受力缺损:剁骨都的时候没防住把刀~咧个豁豁子。
蹦蹦车	pəŋ5 pəŋ5 tʂʰɤ	当地对三轮农用车、三轮摩托车(后带斗)的统称。
喷	pʰəŋ2	撞、扑:还没说啥呢,乜~着过来就想打人呢!
篷布	pʰəŋ pu5	遮盖货物用的大苫布:下雨恰,赶紧把~拉过来苫上。
棚木	pʰəŋ mu	建房时横搭在门、窗上方墙上的木板或水泥板。
碰着	pʰəŋ5 tʂuɤ2	碰见。也说“碰上”。
门告	məŋ kɔu	张贴在大门门板上的讣告。当地丧俗,指家里有人(通常是成了家的)去世后,即请阴阳书写讣告,将死者及亲属情况告知亲戚朋友、街坊邻居或路人。
门杯	məŋ pʰei	指酒筵开始前给每人斟的第一杯酒。
门扣子	məŋ kʰəu5 tsɿ	旧式房门上钉的铁扣子,让锁锁在上面。门纂窝məŋ24tsuæ̃53vɤ21旧式房门上安放门转轴的窝儿。
门箱子	məŋ ɕiaŋ tsɿ	柜子里带了小门儿能单独放东西的小橱。
蒙眼	məŋ ȵiæ̃	牲口拉磨时,蒙在眼睛上的布。②戏谑语,常对戴墨镜的人使用:哎呀,你的~咋戴得美得很。
猛症	məŋ3 tʂəŋ	急病。
猛嚓嚓	məŋ3 tsʰa tsʰa	猛然、突然。
猛个绺绺	məŋ3 kɤ liəu liəu	猛然、突然。
梦睡梦	məŋ5 ʂuei5 məŋ	做梦。
濛	məŋ5	将物品置于水中浸泡使之吸水充足或变柔软:~可子再洗,容易洗干净。
懵	məŋ5	愚笨:看你~嘛,啥都不会弄!《广韵·董韵》:“莫孔切。心乱貌。”
分分子	fəŋ2 fəŋ tsɿ	票面以分为单位的货币总称:现在谁还把个~钱放着眼睛里着呢。
风屎	fəŋ2 sɿ3	荨麻疹:这个娃娃出咧一身的~,不敢叫出门迎风。
风匣	fəŋ2 ɕia	烧火用的风箱:△老鼠进咧~咧——两头子受气。
风院	fəŋ2 yæ̃	月晕。
风光	fəŋ2 kuaŋ	排场、体面、热闹:老张给大儿子娶媳妇的时候~得简直没法说。
风打咧	fəŋ2 ta3 liε	中风。也说“邪风打咧”。
疯疯张张	fəŋ2 fəŋ tʂaŋ tʂaŋ	疯疯癫癫:乜一天~的,不知道想做啥。
封子	fəŋ2 tsɿ	用纸包裹起来作为礼物的钱或物。
封包	fəŋ2 pɔu	把为死者烧化的纸钱打成包裹,然后焚烧,意为由冥界的邮局将包裹转送死者。
蜂儿	fəŋ2 εr	对蜂类的统称。
蜂儿片	fəŋ εr pʰiæ̃5	蜂房。
坟院	fəŋ yæ̃5	在坟墓周围用砖头或土圈出一块地方,就像有一个院子一样。
坟孤堆	fəŋ ku5 tuei	坟墓地面部分的圆锥形土堆。
忿	fəŋ3	嗤之以鼻时鼻子中发出的声音:鼻子里~~的,不满意吗?粉面子fəŋ53miæ̃44tsɿ21淀粉:买上些~做些凉粉吃。
粉坊	fəŋ3 faŋ	制造淀粉副食品的作坊:这几年洋芋朝外运的多,开~就困难咧。
粉汤	fəŋ3 tʰaŋ	将凉粉切成块放在汤里配上牛肉、萝卜片等烩成的食物。当地习俗一般指人死后,给来吊唁的人吃。
粉子疙瘩	fəŋ3 tsɿ kɤ ta	疖子。
温吭子	vəŋ2 kʰəŋ5 tsɿ	指话语迟缓、性情木讷之人。
文	vəŋ	趁、抓紧:~热着赶紧喝咧去,凉咧就不好喝咧。
稳妥	vəŋ3 tʰuɤ3	稳当、可靠。
问讯	vəŋ5 ɕiŋ	问候。
灯捻子	təŋ2 ȵiæ̃3 tsɿ	灯芯。
灯绳子	təŋ2 ʂəŋ tsɿ	电灯拉线开关上的拉线:把~绾长一些,不然的话个子碎的人够不着。
灯尽火灭	təŋ2 tɕiŋ5 xuɤ3 miε	油灯因油燃尽而熄灭,比喻人失去生命或事情结束而不复存在。
等当	təŋ3 taŋ	比划。
澄	təŋ5	使液体里的杂质沉淀:让水~清咧再用。《广韵·庚韵》:“直庚切。水清定。”
扽	təŋ5	拉、扯:松紧带一~就长咧。
扽不展	təŋ5 pu tʂæ̃3	不大方、害羞:这个娃娃人少着还罢咧,到咧大场面上就~咧。
凳凳子	təŋ5 təŋ tsɿ	凳子(小称义)。
誊	tʰəŋ	照底稿抄写。
腾	tʰəŋ	空出来,挪移。
膯子	tʰəŋ3 tsɿ	指愚笨迟钝又固执己见之人。
膯膯的	tʰəŋ3 tʰəŋ ti	形容小孩子的脸胖嘟嘟的:娃娃长得~,心疼很!
能成	nəŋ tʂʰəŋ	行、可以。
能	nəŋ5	宁可:△~给狠汉子牵马拽镫,不给倯汉子出谋定计。
棱棱子	ləŋ2 ləŋ tsɿ	物体的边角。
冷	ləŋ	温度低。②形容愣头愣脑的样子。此义常与“货、倯、儿”等组合使用。③拼命、尽力、使劲:饭不敢~吃,小心吃下病咧着。
冷子	ləŋ3 tsɿ	冰雹。
冷子疙瘩	ləŋ3 tsɿ kɤ ta	同“冷子”。
冷儿	ləŋ3 εr	愣头愣脑之人。
冷货	ləŋ3 xuɤ5	同“冷儿”。
冷棒	ləŋ3 paŋ5	同“冷儿”。
冷倯	ləŋ3 suŋ	同“冷儿”。
冷倯的	ləŋ3 suŋ ti	拼命、尽力、使劲。常用在动词前,表程度增强:发令枪一响,你只管~往前跑!
冷不唧唧	ləŋ3 pu tɕi tɕi	指人愣头愣脑的样子。
冷不腥腥	ləŋ3 pu ɕiŋ ɕiŋ	同“冷不唧唧”。
怎长道短	tsəŋ2 tʂʰaŋ tɔu5 tuæ̃3	道听途说,没有事实依据地述说别人的事情:谁谁谁~的,听得人心烦呢!
睁眼瞎子	tsəŋ2 ȵiæ̃3 xa tsɿ	文盲。
争	tsəŋ	厉害,优秀:看乜家那个娃娃~嘛,头一年就考到北大去咧。②欠、差、少:买车票~咧两块钱。
争讲	tsəŋ2 tɕiaŋ3	争论、争辩。
争摆	tsəŋ2 pεi	争取:该~的还是要~一下呢!
争三	tsəŋ2 sæ̃	指做事不怕困难或不计后果的人。
争嘴窝窝	tsəŋ2 tsuei3 vɤ vɤ	脖颈后面凹下去的小坑儿。
挣	tsəŋ5	用力过度使机体某部位受伤:慢些弄,看把人给~咧着。
挣命	tsəŋ5 miŋ5	拼命:就这都~着呢,还敢再弄啥!
挣死鬼	tsəŋ5 sɿ kuei	拼命做好事情的人:再不咧当~咧,这个事情对你有啥好处?②做无用功的人:~的话就是多,挣着挣着说呢!
挣着吃	tsəŋ5 tʂɤ tʂʰʅ	强打精神吃饭:不想吃也要~些呢,不是就没劲。②拼着命硬吃:饭吃不了咧就不咧~,小心把人吃日塌咧着!
挣死扒活	tsəŋ5 sɿ pa xuɤ	拼命地,好不容易地:她~地赚咧一点钱,结果还让骗子拿走咧。
撑	tsʰəŋ2	使张开:我拿铁锨铲,你~开袋子,一会会就弄完咧。
撑眼	tsʰəŋ2 ȵiæ̃3	形容不讨人喜欢、让人厌恶的样子:你看你~嘛!
撑竿竿	tsʰəŋ2 kæ̃2 kæ̃	挑大梁、当领导承担责任。
惨	tsʰəŋ	狠、恶毒:看~吗,一天咧给娃娃没给吃的么!②悲伤、使人难受:~人着说不成,眼泪把心都淹咧!
惨人	tsʰəŋ3 ʐəŋ	让人不忍目睹或耳闻:那个娃娃的事听得人~的。
蹭	tsʰəŋ5	态度冷淡,不和蔼:这个人~得搭不住錾,真个是个~倯。
衬	tsʰəŋ5	支、垫:墨汁把纸就渗透咧,给底下~给张报纸。
衬底	tsʰəŋ5 ti3	成绩排名为最后一名:这一回考得不好,怕是要~呢。
牚	tsʰəŋ5	桌椅板凳腿儿之间的横木:这个凳子结实是因为几个~拿上劲着呢。
生姜	səŋ2 tɕiaŋ	姜,常用调味品。
生葫子	səŋ2 xu5 tsɿ	没有成熟的西葫芦果实:这个西瓜是个~。②形容对一行业不熟悉的人:我是个~,大家多担待一点。
生食气	səŋ2 ʂʅ tɕʰi	消化不良使打嗝儿的味道不好闻。
生方方子	səŋ2 faŋ faŋ tsɿ	想方设法。
生瓜蛋子	səŋ2 kua tæ̃5 tsɿ	未熟的瓜。②比喻不讲理之人。
牲口	səŋ2 kʰəu3	指马、骡等大家畜。
瘆	səŋ	阴冷:交上十月,天气早晚就~得很。②身体遭受冷气侵袭而疼痛:年轻的时候,腿让凉气~咧,老咧疼得很。③愣住、呆滞:一句话把人还给说着~住咧。《广韵·寝韵》:“歹束锦切。寒病。”
瘆煞	səŋ5 sa	迷信的说法,指一个地方因神秘、怪异而使人恐惧。
针鼻冠	tʂəŋ2 pi kuæ̃	针眼。
真格	tʂəŋ kɤ	的确,实在。
真人	tʂəŋ2 ʐəŋ	有真才实学的人:△~不露相,露相非~。
真格是	tʂəŋ2 kɤ sɿ	真是的:~没干的咧,干这份工作呢!
正月十五	tʂəŋ2 yɤ ʂʅ vu3	农历正月十五,元宵节:今年~街上热闹得很。
蒸馍	tʂəŋ2 mɤ5	蒸制的馒头、花卷的通称:拿上两个~,就上点咸菜,一顿饭就算吃咧。
整双	tʂəŋ3 ʂuaŋ	整齐。
正装	tʂəŋ5 tʂuaŋ	正宗:这都是~货,放心用去。②正派:那个人没啥毛病,~着呢。③正式场合穿的服装。
正当儿	tʂəŋ5 taŋ3 εr	不是想当然的,实际上:你以为那个人坏得了不得,~那是个好人。
正儿八经	tʂəŋ5 εr pa tɕiŋ	正当的,严肃认真的:弄些~的事情,不咧整天价游手好闲的没啥弄!②正规的、正式的:乜可是~的留学博士,你不咧小看人家。③装腔作势:一个啥都不会弄的人,乜还~地在那达给人当领导着呢。
正正子	tʂəŋ5 tʂəŋ5 tsɿ	正,不歪(与歪歪子相对):军帽要~戴呢,歪歪子戴上就不是个军人。②正面,不是反面(与反反子相对):不仔细看,~连反反子没有啥不一样。
抻	tʂʰəŋ2	伸:把手~出来!
承头的	tʂʰəŋ tʰəu ti	领头的。
成	tʂʰəŋ	超出预计:这个事情你旦~一个月着弄开咧,就没啥意思咧!
成夜	tʂʰəŋ iε5	通宵、整夜。
成天价	tʂʰəŋ tʰiæ̃ tɕia	整天。
城里	tʂʰəŋ ȵi	城市里。
城里人	tʂʰəŋ ȵi ʐəŋ	长期居住在城市里面的非农业人口。
趁红火	tʂʰəŋ5 xuŋ xuɤ	凑热闹。
呻唤	ʂəŋ2 xuæ̃	呻吟:疼得我半夜里~圆咧。②故意叫唤:再不咧~咧,谁又不问你借钱。
呻呻唤唤	ʂəŋ2 ʂəŋ xuæ̃ xuæ̃	形容不停地呻吟。
声气	ʂəŋ2 tɕʰi5	声音、气息:叫咧半天,乜连一点儿~都没有。
升子	ʂəŋ2 tsɿ	计量粮食数量的器具,容量为斗的十分之一。
升级	ʂəŋ2 tɕi	扑克的一种玩法。
身子	ʂəŋ2 tsɿ	身体:上咧年龄咧,要注意自己的~呢。②身孕:拉下个~,不方便得很!③戏曲中的角色:乜把~装起来,人都认不得咧!
身不空	ʂəŋ2 pu kʰuŋ5	怀孕的隐讳说法。
绳绳子	ʂəŋ ʂəŋ tsɿ	绳子(小称义)。
神神道道	ʂəŋ ʂəŋ tɔu tɔu	神经不大正常,装神弄鬼的。
深坑脑窖	ʂəŋ2 kʰəŋ nɔu3 tɕiɔu5	地面上凹凸不平的样子。
深门浅窗子	ʂəŋ2 tsɿ tɕʰiæ̃3 tʂʰuəŋ tsɿ	当地民居的一种构造形式,即窗户的位置凸出,门的位置凹进。
人七	ʐəŋ tɕʰi	农历正月初七。民俗之一,这天每个人要待在家中,为自己守魂。
人情	ʐəŋ tɕʰiŋ	恩惠:这一回是欠咧个大~。②指礼节应酬等习俗:该敬的~还是要敬呢!③礼金、礼物:小红结婚我就不去咧,你给我把~代上。
人精精	ʐəŋ tɕiŋ tɕiŋ	极其聪明、奸猾之人。
人背后	ʐəŋ pei5 xau	背地里。
人参果	ʐəŋ səŋ kuɤ	同“蕨麻”。
人老几辈子	ʐəŋ lɔu3 tɕi3 pei5 tsɿ	几辈人。
人稠地狭	ʐəŋ tʂʰau ti5 ɕia	人口稠密而土地窄狭。
荏	ʐəŋ3	人的机体某部位有酸软的感觉:酸杏儿吃多咧,牙就~咧。/膝盖受伤咧,走路的时候一~一~地。
刃子	ʐəŋ5 tsɿ	镰刀上能够卸下的刀刃。
根子里	kəŋ tsɿ ȵi	事物的本原,人的出身底细。
根根子	kəŋ kəŋ tsɿ	饮水、喝汤后留在杯子或碗底的残留物。
根根	kəŋ kəŋ	草木的根儿。
跟头马爬	kəŋ tʰau ma3 pʰa	连滚带爬的。
跟车	kəŋ tʂʰɤ2	随车学驾驶或做售票员。
跟集	kəŋ2 tɕi	赶集。
跟人	kəŋ ʐəŋ	寡妇再嫁。
跟会	kəŋ2 xuei5	赶庙会。
跟前撵后	kəŋ2 tɕʰiæ̃ ȵiæ̃3 xəu5	纠缠,围着转。
跟手	kəŋ2 ʂəu3	随后,紧接着:会开完~就把文件发了。
跟寻	kəŋ ɕiŋ	过问:这没下数的事,谁给能想起来~呢着。
跟尻子	kəŋ2 kəu tsɿ	紧跟着:刚到办公室,小马~就找来了。
吭哧	kʰəŋ2 tʂʰʅ3	吃力地干某事:你~咧半天也没见弄出个啥名堂来。
吭咯二五	kʰəŋ2 kʰa3 εr5 vu3	比喻做事干净利落:要弄就~的弄,不咧婆婆妈妈的。
肎	kʰəŋ5	本义为骨头之间的肉,引申为被卡住,受到阻碍:这个事办到王局长那儿给~住咧。《说文·肉部》:“肎,骨间肉肎肎著也。”
狠	xəŋ	身体健康(多用于老年人):他大大八十几咧,身子还~着呢!②厉害、有本事:那是个~人。
恨	xəŋ5	没有言语交流的僵持:你就在那达~着,看能~出个啥?
嗯	əŋ2	表示撒娇亲昵的语气。
嗯	əŋ	表示质疑的语气。
嗯	əŋ3	表示肯定或答应的语气。
嗯	əŋ5	表示反对或考虑的语气。
冰草	piŋ2 tsʰɔu3	为禾本科多年生旱生禾草,是温带干旱地区最重要的牧草之一。生长在干燥草地、山坡、丘陵以及沙地。
冰溜子	piŋ2 liəu5 tsɿ	初冬时分,雨下到地面后迅速冻结成一层薄冰,人走上去特别滑。
冰欻欻	piŋ2 tʂʰua tʂʰua	冰凉的感觉。
鬓角	piŋ5 tɕyɤ	耳朵前边长头发的地方。
病疾	piŋ5 tɕi	疾病。
病框旁	piŋ5 kʰuaŋ pʰaŋ	汉字偏旁名称。如“疔、疴、痼”等字的左上部。
病病唧唧	piŋ5 piŋ5 tɕi tɕi	形容人久病萎靡不振的样子:整天价~的,把人心烦透咧。
平斤	pʰiŋ tɕiŋ	削平木料的工具,柄与刃具相垂直呈丁字形,刃具扁而宽,使用时向下向里用力。
平服	pʰiŋ fu	心平气和。
平盘	pʰiŋ pʰæ̃	平底的盘子。
瓶瓶子	pʰiŋ pʰiŋ tsɿ	瓶子(小称义)。
瓶瓶罐罐	pʰiŋ pʰiŋ kuæ̃5 kuæ̃	大小不一的瓶子和罐子。
瓶底底	pʰiŋ ti3 ti	瓶底。
瓶嘴嘴	pʰiŋ tsuei3 tsuei	瓶子口。
瓶盖盖	pʰiŋ kεi5 kεi	瓶盖儿。
瓶塞塞	pʰiŋ sei sei	瓶塞儿。
苹果绿	pʰiŋ kuɤ ly	像未成熟的苹果的绿色,色较浅。
品	pʰiŋ3	悠闲自在、缓慢状:都火燎眉毛咧,这个人还这么~!也说“品品地”、“品麻”。
名锦	miŋ tɕiŋ	为死者送的祭奠物品。在一面锦旗或一块缎被面儿上写上祭奠者姓名再同死者一块儿下葬。
明侃	miŋ kʰæ̃3	直白地说。
明锁	miŋ ʂuɤ3	整个锁体都能让人看见的一种锁。
明明儿	miŋ miŋ εr	明白。~个人么,咋弄那糊涂事呢。②形容物体光亮、闪光耀眼:要过年咧,把玻璃擦得~的。
明打明地	miŋ ta3 miŋ ti	公开,公然:~说,这个事只能这么办!
明眼人	miŋ ȵiæ̃3 ʐəŋ	有鉴别能力和社会经验而善于观察情况的人。
明年个	miŋ ȵiæ̃ kɤ	明年。~是奥运年,走北京看比赛走。
明纠纠	miŋ tɕiəu2 tɕiəu	物体表面颜色鲜艳,光泽强烈的样子。
明唧溜光	miŋ tɕi liəu5 kuaŋ	形容物体光亮耀眼:你看你把个头收拾得~的,跟个牛舔下的一样。
渳	miŋ3	嘴唇轻轻地沾一下碗或杯子,略微喝一点。现写作“抿”:不能喝酒,~一下就算数。
冥票	miŋ3 pʰiɔu5	给死人烧的纸钱。
抿抿失笑	miŋ3 miŋ ʂʅ ɕiɔu5	情不自禁地发笑。
丁子	tiŋ2 tsɿ	扑克牌中的“J”。
丁当	tiŋ2 taŋ	身体硬朗,没有什么疾病。
钉钉子	tiŋ tiŋ2 tsɿ	钉子(小称义)。
钉锤子	tiŋ2 tʂʰuei tsɿ	一种能钉钉子又能拔钉子的锤子。锤头一端为方形,另一端扁平且有夹缝。
钉子鞋	tiŋ2 tsɿ xεi	体育竞技用的跑鞋。
盯四马子	tiŋ2 sɿ5 ma tsɿ	一种棋类游戏。
盯识	tiŋ2 ʂʅ	看见某物心中有数而嘴上不说。
盯对	tiŋ2 tuei5	核对、核实:你们两个再把文字~一下。
酊住	tiŋ tʂʰu	消化不良。也说“挂住”。
顶刮	tiŋ3 kua	顶嘴、顶撞:~上几句,你老人家怕是受不了!
顶针子	tiŋ3 tʂəŋ tsɿ	做针线活时戴在手指上的工具,用来抵住针鼻儿,保护手指不至于受伤。
顶事	tiŋ3 sɿ5	有用,有效:这个药吃咧还是~呢!
顶牛	tiŋ3 ȵiəu	双方发生冲突,争执不下。
顶门门子	tiŋ3 məŋ məŋ tsɿ	没有儿子的人从亲戚家找一个男孩子充当自己的儿子,赡养自己,顶起门户,继承家产。
定	tiŋ5	安稳、安静。你~一阵唦,烦死人咧!
定定儿的	tiŋ5 tiŋ5 εr ti	一动不动,保持安静。
订婚	tiŋ5 xuŋ	男女双方订立婚姻关系。
钉橛	tiŋ5 tɕyɤ	钉木桩。②作决定:这个事还是要领导给~呢!
听床	tʰiŋ2 tʂʰuaŋ	当地习俗。指新婚之夜旁人在洞房外偷听新郎新娘说话。
停	tʰiŋ	均匀:给弟兄两个把家产分~,免得以后再算账。②打成平手:前两局打~咧,就看第三局咧。③过:~给几天就长出来新芽芽咧。④量词,总份数当中的一份:来的人不多,能有三~儿。
停当	tʰiŋ taŋ	一切准备就绪:啥都弄~咧,就等人来咧。
临	liŋ	将要、快要:~考试恰,再不咧逼着娃娃学多少咧。
灵	liŋ	灵活、机灵:这个娃娃的脑子~得很。②听力好:他爷爷七十几咧,耳朵还~着呢。
灵醒	liŋ ɕiŋ	明白、清醒:不咧看乜喝咧些酒,乜脑子里~着呢!灵窍liŋ24tɕʰiɔu44机灵、点子多:一看就是个~人!
零嘴	liŋ tsuei3	零食:娃娃一天~吃得太多咧,就不好好吃饭咧。
零干	liŋ kæ̃	用在形容词、动词后面,表示程度达到极限:这几天把人给冻~咧。
零卖	liŋ mεi3	零售:乜两个好得很,是一把萝卜不~。
翎膀子	liŋ paŋ tsɿ	鸟类的翅膀。
临了	liŋ liɔu3	最终。
领豁	liŋ3 xuɤ	领口。
檩条	liŋ3 tʰiɔu	架在房屋或山墙上面用来支持椽子或屋面板的长条形构件。也说“檩子”。
另	liŋ5	分家、另立门户:老五从老家里~出来过咧。
另心	liŋ5 ɕiŋ	二心、异心:两口子嚷得劲大,怕是谁有咧~咧!
惊	tɕiŋ	吃惊、受惊:“轰”的一声,把人还给~咧。②跳起来:乜一下子~咧多高,手叉着腰里骂开人咧。
惊蛰	tɕiŋ tʂɤ	节气之一。
惊趟子	tɕiŋ2 tʰaŋ5 tsɿ	一趟一趟地来回跑:~的事我不弄,你给我个明确的说法。
今年个	tɕiŋ2 ȵiæ̃ kɤ	今年。
金镏子	tɕiŋ2 liəu5 sɿ	金戒指。
筋	tɕiŋ2	形容面食有韧性。
筋疙瘩	tɕiŋ2 kɤ2 ta	人手臂或腿部的韧带受力后起的小包,轻易不会消散。
筋骨	tɕiŋ2 ku	指面粉的韧劲儿:今年麦子磨下的面~大得很。
筋筋串串	tɕiŋ2 tɕiŋ tʂʰuæ̃5 tʂʰuæ̃5	指牛羊肉里的肌腱和韧带:饺子馅里的~咋么都要剁烂呢!
精	tɕiŋ2	机灵、心细。
精嘴子	tɕiŋ2 tsuei3 tsɿ	指嘴特别馋又特别挑剔的人。
精尻子	tɕiŋ2 kəu tsɿ	光屁股:△雨、雨,下大大,~娃娃不害怕。
精脚片子	tɕiŋ2 tɕyɤ pʰiæ̃3 tsɿ	光脚丫子。
精脚亮片	tɕiŋ2 tɕyɤ liaŋ5 pʰiæ̃3	光着两只脚。
尽	tɕiŋ	力求达到最大限度:今儿个的饭你~饱吃。②让某些人或事尽先:先~手跟前的事办。
紧	tɕiŋ	把肉放在水中稍微煮一下。②用尽、用完:~着手里那些钱弄去。
紧成	tɕiŋ3 tʂʰəŋ	严实:各到四处的库房大门要关~。②整齐。穿~,不咧松松垮垮的咧。
紧困	tɕiŋ3 kʰuŋ5	危险困难:今年刚从~处走出来。
紧紧巴巴	tɕiŋ3 tɕiŋ pa pa	形容经济不宽裕,手头拮据:日子一直过得~。
紧巴巴	tɕiŋ3 pa pa	衣服或面部给人紧的感觉。②同“紧紧巴巴”。
紧要三关	tɕiŋ3 iɔu5 sæ̃ kuæ̃	紧要关头。
尽七	tɕiŋ5 ɕi	当地丧俗。指人亡故后,亲属自埋葬死者开始,每七天要给死者烧一次纸,共七七四十九天,尽七是最后一个七天。
劲大	tɕiŋ5 ta5	放在动词、形容词后表程度增强:叫他给气~咧。/这山高得~,怕是上不去。/这道题难得~。/高铁快得~。
劲张	tɕiŋ5 tʂaŋ	形容某人受刺激后的样子:从他那个~上看,谁怕给惹得劲大咧。②力量:你~还没长圆呢,怕是拿不动。③做某事的兴趣:耍电脑游戏去~大得很,写开作业咧扽筋着呢。
甑糕	tɕiŋ5 kɔu	用糯米蒸成的黏米饭。蒸时米中放红枣、葡萄干、核桃仁等,吃时放蜂蜜或白糖。
甑笆子	tɕiŋ5 pa2 tsɿ	圆形,放在锅中,上面有排列整齐的小孔,利于蒸气通过,用来蒸热食物。
净子	tɕiŋ5 tsɿ	食用亚麻的一个品种。籽可榨油,为食用油主要来源。
轻省	tɕʰiŋ2 səŋ3	轻松:出咧一身汗,感觉一下~咧!
清	tɕʰiŋ	液体或气体纯净没有混杂的东西:这一回榨下的油~得很。②稀,汤多:面叶子做的~一些。也说“清清儿的”。
清明	tɕʰiŋ miŋ	节气之一。
清油	tɕʰiŋ2 iəu	从胡麻、大豆、花生中榨出的食用油。
清鼻	tɕʰiŋ2 pi	清水样的鼻涕:冻得人~淌呢么。
清汤寡水	tɕʰiŋ2 tʰaŋ kua3 ʂuei3	形容饭菜没有什么油水,过于素淡。
青伤红印	tɕʰiŋ2 ʂaŋ xuŋ iŋ5	指受击打后皮肤上出现的淤血印记。亲姊热妹tɕʰiŋ213tsɿ44ʐɤ213mei44形容姊妹之间亲密无间。
青麻叶	tɕʰiŋ2 ma iε	大白菜的一种。叶子大,下部深绿色,上部黄绿色。抱心,呈圆柱状。
青拌面	tɕʰiŋ2 pæ̃5 miæ̃5	西北常见的一种面食。是将面拉成长条
状	,	煮熟捞出,再将炒好的肉丁、青菜拌入面中:今儿个要干重活呢,咥上两碗~再说。
情	tɕʰiŋ	给人送的礼金或礼物:我忙着呢,你给我把~带着去算咧。
情义	tɕʰiŋ i	亲属、朋友之间的感情:不咧把事情做绝咧,你总还得顾及一些~呢么!②待人热诚、富有情感:这个小伙子~得很!③心意、礼物:这是娃娃的一点~,你收下。
秦腔	tɕʰiŋ tɕʰiaŋ	流行于西北各省的地方剧种。
秦太子	tɕʰiŋ tʰεi5 tsɿ	一种没有尾巴的山鼠。
勤苦	tɕʰiŋ ku	勤快:这个媳妇子~得很!
凊	tɕʰiŋ	动物脂肪融化而后遇冷凝结:羊油放咧一阵子,就~住咧。②引申为多管闲事:看你~嘛,和你有啥关系呢,真格是个~倯。
凊倯	tɕʰiŋ5 suŋ	指多管闲事之人。
拧车子	ȵiŋ tʂʰɤ tsɿ	指将麻、棉等纤维合在一起制成细绳的小工具。拧筋子ȵiŋ24tɕiŋ21tsɿ21指不按常规去为人处世的人。
拧筋武弦	ȵiŋ tɕiŋ vu3 ɕiæ̃	指做事不合情理或难以融入群体:那个人~的,谁都不爱连他粘!
拧拧子	ȵiŋ ȵiŋ tsɿ	做事偏执,和别人不一样:乜做啥一老~弄着呢。②将原本端正的东西弄歪斜:一个相架子好好地,弄成个~放下咧。
硬柴	ȵiŋ5 tsʰεi	烧火用的木柴,由木本植物的枝干劈成。
硬强	ȵiŋ5 tɕʰiaŋ	指物品质地坚硬或人的体格强壮。
硬帮	ȵiŋ5 paŋ	指人体格强壮。
硬扎	ȵiŋ5 tsa	(天气特别)冷。②迷信的说法,指某个地方有神鬼,人不宜居住:这个院子~得很,不能住人。
硬头骨抓	ȵiŋ5 tʰəu ku tʂua	给人生硬不舒服的感觉:柔和点,再不咧~的,那都是为你好么!
心境	ɕiŋ2 tɕiŋ5	心情:啥~么还看戏着呢!
心口子	ɕiŋ2 kʰəu3 tsɿ	指人胃靠近心脏的部分。
心大	ɕiŋ2 ta	心胸开阔,对不如意的事想得开:乜多亏~,不然都挺不过来。②粗心、马虎:这么长时间咧,人家~着连个电话给家里都不打。
心小	ɕiŋ2 ɕiɔu3	心胸狭窄,对不如意的事想不开:那是个~人,你多担待。
心宽	ɕiŋ2 kʰuæ̃	同“心大①”
心乏	ɕiŋ2 fa	没有干劲、精神萎靡不振。都~咧,这可咋办恰!心严ɕiŋ213ȵiæ̃24不开窍:叫他给钱,你真个~着呢!
心实	ɕiŋ2 ʂʅ	心眼儿实在:遇上咧几个~人。
心疼	ɕiŋ2 tʰəŋ	可惜:浪费的让人~呢!②可爱:小张的娃娃长得~很。③对(小孩子)亲吻等亲昵动作:让我~一下!
心闲	ɕiŋ2 ɕiæ̃	心里没事,不操心:你不让管我就不管,还落个~。
心不闲	ɕiŋ2 pu ɕiæ̃	操心:给咧个碎官官,到底弄咧个~的事。
心心思思	ɕiŋ2 ɕiŋ sɿ sɿ	有心思:说咧几句话以后都~的。
心屈义短	ɕiŋ2 tɕʰy i5 tuæ̃3	做事没有胸怀,缺少信义。
心严	ɕiŋ2 ȵiæ̃	心眼不开窍
芯芯子	ɕiŋ2 ɕiŋ tsɿ	物体中心的部分。
兴时	ɕiŋ2 sɿ	时兴。
兴许	ɕiŋ2 ɕy3	也许、可能。
寻驹	ɕiŋ tɕy2	马或驴发情。
寻犊	ɕiŋ tu	牛发情。
寻羔	ɕiŋ kɔu2	羊发情。
寻事	ɕiŋ sɿ5	给人故意找麻烦。也说“给事”。
寻病	ɕiŋ piŋ5	同“寻事”。
寻儿子	ɕiŋ εr tsɿ	哺乳动物发情。
寻死觅活	ɕiŋ sɿ3 miε xuɤ	闹着要死要活。多指用自杀来吓唬人。寻麻达ɕiŋ24ma24ta21找麻烦,找碴儿:动不动就给人~呢,我受够咧!
寻无常	ɕiŋ vu tʂʰaŋ	寻短见、自尽。
饧	ɕiŋ	面和好后放置一段时间使松软:面和好后让~上一阵子。性强ɕiŋ44tɕʰiaŋ24好胜心强,不肯落在别人后面。
信啥	ɕiŋ5 sa	任何东西。
信哪达	ɕiŋ5 na ta	任意一个地方。
信皮子	ɕiŋ5 pʰi tsɿ	信封。
信信儿的	ɕiŋ5 ɕiŋ5 εr ti	非常相信。
信猴	ɕiŋ5 xəu	猫头鹰。
囟门口	ɕiŋ5 mu kʰəu3	婴儿头顶骨未合缝的地方,在头顶的前部中央。
阴阳	iŋ2 iaŋ	专门从事替人看风水、死者入殓等职业的人。
阴死道	iŋ2 sɿ3 tɔu5	阴阳怪气、神秘兮兮之人。
阴死道道	iŋ2 sɿ3 tɔu5 tɔu	始终见不着阳光的巷道。
阴背	iŋ2 pei5	信息闭塞:在这个山大沟深的地方生活,越活越~。阴治iŋ213tʂʅ44暗地里陷害。
阴洼里	iŋ2 va5 ȵi	山的阴面。②背阴处。
喑哑	iŋ2 ia3	指除人之外的其他动物。
阴历	iŋ li	农历。
应名名	iŋ2 miŋ miŋ	假借各种名义:~说是给我买咧个车,实际上他一天开上耍上呢!
应灵声	iŋ2 liŋ ʂəŋ	指传播小道消息的人:△~大大,随屁风妈妈。
音音子	iŋ2 iŋ tsɿ	音信:说是有大地震呢,你听着啥~着吗?②话里面微露的意思:听话~是让咱们给他些钱呢。③口音:听他说话的~去,就像是个南方人。
因因子	iŋ2 iŋ tsɿ	事实依据、原因:人家这么说怕是有~呢。
鹰饱不拿兔	iŋ2 pɔu3 pu na tʰu5	比喻已满足不再需要。
赢人	iŋ ʐəŋ	指在某方面表现突出、得到大家的认可:这个活动小马的表演~得很!
蝇刷子	iŋ ʂua2 tsɿ	驱赶蚊蝇的用具,多用牛尾制成。
蝇末子	iŋ mɤ tsɿ	小蝇子。
迎面风	iŋ miæ̃5 fəŋ	顶风。
迎咧风咧	iŋ liε fəŋ2 liε	让风吹了。
引	iŋ	娶:他眼看着三十好几咧,还没~上媳妇,把人愁死咧。②引导、领:把你奶奶~上,她不认得路。
引火柴	iŋ3 xuɤ3 tsʰεi	指容易燃烧并能使煤或其他燃料燃烧的柴草。
引路鸡	iŋ3 lu5 tɕi	同“刨路鸡”。
引魂幡幡	iŋ3 xuŋ fæ̃ fæ̃	招魂幡。出殡时孝子在灵柩前打的纸制的幡。
急	iŋ3	大针脚地缝制,多用于有棉花的衣被:被儿就弄好咧,刚剩下一~咧。《广韵·隐韵》:“于谨切。缝衣相著。”
癊儿	iŋ3 εr	内心焦灼、有预感:这几天心里~着呢,你看就出事咧。《广韵·沁韵》:“于禁切。心中病。”
癊心	iŋ3 ɕiŋ	因思念、害怕而担心、怀疑:院里阴森森的,我咋有点~。
瘿瓜瓜	iŋ3 kua kua	地方病。甲状腺肿大形成拳头大小的肉瘤,多由缺碘致病。
影	iŋ3	视线、光线被遮蔽:前头的楼把一楼~着一天见不着太阳。影影子iŋ53iŋ21tsɿ21影子。
隐格子	iŋ3 kei tsɿ	小孩初学毛笔字时放在纸下模仿着写的字样子或“田字格”“米字格”等。
隐隐糊糊	iŋ3 iŋ xu xu	看起来或听起来不太清楚:太远咧,~的刚能看见个人影影。②感觉不太明显,隐隐约约:正睡着呢,~的试着头跟前站下一个人。
洇	iŋ	液体落在纸上向四周散开或渗透:这种稿纸一点都不好,笔一落在上面就~咧一大片。②浸泡:放些水把园子里的地~湿,过几天好种花。
印色	iŋ5 sei	印泥。
印板	iŋ5 pæ̃	通常是指为死者印制冥票而雕刻的木质模板。
应承	iŋ5 tʂʰəŋ	答应(做)。
应关	iŋ5 kuæ̃2	见“打关”。
冬麦	tuŋ2 mei	冬小麦。
冬至	tuŋ2 tsɿ	节气之一。
冬萝卜	tuŋ2 luɤ pu	萝卜的一个品种,易于冬天储存。
蹲	tuŋ2	引申为待在家中:整天~着个家里刚知道上网,莫说干点正经事。《广韵·魂韵》:“徂尊切。坐也。”
东傍个	tuŋ2 paŋ5 kɤ	东边:固原城~的山叫东岳山。
东头子	tuŋ2 tʰəu tsɿ	东边。
蹾	tuŋ	用手提(拿)起装有粉粒状物品的口袋或不整齐的纸张,不松手往下落地再拿起,反复几次,使其装结实或整齐。②人从高到低落下,肌肉受损:△癞蛤蟆跳门槛——连~尻子带伤脸。
揰	tuŋ	使脏乱:你看把卫生间~成个啥样子咧!②闯祸:这一下把麻达~下咧,看咋收场呢。
冻冻	tuŋ5 tuŋ	含有胶质的肉汤汁凝结成的半固体:把这些猪皮熬成~去。
冻死不下驴	tuŋ5 sɿ3 pu xa5 ly	比喻死守一个目标,不求变化。
冻脚挖手	tuŋ5 tɕyɤ va2 ʂəu3	形容因寒冷而缩手缩脚的样子。
洞洞	tuŋ5 tuŋ	小窟窿眼儿。
动筷子	tuŋ5 kʰuεi5 tsɿ	拿起筷子吃饭菜。
通共	tʰuŋ2 kuŋ5	一共、总共。
通信	tʰuŋ2 ɕiŋ5	当地婚俗。指男方确定婚期后请媒人向女方通报。
褪	tʰuŋ3	向内退缩而藏起来:天冷得很,没戴手套就把手~着袖子里。
齈鼻	nuŋ pi	黏稠的鼻涕。
嫩	nuŋ	初生而柔弱:吃苜蓿菜就要掐些刚长上来的~芽芽呢。②某些植物的茎叶、经过烹调后的菜和肉水分多,容易咀嚼:牛肉炒得~得很,多吃几嘴。
嫩面	nuŋ5 miæ̃	面容显得年轻、好看。
浓葱	luŋ tsʰuŋ	葱的一个品种。红皮,葱味儿非常浓烈。也说“红葱”或“臊葱”。
笼	luŋ	蒸笼:蒸馍馍的~是新买下的。②量词:过年咧,怕得蒸上三~馍馍。
笼布子	luŋ pu tsɿ	蒸馒头或其他面食时在箅子上铺的布。
笼子	luŋ3 tsɿ	用竹篾、树枝等编制成的器具,用来装东西。
笼笼	luŋ3 luŋ	同“笼子”。
笼襻	luŋ3 pʰæ̃5	笼子的弧形柄。
尊贵	tsuŋ2 kuei5	指在待人接物方面懂礼貌、识大体:人要知道~呢,不能由自己性子胡来!
尊抬	tsuŋ2 tʰεi	尊重、抬举:让我当小组长是大家~我。
尊护	tsuŋ2 xu5	尊敬:王老师是个受人~的好老师。
总管	tsuŋ2 kuæ̃3	红白喜事的总负责人。
皴	tsʰuŋ2	(皮肤)因受冻而裂开。
葱馍馍	tsʰuŋ2 mɤ mɤ	将嫩葱切成碎末,用面皮包裹,放在锅里烙成的饼。
从今往后	tsʰuŋ tɕiŋ vaŋ xəu5	从此以后。
寸	tsʰuŋ5	一点点挪动:车太多咧,只能往前~咧。
倯	suŋ	无能,怯场:小李真是个儾~,遇着事就~咧。②让人鄙视、憎恶的人:老张不但是个懒~还是个~沟子。《方言》卷三:“庸谓之倯,转语也。”《广韵·钟韵》:“息恭切。倯恭,怯貌。”
倯沟子	suŋ2 kəu tsɿ	指胆小之人。
松活	suŋ2 xuɤ	轻松:娃娃工作咧,你就能~一下咧!②病情好转:好好休养,慢慢就~咧!
松松垮垮	suŋ2 suŋ kʰua3 kʰua	结构不坚固,不紧密:砖墙砌得~的,风一吹就倒咧!②懒散、松懈、不紧张:一天~,哪达像个考大学的!
松塔塔	suŋ2 tʰa3 tʰa	松树的果穗,多为卵圆形,由许多木质的鳞片组成,里面有松子。
㞞	suŋ	精液。
笋子	suŋ3 tsɿ	莴笋。
损	suŋ3	不结实:现在的东西越做越~咧,一点都不牢实。
送	suŋ5	一种迷信活动,相当于送瘟神、送鬼。一般的用具是一碗水、三根筷子、少许吃的东西:你嫂子沾咧不对活咧,赶紧给~一下。
送纸	suŋ5 tsɿ3	当地丧俗。指亲戚朋友或街坊邻居亡故后,送上一些白纸供烧化以表示哀悼。
送寒衣	suŋ5 xæ̃ i	指农历十月初一为已亡故的亲人烧化纸制的衣服和冥票,以表怀念之情。
送女	suŋ5 ȵy3	当地婚俗。指在迎娶的头一天,女方设宴招待自家的亲戚朋友。
送大礼	suŋ5 ta5 li3	当地婚俗。指男女双方定亲商议好聘礼后,男方向女方送聘礼的活动。
中堂	tʂuŋ2 tʰaŋ	挂在房屋正面墙壁上的字画。
钟子碗	tʂuŋ2 tsɿ væ̃3	形状像钟一样的碗,个儿较小。
准当是	tʂuŋ3 taŋ sɿ	就当做是:给你打个电话~我看过你咧。
春麦	tʂʰuŋ2 mei	春小麦。
冲气	tʂʰuŋ2 tɕʰi5	给人带来霉运的运气。
冲气子	tʂʰuŋ2 tɕʰi5 tsɿ	指给人带来霉运的人。
重茬	tʂʰuŋ tsʰa	餐具用过后未清洗又重复使用。②早上起来没洗脸:~下个脸连人说话呢,真不好意思!
虫虫子	tʂʰuŋ tʂʰuŋ tsɿ	虫子。
瞤	ʂuŋ	让人丢脸、害臊:~得个我没处躲。②倒霉运:今儿个就~透咧。
瞤倯	ʂuŋ suŋ	使人倒霉或不受人欢迎的人。
顺顺子	ʂuŋ5 ʂuŋ5 tsɿ	与横相对,顺着:横横子放不下咧,~放下去。
顺毛孚	ʂuŋ5 mɔu pʰɔu	抚摸猫、狗等动物时得顺着它们的皮毛,比喻做事或说话时迎合对方的脾气或爱好。
顺竿竿爬	ʂuŋ5 kæ̃ kæ̃ pʰa	喻指借机顺势而上。
顺情说好话	ʂuŋ5 tɕʰiŋ ʂuɤ xɔu3 xua5	顺着别人的意思说话,以讨好别人。
瞤	ʐuŋ	眼睛因疲劳而处于半闭半睁状态:你看你眼睛~成啥咧,赶紧睡去!
闰年	ʐuŋ5 ȵiæ̃	阳历中二月为二十九日的年,有“四年一闰,百年不闰,四百年再闰”的说法。
闰月	ʐuŋ5 yɤ	特指农历每逢闰年增加的一个月。
润脸的	ʐuŋ5 liæ̃3 ti	泛指各种护肤品。
公干	kuŋ2 kæ̃5	公事:到这里来有啥~呢吗?
功紧	kuŋ2 tɕiŋ3	关键时刻:~咧你就亲自上!
攻榜	kuŋ2 paŋ3	供子女上学:老张一连~咧四个娃娃,明显老咧一截子。
拱北	kuŋ3 pei	伊斯兰教先贤陵墓。
滚咧	kuŋ3 liε	(水)烧开了。
滚边子	kuŋ3 piæ̃ tsɿ	在衣服、布鞋等的边缘缝制的一种圆棱的边儿。
滚蛋蛋	kuŋ3 tæ̃5 tæ̃	身体在地上滚来滚去。
滚刀心	kuŋ3 tɔu2 ɕiŋ	形容做事三心二意或拿不定主意的样子。
滚刀肉	kuŋ3 tɔu2 ʐəu5	本义为肉不好切,引申为某人圆滑。
滚水	kuŋ3 ʂuei	开水。
滚开水	kuŋ3 kʰεi2 ʂuei	同“滚水”。
滚铁环	kuŋ3 tʰiε2 xuæ̃	儿童游戏。用钢筋制成圆形的环和控制的钩,供小孩玩耍。
滚瓜溜圆	kuŋ3 kua liəu5 yæ̃	形容人胖的像大西瓜一样。
滚	kuŋ5	指布料因吸尘而易旧易脏:这个裤子带概不耐~,一点都不好!
棍棍子	kuŋ5 kuŋ tsɿ	小棍儿。
空肚子	kʰuŋ2 tu5 tsɿ	空腹。
空心里	kʰuŋ2 ɕiŋ2 ȵi	空着肚子,没吃东西。
空脚奓手	kʰuŋ2 tɕyɤ tʂa5 ʂəu3	手里什么也没拿。
啃	kʰuŋ3	一点儿一点儿地咬下来。
控	kʰuŋ5	使容器的口儿朝下,让里面的液体慢慢流出流尽。
荤油	xuŋ2 iəu	从动物脂肪中得到的食用油。
红事	xuŋ sɿ5	喜事。
红口白牙	xuŋ kʰəu3 pei ia	强调亲口所说,不容反悔或抵赖。
红萝卜	xuŋ luɤ pu	红色的胡萝卜。
红心萝卜	xuŋ ɕiŋ luɤ pu	一种绿皮红心的萝卜。
红桃	xuŋ tʰɔu	扑克牌中的红心。
红肉	xuŋ ʐəu5	红烧肉。
红胶泥	xuŋ tɕiɔu2 ȵi	红色黏土遇水后形成的泥巴。
红葱	xuŋ tsʰuŋ	同“龙葱”。
红蒜	xuŋ suæ̃5	大蒜的一个品种。蒜皮为红色。
红根子	xuŋ kəŋ2 tsɿ	一种野生的植物,根茎细长,根顶呈红色,可食用。
洪吃大喝	xuŋ tʂʰʅ ta5 xuɤ	比喻吃喝用度都很充足。
戆	xuŋ5	糊涂:那个人~着呢,说咧白说。《广韵·送韵》:“呼贡切。愚人。”
混交	xuŋ5 tɕiɔu	糊里糊涂的生活:一天在单位上就这么~着呢。②混杂在一起:把大的碎的~到一搭里算咧。
混天天	xuŋ5 tʰiæ̃ tʰiæ̃	混日子。
混坛场	xuŋ5 tʰæ̃ tʂʰaŋ	无目的地混杂在干正经事的人群里面。
混混	xuŋ5 xuŋ	指整日游手好闲、无所事事的人。
混着吃卷子	xuŋ5 tʂɤ tʂʰʅ2 tɕyæ̃3 tsɿ	跟在别人后面混吃混喝,混日子。
抡	lyŋ	因生气而不说话不理睬:人家~咧我好几天咧!
臚	lyŋ3	被抽打后皮肤上隆起的细条状肿块:一鞭子下去,胳膊上就起咧一道~。
军师	tɕyŋ2 sɿ	(动词)参谋、出主意:把你请着来,就是为咧给我~一下。
穷倯	tɕʰyŋ suŋ	全都想占为己有,但又显得寒酸吝啬。
穷倯鬼	tɕʰyŋ suŋ kuei3	富有但又寒酸吝啬之人。
穷汉家	tɕʰyŋ xæ̃ tɕia	穷人。
穷家富路	tɕʰyŋ tɕia fu5 lu5	平时在家可节俭,外出远行必须从宽打算,要多带财物备用。
焪	tɕʰyŋ	一种煮熬的方式。即将所煮之物放入锅中,加入适量凉水,烧开后用文火将水烧干,食物也就熟了:锅里煮的洋芋叫再~一阵子。②引申为天气闷热:天气~得很,怕是下雨恰。《广韵·送韵》:“去仲切。火干物也。”
焪焪	tɕʰyŋ3 tɕʰyŋ	也说“洋芋焪焪”。做法是将土豆去皮切成条状并用水煮,然后将面粉均匀撒入不停搅拌,用文火将水烧干焪熟即成。
胸叉	ɕyŋ2 tsʰa	羊胸骨:叫上上个~,咱们两个美美吃一顿。
凶躁	ɕyŋ2 sɔu5	强、狠、厉害:土耳其足球~着呢,夜晚上差点把德国队给放翻咧。
训	ɕyŋ5	生气而不理睬:我连他~着呢,你给他说去。
训板	ɕyŋ5 pæ̃3	同“训”。
溷气	ɕyŋ5 ɕi	肉或带荤腥的菜肴变质发出异味儿。
壅	yŋ	把土或肥料培在植物根上。②引申为给人说好话,戴高帽子:那个人让人~咧一顿,就不知道自己姓啥咧。③怂恿:让人~上直接找领导去咧!《广韵·用韵》:“居用切。加土壅田。”
壅脖	yŋ2 pɤ	马、驴、骡拉车或碾场时,套在牲口脖子上的圈状物。用皮革或布制成,内装麦秸。②对人所戴围脖儿的戏称。
壅洋芋	yŋ2 iaŋ y5	违心的夸赞某人或怂恿某人做某事。
云里雾里	yŋ ȵi vu5 ȵi	形容糊里糊涂、摸不着头脑的样子。
星宿	ɕiŋ2 ɕiou5	星星
